keywords,pv,uv
月考,1523,223
武汉 3月 调研 2026,582,192
物理,821,190
一模,1317,187
数学,959,157
化学,682,135
英语,613,117
武汉三调,369,107
深圳 022026一模,384,107
第一次月考,650,102
南昌 026高三一模,370,101
导数,294,100
语文,363,94
生物,377,92
深圳一模,298,83
广州一模,291,81
苏锡常 2026 高三一模,244,78
二模,391,74
青岛 023 2026高三 一模,198,63
地理,221,61
青岛一模,208,60
中考,220,58
哈三中,244,58
成都七中,213,58
武汉,213,58
安庆二模,327,57
成都二诊,420,57
苏锡常镇,243,56
苏锡常镇 2026高三一模,178,56
历史,212,53
数列,141,53
深圳,201,52
皖北协作区,249,51
广 东 2 0 2 6 一模,170,50
政治,217,50
日语,205,49
广东一模,194,48
南昌一模,166,46
高考,123,46
一模2026,258,45
江南 10 十校,129,44
深圳 一模2026,141,44
巴蜀中学,258,43
C20,272,42
江南十校,133,41
金丽忂12校,132,40
南通,139,39
学易金卷,245,39
皖北协作区2025高三,187,39
免费,99,38
广东 一模 2026,106,38
广州 一模 2026,142,38
武汉 三调 2026 数学,95,36
九师联盟,142,35
期中,250,35
三角函数,89,33
重庆八中,254,33
巴蜀,281,32
竞赛,202,32
长郡,96,31
2026,352,30
苏北七市,94,30
天一,131,29
浙江,104,29
苏北七市二模,115,29
苏锡常,115,29
赣州一模,72,29
高三一模,150,29
C20 2025 2026学年九年级第一次学业水平测试,83,28
广东,87,28
听力,130,27
广 州 2 0 2 6 一模,89,27
广州,78,27
镇海中学,84,27
作文,103,26
圆锥曲线,51,26
广州 1 模,113,26
成都 2诊,110,26
排列组合,55,26
辽宁名校联盟,92,26
名校联盟,106,25
天一大联考,106,25
江苏,88,25
深圳中学,70,25
重庆,114,25
雅礼中学,109,25
哈九中,62,24
期末,141,24
湖北,145,24
语法填空,75,24
一模 2025,145,23
东北师大附中,81,23
南通二模,70,23
数 学,156,23
月 考,116,23
高三,177,23
宁波 十校 2026届高三3月联考,67,22
成都,141,22
济南 026高三一模,50,22
试卷,139,22
课件,138,22
辽宁,94,22
2026 0 1 一 卷浙江首考,58,21
东北三省三校,51,21
安庆 二模2026,81,21
江西,113,21
深圳 022026一模 数学高三,44,21
荆州2026高三三月调考,150,21
辽宁省实验中学 东北师大附中 哈尔滨师大附中2026年高三第一次联合模拟考试,74,21
青岛,72,21
单招,83,20
南开中学,76,20
向量,50,20
哈尔滨,61,20
山东,92,20
烟台 023 2026高三 一模,41,20
联考,72,20
解三角形,62,20
长郡中学,86,20
雅礼,73,20
高一下第一次月考,106,20
2026广州一模,70,19
3月月考,117,19
九校联考,72,19
八中,160,19
南昌,89,19
宁波十校,69,19
山东省实验中学,90,19
成都 二诊 2026,83,19
武汉 0 1月 调研,57,19
武汉 三调,73,19
浙江 026届 高三,75,19
湖南,68,19
潍坊,114,19
皖北协作 2025 高三,64,19
苏锡常镇025高三一模,47,19
邵阳市2026届高三二模,176,19
高一下月考,74,19
3月,100,18
人大附中,54,18
八省联考,41,18
六年级下学期阶段检测,58,18
南通 026高三一模,65,18
合肥一模,51,18
扬州 026高三一模,37,18
新阵地,62,18
月考 3月,139,18
月考卷,124,18
淄博 023 2026高三 一模,53,18
湖南 026届 高三九校,47,18
七年级下学期阶段检测,58,17
临沂 2026 高三一模,48,17
二次函数,42,17
八年级下学期阶段检测,70,17
学军中学,71,17
山东 1 2026高三一模,44,17
扬州,72,17
武汉 3月 调研 2026 高三 数学,33,17
石家庄,51,17
石家庄 一 模 2026 高三,80,17
石家庄一模,67,17
经典常谈,43,17
辽宁省实验中学,67,17
重庆一中,67,17
金太阳,85,17
青桐鸣,71,17
c20,55,16
东北育才,45,16
南京,69,16
南京师范大学附属中学,62,16
压强,51,16
哈三中2026年高三学年第一次模拟考试,56,16
基因工程,54,16
塘沽一中,46,16
安徽,49,16
安徽第一卷,79,16
广州 一模 2026数学,29,16
河南,37,16
济南一模,47,16
浙江 1 2026高考,36,16
温州 1 5模,40,16
潍坊一模,67,16
百师联盟,45,16
福州,72,16
立体几何,35,16
英语听力,53,16
金丽忂12校2025 2026学年高三第一次联考,37,16
金丽衢,62,16
高三英语,53,16
一摸,47,15
七中,64,15
上好课,57,15
专题,86,15
佛山,41,15
南昌一摸2026,94,15
南通1 5模,41,15
合肥,78,15
合肥一中,49,15
唐山2026一模,44,15
学考,75,15
导数 023专题一轮复习,29,15
山东阶段检测,45,15
师大附中,40,15
恩施州2026届高三第二次质量监测,62,15
武 汉 市 2 0 2 6 届 三月 调 研 考 试,53,15
武汉三月调研,31,15
毕节市2026届高三年级第二次适应性考试,95,15
泉州,66,15
深圳 022026一模 英语,22,15
电磁感应,45,15
第一次 月考,84,15
苏州,49,15
西南大学附属中学,98,15
高三语文,61,15
黑龙江,52,15
2025 0 1全国1数学真题,36,14
中考一模,90,14
临沂一模,31,14
九五高中协作体,46,14
函数,32,14
北京,107,14
厦门,51,14
圆,39,14
大连24中,39,14
宁波 026高三十校,36,14
宜宾二诊,35,14
导数 2025 常考大题归纳综合一轮复习,25,14
平面向量,41,14
成都 七中,68,14
成都 二诊 2025届,40,14
扬州中学,88,14
武汉二调,55,14
江南 十校,41,14
河南五市一模联考卷,76,14
浮力,49,14
深圳 02026深圳一模,33,14
深圳 一模,46,14
深圳 一模 2026,27,14
皖智 安徽第一卷,34,14
福建,61,14
结课考,113,14
自主招生,65,14
苏锡常镇一模,56,14
辽宁省名校联盟,83,14
道法,47,14
齐齐哈尔2026一模,57,14
龙岩2026高中毕业班三月教学质量检测,56,14
2026南昌一模,57,13
T8,26,13
三省三校,48,13
九省联考,30,13
免费的试卷,45,13
南开,50,13
南昌一模2026,76,13
历史一模,43,13
合肥168,30,13
哈三中 2026高三第一次模拟考试,25,13
圆周运动,29,13
天一中学,32,13
天津阶段检测,52,13
导 数,27,13
必刷题,32,13
扬州一模,33,13
日照一模,46,13
杨村一中,57,13
概率,37,13
武汉 3月 调研 2026物理,17,13
武汉市 2026届高三毕业生三月调研考试,34,13
毕节二诊,74,13
江南 10 十校 3月份 联考2025高三,40,13
河南省实验中学,54,13
生物 1轮复习,30,13
第一单元,33,13
聊城 2026高三 一模,31,13
衡水中学,33,13
赣州1模,22,13
鄂尔多斯市一模2026,72,13
重庆巴蜀中学,40,13
长沙,52,13
零模,42,13
高考真题,51,13
2025高考,21,12
2026年深圳市高三年级第一次调研考试,28,12
一 模,48,12
一中,51,12
八中 重庆,65,12
华南师范大学附属中学,39,12
合肥 1 模,36,12
名校协作体,34,12
哈九中 2025 2026 学年度高三,37,12
哈九中 2025 2026 学年度高三第一次模拟试题,40,12
天 一大联考,49,12
天一 大联考,53,12
天津,139,12
小升初,52,12
常州,45,12
广 东 2 0 2 6 第一次调研考试,29,12
成都 七中二诊模拟2026届,48,12
摩擦力,39,12
数学月考,71,12
有机化学,23,12
武汉 三调 2026,30,12
汕头一模,32,12
河北,60,12
泰州,41,12
浙江强基联盟,28,12
生地会考真题,45,12
皖北协作,23,12
苏北四市,32,12
英语 听力2025 含听力材料及录音,72,12
读后续写,30,12
长春 2026 一模,26,12
青岛 2026高三 一模,36,12
高三数学,38,12
高二下学期第一次月考,58,12
3 3 3联考西南联盟,49,11
三月月考,68,11
东营 2026高三一模,23,11
二项式定理,23,11
会考,44,11
化学高一下学期第一次月考,44,11
南通一模,55,11
合格考,63,11
合肥168中学,24,11
哈尔滨市第三中学,71,11
哈尔滨市第九中学,36,11
哈尔滨第三中学,38,11
四边形,28,11
大连市第二十四中学,34,11
好题汇编,45,11
安徽C20九年级26年一模卷,43,11
完形填空,38,11
导数专题,39,11
山东一模,46,11
数学导数 专题,20,11
数学竞赛,59,11
新高考1卷,22,11
无锡,51,11
月考 1 2单元,48,11
月考3月,62,11
杭州二中,36,11
武汉 三调 2026 英语,18,11
济宁一模,31,11
浙江首考,26,11
海安高级中学,43,11
炎德英才,39,11
炎德英才大联考,35,11
物理月考,41,11
苏锡常202 5高三一模,26,11
苏锡常镇 2026 高三一模,35,11
英語,58,11
计数原理,37,11
赣州一模2026,42,11
赤峰市320,69,11
遗传,34,11
邯郸一模,53,11
鄂尔多斯一模2026,68,11
重庆巴蜀,36,11
金考卷,26,11
长沙市一中,37,11
青岛 一模 2026,27,11
青岛一模2026,27,11
高 一下3月份月考,86,11
高一下3月月考,57,11
高一下学期第一次月考,44,11
高三一模2026,57,11
高三化学,51,11
高二下,32,11
高二下第一次月考,97,11
2025 0 1 1卷 数学,19,10
2026 武汉 03月 调研,31,10
2026年广州市普通高中毕业班综合测试 一,42,10
4月,51,10
三模,55,10
上海,64,10
上海阶段检测,88,10
二次根式,46,10
二诊,40,10
免费下载,25,10
内蒙古,39,10
化学 1轮复习,19,10
单词,27,10
合肥 1中,40,10
周测,55,10
哈 三 中 2 0 2 5 2 0 2 6 学 年 度 三 学 年 期 中 考 试,18,10
哈尔滨第九中学,20,10
哈师大附中,38,10
四校联考,61,10
安庆2026二模,35,10
安徽省 C20 教育联盟2026年九年级第一次学业水平检测,25,10
工艺流程,16,10
广东省一模,51,10
广东阶段检测,44,10
广西,31,10
必刷题 2025电子版,18,10
成都市2022级高中毕业班第二次诊断性检测,42,10
排列 组合常见题型18,14,10
数学一模,61,10
树德中学,43,10
武汉 0 1月 调研 数学高三,23,10
武汉 0 2月调 高三,17,10
武汉市2026届高中毕业生三月调研考试,29,10
江淮十校,29,10
沈阳,50,10
波,20,10
浙江1月,27,10
深圳 一模2026数学,15,10
湖北八市联考,21,10
湖南 025 届 长郡 二十校联盟,17,10
湖南师大附中,36,10
湖南师范大学附属中学,36,10
潍坊 023 2026高三 一模,26,10
潍坊一模 2026,35,10
物理竞赛,38,10
百校联赢,31,10
知识点,21,10
石家庄二中,31,10
福州一中,36,10
答题卡,21,10
组卷网,37,10
苏北七市一模,33,10
苏州中学,43,10
英语作文,23,10
菏泽 一模 2026,22,10
西南名校联盟,51,10
语文作文,23,10
语法填空 100篇专项训练,28,10
道德与法治,38,10
金华十校,30,10
青岛 023 2026高三 一模 英语,22,10
高一下,45,10
高三物理,29,10
高二,40,10
高二 下学期 3月考,43,10
高二下月考,130,10
高考数学,27,10
2025 0 1全国1一卷英语卷高考,15,9
2025天津3月高考英语真题,21,9
2026一模,32,9
2026青岛一模,60,9
C20 20 2026学年九年级第一次学业水平测试,31,9
PPT,29,9
T8联考,16,9
Z20,27,9
一模卷,33,9
一次函数,27,9
上海中学,35,9
不等式,26,9
中考 02026 一轮复习,32,9
中考一模2026,27,9
中考数学,21,9
二中,28,9
云学联盟,43,9
八年级下学期期中,38,9
兰州1 诊2026,31,9
内江二模,59,9
动量,22,9
化学有机,17,9
北京阶段检测,27,9
华师一附中,22,9
南京盐城,20,9
南开中学重庆,19,9
南通中学,24,9
压轴,26,9
压轴题,45,9
合肥 一模 2026,20,9
合肥八中,36,9
哈三中一模,20,9
哈三中高三一模,25,9
唐山一模,20,9
宁波 十校,22,9
安庆二模2025,37,9
安庆市2026高三二模,22,9
安徽 A 10联盟,20,9
实验中学,18,9
山东名校考试联盟,38,9
广一模,24,9
开学考,32,9
成都 二诊,38,9
成都二 诊2 026届,37,9
抚顺一模,23,9
排列 组合,16,9
机械振动,18,9
机械波,24,9
杭州学军中学,24,9
极值点偏移,21,9
模拟,34,9
模考,49,9
江南 10 十校 10月份 联2026高三下学期2月开学考,25,9
江西师大附中,33,9
江门一模,42,9
沈阳 1模,22,9
泰安2026高三一模,18,9
济南,41,9
浙江Z20,15,9
深一模,23,9
清华附中,22,9
温州,21,9
点石联考,35,9
烟台,28,9
百强校,17,9
皖智教育,34,9
空间向量,20,9
简谐运动,18,9
红桥区结课考,54,9
组卷,21,9
育才,32,9
苏北 026高三一模,43,9
英语高三,29,9
荆州市2026届高三3月调研考试,35,9
衡水,29,9
衡水金卷,20,9
辽宁10名校联盟,25,9
邯郸,21,9
配速法,16,9
镇江,34,9
阅读,21,9
阅读理解,32,9
青岛一模英语,19,9
青岛二中,21,9
高一,74,9
高考卷,30,9
齐齐哈尔一模,29,9
2023,19,8
2026年高三第一次联合模拟考试,23,8
2026广东一模,37,8
4月月考,41,8
A10联盟,39,8
C20 2025 2026学年安徽省九年级第一次学业水平测试,30,8
T 8 12月联考,20,8
t8,21,8
一模数学,18,8
七年级下册,14,8
七年级下册第一次月考,67,8
上海交通大学附属中学,42,8
东北三省 2026高三第一次模拟考试,22,8
东北师范大学附属中学,26,8
中山一模,53,8
中考真题,24,8
九五联考,33,8
九年级,56,8
二年级下学期阶段检测,33,8
五市联考,39,8
作文素材,21,8
俄语,27,8
信息技术 2025 学业水平测试,38,8
八下月考,30,8
八下物理,37,8
八下第一次月考,49,8
十校联考,32,8
南开 重庆,12,8
南昌 026高三一模数学,18,8
南通 1 5模 202 6 高三数学,17,8
南阳 026高三一模,34,8
厦门一中,21,8
厦门双十中学,15,8
反比例函数,16,8
吉林,67,8
同分异构体,15,8
向量单元测试,26,8
周测卷,28,8
呼和浩特市2026年高三年级第1次模拟考试,19,8
哈3中,19,8
四川,22,8
大湾区,20,8
大连一模,20,8
大连育明,19,8
天1大联考,18,8
天津英语高考,14,8
学 易金卷,58,8
导数大题,17,8
平面向量 025一轮专题,13,8
广 东 省 2 0 2 6届 一模,18,8
广 州 2 0 2 6届 一模,26,8
广州一模 2025,25,8
广州一模英语,12,8
强基联盟,43,8
徐州,16,8
悟理,13,8
成都市第七中学,16,8
数学导数,21,8
杭州,19,8
楚天协作体,57,8
模拟卷,26,8
武 汉 市 2 0 2 5届 高中 毕 业 三 月调 研 考 试,17,8
武汉调研,36,8
汕头,49,8
汕头 202 6一模,20,8
汕头 一模2026,20,8
江淮名卷,32,8
江苏九校联考,16,8
江苏阶段检测,16,8
河东2026一模,28,8
河东一模,45,8
泉州五中,44,8
泰安一模,31,8
深圳市1模2026,23,8
深圳市高三年级第一次调研考试,20,8
深圳第一次调研,21,8
烟台 026高三一模,25,8
烟台一模,23,8
物理 01 新中考 卷 新题 型 结构 学易金卷 2024 年 中考 考前 押题 密卷 2025 零一 二零二四 二零二五,22,8
物理一模2026,26,8
物理中考,23,8
理综,23,8
理综合卷,18,8
理解性默写,16,8
生地会考2025中考题,34,8
皖智教育2026年安徽中考信息交流试卷,13,8
第二单元,24,8
聊城一模,18,8
苏北四市 026高三一模,24,8
苏锡常 2026,31,8
荆州,18,8
莆田,32,8
菏泽一模,26,8
辽宁 0 名校 联盟3月份,20,8
酸碱盐,25,8
重庆中考,19,8
金丽衢十二校,79,8
阅读 100篇专项训练,29,8
陕西,33,8
高 一 下学期2025 2026 数学试卷第一次月考,26,8
高三年级3月学习质量综合评估,43,8
高中3500 词汇背诵word版,17,8
高二下学期,30,8
高二数学,25,8
高考英语,16,8
黄冈,31,8
2026 0 1 一 卷浙江首考 英语,15,7
2026 深圳 高三 第一次调研,13,7
2026届高三开年大联考,15,7
2026年合肥市高三第一次教学质量检测,15,7
2026年学科素养评价练习,27,7
2026年普通高等学校招生全国统一考试,19,7
2026石家庄一模,40,7
2026苏锡常镇一模,26,7
A10,20,7
G12,19,7
G12名校协作体,19,7
一模 2026,35,7
一模 2026 高三数学,19,7
一轮复习,20,7
三校联考,22,7
三角 函数025一轮专题,14,7
东北 2025 2026 师大附中,12,7
云南省新高考自主命题冲刺金卷一,17,7
五校联考,23,7
佛山一模,27,7
免费专区,13,7
全国100所名校高考模拟示范卷,18,7
全国100所名校高考模拟示范卷2026,29,7
八下数学,30,7
八下物理第一次月考,14,7
内江市2026届二模,13,7
力与运动,17,7
化学一模,14,7
化学选修二,12,7
北京四中,16,7
十二校联考,30,7
单招2025真题数学,20,7
历史 01 一轮复习,14,7
历史01一轮复习知识点归纳,20,7
发酵工程,16,7
吉安一模,37,7
听力 100篇,19,7
哈六中,20,7
哈尔滨 1月份 2026一模,15,7
因式分解,14,7
地理一模,17,7
大庆实验,22,7
大庆实验中学,21,7
大连市一模,25,7
天津一中,18,7
天津高考,14,7
学2026易金卷,25,7
学军,21,7
宁波,19,7
安徽江南十校,13,7
宜宾二诊2023级,15,7
宝鸡二模,26,7
山西,23,7
广 东 2 0 2 6 一模数学,12,7
广一 模2026,11,7
广东中考,13,7
广州 一模 2026英语,11,7
广州1模2026,25,7
广州一模2026,37,7
广州一模化学,13,7
广州一模数学,11,7
广州市普通高中毕业班综合测试 一,33,7
张家口一模,46,7
德州一模,18,7
怀文中学3月份月考试卷,28,7
成都 2诊2026届高三二诊,23,7
成都七中2026届二诊模拟测试,18,7
成都七中二诊模拟,18,7
成都石室中学,20,7
成都石室中学二诊模拟考试,15,7
排列与组合,28,7
武汉 0 1月 调研 2026,18,7
武汉 3月 调研 2026 高三,14,7
武汉三调化学,8,7
江西省重点中学协作体2026届高三第一次联考,25,7
沈阳120中学,18,7
河南天一大联考,15,7
河西区,21,7
济宁,15,7
济宁 025高三一模,17,7
济宁 一模2026,17,7
浙江省新阵地教育联盟2026届第二次联考,15,7
温州 1 5模2026,14,7
湖南天一大联考2026高三,17,7
炎徳英才大联考2026届高三,10,7
物理试卷,33,7
生地会考,30,7
生物 1必背知识清单,13,7
生物必修二,17,7
省实验,18,7
石室中学,20,7
福州 2026高三二检,13,7
精诚联盟,26,7
结课,84,7
聊城,25,7
自贡二诊,24,7
苏北,25,7
英语一模,19,7
英语作文 100篇范文,17,7
英语试卷,27,7
莆田市2026届高中毕业班第2次质量调研测试试卷,15,7
葫芦岛一模,25,7
蜀道难,12,7
襄阳四中,23,7
解析几何,16,7
赣州,15,7
辽南协作体,20,7
辽宁省名校联盟2026年高考模拟卷 调研卷,49,7
辽宁省实验,17,7
辽宁阶段检测,22,7
选择题,30,7
邯郸一模2026,18,7
邵阳市二模,45,7
鄂州市高三三月质量监测,23,7
重庆 八中,46,7
重庆南开中学,23,7
重庆市第八中学,34,7
重庆第一中学,23,7
重庆育才中学,15,7
金陵中学,11,7
长郡 02 5 高三 月考,21,7
雅礼2026届高三月考试卷答案,18,7
青岛一模数学,12,7
靖江,33,7
高 一,26,7
高一下月考数学,16,7
高一下第一次月考数学,29,7
高二下期中,28,7
高二下第一次月考数学,33,7
高考语文,13,7
鸿门宴,14,7
黄石市2026年3月高三年级模拟考试,15,7
齐齐哈尔,24,7
齐齐哈尔市一模,16,7
126中学 沈阳,16,6
2025 英语1卷 全国新高考1卷真题,15,6
2025苏北七市二模,27,6
2026 年深圳市高三年级第一次调研考试,9,6
2026 浙江 1 首考英语,12,6
2026安庆二模,31,6
2026届新高三学情摸底考,63,6
2026年广州市普通高中毕业班综合测试,13,6
2026济宁一模,39,6
2026深圳一模,14,6
3+3+3,30,6
ppt,29,6
一单元,27,6
一年级下学期阶段检测,16,6
一课一练,23,6
七下第一次月考数学,15,6
七年级下学期期中,24,6
七校联考,14,6
万唯2026试题研究,9,6
万有引力,17,6
三角恒等变换,21,6
上饶市2026届高三一模,20,6
东三省2025 2026高三第一次模拟考试,12,6
东北育才 2026高三第一次模拟考试,10,6
东营 一模 2026,10,6
中考化学,10,6
中考模拟卷,41,6
中考英语,11,6
九中,24,6
九五高中协作体2026届高三山东三月,19,6
九年级下学期中考模考,18,6
云南,27,6
五市联考河南,24,6
佛山 一模,12,6
全品,12,6
全国100名校单元测试示范卷2026,11,6
六校联考,11,6
内江二模2026届,24,6
几何,19,6
动能定理,18,6
勾股定理,22,6
包头一模,21,6
包河区,21,6
化学中考,9,6
化学月考,13,6
化学试卷,25,6
化学选择性必修2,12,6
华附,26,6
单元卷,23,6
南宁,52,6
南平,24,6
南昌二中,17,6
卷,29,6
厦门 1月质检,14,6
厦门外国语学校,17,6
厦门第一中学,24,6
受力分析,26,6
变压器,11,6
合肥168中学2026届高三3月份规范性,16,6
合肥市2026届高三第一次教学质量检测,16,6
名校,20,6
听力 100篇专项训练,18,6
和平一模,55,6
哈 三 中,11,6
哈三中一模2026,16,6
哈三中高三一模2026,13,6
哈尔滨 1月份 2026期末,7,6
哈尔滨市第六中学,35,6
哈尔滨师范大学附属中学,16,6
哈师大东北师大辽宁省实验中学联考2026,11,6
四川阶段检测,16,6
地生会考2025真题,18,6
复旦大学附属中学,20,6
大湾区一模,24,6
大连,21,6
天 一 3月 2026安徽,17,6
天 一 3月 2026高三,14,6
天 一 大联考 1月 2026安徽,12,6
天 一 大联考 3月 2026,33,6
安庆二模数学,12,6
安徽天一大联考,23,6
安徽第一卷2026信息交流卷,28,6
安阳二模,17,6
实验,20,6
导数 0 专题,10,6
小学学霸作业本,19,6
山东 0 3月 调研 2026 高三,13,6
山东 一模 2026,30,6
山东七年级下学期阶段检测,16,6
山东青岛一模,18,6
广东一模 2025,16,6
广东一模2026,37,6
广东一模数学,16,6
广东七年级下学期阶段检测,27,6
广州 0 模,14,6
广州一模物理,9,6
广州一模语文,6,6
广州市,34,6
广州市一模,19,6
延边二中,21,6
强基,12,6
德强,15,6
德阳二诊,47,6
成都 1 诊,15,6
成都 10月月考七中,23,6
成都一诊,13,6
成都市2023级高中毕业班第二次诊断性检测,56,6
执信中学,15,6
政治必修三,14,6
数学高二下,15,6
数学高二下三月第一次月考,14,6
新阵地 2026,12,6
月考试卷,27,6
月考高一下,16,6
机械能守恒,15,6
条件概率,14,6
树人,89,6
步步高,28,6
武汉 0 3月 调研 2026,11,6
武汉2026三调,16,6
武汉三调英语,10,6
江淮名卷2026安徽中考一轮复习卷,20,6
江门一模2026,19,6
沈阳一模,23,6
沈阳二中,13,6
河东区,20,6
河南一模2026,24,6
河西一模,21,6
泉州市2026届高中毕业班模拟考试 一,16,6
泸州二诊,11,6
济宁 2026高三 一模,28,6
浙江 1月 2026高考,17,6
浙江 1月 首考2026高考,8,6
浙江 强基 3月 高三,12,6
浙江 首考1月2026,7,6
海南中学,21,6
海南四校联考,15,6
海门中学,14,6
深圳 022025一模,7,6
深圳 一模 1 2026英语,12,6
深圳 高三第一次调研2026,18,6
深圳一模语文,15,6
湖北 高三,9,6
湖北八市联考 2026高三三月联考,21,6
湖北省十一校,13,6
湖南师大附中 2 0 26届高三 月考卷 三,21,6
湘一名校联盟,20,6
滨州026高三一模,13,6
烟台一模英语,7,6
物理专题,11,6
物理期中,15,6
物理高一下学期第1次月考,11,6
物理高二下,14,6
生物会考,14,6
生物竞赛,39,6
电学,17,6
电磁感应大题,8,6
百校联赢2026一模安徽,48,6
皖北协作区 2025 高三 化学,6,6
省实验四诊,11,6
知识清单,15,6
石家庄质检一,25,6
福州 1月份市质检,15,6
科学,21,6
空间向量与立体几何,8,6
第一次月考卷,94,6
红楼梦,19,6
绵阳中学,12,6
绵阳南山中学2023级高三第五次教学质量检测,10,6
耀华中学,19,6
聊城 一模 2026,11,6
育明,19,6
自招,24,6
苏北四市一模,13,6
苏锡常 2026 高三一模物理试卷,12,6
苏锡常镇 026高三一模,15,6
英语 作文2026高考必背句型,9,6
英语语法填空,16,6
英语语法填空2025专项练习,13,6
英语阅读理解,15,6
英语高频词汇,10,6
荆州3月调考,34,6
菏泽 023 2026高三上 一模,18,6
衡水 02024 先享题 2026试卷,17,6
衡水 金卷 02026 先 享 卷,20,6
衡水二中,9,6
裕华区2026初三模拟,17,6
西南名校联盟2026届 3 3 3 高考备考诊断性联考,8,6
计数原理 19大题型,8,6
计算,15,6
计算 100专项训练计算专项,13,6
语文作文 2026备考素材作文,11,6
语法,44,6
贵州,23,6
辽宁 名校联盟2026 3月模考,13,6
辽宁一模,33,6
辽宁省葫芦岛市高三第一次模拟考试,69,6
辽阳一模,13,6
邵阳二模,15,6
酸 碱 盐,18,6
重庆 0224巴蜀,14,6
重庆市第一中学,17,6
金丽忂12校2025学年高三第二次联考,20,6
金丽衢十二校 2025学年高三第二次联考,22,6
银川一中,21,6
长乐一中,34,6
长沙 026高三一模,14,6
长沙市2026年高三年级模拟考试,13,6
长郡一模,35,6
集合,27,6
青岛 一模,8,6
高 考,14,6
高 考 2025高考真题,14,6
高一下学期月考,48,6
高一下数学,20,6
高三政治,38,6
高三第七次质量检测,21,6
高二下数学月考,11,6
高二下物理第一次月考,15,6
高二下生物月考,14,6
高新一中,26,6
黑龙江省实验中学2026届高三学年联合模拟考试,12,6
黑龙江阶段检测,30,6
龙岩市2026高三毕业班3月质量检测,14,6
2023级高三第二次模拟测试,15,5
2024,16,5
2025 0 1 1卷 数学 真题,11,5
2025 年0 1卷 全国1卷,9,5
2025南京一模,9,5
2025年安徽省示范高中皖北协作区27届联考,13,5
2025皖北协作区,17,5
2025苏北七市二模物理,15,5
2025贵州省适应性考试,13,5
2026 广州市普通高中毕业班综合测试,14,5
2026 武汉 03月 调研 数学,6,5
2026届广州市高三年级调研测试,7,5
2026年全国高考冲刺压轴卷一,21,5
2026年高三年级第一次适应性检测,14,5
2026广州一模数学,8,5
2026广州一模物理,6,5
2026广州一模语文,16,5
2026高三一模,24,5
2026高考第二次模拟考试,9,5
3月份月考,23,5
3月月考试卷,26,5
C20 20 2026学年九年级二模,15,5
C20 2026学年安徽省九年级第一次学业水平测试,25,5
C20安徽一模,19,5
HUN202603,8,5
T 8,21,5
Z20 名校2025高三第二次联考,7,5
Z20 浙江名校联盟2026届高三第二次联考,12,5
Z20名校联盟,12,5
a10,9,5
一 元二次方程100道典型例题,10,5
一元一次方程,14,5
一模物理,9,5
一诊,17,5
七选五,17,5
七选五 100篇,14,5
万唯,8,5
三明1月25 26初三质检,11,5
三省三校 黑龙江哈师大附中 东北师大附中 辽宁实验中学 2025 2026数学,18,5
三角函数专题,9,5
三角函数单元测试,6,5
三角形,10,5
上海八年级下学期阶段检测,21,5
专项,15,5
东北三省,15,5
中原名校联盟,21,5
中国人民大学附属中学,21,5
乌鲁木齐,18,5
乌鲁木齐二模,13,5
九师 联盟,20,5
九师联盟026高三三月,14,5
九年级一模,25,5
九校,13,5
九江一中,12,5
九江市2026年第一次高考模拟统一考试,17,5
二元一次方程,12,5
二模 2025,19,5
二模 2025分类汇编,31,5
五年级下学期阶段检测,23,5
交变电流,9,5
人大附,8,5
仪征,20,5
会考 20 25年普通高中学业水平考试,8,5
佛山 一模2026,15,5
作文范文,18,5
俄语 2025高考试卷真题,18,5
倒数,7,5
光,15,5
免费试卷,20,5
八下数学月考,24,5
八下数学第一次月考,12,5
八年级下册数学,18,5
六安一中,8,5
六年级下学期期中,16,5
内蒙古阶段检测,10,5
减数分裂和受精作用,17,5
分离定律,7,5
分离定律 2025分离定律定律题型归纳,7,5
初三一模,14,5
初三语文,40,5
力,9,5
力学,11,5
动量定理,10,5
包头,13,5
包河区一模,12,5
化学020化学专题工艺流程大题,9,5
化学专题,5,5
化学竞赛,17,5
北京101中学,13,5
北京中考,7,5
十一学校,12,5
十二中,8,5
华二,9,5
华师大二附中,10,5
单元,17,5
单元测,36,5
南京 025高三一模,11,5
南京 026高三一模,14,5
南京一模,7,5
南京二十九中,10,5
南京外国语学校,10,5
南京盐城一模,29,5
南充二诊,11,5
南宁二模,34,5
南昌一模2026物理,28,5
南昌市 026高三一模,35,5
南通 一 模 2026,11,5
南通一模2025,12,5
南阳一模,19,5
南阳一模2026,70,5
卷子,11,5
压 强 2025年中考物理一轮专题复习,5,5
双十中学,20,5
合肥46中,13,5
合肥六中,5,5
名师测控,35,5
名师测控 2025 鸿鹄志,18,5
名校 联盟 2026高三3月份辽宁,13,5
名校课堂,51,5
启东中学,11,5
呼和浩特一模,28,5
呼和浩特一模2026,10,5
呼市 2026 一模,20,5
呼市一模,22,5
和平区一模,29,5
哈三中生物,8,5
哈尔滨师大附中 东北师大附中 2026年高三第一次联合模拟考试,20,5
唐山一模 2026,17,5
嘉兴,22,5
四中,9,5
四年级下学期阶段检测,11,5
四月,29,5
圆 023一轮复习大题,7,5
在线练习,12,5
地理 01 一轮复习,16,5
地理月考,11,5
基因在染色体上,7,5
基因工程大题,10,5
大连 1模 高三,10,5
大连三校联考,11,5
天 一 大联考 1月 2026,10,5
天体,6,5
天体运动,11,5
天津一模,22,5
天津市第一中学,18,5
天津高考英语,17,5
如皋,15,5
如皋中学,12,5
威远中学校,38,5
学业水平考试,26,5
学科网,9,5
学考 20 2 5 年 学业水平考试,25,5
宁夏,12,5
宁波十校2025届高三3月联考,17,5
安庆二模2026,22,5
安庆二模化学,10,5
安庆二模生物,12,5
安徽 江南十校 高三 2026,11,5
安徽第一卷 2025 2026学年安徽省,15,5
安徽第一卷2026,14,5
安徽第一卷2026安徽中考信息交流卷,6,5
安徽阶段检测,16,5
安徽高二下学期阶段检测,13,5
完型填空,8,5
宝鸡二模2026,22,5
导数 0 高考 专题,7,5
导数零点问题,9,5
屏东中学,14,5
山东枣庄一模,20,5
山东省实验,10,5
山东省济南市2026届高三第一次模拟考试,20,5
巴蜀 中学,15,5
巴蜀中学2026届高考适应性月考卷,12,5
巴蜀中学高三,43,5
常州 026高三一模,11,5
平方根,10,5
广东五年级下学期阶段检测,18,5
广东省一模2026,16,5
广州一模生物,11,5
广州市1模,11,5
广州市普通高中毕业班综合测试,8,5
强基计划,10,5
德州,23,5
成都 023届高三二诊,14,5
成都 1 诊2026届高三一诊,8,5
打印,14,5
抽象函数,7,5
数列 0 一轮复习,7,5
数学中考,9,5
数学导数专题训练,6,5
数学试卷,10,5
数学高一下,8,5
数学高一下3月月考,19,5
新华中学,25,5
无锡一模,25,5
无锡天一中学,9,5
日语2025高考考日语卷,11,5
日语2026一模,8,5
昆明市第一中学,12,5
晶体,8,5
月考复习,17,5
有机合成,9,5
期中考,24,5
杭州一模,9,5
杭州二中 3月英语试卷,14,5
构造函数,8,5
枣庄 025高三二模,13,5
枣庄二调,18,5
植物细胞工程,11,5
楚天,16,5
正弦定理,7,5
武 汉 市 2 0 2 6 届 中 毕 业 三 调 研 考 试,19,5
武汉 3月 调研 2026英语,6,5
武汉 三调 2026 物理,8,5
武汉 三调 调研 2026高三数学,11,5
武汉 九调,10,5
武汉二中,9,5
武汉市,17,5
毕节2026第二次适应性考试,34,5
氮及其化合物,9,5
汕头一模数学,6,5
江南 10 十校 3月份 联考2026高三,10,5
江南10校2026安徽高三,9,5
江苏 0225 中考 真题,23,5
江苏一模,18,5
江苏一模2026,13,5
江苏七年级下学期阶段检测,13,5
江苏省常州高级中学,16,5
江西师范大学附属中学,8,5
江西省九校联考,25,5
江门,128,5
沙市中学,32,5
河北阶段检测,16,5
河南五市联考,14,5
河南省五市联考,21,5
河南省实验中学2026学年数学一模,16,5
河南高三一模,22,5
泉州 1 月份 2026,13,5
泉州 1 月份 2026高三二检,16,5
泉州三检,17,5
泉州市 2026 届高中毕业班质量监测 二,13,5
泉州市2026届高中毕业班模拟考试,12,5
济南 一模 2026,15,5
浙江名校协作体,13,5
浙江强基联盟2026 3月高三联考,9,5
浙江新阵地教育联盟2026联考,9,5
浙江高考,11,5
浮力05 浮力重难点专项突破,7,5
海淀一模,18,5
淄博 1月 2026高三一模,11,5
淄博一模,14,5
深圳 022025一模 数学,12,5
深圳 022025一模 语文,6,5
深圳 一模 1 2026数学,6,5
深圳一模英语,12,5
深圳第一次调研考试,10,5
温州 1 5模2026届第一学期高三期末考试数学,8,5
温州一模,10,5
湖丽衢,11,5
湖北11校联考,12,5
湖北一模,11,5
湖北云学联盟,11,5
湖南九校联盟,13,5
湖南湘一名校联盟,37,5
湖南长郡,15,5
湖南阶段检测,13,5
滨州一模,17,5
潍坊 026高三一模,11,5
炎德,10,5
烟台 一模 2026,11,5
物理一模,18,5
物理电磁感应大题汇总训练,8,5
物理高一下学期第一次月考,8,5
物质的量,7,5
特长生,16,5
生物 01 一轮复习知识点总结,8,5
生物 竞赛,16,5
生物一模,17,5
生物基因工程大题专题训练,11,5
生物遗传,8,5
电磁 感应2 单双杆,6,5
白云区,20,5
百 师联盟3月高三2026开年大联考,9,5
皖北协作区 2025 高三 生物,8,5
皖北协作区2025,23,5
相交线与 平行线单元测试,14,5
省实验2026一模,17,5
真题圈,33,5
石家庄 025 026 年 一模,16,5
石家庄2026一模,49,5
石家庄裕华区一模2026,14,5
石家庄裕华区初三一模,25,5
石家庄高三一模,8,5
石门中学,16,5
福州 3月份市质检,21,5
福建名校联盟2026高三二月,14,5
福建阶段检测,19,5
竞赛 2023 2024学年初中数学竞赛,26,5
竞赛题,22,5
端点效应,8,5
答案,17,5
答題卡,10,5
红桥,17,5
绵阳 1 诊,11,5
职教高考,11,5
联合体一模,17,5
芝罘区,20,5
苏北 025高三一模,6,5
苏北七市二模数学,7,5
苏州一模,8,5
苏锡常 2026 高三二模,15,5
苏锡常镇026高三一模,19,5
苏锡常镇026高三一模政治,173,5
英 语,13,5
英语口语考试,13,5
英语阅读,8,5
英语阅读理解 100篇专项训练,12,5
莱西,13,5
葫芦岛,16,5
葫芦岛一模2026,18,5
葫芦岛高三一模,23,5
西附,18,5
语 文,15,5
语文一模,27,5
质检,31,5
贵州省适应性考试,11,5
贵阳一中,13,5
赣州一模数学,9,5
辽宁 名校联盟,21,5
辽宁 名校联盟3月份2026高三一模,17,5
辽宁省 0222023名校 联盟高三3月份联合考试,15,5
运动和力,13,5
适应性考试,10,5
道里一模,12,5
邯郸2026一模,9,5
邯郸市2026届高三年级第一次模拟检测,15,5
郑州外国语,25,5
郧阳中学,19,5
重庆 0224八中,7,5
重庆市巴蜀中学,16,5
重庆西南大学附属中学,11,5
金丽忂12校2026学年高三第二次联考,25,5
金丽衢12校,12,5
金太阳联考,11,5
金版教程,22,5
金考卷 2025版45套,13,5
金考卷2026,14,5
长沙 10月 长郡 2025 2026月考卷,8,5
长沙一中,12,5
长郡 20校2026届3月考试,9,5
长郡一模九下,21,5
长郡中学 026高三,7,5
长郡高一下期入学考试,15,5
闽侯一中,18,5
阿氏圆,12,5
随州二模,11,5
雅礼中学 026高三 第三次月考,8,5
青岛 023 2026高三 一模数学,6,5
青岛 一模 2025,6,5
青岛 一模 2026 英语,5,5
青岛026高三一模,14,5
首考,14,5
骆驼祥子,10,5
高 二下 3月份开学考,16,5
高 考 1 202 年 2025全国 高考,17,5
高 考 数学2025高考真题,12,5
高一下3月份月考,41,5
高一下化学3月月考,17,5
高一下学期,92,5
高一下学期阶段检测,20,5
高一下物理,9,5
高一下物理3月月考,11,5
高一下物理第一次月考,13,5
高一下英语月考,9,5
高一月考,11,5
高三 英语,16,5
高三3月质量检测,22,5
高三下学期高考模考,11,5
高三历史,23,5
高三年级学情调研,46,5
高三日语,10,5
高三联考,18,5
高二下 3月 数学月考,22,5
高二下册第一次月考,31,5
高二下学期3月月考,49,5
高二下学期数学第一次月考,14,5
高二下学期阶段检测,16,5
高二下数学,15,5
高二数学下学期第一次月考,7,5
高二物理,13,5
高邮中学,12,5
黑吉辽蒙,17,5
黑龙江中考模考,10,5
龙东,20,5
12月,5,4
2024 0 1 1卷 数学 真题高考,5,4
2025 全国1数学真题高考,7,4
2025 高考,6,4
2025 高考 1卷 数学 真题,18,4
2025 高考数学 1卷高考真题,8,4
2025大连市高三一模,7,4
2025天津英语高考真题,8,4
2025安庆二模,19,4
2025山东历史高考卷,8,4
2025河南生物高考,6,4
2025生物高考真题,16,4
2025皖北协作区第27届,18,4
2025皖北协作区第27届3月联考,8,4
2026 0 1 一 卷浙江高考,7,4
2026 深圳一模,8,4
2026 苏锡常镇,13,4
2026一模数学,14,4
2026东营一模,8,4
2026南昌市一模,11,4
2026合肥一模,9,4
2026届,12,4
2026届成都二诊,6,4
2026届高三3月规范训练,11,4
2026届高三二轮复习启航学情素养监测全科试卷,15,4
2026山东,7,4
2026年3月高三年级模拟考试,15,4
2026年大连市高三双基模拟考试,6,4
2026年安徽中考模拟信息卷,5,4
2026年抚顺市普通高中高三模拟考试,6,4
2026年普通高等学校招生全国统一考试模拟测试,17,4
2026年沈阳市高中三年级教学质量检测 一,12,4
2026年深圳市高三年级第1次调研考试,13,4
2026广东一模数学,11,4
2026普通高等学校招生全国统一考试,6,4
2026武汉三调数学,12,4
2026淄博一模,4,4
2026潍坊一模,13,4
2026石家庄一模英语,12,4
2026福州3月市质检,7,4
2026邯郸市一模,25,4
2026邵阳市高三第二次联考,56,4
2026高三第一次联合模拟考试,19,4
3 3 3,6,4
34校联考,19,4
3月 2026 联考,12,4
3月考卷,7,4
52717530,12,4
53 2026版数学,7,4
95联考,11,4
C 20,18,4
C20联盟二模,7,4
Z20 名校2026高三第二次联考,9,4
www zxxk com参考答案,14,4
zuowen1素材开头与结尾,10,4
一模化学,21,4
一模卷 2026,12,4
一模英语,8,4
七下,20,4
七下地理,9,4
七下数学第一次月考卷,14,4
七下第一次月考,27,4
七年级下册月考,16,4
七年级下学期期末,19,4
万有引力定律,5,4
三年级下学期阶段检测,12,4
三明,15,4
三月份月考,8,4
三角函数大题,8,4
上 好课,18,4
上海高考,6,4
上进联考,10,4
东三省 2026高三第一次模拟考试,9,4
东北三省 三校2026高三第一次模拟考试,9,4
东北育才第六次模拟,7,4
东营一模,9,4
中华中学,25,4
中考 英语,5,4
中考卷,8,4
中考听力,8,4
中考模拟 2026,25,4
中考物理,15,4
临汾市2026年高三年级质量监控第一次模拟测试,13,4
举一反三,20,4
乌鲁木齐二模2026,23,4
九师联盟 2026届高三3月质量检测,6,4
九年级下册第一次月考,34,4
九年级下学期阶段检测,12,4
九年级语文,9,4
九校联盟,16,4
九校联考 2026届高三,13,4
九江一模,13,4
九江外国语学校第六次月考,11,4
二十八中,23,4
二十四中,12,4
二检 2025福建,15,4
二次 函数025一轮专题复习,8,4
二次 根式,6,4
二次函数性质综合题,12,4
云南省自主命题冲刺金卷2026,16,4
交大附中,11,4
余弦定理,6,4
佛山 022026一模数学,7,4
佛山 024 2025一模,8,4
佛山 一模2026数学,7,4
保定,12,4
信息技术,21,4
光学,16,4
光学复习,11,4
免费20245高考真题,7,4
全国100所名校单元测试示范卷,13,4
八下,11,4
八下月考卷,8,4
八下生物,12,4
八中 重庆2026,27,4
八年级下册历史第一次月考,18,4
八年级下册数学期中,11,4
八年级下册物理,8,4
八年级物理,8,4
八省联考 12月2026届,6,4
六中,10,4
兰州,10,4
兰生复旦,8,4
内蒙古中考模考,15,4
分子动理论,13,4
分班考,15,4
初三,9,4
初中数学竞赛,15,4
功能关系,10,4
动量守恒定律,10,4
勾股定理 01专题 13种题型,8,4
包头一模2026,20,4
化学3月月考,11,4
化学一模2026,11,4
化学中考2025真题,5,4
化学工艺流程,5,4
化学晶体结构与性质,7,4
化学有机2026高三专题,8,4
化学第一次月考,8,4
化学选择题,8,4
化学酸碱盐,7,4
化学高二下,15,4
北京四年级下学期阶段检测,13,4
十一高 长春,9,4
十三中,12,4
华师联盟,12,4
华育中学,13,4
单元侧试,9,4
单元测试卷,11,4
单招 1 数学,8,4
南京 盐城,5,4
南京 盐城 026高三一模,5,4
南京市第一中学,15,4
南京盐城二模,18,4
南充,26,4
南充中考一模,9,4
南宁三中,12,4
南师大附中,16,4
南师附中,19,4
南平一中,7,4
南昌 026高三一模英语2026,30,4
南海区一模,14,4
历史一模2026,10,4
原电池,7,4
厦门双十,14,4
厦门海沧实验中学,10,4
变压器 2025高三物理专题复习,4,4
合肥 1 模2026,7,4
合肥 一中,4,4
合肥二模,12,4
合肥八中 高三三月模拟预测,7,4
合肥市46中2026一模卷子,7,4
合肥市第一中学,7,4
吉林一中,11,4
吉林省生物竞赛初赛 试题,25,4
吉林阶段检测,9,4
名师名卷,9,4
名校之约,17,4
名校协作体 高三,6,4
向心力,7,4
呼和浩特,20,4
呼和浩特2026高三一模数学,9,4
呼和浩特市2026年高三一模,25,4
哈九中2026年高三下学期第1次模拟试卷 语文,17,4
哈九中一模,9,4
哈尔滨三中一模,7,4
哈尔滨师大附中,11,4
哈尔滨第六中学,10,4
唐山 2026一模,13,4
四川七年级下学期阶段检测,20,4
四月月考,24,4
圆周运动 14大考点 14题型,6,4
圆锥曲线 023专题,6,4
圆锥曲线 023专题 大题,6,4
地理一模2026,5,4
地理中考,6,4
地理会考,23,4
地理必修二,6,4
地生会考,12,4
地生会考真题,10,4
培英,9,4
复数,14,4
大连24,13,4
大连二十四中,6,4
天 一 大联考,4,4
天一 1大联考,11,4
天津七中,11,4
天津中学,33,4
天津中考,20,4
天津四年级下学期阶段检测,53,4
天津河西一模,6,4
天津第一中学,8,4
奥数,23,4
姜堰,14,4
孝感市2026高三三月月考,11,4
学业水平,19,4
学业水平合格性考试,13,4
学业水平合格考试,14,4
学军中学高一下数学,8,4
学易金卷2026辽宁中考物理,9,4
宁德,12,4
宁德一中,15,4
安庆2025二模,18,4
安庆市二模,7,4
安徽C20,8,4
安徽中考信息交流卷26,16,4
安徽数学,10,4
安徽第一卷 1 2026数学,7,4
完型 100篇,11,4
定语从句,9,4
宜宾二诊数学,10,4
宝鸡,31,4
导数 023专题,15,4
导数 专题,10,4
导数单元测试,7,4
导数单调性,5,4
导数练习,5,4
山东一模2026,10,4
山东中考模考,9,4
山东九五协作3月,20,4
山东九五联考,6,4
山东九五高中协作体,13,4
山东二模,11,4
山东六年级下学期阶段检测,15,4
山东卷 2025高考真题,6,4
山东实验中学2026高三,21,4
山东枣庄2025二模,16,4
山东省实验四诊,18,4
山东青岛,13,4
山大附中,6,4
山西大学附属中学,12,4
崇化中学,13,4
巴蜀3月2026 高三,14,4
平抛运动,10,4
平行四边形,19,4
广 东 2 0 2 6 高三一模数学,7,4
广 东 省 2 0 2 6届 第二次调研考试,6,4
广 州 2 0 2 6 一模数学,5,4
广东 省一模 2026,5,4
广东一模日语,7,4
广东四校联考,6,4
广东实验中学,12,4
广东深圳一模,13,4
广东省1模,23,4
广东省1模数学2026,5,4
广东省深圳市,7,4
广州一模 2026,16,4
广州一模政治,24,4
延安中学,13,4
开学考试,19,4
强基联盟 3月2026年 高三,19,4
徐州一中,6,4
德州 023 2026高三 一模,7,4
德州一中,11,4
德州一模政治,5,4
必修二,19,4
成语,8,4
成都 0诊 零诊,8,4
成都七中2026届二诊,78,4
成都七中二诊,14,4
成都二模,21,4
成都二诊数学,5,4
成都第七中学,5,4
成都高三二诊,14,4
扬州 026高三一模数学,6,4
扬州一模2026,8,4
拔尖,14,4
指标到校九龙坡区,5,4
政治 01 必修3,15,4
政治选修二,9,4
政治选修二法律与生活,7,4
数列不等式,5,4
数列专项,9,4
数列专题,8,4
数列大题,6,4
数学一模 2025,17,4
数学压轴题,11,4
数学向量,7,4
数学平面向量,7,4
数学月考高一下,20,4
数学第一次月考,6,4
数学高考,5,4
数理报,10,4
文来中学,13,4
文言文,19,4
新定义,7,4
新课程能力培养,17,4
无锡天一,8,4
日照 026高三一模,14,4
日语 高考 2025真题,5,4
日语2024高考考日语卷,9,4
昆虫记,5,4
明德中学,11,4
最值问题,8,4
月考 1 2 3单元,10,4
有机,14,4
有机化学大题专练,6,4
有机大题,11,4
期中复习,13,4
期中考试,18,4
期中试卷,9,4
期末试卷,42,4
本溪高中,6,4
机械波 10年高考真题汇编物理,4,4
机车启动,10,4
杭二中,13,4
杭州 024 20226一模数学,6,4
板块模型,5,4
极化恒等式,10,4
枣庄二模,11,4
柳州市2025届高三第三次模拟考试,15,4
格致中学,19,4
桃花源记,11,4
梅岭中学,27,4
模拟考试,24,4
正态分布,6,4
步步高 2026大一轮复习讲义,11,4
武 汉 市 2 0 2 6届 高中 毕 业 三 月调 研 考 试,6,4
武汉 0 3月 调研,7,4
武汉 2026 3调,11,4
武汉 二调2026数学,9,4
武汉三月,13,4
武汉三调物理,6,4
武汉三调语文,7,4
武汉三调语文2026,7,4
武汉四调,11,4
武汉市2026届3月调研考试,8,4
永春一中,18,4
江南十校 2026年3月高三,8,4
江苏九年级下学期中考模考,12,4
江苏九校,10,4
江苏九校联考 2026届高三,8,4
江苏四年级下学期阶段检测,9,4
江苏省,20,4
江苏省九校联考,12,4
江西七年级下学期阶段检测,6,4
江西上进联考,7,4
江西五市十校协作体,8,4
江西南昌一模,8,4
江西省重点中学盟校2026届第一次质量检测,9,4
江西重点中学协作体2026届高三下学期第一次联考,10,4
沧州一模,10,4
沪教牛津版,7,4
沭阳如东,19,4
河东区2025 2026学年度第二学期高三质量检测一,8,4
河北中考模考,9,4
河北衡水中学,48,4
河南2026年高三一模考试,19,4
河南一模,23,4
河南五市一模联考卷2026,20,4
河南南阳一模,15,4
河南百师联盟,30,4
河南省实验,11,4
泉州市2026届毕业班模拟考试,9,4
法拉第电磁感应定律,6,4
泰安,10,4
济宁一模英语,6,4
浙江 Z20 2026 届高三第二次联考,9,4
浙江 强基 3月 高三英语,9,4
浙江G12名校协作体,17,4
浙江中考模考,10,4
浙江宁波十校2026届高三下学期3月联考数学试题,8,4
浙江强基联盟2026年3月高三联考,5,4
浙江高考模考,8,4
浮力 20224专题一轮复习,8,4
浮力 压强的综合计算,8,4
海南,10,4
淄博,12,4
淄博 1月 2026高三期末,6,4
淄博 一模,11,4
深圳 022025一模 英语,8,4
深圳 一模语文 2026,7,4
深圳2026一模,10,4
深圳一模2026,10,4
深圳一模物理,6,4
深圳市,8,4
深圳数学一模,5,4
深圳数学一模2026,7,4
深圳高级中学,18,4
港澳台,19,4
游标卡尺,15,4
湖北 01 月 调研,7,4
湖北03月调研数学高三,9,4
湖北孝感市楚天协作体高三下学期3月联考,7,4
湖北省025 2026八校,10,4
湖北省2026届高三2月检测考试,5,4
湖北省沙市中学2025 2026学年高一 下 3月阶段测试物理试卷,17,4
湖南新高考教学教研联盟,11,4
湖南高考,6,4
溶解度曲线,17,4
滨海新区一模,22,4
点石,10,4
烟台高三一模,13,4
热学,8,4
焦作一模,7,4
牟平,13,4
牡丹江市第一高级中学,12,4
物理万有引力,11,4
物理中考2025真题,10,4
物理八下,5,4
物理第一次月考,15,4
物理选修一,8,4
物理选修二,11,4
物理高三,8,4
物理高考,6,4
珠海,23,4
理综合卷新疆,5,4
甘肃1 诊2025一2026,6,4
生物 01 必修一,6,4
生物 遗传大题专练,5,4
生物月考,11,4
生物月考高二,10,4
生物第一次月考,10,4
生物选修二,9,4
生物高一下月考,20,4
病句,6,4
百 师联盟1月高三2026开年大联考,7,4
皖北,6,4
皖北协作区 2025,13,4
皖南八校,9,4
皖南八校2025年高三第二次大联考,9,4
盐城,14,4
相交线与平行线,12,4
知识点 1 归纳总结,8,4
石家庄 一 模 2026 高三 数学,4,4
石家庄2025一模,14,4
福州二检,23,4
福州屏东中学,15,4
福州第十九中学,8,4
福建中考,10,4
福建省质检,13,4
离骚 024理解性默写,7,4
立体几何 大题,4,4
竞赛培优,8,4
第七章,17,4
等差数列,12,4
等比数列,6,4
红桥结课,19,4
练客中考 2026,7,4
练客中考 2026甘肃数学,15,4
细胞工程,6,4
绵阳,8,4
绵阳南山中学2023级高三第六次教学质量检测,15,4
美术,26,4
育才中学,17,4
自主招生物理,9,4
自招物理,13,4
自由组合定律,6,4
船山实验中学,15,4
苏北 四市,24,4
苏北七市 2025届高三二模,5,4
苏南一模2026,8,4
苏锡常202 5高三一模数学,8,4
苏锡常一模,43,4
苏锡常镇 2026 高三一模历史,4,4
苏锡常镇二模,8,4
英语七选五,5,4
英语单词,8,4
英语听力 100篇专项训练,6,4
英语周报,11,4
英语高频词汇高考,4,4
荆州二模,17,4
荆州高三三月,72,4
莆田 1月份2026期末统考高三,15,4
莆田二检,8,4
莆田砺志学校,15,4
萧红,10,4
蚌埠市2026届高三年级第一次教学质量检查考试,7,4
衡水 金卷,6,4
衡水金卷先享题,12,4
襄阳,8,4
襄阳 2026 3月市一,15,4
西南3 3 3联考,35,4
西南名校联盟2026届 3 3 3 高考备考诊断性联考二,16,4
西南名校联盟2026届3 3 3联考二,14,4
西南大学附属中学2026届3月月考,14,4
西安1模考试题2026,11,4
西安铁一中,7,4
西安铁一中学,9,4
西工大,13,4
西工大附中,14,4
解三角形大题,9,4
议论文,13,4
语文100天复习计划表,13,4
语文文言文,4,4
语文试卷,14,4
语文阅读理解,5,4
语文高二下学期第一次月考,8,4
课件 教案,8,4
课本,9,4
调研,20,4
质量检测,21,4
贵州中考模考,8,4
资源与评价,31,4
赣州1模2026,10,4
赣州市2026年高三年级摸底考试,8,4
赤峰320,16,4
跨学科,8,4
辽宁 0 名校 联盟3月份2026高三一模,9,4
辽宁名校联盟调研卷,22,4
辽宁省 0222025 名校 联盟,12,4
辽宁省名校联盟2026年高考模拟卷,4,4
辽宁高三,17,4
运城市2026年高考考前模拟测试高三,8,4
连云港,17,4
选择性 必修二,13,4
选择题专练,25,4
通州,12,4
逻辑与思维,15,4
遗传学,8,4
邯郸 2026 高三 一模,10,4
邵阳市2026届高三二模英语,20,4
邵阳市二模生物,30,4
邹城市第六中学,24,4
郑州,16,4
郑州一模,10,4
郑州外国语中学,12,4
鄂尔多斯,8,4
鄂尔多斯2026年一模,7,4
重庆 一中,9,4
重庆 巴蜀,16,4
重庆二诊,10,4
重庆五年级下学期阶段检测,12,4
重庆八中开学考,9,4
重庆八中高三,51,4
重庆南开,7,4
重庆外国语学校,7,4
重庆英语,9,4
重庆西大附中,4,4
重庆阶段检测,7,4
重难点,17,4
金丽忂12校2025 2026学年高三第二次联考,17,4
金太阳2026届高三,12,4
铁一中学,15,4
银川市石嘴山市2025年普通高中学科教育质量检测,7,4
镇江 026高三一模,7,4
镇江 026高三零模,8,4
长春一模,10,4
长春市 2026届高三质量监测 一,9,4
长沙市一中 2026届高三月考试卷,11,4
长沙市一中 2026届高三月考试卷 七,19,4
长沙市第一中学,31,4
长郡 20校,8,4
闽侯,19,4
阅渎理解,8,4
阅渎理解20篇,17,4
阜新市实验中学,10,4
附中,14,4
陈经纶,39,4
陈经纶中学,9,4
陕西二模,17,4
陕西师范大学附属中学,22,4
青 桐 鸣,8,4
青岛一模物理,5,4
青岛一模生物,5,4
青岛一模语文,6,4
青岛市2 026高三一模,15,4
青岛高三一模,7,4
青桐鸣3月,13,4
青桐鸣大联考,26,4
非渭语动词,7,4
鞍山,25,4
顺德,19,4
首字母,18,4
马尔科夫链,6,4
马鞍山二中,18,4
驻马店一模,9,4
高一下 第一次月考,19,4
高一下三月月考,18,4
高一下化学,9,4
高一下化学月考3月,9,4
高一下学期物理第一次月考,18,4
高一下学期第一次月考数学,17,4
高一下期中考试,7,4
高一下第一次月考物理,9,4
高一化学,13,4
高一化学必修二,6,4
高一物理,15,4
高一第一次月考,10,4
高三 一模,10,4
高三 一模 2026山东,6,4
高三 二模 2026届,11,4
高三 数学,23,4
高三3月,11,4
高三地理,25,4
高三年级12月检测训练,9,4
高三生物,28,4
高三第7次质量检测,13,4
高三第一次联合模拟考试,12,4
高三语文一模2026年语文,9,4
高二 下学期 第一次月考,22,4
高二3月,15,4
高二上期末,12,4
高二下化学月考,6,4
高二下四月月考,18,4
高二下学期月考物理,6,4
高二下学期第一次月考数学,9,4
高二下学期第一次月考物理,6,4
高二下物理月考,8,4
高二下第一次月考物理,7,4
高二化学,9,4
高二月考,27,4
高考 真题,7,4
高考作文,7,4
高考化学,8,4
高考日语,7,4
鲁人泰斗,12,4
鸡西,11,4
鹿鸣路,15,4
黄石,14,4
黑吉辽 蒙202 6九师联盟高三下学期3月质量检测试卷,12,4
黑龙江 1月2026联考高三,14,4
黑龙江省实验中学,12,4
鼎城中考精准提分2026版河南,9,4
齐桓晋文之事,10,4
齐齐哈尔市一模2026届,9,4
2003 高考数学试卷,7,3
2022 0 1 1卷 数学 真题,3,3
2023 0 1 1卷 数学 全国一卷,7,3
2023级高三第二次模拟测试英语,12,3
2024 0 1 1卷 数学 真题,8,3
2024 2025,5,3
2024数学新课标一卷,4,3
2025 2026学年福州市高三年级三月质量检测,7,3
2025 年语文高考1全国卷 真题,20,3
2025 黑吉辽高考化学,4,3
2025-2026结课卷,28,3
2025中考,5,3
2025中考物理,7,3
2025二模,8,3
2025全国二卷,5,3
2025全国二卷数学,7,3
2025南京盐城一模 高中英语,5,3
2025南昌市物理一模,8,3
2025大连市一模,4,3
2025山东物理卷高考真题,8,3
2025年,10,3
2025年全国高考一卷数学,4,3
2025年宁德市初中毕业班质量检测,11,3
2025年宝鸡市高考模拟检测试题二,6,3
2025年山东省统考中考化学试卷,7,3
2025年数学一模试卷,10,3
2025年江西中考数学试卷,5,3
2025年生物高考真题,3,3
2025年皖北协作区27届联考,14,3
2025新高考一卷数学,5,3
2025池州一模,10,3
2025河北中考,7,3
2025济南中考物理真题,6,3
2025济南中考英语,8,3
2025海南四校联考,6,3
2025湖南长沙中考语文真题,3,3
2025湖南高考,7,3
2025皖北协作区第27届高三联考,10,3
2025福建高三省质检,11,3
2025苏锡常镇一模,8,3
2025贵州物理高考真题,5,3
2025邵阳市高三第二次联考,6,3
2025青岛一模,3,3
2025高考物理,7,3
2025高考真题,16,3
2026 0 1 一 卷浙江,6,3
2026 0 1 一 卷浙江首考化学,3,3
2026 年深圳市高三年级第一次调研考试数学,4,3
2026 广州 一模 物理,4,3
2026 广州一模,6,3
2026 深圳一模语文,9,3
2026二模,12,3
2026兰州市一诊数学,6,3
2026南昌一模物理,15,3
2026南阳市一模数学,13,3
2026合肥一模语文,3,3
2026唐山一模,10,3
2026天津和平一模数学高三,3,3
2026天津英语高考,5,3
2026安徽中考模拟信息卷,3,3
2026宝鸡市二模,12,3
2026届山东省淄博市高三一模历史答案,11,3
2026届广东深圳市高三年级第一次调研考试语文试卷,5,3
2026届新高三学情摸底考 新高考卷 物理,17,3
2026届武汉三调数学,7,3
2026届高三考前适应性训练百师联盟,10,3
2026山西百校联考,8,3
2026年 汕头市普通高考第一次模拟考试,11,3
2026年1 月6号浙江高考首考,8,3
2026年中考第一次模拟考试,10,3
2026年信阳市高三三模,35,3
2026年广州市普通高中毕业班综合测试一数学,13,3
2026年成都二诊,8,3
2026年普通 高等学校全国统一考试模拟卷一,6,3
2026年普通 高等学校全国统一考试模拟卷一 语文,4,3
2026年普通高等学校招生全国统一考试模拟试题,20,3
2026年普通高考三月适应性检测,9,3
2026年武汉3月调研,10,3
2026年深圳一模,5,3
2026年深圳市高三年级第一次调研考试语文,3,3
2026年石家庄裕华区一模,14,3
2026年邵阳市高三第二次联考,24,3
2026年陕西省初中学业水平考试全真模拟卷,21,3
2026年马鞍山市高三第一次教学质量监测,9,3
2026年高考第一次模拟考试 全国二卷通用,5,3
2026年高考诊断性测试,13,3
2026年龙东地区初中学业水平调研测试,7,3
2026年龙东地区初中学业水平调研测试卷数学,8,3
2026广东一模化学,4,3
2026广东一模物理,5,3
2026广州一模化学,6,3
2026广州一模政治,9,3
2026广州一模生物,5,3
2026广州一模英语,4,3
2026广州市一模,9,3
2026广州市普通高中毕业班综合测试 一,5,3
2026成都二诊,12,3
2026成都二诊物理,10,3
2026新疆三月适应性测试,8,3
2026普通高中学业水平选择性考试模拟试题,7,3
2026普通高等学校招生全国统一考试 模拟信息卷,8,3
2026普通高等学校招生全国统一考试模拟试题,6,3
2026武汉三调,10,3
2026沧州一模,13,3
2026河北一模,9,3
2026河南五市联考,5,3
2026济南一模数学,5,3
2026深圳市高三年级第一次调研考试,11,3
2026湖南邵阳二模,18,3
2026潍坊高三一模,9,3
2026石家庄裕华区一模,8,3
2026荆州二检,8,3
2026荆州二模试卷,3,3
2026葫芦岛市高三一模,5,3
2026邵阳二模,22,3
2026郑州一模,16,3
2026青岛一模英语,10,3
2026高三3月大联考,5,3
2026齐齐哈尔市高三一模,8,3
3 3 3 3联考卷 云南,6,3
3 3 3联考,7,3
43中,10,3
43中学,5,3
4月份月考,11,3
4月月考卷,10,3
53,4,3
9+1,10,3
C20 20 2026学年九年级第二次学业水平测试,7,3
C20 2025 2026学年九年级第一次学业水平测试数学,4,3
C20 教育联盟 2026,15,3
C20联盟二模物理,3,3
F7,6,3
Foreign friends in China,5,3
G4,10,3
M1单元测试,11,3
PCR,10,3
Q7,5,3
SHAX202603,3,3
T 8 0 12月检测英语,9,3
T8 联考,6,3
WMO奥林匹克数学竞赛真题,9,3
Z0名校2025高三,5,3
Z20 2026届高三第二次联考,4,3
Z20名校联盟 浙江省名校新高考研究联盟 2026届高三第二次联考,7,3
c?20,11,3
g12,5,3
imo,5,3
t8联考,16,3
z20,10,3
一 元一次方程 100道,5,3
一 元二次方程,9,3
一 元二次方程100道计算,5,3
一 次函数,5,3
一元二次方程,16,3
一战成名,17,3
一战成名 2026,10,3
一战成名2026初中英语,9,3
一模 2025分类汇编,7,3
一模2026初三,12,3
一模政治2026,7,3
一模数学2026届,9,3
一模语文,25,3
一次函数存在性问题,8,3
一质检,16,3
一遍过,12,3
一零一,13,3
一飞冲天,3,3
七下月考,9,3
七下英语,8,3
七中育才,13,3
七年级上册地理期末试卷,14,3
七年级下册历史,12,3
七年级下册数学第一次月考试卷,5,3
七年级下学期,19,3
万唯 2026,12,3
万唯 2026中考试题研究,7,3
三 省 三校 2026,3,3
三帆,18,3
三新,7,3
三月月考物理,16,3
三月联考,8,3
三角,8,3
三角 函数,7,3
三锋联盟高二下学期,7,3
三门峡,22,3
上海中学 高一下 化学,7,3
上海中考一模化学,5,3
上海二模,24,3
上海外国语大学附属外国语学校,19,3
专项复习,10,3
专题01,4,3
东北 2024 2025年三省三校高三一模,7,3
东北 2024 2025年三省三校高三质量检测模拟考试,8,3
东北三校,9,3
东北三省三校2026年高三第一次联合模拟考试,7,3
东北师大附中2026高三第一次联合模拟考试,6,3
东北师大附中数学,5,3
东北育才学校,7,3
东北育才生物,3,3
东南大学强基计划物理,4,3
东城区2025 2026学年度第一学期期末统一检测,9,3
东莞,15,3
东莞 一模 2026 数学,6,3
东营一模化学,5,3
中原名校大联考,11,3
中山市,20,3
中山市一模,11,3
中考 02025 一轮 复,14,3
中考 化学1轮复习 核心知识点整理必备,10,3
中考 数学,5,3
中考123,6,3
中考一模卷,14,3
中考一模试卷,9,3
中考作文,5,3
中考历史卷,4,3
中考历史卷2025辽宁,3,3
中考压轴题2025数学,5,3
中考数学压轴题专项训练,22,3
中考模拟,5,3
中考物理压轴题专项训练,8,3
中考预测卷2026年,9,3
中职,16,3
丰台20205 2026学年度第一学期期末,11,3
临汾二模,8,3
临沂,10,3
临沂一模 2026,5,3
临沂一模物理,3,3
丹东一模,12,3
丹东二中,6,3
丹东十九中结业考试,9,3
主语从句,6,3
义乌,16,3
义乌中学2025物理月考,4,3
乌鲁木齐 2026年高三第二次质量检测,8,3
乌鲁木齐一模,3,3
乐陵,8,3
乐陵市八年级下学期期中数学,14,3
九下一模物理长沙,7,3
九下一模英语长沙,11,3
九下三月历史,5,3
九下化学第一次月考,7,3
九下化学第一次月考试卷,8,3
九五联考2026,4,3
九五高中协作体2026届高三山东,8,3
九师联盟陕西,6,3
九年级一模英语试卷2025,6,3
九年级上学期中考模考,6,3
九年级下册第一次月考甘谷,19,3
九年级下学期期末,5,3
九年级政治,21,3
九年级物理,19,3
九江一中高一下第一次月考,4,3
九省联考数学,5,3
九龙坡,7,3
二力平衡,8,3
二十,14,3
二十九中,5,3
二检 2025福建初三,10,3
二模分类汇编,12,3
二模生物,4,3
二次 函数,7,3
二次函数压轴题,4,3
二次函数最值问题,3,3
二次根式 100道计算,11,3
二次根式和勾股定理,3,3
二诊模拟,3,3
云南 0225 高考 真题,4,3
云南八年级下学期阶段检测,10,3
云南师大附中,12,3
云学联盟2月湖北,6,3
云学联盟3月湖北,6,3
云师大附中,14,3
五中,6,3
五市一模,13,3
五河一中2026届高考冲刺模拟考试 一,6,3
人大附中高一下化学,3,3
人教版,14,3
仙桃市,7,3
仪征市实验中学,8,3
任务 型 阅读,7,3
众相原创 赋能中考 2026,9,3
优+密卷,16,3
优化设计,14,3
会昌中学,9,3
会泽实验高中2025秋,7,3
伴性遗传,6,3
余弦定理15种常考题型归类,4,3
佛山 022026一模,6,3
佛山七下语文期末,4,3
佛山二模,4,3
佛山市2024 2025学年九年级市级特供题训练,4,3
作业本,13,3
作文 素材,7,3
作文语文,3,3
信息,8,3
修改病句,5,3
儋州市高三,6,3
元素周期表,4,3
免费下载试卷,7,3
全国100名校单元测试示范卷2025,6,3
全国一卷20025高考英语真题,8,3
全国高考1卷,6,3
八下历史,17,3
八下地理第一次月考试卷,5,3
八下期中,12,3
八下物理月考,9,3
八下物理期中,5,3
八下第一次月考。,51,3
八下第一次月考英语,5,3
八下英语 2026 人教版,7,3
八下英语 2026 人教版第一次月考,8,3
八年级,4,3
八年级下册,4,3
八年级下册数学1 2单元综合测试卷,8,3
八年级下册数学第一次月考,7,3
八省联考 2025,7,3
八省联考数学,4,3
六下期中,57,3
六中第一次月考,18,3
六年级数学下册,7,3
六校联盟,9,3
兰州2025一诊,5,3
兰州一诊,9,3
兰州一诊2026,19,3
兴化中学,7,3
兼善中学,18,3
内江,21,3
内江二模2026届化学,3,3
内江二模政治,4,3
内蒙古七年级下学期阶段检测,8,3
冲刺新高考 2026届高考仿真模拟卷 T8,17,3
减数分裂,10,3
减数分裂 和受精作用,4,3
几何大题,8,3
分班考 初一,8,3
创新班,9,3
初三一模数学试卷,6,3
初中生物总复习,7,3
初高衔接,9,3
功和机械能,14,3
动物细胞工程,4,3
动量 10年高考真题汇编,4,3
动量 定理7大题型归纳习题,6,3
包头2026一模,6,3
包头市一模2026,11,3
化学 01 人教版 必修一,11,3
化学 01易错易混,8,3
化学一模佛山,20,3
化学反应的热效应,6,3
化学大题,7,3
化学实验,6,3
化学实验操作,5,3
化学必背知识点,5,3
化学方程式,5,3
化学晶体,3,3
化学有机大题,7,3
化学有机大题专练,12,3
化学有机大题综合练,7,3
化学期中,9,3
化学知识点总结,7,3
化学竞赛 2025年真题,7,3
化学计算题,5,3
化学选修一,5,3
化学高二下月考试卷,5,3
北京2024大兴区高二下期末语文,8,3
北京一模,10,3
北京一零一中,13,3
北京三年级下学期阶段检测,8,3
北京十二中期中,22,3
北京大学附属中学,11,3
北京期末,8,3
北京高三下学期期末,11,3
北京高考,18,3
北京高考数学,5,3
北师大实验中学,16,3
北斗联盟,11,3
区域地理,6,3
十一中学,6,3
十一校联考,11,3
十二校,12,3
十二校一模,6,3
十五中,13,3
十校,8,3
十校联考 浙江,18,3
半角 模型八年级半角模型专题,5,3
华东师大版,7,3
华东师范大学第二附属中学,9,3
华中师大一附中,5,3
华中师范大学第一附属中学,5,3
华二附中,4,3
华大新高考2026届高三11月教学质量测评卷,4,3
华大新高考联盟,8,3
华育,10,3
单元卷 测试卷,17,3
单招语文,9,3
单词表,10,3
单选题,17,3
南京 盐城 026高三一模英语,3,3
南京中考,10,3
南京市 盐城市 2025 2026学年度第一学期期末调研测试,8,3
南京秦淮区,8,3
南京高三一模,6,3
南充 1 诊,5,3
南充中考,5,3
南宁市二模2026,6,3
南岗一模,5,3
南岗一模物理哈尔滨,3,3
南平一中自主招生,7,3
南开一模,10,3
南开区,11,3
南开区一模,8,3
南开大学附属中学,6,3
南昌 026高三一模地理,6,3
南昌2 026高三一模,6,3
南昌一模数学,3,3
南昌一模英语,11,3
南昌三中,4,3
南昌二模,8,3
南昌高三一模,9,3
南海区,15,3
南通1.5模,4,3
南通二模数学,4,3
南通高一下月考,5,3
南阳一中高二下学期第一次月考,9,3
南阳市一模2026,17,3
南阳市一模考试数学,4,3
卢龙,5,3
历下区,6,3
历史01一轮复习 历史知识点归纳,6,3
历史七下第一单元检测,4,3
历史中考,8,3
历史大题答题技巧模版,5,3
历史月考,9,3
历史第一单元,6,3
历史答题模板,6,3
历城二中,5,3
压 强,6,3
原子物理,7,3
县中联盟安徽,4,3
发酵工程单元卷,5,3
口语,5,3
古诗文,6,3
古诗词默写,11,3
句容市七下数学月考卷,7,3
合肥 1一模,4,3
合肥 一模2025,6,3
合肥168中学2026届,5,3
合肥45中,6,3
合肥一中2026届高三12月份教学质量测评,6,3
合肥二模2025届,5,3
吉安一模2025,10,3
吉安市2025届高三一模,7,3
吉安市一模,10,3
吉林五校联考,9,3
同分异构体的书写,3,3
同构,4,3
同步冲刺,11,3
同步学与练,14,3
名校之约中考导向总复习模拟样卷,17,3
吐鲁番实验中学,7,3
向量 023专题一轮复习,6,3
向量 025一轮专题,4,3
启光 2026河北省初中学业水平模拟考试一,14,3
启光2026中考,7,3
周村,9,3
呼市一模2026,15,3
咸水沽二中,13,3
咸阳市2025年高考模拟检测 二,13,3
咸阳市二模,6,3
哈三中 2026高三第一次模拟考试历史,5,3
哈三中联考,6,3
哈三中联考2026年数学,4,3
哈六中2025 2026学年高三下学期2月零模阶段性测试试卷,3,3
哈尔滨一模,4,3
哈尔滨市模拟,7,3
哈尔滨市第三中学一模,4,3
哈尔滨市第三中高一下数学,4,3
哈尔滨师大附中 东北师大附中 辽宁省实验中学英语试卷,7,3
哲理,8,3
四十三中学,11,3
四十五中合肥,7,3
四川巴中中考,4,3
四川省2024年高等职业教育单独考试招生数学试题,4,3
四川省宜宾市2026届高三二模考试,6,3
四川省成都市2025届高中毕业班第二次诊断性检测数学,8,3
四月份月考,33,3
四调,20,3
固始县第一初级中学,34,3
圆柱与圆锥,11,3
圆柱和圆锥,5,3
圆锥 曲线,5,3
圆锥曲线二级结论,3,3
圆锥曲线大题,6,3
在线练,7,3
地理学考,10,3
地理竞赛真题,6,3
地理质检卷,18,3
地理选修一试卷,5,3
地理选修二试卷,5,3
地理高二下第一次月考,5,3
培优联盟,18,3
基因工程 1轮 复习,4,3
基因工程 1轮 复习 2026 大题专项,4,3
基因工程大题专练,4,3
基础,13,3
堂堂清,13,3
塘沽一中12校模拟,10,3
塘沽一中模拟,7,3
大庆中学,15,3
大联考2026,10,3
大连二十四,8,3
大连二十四中2026年高三第1次模拟考试,7,3
大连双基,10,3
大连市第二十四中学 2026年高三第一次模拟考试英语,4,3
大连育明 丹东二中 锦州中学 本溪高中2026届高三四校,7,3
大连育明高中,16,3
天 1 大联考,4,3
天一中学 金陵中学 海安中学,5,3
天体运动 必修二,6,3
天利38套,15,3
天域全国名校协作体,5,3
天星,4,3
天星2026版45套卷,6,3
天星教育,13,3
天星教育2026版45套卷,4,3
天桃实验学校,14,3
天津 026高三一模,13,3
天津一模2026,12,3
天津七中2025 2026结课考,25,3
天津五年级下学期阶段检测,13,3
天津和平一模,10,3
天津市,18,3
天津市二十五中学,19,3
天津市实验中学,8,3
天津市河东区第七中学,17,3
天津市第七中学,9,3
天津市第二中学,17,3
天津市第二十一中月考八下,15,3
天津河东一模,14,3
天津益中,12,3
天津英语,9,3
天津英语第一次高考,6,3
天津高考2026,8,3
太原一模,11,3
太原一模2026,4,3
太和中学,12,3
太行中学高二下学期第一次月考,12,3
好題汇编,22,3
如东,5,3
如皋初级中学,18,3
姜堰中学,8,3
威海,11,3
威远县凤翔中学,7,3
字音字形,5,3
孙权劝学,9,3
孟德尔,5,3
孟德尔德的豌豆杂交实实验 二,5,3
学 易金卷2026,30,3
学2025易金卷,4,3
学情调研,12,3
学霸大练兵,6,3
宁夏2025联考卷,6,3
宁波 十校 03月份 联2026物理,3,3
宁波 十校 2026届高三3月联考 地理,4,3
宁波十校2026届高三3月联考,14,3
宁波十校联考,11,3
安师联盟,6,3
安师联盟2026,9,3
安庆,55,3
安庆 外国语 月考 七下,14,3
安庆二模物理,10,3
安庆二模语文,8,3
安徽C20九年级26年二模卷,8,3
安徽c20二模,4,3
安徽七年级下学期阶段检测,6,3
安徽八年级下学期阶段检测,9,3
安徽六校联考,14,3
安徽天 一 大联考 2026高二开学考,7,3
安徽师范大学附属中学,10,3
安徽省F7教育联盟2026年九年级中考第一次模拟测,7,3
安徽第一卷 1 九年级安徽中考信息交流,4,3
安徽自主招生考试,8,3
安徽高考,7,3
安阳市2025年二模试卷,14,3
完全平方 变型专题练习,5,3
完型填空 100篇 专项训练英语,5,3
宜宾,12,3
宜昌市2026届高三3月调研考试,5,3
宜春,9,3
宝坻一中,5,3
宝鸡一模,10,3
宝鸡市二检,15,3
宝鸡市二模,12,3
实数,5,3
实验专题,5,3
宿迁,17,3
宿迁月考,10,3
密度,9,3
导数 0 基础题,9,3
导数压轴,5,3
导数同构,5,3
导数小题,6,3
导数练习题,4,3
导数综合卷,5,3
将军饮马,9,3
将军饮马模型,6,3
小升初 2025学年小升初分班考试数学卷,6,3
小学学霸,11,3
小石潭记对比阅读,5,3
山东 高考2025年真题,6,3
山东中考,5,3
山东九年级下学期期末,7,3
山东二年级下学期阶段检测,6,3
山东五年级下学期阶段检测,9,3
山东历史,6,3
山东合格考,5,3
山东名校联盟3月月考,18,3
山东四年级下学期阶段检测,4,3
山东济南,7,3
山东潍坊,27,3
山东物理一模,6,3
山东省 0222024 名校 联盟 12月 联考 高三,5,3
山东省2026年普通高中学业水平3月调研,7,3
山东省实验中学 12月份 高三 第三次诊断性检测,5,3
山东省实验中学一模,16,3
山东省实验中学四诊,10,3
山东省实验中学四诊生物,4,3
山东省烟台市2025年中考语文,12,3
山东菏泽,13,3
山东高一下学期阶段检测,14,3
山西一模,10,3
山西太原2025一模,4,3
巢湖市第七中学,12,3
工业流程,10,3
巴南,11,3
巴蜀月考七,19,3
巴蜀高三,18,3
希望杯,7,3
带电粒子在组合场中的运动,8,3
帮课堂,47,3
常熟,15,3
常青联合体,9,3
平面 向量,5,3
平面 向量单元测试,10,3
平面向量及其应用,15,3
平面直角坐标系,12,3
广 东,3,3
广 东 2 0 2 6 一模历史,18,3
广 东 2 0 2 6 一模英语,8,3
广 东 2 0 2 6 一模语文,3,3
广 东 省 2 0 2 6届 第一次模拟考试,5,3
广 东一模,5,3
广 州,6,3
广 州 2 0 2 6 一模语文,5,3
广东 一模 2026数学,5,3
广东 一模 2026生物,5,3
广东一模地理2026,12,3
广东七年级下学期第一次月考数学,9,3
广东中考模考,12,3
广东二模,8,3
广东六年级下学期阶段检测,16,3
广东卷,9,3
广东广州,11,3
广东春季高考数学,8,3
广东期末,10,3
广东深圳一模数学,6,3
广东物理高考,4,3
广东省,9,3
广东高考,8,3
广安,9,3
广安二诊,8,3
广州 一模,7,3
广州 一模 2026化学,3,3
广州 一模 2026物理,8,3
广州 一模 2026生物,6,3
广州 一模 2026语文,6,3
广州一模 2025数学,10,3
广州一模地理,3,3
广州中考历史,11,3
广州化学一模,4,3
广州市第七中学,12,3
广州模拟,6,3
广西单招2026,6,3
广西单招一模试卷,5,3
广西阶段检测,11,3
广附大联盟,7,3
庖丁解牛,5,3
康巴什,6,3
康德,6,3
康德卷,6,3
建平县高级中学,7,3
开学测,10,3
开学考试卷,14,3
张家口市一模,12,3
张家口市桥西区七年级下册,9,3
张家窝中学,9,3
强基联盟 3月2026年 高二,14,3
徐州一模,13,3
德州 1月 高三一模,5,3
德阳 2诊,6,3
必修一数学期末复习卷,4,3
必修二物理第一章,5,3
必修二生物第一章,15,3
必刷题 2026电子版,24,3
怀化2026高三一模,8,3
怀文中学,11,3
思维导图,18,3
惠州一中,8,3
惠来县第一中学,23,3
成才之路,12,3
成绩 查询,6,3
成都 2诊25年,7,3
成都 七中二诊模拟2026届英语,5,3
成都 二诊 2025届数学,6,3
成都 二诊 2026届,19,3
成都 二诊 2026届语文,9,3
成都七中二诊模拟数学,3,3
成都二 诊2 026届数学,6,3
成都二诊数学试卷,9,3
成都二诊模拟数学,5,3
成都市2022级 毕业班第二次诊断性检测,5,3
成都市二诊,11,3
成都石室中学高二下期半期试卷,7,3
成都第二次诊断性考试,5,3
扬州中学2024 2025高一下第一次月考数学,9,3
扬州中学高一下,3,3
扬州中学高二下学期3月月考,6,3
扬州大学附属中学东部分校,16,3
扬州市2026届第一次调研 数学,14,3
扬州市树人三模,5,3
扬州慢 2025课件,12,3
承德一模,15,3
承德一模政治,3,3
投影向量,5,3
抚州六校,12,3
抚顺,6,3
抚顺一模化学,5,3
抚顺一模生物,3,3
抚顺市一模,16,3
抛体运动,3,3
拔尖创新,5,3
拔尖特训,19,3
排列10种常见题型,4,3
提纲,9,3
揭阳第一中学,11,3
摩擦力 1培优练习,7,3
摩擦力专题,4,3
政治 01 必修1知识点,3,3
政治一模2026,5,3
政治中考,5,3
政治选修2,8,3
政治选必2,6,3
政治选择题,6,3
政治选择题专练,5,3
政治高二下第一次月考,10,3
教材,9,3
数列 0 一轮复习专题资料,7,3
数列 023 专题 一轮复习,3,3
数列不等式14种放缩技巧,7,3
数列专题复习,3,3
数列放缩,5,3
数列求和,11,3
数学100题,4,3
数学中考卷,12,3
数学八下第一次月考卷,4,3
数学函数,3,3
数学卷子,19,3
数学同步练习册,19,3
数学圆锥曲线,3,3
数学导数 专题单元测试,3,3
数学排列组合,5,3
数学期中,11,3
数学概率专题,5,3
数学立体几何大题专题训练,4,3
数学试卷高三,12,3
数学选修二,14,3
数学高一下学期第一次月考,12,3
数学高三,11,3
文昌中学,6,3
文综 2026届文科综合模拟试卷,7,3
新乡,10,3
新泰市中考一模,17,3
新海高级中学,16,3
新疆,12,3
新疆2025中考一模,7,3
新疆2025中考一模伊犁州,3,3
新疆伊犁2025九年级一模,9,3
新疆伊犁州2025年中考卷,6,3
新疆省阿克苏中考一模,9,3
新课标1卷,4,3
新高考,3,3
新高考 2卷 高考数学,4,3
新高考一卷,7,3
无锡市第一中学,7,3
无锡市经开区2025化学一模卷,4,3
日照2026一模,10,3
日照一模物理,5,3
日照期末,7,3
日语0基础五十音图,5,3
时政 热点2026,10,3
时间在哪里单元卷,6,3
昆明,6,3
昆明一中2026届高三2月复习诊断,11,3
晋中市2026年2月高三年级适应性调研测试,7,3
晨读晚默地理,18,3
晶体2026一轮复习,5,3
晶胞,3,3
曲线运动,4,3
曲阜一模2025,16,3
曹县第一中学高二下学期第一次月考,9,3
月,8,3
月考 1,10,3
月考卷3月,26,3
月考卷3月七年级下,10,3
有丝分裂和减数分裂,5,3
有机化学大题,5,3
有机化学知识点,3,3
有界磁场与临界问题,5,3
朝阳,9,3
朝阳一模,5,3
朝阳区,19,3
木牍中考,7,3
本溪,10,3
李达中学,5,3
条件概率与全概率,6,3
杨村一中开学考,8,3
杭州一模数学,5,3
杭州二模,11,3
杭州四中,7,3
杭州第二中学,11,3
松江二中,9,3
构造函数 导数,4,3
枣庄,10,3
枣庄1月 2026高三一模,6,3
查成绩,15,3
树人一模,8,3
桂林,6,3
桓台,12,3
梅州,8,3
楚天协作体高一三月月考,4,3
概率与统计,5,3
概率统计,4,3
模型,5,3
模拟信息卷2026,8,3
模拟卷 2026高三,11,3
模考 高三,15,3
正余弦定理,4,3
正定县,40,3
正弦定理和余弦定理,4,3
步步为赢,8,3
武 汉 市 2 0 2 6 届 三月调研考试,5,3
武 汉 市 2 0 2 6 届 中高三 毕 业 生三月 调 研 考 试数学,5,3
武 汉 市 2 0 2 6 届 高中毕业生三月调研考试,3,3
武威市中考题,4,3
武安市第一中学2024-2025学年高二下学期3月月考化学,4,3
武汉 三月 调考,5,3
武汉 二调,6,3
武汉3月调研,27,3
武汉一模,13,3
武汉三调2026数学,3,3
武汉三调2026数学高三,3,3
武汉三调数学,9,3
武汉三调生物,5,3
武汉九调,6,3
武汉九调数学,3,3
武汉市2026届高中毕业生3月调研考试,15,3
武汉市部分学校高三年级九月调研考试,5,3
武汉英语三调,7,3
比和比例,11,3
毕节2026第二次诊断考试,7,3
毕节中考,6,3
毕节市2025届高三年级第二次适应性考试,4,3
毕节市2026届高三年级第二次适应性考试英语答案,7,3
毕节市2026届高三年级高考第二次适应性考试数学,10,3
毕节市二诊考政治,5,3
汉中市普通高中高三年级第一次教学质量检测考试,8,3
汕头市潮阳实验学校,7,3
汕头金山中学,9,3
汕尾,12,3
江南,6,3
江南 十校 03月份 联2026,6,3
江南 十校 2月份 2025高三,7,3
江南十校2026高三,16,3
江科附中,10,3
江苏 九校 2026,8,3
江苏 苏锡常镇 2026,4,3
江苏026届 高三,11,3
江苏九校2026届高三3月联合测试数学试题,6,3
江苏二模,16,3
江苏八年级下学期阶段检测,10,3
江苏六年级下学期阶段检测,12,3
江苏南通,6,3
江苏南通 026高三一模,7,3
江苏省丹阳高级中学,9,3
江苏省九校联考2026,5,3
江苏省泰州中学,12,3
江苏苏北七市2025高三二模,9,3
江苏高一下学期阶段检测,29,3
江苏高三,4,3
江苏高三化学,4,3
江苏高三物理,5,3
江苏高三英语,6,3
江苏高二下学期阶段检测,14,3
江西2026一模,4,3
江西一模2026,6,3
江西九校联考 2026 高三,7,3
江西五市十校协作体高三,20,3
江西数学,23,3
江西物理,72,3
江西省九江市第1次模拟统一考试,16,3
江西赣州2026年高三摸底考试,8,3
江西阶段检测,5,3
江西高三,20,3
江西高考,6,3
江西高考政治,5,3
江都区第三中学,11,3
江门市2026年高考模拟,9,3
沈阳 1模 2026高三,7,3
沈阳120中学第七次质量检测,7,3
沈阳126,21,3
沈阳二中 2024 2025 学年度下学期 4 月阶段测试,7,3
沈阳市120中学,6,3
沈阳市二模,3,3
沈阳市于洪区零模数学初三,3,3
沈阳市第七中学,8,3
沈阳市铁西区二模英语,5,3
沧州2026一模,5,3
沧州一模2026,12,3
沧州市八县联考,12,3
沭阳高级中学,8,3
河东,16,3
河东2026一模天津,4,3
河东区 2026 一模,9,3
河东结课考,18,3
河北2025年中考试卷,5,3
河北一模,12,3
河北一模 2026,7,3
河北五个一名校联盟,7,3
河北省张家口市高三一模试卷,21,3
河北省沧州市东光县九年级,13,3
河北石家庄一模,6,3
河北衡水,4,3
河南 0225 高考 真题,5,3
河南一模20263月19,16,3
河南二模2026,8,3
河南五市一模,11,3
河南周口市鹿邑县涡北镇联合中学等校2025 2026学年九年级第二学期初中学业水平模拟,7,3
河南天 一 大联考 3月 2026,3,3
河南省信阳市固始县三模考试,16,3
河南省南阳市2026届高三下学期一模考试生物试题,8,3
河南省周口市西华县2025年中考一模试卷,6,3
河南省实验中学2026学年化学一模,7,3
河南省淮阳中学,9,3
河南阶段检测,28,3
河南高三一模2026,11,3
河池,8,3
河池市,14,3
河西,12,3
河间英华,7,3
泉州 023 2026高三 三模,7,3
泉州 1 月份 2025高三三检,6,3
泉州 2026高三三检,6,3
泉州 三检 2026,8,3
泉州 二检 2026,7,3
泉州3月份 2026高三三检,3,3
泉州二检,9,3
泉州五中高一下学期第一次月考,5,3
泉州第五中学,13,3
泗县,18,3
波的干涉,5,3
波的描述,7,3
泰兴,14,3
泰安 一模 2026,7,3
泰州1 5模,5,3
泰州中学,8,3
泰州二附中七下月考,10,3
泰州期初,12,3
泸州,7,3
洛必达法则2026一轮复习,6,3
洛阳,9,3
洞山中学,13,3
济南 023 2026高三 一模,8,3
济南一模物理,10,3
济南中考2025,4,3
济南历史一模,5,3
济南市2 026高三一模,6,3
济南市2026届高三第一次模拟考试,7,3
济南育英中学,7,3
济宁市2026年高考模拟考试,3,3
济宁市兖州区2025年一模,8,3
济宁附中,4,3
浙江 Z20 2026 届高三第二次联考试卷,5,3
浙江G12,4,3
浙江z20,11,3
浙江一模,4,3
浙江宁波十校,11,3
浙江期末,11,3
浙江物理1月首考真题,8,3
浙江语文,3,3
浮力压强 7大题型 20,5,3
海南华侨中学,7,3
海安中学,13,3
海安海陵中学,27,3
海拉尔第二中学,5,3
淄博市2025 2026学年度第一学期高三摸底质量检测,6,3
淮北,3,3
淮南二中,6,3
淮安,13,3
深一模2026,7,3
深圳 02026深圳一模数学,5,3
深圳 02026深圳一模数学高三,4,3
深圳 022026一模 化学,5,3
深圳 022026一模 地理,4,3
深圳 022026一模语文,5,3
深圳 2026 高三第一次调研,11,3
深圳 一模2026语文,5,3
深圳 一模2026高三,4,3
深圳一模数学,4,3
深圳二模,5,3
深圳历史一模2026,3,3
深圳外国语学校,8,3
深圳实验学校,6,3
深圳市一模,5,3
深圳调研,8,3
温州 024 2025一模,9,3
温州 1 .5模,3,3
温州 一模,6,3
温州一模数学,4,3
温州十校联考,5,3
港澳台联考,18,3
游标卡尺读数,5,3
湖北 高三2026,4,3
湖北3月高三联考2026,4,3
湖北云学联盟2025 2026学年高二下学期3月阶段检测语文试题,4,3
湖北初三英语一模,3,3
湖北十一校第二次联考,16,3
湖北十一校联考,13,3
湖北楚天协作体,8,3
湖北武汉,22,3
湖北武汉三调,12,3
湖北高三,8,3
湖北黄冈3月调考,3,3
湖北黄冈市2026届高三下学期3月模拟考试,5,3
湖南一模,9,3
湖南中考模考,7,3
湖南八年级下学期阶段检测,5,3
湖南师大附中 2 0 26届高三 月考卷 五,8,3
湖南邵阳二模,8,3
湖南长沙一模,5,3
湖南长郡中学,5,3
湖滨中学,7,3
湛江一模,12,3
溶液,11,3
滕州一中,5,3
滕州北辛中学七年级下学期英语月考,7,3
滨州一模 2026 高三数学,5,3
滨海新区,23,3
潍坊 一模 2026 高三,3,3
潍坊一模英语,4,3
潍坊高一下物理期中,7,3
潮汐组合钱塘甬真1号作品,42,3
火线100天2026中考数学 新疆科学技术出版社,6,3
点石 3月考试,7,3
点石联盟,7,3
烟台2024中考数学,7,3
烟台中考一模,4,3
焦作二模,12,3
牡丹江一中,6,3
牡丹江一中高三,5,3
物理 01 2024年初 中 八下,4,3
物理二模,6,3
物理光学专题,4,3
物理动态平衡,5,3
物理受力分析,4,3
物理学史,6,3
物理实验 2026复习专题实验专题,6,3
物理实验专题,6,3
物理摩擦力专项,5,3
物理机械波,3,3
物理电磁场压轴大题,4,3
物理电磁感应专项,5,3
物理知识点,6,3
物理试卷2026,5,3
物理高二下3月开学考,3,3
物质的量 1 专题复习,4,3
状语从句,16,3
独立性检验,4,3
王朝霞,7,3
珠海一模,18,3
理解型默写2026高考 60篇 部编版语文,3,3
瓜豆原理,5,3
甘肃 2026 高三 一模,6,3
甘肃庆阳2025中考,5,3
甘肃省天水市麦积区九年级中考考试模卷,9,3
甘肃省高二下月考,24,3
甘肃高二下学期阶段检测,15,3
生地会考真题2025,6,3
生态系统,11,3
生物3月月考,9,3
生物与细胞3大考点专项训练河北专用2026年中考生物一轮复习讲练测,5,3
生物中考,10,3
生物减数分裂,8,3
生物发酵工程,4,3
生物奥赛初赛,7,3
生物必修二月考卷,7,3
生物知识点,13,3
生物竞赛2025初赛,15,3
生物选修三知识点,8,3
生物遗传题,4,3
电化学,4,3
电场,5,3
电学实验专题,6,3
番禺,10,3
皖北协作2025一模,17,3
皖北协作区2025高三政治,11,3
皖北协作区2025高三数学,11,3
皖智,13,3
皖智教育9年级安徽第一卷2025 2026,4,3
盐城 南京 20252026学年度第一学期期末调研考试高三数学,3,3
盘锦市高级中学,8,3
相似三角形,14,3
省实验三月调研化学,7,3
石室中学二诊模拟,5,3
石室中学二诊模拟2026届,7,3
石家庄 一 模 2026,59,3
石家庄 高三 2026 一模,9,3
石家庄一模2025,4,3
石家庄二中实验学校高一下学期月考,10,3
硫,11,3
磁场,7,3
社会,8,3
福州一中 2025 2026,13,3
福州一模,6,3
福州市 3月质检高三,6,3
福州市高三年级三月质量检测,5,3
福州高三三月质检,6,3
福建 1月 福建高中 学业考试,6,3
福建 中考,8,3
福建期中,9,3
福建省 2 025普通高中学业水平合格考,8,3
福建省部分地市2025届高中毕业班4月诊断性质量检测,9,3
福鼎六中,3,3
离心率,3,3
离骚,5,3
秀峰中学,17,3
科学 八年级下 浙教,4,3
立体几何 02 高三一轮复习专题大题,4,3
竞赛培优专项训练,8,3
笔记,8,3
第 一单元,18,3
第1单元,10,3
第一次月考试卷,20,3
第七章 单元测试卷,12,3
第三单元,12,3
等差数列的前n项和,10,3
答題卡 1模板,3,3
精诚,5,3
红对勾,9,3
练客中考,6,3
绍兴,11,3
绵阳 2 诊,5,3
绵阳二诊数学,5,3
罗湖,11,3
考试,12,3
聊城 2026高三 一模政治,4,3
职高,15,3
联盟,7,3
联考卷,18,3
育明高中,5,3
自主招生数学,9,3
自主招生考试数学,9,3
自招考试,5,3
芜湖,27,3
花都,10,3
苏 锡 常 镇2026,5,3
苏北一模,19,3
苏北七市2025年高三2模试卷,16,3
苏北七市二模英语,4,3
苏北四市 026高三一模数学,6,3
苏州高三一模,5,3
苏锡常 2026 高三一模政治,6,3
苏锡常 2026 高三一模答案,12,3
苏锡常2026高三一模,7,3
苏锡常镇026高三一模英语,11,3
苏锡常镇一模英语,3,3
苏锡常镇历史一模,6,3
苏锡常镇四市高三教学情况调研,15,3
苏锡常镇语文一模,6,3
苏锡常镇高三,10,3
苏锡常镇高三二模,15,3
苏锡常高三一模,3,3
英语 作文2026高考必背模版,5,3
英语 听力2025 含听力材料及录音mp3,16,3
英语七选五2026届专项练习,9,3
英语周报2025 2026,22,3
英语周报2025 2026七下,6,3
英语完型填空2025专项练习,4,3
英语完形填空,3,3
英语月考,13,3
英语语法填空 100篇 专项训练,5,3
英语高一下,5,3
荆州2026高三三月调考数学,6,3
荆州中学,8,3
荆州二检答案,7,3
荆州市2026届高三三月调研考试,9,3
莆田 3月份2026统考高三,6,3
菏泽2026届高三一模,8,3
葫芦岛市高三一模,18,3
葫芦岛高三一模2026,36,3
虹桥,11,3
蚌埠二模,7,3
蜀道难理解性默写,5,3
行程问题,4,3
衡水一中,8,3
衡水中学2026高三一模全科带解析,8,3
衡水金卷先享题调研卷 2026年,11,3
裕华区一模2026,7,3
襄阳4中,3,3
西北四省联考,10,3
西北工业大学,3,3
西南2026届名校联盟3 3 3高考备战诊断性联考,5,3
西南大学,4,3
西城,11,3
西城一模,10,3
西大附中,11,3
西安交通大学附属中学,11,3
西安市高新一中一物理语2026,6,3
西安铁一中高三物理模考试题,9,3
西工大附中2026一模,5,3
西海岸新区自主招生,13,3
解三角 形025二轮专题大题高考,4,3
解答题,10,3
计算专项,8,3
讲义,6,3
论证思路 行文脉络,9,3
语文10篇阅读理解,4,3
语文作文2026开头结尾素材,4,3
语文广州一模,5,3
语文文言文 100篇专项训练,5,3
语文答题模板,4,3
语文高三,4,3
语文高考,4,3
语文默写,5,3
语法填空 高考真题汇编,5,3
语法填空专练,8,3
语言 文字运用2025复习专题,5,3
语言文字运用,5,3
诸暨市2025年12月高三诊断性考试试题,4,3
读 后 续写,4,3
课件 学案,7,3
课时练,15,3
贵州八年级下学期期中,11,3
贵百河,9,3
贵阳市第一中学,11,3
资料库,6,3
赣州1模数学,4,3
赣州市2026年高三年级摸底考试英语试卷,6,3
赤峰,80,3
赤峰二中,12,3
辽南协作校,12,3
辽南协作校高三,4,3
辽宁七年级下学期阶段检测,10,3
辽宁中考,7,3
辽宁中考模考,4,3
辽宁协作校高三物理,4,3
辽宁名校联盟2025 2026学年高一下学期3月测试,15,3
辽宁名校联盟2026年高考模拟卷 调研卷 答案,6,3
辽宁名校联盟调研卷2026,10,3
辽宁抚顺一模高三,20,3
辽宁点石联考高三3月,6,3
辽宁点石联考高三3月2模,16,3
辽宁省实验东北师大附中 哈尔滨师大附中 高三第一次联合模拟考试物理试卷,12,3
辽宁省实验中学 东北师大附中 哈尔滨师大附中2026年高三第一次联合模拟考试物理试卷,3,3
辽宁省高一下4月月考,6,3
辽宁联盟,9,3
辽宁辽阳市2026届高三第一次模拟数学试卷,5,3
辽宁高一下学期期中,33,3
辽宁高三2026年3月联考,9,3
辽宁高三一模,4,3
辽宁高三下学期高考模考,6,3
辽西,8,3
辽阳2026高三一模,17,3
追梦之旅,10,3
选修三,23,3
选修二,9,3
选择,7,3
选择性必修一,11,3
选择性必修二,8,3
通用技术,4,3
遗传 2024生物一轮复习专题题型大题,5,3
遗传大题,3,3
遗传大题专练,3,3
邕衡教育,5,3
邢台市第一中学,6,3
邯郸高三一模2026,4,3
邵阳,17,3
邵阳市2026届高三二模化学,3,3
邵阳市2026届高三二模物理,15,3
邵阳市二模化学,6,3
邵阳市第二次联考2026,8,3
邹城市第十一中学,19,3
郑州 2026高三第一次质量预测,4,3
郑州一中,10,3
郑州外国语学校,14,3
郴州一模,6,3
鄂尔多斯一模,6,3
鄂尔多斯市一中,13,3
鄂尔多斯市一模,64,3
鄂尔多斯市一模2026地理,5,3
鄂尔多斯市一模2026英语,13,3
酸 碱 盐 2025初中拔高习题,3,3
重庆 0223 八中,7,3
重庆一中高二化学,5,3
重庆一模,5,3
重庆中考10年真题合集,7,3
重庆中考模考,5,3
重庆二十九中,14,3
重庆八中 3月2026届高三下,37,3
重庆八中九下月考,18,3
重庆八中英语高一,7,3
重庆八中高二下开学考,5,3
重庆八中高二下数学周考,12,3
重庆八中高二下期中,3,3
重庆实验外国语学校,6,3
重庆市南开中学,9,3
重庆市名校联盟高三下学期,9,3
重庆市西南大学附属中学高二下数学周考,6,3
重庆康德,10,3
重庆第八中学,5,3
重庆育才,31,3
金丽忂12校2025学年高三第二次联考 数学,4,3
金丽忂12校地理,5,3
金丽衢十二校2025学年高三第二次联考,7,3
金卷,11,3
金山中学,5,3
金溪一中,15,3
金版学案,16,3
金版教程2026版,15,3
金考卷 2026版45套,10,3
钱塘甬真,7,3
铁岭,13,3
锐角三角函数,5,3
锦州,9,3
镇海,9,3
长乐一中高二下第一次月考,4,3
长春,7,3
长春外国语学校,14,3
长春高一下学期第一次月考,4,3
长沙2026 高三模拟,9,3
长沙一中2026届高三月考七,8,3
长沙一模,8,3
长沙长郡,9,3
长郡 20校2026届高三3,8,3
长郡 20校联考2025年12月数学试卷,3,3
长郡20校,10,3
长郡集团,9,3
闽侯一中2024 2025学年高二下3月份,4,3
阿城区,14,3
陕西七年级下学期阶段检测,7,3
隐圆,5,3
隐零点,4,3
雅礼中学2026届高三月考,6,3
雅礼高三月考7,9,3
零点,9,3
青 桐 鸣3月高三联考,9,3
青岛 023 2026高三 一模化学,3,3
青岛2025一模,7,3
青岛58中,9,3
青岛一模2026数学,6,3
青岛一模历史,4,3
青岛一模地理,5,3
青岛市,9,3
青岛期末2025 2026,7,3
青岛自招,12,3
青岛莱西一模,10,3
青岛零模,5,3
青岛高三一模数学,6,3
青海省西宁市大通县朔山中学2025-2026学年高三下学期开学考试（3月学情导航）历史试卷,7,3
青海省西宁市大通县朔山中学2025-2026学年高三下学期开学考试（3月学情导航）语文试卷,3,3
靖江外国语学校,10,3
非谓语动词,7,3
鞍山铁东,12,3
鞍山铁东区模拟,11,3
音乐,14,3
音乐中考模拟,8,3
首考1月2026浙江,4,3
马尔可夫链,5,3
驻马店,11,3
骆驼 祥子必背知识点及考点含答案,5,3
高 一下,9,3
高 三,33,3
高 二下 2月份开学考,6,3
高 考 2024高考真题,6,3
高一3月份开学联考试卷,10,3
高一上,8,3
高一下4月月考,22,3
高一下化学第一次月考,9,3
高一下地理3月月考,10,3
高一下学期3月,20,3
高一下学期化学3月月考,4,3
高一下学期数学3月月考,9,3
高一下学期数学第一次月考卷,4,3
高一下学期期中,16,3
高一下数学3月份月考,9,3
高一下数学第一次月考,8,3
高一下月考化学,6,3
高一下月考化学3月,8,3
高一下期中,7,3
高一下期中数学,4,3
高一下物理月考,7,3
高一下生物,12,3
高一下生物3月份月考,10,3
高一下英语,4,3
高一下英语期中试卷,13,3
高一下语文,7,3
高一化学必修二第一章检测题,3,3
高一必修二,13,3
高一数学,9,3
高一数学3月月考,8,3
高三 3月质量检测生物,4,3
高三 化学,13,3
高三 语文,11,3
高三2026,8,3
高三3月学习质量综合评估,53,3
高三一模英语,4,3
高三三月联考,8,3
高三二模,11,3
高三内部练,8,3
高三化学二模,24,3
高三年级第一次适应性检测,5,3
高三开年大联考,8,3
高三模考,4,3
高三河南联考,6,3
高三生物学,13,3
高三第七次质量检测2026,12,3
高三联考3月,9,3
高三英语3月,8,3
高三英语北京,6,3
高中,66,3
高中 语文1必修1 理解性默写,6,3
高中数列专题,8,3
高中数学 结论,14,3
高中数学选修三排列组合,3,3
高中物理实验 2025 复习 实验专题大全,5,3
高中物理实验 2026 复习 实验专题大全,6,3
高中英语七选五,5,3
高中英语作文模板,5,3
高中语文,7,3
高中语文120个文言实词,13,3
高二 3月,9,3
高二 数学,9,3
高二3月份开学联考试卷,14,3
高二3月月考物理,8,3
高二三月月考,11,3
高二下3月月考,10,3
高二下化学第一次月考,11,3
高二下学期3月月考数学,3,3
高二下学期月考,4,3
高二下学期期中,7,3
高二下学期期中考试,8,3
高二下学期物理月考,5,3
高二下学期第一次月考化学,4,3
高二下数学 3月 月考,20,3
高二下数学第一次月考,6,3
高二下月考数学,5,3
高二下期中考试,14,3
高二下期末,7,3
高二下物理,3,3
高二下第一次月考化学,8,3
高二开学考3月,7,3
高二数学导数,5,3
高二数学月考,6,3
高二第一次月考,34,3
高二第一次月考下学期,26,3
高二第一次月考下学期南开,7,3
高分突破,6,3
高考 作文 10大主题2026,8,3
高考 英语,10,3
高考 语文 1 卷,6,3
高考1卷2025数学,10,3
高考二卷,5,3
高考历年真题,10,3
高考模拟,7,3
高考物理磁场粒子偏转总结,4,3
高考生物,11,3
高考语文默写,5,3
高考题,18,3
鸿鹄志 名师测控,8,3
鹤壁,10,3
黄冈3月调研考试,6,3
黄冈二模,6,3
黄冈八模,7,3
黄冈名卷,12,3
黄冈名卷四下青岛版第四单元,6,3
黑吉辽,8,3
黑白卷,5,3
黑龙江 2026联考高三3月份,5,3
黑龙江七年级下学期阶段检测,12,3
黑龙江实验中学2026高三一模,9,3
黑龙江省,5,3
黑龙江高考模考,7,3
鼎成,5,3
鼎成原创模考,11,3
鼎成原创模考 九年级阶段性评价 一 2026,7,3
齐鲁名校大联考,9,3
齐齐哈尔一模2026,6,3
龙东十校联盟,6,3
龙东地区,22,3
龙岩一中,11,3
龙岩市2026年高中毕业班三月教学质量检测,8,3
，,5,3
*江苏省扬州市高一下学期化学第一次月考,2,2
#NAME?,4,2
- 历史：?江淮名卷 2025 安徽中考模拟信息卷(四) 历史- 历史：?江淮名卷 2025 安徽中考模拟信息卷(四) 历史,2,2
- ：2025鄂尔多斯中考一模地理?生物学（含体育）,7,2
//m.zxxk.com/soft/56734691.html,4,2
002026年广州市普通高中毕业班综合测试一数学,2,2
0205G303 雄安新区 高三开学 地理,2,2
024~2025河北省石家庄市长安区7年级下册人教版道德与法治3月月考试卷,3,2
026高三一模化学,2,2
041河北邢台市卓越联盟2025-2026学年下学期高三开学考试题,2,2
1 1 1,4,2
1. “2026高考数学信息必刷卷 全国二卷” 。,8,2
1.?浏阳市 八年级 理科素养大赛 数学 真题,3,2
10中,3,2
10月,3,2
120中学,4,2
122中学,5,2
126九下期初考试数学,7,2
134,17,2
134中学,5,2
17,2,2
1984年全国高考,3,2
1模 2026试卷,6,2
20-21青州六年级下学期期末考试,10,2
2016年宁夏中考英语卷子,5,2
2016年安徽中考英语,3,2
2016年武汉中考物理,3,2
2017年天津高考英语真题,3,2
2018-2019天津河北区初三上学期期末英语试卷答案,3,2
2018宜兴中考数学,3,2
2018年江西英语中考。,5,2
2018无锡中考物理,2,2
2019年株洲攸县,10,2
2019年江苏高考历史,3,2
20205届皖北协作区,4,2
2020全国1卷,4,2
2020全国1卷数学,3,2
2020年安徽中考数学试卷,2,2
2020河南省中考数学试题,3,2
2020语文全国二卷,8,2
2021-2022天津河北区初三一模化学试卷答案,2,2
20216月高考真题英语,4,2
2021全国乙卷英语,2,2
2021吉林省中考生物,2,2
2021天津高考,2,2
2021年兰州市中考试题真题卷,4,2
2021年天津数学高考真题,2,2
2021齐齐哈尔中考化学,7,2
2022 2023九年级市北数学,3,2
2022 新高考1卷 数学,2,2
2022-2023烟台高二下期中英语,2,2
2022—2023吉林长春德惠市物理,8,2
2022学年第二学期浙江省精诚联盟3月联考高二年级技术学科试题,5,2
2022宿迁中考数学真题,6,2
2022年58中化学自招,7,2
2022年中考试卷答案，徐州市,6,2
2022湖南生物高考,3,2
2022盐城中考卷,9,2
2022福建中考,3,2
2022至2023学年度第二学期期末质量监测六年级科学青岛市黄岛区,4,2
2023 0 1 1卷 数学高考 真题,2,2
2023 2024,9,2
2023 数学 全国甲卷真题,2,2
2023-2024学年安徽省合肥市部分学校高一下学期第一次月考政治试卷,3,2
2023-2024烟台高二下期中英语,2,2
2023-2024辽宁省高二化学,3,2
2023-2025年陕西省普通高中学业水平合格性考试 历年真题汇编,2,2
2023~2024届期末,7,2
2023~2024深圳市福田区期中,7,2
2023全国甲卷 高考英语,5,2
2023全国甲卷数学,6,2
2023地理中考,6,2
2023山东高考卷地理答案,12,2
2023年一模历史,3,2
2023年云南省初中学业水平考试数学模拟卷三官渡区第一中学,3,2
2023年全国乙卷,3,2
2023年安徽中考道法试卷,3,2
2023年山东卷,3,2
2023年山东高考物理真题,2,2
2023年广东中考道德与法治真题,3,2
2023年新高考一卷和二卷数学,4,2
2023年普通高等学校招生全国统一考试,4,2
2023年江苏省南京市中考数学试卷,5,2
2023年湘潭市初中学业水平考试试卷,7,2
2023年郴州中考化学一模,2,2
2023年郴州化学一模,2,2
2023年青海中考卷,4,2
2023年，成都七中高三二模语文,2,2
2023徐州英语高一期中,10,2
2023数学二模,6,2
2023数学全国甲卷,2,2
2023江苏省淮安市英语中考卷,6,2
2023海南中考试卷数学,3,2
2023盐城中考卷,4,2
2023石城县物理竞赛,2,2
2023级成都二诊,15,2
2023级成都二诊政治,12,2
2023重庆化学高考题,2,2
2023陕西政治延安宝塔区中考卷子,2,2
2024 0 1 1卷 地理 真题高考,9,2
2024 0 全国高考数学甲卷,3,2
2024 2025 高二下化学福建省宁德市古田第一中学第一次月考,8,2
2024 2025七年级下册平山县数学卷子,6,2
2024 2025莒县期中,8,2
2024 2025鱼台县九年级一模数学,5,2
2024 年新疆生物会考,8,2
2024 新高考数学二卷,4,2
2024-2025八下蔡甸区期中英语,3,2
2024-2025咸阳秦都第一学期5年级期末试卷,10,2
2024-2025天津市部分区高二下学期期中数学,3,2
2024-2025学年安徽高二3月调研天一,3,2
2024-2025学年度八年级第二学期甘井子区数学期中测试卷,3,2
2024-2025学年度第一学期八下语文质量检测期中城阳区,8,2
2024-2025学年度第一学期八下语文质量检测期中市南区,6,2
2024-2025学年度第二学期期中学业水平抽样评估,7,2
2024-2025年唐山市古冶区四年级下语文,3,2
2024-2025年宁德市博雅高一下,3,2
2024-2025年烟台实验中学八下生物第一次月考,8,2
2024-2025海口重点中学高三仿真试题语文答案,4,2
2024-2025湖北省孝感市应城市生地一模八年级,5,2
2024-2025芜湖九下数学一模,3,2
2024-2025高一下物理第一次月考试卷辽宁,2,2
2024-2025高中扬州市二模数学卷子卷子,3,2
20242025江苏宿迁九年级下学期月考,7,2
20242025济宁市任城区九年级第一次模拟考试,3,2
20242025湖南省化学,6,2
2024~2025 天津市部分区高二第二学期期末,7,2
2024~2025 焦作市高三二模考试,5,2
2024~2025126第一次月考数学,7,2
2024~2025厦门双十中学高一3月月考,2,2
2024~2025学年下南阳高一下学期六校第一次联考,9,2
2024~2025学年度第二学期阶段性练习一七年级,14,2
2024~2025年度，山东省烟台市第二学期高二期中化学试卷。,2,2
2024~2025江门市江海区8下物理期中考试卷,4,2
2024~2025高一下实验中学三月份月考卷,7,2
2024~2025，雅礼中学高一下第一次月考,2,2
2024~202，深圳市中考卷,3,2
2024—2025北京市平谷区第五中学地理月考试卷,11,2
2024—2025延边二中数学高一下,3,2
2024东城化学二模,3,2
2024东岳中学,4,2
2024中考语文济宁,3,2
2024乌鲁木齐市二模理综,4,2
2024余杭区一模,2,2
2024佛山中考一模化学试卷,6,2
2024全国甲卷数学,3,2
2024到2025吉林地区三调,14,2
2024到2025哈六中高一上12月月考卷化学,6,2
2024到2025哈六中高一上12月月考卷物理,4,2
2024到2025山东省济宁市高二下第一次月考试卷,5,2
2024到2025年九年级上册山东省济宁市曲阜市一模卷,4,2
2024到2025年九年级山东省济宁市曲阜市一模卷,3,2
2024到2025年广东省深圳高级中学集团八年级下期中数学试卷,3,2
2024单招数学真题,11,2
2024南京中职数学,2,2
2024四川高考,3,2
2024天津历史高考,4,2
2024学年第二学期浙江省五湖联盟期中联考高一一年级地理学科,3,2
2024学年第二学期温州市第二中学八年级期中检测语文试题,2,2
2024届南京盐城高三一模生物,2,2
2024届吉林地区第三次调研考试,4,2
2024山东历史高考真题,3,2
2024山东生物高考真题,3,2
2024山东高考物理,2,2
2024山东高考物理真题,4,2
2024年,6,2
2024年 河北省八年级生物中考真题试卷,4,2
2024年中考卷安徽,6,2
2024年中考历史总复习核心考点与重难点【速查速记】,15,2
2024年中考真题临沂数学,4,2
2024年九年级毕业暨升学模拟考试一语文,4,2
2024年南充市语文一诊初三,2,2
2024年天津市和平区初三历史一模,5,2
2024年天津数学高考真题,4,2
2024年安徽高考政治真题,4,2
2024年山东卷地理高考真题,3,2
2024年山东省菏泽市九年级下册英语期末试题,20,2
2024年山西历史中考卷,2,2
2024年广东中考,8,2
2024年广东省广州市中考试卷,6,2
2024年广安市一诊，数学,3,2
2024年方城7年级下册英语期中,2,2
2024年无锡市新吴区小学英语六年级下u3基础练习,5,2
2024年普通高等学校招生全国统一考试,3,2
2024年杭州主城区（拱墅/上城）一模社会卷,3,2
2024年江苏省泰州市姜堰区七上语文姜堰四中期末调研试卷答案,3,2
2024年济南市初中学业水平考试答案,6,2
2024年漳州市初中毕业班质量检测,10,2
2024年烟台高一上期末卷,5,2
2024年福建高考物理真题,3,2
2024年莱西英语中考一模,4,2
2024年陕西省初中学业水平考试数学试卷,2,2
2024年陕西省高中合格考真题卷语文。,4,2
2024年青岛市城阳区一模语文题,3,2
2024成都中考,4,2
2024扬州高一下期末化学,2,2
2024新高考1卷,8,2
2024日语高考真题,5,2
2024河南中考数学真题,2,2
2024河西区第二学期九年级结课质量调查化学,5,2
2024济宁市生物会考真题,4,2
2024浙里特色联盟,3,2
2024皖北协作区数学,3,2
2024福州高三三检英语,3,2
2024秋学期江阴市初中学业水平调研测试九年级物理试题,4,2
2024级高一第二学期第一次月考物理试题,4,2
2024至2025利津期中语文试题,2,2
2024至2025学年高一下语文，福建,2,2
2024语文二卷高考,2,2
2024镇海模拟,12,2
2024高一下陕西西安碑林区月考,4,2
2024高考日语,3,2
2024高考英语福建,4,2
2024黑吉辽化学高考真题,3,2
2025  01全国新高考1卷 数学,3,2
2025 0 1 1卷 九年级 化学 真题,9,2
2025 0 1 二卷 数学 真题,3,2
2025 0 1全国1数学高考真题,2,2
2025 2026中学生能力训练数学限时作业 六,5,2
2025 2026学年 福州 市高三级三月质量检测 3月英语,4,2
2025 2026学年中考二模,5,2
2025 2026学年度苏锡常镇四市高三教学情况调研 一,10,2
2025 2026学年第二学期九年级开学摸底检测,4,2
2025 2026福州市高三三月质量检测,7,2
2025 如皋一模物化试卷,8,2
2025 年 中考 数学,3,2
2025 年辽宁省高考数学题,3,2
2025 年高考数学1卷全国卷真题,3,2
2025 数学 1卷全国1卷,2,2
2025 新高考 1卷 数学,10,2
2025 济宁兖州区一模物理卷,3,2
2025 福建 高考 化学,10,2
2025 语文 1卷高考卷真题,2,2
2025 高考0 1 一卷 英语,3,2
2025-2026,2,2
2025-2026七下数学第一次月考,4,2
2025-2026三明政治一检卷,3,2
2025-2026东海县7年级下册历史期中考试历史,6,2
2025-2026九下化学,7,2
2025-2026学年上学期初中学生阶段性评价九年级语文试题,3,2
2025-2026学年度9年级化学质量评估试卷,9,2
2025-2026学年度上学期期末学情调研检测六年级英语试卷,2,2
2025-2026学年度上学期葫芦岛高三第一次考试数学试卷,2,2
2025-2026学年度下学期阶段复习九年级语文,4,2
2025-2026学年度第一学期期末学业水平检测高三英语,4,2
2025-2026学年林芝市一中高二上期末数学试卷（含答案）,4,2
2025-2026年湖北省武汉市高一年级期中考试,7,2
2025-2026期末考试卷政治菏泽,8,2
2025-2026高中数学零诊试卷,2,2
2025-2026高二下学期泰安市期中考试,2,2
20252026苏锡常镇高三,2,2
20254月高一数学,8,2
2025~2026初三年级第五次联考测试语文试卷,17,2
2025~2026学年 江西省抚州市南城县 数学九年级上册期末考试,9,2
2025~2026学年福州市高三年级3月质量检测英语,2,2
2025~2026年宿迁市沭阳县第一次月考七年级数学试卷,4,2
2025~2026年度第二学期6年级第一阶段创新作业。,4,2
2025—2026学年北京市新高三入学定位考试 地理 完整答案（含解析）,2,2
2025—2026高三一轮复习单元检测卷语文,9,2
2025一2026 五年级1单元语文真题模拟,2,2
2025东城一模,3,2
2025东莞质检政治答案,4,2
2025中考9年级数学,5,2
2025中考卷西宁,7,2
2025中考数学卷子,5,2
2025中考数学真题卷,2,2
2025中考数学试卷,10,2
2025中考模拟卷,5,2
2025中考浙江语文,2,2
2025中考英语,9,2
2025丹东东港市七年级下学期数学第一个月考,2,2
2025二模安阳高三,3,2
2025佛山一模英语,5,2
2025全国卷政治真题,2,2
2025八省联考,3,2
2025六盘水市钟山区初三一模,4,2
2025兴宁县初三一模数学,7,2
2025初中道德与法治济南一模,5,2
2025到2026学年度下期高2026届二诊模拟,4,2
2025到2026学年度备考信息导航演练,3,2
2025到2026年，南通市启秀中学,18,2
2025化学高考真题,5,2
2025北京中考数学,2,2
2025北京中考语文试卷,4,2
2025北京海淀高三一模政治,4,2
2025北京西城高三一模英语,2,2
2025北京高中海淀数学一模,2,2
2025北京高考,4,2
2025北京高考数学,3,2
2025北京高考真题,2,2
2025南昌市一模,6,2
2025南通二模,8,2
2025南通二模物理,5,2
2025南通市北启秀八年级下数学月考,2,2
2025南通市海门区英语中考卷,5,2
2025双十中学九年级下册数学月考,3,2
2025合肥市包河区英语一模,2,2
2025吉林白城中考,2,2
2025四川自贡数学中考,3,2
2025地理6月高考试卷,3,2
2025地理中考真题,4,2
2025地理高考,5,2
2025大连一模,6,2
2025天津二南开九下三月月考历史,2,2
2025天津市武清区杨村第八中学九年级下学期第一次月考,12,2
2025太原市高三一模英语,6,2
2025奉贤二模,4,2
2025姜堰励才小升初提招,6,2
2025学年云南音乐高中学业水平考试试卷,4,2
2025宁国市一模试卷,7,2
2025宁德初中毕业班中考一模,2,2
2025安徽高考,3,2
2025定州中考一模,7,2
2025宿迁中考数学试卷,7,2
2025届南宁市西乡塘区一模化学,5,2
2025届安徽省江南十校联考高三,2,2
2025届安徽省皖北协作区,4,2
2025届成都二诊,5,2
2025届成都二诊数学,3,2
2025届新疆喀什地区高三5月适应性检测（三模）理综卷,4,2
2025届新疆维吾尔自治区乌鲁木齐地区高三二模语文试题,5,2
2025届江苏省南通市高三第一次模拟考试数学,4,2
2025届皖南八校高三第三次大联考政治,6,2
2025届高三安庆二模,28,2
2025届高三第二次复习统一检测,8,2
2025届高考英语之状语专题复习,4,2
2025山东中考,8,2
2025山东卷物理,5,2
2025山东历史,2,2
2025山东大教育联盟联考,4,2
2025山东学业水平考试数学数学模拟试题一,3,2
2025山东学业水平考试数学数学模拟试题一济宁,2,2
2025山东数学中考真题,4,2
2025山东烟台高二下三月生物月考,2,2
2025山东省临清市中考一模,3,2
2025山东省威海市高三下学期化学,4,2
2025山东省泰安市新泰市中考历史题,2,2
2025山东省菏泽高中期中期末,5,2
2025山东聊城化学一模卷,8,2
2025山东聊城数学一模卷,12,2
2025山东英语中考题,4,2
2025山西中考真题,3,2
2025年6月高中数学学业水平福建,13,2
2025年三门峡市一模考试试卷,5,2
2025年中考,8,2
2025年中考历史,12,2
2025年中考英语卷子,5,2
2025年中考试卷，贵州英语,2,2
2025年临沂高三一模物理,2,2
2025年乌鲁木齐二模理综,3,2
2025年九江市3月份月考试卷。,9,2
2025年云南省昭通市一模,2,2
2025年佛山市南海区里水镇初中一模英语试卷,2,2
2025年全国二卷,8,2
2025年全国二卷数学,3,2
2025年全国统一高考数学试卷,3,2
2025年全国高考二卷语文,3,2
2025年全国高考卷政治,2,2
2025年八年级生物期末测试卷乐陵市,2,2
2025年兰州市九年级一模试卷,8,2
2025年内蒙古中考化学试题,4,2
2025年内蒙古自治区初中学业水平测试预测卷,6,2
2025年初31模山西省，侯马市,3,2
2025年初中学业水平考试模拟试卷语文,7,2
2025年初中学业水平调研 中考一模模拟测试化学,3,2
2025年初中水平第一次模拟考试数学,2,2
2025年到2026年学第一学期期末教学质量检测与城市八年级语文,2,2
2025年化学高考真题,6,2
2025年合肥市高三第二次教学质量检测英语试卷,3,2
2025年吉林省二模,5,2
2025年四川省高考物理,3,2
2025年大连市一模,6,2
2025年大连市一模物理,3,2
2025年天津市12区重点学校高三毕业班联考,4,2
2025年天津市红桥区初三数学一模考试,4,2
2025年天津市语文中考,3,2
2025年天津英语高考试题,3,2
2025年天津部分区初中英语下学期期末真卷,9,2
2025年太康县九年级一模试卷,2,2
2025年宁夏中考,3,2
2025年宁德市初中毕业班一模,5,2
2025年安庆二模试卷,6,2
2025年安徽高二下学期数学,8,2
2025年宜宾中考数学试题,3,2
2025年宜宾市二中一诊物理,3,2
2025年山东省德州市化学中考试卷,3,2
2025年山东省德州市陵城区初中一模英语试题,2,2
2025年山东省政治高考题,3,2
2025年山东省数学竞赛一试,5,2
2025年山东省泰安市岱岳区英语一模,2,2
2025年山东省济南市中考生物试题,3,2
2025年山东省济宁市嘉祥县中考一模试卷,21,2
2025年山东省济宁市曲阜市中考一模考试,3,2
2025年山东省济宁市邹城市中考一模语文试题及答案解析,3,2
2025年山东省潍坊市中考数学题,3,2
2025年山东省聊城市初中物理一模,3,2
2025年山东省菏泽市鄄城县语文中考题,3,2
2025年山东省高考试卷,5,2
2025年市区九年级一模数学试题,7,2
2025年平度一模数学,2,2
2025年广东中考数学试卷,4,2
2025年广东省深圳市高三年级第一次模拟,4,2
2025年广东省第一次普通高中学业水平合格性考试生物试题,3,2
2025年广东省茂名市高州市部分学校联考模拟预测九年级数学试题,4,2
2025年广东高考物理考试卷。,2,2
2025年广安市一诊,18,2
2025年广西桂林初三一模化学,9,2
2025年广西贵港高三二模卷,3,2
2025年徐州市铜山区数学高二期下中考试,4,2
2025年德州中考语文第一次模拟考试卷及答案,3,2
2025年德州市中考物理试题,3,2
2025年怀化市中考真题,2,2
2025年成都二诊,5,2
2025年扬州语文九年级一模,4,2
2025年抚州九年级第二次教学检测,3,2
2025年政史地高考卷,3,2
2025年数学竞赛苏州市预选赛,2,2
2025年新安县语文一练卷子,5,2
2025年新泰一模物理,3,2
2025年新高考一卷数学试卷,3,2
2025年昆明市五华区语文摸底测试卷九年级,2,2
2025年昆明市盘龙区地理二模,3,2
2025年昆明市统测化学中考,2,2
2025年晋江英语一检,15,2
2025年普通高等学校招生全国统一考试,2,2
2025年普高全国统一考试全国一卷英语,3,2
2025年武汉市九年级英语3月模拟考试,5,2
2025年江苏常州历史三月新课结束练,3,2
2025年江苏物理高考题,2,2
2025年江苏省无锡市锡东片中考一模物理,4,2
2025年江西中考历史真题,4,2
2025年河北中考化学试卷,3,2
2025年河北中考物理试卷,3,2
2025年河北区初中学业水平考试模拟一,5,2
2025年河北省普通高中学业水平选择性考试化学答案与解析,3,2
2025年河北省沧州市东光县第一中学第一次模拟考试化学试卷,4,2
2025年河南师范大学附属中学第三次英语模拟考试,3,2
2025年河南省实验中学高一下学期第一次月考,4,2
2025年河南省新乡市历史一模卷。,4,2
2025年河南省高考适应性测试生物,5,2
2025年泰安东平化学中考真题,4,2
2025年泰安市新泰区一模，英语,2,2
2025年泸州中考数学卷,5,2
2025年济南地理会考一模,7,2
2025年济南市数学中考真题,3,2
2025年济南数学中考真题。,4,2
2025年浙江省杭州市余杭区二模,4,2
2025年海南高考数学真题,4,2
2025年淄博市高一语文卷,2,2
2025年淮安中考试卷,3,2
2025年淮安市中考试卷,2,2
2025年深圳市高三年级第一次调研考试,5,2
2025年温州市一模试卷,9,2
2025年湖北省武汉市青山区中考五调历史试题,3,2
2025年湖北省黄冈市化学中考试卷,3,2
2025年湖南历史高考真题,3,2
2025年湖南省岳阳市岳楼区第18中学一模英语试卷,4,2
2025年湖南省张家界桑植县中考物理三模试卷,3,2
2025年湖南省长沙市博才实验中学联考中考三模,3,2
2025年湖南高考试卷,5,2
2025年漳州九年级一检卷英语,4,2
2025年漳州市初中毕业班质量检测,5,2
2025年玉林一模试卷,5,2
2025年理科生物 四川省高考试卷,4,2
2025年甘肃省定西市临洮县一模,2,2
2025年生地会考一模,4,2
2025年省城名校中考大联考化学,4,2
2025年石家庄市初中毕业年级教学质量一模,4,2
2025年石家庄市初中毕业年级教学质量检测,3,2
2025年福建数学中考,3,2
2025年第一学期上海市行知中学高三化学,2,2
2025年红桥区结课化学卷子,3,2
2025年聊城高一下期中物理试卷,3,2
2025年苏州昆山市物理模考,19,2
2025年英语高考真题,2,2
2025年贵州政治高考真题,3,2
2025年贵州省普通高中学业水平选择性考试适应性测试,6,2
2025年贵州省黔东南州中考一模历史试题,3,2
2025年资阳市雁江区中考真题，数学,5,2
2025年辽宁省大连市西岗区化学一模,5,2
2025年辽宁省营口市二模,8,2
2025年辽宁锦州市一模化学,4,2
2025年辽宁高考,3,2
2025年邯郸市高三年级春季第一次调研检测,6,2
2025年邵阳市高三第二次联考试卷语文,3,2
2025年鄂尔多斯市一模,9,2
2025年重庆市初中学业水平暨高中招生考试数学试卷,5,2
2025年长郡高二下年级第一次月考,6,2
2025年陕西中考物理,6,2
2025年陕西省学业水平合格性考试真题,4,2
2025年陕西省普通高中学业水平合格性考试政治试卷,2,2
2025年陕西省普通高中学业水平合格性考试真题,4,2
2025年高三八市联考,9,2
2025年高三语文英语二模题,5,2
2025年高新区新市区九年级适应性测试,2,2
2025年高考,2,2
2025年高考天津卷数学真题,3,2
2025年高考数学二卷,3,2
2025年高考物理江西卷,7,2
2025年高考生物真题,3,2
2025年高考真题,3,2
2025年高考真题分类汇编,8,2
2025年高考英语作文,3,2
2025年龙岩英语初三升学质量检测,8,2
2025广东中考语文,3,2
2025广东中考语文真题,2,2
2025广东生物联赛,3,2
2025广州一模,16,2
2025广西巴马县,5,2
2025广西高考化学真题,2,2
2025廊坊一模,8,2
2025张家口万全区一模,3,2
2025彭水县中考一模考,2,2
2025房县中考一模语文,3,2
2025政治高考真题,4,2
2025数学高考,3,2
2025数学高考真题,6,2
2025新一卷数学,3,2
2025新疆一模语文试卷,4,2
2025新高考一卷答题卡,3,2
2025新高考一卷英语,2,2
2025昆明市初中学业质量诊断性检测,5,2
2025春学期夏港中学第2次作业反馈八年级英语,2,2
2025普通高等学校招生全国统一考试全国一卷，山东卷,2,2
2025朝阳一模,3,2
2025枣庄中考数学,3,2
2025枣庄二模,4,2
2025枣庄高三二调,9,2
2025武汉九调,5,2
2025武汉四调,4,2
2025武汉市高三九调数学,3,2
2025沈阳市二模,5,2
2025河东区九年级第二学生结课质量调查,3,2
2025河北中考数学,2,2
2025河北中考语文真题,4,2
2025河北唐山模拟,5,2
2025河北地理高考真题,12,2
2025河北省中考,4,2
2025河北高考,17,2
2025河北高考化学真题,3,2
2025河源市一模试卷,3,2
2025河西区九年级第二学期结课质量调查,6,2
2025泰安一模数学岱岳区,2,2
2025泰安肥城一模数学中考,3,2
2025济南二模数学,4,2
2025济宁中考化学,3,2
2025济宁市邹城历史一模,5,2
2025浙江中考,4,2
2025浙江中考数学,6,2
2025浙江二模英语,2,2
2025浙江高中学业水平测试语文试卷,3,2
2025海南四校联考化学,2,2
2025海南物理高考真题,3,2
2025湖北中考,5,2
2025湖北省中考物理,4,2
2025湖北省十堰市名校联盟,2,2
2025湖北省恩施州地生中考试卷,5,2
2025湖南生物高考卷,4,2
2025漳州初中毕业班适应性检测英语,3,2
2025潍坊中考,4,2
2025版创新设计必修一数学,3,2
2025物理 1卷高考全国卷真题,5,2
2025物理一模,4,2
2025物理山东模拟,8,2
2025物理高考卷,9,2
2025甘肃武威市凉州区武威九中中考一轮复习,6,2
2025甘肃物理高考卷,2,2
2025甘肃省历史,9,2
2025甘肃省普通高等学校招生统一考试,6,2
2025甘肃省高考真题,3,2
2025甘肃高考生物真题,4,2
2025生物天津市和平区二模,4,2
2025生物竞赛初试高中生,4,2
2025皖南八校联考日语,2,2
2025真题卷,6,2
2025福州二检,5,2
2025福建中考,6,2
2025福建卷高考历史,2,2
2025福建厦门二模数学,2,2
2025秋季期末文化素质调研九年级作业,3,2
2025红河州文山州第三次州统测生物卷,3,2
2025至2026天津市第七中学九年级第二学期结课考试,9,2
2025至2026学年度天津河东杰克考九年级化学,2,2
2025芝罘区一模英语,4,2
2025苏北七市二模数学,2,2
2025英语全国二卷,6,2
2025茌平中考原题,21,2
2025莱芜区一模物理,2,2
2025菏泽中考化学,3,2
2025菏泽二模,3,2
2025菏泽二模化学,3,2
2025衡阳市铁一中沃土计划试卷,5,2
2025西城一模,8,2
2025西海岸一模语文,10,2
2025西藏中考题,5,2
2025语文一模高中,5,2
2025质检一化学,5,2
2025贵州物理高考卷,6,2
2025贵州生物高考试卷,5,2
2025贵州省适应性考试化学,7,2
2025贵州省黔东南州初三一模,2,2
2025贵州铜仁中考真题 学科网,5,2
2025贵州高考,4,2
2025贵州高考政治真题,3,2
2025赤峰市松山区中考化学一模,2,2
2025辽宁一模,20,2
2025辽宁名校联盟高一三月月考,3,2
2025辽宁高考物理,2,2
2025连云港高三二模英语,4,2
2025鄂东南联考高二上学期,4,2
2025鄂尔多斯市初中一模,12,2
2025重庆渝北区指标到校试卷,7,2
2025金丽衢十二校第二次联考地理,2,2
2025长春二模,18,2
2025长沙县九年级数学竞赛,3,2
2025陇南市西和县物化第一次模拟考试,2,2
2025陕西省学业水平合格性考试真题,8,2
2025陕西省高一学考真题,3,2
2025青岛一模数学,2,2
2025青岛市城阳区第五中学一模数学,9,2
2025青岛物理自招题,16,2
2025高一下德州政治期中,3,2
2025高一沭阳月考卷,4,2
2025高三太原市一模,3,2
2025高二下4月月考语文安徽省歙县中学,3,2
2025高考2卷英语,3,2
2025高考一卷英语,2,2
2025高考化学,3,2
2025麦积初中毕业暨第一次,2,2
2025黑吉辽政治高考真题解析,2,2
2025黑龙江高考,2,2
2025－2026南岗区一模,4,2
2026 0 1 一 卷浙江首考 英语真题,2,2
2026 C20二模政治,2,2
2026 T8联考,6,2
2026 T8联考高三第一次八省联考,5,2
2026 一模,2,2
2026 合肥市高三第一次教学质量检测,4,2
2026 届广东广州市普通高中毕业班综合测试（一）政治试题,3,2
2026 届高三1月大联考卷 新课标卷,3,2
2026 年0 1 一 卷浙江省首考 高考,4,2
2026 年全国高考冲刺压轴卷 一 语文,2,2
2026 年深圳市高三年级第一次调研考试语文,4,2
2026 年高三第一次联合模拟考试,3,2
2026 广东一模,4,2
2026 广州 数学,2,2
2026 广州一模 语文,4,2
2026 广州一模英语,3,2
2026 广州市 一模 数学,3,2
2026 普陀 一模 语文,2,2
2026 武汉 03月 调研英语,4,2
2026 武汉 03月 调研高三历史,2,2
2026 河南五市一模,5,2
2026 浙江 01月 英语首考真题,2,2
2026 浙江首考 物理 真题原卷,8,2
2026 深圳 高三 第一次调研英语,3,2
2026 谷县天水一模,7,2
2026 重庆巴蜀初三物理,5,2
20260313,4,2
2026C20安徽,2,2
2026C20安徽一模数学,3,2
2026~2025年五年级下册重庆市渝中区鼓楼人和街小学语文1~2单元测试卷人教版,6,2
2026一战成名新中考 河北地理 一轮复习 一阶填图过基础（讲+练）,8,2
2026一模卷苏锡常镇,3,2
2026三月高三强基联盟,5,2
2026三省三校,5,2
2026三省三校 黑龙江哈师大附中 东北师大附中,3,2
2026上海化学高三二模,8,2
2026东北三省三校2026届高三第一次联合模拟考试,9,2
2026中考一模卷,4,2
2026中考一轮复习,2,2
2026中考第一次模拟考试,2,2
2026临沂高三一模历史,3,2
2026乌鲁木齐市高三二模,4,2
2026乌鲁木齐高三二模文科,3,2
2026九年级中招模拟校内重点训练一,5,2
2026九校联考,5,2
2026人教版人教版四年级语文下学期期中试卷,9,2
2026佛山一模,6,2
2026全国100所名校高考模拟示范卷,6,2
2026全国高考冲刺压轴卷,4,2
2026兰州市一诊英语,3,2
2026兰州市高三模拟考试,5,2
2026初中一摸新疆,3,2
2026初中一模惠山区,2,2
2026初中数学适应性测验滨州,2,2
2026初中水平考试生物学模拟,3,2
2026化学一模,5,2
2026北京市海淀区一模英语试卷包括听力音频,2,2
2026北京西城高三上期末历史,3,2
2026单招数学,4,2
2026单招数学四川,2,2
2026南宁数学九年级,2,2
2026南岗区一模化学,2,2
2026南岗区一模英语,13,2
2026南昌一模数学,3,2
2026南阳一模英语,4,2
2026南阳市一模,3,2
2026南阳市一模历史,2,2
2026卷子,3,2
2026各地英语高考模拟卷,3,2
2026合肥八中3月模拟英语,6,2
2026呃 山东菏泽一模历史,3,2
2026呼和浩特一模,4,2
2026呼市一模卷数学,11,2
2026呼市一模卷数学高三,3,2
2026哈三中一模,5,2
2026哈尔滨南岗区一模九年级,8,2
2026唐山一模生物,7,2
2026四川单招,5,2
2026天一大联考二模数学,5,2
2026天一高一2月数学,4,2
2026天津一英语首考,3,2
2026天津红桥九年级结课考,2,2
2026天津红桥结课考,6,2
2026天津首考英语,3,2
2026天津高考一模,3,2
2026学年河北省石家庄市裕华区语文基摸卷,6,2
2026学科素养评价练习,5,2
2026宁夏一模,3,2
2026安师联盟A卷,15,2
2026安徽C20合肥中考模拟试卷,20,2
2026宝鸡二模,8,2
2026宝鸡二模数学,3,2
2026宝鸡市高考二检物理,2,2
2026届三月份学情检测卷物理,3,2
2026届上海嘉定区高三下学期,2,2
2026届商洛高三一模,6,2
2026届四川省百师联盟高三上学期一轮复习12月质量检测日语,2,2
2026届大湾区普通高中毕业年级联合模拟考试,2,2
2026届大湾区普通高中毕业年级联合模拟考试 一,4,2
2026届天津市滨海新区塘沽第一中学等十二校高三下学期一模物理试卷,2,2
2026届山东省日照市高三第一次模拟考试历史,3,2
2026届山东省淄博市高三一模历史。,3,2
2026届山东省滨州市高三下学期一模历史试题,6,2
2026届山东省菏泽市高三下学期一模试题,6,2
2026届山东省菏泽市高三期末化学试题,8,2
2026届山东省菏泽市高三期末试题,6,2
2026届山东省部分高中高三下学期3月学习质量综合评估,8,2
2026届山东省部分高中高三下学期3月学习质量综合评估物理试题,3,2
2026届广东省高考模拟政治,4,2
2026届广东衡水金卷高三8月，日语试卷,4,2
2026届广州市普通高中毕业班综合测试,3,2
2026届广州市高三年级一模,4,2
2026届延安市高三第二次模考,6,2
2026届成都二诊数学,3,2
2026届成都二诊语文,7,2
2026届新高三学情摸底考 新课标卷,7,2
2026届新高三学情摸底考（新高考卷）地理,8,2
2026届江西南昌市高三下学期三月测试（一模）历史试题,8,2
2026届河北承德市承德县第一中学高三一模英语试题,5,2
2026届浙江省宁波十校高三下学期3月二模联考历史,4,2
2026届浙江省宁波十校高三下学期3月二模联考政治,4,2
2026届浙江省强基联盟高三下3月联考,5,2
2026届浙江金丽衢12校高三一模语文试题,2,2
2026届浙江金丽衢12校高三第二次联考,2,2
2026届湖北孝感市楚天协作体高三下学期3月联考,5,2
2026届湖南省湖南湘一名校联盟高三下学期二模物理试题,2,2
2026届湖南邵阳市高三下学期二模,4,2
2026届石家庄市普通高中学校毕业年级教学质量检测 一,17,2
2026届福建泉州市、三明市高中毕业班质量检测（一）高三下学期英语试题,4,2
2026届贵州省高三新高考模拟信息卷（一）,9,2
2026届辽宁名校联盟高三下学期3月模拟考试数学,3,2
2026届辽宁高三年级学情调研生物,3,2
2026届邵阳市高三第二次联考试卷,4,2
2026届重庆市康德高考模拟调研卷三 英语,4,2
2026届陕西省延安市高三下学期校级第二次联考二模政治试题,2,2
2026届高三12月T8联考历史试题,3,2
2026届高三12月大联考 新课标卷,12,2
2026届高三2月学情检测,4,2
2026届高三3月联考,3,2
2026届高三三月份规范训练数学,4,2
2026届高三二轮复习启航学情素养检测,4,2
2026届高三供题训练 C2,3,2
2026届高三唐山市一模政治卷子,3,2
2026届高三四校联合模拟考试物理试题,5,2
2026届高三学情模底考(新高考卷)历史,4,2
2026届高三学情模底考通化市(新高考卷)历史,4,2
2026届高三学情调研,3,2
2026届高三安庆二模,8,2
2026届高三年级3月份学情诊断,3,2
2026届高三年级3月模拟,7,2
2026届高三年级3月模拟 六,7,2
2026届高三年级三月测试,9,2
2026届高三开年大联考百师联盟,6,2
2026届高三毕业班3月份适应性测试语文,3,2
2026届高三综合素质检测数学,3,2
2026届高三语文大练习 二,2,2
2026届高考数学全真模拟卷,4,2
2026届高考模拟卷,9,2
2026届高考模拟测评二,16,2
2026届齐齐哈尔市一模英语试题,3,2
2026山东烟台政治中考冲刺卷,5,2
2026山东省德州一模历史,5,2
2026山东省青岛市高三一模英语,3,2
2026山东省高三一模,5,2
2026山东高考一模语文,2,2
2026山西一模联考,3,2
2026年 陕西省高中学业水平考试 语文数学英语物理真题卷,5,2
2026年1月山东师大附中高一年级适应性训练试题英语学科,2,2
2026年1月普通高等学校招生全国统一考试英语,5,2
2026年2月高三核心素养评估生物试题+答案,3,2
2026年3月份模拟考试,16,2
2026年3月初三语文试卷,2,2
2026年3月晋中市高三年级调研测试,5,2
2026年3月晋中市高三年级调研测试化学,3,2
2026年3月河北省高三沧衡联考政治,5,2
2026年3月石家庄裕华区一模试卷,12,2
2026年3月襄阳市高三年级统一调研测试,3,2
2026年3月襄阳市高三年级统一调研测试语文,2,2
2026年3月辽宁省鞍山市铁西区9年级试卷历史,5,2
2026年3月辽宁省鞍山市铁西区9年级试卷政治,10,2
2026年3月辽宁省鞍山市铁西区9年级试卷语文,6,2
2026年3月高三年级黄冈政治试卷,4,2
2026年一战成名电子版,4,2
2026年中卫市高三年级第一次质量监测,8,2
2026年中考,10,2
2026年中考第一次模拟考试 数学 河北专用 学易金卷,2,2
2026年中考第一次模拟考试数学,4,2
2026年九年级复习情况调研南岗,4,2
2026年全国高考冲刺压轴卷,4,2
2026年全国高考模拟调研卷一,7,2
2026年全市高三 3月 模拟考试,5,2
2026年八下第一次月考各科真题卷,3,2
2026年兰州市高三一诊,8,2
2026年兰州市高三模拟考试,3,2
2026年内蒙古呼和浩特第一次模拟考,4,2
2026年内蒙古高三一模考试,5,2
2026年内蒙鄂尔多斯市高三语文一模,2,2
2026年初中化学学业水平测试模拟卷 一,3,2
2026年初中学业水平检测第1次模拟考试物理化学试题卷,5,2
2026年初中学业水平调研测试,9,2
2026年南昌一模,4,2
2026年合肥市高三第一次教学质量检测物理,2,2
2026年哈三中高三学年第一次模拟考试,5,2
2026年哈尔滨市中考适应性训练卷,3,2
2026年哈尔滨市南岗区零模,45,2
2026年大庆市初中学业水平考试生物学模拟试题一,4,2
2026年天一三月初高二联考卷,4,2
2026年天津市塘沽一中高三十二校物理试卷,3,2
2026年天津英语第一次考试模拟,5,2
2026年天津英语首考,3,2
2026年如皋七年级下册数学月考卷子,4,2
2026年学科素养评价练习数学二,4,2
2026年学科素养评价练习物理一,7,2
2026年安庆二模,3,2
2026年安庆二模试卷。,7,2
2026年安庆市c20联盟中考一模卷,10,2
2026年安徽3月江南十校,4,2
2026年安徽中考信息交流试卷 1 安徽第一卷,6,2
2026年安徽中考信息交流试卷三,5,2
2026年安徽中考信息交流试卷二物理,5,2
2026年安徽中考模拟信息卷一 江淮名卷,3,2
2026年安徽中考模拟信息卷一化学试题卷,3,2
2026年安徽中考模拟信息卷一语文,3,2
2026年安徽中考模拟信息卷物理三,12,2
2026年安徽会考试卷,4,2
2026年安徽宿州市灵璧县中考一模试卷,18,2
2026年安徽省+合肥市第四十五中学森林城分校中考数学一模模拟练习卷.docx,4,2
2026年安徽省c20教育联盟九年级数学第2次,6,2
2026年安徽省中考学业水平检测,9,2
2026年安徽省皖西优+中考数学一模试卷,2,2
2026年宜宾一诊政治试卷答案解析,2,2
2026年山东烟台市高考第一次诊断试卷数,6,2
2026年山西省太原市晋源区长兴南街学校等校中考第一次模拟适应性测试,5,2
2026年巴州九年级一模全科,13,2
2026年广东一模,3,2
2026年广州一模,2,2
2026年广州市一模,5,2
2026年广州市普通高中毕业班综合测试 一 数学,5,2
2026年广州市普通高中毕业班综合测试一,4,2
2026年广州市普通高中毕业班综合测试（一）,7,2
2026年广州普通高中毕业班综合测试 一 数学,3,2
2026年成都二诊试卷语文,7,2
2026年新疆初中学业水平检测第一次模拟考试,7,2
2026年新疆维吾尔自治区普通高考适应性检测分学科第二次模拟检测语文试题,2,2
2026年普通高中学业水平选择性考试冲刺压轴卷物理,2,2
2026年普通高中学业水平选择性考试模拟信息卷,5,2
2026年普通高中学业水平选择性考试模拟试题,5,2
2026年普通高中高三年级第一次模拟考试辽宁省,14,2
2026年普通高校招生考试冲刺压轴卷,4,2
2026年普通高等学校招生全国统一考试模拟信息卷,3,2
2026年普通高等学校招生全国统一考试模拟试题语文（6）,3,2
2026年普通高等学校招生冲刺压轴卷二英语,4,2
2026年木牍中考2026安徽中考总复习名师A计划初中历史全册安徽专版,5,2
2026年武汉3月调研 考试 数学试题,4,2
2026年汕头市普通高考第一次模拟考试,4,2
2026年江西中考预测卷,6,2
2026年沈阳市高中三年级教学质量检测一语文,7,2
2026年河北省初中学业水平模拟考试,8,2
2026年河北省初中学业水平模拟考试预测一,5,2
2026年河北省普通高中学业水平选择性考试,3,2
2026年河南省中招考试模拟限时训练,14,2
2026年河南省中招考试模拟限时训练 一,10,2
2026年河南省五市高三第一次联考,11,2
2026年河南高三一模,3,2
2026年泉州市晋江二中高一下学期月专卷,12,2
2026年深圳一模英语,3,2
2026年深圳市高三年级第一次调研考试地理,2,2
2026年深圳市高三年级第一次调研考试英语,3,2
2026年湖北省初中学业水平考试模拟冲刺卷英语,2,2
2026年湖北省十堰市东风高级中学学科特长招生考试数学试卷,4,2
2026年湖南省长沙市望城区九年级试题,4,2
2026年甘肃中考物理模拟,3,2
2026年甘肃省普通高等学校招生统一考试，英语模拟卷六,7,2
2026年石家庄一模,10,2
2026年苏锡常镇一模数学试题,2,2
2026年葫芦岛市高三下学期第一次模拟考试卷,6,2
2026年葫芦岛市高三下学期第一次模拟考试卷数学,2,2
2026年裕华区初三模拟考试,3,2
2026年西安市高新一中初级中学一模数学试卷,3,2
2026年语文一战成名,3,2
2026年贵州省黔东南英语高三一模,3,2
2026年辽宁一模卷,5,2
2026年辽宁省高一数学期中,5,2
2026年邵阳市高三第二次联考试题卷,16,2
2026年鄂尔多斯市高考一模,28,2
2026年重庆巴蜀中学3月月考政治试卷,2,2
2026年长春一模,7,2
2026年长春市中考一模,10,2
2026年长春市中考一模语文试卷,3,2
2026年长春市九年级阶段性练习,6,2
2026年陇南市中考全仿真模拟试题,27,2
2026年陕西省初中学业水平考试,3,2
2026年陕西省初中学业水平考试·全真模拟卷①,2,2
2026年陕西省初中学业水平考试适应性训练,2,2
2026年陕西省初中终结性质量评估练 自强号,6,2
2026年陕西高考英语模拟卷,3,2
2026年青岛实验初级中学七下数学第一周月考,4,2
2026年高三一模物理 试题汇编,3,2
2026年高三一模考试,12,2
2026年高三南昌一模,19,2
2026年高三哈师大附中一模物理考试卷子,3,2
2026年高三第一次模拟考试化学,3,2
2026年高三第一次联合模拟考试东北三校,6,2
2026年高中毕业年级 第一次质量检测数学,6,2
2026年高考模拟考试,3,2
2026年黔东南州义务教育质量提升九年级第一次检测,4,2
2026年龙东地区初中学业水平调研测试化学,3,2
2026广东,6,2
2026广东一模生物,2,2
2026广东一模语文,4,2
2026广东省一模,8,2
2026广东省江门市,12,2
2026广东省深圳市第一次调研,3,2
2026广州一模数学试卷,7,2
2026广州一模生物试卷,8,2
2026广州地理一模,3,2
2026广州市普通高中毕业班综合测试,6,2
2026广西柳州中考模1,2,2
2026广西高三3月联考,3,2
2026张家口万全区初三期末考试,3,2
2026徐州树人一模试卷,6,2
2026德州一模,5,2
2026成都2023级二诊,13,2
2026成都二诊数学,3,2
2026数学,4,2
2026数学一模,3,2
2026新疆自治区二模,6,2
2026新高三学情摸底考物理试卷,10,2
2026新高考自主命题金卷冲刺,4,2
2026春 北师大版 三年级下册数学 智慧作业,20,2
2026春期初中学业水平测试第一个诊断考试数学,10,2
2026普通高中学业水平选择性考试,4,2
2026普通高等学校招生统一考试黑吉辽蒙名校联合考试,4,2
2026枣庄一模语文,2,2
2026武汉三调化学,2,2
2026武汉二调,4,2
2026武汉武昌元月生物,7,2
2026毕节二诊数学,11,2
2026毕节市高三高考第二次适应性考试数学,4,2
2026汕头普通高考第一次模拟考试地理,3,2
2026江南十校数学高三,3,2
2026江苏三月,29,2
2026江苏省宿迁市宿城区模拟试题,3,2
2026江苏职教高考机电,5,2
2026江苏高三一模,5,2
2026江西南昌一模化学答案,5,2
2026江西南昌一模物理,2,2
2026江门一模,10,2
2026江门市高考模拟考试,3,2
2026沈阳一模,2,2
2026河东一模,6,2
2026河东结课考试,9,2
2026河北唐山一模化学卷,3,2
2026河北省高碑店市,3,2
2026河南五市一模政治,3,2
2026河南省实验中学一模 九年级,4,2
2026河南省驻马店3月第一次月考,6,2
2026济南一模,6,2
2026济南市一模数学,3,2
2026济南市高三第一次模拟考试,4,2
2026济南市高三第一次模拟考试英语,3,2
2026浙江强基3月联考高三,3,2
2026浙江省丽水市湖州市衢州市二模,4,2
2026浙江省浙里初中升学联考仿真卷,8,2
2026浙江省浙里初中升学联考仿真卷二,13,2
2026浙江省浙里初中升学联考仿真卷二数学,2,2
2026浙江省浙里初中升学联考仿真卷二科学,4,2
2026浙江首考1月英语,63,2
2026浙江高三数学,2,2
2026海南省天一联考高三英语,2,2
2026海南联考生物,3,2
2026淄博高三一模语文,4,2
2026深圳一模语文,4,2
2026渭南一模,3,2
2026湖北八市,5,2
2026湖北宜昌高三三月调考物,8,2
2026湖北武汉高三3月调研英语,3,2
2026湖北省九年级数学学业水平,3,2
2026湖南,5,2
2026湖南9校联盟3月联考,3,2
2026湖南生物开卷模拟,2,2
2026湖南邵阳二模以及答案,6,2
2026潍坊高三一模英语,2,2
2026潍坊高三语文一模,2,2
2026烟台一模生物,5,2
2026物理F7,6,2
2026物理一模,3,2
2026甘肃省一诊,7,2
2026百师联盟3月开年生物,5,2
2026的青岛高三一调,3,2
2026省城名校中考冲刺预测卷数学一,3,2
2026石家庄3月份裕华一模试题,2,2
2026石家庄一模化学,6,2
2026石家庄裕华区一模卷子,4,2
2026石家庄裕华区一模数学试卷,4,2
2026福州三检化学,2,2
2026第二次高考模拟全国二卷英语,3,2
2026级巴蜀,3,2
2026级巴蜀部,4,2
2026综合测试,4,2
2026聊城一模,6,2
2026联考,3,2
2026苏锡常镇一模数学,2,2
2026苏锡常镇一模英语,3,2
2026莆田高三二检,5,2
2026莆田高三二检物理,2,2
2026西南联考3 3 3,3,2
2026语文作文,2,2
2026贵州省启航素养,9,2
2026贵州省新高考高端精品模拟信息,5,2
2026辽宁一模数学,2,2
2026辽宁高三学情调研生物,4,2
2026邯郸一模,5,2
2026邵阳市二模生物,4,2
2026长春中考一模,7,2
2026长春市九年级一模,13,2
2026陇东地区初中学业水平调研测试,16,2
2026陇南市全仿真中考模拟试题ln1,10,2
2026陕西中考英语示例卷一 PDF”,2,2
2026陕西二模,10,2
2026陕西物理马家,5,2
2026陕西省中考英语第一次模拟考试,2,2
2026陕西省初中学业水平考试全真模拟试卷语文,6,2
2026陕西省高考适应性检测二,7,2
2026青岛一模数学,2,2
2026青岛一模物理,8,2
2026高一下浙江化学温州,3,2
2026高三3月,3,2
2026高三一模苏锡常,2,2
2026高三一模语文,4,2
2026高三学情调研生物,5,2
2026高三年级教学质量检测,3,2
2026高三广州一模英语试卷,2,2
2026高三开学考广西,3,2
2026高三开年大联考,2,2
2026高三数学 小题限时训练 40套,3,2
2026高三泰州模拟生物,3,2
2026高三联考,7,2
2026高三青岛一模英语,3,2
2026高考第二次模拟考试全国卷二通用,10,2
2026高考诊断性测试化学,2,2
2026鸿鹄志名师测控八年级下册数学云南版,6,2
2026鸿鹄志名师测控第20章综合评价数学八年级下册,11,2
2026黄冈市3月调考试卷,8,2
2026黑龙江实验中学联合模拟,6,2
2026黑龙江省鸡西市龙东地区初中学业水平调研测试,7,2
2026鼓楼区名校联盟,3,2
2026龙东地区中考水平调研测试鸡西,4,2
2026龙东地区初中学业水平调研测试,3,2
2026龙东地区初中学业水平调研测试数学鸡西,3,2
2026龙岩市高三毕业班三月质量检测,4,2
2028年中考原题,4,2
22山东生物,9,2
22年河北高考历史,3,2
23-24高二语文期中,5,2
23G302承德高三卷,4,2
23年 1卷 高考 数学真题,2,2
23年中考河北数学真题,2,2
23年佛山一模,6,2
23年北京朝阳高三一模语文,2,2
23年福建高考化学,5,2
24—25年湛江中考真题卷,3,2
24年中考题,2,2
24年全国甲卷高考真题数学,3,2
24年和平区一模数学。,4,2
24年湖北省高中水平合格性考试,9,2
24年葫芦岛市数学月考卷,5,2
25-26学年高三下期2月开学素养训练,3,2
25一模,8,2
25年 1卷 高考,3,2
25年中考 一模试卷,3,2
25年全国数学高考二卷答案,4,2
25年南充数学中考卷,3,2
25年山东政治高考卷,4,2
25年新课标二卷数学,2,2
25年河南高考真题,2,2
25年湖南一模数学,3,2
25年潍坊一模,2,2
25年烟台中考一模卷,3,2
25年焦作二模,19,2
25年高二下学期,4,2
25年黑吉辽蒙物理真题,4,2
25河北高考真题,2,2
25高考原卷,2,2
2626内江二次诊断,3,2
26临沂一模,3,2
26届南昌一模英语试卷,3,2
26届武汉九调数学试卷,3,2
26年兰州高三一诊,13,2
26年唐山一模化学,2,2
26年物理一模山东省,2,2
26年石家庄一模,10,2
26年石家庄裕华区数学一模,4,2
26春《英语作业本》八年级 英语RJ版 下册,3,2
26春黄冈小状元四下语文第二单元测评卷广东,5,2
26济南一模,5,2
26石家庄一模,2,2
26石家庄一模语文试卷,2,2
26菏泽一模,10,2
26菏泽一模物理,7,2
26高中青岛一模,10,2
2模,3,2
3,7,2
3 3 3 联考卷,3,2
3 3 3联考西南联盟高三下,7,2
306C,3,2
306c,2,2
3224087,5,2
333名校联盟,3,2
3月 2026 联考高三,2,2
3月 月考,3,2
3月19驻马店一模,20,2
3月份,10,2
3月月考试卷第一次月考,13,2
3月考,4,2
40篇短文3500词高考单词,3,2
45中,7,2
45套卷天星,3,2
49 中开学测试英语,2,2
4月考试卷数学,6,2
5.90 「「【G】★广东省中考全套」- 网盘文件」 ，复制整段内容，打开最新版悟空浏览器APP即可获取。高清无卡顿，支持下载和投屏ЗFZrgMGgJM29З eRk:/ S@y.tR :5am,2,2
53全优卷,16,2
53天天练,11,2
56409433,3,2
56892037,3,2
56897795,2,2
5年真题分类汇编,8,2
61中,4,2
688高考高频核心词汇+考点讲解+单句语法填空,5,2
6年级下册数学试卷人教版一二单元,6,2
6年级下册英语王朝霞活页卷,4,2
6年级数学下册人教版,5,2
7下数学 储能,11,2
7年级下册前2单元月考题型卷子,3,2
7年级下册前2单元月考题型卷子语文,3,2
7年级下册数学第一次月考,3,2
7年级下册月考试卷,4,2
7年级下册湘教版地理,12,2
7年级下册第一次月考测试卷数学,3,2
7年级下学期第一次月考数学,10,2
7年级下数学北师版第一次月考,8,2
7年级冀教版知识点,7,2
7年级综合数学试卷,4,2
7选5 专题练习,3,2
8下政治背诵资料,5,2
8年级下册数学期中考试,6,2
8年级下册语文古诗文文言文理解性默写。,4,2
9+1联盟,8,2
9+1高一下学期,13,2
95协作,3,2
95协作体,10,2
95协作体3月联考,3,2
9年级下册溶液部分的化学式,5,2
9年级化学第10单元练习,2,2
9年级语文学海风暴魔力 一卷通,4,2
A10 1号 2026年2月26日高三开年考,9,2
A10 1号 高三开年考,9,2
A10 联盟 2月安徽高三开年考,6,2
A10联盟高二下3月联考,4,2
A10高一 三月,2,2
BEST联考,21,2
C20 20 2026学年九年级数学第一次学业水平测试,5,2
C20 2025 2026学年九年级第一次学业水平测试语文,2,2
C20 2025 2026学年九年级第二次学业水平测试数学,2,2
C20 2025 2026学年安徽省九年级第二次学业水平测试,2,2
C20 2026学年安徽省九年级第二次学业水平测试,8,2
C20 教育联盟 历史,5,2
C202026学年安徽省九年级第一次学业水平测试,3,2
C202026年九年级二模试卷,9,2
C20安徽一模2026,3,2
C20教育集团九年级下册道德与法治第二次水平测试,2,2
C20试卷,6,2
C20道法九年级2026 一模,6,2
CMTS2026初中,2,2
DNA粗提取和鉴定,3,2
F7 2026学年安徽省九年级第一次学业水平测试,3,2
G12 2026 数学,7,2
G12名校协作体高三,4,2
G20联考,7,2
G4 江苏高三12月,4,2
G5联盟,6,2
GS2024 2025学年第二学期质量检测一七年级数学,2,2
HN202603,4,2
LA Street food,4,2
LC振荡电路,5,2
LC振荡电路 物理专题,4,2
MG,2,2
MST2026版二轮复习数学,3,2
Mp3,6,2
NT20名校联合体高二下第一次月考,8,2
PPT1 免费第一单元民事权力与义务,2,2
T 8 12月联考 英语,3,2
T 8 联考,2,2
Unit 3 In the future-【小学学霸作业本】2024-2025学年五年级下册英语习题课件（沪教牛津版深圳用）,5,2
Z0名校2025高三第二次联考浙江,4,2
Z0名校2026高三第二次联考浙江,3,2
Z20 名校联盟,3,2
cmo,2,2
flawless,4,2
https://m.51jiaoxi.com/album-118841.html,2,2
https://m.book118.com/try_down/195112244300012034.pdf,6,2
https://m.zxxk.com/docpack/3613170.html,4,2
https://m.zxxk.com/zxxk/openApp,6,2
https://www.zxxk.com/soft/56104932.html,6,2
https://www.zxxk.com/soft/56486863.htm,7,2
join in六下英语剑桥版单元测试,2,2
mst,3,2
pcr,4,2
qinianji1七年级下册第一单元试卷,5,2
qinianji1七年级下册第一次月考,4,2
w w w zxxk com卷子,6,2
www zxxk com,8,2
yimo,3,2
ymo四年级,4,2
z20语文,2,2
z20语文高一,3,2
? .?学科网：https://m.zxxk.com/docpack/3619275.html（精品解析版）毕节市一模,2,2
“**江西省抚州市临川区江西省临川第一中学2025-2026学年九年级上学期第一次月考试题**”,3,2
“2026届山东济宁市高三第一次模拟考试,4,2
“磷酸奥司他韦,4,2
。湖南省长沙市第一中学2025至2026年高二,9,2
《创新教程·2026年新试题精选 12套仿真卷 思想政治（新高考版）,4,2
《数学课堂作业本》四年级下册人教版,3,2
《河南中考真题汇集》鼎城中考46套,3,2
《贵州中考新突破2026年升级版》英语默写册电子版,2,2
「2026春 学霸作业本 三年级数学下册」北师版的,8,2
「人教版四年级下册 3.1 加法交换律和结合律 同步练习」,3,2
「八年级下册英语名师测控单元综合评价卷1-8单元」,5,2
「阅读计划 中考英语新题型组合训练 苏州专版」,5,2
【中原名校大联考】2024-2025学年中原名校大联考一九年级英语听力,6,2
【木牍中考】2026年安徽中考道德与法治试题精编（18+5）中的《2025年安徽省中考模式精编卷（六）》,6,2
【课时优练】2025-2026学年 四年级下册英语 Unit 1 Class rules 自主测评卷 机读卡版,7,2
【鸿鹄志·名师测控】2024-2025学年八年级下册英语(人教版) 专辑,2,2
一,9,2
一 二单元测试卷,12,2
一 元一次方程 100道初中数学,2,2
一 元二次方程的应用八下,3,2
一 单元测试卷,5,2
一 诊2 026届,6,2
一七一中学,10,2
一元二次方程单元测试,3,2
一元二次方程培优专题,4,2
一元二次方程的应用,3,2
一元函数的导数及其应用单元检测,2,2
一号卷,6,2
一外,7,2
一套历史试题为历史书的1~6课 满分50分 20道选择题，一题1分。 三道大题一题十分分初一,5,2
一年级下人教数学温州市,3,2
一年级数学下册单元测试试卷,4,2
一年级第三单元语文测试,2,2
一年级英语下册人教版第1单元课件,2,2
一战成名 2026数学,10,2
一战成名·纯练版 2026中考历史,2,2
一本,2,2
一本 2025 2026学年八年级数学上册同步训练 人教版,3,2
一本 阅读训练100篇,5,2
一本2025年7年级下册数学同步训练人教版周末小测7点 周末小测二,3,2
一本安徽2026七下数学第七章单元检测卷,7,2
一检,8,2
一模 1 2026数学,6,2
一模 2025连云港,2,2
一模 2026 高三,5,2
一模 2026 高三河北任丘一中,4,2
一模2025,4,2
一模2025和平,3,2
一模2026南阳,11,2
一模2026苏锡常镇,3,2
一模2026英语,3,2
一模2026高三,3,2
一模九年级,16,2
一模地理,5,2
一模山东,17,2
一模山东化学,2,2
一模河南,6,2
一模淄博桓台,9,2
一模真题,5,2
一模考试卷,2,2
一模苏锡常镇,4,2
一模苏锡常镇地理,2,2
一模试卷,8,2
一模试卷2026初三数学,2,2
一模试卷初中,4,2
一次函数与不等式,3,2
一次函数压轴题型专训综合题,5,2
一飞冲天 2026年 天津专版,4,2
七一华源,22,2
七上历史 期末测试卷,3,2
七上历史选择题,7,2
七上地理期中,9,2
七上数学有理数拓展题,3,2
七上生物地理期末,4,2
七下 英语,5,2
七下2025至2026学年度第一次月考,2,2
七下二三单元历史,13,2
七下人教版数学第一次月考,3,2
七下几何专题,4,2
七下凤台县月考数学试卷26年,2,2
七下卫辉市月考,4,2
七下历史,8,2
七下历史月考,2,2
七下历史月考辽宁,7,2
七下历史期中考试卷,5,2
七下历史期末,2,2
七下压轴题数学人教,2,2
七下吴江数学月考,2,2
七下地理3月考,5,2
七下地理第一章人教版,2,2
七下如皋月考,6,2
七下数学,4,2
七下数学 2026人教版,6,2
七下数学 北师大版第一单元幂的乘除运算,3,2
七下数学压轴题,4,2
七下数学堂堂清八分钟练习,2,2
七下数学平行线模型,4,2
七下数学月考,5,2
七下数学期中,7,2
七下数学期中考试,13,2
七下数学相交线与平行线单元训练,2,2
七下数学第一章单元卷子,3,2
七下月考第一次,29,2
七下深阅读电子版,2,2
七下生物,7,2
七下生物第一次月考试卷,20,2
七下第1次月考 天津河工大附中,8,2
七下第一单元 测试卷,4,2
七下英语1 2单元检测,6,2
七下英语第一次月考卷,3,2
七下语文期中考试卷广西南宁三中2024-2025,8,2
七下道法 知识点背诵清单,2,2
七下道法第一次月考,8,2
七中水井坊初一下月考试卷,3,2
七中高三二诊模拟物理,4,2
七台河中考英语,7,2
七宝中学,7,2
七市二模,3,2
七年级,2,2
七年级上册期末复习,11,2
七年级上册期末试卷,4,2
七年级下册人教版英语数学语文历史政治生物地理第一次月考试卷四川省德阳市中江县,6,2
七年级下册人教生物,14,2
七年级下册历史第一课练习题辽宁,2,2
七年级下册地理人教版第一单元,3,2
七年级下册地理湘教版第一次月考试卷,15,2
七年级下册广东省惠州市惠城区期中数学卷子,2,2
七年级下册数学,7,2
七年级下册数学 1单元 测试卷,5,2
七年级下册数学 北师大版 第二章 学业质量评价,15,2
七年级下册数学 第七章单元测试 基础江苏,2,2
七年级下册数学02平行线的性质与判定,2,2
七年级下册数学ppt模版,3,2
七年级下册数学北师大版,2,2
七年级下册数学北师大版月考七年级下册三月份月考济南专题,2,2
七年级下册数学安徽省泗县北师大版第1次月考试卷,10,2
七年级下册数学湘教版第一次月考试卷,2,2
七年级下册数学第七章单元测试,2,2
七年级下册数学试卷,4,2
七年级下册第一次月考政治,3,2
七年级下册第一次月考试卷,2,2
七年级下册第一次月考试卷历史调兵山,3,2
七年级下册第七章，一元一次不等式应用,3,2
七年级下册英语,2,2
七年级下册英语school life,5,2
七年级下册追梦之旅铺路卷英语第2单元,3,2
七年级下整式的混合运算,3,2
七年级人教版数学期中卷,2,2
七年级北师大版月考数学卷,3,2
七年级历史,2,2
七年级外研版英语单项选择一百题,5,2
七年级期中测试卷,9,2
七年级语文阅读训练,2,2
七彩阳光,2,2
七彩阳光联盟,9,2
七校,9,2
万唯 2025,2,2
万唯2020 2025试题研究,2,2
万唯大小卷,2,2
万唯情境题七下语文河南专版,4,2
万唯黑白卷,2,2
万峰学校,13,2
万州三中,11,2
万州二中,9,2
万州第三中学数学下次第一次月考数学,6,2
万有引力 2025专题复习,3,2
万有引力与宇宙航行单元测试,5,2
万维,2,2
三,4,2
三下数学第一单元人教版,4,2
三中,7,2
三加三联考,4,2
三十七中,19,2
三十四中10月月考,9,2
三十四校联考,8,2
三垂线定理,7,2
三帆中学,2,2
三年级上学期期中,8,2
三年级下册1 2单元测试,10,2
三年级下册人教版语文课时练8  9  10页图片,2,2
三年级下册数学五四制试卷,4,2
三年级下册鹿角与鹿腿,3,2
三年级英语下册全优冲刺第一单元基础过关卷,4,2
三年级语文下册 第一单元测试卷,3,2
三明市初三第二次市质检试卷,13,2
三月,12,2
三月中考一模,3,2
三月份学情诊断,3,2
三月模拟卷,5,2
三月河北高三联考,4,2
三月联考湖北高三,4,2
三月调研,4,2
三月调考,3,2
三校生语文,12,2
三校生语文新疆,6,2
三次函数,4,2
三省三校 黑龙江哈师大附中 东北师大附中 辽宁实验中学,6,2
三省三校 黑龙江哈师大附中 东北师大附中 辽宁实验中学 2025 2026,3,2
三省四市,53,2
三美,6,2
三美中学,9,2
三营中学,9,2
三角 函数025 单元测试,2,2
三角 函数025一轮专题测,2,2
三角 函数025一轮专题测试题,2,2
三角与向量 综合题,2,2
三角函数专题训练,9,2
三角函数压轴,6,2
三角函数取值范围,2,2
三角函数取值范围专题,2,2
三角函数图像与性质,3,2
三角函数恒等变换,9,2
三角函数有关知识点,3,2
三角函数测试卷,7,2
三角形 四心 的向量表示与奔驰定理,3,2
三角形中位线,3,2
三角形四心,5,2
三角形恒等变换,6,2
三角形的4心,4,2
三锋联盟,4,2
上海 数学 高一第二学期 百强校 三月份,4,2
上海3月份月考,17,2
上海一年级下学期阶段检测,7,2
上海一模,9,2
上海七年级下学期阶段检测,4,2
上海中考一模物理,3,2
上海中考道德与法治知识宝典思维导图,3,2
上海二模地理,7,2
上海交大附中,8,2
上海实验中学,8,2
上海实验学校,4,2
上海市徐汇区2026年高三一模,15,2
上海市文来中学,16,2
上海市闵行区八年级上期末试卷语文,4,2
上海市高一物理知识竞赛,3,2
上海数学百分数,5,2
上海春考数学,4,2
上海第二学期初三月考,26,2
上海英语中考卷子,2,2
上海高一下川沙中学数学,2,2
上海高三化学,6,2
上海高三物理,5,2
上海高中英语,6,2
上海高考英语一模,2,2
上犹县,7,2
上进,13,2
下关一中初中部,9,2
下学期,9,2
下学期第一次月考,11,2
不等式 100计算题,3,2
专项练,4,2
专题10,6,2
专题突破03 人物职业,3,2
世外,9,2
世界地理,3,2
东三校一模 东北三省三校2026年高三第一次联合模拟考试,2,2
东三省联考,3,2
东北三校2026一模,8,2
东北三省 2026高三第一次模拟考试历史,2,2
东北三省一区,3,2
东北三省一区2025 2026学年高三学年第二次模拟考试,4,2
东北三省三校一模,11,2
东北三省三校二模,8,2
东北三省四市,5,2
东北十大附中哈尔滨师大附中辽宁省实验中学2026年高三第一次联合模拟考试数学试卷,4,2
东北师大一模数学,3,2
东北师大附中 2 0 25 2026届高三 摸底卷,4,2
东北师大附中高三第一次模拟考试,5,2
东北师范大学,5,2
东北育才 高三六模,4,2
东北育才六模,2,2
东北育才学校高一下月考,2,2
东北育才高三假期第六次模拟,5,2
东北育才高二下数学第一次月考,2,2
东华高级中学,10,2
东南大学强基计划,5,2
东台实验中学九年级一模试卷,2,2
东城,7,2
东城一模,13,2
东川区七年级下学期期中试卷,5,2
东平一模2025,11,2
东平县中考一模数学,2,2
东平县八年级下册地理,7,2
东方市第1模,4,2
东港市第二中学,7,2
东港市第二中学，物理五年真题分类,2,2
东湖高新区,13,2
东莞1月期末考,5,2
东莞一模,31,2
东莞一模2026,8,2
东莞一模2026高三数学,2,2
东莞中学松山湖,6,2
东莞中学松山湖学校,5,2
东营 023 2026高三 一模化学,2,2
东营 2026高三一模化学,2,2
东营一模2026,2,2
东营一模政治,3,2
东营中考试卷数学,3,2
东营实验,7,2
两江新区渝北中学,2,2
两点分布,4,2
两点分布及随机变量分布列的应用,3,2
中202 5中考数学,3,2
中亚,5,2
中华中学2026届高三年级适应性练习,6,2
中原名校联盟高三,5,2
中国古代史 2 历史 综合试卷,5,2
中国古代寓言,4,2
中国的河流课件,2,2
中外历史纲要 必修 下册,8,2
中外历史纲要上大题,2,2
中外历史纲要下,2,2
中学奇迹课堂甘肃版语文七年级下册第一单元检测卷,6,2
中学生世界,5,2
中山,19,2
中山2025数学中考,2,2
中山一模2026,4,2
中山市 八年级下册 数学 单元测试,7,2
中山市第一中学,5,2
中山物理模考,7,2
中科大创新班营一真题,2,2
中科大少年班入围数学试题,9,2
中考 1600词汇背诵,4,2
中考 2025,3,2
中考 2025 英语试卷,2,2
中考 一模,11,2
中考 数学 1复习基础题型,7,2
中考 真题,5,2
中考114物理,5,2
中考123英语2026,2,2
中考2025甘南,2,2
中考25题,2,2
中考代数推理专题,6,2
中考作文科技类主题,2,2
中考作文语文范文汇总,3,2
中考动点问题专题,3,2
中考化学真题,5,2
中考历史 知识点2026汇总清单,7,2
中考历史复习提纲,2,2
中考压轴题,7,2
中考压轴题2025数学汇总,2,2
中考原卷,3,2
中考地理,5,2
中考数学一摸安徽2025,2,2
中考数学压轴题,6,2
中考数学压轴题2026数学100题,4,2
中考数学答题卡模板,3,2
中考数学青岛版,3,2
中考智高点开启卷历史一,3,2
中考模拟卷2026,2,2
中考模拟试卷2026,3,2
中考物理压强,3,2
中考物理吉林长春,4,2
中考真题分类汇编浮力,2,2
中考第一次模拟考试,3,2
中考经典常谈汇编,5,2
中考考点必杀500题 深圳专用,5,2
中考英语总复习卷广东,2,2
中考英语总复习手册,6,2
中考英语新题型组合训练答案,6,2
中考英语试卷,3,2
中考英语试卷山东临沂,4,2
中考英语试卷青岛,3,2
中考西藏数学卷子,4,2
中考西藏数学卷子2022_2025,5,2
中考试卷,6,2
中考试卷2025,2,2
中考试卷地生会考,12,2
中考试卷，数学,2,2
中考语文,5,2
中考语文阅读题训练,2,2
中考道德与法治热点材料与学科术语转化,4,2
中考道法100道选择题2026,9,2
中职英语,4,2
丰润区,9,2
串联电路分压，并联电路分流题目,5,2
临川一中,3,2
临沂 026高三一模,2,2
临沂七年级下册期中,31,2
临沂市2024到2025年高二下学期期末化学卷,4,2
临沂市2025年五下期末试卷,3,2
临沂市化学中考,4,2
临沂市罗庄区2024 2025学年九年级一模数学,6,2
临沂市高二下学期期中数学考试,3,2
临沂罗庄一模数学中考,2,2
临沂高一下学期数学第一月月考试卷,3,2
临沂高一月考,4,2
临沂高三一模,4,2
临淄区中考一模英语,2,2
临清市九年级语文一模考试,3,2
临渭区2028年八年级模拟训练一地理试题,3,2
丹东二模,7,2
丹东市第十九中学,5,2
丹阳,5,2
丹阳高级中学,5,2
义乌市2025年六上期末,14,2
义乌科学,4,2
义务教育学校考试试卷,30,2
乌有先生历险记,3,2
乌鲁木齐 2026年高三第一次质量检测,6,2
乌鲁木齐中考,3,2
乌鲁木齐初三一模物理,3,2
乌鲁木齐地区2025年高三年级第一次质量检测,3,2
乌鲁木齐地区2025年高三年级第二次质量检测,4,2
乌鲁木齐市二模,4,2
乌鲁木齐市高新区,8,2
乌鲁木齐期中七下数学,2,2
乐山,7,2
乐平三中,7,2
乐平中学,2,2
乐陵2025数学一模试卷,6,2
乐陵2025数学二模试卷,8,2
乐陵八年级上学期期末数学试卷,3,2
乐陵八年级下学期数学期末考试,5,2
乘法公式,3,2
九 202 6九师联盟2月,3,2
九 年级化学滤液滤渣,2,2
九上,6,2
九上化学期末试卷,6,2
九上数学期末,2,2
九下一模化学育才深圳,3,2
九下三月月考,7,2
九下三月道法,3,2
九下化学,16,2
九下哈尔滨道里区零模物理2026,4,2
九下数学,11,2
九下数学月考,25,2
九下物理,4,2
九下第一次月考,44,2
九下英语第一次月考试卷,4,2
九下语文,8,2
九下语文一模广东蓬江区,4,2
九中一模哈尔滨,2,2
九五协作体高三三月联考2026,11,2
九五联考2026山东,13,2
九五联考三月检测数学,2,2
九五高中协作体2026届高三,4,2
九五高中协作体2026届高三12月份,4,2
九师,5,2
九师联盟河南,4,2
九师联盟第七次质量检测,12,2
九师联盟第七次质量检测英语,2,2
九师联盟高三第七次质量检测,3,2
九年级 化学,3,2
九年级2025年福州中考卷，化学,4,2
九年级一元二次方程计算题,3,2
九年级上学期undefined,2,2
九年级下册,5,2
九年级下册一模,3,2
九年级下册历史期末试卷,2,2
九年级下册学情试卷陕西西安,12,2
九年级下册数学,8,2
九年级下册数学内蒙古包头,3,2
九年级下册月考,11,2
九年级下册连云港市赣榆区实验中学第1次月考,7,2
九年级人教版数学一模试卷,24,2
九年级全册物理沪科,3,2
九年级化学,2,2
九年级化学一模试卷建湖县秀夫初级中学,2,2
九年级数学,2,2
九年级数学一模,3,2
九年级沭阳政治,13,2
九年级物理一模卷,8,2
九年级物理全程,8,2
九年级物理竞赛湘西,5,2
九年级甘肃省天水市，一模试卷,9,2
九年级练习 五,10,2
九年级练习五,8,2
九年级语文一模李沧区,4,2
九年级语文一模试卷,8,2
九年级语文模拟卷一泌阳县,8,2
九年级道法2024,3,2
九年级道法中考试卷,7,2
九校联考江苏,8,2
九江一模2026,3,2
九江一模数学,3,2
九江中考英语,6,2
九江外国语,4,2
九江外国语学校历史月考卷,3,2
九江外国语学校语文月考卷,3,2
九江市,3,2
九江市初中一模卷子,3,2
九江市湖口县2024至2025学年八年级下册期中数学试卷,5,2
九洲一模,4,2
九省联考政治河南,3,2
九龙坡区适应性考试物理,2,2
九龙坡指标到校,6,2
乳山高二下学期2024英语月考卷,2,2
二,4,2
二 元一次方程,3,2
二 诊2 025二诊 成都市,7,2
二 诊2 026届成都,11,2
二中广雅,10,2
二中广雅英语限时作业,5,2
二中自主招生,3,2
二五年95协作,2,2
二五年苏州昆山市数学模考,4,2
二五年重庆中考数学真题,2,2
二倍角题数学,2,2
二元一次华东师大,2,2
二元一次方程组,3,2
二六届高考数学二轮复习立体几何创新问题,4,2
二十三中第一次英语模拟,5,2
二十五中,3,2
二十四,4,2
二南开,6,2
二南开高二化学下学期月考,2,2
二南开高二化学下学期期中,5,2
二年级下册,6,2
二年级下册语文,5,2
二年级下学期语文单元复习,4,2
二年级下学期阶段检测一,2,2
二年级数学下册北师大版新教材第三单元,3,2
二年级时间单元练习题,3,2
二摸,7,2
二检福州,8,2
二模2026,3,2
二模南宁,7,2
二模数学,3,2
二模淄博桓台,11,2
二模试卷,8,2
二模语文,3,2
二次 函数025一轮专题测,3,2
二次函数取值范围,2,2
二次函数基础,2,2
二次函数实际应用,2,2
二次函数性质,4,2
二次函数性质压轴题,2,2
二次函数最值,4,2
二次函数胡不归,6,2
二次根式压轴,2,2
二次项定理,3,2
二次项系数,2,2
二诊 2025届四川,5,2
二诊 2026届,3,2
二诊 成都,8,2
二诊物理,4,2
二项式,5,2
二高提前招,4,2
于洪区,9,2
于洪区2024 2025学年度下学期零模测试,9,2
于洪区2025 2026学年度下学期零模测试,2,2
于洪区一模,5,2
云南 0225 中考 真题,5,2
云南 化学中考,2,2
云南2025高考真题,3,2
云南2026普通高中学业水平调研测试生物,2,2
云南3 3 3高三,2,2
云南三加三联考,4,2
云南中考冲刺卷,6,2
云南中考模考,4,2
云南九年级下学期中考模考,4,2
云南名校联盟2025 2026学年学年度高三年级3月份适应性测试,2,2
云南小升初专题,2,2
云南师大附中呈贡学校,6,2
云南师范大学附属中学,5,2
云南昆明第五次联考,2,2
云南民大附中,9,2
云南省名校联盟2025-2026学年高三下学期3月份适应性测试英语试题,4,2
云南省师范大学附属中学,8,2
云南省数学试卷,6,2
云南省新高考自主命题冲刺金卷一2026答案,4,2
云南省新高考自主命题冲刺金卷一3月6日,5,2
云南省普通高中学业水平考试通用技术真题,13,2
云南省曲靖市20234-2025下学期八年级语文期末考试试卷,2,2
云南省曲靖市宣威市第一中学2025-2026学年高三上学期期末考试,2,2
云南省职教高考2026真题,3,2
云南省试卷第一次月考，高一下学期,3,2
云南省高中学业水平 测试2026高中数学,7,2
云南美术中考试卷,3,2
云南适应卷五高三数学,2,2
云南金太阳高三3月联考,2,2
云南高一下学期第1次月考历史,3,2
云学联盟三月联考,5,2
云学联盟三月联考高二,9,2
云枫联考,11,2
云间,7,2
云间高一,6,2
五三全优卷,4,2
五下1 2单元测试卷语文,3,2
五下数学1单元测试,4,2
五下月考,4,2
五下科学第一单元卷,2,2
五下语文第一单元单元测试卷,6,2
五十五,3,2
五十八,10,2
五四制六年级下册数学组合图形的体积和表面积练习,3,2
五四学制,4,2
五市,4,2
五市十校高三联考江西,31,2
五年一贯制广东,4,2
五年中考三年模拟2026,4,2
五年級 下册1 2 3单元数学知识点复习,4,2
五年级下册,6,2
五年级下册人教版数学第一单元思维导图,2,2
五年级下册数学人教版第二单元,2,2
五年级下册数学期中,20,2
五年级下册数学第二单元,4,2
五年级下册英语M3综合素养卷一年级起点山东青岛,2,2
五年级下册英语第一单元测试卷人教版,4,2
五年级下册语文期中,23,2
五年级下学期期中,5,2
五年级数学,11,2
五年级英语,4,2
五年级青岛版,6,2
五年高考三年模拟,7,2
五星学霸,3,2
五星学霸人教,2,2
五校联盟,8,2
五校联盟2024学年第二学期5月教学质量检测试卷高二英语,10,2
五河一中2026届高考冲刺模拟考试 二,2,2
五河一模考试,15,2
亚洲,10,2
亚洲及欧洲的气候与河流,4,2
交通大学附属中学,5,2
亮点给力大试卷,5,2
人体的呼吸复习会考中考复习,3,2
人大附中2026届高三2月自主复习检测练习,17,2
人大附中深圳学校高二下学期期中,2,2
人教版七年级下册相交线与平行线练习,8,2
人教版七年级英语下册课时练,3,2
人教版六下数学课时练电子版可打印,2,2
人教版单词默写,5,2
人教版数学七上第一单元易错题,2,2
人教版高一下册化学第五章,3,2
人教精通版六年级下册英语第一单元测式卷,2,2
人教课堂七年级下册数学河北省冀教版第1单元测试卷,11,2
人文地理,5,2
人民大学附属中学,4,2
人民当家作主,3,2
人民教育出版社数学基础训练,3,2
人民日报作文素材,5,2
人船模型,5,2
仁寿一中南校区数学周考,2,2
仁爱版七年级下册英语,2,2
仁爱版英语八下单词默写,4,2
介词,3,2
从句混合练习,5,2
仙桃 天门 潜江 质检考试,4,2
仙游一中数学必修二月考试卷,4,2
代数,3,2
仪征市实验中学本部,6,2
任丘市衡实高级中学,4,2
任务型阅读,23,2
任城区一模,5,2
仿真模拟卷,4,2
伊宁市一模,6,2
伊川县2024-2025七下生物期中,3,2
伊川县一模卷,3,2
伊通2025满族自治县实验中学县八下第一次月考卷数学,4,2
众向原创赋能中考河北,3,2
众相原创,5,2
众相原创 赋能中考,6,2
优加密卷七年级下册数学沪科版,3,2
优化方案,11,2
优化方案 2026电子版,3,2
优学1 1评价与测试,19,2
传送带模型 板块模型,5,2
体育 单招 2025真题,4,2
体育单招模拟卷英语,3,2
余杭一模试卷,4,2
佛山 022026一模 化学,2,2
佛山 024 2025一模数学,3,2
佛山 024 2025初中一模,2,2
佛山 中考一模,2,2
佛山 月考,5,2
佛山2026一模,3,2
佛山一中,4,2
佛山一模语文,6,2
佛山南海,20,2
佛山南海五年级数学下,15,2
佛山市一模,4,2
作 文,7,2
作业帮,3,2
作文 2026,4,2
作文 素材 026年 高考,2,2
作文开头结尾,4,2
作文素材2026,2,2
你搜政治 2026 山东德州,4,2
你说的是辽海出版社《新课程能力培养·数学九年级下册》，辽宁地区常用，有人教版、北师大版两个版本。  ? 基本信息  ? 书名：新课程能力培养 数学 九年级下册  ? 出版社：辽海出版社  ? 版本：人教版 / 北师大版（大连多用人,3,2
佩佩教育高三模拟卷二,5,2
依安县泰安中学学校,8,2
依韵和并州郑宣徽见寄 其一 范仲淹 《护送》 革命老区 语文试卷,8,2
俄语 2025年高三年级12月,3,2
俄语听力,7,2
俄语试卷,6,2
保分卷,6,2
保定2025高三一模数学,7,2
保定一中高一下学期3月月考,8,2
保定市一模,6,2
信丰中学,4,2
信息技术 2025 学业水平测试山东,2,2
信息技术 2025 学业水平测试山东八下,2,2
信息技术基础,4,2
信息技术复习,9,2
信阳,9,2
信阳3,2,2
信阳3摸,16,2
信阳中考二模数学,5,2
信阳市2025—2026学年高三上学期期末考试化学试题,2,2
信阳市三模,15,2
信阳市罗山县高一期末数学,2,2
儋州市,7,2
元素周期律,5,2
光 1 光的折射全反射专题,2,2
光 1 光的折射全反射专题综合习题,5,2
光 全反射 模型免费,3,2
光学大题,5,2
光的干涉,2,2
光的折射,3,2
光的折射全反射,3,2
光的折射和全反射,3,2
免疫调节好题,3,2
免费下载试卷化学,6,2
入学考试,3,2
全反射,3,2
全囯1卷2024高考,2,2
全囯1卷2025高考,2,2
全国 1 高考卷,5,2
全国100所名校2026高考模拟测试卷,6,2
全国100所名校高考模拟示范卷2026普通高等学校招生全国统一考试数学模拟试卷 六,4,2
全国1卷,5,2
全国中学生生物学联赛,3,2
全国中学生生物学联赛 广东赛区,11,2
全国乙卷,12,2
全国二卷,2,2
全国二卷数学,3,2
全国二卷物理,4,2
全国二轮专题,2,2
全国体育单招数学,3,2
全国初中数学联赛,3,2
全国初中物理竞赛,2,2
全国名校大联考,6,2
全国小学生英语能力测评,6,2
全国物理竞赛,3,2
全国甲卷,4,2
全国甲卷 2023,4,2
全国英语高考真题,4,2
全国高考冲刺押题卷,3,2
全效学习七年级下册英语答案,3,2
全概率,3,2
全程导航,3,2
全等三角形,4,2
全等三角形压轴题,5,2
全能练考卷三年级语文下册,2,2
八0 八省联考,9,2
八上 物理 1 2 3 4章 知识点背诵,3,2
八上物理,8,2
八下 数学,9,2
八下 物理 3月 考试,5,2
八下 物理 3月 考试2024,5,2
八下 语文第一单元测试卷,5,2
八下4月月考卷,7,2
八下华师大版数学函数及其图像专项培优,3,2
八下单县24-25数学期未试题,3,2
八下历史期中考试,4,2
八下历史第一次月考,4,2
八下压轴题,2,2
八下四中政治卷子第一次月考卷,3,2
八下地理,15,2
八下填空,5,2
八下数学 2026数学二次根式,11,2
八下数学一元二次方程舟山临城,3,2
八下数学书,2,2
八下数学勾股定理,5,2
八下数学勾股定理单元测试,2,2
八下数学北师大版,3,2
八下数学同步人教版,3,2
八下数学四边形单元测试卷,7,2
八下数学培优,5,2
八下数学基础训练,3,2
八下数学月考 兰生,4,2
八下数学第一单元试卷,3,2
八下数学第一次月考试卷,15,2
八下数学能力培养,11,2
八下数学能力培养电子版,3,2
八下数学苏科平行四边形,2,2
八下灯笼,2,2
八下物理压强,2,2
八下物理压强单元测试,2,2
八下物理压强计算,5,2
八下物理学海风暴,3,2
八下生地会考,6,2
八下生物人教上分卷,8,2
八下生物内蒙古,11,2
八下生物基因在亲子间的传递练习题,2,2
八下生物苏科版学习能力自测,4,2
八下第1单元测试卷沪科版,6,2
八下第一次月考英语长沙,3,2
八下英语,4,2
八下英语外研第一次月考,8,2
八下英语月考试卷人教版,2,2
八下英语译林版第2单元测试卷,6,2
八下语文,3,2
八下语文2025-2026 3月学情自测卷,2,2
八下语文基础知识,5,2
八下语文月考,4,2
八下语文月考试卷,3,2
八下语文桃花源记小石潭记诗经二首,2,2
八下语文第一次月考,6,2
八中八下数学期中,2,2
八中重庆,5,2
八十九中学,3,2
八县,6,2
八市联考,5,2
八市联考 湖北,7,2
八市联考 湖北2026,11,2
八年級 2025 2026年下册期末考试,2,2
八年级 下第一次月考数学,8,2
八年级一到三单元语文试卷下册,3,2
八年级上册历史综合卷,3,2
八年级上物理期末考试芝罘区,3,2
八年级下册2.1坚持依宪治国导学案,3,2
八年级下册名师学案晨读手册电子版,6,2
八年级下册数学沪科版一元二次方程单元测试卷,3,2
八年级下册数学第一次月考测试卷,8,2
八年级下册月考,4,2
八年级下册期中河南永城,4,2
八年级下册期中考试,7,2
八年级下册物理2024人教版,2,2
八年级下册物理2024人教版第一章力,7,2
八年级下册物理期中天桃实验学校,2,2
八年级下册物理沪粤版6 5,7,2
八年级下册物理第1单元,5,2
八年级下册物理第一次月考试卷及答案,3,2
八年级下册生物新版试卷,2,2
八年级下册科学 第1章 我们呼吸的空气(1.1-1.2)检测卷,4,2
八年级下册科学期中试卷,3,2
八年级下册第1单元笔记。,2,2
八年级下册第一次月考,5,2
八年级下册第一次月考试卷,4,2
八年级下册英语,4,2
八年级下册英语第一次月考试卷1 2单元,7,2
八年级下册语文半期考,6,2
八年级下册语文第三单元测试卷,2,2
八年级下册，数学试卷,14,2
八年级下学期3月学情自测卷,5,2
八年级下学期期末,8,2
八年级下学期英语词汇练习题,4,2
八年级下数学月考,7,2
八年级地理下册第十章第一节区域联系与协同发展教案,2,2
八年级地生会考试卷,9,2
八年级数学期末,8,2
八年级数学竞赛,5,2
八年级数学计算练习,3,2
八年级月考卷,4,2
八年级期中,6,2
八年级物理基础训练册沪科全一册沪科版,2,2
八年级生物下册北师大版生物的起源,2,2
八年级生物会考,5,2
八年级第一次月考,30,2
八年级英语阅读理解专项练习,4,2
八校联考,8,2
八校联考2026,2,2
八省 联考,7,2
八省联考四川政治,7,2
公切线,5,2
六下1 2 3 4单元练习,3,2
六下1 2 3单元语文月考,2,2
六下亮点激活,11,2
六下历史第1单元隋唐时期繁荣与开放的时代测试题,2,2
六下数学福清月考,2,2
六下期中试卷无锡,3,2
六安九下沪粤物理卷三,3,2
六安市第九中学,6,2
六年级 下学期 月考,8,2
六年级上册殷都区2025~2026学期语文教学质量检测,2,2
六年级上册河南省商丘市梁园区英语卷,2,2
六年级下册 月考卷。,13,2
六年级下册数学一二单元测试卷,12,2
六年级下册数学北师大版第一单元测试卷,26,2
六年级下册数学月考试卷嘉祥县第一次月考试卷,11,2
六年级下册英语练习册外研版,3,2
六年级下册语文试卷，第1单元,6,2
六年级奥数,2,2
六盘山高级中学高二下,4,2
六盘水市2024 2025九下期化学试卷,5,2
六盘水市2026届适应性考试,9,2
兰州1 诊2026数学,7,2
兰州一中,7,2
兰州一模,12,2
兰州一模试卷,8,2
兰州一诊地理,3,2
兰州市2026一诊高三数学,2,2
兰州市2026年第一次诊断,10,2
兰州市中考英语2025,3,2
兰州市城关区历史中考模拟卷,3,2
兰生,13,2
兰考县2024年提前批卷子,7,2
共价键,3,2
共同体,3,2
共青团团课,2,2
兴化市七年级下册第一次月考,4,2
兴化市九年级下学期,4,2
兴城市二中,3,2
兴宁一中,4,2
兴宁市第一中学,7,2
兴宁市英语核心素养竞赛卷,11,2
兵团,2,2
其中试卷,5,2
冀教版7年级下册数学2元一次方程组。必刷50题，19种题型。,9,2
冀教版七年级期末培优卷数学,2,2
冀教版七年级英语下册练习册,5,2
内容导航——预习三步曲,9,2
内接圆 外接圆,3,2
内江中考,3,2
内江二模英语,2,2
内江二诊,13,2
内江六中,4,2
内江六中高二下第一次月考数学,7,2
内江市2025-2026学年度高二上期期末检测题英语,3,2
内江市高中2026届第二次模拟考试题,2,2
内蒙古 2026 高三第一次质量检测,8,2
内蒙古0225 中考,5,2
内蒙古2024年地理中考试卷,10,2
内蒙古2025年生物中考试卷,5,2
内蒙古2026年呼和浩特一模,5,2
内蒙古中考,3,2
内蒙古包头市昆区二十九中,7,2
内蒙古呼和浩特初一月考,3,2
内蒙古呼和浩特市中考,8,2
内蒙古物理中考真题,3,2
内蒙古自治区2026一模,7,2
内蒙古赤峰市2026届高三年级下学期3月模拟考试试题,2,2
内蒙古通辽市七年级下期中数学试卷,2,2
内蒙古鄂尔多斯,8,2
内蒙古鄂尔多斯一模,5,2
内蒙古鄂尔多斯一模答案,49,2
内蒙古鄂尔多斯市一模,15,2
写作品梗概 六年级,5,2
写出人物的精神,7,2
军考,2,2
农垦,12,2
冠词和数词,3,2
冲刺押题卷,8,2
凉山单招卷子,4,2
凉山州中考真题,2,2
凉州区九墩滩九年制学校,5,2
几何 36道经典题目 解答题,13,2
几何压轴,2,2
几何压轴大题中考,3,2
凤翔区,5,2
凯里 一中2 0 2 6 届 高三黄金2卷,3,2
凸透镜 成像规律202 5复习专题练习,3,2
出师表,2,2
函数 01 一次函数 二次函数 反比例函数,2,2
函数的单调性,3,2
分子结构与性质,3,2
分式,2,2
创新班初升高,4,2
创新题,14,2
初一下,7,2
初一下册,7,2
初一下册1单元测试卷,6,2
初一下册地理科普仁爱版试卷。,5,2
初一下册数学计算题,3,2
初一下学期3月月考,6,2
初一历史试卷长沙雅礼,9,2
初一生物知识点人教版,5,2
初三2024年南海区一模,9,2
初三下册第一次月考数学江西,4,2
初三人教版化学推断题,3,2
初三化学知识点汇总,3,2
初三安庆市,3,2
初三总复习2026江西教育厅教学研究室,6,2
初三数学,12,2
初三数学数学模拟卷,7,2
初三数学竞赛真题,21,2
初三江苏无锡一模语文卷,2,2
初中 物理 1轮复 力学,10,2
初中一模 2025,18,2
初中乌鲁木齐一模,6,2
初中九年级数学竞赛,4,2
初中化学方程式2025必背方程式人教版,2,2
初中化学竞赛真题,6,2
初中化学酸碱盐综合实验探究题,2,2
初中历史01一轮复习 历史知识点归纳,2,2
初中历史大事年表,2,2
初中名校发展共同体,11,2
初中地理提纲,3,2
初中奥数数学,4,2
初中学霸创新题试卷,10,2
初中数学一模卷,9,2
初中文言文,7,2
初中物理中考卷重庆巴蜀中学,3,2
初中物理力学培优,3,2
初中物理基础知识填空,2,2
初中物理基础知识汇总,4,2
初中物理电学压轴题,3,2
初中物理电磁继电器作图,4,2
初中生物必备会考知识点,6,2
初中竞赛题,3,2
初中英语单元同步测试卷,3,2
初中英语完形阅读,6,2
初中道德与法治学习实践手册,11,2
初中重庆化学,7,2
初二数学下册二次根式的混合运算,2,2
初四数学一模考试题,4,2
利辛县一模,2,2
刷子李课件,2,2
前门外国语学校,9,2
前黄实验,3,2
剪纸课件,5,2
副词,4,2
力 与运动,2,2
力 学20224复习专题,3,2
力的相互作用,4,2
劝学和师说的情境性默写,10,2
功,3,2
动能定理的应用,3,2
动能定理的应用专题,2,2
动角问题,3,2
动词填空 10空,2,2
动词填空专练,4,2
动词短语,5,2
动量 动量定理,3,2
动量和动量定理,4,2
动量守恒,4,2
动量守恒 15个模型,4,2
动量实验题,8,2
励才,5,2
勤径千里马,7,2
勤径千里马 数学八下,5,2
勤径学升,15,2
勾股定理 01专题,6,2
勾股定理压轴,3,2
勾股定理压轴题,4,2
匀变速直线运动,6,2
包头一模英语听力,2,2
包头二模 2025,4,2
包头六年级下册语文,3,2
包河区一模数学,7,2
化学 反应原理 2025复习专题,3,2
化学 复习,5,2
化学 方程式 202 4 必考 配平 计算训练专题,2,2
化学1 9单元月考试卷,5,2
化学2025,5,2
化学一轮复习,2,2
化学九年级上册,8,2
化学九校联考,7,2
化学元素推断题,3,2
化学反应与能量变化,4,2
化学反应原理大题,6,2
化学合格考复习,8,2
化学名师测控九年级上册,2,2
化学四月调考,3,2
化学奥林匹克竞赛,3,2
化学如何分离提纯专题,3,2
化学学业水平合格性考试,7,2
化学实验仪器,4,2
化学实验大题,2,2
化学实验题,4,2
化学实验题专题训练,8,2
化学实验题归类,3,2
化学广东,2,2
化学必修二,4,2
化学必修二知识点,2,2
化学必修二知识点总结,2,2
化学方程式九年级,3,2
化学方程式大全,6,2
化学方程式正误判断,2,2
化学方程式汇总,4,2
化学月考卷,5,2
化学有机题,2,2
化学湖南中考卷模拟卷2026,9,2
化学溶解度专项练习,3,2
化学用语,3,2
化学用语 100题高三,4,2
化学真题,7,2
化学真题宿迁,2,2
化学第一次高一下月考,3,2
化学答题模板,7,2
化学红桥2025-2026九上期末,3,2
化学自招九年级青岛市,7,2
化学选修一第一章章节测,2,2
化学选修二测试卷,4,2
化学选修二物质结构与性质测试卷,3,2
化学选必二,3,2
化学选择 题2025专项训练选择题,2,2
化学选择性必修 2,5,2
化学选择题专练,3,2
化学醛 酮,3,2
化学高一下月考,4,2
化学高一下期中,11,2
化学高一下第一次月考,5,2
化学高三,5,2
化学高三安徽,5,2
化学高二,2,2
化学高二三月月考,4,2
化学高二下有机化学基础,2,2
化学高二下期中,3,2
化学高二下第一次月考,6,2
化学高考 2025真题,4,2
北京 卷2025高考真题,4,2
北京2025中考,2,2
北京七年级下期中数学,4,2
北京东城高二上册期末英语卷,2,2
北京中学,7,2
北京中考数学 2025年真题,2,2
北京中考模考,10,2
北京丰台高三一模丰台,4,2
北京二中高一段四语文,3,2
北京人大附通州校区九年级英语历年试卷,6,2
北京六年级下学期期中,8,2
北京十一学校初一下期中英语,4,2
北京四年级下学期期中,15,2
北京市二中,12,2
北京市合格考,27,2
北京市平谷区初三下学期历史期末测试卷,4,2
北京市顺义区2025~2026学年第一学期期末质量监测,5,2
北京师范大学附属中学,5,2
北京房山中考,4,2
北京朝阳2025 2026期末,4,2
北京朝阳区一模2024,6,2
北京朝阳地理高一下月考,6,2
北京海淀,8,2
北京物理高考,2,2
北京理工附期中中数学2025八下,5,2
北京育英学校高一下期中,2,2
北京西城,17,2
北京通州初一下数学,2,2
北京高一下学期期中,8,2
北京高三一模英语汇编,2,2
北京高三英语一模,2,2
北京高三英语二模,6,2
北京高二政治逻辑,10,2
北大附,10,2
北师大,5,2
北师大六年级下册数学第一单元,4,2
北师大六年级下册数学第一单元试卷,2,2
北师大数学一下月考,2,2
北师大附中,2,2
北方联合出版传媒股份有限公司,7,2
北辰区三模,3,2
十一校,4,2
十一校第二次联考,7,2
十七中,11,2
十三市州政治,8,2
十中,10,2
十二校联考天津,6,2
十堰市,7,2
十堰市五年级下册期中,2,2
千里马 单元测试卷 八年级下册 数学 答案,4,2
华一寄,4,2
华东师大二附中,8,2
华东版年级下册一元一次方程培优卷,4,2
华中师大第一附中,5,2
华中科技大学附属中学,11,2
华师一,3,2
华师一附中高二下期中,2,2
华师大一附中,3,2
华师附中,8,2
华数之星,3,2
华数杯,2,2
华新共同体数学结课考,2,2
华星,4,2
华杯,6,2
华育外国语,8,2
华蓥中学,3,2
华阴市2025初中学业水平一模,3,2
华附 省实 广雅 深中,4,2
协作体,6,2
协作校,4,2
卓越县中联盟,7,2
卓越杯,3,2
单 词,4,2
单 词 按书上顺序,3,2
单元测试,7,2
单县一中,2,2
单招2025真题数学四川,2,2
单招2026,7,2
单招2026英语,4,2
单招复习,5,2
单招技术综合考试,6,2
单招数学,4,2
单招题库,4,2
单词 按词性分,5,2
单词3500,8,2
单词默写,3,2
南2026年高三阶段第一次诊断性考试日语,2,2
南京 025 高三 一模,2,2
南京 盐城 026高三一模数学,3,2
南京 盐城二模,2,2
南京2025一模,5,2
南京2025月考,11,2
南京一中,8,2
南京一中初三零模,6,2
南京一模英语,2,2
南京一模语文,2,2
南京七上政治,3,2
南京中考数学,6,2
南京六校联考,5,2
南京初三零模秦淮钟英,9,2
南京外国语,4,2
南京外国语学校七年级下3月月考,7,2
南京大学,4,2
南京大学附属中学,6,2
南京市 1月考高三一模,5,2
南京市2025年中考化学试卷,3,2
南京市2025年高一下期中数学卷,3,2
南京市一模二模,16,2
南京市七年级语文,3,2
南京市玄武区科利华中学,9,2
南京市第29中学高一下数学,2,2
南京市第一中学2022到2023学年高一下第一学期数学月考,8,2
南京市第十三中学,10,2
南京市联合体八下物理期中,2,2
南京市鼓楼区2024年二模,4,2
南京市鼓楼区小学英语试卷,5,2
南京师范中学高二下学期3月月考,5,2
南京师范大学附属中学2024-2025高一下学期月考试卷物理,4,2
南京无锡一模,5,2
南京汇文六年级数学期末试卷,2,2
南京秦外初一月考英语,3,2
南京秦外初一月考英语下学期,10,2
南京秦淮区一模,16,2
南京秦淮区五下,5,2
南京第二十九中,24,2
南京联合体初二上物理,2,2
南京高31模,3,2
南京高三期末,2,2
南充1诊,5,2
南充二五年中考英语卷子,3,2
南充小升初语文,3,2
南充市2023至2025学年7年级下期期末真题。,5,2
南充市高级中学,5,2
南外,4,2
南外一模,5,2
南宁一模2026,6,2
南宁二中,6,2
南宁小升初分班考,2,2
南宁市2025年一模数学,8,2
南宁市兴宁区兴园路初级中学,9,2
南宁市第二次适应性,8,2
南宁市高三二模,3,2
南安,9,2
南安国光中学,4,2
南安市2024 2025学年度初中毕业班教学质量监测物理,10,2
南安质检,4,2
南山中学,3,2
南山实验教育集团一模,7,2
南岗一模物理,4,2
南岸区,4,2
南师附中高一物理,3,2
南平一中武夷校区自主招生,4,2
南平市五下期中,8,2
南平市武夷山一中九年级下册第月考,2,2
南开 初2027届 八下 英语,3,2
南开3月月考,3,2
南开中学生物,9,2
南开中学重庆中考,2,2
南开中学重庆九年级,4,2
南开区月考崇化,11,2
南开区第二十五中第一次月考试卷 数学,9,2
南开区高一数学期末,4,2
南开大学附属中学高二下晨测,9,2
南开月考,4,2
南昌 025高三一模,7,2
南昌 026高三一模 化学,2,2
南昌 026高三一模 物理,4,2
南昌 026高三一模2026,9,2
南昌 026高三一模物理2026,3,2
南昌 026高三一模英语,3,2
南昌 026高三一模语文2026,2,2
南昌1模,3,2
南昌2025到2026学年度第一学期期末测试卷,8,2
南昌20261模,3,2
南昌2026高三一模试卷,3,2
南昌一摸2026生物,2,2
南昌一模2026数学,2,2
南昌一模化学,3,2
南昌一模物理,3,2
南昌一模物理试卷,2,2
南昌一模生物,3,2
南昌一模生物答案,5,2
南昌三月,3,2
南昌中学,5,2
南昌九下政治零模,4,2
南昌九年级英语,4,2
南昌二中上学期生物第三次月考,4,2
南昌市,35,2
南昌市2025届高三摸底测试,6,2
南昌市2025数学一模,6,2
南昌市一模英语,6,2
南昌市英语一模,7,2
南昌市高三三月测试,3,2
南沙区2025 七年级卷 数学,4,2
南洋模范中学,10,2
南海中学,4,2
南海区初一下学期数学期中试卷,4,2
南湖中学,6,2
南通 0模2025高三,4,2
南通 高三,7,2
南通 高三一 模英语 2026,2,2
南通2模,2,2
南通一模英语,8,2
南通三模,5,2
南通九年级2025一模,2,2
南通二模2024历史,2,2
南通二模2025,2,2
南通二模2026,2,2
南通初二下学期数学月考试卷,2,2
南通初二数学月考试卷,2,2
南通化学,2,2
南通启东 折桂中学,2,2
南通市2026届初中毕业、升学考试试卷生物,4,2
南通市2026届高三学业质量监测,5,2
南通市二模,2,2
南通市通州区高三,3,2
南通期初高三,3,2
南通物理模拟高三,9,2
南通生物,8,2
南通田家炳初级中学,6,2
南通自主招生,4,2
南通通州,5,2
南通通州区,4,2
南通通州高三下学期试卷,4,2
南通高一下物理期中,3,2
南通高一下第一次月考,4,2
南通高三,8,2
南通高三一模,2,2
南通，无锡，南京，苏州2025中考卷,2,2
南铁单招校考真题试卷,2,2
南阳,10,2
南阳 026高三一模化学,3,2
南阳 26高三一模,6,2
南阳026高三一模英语,3,2
南阳一中高二下学期第二次月考,2,2
南阳一模26,5,2
南阳一模26语文,5,2
南阳一模语文,13,2
南阳五市联考一模,12,2
南阳市2026一模地理,3,2
南阳市一中高二下学期第一次月考,5,2
南阳市一模,5,2
南阳市期中考试,6,2
南阳高一期中,7,2
南阳高二春期第一次联考下学期,3,2
南雅,4,2
博兴2024-2025七下语文期中测试卷博兴,2,2
博大附中锦州市,3,2
历史 七下 人教版 第一单元 检测卷,2,2
历史 知识点背诵清单,7,2
历史9年级,5,2
历史一轮复习,2,2
历史七下 第1单元,5,2
历史八下知识点,2,2
历史卷子,3,2
历史合肥一模,2,2
历史大题答题技巧,3,2
历史朝阳高三,2,2
历史潍坊,6,2
历史知识点总结,2,2
历史竞赛题,5,2
历史试卷,6,2
历史选修一,3,2
历史选择性必修2,4,2
历史选择性必修2思维导图,2,2
历史选择性必修三第二单元试卷,4,2
历史选择题专练,2,2
历史选择题专练高三,3,2
历史阶段特征,4,2
历史阶段特征中国史,2,2
历史高二下第一次月考,2,2
历史黄山中考,4,2
历城,7,2
历城初三语文模拟卷,5,2
历城区,6,2
历城区初三物理一模,6,2
历年高考英语真题,3,2
压 强 2025年中考物理一轮专题复习培优,2,2
压强浮力压轴题,3,2
压强难题,2,2
原子结构与性质,6,2
厦门 高一 下学期 第一次月考,4,2
厦门4月份月考,3,2
厦门一中高一下化学月考,3,2
厦门一中高一下历史月考试卷,8,2
厦门一中高一下学期地理试卷,6,2
厦门一中高三下周练,11,2
厦门一中高二下3月月考,7,2
厦门双十中学3月,2,2
厦门大学附属实验中学,7,2
厦门大学附属科技中学高二下月考,9,2
厦门市,8,2
厦门市2025届高三毕业班第二次质量检测,6,2
厦门市湖滨中学2024---2025学年第二学期3月月考高一物理,7,2
厦门质检,7,2
厦门高三市质检,9,2
县中联盟高一下学期第一次月考,3,2
双十,12,2
双基,5,2
双峰四科联赛,11,2
双杆模型,4,2
双棒,2,2
双语报,14,2
反应热,3,2
反比例函数K的几何意义,2,2
反比例函数K的几何意义专项,2,2
发酵工程及其应用,4,2
口算练习,4,2
口语 2026英语江苏,4,2
古田一中,5,2
古诗,3,2
古诗 词202 6语文诗词一轮复习,3,2
古诗文理解背诵上海高中语文,3,2
台州一中,2,2
台州一模,5,2
叶圣陶中学,2,2
合格性考试,8,2
合格考 2025年 普通高中学业水平山东省,4,2
合格考北京,10,2
合格考普通高中陕西省,4,2
合格考陕西历史,5,2
合肥 1 月份教学质量,2,2
合肥 1 模2026数学,2,2
合肥 一模,5,2
合肥 一模 2026语文,2,2
合肥168中学3月1,3,2
合肥1中2026届高三3月份规范性,3,2
合肥2025二模,6,2
合肥42中,13,2
合肥46中下学期大联考测试卷,2,2
合肥6中高二上学期期末,3,2
合肥C20,8,2
合肥C20一模英语,3,2
合肥c20一模,10,2
合肥一中2025 2026学年高二年级上学期期末教学质量测评,5,2
合肥一中2026届高三,2,2
合肥一中28-30高考保温卷,4,2
合肥一中3月开学考地理试卷,3,2
合肥一中高一,3,2
合肥一六八,4,2
合肥三模,5,2
合肥中考一模,19,2
合肥中考一模化学,5,2
合肥中考一模物理,2,2
合肥九年级质量调研,14,2
合肥二模高三,6,2
合肥八中天 一 3月 2026安徽高三数学,3,2
合肥六校,3,2
合肥六校联盟高三开年考语文,3,2
合肥包河区一模,2,2
合肥四十五中学,5,2
合肥四十五中学中考一模,5,2
合肥四十五中学中考一模2026,3,2
合肥市 1 模 2026,3,2
合肥市168,3,2
合肥市2025年包河区一模,3,2
合肥市五十中学西校,8,2
合肥市合肥工业大学附属中学,2,2
合肥市普通高校六校联盟2025~2026学年高三第1次教学质量监测,3,2
合肥市瑶海区一模物理,2,2
合肥市高三 第一次教学质量检测,5,2
合肥月考,14,2
吉安1模2026,6,2
吉安一模2026,3,2
吉安小学六年级期末试卷,14,2
吉安市高三一模,4,2
吉林 1月2026一模,6,2
吉林 1月2026联考高三,3,2
吉林 通化,7,2
吉林 通化 柳河一模,9,2
吉林26年高三下学期一模真题,3,2
吉林一模卷,9,2
吉林五年级下学期阶段检测,3,2
吉林八年级下学期阶段检测,5,2
吉林初三全科一模考卷,6,2
吉林市2025第三次调研,4,2
吉林市第九中学,5,2
吉林师范大学附属实验学校物理一模试题,2,2
吉林油田高级中学,6,2
吉林省中考真题数学,4,2
吉林省吉林市第二十九中学,9,2
吉林省延边二中高二下第一次月考数学试卷,3,2
吉林省延边州汪清县第四中学高二上半学期第一次月考数学,6,2
吉林省延边朝鲜族自治州2025年地生会考卷。,7,2
吉林省松原市宁江区八下生地中考模拟,3,2
吉林省永吉县七下数学期中,4,2
吉林省省实验,5,2
吉林省通化市辉南县,10,2
吉林省长春市2025 2026高二下学期第一次月考题,2,2
吉林省长春市朝阳区,15,2
吉林省高二下学期物理第一次月考,2,2
吉林长春市实验中学高三下学期第一学程考试数学试卷,4,2
吉林长春德惠市二十九中,9,2
吉林高一数学向量综合卷,2,2
吉林高考数学,3,2
吉首,5,2
吉首市,23,2
同分异构,7,2
同分异构体 2025专题,2,2
同分异构体数目判断,3,2
同步,2,2
同步作业,5,2
同步冲刺八下语文,3,2
同步练习,3,2
同步练习册,15,2
同步练习册2025年电子书,16,2
同步解析与测评,15,2
同步解析与测评 必修二 化学,5,2
同步解析与测评 课时练 物理 选择性必修第二册 增强版,2,2
同步解析与测评地理,2,2
同类题,4,2
同行学案,5,2
同行课课100分,8,2
同角三角函数的基本关系,3,2
名师伴你行,4,2
名师测控陕西专版语文,4,2
名校 联盟 2026高三3月份,5,2
名校协作,6,2
名校学术联盟 高考模拟信息卷 冲刺卷 预测卷,9,2
名校联盟3月,3,2
名校联盟调研卷,4,2
名校联考,9,2
名校课堂 026名校课堂七年级下册,13,2
名校课堂 026名校课堂七年级下册 英语,5,2
名校课堂 026名校课堂八年级下册,25,2
名校调研,3,2
名校调研系列卷九年级下学期第一次模拟物理试卷,5,2
名言名句,5,2
名词,6,2
吐鲁番,8,2
吐鲁番期中,7,2
向心力和向心加速度,9,2
向量单元检测,5,2
向量压轴题,5,2
向量压轴题压轴,2,2
向量在几何中的应用,9,2
向量培优,3,2
向量基底转化,2,2
向量复习,3,2
向量方面的基础题,2,2
向量最值,3,2
向量等和线,3,2
听力 100 篇中考英语,3,2
听力 100篇 音频,2,2
听力 100篇专项训练英语,7,2
听力 100篇英语,2,2
听力专练,2,2
听力天津,4,2
听力训练,3,2
听力音频,7,2
听说,7,2
启东,5,2
启东中学作业本7年级下,3,2
启东作业本,9,2
启东八上期末考,5,2
启东折桂八年级下学期月考,3,2
启秀中学,8,2
启迪中学一模试卷,4,2
吴忠中学,4,2
吴忠市高三联考试卷,2,2
呈贡区五年级下册,4,2
周口二模,14,2
周口月考七年级下册月考试卷,4,2
周庄中学,7,2
周期函数题,2,2
周考,21,2
呼和浩特 026一模,7,2
呼和浩特一模2026地理,2,2
呼和浩特一模历史,5,2
呼和浩特一模数学,3,2
呼和浩特一模生物,5,2
呼和浩特一模语文,2,2
呼和浩特第十八中学,2,2
和安中学,10,2
和平,6,2
和浩特市 2026 年高三年级第一次模拟考试数学参考答,7,2
和田,33,2
和田月考,20,2
咸阳二模2025年,5,2
咸阳市2025年高三二模,3,2
咸阳市实验中学,3,2
咸阳市实验中学2025—2026学年度第一学期第二次质量检测,5,2
哈 三 中 2 0 2 5 2 0 2 6 学 年 度 一模,4,2
哈3中一模,2,2
哈3中一模2026,2,2
哈三,7,2
哈三2026年高三学年第一次模,4,2
哈三中2025 2026,4,2
哈三中2026 3月模考,6,2
哈三中2026 年高三学年第一次模拟考试,4,2
哈三中2026届高三一模,6,2
哈三中2026届高三一模英语试卷,7,2
哈三中2026届高三学年第一次模拟试卷,8,2
哈三中2026政治,2,2
哈三中一模2026届高三,2,2
哈三中历史,5,2
哈三中数学,8,2
哈三中第一次模拟考试,6,2
哈三中高一下4月月考,3,2
哈三中高一下学期月考,3,2
哈三中高三,3,2
哈三中高三物理,2,2
哈三校2026一模,7,2
哈九中一模物理,4,2
哈九中高一上学期12月份物理,6,2
哈十七2025 2026九下开学测化学,7,2
哈尔滨 1月份 2026一模高三,3,2
哈尔滨 3月份 2026一模,4,2
哈尔滨2026一模,7,2
哈尔滨8下三月份考,7,2
哈尔滨三中,3,2
哈尔滨三中2026 3月模考,5,2
哈尔滨三校一模2026,3,2
哈尔滨中考数学,2,2
哈尔滨九中,8,2
哈尔滨九年级,101,2
哈尔滨南岗区一模,3,2
哈尔滨南岗区中考模拟考试,4,2
哈尔滨双城区七下第一次月考,4,2
哈尔滨实验学校六年级下英语月考,4,2
哈尔滨市2025年中考物理真题解答,2,2
哈尔滨市南岗区一模九年级2026,2,2
哈尔滨市第七十三中学校高一下月考化学,2,2
哈尔滨市第三中学2025 2026学年度高三学年一模,5,2
哈尔滨市第三中高一下物理,5,2
哈尔滨市第九中学2025 2026学年度高三下学期第一次模拟考试物理,3,2
哈尔滨市第九中学高一下学期,4,2
哈尔滨市第九中学高二下生物,5,2
哈尔滨市第十二中学,11,2
哈尔滨师范大学,7,2
哈尔滨师范大学东北师大附中辽宁省实验中学2026年高三第一次联合模拟考试,6,2
哈尔滨数学中考,4,2
哈尔滨第一中学校英语,9,2
哈尔滨第三中学一模,4,2
哈尔滨第九中学 2025 2026 学年度高三下学期第一次模拟考试数学试题及答案,4,2
哈尔滨第九中学高三一模物理,3,2
哈尔滨联合,3,2
哈尔滨道里区一模数学2025含答题卡,3,2
哈尔滨道里区物理零模,2,2
哈尔滨阿城七点年级下第一个月考,9,2
哈尔滨高一下4月份月考,5,2
哈工大,8,2
哈师大,4,2
哈师大青冈实验中学,12,2
哲理联考,4,2
唐山3月一模,2,2
唐山一模2024,8,2
唐山三月月考,9,2
唐山市,5,2
唐山市 2026年 高三 一模,14,2
唐山市中考数学一模,4,2
唐山路南七年级数学下3月考,7,2
唐河,13,2
唐河七下月考,14,2
唐河县2024年七年级下册第一次月考考试,18,2
唐河县文峰高中2026年月考卷,9,2
商丘一高,2,2
商丘兴华,4,2
商丘博雅2026中考模拟,3,2
商丘市第一高级中学,6,2
商丘市第二高级中学,3,2
商师大联考,5,2
商洛,8,2
喀什地区 2025 九年级 上 期末 真题,13,2
嘉兴2025语文,3,2
嘉兴八校联考,4,2
嘉兴高二下期末,3,2
嘉祥一模,10,2
嘉祥县2025至2026  7年级期末数学试题,4,2
嘉祥锦江,8,2
四 川 省 2 0 2 4 年 普 通 中 学 业 平 合 格 性 考 试,4,2
四下人教版数学课堂作业本1-82页参考答案,4,2
四下语文1单元试卷,4,2
四中月考,6,2
四十五中,3,2
四大名校,7,2
四大名校长沙,2,2
四川 单招 2025数学真题卷,3,2
四川2026届二诊,5,2
四川八年级下学期期中,6,2
四川八年级下学期阶段检测,7,2
四川六年级下学期阶段检测,7,2
四川内江市高中2026届高三第二次模拟考试数学试题,3,2
四川单招,6,2
四川单招数学,6,2
四川合格考,12,2
四川大数据2026年高三3月联考及,5,2
四川学考物理知识点总结,3,2
四川巴中,9,2
四川德阳2025化学一模,6,2
四川成都七中数学高二,5,2
四川成都信息技术合格考,2,2
四川成都市某校2025～2026学年度高三下学期二诊模拟考试政治试题,4,2
四川普通高中学业水平合格性考试,2,2
四川期末考试真题,5,2
四川泸州2026一诊,2,2
四川省2024年高等职业教育单独招生考试普高类语文试题,3,2
四川省2026年宜宾二诊政治,3,2
四川省内江市2024年中考英语试卷,3,2
四川省南充市九年级下册第一次诊断性考试2024年数学测试卷,10,2
四川省南充市二诊,3,2
四川省字节精准教育联盟,3,2
四川省巴中中学初三年级物理,4,2
四川省巴中市中考,3,2
四川省广元市旺苍县2025二模,11,2
四川省广元市苍溪县2025年初三一诊考试试题英语,2,2
四川省成都市,18,2
四川省成都市2023级高三第二次模拟测试（成都二诊）,2,2
四川省成都市2026届高三下学期第二次摸拟测试,4,2
四川省成都市2026届高中毕业班第一次诊断性检测,9,2
四川省成都市成都七中二诊模拟测试,2,2
四川省成都市树德中学2025 2026学年高二上学期期末练习语文试题,9,2
四川省成都市第七中学,2,2
四川省成都市第七中学二七届高二下数学第二周练习,6,2
四川省泸州市2024年物理试题中考,7,2
四川省绵竹中学校,6,2
四川省达州市开江县2025中考历史试卷,6,2
四川省高一下学期数学期中卷达州,2,2
四川绵阳二诊,4,2
四川金堂中学校等校2026届高三下学期3月开学化学试题,3,2
四川阿坝州中考物理,3,2
四川高一合格性考试,2,2
四平一中,5,2
四平市师大附中,9,2
四平市第四中学高一下学期,9,2
四年级下册外研版英语单元卷,2,2
四年级下册数学第三单元试卷,2,2
四年级下册数学第三单元试卷人教版,4,2
四年级下册英语,3,2
四年级下册英语两导两练,14,2
四年级下册语文第1单元试卷,6,2
四年级下学期期中,30,2
四年级语文下册测试,2,2
四心,2,2
四月辽宁,5,2
四校12月联考,6,2
四省 联考 2026陕甘宁青,5,2
四边形 18 1专题复习,5,2
四边形专题复习,3,2
因式分解单元测试,3,2
团员考试题目,3,2
团课,8,2
园周运动,3,2
固体压强,2,2
国华纪念中学,3,2
圆 的14种题型归纳九年级,4,2
圆中考压轴选填,8,2
圆创,5,2
圆周,4,2
圆周运动专题,2,2
圆和扇形,2,2
圆柱,2,2
圆柱 表面积,4,2
圆梦杯,3,2
圆梦杯第十届,3,2
圆的计算问题,4,2
圆盘模型临界问题,3,2
圆锤曲线高考复习大题,3,2
圆锥 曲线大题,2,2
圆锥曲线 12大基础题 8大提升题,4,2
圆锥曲线 大题,3,2
圆锥曲线专题,2,2
圆锥曲线大题专题,4,2
圆锥曲线小题,3,2
圆锥曲线抛物线双曲线选择题和大题,2,2
圆锥曲线的知识交汇问题,6,2
圆锥曲线试卷,2,2
地 理,6,2
地 理024届初中试卷中考试卷,12,2
地图与地球仪思维导图,2,2
地域文化与城乡景观,4,2
地域文化与城乡景观PPT,10,2
地球运动 2025 一轮复习,3,2
地理 01 一轮复习 知识点,5,2
地理 01 一轮复习 默写知识点,3,2
地理 01 一轮复习初中,2,2
地理2025年 全国卷真题,3,2
地理一模卷,2,2
地理中考2025真题,4,2
地理中考复习提纲,3,2
地理中考模拟卷,4,2
地理人文地理,3,2
地理会考真题,3,2
地理八年级试卷,5,2
地理农业专题高考汇编,5,2
地理山东,3,2
地理山东高考25,3,2
地理模考,2,2
地理湘教版7.1亚洲及欧洲的气候与河流默写,3,2
地理生物会考,12,2
地理生物会考试卷湖北襄阳,3,2
地理知识点,9,2
地理答题模板,3,2
地理试卷,7,2
地理试卷高三,10,2
地理高一下册第一次月考试卷,5,2
地理高考卷,3,2
地理高考真题,4,2
地理默写,5,2
地生中考,5,2
地生会考2025真题八年级下,8,2
地生会考2025真题内蒙古,7,2
垫江中学,8,2
埇桥区九年级下学期宿州十一中一模,10,2
培优 拔尖培优专题,6,2
培优100分,6,2
培优卷,9,2
培优名卷,7,2
基因工程 高考真题汇编,2,2
基因工程大题专项,2,2
基因频率,4,2
基本 不等式,2,2
基本不等式,3,2
基本不等式单元卷,5,2
基础卷unit 4,5,2
基础物理知识竞赛,6,2
基础题,3,2
基础题 2025复习专题,6,2
堂堂清六年级下册北师大版,6,2
堂堂清小卷,11,2
堂堂清小卷四年级下,17,2
塘沽一中2026届高三毕业班十二校联考一模拟考试,4,2
塘沽一中高二月考,6,2
塘沽第一中学,3,2
增城区,3,2
壶口瀑布,2,2
备战2026年中考语文复习最新试题精选,3,2
备考信息导航演练2026,7,2
复习,6,2
复分解反应,3,2
复合函数求导,3,2
复旦附中数学,2,2
夏津一中,7,2
外国语,9,2
外国语学校,9,2
外接球,3,2
外省八年级地理试卷,3,2
外研版七年级下册M1m2英语阅读理解,2,2
外研版初中英语复习材料,7,2
外研版必修二 Unit6 Earth first 词汇导学单,3,2
外研社版八上单词,4,2
大作文,3,2
大兴,6,2
大冶一中高三期中模拟语文,2,2
大学,3,2
大学六级英语考试真题,5,2
大小卷,6,2
大庆,6,2
大庆一中,6,2
大庆中考英语听力,3,2
大庆实验中学高一下学期开学考试,4,2
大庆市2026届高三年级第二次教学质量检测,3,2
大庆市语文中考题,2,2
大庆英语,14,2
大庆铁人中学,3,2
大梦杯初中数学竞赛真题,4,2
大湾 区一模2026,4,2
大湾区联考,3,2
大理州 20226届高中毕业生第二次复习统一检测,5,2
大联考2026试卷,3,2
大联考单元期末测试卷 九年级,4,2
大象版七下语文黄河颂同步,3,2
大足区,4,2
大连 二十四 高三 一模,3,2
大连2024-2025高一下期中,3,2
大连24中2026年数学卷,3,2
大连24中2026第一次模拟考试,10,2
大连一模历史,4,2
大连一模物理,8,2
大连中考,8,2
大连二十四中学,2,2
大连八中高一四月份英语,4,2
大连八年级地理生物会考,3,2
大连名校联盟,4,2
大连市 一模 2025,5,2
大连市2025年大连一模,6,2
大连市中考数学,2,2
大连市第一中学2026年高考模拟测试,5,2
大连市第二十四中学 2026年高三第一次模拟考试物理,2,2
大连市第八中学,3,2
大连市育明,2,2
大连市育明高级中学,4,2
大连月考数学八下,5,2
大连第一次模拟考试高三,3,2
大连职业技术学院单招,4,2
大连育明高三,5,2
大连育明高三第二次教学质量调研化学,2,2
大题,5,2
天 1 大联考 3月,7,2
天 1 大联考 3月安徽物理,3,2
天 一 3月,7,2
天 一 大联考 3月,12,2
天 一 大联考 3月 2026安徽高三,7,2
天 一 大联考 3月 2026安徽高二,4,2
天一大联考2026届高三3月联考 山西阳泉,10,2
天一大联考湖南省湘一名校联盟2026届高三二模试题,3,2
天一大联考高一,6,2
天一联考卷,9,2
天一高二3月化学,2,2
天一高二3月语文,5,2
天仙潜高三联考,2,2
天体运动 2026一轮复习,9,2
天体运动专题,2,2
天利38套 2026,3,2
天原杯,2,2
天域联盟2025,7,2
天壹名校联盟,4,2
天壹大联考,4,2
天府七中直升考试,10,2
天府新区,15,2
天气系统,2,2
天水逸夫中学,24,2
天水逸夫中学中考三模,5,2
天河区,6,2
天河区一模,26,2
天津 026高三一模和平区,3,2
天津 初中学业水平考试（八年级）地理科目考查,8,2
天津 英语高考模拟,2,2
天津2025和平区初中学业水平考试模拟 一道法,7,2
天津2025模拟卷,7,2
天津一中月考,7,2
天津一模数学,2,2
天津七中2025 2026结课试卷九年级,3,2
天津七中2026结课试卷历史初三,2,2
天津七中初三结课,5,2
天津七中结课,2,2
天津七中结课考,4,2
天津七年级下学期阶段检测,13,2
天津三年级下学期期中,4,2
天津东丽英华插班考试卷,2,2
天津中考一模数学,2,2
天津中考模考,5,2
天津中考物理真题,3,2
天津九年级下学期undefined,6,2
天津九年级下学期期末,4,2
天津二十五,2,2
天津人教版向量练习题,2,2
天津八年级下册数学专题卷,8,2
天津八年级下学期阶段检测,3,2
天津八校,11,2
天津南开,2,2
天津南开中学,4,2
天津和平,5,2
天津外国语大学附属外国语学校,16,2
天津实验中学,2,2
天津市12所重点中学联考,8,2
天津市2015年中考物理,3,2
天津市2023年高考数学,3,2
天津市2024部分区二模初中,2,2
天津市2025年高考英语试卷,2,2
天津市2025静海一中高一下学期第一次月考数学试卷,3,2
天津市24年九年级数学一模,8,2
天津市一中耀华实验三校联考2025-2026学年第二学期高三模拟训练英语试题,3,2
天津市一模,4,2
天津市七中2025-2026年结课考试九年级数学,3,2
天津市七年级下册历史第一次月考,4,2
天津市南开中学,7,2
天津市南开中学高三英语,3,2
天津市南开中学高二下期中数学,5,2
天津市双菱中学高一下学期月考,6,2
天津市和平区高三一模英语,3,2
天津市塘沽一中2026届高三下学期毕业班十二校联考 一 模拟考化学试题,3,2
天津市实验中学2024~2025第二学期第一次阶段性评估九年级英语,8,2
天津市市区重点中学联考一模,7,2
天津市新华中学高二下第一次月考物理,4,2
天津市武清区七下第一次月考卷子,3,2
天津市河东区,3,2
天津市河东区2025-2026学年度第二学期九年级道德与法治学科结课考试卷,4,2
天津市河东区2026高三下学期英语一模,3,2
天津市河东区七中结课考,4,2
天津市河东区九年级下物理结课考,3,2
天津市河东区道法一模试卷,5,2
天津市河北区八下物理期中,2,2
天津市河西区2024-2025学年度第二学期高一年级期中质量调查语文试卷,5,2
天津市河西区结课考,3,2
天津市滨海新区六年级下册期末考试试卷,3,2
天津市第21中学 道法一模,4,2
天津市第四十七中学高三年级第一学期,4,2
天津市耀华中学滨城学校,6,2
天津市部分区2024九年级一模,2,2
天津市部分区2025到2026期中八年级下册语文,8,2
天津市静海区第一中学2024-2025学年高二下学期3月份政治试题,2,2
天津市静海区第一中学高二下第一次月考考试数学,2,2
天津市高中物理,12,2
天津市高二下3月月考,5,2
天津数学高考,5,2
天津月考卷,7,2
天津月考卷高一下学期,5,2
天津期末,5,2
天津杨村一中一模,3,2
天津河东区2026一模英语,9,2
天津河东第七中学,10,2
天津河北区2022-2023学年度九年级总复习质量检测（一）语文,7,2
天津河西结课,2,2
天津泰达实验学校,10,2
天津第三十二中学高一,5,2
天津第五中学,11,2
天津第五中学月考第一次,7,2
天津结课考,6,2
天津英语一模,4,2
天津英语听力真题,2,2
天津英语高考模拟,3,2
天津英语高考真题,3,2
天津语文,7,2
天津语文七下第一次月考,3,2
天津首考英语,4,2
天津高一下学期期中,4,2
天津高一下学期第一次月考化学,3,2
天津高一下学期第一次月考历史,4,2
天津高一下学期第一次月考英语,2,2
天津高一下学期阶段检测,3,2
天津高一月考美达菲,2,2
天津高三名校套卷,26,2
天津高三模拟卷  名校套卷,5,2
天津高二下学期月考,5,2
天津高二下学期近三年部分区和重点校三月份月考试卷，,4,2
天津高二下第一次月考津南区,2,2
天舟高考衡中同卷,3,2
天门3月调考,9,2
太仓,5,2
太原,6,2
太原一模2025,4,2
太原五中2025-2026学年高二下学期3月数学月考,5,2
太原市 2025 2026 英语,3,2
太原市一模,3,2
太和县一模,5,2
太行中学,3,2
太行中学物理,8,2
太行中学第一次月考试卷高二下,6,2
太行中学高一下学期第二次月考,3,2
太谷区2024 2025学年度第二学期期中质量监测题七年级数学七年级,21,2
夷陵区实验小学四年级上学期的期末卷子,4,2
奔跑吧期末,7,2
奥数6年级,4,2
奥林匹克初赛数学,5,2
奥林匹克生物竞赛,18,2
好好卷,9,2
好题汇编 山东专用,2,2
好题汇编政治新高考,7,2
如东一模,11,2
如东中学,6,2
如东县2025 2026学年度第一学期期末测试卷生物,2,2
如东月考,7,2
如东高一下生物月考,2,2
如皋初一数学下学期第一次月考试卷语文,2,2
如皋初级中学月考英语,3,2
如皋高二下,6,2
如皋高二下期中,3,2
如皋高二数学期末,2,2
姜堰励才月考,7,2
姜堰月考,4,2
威海一模,6,2
孔雀东东南飞 ppt2026,3,2
孔雀东南飞 课件,3,2
字音 字形 2025高中语文专题复习,4,2
孝义,6,2
孝义市八年级下册期中数学试卷,2,2
孝南区八年级下学期物理单元,3,2
孝感,10,2
孝感市期中考试试卷,12,2
孝感市楚天写作体2025-2026学年高一下学期3月阶段性,8,2
孝感高中2023级高三,4,2
孝昌邹岗一模,2,2
孟德尔德的豌豆杂交实,4,2
孟德尔德的豌豆杂交实实验二,2,2
学 易 金卷2025 2026,3,2
学业水平考试2025,6,2
学业质量测评,3,2
学习之星,7,2
学习之星六年级语文第二单元综合能力培优卷,4,2
学习质量检测历史八下天津,6,2
学习质量监测,8,2
学易金卷2025 2026,3,2
学易金卷模拟卷七年级下册月考，无锡专用,3,2
学易金卷甘肃高考,2,2
学易金卷英语一模上海专用,4,2
学林,4,2
学林卷2026,3,2
学法大视野,9,2
学海乐园 五年级下册数学 北师大版 第一单元学业质量评价(二),9,2
学海风暴,5,2
学海风暴语文试卷初一下学期,2,2
学科网 12月 2026届大联考,6,2
学科网/教习网：搜索「沪教版七下英语 Unit 2 连词专项练习」,3,2
学科网大联考2026高三 新课标卷,2,2
学考 20 2 3年 普通高中 学业水平考试,14,2
学考 20 2 5 年 学业水平考试地理,2,2
学考 20 2 5年 普通高中 数学学业水平考试,8,2
学考复习,6,2
学而思自招物理,3,2
学英语八下U 1,3,2
学英语报,20,2
学英语报八年级下册,2,2
学霸,6,2
学霸作业本,3,2
学霸提优大试卷,10,2
学霸训练：高考英语完形填空阅读理解七选五（七合一）专项训练,5,2
学霸黑白题,2,2
宁夏2016中考英语卷子,3,2
宁夏2024年中考数学试卷,3,2
宁夏七年级下学期阶段检测,7,2
宁夏中考物理卷子,3,2
宁夏六盘山高级中学,3,2
宁夏吴忠市高三下学期高考模拟联考历史,4,2
宁夏数学高三,8,2
宁夏统测卷,9,2
宁夏育才中学,7,2
宁夏育才中学2026年高三一模,9,2
宁夏银川一中2025 2026高三英语第六次月考,4,2
宁夏高一下学期阶段检测,2,2
宁德一中提前批卷,7,2
宁德市蕉城区质检试卷,4,2
宁德高二下英语月考,5,2
宁明县九年级26年期末考试,2,2
宁波 十校 03月份,4,2
宁波 十校 2026 3月高三,4,2
宁波 十校 2026届高三 3 月联考数学试题卷及答案,6,2
宁波 十校 2026届高三3月联考历史,3,2
宁波 十校 2026届高三3月联考政治,2,2
宁波 十校 2026届高三3月联考物理,2,2
宁波中考 真题,4,2
宁波十,5,2
宁波十校2024届高三3月联考,3,2
宁波十校政治,4,2
宁波市,10,2
宁波市中考一模科学,4,2
宁波镇海中学,6,2
宁波高一期末生物,3,2
安丘,7,2
安吉县实验初级中学,3,2
安培力和洛伦兹力,4,2
安定区九年级月考卷,4,2
安庆 二模 2026 物理,6,2
安庆二模2024年政治,16,2
安庆二模2025物理,3,2
安庆二模2025英语,3,2
安庆二模政治,14,2
安庆二模政治试卷,3,2
安庆四中八下,3,2
安庆市2026年高三模拟考试二模英语试题。,2,2
安庆市外国语,6,2
安徽 0224中考真题,3,2
安徽 026一模物理,3,2
安徽 A 10联盟2026届,3,2
安徽 江南十校,2,2
安徽 江南十校 高三 2026 3月联考,3,2
安徽2026最新数学一模卷,8,2
安徽C20 教育联盟 2026,4,2
安徽c20,4,2
安徽一模,4,2
安徽一模2026,6,2
安徽中考,7,2
安徽中考信息交流卷,8,2
安徽中考原创仿真卷1号卷中考智高点开旗卷,5,2
安徽中考各科C20试卷,3,2
安徽中考模拟信息卷,6,2
安徽九年级模拟卷语文,6,2
安徽二年级下学期阶段检测,5,2
安徽五年级下学期阶段检测,2,2
安徽六校,2,2
安徽六校 1 月联考高三年级,7,2
安徽县中联盟高一下学期三月联考,3,2
安徽合肥,3,2
安徽合肥市普通高中六校联盟2026届高三下学期开联考语文试题,3,2
安徽合肥市普通高中六校联盟20二六届高三下学期开年考语文试题,3,2
安徽合肥高中六校联盟教学质量监测,6,2
安徽天一2026三月联考语文,3,2
安徽天一文化高一 3月 2025,2,2
安徽宣城一模,9,2
安徽数学高考真题,3,2
安徽江淮名卷一模,7,2
安徽百校联赢,7,2
安徽皖北协作区 2025 高三,4,2
安徽皖智教育第一卷2026,2,2
安徽皖智数学2026安徽中考信息交流卷2,3,2
安徽省 025年普通高中学业水平合格性考试,5,2
安徽省 C20 教育联盟 2026 年九年级第一次学业水平检测,6,2
安徽省 C20 教育联盟 2026 年九年级第二次学业水平检测,11,2
安徽省A10联盟,7,2
安徽省C20,4,2
安徽省C20 2026学年安徽省九年级第一次学业水平测试,3,2
安徽省C20教育联盟2025年九年级第一次学业水平检测,6,2
安徽省c20教育联盟组织九年级化学第一次测试,2,2
安徽省“C20”教育联盟2026年九年级第一次学业水平检测，试卷数学，物理，化学,6,2
安徽省六安市第九中学2025年九年级第五月考物理试卷,4,2
安徽省合肥一六八中学2025-2026学年高三下学期3月模拟训练历史试题,3,2
安徽省合肥一六八中学高三下学期3月规范,3,2
安徽省合肥六校联盟高三开学语文考,2,2
安徽省合肥市一六八中学2026届3月规范训练生物试题,3,2
安徽省合肥市六校联盟2026届高三下学期语文试题,2,2
安徽省合肥市普通高中六校联盟2026,2,2
安徽省合肥市瑶海区2025年九年级第一次模拟考试英语试题,3,2
安徽省天一大联考2024-2025学年高二下学期3月调研考试生物学试题,3,2
安徽省安庆市二模卷子语文,2,2
安徽省宿州市泗县八年级上册期末2025-2026语文,5,2
安徽省无为实验中学,8,2
安徽省江南十校2026届高三综合素质评价英语,3,2
安徽省芜湖市一模,10,2
安徽省芜湖市六年级语文,3,2
安徽省芜湖市无为市无为三中一模,3,2
安徽省芜湖市无为市无为中学自主招生数学试卷2025年,5,2
安徽省英语信息,6,2
安徽省蚌埠市华师联盟,4,2
安徽省阜阳市太和县九年级期末试卷,8,2
安徽省高一上学期数学,4,2
安徽省高二4月月考化学,3,2
安徽省高二4月月考化学天一,3,2
安徽省高二数学下期中测试考,2,2
安徽第一卷 2025 2026 皖智物理,5,2
安徽第一卷2026安徽中考信息交流卷二数学试题,3,2
安徽第一卷2026安徽中考信息交流试卷一物理,3,2
安徽联考,8,2
安徽芜湖无为九下一模语文,4,2
安徽阜阳高二合格考,6,2
安徽高三,6,2
安徽高二下学期阶段检测生物,5,2
安徽高二天一大联考3月,9,2
安徽高考2024,3,2
安徽高考模考,8,2
安溪县初中毕业班适应性练习,16,2
安溪县质检,5,2
安阳市二模英语,6,2
安阳市八中,7,2
安阳市殷都区2024~2025年七下一次月考试卷,4,2
安阳市高三二模地理,3,2
安陆市第一高级中学,3,2
安陆市职业技术学校,5,2
完全平方公式,4,2
完型,6,2
定 语从句100题,4,2
定州市七年级下学期期中语文试卷,20,2
定心卷,2,2
定点 定直线,3,2
定点定直线,3,2
宜兴,6,2
宜宾 二诊数学,3,2
宜宾二诊政治,3,2
宜宾二诊生物,10,2
宜宾市高二下物理第一次月考试卷,3,2
宜昌,3,2
宜昌市 2026届高三元月调研考试,2,2
宜昌市 高中生2025年3月月考试卷,5,2
宜昌高三三月2026,13,2
宝丰,3,2
宝安区,12,2
宝安区 2025 2026 学年第一学期教学质量监测,6,2
宝安区高一下月考,8,2
宝山,8,2
宝山中学,5,2
宝鸡二检,6,2
宝鸡二模化学,2,2
实数 01专题,4,2
实验 1轮 复习 常见 题型 分析,4,2
实验 2025复习专题实验专题,3,2
实验中学月考卷,19,2
实验班提优训练,4,2
实验题,4,2
宣城2026英语九年级一模考试卷,2,2
宪法至上,16,2
宾语从句,3,2
宿城区,5,2
宿城第一初级中学20252026八年级上学期生物期末试卷,18,2
宿州,4,2
宿州 1模 2026 高三,3,2
宿州1模,3,2
宿迁2025高一下期中试卷,10,2
宿迁中学,4,2
宿迁市六下第一次月考数学试卷。,3,2
宿迁市沭阳县怀文中学,6,2
宿迁期中,3,2
宿迁树人九年级物理,6,2
密度 202 5 提高 拓展 混合密度,3,2
对数 100 道 运算,5,2
导 数100题一轮复习利用导数,3,2
导函数,7,2
导函数16大题型,3,2
导函数单调性,5,2
导数 同构,2,2
导数 基础大题,5,2
导数 大题2025常考题大题汇总,2,2
导数 高二 测试卷,3,2
导数 高考,3,2
导数 高考大题真题汇编,3,2
导数专项训练,3,2
导数函数,4,2
导数单元测试卷,10,2
导数单调性专练,4,2
导数单调性含参,3,2
导数压轴大题,3,2
导数压轴小题,3,2
导数同构问题,3,2
导数含参单调性讨论,2,2
导数含参问题讨论,2,2
导数基础,3,2
导数大题2025常考题大题汇总,4,2
导数恒成立问题,5,2
导数的单调性,3,2
导数综合卷 专题,2,2
导数综合测试,3,2
导数综合练习题高二,3,2
导数运算练习,2,2
导数高二,5,2
射洪中学,8,2
射洪太和中学,3,2
小升初 英语,5,2
小升初2025年分班考试数学卷,3,2
小升初分班卷,3,2
小升初分班考,3,2
小升初奥数,13,2
小升初巴蜀中学录取试卷,3,2
小升初柳州,4,2
小升初真题卷,2,2
小升初自主招生真题卷,5,2
小升初语文,10,2
小学五年级数学,3,2
小学学霸作业本 综合素养评价,9,2
小学数学计算题训练混合运算天天练,2,2
小数 化 分数 练习,3,2
小榄镇一模,5,2
小石潭记,7,2
小船渡河,3,2
尖子生,3,2
尖子生培优,6,2
局前街,3,2
局前街常州,2,2
山东 0 3月 调研 2026 高三 数学,4,2
山东 0 3月 调研 2026 高三地理,4,2
山东 一模 2026英语,3,2
山东 中考2025数学,7,2
山东 中考2025数学真题,3,2
山东 名校考试联盟,5,2
山东 名校考试联盟 3月高一下,2,2
山东 德州 2026高三一模,2,2
山东2020到2025高考真题,3,2
山东2025高考二模试卷,5,2
山东2026年一模,9,2
山东2026物理,3,2
山东2026高三,3,2
山东2026高三一模,6,2
山东3月学习质量综合评估,11,2
山东undefined,4,2
山东一模英语,3,2
山东三年级下学期期中,3,2
山东三月九五联考,6,2
山东三月调研高三,6,2
山东东营八年级下册第一次月考数学,2,2
山东中考2025年期末测试省统一命题九年级历史试卷,2,2
山东中考物理压强浮力,3,2
山东中考题2025年。,4,2
山东临沂,4,2
山东临沂2024年数学中考卷,2,2
山东临清2025一模,5,2
山东九五,10,2
山东九师联盟,2,2
山东六年级下学期期中,7,2
山东升学模考,6,2
山东名校联盟,4,2
山东实验中学枣庄,3,2
山东实验中学枣庄八下第一次，月考,6,2
山东师范大学附属中学,8,2
山东德州,4,2
山东德州乐陵江山第一次月考七下,7,2
山东德州乐陵第一次月考七下,4,2
山东数学一模,5,2
山东数学中考,4,2
山东新泰二模,5,2
山东春季高考英语真题,6,2
山东期中,4,2
山东期末,3,2
山东枣庄第八中学高二下月考,7,2
山东济南2025历史中考,2,2
山东济南八年级物理,2,2
山东济宁,6,2
山东济宁一模2026,2,2
山东济宁嘉祥一模化学题,2,2
山东淄博,4,2
山东淄博一模,3,2
山东淄博市张店区一模,8,2
山东滕州北辛中学,10,2
山东潍坊高三一模语文,2,2
山东烟台,12,2
山东烟台芝罘区中考模拟,3,2
山东烟台莱阳一中高一,7,2
山东物理,5,2
山东生物,23,2
山东生物一模,3,2
山东生物真题汇编,2,2
山东省2024年语文9年级下册期末试卷。,3,2
山东省2026年普通高中学业水平3月调研化学,3,2
山东省2026高三 一模,3,2
山东省中考样卷26年,2,2
山东省临沂市,5,2
山东省临沂市河东区2025年九年级数学中考一模,4,2
山东省临清市2025一模,5,2
山东省九五联考,15,2
山东省名校考试联盟,2,2
山东省夏津县2025年八年级下册第一次月考数学,5,2
山东省威海市中考数学真题,2,2
山东省实验 四诊,4,2
山东省实验12月第三次诊断试卷,4,2
山东省实验中学 12月份 高三 第四次检测,2,2
山东省实验中学 2026届高三第一次诊断性考试,3,2
山东省实验中学2026届第四次诊断考试历史,2,2
山东省实验中学四诊物理,5,2
山东省师范大学附属中学,8,2
山东省德州市,4,2
山东省德州市德城区一模初三,3,2
山东省德州市德城区二模初三,2,2
山东省德州市第九中学2025~2026年第一次月考卷,10,2
山东省数学中考真题2025年,3,2
山东省日照市,7,2
山东省普通高中合格考试高一,7,2
山东省枣庄市2024高考二模语文,3,2
山东省枣庄市2025高三一模语文,2,2
山东省枣庄市一模,4,2
山东省枣庄市峄城区中考,3,2
山东省枣庄市薛城区八上期末考试,6,2
山东省泰安市2026高三一模,2,2
山东省泰安市初中化学一模试卷,4,2
山东省泰安市化学中考一模,2,2
山东省泰安市新泰市九年级一模化学,5,2
山东省泰安市泰山区八年级下册历史期中试卷,3,2
山东省泰安市肥城市2025年九年级下册月考化学,10,2
山东省济南市高一英语下学期期末试卷,7,2
山东省济宁市2012年中考物理试卷,2,2
山东省济宁市2025年历史中考,2,2
山东省济宁市2026届高三一模,2,2
山东省济宁市七年级下册数学月考卷2026,2,2
山东省济宁市中考试卷2025,2,2
山东省济宁市任城区2025年一模真题,2,2
山东省济宁市任城区2025年一模真题英语,2,2
山东省济宁市兖州区中考试卷,3,2
山东省济宁市曲阜市2025化学一模,2,2
山东省济宁市梁山县英语一模,2,2
山东省济宁市汶上县物理一模,4,2
山东省济宁市第一中学2022-2023高一下学期月考英语,2,2
山东省济宁市高三一模考试,3,2
山东省济宁市鱼台县初三一模道物理试卷,5,2
山东省淄博市市实验,6,2
山东省潍坊寿光市七年级下册月考,2,2
山东省潍坊市中考数学试九,2,2
山东省潍坊市青州市2024年高一下学期期中考试测试题,3,2
山东省潍坊市高密市安丘市2026高三一模语文,2,2
山东省烟台市2025-2026学年八年级期末考试物理,3,2
山东省烟台市2025高一下学期期中考试,2,2
山东省烟台市招远市2024中考物理真题,7,2
山东省烟台市栖霞市八年级上册物理期末测试题,2,2
山东省烟台市牟平区七年级下册期中考试卷,3,2
山东省烟台市牟平市,3,2
山东省物理高考试卷,3,2
山东省生地会考真题,3,2
山东省百师联盟,13,2
山东省省实验,4,2
山东省统考样卷,3,2
山东省聊城一模物理,10,2
山东省聊城市2025 2026学年第一学期期末学业水平检测,3,2
山东省肥城市英语九年级一模考试,3,2
山东省英语,10,2
山东省莱西市一模,23,2
山东省菏泽市2025-2026高二下学期期中考试,4,2
山东省菏泽市东明县第一初级中学,7,2
山东省菏泽市曹县2025-2026学年期末素质教育检测九年级,3,2
山东省青岛五十八中高二下学期月考真题数学2023-2024,12,2
山东省青岛市月考数学,2,2
山东省高三3月考,3,2
山东省高三九五联考3月份物理,2,2
山东英语中考卷子,2,2
山东菏泽 023 2026高三上 一模,6,2
山东菏泽单县八上历史期末,4,2
山东菏泽曹县月考,7,2
山东菏泽高三一模,2,2
山东菏泽高三上学期期末,6,2
山东菏泽高二下第一次月考,8,2
山东青岛2025地生会考卷,5,2
山东青岛一模数学,5,2
山东青岛高三一模英语,7,2
山东青岛高二下化学3月,4,2
山东青岛高二下生物三月联考卷子,5,2
山东高三,25,2
山东高三一模,9,2
山东高三下学期期末,10,2
山东高二下学期期中考试物理,3,2
山东高考,5,2
山东高考历史,14,2
山东高考地理,3,2
山大附中3月月考,5,2
山师附中,11,2
山西 天一大联考 3月,3,2
山西2024年中考历史,3,2
山西七年级下学期期中,14,2
山西七年级下学期阶段检测,5,2
山西临汾小升初,3,2
山西八年级下学期阶段检测,13,2
山西大学大附中1月月考高二数学,4,2
山西大学大附中2025 2026学年高三下学期3月考试题,5,2
山西大学附中,5,2
山西大学附属中学高一上学期语文期末考试,2,2
山西太原2025高一期末,2,2
山西省2026中考模拟适应性测试无标题3.24,9,2
山西省中考一模语文,2,2
山西省临汾市第三中学高二期末卷子,17,2
山西省地理中考试卷,3,2
山西省级高中生生物竞赛,2,2
山西省高三三月质量检测卷,2,2
山西英语百校联考,4,2
山西运城,6,2
山西运城市闻喜县,10,2
山西高三三月质量检测,2,2
山西高三第7次质量检测,6,2
山西高考,4,2
山西高考模考,6,2
岳西县2025 2026学年度第一学期期末测试,3,2
岷县一中高一,6,2
崂山,20,2
崇化,7,2
崇州,14,2
崇左,6,2
崇明2026一模,3,2
川大附中,6,2
州统测,4,2
工业流程专题,7,2
工大附中,8,2
工艺流程二轮复习专题,4,2
巨野县,4,2
巴中,3,2
巴中中学,4,2
巴中中考题卷语文,12,2
巴南区,15,2
巴彦,13,2
巴蜀 1月 月考,2,2
巴蜀中学3月月考初中物理,2,2
巴蜀中学九年级,2,2
巴蜀中学数学高一下学期月考试卷,2,2
巴蜀中学英语,6,2
巴蜀中学英语高三,17,2
巴蜀中学高 2026 届 3 月适应性月考 (七),18,2
巴蜀中学高三一模,2,2
巴蜀中学高三物理,9,2
巴蜀中学高三语文,4,2
巴蜀中学高二下月考,3,2
巴蜀初三化学,4,2
巴蜀月考,7,2
巴蜀月考卷,4,2
巴蜀物理,5,2
巴蜀生物,4,2
巴蜀联考化学,2,2
市中区一模 2025,3,2
市通渭县平襄教育集团2024-2学期3月月考数学试题。,3,2
师大附中 026高三,4,2
师大附中化学,4,2
师大附中湖南,4,2
带点粒子在磁场场中的运动,3,2
带电粒子在匀强磁场中的运动,5,2
帮我找出 2026 年石家庄市裕华区语文质检考试试卷和答案。,5,2
常州 24年新课考,3,2
常州2024语文中考,3,2
常州2025年英语九年级3月一模,2,2
常州2025新课结束数学,3,2
常州2026一模,6,2
常州一模,4,2
常州七下第1单元,7,2
常州北郊高级中学,4,2
常州外国语2025新课,19,2
常州市七年级下学期语文月考,2,2
常州市北郊初中,2,2
常州市第一中学,7,2
常州市金坛区九年级物理2024年一模试卷,6,2
常州高三期末,5,2
常平中学高二联考,7,2
常德一模,8,2
常德一模英语,4,2
常德二模,4,2
常德高三二模,3,2
常青,5,2
幂的乘除,2,2
幂的计算练习,15,2
幂的运算,7,2
平度中考,5,2
平度西海岸英语中考一模统考,5,2
平抛与与圆周,2,2
平湖东湖中学,5,2
平潭城关中学,8,2
平移,8,2
平罗中学,4,2
平行四边形动点问题专练,5,2
平行四边形单元测试,3,2
平谷一模,7,2
平阴一中,4,2
平阴八年级语文第二学期试题2023-2024,8,2
平面向量与解三角形,2,2
平面向量专题培优,4,2
平面向量习题,6,2
平面向量基本定理 题目,5,2
平面向量的坐标及其运算,4,2
平顶山市叶县九年级英语真题,3,2
广 东 2 0 2 6 一模物理,2,2
广 东 2 0 2 6 第一次调研考试英语,3,2
广 东 2 一模英语,3,2
广 东 省 2 0 2 6届 一模英语试题,2,2
广 东 省 2 0 2 6届 第一次调研考试,4,2
广 东深圳 2 0 2 6 第一次调研考试,4,2
广 州 2 0 2 6 一模作文,8,2
广 州 2 0 2 6届 一模数学,13,2
广 州 2 0 2 6届 一模英语,2,2
广 州 2 0 2 6届 一模语文,2,2
广一模2026数学,6,2
广一模数学,4,2
广东 一模,7,2
广东 一模 2026化学,2,2
广东1模2026,26,2
广东一模 2026,3,2
广东一模2026物理,2,2
广东一模化学,2,2
广东一模政治,4,2
广东一模生物,4,2
广东一模英语,3,2
广东一模高三,4,2
广东中考生物,5,2
广东中考英语,3,2
广东九年级下学期阶段检测,9,2
广东二年级下学期阶段检测,8,2
广东二调,6,2
广东佛山,14,2
广东佛山市2025 2026学年下学期第一次模拟考试,3,2
广东全国物理竞赛,5,2
广东八年级下学期期末,19,2
广东六年级下学期期中,3,2
广东六校联盟,3,2
广东六校联盟2026届高三年级第3次联考,6,2
广东六校联考,5,2
广东升学模考,4,2
广东地理,2,2
广东工业大学历史,2,2
广东期中,3,2
广东模考题热学专题,2,2
广东汕头一模,3,2
广东汕头一模2026,2,2
广东汕头金平区一模,6,2
广东江门景贤学校一模,3,2
广东深圳,7,2
广东深圳2026届高三第一次模拟联测试卷,3,2
广东深圳一模 生物,3,2
广东深圳宝安区2025初中二模，语文,2,2
广东港澳台二十校一模,8,2
广东湛江一模语文,3,2
广东湛江市2025 2026学年高三下学期开学英语试题,3,2
广东生物一模,2,2
广东省2021中考语文试题,3,2
广东省2026综合素质评估,10,2
广东省一模 2026,2,2
广东省一模 2026数学,2,2
广东省一模2025 数学,5,2
广东省一模高三,6,2
广东省中考,4,2
广东省佛山市南海区高二下学期期中考试,6,2
广东省深圳市罗湖区2025-2026五年级上册期末考试科学,3,2
广东省深圳市高三年级第一次调研考试英语试题，,9,2
广东省深圳市龙华区,12,2
广东省深圳市龙华区七年级下册第一次月考,9,2
广东省清远市清新区,9,2
广东省省一模数学试卷包含解析,2,2
广东省韶关新丰县一模,3,2
广东省高三,3,2
广东金平区,7,2
广东领航高中联盟,8,2
广东高一下学期阶段检测,3,2
广东高一英语期末,3,2
广东高二下学期阶段检测,4,2
广东高考物理模拟卷,2,2
广东高考真题,5,2
广东高考语文,9,2
广全周测卷,3,2
广大附中一模化学2024,4,2
广大附中七下大联盟,5,2
广大附中九年级一模,4,2
广大附中九年级一模物理,2,2
广宇,7,2
广安二诊2025,4,2
广安八中友谊数学初升高自主招生试卷,6,2
广安市一诊,4,2
广安市中考二模,2,2
广安市二诊,8,2
广州 一模 2026地理,2,2
广州 一模2026 数学,2,2
广州1模2026物理,2,2
广州1模2026英语,7,2
广州1模2026语文,2,2
广州2025一模数学,4,2
广州2026一模,5,2
广州一模2026历史,2,2
广州一模地理2026,5,2
广州一模政治2026,6,2
广州一模数学高三,5,2
广州一模物理答案,4,2
广州一模试卷2026,8,2
广州一调,2,2
广州三校联考,5,2
广州三模数学,3,2
广州九年级一模,3,2
广州二中教育集团,10,2
广州外国语学校,5,2
广州大学附属中学,7,2
广州实验中学,4,2
广州小升初数学,2,2
广州市1模2026,12,2
广州市1模2026英语,2,2
广州市1模生物,4,2
广州市1模语文,2,2
广州市2026届高三语文一模,2,2
广州市一模2026,6,2
广州市从化区,4,2
广州市南武中学,3,2
广州市历史期末真题高二,3,2
广州市普通高中毕业班综合测试。,2,2
广州市普通高中毕业班综合测试一,2,2
广州市普通高中毕业班综合测试地理,6,2
广州市期末考,3,2
广州市海珠区七年级下册,3,2
广州市物理高一下月考,14,2
广州市白云区2024~2025学年八年级下学期期末考试真题语文,2,2
广州市真光中学高一下,14,2
广州市真光中学高二,2,2
广州市铁一中学高一下英语,2,2
广州市零模 12月调研考语文试题,2,2
广州白云期末八上,3,2
广州第六中学,9,2
广州越秀育才实验二模,4,2
广州高三第一次调研,2,2
广昌一中,11,2
广渠门,3,2
广西 高三英语,6,2
广西2025年高考试卷化学,5,2
广西一模语文,3,2
广西中考,4,2
广西中考模考,10,2
广西中考生物2025,6,2
广西九年级下学期期末,7,2
广西北海,5,2
广西单招题,3,2
广西南宁中考数学2025,2,2
广西南宁数学一模卷,6,2
广西期末,4,2
广西桂林初中2025一模,2,2
广西玉林市高二下学期2024 2025期中考试,3,2
广西生地中考,3,2
广西示范性高中,27,2
广西示范性高中期中,12,2
广西联考,11,2
广西西南名校联盟,4,2
广西贵港2024中考,2,2
广西高三3月联考,3,2
广西高三3月联考语文,5,2
广西高三下学期阶段检测,4,2
广西高考,11,2
广西高考真题,7,2
广附,2,2
广雅,14,2
广饶一中,2,2
广饶县一模题,2,2
广饶县二模题,5,2
庆云一中,5,2
庆云渤海中学九年级化学,3,2
库尔勒一模2025,6,2
应城市九年级下册3月调考考卷,8,2
应用文,4,2
康县一模,3,2
康德四,4,2
康德模拟卷四,5,2
廊坊市第七中学,5,2
廊坊市第四中学,3,2
廊坊市第四中学七下月考3月份,21,2
延安市2026普通高中模拟预测 二,6,2
延庆,8,2
延边二中高一下学期第一次月考,10,2
延边二中高一下月考英语,3,2
延边二中高二下第一次月考数学试卷,4,2
延边二中高二下第一次月考物理试卷,2,2
延边初中语文竞赛模拟卷,2,2
延边州7年级下册第一次月考考试卷语文,7,2
延边语文竞赛模拟卷,2,2
建华区,4,2
建平,10,2
建平中学,10,2
建平县高一下物理,2,2
建平实验中学,2,2
建平西校七年级数学月考,2,2
建邺高级中学,9,2
建陵高级中学,6,2
开卷道法,3,2
开发区一模,9,2
开封一模,4,2
开封九年级一模,2,2
开封调研,7,2
开福区七年级上册第一次月考卷,2,2
开花结果是被子植物的显著特征,5,2
张家口一模物理,2,2
张家口市2026高31模试卷,45,2
张家窝中学结课考,5,2
张店七中七上数学,2,2
张江集团,6,2
弱电解质的电离平衡基础题,3,2
弹簧,3,2
弹簧 2026专题复习,3,2
弹簧 2026专题复习能量 动力学综合应用,7,2
弹簧振子,4,2
强基政治,2,2
强基数学,9,2
当城中学,6,2
当当网优优+试卷,6,2
录音 单词 课文音频,11,2
彩虹招生,9,2
徐州2025高三二检,2,2
徐州二模试卷语文,3,2
徐州六年级下册,3,2
徐州市2025地理中考,2,2
徐州市2025年中考数学一模试卷,3,2
徐州市2025年初中学业水平考试卷数学,7,2
徐州市26届高三二模,9,2
徐州市六下数学期中考试,3,2
徐州市去年高一下学期第一次数学月考,3,2
徐州市树人初级中学2024-2025学年八年级上学期期中试卷,3,2
徐州市沛县七年级下数学期中,7,2
徐州市第七中学,5,2
徐州沛县高一下学期期中,4,2
徐州语文高二下学期期中试卷,3,2
徐州高一下学期月考,12,2
徐州高二下学期期中考试,23,2
徐水区一模,4,2
徐汇,8,2
徐汇区高一期末,4,2
微积分,2,2
德州2026高一生物,2,2
德州2026高三一模,3,2
德州一中高一下期中,7,2
德州一模 2026 高三,4,2
德州一模英语,3,2
德州中考,2,2
德州历年中考英语真题,3,2
德州市高三一模英语,4,2
德州政治,6,2
德州期中,5,2
德州高二下数学期中,3,2
德强2026年高一下学期分班测,5,2
德强开学考,10,2
德强月考,10,2
德强高中,3,2
德阳2026二诊政治,3,2
德阳2026二诊语文,3,2
德阳中考化学,2,2
德阳中考数学,4,2
德阳二诊2026,9,2
德阳市2023级第2次诊断考试,4,2
德阳市旌阳区2023年九年级语文一模考试,5,2
德阳市旌阳区九年级一模,7,2
德阳市高一下第一次月考,7,2
德阳高中二诊英语,4,2
必修三,5,2
必修二专题,6,2
必修二化学月考,3,2
必修二必刷题数学,5,2
必修二生物自由组合定律计算,8,2
必修二语文第一单元,7,2
必刷 题,4,2
怀化2026高三一模日语,2,2
怀化市一模数学,5,2
思博,3,2
思博卷,6,2
思辨分论点,6,2
思齐杯,3,2
恩施2026届高三第二次质量监测考试,7,2
恩施2026高三三月调考,7,2
恩施州2026届高三第二次质量监测考历史,2,2
恩施高中高二试卷,5,2
惠州一模,6,2
惠州市2 0 2 6届 第二次调研考试,6,2
惠州市惠阳区中山中学一模,3,2
惠来县第一中学高一下册物理2024一2025一阶,3,2
感动中国人物素材,3,2
感应电动势双棒,2,2
慈利县,6,2
慧望初级中学,9,2
成章实验中学七年级春季入学考试,2,2
成章实验中学八年级下册,4,2
成都 2诊2026届高三二诊数学,4,2
成都 七中二诊模拟2026届物理,3,2
成都 二诊 2025届物理,2,2
成都 二诊 2026届化学,19,2
成都 二诊 2026届数学,3,2
成都 二诊 2026届物理,6,2
成都 二诊 2026届生物,4,2
成都 二诊 2026届英语,4,2
成都 二诊 2026数学,4,2
成都 月考七中,6,2
成都2023级二诊,5,2
成都2诊,4,2
成都7中,4,2
成都七中2026二诊模拟测试,2,2
成都七中2026届二诊模拟,12,2
成都七中2026届高三二诊模拟考试政治试卷,4,2
成都七中九年级下册数学,3,2
成都七中二诊模拟。,5,2
成都七中数学,3,2
成都七中第一次月考卷,5,2
成都七中育才学校,3,2
成都七中育才学校中考模拟语文真卷一,3,2
成都七中高三二诊模拟,6,2
成都七年级下数学月考,3,2
成都三诊,5,2
成都中考 2025,4,2
成都九年级2026化学一诊题,2,2
成都二 诊高2 026届,12,2
成都二诊2025,8,2
成都二诊2026届物理,2,2
成都二诊历史,4,2
成都二诊历史试卷,4,2
成都二诊地理,4,2
成都二诊政治,7,2
成都二诊模拟,8,2
成都二诊物理,3,2
成都二诊英语,8,2
成都十二中高二,3,2
成都嘉祥,6,2
成都外国语,2,2
成都外国语学校高三英,3,2
成都天府新区九年级二诊,3,2
成都市022级高中毕业班第二次诊断,6,2
成都市023级高中毕业班第一次诊断,4,2
成都市2022级高中毕业班摸底测试英语,6,2
成都市2023级高中毕业班第一次诊断性检测,2,2
成都市二诊地理,5,2
成都市树德中学,10,2
成都市石室中学2025 2026学年高三二诊模拟预测考试,17,2
成都市第七中学初中学校2024-2025学年七年级下学期期中考试语文,2,2
成都市高一下化学,4,2
成都教科院附中,6,2
成都教科院附中天府三街,2,2
成都树德中学,4,2
成都石室,4,2
成都石室中学高二下期半期数学试卷,3,2
成都英语中考真题,8,2
成都高三,7,2
我2026届云南三校联考,8,2
我多想去看看,8,2
房县,9,2
扎兰屯七年级数学下册,2,2
托勒密定理,3,2
扬中物理高二下学期月考,10,2
扬大附中,3,2
扬州 2026高三二模,4,2
扬州 一模 2026数学,4,2
扬州3月月考英语物理,3,2
扬州七年级下学期语文月考试卷金升,7,2
扬州中学高一下学期月考,2,2
扬州中学高二下数学月考2025-2026,2,2
扬州二模高三,6,2
扬州大学附属中学2024语文,12,2
扬州市2026应届高三苏北七市二模数学试卷,3,2
扬州市七下数学月考卷,5,2
扬州市七下第一次月考数学试卷,6,2
扬州市树人中学八下第一次月考物理,2,2
扬州市树人二模,3,2
扬州市梅岭中学初二下学期第一次月考2025,5,2
扬州市江都区实验初级中学初一下半学期第一次月考测试卷语文,11,2
扬州市江都区高一下3月月考,2,2
扬州市江都区高二下数学,3,2
扬州新华中学,7,2
扬州树人,5,2
扬州树人七下第一次月考试卷 语文,2,2
扬州树人七年级下学期第一次月考,4,2
扬州树人二模,2,2
扬州江都七下英语第一次月考试卷,2,2
扬州物理,14,2
扬州邗江区梅苑双语,40,2
找恩施州2026届高三第二次质量监测考试英语卷子,4,2
承德2026一模,9,2
折桂中学七年级下册第一次月考,3,2
抚州3月,2,2
抚顺一模政治,7,2
抚顺三检,5,2
抚顺市2026一模,5,2
抚顺市八年级生物地理卷,6,2
报纸,3,2
拉格朗日中值定理,4,2
拉萨中学,16,2
拔创,10,2
拔高卷,8,2
拔高卷 厘米和米,2,2
指对同构,2,2
指标到校,2,2
振动与波,3,2
振荡电路,3,2
授之以渔,4,2
排列 常见题型,5,2
排列 组合常见题型及知识点整理,3,2
排列与组合 11大题型,5,2
排列与组合的综合应用,2,2
排列常见题型,8,2
排列组合 19大题型,7,2
排列组合专题,3,2
排列组合二项式定理,7,2
排序,4,2
提分卷,2,2
提前招生,4,2
揭东,3,2
揭阳,10,2
揭阳市榕城区2024-2025一模,2,2
揭阳市榕城区真理九年级下册语文第一月卷,5,2
揭阳市高三调研考试语文,4,2
揭阳市高二11月期中联考（2025-2026学年）,3,2
揭阳真理中学,13,2
摘抄,4,2
摩尔质量,4,2
摩尔质量的练习,5,2
摩擦力 10大考点,5,2
摩擦力 10大考点习题,3,2
摩擦力方向的判断,4,2
播州区,10,2
擂鼓台高二下学期第一次月考试卷,2,2
攀枝花中考,2,2
放缩法,4,2
政和,7,2
政治 01 必修1,3,2
政治 01 必修1判断题专项训练,4,2
政治一模,2,2
政治一模试卷,11,2
政治专项练习,6,2
政治中考卷,4,2
政治二模高新,6,2
政治八年级下册,2,2
政治必修三坚持党的领导 试题,4,2
政治必修三第一单元单元检测,3,2
政治推理题专题,3,2
政治答题模板,5,2
政治答题模版,5,2
政治资料,4,2
政治选修一大题,6,2
政治选修三,4,2
政治选修二大题,5,2
政治选修二大题答题模板,7,2
政治选修二法律与生活题,2,2
政治选必三五六科好题汇编,3,2
政治选必二必背知识点,2,2
政治选必二第一单元选择题,3,2
政治选择性必修一,4,2
政治选择性必修二背诵,4,2
政治高二下期中,2,2
政治高考,6,2
政治高考2024福建,3,2
效实中学,2,2
教材电子版,7,2
教案,15,2
教科版三年级英语下册,3,2
教辅资料,6,2
数列  一轮复习,2,2
数列 大题,3,2
数列 小题专练 高三,8,2
数列 求和 2026 专题,4,2
数列专练,3,2
数列专项练习,2,2
数列单元卷,4,2
数列单元测试,2,2
数列小题,3,2
数列放缩4大题型 微专题,3,2
数列通项公式,6,2
数列错位相减求和,3,2
数学10月月考,2,2
数学2025中考,7,2
数学22题汇编,3,2
数学3月月考,12,2
数学一模2026,6,2
数学一模保分卷01（全国一卷通用）学易金卷： 2026年高考第一次模拟考试,3,2
数学一模保分卷03,4,2
数学一模保分卷03（全国一卷通用）学易金卷：2026年高考第一次模拟考试,3,2
数学一模卷,11,2
数学一模提分卷01（全国一卷通用）学易金卷：2026年高考第一次模拟考试,2,2
数学一模高三,4,2
数学七下第一月考,7,2
数学七年级上册月考山东,2,2
数学三角函数公式运用分类练习,2,2
数学三角恒等变换,5,2
数学专题,4,2
数学中考卷新疆模拟,2,2
数学中考压轴题,5,2
数学中考真题山东统考,2,2
数学九下期未,9,2
数学二模,7,2
数学二轮复习,2,2
数学全概率专项利益,2,2
数学八下,4,2
数学八年级下册,4,2
数学六年级下第一二单元测试题广东,6,2
数学初中9年级4月联考,8,2
数学初中竞赛,8,2
数学北师大附中版地一章,12,2
数学北师大高二第一次月考,3,2
数学南昌市一模,11,2
数学圆锥曲线大题专练,3,2
数学圆锥曲线大题教辅,2,2
数学基础题,4,2
数学学业水平考试,7,2
数学学业水平考试真题,20,2
数学平面向量专题,3,2
数学广东一模,2,2
数学成才之路必修二,2,2
数学数列,7,2
数学月考卷,4,2
数学月考试卷,10,2
数学期中考试天津塘沽一中 二中联考,4,2
数学期中高二下新洲,5,2
数学模拟卷辽宁重点高中协作校,8,2
数学模考,5,2
数学竞赛初中,4,2
数学竞赛真题,7,2
数学竞赛高中江苏预赛试题,2,2
数学竞赛高中预赛,4,2
数学第一单元,4,2
数学计算题专项训练,3,2
数学选修三,5,2
数学选修二期中,6,2
数学选择性必修二,3,2
数学选择性必修二第五章试卷,4,2
数学难题试卷,5,2
数学高一上单元卷人教版,3,2
数学高一月考,5,2
数学高三 江苏省,4,2
数学高三一模,6,2
数学高二,5,2
数学高二排列组合,4,2
数学高二第一次月考,2,2
数学高考1卷2025真题,5,2
数学黑龙江一模卷,2,2
数理报 2024 2025学年八年级下册数学,3,2
整式乘法,8,2
整式的乘除,6,2
整式的乘除 北师大,2,2
整篇文言文翻译,2,2
文学常识,12,2
文山州红河州2025第三次州统考,2,2
文昌教育集团,49,2
文汇中学,5,2
文综试卷,5,2
文言文 0026一轮复习 高效复习,9,2
文言文 断句,3,2
文言文专项复习,6,2
文言文专项复习中考,4,2
新乡市2025年市一模,2,2
新交际英语一年级下册,2,2
新会,9,2
新余市第四中学七下第一周周练,6,2
新全优,3,2
新八校2025 2026学年高三下学期开学考试,10,2
新八省联考,5,2
新华中学高二下一月考,15,2
新宁县第一中学八下数学第一次月考,4,2
新安县2024届九年级一练卷子,11,2
新安县九年级下一练2024一2025,2,2
新未来,6,2
新泰一模,4,2
新泰九年级下册 一模考试,4,2
新泰市2025,3,2
新海中学周测2026,8,2
新海初级中学,5,2
新疆 1 2025 中考,10,2
新疆2025二模化学卷,3,2
新疆2026中考一模,29,2
新疆中考2025一模物理,3,2
新疆中考一模2026,3,2
新疆中考模拟试卷,5,2
新疆乌鲁木齐一模,5,2
新疆二五年中考卷,3,2
新疆二模2026,3,2
新疆八年级下学期阶段检测,4,2
新疆学业联盟,10,2
新疆省阿克苏中考一模历史,2,2
新疆自治区2026二模,4,2
新疆自治区二模,5,2
新疆语文中考模拟卷作文题目 这一次我选择了,3,2
新疆阶段检测,7,2
新突破2026海南,3,2
新解放,4,2
新课,6,2
新课堂,3,2
新课标 1卷 高考 2025,4,2
新课标2卷,3,2
新课标能力培养 语文,2,2
新课程能力培养】2026学年八年级下册初中数学同步练习（人教版）,6,2
新课结业考常州语文,2,2
新课结束考,29,2
新课结束考 常州,19,2
新课能力培养九上语文人教版,2,2
新阵地2026高三下语文,2,2
新阵地教育联盟,5,2
新阵地教育联盟2026届第二次联考,6,2
新阵地联盟2026届第二次联考,8,2
新领程六年级,4,2
新高考二卷,3,2
新高考二卷化学,7,2
新高考教学教研联盟2026届高三年级12月联考,2,2
新高考物理,2,2
方城县第一高级中学高一下第一次月考,3,2
旅游类 单招,3,2
无为七年级下册第一次月考道法,3,2
无为中学,4,2
无锡中考,8,2
无锡中考数学,6,2
无锡中考物理一模,4,2
无锡天一 实验学校 数学模拟,4,2
无锡天一中学七年级下册,9,2
无锡天一中学高三,4,2
无锡市2025 2026学年第一学期高三期末质量调研,2,2
无锡市九年级数学一模卷,3,2
无锡市滨湖区物理一模物理,10,2
无锡期末,5,2
无锡物理一模,4,2
日照,6,2
日照2026高三 一模,4,2
日照2026高三 一模生物,2,2
日照一中,3,2
日照一模2026政治,2,2
日照一模历史,3,2
日照一模生物,2,2
日照一模英语,3,2
日照政治一模,2,2
日照新营八下3月月考试数学,14,2
日照期末历史,3,2
日照港中2024-2025学年八年级下学期3月月考数学试卷及答案,2,2
日照高三期末英语听力,4,2
日照高三模拟考试,12,2
日语 高三一模,6,2
日语听力,6,2
日语高三,2,2
日语高考,4,2
日语高考卷卷子,5,2
早背晚默,10,2
早背晚默 大气 背诵资料 2025 2026学年高三年级,14,2
旭东开学测英语,3,2
时政 热点2026道德与法治,8,2
时政大赛题库,14,2
时钟,3,2
时间,5,2
昆 明 市 2 0 25届高三 三诊一模,4,2
昆山,9,2
昆山中学,5,2
昆明市生物地理中考,7,2
昆明市第一中学 2 0 26届高三年级 2月复习诊断,6,2
昆明市第一中学一月诊断,3,2
昌乐一中,7,2
昌吉人教精通版六年级下册英语第一单元测式卷,3,2
明天出版社语文同步,8,2
易错题,6,2
星海,8,2
星海初中初一,4,2
星辰实验学校七年级下册,35,2
星锐杯,3,2
春季二年级下册人教版语文一课一练,3,2
春季高考,13,2
春招 2025真题数学,3,2
春招通用技术试题云南,2,2
春考,7,2
春考真题,10,2
晋江一中,4,2
晨背晚默地理,10,2
晨读晚背,6,2
普宁市兴文中学,15,2
普通话测试,3,2
普通高等学校招生全国统一考试,5,2
普通高等学校招生全国统一考试冲刺压轴金卷 一 语文 XKB J1 YX,7,2
普高单招,9,2
景德镇市2025年二检考试语文卷初三,2,2
景德镇高三数学期末,2,2
景泰中学,6,2
景洪市民族中学,2,2
晶体100题,3,2
晶体的结构与性质,3,2
晶体结构与性质,2,2
智乐星中考日照物理,3,2
智学联盟,4,2
智慧上进八年级（七）,2,2
智皖,5,2
智能组卷入口,6,2
暨南大学 华侨大学联合招收港澳台 华侨等学生,3,2
曲线运动单元测试,4,2
曲阜一模,16,2
曲靖,4,2
曲靖市2025 2026学年高三教学质量检测,2,2
曲靖市中考题,5,2
曹二,3,2
曹县第一中学月考,8,2
曹县英语2024四月毕业班测试题,16,2
曹杨二中,11,2
最后一次演讲,2,2
最新高一下学期月考试卷,14,2
最最最基础化学试题,5,2
最近关于合肥这边的模拟试卷,2,2
月考3月高二下,21,2
月考4月,5,2
月考7年级下册数学。,6,2
月考下学期,5,2
月考下学期沛县,29,2
月考卷高二下学期,4,2
月考数学,5,2
月考生物,3,2
月考试卷八年级下,12,2
月考试卷八年级下湖南数学,2,2
月考高一下册化学,2,2
月考高一下数学,9,2
有丝减数26届高考专题黑吉辽,4,2
有关液柱类热力学广东模考题,5,2
有机化合物的结构特点,4,2
有机化学专题,2,2
有机化学反应类型总结,3,2
有机合成大题,2,2
有机物命名,6,2
有界磁场,2,2
朔山,8,2
望城一模,6,2
朝之夕,13,2
朝花夕拾西游记,5,2
朝阳中学,4,2
期中七上数学扬州,3,2
期中分类汇编,9,2
期中测试卷,10,2
期中练习 -2025-2026学年沪教版（五四制）英语六年级下册,2,2
期初,7,2
期末数学八上,16,2
期末高一,4,2
木兰诗,2,2
木兰诗 练习题,4,2
木牍中考抓分卷2026,6,2
木牍中考课时A计划配套试卷,4,2
本溪市2025 2026学年上学期期末考试,3,2
本溪市实验中学2024-2025英语八下期中考试,6,2
本溪市高级中学,3,2
本溪道法,8,2
机械守恒专题,4,2
机械守恒高一,2,2
机械波 2025 专题试卷,3,2
机械能,4,2
机械能 20224复习专题一轮复习多物体机械能守恒问题能量守恒,3,2
机械能及其守恒定律单元测试,3,2
机械能守恒定律,4,2
杂化,5,2
材料类作文,7,2
条件概率和全概率专题题目,2,2
杨村第一中学,2,2
杨柳青一中高一下月考物理试卷,6,2
杨浦区数学二模卷初中,2,2
杭二周末练,6,2
杭州 2026一模数学,2,2
杭州 2026一模数学高三,3,2
杭州一模 2026,2,2
杭州上城区一模,8,2
杭州中考真题科学,3,2
杭州二中 3月,5,2
杭州二中 高三数学,3,2
杭州二中高三年级2026年3月月考英语试卷,3,2
杭州二模数学,3,2
杭州外国语,3,2
杭州市上城区四上期末,2,2
松山区历届七年级下册数学期中真题,2,2
松柏中学九下,5,2
松雷,5,2
板浦高级中学,15,2
构造数列专项,7,2
林伟华,3,2
林海雪原章节检测答案,4,2
枣庄一模,5,2
枣庄三中自主招生真题,3,2
枣庄三中高一下月考数学,3,2
枣庄二模数学,4,2
枣庄四十一中一模试卷,2,2
枣庄市第三中学自主招生考试,3,2
枣庄市第二次调研考试高三,6,2
枣庄高三一模,3,2
枣强县2026中考模拟预测卷,20,2
枫林火山,3,2
查成绩入口2026,2,2
柯桥中学,2,2
柯桥区数学之星比赛,5,2
柳州,7,2
柳州2025高三三模拟考,5,2
柳州2026高三三模,7,2
柳州市2024 2025七年级下册期末质量检测,8,2
柳州市2025届高三三模,3,2
柳州高级中学,9,2
柳铁,4,2
标点 符号 2 中考专项练习题,6,2
标点符号,4,2
树人中学宿迁,3,2
树德开学考试,4,2
校联考,9,2
株洲2026一模,3,2
株洲市 中考真题,4,2
核舟记,5,2
格子间读史人,4,2
格致,11,2
格致物理工作室,2,2
桂林一模,2,2
桂林国龙分班考,5,2
桐城中学,6,2
桐城八中高一开学考,3,2
桐柏县六校联考,8,2
桐梓县八年级下册语文考试试卷,9,2
桓台化学一模,3,2
桥南初级中学2024年到2025年学年度第一学期教学质量检测试卷五。,7,2
梅岭中学三月月考 八年级下学期,6,2
梅州 202 6一模,5,2
梅州一模,3,2
梅州一模2026,6,2
梅州市2026一模生物,3,2
梅州市五华县中考物理一模试卷,3,2
梅州市高三总复习质检,4,2
梅州市高三总复习质检政治,2,2
梅州市高三总复习质检试卷,3,2
梅村高级中学,5,2
梧州,2,2
椒江,5,2
椭圆 01 专题,2,2
楚天协作3日月考,2,2
楚天协作三月联考高三,16,2
楚天协作体026届高三年三月联考,6,2
楚天协作体高三三月月考,10,2
楚天协作体高三三月月考化学,3,2
楚天教科协作体高三,25,2
楚天教科协作体高三期中,3,2
楞次定律,2,2
概率 023 1轮复习大题 大题,3,2
概率 023 1轮复习大题 大题培优,2,2
概率 大题,5,2
概率统计压轴大题,3,2
概要写作,5,2
榆中县八下,4,2
榆林市榆阳区2020化学期末试题,4,2
榆次,3,2
榕城区实验学校,8,2
樟树市樟树二中2025一模,3,2
模,9,2
模拟 2026,5,2
模拟2025,7,2
模板,18,2
橙子学,10,2
次20教育联盟2026,5,2
欧姆定律变化量问题,3,2
步步为赢全程无忧试卷,2,2
步步高 大二轮专题复习,7,2
步步高2026,6,2
步步高练透高二地理选择性必修三,6,2
步步高英语二轮电子版,2,2
武 汉 市 2 0 2 6 届 中 毕 业 三 调 研 考 试数学,10,2
武 汉 市 2 0 2 6 届 中高三 毕 业 生三月 调 研 考 试英语,3,2
武威第六中高一第二学期第一次月考试卷,5,2
武威第十中学,18,2
武安市第一中学,3,2
武安市第一中学2024-2025学年高二下学期3月月考物理,2,2
武昌实验,5,2
武昌实验中学,5,2
武汉  三月调研2026 英语,2,2
武汉 0 1月 调研 2026 高三,3,2
武汉 0 1月 调研 2026 高三 数学,4,2
武汉 0 3月 调研 2026 高三 数学,2,2
武汉 0 9月调,2,2
武汉 3月 调研 2026 生物,3,2
武汉 3月 调研 2026 英语,2,2
武汉 3月 调研 2026 高三 语文,2,2
武汉 3月 调研 2026数学,4,2
武汉 3月 调研 2026语文,3,2
武汉 三月 调研 数学,3,2
武汉 三调 2026 生物,2,2
武汉 三调 2026 语文,4,2
武汉 三调 2026高三,4,2
武汉 二调2026,3,2
武汉 调研,8,2
武汉 调研 2026 高三,3,2
武汉2025届高中毕业生生四月调研,2,2
武汉2026,6,2
武汉2026二调,3,2
武汉21年中考语文,2,2
武汉3月,4,2
武汉3月调考数学,4,2
武汉一调,3,2
武汉三中,2,2
武汉三月月考,11,2
武汉三月调研考试,6,2
武汉三月调研语文,3,2
武汉三模,9,2
武汉三调 英语,6,2
武汉三调数学2026,5,2
武汉九调试卷,3,2
武汉二调2025数学,7,2
武汉八下期末试卷,4,2
武汉六中2025-2026高一化学,2,2
武汉化学调研高三,5,2
武汉华一寄 3月月考8年级下册,2,2
武汉四调语文模拟卷,2,2
武汉市 3月调考,8,2
武汉市 3月调考2026数学东西湖区,4,2
武汉市2026届高中毕业生3月调研考试数学试卷及答案,3,2
武汉市2026届高中毕业生3月调研考试语文试卷,4,2
武汉市2026届高中毕业生三月调研考试英语,3,2
武汉市20二六届高中毕业生3月调研考试,11,2
武汉市3月调研考试,5,2
武汉市七一华源中学,10,2
武汉市三月调研考试数学,3,2
武汉市东湖新技术开发区2025到2026第一学期语文试卷,2,2
武汉市东西湖区三调2025月靠化学,3,2
武汉市八年级下册数学武汉外校,6,2
武汉市武昌区南湖一小六年级期中语文试卷,10,2
武汉市洪山区 五年级下册 期末试卷 2021–2025,4,2
武汉市洪山区数学月考,8,2
武汉市第一中学,4,2
武汉市第三中学,3,2
武汉市第六中学,6,2
武汉数学高一下月考,3,2
武汉模拟,2,2
武汉物理九年级,4,2
武汉英语四调,2,2
武汉高三,2,2
武汉高三三月调考,5,2
武清区杨村第一中学,4,2
武钢三中,4,2
毓文,7,2
比例 6年级下册 北师大,6,2
比和比例应用题,2,2
毕竟是第二次中考英语,4,2
毕节,14,2
毕节2026第二次适应性考试语文,6,2
毕节二诊政治,3,2
毕节二诊物理,2,2
毕节市2026年第二次适应性考试英语试卷,2,2
毕节市二诊,12,2
毕节市第二次适应性考试 2026,10,2
毛坦厂,5,2
民治中学教育集团,13,2
氓,2,2
气体的等温变化,5,2
氧化还原反应,3,2
永川中学高二下物理第一次月考,5,2
永州四中,5,2
永州市,4,2
永州市八中,4,2
永州市八中高二,2,2
永州市模拟,8,2
永春一中高一下,8,2
永春第一中学高二3月,2,2
求an通项专题,3,2
求知报第二十五期,2,2
汇川区2025 2026八上,6,2
汇文中学,6,2
汇编,4,2
汇西师大附中高一上学期数学期未,4,2
汉中高二下物理卷,2,2
汉沽一中,2,2
汕头 202 6一模数学,3,2
汕头一模历史,2,2
汕头市2026年高三一模试卷,2,2
汕尾中考一模考试卷汕尾,11,2
汕尾化学,3,2
汕尾市城区五下数学期末测试卷,2,2
江南 10 十校 10月份 联2026高三下学期,3,2
江南 10 十校 3月份 联考,4,2
江南 10 十校 3月份 联考2025高三语文,5,2
江南 10 十校2026,5,2
江南 10 十校数学,4,2
江南10校联考,3,2
江南10校联考高三英语2026,2,2
江南10校高三一模,4,2
江南十校 3月份 联考2026高三,4,2
江南十校数学,9,2
江南十校联考,3,2
江南十校语文,3,2
江南十校高三,3,2
江夏一中三月月考,6,2
江夏区,6,2
江岸区,6,2
江汉区,25,2
江淮十校2026届高三第二次联考,3,2
江淮名卷2025安徽中考模拟信息卷四,4,2
江苏 0225 一模 真题,6,2
江苏 0225 高考 真题,6,2
江苏2026一模,6,2
江苏undefined,4,2
江苏七市高三二模2026数学,6,2
江苏中考,4,2
江苏中考化学,4,2
江苏中考模考,4,2
江苏九年级上学期中考模考,3,2
江苏九校联考生物,3,2
江苏九校联考英语,3,2
江苏五年级下学期阶段检测,6,2
江苏化学计算题专项复习,2,2
江苏南京七下第一次月考,5,2
江苏南京七下苏科数学第一次月考,2,2
江苏南通如皋 2026 届高三数学一模模拟,20,2
江苏地理高三,10,2
江苏天一,2,2
江苏如东中学五校高一下生物月考,2,2
江苏如皋中学高一综合练,7,2
江苏安全职业技术学院单招试卷,3,2
江苏徐州初一下册3月底月考数学,3,2
江苏徐州初一下册语文3月月考试卷,3,2
江苏教学情况调研语文,4,2
江苏期末,4,2
江苏模考卷,8,2
江苏泰州初二月考,8,2
江苏物理,7,2
江苏物理高考卷2024,4,2
江苏盐城中考英语人机对话听力,4,2
江苏盐城高三九校联考,5,2
江苏省024年南京市盐城市高三一模,2,2
江苏省026届,3,2
江苏省2025年扬州中学高二下学期第一次月考,8,2
江苏省9年级教学情况调研测试2025.4语文答案马杭初级中学,2,2
江苏省仪征初三英语一模,5,2
江苏省兴化中学,4,2
江苏省单招考试,5,2
江苏省南京市盐城市2025高三第二次模拟考试调研英语,4,2
江苏省南京市秦淮区2022-2023学年六年级上学期9月月考英语试题六年级下单元练习U1-U2,7,2
江苏省南通市海安县海陵中学2024-2025学年九年级下学期历史第一次月考试卷,4,2
江苏省南通市高三第二次调研,2,2
江苏省四市联考25高三期末日语试卷,3,2
江苏省天一中学,11,2
江苏省如皋中学,8,2
江苏省姜堰中学 淮阴中学 前黄中学2026届高三联考,4,2
江苏省宿迁市宿城区南师附中宿迁分校2025至2026学年下学期九年级3月数学测试卷,6,2
江苏省宿迁市沭阳县,17,2
江苏省宿迁市沭阳县2025 2026学年月考,16,2
江苏省宿迁市沭阳县五下第一次月考,5,2
江苏省宿迁市沭阳县怀文中学2025-2026学年九年级第二学期第一次月考试卷,11,2
江苏省宿迁市沭阳县怀文中学九下2025_2026三月化学,2,2
江苏省常州市2025年中考试卷,2,2
江苏省常州市高级中学,6,2
江苏省常州高级中学高二三月,4,2
江苏省徐州市2025 2026高二下学期期中考试,3,2
江苏省徐州市丰县20251模试卷,8,2
江苏省扬州中学2024 2025学年高一下学期3月月考,4,2
江苏省扬州市江都区实验初级中学,5,2
江苏省无锡市2025年物理中考卷,2,2
江苏省泰兴中学,19,2
江苏省泰州中学高二下学期月考试卷,7,2
江苏省泰州二模模拟,8,2
江苏省泰州市,12,2
江苏省泰州市海陵区泰州中学2025-2026学年高二上学期12月月考语文试题,3,2
江苏省淮阴中学,4,2
江苏省溧阳中学,12,2
江苏省苏州中学,3,2
江苏省苏州市2024-2025学年高二下学期4月期中调研历史试题,2,2
江苏省苏州市数学中考,3,2
江苏省苏锡常镇一模,6,2
江苏省连云港市赣榆区海头高级中学,6,2
江苏省锡山高级中学,4,2
江苏省高一下生物3月月考,3,2
江苏省高三数学二模,3,2
江苏苏北四市,3,2
江苏苏锡常镇,4,2
江苏苏锡常镇四市2026届高三下学期教学情况调研 一 数学试卷,5,2
江苏镇江,6,2
江苏镇江八年级下月考,3,2
江苏高一下学期期中,4,2
江苏高一下月考卷生物,3,2
江苏高三一模语文,11,2
江苏高三下学期期末,5,2
江苏高三下学期高考模考,3,2
江苏高三二模语文,4,2
江苏高三生物南通,2,2
江苏高考化学,4,2
江苏高职单招,5,2
江西 0206届,6,2
江西 0206届 12月三新联考,5,2
江西 0206届 联考,6,2
江西 七年级下册 第一次月考人教版,2,2
江西 中考生地,3,2
江西2024年初中学业水平试卷物理样卷试题卷八,6,2
江西2026年3月摸底,4,2
江西一年级下学期阶段检测,3,2
江西一模,5,2
江西中考,4,2
江西中考零模试卷,5,2
江西九校协作体,5,2
江西九江一模,17,2
江西九江一模26届数学,4,2
江西九江初三历史,3,2
江西八年级下册物理力的检测免费,13,2
江西化学,18,2
江西协作体高三,12,2
江西南康数学,3,2
江西南昌一模2026,3,2
江西吉安一模2026,5,2
江西师大附中2025 2026高一下学期月考试试卷,2,2
江西师大附中2025 2026高一期末考试,8,2
江西师大附中高一下学期第1次月考,3,2
江西数学高三,3,2
江西新余一中,5,2
江西智慧平台学习园地,6,2
江西省,12,2
江西省2026届重点中学协作体,3,2
江西省上饶市广信中学第一次月考,3,2
江西省九校第二次联考2026,6,2
江西省九江市一模,2,2
江西省五市十校协作体联考,17,2
江西省南昌市2024-2025学年七年级下学期6月期末数学试题十二中,2,2
江西省南昌市2026届高三下学期三月 一模 测试,2,2
江西省南昌市2026年一模,6,2
江西省宜春市十校协作体,3,2
江西省抚州市一模 九年级,5,2
江西省抚州市崇仁县七年级下册语文第一次月考居然月考试卷,3,2
江西省抚州市崇仁县第一中学,8,2
江西省抚州市崇仁县第一次月考,2,2
江西省抚州市金溪县一中九年级下册联考物理,3,2
江西省萍乡市一模,3,2
江西省重点中学协作体 2026届高三第一次联考(2026.2)政地理试题,3,2
江西省重点中学盟校,4,2
江西省金溪县2025年九年级六校联考语文试卷,3,2
江西重点中学协作体高三第一次联考,4,2
江西高一上学期政治试卷,2,2
江西高一上学期期末生物,3,2
江西高一下物理月考卷,4,2
江西高三2026届质量检测,3,2
江西高三下学期高考模考,5,2
江西高二下学期金太阳联考,4,2
江西高考化学,3,2
江门 一模,4,2
江门市二模试卷,4,2
江门高三一模2024数学,9,2
江门高三一模2026英语,4,2
江阴市2024年中考数学,2,2
池州一中,2,2
池州一模,5,2
池州市东至县大渡口镇、大同中学,6,2
池州市第十一中学,17,2
池州市联考卷,2,2
池州高三一模,7,2
汶上县2025年一模,2,2
沂源三年级下册语文期中,3,2
沈阳 一模 2026,3,2
沈阳126中学,2,2
沈阳126中学九年级3月,7,2
沈阳43中,4,2
沈阳43中学语文2026,2,2
沈阳一模地理,5,2
沈阳一模物理,3,2
沈阳一模英语,2,2
沈阳七中八下月考,14,2
沈阳东北育才初中学校七年级下学期,3,2
沈阳南昌中学,3,2
沈阳南昌中学零模,6,2
沈阳南昌九年级,4,2
沈阳市120中学2026届高三第七次考试,2,2
沈阳市八下语文4月考,7,2
沈阳市培英中学七下,12,2
沈阳市培英中学九下期初数学,4,2
沈阳市月考卷八年级下数学,3,2
沈阳市沈河区145中学初一上学期期未试卷,2,2
沈阳市皇姑区九上期末数学考试卷,3,2
沈阳市第七中学2025-2026学年八年级下学期3月学情自测,2,2
沈阳市第二中学,2,2
沈阳市第二中学高一4月物理,2,2
沈阳市高三二模数学,2,2
沈阳职业技术学院单招,2,2
沈阳铁西区,6,2
沈阳高一下学期4月月考,3,2
沙城中学一模,7,2
沙河口区六年级下,2,2
沛县中学,7,2
沛县文昌六年级4月份月考试卷,5,2
沛县高一下第一次月考,2,2
沛县高二第二学期期中考试,6,2
沧州2026一模八县联考,4,2
沧州2026高三一模,37,2
沧州初三一模,7,2
沪教版数学,7,2
沪科八下物理力与运动,3,2
沭阳,4,2
沭阳怀文,2,2
沭阳怀文初三一模,5,2
河东2026高三,5,2
河东一模天津,3,2
河东一模政治,6,2
河东七中结课考,8,2
河东二模,5,2
河东区一模2025～2026第二学期质量检测地理质量,8,2
河东区一模数学,4,2
河东区期末数学,3,2
河北2025九年级中考物理试题,2,2
河北2026一模,3,2
河北一模语文,7,2
河北七年级下学期期中,7,2
河北三月模考,6,2
河北专用 数学分类汇编,5,2
河北中考,3,2
河北中考题2025生物 地理,7,2
河北五年级下学期期中,6,2
河北保定易县,5,2
河北八年级下学期期中,5,2
河北八年级下学期阶段检测,6,2
河北区2024到2025学年度九年级总复习质量检测一,6,2
河北单招数学 2026模拟,4,2
河北固安一次中考模拟试题数学,7,2
河北固安一近五年次中考模拟试题数学,5,2
河北地理生物,3,2
河北廊坊,5,2
河北张家口初三2025一模,4,2
河北承德县第一中学2026届高三下学期第一次模拟检测,20,2
河北武邑宏达高二下学期第一次月考数学,4,2
河北沧州市八县联考2025 2026学年高三下学期3月阶段检测,3,2
河北省,11,2
河北省2024年高考真题历史,4,2
河北省2024年高考真题英语,2,2
河北省2025地理中考真题,4,2
河北省三河市2023-2024度五下学期语文,2,2
河北省保定市2024～2025学年高二下学期3月联考考试试题,9,2
河北省保定市十县一中2024 2025学年高二下学期3月月考英语试题,2,2
河北省保定市高碑店市2024 2025七下月考,6,2
河北省初中学业水平模底考试2026,8,2
河北省唐山市2025年第一次模拟考试,7,2
河北省唐山市遵化市第一中学高一下学期月考,5,2
河北省廊坊市四中政治,11,2
河北省承德市承德县第一中学2026届高三下学期第一次模拟检测,2,2
河北省沧州市八县联考,7,2
河北省沧州市八县联考2025-2026学年高三下学期3月阶段检测,3,2
河北省沧州市八县联考数学高三2025,2,2
河北省生物学初赛,6,2
河北省生物学联赛初赛,7,2
河北省石家庄一模,2,2
河北省石家庄四十中化学9年级下册溶液单元检测,5,2
河北省石家庄市第四十中学,15,2
河北省衡水市初中一摸真题几卷,4,2
河北省邢台市襄都区2024六年级下册小升初数学卷子,2,2
河北省邢台市高三三月份,3,2
河北省邯郸市魏县,5,2
河北石家庄,6,2
河北石家庄2026一模,8,2
河北石家庄市裕华区2026年九年级第一次模拟考试数学试卷,3,2
河北联考,2,2
河北邢台市卓越联盟2025 2026学年下学期开学考,4,2
河北邯郸2025模拟预测物理,3,2
河北邯郸2026一模,5,2
河北金太阳高二3月联考卷,11,2
河北高二上学期阶段检测,10,2
河北高考,2,2
河北高考数学,2,2
河北高考语文卷子,4,2
河北高考语文卷子真题,2,2
河南2026一模,3,2
河南2026五市一模,5,2
河南一模中考试卷,6,2
河南中考,3,2
河南中考 02025,2,2
河南中考模考,3,2
河南中考物理,3,2
河南五市,4,2
河南五市一模2026,16,2
河南五市一模联考卷历史,3,2
河南五市一模联考卷历史2026,3,2
河南信阳固始县九年级下学期一模,6,2
河南信阳市高三一模联考卷,11,2
河南南阳,3,2
河南南阳市第二中高一下第一个月月考,2,2
河南周口市鹿邑县涡北镇联合中学等校2025 2026学年九年级第二学期初中学业水平模拟 数学强基A,2,2
河南天一大联考高一3月检测,39,2
河南天宏2026九年级学业水平调研 1,7,2
河南天宏大联考,4,2
河南安阳市2025 2026学年九年级第一学期学情调研化学试题,7,2
河南开封五线联考2025至2020年高三上学期二月期末语文试题,4,2
河南方城县第一高级中学2025-2026学年高三上学期普通高中学业水平选择性考试模拟信息卷地理试卷（二）,5,2
河南普通高中上学期高三年级期末,12,2
河南洛阳伊川县25年中考一模试卷,7,2
河南百师联盟2025 2026学年高三下学期3月阶段检测地理试题,7,2
河南省025年普通高中学业水平考试,5,2
河南省2024 2025,5,2
河南省2025春期六校第一次联考化学,3,2
河南省2026五市高三第一次联考一模,5,2
河南省2026届高三下学期开学考素质评价试题,3,2
河南省2026年五市一模,4,2
河南省一模,5,2
河南省七市重点高中2026届高三年级3月质量测评,14,2
河南省中原名校联盟,2,2
河南省中原名校联盟2026 届高三3月质量检测,5,2
河南省九师联盟2026届高三英语卷,4,2
河南省五市联考2026高三,9,2
河南省信阳市光山县2025年九年纪中考三模政治试卷,6,2
河南省创新发展联盟,6,2
河南省南阳市2026届高三下学期一模生物试题,9,2
河南省南阳市一模,5,2
河南省南阳市内乡县2024至2025学年下册六年级语文期终质量评估,3,2
河南省南阳市淅川县6年级毕业考试,4,2
河南省南阳市高一下学期六校第一次联考,3,2
河南省历史2026一模中考,3,2
河南省外国语,3,2
河南省天一大联考数学阶段性测试三,2,2
河南省实验2026一模,2,2
河南省实验中学20225至2026年上学期期末试卷,4,2
河南省实验中学2024 2025,8,2
河南省实验中学2026学年物理一模,3,2
河南省洛阳市新安县一练,7,2
河南省许昌市2026届高三下学期第三次质量检测,6,2
河南省豫西北教研联盟2026,4,2
河南省适应性考试,4,2
河南省驻马店市上蔡县,13,2
河南省驻马店市中考一模2026,3,2
河南省高三一模,3,2
河南适应性考试,4,2
河南驻马店2026三月五市联考一模,5,2
河南高一下学期阶段检测,5,2
河南高三3月天一2026,8,2
河南高三下学期高考模考,5,2
河南高三天一,6,2
河西2026一模天津,2,2
河西一模2025,12,2
河西二模,7,2
河西区一模,4,2
泉州 1 月份 2026高三,2,2
泉州 1 月份 2026高三一检,2,2
泉州 1 月份 2026高三三检,3,2
泉州 2026高三 三模,4,2
泉州2026届高中毕业班模拟考试一,4,2
泉州一模,5,2
泉州三检 物理,4,2
泉州三检数学,3,2
泉州三检生物,2,2
泉州五中2026届,8,2
泉州安溪质检,3,2
泉州市,8,2
泉州市 2 025届高中毕业班质量检测三,3,2
泉州市 2 025届高中毕业班质量监测三地理,2,2
泉州市2026届高中毕业班模拟考试 一 英语试题,2,2
泉州市2026届高中毕业班模拟考试 一化学,3,2
泉州市2026届高中毕业班模拟考试日语,5,2
泉州市三检数学,11,2
泉州市南安第一中学,7,2
泉州市泉州四校联考,5,2
泉州科技中学八下月考,3,2
泉州高三物理,6,2
泉港,6,2
泊头市第一中学,11,2
法库县东湖第一初级中学,8,2
法律与生活,6,2
法律与生活选择题专练,3,2
法律与生活高考领航,2,2
法拉第电磁感应定律题目,3,2
泗县中考,2,2
泗水县2025一模,5,2
泗水县2025一模数学,2,2
泗洪,22,2
泗洪2026，初三1模卷数学,5,2
泗阳县致远中学初三一模试卷,9,2
波动图像和振动图像,2,2
波的传播多解,3,2
波的多解问题,7,2
波的干涉叠加,3,2
泰兴中学语文高一下学期三月份月考,4,2
泰安一中,3,2
泰安一模历史试卷202六,5,2
泰安期中,3,2
泰安肥城一模中考,4,2
泰安高三模拟数学,2,2
泰安高考一模语文试题,3,2
泰州7年级期中,3,2
泰州姜堰2026语文七年级,3,2
泰州姜堰实验学校初三物理期末试卷,2,2
泰州市省附中学七下第1次月考,13,2
泰州高二下生物第一次月考,2,2
泰达,17,2
泸县五中,4,2
泸州江阳区2025年适应性考试,17,2
洛伦兹力,6,2
洛北中学,4,2
洛平许济2025 2026学年高三年级3月第三次质量检测,6,2
洛阳市,5,2
洞口县高沙镇蓼湄中学,18,2
洮南市第一中学,6,2
活页好题,5,2
测试,4,2
济南 026高三一模 生物,3,2
济南 数学 专题,2,2
济南24一25四年级下期中,2,2
济南一模地理,5,2
济南一模生物2026,2,2
济南一模英语,5,2
济南一模语文,3,2
济南三月份月考,5,2
济南中考,7,2
济南九年级物理,2,2
济南二模,2,2
济南历城一模数学,9,2
济南地理中考真题,7,2
济南市,4,2
济南市历城区8年级下学期数学月考试题,2,2
济南市历城第二中学,2,2
济南市实验中学,5,2
济南市高一下月考,8,2
济南市高三二模2025,6,2
济南月考,4,2
济南物理,6,2
济南生地会考真题,8,2
济宁 025高三一模物理,3,2
济宁 025高三一模英语,4,2
济宁一模化学,5,2
济宁五四制六下月考,4,2
济宁任城一模,14,2
济宁嘉祥高三语文模拟,2,2
济宁市,12,2
济宁市2025年初中学业水平考试,6,2
济宁市一模,5,2
济宁市任城区2024～2025八年级下学期期中语文,6,2
济宁市任城区2025年九年级下册一模,3,2
济宁市任城区2025年数学一模,3,2
济宁市任城区一模,6,2
济宁市任城区化学一模试卷,3,2
济宁市任城区物理一模试卷,6,2
济宁市邹城市一模试卷,3,2
济宁市高一下学期月考试卷,7,2
济宁市高一下学期期中,7,2
济宁期中考试高二下,13,2
济宁第一次模拟考试英语,2,2
济宁高三一模,4,2
济宁高三一模语文,3,2
浙南名校,4,2
浙教版七下数学第二单元,5,2
浙教版九年级下册科学作业本B本,4,2
浙江  1月高考2026,4,2
浙江 026届 高三 数学,4,2
浙江 026届 高三首考,3,2
浙江 1 2026高考一月,2,2
浙江 1月 首考,3,2
浙江 2025 1 月 高考 英语试卷,2,2
浙江 Z20 2026 届高三,2,2
浙江 一月 2026首考,2,2
浙江 首考 英语2026年1月,3,2
浙江 高考,3,2
浙江1月首考,5,2
浙江9 1联盟高一下,4,2
浙江一月首考2026,5,2
浙江一模2026,3,2
浙江七年级下学期阶段检测,5,2
浙江中考,4,2
浙江中考模拟 卷2026,7,2
浙江中考科学一模2025,2,2
浙江中考科学一模真题2025,3,2
浙江二模英语,2,2
浙江八年级下学期阶段检测,7,2
浙江六年级下学期期中,5,2
浙江初中数学一模考试,4,2
浙江十校联考2026,8,2
浙江嘉兴一模,4,2
浙江四年级下学期期中,6,2
浙江地理,3,2
浙江地理学考试卷高二,4,2
浙江学考真题,5,2
浙江强基,5,2
浙江强基3月高三,3,2
浙江强基联盟 2026 年 3 月高一联考,7,2
浙江强基联盟2023 10,6,2
浙江强基联盟2026年,6,2
浙江强基联盟2026年3月高二联考,3,2
浙江强基联盟2026政治,3,2
浙江强基高二下物理月考卷,2,2
浙江数学,3,2
浙江新中考培优方案,3,2
浙江新高考研究卷,5,2
浙江期中,5,2
浙江杭州,4,2
浙江杭州一模数学,2,2
浙江省2025年1月普通高等学校招生全国统一考试。,4,2
浙江省2026年中考全景复习指导,4,2
浙江省2026年初中学业水平考试 潮汐组合 钱塘甬真卷1号作品 潮卷,9,2
浙江省Z20 名校联盟2025 2026学年第二学期创新班联考高一英语试题卷,2,2
浙江省Z20名校联盟2025到2026学年第二学期创新班联考高二英语试题卷,2,2
浙江省中考2025真题科学,2,2
浙江省中考英语,3,2
浙江省台州市2025英语一模九下,2,2
浙江省名校协作体,21,2
浙江省嘉兴市桐乡市中考考卷,6,2
浙江省嘉兴市桐乡茅盾中学2024-2025高一下试卷,4,2
浙江省宁波十校高三3月联考,4,2
浙江省强基联盟2026年3月高三联考,4,2
浙江省新阵地教育联盟 2026 届第二次联考,2,2
浙江省新阵地教育联盟2026届第二次联考英语,11,2
浙江省新阵地教育联盟20二六届第二次联考地理,7,2
浙江省新高考研究卷,3,2
浙江省杭二学军卷,7,2
浙江省浙里初中升学联考仿真卷1,6,2
浙江省精诚联盟高二,10,2
浙江省重点高中提前招生数学,4,2
浙江省高一下9+1联盟期中考,5,2
浙江英语,5,2
浙江英语1月份高考,5,2
浙江诸暨一模,2,2
浙江金丽衢十二校2025学年高三第二次联考,2,2
浙江阶段检测,4,2
浙江首考2026,4,2
浙江首考物理,3,2
浙江高三七彩阳光,3,2
浙江高考一模,4,2
浙江高考化学,4,2
浦东,4,2
浦东二模 语文,3,2
浦东新区,3,2
浦北第二中学,7,2
浮力 20224专题一轮复习习题,6,2
浮力 20224专题复习,3,2
浮力 20226专题复习,2,2
浮力 2026专题一轮复习,3,2
浮力压强,6,2
海南2024历史高考卷,2,2
海南中学 海口一中文昌中学 嘉积中学2026届高三联考试题,5,2
海南中考数学,3,2
海南华侨中学七下语文第一单元,2,2
海南政治高考真题2025,2,2
海南海中嘉积一中文中四校联考,7,2
海南物理高三,2,2
海南物理高考,4,2
海南省四校联考,4,2
海南省海口市高二期末考试卷,5,2
海南省联合调研,4,2
海南省金太阳,5,2
海南省高考化学,9,2
海口一中,4,2
海城市牛庄,11,2
海安,11,2
海安海陵中学七年级下册,2,2
海川选拔,4,2
海州区数学一模,3,2
海水资源的开发利用,5,2
海淀,10,2
海淀七年级下语文期末,2,2
海淀第二学期期中,9,2
海港区数学七年级下册,2,2
海珠区一模,30,2
海门七年级下月考卷,3,2
海门初中,5,2
海陵中学,8,2
涟水县,4,2
涟水郑梁梅中学,6,2
液体压强专题,4,2
涿名小鱼2026高三开学检测,4,2
淄博 026高三一模,7,2
淄博 2026高三一模,3,2
淄博 一模2026,5,2
淄博一模 2026,4,2
淄博一模历史,3,2
淄博一模数学,4,2
淄博一模物理,6,2
淄博四中自主招生,5,2
淄博实验中学,7,2
淄博市2025 2026学年度高三一模,7,2
淄博市2025 2026学年度高三模拟考试语文答案,4,2
淄博市一模,8,2
淄博市周村区,9,2
淄博张店初中物理一模,2,2
淄博张店区中考一模,5,2
淄川小中考地理一模,3,2
淮北一中高一下学期第一次月考,6,2
淮北协作区高三2025,7,2
淮北市2026届高三第一次质量检测,2,2
淮南,3,2
淮南二中自主招生试卷,3,2
淮安外国语学校2026年初三第三次模考试卷,12,2
淮安新安小学六年级周测,4,2
淮安高一下第一次月考,5,2
淮阴中学,3,2
深1模,4,2
深一模 2025年,4,2
深中,5,2
深圳 022026一模 数学,2,2
深圳 022026一模 物理,3,2
深圳 022026一模 语文高三,9,2
深圳 022026一模生物,4,2
深圳 一模 1 2026数学高三,2,2
深圳 一模 2026生物,3,2
深圳 一模 2026高考英语,3,2
深圳 一模 数学2026,2,2
深圳 一模 语文,3,2
深圳 一模2026生物,2,2
深圳 市2026高三第一次调研,4,2
深圳2025一模,5,2
深圳34校联考,5,2
深圳34校联考物理,2,2
深圳一中,3,2
深圳一模2026数学高三,2,2
深圳一模化学2026高三,3,2
深圳一模历史,4,2
深圳一模生物,4,2
深圳一模语文作文 戏剧性的瞬间,6,2
深圳一调,7,2
深圳七下,8,2
深圳七年级下册英语阅读,2,2
深圳中学 10月联考 数学,3,2
深圳九年级数学一轮复习,2,2
深圳二模2025,5,2
深圳八下历史第一次月考,2,2
深圳八年级下册物理期中考试,6,2
深圳南山七下期中英语试卷,5,2
深圳历史中考一模,4,2
深圳外国语学校高一下,13,2
深圳宝安中学,2,2
深圳实验,5,2
深圳实验中学,11,2
深圳市1模,9,2
深圳市1模2026数学,2,2
深圳市1模2026数学高三,3,2
深圳市1模2026英语高三,3,2
深圳市一模2026,8,2
深圳市桂园中学政治,7,2
深圳市福田区五年数学下册学科素养练习,4,2
深圳市育才教育集团，一模卷物理,3,2
深圳市龙华区月考七下,8,2
深圳数学,4,2
深圳物理选修二,3,2
深圳生地会考,8,2
深圳红山高二下化学一段考,2,2
深圳育才一模,3,2
深圳英语中考模拟,3,2
深圳高三一模2026,10,2
深圳高三一模英语,7,2
深圳高级中学 九年级 期末,8,2
清华,2,2
清华附中高一下数学,2,2
清浦开明小升初,2,2
清远市一模,9,2
清远市中考一模数学试卷及答案,5,2
渝北中学,4,2
渝北区2025年指标到校。,2,2
渝北区指标到校,2,2
温岭,4,2
温州 1 5模2026届第一学期高三期末考试,4,2
温州 1.5模,2,2
温州1 5模,4,2
温州2026一模,3,2
温州市外国语学校2026学年九年级第一次模拟考,4,2
渭南初级中学,3,2
渭南市实验初级中学,9,2
渭滨区2024年一检,5,2
港澳台二十校联考,2,2
港澳台联考物理,2,2
港澳台联考真题,2,2
游标卡尺 读数练习专题,4,2
湖北 01 月 调研 高三数学,3,2
湖北 三月 月 调研,5,2
湖北 八市3月 调研 高三2026,21,2
湖北 高考2025年真题,3,2
湖北2026初三一统考试,21,2
湖北3月,12,2
湖北3月月考试卷九年级,12,2
湖北一年级下学期阶段检测,4,2
湖北一模2026,2,2
湖北三月2026,3,2
湖北三月月考孝感高三,2,2
湖北二模,2,2
湖北云学联盟12月联考,3,2
湖北云学联盟高二3月,3,2
湖北五年级下学期期中,25,2
湖北八市,8,2
湖北八校,3,2
湖北八校联考,3,2
湖北十一校,11,2
湖北十堰,2,2
湖北十堰中考一模考试,2,2
湖北卷,3,2
湖北合格考,57,2
湖北咸丰,3,2
湖北四年级下学期阶段检测,6,2
湖北天门 仙桃 潜江市2026届高三教学质量监测,2,2
湖北孝感市高三下学期3月联考,3,2
湖北恩施州2026届高三第二次质量监测考试试题,4,2
湖北数学3月月考2026,3,2
湖北月考数学,6,2
湖北期末,7,2
湖北楚天协作体2025 2026学年高三下学期开学考试,5,2
湖北武汉二调,8,2
湖北省025 2026八市3月联考,6,2
湖北省2025高中合格考数学,3,2
湖北省2026届高三上学期,2,2
湖北省2026年高三三月八市,3,2
湖北省3月调考英语高三,2,2
湖北省三月调考,7,2
湖北省九年级3月联考,6,2
湖北省云学联盟2025 2026学年高三上学期12月月考,2,2
湖北省仙桃中学,5,2
湖北省八市联考,4,2
湖北省八市联考三月,5,2
湖北省初三数学3月一模,10,2
湖北省十一校2025 2026学年高三12月联考,4,2
湖北省十一校联考2025,2,2
湖北省咸宁市高一期末考英语,2,2
湖北省孝感市2026高三3月检测,9,2
湖北省孝感市云梦县九下,4,2
湖北省孝昌初三一模考试,2,2
湖北省武汉市2025 2026高三下学期三月考试,6,2
湖北省武汉市初二数学下学期月考,5,2
湖北省武汉市洪山区2025至2026学年度第一学期小学学业期末质量监测6年级语文试卷,2,2
湖北省沙市中学,4,2
湖北省沙市中学2026年三月月考,4,2
湖北省洪山区九年级下五调数学,6,2
湖北省生物学联赛初赛试题,5,2
湖北省荆州市2025 2026学年高三质检二,3,2
湖北省荆州市2026届高三3月调研考试物理答案,10,2
湖北省荆州市沙市区2024年六年级下册体育试卷,8,2
湖北省襄阳市2025 2026高三下学期三月考试,15,2
湖北省襄阳市七下第一次周考,4,2
湖北省语文中考真题,3,2
湖北省部分重点中学2026届高三第二次联考,14,2
湖北省鄂东南省级示范高中教育教学改革联盟学校2025年秋季高三期中联考,6,2
湖北省鄂州市,4,2
湖北省随州市广水市9年级下,4,2
湖北省高三三月调考,4,2
湖北省黄冈市英山县小升初,2,2
湖北联考,4,2
湖北自主招生,6,2
湖北荆州2026高三三月调考,2,2
湖北语文3月月考2026,2,2
湖北调考,3,2
湖北阶段检测,12,2
湖北随州3月统考,5,2
湖北高一下学期阶段检测,22,2
湖北高二下3月月考,16,2
湖北高二下三月考,2,2
湖北高二下期中数学,3,2
湖北高考模考,4,2
湖北黄冈,4,2
湖北黄石十四中七下三月月考,2,2
湖南 0225 高考 真题,7,2
湖南 025 届 长郡 二十校联盟数学,2,2
湖南七年级下学期阶段检测,4,2
湖南中考,4,2
湖南中考2025真题,3,2
湖南中考政治,3,2
湖南中职建筑类,3,2
湖南九校联考物理,2,2
湖南二模,4,2
湖南六年级下学期期中,2,2
湖南卷语文高三,2,2
湖南天一大联考2026高三三月,2,2
湖南天壹,4,2
湖南师大附中2026届高三月考试卷,2,2
湖南怀化高3日语,4,2
湖南教学教研联盟2026届高三下学期3月联考语文试题,3,2
湖南新高考教学教研联盟 长郡二十校 2026届高三下学期3月联考,2,2
湖南新高考教学教研联盟2026届高三3月联考（含L3卷）,4,2
湖南湘一名校联盟2026高三,23,2
湖南湘潭第一中学,5,2
湖南物理,9,2
湖南生地会考真卷,10,2
湖南省 郴州市高三 三模,3,2
湖南省2026届高三九校联盟第一次联考数学,4,2
湖南省中考试卷,3,2
湖南省名校联盟2025-2026学年高三下学期3月阶段检测地理试题,2,2
湖南省娄底市新化县 一模,8,2
湖南省岳阳市临湘市2025 2026学年八年级上学期期末道德与法治,2,2
湖南省永州市中考试卷,3,2
湖南省永州市零陵区一模,3,2
湖南省长沙市华益中学2024-2025九年级下学期期中考试数学试卷,3,2
湖南省长沙市宁乡市2022到2023年期末调研考试试卷七年级下册数学,8,2
湖南省长郡中学高一生物,2,2
湖南省高三九校联盟,3,2
湖南省高三联考,3,2
湖南省高考试卷,6,2
湖南联考,3,2
湖南衡阳中考试卷,4,2
湖南邵阳二模英语,2,2
湖南长沙三湘2025高三语文,10,2
湖南长沙市湖南师大附中2025~2026学 年学期2月高三月考,4,2
湖南长沙市第一中学2025 2026学年高三下学期开学考物理,2,2
湖南长沙市雅礼中学,10,2
湖南长郡中学2026年3月月考,2,2
湖南雅礼,8,2
湖南雅礼中学,3,2
湖南雅礼中学2026,4,2
湖南雅礼长郡高三,3,2
湖南雪峰山 是重要的山温度,3,2
湖南高一下学期阶段检测,5,2
湖南高三下学期阶段检测,3,2
湖南高考 2025高考真题,3,2
湖南高考地理卷,3,2
湖滨,4,2
湘一名校联盟高三,3,2
湘一名校联盟高三3月,6,2
湘一名校联盟高三数学,3,2
湘教版,3,2
湘教版八下数学四边形,4,2
湘教版必修二数学向量,3,2
湘教版数学选择性必修二课后习题答案,3,2
湘考领航2026,6,2
湘西州初中理科知识竞赛,3,2
湘豫联考,6,2
湛江一中2025期中,4,2
湛江一中自主招生,10,2
湛江市滨海,7,2
湟川中学月考,6,2
溶液 2024中考单元复习专题,3,2
溶液及其应用,2,2
滑轮,3,2
滑轮组,6,2
滕州一中自招,2,2
滕州市高二数学,2,2
滤液滤渣专题,3,2
滨城高中联盟2025 2026学年度上学期高二期中考试,7,2
滨州,6,2
滨州 1月期末高三,6,2
滨州一模 2026,7,2
滨州一模政治,6,2
滨湖区一模,4,2
滴定计算,2,2
漫步大观园雅集住备考综合性学习专题学案,6,2
漯河高中,6,2
漯河高中高一期末,4,2
漳州一检,3,2
潍坊 023 2024高三上学期 一模,8,2
潍坊 高三 一模,2,2
潍坊2026一模,3,2
潍坊一模 2026 物理,6,2
潍坊一模生物2026,2,2
潍坊九五联考3月,7,2
潍坊二模,3,2
潍坊五年级期中数学,5,2
潍坊市2 026高三一模,4,2
潍坊市初中学业语文,7,2
潍坊数学一模,3,2
潍坊潍城区三下语文月考试卷,4,2
潍坊物理三模,4,2
潍坊高三一模英语听力2026,3,2
潞河,3,2
潢川县中考卷2025,5,2
澄海实验高级中学,8,2
濠江中学,6,2
濮阳,6,2
灵璧县六中,4,2
炎徳英才,6,2
炎徳英才大联考2026届高三23年到25年,11,2
炎徳英才大联考2026届高三湖南3月,2,2
炎德月考卷,11,2
炎德英才大联考L3,6,2
点燃作文,3,2
点石联考3月,3,2
点石联考语文,2,2
点石联考高三,7,2
点石联考高三二模,3,2
点线面的位置关系,3,2
点金训练,2,2
点金训练 数学必修第二册,2,2
烃,7,2
烟台 023 2026高三 一模历史,2,2
烟台 2026高三 一模,3,2
烟台2026年初中学业水平考试英语仿真模拟卷的答案,2,2
烟台一模化学,3,2
烟台一模语文,4,2
烟台一模语文2026,3,2
烟台八年级下学期数学期中,7,2
烟台市,8,2
烟台市开发区2024-2025年六年级下学期期中考试卷,8,2
烟台市高一生物,10,2
烟台月考八下,2,2
烟台期中,7,2
烟台英语高二,2,2
烟台高三期末政治,2,2
烟台高二下学期期中考试政治,2,2
烟台高二英语下学期期中考试,2,2
烹饪,4,2
焦作市,4,2
爱莲说限时练,2,2
牛二定律,2,2
牛栏山实验学校七年级,6,2
牛頓第二定律,4,2
牛顿定律,3,2
牛顿第二定律,3,2
牛顿运动定律,3,2
牟平24到25下学期期中,7,2
牟平区2024九年级下学期数学,2,2
牡丹江一中高一下学期月考试卷一中,10,2
牡丹江一中高一下月考数学,3,2
物态变化,7,2
物理 八下第1单元,4,2
物理 压强 专题,3,2
物理 压强 专题八年级,2,2
物理 长郡,2,2
物理2026,7,2
物理2026高三青岛一模,5,2
物理8年级下册,6,2
物理一模2025,6,2
物理一模高三,3,2
物理一模高三山东,2,2
物理专项试卷,3,2
物理专题复习,2,2
物理中考内江,2,2
物理中考卷,3,2
物理中考备战,3,2
物理二轮复习,2,2
物理二轮复习2026专题,5,2
物理五年真题分类,4,2
物理光学,2,2
物理全反射,3,2
物理八下单元卷,3,2
物理八下第1次月考,2,2
物理八下第一次月考试卷,3,2
物理八下试卷沪粤版月考试题,4,2
物理凸透镜成像新题型,3,2
物理力学2026一轮复习,4,2
物理力学2026一轮复习厦门,8,2
物理力学专题,7,2
物理力学大题专题复习高考,2,2
物理动能,3,2
物理卷子高二镇江,4,2
物理压强专题,10,2
物理圆周运动,5,2
物理圆周运动题目,2,2
物理大题专练,2,2
物理天体运动专项测试,3,2
物理学史 练习题,2,2
物理安培力与洛伦兹力,6,2
物理实验 202 5高三复习实验,3,2
物理实验题,3,2
物理平抛运动 试卷高一,2,2
物理广东高考试卷,2,2
物理必修一试卷,3,2
物理必修二,5,2
物理必修二五六章综合河北邢台市高一月考,2,2
物理必修二圆周运动,4,2
物理必修二第一单元,3,2
物理快线,3,2
物理月考八下试卷,4,2
物理月考八下试卷沪教版,5,2
物理月考高二下,9,2
物理机械能守恒定律压轴题,2,2
物理步步高练透楞次定律的应用,5,2
物理浮力专题,2,2
物理液体压强计算题上海,2,2
物理湖南,3,2
物理热力学第一定律计算,2,2
物理热学,3,2
物理热学大题,4,2
物理电,4,2
物理电势面情景,2,2
物理电学专题,3,2
物理电学实验,5,2
物理电学实验专题,3,2
物理电磁,4,2
物理电磁感应,2,2
物理竞赛 2025年第42届初赛真题,3,2
物理笔记,5,2
物理第四道计算题,7,2
物理粤教版创新思维资料书,5,2
物理能力培养人教版,11,2
物理自招,8,2
物理计算题,13,2
物理课本,3,2
物理课本电子版,3,2
物理选修三,4,2
物理选修二第一章,2,2
物理选修二第一章章末测试,5,2
物理选修二配套试卷,6,2
物理选必三,3,2
物理高三试卷,3,2
物理高二下月考,2,2
物理高二下月考卷,10,2
物理高二下第一次月考,3,2
物理高考卷,4,2
物理高考模拟卷,4,2
物质化学性质汇总,5,2
物质的结构与性质,3,2
物质的结构与性质二轮复习,3,2
物质结构,3,2
物质结构与性质,4,2
特长生 金陵中学,3,2
特长生试卷,5,2
玉山一中,4,2
玉林市一模,10,2
王安石变法,4,2
王朝霞 202 5 2025八年级物理,2,2
王朝霞 考点诊断查漏卷 数学 一年级下册 RJ版,5,2
王朝霞创维新课堂四下语文,2,2
王朝霞单元活页卷,6,2
王朝霞口算小达人,5,2
王朝霞口算小达人专辑,4,2
王朝霞培优100北师大四下,9,2
王朝霞考点梳理实习卷2026春英语三年级下册pEp版,10,2
王朝霞考点梳理时习卷电子版,4,2
王朝霸,5,2
王朝霸二年级下学期单元活页卷语文一单元,2,2
环大罗山4月,4,2
现代文阅读 答题技巧,4,2
珠海一中,4,2
珠海香洲物理一模,5,2
班会安全教育,4,2
理科综合,9,2
璧山2025,5,2
瓦房店,3,2
甘井子区8下语文,4,2
甘孜州中考真题,5,2
甘孜藏族自治州中考,5,2
甘肃-陇南市-七年级下册-2025-2026学年第二学期质量监测（一）,2,2
甘肃2025中考,5,2
甘肃GS2024 2025学年第二学期质量检测一七年级数学,2,2
甘肃一年级下学期阶段检测,4,2
甘肃七年级下学期阶段检测,4,2
甘肃中考专题复习,5,2
甘肃中考英语,3,2
甘肃省2021年物理中考真题,7,2
甘肃省2026年高三年级第一次模拟考试 英语听力.mp3(23.44 MB),4,2
甘肃省GS2024-2025学年第二学期质量监测（一）七年级 #甘肃七年级英语,9,2
甘肃省一模试卷高三,4,2
甘肃省一诊2026,11,2
甘肃省定西市陇西县,14,2
甘肃省平凉市庄浪县2025年一模试卷,3,2
甘肃省武山县渭川九年制学校,2,2
甘肃省生物奥林匹克试卷初赛,3,2
甘肃省白银市2024物理9年级一模,2,2
甘肃省陇南市礼县实验中学第一次月考初一试卷,7,2
甘肃省高中生生物联赛初赛选择题,10,2
甘肃陇南中考数学试卷,5,2
生命科学,4,2
生地会考 名校模拟卷 综合 较难,11,2
生地会考2026知识点,8,2
生地会考真题2025广东,2,2
生物 01 一轮复习人教版核心记背资料,3,2
生物 01 必修2基础知识点,9,2
生物 01 必修2测试题,5,2
生物 01 必修2第二章,2,2
生物 遗传,3,2
生物2025中考卷,3,2
生物PCR技术专题,3,2
生物一模开卷考试卷,12,2
生物专题,3,2
生物专题复习,3,2
生物中考复习提纲,8,2
生物会考2025真题,3,2
生物关于光合作用与呼吸作用的作业,5,2
生物减数分裂习题,2,2
生物分离定律,6,2
生物分离定律应用专题,2,2
生物卷高三,7,2
生物地理会考,6,2
生物基因工程,3,2
生物奥赛初赛 江苏,20,2
生物学北师版第六章七年级下册廊坊四中月考,7,2
生物实验,2,2
生物实验 2025复习专题实验专题,2,2
生物实验 2026复习专题实验专题,5,2
生物工程专题,5,2
生物必修一,6,2
生物必修一复习题,3,2
生物必修三第一张试卷,6,2
生物必修二基因,6,2
生物必修二月考,11,2
生物必修二遗传,2,2
生物月考卷高二新疆喀什,12,2
生物有丝分裂减数分裂,2,2
生物模拟卷,6,2
生物河北课时练,3,2
生物竞赛初赛,6,2
生物竞赛真题,2,2
生物竞赛，高中,3,2
生物莆田市二检,2,2
生物试卷2026,3,2
生物试卷2026海口,2,2
生物课本实验总结,3,2
生物资料,2,2
生物选修三,3,2
生物选修三必刷题,3,2
生物选必三第一单元人教版,4,2
生物选择性必修3,2,2
生物选择性必修二,7,2
生物遗传专题,5,2
生物遗传第一章,4,2
生物遗传题专项训练,4,2
生物高二,12,2
用油膜法估测油酸分子的大小练习,2,2
甬真重高潮汐卷,3,2
电,2,2
电学实验,4,2
电学实验复习讲义,3,2
电磁,4,2
电磁 感应2 单双杆一轮复习,3,2
电磁大题,3,2
电磁感应 高中物理,2,2
电磁感应专题,4,2
电磁感应单双杆与电容专题训练,2,2
电磁感应大题汇总,2,2
电磁振荡,4,2
电解池的应用,2,2
疏勒县第一中学,6,2
病句 02025一轮复习PPT,6,2
病句专项,5,2
白城医学高等,4,2
白塔中学,3,2
白银市20249年级第一次诊断,17,2
白银市20259年级第一次诊断,48,2
白银市2025年一模 九年级,5,2
白银市九年级一模,3,2
白银市初三一模试卷,4,2
白银市第一中学,7,2
百 师联盟,4,2
百 师联盟3月高三2026开年大联考河南,3,2
百师联盟日语,6,2
百强名校,6,2
百强校首发,2,2
百校联盟,18,2
百校联盟大讲堂,7,2
百校联考,7,2
百校联赢大联考,6,2
百色一模,7,2
皖北协作体,6,2
皖北协作区2025高三化学,3,2
皖北协作区27届,4,2
皖北协作区第27届2025高三,19,2
皖北协作区联考,5,2
皖北协作区联考高三,5,2
皖智 安徽第一卷2025 2026,2,2
皖智教育2026年安徽中考信息交流试卷数学（四）,3,2
皖智教育开旗卷,3,2
皖豫名校联盟,7,2
益中学校,5,2
盐城 南京 20252026学年度第一学期期末调研考试高三,5,2
盐城2025届高三二模地理试卷,10,2
盐城一模,4,2
盐城专用,10,2
盐城中学,7,2
盐城中考一模卷,2,2
盐城中考英语试卷,3,2
盐城二模,4,2
盐城南京二模,3,2
盐城市中考,2,2
盐城市康居路初中,10,2
盐城市数学中考真题,3,2
盐城盐都区八下第一次月考物理,2,2
盐城盐都区初二下学期月考,4,2
盐城鹿鸣路初三年级数学课堂作业,7,2
盘锦市兴隆台区2024-2025,2,2
相交线与平行线单元测试,6,2
相交线与平行线单元测试卷七下人教版,3,2
相似,3,2
相似三角形压轴题专项,2,2
省城名校中考冲刺预测卷,3,2
省实验物理,4,2
省模,5,2
真题,3,2
真题分类,7,2
真题分类汇编,3,2
真题卷,11,2
睢宁县2025至2026学年度第一学期期末考试6年级英语试题,3,2
知识清单八下,2,2
知识点填空,8,2
知识点总结,6,2
矩形菱形正方形,3,2
石嘴山市三中高一下3月月考,5,2
石家庄 025 026 年质检,8,2
石家庄 026 年质检,18,2
石家庄 2026一模,3,2
石家庄 一 模 2025 高三 数学,4,2
石家庄 一 模 2026 高三政治,2,2
石家庄 一 模 2026 高三物理,5,2
石家庄 一 模 2026 高三英语,5,2
石家庄 一 模 2026 高三语文,2,2
石家庄2026模拟,23,2
石家庄2026高三一模,38,2
石家庄26年一模,3,2
石家庄七下英语第一次月考,3,2
石家庄九年级数学试卷,4,2
石家庄二中 高三下学期一模,5,2
石家庄二中高一下,13,2
石家庄初三下学期裕华区,3,2
石家庄市2026届普通高中毕业年级教学质量检测 一,10,2
石家庄桥西区一模2025英语,2,2
石家庄质检,8,2
石家庄质检2026,3,2
石家庄质检一 2026,10,2
石家庄高31模，地理题,2,2
石家庄高三,3,2
石景山,12,2
石景山高三英语25-26期中试题答案,3,2
石狮市质检,9,2
石门一中,6,2
砝码天秤八下物理。,2,2
硝酸与金属反应的相关计算,2,2
硫 氮及其化合物单元测试,3,2
硫和氮,4,2
祈福新村学校,5,2
福山区8年级下册期中考试,2,2
福州 2026高三,3,2
福州 2026高三二检语文,4,2
福州 一检 2025,3,2
福州一中2024 2025第一学期第二学段高一,4,2
福州一中高二,3,2
福州一检,3,2
福州三检,8,2
福州三模,5,2
福州中考数学,3,2
福州二中,3,2
福州二检英语,7,2
福州二模,3,2
福州八中初三,12,2
福州八中高二,3,2
福州八县期中联考高二下数学,3,2
福州六校联考,11,2
福州市,5,2
福州市2026届高三年级三月质量检测,2,2
福州市高一下学期数学期末模拟考试,5,2
福州市高一下学期期末模拟考试,8,2
福州市高一下期末考语文质检2023-2024,2,2
福州延安中学,8,2
福州第一中学,3,2
福州高三数学,4,2
福州高三英语,3,2
福州高二下学期月考化学,3,2
福州高级中学,11,2
福建2025各地市物理磁场卷,6,2
福建2026年高三语文福州第三次质检,3,2
福建2026高三毕业班地理,7,2
福建一检,13,2
福建七年级下学期阶段检测,15,2
福建三年级下学期阶段检测,6,2
福建中考模考,2,2
福建九年级上学期期末,8,2
福建五年级下学期升学真题,3,2
福建五年级下学期阶段检测,7,2
福建八年级下学期阶段检测,9,2
福建六年级下学期阶段检测,3,2
福建初中二模,6,2
福建卷 2021至2025高考真题,2,2
福建厦门期末,8,2
福建宁德,8,2
福建师大附中,8,2
福建泉州一模,4,2
福建泉州台商投资区,17,2
福建物理,15,2
福建物理高考真题,3,2
福建百校1 2 月联合测评,2,2
福建省,15,2
福建省2025年中考卷数学,3,2
福建省2025高中化学,3,2
福建省三明市高一物理期末考试卷2021,5,2
福建省五年级下因数和倍数单元测试人教版,3,2
福建省厦门一中2025-2026高二期末考,3,2
福建省宁德市2025——2026学年物理第一学期九年级期末质量检测卷,3,2
福建省检,5,2
福建省毕业班适应性练习,2,2
福建省永安市七年级下册学期地理期末试卷2024至2025,3,2
福建省漳州市2025年中考历史,3,2
福建省漳州市中考数学一模试卷,3,2
福建省物理高考,3,2
福建省省检,5,2
福建省福州第一中学,17,2
福建省考,6,2
福建省质检 2025,5,2
福建省高三省质检,7,2
福建省龙岩市1~8单元试卷。,3,2
福建自主招生数学试卷,2,2
福建通用技术单招真题,9,2
福建高三,2,2
福建高三2025高考模拟,2,2
福建高三物理,12,2
福建高中合格考试卷通用,3,2
福建高中数学学业水平考试,4,2
福建高考,5,2
福建高考历史,6,2
福清,15,2
福清2024~2025八年级下册期中考试 数学,2,2
福清七下语文,5,2
福清第一中学,3,2
福田,15,2
福田外国语开学考,9,2
福田实验侨香,2,2
福鼎四中,8,2
福鼎四中高一下,3,2
禹城市,11,2
禹州三高,4,2
禹州市第三高级中学,7,2
离子方程式,2,2
离骚理解性默写,5,2
科学教科版四年级下册第一单元,4,2
科技中学科创班,22,2
秦皇岛2026一模,9,2
稳派,20,2
稼轩,52,2
稼轩月考,19,2
空间向量 0 一轮复习基础专题,2,2
空间向量大题,4,2
空间向量真题训练,2,2
窦娥冤 课件,3,2
立体几何 0 高专 立体几何 二轮轮复习大题,2,2
立体几何 2025 常考大题,4,2
立体几何 大题2025高三题型归类,2,2
立体几何证明,5,2
立信九下第一次月考道法,3,2
竞赛卷,9,2
竞赛卷 四川,8,2
竞赛提前招生培优自招,30,2
章丘双语学校,5,2
第 一 二单元测试卷,8,2
第 一单元1 2 3单元 试卷,5,2
第 一单元1 单元 试卷,5,2
第 二单元2单元 测试卷,3,2
第01讲 实数,4,2
第1单元测试卷,4,2
第1单元测试卷语文7年级下册rj版初中同步测试,8,2
第2单元测评卷,5,2
第3单元,8,2
第7课猴王出世七彩课堂,3,2
第7课猴王出世七彩课堂课件,3,2
第一单元测试卷,2,2
第一月考,2,2
第一次,2,2
第一次模拟,4,2
第一次模拟考试,7,2
第一百中学,4,2
第一章,5,2
第一第二单元测试题,3,2
第七章 相交线与平行线 单元测试,9,2
第二次模考辽宁,5,2
第六章,6,2
第四中学,3,2
等比数列前n项和,5,2
等比等差数列专题,2,2
答案解析,4,2
答題卡 1初中数学制作,2,2
答题卡模板,2,2
答题必备,9,2
答题模板,4,2
简单机械,6,2
简易方程5年级练习题,11,2
简爱,2,2
简谐运动 2015 2024 高考物理真题汇编,2,2
简谐运动 2025一轮复习,2,2
类型题举一反三,7,2
精武中学,5,2
精英新课堂 三点分层作业,7,2
精诚联盟3月,9,2
精诚高二,3,2
紅樓夢,3,2
紫云中学高二下月考,6,2
红安县实验中学,12,2
红对勾 2026版大一轮复习,3,2
红桥jir?ke?kao?shi,5,2
红桥一摸语文 2026,6,2
红桥一模,13,2
红楼梦 1 10 回过关检测练习,3,2
红楼梦 1 10回内容梳理,5,2
红河州 20226届高中毕业生第二次复习统一检测,2,2
红河州 2026 届 高中毕业生 第二次 复习 统一 检测,4,2
红河州 2026届高中毕业生第三次复习统一检测,13,2
红河州 文山州2026届高中毕业生第3次复习,8,2
红河州文山州2026届高中毕业生第三次复习统一检测,43,2
红河文山,6,2
红豆试卷,8,2
线段成比例,7,2
练客,13,2
练客中考 2025甘肃英语,4,2
练客中考 2026甘肃英语,10,2
练客中考 2026甘肃英语词汇默写,2,2
练测考,10,2
组合排列,3,2
细胞呼吸和光合作用,8,2
细胞工程生物,2,2
细胞生物学竞赛,5,2
细解巧练五四制,4,2
绍兴一中,9,2
绍兴二模,3,2
绍兴市柯桥区科学期中,2,2
经典 常谈,8,2
经典常谈 1 13章节基础型阅读卡,3,2
经典常谈 考试真题,3,2
经典常谈习题,3,2
经济传导题专项训练必修二,5,2
结业,11,2
结业考试,17,2
结业考试卷,8,2
结构化学,4,2
结课考初三滨海新区英语,2,2
结课考天津,13,2
给我一套六年级下册数学北师大版第一单元试卷,12,2
统编版高中语文必背古诗文60篇默写每日一练,3,2
统计,2,2
统计与概率,4,2
绥中县第一高级中学,2,2
绥化市四中2025-2026年九年级下册考试卷子,8,2
绥棱,4,2
绥棱县八年级三月,2,2
绵羊二诊2026届,4,2
绵阳 2 诊2 026,6,2
绵阳中学2019自主招生英语,27,2
绵阳中学高三,2,2
绵阳中考英语,5,2
绵阳南山,3,2
绵阳南山中学,3,2
绵阳江油月考卷,4,2
绿卡小学作业本,10,2
罗庄一模试题2025,5,2
罗店中学,3,2
罗湖区,34,2
罗源县三下英语第一单元适应性练习,3,2
羊山中学,2,2
美术音乐考试试卷,4,2
美洲第一课时金牌学案,2,2
美达菲津英高一下第一次月考,9,2
羟醛缩合,3,2
翰林卷,4,2
翰林卷浙江,3,2
翰林志自招青岛物理化学自招2026真题模拟,3,2
耀华,4,2
耀华中学高三,4,2
老师,3,2
考必背单词,3,2
考点大串讲,7,2
考点整理,5,2
考试查询,3,2
耒阳一中,4,2
聊城 2026 一模物理,18,2
聊城 2026高三 一模英语,2,2
聊城2025高一下学期期中,5,2
聊城三中2025年高二下第一次月考,14,2
聊城市2026年高考模拟试题日语,4,2
聊城第三中学,7,2
职教,4,2
职高数学,17,2
联合体,5,2
联合体期末八上,8,2
联合体期末八上政治,4,2
联合模拟,2,2
联考试卷,12,2
联赛,6,2
肇庆中学,10,2
肇庆市第一中学实验学校,9,2
肥城2025年一模试卷,4,2
肥城六年级下数学期中试卷,2,2
肥西,4,2
育才一模,3,2
育才中学一模深圳,21,2
育明高三下,2,2
背诵,3,2
胡不归模型,2,2
胶州,6,2
胶州市实验初级中学,7,2
胶州市瑞华实验初级中学,11,2
胶州瑞华实验初级中学,4,2
能力培养,32,2
能力培养4下17页,4,2
能力培养人教版 地理 七下,3,2
能级跃迁题目,4,2
能量守恒定律,4,2
自主 招生,6,2
自主1招生数学试卷,2,2
自主招生 202 5 年 全国 初三 专题 数学,3,2
自主招生 数学,6,2
自主招生 物理,2,2
自主招生数学深圳,5,2
自主招生数学真题,5,2
自主招生物理真题,4,2
自主招生考试,5,2
自主招生试题,7,2
自感,4,2
自感与互感,2,2
自招9年级化学,5,2
自治区三模,5,2
自治区二模新疆,3,2
自由交配和自交,3,2
自贡,7,2
自贡二诊2026,12,2
自贡市普通高中2026届第二次诊断性考试,2,2
舟山,4,2
舟山3月份月考,7,2
船山实验中学2024下,8,2
船山实验中学八年级下册第一次月考,4,2
艾青,3,2
芜湖一中 高二下3月月考,4,2
芜湖一模2026,5,2
芜湖二十九中一模,8,2
芜湖初三数学一模,2,2
芜湖市 一中自主招生,2,2
芜湖高二下学期数学期中考,2,2
花都四年级,2,2
苍溪县2024中考英语真题,3,2
苍溪县2025一模英语,9,2
苏,8,2
苏 锡 常 镇,3,2
苏北 025七市高三二模,7,2
苏北 025高三二模,4,2
苏北一模英语,4,2
苏北四市 026高三一模物理,2,2
苏州 0 模 2025 高三,3,2
苏州 中考 化学 一模,4,2
苏州一模2026,15,2
苏州七校,5,2
苏州中考一模,20,2
苏州化学,3,2
苏州市高三政治,4,2
苏州月考,5,2
苏州月考高一下,2,2
苏州零模,3,2
苏州高一下期中卷,4,2
苏教,2,2
苏科版物理单元卷,4,2
苏锡,3,2
苏锡常 2026 高三一模化学,2,2
苏锡常 2026 高三一模英语,5,2
苏锡常 2026 高三数学,4,2
苏锡常202 6高三一模政治,4,2
苏锡常一模卷,7,2
苏锡常四市,2,2
苏锡常镇 026高三一模物理,11,2
苏锡常镇 2026,2,2
苏锡常镇 2026 高三一模数学试卷,2,2
苏锡常镇 2026 高三一模物理,2,2
苏锡常镇 2026 高三二模,7,2
苏锡常镇 2026高三一模政治,3,2
苏锡常镇 2026高三一模物理,8,2
苏锡常镇 2026高三一模生物,2,2
苏锡常镇 2026高三一模生物答案,2,2
苏锡常镇 2026高三一模英语,2,2
苏锡常镇025高三一模语文,3,2
苏锡常镇026高三一模数学,3,2
苏锡常镇2026,4,2
苏锡常镇一模物理,9,2
苏锡常镇一模生物,3,2
苏锡常镇一模语文,11,2
苏锡常镇物理,3,2
苏锡常镇生物,4,2
苏锡常镇高三物理情况调研,2,2
苯,4,2
英七年级下册,6,2
英德市,6,2
英才计划数学,6,2
英语 作文2025必背句型,3,2
英语 单词 3500背诵版高中,5,2
英语 听力,6,2
英语 听力10年真题全国卷及听力音频2020 2024音频,5,2
英语 听力10年真题全国卷及听力音频2020 2024音频湖北,2,2
英语 听力2025 含听力材料及录音九年级,3,2
英语 应用文 2026分类模板,5,2
英语 时文阅读2026中考,10,2
英语 读后续写23个万能句式,4,2
英语2025 语法填空专练,9,2
英语3500 词汇背诵word版,9,2
英语一模2026,6,2
英语七下单元测试,3,2
英语七年级下册1 2单元试卷,3,2
英语七选五2028届专项练习,3,2
英语七选五专练,2,2
英语中考,4,2
英语中考 单词 1600背诵,2,2
英语书,7,2
英语书八年级下册,7,2
英语人教版八年级下册,2,2
英语人教版八年级下册单词默写,5,2
英语作文素材,3,2
英语全国二卷,3,2
英语八下牛津,3,2
英语八下第一单元测试卷,4,2
英语八年级拉网训练，八年级下册河南省新教材人教版，和河南，新教材,9,2
英语冀教版期中七下,4,2
英语单词表,3,2
英语单词高频,3,2
英语南开一模,11,2
英语卷子河南,6,2
英语听力 100篇专项训练初三,2,2
英语听力2026,2,2
英语完型填空,4,2
英语应用文,4,2
英语必修二同步训练配套检测卷,7,2
英语时文,3,2
英语月考试卷,5,2
英语期中,3,2
英语期中试卷,9,2
英语测试报,3,2
英语深圳,4,2
英语版物理试卷,4,2
英语短语,3,2
英语短语固定搭配总结,5,2
英语第一单元测试卷,2,2
英语续写,3,2
英语续写 100个必背句,2,2
英语续写高分高级素材,9,2
英语语法,2,2
英语语法填空 100篇 高考真题,6,2
英语语法填空中考,3,2
英语语法填空高考,4,2
英语语法复习专题,2,2
英语语篇填空解题技巧,4,2
英语读后续写,3,2
英语长难句 100句分析及练习 2026,4,2
英语阅读 100篇专项训练,3,2
英语阅读CD专项,3,2
英语阅读理解专项练习,2,2
英语首考 天津,3,2
英语首考2026试卷,4,2
英语高一,6,2
英语高一试卷,3,2
英语高三 3月,3,2
英语高三浙江2025一月,2,2
英语高二下月考,2,2
英语高考,5,2
英语高考10年真题,4,2
英语高考3500词高频词,5,2
英语高考七选五合集,2,2
英语高考高频单词688,5,2
英语高考高频词汇,2,2
英语高考高频词汇 1000背诵版2026最新,5,2
英语高频词汇688,4,2
英语高频词汇默写,2,2
茂名一模,3,2
范文,10,2
荆州2026高三三月调考化学,3,2
荆州2026高三三月调考政治,3,2
荆州三月调,12,2
荆州三月调考物理,11,2
荆州中学高一下 3月,8,2
荆州中学高一数学第一次月考卷,13,2
荆州中学高二上学期期末生物试题,3,2
荆州二检,13,2
荆州二检物理答案,3,2
荆州市2026届高三三月调研考试英语试卷,5,2
荆州市2026届高三三月调研考试语文试卷,3,2
荆楚初中联盟数学2025,5,2
荆楚联盟,7,2
荆门,3,2
荔湾,3,2
荔湾区,6,2
荣成,6,2
荷叶塘初中,6,2
莆田 1月份2026期末统考,6,2
莆田2026届高三二检地理,3,2
莆田2026届高中毕业班第二次质检,8,2
莆田2026高三二检,2,2
莆田25中,7,2
莆田一中,5,2
莆田一中数学必修二,2,2
莆田中山中学,3,2
莆田八中,3,2
莆田六中,2,2
莆田华侨中学,8,2
莆田市2024 2025学年下学期期末质量调研英语,2,2
莆田市2026届高中毕业班第二次质量调研测试试卷,8,2
莆田市擢英中学九下,3,2
