keywords,pv,uv
高考,329,120
物理,286,111
数学,314,102
英语,251,95
中考,229,80
期末,242,77
化学,152,74
语文,151,66
开学考,170,57
分班考,146,52
高 考 2025高考真题,109,51
高 考 2026高考真题,126,51
函数,137,49
听力,143,49
月考,99,46
三角函数,142,45
免费,108,41
圆锥曲线,149,40
生物,84,40
日语,129,39
成都七中,95,37
期中,124,36
集合,151,36
2026 0 01卷 高考数学,87,34
导数,99,33
立体几何,79,32
基本不等式,113,31
第一次月考,109,31
深圳中学,80,30
免费专区,68,29
数列,90,29
试卷,79,29
课本,51,29
二次函数,94,28
解三角形,98,28
高考真题,76,28
哈三中,93,27
竞赛,73,27
长郡中学,60,27
专题,98,26
深圳,58,26
重庆八中,89,26
雅礼中学,48,26
地理,65,25
开学,80,25
镇海中学,47,24
人大附中,48,23
上好课,90,22
中 考,43,22
小升初,87,22
语法填空,68,22
长郡,65,22
2026,41,21
2026 0 0 1卷 全国高考,44,21
2026 0 01卷 高考,40,21
一元二次方程,73,21
作文,58,21
辽宁省实验中学,110,21
高 考 2026高考真题全国一卷,47,21
1 一元二次方程,44,20
强基计划,58,20
河北期末,46,20
2026 0 0 1卷 全国英语高考,38,19
九师联盟,58,19
历史,49,19
巴蜀中学,44,19
政治,52,19
课件,56,19
T8联考,31,18
成都0诊,40,18
江南十校,39,18
雅礼,45,18
单词,45,17
天一大联考,50,17
文言文,64,17
月考卷,40,17
自主招生,48,17
衡水中学,33,17
辽宁省五校联考,63,17
2026 0 0 1卷 全国高考 语文,44,16
2026高考,47,16
一模,27,16
北京,51,16
大连,31,16
泉州五中,26,16
辽宁,47,16
重庆一中,35,16
高一,43,16
高考卷,46,16
一轮复习,32,15
函数 0 1 函数一轮复习专题,26,15
南开中学,36,15
合肥一中,45,15
定语从句,43,15
山东,45,15
空间向量,47,15
组卷网,37,15
阅读,31,15
一次函数,29,14
二中,18,14
南京,28,14
厦门一中,45,14
山东省实验中学,45,14
师大附中,21,14
英语作文,33,14
计算题,33,14
辽南协作体,61,14
重庆,19,14
阅读理解,44,14
高 考 2026高考真题全国二卷,29,14
高一数学,29,14
高二期末,32,14
1.1 集合,40,13
东北师大附中,31,13
凉山州2025 2026年下学期未试卷,34,13
历城二中,27,13
厦门,29,13
天一中学,24,13
广东,19,13
成绩 查询,24,13
海南中学,31,13
辽南协作校2026高一期末测试卷,49,13
26年 1卷 高考,27,12
二次根式,28,12
全等三角形,36,12
厦门双十中学,31,12
大庆实验中学,22,12
大连24中,29,12
好题汇编,32,12
学易金卷,26,12
学考,33,12
宾语从句,34,12
第一单元,27,12
答题卡,21,12
苏州中学,33,12
英语 听力2025 含听力材料及录音,25,12
计算,19,12
辽宁中考,25,12
高一物理,19,12
高三开学考,26,12
2 空间向量及其运算,17,11
2022 0 1全国1 数学高考,17,11
七年级上册,25,11
七选五,50,11
上海中学,26,11
不等式,28,11
东北育才,46,11
中考真题,16,11
八中 重庆,24,11
分班考 高一,41,11
力学,32,11
北京中考,25,11
华师一附中,19,11
名校联盟,16,11
圆,34,11
圆周运动,31,11
完形填空,40,11
巴蜀,27,11
开学测,23,11
开学考 分班考 高一,19,11
开学考试,20,11
必刷题,30,11
数学竞赛,69,11
有机化学,35,11
有理数,33,11
武汉 3月 调研 2026,21,11
河北高三下学期期末,29,11
物理力学专题复习,16,11
物理期末,31,11
省实验,19,11
知识点,21,11
石家庄二中,30,11
聊城 高二 2026期末考试,32,11
苏州,33,11
解析几何,47,11
读后续写,32,11
高 考,21,11
高一分班考,29,11
高三,27,11
高二下学期期末,16,11
高考英语,26,11
龙东十校联盟,23,11
2.1.2 基本不等式,27,10
9月月考,33,10
BEST合作体,26,10
上海,31,10
中考英语,31,10
五校联考,36,10
人教版,21,10
匀变速直线运动,38,10
单元测试,17,10
反比例函数,32,10
受力分析,34,10
因式分解,50,10
圆锥曲线大题,36,10
大连二十四中,19,10
天一,26,10
天津一中,20,10
学军中学,29,10
广州中考,30,10
开学考 分班考,19,10
成都,13,10
数学期末,24,10
概率,13,10
武汉,26,10
沈阳,17,10
济南,21,10
浙江,17,10
深圳一模,20,10
湖南师范大学附属中学,17,10
物质的量,27,10
相似三角形,24,10
简爱,32,10
英语1600词背诵版,26,10
英语听力,37,10
贵州期末,25,10
辽南协作体高一下期末,29,10
辽宁五校联考,26,10
重庆 0224八中,20,10
高 二 0 2024 2025 026 高二下学期期末 数学,29,10
高一下学期期末,17,10
高一英语,29,10
高三下学期期末,17,10
高考数学,47,10
10月月考,37,9
2.2（1）化学平衡有关计算,21,9
www zxxk com,30,9
一元一次方程,22,9
东北师范大学附属中学,23,9
俄语,29,9
免费试卷,19,9
全国 1 高考卷,14,9
八中,11,9
八年级上册,22,9
内蒙古期末,21,9
函数 0 1 函数一轮复习,11,9
勾股定理,25,9
北师大版,26,9
南通,25,9
小 升初2025数学试卷,25,9
广东中考2026,20,9
广西期末,19,9
德州,46,9
成都 七中,19,9
排列组合,30,9
新高考1卷,14,9
暑假作业,27,9
查分数入口,15,9
河北,39,9
河南,15,9
清华附中,17,9
物理 2025高考真题,15,9
直线与圆,25,9
空间向量与立体几何,16,9
组卷,22,9
英语阅读 100篇专项训练,25,9
英语阅读理解,15,9
西南大学附属中学,22,9
语文阅读理解,28,9
选择性必修1,18,9
重庆巴蜀中学,30,9
银川一中,17,9
高 考 2025高考真题全国一卷,23,9
高一上学期阶段检测,10,9
高一第一次月考,19,9
高考物理,14,9
1 二次函数,16,8
2 二次函数,17,8
2026 0 0 1卷 高考 化学,17,8
3. 动量守恒定律,15,8
3500词,14,8
一 元二次方程 100道初中数学专项练,23,8
七中,11,8
七年级上册数学,15,8
万有引力,19,8
专项,12,8
中考卷,22,8
元素周期表,25,8
入学考,17,8
八上,15,8
八上数学单元测试卷,13,8
凉山州2025 2026年下学期未考试试卷,17,8
分班考试卷,12,8
华中师范大学第一附属中学,15,8
华南师范大学附属中学,16,8
单词默写,19,8
合肥168中学,10,8
名词性从句,24,8
向量,20,8
广东期末,9,8
有机,20,8
期末考试,33,8
期末试卷,27,8
沈阳二中,18,8
浮力,13,8
深圳 02 6 高三 二模,19,8
湖南期末,10,8
电学,9,8
知识清单,19,8
石家庄,30,8
福州一中,19,8
联考,16,8
自主招生数学,21,8
莆田一中,14,8
衡水二中,17,8
语言文字运用,17,8
辽宁名校联盟,15,8
辽宁期末,15,8
金陵中学,13,8
高 一 0 上学期,29,8
高一期末,23,8
高三数学,21,8
高二英语,24,8
高考历史,12,8
高考试卷,18,8
2025 0 1全国1数学真题,16,7
2026 0 01卷 高考 数学全国真题,25,7
2026 高考数学1卷,17,7
2026广西北部湾中考英语真题听力,16,7
2026高考英语,18,7
PPT,18,7
一中,12,7
一元二次方程 单元测试卷,20,7
三角恒等变换,17,7
不等式 025 一轮 专题 复习,13,7
东北师大附中高一下期末,14,7
东北育才学校,17,7
中考数学,13,7
临沂 2026 高二期末,22,7
二模,11,7
云南期末,21,7
入学考试,11,7
八上物理,14,7
八年級 2025 2026年下册期末考试,19,7
八年级上学期阶段检测,11,7
八省联考,15,7
内能,18,7
分班考试卷初升高,14,7
动态平衡,28,7
动量,31,7
化学020化学专题工艺流程大题,17,7
北京四中,11,7
华东师范大学第二附属中学,29,7
压轴题,12,7
合格考,16,7
哈师大附中,10,7
因式分解 100道,18,7
圆锥曲线 大题,19,7
大连八中,13,7
大连市第二十四中学,18,7
天利38套,13,7
天津,22,7
天津市第一中学,19,7
威海,16,7
完型填空,17,7
完型填空 100篇 专项训练英语,12,7
完形填空/选词填空,28,7
小升初分班考,31,7
山 东 2 0 2 6高考真题,14,7
平面向量及其应用,11,7
广东专用,11,7
广西高三下学期期末,15,7
延边二中,18,7
开学测试,11,7
抛体运动,20,7
教材,33,7
期末卷,13,7
杭州二中,15,7
江苏,9,7
江西师大附中,11,7
泉州七中,21,7
泰州,17,7
深圳中考,20,7
湖北,12,7
湖北期末,17,7
物理光学现象与应用,22,7
物理力学,17,7
物理必修一,20,7
物理竞赛,27,7
物理竞赛 2024年第41届初赛真题,11,7
琢名小渔,14,7
聊城,11,7
英語,12,7
英语单词,17,7
英语语法填空,22,7
菏泽,16,7
解方程,12,7
语法,18,7
贵州高三下学期期末,15,7
辽南协作校,10,7
辽宁2025 2026协作校高一下学期期末卷,13,7
郑州外国语学校,18,7
郸城一高,13,7
重庆南开中学,21,7
重庆市第一中学,42,7
金考卷,15,7
镇江,11,7
雅礼 中学,14,7
青桐鸣大联考,16,7
音标,35,7
顺德华侨中学,15,7
高一下数学,17,7
高一化学期末,10,7
高一期末数学,18,7
高一物理必修一,23,7
高三9月开学考,22,7
高三开学考9月,21,7
高二开学考,12,7
高考 语文 1 卷,12,7
高考试卷2026,13,7
高考语文,12,7
1.1 勾股定理,14,6
1.2 三角函数计算,12,6
126中学 沈阳,9,6
2026 0 0 1卷 全国高考 数学,15,6
2026 0 0 1卷 全国高考 英,11,6
2026 高考,13,6
2026中考,10,6
2026高考物理,9,6
3500 词汇背诵word版,14,6
Z20,18,6
《乡土中国》,24,6
七年级英语,22,6
三角 函数025一轮专题测,14,6
中国人民大学附属中学,22,6
中考 真题 2026,15,6
中考试卷,13,6
中考语文,11,6
临沂,9,6
九上英语2026学年秋,16,6
九中,6,6
九省联考,11,6
佛山,11,6
入学,20,6
全囯1卷,9,6
全国一轮复习,31,6
全国高中数学联赛,11,6
六校联考,8,6
关联速度,14,6
减数分裂,13,6
函数 0 1 函数一轮复习专题高三,18,6
分式,17,6
分班,16,6
分班考试,6,6
初三上册数学,11,6
力,23,6
劝学,9,6
包头,12,6
化学平衡,8,6
北京中考2026,13,6
北京人大附中,7,6
北京高考,10,6
单元卷,14,6
南京师范大学附属中学,17,6
厦门 一中,14,6
双十,9,6
古诗,10,6
合肥 1中,6,6
吉林,14,6
名校课堂,11,6
哈尔滨师范大学附属中学,11,6
地理高考真题,8,6
外接球，内切球问题,15,6
大学4级英语,9,6
天 一大联考,9,6
奥林匹克数学竞赛,26,6
安徽 A 10联盟,10,6
实验,9,6
小 升初,16,6
小升初分班考试,20,6
山东期末,12,6
山西省怀仁市峪宏,12,6
希望杯,10,6
平面直角坐标系,30,6
广东中考数学,17,6
广东阶段检测,9,6
广州,8,6
广西,24,6
张家口,11,6
强基计划数学,16,6
德州2025 2026高二期末下学期,18,6
必刷题 2026电子版,29,6
惠州,28,6
成都 1 诊,11,6
成都零诊,11,6
抽象函数,16,6
摩擦力,8,6
数 学,21,6
数学试卷,14,6
文言 文120个实词 整理和文言虚词,16,6
新高一分班考试卷,11,6
日语2025高考考日语卷,12,6
机械波,25,6
枣庄,10,6
模拟,21,6
步步高,14,6
武汉九调数学,7,6
氧化还原,18,6
汕头金山中学,14,6
江西,13,6
沈阳126中学,15,6
沈阳七中,14,6
河北衡水中学,11,6
河南省实验中学,16,6
泉州,15,6
泰安,16,6
浙江高考,15,6
湖南,20,6
潍坊,14,6
炎德英才大联考,11,6
物理试卷,11,6
生物知识点,13,6
电路图,14,6
福建,8,6
福建中考,12,6
离子共存、离子的检验与推断,11,6
红楼梦,19,6
绝对值,15,6
统考,11,6
绵阳,12,6
英语作文模板,16,6
英语试卷,16,6
茂名市高一下期末试卷,26,6
葫芦岛市第一高级中学,15,6
衡水,12,6
视频,6,6
解三角形大题,12,6
语法填空 100篇专项训练,14,6
辽南,30,6
辽南协作体高一下学期期末,29,6
辽宁省实验,25,6
辽宁高一下学期期末,7,6
重庆中考,9,6
重庆中考数学,7,6
重庆南开,10,6
金太阳,15,6
金山中学,9,6
长春八下期末数学,18,6
长春十一高,11,6
阅读 100篇专项训练,13,6
静电场,17,6
非谓语动词,14,6
高 一 0 上学期 化学,12,6
高 一 上学期10月第一次月考,12,6
高一 分班考试卷,14,6
高一上学期,10,6
高一上学期期中,11,6
高一下,9,6
高一下期末,17,6
高一分班考试,13,6
高一语文,15,6
高中 英语 3500词背记版,24,6
高二上10月月考,18,6
高考 3500背诵单词2026,11,6
高考 英语3500背诵单词表,20,6
龙东,11,6
1.1 空间向量及其运算,15,5
1.1空间向量及其线性运算,7,5
2.2 三角函数的计算,17,5
2.3 因式分解法,10,5
2020 0 1 0卷 数学高考 真题 全国 1 卷,8,5
2023 2024,11,5
2024,9,5
2024 0 0 1 1卷 全国数学高考,7,5
2024 0 0 1卷 全国高考 语文,7,5
2025,6,5
2025 0 0 1卷 全国高考,6,5
2025 0 1全国1一卷英语卷高考,11,5
2025全国1卷,5,5
2026 0 0 1卷 全国高考 英语,12,5
2026 0 0 1卷 高考 数学,12,5
2026 0 0 1卷 高考 物理,8,5
2026 0 0 2卷 全国高考,9,5
2026 0 0 2卷 全国高考 语文,6,5
2026 中考,12,5
2026 全国 1卷,9,5
2026 高考 01 卷数学,6,5
2026 高考2卷 数学,13,5
2026中考数学,5,5
2026北京中考,13,5
2026北京中考数学,9,5
2026山东中考,9,5
2026山东政治高考真题,6,5
2026山东高考化学,12,5
2026广东中考,10,5
2026高考政治,8,5
26 年 0 1卷 全国 1 卷 数学高考真题,10,5
3500词 2026 40篇搞定3500词,11,5
BEST,6,5
MST2026版二轮复习数学,8,5
PPT1 免费,13,5
mst,17,5
ppt,14,5
一 轮 复习 2026,20,5
一 轮 复习 2027,11,5
一元二次函数 方程和不等式,9,5
万唯,10,5
三中,7,5
中考物理,11,5
临川一中,7,5
九年级上册,5,5
九年级下学期期末,6,5
二十九中,10,5
二次 函数,17,5
云师大附中,11,5
五年级上学期阶段检测,6,5
人民日报,18,5
从句,15,5
任务型阅读,8,5
会考,9,5
会考 20 25年普通高中学业水平考试,8,5
作文素材,14,5
免费下载,9,5
入学分班考,9,5
八上数学,11,5
八年级下学期阶段检测,9,5
八省联考数学,10,5
几何,13,5
分班考 初一,20,5
分班考高一,12,5
分班考高一新生入学,7,5
初升 高数学 衔接2026,7,5
初高衔接,13,5
力的合成与分解,11,5
勾股定理单元测试,14,5
化学 1轮复习,11,5
化学一轮复习,9,5
化学反应速率,14,5
化学实验,13,5
化学有机大题,9,5
北京二中,6,5
北京阶段检测,7,5
单词表,12,5
南京一中,6,5
南京二十九中,11,5
南京外国语学校,13,5
南宁二中,10,5
南师附中,8,5
南平,8,5
南方凤凰台 2027江苏 5A新考案 化学一轮,31,5
南通中学,11,5
历史01一轮复习知识点归纳,12,5
厦门双十,12,5
双十中学,7,5
合肥 一中,13,5
合肥45中,8,5
合肥六中,15,5
吉林一中,9,5
听力 100篇专项训练,6,5
听力/词汇,8,5
听力检测,19,5
周浦中学,24,5
哈九中,6,5
唐诗三百首 2025名著导读,7,5
四校联考,6,5
基因工程,10,5
塘沽一中,12,5
增城区,12,5
复数,13,5
大气的受热过程,9,5
奥林匹克,9,5
学科网,7,5
宁波,6,5
安徽,14,5
实验中学,5,5
山 东 2 0 2 6中考真题,8,5
山东省聊城市2025 2026学年高二下学期期末教学质量抽测试题,19,5
山东高考,6,5
山大附中,7,5
巴中,7,5
平面向量,15,5
广 州 2 0 2 6 一模,7,5
广东中考,7,5
广东八年级下学期期末,6,5
广东实验中学,10,5
广元,7,5
广州中学,11,5
开学分班考,10,5
强基,9,5
徐州,9,5
德强,11,5
必修一 第一章 描述运动的基本概念,7,5
怀化,7,5
扬州中学,24,5
指数函数,11,5
摸底,10,5
数列 0 一轮复习 专题,7,5
数学一轮复习,12,5
数学导数 大题专题,9,5
数学期末试卷,7,5
数学高一,9,5
数学高考真题,12,5
新华中学,8,5
新海高级中学,11,5
新高一入学分班考试卷,10,5
新高考一卷,7,5
昌图一高,8,5
春季高考,13,5
春考,9,5
暑期免费,7,5
月 考,12,5
有理数 1000道混合运算计算题,10,5
朝花夕拾,20,5
机车启动问题,18,5
杨村一中,7,5
杭州,9,5
板块模型,13,5
极值点偏移,16,5
查成绩,11,5
椭圆,11,5
武汉 0 9月调,6,5
武汉中考,17,5
武汉九调,9,5
武汉二调,5,5
武汉市部分学校高三年级调研考试,13,5
氧化还原反应,16,5
江西师范大学附属中学,9,5
江门,7,5
沈阳120中学,9,5
泉州实验中学,12,5
浙南名校,9,5
浙江 1 2026高考,9,5
浙江学考,8,5
海安中学,12,5
淮阴中学,17,5
温州,8,5
物理一轮复习,17,5
物理必修三,12,5
物理高一上学期,13,5
珠海,5,5
生地 会考,6,5
生物 遗传大题专练,8,5
生物竞赛,9,5
电子教材,8,5
电路,15,5
电路图 串并画图练习 专题,15,5
电路图和实物图互画,13,5
病句辨析与修改,18,5
直线方程,18,5
相似,13,5
石门中学,11,5
福九联盟,13,5
福州,6,5
福州三中,10,5
立体 几何2026年大题汇编,18,5
竞赛 2023 2024学年初中数学竞赛,10,5
第一单元测试卷,7,5
第一次 月考,9,5
第一章,8,5
等差数列,9,5
简爱 名著导读,8,5
绵阳中学,24,5
聊城2026高一下学期期末,22,5
育明,11,5
英语 0 2 6 学 年 度 三模,16,5
英语 2025 高考真题,10,5
英语 高考1卷全国一卷试卷,7,5
英语3500 词汇背诵word版,15,5
英语阅读,9,5
英语阅读理解 100篇专项训练,7,5
英语高考,8,5
菏泽市 2025 2026 学 年 高二下学期 期末,17,5
虚拟语气,16,5
襄阳四中,8,5
视频课,8,5
解题觉醒,12,5
语文作文,8,5
语法填空专项词汇,7,5
贵州2026 中考,10,5
贵阳,8,5
赤峰,13,5
辽宁10名校联盟,9,5
辽宁阶段检测,8,5
进才中学,14,5
连云港,13,5
遗传,13,5
遗传大题生物,14,5
配速法,12,5
重庆 0224巴蜀,7,5
重庆市第八中学校,13,5
金华十校,11,5
镇海,7,5
长沙,23,5
长沙 10月 长郡 2025 2026月考卷,10,5
长郡 20校,7,5
长郡中学 026高三,8,5
阅渎理解20篇,21,5
雅思2025真题,7,5
集合与常用逻辑用语,15,5
集合专题,21,5
青海高一下学期期末,10,5
音标 0基础 48 个音标 PPT,21,5
高 考 2025高考真题全国二卷,10,5
高一上第一次月考数学,7,5
高一数学期末,8,5
高一期末卷,11,5
高一物理期末,15,5
高一物理期末考试,8,5
高一生物,14,5
高三第一次月考,11,5
高三统练,13,5
高三语文,13,5
高中120实词 小纸条滚动训练,23,5
高中学业水平合格性考试,35,5
高中必刷题,7,5
高中数学联赛一试,13,5
高二上开学考,16,5
高考1卷,7,5
高考模拟卷,9,5
龙东10校,6,5
龙东十校,9,5
龙东十校联盟高二下学期期末,6,5
龙岩一中,6,5
1 一元二次方程培优,8,4
1 复数的概念,10,4
1 空间向量及其运算,8,4
1. 曲线运动,15,4
1.1 直线的斜率与倾斜角,14,4
1.1.1 集合的概念,11,4
1.1.3 集合的交与并,10,4
1.2数列求通项的方法,11,4
10月,5,4
12 《论语》十二章,7,4
120,6,4
2.1 二次函数的图形与性质,9,4
2.1 全等三角形的判定,6,4
2.1 相似三角形判定,10,4
2.1.3 基本不等式的应用,9,4
2016 1 卷全国卷真题,5,4
2022 年 0 1卷 全国 1 高考数学,10,4
2022高考数学一卷,5,4
2023,4,4
2024 2025,4,4
2024 年语文1卷 全国新课标1卷真题及答案,8,4
2025 0 1 1卷 数学 真题高考,10,4
2025 2026 01 七年级下册期末试卷,7,4
2025 年 0 1卷 全国 1 卷 数学 高考 真题,13,4
2025中考,6,4
2025英语全国一卷,8,4
2025高考,9,4
2026 0 02卷 高考数学,10,4
2026 T8联考,10,4
2026 年 高考0 1卷 英语试卷,7,4
2026 英语 1卷 高考全国卷真题,9,4
2026全国一卷英语,6,4
2026全国二卷英语,5,4
2026北京高考数学,8,4
2026年01卷全国高考英语英语,4,4
2026年全国一卷英语,6,4
2026年普通高等学校招生全国统一考试,4,4
2026年辽宁省初中学业水平考试,9,4
2026年高考,11,4
2026年高考卷,9,4
2026广东中考语文,8,4
2026高一期末,7,4
2026高考数学,6,4
2026高考试卷江苏,14,4
2027成都零诊,10,4
3. 电场 电场强度,6,4
3500词汇,20,4
688词汇,11,4
AMC8,10,4
IMO,14,4
MST,12,4
NT20,10,4
WMO奥林匹克数学竞赛真题,18,4
www zxxk com参考答案,20,4
www.zxxk.com,13,4
z20,5,4
《红星照耀中国》怎样读红色经典作品,10,4
《红楼梦》,13,4
一 元二次方程 100道,5,4
一 次函数八年级专项复习,12,4
一元二次函数 不等式 方程 一轮复习,19,4
一模2026,8,4
一遍过,10,4
七年级,6,4
七年级上学期期中,4,4
七年级下册,12,4
七年级下册数学,19,4
七年级下学期期末,10,4
七选五 100篇,7,4
三明,7,4
三角函数专题,7,4
三角形,19,4
上海交通大学附属中学,10,4
上饶中学,8,4
不等式恒成立问题,18,4
专题01,9,4
中山市,5,4
中考 数学,7,4
中考2026,7,4
中考满分作文,5,4
中职,10,4
丰台,8,4
九 师 202 6 九师联盟,23,4
九年级,7,4
九年级英语 2026 人教版,5,4
九月调考,7,4
九江一中,7,4
乡土中国 02026 复习重要概念,6,4
二次函数压轴题,7,4
二级结论,20,4
云南省2026 2026学年普通高中学业水平考试,7,4
五年中考三年模拟2026,20,4
五年级下学期期末,6,4
五校联考期末高一下,4,4
五校联考高二下期末,4,4
交大附中,7,4
交通大学附属中学,9,4
人大附中2026,6,4
传送带模型,17,4
体育单招,8,4
佛山 022026一模,5,4
信阳高中,12,4
光合作用,10,4
光山二高,8,4
免费下载试卷,8,4
免费专区数学,6,4
免费专区试卷,4,4
免费的试卷,8,4
全囯01卷 2026 高考数学真题,5,4
全囯01卷 2026 高考语文真题,4,4
全囯1卷2026高考,9,4
全国一卷,12,4
全国二卷,14,4
全国高考1卷,11,4
全等三角形模型 八大题型,15,4
八上数学全等三角形,14,4
八上物理期中,11,4
八下 期末测试卷,6,4
八下 物理 2025 26期末测试 卷,4,4
八下期末,10,4
八下物理期末,11,4
八升九,7,4
八年級 数学2025 2026年下册期末考试,8,4
八年级上册物理,9,4
八年级上学期期中,4,4
八年级下册,7,4
八年级下册2026年期末试卷,12,4
八年级下学期期末,8,4
六中试卷,14,4
六年级,12,4
六年级上学期阶段检测,5,4
六校联考2026,5,4
内蒙古阶段检测,4,4
内蒙古高三下学期期末,6,4
凉山州,18,4
几何初步应用证明,12,4
函数 单调性9种常见题型,15,4
函数一轮复习,8,4
分层作业,14,4
分段计费,8,4
分班考试卷小升初,6,4
创新教程,12,4
初一,15,4
初升高 202 6初升高衔接班数学,11,4
动量定理,16,4
化学一轮,8,4
化学元素周期表,11,4
化学反应的热效应,14,4
化学有机,16,4
化学有机2026高三专题,7,4
化学期末,9,4
化学期末考试,7,4
化学物质及其变化,9,4
化学竞赛,8,4
化学试卷2026,4,4
化学高一下期末,5,4
化学高考真题,8,4
北京中学,7,4
北京市第四中学,8,4
北京期末,9,4
十字相乘法-分解因式,10,4
华侨中学,6,4
协作校高一下期末,8,4
单元检测卷高一,6,4
单元测试卷,13,4
单招数学,8,4
南京大学强基计划,9,4
南宁三中,7,4
南开中学重庆,7,4
南方凤凰台,6,4
南阳,10,4
历史 0 一轮复习,9,4
历史地图题专项,11,4
压强、浮力相关计算,5,4
压轴题专项训练,8,4
厦门六中,5,4
反应热 焓变,13,4
受力 分析 100图 高一物理,6,4
句子成分,9,4
合格性考试,19,4
合肥168,6,4
合肥八中,12,4
吉安,10,4
吉林省best合作体,6,4
同分异构体,10,4
同构,8,4
听力 100篇,6,4
周测,13,4
和平区期末,6,4
哈 三 中,6,4
哈九中高二下期末,5,4
哈六中,5,4
哈尔滨三中,10,4
哈尔滨中考,9,4
哈尔滨师大附中,5,4
哈师大附 中2024 2025下学期高一期末考试题,6,4
四十五中,7,4
四川,5,4
四川 0 2026 高考真题,7,4
四川期末,4,4
四川省凉山州2025至2026学年度下期期末高二英语,16,4
四边形,6,4
回民中学,5,4
圆锥曲线中常用的二级结论,7,4
地生会考,7,4
培优,41,4
基本 不等式12种题型,8,4
复旦附中,10,4
外国语,5,4
外研版,7,4
多边形的面积,6,4
大学四级英语真题,11,4
大庆,14,4
大庆实验,11,4
大庆铁人中学,6,4
大连育明,5,4
天 一 大联考 1 2026安徽,6,4
天体运动,8,4
天星教育 2026 版 45 套卷,11,4
天津中考,5,4
天津第一中学,10,4
天津阶段检测,5,4
天津高考数学,6,4
奥林匹克竞赛,10,4
学 易 金卷2025 2026,4,4
学 易金卷,5,4
学业水平测试,9,4
宁夏2 025中考真题试卷,9,4
宁波2025期末九校联考,5,4
安徽 高考2026年真题,6,4
安徽六校教育研究会2026届高三年级入学素质测试,7,4
完型 填空,9,4
定 语 从句 100 题 和 答案,5,4
宜宾,7,4
导学案,9,4
导数 023专题一轮复习,11,4
导数专题,13,4
小 升初2025数学真题卷,9,4
小升初分班考试卷,11,4
山 东 2 0 2 6中考,6,4
山东中考,14,4
山东省菏泽市2025 2026学年高二下学期期末考试,5,4
师说,9,4
常州,15,4
常德市芷兰实验学校,5,4
平方根,8,4
广东2026中考,4,4
广东一模,8,4
广东省实验中学,13,4
广东高考物理,7,4
广元2026中考,7,4
广州2026中考,7,4
广州零模,8,4
广雅,4,4
开学考初三,8,4
德阳五中,9,4
恩施,10,4
成绩,4,4
成绩 查询入口,5,4
成都一诊,7,4
成都七中2025 2026学年高一下学期半期考试,7,4
成都市,7,4
成都市第七中学,7,4
成都第七中学,4,4
执信,19,4
执信中学,14,4
扬州,22,4
排列 组合常见题型18,6,4
揭阳2024 2025期末考试,5,4
揭阳高二下期末,16,4
摩尔,15,4
政治 01 主观题答题模板,7,4
政治必修4,8,4
教案,7,4
数列 0 一轮复习,5,4
数学专题,8,4
数学书电子教材,8,4
数学必修一,26,4
数学必修二平面向量,9,4
数学思维训练,14,4
数学期中卷,9,4
数学立体几何大题专题训练,11,4
数学选择性必修一,6,4
数学高三一轮复习,10,4
数学高考,10,4
新疆八年级下学期期末,5,4
新高考 2卷,8,4
新高考一卷数学,4,4
无锡,5,4
昌图县第一高级中学,14,4
明德中学,8,4
春季高考数学,8,4
昭通一中教研联盟,5,4
昭通一中教研联盟2026学年下学期高二年级期末质量,7,4
晋江一中,6,4
曲线运动,9,4
月考试卷,8,4
有理数混合运算,10,4
期 中,8,4
期 末,37,4
期中复习,6,4
期中考试,9,4
期初考试,5,4
期末考试卷,7,4
杭州学军中学,18,4
板 块模型,8,4
枣庄三中,10,4
查分,4,4
树德,9,4
树德中学,4,4
株洲市二中,13,4
模拟卷,11,4
正余弦定理,11,4
正定中学,14,4
步步高 2027大一轮复习讲义,55,4
武汉 0 1月 调研,11,4
武汉9月调研,4,4
每日一练,13,4
比热容,10,4
毕节市高二下学期期末质量监测,11,4
氧化还原 反应10配平专练,7,4
汕尾2025 2026期末试卷,12,4
江津中学,6,4
江苏阶段检测,5,4
沂南县第二中学,9,4
沪科版,5,4
河北2026中考,6,4
河北中考,10,4
河南 2026高考真题,5,4
河南中考数学,10,4
河南期末,7,4
河南高三下学期期末,6,4
泰安2026年中考,7,4
济南中考数学,8,4
济宁2026高一期末,7,4
济宁一中,8,4
浙江 1月 2026高考,8,4
浙江中考,8,4
海南华侨中学,6,4
海南期末,6,4
海拉尔第二中学,13,4
海门中学,13,4
深 圳 0 2026 一模,7,4
深圳市,5,4
深圳高一上学期开学考,17,4
深圳高级中学,7,4
清华大学强基计划,10,4
湖南省2026初中学业水平考试数学试卷,10,4
湖南长沙长郡中学,10,4
湖南高一上学期阶段检测,4,4
湛江第一中学,5,4
滨州,7,4
潍坊2026高二下学期期末,8,4
烟台,5,4
烟台 0 2026高一期末,11,4
烟台英语,5,4
牛頓第二定律 10题型板块专题,8,4
物理 0 2026高三,7,4
物理人教版,5,4
物理八上,8,4
物理必修2综合测评,7,4
物理必修一测试卷,6,4
物理必修一第一章,9,4
物理期中,12,4
物理电学专题,13,4
物理第一章,7,4
王朝霞,17,4
珠海一中,14,4
理解性默写,7,4
生物 01 一轮复习,5,4
生物 01 一轮复习高中,9,4
生物必修二,10,4
生物期末,12,4
生物高一下期末,9,4
电场,9,4
电荷,7,4
电路图 串并画图练习,8,4
番禺,9,4
病句,18,4
病句的辨析与修改,10,4
盐城,4,4
相似三角形单元测试卷,7,4
真题,4,4
真题汇编,6,4
石家庄精英中学,13,4
社会,8,4
福九联盟25 26高一下学期期末,6,4
福建省福州市2026届高三第一次质量检测,7,4
离子共存,9,4
离子反应,8,4
科学,9,4
立体几何与空间向量,8,4
第04讲,5,4
第二中学,4,4
简爱 分章节阅读训练题及答案,5,4
细胞生活的环境,8,4
绵阳2026高二下期末,8,4
网课讲授,6,4
联 考 2 0 2 6 届,5,4
联考卷,8,4
肇庆,10,4
育才中学,5,4
自主招生数学试卷,6,4
自主招生物理,8,4
自招,7,4
花都,12,4
英 语,11,4
英语 听力,11,4
英语 听力10年真题全国卷及听力音频2020 2024音频,6,4
英语3500词汇一遍过英汉互译 词形转换 短语提炼 单句填空 语篇填空,10,4
英语七选五,15,4
英语中考,5,4
英语作文模板高中,5,4
英语完形填空,8,4
英语期末,16,4
英语期末试卷,8,4
英语语法,6,4
英语阅读专项训练,4,4
茂名,16,4
茂名高二期末,9,4
莆田,10,4
莆田市,9,4
莆田市2025 2026学年下学期期末质量调研试卷,6,4
菏泽市 2025 2026 学 年 高一下学期 期末,10,4
菏泽高二期末考试,15,4
葫芦岛期末考试,10,4
蛟川书院,5,4
衡水金卷,8,4
被动语态,19,4
襄阳,5,4
西北师大附中,5,4
西安,5,4
西安交大少年班,8,4
西安交通大学附属中学,12,4
计算 100专项训练计算专项,9,4
议论文,8,4
议论文写作,4,4
议论文阅读,6,4
讲义,48,4
译林版,7,4
试题调研,5,4
语 文,14,4
语文作文素材,11,4
语文文言文 100篇专项训练,9,4
语文期末,17,4
语文病句,11,4
语文素材 2026 高中素材积累,6,4
语文课本电子版,6,4
语文阅读 100篇专项训练,7,4
语文阅读理解 100篇专项训练,7,4
语文高考卷,5,4
语文高考真题,4,4
诱导公式,7,4
课时作业本,6,4
课本 20024电子,6,4
贯通班 八年级 数学,5,4
贯通班 八年级 语文,8,4
贵州 2025 2026 物理,6,4
资料,12,4
赤峰二中,10,4
辽南协作体2026年高二下学期期末,7,4
辽南协作体高一下,11,4
辽南协作校高一下学期期末,32,4
辽南协作校高一下期末,9,4
辽宁七校协作体,10,4
辽宁中考数学,5,4
辽宁营口,7,4
辽宁高二下学期期末,4,4
追及相遇问题,12,4
道德与法治,8,4
遗传大题,5,4
郊联体,6,4
重庆八中2026高二下期末,8,4
重庆八中高二下期末,12,4
重庆巴蜀,7,4
重庆市,9,4
重庆市巴蜀中学校,18,4
重庆市第一中学校,17,4
重庆市第八中学,32,4
重庆育才中学,7,4
金 考卷 2026 版,7,4
钠,13,4
钦州市第二中学,7,4
锦州市,8,4
长沙2026中考真题语文,5,4
陕西,7,4
陕西中考,10,4
零模,10,4
青岛,11,4
青岛二中,6,4
青桐鸣,10,4
鞍山一中,12,4
韦达定理,8,4
音标 0基础,5,4
驻马店20252026年高二下学期期末试卷,9,4
高 一 0 下学期 化学,4,4
高 一 数学 1 0 上学期 期末,7,4
高 一 语 文 1 2月 2025 2026 语文试卷下学期,5,4
高 一物理期末测试卷 下学期,7,4
高 考 1 202 年 2026全国 高考,8,4
高 考 2022高考真题全国甲卷,10,4
高 考卷 2026年真题,9,4
高一上,6,4
高一上入学考试,11,4
高一下化学期末,5,4
高一下期末数学,7,4
高一下物理期末,8,4
高一开学考,9,4
高一数学期末考试,16,4
高一数学集合单元测试卷,6,4
高一期中数学,8,4
高一物理必修一第一章,7,4
高一物理试卷,6,4
高一第一次月考上学期,16,4
高一集合单元测试卷,11,4
高三上学期开学考,10,4
高三开学考数学,5,4
高三政治,8,4
高中 英语 3500词,9,4
高中3500 词汇背诵word版,13,4
高中三角函数,6,4
高中必背古诗文,7,4
高中数学集合专项练习,6,4
高中物理竞赛,8,4
高中物理运动学专题,11,4
高二上学期期中,5,4
高二上期末数学,10,4
高二下期末数学,8,4
高二开学考试,5,4
高二数学,11,4
高二语文,7,4
高二语文试卷,8,4
高考 语文 1 卷2025全国一卷,6,4
高考一轮复习,9,4
高考作文,11,4
高考化学,7,4
高考地理2026,8,4
黄冈,9,4
黑龙江,7,4
默写,8,4
1 一元二次方程和它的解,4,3
1 二元一次方程,3,3
1 因式分解的意义,5,3
1 因式分解的概念,7,3
1 集合,7,3
1. 匀变速直线运动的研究,4,3
1. 天体运动,11,3
1. 电荷 电荷守恒定律,3,3
1. 磁场 磁感线,6,3
1. 质点　参考系,6,3
1.1 一次函数的图象与直线的方程,4,3
1.1 分数的乘法,5,3
1.1 化学反应与能量变化,5,3
1.1.2集合的分类与表示,7,3
1.2 函数及其表示方法,7,3
1.2 反应热的测量和计算,5,3
1.2 等差数列,8,3
10,3,3
101中学,3,3
11 岳阳楼记/范仲淹,6,3
120个文言实词,22,3
2 小数乘小数,4,3
2 运动的描述,3,3
2003 高考数学试卷,4,3
2021全国高考新高考二卷英语,3,3
2024 0 0 1卷 全国英语高考,5,3
2024 2025 01 七年级下学期期末,3,3
2024全国高中数学联赛,7,3
2024新高考一卷数学,3,3
2024新高考二卷,9,3
2024湖北高考物理,3,3
2024级高二下学期定时练习,6,3
2025 2026北京市房山区学八下物理期中,3,3
2025 数学 1卷全国1卷 高考,8,3
2025 高考,3,3
2025 高考数学 1卷高考真题,4,3
2025-2026,4,3
2025一2026学年度第二学期期末考试,3,3
2025全国2卷,5,3
2025全国高考一卷,3,3
2025全国高考数学一卷,5,3
2025地理高考真题,5,3
2025学年第二学期杭州市高二年级教学质量检测,6,3
2025年化学高考卷,5,3
2025年数学新高考一卷,5,3
2025年青海省数学高考试卷,8,3
2026 0 01卷 高考数学真题,4,3
2026 全国 02高考语文解析,5,3
2026 全国高考语文1卷,4,3
2026 年英语八年级下册人教版名校课堂湖北,8,3
2026 数学 1卷高考卷真题,3,3
2026 高考 语文 1卷试卷,7,3
2026 高考数学,4,3
2026 高考真题,12,3
20262卷数学,3,3
2026东北三省一区高三第二次模拟考试,3,3
2026中考语文,6,3
2026云南省中考,5,3
2026云南高考,6,3
2026全国一卷语文,4,3
2026全国高考二卷,3,3
2026八下语文期末试卷,6,3
2026初一下期期末考试卷,7,3
2026化学高考,3,3
2026北京中考真题,4,3
2026北京高考语文,6,3
2026安徽中考数学,5,3
2026宿迁中考,12,3
2026届河北张家口,5,3
2026年七年级下册语文,4,3
2026年中考数学,5,3
2026年全国一卷语文,4,3
2026年全国高考二卷,4,3
2026年全国高考二卷语文,4,3
2026年山东地理高考真题,4,3
2026年广东省普通高中学业水平合格性考试,9,3
2026年普通高中学业水平选择性考试,6,3
2026年普通高中学业水平选择性考试河北卷,4,3
2026年普通高等学校招生全国统一考试语文,5,3
2026年河北中考,3,3
2026年河北高考历史,4,3
2026年河南中考数学真题,6,3
2026年赤峰市高二年级学年考试试题化学,4,3
2026年赤峰高二期末考试,19,3
2026年长春市中考语文试卷,6,3
2026年高考120个文言实词,9,3
2026年高考18个文言虚词,8,3
2026年高考数学试卷全国一卷,3,3
2026年高考英语 1卷全国1卷,3,3
2026年黑龙江省普通高等学校招生选择性考试,6,3
2026广东中考数学,6,3
2026广州中考,10,3
2026广州中考化学,5,3
2026广州中考数学,6,3
2026广西高考,3,3
2026广西高考化学真题,7,3
2026数学,4,3
2026数学高考,4,3
2026期末,4,3
2026江西高考,4,3
2026济宁市期末高二下学期,5,3
2026浙江中考数学,6,3
2026深圳市高三年级第一次调研考试,5,3
2026潍坊高一下期末物理,4,3
2026聊城市高二下学期期末考试,18,3
2026英语,3,3
2026茂名高二期末物理,3,3
2026菏泽高一下学期期末考试,6,3
2026贵州高考物理,3,3
2026赤峰市期末联考高二英语,5,3
2026辽宁中考,6,3
2026邯郸市统考高一期末,5,3
2026陕西中考,4,3
2026高考 1 卷,4,3
2026高考2卷语文,6,3
2026高考云南地方卷地理,3,3
2026高考政治真题,4,3
2026高考生物,3,3
2026高考生物真题,3,3
2027届成都零诊,6,3
22年1卷 高考卷数学,7,3
22年新高考1卷,4,3
25 年 0 1卷 全国 1 卷 数学 高考真题,6,3
26年 1卷 高考数学,4,3
26高考真题,4,3
3 静电场 电场强度和电场线,5,3
58309191,10,3
58794044,3,3
688高中高频词,8,3
7月高二期末巩固训练,6,3
9,17,3
9月,11,3
A10联盟,6,3
G12名校协作体高二开学考上学期,6,3
KET,3,3
KET 2025年剑桥真题卷,3,3
KET 2025年真题卷,3,3
Ket历年考试卷,5,3
MST2026版一轮复习数学,12,3
T8第一次联考,5,3
T8第一次联考 2026数学高三,4,3
T8联考 数学2026,7,3
T8联考数学,6,3
Z20 名校联盟,11,3
Z20名校联盟英语,9,3
best,6,3
e卷通,10,3
ph计算,7,3
wmo,5,3
x-t、v-t图像的理解和应用,5,3
zxxk.com,5,3
《红岩》,13,3
一 元一次方程 100道初中数学一元一次方程应用专项练,7,3
一元二次方程人教版,4,3
一元二次方程单元测试卷人教版,7,3
一年级上学期阶段检测,3,3
一本,6,3
一检,6,3
一模 2026,7,3
一般将来时,7,3
一般现在时,8,3
一飞冲天 2025 2026年 天津专版,6,3
七上,5,3
七上英语单词表,11,3
七下数学 2026人教版,12,3
七下期末,4,3
七年級英语2025年七年级下学期期末考试,4,3
七年级上册英语,4,3
七年级下册 数学,10,3
七年级下册英语,12,3
三峡,6,3
三年级,17,3
三年级上册英语,4,3
三年级上学期阶段检测,3,3
三年级下册,9,3
三年级数学,8,3
三年级英语阅读理解,14,3
三新联考,6,3
三明市期末,11,3
三次函数,7,3
三角 函数,7,3
三角函数一轮复习,3,3
三角函数专项,5,3
三角函数单元测试,7,3
三角函数复习,6,3
三角函数大题,4,3
上 好课,7,3
上海九年级上学期阶段检测,7,3
上海松江九上化学期末,5,3
上海高考数学,3,3
上进联考,4,3
专项复习,3,3
专项学习,7,3
专项练习,8,3
专题01遗传的基本规律,4,3
专题09水溶液,4,3
专题卷,8,3
东乡二中,3,3
东北三省精准教学联盟2025--2026学年高三上学期10月联考强化卷,3,3
东北师大附中期末,5,3
东华初级中学八下期末,3,3
东城区期末,3,3
东莞,11,3
东莞东华高级中学,6,3
中国特色社会主义,5,3
中山纪念中学,11,3
中考 1600词汇背诵,10,3
中考 2026中考真题,4,3
中考 卷2026,19,3
中考 名著阅读 2026复习专题知识点,7,3
中考123,4,3
中考数学压轴题,3,3
中考物理压轴题,3,3
中考英语听力,5,3
中考语文2026,10,3
临夏回族自治州,9,3
丹东二中,8,3
举一反三,11,3
乌鲁木齐,3,3
九上历史,5,3
九上开学考,3,3
九上月考卷辽宁沈阳,6,3
九上物理,4,3
九上物理第一次月考,4,3
九上英语单词,12,3
九师,7,3
九师联盟2025 2026学年高一下学期7月期末考试,5,3
九师联盟2026,10,3
九师联盟2026高二下七月,6,3
九年级上册化学,7,3
九年级上册化学第一单元,8,3
九年级上册数学人教版,3,3
九年级化学,3,3
九年级数学上册第一次月考卷,7,3
九年级英语,6,3
九江,7,3
乡土中国,11,3
二中教育集团,6,3
二元一次方程,18,3
二十四中,7,3
二年级下学期阶段检测,3,3
二年级奥数,5,3
二年级数学卷子,6,3
二次 函数 025 二轮 专题中考,14,3
二次 根式,18,3
二次 根式单元测试卷人教版,5,3
二次函数专题,8,3
二次函数综合,3,3
二次根式北师大版,7,3
二面角,17,3
二项式定理,7,3
云南20252026学年下学期,3,3
云南八年级下学期期末,4,3
云南师范大学附属镇雄中学,3,3
云浮市2026年高二下学期期末供题训练,5,3
五中,4,3
五年中考三年模拟,10,3
五年级上册,8,3
五年级数学,10,3
五校联考辽宁,7,3
人体的内环境与稳态,8,3
人大附,8,3
人教版九年级上册语文说明文阅读,8,3
人教版数学必修一课后习题,6,3
人称代词,7,3
作文 素材 026 年 高考,5,3
作文 范文,4,3
作文素材积累,5,3
佳木斯一中,6,3
俄语 2025高考试卷真题,7,3
信阳,8,3
值域习题,14,3
假期作业,3,3
元素周期律,5,3
先秦时期,8,3
光学,9,3
免费20245高考真题,5,3
入学分班考试,6,3
入学考 高一,5,3
入学考试 高中 高一分班考试,7,3
全囯二卷2026高考英语,7,3
全国 一卷,7,3
全国1卷,4,3
全国2卷,4,3
全国一卷 语文2026,4,3
全国一卷英语2 026,7,3
全国二卷 语文2026,5,3
全国二卷数学,4,3
全国二卷语文,3,3
全等三角形模型,4,3
八上 期末测试卷,7,3
八上数学1章练习,7,3
八上数学期中,4,3
八上物理单位换算练习,3,3
八上物理期末试卷,5,3
八上英语单词,5,3
八上英语单词表,3,3
八上英语期中考试,13,3
八下,5,3
八下语文,7,3
八年级,11,3
八年级上册数学13 1章三角形的概念,25,3
八年级上册英语,12,3
八年级下册数学期末,6,3
八年级下册物理期末,5,3
八年级英语,11,3
公务员考试真题,6,3
六安市第一中学,9,3
六年级下学期期末,4,3
六年级数学,4,3
共点力平衡,8,3
兴化中学2025年高一10月月考,3,3
兴宁,8,3
典中点 2026 电子版数学,5,3
冀教版2026版英语八年级上册,3,3
冀教版八年级上第一章分式章节练习,6,3
内能与热机单元测试卷,4,3
内蒙古2026中考,3,3
内蒙古中考,8,3
内蒙古八年级下学期期末,3,3
内蒙古鄂伦春旗七下期末卷,4,3
内蒙古高二下学期期末,4,3
凉山州2024 2025高二下期期末,6,3
凉山州2025 2026年下学期未试卷高二,4,3
凌源,7,3
凌源市2025 2026学年度第2期期末数学质量检测,4,3
几何 02 专题大题,5,3
凯里一中,5,3
出师表,7,3
函数专题,4,3
函数值域,8,3
函数周期性,4,3
函数图像,6,3
函数的值域,7,3
分式方程,5,3
分式方程应用,6,3
分班考 初一数学,7,3
分班考初升高,5,3
分班考试 高中,3,3
切线放缩 导数,7,3
创新设计2027版,5,3
初一下册数学,9,3
初一入学分班卷,8,3
初一分班考,9,3
初三,24,3
初中,6,3
初中3500词,9,3
初中力学,4,3
初中数学竞赛,10,3
初中物理竞赛题,3,3
初中电路串并联,4,3
初升高,8,3
初升高分班考,4,3
初升高分班考试卷真题,7,3
功和功率必修二,5,3
加速度,4,3
动态平衡问题,3,3
动点,6,3
动点问题,9,3
动能 定理7大题型归纳习题,5,3
动量大题,4,3
动量守恒 15个模型专题,7,3
匀变速直线运动 2026一轮复习专题,8,3
包头 期末教学质量检测,17,3
包头市,5,3
包头市高一下学期期末考试,8,3
化学 知识点 2026新高考知识点汇总,6,3
化学专题复习,6,3
化学九上,3,3
化学反应速率与化学平衡,7,3
化学必修一期末卷,13,3
化学必修一第一章 单元测试,7,3
化学方程式,10,3
化学有机合成大题,6,3
化学氧化还原,5,3
化学竞赛高中江苏省预赛试题,8,3
化学试卷,3,3
化学选修一,7,3
化学钠及其化合物,4,3
北京101中学,6,3
北京中考数学,5,3
北京大学强基计划,4,3
北京师范大学附属中学,6,3
北京高考10年真题,6,3
北城中学,6,3
北大附中,3,3
北师大,19,3
北辰区,6,3
十一学校,4,3
十九中,4,3
十字架模型,4,3
华中师大第一附中,7,3
华山中学,6,3
华师大,4,3
华师大 7年级 数学 下,4,3
单元,9,3
单元检测卷,10,3
单招,5,3
单招2026数学,4,3
单词默写表,12,3
南京外国语,5,3
南京大学,5,3
南京市2026届高三年级学情调研,6,3
南京师大附中,6,3
南京高三,3,3
南充,7,3
南充高级中学,8,3
南宁,6,3
南师大附中,4,3
南平一中,9,3
南开,5,3
南开中学高一入学,6,3
南方凤凰台 2027高考一轮复习数学,5,3
南昌,5,3
南昌一模,4,3
南通 026高三一模,4,3
南通一模,4,3
南雅中学,6,3
博罗县七年级试卷,6,3
博罗县初中试卷,17,3
历史九上,9,3
历史选择题,4,3
厦门一中2025 2026,11,3
厦门一中高一物理月考,5,3
厦门外国语,7,3
厦门市2025 2026第二学期期末,5,3
口袋书,9,3
古诗默写,6,3
台州市2025学年第二学期高二年级期末质量评估试题,5,3
合格考 2025年 普通高中学业水平江苏省,10,3
合肥一六八中学,8,3
合肥市第一中学,7,3
吉林九中,10,3
吉林期末,7,3
吉林省11校联考,4,3
吉林省实验中学,4,3
向量 023 专题 一轮复习,6,3
周南中学,5,3
呼吸作用与光合作用一轮复习习题,3,3
咸宁市,6,3
咸水沽第一中学,5,3
哈3中,3,3
哈三中语文,4,3
哈三中高一上月考,6,3
哈三中高一下学期期末化学,3,3
哈三中高一下期末物理,7,3
哈三中高二下学期期末,8,3
哈尔滨,6,3
哈尔滨2026中考,4,3
哈尔滨三中一模,8,3
哈尔滨三中一模数学,4,3
哈尔滨九中,7,3
哈尔滨市第三中学,7,3
哈尔滨市第九中学,5,3
哈尔滨第一中学高一下物理期末考试,6,3
哈尔滨第九中学,5,3
哈市八下数学期末,6,3
唐山,4,3
唐山市2024 2025学年度高一年级第二学期期末考试,18,3
唐诗三百首,9,3
唐诗三百首 2025名著中考知识点,9,3
商丘市第一高级中学高三第一次考试试卷,5,3
商洛市高一下期末,10,3
商洛市高二期末,6,3
喀什二中,4,3
喀什地区2025 2026,6,3
四六级,5,3
四六级真题,9,3
四十七中,8,3
四十三,6,3
四十三中学,4,3
四川省合格考数学,6,3
四川省合格考英语,5,3
四川高一下学期期末考试化学试题,5,3
四年级上学期期中,3,3
四年级下册数学期末,5,3
四级英语真题,8,3
因 式 分 解100道练习题,6,3
因式分解计算题,5,3
固原一中,8,3
国际数学奥林匹克,5,3
圆 的14种题型归纳 一轮复习,4,3
圆创联盟高三数学试卷,5,3
地图,12,3
地理 01 一轮复习,8,3
地理答题模板,10,3
均值不等式,11,3
城阳一中,7,3
基本不 等式10类基础,7,3
基本不 等式10类题型专项,3,3
基础题,7,3
塘沽一中高一上第一次月考,4,3
增根,4,3
复旦复兴高一分班考,4,3
大唐现代双语学校26年高一期末考试英语卷子,3,3
大学,10,3
大庆三模,7,3
大连2025 2026高二下期末数学,5,3
大连24中高一下期末,7,3
大连二十四中学,6,3
大连期末,6,3
大连育明高级中学,6,3
大通二中,11,3
大通期末联考高二下,7,3
大题专练,12,3
天利38套英语,3,3
天壹,3,3
天星,7,3
天星 2026 版 45 套卷,14,3
天星教育,6,3
天津 0 2026 期末考部分区,9,3
天津 一中,3,3
天津2026高考真题,6,3
天津东丽第一百中高一上第一次月考,5,3
天津南开中学,5,3
天津市武清区杨村一中,4,3
天津市第四十七中学,6,3
天津高考,4,3
天津高考英语,4,3
天津高考英语真题,15,3
太和一中,13,3
套卷,5,3
姜堰中学,9,3
威宁县2025年至2026年第二学期质量监测,8,3
学业水平合格性考试,16,3
学业水平考试,13,3
学考2026,5,3
宁夏六盘山高级中学,4,3
宁夏高考物理,7,3
宁波2026期末九校联考,6,3
宁波十校,7,3
宁波市2025学年第二学期高二年级期末考试,15,3
宁海,5,3
安庆一中,4,3
安徽中考,4,3
安徽中考数学,5,3
安徽八年级上学期阶段检测,3,3
安徽期末,3,3
安徽省宿州市萧县实验高级中学语文期末卷,4,3
宝安区,7,3
宝鸡中学高二期末考试卷,3,3
宣城,11,3
容斥原理,8,3
宿迁2025 2026学年第二学期期末试卷,12,3
宿迁中考,6,3
富源,10,3
对数,3,3
导数大题,12,3
小升初分班考试数学,10,3
小升初数学,15,3
小升初英语,7,3
小升初衔接,6,3
小题狂做,14,3
少云中学,12,3
山 东,3,3
山 东 2 0 2 5高考真题,4,3
山 东 中考2 0 2 6,5,3
山东师范大学附属中学,4,3
山东烟台市莱州市2026年夏适应性检测 初一数学试题,4,3
山东物理高考真题,4,3
山东省,3,3
山东省2025 2026学年高二下学期质量检测,5,3
山东省北镇中学,6,3
山东省北镇中学高二,18,3
山东省聊城市,5,3
山东省菏泽市第一中学,8,3
山东聊城高二下期末,7,3
山东菏泽,4,3
山东高三一模政治试题,6,3
山东高三下学期期末,3,3
山西,6,3
山西大学附属中学,7,3
岳阳,3,3
岳阳楼记,8,3
工业流程题,4,3
工艺流程题,4,3
巴南区,11,3
巴蜀中学八年级下册期末数学试卷,4,3
带电粒子在电场中运动的综合问题,7,3
常州高级中学,6,3
平抛运动,13,3
平抛运动的规律、推论及初步应用,7,3
平面几何,8,3
平面向量复习,4,3
广东中考语文真题,5,3
广东八年级上学期阶段检测,11,3
广东六年级下学期期末,4,3
广东学考,3,3
广东广雅中学,6,3
广东春季高考,5,3
广东春季高考英语,8,3
广东春季高考英语复习资料,5,3
广东省中山市纪念中学2025 2026学年高二上学期第一次段考物理试题,4,3
广东省中考,6,3
广东省中考数学,8,3
广东省中考英语,5,3
广东省茂名市2024 2025学年高二下学期期末教学质量监测,10,3
广东高一,7,3
广东高一历史期末试卷,7,3
广东高考,3,3
广州中考2026,10,3
广州中考数学,6,3
广州中考数学真题,16,3
广州八区联考,5,3
广州八区联考高二下,5,3
广州八十六中,10,3
广州市九上数学,4,3
广州市越秀区八下期末,4,3
广西玉林2026年高二期末,4,3
库仑定律,9,3
库仑定律 必修三,6,3
库仑定律人教,5,3
延边第二中学,14,3
开学 第一课2026,5,3
开学测试新高一,3,3
开学考 高一,4,3
开学考高三,7,3
张家界,5,3
强基联盟,4,3
微积分,6,3
德州2026高一下期末,7,3
德州市,4,3
德阳市2026年中考,5,3
必修一物理,6,3
必修二英语单词,11,3
必刷 题 2026 电子版,12,3
必刷题 2025电子版,7,3
怀化市,5,3
思维导图,3,3
恒定电流,3,3
惠州市,5,3
惠州市第一中学,12,3
慈溪,29,3
成都 七中0 026高一,5,3
成都市2022级高中毕业班摸底测试,12,3
房山,9,3
房山区,4,3
房山高二下学期英语期末,9,3
扬大附中东部分校高二数学第一次月考,7,3
扬子石化杯 2025年第39届中国化学奥林匹克 江苏赛区 复赛试卷,12,3
扬州中学高一上数学10月考卷,6,3
承德市2025 2026学年高二下学期7月期末考试,12,3
承德市高二,14,3
折叠,8,3
抚州高一第一次月考,11,3
抽象函数综合,8,3
拔尖创新,7,3
拱墅区八年级下册科学考试卷,5,3
拿满基础分自主小练,8,3
指对同构,15,3
指数函数与对数函数,5,3
排列组合一轮复习,6,3
提前招生数学试卷,6,3
揭阳2026年高一期考统考,5,3
揭阳2026年高二期未考统考,22,3
揭阳高一期末统考试卷,8,3
揭阳高二,9,3
揭阳高二物理,4,3
摸底考,6,3
政治 0 一轮复习巧汇宝典知识点,4,3
政治 必修一1高考必背核心知识点,6,3
政治一轮,5,3
政治学考模拟卷,3,3
政治必修一,7,3
政治背诵清单,11,3
政治选择题,13,3
教材帮2026数学,4,3
数列 0 一轮复习 专题练习,5,3
数列 一轮复习 专题练习,3,3
数列专题,4,3
数列大题 2026 一轮专题练习,4,3
数学三角函数专题练习,8,3
数学中考,4,3
数学书,9,3
数学二次函数,6,3
数学八下综合卷,10,3
数学八年级上册,3,3
数学函数,6,3
数学卷,12,3
数学压轴题八年级,5,3
数学期末卷,6,3
数学竞赛 2023高中预赛试题,8,3
数学计算题,4,3
数学选修一直线和圆的方程,6,3
数学高一下期末,14,3
数学高三,5,3
数学高二下学期期末考试,7,3
文学类文本阅读,6,3
文言文 0026一轮复习,6,3
文言文阅读,4,3
新东方,5,3
新概念 01,9,3
新疆,8,3
新高一,5,3
新高一开学考试卷,4,3
新高考,3,3
新高考二卷,4,3
无锡天一中学,7,3
无锡市第一中学,4,3
日照市,10,3
日语2026高考考日语卷,12,3
时态,8,3
昆山,3,3
昌乐一中,5,3
昭通市2026春季学期期末试卷,7,3
晋江,5,3
晋江市,8,3
晋江市养正中学入学考试卷,8,3
晋江市养正中学高中入学测试卷,5,3
晋江市第一中学,5,3
暑假分层作业,8,3
最短路径问题,9,3
月考10月,8,3
有机 推断 2026 复习专题,6,3
有机化学大题2026高考训练,4,3
有机合成,6,3
有机大题,5,3
有理数 1000道混合运算计算题七年级,5,3
有理数的100混合运算练习,4,3
期末2026,6,3
期末卷子,4,3
期末卷子2026,5,3
期末复习,5,3
期末数学,7,3
期末试卷2025 2026,14,3
杨浦区,4,3
杭州 0 2026高三 2模,4,3
松江二中,10,3
柯西不等式,5,3
标点符号的使用,8,3
根式计算,6,3
格致中学,4,3
桂林,4,3
桂林十八中,5,3
梁丰高级中学 创优班,3,3
梅州市,10,3
梅州高三9月市质检,4,3
梅村,5,3
楚雄州高一期末考,3,3
概率初步,3,3
概率大题,6,3
榆林,5,3
正定,5,3
正定县,8,3
武昌实验中学,6,3
武汉 三调 2026 数学,6,3
武汉04月调研,5,3
武汉三调,6,3
武汉九月调研考试,4,3
武汉二中,6,3
武汉四调,3,3
武汉外国语学校,4,3
武汉市 2026 届高三年级五月供题,5,3
武汉期末考,3,3
比较级最高级,5,3
水浒传,4,3
水溶液中的离子反应与平衡,13,3
永兴县2026年上学期期末教学质量监测,4,3
永兴县树德中学新生入学分班考试,5,3
永州四中入学测试,3,3
永州市,6,3
永春一中,7,3
汉中,9,3
汕头一中,4,3
汕头市金山中学,8,3
江淮十校,8,3
江苏专用,4,3
江苏九年级上学期阶段检测,7,3
江苏期末,6,3
江苏省2026年普通高中学业水平选择性考试,5,3
江苏省化学竞赛复赛,9,3
江苏省南师附中海门中学天一中学海安高级中学四校20二六届高三上学期联考,3,3
江苏省连云港市合格性试卷,6,3
江苏高二下学期期末,3,3
江苏高考,9,3
江苏高考历史真题,5,3
江西省,5,3
江西省吉安市永新县2025至2026年八年级物理期末试卷年八,5,3
江门一中,8,3
江门一中高一,10,3
江门广雅,4,3
江门广雅开学考,4,3
沈河区,8,3
沈阳31中,3,3
沈阳二中 2025 2026学年度下学期,5,3
沈阳市回民中学,4,3
沈阳市郊联体,6,3
沈阳数学,5,3
沈阳郊联体,4,3
河东区,4,3
河北2026高考化学真题,10,3
河北专用,4,3
河北承德市2025-2026学年高二下学期7月期末数学试题,4,3
河北省小升初考试试卷,6,3
河北省廊坊市第六中学第一次阶段检测,5,3
河北邯郸市联考2025-2026学年高一下学期7月期末物英语题,5,3
河北高中学业水平考试,3,3
河南中考,8,3
河南八年级下学期期末,8,3
河南安阳,6,3
河南省南阳市2023高二上数学期中试卷,11,3
河南阶段检测,3,3
河西,5,3
泉州 02 026 5月质检,4,3
泉州一中,9,3
泉州五中高一入学考试,12,3
泉州市第七中学,11,3
泊头市第一中学,9,3
法向量,7,3
泰安2026高二下学期期末,6,3
泸州,5,3
泸州高一下期末试卷,9,3
济南中考,4,3
济南市高二下学期期末,7,3
济南期末2026,3,3
济宁,7,3
济宁 2025高一期中上学期,5,3
济宁2026高二期末,7,3
浏阳市2026八下历史试卷,4,3
浙江 Z20 名校联盟,4,3
浙江 首考1月2026,5,3
浙江1月,4,3
浙江中考数学,3,3
浙江二年级下学期阶段检测,4,3
浙江强基联盟,8,3
浙江省a9协作体,3,3
浙江镇海中学,5,3
浮力压轴,4,3
海伦一中,4,3
海南,8,3
海南2026中考卷,3,3
海南2026初中地理会考真题,6,3
海南中考,7,3
海原县第一中学,5,3
海安高级中学,5,3
海安高级中学期初,3,3
海淀,3,3
淄博市张店区2024至2025学年8年级上册数学期末试卷,4,3
淮安,5,3
淮安中学,6,3
深中,5,3
深圳 0 2026 高三 一模,4,3
深圳 二模,3,3
深圳中学高三,4,3
深圳二模英语,4,3
深圳外国语学校,6,3
深圳宝安高三上学期教学质量监测,3,3
深圳实验学校,6,3
深圳实验学校高中部,9,3
清华大学附属中学,7,3
清远市2026年高一第二学期期末试卷,4,3
温州中学,5,3
温州实验中学,3,3
湖北11校联考,5,3
湖北中考数学,4,3
湖北阶段检测,3,3
湖北高考物理,3,3
湖南2026中考试卷,5,3
湖南师大附中,9,3
湖南师大附中高二下期末,8,3
湖南省新高考调研联盟,11,3
湖南省长沙市2026年高三年级模拟考试,4,3
湖南雅礼中学,5,3
湖州市2025 2026学年第二学期期末高二,6,3
湘潭,4,3
滕州一中,4,3
滕州市2026期末,5,3
滕州市二中新校,7,3
滨海新区,3,3
漳州2026高一下期末,3,3
漳州一中,8,3
潍坊 0 202 5高二下学期期末,4,3
潮阳实验,6,3
潮阳实验学校,4,3
澄海期末,4,3
炎德英才,6,3
点石联考,5,3
烟台芝罘2025高一上期中数学,5,3
烟台莱山区,5,3
燕子矶中学分班考,5,3
牛顿第二定律,6,3
牡丹江,7,3
物态变化单元卷,3,3
物理 0 2024 真题八下,5,3
物理2026高考真题,8,3
物理专题,7,3
物理专题复习,3,3
物理初二上册,4,3
物理压轴题,6,3
物理必修一第一章 单元测试,12,3
物理必修一第一章测试,7,3
物理必修三第一课,4,3
物理期末试卷,8,3
物理板块模型 一轮复习,6,3
物理电场专题,3,3
物理电场电势专题,9,3
物理竞赛预赛,6,3
物理第十三章,8,3
物理运动的描述,3,3
物理高一,3,3
物理高一上,4,3
物理高一下期末试卷,3,3
物理高考,4,3
物质的分类,5,3
物质的量、气体摩尔体积,4,3
特殊平行四边形,6,3
状语从句,7,3
王朝霞九上数学,6,3
现代文阅读,18,3
瓜豆模型,4,3
甘肃七年级下学期阶段检测,6,3
甘肃白银七年级下册数学期末考,9,3
生地 会考2026年真题试卷,13,3
生物 1轮复习,6,3
生物2026高考真题,6,3
生物中考,5,3
生物必修一,8,3
生物必修一第一章单元测试卷,7,3
生物选择性必修三,4,3
生物高考,5,3
电化学,11,3
电子课本,9,3
电学专题,8,3
电容器、电容及平行板电容器的动态分析,10,3
电离平衡,6,3
电路图 串并画图练习人教版,3,3
电路图与实物图互化 专项训练,4,3
电路故障,6,3
白银市高一下期末联考卷,8,3
百强校,7,3
直线,3,3
直线和圆,6,3
相似三角形模型,5,3
相似三角形模型13个模型,11,3
知临中学,5,3
知识点汇总,16,3
石室中学,10,3
石家庄2026,7,3
石家庄二中教育集团,5,3
石门一中,5,3
礼嘉中学,4,3
祁东县沃土计划2025,8,3
福州 8月质检,6,3
福建八年级下学期期末,3,3
福建期末,8,3
福建省厦门市高一上月考,3,3
福建省厦门第一中学,8,3
福建省晋江第一中学,7,3
福建省普通高中学业水平合格性考试,14,3
福建省莆田市高二期末考试,6,3
福建高二下学期期末,7,3
福建高考物理,5,3
福清市,9,3
科创班考试卷,3,3
科普版七上英语单词可打印默写文档,7,3
空间向量基本定理,6,3
立体几何初步,4,3
竞赛卷,6,3
竞赛题,7,3
端点效应,4,3
第一次,4,3
第九中学,5,3
答案2026,5,3
答题模版,7,3
简谐运动,8,3
米东区98中学七年级下册期末考试试题,7,3
红对勾,16,3
红对勾 2026版大一轮复习,13,3
红岭中学,4,3
红岭教育集团,6,3
练习,4,3
绍兴,5,3
绍兴元培中学入学分班考,9,3
经纬网,4,3
绝对值 12大题型 七上数学 压轴大题,7,3
统计与概率,4,3
绵阳2026高一下期末,7,3
绵阳一诊,3,3
耀华,4,3
耒阳市,5,3
聊城市,8,3
职教高考,6,3
育才,5,3
育才中学 重庆,6,3
育明高中,6,3
胡不归-最值问题,3,3
脱式计算,6,3
自招考试真题,3,3
自然地理,11,3
苏北七市,8,3
苏州工业园区星海初级中学,7,3
苏锡常镇,13,3
英华,4,3
英语 0 2 6 学 年 度英语试卷,6,3
英语 2025 高考真题全国一卷,6,3
英语 单词 3500背诵版高中,9,3
英语书,10,3
英语作文 100篇范文,21,3
英语单词默写,8,3
英语听力高考,11,3
英语四级真题,5,3
英语字帖,4,3
英语字帖 衡水体,8,3
英语完型填空,4,3
英语完形填空专训,7,3
英语必修三单词,6,3
英语必背单词,6,3
英语时态,6,3
英语续写,6,3
英语试卷初一期末,3,3
英语语法填空 100篇 专项训练,3,3
英语选择性必修一单词表,10,3
英语音标 0基础 48 个音标,5,3
英语音标 0基础 48 个音标 PPT 带读音讲义,5,3
英语高考真题,7,3
英雄山中学期末考试,4,3
茂名一模,5,3
茂名市,4,3
茂名市 高一 期末监测 2026 生物,12,3
茂名市2025 2026学年高二年级期末质量抽测,10,3
茂名期末考试,15,3
茂名高一下期末,13,3
茂名高二下学期期末考试抽测答案,5,3
茂名高二年级期末质量抽测,17,3
范文,3,3
荆州市 2025 2026 学年度高二年级质量检测,6,3
荆门,6,3
莆田第一中学,15,3
莘县,7,3
莱山区,7,3
莲塘一中,16,3
菏泽一中自主招生试卷,7,3
菏泽化学期末,6,3
菏泽市 02 2025 学 年 高二下学期 期末,6,3
菏泽市高一下学期期末,4,3
菏泽市高二期末考试语文2026,5,3
菏泽高二期末,6,3
营口,7,3
葫芦岛,5,3
葫芦岛期末,5,3
葫芦岛第一高级中学,6,3
葫芦岛高一下期末,9,3
虹桥,4,3
蚌埠二中,8,3
蛟川 分班考,5,3
衡南县高二期末,10,3
衡水金卷 先享题,16,3
衡阳市一中,9,3
衡阳市八中沃土计划真题,8,3
襄阳五中,9,3
襄阳四中五中自招真题,8,3
西北工业大学附属中学2026届高三第15次适应性训练,6,3
西城,9,3
西宁高一下学期期末调研卷数学,14,3
西安交通大学少年班,5,3
西工大附中,12,3
西工大附中新高一 分班考,9,3
西昌市2025 2026年下学期未试卷,17,3
西藏期末,8,3
视频讲解,4,3
解一元二次方程,5,3
解三角形专题复习,9,3
解析几何 0 3轮复习专题大题2026,3,3
解析几何专题,11,3
試卷,5,3
論語十二章2 理解性默写,12,3
计算 100 道,6,3
记叙文,7,3
论语十二章,3,3
词性转换,5,3
语文园地一,6,3
语文答题模板答题技巧 高中,9,3
语文素材,11,3
语文试卷,9,3
语文选择题专项,7,3
语文阅读理解中考,3,3
语文高考卷2026,4,3
语言文字应用,12,3
语言运用,3,3
说明文阅读,12,3
课 件,4,3
课时A计划,9,3
课时作业,5,3
调研卷,5,3
质检卷,3,3
贯通班,8,3
贯通班 八年级 物理,11,3
贯通班初升高选拔试题,4,3
贯通班物理题各地区难题,4,3
贵州,5,3
贵州高考物理,5,3
贵阳一中,6,3
贵阳一中月考卷,6,3
资中二中,9,3
赏析句子,6,3
赣州市 202 6年高一下学期期末,4,3
赣榆高级中学,8,3
赤壁赋,5,3
赤峰025 2026 期末考试,14,3
赤峰市2026年高二学年考试,6,3
赤峰市2026高一下学期,17,3
赤峰市松山区,7,3
赤峰期末考试,10,3
赤峰高一下期末,6,3
辽南协作,7,3
辽南协作校2025高一期末,8,3
辽宁中考2026,4,3
辽宁中考数学真题,5,3
辽宁中考物理,7,3
辽宁中考英语2026,4,3
辽宁九师联盟高一下期末,7,3
辽宁九师联盟高二下期末物理,7,3
辽宁五校联考高一下数学,4,3
辽宁五校联考高二下期末,9,3
辽宁协作校高一下学期期末,9,3
辽宁省五校联考高二下学期期末,7,3
辽宁省县域高中高二下学期期末试卷,6,3
辽宁省实验中学期末,6,3
辽宁联考,6,3
辽宁营口高二期末,10,3
辽宁辽南协作体,7,3
辽宁辽南协作体2025 2026学年高一下学期7月期末考试,4,3
辽宁高二,25,3
辽阳市,15,3
辽阳市高二下学期期末考试,9,3
达川区期末考试,4,3
运动的描述 单元测试,10,3
运城,11,3
连城一中,11,3
连接体问题,5,3
追击相遇复习一轮,8,3
追及相遇,3,3
选修一化学第一章,4,3
选词填空,10,3
通辽市高二期末考试统考2026,7,3
道外,3,3
遗传专题,5,3
邵阳市第二中学,17,3
郑州,7,3
郑州外国语,5,3
部分区,6,3
郴州市第二中学高一开学考试卷,4,3
鄂尔多斯市第一中学,5,3
鄂州,3,3
重庆 八中,11,3
重庆 市 2 0 26年初中学业水平考试,5,3
重庆11中,3,3
重庆2026年中考数学试卷,5,3
重庆八中2025 2026,6,3
重庆市巴蜀中学,9,3
重庆期中,3,3
重庆第一中学,4,3
重庆育才,4,3
重难点培优 复习讲义 全国通用 2026年高考数学一轮复习讲练测,9,3
金中海湾学校,9,3
金太阳 02026金太阳试卷,16,3
金版 2027高考一轮复习,12,3
铁一中,4,3
铁人中学,4,3
银海三雅,6,3
锦州中学月考卷,5,3
长寿中学,3,3
长春中考,4,3
长沙市,6,3
长沙市2026年高三年级模拟考试,5,3
长沙市一中,14,3
长沙市一中2026高一期末,6,3
长沙市中考试卷,8,3
长沙市第一中学,12,3
长沙市第一中学高一期末,11,3
长郡 02 026 二十校,4,3
闵行,7,3
阅读理解 100篇专项训练,8,3
阅读题,6,3
阜阳一中,6,3
阳江市江城区2025 2026六年级下册英语期末测试卷,4,3
阶段检测,9,3
阿房宫赋理解性默写,6,3
阿氏圆-最值问题,9,3
陕西期末,3,3
陕西省渭南市高一期末考试卷,16,3
随州一中,3,3
雄安新区,5,3
雅安,6,3
雅思,4,3
雅礼集团,4,3
集合 不等式 常用的逻辑用语测试卷,4,3
集合与常用逻辑用语、不等式,9,3
集合专题训练,11,3
集合复习,4,3
集合真题,10,3
集合练习题,5,3
集合题型,7,3
青岛 0 202 6 高三 一模,4,3
青岛五十八中,6,3
青岛期初考试,4,3
青岛期末,6,3
青岛海山,9,3
青岛高三期初,9,3
青海,8,3
青海2026年高考,4,3
青海期末,4,3
青海省2026年中考,4,3
青海省西宁市2025 2026学年度第二学期期末调研测试卷,5,3
青竹湖湘一,5,3
静电场中的能量,5,3
静电场单元卷,3,3
非谓语,11,3
非连续性文本阅读十篇,5,3
鞍山一模高三,5,3
顺义,4,3
预习,7,3
马尔可夫链,5,3
马尔科夫链,3,3
马鞍山二中,7,3
高 1 必修1,6,3
高 1 必修1数学,7,3
高 一,7,3
高 一 0 上学期 人教版 必修一,4,3
高 一 0 上学期 人教版 必修一数学,11,3
高 一 0 上学期 化学 期末,4,3
高 一 下学期期末,10,3
高 一 数学,4,3
高 三 0 2024 2025 高三 3数学月试题,5,3
高 中 数 学2026 知识点总结及公式全部,9,3
高 考 2026高考真题全国一卷英语,3,3
高 考 英语2026高考全国1卷,4,3
高 考数学2026新高考卷,7,3
高一 上 1 期末,6,3
高一 英语,5,3
高一上册第1次月考,5,3
高一上化学期末,4,3
高一上学期期中考试,4,3
高一上月考,6,3
高一上月考数学,5,3
高一上期中数学,5,3
高一上期末物理必修一,16,3
高一上第一次月考,3,3
高一下学期期末数学,10,3
高一下学期物理期末,7,3
高一下数学期末试卷,4,3
高一下期末物理试卷,3,3
高一下物理,5,3
高一下生物,5,3
高一不等式练习,4,3
高一入学分班考试,5,3
高一入学考,9,3
高一几何大题,18,3
高一分班考试卷,6,3
高一化学,7,3
高一化学 必修二 必背知识清单,11,3
高一化学必修一,4,3
高一升高二 2026年暑假衔接,10,3
高一地理必修二试卷,6,3
高一政治,4,3
高一数学压轴题,7,3
高一数学月考,5,3
高一新生入学分班考,7,3
高一期末考试,6,3
高一期末英语试卷,5,3
高一物理传送带模型,4,3
高一物理必修一第一章专题人教版,11,3
高一物理期中,6,3
高一生物 必修一1 每天练,6,3
高一立体几何,12,3
高一英语听力,4,3
高一英语期末试卷,15,3
高三一模,7,3
高三一轮复习 函数,4,3
高三三角函数,4,3
高三上学期期中,5,3
高三上开学考,24,3
高三化学一轮复习,4,3
高三化学有机,4,3
高三地理,4,3
高三模拟,9,3
高三物理,3,3
高三调研考试,6,3
高中 1必修1 人教版课本,12,3
高中 数学 1 一轮复习基础版,5,3
高中 文言文 120个实词和18个虚词,6,3
高中 英语 3500词背记版正序,3,3
高中3500词,6,3
高中不等式,12,3
高中入学考试,6,3
高中函数一轮复习专题,10,3
高中分班考试卷,3,3
高中化学竞赛,4,3
高中单词3500汇总,14,3
高中历史时间轴,10,3
高中必刷题 2026电子版,5,3
高中必备古诗文背诵汇总,11,3
高中政治一轮复习讲义,4,3
高中数学,7,3
高中数学竞赛,7,3
高中数学集合,9,3
高中数学题型大归纳高分必备大通关,9,3
高中物理,9,3
高中物理力学专题复习,5,3
高中自主招生数学,3,3
高中解三角形,9,3
高中语文72篇必背古诗文,10,3
高中语文作文素材,9,3
高二,7,3
高二上,5,3
高二上学期月考试卷,9,3
高二上数学第一次月考,8,3
高二上期中数学,5,3
高二下,5,3
高二下 期末,5,3
高二下学期期末考试,5,3
高二地理,6,3
高二期末数学,5,3
高二期末考试,5,3
高新一中,6,3
高等数学,3,3
高考 英语,5,3
高考 英语3500背诵单词表乱序版2027届,4,3
高考1200核心高频词汇完整版打印,6,3
高考3500 词汇背诵版检测版,3,3
高考3500词,7,3
高考一卷,6,3
高考全国一卷,8,3
高考全国二卷数学,6,3
高考化学2026,5,3
高考地理,5,3
高考政治,5,3
高考数学考前重点题型,6,3
高考日语,4,3
高考满分作文,5,3
高考真题2026,5,3
高考试卷2026全国一卷,8,3
高考试题,3,3
高考领航 2027 大一轮,12,3
高考领航2027大一轮复习数学学案教师用书,3,3
高考题,6,3
高考高频词汇,9,3
高联,4,3
高联一试,4,3
鸡西,4,3
鸿鹄志 名师测控,15,3
黄夫人高中物理讲义,6,3
黑龙江期末,4,3
黑龙江省实验中学,6,3
黑龙江高一下学期期末,6,3
黑龙江高二下学期期末,9,3
黑龙江高考试题2026,3,3
黔东南州2025 2026学年度第二学期期末文化水平测试,7,3
鼎尖,7,3
鼎尖教育高二下期末,7,3
齐齐哈尔,6,3
齐齐哈尔市实验中学高一期末考试卷,6,3
龙东10校联盟 高二下期末试题,3,3
龙东十校联盟高一下期末试题,8,3
龙岩,6,3
*数学广角：植树问题,3,2
-2027届/2026届高三数学一轮复习讲义》,4,2
026年物理高考题,3,2
06讲细胞器和生物膜系统,3,2
1 一元二次方程专项试卷,2,2
1 一元二次方程计算题,3,2
1 不等式,4,2
1 不等式及其基本性质,10,2
1 二元一次方程组,3,2
1 二次函数试卷,4,2
1 二次根式及其性质,3,2
1 全等三角形及其性质,3,2
1 分式,4,2
1 因式分解,11,2
1 图形的相似,6,2
1. 动量,6,2
1.1 幂的乘法和乘方,8,2
1.1 正数和负数,5,2
1.1 集合的概念与表示,7,2
1.2 三角形三边关系、内角和定理,5,2
1.2 函数的解析式和图像,9,2
1.2 声速及其计算,8,2
1.2 有理数,5,2
1.2 空间两点间的距离公式,2,2
1.?2023新高考Ⅱ卷语文真题及答案 ? 2.?2024新高考Ⅱ卷语文真题及答案 ? 3.?2025新高考Ⅱ卷语文真题及答案 ? 4.?2026新高考Ⅱ卷语文真题及答案,5,2
1.?2025-2026学年路北区八下7月期末数学整套真题,2,2
1.?2026届高三生物一轮复习专题03 细胞呼吸与光合作用（学科网免费,10,2
1.??西安市灞桥区 小升初分班考试 语数英全套,8,2
1.?北京市石景山区2024-2025学年八年级上学期期末考试语文试题,2,2
1.?广东省佛山市南海区2025-2026学年第二学期期末八年级统考全套试卷含答案,2,2
1.?数学：福建省漳平第一中学2025-2026学年高一上第一次月考数学试卷（人教A版）,4,2
1.?浙江省温州中学自主招生试卷,6,2
1.?高一地理必修第一册综合测试卷,5,2
1.?高考英语读后续写情绪描写词块,3,2
1.时间与生活,2,2
101中学北京,2,2
102中学,3,2
11 三峡/郦道元,3,2
117中学,8,2
12 醉翁亭记/欧阳修,3,2
120 常见文言实词2025,2,2
120物理期末卷高一下,3,2
126中学,8,2
126中学 沈阳 七上英语,5,2
13*与朱元思书/吴均,2,2
134,2,2
18中高一,3,2
19.3函数的表示 题型专练 原卷版,3,2
1978年,2,2
1978年数学高考,3,2
1997年,3,2
1999年全国高考数学试卷,2,2
1元二次方程计算题,2,2
1南宁市第三中学,4,2
2,2,2
2 一元一次不等式,4,2
2 一元一次方程及其解法,7,2
2 一元一次方程的解法,6,2
2 二次函数压轴,5,2
2 全等三角形,2,2
2 内能和热量,2,2
2 圆与扇形的面积,2,2
2 小数乘小数练习,3,2
2 平面直角坐标系,8,2
2 概率,3,2
2 空间向量及其运算人教版,4,2
2. 匀变速直线运动的速度与时间的关系,3,2
2.1 二次函数y=ax?的图象和性质,6,2
2.1 整式加减,5,2
2.1 空气的成分,7,2
2.2 串联和并联,3,2
2.2.2 平方根同步练习（4题型+针对训练）2025-2026学年北师大版八年级数学上册,2,2
2.3 一元二次不等式,3,2
2.3 三角函数的诱导公式,3,2
2.3（1）化学反应速率,10,2
2.?吉林白山高一统考期末,2,2
2010安徽高考,4,2
2012,6,2
2015-2026 社会 培优卷,2,2
2016年数学中考卷扬州,2,2
2017年全国理科数学二卷,3,2
2019 0 全国统一高考1卷数学,4,2
2020 0 1 0卷 英语高考 全国1卷,3,2
2020-2024全国乙卷理综生物?、?2025陕晋宁青生物选择性考试,5,2
2020年天水市中考卷,3,2
2020数学卷2高考真题,3,2
2021 0 1 0卷 全国1卷语文,5,2
2021-2025北京高考作文汇编,5,2
2021-2025高考英语真题分类汇编,4,2
2021中考试卷,3,2
2021全国一卷语文,2,2
2021年全国高考物理压轴原题,2,2
2021年地理高考卷,6,2
2021年山东历史高考题,5,2
2021年普通高等学校招生全国统一考试,6,2
2021年湖南物理试卷高考,2,2
2021年英语高考甲卷,2,2
2021年高考山东卷化学答案,3,2
2021广安中考试卷,2,2
2021新高考1卷英语,2,2
2021海淀高三二模语文,2,2
2021高考政治必修123综合卷,3,2
2022 0 0 1卷 全国高考英语,6,2
2022 2023,3,2
20226八下语文期末考试卷子,3,2
20226年八年级下册语文试卷随县,2,2
2022全国高考新高考二卷英语,3,2
2022届南通四模物理,3,2
2022山东高考,4,2
2022年下半年广西普通高中学业水平合格性考试,4,2
2022年新课标独有132词沪教版英语,6,2
2022年新高考全国1卷 语文真题及解析,5,2
2022年语文高考吉林,9,2
2022辽宁省化学高考卷,4,2
2023 年 0 1卷 全国 1 卷 英语 高考 真题,2,2
2023 河北唐山 二模,2,2
2023-2024揭阳高二下学期政治期末统考试卷,2,2
2023全国一卷数学高考,3,2
2023全国甲卷化学,2,2
2023四省联考,3,2
2023学年第一学期期末学业质量调研，高三化学崇明娟,2,2
2023年全国甲卷,3,2
2023年赤峰市高一年级学年联考试卷化学,2,2
2023年高考卷,6,2
2023广东高考英语二模,4,2
2023新高考1卷,3,2
2023新高考1卷语文,8,2
2023济南二模英语听力,2,2
2023至2024学年度下学期六年级期末质量检测试题题,15,2
2024 0 0 1卷 全国高考 语文试卷,7,2
2024 0 0 1卷 高考 数学,6,2
2024 0 0 2卷 全国高考 语文,2,2
2024 0 1 1卷 数学 真题,3,2
2024 全国一卷 数学高考,3,2
2024 年1卷高考数学,2,2
2024-2025学年五莲县第二中学九年级上册第一次月考数学试卷,2,2
2024-2025高二下学期期末考试,3,2
2024~2025学年度下沈阳市五校协作体期中考试高二语文卷,6,2
2024~2025学年第二学期六校联合体3月调研测试高一化学,2,2
2024~2025年，珠海市第一中学第一次数学月考卷子,2,2
2024~2025高二下期末。聊城物理,3,2
2024—2025重庆育才教共体八下期末拉通排名考试,3,2
2024三明市大田县毕业班质量检测体育与健康试题,4,2
2024下半年广西学业水平考试高二,2,2
2024全国二卷数学,3,2
2024全国甲卷英语,4,2
2024和2025长郡长郡和雅礼高考英语一模试卷,4,2
2024天津化学高考题,2,2
2024届河北石家庄质检物理,2,2
2024年1月北京市朝阳区高三上第一学期期末英语,2,2
2024年3月天津高考卷英语,2,2
2024年全国乙卷,4,2
2024年全国高考乙卷物理卷真题,3,2
2024年北京高考数学卷,2,2
2024年哈尔滨中考数学,3,2
2024年广东中考数学试卷,4,2
2024年广西学业水平考试高二,2,2
2024年扬州市中考数学真题,3,2
2024年新课标全国I卷数学真题,7,2
2024年普通高等学校招生全国统一考试,2,2
2024年期末化学试卷九年级乐陵,3,2
2024年河南省初中毕业班第一次调研测试英语试题卷,3,2
2024年湖北三模,5,2
2024年秋季广元九年级数学一诊考试试卷,4,2
2024年陕西省初中学业水平考试英语听力音频,3,2
2024年青海省物理高考试卷,7,2
2024年高考生物甲卷,2,2
2024广州中考,3,2
2024新高考II卷语文真题及答案,2,2
2024普通高等学校招生全国统一考试,2,2
2024盐城中考,3,2
2024盐城英语中考,2,2
2024语文高考真题二卷,2,2
2024贵州化学高考卷,2,2
2024高考,3,2
2024高考语文,3,2
2025 0 1 1卷 数学,10,2
2025 0全国1一卷英语卷高考,4,2
2025 2026 湖南省郴州市七年级下册期末试卷,2,2
2025 2026 贵阳物理八年级下期末,2,2
2025 2026学年度春季学期期末质量检测高一临夏,2,2
2025 2026学年度第二学期期末教学质量检测,2,2
2025 2026学年高一化学下学期期末模拟卷,8,2
2025 2026学年高二化学下学期期末模拟卷陕西,3,2
2025 2026昌平区八下物理期末,2,2
2025 2026高一 第二学期 期末考试数学试卷,6,2
2025 2026高一上学期期中,2,2
2025 2026高一下学期期末考试,3,2
2025 2卷 全国高考 英语,2,2
2025 T8联考,4,2
2025 八省 联考 1月 适应性 考 试,3,2
2025 到2026学年度第二学期期末教学质量抽测 政治,2,2
2025 年 0 1卷 全国 1 卷 高考 真题,6,2
2025 年 02 卷 全国 高考 英语真题,3,2
2025 语文 1卷高考卷真题,8,2
2025-2026 八年级下册 商丘市期末统考卷,2,2
2025-2026七年级广东,3,2
2025-2026八上期末,2,2
2025-2026凉山高二,8,2
2025-2026哈尔滨师范大学附属中学高一下学期数学期末,2,2
2025-2026学年下学期期末考试七年级英语试题英语,3,2
2025-2026学年安徽省阜阳市临泉县临化高级中学高一下学期7月期末教学质量测评数学试题? ?太和县第八中学2025-2026学年高一下期末数学试卷,2,2
2025-2026学年广东省佛山市石门中学高一(上)第一次质检数学试卷(10月份),2,2
2025-2026学年度下学期期中考试高二生物试卷,2,2
2025-2026学年度下学期期末考试高一试题,3,2
2025-2026学年度下学期期末考试高一试题7月,2,2
2025-2026学年度下期期末考试 凉山州 高一,3,2
2025-2026学年度六年级第二学期期末测试正定道法,3,2
2025-2026学年度第二学期海口市八年级英语科期末检测题,2,2
2025-2026学年江苏省宿迁市泗洪县八年级(上)期中物理试卷,6,2
2025-2026学年江苏省苏州中学校高一上学期10月质量评估数学试卷,3,2
2025-2026学年福州市高三年级五月质量检测数学试题,3,2
2025-2026学年福建省仙游第一中学高三上学期暑期检测考试语文试题,2,2
2025-2026学年第一学期四川自贡八上数学期中考试卷,2,2
2025-2026学年第二学期期末质量监测 五年级数学（济南历城统考）完整原题+标准答案,2,2
2025-2026学年茂名市高二下学期期末质量抽测,5,2
2025-2026学年重庆市南开中学校高二下学期7月英语期末试卷,2,2
2025-2026山东滨州高二下期末,3,2
2025-2026年喀什市高二期末质量检测语文,3,2
2025-2026年大连高一期末考试题,5,2
2025-2026年苏教版四下期末数学质量检测卷,2,2
2025-2026年高考语文一轮复习文言文挖空训练全国通用系列,2,2
2025-2026物理九年级上学期期中考试牟平区,2,2
2025-2026玉环市七年级数学期末试卷,2,2
2025-2026福清高一第一学期数学,3,2
2025-2026青岛市高一下学期数学期末考试,5,2
2025-2026高一上莆田市期末考试,2,2
2025-2026高一苏州期末化学试卷,2,2
2025-2026高二下期末历史/政治/地理,2,2
20252026学年第二学期高一年级综合练习,3,2
20252026茂名期末英语质量抽测答案,3,2
2025_2026扬州八上英语月考,3,2
2025~2026学年广东省广州市天河区华南师范大学附属中学高二下学期期末数学,4,2
2025~2026学年度第一学期期末教学质量抽测高一英语试题答案,3,2
2025~2026学年扬州中学高一上学期物理期中试卷,3,2
2025~2026学年章丘区8年级上册英语期中试题,3,2
2025~2026学年第二学期期末学习成果阶段展示七年级历史试题,2,2
2025~2026学年高二年级期末质量抽测英语茂名卷,7,2
2025~2026山东省烟台市高一上学期数学期中,3,2
2025~2026年济南市历下区化学期中,2,2
2025~2026数学房山区卷2七年级,3,2
2025~2026甘肃省庆阳市七年级下册期末考试数学,3,2
2025~2026茂名区期末,3,2
2025~2026西南大学附中七年级下册期末数学卷,2,2
2025—2026学年高一语文暑假作业1-信息类文本阅读A,8,2
2025一2026学年度武汉市部分学校高三年级调研考试,7,2
2025一2026学年度第二学期义务教育质量学业水平监测四年级英语模拟卷,4,2
2025一中滨海8上数学第1次月考答案解析,3,2
2025世少赛国级选拔真题六年级,3,2
2025九下英语天津河西,3,2
2025九年级上册物理课时A计划人教版,8,2
2025全国1卷 语文 高考真题,2,2
2025全国一卷英语,2,2
2025全国二卷生物,3,2
2025全国高中数学联赛,2,2
2025八省联考,3,2
2025到2026初一月考,3,2
2025到2026学年度第二学期连云港市八年级期末检测卷,2,2
2025到2026学年第二学期学业测评河南濮阳,3,2
2025到2026龙岩市统考生物答案,3,2
2025南通九年级上月考化学,2,2
2025南通启秀八年级上期中物理,3,2
2025历史高考卷,4,2
2025合格性,3,2
2025大庆中考,3,2
2025学年浙江省名校协作体高三数学,4,2
2025学年浙江省名校协作体高三英语,4,2
2025学年湖州市第二学期教学质量检测试卷高二思想政治,3,2
2025学年第一学期富阳区五年级语文期末试卷,3,2
2025学年第一学期浙江省名校协作体高三物理,2,2
2025学年第一学期温州市第二中学九年级开学考试语文试题,4,2
2025学年第二学期期末七年级数学学科自适应练习,5,2
2025学年第二学期杭州市高二年级教学质量检测地理试题卷,3,2
2025学年高一上杭州期末政治,2,2
2025安徽中考英语试题,7,2
2025小升初星光实验分班考试卷,9,2
2025届浙江省宁波市高三上学期一模考试英语,5,2
2025届湖北省云学名校联盟高三上2月联考,3,2
2025届福建省清流县第一中学语文,2,2
2025届高考英语核心688个词汇清单,7,2
2025山东省新泰市六年级下册数学期末试卷,3,2
2025山东高考英语,10,2
2025年 天水市秦州区小升初统考语文阅读真题,3,2
2025年九年级数学上册期末试卷,2,2
2025年全国1卷,4,2
2025年全国2卷英语,3,2
2025年到2026年下期末考试八年级数学成都市龙泉驿区,2,2
2025年包头高一下学期语文期末考试,2,2
2025年化学高考二卷,2,2
2025年南通八年级上期中物理,3,2
2025年南通如皋高三期初考试数学试卷,4,2
2025年合格性学业考试,2,2
2025年天津高考地理,4,2
2025年宁夏高考语数英物化地的真题,2,2
2025年安徽省普通高中学业水平历史,9,2
2025年广东省江门市台山市中考一模英语试题”,6,2
2025年扬州中考,6,2
2025年新疆 第1次月考七年级上册第1次月考数学试卷,2,2
2025年新高考二卷数学,2,2
2025年普通高中学业水平选择性考试（四川卷）物理试题 含答案解析,7,2
2025年普通高等学校招生全国统一考试语文,3,2
2025年横山中学期中考试物理。,3,2
2025年江西历史高考真题,7,2
2025年江阴南菁高中高二上数学月考卷,3,2
2025年河南省驻马店市上蔡县八年级下册期中,3,2
2025年海南中考题数学,7,2
2025年淮北高一第一次月考历史,3,2
2025年湖南语文中考试卷,7,2
2025年物理 高一下 试卷,2,2
2025年物理卷,2,2
2025年第二学期北斗联盟期中联考,2,2
2025年育甲高考高中生物回归课本填空高中生物全册通用版,6,2
2025年至2026年唐山物理高一期末统考卷,3,2
2025年英语高考真题云南省,3,2
2025年语文高考真题全国一卷,2,2
2025年贵州卷历史高考,2,2
2025年贵州历史高考真题,8,2
2025年赤峰市高二生物,2,2
2025年辽宁省名校联盟9月,3,2
2025年长郡期中考试试卷,3,2
2025年青岛58中高一上期中考试卷数学,2,2
2025年青岛市高三期初调研检测,7,2
2025年高考全国一卷数学真题答案,4,2
2025年高考政治,2,2
2025年高考语文全国二卷,4,2
2025年高考语文真题,2,2
2025年，学业水平测试数学,2,2
2025广东中考数学,6,2
2025广东省英语合格性考试,2,2
2025广州英语中考真题,4,2
2025广西高考物理真题,2,2
2025徐州中考物理题,2,2
2025德州高一上期中英语,2,2
2025成都一诊数学高中,2,2
2025数学高考真题,3,2
2025新高考Ⅱ卷语文,2,2
2025新高考思想政治陕晋宁青卷真题及答案,2,2
2025杭州高二生物,2,2
2025梅州市高二联考,3,2
2025永川自主招生初升高,3,2
2025江苏南京一中数学10月月考卷高一,2,2
2025江苏省合格考,5,2
2025江西高考真题,3,2
2025河北高考历史卷,2,2
2025济南七年级数学上册期中考试,3,2
2025济南中考数学,2,2
2025济南天桥区九年级物理,5,2
2025济南天桥区数学三模,2,2
2025海南省高考历史试卷,2,2
2025湖北中考,2,2
2025湖北卷,2,2
2025湖南天壹名校联考语文,5,2
2025湖南天壹名校高二三月大联考语文,3,2
2025物理九年级上册课时A计划人教版,2,2
2025物理山东高考,7,2
2025福建地理高考,3,2
2025级定西一中高一开学考试卷,2,2
2025至2026,2,2
2025至2026唐山统考数学高一,3,2
2025至2026学年度。府谷县8年级。第二学期数学期末试卷。,4,2
2025至2026学年盘龙区下学期8年级英语期末试卷,3,2
2025至2026学年高二质量检测英语试卷测英语试卷答案,3,2
2025至2026年普通高中公平清远高二物理佛山市,4,2
2025至2026广东省阳江市阳东区八下历史期末试卷,4,2
2025至2026高一物理期末,5,2
2025苏锡常镇英语,3,2
2025英语 高考1卷全国一卷,4,2
2025英语高考,2,2
2025英语高考真题,2,2
2025襄阳五中期中考试数学试题,4,2
2025语文全国Ⅰ卷高考,2,2
2025语文高考真题,2,2
2025赤峰化学联考,3,2
2025重庆学业质量调研,4,2
2025重庆政治卷子高三,2,2
2025陕西高考物理真题,3,2
2025静安一模语文高考,2,2
2025高一上物理第一次月考营口市名校,2,2
2025高一数学上第十月考鞍山1中,4,2
2025高考 天津卷 语文,2,2
2025高考一卷语文,2,2
2025高考全国语文一卷,2,2
2025高考卷,2,2
2025高考数学,2,2
2025高考数学真题,3,2
2025高考英语真题,2,2
2025高考语文,3,2
2025黑吉辽蒙物理,6,2
2025－2026高一年级第二学期期末考试数学,3,2
2025－2026高一英语,3,2
2025～2026学年度下学期小学期末学业水平测试三年级数学试题,3,2
2025～2026年上海市高二下学期期末考试生物学,3,2
2026  02卷高考化学,2,2
2026 0 0 1卷 全国高考 英语广东,2,2
2026 0 0 1卷 全国高考物理答案,4,2
2026 0 0 1卷 高考 浙江地理,3,2
2026 0 0 2卷 全国高考 英语,4,2
2026 0 01卷 高考英语,2,2
2026 0 02卷 高考数学真题卷,3,2
2026 1卷英语,2,2
2026 2027贵州省安顺市高二下学期期末考试,2,2
2026 2卷 高考数学,3,2
2026 一卷 高考数学,2,2
2026 中考数学,2,2
2026 中考真题,5,2
2026 全国 01卷 高考英语真题,2,2
2026 全国 2卷,4,2
2026 全国一卷高考语文作文范文,2,2
2026 内蒙古 期末,5,2
2026 合格考地理,2,2
2026 年 7 月语文学业水平试卷云南省,2,2
2026 年 高考0 1卷 物理试卷,3,2
2026 年6月 1卷高考英语真题,2,2
2026 年中考,2,2
2026 年高考 0 1卷 1语文试卷,4,2
2026 广东高考物理,2,2
2026 浙江中考数学,2,2
2026 深圳 中考试卷真题,11,2
2026 绵阳市高一上英语10月月考,3,2
2026 辽宁协作体高二下学期期末,4,2
2026 高考 英语 01 卷,3,2
2026 高考 语文 2卷试卷解析,9,2
2026 高考化学1卷全国1卷真题试卷,6,2
2026 高考历史 真题,3,2
2026 高考物理,2,2
2026 高考物理1卷 全国1卷真题试卷,2,2
2026 高考英语试卷,2,2
2026-2027,3,2
2026001卷地理,3,2
2026002卷高考英语,3,2
202601大兴区高一期末英语听说模拟,3,2
202602卷高考数学,3,2
20260@八年级语文期末考试,3,2
20261月浙江卷子英语,3,2
20267年级下学期河北省唐山市期末考试试卷,4,2
2026~2027滨州市英语期末考试试卷,5,2
2026—2027高一英语期末测试卷,2,2
2026七下数学期末试卷,3,2
2026七年级下册期末试卷,5,2
2026上海中考数学,2,2
2026东莞初一期末数学考试卷,5,2
2026中考1600词带音标完整版,2,2
2026中考化学,2,2
2026中考北京数学,2,2
2026中考卷,2,2
2026中考卷子道法天津,2,2
2026中考历史,3,2
2026中考地理,4,2
2026中考地生,2,2
2026中考山西历史卷子,3,2
2026中考数学浙江,4,2
2026中考数学真题,5,2
2026中考淄博,2,2
2026中考物理真题,3,2
2026中考生物福建,3,2
2026中考英语,2,2
2026中考辽宁,4,2
2026九师联盟高二7月期末检测答案,3,2
2026二卷数学,2,2
2026二卷数学高考,4,2
2026云南高考试卷,4,2
2026全国2卷语文,2,2
2026全国2卷语文真题,3,2
2026全国一卷数学,2,2
2026全国一卷理综真题,6,2
2026全国高中数学联赛,5,2
2026全国高考,3,2
2026全国高考一卷,2,2
2026八下期末,2,2
2026八年级永州英语试卷,4,2
2026内蒙古中考数学,5,2
2026内蒙古中考真题,3,2
2026内蒙古中考英语试卷,2,2
2026凉山州高一期末试卷,3,2
2026初二下册考试试,3,2
2026化学高考真题,2,2
2026北京中考物理,6,2
2026北京西城物理高二下期末,2,2
2026北京高考,3,2
2026北京高考化学,6,2
2026北京高考英语,7,2
2026南京中考数学,3,2
2026南充高一数学,2,2
2026南通中考试卷,2,2
2026历史高考,4,2
2026各地高考化学卷,7,2
2026吉林省四平市伊通满族自治县八年级下学期期末考试试卷,5,2
2026吉林高考,3,2
2026和平区高二语文期末,7,2
2026哈尔滨中考,4,2
2026地理答题模板,2,2
2026地理高考,5,2
2026地理高考卷,2,2
2026大连联考高二7月期末,4,2
2026天津中考英语,3,2
2026天津高考化学,4,2
2026天津高考地理试卷,3,2
2026宁德市高二下学期期末质检,6,2
2026安徽中考英语,4,2
2026宿迁中考真题,3,2
2026届云南省多校联盟高三第二次联考模拟预测 生物,3,2
2026届广州市高三年级调研测试,3,2
2026届成都高三一诊试卷下载数学物理,2,2
2026届毕业生12月联考,3,2
2026届浙江省高考物理选考特训电磁感应中的几个问题,10,2
2026届湖南省长沙市高三下学期第二次模拟自编卷数学试题(人教A版),3,2
2026届高三上学期选择性考试 化学试卷,3,2
2026届高三教学情况调研三模英语,3,2
2026山东中考卷,2,2
2026山东中考数学,7,2
2026山东地理高考真题,2,2
2026山东生物高二下学期期末,3,2
2026山东生物高考真题,7,2
2026山东省中考,3,2
2026山东高考政治,2,2
2026山东高考生物,4,2
2026山西高考真题,3,2
2026岱岳八下期末,4,2
2026崇左市秋季学期高二期末,2,2
2026年1月浙江省普通高校招生选考科目考试,6,2
2026年2月华罗庚 冬令营香港,2,2
2026年5年级数学南海区考试答案,2,2
2026年6月浙江省普通高校招生选考科目考试,2,2
2026年6月浙江省普通高校招生选考科目考试历史试题,3,2
2026年7月江苏省希望杯数学竞赛2026I-S-1一年级试卷,3,2
2026年七年级下册数学期末试卷,3,2
2026年七年级下册期末试卷,2,2
2026年中考 2026年中考数学,4,2
2026年中考 英语河南省试卷,2,2
2026年中考数学试卷,5,2
2026年中考济南真题数学,2,2
2026年中考英语试卷,2,2
2026年云南省中考数学真题,5,2
2026年五年级下册语文期末试卷人教版真题,3,2
2026年五年级数学北师大版上册第一单元小数的再认识和加减法试卷,6,2
2026年全国2卷英语,3,2
2026年全国2卷语文,2,2
2026年全国一卷语文答案,2,2
2026年全国二卷语文,2,2
2026年全国甲卷英语,5,2
2026年全国高考物理试卷真题,2,2
2026年内蒙古赤峰市翁牛特旗全市统考化学卷子,13,2
2026年北京中考数学,2,2
2026年北京市中考数学试卷,5,2
2026年南平市建阳区数学期末,2,2
2026年南阳市高一下学期期末卷,8,2
2026年南阳市高二期末数学考试,3,2
2026年合肥市一中,2,2
2026年咸宁高一期末化学,2,2
2026年四川合格考试卷地理高一,3,2
2026年四川高考试卷,2,2
2026年大连中考语文真题,2,2
2026年大连市高三综合模拟考试一,4,2
2026年天津中考英语,2,2
2026年天津市红桥区八年级物理,4,2
2026年天津高考语文,5,2
2026年宁德市初中毕业班质量检测英语试题,7,2
2026年安宁区八校联考试卷,2,2
2026年安徽生物高考卷,5,2
2026年安徽省中考生物地理试卷,2,2
2026年安徽高考历史真题,2,2
2026年宜宾中考卷,12,2
2026年小升初名校真题,3,2
2026年山东一卷高考数学,2,2
2026年山东省普通高中学业水平等级考试物理试题,3,2
2026年山东省烟台市高一历史期末考试,4,2
2026年山东省聊城市莘县,2,2
2026年广东小高考真题,7,2
2026年广东省中考,5,2
2026年广州中考,3,2
2026年广州市海珠区7年级下期末测试卷,2,2
2026年广西北海七年级下册期末英语,3,2
2026年房山区高一期末,5,2
2026年数学新高考一卷,4,2
2026年新课标全国Ⅱ卷数学原卷及解析,2,2
2026年春季学期 高一英语河池市普通高中期末教学质量,2,2
2026年春季学期灵山县那隆中学高二化学期末试卷,2,2
2026年春高一期末教学质量评价英语试题,3,2
2026年普通高中学业水平选择性考试思想政治广东卷,3,2
2026年普通高等学校招生全国统一考试 全国I卷,4,2
2026年普通高等学校招生选择性考试化学,4,2
2026年普通高等学校招生选择性考试历史,2,2
2026年期末考试卷安徽舒城县杭埠中学,2,2
2026年武汉市英语高三英语9调试卷,2,2
2026年江苏省南通市数学,2,2
2026年江门数学普通高中高一调研测试 二,3,2
2026年河北省新一卷英语高考,2,2
2026年河南省南阳市淅川县三年级下册期末数学检测卷,2,2
2026年河南省商丘市高二下学期期末考试原卷和解析,2,2
2026年河南省高考历史,3,2
2026年河南高考数学卷,4,2
2026年泰安市物理中考真题,3,2
2026年泸州市高二期末英语试卷,3,2
2026年济南市高一英语期末考试题,2,2
2026年浏阳,2,2
2026年浙江中考数学,6,2
2026年浙江省初二期末试卷,2,2
2026年海南天一联考,4,2
2026年海南省天一联考语文试卷,2,2
2026年深圳市高三年级第一次调研考试数学,2,2
2026年湖北中考卷,3,2
2026年湖北中考历史,4,2
2026年湖北省中考数学试卷,5,2
2026年湖北省初中学业水平考试,3,2
2026年湖北省咸安区高一联考卷期末,7,2
2026年湖南师大附中高二下学期期末试卷,2,2
2026年湛江中考物理卷,3,2
2026年玉溪市六年级6月期末考试卷,3,2
2026年甘肃省高考语文试卷,5,2
2026年生物甘肃高考真题,3,2
2026年生物高考真题,5,2
2026年皇姑一模考试卷,4,2
2026年石家庄市中考真题,2,2
2026年茂名市高二期末质量检测,2,2
2026年菏泽期末英语听力,4,2
2026年葫芦岛市一高中二高中七校协作体化学试题,3,2
2026年蚌埠市高二期末政治试卷,3,2
2026年语文全国二卷,2,2
2026年语文高考卷答案,2,2
2026年贵港市覃塘区七下数学期末测试卷,3,2
2026年赤峰高一统一期末考试,8,2
2026年辽宁中考数学,4,2
2026年辽宁省中考试卷,3,2
2026年辽宁省初中学业水平考试语文,3,2
2026年辽宁省朝阳市高二期末考试,3,2
2026年达州市达川区八下期末试卷,2,2
2026年通州区高一下期末化学试卷,3,2
2026年郴州七年级下英语期末统考试卷,3,2
2026年郴州数学七年级下统考试卷,2,2
2026年重庆一中初2026届第一次模拟卷,2,2
2026年重庆一中高2027届高二下期期末考试生物试卷,3,2
2026年重庆中考数学,4,2
2026年长沙市初一下学期期末考试,2,2
2026年陕西省西安市第一中学高考语文模拟试卷,2,2
2026年青海省西宁市中考卷,2,2
2026年高一下册茂名期末,3,2
2026年高一年级期末质量检测,7,2
2026年高二下学期宁夏银川一中期末英语考试,4,2
2026年高考2卷,3,2
2026年高考二卷理综合卷,3,2
2026年高考全国1卷英语高考真题,4,2
2026年高考全国一 二卷语文青海,2,2
2026年高考前最后一卷化学黑吉辽蒙专用,3,2
2026年高考化学江苏,3,2
2026年高考历史真题,3,2
2026年高考山东卷完整版,9,2
2026年高考必背120个文言实词,8,2
2026年高考必背文言虚词,3,2
2026年高考河北卷物理真题,2,2
2026年高考物理,14,2
2026年高考真题河北卷生物,2,2
2026年高考考前预测卷（陕晋青宁专用）,3,2
2026年高考英语全国二卷卷,5,2
2026年高考试卷语文,4,2
2026年高考语文 2卷全国2卷真题,4,2
2026年高考语文试卷全国一卷,3,2
2026年鲅鱼圈五年级期末考试数学卷,3,2
2026年黑吉辽蒙高考,3,2
2026年黑吉辽高考化学卷,2,2
2026年龙华区期末数学试卷卷八年级,2,2
2026广东中考语文真题,4,2
2026广东中考语文真题扫描版,2,2
2026广东华南师范大学附属中学月考高一数学,3,2
2026广东历史高考真题,5,2
2026广东合格考,4,2
2026广东地理高考卷,2,2
2026广东物理高考真题,2,2
2026广东生物高考真题,3,2
2026广东省东莞市高三一模政治,2,2
2026广东高考,3,2
2026广东高考化学,4,2
2026广东高考物理,2,2
2026广东高考真题,3,2
2026广州二模,3,2
2026广州五校高考数学诊断,3,2
2026广州语文中考,6,2
2026广西中考数学真题,3,2
2026广西桂林市期末试卷,2,2
2026广西贵港玉林高三1月适应性测试地理,3,2
2026广西高考卷,3,2
2026德州中考,7,2
2026成都七中,2,2
2026成都各区一诊英语试卷,2,2
2026成都零诊试卷,3,2
2026数学辽宁葫芦岛初一期末,3,2
2026新教材九年级上册语文必背篇目打卡清单,9,2
2026新疆模考物理,2,2
2026新疆高考,2,2
2026新课标2卷理综真题,3,2
2026新高考2卷语文,2,2
2026新高考一卷数学,3,2
2026新高考二卷,2,2
2026新高考二卷数学,3,2
2026新高考英语1卷,2,2
2026新高考语文一卷PDF,3,2
2026日照一中高一期末,2,2
2026春学期七年级初中学生阶段性评价,9,2
2026普通高中学业水平选择性考试,13,2
2026普通高中学业水平选择性考试地理,2,2
2026普通高中学业水平选择性考试甘肃,2,2
2026普通高等学校招生选择性考试,6,2
2026曹县,2,2
2026期末考试真题,3,2
2026期末试卷,4,2
2026枣庄人教版6下数学期末试卷,3,2
2026江西吉安中考数学试卷,2,2
2026江西高考化学卷,3,2
2026江门市高二期末考试卷,4,2
2026沈阳市沈河区七年期末英语,3,2
2026河北中考物理,3,2
2026河北化学中考,3,2
2026河北唐山市遵化市化学中考,2,2
2026河北沧衡名校联盟期中数学?。,2,2
2026河北高考 语文,4,2
2026河北高考历史,3,2
2026河北高考物理,2,2
2026河北高考物理真题,4,2
2026河南中考,3,2
2026河南地理高考卷,2,2
2026河南高考,4,2
2026河南高考化学卷子,2,2
2026河南高考历史卷,6,2
2026河南高考地理卷,4,2
2026泰安市岱岳区七上期中考试,3,2
2026泰安市高一上学期数学,3,2
2026泸州高一期末统考答案,3,2
2026洛阳市孟津区英语下册六年级期末试卷,2,2
2026济南中考数学试卷,2,2
2026济南二模英语,2,2
2026济南二模英语听力,2,2
2026济南二模英语听力高三,4,2
2026浙教版九年级上册科学 同步练习 抢鲜版,3,2
2026浙江6月高考,2,2
2026浙江中考数学真题,3,2
2026海南中考,4,2
2026淄博中考历史试题,2,2
2026淄博中考数学,4,2
2026淄博中考物理,3,2
2026淄博高一期末7月,5,2
2026淮安高一期末,2,2
2026深圳一模,8,2
2026深圳一模数学,2,2
2026深圳中考,4,2
2026深圳中考物理真题,2,2
2026深圳市外国语学校高中园高二第二学期期末考试卷,3,2
2026深圳高三年级第一次调研考试,2,2
2026湖北省武汉市中考数学试题,3,2
2026湖北语文试卷,3,2
2026湖南生物高考,2,2
2026滨州下学期期末考试,2,2
2026物理,2,2
2026甘肃省中考语文,3,2
2026甘肃省普通高中合格性考试标准测评卷,2,2
2026甘肃语文中考试题,2,2
2026生物真题广州高一下,5,2
2026真题,2,2
2026福建中考,5,2
2026福建省惠安县英语试卷,3,2
2026秋季人教版九上英语单词,4,2
2026秋季高三开学学情自测卷01,3,2
2026秋新外研英语单词默写,4,2
2026聊城二模,2,2
2026聊城高二英语期末试题,4,2
2026苏州中考英语,2,2
2026茂名高二期末数学,2,2
2026蚌埠市高二下学期期末考试物理,2,2
2026西城高一上数学,2,2
2026贵州高考,2,2
2026贵州高考化学卷,4,2
2026贵州高考生物,2,2
2026资阳市中考试卷,3,2
2026辽宁中考数学,3,2
2026辽宁中考语文真题,4,2
2026辽宁点石联考,2,2
2026辽宁高考各科试卷,3,2
2026连云港物理期末试卷高一,3,2
2026遵义兀数学竞赛三四年级考题,2,2
2026邯郸高一期末联考,2,2
2026酒泉市英语,5,2
2026重庆中考二轮数学几何证明,5,2
2026重庆中考数学,6,2
2026长春市高三上学期质量监测,2,2
2026长沙中考,2,2
2026长沙中考真题,7,2
2026陕西中考历史,2,2
2026陕西中考数学,7,2
2026陕西中考物理,2,2
2026陕西中考语文,4,2
2026驻马店高一下期末考试,3,2
2026高一下期末化学试卷,11,2
2026高一学考湖南.,2,2
2026高一生物期末考试德州卷,3,2
2026高三无机化学分元素汇总,11,2
2026高二下山东德州期末考试,3,2
2026高二下期末考试,2,2
2026高二临沂期末,8,2
2026高二潍坊市历史期末质量监测试题,2,2
2026高二辽宁省五校联考,17,2
2026高二辽宁省五校联考高二数学期末考试,4,2
2026高考 1 卷 高考 数学,2,2
2026高考2卷物理,4,2
2026高考2卷英语,3,2
2026高考一轮复习考点专题精炼选择性必修上教材文言文逐篇过关训练挖空练习 句子翻译 实词虚词 情景默写,8,2
2026高考二卷生物,2,2
2026高考全国二卷真题,4,2
2026高考全国二卷语文卷,2,2
2026高考化学,3,2
2026高考化学山东卷,4,2
2026高考卷,6,2
2026高考卷山东,4,2
2026高考地理,3,2
2026高考新一卷数学,5,2
2026高考物理北京卷,3,2
2026高考物理四川卷,3,2
2026高考物理真题,3,2
2026高考物理福建卷,3,2
2026高考真题,10,2
2026高考真题集合,2,2
2026高考考纲词汇手册默写,7,2
2026高考英语全国一卷,2,2
2026高考试卷安徽,5,2
2026高考语文二卷真题,2,2
2026高考语文全国一卷,3,2
2026黑吉辽蒙物理,3,2
2026黑龙江省普通高等学校招生选择性考试，化学,5,2
2026，七年级下英语期末试卷第五子联盟,2,2
2027 2027高三一轮,4,2
2027 3年高考2年模拟 数学新教材一轮复习,2,2
2027届高三化学一轮复习,4,2
2027届高三化学一轮复习电化学,9,2
2027最新模考语文卷,3,2
202六安徽中考,2,2
202六安徽池州中考,3,2
20二六届重庆市第八中学校高35月热身考试语文试题,3,2
20以内加减法,3,2
21年1卷 高考卷数学,2,2
23年全国一卷,2,2
23年济南中考物理,3,2
23高考真题,2,2
24年全国卷高考地理试卷,3,2
24年全国高考二卷英语,2,2
24年高考语文全国一卷,2,2
25 年 0 1卷 全国 1 卷 语文 高考真题,3,2
25-26上海中学高一分班,2,2
25年全国二卷数学,4,2
25年西宁市高一期末化学,2,2
25年越秀区初三一模试题答案,2,2
26 年 0 1卷 全国 1 卷 英语高考真题,4,2
26 年，辽宁中考,3,2
26 年，辽宁中考样题,2,2
26年T8联考,3,2
26年全国一卷高考英语,3,2
26年全国一卷高考英语河南,2,2
26年化学高考真题,2,2
26年四川省合格性考试生物卷,4,2
26年数学中考,3,2
26年新高考一卷英语,2,2
26年湖北中考,6,2
26年秋教科版英语六年级上册,2,2
26年英语高考真题,2,2
26年赤峰高二期末,2,2
26年高考政治卷,2,2
26年高考语文全国一卷,4,2
26河西区高二期末语文,2,2
26高三泉州质检,2,2
26高考,7,2
26高考英语,2,2
27《金版新学案》高三总复习 英语（广东专版）,4,2
28.3 二次函数与实际问题,6,2
2模,2,2
3 一元二次方程的判别式,3,2
3 串联电路和并联电路,15,2
3 解直角三角形,6,2
3. 光的干涉,2,2
3. 动能 动能定理,4,2
3. 电势差与电场强度的关系,5,2
3.2幂函数的图象与性质,4,2
30°，45°，60°角的三角函数值,7,2
3500,8,2
3500 1 单词乱序英语按天数来,2,2
3500单词,3,2
3500单词默写,4,2
3683838?（2025–2026高一期末学易金卷黑吉辽蒙全套专辑），专辑内包含英语、物理、生物三科全套原题+答案+解析。,4,2
4 二次函数与一元二次方程的关系,2,2
4. 串联电路和并联电路,2,2
4. 匀变速直线运动规律的应用,3,2
4. 波的干涉,3,2
4.1 一元一次方程的实际应用（上）,3,2
4.1指数,3,2
4.1（1）元素周期表,4,2
40232806,2,2
40届全国物理竞赛,2,2
45中,4,2
45套卷2026年天星,2,2
47中测试卷,4,2
48个国际音标,3,2
48中,6,2
4年级下册数学期末试卷,3,2
5. 电势 电势差,6,2
5.1.2消化和吸收是消化系统的主要巧能,2,2
5.通分和分数的大小比较,2,2
53,3,2
53基础题 高中数学,2,2
53金卷化学,5,2
58133995,2,2
58218724,2,2
58422986,2,2
58434673,2,2
58769814,2,2
58792119,2,2
58806682,4,2
5升6概括文章主要内容专项训练,5,2
5年级下册期末试卷人教版数学,2,2
5选5,4,2
688词汇 高考背诵默写监测,6,2
688高考高频核心词汇,17,2
688高考高频词汇,8,2
7年级开门考,7,2
7月期末,3,2
7月高一期末巩固训练,4,2
7月高二期末巩固训练生物,2,2
7选5,7,2
8年级上册华东师大版数学,7,2
8年级下册数学,3,2
8月开学摸底考试,9,2
9787538573350,2,2
9年级上册,5,2
9月月考数学,4,2
9月调考,3,2
A10,3,2
A10安徽高二下期末,7,2
A10联盟高三8月,3,2
A9 协作体九月,2,2
A9高三返校考,2,2
AMC10,4,2
AMC82021,3,2
A佳教育,4,2
A名校课堂,5,2
BEST合作体吉林省,4,2
C20功夫卷,2,2
CMO,2,2
G12,6,2
G12名校协作体,4,2
G4联考,5,2
IMO数学竞赛,5,2
KET 2025年剑桥真题卷广州市,3,2
MST2027版一轮复习数学,9,2
NEPTS 真题,2,2
NT20名校联合体高一年级期末考试,8,2
PPT模版,2,2
Starter Welcome to Junior high 单词1247记忆法默写表 2025,2,2
T 8 12月联考,3,2
T 8 联考,3,2
T8联考八省八校,2,2
T8联考物理,2,2
TJJE新高考研究联盟2024至2025学年第二学期高一年级期末教学质量检测日语答案,3,2
Unit 1 My Dream Job 单元测试·培优提升卷 仁爱科普版八上,4,2
Unit 1 Teenage Life Listening and Speaking,2,2
Unit 1 This is me!单词拆弹手动画,2,2
Unit 1 第1课时 Get ready & Start up,2,2
Unit 7，Ways to Be Healthy 话题阅读精练,2,2
Units3Diverse Cultures自测卷,4,2
Vsepr,4,2
Vt图像物理,5,2
YMO,3,2
Z20 名校联盟 2026届高三第一次联考,2,2
Z20名校2025届高三第二次联考物理试卷的答案,2,2
Z20名校联盟2026届高三第三次学情诊断政治,2,2
Z20联考,2,2
Zymc 3,6,2
a10,2,2
going green,3,2
https://m.zxxk.com/soft/54372127.html,4,2
https://m.zxxk.com/soft/58550666.html,4,2
https://sx.zxxk.com/soft/58503432.html,8,2
https://www.zxxk.com,7,2
https://www.zxxk.com/soft/52305651.html,9,2
https://www.zxxk.com/soft/58683858.html,7,2
imo,4,2
old things,3,2
qinianji1 七年级下册 数学 期末测试卷,6,2
soft/54729204,3,2
t8,5,2
then and。now,3,2
thussat,2,2
unit5 our neighbourhood话题阅读精练,2,2
unit6 being creative话题阅读精练,2,2
units3自测卷,6,2
w w w zxxk com卷子,2,2
www zxxk com参考答案 九年级上册,2,2
zxxk com,7,2
“一本 三年级英语上册 人教PEP版2024 听力”,3,2
“南京市江宁区 五年级 数学 期末”,4,2
。泉州第五中学9年级上册数学题目。,2,2
《2026年泰安市中考英语试题A卷》,3,2
《唐诗三百首》,4,2
《星火英语·小学四年级进阶阅读》,2,2
《朝花夕拾》 精读、略读、浏览,4,2
《水浒传》,11,2
《红星照耀中国》八年级上册知识点清单/逐章考点/知识填空版,3,2
《论语》高中,2,2
《陕西省商洛市2025-2026学年高二下学期7月期末考试数学试题》,4,2
「上好课·2026新九年级数学暑假自学课」系列电子讲义文档,7,2
「邓州市2025-2026第一学期七年级期末」语文试卷,3,2
【上好课】2026年新高二化学暑假培优系列（人教版）,4,2
一 元一次方程 100道,5,2
一 元一次方程 100道初中数学,3,2
一 元二次方程,5,2
一 次函数八年级专项复习期末,2,2
一 轮 2027 高三 一轮复习数学,3,2
一 轮 复习 2026 按单元,6,2
一 轮 复习 2026必修一,3,2
一中锦山,3,2
一元一次不等式组应用题,9,2
一元一次方程运算,6,2
一元二次不等式,3,2
一元二次交点问题,7,2
一元二次函数,5,2
一元二次函数 不等式 方程,3,2
一元二次分式高次函数不等式,3,2
一元二次方程应用题,3,2
一元二次方程测试卷,3,2
一元二次方程练习题,3,2
一元二次方程解法,3,2
一六一,16,2
一六六中学,2,2
一升二 2026年暑假衔接数学,4,2
一升二 2026年暑假衔接数学人教版,4,2
一小球击中粗糙斜面物理,2,2
一年级,2,2
一年级 0 10 加减法 口算 100 题 专项 练习题 分合 运算,5,2
一年级 数学 1 年级 下册期末,8,2
一年级上册数学,5,2
一年级下试卷,2,2
一年级奥数,10,2
一年级寒假语文作业电子版,5,2
一年级巧填数阵专项训练,8,2
一年级数学,2,2
一战成名新中考,8,2
一摸,2,2
一数100讲高考数学,2,2
一次函数专项,3,2
一次函数专项练习,9,2
一次函数几何压轴专项,6,2
一次函数压轴题,6,2
一次比一次值域作图,3,2
一线三等角模型,3,2
一般疑问句,4,2
一调,5,2
一轮复习资料数学,6,2
一轮生物期末考试卷,3,2
一遍过2026人教版,5,2
一零一中学,6,2
一飞冲天,5,2
一飞冲天 2025 2026年 天津专版专项电子版,9,2
丁一杯全国总测试,5,2
七 025 2026 年 七年级下 学期 期末数学试卷,3,2
七上2024版英语电子书,4,2
七上分班考,4,2
七上外研版英语,3,2
七上数学,2,2
七上数学 第一章 学情评估 有理数,4,2
七上数学人教版有理数的运算试题,2,2
七上数学单元检测,2,2
七上数学单元测试,2,2
七上数学期末卷,7,2
七上数学计算 100专项训练计算专项,7,2
七上期中数学,2,2
七上英语,6,2
七下,3,2
七下 数学期末测试卷,2,2
七下仁爱英语完型填空,5,2
七下地理,3,2
七下地理试卷,2,2
七下期未试卷数学,9,2
七下期末2026,5,2
七下期末卷数学,7,2
七下期来真题卷英语,6,2
七下生物冀少第一单元,9,2
七下英语听力,10,2
七下英语期末,5,2
七下英语许昌试卷,4,2
七下英语试卷,3,2
七下英语试卷新疆,2,2
七升八 2025年新八年级数学暑期衔接讲义,8,2
七宝中学,8,2
七年级上册历史月考,2,2
七年级上册历史第一单元,3,2
七年级上册数学必刷题,7,2
七年级上册数学有理数第一单元练习题青岛版,4,2
七年级上册数学期中考试青岛西海岸去年,6,2
七年级上册期末质量检测,2,2
七年级上册第一章数学试卷,3,2
七年级上册英语单元测试卷,11,2
七年级上册英语每单元短语，句型,2,2
七年级上册试卷,2,2
七年级上册语文,6,2
七年级上学期期末,2,2
七年级上学期第一次月考,4,2
七年级上数学有理数,5,2
七年级下册地理期末试卷,5,2
七年级下册数学 期末 测试卷,2,2
七年级下册数学人教版期末卷武,2,2
七年级下册期末英语泸州市,3,2
七年级下册英语期末试卷,4,2
七年级下学期阶段检测,2,2
七年级分班考试卷,12,2
七年级完形填空60篇  人教版,19,2
七年级数学,3,2
七年级数学第一单元专项,3,2
七年级数学计算天天练,8,2
七年级有理数计算,2,2
七年级英语上册期末试卷,2,2
七年级英语滨海新区首字母填空,2,2
七年级英语重庆沙坪坝,5,2
七年级计算题,2,2
七年级语文背诵清单,2,2
七月高一期末巩固训练河北,12,2
七校联考,4,2
七校联考辽宁葫芦岛,2,2
七级第二学期期末复习检测卷一,2,2
七选五2026,3,2
万唯 2026中考黑白卷数学,3,2
万唯大小卷英语八年级上人教版,11,2
万唯语文作文,2,2
万有引力与宇宙航行,9,2
万维,6,2
三 新 2026年 江西 联考,4,2
三下数学口算,4,2
三下英语期末,5,2
三中五象,3,2
三中月考,3,2
三中期末,2,2
三十六中,3,2
三升四 2026年暑假,5,2
三单元复习题,3,2
三台县,4,2
三峡语文,5,2
三年真题分类汇编,4,2
三年級数学 2025 2026三年级数学下册期末,2,2
三年级 期末测试 卷,3,2
三年级下册期末试卷,8,2
三年级下册英语期末试卷,2,2
三年级下阅读,8,2
三年级数学期末考试,2,2
三年级期末数学试卷,2,2
三年级综合数学题,3,2
三年级英语,4,2
三年级英语外研,3,2
三年级英语第一单元,2,2
三明2026高二下期末,2,2
三明二中高一数学,4,2
三明市 2024 2025学年第二学期普通高中期末质量检测,2,2
三明市2025 2026学年第二学期高二期末适应性练习,5,2
三明市初中毕业班第2次教学质量监测,3,2
三校生高考,13,2
三江源民族中学,5,2
三角 函数 025 一轮 专题,5,2
三角函数 2026高考一轮,4,2
三角函数专题复习,4,2
三角函数中w的取值范围,5,2
三角函数化简求值,4,2
三角函数的导数,2,2
三角形 动点 北师大版,3,2
三角形八上,4,2
三角形辅助线,3,2
三门峡26年八下数学期末卷,2,2
上分卷,4,2
上外附中,5,2
上好课分层作业,13,2
上好课济南生物八上第1章试卷,3,2
上好课高一英语衔接,9,2
上海 02 6 初三 三模,2,2
上海 高一 分班考,2,2
上海2024年高三一模英语,5,2
上海中考卷,5,2
上海中考历史,2,2
上海九年级上学期期中,2,2
上海交通大学附属中学2020英语,2,2
上海交通大学附属中学高一上期中期末试卷,2,2
上海六年级下学期期末,2,2
上海分班考,2,2
上海分班考 高一,10,2
上海初二语文期末卷,2,2
上海卷 2026高考真题,3,2
上海地理专题,2,2
上海小升初语文,2,2
上海市上海中学,4,2
上海市中考化学真卷,11,2
上海市金山中学2020~2021高一下英语期中考试卷,2,2
上海市青浦高级中学2023学年第二学期3月质量检测高三英语试卷答案,5,2
上海市高一物理联考,3,2
上海期末,2,2
上海牛津上海版六上英语试用本原课本2023,5,2
上海英语 2026 真题,3,2
上海语文高一暑假衔接预习专题,4,2
上海高一,5,2
上海高一物理1到3章模拟卷,4,2
上海高三模拟考,8,2
上海高三英语二模,7,2
上海高考,10,2
上海高考卷,4,2
上犹中学,2,2
上课,2,2
上饶市余干县沙港,5,2
不动点稳定点,4,2
不等式  一轮 专题 复习,2,2
与量有关的离子反应方程式的书写,4,2
专 题,2,2
专辑,3,2
专项 练习,4,2
专项复习2026,2,2
专项学习高二数学,3,2
专项训练,7,2
专题 圆锥曲线,5,2
专题01 平面向量 复数,19,2
专题01 语法填空之有提示词（专题专练）（上海专用）2026年高考英语二轮复习讲练测,2,2
专题01相交线与平行线,4,2
专题02一次函数,2,2
专题02勾股定理,4,2
专题02化学基础实验汇总,8,2
专题05 带电粒子,3,2
专题08 三角函数（真题研析+真题精炼+模拟探源，全国通用）2026年高考数学真题题源解密,12,2
专题1 化学反应与能量变化,4,2
专题10 化学与人类社会进步,5,2
专题16 完形填空（25年16区二模）,3,2
专题2我们周围的空气,2,2
专题一分子与细胞,8,2
专题数学人教版,2,2
世纪金榜2026全程复习方略,6,2
丘成桐少年班选拨真题,4,2
东乡一中,3,2
东北,2,2
东北三省三校,2,2
东北师大附中 2 0 25 2026 高三年级五月模拟考试,2,2
东北师大附中附属实验学校初中部,4,2
东北师大附中高二上,3,2
东北师范大学 附属中学,4,2
东北育才 2025 2026,5,2
东华,4,2
东华初级中学,2,2
东城区高一下期末数学,3,2
东城区高二下数学,2,2
东城物理,4,2
东城英语,2,2
东宁市第一中学,3,2
东平,5,2
东平县,2,2
东平高级中学,9,2
东方红学校,5,2
东昌中学,4,2
东湖高新区,2,2
东至县,9,2
东莞 自主招生,2,2
东莞2025中考,4,2
东莞东华初级中学,15,2
东莞东华高级中学自主招生英语,4,2
东莞中学,4,2
东莞中学松山湖学校,2,2
东莞中考数学,2,2
东莞市2025 2026期末政治,2,2
东莞市20252026七年级第二学期,3,2
东营六年级,2,2
东营市育才中学分班考,2,2
东阳,2,2
东风高级中学,3,2
中 考上海,4,2
中加,3,2
中加双语学校,3,2
中华中学,5,2
中国初中奥林匹克数学cmo竞赛2025,2,2
中国古代史的思维导图,4,2
中国地图空白版,5,2
中国地理,3,2
中学学科网,9,2
中学生数学联赛,3,2
中山中考数学,3,2
中山八下期末,3,2
中山市2026高一下期末试卷,2,2
中山市三鑫凯茵学校,5,2
中山市中考,2,2
中山市华辰实验中学20252026,3,2
中山市期末物理八上,3,2
中山市第一中学,4,2
中山市纪念中学,5,2
中山市高二期末考试下学期,3,2
中山市高二期末考试下学期数学,3,2
中山纪雅入学考试,2,2
中牟县中考,3,2
中考 2026,3,2
中考 作文,5,2
中考 数学计算题2026计算专题训练,3,2
中考 英语词汇 1600 背诵版和默写版人教版,3,2
中考800词汇,7,2
中考专项练习,5,2
中考优秀作文,8,2
中考优秀作文范文100篇,8,2
中考化学,7,2
中考卷2026,2,2
中考历史,5,2
中考压轴题,9,2
中考压轴题2026,6,2
中考安徽,3,2
中考广东,2,2
中考快递数学,4,2
中考江西,2,2
中考物理压轴综合题,4,2
中考生物,2,2
中考生物2026真题,2,2
中考英语1600词配套短语,3,2
中考英语1600词配套短语不规则动词,2,2
中考英语作文范文,3,2
中考英语安徽,2,2
中考英语短语搭配,4,2
中考英语阅读理解,4,2
中考试卷2026,2,2
中考题,9,2
中职英语,5,2
中职试卷,4,2
中衡高级中学暑假作业,7,2
丰南区小升初,4,2
丰南区第二中学,2,2
丰台区,2,2
丰台期末,2,2
串并联电路,2,2
临夏回族自治州2026八下物理,2,2
临夏州高二期末考试卷,4,2
临沂 2026 高二期中,2,2
临沂 2026 高二期末英语,4,2
临沂2025高一期末试卷,2,2
临沂2026高二期末生物,3,2
临沂26年高二下期末考试,4,2
临沂一中,3,2
临沂一中2025月考第一次,3,2
临沂一模,2,2
临沂分班考,6,2
临沂初中三角函数,6,2
临沂市,4,2
临沂市2024级普通高中学科素养水平检测考试,4,2
临沂市2025-2026学年高一下学期英语期末监测卷,3,2
临沂市2026年初二期末考试,4,2
临沂市2026年高一期末考试,6,2
临沂市费县高一数学月考,2,2
临沂市高二下学期期末数学,3,2
临沂期末2026,2,2
临沂高一下学期期末,2,2
临沂高二下学期历史期末,4,2
临沂高二期末语文,2,2
临泉一中,2,2
临泉五年级2026期末试卷英语,5,2
临洮中学,2,2
临澧一中,3,2
丹东2024 2025,3,2
丹东二中2025—2026学年度上学期高二年级10月份联合考试英语,2,2
丹东二中高一,3,2
丹东四中,2,2
丹东市2025 2026学年度上学期高二期末考试,3,2
丹阳市八中九年级上期中物理题,6,2
主谓一致,7,2
丽水期末,7,2
举 一 反三,2,2
乌兰浩特一中,3,2
乌拉特前旗,2,2
乌有先生历险记,2,2
乌鲁木齐分班考试,7,2
乐山一中,4,2
乐山东辰,4,2
乐山嘉祥,2,2
乐平市2025至2026学年下学期期末学业评价7年级英语,10,2
乐平数学八年级下册期末考试,2,2
乐清知临中学,3,2
乐陵一中,6,2
乐陵二中,3,2
乐陵市六下期末2026,3,2
乘法公式,4,2
乘风语文,2,2
九,2,2
九 师 202 6 九师联盟期末,4,2
九上 0 古诗 文理解性期末默写带答案,3,2
九上 第1章 二次函数,2,2
九上人教英语,8,2
九上化学,2,2
九上化学1 章,2,2
九上化学单元卷原创,3,2
九上化学期中,3,2
九上化学科普版试卷,2,2
九上化学第一次月考,3,2
九上单词默写,4,2
九上政治2026知识点,3,2
九上政治2026知识点汇总,6,2
九上数学,4,2
九上数学圆的练习,5,2
九上数学期中考试,6,2
九上数学相似专题,4,2
九上月考,3,2
九上物理必记背知识,3,2
九上第一单元测试卷,2,2
九上英语,2,2
九上英语 单词默写表译林版2026秋,4,2
九上英语U1单元卷,3,2
九上试卷,3,2
九上语文2026新教材 电子版,6,2
九上语文必背,8,2
九上语文必背古诗词和文言文汇总,4,2
九上语文期中,4,2
九上语文第一次月考,2,2
九下化学金属和金属材料单元测试卷,4,2
九下期末,3,2
九中开学册,3,2
九中教育集团,3,2
九师联盟2026学年高一下学期7月期末考试YK,4,2
九师联盟2026高二下七月黑吉辽蒙,3,2
九师联盟高一,3,2
九师联盟高一下学期期末,4,2
九师联盟高一下学期期末辽宁,2,2
九师联盟高二下期末,3,2
九师联盟高二下期末2026,6,2
九年上语文电子课本,4,2
九年物理画电路图题,4,2
九年物理画电路图题人教版,8,2
九年级 英语,4,2
九年级上册化学第一次月考试卷,10,2
九年级上册北师大版数学,2,2
九年级上册北师大版数学第一单元试题,3,2
九年级上册历史2026年新版2026 2027历史知识点提纲,4,2
九年级上册广东数学,2,2
九年级上册数学,3,2
九年级上册数学 期末考试,3,2
九年级上册数学反比例函数练习题,2,2
九年级上册数学福建期末试卷2026,2,2
九年级上册第一单元,4,2
九年级上册第一次月考化学,6,2
九年级上册第一次月考卷,3,2
九年级上册英语2026年新版 人教版新版,8,2
九年级上册英语单词表,2,2
九年级上册语文2026年新版,3,2
九年级上学期期中,2,2
九年级上学期阶段检测,2,2
九年级下册化学第一模块测试卷,3,2
九年级化学上册第二单元限时小测 满分40分,3,2
九年级北师大版数学,3,2
九年级数学,3,2
九年级数学上册第一章人教版,2,2
九年级数学二次函数的单元测试题,7,2
九年级数学北师大版,8,2
九年级月考,11,2
九年级物理物质和温度变化练习,3,2
九年级英语贵阳,2,2
九月,3,2
九校联盟,3,2
九校联考,5,2
九江一中2026月考高一,2,2
九江三中,3,2
九江市 2025 2026 学年度下学期期末考试,3,2
九江市 2025 2026 学年度下学期期末考试高一数学,3,2
九江市2025-2026学年度下学期期末教学质量评估试卷三年级英语,5,2
九江市同文中学,2,2
九省联考 1月 2024,5,2
九龙坡区2026高一下期末,4,2
乡土中国 02026 复习资料,3,2
乡土中国必背核心考点语文,2,2
乡宁县第三中学,13,2
书籍,2,2
二元一次方程组和一元一次不等式组大题,11,2
二元一次方程组和一元一次不等式组应用题,2,2
二元一次方程组行程问题,2,2
二元思辨作文,3,2
二六年山东语文中考,2,2
二六年期末语文,3,2
二力平衡,3,2
二十,2,2
二十中学,3,2
二升三,5,2
二升三语文暑假每日一练,5,2
二年级上学期阶段检测,2,2
二年级奥数 测试试卷,6,2
二年级数学奥数思维训练,2,2
二年级计算天天练,5,2
二次 函数 025 一轮 专题中考,4,2
二次函数 人教版,5,2
二次函数 难题,3,2
二次函数一般式的图像和性质,2,2
二次函数基础卷,4,2
二次函数试卷,4,2
二次函数高三,4,2
二次根式单元测试,3,2
二次根式计算,6,2
二项式,3,2
云南,3,2
云南中考数学,4,2
云南保山市2025-2026学年高一下 学期期未检测试题,4,2
云南师大附中,3,2
云南师大附中 2025高一数学期中考,2,2
云南师范大学附属中学,7,2
云南师范大学附属中学高一,3,2
云南文山州2025~2026学年高一下学期学业质量监测数学题,2,2
云南昆明市2025 2026学年高一下学期期末质量检测,4,2
云南楚雄2025 2026学年下学期期末教育质量监测高二试卷,2,2
云南省中考语文真题,5,2
云南省八年级上册物理第一章测试卷,4,2
云南省昆明市2025-2026学年高二下学期7月期末考试生物试题,2,2
云南省昭通市第一中学教研联盟2024到2025学年高一下学期期末质量检测英语试题A卷,2,2
云南省曲靖市麒麟区第七中学第1次月考物理试卷,3,2
云南省红河州、文山州2023-2024学年高一下学期学业质量监测物理试卷,2,2
云南高三下学期期末,3,2
云南高考真题,2,2
云大附中分班考试卷,7,2
云安区,3,2
五三,6,2
五上外研新版英语习题,3,2
五下 语文期末测试卷北京,2,2
五下学年第二学期期末试卷2026辽宁省连山区,5,2
五下解方程计算题,2,2
五十七中,4,2
五原县,2,2
五年級 2026年下册期末数学,8,2
五年级 奥数测试,3,2
五年级 奥数测试举一反三专题,6,2
五年级上册北师大版数学,3,2
五年级下册,9,2
五年级下册数学解决问题,7,2
五年级下册期末试卷，泗洪县,3,2
五年级数学约分,7,2
五年级语文上册人教版必背知识点PDF,4,2
五年高考三年模拟2026人教版,3,2
五年高考三年模拟2027版物理,6,2
五年高考三年模拟2027版物理高一,3,2
五校联盟,2,2
五校联盟卷高一期末下,2,2
五校联考期末高一下辽宁,3,2
亚洲地图,4,2
亳州准高一分班考试试卷,6,2
亳州分班考试卷,3,2
亳州高一期末,3,2
人大附中高一下期末,2,2
人教,2,2
人教A版 数学选修一,2,2
人教A版 高一数学必修第一册 单元基础过关卷 A卷,7,2
人教A版选修一数学教材,4,2
人教a版第一册基础题型训练,2,2
人教七下英语单词表,3,2
人教版 02026七下数学期末考试试题,4,2
人教版 高二数学书必修3,5,2
人教版2024七下数学,6,2
人教版24，一年级英语第一单元至第五单元测试题,2,2
人教版4星学霸黑白题,5,2
人教版7年级上册词汇音频,7,2
人教版七年级上册数学期中考试题,17,2
人教版七年级上册英语单词,9,2
人教版临汾市综合检验卷,3,2
人教版九上化学一单元试卷,4,2
人教版九年级物理全一册 第十三~十七章 知识点清单 一遍过同步,2,2
人教版五年级表面积体积,2,2
人教版五年级解方程,2,2
人教版八下 数学期末测试卷,7,2
人教版八年级上册数学期末考试,3,2
人教版化学必修一第一单元,2,2
人教版四年级上册数学,3,2
人教版四年级上册数学课本,2,2
人教版必修一下册化学试卷期末,3,2
人教版数学八年级下册试卷,3,2
人教版新高考高中化学方程式默写版 空白+答案,4,2
人教版生物必修二课时跟踪检测检测,7,2
人教版英语单词表,3,2
人教版英语选择性必修一单词表朗读,2,2
人教版选择性必修一历史背诵,5,2
人教版高中必修三静电场及其应用,3,2
人教版高中生物选择性必修一稳态与调节 图文知识清单 手绘笔记 免费,2,2
人教版高中英语必修1课文和单词朗读,6,2
人教版高中英语必修一 课文英汉对照,4,2
人教版高二数学课时练,4,2
人民教育出版社九年级道德与法治新教材,9,2
人民日报 2025金句励志ppt早读,3,2
人物素材2026一例十用,4,2
仁爱版英语阅读理解练习,3,2
仁爱英语七下语法,4,2
仁爱英语八上第1单元单元测,4,2
今年中考数学,3,2
今年南阳市中考数学,2,2
介休七下,2,2
介词短语,2,2
从化,6,2
仙游2026数学九上县统考试卷,5,2
伍佑中学,4,2
优 学案课时通,12,2
优 学案课时通starter自我测评卷,3,2
优佳学案人教版配套试卷,3,2
优加学案课时通,2,2
优化探究 2027 英语 一轮 人教版电子版,5,2
优化探究物理高考一轮复习,3,2
优化方案 2027电子版,5,2
优化设计,4,2
优秀的二元思辨作文,6,2
优秀范文高中,5,2
优翼学练优,6,2
会宁县高一模拟试题,4,2
位移与时间,2,2
体育单招数学,3,2
余弦正弦定理专练,2,2
佛山一模,3,2
佛山化学,7,2
佛山市高一上期末数学,2,2
佛山市高一期末考试,3,2
佛山禅城区七年级期末,3,2
佛山高一下学期期末考试,4,2
作文26年热门素材,5,2
作文模板 标题模板 开头段模板 分论点模板 结尾段模板 附成型的 40组议论文结构模板 60组分论,3,2
佳一中,2,2
佳木斯二中高三25年政治开学考试,3,2
佳木斯市第二中学,2,2
佳木斯第一中学高一下期末,7,2
佳木斯高一语文,2,2
供题训练,4,2
俄语必修一,3,2
俄语高二下学期期末,2,2
保定2026高一期末化学,3,2
保定一中 1 3 贯通班 数学 试卷,2,2
保定市高二2026下学期期末考语文卷,2,2
保定重点高中期中期末卷,7,2
保温,6,2
信宜,3,2
信息技术,5,2
信息类文本阅读,5,2
信息类文本阅读练习,3,2
信阳市2025 2026学年高二下学期期末,2,2
信阳市2025 2026学年高二下学期期末考试,4,2
信阳市2026中考,2,2
信阳高级中学,3,2
值域,2,2
儋州市2026年春季学期高一期末学业质量检测政治,7,2
儒林外史 1 100回人物及情节梗概,4,2
充分必要条件,6,2
兆麟中学高一下期末考试,3,2
光合作用大题,5,2
光现象,4,2
免费2024,3,2
免费专区下载,4,2
免费专区英语,5,2
免费区,2,2
免费试卷数学,4,2
兖州,11,2
兖州一中,9,2
入学分班,2,2
入学考试 高中 高一,2,2
全品,3,2
全囯01卷 2026,2,2
全囯02卷,6,2
全囯02卷高考题,2,2
全囯2卷2026高考,2,2
全囯一卷2026高考数学,3,2
全囯卷高考,3,2
全国 1 高考卷英语,2,2
全国2026年新高考二卷,3,2
全国2卷英语,4,2
全国一卷语文2025年高考真题答案,2,2
全国一卷语文2026,4,2
全国一轮复习数学,5,2
全国中学生奥林匹克数学竞赛,4,2
全国二卷数学2026,5,2
全国二卷高考满分作文,6,2
全国单元卷,5,2
全国名校高三单元检测领航卷,5,2
全国高中数学联赛2024,4,2
全国高中数学联赛一试,4,2
全国高考,2,2
全国高考1卷语文,4,2
全国高考二卷,3,2
全国高考卷英语,3,2
全国高考历史卷,2,2
全国高考数学一卷,3,2
全套专辑：内蒙古包头市2024-2025学年高一下学期期末考试试题,3,2
全等,3,2
全等 100道全等三角形,2,2
全等三角形单元测试,4,2
全等三角形辅助线专项练习,3,2
全等模型 八大题型,4,2
八上三角形单元检测,8,2
八上二中第一次月考试数,9,2
八上勾股定理测试卷数学及答案,2,2
八上化学第一单元测试,3,2
八上历史提纲,4,2
八上地理月考卷,3,2
八上外研社英语,2,2
八上小四门河南信阳 早背晚默资料,5,2
八上数学人教版13章三角形单元测试,2,2
八上数学全等三角形专项,6,2
八上数学北师大版,6,2
八上数学月考,3,2
八上数学月考卷,4,2
八上数学期中卷,5,2
八上数学期中考试,6,2
八上数学第一单元测试卷,4,2
八上数学第一章,4,2
八上物流吴中区期中,6,2
八上物理单元测试,3,2
八上物理必背知识点,5,2
八上物理期中试卷,4,2
八上物理知识点,7,2
八上物理第一单元测试,5,2
八上物理第二章同步分层练习,7,2
八上物理第二章测试,3,2
八上英语,3,2
八上英语单词表2026新版,7,2
八上英语第一单元单元卷,2,2
八上英语第一单元卷,2,2
八上英语语法点讲义,5,2
八上英语课本电子版,3,2
八上计算,3,2
八上语文字帖,5,2
八上语文必备古诗 文言文,8,2
八上语文期末试卷,4,2
八下 数学期末测试卷,3,2
八下2026期末测试 卷,2,2
八下2026期末英语顺义,2,2
八下冀教版数学期末卷,9,2
八下北京期末卷,4,2
八下北师大版数学期末试卷,5,2
八下数学,6,2
八下数学三角形的中位线压轴人教版,4,2
八下数学平面图形解答题,4,2
八下数学期末,2,2
八下数学期末试卷人教版,2,2
八下期末物理,4,2
八下滨州数学期末卷邹平,8,2
八下物理,4,2
八下物理期末试卷广西贵港,3,2
八下英语期末,3,2
八下英语期末试卷,5,2
八下鄂伦春自治旗期末2025年数学,2,2
八中 重庆9月月考,5,2
八中 重庆月考,2,2
八十,2,2
八升九 2025年新九年级数学暑期衔接讲义,6,2
八升九暑假衔接预习专用讲义,6,2
八年級 2025 2026年下册期末考试英语,3,2
八年级 物理 1 2 3 4 5 6章 基础知识点背诵,4,2
八年级YMO初赛,3,2
八年级上册 物理,7,2
八年级上册 试卷语文,2,2
八年级上册冀教版数学第一单元,5,2
八年级上册数学,3,2
八年级上册数学三角形的习题练习,8,2
八年级上册数学第一次月考试卷,4,2
八年级上册数学计算练习,5,2
八年级上册物理第一单元单元试卷,5,2
八年级上册物理试卷,4,2
八年级上册生物,4,2
八年级上册第一单元人教版数学测试卷,14,2
八年级上册第一次月考,4,2
八年级上学期人教版新课标生物试卷期中考试,10,2
八年级上学期冀教版数学第一单元,2,2
八年级下,4,2
八年级下册2026年天津市部分区数学试卷,3,2
八年级下册人教版数学单元卷二次根式,5,2
八年级下册外研版英语语法专练卷,3,2
八年级下册数学函数题,7,2
八年级下册数学期末试卷人教版,2,2
八年级下册期末,5,2
八年级下册汨罗市数学,2,2
八年级下册物理期末试卷,4,2
八年级下册科学期末试卷,4,2
八年级下册英语人教版试卷,3,2
八年级下册英语家庭作业人教版,7,2
八年级下册英语家庭作业人教版贵州,3,2
八年级下册语文,3,2
八年级下数学期末卷沙河口,5,2
八年级下数学期末卷葫芦岛,3,2
八年级下最值问题,7,2
八年级下道法人教版单元卷,2,2
八年级仁爱科普版上次全册单词默写,6,2
八年级几何压轴,4,2
八年级数学期末试卷,2,2
八年级数学沪科版下册,4,2
八年级数学直角三角形专项练习,2,2
八年级数学竞赛试卷,3,2
八年级期末,4,2
八年级物理,5,2
八年级物理上册苏科版期中,3,2
八年级物理八下期末试卷,3,2
八年级物理拔高卷,3,2
八年级物理竞赛试卷,5,2
八年级物理自主招生,2,2
八年级福清英语期末,3,2
八年级第1次月考,3,2
八年级第一章填空物理,2,2
八年级花都区物理八下期末试卷,5,2
八年级英语单词背诵及默写单,3,2
八年级茂名市,3,2
八年级预习,3,2
八省联考语文,6,2
公主岭一中,7,2
六上 2026新教材,2,2
六上 2026新教材人教,3,2
六上英语单词默写,4,2
六中,4,2
六升七分班考试卷,5,2
六国论理解性默写,10,2
六年級 2025 2026年下学期期末数学,4,2
六年級数学2025 2026年第二学期期末,3,2
六年级上册,4,2
六年级上册外研版英语第二模块测试题,6,2
六年级上学期升学真题,5,2
六年级下册期末考试试卷,4,2
六年级下册语文期末测试卷菏泽,11,2
六年级下学期升学模考,2,2
六年级下学期升学真题,2,2
六年级下学期阶段检测,2,2
六年级分数乘分数口算,3,2
六年级奥数,3,2
六年级数学数学优+密卷,3,2
六年级竞赛,12,2
六年级简便运算题库,6,2
六年级英语,2,2
六校联合,3,2
六校联盟,2,2
六校联盟2026,2,2
六校联考入学考,2,2
六盘水中考数学,2,2
六盘水市2026年高二年级期末物理试卷,2,2
六选五 100篇 七年级下,4,2
兰山,4,2
兰考一高五县高二期末考试物理试卷,5,2
关于复活,4,2
兴义八中,4,2
兴化中学,4,2
兴宁市,3,2
兴安盟,4,2
兴隆台区,3,2
典中点 2026 电子版英语,2,2
冀教版,7,2
内师大附属阿拉善中学,2,2
内江,10,2
内江26届七下,2,2
内江中考,2,2
内江八年级下册物理试卷,2,2
内江六中高二上入学,3,2
内江市,3,2
内江市2025 2026 1高一数学期末试题答案,2,2
内江高一,4,2
内环境的稳态,3,2
内蒙中考物理,3,2
内蒙古,5,2
内蒙古2026年中考英语,2,2
内蒙古专用,6,2
内蒙古乌兰察布市集宁区第二中学语文考试,2,2
内蒙古包头市2024 2025学年高一下学期期末考试试题,5,2
内蒙古包头市2025高二下政治,3,2
内蒙古包头市物理,2,2
内蒙古师范大学附属中学,5,2
内蒙古期中,2,2
内蒙古赤峰市2025 2026学年高一下学期,2,2
内蒙古赤峰市2026高一下学期数学,2,2
内蒙古赤峰市敖汉旗,3,2
内蒙古赤峰高12026年期末,4,2
内蒙古鄂尔多斯市准格尔旗部分校2025-2026学年高二下学期期末考试,2,2
内蒙古高一上学期阶段检测,2,2
内蒙古高三,2,2
冠县7年级下册期末试卷,2,2
冠县金太阳,6,2
冠词,6,2
准高一开学考试,7,2
凉山州2025~2026高一语文试卷,3,2
凉山州2026年中考,2,2
凉山州2026高一下期末卷,3,2
凉山州2026高一下期末生物试卷,5,2
凉山州初二下期末试卷,4,2
凉山州期末考试试卷,4,2
凉山州高二下期期末,2,2
凉山彝族自治州2025至2026届高二年级临诊考试答案。,2,2
几何体交线截面问题专题,6,2
几何八上模型专题人教版,7,2
几何大题,4,2
凤凰台,3,2
凤城六年,3,2
凤鸣山中学,3,2
函数 单调性9种常见题型一轮复习,6,2
函数一轮复习专题,3,2
函数一轮题组,3,2
函数与一次函数沪科版,2,2
函数与方程,3,2
函数专题 2026届高三一轮复习,7,2
函数值域常见方法全归纳,4,2
函数单调性,3,2
函数压轴,3,2
函数性质,3,2
函数拔高,9,2
函数的单调性,7,2
函数的奇偶性,4,2
函数的性质 2026高三一轮数学专题复习,9,2
函数的概念及其表示7种常见考法归类,4,2
函数的概念及其表示方法试卷,5,2
函数练习,4,2
函数解析式,6,2
函数高中,3,2
分层作业 2025 2026学年下册分层课时作业精选,7,2
分层作业上好课高一物理同步高效课堂,3,2
分式 中难题型,4,2
分数乘法,16,2
分数乘除法应用题,4,2
分数混合运算,7,2
分段函数,3,2
分段函数10种常考题型总结,3,2
分段函数已知单调性求参,2,2
分班 开学考,3,2
分班卷,6,2
分班测高一,2,2
分班考 高一上海,5,2
分班考 高一北京,6,2
分班考 高一西安铁一中,3,2
分班考高一北京,2,2
分班考高一新生入学名校,4,2
分班试卷,3,2
创新教程·高考政治总,3,2
创新教程·高考政治总复习大一轮,11,2
创新设计2027版一轮复习,4,2
初 一 0 上学期 数学,5,2
初 一 0 下学期 数学,3,2
初 高 衔接2026,3,2
初一+初二综合卷，巴中市,2,2
初一分班考数学苏州市吴江区,3,2
初一分班考试,2,2
初一开学考,4,2
初一数学,9,2
初一数学第一单元,3,2
初一竞赛题数学,3,2
初一英语卷,2,2
初一英语试卷,3,2
初三 二次函数,2,2
初三 数学,3,2
初三 物理,4,2
初三中考卷,2,2
初三内能专题,3,2
初三数学竞赛,3,2
初三永州四中拔尖创新人才共建班测试,2,2
初三语文一轮复习阅读理解练习,4,2
初中 单词1600词汇表,10,2
初中 语文文言文 150个的文言文实词,4,2
初中1600单词背诵,3,2
初中三角函数,9,2
初中上分卷,6,2
初中八年级下册期末考试卷 语文 南充,2,2
初中几何48个模型及题型,5,2
初中几何题库,2,2
初中化学基础知识,8,2
初中化学实验,2,2
初中升高中提前招生考试,2,2
初中单词,3,2
初中学业水平考试,2,2
初中定语从句,6,2
初中实词虚词汇总,2,2
初中数学,5,2
初中数学压轴题,8,2
初中数学最值问题,2,2
初中数学竞赛试卷,4,2
初中数学计算 100专项训练计算专项,4,2
初中数学计算题专项,3,2
初中物理竞赛,2,2
初中英语 语法 必备知识大全,3,2
初中英语1600词背诵版,4,2
初中英语怎么补救拉萨,3,2
初中英语词汇必备手册,11,2
初中英语语法填空百题中考,3,2
初中英语阅读理解 100篇专项训练,5,2
初中英语阅读理解 100篇专项训练八年级上册人教,3,2
初中道法知识点转化,3,2
初中阅读理解,2,2
初二,3,2
初二 数学,4,2
初二 数学 2025 2026八年级下册期末,4,2
初二上册数学月考试卷,6,2
初二上学期物理期末，47中,3,2
初二下册数学,2,2
初二下学期期末数学试卷,2,2
初二数学,4,2
初二数学压轴题带图的,2,2
初二数学培优卷,3,2
初二数学综合卷,3,2
初二英语,3,2
初升高 2025 初升高 暑假衔接,6,2
初升高入学分班测试卷2026,3,2
初升高分班考试物理,2,2
初升高衔接词汇进阶背默版,2,2
初高中数学衔接,11,2
初高中数学衔接每日一练,3,2
初高中物理衔接练习题,10,2
初高中衔接英语,10,2
初高衔接校本资料,2,2
初高衔接英语,7,2
判断分式,4,2
利润问题奥数,24,2
前两章,2,2
剑南小学,4,2
力与运动,4,2
力学三大基本观点的综合应用,4,2
力旺,6,2
力的动态平衡,4,2
劝学复习,4,2
劝学复习课件,3,2
功和机械能,3,2
动力学2026专题复习,3,2
动态平衡 2025高考专题一轮复习,6,2
动态电路,9,2
动点压轴题,8,2
动点最值问题,11,2
动能定理,5,2
动角 初一压轴题,2,2
动量守恒定律,12,2
动量定理 动量守恒定律,3,2
匀变速直线运动 12种题型高一物理习题,2,2
包头 期末,6,2
包头20242025生物高一期末第二学期,4,2
包头东河2026初一下期末各科试卷,2,2
包头地理,8,2
包头市 2023 2024 年 期末,4,2
包头市教学质量监测,3,2
包头市第一中学,2,2
包头市第九中学,2,2
包头市高一上学期期末,2,2
包头市高一下学期期末,4,2
包头市高一下期末联考试卷,3,2
包头市高二下期末英语,6,2
包头数学,8,2
包头高一,6,2
包头高二,15,2
包头高二2024-2025期末政治,2,2
化合价化学表达,3,2
化学 高考 2026全国一卷,2,2
化学2026高考真题,3,2
化学专项训练,2,2
化学专题,9,2
化学专题卷,7,2
化学九上第1单元,6,2
化学卷子,2,2
化学反应平衡,4,2
化学周期表,3,2
化学奥林匹克初赛,3,2
化学奥林匹克竞赛,4,2
化学实验与科学探究,3,2
化学实验题,4,2
化学工业流程大题专题,4,2
化学工艺流程综合,4,2
化学平衡图像分析,4,2
化学平衡曲线图像,6,2
化学必修一,10,2
化学必修一第一章,5,2
化学必修一鲁科版,2,2
化学必背知识点清单,4,2
化学搞一下期末,3,2
化学方程式大全,4,2
化学方程式汇总,5,2
化学方程式的书写与配平,6,2
化学方程式的相关计算,3,2
化学方程式配平,4,2
化学日照市期中,2,2
化学月考,3,2
化学有机卷子,11,2
化学有机大题综合练,3,2
化学电离,2,2
化学知识点,7,2
化学知识点总结,3,2
化学离子方程式的书写,4,2
化学第一单元,6,2
化学讲义,4,2
化学课件,3,2
化学课本电子版,6,2
化学辽宁,2,2
化学选修2期末考试,2,2
化学选修一人教版,2,2
化学选修一知识点,4,2
化学选择性必修3,2,2
化学选择性必修一,6,2
化学高三2027一轮复习,3,2
化学高三复习试卷,3,2
化学高二下期末,2,2
化学高考模拟卷,2,2
化州2025—2026年五年级下册英语期末试卷,4,2
北京 02 6 二模汇编,4,2
北京 中考,4,2
北京 中考 2026 语文,2,2
北京 圆综,3,2
北京171,2,2
北京2026中考语文,3,2
北京2026年合格考,3,2
北京3+2转段考试真题卷,3,2
北京中考 物理2026,4,2
北京中考物理,4,2
北京丰台区8年级下册期末数学试卷,4,2
北京二中高二下期末,4,2
北京云南2025年高考卷数学,2,2
北京五年级上学期阶段检测,2,2
北京初三 语文,2,2
北京初中期末真题,6,2
北京十二中摸底,3,2
北京十二中高一期末考试,5,2
北京卷,2,2
北京卷数学,4,2
北京四中分班考,2,2
北京大学附属中学,2,2
北京市七年级上学期期中英语,2,2
北京市中考,3,2
北京市十四中,2,2
北京市海淀区2024-2025学年高一下学期期末考试数学试题,2,2
北京市海淀区2024至2025高一下学期期末数学题,2,2
北京市海淀区2025~2026学年八年级下学期期末考试自编练习卷,7,2
北京市第二中学,6,2
北京市顺义区2025 2026八年级下学期期末物理,2,2
北京市顺义区2026年高二期末英语,2,2
北京师范大学附属实验中学,7,2
北京数学一模,9,2
北京朝阳区数学七下期末卷数学,3,2
北京期中,3,2
北京期末卷,3,2
北京海淀区物理,3,2
北京海淀外国语实验学校2025-2026-2初一年级道德与法治期末素养发展调研,3,2
北京海淀期末,3,2
北京海淀期末英语卷2026,4,2
北京燕山英语,3,2
北京病句七下,6,2
北京真题 汇编10年真题重组,2,2
北京石景山区2025—2026初二数学,2,2
北京西城区高二语文期末,5,2
北京路数学八上日照,4,2
北京通州区初二下,5,2
北京通州区数学七上,2,2
北京高三上学期期末,4,2
北京高三下学期期末,2,2
北京高二下学期期末,2,2
北京高考10年真题英语,3,2
北大强基,2,2
北大强基计划真题历年汇总,11,2
北师2024版北师大期末,3,2
北师2026版北师大期末,3,2
北师大七年上期未考试题,5,2
北师大七年级上册第一次月考,4,2
北师大三年级100道应用题,12,2
北师大版 02023 2024 七下 数学,4,2
北师大版七下数学平行线视频,4,2
北师大版七年级下册数学期末测试卷,2,2
北师大版九年级数学下册2.5小时专题配套练习,5,2
北师大版必修一英语词性转换,4,2
北师大版必修二英语期末试卷,3,2
北师大珠海附中2026年高一数学期末测试,2,2
北师大附中,2,2
北师大高一英语上册第一单元阅读训练,3,2
北师版数学七年级上册,3,2
北辛中学,7,2
十一高,3,2
十三中,3,2
十二中,5,2
十五中,2,2
十以内加减法计算,4,2
十八中,5,2
十四中,2,2
十堰市东风一中高一月考,9,2
十字相乘,3,2
十字相乘法,3,2
十校联考,5,2
半角模型,8,2
华东师大版,3,2
华东师范大学附属贵阳中学 英语,5,2
华中师大一附中,3,2
华中附26年高一数学,2,2
华二,6,2
华二分班考,2,2
华伦,8,2
华伦中学,19,2
华兵,2,2
华师1附中,2,2
华师一附中高一下数学期末考试,3,2
华师大二附中,2,2
华育,4,2
华育中学,3,2
华附 省实 广雅 深中,2,2
华附 省实 广雅 深中2026届四校联考英语,2,2
协作,13,2
协作体2026高一期末,3,2
协作校,2,2
卓越联盟,3,2
单 词表背默版本,4,2
单元侧试卷,3,2
单元卷 测试卷人教版,2,2
单元检测,2,2
单元检测卷高一数学,14,2
单元测试卷函数,2,2
单县 2026 期末试卷,5,2
单县2025- 2026七年级下 期末试卷英语,4,2
单县一中,10,2
单县初二期末英语,3,2
单招 数学,2,2
单招考试语文,3,2
单杆 双杆 电磁感应 模型专题,2,2
单词 表,2,2
单词 默写表,7,2
单词外研,2,2
单词必修一,6,2
单词音频,5,2
南京一中初中部,2,2
南京一模数学,2,2
南京中考,4,2
南京二模,2,2
南京十三中,3,2
南京市、盐城市2025-2026学年第一学期期末调研测试高三英语,4,2
南京市七校联考生物试卷,3,2
南京市第一中学,2,2
南京师范大学附属中学察哈尔,2,2
南京师范大学附属中学察哈尔路校区,3,2
南京师范大学附属中学高中,4,2
南京月考卷,4,2
南京盐城一模,4,2
南京盐城期末,3,2
南京经纶文化传媒有限公司,2,2
南京英语五年级下册综合卷,9,2
南京金陵中学,4,2
南京高一下期末生物试卷,2,2
南充市 2 026期末试卷高一,5,2
南充市2026年高二下册期末考试答案解析,6,2
南充市仪陇县2021一2022年等年度下期教学质量检测八年级数学试卷,3,2
南充高级中学高一数学,6,2
南宁14中,2,2
南宁2026学年高一下学期期末,4,2
南宁三中英语初二,2,2
南宁三中高二下期末,2,2
南宁二三中,4,2
南宁二中高一,2,2
南宁二中高二,2,2
南宁市三美学校七年级分班检测,5,2
南宁市小学四年级下册,2,2
南宁市第三中学,5,2
南宁市第二中学,6,2
南宁开学考,2,2
南山中学,3,2
南岗区七年级下语文,2,2
南岗区五校联考,2,2
南岗区四年级下,5,2
南岸区,9,2
南师大附属中学,2,2
南平2024 2025高二期末,4,2
南平2026高一期末,2,2
南平一中入学考试,3,2
南平一中入学考试高中武夷校区,4,2
南平市初二,2,2
南平市高级中学,9,2
南平期末,3,2
南平武夷山小学五年级数学试卷,3,2
南开中学期末,2,2
南开区一模，2026天津市，高三英语,2,2
南昌二中,3,2
南昌二中2025 2026高一下期末考试,2,2
南昌市立德,3,2
南汇,7,2
南汇中学,4,2
南汇四中,3,2
南江县实验中学高一上第一次月考,3,2
南沙区九上数学,4,2
南沙区八下期末数学,2,2
南海区2021至2022小升初考试六年级英语卷子,3,2
南海区2025一2026六年级下学期期末数学试卷,3,2
南海区2026年7月六年级英语卷子,5,2
南省南阳市2025-2026学年高二下学期期末考试 英语,5,2
南通中学高三数学2026,3,2
南通中考生物地理,2,2
南通八年级上第一次月考英语,10,2
南通初二下期末物理,12,2
南通初二下物理,7,2
南通初二下物理画图题,4,2
南通四模,5,2
南通小题,6,2
南通市2026届高三第二次调研测试英语,3,2
南通市三年级下册,2,2
南通期末,3,2
南通期末高一,2,2
南通高一上册数学期中考试试题,2,2
南通高三9月份,4,2
南通高二下学期期末英语,2,2
南阳 026 高一下 学期 期末,2,2
南阳2025高二天一大联考卷子,4,2
南阳2026高一下期中,2,2
南阳一中,6,2
南阳市2026高一年级下学期期末考试,3,2
南阳市八年级2026物理期末卷,6,2
南阳市八年级2026英语期末卷,4,2
南雅,2,2
南雅星沙分班考试衔接卷,5,2
博罗,3,2
博罗县,2,2
博野中学,2,2
卡方独立性检验专题,4,2
卢湾高级中学,4,2
即墨二中,2,2
即墨区实验高级中学,5,2
卷子,4,2
卷行天下2026周测卷,9,2
历下区,4,2
历史 0 一轮复习巧汇宝典,7,2
历史100道选择题,7,2
历史书,5,2
历史八上,2,2
历史八上单选,2,2
历史八上知识点,4,2
历史大事年表,4,2
历史大事年表高中,5,2
历史新疆,2,2
历史期末试卷,3,2
历史纲要上思维导图,9,2
历史课本 电子版,3,2
历史选修一知识点复习,5,2
历史选择 题2026专项训练选择题,4,2
历史高中时间轴,5,2
历史高考,3,2
历史高考真题,6,2
历城二中 2026,2,2
历城二中数学,3,2
历城二中高二上月考,4,2
历年河南驻马店高考卷子,2,2
历年高考试卷,2,2
压强,4,2
原子物理 2024一轮复习专题,3,2
原子结构,4,2
原电池,8,2
厦门 02 026 5月质检,4,2
厦门 02 026 6月质检高一,3,2
厦门 一中一轮复习卷数学,4,2
厦门双十中学期末,2,2
厦门外国语学校,4,2
厦门外国语学校期末考试,4,2
厦门市2025至2026学年下学期高二年级期期末质量检测地理,7,2
厦门市质检高二下地理,2,2
厦门第一中学,2,2
厦门高一数学期末,3,2
厦门高二上地理月考,4,2
厦门高二下期末,2,2
去年八年级上册秦淮区物理期中试卷,2,2
参考地图册,4,2
友好学校协作体联考,3,2
双十 几何初步,2,2
双流芯谷实验学校,4,2
双鸭山一中,4,2
双鸭山市第一中学,4,2
反应热,7,2
反应热基础达标练,3,2
反比例函数单元测试,6,2
反比例函数题型分类,2,2
发酵工程,7,2
发酵工程大题,4,2
受力分析 共点力平衡,5,2
受力分析专项训练,2,2
受力分析拔高,4,2
受力分析题目,4,2
叙州中学,3,2
口算,6,2
口语跟读,2,2
古蔺中学,3,2
古诗 词202 6届一轮复习古诗词专题练习,6,2
古诗三首,4,2
古诗文理解性默写,3,2
古诗文言文,5,2
古诗词,7,2
句容市实验高级中学高一上月考卷,3,2
可数名词,3,2
台山市第一中学,2,2
台州,4,2
台州2025高一下,3,2
台州路桥中学高一数学,2,2
台州高二期末,3,2
台湾高考模考,3,2
合格考2025徐州,2,2
合格考南通,3,2
合格考四川,6,2
合肥,8,2
合肥 一中 2024 2025 高一下 期末,2,2
合肥一中 2025 2026 学年度第二学期期末,7,2
合肥一中数学，期中期末高一,3,2
合肥一中高一下期末数学,4,2
合肥一中高一下期末英语,3,2
合肥一中高一开学考,4,2
合肥八年级试卷,2,2
合肥六校联盟高二上期,2,2
合肥市滨湖一中,6,2
吉安市初二下学期数学试卷,4,2
吉安市高一下学期期末教学质量检测,2,2
吉林一中分班考,2,2
吉林一中高二下学期期末,7,2
吉林专用,5,2
吉林中考语文真题,4,2
吉林九中2026-2027学年度七年级下学期英语期末质量检测,2,2
吉林九中数学期末七下2026年考试卷,2,2
吉林市九中化学月考,2,2
吉林师范大学附属中学化学期中卷子,2,2
吉林松原,2,2
吉林省2023高考语文卷,2,2
吉林省2025-2026学年第二学期高二期末6430B 语文,2,2
吉林省2026年化学竞赛初赛,2,2
吉林省中考试卷,2,2
吉林省单招,2,2
吉林省白城市第一中学高一月考,2,2
吉林省高中学业水平合格性考试,8,2
吉林省高中物理第一次月考,3,2
同安,2,2
同安实验中学,5,2
同构习题,4,2
同构函数题目,6,2
同步培优内部讲义,2,2
同行学案,3,2
名师测控,8,2
名师测控 2025 2026 八年级下册 英语遵义市,6,2
名校入口,6,2
名校协作体,4,2
名校协作体开学考,4,2
名校月考卷,2,2
名校课堂九年级上同步,3,2
名著,9,2
名词单复数,7,2
向明,6,2
向明中学高二上数学期中考,2,2
向量专题,2,2
向量专题复习,6,2
向量加减法练习,8,2
吕梁凤山高级中学,4,2
含参不等式不等式专题,3,2
含参数一元不等式,3,2
含参数不等式,5,2
含听力,5,2
听写词语,6,2
听力专项,4,2
听力英语,2,2
启东中学,4,2
启东中学七年级数学期末试卷下2026,2,2
启东中学高一开学考,5,2
启东市第一中学2024到2025年度第一学期第一次素质检测高一英语试卷听力音频,3,2
启名星教研社,3,2
吴江区,3,2
周南中学高一上新生开学考,2,2
周南中学高二下学期,6,2
周周清,3,2
周长和面积,9,2
呼伦贝尔,4,2
呼吸作用影响因素非选择题,5,2
呼和浩特市第二中学,3,2
和差化积,5,2
和平区,5,2
和平换,2,2
咸宁市2025—2026学年度下学期高中期末考试,4,2
咸宁市2026期末考试试卷高一,3,2
咸宁市崇阳县2025-2026 八年级下期末数学,2,2
咸宁市期末,4,2
咸阳市2026高考模拟,2,2
咸阳彩虹初级中学八年级上册第一次月考物理试卷24到二五学年度,3,2
哈 三 中 2 0 2 5 2 0 2 6 学 年 度 三 学 年 期 中 考 试,5,2
哈6中,2,2
哈三中2023 2024高二开学考语文试卷,4,2
哈三中2024 2025高一下学期期末数学试卷,2,2
哈三中2024生物,2,2
哈三中2026高一下期末考试卷子数学,3,2
哈三中2026高一下期末考试卷子语文,2,2
哈三中本校月考数学卷,3,2
哈三中英语期末,4,2
哈三中高一下学期期末数学,4,2
哈三中高一下期末化学,5,2
哈三中高二期末考试,5,2
哈三中高二语文期末卷,3,2
哈九中高一下期末生物,2,2
哈九中高二下语文期末,2,2
哈六中2024级高一下数学期末,4,2
哈六中高一下期末英语,3,2
哈十一中英语,2,2
哈尔滨2026师大附中期末考试题,3,2
哈尔滨2026年中考題,7,2
哈尔滨三中一模2026年数学,3,2
哈尔滨中考英语2023,2,2
哈尔滨初中数学,6,2
哈尔滨市2025 2026学年度道里区数学期末调研试卷,2,2
哈尔滨市2026年中考各区模拟考试卷子及答案,2,2
哈尔滨市第七十三中学2026年高一下学期生物卷,5,2
哈尔滨市第三中学高一数学,2,2
哈尔滨市第三中学高二下学期期末考试,9,2
哈尔滨德强中学高一下期末数学,11,2
哈尔滨第九中学校,3,2
哈尔滨第九中学高一下物理期末考试,2,2
哈师大 附中,3,2
哲学,5,2
哲学练习题,4,2
唐一,2,2
唐山2025 2026高一下物理期末试卷,7,2
唐山54中初三上半学期月考,4,2
唐山一中,2,2
唐山市,2,2
唐山市2025 2026高一下学期期末考试数学,2,2
唐山市古治区2025~2020学年度第二学期高一年级期中考试英语试卷听力部分,5,2
唐山市滦南县第一中学,2,2
唐山市路北区七年级,2,2
唐山摸底考试,5,2
唐山期末，语文，高一,5,2
唐山高一下学期期末数学,4,2
唐山高三模拟化学,2,2
唐河县七年级下册数学期末考试卷,3,2
唐河县八年级上册物理期中考试卷,3,2
唐诗三百首 2025名著导读典型考题,3,2
商丘联盟,4,2
商师联盟2025 2026高一下期末,5,2
商师联盟2025 2026高二下期末HN-B,2,2
商师联盟2026高二下期末,6,2
商师联盟期末2026河南商丘,4,2
喀什二中高二,8,2
喀什市,4,2
喀什市2025 2026学年第二学期高二期末质量检测试卷英语,4,2
嗯数学必修第1册人教版 集合的概念,2,2
嗯雅礼2026高一下数学,2,2
嘉兴,5,2
嘉兴市5年级下册数学,2,2
嘉兴海宁六年级下册期末,3,2
嘉定,4,2
嘉祥一中,4,2
嘉祥一中2025高一数学月考,4,2
四 川 省 2 0 2 6 年 6月普 通 高中学 业 平 合 格 性 考 试信息技术凉山,2,2
四中,3,2
四十二中,3,2
四升五 2026年暑假每日一练,7,2
四川2026合格考,3,2
四川2026年物理高考,4,2
四川九年级下学期期末,5,2
四川内江八下,3,2
四川内江六中,3,2
四川内江市高二下期末英语试卷,12,2
四川单招历年真题卷 2025,5,2
四川南充顺庆,4,2
四川合格考政治,3,2
四川合格考数学,4,2
四川四年级下学期阶段检测,2,2
四川字节精准教育联盟2025~2026学年高二六月阶段检测生物试题,2,2
四川宜宾,4,2
四川广元中考,9,2
四川成都邛崃,2,2
四川数学,4,2
四川日语,3,2
四川普通高中学业水平,3,2
四川物理2026高考真题,4,2
四川省,6,2
四川省 2025年6月普通高中学业水平合格性考试,4,2
四川省 2026年6月普通高中学业水平合格性考试,3,2
四川省6月高中学业水合格性考试真题化学,3,2
四川省内江市2026年数学期末试卷,3,2
四川省内江市2026高一上册语文期末,4,2
四川省凉山州高2028届下学期英语考试试题,2,2
四川省南充市高一物理期末试卷,3,2
四川省南充高中卓越人才强基训练初三物理试卷,5,2
四川省合格考,2,2
四川省嘉祥外国语高二,3,2
四川省巴中市2026年中考,2,2
四川省巴中市南江县南江中学初一分班考试卷,4,2
四川省德阳市2025-2026高一下学期期末考试数学,3,2
四川省成都市2025-2026学年高三一诊,2,2
四川省泸州市2026年高一下期期末考试生物试卷,2,2
四川省泸州市物理2026高一期末,2,2
四川省泸州市统考高一,3,2
四川省眉山市仁寿县八年级下册数学华东师范半期卷,3,2
四川省眉山市高一2025 2026学年期末考,2,2
四川省绵阳中学2025-2026学年高一下学期第二学月月考考试,3,2
四川省英语,2,2
四川省蓉城名校联盟2026届高三第二次联合诊断性考试,5,2
四川省遂宁市中考英语,2,2
四川省遂宁市英语高二下期末考试,2,2
四川省高一下学期化学期末考试卷,2,2
四川省高一化学下学期期末卷,2,2
四川省高中学业水平合格考生物,2,2
四川英语卷,2,2
四川资阳中考,2,2
四川阶段检测,2,2
四川高二下物理,6,2
四川高考政治,2,2
四平市梨树县八年级上册期中统考,2,2
四年級 2025 2026年下学期期末数学,2,2
四年级,10,2
四年级 奥数测试举一反三专题,7,2
四年级上册数学,2,2
四年级上册数学第一单元试卷人教版,4,2
四年级上册英语2026新版人教版教材,7,2
四年级上学期阶段检测,2,2
四年级下,2,2
四年级下册英语期末试卷,3,2
四年级下学期阶段检测,2,2
四年级数学周长面积,2,2
四年级暑假阅读+病句,5,2
四年级期末数学试卷,4,2
四级,3,2
四级词汇,8,2
回归教材,3,2
因 式 分 解100道,2,2
因式分解100道练习题提高,3,2
因式分解专题,4,2
因式分解公式法,4,2
因式分解十字相乘法,5,2
园周运动,4,2
国际奥林匹克竞赛,7,2
国龙,2,2
图像专题物理,2,2
图形的相似,2,2
图形相似大题,3,2
图片里全套试卷完整名称+配套完整资源获取渠道   一、图中所有试卷完整标题（海东市2025—2026学年第二学期学业质量评估·七年级海东市2025—2026学年度第二学期学,2,2
圆 数学 讲义,9,2
圆创联盟高三第一次,2,2
圆强化,3,2
圆柱,3,2
圆梦杯,9,2
圆的压轴题,4,2
圆的方程,4,2
圆的方程单元测试,2,2
圆的练习,3,2
圆锥 曲线025 一 轮 复习中档大题,4,2
圆锥曲线 大题2025高三题型归类,6,2
圆锥曲线专题,3,2
圆锥曲线真题汇编,6,2
圆锥曲线选择压轴,2,2
地球的自转,5,2
地球自转,5,2
地理2026高考题,2,2
地理一轮复习,3,2
地理习题,2,2
地理云南高考真题,4,2
地理整体性与差异性,3,2
地理知识清单,7,2
地理选择性必修1,17,2
地理非选择题一轮复习,3,2
地理高一期末,3,2
地理高考,4,2
地理高考卷,4,2
城东中学,2,2
城东中学数学联考期末试卷,3,2
城固县六年级下册语文试卷,4,2
基因工程大题,6,2
基因工程的基本操作程序,3,2
基本 不等式12种题型及解析一轮复习,4,2
基本不等式 025 一轮 专题 复习,2,2
基本不等式一轮复习,6,2
基本不等式练习题,6,2
基础,3,2
基础知识综合练,5,2
基础简单,6,2
增城一中,6,2
墨玉县2025 2026学年第二学期期末考试高二语文,7,2
壮语从句100题,3,2
声现象,4,2
声音,3,2
声音与环境,6,2
备考无忧,7,2
复习专题,7,2
复习讲义,3,2
复习讲练测,4,2
复数的运算,4,2
复旦,3,2
复旦大学附属中学,7,2
复杂的分数应用题,4,2
夏津一中,6,2
外国语学校,3,2
外国语学校厦门,3,2
外国语小升初,3,2
外接球,6,2
外研版1247记忆法,5,2
外研版三起六年级上册 Unit1 What do you do with money Fuel up同步练习,4,2
外研版九年级上册英语试卷,3,2
外研版英语四下,2,2
外研版（三起）2012旧版 陈琳主编 三年级上册英语 Module全套单元测试卷 带听力原文答案,7,2
大兴,5,2
大冶四年级下册英语,2,2
大同一中八年级,3,2
大学4级英语词汇,3,2
大学城实验,3,2
大庆一中,4,2
大庆三模高考,2,2
大庆中学,7,2
大庆中学开学分班考试卷,6,2
大庆实验2024 2025高一下期中数学,5,2
大庆实验中学2024 2025学年度高一下学期期末,4,2
大庆实验中学2026年高一下期末试卷,4,2
大庆实验中学高一下,2,2
大庆市2026中考数学,5,2
大庆市二模化学试卷2026年,7,2
大庆铁人,6,2
大庆铁人中学高一下学期期末,3,2
大悟县七下,4,2
大荔县,3,2
大连 数学,4,2
大连2025 2026高二下期末生物,5,2
大连二十四,6,2
大连八中月考英语,2,2
大连八年级下数学期末卷,2,2
大连外研版英语初二上,3,2
大连市2025 2026学年度第二学期期末考试高一,3,2
大连市6年级上学期,6,2
大连市二十四中，育明，八中,2,2
大连市第二十三中,4,2
大连市第八中学,8,2
大连数学高一期末,3,2
大连第二十四中学,3,2
大连育明高二下期末,3,2
大连高1上期中物理,2,2
大连高一上数学,2,2
大连高一下学期期末,3,2
大连高一下期末试卷,6,2
大通县2024~2025学年 期末测试卷,2,2
大通县二中高二下期末生物,2,2
天,2,2
天一 大联考,2,2
天一中学 2026 2027,3,2
天一中学高一上学期期末,4,2
天一高一湖南期末校内检测卷,3,2
天体环绕高轨低速大周期的问题,13,2
天星教育2027,3,2
天桃实验学校2026年春季学期九年级三月单元作业,2,2
天桥区八下期末试卷物理,3,2
天水二中,5,2
天水市兰州一中高一上学期数学期中考试试卷真题,5,2
天河区期末物理高一下册,3,2
天河区高一下数学,3,2
天津 2025高考,3,2
天津 分班考,3,2
天津2024物理,9,2
天津一中小卷,2,2
天津七下期末,6,2
天津中学,2,2
天津中考2026,4,2
天津中考英语,2,2
天津五年级下学期期末,7,2
天津五校联考2025高一英语,2,2
天津介词短语,3,2
天津初一英语,2,2
天津卷,2,2
天津各区县模拟试卷英语高三,4,2
天津和平九上物理期中,2,2
天津四校联考,4,2
天津小学五年级下真题卷,2,2
天津市,2,2
天津市2025年河东区高三年级语文一模,6,2
天津市2026年高一部分区期末联考,27,2
天津市2026年高一部分区期末联考物理,2,2
天津市8年级期末,2,2
天津市普通高中学业水平合格性考试 历史,2,2
天津市武清区杨村一科创班,3,2
天津市河东区2024-2025高一上期末数学（解析版）,4,2
天津市河东区2025一2026学年度第二学期八年级道法期末试卷,9,2
天津市河东区八年级上册数学期末试卷,7,2
天津市河北区,3,2
天津市河北区高二下期末考试,2,2
天津市津南区2025~2026学年度第二学期期末练习期末练习,3,2
天津市滨海新区八年级下学期道法期末,2,2
天津市第一百中学,3,2
天津市第二中学,2,2
天津市第四中学,2,2
天津市第四十三中学,5,2
天津市红桥区高一下学期语文期末,2,2
天津市红桥区高二数学,3,2
天津市耀华中学,3,2
天津市蓟州区2025至2026期末考试数学试卷,2,2
天津市西青区为明学校2025-2026学年高一上学期入学摸底物理试题,6,2
天津市部分区,2,2
天津市高二上期末化学,4,2
天津期末,15,2
天津汇文中学,4,2
天津津南七上语文期末,3,2
天津物理高考,2,2
天津红桥区期中考九年级,2,2
天津翔宇力仁学校8上年级月考试卷数学,4,2
天津西青区,2,2
天津部分区期末高一下物理期末卷子,2,2
天津高一物理上学期,7,2
天津高一英语期末考卷,3,2
天津高二数学,5,2
天津高考10年真题,7,2
天津高考化学,3,2
天津高考语文,2,2
天津高考语文真题,6,2
天省,3,2
太原,8,2
太原市高一期中化学,2,2
太原晋源区长兴南街,3,2
太康一高高一开学考试,6,2
太湖中学,4,2
太湖中学开学,2,2
奇函数对称点,2,2
奥数,2,2
奥数 1 2年级人教版,3,2
奥赛题,11,2
好词好句,5,2
好词好句分类摘抄,8,2
好词好句摘抄,2,2
好題汇编,7,2
好题汇编五年2021_2025高考化学真题分类汇编,6,2
如皋中学,4,2
姜堰,5,2
威宁彝族回族苗族自治县,9,2
威海市化学期末统考题,3,2
威海市高一下数学期末,6,2
威海经区,3,2
娄底市,2,2
字帖,6,2
字帖四年级上册,6,2
季延中学,10,2
季氏将伐颛臾,2,2
季氏将伐颛臾导学案,4,2
学 易 金卷,3,2
学2026易金卷,2,2
学业 水平2025 高中合格性考试,4,2
学业 水平考试,2,2
学业水平,3,2
学业水平合格考试,2,2
学习质量检测,2,2
学军,2,2
学军中学数学,2,2
学军分班考,2,2
学情分析,2,2
学易金卷高二下期末化学03,3,2
学案,3,2
学海风暴,3,2
学海风暴 2026江西教辅,8,2
学科网上好课,8,2
学考 20 2 5 年 学业水平考试,2,2
学英语试卷,4,2
学霸5星,5,2
学霸笔记,4,2
学霸黑白题,4,2
宁夏2026地理高考,2,2
宁夏吴忠市青铜峡市第一中学2026届高三第二次模拟题英语,3,2
宁夏岳麓高级中学,3,2
宁夏期末,3,2
宁夏育才中学,4,2
宁夏育才高中,3,2
宁安市第一中学,3,2
宁德,3,2
宁德 2 0 2 5 2 0 2 6 高二第二学期期末质量检测,2,2
宁德市,3,2
宁德市2024至2025学年第二学期高一物理期末质量检测,2,2
宁德高一下期末数学,2,2
宁波 十校 2026届高三3月联考,3,2
宁波九校,4,2
宁波九校联考,2,2
宁波奉化,2,2
宁波市2025学年第二学期期末九校联考高二英语试题,3,2
宁波市镇海中学,6,2
宁波市高二化学,2,2
宁波数学强基,4,2
宁波镇海蛟川书院社会,5,2
宁波高二期末考试英语,3,2
宁海小升初,3,2
安丘六年级,2,2
安吉县,3,2
安岳县2026物理,2,2
安平志臻中学,5,2
安庆一中诚毅书院招生考试试题,2,2
安庆一中高一,7,2
安庆一中高一上,7,2
安庆一中高一上第一次月考,8,2
安庆四中,3,2
安康市2026第一次模拟预测数学,5,2
安康市2026高二第二学期期末联考数学试卷,4,2
安微省宣城市宁国中学自主招生,5,2
安徽 0 2026 中考 试卷 数学,2,2
安徽2024合格考卷,3,2
安徽2025年数学高考题,2,2
安徽一年级上学期期中,2,2
安徽五年级下册数学期末,5,2
安徽八下期末数学,2,2
安徽八年级上册沪科版物理第一次月考试卷,2,2
安徽八年级上学期期中,2,2
安徽八年级下学期期末,2,2
安徽六校联考,2,2
安徽合肥45中2025-2026年九年级英语开学考试卷,3,2
安徽合肥期末卷,5,2
安徽合肥高三第一次,2,2
安徽天一大联考,2,2
安徽数学高一下期末,5,2
安徽新高一入学分班考试卷,4,2
安徽新高一入学测试、六安六校联考,6,2
安徽皖江,2,2
安徽省2026年高三语文模拟卷,2,2
安徽省2026普通高中学业水平测试,2,2
安徽省七年级上册第一次月考卷,4,2
安徽省六安市霍邱县,5,2
安徽省县中联盟,4,2
安徽省县中联盟高二下学期7月期末联考,4,2
安徽省合肥市笫四十二中学八年级下学期期末道德与法治试卷与法治试卷,3,2
安徽省名校联盟,5,2
安徽省宿州市萧县八年级,3,2
安徽省宿州市萧县城北初级中学九年级2026-2027学年XX年级上学期第一次月考数学试题,2,2
安徽省普通高中合格性数学,3,2
安徽省普通高中学业水平英语测试卷,4,2
安徽省芜湖市历年真题,3,2
安徽省蚌埠市2024 2025学年高二下学期期末联考,3,2
安徽省蚌埠市A层高一上联考2024年数学,10,2
安徽省高二期末县中联盟,4,2
安徽肥东高一试卷,2,2
安徽阶段检测,3,2
安徽高一上学期期中,4,2
安徽高一下学期期末,4,2
安徽高一期末,3,2
安徽高三一模,3,2
安徽高三下学期期末,2,2
安徽高三开学考,2,2
安徽高二上学期期中,4,2
安徽高考化学,3,2
安徽黄山2026,2,2
安次区七年级上册语文,4,2
安溪一中,4,2
安阳一中奥赛班选拔,3,2
安顺机械工业,3,2
完全立方和差公式练习题,3,2
完刑填空,2,2
完型,6,2
完型填空词组,2,2
完形填空/阅读,3,2
完形填空和语法填空,2,2
定 语 从句 100 题,3,2
定冠词和不定冠词,5,2
定安三校联考,6,2
定州中学高二,3,2
定西市临洮县,2,2
定西市第一中学2025-2026高一入学检测,5,2
定远县七年级统考期末,3,2
宜兴东氿中学,8,2
宜兴外国语,5,2
宜宾2026初一数学期末考试,2,2
宜宾2026年春期义务教育质量监测,3,2
宜宾初一上期数学期末试卷,5,2
宜昌一中,2,2
宜昌市2025 2026学年第二学期期末,4,2
宜春,3,2
宜春市袁州区四年级期末试卷,2,2
宝一模,3,2
宝坻一中英语月考,2,2
宝安,3,2
宝安区 2025 2026 学年第二学期期末教学质量监测,4,2
宝安区四年级科学,2,2
宝泉岭高级中学,4,2
实数,3,2
实数的初步认识，试卷,2,2
实数的混合运算计算题,3,2
实际问题应用分式方程,3,2
实验中学2025 2026学年度第二学期期中考试试卷,2,2
实验探究,7,2
实验班提优训练,6,2
实验班提优训练电子版,3,2
实验题,8,2
宣城市2024~2025学年度第二学期期末高二物理,3,2
宾语 从句 100 题,2,2
宾语从句100 题,4,2
宿迁中考数学,2,2
密云,4,2
对数计算,4,2
导 数,2,2
导与练2026,3,2
导数 2025 常考大题归纳综合一轮复习,3,2
导数一轮复习,2,2
导数压轴题,5,2
导数大题压轴一般,7,2
导数知识点,4,2
导数练习,9,2
导数预习讲义练习,4,2
导数，概率统计，解析几何，立体几何大题,5,2
射洪中学9年级上册,11,2
射阳县外国语分班,3,2
将军饮马,3,2
将军饮马-最值问题,8,2
小 升 初 2025 英语,5,2
小 升初2025分班考,3,2
小 升初2026数学人教版,4,2
小升初 数学,2,2
小升初2025数学试卷,3,2
小升初2026人教版山东,3,2
小升初专考题,3,2
小升初函数,3,2
小升初分班考真题,5,2
小升初文言文2026复习专题,3,2
小升初文言文2026复习专题台州,6,2
小升初江苏,3,2
小升初真题卷,4,2
小升初英语卷,3,2
小升初英语真题试卷,4,2
小升初语文,4,2
小升初语文专项练习,3,2
小卷英语,2,2
小古文100篇专项训练,7,2
小学 奥数,8,2
小学 英语,4,2
小学一年级免费,5,2
小学三年级数学,3,2
小学三年级英语,3,2
小学几何五大模型（鸟头、蝴蝶、风筝、一半、等积变形）专项练习题,3,2
小学复习试卷,11,2
小学学霸作业本,8,2
小学数学奥数思维,3,2
小学数学奥数教程例题精讲精析大全知识点拨通用版,5,2
小学语文阅读理解,4,2
小学语文阅读理解专项训练,3,2
小数乘法和除法,4,2
小数的加法和减法,4,2
小数除法,3,2
小数除法的计算,4,2
小模块·微专题·大压轴 正数和负数 七上,6,2
小说阅读,3,2
小车速度与时间变化的规律实验,4,2
小题狂练,2,2
尚志市六校联考,6,2
屏东,4,2
屏东中学,6,2
屯昌,3,2
山 东 2 0 2 6,4,2
山 东 2 0 2 6模拟,2,2
山东 聊城 期末 高二 下学期生物,2,2
山东 聊城 期末 高二 下学期答案,2,2
山东2026高一上册月考语文,3,2
山东七年级下学期期末,2,2
山东三年级下学期期末,3,2
山东专用,5,2
山东东营市二2025~2026高一上学期,2,2
山东中考物理,4,2
山东临沂,4,2
山东临沂兰陵县兰陵一中,4,2
山东临沂期末地理高二卷,2,2
山东临沂高二年级普通高中学科素养水平检测数学期末考试卷,5,2
山东九年级上学期期末,2,2
山东卷 2025高考真题,2,2
山东卷 2026高考真题,5,2
山东卷化学2025,2,2
山东历史中考,4,2
山东名校考试联盟,4,2
山东四年级上学期阶段检测,6,2
山东地理七下,3,2
山东地理卷,3,2
山东威海五上数学,4,2
山东威海市英语,3,2
山东德州高一下期末物理,3,2
山东期末菏泽卷,2,2
山东期末高二下化学,2,2
山东枣庄市2025 2026学年高一教学质量检测数学试题,2,2
山东济南期末,3,2
山东济宁市嘉祥县去年分班考考卷,3,2
山东济宁高一数学期末考试,2,2
山东济宁高一期末政治,2,2
山东淄博,3,2
山东淄博实验中学,5,2
山东潍坊寿光高一上数学月考,3,2
山东潍坊诸城八上2024-2025期末物理试卷,2,2
山东潍坊高二下学期期末,5,2
山东烟台一模,3,2
山东物理,2,2
山东物理专题,3,2
山东省2026年俄语真题加解析,4,2
山东省2026年初中学业水平考试,5,2
山东省临沂市兰山区三河口小学,2,2
山东省临沂市兰陵县,3,2
山东省临沂市郯城县,9,2
山东省实验,7,2
山东省实验高中,2,2
山东省日照市2025到2026高三上学9月教育联合考试思想政治试题,10,2
山东省日照市东港区九上月考卷,3,2
山东省日照市八下数学期末,3,2
山东省日照市莒县2024至2025学年度上学期数学六年级期末质量检测,2,2
山东省日照市高一上学期期中校际联合考试,3,2
山东省春季高考,2,2
山东省曲阜市2025-2026学年度高一上学期期中检测英语试题,2,2
山东省泰安市2025高一下数学期末,2,2
山东省济南市2026届高三开学摸底,3,2
山东省济南市历下区,3,2
山东省济南市历城区 七年级下册期末语文试卷,2,2
山东省济宁市2024-2025高一下学期期末化学,5,2
山东省济宁市微山县2025专业26第二学期期末质量检测八年级道德与法治,2,2
山东省济宁市汶上县,7,2
山东省济宁市第一中学2025-2026学年高一上学期期中数学试题,3,2
山东省淄博市淄川区2025-2026学年第二学期期末考试七年级数学试题,4,2
山东省滨州市博兴县,6,2
山东省滨州市期末生物统考试卷高二下,4,2
山东省滨州市期末英语统考试卷高二下,2,2
山东省滨州市高二下学期数学试卷,2,2
山东省潍坊市2025-2026学年高一下学期物理,2,2
山东省潍坊市高一期末数学,3,2
山东省潍坊市高二下学期学业质量评价,4,2
山东省烟台市海阳市高二第二学期期末,7,2
山东省烟台市龙口市2026-2027年语文期末考试七年级下册,3,2
山东省聊城市2025一2026学年度下学期高一期末教学质量抽测地理,2,2
山东省聊城市期末抽测高二年级英语,3,2
山东省聊城市第一中学2025-2026,5,2
山东省聊城市高一期末数学,2,2
山东省聊城市高一期末英语,3,2
山东省菏泽市2025 2026高一上学期期中,3,2
山东省菏泽市巨野县二模试卷,3,2
山东省菏泽市成武县2026期末考试真题,6,2
山东省菏泽市高一期末,2,2
山东省邹城市2026中考,2,2
山东省重点高中高一数学期末卷子,2,2
山东省青岛市2026年高三年级初调研检测,4,2
山东省青岛市高二,2,2
山东省高一数学下册期末试卷,2,2
山东聊城2026高一期末,3,2
山东聊城期末高一下学期,3,2
山东聊城高一下学期期末生物,2,2
山东联赛,2,2
山东菏泽市东明县2025-2026学年五年级下学期数学期末,3,2
山东菏泽市单县2025~2026学年8年级下册期末物理试题,4,2
山东菏泽焦元8年级数学期末考试,4,2
山东邹城9年级上册期末试卷 2025至2026,3,2
山东青岛市北区语文七年级期末,3,2
山东高一上学期期中,2,2
山东高一数学期中,2,2
山东高一期末,3,2
山东高三一模历史试题,6,2
山东高二上期中,7,2
山东高二下学期期末,2,2
山东高二下期末,2,2
山东高考历史,3,2
山东龙口六年级上学期英语期中测试,2,2
山大附中2025 2026学年第二学期期末考试,3,2
山师附中,7,2
山西专用,2,2
山西初中物理简单机械检测卷,3,2
山西名师原创,6,2
山西大学附中高二数学第一学期第一次月考,4,2
山西太原十五中高一分班考试试卷,3,2
山西平遥初一期末,2,2
山西晋城高三语文,3,2
山西期末,3,2
山西省2026高考卷,21,2
山西省一模,2,2
山西省大同市2026一模,4,2
山西省平遥中学高一数学学考,5,2
山西离石八年级下册物理期末卷2026,2,2
山西高中入学分班考,4,2
山西高中英语学业水平合格性考试,4,2
岩石圈的物质 循环,10,2
岳池县2026年八年级下册期末试卷,5,2
岳阳县第一中学,4,2
崇左2025期末,2,2
崇左市2025 2026学年高二下学期7月期末教学质量监测,2,2
崇明中学,2,2
川沙中学,6,2
川沙中学高一,4,2
巢湖市,3,2
工大附中,5,2
工艺流程,6,2
巴中市高一下期末统考,4,2
巴中物理高一上,7,2
巴川中学,3,2
巴彦淖尔市2025到2026学年第二学期高一期末考试英语答案,4,2
巴彦淖尔市2025年期末下,7,2
巴彦淖尔市2026年期末下,6,2
巴彦淖尔市市期末考试,4,2
巴蜀 中学,11,2
巴蜀2025_2026学年七年级上学期1月期末数学试题答案,2,2
巴蜀2026年高一上月考物理试卷,2,2
巴蜀中学2026届高考适应性月考卷英语5月,2,2
巴蜀八下期末,2,2
巴蜀小学,3,2
巴蜀自主招生,6,2
巴蜀高20268月,3,2
市质检,3,2
师大,3,2
师大明珠,5,2
师大附中数学,2,2
师大附中高一,2,2
师大附中高考,3,2
希望杯五年级,4,2
常宁市,2,2
常州2026化学统考卷,2,2
常州一中,2,2
常州市局前街小学,2,2
常德芷兰实验学校,5,2
常熟,3,2
常熟外国语,3,2
幂函数指数函数等综合题,3,2
平度市七年级上册期末数学,2,2
平形四边形点折叠,7,2
平形四边形的常见模型与性质的常见模型,4,2
平江2026八下期末,2,2
平江县2026八下期末数学,7,2
平行四边形 专题复习,4,2
平行电容板的动态分析,6,2
平行线,3,2
平遥县,13,2
平邑九年级数学试卷,2,2
平面向量专题复习,5,2
平面向量单元测试,3,2
平面直角坐标系单元卷,4,2
平面直角坐标系复习,3,2
平面解析几何,4,2
平顶山市第一中学,5,2
年龄问题,6,2
广 东 2 0 2 6 一模,5,2
广 州 026高三 二模,3,2
广 州 2 0 2 6 中考,3,2
广东2025中考,3,2
广东2026高一下学期期末,2,2
广东七年级下学期期末,2,2
广东上进联考,3,2
广东东莞高级中学2025-2026学年高一上学期第一次教学质量检查物理试题,2,2
广东中考数学真题,6,2
广东中考英语,5,2
广东中考英语2026,2,2
广东五年级下学期期末,5,2
广东佛山顺德,3,2
广东六校联考,3,2
广东名校联盟2027届高三7月,3,2
广东学业性合格考试,4,2
广东广州市白云区2025-2026学年五年级下册英语学业质量诊断调研,9,2
广东广雅分班测,2,2
广东揭阳高一下期末,8,2
广东揭阳高一期末物理,2,2
广东新高一分班模拟卷 初高中衔接,4,2
广东日语,10,2
广东春季高考英语真题,3,2
广东春考,3,2
广东梅县东山中学高一联考,3,2
广东汕头八年级上册期末试卷英语2026,8,2
广东汕尾市七下期末试卷,7,2
广东汕尾语文,10,2
广东汕尾高二,12,2
广东汕尾高二数学,2,2
广东江门2026八下数学,5,2
广东深圳,2,2
广东深圳市多校2025-2026学年高一下学期7月期末物理试题,2,2
广东深圳红岭中学,2,2
广东深圳龙岗区,5,2
广东湛江市徐闻县2025～2026学年度第二学期期末考试八年级数学试卷,9,2
广东省2025 2026学年下学期八年级期末,4,2
广东省2025-2026中考英语真题,2,2
广东省2026年河源市期末统考,3,2
广东省2026期中考,4,2
广东省东莞市2025至2026高二,3,2
广东省中山市2026年物理八年级下册期末试卷答案,6,2
广东省中考英语2026年最新试卷,2,2
广东省佛山南海2025～2026 学年普通高中供给训练高二英语,2,2
广东省佛山市南海区历史第一学期八年级,3,2
广东省六校联盟2026届高三年级第5次联考,2,2
广东省实验中学高一下期末,3,2
广东省惠州市惠阳区大亚湾第一中学永达校区2026,2,2
广东省揭阳市2025-2026高二下学期期末考试物理,7,2
广东省揭阳市高一期末统考,5,2
广东省春考,9,2
广东省普通高中学业水平合格性考试必修语文,4,2
广东省普通高中学业水平考试,4,2
广东省梅县区2026八年级下册期末考试卷,2,2
广东省梅州市丰顺县六年级下学期期末,4,2
广东省梅州市兴宁市北师大版一年级上册数学期末试卷,4,2
广东省汕头市2024-2025学年高二下学期期末教学质量监测历史试题,3,2
广东省汕头市揭阳高二统考2026英语,2,2
广东省汕头市潮南区两英镇2025-2026学年八年级上学期期末试题,3,2
广东省汕尾市2025至2026年的第二学期期末教学质量检测,3,2
广东省汕尾市七年级下册英语统考卷,3,2
广东省潮州市高一期末考试试卷,2,2
广东省肇庆市四会市2026年初二数学试卷,5,2
广东省自主招生英语,12,2
广东省茂名市,6,2
广东省茂名市2026年7月高中语文期末试卷,8,2
广东省茂名市电白区高二下学期期末2026,2,2
广东省高考真题,2,2
广东肇庆,4,2
广东英德,7,2
广东茂名市2025 2026学年高一年级下学期期末质量抽测英语试题,2,2
广东茂名市2025 2026学年高二年级下学期期末质量抽测试题,2,2
广东茂名市2025-2026学年高一下学期期末质量抽测数学试题,2,2
广东茂名市2025-2026学年高一年级下学期期末质量抽测英语试题,3,2
广东茂名市2025~2026学年高二年级期末质量抽测,4,2
广东茂名期末,11,2
广东高一下学期期末,4,2
广东高一物理综合卷,2,2
广东高三下学期期末,2,2
广东高三化学,3,2
广东高考生物2026,2,2
广东高考语文,3,2
广元2025高二期末数学,2,2
广元中考化学,4,2
广元市历史,2,2
广元高一期末下,3,2
广安 2 026期末高一生物,2,2
广安 2 026期末高一英语,3,2
广安市邻水县5年级语文试卷,2,2
广安高一下期末答案2026,6,2
广州 一模 2026,3,2
广州 中考 数学,4,2
广州0模,2,2
广州2026中考数学,2,2
广州2026历史一模高三,2,2
广州一模,3,2
广州三校联考,2,2
广州中学月考,4,2
广州中考英语真题,2,2
广州二模,5,2
广州八区试卷,4,2
广州初二英语,2,2
广州外国语学校九上期中物理,2,2
广州大学附属中学,2,2
广州市,5,2
广州市五年级语文,5,2
广州市天河区新高一摸底测,4,2
广州市白云区六年级,6,2
广州市白云区六年级语文,9,2
广州市白云区广州第二师范学院,4,2
广州市第二中学,6,2
广州市第六中学,11,2
广州市高一下期末八区,4,2
广州市高二下2026期末考,2,2
广州广大附中,3,2
广州物理高一上学期,2,2
广州真光中学高一上期中期末月考真题,2,2
广州第二中学,2,2
广州英语高二,2,2
广州语文七年级,3,2
广州高一下期末数学,3,2
广州高一分班第五中学,2,2
广州高一化学期末,2,2
广西中考,3,2
广西八年级数学,3,2
广西八年级物理,3,2
广西六年级下学期升学模考,3,2
广西南宁桂鼎学校2024-2025学年高一上学期11月期中检测英语试题,3,2
广西壮族自治区联考2025-2026学 年高三上学期11月调研测试地理试题,2,2
广西壮族自治区联考2025-2026学 年高三上学期期中调研测试历史试题,2,2
广西壮族自治区贺州市2025-2026学年高一下学期7月期末语文试题,9,2
广西大学附属中学,4,2
广西奥林匹克化学竞赛,2,2
广西柳州融水 2025 2026 数学期末试卷,2,2
广西柳州融水 2025~2026 数学期末试卷,3,2
广西桂林,4,2
广西物理高考真题,6,2
广西玉林市高一下学期期末,2,2
广西玉林高一下学期 期末考,3,2
广西钦州市2026年数学春期期末测试卷,5,2
广西钦州市六年级,2,2
广西钦州市六年级数学,3,2
广西钦州市高二,2,2
广西陆川,3,2
广西陆川。四年级。数学,4,2
广西高一下学期期末,3,2
广西高二下学期期末,3,2
广西高考化学,2,2
广西高考地理,7,2
广雅中学,3,2
广雅入学初升高,2,2
庐江县三年级期末,4,2
库伦定律,4,2
应用文,7,2
应用题,4,2
康定中学,3,2
康德 2026重庆高二下期末,2,2
康杰中学2026,4,2
廉江实验中学小升初的分班模式题,14,2
廊坊,3,2
延安中学,11,2
延边一中,3,2
建功中学,5,2
建平中学,5,2
建平县实验中学,4,2
建瓯三中,6,2
建系法 几何,3,2
建设大渡口区2025至2026学年质量监测,2,2
开原二高,4,2
开学分班考上学期,3,2
开学考试卷高一上学期,6,2
开学考试高三,11,2
开学考高三上,5,2
开封,5,2
开州区2025～2026学年度（下）七年级期末质量监测数学,5,2
异分母分数加减法专项练习计算,6,2
张家口市2024 2025学年第二学期高二年级期末教学质量检测生物,2,2
张家口市2025到2026学年度第二学期高二年级期末教学质量检测,4,2
张家口市2026期末巩固训练,4,2
张家口部分学校7月期末,5,2
张家口高二期末,2,2
弹力,5,2
弹簧,4,2
弹簧模型,7,2
强基数学,8,2
归纳推理及其方法,2,2
形容词与副词,5,2
形容词比较级最高级练习题,3,2
徐州 025年高一下学期期末,2,2
徐州八年级下数学试卷,3,2
徐州市025 2026下学期期末试卷,3,2
徐州市2026七年级下册历史期末,2,2
徐州铜山区高一,3,2
徐州高一月试试卷,3,2
微山县七年级下册期末英语,3,2
微山县六年级下册数学期末,3,2
德宏 云南省德宏州民族第一中学,2,2
德州一中,2,2
德州市第一中学,4,2
德州市高一下期末生物试卷答案,3,2
德州市高中自主招生试题,5,2
德州数学期末高二,2,2
德州期中,2,2
德州期末,4,2
德州第九中学七年级物理第一次月考,3,2
德州第十中学七年级物理第一次月考,4,2
德州高一下册英语,3,2
德州高三开学考,10,2
德州高二期末考试物理答案,7,2
德强 2025 2026高二下期末,4,2
德强英语七下期末考试卷,2,2
德强英语高一期末,2,2
德强高一下学期期末,4,2
德强高级中学,3,2
德惠三中,4,2
德惠实验高中,3,2
德智中学高一期末考试卷,4,2
德语,3,2
德阳市高一下期末考试,4,2
必修,4,2
必修 1 2,3,2
必修 1 2 3 4核心知识点,2,2
必修 一生物必背知识点,3,2
必修一,2,2
必修一二数学综合,5,2
必修一函数专题,3,2
必修一化学,13,2
必修一单词表,6,2
必修一复习卷,3,2
必修一数学,3,2
必修一英语单词,2,2
必修一英语单词背诵版默写版,6,2
必修三,2,2
必修三 第九章 静电场,4,2
必修三 粒子在磁场,4,2
必修下册地理简答题练习辽宁,3,2
必修下教材文言文逐篇过关训练,5,2
必修二地理山东,2,2
必修二数学基础巩固,5,2
必修二数学统计,12,2
必修二生物期末试卷,4,2
必修二立体几何,7,2
必修二英语,5,2
必修四数学立体几何,2,2
必刷 题 2026 电子版数学高一必修一,5,2
必背古诗,4,2
必背古诗词,8,2
必读书目知识点汇总,5,2
快乐暑假,2,2
快捷英语时文阅读,2,2
忻州,3,2
忻州一中,7,2
怀化市第三中学分班考,5,2
怀化期末考试,2,2
思想政治浙江高考真题,3,2
思沁,2,2
总结,4,2
恩施土家族苗族自治州2026年七年级下册英语测试卷,2,2
恩施市第一中学,19,2
恩施高中,3,2
惠安县2024 2025学年度数学八年级上册期末,3,2
惠安县亮亮教育卓越奖数学学科监测往年试题,3,2
惠州2025 2026下学期期末考试题,2,2
惠州2026高一期末,2,2
惠州一中,15,2
惠州一调,3,2
惠州中考,6,2
惠州市高二2026第一次调研考试英语试卷,2,2
惠州高一期末,5,2
惠州高一物理期末,3,2
惠来一中,4,2
惠来县第一中学,8,2
惠民县八下数学期末试卷,3,2
慈溪市2026八年级数学期末试卷,3,2
成华区期末,7,2
成绩分析,5,2
成绩查询,3,2
成绩查询 我的成绩,2,2
成绩查询入口官网,2,2
成语填空,2,2
成都 天府新区 2026 八年级下册统考,2,2
成都0诊化学,3,2
成都0诊物理,8,2
成都0诊生物,3,2
成都2026年小学四年级数学期末考试试卷,2,2
成都26年中考数学 卷,7,2
成都7中数学,3,2
成都一诊数学,2,2
成都七中小升初试题,3,2
成都七中开学考,3,2
成都七中林荫校区,2,2
成都七中高一上期末卷,5,2
成都七年级数学,4,2
成都三诊,4,2
成都东辰,2,2
成都东辰外国语学校,3,2
成都中考英语,3,2
成都九上七中育才数学半期试卷,2,2
成都二诊,3,2
成都八下英语,2,2
成都八中,2,2
成都实验外国语学校,2,2
成都市 第七中学 2026届高三下学期二诊模拟考试数学试卷,3,2
成都市2022级高中毕业班摸底测试物理,4,2
成都市2027届高三零诊数学,2,2
成都市青羊区八下试卷物理,2,2
成都市高一1下期期末统考,4,2
成都教科院附属中学,4,2
成都数学零诊,3,2
成都树德,3,2
成都树德中学,7,2
成都西川中学初一分班考,6,2
成都零诊化学,2,2
成都高二定时练习,5,2
成都龙泉驿区,3,2
成飞中学,4,2
截面问题,3,2
房山区高三开学考,2,2
手拉手,6,2
手拉手模型专项练习,3,2
扎兰屯市第一中学,3,2
打印试卷,5,2
打开七彩学科网 ①2026陕?晋?青宁高考地理选择性考试真题（回忆版） ②2026年6月浙江选考地理试题 ③2026江苏高考地理真题 ④2026山东新高考地理真题,2,2
打点计时器,6,2
扬大附中分班,5,2
扬子中学,3,2
扬子石化杯,2,2
扬子石化杯 2025年第39届中国化学奥林匹克 江苏赛区 初赛试卷,2,2
扬子石化杯 江苏赛区 复赛试卷,4,2
扬子石化杯 第36届中国化学奥林匹克 初赛 选拔赛暨 2022年江苏赛区复赛试题,6,2
扬州中学2025到2026，高一上学期10月月考物理卷,2,2
扬州中学树人教育集团2025学年秋学期期中考试,8,2
扬州中学高三英语,4,2
扬州大学附属中学东部分校,2,2
扬州大学附属中学高一,2,2
扬州市小学二年级上册数学期中试卷,3,2
扬州市文昌教育集团物理八上,2,2
扬州市江都区八上物理第一次月考,2,2
扬州市育才小学 2025 2026,4,2
扬州新华中学,3,2
扬州高一上2025一2026英语树高期中试卷,15,2
扬州高一上数学试卷,4,2
扬州高一数学上学期各校月考,2,2
找一下近几年的物理全国卷和甘肃卷的高考真题,6,2
承德,4,2
承德 高一下期末联考,3,2
承德市,2,2
承德市兴隆县高一年级期末考试英语,2,2
承德市期末联考,2,2
承德市第二中学,4,2
承德市联考,2,2
承德市高一7月期末考试英语,7,2
承德市高一数学期末,9,2
承德期末,15,2
承德高二期末,2,2
承德高二英语,2,2
技术,2,2
投影与视图,5,2
抖音网页版,6,2
折叠问题八下,2,2
抚顺一中,2,2
抛体运动 2025一轮复习,3,2
抛物线,3,2
报 仁安 书 报任安书 课件,6,2
报任安书,6,2
抽屉原理,4,2
抽象函数练习题,7,2
抽象函数综合问题,4,2
拉萨中学,2,2
拉萨城关区模拟政治试卷,4,2
拔尖,6,2
拔尖创新人才选拔,6,2
拱墅区期末,3,2
拼音,6,2
拼音 1 年级,4,2
指对幂,4,2
指数函数与对数函数单元测试卷,4,2
排列数和组合数的计算题,23,2
排列组合问题高考,4,2
提纲,8,2
揭东区第一中学,5,2
揭阳2024 2025学年度高中二年级教学质量测试,4,2
揭阳2024 2025期末考试物理,2,2
揭阳2026年高一期未考统考,4,2
揭阳一中,4,2
揭阳化学高二,3,2
揭阳市,7,2
揭阳市 2025-2026 学年度高中一年级教学质量测试语文,2,2
揭阳市2024 2025学年度高中一年级教学质量测试,3,2
揭阳市2025 2026,4,2
揭阳市2025 2026学年度高中二年级教学质量测试物理,6,2
揭阳市2025 2026学年度高中二年级教学质量测试英语,2,2
揭阳市2025-2026学年度高中二年级教学质量测试化学,3,2
揭阳市2026期末考试试卷,2,2
揭阳市2026高一期末,3,2
揭阳市高一下学期期末试卷,3,2
揭阳市高一级期末考试答案,4,2
揭阳市高二地理期末考,3,2
揭阳期末,7,2
揭阳期末高一统考,4,2
揭阳高一,5,2
揭阳高一统考,4,2
揭阳高二化学期末,3,2
揭阳高二生物,6,2
揭阳高二英语,2,2
搜索关键词：天津市滨海新区2025-2026八年级下学期期末，,4,2
搜索关键词：高一化学暑假作业一 硫及其化合物，能搜到和你试卷题型、考点高度一致的作业卷： 试卷结构：选择题为主，考察火山硫循环、含硫物质转化、铵根/硫酸根离子检验、气体制备，和你现有卷子考点完全一致,8,2
搜试卷,3,2
摩尔质量习题,7,2
摩擦力 10大考点,3,2
摩擦力专项训练,3,2
摸底 高一 上海,4,2
摸底考试,3,2
擢英九年级,7,2
攀枝花中考,2,2
政治 01 必修1,3,2
政治 必修四 2026必背核心知识点梳理,5,2
政治15套高考历年真题电子版,5,2
政治习题必修三,2,2
政治必修一课本,3,2
政治必修三,2,2
政治必修二,7,2
政治必修二思维导图,4,2
政治必修二知识点,3,2
政治思维导图必修二,3,2
政治总结资料,5,2
政治新高考一卷,2,2
政治期末试卷高中,2,2
政治知识清单,5,2
政治背诵,4,2
政治试卷免费,2,2
政治选修2的题,4,2
政治选修3逻辑与思维,5,2
政治选择题 2026专项训练,4,2
政治高一下期末,3,2
政治高中一轮复习,6,2
政治高考真题,3,2
教师版,5,2
教科书电子版,2,2
散文阅读,6,2
数与式,7,2
数列 大题,3,2
数列 导数 单元测试题,6,2
数列 构造法求通项公式 专题,2,2
数列一轮复习 专题,6,2
数列求和,3,2
数列难题,5,2
数学 中考 2025,3,2
数学 必修一必修二综合检测卷,2,2
数学2024全国一卷,2,2
数学2025中考辽宁,10,2
数学2026八下,2,2
数学2026高考,2,2
数学2026高考真题,2,2
数学专项,6,2
数学专项训练,12,2
数学中考卷,4,2
数学中考试卷,5,2
数学九上期中,12,2
数学二六高考真题,3,2
数学人教版A必修一2026平面向量及应用第一章测试卷人,2,2
数学人教版A必修一第一章测试卷人,2,2
数学八下2026湘教板期末,4,2
数学八年级下册期末,3,2
数学公式汇总,5,2
数学几何必修二,3,2
数学函数 2026 常考题型归纳 高三一轮复习,2,2
数学北师大版一年级数学上册单元测试卷,5,2
数学单元测试,4,2
数学卷子,3,2
数学卷子高三新疆,2,2
数学基本不等式,15,2
数学奥林匹克竞赛,2,2
数学导学案,2,2
数学导数专题,6,2
数学开学考试,5,2
数学必修二,9,2
数学必修二练习题,2,2
数学数列专题卷点,3,2
数学期中,3,2
数学期末八年级下册北师大版,2,2
数学概率统计,5,2
数学沪科版九上第一单元,3,2
数学竞赛初中,6,2
数学竞赛初试,6,2
数学第一章,2,2
数学计算 100 道中考,3,2
数学试卷柯桥区,6,2
数学课本电子书,4,2
数学选修一,3,2
数学选修一空间向量专题,5,2
数学选修一苏教版暑假衔接测试卷,2,2
数学选必一专题训练,3,2
数学集合,3,2
数学集合章节试卷,2,2
数学高一基本不等式习题,4,2
数学高一期末,7,2
数据分析,12,2
整体法与隔离法,4,2
文件名：?2025-2026学年河南洛阳强基联盟高二下学期6月英语试题听力.mp3,2,2
文化文学常识,5,2
文学类文本,5,2
文昌中学,4,2
文昌中学期末高一,2,2
文言文 实词120个实词每天小练,3,2
文言文实词,8,2
文言文断句练习,2,2
文言文真题汇编,7,2
文言文翻译,2,2
文言文高考真题汇编,2,2
斗门区期末,4,2
新 高一 2025年分班考试,5,2
新 高一 2026年暑假衔接数学,4,2
新 高二 2026年暑假衔接数学,2,2
新1 卷高考2026,2,2
新中考八下贵州语文,4,2
新乡县高级中学,10,2
新人教版九年级上册英语1-4,2,2
新人教版必修一课后单词表,2,2
新会一中,4,2
新余四中周考,2,2
新初一,3,2
新化,2,2
新定义,4,2
新定义函数专题,4,2
新定义题型,4,2
新概念,4,2
新概念英语,5,2
新泰市2026七年级下册期末考试试卷,2,2
新泾中25年八上12月考卷,3,2
新版九上化学化学变化与物理变化练习,6,2
新生素质测试,4,2
新田2026年高二下期期末物理,2,2
新疆 1 2024 中考试卷,4,2
新疆2 0 2 6年普通高中学业水平选择考模拟测试水测试,4,2
新疆2026中考,3,2
新疆2026高考理综试卷,2,2
新疆七年级下册克拉玛依2025 2026期末真题,2,2
新疆九年级上学期期中,2,2
新疆兵团二中初一分班考,4,2
新疆南疆学生小升初考试数学卷子,5,2
新疆吐鲁番九年级上册化学期末试卷,4,2
新疆和田2026中考,2,2
新疆期末,3,2
新疆维吾尔自治区2026年普通高考适应性检测分学科第一次模拟考试,8,2
新疆阶段检测,4,2
新疆高二下学期期末,3,2
新疆高考2026年真题卷子,5,2
新课标 1 1卷 高考,2,2
新课标1卷,3,2
新课标1卷英语,3,2
新课标词汇3100,3,2
新都一中北星中学,10,2
新高一入学考试,3,2
新高一入门,2,2
新高一分班考,2,2
新高一分班考试,3,2
新高一数学,3,2
新高考1卷英语,3,2
新高考2卷英语2026,2,2
新高考一卷英语,3,2
新高考一卷语文2022,4,2
新高考二卷数学,2,2
新高考二卷英语,2,2
新高考方案 一轮总复习,8,2
新高考英语答题卡,2,2
方位介词,3,2
旅游服务管理,2,2
旋转,2,2
无刻度直尺作图,3,2
无机化学大题,3,2
无锡天一,2,2
无锡格致中学,3,2
无锡第一中学物理高一上月考,3,2
无锡高一上九月份,10,2
日照市高一下学期期末,3,2
日积月累,4,2
日语2024年高考卷,3,2
日语人教版七年级思维导图,8,2
日语单词,7,2
日语必修一,5,2
日语高一,2,2
日语高考,10,2
时态 100真题 英语中考,5,2
时文阅读,6,2
时间状语从句,4,2
昆三中,4,2
昆三中【入学摸底】【夏令营选拔】的资料,2,2
昆三中入学摸底的资料,5,2
昆三经开新高一开学考,4,2
昆山市新初一分班考试卷,6,2
昆山秀峰中学,2,2
昆明 八下 英语 期末,3,2
昆明五年级2025-2026学年下学期,4,2
昆明市2023 2024学年高三期末英语质量检测,2,2
昆明市2026高二期末质量检测英语,2,2
昆明市初一,3,2
昆明市第一中学,6,2
昆明第一中学,3,2
昆明第三中学,2,2
昆明第三中学新高一开学考,3,2
昆明西山区2025-2026七年级下学期数学期末试卷,2,2
昆明质量,3,2
昌乐二中,5,2
昌平,6,2
昌平期末,3,2
昌邑一中,2,2
昌黎县2024-2025五年级下册期末语文/数学/英语,2,2
明升双语学校八年级月考卷,5,2
明德中学高一期末,3,2
明校课堂八年级下册家教的英语每单元测试,4,2
明湖中学,5,2
春季高考广东,3,2
春考卷,3,2
春考广东,4,2
春考真题,2,2
春考高一数学,2,2
昭通市第一中学,7,2
昭阳联盟b卷,3,2
晋一原创八年级上册北师大版数学,2,2
晋中,3,2
晋城一中高一上学期物理第四次调研,2,2
晋江一中八下期末英语试卷,2,2
普宁,4,2
普宁。,15,2
普宁初二2026物理,3,2
普宁市,5,2
普宁市第二中学,4,2
普洱市,4,2
普洱市高一下册复习期末检测,12,2
普通高等学校招生全国统一考试 总复习大纲 地理（全考点分条普查）,3,2
普陀区,2,2
景德镇,2,2
暑假,3,2
暑假作业 01,6,2
暑假作业 05 分子动理论,11,2
暑假作业02，平面向量基本定理坐标表示,5,2
暑假培优讲义,3,2
暑假成果验收卷,11,2
暑假生活八下,2,2
暑假自学课,6,2
暑假自学课 2025年新九年级物理暑假提升精品讲义 人教版2024,2,2
暑假预习讲义,11,2
曲靖一中高一下期末,5,2
曲靖市第一中学,12,2
曲靖市陆良县二年级数学期末考试,2,2
最短路径,2,2
月考 1 2 3单元,4,2
月考化学,3,2
月考卷八上物理,2,2
月考卷高一上9月份,10,2
月考试卷10月,6,2
有丝分裂减数分裂,11,2
有关高中数学直线与圆的练习,3,2
有机 大题 2026 复习专题,3,2
有机专题复习,2,2
有机化合物,3,2
有机化学专题,4,2
有机化学大题,5,2
有机化学试卷,4,2
有机大题 训练,3,2
有机推断大题,12,2
有机物,4,2
有机综合推断大题,10,2
有理数 1000道混合运算计算专练数学,3,2
有理数人教版,2,2
有理数及其运算,3,2
有理数混合运算100题,6,2
有答题卡,3,2
望城区2026期末,3,2
望海潮理解性默写,3,2
朝阳区2025~2026年八下数学期末,4,2
期中 考试,5,2
期中卷,3,2
期中数学,3,2
期中测试,5,2
期中考,3,2
期未,7,2
期末 2024 2025期末测试卷下学期,4,2
期末二次函数,5,2
期末卷子数学新疆,2,2
期末卷子新疆,2,2
期末数学试卷,4,2
期末生物临沂,3,2
期末考点讲义,10,2
期末考试卷2025 2026,4,2
期末考试成绩单如何查询,2,2
期末考试成绩单查询,2,2
期末联考,3,2
期末语文高二河北唐山迁安,2,2
本溪市实验小学期末考试卷纸,9,2
本溪市实验小学期末考试卷纸六上,5,2
本溪市高级中学,4,2
本溪高中2026期末考试,6,2
本溪高级中学,3,2
机械振动,4,2
机械波 10年高考真题汇编物理,7,2
机械能动量守恒定律复习试题,4,2
机械能守恒定律,10,2
机械能守恒定律 能量守恒定律,3,2
权方和不等式,8,2
条件状语从句,2,2
杨家坪中学高一上,3,2
杭州一模,3,2
杭州八上,2,2
杭州八下期末西湖区法治,6,2
杭州周边高二上数学2025期中,9,2
杭州学军,2,2
杭州市2028-2026学年高一下学期期末教学质量检测,2,2
杭州市观成中学,2,2
杭州市钱塘区八下期末试卷,4,2
杭州物理高二下,2,2
杭州第二中学,2,2
杭州高一政治期末考试试卷,6,2
杭州高一期末,2,2
松原市实验高级中学高一,3,2
松原市滨江中学七上语文,7,2
松江,3,2
板块模型专题,5,2
板块问题,4,2
枣庄10月月考,5,2
枣庄市高一下学期期末考试英语,4,2
枣强中学,2,2
查询成绩入口,2,2
柳州,2,2
柳州市三十五中,3,2
柳州市语文试卷8年级上册,2,2
标日日语上册滚动卷,4,2
树之歌视频,2,2
树人中学,4,2
株洲,9,2
株洲二中自主招生数学试卷,3,2
株洲市2026届高三年级教学质量统一检测,4,2
株洲攸县,2,2
根式方程,2,2
根的分布,4,2
根的分布问题练习题数学,2,2
格致分班考,10,2
桂林国龙外国语学校,6,2
桂林市,2,2
桂林市 2025 2026学年度下学期非毕业年级日常考试题库卷,2,2
桂林市2025年-2026学年度下学期非毕业年级日常考试题库,8,2
桂林市国龙外校高一上学期月考试卷,3,2
桃源一中,8,2
桐 浦 富 兴,6,2
桐城中学,4,2
梁丰,7,2
梁丰高中,5,2
梁丰高级中学,5,2
梅州,2,2
梅州市五华县八年级下册生物期末考试卷,3,2
梅州市梅县区2026年八年级下册期末考试数学,2,2
梅州市梅县区七年级上册数学,3,2
梅州生物,2,2
梅州高一下期末英语,4,2
梅州高三,4,2
梅河口市第五中学,4,2
梧州市2025 2026学年度高一下学期期末抽样检测,2,2
梧州高二下期末考试2026,8,2
植物细胞工程,9,2
椭圆 01 专题高三一轮复习,2,2
椭圆离心率专题训练,8,2
楚天协作体,5,2
榆林市第二中学2024-2025学年度第一学期期末考试高一英语试题,2,2
模,3,2
模拟卷 2026英语,3,2
欧姆定律,6,2
欧姆定律 定值电阻电压范围,3,2
正交分解,5,2
正交分解物理,11,2
正余弦函数图像性质,2,2
正弦 余弦定理的综合应用,11,2
正数和负数,10,2
正方形与特殊角专题,2,2
正楷,5,2
正负数加减法口算100道,3,2
步步高 2027大一轮复习讲义电子档,4,2
武 汉 市 2 0 2 6 届高中毕业生 三月 调 研 考 试,2,2
武 汉2026 5月调研,4,2
武冈八年级上册数学期末试卷,2,2
武威一中,4,2
武威第一中学,3,2
武威第六中学,4,2
武安市,2,2
武安市第一中学,4,2
武安市第五中学,3,2
武平,3,2
武昌区2023-2024八下数学试卷,3,2
武汉 3月 调研 2026数学,3,2
武汉 九调2025 2026数学高三,2,2
武汉一模,3,2
武汉中考数学,3,2
武汉九师25-26高三生物,2,2
武汉九调数学高三26,4,2
武汉二月调研,2,2
武汉二高月考,3,2
武汉分班考,3,2
武汉市2023届高中毕业生四月调研考试地理试卷,2,2
武汉市2026届高三年级五月供题,2,2
武汉市东湖高新区九年级上册期中英语,3,2
武汉市中高英语真题合集,3,2
武汉市晴川高级中学,3,2
武汉市汉阳区八年级上学期2025至2026数学试卷,2,2
武汉市江岸区九年级上册期中数学,4,2
武汉市高一上数学期中考试,2,2
武汉江岸高一下期末物理六校联考,3,2
武汉调研,3,2
武汉高三九月调研考试,2,2
武汉高三英语模拟,5,2
武钢三中,6,2
每日一练数学,3,2
毓文,6,2
毓文中学,4,2
比较大小,6,2
比较级,2,2
比较级和最高级,5,2
比较级最高级练习,3,2
毕节,4,2
毕节东辰高二下期末考试,3,2
毕节市七星关区2025-2026七年级下期末,3,2
毕节市高一期末,9,2
毕节高一下期末联考卷,4,2
气体状态方程的图像题,5,2
氧化还原 10大题型专项训练,3,2
氧化还原 反应,8,2
氧化还原 反应10大题型专项训练,2,2
氧化还原 反应配平专练,2,2
氧化还原反应方程式配平,3,2
氧化还原反应电子移转,7,2
氧化还原反应的基本概念和规律,7,2
氧化还原反应离子方程式的配平,5,2
水与水溶液题型一电解质在水溶液中的存在形态,6,2
永川中学,3,2
永川中学数学初二上册,4,2
永州2026八年级,3,2
永州一模,2,2
永州四中拔尖创新人才共建班测试,5,2
永州市2023年上期高一期末质量监测试卷语文,3,2
永年一中,2,2
永春一中物理竞赛,5,2
永登八中,2,2
求二次函数解析式相关问题安徽热点,6,2
求抽象函数定义域,3,2
汇文中学,3,2
汇文高一分班考,3,2
汇编,7,2
汉中龙岗,4,2
汉寿一中入学考试,3,2
汉寿县二中,2,2
汉川2025年汉川的一中高一数学上册期中试卷,2,2
汉川市年级下册数学期中考试,2,2
汉川市高一下册数学期末考试,4,2
汉阴县八年级下学期数学,5,2
汕头五年级数学期末复习卷,3,2
汕头市九上期中化学金园实验中学,11,2
汕头市第一中学,4,2
汕头市达濠华侨中学,2,2
汕头潮阳实验,6,2
汕头高一下期末,6,2
汕尾市,11,2
汕尾市2026期末高一,2,2
汕尾市数学,3,2
汕尾市林伟华高一月考数学,4,2
汕尾市高一下学期期末,3,2
汝州市,5,2
江南,2,2
江南 10 十校,3,2
江南十校联考,2,2
江汉区八年级下册数学2024期末,5,2
江苏2025合格考试卷,2,2
江苏2025年高考地理真题试卷,4,2
江苏2026,2,2
江苏2026合格考试卷,3,2
江苏2026高考英语试卷卷,2,2
江苏一模,3,2
江苏中考,2,2
江苏丹阳,4,2
江苏六年级下学期升学模考,3,2
江苏六年级下学期期末,3,2
江苏化学,5,2
江苏化学一轮复习,3,2
江苏南通数学,3,2
江苏卷高考,6,2
江苏合格考2025学业水平测试卷真题,4,2
江苏学业水平合格性考试语文,2,2
江苏宜兴阳羡,5,2
江苏徐州,3,2
江苏徐州中考,2,2
江苏徐州第一次月考,2,2
江苏徐州高一期末,3,2
江苏徐州鼓楼区七年级数学分班考,6,2
江苏扬州,3,2
江苏期中,2,2
江苏泰州兴化,17,2
江苏省,3,2
江苏省2026年普通高中学业水平合格性考,2,2
江苏省七年级下数学期期末真题卷,2,2
江苏省南京市2025至2026学年第二学期高一语文期末质量检测,3,2
江苏省南京市2025至2026学年高一期末数学质量监测。,4,2
江苏省南京市盐城市高三第一学期期末调研测试2026,2,2
江苏省天一中学,8,2
江苏省天一中学2026届,2,2
江苏省宿迁 期末试卷,4,2
江苏省常州高级中学,2,2
江苏省徐州市,3,2
江苏省扬州市江都区一中,4,2
江苏省无锡市2026年春学期末,2,2
江苏省无锡市全省联考2026年数学八下学业水平合格性考试,2,2
江苏省无锡市市北高级中学 2025-2026 学年高一上学期 10 月月考物理试题的试卷分析,3,2
江苏省泰州中学,3,2
江苏省泰州市周山河小学,2,2
江苏省泰州市期中试卷,3,2
江苏省泰州市第二中学,2,2
江苏省泰州市高港区九年级上学期化学期中试卷,3,2
江苏省海安高级中学,3,2
江苏省盐城市,3,2
江苏省苏州市2025~2026学年高二上学期期中阳光调研物理试卷,2,2
江苏省苏州市数学中考,4,2
江苏省语文模考真题高中,3,2
江苏省连云港市合格性试卷。历史政治化学,2,2
江苏职教高考计算机专业历年真题试卷,6,2
江苏苏州高一语文期末试卷,3,2
江苏赛区苏州市选拔赛,3,2
江苏连云港高一数学9月份检测卷,5,2
江苏阶段性测试初三物理杠杆,3,2
江苏高一上学期阶段检测,2,2
江苏高一下学期期末,2,2
江苏高三数学一模,3,2
江苏高考历史,2,2
江苏高考地理,3,2
江苏高考物理,3,2
江西 0 2026,3,2
江西 0 2026 高三 金太阳,2,2
江西2026高考,3,2
江西上饶广丰区2024＿2025,6,2
江西中考,2,2
江西九师联盟,3,2
江西八年级数学上册第一次月考试卷,3,2
江西南昌2026九年级物理真题,2,2
江西名校12月联考,3,2
江西师大附中开学考,2,2
江西师大附中高一,4,2
江西新余市一中政治,3,2
江西物理2026高考,2,2
江西省2026年高考英语模拟卷,2,2
江西省临川第一中学 高一上学期开学考试,4,2
江西省九江市,4,2
江西省九江市匡卢星瀚高级中学2月期末英语高二,8,2
江西省赣州市安远县,9,2
江西赣州市2025-2026学年高一下学期7月期末物理试题,3,2
江西高考化学模拟卷,6,2
江西高考物理,2,2
江都中学 2025高一10月联考,4,2
江都区七年级上学期语文月考试卷,2,2
江都育才高一数学试卷,2,2
江门市新会区七年级下册2025~2026学年度第二学期期末测试试卷政治道德与法治,4,2
汶上一中,8,2
沈北26七下,3,2
沈阳 1模 126中学,4,2
沈阳120中学八年级语文,4,2
沈阳126,6,2
沈阳三十一中,3,2
沈阳二中2025 2026学年度下学期6月月考 高二 27届 生物学试题,2,2
沈阳五校协作体高二下期末,4,2
沈阳五校联考,2,2
沈阳八年级下册七中,2,2
沈阳和平区期末,2,2
沈阳市120中学,3,2
沈阳市2025 2026郊联体高二下学期期末试卷,4,2
沈阳市2025 2026高二下学期期末试卷,5,2
沈阳市2025-2026高一期末数学,4,2
沈阳市于洪区2025-2026学年四年级下学期期末数学,3,2
沈阳市沈河区第七中学新初一月考,2,2
沈阳市第二中学,3,2
沈阳市第二十中学,4,2
沈阳市第四十中学,3,2
沈阳市苏家屯区2025-2026七下语文期末,2,2
沈阳市郊联体高二下学期期末考试题,3,2
沈阳市铁西区六年下期末,2,2
沈阳市高一下学期郊连体,3,2
沈阳开学分班考 初一,3,2
沈阳浑南区,10,2
沈阳郊联体高一下期末,5,2
沈阳郊联体高二下期末数学,2,2
沈阳高一下学期,2,2
沈阳高一下学期期末,4,2
沙丘,3,2
沙市中学,4,2
沙特阿拉伯，可再生能源，地理综合题,2,2
沧州2026高二下学期期末联考考试卷,4,2
沪教版32页,2,2
沪教版七上数学分式,7,2
沪教牛津九上 Unit1 时文阅读 广州中考,2,2
沪科版2023 2024学年,2,2
沪粤版八年级物理下册有现成的期末测试卷,3,2
沭阳,2,2
沭阳县如东实验,2,2
沭阳如东,2,2
沭阳如东化学,5,2
沭阳建陵,4,2
河北 0 2026 中考,4,2
河北2025 2026学年度高二下期末,4,2
河北2026 地生中考,3,2
河北中考数学,4,2
河北五年级下语文,3,2
河北今年英语中考试卷听力音频,8,2
河北六年级下学期升学模考,2,2
河北化学,5,2
河北化学高一,2,2
河北单招2026试卷真题,4,2
河北唐山市2026届高三第一次模拟演练数学试题。,4,2
河北学业水平考试,4,2
河北宁晋中学,5,2
河北对口升学财经专业技能试卷,3,2
河北张家口市部分学校2025-2026学年高二下学期7月期末巩固训练考试,3,2
河北张家口高二7月,5,2
河北承德市2025 2026学年高二下学期7月期末,3,2
河北承德市2025-2026学年高一下学期7月期末物理试题,3,2
河北承德市2025-2026学年高二下学期7月期末,4,2
河北昌黎,2,2
河北枣强中学高二,2,2
河北枣强中学高二期末,2,2
河北模拟卷高中生物,2,2
河北武邑中学,4,2
河北沧州市多校联考2025-2026年高二上学期阶段总结,3,2
河北滦平一中,3,2
河北物理,3,2
河北省,2,2
河北省保定市2025-2026学年高一下学期7月期末调研,3,2
河北省保定市2026届高三第二次模拟考数学试题,2,2
河北省保定市望都县期末数学2026,3,2
河北省唐山市2025-2026学年度高一年级第二学期期末考试地理试题,2,2
河北省四年级数学下册,5,2
河北省廊坊市,6,2
河北省廊坊市三河市八下期末数学考试,6,2
河北省承德市2025-2026学年高二地理试题,2,2
河北省石家庄一模二模计算汇总,3,2
河北省石家庄市正定县2024-2025八上数学期中,7,2
河北省邯郸市2026届高三下学期数学保温试卷答案。,6,2
河北省邯郸市临漳县2025-2026学年七年级下学期期末考试数学试卷,5,2
河北衡水中学高二小学期,9,2
河北辛集市,11,2
河北遵化，生物期末考，高二下,2,2
河北邢台2026高二期末试卷金太阳,3,2
河北邢台市质检联盟试卷3,3,2
河北邯郸市联考2025-2026学年高一下学期7月期末物理试题,8,2
河北邯郸高二期末,4,2
河北雄安新区2025 2026学年,2,2
河北雄安新区期末英语试卷,4,2
河北高一上学期数学卷子期中,4,2
河北高一下学期期末,3,2
河北高一物理上学期第一次月考,3,2
河北高考,2,2
河北高考化学,2,2
河南  2026 高考数学模拟,2,2
河南2026,2,2
河南2026高一数学,3,2
河南三门峡市渑池,4,2
河南专用,4,2
河南五年级下学期阶段检测,2,2
河南作文专题,7,2
河南信阳高级中学2025至2026学年高一下学期5月阶段测试二语文,4,2
河南升学真题,2,2
河南南阳,5,2
河南商丘市商师联盟2025-2026学年高二下学期7月期末考试,3,2
河南师范大学附属中学,2,2
河南开封市兰考县2025—2026学年度第二学期期末六年级英语学科学业评价试题,5,2
河南数学,4,2
河南濮阳2024至2025八年级下学期物理期末卷,3,2
河南焦作,2,2
河南省026年普通高中学业水平考试,2,2
河南省026年普通高中学业水平考试期末考,3,2
河南省2025 2026学年高一下学期期末考试语文,2,2
河南省三门峡市陕州区2024-2025学年八年级上学期期末考试语文试题,2,2
河南省中考,4,2
河南省信阳市2025 2026学年下学期期末试卷,4,2
河南省信阳市2025-2026学年下学期期末考试高二,3,2
河南省南阳市镇平县26年英语卷,4,2
河南省周口市商水县高中2025~2026学年高一下学期6月期末考试物理,4,2
河南省周口市英语卷子高一联考所有卷,4,2
河南省安阳市滑县八年级期末试卷,2,2
河南省实验中学高一分班考试,2,2
河南省开封市五校2025-2026学年下学期期末考试高一语文试题,3,2
河南省新乡市高一,2,2
河南省洛阳市高一下期末测试,2,2
河南省濮阳市人教版期末2025－2026,3,2
河南省灵宝市2025-2026学年四年级上学期期中学情调研英语试卷,4,2
河南省许昌市2025 2026第二学期期末生物,2,2
河南省许昌市建安区2025-2026学年四年级上册期末语文卷子,2,2
河南省许昌市建安区2025-2026学年第一学期 期  末  三年级语文卷子,3,2
河南省许昌市建安区2025-2026学年第一学期期  末  四年级英语卷子,4,2
河南省许昌市建安区2025-2026学年第二学期期末八年级数学卷子,8,2
河南省许昌市禹州市2024-2025学年四年级上     册 期末数学卷子,3,2
河南省郑州市七年级下册数学,3,2
河南省高一下学期期末考试,5,2
河南省高考生物真题卷,5,2
河南许昌市2025-2026学年第二学期期末质量检测高一数学试题,2,2
河南郑州中原区,4,2
河南郑州九年级化学第3单元单元检测卷,3,2
河南郑州市外国语学校2026届高三下学期一模考试语文,2,2
河南高一下学期期末,2,2
河池2026高三上学期期末数学,2,2
河池市2026年春季学期高二期末学业水平质量检测,2,2
河源市高一下期末,3,2
河西区期末,2,2
沾化,6,2
泉州 2025高二下学期期末试卷生物,3,2
泉州2022届一模,3,2
泉州2026高二下册期末考,11,2
泉州一中、厦外石狮分校、泉港一中、德化一中”四校联盟2025—2026学年第二学期期中考高一英语试题,5,2
泉州一检,11,2
泉州五中分适应性练习一,3,2
泉州五中期末,4,2
泉州市2022届高中毕业班质量检测一,3,2
泉州市2024届高中毕业班质量检测一,3,2
泉州市2025 2026年高一下学期语文期末考试试卷,5,2
泉州市2025 2026年高二下学期语文期末考试试卷,4,2
泉州市八年级下册数学期末考卷,4,2
泉州市初二下数学期末,4,2
泉州市第五中学,7,2
泉州市鹏峰中学高一,2,2
泉州第五中学,3,2
泌阳县2026年中招模拟语文试题,3,2
泌阳县2026年中考模拟，英语试题,2,2
法律,2,2
法律与生活,9,2
泗洪 2025年到2026年期末试卷,8,2
泗洪鸿翔中学七年级入学试卷,3,2
波的传播多解性,2,2
泰勒公式 麦克劳林公式比大小,9,2
泰勒展开式微专题,2,2
泰华中学,5,2
泰安 中考2026,2,2
泰安2026年中考试题,2,2
泰安一中高一上册数学月考,2,2
泰安东平八下物理期末,3,2
泰安中考,3,2
泰安八年级,7,2
泰安八年级英语期末测试题,3,2
泰安市2025 2026年高一下学期期末数学试题,2,2
泰安市2025 2026年高一下学期期末生物试题,5,2
泰安市2025年高一下学期期末考试英语试题,2,2
泰安市岱岳区八年级下册物理期末,2,2
泰安市岱岳区八年级下册物理期末试卷,2,2
泰安市泰山区七年级上册期中语文,3,2
泰安高二下学期期末,4,2
泰州七年级上学期第一次月考,4,2
泰州中学高一月考,4,2
泰州中考,3,2
泰州中考数学,2,2
泰州八年级上学期月考,2,2
泸州市2025级政治高一下期末试卷,9,2
泸州市2026年下半期期末生物,4,2
泸州市2026年高一下期末考试,3,2
泸州期末考试2025年,2,2
泸州高一2026期末生物,2,2
洋河高级中学,15,2
洋泾中学,4,2
洛南中学入学摸底考,3,2
洛必达法则,3,2
洛阳,3,2
洛阳市2 25到2 26学年下学期期末考试试卷高一,2,2
洛阳市七下期末试卷,6,2
洛阳强基联盟高一6月检测英语,4,2
洛阳高一,3,2
洛阳高一化学,3,2
洞山中学,6,2
洪泽区期末试卷,40,2
济南 0 202 6 高三一模,6,2
济南2025到2026高二下学期期末考试,2,2
济南2026中考真题,8,2
济南2026历下区八年级物理期末,6,2
济南2026长清区八年级上数学,6,2
济南一中,9,2
济南一模,7,2
济南一模英语,4,2
济南七中,2,2
济南外国语，振声，稼轩，德润联考真题,3,2
济南市2026高一下期末,7,2
济南市历下区三下期末试卷,2,2
济南市市中区2026八年级期末考试数学试卷,3,2
济南市长清区八年级下册期末数学,3,2
济南市长清区八年级下册期末英语,2,2
济南市高三开学考试,5,2
济南市高三英语上学期期中试题,2,2
济南期末考试,7,2
济南语文八下期末,2,2
济宁 0 2026高一期末,5,2
济宁 0 2026高一期末物理,2,2
济宁 026期末高一,4,2
济宁 2026高一期末,4,2
济宁.高二地理期末考试,3,2
济宁2026高一期末生物,6,2
济宁市实验中学,5,2
济宁市期末数学,2,2
济宁微山,7,2
济宁数学高二2025~2026学年度第二学期质量检测,3,2
济宁高一下学期期末考试 数学,4,2
济宁高二上期末,2,2
济宁高二上期末数学,3,2
济宁高二期末政治,2,2
浏阳2026七下联考,3,2
浏阳一中初升高科创班选拔试卷,5,2
浏阳市,4,2
浏阳市高一期末物理,2,2
浏阳第二十六中学,2,2
浑南区第二初级中学七下数学期末卷子沈阳市2025到2026,2,2
浙教版八年级上册科学 全套PPT课件,3,2
浙江 0 025 一月 首考英语,3,2
浙江2026高考,3,2
浙江A9协作体试卷高二上开学考,3,2
浙江G12联盟高三,4,2
浙江Z20名校联考,2,2
浙江z20,6,2
浙江中考卷,3,2
浙江中考英语,3,2
浙江五年级上学期阶段检测,2,2
浙江六年级上学期期中,3,2
浙江台州期中,3,2
浙江名校,2,2
浙江名校协作体数学,2,2
浙江名校英语,2,2
浙江学考历史,2,2
浙江学考真题,4,2
浙江宁波市奉化区2025-2026学年第二学期期末考试英语,3,2
浙江强基联盟政治,6,2
浙江期中,2,2
浙江杭州第二中学2025年10月高三适应测,4,2
浙江杭州高一上数学期末卷,2,2
浙江温州高一数学,5,2
浙江省,4,2
浙江省2025年7月普通高中学业水平,13,2
浙江省2025高考历史试卷,2,2
浙江省A9协作体暑假返校联考,3,2
浙江省A9协作体暑假返校联考高三地理,2,2
浙江省五校联盟,3,2
浙江省县域联盟2026届高三下学期模拟考试语文试卷,3,2
浙江省学军中学2025年8月高三开学考数学试题及答案,3,2
浙江省慈溪市慈吉实验学校2025-2026学年上学期七年级9月第一次月考数学卷,2,2
浙江省杭州第二中学,2,2
浙江省第一届NBchem 2024-2025高三12月化学联考,2,2
浙江省绍兴市绍一初小升初分班考,2,2
浙江省高二上各地模拟期末考试卷电子版,4,2
浙江省高二上英语期末卷,3,2
浙江省高考英语听力音频,3,2
浙江绍兴2026年四月适应性考试（二模英语）,4,2
浙江高一期末,9,2
浙江高三上学期阶段检测,4,2
浙江高中名校专区,13,2
浙江高中物理一轮复习,5,2
浙江高二上学期期中,4,2
浙江高二下期末语文,3,2
浙鳌中学,2,2
浙鳌中学提前招试卷,3,2
浦东初二下学期物理期末试卷,4,2
浦东外国语,3,2
浦北县2026年九年级上册数学期中考试,5,2
浮力压强 2026专题复习,6,2
海东市2024 2025学年第二学期学业水平统一检测,5,2
海东市2026学年第二学期学业水平统一检测,19,2
海中,3,2
海丰县数学,2,2
海亦丰,5,2
海伦市第一中学,3,2
海南2023年中考数学,2,2
海南2023年中考语文,3,2
海南2026,3,2
海南中学 入学,4,2
海南中学高一新生综合能力测试夏令营,2,2
海南中学高二语文,2,2
海南中考物理,2,2
海南儋州市部分校2025 2026学年高一下学期7月期末英语试题,2,2
海南儋州市部分校2025-2026学年高一下学期7月期末物理试题,4,2
海南八年级下册英语,2,2
海南天一期末高二语文,2,2
海南数学一到五年级,2,2
海南文昌中学2025—2026,3,2
海南澄迈县期末试卷,5,2
海南省2025年普通高中学业水平合格性考试,2,2
海南省2026历史合格考试卷,6,2
海南省临高中学高一上学期,2,2
海南高中历史合格考,3,2
海南高二下学期期末,2,2
海南高考真题,3,2
海口八校联考,3,2
海口八校联考高一下化学,6,2
海口市海南中学,3,2
海口市第一中学七年级上学期,4,2
海口市第一中学高二期末考试,4,2
海口市高三市统考模拟试卷,3,2
海口数学八年级下期末,3,2
海城二中,3,2
海城市高级中学2025高一上学期数学期中考试,5,2
海安中学高一分班考,4,2
海安市2015-2026八年级下学期期末试卷,4,2
海河中学,6,2
海淀2026初二下学期期末试卷,3,2
海淀区,4,2
海淀区2025到2026初二数学期末考试,2,2
海淀高一下期末,2,2
海淀高一期末,7,2
海淀高二期末英语,3,2
海珠区,2,2
涟源市第三中学,3,2
涿州三年级下,2,2
淄博,2,2
淄博2026中考,5,2
淄博实验中学,9,2
淄博市临淄区2026年数学考试试卷,4,2
淄博市全市统考,2,2
淄博桓台一中高一上学期物理期中考试,2,2
淅川一高,6,2
淅川县2025秋期五年级期中测试英语,3,2
淮北实验高中实验班选拔考试试卷,2,2
淮安市清河开明中学,7,2
深 圳 0 2026 二模 数学,2,2
深中 四校联考,6,2
深圳 一模,3,2
深圳7年级下册数学卷子练习,4,2
深圳9年级物理,7,2
深圳一模数学,3,2
深圳中学 026二轮,3,2
深圳中学八下期末,4,2
深圳中学高一下期末,3,2
深圳中学高中园数学,3,2
深圳中考2026,7,2
深圳中考2026数学,3,2
深圳中考试卷历史,3,2
深圳八下数学期末,3,2
深圳八年级上物理期中试卷,3,2
深圳初三数学上学期月考,2,2
深圳北师大版九上期中数学测试卷,3,2
深圳南山,2,2
深圳大学附属中学,5,2
深圳宝安七年级期末试卷,2,2
深圳宝安高 一 1 下学期 期末,2,2
深圳小升初,4,2
深圳小升初数学,4,2
深圳小升初英语,3,2
深圳市中考,7,2
深圳市宝安区初二统考2026,3,2
深圳市高一分班考试,6,2
深圳新安中学八上期中,4,2
深圳科学高中期末,3,2
深圳高一下期末考试,4,2
深圳高一下期末考试英语,3,2
深圳高一期末化学,2,2
深圳高级中学2026年高一下化学，生物期末考试,5,2
深圳龙华,4,2
深圳龙岗区四年级数学试卷,3,2
深高期末物理,2,2
淳辉高级中学,6,2
清华大学,7,2
清华大学强基,4,2
清华附中湾区学校,3,2
清华附中湾区学校高一,2,2
清单,7,2
清江中学,4,2
清源2025~2026学年第二学期高一年级功体训练。,5,2
清远,4,2
清远市2025~2026年高一期末,4,2
清远市2026年高一第二学期期末供题训练,8,2
清远市2026高一期末试卷,5,2
清远期末,3,2
清远，七年级上册,4,2
渗透作用,5,2
渤海大学附属高级中学,2,2
渤海大学附属高级中学期末,2,2
温州一模,4,2
温州中学提前招试卷,2,2
温州二模,4,2
温州市普通高中2026届高三第一次适应性考试物理,3,2
温州数理化,3,2
温州第二中学第1单元科学8上,4,2
温州龙港六年级小升初毕业考,2,2
港澳台,8,2
港澳台联考,6,2
湖北2026高考物理真题,3,2
湖北三年级下学期阶段检测,3,2
湖北中考,4,2
湖北九年级上学期期中,2,2
湖北云学联盟,2,2
湖北五年级下学期阶段检测,2,2
湖北五年级下学期阶段检测数学,3,2
湖北八校20265月高二日语试卷,2,2
湖北六年级下学期阶段检测,3,2
湖北初中生物,2,2
湖北化学,2,2
湖北十堰市2025~2026学年高一下学期期末考试语文试题,2,2
湖北孝感市2025-2026学年度下学期期末学业水平质量监测七年级试题,2,2
湖北宜昌西陵区数学试卷,2,2
湖北恩施六年级下册期末试2026年最新洲,2,2
湖北新八校日语高二2026,2,2
湖北武汉2模,4,2
湖北省2025 2026高二下学期六月期末考试,2,2
湖北省2026初中学业水平考试,4,2
湖北省2026年语文中考,2,2
湖北省2026高一下学期期末考试,5,2
湖北省中考真题,6,2
湖北省云学联盟,5,2
湖北省咸宁市重点高中高一期末,6,2
湖北省大冶市八年级上册期末语文,5,2
湖北省武汉市2025 2026高一下学期六月期末考试,3,2
湖北省腾云联盟2023-2024高三上生物试卷八月联考,5,2
湖北省荆门市龙泉高中自主招生,3,2
湖北省近三年数学中考题,2,2
湖北省随州市曾都区实中 七年级上册 数学期中,2,2
湖北省随州市高二期末考试试卷,4,2
湖北省高二第一次月考,3,2
湖北省麻城市小学六年级期末试卷,3,2
湖北襄阳市第四中学2026级高一卓越班期末学情调研数学试题,3,2
湖北语文,2,2
湖北随州市2025-2026学年高二下学期期末考试,11,2
湖北随州高二期末考试,4,2
湖北高一下学期期末,3,2
湖北高三下学期期末,3,2
湖北高二下学期期末数学,2,2
湖北高考物理真题,3,2
湖南 025 届 长郡 二十校联盟,4,2
湖南2026年高考,3,2
湖南七年级下学期阶段检测,3,2
湖南七年级英语下册,4,2
湖南专用,3,2
湖南中考数学,7,2
湖南中考英语,5,2
湖南中考英语听力,5,2
湖南历史中考,2,2
湖南天壹高三联考,4,2
湖南娄底市部分学校2025 2026学年高二下学期7月期末考试,3,2
湖南娄底新化,3,2
湖南师范大学附属中学高二,5,2
湖南数学中考,3,2
湖南省10月联考,3,2
湖南省2020年普通高中学业水平选择性考试,4,2
湖南省2023年地理真题,2,2
湖南省2026中考,2,2
湖南省2026高中学业水平考试数学试卷,5,2
湖南省娄底市2025-2026学年八年级下学期6月期末数学试题,6,2
湖南省常德市汉寿县第一中学2025年到2026学年高一下学七五月阶段检测英语试题,2,2
湖南省张家界市,5,2
湖南省新高考教研联盟2026届高三年级12月联考,4,2
湖南省永州市一模,2,2
湖南省永州市冷水滩区二中,3,2
湖南省衡阳市第一中学船山杯素质评价考试真题,3,2
湖南省郴州市高一期末,2,2
湖南省长沙市长郡集团2025-2026学年八年级下学期七月期末物理试题,3,2
湖南省长沙市雅礼中学高二期中考试试卷数学,3,2
湖南省长沙市高一下学期政治期末卷,5,2
湖南省长沙市高一下学期数学期末卷,3,2
湖南省高一物理必修一运动描述测试卷,2,2
湖南省高考卷,3,2
湖南省高考历史,5,2
湖南省高考政治,3,2
湖南襄阳八下,3,2
湖南邵阳,4,2
湖南长沙,2,2
湖南长沙高中入学分班考,2,2
湖南长郡20校联考,3,2
湖南长郡中学,4,2
湖南阶段检测,2,2
湖南高一下学期期末,3,2
湖南高三下学期期末,3,2
湖南高考物理,2,2
湖南高考真题近十年,2,2
湖州市,3,2
湘一名校联盟天一大联考2025-2026学年（上）高三11月联考 物理（湘西州一模）,6,2
湘一青竹湖,7,2
湘东2026高一期末,4,2
湘东大联考2026高一期末,5,2
湘潭26年七年级统考语文试卷,3,2
湘豫,7,2
湛江2025 2026期末考试试卷,3,2
湛江市第一中学,4,2
湟川中学,3,2
溆浦县第一中学,5,2
溶液专题,3,2
滁州中学,4,2
滁州八年级上册语文试卷,6,2
滕州二中,4,2
滕州五中,2,2
滕州市八上数学期中,2,2
滨城区2025-2026学年上学期七年级期末数学试卷,3,2
滨城联盟,3,2
滨城高中联盟,5,2
滨州2026高二期末英语,2,2
滨州市2026年高二下学期数学期末考试试卷图片,2,2
滨州市高一期末2026,4,2
滨州期末高一化学,3,2
滨州高一期末,3,2
滨河,3,2
滨海新区期末,3,2
漯河三中,2,2
漯河三中第一次月考试卷,2,2
漯河高中,3,2
漳州外国语英语自主招生模拟卷。,4,2
漳州市2025七年级上册期末考试卷,2,2
漳州市华侨中学,8,2
漳州期末英语,4,2
潍坊 0 202 5高一下学期期末,7,2
潍坊2026高一期末下学期,2,2
潍坊一中高一分班考,3,2
潍坊一中高一数学期中,3,2
潍坊光正实验学校,2,2
潍坊历史试题,2,2
潍坊四中高一化学,2,2
潍坊市2 026高一期末,5,2
潍坊市化学九年级上册期中,2,2
潍坊市昌邑七年级期中数学上学期,6,2
潍坊市高一下学期期末,4,2
潍坊期末高二下学期考试,3,2
潍坊高二20252026下学期期末化学考试,2,2
潍坊高二下学期期末考试,3,2
潍坊高二下期末数学,6,2
潜江市,4,2
潜江市七年级上册月考卷,3,2
潮南区统考,4,2
潮南区高二期末统考,6,2
潮南区高二统考卷子,4,2
潮州,3,2
潮州2026语文期末,3,2
潮州市2024 2025学年度第二学期期末高二级教学质量检测卷英语,4,2
潮州市2025至2026学年度第二学期期末高二级教学质量检测卷生物,5,2
潮州湘桥区2025-2026第二学期7下期末试卷,3,2
潮阳实验学校 2025-2026 七年级下册 期末,8,2
潼关县七年级下册期末,2,2
澄海,3,2
澄海中学,6,2
澄海实验高级中学开学考,2,2
濉溪中学,3,2
濮阳,7,2
灵宝市,3,2
灵宝市八年级,3,2
灵川,4,2
炎徳英才大联考2026届高三,5,2
点电荷的电场,3,2
点石联盟,3,2
点石联盟高三数学试卷,2,2
点石联考2026高一下,3,2
点石联考2026高一下数学,4,2
点石联考期末,4,2
点石联考高一下期末,4,2
烟台 二模 2026,6,2
烟台2025到2026学年度第二学期期末高一地理,3,2
烟台一模,4,2
烟台二模,5,2
烟台莱山区五年级第二学期,6,2
烟台高一期末考试试卷,2,2
热化学方程式,3,2
热学,3,2
热学大题,2,2
焦点三角形,3,2
牛二综合复习,3,2
牛吃草问题一道,7,2
牛頓第二定律10题型,3,2
牛顿三大定律,4,2
牛顿第一定律,3,2
牛顿第三定律说课稿,3,2
牡丹江一中,3,2
牡丹江市第一高级中学,3,2
牡丹江市第一高级中学2025年高一月考物理,3,2
牡丹江市第二高级中学,3,2
物态变化,3,2
物理 01 新中考 卷 新题 型 结构 学易金卷 2024 年 中考 考前 押题 密卷 2025 零一 二零二四 二零二五,5,2
物理2024 2025初二,12,2
物理2025下期末卷青海,5,2
物理一轮复习教案,3,2
物理中考,2,2
物理九上,3,2
物理九上画电路图,2,2
物理九上笫二周周测,3,2
物理五校联考,2,2
物理人教版高二期末考,5,2
物理传送带问题,6,2
物理光电效应大题,5,2
物理全一册,10,2
物理全国二卷,3,2
物理八上 第一单元,5,2
物理八上必刷题教科版,2,2
物理八上期中,10,2
物理八上期末,12,2
物理八下期末,4,2
物理八年级上册期末,5,2
物理公式,4,2
物理动态平衡,2,2
物理动能动量,4,2
物理动能定理专题,4,2
物理动量大题专练,2,2
物理匀速直线运动刹车问题,2,2
物理北师大八年级上册,3,2
物理卷子免费,3,2
物理受力分析,3,2
物理受力分析专题,4,2
物理启蒙预习卷,6,2
物理实验专题,7,2
物理开学,2,2
物理必修2试题,3,2
物理必修一1，2章复习卷,3,2
物理必修一教科书,2,2
物理必修三第一课预习,6,2
物理必修二,3,2
物理必修第一册 单元基础夯实A卷,7,2
物理抛体运动,3,2
物理暑假八下,4,2
物理月,7,2
物理期末卷,5,2
物理期末辽宁五校,3,2
物理机械运动,11,2
物理模型,3,2
物理浮力练习题,7,2
物理电荷习题,9,2
物理电路图,4,2
物理竞赛福建,6,2
物理答案辽宁高一期末,3,2
物理计算题2026计算专题训练,2,2
物理设计题,3,2
物理试卷2026八下,3,2
物理试卷必修一和必修二混合,5,2
物理课本习题答案,3,2
物理课本电子版,5,2
物理运动学专题,3,2
物理运动学专题练习,3,2
物理运动学专题高一,3,2
物理选修一第一章,5,2
物理速度题一轮复习,3,2
物理高一1下期期末联考卷,17,2
物理高一下单元卷,5,2
物理高一下期末,6,2
物理高一力学专项,4,2
物理高一曲线运动,5,2
物理高三北京模拟题,2,2
物理高二期末济南,3,2
物质的分类及转化,3,2
物质的量 1 专题复习,6,2
物质结构与性质,7,2
物质结构创新题,3,2
特殊法测电阻、电功率,8,2
特殊疑问句,11,2
特殊的平行四边形,3,2
玉城,5,2
玉林中学,6,2
玉林北流六年级,2,2
玉溪市师院五年级,3,2
玉溪市高一下学期期末市统测,2,2
玉溪高二下学期市统测物理,2,2
玉田,3,2
玉田一中,7,2
王朝霞物理卷试卷62024—2025年度第二学期期末八年级物理教学质量检测试题答案及解析,2,2
环县,22,2
环宇,3,2
现在分词作 宾补,5,2
现在进行时,6,2
珠海八上英语期中,2,2
珠海市麒麟中学,3,2
球的切接问题,6,2
理想的风筝,2,2
琢名小渔承德市最新高二年级期末考试卷以及答案解析,6,2
琢名小鱼7月15.16联考河北承德,6,2
琼脂糖凝胶电泳,3,2
璧山中学,7,2
瓜豆,5,2
瓜豆原理,3,2
甘肃临夏州2025数学高一,3,2
甘肃临夏州2026年五年级下册数学统考试卷,7,2
甘肃兰州市兰州新区片区多校联考 · 2025～2026学年度第二学期高二下学期7月期末考试,3,2
甘肃天水高一期中考试,3,2
甘肃武威一中2026高一第二学期物理期末试卷期末,5,2
甘肃白银市靖远县2025 2026数学期末试卷,3,2
甘肃省兰州市西北师大附中高一第二学期期末试卷,6,2
甘肃省白银市会宁县八年级期末试卷,2,2
甘肃高一上学期学期数学月考考,4,2
甘肃高一下学期数学期末考,7,2
甘肃高二下学期期末,5,2
甘肃高二下学期期末文萃,2,2
甘谷一中高一上数物理期中考试试卷真题,3,2
生地 会考广东,8,2
生地会考2026,2,2
生物 1必背知识清单,8,2
生物 会考,2,2
生物 选修1浙江高二10月,2,2
生物一轮复习,2,2
生物一轮复习知识点,5,2
生物专题,3,2
生物专题复习,11,2
生物书,3,2
生物光合作用大题 高中,2,2
生物光合作用大题 高中综合,2,2
生物合格 考2025年 普通高中学业水平,2,2
生物基因分离自由组合大题,4,2
生物基因工程大题专题训练,3,2
生物必修一复习题,2,2
生物必修二第一章,3,2
生物思维导图,7,2
生物期末试卷,7,2
生物期末高一下,3,2
生物知识点必修一,3,2
生物稳态与调节,4,2
生物稳态人教版,2,2
生物竞赛2025初赛,3,2
生物选修二,11,2
生物选择题专练,6,2
生物遗传专项训练,2,2
生物遗传专题,11,2
生物遗传题专项训练,7,2
生物高二下学期期末考试卷,3,2
生物高考真题,4,2
田家炳中学,3,2
电势,10,2
电势差,3,2
电势能和电势（培优教学课件）物理人教版2019必修第三册+.pptx,3,2
电化学原理的综合应用,5,2
电压,5,2
电场强度,4,2
电子书,9,2
电子商务基础,4,2
电子式,8,2
电学实验专题,2,2
电流和电流表,3,2
电流的测量,2,2
电源和电流,4,2
电白一中 新高一入学摸底考试,3,2
电磁,4,2
电磁场,3,2
电磁感应大题,3,2
电能 能量守恒定律,7,2
电解池,6,2
电解池、金属的腐蚀与防护,3,2
电解质的电离同步练习,6,2
电路分析,6,2
电路图与实物图互画,8,2
电路图与实物图互画无电表,5,2
电路图和实物图互画习题,4,2
电路图练习,11,2
电路故障 北京适应,2,2
电路画图练习,5,2
电路的连接,3,2
电路综合压轴（加杠杆），和浮力液体压强压轴,6,2
电阻,3,2
画电路图专项,3,2
番禺区,2,2
疏勒县第一中学2025 2026,5,2
病句辨析与修改模考练习,19,2
白云中学,2,2
白云区期末考试,3,2
白云期末考,3,2
白银市2025至2026学年度第二学期七年级期末考试历史卷子,4,2
白银市高一下靖这期末联考卷,3,2
百 师联盟,2,2
百子菁英,2,2
百师联盟,4,2
百师联盟英语高三,3,2
百强,4,2
百色初二,3,2
百色高二下学期期末,3,2
百题斩 高考英语 单句语法填空 梯度训练,2,2
皇姑,3,2
皇姑区2026-2026期末试卷八年级上册语文,2,2
皇姑区期末试卷八年级上册语文,6,2
皖东县中联盟,5,2
皖南八校,4,2
盐城中学,7,2
盐城中考,2,2
盐城市,3,2
盐城市明达初级中学,5,2
盐城市第一中学,4,2
盐城景山本部,3,2
盐城连校高一化学期中考试,2,2
盐道街,3,2
盖斯定律,7,2
盘锦市高级中学,6,2
直接搜关键词：2025-2026 河北九年级一模英语、唐山二模英语,2,2
直线与圆的位置关系,3,2
直线与圆的方程,4,2
直线与圆的方程单元测试卷,2,2
直线与方程单元测试,8,2
直线的方程,3,2
直线运动2027一轮,11,2
直角三角形的边角关系,3,2
相互作用,2,2
相互作用 力2027一轮复习,9,2
相互作用力,3,2
相互作用基础练习,12,2
相似 三角形,2,2
相似三角形专题练习,3,2
相似图形,5,2
相反数,4,2
眉山仁寿 八上数学期末卷,5,2
眉山八年级上,2,2
眉山市洪雅县初一数学,5,2
眉山高一下期末生物,2,2
眉山高一化学期末试卷,2,2
看图写话,3,2
真光中学,5,2
真题分类汇编,5,2
真题圈,2,2
真题的逻辑,7,2
睢宁四年级期末试卷,3,2
矢量,2,2
知识点 背诵版挖空,9,2
知识点归纳,3,2
知识点归纳总结,3,2
短文填空专项练习八年级,4,2
短歌行,2,2
石室,5,2
石室文庙,2,2
石室联中,3,2
石家庄2024-2025高一下期末历史,2,2
石家庄一中高一物理2025年10月月考试卷,2,2
石家庄二中实验学校,5,2
石家庄二中高二,2,2
石家庄实验中学,2,2
石家庄市2026届普通高中学校毕业年级教学质量摸底检测,4,2
石家庄市中2026年高一上学期期中考试卷,4,2
石家庄市第二十八中学,12,2
石家庄市长安区2024-2025学年度第二学期期末七年级英语作业质量检测,2,2
石家庄新华区七上期末地理期末,2,2
石家庄第九中学,6,2
石家庄精英中学高三,4,2
石家庄高一上学期开学考,5,2
石家庄高一下学期期末,3,2
石家庄高一开学考,3,2
石景山,2,2
石景山初二期末,6,2
石景山区2024-2025学期第二学期高一期末试卷物理,3,2
研究自由落体运动的规律,4,2
确定二次函数表达式的练习,2,2
磁 场,3,2
磁场,5,2
磐石,6,2
社旗县第二小学一年级上册试卷2025数学真题,2,2
祁东县,5,2
神木市2026年三年级英语期未卷,3,2
祥符区第四高级中学,5,2
福九联盟期末,6,2
福州 一检,4,2
福州8月质检,4,2
福州一中 2025 2026高三上数学期末,7,2
福州一中 2025 2026高三下物理,3,2
福州三中高一下,2,2
福州九年级上册物理期中考,3,2
福州八中,2,2
福州十一中,4,2
福州屏东中学,4,2
福州市质检,3,2
福州市闽清县2025-2026学年八下期末物理试题,2,2
福州市高三8月质检,4,2
福州延安中学,3,2
福州物理,4,2
福州福就联盟高一物理期末,2,2
福州第16中学教育集团2025~2026学年第二学期8年级期末考试,2,2
福州第三中学,4,2
福州第三中学高三下,3,2
福州高三8月质检,2,2
福州高三8月质检高三第一次质检,5,2
福州高三一检,3,2
福州高级中学高二下学期期末物理券,2,2
福建2025年化学竞赛,2,2
福建七年级上学期阶段检测,7,2
福建七年级下学期期末数学,3,2
福建七年级下学期期末数学莆田,3,2
福建中考卷,2,2
福建中考英语2025年,3,2
福建八年级上学期期中,2,2
福建省2026中考英语,2,2
福建省2026年6月学业水平考试生物,3,2
福建省中考2026年试卷,7,2
福建省历史高考2026,2,2
福建省厦门双十中学,10,2
福建省城厢区南门学校2025的数学八年级第1次月考,4,2
福建省宁德市2025-2026学年高二下学期7月期末考试生物试题,4,2
福建省宁德市8年级下册英语2025年至2026年期末检测,3,2
福建省宁德市福鼎市三年级期末试卷,2,2
福建省普通高中学业水平合格性,4,2
福建省泉州市，2024到2025，学年高一上期末检测卷,2,2
福建省漳州市期末考试,2,2
福建省福州市2025-2026学年九年级上学期期末化学试题,2,2
福建省福州市鼓楼区，数学期末卷子,2,2
福建省福州第一中学,4,2
福建省福州第三中学,3,2
福建省莆田市荔城区2024-2025学年人教版一年级下学期期末测试卷数学,6,2
福建省高三省检,4,2
福建省龙岩市新罗区八年级下册语文期末考,2,2
福建省龙岩市高二第1次月考数学试卷,3,2
福建福州市台江区六校2025-2026学年第二学期期末考试高一数学试卷?（,2,2
福建莆田高三一模卷,6,2
福建阶段检测,2,2
福建高 一 0上学期,2,2
福建高一上学期期中,2,2
福建高一下学期期末考试,4,2
福建龙岩三模,2,2
福清,6,2
福清市九年级上册物理半期考2025,3,2
禹城综合高中,3,2
离子反应、离子方程式思维导图,2,2
离子反应一轮复习,2,2
离子反应与离子方程式试卷,3,2
离子反应图像问题化学,4,2
离子方程式判断正误,2,2
秀屿区实验中学,3,2
秀峰中学,3,2
秋实中学,3,2
科技中学高10月月考英语,3,2
秦皇岛高一,3,2
稠州中学,5,2
空间向量 023 一轮复习 高考,3,2
空间向量与立体几何 026专题一轮复习,9,2
空间向量与立体几何 12大基础题,7,2
空间向量与立体几何专题,6,2
空间向量专题举一反三,3,2
空间向量压轴题及中档题专项练习,6,2
空间向量及其线性运算,3,2
空间向量及其运算,3,2
穿并联电路中电压,3,2
立体几何 大题,5,2
立体几何一轮复习,6,2
立体几何专题,3,2
立体几何专题卷子,3,2
立体几何中的外接球与内切球问题,7,2
立体几何初步单元测试,6,2
立体几何压轴,3,2
立体几何压轴小题,2,2
立体几何基础题,3,2
立体几何大题,6,2
立体几何证明 大题,7,2
立体几何证明题,4,2
立体几何，高一必修二，人教版，专题训练,5,2
立方和差公式练习,4,2
立达中学,2,2
竖直平面圆周运动 F-cosθ 图像,3,2
竞赛 202 5 年全国中学生化学赛,3,2
竞赛 202 5 年初三数学,6,2
章丘,11,2
章丘区物理八年级,2,2
笔记,3,2
第01讲,3,2
第02讲,2,2
第05讲,2,2
第05讲 化学平衡状态和平衡常数,2,2
第05讲摩擦力,3,2
第13章三角形数学,8,2
第17讲,2,2
第1课时 细胞的增殖-【回归课本】2025年高中生物基础知识训练,5,2
第2章 声现象（暑假单元自测）新八年级物理新教材人教版,3,2
第3单元自测卷,5,2
第42届全国奥林匹克赛物理。,3,2
第8讲,2,2
第一单元A卷,7,2
第一单元七年级上数学,4,2
第一单元试卷,4,2
第一学期期中考试,6,2
第一次月考卷,2,2
第一次月考数学,2,2
第一次月考试卷,5,2
第一节 质点 参考系 时间,2,2
第三十六届全国中学生物理竞赛预赛试卷浙江,6,2
第三单元梯形的面积,6,2
第三章,4,2
第二学期期末,16,2
第六单元语文,6,2
等差等比数列专题复习,4,2
等比数列,5,2
等腰直角三角形的半角模型,2,2
答案,4,2
答題卡 1模板,7,2
答题卡模板,4,2
简 爱 1 10章 分章节练习,2,2
简 爱 1 10章 情节梳理,2,2
简单判断,3,2
简单题直线和圆,4,2
简爱实战训练电子版,6,2
简爱导读,4,2
简谐运动综合大题,2,2
简阳,2,2
精品解析：江苏南京市金陵中学2025—2026学年高二下学期期末考试地理试卷（原卷版）.docx,2,2
精彩三年,7,2
精英中学,5,2
精讲精练,3,2
紅星照耀中国 2023年 2025年中考真题,3,2
紅星照耀中国 2026年知识点,3,2
紅星照耀中国 分章节阅读练习,3,2
素养,2,2
素养检测,6,2
組卷网,2,2
綦江中学七校联考期末数学试卷,2,2
红对勾 2027版大一轮复习,8,2
红对勾 2027版大一轮复习基础默册,3,2
红对勾讲与练,3,2
红寺堡,3,2
红山,2,2
红山中学,2,2
红星照耀中国,2,2
红河州 文山州2024年高中学业质量监测高二语文,2,2
约数与倍数2,3,2
纳雍,3,2
练习册,2,2
练字,7,2
练字帖,4,2
组合小卷01 情境默写 短歌行,2,2
组合小卷01 情境默写：短歌行+赤壁赋+老子（综合训练）（上海专用） 2026年高考语文二轮复习讲练测,3,2
细胞呼吸和光合作用,3,2
细胞的物质输入和输出,5,2
绍一初小升初分班考,6,2
绍兴市 2025学年第二学期高中期末调测,3,2
绍兴市2025学年第二学期高中期末调测高二地理答案,4,2
绍兴市元培中学小升初分班考试卷,2,2
绍兴海亮分班考,2,2
经纬网的应用,3,2
给我出一份鲁教版八下数学期末考试卷,5,2
绝对值化简,3,2
绝对值化简与数轴,4,2
绝对值化简高一,3,2
统计和概率专题,2,2
统计概率,7,2
绥化高中,3,2
续写,3,2
维克多新高中英语词汇 字母排序 默写填空 含答案,3,2
维扬中学八年级上册,2,2
绵阳2025一诊,4,2
绵阳2026年高二期末考试试卷,2,2
绵阳七年级下册期末,2,2
绵阳东辰,3,2
绵阳东辰9年级,2,2
绵阳中学高二上,3,2
绵阳中考,5,2
绵阳中考2025,2,2
绵阳南山中学,10,2
绵阳富乐,3,2
绵阳普明中学高2025级第二学期期末模拟试卷英语,2,2
绵阳零诊,4,2
综合,2,2
综合题,4,2
缙云,2,2
网校通入口,6,2
网课,2,2
网课班,2,2
罗定市26年期末供题训练,3,2
美女,4,2
翁牛特旗2025-2026学年七年级下学期7月期末试题,4,2
翻折类题目,3,2
耀华中学,4,2
耀华中学分班考,5,2
耀华中学期末,2,2
考前速记03 有机合成路线大全（知识清单）2026年高考化学二轮复习讲练测,2,2
考试成绩查询,3,2
考题猜想,4,2
耒阳市2026年上学期期末考试试卷,3,2
聊城 高二 2026期末考试英语,3,2
聊城024 2025 学 年 高二 上学期期末,3,2
聊城024 2025 学 年 高二 下学期期末,5,2
聊城2025 2026高二下学期期末考试政治,3,2
聊城2026高二下学期期末,8,2
聊城2026高二期末,3,2
聊城市2025-2026学年高一物理期末试题与答案,4,2
聊城市2026高一下期末考试试题,2,2
聊城市2026高一下期末考试试题答案物理,2,2
聊城市2026高二期末语文,2,2
聊城市高一下学期期末历史答案.,2,2
聊城市高二英语,4,2
聊城高一下学期期末,2,2
聊城高一下学期期末化学2026,2,2
聊城高一下学期期末英语,2,2
聊城高一下学期期末试卷及答案生物,2,2
聊城高一下学期期末语文,2,2
聊城高一期末考试答案,5,2
聊城高二下期末,2,2
职高数学,3,2
职高英语书,2,2
联盟,9,2
联赛,3,2
肇庆2026高一第二学期期末,2,2
肇庆2026高一第二学期期末地理,3,2
肇庆一模,3,2
肇庆中学,4,2
肇庆市,3,2
肇庆市统考,3,2
肇庆高一,2,2
肥东一中高一上学期第一次月考数学卷,5,2
肥东三,2,2
育华,3,2
育新中学,2,2
育明高中化学,2,2
背诵速记用,2,2
胡不归模型,3,2
胶州一中月考,2,2
自主招生物理初升高,3,2
自主招生考试,4,2
自主招生试卷,5,2
自招 数学,8,2
自测,3,2
自贡市2025-2026学年高一年级下学期期末试卷,8,2
舒城八下数学期末试卷,2,2
舟曲一中,7,2
芜湖,3,2
芜湖一中,3,2
芜湖一中高一上学期,2,2
芝罘区八上数学2025年期中考试卷子,3,2
花溪区2025初三适应性英语试卷,7,2
芸熙百分2025~2026学年八年级英语下册期末必刷卷课标版新教材河南专版,8,2
苏北 七市2026高三二模,4,2
苏大附中,7,2
苏州 高一 上,5,2
苏州2025 2026高一下期末,4,2
苏州中学伟长实验,2,2
苏州工业园区,3,2
苏州工业园区星港学校2025九年级期末卷,3,2
苏州市2024年数学统考期末,3,2
苏州市高三开学考,3,2
苏州市高新区第一中学月考卷,3,2
苏州市高新区英语一模,4,2
苏州高一上期末,3,2
苏教版五年级上册数学,4,2
苏教版初一英语project 2 < A party plan to celebrate New Year ＞，课件。,8,2
苏科版八上物理易错题,3,2
苏科版物理八上知识点总结,4,2
苏科版玄武区七年级下册期末试卷,2,2
苏锡常镇二模,3,2
英华实验学校,5,2
英语 听力2025 含听力材料及录音渭源县,5,2
英语 衡水体范文字帖,4,2
英语 衡水体范文练习模板,3,2
英语 语法 必备知识大全,3,2
英语 读后续写23个万能句式,3,2
英语 课本,10,2
英语1基础模块 第三版,3,2
英语3500 词汇背诵word版高中正序,2,2
英语3500个必背单词,3,2
英语3500词,14,2
英语3500词词频分级表,2,2
英语cd篇高频词,7,2
英语一轮复习,10,2
英语七上,3,2
英语七年级下册混合时态练习题,2,2
英语七选五专题练,2,2
英语专项练习语法填空,4,2
英语专项训练,11,2
英语中考复习资料优选,2,2
英语中考湖南省娄底市新化县中考九年级,2,2
英语中考首字母填空,4,2
英语人教版初中单词大全,4,2
英语仁爱版,2,2
英语从句,4,2
英语八上单词,6,2
英语八上单词表,2,2
英语八上重点短语和词性转换清单,12,2
英语冀教版第一单元单词短语默写,4,2
英语卷子 8年级下学期,3,2
英语听力专项训练,6,2
英语听力音频,5,2
英语周报,3,2
英语四级,8,2
英语四级2025真题,2,2
英语四级词汇,3,2
英语外研版,5,2
英语外研版必修一单词,3,2
英语学科素养竞赛,5,2
英语小作文,5,2
英语常用词词汇手册3500电子版,2,2
英语广西中考真题听力,2,2
英语必修一到必修三完型,11,2
英语必修一到必修三完型填空,4,2
英语必修一单词人教版,4,2
英语必修三 词汇复习,5,2
英语必修三期末试卷,2,2
英语必修二单词表,5,2
英语情景交际内蒙,4,2
英语情景交际常考话题,2,2
英语期末东明县八年级,5,2
英语浙江,3,2
英语省略句,3,2
英语知识点,5,2
英语短语,8,2
英语短语固定搭配,5,2
英语第一单元,3,2
英语续写练习,3,2
英语范文,3,2
英语范文七下期末人教,2,2
英语词汇 2026 3500词汇,5,2
英语语法分类检测七上,5,2
英语语法练习,7,2
英语选修三单词,2,2
英语选择性必修二单词表,5,2
英语选择题阅读 100篇 专项训练英语2026,3,2
英语阅读 100篇 专项训练英语2026,2,2
英语阅读专项训练高中,2,2
英语阅读判断题训练。,8,2
英语阅读理解 100篇专项训练高中,3,2
英语音标,9,2
英语首字母填空,3,2
英语高一,9,2
英语高三,2,2
英语高三联考,2,2
英语高考作文范文,6,2
英语高考高频词,4,2
英语默写,3,2
茂名一中,3,2
茂名市 高一 期末监测 2026,3,2
茂名市 高一 期末监测 2026 政治,3,2
茂名市 高一 期末监测 2026 数学,3,2
茂名市 高一 期末监测 2026 物理,4,2
茂名市2025—2026年五年级下册英语期末试卷,4,2
茂名市2026年高一统考生物,3,2
茂名市期末高一第二学期2026-2027数学,3,2
茂名市直属2025—2026年五年级下册语文期末试卷,6,2
茂名市第一中学,3,2
茂名市第十六中学,5,2
茂名市质量监测,2,2
茂名市高一下期末抽测英语,7,2
茂名市高一期末数学统考答案,2,2
茂名市高一期末语文统考答案,4,2
茂名市高二下期末化学,6,2
茂名市高二下期末物理,10,2
茂名市高二期末考试化学,6,2
茂名高一地理下册,7,2
茂名高一物理期末,2,2
茂名高二下学期期末考试抽测,2,2
茂名高二数学,4,2
茂名高二期末统考,2,2
荆州中学,3,2
荆州市 2025 2026 学年度高一年级质量检测,6,2
荆州市沙市区七年级上册英语,9,2
荆州市沙市区七年级上册英语月考,6,2
荔湾区,3,2
荔湾区数学,4,2
莆田中考地理,5,2
莆田二中,5,2
莆田二中高三一调,3,2
莆田四中,2,2
莆田市20 25年期末质量检测高二第二学期,3,2
莆田市2025 2026学年高一下学期期末质量调研试卷,2,2
莆田市8年级上册地理期中卷,7,2
莆田市高二下学期期末考试卷,11,2
莆田市高二期末市统考期末,3,2
莆田擢英中学2025届数学九年级,4,2
莆田第一中学高三开学考,2,2
莆田高一下期末,3,2
莆田高三上数学月考,3,2
莒南一中,2,2
莘光,3,2
莘庄中学,3,2
莫旗,8,2
莱州市2025 2026六年级适应性数学,3,2
莱州市2025-2026学年年度七年级上册地理检测卷,5,2
莱州市六年级上期末生物试题,2,2
莱芜一中单元测试,4,2
莱芜凤城试卷,8,2
莱西,11,2
莱西一中,5,2
莱西自主招生,2,2
莲东中学,2,2
莲塘二中,6,2
菏泽2025高一期末生物,4,2
菏泽2025～2026学年度第一学期期中考试高一物理试题,5,2
菏泽2026高二下学期期末,2,2
菏泽一中,10,2
菏泽一中高二下期末,4,2
菏泽市中考一模地理,3,2
菏泽市高二上学期2025-2026期中考试数学,2,2
菏泽市高二下学期英语考试试卷听力,2,2
菏泽期中,3,2
菏泽期末考试,4,2
菏泽高一2026下学期期末,3,2
菏泽高一期末,5,2
菏泽高二下学期期末,5,2
菏泽高二期中,8,2
菏泽高二物理期末,4,2
营口七上数学月考卷,3,2
萧山二中,4,2
葫芦岛市2026高一期末考试卷,2,2
葫芦岛市六中,5,2
葫芦岛市期末,5,2
葫芦岛市第一高级中学协作体高一期中,4,2
葫芦岛是高一下期末考试,5,2
葫芦岛期末生物高一下,2,2
蒙城县八年级上册物理第一次月考,4,2
蓉城名校联盟物理,2,2
蓬莱区郝斌中学6年级2026期末数学题,2,2
藁城一中,3,2
虢镇中学,3,2
虹口,5,2
虹桥数学,2,2
蚌埠a层高中联考高一上册,3,2
蚌埠市2025 2026学年度第二学期期末学业水平监测,15,2
蚌埠市8年级下册期末考试英语考卷,2,2
蚌埠市高新实验学校8年级上册期末。,3,2
蚌埠开学考,2,2
蛟川 七上考试,2,2
蛟川书院 分班,2,2
蛟川书院2023分班语文,4,2
衡东县一,3,2
衡东县初一下学期期末考试题目,13,2
衡中学案,2,2
衡南,11,2
衡南县初二下学期期末考试试卷,8,2
衡南县期末,3,2
衡水中学押题卷,3,2
衡水二中高三一调数学,2,2
衡水体英语字帖,4,2
衡水八年级上数学卷,3,2
衡水冀州中学,3,2
衡水十三中,7,2
衡水真题密卷学科素养周测评,4,2
衡水金卷先享题2026 2027教材改编题拿满基础分自主小练专题测试,3,2
衡阳中考英语1模,2,2
衡阳县一中高一期末,2,2
衡阳市,3,2
衡阳市一中高一开学分班考,6,2
衡阳市八中,2,2
衡阳市八中期末联考卷,3,2
衡阳市八中沃土。,2,2
衡阳市常宁市联考卷高二,4,2
衢州市高一信息,2,2
被动语态中考题,8,2
被动语态过去式八下,2,2
襄城高中开学考,3,2
襄阳四中五中特长生联合招生试卷数学试题,5,2
襄阳小升初,5,2
襄阳枣阳 2 0 2 6,3,2
西北师大附中2026,2,2
西北师大附中2026化学期末,5,2
西北师大附中数学试卷,3,2
西北师大附中高一上学期数学期中考试试卷真题,8,2
西南大学附中,4,2
西南大学附属中学初三上开学考试,3,2
西城一五九中学试券,3,2
西城一模,2,2
西城八下期末,2,2
西城区生物期末,2,2
西宁市2025 2026学年第二学期期末八年级测试卷语文,2,2
西宁市2025~2026学年第二学期期末调研测试卷7年级历史,3,2
西宁市2026年英语,2,2
西安中学,3,2
西安市,2,2
西安市2026名校模考试卷,2,2
西安市往年八十二中新初一的分班卷子,4,2
西安市数学,3,2
西安市第八十九中学新初一分班考试卷,2,2
西安市西安中学,4,2
西安市铁一中学,3,2
西安湖滨中学分班考试卷,4,2
西安高一数学期未卷,3,2
西安高级中学2025-2026高二第二学期期末试卷,3,2
西岗区八下数学22.23题试卷,3,2
西工大附中2026,4,2
西游记习题,4,2
西湖区,3,2
西湖区八下期末语文,4,2
西班牙语,3,2
西藏七年级下学期阶段检测,2,2
西藏拉萨市2026春季期末联考高二,3,2
观山湖一中 新高一入学分班,2,2
视频课堂,4,2
角的平分线,4,2
解三角形专题,7,2
解三角形复习,7,2
解题觉醒电子版,7,2
计算 有理数七上年级数学,2,2
计算专项练习,5,2
计算题专项训练,3,2
计算题数学初二,5,2
议论文 02025一轮专题 中考语文,5,2
议论文写作素材,5,2
记叙文阅读,3,2
记金华,2,2
许昌2026高一下期末试卷英语,2,2
许昌期末试卷物理高一,2,2
许昌物理,3,2
许昌高一下期末数学,4,2
论证方法及其作用  广东,4,2
论语,3,2
论语12章理解性默写,8,2
识字,5,2
词性转换总结八年级英语上册,12,2
词根词缀词汇,7,2
词汇,4,2
词汇循环练,4,2
译林版7上书后英语单词,2,2
译林版五年级下册期末连词成句专项.训练100题,2,2
译林版英语必修二单词默写英译中,4,2
译林版选必二英语单词默写,6,2
试卷九年级,3,2
诫子书,6,2
语文2026,3,2
语文一轮,6,2
语文九上期中,3,2
语文书,5,2
语文书电子版,6,2
语文作文 2026备考素材作文,5,2
语文作文 审题立意2026训练,2,2
语文全国1卷2026,2,2
语文八年级下册期末,6,2
语文单句复句,2,2
语文卷,2,2
语文卷子,2,2
语文古诗2026 默写复习,2,2
语文基础知识,5,2
语文基础知识真题练,3,2
语文字词练习,4,2
语文必修上册古文字词,4,2
语文必备60篇古诗文,2,2
语文文言文专题,4,2
语文期中考试试题,7,2
语文模拟卷,5,2
语文答题模板,2,2
语文答题模版,5,2
语文背诵汇总,6,2
语文范文,3,2
语文试卷 2026年高三,3,2
语文课本,4,2
语文选择题,6,2
语文金考卷,3,2
语文阅读,4,2
语文阅读理解答题技巧,5,2
语文阅读训练,3,2
语文阅读题,4,2
语文高一下期末,2,2
语文高三模拟卷,5,2
语文高考2026新课标一卷,2,2
语文高考卷2026新课标一卷,2,2
语文默写,4,2
语文默写七年级,5,2
语法填空专练,4,2
语法填空基础专题,5,2
语法选择,18,2
语音,3,2
诱导公式 1 强化训练,4,2
诸城市五年级下册英语,2,2
诸暨市七年级分班测试卷,4,2
课件学案,2,2
课时作业本九上,4,2
课本 20024八年级上册英语,5,2
调兵山第二高2026年物理期末,3,2
调兵山第二高2026年英语期末,3,2
豆包帮我找一下2026沈阳市五校协作体高二下期末英语试卷,2,2
质子守恒,5,2
质检,2,2
质点参考系 经典例题,3,2
质量与密度,7,2
贯通班招生选拔试题,2,2
贯通班数学,4,2
贯通班数学内蒙古,2,2
贵 州 省 2 0 2 2 2025年 7 普 通 中 学 业 平 合 格 性 考 试物理,5,2
贵定县三小,3,2
贵州 0 2026 中考,4,2
贵州2024年高考化学真题,3,2
贵州2026中考,2,2
贵州中考物理,2,2
贵州五年级下学期阶段检测,3,2
贵州八年级下学期期末,2,2
贵州化学八月模考卷,3,2
贵州地理七年级,2,2
贵州师范大学附属中学,5,2
贵州期末高二,2,2
贵州毕节市2025 2026学年高一下学期期末质量检测,6,2
贵州省2024年12月普通高中学业水平合格性考试化学试卷,2,2
贵州省2025年普通高中学业水平选择性考试,4,2
贵州省2026中考试卷,5,2
贵州省安顺市2025—2026高三上8月摸底考试卷,2,2
贵州省盘州市盘州市第七中学,3,2
贵州省遵义市中考英语,4,2
贵州省遵义市八年级,5,2
贵州省高1月考试卷,7,2
贵州省黔东南州2025-2026学年高二下学期期末考试,4,2
贵州省黔东南州2025年至2026年学年度第二学期高二英语听力原文,2,2
贵州真题,5,2
贵州贵阳市南明区2025-2026学年下学期期末测评五年级语文试卷,2,2
贵州铜仁市2025至2026学年八年级下册期末7月质量监测物理试题,2,2
贵州铜仁玉屏，2026年普通高中高一政治期末考试卷及答案,8,2
贵州阶段检测,3,2
贵州高考,7,2
贵州高考 2025高考真题,4,2
贵州高考化学真题,4,2
贵州黔东南州中考数学,3,2
贵州黔东南高二期末,4,2
贵港市,2,2
贵阳2026高一期末生物卷子,2,2
贵阳一模,2,2
贵阳市2025-2026八年级下册英语考试,2,2
贵阳市2025-2026高一英语第二学期,2,2
贵阳市2026高三二模数学,4,2
贵阳市普通中学2025-2026学年第二学期期末监测 高一数学,2,2
贵阳市第一中学考试卷,3,2
贵阳摸底,2,2
贵阳第二实验中学,13,2
贵阳观山湖区四年级英语真题,3,2
费县高一期中考试英语题,3,2
费马点,6,2
贺州市,3,2
资阳市雁江区期末考试题,4,2
赢在微点,11,2
赣州,3,2
赣州市 2025 2026第二学期期末考试,6,2
赣州市2025-2026学年度第二学期高一政治期末考试卷,5,2
赣州市高二下期末物理,3,2
赣州期末考试,2,2
赤壁 赋2025 理解性默写,2,2
赤峰02026 期末考试高二,5,2
赤峰市2025 2026 高二下期末考试,3,2
赤峰市松山物理,4,2
赤峰市高一下学期期末,3,2
赤峰市高二期末物理试卷,3,2
赤峰市高二期末联考英语,2,2
赤峰高一期末,4,2
赤峰高二物理下学期期末,5,2
赫章县2025 2026学年第二学期期末教学质量检测试卷,7,2
赵县,3,2
赵礼显高一数学讲义,4,2
越秀区高一下期末数学,5,2
轻杆轻绳,2,2
辛集市高二年级2025一2026，语文试卷,2,2
辽中区第二高级中学,4,2
辽南协作体2024 2025高一下期末数学试卷,3,2
辽南协作体2026年高一下学期期末,7,2
辽南协作体高一下学期期末政治,2,2
辽南协作体高一期末考试2026数学,4,2
辽南协作校2026年高一下期末考试,6,2
辽南协作校2026高一期末数学,3,2
辽南协作校2026高一期末英语,4,2
辽南协作校高一下,5,2
辽南协作校高一下学期期末2025-2026,3,2
辽南协作校高一期末英语2026,2,2
辽南卷期末,3,2
辽宁2025-2026协作校高一下学期期末卷,12,2
辽宁专用,3,2
辽宁中考英语,3,2
辽宁九师联盟,3,2
辽宁九师联盟高二下期末生物,6,2
辽宁五校联考2026期末,3,2
辽宁五校联考高一下期末物理,5,2
辽宁八年级上学期阶段检测,6,2
辽宁初三化学人教版第二单元测试卷,3,2
辽宁协作2026期末七月,10,2
辽宁协作体,3,2
辽宁名校联盟六月,6,2
辽宁名校联盟高三,3,2
辽宁名校联盟高二下期末,4,2
辽宁大连滨城联盟2025高一上月考,2,2
辽宁月考高二政治,2,2
辽宁朝阳市部分重点高中联考2025 2026学年高二下学期7月期末考试,5,2
辽宁期末考试,15,2
辽宁沈阳市2025一2026郊联体期末,9,2
辽宁省 0222023名校 联盟2026,6,2
辽宁省丹东市凤城市第二中学2025-2026学年高二上学期10月月考英语试题（含完整解析版）,2,2
辽宁省五校,2,2
辽宁省五校联盟卷高一上,2,2
辽宁省五校联考高一下期末数学,6,2
辽宁省协作期末高一下,9,2
辽宁省县域重点高中高二期末,5,2
辽宁省大连市2025年10月高一滨城联盟语文,2,2
辽宁省实验中学2025至2026学年度下学期期末考试高二年级物理试卷,4,2
辽宁省实验中学高一永志班考试,3,2
辽宁省实验中学高二下期末数学,6,2
辽宁省实验中学高二下期末考试数学,5,2
辽宁省实验中学高二下语文期末,3,2
辽宁省实验中学高二英语,2,2
辽宁省本溪市桓仁满族自治县第二高级中学2025—2026学年度下高一下期末考试,8,2
辽宁省沈阳市皇姑区,3,2
辽宁省沈阳市苏家屯区2026年期末考试语文卷子,5,2
辽宁省营口市部分学校2025 2026学年下学期7月期末考试,5,2
辽宁省葫芦岛市建昌县第一高中期末考试,3,2
辽宁省辽南协作2026高一期末考试,2,2
辽宁省辽南协作校,6,2
辽宁省高一下期末,9,2
辽宁省高考2026年试卷,4,2
辽宁英语中考,4,2
辽宁葫芦岛高二期末考试,3,2
辽宁辽南协作体2025 2026学年高二下学期期末考试数学试题,4,2
辽宁辽南协作体2025-2026高一英语,4,2
辽宁重点高中2025-2026学年高一下学期期末考试,20,2
辽宁重点高中2025-2026学年高一下学期期末考试试卷,12,2
辽宁鞍山市2025 2026学年高一下学期7月期末试题数学,4,2
辽宁鞍山市第五中学,3,2
辽宁高 二 0 2024 2025 026 高二上10月月考 数学,3,2
辽宁高一,22,2
辽宁高一上学期期中,2,2
辽宁高一上学期阶段检测,2,2
辽宁高一下期末数学,5,2
辽宁高一分班考,4,2
辽宁高三下学期期末,4,2
辽宁高中学考合格考,3,2
辽宁高二上学期期末,3,2
辽宁高二下学期物理期末,2,2
辽宁高二下期末,6,2
辽宁高二下期末化学,2,2
辽宁高二营口部分学校,6,2
辽宁高考,2,2
辽蒙九师联盟2026.7高二联考,2,2
辽西育明高中,7,2
辽西重点高中 2025到2026学年度下学期高二日语试题,3,2
辽西重点高中2025到2026学年度上学期高一期末考试英语试卷,3,2
辽西重点高中2025到2026学年度下学期高二期中考试日语试卷,6,2
辽阳,5,2
辽阳高二,2,2
达州中考2026,5,2
达州市2026年春季学期高中一年级教学质量监测 选用卷,2,2
达州市合格考生物,2,2
迁安,2,2
过秦论复习,3,2
迎春杯三年级 上海,2,2
运动图像,5,2
运动图像专题,3,2
运动图像问题 追及相遇问题,4,2
运动学,2,2
运动学 2025 一轮复习题,3,2
运动学公式,4,2
运动学图像,5,2
运动的合成与分解,4,2
运动的描述,4,2
运动的描述单元测试卷,3,2
运城市2025 2026学年第二学期期末调研测试,7,2
运城河津市,6,2
运算律试卷,2,2
近五年新高考一卷数学,2,2
近五年江西高考真题卷,2,2
近五年高考数学全国一卷,2,2
近五年高考真题,2,2
近五年高考高频短语完形词块,4,2
进5年物理云南高考题,5,2
进才,3,2
连云港026 期末高二,3,2
连云港市新海高级中学,3,2
连云港数学,2,2
连云港高一上学期数学九月份检测卷,4,2
连云港高一第一学期数学单元检测卷,3,2
连云港高级中学,4,2
连接体问题物理,3,2
连江第一中学,3,2
连词成句 100 题连词成句,5,2
迤山中学高一月考卷,6,2
追击相遇复习一轮带解析,2,2
追及相遇问题专题高一必修一人教版,2,2
逆等线模型,4,2
选修一化学,6,2
选修一化学 课本,5,2
选修一生物第一章,3,2
选修一英语单词表,5,2
选修三专题数学,2,2
选必一化学,4,2
选必一化学1.1基础达标练,2,2
选择性必修1生物知识清单人教版,9,2
选择性必修一化学,7,2
选择题,2,2
透镜及其应用,4,2
透镜成像试卷,5,2
通化一中,2,2
通州区育才中学,4,2
通许县2025~2026数学卷子七年级,4,2
通辽市2026年7月高二期末统考,14,2
通辽统考,4,2
速度,2,2
速度的测量习题,8,2
遂宁2026期末八下英语,4,2
遂宁市蓬蓬县,8,2
遂宁市高2028届化学试题,2,2
遂宁高一上数学期末考试,4,2
道法七下呼伦贝尔期末,3,2
道里二模,3,2
遗传与进化,8,2
遗传大题练习,8,2
遗传学高一安徽,3,2
遗传的基本规律,4,2
遵义2026高一年级卷库试卷二,4,2
遵义2026高二期末考试,10,2
遵义市2025 2026七下卷库卷一,3,2
遵义市2026数学,5,2
遵义市南白中学2026高一期末考题,2,2
遵义市第二十三中学2026届高三模拟考试,2,2
邓州市,5,2
邢台一中高一第二次月考,4,2
邢台市八下期中英语,4,2
邢台市第一中学,8,2
邯郸一中,8,2
邯郸小升初分班考,2,2
邯郸市2021-2022学年高一下学期期末质量检测生物试卷,3,2
邯郸市2026高一期末统考,2,2
邯郸市2026高二期末统考,3,2
邯郸市第一中学,4,2
邯郸高一期末神州智达,2,2
邵武,3,2
邵武一中,8,2
邵阳拔尖创新联考,3,2
邹城市,4,2
邹城市一中数学,2,2
邹城市一中高三上学期数学月考,4,2
郊联体期末,3,2
郑州2026年高一上学期物理期末考试试卷,3,2
郑州二中,4,2
郑州八年级下学期期末,3,2
郑州四年级上第一单元测试卷helping at home,2,2
郑州外国语学校2025物理高一,2,2
郑州外国语学校高一上学期第1次物理模考,4,2
郑州外国语学校高一月考,3,2
郑州外国语学校高一第1次物理模考,4,2
郑州小升初英语,3,2
郑州市,4,2
郑州市第一中学,5,2
郑州高一下学期期末,3,2
郴州二中,5,2
郴州二中入学考,2,2
郴州市 2025 年上学期期末教学质量监测试卷,2,2
郴州市2025-2026七年级下学期期末,2,2
郴州市小升初,3,2
郴州市第一中学,4,2
郸城一高高二开学考,3,2
郸城县第一高级中学高二期末,3,2
鄂东南联盟,3,2
鄂东南联考高二,2,2
鄂伦春旗2025七下期末检测,8,2
鄂伦春自治旗5年级下册2025~2026年试卷。,3,2
鄂州市华森中学,5,2
鄄城县第一中学,12,2
鄠邑区第一中学,5,2
酉阳县,4,2
配 速 法,8,2
配平化学方程式,2,2
酒泉市2025至2026学年高二下期末考试,3,2
酒泉市2026物理高一,2,2
酒泉市高二,2,2
酸碱盐,6,2
醴陵市第一中学,3,2
重庆2026年中考物理试卷,3,2
重庆2026年高考物理卷,3,2
重庆一中 2026初二下期末物理测试卷,5,2
重庆专用,2,2
重庆中考数学真题,2,2
重庆九龙坡区高一下期末,6,2
重庆二模高三英语,2,2
重庆二次函数,13,2
重庆人教版PEP,5,2
重庆八下期末考试卷,15,2
重庆八中 2025-2026 学年高二下学期 7 月期末考试生物试卷,2,2
重庆八中2025~2020年学度下期末考试高一年级英语试题,3,2
重庆八中2026周考,4,2
重庆八中八上语文,4,2
重庆八中化学,9,2
重庆八中期末,5,2
重庆八中语文,3,2
重庆八中高一月考,5,2
重庆八中高三,2,2
重庆八中高二下期末物理,3,2
重庆八中高二下期末英语,5,2
重庆八中高二下英语,3,2
重庆几何证明,7,2
重庆南开中学生物,2,2
重庆外国语学校地理,3,2
重庆大学,5,2
重庆实验外国语学校,3,2
重庆巴蜀高三数学,3,2
重庆市八年级下册人教版数学期末考试卷,7,2
重庆市南坪中学20252026,2,2
重庆市南开中学,3,2
重庆市巴南区2025指标到校语文,3,2
重庆市巴蜀中学高2026届高考适应性月考英语 六八,7,2
重庆市永川区2026高一下期末数学试卷,2,2
重庆市渝中区重庆市巴蜀中学校2025-2026学年高二下学期4月阶段检测英语试题,2,2
重庆市第八中学2025至2026学年度高二期末考试,2,2
重庆市育才中学高一上数学期中考试,2,2
重庆市西南大学附属中学数学,2,2
重庆数学,4,2
重庆数学六校联考2026,2,2
重庆期末,5,2
重庆第八中学,8,2
重庆英语试卷,4,2
重庆英语高一下试卷,3,2
重庆西藏中学,2,2
重庆高一上学期9月考,3,2
重庆高一第一次月考数学,2,2
重庆高三下学期期末,2,2
重庆高二期末,5,2
重庆高考 2026高考真题,2,2
重庆鲁能巴蜀,2,2
重难点,19,2
重难点01,4,2
重难点培优,2,2
重难点手册,4,2
金 华 十校 2 0 2 6 年 高二期末,3,2
金 考卷 2026 版英语,2,2
金华,2,2
金华10校2025 2026学年第二学期期末质量检测 高二地理,3,2
金华2025 2026学年第二学期期末质量检测 高二地理,2,2
金华十校 2 0 2 6 年,2,2
金华十校2024到2025学年第二学期期末调研考试高二英语试题卷,3,2
金华十校2026年4月高三模拟考试思想政治,2,2
金华期末,9,2
金太阳联考,2,2
金平区高一化学,2,2
金普新区,4,2
金水区三年级下册语文学业测试,3,2
金版教程,8,2
金版教程创新导学案，数数学选择性必修第一册，人教 A,2,2
金版新学案 2027高考一轮复习,3,2
金版新学案 2027高考一轮复习英语,6,2
金牌新学案2027高三总复习英语单元测试卷25-34,4,2
金考卷45套,3,2
金试卷,2,2
金郊初级中学,6,2
金陵河西初二,6,2
钦州,5,2
钦州二中期末,2,2
钦州市第一中学,4,2
钱塘甬真,3,2
铁,2,2
铁一中高一分班考,2,2
铁人中学高二下学期期末物理,2,2
铁岭县,3,2
铁岭市高级中学,5,2
铁西区期末,4,2
铜仁一中,2,2
银川二中,4,2
银川市小学二升三语文卷子,4,2
银川金凤区塘西英语七年级下册期末考试,5,2
银川高一下数学卷,3,2
锋面气旋,6,2
锐角三角函数,3,2
错位相减,4,2
错题整理,2,2
锡山高级中学,6,2
锦州八中期末,9,2
锦州小升初,4,2
锦江2025,3,2
锦江区八年级下册数学试卷,3,2
镇江市高一镇中一中月考,3,2
镇江市高一镇中一中月考语文,2,2
镇海中学高一数学,3,2
镇雄2026年初一下试卷,2,2
镇雄县第三中学,5,2
长丰,2,2
长宁区,3,2
长安一中,5,2
长方体正方体表面积练习题,6,2
长春2026中考历史,2,2
长春中考2026,7,2
长春十一高高一生物,2,2
长春南湖实验中海小学,7,2
长春市,2,2
长春市实验中学,2,2
长春市第二实验中学,3,2
长春市第八中学,4,2
长春师大附中的七下,2,2
长沙 025四大名校7年级下,2,2
长沙卷,2,2
长沙市2026年高三年级模拟考试数学,2,2
长沙市一中教育集团,4,2
长沙市中雅2025-2026八上第一次月考英语,2,2
长沙市岳麓区三年级下册期末试卷数学,2,2
长沙市望城区2026八年级下册,4,2
长沙市稻田中学新高一分班考,4,2
长沙市第一中学2026届高三一模生物考试,5,2
长沙市长郡中学2025-2026学年高一上学期综合能力检测（入学分班考）全套4科含答案,5,2
长沙师大 附中高二期末,3,2
长沙期末试卷,5,2
长治潞州区七年级入学测试,7,2
长治潞州区七年级入学考试,3,2
长清八下期末试卷数学,3,2
长郡 2026高二期末考,4,2
长郡 九上 数学,3,2
长郡2026年高一下学期期末试卷N卷,4,2
长郡中学2026物理八年级下册真题,4,2
长郡中学期末英语试卷,2,2
长郡中学理实班招生数学真题,4,2
长郡中学高一分班考,5,2
长郡双语,6,2
长郡开学考,3,2
长郡第一次月考,5,2
长郡联考高一期中2025英语,2,2
闭合电路欧姆定律,4,2
闵行中学新高一分班考入学检测卷,6,2
闵行区,3,2
阅海中学,3,2
阅读 100篇专项训练选词填空人教版,2,2
阅读理解/书面表达,5,2
阅读理解语文,5,2
阅读理解说明文,4,2
阅读理解说明文高考,5,2
阜宁中学,3,2
阜新,6,2
阜新实验中学,9,2
阜阳一中高一上学期学期期末数学,3,2
阜阳中考真题,5,2
防城港外国语学校2022级七年级入学分班数学真题（带解析）,4,2
阳信县五年级数学,3,2
阳原一中,3,2
阳新分班考,2,2
阳春市2025 2026学年度第二学期期末教学质量监测,4,2
阳江2026期末,6,2
阳江2026期末b卷,5,2
阳江市统考七年级,7,2
阳江市阳春市2026年五年级期末考试,2,2
阳泉市高一下学期数学期末试卷,3,2
阳谷期末,3,2
阿克陶县初二期末数学卷子,3,2
阿坝州调研,6,2
阿荣旗五年级下册期末考试卷,2,2
陆港铁一分班考,4,2
陇南武都八年级上册期末,2,2
陌生化学方程式书写高中,5,2
陕旅版四年级下册英语试卷,4,2
陕晋青宁 2025 化学高考真题,4,2
陕晋青宁 2025 高考真题,3,2
陕晋青宁四省普通高中学业水平选择性考试化学卷,3,2
陕西2025历史高考卷子,4,2
陕西人教版必修一 期末必备清单,2,2
陕西历史合格考真题,4,2
陕西宝鸡,3,2
陕西师范大学附属中学2526九年级,2,2
陕西榆林市榆阳区2025-2026学年度第二学期学科素养评价一年级数学,2,2
陕西物理,2,2
陕西省,3,2
陕西省 安康市人教版,3,2
陕西省2025年高考化学卷,3,2
陕西省2026年中考数学,2,2
陕西省2026年高考适应性检测三,3,2
陕西省历史二模,2,2
陕西省咸阳市2023 2024学年第二学期期末质量检测高一数学试题,5,2
陕西省商洛市2025 2026学年高二下学期7月期末考试数学试题,5,2
陕西省宝鸡市凤翔区,4,2
陕西省渭南市大荔县2025~2026下学期数学四年级卷子,3,2
陕西省渭南市大荔县2025~2026下学期英语四年级卷子,2,2
陕西省西安市长安区兴国初级中学,10,2
陕西省韩城市2024-2025物理高二第一次学期第一次月考试卷,4,2
陕西英语中考,3,2
陕西西北工业大学附属中学高三模拟卷,8,2
陕西西安铁一新高一分班考试,8,2
陕西铁一中,2,2
陕西高一下学期期末,3,2
随州市曾都区四年级期末,8,2
随州市高二下学期期末考试试卷,2,2
隐零点,5,2
雄安新区四下,3,2
雄性不育×三系杂交！,2,2
雅思2025真题剑桥,2,2
雅思2026真题,2,2
雅思2026真题剑桥英语,3,2
雅礼中学 2025 2026 学年高二下学期期末各科试卷含答案,2,2
雅礼中学入学,2,2
雅礼中学高一下学期期末,4,2
雅礼中学高一英语,3,2
雅礼中学高三英语开学考,3,2
雅礼书院新高一分班考试试卷,3,2
雅礼入学考,3,2
雅礼集团高二,3,2
雅礼高一下期末物理,2,2
集合 常用的逻辑用语,2,2
集合一轮,2,2
集合与常用的逻辑用语,2,2
集合与常用的逻辑用语单元检测,6,2
集合专项,6,2
集合专题复习,3,2
集合卷子,5,2
集合和一元二次次不等式专项练习,2,2
集合测试卷,2,2
集合的概念,7,2
集合的知识点,2,2
集合练习,3,2
集合综合练习,2,2
集合试卷,4,2
集合试卷数学,4,2
集合试卷数学高一,6,2
集合选择题数学,2,2
雨田,5,2
雨花金海小升初数学真题,5,2
零模 2026,2,2
零模试卷,4,2
零点,8,2
雷州市第一中学,3,2
霍邱2025~2026八年级第二学期期末,3,2
青县,6,2
青岛  58中,4,2
青岛2026高二下期末物理,2,2
青岛七年级,2,2
青岛七年级上期末真题,9,2
青岛三模,3,2
青岛中考,5,2
青岛中考数学,3,2
青岛中考英语,3,2
青岛二中高一下期末,5,2
青岛二模,4,2
青岛八上英语期中考试,2,2
青岛初三一模英语2026,3,2
青岛即墨高一期末英语,2,2
青岛城阳一中,6,2
青岛市高三期初调研检测,11,2
青岛版六三至七年级上册数学单元卷期末卷,3,2
青岛版数学九年级上册同步课堂,4,2
青岛版数学五年级上,2,2
青岛自招,2,2
青岛西海岸三年级下数学期末考试卷,2,2
青岛高二历史期末,3,2
青岛高二政治期末,3,2
青桐鸣高一下学期期末,4,2
青海油田第一中学,5,2
青海海东市2025 2026学年高一下学期期末考试,4,2
青海省2023物理必修二期末,2,2
青海省海东市高二物理,2,2
青海省西宁市2025七年级下册期末试卷,3,2
青海西宁20242025物理高一下期末卷,3,2
青海西宁20252026物理高一下期末卷,4,2
青海高二期末,7,2
青海高考历年文综真题,5,2
青竹湖湘一外国语学校,11,2
青羊,2,2
青羊区,10,2
青羊区2025,3,2
青铜峡,2,2
青龙县,2,2
靖江,7,2
靖边县第一中学,4,2
靖远县第二中学。,3,2
靖远县高一统考,4,2
静力学,7,2
静海一中数学,2,2
静海六中,4,2
静电力,10,2
静电场及其应用,4,2
非渭语,2,2
鞍山,3,2
鞍山市千山区 2025-2026 八年级下 物理 期末,2,2
鞍山市华育,2,2
鞍山市立山区东方教育集团2024年到2025年地理第一次月考卷子八年上学期,3,2
鞍山高考一模,3,2
韦达定理应用,7,2
韩城市2025 2026学年度第二学期期末检测试题,8,2
音标 0基础 48 个音标 PPT 带拼读练习,2,2
音频,2,2
音频 1 单词录音 课文录音,3,2
音频 1 单词录音 课文录音mp3人教版,6,2
韶关,16,2
韶关高一期末数学,3,2
顺义数学试卷,3,2
预习、背诵、复习、查漏补缺,2,2
预习单,5,2
题,2,2
风筝中的三角形比例问题,2,2
馆陶县,10,2
首字母填空,4,2
首都师范大学附属密云中学,3,2
香港小学,4,2
香港期末,4,2
马鞍山一模,3,2
马鞍山二中雏鹰分班测,3,2
马鞍山二中雏鹰班选拔考试真题卷,6,2
马鞍山市第二中学,5,2
马鞍山市第二中学七月,5,2
马鞍山市第二中学入学考试卷,2,2
马鞍山市第二中学实验班,7,2
马鞍山红星中学新高一,3,2
马鞍山红星中学新高一卓越班分班考试,2,2
马鞍山红星中学新高一卓越班选拔考试,3,2
马鞍山红星中学新高一实验班分班考试,8,2
驻马店六年级英语,2,2
驻马店小升初英语,2,2
驻马店市第一高级中学2025年高一开学考试英语,3,2
驻马店市西平县高二期末下学期期末试题,6,2
驻马店高二下学期期末,3,2
高 1,2,2
高 一 0 上学期 人教版 必修一数学试卷,3,2
高 一 0 上学期 化学视频课,3,2
高 一 1 下学期 期末,4,2
高 一 上学期10月第一次月考数学,2,2
高 一 下 202 5 2026年期未卷,3,2
高 一 下 学期202 5 2026年期未真题试卷,2,2
高 一 下学期物理 2025 2026的期末考试题,3,2
高 一 化学1 0 上学期期末考试卷试卷,3,2
高 一 化学下学期期末考试卷试卷,4,2
高 一 数学 1 0 上学期 基础题,5,2
高 一 数学 1 0 上学期 基础题必修二,3,2
高 一 物理 1 0 高一下学期 期末考试卷,3,2
高 一 物理 1 2 3 4 5 章综合测试卷,4,2
高 一 生物,3,2
高 一下学期 化学 期末广西钦州真题,2,2
高 三,2,2
高 三 0 2024 2025 高三 3月家长会,3,2
高 三 数学 01月 一模高考数学卷,3,2
高 二,2,2
高 二 0 2024 2025 026 高二下 学期 期末,7,2
高 二 0 2024 2025 026 高二下学期期末 化学,3,2
高 二地理2025 2026高二下学期地理期末试卷,3,2
高 考 2026高考真题历史,8,2
高 考 英语2026高考全国1卷真题,9,2
高 考 语文2026高考全国1卷真题,5,2
高 考2卷 2026高考语文真题,2,2
高 考卷 2025年真题,4,2
高 考卷 2026年真题卷全国I,2,2
高 考卷 2026年真题卷全国II卷,3,2
高1分班考试试卷,2,2
高2025级高一下学期质量水平监测泸州市,2,2
高一 上,3,2
高一 上海 数学,8,2
高一 下学期7月,4,2
高一 下学期期末测试卷,3,2
高一 月考,4,2
高一 期末 数学,10,2
高一 期末数学 试卷 下学期,5,2
高一 英语听力100篇专项训练,3,2
高一 英语听力100篇专项训练带音频,7,2
高一 语文 必背古诗词上册,3,2
高一7月数学,2,2
高一上9月月考,2,2
高一上三角函数,5,2
高一上下册物理经典例题,2,2
高一上册期末,3,2
高一上册物理期末试卷,4,2
高一上册生物月考,2,2
高一上册第1次月考育才,3,2
高一上南通数学期中,2,2
高一上学期月考,4,2
高一上学期期末,3,2
高一上学期期末数学,5,2
高一上学期期末考试语文,2,2
高一上学期福建第一次月考生物,2,2
高一上学期第,2,2
高一上学期苏州期中考试物理试卷,3,2
高一上学期莆田一中英语试卷,2,2
高一上学期镇江第一次月考数学,2,2
高一上数学,3,2
高一上数学期末,11,2
高一上数学集合,8,2
高一上期期末考试真题,2,2
高一上英语,4,2
高一上阳光期中物理试卷,3,2
高一下 期末,4,2
高一下册语文期末考试试卷。,2,2
高一下历史期末山东,4,2
高一下历史期末西宁市,2,2
高一下商师联盟2024数学,2,2
高一下地理卷安徽卷,3,2
高一下学期,4,2
高一下学期12中语文期末考试卷子,2,2
高一下学期数学期末卷子,6,2
高一下学期期末汕尾语文2026,2,2
高一下学期期末考试物理,3,2
高一下学期江苏徐州化学期末试卷,2,2
高一下数学期末,3,2
高一下数学期末考试卷,4,2
高一下期末卷数学,2,2
高一下期末考试卷,4,2
高一下期物理期末考试卷,8,2
高一下物理福建省期末,4,2
高一下英语读后续写,3,2
高一下贵州贵阳语文期末考,2,2
高一不等式,4,2
高一人教必修一数学期中考试,5,2
高一人教版，选词填空,4,2
高一入学分班卷,2,2
高一几何,4,2
高一函数,5,2
高一函数2026专题,6,2
高一函数基本性质,2,2
高一分班,3,2
高一化学下学期期末,2,2
高一化学工艺流程题,5,2
高一化学必修一第一章,2,2
高一化学标准样件,4,2
高一化学氧化还原,4,2
高一化学物质的量,4,2
高一化学第一章,3,2
高一南开中学化学,2,2
高一历史,7,2
高一哈三中,2,2
高一地理,4,2
高一地理必修一,6,2
高一地理必修一第一单元阶段检测,7,2
高一地理必修二湘教版卷子4套,5,2
高一外研版英语默写,6,2
高一完形填空,3,2
高一年级期末考试,2,2
高一开学考分班考试,3,2
高一德州期中上学期考试数学2025一2026物理,4,2
高一必修一数学人教a版第一章测试卷,2,2
高一必修一物理,16,2
高一必修一物理人教版第一章的专项训练加知识点总结题型梳,6,2
高一必修一物理期末测试卷,3,2
高一必修一第1章,4,2
高一必修二生物期末试卷,3,2
高一必修二生物试卷,5,2
高一必刷题2026,4,2
高一必备古诗文,4,2
高一政治必修一,3,2
高一数学10月月考卷,5,2
高一数学三角函数练习题,2,2
高一数学上册淮安,2,2
高一数学上学期第一章分节的题目,4,2
高一数学卷子,3,2
高一数学平面向量,2,2
高一数学必修一,4,2
高一数学必修一二综合卷,2,2
高一数学必修一均值不等式求最值专题,10,2
高一数学必修二试卷湘教版,3,2
高一数学暑假作业,3,2
高一数学月考上学期,2,2
高一数学第一次月考,3,2
高一数学茂名,2,2
高一数学试题,2,2
高一数学集合专项练习,2,2
高一数学集合的概念练习题,5,2
高一月考数学,5,2
高一月考数学集合 不等式,4,2
高一月考英语,2,2
高一期中,3,2
高一期中物理,3,2
高一期中考试,4,2
高一期中试卷物理,8,2
高一期末南宁二中25-26,2,2
高一期末卷子,5,2
高一期末卷子辽宁2025-2026历史,2,2
高一期末英语试卷新疆莎车2026,2,2
高一期末龙东联盟,2,2
高一泸州数学期末考试,2,2
高一漳州期末考试答案语文,4,2
高一潍坊化学,6,2
高一物理专题,3,2
高一物理力学试卷,4,2
高一物理加速度,3,2
高一物理图像专题,3,2
高一物理必修一第一章专题,4,2
高一物理必修一第一章测试卷,2,2
高一物理必修一第三章试卷,3,2
高一物理必修一运动描述,5,2
高一物理必修二期末,2,2
高一物理摩擦力专项训练,4,2
高一物理期中考试上学期,3,2
高一物理期末卷,3,2
高一物理期末考试卷,6,2
高一物理第一章测试卷,4,2
高一物理第一章测试卷高一上,4,2
高一物理第二章试卷,3,2
高一物理试卷人教版,2,2
高一物理选修一动量定理,8,2
高一生物 必修一1第一单元,3,2
高一生物上学期月考,2,2
高一生物试卷加解析答案八套贵州毕节,3,2
高一竞赛题,2,2
高一第一学期数学期中考试,3,2
高一第一次化学月考上学期,2,2
高一第一次月考生物,3,2
高一绍兴期末英语,3,2
高一自贡英语期末,2,2
高一英语单词必修一,2,2
高一英语单词必修一人教版,2,2
高一英语单词表 人教版,2,2
高一英语单词默写,2,2
高一英语单词默写表,6,2
高一英语期末,4,2
高一英语阅读理解,2,2
高一英语阅读练习 专项训练,3,2
高一茂名,4,2
高一莆田一中上学期10月考物理,3,2
高一语文必修上册单元质量评估试卷,4,2
高一辽南协作校,7,2
高三 一轮复习,2,2
高三 化学,6,2
高三 完形填空2026专项练习汇编,3,2
高三 开学 2026 摸底 上,4,2
高三 物理 2026 一轮,3,2
高三10联考,3,2
高三2026,21,2
高三2027,10,2
高三一轮复习,5,2
高三上9月,2,2
高三上册期中菏泽物理,3,2
高三上学期9月份开学考试物理,4,2
高三上学期开学考数学,3,2
高三上期中数学,2,2
高三上期末,3,2
高三上第一次月考9月份,3,2
高三九月调考数学试卷,7,2
高三光电效应物理,2,2
高三化学,4,2
高三历史,12,2
高三地理摸底考,5,2
高三复习立体几何与向量结合题型,3,2
高三如皋上学期,2,2
高三年级12月检测训练,2,2
高三年级25-26年第一学期期末通考试题,5,2
高三开学考上学期,4,2
高三开门考,2,2
高三总复习,4,2
高三摸底考试,5,2
高三数学模拟卷,10,2
高三日语,3,2
高三模拟卷,3,2
高三生物,3,2
高三生物细胞呼吸,2,2
高三离子方程式,4,2
高三综合基础生物卷,11,2
高三英语,8,2
高三英语模拟卷,2,2
高三英语语法,4,2
高三语文模拟卷甘肃,2,2
高三质检,2,2
高三质检卷福建化学,4,2
高三起点考,2,2
高三青岛开学考,2,2
高中,3,2
高中 1必修1,5,2
高中 1必修1人教版,5,2
高中 化学1必修1 2必背化学方程式,4,2
高中 化学1必修1第一章试卷,2,2
高中 历史2025知识清单,4,2
高中 数学,4,2
高中 数学 1 一轮复习,3,2
高中 物理1必修1,6,2
高中 英语语法填空2025 2026专项练习,6,2
高中120个文言实词,3,2
高中3500 词汇背诵word版带音标,9,2
高中一轮复习,4,2
高中一轮复习2027数学,3,2
高中一轮复习2027数学专题,12,2
高中三角函数积化和差,2,2
高中入学分班考试,2,2
高中函数,4,2
高中函数单调性与奇偶性大题,5,2
高中分班卷,2,2
高中分班考数学压轴题,3,2
高中化学,3,2
高中化学实验,15,2
高中化学实验 1轮知识清单,2,2
高中化学方程式汇总,15,2
高中化学有机,6,2
高中化学知识点,4,2
高中化学第1单元试卷,2,2
高中单词,3,2
高中历史大题答题方法与技巧,3,2
高中古诗,4,2
高中合格性考试,2,2
高中地理一轮复习非洲思维导图,2,2
高中地理经纬网,6,2
高中复习,2,2
高中学业水平考试,3,2
高中必背单词3500,3,2
高中必背单词3500英语,2,2
高中政治必修三中国共产党选择题专项练习,2,2
高中政治必修三试卷,2,2
高中政治思维导图,5,2
高中政治答题模板,6,2
高中政治逻辑思维专题练习,2,2
高中数列基础题专项训练,2,2
高中数学 知识点 2026新高考知识点汇总,2,2
高中数学A版 必修一必修二综合检测卷,3,2
高中数学专项训练大题,4,2
高中数学专项训练大题三角,2,2
高中数学全国一卷,3,2
高中数学函数专题,2,2
高中数学函数基础题,4,2
高中数学必修一,7,2
高中数学必修一B版电子书,4,2
高中数学必修一集合练习人教版,2,2
高中数学数列预习成套讲义,4,2
高中数学知识点总结及公式,3,2
高中数学知识点总结及公式全部,4,2
高中数学联赛,2,2
高中文言文翻译挖空,2,2
高中新课程学习与指导 物理 大象出版社,3,2
高中有机化学专项练习题,4,2
高中物理动量守恒,7,2
高中物理单棒,2,2
高中物理实验题汇总,3,2
高中物理必修一第一章运动的描述检测题,7,2
高中物理必修三欧姆定律专项练习,8,2
高中物理电容,2,2
高中物理竞赛初赛真题,7,2
高中物理能量专题,4,2
高中生数学竞赛一试。,4,2
高中生物易错知识点,6,2
高中生物选择性必修一暑假预习讲义,5,2
高中直线与圆,3,2
高中福州一中数学,2,2
高中立体几何,3,2
高中立体几何压轴,4,2
高中竞赛数学,2,2
高中竞赛试卷,11,2
高中英语,4,2
高中英语 听力2025 含听力材料及录音,5,2
高中英语3500词,8,2
高中英语人教版课本单词词形变换及其短语,16,2
高中英语人教版选择性必修二英语单词,2,2
高中英语作文,2,2
高中英语定语从句2026专项练习,3,2
高中英语建议信,2,2
高中英语所有时态对应习题,3,2
高中英语短语固定搭配总结,4,2
高中英语词汇3500背默表,6,2
高中英语试卷,4,2
高中英语语法填空专练20篇,2,2
高中英语语法资料,5,2
高中英语阅读理解 专项训练,8,2
高中英语高频词汇,11,2
高中语文,4,2
高中语文2025年高考真题,3,2
高中语文60篇原文,2,2
高中语文60篇必背古诗文,5,2
高中语文作文,3,2
高中语文必备60篇古诗文篇目,2,2
高中语文必备篇目60篇 原文,5,2
高中语文必背古诗文,2,2
高中语文文言文 100篇专项训练,6,2
高中语文病句专题,8,2
高中语文答题模板,3,2
高中语文试卷高考模拟加答题卡,2,2
高中语文选必文言文知识点,6,2
高中选拔初中物理考试,4,2
高中高频词汇,10,2
高二 英语,2,2
高二 英语语法填空2025专项练习20篇,2,2
高二 语文期末测试卷,4,2
高二2026数学烟台,2,2
高二上10月第一次月考,7,2
高二上9月考,3,2
高二上化学,2,2
高二上化学半期考,2,2
高二上学期,4,2
高二上学期10月月考,11,2
高二上学期9月月考,2,2
高二上学期9月月考喀什,3,2
高二上学期月考,8,2
高二上学期期中数学,3,2
高二上学期期中考试,5,2
高二上学期期末生物,4,2
高二上学期第一次月考,3,2
高二上学期语数英物化生  168卷子西藏自治区,8,2
高二上开学考试,9,2
高二上数学,2,2
高二上数学10月月考,2,2
高二上数学期中,5,2
高二上月考,4,2
高二上月考 南通 数学,3,2
高二上期末,2,2
高二上生物,7,2
高二上生物期中考试卷2025,3,2
高二上生物第一次月考,3,2
高二上英语期中考试卷2025,2,2
高二下 期末 数学,4,2
高二下册期末,2,2
高二下学期,7,2
高二下学期期末考试英语试卷,4,2
高二下学期物理,3,2
高二下学期物理期末考试,3,2
高二下学期英语期末考试,3,2
高二下广东,3,2
高二下数学期末,10,2
高二下期末,3,2
高二下期末化学,4,2
高二下生物黑龙江,2,2
高二下英语期末,5,2
高二人教版下学期期末综合复习卷,2,2
高二化学,10,2
高二历史山东潍坊,4,2
高二历史期末,2,2
高二天一大联考,3,2
高二库伦定律,3,2
高二数学期末,3,2
高二数学期末西城,2,2
高二数学空间向量,2,2
高二数学空间向量及其立体几何,4,2
高二数学试卷假期卷二,3,2
高二期中考试卷,4,2
高二期末新乡数学,2,2
高二期末试卷,3,2
高二期末试卷凉山州,3,2
高二泰安上学期期末考试物理,3,2
高二物理上学期月考卷人教版,6,2
高二物理动量所有模型,5,2
高二物理电荷课件,4,2
高二聊城,3,2
高二聊城期末,4,2
高二英语回归教材资料大全,3,2
高二英语语法填空,3,2
高二茂名期末,3,2
高二语文必背篇目,6,2
高二语文期末,5,2
高二选修一数学,5,2
高二阅读大卫科波菲尔后的练习题及答案,2,2
高州七年级下册地理期末,2,2
高州中学高一英语,3,2
高州市,2,2
高效作业本,8,2
高新一中九年级化学,2,2
高新一中高中,2,2
高新区,4,2
高新区2026,2,2
高明区七年级下学期数学期末试卷,4,2
高考 2026全国,4,2
高考 3500背诵单词,3,2
高考 作文 10大主题2026范文合集,6,2
高考 物理一轮复习2026专题复习,5,2
高考 真题,5,2
高考 英语3500背诵单词表乱序版2026届,2,2
高考 英语听力10年真题全国卷及音频可下载,7,2
高考 读后续写 2026英语背诵模板汇总,4,2
高考1000真题高频词,4,2
高考1200核心高频词,3,2
高考1卷语文,3,2
高考2026英语全国I卷,5,2
高考3500,6,2
高考3500词汇,12,2
高考一卷 2026数学,4,2
高考一轮,7,2
高考一轮复习数学,3,2
高考专题复习,11,2
高考优秀题材作文,4,2
高考化学工业流程题,4,2
高考卷2026,3,2
高考卷2026年真题语文,2,2
高考卷数学,3,2
高考听力,9,2
高考地理一轮复习,5,2
高考地理一轮复习讲义,7,2
高考地理专项,2,2
高考地理二轮复习讲义,2,2
高考基础公式大全,8,2
高考复习,2,2
高考必备60篇语文,2,2
高考数学1卷,3,2
高考数学2026,3,2
高考数学一轮复习打印件,24,2
高考数学压轴题汇编,13,2
高考数学真题分类汇编,9,2
高考数学试卷,2,2
高考满分作文 2025范文集锦,4,2
高考物理真题,2,2
高考生物,5,2
高考生物遗传真题,2,2
高考电化学专题复习,2,2
高考真题2025,3,2
高考真题不等式专题,6,2
高考真题分类,2,2
高考真题分类汇编数学,6,2
高考真题听力,4,2
高考真题广东,2,2
高考真题政治,3,2
高考真题生物,2,2
高考真题语文,4,2
高考英语2013~2026年上海模拟卷,2,2
高考英语3500词,8,2
高考英语887必背核心 词汇,6,2
高考英语七选五解题技巧,10,2
高考英语专项训练,9,2
高考英语作文素材,3,2
高考英语完形填空,4,2
高考英语完形填空阅读理解,6,2
高考英语真题,3,2
高考英语诊断题,10,2
高考英语词汇变形500词/高频词性转换,2,2
高考英语试卷,2,2
高考英语试卷 2026,2,2
高考英语语法填空分类汇编 冠词 名词 形容词副词,4,2
高考英语读后续写动作描写,4,2
高考英语长难句分析,5,2
高考英语阅读,3,2
高考英语阅读专项训练,2,2
高考英语阅读理解复习讲义全国一卷,2,2
高考英语阅读高频词800词熟词生义真题例句,6,2
高考英语高频词汇,10,2
高考词汇闪过,8,2
高考语文2026,3,2
高考语文全国一卷,4,2
高考语文复习120个文言实词,3,2
高考语文复习语病修改专项练习,2,2
高考阅读理解,3,2
高考领航 语文强基手册 电子版完整获取渠道 一 官方完整电子版说明 这本书无全网免费完整整本PDF 出版社安徽教育出版社版权管控严格 电子版分为分模块Word教师版 商家配套电子版两类 无完整免费整本资源,10,2
高考领航2027大一轮复习学案教师用书,8,2
高考高频1800词,2,2
高锰酸钾制氧气,7,2
高频英语单词,4,2
高频词,4,2
高频词 2026 688,8,2
高频词汇 高考,2,2
鲁教版八年级上册,5,2
鲁教版必修一化学衔接点14,2,2
鲁科版物理必修一,2,2
鲁能巴蜀中学,5,2
鸡兔同笼,3,2
鸡西市第一中学,8,2
鹤壁市八年级期末考试卷子,7,2
鹰潭一中,2,2
鹰潭数学期末卷,6,2
鹿邑博德,5,2
麓山国际,5,2
黄冈2026年高1期末,3,2
黄冈2026高一期末,3,2
黄冈中学,6,2
黄冈市2026高二期末,2,2
黄冈高二期末试卷,2,2
黄埔区 七上 数学 期末,2,2
黄山,5,2
黄梅一中,13,2
黄石下陆区2025-2026学年八年级下学期期末检测,2,2
黄石二中高一新生分班卷,5,2
黄金卷01,2,2
黄陂区七年级期末英语,3,2
黑吉辽蒙,3,2
黑白卷 2026万唯,8,2
黑白卷2006,2,2
黑龙江七年级上学期阶段检测,2,2
黑龙江九年级上学期阶段检测,2,2
黑龙江八年级上学期期中,2,2
黑龙江双鸭山一中期末英语,3,2
黑龙江哈尔滨市六校联考2025-2026学年高一下学期7月期末考试,3,2
黑龙江期中,3,2
黑龙江省哈尔滨市第三中学2025-2026学年高一上学期9月月考数学试题,4,2
黑龙江省实验,3,2
黑龙江省实验中学高二下期末物理,4,2
黑龙江省尚志市一曼中学期末考试,2,2
黑龙江省牡丹江市高一下期末数学真题,2,2
黑龙江省齐齐哈尔市期末考试,3,2
黑龙江省龙东十校联盟2025-2026学年高一下学期期末考试数学试题,2,2
黑龙江绥化市青冈县,2,2
黑龙江讷河市,4,2
黑龙江齐齐哈尔市2025至2026学年高一下学期7月期末试题,3,2
黑龙江齐齐哈尔期末联考,3,2
黔东南凯里22小2026五年级下学期期末数学考试试卷,2,2
黔东南州   初高中衔接考试试卷,2,2
黔东南州2025届高三模拟统测化学试卷,4,2
黔南州2024 2025学年度第二学期期末质量监测,3,2
黔南州2025至2026学年度第二学期学科素养练习,6,2
默写清单,4,2
鼎尖教育,2,2
鼓楼区初一,4,2
齐河,20,2
齐齐哈尔2026,6,2
齐齐哈尔市实验中学,3,2
齐齐哈尔市实验中学高一上学期英语,4,2
齐齐哈尔市实验中学高二下学期期末,4,2
齐齐哈尔市第八中学高二,2,2
齐齐哈尔建华区地理,3,2
齐齐哈尔高一下期末,19,2
龙东10校2025高一下学期期末,4,2
龙东10校联盟 高二上,2,2
龙东十校联盟2026,3,2
龙东十校联盟高二下期末,5,2
龙东十校联盟高二学年度下学期期末考试地理,14,2
龙东十校联考,3,2
龙东联盟,5,2
龙东联盟高一下期末,3,2
龙华区统考,2,2
龙华区高一期末,3,2
龙华区高一期末数学,2,2
龙岗区,3,2
龙岗区20252026学年第二学期素养调研,3,2
龙岩一中高一,5,2
龙岩市莲东中学,8,2
龙岩物理期末考高一,2,2
龙江一中,2,2
龙江十校,2,2
龙港区7年级上英语期中试卷,2,2
：湖南师大附中 2025 高一入学分班考试,2,2
 2025高考1卷数学,5,1
\"第1次月度检测\" 高二 地理 东台一中,1,1
#小程序://学科网/h4riWDta4uK99Yl,1,1
(Word教师用书)芸熙百分2025~2026学年八年级英语下册期末必刷卷课标版新教材河南专版,2,1
(点石联考) 2025高三年级6月份联考辽宁省,8,1
*4 复数的三角形式,4,1
-,1,1
- 2023年普通高等学校招生全国统一考试（新高考Ⅰ卷）数学,3,1
- 2025新课标Ⅱ卷语文,3,1
- 《包头市2024-2025学年高二下学期期末统考,1,1
- 人教版四年级下册 四则运算简便计算专项训练,2,1
- 人教版四年级下册 运算律简便计算专项训练,1,1
- 呼市二中名校专区：mingxiao.zxxk.com/docs/10029/list/,1,1
- 唯一收录《168优化重组卷》全套正版电子版，和纸质书同步更新2026全国甲卷（西藏专用）物化生三科完整试卷+详细解析 ；,2,1
#NAME?,1,1
- 成都七中 高2028届 高一下学期 化学 期末,3,1
- 物理：?精品解析：2026届山西省定襄县定襄中学校模拟预测物理试题,1,1
#NAME?,2,1
- 长沙 八年级 拔尖创新选拔数学,1,1
-ing 作定语和表语,1,1
#NAME?,2,1
#NAME?,4,1
. 八年级上册物理网课,2,1
. 岳阳一中 高一入学摸底,1,1
.三角函数,1,1
01,1,1
01讲数学集合,2,1
0226五校联考,2,1
023年全国高考化学试卷,1,1
023年重庆全国高考化学试卷,1,1
024到2025呃呃语大联考试卷高一上册,1,1
025年广州市中学生数学与科学联赛（物理）,1,1
026年广州市中学生数学与科学联赛（物理）,2,1
026年英语高考卷,1,1
026点全国高考卷二卷数学试卷。,5,1
026点全国高考卷数学试卷。,2,1
02平面向量,1,1
02平面向量预习,1,1
04数列的通项公式,4,1
05专项,1,1
05函数,1,1
06一次函数,2,1
07数据,1,1
08,1,1
08.2025届江苏省苏州市高三上学期学业质量阳光指标调研·英语,1,1
09.2026年普通高等学校招生全国统一考试模拟卷(一)·英语,2,1
1 1 1有机化合物的分类方法,2,1
1 1 3 集合的简单运算,1,1
1 1 勾股定理北师大版,1,1
1 1 集合的概念与表示,2,1
1 一元二次方程与图形超级综合,1,1
1 一元二次方程压轴,1,1
1 一元二次方程培,1,1
1 一元二次方程的概念,2,1
1 一元二次方程练习,1,1
1 不等式计算,2,1
1 二次函数预习,1,1
1 二次根式,2,1
1 二次根式及其性质19.1,3,1
1 元二次函数,1,1
1 函数,5,1
1 分式及其基本性质,1,1
1 力,1,1
1 加法分配律交换律,2,1
1 加法运算律,7,1
1 单项式乘单项式,1,1
1 反比例函数,2,1
1 同底数幂的乘法,1,1
1 向量,2,1
1 因式分解十字相乘法,2,1
1 图形的位置与坐标,1,1
1 圆的基本概念和性质,1,1
1 大青树下的小学,1,1
1 大青树下的小学七彩课堂,1,1
1 小数加减法,1,1
1 小数的意义,1,1
1 平方根,1,1
1 平方根北师大版,1,1
1 总体与样本,3,1
1 抽样调查,2,1
1 指数幂及其运算,1,1
1 指数幂及其运算练习,3,1
1 数据的收集与整理,5,1
1 方程与列方程,1,1
1 机械功,3,1
1 机械能,2,1
1 机械能守恒定理,2,1
1 机械运动,1,1
1 椭圆,1,1
1 比例线段,2,1
1 浮力,1,1
1 牛顿第一定律,1,1
1 牛顿第一定律 惯性,1,1
1 生活中的立体图形,2,1
1 用字母表示数及数量关系,2,1
1 电流与电压、电阻的关系,2,1
1 电磁感应现象,4,1
1 空间向量,3,1
1 空间向量的运算,1,1
1 轴对称中考汇编,3,1
1 轴对称图形,1,1
1 集合专项训练题目,3,1
1+3,2,1
1+3复试,3,1
1+3实验班,1,1
1+3实验班八年级,1,1
1+3实验班八年级g,1,1
1+3实验班八年级内蒙古赤峰,2,1
1-6表内乘法单元强化卷,2,1
1-6表内乘法单元强化卷人教版,1,1
1-6表内除法单元强化卷,1,1
1. 2026届河南省名校联考日语预测卷,1,1
1. 2026届河南省名校联考日语预测卷）,1,1
1. 从不同位置观察物体,1,1
1. 光的折射,7,1
1. 光的折射定律,1,1
1. 匀变速直线运动规律,1,1
1. 参考系 时间 质点,2,1
1. 天体运动题,1,1
1. 数学：高一数学人教A版必修第一册 第一章第一节 集合 课时同步练习,2,1
1. 机械波的形成和传播,1,1
1. 机械波的形成和传播练习,2,1
1. 楞次定律,2,1
1. 热力学第一定律,1,1
1. 电势能和电势,3,1
1. 自然数,2,1
1. 计算器,1,1
1.1 函数,2,1
1.1 函数的概念和定义域,2,1
1.1 分式,2,1
1.1 勾股定理及其证明,1,1
1.1 化学克拉伯伦方程,1,1
1.1 化学克拉伯伦方程方程,2,1
1.1 平行四边形、梯形及其性质,2,1
1.1 数据的收集,1,1
1.1 正数和负数加减,1,1
1.1 直线的斜率与倾斜角北师大,1,1
1.1 矩形的性质,2,1
1.1 空间向量及其运算人教A,5,1
1.1.1 空间向量及其线性运算配套精讲精练/分层作业,2,1
1.1.1 集合,1,1
1.1.1 集合的概念与表示,2,1
1.1.1 集合的概念与表示题,1,1
1.1.1 集合的概念人教版,1,1
1.1.1 集合的概念人教版练习,2,1
1.1.1 集合练习题,7,1
1.1.1空间向量及其线性运算,1,1
1.1.2集合与常用逻辑用语,1,1
1.1.3 集合CR表示什么,2,1
1.1.3 集合的交与并与补,1,1
1.1.3 集合的简单运算,2,1
1.1椭圆的定义,1,1
1.1锐角的正弦、余弦、正切、余切,4,1
1.1（1）物质的分类,3,1
1.1（1）物质的分类人教版,1,1
1.2 三角函数计算高中,2,1
1.2 三角形中的重要线段及内角和定理,4,1
1.2 两直线垂直,2,1
1.2 乘法公式与全概率公式,2,1
1.2 代数式,1,1
1.2 分式的基本性质,2,1
1.2 分式的基本性质人教版,5,1
1.2 勾股定理的实际应用,1,1
1.2 平行线分线段成比例,4,1
1.2 排列与排列数,1,1
1.2 数列的函数特性,8,1
1.2 空间向量的数量积运算,4,1
1.2 空间向量距离,1,1
1.2 立方根,2,1
1.2 等差数列的前n项和,1,1
1.2 集合的基本关系,1,1
1.2.1 直线的点斜式方程,1,1
1.2.2函数单调性,2,1
1.2两条直线平行和垂直的判定,3,1
1.2导数的概念及其几何意义,1,1
1.2求函数的值域,1,1
1.2线性回归方程,1,1
1.2（1）物质的量 阿伏伽德罗常数,3,1
1.2（2）摩尔质量,7,1
1.3 机械能及其转化,1,1
1.3 用反比例函数解决问题,2,1
1.3 等差数列前n项和的性质及其最值,2,1
1.3 等比数列,1,1
1.3 集合的基本运算,2,1
1.3.4直线方程的点法式,2,1
1.3有机化合物的命名,3,1
1.3长度与时间练习2024沪科版,2,1
1.3长度与时间练习沪科版,2,1
1.4 速度变化快慢的描述——加速度 导学案-2026-2027学年高一上学期物理人教版必修第一册,1,1
1.4 速度变化快慢的描述——加速度 导学案-2026-2027学年高一上学期物理人教版必修第一册 2,2,1
1.4.1.加速度导学案-2025-2026学年高一上学期物理人教版必修第一册,7,1
1.4.1速度变化快慢的描述——加速度导学案-2025-2026学年高一上学期物理人教版必修第一册,7,1
1.5 弹性碰撞和非弹性碰撞（举一反三）【十三大题型】-2024-2025学年高二物理举一反三系列（人教版2019选择性必修第一册）,1,1
1.5 绝对值,2,1
1.5模,2,1
1.7 有理数的加减混合运算,3,1
1.7 有理数的加减混合运算苏教版,2,1
1.?2025-2026学年路南区八下7月期末数学整套真题,1,1
1.?2025?2026学年 合肥一中（滨湖）高一上学期期末数学,1,1
1.?2025?2026学年 合肥一中（滨湖）高一上学期期末数学试题（含答案解析）,1,1
1.?2025年新课标高中语文必背古诗文60篇全集注,2,1
1.?2025年新课标高中语文必背古诗文60篇全集注（含训练及答案）,3,1
1.?2025年甘肃省中职对口升学语文真题及答案,1,1
1.??2026届山东省高三一模 物理 试题 PDF 含答案,1,1
1.??2026届山东省高三一模 语文试题 PDF 含答案,2,1
1.??2026届山东省高三二模 语文试题 PDF 含答案,1,1
1.??2026届济宁市高三一模 物理 试题 PDF 含答案,1,1
1.??八年级下册数学 二次根式基础计算题专项,1,1
1.??平抛运动 重难点专项训练 抛体运动,4,1
1.?七年级上册数学 人教版 期末拔尖卷 竞赛难度 压轴综合测试卷,1,1
1.?东莞 初三 自主招生 数学,2,1
1.?兴义一中 高一上学期开学分班考试数学试题,1,1
1.?复制链接 ?https://m.zxxk.com/soft/58788968.html,2,1
1.?学科网 搜索标题：2024-2025句容华阳集团九年级上册10月化学课堂练习，带完整大题解析；,2,1
1.?学科网、教习网：搜「2019人教A数学必修第一册课后习题答案」PDF,1,1
1.?学科网（zxxk.com） 直接搜关键词：2026 168优化重组 物理/化学/生物，有单份试卷、整套PDF,3,1
1.?学科网（zxxk.com） 直接搜关键词：2026 168优化重组 物理/化学/生物，有单份试卷、整套PDF电子版,2,1
1.?德州一中自主招生数学历年真题,1,1
1.?新都一中北星中学分班数学真题,1,1
1.?梳理必修《中外历史纲要（下）》第1-4课手写时间轴：古代文明的产生、中古欧 亚文明、阿拉伯帝国、奥斯曼帝国。 2.每日背诵3个核心历史名词（如两河流域、封君封臣制度、幕府统治）,1,1
1.?沈阳市于洪区2025-2026学年四年级下学期期末数学,1,1
1.?河南洛阳市2024-2025高一下期末数学试卷+详细解析,1,1
1.?河南省南阳市2024-2025高一下期末数学试卷+详细解析,1,1
1.?河南省洛阳市2023-2024学年高一下学期期末考试数学（含答案） ?,2,1
1.?湖南本土：长郡二十校联考、雅礼月考/一二模 ? 2.?外省优选：广州一模、深圳二调、武汉四调、苏锡常镇一调英语试卷,1,1
1.?用学科网下载耒阳一中高一必修一、必修二基础专项卷，只做简单基础题，不碰压轴难题；  2.?搭配免费网课：先刷高一基础系统课，把50分能拿的基础分吃透；  3.?每天固定30分钟练计算，计算失误是低分学生通病。,13,1
1.?竖直平面圆周运动 F-cosθ 图像,1,1
1.?试卷1：陕西省榆林市府谷县府谷中学2025-2026学年高二上学期第一次学情检测英语试卷B,2,1
1.?郑州大三甲名校历年完整暗考真题、校内月考、招生卷最齐全，可下载电子版打印成纸质卷子限时模拟,4,1
1.?长沙市长郡中学2025-2026学年高一上学期综合能力检测（入学分班考）全套4科含答案,1,1
1.?高一地理必修第二册综合测试卷,4,1
1.?高一物理9月月考 人教版必修一1-2章 免费,1,1
1.?黑龙江省龙东十校联盟2025-2026学年高一下学期期末考试数学试题,2,1
1.《七年级第二学期期末复习检测卷（一）》2. 《七年级第二学期期末复习检测卷（二）》3. 《七年级第二学期期末复习检测卷（三）》4. 《七年级第二学期期末复习检测卷（四）》,3,1
1.三位数乘两位数的笔算及实际应用,2,1
1.分数乘整数,1,1
1.口算两位数加一位数,2,1
1.因数和倍数的认识,1,1
1.复式统计表,1,1
1.导学案 第十章 静电场中的能量 1.电势能和电势(配套word)-【满分思维】2025-2026学年高中物理必修第三册(人教版)教师用书,2,1
1.数与形,1,1
1.植树问题,3,1
1.相交与平行,3,1
1.进位加法,4,1
10 月,4,1
10 相交线与平行线,7,1
10 雨点儿,1,1
10.19重庆数学,1,1
10.29测试,1,1
10.29测试西附,1,1
10.29测试西附数学,1,1
10.29测试重庆,1,1
10.29测试重庆数学,1,1
10.29测试重庆数学九上,1,1
10.29测试重庆数学九上西附,1,1
10.29测试重庆西附数学,1,1
10.29测试重庆西附数学九上,2,1
10.29重庆数学,2,1
100,1,1
100 以内的加减法口算每日一练,2,1
100 道100以内的加减法混合练习,3,1
1000 cm?,1,1
1000 cm?水,1,1
1000 cm?水 不满一杯按一杯算,5,1
100812,1,1
100专项训练计算专项,1,1
100分,1,1
101,1,1
102020055,1,1
104中学,1,1
107中学,1,1
107中学7上期末考试,1,1
10以内加减法口算题100题,1,1
10年考情,2,1
10年考情探规律,1,1
10月份,3,1
10月月考数学,4,1
10月月考高一上,1,1
10月辽宁高中月考,2,1
11 岳阳楼记/范仲淹PPT,1,1
11 岳阳楼记/范仲淹读音,1,1
11 岳阳楼记/范仲淹，读音,1,1
11.?2026届武威市高三基础巩固测试卷,1,1
112024到2025学年上学期高一年第二次阶段考化学科试卷,2,1
117中学语文期末,1,1
11~12章八上函数平面直角坐标系测试,3,1
11中,1,1
11月辽宁高中期中,2,1
11章八上函数平面直角坐标系测试,9,1
11高,1,1
12 《论语》十二章语文填写,1,1
12 短文二篇,1,1
12.1 内能,5,1
12.?2026届金昌市高三一轮阶段测评试题,1,1
120周考,1,1
120实验,3,1
120实验入学考试,1,1
120实验入学考试试卷,1,1
120文言文实词,2,1
120月考,1,1
120英语期末卷高一下,1,1
121121,4,1
12345模型,3,1
1247单词默写表,2,1
1247记忆法,1,1
125到2026学年第一学期期末学业水平质量监测七年级数学,2,1
126中学 沈阳 七上数学,3,1
126中学 沈阳 七上语文,3,1
126中学月考,2,1
126物理,2,1
12月月考,2,1
12月月考数学卷,1,1
12月考,1,1
12郎祭文,3,1
13 短文两篇,2,1
13.1 分子热运动（知识框架+知识点解读+考点解析+巩固训练）-2024～2025学年九年级物理全一册同步点拨与训练（人教版）,3,1
13.2 人体免疫,1,1
13.2 电路的组成和连接方式,3,1
13.2分子动理论的初步知识 分层练习,3,1
13.4 串联、并联电路中电流的特点,2,1
13.5 统计估计,3,1
134中,2,1
134中学,1,1
13727156,6,1
13748350,4,1
13中,1,1
13中2025年秋期7年级英语第一次限时督学,2,1
14 文言文二则,3,1
14中,2,1
14中新高一,1,1
15 物体的运动方式,1,1
15.2第二次鸦片战争,2,1
159月考,1,1
15中高三摸底考试数学,1,1
16 诫子书/诸葛亮,2,1
16 金字塔,1,1
1600词,2,1
161中学,4,1
166中学,1,1
168,1,1
168中学,2,1
168中学初三,1,1
168分班考试题,2,1
168真题重组卷,2,1
17.2 电动机转动的原理,1,1
171初一期中考试卷,1,1
171试卷,2,1
17章,1,1
17章人教版,1,1
18.5 相似三角形的判定,1,1
18中,1,1
19 想和做/胡绳,3,1
19.1 二次函数,3,1
19.2函数 题型专练 原卷版,3,1
1991年英语,1,1
1991至2018全国初中生应用物理知识竞赛真题,1,1
1994年,5,1
1997,1,1
1999年江西省中考试卷,1,1
19~20年万州区语文期末试卷,2,1
19年高考数学,1,1
19年高考语文,1,1
1??八年级下册数学 二次根式基础计算题专项,1,1
1、北部湾高级中学,1,1
1专题10,2,1
1乌兰浩特前旗,1,1
1二次函数,1,1
1元一次不等式组计算题,2,1
1元二次函数图像及其性质,3,1
1元二次方程卷子,1,1
1分式及其基本性质,1,1
1到5年级宝鸡数学计算题,2,1
1匀变速直线运动的研究,2,1
1号卷·A10联盟2021-2022学年（2021级）高一下学期期末联考化学试卷,1,1
1号卷高三上学期,1,1
1号卷高三上学期8月底,1,1
1小数加减法,1,1
1新高考英语应用文全套模板 学案 知识清单,2,1
1月月考,1,1
1模,2,1
1统编版高中历史纲要上 先秦时期 分封制宗法制 同步练习,2,1
1重庆一中2024-2025高一上期末英语,1,1
1长沙市长郡中学2025-2026学年高一上学期综合能力检测（入学分班考）全套4科含答案,1,1
2 0 2 0年全国课标卷数学试卷,1,1
2 0 2 0年全国课标卷英语试卷,1,1
2 0 2 6,1,1
2 0 2 6年,1,1
2 1 1,1,1
2 5年 1卷 高考,1,1
2 5年高考,1,1
2 5年高考数学,1,1
2 5年高考数学1卷,1,1
2 一个数乘分数,1,1
2 一元一次方程的解法人教版,1,1
2 一次函数,1,1
2 三角形的内切圆,1,1
2 二元一次不等式,1,1
2 二次函数与方程根,1,1
2 二次函数动轴定区间,3,1
2 二面角,2,1
2 全等三角形人教版,1,1
2 函数,2,1
2 力的平衡,3,1
2 反比例函数的图象与性质,2,1
2 合并同类项,1,1
2 圆的对称性,2,1
2 平行线及其判定,1,1
2 平行线及其判定人教,1,1
2 平面直角坐标系提优测试卷,1,1
2 整式乘法,6,1
2 机械能及其转化,2,1
2 条形统计图,1,1
2 条形统计图和折线统计图,1,1
2 济南的冬天/老舍,1,1
2 滑轮及其应用,2,1
2 热机效率,2,1
2 相似图形,2,1
2 空间向量及其运算上,1,1
2 空间向量及其运算习题人教版,1,1
2 能量守恒定律,2,1
2 解一元一次方程,1,1
2 解一元二次方程,1,1
2 金木水火土,2,1
2 锐角三角函数的计算,7,1
2+4,1,1
2. 万有引力定律,2,1
2. 动量定理,5,1
2. 匀变速直线运动的位移与时间的关系,1,1
2. 匀变速直线运动的位移与时间的关系压轴题,1,1
2. 原子的核式结构模型,2,1
2. 磁感应强度 磁通量,1,1
2. 豆丁网：《最新冀教版三至六年级英语单词表（2000词汇完整版）》，14页全册表格,1,1
2. 闭合电路的欧姆定律,1,1
2. 除数是小数的小数除法,2,1
2.1 一次函数的概念,3,1
2.1 二次函数y=ax?的图象和性质练习题,1,1
2.1 几何体展开图,1,1
2.1 反比例函数的图像,3,1
2.1 圆的标准方程,1,1
2.1 实数,1,1
2.1 实数沪教,7,1
2.1 指数函数的概念,3,1
2.1 电路和电路图,1,1
2.1 相似三角形培优,1,1
2.1 等差数列的概念及其通项公式,2,1
2.1 简单随机抽样,1,1
2.1 细胞的基本结构和功能,2,1
2.1 随机变量与分布,3,1
2.1y=ax?的图像与性质,3,1
2.1化学反应的方向,1,1
2.1基本不等式,1,1
2.1钠及其化合物 同步练习 2026-2027学年高一上学期化学人教版必修第一册,1,1
2.2 三角函数,1,1
2.2 三角形全等性质与判定综合,4,1
2.2 二次函数y=a(x-h)?+k的图象和性质,1,1
2.2 全称量词与存在量词,2,1
2.2 全称量词命题与存在量词命题的否定,1,1
2.2 全等三角形性质判定综合,6,1
2.2 函数的单调性,1,1
2.2 勾股定理的应用,1,1
2.2 电路和电路图,5,1
2.2.2对数与指数,5,1
2.2.2对数函数的单调性及应用,1,1
2.2.2平方根（4题型 针对训练）（原卷版）2025-2026,2,1
2.2基本不等式的应用,1,1
2.2导体电阻的测量,2,1
2.2闭合电路的欧姆定律,2,1
2.2（1）化学平衡,5,1
2.2（1）化学平衡常数,2,1
2.2（1）氧化还原反应,1,1
2.2（2）氧化剂、还原剂,1,1
2.2（2）氧化剂、还原剂江苏,2,1
2.2（3）氧化还原反应规律,2,1
2.2（4）电解质的电离,1,1
2.3 一元二次不等式结合二次函数求解,3,1
2.3 二次函数图像和性质综合,1,1
2.3 二项分布与超几何分布,3,1
2.3 全称量词命题与存在量词,2,1
2.3 全称量词命题与存在量词命题,1,1
2.3 全等三角形的常见模型及其构造,1,1
2.3 全等三角形的构造及模型,1,1
2.3 公式法,1,1
2.3 绝对值,4,1
2.3三角函数的叠加及其应用,2,1
2.3二项分布,2,1
2.3指数函数，对数函数与幂函数,5,1
2.4 均值不等式及其应用,1,1
2.4 细胞的生活,1,1
2.6 直线与圆、圆与圆的位置关系,7,1
2.?2025-2026学年河南省洛阳市高一（下）期末数学试卷（含答案）,2,1
2.?北京市石景山区2024-2025学年八年级上学期期末考试数学试题,1,1
2.?武汉九师联盟8月卷,1,1
2.?汝阳县一中小升初强基班摸底试卷,1,1
2.?海安、海门、南师附中、天一中学 四校高二下6月联考语文卷（2026）,2,1
2.?肥城市2025-2026八下期末数学（PDF带标准答案）,1,1
2.?遵义八州卷九上英语真题,3,1
2.?高考作文一材多用万能人物素材,2,1
2.三位数除以两位数的试商,2,1
2.乘法运算律及简便运算,3,1
2.用方向和距离确定位置,1,1
2.相似三角形判定,1,1
2.质数与合数,2,1
2.长方形和正方形的面积,2,1
20 *金字塔,1,1
20 0 2 6 中考山西,2,1
20 0 2 6 中考山西数学,2,1
20 0 2 6 二模数学,2,1
20 0 2 6 数学,1,1
20 2 6 数学,2,1
20 曹刿论战/《左传》,2,1
20 狼/蒲松龄,1,1
20.2 生态系统的组成,2,1
20.26-2027高一化学必修二综合测试2,1,1
20/5-2026学年七年级下学期期末模拟卷,1,1
2001年河南省许昌市中考,1,1
2001年河南省许昌市中考数学,1,1
2001年高考全国卷试题及答案,1,1
20025年包头市高一下学期期末考试英语听力,4,1
2002年河北高考试卷,1,1
2002年高考数学,1,1
2003 中考数学试卷,2,1
2003中考,1,1
2003年安徽物理高考真题,3,1
2004年江苏,1,1
2004年江苏高考卷,1,1
2004年高考真题,2,1
2004年高考真题理科综合,1,1
2006年,1,1
2006年数学高考陕西卷,1,1
2006年盐城,1,1
2006年盐城中考,1,1
2006年盐城中考试卷,1,1
2006新版北师大版六年级上数学,2,1
2007 数学,1,1
2007 数学 高考,3,1
2007年盐城中考,2,1
2008年四川卷,1,1
2008年高考,1,1
2008年高考四川卷,2,1
2008年高考物理全国二卷,4,1
2008年高考语文全国2卷,2,1
2008数学高考,1,1
2009,1,1
2009北京高考,1,1
2009天津高考数学,2,1
2009安徽高考,2,1
200个化学方程式,1,1
2010年上海高考物理,1,1
2010年俄语,1,1
2010年安徽中考试卷,1,1
2010英语,1,1
2010高考英语,2,1
2011到2012洛阳市数学期末卷子,1,1
2011年历史,1,1
2011年历史报告,1,1
2011年历史高考,2,1
2011年天津英语,1,1
2012习思,1,1
2012年天津英语高考,1,1
2012浙江,2,1
2013全国物理,1,1
2013年安徽理科数学,1,1
2013年安徽理科数学高考,2,1
2013年江苏高,1,1
2013年江苏高考,2,1
2014~2015学年北京市顺义期七年级下期末语文试卷,1,1
2014到2026高考英语真题听力,1,1
2014天津高考卷,2,1
2014安徽高考,1,1
2014年公安县九年级上册期中数学,1,1
2014级河南省高中会考英语试卷,2,1
2014至2015学年度苏锡常镇四市高三教学情况调研二,4,1
2014重庆高考物理,2,1
2014高考新课标一卷,1,1
2015,1,1
2015-2026 社会,1,1
2015~2020学年度第二学期历史教学质量抽测山东省聊城市,2,1
2015全国一卷化学,1,1
2015地理,1,1
2015天津英语,1,1
2015山东数学,1,1
2015年化学初赛,1,1
2015年江西省上饶市中考一模英语试题,1,1
2015年江西省九江市永修县第三中学中考三模英语试题,1,1
2015年福建,1,1
2015年福建高考物理,3,1
2015眉山市中考数学,2,1
2015至2016学年度第二学期期末阶段练习七年级英语试题,4,1
2016,1,1
2016年全国统一高考数学理科新课标2卷,2,1
2016年安徽中考试卷,1,1
2016年成都中考语文试卷,1,1
2016年数学新高考一卷,1,1
2016年普通高等学校招生全国统一考试 全国I卷,2,1
2016年江苏化学高考卷,1,1
2016河北高三一模数学,1,1
2016浙江高考物理,1,1
2016海淀一模数学,1,1
2016真题全国一卷,1,1
2016真题英语全国一卷,1,1
2016英语,1,1
2016英语 1 卷全国卷真题,1,1
2016高考,1,1
2016高考英语,2,1
2017,1,1
2017_2018陕西省宝鸡市陈仓区二年级语文期末考试试题,3,1
2017_2018陕西省宝鸡市陈仓区大班语文期末考试试题,1,1
2017~2018年八年级达利杯生物试卷,1,1
2017全国卷,3,1
2017四川联考,1,1
2017年 开平区四十九中 寄宿班,2,1
2017年11月普通高等学校统一全国统一性考试英语。,1,1
2017年1卷 全国 真题,1,1
2017年唐山地生中考,1,1
2017年唐山市开平区小升初毕业测试卷,2,1
2017年天津物理卷,1,1
2017年天津高考物理真题,2,1
2017年天津高考物理真题物理卷,2,1
2017年开平区小升初毕业测试卷,1,1
2017年江苏高考物理卷,1,1
2017年浙江卷的“有字之书”“无字之书”,1,1
2017年高考历史大题真题山东卷,2,1
2017年高考数学真题,4,1
2017新课标,1,1
2017永春县学科素养测试,1,1
2017物理,3,1
2017高考数学,1,1
2017高考物理全国,1,1
2018,2,1
2018 0 全国统一高考,1,1
2018 0 全国统一高考1卷英语,2,1
2018 年四川省成都市中考语文试卷,2,1
2018中考,2,1
2018年天津英语高考,1,1
2018年安徽中考试卷,1,1
2018年广东深圳二模,1,1
2018年广东深圳二模语文试卷,1,1
2018年江苏高考语文,2,1
2018年高考英语,5,1
2018年黑龙江齐齐哈尔中考英语试卷,2,1
2018扬州数学中考,1,1
2018新课标一卷,2,1
2018浙江卷,1,1
2018海南省合格考通用试卷,1,1
2018福建数学竞赛,1,1
2018级重庆九龙坡区中考适应性考试,2,1
2018高考新课标一卷,1,1
2018高考浙江卷,2,1
2019 0 全国统一高考1卷语文,1,1
2019 年四川省成都市中考语文试卷,1,1
2019-2020学年度第二学期中心城区期末调研测试卷语文,2,1
2019-2020年高一上学期末生物,2,1
2019~2020春南宁市四下数学期考试卷,2,1
2019人教版生物一轮复习 第05讲 细胞膜和细胞核 默写填空学生版,6,1
2019北京中考数学,1,1
2019单招,1,1
2019单招语文卷,1,1
2019山东高考卷,1,1
2019山东高考英语卷,1,1
2019年一试,1,1
2019年上海高考语文,2,1
2019年全国Ⅰ卷高考英语听力真题开篇,1,1
2019年全国高中数学联合竞赛,1,1
2019年南宁市四年级春期数学测试卷,3,1
2019年嘉兴中考语文试卷,2,1
2019年安徽中考试卷,1,1
2019年新高考一卷英语,2,1
2019年河南省中招考试语文--里的微感动优秀范文,1,1
2019年英语,1,1
2019年英语三卷,1,1
2019年高考考全国英语,4,1
2019年高考英语,1,1
2019新课标二卷,3,1
2019春期南宁市七年级下册数学期末测试卷,2,1
2019深圳中考生物,1,1
2019甘肃天水化学,1,1
2019甘肃天水化学中考,1,1
2019绵阳中考英语,1,1
2019英语,2,1
2019语文,1,1
2019语文高考,1,1
2019贵州适应性考试理科数学,1,1
2019陕西英语,1,1
2019高考浙江卷英语听力,4,1
202 6 九师联盟,1,1
202 6九师联盟高二,2,1
202 6九师联盟高二辽宁,3,1
202 6九师联盟高二辽宁语文,1,1
202 6成都中考真题,2,1
2020 0 1 0卷 英语高考 真题 全国 1 卷,1,1
2020 年0 1卷 全国 高考1卷英语,1,1
2020-2021鄄城七年级数学下册期末试卷,4,1
20206南通市中考,2,1
2020~2026年广东高考语文真题。,2,1
2020一2021磐安二中语文卷,4,1
2020全国统一高考物理试卷新标一,1,1
2020到2025高考真题,1,1
2020届江苏省天一中学高考第一次模拟考试（含听力）英语试题,3,1
2020山东化学高考,1,1
2020山东高考化学,1,1
2020山东高考历史,3,1
2020山东高考物理卷,1,1
2020年全国一卷英语试卷,3,1
2020年南京师大附中,1,1
2020年吉林省四平市伊通满族自治县八年级下地理期末,1,1
2020年吉林省四平市伊通满族自治县八年级地理期末,1,1
2020年吉林省四平市伊通满族自治县地理期末,1,1
2020年宁波十校,1,1
2020年山东省新高考地理卷第18题,1,1
2020年山东高考政治卷子,2,1
2020年师大附中高二下学期期末试卷,1,1
2020年师大附中高二期末试卷,2,1
2020年广东高考,1,1
2020年数学二卷,1,1
2020年普通高等学校招生全国统一考试全国一卷,1,1
2020年武汉,1,1
2020年武汉化学,1,1
2020年武汉化学高二,2,1
2020年江苏省高中学生化学奥林匹克复赛试题,2,1
2020年湖北襄阳,1,1
2020年湖南师大附中高二下学期期末试卷,1,1
2020年湖南省长沙市八年级上册第一次月考物理,1,1
2020年物理,1,1
2020年物理高考题,1,1
2020年甘肃省高考政治试卷,1,1
2020年石狮七下数学期末,1,1
2020年福建宁德高三期末英语听力,5,1
2020年福建宁德高三期末英语听力视频,1,1
2020年福建省中考英语模拟试卷,2,1
2020年菏泽牡丹区高考试卷,1,1
2020年高一,2,1
2020年高一数学,1,1
2020年高考三卷,1,1
2020年高考全国一卷英语,1,1
2020年高考英语,1,1
2020年高考英语真题全国一卷,1,1
2020年高考英语试卷,3,1
2020广东英语中考卷,2,1
2020广安,8,1
2020政治高考题山东卷,3,1
2020春季学期期中考试高二年级英语试卷,3,1
2020江苏省普通高校职教高考历年统考真题,2,1
2020泰州中考数学,2,1
2020浙江1月高考英语试卷,1,1
2020海淀高三一模语文,2,1
2020物理全国二模,1,1
2020高考英语,1,1
2021 0 0 1卷  四川地理,1,1
2021 0 0 1卷 高考 四川地理,1,1
2021 0 1 0卷 全国1卷英语,4,1
2021 0 1 0卷 全国1卷语文高考真题,2,1
2021 0 1 0卷 全国2卷语文高考真题,1,1
2021 2022武汉市江岸区八下期中数学,1,1
2021 年 0 1卷 全国 1 卷 英语 高考 真题,1,1
2021-2025北京高考英语作文汇编,1,1
2021-2025新高考I卷真题数学，物理，化学,1,1
2021-2025新高考数学Ⅰ卷真题Word版? ? - ?2021-2025新高考数学Ⅱ卷真题Word版,3,1
2021-2025高考英语全国乙卷+新高考Ⅱ卷真题合集 吉林长春专用 免费PDF下载,2,1
2021·海淀区期中 第10题,1,1
2021会考,1,1
2021会考语文卷,1,1
2021俄罗斯数学竞赛,2,1
2021全俄数学竞赛,2,1
2021全国一卷数学,1,1
2021全国一卷数学高考,2,1
2021全国乙卷英语听力音频,1,1
2021全国新高考二卷,1,1
2021八省联考,1,1
2021到2022西宁期末高一下,1,1
2021十堰中考数学,1,1
2021嘉兴中考数学,1,1
2021学考试卷,4,1
2021届上海春考数学,1,1
2021届上海春考数学卷,1,1
2021届南通二模物理,2,1
2021届南通四模物理,3,1
2021届甘肃省秦安县第一中学高考物理二轮复习练习案 电磁学,1,1
2021山东化学高考,1,1
2021山东英语,1,1
2021山东英语高考,1,1
2021山东高考物理,2,1
2021年6月浙江,1,1
2021年A10联盟化学,4,1
2021年临高县六年级下册 数学,1,1
2021年全国普通高等学校统一招生考试,2,1
2021年全国甲卷,3,1
2021年全国甲卷理科。,2,1
2021年八省联考数学,2,1
2021年六月新高考1卷英语,2,1
2021年初三数学高效复习册,1,1
2021年化学,1,1
2021年化学高考题,3,1
2021年北京高三一模,2,1
2021年安徽省A10联盟化学,4,1
2021年广东省普通高中学业水平选择考适应性测试化学试卷，,1,1
2021年广东省普通高等学校招生考试适应性测试 化学,2,1
2021年数学乙卷,1,1
2021年新课程自主评价高中语文下册必修1通用版,4,1
2021年江门市6年级下学期英语期末考试,2,1
2021年河北省二模化学试题,3,1
2021年河北省普通高中学业水平选择性考试化学（模拟试题），,1,1
2021年河南中考物理试题,2,1
2021年浙江六月英语高考试卷,1,1
2021年湖北高考语文卷,1,1
2021年湖南物理试卷,1,1
2021年辽宁省沈阳市郊联体高一下生物试卷,2,1
2021年镇江中考物理,1,1
2021年陕西省西安市数学中考试卷,1,1
2021年陕西省西安市数学中考试卷真题,4,1
2021年高考数学一卷,2,1
2021年高考物理,2,1
2021年高考英语真题全国2卷,1,1
2021年高考英语真题全国一卷,3,1
2021年黄冈9月新题,2,1
2021广东中考数学,1,1
2021曹县八年级下册期末数学考试,2,1
2021江苏卷物,1,1
2021河北历史,3,1
2021河北高考历史,1,1
2021河南省南阳市邓州市数学中考一模卷,2,1
2021河南省邓州市中考一模卷,2,1
2021浙江1月英语高考模拟卷,1,1
2021浙江高考,3,1
2021海南卷化学高考,1,1
2021英语听力,5,1
2021语文,1,1
2021语文高考,1,1
2021高新高考一卷数学,2,1
2021高考,1,1
2021高考一卷是数学,1,1
2021高考全国二卷语文,2,1
2021高考数学,1,1
2021高考数学二卷,1,1
2021高考英语听力,1,1
2022 0全国1 卷数学高考,1,1
2022 2023化学,1,1
2022 2023化学湟川,1,1
2022 2023成都高一下期英语期末,1,1
2022 2023成都高一下期英语调研考试,1,1
2022 全国1 数学高考,1,1
2022 年福建省高考生物试卷,2,1
2022 英语全国甲卷,2,1
2022-2023安徽高二芜湖市期末历史,1,1
2022-2023山东省德州市庆云县六年级第二学期期末数学试题,1,1
2022-2023广东省广州二中八年级下期中试卷,1,1
2022-2023庆云县六年级第二学期期末英语试题,3,1
2022-2023葫芦岛,1,1
2022-2023西宁市高一下期末生物,1,1
2022-2025本溪市高中入学分班考,1,1
2022-2025高中入学分班考,1,1
2022.1潍坊高二期末考试英语,2,1
20225年八上数学课时题优作业计划,1,1
20226年七年级下册语文试卷随县,1,1
2022?语文新高考 卷,1,1
2022?语文新高考卷,1,1
2022中学生标准学术能力诊断性测试,1,1
2022中考,1,1
2022二模,2,1
2022二模上海高三英语,1,1
2022全国一卷,1,1
2022全国一卷数学,2,1
2022全国乙卷,1,1
2022全国乙卷数学,2,1
2022全国二卷语文,1,1
2022全国二卷语文高考,2,1
2022全国地理高考一卷,5,1
2022全国高考新高考一卷英语,1,1
2022全国高考英语,1,1
2022内蒙古自治区松山区数学期末,1,1
2022到2023西宁期末高一下,1,1
2022到2025全国1 Ⅱ卷英语,2,1
2022到2026语文作文范文,1,1
2022到2026高考数学卷子,1,1
2022化学高考乙卷,1,1
2022北京高考数学,1,1
2022十堰中考数学,1,1
2022天津高考历史,3,1
2022学年第二学期高一期末测试卷物理学科试卷,1,1
2022安徽师范大学自主招生卷数学,1,1
2022届甘肃省兰州市等4地高三上学期一模物理试题,2,1
2022山东物理卷,1,1
2022山东物理卷高考,1,1
2022山东省青岛市期初检测化学,1,1
2022年11月重庆南开中学高三期中语文试卷,2,1
2022年1月浙江,5,1
2022年1月浙江英语,1,1
2022年1月浙江高考英语,1,1
2022年2卷,1,1
2022年6月福建省普通高中学业水平合格性考试,2,1
2022年七月葫芦岛市普通高中学业质量检测考试高一物理,1,1
2022年上海高考语文,2,1
2022年全国一卷英语,2,1
2022年全国乙卷,1,1
2022年全国乙卷数学,1,1
2022年全国乙卷英语,1,1
2022年全国二卷英语,1,1
2022年全国甲卷,1,1
2022年全国甲卷理科。,1,1
2022年到2023年天津市部分区八年级下册期末考试卷子数学,3,1
2022年到20二三年天津市部分区八年级下册期末考试卷子数学,1,1
2022年北京合格考地理第一次,4,1
2022年北京合格考地理第二次,2,1
2022年历下区九上期中数学,1,1
2022年历下区数学,1,1
2022年地理高考卷,1,1
2022年山东省潍坊市语文中考真题,8,1
2022年广东高考物理真题,2,1
2022年广州一模,1,1
2022年广西南宁市中考真题,4,1
2022年广西河池市宜州区小学 质量检测,1,1
2022年广西河池市宜州区小考,1,1
2022年新课标132词,3,1
2022年新高考全国1卷 语文真题及解析免费,1,1
2022年普通高等学校招生全国统一考试语文,2,1
2022年普通高等学校招生全国统一考试（乙卷）,2,1
2022年普通高等学校招生全国统一考试（乙卷）生物部分,1,1
2022年济南一模化学,2,1
2022年济宁二模化学,2,1
2022年浙江1月份英语,1,1
2022年福建中考地理 生物,2,1
2022年语文乙卷高考,2,1
2022年语文二卷,1,1
2022年语文二卷高考,1,1
2022年语文新高考一卷,1,1
2022年语文高考,1,1
2022年语文高考一卷,1,1
2022年语文高考二卷,2,1
2022年高考数学,2,1
2022年高考英语一卷,1,1
2022年高考英语真题全国2卷,1,1
2022数学高考,1,1
2022新课标2卷语文,1,1
2022新课标一卷,1,1
2022新高考2卷,1,1
2022新高考一卷,1,1
2022新高考高考数学一卷,3,1
2022期初检测化学,1,1
2022杭州科学中考,1,1
2022武汉市江岸区八上期中,2,1
2022武汉市江岸区八上期中数学,1,1
2022武汉市江岸区八下期中数学,1,1
2022江苏高考物理,2,1
2022河北高考物理,2,1
2022河西区期末生物,1,1
2022海南物理,1,1
2022湖南省高考物理,2,1
2022版普通高中英语课程标准3100课标词汇,1,1
2022物理葫芦岛期末考试高一下,2,1
2022至2023学年 江苏省常州高级中学高二上 10月第一次调研数学试卷,1,1
2022至2023，抚顺六,1,1
2022至2023，抚顺六校协作体,1,1
2022西城高三上期末语文,2,1
2022辽宁省高考卷,1,1
2022辽宁高考,2,1
2022高考,1,1
2022高考数学,1,1
2022高考英语,1,1
2022高考语文,1,1
2022高考语文全国二卷,1,1
2023 2024揭阳高一下期末,2,1
2023 2024新乡市七下期末试卷,4,1
2023 2024福州三中高一下化学,1,1
2023 2024福州三中高一下语文,1,1
2023 2024福州高三开门考,2,1
2023 临高县六年级下册英语,2,1
2023 全国一卷 语文高考,2,1
2023 年 全国 1 卷 化学,1,1
2023 年 全国 1 卷 化学高考,2,1
2023 年 全国 1 卷 化学高考 真题,1,1
2023 年 全国 1 卷 数学 高考 真题,1,1
2023 高考英,1,1
2023 高考英语,1,1
2023-2024南开区,1,1
2023-2024学年八年级期末模拟卷01数学,2,1
2023-2024学年德州一中10月月考,1,1
2023-2024学年德州一中月考,1,1
2023-2024学年数学期末七年级上学期,4,1
2023-2024山东省济宁市任城区英语三年级,1,1
2023-2024山东省济宁市任城区语文三 年级,1,1
2023-2024年高二下学期期末考试试卷地理滕州,1,1
2023-2024广东揭阳高一地理期末试卷,2,1
2023-2024柳州市12月联考高一,2,1
2023-2024河南省实验高一开学测,2,1
2023-2024潍坊高二上学期期末化学,2,1
2023-2024物理高一下学期期末包头,1,1
2023-2024福州三中高一下化学,1,1
2023-2024福州高三开门考,2,1
2023-2024福州高级中学下学期化学期末考,1,1
2023-2024福州高级中学高一下学期化学期末考,2,1
2023-2024福建八下物理期末试卷,4,1
2023-2024福清高一上期中,2,1
2023-2024西宁市高一下期末生物,1,1
2023-2024陈仓区英语人教版,1,1
2023-2024陈仓区英语人教版七年级,2,1
2023-2024高二英语期末考下,1,1
2023-2025安徽省六校教育研究会 新高一入学素质测试,3,1
2023-2025年高考真题易错易混,2,1
2023.4杭州市一模物理,1,1
2023.4杭州市三模物理,1,1
2023.4杭州市统测物理,1,1
20232024,1,1
20232024五下,2,1
20236月福建普通高中学业水平合格考试,2,1
2023z年葫芦岛期末考试生物,1,1
2023~2024学年度揭阳市高二级期末考生物,1,1
2023~2024期末物理第二学期高一包头市,2,1
2023~2024汕头市统考卷高一数学,3,1
2023~2024汕头市统考卷高二数学,2,1
2023—2024八下期末市北区物理,1,1
2023—2024市北区物理,2,1
2023《创新教程》期末实战模拟 卷高二（下）生物,2,1
2023一2024江门市蓬江区六年级下册数学江门市,1,1
2023中考数学,1,1
2023五年级下册英语,1,1
2023仁寿八下期末数学统考真题华师版,1,1
2023全国一卷数学,1,1
2023全国乙卷,2,1
2023全国乙卷数学,1,1
2023全国二卷英语,1,1
2023全国卷藏文第二卷,1,1
2023全国数学高考,2,1
2023全国物理乙卷,1,1
2023全国甲卷化学13题 甲苯氧化制备苯甲酸 重结晶 萃取,2,1
2023全国甲卷广西,1,1
2023全国甲卷理综13题 甲苯氧化制备苯甲酸 重结晶 萃取,4,1
2023全国高中数学联赛,1,1
2023六年级下期末德阳绵竹,3,1
2023到2024学年高一上期末复习题集合与常用逻辑语,2,1
2023到2024烟台高一上学期期末,2,1
2023到2024青海省高一语文期末试卷,2,1
2023到2024顺义区八年级上册语文期末,2,1
2023到2026年青海省藏文高考卷,1,1
2023化学,1,1
2023化学全国卷,1,1
2023化学全国甲卷,1,1
2023北京丰台初三上期中,3,1
2023北京高考,1,1
2023唐山市生物三模试卷解析及答案,1,1
2023天津市五校联考高一下期末数学,1,1
2023天津市高考数学,2,1
2023奥林匹克,1,1
2023学年第一学期是2024年1月（上学期），,2,1
2023学年第二学期温州市高一期末英语A卷 教师版 含听力原文,2,1
2023宁夏中考英语卷,1,1
2023宁夏中考英语卷 中考卷,2,1
2023安徽中考英语听力,2,1
2023安徽中考英语听力原文,1,1
2023山东物理高考真题,2,1
2023山东省潍坊市临朐县中考真题,9,1
2023年1月浙江省普通高校招生选考科目考试,5,1
2023年3月大学英语4级考试真题,2,1
2023年5年级,1,1
2023年一月浙江省高二上学期学业水平考试政治真题及答案,2,1
2023年一月浙江省高二上学期学业水平考试物理真题及答案,1,1
2023年一月浙江续写,5,1
2023年临高县六年级下册英语,2,1
2023年全国一卷,1,1
2023年全国一卷英语,3,1
2023年全国乙卷,3,1
2023年全国甲卷英语,2,1
2023年初三下期末考泸州,1,1
2023年北京市西城区高三数学一模,1,1
2023年四省联考理综化学试卷,2,1
2023年天津高考卷英语,4,1
2023年安徽高考政治真题,1,1
2023年山东济南市高一期末统考物理试题,1,1
2023年广东物理高考,2,1
2023年广州市从化区中考二模真题英语,2,1
2023年庄浪县,1,1
2023年数学高一,14,1
2023年新高考二卷英语,1,1
2023年新高考卷语文,1,1
2023年新高考数学Ⅰ卷,1,1
2023年春学期高一创新班 期末测试生物试卷,2,1
2023年普通高等学校招生全国统一考试 上海卷 语文,1,1
2023年普通高等学校招生全国统一考试 北京卷 语文,1,1
2023年普通高等学校招生全国统一考试 天津卷 语文,3,1
2023年普通高等学校招生全国统一考试全国新课标一卷,3,1
2023年普通高等学校招生全国统一考试全国新课标二卷,2,1
2023年普通高等学校招生全国统一考试全国甲卷地理,1,1
2023年普通高等学校招生全国统一考试北京卷,1,1
2023年杭州,1,1
2023年杭州科学中考,1,1
2023年江苏南通5年级语文上册期中考试试卷。,3,1
2023年江西上饶玉山小升初六年级考试试卷,1,1
2023年江西上饶玉山小升初考试试卷,1,1
2023年江门市高二下学期生物期末考,1,1
2023年河北省石家庄桥西物理八下期末,4,1
2023年河南普通高中招生考试试卷生物学,1,1
2023年淄博中考语文试题,5,1
2023年深圳市南山区中考二模真题英语,3,1
2023年湖南政治学业水平选择性考试，真题,2,1
2023年湖南省中考题数学,2,1
2023年湖南隆回一模物理,2,1
2023年潍坊市中考数学,3,1
2023年福建省高考生物真题,2,1
2023年阜安徽阜阳太和县五年级下册数学期末试卷,2,1
2023年陕西省初中学业水平考试英语听力音频,1,1
2023年高考1卷,2,1
2023年高考数学一卷,1,1
2023年高考语文天津卷,1,1
2023年黄埔一模数学,1,1
2023广东一模英语,1,1
2023广东一模英语高中,1,1
2023广东春季高考英语,1,1
2023广东物理高考,2,1
2023广州市物理调研考B卷,1,1
2023德城区六年级下学期期末考试科学,1,1
2023德城区小升初,2,1
2023数学新高考一卷,1,1
2023数学高考一卷真题卷,1,1
2023新课标1卷,2,1
2023新课标高考1卷,1,1
2023日语高考真题,1,1
2023普陀,1,1
2023普陀一模数学,1,1
2023柳州市12月联考高一,1,1
2023柳州市联考高一,1,1
2023武汉九月调研历史,1,1
2023河北中考,1,1
2023泰州英语高三模拟考试,2,1
2023浙江1月,1,1
2023浙江衢州五校高二联考数学,2,1
2023海南中考物理,1,1
2023海南中考物理试卷,1,1
2023海州区数学,1,1
2023温州,2,1
2023温州高一期末,1,1
2023温州高一期末教学质量统一检测,1,1
2023温州高一期末英语,1,1
2023湖北省,1,1
2023湖北省普通学业水平,1,1
2023湖南地理,1,1
2023湖南地理高考,1,1
2023湖南高考地理,3,1
2023物理天津中考,1,1
2023福建化学,1,1
2023级四川省学业水平考试数学,1,1
2023级成都一诊,1,1
2023级高三第二次模拟试题数学,1,1
2023级，高二下学期期末校际联合考试,1,1
2023莘县一中,2,1
2023辽宁中考生物,1,1
2023达州中考数学,1,1
2023金华中考,1,1
2023高考政治,2,1
2023高考数学,2,1
2023高考数学真题,8,1
2023高考新课标1卷,1,1
2023高考真题,1,1
2023高考真题一卷,1,1
2023高考语文,1,1
2024  2卷 全国高考 语文,5,1
2024 0 0 1卷 全国高考,2,1
2024 0 0 1卷 全国高考 英语试卷及答案详解,1,1
2024 1卷  高考,1,1
2024 1卷 全国英语高考,3,1
2024 1卷 英语,1,1
2024 1卷 英语 高考,4,1
2024 2025 01 七年级下学期期末 广东惠东,2,1
2024 2025 01 八年级上学期期末,2,1
2024 2025 2026全国高考数学二卷,1,1
2024 2025 新乡市 七年级下学期期末,1,1
2024 2025 新乡市 七年级下学期期末英语,1,1
2024 2025 濮阳市 七年级下学期期末,3,1
2024 2025人大附中七下期中数学,1,1
2024 2025八年级下册期末物理,1,1
2024 2025六年级下数学期末,2,1
2024 2025北京二中教育集团八下物理期末,2,1
2024 2025学年八年级上期中英语 仁爱科普版,1,1
2024 2025学年八年级上物理精析巧练单元卷,2,1
2024 2025成都高一下期英语期末,3,1
2024 2025扬州梅岭10月月考试卷,1,1
2024 2025扬州梅岭10月月考试卷八上,1,1
2024 2025扬州梅岭10月月考试卷八上英语,1,1
2024 2025数学高二下期末巩固篇,2,1
2024 2025福州高三第一次质量检测化学试题,1,1
2024 2025福州高三第一次质量检测思想化学试题,2,1
2024 2025福州高三第一次质量检测思想政治试题,1,1
2024 2025铁岭四上数学,1,1
2024 2025青海西宁生物高一,2,1
2024 2025青海西宁生物高一必修二,1,1
2024 2025高一下学期期末考试试卷,1,1
2024 全国1卷 英语高考,1,1
2024 全国一卷 语文高考,1,1
2024 全国数学高考,3,1
2024 到2025七下期中数学,1,1
2024 年1卷高考,2,1
2024 年上海徐汇区一模试题,1,1
2024 年上海徐汇区一模试题英语,2,1
2024 年全国甲卷,1,1
2024 年普通高等学校招生全国统一考试,3,1
2024 年普通高等学校招生全国统一考试 全国甲卷,3,1
2024 年普通高等学校招生全国统一考试（全国甲卷）,5,1
2024 年高考数学1卷全国卷真题,3,1
2024 数学 1卷全国1卷真题,1,1
2024 新课标 1,1,1
2024 新课标 1 1卷 英语,2,1
2024 高考数学 1卷高考真题,2,1
2024-2025,1,1
2024-2025 福州二检 语文,1,1
2024-2025 福州市二检 语文,1,1
2024-2025、2025-2026学年完整的观一高月考、期中、开学摸底卷,3,1
2024-2025三年级南昌市英语统考测试卷,2,1
2024-2025上学期烟台市芝罘七年级期中数学考卷,2,1
2024-2025介休八年级上册,2,1
2024-2025介休八年级上册月考卷,1,1
2024-2025介休八年级上册期中,4,1
2024-2025介休八年级上册第一次阶段测试,3,1
2024-2025北京二中高二上化学1期末,1,1
2024-2025唐山七下美育,1,1
2024-2025学年七年级第一学期第一次学情评估数学,2,1
2024-2025学年丽水莲都区八下期末数学卷,2,1
2024-2025学年五莲县北京路中学九年级上册第一次月考数学试卷,9,1
2024-2025学年五莲县实验学校九年级上册第一次月考数学试卷,3,1
2024-2025学年八年级下学期考试物理试题,1,1
2024-2025学年山东省日照市五莲县北京路中学九年级(上)第一次月考数学试卷,2,1
2024-2025学年度下学期七年级英1语期末测试卷B,2,1
2024-2025学年度下学期期末考试高二年级生物卷,1,1
2024-2025学年度下期2027届高一下期末考试英语试卷,1,1
2024-2025学年度第一学期皖智七上阶 段性练习(一)英语(试题),2,1
2024-2025学年度第一学期皖智七上阶 段性练习(一)英语(试题)听力,3,1
2024-2025学年度第一学期阶段性学习效果评估八年级物理,2,1
2024-2025学年度第二学期开学摸底考高二英语试卷,2,1
2024-2025学年度第二学期高二年级期末教学质量检测试卷,4,1
2024-2025学年度高一年级期末模拟考前模拟试卷数学,1,1
2024-2025学年度高一年级期末模拟试卷数学,1,1
2024-2025学年度高一年级期末测试语文,3,1
2024-2025学年度高一年级第一学期期末考试物理,1,1
2024-2025学年度高一期末测试语文,1,1
2024-2025学年政治期末八年级上学期,1,1
2024-2025学年江西省九江市七年级(上)期末数学试卷,1,1
2024-2025学年滨城高中联盟高一期中语文卷,2,1
2024-2025学年第一学期福州市九年级适应性练习化学,2,1
2024-2025学年重庆市主城区期末考试数学,2,1
2024-2025学年高一下学期期末考试物理试卷,2,1
2024-2025学年高一数学考点剖析及分层精练 人教A版2019必修第一册,1,1
2024-2025学年高一语文必修上册综合测试卷1,2,1
2024-2025学年高三年级第一次质量检测思想政治试题,2,1
2024-2025学年高二选择性必修一地理单元检测卷,2,1
2024-2025宁德高一下期末数学,1,1
2024-2025宁阳县八年级上学期化学月考,1,1
2024-2025宁阳县八年级上学期物理月考,3,1
2024-2025宁阳县八年级上学期物理期中,1,1
2024-2025安徽省合肥市第八中学高一上学期学期期末数学,2,1
2024-2025安徽省合肥市高一上学期学期期末数学,2,1
2024-2025安徽省滁州市9上月考物理卷子,3,1
2024-2025山东滨州高二下期末,1,1
2024-2025山东省泰安市高一下物理期末,2,1
2024-2025山东省泰安市高一物理期末,3,1
2024-2025年唐县八年级第二学期期末考试试卷,3,1
2024-2025年福建省三明市高一下期末数学,3,1
2024-2025年福建省南平市高一下期末数学,1,1
2024-2025年福建省莆田市高一下期末数学,2,1
2024-2025年高二上学期数学期中烟台,1,1
2024-2025成都高一期末调研考试英语,1,1
2024-2025扬州中学高一月考数学,1,1
2024-2025江苏省宿迁市八年级上学期期中物理试卷,1,1
2024-2025沈阳市于洪区七下,2,1
2024-2025潍坊高二上学期期中,4,1
2024-2025福州省高三质检,1,1
2024-2025福州高三第一次质量检测思想政治试题,2,1
2024-2025福建八下物理期末试卷,4,1
2024-2025福建省建瓯市人教版数学九年级上学期第一单元,1,1
2024-2025福建省建瓯市人教版数学第一单元,1,1
2024-2025福建省福州市鼓楼区高一下学期期末考试，语文,2,1
2024-2025福建省高三一检,1,1
2024-2025福建省高三一检语文,1,1
2024-2025福建省高三八月质检语文,1,1
2024-2025福建省高三第一次质量检测语文,1,1
2024-2025福建省高三质检,1,1
2024-2025福清高一上期中,2,1
2024-2025福清高一第一学期,1,1
2024-2025福清高一第一学期数学,1,1
2024-2025第一学期高二联考数学,2,1
2024-2025罗庄区三年级上册英语,1,1
2024-2025茂名高二上学期期末质量抽测」,2,1
2024-2025葫芦岛市高一期末考试数学试卷,1,1
2024-2025贵阳市高三8月摸底考试英语,2,1
2024-2025赤峰高二期末考试,1,1
2024-2025金中河西八年级第一学期期中考试卷英语,1,1
2024-2025高一,1,1
2024-2025高一上焦作数学期末考试卷,1,1
2024-2025高一下化学期末北京通州,1,1
2024-2025高二年级教学质量（八）,1,1
2024-2025高二期末物理,1,1
2024-2025高二第二学期期末政治,2,1
2024-2025高二第二学期期末英语,1,1
2024-2025高二第二学期期末语文,1,1
2024-2026苏科版徐州撷秀八年级期末数学试卷,1,1
2024002,1,1
2024023高一下数学滨海新区,1,1
20242025学年度高一年级第二学期期末考试语文,2,1
20242025学年第一学期学情调研测试一,2,1
20242025年山东省临沂市兰山区山临沂第一中学高三下期中英语,2,1
20242025高一下数学滨海新区,2,1
2024_2025山东省新泰市六年级下册数学期末试卷,2,1
2024~2025 学年第二学期深圳市龙岗区期末检测卷,2,1
2024~2025 江西省上饶市广信区数学试卷试题七年级下册。,1,1
2024~2025 第二学期高一期末试卷地理,2,1
2024~2025哈三中高一入学测英语,4,1
2024~2025学年山东临沂兰山区一年级上学期期中数学试卷（多校 人教版）,2,1
2024~2025学年山东菏泽四年级上学期期中数学试卷（人教版）,2,1
2024~2025学年度下学期泉州市高中教学质量检测高一政治试卷,1,1
2024~2025学年度下学期泉州市高中教学质量检测高一英语试卷,2,1
2024~2025学年度学生质量监测六年级语文,1,1
2024~2025学年度第二学期阶段性复习作业6年级数学,1,1
2024~2025学年河南许昌魏都区四年级上学期期中(东城区新时代精英学校人教版),2,1
2024~2025学年福建泉州六年级上学期期中数学试卷（部分学校 北师大版）,2,1
2024~2025学年贵州省遵义市二中高一下4月月考试卷英语,2,1
2024~2025学年高一英语综合测试卷一忻州一中,2,1
2024~2025学年高三上山东期中,1,1
2024~2025年八年级数学下学期期末模拟卷,1,1
2024~2025数学广益八下期末,1,1
2024~2025第一学期蚌埠市A层联盟高中第1次联考数学,1,1
2024~2025第一学期蚌埠市A层高中第1次联考数学,5,1
2024?2025南阳市七年级下册期末数学邓县,2,1
2024–2025沛县高一上10月联考物理,1,1
2024—2025包头市高一下语文期末试卷,3,1
2024—2025福建省高三第一次质量检测语文,1,1
2024—2025高一下物理包头市考试卷,1,1
2024—2025高一下物理期末包头市考试卷,2,1
2024—2025高三,2,1
2024——2025学年北师大版数学八年级上册易错题范围：第一章至第四章,1,1
2024——2025山东身济宁市高二化学期末考试第一学期,1,1
2024一2025内黄县升级考试试卷,1,1
2024一2025内黄县升级考试试卷七年级,1,1
2024一2025内黄县实验中学八年级数学试卷,2,1
2024一2025年包头市高一下学年联考试题,1,1
2024一2025年包头市高一下学期学年联考试题,1,1
2024一2025洛阳三高一上学,1,1
2024一2025洛阳三高上学,1,1
2024一2025洛阳高一上学,1,1
2024一2025肥城市六上数学第一单元试卷,2,1
2024一2025高二下学期历史,1,1
2024一2025高二下学期历史葫芦岛,1,1
2024上中初三12月月考数学,1,1
2024上海高考化学,1,1
2024九省联考,2,1
2024九省联考数学,2,1
2024九省联考数学真题,1,1
2024九调武汉高三英语,2,1
2024二卷,1,1
2024全国一卷语文,1,1
2024全国乙卷英语,1,1
2024全国二卷语文,1,1
2024全国甲卷,1,1
2024全国甲卷数学,1,1
2024全国高考英语1卷,1,1
2024内蒙古自治区松山区数学期末,1,1
2024初中化学自招统考青岛,2,1
2024到2025七年级数学石光中学,1,1
2024到2025中山高二下英语统考,1,1
2024到2025学年上期阶段性检测七年级生物学试题,4,1
2024到2025学年天津河西区初三上学期期中物理试卷答案,2,1
2024到2025学年第二学期期末调研考试高二英语试题卷,1,1
2024到2025年七年级下册英语期末试题,3,1
2024到2025年呃呃考英语期中，高一上册,2,1
2024到2025年漳州市玉兰学校九年级上册数学期中试卷,5,1
2024到2025年莆田市秀屿区八上数学试卷,2,1
2024到2025年高一上学期期中化学考试日照市校系联合,2,1
2024到2025期末数学八年级,1,1
2024到2025漳州市玉兰学校九年级上册数学期中试卷,1,1
2024到2025附中高一第一学期月考,1,1
2024化学,1,1
2024化学自招统考,1,1
2024化学自招统考青岛,1,1
2024北京中考历史,2,1
2024北京卷,1,1
2024北京市石景山区高考一模数学,1,1
2024北京海淀区期中,2,1
2024北京高考,2,1
2024南京三模,2,1
2024历城二中,1,1
2024历城二中期中数学,2,1
2024历城二中期中数学高二上,1,1
2024和2025长郡长郡和雅礼高考一模试卷,1,1
2024和2025长郡长郡和雅礼高考英一模试卷,1,1
2024哈尔滨中考,2,1
2024四川高二零模化学,1,1
2024四川高二零模生物,1,1
2024天津市红桥区物理高三一模,2,1
2024天津高考题,1,1
2024威海二模思想政治,1,1
2024孝南区八下,2,1
2024学年第一学期浙江省县域教研联盟学业水平模拟考试物理,1,1
2024学年第二学期全华十校期末联考语文试卷,1,1
2024学年第二学期嘉兴市期末联考语文试卷,2,1
2024学年第二学期宁波三丰教研联盟期末联考,1,1
2024学年第二学期宁波三锋教研联盟期末联考,2,1
2024学年第二学期宁波三锋教研联盟期末联考语文试卷,2,1
2024学年第二学期期末测试卷高一语文试卷,4,1
2024学年第二学期杭州市高一年级教学质量检测。,1,1
2024学年第二学期杭州市高一年级教学质量检测语文试题卷,3,1
2024学年第二学期温州市期末联考语文试卷,2,1
2024学年第二学期温州市高一下语文,2,1
2024学年第二学期温州新力量联盟期末联考高二年级英语学科试题,3,1
2024学年高一下宁波三丰教研联盟期末。,2,1
2024宁波二模生物,1,1
2024安徽化学高考题,3,1
2024安徽合肥四中质量检测,2,1
2024安徽宿州灵璧期中,2,1
2024安徽灵璧期中,1,1
2024安徽高考化学真题,2,1
2024安徽高考物理,2,1
2024届合肥第三次,1,1
2024届山西省高三下学期考前适应性测试三语文,1,1
2024届山西省高三下学期考前适应语文,1,1
2024届江苏省普通高中学业水平测试化学一本过,4,1
2024届湖北省七市州（荆州、襄阳、宜昌等）高三第一次联考语文试题,1,1
2024届湖北省新高考联考协作体高二下学期期末语文试题（试卷2）,1,1
2024届福建省部分中学高三考前最后一卷,1,1
2024届福建省部分中学高三考前最后一卷语文试卷,1,1
2024届福建省高中部分中学高三考语文,1,1
2024届虹口区高三一模数学,1,1
2024届重庆市普通高中学业水平高三第三次联合诊断测试化学,1,1
2024届高三1月大联考（新课标卷）（新疆专用）,1,1
2024届高考语文做语文一轮复习专题强化训练病句的辨析与修改,3,1
2024届黄埔区高三数学一模,1,1
2024届黄浦区高三数学一模,2,1
2024届黑龙江高三下学期二模英语作文,2,1
2024山东济南三模物理,1,1
2024山东省新泰市六年级下册数学期末试卷,1,1
2024山东语文中考,3,1
2024山西一模,1,1
2024年10月百色市高三摸底考试,2,1
2024年11月初中学校期中学业质量自主监测八年级数学试题,2,1
2024年11月曹县七年级上册数学期中,3,1
2024年1月浙江省普通高中学业水平考试技术真题及答案,2,1
2024年1月浙江省普通高中学业水平考试英语真题及答案,2,1
2024年1月浙江省普通高校招生选考科目考试思想政治试题,1,1
2024年3月天津卷,1,1
2024年4月北斗星盟物理,1,1
2024年5月北斗星盟物理,1,1
2024年6月二年级语文随堂练习,1,1
2024年6月福建省学业水平英语,1,1
2024年6月福建省高中学业水平考试通用技术,2,1
2024年7月全国全国重点名校高二期末考试综合试卷,1,1
2024年7月全国全国重点名校高二期末考试综合试卷物理,2,1
2024年7月全国重点名校高二期末考试综合试卷b杠08高二物理,2,1
2024年8年级学科核心素养监测,2,1
2024年8年级学科核心素养监测数学试题,3,1
2024年。温州一,1,1
2024年一月浙江省普通高中学业水平考试政治真题及答案,2,1
2024年一月浙江省普通高中学业水平考试真题及答案,1,1
2024年一月浙江省高二上学期学业水平考试政治真题及答案,4,1
2024年七上赣州人教版期末考试卷,7,1
2024年上海市秋季高考语文试卷,1,1
2024年上海语文,1,1
2024年上海高考等级性考试生物学,1,1
2024年上海高考英语,2,1
2024年中考模拟卷数学,1,1
2024年中考物理,1,1
2024年中考题泸州,2,1
2024年中考题泸州叙永,3,1
2024年九省联考,2,1
2024年九省联考数学,1,1
2024年九省联考数学广西,1,1
2024年九省联考英语,4,1
2024年云南省中考语文,3,1
2024年保定三中,1,1
2024年保定三中八年级下册,1,1
2024年全国1卷语文真题完全解读,2,1
2024年全国一卷英语,2,1
2024年全国一卷英语真题,1,1
2024年全国一卷语文,5,1
2024年全国中考语文满分作文,2,1
2024年全国二卷高考满分作文,1,1
2024年全国物理甲卷答案,4,1
2024年全国甲卷,1,1
2024年全国甲卷语文,1,1
2024年全国统一考试新课标二卷,1,1
2024年全国高考一卷英语真题,1,1
2024年八省联考,1,1
2024年公安县6年级下册期未数学,2,1
2024年公安县6年级下册期未语文,1,1
2024年创新实验班招生考试,1,1
2024年创新拔尖人才培养知识竞赛,1,1
2024年初高中词汇及用法梳理,1,1
2024年到2025学年第一学期期末检测试卷八年级数学,2,1
2024年化学高考一卷,1,1
2024年北京东城九年级上语文期末,1,1
2024年北京卷语文,2,1
2024年北京市丰台区高三上期末试卷数学,1,1
2024年北京市西城区高三数学一模,2,1
2024年南开物理初二期中试卷,2,1
2024年南开物理初二期中试卷重庆市,1,1
2024年南通中考模拟优化卷,1,1
2024年南通中考英语模拟优化卷,1,1
2024年历史广东卷,1,1
2024年四川南充一模语文,2,1
2024年四川南充一模语文。,1,1
2024年四川南充高考一模语文试题,1,1
2024年四川合格考试卷地理高一,2,1
2024年四川高考试卷,2,1
2024年天津市中考物理真题,1,1
2024年学考 地理,1,1
2024年安徽省政治高考真题,2,1
2024年安徽高考政治真题,2,1
2024年小学六年级科学期末试卷广安,1,1
2024年小学科学期末试卷广安,2,1
2024年山东省普通高中学业水平选择性考试化学,5,1
2024年山东省普通高中学业水平选择性考试物理,1,1
2024年山东省潍坊市创新班考试题英语，初中,2,1
2024年山东省高中化学卷,2,1
2024年山东省高考化学卷,1,1
2024年山东高中学业水平选择性考试化学,3,1
2024年山西省中考物理试题,1,1
2024年广东东莞东华高级中学自主招生英语,1,1
2024年广东东莞东华高级中学自主招生英语卷真题,1,1
2024年广东省化州市六年级数学期末试卷,2,1
2024年广东省化州市数学期末试卷,2,1
2024年广东省粤东高三期初物理联考,2,1
2024年广州中考模拟卷数学,1,1
2024年广州历史中考真题,3,1
2024年广西化学高考真题,2,1
2024年广西学业水平考试高二 真题,1,1
2024年广西学业水平考试高二英语,1,1
2024年广西学业水平考试高二英语真题,3,1
2024年惠安县八年级学科核心素养监测英语试题的答案,1,1
2024年数学中考,1,1
2024年数学真题郴州市。 北湖区初一马拉松,2,1
2024年数学真题郴州市。期末 北湖区初一马拉松,1,1
2024年新版9年级上册人教版语文课本,3,1
2024年新疆生产建设兵团第二中学小升初自主招生数学试题,2,1
2024年新课标1卷数学全国,1,1
2024年新课标一卷,2,1
2024年新课标全国,1,1
2024年新高一实验选拔考试试卷,1,1
2024年新高考II卷,2,1
2024年新高考II卷第11题,1,1
2024年新高考语文2卷,1,1
2024年日语旧题型,1,1
2024年日语旧题型高考,2,1
2024年日语旧高考试卷,1,1
2024年日语高考,1,1
2024年日语高考试卷,1,1
2024年春期南阳市高二期终数学试卷,1,1
2024年春期高中一年级期中质量评估。,2,1
2024年普通高中学业水平等级考试化学山东卷,1,1
2024年普通高中学业水平考试化学山东卷,1,1
2024年普通高等学校招生全国统一考试新课标一卷英语学课听力,1,1
2024年普通高等学校招生全国统一考试新高考二卷,1,1
2024年普通高等学校招生全国统一考试语文,2,1
2024年普通高等学校招生全国统一考试适应性测试 九省联考,1,1
2024年普通高等学校招生统一全国全国新课标一卷英语,1,1
2024年本溪市初中入学考试数学卷,2,1
2024年榆林高二下学期期末试卷,2,1
2024年榆林高二期末试卷,1,1
2024年武咯路中学九年级上册物理期中,1,1
2024年武汉九调数学,2,1
2024年武汉武咯路中学九年级上册物理期中,2,1
2024年江苏英语高考真题,1,1
2024年河北初中数学中考真题,1,1
2024年河北物理,1,1
2024年河北省普通高中学业水平选择性考试物理,7,1
2024年河南中招数学考题,1,1
2024年河南中考,1,1
2024年河南中考物理真题,1,1
2024年河南中考物理试题,2,1
2024年河南省中考满分作文示范与写作指导,2,1
2024年浙江一月卷,2,1
2024年浙江一模,2,1
2024年浙江省丽水市莲都区八年级上册卷子,1,1
2024年浙江英语首考试卷,3,1
2024年海南生物,1,1
2024年海南生物高考卷,2,1
2024年海南省初中学业水平考试,2,1
2024年海南省初中学业水平考试数学,1,1
2024年海南省初中学业水平考试语文,5,1
2024年海南高考地理,1,1
2024年淄博中考语文试题,1,1
2024年深圳一模,1,1
2024年深圳一模语文,1,1
2024年深圳市龙华区八年级第一学期数学期末考试试卷,1,1
2024年温州一模英语。,2,1
2024年湖北省普通高中学业水平合格性考试,2,1
2024年湖北高考1卷语文文,1,1
2024年湖北高考一卷。语文文,1,1
2024年湖南中考数学,3,1
2024年湖南全国一卷语文,1,1
2024年湖南卷,2,1
2024年湖南卷，物理,1,1
2024年湖南卷，物理，高考卷,2,1
2024年湖南地区化学高考真题,1,1
2024年湖南省张家界市永定区，六年级下册毕业会考,2,1
2024年湖南省普通高中学业水平选择性考试,3,1
2024年潍坊中考数学,1,1
2024年物理 高一下 试卷,1,1
2024年物理 高一下 试卷 湖南郴州,1,1
2024年物理湖南省高考,2,1
2024年生物北京卷,1,1
2024年盐城五校联考,1,1
2024年石家庄二中,1,1
2024年福建省地理,8,1
2024年秋季广元旺苍九年级数学一诊考试试卷,4,1
2024年秋学期期中高新区高港区学业水平测试,2,1
2024年秋学期高二期中质量调研物理试卷,2,1
2024年第3届海南省高中化学竞赛考试试卷,1,1
2024年英语1卷 全国新高考1卷真题,1,1
2024年葫芦岛期末考试生物,2,1
2024年襄阳四中五中数学自主招生真题卷,3,1
2024年襄阳四中五中物理自主招生真题卷,1,1
2024年语文真题郴州市。 北湖区初一马拉松,1,1
2024年语文高考真题,1,1
2024年贵州考高考,3,1
2024年赤峰市高一年级学年联考试卷化学,2,1
2024年赤峰市高一年级学年联考试题生物学,1,1
2024年辽宁中考,1,1
2024年重庆市科学城巴蜀中学自主招生考试数学试题,1,1
2024年长沙小升初语文卷子,2,1
2024年青岛中考真题,6,1
2024年青岛高三年级期初调研英语,1,1
2024年青海省生物高考试卷,2,1
2024年高三年级第一次适应性检测数学,2,1
2024年高二上学期数学期中烟台,1,1
2024年高考卷一卷语文。,1,1
2024年高考卷语文,1,1
2024年高考历史全国甲卷,2,1
2024年高考历史广东卷,1,1
2024年高考历史甲卷,1,1
2024年高考数学全国卷,1,1
2024年高考数学卷,1,1
2024年高考新疆数学卷,1,1
2024年高考物理,1,1
2024年高考真题语文,1,1
2024年高考英语2卷,2,1
2024年高考语文 2卷全国2卷真题,1,1
2024年高考语文二卷真题,4,1
2024年高考语文全国各地模拟考作文汇编【原题+审题+立意+例文】第12辑,6,1
2024年，广元中考数学真题,3,1
2024广东省高考数学试卷,1,1
2024广州英语中考真题,1,1
2024徐州市新沂市九上数学期末试卷,1,1
2024徐州市新沂市八下数学期中试卷,1,1
2024德州高二上期中数学,3,1
2024成都中考听力,3,1
2024扬子石化杯,1,1
2024数学,1,1
2024数学全国1卷,1,1
2024数学高考,2,1
2024数学高考真题,1,1
2024新疆中考,3,1
2024新疆中考真题,1,1
2024新课标,2,1
2024新课标二卷,2,1
2024新高考1卷,2,1
2024新高考2卷,2,1
2024新高考乙卷语文真题 ?,2,1
2024新高考二卷英语,1,1
2024新高考卷语文真题 ?,2,1
2024新高考广东化学卷,1,1
2024日语高考真题,1,1
2024期末英语高二下北京市平谷区,2,1
2024杭州高一,1,1
2024杭州高一英语,1,1
2024武汉四调,1,1
2024武汉高三化学,1,1
2024武汉高三化学起点考试,2,1
2024江苏,3,1
2024江苏中考,2,1
2024江苏名校三模联考,2,1
2024江苏省数学奥林匹克竞赛,6,1
2024江苏高考地理,1,1
2024沈阳浑南区期中。,2,1
2024河东区初中毕业学业考试,2,1
2024河北中考,5,1
2024河北普通高中学业水平测试卷物理,1,1
2024河北普通高中学业水平测试卷生物,1,1
2024河北普通高中学业水平测试物理,3,1
2024河北生物高考题,2,1
2024济南市中区九年级物理,1,1
2024济南市高一期末,2,1
2024浙江卷六月物理,1,1
2024海南地理,1,1
2024海南地理高考,1,1
2024淄博市张店区八年级下册数学期末,2,1
2024深圳二模数学,2,1
2024温州中考数学真题,3,1
2024温州高三一模技术,2,1
2024湖北高考物理真题,3,1
2024湖南历史高考真题评分细则,3,1
2024湖南省中考,1,1
2024湖南省中考数学,2,1
2024滨海新区区初中毕业学业考试,2,1
2024潍坊,2,1
2024版九年级上册数学电子课本,2,1
2024版苏教版数学四年级上册单元测试卷,1,1
2024牡丹江,2,1
2024物理,2,1
2024物理天津中考,1,1
2024物理揭阳市统考高二统考下学期,1,1
2024物理新一卷,1,1
2024物理新高考一卷,1,1
2024物理高考,2,1
2024福建中考数学,1,1
2024福建省高三第一次质量检测语文,1,1
2024福建高考地理,1,1
2024秋广东期末,1,1
2024第二学期高一下语文试卷,1,1
2024级成都零诊,2,1
2024级成都零诊数学,1,1
2024级护理北师大版全一册,3,1
2024级零诊考试,2,1
2024级高二下学期定时练习生物,1,1
2024级，高二下学期期末校际联合考试,2,1
2024统编人教，七至九年级全套文言文知识,8,1
2024绵阳南山中学期中,4,1
2024至2025学年八年级数学下册期末培优卷,1,1
2024至2025学年包头高一下册期末考试数学,2,1
2024至2025学年度烟台市高一上学期期中考试联考试题,1,1
2024至2025学年度第二学期期末考试高一化学,1,1
2024至2025学年度第二学期高二5月联考,1,1
2024至2025学年陕西城山路十字工农中学高一下期中物理试卷,2,1
2024至2025年包头高一下册期末考试地理,4,1
2024至2025怀远实验中学八年级期末考试,2,1
2024至2025蚌埠市八年级第一次数学月考试卷月考试,1,1
2024苏州中学高一期中,1,1
2024苏州高一数学,1,1
2024苏州高一数学期末,2,1
2024英语 高考1卷全国一卷,1,1
2024英语中考,1,1
2024茂名市高一级质量检测,1,1
2024虹口区高三一模数学,2,1
2024西北工业大学附属中学附中高二第一次月考,1,1
2024西城高一上数学,4,1
2024西工大附中高二第一次月考,1,1
2024语文全国甲,1,1
2024语文全国甲卷,1,1
2024语文全国甲高考,2,1
2024语文新课标一卷,1,1
2024语文高考一卷,7,1
2024语文高考二卷,1,1
2024语文高考真题,1,1
2024贵州化学,1,1
2024贵州高考物理,1,1
2024贵州高考物理真题,1,1
2024赤峰高一下期末考试,3,1
2024辽宁物理高考,1,1
2024遵义中考,1,1
2024邗江中学高一期中,1,1
2024重庆B卷,1,1
2024重庆中考B卷数学,2,1
2024重庆中考数学真题,1,1
2024重庆高三第三次联合诊断测试化学,1,1
2024雅礼,2,1
2024青岛期末思想政治,2,1
2024高考 语文,1,1
2024高考卷,2,1
2024高考数学,2,1
2024高考河北卷,1,1
2024高考物理,1,1
2024高考真题浙江卷六月物理,1,1
2024高考英语新课标二卷,1,1
2024高考语文新课标一卷,2,1
2024～2025天津市部分区八年级上册期末考试生物卷子,1,1
2024～2025学年七年级数学下学期期末模拟卷,2,1
2024～2025学年泉州市高一（下）语文期中试卷,2,1
2024～2025山东省临沂市兰山区七年级下册数学期中答案,1,1
2024～2025年上海市复旦大学附属中学高二下学期期末考试,1,1
2024～2025年上海市复旦大学附属中学高二下学期期末考试语文,1,1
2025 0 0 1卷 全国英语高考,1,1
2025 0 0 1卷 全国高考 语文,1,1
2025 0 0 1卷 高考 物理,1,1
2025 0 0 2卷 全国高考 英,1,1
2025 0 1 1卷 数学 高考,7,1
2025 0 1全国1真题,1,1
2025 06 01,1,1
2025 0全国1数学真题,1,1
2025 2026,3,1
2025 2026  八年级下期末,1,1
2025 2026 01 八年级下册数学期末试卷,1,1
2025 2026 01 八年级下期末,1,1
2025 2026 安顺物理八年级下期末,1,1
2025 2026 物理,2,1
2025 2026 高中学业水平考试卷,2,1
2025 2026七年级下青岛五区联考试,2,1
2025 2026三明市高一下,1,1
2025 2026三明市高一下期末物理,2,1
2025 2026八年级下册数学期末考试试卷,2,1
2025 2026八年级下册数学期末考试试卷武冈,2,1
2025 2026八年级下册数学期末考试试卷深圳市龙华区,4,1
2025 2026北京市东城区八下物理期末,4,1
2025 2026北京市东城区物理期末8年级下册,1,1
2025 2026北京市第四中学八下物理期中,1,1
2025 2026学年7年级下学期期末模拟卷,2,1
2025 2026学年七年级数学下学期期末模拟卷,2,1
2025 2026学年下期期末教学质量检测 高一语文,2,1
2025 2026学年下期期末教学质量检测 高中二年级语文,1,1
2025 2026学年度武汉市部分学校高三年级调研考试英语,4,1
2025 2026学年度第二学期八年级期末学业质量检测,1,1
2025 2026学年度第二学期期末学情调研,2,1
2025 2026学年度第二学期高一教学质量检测,2,1
2025 2026学年度第二学期高二期末学业质量检测,2,1
2025 2026学年福建省仙游第一中学高三上学期暑期检测考试,3,1
2025 2026学年福建省仙游第一中学高三上学期暑期检测考试语文试题,1,1
2025 2026学年第一学期常州市第三中学高二物理期末,2,1
2025 2026学年第二学期八年级下册道法检测卷,2,1
2025 2026学年第二学期昭通市高一年级教学质量检测模拟英语试题卷,2,1
2025 2026学年高二化学下学期期末模拟卷,1,1
2025 2026学年高二生物下学期期末模拟卷陕西,1,1
2025 2026学易金卷高一数学下期末模拟卷01 人教A版必修第二册,3,1
2025 2026宁德七年级下册期末,2,1
2025 2026安徽数学中考,8,1
2025 2026小学第二学期下册试卷,16,1
2025 2026昆明市高一期末质量检测,4,1
2025 2026枣阳数学七年级下册,1,1
2025 2026第二学期,1,1
2025 2026聊城市高二下学期 数学期末考试,2,1
2025 2026赣州高二期末联考试卷,3,1
2025 2026青岛市高一下学期数学期末考试,1,1
2025 2026高一下学期期末考试试卷,2,1
2025 2026高一年级第二学期期末考试数学,1,1
2025 2026高一年级第二学期期末考试生物学,1,1
2025 2026高一数学下学期基础巩固限时小卷,1,1
2025 2026高一数学下学期期末模拟卷,1,1
2025 2026高一物理期末试卷,2,1
2025 2026高二下学期数学,1,1
2025 2026高二下学期期末,1,1
2025 2026高二下学期期末物理,2,1
2025 2026高二下学期期末郑州,2,1
2025 2026高二下学期聊城,6,1
2025 2026高二下期末,3,1
2025 2卷 全国英语高考,2,1
2025 T8联考数学,2,1
2025 一卷语文,1,1
2025 全国 01 卷 高考英语真题,3,1
2025 全国 高考01 卷语文真题,2,1
2025 全国一卷英语卷高考,1,1
2025 八年级 下学期 佛山 数学,2,1
2025 六年级下册,1,1
2025 到2026 8年级上册 英语试卷期中,1,1
2025 到2026 8年级上册 译林版邳州市 地理试卷期中,1,1
2025 到2026 8年级上册 译林版邳州市 物理试卷期中,1,1
2025 到2026 8年级上册 译林版邳州市 生物试卷期中,1,1
2025 到2026 8年级上册 译林版邳州市 英语试卷期中,2,1
2025 到2026 8年级上册 邳州市 历史试卷期中,1,1
2025 到2026 8年级上册 邳州市 数学试卷期中,4,1
2025 到2026 8年级上册 邳州市 物理试卷期中,1,1
2025 学业水平合格性考试,1,1
2025 安徽高考真题,2,1
2025 年 0 2卷 全国 1 卷 数学 高考 真题,1,1
2025 年 全国 1 卷 数学 高考 真题,2,1
2025 年T8 联考物理,2,1
2025 年全国1卷 数学试卷真题,4,1
2025 年数学高考1全国卷 真题,1,1
2025 年物理创新素养大赛八年级试题,3,1
2025 年高考语文0 1卷 全国1卷,1,1
2025 广东物理高考真题,1,1
2025 数学 1卷,1,1
2025 数学 1卷全国1卷,1,1
2025 数学 1卷高考卷真题,1,1
2025 新课标 卷 高考英语真题,5,1
2025 普通高中学业水平选择性考试 四川物理卷,1,1
2025 武汉中考,1,1
2025 浙江 01月 英语首考,2,1
2025 浙江 01月 英语首考试卷,1,1
2025 浙江英语模考,1,1
2025 英语全国乙卷听力音频,2,1
2025 英语高考二卷,1,1
2025 青岛二中 化学 月考,1,1
2025 青岛二中 化学 月考 12月,2,1
2025 高考 01 卷 高考真题,2,1
2025 高考2卷 化学,1,1
2025 高考2卷 数学,1,1
2025 高考全国1数学真题,1,1
2025 高考物理,1,1
2025 高考物理广东,1,1
2025 高考真题,1,1
2025 高考贵州,3,1
2025- 2026 七年级下册期末试卷全程达标二,3,1
2025- 2026七下天津市历史期末,2,1
2025--2026学年度下学期期末质量测查数学八年级试题,7,1
2025--2026学年度高二年级 学科素养综合评价B卷,1,1
2025--2026学年度高二年级 学科素养综合评价B卷（数学·云贵高二下联考）,1,1
2025--2026学年襄阳市普通高中7月期末考试,2,1
2025-2026 人教版必修一 Welcome Unit教材课标词汇默写本,4,1
2025-2026 学年度下学期高二 7 月中期学情调研,2,1
2025-2026 学年江苏省无锡市玉祁高级中学高一上学期 数学期中试卷分析,1,1
2025-2026 当代中学生报 高二化学选择性必修一,1,1
2025-2026 河北九年级一模英语、二模英语,3,1
2025-2026 福州二检,1,1
2025-2026-2高一 临沂,1,1
2025-2026-2高一 临沂 英语,2,1
2025-2026七上期末英语,2,1
2025-2026七上英语,1,1
2025-2026七下社会模拟卷,1,1
2025-2026七年级,1,1
2025-2026七年级下册数学朝阳区期末试题,2,1
2025-2026七年级下册数学海淀区期末试题,3,1
2025-2026七年级广东阳江,5,1
2025-2026下学期高一英语期末试题 完整答案,1,1
2025-2026下學期语文期末考試,1,1
2025-2026东营五下期末考试,2,1
2025-2026中山市坦洲镇五下期末考试卷,2,1
2025-2026中山市期末卷,2,1
2025-2026丰南区九上期中化学,1,1
2025-2026丰南区九上期中历史,1,1
2025-2026丰南区九上期中数学,1,1
2025-2026丰南区九上期中物理,2,1
2025-2026丰南区九上期中英语,8,1
2025-2026丰南区九上期中语文,1,1
2025-2026丰南区九上期末化学,1,1
2025-2026丰南区九上期末历史,1,1
2025-2026丰南区九上期末物理,1,1
2025-2026丰南区九上期末道法,1,1
2025-2026丰南区九下期中化学,1,1
2025-2026丰南区九下期中历史,1,1
2025-2026丰南区九下期中数学,1,1
2025-2026丰南区九下期中物理,1,1
2025-2026丰南区九下期中语文,1,1
2025-2026丰南区九下期中道法,1,1
2025-2026丰南区九下期末化学,1,1
2025-2026丰南区九下期末道法,1,1
2025-2026临沂郯城八上期中,1,1
2025-2026临沂郯城八上期中物理,2,1
2025-2026乌鲁木齐市七年级上学期期末卷,1,1
2025-2026乌鲁木齐市七年级下学期期末卷,1,1
2025-2026九上数学合计10.29,2,1
2025-2026九上数学合计10.29重庆,1,1
2025-2026九上数学合集10.29重庆,1,1
2025-2026九年级期末四川内江,2,1
2025-2026九调武汉高三英语部分学校,1,1
2025-2026二十中学高一下期末历史试卷,1,1
2025-2026五年级下册中山市期末考试卷,2,1
2025-2026五年级下册中山期末考试卷,1,1
2025-2026五年级临沂市兰山区数学期末考试卷,2,1
2025-2026人教版期末卷,3,1
2025-2026八上人教版英语字帖,1,1
2025-2026八上数学第一次月考卷,2,1
2025-2026八上道法,2,1
2025-2026八下 期末测试卷,1,1
2025-2026八下物理,1,1
2025-2026八下道法,2,1
2025-2026八年级下册物理期末卷,1,1
2025-2026八年级下学期数学周周练02第19章二次根式综合训练,1,1
2025-2026八年级试题上学期物理期末,1,1
2025-2026六下大连市甘井子区数学,2,1
2025-2026凉山州七年级下册期末英语 含听力音频,2,1
2025-2026凉山高一,2,1
2025-2026初二下昌平区数学,2,1
2025-2026北京东城区八上数学卷子,1,1
2025-2026北京市西城区七年级下册数学期末下册,2,1
2025-2026北京第二中学高二下期末化学,3,1
2025-2026北京高一下化学期末,1,1
2025-2026南开高一下期末试题,1,1
2025-2026南通市通州九上数学期中考试,1,1
2025-2026南通市通州九上数学期末考试,4,1
2025-2026南通市通州八年级下册数学期末考试,1,1
2025-2026厦门市湖滨中学生物,1,1
2025-2026厦门市湖滨中学生物七年级,1,1
2025-2026吉林一中高二数学期末测试,1,1
2025-2026呼和浩特市14中学高一英语卷,5,1
2025-2026唐山市高一第二学期期末考试英语试卷,2,1
2025-2026唐山高一上物理原版统考卷：,1,1
2025-2026唐山高一期末,2,1
2025-2026唐山高一期末物理,2,1
2025-2026喀什高一下物理期末试卷,1,1
2025-2026四川省高考生物,6,1
2025-2026塘沽一中高二化学第一次月考试卷免费,2,1
2025-2026大连普通高中期末考试高一下,2,1
2025-2026天津南开区八下期末物理试卷,1,1
2025-2026天津南开区八下期末英语试卷,2,1
2025-2026天津市部分区九年级期末,2,1
2025-2026天津市重点校联考,1,1
2025-2026威海高一下学期期末物理,3,1
2025-2026学年七年级数学下册期末测试宝山实验,1,1
2025-2026学年七年级数学下册期末测试崇明,2,1
2025-2026学年七年级数学下册期末测试杨浦,2,1
2025-2026学年下学期期末,1,1
2025-2026学年下学期期末教育学业质量监测高二,2,1
2025-2026学年下期阶段性检测八年级历史试题,1,1
2025-2026学年下黑吉辽蒙高一期末联考数学（人教A版YK卷,1,1
2025-2026学年九年级上册数学单元检测卷,1,1
2025-2026学年信都区小学四年级下册期末学业质量监测,1,1
2025-2026学年八年级下学期期末模拟卷（新教材北师大版））,1,1
2025-2026学年八年级下学期末考试物理试题,2,1
2025-2026学年八年级数学上册期末测试嘉定,1,1
2025-2026学年八年级数学下学期期末模拟卷,2,1
2025-2026学年南平市,1,1
2025-2026学年厦门市湖滨中学生物七年级,1,1
2025-2026学年厦门海沧区历史试卷,1,1
2025-2026学年四川省成都市高一下学期物理期末试卷,2,1
2025-2026学年四川省成都市高一下学期英语期末试卷,3,1
2025-2026学年外研版七上单词,1,1
2025-2026学年外研版七上单词 1247 记忆法默写全辑,1,1
2025-2026学年广东省东莞市七年级下册道法,2,1
2025-2026学年广东省汕头市潮阳区潮阳实验学校八年级期中考,2,1
2025-2026学年广东省汕尾市六年级下学期数学期末教学质量监测试卷,2,1
2025-2026学年广东省深圳市盐田高级中学高二下学期化学期末试卷,1,1
2025-2026学年广东省深圳市龙岗区八年级下期末数学,1,1
2025-2026学年广东省阳江市七年级下学期期末监测试卷A卷语文,2,1
2025-2026学年广西钦州市春季学期高一期末教学质量监测高一化学试题,1,1
2025-2026学年广西钦州市春季学期高一期末教学质量监测高一物理试题,1,1
2025-2026学年度下学期期末交质量检测,3,1
2025-2026学年度下学期期末考试高一试题物理,1,1
2025-2026学年度下学期期末考试高二生物试卷,1,1
2025-2026学年度下学期期末质量检测历史试卷,5,1
2025-2026学年度下学期高二语文试卷,2,1
2025-2026学年度下期期末高一政治,2,1
2025-2026学年度下期期末高二,2,1
2025-2026学年度下期礼嘉中学初2025级英语暑假作业,1,1
2025-2026学年度教学质量评估六年级数学,1,1
2025-2026学年度武汉市部分学校高三年级调研考试,2,1
2025-2026学年度第一学期期中初四数学,4,1
2025-2026学年度第一学期福九联盟（高中）期中联考高中一年物理科试卷）,1,1
2025-2026学年度第二学期五年级数学期末质量调研试卷,2,1
2025-2026学年度第二学期六年级期末测试正定科学,1,1
2025-2026学年度第二学期学业检测八年级生物试题,1,1
2025-2026学年度第二学期期末教学质量检测济宁高二,2,1
2025-2026学年度第二学期期末检测高二语文,1,1
2025-2026学年度第二学期期末考试 高一生物学高一生物,1,1
2025-2026学年度第二学期期末质量检测七年级历史试卷,4,1
2025-2026学年度第二学期期末质量监测题,2,1
2025-2026学年度第二学期期终质检,5,1
2025-2026学年度第二学期期终质检答案,1,1
2025-2026学年度第二学期第二次质量检测七年级历史,2,1
2025-2026学年度第二学期联盟检测七年级历史,1,1
2025-2026学年度第二学期语文假期作业,1,1
2025-2026学年度高一年级第二学期期末考试英语试题,3,1
2025-2026学年度高二下学期期末考试 语文试卷,2,1
2025-2026学年度高二下物理期末考试,2,1
2025-2026学年新教材八年级上册数学同步课件,1,1
2025-2026学年新教材八年级上册数学同步课件(浙教版2024),1,1
2025-2026学年新疆喀什地区七年级(下)期末数学试卷(含解析,4,1
2025-2026学年杭州市高二下学期期末考试语文试题。,1,1
2025-2026学年江苏省徐州市睢宁二中九年级（上）第一次月考物理试卷,1,1
2025-2026学年江西省南昌十中高一（上）第二次月考物理试卷,1,1
2025-2026学年江西省南昌市三校（一中、十中、行知）高二（下）政治,1,1
2025-2026学年江西省南昌市三校（一中、十中、行知）高二（下）期历史,4,1
2025-2026学年江西省南昌市三校（一中、十中、行知）高二（下）期地理,1,1
2025-2026学年江西省南昌市三校（一中、十中、行知）高二（下）期数学,1,1
2025-2026学年江西省南昌市三校（一中、十中、行知）高二（下）期末历史,1,1
2025-2026学年江西省南昌市三校（一中、十中、行知）高二（下）期末数学,2,1
2025-2026学年江西省南昌市三校（一中、十中、行知）高二（下）期末英语,1,1
2025-2026学年江西省南昌市三校（一中、十中、行知）高二（下）期英语,1,1
2025-2026学年江西省南昌市三校（一中、十中、行知）高二（下）期语文,4,1
2025-2026学年江西省南昌市三校（一中、十中、行知）高二（下）英语,2,1
2025-2026学年浙江省武义一中、兰溪一中、浦江中学三校高一下学期生物期末试卷,1,1
2025-2026学年湖南师范大学附属中学高一下学期第三次月考物理,3,1
2025-2026学年福州市高三年级五月质量检测,1,1
2025-2026学年福州市高三年级五月质量检测英语,2,1
2025-2026学年福建省仙游第一中学高三上学期暑期检测考试,1,1
2025-2026学年第一学期杭州市高三年级教学质量检测数学,2,1
2025-2026学年第二学期 牡丹江市名校协作体 高一期末联考英语试题及答案,2,1
2025-2026学年第二学期七年级期末学业水平测试,2,1
2025-2026学年第二学期义务教育质量学业水平监测 八年级英语,1,1
2025-2026学年第二学期光明区学业水平,1,1
2025-2026学年第二学期唐山市十县一中期末联考英语试题,1,1
2025-2026学年第二学期昭通市高一年级教学质量检测模拟英语试题卷,6,1
2025-2026学年第二学期期末学业质量评价,3,1
2025-2026学年第二学期期末教学质量检测高一化学,2,1
2025-2026学年第二学期期末质量监测 五年级英语（济南历城统考）完整原题+标准答案,3,1
2025-2026学年第二学期高一年级期末,1,1
2025-2026学年第二学期高一年级期末数学,1,1
2025-2026学年第二学期高一年级期末语文联考卷,2,1
2025-2026学年第二期高中生物期末考试,2,1
2025-2026学年级第二学期六年级期末考试正定语文,1,1
2025-2026学年辽宁省大连市大连铁路职工子弟中学高一下学期数学期末试卷,2,1
2025-2026学年连云港市八下期末数学统一监测卷（东海县通用）,1,1
2025-2026学年连云港市八年级下册期末数学统一监测卷（东海县通用）,1,1
2025-2026学年鞍山五中高二下学期期末考试卷,4,1
2025-2026学年高一上学期人教版化学必修第一册重要知识点汇总,2,1
2025-2026学年高一下学期数学暑假作业综合练习一,2,1
2025-2026学年高一下学期期末考试,2,1
2025-2026学年高一化学单元检测卷,1,1
2025-2026学年高一化学暑假作业,1,1
2025-2026学年高一年级下学期期末试卷,1,1
2025-2026学年高一年级必修一物理单元检测卷,2,1
2025-2026学年高一英语下学期期末模拟卷（天津专用）,2,1
2025-2026学年高中英语作文之衡水体练字,1,1
2025-2026学年高二上学期生物单元测试卷,2,1
2025-2026学年高二下学期化学人教版选择性必修2测试卷,3,1
2025-2026学年高二下学期期末考试,1,1
2025-2026学年高二下学期语文期末试卷（江苏东台市专用）,1,1
2025-2026学度第二学期质量检测高二历史试题,1,1
2025-2026学度第二学期质量检测高二政治试题,1,1
2025-2026学度第二学期质量检测高二语文试题,1,1
2025-2026学度第二学期阶段性学业评估七年级英语,2,1
2025-2026学易金卷高一数学下期末模拟卷01 人教A版必修第二册,10,1
2025-2026安徽省合肥市高一上学期学期期末数学,2,1
2025-2026安徽第一次月考卷八上英语,1,1
2025-2026山东省德州市天衢新区八年级上册英语,1,1
2025-2026山东省德州市天衢新区第一次月考八年级上册英语,3,1
2025-2026山东省德州市德城区七年级下册英语,2,1
2025-2026山东省德州市德城区英语,1,1
2025-2026山东省菏泽市成武县期末,1,1
2025-2026岚山区七年级下册卷子,2,1
2025-2026年上学期第一次教学质量检测,1,1
2025-2026年人教PEP版英语六年级重点语法,2,1
2025-2026年俄语试题,3,1
2025-2026年俄语试题山东省菏泽市郓城县,2,1
2025-2026年哈尔滨八年级地生,1,1
2025-2026年喀什市高二期末质量检测数学,3,1
2025-2026年度第二学期学业质量检测三年级数学,6,1
2025-2026年德州市高三期初调研检测,1,1
2025-2026年新泰市四年级下学期期末语文,2,1
2025-2026年期末考试,14,1
2025-2026年江苏省扬州市 第二中学 第一次月考化学试卷,2,1
2025-2026年济南市历城区六年级期末考试语文试卷,1,1
2025-2026年辽宁省铁岭市银州区高一期末考试题,1,1
2025-2026年辽宁省铁岭市高一期末考试题,1,1
2025-2026年青岛市高三期初调研检测,2,1
2025-2026年高一下学期期末模拟卷01英语,4,1
2025-2026年高一下学期期末模拟卷01语文,4,1
2025-2026年高一下学期期末模拟卷语文重难突破卷,1,1
2025-2026年高一俄语试题山东省菏泽市郓城县,1,1
2025-2026年高一期末考试题,1,1
2025-2026广州市第十七中学八上数学期中考试,2,1
2025-2026延边州高三上学期开学零模,1,1
2025-2026扬州九年级期中,2,1
2025-2026新七年级,1,1
2025-2026昌平期末,1,1
2025-2026期末,1,1
2025-2026期末质量检测,4,1
2025-2026枣强县初一,3,1
2025-2026枣阳数学七年级下册,1,1
2025-2026武汉市七年级洪山区下册数学期中考试,1,1
2025-2026武汉部分高三年级调研考试卷,2,1
2025-2026汕头金平区高一下学期期末考试数学,2,1
2025-2026江苏省宿迁市八年级上学期期中物理试卷,1,1
2025-2026沈河七年级下数学期末统考卷,2,1
2025-2026沈河七年级下数学统考卷,2,1
2025-2026沈阳大东八下数学期末,2,1
2025-2026河北承德期末考试,2,1
2025-2026河北承德期末考试高二数学,3,1
2025-2026河北承德期末考试高二英语,2,1
2025-2026河南省实验高一开学测,5,1
2025-2026泰山区期末,5,1
2025-2026济宁市高一期末考试英语,1,1
2025-2026浙江温州,2,1
2025-2026浙江高中自主招生考试数学试卷,1,1
2025-2026淄博六校高一下学期地理期末试题,1,1
2025-2026淄博高一地理期末试题,2,1
2025-2026温岭市七年级数学期末试卷,12,1
2025-2026温岭市七年级社会期末试卷,4,1
2025-2026温岭市七年级科学期末试卷,3,1
2025-2026潍坊高一下化学期末,1,1
2025-2026潮州,1,1
2025-2026物理九年级上学期期中考试,3,1
2025-2026百色右江区,1,1
2025-2026禄丰市三年级下册英语,1,1
2025-2026福州高三8月质量检测,2,1
2025-2026福清高一第一学期物理,2,1
2025-2026第二学期六年级下册期末测试卷正定英语,2,1
2025-2026第二学期六年级下册期末测试卷英语,1,1
2025-2026第二学期期末数学测试卷,1,1
2025-2026第二学期高二期末内江,1,1
2025-2026第二学期高二期末重庆,3,1
2025-2026聊城高一下期末统考真题,4,1
2025-2026茂名高二上学期期末质量抽测」,2,1
2025-2026襄阳市枣阳数学七年级下册,1,1
2025-2026贵阳市普通中学期末地理测试卷,1,1
2025-2026贵阳市普通中学期末数学测试卷,4,1
2025-2026贵阳市普通中学期末语文测试卷,1,1
2025-2026路南区九上期中语文,1,1
2025-2026辽南协作校数学,10,1
2025-2026辽南协作校物理,3,1
2025-2026辽南协作校英语,1,1
2025-2026辽宁省协作体高一数学上学期期末,4,1
2025-2026辽宁省实验中学高二下学期期末英语,2,1
2025-2026辽宁英语,1,1
2025-2026辽宁辽南,1,1
2025-2026鄄城七年级英语下册期末试卷,1,1
2025-2026重庆南开高一下期末试题,3,1
2025-2026重庆巴蜀,4,1
2025-2026铁西区物理,1,1
2025-2026青岛市高一下学期地理期末考试,1,1
2025-2026青岛市高一下学期英语期中考试,1,1
2025-2026高一上焦作数学期末考试卷,2,1
2025-2026高一上许昌数学期末,1,1
2025-2026高一下册期末,1,1
2025-2026高一下数学期末 复数 z/（1+i）共轭复数乘积,1,1
2025-2026高一下物理期末北京通州,1,1
2025-2026高一下辽南协作体,2,1
2025-2026高一下辽南协作体历史,1,1
2025-2026高一徐州期末化学试卷,2,1
2025-2026高三一检数学福州,2,1
2025-2026高三全市第一次质量检测数学福州,1,1
2025-2026高中物理必修三同步专题教案课时练带电物体在电场中的综合计算,1,1
2025-2026高中自主招生考试数学试卷,2,1
2025-2026高二上学期生物单元检测卷 第一章 人体的环境与稳态基础通关,3,1
2025-2026高二下学期7月地理,1,1
2025-2026高二下期末,3,1
2025-2026高二语文期末连校考试,2,1
2025-2026高二迁安下学期期末考,2,1
2025-2026高考生物,1,1
2025-2026，学年度上学期随堂练习二八年语文,1,1
2025-206学年高一下学期暑期数学作业5（北师大）,2,1
2025-2826学年下期期末,1,1
2025.01浙江首考-阅读C篇,2,1
2025.2026高一下学期数学期末辽宁省沈阳市,1,1
2025.3沈阳浑南九年级零模英语(2024-2025下学期期初调研),1,1
2025.7大兴区高一期末,2,1
2025.7大兴区高一期末数学,1,1
2025.9月到2026.6耒阳一中全部数学和物理月考,4,1
2025071516NT高二期末,1,1
20252026 01 七年级下学期期末 广东惠东,1,1
20252026学年度第二学期高一期末检测卷,2,1
20252026河北省中考语文试题,1,1
20252026河源供题训练物理,1,1
20252026河源质量检测,1,1
20252026茂名期末英语质量抽测,1,1
20252026茂名高二下语文期末英语质量抽测,1,1
20252026郑州,1,1
20252026郑州高一,1,1
20252026高一下东北师大附中化学,2,1
20252026高一下学期期末模拟卷物理,1,1
20252026高一下期末东北师大附中化学,1,1
20252026高二下茂名期末英语质量抽测,2,1
20252026高二下语文期末英语质量抽测,1,1
20252026黑龙江高一第二学期期末考试,1,1
20256T8联考,1,1
20256年广州历史中考真题,1,1
20256月福建普通高中学业水平合格考试,1,1
20256高二下学期期末青岛,1,1
20257上抚顺市新抚区数学卷,2,1
2025A9返校考,4,1
2025T8联考物理,1,1
2025_2026学年高一年级下学期生物人教版 期末适应性考试训练题,2,1
2025_2026年九上数学陕西省宝鸡市陈仓区期中考试卷,5,1
2025_2026年九上数学陕西省宝鸡市陈仓区第一次月考卷,5,1
2025_2026年九上数学陕西省宝鸡市陈仓区虢镇初级中学第一次月考卷,1,1
2025_2026年九上语文陕西省宝鸡市陈仓区第一次月考卷,2,1
2025_2026扬州八上月考,1,1
2025_2026扬州梅岭八上英语月考,3,1
2025~,1,1
2025~20206高二期末联考,2,1
2025~20226青海上海东市乐都区生地会考真题卷,2,1
2025~2025.6 江西省上饶市广信区数学试卷试题七年级下册。,1,1
2025~2026 学年度第二学期期末考试高分数学 大连,1,1
2025~2026 学年度高二第二学期期末考试高分数学 大连,1,1
2025~2026 江西省上饶市广信区数学试卷试题七年级下册。,2,1
2025~2026 江西省上饶市广信区语文试卷试题七年级下册。,1,1
2025~2026 第二学年度大通县期末检测,1,1
2025~2026 第二学期大通县期末检测,4,1
2025~20260下周考试卷,1,1
2025~20260临夏州考试卷,1,1
2025~20260临夏州考试卷期末检测卷,1,1
2025~20260临夏州考试卷期末检测卷高一,2,1
2025~2026。高一协作校,2,1
2025~2026依安县实验中学高一期末考试,1,1
2025~2026八年级周口市太康县地理卷子,1,1
2025~2026合肥一中高二上学期化学期中,2,1
2025~2026合肥一中高二上学期化学期末,1,1
2025~2026合肥一中高二上学期数学期中,2,1
2025~2026合肥一中高二上学期物理期中,1,1
2025~2026合肥一中高二上学期物理期末,1,1
2025~2026合肥一中高二下学期化学期中,1,1
2025~2026合肥一中高二下学期化学期末,1,1
2025~2026合肥一中高二下学期数学期中,1,1
2025~2026合肥一中高二下学期数学期末,1,1
2025~2026合肥一中高二下学期物理期中,1,1
2025~2026合肥一中高二下学期物理期末,1,1
2025~2026周口市太康县地理卷子,1,1
2025~2026周口市太康县生物卷子,2,1
2025~2026姜堰地区的英语试卷七下。,1,1
2025~2026学年8年级期末模拟检测英语试卷人教版,2,1
2025~2026学年七年级上册期中模拟卷,2,1
2025~2026学年三明市初中毕业班第1次教学质量监测英语,2,1
2025~2026学年三明市初中毕业第1次教学质量监测英语,2,1
2025~2026学年上学期高一年级英语测试卷,1,1
2025~2026学年下学期期末教学质量检测,4,1
2025~2026学年九年级上册物理单元检测卷第12单元提升卷,6,1
2025~2026学年八下期末考试福建卷,1,1
2025~2026学年八下期末考试福建卷英语,2,1
2025~2026学年八年级第二学期阶段练习3,2,1
2025~2026学年小学期末数学测试卷,1,1
2025~2026学年小学期末数学测试卷下册,2,1
2025~2026学年山东泰安新泰市二年级上学期期中（青岛版（五年制））,2,1
2025~2026学年山东泰安肥城市五年级上学期期中数学试卷（青岛版 （五年制））,1,1
2025~2026学年广东茂名化州市二年级上学期期中数学试卷（北师大版）,2,1
2025~2026学年广东茂名化州市六年级上学期期中数学试卷（北师大版）,2,1
2025~2026学年度下学期期末高一试题生物,2,1
2025~2026学年度下期期末学科素养检测8年级物理物理,2,1
2025~2026学年度八年级下学启东期期末学业质量检测试卷英语如皋,1,1
2025~2026学年度八年级下学期期末学业质量检测试卷英语如皋,1,1
2025~2026学年度揭阳市高二级下册期末考化学,1,1
2025~2026学年度揭阳市高二级下册期末考物理,6,1
2025~2026学年度揭阳市高二级下册期末考生物,8,1
2025~2026学年度揭阳市高二级期末考生物,1,1
2025~2026学年度武汉市部分学校高三年级调研考试英语卷,1,1
2025~2026学年度武汉市部分学校，高三年级调研考试，英语卷,1,1
2025~2026学年度第二学期大通县期末,1,1
2025~2026学年度第二学期大通县期末物理,4,1
2025~2026学年度第二学期大通县期末高二物理,1,1
2025~2026学年度第二学期期末学习质量检测试卷七年级历史甘井子区,1,1
2025~2026学年度第二学期期末学习质量检测试卷七年级地理,3,1
2025~2026学年度第二学期期末学习质量检测试卷七年级地理甘井子区,2,1
2025~2026学年度第二学期期末学习质量检测试卷七年级甘井子区,1,1
2025~2026学年度第二学期期末学习质量检测试卷七年级生物甘井子区,1,1
2025~2026学年度第二学期期末学习质量检测试卷七年级英语,1,1
2025~2026学年度第二学期期末学习质量检测试卷七年级英语甘井子区,1,1
2025~2026学年度第二学期期末学习质量检测试卷七年级语文甘井子区,2,1
2025~2026学年度第二学期期末学习质量检测试卷七年级辽宁省大连市,3,1
2025~2026学年度第二学期期末学习质量检测试卷七年级道德与法治,1,1
2025~2026学年度第二学期期末学习质量检测试卷七年级道德与法治甘井子区,1,1
2025~2026学年度第二学期期末学学习质量检测试卷,2,1
2025~2026学年度第二学期期末考试高一思想政治,3,1
2025~2026学年度第二学期期末考试高二生物,2,1
2025~2026学年度第二学期期末至教学质量抽测英语,2,1
2025~2026学年度第二学期期末至教学质量抽测语文,1,1
2025~2026学年度第二学期期末试卷,1,1
2025~2026学年度第二学期期末试卷7年级,3,1
2025~2026学年度第二学期期末试卷七年级数学试卷,1,1
2025~2026学年度第二学期期末试卷七年级数学试卷沙河口区,2,1
2025~2026学年度第二学期期末试卷七年级英语试卷,1,1
2025~2026学年度第二学期期末试卷七年级英语试卷沙河口区,3,1
2025~2026学年度第二学期期末试卷七年级语文,2,1
2025~2026学年度第二学期期末试卷八年级物理西城区,1,1
2025~2026学年度第二学期期末试卷沙河口,1,1
2025~2026学年度第二学期期末试卷沙河口区,3,1
2025~2026学年度第二学期期末阶段作业D（部编版）,1,1
2025~2026学年度第二学期期末阶段练习七年级英语试题,2,1
2025~2026学年度高二物理东莞省广东省东莞市,2,1
2025~2026学年徐州铜山八下地生中考,5,1
2025~2026学年普通高中共体训练高二物理,2,1
2025~2026学年江西九江都昌县五年级上学期期中数学试卷（人教版）,2,1
2025~2026学年湖南省长沙市雅礼集团7年级下期末语文试卷。,4,1
2025~2026学年湖南省长沙市雅礼集团中考二模卷。,8,1
2025~2026学年湖南省长沙市雅礼集团中考数学试卷。,2,1
2025~2026学年福州市高三年级第1次质量检测,1,1
2025~2026学年第一学期初中毕业期末班考试英语,3,1
2025~2026学年第一学期期中学情调研试卷八年级英语听力,1,1
2025~2026学年第二学期八年级综合性练习历史,4,1
2025~2026学年第二学期八年级综合性练习数学,7,1
2025~2026学年第二学期八年级综合性练习物理,1,1
2025~2026学年第二学期期末学业质量检测,2,1
2025~2026学年第二学期期末学业质量检测七年级数学,1,1
2025~2026学年第二学期期末学习成果阶段展示七年级地理试题,1,1
2025~2026学年第二学期期末学习成果阶段展示七年级政治试题,2,1
2025~2026学年第二学期期末学习成果阶段展示七年级语文试题,1,1
2025~2026学年第二学期期末学习成果阶段，展示七年级数学试题,2,1
2025~2026学年第二学期期末教学质量检测语文,4,1
2025~2026学年第二学期期末质量检测 八年级数学（新安统考）,2,1
2025~2026学年第二学期末高一学业水平达标检测,3,1
2025~2026学年第二学期末高一学业水平达标检测日语,1,1
2025~2026学年第二年度期末考试高二化学d,1,1
2025~2026学年育英中学8年级上册期中英语试题,1,1
2025~2026学年辽宁沈阳沈河区沈阳市沈河区朝阳一校东安小学五年级上学期期中数学试卷（北师大版）,1,1
2025~2026学年高一地理下学期期末模拟卷01,2,1
2025~2026学年高一第二学期期末教学质量检测语文,2,1
2025~2026学年高中英语北师大版选修性选择性必修第2册单词默写表,5,1
2025~2026学年高二下学期赤峰市统一考试英语,1,1
2025~2026学年高二年级期末质量抽测,2,1
2025~2026山东省烟台市高一上学期英语期中,1,1
2025~2026山东省肥城市八年级上学期期末考试数学,2,1
2025~2026年。下学期期末七年级综合练习卷数学试题,1,1
2025~2026年八年级下册历史阳江市江城区试卷,3,1
2025~2026年八年级下册数学阳江市江城区试卷,2,1
2025~2026年学度第二学期联盟检测。,1,1
2025~2026年安徽省霍邱县七下数学其末测试卷,4,1
2025~2026年年濮阳华龙区期末考试,1,1
2025~2026年年濮阳华龙区期末考试数学,1,1
2025~2026年年濮阳市7年级期末数学,4,1
2025~2026年年濮阳市油田一中,2,1
2025~2026年年濮阳市油田一中期末考试,2,1
2025~2026年年濮阳市濮阳县7年级期末数学,6,1
2025~2026年度九年级上册南京物理联合体测试卷,2,1
2025~2026年日照8年级上学期期末测试,1,1
2025~2026年日照东港区8年级上学期期末测试,1,1
2025~2026年日照东港区8年级上学期末,2,1
2025~2026年日照东港区8年级上学期末数学,3,1
2025~2026年济南市历下区化学期中答案,2,1
2025~2026年烟台高三化学期中,1,1
2025~2026年茂名期末质量监测,1,1
2025~2026广东汕尾八下第二学期语文期末考,1,1
2025~2026广东汕尾第二学期地理期末考,1,1
2025~2026广东汕尾第二学期语文期末考,1,1
2025~2026成华区八下期末试卷英语,1,1
2025~2026曲阜8年级下册数学试卷。,4,1
2025~2026期末下半学期联考青海省大通县,2,1
2025~2026期末联考青海省大通县,7,1
2025~2026武侯区八下期末试卷英语,1,1
2025~2026泰兴英语试卷七下。,2,1
2025~2026漳州市玉兰学校九年级上册数学第一次月考,3,1
2025~2026生物,1,1
2025~2026生物过关检测,2,1
2025~2026电白区期中,1,1
2025~2026电白区期末,1,1
2025~2026第一学期期末教学质量抽测。聊城卷,3,1
2025~2026第二学期期末质量检测,3,1
2025~2026第二学期高二数学北京市朝阳区,3,1
2025~2026英语房山区三年级下册,1,1
2025~2026英语房山区三年级下册北京版期末测试卷,2,1
2025~2026英语房山区三年级期末测试卷,1,1
2025~2026茂名市普通高中高一质量监测,2,1
2025~2026通许县七年级下册数学,3,1
2025~2026重工青海省大通县,1,1
2025~2026高一下期末数学,4,1
2025~2026高一下期末数学免费,2,1
2025~2026高一下期末物理,3,1
2025~2026高三数学漳州质检卷,1,1
2025~2026高三漳州质检卷,1,1
2025~2026高二上学期合肥一中期中卷,1,1
2025~2026龙岗区八年级下期末数学深圳,1,1
2025~2026，江苏省滨海县滨海中学1月月考试卷物理，数学,2,1
2025~2026，江苏省滨海县滨海中学1月月考试卷物理，数学第一次阶段考试试卷,2,1
2025~26学年 湖南省长沙市雅礼教育集团8年级上第一次月考试卷数学。,2,1
2025~26年巴彦淖尔市化学统考卷高二,4,1
2025·江苏省苏州市南京航天航空大学苏州附属中学·三模物理,2,1
2025?2026南阳市七年级下册期末数学邓县,1,1
2025?2026学年 统编版八年级下册语文 暑假预习巩固练习 初2027届,1,1
2025?2026高一数学人教B版必修一第一单元 学易金卷 基础卷,7,1
2025?2026高一数学人教B版必修第一单元 学易金卷 基础卷。,2,1
2025–2026高二上学期期中试卷语文,1,1
2025—2025学年高一数学上学期期中模拟卷,1,1
2025—2026初二下学期期末数学试卷平谷区,6,1
2025—2026学年九年级第1学期数学期末考试,4,1
2025—2026学年九年级第1学期物理期末考试,2,1
2025—2026学年八年级第2学期数学期末考试,4,1
2025—2026学年八年级第2学期物理期末考试,2,1
2025—2026学年八年级第2学期英语期末考试,1,1
2025—2026学年度上学期随堂练习（二） 八年语文,4,1
2025—2026学年度六年级第二学期教学质量监测 高中一年级英语 汕尾,3,1
2025—2026学年度第二学期期末学业水平测试八年级道德与法治、历史综合卷,2,1
2025—2026学年度第二学期期末质量检测六年级英语,1,1
2025—2026学年度第二学期期末质量检测高二,4,1
2025—2026学年度高一年级第二学期教学质量监测 高中一年级英语 汕尾,2,1
2025—2026学年福州市高三年级第一次质量检测地理试题,2,1
2025—2026学年第2学期物理期末考试,1,1
2025—2026学年第一学期茂名市普通高中教学质量监测 高二地理,1,1
2025—2026学年高一必修一地理第二章单元检测卷,5,1
2025—2026学年高中三年级摸底考试 语文试题,1,1
2025—2026年六年级下学期数学综合教学质量评估卷,2,1
2025—2026高一英语必修一必修二综合测试卷2,2,1
2025——2026学年度春季学期期末质量检测高一临夏,7,1
2025——2026山东身济宁市高二化学期末考试,1,1
2025——2026山东身济宁市高二化学期末考试第二学期,1,1
2025——2026济南市历下区物理九年级上册期中试卷,3,1
2025——2026济南市莱芜区数学八年级下册期末试卷,1,1
2025一2026,2,1
2025一2026 内蒙古期末卷,2,1
2025一2026亳州市第一中学开学考,4,1
2025一2026亳州市第二中学开学考,3,1
2025一2026亳州市第二完全中学开学考,1,1
2025一2026内江高二下英语,1,1
2025一2026学年七年级数学下学期期末模拟卷,1,1
2025一2026学年度东城区五年级下册数学期末试卷,4,1
2025一2026学年度朝阳区五年级下册语文期末试卷,1,1
2025一2026学年度武汉市部分校区,1,1
2025一2026学年肇庆高要区八下期末统考卷,3,1
2025一2026山东菏泽市一中系列高一下学期期未物理试题,4,1
2025一2026日照高一上期中校际联合考试,5,1
2025一2026肥城市五下数学期末试卷,1,1
2025一2026衡水真题密卷:2025一2026学年度综合能力调研检测(五)语文试题,2,1
2025一2026辽宁省本溪市七下试题,4,1
2025一卷语文,1,1
2025一模,1,1
2025一模奉贤,1,1
2025七年级上册莆田市月考,1,1
2025七年级下册数学期末试卷泉州市南安市,2,1
2025七年级数学下册期末综合检测卷,2,1
2025万州二中物理第一次月考,1,1
2025三原县九上第一次月考,3,1
2025三明市高二期末考卷,2,1
2025三月九上第一次月考,1,1
2025三模,1,1
2025三门峡八年级下册地理期末,2,1
2025上海九年级数学期中,3,1
2025上海高考化学,1,1
2025上海高考英语真题卷,1,1
2025专升本真题,5,1
2025世少赛,1,1
2025世少赛国级选拔真题,1,1
2025东北三省一区历史高考卷,1,1
2025中考卷,4,1
2025中考卷泗洪,2,1
2025中考历史,1,1
2025中考备战汇编答案,2,1
2025中考数学,2,1
2025中考真题,1,1
2025中考语文真题,1,1
2025丰县高二上学期月考试卷,1,1
2025临沂高2期中数学试卷,1,1
2025临沂高一下学期期中数学试卷,2,1
2025丹东二中高一上化学月考,5,1
2025丹东二中高一上数学月考,1,1
2025丹东二中高一上物理月考,2,1
2025丹东二中高一上生物月考,1,1
2025之2026凉山州高二英语期末考试题,4,1
2025九下英语,1,1
2025九调,1,1
2025九调武汉高三英语,3,1
2025九调武汉高三英语部分学校,1,1
2025九调物理,1,1
2025九调物理武汉,1,1
2025二中高一上生物月考,2,1
2025二卷高考数学,2,1
2025云南中考数学试卷,2,1
2025云南中考数学试卷初中学业水平考试,1,1
2025云南中考物理,3,1
2025云南初中学业水平考试,1,1
2025云南物理高考,1,1
2025五上英语期末,1,1
2025五年级数学期末,1,1
2025人大附中,1,1
2025人大附中七下期末数学北京,1,1
2025人教版八下英语衡水体大课文字帖,8,1
2025人教版八年级上册英语 词汇语境循环练,4,1
2025佛山统考,1,1
2025保定高二期末,2,1
2025全国,2,1
2025全国1卷数学,3,1
2025全国2卷数学,1,1
2025全国2生物,1,1
2025全国一卷,1,1
2025全国一卷化学卷,1,1
2025全国一卷化学卷真题,1,1
2025全国一卷地理,2,1
2025全国一卷数学,1,1
2025全国乙卷理综真题,1,1
2025全国二卷生物高考真题,1,1
2025全国二卷真题,2,1
2025全国二卷英语,1,1
2025全国数学高考,1,1
2025全国新高考一卷数学,6,1
2025全国语文一卷,1,1
2025全国高考新高考二卷英语,1,1
2025全国高考英语1卷,2,1
2025八上物理期中四川,2,1
2025八下,1,1
2025八年级下册数学期末试卷泉州市南安市,1,1
2025八年级甘孜州统考,1,1
2025八省联考西北卷地理,2,1
2025八省联考语文试题四川,1,1
2025六年长沙市数学竞赛,2,1
2025兰州语文中考试题,1,1
2025内蒙古地理试卷,1,1
2025到2026,1,1
2025到2026 8年级下册数学期末考试试卷辽宁,6,1
2025到2026 8年级下册语文期末考试试卷辽宁营口,1,1
2025到20268年级下册数学期末考试人教版山东临沂市山东省临沂市兰陵县答案答案,1,1
2025到20268年级下册物理期末考试人教版山东临沂市山东省临沂市兰陵县答案答案,3,1
2025到20268年级下册物理期末考试人教版山东临沂市山东省临沂市兰陵县答案答案答案,2,1
2025到20268年级下册物理期末考试人教版山东临沂市山东省临沂市兰陵县答案答案答案答案,3,1
2025到2026学年上学期阶段性考试高二物理,4,1
2025到2026学年下期阶段性检测巴南区,2,1
2025到2026学年人教版初中物理中考第一轮复习第三章物态变化,2,1
2025到2026学年天津河东区八年级上学期道法期末,1,1
2025到2026学年山西省晋中市榆次区榆次一中高一下学期期末考试物理卷,1,1
2025到2026学年度下学期期末考试高二试题化学,1,1
2025到2026学年度下期末考试，初二年级语文试题,4,1
2025到2026学年度武汉市部分学校高三九年级九月调研考试英语试卷,1,1
2025到2026学年度第一学期期中质量监测八年级历史试题题,3,1
2025到2026学年度第二学期大通县,1,1
2025到2026学年度第二学期期末学习质量检测试卷七年级地理,1,1
2025到2026学年度第二学期期末学习质量检测试卷七年级英语甘井子区,1,1
2025到2026学年度第二学期期末学学习质量检测试卷,2,1
2025到2026学年度第二学期联盟检测七年级历史,1,1
2025到2026学年度第二学期连云港市赣榆八年级地理试卷,3,1
2025到2026学年度第二学期连云港市赣榆期中试卷,2,1
2025到2026学年度高二10月联考英语试题山东省,2,1
2025到2026学年普通高中共体训练高一英语答案,2,1
2025到2026学年河东区八年级上学期道法期末,1,1
2025到2026学年第一学期福州市九年级适应性练习化学,2,1
2025到2026学年第二学期校内期末进阶练习八年级数学仓山区,1,1
2025到2026学年第二学期高二年级期末适应性练习,1,1
2025到2026学年统编版八年级下册语文暑假作业,2,1
2025到2026学年统编版八年级下册语文暑假作业，对应初2027届的预习巩固练习。,1,1
2025到2026学年高一数学单元检测卷第二章等式与不等式能力提升,1,1
2025到2026学年，第二学期，仓山区期末考数学,2,1
2025到2026学年，第二学期，期末考数学,1,1
2025到2026年九年级综合素养评价卷,2,1
2025到2026年九年级综合素养评价卷一,1,1
2025到2026年内出班,3,1
2025到2026年化学九年级综合素养评价卷一,2,1
2025到2026年度第二学期第三次模拟九年级测试物理珠海,1,1
2025到2026年漳州市玉兰学校九年级上册数学期中试卷,2,1
2025到2026徐州市高一期末生物,2,1
2025到2026武汉英语,1,1
2025到2026武汉英语9月,1,1
2025到2026江苏省下学期期末自编模拟卷03高一,1,1
2025到2026江苏省高一下,3,1
2025到2026河北衡水中学高二小学期,2,1
2025到2026河北衡水高二小学期,1,1
2025到2026济南高一上学期期末,2,1
2025到2026漳州市第一中学九年级上册语文第一次月,4,1
2025到2026漳浦县第一中学九年级上册数学第一次月考,1,1
2025到2026漳浦县第一中学九年级上册第一志愿,1,1
2025到2026烟台高一上学期期末,4,1
2025到2026的漳州市质检卷高中数学,2,1
2025到2026苏州市吴中区八下数学期末试卷,1,1
2025到2026苏州市吴中区数学期末试卷,1,1
2025到2026辽南协作体,1,1
2025到2026运城市盐湖区第一学期期末质量监测,1,1
2025到2026运城市盐湖区第二学期期末质量监测,2,1
2025到2026龙岩市统考生化学答案,1,1
2025到2026龙岩市统考生物理答案,1,1
2025包头一中自主招生,2,1
2025包头高一下学期期末考试,3,1
2025包头高一下学期期末考试物理,2,1
2025化学全国一卷,1,1
2025北京 高考地理,1,1
2025北京6月高考,4,1
2025北京中考真题完整版,7,1
2025北京中考语文真题,1,1
2025北京卷语文,3,1
2025北京大学强基,1,1
2025北京大学数学强基计划,1,1
2025北京市东城区高三上期末考试数学,6,1
2025北京市东城区高考二模数学,2,1
2025北京市丰台区高三上期末考试数学,4,1
2025北京市地理合格考,1,1
2025北京市朝阳区高三上期末考试数学,1,1
2025北京市海淀区高三上期末考试数学,1,1
2025北京市海淀区高考一模数学,4,1
2025北京市海淀区高考二模数学,2,1
2025北京市石景山区高考一模数学,4,1
2025北京市西城区高考一模数学,1,1
2025北京海淀初三上数学,2,1
2025北京海淀初三上语文,1,1
2025北京海淀初三上语文期中,3,1
2025北京高考,6,1
2025北京高考化学,1,1
2025北京高考数学,2,1
2025北京高考真题,2,1
2025北京高考英语,1,1
2025北京高考语文,1,1
2025北京高考语文真题,1,1
2025北斗,1,1
2025北斗星盟,2,1
2025北斗，新门,1,1
2025北海市期末高二,1,1
2025区高三起点考,1,1
2025南京中考数学,2,1
2025南京市高二上学期期中物理,2,1
2025南京金中零模英语,1,1
2025南充地理七下期末卷,1,1
2025南开区小升初,1,1
2025南开区毕业,2,1
2025南昌0模,2,1
2025南昌0模化学,1,1
2025南昌0模物理,3,1
2025南昌0模物理9月,1,1
2025南昌一模,2,1
2025南昌零模,1,1
2025南昌零模英语,1,1
2025南通中考试卷,2,1
2025南通八年级上期中物,3,1
2025南通市通州九上数学期中考试,1,1
2025南通市通州区高二上学期化学期末试卷,1,1
2025南通市通州区高二上学期物理期末试卷,2,1
2025历史江西,1,1
2025历史深圳市南山区八年级,2,1
2025厦门生物一模,1,1
2025合肥168中学,1,1
2025合肥168中学九年级,1,1
2025合肥45中九上数学,2,1
2025合肥45中九上数学第一次月考,1,1
2025合肥45中九上物理第一次月考,1,1
2025呼和浩特市数学高三开学考试,2,1
2025呼和浩特市数学高三第一次质量检测,1,1
2025呼和浩特市生物高三开学考试,1,1
2025呼和浩特市语文高三开学考试,3,1
2025呼和浩特市语文高三起点考试,1,1
2025哈三中高三四模数,1,1
2025哈尔滨九上数学期中,2,1
2025唐县八年级第二学期期末考试试卷,1,1
2025嘉兴七年级数学,2,1
2025四川卷化学,4,1
2025四川绵阳合格考生物真题卷,1,1
2025四川达州中考,1,1
2025四川高二零模化学,1,1
2025地理,1,1
2025地生会考试卷,2,1
2025大庆中考真题,1,1
2025大连甘井子区月考。,5,1
2025大连甘井子区期中。,4,1
2025天津中考语文,1,1
2025天津中考语文真题,2,1
2025天津南开一模数学,1,1
2025天津南开高三一模数学,1,1
2025天津卷数学真题,2,1
2025天津市和平区二模英语,2,1
2025天津物理,1,1
2025天津物理中考,1,1
2025天津英语高考,2,1
2025天津高考政治,1,1
2025天津高考物理,1,1
2025威海初中八年级物理试题,1,1
2025威海数学,2,1
2025孝感高中,1,1
2025孝感高中分班考,3,1
2025孝感高中分班考数学,2,1
2025学年五升六数学暑假专项训练,1,1
2025学年五升六数学暑假专项训练人教版,2,1
2025学年化学高一下期末番禺区卷子,3,1
2025学年宁波市第二学期高二年级期末测试,1,1
2025学年杭州市高二,1,1
2025学年杭州市高二期末,1,1
2025学年杭州市高二期末化学卷,1,1
2025学年浙江省名校协作体高三化学,2,1
2025学年浙江省名校协作体高三生物,4,1
2025学年第一学期杭州高三教学质量检测地理,2,1
2025学年第一学期浙江省名校协作体高三语文,1,1
2025学年第一学期浙江省精诚联盟适应性联考,2,1
2025学年第一学期高一开学练习,1,1
2025学年第一学期高二年级10月六校联考英语,2,1
2025学年第二学期,1,1
2025学年第二学期七年级下学业水平期末检测历史地理题库,1,1
2025学年第二学期北斗联盟期中联孝考高二年级英语学科试题,2,1
2025学年第二学期台州十校联盟期中联考高一年级日语学科试题,1,1
2025学年第二学期台州十校联盟期末联考高二年级日语学科试题,2,1
2025学年第二学期教学质量监测试卷高一英语,4,1
2025学年第二学期新力量联名期末联考高二年级化学学科,1,1
2025学年第二学期杭州市英语学科练习（2026年6月）的英语听力试卷,1,1
2025学年第二学期杭州市英语学科练习（2026年6月）的英语试卷,2,1
2025学年第二学期杭州市高一年级教学质量检测（浙江杭州市2025-2026学年高一下学期6月期末语文试题）,2,1
2025学年第二学期杭州市高二年级教学质量检测 英语试卷,1,1
2025学年第二学期温州市新力量高二年级教学质量检测地理试题卷,3,1
2025学年第二学期温州新力量联盟期中联考高一年级政治学科试题,4,1
2025学年第二学期温州环大罗山联盟期末联考化学,2,1
2025学年第二学期舟山高二年级教学质量检测地理试题卷,1,1
2025学年第二学期舟山高二年级期末检测,3,1
2025学年第二学期语文科期末测试题,2,1
2025宁乡,1,1
2025宁乡开学考试试卷数学,1,1
2025宁乡数学,2,1
2025宁乡第一次模拟,1,1
2025宁乡第一次模拟数学,2,1
2025宁夏高考物理,1,1
2025宁德九上期末数学,1,1
2025安丘市初二12月考试素养考试,2,1
2025安徽中考语文,5,1
2025安徽卷化学,1,1
2025安徽第一次检测,2,1
2025安徽高考,1,1
2025安徽高考物理真题,2,1
2025实验中学高三第四次月考英语,2,1
2025审定 科学作业本八年级上册A 浙江教育出版社 沙琦波,1,1
2025宿州一初中期末考,2,1
2025小升初,2,1
2025届 三模,1,1
2025届上海市青浦区高三英语一模,1,1
2025届二调桂林,1,1
2025届四川省攀枝花市高三下学期第三次统一考试英语试题,2,1
2025届天津市十二校高三期末联考一模化学,2,1
2025届天津市十二校高三期末联考一模物理,1,1
2025届天津市十二校高三期末联考一模生物学,2,1
2025届广州市普通高中毕业班一模日语试题（卷三,2,1
2025届浙江省宁波市高三上学期一模考试,3,1
2025届湖北省云学名校联盟高三上2月联英语考,1,1
2025届福建省清流县第一中学7月模拟一语文,1,1
2025届福建省高考语文模拟一(7月),1,1
2025届福建省高考语文模拟一（7月）（乙）,2,1
2025届陕西省单招考试中职英语试卷,1,1
2025届高三杨浦数学一模,2,1
2025届高三部分重点中学12月联合,2,1
2025届高考语文,1,1
2025届高考语文复习,1,1
2025届高考语文复习72篇,1,1
2025山东中考,2,1
2025山东临沂数学,1,1
2025山东临沂数学高一下学期,2,1
2025山东临沂数学高二上学期,1,1
2025山东冬季合格考,2,1
2025山东冬季合格考物理,1,1
2025山东开学考,2,1
2025山东政治合格考试卷,4,1
2025山东数学高中联赛,2,1
2025山东济南山大附中模拟,2,1
2025山东济南新高三开学考,3,1
2025山东淄博张店七下语文期末,1,1
2025山东生物淄博高二下学期期末,1,1
2025山东生物高二下学期期末,1,1
2025山东省临沂市高一下学期期末考试,1,1
2025山东省历史高考题,4,1
2025山东省合格考,1,1
2025山东省泰安市高一物理期末,3,1
2025山东省济南市高新区9上期末,1,1
2025山东高联,1,1
2025山西省太原市中考一模,3,1
2025山西省太原市中考二模,2,1
2025年 湖南省永州市高一下期期末考试英语试卷,2,1
2025年-2026年湖北省武汉市黄陂区三年级下册英语期末试卷,2,1
2025年101中学八年级上数学期中,1,1
2025年101集团八年级上数学期中,1,1
2025年10月全县综合素养考试七年级语文试题,3,1
2025年10月考试,1,1
2025年11月7日初四上数学阶段测试龙凤苑中学,1,1
2025年12月世界少年奥林匹克思维能力测评福建省晋级赛,3,1
2025年1月普通高等学校招生全国统一考试,1,1
2025年4月北斗星盟物理,1,1
2025年6月新高考一卷,2,1
2025年6月浙江历史高考真题,2,1
2025年6月福建省学业水平英语,2,1
2025年7月初中学校期末学业质量自主监测八年级数学试题,3,1
2025年7月学考,2,1
2025年7月新疆维吾尔族自治区普通高中学业水平考试试题化学卷,1,1
2025年7月新疆维吾尔族自治区普通高中学业水平考试试题卷,1,1
2025年7月新疆维吾尔族自治区普通高中学业水平考试试题卷历史,2,1
2025年7月新疆维吾尔族自治区普通高中学业水平考试试题地理,1,1
2025年7月浙江省普通高中学业水平数学试卷,1,1
2025年7月浙江省普通高中学业水平考试技术真题及答案,2,1
2025年7月浙江省普通高中学业水平考试数学真题及答案,1,1
2025年7月浙江省普通高中学业水平考试英语真题及答案,2,1
2025年7月浙江省普通高中学业水平考试语文真题及答案,1,1
2025年7月葫芦岛高一下期末物理试卷,3,1
2025年7月葫芦岛高一下期末语文试卷,2,1
2025年89中高中分班测,1,1
2025年8月巴蜀开学考,2,1
2025年9年级上册数学期中考试,6,1
2025年9月浙江省名校协作体高三上学期暑假返校联考物理试题,2,1
2025年一卷语文,1,1
2025年一卷语文高考,5,1
2025年一月浙江省普通高中学业水平考试物理真题及答案,2,1
2025年一月浙江省普通高中学业水平考试真题及答案,3,1
2025年一轮复习提升卷第2期物理试卷,1,1
2025年七年级上学期期末数学,1,1
2025年上半年吉林省普通高中学业水平合格性测试地理,1,1
2025年上半年吉林省普通高中学业水平合格性考试,2,1
2025年上期义务教育期末学业质量监测,10,1
2025年上海市英语高考试卷,2,1
2025年上海市语文高考试卷,1,1
2025年上海春考,4,1
2025年上海春考英语,3,1
2025年下学期高一生物期末考试,5,1
2025年东北育才高一第一次月考物理卷,2,1
2025年东四省物理卷,1,1
2025年中国科学技术大学创新班营一数学试题试题,3,1
2025年中山纪念中学高一上学期开学考,3,1
2025年中考数学,3,1
2025年中考真题,2,1
2025年中考第3次模拟考试（山西专用）,2,1
2025年中考试卷,2,1
2025年中考语文,3,1
2025年丰润区上学期高二月考英语卷,2,1
2025年丰润区高二月考英语卷,1,1
2025年临沂市高一上学期期中考试生物试卷及答案,2,1
2025年临高县六年级下册,3,1
2025年临高县六年级下册数学,1,1
2025年九年级全国初中应用物理,2,1
2025年九年级河北省初中学业水平考试,1,1
2025年九年级英语河北省初中学业水平考试,2,1
2025年云南历史高考真题,1,1
2025年云南高考,1,1
2025年亳州高一第一次月考历史,4,1
2025年亳州高一第一次月考数学,1,1
2025年全国 1卷数学 高考真题,1,1
2025年全国1卷语文真题完全解读,1,1
2025年全国2卷,1,1
2025年全国2卷化学,1,1
2025年全国一卷数学,3,1
2025年全国一卷英语,2,1
2025年全国一卷英语高考真题。,2,1
2025年全国一卷高考语文,2,1
2025年全国中学生数学竞赛,4,1
2025年全国乙卷物化生,1,1
2025年全国乙卷物化生新疆,1,1
2025年全国二卷,3,1
2025年全国二卷化学真题,2,1
2025年全国二卷化学真题云南,2,1
2025年全国二卷历史。,2,1
2025年全国二卷数学,4,1
2025年全国新课标二卷,1,1
2025年全国甲卷英语,1,1
2025年全国英语,1,1
2025年全国英语一卷,2,1
2025年全国高考乙卷物化生新疆,1,1
2025年全国高考甲卷语文真题 完整版,1,1
2025年八上数学课时题优作业计划,3,1
2025年八上英语课时Unit3答案（译林版）,4,1
2025年八年级上册数学河南省方城县,2,1
2025年八年级上册数学河南省方城县第一次月考,1,1
2025年八年级上册期末检测广东黄埔区真卷,2,1
2025年八省联考,2,1
2025年八省联考数学,4,1
2025年八省联考物理,2,1
2025年兴城一高中高一上学期第一次月考物理卷,1,1
2025年兴城一高中高一第一次月考物理卷,1,1
2025年兴城市一高中高一上学期第一次月考物理卷,1,1
2025年初三上学期期中考试试卷化学,5,1
2025年初中学业水平考试英语,1,1
2025年初升高,1,1
2025年初升高分班湖南,1,1
2025年初升高分班湖南永州,1,1
2025年初升高分班湖南永州四中,2,1
2025年到2026学年度第二学期期末检测高一化学,5,1
2025年到2026学年第一学期期末教学质量检测高二政治,1,1
2025年到2026学年第二学期期末教学质量检测高一政治,2,1
2025年到2026学年第二学期期末教学质量检测高二政治,1,1
2025年到2026年五年级期末适应性练习，闽清的吧,1,1
2025年到2026年五年级期末适应性练，闽侯吧,2,1
2025年到2026年五年级期末适应性练，闽侯数学,3,1
2025年到2026年五年级期末适应性练，闽侯英语,1,1
2025年到2026年五年级期末适应性练，闽侯语文,1,1
2025年到2026年夏季期末考试八年级数学成都市龙泉驿区,2,1
2025年到2026年学年度第二学期八下物理卷子宝坻区,6,1
2025年到2026年学年第一学期茂名市普通高中教学质量监测,2,1
2025年到2026年新年度第二学期八下物理卷子蓟州区,2,1
2025年到2026年漳州市玉兰学校九年级上册英语期中试卷,2,1
2025年到2026年漳州市第一中学中考数学中考三模试卷,2,1
2025年到2026年第二学期八下英语卷子蓟州区武清区期末考试,1,1
2025年到2026年至年度第二学期八下道法卷子蓟州区期末考试,1,1
2025年包头市1+3贯通班招生考试真题,1,1
2025年包头市高一下学年联考试题,1,1
2025年包头高一下学期期末考试,1,1
2025年化学全国高考一卷,1,1
2025年化学全国高考试卷,1,1
2025年化学高考一卷,2,1
2025年北京一零一八年级上数学期中,5,1
2025年北京一零一八年级上数学期末,1,1
2025年北京一零一八年级上物理期中,1,1
2025年北京东城九年级上语文期末,2,1
2025年北京中考物理试卷,2,1
2025年北京卷语文,1,1
2025年北京市延庆初三上期中语文,2,1
2025年北京市第一次普通高中学业水平合格性考试  地理,1,1
2025年南岗区八下物理期末,2,1
2025年南开区高三年级模拟考试,1,1
2025年南通如皋高三期初考试地理试卷,1,1
2025年南阳市一中秋季高一上学期月考语文,1,1
2025年南阳市七年级下册英语期末试卷,4,1
2025年南阳市七年级下册语文期末试卷,1,1
2025年南阳市期中考试，语文试卷高一,2,1
2025年南阳市高一上学期语文期中考试,1,1
2025年南阳市高一语文期中考试,1,1
2025年南阳高二期中考试上学期,1,1
2025年双城区八下物理期末,1,1
2025年合肥市高三第一次教学检测,2,1
2025年吉林省四平市双辽市八上物理期末,3,1
2025年哈尔滨南岗区6年级下数学期末考试,1,1
2025年哈尔滨南岗区6年级下语文期末考试,1,1
2025年嗯滨州科创训练营考试,1,1
2025年四川化学高考,2,1
2025年四川省学业水平考试数学,1,1
2025年四川高考政治,1,1
2025年天津一中数学高一,1,1
2025年天津一中高一上学期数学期中,1,1
2025年天津中考,8,1
2025年天津南开一模英语,1,1
2025年天津历史高考真题,3,1
2025年天门高中初中部月考试题,4,1
2025年天门高中自主招生,2,1
2025年天门高中自主招生初升高,1,1
2025年孝感10月考试,6,1
2025年宁波慈溪，高二期末,4,1
2025年宁远一中崇德学校高一下期期末试题语文,1,1
2025年安徽中考英语真题,1,1
2025年安徽初中学业水平考试卷数学,2,1
2025年安徽省初中学业水平考试语文,2,1
2025年安徽省普通高中学业水平数学,3,1
2025年安徽省普通高中学业水平选择性地理考试,2,1
2025年安徽省普通高中学业水平选择性考试思想政治,1,1
2025年安徽省高考生物,1,1
2025年官渡区七年级上学期期末数学,2,1
2025年小升初英语备考真题分类汇编（人教PEP版）,4,1
2025年山东省新泰一中北校高一期中试卷语文,4,1
2025年山东省新泰二中高一期中试卷语文,2,1
2025年山东省普通高中学业水平等级考试物理试题,1,1
2025年山东省泰安市新泰市数学八年级下册期末试卷,1,1
2025年山东省泰安市新泰市高一期中试卷,1,1
2025年山东省泰安市新泰市高一期中试卷语文,1,1
2025年山东省济南市莱芜一中高三上学期开学考试,3,1
2025年山东省济南市莱芜一中高三上学期开学考试数学,2,1
2025年山东省聊城市阳谷县九年级上册期中考试化学试卷,3,1
2025年山东省聊城市阳谷县九年级上册期中考试数学试卷,3,1
2025年山东省聊城市阳谷县期中考试九年级数学试卷,1,1
2025年山东省菏泽市中考卷子数学,1,1
2025年山东统考中考数学试卷,2,1
2025年山东身济宁市高二化学期末考试,2,1
2025年山西省中考数学试卷,1,1
2025年年北京高考数学卷,1,1
2025年广东历史高考真题,3,1
2025年广东省生地会考,5,1
2025年广东省高考历史卷,3,1
2025年广东省高考历史试卷,1,1
2025年广东高考历史试卷,1,1
2025年广州中考模拟卷,1,1
2025年广州中考模拟卷数学,1,1
2025年广州二中中考模拟卷,1,1
2025年广州二中模拟卷,1,1
2025年广州二中模拟卷数学,1,1
2025年广州历史中考真题,1,1
2025年广州市89中高中分班测,1,1
2025年广州市白云区九年级上册数学期末测试卷,2,1
2025年广州市第八十九中高中8月分班测,1,1
2025年广州市第八十九中高中分班测,1,1
2025年广州市高中8月分班测,1,1
2025年广西中考,1,1
2025年广西历史高考真题,3,1
2025年广西学业水平考试高二,1,1
2025年广西学业水平考试高二英语,2,1
2025年广西职教高考医药卫生大类的官方真题，目前仅公开了首届广西职教高考第一次模拟（区一模）卷，,5,1
2025年广雅中学模拟卷数学,1,1
2025年庐江中学自主招生考试试题,6,1
2025年德州市化学,1,1
2025年德州市化学高一,1,1
2025年德州市高一上学期其中考试,2,1
2025年忻州六年级下册试卷,2,1
2025年怀化市数学八年级上期竞赛,1,1
2025年怀化市数学竞赛,1,1
2025年惠安亮亮学科竞赛,1,1
2025年惠安达利学科竞赛,1,1
2025年惠安达利竞赛英语,2,1
2025年成人高考统考试卷,5,1
2025年成都市邛崃区八年级下册数学试卷,2,1
2025年执信中学模拟卷,1,1
2025年执信中学模拟卷数学,2,1
2025年扬州市中考化学试卷,2,1
2025年扬州邗江区期末八年级上册物理,2,1
2025年揭东区一模,1,1
2025年揭阳一中,2,1
2025年揭阳市高二下期末统考政治,1,1
2025年政治高考卷,1,1
2025年政治高考真题全国一卷,1,1
2025年政治高考真题浙江卷,1,1
2025年数学,1,1
2025年数学中考真题,1,1
2025年数学台湾中考试题,3,1
2025年新疆七年级上册第1次月考数学试卷,2,1
2025年新疆七年级上册第1次月考试卷地理,1,1
2025年新课标一卷,3,1
2025年新课标一卷英语,1,1
2025年新课标一卷英语试题和答案解析,3,1
2025年新课标一卷高考化学,1,1
2025年新课标卷地理,4,1
2025年新高考二卷英语听力,1,1
2025年新高考全国二卷物理真题,1,1
2025年新高贤岭开学考试试卷,1,1
2025年日语,1,1
2025年日语全国一卷,1,1
2025年日语高考,2,1
2025年日语高考卷,1,1
2025年春季高二年级期末考试,1,1
2025年普通高中学业水平选择性考试江苏卷,2,1
2025年普通高中学业水平选择性考试河北卷,2,1
2025年普通高中学业水平选择性考试陕晋宁青卷地理真题及答案解析,1,1
2025年普通高等学校招生全国统一考试,2,1
2025年普通高等学校招生全国统一考试 陕晋宁青新课标卷地理真题及答案,4,1
2025年普通高等学校招生统一考试全国一卷英语卷高考,1,1
2025年曹县八年级上册数学期中,2,1
2025年期中考试试卷八年级上册生物平邑县,2,1
2025年期末,2,1
2025年期末考试试卷八年级上册数学平邑县,3,1
2025年期末考试试卷八年级上册物理平邑县,1,1
2025年杭州市八县区期末高二上数学,1,1
2025年杭州市八县区期末高二上物理,3,1
2025年杭州市期末高二上物理,1,1
2025年松北区八下物理期末,1,1
2025年松喜中学八上数学期中卷,3,1
2025年松喜中学八上数学期末卷,1,1
2025年松喜中学八上物理期中卷,5,1
2025年松喜中学八上语文期中卷,5,1
2025年松喜中学八上语文期末卷,1,1
2025年枣庄校级月考八年级上册数学,1,1
2025年横山中学期中考试。,1,1
2025年毕节市普通高中水平考试化学,2,1
2025年永州高一下期期末,2,1
2025年江苏历史高考真题,1,1
2025年江苏徐州市睢宁县高级中学创培班提前招生考试真题,1,1
2025年江苏省抚州市临川区中考一模一模试题,1,1
2025年江苏省抚州市临川区中考一模英语试题,1,1
2025年江苏省普通高中学 业水平合格性考试试卷生物,1,1
2025年江苏省普通高中学业水平合格性考试政治试卷,2,1
2025年江苏省高考化学真题,3,1
2025年江苏省高考化学试卷,2,1
2025年江西省上饶市中考一模英语试题,2,1
2025年江西省上高二中高一入学测,1,1
2025年江西省中考英语真题,1,1
2025年江西省九江市永修县第三中学中考三模英语试题,1,1
2025年江西省吉安市吉安县中考一模英语试题,2,1
2025年江西省萍乡市中考二模英语试题,1,1
2025年江西英语中考试卷,6,1
2025年江阳区四年级教学质量监测语文答案,1,1
2025年河北历史高考真题,2,1
2025年河北唐山开学考试生物,1,1
2025年河北唐山高39月份开学考试生物卷,1,1
2025年河北唐山高三开学考试生物卷,3,1
2025年河北普通高中学业水平选择性考试,2,1
2025年河北物理高考,1,1
2025年河北物理高考真题,1,1
2025年河北省中考卷,1,1
2025年河北省中考语文试题,4,1
2025年河北省唐山高三9月份开学考试生物卷,1,1
2025年河北省普通高中学业水平选择性考试物理,1,1
2025年河北省高考生物试题,2,1
2025年河北高考历史选择性考试,3,1
2025年河北高考题,2,1
2025年河南南阳高一下学期期末考试真题试卷,2,1
2025年河南焦作历史中考真题,2,1
2025年河南省驻马店市上蔡县八年级下册,1,1
2025年河南省高考生物试题,2,1
2025年河南高考生物学真题,1,1
2025年泉州洛江外国语小升初分班考试卷,1,1
2025年泸州高中第1次月考语文,2,1
2025年泸高第1次月考语文,1,1
2025年济南市高三开学考试卷,2,1
2025年济南物理高一上期末统考,2,1
2025年浙江一月卷,6,1
2025年浙江学考,1,1
2025年浙江学考政治,1,1
2025年浙江省a9协作题高三上学期一模物理试题,1,1
2025年浙江省中考,1,1
2025年浙江省丽水市莲都区七年级下册卷子,3,1
2025年浙江省化学奥林匹克复赛试题,2,1
2025年海南历史高考真题,1,1
2025年海南省中考试卷,1,1
2025年海南省初中学业水平考试,1,1
2025年海南省初中学业水平考试英语,3,1
2025年海南省高二天一联考政治期末试卷,1,1
2025年海南高考,3,1
2025年海南高考地理,2,1
2025年海口九年级物理试卷（第13单元））,2,1
2025年淮北高一第一次月考,2,1
2025年深圳二模,2,1
2025年深圳市深圳科学高中期末考试,1,1
2025年深圳市高三一模化学,1,1
2025年深圳市高三二模化学,4,1
2025年湖北10月考试,1,1
2025年湖北中考历史,1,1
2025年湖北省普通高中学业水平选择性考试地理,4,1
2025年湖北省荆州市高二上9月考生物试卷,1,1
2025年湖南历史高考真题,1,1
2025年湖南省初中学业水平考试,2,1
2025年湖南省初中学业水平考试历史,1,1
2025年湖南省张家界市永定区，六年级下册毕业会考,2,1
2025年湖南省普通高中学业水平合格性考试英语试题,2,1
2025年湖南省普通高中学术水平选择性考试生物学,1,1
2025年湖南省邵阳市武冈市高二期中考试试卷，数学,2,1
2025年湖南高考化学,3,1
2025年滨州北镇中学科创训练营考试七年级,1,1
2025年潍坊市中考数学,2,1
2025年烟台中考数学,3,1
2025年物理合格性考试试卷,1,1
2025年物理学考试卷浙江,1,1
2025年甘肃历史高考真题,1,1
2025年的山东省实验中学高一期末试题,5,1
2025年的零分班试卷,1,1
2025年盐城五校联考,2,1
2025年盐城高一期末统考英语试卷,2,1
2025年眉山市仁寿县物体中考试卷,1,1
2025年福山区高一物理期中试题,2,1
2025年福州将台区英语期中考试,1,1
2025年福建历史高考真题,3,1
2025年福建省中考英语,3,1
2025年秋季南阳市高一上学期期中考试语文,3,1
2025年秋季南阳市高一期中考试,1,1
2025年秋期高中一年级期中质量评估南阳,2,1
2025年第二学期学业水平调研八年级英语,1,1
2025年聊城中考题,1,1
2025年至2026年。语文期末海东联考试卷高一。,2,1
2025年至2026年山东省泰安市高一下学期英语,3,1
2025年至2026年山东省泰安市高二下学期英语,1,1
2025年至2026年高一漳州,3,1
2025年苏锡常镇二模,2,1
2025年英语1卷 全国新高考1卷真题,3,1
2025年英语全国1卷,2,1
2025年英语全国2卷,1,1
2025年茂名市物理第二学期末高中,1,1
2025年茂名市物理第二学期末高中高一,1,1
2025年茂名市生物学第二学期末高中,1,1
2025年茄子溪中学高一开学考试,1,1
2025年蚌埠市高一期末地理试卷,1,1
2025年衡山中学期中考试。,1,1
2025年襄阳四中五中物理自主招生真题卷,4,1
2025年西藏中考数学真题卷,3,1
2025年语文五年级下册岳阳楼区期末考试试卷,2,1
2025年语文全国Ⅰ卷,1,1
2025年语文高考卷一卷,6,1
2025年语文高考真题,1,1
2025年贵州高中物理初赛,2,1
2025年贵州高中物理竞赛初赛,2,1
2025年贵州高考历史卷,1,1
2025年赤峰市高一年级学年联考试题生物学,2,1
2025年赤峰市高中生物,1,1
2025年赤峰市高二年级学年化学联考试卷,1,1
2025年赤峰市高二年级学年生物联考试卷,2,1
2025年辽宁中考数学,1,1
2025年辽宁中考数学试卷,2,1
2025年辽宁大连市中考,1,1
2025年辽宁大连市中考语文,2,1
2025年辽宁省大连市中考语文,1,1
2025年邵阳市高二下期末联考,3,1
2025年郴州市一模,1,1
2025年郴州市高二下期末数学,2,1
2025年郴州市高考一模,1,1
2025年郴州市高考一模数学,1,1
2025年重庆中考英语,1,1
2025年重庆中考英语试题,4,1
2025年重庆市茄子溪中学高一开学考试,1,1
2025年重点中学指标到校考试,1,1
2025年镇江中考数学试卷,5,1
2025年长春地理会考,4,1
2025年长沙市中考物理卷,1,1
2025年长沙市长郡湘府中学开学考试,3,1
2025年陕晋青宁化学高考试卷,1,1
2025年陕晋青宁政治高考试卷,1,1
2025年陕西历史高考真题,3,1
2025年陕西语文中考二卷,1,1
2025年陕西高考,1,1
2025年青岛58中高一上期中考试卷,1,1
2025年青岛58中高一上期中考试卷物理,1,1
2025年青海合格性考试美术音乐,4,1
2025年青海省普通高中学业水平合格性考试体育与健康、音乐、美术试卷,4,1
2025年高一上学期数学扬州中学第一次月考试卷,1,1
2025年高一年级山大附中分班考试,1,1
2025年高一扬州中学第一次月考试卷,2,1
2025年高一数学扬州中学第一次月考试卷,1,1
2025年高一春季期末考试广西玉林语文,1,1
2025年高一榆次语文,2,1
2025年高三名校协作体思想政治,1,1
2025年高三名校协作体思想政治，浙江省,1,1
2025年高三徐汇一模语文,1,1
2025年高三教学测试生物学试题卷,4,1
2025年高三联考英语辽宁,2,1
2025年高三联考英语辽宁强化卷,1,1
2025年高中数学会考试卷,2,1
2025年高二上学期数学期中烟台,1,1
2025年高二会考补考试卷,5,1
2025年高考,3,1
2025年高考二卷,1,1
2025年高考全国二卷数学真题,1,1
2025年高考全国二卷语文,5,1
2025年高考化学真题河南,24,1
2025年高考北京卷物理高考真题,1,1
2025年高考卷语文,1,1
2025年高考广东卷物理真题答案,1,1
2025年高考政治真题,1,1
2025年高考数学,1,1
2025年高考新疆,1,1
2025年高考湖南生物学,2,1
2025年高考物理,1,1
2025年高考生物甲卷,2,1
2025年高考真题,2,1
2025年高考综合改革适应性演练 八省联考英语,6,1
2025年高考综合改革适应性训练八省联考英语金考卷,1,1
2025年高考英语全真模拟中级押题卷一新课标一卷,1,1
2025年高考英语全真模拟终极押题卷新高考1卷考试版,5,1
2025年高考英语真题,1,1
2025年高考语文 2卷全国2卷真题,1,1
2025年高考语文二卷,1,1
2025年高考语文真题全国一卷,2,1
2025年高考语文试卷,1,1
2025年黑龙江吉林辽宁内蒙古高考真题物物理,2,1
2025年黑龙江吉林辽宁内蒙古高考真题物理,2,1
2025年黑龙江省1月份合格性学业考试,1,1
2025年黑龙江省合格性学业考试,9,1
2025年，九年级下学期县域教育联盟考试,1,1
2025年，内蒙古赤峰市高二下半学期期末考试地理卷子,2,1
2025年，台前县一初分班考真题,3,1
2025年，广东省高州市茂名中考,3,1
2025广东中考,3,1
2025广东中考数学试题,1,1
2025广东中考生物,1,1
2025广东历史高考,5,1
2025广东期中数学高二,1,1
2025广东物理高考,1,1
2025广东生物卷,1,1
2025广东生物高考真题,2,1
2025广东省佛山市第一次质检,1,1
2025广东省佛山市质检,2,1
2025广东省市,1,1
2025广东省茂名市电白区高二下学期期末考试,1,1
2025广东高三数学一模分类汇编全套,4,1
2025广东高考,3,1
2025广东高考物理真题,1,1
2025广东高考生物学,2,1
2025广州中考,1,1
2025广州中考从化二模数学,3,1
2025广州中考数学真题,4,1
2025广州中考英语,2,1
2025广州市检测 动滑轮轻绳一端固定竖直杆P点，绕过定滑轮动滑轮，悬挂物块A、B，P点缓慢上移，判断物块运动与质量关系,1,1
2025广州市高三毕业班考前冲刺训练题三英语试题及答案解析,3,1
2025广州数学中考真题,1,1
2025广州高二下数学,1,1
2025广州高二下物理,2,1
2025广西中考,7,1
2025廊坊十五中开学考,2,1
2025延边州高三教学质量检测零模,2,1
2025张家口市高2上学期期中,12,1
2025徐州中考数学试卷,1,1
2025徐州高一上期末试卷,2,1
2025徐汇英语,1,1
2025徐汇英语一模,1,1
2025徐汇英语高三一模,2,1
2025德州中考,5,1
2025德州高一上英语,2,1
2025德州高一下期末,2,1
2025德州高三开学,3,1
2025念高考英语真题,1,1
2025怀化市期末考试试卷高二下,2,1
2025思想政治,1,1
2025成都一诊数学,1,1
2025扎兰屯八下期末历史,1,1
2025扬中高级中学高一,4,1
2025扬州中考,5,1
2025扬州中考数学,3,1
2025扬州中考英语,2,1
2025扬州市扬州中学期中考试,2,1
2025摸底数学南京,2,1
2025政治全国二卷,1,1
2025数学一模,3,1
2025数学辽宁初中,2,1
2025数学高 考,1,1
2025文言文合集,1,1
2025新一卷历史,2,1
2025新课标,1,1
2025新课标1卷,2,1
2025新高一开学测,1,1
2025新高考一卷,2,1
2025新高考一卷数学,1,1
2025新高考一卷英语,1,1
2025新高考语文作文,1,1
2025新高考贵州化学,1,1
2025日照高二上开学考,2,1
2025日语高考真题,1,1
2025昆三中开学考,1,1
2025昆三中高一开学考,1,1
2025春期南阳一中高三数学上第一次月考,1,1
2025春期南阳高三上期中物理,3,1
2025春期南阳高三上第一次月考,4,1
2025春期南阳高三数学上第一次月考,1,1
2025春期南阳高二下期末英语,1,1
2025是2026年的大理州统考七下试卷,6,1
2025普通高等学校招生全国统一考试全国二卷英语,1,1
2025普陀英语高三一模,2,1
2025杭州高三地理,2,1
2025杭州高三地理期末,1,1
2025松江二中分班考试卷,2,1
2025桂林二调,1,1
2025梅州市,2,1
2025梅州市市质检,1,1
2025正禾,1,1
2025武汉四调,2,1
2025武汉部分高三年级调研考试卷,2,1
2025武穴期末数学,2,1
2025武穴期末数学8年级,1,1
2025汕头期中,2,1
2025汕头期中数学,1,1
2025江岸区高三起点考,1,1
2025江苏南京,1,1
2025江苏南通一模,2,1
2025江苏卷生物,1,1
2025江苏合格考,2,1
2025江苏学业水平合格性真题物理,2,1
2025江苏扬州新华中学,2,1
2025江苏数学高 考,1,1
2025江苏淮安中考数学卷,1,1
2025江苏省合格考英语,1,1
2025江苏省徐州市丰县高二上学期数学月考试卷,2,1
2025江苏省徐州市丰县高二上学期月考试卷,1,1
2025江苏省数学奥林匹克,9,1
2025江苏省数学奥林匹克竞赛,2,1
2025江苏省泰州市合格考,2,1
2025江苏精灵,1,1
2025江苏精灵数学高一10月月考卷,1,1
2025江苏苏州10月月考卷,1,1
2025江苏苏州10月月考卷数学,1,1
2025江苏雎宁高一数学10月月考卷,1,1
2025江苏高考地理,2,1
2025江西化学,2,1
2025江西省宜春市高安市高一数学试卷,1,1
2025江西英语中考,3,1
2025江西英语中考听力,4,1
2025江西英语中考试卷,1,1
2025沈阳大东区三年级下册数学期末测试,1,1
2025沈阳大东区期中。,4,1
2025沈阳沈北期中。,1,1
2025沈阳重点校月考。,4,1
2025河北中考,1,1
2025河北省初中学业水平考试语文真题,2,1
2025河北省唐山高三开学考试生物,1,1
2025河南五市一模数学试卷,1,1
2025河南五市一模数学试卷与参考答案 #河南五市一模,1,1
2025河南卷历史,1,1
2025河池高三10月摸底,1,1
2025河池高三1摸底,1,1
2025河池高三摸底,1,1
2025河西期中,4,1
2025泰安市高一物理,1,1
2025泸州高一期末统考答案,1,1
2025济南二模生物,1,1
2025济南八年级数学上册期中考试,2,1
2025济南天桥七年级数学上册期中考试,1,1
2025济南语文中考题,1,1
2025济宁高三二模化学,2,1
2025浙江1月卷,2,1
2025浙江z20联盟政治第一次联考,2,1
2025浙江中考数学,2,1
2025浙江中考数学真题,1,1
2025浙江学考,1,1
2025浙江学考卷七月,1,1
2025浙江省金兰高二期中,1,1
2025浙江省金兰高二期中上学期,2,1
2025浙江英语1月卷,1,1
2025浙江高考复习1月卷,1,1
2025海南地理中考真题,1,1
2025海南省初中学业水平考试地理 生物,1,1
2025海州区数学一模,1,1
2025海淀一模语文,1,1
2025海淀高一期中数学,1,1
2025淮安中考,3,1
2025深圳一模,4,1
2025深圳生物中考真题,3,1
2025深圳龙岗区九年级数学期中考试,2,1
2025湖北化学,1,1
2025湖北卷生物,1,1
2025湖北卷生物高考,1,1
2025湖南卷高考考物理,3,1
2025湖南名校联合体模拟数学,2,1
2025湖南物理,1,1
2025湖南物理高考,2,1
2025湖南长沙九上数学第一次月考,1,1
2025潍坊七年级上学期期中数学试卷,1,1
2025潍坊三模生物,2,1
2025潍坊市高二上学期期中考试,1,1
2025潍坊市高二期中考试,1,1
2025潍坊高三上期末,2,1
2025潍坊高三期中,7,1
2025潮州英语,2,1
2025烟台芝罘物理九年级上册期中真题,2,1
2025烟台芝罘英语九年级上册期中真题,1,1
2025烟台芝罘语文九年级上册期中真题,1,1
2025烟台高三期中政治,1,1
2025版。外延九上英语。,1,1
2025版九年级历史上册120个常考问题,6,1
2025物理,1,1
2025物理 1卷高考全国卷真题,2,1
2025物理2,2,1
2025物理九年级,1,1
2025物理山东,1,1
2025物理数学2卷,1,1
2025物理湖南高考卷,1,1
2025物理高考真题,2,1
2025珠海一中五校,2,1
2025珠海中考数学,5,1
2025甘肃化学,1,1
2025甘肃化学高考,1,1
2025甘肃省地理学业水平测试高一,2,1
2025生物包头期末起点考,1,1
2025生物高考真题,1,1
2025生物高考真题山东,1,1
2025电白区八年级期中,2,1
2025盐城全市统考高一期末考试,2,1
2025盐城语文中考试题,3,1
2025睢宁县高级中学创培考试卷,2,1
2025石家庄高三质检一,2,1
2025福州一中高一数学集合,1,1
2025福州数学初二下期末,3,1
2025福州英语初二下期末,3,1
2025福建中考数学,2,1
2025福建中考语文,1,1
2025福建化学高考卷,1,1
2025福建物理高考,1,1
2025福建生物中考模拟卷,2,1
2025福建生物模拟卷,1,1
2025福建省初三福州英语质检卷,1,1
2025福建省地理中考,2,1
2025福建省适应性考试,1,1
2025福建省高三八月质检语文,1,1
2025福建省高三第一次质量检测语文,2,1
2025福建莆田三模数学试卷,1,1
2025福建高考,1,1
2025福建高考物理,1,1
2025秋四川专用 课时作业本九年级上册物理教科版 素能测评,6,1
2025第二学期期末四校联考高一语文,2,1
2025级2026年泸州高一下,2,1
2025级四川省学业水平考试数学,1,1
2025级高一上学期第一次阶段性考试,1,1
2025级高一年级下学期期末考试数学题,1,1
2025级高一（下）期末测试生物,7,1
2025绍初,1,1
2025绍初诊断,1,1
2025聊城初一上册数学期中考试试卷,2,1
2025至20268年级上册译林版 英语邳州市七中试卷,3,1
2025至2026七年级下册期末数学试卷,1,1
2025至2026七年级下册期末数学试卷福建,1,1
2025至2026博伦中学九年级语文月考,1,1
2025至2026唐山统考数学,2,1
2025至2026学年part学习八年级英语期末,1,1
2025至2026学年上海市英语高一检测卷,2,1
2025至2026学年下学期东北师大附中高二年级期末考试语文试卷,2,1
2025至2026学年下学期期末试卷8年级英语,2,1
2025至2026学年九年级上学期期中数学试题南阳市,3,1
2025至2026学年八年级下学期期末试卷八年级英语测,2,1
2025至2026学年学习八年级下学期英语期末质量检测,4,1
2025至2026学年学习八年级英语期末质量检测,1,1
2025至2026学年官渡区下学期期末学业质量监测二，8年级英语试卷,1,1
2025至2026学年官渡区学习八年级英语期末,2,1
2025至2026学年山东省滨州市沾化区6年级下册数学试卷 I,1,1
2025至2026学年度上期成都东部新区入学考试,4,1
2025至2026学年度下学期七年级英语学科期末质量评估卷,4,1
2025至2026学年度下学期高一年级期末考试辽宁,1,1
2025至2026学年度下期离家中学初2025级英语暑假作业我学习,1,1
2025至2026学年度德雅期末测试卷日语高一,2,1
2025至2026学年度春季学期期末质量检测语文,4,1
2025至2026学年度榆林高新区8年级数学。下册试题,1,1
2025至2026学年度榆林高新区8年级数学下册试题,2,1
2025至2026学年度神木。8年级第二学期数学测试期末卷。,6,1
2025至2026学年度第二学期全蒙高一年级期末质量检测,2,1
2025至2026学年度第二学期学科素养练习英语,1,1
2025至2026学年度第二学期期末教学质量监测五年级道德与法治,1,1
2025至2026学年度第二学期期末练习高一数学A,1,1
2025至2026学年度第二学期期末质量教学评估5年级语文部编版,2,1
2025至2026学年度第二学期质量检测8年级历史试题,3,1
2025至2026学年玉溪下学期期末考试试卷，8年级英语,1,1
2025至2026学年玉溪学习八年级英语期末质量检测,1,1
2025至2026学年盘龙区下学期8年级英语期末测试卷,2,1
2025至2026学年盘龙区下学期8年级英语期末试卷答案,2,1
2025至2026学年秋季学期期中义务教育质量监测7年级数学学科南宁三中,2,1
2025至2026学年秦州区第二学期期末质量监测卷5年级英语。,1,1
2025至2026学年秦州区第二学期期末质量监测卷5年级语文。,6,1
2025至2026学年第二学期学业水平统一检测五年级数学电子版,2,1
2025至2026学年第二学期度榆林高新区8年级数学下册试题,1,1
2025至2026学年西山区学习八年级英语期末质量检测,3,1
2025至2026学年陕西省西安中学高一下,2,1
2025至2026学年，蚌埠市a层高中第一次联考物理卷,3,1
2025至2026学盘龙区学习八年级英语期末,1,1
2025至2026市北区七下道法期末真题,3,1
2025至2026年 内蒙古自治区包头市昆都仑区8年级期末试卷,3,1
2025至2026年 内蒙古自治区包头市昆都仑区8年级物理期末试卷,1,1
2025至2026年八年级下册语文期末测试卷阳江市江城区真题,2,1
2025至2026年度下学期期末考试高一语文试题,2,1
2025至2026年长沙市一中双语九年级上数学开学考,2,1
2025至2026广东省阳江市江城区八下历史期末试卷,4,1
2025至2026期末试卷,4,1
2025至2026济宁市期末初二,2,1
2025至2026秦淮区七下期末数学试卷,1,1
2025至2026菏泽市高一英语,2,1
2025至2026辽宁省博伦中学九年级语文月考,1,1
2025至2026辽宁省大连市博伦中学九年级语文月考,4,1
2025至2026长沙市北雅中学九年级上学期数学开学考试题,2,1
2025至2026长沙市长雅中学九上数学入学考,2,1
2025至2026高考英语卷子,1,1
2025至2026，曲阜市，八年级下册，物理,4,1
2025至2026，武汉市汉阳区翠微中学语文七下期末的平均分,1,1
2025至202六七年，预期下学期期末考试试卷，8年级英语,2,1
2025至一2026年武汉高三年级 9月调研考试数学,4,1
2025苏锡常镇一模,1,1
2025苏锡常镇一模英语,1,1
2025苏锡常镇一模英语听力,4,1
2025英语四级真题,1,1
2025薛城八年级物理9月月考试卷,3,1
2025襄阳期末,2,1
2025西北四省联考,2,1
2025西安交大数学招生考试。,2,1
2025语文 1卷高考卷,1,1
2025语文全国Ⅰ卷,1,1
2025语文高考，真题,2,1
2025贵州省,1,1
2025贵州省中考英语,2,1
2025贵州省高考生物,1,1
2025贵州高考政治真题答案,3,1
2025贵州高考物理,4,1
2025贵阳市高三摸底考试,2,1
2025赣州市高二化学期末,1,1
2025赣州市高二数学期末,1,1
2025赤峰市高二下学期期末考试,2,1
2025转2026湖北省部分省级市范高中高二期末历史,2,1
2025辽宁中考物理,1,1
2025辽宁二模物理,2,1
2025辽宁大连三模英语,2,1
2025辽宁省中考,3,1
2025辽宁省中考语文,1,1
2025辽宁省大连市中考语文,2,1
2025辽宁高考二模物理,1,1
2025达州一诊,3,1
2025连云港初三期中,3,1
2025道里2模,1,1
2025道里二模物理,1,1
2025邗江中学高一期中,2,1
2025重庆中考语文,1,1
2025铜陵中学分班考试卷,1,1
2025长沙市第1中学月考4,1,1
2025长郡期中,2,1
2025长郡期中高一化学,1,1
2025闵行一模,2,1
2025闵行一模化学,1,1
2025闵行数学一模,2,1
2025闵行数学初三一模,1,1
2025陕西中考历史,1,1
2025雅礼中学高一上期中数学考试,3,1
2025雅礼中学高一上期中考试,1,1
2025青岛一模,4,1
2025青岛五十八中,1,1
2025青岛期初考试,3,1
2025青岛期初考试日语,1,1
2025青岛高三一模,6,1
2025青岛高三上学期开学考数学,3,1
2025青岛高三期初考试,2,1
2025静安一模语文,2,1
2025音体美,1,1
2025音体美会考,1,1
2025高 考,1,1
2025高一上学期,1,1
2025高一上学期月考,2,1
2025高一上期末试卷,1,1
2025高一上物理第1次月考抚顺市名校,1,1
2025高一下德州期末,12,1
2025高一下期末考试区县重点高中,3,1
2025高一下期末语文卷吉林长春艺术实验中学,2,1
2025高一数学上第一次月考鞍山1中,1,1
2025高一数学上第一次月考鞍山一中,1,1
2025高一数学集合单元卷,1,1
2025高一期末山东,2,1
2025高一清华附中分班考,1,1
2025高一清华附中朝阳学校分班考,2,1
2025高一物理第10月月考抚顺名校,3,1
2025高一物理第一次月考抚顺名校,1,1
2025高一物理第十月月考抚顺名校,1,1
2025高一语文期末大兴,2,1
2025高三上学期开学考,3,1
2025高三期初考试,1,1
2025高三杨浦数学一模,1,1
2025高三浦东一模,2,1
2025高三浦东数学一模,3,1
2025高二下山东德州期末考试,2,1
2025高二期末,1,1
2025高二生物期中考试卷,2,1
2025高考2卷,1,1
2025高考一轮复习数学,1,1
2025高考二卷英语,1,1
2025高考全国甲卷英语卷,1,1
2025高考化学卷,2,1
2025高考化学真题,2,1
2025高考历史2025高考历史真题,1,1
2025高考历史甲卷,1,1
2025高考地理,1,1
2025高考天津,1,1
2025高考改革,1,1
2025高考日语全国卷,2,1
2025高考日语全国卷一卷,4,1
2025高考满分作文,1,1
2025高考物理卷子,1,1
2025高考物理卷子湖南,2,1
2025高考物理河南卷真题,1,1
2025高考真题,2,1
2025高考真题全国一卷,1,1
2025高考真题全国二卷物理,6,1
2025高考真题全国二卷物理重庆,1,1
2025高考真题化学,3,1
2025高考真题化学2025,1,1
2025高考综合性改革适应性训练,2,1
2025高考英语一卷,6,1
2025高考英语全国一卷,1,1
2025高考英语全国二卷,2,1
2025高考英语听力真题,3,1
2025高考英语听力真题有听力音频,2,1
2025高考英语听力真题有音频,3,1
2025高考试卷甘肃,1,1
2025高考语文一卷,2,1
2025高考语文作文,1,1
2025高考语文全国一卷,3,1
2025高考语文全国一卷作文讲解,1,1
2025高考语文真题,3,1
2025高考重庆物理,1,1
2025高考陕甘青宁卷物理三,1,1
2025高考题,4,1
2025黄冈高三调研,1,1
2025黄冈高三调研九月,3,1
2025黑吉辽蒙化学,2,1
2025黑吉辽蒙高考物理,1,1
2025黑吉辽高考历史,1,1
2025黑龙江化学,1,1
2025黑龙江大庆模拟预测数学,2,1
2025黑龙江高二下期中数学,2,1
2025黑龙江高考化学,2,1
2025齐齐哈尔历史中考真题,2,1
2025齐齐哈尔数学中考真题,1,1
2025龙岗期末高二下数学深圳市,1,1
2025龙岗期末高二下物理深圳市,2,1
2025龙岗期末高二下生物深圳市,4,1
2025，深圳二模,2,1
2025－2026学年度武汉市部分学校高三年级调研考试,1,1
2025－2026学年度武汉市部分学校高三年级调研考试英语,1,1
2025－2026学年高一下学期期末模拟卷01,3,1
2025－2026学年高一下学期期末模拟卷01人教版英语,1,1
2025－2026年陕西省中考生物,3,1
2025－2026辽宁九师联盟语文高一,1,1
2025－2026高一,3,1
2025～2026 学年普通高中供给训练高二英语,1,1
2025～2026 湖南省长沙市长郡教育集团 8年级下期末数学试卷,1,1
2025～2026九年级上册第一次月考,1,1
2025～2026学年12月七校联合学情调研英语,2,1
2025～2026学年天津市西青区杨柳青第一中学高三第一次月考数学,1,1
2025～2026学年度第二学期期末检测五年级英语试题,5,1
2025～2026学年度第二学期期末检测高一化学,1,1
2025～2026学年度第二学期高一年级期末考试,2,1
2025～2026学年核心突破,2,1
2025～2026学年核心突破（二十七）,4,1
2025～2026学年第一学期八年级期末学情诊断卷物理试卷,1,1
2025～2026学年高二数学第三次月考卷,1,1
2025～2026学期下期期末高二英语,1,1
2025～2026安徽合肥高一上学期学期期末数学,2,1
2025～2026安徽合肥高一上学期期末数学,2,1
2025～2026安徽合肥高一学期期末数学,1,1
2025～2026山东省临沂市兰山区八年级上册物理期中答案,2,1
2025～2026年上海市交通大学附属中学高二下学期期末生物学,1,1
2025～2026年上海市交通大学附属中学高二下学期期末考试,1,1
2025～2026年上海市华东师范大学第二附属中学高二下学期期末考试,1,1
2025～2026年上海市华东师范大学第二附属中学高二下学期期末考试化学,1,1
2025～2026年上海市复旦大学附属中学高二下学期期末考试,1,1
2025～2026年上海市复旦大学附属中学高二下学期期末考试语文,1,1
2025～2026年上海市青浦区复旦大学附属中学高二下学期期末考试,1,1
2025～2026年上海市高二下学期期末考试,2,1
2025～2026年上海市高二下学期期末考试化学,1,1
2025～2026年上海市高二下学期期末考试物理,1,1
2025～2026年上海市高二下学期期末考试英语,1,1
2025～2026年上海市高二下学期期末考试语文,1,1
2025～2026年天津市东丽区七年级下学期学业水平监测,2,1
2025～2026年天津市东丽区七年级下学期学业水平监测数学,1,1
2025～2026年山西省吕梁市高二下学期期末考试,3,1
2025～2026江苏省泰州市高二上物理期中,2,1
2025～2026甘肃省临夏州统考语文试卷高二,1,1
2026  02卷高考化学答案,1,1
2026  高考历史,1,1
2026  高考物理,1,1
2026 0 0,1,1
2026 0 0 1 1卷 全国数学高考,1,1
2026 0 0 1卷 全国政治高考,2,1
2026 0 0 1卷 全国物理高考,2,1
2026 0 0 1卷 全国英语高考真题,1,1
2026 0 0 1卷 全国高考 历史,7,1
2026 0 0 1卷 全国高考 安徽 语文,1,1
2026 0 0 1卷 全国高考 英语参考答案,1,1
2026 0 0 1卷 全国高考 英语听力,1,1
2026 0 0 1卷 全国高考 英语试卷及答案详解,1,1
2026 0 0 1卷 全国高考 语文答案,2,1
2026 0 0 1卷 四川高考,3,1
2026 0 0 1卷 政治高考,1,1
2026 0 0 1卷 高考,1,1
2026 0 0 1卷 高考 化学河南,2,1
2026 0 0 1卷 高考 英语,2,1
2026 0 0 1卷 高考历史,1,1
2026 0 0 2卷 全国高考 英,2,1
2026 0 01卷,1,1
2026 0 01卷 高考 语文,1,1
2026 0 01卷 高考卷,1,1
2026 0 01卷 高考数学云南,2,1
2026 0 01卷 高考数学浙江,1,1
2026 0 01卷 高考物理真题,2,1
2026 0 01卷 高考英语北京,1,1
2026 0 01卷 高考语文,1,1
2026 0 1 一 卷浙江首考,1,1
2026 0 山东卷 高考物理真题,1,1
2026 02卷 高考数学,1,1
2026 0卷 高考数学,1,1
2026 2025八年级下册期末数学,3,1
2026 2025八年级下册期末物理,6,1
2026 2025八年级下册期末英语,1,1
2026 2026茂名市期末考试英语答案,2,1
2026 2027八下期末数学,1,1
2026 2027大连市高二下学期期末考试,2,1
2026 2027贵州省安顺市高二下学期期末考试答案,1,1
2026 2027高二下学期期末考试,1,1
2026 2卷 全国高考,2,1
2026 2卷英语,1,1
2026 7月高一数学市质检,1,1
2026 7月高一数学市质检梅州,1,1
2026 T8联考山东省淄博市,1,1
2026 七宝高三英语,2,1
2026 中考 01 卷英语,1,1
2026 中考 福建英语听力,3,1
2026 中考 福建英语听力答案,1,1
2026 中考北京,1,1
2026 中考数学真题,1,1
2026 中考数学真题物理,2,1
2026 中考数学真题物理贵州,1,1
2026 中考数学真题贵,1,1
2026 中考数学真题贵州,2,1
2026 中考英语,1,1
2026 中考英语真题,2,1
2026 二卷 高考数学,1,1
2026 五月嵊州,2,1
2026 五月诸暨,1,1
2026 佛山市 高一,1,1
2026 全国 01卷 高考数学真题,2,1
2026 全国 01高考语文作文范文,1,1
2026 全国 02高考语文,3,1
2026 全国 1卷 高考卷语文真题,1,1
2026 全国 1卷数学,1,1
2026 全国 1卷数学高考,1,1
2026 全国 1卷语文,1,1
2026 全国 2卷 高考,1,1
2026 全国 2卷 高考卷数学真题,1,1
2026 全国 2卷 高考卷语文真题,1,1
2026 全国一卷,2,1
2026 全国一卷 高考数学,2,1
2026 全国一卷英语答案,1,1
2026 全国二卷 高考 英语 真题,2,1
2026 全国高考 安徽 语文,1,1
2026 全国高考二卷,8,1
2026 凉山州试卷,4,1
2026 化学 高考 真题,1,1
2026 北京卷数学真题,1,1
2026 合格考地理广东,2,1
2026 地理高考卷,1,1
2026 地理高考卷新疆,2,1
2026 天津,2,1
2026 安徽中考英语试卷,1,1
2026 安徽物理高考真题,2,1
2026 安徽高考 01 卷数学,1,1
2026 安徽高考化学真题,1,1
2026 安徽高考物理真题,2,1
2026 届,1,1
2026 届江苏省南通市一模英语试题(原卷版),5,1
2026 届江苏省南通市一模英语试题(原卷版).pdf,1,1
2026 山东省历史,1,1
2026 山东省历史中考,1,1
2026 年 0 1卷 1数学试卷,1,1
2026 年 0 1卷 1英语试卷,1,1
2026 年 0 1卷 1语文试卷河南,1,1
2026 年 1 月，各地高三模拟考英语题型专项听力试题 30 套,3,1
2026 年1月浙江 1首考英语试卷,2,1
2026 年中考语文 21 篇新课标文言文默写考前专练 背诵版,7,1
2026 年北京市高考数学回忆卷,4,1
2026 年新仁爱版英语 7升 8 暑假衔接讲义。,3,1
2026 年新疆高考真题,1,1
2026 年高考数学试卷,1,1
2026 年龙岗区期末七下道法试卷,2,1
2026 年龙岗区期末道法试卷,1,1
2026 广东,1,1
2026 广东中考数学真题,1,1
2026 广东广州二模,1,1
2026 广州中考,2,1
2026 广西高考 语文 1卷试卷,1,1
2026 建平高三英语,1,1
2026 必背方程式汇总高中化学,3,1
2026 必背方程式高中化学,1,1
2026 数学 2卷高考卷真题,1,1
2026 新疆中考听力,1,1
2026 新疆中考听力真题,1,1
2026 新疆高考数学卷真题,4,1
2026 新高考1卷 数学,2,1
2026 新高考一卷卷 高考数学,1,1
2026 江苏 高考 化学,1,1
2026 河南物理高考真题,1,1
2026 浙江高考,1,1
2026 深圳 中考试卷,1,1
2026 湖北物理高考真题,4,1
2026 湖南物理高考真题,1,1
2026 物理 1卷 高考全国卷真题,2,1
2026 物理 高考 真题,4,1
2026 物理高考卷真题,2,1
2026 福建省地理,1,1
2026 苏教版小学六年级上册数学,1,1
2026 英语 2卷,1,1
2026 英语 2卷 高考全国卷真题,1,1
2026 语文 1卷高考卷,3,1
2026 语文 1卷高考卷真题,1,1
2026 语文深圳 中考试卷真题,1,1
2026 高中素材积累,1,1
2026 高考 01 卷 高考真题 英语,1,1
2026 高考 01 卷语文,1,1
2026 高考 化学,1,1
2026 高考 天津卷 语文,6,1
2026 高考 物理,1,1
2026 高考 语文 2卷,7,1
2026 高考2卷 语文,2,1
2026 高考2卷英语,1,1
2026 高考数学 1卷全国1卷,3,1
2026 高考数学1卷湖南,1,1
2026 高考数学1卷答案,1,1
2026 高考数学云南,1,1
2026 高考数学模拟,1,1
2026 高考数学模拟杭州二中,1,1
2026 高考物理真题,1,1
2026 高考生物,1,1
2026 高考生物浙江,1,1
2026 高考英语,1,1
2026 高考英语 1卷全国1卷,1,1
2026 高考语文,2,1
2026--2027辽中高一下期末考,2,1
2026-2027天津东丽区高一英语期末试卷,1,1
2026-2027学年九年级上册数学单元自测,1,1
2026-2027学年九年级英语上册,1,1
2026-2027学年人教pep版六年级英语上册 暑假衔接讲义,2,1
2026-2027学年人教版初一升学英语入学分班考试模拟卷（一）,1,1
2026-2027学年外研版九年级上册同步词汇一本通,1,1
2026-2027学年度学科素养周测评（一）生物.组成细胞的分子（1）,1,1
2026-2027学年度高三单元过关,1,1
2026-2027学年英语综合测试卷,2,1
2026-2027学年高一物理暑期预习效果自测2,1,1
2026-2027学年高一英语必修第一册单元练习（外研版）,2,1
2026-2027学年鲁教版（五四学制）八年级英语上册基础背记,3,1
2026-2027年德州市宁津县高一下学期期末数学数学,1,1
2026-2027拿满基础分自主小练,1,1
2026-2027浙江名校英语综合测试卷1,1,1
2026-2027英语综合测试卷2浙江名校,2,1
2026-2027英语综合测试卷浙江名校,1,1
2026-2027高一化学必修二综合测试2,1,1
2026.07化学山东郓城,2,1
2026.07化学山东郓城期末,1,1
2026.6物理会考,1,1
2026.6物理会考高中,1,1
2026.6物理会考高中四川,1,1
2026.6物理会考高中四川藏区,3,1
2026.7.17,1,1
2026001卷历史,2,1
2026001卷高考物理,2,1
2026002卷语文,1,1
2026002高考数学,1,1
2026002高考物理,1,1
202600苏州数学试卷,1,1
202605镇海英语,2,1
202605镇海英语高三上,1,1
202607,1,1
2026071516NT高二期末,2,1
20260716,1,1
20260哈尔滨市高考第一次模拟考试,1,1
20261月浙江英语,1,1
20262027 学年高二生物单元测测,1,1
20262卷 高考英语,1,1
20262卷物理,1,1
20262卷生物,1,1
20267下怀化市期末统考卷数学,5,1
20267年级下学期河北省唐山市期末考试数学试卷,1,1
20267月重点郊联体联考辽宁省数学卷子,1,1
20269上北师大版数学书,4,1
20269上历史新教材背诵提纲加问答是清单模型,5,1
20269年级中考模拟,1,1
2026@,1,1
2026A9返校考,3,1
2026A9高三返校考,1,1
2026IHCS-3,4,1
2026T8联考,1,1
2026~2027化学高一单元自测,3,1
2026~2027物质的量,4,1
2026一2027江门市蓬江区六年级下册语文江门市,1,1
2026一卷高考,1,1
2026一高中二高中七校协作体,1,1
2026七下娄星区期末考试答卷,2,1
2026七下怀化市期末试卷地理,1,1
2026七下数学期末考试卷沂水,2,1
2026七下英语期末考试卷沂水,1,1
2026七宝高三数学,1,1
2026七年级上册历史卷,1,1
2026七年级上册数学卷,3,1
2026七年级下兴化市期未充考试卷,1,1
2026七年级下数学试卷,1,1
2026七年级第二学期数学试卷,1,1
2026三原县八下期末,2,1
2026三原县八下期末英语,1,1
2026三模,1,1
2026三省三校联考物理,1,1
2026三联语文试卷,1,1
2026三门峡八年级下册地理期末,1,1
2026上半年广西学业水平考试高二,1,1
2026上海,1,1
2026上海中考数学真题,1,1
2026上海中考数学真题答案,2,1
2026上海中考英语,1,1
2026上海初三一模数学,2,1
2026上海卷,1,1
2026上海卷高考,1,1
2026上海数学,1,1
2026上海数学高考,2,1
2026上海春考数学,2,1
2026上海春考数学真题,1,1
2026上海松江二模语文,2,1
2026上海沪教版数学作业专项基础题,2,1
2026上海高考化学,7,1
2026上海高考山东真题,5,1
2026上海高考物理,1,1
2026下半年广西学业水平考试高二,1,1
2026东北三省三省联考语文,1,1
2026东城区语文中考卷,5,1
2026东城高一上数学,2,1
2026东平县四年级下册期末考试,1,1
2026东莞一模生物,1,1
2026东莞中考,1,1
2026两江新区,2,1
2026中山化学一模,1,1
2026中山化学一模高三,2,1
2026中山期末,1,1
2026中考 语文,2,1
2026中考一模卷,2,1
2026中考二模,2,1
2026中考化学山东,1,1
2026中考化学重庆,2,1
2026中考北京语文,1,1
2026中考卷子道法,1,1
2026中考卷山东泰安,2,1
2026中考卷山东泰安英语,1,1
2026中考卷湖南,1,1
2026中考历史真题临沂,2,1
2026中考历史长春,1,1
2026中考地理河北,1,1
2026中考安徽语文试卷,2,1
2026中考山东语文,1,1
2026中考山东语文泰安,2,1
2026中考山西,1,1
2026中考成都,2,1
2026中考成都数学,1,1
2026中考政治,1,1
2026中考数学北京,6,1
2026中考数学吉林,2,1
2026中考数学试卷,1,1
2026中考武汉化学,2,1
2026中考江苏启东卷,2,1
2026中考河北,2,1
2026中考河北数学,1,1
2026中考浙江数学,1,1
2026中考物理真题泸州,1,1
2026中考物理真题辽宁,1,1
2026中考物理辽宁,2,1
2026中考生物,1,1
2026中考生物真题,2,1
2026中考真题,1,1
2026中考考前预测卷南通专用,1,1
2026中考英语1600个词带音标打印版,3,1
2026中考英语3500课标词汇完整版,3,1
2026中考英语北京,1,1
2026中考英语模拟考试,1,1
2026中考英语真题,5,1
2026中考试卷,1,1
2026中考试卷安徽,1,1
2026中考试卷安徽数学,3,1
2026中考试卷湖北黄冈,1,1
2026中考辽宁真题,7,1
2026中考长春,2,1
2026中考题北京,1,1
2026临沂中考,2,1
2026临沂中考英语,2,1
2026临沂市高二下学期期末,2,1
2026临沂市高二下学期期末英语试卷,8,1
2026临沂高一期末数学试卷,1,1
2026临沂高一期末英语,1,1
2026临沂高三上学期期末化学,1,1
2026临沂高二下学期期中英语试卷,1,1
2026临沂高二期末数学,1,1
2026临沂高二期末英语,2,1
2026临沂高二期末语文,1,1
2026临高县小学六年级学业水平测试卷,1,1
2026丹东二中高一上化学期末,2,1
2026丹东五中八年级下期末考试,1,1
2026丹东高一上物理期末,2,1
2026丹东高一下数学期末,1,1
2026九台31中八下数学期末卷,1,1
2026九年级上册人教版新教材电子课件英语,4,1
2026九年级上册数学查漏补缺,1,1
2026二卷,1,1
2026二卷数学高考贵州,2,1
2026二卷语文高考,1,1
2026二模,1,1
2026于洪区语文七下试卷,2,1
2026云南,1,1
2026云南中考英语真题,1,1
2026云南地理,2,1
2026云南昆明西山区初一数学期末考,1,1
2026云南昆明西山区初二英语期末考,2,1
2026云南省中考数学试题图片版，提供PDF高清扫描卷，可截图保存成照片,1,1
2026云南省中考生物,1,1
2026云南省中考英语,1,1
2026云南省普通高中学业水平生物秋季,1,1
2026云南省玉溪市统测英语试卷,1,1
2026云南省红河州个旧市高一上学期期中,1,1
2026云南省红河州高一上学期期中,1,1
2026云南省红河州高一期中,1,1
2026云南语文中考,3,1
2026云南高考地理,1,1
2026云南高考物理,1,1
2026五中第一次月考英语,1,1
2026五升六阅读打卡30天统编版,6,1
2026交大附中高三英语,2,1
2026人教版6下数学期末试卷,1,1
2026人教版中考3500词汇完整版,1,1
2026人教版九年级上册英语单词,5,1
2026人教版九年级上册英语单词表,1,1
2026人教版数学六上教材,1,1
2026仁爱版九上英语,1,1
2026仁爱版九上英语河南驻马店,1,1
2026仁爱版九上英语课本河南驻马店,3,1
2026会考,2,1
2026会考云南省历史卷,2,1
2026佛山,3,1
2026佛山二模生物,1,1
2026佛山五下,2,1
2026佛山期末,2,1
2026佛山统考,1,1
2026佛山质检,1,1
2026佛山质检数学,2,1
2026佛山高一下学期期末英语,1,1
2026作文素材,1,1
2026保定高新区九年级上册物理期中考试,1,1
2026保定高新区九年级上册英语期中考试,1,1
2026全国 高考物理卷,1,1
2026全国1数学真题,1,1
2026全国2卷数学,1,1
2026全国2卷物理,2,1
2026全国2卷英语,1,1
2026全国一卷数学试卷,1,1
2026全国一卷物理卷,1,1
2026全国一卷物理真题,1,1
2026全国中学生奥林匹克数学竞赛云南,1,1
2026全国中学生数学奥林匹克竞赛初赛广东,2,1
2026全国二卷物理,4,1
2026全国二卷真题,1,1
2026全国二卷英语听力,5,1
2026全国二卷语文,1,1
2026全国二卷高考英语答案,1,1
2026全国卷历史,1,1
2026全国卷日语模拟试卷,2,1
2026全国天域联盟英语,2,1
2026全国数学高考二卷,2,1
2026全国新课标一卷数学卷,2,1
2026全国普通高等学校运动训练.民族传统体育专业单独统一招生考试押题六套卷政治五,2,1
2026全国普通高等学校运动训练.民族传统体育专业单独统一招生考试押题六套卷数学五,3,1
2026全国统一考试考前冲刺卷一,4,1
2026全国英语一卷,1,1
2026全国语文高考1,2,1
2026全国高中数学联赛一试,1,1
2026全国高中数学联赛预赛,1,1
2026全国高考1卷,2,1
2026全国高考一卷英语,2,1
2026全国高考二卷语文,2,1
2026全国高考二卷语文真题,8,1
2026全国高考历史,2,1
2026全国高考政治,5,1
2026全国高考数学,2,1
2026全国高考试卷,1,1
2026全国高考语文1卷和北京卷,2,1
2026八下期末星湾,1,1
2026八下期末考试题,2,1
2026八下物理期末考试,10,1
2026八下第二学期复习卷,1,1
2026八中物理高一,7,1
2026八年级,1,1
2026八年级上册数学湘教版湖南岳阳临湘试题,1,1
2026八年级上学期段考人民教育出版物理湖南省岳阳市临湘市第六中学试卷,6,1
2026八年级下册物理期末考试,2,1
2026八年级下册英语镇平,1,1
2026八年级下册语文期末试卷泉州市南安市,1,1
2026八年级下册语文泰安市岱岳区期末考试,3,1
2026八年级下学期,9,1
2026八年级史地生试卷岱岳区,2,1
2026八年级强基,1,1
2026八年级快乐过暑假,1,1
2026八年级物理期末试卷,2,1
2026八年级甘孜州统考,1,1
2026六校联考,1,1
2026六盘水市高一下质量监测,5,1
2026兰州市小升初数学试卷,6,1
2026兴化初一,2,1
2026内蒙古中考,1,1
2026内蒙古中考物理试卷,1,1
2026内蒙古普通高中学业评测试,2,1
2026内蒙古普通高中期末考试,2,1
2026内蒙古自治区包头市第一中学自主招生数学试卷,1,1
2026内蒙古自治区包头市第九中学自主招生数学试卷,1,1
2026内蒙古自治区包头市语文1模,7,1
2026内蒙古自治区包头市语文一模考试模,2,1
2026内蒙古自治区包头市语文二模,1,1
2026内蒙古自治区松山区数学期末,2,1
2026内蒙古赤峰市七年级下册期末试卷,2,1
2026军年秋青岛版数学课本,1,1
2026凉山州高一试卷,1,1
2026凉山州高二下期试卷答案,5,1
2026初一下期期末考试卷石景山,1,1
2026初三一模英语北京市朝阳区,2,1
2026初中中考语文北京市,2,1
2026初中学业水平考试,2,1
2026初中水面结业测试真题卷,2,1
2026初中语文,2,1
2026初二期末,1,1
2026初二期末数学,2,1
2026到2027人教版选择性必修一第一章章节测试卷。,1,1
2026包头中考模拟试题,2,1
2026包头小升初,2,1
2026化学专项练习,2,1
2026化学中考,3,1
2026化学中考卷,1,1
2026化学中考卷长郡,1,1
2026化学二卷。,1,1
2026化学全国一卷,1,1
2026化学江苏考试,2,1
2026化学试卷专项练习,2,1
2026化学试卷长郡,1,1
2026化学陕西,2,1
2026化学高考卷,2,1
2026北京6月中考,1,1
2026北京6月高考,5,1
2026北京东城高一下期末语文,2,1
2026北京中考物理试卷,1,1
2026北京中考英语真题,1,1
2026北京中考语文,2,1
2026北京中考语文范围,1,1
2026北京九上期末数学习题汇编,5,1
2026北京九上期末数学几何汇编,3,1
2026北京九上期末数学几何?汇编,1,1
2026北京九上期末数学汇编,2,1
2026北京二模物理,1,1
2026北京初中学业水平考试,1,1
2026北京初中学业水平考试化学,3,1
2026北京卷高考数学,2,1
2026北京合格考英语,1,1
2026北京合格考英语第二次,1,1
2026北京四中高一上数学,2,1
2026北京大兴初一下期末道德与法治,1,1
2026北京数学中考,1,1
2026北京朝阳高31模，英语,2,1
2026北京海淀高31模英语,3,1
2026北京石景山高一下期末物理,4,1
2026北京第二次合格考历史,1,1
2026北京西城区化学高二下期末,2,1
2026北京语文中考卷,1,1
2026北京通州期末物理试卷,1,1
2026北京通州高一下期末物理,2,1
2026北京通州高一数学,2,1
2026北京陈经纶中学月考,2,1
2026北京顺义高三一模历史,1,1
2026北京高三一模历史,3,1
2026北京高考卷,2,1
2026北京高考历史,1,1
2026北京高考是诶,1,1
2026北京高考生物真题,3,1
2026北京高考真题,1,1
2026北京高考语文真题,1,1
2026北大强基,3,1
2026北师大版九上数学课本电子版,2,1
2026北师大版数学必刷题,2,1
2026北海市期末高二,2,1
2026北海市期末高二下,1,1
2026北碚高二,2,1
2026十堰市第一中学学科特长生招生考试,5,1
2026南京市高二上学期九月月考物理,4,1
2026南京市高二上学期期中物理,2,1
2026南京市高二上学期期末物理,6,1
2026南京盐城一模语文,2,1
2026南充高一,1,1
2026南宁4下数学试卷,1,1
2026南宁三模地理,1,1
2026南开中学,1,1
2026南开中学一诊,3,1
2026南昌0模,1,1
2026南昌0模数学,1,1
2026南昌0模数学9月,3,1
2026南昌0模数学9月高三,1,1
2026南海区九年级数学中考卷,1,1
2026南通中考生物地理,1,1
2026南阳市9年级多县联考语文,1,1
2026南阳市八年级英语期末卷,1,1
2026南阳市高二期末英语试卷,1,1
2026南阳高一合格考试,1,1
2026南阳高一期末,2,1
2026博罗县,1,1
2026厦门二检,1,1
2026厦门市湖滨中学生物,2,1
2026双流区二诊化学,3,1
2026双流区二诊英语,1,1
2026双流区适应性,3,1
2026双流区适应性九年级,1,1
2026叙永八下期末数学,1,1
2026叙永初二期末数学,1,1
2026台州六月期末,1,1
2026各地模考语文卷,1,1
2026各省高考卷  化学,2,1
2026合格考,1,1
2026合格考广东,1,1
2026吉大附中七年级数学试卷,1,1
2026吉林八下数学期未卷,2,1
2026吉林省学业水平合格,1,1
2026吉林省高一期末考试卷子,4,1
2026名校联盟,2,1
2026吐鲁番市七年级下册卷子,1,1
2026周南中学,2,1
2026呼和浩特初升高衔接,1,1
2026和平区九年级第一学期期中质量调查,1,1
2026哈尔滨中考数学卷,2,1
2026哈尔滨二模数学,1,1
2026哈尔滨市高考第二次模拟数学试题,1,1
2026哈尔滨高考第二次模拟考试,1,1
2026唐县八年级第二学期期末考试试卷,3,1
2026唐山摸底考试,2,1
2026唐山高一语文期末,3,1
2026喀什化学学考卷,1,1
2026喀什市高一下学期期末考试,1,1
2026喀什物理期末试卷,1,1
2026嘉定区八年级下学期期末卷,1,1
2026四升五人教版暑假作业42天,8,1
2026四川合格性考试历史,1,1
2026四川德阳 中考卷,4,1
2026四川普通高中会考试卷,1,1
2026四川普通高中学业水平合格考试卷,2,1
2026四川生物合格,1,1
2026四川省资阳市高一下数学试卷,1,1
2026四川省资阳市高一下语文试卷,1,1
2026四川省高考物理,2,1
2026四川绵阳中考数学,4,1
2026四川绵阳六年级,2,1
2026四川绵阳市梓潼县六年级,1,1
2026四川预赛数学,2,1
2026地理中考,1,1
2026地理中考济南,2,1
2026地理四川卷,1,1
2026地理期末考试卷,1,1
2026地生,1,1
2026地生中考,2,1
2026地生会考,2,1
2026塘沽二中第一学期高三月考试卷语文,1,1
2026备战高考一轮,1,1
2026复旦附中高三数学,2,1
2026大庆中考卷子,2,1
2026大庆中考数学真题,1,1
2026大湾区二模物理,2,1
2026大湾区二模物理高三,3,1
2026大连中考英语,2,1
2026大连二十四中学高一期末化学,3,1
2026大连二十四中学高一期末考试物理,1,1
2026大连二十四中高一期末考试物理,2,1
2026大连市高一期末考试数学,1,1
2026大连市高一期末考试物理,2,1
2026大连市高一考试物理,1,1
2026天一安徽七月物理试题,1,1
2026天府新区,1,1
2026天津中考,1,1
2026天津中考数学,3,1
2026天津中考数学真题,1,1
2026天津南开高三第二学期质量检测一,1,1
2026天津卷数学,2,1
2026天津和平区高二英语,2,1
2026天津市五校联考高一下期末数学,2,1
2026天津市五校联考高一下期末语文,1,1
2026天津市南开中学高三物理一月考,1,1
2026天津滨海新区化学高二,2,1
2026天津滨海新区化学高二上,1,1
2026天津部分区高二下化学期末,4,1
2026天津高中生物,1,1
2026天津高考,1,1
2026天津高考数学,1,1
2026天津高考数学真题,1,1
2026天津高考物理试卷,1,1
2026天津高考生物,2,1
2026天津高考真题,2,1
2026天津高考语文,2,1
2026天津高考语文作文,2,1
2026如皋物理期末试卷高一,1,1
2026威海中考,8,1
2026威海乳山初一生物期末下学期,1,1
2026娄底初一下册期末考试卷,2,1
2026娄底初一下册期末考试卷答题卡,1,1
2026学业水平合格性考试,4,1
2026学业水平模拟测试历史试题,2,1
2026学业水平测试,1,1
2026学年七年级下学期期末模拟卷,2,1
2026学年度第一学期期中重点校联考高三语文试卷,1,1
2026学海领航山东春季高考数学历年真题试卷山东职教高考,5,1
2026学考 7月浙江,2,1
2026学考 7月浙江真题,1,1
2026学考卷浙江,2,1
2026学考地理,1,1
2026学考数学,2,1
2026学考数学浙江,1,1
2026宁夏中考数学卷及答案,7,1
2026宁波九校联考语文,2,1
2026宁波市,1,1
2026宁波市镇海中学高三下学期模拟预测,2,1
2026安岳数学八年级,2,1
2026安康高二期末,3,1
2026安徽中考,1,1
2026安徽中考化学,1,1
2026安徽中考数学试卷,2,1
2026安徽中考物理,2,1
2026安徽中考英语听力,7,1
2026安徽中考英语听力 音频,4,1
2026安徽中考试卷,2,1
2026安徽合肥数学中考,2,1
2026安徽阜阳开学考,2,1
2026安徽高考化学,1,1
2026安徽高考历史,1,1
2026安徽高考政治真题,1,1
2026安徽高考政治试卷,2,1
2026安徽高考物理试卷,1,1
2026安徽高考物理试卷及答案,1,1
2026安徽高考语文试卷,2,1
2026安达市高级中学期末数学,4,1
2026宜宾中考数学,2,1
2026宜宾兴文中考物理,2,1
2026宜宾高一期末化学卷,1,1
2026宣恩五年级下册期末试卷,4,1
2026宿迁中考物理,1,1
2026小升初毕业真题路南,2,1
2026小升初语文·暑假衔接 阅读与习作专项课程,6,1
2026小学三年级吉安斯末,1,1
2026届8省名师联合命制高考测评卷十,3,1
2026届9月高三开学考齐鲁名校,1,1
2026届9月高三开学考齐鲁名校联考,1,1
2026届云南省云南名校联盟高三上学期第四次联考模拟预测 生物,3,1
2026届八省名师联合命制高考测评卷十,1,1
2026届南通市通州区中考数学,2,1
2026届哈三中期末试卷,2,1
2026届嘉兴市高三上学期教学测试,2,1
2026届地理卷一,1,1
2026届天津市十二校高三期末联考二模数学,2,1
2026届安庆一中,4,1
2026届安徽高考试卷,1,1
2026届宿迁中考数学卷,3,1
2026届山东济钢高中5月适应性测试,2,1
2026届广东深圳市高三年级第一次调研考试语文试卷,1,1
2026届广州市高三年级调研测试。,1,1
2026届成都高三一诊试卷下载,1,1
2026届成都高三下学期定时练习（成都三诊）数学试卷,1,1
2026届新高考语文背诵推荐篇目60篇注音版,5,1
2026届无锡高三上学期期末考试英语,2,1
2026届普通高中毕业班共体综合测试,1,1
2026届普通高中毕业班第二次模拟测试,2,1
2026届柳州高三一模历史,1,1
2026届柳州高三第一次模拟历史,3,1
2026届柳州高三第一次模拟地理,2,1
2026届柳州高三第一次模拟政治,2,1
2026届江苏省南京市盐城市高三上学期,1,1
2026届江苏省如皋中学高三上学期一轮复习摸底考试,1,1
2026届江西省人教版地理课件,1,1
2026届河北省衡水市衡水二中等多校高三上学期三调考试（三模）物理试题,2,1
2026届河北省部分地区高三年级阶段性测试语文试卷,1,1
2026届河北衡水四调,2,1
2026届河南百校联盟高三开学模拟联考,3,1
2026届济钢高中5月适应性测试,1,1
2026届浙江宁波镇海中学高三下学期模拟预测历史试卷,1,1
2026届浙江晚高中县中发展共同体高三联考卷语文。,2,1
2026届浙江省Z20名校联盟（浙江省名校新高考研究联盟）高三上学期第一次联考,2,1
2026届浙江省浙江强基联盟高三上学期10月联考语文试题,2,1
2026届浙江省精诚联盟高三5月日,1,1
2026届浙江省精诚联盟高三5月日语,1,1
2026届浙江省绍兴市诸暨市高三下学期二模,2,1
2026届浙江省绍兴市高三上学期选考科目诊断性考试,1,1
2026届海南省文昌中学中考模拟考试道德与法治科测试题 二,6,1
2026届湖北新八校,1,1
2026届湖北新八校高三第二次联考二模,6,1
2026届湖南省长沙市高三下学期第二次模拟自编卷数学试,1,1
2026届生物一轮复习知识清单,1,1
2026届皖南八校高三第一次大联考语文,1,1
2026届盐城高三考前辅导,1,1
2026届石家庄市普通高中学校毕业年级教学质量检测,2,1
2026届石家庄市普通高中学校毕业年级教学质量检测一,3,1
2026届福建三明市普通高中高三下学期质量检测（高三二模）物理试题,2,1
2026届福建省漳州市高中毕业班第三次教学质量检测,3,1
2026届福建省漳州市高中毕业班第二次教学质量检测,1,1
2026届福建省漳州市高中毕业班第四次教学质量检测,1,1
2026届陕西西安市临潼区华清中学高考全真模拟预测（三）语文,1,1
2026届雅礼中学开学考,2,1
2026届雅礼中学开学考英语,1,1
2026届高三t8联考数学试卷,1,1
2026届高三top210名校调研考试语文试题,1,1
2026届高三上哈三中期末试卷,1,1
2026届高三哈三中试卷,7,1
2026届高三四模,1,1
2026届高三四模数学试题,2,1
2026届高三年级11月阶段测试,7,1
2026届高三年级9月教学质量诊断检测,1,1
2026届高三年级9月教学质量诊断检测数学,1,1
2026届高三年级提出阳光调研试卷,3,1
2026届高三年级提出阳光调研试卷化学,2,1
2026届高三年级期初阳光调研试卷（化学）,1,1
2026届高三广东省广州市零模调研日语,2,1
2026届高三数学二轮复习,4,1
2026届高三新起点摸底考试,2,1
2026届高三第2次模拟检测,2,1
2026届高三第一次模拟考试数学试卷一,2,1
2026届高三第二次模拟检测地理,2,1
2026届高三统编版历史二轮专题复习的思维导图,3,1
2026届高三英语一轮复习·语法填空真题分类汇编讲义,1,1
2026届高三英语一轮复习读后续写专项训练与情绪相关的动作,1,1
2026届高考全真模拟英语试卷,1,1
2026届高考数学百分练,12,1
2026届高考模拟试卷,2,1
2026届高考语文复习:高考成语辑录,4,1
2026届高考语文复习语法小知识,2,1
2026山东专升本数学,1,1
2026山东中考化学,1,1
2026山东中考历史,1,1
2026山东中考物理,1,1
2026山东中考物理烟台,2,1
2026山东中考真题,1,1
2026山东中考英语,2,1
2026山东中考试卷,6,1
2026山东中考语文真题,2,1
2026山东二模,6,1
2026山东初中学业水平考试化学,1,1
2026山东历史一模,2,1
2026山东历史高考真题,4,1
2026山东地理高考,1,1
2026山东政治,1,1
2026山东新高考地理真题,1,1
2026山东日照二模数学,1,1
2026山东日照政治期末,1,1
2026山东日照政治期末高二,1,1
2026山东淄博九上期末数学期末检测卷,2,1
2026山东潍坊三模数学试卷,2,1
2026山东潍坊高一下学期期末生物,1,1
2026山东物理高考,2,1
2026山东省中考数学真题,3,1
2026山东省中考英语,1,1
2026山东省临沂市高一下学期期末考试,2,1
2026山东省初中学业水平考试,1,1
2026山东省合格考,2,1
2026山东省实验中学一诊,1,1
2026山东省实验中学二诊化学,1,1
2026山东省德州市高一期末考试,6,1
2026山东省河河口,1,1
2026山东省济南市高一下期末物理,2,1
2026山东省济宁市中考试卷,8,1
2026山东省烟台市烟台一中幸福校区高一下期中物理考试,1,1
2026山东省青岛市即墨区高一年级统考 下学期英语卷,5,1
2026山东省龙囗市期,1,1
2026山东聊城高一下学期期末生物,2,1
2026山东英语高考真题,2,1
2026山东莘县初二期末数学,1,1
2026山东菏泽高一政治,2,1
2026山东语文中考真题,1,1
2026山东金乡初中七年级期末数学试题,2,1
2026山东青岛中考,6,1
2026山东青岛即墨统考高一,2,1
2026山东青岛高一下期末物理试卷,4,1
2026山东青岛高三第一学期期末英语,2,1
2026山东高一下期末物理试卷,1,1
2026山东高考,1,1
2026山东高考历史真题,2,1
2026山东高考政治真题,1,1
2026山东高考英语试卷,1,1
2026山东高考语文试卷,1,1
2026山西吕梁三模,1,1
2026山西大同一模,3,1
2026山西大同三模,1,1
2026山西太原一模,1,1
2026山西省化学高考,1,1
2026山西省南阳市化学高二期终,1,1
2026山西语文中考,2,1
2026岱岳区,1,1
2026岳阳市高二期末,2,1
2026岳阳市高二联考,1,1
2026崇左高三一模政治,2,1
2026崇明语文一模,2,1
2026巴中中考,3,1
2026巴中中考适应性考试,2,1
2026巴南区,2,1
2026师大附中期末考试题,1,1
2026希望杯一年级数学,1,1
2026常州中考,1,1
2026常州中考卷,1,1
2026常州中考数学,2,1
2026常州高二期末,2,1
2026平顶山五年级期末卷,4,1
2026年,2,1
2026年 全国二卷 化学,1,1
2026年 全国高考英语,1,1
2026年 四升五 语文 暑假衔接讲义,2,1
2026年 山东高考试卷,1,1
2026年 广州中考数学真题,2,1
2026年 陕西地生中考,1,1
2026年 陕西地生会考,1,1
2026年02卷数学高考,2,1
2026年02卷理综卷,1,1
2026年18个文言虚词,2,1
2026年1月普通高校招生全国统一考试英语,2,1
2026年1月普通高等学校招生全国统一考试英语,1,1
2026年1月浙江卷听力,2,1
2026年1月浙江卷英语听力,1,1
2026年1月浙江物理选考,1,1
2026年1月浙江省普通高校招生选考科目考试历史,2,1
2026年1月高考新Ⅰ卷英语听力,2,1
2026年2卷高考物理,2,1
2026年2卷高考物理试题,1,1
2026年2月华罗庚金杯少年数学邀请赛冬令营香港,2,1
2026年4月，山东济南高二2模,1,1
2026年5月上海高考等级性考试,1,1
2026年6月,2,1
2026年6月丽水期末通用,1,1
2026年6月二年级下册数学随堂练习河南省南阳市宛城区,5,1
2026年6月二年级数学随堂练习,3,1
2026年6月二年级数学随堂练习河南省南阳市宛城区,1,1
2026年6月份福建省普通高中学业水平合格性考试地理试题,3,1
2026年6月四川普通高中学业水平合格考试卷,1,1
2026年6月浙江省,1,1
2026年6月浙江省普通高校招生选考科目考试思政,3,1
2026年6月浙江省高中历史选考试题预判卷,2,1
2026年6月浙江省高考数学,1,1
2026年6月浙江选考地理试题,1,1
2026年6月福建省普通高中学业水平合格性考试地理试题,1,1
2026年6月鞍山市铁东区期末试卷三年级,3,1
2026年6月鞍山市铁西区期末试卷三年级,2,1
2026年7年级上册数学必刷题理想献,2,1
2026年7月15日,2,1
2026年7月份浙江省普通高中学业水平,14,1
2026年7月初数学期末考试卷,1,1
2026年7月初数学期末考试卷a10,1,1
2026年7月普通高中期末考试,1,1
2026年7月浙江省普通高中学业水平考试数学真题及答案,1,1
2026年7月浙江省普通高中学业水平考试英语真题及答案,1,1
2026年7月浙江省普通高中学业水平考试语文真题及答案,1,1
2026年7月的一份普通高中语文试卷,2,1
2026年7月辽宁省高中学业水平合格考试生物试卷,1,1
2026年7月高二期末考试,2,1
2026年7月高二期末质量检测生物学,2,1
2026年7月黑龙江高中会考,3,1
2026年8年级下册永春县英语试卷,1,1
2026年9年级武汉市英语五调,11,1
2026年9年级武汉市英语五调武昌,4,1
2026年9年级武汉市语文五调,4,1
2026年A10联盟数学期末考试卷,1,1
2026年一月普通高等学校招生全国统一考试,2,1
2026年一本初中预备新初三化学答案,1,1
2026年七下广元兴安数学期末试卷,4,1
2026年七下期末考题,1,1
2026年七下期末考题天津,1,1
2026年七下期末考题天津英语,3,1
2026年七年级上册第一次英语月考考试天津真题,4,1
2026年七年级下册历史期末试卷,1,1
2026年七年级下册庆云县期末试卷,1,1
2026年七年级下册期中试卷,1,1
2026年七年级下册生物期末试卷,3,1
2026年七年级下册英语期末考试卷,3,1
2026年七年级下册英语期末考试天津真题,4,1
2026年七月份广东省广州市高二数学期末考试,1,1
2026年三中洞口三中新高1分班考试试卷,1,1
2026年三年级下铁东区语文期末卷子,5,1
2026年三明高一,2,1
2026年三维设计,1,1
2026年上半年吉林省普通高中学业水平合格性测试地理,2,1
2026年上学期八年级期末卷物理,1,1
2026年上学期八年级期末检测卷,1,1
2026年上学期高二期末考试,1,1
2026年上海中学高一第一学期期末数学卷,1,1
2026年上海中考数学试卷,1,1
2026年上海卷语文真题,1,1
2026年上海卷高考语文真题,1,1
2026年上海市中考数学试卷,1,1
2026年上海市中考试卷（所有学科）,11,1
2026年上海春考英语,1,1
2026年上海浦东一模数学高三,1,1
2026年上海高考数学试卷,2,1
2026年上海高考等级性考试,1,1
2026年东平县实验中学七年级上册期中英语卷子,1,1
2026年东莞中考考试试卷,3,1
2026年东莞市长安实验中学化学教材,2,1
2026年东营市初中学业水平模拟考试生物试题三,4,1
2026年中山纪念中学高二下学期期末考试,2,1
2026年中考,5,1
2026年中考 2026年中考数学卷,3,1
2026年中考 数学河南省试卷,1,1
2026年中考 英语,1,1
2026年中考 英语河南省,1,1
2026年中考化学专项练习--古法工艺区分物理、化学变化,3,1
2026年中考化学专项练习--古法工艺区分物理、化学变化（二）,2,1
2026年中考名著阅读真题,1,1
2026年中考宝典历史默写本答案,1,1
2026年中考数学真题,3,1
2026年中考数学真题青岛,1,1
2026年中考数学真题青岛市即墨区,2,1
2026年中考数学题,1,1
2026年中考济南真题,2,1
2026年中考真题卷语文,1,1
2026年中考第1次模拟考试福建卷,2,1
2026年中考英语试卷广东省,2,1
2026年中考英语试卷广东省汕头市,1,1
2026年中考英语试卷广东省汕头市初三,1,1
2026年中考英语辽宁,11,1
2026年中考英语高频词词汇变形归纳（专题）广东专用,3,1
2026年中考试卷,1,1
2026年中考试卷真题,1,1
2026年丰南区六年级下半学期,1,1
2026年丰台区,1,1
2026年临沂市高二下学期期末化学试卷,1,1
2026年临沂市高二下学期期末数学试卷,2,1
2026年临沂市高二下学期期末考试地理,1,1
2026年临沂高一下学期英语考试,1,1
2026年九师政治,1,1
2026年九师联盟高一语文。,5,1
2026年九年级上册历史人教电子书,2,1
2026年九年级下册中考试题,1,1
2026年九年级下册人教版语文教材,1,1
2026年二卷理综合卷,2,1
2026年二卷高考数学题,2,1
2026年云南卷数学高考真题,1,1
2026年云南省中考卷,1,1
2026年云南省中考数学解析,1,1
2026年云南省中考英语真题,1,1
2026年云南省初中学业水平考试,4,1
2026年云南省新高考自主命题冲刺金卷,4,1
2026年云南省昭通市中考化学,1,1
2026年云南省昭通市中考数学,2,1
2026年云南省普通高中会考物理试卷,1,1
2026年云南省普通高中会考通用试卷,2,1
2026年云南高考物理试卷答案,2,1
2026年人教版英语教科书,1,1
2026年体育单招,1,1
2026年佛山市中考试卷,1,1
2026年佛山市地生会考地理卷子,1,1
2026年全国1卷,4,1
2026年全国1卷数学,1,1
2026年全国1卷河北省语数英历政地真题,4,1
2026年全国1卷英语,2,1
2026年全国1卷英语试题,1,1
2026年全国1卷语文,2,1
2026年全国II卷英语,1,1
2026年全国II卷英语真题 听力完整试题,1,1
2026年全国一 二卷语文,2,1
2026年全国一 二卷语文青海,1,1
2026年全国一卷数学卷高考真题,2,1
2026年全国一卷物理,2,1
2026年全国一卷英语真题,1,1
2026年全国一卷语文真题,2,1
2026年全国一卷高考冲刺卷（一）英语答案,1,1
2026年全国一卷高考冲刺卷（二）英语答案,3,1
2026年全国一卷高考冲刺卷（二）英语答案天利38套,2,1
2026年全国一卷高考英语,1,1
2026年全国一英语,2,1
2026年全国乙卷英语,2,1
2026年全国二卷,2,1
2026年全国二卷。历史。,1,1
2026年全国二卷。历史。 高考卷。,1,1
2026年全国二卷数学,1,1
2026年全国二卷物理,2,1
2026年全国二卷英语,2,1
2026年全国二卷英语真题,2,1
2026年全国二卷英语词汇清单,1,1
2026年全国二卷英语试题,1,1
2026年全国二卷词汇清单,1,1
2026年全国二卷高考英语,1,1
2026年全国二卷高考英语真题,3,1
2026年全国卷历史,2,1
2026年全国卷高考,1,1
2026年全国各地中考数学压轴题,6,1
2026年全国新高考一卷物理,1,1
2026年全国新高考二卷英语试题,3,1
2026年全国湖南语文高考一卷,1,1
2026年全国甲卷英语试题,1,1
2026年全国语文2卷答案,4,1
2026年全国语文高考一卷,2,1
2026年全国高考1卷数学,1,1
2026年全国高考一卷,2,1
2026年全国高考二卷物理,1,1
2026年全国高考卷语文,4,1
2026年全国高考历史试卷,2,1
2026年全国高考数学一卷,3,1
2026年八年级上册期末试卷,1,1
2026年八年级上册物理期末水平测试卷,2,1
2026年八年级上册生物期末试卷,1,1
2026年八年级下册数学期末测试卷,3,1
2026年八年级下册数学期末考试卷广安,2,1
2026年八年级下学期期中检测试卷语文（一）,1,1
2026年八年级广西的生地中考,4,1
2026年六上语文二单元试卷,2,1
2026年六下,1,1
2026年六年级潮州湘桥英语试卷,1,1
2026年六盘水市钟山区八下数学期末试卷,7,1
2026年内初班招生考试试卷,2,1
2026年内蒙古中考语文,5,1
2026年内蒙古包头物理,5,1
2026年内蒙古学业水平合格考试,2,1
2026年内蒙古自治区中考数学试卷,3,1
2026年内蒙古语文中考题,1,1
2026年初中学业水平考试,9,1
2026年初中物理自招真题,2,1
2026年初中英语时文阅读加传统文化专项训练,4,1
2026年初二物理竞赛培优,1,1
2026年初二物理竞赛福建培优,2,1
2026年初二物理竞赛福建培优福建省,1,1
2026年初高中词汇及用法梳理,1,1
2026年包头昆区期末,1,1
2026年化学竞赛国初,3,1
2026年化学高考卷,1,1
2026年化学高考卷山东,1,1
2026年化学高考湖北,2,1
2026年北京一零一八年级上数学期末,1,1
2026年北京一零一初二上数学期末,1,1
2026年北京中考,2,1
2026年北京中考完型填空真题,2,1
2026年北京中考数学试卷及答案解析,1,1
2026年北京中考英语完型填空真题,1,1
2026年北京中考语文试卷,2,1
2026年北京中考题,4,1
2026年北京初中数学,2,1
2026年北京市中考英语试卷,1,1
2026年北京市中考英语试题,1,1
2026年北京市中考语文试卷,1,1
2026年北京市数学北师版八年级下册期末试题卷,3,1
2026年北京市朝阳区高二下期末考试试卷数学,2,1
2026年北京市海淀区高一上物理期末检测,1,1
2026年北京市海淀区高一上物理期末检测区统考,2,1
2026年北京市第一次普通高中学业水平合格性考试  地理,2,1
2026年北京市顺义区高三一模数学,4,1
2026年北京师范大学附属中学中考考前预测,1,1
2026年北京师范大学附属中学中考考前预测(三模),1,1
2026年北京师范大学附属中学中考考前预测（三模）,1,1
2026年北京师范大学附属中学中考考前预测（三模）语文试题,1,1
2026年北京语文高考试卷,3,1
2026年北京高二政治期末考试试题,2,1
2026年北师大七下数学期末试卷,1,1
2026年北票第三高级中学期末考试,2,1
2026年华数冬令营香港,1,1
2026年南京中考数学,3,1
2026年南京外国语学校月考物理八年级上册,2,1
2026年南京市中考化学,1,1
2026年南京高一化学期末卷高淳高级中学,1,1
2026年南京高一英语期末卷高淳高级中学,3,1
2026年南充市8年级,2,1
2026年南充市8年级物理,1,1
2026年南充市8年级物理期末,1,1
2026年南充高级中学高一上册第一次月考考历史,1,1
2026年南昌中考卷,1,1
2026年南昌高考卷,1,1
2026年南海区期末数学八年级下册,2,1
2026年南海区期末语文八年级下册,2,1
2026年南通市中考数学,1,1
2026年南阳市期末数学考试,1,1
2026年历史全国二卷。,2,1
2026年历史全国二卷。新疆。新疆维吾尔自治区。,1,1
2026年历史全国二卷。新疆省。,1,1
2026年历史河北中考答案,1,1
2026年历史高考卷,2,1
2026年历史高考真题,1,1
2026年厦门双十,2,1
2026年厦门市期末高一下学期数学期末考试,5,1
2026年台州市高二下期末英语,3,1
2026年各省高考真题,1,1
2026年合格性学业考试,1,1
2026年合江县春期义务教育阶段期末检测六下语文,1,1
2026年合肥一中5月模拟演练二,1,1
2026年合肥市8中,3,1
2026年吉林省四平市双辽市8年级下学期期中数学试卷,4,1
2026年吉林省四平市双辽市八项数学期中,2,1
2026年吉林省生地会考,2,1
2026年吉林省长春公主岭市响水镇7年级下册期末考试卷 数学 期末,2,1
2026年和平一模考试卷,1,1
2026年哈尔滨市中考一模南岗,1,1
2026年哈尔滨市中考三模南岗,1,1
2026年哈尔滨市中考二模南岗,1,1
2026年哈尔滨市群力经纬中学期末考试的政治卷子.,2,1
2026年哈尔滨市高考第一次模拟考试,2,1
2026年哈尔滨市高考第二次模拟考试,2,1
2026年哲理七年级上学期数学期末卷子,2,1
2026年商丘市初中学业质量检测地理,1,1
2026年商丘市初中学业质量检测生物,2,1
2026年四川北师大七下数学期末试卷,2,1
2026年四川合格考试卷地理,1,1
2026年四川合格考试生物,2,1
2026年四川数学高二下期,3,1
2026年四川物理卷,4,1
2026年四川省南充高中卓越,1,1
2026年四川省青川县数学期末试题,3,1
2026年四川省高考历史试卷,1,1
2026年四川高一合格考试生物,1,1
2026年四川高考政治,3,1
2026年地理河北卷,2,1
2026年地理高考卷,1,1
2026年地理高考卷甘肃,2,1
2026年地理高考陕西卷,1,1
2026年地生会考河南卷,1,1
2026年地生考试,1,1
2026年增城区期末数学,1,1
2026年大理市中考一模物理试卷。,1,1
2026年大连中考英语真题,1,1
2026年大连市三十六中学高一下学期期末考试语文试卷,4,1
2026年大连市第80中学,1,1
2026年大连市高一下学期期末考试卷B卷数学,1,1
2026年天一联考,1,1
2026年天一联考安徽英语期末,3,1
2026年天水市中考卷,2,1
2026年天津市十二区重点学校高三毕业联考,2,1
2026年天津市实验中学期末政治,1,1
2026年天津市期末数学卷,2,1
2026年天津市红桥区八年级数学,1,1
2026年天津市部分区数学试卷,3,1
2026年天津市高中政治高考,1,1
2026年天津市高中数字高考,2,1
2026年天津武清区中考数学试卷,2,1
2026年天津部分区高二化学期末试卷,3,1
2026年天津部分区高二地期末试卷,1,1
2026年天津部分区高二地理期末试卷,2,1
2026年天津部分区高二物理期末试卷,1,1
2026年天津高考,2,1
2026年天津高考化学真题,1,1
2026年天津高考数学真题,2,1
2026年天津高考数学试卷,2,1
2026年天津高考物理真题,1,1
2026年天津高考英语第一次笔试,1,1
2026年威海中考,4,1
2026年威海物理八年级期末考试,2,1
2026年孝感市云梦县中考语文试卷,2,1
2026年学科素养评价练习语文2,1,1
2026年学考试卷,1,1
2026年宁德市历史初中九年级毕业班质量检测,2,1
2026年宁德市历史初中毕业班质量检测,1,1
2026年宁德市英语初中毕业班质量检测,1,1
2026年宁波十校,2,1
2026年宁阳县历史中考,4,1
2026年安庆市高一4月九校联考期中考试,2,1
2026年安庆市高一期末九校联考试卷数学,1,1
2026年安徽中考,1,1
2026年安徽中考物理,4,1
2026年安徽中考英语真题,1,1
2026年安徽中考试卷,7,1
2026年安徽初中学业水平考试卷数学,1,1
2026年安徽历史高考,2,1
2026年安徽省物理真题,2,1
2026年安徽省物理高考试卷,1,1
2026年安徽省高考真题,2,1
2026年安徽高考化学试卷,3,1
2026年安徽高考历史试卷真题,1,1
2026年安徽高考物理试卷答案,1,1
2026年安徽高考物理题,1,1
2026年安徽高考语文真题试卷,2,1
2026年定西八年级下册期末质量检测图片版,10,1
2026年宜宾,1,1
2026年宜宾市数学高二下期,1,1
2026年宜宾市调研考试数学,1,1
2026年宣城市高一下数学期末考试,1,1
2026年宣城市高一数学期末考试,2,1
2026年宿迁中考数学试卷,2,1
2026年宿迁中考数学试卷正式试卷,1,1
2026年寒假验收卷二,2,1
2026年小升初,1,1
2026年小升初潮州湘桥英语试卷,1,1
2026年山东中考,1,1
2026年山东中考英语,1,1
2026年山东各地一模考试数学试题分类汇编,3,1
2026年山东合格考化学真题,3,1
2026年山东合格考地理真题,2,1
2026年山东嘉祥英语中考真题卷,1,1
2026年山东地理中考,2,1
2026年山东政治高考卷,1,1
2026年山东济南高三二模英语,2,1
2026年山东滕州英语中考真题卷,1,1
2026年山东潍坊市高一下学期学业质量评价化学试题,1,1
2026年山东烟台高三二模数学,2,1
2026年山东物理高考真题,2,1
2026年山东生物,1,1
2026年山东生物高考,1,1
2026年山东省中考,9,1
2026年山东省中考英语模拟,1,1
2026年山东省化学,1,1
2026年山东省化学高考,2,1
2026年山东省历史全省初中结业考试,8,1
2026年山东省历史初中结业考试,2,1
2026年山东省普通高中学业水平等级考试历史真题,1,1
2026年山东省普通高中学业水平等级考试地理试题,1,1
2026年山东省泰安市历史中考,3,1
2026年山东省泰安市地理中考,1,1
2026年山东省泰安市岱岳区八年级下册期末政治试卷,1,1
2026年山东省泰安市岱岳区八年级下册期末试卷,2,1
2026年山东省泰安市新泰市地理中考,1,1
2026年山东省泰安市新泰市地理中考真题,2,1
2026年山东省泰安市新泰市生物中考真题,1,1
2026年山东省济南市高三下学期一模语文,3,1
2026年山东省济宁市初一下册期末试卷,6,1
2026年山东省烟台龙囗市期末卷,2,1
2026年山东省烟台龙囗市第二学期期末卷,1,1
2026年山东省聊城市,1,1
2026年山东省聊城市期末,2,1
2026年山东省聊城市阳谷县八年级下册期末考试数学试卷,2,1
2026年山东省聊城市高二下学期期末试卷化学,1,1
2026年山东省聊城市高二下学期期末试卷英语,3,1
2026年山东省菏泽市定陶区历史期末试卷,5,1
2026年山东省菏泽市英语中考,1,1
2026年山东省高考,1,1
2026年山东省龙囗市期末卷,1,1
2026年山东英语中考,3,1
2026年山东青岛物理高一期末,2,1
2026年山东高考俄语,1,1
2026年山东高考物理卷,2,1
2026年山西对口试卷,2,1
2026年山西对口高考试卷,2,1
2026年山西省中考英语试题,2,1
2026年山西省中考语文试卷,1,1
2026年市质检莆田市历史,1,1
2026年市质检莆田市地理,2,1
2026年市质检莆田市数学,5,1
2026年希望联盟杯,2,1
2026年广东中考数学卷,8,1
2026年广东中考英语,1,1
2026年广东中考语文卷,2,1
2026年广东历史一模卷,3,1
2026年广东潮州湘桥区五年级下册英语期末,1,1
2026年广东省中考英语试题,1,1
2026年广东省中考语文,1,1
2026年广东省中考语文试题,2,1
2026年广东省初中学业水平考试,3,1
2026年广东省历史选择性考试A卷,1,1
2026年广东省广州市普通高中毕业班冲刺训练一,1,1
2026年广东省惠州市 八年级下册,2,1
2026年广东省惠州市博罗县 八年级下册,2,1
2026年广东省普通高中学业水平选择性考试,1,1
2026年广东省普通高中学业水平选择性考试A卷历史,2,1
2026年广东省普通高中学业水平选择性考试历史,2,1
2026年广东省普通高等学校招生全国统一考试预测卷三模,1,1
2026年广东省深圳市中考试卷,11,1
2026年广东省深圳市中考试卷数学,1,1
2026年广东省生地会考,1,1
2026年广东省生物中考真题卷,2,1
2026年广东省茂名市高一 下学期期末考试,11,1
2026年广东省茂名市高一下学期期末测试,31,1
2026年广东语文中考卷答案,1,1
2026年广东高考历史试卷,1,1
2026年广州一模,2,1
2026年广州中考卷,3,1
2026年广州中考数学,9,1
2026年广州中考英语,3,1
2026年广州中考英语科目,5,1
2026年广州化学中考,5,1
2026年广州化学中考原题,5,1
2026年广州历史中考真题,2,1
2026年广州市中考,5,1
2026年广州市中考真题数学,1,1
2026年广州市历史一模卷,1,1
2026年广州市历史高三一模卷,2,1
2026年广州市普通高中毕业班综合测试,1,1
2026年广州市普通高中毕业班综合测试 一,2,1
2026年广州市普通高中毕业班综合测试 二,1,1
2026年广州市白云区八年级下册数学期末测试卷,2,1
2026年广州市白云区八年级下册物理期末测试卷,1,1
2026年广州市白云区小学数学人教版四年级下册期末考试卷,2,1
2026年广州市白云区期末历史试卷七年级下册,2,1
2026年广州市白云区期末数学试卷七年级下册,1,1
2026年广州市花都区期末数学试卷七年级下册,1,1
2026年广西中考,2,1
2026年广西中考英语试卷及答案听力,5,1
2026年广西中考语文试卷,2,1
2026年广西壮族自治区中考语文试卷,3,1
2026年广西河池市环江县小考,1,1
2026年广西高考数学,1,1
2026年广西高考物理,1,1
2026年延安高二联考试卷真题,2,1
2026年建湖中考试卷,2,1
2026年张家界中考真题试卷,2,1
2026年录取分数线,1,1
2026年徐州市期中八年级上册物理,2,1
2026年德州化学高二,1,1
2026年德州市宁津县高一下学期期末数学数学,1,1
2026年德州市高一语文试题,1,1
2026年德阳理综模拟,1,1
2026年成都七中数学北师版八年级下册期末试题卷,1,1
2026年成都中考语文卷,3,1
2026年成都中考语文卷。,1,1
2026年成都中考语文试卷,4,1
2026年成都市高二下期期末零诊考试试卷,3,1
2026年成都零诊,1,1
2026年房山区高考语文,6,1
2026年扬州中考,2,1
2026年扬州市中考英语试卷,2,1
2026年扬州市高一下学期期末仿真模拟练习卷数学试卷,3,1
2026年揭阳市高二下期末统考政治,2,1
2026年数学 高考1卷全国一卷试卷及答案,1,1
2026年数学一模卷,1,1
2026年数学中考试题,1,1
2026年数学全国二卷,2,1
2026年数学宁阳县八下,2,1
2026年数学安徽中考试题,3,1
2026年数学爱好者七年级同步训练（含册子，卷子）,1,1
2026年数学高考分卷,2,1
2026年数学高考卷,1,1
2026年数学高考成绩卷,1,1
2026年文山州红河州州统测,3,1
2026年新一卷数学,1,1
2026年新九年级物理暑假自学课新教材人教版,4,1
2026年新九年级语文暑假八升九讲练预习宝典,4,1
2026年新型小学三升四数学作业人教版,1,1
2026年新版九年级上册数学课本答案,8,1
2026年新疆化学高考卷,2,1
2026年新疆生物高考真题,1,1
2026年新课标全国一卷,2,1
2026年新课标卷2,4,1
2026年新课标卷一,1,1
2026年新课程成长资源化学必修一第一册,4,1
2026年新高考一卷化学湖北卷,1,1
2026年新高考一卷数学,1,1
2026年新高考一卷英语,1,1
2026年新高考一卷语文,2,1
2026年新高考数学1试卷,1,1
2026年新高考数学一卷,3,1
2026年无棣县七年级生物下册期末试卷,1,1
2026年无锡期末政治统考卷,2,1
2026年日照市中考英语真题,3,1
2026年昆明中考云大附中呈贡校区的录取分数线估计是多少,1,1
2026年昆明市市同测高一试卷答案,2,1
2026年昆明市市同测高一语文试卷答案,1,1
2026年昆明市西山区初一数学期末考试,1,1
2026年昌平区期末语文考试卷,2,1
2026年春季学期 河池市普通高中期末教学质量,2,1
2026年春季学期 高一语文河池市普通高中期末教学质量,1,1
2026年春季学期6月测试共提川北高二英语,2,1
2026年春季学期学生综合素养阶段性练习七年级地理,1,1
2026年春季学期学生综合素养阶段性练习七年级英语,1,1
2026年春季学期高一年级期末模拟试题（四）,2,1
2026年春季学期高一期末调研卷思想政治,2,1
2026年春季学期高二年级期末考试,2,1
2026年春季学期高二期末学业水平质量检测南充英语,2,1
2026年春季学科核心素养培育拓展材料七年级英语,2,1
2026年春季学科核心素养培育拓展材料七年级英语惠安县,1,1
2026年春季高一寒假检测,1,1
2026年春季高一统考调研试卷,1,1
2026年春季高中学业质量检测南充高二英语,1,1
2026年春季高二年级期末考试,1,1
2026年春期期终学情调研五年级英语,3,1
2026年春期社旗县期中八年级教学质量评估英语试卷,1,1
2026年春河南期末王朝霞,1,1
2026年春河南期末王朝霞一模,1,1
2026年春河南期末王朝霞一模七年级,2,1
2026年春王朝霞,2,1
2026年普通高中学业水平化学广东选择性考试,1,1
2026年普通高中学业水平广东选择性考试,1,1
2026年普通高中学业水平性检测,2,1
2026年普通高中学业水平性检测陕晋青宁卷,2,1
2026年普通高中学业水平等级考试山东卷地理,1,1
2026年普通高中学业水平等级考试试题数学(一),7,1
2026年普通高中学业水平选择性考试冲刺压轴卷（二）思想政治,1,1
2026年普通高中学业水平选择性考试河北卷地理,1,1
2026年普通高中学业水平选择性考试河北卷物理,5,1
2026年普通高中学业水平选择性考试河南卷生物,2,1
2026年普通高中学业水平选择性考试（湖南卷)）,4,1
2026年普通高中学校招生全国统一考试数学,1,1
2026年普通高等学校招生全国普通考试（全国1卷）,1,1
2026年普通高等学校招生全国统一考试与,1,1
2026年普通高等学校招生全国统一考试二卷,1,1
2026年普通高等学校招生全国统一考试全国I卷,2,1
2026年普通高等学校招生全国统一考试全国一卷,4,1
2026年普通高等学校招生全国统一考试全国一卷语文,1,1
2026年普通高等学校招生全国统一考试全国二卷,2,1
2026年普通高等学校招生全国统一考试全国二卷语文,3,1
2026年普通高等学校招生全国统一考试模拟测试二,2,1
2026年普通高等学校招生全国统一考试模拟试题  英语(三),1,1
2026年普通高等学校招生全国统一考试模拟试题，语文(二),2,1
2026年普通高等学校招生全国统一考试英语模拟卷5,2,1
2026年普通高等学校招生选择性考试,2,1
2026年最新版9上语文教材人教版,2,1
2026年期末,1,1
2026年期末测试卷 横州市,1,1
2026年期末物理试卷,1,1
2026年期末考试卷安徽,1,1
2026年杭二,1,1
2026年杭州市西湖区7年级下册期末教学质量调研,2,1
2026年杭州市高二年级,2,1
2026年柳州市高一下英语期末,1,1
2026年桂林市高一下期末考试,3,1
2026年桂林市高二下期末考试,1,1
2026年桓台八年级期末物理,3,1
2026年永州市三模,1,1
2026年汕尾市高2统考英语试卷,2,1
2026年江淮十校高三第一次联考,3,1
2026年江苏中考卷苏州,1,1
2026年江苏中考真题卷语文,3,1
2026年江苏数学合格考试卷,3,1
2026年江苏物理期末考考试高二,2,1
2026年江苏省地理,1,1
2026年江苏省常州市中考试卷,2,1
2026年江苏省徐州市中考数学试卷,1,1
2026年江苏省普通高中学 业水平合格性考试试卷生物,1,1
2026年江苏省普通高中学业水平合格性考试试卷化学,3,1
2026年江苏省普通高中学业水平合格性考试试卷物理,3,1
2026年江苏省普通高中学业水平合格性考试试卷生物,8,1
2026年江苏省普通高中学业水平考试卷,1,1
2026年江苏省苏州市普通高中学业水平合格性语文测试卷,1,1
2026年江苏省苏州市高一上册第一次月考考历史,1,1
2026年江苏省连云港市赣榆区中考数学,2,1
2026年江苏省镇江市高三零模,1,1
2026年江苏省高一上册第一次月考考历史,1,1
2026年江苏省高考物理卷,2,1
2026年江苏英语中考真题卷,1,1
2026年江苏高考政治,1,1
2026年江西中考数学,1,1
2026年江西中考英语,2,1
2026年江西中考英语听力,3,1
2026年江西二模数学,2,1
2026年江西二模数学高中,1,1
2026年江西小学三升四数学作业人教版,1,1
2026年江西物理高考,3,1
2026年江西省八年级物理考卷,1,1
2026年江西省吉安市八年级物理考卷,2,1
2026年江西省吉安市青原区八年级下册物理考卷,4,1
2026年江西省重点中学校联考质检,2,1
2026年江西省重点中学第二次质检,1,1
2026年江西省重点中学质检,1,1
2026年江西高考卷,1,1
2026年江西高考卷物理,1,1
2026年江西高考物理,3,1
2026年江西高考真题物理试卷,1,1
2026年江门市蓬江区6年级下学期英语期末考试,2,1
2026年江门市蓬江区6年级下学期语文期末考试,1,1
2026年江门市高一下学期物理期末考,5,1
2026年江门市高二下学期化学期末,18,1
2026年江门市高二下学期物理期末考,4,1
2026年江门市高二下学期英语期末考,8,1
2026年江门市高二下学期语文期末考,2,1
2026年江门市高二下学期语文期末考试,7,1
2026年江门数学普通高中高一调研测试(二),3,1
2026年江门高一数学统考,1,1
2026年沈阳市二中高中一期末试卷,1,1
2026年沈阳市高中三年级教学质量监测一英语,2,1
2026年河北,3,1
2026年河北中考数学卷,1,1
2026年河北中考题英语,1,1
2026年河北地理中考试卷及答案。,2,1
2026年河北廊坊中考题英语,2,1
2026年河北省新一卷英语,1,1
2026年河北省石家庄市历史选择性考试,6,1
2026年河北省邢台市,1,1
2026年河北高考卷,1,1
2026年河南中考考试试卷数学,1,1
2026年河南中考语文试卷,2,1
2026年河南卷化学,2,1
2026年河南历史高考真题,4,1
2026年河南历史高考试卷,2,1
2026年河南政治高考试卷,1,1
2026年河南物理高考试卷及答案,1,1
2026年河南百师联考,1,1
2026年河南省中考语文试题,1,1
2026年河南省普通高中学业水平选择性考试历史,3,1
2026年河南省高考政治,1,1
2026年河南省高考物理,2,1
2026年河南第二次质量检测数学,2,1
2026年河南高考政治,2,1
2026年河南高考生物学真题,3,1
2026年河南高考英语真题,1,1
2026年泉州市高三毕业班模拟测试,2,1
2026年泉州高中毕业班质量监测,3,1
2026年泉港区八年级下册数学期末,1,1
2026年泰安市化学中考真题,2,1
2026年泰安市英语中考真题,1,1
2026年泰安市高二上学期期中,2,1
2026年泰安市高二上学期期末,4,1
2026年泰安市高二下学期地理期末考试,3,1
2026年泰安市高二下学期期末考试数学,1,1
2026年泰安市高二下学期物理期末考试,4,1
2026年泰安市高二下学期英语期末考试,1,1
2026年泸州高二期末考语文,2,1
2026年济南中考数学试卷及答案,1,1
2026年济南商河英语期末试卷，六下,2,1
2026年济南市市中区期末,2,1
2026年济南市莱芜区8年级期末数学考试卷,1,1
2026年济南市高一下学期期末数学,3,1
2026年济宁中考,4,1
2026年济宁市初一下册期末试卷,1,1
2026年浏阳市,2,1
2026年浙江一月卷,1,1
2026年浙江一月英语高考卷,1,1
2026年浙江中考,6,1
2026年浙江中考科学,2,1
2026年浙江台州高二期末英语科,1,1
2026年浙江学考地理试卷,1,1
2026年浙江物理试卷,1,1
2026年浙江物理选考,1,1
2026年浙江省中考,5,1
2026年浙江省初中新生素质学业教研,1,1
2026年浙江省初二数学期末试卷,1,1
2026年浙江省宁波市十校高考物理二模试卷,1,1
2026年浙江省普通高中学业水平考试地理试卷,3,1
2026年浙江省杭州市余杭区中考语文模拟试卷,4,1
2026年浙江省高一上册第一次月考考历史,1,1
2026年浦东新区.高三英语二模,1,1
2026年海南中考题数学,6,1
2026年海南合格考,2,1
2026年海南天一联考化学,2,1
2026年海南天一联考数学,3,1
2026年海南天一联考生物,1,1
2026年海南天一联考英语,1,1
2026年海南省天一考试,2,1
2026年海南省高二天一联考政治期末试卷,2,1
2026年海南高考地理,1,1
2026年海口中学，高二期末考试数学卷,1,1
2026年海口九年级物理13单元测验,1,1
2026年海口九年级第一学期物理13单元测验,1,1
2026年海西州中小学试卷 高二数学,4,1
2026年淄博中考,2,1
2026年淅川县九年级二模语文,1,1
2026年深圳专版中考宝典历史默写本答案,1,1
2026年深圳中考英语,1,1
2026年深圳二模,2,1
2026年深圳市中考英语,3,1
2026年深圳市南山区,1,1
2026年深圳市南山区高一下数学,1,1
2026年深圳市南山区高一数学,1,1
2026年深圳市外国语,1,1
2026年深圳市外国语高一,1,1
2026年深圳市外国语高一数学,2,1
2026年深圳市宝安区初二物理期末考试试卷,2,1
2026年深圳市深圳科学高中开学考试,1,1
2026年深圳市福田区一模,1,1
2026年深圳市高一下数学统考,28,1
2026年深圳市高三年级第二次调研考试数学,1,1
2026年温州市摇篮杯高中物理竞赛试题,4,1
2026年湖北中考,1,1
2026年湖北中考政治试卷,1,1
2026年湖北历史高考真题,1,1
2026年湖北孝感高二下期末生物,1,1
2026年湖北恩施义务教育七年级下册期末调研测试卷,1,1
2026年湖北恩施义务教育七年级数学下册期末调研测试卷,1,1
2026年湖北省中考语文试卷,1,1
2026年湖北省咸安区高一联考卷,1,1
2026年湖北省普通高中学业水平选择性考试历史,1,1
2026年湖北省普通高中物理合格考,1,1
2026年湖北省期末考试,2,1
2026年湖北省武汉市初中毕业生学业水平适应性考试化学试卷,1,1
2026年湖北省武汉市初中毕业生学业水平适应性考试数学试卷,1,1
2026年湖北襄阳,2,1
2026年湖北高二下期末化学,1,1
2026年湖北高二下期末生物,2,1
2026年湖北黄冈市数学高一期末调考,1,1
2026年湖南中考,4,1
2026年湖南中考数学试卷,1,1
2026年湖南中考数学试卷真题,2,1
2026年湖南中考英语,2,1
2026年湖南历史高考真题,2,1
2026年湖南师大附中高二期末物理考试试卷,2,1
2026年湖南炎德英才高一期末物理,2,1
2026年湖南物理学考,1,1
2026年湖南省中考英语试卷,1,1
2026年湖南省初中学业水平考试,1,1
2026年湖南省张家界市永定区八年级上册期中测试卷,2,1
2026年湖南省张家界市永定区数学八年级上册期中测试卷,1,1
2026年湖南省数学高考试卷,3,1
2026年湖南省普通高中学业水平合格性考试,2,1
2026年湖南省普通高中学业水平合格性考试真题化学,2,1
2026年湖南省永州市四年级期末试卷,2,1
2026年湖南省英语听力,1,1
2026年湖南省衡阳市衡南县衡南一中期末考试卷,1,1
2026年湖南省高一上学期第一次月考语文长沙,2,1
2026年湖南省高考数学高考试卷,1,1
2026年湖南英语高考卷,1,1
2026年湖南金考卷物理第一期,1,1
2026年湖南高中学考试卷,1,1
2026年湖南高考化学真题,2,1
2026年湖南高考历史,2,1
2026年湖南高考地理真题,2,1
2026年湖南高考地理真题答案,1,1
2026年湖南高考政治,2,1
2026年湛江4月份适应性考试,1,1
2026年湛江二模,2,1
2026年滕州市界河镇中心小学三年级试卷,2,1
2026年滨州市中考,2,1
2026年漳州市八年级下册期末英语考试center,1,1
2026年濮阳市7年级期末数学,1,1
2026年濮阳市初一期末数学,2,1
2026年烟台莱山区五年级第二学期英语考试卷,2,1
2026年烟台莱山区五年级第二学期语文考试卷,2,1
2026年烟台高二下学期期末,2,1
2026年玉林市7年级下册,2,1
2026年王朝霞各地期末卷精选七年级下册河南专版,7,1
2026年王朝霞各地期末卷精选七年级下册英语河南专版,1,1
2026年甘肃省高考政治试卷,2,1
2026年甘肃省高考政治试卷回忆版,1,1
2026年甘肃高考真题,2,1
2026年生地会考卷子,2,1
2026年生地会考卷子加答题卡,1,1
2026年生物一轮复习八中,2,1
2026年生物一轮复习挹青苑,1,1
2026年生物中考,1,1
2026年生物全国一卷,1,1
2026年生物学试卷,1,1
2026年生物高考全国一卷,1,1
2026年盐城东台市月考八年级物理,2,1
2026年盐城鹿鸣路初级中学期中八年级上册物理,1,1
2026年石家庄市高一下期末数学试卷,4,1
2026年社旗县八年级下册数学期终试卷,1,1
2026年社旗县八年级下册语文期终试卷,3,1
2026年社旗县四年级下册英语学业素质测试,1,1
2026年禅城区八下数学试卷,1,1
2026年福州五月质检,1,1
2026年福州五月质检英语,2,1
2026年福建中考化学试卷,1,1
2026年福建中考语文,10,1
2026年福建省6月份学业水平合格性考试生物试题,2,1
2026年福建省中考英语模拟试卷1,4,1
2026年福建省厦门市英语听力,1,1
2026年福建省名校联盟高考语文模拟试卷5月份,1,1
2026年福建省高中化学学考6月份答案,2,1
2026年福建省高考化学卷,1,1
2026年福建省高考历史试卷,1,1
2026年福建高考化学试卷,1,1
2026年福建高考卷,1,1
2026年福建高考卷生物,2,1
2026年秋初中七年级上册数学必刷题沪科版,1,1
2026年秋数学课本,2,1
2026年第一学期6年级数学期末模拟卷,1,1
2026年红对勾高中政治选择性必修三,1,1
2026年红对勾高中政治选择性必修二,1,1
2026年经纬中学期末考试的政治卷子,1,1
2026年聊城市高一期末英语,1,1
2026年聊城高二下学期期末考试试卷,2,1
2026年英语 高考1卷全国一卷试卷,2,1
2026年英语七年级神龙题，期中,1,1
2026年英语中考,1,1
2026年英语中考词汇,3,1
2026年英语二检,4,1
2026年英语五年级下册岳阳楼区期末考试试卷,2,1
2026年英语各地中考题,2,1
2026年英语听力音频,2,1
2026年英语四级考试真题,1,1
2026年英语蚌埠市期末考试,1,1
2026年英语蚌埠市期末考试高二,1,1
2026年英语高考真题,3,1
2026年茂名期末统考数学答案,2,1
2026年莆田市高一下学期数学期末考,3,1
2026年莆田市高一下学期语文期末考,3,1
2026年菏泽中考卷,1,1
2026年菏泽牡丹区高考试卷,1,1
2026年蚌埠市高二期末地理试卷,5,1
2026年衡东县初一下数学统考试卷。,2,1
2026年衡水金卷先享题高三一轮复习周测卷高三全册人教版,2,1
2026年襄阳市高二期末,1,1
2026年西宁市期末调研试卷,1,1
2026年西宁市期末调研试卷八下,9,1
2026年西宁市期末调研试卷高一,2,1
2026年西宁市期末调研试卷高中,7,1
2026年西宁市期末调研试卷高二,1,1
2026年西安五大名校期末试卷七年级下册数学,2,1
2026年西藏自治区生物 地理中考真题,1,1
2026年许昌市初中学业水平考试地理试卷,1,1
2026年许昌市初中学业水平考试生物试卷,1,1
2026年诏安一中自主招生试卷,1,1
2026年语文 高考1卷全国一,4,1
2026年语文中考卷答案,1,1
2026年语文五年级下册岳阳楼区期末考试试卷,3,1
2026年语文全国,4,1
2026年语文全国2卷,1,1
2026年语文全国一卷,2,1
2026年语文新起点考试湖北,1,1
2026年语文新起点考试湖北高中,1,1
2026年语文杭州中考试卷,6,1
2026年语文真题题源解密,7,1
2026年语文高考二卷,1,1
2026年语文高考卷一卷,1,1
2026年语文高考原卷,2,1
2026年语文高考真题,2,1
2026年贵州中考历史,2,1
2026年贵州生物高考卷,3,1
2026年贵州省中考试卷,5,1
2026年贵州省，数学中考试卷,1,1
2026年贵州省，数学中考试卷桐梓县,12,1
2026年贵州省，英语中考试卷,2,1
2026年贵州省，语文中考试卷,3,1
2026年贵州省，语文中考试卷桐梓县,1,1
2026年贵州高考卷语文,3,1
2026年贵州黔东南州,1,1
2026年贵州黔东南州文综试卷,2,1
2026年贵阳市八年级下册期末试卷,2,1
2026年赤峰市高一年级学年考试时期,1,1
2026年赤峰市高一年级学年考试试题,2,1
2026年赤峰市高二年级学年考试试题,1,1
2026年赤峰市高二年级学年考试试题物理,1,1
2026年赤峰市高二年级学年联考试题英语,1,1
2026年赤峰统高一统一期末考试,1,1
2026年辽宁.英语中考,1,1
2026年辽宁中考物理,2,1
2026年辽宁中考英语真题卷,1,1
2026年辽宁协作校英语,1,1
2026年辽宁协作校高一下期末,1,1
2026年辽宁协作校高一下期末数学,2,1
2026年辽宁沈阳中考语文试卷,3,1
2026年辽宁省 初中学业水平考试各科试卷及答案,4,1
2026年辽宁省中考数学真题,2,1
2026年辽宁省中考英语,1,1
2026年辽宁省大连市中考英语,2,1
2026年辽宁省朝阳市高二期末考试数学,1,1
2026年辽宁省英语中考题,7,1
2026年辽宁省高一名校联盟数学期中,1,1
2026年辽宁省高一数学期中,1,1
2026年辽宁高二下学期名校联盟期末考试卷,2,1
2026年辽宁高二下学期期末考试卷,4,1
2026年辽宁高考一模物理,1,1
2026年通用技术云南省学业水平考试,1,1
2026年通辽市高二年级教学质量监测,1,1
2026年遂宁中考真题,2,1
2026年道法试卷,1,1
2026年邵阳市高三第一次联考试卷,1,1
2026年郑州小升初英语试卷,6,1
2026年郴州七年级下数学期末统考试卷,3,1
2026年郴州七年级下英语期末统考试卷听力音频,2,1
2026年郴州市地理七下统考,1,1
2026年郴州市数学七下统考。,1,1
2026年郴州市高二期末考试,1,1
2026年郴州市高二期末考试地理,2,1
2026年重庆一中初2026届第一次模拟卷答案,1,1
2026年重庆一中初2027届初二下期期末定时作业,1,1
2026年重庆中考卷,2,1
2026年重庆中考语文试卷,2,1
2026年重庆市兼善中学,1,1
2026年重庆市兼善中学高2027届高二下期期末考试生物试卷,2,1
2026年重庆市兼善中学高二,1,1
2026年重庆春招高考数学,1,1
2026年金榜题名黄金假期暑假作业,1,1
2026年金考卷第一期湖南卷,1,1
2026年铁西区8下数学期末试卷及答案,1,1
2026年镇江中考一模数学试卷,2,1
2026年镇江中考数学试卷,3,1
2026年长春市中考数学试卷,1,1
2026年长春市中考英语试卷,2,1
2026年长春市中考语文试题,1,1
2026年长沙县八年级上册期末考试历史,3,1
2026年长沙县八年级上册期末考试政治,2,1
2026年长沙县八年级上册期末考试语文,2,1
2026年长沙市中考,2,1
2026年长沙市中考物理卷,2,1
2026年长沙市望城区期末监测语文试卷七年级下册,1,1
2026年长沙市语文中考卷,1,1
2026年长沙雅礼高一下期末物理试卷,2,1
2026年长郡集团七年级下期数学试卷,2,1
2026年阎良区二模,1,1
2026年阳江市期末考试试卷,4,1
2026年陕西历史中考,1,1
2026年陕西省初中学业水平考试数学,1,1
2026年陕西省初中学业水平考试语文试卷,2,1
2026年陕西省宝鸡市天一大联考高二下学期期末考试试卷数学,1,1
2026年陕西省宝鸡市高三上学期开学考数学试卷,4,1
2026年陕西西安工大附中七年级下册数学期末试卷,1,1
2026年陕西语文中,1,1
2026年陕西语文中考试卷,2,1
2026年陕西道法中考,2,1
2026年陕西铁一中高二下学期,1,1
2026年陕西铁一中高二期末,3,1
2026年陕西铁一中高二期末英语,2,1
2026年陕西高考,6,1
2026年隆冬十校联盟高二下学期期末考试,2,1
2026年青岛市高一下,1,1
2026年青岛市高三二模,1,1
2026年青岛市高三二模语文,1,1
2026年青岛市高三第二次适应性检测二,1,1
2026年青岛市高三第二次适应性检测数学（青岛二模）,2,1
2026年青岛高三年级部分学生,2,1
2026年青岛高三年级部分学生英语,2,1
2026年青海省中考卷,1,1
2026年青海省物理高考试卷,1,1
2026年静安区高三英语二模,2,1
2026年高15校协作体期末,2,1
2026年高一上册第一次月考考历史,2,1
2026年高一上泸州市数学期末考试,2,1
2026年高一上泸州市期末考试,1,1
2026年高一下学期学业质量评价化学试题,1,1
2026年高一下学期鞍山一中,3,1
2026年高一下数学期末考试,1,1
2026年高一下期英语郴州,1,1
2026年高一下泸州市数学期末考试,3,1
2026年高一五校协作体期末,1,1
2026年高一化学合格性考试原卷,1,1
2026年高一化学合格性考试原卷四川,2,1
2026年高一春季期末考试广西玉林英语,2,1
2026年高一期末化学,2,1
2026年高一期末考试卷,2,1
2026年高一物理期末试卷答案,2,1
2026年高一第一学期期末,2,1
2026年高一译林版英语必修一第12单元单词默写,5,1
2026年高一语文。,1,1
2026年高一锦州市铁路高级中学,1,1
2026年高一锦州市铁路高级中学，期末,2,1
2026年高三二模虹口区语文,1,1
2026年高三浙江省考英语试卷,1,1
2026年高中全程学习导与练高中数学必修第一册全册人教版,1,1
2026年高中新课程同步练习册生物人教版，遗传与进化,2,1
2026年高中新课程同步练习册生物高一人教版,2,1
2026年高二上学期数学期中,1,1
2026年高二上学期数学期中烟台,4,1
2026年高二上宿迁市数学期末卷,1,1
2026年高二下学期文山州统考,6,1
2026年高二下学期期末考试卷,1,1
2026年高二下学期英语期末考试,3,1
2026年高二合格性考试,2,1
2026年高二期末考试四川,3,1
2026年高考 全国I卷,1,1
2026年高考18,1,1
2026年高考二卷数学,3,1
2026年高考二卷英语。,2,1
2026年高考二卷英语试卷,1,1
2026年高考全国2卷英语高考真题,1,1
2026年高考全国二卷,1,1
2026年高考全国二卷数学高考真题答案。,1,1
2026年高考全国二卷物理题,3,1
2026年高考全国二卷语文。,1,1
2026年高考化学,1,1
2026年高考化学1卷全国1卷,2,1
2026年高考化学新高考一卷,2,1
2026年高考历史,4,1
2026年高考历史全国二卷,3,1
2026年高考历史试卷,1,1
2026年高考地理全国一,5,1
2026年高考地理全国一卷,1,1
2026年高考地理四川,3,1
2026年高考地理江苏卷,1,1
2026年高考数学,2,1
2026年高考数学一轮复习,2,1
2026年高考数学保底拿分专训（安徽专用）（二）,1,1
2026年高考数学全国二卷,2,1
2026年高考数学百分练,6,1
2026年高考数学真题,2,1
2026年高考数学真题题源解密 专题08 三角函数,2,1
2026年高考数学考前自测卷,1,1
2026年高考新疆数学,2,1
2026年高考海南卷全国二卷,2,1
2026年高考海南卷全国二卷生物,1,1
2026年高考湖北地理,2,1
2026年高考满分作文,1,1
2026年高考物理 1卷全国1卷,2,1
2026年高考物理四川,1,1
2026年高考物理真题,2,1
2026年高考生物卷,1,1
2026年高考真题完全解读 浙江1月卷数学,2,1
2026年高考真题物理试卷,2,1
2026年高考真题英语浙江卷,1,1
2026年高考第一次模拟考试高三化学,3,1
2026年高考考前预测卷,1,1
2026年高考英语,1,1
2026年高考英语一卷,1,1
2026年高考英语全真模拟中级押题卷全国一卷,1,1
2026年高考英语全真模拟终级押题卷全国一卷,2,1
2026年高考英语模拟卷,3,1
2026年高考英语模拟卷5,2,1
2026年高考试卷真题,2,1
2026年高考试卷真题安徽,5,1
2026年高考语文,1,1
2026年高考语文一轮复习知识清单（全国通用）,2,1
2026年高考语文二卷真题,4,1
2026年高考语文全国一卷大作文。,2,1
2026年高考语文全国二卷大作文,1,1
2026年高考语文全国卷2真题及答案,2,1
2026年高考适应性考试英语,1,1
2026年黄冈市高二下学期期末考试,4,1
2026年黄山市中考数学试卷,3,1
2026年黑吉辽,1,1
2026年黑龙江初中数学中考真题,2,1
2026年黑龙江省历史高考题,3,1
2026年黑龙江省地理高考题,2,1
2026年黑龙江省普通高等学校招生选择性考试生物学,2,1
2026年黑龙江省生物高考真题,1,1
2026年黑龙江省高考数学原卷及解析,1,1
2026年黑龙江，吉林省辽宁省高考考化学试卷,1,1
2026年龙东地区中考语文卷子,1,1
2026年龙东地区中考语文卷子和答案,2,1
2026年龙东地区初中水平测试,4,1
2026年龙东地区初中水平测试化学,2,1
2026年龙东地区初中水平测试历史,2,1
2026年龙东地区初中水平测试地理,2,1
2026年龙华区期末英语试卷八年级,1,1
2026年龙岩市期末高一下学期数学期末考试,1,1
2026年，上海市嘉定区。高三一模英语听力,6,1
2026年，山东省济南市高三下学期一模,1,1
2026年，山东省淄博市，高一期末考试,2,1
2026年，山东省聊城市高二下学期期末试卷,4,1
2026年，山东省聊城市高二下学期期末试卷数学,1,1
2026年，新高考数学二卷,1,1
2026年，河北省初中学业水平监测九年级麒麟卷三,2,1
2026年，河北省初中学业水平监测九年级麒麟卷三英语,1,1
2026年，高考天津卷,1,1
2026广东1模,1,1
2026广东一模,3,1
2026广东中考真题英语试卷,2,1
2026广东中考英语,2,1
2026广东中考英语听说模拟试题,1,1
2026广东中考语文试卷真题及答案,3,1
2026广东五校联考历史,1,1
2026广东五校联考历史模拟,2,1
2026广东六校高二期末,1,1
2026广东初中学业水平考试,1,1
2026广东初中学业水平质量检测卷,1,1
2026广东合格考历史,1,1
2026广东合格考地理,2,1
2026广东合格考第二次,1,1
2026广东地理高考,2,1
2026广东大湾区二模物理高三,1,1
2026广东山东历史高考真题,3,1
2026广东山东高考真题,1,1
2026广东广州市中考英语听说模拟试题,3,1
2026广东揭阳高一生物,2,1
2026广东春季高考,2,1
2026广东春季高考语文，数学，英语真题,2,1
2026广东汕头春季高考语文，数学，英语真题,2,1
2026广东汕头澄海春季高考语文，数学，英语真题,2,1
2026广东物理,1,1
2026广东物理高考,1,1
2026广东生物,1,1
2026广东省中考,4,1
2026广东省中考英语,2,1
2026广东省惠州市七下数学期末考试试卷,1,1
2026广东省普通高中学业选择性考试物理试卷,2,1
2026广东省物理学业水平合格性考试,5,1
2026广东省第二次合格性考试,1,1
2026广东省第二次普通高中合格性考试地理,2,1
2026广东省茂名市电白区高二下学期期末考试,2,1
2026广东肇庆市高三一模,1,1
2026广东英语中考,2,1
2026广东茂名高二期末统考化学,2,1
2026广东茂名高二期末统考物理,2,1
2026广东茂名高二期末统考英语,12,1
2026广东高考历史,1,1
2026广东高考数学,1,1
2026广东高考生物,1,1
2026广元中考生物,2,1
2026广元市八年级,2,1
2026广元市小升初,1,1
2026广元市生地会考,1,1
2026广安市高一期末,2,1
2026广州中考化学试卷,1,1
2026广州中考数学卷,1,1
2026广州中考物理,1,1
2026广州中考英语,1,1
2026广州二模语文,1,1
2026广州八上数学期末,1,1
2026广州八下数学期末,2,1
2026广州八区联考,2,1
2026广州区统考,4,1
2026广州巿中考物理,4,1
2026广州市中考试卷及答案,1,1
2026广州市毕业班,1,1
2026广州市调研,1,1
2026广州数学中考真题,1,1
2026广州白云区小学五年级下期末语文试卷,1,1
2026广州英语中考真题,6,1
2026广西中考,6,1
2026广西中考语文,8,1
2026广西初中学业水平考试数学,7,1
2026广西初中学业水平考试语文,4,1
2026广西化学真题,2,1
2026广西北海模拟,2,1
2026广西地理中考试卷,4,1
2026广西政治高考卷,1,1
2026广西数学中考题,5,1
2026广西贵港玉林高三1月适应性测试政治,2,1
2026广西钦州市数学期末考试试卷答案高二下学期,1,1
2026广西钦州市英语期末考试试卷答案高二下学期,2,1
2026广西高考物理真题,1,1
2026康平,1,1
2026康平高一上学期,3,1
2026徐汇区中考历史一模卷,1,1
2026徐汇区中考数学一模卷,3,1
2026徐汇区数学一模卷,1,1
2026徐汇数学一模,2,1
2026德州二模数学,1,1
2026德州高二下期末政治,2,1
2026德惠三中期末试卷,2,1
2026德阳中考,5,1
2026德阳中考英语,3,1
2026恩施七年级地生期末,1,1
2026恩施土家族苗族自治州,2,1
2026惠州市高二下,2,1
2026成都七下数学期末,2,1
2026成都七中七下数学期末,1,1
2026成都七中高一英语,1,1
2026成都中学七下数学期末,1,1
2026成都市生物定时测试,1,1
2026成都市生物零诊,2,1
2026房山区七下期末数学试卷,6,1
2026房山区高一上学期数学期中,10,1
2026房山区高一下学期数学期中,1,1
2026房山区高一下学期数学期末,2,1
2026扬州中考,2,1
2026扬州中考数学,2,1
2026扬州市高一上学期第一次月考数学,2,1
2026扬州市高一上学期第一次月考物理,3,1
2026抚州市高二英语期末考试,2,1
2026抚顺市六中第一次月考,1,1
2026抚顺市六中高一第一次月考,1,1
2026拉萨联考,1,1
2026拉萨联考高一数学,3,1
2026拉萨联考高一数学下学期,1,1
2026政治 高考真题,4,1
2026数学2卷,1,1
2026数学2卷高考,4,1
2026数学一调惠州市,2,1
2026数学中考卷,2,1
2026数学中考河北,1,1
2026数学八下朝阳区期末,1,1
2026数学惠州,1,1
2026数学新高考二卷,1,1
2026数学新高考二卷高考,2,1
2026数学河北各地模拟考试,2,1
2026数学河北市内各区各地中考模拟考试,1,1
2026数学河北长安区各地中考模拟考试,1,1
2026数学石家庄长安区中考模拟考试,2,1
2026数学高一,1,1
2026数学高一期末考试,1,1
2026数学高一期末考试淅川,3,1
2026数学高三,2,1
2026数学高考真题,1,1
2026数学高考试卷,2,1
2026新一卷语文,1,1
2026新一卷语文高考,1,1
2026新人教版八年级下册（物理）全册知识点归纳（背诵＋默写）汇总,1,1
2026新教材人教版语文课本,1,1
2026新版九年级上册译林版英语,1,1
2026新版人教版语文八年级下册文言文古诗词,1,1
2026新疆中考数学,1,1
2026新疆兵团中考历史原卷,2,1
2026新疆高中学考,2,1
2026新疆高考理综2卷,1,1
2026新课标1卷数学,1,1
2026新高一暑假衔接数学 第1讲集合 人教A版必修一,3,1
2026新高考Ⅱ卷3500词汇,4,1
2026新高考Ⅱ卷3500词汇yy,1,1
2026新高考Ⅱ卷3500词汇英语,2,1
2026新高考一卷,4,1
2026新高考一卷真题,1,1
2026新高考一卷语文,1,1
2026新高考二卷英语,2,1
2026新高考二卷语文,1,1
2026新高考思想政治陕晋宁青卷真题及答案解析,2,1
2026新高考拿满基础分自主小练,1,1
2026新高考数学二模原创仿真卷,2,1
2026新高考物理一卷。,4,1
2026新高考英语二卷,1,1
2026新高考语文PDF,1,1
2026无锡中考,2,1
2026无锡中考物理,1,1
2026无锡宜兴市期中八年级物理,2,1
2026日照期末,1,1
2026日照英语中考题,4,1
2026日照高一下学期期末,3,1
2026日照高三上学期期末化学,1,1
2026日照高三期末化学,1,1
2026日照高中期末试卷英语,2,1
2026日照高二期末试卷英语,1,1
2026日语高考真题,1,1
2026昆明市质量,1,1
2026昆明市高一质量,2,1
2026昌平八下数学期末,1,1
2026春季高二期末考试,1,1
2026春季高二期末考试内蒙古,1,1
2026春季高二期末考试内蒙古通辽,2,1
2026春季高考数学,1,1
2026春季高考语文,2,1
2026春期期末质量评估,1,1
2026春期质量评估,3,1
2026春河北期末,1,1
2026春河北期末七年级英语,5,1
2026春河北期末七年级英语王朝霞,1,1
2026普通预测卷英语,2,1
2026普通高中学业水平选择性检测历史,2,1
2026普通高中学业水平选择性考试 安徽卷,1,1
2026普通高中学业水平选择性考试河南卷物理,2,1
2026普通高等学校招生全国统一考试模拟试题语文六,2,1
2026普通高等学校招生全国统一考试语文,1,1
2026普通高等学校招生全国统一考试语文全国二卷,1,1
2026普通高等学校招生全国统一试卷,1,1
2026普通高等学校招生统一考试天津卷 英语常用词词汇手册电子版,2,1
2026暑假作业,5,1
2026暑假作业高一数学,1,1
2026暑假作业高一数学北师大版2019,2,1
2026暑假新高二重点专题提升 带电粒子在复合场中的运动,3,1
2026暑假生活英语,1,1
2026曹县八年级下册期末数学考试,1,1
2026曹杨二中高三数学,2,1
2026最新版语文初中,1,1
2026最新版语文初中深圳,2,1
2026最新版语文初中深圳资料,2,1
2026期末五下南阳南召县英语,1,1
2026期末五下南阳南召英语,2,1
2026期末五下南阳英语,1,1
2026期末八年级,1,1
2026期末山东德州,1,1
2026期末成都,2,1
2026期末成都定时练习题,1,1
2026期末成都青白江区,2,1
2026期末春季学期期末考试高二政治试题山东省,1,1
2026期末春季学期期末考试高二语文试题山东省,3,1
2026期末春季期末考试高二语文试题山东省,1,1
2026期末测试卷,1,1
2026期末统考,2,1
2026期末考试,2,1
2026期末考试卷,4,1
2026期末试卷浙江,2,1
2026期末试卷浙考神墙750,1,1
2026期末试卷长郡中学,1,1
2026期末高一下7月份丰南一中考试卷,2,1
2026期河南试卷,2,1
2026期终考试高二,2,1
2026本溪市高一期末物理,1,1
2026本溪市高一期末考试数学,2,1
2026本溪市高一期末考试物理,1,1
2026杨浦高三数学一模,2,1
2026杭州二模,2,1
2026杭州二模数学,2,1
2026松江区初二期末,2,1
2026枣庄高三一调,1,1
2026枣庄高三一调化学,1,1
2026枣庄高二,1,1
2026枣庄高二期末,5,1
2026桐柏中考英语,3,1
2026梅州高一历史期末试卷,1,1
2026楚雄州高一,1,1
2026楚雄州高一期末数学,1,1
2026楚雄州高一期末数学下,4,1
2026榆林中考语文,1,1
2026模拟卷英语,1,1
2026模拟卷英语南通,2,1
2026模考物理,1,1
2026模考语文卷,1,1
2026步步高大一轮复习讲义物理,5,1
2026步步高大一轮复习语文,3,1
2026步高大一轮复习讲义默写本,1,1
2026武侯八下期末,1,1
2026武昌区九年级五调数学,2,1
2026武汉市5月供题,1,1
2026武汉市5月英语供题,1,1
2026武汉市七年级洪山区下册数学期中考试,1,1
2026永州高一下期期末生物,1,1
2026汕头一模,2,1
2026汕头二模,3,1
2026汕头二模生物,1,1
2026汕头市潮阳区初中学业水平模拟考试数学,2,1
2026汕头市潮阳区初中学业水平模拟考试英语,1,1
2026汕头高一金平统考,1,1
2026汝州市八年级下册物理试卷,2,1
2026江油市模拟试卷,1,1
2026江苏中考数学,1,1
2026江苏历史高二,2,1
2026江苏徐州,1,1
2026江苏政治高考真题,5,1
2026江苏政治高考真题卷,1,1
2026江苏数学竞赛,1,1
2026江苏新高二暑假化学预习,8,1
2026江苏省无锡第一中学高二上月考,1,1
2026江苏省无锡第一中学高二上期中物理,2,1
2026江苏苏北四市高三一模,2,1
2026江苏镇江中考数学,1,1
2026江西6月中考,1,1
2026江西6月中考化学,2,1
2026江西6月中考数学,1,1
2026江西6月中考数学试卷,1,1
2026江西RJ版英语七上学练优,2,1
2026江西RJ版英语七上学练优笿案,1,1
2026江西RJ版英语学练优。,1,1
2026江西中考,1,1
2026江西中考历史考前模拟预测卷,3,1
2026江西中考数学,1,1
2026江西中考物理,2,1
2026江西普通高中学业水平考试,2,1
2026江西高考物理,3,1
2026江西高考物理真题,2,1
2026江西高考真题,3,1
2026江门市高二下期末考试卷化学,1,1
2026江门市高二期末考试卷化学,1,1
2026江门调研高一下英语,1,1
2026沈河七年级下数学统考卷,1,1
2026沈河七年级数学统考卷,1,1
2026沈河数学统考卷,1,1
2026沈阳市大连高一考试物理,1,1
2026沈阳市期末考试数学,3,1
2026沈阳市期末高一考试数学,5,1
2026沈阳市期末高一考试物理,4,1
2026沈阳市沈河区七下期末数学,2,1
2026沈阳市沈河区七下期末语文,1,1
2026沈阳市沈河区七年期末数学,4,1
2026沈阳市沈河区七年期末语文,2,1
2026沈阳市联合体高一下期末数学,8,1
2026沈阳市高一期末化学,3,1
2026沈阳市高一期末物理,1,1
2026沈阳市高一期末生物,1,1
2026沈阳市高一期末考试物理,4,1
2026沈阳市高一期末英语,2,1
2026沈阳市高三一模试题,2,1
2026沈阳期末,1,1
2026沈阳虹桥七下期末英语试卷,1,1
2026沈阳郊联体高二期末考试答案,2,1
2026沈阳高一上期末考,2,1
2026沪科版七年级数学下册期末综合测试卷,2,1
2026河北中考,3,1
2026河北中考数学卷子,1,1
2026河北中考英语,2,1
2026河北中考英语补全对话专项,5,1
2026河北化学高考,2,1
2026河北单招语文试卷,1,1
2026河北卷生物,1,1
2026河北唐中考化学,6,1
2026河北期末七年级英语,1,1
2026河北物理高考真题,2,1
2026河北生物高考卷,2,1
2026河北省8年级期末英语,1,1
2026河北省普通高中学业水平选择性考试,2,1
2026河北省普通高中学业水平选择性考试化学,1,1
2026河北省期末英语,2,1
2026河北省石家庄市,3,1
2026河北省英语中考,2,1
2026河北省衡水市衡水二中等多校高三上学期三调考试（三模）物理试题,1,1
2026河北短文填空专题训练,2,1
2026河北石家庄月考,2,1
2026河北英语中考,2,1
2026河北金太阳,1,1
2026河北高二七月金太阳联考整套试题资源,2,1
2026河北高二张北一中,1,1
2026河北高考 历史,1,1
2026河北高考化学真题,1,1
2026河北高考地理新高考卷真题完整版,2,1
2026河北高考山东真题,1,1
2026河北高考数学,1,1
2026河南中考英语,2,1
2026河南中考试卷,1,1
2026河南中考语文,1,1
2026河南中考语文试卷电子版,5,1
2026河南化学,1,1
2026河南化学高考卷,5,1
2026河南南阳市押题卷一英语,2,1
2026河南卷生物,1,1
2026河南实验中学八上数学期末,2,1
2026河南数学中考卷,2,1
2026河南省中考真题语文,2,1
2026河南省南阳市化学高二期终,2,1
2026河南省南阳市邓州市,1,1
2026河南省南阳市邓州市化学,2,1
2026河南省南阳市邓州市化学高二,1,1
2026河南省南阳市邓州市化学高二期终,1,1
2026河南省淮阳中学,1,1
2026河南省红卷,1,1
2026河南语文高考题,1,1
2026河南郑州数学模拟,1,1
2026河南郑州数学模拟高三,1,1
2026河南郑州数学高三,2,1
2026河南郑州模拟,1,1
2026河南郑州模拟数学,2,1
2026河南高考化学真题,1,1
2026河南高考物理真题,1,1
2026河南高考生物,2,1
2026河池春季学期高二校内期末学业水平质量检测,3,1
2026河池高三摸底,2,1
2026泉州市高一下数学,3,1
2026泉州高二下期末考,1,1
2026泰安市岱岳区七下数学期末考试,1,1
2026泰安市高一上学期化学期末,2,1
2026泰安市高一上学期物理,2,1
2026泰安市高一上学期物理期末,2,1
2026泰州,1,1
2026泰州中考,2,1
2026泸州中考数学真题,1,1
2026泸州中考英语,1,1
2026泸州八下期末数学,2,1
2026泸州初二期末数学,1,1
2026洛阳市孟津区英语六年级期末试卷,1,1
2026洛阳高二质检,2,1
2026济南7月高二期末,2,1
2026济南中考,4,1
2026济南中考数学,1,1
2026济南中考物理,1,1
2026济南二模,1,1
2026济南二模英语听力高考,1,1
2026济南历城二中高考考前模拟语文,3,1
2026济南历城二模物理,1,1
2026济南市高三二模化学,1,1
2026济南高一下期末考试英语,2,1
2026济宁中考,1,1
2026济宁二模化学,1,1
2026济宁任城高二下学期物理,2,1
2026济宁八年级中考生物,2,1
2026济宁历史结业,1,1
2026济宁地理中考真题,2,1
2026济宁市期末高二下学期数学试卷解析,3,1
2026济宁期末考试高二下学期,2,1
2026济宁高三三模化学,1,1
2026济宁高三二模化学,1,1
2026浙南,1,1
2026浙南名校地理,1,1
2026浙南名校地理3月,1,1
2026浙江6月,1,1
2026浙江中考,1,1
2026浙江中考原卷,2,1
2026浙江中考真题,2,1
2026浙江中考试卷数学试卷,1,1
2026浙江中考语文试卷,4,1
2026浙江卷,1,1
2026浙江卷子英语,1,1
2026浙江学考,2,1
2026浙江学考历史,1,1
2026浙江新月联盟,1,1
2026浙江杭州二模,1,1
2026浙江省普通高中学业水平考试,2,1
2026浙江省普通高中学业水平考试真题,2,1
2026浙江省高教版中职语文,1,1
2026浙江科学7下,6,1
2026浙江绍兴诸暨市高三,1,1
2026浙江金华一模,2,1
2026浙江金华一模八上英语,1,1
2026浙江首考,1,1
2026浙江首考物理,4,1
2026浙江高考历史试卷及答案,1,1
2026浙江高考地理试卷及答案,2,1
2026海南中考地理真题卷。,2,1
2026海南中考数学,1,1
2026海南中考数学试卷,1,1
2026海南中考语文,14,1
2026海南合格考,1,1
2026海南地理中考真题,1,1
2026海南天一联考高二期末语文,2,1
2026海南数学中考,1,1
2026海南高考物理,3,1
2026海南高考试卷,2,1
2026海口高一期末考试,2,1
2026海城市七年级上册期末考试,4,1
2026海城市七年级下册期末考试,4,1
2026海城市六年级下册期末考试,1,1
2026涿州三年级下册英语,4,1
2026涿州三年级下册英语期末试题,2,1
2026淄博中考地理试题,1,1
2026淄博实验中学自主招生试题,2,1
2026淄博市张店区八年级下册数学期末,1,1
2026淄博生物,1,1
2026淮南高三二模,1,1
2026淮安高二下学期期末考试卷,1,1
2026深圳一模生物,1,1
2026深圳一模英语,3,1
2026深圳一模语文,3,1
2026深圳中考历史,1,1
2026深圳中考历史真题,2,1
2026深圳中考数学,1,1
2026深圳中考物化合卷,2,1
2026深圳中考物理,1,1
2026深圳九年级开学考,3,1
2026深圳二模数学,4,1
2026深圳八年级期末考,8,1
2026深圳南山区8下物理,1,1
2026深圳市高三二模,1,1
2026深圳高考一模语文,1,1
2026清远市高一下期末生物,2,1
2026湖北中考,2,1
2026湖北中考数学,2,1
2026湖北中考语文,1,1
2026湖北卷高考生物,1,1
2026湖北历史高考真题,3,1
2026湖北合格考,2,1
2026湖北宜昌高一期末物理,2,1
2026湖北政治高考真题,2,1
2026湖北数学高考真题,3,1
2026湖北生物高考试题,1,1
2026湖北省中考试卷,2,1
2026湖北省咸宁区高一联考试卷期末,1,1
2026湖北省普通高中学业水平选择性,2,1
2026湖北省荆州市高二上9月月考数学试卷,2,1
2026湖北省荆门市龙泉高中龙泉杯自主招生,1,1
2026湖北省高考化学,2,1
2026湖北省高考生物,2,1
2026湖北英语高考真题,1,1
2026湖北高中合格考,5,1
2026湖北高中学业合格考试,1,1
2026湖北高考,5,1
2026湖北高考化学,2,1
2026湖北高考物理,1,1
2026湖北高考物理试卷,2,1
2026湖北高考生物,1,1
2026湖南中考,2,1
2026湖南中考数学,1,1
2026湖南中考物理卷,2,1
2026湖南中考生物,1,1
2026湖南中考英语,1,1
2026湖南中考语文,2,1
2026湖南初二期末数学,1,1
2026湖南卷高考物理,1,1
2026湖南地理学考,1,1
2026湖南学考 生物,1,1
2026湖南物理高考,1,1
2026湖南省中考语文试题,2,1
2026湖南省化学,1,1
2026湖南省天壹联考试卷,1,1
2026湖南省天壹联考试卷高二下学期期末考试,4,1
2026湖南省普通高中学业水平考试历史,1,1
2026湖南省普通高中学业水平考试地理,2,1
2026湖南省普通高中学业水平考试地理考生回忆版,5,1
2026湖南省炎德英才,1,1
2026湖南省炎德英才期末考试,2,1
2026湖南省高中化学,1,1
2026湖南省高二期末,1,1
2026湖南通道县初二期末数学,1,1
2026湖南高一入学考试,2,1
2026湖南高考,3,1
2026湖南高考化学,3,1
2026湖南高考历史,2,1
2026湖南高考历史卷,2,1
2026湖南高考地理,1,1
2026湖南高考物理卷子,4,1
2026湛江高一下册期中考试试卷英语,1,1
2026湛江高一下册期中考试试卷语文,1,1
2026滨州一模,8,1
2026滨州三模,2,1
2026滨州高一数学期末试卷,4,1
2026滨州高一物理期末试卷,2,1
2026滨州高三二模化学,2,1
2026滨海塘沽一中语文初三三模,7,1
2026漳州数学,2,1
2026潍坊一模,1,1
2026潍坊三模,10,1
2026潍坊二模,4,1
2026潍坊高一下期末化学,2,1
2026潍坊高一下期末生物,1,1
2026潍坊高一下期末考试英语,1,1
2026潍坊高一下期末英语,2,1
2026潍坊高三上期末,4,1
2026潍坊高二下学期期末试卷,2,1
2026潍坊高二下学期期末试卷英语,2,1
2026潍坊高二下期末语文,1,1
2026潮南区期末,1,1
2026潮州高二,1,1
2026潮州高二期末,1,1
2026澄海高一数学期末,1,1
2026烟台一模物理,2,1
2026烟台二模,1,1
2026烟台二模数学,1,1
2026烟台高三二模数学,2,1
2026版.5·3初中试卷.历史.人教版.七年级下.5年中考3年模拟 初中试卷 历史 七年级 下册 人教版,2,1
2026版《优化探究》配套课件与教参，,4,1
2026版初中必刷题数学八上冀教版答案,2,1
2026物理九上课本,3,1
2026物理全国一卷,1,1
2026物理全国一卷高考,2,1
2026物理广东高考,2,1
2026物理数学2卷,2,1
2026物理江苏卷高考,2,1
2026物理河南卷,1,1
2026物理陕西中考,4,1
2026玉林一模历史,4,1
2026玉林一模地理,2,1
2026玉林高三一模地理,1,1
2026珠海中考数学,5,1
2026理综高考卷,1,1
2026甘肃省张掖民乐县第三中学七年级上册数学期中考试,2,1
2026甘肃高考物理,7,1
2026生地会考,1,1
2026生地会考试卷,2,1
2026生物,2,1
2026生物一模,1,1
2026生物会考试卷,1,1
2026生物学高考真题,1,1
2026生物期末7月,2,1
2026生物真题,1,1
2026白云区五下英语学业质量诊断调研答案,1,1
2026百色市高一期末考,3,1
2026的heg,1,1
2026的合格考,1,1
2026的合格考成都,1,1
2026眉山中考,4,1
2026眉山高一下期末统考,2,1
2026真题汇编,2,1
2026硚口区7月起点考,1,1
2026硚口区高三7月起点考,1,1
2026硚口区高三7月起点考语文,1,1
2026福州市高二期末考卷,1,1
2026福州市高二期末考卷物理,2,1
2026福建中考地理,1,1
2026福建中考生物,2,1
2026福建中考英语,1,1
2026福建中考语文,1,1
2026福建宁德高三期末听力音频,2,1
2026福建省中考数学,2,1
2026福建省中考语文,1,1
2026福建省小学升学考,1,1
2026福建省质检,1,1
2026福建省高三第一次质量检测语文,1,1
2026福建省高考卷,3,1
2026福建福州模拟预测,2,1
2026福建高考,1,1
2026福建高考化学试卷,2,1
2026福建高考地理,1,1
2026福建高考物理试卷,2,1
2026福建高考生物,1,1
2026秋53试卷,1,1
2026秋9上外研版英语同步作文模板,4,1
2026秋华师大版数学九上同步练习题,3,1
2026秋季人教版九上英语单词音频,1,1
2026秋季高三开学学情自测卷02,1,1
2026秋新外研版六年级上册英语单词默写,3,1
2026秋新高一分班考试模拟卷物理人教版,4,1
2026秋湖北六年级英语同步练习,1,1
2026秋湖北六年级英语同步练习外研版,1,1
2026秦都区7年级期末考试,2,1
2026第一次阶段,1,1
2026第五中学第一次月考,1,1
2026第五中学第一次月考英语,1,1
2026红对勾讲与练 高三物理大一轮复习,4,1
2026红河州期末考试,1,1
2026绵阳,2,1
2026绵阳东辰,3,1
2026绵阳中考英语,1,1
2026绵阳八年级地生会考,1,1
2026绵阳初中,1,1
2026绵阳政史模拟题,1,1
2026考纲词汇手册默写,1,1
2026聊城中考试卷数学,2,1
2026聊城市数学期未,2,1
2026聊城市高一,1,1
2026聊城市高一数学,1,1
2026聊城市高一数学期末,2,1
2026聊城市高二下学期期末考试政治,1,1
2026聊城期末,3,1
2026聊城高三二模化学,2,1
2026聊城高二数学期末试题,1,1
2026聊城高二生物期末试题,1,1
2026联考,1,1
2026联考英语,1,1
2026肇源中考卷子,3,1
2026自贡高新区四年级下册期末考试,4,1
2026至2027年西藏拉萨市高二年级期末联考试卷,4,1
2026苏州一模语文,1,1
2026苏州中考物理,1,1
2026苏州中考语文,2,1
2026苏州中考语文真题,1,1
2026苏州数学试卷,2,1
2026苏州物理中考,2,1
2026苏科,1,1
2026苏科版徐州市,1,1
2026英语七下大连市沙河口区期末卷,2,1
2026英语中考河北,4,1
2026英语中考物理,2,1
2026英语全国一卷,2,1
2026英语山东省济南市,2,1
2026英语山东省济南市8年级下册,3,1
2026英语康平,1,1
2026英语江苏考试,2,1
2026英语派数学竞赛四三四年级考的,1,1
2026英语社旗八年级,1,1
2026英语辽宁葫芦岛中考,1,1
2026英语高考,1,1
2026英语高考北京,2,1
2026英语高考卷,1,1
2026英语高考真题,1,1
2026茂名市高一期末生物试卷,2,1
2026茂名市高中化学竞赛,1,1
2026茂名市高二期末,2,1
2026茂名高二,1,1
2026茂名高二期末,5,1
2026茂名高二期末化学,2,1
2026茂名高二期末地理,2,1
2026茂名高二期末英语,2,1
2026茂名高二期末语文,1,1
2026茂名高州8年级下册英语外研版试卷,1,1
2026莆田中考数学答案,1,1
2026菏泽市高一期末考试试卷,2,1
2026菏泽高一下学期7月期末考试,1,1
2026菏泽高一下学期7月期末考试数学,1,1
2026营口三年级下期末英语,2,1
2026蓟州区八年级物理期末考试,2,1
2026蚌埠市高二下学期期末考试,1,1
2026蚌埠市高二下学期期末考试英语,3,1
2026衡水二中高二年级一调,5,1
2026衡水金卷先享题调研数学一,2,1
2026衡阳二十大,2,1
2026襄阳高二期末,3,1
2026西城高一上物理,1,1
2026西山区,1,1
2026西山区科学卷子,1,1
2026西山区英语卷子,3,1
2026西藏理综,1,1
2026西藏高三,2,1
2026西藏高三数学,1,1
2026西藏高考理综,2,1
2026西藏高考理综2卷,1,1
2026西藏高考，文综卷,3,1
2026西青区八年级第二学期历史期末卷,2,1
2026语文中考,2,1
2026语文中考卷,1,1
2026语文二卷,1,1
2026语文二卷高,1,1
2026语文作文范文,1,1
2026语文全国一卷,1,1
2026语文全国二卷,1,1
2026语文高考2卷,1,1
2026语文高考真题,1,1
2026语文高考题全国一卷,1,1
2026贵州中考,3,1
2026贵州中考语文试卷,1,1
2026贵州政治高考真题,2,1
2026贵州毕节高二期末历史考试试卷,1,1
2026贵州毕节高二期末政治考试试卷,2,1
2026贵州省中考,2,1
2026贵州省普通高中学业水平选择性考试物理,1,1
2026贵州省普通高中学业水平选择性考试生物,1,1
2026贵州省高考历史,1,1
2026贵州省黔南州期末,3,1
2026贵州贵阳一模,2,1
2026贵州高三8月数学,1,1
2026贵州高三9月联考数学,2,1
2026贵阳市,1,1
2026贵阳市高一,2,1
2026贵阳物理中考,2,1
2026资阳市高一期末,1,1
2026资阳市高一统考,1,1
2026赣州中考数学,1,1
2026赤峰市期末联考高二数学,3,1
2026赤峰市期末联考高二物理,5,1
2026赤峰市期末联考高二语文,2,1
2026赤峰高一七月学年联考物理,3,1
2026越秀区七年级下册期末考试,1,1
2026辽南协作体高一下期末历史,1,1
2026辽南协作校7月高一英语,2,1
2026辽宁中考物理,1,1
2026辽宁中考物理卷,2,1
2026辽宁中考真题,1,1
2026辽宁中考英语,3,1
2026辽宁中考英语真题,2,1
2026辽宁中考语文试题,1,1
2026辽宁九师联盟7月期末,20,1
2026辽宁五校数学期末,2,1
2026辽宁初二生地会考,2,1
2026辽宁化学高考题,2,1
2026辽宁协作体高一下学期期末数学,4,1
2026辽宁大连物理学考,1,1
2026辽宁大连物理期末,1,1
2026辽宁大连高二下物理期末,1,1
2026辽宁大连高二数学期末,4,1
2026辽宁大连高二物理期末,9,1
2026辽宁数学,1,1
2026辽宁数学高一下,1,1
2026辽宁新高一化学人教版必刷题氧化还原反应,5,1
2026辽宁新高一化学必刷题氧化还原反应,1,1
2026辽宁新高一必刷题氧化还原反应,1,1
2026辽宁本溪中考语文真题,3,1
2026辽宁沈阳一模数学,1,1
2026辽宁生物,2,1
2026辽宁生物高一下,3,1
2026辽宁省中考卷,2,1
2026辽宁省中考英语试卷,2,1
2026辽宁省中考语文,1,1
2026辽宁省县域重点高中,1,1
2026辽宁省县域重点高中期中,1,1
2026辽宁省实验,5,1
2026辽宁联考,2,1
2026辽宁郊联体英语高二,2,1
2026辽宁高一期末协作校,3,1
2026辽宁高一期末物理试题,2,1
2026辽宁高考生物,1,1
2026辽宁高考英语,1,1
2026辽源中考,2,1
2026达州市高一期末,2,1
2026达州高一下期末考试卷,4,1
2026迁安市高二期末,4,1
2026迎春杯20267月19日,1,1
2026连云港物理,1,1
2026连云港物理期末试卷,1,1
2026通州模考,1,1
2026通州模考北京,1,1
2026通州高一下期末,2,1
2026通州高一下期末物理,1,1
2026通辽市,2,1
2026道法中考,1,1
2026道法中考广东,2,1
2026遮义兀数学竞赛三四年级考题,1,1
2026遵义市理科数学提质c3,3,1
2026遵义市理科数学提质八年级,1,1
2026遵义市联考高二期末试题,1,1
2026邢台t20联考物理,2,1
2026邯郸高一期末,1,1
2026邵阳市模拟,2,1
2026邹城市高一上学期期中数学,2,1
2026郊联体,2,1
2026郊联体期末,1,1
2026鄂尔多斯衡水初一期末卷,1,1
2026酒泉市数学,3,1
2026酒泉市物理,1,1
2026酒泉市统考数学,1,1
2026重庆一中,1,1
2026重庆一中七下数学期末,1,1
2026重庆中考专题复习练习几何压轴,3,1
2026重庆中考语文卷,1,1
2026重庆中考语文试卷,1,1
2026重庆八中七下数学期末,2,1
2026重庆杨家坪中学月考,2,1
2026重庆生物省赛,1,1
2026重庆生物竞赛省赛,2,1
2026重庆高一下化学,2,1
2026重庆高二,1,1
2026重庆高考化学,2,1
2026重庆高考数学,1,1
2026金考卷物理,1,1
2026金考卷第一期湖南卷,1,1
2026铜仁市期末考试高一下,3,1
2026镇江中考化学,1,1
2026镇江中考数学,1,1
2026镇江中考物理,1,1
2026镇江中考语文,1,1
2026长宁高三数学一模,1,1
2026长春中考,2,1
2026长春中考英语卷,1,1
2026长春吉大附中七年级数学试卷,1,1
2026长春地区人教版高一年级必修一英语英译汉汉译英,2,1
2026长春地生中考,13,1
2026长春市中考语文真题,1,1
2026长春语文中考,2,1
2026长沙中考数学,1,1
2026长沙中考试,2,1
2026长郡中学高二下数学期末,4,1
2026长郡中学高考考前模拟语文,1,1
2026闵行数学一模,1,1
2026陕晋青宁卷生物真题,2,1
2026陕甘宁青历史真题,2,1
2026陕西中考卷,2,1
2026陕西中考生物真题,1,1
2026陕西中考英语,1,1
2026陕西中考英语听力,3,1
2026陕西八年级地理会考答案,2,1
2026陕西单招模拟试卷英语,1,1
2026陕西榆林中考试卷,1,1
2026陕西物理高考,1,1
2026陕西英语中考真题,2,1
2026陕西高考,2,1
2026青岛一模高三政治,2,1
2026青岛中考数学,2,1
2026青岛九上,3,1
2026青岛二模高三政治,2,1
2026青岛市高一下学期数学期末考试,2,1
2026青岛市高一下学期数学期末考试物理.,1,1
2026青岛市高一下学期期末数学考试,1,1
2026青岛市高一下学期期末考试,2,1
2026青岛高三一模,3,1
2026青岛高二期末考试试卷,3,1
2026青铜鸣高三地理,2,1
2026鞍山八中高一期末,2,1
2026马鞍山二中雏鹰分班测,1,1
2026马鞍山二中高一雏鹰分班测,1,1
2026驻马店高二下学期期中,4,1
2026驻马店高二下学期期末,4,1
2026高一6月份期末,1,1
2026高一6月份期末临沂数学,1,1
2026高一7.14语文期末茂名,2,1
2026高一7.15历史期末茂名,4,1
2026高一7.15政治期末茂名,1,1
2026高一7.15英语期末茂名,1,1
2026高一7.15语文期末茂名,3,1
2026高一上册,1,1
2026高一上册月考,2,1
2026高一上册月考陕西省,1,1
2026高一下吉林一中数学期末考试,1,1
2026高一下学期期末物理试卷,5,1
2026高一下学期期末郊连体试卷,3,1
2026高一下期末数学试卷,7,1
2026高一下期末生物试卷,3,1
2026高一下期末考试卷,1,1
2026高一学考,1,1
2026高一期中,2,1
2026高一期中漳浦一中,3,1
2026高一期末化学试卷,2,1
2026高一期末卷语文,1,1
2026高一期末物理,1,1
2026高一期末盘锦,1,1
2026高一期末英语东丽,1,1
2026高一期末英语东丽统考,1,1
2026高一期末质量检测卷,2,1
2026高一期末辽南协作体,1,1
2026高一期末鞍山化学,1,1
2026高一河西区期末政治,1,1
2026高一物理必修123综合基础测试卷,2,1
2026高一英语第二学期期末试卷,1,1
2026高一语文21天专属暑假作业,2,1
2026高一辽宁期末考试,2,1
2026高三9月联考数学,1,1
2026高三一模语文,2,1
2026高三下大湾区二模物理,1,1
2026高三临沂二模化学,3,1
2026高三大湾区二模物理,3,1
2026高三开学摸底考试,2,1
2026高三第一次泉州市质检,1,1
2026高三英语二轮复习688高频词,2,1
2026高三英语二轮复习单词688,1,1
2026高三语文卷,2,1
2026高三邵阳市模拟,1,1
2026高三青岛二模化学,3,1
2026高中化学方程式大全PDF,1,1
2026高中数学选择性必修一,2,1
2026高中数学选择性必修一课本,4,1
2026高中物理竞赛初赛,1,1
2026高中生物基因工程真题汇编,2,1
2026高二下半学期统考,2,1
2026高二下学期佛山物理期末统考卷电子版,1,1
2026高二下学期期末,1,1
2026高二下学期期末化学潍坊,3,1
2026高二下学期期末数学试卷,2,1
2026高二下学期期末毕节市统考期末检测卷,2,1
2026高二下学期期末语文潍坊,3,1
2026高二下德州期末物理,1,1
2026高二下期末,1,1
2026高二下点石联考,2,1
2026高二下绵阳期末数学,1,1
2026高二九师联盟,1,1
2026高二山东临沂期末,11,1
2026高二暑假数学精选卷,6,1
2026高二暑假数学精选卷（1）,2,1
2026高二月考吉安,1,1
2026高二期末,3,1
2026高二期末济南,2,1
2026高二期末济南数学,1,1
2026高二物理下海淀期末,2,1
2026高二第一次月考吉安,2,1
2026高密二模,2,1
2026高州市高一期末试卷下学期,2,1
2026高明五下,1,1
2026高考 001卷 历史解析,4,1
2026高考 1 卷 高考 数学 预测,1,1
2026高考 数学全国一卷,1,1
2026高考1卷语文,1,1
2026高考一卷,11,1
2026高考一卷历史,2,1
2026高考一卷生物,1,1
2026高考一卷英语,1,1
2026高考一卷语文,1,1
2026高考一轮复习学案语文,3,1
2026高考一轮复习数学,6,1
2026高考一轮复习考点专题精炼古诗文,1,1
2026高考一轮总复习大纲,3,1
2026高考二卷数学,1,1
2026高考云南地方卷地理答案,1,1
2026高考全国1卷,1,1
2026高考全国一卷二卷数学,2,1
2026高考全国一卷语文,2,1
2026高考全国二卷,2,1
2026高考全国二卷物理,1,1
2026高考全国二卷真题内蒙古,2,1
2026高考全国二卷答案,1,1
2026高考化学卷,2,1
2026高考化学湖北,1,1
2026高考化学陕西,2,1
2026高考化学黑吉辽蒙卷,1,1
2026高考北京,2,1
2026高考卷全国一卷历史,2,1
2026高考卷浙江首考,1,1
2026高考卷语文,1,1
2026高考历史卷,1,1
2026高考历史卷宁夏,1,1
2026高考历史真题,1,1
2026高考历史试卷广东,2,1
2026高考历史陕晋青宁卷,1,1
2026高考合肥二模生物,2,1
2026高考合肥二模语文,1,1
2026高考四川历史答案,2,1
2026高考四川地理答案,5,1
2026高考四答案,1,1
2026高考地理山东卷,1,1
2026高考地理试卷江苏版,1,1
2026高考备考专题,3,1
2026高考山东历史,1,1
2026高考广东,1,1
2026高考政治河南,2,1
2026高考数学2卷,4,1
2026高考数学一轮,1,1
2026高考数学二卷,6,1
2026高考数学百分练,2,1
2026高考文综,1,1
2026高考新方案江苏教育出版,4,1
2026高考新方案江苏教育出版思想政治,1,1
2026高考日语全国卷一卷,1,1
2026高考日语真题,2,1
2026高考江苏物理真题,1,1
2026高考河北化学,1,1
2026高考浙江卷子英语,1,1
2026高考湖北化学真题卷,1,1
2026高考湖南地方卷地理答案,1,1
2026高考物理一轮复习讲练测,1,1
2026高考物理一轮复习讲练测27,1,1
2026高考物理安徽卷,1,1
2026高考物理山西真题,2,1
2026高考物理河北卷,1,1
2026高考物理湖南,1,1
2026高考物理湖南卷,3,1
2026高考物理福建,1,1
2026高考生物四川卷,1,1
2026高考生物山东,2,1
2026高考生物江苏,1,1
2026高考生物湖南,2,1
2026高考生物真题答案,1,1
2026高考真题全国一卷,2,1
2026高考真题分类卷英语,1,1
2026高考真题数学集合,2,1
2026高考真题语文,2,1
2026高考福建历史,1,1
2026高考福建地理,1,1
2026高考答案,1,1
2026高考英语2卷,2,1
2026高考英语2卷解析,2,1
2026高考英语3500,3,1
2026高考英语二卷,1,1
2026高考英语卷,2,1
2026高考语文,2,1
2026高考语文二卷,1,1
2026高考语文作文,1,1
2026高考语文作文范文,2,1
2026高考语文北京卷真题,1,1
2026高考语文卷,1,1
2026高考语文新课标一卷,1,1
2026高考语文真题,8,1
2026高考语文范文,1,1
2026高考语文试卷,1,1
2026高考调研化学一轮,7,1
2026高考重庆物理,1,1
2026鲁教版五四制九年级全一册英语课堂笔记,5,1
2026黄冈高二期末,1,1
2026黄浦英语一模,1,1
2026黑吉辽九师联盟,2,1
2026黑吉辽蒙高考,1,1
2026黑吉辽蒙高考历史,2,1
2026黑布林,1,1
2026黑龙江省绥化高中历史学业水平考试,1,1
2026黑龙江高考英语试卷,4,1
2026黑龙江齐齐哈尔甘南县一中高一月考历史卷子,1,1
2026黑龙江齐齐哈尔甘南县一中高一月考政治卷子,2,1
2026黑龙江齐齐哈尔铁峰区七年级语文卷子,2,1
2026鼎成中考数学,2,1
2026鼓楼一模二模模拟卷,2,1
2026齐齐哈尔市三下克东英语期末真题,2,1
2026，7月重点郊联体联考辽宁省数学卷子,2,1
2026，全国语文一卷,1,1
2026，山东青岛中考数学试卷,1,1
2027,5,1
2027 2027高三一轮先秦至秦汉,1,1
2027 2027高三一轮先秦至秦汉黑吉辽蒙,2,1
2027 2027高三一轮物理运动学,2,1
2027 2027高三一轮英语卷,1,1
2027 优化方案 物理 新高考 高考总复习,3,1
2027 大一轮复习,1,1
2027 大一轮复习步步高答案,2,1
2027《天星教育?一轮复习单元滚动双测卷》,2,1
2027一轮复习数学,2,1
2027七月联考,1,1
2027三维设计高中总复习英语（主题版）分册5-2,2,1
2027中考,2,1
2027中考地理,1,1
2027九师联盟高二7月期末检测答案,2,1
2027八下期末长郡联考数学,2,1
2027八下长郡联考数学,1,1
2027单元过关,1,1
2027地理一轮复习,1,1
2027大连高二下期末,1,1
2027导与高中总复习历史第一轮 广西 韩清海,4,1
2027届,1,1
2027届南通市地生中考,1,1
2027届新乡高三第一次模拟历史试卷,2,1
2027届新高三语文暑假衔接一轮复习讲义,2,1
2027届新高三语文暑假衔接一轮复习讲义 专题04 登泰山记 任务二 15分钟挖空。,7,1
2027届期末,2,1
2027届高三单元定向检测卷语文,4,1
2027届高三单元定向检测卷语文1,2,1
2027届高三地理专项,3,1
2027届高三数学一轮复习,3,1
2027届高三数学二轮复习,1,1
2027届高三物理一轮匀变速直线运动专项训练,4,1
2027届高三物理一轮复习匀变速直线运动专项练习,1,1
2027届高中毕业班摸底调查(日语),3,1
2027届高考地理全套区位答题模板讲义,3,1
2027届高考物理人教版一轮复习:直线运动综合练习试卷,1,1
2027师说。高中全程复习构想高三英语外研版,4,1
2027师说高中全程复习构想高三英语外研版,4,1
2027年 金版新学案 英语练一本,8,1
2027年一本五合一必刷题200篇（含册子）高中英语全册通用版 电子版,1,1
2027年万维,3,1
2027年全国一卷化学,1,1
2027年全国高考自编,1,1
2027年全国高考自编模拟卷,1,1
2027年初中学业水平考试 山西太原地理,1,1
2027年安徽省普通高校招生暑假复习卷6语文,3,1
2027年安徽省普通高校招生暑假复习卷语文,2,1
2027年山西地理,1,1
2027年山西地理中考,2,1
2027年山西地理中考万柏林区,1,1
2027年山西地理会考,1,1
2027年山西太原生地会考,1,1
2027年开学考,2,1
2027年揭阳市地生会考,1,1
2027年普通高中学业水平选择性考试模拟卷,5,1
2027年福建省厦门市高二下学期期末考试,1,1
2027年福建省厦门市高二下学期期末考试英语,2,1
2027年高二下学期期末考试,1,1
2027年高考一轮复习讲练测全国通用化学,4,1
2027年高考化学一轮复习 举一反三专题讲义（全国通用）,2,1
2027年高考物理大一轮复习学案（创新通用版）》,1,1
2027年高考英语一轮复习培优阶段性检测卷（全国二卷01）,3,1
2027惠州一调,6,1
2027惠州第一次调研考试,2,1
2027新高考数学二模原创仿真卷,1,1
2027普通高中学业水平选择性考试模拟卷 历史 HN,2,1
2027步步高大一轮复习讲义基础版数学第一章,2,1
2027江苏高考化学,1,1
2027湖南高考,1,1
2027湖南高考政治,3,1
2027版红对勾数学,1,1
2027物理人教版,3,1
2027物理师说,1,1
2027物理师说资料,1,1
2027生物高考福建,1,1
2027英语外研版一轮真题单元话题汇编,6,1
2027语文高考试卷,2,1
2027语文高考试卷押题卷湖北,1,1
2027道法,1,1
2027高三一轮先秦至秦汉,1,1
2027高三一轮复习,2,1
2027高三一轮复习先秦至秦汉,2,1
2027高三一轮复习先秦至秦汉黑吉辽蒙,1,1
2027高中物理专题,7,1
2027高二下学期期末,2,1
2027高考,4,1
2027高考作文指导,5,1
2027高考作文指导，人民日报,2,1
2027高考作文指导，人民日报深耕作文结构,1,1
2027高考数学一轮复习,1,1
2027高考滚动卷（六）,2,1
2027高考物理复习,6,1
2027高考物理复习课件,5,1
2027高考真题分类卷,1,1
2027高频词,1,1
2028届高一下学期化学期末复习题,1,1
2028曹县八上期中试卷,1,1
2028曹县八上期中试卷数学,2,1
202一年新高考一卷,2,1
202云南省红河州高一期中,2,1
202五年新高考一卷,1,1
202佑内蒙古中考生物试卷,3,1
202江苏省普通高校职教高考历年统考真题,1,1
206北京西城区化学高二上期末,1,1
20二七届常德市高三起点考试,1,1
20二六届高三年级第一次质量检测,4,1
20二六届高三年级第二次质量检测,1,1
20二六年山东高考英语,2,1
20二六年高考英语,1,1
20二四届河北石家庄质检物理,1,1
20以内口算,2,1
20以内数的认识,3,1
20以内的连加连减,2,1
20以内退位加减法,3,1
20到22025到2026学年度第二学期期末教学质量抽测高一数学试题,1,1
20巧年八羊级上册期末考试试卷,1,1
20年上海,5,1
21 古诗三首,1,1
21.1四边形及其内角和,5,1
21.2.2 课时2 平行四边形的判定2 勤径学升分层练,2,1
21021广安中考试卷,1,1
21世纪导数,1,1
21世纪导数高考。,1,1
21世纪报,1,1
21年全国乙卷物理,1,1
21年初中一模18题汇总,1,1
21年地理,1,1
21年山东卷化学答案,1,1
21江苏适应性考试,1,1
21课,1,1
22-23河东区英语高三期末,1,1
22-23漳州高一期末,1,1
22-23高一期末物理卷包头,2,1
22.1 直线和圆的位置关系,2,1
22.1一元二次方程，题型专练华东师大版,3,1
2205年上海市静安区高三语文一模答案和原卷,2,1
2208,2,1
22全国一卷,1,1
22到23,1,1
22到23西宁期末高一下,2,1
22年,1,1
22年全国甲卷,1,1
22年广东中考试卷,1,1
22长宁二模英语高三,1,1
22高二下揭阳期末统考试卷,1,1
23 出师表/诸葛亮,1,1
23 曹刿论战/《左传》,2,1
23 曹刿论战/《左传》题,2,1
23-24徐州一中数学高二,1,1
23-24澄海高二期末数学,1,1
23-24锦州期末高一化学,1,1
23-24高一期末语文卷,2,1
230660,3,1
23~24年万州区语文期末试卷,6,1
23~24语文高一下册期末考试,4,1
23全国一卷,1,1
23年天津高考,5,1
23年山东烟台中考,3,1
23年武汉四调,3,1
23年武汉四调研,1,1
23年语文甲卷,2,1
23年高考数学一卷,1,1
23年高考英语,1,1
24,1,1
24 届南通如皋高三下,1,1
24 年1卷2卷高考数学,1,1
24 年1卷高考数学,1,1
24 年1卷高考英语,1,1
24 年2卷高考数学,4,1
24-25辽南协作校高一下期末,2,1
24-25辽南协作校高一下期末数学,2,1
24-25辽南协作校高一下期末物理,2,1
24-25高一下唐山期末试卷,1,1
24-25高一下唐山期末语文试卷,2,1
24-25高一下广西柳州期末,1,1
24-25高二下学期期末试卷,1,1
240215,3,1
240635,2,1
24495337,1,1
24~25年物理高一下册期末考试,1,1
24~25英语理高一下册期末考试,4,1
24中学,2,1
24中学大连市2025至2026学年度高一下学期期末卷,1,1
24到2025山东省济宁市微山县第一中学高三上开学测试卷,2,1
24年九省联考,2,1
24年二卷语文,1,1
24年历史广东卷,1,1
24年历史高考,1,1
24年湖南高考数理化,1,1
24年物理甲卷,1,1
24年福建地理高考试卷,3,1
24年语文高考,1,1
24年鄂东南期中化学我才67,1,1
24年鄂东南期末,1,1
24年高考二卷语文,1,1
24年高考全国二卷数学,1,1
24年高考数学试卷,1,1
24年高考语文全国一卷24年,1,1
24年，内蒙古赤峰市高二下半学期数学卷子,1,1
25  全国 1 卷 数学 高考真题,1,1
25 26唐山期末高一,2,1
25 26唐山期末高一历史,1,1
25 26唐山期末高一政治,3,1
25 26唐山期末高一英语,3,1
25 26唐山期末高一语文,6,1
25 26烟台市高一物理期末试卷,3,1
25 年  全国 1 卷 数学 高考真题,1,1
25 年 0 1卷 全国 1 卷 数学 高考真题答案,1,1
25 年 0 1卷 全国 1 卷 数学高考真题,1,1
25 年 0 1卷 全国 1 卷 英语 高考真题,2,1
25 年 0 全国 1 卷 数学高考真题,3,1
25 年 高考新一卷 语文 高考真题,1,1
25* 陈涉世家/司马迁,2,1
25-26上海交附中学高一分班,4,1
25-26上海高一分班,1,1
25-26上海高一分班物理,1,1
25-26上海高一物理,1,1
25-26年福州市高三年纪物理第一次质量检测,2,1
25-26年福州市高三年纪第一次质量检测,1,1
25-26漳州高一期末,1,1
25-26漳州高一期末生物,1,1
25-26澄海高二下学期物理期末试卷,1,1
25-26织贵州四下第二学期期末监测卷,1,1
25-26织金县四下第二学期期末监测卷,5,1
25-26织金县第二学期期末监测卷,4,1
25-26贵州四下第二学期期末监测卷,1,1
25-26辽南协作校高一下期末数学,1,1
25-26阳春市,1,1
25-26阳春市七年级,1,1
25-26阳江,2,1
25-539B,7,1
25.1一元二次函数的概念（分层作业，10大知识点）数学新教材人教版九年级上册,1,1
25.1一元二次方程的概念（分层作业，10大知识点）数学新教材人教版九年级上册,2,1
25.3实际问题与一元二次方程 第3课时 循环等问题分层训练 人教版九年级上册,6,1
2526年历史,1,1
2526烟台高二英语期末考试,2,1
25981830,1,1
25一26山东省泰安市英语六下卷期中,2,1
25到26英语高一摸底考,2,1
25到26英语高一摸底考上海,1,1
25四川合格考数学,1,1
25天津英语,1,1
25天津高考英语,1,1
25宿迁中考语文,1,1
25年12月英语四级,1,1
25年9月高一月考,1,1
25年9月高一月考当阳,2,1
25年9月高一月考当阳一中,2,1
25年9月高一月考当阳一中数学,1,1
25年上海模卷填空题汇总,1,1
25年中考云南真题,3,1
25年中考真题,1,1
25年全国二卷语文,1,1
25年六年级下小学拜泉县,2,1
25年化学,2,1
25年化学全国一卷,1,1
25年化学全国二卷,1,1
25年台州一模物理试题,2,1
25年嘉兴一模物理试题,3,1
25年四川绵阳高一下期末物理,1,1
25年天津六校联考卷,2,1
25年安徽,1,1
25年安徽物理高考,1,1
25年山东高考政治卷,1,1
25年山东高考生物试卷,6,1
25年巨野县高一期中考试,2,1
25年新课标高中英语3100词,3,1
25年武汉中考题,2,1
25年永州市高一下语文期末考试,3,1
25年河北高考生物,1,1
25年泰安中考物理试题,1,1
25年淮安中考地生,4,1
25年湖北省高考直题物理试卷,1,1
25年生物江苏卷,2,1
25年英语中考,1,1
25年菏泽高一上学期期末数学,1,1
25年菏泽高一期末数学,1,1
25年赤峰中考,1,1
25年赤峰中考英语,2,1
25年辽宁期末数学试卷,1,1
25年郫都区期中,2,1
25年鄂东南期末,3,1
25年高一期末数学,2,1
25年高一期末物理,1,1
25年高一辽宁期末数学试卷,1,1
25年高三起点考试,1,1
25年高三起点考试包头市,2,1
25年高考1卷全国卷英语,1,1
25年高考2卷,2,1
25年高考二卷,2,1
25年高考数学全国一卷试卷,2,1
25年高考语文全国一卷,2,1
25年高考语文全国一卷25年,2,1
25年高考语文江苏卷,2,1
25广东省茂名一模,2,1
25广东省茂名市一模,11,1
25广东省茂名高三第一次综合测试,5,1
25数学一模,3,1
25数学二模,11,1
25文汇中学物理九上月考,1,1
25新高考一卷数学,2,1
25泉州,1,1
25济南一模,1,1
25济南高三模拟,3,1
25温州期中,2,1
25球文汇中学物理月考,2,1
25第二学期期中八年级社会,2,1
25级湖北高一新生入学考试卷。,3,1
25葫芦岛的期末,1,1
25青岛高三期初考,1,1
25青岛高三期初考物理,3,1
25青岛高三期初调研物理,2,1
25题,1,1
25高考2,2,1
25－26烟台高二语文期末,2,1
26 年 0 1卷 全国 1 卷 数学高考真题新疆,2,1
26 年 1 月，福建省多地市高三一模英语听力,2,1
26 年 中考,1,1
26 年 辽宁中考,1,1
26 年，高考,1,1
26-L-741,3,1
26-L-741A,2,1
26-T-775B,2,1
26.02语文试卷,1,1
26194B,5,1
2626全国二卷语文,4,1
26东北高考,2,1
26中考题北京,1,1
26全国一卷,2,1
26全国二卷语文,2,1
26北京一模几综,1,1
26北京一模几综汇编,1,1
26北京一模数学,2,1
26北京中考一模几综汇编,2,1
26北京海淀英语试卷,2,1
26北师大版一升二,3,1
26届南京高三下英语模拟冲刺题,2,1
26届希望杯,1,1
26届广州市高三调研,2,1
26届沈阳黑吉辽英语卷,1,1
26届湖北高三九月起点考试,3,1
26届湖北高三九月起点考试十堰市,1,1
26届西工大附中高三模拟卷,1,1
26届高二期末英语,1,1
26届高二期末英语联合体,2,1
26山东政治,1,1
26山东政治高考,2,1
26山东物理,4,1
26山东省中考,3,1
26年 1卷 高考历史,6,1
26年T8联考数学,2,1
26年七年级数学秋季开学分班．学情自测卷,2,1
26年上海中考作文,1,1
26年中考云南卷,1,1
26年中考作文,3,1
26年中考卷,1,1
26年中考山东,2,1
26年中考广西语文,3,1
26年中考成都数学,1,1
26年中考数学,1,1
26年中考数学真题,1,1
26年中考江西,1,1
26年中考试卷,1,1
26年临沂高二下册,2,1
26年丹东市地生中考试卷,4,1
26年二卷数学,1,1
26年二卷生物学答案,1,1
26年二模松江,1,1
26年二模松江英语,1,1
26年二模青岛数学,1,1
26年云南中考生物,2,1
26年五升六阅读理解30天打卡,1,1
26年全囯2卷高考物理,2,1
26年全国一卷高考,1,1
26年全国一卷高考英语河南听力,1,1
26年全国二卷物理,2,1
26年凉山高二下期末考试物理卷,1,1
26年南通中考政治,1,1
26年合肥一模生物,2,1
26年四川高考地理,4,1
26年大渡口中考语文,1,1
26年大连七下期末考试,2,1
26年天津高中数学会考模拟卷,1,1
26年安徽省高考物理试卷,3,1
26年安徽高考政治,1,1
26年年地生中考试卷,1,1
26年广东中考,1,1
26年广州初中一模考试题,1,1
26年广州市中考一模考试题,1,1
26年广西贵港期末,1,1
26年延吉英语中考卷,5,1
26年数学中考山东,1,1
26年数学中考试卷北京,1,1
26年数学二卷,1,1
26年数学全国高考一卷,2,1
26年数学周考山东,1,1
26年数学高考一卷,1,1
26年新六年级上册生字表,2,1
26年新坐标同步练习生物技术与工程高中生物必修一全册人教版,6,1
26年新疆高考理综,2,1
26年武汉市洪山区历史八年级下学期期末试卷,1,1
26年武汉市洪山实验外国语中学历史八年级下学期期末试卷,1,1
26年江苏高考,2,1
26年江苏高考卷英语,1,1
26年河北省中考数学,1,1
26年河北省中考真题,1,1
26年河北石家庄一模,1,1
26年河北石家庄一模高考,1,1
26年河北高考化学,2,1
26年河北高考物理,3,1
26年河南政治考卷,1,1
26年河水高考物理,1,1
26年洪山区历史八年级下学期期末试卷,2,1
26年济南,1,1
26年浙江中考语文,1,1
26年浙江首考,2,1
26年深圳一模数学,2,1
26年满分作文,2,1
26年物理高考,1,1
26年物理高考卷,1,1
26年生物高考湖南卷,2,1
26年的高考数学海南,2,1
26年秋新版人教版四年级上册语文第一单元测试题,2,1
26年英语全国,1,1
26年英语全国二卷,3,1
26年英语高考卷,1,1
26年菏泽市高二数学期末,1,1
26年语文中考卷,2,1
26年语文高考全国二卷,2,1
26年贵州高考历史,2,1
26年长春语文中考真题卷,2,1
26年青岛,1,1
26年青岛中考,1,1
26年首考化学,1,1
26年高一分班,1,1
26年高考,1,1
26年高考 2 卷英语,1,1
26年高考 2 卷英语听力音频,1,1
26年高考一卷,1,1
26年高考一卷数学,1,1
26年高考化学卷,2,1
26年高考政治试卷,2,1
26年高考数学1卷,3,1
26年高考数学二卷,1,1
26年高考生物江苏,1,1
26年高考英语1卷真题,1,1
26年高考语文范文,1,1
26广东省茂名市一模,7,1
26念广东英语二模,1,1
26念广东英语耳膜,2,1
26教科版物理八上,1,1
26教科版物理八上课件,1,1
26新八下人教版英语期末复习语法填空每日一练,1,1
26新北师大一升二50天每日一练,1,1
26暑假,1,1
26暑假八上预习,1,1
26杭州高一下数学杭州统测卷,1,1
26杭州高一下数学统测卷,1,1
26杭州高一下期末数学杭州统测卷,2,1
26武汉市九调考,4,1
26汕头市龙湖语文期末卷九上,3,1
26江苏高考地理真题,1,1
26河南高考政治,3,1
26河南高考英语,1,1
26泗县八上物理,1,1
26泗县期中物理,3,1
26湖南中考数学真题,2,1
26版八下，人教版，英语语法填空每日一练,4,1
26甘肃省高考,2,1
26福建物理高考,1,1
26福建物理高考卷,1,1
26秋4上语文,1,1
26秋4上语文王朝霞《活页默写》,1,1
26秋一遍过八上数学答案,1,1
26秋一遍过八上数学答案冀教版,1,1
26聊城期末高一化学,1,1
26聊城期末高一数学,2,1
26聊城期末高一生物,1,1
26聊城高一期末地理,2,1
26聊城高一期末英语,1,1
26聊城高二第二学期,2,1
26聊城高二第二学期期末,1,1
26英语全国2卷,1,1
26英语全国一卷,1,1
26英语新一卷,2,1
26菏泽市高一下政治,1,1
26菏泽市高一下数学,3,1
26葫芦岛的期末,1,1
26辽宁省高二下五校联考历史答案,4,1
26重庆中考数学,1,1
26高考数学真题,1,1
26高考数真题,1,1
26高考江苏地理试卷,3,1
26高考语文,1,1
26高考陕西物理,3,1
26龙岩高二期末考化学,2,1
27《金版新学案》,1,1
27年英语38套真题,1,1
28.3 二次函数与实际问题课件,1,1
28.3 二次函数与实际问题课件七彩学科网,1,1
2824年高二7月初期末质量检测,1,1
2826,1,1
2826年高三一模英语考试,1,1
2826年黄冈市数学,1,1
2826年黄冈市数学高一,1,1
2826广西贵港玉林高三1月适应性测试,1,1
2925-2026学年第二学期期末样卷,2,1
293567,1,1
29中月考试卷,1,1
2化学工业流程题,1,1
2卷高考数学,1,1
2卷高考物理,4,1
2平面直角坐标系提优测试卷,1,1
2广州二模,1,1
2热机效率,1,1
2空间向量及其运算,2,1
3,1,1
3 3幂函数,2,1
3 一元二次方程根与系数的关系,3,1
3 串联电路和并联电路专项题,1,1
3 对数的概念与运算,1,1
3 尺规作图,1,1
3 用反比例函数解决问题,3,1
3. 动能和动能定理,4,1
3. 动量,1,1
3. 动量守恒定律习题,4,1
3. 动量守恒考题,1,1
3. 匀变速直线运动的位移与时间的关系,1,1
3. 核反应 结合能,2,1
3. 梯形面积,2,1
3. 气体的等压变化和等容变化,1,1
3. 洛伦兹力,1,1
3. 涡流 电磁阻尼 电磁驱动,2,1
3. 牛顿第二定律,2,1
3. 电场 电场强度云南,1,1
3. 电磁感应现象及其应用,1,1
3. 能量守恒定律,2,1
3. 能量守恒定律教案,5,1
3.1 二元一次方程组的应用（上）,5,1
3.1 分式方程,1,1
3.1幂函数,4,1
3.1牛顿第一定律牛顿第三定律,1,1
3.2 函数的基本性质,1,1
3.2 圆锥曲现相关计算,1,1
3.2 圆锥曲线,1,1
3.2 圆锥曲线相关计算,1,1
3.2 圆锥相关计算,1,1
3.2 对数,3,1
3.2.1正弦函数，余弦函数的图象,6,1
3.3 三次函数的性质：单调区间和极值,1,1
3.3 向量平行的坐标表示,2,1
3.3幂函数,3,1
3.7 四边形综合,2,1
3.?广西新高一开学分班测试卷 人教版语数英 无难题,4,1
3.?武汉24-25九月开学卷,2,1
3.分数的加减乘除,2,1
3.分数的加减混合运算及简算,2,1
3.分数除法的应用,1,1
3.比较大小,1,1
3.苏州相城区春申中学2025-2026学年第二学期初二数学5月月考卷  答案解析,1,1
3.质数、合数、分解质因数,2,1
30分钟基础训练,1,1
30天单词速记,1,1
30讲高考地理一轮复习讲义,1,1
31.3 正多边形和圆,1,1
31中分班考,1,1
31中开学考,1,1
3301633,4,1
34中,1,1
34中北京,2,1
3500 单词背诵 2026年汇总,3,1
3500 词汇,4,1
3500 词汇背诵word版带音标,3,1
3500 词汇背诵版,1,1
3500 词汇背诵版检测版,1,1
3500 词汇背诵版检测版 英译汉,1,1
3500中考词汇,3,1
3500单词天津,1,1
3500单词天津高考,1,1
3500汉字,1,1
3500词 2026新课标,1,1
3500词 英语正序,2,1
3500词衡水体,1,1
3500词高中,2,1
3500音标 1 单词乱序英语按天数来,1,1
3540567,3,1
35中,3,1
3600汉字,1,1
3600词高考英语,3,1
3683838,1,1
3683838。,1,1
36届江苏赛区复赛试题,4,1
3700751,3,1
3701038,1,1
375×32,3,1
37811366,3,1
37815047,2,1
38 套2026,1,1
38中,1,1
39,1,1
39562387,1,1
39中学英语中考模拟,4,1
39届中国化学奥林匹克初赛,1,1
39届高中物理竞赛预赛试题,1,1
3~6年级英语单词汇总,1,1
3年级下数学青岛版,1,1
3年级下阅读理解,1,1
3年级下阅读理解54,2,1
3年级下阅读理解54人教版,4,1
3年级下阅读理解54人教版语文,1,1
3年级下阅读理解54威海,2,1
3年高考2年模拟,2,1
3月份,1,1
3物理. 动量习题,1,1
3物理. 动量守恒定律习题,3,1
3衡水体,2,1
3．1 重组 DNA 技术的基本工具,3,1
4 二次函数与一元二次方程的关系基础题,2,1
4 位似多边形,2,1
4 尺规作图,2,1
4 尺规作图苏科,5,1
4 数列的应用,1,1
4 无理数与实数,2,1
4 电动机,1,1
4 电动机及其应用,1,1
4 角平分线的性质,3,1
4 计数原理在古典概率中的应用,1,1
4. 抛体运动的规律和应用,1,1
4. 电容器的电容,1,1
4. 电磁波的发现及其应用,1,1
4. 自由落体运动,1,1
4. 静电的防止与利用,1,1
4.1 一元一次方程,2,1
4.1 一元二次函数,1,1
4.1 二项式定理的推导,3,1
4.1 平方差公式,1,1
4.1充分条件与必要条件,1,1
4.1充分条件与必要条件题目,5,1
4.1（2）元素周期律,1,1
4.2 质量守恒定律,2,1
4.2带电粒子在复合场中的运动,4,1
4.3 化学方程式,1,1
4.?祁东县九年级期末统考数学物理试卷,1,1
4.学会合理安排时间,1,1
40篇短文搞定3500词,1,1
40篇短文搞定高考3500词,2,1
4157763,4,1
41届全国中学生物理竞赛预赛试卷,2,1
41届物理竞赛,1,1
42 物理竞赛复赛,4,1
42604381,2,1
42套,3,1
42届全国中学生数学竞赛预赛试卷,1,1
42届全国中学生物理竞赛预赛试卷,6,1
43中学,1,1
43中学八年级下学期物理期末模拟,1,1
45中八下期末考试卷,2,1
45偏短文3500词,1,1
45套卷,3,1
45套卷2027年天星,2,1
45篇英语3500词,1,1
46215458,6,1
46301052,1,1
46507740,1,1
46621363,1,1
46639472,1,1
46中南校区,1,1
47610724,5,1
48个国际音标单词拼读练习,3,1
48个国际音标单词拼读练习五年级,1,1
48个国际音标每日一题,1,1
4中,1,1
4年,1,1
4年级下册数学期末试卷福建,2,1
4年级数学上册随堂笔记,2,1
4星学霸黑白题,3,1
4级英语,1,1
5,1,1
5 3,1,1
5 3历史,1,1
5 3电子版,1,1
5 公顷与平方千米,3,1
5 夜间飞行的秘密,2,1
5 诊断提分卷3,1,1
5+4,1,1
5. 共点力的平衡,7,1
5. 机械能守恒定律,2,1
5. 电势 能题,1,1
5. 电势能,1,1
5. 电势能高中,2,1
5. 电势能高中大题,1,1
5.1平面直角坐标系,1,1
5.2.2 同角三角函数的基本关系,1,1
5.2.2三角恒等变换及其应用,2,1
5.2（1）有机化合物的分离提纯,1,1
5.3七上第二章素养综合测试卷,2,1
5.3初中试卷七上第二章素养综合测试卷,6,1
5.3历史,1,1
5.3高一数学必修一人教B练习册,5,1
5.3（1）反应热,4,1
5.4,2,1
51604749,3,1
52178006,1,1
52304219,1,1
52585479,1,1
52848479,1,1
528843,3,1
53 2025版数学,1,1
53 2025版语文七上活页,1,1
53 2026版数学,1,1
53 2027必修三物理,1,1
53 必修三,1,1
53169553,1,1
53193185,2,1
53262821,1,1
53917882,3,1
53天天练,1,1
53活页精炼10分钟,1,1
53活页精炼10分钟 四川大学出版社,1,1
53金卷化反应,1,1
53金卷化学反应,1,1
53高中全优卷综合测卷二,4,1
54458538,2,1
54689214,2,1
54850315,2,1
54中,1,1
54制,2,1
55125205,1,1
55535116,1,1
55943056,1,1
56159707,1,1
56390369,3,1
56401504,3,1
56579965,3,1
56579969,1,1
56601054,1,1
57543339,3,1
57中高一下期末,2,1
58060742,1,1
58189019,1,1
58211878,1,1
58252117,2,1
58287147,1,1
58288885,2,1
58557405,1,1
58577898,1,1
58581621,2,1
5869885,2,1
58699885,1,1
58746477,1,1
58771390,2,1
58785309,2,1
58785997,1,1
58799831,1,1
58809824,2,1
58813357,1,1
58828091,1,1
58839372,5,1
58841627,1,1
58887830,1,1
58891759 2026,1,1
5分钟,1,1
5升6六 暑假衔接综合复习资料,4,1
5年(21–25)+1年模拟分类汇编，黑吉辽蒙专用,3,1
5年上科学,1,1
5年中考 三年模拟 9年级上册物理题,5,1
5年中考3年模拟历史,1,1
5年科学,1,1
5年级2026年期末卷,3,1
5年级上册期末考试,3,1
5年级上册知识点,1,1
5年级下册。口算10题竖式计算5题脱式计算5题，解方程5题，解决问题2题,5,1
5年级下册数学期末试卷人教版,2,1
5年级下册数学期末试卷人教版2026,1,1
5年级下册期末试卷,1,1
5年级下册期末试卷人教版,2,1
5年级下册第1单元人教版,3,1
5年级下册语文期末测试卷,1,1
5年级下册语文期末试卷人教版2026,1,1
5年级下语文期末试卷,2,1
5年级语文期末试卷,1,1
5年高考3年模拟,4,1
5年高考三年模拟,1,1
5年高考三年模拟全科培优卷基础必修一北师大版,2,1
5年（2020-2024）中考1年模拟物理真题分类汇编（广东专用）,1,1
5年（2024-2026）中考1年模拟物理真题分类汇编（广东专用）,4,1
5月,1,1
5月济南,1,1
5月济南七上,1,1
5月阶段性测试,1,1
5点法求解析式单调区间,1,1
6,1,1
6. 牛顿运动定律的应用,1,1
6.1（1）化学反应速率,1,1
6.3 解三角形应用举例,3,1
6.7高中,1,1
6.7高中英语,1,1
6.?元素周期表推断题,7,1
618航空中学,1,1
6456A,1,1
650873,1,1
688,1,1
688 14天背诵默写监测,2,1
688核心词汇2026,1,1
688核心词汇螺旋进阶训练,1,1
688英语高考高频词汇,1,1
688词汇 高考背诵默写监测人教版,3,1
688词汇英语,1,1
688高考高频核心词汇 考点讲解 单句语法填空,6,1
688高考高频词,1,1
6年级上人教版数学s班模拟卷六三制,2,1
6年级上册人教版数学 期中测试卷,14,1
6年级上数学教材,1,1
6年级下册数学。,1,1
6年级数学,4,1
7,1,1
7 13甘肃陇南高一期末金太阳参考答案,1,1
72,1,1
72504347,1,1
75中,1,1
76中,3,1
78,4,1
79,1,1
7cxk.com/p-3603671.html,1,1
7上数学安徽期中,1,1
7上数学安徽期中安庆,1,1
7上数学泸科版1 2单元,2,1
7上数学泸科版期中,1,1
7上数学考真题三:2025年华宜寄宿学校10月考,3,1
7上福建有理数加减混合运算,2,1
7年級 2026年下册各区期末考试,1,1
7年级上册复习课件沪科版。,6,1
7年级上册数学1单元考试真题。,3,1
7年级上册数学统考试卷,2,1
7年级上册混合加减乘除混合运算的专项。,2,1
7年级上册生物,7,1
7年级上册第一单元人教版数学测试卷,2,1
7年级上册衡水体字帖,6,1
7年级上学期第1单元检测卷,7,1
7年级下册宁德市期末,1,1
7年级下册数学卷子练习,1,1
7年级下册数学期末试卷,1,1
7年级下册期末试卷,1,1
7年级下册生物试卷,4,1
7年级下册英语人教版河南郑州期末试卷,2,1
7年级下册重庆市南岸区英语期末试卷,1,1
7年级下册重庆市南岸区语文其中,3,1
7年级分班卷,2,1
7年级北师大有理数概念基础,4,1
7年级北师大有理数概念基础第2单元,1,1
7年级北师大有理数概念基础计算～第2单元,1,1
7年级历史上册期中考试,1,1
7年级数学上册,1,1
7年级数学上册教材,1,1
7年级数学上册课本,1,1
7年级第7课日语,1,1
7年级英语单词,3,1
7年级英语单词人教版,2,1
7年级超难选择题,2,1
7年级阅渎理解,2,1
7年级阅渎理解20篇,1,1
7月9号考的卷子,1,1
7月初期末,3,1
7月大联考化学模拟试题,1,1
7月期末化学百师联盟辽宁,1,1
7月期末物理百师联盟辽宁,2,1
7月点石联考,2,1
7月高一英语,1,1
7选5 2026 专练,5,1
7选5 2026 真题,2,1
8,1,1
8 *红楼春趣,1,1
8 圆内接正多边形,2,1
8.5空间直线平面平行,1,1
8.5空间直线平面的平行,6,1
80,1,1
80282649,3,1
81中,1,1
887词汇,1,1
89中高一入学分班测语文真题,2,1
8上,1,1
8上天津市红桥区2025到2026,2,1
8上天津市红桥区2025到2026道法,1,1
8上尺规作图,1,1
8上数学北师版,2,1
8上物理光,1,1
8上物理光学现象与应用,1,1
8上物理知识点,4,1
8下北京英语期末卷,1,1
8下英语小题狂做,1,1
8中,1,1
8中真题,2,1
8年,1,1
8年级上册万州期末考卷数学题。,7,1
8年级上册万州期末考卷物理题,2,1
8年级上册人教版物理期末试卷,3,1
8年级上册人教版英语单词,3,1
8年级上册人教版英语试卷,6,1
8年级上册全等三角形手拉手模型例题。,1,1
8年级上册历史知识点人教版,5,1
8年级上册历史课本,3,1
8年级上册数学北师大版第1单元试卷,2,1
8年级上册数学单元检测卷,2,1
8年级上册文言文,2,1
8年级上册文言文注释,3,1
8年级上册物理必备知识点,3,1
8年级上册物理泸教版初中上分卷第2单元试卷。,4,1
8年级上册物理第1单元试卷,2,1
8年级上册第1单元数学,3,1
8年级上册英语期末卷子 河南,1,1
8年级上册英语期末卷子 河南许昌,2,1
8年级上册英语默写单人教版,1,1
8年级上册语文同步字帖。,3,1
8年级下册万州期末考卷数学题。,1,1
8年级下册数学压轴试卷,1,1
8年级下册物理单元,1,1
8年级下册物理单元测试,2,1
8年级下册物理单元测试力学,3,1
8年级下册物理单元测试力学天津,3,1
8年级下册物理试卷,1,1
8年级下册物理试卷河西,7,1
8年级历史上册期中考试,2,1
8年级历史上册期末考试,1,1
8年级历史下册期末考试,2,1
8年级期末数学卷，石家庄市23中,1,1
8年级物理书,1,1
8年级物理暑假学习资料,2,1
8年级英语试卷长沙,2,1
8年级长沙竞赛题。,2,1
8数学,2,1
8月质检,1,1
9 12章电学综合题,2,1
9 动物的鼻子,1,1
9 弧长及扇形的面积,2,1
9+1,1,1
9+1语文,1,1
9. 带电粒子在电场中的运动,1,1
9.1统计,1,1
9787308258272 化学一轮答案,4,1
97中,2,1
98年高考试卷考场原版试卷,2,1
9yue,1,1
9上人教版物理书,1,1
9上北师大数学第二单元测试卷,1,1
9上数学书,1,1
9上数学几何,2,1
9上暑假收心卷,1,1
9上期中考,2,1
9上物理第一章检测卷,4,1
9上的人教版英语听力的专项练习,2,1
9上的人教版英语听力的专项练习含听力音频,1,1
9上的英语听力专项练习,1,1
9下英语单词,4,1
9中石家庄,1,1
9年级上册化学第1单元试卷,2,1
9年级上册化学第一次月考,4,1
9年级上册数学,1,1
9年级上册数学期末,2,1
9年级上册物理苏教版第1单元测试卷,2,1
9年级上册第1单元数学,6,1
9年级上册语文,4,1
9年级上化学1-2单元,1,1
9年级上单元检测,5,1
9年级上单元检测物理,2,1
9年级下册语文课后读读写写,1,1
9年级下英语教材单词,1,1
9年级人教版物理全一册课时作业本本,2,1
9年级全一册语文课课帮,6,1
9年级几何,1,1
9年级化学1-2单元,1,1
9年级开学考试考,4,1
9年级数学2026年版,1,1
9年级数学2026年版北师大版,1,1
9年级数学2026年版北师大版第1单元,2,1
9年级文言文阅读理解,2,1
9年级第1单元,1,1
9年级第1单元数学,3,1
9年级英语冀教版上册2026新版,1,1
9年级英语冀教版上册2026新版单词,5,1
9年级英语冀教版上册2026新版单词第1单元,2,1
9年级语文文言文阅读理解,3,1
9数学,1,1
9月份,2,1
9月摸底,1,1
9月月考 河南,2,1
9月起点考,4,1
:专题03文言文阅读-2026届高考二轮复习(山东专用),1,1
A,1,1
A 课件,1,1
A10 联盟,2,1
A10 联盟 4月安徽高二期末数学北师大版,2,1
A10 联盟 4月安徽高二期末物理,1,1
A10联盟2023级高二5月学情调研考,1,1
A10联盟2024至2025学年度第二学期高二5月联考,1,1
A10联盟2026届高三8月份,2,1
A10联盟2026届高三上学期8月底学情监测,1,1
A9 协作体,3,1
AH专题,1,1
AI,1,1
AI 2025 高考写作,1,1
AI 写作素材,4,1
AI研修,1,1
AI职教,2,1
Ab cd4个等级,1,1
Ascii,1,1
Asin,2,1
A倍的sin欧米伽x加,1,1
A加教育,1,1
A字模型,1,1
A计划2026年人教版数学九年级上册,1,1
A计划2026年人教版数学九年级上册期中测试卷原卷,3,1
BAITARX,3,1
BEST联考,1,1
BEST联考吉林,1,1
BM4X 5A2W HWMD 9Q4A,1,1
BabyTV,3,1
Be 动词1专题,2,1
Best,1,1
Be动词 100题,1,1
Be动词专项训练,1,1
Be动词的用法,1,1
Biology,1,1
C10联盟,1,1
CET4,3,1
CMO奥林匹克数学竞赛,2,1
Cherrya,4,1
DNA粗提取和鉴定,5,1
DSE数学,1,1
Developing ideas,4,1
D篇阅读,1,1
Eⅹcel,1,1
E卷通,2,1
E卷通 家长端考试查询,4,1
E卷通家长端,3,1
F,1,1
FCE真题test1,1,1
G4南师附中 海门 海安 天一 金陵中学四校同步期末联考天一强化班,6,1
G5高二期末考试英语,2,1
Go for it,1,1
Good morning everyoneToday I'd like to talk about AI,5,1
"Good morning, everyoneToday I'd like to talk about AI",1,1
"Good morning, everyoneToday i like to talk about AI",1,1
G名校协作体,1,1
HL,2,1
HL和角平分线练习人教版,1,1
Happy holiday单元试卷,1,1
Hope match world 2024年 5年级,1,1
I know that you will be better at maths,3,1
I mo,1,1
ICHO,1,1
IMC,3,1
If虚拟语气if 2025高考练习题,1,1
J12,1,1
J2026-2027学年高一英语必修二、必修三综合测试卷2,2,1
KET 13天核心词汇专项训练小学,1,1
KET 2024真题,3,1
KET 2025年真题,1,1
KET 2025年真题卷湖南省,1,1
KET试卷,1,1
Ket,2,1
LC振荡电路,4,1
LC振荡电路 高三复习,1,1
Larry,4,1
Leoliu英语综合训练,2,1
Lesson2 定语从句 语法填空解题技巧 高三二轮讲义,2,1
MST数学,1,1
MST新高中数学,2,1
My family members录音,1,1
N2,3,1
NT,3,1
NT20名校联合体,2,1
NT20唐山高一下学期期末,1,1
Na,2,1
Nyj198638,3,1
PDF,1,1
PEP版人教版六年级英语预习,2,1
PET 2024真题,1,1
PET真题,2,1
PGZXCHEN,2,1
PH,2,1
PPT1 免费 教师,2,1
PPT1 免费 讲课,1,1
PPT1 免费初中,2,1
PPT二次函数,1,1
PPT二次函数苏科版,1,1
PPT模版nb8,1,1
Ptt,1,1
S 班模拟卷,3,1
S4,1,1
SAS全等判定同步练习,3,1
SFLM高一英语学科,3,1
SSP,1,1
SSP外刊阅读上海,1,1
SSP时文阅读 中考专刊,2,1
Saturday,1,1
Section A,1,1
Shirley Wood Henan University,5,1
Ssssasas AA as专项,1,1
Starter Unit 1 Hello! Section B How do you start a conversation?七年级上册,5,1
Starter Unit 1-3自我测评卷-【优+学案】2024-2025学年新教材七年级上册英语课时通(人教版2024)河北专版,2,1
S暑假作业,1,1
T8,2,1
T8 联考,1,1
T812月,1,1
T812月联考,1,1
T8八省八校联考,6,1
T8第1次联考,1,1
T8联考 2026,2,1
T8联考 陕晋青宁,1,1
T8联考12月,1,1
T8联考八省八校数学,1,1
T8联考四月,2,1
T8联考湖北,1,1
T8联考湖北12,3,1
T8联考物理高一,1,1
T8联考英语,1,1
T8联考语文,1,1
T8高三12月,1,1
T8高三年级12月检测训练,1,1
TACA,5,1
TJJE新高考研究联盟 2024-2025学年高一下学期期末教学质量检（新版7年级1课止）,1,1
TJJE新高考研究联盟 2024-2025学年高一下学期期末教学质量检（新版7年级1课止）日语,6,1
TJJE新高考研究联盟2024至2025学年第二学期高一年级期末教学质量检测日语,1,1
Therebe句型,4,1
U1,2,1
U1 2复习,2,1
U1peaple,1,1
UCFP:0f7eadab-a35c-47dc-de42-866d2b2f8930-1784473054896,1,1
UCFP:dc39f1fa-d983-4ece-947d-8baf0aa582ff-1784293106684,2,1
Unit 1 A New Start 单词变形，语法，词汇，短语，知识点复习题-2026-2027学年高一英语必修第一册(外研版)》,3,1
Unit 1 A New Start 单词变形，语法，词汇，短语，知识点复习题-2026-2027学年高一英语必修第一册(外研版》,2,1
Unit 1 A new start 单词1247记忆法默写表,1,1
Unit 1 Clubs in our school【语音】（动画）-2026-2027学年沪教版（五四制）小学英语五年级上册,2,1
Unit 1 Happy Holiday 单元练习-【木牍中考?课时A计划】2025-2026学年新教材八年级，上册,1,1
Unit 1 Making friends 培优小练-【一本】2025-2026学年新教材三年级英语上册课后小练习(人教PEP版2024),3,1
Unit 1-8默写纸（每页一单元）2025-2026学年译林版（2024）英语八年级上册,6,1
Unit 1-8默写纸（每页一单元）2025-2026学年译林版（2024）英语八年级下册,2,1
Unit 1试卷,3,1
Unit 2 Let's talk teens(重难词汇精练)英语译林版2020必修第一册,2,1
Unit 2 Travelling around 单元测试 2022-2023学年高中英语人教必修第一册,2,1
Unit 2 We're Family!,2,1
Unit 2单元基础知识落实,1,1
Unit 2单元基础知识落实 必修 二,1,1
Unit 2单元基础知识落实必修 二,1,1
Unit 3The seasons知识梳理,1,1
Unit 3单元测试 2022-2023学年高中英语人教必修第一册,4,1
Unit 3知识梳理,1,1
Unit 3高中英语人教必修第一册,1,1
Unit three same are different,2,1
Unit three same are different词汇,4,1
Unit1,1,1
Unit1单词精讲课件十音频包,1,1
Unit1知识与语法精讲精练八上英语,5,1
Unit2,1,1
Unit2 exploring English听力,1,1
Unit2Agreenlife,1,1
Unit2听力特训,1,1
Unit3 Lesson1 What makes you unique 冀教版八上,7,1
Unit3Diverse Cultures,1,1
Unit4,1,1
Units3Diverse Cultures,3,1
WMO,4,1
WMO国,1,1
Welcome to the unit,1,1
Welcome to the unit单词,2,1
Welcome unit,2,1
What's on your plate,2,1
What.s the man going to do,1,1
X,1,1
XCS2025,1,1
XCS2025第二次中招模拟英语卷,2,1
X校,1,1
YC,1,1
YK,1,1
YMO青少年数学思维研学 五年级复赛试卷,1,1
Z20 02026届高三第一次联考物理,1,1
Z20 02026届高三第一次联考英语,2,1
Z202026年5月,1,1
Z20一模,1,1
Z20一模浙江省,6,1
Z20名校联盟,1,1
Z20名校联盟2026届高三第三次学情诊断语文,2,1
Z20名校联盟20二六届高三第一次联考,1,1
Z20新高一,2,1
Z20新高二,1,1
Z2零名校联盟 浙江省名校新高考研究联盟2026届第三次学情检测,1,1
Z2零名校联盟 浙江省名校新高考研究联盟2026届高三第三次学情检测,1,1
ZDB,6,1
Zhejiang Liangpin Wonderful Three-year Selective Compulsory Volume I English Literacy Test Volume,4,1
^qUxJg$c3da5a546ff79d13a662dbfaeef84a5d97478b13f,1,1
^qUxJg$c70281f2cecd6da8f08312c911c17f68229dc30ff,1,1
a an 两练习题,1,1
a fat bee with wings,1,1
a10联盟高一下学期期末,1,1
a10高三上学期9月份,2,1
anc 果一轮复习,1,1
a加联盟,2,1
a的平方M乘于a的平方n,2,1
b.zxxk.com/booklist/d4-g12/index-25,1,1
bangjia,2,1
befe,1,1
best合作,1,1
best数学期末,1,1
best高一下,2,1
by zhe song dynasty,2,1
changjun中学,1,1
chuanc,1,1
ckwbflzgakdecckckbskdlffshcllrnf,1,1
cos60度,1,1
crossing cultures,2,1
da,1,1
day1政治与法治每日必背打卡,2,1
day1诊治,1,1
da?lian,1,1
dikl,1,1
dse,1,1
d道里,4,1
e,1,1
e 卷通,2,1
e卷通查,2,1
file:///Users/xiexing/Downloads/Unit+1+Happy+Holiday单词拆弹手动画+2026-2027学年人教版八年级英语上册.html,2,1
food matters,1,1
food matters单词表跟读视频,2,1
friendship,10,1
friendship广州,1,1
g,1,1
g12,1,1
g8教考联盟,1,1
gssgdvxhscdjsv,1,1
hill怎么读,1,1
hill用英语怎么读,2,1
hope四年级,2,1
http://61.133.254.198:8001/,1,1
https://8.318647xx.cc:88/search/%E7%81%AB%E5%BD%B1/2/,1,1
https://b23.tv/CZCoaip,2,1
https://c.xkw.com/doc-detail/25972935?tag=%E8%A7%A3%E6%9E%90,2,1
https://c.xkw.com/doc-detail/41301570?tag=%E5%8E%9F%E5%8D%B7,1,1
https://c.xkw.com/doc-detail/50425616?tag=%E5%8E%9F%E5%8D%B7,1,1
https://c.xkw.com/doc-detail/53274743?tag=%E5%8D%95%E5%85%83%E5%8D%B7,1,1
https://c.xkw.com/doc-detail/53296365?tag=%E5%8D%95%E5%85%83%E5%8D%B7,1,1
https://c.xkw.com/doc-detail/53932449?tag=%E5%8E%9F%E5%8D%B7,1,1
https://c.xkw.com/doc-detail/57365997?tag=%E5%8E%9F%E5%8D%B7,1,1
https://c.xkw.com/doc-detail/57422776?tag=%E5%8E%9F%E5%8D%B7,1,1
https://c.xkw.com/doc-detail/58264479?tag=%E5%8E%9F%E5%8D%B7,1,1
https://c.xkw.com/doc-detail/58288189?tag=%E5%8E%9F%E5%8D%B7,1,1
https://c.xkw.com/doc-detail/58375106?tag=%E5%8E%9F%E5%8D%B7,1,1
https://c.xkw.com/doc-detail/58408188?tag=%E5%8E%9F%E5%8D%B7,1,1
https://c.xkw.com/doc-detail/58516450?resourceType=1&tag=%E8%A7%A3%E6%9E%90,2,1
https://c.xkw.com/doc-detail/58796365?tag=%E5%8E%9F%E5%8D%B7,1,1
https://c.xkw.com/doc-detail/58815313?tag=%E5%8E%9F%E5%8D%B7,1,1
https://m.51jiaoxi.com/albums-8169.html,1,1
https://m.sohu.com/a/965532660_121290891?_trans_=010004_wapwxfzlj《2026春季新教材人教版九年级物理全一册电子课本(PDF高清版)》-上搜狐网，查看更多精彩内容,1,1
https://m.zxxk.com/apk/xkw-last.apk,2,1
https://m.zxxk.com/docpack/3020396.html,1,1
https://m.zxxk.com/docpack/3701038.html,1,1
https://m.zxxk.com/soft/46637480.html,2,1
https://m.zxxk.com/soft/47287463.html#1.5 弹性碰撞和非弹性碰撞（举一反三）【十三大题型】-2024-2025学年高二物理举一反三系列（人教版2019选择性必修第一册）,3,1
https://m.zxxk.com/soft/50220048.html#专题05 法拉第电磁感应定律【十五大题型】-【压轴题】2024-2025 学年高中物理同步培优训练（人教版2019?选择性必修第二册）,1,1
https://m.zxxk.com/soft/50588844.html#第十章 浮力 专项四　浮力   2024-2025学年物理人教版八年级下册,1,1
https://m.zxxk.com/soft/52660389.html,5,1
https://m.zxxk.com/soft/52706267.html?use_xbridge3=true&loader_name=forest&need_sec_link=1&sec_link_scene=im&theme=light,2,1
https://m.zxxk.com/soft/52901905.html,1,1
https://m.zxxk.com/soft/54007973.html,1,1
https://m.zxxk.com/soft/55487511.html,1,1
https://m.zxxk.com/soft/55692449.html,2,1
https://m.zxxk.com/soft/56056169.htm,3,1
https://m.zxxk.com/soft/56099282.html,1,1
https://m.zxxk.com/soft/58320409.html,5,1
https://m.zxxk.com/soft/58478228.html,1,1
https://m.zxxk.com/soft/58515028.html,2,1
https://m.zxxk.com/soft/58629173.html,3,1
https://m.zxxk.com/soft/58814525.html,1,1
https://m.zxxk.com/soft/58824485.html#Unit,1,1
https://m.zxxk.com/user/495650,3,1
https://m.zxxk.com/zxxk/openApp,1,1
https://pan.quark.cn/s/e6a58ffe7c08,2,1
https://pgeqd.calmawakening.life/lessons/68890,3,1
https://sso.zxxk.com,2,1
https://sx.zxxk.com/m/books-b7067-sce420106-type4105-patentType41/city411400,1,1
https://wl.zxxk.com,3,1
https://www.hjq78.cc:9999/,1,1
https://www.kmq44.cc:1234/search/%E7%81%AB%E5%BD%B1/2,1,1
https://www.xjzk.gov.cn,1,1
https://www.zxxk.com/,4,1
https://www.zxxk.com/docpack/3605543.html,1,1
https://www.zxxk.com/ebook/detail-1001563.html,3,1
https://www.zxxk.com/soft/47422082.html,1,1
https://www.zxxk.com/soft/48071201.html,1,1
https://www.zxxk.com/soft/53360925.html,1,1
https://www.zxxk.com/soft/55535116.html?spm=a1.b9.c14.d57,1,1
https://www.zxxk.com/soft/56804395.html,3,1
https://www.zxxk.com/soft/57211857.html?enterprise_mode=0&lark_tenant_id=0,1,1
https://www.zxxk.com/soft/57404611.html,6,1
https://www.zxxk.com/soft/57598735.html,1,1
https://www.zxxk.com/soft/5791874,4,1
https://www.zxxk.com/soft/58493612.html,1,1
https://www.zxxk.com/soft/58624264.html,2,1
https://www.zxxk.com/soft/58737634.html,3,1
https://www.zxxk.com/soft/58763816.html,3,1
https://www.zxxk.com/soft/58785309.html,1,1
https://www.zxxk.com/user/5126262/,1,1
https://yx.xkw.com/course/zxxk/1520367185703800832-1520472807271288832.html?from=xkw&xkwxq=2000583932,1,1
https://zmbkeeurqn1.com:520/ui_ojbk/h5/?cid=4,2,1
h?t?t?p?s?:?/?/?m?.?z?x?x?k?.?c?o?m?/?d?o?c?p?a?c?k?/?3?5?6?3?7?3?4?.?h?t?m?l,1,1
i2025年孝感高中分班考,1,1
jilin,2,1
jiushan,1,1
join in2026武汉版,1,1
join in2026武汉版教材,1,1
join in2026武汉版教材单元单词表,1,1
jr.kehou.com,1,1
ket,1,1
ksp,2,1
l https://yx.xkw.com/m/trainingdetail/1547977763666325504.html,1,1
lMO,2,1
lMo,1,1
liuzhixin1234,4,1
log函数,3,1
luzhixin1234,1,1
ming,2,1
my dream作文,2,1
na,2,1
nt,1,1
o v o模型,1,1
our school subjects,5,1
pet,1,1
ph,3,1
pk中考英语,4,1
ppfigo,1,1
ppt一轮复习基层群众自治制度,1,1
ppt历史一轮复习,2,1
ppt模板,1,1
ppt模板江城子,2,1
price做动词,1,1
p?p?t,1,1
qimi欧娟,1,1
qinianji1 七年级下册 数学 期末郓城,2,1
qinianji1 七年级下册 英语期末郓城,1,1
quanhzu,1,1
r,1,1
s4,1,1
sat,1,1
sh,1,1
soft/58420248.html,1,1
some和any,1,1
starter unit1单元单词录音,2,1
t,1,1
t20,1,1
t?8,4,1
uni7 being creative话题阅读精练,1,1
uni7 ways话题阅读精练,3,1
uni7 话题阅读精练,1,1
uni76 being creative话题阅读精练,1,1
unit1 hello,1,1
unit1 hello单元 单元检测,1,1
unit1 lesson3 your life,2,1
unit1八上英语阅读,3,1
unit8 ways话题阅读精练,1,1
units自测卷,1,1
uni自测卷,1,1
unti1new start单元提升卷2025?2026学年高中英语外研版2019必修第一册,4,1
v t图像,2,1
v-t图像,1,1
vt,1,1
w w w zxxk com,2,1
w w w zxxk com卷子数学,1,1
weix,1,1
what do you do with money,2,1
what happened,1,1
which,2,1
wmo八年级,1,1
wmo八年级物理,1,1
wmo第一届,2,1
www baidu com,4,1
www zxxk com参考答案 九年级上册周末作业,1,1
www zxxk com参考答案七升八,1,1
www. zxxk .com,7,1
www. zxxk .com物理,2,1
www.baidu.com,5,1
www.zxxk.com.,5,1
w三角函数,1,1
w取值范围,4,1
w取值范围三角函数,2,1
x-t、v-t图像的理解和应用物理,1,1
x-t、v-t图像的练习,1,1
xdf,1,1
xg0056.cc,3,1
xininggaiyi,1,1
xkw-last.apk,2,1
yk,2,1
ymo,1,1
ymo四年级全国赛,7,1
ymo四年级全国赛2026,1,1
yufalianxi,1,1
y＝Asin(ωx＋φ)中ω、φ的取值和范围问题,1,1
z20生物,2,1
z20英语,4,1
z20高三第二次,1,1
zunyu,1,1
zuowen1初一素材开头与结尾,4,1
zuowen1初二素材开头与结尾,2,1
zxxk-2026-shujia-hsd-89-math,1,1
zxxk.com/soft/53501997.html,5,1
zxxk.com/soft/58375443.html,3,1
zxxk.com/soft/58417333.html,3,1
z周浦中学,2,1
~,1,1
§7.2 球的切、接问题 人教A版必修二,1,1
· 2027届高三英语一轮复习高频词练习合集,2,1
? 4.?获取渠道：学科网搜「甘孜州小升初数学模拟卷」,2,1
“2022-2023学年七年级数学下册 北师大版 第三章 变量之间的关系 A卷 知识通关练”,2,1
“Unit 1 A new start 单词1247记忆法默写表,1,1
“人教版PEP三年级上册 Unit 1 Hello 歌曲”,1,1
“南京市江宁区 五年级 数学 期末”真题卷,1,1
“因式分解 十字相乘法 专项训练（含答案）” · “配方法 专项训练（含答案）” · “分式加减乘除 专项训练（含答案）”,1,1
“成都七中 高一 英语 2026”,2,1
“扬子石化杯”2022年江苏赛区复赛试题36届,1,1
“扬子石化杯”36届江苏赛区复赛试题,1,1
“扬子石化杯”第33届中国化学奥林匹克(初赛)选拔赛暨 2019年江苏赛区复赛试题,2,1
“扬子石化杯”第34届中国化学奥林匹克(初赛)选拔赛暨 2020年江苏赛区复赛试题,1,1
“扬子石化杯”第35届中国化学奥林匹克(初赛)选拔赛暨 2021年江苏赛区复赛试题,1,1
“扬子石化杯”第36届中国化学奥林匹克(初赛)选拔赛暨 2022年江苏赛区复赛试题,4,1
“扬子石化杯”第37届中国化学奥林匹克(初赛)选拔赛暨 2023年江苏赛区复赛试题,1,1
“近5年全国卷一类文（48-52分,1,1
? 《高考英语一轮复习 必修三单词短语默写本》,2,1
′,1,1
②2025南开区九年级第一学期期中质量调查,2,1
②2026年6月浙江选考地理试题 ③2026江苏高考地理真题 ④2026山东新高考地理真题,1,1
③2025河西区九年级第一学期期末质量调查,1,1
④2025南开区九年级第一学期期末质量调查?,2,1
⑤2025河北区九年级第一学期期末质量调查.,1,1
●      全校学习识文组合训练一 原图,1,1
☆ 二进制,1,1
☆ 二进制的秘密,6,1
☆ 体育中的数学,2,1
、深圳二调高中英语试卷,1,1
、深圳二调高考英语试卷,1,1
。2024学年第二学期温州市高一下语文,1,1
。2024第二学期高一语文试卷,1,1
。2025~2026学年度第二学期大通县期末高二物理,1,1
。2026哈三中高一下学期期末历史期末卷,1,1
。2026哈三中高一历史期末卷,2,1
。2026年语文中考试卷。,1,1
。2026年语文杭州中考试卷。,2,1
。临界滑动,1,1
。利用基本不等式求最值。,2,1
。南开区高一期中,1,1
。四川省凉山州期末题。,2,1
。广东中考语文2026,1,1
。广东省佛山市禅城区7年级下册期末历史考试,1,1
。烟台芝罘区7年级下学期期末。数学,2,1
。矩形,9,1
。辽宁凌源物理,4,1
。辽宁凌源语文,1,1
。辽宁凌源语文高一下,2,1
。邓州生物卷,1,1
。金华10校2024~2025第二学期高一下语文,1,1
。高一数学课本。,2,1
。高一物理期末,1,1
。高一物理期末济南,1,1
。高一物理期末济南上学期,1,1
《2021–2025山东物理真题分类汇编》,4,1
《2024年普通高中学业水平选择性考试广东化学卷完整版》，第18题为14分有机综合实验大题。,1,1
《2026届高考写作指导:“悲剧文学的价值思辨,5,1
《Unit 1 Hello》,2,1
《?抓分卷·高考增分提速天天练 英语新高考版?》,2,1
《?精彩三年·高中同步课程探究与巩固?,1,1
《【26秋】人教版九年级上册数学第25章《一元二次方程》测试卷（含答案）》。,2,1
《万向思维·高考快递 练习生》高中英语 选择性必修第一册（外研版2019），Unit 2 Onwards and upwards，Task 2专项训练,3,1
《专题01 运动学图像问题（专项训练）——2027届高考物理人教版一轮复习专题讲义（学生填空版）》,2,1
《中国的行政区划》填图专项,2,1
《中国的行政区划》填图专项有图,1,1
《中外历史纲要上》第3课 秦统一多民族封建国家的建立+西汉与东汉 同步练习题 含答案,8,1
《中外历史纲要上》第6课  同步练习题 含答案,2,1
《中外历史纲要上》第6课 秦统一多民族封建国家的建立+西汉与东汉 同步练习题 含答案,2,1
《中外历史纲要上》第6课 隋唐 同步练习题 含答案,1,1
《从军行》《春夜喜雨》《观书有感》《送元二使安西》《西江月 ·夜行黄沙道中》《黄鹤楼送孟浩然之广陵》,1,1
《优化指导》化学一轮课时作业手册电子版,4,1
《元日》《长歌行》《从军行》《滁州西涧》《春夜喜雨》《观书有感》《送元二使安西》《西江月 ·夜行黄沙道中》《黄鹤楼送孟浩然之广陵》《九月九日忆山东兄弟》,2,1
《创新教程 2027高考数学总复习（大一轮复习讲义）人教A版》（新高考,2,1
《创新教程 高考数学总复习（大一轮复习讲义）人教A版》（新高考,7,1
《安徽省A10联盟2021年高三12月联考化学试题》,1,1
《小升初数学奥数分班模拟综合测试题》陕西,2,1
《峨日朵雪峰之侧》《致云雀》联读ppt,2,1
《广东省阳江市阳西县2025-2026学年三年级下学期7月期末语文试题》,1,1
《把关题》物理RJ必修第一册,1,1
《星火英语·小学五年级进阶阅读》,1,1
《春》的课后练习,1,1
《春夜喜雨》《观书有感》《送元二使安西》《西江月 ·夜行黄沙道中》》,3,1
《最新冀教版三至六年级英语单词表（2000词汇完整版）》，14页全册表格,1,1
《朝花夕拾》,2,1
《河南中考语文满分作文十年经典》包含2019年半命题、材料双题范文,1,1
《第01讲元素周期表、元素周期律》内容导航.,2,1
《精品解析：青海省西宁市2024-2025学年高一下学期期末调研测试生物学试卷》,2,1
《红星照耀中国》,1,1
《红星照耀中国》第一篇,1,1
《红星照耀中国》读后感,2,1
《红楼梦》课,3,1
《经典常谈》 怎样读知识性作品,1,1
《考出好成绩》七上英语大卷,1,1
《自相矛盾》《伯牙鼓琴》《古人谈读书》《两小儿辩日》。,1,1
《衡水金卷·先享题 2025-2026 高三一轮复习 40分钟周测卷 数学（B版）》 具体是 第（一）套：集合与常用逻辑用语。  ? 最推荐的查找方案（按优先级）  1. 首选：用App扫书码/书名    · 操作：在 “作业帮”App 里，搜索“衡水金卷先享题 高三数学 B版”或直接扫书后面的条形码，大概率能直接绑定整本解析。    · 理由：有人验证过，这是找“整本解析”最快的方法，不用一页页翻。 2. 次选：去官方合作平台下载（单份）    · 学科网 (www.zxxk.com)：搜索“【衡水金卷·先享题】2026年高考数学一轮复习40分钟周测卷（B）,2,1
《西游记》,2,1
《西游记》摘抄,1,1
《论语》,2,1
《论语》高中app,1,1
《课本里的中国文人·明清志奇》,1,1
《课本里的中国文人·明清志奇》作者胡晓霞,2,1
《走向中考考场 八年级数学,1,1
《走向中考考场 八年级数学上（河北教育版/冀教版）,1,1
《金版教程·高考科学复习解决方案 物理（高三一轮复习,1,1
《金版教程》化学必修第二册的单元检测原卷图片。,8,1
《骆驼祥子》,2,1
《高考调研》地理,6,1
《高考领航》2027版高考物理大一轮复习学案（新高考通用版）,7,1
「2021广东新高考化学适应性测试真题」,1,1
「2025-2026茂名高二期末质量抽测」,4,1
「2026河北中考数学真题完全解读」,2,1
「湛江市霞山区银帆学校2024–2025七年级入学卷,8,1
「湛江市霞山区银帆学校小升初,1,1
「邓州市2025-2026第一学期七年级期末」，语文/数学/英语/生物/道法全套试卷,1,1
「顺德区三年级下册语文期末统,2,1
【【最后十课】2026高考物理——力学实验篇！考前冲刺-哔哩哔哩】 https://b23.tv/RuHPibh,2,1
【一本】2025-2026学年九年级数学上册同步训练（北师大版）,3,1
【上好课】,1,1
【上好课】2025?2026高一数学人教B版必修第一册同步备课专辑,10,1
【上好课】2025年七年级语文上册整本书阅读《西游记》专项训练（统编版 五四学制）,3,1
【上好课】2026年新八年级数学暑假举一反三系列（新教材人教版）,1,1
【上好课】2026年高考语文一轮复习知识清单（全国通用）,1,1
【上好课】一轮复习,1,1
【上好课】文言文实词,1,1
【上好课】高一数学高效培优讲义（人教A版2019必修第一册）,1,1
【会考】普通高中学业水平合格,1,1
【假期成才路·暑假】八年级数学 分章节学情检测卷（华东师大2026）,4,1
【入学摸底】【夏令营选拔】的资料,1,1
【创新教程】2026年高考数学总复习大一轮讲义（人教A版2019）,3,1
【四川省南充市2025届高三高考适应性考试（一诊）,1,1
【回忆版】【入学摸底】【夏令营选拔】的资料,1,1
【天壹试题】2025-2026学年高一上学期期末校内检测 物理,2,1
【好题汇编】备战2025-2026学年八年级数学下学期期末真题分类汇编（上海专,1,1
【学易金卷：2026年高考考前最后一卷 生物（新高考通用02）】,2,1
【学霸黑白题】,1,1
【学霸黑白题】 必修三,1,1
【学霸黑白题】2024-2025 必修三,1,1
【学霸黑白题】2024-2025 必修三（docpack/3312442）,1,1
【木牍中考?课时A计划】2025-2026学年九年级上册数学配套课件（人教版）,3,1
【步步高】2025人教版高中化学全套学习笔记 必修12+选择性必修123 Word学生版 无习题,1,1
【知识清单】专题,1,1
【知识清单】专题高中生物人教版,2,1
【福州九校联考】2025-2026学年第二学期八年级数学期末试卷         八闽数学观     2026年6月30日 21:05 福建   听全文           在小说阅读器读本章    去阅读        在小说阅读器中沉浸阅读,2,1
【超级考卷】2024-2025学年新教材七年级下册英语,1,1
【追梦之旅·大先生】2025-2026学年新教材八年级上册物理活页同步练习(人教版2024),1,1
【追梦之旅·大先生】七年级上册英语人教版活页同步练习,5,1
【金版新学案2027高三总复习化学】,3,1
【零障碍导教导学案】2025-2026学年八年级上册数学（人教版·新教,6,1
【高考领航】2027年高考地理大一轮复习学案(创新版)。,6,1
【鸿鹄志·名师测控】2025-2026学年新教材八年级上册物理（北师大版2024 陕西专版）,9,1
にほんご,2,1
?黔东南州2024年In期末文化水平测试英语测试卷人教版,2,1
一,1,1
一 中,1,1
一 元一次不等式,1,1
一 元一次不等式 100道计算题,4,1
一 元一次方程计算题100道,2,1
一 元二次100道计算典型例题,2,1
一 元二次不等式 2027年高三数学一轮复习,3,1
一 元二次方程 100道初中数学一元二次方程解方程专项练,7,1
一 元二次方程 100道初中数学专项练北师大版,10,1
一 元二次方程 计算,1,1
一 元二次方程人教版,1,1
一 元二次方程人教版试卷,1,1
一 元二次方程练习,2,1
一 元二次方程计算题,7,1
一 元二次方程计算题训练,4,1
一 模,3,1
一 次函数,1,1
一 次函数专项,1,1
一 次函数八年级专项,1,1
一 次函数八年级专项复习人教版,2,1
一 次函数八年级专项复习人教版数学,1,1
一 般将来时,1,1
一 轮 2016 高三 一轮复习,3,1
一 轮 2016 高三 一轮复习化学,1,1
一 轮 2016 高三 一轮复习数学,1,1
一 轮 复习 2026 分层突破训练,1,1
一 轮 复习 2026 备考策略ppt,1,1
一 轮 复习 2026 按单元必修一,3,1
一 轮 复习 2027匀变速直线运动,1,1
一 轮 复习 题库,2,1
一、二年级的人之换,1,1
一、二年级课文,1,1
一、二年级课文语文,1,1
一、直接复制去学科网搜索的关键词（优先找可单买小卷）  1. 高一语文 文言文专项小卷  2. 高一古诗文随堂练习  3. 文言实词专项练习题  4. 高一语文课内古文小练,2,1
一七一,2,1
一三七,2,1
"一个质量为M的凹槽倒扣在水平面上，里面有一个物块，给物块一个初速度V,不",1,1
一中 2026 重庆,2,1
一中兰州期中,1,1
一中分班考,2,1
一中单元测试,1,1
一中期末,1,1
一中期末重庆,1,1
一中海沧,1,1
一中锦山七年级,1,1
一中高一化学,1,1
一中高一化学重庆,2,1
一二0中学,2,1
一二0中学高二期末物理,1,1
一二0月考,1,1
一二章检测,1,1
一元一次不等式组大题,1,1
一元一次函数,2,1
一元一次方程七年级上册,1,1
一元一次方程真题,3,1
一元一次方程计算,1,1
一元一次方程题目,2,1
一元一次求参数,2,1
一元二元作文练习,1,1
一元二次方程 北师,1,1
一元二次方程oot,1,1
一元二次方程ppt,1,1
一元二次方程习题,1,1
一元二次方程五三,1,1
一元二次方程动态几何问题,1,1
一元二次方程单元卷,1,1
一元二次方程单元卷人教版,1,1
一元二次方程单元拔高知识点,1,1
一元二次方程单元拔高试卷,1,1
一元二次方程含参数表范围,2,1
一元二次方程含参数问题,1,1
一元二次方程培优,2,1
一元二次方程基础题,2,1
一元二次方程式,2,1
一元二次方程整体思想,3,1
一元二次方程整体思想华师版,1,1
一元二次方程根与系数的关系,2,1
一元二次方程根与系数的关系 八大题型,3,1
一元二次方程概念,2,1
一元二次方程的应用题,1,1
一元二次方程的解,1,1
一元二次方程的解练习,4,1
一元二次方程的计算,1,1
一元二次方程章节训练,1,1
一元二次方程解法练习,7,1
一元二次方程计算,1,1
一元二次方程计算题练习,1,1
一元二次方程计算题训练,1,1
一元二次方程讲义,2,1
一元二次方程试卷,3,1
一元二次方程课件,2,1
一元二次方程配方法 计算题训练,4,1
一元二次方钱,1,1
一元二次配方法 的应用,1,1
一元二次配方法 的应用习题,1,1
一元二的方程,3,1
一元函数的导数及其应用,6,1
一元导数,1,1
一六一中学,2,1
一六八,2,1
一到五年级,1,1
一到五年级模拟卷,2,1
一升二 2026年暑假衔接语文人教版,1,1
一升二应用题排队,3,1
一升二数学人教版暑假,6,1
一升二看图写话,4,1
一升二阅读理解,2,1
一升二阅读理解拔高,3,1
一单元,1,1
一卷,1,1
一套卷子,1,1
一套卷子湖北省,1,1
一定溶质质量分数的氯化钠溶液的配制,4,1
一小球击中粗糙斜面,2,1
一小球击中粗糙斜面物理摩擦系数＝tan,1,1
一年级 下册,1,1
一年级 希望杯,2,1
一年级 拼音 1年级 汉语拼音习题,1,1
一年级 数学,1,1
一年级 数学 100以内加减法,1,1
一年级 数学 100以内加减法练习,1,1
一年级上册数学第三单元试卷,3,1
一年级上册数学试卷,2,1
一年级上册看图列式,1,1
一年级上册语文一二单元试卷,1,1
一年级上册语文三四单元试卷,4,1
一年级上册语文古诗,1,1
一年级下 期末,1,1
一年级下册数学,1,1
一年级下册数学 七复习与关联 期末复习模块素养训练,7,1
一年级下册期末,3,1
一年级下学期阶段检测,1,1
一年级二年级所有古诗词,1,1
一年级到五年级模拟卷,1,1
一年级劳动整理班级卫生角教案,1,1
一年级口算,2,1
一年级奥数 测试试卷,1,1
一年级奥数专题年龄问题,3,1
一年级奥数举一反三,2,1
一年级拼音,3,1
一年级数学上册单元复习系列,1,1
一年级数学上册同步备课,2,1
一年级暑假复习检测,7,1
一年级看图列式,2,1
一年级英语试卷,1,1
一年级英语试卷人教版24,2,1
一年级英语试卷人教版24第一单元,1,1
一年级英语课本,1,1
一年级语文,2,1
一年级语文古诗,1,1
一战成名,4,1
一战成名地理,4,1
一战成名新中考 2025福建中考语文 一轮复习 基础夯实练 练册,2,1
一战成名新中考】2025福建中考语文·一轮复习·基础夯实练（练册）,2,1
一战成名真题与拓展2025英语河北专版,1,1
一数,3,1
一数 高中数学一本通 必修二,5,1
一数必刷100讲,2,1
一数排队问题练习题,1,1
一数高一必修一,2,1
一数高一必修一数学,2,1
一月考,2,1
一本 三年级英语上册 人教PEP版2024 听力”,1,1
一本 真题分类,1,1
一本 英语听力,3,1
一本 高考,1,1
一本 高考真题分类,7,1
一本三年级上册英语听力,3,1
一本五年级小学语文第十三年第13次升级阅读训练100篇,1,1
一本初升高,2,1
一本听力,1,1
一本数学高中知识大盘点,3,1
一本物理,2,1
一本物理试卷,1,1
一本英语阅读理解120篇高考,2,1
一本语文,1,1
一本课后练习,1,1
一本通,3,1
一本重庆专用,1,1
一本预备六年级数学,1,1
一本预备新初一,6,1
一本预备新初一语文,1,1
一本预备新初二2026,2,1
一本，数学高中知识大盘点,2,1
一条河流曲折向前,3,1
一杯酒精减少一半,2,1
一检试卷,1,1
一模  广州  高三,1,1
一模  深圳,1,1
一模 广州 高三,1,1
一模 深圳 高三,2,1
一模18题,4,1
一模专项,1,1
一模化学试卷,9,1
一模卷,2,1
一模语文,1,1
一模语文北京,1,1
一模阅读,1,1
一模阅读上海,3,1
一模阅读合集,1,1
一次 函数 025 一轮 专题,2,1
一次二次方程专题,1,1
一次函数三角形存在性问题,4,1
一次函数与一元一次不等式(2)—根据两条直线的交点求不等,1,1
一次函数与几何压轴,5,1
一次函数与图形变换问题,2,1
一次函数与行程问题,3,1
一次函数与面积问题,2,1
一次函数专项压轴,2,1
一次函数专项练习沪科,6,1
一次函数专项练习沪科综合,1,1
一次函数专项练习题,2,1
一次函数专项练习题不含答案,3,1
一次函数专项训练,3,1
一次函数几何压轴题专项,1,1
一次函数压轴题八上数学,1,1
一次函数压轴题八下,4,1
一次函数压轴题八下人教版,3,1
一次函数图像与性质,3,1
一次函数复习,1,1
一次函数大题,4,1
一次函数平移,1,1
一次函数应用题,2,1
一次函数思维导图,5,1
一次函数概念与图像,2,1
一次函数概念与图像沪科版,1,1
一次函数的图像和性质,3,1
一次函数的图像和性质练习,1,1
一次函数的基础题,2,1
一次函数的定义,1,1
一次函数直角三角形存在性问题,1,1
一次函数简单应用,1,1
一次函数练习题不含答案,1,1
一次函数练习题八年级,3,1
一次函数行程问题,3,1
一次函数试卷,2,1
一次函数问题北京,3,1
一次方程不等式,2,1
一次比一次分式函数求值域,2,1
一次比一次求值域,4,1
一步乘除综合应用题,2,1
一百以内加减法计算专项,1,1
一百分,1,1
一百分练,1,1
一百分练习,1,1
一线精练,8,1
一线课堂语文,2,1
一线课堂语文一轮复习下册,1,1
一线调研语文,1,1
一线调研高三语文,2,1
一职高,1,1
一般现在时与一般过去时,2,1
一般过去式,4,1
一般过去时,2,1
一般过去时和现在完成时练习题,4,1
一诊,2,1
一试,4,1
一课一练,1,1
一课一练 华东师大版,2,1
一课一练七年级北师大数学上册,1,1
一轮,1,1
一轮专题,3,1
一轮函数,1,1
一轮基本初等函数,3,1
一轮基础专题检测物理,2,1
一轮复习 2026,1,1
一轮复习 2026全国通用,1,1
一轮复习 函数,1,1
一轮复习2027,2,1
一轮复习七选五专练,2,1
一轮复习不等式,1,1
一轮复习专题,3,1
一轮复习专题卷,1,1
一轮复习中考,10,1
一轮复习函数性质,2,1
一轮复习单元巩固双测卷2027物理新高考,1,1
一轮复习历史,2,1
一轮复习原子物理,2,1
一轮复习地理,3,1
一轮复习基层群众自治制度PPT,1,1
一轮复习大洋洲及澳大利亚新西兰,3,1
一轮复习机械振动,1,1
一轮复习模拟卷,3,1
一轮复习物理必修一第一二两章,1,1
一轮复习物理必修一第二章变速直线运动,2,1
一轮复习物理零基础,7,1
一轮复习物理零基础免费,1,1
一轮复习生物2026必修一,3,1
一轮复习生物必修二,2,1
一轮复习生物必修二基因遗传变异,1,1
一轮复习生物真题,2,1
一轮复习生物细胞的结构和物质运输,4,1
一轮复习知识点,3,1
一轮复习知识点物质的分类及性质,2,1
一轮复习练习题,2,1
一轮复习讲义,1,1
一轮复习资料,1,1
一轮复习默写,1,1
一轮复习默写语文,3,1
一轮物理bixiuy,3,1
一轮物理必修一,3,1
一轮直线运动,3,1
一遍过2026人教版数学,2,1
一遍过2026人教版物理,1,1
一遍过河北版最新版八上数学,1,1
一遍过河北版最新版八上数学期中试卷,2,1
一道二次函数经典50问,2,1
一项工程甲乙合作需要20天,3,1
一题十问十答,4,1
一题多答案,1,1
一题多解,2,1
一飞冲天 2025津专版,2,1
一飞冲天·高考专项】2024年高考专题分类数学（天津专版）,6,1
一飞冲天八下历史课时作业,5,1
一飞冲天同步训练,1,1
一飞冲天同步训练九上物理,1,1
一高,1,1
丁,1,1
丁一杯,1,1
丁一杯全国赛七年级,5,1
丁一杯数学竞赛,2,1
丁准,2,1
丁子江,2,1
丁玉海,1,1
丁玉海名师,2,1
七 025 2026 年 七年级下 学期 期末数学试卷免费,1,1
七 025 2026 年 七年级下 学期 期末数学试卷北京,3,1
七上 0 古诗 4课理解性默写,3,1
七上 月考,2,1
七上 秋词,2,1
七上 秋词夜雨寄北,1,1
七上 英语 译林版 扬州,2,1
七上1-3单元练习,1,1
七上一元一次方程,3,1
七上人教版数学计算,4,1
七上人教版英语一单元重点短语,5,1
七上人教版英语书,1,1
七上人教英语,1,1
七上入学分班考英语,1,1
七上入学分班考英语杭州,2,1
七上全册英语人教版重点单词,3,1
七上全册重点单词,1,1
七上分班卷,2,1
七上动点问题专项练习,2,1
七上动点问题有正方形和三角形,1,1
七上北师大数学找规律的题,1,1
七上北师大版数学第1单元卷子,1,1
七上单词字帖,1,1
七上单词字帖英语。,3,1
七上单词字帖默写,2,1
七上历史复习提纲,1,1
七上历史知识点,1,1
七上历史试卷,1,1
七上地理期中青岛,2,1
七上地理期末考试嗯湖北随州,7,1
七上地理知识点,1,1
七上所有数学题,1,1
七上找规律的题,3,1
七上数学5年中考三年模拟,1,1
七上数学ppt,1,1
七上数学一元一次方程,2,1
七上数学书,1,1
七上数学书答案,2,1
七上数学人教,3,1
七上数学人教版,3,1
七上数学人教版期中,1,1
七上数学单元测试卷,1,1
七上数学卷,4,1
七上数学尺规作图题,3,1
七上数学整式,1,1
七上数学整式找规律,11,1
七上数学整式找规律上海,3,1
七上数学有理数加减运算,5,1
七上数学有理数加减运算计算题,1,1
七上数学期末考试嗯湖北随州,2,1
七上数学第一单元试卷,1,1
七上数学计算,1,1
七上数学遂宁期末,1,1
七上方程,1,1
七上月考,1,1
七上期末复习,1,1
七上枞阳,1,1
七上枞阳数学,2,1
七上泰安历史期中,2,1
七上泰安数学期中,1,1
七上泰安英语,1,1
七上泰安英语第一单元,1,1
七上泰安英语第一单元现在进行时,3,1
七上测试卷重庆,1,1
七上滨州月考,2,1
七上生物期中青岛,2,1
七上真题分类,2,1
七上科学知识点,1,1
七上第一次月考,1,1
七上英语一单元you and me,2,1
七上英语一单元you and me作文,2,1
七上英语二单元We're Family！讲义,3,1
七上英语二单元We're family,2,1
七上英语二单元We're family讲义,1,1
七上英语人教版重点单词,1,1
七上英语外研版单词表,1,1
七上英语综合试卷,1,1
七上英语预备单元,2,1
七上英语预备单元人教版,2,1
七上英语默写,2,1
七上英语默写牛津,1,1
七上英语默写译林,1,1
七上角平分线，垂线，尺规,1,1
七上解方程,1,1
七上语文人教版同步网课,4,1
七上语文期末,4,1
七上语文测试卷重庆,1,1
七上长沙市一中教育集团,2,1
七下 数学,5,1
七下 生物期末测试卷岳阳楼区,2,1
七下 语文期末测试卷,2,1
七下 道法期末测试卷岳阳楼区,1,1
七下40中期末卷2025-2026,1,1
七下人教版教材,4,1
七下人教版英语,1,1
七下人教版英语7～9单元每日语法练习,2,1
七下冀少版生物思维导图,2,1
七下华师数学整体思维,1,1
七下南充数学期末试卷,2,1
七下南沙期末数学2026年,2,1
七下历史,1,1
七下历史期末,1,1
七下历史第一单元,3,1
七下历史镇江期末扬中,1,1
七下吉安数学期末卷,5,1
七下同底数幂的乘法,5,1
七下地理 期末测试卷,1,1
七下地理期末,1,1
七下地理湘教版期末,1,1
七下地理湘教版期末甘肃,3,1
七下山东省日照市五莲县期末试题,2,1
七下巴蜀卷期末,2,1
七下幂的乘方和积的乘方,2,1
七下广期末数学2026年,1,1
七下抚州历史期末卷,1,1
七下抚州地理期末卷,1,1
七下抚州政治期末卷,1,1
七下抚州数学期末卷,3,1
七下抚州生物期末卷,1,1
七下抚州英语期末卷子,1,1
七下教学质量检测,1,1
七下数学,1,1
七下数学专项练习,4,1
七下数学专题11期末真题百练通关（100题））,2,1
七下数学书,1,1
七下数学压轴题,4,1
七下数学基础＋中档大题24套,5,1
七下数学月考,1,1
七下数学期末,18,1
七下数学期末考试,1,1
七下数学期末考试嗯湖北随州,1,1
七下数学期末考试福州,2,1
七下数学泽林期末考试答案,2,1
七下数学泽林答案,1,1
七下数学第九章二元一次方程单元测试卷,4,1
七下数学第二学期期末卷北师大版,1,1
七下数学襄阳市统考,1,1
七下数学遂宁期末,1,1
七下数学镇江期末扬中,1,1
七下期末2025,2,1
七下期末2025数学,1,1
七下期末2026南宁,1,1
七下期末包头市,6,1
七下期末卷地理,1,1
七下期末地理试卷辽宁省,1,1
七下期末数学,2,1
七下期末数学试卷,1,1
七下期末温岭,2,1
七下期末英语卷,1,1
七下期末英语卷带听力,6,1
七下期末试题,5,1
七下期末语文,1,1
七下期末语文镇江扬中市,1,1
七下期末阅读试卷,1,1
七下期末阜平,2,1
七下期末青岛卷,2,1
七下梁山期末,1,1
七下汕尾市英语,2,1
七下沈阳数学,1,1
七下沪科,5,1
七下济宁期末,3,1
七下浑南区数学卷,2,1
七下湖南期末地理2026永州道县下册期末,1,1
七下湖南期末生物2026永州道县下册期末,5,1
七下湘教版计算题汇总,6,1
七下生物,1,1
七下生物河北第一单元,1,1
七下生物第一单元,4,1
七下益卷,2,1
七下科学第三章,2,1
七下竞赛题数学,2,1
七下粮食,1,1
七下育才卷语文期末试卷,2,1
七下英语,2,1
七下英语单词表,1,1
七下英语期末测试卷昆明,5,1
七下英语期末试卷西附,2,1
七下英语浏阳,2,1
七下英语甘,1,1
七下英语阅读理解20篇,6,1
七下英语阅读理解20篇人教版,3,1
七下英语阅读理解和完形填空各20篇,1,1
七下西湖区,2,1
七下讲义,1,1
七下试卷,2,1
七下语文 活板 文言对比阅读专项,1,1
七下语文古诗词默写,3,1
七下语文基础知识清单,1,1
七下语文备,1,1
七下语文备考,1,1
七下语文暑假作业,3,1
七下语文期末,1,1
七下语文期末巴蜀,1,1
七下语文期末试题。,3,1
七下语文期末阅读试卷,3,1
七下语文襄阳市统考,3,1
七下道,1,1
七下道法,5,1
七下阅读理解 100篇专项训练,4,1
七下雅礼集团期末,1,1
七下青岛版2元一次方程检测卷,8,1
七下青岛版数学数据收集整理描述知识点,1,1
七下青岛版数学第一章,3,1
七下青岛版数学第一章知识点,1,1
七下青岛版数学第七章,1,1
七下青岛版整式的乘法与除法检测卷,2,1
七下鱼台期末,2,1
七下鹰潭数学期末卷,1,1
七中林荫,1,1
七中林荫化学,2,1
七中林荫高一月考,1,1
七中水井坊,1,1
七中物理九上月考,1,1
七中育才,2,1
七什八英语,1,1
七仙五,1,1
七八年级应用题必考题型,2,1
七八年级数学压轴题特训,1,1
七十五,3,1
七升八,4,1
七升八暑假数学预习,4,1
七升八暑假预习,1,1
七升八水浒传试卷,1,1
七升八道法,1,1
七台河市实验高中,2,1
七台河高三二模,1,1
七台河高三模拟,2,1
七宝,1,1
七宝中学2021英语高三第二学期英语试卷,2,1
七宝中学2025学年第一学期高一开学练习,1,1
七宝二中,2,1
七宝实验中学,4,1
七宝高三数学,1,1
七年上学期数学试卷,2,1
七年上学期第1单元测试,4,1
七年上数学第一课,1,1
七年級上册数学2025年期末考试真题,1,1
七年級下册英语 2025 2026年期末考试,1,1
七年級下册英语 2025 2026年期末考试贵阳市统考,2,1
七年級英语2025年七年级下学期期末考试云南省,5,1
七年级 上册01 古诗文背诵专题理解性默写习题,1,1
七年级 单词背诵及默写单 全册新人教版,7,1
七年级 数学,4,1
七年级 数学知识点,2,1
七年级 期末测试卷,1,1
七年级 英语,1,1
七年级 语文,3,1
七年级2026黔江区英语,2,1
七年级YMO初赛,1,1
七年级上 语文,2,1
七年级上册 单词表汇总,2,1
七年级上册 单词表汇总人教版新课标,1,1
七年级上册 英语,1,1
七年级上册专项语法,2,1
七年级上册人教版英语,2,1
七年级上册人教版英语完形填空,1,1
七年级上册人教版英语小升初衔接,1,1
七年级上册仁爱版英语 饭单词单词1247记忆法默写表”,1,1
七年级上册仁爱版英语课程,4,1
七年级上册分式,2,1
七年级上册分班考,2,1
七年级上册单词,1,1
七年级上册历史必考,1,1
七年级上册历史必考知识点,3,1
七年级上册历史第1次月考,4,1
七年级上册历史第2单元测试卷,1,1
七年级上册历史第二单元,1,1
七年级上册地理,1,1
七年级上册地理书,2,1
七年级上册外研版英语语法专项,3,1
七年级上册常考必背单词意思读音,2,1
七年级上册广州黄埔,2,1
七年级上册广州黄埔2024至2025,1,1
七年级上册成华区期,2,1
七年级上册成华区期末2025,1,1
七年级上册数学专题,1,1
七年级上册数学人教版井研县测试卷,1,1
七年级上册数学代数值,3,1
七年级上册数学北师大版,1,1
七年级上册数学单元测试卷,2,1
七年级上册数学厦门,2,1
七年级上册数学因式分解,3,1
七年级上册数学整式的乘除,4,1
七年级上册数学有理数b卷,1,1
七年级上册数学有理数的除法,10,1
七年级上册数学有理数第一单元练习题,1,1
七年级上册数学有理数练习题青岛版,3,1
七年级上册数学期中,6,1
七年级上册数学期中考试去年,1,1
七年级上册数学期中考试去年城阳青岛,1,1
七年级上册数学期中考试去年市北青岛,1,1
七年级上册数学期中考试去年市南,1,1
七年级上册数学期中考试去年市南青岛,1,1
七年级上册数学期中考试去年平度,1,1
七年级上册数学期中考试试题,1,1
七年级上册数学期中考试青岛胶州去年,1,1
七年级上册数学期中考试青岛西海岸,3,1
七年级上册数学期末,4,1
七年级上册数学期末考真题高难度,1,1
七年级上册数学期末试题,1,1
七年级上册数学沪科版期末试卷,2,1
七年级上册数学第1单元试卷,2,1
七年级上册数学第1单元试卷云南省,1,1
七年级上册数学第6单元试卷，苏科版150分,3,1
七年级上册数学第一单元测试卷,2,1
七年级上册数学第一单元练习题青岛版,1,1
七年级上册数学第一章功夫的图形世界和第二章有理数及其运算,1,1
七年级上册数学第二章单元试卷,3,1
七年级上册数学第十章单元测试,1,1
七年级上册数学苏教版活页1+1,1,1
七年级上册月考,2,1
七年级上册有理数,4,1
七年级上册有理数b卷,2,1
七年级上册期中考试卷,2,1
七年级上册期中考试卷数学,1,1
七年级上册期中英语2025东平县,2,1
七年级上册期末,2,1
七年级上册期末2024数学卷子,2,1
七年级上册期末数学,1,1
七年级上册正数和负数练习,2,1
七年级上册沪教版第32页音频,2,1
七年级上册浙教版有理数单元检测,3,1
七年级上册物理期中考试试卷,3,1
七年级上册物理期中考试试卷长沙市明德,1,1
七年级上册生物期末试卷,3,1
七年级上册第1次月考卷带答题卡,6,1
七年级上册第一单元,1,1
七年级上册第一单元浙江教育出版社,6,1
七年级上册英语 人教版,1,1
七年级上册英语 人教版讲解视频,2,1
七年级上册英语study unit一单词,1,1
七年级上册英语专项,3,1
七年级上册英语专项训练,2,1
七年级上册英语单元,2,1
七年级上册英语单词,1,1
七年级上册英语单词默写表,4,1
七年级上册英语单词默写表汉译英英译汉人教版,1,1
七年级上册英语名词方面所有习题,4,1
七年级上册英语听写手册,3,1
七年级上册英语完形填空,1,1
七年级上册英语曲阜,2,1
七年级上册英语期末考试卷,1,1
七年级上册英语期末考试卷 河北省武安市,2,1
七年级上册英语第一单元完形填空,2,1
七年级上册英语第一单元完形填空人教办,1,1
七年级上册英语第一单元试卷,1,1
七年级上册英语课本,2,1
七年级上册英语预习单元第一单元,1,1
七年级上册语文必考,1,1
七年级上册语文期中,2,1
七年级上册语文期中考试试题,2,1
七年级上册语文期末,2,1
七年级上册语文期末有答题卡的试卷,2,1
七年级上册语文知识点,1,1
七年级上册道法,1,1
七年级上册道法课本,4,1
七年级上册，2024版,2,1
七年级上册，试卷数学,1,1
七年级上分班监测英语,1,1
七年级上学期数学第一次月考,1,1
七年级上学期期中模拟卷内蒙古专用英语,2,1
七年级上学期期末数学,1,1
七年级上期数学有理数加减,1,1
七年级上期数学有理数加减人教版,1,1
七年级上期数学第一单元有理数,2,1
七年级上第一次月考卷数学,1,1
七年级上第一次月考卷数学新罗区,2,1
七年级上第一次月考英语,1,1
七年级上考卷新罗区,1,1
七年级上考卷新罗区数学,2,1
七年级上英语单词,1,1
七年级上英语第一次月考新罗区,2,1
七年级上英语第一次月考龙岩,2,1
七年级上语文期中,4,1
七年级上语文病句 句子 成语专项,1,1
七年级上语文病句，句子，成语专项,4,1
七年级上语文第一次月考新罗区,1,1
七年级下册 数学 期末测试卷,5,1
七年级下册 数学 桂平,1,1
七年级下册 生物 期末测试卷,1,1
七年级下册 第一次月考,1,1
七年级下册 第二次月考,6,1
七年级下册 英语,1,1
七年级下册 语文 桂平,5,1
七年级下册2026遵义统考,2,1
七年级下册东明县2026,1,1
七年级下册东明县2026期中,2,1
七年级下册人教版数学实数思维导图,1,1
七年级下册人教版数学计算,1,1
七年级下册人教版期末卷,1,1
七年级下册人教版期末基础卷,1,1
七年级下册人教版期末基础卷数学,2,1
七年级下册人教版期末试卷汕头市澄海区,2,1
七年级下册人教版第九章平面直角坐标,2,1
七年级下册人教版英语,2,1
七年级下册免费版,2,1
七年级下册冀教版英语同步练习册,4,1
七年级下册化简求值,2,1
七年级下册北师大,2,1
七年级下册北师大版单元卷一单元,1,1
七年级下册北师大版平行线题,1,1
七年级下册北师大版数学书知识点,2,1
七年级下册北师大版数学单元卷,1,1
七年级下册北师大版数学单元卷一单元,2,1
七年级下册北师大版数学每课练,2,1
七年级下册历史期末阜平,3,1
七年级下册历史真题,4,1
七年级下册历史试卷,7,1
七年级下册地理期末历史,1,1
七年级下册地理期末阜平,1,1
七年级下册地理知图析图手册,3,1
七年级下册外研版英语阅读,2,1
七年级下册平行线题,1,1
七年级下册成华区期末考，七年级下册成都期末考试,1,1
七年级下册数学人教,4,1
七年级下册数学人教版二元一次方程组,1,1
七年级下册数学人教版期末卷,1,1
七年级下册数学人教版第十章,2,1
七年级下册数学前六章每一章出一套专项试卷,1,1
七年级下册数学北师大版卷子,1,1
七年级下册数学北师大版期末考试卷,2,1
七年级下册数学北师大版薛城区期末试卷,1,1
七年级下册数学华东师大版一元一次方程举一反三讲义全章题型归纳,6,1
七年级下册数学单元检测卷新课标,1,1
七年级下册数学单元测试卷人教版,4,1
七年级下册数学基础题,2,1
七年级下册数学基础题扬州市,1,1
七年级下册数学基础题泰州市,1,1
七年级下册数学基础题苏州市,1,1
七年级下册数学思维导,1,1
七年级下册数学整式的乘法与除法,2,1
七年级下册数学整式的乘法与除法试卷,5,1
七年级下册数学期末试卷,2,1
七年级下册数学期末试卷2026江苏邳州,3,1
七年级下册数学第8章实数思维导图,2,1
七年级下册数学第8章思维导图,1,1
七年级下册数学第一章专项试卷,1,1
七年级下册数学计算题专项练习,6,1
七年级下册数学试卷专项练习,1,1
七年级下册数学配套,3,1
七年级下册暑假作业2026人教版英语,2,1
七年级下册期末,17,1
七年级下册期末历史,1,1
七年级下册期末濉溪龙华,1,1
七年级下册期末考试淮北龙华,2,1
七年级下册期末考试龙华,1,1
七年级下册期末英语,1,1
七年级下册期末试卷2026,1,1
七年级下册期末试卷2026江苏,1,1
七年级下册期末试卷2026江苏邳州,1,1
七年级下册期末道德试题。曹县,1,1
七年级下册江西省吉安市泰和县期末测试历史,1,1
七年级下册江西省吉安市泰和县期末测试生物,1,1
七年级下册江西省吉安市泰和县期末测试英语,2,1
七年级下册沪科版数学,1,1
七年级下册沪科版数学试卷,1,1
七年级下册生物期末试卷,2,1
七年级下册科学试卷第2章和第3章专项练,5,1
七年级下册综合测验卷人教版,1,1
七年级下册英语书,2,1
七年级下册英语仁爱版,1,1
七年级下册英语仁爱版新版同步练习册,7,1
七年级下册英语单词,3,1
七年级下册英语单词音频,5,1
七年级下册英语外研版阅读,8,1
七年级下册英语曲阜,1,1
七年级下册英语期末卷科普仁爱版,2,1
七年级下册英语期末考试沂南,1,1
七年级下册英语期末阜平,2,1
七年级下册计算专项练习,4,1
七年级下册计算题,5,1
七年级下册计算题湘教版,1,1
七年级下册语文,1,1
七年级下册语文期末阜平,1,1
七年级下册语文试卷,1,1
七年级下册通辽市2020年最新试卷,3,1
七年级下册道法与法治学科最新知识点,5,1
七年级下地理期末,1,1
七年级下地理期末五华,2,1
七年级下地理期末安宁,1,1
七年级下学期期末考试,3,1
七年级人教数学计算题,3,1
七年级人教版数学第四章整式的加减，关于多项式和单项式的题,2,1
七年级人教版数学综合练习,2,1
七年级人教版语文,2,1
七年级仁爱版英语 饭单词,2,1
七年级仁爱版英语 饭单词单词1247记忆法默写表”,1,1
七年级入学试卷,1,1
七年级内江市,1,1
七年级内江市上学期,1,1
七年级分班考,8,1
七年级分班考试卷秀山初级中学,4,1
七年级北大附中数学期末卷,1,1
七年级北师大版七年级上册,2,1
七年级北师大版七年级上册暑假,1,1
七年级北师大版数学卷子,1,1
七年级升八年级,4,1
七年级单元卷,1,1
七年级单词默写,2,1
七年级历史,2,1
七年级历史西岗区,2,1
七年级历史试题,1,1
七年级古诗,2,1
七年级地理期末质量抽测试卷,1,1
七年级地理测试卷a,2,1
七年级外研版英语默写,2,1
七年级外研英语第一单元测试卷,2,1
七年级夯实基础,3,1
七年级夯实基础语文基础一战成名新中考】2025福建中考语文·一轮复习·基础夯实练（练册）,1,1
七年级山西英语人教下学期阶段评估二,2,1
七年级开学,4,1
七年级开学测,1,1
七年级数学 期末测试卷,1,1
七年级数学8-12章习题,2,1
七年级数学一单元测试卷,3,1
七年级数学上册人教版一单元测试卷,1,1
七年级数学上册沪科版第一章测试题,2,1
七年级数学上册第二章,1,1
七年级数学上册青岛版第一次月考,2,1
七年级数学上学期期末,3,1
七年级数学上期中考试,1,1
七年级数学上期中考试重庆巴蜀,3,1
七年级数学优化设计,2,1
七年级数学公式,1,1
七年级数学华师版,2,1
七年级数学单元卷,1,1
七年级数学单元试卷,1,1
七年级数学有理数单元试卷,1,1
七年级数学有理数计算,2,1
七年级数学第1章，试卷。,1,1
七年级数学综合计算题,1,1
七年级数学计算,5,1
七年级数学试卷,2,1
七年级数学阳光优品阶段测试一,2,1
七年级文言文 100篇专项训练,3,1
七年级暑假,2,1
七年级月考上,1,1
七年级有理数,2,1
七年级期末,4,1
七年级期末复习,2,1
七年级期末语文,1,1
七年级状语从句,1,1
七年级生物,2,1
七年级生物学期末测试卷,1,1
七年级科普版英语练习题下裁,1,1
七年级综合试卷,3,1
七年级英语 阅读理解   30 篇 含答案,3,1
七年级英语 阅读理解 20 篇 含答案,9,1
七年级英语上册单元复习系列,2,1
七年级英语上册期末考试,1,1
七年级英语上学期,1,1
七年级英语中阶综合评定仁爱版2025年到2026年七年级下学期,2,1
七年级英语人教版第一学期月考和期中考试试卷,1,1
七年级英语单词,1,1
七年级英语单词 背默,1,1
七年级英语同歨练习题,4,1
七年级英语完形,2,1
七年级英语完形人教版,1,1
七年级英语滨海新区嗯,1,1
七年级英语重庆,1,1
七年级英语阅读每日一练,2,1
七年级西岗区,1,1
七年级计算,3,1
七年级语文,1,1
七年级语文《春》的课后练习,2,1
七年级语文句型训练,1,1
七年级语文期中,1,1
七年级语文粮食,1,1
七年级语文背诵课文清单,1,1
七年级语文（一）,2,1
七年级语文（一）如何坚守粮心,1,1
七年级语文（一）粮食浪费,1,1
七年级道法与法治知识点,2,1
七年级阳春市2025 2026学年度第二学期期末教学质量监测,4,1
七年级阳春市松柏学年度第二学期期末教学质量监测,1,1
七年级阳春市松柏镇学年度第二学期期末教学质量监测,3,1
七年级阶段评估八,1,1
七年级阶段评估八人教版,3,1
七年级，全册期末质量检测,2,1
七年语文学情分析试题,2,1
七彩学科网,1,1
七彩课堂,1,1
七彩课堂陕旅版,1,1
七彩阳光,3,1
七月辽宁高二,4,1
七校协作体,1,1
七校联盟是2026年5月,2,1
七校联考 重庆期末,2,1
七校联考南京期末,2,1
七校联考辽宁,1,1
七选五 1,1,1
七选五2026人教版,3,1
七选五和语法填空类型,2,1
七选五题,1,1
七选五黑吉辽蒙,1,1
万中2024初三物理,1,1
万以上数,1,1
万以上的数,3,1
万唯 2026中考黑白卷,7,1
万唯 2026年浙教版,4,1
万唯中考试题研究2026北京,6,1
万唯大小卷英语,1,1
万唯大小卷英语七年级上人教版2027,1,1
万唯河北专版黑白卷,4,1
万屯中学,1,1
万州二中七年级上数学入学考试,2,1
万州龙驹,2,1
万数,1,1
万有引力与天体运动,1,1
万有引力与航天专题,1,1
万有引力与航天专题二轮,3,1
万有引力割补法,1,1
万维中考数学基础题,4,1
万维中考高分作文,1,1
万维中考高分作文语文,1,1
万维作文,1,1
万维英语黑卷河南省2026年初中学业水平考试试卷,1,1
万维英语黑白卷,2,1
三 峡八年级上册,2,1
三 年级,1,1
三上人教版一单元练习题,2,1
三上外研版unit1测试,1,1
三上外研版第一单元测试,2,1
三上数学卷子,1,1
三上第一二单元,2,1
三下上语文期末试卷富阳区,1,1
三下数学综合练习卷,2,1
三下期末试卷,1,1
三下英语剑桥版,1,1
三下英语剑桥版课本,1,1
三下英语期末试卷富阳区,2,1
三下译林英语阅读理解,2,1
三下语文期末试卷富阳区,1,1
三个二次关系,1,1
三中2023至2024高二开学自测,2,1
三中自招,1,1
三丰联盟高一下英语试卷,1,1
三亚一中高二期末,1,1
三体,1,1
三到四年级英语基础训练,2,1
三加证书考试,1,1
三十一中分班考,1,1
三十二个月亮,1,1
三十二中月考,2,1
三十五中,1,1
三十八中,1,1
三升四 2026 暑假语文,1,1
三升四 2026年暑假数学,1,1
三升四 2026年暑假数学 整体试卷,1,1
三升四 2026年暑假语文数学英语综合练习题,1,1
三升四2026英语练习,7,1
三单 动词练习,2,1
三原南郊中学,2,1
三原县小学,2,1
三台县 科学,4,1
三台县芦溪中学2024届高三上学期一诊模拟考试语文试卷,2,1
三台实验中学,1,1
三国两晋南北朝时期,2,1
三国两晋南北朝时期的政权更替,1,1
三国两晋南北朝时期的民族交融与江南地区的开发,1,1
三国两晋南北朝时期的民族交融氏族玄学,3,1
三垂直模型,1,1
三垂线,1,1
三垂线法求二面角的题,2,1
三大守恒,3,1
三天免费下载,1,1
三寄八年级下册数学期末试卷,1,1
三寄宿中学,1,1
三寄宿中学八年级,1,1
三寄宿中学八年级下册数学试卷,1,1
三峡八上语文,2,1
三峰联盟2025到2026学年高一下学期6月期末练习英语,1,1
三峰联盟高一下英语试卷,1,1
三市统考,1,1
三年上册第一单元猜猜他是谁,1,1
三年中考真题分类汇编,2,1
三年真题,1,1
三年級下册,1,1
三年级 奥数,2,1
三年级 英语 选择,5,1
三年级 英语 选择 人教版,3,1
三年级上册,2,1
三年级上册冀教版,1,1
三年级上册北师大半期试卷,2,1
三年级上册北师大半期试卷基础版,3,1
三年级上册字帖,2,1
三年级上册数学一到三单元测试卷,1,1
三年级上册期中作文真题汇编,2,1
三年级上册河北省邯郸市馆陶县预习试卷,1,1
三年级上册混合运算,2,1
三年级上册混合运算人教版,5,1
三年级上册第一单元作文,2,1
三年级上册英语26 个英文字母,1,1
三年级上册英语26个英文字母课件,2,1
三年级上册英语冀教版河北省邯郸市馆陶县预习试卷,2,1
三年级上册英语课件,2,1
三年级上册英语课第一单元,1,1
三年级上册英语课第一单元课堂预习,3,1
三年级上册语文作文第一单元作文题目汇编,2,1
三年级上册语文半期卷,2,1
三年级上册语文第一单元作文真题汇编,3,1
三年级上学期译林英语unit1,2,1
三年级上数学期末,2,1
三年级下册奥数,1,1
三年级下册奥数竞赛,1,1
三年级下册奥林匹克,2,1
三年级下册改版数学试卷,2,1
三年级下册数学,1,1
三年级下册数学人教版,2,1
三年级下册数学思维题,5,1
三年级下册数学期末卷人教版,8,1
三年级下册期末试卷数学,2,1
三年级下册期末试卷沪教数学,2,1
三年级下册期末试卷绵阳,5,1
三年级下册英语外研版听力训练,1,1
三年级下册英语外研版听力训练焦作市,3,1
三年级下册语文期末试卷,6,1
三年级下册语文期末试卷绵阳,3,1
三年级下册语文阅读理解,1,1
三年级下册课外阅读100篇,1,1
三年级下册道德与法治知识点总结,2,1
三年级下册饶平县,2,1
三年级下学期升学真题,4,1
三年级下学期期末,1,1
三年级下学期阶段检测,1,1
三年级下英语期末考试,2,1
三年级下阅读理解,2,1
三年级二单元数学,1,1
三年级人教版小数乘法试卷,2,1
三年级人教版数学期末试卷,1,1
三年级几何综合复盘,1,1
三年级升四年级,2,1
三年级奥数,1,1
三年级教材,1,1
三年级数学 每日一练 口算竖式应用题,2,1
三年级数学上册第1第2单元练习题,3,1
三年级数学上学期期末卷子珠海市,3,1
三年级数学期末模拟测试卷,2,1
三年级数学电子版书,2,1
三年级数学第1第2单元练习题,2,1
三年级数学第一单元,2,1
三年级数学第一单元人教版,1,1
三年级期末试卷,1,1
三年级画图题,1,1
三年级科学卷,4,1
三年级组合图形周长面积专项练习,4,1
三年级英语PEP,5,1
三年级英语人教版单词,2,1
三年级英语免费,2,1
三年级英语单词,4,1
三年级英语单词默写,2,1
三年级英语期未卷,1,1
三年级英语期末江津,1,1
三年级英语饭吃,1,1
三年级计算,5,1
三年级译林英语unit1,1,1
三年级语文,2,1
三年级语文的地得,3,1
三年级语文的地得专项练习,2,1
三年级语文课本,1,1
三年级费县月考,1,1
三年高考 2年模拟,2,1
三年高考 2年模拟政治,1,1
三年高考两年模拟,1,1
三年高考真题分类汇编,2,1
三年高考语文真题分类汇编,4,1
三拼,1,1
三新,6,1
三新联考高二江西,1,1
三明一检,1,1
三明三元,4,1
三明二中,3,1
三明将乐,7,1
三明市,5,1
三明市2024-2025,1,1
三明市2024-2025学年第二学期期末教学质量检测七年级英语,2,1
三明市2024~2025学年第二学期普通高中期末质量监测高二英语试题,2,1
三明市2025 2026学年第二学期高二期末适应性练习化学试题,1,1
三明市2025~2026学年第二学期高二期末适应性练习化学试题,2,1
三明市2026届高中毕业班适应性练习,2,1
三明市三元区期末2025∽2026,2,1
三明市三元区期末7月,3,1
三明市中考,2,1
三明市八下数学期末考,2,1
三明市八下物理期末考,1,1
三明市宁化县第一阶段测试,2,1
三明市第二中学,1,1
三明市英语,2,1
三明市高二下学期期末考试卷,1,1
三明市高二下期末考数学,2,1
三明市高二下期末考物理,3,1
三明期末,1,1
三明高三上期末,1,1
三明高三期末,1,1
三明高三毕业一检,2,1
三月调研考试,1,1
三校生,1,1
三次函数 8个考点24个结论 36个典型题培优,1,1
三次韦达定理,6,1
三段论 大前提 小前提和结论 练习,2,1
三段论排序题,3,1
三没,1,1
三河,1,1
三河九上期中考试,6,1
三河入学,1,1
三河分班考,2,1
三河口,2,1
三河小升初,1,1
三河市,4,1
三河市2026七年级下语文期末试卷,1,1
三河市2026初一年级期末数学试卷,2,1
三河市燕郊开发区,2,1
三河市第二中学,2,1
三河市第二中学高二上学期,1,1
三省三校联考物理,2,1
三省三校高一上,1,1
三省联考,1,1
三维设计,1,1
三维设计2026一轮复习,1,1
三维设计物理必修一,1,1
三美,2,1
三美2026南宁市,2,1
三美分班考语文试卷,1,1
三美模拟,1,1
三美语文试卷,1,1
三美语文试卷初一,1,1
三联语文试卷,1,1
三衔四,1,1
三角,3,1
三角 025一轮三角与解三角形专题复习,2,1
三角 函数  一轮 专题,1,1
三角函数 知识点分类归纳总结,1,1
三角函数5.5.2,2,1
三角函数5.5.2高级专项难题,1,1
三角函数ppt,4,1
三角函数、解三角形拓展公式大全,3,1
三角函数一轮,2,1
三角函数一轮复习高考,1,1
三角函数与解三角形,2,1
三角函数与解三角形试卷,1,1
三角函数与解三角形高三,2,1
三角函数专项练习,1,1
三角函数专项训练,2,1
三角函数专题九年级,1,1
三角函数专题练,6,1
三角函数专题练（鲁教版）,9,1
三角函数专题课程,2,1
三角函数专题题,1,1
三角函数之间的转换,4,1
三角函数人教版,5,1
三角函数人教版作业,1,1
三角函数任意角同角关系基础,3,1
三角函数公式,1,1
三角函数化简求值高中,1,1
三角函数单元卷,2,1
三角函数压轴大题,1,1
三角函数压轴题,3,1
三角函数及解三角形,5,1
三角函数同等变换,1,1
三角函数和立体几何练习题,3,1
三角函数图像与性质 复习 一轮复习,3,1
三角函数基础卷,2,1
三角函数基础小题,1,1
三角函数基础山东,1,1
三角函数基础知识,3,1
三角函数基础题,1,1
三角函数复习题,1,1
三角函数复数平面向量,3,1
三角函数定义,1,1
三角函数导数,3,1
三角函数恒等变换,1,1
三角函数恒等变换解三角形,4,1
三角函数推论公式,2,1
三角函数推论公式大全,3,1
三角函数教案,1,1
三角函数新定义题型,7,1
三角函数暑假复习,2,1
三角函数求线段,1,1
三角函数测试,2,1
三角函数测试基础,1,1
三角函数测试基础山东,1,1
三角函数的定义,2,1
三角函数的概念与诱导公式,2,1
三角函数综合应用,3,1
三角函数考前专项练习,2,1
三角函数考前专项练习-2026届高三数学二轮专题复习,4,1
三角函数考前专项练习高中,2,1
三角函数解三角形,2,1
三角函数计算,3,1
三角函数讲义,1,1
三角函数预习初三,1,1
三角函数预习学案,2,1
三角函数预习讲义人教版,1,1
三角函数高考专项练习,1,1
三角函数高考真题,4,1
三角函数高考真题 汇编10年真题分类汇编,2,1
三角形 1 三角形 七年级下数学单元测试,2,1
三角形 动点,1,1
三角形 试卷,1,1
三角形 鲁教版,1,1
三角形三边关系的应用,3,1
三角形专项练习,1,1
三角形专题卷,1,1
三角形全等,1,1
三角形全等 拔高 培优常考模型,2,1
三角形全等模型,1,1
三角形八年级上册,2,1
三角形几何专题,2,1
三角形动点问题,2,1
三角形单元检测,2,1
三角形及其性质,3,1
三角形培优卷,1,1
三角形恒等变换,5,1
三角形概念,1,1
三角形概念联系,5,1
三角形的内角与外角,1,1
三角形的四心,2,1
三角形的心,8,1
三角形相似,1,1
三角形相似的证明与计算(多模型),1,1
三角形稳定性,4,1
三角形边长计算题,1,1
三角形面积,2,1
三角形面积比问题,2,1
三角恒等变化,3,1
三角恒等变形,3,1
三角恒等变换 025一轮专题2026练习题,2,1
三角恒等变换化简求值,1,1
三角恒等变换化简求值高中,1,1
三角恒等变换单元测试,1,1
三角恒等变换单元测试人教B,2,1
三角恒等变换试卷,4,1
三角恒等变换（培优讲义）,1,1
三角换元,1,1
三角换元求最值,3,1
三角洲行动,4,1
三轮真题,1,1
三轮试卷,1,1
三迪中学,2,1
三都民族中学,1,1
三重,1,1
三鑫,2,1
三锋联盟,2,1
三门峡,1,1
三门峡2026湖滨区中考卷,1,1
三门峡26年八下生物中考卷,1,1
三门峡26年八下生物卷,1,1
三门峡八上语文,2,1
三门峡市2025-2026学年八下年级期末试题,2,1
三门峡市2026学年七年级下学期期末试题,1,1
三门峡市2026学年八年级下学期期末试题,1,1
三门峡市2026年中考第二次模拟考试,2,1
三门峡市期末统考2026,1,1
三门峡期末,1,1
三门峡期末高一下,2,1
三门峡期末高一下英语,1,1
三附中,1,1
三高,2,1
上 好 课,1,1
上南中学,2,1
上吊绳,1,1
上外三亚附属中学,1,1
上外云间,3,1
上外松外三年级上沪教版英语试卷,2,1
上大附中,1,1
上好课 2027年高考英语一论复习高效培优系列,3,1
上好课 2027年高考英语一轮复习讲练测 全国通用,3,1
上好课 一轮复习 2026,5,1
上好课 一轮复习讲义 陈庆威,1,1
上好课 高二化学选择性必修二备课系列 苏教版选择性必修2苏教版江苏习题,2,1
上好课 高二化学选择性必修二苏教版,3,1
上好课 高二化学选择性必修二苏教版共价键和共价晶体,8,1
上好课 高二选择性必修二,1,1
上好课 高二选择性必修二离子键,2,1
上好课 高二选择性必修二苏教版,1,1
上好课2026中考英语重男高频短语速记与情境对比练(通用版),1,1
上好课2026中考英语重难高频短语速记与情境对比练(通用版),3,1
上好课2026中考鹦鹉重男高频短语速记与情境对比练(通用版),2,1
上好课】2026年高一数学暑假作业（人教A版）,1,1
上好课】九年级化学上册同步备课系列（新教材人教版）,4,1
上好课】九年级化学上册同步备课系列（新教材人教版） 九年级 化学,2,1
上好课】九年级化学上册同步备课系列（新教材人教版） 九年级 化学 普通专辑 303 份文档 460532人已阅读,2,1
上好课一轮复习,4,1
上好课一轮复习 2026全国通用,7,1
上好课九上湘教版数学,1,1
上好课九年级数学下册同步分层作业,2,1
上好课五上数学青岛版,5,1
上好课八年级物理上册高效培优讲义（新教材苏科版）,3,1
上好课八年级物理下册交互式实验动画\"专辑,3,1
上好课商务星球,1,1
上好课外研版,1,1
上好课外研版单元复习,1,1
上好课湘教版数学,2,1
上好课英语五年级上册,7,1
上好课高一英语,3,1
上学期,1,1
上宝中学,2,1
上师大附中,4,1
上栗中学,5,1
上海 02 6 初 二,1,1
上海 02 6 初三,1,1
上海 02 6 初三 一模,1,1
上海 02 6 初三 三模英语,2,1
上海 七下 语文 期末,2,1
上海 中考,1,1
上海 八下,2,1
上海 期末 七年级 语文,2,1
上海 英语,1,1
上海 高一物理 必修一 3章 试卷,1,1
上海 高一物理 必修一 第1~3章 试卷,2,1
上海 高二 语文 下 期末,2,1
上海 高二 语文 期末,1,1
上海2023普陀一模数学,2,1
上海2023高三普陀一模数学,2,1
上海2024年徐汇区高三一模英语,1,1
上海2024年普陀区高三一模英语,1,1
上海2024年长宁区高三一模英语,3,1
上海2024年黄浦区高三一模英语,1,1
上海2026中考英语,1,1
上海2026年高三一模英语,1,1
上海5年级数学试卷,2,1
上海一到五年级模拟卷,2,1
上海一轮复习英语,4,1
上海七年级上册数学第十一章单元测试,2,1
上海七年级上册数学第十章单元测试,4,1
上海七年级上学期期中,1,1
上海七年级上学期期末,1,1
上海七年级上学期阶段检测,2,1
上海七年级下学期期末,1,1
上海七年级下学期期末数学浦东,1,1
上海三年级上学期阶段检测,1,1
上海专用 抽象函数培优讲义,2,1
上海世外,2,1
上海世外附属海口学校,2,1
上海中学 语文,1,1
上海中学 高一下 数学,2,1
上海中学东校,1,1
上海中考,1,1
上海中考2026,2,1
上海中考不规则动词表,3,1
上海中考作文,1,1
上海中考动词的过去式和过去分词,1,1
上海中考数学,2,1
上海中考英语,1,1
上海中考英语真题,1,1
上海中考英语真题2024,1,1
上海中考英语真题2025,1,1
上海中考高频短语,8,1
上海九年级下学期期末,1,1
上海九年级英语,1,1
上海九年级试卷,2,1
上海二轮复习英语,1,1
上海五年级下学期阶段检测,2,1
上海五年级新教材,1,1
上海交通大学,1,1
上海交通大学附属中学2020听力,1,1
上海交通大学附属中学期中,1,1
上海交通大学附属中学高一下期末数学,1,1
上海交通大学附属中学高一下期末语文,1,1
上海交通大学附属中学高二上数学摸底考,1,1
上海光华剑桥,1,1
上海八上月考物理,2,1
上海八上英语语法点讲义,1,1
上海八下期末,1,1
上海八年级上学期期中,1,1
上海八年级下学期期末虹口英语,1,1
上海八年级下英语期末卷,1,1
上海八年级物理专题,6,1
上海八年级物理密度计,1,1
上海八年级物理密度计专项,2,1
上海六十中学,2,1
上海六年级下学期阶段检测,1,1
上海六年级期末,1,1
上海初中化学专题,12,1
上海初中物理专题,1,1
上海初中物理竞赛,1,1
上海初中英语,1,1
上海初中英语考试词汇大纲,3,1
上海初二期末,1,1
上海化学,1,1
上海化学专题,1,1
上海化学八下,2,1
上海华师大二附中中学高一下期末数学,2,1
上海华模,1,1
上海华育 六年级,1,1
上海南洋模范高三数学,1,1
上海卢湾高级中学高二上物理期末,2,1
上海卷,1,1
上海卷 2026高考真题语文,1,1
上海合格考,1,1
上海嘉定三中分班考,1,1
上海四校八大新高一,2,1
上海四校联考自招,2,1
上海回民中学,3,1
上海地理主题,2,1
上海地理主题一,1,1
上海地理人口,1,1
上海地理必修2,1,1
上海地理必修一,2,1
上海地理必修一主题一,2,1
上海地理必修二,1,1
上海地理必修二主题一,1,1
上海地理知识清单,1,1
上海地理第五单元,1,1
上海地理高中人口,1,1
上海复旦附中,1,1
上海复旦附中4月考英语,1,1
上海复旦附中复兴中学高一下期末化学试卷,1,1
上海复旦附中高一下期末化学试卷,2,1
上海外国语,1,1
上海大学附属中学,5,1
上海宜川,3,1
上海实验,2,1
上海实验东滩,1,1
上海实验学校,1,1
上海小学语文 1-5年级期末真题,2,1
上海小学语文期末真题,2,1
上海市,1,1
上海市 统编版五四学制 小学语文 1-5年级 期末真题,1,1
上海市2025年初中地理会考试卷,2,1
上海市2025年地理会考试卷,1,1
上海市2026年初中地理会考试卷,1,1
上海市2026年初中学业水平考试历史,1,1
上海市2026年初中学业水平考试数学,2,1
上海市2026年初中学业水平考试英语,4,1
上海市2026年初中学业水平考试道法,1,1
上海市2026年初中生物会考试卷,1,1
上海市2026年生物会考试卷,6,1
上海市七宝中学2025-2026学年 高一上学期9月摸底考试物理试题,2,1
上海市九年级上册数学练习册,1,1
上海市交大附中,1,1
上海市八年级化学单元知识点,4,1
上海市共康中学,3,1
上海市初中学业水平考试地理,2,1
上海市初中招生,1,1
上海市南洋中学,1,1
上海市嘉定区南翔中学,2,1
上海市因式分解,1,1
上海市复旦大学附属中学,1,1
上海市小学语文 1-5年级 期末真题,3,1
上海市建设初级,1,1
上海市建设初级中学,1,1
上海市文来实验学校,1,1
上海市杨浦区复旦大学附属中学2024-2025学年高一下学期4月期中英语试题,1,1
上海市松江区九年级一模,2,1
上海市第一中学,3,1
上海市育才中学,1,1
上海市英语1900个高频,1,1
上海市虹桥中学,1,1
上海市行知中学新高一分班物理,1,1
上海市行知中学新高一分班物理」「行知分班化学」，,2,1
上海市金山中学,2,1
上海市长征中学,4,1
上海市闵行区2025-2026学年七年级第二学期数学试卷,1,1
上海市闵行区2025-2026学年七年级第二学期英语试卷,1,1
上海市闵行区2025-2026学年七年级第二学期语文试卷,1,1
上海市闵行区2025-2026学年七年级第二学期道德与法治试卷,1,1
上海市闵行区2025-2026学年初一年级学业质量抽样调研道德与法治试卷,1,1
上海市闵行区汽轮科技实验小学三年级,1,1
上海市静安区2025-2026八年级数学,1,1
上海市高一 期末考试卷,2,1
上海市高一上物理期中试题及答案,1,1
上海市高一上物理第一单元测试题及答案,5,1
上海市高一数学,1,1
上海市高一数学联考,4,1
上海市高一物理期中,1,1
上海市高一物理第一单元测试题及答案,9,1
上海市高一物理联考虹口,2,1
上海市高三下期中英语试卷,6,1
上海市黄埔区一模英语,2,1
上海市黄埔区二模英语,1,1
上海市黄浦区2025-2026八年级数学,2,1
上海师范大学外国语中学高一物理期中试题及答案,6,1
上海师范大学附属中学,1,1
上海师范大学附属中学分班考,1,1
上海延安初级,2,1
上海戏剧学院附属戏曲学校,1,1
上海戏曲学院附属学校,1,1
上海数学,1,1
上海数学三,2,1
上海数学三伦,1,1
上海数学三轮,3,1
上海数学二轮,3,1
上海数学函数,2,1
上海数学期中,5,1
上海数学松江一中,2,1
上海数学松江一中第一学期,2,1
上海数学高考,3,1
上海文来,1,1
上海新教材八上英语语法汇总,2,1
上海新教材八上英语语法讲义,1,1
上海新版英语教材,1,1
上海新高一分班考,2,1
上海春季高考,4,1
上海春考英语,1,1
上海晋元分班考试卷,1,1
上海晋元高级中学,2,1
上海晋元高级中学分班考试卷,1,1
上海普陀分班考试卷,1,1
上海期中,1,1
上海杨浦三模,2,1
上海杨浦区,2,1
上海杨浦区25八下期末英语,2,1
上海松江8下,1,1
上海概要写作,1,1
上海概要写作词汇,1,1
上海沪教版六上语文第一单元试卷,2,1
上海沪教版六上闵行区语文第一单元试卷,1,1
上海浦东 高一 分班考,1,1
上海浦东一模地理,2,1
上海浦东新区进才实验中学7年级期末数学2026年,1,1
上海牛津上海版六上英语试用本课本,2,1
上海牛津上海版六上英语试用本课本2023,1,1
上海物理卷,2,1
上海立体几何,1,1
上海育才中学,2,1
上海育才中学分班考,1,1
上海育才英语新教材,1,1
上海自主招生,1,1
上海自主招生物理,1,1
上海自招,1,1
上海英语,2,1
上海英语一年级英语课本,2,1
上海英语中考,1,1
上海英语中考试卷,4,1
上海英语分词专项练习,1,1
上海英语高一,4,1
上海英语高考,1,1
上海行知中学分班考卷,2,1
上海行知中学分班考卷语文,1,1
上海语文高一暑假衔接预习,4,1
上海跨学科,1,1
上海跨学科9年级物理,12,1
上海进才中学语文七下期末考试,2,1
上海错题,1,1
上海阅读高频词汇,1,1
上海阶段检测,1,1
上海高一上月考,4,1
上海高一下学期阶段检测,1,1
上海高一下数学期末,2,1
上海高一分班考数学,2,1
上海高一物理上期中物理,3,1
上海高一物理力学专项测试,1,1
上海高一第一学期物理期中,2,1
上海高一英语,1,1
上海高一英语期末,2,1
上海高三一模卷讲解,2,1
上海高三下学期期末,2,1
上海高三数学,1,1
上海高三语文模拟考试卷,2,1
上海高中一模,2,1
上海高中地理,1,1
上海高中地理主题一,3,1
上海高中地理主题一练习,3,1
上海高中数学空间向量,1,1
上海高中英语,1,1
上海高中英语3200词汇,3,1
上海高中英语词汇,2,1
上海高中英语词汇默写,2,1
上海高二数学立体几何,4,1
上海高二英语,2,1
上海高考卷2026语文,2,1
上海高考卷英语,3,1
上海高考数学一轮复习,1,1
上海高考数学一轮复习知识点,1,1
上海高考英语,1,1
上海高考英语听力,2,1
上海高考语文,1,1
上海高考阅读高频词汇,2,1
上犹,1,1
上蔡一高,2,1
上虞,2,1
上虞区四下期末卷,2,1
上饶,1,1
上饶市 2025 2026 学年下学期期末教学质量检测 高二,1,1
上饶市2026高一下学期期末测试,1,1
上饶市2026高一下学期期末生物,3,1
上饶市2026高一下学期期末生物统考,2,1
上饶市2026高一下学期期末考试,14,1
上饶市余干县第三中学2025一2026,1,1
上饶市联考高二下学期期末,3,1
上饶期,1,1
上高二中,1,1
下关一中,2,1
下定义,5,1
下定义 2025PPT 高三语文专项训练,1,1
下帅,1,1
下湾二中,1,1
下载券,1,1
不,1,1
不定代词练习,1,1
不定式作定语和状语,5,1
不知道，是普通高中2023~2024学年下学期期末考试高一化学,1,1
不等不等式单元测试,1,1
不等式 拔高,1,1
不等式一轮,2,1
不等式专题,5,1
不等式专题复习,1,1
不等式专题高一,4,1
不等式单元测试卷,1,1
不等式卷,2,1
不等式含参问题,2,1
不等式培优,1,1
不等式已知解集求参,2,1
不等式拓展,1,1
不等式拔高题,1,1
不等式放缩,1,1
不等式方法配凑,1,1
不等式的证明,1,1
不等式知识点汇总,3,1
不等式竞赛,1,1
不等式第二张卷子,1,1
不等式练习题,4,1
不等式组,4,1
不等式组应用题,3,1
不等式组计算,2,1
不等式组计算题,13,1
不等式计算,3,1
不等式计算题,2,1
不等式配凑,1,1
不等式题型,1,1
不规则动词,1,1
不规则动词变化,1,1
不规则动词变化表,2,1
与三角形有关的线段,12,1
与三角形有关的线段新知初探,1,1
与五年级语文上册练笔150字,2,1
与球有关的球的切 接问题,1,1
与量有关的离子反应式,6,1
与量有关的离子反应式书写,2,1
专升本,1,1
专升本2024年真题,1,1
专升本2025年真题,2,1
专升本真题,1,1
专四,2,1
专练:与球有关的切、接问题 同步测试,3,1
专项 练习数学六上,1,1
专项 练习数学六上人教版,1,1
专项 练习语文,2,1
专项 练习语文六上,2,1
专项07完形填空(15空)(期末专项训练),3,1
专项07完形填空(15空期末专项训练,3,1
专项函数,2,1
专项函数5,1,1
专项卷,4,1
专项复习高中物理,3,1
专项学,1,1
专项学习高二数学专项,1,1
专项小卷,1,1
专项提升训练,1,1
专项提升训练01,1,1
专项提升训练01 万以上数,2,1
专项数学,1,1
专项练习全国通用,2,1
专项英语,3,1
专项训练05,1,1
专项训练一 直接计算,1,1
专项训练卷,1,1
专项训练原卷版,1,1
专题 0 1,1,1
专题 04,1,1
专题 04电流做功,1,1
专题 09 导数与函数,4,1
专题 动力学,2,1
专题 动态圆,2,1
专题 天体运动,2,1
专题 工业流程,3,1
专题 数学 立体几何,1,1
专题 浙江,2,1
专题 物理 磁场圆,7,1
专题01 代数计算问题(实数、整式、分式、二次根式,7,1
专题01 函数的性质,2,1
专题01 化学方程式汇总（知识清单）（全国通用）2026年高考化学一轮复习讲练测,2,1
专题01 有理数的混合运算九大题型（200题）（举一反三专项训练））,3,1
专题01 直线,1,1
专题01 直线与圆,1,1
专题01 集合、逻辑用语与复数,1,1
专题01从中华文明,1,1
专题01从周华文明,4,1
专题01信息类文本阅读,1,1
专题01先秦至秦汉,2,1
专题01先秦至秦汉黑吉辽蒙,1,1
专题01先秦至秦汉黑吉辽蒙2027,1,1
专题01反应热与反应热的计算,8,1
专题01现代文阅读,2,1
专题01直线与圆,2,1
专题01观察周边环境中的生物,1,1
专题01集合,2,1
专题01集合与常用逻辑用语,9,1
专题01集合与常用逻辑用语2026真题,1,1
专题01集合与常用逻辑用语考情概览,1,1
专题02,1,1
专题02 平行四边形的性质和判定（8大题型）（专项训练）数学新教材人教版八年级下册,1,1
专题02 相互作用——力 专题训练(提升卷）,3,1
专题02一元函数的导数及其应用,1,1
专题02一定是直角三角形么,1,1
专题02二轮,1,1
专题02勾,1,1
专题02完型填空（北京专用）,2,1
专题02恒定电流,3,1
专题02椭圆,1,1
专题02正余弦定理解三角形,1,1
专题02语言文字,3,1
专题02语言文字运用高频考点梳理,2,1
专题03,1,1
专题03 判定两个三角形全等十种常见情况,4,1
专题03 四边形相关几何证明压轴题分类训练,2,1
专题03一定是直角三角形么,1,1
专题03勾股,1,1
专题03勾股定理的应用,4,1
专题03四,1,1
专题03四边形,1,1
专题03文言文阅读,2,1
专题04等腰三角形重难点题型汇编,12,1
专题04组成细胞的分子,5,1
专题04组成细胞的分子（5大考点）,2,1
专题04组成细胞的分子（5大考点）黑吉辽蒙专用,2,1
专题05,1,1
专题05 带电粒子在电场中的运动-【好题汇编】备战2024-2025学年高二物理上学期期中真题分类汇编(上海专用),4,1
专题05实验题（期末真题汇编）,1,1
专题05实验题（期末真题汇编）高一物理上学期人教版,1,1
专题05密度和质量,1,1
专题05暑假质量与密度,1,1
专题05法拉第电,2,1
专题05法拉第电磁感应定律,5,1
专题05简单机械暑假复习讲义,3,1
专题05质量与密度,1,1
专题06 导数及其应用（解答题）8种常见考法归类,2,1
专题06动词的,2,1
专题06动词的时态语态,1,1
专题06指数函数,1,1
专题06认识实数,1,1
专题07,1,1
专题07 有机物的结构与性质,1,1
专题07 语法填空之2020-2025高考真题（知识清单）（全国通用）,1,1
专题07平方根,2,1
专题07有机物的结构与性质,2,1
专题07计算原理,1,1
专题07计算原理与概率统计,2,1
专题08,1,1
专题08 三角函数2026年高考数学真题题源解密,1,1
专题08平方根,1,1
专题08期末真题百练通关必刷计算,1,1
专题09立方根,2,1
专题09综合填空,4,1
专题09解三角形,5,1
专题1,1,1
专题1 1空间向量与立体几何,1,1
专题1.1正数和负数 小模块·微专题·大压轴 2025?2026 人教版七年级上册,1,1
专题1.1空间向量及其线性运算,8,1
专题1.2空间向量的数量积运算,9,1
专题1.3空间向量基本定理,4,1
专题1.4 空间向量及其运算的坐标表示（举一反三讲义）,1,1
专题10全国一卷英语词汇反馈,2,1
专题10北美与美国,3,1
专题11期末真题百练通关（100题）数学,1,1
专题11期末真题百练通关（100题）真题实战.白练通关,3,1
专题12二次根式的混合运算,2,1
专题14.7 角平分线的性质与判定（高效培优讲义）数学人教版2024八年级上册,11,1
专题16,2,1
专题16 圆锥曲线 口袋书 2024高考一轮复习知识清单,2,1
专题16 完形填空,3,1
专题16完形填空,1,1
专题17牛顿运动定律应用之滑板滑块模型,1,1
专题19,2,1
专题1人类社会发展的进程与规律,2,1
专题1冥的乘除,1,1
专题2 不等式&专题3 函数的概念与基本初等函数,2,1
专题2 不等式&专题3 函数的概念与基本初等函数-【一本】高考数学真题分类,2,1
专题2 研究物质的基本方法,1,1
专题2.2函数的性质：单调性,4,1
专题2.4合并同类项课后作业,4,1
专题2.6函数与方程,1,1
专题2有机推断与有机合成综合题,1,1
专题3.3导数与函数的极值最值举一反三讲义,1,1
专题330天背英语1600词汇人教版,2,1
专题4光,1,1
专题4全等三角形,2,1
专题4阅读表达常考话题,2,1
专题5.1,2,1
专题8,2,1
专题8.2空间几何体,2,1
专题一 原子物理、光电效应,1,1
专题一观察周边环境中的生物,1,1
专题一，运动的描述,4,1
专题万以上的数,1,1
专题三正余弦定理与解三角形期末专项训练,1,1
专题三正余弦定理与解三角形期末专项训练七考点15考法,1,1
专题三角函数大题,1,1
专题三解三角形,1,1
专题二完形填空常考话题,1,1
专题五,1,1
专题五情景交际,2,1
专题六说明文,2,1
专题化学工业流程,5,1
专题历史,4,1
专题四化学反应与能量,1,1
专题四，阅读表达常考话题,1,1
专题复习带电粒子在有界磁场运动题型,1,1
专题复习带电粒子在直线边界磁场运动题型,1,1
专题天津复习专业,1,1
专题天津复习专用,2,1
专题天津复习专用短语,1,1
专题学习活动,1,1
专题学习活动有朋自远方来,1,1
专题实数（期中真题汇编）,1,1
专题数学,1,1
专题新定义,3,1
专题暑假组自学课新八年级,5,1
专题生物,4,1
专题生物题,4,1
专题直线与圆,1,1
专题相互力-备战2024-2025学年高一物理上学期期末真题分类汇编（人教版2019）,2,1
专题练,3,1
专题英语,3,1
专题集训3,1,1
专题集训3语法冠词,2,1
专题零四等腰三角形重难点题型汇编,1,1
专题高中生物期中人教版,14,1
专题高考地理一轮复习,4,1
世界地理,4,1
世界极简政区地图,3,1
世界青少年奥林匹克数学竞赛5年级。,5,1
世纪小学,1,1
世纪小学河北高碑店,2,1
世纪金榜,1,1
世纪金榜高中生物,1,1
世纪高中,1,1
世说新语,2,1
丘北县,2,1
丘成桐少年班选拨,1,1
丘成铜八年级选拔考试卷真题,2,1
丘班数学,2,1
东中2026届校内高三月考段考期中期末一,2,1
东中2027届校内高三月考段考期中期末一,3,1
东丰二中,1,1
东丰县第二中学高二年级第二学期期末考试,9,1
东丽中学共同体2020-2021年九年级上册期中试卷数学真题,3,1
东丽中学共同体2020-2021年九年级上册期中试卷真题,1,1
东丽中学共同体2024-2025年八年级下册期中试卷数学,2,1
东丽中学共同体2024-2025年八年级下册期中试卷数学真题,1,1
东丽区2020-2021年九年级上册期中试卷真题,1,1
东丽区2026-2027高一英语期末考试卷,1,1
东亭,3,1
东元,1,1
东元中学,1,1
东北 师大附中,1,1
东北 师大附中高二生物下学期,1,1
东北三校l哈师大三模,4,1
东北三校三模,2,1
东北三校（哈师大）三模,2,1
东北三省三校一模,2,1
东北三省三省联考语文,2,1
东北三省精准教学联盟,1,1
东北卷,2,1
东北卷高考物理,1,1
东北师大,3,1
东北师大 2024 2025上东北师大附中,2,1
东北师大 2024 2025上东北师大附中期末数学,1,1
东北师大明珠中考数学模拟卷,1,1
东北师大附中2024-2025八下期末物理试卷,1,1
东北师大附中2024级高二年级下学期生物学科,1,1
东北师大附中2026高二期末,1,1
东北师大附中单元测,1,1
东北师大附中实验中学高二下学期期末考试,2,1
东北师大附中生物验收,2,1
东北师大附中附属实验学校,1,1
东北师大附中附属实验学校初中部经开,1,1
东北师大附中预高一,1,1
东北师大附中高一上月考,1,1
东北师大附中高一下,1,1
东北师大附中高一下册语文期末考试试卷。,2,1
东北师大附中高一下期末物理,3,1
东北师大附中高二上化学,1,1
东北师大附中高二下期末,3,1
东北师大附属中学,1,1
东北师范大学,2,1
东北师范大学东安实验学校2025~2026,2,1
东北师范大学附属中学下学期月考,1,1
东北师范大学附属中学月考,2,1
东北师范大学附属中学高一,3,1
东北师范大学附属中学高一下2025-2026,6,1
东北师范大学附属中学高一下期末,2,1
东北育才 分流考试,1,1
东北育才 分班考试,4,1
东北育才2025-2026高一下物理,1,1
东北育才中学,1,1
东北育才分班考,1,1
东北育才分班考试,1,1
东北育才初中毕业科技特长生真题,1,1
东北育才学校2024-2025高一上学期期中数学,2,1
东北育才学校2025-2026高一上学期英语期中,4,1
东北育才学校2025～2026高二下化学期末,2,1
东北育才学校新高一分班,1,1
东北育才学校是2025-2026高一上学期期末数学,10,1
东北育才学校期末考试,8,1
东北育才学校超常教育实验部,4,1
东北育才学校高中高三下学期周练二,2,1
东北育才学校高二下物理期末,1,1
东北育才学校高二下生物期末,1,1
东北育才生物,1,1
东北育才生物2024～2025,1,1
东北育才生物高三上,1,1
东北育才科技特长生真题,1,1
东北育才高一上数学,2,1
东北育才高一上数学第一次,1,1
东北育才高一下,4,1
东北育才高一下期末生物2024～2025,2,1
东北育才高一分班考,2,1
东北育才高三上,1,1
东北育才高三上物理,1,1
东北育才高三开学9月份考化学,1,1
东北育才高三开学考,1,1
东北育才高三开学考化学,1,1
东北育才高三语文,1,1
东北育才高中2025-2026学年度下学期高一年级数学科期中考试试卷,2,1
东北育才高二下期末,2,1
东北育才高二下期末化学,2,1
东华中学,1,1
东华初中分班考试卷,6,1
东华高级中学,3,1
东华高级中学自主招生英语,1,1
东华高级中学高一,2,1
东南大学,1,1
东南大学二次选拔,1,1
东台市八年级上册第1次质量抽测,2,1
东坡区眉一中,1,1
东坡区眉中,1,1
东坡区高一英语上册时态,2,1
东城,1,1
东城一中,2,1
东城区2026八年级下册数学期末考试试卷,1,1
东城区七上数学卷,2,1
东城区七下数学卷,1,1
东城区七年级下学期期末,4,1
东城区期末英语,2,1
东城区生物期末,1,1
东城区高一下期末政治,1,1
东城区高三,2,1
东城区高三一摸,1,1
东宁,1,1
东宁一中,4,1
东宁一中期末考试,3,1
东宁联考,1,1
东安一中,1,1
东安一中月考,2,1
东山中学,2,1
东山高级中学,2,1
东师附中,2,1
东平一单元数学二年级,3,1
东平六年级下册2026年数学期末,1,1
东平县实验中学,2,1
东平县实验中学月考数学,1,1
东平学科拓展活动,3,1
东平数学二年级数学,5,1
东平明湖,1,1
东平明湖中学,4,1
东戴河,1,1
东方实验,1,1
东方实验辽宁省,2,1
东方红,1,1
东昌府区八年级下册物理期末卷,2,1
东昌府区物理,2,1
东明一中高一期中考试,1,1
东明一中高一期末考试,4,1
东汕头市第一中学2025到2026学年高一下学期7月期末考试数学试题。,1,1
东海一中分班考,1,1
东海县七年级上册2025至2026年期末数学试卷,3,1
东海县七年级下册2025至2026年期末数学试卷,3,1
东海县朱自清中学,2,1
东海县朱自清中学七升八暑假作业,1,1
东海城北,2,1
东港市七下期末,1,1
东港高中,1,1
东湖路,1,1
东湖高新区九上期中英语,1,1
东湖高新区九年级上册期中英语,1,1
东湖高级中学,2,1
东源中学,2,1
东源中学华附班,1,1
东滩,1,1
东直门2025到2026年高一上学期语文期中卷,2,1
东石,1,1
东石镇,2,1
东至,3,1
东莞 02 6 二模,3,1
东莞 自主招生 数,2,1
东莞 自主招生数学,4,1
东莞2025 2026下学期初一数学期末试卷,2,1
东莞2025 2026下学期初一期末试卷,3,1
东莞2025 2026下学期初一英语期末试卷,1,1
东莞2025 2026初一期末试卷,1,1
东莞一中,1,1
东莞一中数学,2,1
东莞一模,1,1
东莞七年级下期末试卷,1,1
东莞七年级期末,1,1
东莞东华高级中学英语,2,1
东莞中学2026高一期中试卷,2,1
东莞中学镜堂数理自招数学,1,1
东莞中学高二期末数学联考卷,2,1
东莞中学高二期末物理联考卷,1,1
东莞中考,1,1
东莞二模,1,1
东莞八上英语期中,1,1
东莞八年级,1,1
东莞八年级自招真题,1,1
东莞初一期末,1,1
东莞市2025 2026下学期期末,1,1
东莞市2025 2026期末,3,1
东莞市2025 2026期末 道法,1,1
东莞市2025 2026第二学期期末,2,1
东莞市七下,2,1
东莞市七下数学,1,1
东莞市东华初级中学,3,1
东莞市东华初级中学2025年八上期末考试卷语数英，政史地生物理。,5,1
东莞市常平中学,3,1
东莞市期中考,2,1
东莞市期末,3,1
东莞市竹溪中学,5,1
东莞市第一中学期末,2,1
东莞市统考,1,1
东莞市考,1,1
东莞市长安实验中学,2,1
东莞市长安实验中学八上,1,1
东莞市高一期末英语统考卷,2,1
东莞市高三英语,1,1
东莞数学七年级下册,1,1
东莞数学七年级下册期末,2,1
东莞统考高一,1,1
东莞高一26期末,2,1
东莞高三一模,1,1
东莞高二期末,1,1
东营,1,1
东营九上数学2025期末,1,1
东营五下期末考试,1,1
东营八下数学2025期末,1,1
东营初一月考,2,1
东营区第一中学,2,1
东营区黄河中学，期末，试卷,2,1
东营地理中考2025,1,1
东营地理中考2025答案,2,1
东营小升初分班考试卷,4,1
东营小升初摸底,2,1
东营小升初真题,1,1
东营市2026高三一模拟化学,2,1
东营市二中,1,1
东营市北师大附中七年级第一学期第一次月考语文,4,1
东营市小升初分班考试卷,1,1
东营市河口区仙河镇七年级第一学期第一次月考生物,3,1
东营市胜利二中,1,1
东营市胜利第一中学,2,1
东营市高一下学期化学期末考试试卷,3,1
东营高一下学期期末生物,2,1
东营高三上学期开学考,1,1
东营高三开学考,2,1
东营高二下期末,2,1
东营高二数学下学期2023期末,1,1
东营高二数学下学期广饶,2,1
东营黄河中学,2,1
东西湖七上期中数学,1,1
东西湖八年级下册数学期末试卷,1,1
东西湖区,2,1
东辽一高,2,1
东辽县实验中学,4,1
东部新区,3,1
东阳中学新高一入学考试,1,1
东阳外国语新高一入学考试,4,1
东阳市七年级下册2024   2025学年期末试卷,1,1
东阳市吴宁二中,1,1
东阳新高一入学考试,1,1
东阳新高一摸底考,1,1
东阳新高一考试,1,1
两三位数除以两位数,2,1
两三位数除以整十数,1,1
两三位数除以整十数计算,1,1
两位数 三位数 乘除 竖式计算,2,1
两性生理,3,1
两江南开,2,1
两江新区2025 2026五年级下册期末考试,3,1
两江新区实验中学,1,1
两端开口处均用手指堵住,1,1
两英中学,1,1
严格牛顿第二定律,1,1
丨号卷A10联盟2024级高二上学期9月学情调研化学试题,2,1
丨号卷A10联盟2024级高二上学期9月学情调研数学试题,3,1
丨号卷A10联盟2024级高二上学期9月学情调研物理试题,1,1
丨号卷A10联盟2024级高二上学期9月学情调研生物试题,2,1
个人成绩记录表,2,1
个旧市八下,2,1
中专高考,1,1
中加双语学校开学考,1,1
中加学校,1,1
中华中学高一期末,1,1
中华文明的起源与早期国家,5,1
中卫一中,1,1
中卫中学,2,1
中原名校联盟,2,1
中和反应,1,1
中国 地理 2025 一轮复习,2,1
中国中学生数学竞赛,3,1
中国人名大学附属中学,1,1
中国人民大学强基计划,1,1
中国共产党,1,1
中国共产党人如何树立和践行正确的政绩观,2,1
中国初中奥林匹克数学竞赛2025,1,1
中国古代史,4,1
中国古代史真题专练,1,1
中国古代史试题,1,1
中国古代究竟有没有逻辑,1,1
中国地图,3,1
中国地图填图,2,1
中国地理填图,1,1
中国奥林匹克数学竞赛,1,1
中国奥林匹克数学竞赛2025,3,1
中国数学奥林匹克竞赛,1,1
中国数学奥林匹克竞赛浙江赛区,1,1
中国数学奥林匹克竞赛浙江赛区高中,1,1
中国民间故事 整本书,1,1
中国民间故事 整本书阅读,1,1
中国特色社会主义必刷100道选择题,1,1
中国知网,1,1
中国科学技术大学,3,1
中国近代至当代政治制度的演变,2,1
中图版地理主题一,1,1
中外历史纲要上填充图册小卷,1,1
中学生数学思维比赛,1,1
中学生标准能力学术性测试,1,1
中山,2,1
中山七下,2,1
中山七年级上学期英语,1,1
中山七年级上学期语文,2,1
中山中学,1,1
中山中考,1,1
中山中考英语,5,1
中山中考英语九年级,3,1
中山八下期末真题,4,1
中山八年級 2026年下册期末考试数学,1,1
中山八年级上册期中考试试卷数学,1,1
中山市2025 2026学年数学四下,1,1
中山市2025~2026七年级下册物理期中测试卷,1,1
中山市2025~2026七年级下册英语期末测试卷,2,1
中山市2025~2026八年级上册物理期中测试卷,1,1
中山市2025中考,1,1
中山市2026期末考试高一,1,1
中山市2026期末考试高一下,2,1
中山市2026期末考试高一物理,1,1
中山市2026高一下期末,1,1
中山市一中自主招生数学试卷,1,1
中山市九年级英语,3,1
中山市华辰实验中学20252026高二英语第一学期,1,1
中山市期末,3,1
中山市期末数学,1,1
中山市桂山中学2027届高二年级10月段考,1,1
中山市烟洲中学,5,1
中山市纪中,3,1
中山市高一期末2026,1,1
中山市高一期末2026历史,1,1
中山市高一期末2026数学,3,1
中山市高一期末2026英语,1,1
中山市高一期末2026语文,1,1
中山纪念中学高二,2,1
中山纪雅,2,1
中山高一下册英语期末综合练习,2,1
中山高一化学,2,1
中山高一数学,2,1
中山高一第二学期期末,1,1
中山高三化学,2,1
中心对称,2,1
中招考试,1,1
中招考试河南,1,1
中招考试河南扶沟,1,1
中文赋,1,1
中江中学,2,1
中江凯江中学,2,1
中江县,2,1
中江城北中学,2,1
中江城西中学,2,1
中点,1,1
中点四边形,2,1
中点模型,2,1
中点模型辅助线,2,1
中牟县,1,1
中科大营一,1,1
中等职业,1,1
中等职业学校公共基础课程教材,2,1
中级经济师,1,1
中线定理,1,1
中线长定理,2,1
中考 2026中考真题英语,1,1
中考 2026中考真题英语贵州,1,1
中考 化学,2,1
中考 政治大题答题模板,5,1
中考 数学 026 冲刺模拟卷,2,1
中考 数学2026,1,1
中考 模拟 2026,3,1
中考 模拟 2026八年级,2,1
中考 物理,1,1
中考 真题,5,1
中考 真题 2026山东德州,1,1
中考 英语词汇 1600,2,1
中考 英语词汇 1600 背诵版和默写版,1,1
中考 英语词汇 1600 背诵版和默写版仁爱版,1,1
中考 试卷,1,1
中考 语文,2,1
中考 语法填空 2026专项练习,1,1
中考1500词汇表,1,1
中考1600词汇背诵英语,1,1
中考2006,2,1
中考2025,3,1
中考2026北京,2,1
中考2026年,2,1
中考2026广东,1,1
中考2026广东语文,1,1
中考2026杭州,1,1
中考2026浙江,4,1
中考2026苏州数学,2,1
中考2026英语河北省,2,1
中考2026青岛,1,1
中考2026青岛数学,2,1
中考2026青岛物理,1,1
中考26年,2,1
中考26年语文,3,1
中考3500词,2,1
中考800,1,1
中考800基础词,2,1
中考z,1,1
中考·方程(组)与不等式(组)拔高,1,1
中考一模,1,1
中考一轮二次函数,3,1
中考一轮复习,4,1
中考一轮复习讲练测·数与式四大模块,2,1
中考上期末卷子,1,1
中考专项复习,3,1
中考二次函数,1,1
中考二轮复习专题,3,1
中考几何模型,5,1
中考函数,1,1
中考函数 2026专题复习,1,1
中考分类,2,1
中考创新题数学,1,1
中考化学专题上海,2,1
中考化学压轴,1,1
中考化学天津,1,1
中考化学用语默写,1,1
中考化学真题,1,1
中考卷2025,1,1
中考卷2026南充,1,1
中考卷子,3,1
中考卷子2026,2,1
中考卷新疆,1,1
中考卷英语,1,1
中考卷英语，广州中考,2,1
中考卷长春,1,1
中考历年英语真题,1,1
中考历年英语真题西藏,3,1
中考句型转换,1,1
中考句型转换100道,2,1
中考句型转换100道英语,2,1
中考名著阅读,1,1
中考听力,1,1
中考听力 2026,1,1
中考和平模拟2026天津英语,1,1
中考固定搭配,4,1
中考地理2026真题,1,1
中考地理试卷二零二六年,3,1
中考基础知识,11,1
中考复习,5,1
中考复习专题,3,1
中考复习数学,1,1
中考完形填空,1,1
中考宝典·英语背诵本（广东专用版）,4,1
中考对策,2,1
中考小几何,1,1
中考广东中考地地理,3,1
中考广西,2,1
中考必背,3,1
中考成绩查询入口,2,1
中考数学2026,1,1
中考数学2026广东,3,1
中考数学25,1,1
中考数学一元二次方程,1,1
中考数学不等式真题汇总,1,1
中考数学专题,1,1
中考数学专题上海,1,1
中考数学二次函数真题,6,1
中考数学二轮复习,1,1
中考数学几何专题,6,1
中考数学卷子,1,1
中考数学压轴,2,1
中考数学压轴专练,5,1
中考数学复习,5,1
中考数学小几何汇编,1,1
中考数学模拟卷,1,1
中考数学每日一练,5,1
中考数学浙江,1,1
中考数学真题,1,1
中考文言文实虚词,1,1
中考新题型,1,1
中考日语卷子,1,1
中考时态真题,1,1
中考时文阅读,1,1
中考查分,2,1
中考模拟,1,1
中考模拟 卷2026,1,1
中考模拟 卷2026天津,1,1
中考模拟 卷2026天津英语,1,1
中考模拟卷,2,1
中考模拟卷全国专用学易听卷,1,1
中考模拟卷学易经卷全国通用,1,1
中考模拟卷学易经卷四川专用版,2,1
中考模拟卷学易经卷四川通用,2,1
中考模拟卷学易金卷,1,1
中考模拟卷学易金卷全国专业,1,1
中考模拟语文,1,1
中考济南,1,1
中考济南数学2026,1,1
中考浙江真题,2,1
中考淄博,3,1
中考深圳,1,1
中考满分作文 2025范文整理,2,1
中考满分作文 2026范文整理,1,1
中考物理2024,1,1
中考物理专题上海,2,1
中考物理专题复习,1,1
中考物理压轴实验题,3,1
中考物理复习,1,1
中考物理总复习,3,1
中考物理浮力压轴题,2,1
中考物理真题,2,1
中考物理自主招生题目,1,1
中考物理试卷,1,1
中考物理试题,1,1
中考物理题,1,1
中考现代文阅读语文,2,1
中考现代文阅读语文散文,2,1
中考现代文阅读语文散文难度大,2,1
中考真题卷,3,1
中考真题听力,3,1
中考福州语文,1,1
中考福建数学试卷,1,1
中考第一次摸拟考试,2,1
中考答题卡初中数学空白模板,3,1
中考考纲词汇,4,1
中考考纲词汇1600,1,1
中考考纲词汇1600词转,2,1
中考英语2026,1,1
中考英语原卷，2026,3,1
中考英语听力满分,2,1
中考英语固定短语搭配,1,1
中考英语固定短语搭配人教版,1,1
中考英语大连,1,1
中考英语成都2026,1,1
中考英语拓展词,1,1
中考英语真题听力,1,1
中考英语真题听力 带音频,1,1
中考英语真题山东青岛西海岸,1,1
中考英语范文,5,1
中考英语词汇,2,1
中考英语高频词,1,1
中考西安,1,1
中考计算,2,1
中考讲练测·数与式专题,4,1
中考讲练测·方程(组)与不等式(组),1,1
中考讲练测·方程(组)与不等式(组)拔高,1,1
中考词库,1,1
中考试卷物理,1,1
中考试题,1,1
中考试题调研内蒙古,1,1
中考语文 试卷 2026,1,1
中考语文2025,2,1
中考语文2025江苏,2,1
中考语文作文素材,2,1
中考语文作文范文,2,1
中考语文基础百题,2,1
中考语文必背文言文词汇,1,1
中考语文文言文120个实词和虚词,1,1
中考语文新视野,1,1
中考语文真题,1,1
中考语文试卷,4,1
中考语文阅读,3,1
中考语法和英语时态,1,1
中考贵州,2,1
中考适应性数学 广州,2,1
中考遂宁数学,2,1
中考遂宁英语,5,1
中考郑州,1,1
中考重庆,1,1
中考重庆 物理,1,1
中考陇西地区,2,1
中考陕西,2,1
中考首字母填空,2,1
中职 1b期中数学高一,2,1
中职专业课 同步精品课堂,1,1
中职对口高考数学试卷推荐,1,1
中职数学,3,1
中职数学江苏,1,1
中职新生入学摸底试卷,1,1
中职校,1,1
中职湖南,1,1
中职英语 1基础模块,4,1
中职英语 1基础模块单词,1,1
中职英语基础模块下册创新学案二,3,1
中英语词汇一遍过 英汉互译词形转,1,1
中近五年真题,1,1
中雅培粹新苗杯,1,1
中高考研究室,3,1
中高衔接,3,1
丰南2026年六年级期末,3,1
丰南一中,2,1
丰南一中高二下期末考试,1,1
丰南一中高二下期末考试数学试卷,1,1
丰南二中,3,1
丰南区,1,1
丰南区六年级下半学期,1,1
丰台二中,2,1
丰台二中月考,1,1
丰台二模,1,1
丰台区四年级英语,4,1
丰台区四年级英语单元卷,2,1
丰台区高一下期末数学,2,1
丰城中学26年高一期未试卷,1,1
丰宁一中,2,1
丰润区7年级上册2025,3,1
丰润区7年级上册2026,2,1
丰润区七年级下册第一次月考卷,2,1
丰润区七年级下册第一次月考卷英语,1,1
丰润区四年级上期中考试,1,1
串 并联电路的辨别专题,2,1
串并联和电表改装,2,1
串并联电流的关系,1,1
串并联电路中电流的关系,1,1
串联并联以及欧姆定律练习题目,2,1
串联并联电路专题,1,1
串联并联短路电路专题,2,1
串联，并联画图，作图题练习大全,1,1
串联，并联画图，作图题，分析题大全。,2,1
临夏回族自治州2026八下语文,1,1
临夏回族自治州永靖县,7,1
临夏州2026年下册化学统考试卷,1,1
临夏州2026年下册数学统考试卷,6,1
临夏州2026年五年级下册数学统考试卷,1,1
临夏州统考高一上,2,1
临夏州高一下学期统考期末质量监测,5,1
临夏州高一期末试卷语文电子版,1,1
临夏期末物理统考卷,2,1
临川,2,1
临川一中高一上册期末考。,2,1
临川中学,1,1
临川全国班,1,1
临川（全国）,1,1
临平区七年级上册数学期中考试,1,1
临平区七年级数学期中考试,2,1
临朐县弥水学校,2,1
临朐高一数学月考,4,1
临汾一中,1,1
临汾一中期末考试,1,1
临汾七年级英语,1,1
临汾二模24年英语,2,1
临汾二模24年英语高考,1,1
临沂 1 期末,1,1
临沂 2025 高二期末,1,1
临沂 2026,1,1
临沂 2026 高二期末数学,1,1
临沂 2026 高二期末物理,1,1
临沂 2026 高二期末答案,1,1
临沂 新高一分班,3,1
临沂 新高一分班苍山一中,1,1
临沂2022年高一下册期末,1,1
临沂2022年高一下册期末数学,2,1
临沂2025高一上学期数学期末试卷,2,1
临沂2026高一期末,2,1
临沂2026高一期末政治,1,1
临沂26年高二下期末考试地理,1,1
临沂一中2025月考,1,1
临沂一中九年级1月强基招生考试,4,1
临沂一中北校区,2,1
临沂一中北校区2025年高二上学期第一次月考试卷,4,1
临沂一中强基招生考试九年级,2,1
临沂一中强基招生考试初升高,1,1
临沂一中强基招生考试，试题回忆,1,1
临沂一中强基考试,1,1
临沂一中强基考试招初中生,1,1
临沂一中强基考试招生考试,1,1
临沂一中本,2,1
临沂一中本第一次月考,3,1
临沂一中贯通班,1,1
临沂三区九县期末,4,1
临沂中考历史,1,1
临沂中考英语,1,1
临沂中考英语2026,2,1
临沂二十四,1,1
临沂二模,4,1
临沂二模202 4,2,1
临沂二模2023,2,1
临沂二模202牜,1,1
临沂八上物理期中试卷,3,1
临沂市2022 2023高二下学期数学期末试卷,1,1
临沂市2024到2025年高二下学期期末化学卷,1,1
临沂市2024到2025年高二下学期期末生物卷,1,1
临沂市2025到2026年高二下学期期末生物卷,1,1
临沂市2026年高一期末考试化学,1,1
临沂市2026年高二期末考试,1,1
临沂市中考,1,1
临沂市八年级下册数学期末考试试卷,2,1
临沂市六中七下数学月考,1,1
临沂市兰山,1,1
临沂市兰山区2025-2026七年级上新生监测英语,4,1
临沂市期中考试高二2026年英语听力音频,5,1
临沂市期末考试高二2026年英语听力音频,2,1
临沂市期末高二下学期,9,1
临沂市期末高二下学期数学,2,1
临沂市期末高二下学期生物,2,1
临沂市沂水生物中考,2,1
临沂市河东,4,1
临沂市河东区2025-2026七年级上分班监测英语,1,1
临沂市河东区2025-2026七年级上新生监测英语,1,1
临沂市河东区七年级上分班监测英语,2,1
临沂市统考高一下学期,4,1
临沂市英语中考试题是啊,1,1
临沂市费县中考二模英语,1,1
临沂市高一上物理期中,1,1
临沂市高一下学期期末考试历史,2,1
临沂市高二上学期化学期末,3,1
临沂市高二下学期化学期末,1,1
临沂市高二下学期期末化学,2,1
临沂市高二下学期期末数学答案,1,1
临沂市高二下学期语文期末,1,1
临沂市高二下期末2024级,1,1
临沂市高二下期末2024级数学,2,1
临沂新高一,1,1
临沂新高一分班考试,1,1
临沂期末数学,2,1
临沂期末高二化学,1,1
临沂期末高二语文,2,1
临沂沂河新区,2,1
临沂第一中学,2,1
临沂蒙阴,3,1
临沂高一上学期期中数学,1,1
临沂高一上学期期末数学,1,1
临沂高一下学期期中,1,1
临沂高一下学期期中数学,2,1
临沂高二下学期期末,1,1
临沂高二期末生物,2,1
临沭高级中学,1,1
临河区,1,1
临河区第五中学,3,1
临河区第六中学,3,1
临河店,4,1
临河店初级中学,2,1
临河店镇学校,1,1
临泉二中,1,1
临泉五年级下学期期末试卷英语,1,1
临泉五年级期末试卷英语,1,1
临泉六年级2026期末试卷英语,1,1
临泉县第二中学,4,1
临泉县第二中学第一次月考,3,1
临洮县,1,1
临洮县2026高中,2,1
临洮县2026高中数学,1,1
临洮县初二,2,1
临洮期末考试,2,1
临淄区,1,1
临清市2026年高一下册期末调研,1,1
临湘,2,1
临漳县2025-2026学年七年级下学期期末考试英语试题,1,1
临潭县第一中学,2,1
临界滑动,1,1
临邑县期末考试,1,1
临邑县期末考试政治高一,1,1
临邑县期末考试政治高一德州市,1,1
临邑县期末考试数学,1,1
临邑县期末考试数学高一,2,1
临邑第五中学,2,1
临高县初二数学期末,1,1
临高县初二数学期末考,2,1
丹东 十九中八年级英语,2,1
丹东 高一下 期末,1,1
丹东 高一下 期末 地理,4,1
丹东2024下学期期末,1,1
丹东中考,2,1
丹东二中2024—2025学年度上学期高二年级10月份联合考试英语,1,1
丹东二中摸底考试,2,1
丹东二中数学,5,1
丹东二中高一上月考,2,1
丹东二中高一期末,2,1
丹东初二期末,2,1
丹东市2024到2025学年度下期末教学质量检测高二化学,2,1
丹东市2025 2026学年度下学期高一期末考试数学,1,1
丹东市2025 2026学年度下学期高二期末考试,2,1
丹东市2025-2026学年度下学期高一期末考试数学,2,1
丹东市2025-2026学年度下学期高二期末考试,1,1
丹东市东港市七下政治期末,2,1
丹东市东港市七下语文期末,2,1
丹东市第二中学开学考试高一,1,1
丹东市高一下午学期物理期末考试,2,1
丹东期中,3,1
丹东期末,3,1
丹娘,1,1
丹阳市中考,5,1
丹阳高级中学,2,1
为……提供,1,1
为……提供英语,1,1
为明中学,2,1
主 谓 宾 表 定 状 补练习英语语法讲,2,1
主从联动,2,1
主从联动 瓜豆原理,1,1
主动转被动,1,1
丽水,3,1
丽水市2025-2026学年第二学期普通高中数学高一英语,2,1
丽水市2025学年第二学期普通高中教学质量监控,2,1
丽水期末高二下学期,1,1
丽江市,1,1
丽江市高二期末,7,1
举 一 反三 2025 2026,1,1
举一反三 小学数学创新思维 C版 五年级下册（人教版）,5,1
义乌中学,4,1
义乌中学高一分班考数学试卷,2,1
义乌义中高一分班考数学试卷,1,1
义乌二模,3,1
义乌初中英语,1,1
义乌市六下数学,2,1
义乌市普通高中适应性考试,2,1
义乌数学初一分班考试,5,1
义乌英语,2,1
义乌英语语法,1,1
义乌英语语法填空,5,1
义县高级中学,2,1
乌一中,1,1
乌什县第一中学,1,1
乌兰察布,2,1
乌兰察布九师连考卷,3,1
乌兰浩特,2,1
乌巿2026历史卷七,3,1
乌市,1,1
乌市七十一中学期末考试卷语文,2,1
乌市二中,1,1
乌当中学,4,1
乌有先生传,4,1
乌海,2,1
乌鲁木齐129中学,1,1
乌鲁木齐2025-2026学年第二学期义务教育阶段学校增值性评价检测五年级数学试卷,2,1
乌鲁木齐2026年高三年级第三次质量监测,1,1
乌鲁木齐十三中,1,1
乌鲁木齐十三中小升初模拟题,4,1
乌鲁木齐地区2026年高三年级第三次质量监测,1,1
乌鲁木齐市一中高一期中,3,1
乌鲁木齐市一中高一期末,2,1
乌鲁木齐市七十一中学期末考试卷语文,1,1
乌鲁木齐市沙依巴克区八年级下册数学期末试卷,1,1
乌鲁木齐市第 73中学,4,1
乌鲁木齐市第一中学,3,1
乌鲁木齐市第七十中学高一期中数学,2,1
乌鲁木齐市米东区98中学七年级下册期末考试试题,1,1
乌鲁木齐市统考,1,1
乌鲁木齐师大附中数学,1,1
乌鲁木齐第108,4,1
乌鲁木齐第108中学,2,1
乌鲁木齐米东区98中学七年级下册期末考试试题,1,1
乌鲁木齐高一分班考试,2,1
乌鲁木齐高一数学下册期末卷,2,1
乌鲁木齐高三三模2026,1,1
乌鲁木齐高中入学考试,1,1
乐东,1,1
乐东华,1,1
乐东思源高级中学,2,1
乐山期末,4,1
乐山海棠实验中学期末模拟考试,3,1
乐山高三上学期期中试卷,1,1
乐山高二期末试卷,2,1
乐平中考试卷,1,1
乐平九年级中考试卷,1,1
乐平八年级数学试卷,2,1
乐平市2026年英语试卷六年级下,2,1
乐平市九年级上册化学,1,1
乐平市九年级上册化学期中,5,1
乐平市第一中学,5,1
乐平数学七年级下册期末考试,1,1
乐清中学分班考,2,1
乐清知临中学提前招生。,2,1
乐读,1,1
乐陵,1,1
乐陵开元 第一次月考,2,1
乐陵阜昌月考,2,1
乒乓,4,1
乒乓赛事,6,1
乘加与乘减应用题,1,1
乘加与乘减综合应用题,1,1
乘法口诀,2,1
乘法口诀表,1,1
乘法数量关系,8,1
乘除法计算,2,1
乘除法计算题练习,2,1
乘风,1,1
乘风培优工作室,1,1
九 2025九师联盟12,1,1
九 师 联盟,2,1
九 师 联盟 202 5高二6月 联考高二下,1,1
九 师 联盟 202 5高二6月 联考高二下吉林,1,1
九 师 联盟 7 16,1,1
九 师 联盟 7.16,1,1
九 师 联盟 黑吉辽蒙202 6高二,2,1
九上,1,1
九上 02 古诗文,3,1
九上 第1章 一元二次方程,1,1
九上 第1章 一元二次方程单元卷,2,1
九上 第1章 二次函数人教版,5,1
九上 第1章 二次函数人教版压轴题,1,1
九上 第1章 二次函数试卷,6,1
九上 第1章 二次函数试卷配方发,1,1
九上 第21章 二次函数与反比例函数,1,1
九上10 12单元大题,1,1
九上2026新教材知识清单道德与法治,2,1
九上一元二次方程章节训练,2,1
九上一元二次方程计算题练习,1,1
九上一元二次方程计算题练习北师大版,2,1
九上一次月考,3,1
九上二次函数 单元测试,1,1
九上人教版作文,1,1
九上人教版化学预习单,2,1
九上人教版数学二次函数,3,1
九上人教版最新第1单元词性转换,5,1
九上人教电学串并联画图,1,1
九上人教电路图,2,1
九上人教英语预习,2,1
九上冀教英语,1,1
九上化学 元素周期,2,1
九上化学1到2单元,2,1
九上化学1单元,1,1
九上化学人教版第二单元单元测试卷,1,1
九上化学人教版第二章单元测试卷,1,1
九上化学单元卷沪教版,1,1
九上化学原子的结构试卷人教,1,1
九上化学原子的结构试卷人教石家庄,1,1
九上化学式计算,1,1
九上化学式计算专题练习,1,1
九上化学方程式,3,1
九上化学月考卷,2,1
九上化学月考卷 安庆四中,1,1
九上化学期中卷,3,1
九上化学期中卷厦门,1,1
九上化学期中雅礼,1,1
九上化学期末卷,2,1
九上化学步入化学殿堂,1,1
九上化学沪教版单元卷,1,1
九上化学沪教版第1章试卷,1,1
九上化学沪教版第一章试卷,4,1
九上化学沭阳,2,1
九上化学空气与氧气试卷人教,1,1
九上化学第1单元测试卷黑龙江人教版,1,1
九上化学第1次月考试卷,1,1
九上化学第1次月考试卷 上海教育出版社,4,1
九上化学第2单元,1,1
九上化学第2单元试卷,3,1
九上化学第2单元试卷学科网,6,1
九上化学第3单元,3,1
九上化学第3单元单元检测,3,1
九上化学第4单元,1,1
九上化学第4单元水资源讲义,3,1
九上化学第一次月考长沙,2,1
九上化学第二单元课时2,1,1
九上化学预习第三单元,1,1
九上化学鲁教版六三制必备知识点,2,1
九上化学鲁教版六三制必背知识点,4,1
九上化学鲁教版六三制必背讲义,1,1
九上化学鲁教版知识点。,2,1
九上化學,2,1
九上单词背诵版,1,1
九上历史2026人教版,1,1
九上历史2026人教版课本,4,1
九上历史月考卷,2,1
九上历史期中,4,1
九上历史福建,1,1
九上历史第一单元测试卷,3,1
九上历史第一次月考,1,1
九上历史长沙雅礼,1,1
九上历史长沙雅礼期中,2,1
九上原子结构,2,1
九上古诗 文理解性期末默写带答案,4,1
九上古诗文必背,2,1
九上古诗词,1,1
九上古诗词试卷,1,1
九上古诗词试卷天津,1,1
九上可能性条件下的概率,1,1
九上唐诗三百首,3,1
九上圆,1,1
九上圆的练习题,1,1
九上实验,1,1
九上实验班,1,1
九上巴蜀卷,1,1
九上广州人教版数学笫一次月考卷,6,1
九上开学考试最新浙江,6,1
九上开学考试最新浙江数学,1,1
九上开学考语文,1,1
九上必背古诗文,2,1
九上必背古诗文文言文,2,1
九上探秘水世界,2,1
九上政治,1,1
九上政治全册知识点,3,1
九上政治长沙雅礼期中,1,1
九上数学 圆的练习,5,1
九上数学10.29,1,1
九上数学10.29重庆,1,1
九上数学2026年新版嗯沪科版每周测试,2,1
九上数学25章一元二次方程,2,1
九上数学一元二次方程练习题,2,1
九上数学书,1,1
九上数学二次函数专项练习,1,1
九上数学公式,2,1
九上数学华东师大版课本,2,1
九上数学单元卷,1,1
九上数学学案人教版,1,1
九上数学小几何汇编,1,1
九上数学幂函数运算,1,1
九上数学教材答案,2,1
九上数学数据集中趋势和离散程度,2,1
九上数学期中2026,1,1
九上数学期中试卷,3,1
九上数学期末,1,1
九上数学期末成都,1,1
九上数学期末成都铁路中学,1,1
九上数学期末遂宁,2,1
九上数学正负数,1,1
九上数学皇姑区期末,2,1
九上数学知识清单北师大,2,1
九上数学知识清单北师大 特殊的平行四边,3,1
九上数学第一次月考,1,1
九上数学第一次月考雅礼,5,1
九上数学第一章练习,2,1
九上数学课本,1,1
九上数学课本电子版,3,1
九上数学重庆合集,2,1
九上数学重庆合集圆,1,1
九上数学，圆的练习,2,1
九上新教材历史复习清单,6,1
九上新版语文教材,2,1
九上旋转周测,5,1
九上月考数学,3,1
九上月考潍坊,1,1
九上期中,8,1
九上期中考试,1,1
九上期中考试物理无棣县2024秋,1,1
九上期中英语,1,1
九上期初辽宁沈阳,2,1
九上期末试卷红安,6,1
九上期末遂宁,1,1
九上机械能和内能,1,1
九上沪科版期末考试 数学,2,1
九上浙教版二次函数,3,1
九上溶液单元测试卷化学,2,1
九上溶液单元测试卷化学上海沪教版,5,1
九上物理 功,1,1
九上物理 功第一课时,2,1
九上物理11到12章,2,1
九上物理书,1,1
九上物理人教版第十四章单元测试卷,2,1
九上物理人教版讲义培优,2,1
九上物理入学考试,1,1
九上物理入学考试长沙,1,1
九上物理十三章第一节练习,4,1
九上物理十三章第一节练习人教版,2,1
九上物理单元测试,2,1
九上物理单元测试人教版,1,1
九上物理必刷题,1,1
九上物理期中,2,1
九上物理期中考试,1,1
九上物理期中考试石家庄,2,1
九上物理期末,2,1
九上物理期末考试嗯湖北随州,2,1
九上物理期末考试嗯湖北随州曾都区,4,1
九上物理期末考试随州市曾都区,11,1
九上物理欧姆定律,3,1
九上物理沭阳,4,1
九上物理电学,4,1
九上物理电学计算题,2,1
九上物理皇姑区期末,1,1
九上物理第10 12单元,1,1
九上物理第一次月考长沙,1,1
九上物理第一次月考雅礼,2,1
九上物理第一章同步和课堂练习,1,1
九上物理第一节练习,2,1
九上物理第十四章单元测试卷,1,1
九上物理能量的转化,2,1
九上物理能量的转化人教版,1,1
九上物理苏教版,2,1
九上物理讲义培优,3,1
九上物理课本电子版,2,1
九上生,1,1
九上真题分类,1,1
九上福州市延安中学,2,1
九上福州市延安中学开学考,1,1
九上福州物理期中考,2,1
九上福建专版月考卷,2,1
九上福建专版月考卷历史,6,1
九上第一单元化学,1,1
九上第一单元化学单元测验,2,1
九上第一单元化学单元测验第一单元,1,1
九上第一次月考,2,1
九上第一节,1,1
九上第二单元课时2,1,1
九上简单机械和工,1,1
九上简单机械和工物理,2,1
九上简爱整本书阅读讲义,4,1
九上英语 reading译林2026秋,2,1
九上英语2026学年秋课件,1,1
九上英语书,1,1
九上英语书人教版,2,1
九上英语人教版,1,1
九上英语人教版作文,7,1
九上英语人教版作文精准高评表达积累,4,1
九上英语人教版最新版词性转换,4,1
九上英语单词2026,2,1
九上英语单词2027,2,1
九上英语单词表,2,1
九上英语单词表人教版,2,1
九上英语南开,1,1
九上英语完形专项训练,2,1
九上英语完形填空,4,1
九上英语常州市第二十四中学,2,1
九上英语新教材译林版第一单元,1,1
九上英语知识点总结,4,1
九上英语第一次月考,1,1
九上英语课件人教版,3,1
九上英语课本人教版,1,1
九上英语课本人教版临高,1,1
九上衔接,1,1
九上译林版英语新教材,1,1
九上译林版英语新教材第一单元,1,1
九上译林版重点短语背诵和默写版,2,1
九上语文2026新版,5,1
九上语文2026新版课本,2,1
九上语文古诗理解性默写,7,1
九上语文字帖正楷写法示范,1,1
九上语文开门考,1,1
九上语文必备古诗词文言文,1,1
九上语文必备文言文,2,1
九上语文必背古诗词,1,1
九上语文必背古诗词和文言文 题目,2,1
九上语文必背篇目,3,1
九上语文教材,1,1
九上语文期中北京,1,1
九上语文期中真题,2,1
九上语文期中真题沂水卷,1,1
九上语文理解性默写,1,1
九上语文生字词,4,1
九上道德与法治,2,1
九上道德与法治提纲2026,4,1
"九上道德与法治第1单元,第2单元试卷人教版2026至2027学期。",2,1
九上道德与法治第一单元思维导图,1,1
九上道法,2,1
九上道法知识点,2,1
九上道法知识点总结,3,1
九上道法第一单元,2,1
九上道法预习材料,1,1
九上长春农安一中第一次月考卷,1,1
九下中考物理期末考试嗯湖北随州,3,1
九下化学八单元测试卷,1,1
九下反比例函数,2,1
九下数学学案,1,1
九下数学学案人教版,9,1
九下无语译林版单词,2,1
九下相似三角形,7,1
九下英语单词,2,1
九下英语单词默写人教版,2,1
九下英语电子课本,1,1
九下语文开门考,1,1
九下语文必背古诗词,5,1
九下课件苏科版,1,1
九中分班考,1,1
九中期中,2,1
九中期末,1,1
九九高级中学,2,1
九台区实验中学,1,1
九台区实验高中,3,1
九台区第一中学,2,1
九台高一下期末化学考试卷,2,1
九师联盟2025—2026学年高二期末考试,1,1
九师联盟2025—2026学年高二期末考试辽宁营口,1,1
九师联盟2025—2026学年黑吉辽内蒙7月15日高二期末联考,2,1
九师联盟2025—2026学年黑吉辽内蒙古7月15日高二期末联考数学,2,1
九师联盟2026下学期期末考试,10,1
九师联盟2026下学期期末考试黑吉辽,4,1
九师联盟YK,1,1
九师联盟开学考,2,1
九师联盟期末,1,1
九师联盟期末期末,1,1
九师联盟期末辽宁,1,1
九师联盟联考,2,1
九师联盟联考高二下,1,1
九师联盟辽宁,1,1
九师联盟辽宁高二,1,1
九师联盟铁岭市高二,1,1
九师联盟高一下学期期末内蒙古,1,1
九师联盟高一下学期期末内蒙古乌兰浩特市,1,1
九师联盟高一期中,1,1
九师联盟高三英语,1,1
九师联盟高二7月联考河南2027,6,1
九师联盟高二期中,2,1
九师联盟高二期末化学辽宁,3,1
九师联盟黑龙江省,3,1
九师联盟黑龙江省高二,1,1
九师联考,1,1
九师联考辽宁,2,1
九师辽宁高一下,1,1
九年上语文生字词汇总,2,1
九年上语文电子教材,4,1
九年上语文电子材料,1,1
九年年级上册化学第2单元测试卷,1,1
九年级 01古诗文古诗词复习理解性默写,1,1
九年级 01古诗文古诗词复习默写,3,1
九年级 化学 其中,1,1
九年级 化学 期中,1,1
九年级 物理,1,1
九年级 物理教材,2,1
九年级 物理教材人教版,2,1
九年级9月份开学考试试卷,2,1
九年级9月份考试试卷,1,1
九年级三角函数,1,1
九年级上 期中,1,1
九年级上 期中 沈阳,2,1
九年级上 期中 沈阳 化学,1,1
九年级上人教版化学高效课堂夹卷,2,1
九年级上人教版化学高效课堂导学案351夹卷,7,1
九年级上人教版物理第一单元测试卷儿,1,1
九年级上人教版物理红卷,2,1
九年级上人教版第四单元,1,1
九年级上人教版第四单元英语,3,1
九年级上人教版英语,4,1
九年级上人教版英语知识清单,4,1
九年级上册 数学 人教版 周末作预习二次函数,1,1
九年级上册 数学 人教版 预习二次函数,3,1
九年级上册一元二次方程单元测试卷人教版,4,1
九年级上册人教版化学,7,1
九年级上册人教版化学必背知识点总结江西版,3,1
九年级上册人教版化学知识点,2,1
九年级上册全品数学,1,1
九年级上册化学1 2 3单元练习,1,1
九年级上册化学2025,1,1
九年级上册化学书,2,1
九年级上册化学月考,6,1
九年级上册化学期中,1,1
九年级上册化学期中考,1,1
九年级上册化学第一单元测试卷,3,1
九年级上册化学视频讲解,4,1
九年级上册北师大数学,1,1
九年级上册北师大数学课本,2,1
九年级上册北师版数学课后答案,1,1
九年级上册华师版第一章数学,5,1
九年级上册历史2027知识点,1,1
九年级上册历史2027讲义,2,1
九年级上册历史知识点提纲,1,1
九年级上册古诗词填空,1,1
九年级上册圆,1,1
九年级上册字音字形,2,1
九年级上册广东数学第一二,1,1
九年级上册广东数学第一次月考,1,1
九年级上册数学一元二次方程专项练习题人教版,1,1
九年级上册数学一元二次方程单元测试卷儿,1,1
九年级上册数学一元二次方程练习题,5,1
九年级上册数学二次函数,3,1
九年级上册数学二次函数 人教版,2,1
九年级上册数学北师大版,1,1
九年级上册数学北师大版提分教练,1,1
九年级上册数学十月月考,3,1
九年级上册数学提分教练,1,1
九年级上册数学期末考试试卷贵阳市南明区,2,1
九年级上册数学福建期末试卷,2,1
九年级上册数学第1单元试卷,2,1
九年级上册数学第1单元试卷，北师大版,5,1
九年级上册数学第一单元试题,1,1
九年级上册数学练习题,1,1
九年级上册数学羊山中学第一次月考,2,1
九年级上册数学预习视频,1,1
九年级上册新版外研版英语课本电子书,3,1
九年级上册新版英语书,5,1
九年级上册期末历史,2,1
九年级上册期末宁德市2024~2025试题数学,2,1
九年级上册期末考试,1,1
九年级上册物理13 14章,3,1
九年级上册物理优加提分卷人教版，第17章和综合试卷,4,1
九年级上册物理优加提分卷，第17章和综合试卷,2,1
九年级上册物理内能章节试卷,2,1
九年级上册物理单元检测卷第12单元提升卷,1,1
九年级上册物理导学案,2,1
九年级上册物理期中考试试卷,3,1
九年级上册物理期末考考试,2,1
九年级上册物理的,1,1
九年级上册物理的比热容的题,2,1
九年级上册物理知识点,1,1
九年级上册物理章节,1,1
九年级上册物理章节检测卷,1,1
九年级上册物理第2单元试卷,5,1
九年级上册物理第一次月考考试试卷,3,1
九年级上册物理第一次月考试卷,1,1
九年级上册物理第一次月考试卷 20242025,1,1
九年级上册物理第一章试卷,2,1
九年级上册物理第一章试卷重庆,2,1
九年级上册相似三角形,2,1
九年级上册相似三角形湘教版,2,1
九年级上册相似三角形，湘教版,1,1
九年级上册科学,1,1
九年级上册第1单元测试卷北师大版，数学,2,1
九年级上册第1次月考物理试卷,1,1
九年级上册第一单元物理,2,1
九年级上册第一月考,1,1
九年级上册第一次月考,1,1
九年级上册第一次月考人教版数学,5,1
九年级上册第一次月考卷化学和平区,2,1
九年级上册第一次月考数学,4,1
九年级上册第一次月考物理,3,1
九年级上册第三单元理解性默写,3,1
九年级上册第三单元语文,2,1
九年级上册苏科版数学书,2,1
九年级上册英语,3,1
九年级上册英语《我家乡的变化作文》,1,1
九年级上册英语万维大小卷,1,1
九年级上册英语书,1,1
九年级上册英语书电子版,3,1
九年级上册英语人教版名校课堂,2,1
九年级上册英语人教版名校课堂背记本,3,1
九年级上册英语人教版课本,4,1
九年级上册英语人教版课本最新版,1,1
九年级上册英语单词表人教版,6,1
九年级上册英语单词音频跟读,1,1
九年级上册英语第四单元试卷,1,1
九年级上册语文2学年度联合体期末语文测评卷,5,1
九年级上册语文文言文古诗词专题复习,6,1
九年级上册语文文言文古诗词专题复习卷,1,1
九年级上册语文电子课本,3,1
九年级上册语文第三单元理解性默写,1,1
九年级上册语法选择,1,1
九年级上册道德与法治第一课书写恢宏史诗,2,1
九年级上册高分突破语文,7,1
九年级上分卷,2,1
九年级上化学一二单元检测,2,1
九年级上化学人教版名师测控,7,1
九年级上化学单元检测,1,1
九年级上历史资料,1,1
九年级上学期人教版英语教材电子版,5,1
九年级上学期英语,1,1
九年级上学期英语月考,2,1
九年级上必背篇目,2,1
九年级上期中 上海,1,1
九年级上测第一次月考卷,1,1
九年级上物理一课一练,2,1
九年级上英语默写单词,1,1
九年级下册人爱版英语第1单元,1,1
九年级下册化学电子课本,1,1
九年级下册数学,1,1
九年级下册数学二次函数的图像和性质知识点汇总,5,1
九年级下册数学人教版,5,1
九年级下册物理教材,3,1
九年级下册物理教材人材版,2,1
九年级下册英语人教版课本,2,1
九年级下册英语课本,1,1
九年级下册语文2024到2025学年度联合体期末语文测评卷,1,1
九年级下册道德与法治新教材,3,1
九年级中外名著,3,1
九年级中外名著10本读后感,5,1
九年级二次函数第一讲基础过关,2,1
九年级人教版化学必背知识点总结,1,1
九年级人教版化学必背知识点总结江西版,1,1
九年级人教版试卷,2,1
九年级全册物理初中,1,1
九年级全册英语单词默写中文,2,1
九年级化学上册 01.2.2药品的取用 暑假预习,4,1
九年级化学上册期中测试卷,2,1
九年级化学上册期末测试卷,4,1
九年级化学上册第二单元测试卷 满分40分,5,1
九年级化学原子与分子,3,1
九年级化学溶液练习题,4,1
九年级化学第一次月考九上,2,1
九年级北师大版本化学,2,1
九年级北师大版本物理,2,1
九年级十月份月考,2,1
九年级单词,4,1
九年级历史人教版背记资料,5,1
九年级历史人教版资料,4,1
九年级压轴题,2,1
九年级古诗,7,1
九年级古诗朗读mp3,6,1
九年级古诗词背诵清单,1,1
九年级名著,1,1
九年级唐诗三百首练习,3,1
九年级天桥区期中物理试卷2025,1,1
九年级广大实验学校,2,1
九年级广西化学,2,1
九年级广西化学柳州,1,1
九年级广西数学,1,1
九年级广西物理,2,1
九年级开学考,2,1
九年级强基班,2,1
九年级必背古诗文课内,3,1
九年级数学上册,1,1
九年级数学上册人教版第一阶段训练卷,1,1
九年级数学上册期中测试卷,4,1
九年级数学上册期末测试卷,1,1
九年级数学中考卷,2,1
九年级数学二次函数选填多结论专题,2,1
九年级数学人教版一元二次函数单元测试卷,2,1
九年级数学人教版一元二次方程单元测试卷,3,1
九年级数学人教版预习基础题,17,1
九年级数学单元测试卷,4,1
九年级数学压轴难题,5,1
九年级数学期中,2,1
九年级数学浙教版新教材,2,1
九年级数学第一次月考试卷,8,1
九年级数学讲义,4,1
九年级数学试卷,1,1
九年级暑假语文自主学习规划指导,2,1
九年级暑假语文自主学习规划指导简爱,2,1
九年级期中,1,1
九年级期中 上海,4,1
九年级泉塘初级中学月考,2,1
九年级物理,1,1
九年级物理一模,4,1
九年级物理上分卷,4,1
九年级物理上学期期中试卷,4,1
九年级物理人教版新教材,1,1
九年级物理人教版新教材电子书,1,1
九年级物理全一册北师大版新教材,5,1
九年级物理典中典北师大版,1,1
九年级物理内能和热机变化练习,3,1
九年级物理单元测试卷,1,1
九年级物理教学视频,1,1
九年级物理热量比热容,2,1
九年级物理热量比热容练习,2,1
九年级物理电压,6,1
九年级物理电压复习,1,1
九年级物理电学,2,1
九年级物理知识点人教版,2,1
九年级物理第一章,1,1
九年级物理第十章单元,3,1
九年级物理综合测试,2,1
九年级物理课件,2,1
九年级物质的变化和性质练习题,2,1
九年级现代文阅读专项,3,1
九年级电学初步作图,1,1
九年级直角三角形的边角关系,1,1
九年级竞赛,6,1
九年级第一次化学,1,1
九年级第一次月考卷,1,1
九年级自主招生考试英语试题,2,1
九年级苏教版上册英语单词音频跟读,1,1
九年级英语 2026 人教版人教版ppt,2,1
九年级英语 2026 人教版课本,1,1
九年级英语中考,1,1
九年级英语单词,7,1
九年级英语王睿中考,3,1
九年级英语第一单元,2,1
九年级英语练习,2,1
九年级词性转换,2,1
九年级试卷,1,1
九年级语文文言文,1,1
九年级语文月考,6,1
九年级语文背诵内容,2,1
九年级贯通班,1,1
九年级阅读理解,2,1
九年语文,1,1
九年语文包头,2,1
九月份,4,1
九月份数学,2,1
九月月考,1,1
九月调考武汉,1,1
九校 联考宁波2026,1,1
九校 联考宁波2026数学,2,1
九校 联考宁波2026语文,2,1
九校联考安徽滁州,1,1
九校联考滁州,2,1
九校联考滁州一中,1,1
九校联考语文,1,1
九校联考黑龙江,1,1
九江一中初一,1,1
九江一中初一数学,1,1
九江一中高一,4,1
九江双语,3,1
九江市,1,1
九江市初一数学,1,1
九江市初一数学上学期,1,1
九江市初一数学上学期期末,2,1
九江市同文中学新高一摸底,1,1
九江市期末考试,3,1
九江市第一中学,1,1
九江市连考,1,1
九江开学考试,2,1
九江高一,4,1
九洲中学,4,1
九溪高级中学分班考,2,1
九溪高级中学分班考高一,1,1
九溪高级中学高一,6,1
九省联考 1月 2025高三,2,1
九章算术,1,1
九章算术二元一次方程,1,1
九调武汉,1,1
九跨学科,1,1
九门中,1,1
九门中学,1,1
九龙坡指标到校,2,1
九龙坡指标到校数学,1,1
习作,1,1
习水县,4,1
习题讲解,1,1
习题课,3,1
乡土中国 原文+批注,4,1
乡土中国 原文+批注 / 乡土中国精批细读,3,1
乡土中国 导读学案,2,1
乡土中国 思维导图,2,1
乡土中国 练习题,3,1
乡土中国分层练习题,2,1
乡土中国和红楼梦资料,1,1
乡土中国必背核心考点,2,1
乡土中国重点,1,1
乡宁三中,1,1
书人实验学校,3,1
书名：词汇语境循环练 科目：八年级上册英语（RJ人教版）,1,1
书城,1,1
书本,1,1
书本电子版,2,1
书林数学,1,1
书比剑更重要,8,1
书法题,2,1
书立方跟踪测试卷 八年级数学 RJ 2026,1,1
书立方跟踪测试卷八上数学2026,2,1
书立方跟踪测试卷八年级数学RJ 2026,5,1
书院能力测试,1,1
乳山一中,1,1
乾县花口初级中学,3,1
乾安七中,2,1
乾安县第七中学,2,1
了,1,1
了不起的我作文,1,1
事件,5,1
二 元一次方程100道计算,1,1
二 元一次方程组计算题,4,1
二 元一次方程计算,1,1
二 模2026,1,1
二 次函数,4,1
二 项式定理10个题型,1,1
二 项式定理10个题型高二,3,1
二一教育,2,1
二七区七年级,1,1
二七年中考英语词汇过关,1,1
二三年数学高考,1,1
二三年数学高考，试卷,1,1
二下语文期末试卷富阳区,1,1
二中分班,1,1
二中初升高,2,1
二中博望,1,1
二中小升初题目,1,1
二中期末,1,1
二中竞赛,1,1
二五年广安一诊英语卷子,2,1
二五年潍坊地理中考,2,1
二五年物理,2,1
二五年语文中考考卷,3,1
二五年语文中考考卷苏州,1,1
二五年高考化学二卷,2,1
二五年高考语文,2,1
二五年高考语文全国一卷,1,1
二位数乘二位数,1,1
二元一次,2,1
二元一次方程和它的解,1,1
二元一次方程应用题,1,1
二元一次方程应用题七年级下册,1,1
二元一次方程应用题七年级下册浙教版,1,1
二元一次方程组一元一次不等式组应用,4,1
二元一次方程组和差倍问题,2,1
二元一次方程组计算,2,1
二元一次方程计算,2,1
二元一次方程计算题,1,1
二六年中考英语,1,1
二六年福建中考英语,3,1
二六年西藏化学期末联考,1,1
二六年高考数学试卷,1,1
二六年高考语文全国一卷,2,1
二初,1,1
二十七中,1,1
二十七中邯郸,1,1
二十三中,4,1
二十九,1,1
二十二中,1,1
二十四,1,1
二十四中学,1,1
二十四小,1,1
二升3暑假作业,2,1
二升3暑假数学,2,1
二升三数学,2,1
二升三数学练习题,2,1
二升三暑假衔接闽教版,1,1
二升三暑假衔接闽教版英语,4,1
二单元,1,1
二南,5,1
二南开中学,2,1
二南月考,2,1
二南高一下期末考,1,1
二卷英语,1,1
二四年,1,1
二四年江西卷物理,2,1
二年級数学 2026年下册二年级数学期末试卷,2,1
二年级,1,1
二年级1000以内列式计算题,2,1
二年级上册,3,1
二年级上册1-6表内除法单元强化卷,1,1
二年级上册数学,1,1
二年级上册数学一二单元测试卷,1,1
二年级上册数学乘法,1,1
二年级上册语文第一单元,3,1
二年级上册语文第二单元,3,1
二年级上册语文课本电子版,2,1
二年级上学期升学模考,1,1
二年级上学期月考,1,1
二年级下册数学计算,4,1
二年级下册数学计算题,6,1
二年级下册测试卷,2,1
二年级下册语文 期末测试卷,2,1
二年级下册语文看图写话训练,3,1
二年级下册语文阅读 专项训练,6,1
二年级下册语文阅读理解,1,1
二年级下册语文阅读训练,3,1
二年级下册阅读 100篇专项训练,2,1
二年级倍数应用题,2,1
二年级升三年级的暑假作业,2,1
二年级奥数20讲,1,1
二年级数学上册,6,1
二年级数学下册判断题,1,1
二年级数学下册简单题,1,1
二年级数学期末试卷,1,1
二年级数独练习,3,1
二年级易错题,3,1
二年级暑假复习检测,5,1
二年级英语,1,1
二年级计算,8,1
二年级语文,1,1
二年级语文第一单元,1,1
二年级语文识字,4,1
二年级语文默写识字,1,1
二战,2,1
二模   深圳 高三,1,1
二模压轴题,2,1
二模汇编,1,1
二模物理,2,1
二次 函数 025 二轮 专题,1,1
二次2函数专题,2,1
二次函平移,1,1
二次函数 与根的分布,1,1
二次函数 最值 动轴定区间,3,1
二次函数 最值 动轴定区间 定轴定动间,1,1
二次函数 精讲讲义,1,1
二次函数 练习题,3,1
二次函数三角形面积最值,3,1
二次函数上下左右平移,1,1
二次函数与不等式,1,1
二次函数与不等式九上,2,1
二次函数与几何动点问题,3,1
二次函数与实际问题,2,1
二次函数与方程不等式综合,2,1
二次函数与面积问题,1,1
二次函数与面积问题专项练习,1,1
二次函数与面积问题练习,2,1
二次函数与面积问题练习长沙,1,1
二次函数与面积问题联系,1,1
二次函数专项训练,2,1
二次函数专题九上,1,1
二次函数专题压轴大题,6,1
二次函数专题吉林,1,1
二次函数专题复习,1,1
二次函数专题练（鲁教版）,2,1
二次函数中的存在性问题,1,1
二次函数中的最值问题,2,1
二次函数九年级期中,1,1
二次函数交点式顶点式一般式,1,1
二次函数判别式几何求参,1,1
二次函数单元测试,6,1
二次函数压轴天津专版,2,1
二次函数压轴题拆分突破,3,1
二次函数压轴题角度相关分类训练,7,1
二次函数参数范围,4,1
二次函数变形,2,1
二次函数周测,2,1
二次函数和三角函数混合题,1,1
二次函数和方程不等式综合,3,1
二次函数和相似三角形九年级上册上海期中真题,3,1
二次函数图象与系数关系,1,1
二次函数图象与系数的关系选填压轴专项训练,2,1
二次函数基础题型过关,2,1
二次函数应用题,1,1
二次函数形式,1,1
二次函数提分练（鲁教版）,1,1
二次函数数学测试卷,2,1
二次函数最值问题,1,1
二次函数期中,2,1
二次函数根与系数关系的专题,2,1
二次函数根的分布,4,1
二次函数概念专练50道题,1,1
二次函数江苏练习,1,1
二次函数的专项训练,3,1
二次函数的图象与性质,2,1
二次函数的图象变换,1,1
二次函数竞赛,3,1
二次函数第1章节,1,1
二次函数系数问题,1,1
二次函数结合方程,1,1
二次函数综合题型分类,3,1
二次函数考卷,2,1
二次函数表达式的确定,5,1
二次函数解析式待定系数法专项训练,4,1
二次函数讲解加练习,6,1
二次函数课件,1,1
二次函数选填多结论专题,1,1
二次函数题型专项,2,1
二次函数题型提分练题（鲁教版）,1,1
二次函数题型提分练（鲁教版）,2,1
二次函数高考一轮复习,1,1
二次函数（鲁教版）,1,1
二次开发,2,1
二次根式 01一轮复习计算题,1,1
二次根式化简求值,2,1
二次根式浙教版,1,1
二次根式浙教版.,2,1
二次根式混合运算100道,1,1
二次根式混合运算计算题,2,1
二次根式混合运算计算题数学北师大版,1,1
二次根式的混合运算,2,1
二次根式的非负性,3,1
二次根式计算题100道,1,1
二次根式题型分类,2,1
二次根式题型分类培优,1,1
二次选拔,1,1
二氧化碳制取,1,1
二诊,2,1
二调,1,1
二调 武汉,1,1
二轮复习| 雄性不育×三系杂交！,1,1
二轮复习| 雄性不育×三系杂交！21年山东真题,2,1
二进制,1,1
二进制专项练习,2,1
二零二五到二零二六学年度第二学期期末学习质量检测试卷七年级道德与法治,1,1
二零二五年到二零二六年学年度第二学期八下英语卷子期末考试冀州,2,1
二零二四年中考语文试卷,3,1
二面角 常见几何法 专题高一,3,1
二面角专题,1,1
二项式系数最大值,2,1
二高,1,1
二高中的考试题,1,1
二高月考,1,1
二龙路,1,1
于总CEO  B站,2,1
于洪,1,1
于洪区,2,1
于洪区2025-2026学年度下学期期末学业水平测试七年级历史试卷,1,1
于洪新城第五小学,4,1
于谦,1,1
于谦传阅读,1,1
云 南 省 2 0 2 4 年 普 通 中 学学 业 水平 测 试,1,1
云南2024-2025学年高一下学期期末考试物理试卷,1,1
云南2025物理高考试卷,4,1
云南2025高考,1,1
云南2026中考,1,1
云南2026中考数学,2,1
云南2026年中考语文试卷,5,1
云南2026春季学期普通高中和格性测试历史,3,1
云南2026期末,1,1
云南2026期末普洱,3,1
云南2026期末普洱数学,1,1
云南2026物理高考试卷,1,1
云南2026高考物理,6,1
云南专用,2,1
云南中考物理,1,1
云南中考英语,4,1
云南中考英语2500个考纲单词,2,1
云南中考语文,2,1
云南中考语文2020,1,1
云南中考语文试卷,1,1
云南五年级2025-2026学年下学期,1,1
云南会考,1,1
云南八年级上学期期中,1,1
云南六年级上学期升学真题,1,1
云南六年级下学期期末,1,1
云南六年级下学期阶段检测,1,1
云南化学中考,1,1
云南合格性,1,1
云南听力,1,1
云南地理,3,1
云南地理会考试卷2025年7月,4,1
云南地理会考试卷2026年7月,2,1
云南地理会考试卷2026年月,1,1
云南地理初中,1,1
云南大理州期末检测 2025 2026 学年七年级下学期期末教学质量检测,1,1
云南小升初分班考试卷,2,1
云南小升初分班考试卷数学,1,1
云南小升初分班考试卷数学六年级,1,1
云南师大附中 2027届高考适应性月考卷 一,1,1
云南师大附中2026学年高一物理月考卷,3,1
云南师大附中2026届高考适应性月考,2,1
云南师大附中2027届,2,1
云南师大附中呈贡学校,2,1
云南师范大学实验中学,2,1
云南师范大学附属中学英才班考试,2,1
云南师范大学附属中学高二下学期市统测,1,1
云南师范大学附属昭阳中学,2,1
云南教育出版社导学练暑假英语作业三年级,2,1
云南数学高中学业水平考试,1,1
云南新高一开学考,1,1
云南昆三中高一新生开学考试,1,1
云南昆三新高一开学考,2,1
云南昆八中2026学年高一物理月考卷,1,1
云南昆明市2025-2026学年高二下学期7月期末考试历史试题,2,1
云南昆明市2025~2026学年高一下学期期末质量检测数学试题,2,1
云南昆明市新高一开学考,1,1
云南昆明市高三,2,1
云南昆明数学九上一单元,1,1
云南昆明新高一开学考,1,1
云南昆明昆三经开新高一开学考,1,1
云南昭通市,1,1
云南曲靖市罗平县第一中学二零二五二零六,1,1
云南曲靖市罗平县第一中学二零二五二零六高二,2,1
云南曲靖市罗平县第一中学二零二五二零六高二期末,1,1
云南模拟真题阅读,1,1
云南民族大学附属高级中学高二期末考试试卷,2,1
云南生物,2,1
云南省,2,1
云南省 2026 年语文会考试卷,2,1
云南省2025 2025学年普通高中学业水平合格性考试考试,1,1
云南省2025-2026二年级下学期数学,1,1
云南省2025中考语文,1,1
云南省2026年7月普通高中学业水平合格性考试,1,1
云南省2026年春季学期期末普通高中学业水平合格性考试历史试卷,1,1
云南省2026高考卷历史,1,1
云南省2027学年普通高中学业水平考试,4,1
云南省26年会考数学,2,1
云南省中考真题,2,1
云南省会泽县高二期末,1,1
云南省会泽县高二期末2026,2,1
云南省保山市2026年7月联考卷,1,1
云南省初中八年级下册数学一次函数题,4,1
云南省初中八年级下册数学函数题,3,1
云南省大理州祥云四中2025-2026,1,1
云南省大理白族自治州,1,1
云南省大理白族自治州下关,1,1
云南省开远市一中,2,1
云南省开远市一中高一上学期,1,1
云南省德宏州2026高一数学,6,1
云南省德宏州高一下2024到2025数学,2,1
云南省德宏师范高等专科学校附属天城中学,2,1
云南省怒江州兰坪县第一中学开学考,1,1
云南省怒江州兰坪白族普米族自治县第一中学开学考,2,1
云南省文山州,2,1
云南省文山市高一10月月考英语试卷,1,1
云南省昆明市昆十四中,1,1
云南省昆明市润城学校开学开,2,1
云南省昆明市润城学校开学考,4,1
云南省昆明市第三中学,2,1
云南省昆明市第三中学初3月考,1,1
云南省昆明市第三中学高一开学考试数学试卷,2,1
云南省昭通市昭阳区2026年春季学期期末地理试卷七年级下册,2,1
云南省昭通市昭阳区2026年秋季学期期末地理试卷七年级下册,1,1
云南省昭通市第一中学,1,1
云南省昭通市第一中学教研联盟2024到2025学年高一下学期期末试题质量检测英语试题A卷答案,3,1
云南省昭通市高一数学书,1,1
云南省昭通市高一英语书,3,1
云南省昭通市高一语文书,2,1
云南省普洱市2025-,1,1
云南省普洱市2025-2026二年级下学期,1,1
云南省普洱市2025-2026二年级下学期数学,1,1
云南省普洱市地理,1,1
云南省普洱市第二中学2024—2025学年高二下学期5月月语文试,1,1
云南省普洱市第四小学2025-2026二年级下学期数学,2,1
云南省普通高中学业水平合格性考试考试,1,1
云南省曲靖市麒麟区初一开学分班考试卷,2,1
云南省楚雄州2025-2026学年期末教育学业质量监测八年级下册,2,1
云南省楚雄州2025-2026学年期末教育学业质量监测八年级历史上册,1,1
云南省楚雄州2025-2026学年期末教育学业质量监测八年级数学下册,1,1
云南省楚雄州禄丰市八年级语文试卷,5,1
云南省玉溪实验高中6月月考,1,1
云南省玉溪市中学2025~2026历史八年级上册期末试卷,1,1
云南省玉溪市中学2025~2026政治八年级上册期末试卷,1,1
云南省玉溪市中学2025~2026数学八年级上册期末试卷,1,1
云南省玉溪市中学2025~2026物理八年级上册期中试卷,3,1
云南省玉溪市中学2025~2026物理八年级上册期末试卷,1,1
云南省玉溪市中学2025~2026生物八年级上册期末试卷,1,1
云南省玉溪市中学2025~2026英语八年级上册期末试卷,1,1
云南省玉溪市中学2025~2026语文八年级上册期末试卷,2,1
云南省玉溪市红塔区中学2025~2026数学八年级上册期中试卷,1,1
云南省玉溪市红塔区中学2025~2026数学八年级上册期末试卷,5,1
云南省祥云四中2025-2026,1,1
云南省腾冲市2026年7月联考卷,1,1
云南省通用技术仿真卷,2,1
云南省镇雄县林口乡风岩村发拖窝小学,2,1
云南省高一分班考,2,1
云南省高一数学必刷题,1,1
云南省高中学业水平合格考试,1,1
云南省高考,1,1
云南裤昆明市高 二 下学期 202 6年期未卷数学,3,1
云南西双版纳州高一化学下学期期末洲联考,1,1
云南阶段检测,1,1
云南高一下学期期末考试数学,2,1
云南高三下学期期末玉溪,1,1
云南高三下学期期末玉溪师院附中,1,1
云南高三五月第二次模拟试题,2,1
云南高中化学,4,1
云南高二下学期期末,1,1
云南高考2025物理,2,1
云南高考历史,1,1
云南高考真题历史,2,1
云城区,2,1
云城区 期末,1,1
云大附中,3,1
云大附中七年级期中考,1,1
云大附中呈贡,2,1
云大附中期中考,1,1
云学联盟,1,1
云州区一中,2,1
云师大附中 026 高三高考适应性月考,1,1
云师大附中 026 高三高考适应性月考（三）,1,1
云师大附中 2 0 26届高三 月考卷,2,1
云师大附中 月考（三）,4,1
云师大附中2025~2026 6月监测,1,1
云师大附中数学物理,1,1
云师大附中英才班考试,1,1
云浮2026年期末,2,1
云浮2026年期末高二,1,1
云浮中学高三开学考,1,1
云浮市2026年高三上学期,2,1
云浮市2026年高三上学期数学,1,1
云浮市2026年高二下,2,1
云浮市25年开学考,1,1
云浮市期末,2,1
云浮市高三开学考,3,1
云浮市高二期末,2,1
云浮市高二期末考,1,1
云痕卷,1,1
云阳县第二初级中学八年级上册,1,1
互对称,1,1
五三2027数学高中必修一,1,1
五三a版数学,1,1
五三全优卷,1,1
五三历史,3,1
五三语文2027,1,1
五三语文2027B版,4,1
五三高中同步增分测评卷必修三听力音频,4,1
五上人教英语,1,1
五上数学人教版,3,1
五上数学人教版教学视频,1,1
五上数学分段计费练习题,2,1
五上数学课堂笔记,2,1
五上数学课堂笔记青岛版,1,1
五上期末考试,2,1
五上期末语文试卷,2,1
五上榕城语文第一单元,1,1
五上英语书,1,1
五上英语单词闽教版,1,1
五上英语单词闽教版字帖,2,1
五上语文期中试卷,1,1
五上语文期末,4,1
五上语文第八单元真题,2,1
五上语文课文朗读,2,1
五上预习,6,1
五下 语文期末测试卷,1,1
五下人教数学,7,1
五下完形填空,2,1
五下富阳区期末试卷数学,1,1
五下富阳区期末试卷科学,1,1
五下富阳区期末试卷语文,1,1
五下必背古诗词,1,1
五下期中,1,1
五下期中邹城,2,1
五中分班考,1,1
五争级简易方程专项,2,1
五十中,3,1
五升六,4,1
五升六 2026年暑假衔接,1,1
五升六 2026年暑假衔接语文,2,1
五升六口算,2,1
五升六数学卷子,5,1
五升六暑假每日一练语文,1,1
五升六涡阳,3,1
五华县小升初,1,1
五华县萃文中学,2,1
五原小升初考试卷,5,1
五县一区2025 2026学年高二下学期期末考试,1,1
五四制,2,1
五四制三年级下册单元检测试题,1,1
五四制三年级数学下册单元检测,2,1
五四制八年级上册数学旋转平移,2,1
五四制八年级上册语文阅读理解专项,3,1
五四制八年级语文阅读理解专项,1,1
五四制初三,5,1
五四制物理八年级上册,1,1
五四制物理八年级上册期末,2,1
五四制鲁教版8年级上册单词默写,2,1
五四制鲁教版8年级上册单词默写。,3,1
五四制鲁教版九年级数学同步分层练,2,1
五四学制,1,1
五四学制八年级下册英语课本,3,1
五大名校,1,1
五市十校,1,1
五年,1,1
五年中考,1,1
五年中考三年模拟2026沪科版,1,1
五年中考三年模拟2026沪科版七年级上册数学试卷,2,1
五年中考三年模拟八上英语,1,1
五年中考三年模拟鲁教版,3,1
五年中高考,1,1
五年到2024年海淀区初一期末数学卷,2,1
五年湖北真题,3,1
五年真题,1,1
五年真题分类汇编,6,1
五年真题分类汇编全国通用化学,1,1
五年真题物理高中,1,1
五年級,2,1
五年級上冊試卷一到8單元語文英語,2,1
五年級英语 2025年下册,1,1
五年級英语 2025年下册武汉,2,1
五年级 下册语文期末测试卷,3,1
五年级 多边形面积提高题,1,1
五年级 多边形面积转化提高题,1,1
五年级 奥数测试卷,1,1
五年级 数学期末测试 下学期,1,1
五年级 苏教版,2,1
五年级上册人教版,1,1
五年级上册字帖,2,1
五年级上册数学,2,1
五年级上册数学含有字母的式子,2,1
五年级上册数学小数的除法题优卷,2,1
五年级上册数学最大公因数练习题免费,2,1
五年级上册数学期末,1,1
五年级上册数学河南开封,2,1
五年级上册数学第1单元试卷北师大版学科晚上好课,2,1
五年级上册数学第一单元测试,2,1
五年级上册数学老思维题,2,1
五年级上册数学苏教版思维题,5,1
五年级上册数学苏教版竞赛真题试卷,2,1
五年级上册期末试卷数学,4,1
五年级上册湘鲁版英语,1,1
五年级上册第一单元测试,1,1
五年级上册苏科版,1,1
五年级上册英语人教精通版第一单元测试卷,2,1
五年级上册英语单数复数,2,1
五年级上册英语单数复数人教版,3,1
五年级上册英语课时练,5,1
五年级上册试题,2,1
五年级上册黄冈,1,1
五年级上册黄名卷,2,1
五年级上古诗词,11,1
五年级上古诗词背诵,6,1
五年级上数学人教版同步,8,1
五年级上数学同步,1,1
五年级上数学西南联大第一单元,1,1
五年级下册口算电子版,1,1
五年级下册口算电子版数学,4,1
五年级下册口算，竖式计算，解方程,1,1
五年级下册数学数学口算解答题，电子版,1,1
五年级下册数学方程应用题,1,1
五年级下册数学期末,1,1
五年级下册数学期末测试卷卷,1,1
五年级下册数学期末试卷,2,1
五年级下册期末临沂数学–2026,1,1
五年级下册期末考试卷数学,2,1
五年级下册期末语文2026年福建,3,1
五年级下册科学教案星空,2,1
五年级下册竖式计算,2,1
五年级下册英语pep版拔尖特训测评卷,2,1
五年级下册英语期末,2,1
五年级下册英语期末试卷,1,1
五年级下册英语阅读理解练习,4,1
五年级下册西师版数学,1,1
五年级下册计算题,2,1
五年级下册试卷,1,1
五年级下学期阶段检测,1,1
五年级下数学人教版,1,1
五年级下数学人教版因数倍数练习,2,1
五年级下语文期末,1,1
五年级下语文期末四川,1,1
五年级古诗词,2,1
五年级吴江数学期末,2,1
五年级吴江英语期末,1,1
五年级吴江语文期末,2,1
五年级奥数,1,1
五年级奥数 20个专题 知识点汇总及例题,1,1
五年级奥数期末卷,1,1
五年级小数乘法,2,1
五年级数学上,1,1
五年级数学上江苏,3,1
五年级数学下册江苏,1,1
五年级数学下册江苏昆山,1,1
五年级数学北师学林卷,1,1
五年级数学奥数,1,1
五年级数学期末卷,1,1
五年级数学约分专项,5,1
五年级数学苏教版思维题目,3,1
五年级数学语文期末卷,1,1
五年级暑假作业数学,1,1
五年级期末数学试卷,1,1
五年级期末考试卷,1,1
五年级期末试卷,2,1
五年级知识清单,1,1
五年级统编版(新教材),5,1
五年级苏教版思维题目,2,1
五年级苏教版数学下册,2,1
五年级苏教版数学下册真题,1,1
五年级英语上册课件,2,1
五年级英语外研版试卷,2,1
五年级英语期末,2,1
五年级英语期末试卷,3,1
五年级英语网课,1,1
五年级英语试卷含听力,2,1
五年级语文上册,1,1
五年级语文上册期中字词,3,1
五年级语文北京昌平,1,1
五年级语文北京昌平2026,2,1
五年高考三年模拟,1,1
五年高考三年模拟 高一数学 人教A版 必修第一册,1,1
五年高考三年模拟2026人教版数学,4,1
五年高考三年模拟2027版物理必修一,1,1
五年高考三年模拟2027版物理必修一同步版,1,1
五年高考三年模拟2027版物理搞一起,1,1
五年高考三年模拟2027版物理高一上学期,2,1
五年高考三年模拟生物选择性必修一,1,1
五年高考三年真题高中物理,1,1
五年高考真题 分类汇编 数学 专题 对数,4,1
五年高考真题 分类汇编 数学 专题 概率统计,5,1
五星学霸,2,1
五校,2,1
五校协作体,2,1
五校协作体期末考试,2,1
五校协作高一下生物,1,1
五校联盟卷高一期末下数学,1,1
五校联盟英语七下期末,2,1
五校联考2026期末天津高二物理,2,1
五校联考数学,2,1
五校联考高二下,4,1
五校联考高二下期末数学,1,1
五校联考高二下期末语文,1,1
五校联谊高二下期末黑龙江,2,1
五校高一,1,1
五校高一数学,2,1
五校高一物理,1,1
五河,2,1
五河县7年级期中考试,2,1
五河县7年级期末考试,1,1
五浦汇,1,1
五点法求解析式单调区间,2,1
五省联考,2,1
五真,1,1
五石之瓠,2,1
五象三中,1,1
五象新区第一实验小学,1,1
五选四,2,1
亚桥高中月考卷,1,1
亚桥高中高一上月考卷,2,1
亚桥高中高一月考卷,1,1
亚洲,1,1
亚迪,1,1
交互式实验动画,6,1
交嘉分班考试卷,1,1
交大,5,1
交大附中2025 2026学年第二学期,2,1
交大附中数学高一上开学考,8,1
交大附中月考,2,1
交流电,3,1
交点式顶点式一般式,1,1
交通,2,1
交通中的线,2,1
亮亮中学,2,1
亮点激活?提优大试卷,3,1
亳州一中,6,1
亳州学院实验六年级下册期末数学,3,1
亳州学院实验小学,1,1
亳州学院附属中学小升初试卷,1,1
亳州学院附属学校小升初试卷,4,1
亳州市2025~20268上11月份物理期中测试卷,1,1
亳州市谯城区2022~20238上11月份物理期中测试卷,1,1
亳州市谯城区2025~20268上11月份物理期中测试卷,1,1
亳州第二中学,1,1
亳州谯城区六年级下册数学卷子,1,1
亳州高一5月份阶段性测试,2,1
亳州高一下学期5月份阶段性测试,4,1
亳州高一天一5月份阶段性测试,1,1
人之换,1,1
人之换兴本善,1,1
人体的内环境与稳态章末质量检测,1,1
人体的内环境与稳态，章末质量检测,1,1
人大附中2026数学期末,2,1
人大附中三亚学校,1,1
人大附中八上,1,1
人大附中初一上数学期末试题,2,1
人大附中初一上英语,1,1
人大附中初一上英语期中,1,1
人大附中初中物理,2,1
人大附中初二数学,3,1
人大附中培优,1,1
人大附中海口学校,1,1
人大附中深圳,1,1
人大附中物理高一期中,1,1
人大附中自主招生,2,1
人大附中苏州学校,2,1
人大附中高二英语,1,1
人大附八下期末,1,1
人大附高一第一次月考,1,1
人工智能,1,1
人才,1,1
人教 019a 版 必修1 高中数学 教材 全套 习题 答案 电子版,4,1
人教019A版 必修1,1,1
人教2024英语九上单词音频,6,1
人教A版 必修一 数学第一章  同步练习,3,1
人教A版 数学必修第二册 假期作业 安徽教育出版社 答案,1,1
人教A版 数学选修一课本,1,1
人教A版必修一第一册第二章综合检测卷,3,1
人教A版必修第一册 期末综合测试 基础篇 无难题,2,1
人教A版必修第一册课后习题答案,3,1
人教A版数学基础题专练,1,1
人教A版数学必修第一册第二章综合检测卷,1,1
人教A版数学高二选择性必修一第一章检测卷,1,1
人教A版高一数学必修一 第一章集合与常用逻辑用语 单元测试卷,1,1
人教A版高中数学必修第一册 第一章 集合与常用逻辑用语 本章达标检测,1,1
人教A版高中数学必修第一册 第一章 集合与常用逻辑用语 本章达标检测满分150，单选九个,1,1
人教B版 高一数学必修第一册 同步课件+导学案,3,1
人教B版 高一数学必修第一册1.1.1 同步课件+导学案,2,1
人教B版必修第一册 章末检测卷 数学,1,1
人教B版必修第四册11章课后习题,2,1
人教B版必修第四册同步练习,3,1
人教B版数学选修一优化学案,7,1
人教a版必修第一册全章考点归纳讲义,1,1
人教七年级上幻方专题练习,1,1
人教九年级物理同步,1,1
人教全等,1,1
人教六上数学书,1,1
人教六年级上册江岸数学期末试卷,2,1
人教初中七年级上册高频短句,1,1
人教化学九上,3,1
人教化学九上第一单元,6,1
人教化学九上考点,1,1
人教暑假阅读,2,1
人教暑假阅读专项,1,1
人教版  免费,2,1
人教版 02024七下数学期末考试试题,1,1
人教版 九年级上册 数学 新教材 电子课本,3,1
人教版 英语,1,1
人教版 高中物理 匀变速直线运动 专题 河北 免费,3,1
人教版 高中物理 必修第一册 第一章 单元检测卷 答案,3,1
人教版 高中物理必修二 第2章 单元测试 含答案,2,1
人教版02024英语单词表,1,1
人教版2019必修一单词表图片,2,1
人教版2019必修第二册第八章机械能守恒定律单元检测卷（A卷）,2,1
人教版2019高中英语必修全套单词表,4,1
人教版2019高中英语必修第一册单词表,2,1
人教版2019高中英语必修第一册单词默写版 word可打印 东华高中,1,1
人教版2024九上化学 同步练习题,3,1
人教版2024九上化学 同步练习题周口,1,1
人教版20252026高一下学期期末模拟卷物理,1,1
人教版2026八年级上册数学活页卷一,1,1
人教版24英语一年级下册单元测试题,1,1
人教版24英语一年级单元测试题,1,1
人教版6年纪数学,3,1
人教版7年级上册词汇音频默写,2,1
人教版8年级上册词汇音频,6,1
人教版PET五年级思维导图,1,1
人教版U1U2,1,1
人教版b第三册,1,1
人教版pep秋季英语课本,5,1
人教版一二简单例题,2,1
人教版一二简单例题 数学,4,1
人教版七上单词表,2,1
人教版七上单词表带音标,1,1
人教版七上有理数加减乘除的计算练习,2,1
人教版七上英语第二单元测试题,2,1
人教版七上计算专练,2,1
人教版七下英语期中,2,1
人教版七下英语阅读专项,5,1
人教版七年级上册 Unit1 You and Me Section A Pronunciation导学案,1,1
人教版七年级上册单词,2,1
人教版七年级上册月考试卷,2,1
人教版七年级上册英语单词背诵版默写本,2,1
人教版七年级上册英语第一单元试卷,1,1
人教版七年级上册词形变换全册,1,1
人教版七年级下册甘肃省数学卷子,2,1
人教版七年级下册英语第一单元animal friends单词英汉译英,4,1
人教版七年级数学一元一次方程,1,1
人教版三年级上册数学,6,1
人教版三年级上册英语,1,1
人教版三年级英语,1,1
人教版三年级英语教材,1,1
人教版九上数学课本,3,1
人教版九年级上册 二次函数区间最值 含参专项,5,1
人教版九年级化学第一单元测试,2,1
人教版九年级英语全一册,1,1
人教版五年下语文考试卷,1,1
"人教版五年级下学期数学暑假作业   每天5道口算，5道计算（乘法、除法、脱式计算、简算、解方程各一道）,1道解决问题，按30天计算 帮我出这些题 不要太简单 难易程度适中 有答案的",2,1
人教版八上单词字帖,5,1
人教版八上英语,1,1
人教版八上英语字帖,3,1
人教版八上英语语篇填空五空,4,1
人教版八上英语重点单词默写,1,1
人教版八下数学压轴,2,1
人教版八下物理 第七章第八章基础练习、力学作图专项,4,1
人教版八下英语完形40篇+阅读40篇+短文填空40篇+任务型40篇+补全对话40篇」，全套Word带答案解析,4,1
人教版八年级上册,1,1
人教版八年级上册 单元单词表 默写版 docx,6,1
人教版八年级上册五个空的语篇填空,3,1
人教版八年级上册历史,5,1
人教版八年级上册历史知识点,4,1
人教版八年级上册历史第四课,2,1
人教版八年级上册数学,1,1
人教版八年级上册数学三角形基础过关卷,2,1
人教版八年级上册英语词汇音频,3,1
人教版八年级上册词汇表,1,1
人教版八年级上册语文教材,1,1
人教版八年级上数学分式,29,1
人教版八年级上数学计算,1,1
人教版八年级下册英语听力,1,1
人教版八年级下册英语音频,2,1
人教版八年级第一单元单元卷,1,1
人教版八年级语文藤野先生和背影,2,1
人教版六升七数学第一单元测试,3,1
人教版六升七数学第一单元考试,1,1
人教版六升七数学第一阶段,1,1
人教版六升七数学阶段性,1,1
人教版六年级上册英语,1,1
人教版六年级上册英语单词,1,1
人教版六年级上册英语单词表,1,1
人教版六年级上册语文教材,4,1
人教版六年级英语上册Unit1单元测试听力,1,1
人教版六年级语文,1,1
人教版内能单元测试卷,1,1
人教版几何专题,2,1
人教版初一英语,1,1
人教版初中三角函数,2,1
人教版初中英语1600核心词汇完整版,2,1
人教版化学必修一同步课本音频,6,1
人教版化学必修一教材。,1,1
人教版化学必修一第一单元物质及其变化提升卷,2,1
人教版化学高一上同步课时练,1,1
人教版化学高一上同步课时练必修一,2,1
人教版单元测试卷,4,1
人教版历史选择性必修一,2,1
人教版口算,2,1
人教版听力,1,1
人教版四上英语单词表,1,1
人教版四年級 2025 2026年下学期期末数学,1,1
人教版四年級下学期期末数学,2,1
人教版四年级上册数学期中试卷,2,1
人教版四年级上册数学第三单元,4,1
人教版四年级上册数学第四单元,3,1
人教版四年级上册英语课本,1,1
人教版小学数学教材,1,1
人教版小学英语六年级,1,1
人教版小学英语六年级单词,1,1
人教版小学英语六年级重点短语句子,2,1
人教版必修一下册化学试卷期末贵州,2,1
人教版必修一单词表,3,1
人教版必修一物理课本,3,1
人教版必修第1册英语单词表,2,1
人教版必修第一册 知识点总结 完整版,5,1
人教版必修第一册全章考点归纳讲义,2,1
人教版必修第一册英语单词表,2,1
人教版数学S 班模拟卷,1,1
人教版数学S 班模拟卷1年到六年,1,1
人教版数学S 班模拟卷五升六,4,1
人教版数学七上计算题,4,1
人教版数学三上第一二单元测试题,1,1
人教版数学八上单元卷,2,1
人教版数学四下,1,1
人教版数学四下郑州,2,1
人教版数学选修一概率,1,1
人教版新五年级英语,2,1
人教版新六年级英语,2,1
人教版新版英语教材九上,4,1
人教版新课标七年级,4,1
人教版新课标高中词汇表,2,1
人教版新高一英语单词表,4,1
人教版波的传播,1,1
人教版版数学第一单元单元卷,1,1
人教版物理九年级上册第1章练习试卷,2,1
人教版物理必修3-基础知识自测小纸条,6,1
人教版物理必修一专题,1,1
人教版物理必修第二册,5,1
人教版物理选必二 知识网络构建,1,1
人教版生物必修一 走近细胞 分讲知识清单 一轮复习卡通讲义,3,1
人教版生物必修一细胞中的糖类和脂质练习题,4,1
人教版的高中化学,3,1
人教版的高二上学期化学,3,1
人教版第十三章,1,1
人教版绝对值,2,1
人教版英语1600词,3,1
人教版英语7年级上册词汇音频,6,1
人教版英语7年级上册语法练习清单,2,1
人教版英语7年级下册词汇音频,5,1
人教版英语8年级上册词汇音频,11,1
人教版英语9下,1,1
人教版英语9下英语书,1,1
人教版英语一年级上册,1,1
人教版英语七年级上册Start Unit One的试卷,2,1
人教版英语七年级上册starter unit1单元单词录音,3,1
人教版英语三上第一单元测试题,3,1
人教版英语三上菏泽第一单元测试题,1,1
人教版英语三年级下册复习,3,1
人教版英语八年级上册词汇音频,7,1
人教版英语六年级上册,5,1
人教版英语单词,4,1
人教版英语单词表选修六,1,1
人教版英语必修一上册语法必备清单,4,1
人教版英语必修一上语法必备清单,2,1
人教版英语必修一语法,1,1
人教版英语必修一语法必备清单,1,1
人教版英语步步高必修一,3,1
人教版英语课本,2,1
人教版英语选修六,1,1
人教版英语选择性必修一单词表,2,1
人教版英语高中必修一第一单元单词默写,2,1
人教版计算专项练习,4,1
人教版试卷,2,1
人教版语文六年级上册第二单元语文园地与习作PPT,2,1
人教版语文六年级下册期末试卷 潍坊市,1,1
人教版选修2,1,1
人教版选修一化学教材,4,1
人教版选修一数学,1,1
人教版选修一直线与圆,1,1
人教版选择性必修一英语词汇,1,1
人教版高一上学期必修一数学基本不等式习题,2,1
人教版高一上学期必修一数学集合间的基本关系习题,1,1
人教版高一上学期物理基础题训练及答案,5,1
人教版高一上期中数学,3,1
人教版高一下册物理,5,1
人教版高一下学期期末语文卷带答题卡,1,1
人教版高一化学必修一+必修二八章单元检测卷,5,1
人教版高一化学必修一单元检测卷,1,1
人教版高一数学,3,1
人教版高一数学上册单元测试,7,1
人教版高一数学必修一第一章练习,1,1
人教版高一期中,1,1
人教版高一期中数学,1,1
人教版高一期末语文卷带答题卡,1,1
人教版高一物理必修二,4,1
人教版高一语文期末卷,1,1
人教版高一语文期末卷湖北,1,1
人教版高三英语创新设计二五年默写答案,2,1
人教版高三英语词汇专项练习,9,1
人教版高中3500 词汇,2,1
人教版高中3500 词汇背诵word版,1,1
人教版高中化学必修一课后习题答案,1,1
人教版高中必修第一册英语单词,2,1
人教版高中物理必修第三册 电场强度 专项练习题,2,1
人教版高中物理牛顿运动定律一轮基础练习题,1,1
人教版高中生物初升高衔接课程讲义,1,1
人教版高中英语单词表,1,1
人教版高中英语单词表英译汉,1,1
人教版高中英语单词表英译汉全部,2,1
人教版高中英语必修一课文朗读,6,1
人教版高中英语必修一阅读,1,1
人教版高中英语必修第一册词汇表,2,1
人教版高中英语选必四电子课本,1,1
人教版高二数学,1,1
人教版高二数学第一学期课时练新疆,1,1
人教版高二数学课时练新疆,1,1
人教版高二物理必修三,3,1
人教版高二选修一数学等差数列,2,1
人教版（2024）九年级上册化学 同步练习 免费,1,1
人教版（2024）九年级化学上册 暑假预习基础练习,2,1
人教版（2026）九年级化学上册 暑假预习基础练习,1,1
人教物理必修一第一单元测试卷,3,1
人教物理必修一第二单元测试卷,1,1
人教部编版语文六年级上册电子书,2,1
人教高一数学第一册长必修一课后题答案,1,1
人文地理,1,1
人民大学附属中学,1,1
人民小学,1,1
人民教育出版社,1,1
人民日报 2026金句,2,1
人民日报 中考,3,1
人民日报总结常见错别字,1,1
人民日报金句,2,1
人民路中学,4,1
人物素材,4,1
人物素材2026正反人物事例组合,1,1
人物素材积累,1,1
人生态度与社会责任,5,1
人称代词专练,1,1
人称代词练习题,4,1
人船模型,1,1
亿以内的认识,1,1
亿以内的认识练习题,5,1
亿利东方学校,2,1
什算,1,1
什计,1,1
什邡市 实验小学,7,1
什邡市外国语小学,4,1
仁寿一中北,1,1
仁寿县2024~2025年8年级下册期末英语试卷,2,1
仁寿县2024~2025年8年级下册期语文试卷,1,1
仁寿县2025年8年级下册期末英语试卷,2,1
仁寿县2025年8年级下册语文试卷。,1,1
仁寿县2026年8年级下册历史试卷。,1,1
仁寿县2026年8年级下册物理试卷。,2,1
仁怀市五年级下册,1,1
仁怀市五年级下册数学,4,1
仁爱,5,1
仁爱九上Unit one the changing world高频写作表达83页,2,1
仁爱九上写作高频表达,1,1
仁爱八上,2,1
仁爱版8上短语,2,1
仁爱版8上英语短语,1,1
仁爱版七下单词表,2,1
仁爱版七年级上册句型,2,1
仁爱版八上单词表,1,1
仁爱版八上英语,1,1
仁爱版八上英语学业评价试卷,1,1
仁爱版八上英语短语,1,1
仁爱版八上英语课文,1,1
仁爱版八下单词表,1,1
仁爱版八年级上册 单元单词表 默写版 docx,1,1
仁爱版八年级下册英语新坐标 Unit11 Unit12单元检测卷，,2,1
仁爱版英语七上语法讲解,6,1
仁爱版英语单词默写,2,1
仁爱版英语课本九上,1,1
仁爱版英语阅读填空练习,1,1
仁爱版语法,2,1
仁爱版，八年级上册 单元单词表 默写版 docx,1,1
仁爱英语,1,1
仁爱英语2024版七上,1,1
仁爱英语七下一般过去式,1,1
今年2026年广州市天河区8年级上册数学试卷期末考试,7,1
今年2026年广州市天河区8年级上册物理试卷期末考试,3,1
今年2026年广州市天河区8年级下册数学试卷期末考试,5,1
今年2026年广州市天河区七年级下册数学试卷期中考试,2,1
今年2026年广州市天河区七年级下册数学试卷期末考试,2,1
今年2026年广州市天河区棠福学校6月学情试卷初一下册数学,3,1
今年四川四年级语文试卷,1,1
今年四川四年级语文试卷泸州市,2,1
今年四川四年级语文试卷泸州市统考,1,1
今年沈阳市和平区八下历史期末考试真题,1,1
今年沈阳市和平区八下数学期末考试真题,2,1
今年沈阳市和平区八下语文期末考试真题,2,1
今年沈阳普通高中联合体数学试卷,2,1
今年河南中考数学,2,1
今年泸州市考卷答案,2,1
今年高一下沈阳普通高中联合体数学试卷,5,1
介休2024-2025年八年级上册9月月考卷,1,1
介休2024-2025年八年级上册月考卷,1,1
介休2024-2025年八年级上册期中考卷,1,1
介休2025-2026八上期中,2,1
介休2025-2026八上期末,1,1
介休一中,1,1
介休市第一中学,1,1
介词 100题语法填空,5,1
从句 100题,1,1
从句 100题英语,1,1
从句作业,1,1
从句复习,1,1
从句视频课,1,1
从百草园到三味书屋课内阅读,2,1
仓山,3,1
仙人掌的茎,1,1
仙居八年级期末考试数学,1,1
仙居数学,1,1
仙居数学浙教版,1,1
仙居数学浙教版八下,1,1
仙桃,1,1
仙桃八中高一上学期,1,1
仙桃八中高一上学期月考数学,2,1
仙桃市,1,1
仙桃高一,1,1
仙桃高一下学期期末,1,1
仙桃高一期末,3,1
仙游2026数学九上期末县统考试卷,1,1
仙游一中,2,1
仙游一中高二数学,1,1
仙游第一中学高三,1,1
仙都中学,2,1
代数式,1,1
代数式单元测试,1,1
代数式的值,4,1
代数恒等变形,1,1
代词,2,1
以塞忠谏之路也,1,1
以塞忠谏之路也塞读啥,1,1
仪征中学高三开学考物理,1,1
仪征初7年级上月考卷,3,1
仪征高一月考卷,4,1
仪征高一精诚中学,1,1
仪陇中学,2,1
仲元中学,1,1
仲元中学高一上期中,3,1
仲元中学高一期中,2,1
仲宫街道,1,1
任丘一中,1,1
任务型阅读七年级,2,1
任弼时中学,1,1
任意角,2,1
任意角专项练习,1,1
仿写作文训练,1,1
伊宁市,1,1
伊川2025-2026八上期中数学,1,1
伊川2025-2026八上期末历史,3,1
伊川2025-2026八上期末地理,2,1
伊川2025-2026八上期末政治,2,1
伊川2025-2026八上期末生物,2,1
伊文物理,2,1
伊犁州2025至2026第二学年8年级下册物理,2,1
伊犁州2026高一期末,2,1
伊犁州一中,1,1
伊通满族自治县八年级下学期英语期末考试卷,2,1
众相原创·赋能中考·2025/2026 英语教材词句记背册(译林版 广西专用)\"，,1,1
优+学案,2,1
优+学案 七上英语 Starter自我测评卷 人教版2024,2,1
优+学案七上英语（P版/人教版RJ）Starter自我测评卷,1,1
优化学案 数学必修一配套试卷,2,1
优化学案 高中数学,2,1
优化探究,4,1
优化探究 高效作业,4,1
优化探究2027物理,1,1
优化探究2027物理高考一轮复习,1,1
优化探究书籍,1,1
优化探究书籍物理,2,1
优化探究物理必修三,3,1
优化探究英语课时作业,1,1
优化探究高效作业高一英语,4,1
优化探索,1,1
优化方案,5,1
优化方案 2026电子版,1,1
优化设计 2026电子版,1,1
优化设计2027数学增强版,3,1
优可,1,1
优学1加1,6,1
优学导练测试卷8年级上册人教版2026,3,1
优学案课时通8上物理,2,1
优案探究,4,1
优练的,1,1
优练配套的卷子,1,1
优翼学练优四年级下册语文试卷,2,1
优胜教育,1,1
优胜教育工作,2,1
优视教育学情,1,1
优视教育期末,2,1
会同一中,2,1
会同县,5,1
会员中心,2,1
会宁二中,1,1
会昌五中,1,1
会昌五中高一英语暑假作业,1,1
会泽县,3,1
会泽县茚旺高中致远中学,1,1
会考 20 26年普通高中学业水平考试,1,1
会考 2026年 普通高中学业水平考试 地理,1,1
会考 云南20 25年普通高中学业水平考试,2,1
会考26陕西,1,1
会考卷,1,1
会考地理,2,1
会考生物,5,1
会考真题,2,1
会考英语,2,1
会计基础,1,1
传统文化类英语阅读八年级,1,1
传统文化类英语阅读八年级仁爱,1,1
传统文化类英语阅读八年级仁爱上册第二单元,1,1
传送带,2,1
传送带 2025专题,1,1
传送带 弹簧,3,1
传送带 弹簧0,1,1
传送带 板块模型,2,1
传送带模型和板块模型,4,1
传送带问题练习,2,1
估计算数平方根的范围,3,1
伴性遗传和人类遗传病,1,1
伽师县第一中学,2,1
位移时间图像,1,1
位移时间图像题,2,1
位移时间图像题物理,1,1
位置变化快慢的描述——速度,1,1
体育,1,1
体育单招政治,1,1
体育音乐美术合卷,1,1
余姚,1,1
余姚中学,3,1
余姚市2024到2025学年第二学期小学期末学业质量评估卷六年级语文学科,1,1
余姚市兰江中学新初一分班考试卷,2,1
余姚市小升初试卷,1,1
余庆中学,2,1
余杭区三年级下册期末卷数学,2,1
余杭区三年级下册期末卷语文,1,1
余杭高级中学,2,1
余江一中物理,1,1
佛八上英语期中,1,1
佛外,1,1
佛山 022026一模日语,2,1
佛山 二模 2026,1,1
佛山 期末,4,1
佛山2025~2026高二期末供题训练地理卷,2,1
佛山2026,4,1
佛山2026一模日语,1,1
佛山2026中考政治,2,1
佛山2026二模,1,1
佛山2026年6年级数学期末试卷,5,1
佛山2026年6年级期末试卷,1,1
佛山yimu,1,1
佛山一中,1,1
佛山一摸,1,1
佛山一模数学,1,1
佛山中考三模,4,1
佛山中考化学,1,1
佛山中考数学,2,1
佛山二模,1,1
佛山供题训练,2,1
佛山八上英语期中,3,1
佛山初升高英语分班真题,2,1
佛山华英,3,1
佛山小升初数学,1,1
佛山市 南海区 2026 八下数学期末卷答案,2,1
佛山市 南海区 2026 八下语文期末卷答案,1,1
佛山市2025-202高三下学期历史,2,1
佛山市2026年高一下数学期末考试试卷,2,1
佛山市七年级下学期英语,1,1
佛山市九年级英语,2,1
佛山市八年级下册,3,1
佛山市南海区2025-2026学年八年级语文期末卷,2,1
佛山市南海区高三开学摸底考,2,1
佛山市南海区高三摸底考试,1,1
佛山市惠景中学,2,1
佛山市石门七年级下学期英语,1,1
佛山市禅城八年级下册,2,1
佛山市第一中学,2,1
佛山市顺德八年级下册,1,1
佛山市顺德区期末试卷数学答案,2,1
佛山市顺德区高三一模卷,1,1
佛山市高一期末考,1,1
佛山市高三英语,1,1
佛山市高二下供题训练,2,1
佛山市高二下学期期末试卷,1,1
佛山拔瘁实验学校,2,1
佛山拔萃实验学校,2,1
佛山数学中考,3,1
佛山禅城,2,1
佛山禅城区期末,1,1
佛山统考,2,1
佛山统考语文,2,1
佛山统考高一下学期,1,1
佛山质检数学,1,1
佛山阴谋,1,1
佛山限时训练,2,1
佛山顺德,1,1
佛山顺德初中,1,1
佛山高一下学期期末考试模拟,1,1
佛山高一下期末数学2026,1,1
佛山高一下联考,2,1
佛山高一期末,1,1
佛山高一期末数学,1,1
佛山高一联考,1,1
佛山高二2026期末考试英语答案,1,1
作 文,1,1
作业练习,2,1
作商法比较大小,2,1
作图,1,1
作图题,2,1
作文 2026,1,1
作文2026,1,1
作文专练,2,1
作文作文素材,1,1
作文审题训练,1,1
作文审题训练中考语文,2,1
作文审题训练语文,1,1
作文标题,5,1
作文求真务实,2,1
作文真题5年汇编,4,1
作文答题卡A4版作文方格空白,2,1
作文素材积累2026,2,1
作文素材积累语文,2,1
作文素材语文,2,1
作文素材语文中考.,1,1
作文练习,1,1
作文英语,1,1
作文范文,3,1
作文范文高考语文,2,1
作文论据,1,1
作文论据高中,1,1
作文论据高中辽宁,1,1
作文高考,4,1
作文高频,4,1
作用题,3,1
你今天做课件了吗,1,1
佳一中2025 2026高一下学期期中考试卷,1,1
佳一中2025 2026高一下学期期末,1,1
佳一中2025 2026高一下学期期末考试卷,1,1
佳一中一调英语,1,1
佳一中高三学年第一次物理调研,2,1
佳一中高三学年第一次英语调研,1,1
佳佳木斯第一中学一调英语,1,1
佳县龙岗中学,1,1
佳木斯,2,1
佳木斯2025 2026高一下学期期末,1,1
佳木斯九上,1,1
佳木斯九上期中,2,1
佳木斯二中,2,1
佳木斯二中高三25年地理开学考试,1,1
佳木斯十九中,1,1
佳木斯市第一中学,3,1
佳木斯市第二中学期末高一,1,1
佳木斯市第二中学期末高一化学,2,1
使命担当作文,1,1
使至塞上,8,1
使至塞上解析视频,5,1
供题训练高一,1,1
供题训练高一佛山,1,1
依兰县高级中学,2,1
依图求抛物线解析式,5,1
依安县第一中学,1,1
侨光中学,2,1
侨声中学分班考试卷,2,1
侨声中学高中分班考试卷,1,1
侨谊中学,2,1
侨香学校,2,1
侯氏制碱法,2,1
侯氏制碱法缩短了生产流程，提高了实验的转化率，下列说法正确的是？,2,1
促织,3,1
俄罗斯语。,2,1
俄语 2025高二下期末,1,1
保值倍值区间,2,1
保安八下历史期末,1,1
保安区八下历史期末,1,1
保定,1,1
保定1 3 保定一中选拔真题,1,1
保定一中,5,1
保定一中 1 3 贯通班,3,1
保定二中,3,1
保定初二期末,1,1
保定初二期末数学,2,1
保定市2026届一模,2,1
保定市2026届二模,2,1
保定市2026年,2,1
保定市乐凯中学七年级下册期末考试试题,1,1
保定市八年级英语,1,1
保定市六校联考试卷,1,1
保定市启明职业,2,1
保定市期末,1,1
保定市竞秀学校,2,1
保定市英语,1,1
保定市高二2026下学期期末考思想政治卷,1,1
保定市高二2026下学期期末考数学卷,2,1
保定市高二下学期数学卷,2,1
保定市高二下学期语文卷,2,1
保定曲阳县,3,1
保定重点高中期中,2,1
保定高2上期末联考,3,1
保定高一下学期化学期末试卷,1,1
保定高一月考,1,1
保定高一期末六校联考,4,1
保定高一期末六校联考下学期化学,1,1
保山市智源中学,2,1
保工一校,1,1
保师附小,1,1
保温卷,4,1
保温袋,2,1
信宜市七年级数学,1,1
信宜市初二期末,1,1
信息技术 2025 学业水平测试,3,1
信息技术学考,5,1
信息摘录题,2,1
信息类 文本 阅读2025 答题技巧方法指导,1,1
信息类文本,1,1
信息类文本选择,9,1
信息类文本阅读下定义,1,1
信息类文本阅读文本内容补写,2,1
信新县2026年期末英语试卷,3,1
信阳2025 2026下学期期末试卷,1,1
信阳七年级英语入学摸底,1,1
信阳小升初英语分班考试,1,1
信阳小升初语文分班考试,3,1
信阳市2024中考,1,1
信阳市2025 2026学年高二下学期期末数学,1,1
信阳市2025 2026学年高二下学期期末物理,1,1
信阳市2025-2026年普通高中期末英语试卷,1,1
信阳市2025-2026年期末英语试卷,1,1
信阳市七年级生物上学期期中,1,1
信阳市五县一区2025 2026学年高二下学期期末考试,1,1
信阳市新县2026年期末英语试卷,2,1
信阳市普通高中高二期末下,4,1
信阳市期末考试高一,3,1
信阳市淮滨县小升初英语，2025,2,1
信阳市狮河,1,1
信阳市羊山新区七年级生物上学期期中,3,1
信阳市羊山新区七年级道德与法治上学期期中,2,1
信阳市高一期末试卷,2,1
信阳市高二期末考试数学,6,1
信阳平桥区2026年初中毕业班第一次模拟测试英语试卷,1,1
信阳期末试卷,2,1
信阳羊山新区七年级,5,1
信阳羊山新区七年级历史,1,1
信阳羊山新区七年级历史上学期,2,1
信阳羊山新区七年级历史上学期期中,5,1
信阳羊山新区七年级地理上学期期中,1,1
信阳羊山新区七年级道德与法治上学期期中,1,1
信阳羊山新区六年级期末,1,1
信阳高二2025 2026下学期期末试卷,2,1
修改 病句,5,1
修改病句,2,1
修改病句练习,1,1
修水,3,1
修水一中,1,1
修水县第一中学,3,1
修辞手法,6,1
倍长中线模型,1,1
倒序相加法,1,1
倒装练习,2,1
倒角,3,1
值域常见方法全归纳高一,2,1
假如给我三天光明,1,1
假期之友,1,1
假期作业五,4,1
假期成才路·暑假】,4,1
储能分班,2,1
儋州,2,1
儋州一中,2,1
儋州市2025年春季学期七年级期末学业质量监测试题生物,1,1
儋州市2025年春季学期八年级上册期中,1,1
儋州市2025年春季学期八年级期中,2,1
儋州市2025年春季学期八年级期末学业质量监测试题生物,1,1
儋州市2026年春季学期高一期末学业质量检测,3,1
儋州市2026年春季学期高一期末学业质量监测题,1,1
儋州市八下数学,1,1
儋州市八下英语,3,1
儋州市统考,2,1
儋州市高二下学期期末,3,1
儋州期末,2,1
儿上物理易错题,1,1
儿子初升高,1,1
元宝山区第一中学。,2,1
元素,2,1
元素周期 表,1,1
元素周期 表 初中,2,1
元素周期 表表格,3,1
元素周期律 2025 一轮专题,1,1
元素周期表、元素周期律,6,1
元素周期表图片,1,1
元素周期表推断题,1,1
充分条件 必要条件的含参问题,2,1
充分条件与必要条件,3,1
兆麟中学,3,1
兆麟中学第一次月考,1,1
兆麟高中,2,1
兆麟高中第一次月考,3,1
先修班,1,1
先说结论：京禾、红山这类六盘水民办高中不会对外公开本校分班考试真题，没有官方原版试卷，但是有3种零成本、完全匹配考试难度的替代方案，和校内出题风格高度一致，直接用来刷题就行。   一、免费找模拟卷的3个渠道（手机就能搜，不用花钱）   1. 学科网（zxxk.com）【首选，大量免费分班卷】   1.?打开浏览器搜索：新高一分班考试模拟卷 初高衔接 2.?筛选贵州、全国通用版，里面数学、,3,1
光,3,1
光合作用呼吸作用,2,1
光合作用呼吸作用全国通用,1,1
光合作用综合大题,3,1
光合呼吸,1,1
光和眼睛,1,1
光学作图题,2,1
光学复习,2,1
光学实验,2,1
光学高考题,1,1
光明区2025八年级下册期末数学,2,1
光明区九上wimokaoshi,1,1
光明区九上考试,1,1
光明区教科院参考卷,1,1
光明科学城九上,1,1
光现象 单元测试卷,1,1
光电效应,2,1
光电效应物理,2,1
光的全反射,2,1
光的干涉,3,1
光的折射,2,1
光的折射 透镜培优讲义,1,1
光的直线传播及应用,2,1
光谷,2,1
光谷八年级下册期末试卷,2,1
光谷实验,2,1
光谷实验中学,3,1
光路可逆,1,1
光路图,1,1
光路图专题,1,1
克千克吨,2,1
克千克吨单位换算,1,1
克州,1,1
克州 2025 2026第二学期期末质量检测试卷数学,1,1
克拉玛依,3,1
免疫系统的组成与功能,2,1
免费 20245 中考 模拟题,1,1
免费 20245 高考 真题,1,1
免费 试卷,2,1
免费2024中考,3,1
免费2025.   五下英语试卷,1,1
免费2025.   五下语文试卷,2,1
免费2025.   八下道法试卷,1,1
免费下载八上英语,2,1
免费下载试卷陕西志丹八年级,1,1
免费下载试卷陕西志丹八年级上,1,1
免费下载资源,1,1
免费专区物理,2,1
免费专区语文,1,1
免费九下,2,1
免费八年级数学,2,1
免费卷子,1,1
免费数学九上,5,1
免费有理数,2,1
免费视频,2,1
免费试卷数学高一期末卷子,1,1
免费课件,1,1
免费高一数学,1,1
免费高一数学第二单元,1,1
兖州区,3,1
兖州区2018一2019学年七年级语文下册期末检测,1,1
兖州区2024一2025学年七年级语文下册期末检测,1,1
兖州区2025一2026学年八年级语文上册期末检测,2,1
兖州四下英语期末,1,1
兖州四下语文数学期末,2,1
兖州四下语文期末,3,1
兖州期中,4,1
兖州高中物理,1,1
党的二十四届中全会精神,2,1
党的二十四届中全会精神题目,1,1
党的相关知识点选择题,1,1
入学分班卷,1,1
入学分班考试雅礼,2,1
入学分班选拔考试,3,1
入学式入社式,1,1
入学摸底,1,1
入学测,1,1
入学测验,1,1
入学考 高一重庆,1,1
入学考江门广雅,2,1
入学考试7年级,3,1
入学考试丹东,1,1
入校考高一,1,1
"入目无他人，四下皆是你。入目无他人，四下皆是你。草木有阳光和水,风筝有清风和绳,我有余生和你！",1,1
全世界气候带,2,1
全册单词,2,1
全反力,4,1
全品一轮复习,1,1
全品作业本,3,1
全品作业本20269上物理,2,1
全品作业本2026八上数学,1,1
全品作业本九上历史,1,1
全品作业本必修三,1,1
全品学练考,4,1
全品学练考七年级上册预备1~3单元,1,1
全品学练考高一数学教辅,1,1
全品学练考高中英语选择性必修1单元素养测评卷,1,1
全品数学九上,1,1
全品物理九年级2026,1,1
全品高考复习方案作业手册地理下册,2,1
全囯01卷 2026 高考英语真题,3,1
全囯01卷 2026 高考语文真题试卷,1,1
全囯02卷 2026 高考数学真题,1,1
全囯02卷 2026 高考英语真题,1,1
全囯02卷 2026 高考语文,1,1
全囯一卷,1,1
全囯二卷,2,1
全囯卷,1,1
全囯卷  高考数学真题,1,1
全囯卷导数,1,1
全国 1 高考卷2026,3,1
全国 一卷 1卷 2026,1,1
全国100所名校单元测试示范卷 数学,3,1
全国100所名校高三单元测试示范卷生物湖南2027,2,1
全国1卷英语,2,1
全国1卷英语2025,1,1
全国2026全国2卷语文,1,1
全国2026新高考2卷语文,5,1
全国2卷理综,2,1
全国2卷理综数学,1,1
全国2卷英语2025,2,1
全国II卷高考作文,1,1
全国II卷高考作文真题,1,1
全国一卷2026,2,1
全国一卷205高考语文,1,1
全国一卷历史,1,1
全国一卷政治,1,1
全国一卷数学,1,1
全国一卷数学高考题,1,1
全国一卷日语卷,2,1
全国一卷物理,1,1
全国一卷理科数学,1,1
全国一卷英语,1,1
全国一卷英语2 025,1,1
全国一卷英语2024,1,1
全国一卷英语2025,1,1
全国一卷英语听力2024年,3,1
全国一卷英语听力2025年,2,1
全国一卷英语高考2019,1,1
全国一轮,3,1
全国一轮复习 化学有机合成,7,1
全国一轮复习 物理动力学,2,1
全国一轮复习 物理动态圆,2,1
全国一轮复习 物理电磁学,1,1
全国一轮复习 物理磁场,1,1
全国一轮复习 物理磁场动态圆,1,1
全国一轮复习三角函数,1,1
全国一轮复习化学化学反应速率,1,1
全国一轮复习化学化学反应速率过关,1,1
全国一轮复习化学原子结构,1,1
全国一轮复习化学原电池,1,1
全国一轮复习化学有机化合物结构,1,1
全国一轮复习化学烃,1,1
全国一轮复习化学烃的命名,1,1
全国一轮复习化学烃的衍生物,4,1
全国一轮复习化学物质结构元素周期律,1,1
全国一轮复习化学练习,3,1
全国一轮复习地理,4,1
全国一轮复习晨读晚默,2,1
全国一轮复习有机化学,1,1
全国一轮复习物理 力学,8,1
全国一轮复习解析几何,2,1
全国一轮复习铁,1,1
全国一轮复习高中物理 力学,1,1
全国三论专项,1,1
全国三论专项初中,2,1
全国三轮冲刺,6,1
全国三轮冲刺生物,1,1
全国三轮复习,1,1
全国中学生奥林匹克物理竞赛,1,1
全国中学生数学奥林匹克竞赛,1,1
全国中学生数学竞赛,2,1
全国中学生物理竞赛,5,1
全国中学生物理竞赛复赛试题,3,1
全国中学生物理竞赛预赛四川,1,1
全国中学生生物竞赛,4,1
全国中考数学几何模型,11,1
全国乙卷,2,1
全国乙卷语文,3,1
全国二卷 语文2026答案,1,1
全国二卷2026,1,1
全国二卷历史高考题,7,1
全国二卷数学2025,1,1
全国二卷数学概率高考常考题综合,4,1
全国二卷概率高考常考题综合,1,1
全国二卷满分作文,3,1
全国二卷英语听力,1,1
全国二卷英语听力2025年,3,1
全国二卷语文2025,2,1
全国二卷语文2026,1,1
全国二卷辽宁政治,1,1
全国二卷高考数学,3,1
全国二卷高考满分作文英语,2,1
全国二卷高考近五年真题完形填空,1,1
全国二轮专题,3,1
全国二轮复习,1,1
全国体育单招,2,1
全国作业,1,1
全国初中数学竞赛试题汇编,2,1
全国初中数学联赛,4,1
全国初中数学联赛一试方程与方程组专项练习卷。,2,1
全国初中物理竞赛,2,1
全国初中物理竞赛复赛,1,1
全国初中生应用物理知识竞赛全套真题,1,1
全国单元练习物理,5,1
全国卷1,1,1
全国卷一高考基础题。数学,6,1
全国名校联盟,1,1
全国名校联盟2026届高三联合开学摸底考试,1,1
全国名校联盟2026届高三联合开学摸底考试语文试题,2,1
全国名校联盟2026届高三联合开学模拟考试语文,2,1
全国奥利匹克数学竞赛,1,1
全国奥利匹克物理竞赛,3,1
全国奥利匹克生物竞赛,1,1
全国奥林匹克化学竞赛,1,1
全国奥林匹克数学竞赛,1,1
全国奥林匹克数学竞赛2025,1,1
全国希望杯数学竞赛七年级下,4,1
全国希望杯数学竞赛七年级下华数之星,1,1
全国数学竞赛培优教程,1,1
全国数学竞赛试卷,1,1
全国数学竞赛题,1,1
全国新高考 2卷2026,1,1
全国新高考一卷,2,1
全国新高考一卷数学,3,1
全国普通高等学校招生全国统一考试,1,1
全国期末物理,6,1
全国甲卷2026年英语卷,1,1
全国甲卷2026年英语卷高三,1,1
全国甲卷新高考二卷数学2016 2025全套30套真题,1,1
全国甲卷新高考二卷物理2016 2025全套30套真题,2,1
全国甲卷新高考物理2016 2025全套30套真题,4,1
全国甲卷物理,1,1
全国竞赛,1,1
全国竞赛 数学 高中,2,1
全国综艺,1,1
全国联考,2,1
全国自招考试真题,4,1
全国英才杯竞赛,5,1
全国英语2026高考真题英语,1,1
全国语文二卷,3,1
全国通用一轮复习物理力的练习题,1,1
全国通用一轮复习高中生物,1,1
全国青少年,1,1
全国青少年创新,1,1
全国青少年创新能力大赛,2,1
全国高2027一轮复习,3,1
全国高一数学联赛,1,1
全国高中化学预赛,3,1
全国高中数学竞赛2022年,1,1
全国高中数学联赛一试二试试题及详细解析,3,1
全国高中数学联赛决赛。,2,1
全国高中数学联赛吉林,1,1
全国高中数学联赛江西,1,1
全国高中数学联赛真题,1,1
全国高中数学联赛真题汇编,1,1
全国高考1卷英语,2,1
全国高考一卷数学,1,1
全国高考一卷语文,1,1
全国高考一轮复习数学,1,1
全国高考二卷英语完形填空,1,1
全国高考北京卷,2,1
全国高考复习,2,1
全国高考真题,1,1
全国高考真题英语,1,1
全国高考英语试卷,1,1
全国高考英语试卷二,6,1
全国高考试卷,1,1
全国高考语文,1,1
全国高联一试模拟06,2,1
全峰最值,2,1
全州县期中考试物理试卷,1,1
全州城西,2,1
全市统考,1,1
全效学习,1,1
全效学习同步学练测,2,1
全效学习同步学练测八年级上册道德与法治,4,1
全新英语词汇,2,1
全球奥林匹克数学竞赛,1,1
全知识点汇总课本所有实验装置图整理,4,1
全称量词与存在量词,2,1
全称：湖南省郴州市2022-2023学年高一下学期期末考试物理（选择考）,1,1
全称：郴州市2023-2024学年高一下学期期末教学质量监测物理（选择考）,1,1
全程检测,3,1
全程突破,5,1
全等 100道全等三角形专题,1,1
全等 三角形测试卷,1,1
全等三角形SSS练习人教版,2,1
全等三角形专题,3,1
全等三角形专题练习,1,1
全等三角形专题练习大题,1,1
全等三角形习题,1,1
全等三角形判定,3,1
全等三角形动点问题,2,1
全等三角形动点问题人教版,1,1
全等三角形单元测试卷,1,1
全等三角形单元测试提升卷,1,1
全等三角形及其性质,2,1
全等三角形手拉手模型,2,1
全等三角形的判定,1,1
全等三角形知识点,4,1
全等三角形章节测试题,1,1
全等三角形试卷,1,1
全等三角形辅助线,2,1
全等三角形辅助线专项练习及答案,4,1
全等三角形辅助线专项练习含解析,4,1
全等三角形难题,3,1
全等三角形预习,1,1
全等三角形题目汇编,1,1
全等最值,1,1
全等最值动图,1,1
全等构造,4,1
全等模型,3,1
全红婵,3,1
全红婵陈芋汐轻松夺冠,1,1
全解教材,2,1
全部小学语文古诗,2,1
全部小学语文古诗ppt,1,1
全频道课时作业,1,1
全频道课时作业七上语文的期中试卷,1,1
八 上,2,1
八0 八省联考T8,1,1
八一,1,1
八一学校,1,1
八一路,1,1
八一路小学,2,1
八上 0古诗理解性默写,2,1
八上 单词默写表全册,1,1
八上 古诗5首理解性默写,1,1
八上 广州,3,1
八上 期中,1,1
八上 语文,1,1
八上U1作文,4,1
八上U七人教版英语单元知识讲解,1,1
八上一元二次方程,1,1
八上一元二次方程月考,1,1
八上一外期末卷语文,1,1
八上三峡,3,1
八上三角形,5,1
八上三角形单元检测人教版,1,1
八上上海英语作文,1,1
八上五连线数学期中试题。,2,1
八上人教 短语,1,1
八上人教化学第一单元测试,2,1
八上人教版,1,1
八上人教版U1单元测试,2,1
八上人教版数学课本答案,1,1
八上人教版物理第一章,2,1
八上人教版诗歌,1,1
八上人教版语文诗歌,1,1
八上人教版语文诗歌与文言文,2,1
八上仁爱版英语单词默写,5,1
八上优翼学练优数学周测,5,1
八上作文,3,1
八上全等三角形题目汇编,1,1
八上八下期末,1,1
八上冀少生物,4,1
八上冀教版数学电子课本,4,1
八上冀教版英语单词,2,1
八上内蒙古包头市期末卷,2,1
八上几何压轴,1,1
八上化学课本,1,1
八上历史 背诵知识点总结,4,1
八上历史0复习背诵知识清单,2,1
八上历史34单元卷子,1,1
八上历史第5课，甲午中日战争与列强瓜分中国狂潮,1,1
八上历史第一单元单元检测卷,2,1
八上压轴,2,1
八上古诗词理解性默写,2,1
八上名师测控物理,1,1
八上名师测控物理北师大版,2,1
八上听力,1,1
八上听力云南省,9,1
八上商务星球版地理知识点总结,3,1
八上地理,1,1
八上地理期中卷,1,1
八上地理河南省信阳市息县期末试卷,1,1
八上地理第一章试卷,1,1
八上外研版1一6单元单词,5,1
八上外研社英语易错模块,5,1
八上外研社英语语法,3,1
八上小四门 早背晚默资料,4,1
八上小四门河南信阳，早背晚默资料,1,1
八上必刷题,1,1
八上必刷题人教版,1,1
八上必备古诗文,1,1
八上政治,5,1
八上政治习题,1,1
八上政治期中考试,2,1
八上政治知识点,5,1
八上政治背诵核心知识点,3,1
八上教学,1,1
八上数学三角形单元检测人教版,1,1
八上数学专项应用题,1,1
八上数学丰南期中,2,1
八上数学人教版14章全等三角形单元测试,5,1
八上数学人教版14章全等三角形难题,5,1
八上数学全等三角形压轴题,1,1
八上数学北师大版第一单元测试卷,3,1
八上数学北师版1到3单元测试卷(包头),2,1
八上数学北师版一到三单元测试卷包头,1,1
八上数学华师大版,6,1
八上数学华师大版月考,1,1
八上数学华师大版第十章测试卷,1,1
八上数学单元测试卷浙教,2,1
八上数学单元测试卷苏科版,2,1
八上数学单元测试卷（人教板）,1,1
八上数学周考试卷,1,1
八上数学天衢新区,1,1
八上数学天衢新区期末,1,1
八上数学学易金卷,4,1
八上数学导学案,1,1
八上数学导学案三角形,2,1
八上数学月考辽宁鞍山,2,1
八上数学期中卷中山中学,1,1
八上数学期中卷学易金卷,4,1
八上数学期中建平中学,1,1
八上数学期中测试卷,2,1
八上数学期中试卷,2,1
八上数学期末考试,1,1
八上数学期末试卷,1,1
八上数学模型压轴题,2,1
八上数学沪科版教材习题答案,3,1
八上数学泉州,2,1
八上数学泉州五中,1,1
八上数学浙教版,2,1
八上数学湘教版试卷,2,1
八上数学电子版教材,3,1
八上数学福建期中考,4,1
八上数学福建第三次月考,1,1
八上数学第13章测试卷,2,1
八上数学第2章实数能力提升卷,2,1
八上数学第一单元,3,1
八上数学第一单元人教版试卷,2,1
八上数学第一次月考天津,2,1
八上数学第一次月考福建,4,1
八上数学第一章三角形能力提升卷,4,1
八上数学第一章单元考,1,1
八上数学第一章测试卷,4,1
八上数学第二次月考福建,3,1
八上数学练习册，华东,1,1
八上数学苏科版,1,1
八上数学计算,2,1
八上数学讲解课程,1,1
八上数学遂宁期末,1,1
八上数学青岛板，单元卷,2,1
八上整式的乘法,2,1
八上新版英语第五单元语法知识点汇总,1,1
八上新课标能力培养,1,1
八上月考卷,2,1
八上月考语文,1,1
八上月考语文辽宁,1,1
八上期中卷数学,1,1
八上期中历史考试,3,1
八上期中月考数学福,1,1
八上期中测试卷语文卷宿城一中,1,1
八上期中考试英语山东济宁泗水2025年,2,1
八上期中试题。,3,1
八上期末地理,3,1
八上期末地理考试,4,1
八上期末汶上物理,2,1
八上期末考前核心知识点,1,1
八上槐荫物理期末,1,1
八上模型,2,1
八上济南历下区物理期中考试试卷,2,1
八上湘教版数学第1单元测试卷,2,1
八上物理专项,1,1
八上物理专项人教,3,1
八上物理人教版期中,2,1
八上物理光,2,1
八上物理光的世界,3,1
八上物理光的反射,6,1
八上物理前三单元专题卷,1,1
八上物理单元卷,5,1
八上物理同步练习第一课声练习,3,1
八上物理四清导航配套卷子,1,1
八上物理声音和环境单元测试卷,1,1
八上物理实验,2,1
八上物理易错题,3,1
八上物理期中卷,6,1
八上物理期中卷学易金卷,2,1
八上物理期中考试,2,1
八上物理期中试卷中市路,1,1
八上物理期中试卷中市路北校区,1,1
八上物理期中黑龙江牡丹江,15,1
八上物理机械运动,3,1
八上物理沪科版一遍过,1,1
八上物理沪科版一遍过第2单元试卷,1,1
八上物理沪粤版期中,8,1
八上物理知识点讲义,3,1
八上物理第一单元,3,1
八上物理第一单元 人教,1,1
八上物理第一单元机械运动,2,1
八上物理第一单元检测,4,1
八上物理第一章 人教版,5,1
八上物理第一章~第二章测试沪粤版,8,1
八上物理第一章单元卷,1,1
八上物理第一课讲解,2,1
八上物理精析巧练,1,1
八上物理精析巧练单元卷,2,1
八上物理综合卷子,2,1
八上物理计算题,4,1
八上物理选择,1,1
八上生物卷,3,1
八上生物河南省信阳市息县期中试卷,1,1
八上生物河南省信阳市息县期末试卷,3,1
八上生物精讲精练,1,1
八上生物练习册,4,1
八上笫二章物理学业质量测试,3,1
八上第一单元单元检测,1,1
八上第一单元单元检测卷,1,1
八上第一单元大单元教学,3,1
八上第一单元重难点,1,1
八上第一月考,1,1
八上第一次月考,3,1
八上第一次月考数学北师大宿州灵璧,2,1
八上第一次月考数学北师大宿州灵璧第三中学,1,1
八上第二章《实数》基础训练,4,1
八上能力培养,1,1
八上能力培养地理,4,1
八上苏教版物理,10,1
八上苏科版物理同步课名师视频,3,1
八上英语 单词背诵默,2,1
八上英语 单词背诵默写2026,1,1
八上英语 单词默写表全册,2,1
八上英语 单词默写表全册仁爱版新版,4,1
八上英语人教版第一单元单词,2,1
八上英语人教版第一单元单词默写,1,1
八上英语人教版第一单元语法填空,3,1
八上英语人教版词汇课件,3,1
八上英语仁爱版,3,1
八上英语作文,2,1
八上英语内蒙,1,1
八上英语包头市,4,1
八上英语包头市东河区,1,1
八上英语单词人教版默写,4,1
八上英语单词讲解,4,1
八上英语卷,5,1
八上英语外研版真题,1,1
八上英语期中包头市,3,1
八上英语期末专项句子,2,1
八上英语沪教,7,1
八上英语泉州五中2025月考,5,1
八上英语第一单元测试,2,1
八上英语第一单元语法填空,1,1
八上英语第一次月考,1,1
八上英语第一次月考包头市,1,1
八上英语第二单元作文,3,1
八上英语第二单元试卷,1,1
八上英语背诵资料,2,1
八上英语背诵资料第一单元人教版,1,1
八上英语词转,1,1
八上英语语法,6,1
八上英语语法点,1,1
八上英语重点单词默写,2,1
八上计算专题人教版,1,1
八上计算题,1,1
八上词性转换,2,1
八上词性转换背诵吧,1,1
八上词性转换背诵版,1,1
八上译林单词表,1,1
八上译林版英语单词默写,2,1
八上译林版英语单词默写表格,1,1
八上语文,2,1
八上语文书,1,1
八上语文书电子版,5,1
八上语文半期试卷,2,1
八上语文单元测试,1,1
八上语文单元测试安徽省合肥市蜀山区,1,1
八上语文古诗词古文基础知识,2,1
八上语文平遥,4,1
八上语文教材,3,1
八上语文新教材,2,1
八上语文月考沈阳,1,1
八上语文月考渝中区,1,1
八上语文月考盘锦,2,1
八上语文月考试卷,1,1
八上语文期中,1,1
八上语文期中考试,1,1
八上语文期末考试,2,1
八上语文状物散文,3,1
八上语文状物散文阅读专项,2,1
八上语文状物散文阅读理解专项,3,1
八上语文第一二单元,1,1
八上语文范文,2,1
八上语文范文游记,1,1
八上语文议论文阅读专项,5,1
八上语文部编版文学常识,3,1
八上语文阅读理解,3,1
八上辽宁月考,2,1
八上辽宁第一次月考英语,1,1
八上辽宁第一次月考语文,4,1
八上近几年勾股定理测试卷数学及答案,2,1
八上近几年期末测试卷数学及答案,1,1
八上道法第二单元习题,4,1
八上重庆实验外国语学校试卷,1,1
八上预习英语,1,1
八上预科物理试卷,2,1
八下 数学 2026期末测试 卷,1,1
八下 数学2025 26期末测试,1,1
八下 数学2025 26期末测试 卷,1,1
八下 期末测试卷化学,3,1
八下 期末测试卷湖南永州,2,1
八下 期末测试卷湖南永州语文文昌,1,1
八下 期末测试卷物理,7,1
八下 物理 2025 26期末测试 卷河北,1,1
八下 物理 2025 26期末测试 卷漳州,3,1
八下 英语 2026期末测试 卷,3,1
八下 英语2025 26期末测试 卷,1,1
八下 英语期末测试卷,1,1
八下 语文期末测试卷,3,1
八下2026期末英语,1,1
八下2026期末英语人大附,1,1
八下2026期末英语人大附中,1,1
八下2026期末英语西城,1,1
八下人教数学竞赛,2,1
八下人教版代数综合题,1,1
八下人教版几何综合题,1,1
八下人教版数学几何综合题,3,1
八下人教版数学期末质量检测试卷2026,2,1
八下人教版无刻度尺网格做图题,1,1
八下仁爱,1,1
八下仁爱单词表,2,1
八下优翼学练优数学周测,2,1
八下优翼数学周测,2,1
八下内江市地理,2,1
八下内江市物理,1,1
八下几何大题,2,1
八下化学期末,6,1
八下北京英语期末试卷,1,1
八下历史 期末测试卷天津,8,1
八下历史解说词,1,1
八下历史解说词1-5,2,1
八下历史选择,2,1
八下古诗文默写,3,1
八下四边形,2,1
八下因式分解计算题练习题,1,1
八下大考物理试卷2025年,3,1
八下平行四边形专练,2,1
八下平面直角坐标系大题,3,1
八下数学 2026 人教版期末,3,1
八下数学 2026 北师大版期末,3,1
八下数学三角形的中位线压轴,1,1
八下数学三角形的中位线压轴人教版新教材,1,1
八下数学专题训练,1,1
八下数学书,1,1
八下数学北师大版,2,1
八下数学期末罗湖区,2,1
八下数学期末考试兰州,3,1
八下数学期末考试卷湖南永州,1,1
八下数学期末考试湖南永州,1,1
八下数学期末试卷河南平顶山叶县,2,1
八下数学计算易错题,2,1
八下数学遂宁期末,1,1
八下数学锦上添花专项突破与巩固4,1,1
八下数学陕西,5,1
八下数学，万州期末数学考试。,2,1
八下无棣县期末考试试卷数学,2,1
八下无锡期中物理试卷2025年,1,1
八下无锡期中物理试卷2025年学易金卷,2,1
八下期末数学试卷,1,1
八下期末测试卷化学,1,1
八下期末测试卷化学 泰安市,1,1
八下期末考试卷湖南永州数学,1,1
八下江苏期中物理试卷2025年学易金卷,1,1
八下泰安市新泰市语文期末考试五四制2026,1,1
八下泰安市语文期末考试五四制2026,3,1
八下滨州英语期末卷邹平,2,1
八下滨州语文期末卷,2,1
八下滨州语文期末卷邹平,1,1
八下物理七八章,1,1
八下物理七八章题,2,1
八下物理七章题,1,1
八下物理受力分析作图专题,3,1
八下物理受力分析作图专题人教版,6,1
八下物理月考沈阳,2,1
八下物理沪科版单元测试卷,2,1
八下物理济宁市试卷,5,1
八下物理济宁市试卷期末复习,2,1
八下物理知识点背诵,4,1
八下物理竞赛题,1,1
八下物理第一单元,2,1
八下物理第七章题,2,1
八下物理简单机械,2,1
八下物理简单机械专题练,1,1
八下物理试卷期末,4,1
八下物理青岛市莱西市,2,1
八下特殊四边形证明题30道,3,1
八下第二单元语文,4,1
八下芝罘区烟台,1,1
八下英语 2026 人教版期末,1,1
八下英语人机对话听力,2,1
八下英语单元卷,1,1
八下英语单词,6,1
八下英语单词表,1,1
八下英语完型填空,1,1
八下英语期末题鲁教版,6,1
八下英语语法填空,1,1
八下英语语法填空人教版,1,1
八下英语长沙,2,1
八下英语阅读理解,2,1
八下英语陕西,1,1
八下英语鲁教版期末新题型,1,1
八下英语鲁教版期末考试,3,1
八下记叙文阅读,1,1
八下诗,1,1
八下语文 江汉区期末,4,1
八下语文北京朝阳,2,1
八下语文期末试卷,2,1
八下语文襄阳市统考,1,1
八下语文陕西,1,1
八下道德与法治 第四单元 走近国家机构 思维导图 复习课件,3,1
八下道法期末复习,5,1
八下道法期末试卷,4,1
八下鄂伦春自治旗数学,2,1
八下鄂伦春自治旗期末数学,1,1
八下锦上添花专项突破与巩固4,2,1
八下陵城区,2,1
八中 重化学开学考庆,1,1
八中 重庆2026七年级下册期末考试卷,1,1
八中 重庆周考,1,1
八中 重庆物理,1,1
八中九上,1,1
八中九上数学,1,1
八中二模重庆,2,1
八中初一,1,1
八中化学月考,1,1
八中开学考,1,1
八中数学,2,1
八中期中数学,2,1
八中重庆高一上月考,1,1
八区联考高一下,1,1
八区联考高一下广州,2,1
八区联考高一下广州英语,1,1
八区联考高一下广州语文,1,1
八十三中,1,1
八十中,1,1
八十二中,1,1
八升1力,1,1
八升九 2025年新八年级数学暑期衔接讲义,1,1
八升九 家长会 2026课件,2,1
八升九 物理每日一练,1,1
八升九物理暑假衔接测试卷,5,1
八升九英语试卷,4,1
八升九预习篇,5,1
八大元素方程式,5,1
八年上册生物知识点,1,1
八年上册生物知识点人教版,2,1
八年极,1,1
八年极一次函数,1,1
八年极一次函数范围问题,11,1
八年級 2025 2026年下册期末考试数学,3,1
八年級 2026年下册期末考试数学,1,1
八年級 下册数学2025 2026期末考试真题卷,2,1
八年級下册物理 2025 2026年期末考试,1,1
八年级 2025 2026年绿色指标,2,1
八年级 上册 英语单词表,2,1
八年级 上册历史026知识清单,1,1
八年级 下册,1,1
八年级 下学期 期末 佛山 物理,2,1
八年级 几何 数学 练习题,3,1
八年级 期末 测试卷,1,1
八年级 期末 测试卷河北,1,1
八年级 物理,2,1
八年级 第1次月考,1,1
八年级 试卷语文,1,1
八年级 语文,1,1
八年级10月,2,1
八年级12月份学业水平评估,5,1
八年级26期末语文,3,1
八年级一元二次方程计算题专项练习,1,1
八年级一次函数单元专题复习,1,1
八年级一次函数题型总结,1,1
八年级上人教版第一单元测试卷,1,1
八年级上人教版第一单元测试卷济宁鱼台,1,1
八年级上册 海港区 期中考试,2,1
八年级上册 海港区 期未考试,1,1
八年级上册 第一次月考,2,1
八年级上册 计算题专项,2,1
八年级上册一单元单词卷,6,1
八年级上册一单元同步练,1,1
八年级上册一单元因式分解,5,1
八年级上册专题一丰富的社会生活,2,1
八年级上册二次根式混合运算,1,1
八年级上册二次根式混合运算北大师版,2,1
八年级上册人教版地理知识点,1,1
八年级上册人教版数学第1单元试卷,3,1
八年级上册人教版物理期末考试题,1,1
八年级上册人教版物理期末试卷,2,1
八年级上册人教版物理第一单元测试题,1,1
八年级上册人教版生物,1,1
八年级上册人教版生物知识点,1,1
八年级上册人教版英语书电子版,1,1
八年级上册人教版道法知识提纲,5,1
八年级上册作文,4,1
八年级上册冀教版地理知识点,1,1
八年级上册冀教版第一单元单词短语训练,3,1
八年级上册几何图形的专题,2,1
八年级上册北师大版数学月考试卷,2,1
八年级上册历史复习提纲,2,1
八年级上册历史必考点易错点和重点新教材人教版,3,1
八年级上册历史知识点,1,1
八年级上册历史知识点汇总,2,1
八年级上册古诗词专项练习,2,1
八年级上册同步练,1,1
八年级上册地理必考点易错点和重点,1,1
八年级上册地理必考点易错点和重点新教材,3,1
八年级上册地理必考点易错点和重点新教材人教版,2,1
八年级上册地理知识清单人教版,4,1
八年级上册天津期中,1,1
八年级上册小四门论证题专项,2,1
八年级上册教材,1,1
八年级上册数学123张试卷,1,1
八年级上册数学13 1章三角形的概念的题,2,1
八年级上册数学13章三角形的知识点复习人教版,1,1
八年级上册数学13章人教版,2,1
八年级上册数学13章人教版第二节,5,1
八年级上册数学14章全等三角形难题,1,1
八年级上册数学三角形的习题,6,1
八年级上册数学书课后习题,1,1
八年级上册数学人教版14.2.2,1,1
八年级上册数学人教版14.2.2练习题,2,1
八年级上册数学人教版14章2.2,1,1
八年级上册数学人教版全等三角形,1,1
八年级上册数学人教版全等三角形的判定,2,1
八年级上册数学冀教版全等题,2,1
八年级上册数学北师大版最新版本,3,1
八年级上册数学北师大版第一单元试卷,1,1
八年级上册数学北师大版第二单元试卷,1,1
八年级上册数学北师大版薛城区期中试卷,2,1
八年级上册数学华东师大版，第十章的思维导图,2,1
八年级上册数学垂直平分线的性质人教版,2,1
八年级上册数学幂的乘方练习,1,1
八年级上册数学张家口市桥西区,2,1
八年级上册数学提公因式分解单元测试卷,2,1
八年级上册数学整式的乘法单元测试卷,1,1
八年级上册数学期中考试,1,1
八年级上册数学期末,2,1
八年级上册数学期末卷,1,1
八年级上册数学期末考试,2,1
八年级上册数学江苏省泰州市海陵区第一次月考试卷,2,1
八年级上册数学点拨,1,1
八年级上册数学竞赛试卷,3,1
八年级上册数学等边三角形人教版,1,1
八年级上册数学等边三角形提高人教版,1,1
八年级上册数学练习册,5,1
八年级上册数学试卷北师大版,5,1
八年级上册数学课本北师大版最新版本,7,1
八年级上册数学课本电子版,4,1
八年级上册数学轴对称,2,1
八年级上册数学轴对称垂直平分线平分,4,1
八年级上册数学轴对称垂直平分线平分人教版,3,1
八年级上册新教材历史小论文,9,1
八年级上册月考试卷,1,1
八年级上册期中物理,3,1
八年级上册期中考试英语山东济南,2,1
八年级上册期中语法填空和单词拼写,2,1
八年级上册期末压轴题人教版,2,1
八年级上册期末复习提纲生物人教版,4,1
八年级上册期末数学,3,1
八年级上册期末真题卷,1,1
八年级上册期末考试英语山东济南,1,1
八年级上册期末试卷郑州,2,1
八年级上册期??考试英语山东济南,1,1
八年级上册沪科版物理第一单元测试题,2,1
八年级上册物理 教科版,1,1
八年级上册物理1.3,2,1
八年级上册物理书,1,1
八年级上册物理人教版第一二章检测卷,1,1
八年级上册物理人教版第一章卷,7,1
八年级上册物理北师大版第二章检测卷,1,1
八年级上册物理十八中,1,1
八年级上册物理参照物练习题,1,1
八年级上册物理启蒙预习卷人教版同步,3,1
八年级上册物理月考十八中,2,1
八年级上册物理月考试卷,1,1
八年级上册物理期末考,6,1
八年级上册物理深圳市,1,1
八年级上册物理深圳市罗湖区,2,1
八年级上册物理第1单元,1,1
八年级上册物理第1章,3,1
八年级上册物理第1章测试,2,1
八年级上册物理第2单元升学较难测试试卷,5,1
八年级上册物理第2单元声音学较难测试试卷,1,1
八年级上册物理第一章,1,1
八年级上册物理第一章填空题,3,1
八年级上册物理第一章速度计算,2,1
八年级上册物理第三次月考,2,1
八年级上册物理第二章,2,1
八年级上册物理第二章声音笔记,2,1
八年级上册物理第人教版二章考试试卷,1,1
八年级上册物理第四章,2,1
八年级上册物理第四章第一节,5,1
八年级上册物理蕉岭,1,1
八年级上册生物人体对营养物质的获取活动苏科版,5,1
八年级上册生物人体的生理活动,2,1
八年级上册生物人体的生理活动苏科版,1,1
八年级上册生物易金卷,1,1
八年级上册生物济南出版社预习视频,1,1
八年级上册生物知识点,1,1
八年级上册生物第三章测试卷,2,1
八年级上册电学,2,1
八年级上册的人教版英语前四单元的作文范文,2,1
八年级上册福建省南平市建阳区物理期中,2,1
八年级上册福建省南平市建阳区物理期中考试,2,1
八年级上册科学第二章浙教版,2,1
八年级上册第1单元测试卷,2,1
八年级上册第1单元测试卷数学,1,1
八年级上册第1单元测试卷数学济宁,1,1
八年级上册第1单元物理卷，沪粤版,3,1
八年级上册第1章机械运动单元自测卷,2,1
八年级上册第1章机械运动单元自测卷物理,1,1
八年级上册第一单元语文测试卷,4,1
八年级上册第一次月考山东省聊城市临清市物理,2,1
八年级上册第一章全等三角形苏科版,1,1
八年级上册第一章苏科版,3,1
八年级上册第五章,1,1
八年级上册第五章苏科版,2,1
八年级上册英语1 8单元单词表,7,1
八年级上册英语人教版阅读理解,3,1
八年级上册英语仁爱版,2,1
八年级上册英语仁爱版比较级最高级,1,1
八年级上册英语仁爱版比较级最高级背诵大纲,2,1
八年级上册英语单词表第四单元上海教育出版社出版,4,1
八年级上册英语单词音频,1,1
八年级上册英语外研版,1,1
八年级上册英语必背短语,2,1
八年级上册英语期中,2,1
八年级上册英语电子版书,4,1
八年级上册英语福建单元测试,1,1
八年级上册英语试卷,2,1
八年级上册英语语法选择,3,1
八年级上册英语音频,1,1
八年级上册语文人教版电子书,1,1
八年级上册语文第一课,5,1
八年级上册赣州市章贡区语文期中考试,2,1
八年级上册，数学期末卷,1,1
八年级上压轴题,1,1
八年级上压轴题数学,1,1
八年级上古诗,4,1
八年级上学期undefined,1,1
八年级上学期广东惠州数学期末,3,1
八年级上学期广东数学期末,1,1
八年级上学期广东物理,3,1
八年级上学期惠州语文期末,1,1
八年级上学期期中卷,1,1
八年级上学期英语单词,2,1
八年级上学期英语外研版,1,1
八年级上学期英语广东期末,1,1
八年级上学期英语月考,2,1
八年级上学期英语测试,1,1
八年级上学期道法期末,2,1
八年级上数学全等三角形,1,1
八年级上数学压轴题,2,1
八年级上数学河北省冀教版PPT,3,1
八年级上月考卷数学,1,1
八年级上期中考试语文吉林市,2,1
八年级上物理精析巧练,1,1
八年级上第一次月考英语,2,1
八年级上英语外研社,2,1
八年级上英语外研社单元语法,2,1
八年级上英语外研社单元语法易错,2,1
八年级上英语外研社语法串讲,1,1
八年级上英语外研社语法练习,2,1
八年级下 语文期末,1,1
八年级下册 江西数学期末测试卷,2,1
八年级下册 英语期末测试卷,1,1
八年级下册20252026开州区数学期末试卷,7,1
八年级下册2025到20268年级下册物理期末考试人教版山东临沂市山东省临沂市兰陵县二,2,1
八年级下册2025到20268年级下册物理期末考试人教版山东临沂市山东省临沂市兰陵县二亼答案,2,1
八年级下册2025到20268年级下册物理期末考试人教版山东临沂市山东省临沂市兰陵县答案答案答案答案,1,1
八年级下册2025到20268年级下册物理期末考试人教版山东临沂市山东省临沂市兰陵县答案答案答案答案答案,1,1
八年级下册2025到20268年级下册语文期末考试人教版山东临沂市山东省临沂市兰陵县二亼答案,2,1
八年级下册2025到2026语文期中考试试卷山东省兰陵县临沂市,2,1
八年级下册2025到2026语文期中考试试卷山东省兰陵县临沂市答案,3,1
八年级下册2025到2026语文期末考试试卷山东省兰陵县临沂市答案,1,1
八年级下册2025到2026语文期末考试试卷山东省兰陵县临沂市答案答案,1,1
八年级下册2026年期末试卷昆都仑区,1,1
八年级下册2026年金平区汕头市,3,1
八年级下册专题数学人教版,2,1
八年级下册专题数学人教版试卷,3,1
八年级下册中考英语听力,3,1
八年级下册人教版数学单元卷,1,1
八年级下册人教版数学单元卷勾股定理,1,1
八年级下册人教版数学单元卷四边形,1,1
八年级下册函数专项真题卷,1,1
八年级下册动点最值问题,1,1
八年级下册北师大版期末试卷,1,1
八年级下册历史,4,1
八年级下册历史2026贵阳市期末试卷,2,1
八年级下册历史复习,2,1
八年级下册历史期末考试试卷,1,1
八年级下册历史期末考试试卷2026,1,1
八年级下册历史期末考试试卷2026雅系,1,1
八年级下册因式分解,1,1
八年级下册因式分解练习题,2,1
八年级下册因式分解计算题,1,1
八年级下册地理期末考试,4,1
八年级下册坷坦学校第一次月考卷2025,2,1
八年级下册平行四边形,4,1
八年级下册提升卷,2,1
八年级下册数学,1,1
八年级下册数学 单元基础检测,6,1
八年级下册数学 期末测试卷,6,1
八年级下册数学 芸熙百分,4,1
八年级下册数学 芸熙百分洛阳市,2,1
八年级下册数学2026贵阳市期末试卷,1,1
八年级下册数学书人教版,1,1
八年级下册数学二次根式专项练,1,1
八年级下册数学人教版,1,1
八年级下册数学分式,2,1
八年级下册数学分式的性质,5,1
八年级下册数学分式的运算,1,1
八年级下册数学华东师大版期末模拟免费卷,2,1
八年级下册数学华师大,1,1
八年级下册数学华师大分式,1,1
八年级下册数学华师大分式的性质,4,1
八年级下册数学南昌一中期末考试卷,2,1
八年级下册数学压轴题专项练习几何,1,1
八年级下册数学完全平方和平方差计算题,5,1
八年级下册数学期末北京市,2,1
八年级下册数学期末赣州,2,1
八年级下册数学期末题泰安泰山,2,1
八年级下册数学期末题泰安肥城,3,1
八年级下册数学期末题济南历城,2,1
八年级下册数学期末题济南高新,2,1
八年级下册数学清单练测一体化复习专册,5,1
八年级下册数学课前讲义,2,1
八年级下册数学难题,3,1
八年级下册期末宁德市2025~2026试题数学,1,1
八年级下册期末综合试卷辽宁的,2,1
八年级下册期末考卷,1,1
八年级下册期末试卷,1,1
八年级下册期末试卷 2026,1,1
八年级下册期末试卷数学北师大,2,1
八年级下册汕头市金平区2025-2026道德与法治试卷,1,1
八年级下册物理人教版期中试卷,1,1
八年级下册物理人教版期中试卷山东省兰陵县临沂市,1,1
八年级下册物理北师大版期末试卷,2,1
八年级下册物理卷,2,1
八年级下册物理期末卷,1,1
八年级下册物理期末复习,2,1
八年级下册物理期末题泰安泰山,2,1
八年级下册物理期末题泰安肥城,2,1
八年级下册物理期末题济南历城,2,1
八年级下册物理期末题济南市中区,1,1
八年级下册物理期末题济南高新,2,1
八年级下册物理期末题济南高新区,1,1
八年级下册物理浮力练习,1,1
八年级下册物理浮力练习卷,1,1
八年级下册物理第7章,6,1
八年级下册物理第7章 和牛顿第一定律,2,1
八年级下册物理第七章,3,1
八年级下册物理第九章,1,1
八年级下册物理第十章,1,1
八年级下册物理第十章浮力,1,1
八年级下册物理计算专题训练,3,1
八年级下册物理计算专题训练重力,2,1
八年级下册生地会考开题开卷考试真题,1,1
八年级下册第二十一章四边形,1,1
八年级下册英语,3,1
八年级下册英语2026年期末试卷,1,1
八年级下册英语卷子2026,3,1
八年级下册英语期中考南雄,1,1
八年级下册英语期末考试试卷长沙市明德,3,1
八年级下册英语期末题泰安泰山,1,1
八年级下册英语期末题泰安肥城,3,1
八年级下册英语语法填空专项练习,2,1
八年级下册计算专项练习,1,1
八年级下册语文 古诗文默写专项练习,1,1
八年级下册语文期末考考试巨野,1,1
八年级下册语文期末考试卷 贵阳市南明区,1,1
八年级下册语文期末阜平,1,1
八年级下册青海期末试卷西宁市2026年,3,1
八年级下几何模型,3,1
八年级下北京数学,3,1
八年级下口算,5,1
八年级下学期中考模考,1,1
八年级下学期周周练02第19章,1,1
八年级下学期数学期末试卷,1,1
八年级下学期期末物理,3,1
八年级下学期期末考物理,1,1
八年级下学期期末考物理湖北,3,1
八年级下数学期末,1,1
八年级下期末物理,2,1
八年级下物理,1,1
八年级下物理 期末测试卷,3,1
八年级下物理期末,1,1
八年级下英语期末卷,2,1
八年级二次函数压轴答题,3,1
八年级二次函数压轴答题数学,1,1
八年级人教版上册物理期末测试,2,1
八年级仁爱版,1,1
八年级仁爱版知识清单,6,1
八年级免费卷子,1,1
八年级全一册,2,1
八年级全一册物理,1,1
八年级全一册物理测试题,3,1
八年级全等三角形练习,2,1
八年级内江市,5,1
八年级功与简单机械,1,1
八年级功的计算,1,1
八年级化学上试卷,1,1
八年级北师大第一单元,1,1
八年级单元考,2,1
八年级古诗,1,1
八年级古诗文默写,6,1
八年级听力,2,1
八年级听力云南省,2,1
八年级地理2026,1,1
八年级地理课本,1,1
八年级天津试卷,1,1
八年级天津试卷英语,1,1
八年级好词好句分类摘抄,1,1
八年级强基卷,4,1
八年级强基卷物理,1,1
八年级快乐暑假答案,1,1
八年级拔高卷,2,1
八年级拔高卷wull物理,1,1
八年级数学 期末测试卷,1,1
八年级数学HL和角平分线性质练习人教版,2,1
八年级数学HL练习人教版,1,1
八年级数学一次函数大题,2,1
八年级数学上学期第一次月考卷,3,1
八年级数学专项基础计算,1,1
八年级数学专项计算,2,1
八年级数学二次根式专项练习,2,1
八年级数学人教版综合,2,1
八年级数学全等三角形练习题,1,1
八年级数学卷子,1,1
八年级数学压轴题,1,1
八年级数学压轴题专项练习,4,1
八年级数学压轴题偏难,1,1
八年级数学压轴题特训,1,1
八年级数学压轴题特训，总复习,3,1
八年级数学培优题,4,1
八年级数学基础计算,2,1
八年级数学复习,2,1
八年级数学情境题,1,1
八年级数学新课预习,2,1
八年级数学沪科,1,1
八年级数学沪科版下册19＿20,3,1
八年级数学沪科版电子版的教材,1,1
八年级数学知识点挖空,2,1
八年级数学竞赛入门诊断,1,1
八年级数学竞赛题,5,1
八年级数学第一单元,1,1
八年级数学第一课,1,1
八年级数学等腰三角形典型练习人教版,2,1
八年级数学等腰三角形性质和判定典型练习人教版,2,1
八年级数学难题,1,1
八年级日语,3,1
八年级暑假,1,1
八年级暑假数学,1,1
八年级暑假语文作业,2,1
八年级暑假语文自主学习规划指导,9,1
八年级最值问题,1,1
八年级月考,7,1
八年级期末数学卷子,1,1
八年级期末考试,1,1
八年级期末考试的,4,1
八年级期末试卷,2,1
八年级期末试卷物理,1,1
八年级核心语法,4,1
八年级根式计算,2,1
八年级欢乐暑假答案,2,1
八年级济南地理结业考试,2,1
八年级温度物理题,2,1
八年级物理上册期中考 苏科版,2,1
八年级物理上册苏科版,2,1
八年级物理上册试卷,5,1
八年级物理上学期期中模拟卷,2,1
八年级物理上学期期中模拟卷天津,2,1
八年级物理人教版,1,1
八年级物理人教版期末考试,2,1
八年级物理人教版题,4,1
八年级物理八下期末试卷汉寿2026,1,1
八年级物理力学,1,1
八年级物理单元,1,1
八年级物理单元卷,1,1
八年级物理压轴题特训,2,1
八年级物理培,1,1
八年级物理培优,2,1
八年级物理天津和平区期末考试,4,1
八年级物理学科期中考试试卷,7,1
八年级物理拔高卷沃土计划,2,1
八年级物理拔高卷湖南,1,1
八年级物理期末,1,1
八年级物理期末沪科版,2,1
八年级物理期末试卷汉寿2026,2,1
八年级物理沪科版运动的世界,2,1
八年级物理浮力,5,1
八年级物理练习,2,1
八年级物理衡水,1,1
八年级物理计算,1,1
八年级物理试卷,1,1
八年级物理黄冈,1,1
八年级生地会考开卷真题卷,1,1
八年级生物,2,1
八年级生物2026,2,1
八年级生物中考试卷2026,1,1
八年级生物结业考试,1,1
八年级直升班选拔考试,12,1
八年级真题作文,5,1
八年级竞赛,9,1
八年级第1次月考普宁,1,1
八年级第一学期单元考,1,1
八年级第二学期单元考,1,1
八年级统考卷,1,1
八年级自招真题,1,1
八年级花都区物理八上期末试卷,4,1
八年级英语云南,2,1
八年级英语云南听力,2,1
八年级英语写,1,1
八年级英语单词,2,1
八年级英语单词短语默写专项,1,1
八年级英语单词背诵及默写单 上册 人教版,1,1
八年级英语听力专项训练,3,1
八年级英语暑假分层练习,4,1
八年级英语月考考试,1,1
八年级英语科普版,1,1
八年级英语课文,2,1
八年级英语课文朗读,2,1
八年级英语重点短语,7,1
八年级英语音频,2,1
八年级计算专项练习,1,1
八年级计算题,1,1
八年级语文  语段修改专项,2,1
八年级语文 古诗文默写专项练习,1,1
八年级语文上册三峡练习题,1,1
八年级语文好词好句分类摘抄,1,1
八年级课件,4,1
八年级课本,1,1
八年级贯通考试,8,1
八年级近代历史人物扑克牌,2,1
八年级道德与法治 单元基础过关填空,1,1
八年级道法大题答题技巧,1,1
八年级高分突破,1,1
八斗九年级化学上册期中试卷,1,1
八月,4,1
八月摸底考,9,1
八月第一次市质检,2,1
八校联考,4,1
八省 12月 联考 2026,2,1
八省八校,1,1
八省统一联考,5,1
八省统考数学,1,1
八省联考12月,1,1
八省联考T8,1,1
八省联考化学,1,1
八省联考第1套,1,1
八省联考英语,2,1
公主岭,1,1
公主岭一中2025-2026年新高一开学考试卷数学，,2,1
公主岭一中高一期末试卷2026,1,1
公主岭七年级上,1,1
公主岭市八下,1,1
公主岭市八下期末,2,1
公交船,2,1
公共基础,1,1
公共英语二级,1,1
公切线,2,1
公务员,4,1
公开 课,1,1
公式,1,1
公式汇总,3,1
公衢江区共基础,1,1
六 年级 下册 期末2026数学,2,1
六三制分数乘法练习,2,1
六上元调,2,1
六上同步精品上好课系列,2,1
六上数学北师大圆的周长基础训练,2,1
六上数学模拟卷,7,1
六上期中数学,1,1
六上第一单元北师大单元卷,2,1
六上第二单元,1,1
六上英语单词表,2,1
六上英语外研版三起点Unit3的练习题,1,1
六上英语第一单元培优课前测,1,1
六上英语第一单元译林版,1,1
六上语文,1,1
六上语文 2026新教材人教,2,1
六上语文草原,1,1
六上课外文言文,3,1
六下分班考试英语,2,1
六下升学考铜山区,2,1
六下富阳区期末试卷数学,1,1
六下富阳区期末试卷科学,1,1
六下富阳区期末试卷语文,1,1
六下山东省青岛市期末数学,1,1
六下译林版英语语法,2,1
六下译林版英语语法汇总,1,1
六十中学,1,1
六升七,2,1
六升七数学第一单元测试,3,1
六国论,4,1
六安一中,3,1
六安中考,2,1
六安九中初二期末考试,2,1
六安二中,4,1
六安市叶集区十校2024~20258上物理期中试题,1,1
六安市新安中学,2,1
六安市汇文中学汇文学校2025~20268上物理期中试题,1,1
六安市第一中学东校区,2,1
六安市第九中学,1,1
六安市第九中学2025~20268上物理期中试,1,1
六安市舒城县部分学校联考11月份物理期中测试卷,1,1
六安市金安区六安皋城中学 2024~20258上物理期中试题,1,1
六安第九中学初二期末考试,1,1
六年下期末,1,1
六年級 2025 2026年下学期期末,2,1
六年級数学2025 2026年第二学期期末复习,1,1
六年级 数列,6,1
六年级 数学,1,1
六年级 数学计算机,1,1
六年级 期末,1,1
六年级 百分数,2,1
六年级七彩语文答案,2,1
六年级上,2,1
六年级上。人教版数学S 班模拟卷,7,1
六年级上下册数学真题卷,2,1
六年级上人教,2,1
六年级上册1 6单元知识点梳理,1,1
六年级上册人教版数学期中测试卷,13,1
六年级上册人教版英语课本,1,1
六年级上册北师大数学,2,1
六年级上册外研版英语,1,1
六年级上册外研版英语第二模块课时练,1,1
六年级上册数学分式除法,2,1
六年级上册数学分式除法的常考例题,6,1
六年级上册数学期中,1,1
六年级上册数学期中 卷,17,1
六年级上册数学期末考试临沂,2,1
六年级上册数学知识点,1,1
六年级上册数学知识点公式,1,1
六年级上册数学第一单元,2,1
六年级上册数学第一单元漳州,1,1
六年级上册数学第三单元比的练习题,2,1
六年级上册数学试卷,2,1
六年级上册数学试卷成都,1,1
六年级上册新苏教版,1,1
六年级上册新苏教版数学同步,1,1
六年级上册新苏教版数学同步2026,4,1
六年级上册期末,1,1
六年级上册期末数学,1,1
六年级上册期末数学广东,2,1
六年级上册期末数学广东东莞,3,1
六年级上册沪教版第一单元试卷,4,1
六年级上册百分数同步,2,1
六年级上册第一单元语文,2,1
六年级上册英语外研三起点练习题,4,1
六年级上册英语外研版第二模块综合测试题,1,1
六年级上册英语外研社同步练习册,1,1
六年级上册语文,4,1
六年级上册语文的期末复习梳理卷,4,1
六年级上册语文第一单元,1,1
六年级上册语文草原,3,1
六年级上册语文草原练习,1,1
六年级上册语文课本,2,1
六年级上学期升学模考,1,1
六年级上学期期中,1,1
六年级上学期英语期中试卷,1,1
六年级上期末生物试题,1,1
六年级上语文,1,1
六年级下,2,1
六年级下册 语文 期末测试卷,1,1
六年级下册pep,1,1
六年级下册分班嘉祥,1,1
六年级下册分班试卷嘉祥,3,1
六年级下册北师大版数学书知识点,2,1
六年级下册外研版英语单词表,5,1
六年级下册安徽省 淮北市 濉溪县 宋庙镇 数学试卷,1,1
六年级下册安徽省期末 淮北市 濉溪县 宋庙镇 数学试卷,2,1
六年级下册常考的解决问题行程问题工程问题,2,1
六年级下册常考的解决问题行程问题工程问题真题,1,1
六年级下册数学期末2026,1,1
六年级下册数学期末2026山东,6,1
六年级下册数学期末人教版,1,1
六年级下册数学期末人教版临沂,1,1
六年级下册数学期末人教版临沂2026,1,1
六年级下册数学期末人教版山东,1,1
六年级下册数学期末卷,1,1
六年级下册数学期末哦,1,1
六年级下册数学期末统考卷吴兴区,2,1
六年级下册数学期末试卷周期题,1,1
六年级下册期末考试,2,1
六年级下册期末试卷,2,1
六年级下册英语,1,1
六年级下册语文期末测试卷,1,1
六年级五四制历史,2,1
六年级人教版,2,1
六年级冀教版数学练习册,1,1
六年级分班考试卷,1,1
六年级北师大,1,1
六年级北师大上册,4,1
六年级口算,3,1
六年级小学复习试卷,6,1
六年级数学竞赛,1,1
六年级数学黄冈,2,1
六年级期末成绩,1,1
六年级期末数学,8,1
六年级期末英语,2,1
六年级期末试卷,2,1
六年级松江,3,1
六年级科普版英语六年级第一学期期中考试,1,1
六年级竞,3,1
六年级脱式计算,1,1
六年级英语总复习四大时态练习,2,1
六年级计算题小升初计算题,2,1
六年级计算题数学小升初计算题,1,1
六年级计算题练习,2,1
六年级语文第一单元,2,1
六年级青岛版六三制计算题,1,1
六年纪上册分比应用题,1,1
六库中学,1,1
六校联考2026黑龙江高一下学期,1,1
六校联考新高一,2,1
六校联考高一,5,1
六盘山,3,1
六盘山英语,1,1
六盘山高级中学,2,1
六盘水,2,1
六盘水市2024 2025学年度第二学期期末质量监测高二年级语文试卷,1,1
六盘水市2025 2026学年度第二学期期末质量监测高二年级语文试卷,2,1
六盘水市2026年7年级数学质量监测试卷,2,1
六盘水市六枝特区期末考试七年级数学,1,1
六盘水市第二中学,2,1
六盘水市第十二中学期末,1,1
六盘水物理,2,1
六盘水钟山区2026年六年级下英语期末试卷,5,1
六盘英语,1,1
六级25年真题,1,1
六级英语,1,1
六选五,1,1
六选五 100篇 七年级上,3,1
六选五七年级上,1,1
六都,2,1
兰亭集序,1,1
兰亭集序理解性默写,1,1
兰化一中,2,1
兰坪一中,1,1
兰坪一中开学考,1,1
兰坪县第一中学开学考,1,1
兰坪白族普米族自治县第一中学高一开学考,1,1
兰大附中2023-2024高一上数学期中考试试卷理期中考试试卷真题,1,1
兰大附中高一上数学期中考试试卷理期中考试试卷真题,3,1
兰州一中,1,1
兰州三中,4,1
兰州中考2026真题答案,1,1
兰州九十九中,1,1
兰州五十一中,2,1
兰州八十二中,4,1
兰州六十一中,3,1
兰州六十四中,2,1
兰州华侨,3,1
兰州外国语高级中学,2,1
兰州外国语高级中学期末,1,1
兰州市七年级下册期末数学试卷,2,1
兰州市外国语学校,1,1
兰州新区高级中学,6,1
兰州西北中学分班考,1,1
兰生复旦,2,1
兰考一高五县高一期末考试物理试卷,1,1
兰考县,2,1
兰考县七年级,2,1
兰考县八年级,2,1
兰陵,4,1
兰陵一中贯通班,2,1
兰陵县2025 2026学年度下学期期末数学质量调研,1,1
兰陵县七年级下册数学试卷,3,1
兰陵县中考英语试卷,3,1
兰陵县中考语文试卷,1,1
兰陵县八年级下册数学期末考试,6,1
兰陵县八年级下册数学试卷,2,1
兰陵县八年级下册英语期末考试,1,1
兰陵县八年级下册语文试卷,2,1
兰陵县八年级数学期末考试,1,1
兰陵县数学八上试卷,5,1
兰陵县数学八下试卷2024,2,1
兰陵县数学六下试卷2024,2,1
兰陵县数学六下试卷2026,1,1
兰陵县第一中学,1,1
兰陵县第一中学贯通班,2,1
兰陵县芦柞镇初级中学,1,1
兰陵县高一上数学期中,2,1
兰陵县高一上物理期中,1,1
兰陵贯通,3,1
共力点平衡,9,1
共和县中学,3,1
共点力的平衡,1,1
共点力的平衡专题,3,1
共点力的平衡及应用专题,1,1
共线定理,1,1
关于,2,1
关于一元二次不等式的那个单元的试卷,5,1
关于世界上重要国家的地理卷子,1,1
关于世界上重要国家的地理卷子高考,4,1
关于传播中国文化的主题英语作文80词左右,2,1
关于倍数的解决问题,1,1
关于复活的好句子,1,1
关于有理数,3,1
关于构成物质的微观粒子全部基础知识总结,1,1
关于牙医的阅读理解题,1,1
关于相似三角形的证明题,3,1
关于蛋白质是生命活动等我主要承担者,2,1
关于蛋白质是生命活动等我主要承担者的题,1,1
关于集合的所有知识点,5,1
关于集合的所有知识点数学,3,1
关联气体,2,1
关联词 2025专项训练题,2,1
关联速度 必修二,1,1
关联速度专题,4,1
关联速度问题必修二,2,1
关键词「全品作业本九年级物理全一册13章单元,2,1
兴业路实验学校,2,1
兴义一中,1,1
兴义一中开学考,4,1
兴义八中高一下学期期末试卷,1,1
兴义市2025至2026学年期末测试,4,1
兴义市第五中学,3,1
兴仁中学,1,1
兴化,2,1
兴化 七年级 地理 阶段性评价,3,1
兴化 七年级 政治 阶段性评价,1,1
兴化 七年级 语文 阶段性评价,2,1
兴化9月,4,1
兴化中学2025年高一1月考,1,1
兴化中学2025年高一月考,1,1
兴化中学2025年高一期末,1,1
兴化中学2025年高一物理月考,2,1
兴化中学2025年高二物理,1,1
兴化中学化学,2,1
兴化中学高一开学考,1,1
兴化中学高一物理,2,1
兴化八上苏教版生物背诵讲义,2,1
兴化市,1,1
兴化市七年级上册期末,1,1
兴化市第一中学,3,1
兴城,1,1
兴城2021八上期中考试物理,2,1
兴城2021八年级上期中考试物理,1,1
兴城2022九上期末考试数学,1,1
兴城2022九下期末考试物理,1,1
兴城2023一模物理,3,1
兴城一高中,2,1
兴城九上期中数学,2,1
兴城二中八年级上册真题,3,1
兴城市,2,1
兴城市2025-2026数学期末,1,1
兴城市高二上学期开学考,2,1
兴城市高级中学,1,1
兴宁一中,1,1
兴宁一中2024-2025高中开学考,1,1
兴宁一中2025开学考,2,1
兴宁一中高二期末,1,1
兴宁一中高二期末梅州市,3,1
兴宁市期末,1,1
兴安盟第十二中学,1,1
兴隆一中期末考物理卷子,4,1
兴隆县初一期末考试,2,1
兴隆县高一年级期末考试,2,1
兴隆县高一年级期末考试英语,2,1
兵二数学,1,1
其中,5,1
典中点 2026 电子版化学,1,1
典中点 2026 电子版化学试卷,1,1
典中点 化学试卷,4,1
典中点数学电子版,1,1
典型习题,2,1
典型电场叠加,2,1
典型电场，静电屏蔽,1,1
养士堡,2,1
养正中学八下期末英语试卷,1,1
养正分班考,1,1
养正分班考高一,1,1
兼善,2,1
兼善中学,1,1
冀州职教,1,1
冀州职教中心,2,1
冀教初一数学,1,1
冀教版20268八年级上册,1,1
冀教版2026版下册英语书,3,1
冀教版2026版英语七年级下册,1,1
冀教版2026版英语课本,3,1
冀教版6年级上册正定开元小学,5,1
冀教版8-12章易错题型,2,1
冀教版8年级宣化区下期末试卷,2,1
冀教版9年级,1,1
冀教版三至六年级英语单词,2,1
冀教版八上冀教版英语 Unit1 单词表 空白默写版,2,1
冀教版八上数学计算题,2,1
冀教版八上英语 Unit1 单词表 空白默写版,2,1
冀教版八年级上册生物易金卷,2,1
冀教版八年级上数学,2,1
冀教版八年级上数学PPT,4,1
冀教版八年级英语上册语法基础过关题,4,1
冀教版六年级上册字帖可打印,4,1
冀教版六年级下册升学真题英语,1,1
冀教版六年级下册升学真题英语学业质量监测,1,1
冀教版单词短语八年级上册第一单元,1,1
冀教版微课,1,1
冀教版英语八年级上册,1,1
内,1,1
内乡八年级2026期末卷,1,1
内乡县,2,1
内乡县2026年春期小学六年级期终语文综合素质测评卷,4,1
内力作用,2,1
内力作用与地表形态,1,1
内力公式,1,1
内师大附中高二9月份开学考,2,1
内师大附属阿拉善中学语文,1,1
内接法,1,1
内接法外接法,1,1
内江0模,1,1
内江0模2027届,1,1
内江2025 2026高一期末 下地理,2,1
内江2026中考地理,2,1
内江2026届零模考试,1,1
内江2026届零模考试化学,2,1
内江2026届零模考试语文,1,1
内江2027届零模,2,1
内江一中,4,1
内江一中期末,1,1
内江七下道德与法治期末试卷,2,1
内江中考2026,2,1
内江八下期末考数学,1,1
内江六中入学,1,1
内江六中创新班,2,1
内江六中试卷,2,1
内江六中高三半期考试卷,1,1
内江初二期末考试2026,5,1
内江市2023~2024高一下期末数学,2,1
内江市2024 2025学年度第二学期高一期末检测题,3,1
内江市2025 2026 1高一政治期末试题答案,1,1
内江市2026年地理试题,1,1
内江市2026年地理试题结业考试,5,1
内江市2026年高一下期末卷,1,1
内江市2026年高一下期末卷英语,1,1
内江市七年级上册期末,2,1
内江市中区2026年8年级下册期末试卷统考英语,2,1
内江市中考真题2026,2,1
内江市中考英语真题2026,2,1
内江市威远县 八年级上册 英语期末,3,1
内江市实验小学,1,1
内江市高一下册期末考,1,1
内江市高二上期末,2,1
内江翔龙中学高一分班考试卷,2,1
内江高一下期末地理,1,1
内环境与稳态,2,1
内环境的稳态单元,1,1
内环境的稳态章末,1,1
内能与热机练习题,1,1
内能单元测试卷,1,1
内能及其应用,1,1
内能和热机,6,1
内能和热量,1,1
内能的利用,2,1
内蒙古2024 2025学年高一下学期期末统考,2,1
内蒙古2026七年级,2,1
内蒙古2026中考英语,1,1
内蒙古2026中考语文,2,1
内蒙古2026八年级,1,1
内蒙古2026八年级下物理试题,1,1
内蒙古2026八年级期末,2,1
内蒙古2026生物,1,1
内蒙古2026高考化学,2,1
内蒙古2026高考政治,5,1
内蒙古七上期末,2,1
内蒙古七上期末数学,2,1
内蒙古七年级下学期期末,1,1
内蒙古中考2026,2,1
内蒙古中考英语,1,1
内蒙古中考语文,1,1
内蒙古九 师 202 6 九师联盟,1,1
内蒙古九师联盟,2,1
内蒙古九师联盟2026高二下七月,3,1
内蒙古九师联盟高二期末,4,1
内蒙古九师联盟高二爱摸,1,1
内蒙古九年级下学期阶段检测,1,1
内蒙古五年级英语,1,1
内蒙古八年级下学期期末英语,1,1
内蒙古八年级下学期阶段检测,1,1
内蒙古兴安盟扎赉特旗初二期末统考语文试卷,3,1
内蒙古包二中2024 2025学年高一下学期期末统考,1,1
内蒙古包头2024 2025学年高一下学期期末统考,1,1
内蒙古包头市2023-2024年期末生物高一,3,1
内蒙古包头市2023-2024年期末语文高一,2,1
内蒙古包头市2024-2025学年高一下学期期末考试试题,1,1
内蒙古包头市2025贯通班选拔真题卷,2,1
内蒙古包头市2025高一下期末化学试卷,2,1
内蒙古包头市2025高二下英语,2,1
内蒙古包头市24年期末生物高一,1,1
内蒙古包头市25年期末生物高一,1,1
内蒙古包头市东河区2025至2026学点路第二学期英语 测试,1,1
内蒙古包头市东河区康复路小学四下考试试卷,2,1
内蒙古包头市包钢一中,2,1
内蒙古包头市昆都仑区2025~2026 学年五年级下学期7月期末语文试题,3,1
内蒙古包头市昆都仑区包钢三中试卷,3,1
内蒙古包头市第九十三中学2026高二下英语,2,1
内蒙古包头市贯通班物理,1,1
内蒙古包头市选拔物理,1,1
内蒙古包头市高二下学期期末统一联考,1,1
内蒙古包头市高二下学期统一联考,1,1
内蒙古包头期中,1,1
内蒙古各个地区物理竞赛拔高难题,1,1
内蒙古呼伦贝尔八年级下册物理2025~2026,1,1
内蒙古呼伦贝尔市莫旗八下物理期末,2,1
内蒙古呼伦贝尔市鄂伦春自治旗,1,1
内蒙古呼伦贝尔市鄂伦春自治旗期末试卷,2,1
内蒙古呼伦贝尔阿荣旗八年级下册物理2025~2026,2,1
内蒙古呼和浩特一中高二,1,1
内蒙古呼和浩特二中物理期末考试卷,1,1
内蒙古呼和浩特市第二中学高一期末考试数学真题,1,1
内蒙古呼和浩特市第二中学高一期末考试数学真题2025年,1,1
内蒙古呼和浩特市第二中学高一期末考试数学真题2026年,2,1
内蒙古呼和浩特市赛罕区2025到2026学年第二学期七年级下册质量检测,2,1
内蒙古呼和浩特市赛罕区39中学2025到2026学年第二学期七年级下册质量检测,1,1
内蒙古呼和浩特市高一上学期期中数学,1,1
内蒙古学业水平合格性考试2026,2,1
内蒙古巴彦淖尔市2025-2026学年高一下学期期末考试,1,1
内蒙古巴彦淖尔市2025-2026高二英语,1,1
内蒙古巴彦淖尔市五原县第三中学,3,1
内蒙古师大附中,6,1
内蒙古师大附中高二化学期末,3,1
内蒙古师范大学附属中学期末考试高二试题,2,1
内蒙古扎兰屯九师联盟2026高二下七月,1,1
内蒙古期末通辽,1,1
内蒙古物理高考真题,1,1
内蒙古答题卡,2,1
内蒙古统考,2,1
内蒙古翁牛特旗初一,1,1
内蒙古自治区2026英语中考卷,4,1
内蒙古自治区包头市东河区,1,1
内蒙古自治区巴林左旗2025至2026学年第二学期末学生学业质量检测题6年级语文,1,1
内蒙古自治区新海中学,1,1
内蒙古自治区考试答题卡,2,1
内蒙古自治区赤峰市巴林左旗2026英语中考卷,1,1
内蒙古自治区赤峰市部分校联考2025-2026学年高一下学期7月期末考试,2,1
内蒙古自治区高一上册期中考试卷,2,1
内蒙古语文高考真题,1,1
内蒙古语文高考真题文言文,4,1
内蒙古赤峰,1,1
内蒙古赤峰五年级英语,1,1
内蒙古赤峰市2025 2026学年五年级下册数学期末教学质量监测卷,1,1
内蒙古赤峰市2025高二期末联考生物,1,1
内蒙古赤峰市2026高二期末联考英语,2,1
内蒙古赤峰市克什克腾旗三年级下册数学期末联考,1,1
内蒙古赤峰市统考,1,1
内蒙古赤峰市翁牛特旗八下数学试卷,10,1
内蒙古赤峰市高一年级期未统考,2,1
内蒙古赤峰市高二下学期期末联考,9,1
内蒙古赤峰市高二期末数学2026,1,1
内蒙古赤峰林西,1,1
内蒙古赤峰林西八年级,1,1
内蒙古赤峰高12026年期末物理,2,1
内蒙古赤峰高12026年期末英语,2,1
内蒙古通辽市扎鲁特旗，2026年春季学期高二年级期末考试,3,1
内蒙古通辽期末,1,1
内蒙古通辽统考卷,2,1
内蒙古鄂尔多斯市,1,1
内蒙古鄂尔多斯市准格尔旗部分校2025-2026高二下期末英语,1,1
内蒙古鄂尔多斯市高一分班考试,2,1
内蒙古阿拉善盟高一下学期期末考试,1,1
内蒙古阿拉善附属中学,2,1
内蒙古集宁一中,2,1
内蒙古集宁一中九市联盟,2,1
内蒙古音乐 7年级下册,1,1
内蒙古高一,3,1
内蒙古高一上学期期中,1,1
内蒙古高一上学期期中数学，赤峰二中,2,1
内蒙古高一上学期期末,1,1
内蒙古高一下化学期末试卷,1,1
内蒙古高一统考,2,1
内蒙古高二,4,1
内蒙古高二下学期期末九师,1,1
内蒙古高考题,1,1
内黄县,1,1
内黄县八上期末,1,1
内黄县八上期末数学,2,1
内黄县八年级下册,1,1
内黄县升级考试试卷,3,1
冈,1,1
写作文所需要掌握的句子,2,1
写作文的方法。,3,1
军屯中学,1,1
军考真题,4,1
农安一中,4,1
农安一中 九上数学月考卷,3,1
农安一中高一期末试卷,1,1
农安县实验中学,2,1
冠县7年级下册期末试卷答案,1,1
冠县兰沃乡中学,1,1
冠城,2,1
冥的乘除,4,1
冮南十校,1,1
冯仁桥,1,1
冲刺,1,1
冲刺吧期末,1,1
冷水摊四中2024-2025学年入学摸底分班考试试卷,2,1
冷水摊四中数学高一2024-2025学年入学摸底分班考试试卷,2,1
冷水摊四中高一题,1,1
冷水滩区五年级,10,1
冷水滩李达中学七年级上册入学考试,2,1
准初一分班考,2,1
准初三生如何学,4,1
准格尔,1,1
凉山中2025至2026届高二年级临诊考试答案。,2,1
凉山八上数学期中,4,1
凉山州 2 0 2 5一2026年下期语文,1,1
凉山州20024 2025年7下数学期末考试试卷,1,1
凉山州2025 2026年下学期历史未考试试卷,2,1
凉山州2025 2026年下学期未考试试卷数学,2,1
凉山州2025 2026年下学期未考试试卷数学初一,1,1
凉山州2025 2026年下学期未考试试卷高二,2,1
凉山州2025 2026年下学期未考试试卷高二生物,1,1
凉山州2025 2026年下学期未试卷初一,1,1
凉山州2025 2026年高一下学期未试卷,2,1
凉山州2025 2026高一化学期末,2,1
凉山州2025 2026高一数学期末,1,1
凉山州20252026下册政治期末,1,1
凉山州20252026下册语文期末,3,1
凉山州2025—2026年下学期未试卷初一,1,1
凉山州2025到2026学年高一下期末,6,1
凉山州2026-2027高二历史下,1,1
凉山州2026八年级下册,5,1
凉山州2026八年级下期末试卷,1,1
凉山州2026年下学期末高二,2,1
凉山州2026年下学期末高二历史,3,1
凉山州2026年下学期末高二地理,2,1
凉山州2026年下学期末高二语文,3,1
凉山州2026年中考生物地理试卷,2,1
凉山州2026高一下期未,7,1
凉山州2026高二,1,1
凉山州2026高二历史,2,1
凉山州2026高二历史下,1,1
凉山州2026高二生物,1,1
凉山州2026高二英语,6,1
凉山州26下期,1,1
凉山州七年级下册英语期末,1,1
凉山州俊波,2,1
凉山州八年级2025 2026年下学期未试卷,2,1
凉山州化学期末卷高一下,1,1
凉山州物理八下,2,1
凉山州物理期末卷高一下,3,1
凉山州生物期末卷高一下,1,1
凉山州美姑县政治高一下学期期末考试,4,1
凉山州美姑县期末考试政治,2,1
凉山州美姑县高二上册历史,1,1
凉山州考试成绩,3,1
凉山州英语期末卷高一下,2,1
凉山州零诊,1,1
凉山州高一上期,2,1
凉山州高一下化学期末考试,1,1
凉山州高一下期末考试卷语文,1,1
凉山州高一年级英语天,1,1
凉山州高二下期期末地理,2,1
凉山州高二下期期末考试,2,1
凉山州高二历史卷子,1,1
凌海,1,1
凌源市2025年六下,2,1
凌源市八上,2,1
凌源市小学2025 2026学年度第2期期末数学质量检测,1,1
凌源高一期末,3,1
减数分裂和有丝分裂专题,1,1
减数分裂和有丝分裂图像,2,1
减法,1,1
凑十法,1,1
凑十法 破十法 平十法 借十法专练,1,1
几何  专题大题,1,1
几何 02 专题大题初中,1,1
几何 七年级下册专题大题,1,1
几何 七年级专题大题,2,1
几何 深圳七年级下册专题大题,1,1
几何与函数结合的典型题型，,3,1
几何专项深圳七年级下册,1,1
几何九上,2,1
几何体的外接球,1,1
几何全等三角形,1,1
几何八上专题,2,1
几何八上专题人教版,1,1
几何八上模型专题,2,1
几何八上模型专题人教版1,1,1
几何函数,2,1
几何动画,1,1
几何压轴,2,1
几何压轴大题,1,1
几何压轴题,1,1
几何图形初步,2,1
几何平行线,1,1
几何模型,2,1
几何法,1,1
几何神卷,1,1
几何证明,5,1
几何证明  专题大题,1,1
几何证明八下,1,1
几何证明压轴,4,1
几何证明题,2,1
几天,1,1
凤凰县七年级上册道法,3,1
凤凰实验小学,3,1
凤凰新学案,4,1
凤凰职教,3,1
凤台四中初三第1次月考化学试卷,2,1
凤城,2,1
凤城一中,1,1
凤城一中英语,1,1
凤城一中高一英语,1,1
凤城一中高二期末,2,1
凤城市2025-2026学年度上学期八年级期末考试数学,1,1
凤城市2025-2026学年度下学期八年级期末考试数学,1,1
凤城高级中学,2,1
凤阳县2026年八年级下学期期末考试试卷,2,1
凤鸣山,1,1
凯华,1,1
凯里一中入学考试试卷,1,1
凯里一中新高一入学考试试卷,2,1
凯里五年级 数学期末测试 下学期,2,1
凯里市第一中学,1,1
凸透镜练习,2,1
凹凸函数,2,1
凹透镜成像规律,1,1
凹透镜规律实验,2,1
出师表朗读,3,1
出师表课文,1,1
出生高分班考,1,1
出身高衔,1,1
出题板块：专题七 四十八 情境型语用综合练(二) （网上部分版本编号会标为四十九，题干文本完全一致：DeepSeek、“求”“索”甲骨文那道大题）  高考快车道 2026年高考语文大一轮总复习 四十八 情境型语用综合练(二)? ？,4,1
函数 0 1 八年级期末,4,1
函数 0 1 函数对称,1,1
函数 025 一轮 专题 复习,1,1
函数 一轮复习 测试,3,1
函数 一轮复习2027 备考专题数学,1,1
函数 单调性,2,1
函数 压轴题 专项训练 解析版,1,1
函数 方程 不等式,1,1
函数 方程 不等式练习,1,1
函数 方程 不等式高中,1,1
函数 期中专项训练,1,1
函数 重难点,1,1
函数一轮复习专题高中,7,1
函数专训41 一次函数与一元一次不等式(2)—根据两条直线的交点求不等式…,5,1
函数专项训练 高三数学一轮复习,1,1
函数专题复习,1,1
函数专题练习,8,1
函数八上,1,1
函数八上北师大版,22,1
函数单元测试卷,1,1
函数单调,1,1
函数单调一轮,2,1
函数单调性抽象函数,2,1
函数历年真题,2,1
函数压轴题,1,1
函数周期性高中复习,2,1
函数和导数专题卷,2,1
函数培优提升,1,1
函数基础题,2,1
函数大题专项训练,1,1
函数奇偶性,6,1
函数奇偶性 单调性 周期性,1,1
函数奇偶性周期性对称性,2,1
函数奇偶性对称点,1,1
函数奇偶性的应用（求值，求解析式，求参数）,3,1
函数套卷基础,4,1
函数定义,1,1
函数定义域 解析式 值域,1,1
函数对称性,2,1
函数对称性和周期性,2,1
函数导数,1,1
函数建模与实际应用,4,1
函数性质的综合应用,1,1
函数恒等式求取值范围,2,1
函数方程值域问题,4,1
函数最值与导数结合,3,1
函数概念与性质,4,1
函数概念与性质题目,1,1
函数概念与性质题目高中,1,1
函数概念与性质高中,2,1
函数概念及其表示,2,1
函数概念及表述,3,1
函数概念，定义域,1,1
函数比大小,3,1
函数求值域专题,3,1
函数求单调性,2,1
函数测试题,1,1
函数的1 单调性 奇偶性及对称性 周期性,3,1
函数的1 单调性 奇偶性及对称性 周期性一轮复习,2,1
函数的三,2,1
函数的互对称,1,1
函数的切线,4,1
函数的单调性和奇偶性,2,1
函数的单调性培优,2,1
函数的压轴,1,1
函数的周期性与对称性,2,1
函数的图像,1,1
函数的图像一轮复习,1,1
函数的基本性质,1,1
函数的奇偶性对称性周期性,5,1
函数的定义域,4,1
函数的性质,1,1
函数的性质压轴,3,1
函数的最值,4,1
函数的概念与性质,1,1
函数的概念与性质 单元试卷,5,1
函数的概念与性质复习,2,1
函数的概念与表示,1,1
函数的概念及其表示方法,3,1
函数的概念及表示,1,1
函数的简单运用,2,1
函数的表示方法,4,1
函数简单应用,1,1
函数练习题,2,1
函数综合复习,3,1
函数综合复习高考,4,1
函数综合题,2,1
函数综合题高考,1,1
函数表达式,1,1
函数解析式单调性,2,1
函数解析式单调性与奇偶性,3,1
函数试卷,1,1
函数迭代,1,1
函数零点问题,2,1
函数题型,1,1
函数高一,4,1
函数高一上,2,1
函数高一复习,1,1
函数高一复习数学,4,1
函数高三,1,1
函数高中数学一轮复习练习,1,1
函数，高一,2,1
分,1,1
分子动理论 巩固培优,2,1
分子的结构,1,1
分子结构与性质2025一轮复习专题,3,1
分子结构与性质、化学键,2,1
分封制,1,1
分层作业 化学,1,1
分层作业指对函数,1,1
分层作业数学高一上,3,1
分层分类练习题,2,1
分层练,3,1
分式 化简求值,1,1
分式 新定义,2,1
分式 方程100道计算题,2,1
分式 方程应用题,2,1
分式不等式求解及应用,2,1
分式与分式运算  新定义题型,2,1
分式乘除计算,1,1
分式习题,1,1
分式值域，一次作图,1,1
分式函数,4,1
分式函数求值域,5,1
分式初二数学试卷,3,1
分式化简,5,1
分式化简求值,7,1
分式及其基本性质,3,1
分式和分式方程,1,1
分式方程 新定义,1,1
分式方程含参问题,1,1
分式方程的实际应用,2,1
分式方程的应用,3,1
分式最值,2,1
分式求值域,1,1
分式测试,1,1
分式的加减乘除混合运算,1,1
分式的解,2,1
分式计算100道,3,1
分式重难,1,1
分式重难沪教版,1,1
分式重难沪教版七上,1,1
分成作业,1,1
分数,1,1
分数乘整数六年级,1,1
分数乘法ppt,2,1
分数乘法练习,3,1
分数乘除法,1,1
分数乘除法混合运算及实际应用,1,1
分数加减法100道,3,1
分数应用,1,1
分数指数幂运算,2,1
分数的乘法计算题,1,1
分数的加减乘除,5,1
分数的加减法,5,1
分数简算,1,1
分数除法,3,1
分数除法应用题,2,1
分段函数10种常考题型总结一轮复习,2,1
分段函数单调性,1,1
分段函数单调性求参数取值范围,6,1
分段函数零点个数,1,1
分段计费练习题,1,1
分班卷郴州市树德中学,2,1
分班测,2,1
分班测 七年级入学广州,3,1
分班测 七年级入学广州数学,2,1
分班考 初一保山,1,1
分班考 初一数学番禺区,3,1
分班考 初一福建,2,1
分班考 初一英语,1,1
分班考 高一 上海,1,1
分班考 高一 南平一中,3,1
分班考 高一 晋江,2,1
分班考 高一 晋江季延,2,1
分班考 高一上辽宁育才,1,1
分班考 高一亳州,2,1
分班考 高一数学,1,1
分班考 高一沈阳,2,1
分班考 高一辽宁育才,2,1
分班考 高中 晋江季延,1,1
分班考卷,1,1
分班考卷子,1,1
分班考新罗区,1,1
分班考新高一,2,1
分班考试初升高,2,1
分班考试卷语文,1,1
分班考高一 南京,1,1
分班考高一 燕子矶,2,1
分班考高一上海,3,1
分班选拔考试,1,1
分离定律,3,1
分离定律专项训练,3,1
分类 汇编,6,1
分类汇编,1,1
分类讨论,4,1
分组分配,2,1
分解因式 2026专题练习计算,1,1
分解因式法2026专题练习计算,1,1
分解因式法解一元二次方程,1,1
切三角形,2,1
划重点巩固练数学,4,1
列五中学,2,1
列方程,2,1
列方程解决问题,1,1
列项专项,1,1
刘无母,1,1
创优作业九上数学,3,1
创新与设计,3,1
创新人才考试数学真题,2,1
创新人才选拔数学,3,1
创新人才选拔考试,1,1
创新人才选拔试卷,7,1
创新思维,1,1
创新性,2,1
创新性试题,1,1
创新拔优,1,1
创新教程·五维课堂,3,1
创新教程·五维课堂》人教版高中生物必修2（遗传与进化）,4,1
创新教程卷,2,1
创新教程数学,2,1
创新教程数学第1单元,1,1
创新班,1,1
创新班初升高,1,1
创新班招生试卷河北初中保定曲阳3+1,2,1
创新班招生试卷河北初中保定曲阳3+12026,3,1
创新班数学初三,1,1
创新班选拔考试,3,1
创新设计,1,1
创新设计 20 26大一轮数学,1,1
创新设计 20 26大一轮英语,2,1
创新设计 2025大一轮英语,1,1
创新设计 高三2025大一轮英语,1,1
创新设计2027版一轮复习生物,1,1
创新设计2027版一轮复习电子版,7,1
创新设计2027高考数学一轮,3,1
创新设计·2027一轮高考总复习译林版英语pdf,4,1
创新设计数学对点练,1,1
创新设计数学对点练1.对点练3 不等式及其性质/299 对点练4 基本不等式/301 要对点练,1,1
创新设计数学对点练云南,2,1
创新设计数学高考总复习1.4基本不等式配套练习,3,1
创新设计数学高考总复习配套练习,1,1
创新设计生物,3,1
创新设计章末检测卷,1,1
创新设计章末检测卷生物,1,1
创新设计选修一物理,2,1
创新设计高考总复习 地理 李艳 湖北教育出版社,9,1
创新课堂 生物学必修2 人教版 章末综合检测,2,1
创新课堂周测卷,1,1
创新课堂高一数学周测卷3,2,1
创新题,1,1
创新题数学,2,1
创新题英语,4,1
初 一 下学期 数学,2,1
初 一上学期全国竞赛,3,1
初 高 衔接,1,1
初 高 衔接2026 数学,2,1
初 高 衔接2026北师大版,1,1
初 高 衔接2026数学,6,1
初1,3,1
初2025-2026年初二上南开中学物理期中试卷2027届,2,1
初一 初二中考真题,1,1
初一 初二中考真题大连,1,1
初一 初二数学综合卷,1,1
初一七上数学尺规作图,2,1
初一上册人教版数字第一课,1,1
初一上册分班考。吴江区,1,1
初一上册分班考盛泽,2,1
初一上册分班考盛译,1,1
初一上册初中数学,5,1
初一上册初中数学第一单元,2,1
初一上册初中数学遵义期中,1,1
初一上册数学人教版第一张章测试卷,3,1
初一上册数学人教版第一章测试卷,3,1
初一上册数学第一单元有理数,2,1
初一上册生物,2,1
初一上册英语单词表新版,6,1
初一上册英语单词表新版外语,2,1
初一上学期乘法计算,4,1
初一上学期期中福山区,1,1
初一上学期期中福山区六上,1,1
初一上学期网课教学,1,1
初一上学期英语,4,1
初一上学期英语第一次月考,6,1
初一上学期语文期中卷重庆,1,1
初一上数学,2,1
初一上数学期末,1,1
初一上数学期末卷子,3,1
初一上数学期末福建,2,1
初一上文言文重点字词注释,2,1
初一上第1单元英语卷,3,1
初一上第一单元测试,2,1
初一上色数学,1,1
初一上英语单词默写,1,1
初一上英语单词默写start1,1,1
初一上英语单词默写开始篇,4,1
初一下册数学人教版,1,1
初一下册方程组,3,1
初一下册语文期末,1,1
初一下册语文期末遵义,2,1
初一下几何,6,1
初一下学期数学,1,1
初一下数学期末福建,1,1
初一人教版数字第一课,3,1
初一代数,1,1
初一作文专练,1,1
初一入学,2,1
初一分班七年级上册考青云圣湖中学吴江区,1,1
初一分班考卷,4,1
初一分班考数学,1,1
初一分班考数学。吴江区盛湖中学,1,1
初一分班考数学。苏州市,1,1
初一分班考数学吴江区,1,1
初一分班考英语,1,1
初一分班考英语试卷,1,1
初一分班考英语试卷黔西南州,1,1
初一分班考试卷数学,1,1
初一分班考青云圣湖中学,1,1
初一分班考青云圣湖中学。吴江区,1,1
初一加减乘除混合运算,2,1
初一升初二,2,1
初一叶县下册,2,1
初一叶县下册数学,1,1
初一四大时态,2,1
初一小升初,1,1
初一巴蜀中学,1,1
初一年级学业质量抽样调研道德与法五四制治试卷,1,1
初一年级学业质量抽样调研道德与法治试卷,3,1
初一数学 期末测试卷人教版,1,1
初一数学 期末测试卷人教版江苏,2,1
初一数学下册內蒙古,3,1
初一数学人教版复习,1,1
初一数学人教版复习福建,5,1
初一数学有理数,2,1
初一数学有理数考点,1,1
初一数学第1单元,2,1
初一数学计算专项训练,1,1
初一新生入学分班考试测试卷,1,1
初一新生入学摸底分班考试,1,1
初一新生入学摸底考试测试卷,3,1
初一有理数第二单元试卷,6,1
初一有理数计算题专项训练数学,2,1
初一有理数计算题专项训练数学苏教版,1,1
初一物理路程速度问题,1,1
初一竞赛题,1,1
初一第一单元,1,1
初一绝对值相关练习,2,1
初一英语,3,1
初一英语 0基础语法知识,1,1
初一英语上册,2,1
初一英语仁爱版新教材试卷,2,1
初一英语单词,2,1
初一英语完形填空,1,1
初一英语试题,2,1
初一英语语法大全,4,1
初一英语阅读完型內蒙古,2,1
初一英语阅读理解完型,1,1
初一英语题型专练,1,1
初一计算题400题,2,1
初一语文,1,1
初一语文期中卷重庆,1,1
初一题型专练,1,1
初三 二次函数 练习题,1,1
初三 化学,1,1
初三 数学河北,1,1
初三 数学河北一单元,2,1
初三 物理 1轮复习 核心知识点习题,1,1
初三 物理 北京,2,1
初三 试卷,1,1
初三2025一战成名,9,1
初三一模2026,2,1
初三上册化学单元测试卷,2,1
初三上册数学圆,3,1
初三上册第一单元我数学遵义,1,1
初三上册英语单词默写纸,1,1
初三上数学石景山期末,1,1
初三化学1 1讲义,1,1
初三化学1.2,2,1
初三化学知识点,1,1
初三化学第一课,2,1
初三单词默写,3,1
初三圆的专题,5,1
初三数学,1,1
初三数学 二次函数 练习题,4,1
初三数学压轴题,5,1
初三数学口算免费打印,4,1
初三数学期中,1,1
初三数学期中福山,1,1
初三数学计算免费打印,3,1
初三模考,1,1
初三模考英语,2,1
初三河北中考英语,3,1
初三物理压轴题,6,1
初三物理开学考长郡梅溪湖,3,1
初三物理月考长郡梅溪湖,3,1
初三物理竞赛,2,1
初三物理第一次月考长郡梅溪湖,3,1
初三生地会考,1,1
初三英语潍坊,1,1
初三英语语法讲解,3,1
初三语文专题,2,1
初三语文阅读理解真题,1,1
初三贯通班考试,2,1
初三资料,4,1
初中    化学期中  哈尔滨,1,1
初中    化学期中  齐齐哈尔,2,1
初中 01 一轮复习,5,1
初中 化学 1 11单元知识点整理,3,1
初中 化学 方程式 2025必背方程式,2,1
初中 化学01 一轮复习人教版核心记背资料带图题核心必背,1,1
初中 单词1600词汇表 分类记 28天,1,1
初中 数学 1轮 复习 知识点汇总,1,1
初中 物理,9,1
初中 物理 1轮 复 习 公式概念总结,5,1
初中 英语单词1600背默2024人教版,1,1
初中 英语词汇 1600 背诵版和默写,1,1
初中 语文 1轮 复习 古诗词理解性默写,2,1
初中1600,4,1
初中1600词,1,1
初中1600词汇表,1,1
初中3500词 中考词汇英语,3,1
初中3500词资料,2,1
初中8年级物理竞赛,2,1
初中一轮复习化学基础知识,2,1
初中三角形专项训练,3,1
初中上分卷 2025 2026学年七年级上册英语,3,1
初中上分卷 2025 2026学年七年级下册英语,1,1
初中上分卷八年级上册,1,1
初中上分卷英语七年级下册人教版2026,3,1
初中中考浙教版物理电学基础题,5,1
初中中考英语词汇,1,1
初中中考语文必背,2,1
初中中考语文必背古诗文言文,4,1
初中串联并联作图题,1,1
初中串联并联电路图,1,1
初中九上语文必背古诗词,1,1
初中二元一次方程组,1,1
初中二元一次方程组复习题,1,1
初中云南地理,1,1
初中人教版7-9年级变形词,2,1
初中人教版7-9年级变形词汇大全,1,1
初中人教版变形,1,1
初中人教版变形词汇,2,1
初中人教版变形词汇大全,1,1
初中人教版英语所有的前缀后缀,1,1
初中从句,2,1
初中作文答题卡A4版作文方格空白,2,1
初中作文素材,3,1
初中全公式物理,4,1
初中八年级下册期末考试卷 语文,1,1
初中冠词,2,1
初中几何初二,3,1
初中几何压轴,3,1
初中函数,1,1
初中分式化简计算,2,1
初中分班考,1,1
初中初一历史上学期期中,2,1
初中初一生物上学期期中,1,1
初中力和运动,1,1
初中力学测试题,1,1
初中动点最值,1,1
初中化学,2,1
初中化学 025届一轮复习 化学必记知识,1,1
初中化学ppt,7,1
初中化学人教版章节第一节课,4,1
初中化学常用实验器材,2,1
初中化学微观部分,1,1
初中化学知识点汇总,4,1
初中化学知识点汇总宿州市,1,1
初中历史,1,1
初中历史时间轴,1,1
初中历史论述题,1,1
初中历史论述题答题模版,1,1
初中压轴题,1,1
初中受力分析,3,1
初中变形词汇,1,1
初中各课短语表,1,1
初中同步测试卷八上英语,2,1
初中同步测试卷英语八年级下册配RJ版（本书编写组编）,5,1
初中名著 12本基础知识梳理,1,1
初中含参不等式不等式专题,1,1
初中因式分解,2,1
初中因式分解 十字相乘法,7,1
初中地理,1,1
初中外研单词默写打印表老版,2,1
初中外研版英语七八年级高频词汇,2,1
初中外研版英语课标单词,2,1
初中奥数 因式分解,4,1
初中学业水平试卷,1,1
初中学霸冲A卷,2,1
初中学霸创新题,4,1
初中小说阅读,2,1
初中幂运算,2,1
初中必刷题八上数学,1,1
初中必刷题八上数学浙教版,1,1
初中必刷题，北师大版,5,1
初中必背古诗文言文,1,1
初中数学  旋转平移,2,1
初中数学2元一次方程简单题,1,1
初中数学一元二次方程简单题,1,1
初中数学一次函数,1,1
初中数学一次函数人教版,1,1
初中数学不等式,2,1
初中数学不等式湖南题目,1,1
初中数学二元一次方程简单题,2,1
初中数学二次函数,1,1
初中数学二次函数专练,3,1
初中数学二次函数题,3,1
初中数学二次根式,8,1
初中数学二次根式人教版,1,1
初中数学公式大全,5,1
初中数学分解因式法2026专题练习计算,1,1
初中数学压轴题精讲精练七年级,4,1
初中数学吉林,2,1
初中数学吉林压轴题,1,1
初中数学因式分解,3,1
初中数学因式分解2026专题练习计算,1,1
初中数学因式分解专项练习五四制,1,1
初中数学圆,3,1
初中数学基础知识点,1,1
初中数学思想方法导引课,3,1
初中数学方案题练习,3,1
初中数学旋转平移专项练习,1,1
初中数学旋转平移专项练习五四制,1,1
初中数学模型,2,1
初中数学竞赛初赛,3,1
初中数学计算 100专项训练计算专项中考,1,1
初中数学计算 100专项训练计算专项中考江西,1,1
初中数学计算专项训练每日十道,1,1
初中数学计算题专项人教版,1,1
初中文言文30片,1,1
初中文言文30篇,1,1
初中文言文复习,1,1
初中文言文实词虚词,2,1
初中文言文练习题,5,1
初中新生分班考卷,8,1
初中方程式,4,1
初中方程式配平训练,2,1
初中标点符号,1,1
初中核心词汇,3,1
初中浮力压轴题,1,1
初中浮力大题,1,1
初中物理九年级上册,3,1
初中物理内能,2,1
初中物理力学计算题,2,1
初中物理力的作用是相互的,1,1
初中物理压轴题目,1,1
初中物理得分率最低题目,2,1
初中物理成都中考试卷,2,1
初中物理最难题目,1,1
初中物理杠杆,5,1
初中物理测量,3,1
初中物理浮力部分竞赛,1,1
初中物理滑动摩擦力图像题,2,1
初中物理滑轮,1,1
初中物理电学,1,1
初中物理电学公式,4,1
初中物理电学基础,1,1
初中物理电热计算压轴题,3,1
初中物理百问百答,2,1
初中物理竞赛 2024年第41届初赛真题,2,1
初中物理竞赛 50题真题专项训练 全国竞赛专用,2,1
初中物理竞赛复赛题目,3,1
初中物理竞赛最难题目,1,1
初中物理竞赛题目,1,1
初中物理自招,1,1
初中物理试题,1,1
初中物理课,2,1
初中物理运动学光学电学力学热学知识,1,1
初中物理选拔试卷,1,1
初中物理重力,1,1
初中生字帖,1,1
初中生物地理会考真题,1,1
初中生物知识点,3,1
初中生物结业考知识点,4,1
初中生物结业考知识点总结,1,1
初中生英语阅读,2,1
初中生说明文阅读,6,1
初中电学压轴,2,1
初中电学试卷,3,1
初中电路串并联 易错点,9,1
初中电路图,3,1
初中电路图练习,5,1
初中社会,3,1
初中科创班考试卷,1,1
初中竞赛代数专练,1,1
初中竞赛代数练习,1,1
初中竞赛培优,2,1
初中自主招生考试物理试题,4,1
初中自主招生考试英语试题,1,1
初中英语,3,1
初中英语1600核心词汇完整版,3,1
初中英语1600词,4,1
初中英语3500词,1,1
初中英语5选4专项,3,1
初中英语七选五,4,1
初中英语七选五专项,1,1
初中英语九年级中考语法填空,1,1
初中英语作文,1,1
初中英语八个时态,1,1
初中英语单词,3,1
初中英语单词3500个词汇,4,1
初中英语单词汇总,2,1
初中英语单项选择基础100题,3,1
初中英语口语练习,1,1
初中英语听力,3,1
初中英语完型填空,1,1
初中英语完形填空专项,1,1
初中英语完形填空专项人教版,1,1
初中英语必背单词短语,1,1
初中英语怎么补救,1,1
初中英语核心词汇,3,1
初中英语笔记,1,1
初中英语词汇 2026 3500词汇,1,1
初中英语语法,3,1
初中英语语法 2026,1,1
初中英语语法专项题,1,1
初中英语语法填空,2,1
初中英语语法填空百题,5,1
初中英语语法汇总,2,1
初中英语语法讲解,1,1
初中英语配套朗读音频,1,1
初中英语阅读理解 100篇专项训练人教,2,1
初中英语阅读理解 100篇专项训练八年级上册,1,1
初中英语阅读理解训练,3,1
初中计算题专项,1,1
初中语文100问,1,1
初中语文100问阅读理解,1,1
初中语文古诗知识梳理,4,1
初中语文基础,3,1
初中语文基础文段,1,1
初中语文基础知识综合,1,1
初中语文必背,1,1
初中语文必背古诗词,1,1
初中语文文言文,1,1
初中语文文言文30篇,1,1
初中语文答题模板,2,1
初中语文范文,1,1
初中语文阅读训练,1,1
初中语法 2026专项练习,4,1
初中语法填空 100篇专项训练,3,1
初中语法综合练习,1,1
初中说有汉字,2,1
初中课标1500词,4,1
初中贯通班,1,1
初中道法学科语言,3,1
初中道法真题分类,8,1
初中道法知识点转化迁移,1,1
初二 023 21 上学期 半期 考 数学,2,1
初二 历史 2025 2026八年级下册期末,1,1
初二 政治 2025 2026八年级下册期末,1,1
初二 物理 2025 2026八年级下册期末,1,1
初二 物理 八年级上册,2,1
初二 物理 八年级上册第一单元测试,2,1
初二 英语 2025 2026八年级下册期末,1,1
初二 语文 2025 2026八年级下册期末,1,1
初二 语文 2025八年级下册期末试卷,1,1
初二 语文综合卷免费,1,1
初二上2026数学人教版,1,1
初二上册初中数学遵义期中,12,1
初二上册英语,1,1
初二上学期物理期末 47中,2,1
初二上学期物理期末闽侯县,1,1
初二上学期，数学，第一课练习题,1,1
初二上物理期中,15,1
初二下册2026数学期末考试,3,1
初二下学期数学对应单元试卷,2,1
初二下政治,2,1
初二下政治免费,2,1
初二下数学新定义压轴题,2,1
初二下期末语文,2,1
初二二次根式计算训练,5,1
初二全等三角形+相似三角形综合专题卷,1,1
初二全等三角形1.?初二全等三角形+相似三角形综合专题卷,5,1
初二几何,2,1
初二升初三,3,1
初二地理会考大题30道,1,1
初二地理会考大题30道内蒙古,1,1
初二多彩暑假糸列语文,2,1
初二多彩暑假语文,3,1
初二实数计算,4,1
初二尺规作图,4,1
初二尺规作图专题,1,1
初二巴蜀中学,2,1
初二政治书,4,1
初二数学三角形章节练习题,1,1
初二数学上册人教版数学书,3,1
初二数学下册,2,1
初二数学压轴题,2,1
初二数学期末,2,1
初二数学综合卷免费,1,1
初二期末 人教版数学,1,1
初二期末考,1,1
初二期末考试数学,1,1
初二期末语文,2,1
初二沪科版物理真题,1,1
初二渝中区,2,1
初二潍坊,1,1
初二潍坊临朐,1,1
初二物理,2,1
初二物理上,1,1
初二物理光学练习题,1,1
初二物理功练习题,2,1
初二物理浮力,1,1
初二物理浮力题目,1,1
初二现在完成时,3,1
初二盐城市地生会考,2,1
初二英语人教版学霸冲A卷安徽省,2,1
初二英语阅读理解,3,1
初二计算题专项训练,4,1
初二语文阅读理解真题,1,1
初二语文阅读题,1,1
初二阅读理解真题,3,1
初什高衔接班素材,1,1
初升高 分班考,1,1
初升高 创新班 分班考试 真题 衔接卷,1,1
初升高 化学2026年暑假衔接,1,1
初升高1+3模式数学考试试卷,2,1
初升高一测试卷,3,1
初升高分班考宜宾,1,1
初升高分班考政治,1,1
初升高分班考数学,3,1
初升高分班考物理,1,1
初升高分班考英语,2,1
初升高分班考试卷,2,1
初升高分班考试数学,1,1
初升高分班考试模拟卷数学,2,1
初升高分班考试试卷,1,1
初升高分班考语文,5,1
初升高分班考道法,1,1
初升高实验班能力测试,1,1
初升高开学分班考长沙,1,1
初升高开学分班考长沙县一中,2,1
初升高数与式,4,1
初升高数学,3,1
初升高数学计算专项练习,2,1
初升高暑假衔接卷,2,1
初升高校本考,1,1
初升高物理开学考,2,1
初升高物理衔接,1,1
初升高签约真题,2,1
初升高自主招生 数学试卷,1,1
初升高英语无忧衔接。,2,1
初升高英语衔接习题,2,1
初升高衔接基础练习题,1,1
初升高衔接开学考试,1,1
初升高衔接开学考试天津,1,1
初升高衔接数学，物理试卷,1,1
初升高衔接试卷,2,1
初升高衔接课程,1,1
初升高贯通班考试试卷省重点,3,1
初四一模,1,1
初四一模淄博,2,1
初四一模淄博数学,1,1
初四上数学月考试卷重庆路中学,2,1
初四中考作文预测,2,1
初步立体几何,6,1
初级会计实务,1,1
初联代数,5,1
初衔接高一英语,3,1
初高,2,1
初高中,1,1
初高中地理网,1,1
初高中混合单词合集。,1,1
初高中混合单词合集。新疆,2,1
初高中物理衔接,1,1
初高中衔接,2,1
初高中衔接2026年数学,4,1
初高中衔接2026年英语,1,1
初高中衔接教材,1,1
初高中衔接英语通用版,1,1
初高中语文文言实词练习,5,1
初高数学衔接基本不等式,1,1
初高自主招生考试题目 英语,3,1
初高自主招生考试题目 语文,1,1
初高衔接2026,1,1
初高衔接基本不等式,2,1
初高衔接物理,2,1
初高衔接自主招生考试题目 英语,2,1
初高衔接试卷,1,1
判断化学平衡,1,1
判断句,1,1
判断推理,2,1
判断推理政治,3,1
判断是否属于化学平衡状态,1,1
判断电流表的测量对象,3,1
判断电流表的测量对象练习,1,1
利州中学,1,1
利润与折扣奥数拨高训练,4,1
利润问题,8,1
利润问题应用题,2,1
利用打点计时器求加速度,1,1
利辛,1,1
利辛一中,3,1
到2026 6年级上册数学真题济宁市嘉祥县,2,1
到2026 6年级上册英语真题济宁市嘉祥县,1,1
到2026 6年级上册语文真题济宁市嘉祥县,1,1
到2026 6年级下册英语真题济宁市嘉祥县,2,1
到20265年级下册数学真题济宁市嘉祥县,3,1
制氧气,4,1
制订我的家庭旅行计划 知识清单北师大版,1,1
刷真题,1,1
刷题诀数学,1,1
刹车减速问题,1,1
前店小学,2,1
前郭五中高一上期中试卷物理,2,1
前郭县蒙古族中学,1,1
前黄国际,3,1
前黄国际分班考,2,1
剑桥,1,1
剑河县,1,1
力 学,2,1
力 学 0223一轮复习专题,1,1
力 学 模型,1,1
力 学20224复习专题,2,1
力与平衡,4,1
力与物体的平衡,1,1
力与运动综合,1,1
力专题复习,1,1
力单元测试,1,1
力和运动的关系专题复习,1,1
力学三大观点测试卷,2,1
力学三大观点的综合应用2027,4,1
力学专题,1,1
力学专题卷,1,1
力学分析,1,1
力学十二种方法,1,1
力学复习专题,5,1
力学大题,3,1
力学平衡,1,1
力学平衡 高中物理,4,1
力学平衡 高中物理复习,1,1
力学思维导图,3,1
力学方法,1,1
力学竞赛,2,1
力学综合,4,1
力学问题,2,1
力学高中,1,1
力学高考,3,1
力旺实验中学,1,1
力旺实验中学九上化学,1,1
力旺答案,2,1
力的动态平衡模型,1,1
力的合成与分解专题,1,1
力的合成和分解,1,1
力的质量分配法则,2,1
力相关练习题,1,1
劝 学,1,1
劝学 024文本理解性默写,2,1
劝学 理解性默写,4,1
劝学师说,3,1
劝学高一,2,1
办公室事务,1,1
功与简单机械,1,1
功和功率,1,1
功和功率人教版,3,1
功和功率人教版高一,1,1
功和功率人教版高一必修二,1,1
功和功率讲义,1,1
功和机械能八年级下册,1,1
功和机械能试卷,2,1
功和能,1,1
功能关系 能量守恒定律,1,1
加乐中心学校,2,1
加乐中心小学,1,1
加拿大区域地理,1,1
加油机,1,1
加法运算律,1,1
加练半小时高中化学,1,1
加聚反应,3,1
加聚缩聚,1,1
加速度与vt图像,1,1
加速度与质量和力的关系实验,1,1
加速度与质量和力的关系实验视频,1,1
加速度图像,2,1
加速度练习,2,1
动力学,6,1
动力学中的热点问题与模型,3,1
动力学中的连接体和临界极值问题。,6,1
动图模型,1,1
动态几何与函数综合专题,1,1
动态几何与分段函数,1,1
动态几何与分段函数综合题,1,1
动态几何专题,1,1
动态几何专题初二,2,1
动态分析题,2,1
动态回声练习题,1,1
动态平衡 平衡中的临界与极值问题,1,1
动态平衡与轻绳轻杆模型,2,1
动态平衡课件,3,1
动态平衡课间,2,1
动态电路分析,3,1
动摩擦力突变,1,1
动摩擦力突变静,1,1
动滑轮速度，加速度关系,2,1
动点与线段最值问题,9,1
动点八上,2,1
动点函数 初二 初三,2,1
动点北师大版,2,1
动点问题 7上,1,1
动点问题八下,4,1
动点问题分段函数,1,1
动画,1,1
动能和势能的相互转化,1,1
动能定理专项讲解,3,1
动能定理专题讲义,1,1
动词,4,1
动词 不规则变化,2,1
动词ing和ded,1,1
动词ing和动词ed区分,4,1
动词ing和动词ed练习,2,1
动词不定式,5,1
动词单数,1,1
动词变化表,3,1
动词和动词短语,2,1
动词时态,1,1
动词时态专项精讲》,4,1
动词时态和语态,2,1
动词时态的练习,3,1
动车组,1,1
动量 专题训练,2,1
动量 守恒定律15种模型大题,3,1
动量 定理7大题型归纳习题,1,1
动量与冲量的理解和计算,2,1
动量与能量,2,1
动量与能量守恒专项,2,1
动量与能量物理,3,1
动量专题复习,2,1
动量单元测试卷,2,1
动量压轴大题山东物理,2,1
动量大题综合,7,1
动量守恒,1,1
动量守恒 15个模型,2,1
动量守恒单元考,3,1
动量守恒及其以前所有知识的卷子,1,1
动量守恒模型分类,2,1
动量定理九大题型,2,1
动量能量完全弹性碰撞,1,1
励志高级中学,2,1
励才,1,1
励才姜堰,2,1
励才实验学校,2,1
劳动,1,1
劳动类作文,1,1
势能,1,1
勃利县高级中学,2,1
勤学早,2,1
勤学早大培优,3,1
勻变速直线运动的规律题型,2,1
勾股 定理,3,1
勾股定理 01专题,2,1
勾股定理 01专题 13种题型,2,1
勾股定理PPT,1,1
勾股定理专项,2,1
勾股定理单元测试北京师范大学,1,1
勾股定理基础卷,1,1
勾股定理基础题,1,1
勾股定理实际问题,3,1
勾股定理折叠问题,6,1
勾股定理的应用培优,2,1
勾股定理的验证以及其计算,1,1
勾股定理苏科版,1,1
勾股定理试卷,1,1
勾股定理，折叠问题,1,1
匀加速直线运动,1,1
匀变速,2,1
匀变速的研究专项卷,2,1
匀变速直线运动 2027一轮复习专题,4,1
匀变速直线运动 专项训练-2027年届,8,1
匀变速直线运动专题练,2,1
匀变速直线运动习题,4,1
匀变速直线运动图像,1,1
匀变速直线运动平均速度,3,1
匀变速直线运动平均速度公式,3,1
匀变速直线运动平均速度公式 v-t图像综合应用,1,1
匀变速直线运动推论,1,1
匀变速直线运动的位移与时间的关系的计算题,3,1
匀变速直线运动的速度与时间的关系,2,1
匀变速直线运动规律,1,1
匀变速直线运动规律的运用,6,1
匀变速直线运动难题,1,1
匀速下滑,1,1
匀速直线运动,1,1
匀速直线运动刹车陷阱,1,1
匀速运动,2,1
匀速追变速,1,1
包九十五中学,1,1
包六中,1,1
包含关系,1,1
包头 期末教学,1,1
包头20242025生物高一,1,1
包头20242025英语高一期末第二学期,2,1
包头2024高二下期末化学,1,1
包头2026,1,1
包头2026 2027年,2,1
包头95,2,1
包头九中高一上学期月考,1,1
包头八上物理期申卷,2,1
包头八升九数学贯通考试试卷,1,1
包头初一七下数学期末,1,1
包头初一下期末卷子,2,1
包头初二贯通班数学考试试卷,5,1
包头市 期末,2,1
包头市2024 2025期末考试,1,1
包头市2024-2025学年高二下学期期末统考,2,1
包头市2024-2025期末高一生物,1,1
包头市2024-2025期末高一语文,2,1
包头市2025 2026高一下学期期末,3,1
包头市2025-2026学年高二下学期期末统考,1,1
包头市2025高一期末考试卷,2,1
包头市2026,1,1
包头市东河区2025年七下期末,1,1
包头市九原青山区联考初二2026期末,4,1
包头市八上语文期中卷,9,1
包头市昆都仑区物理,2,1
包头市期末,1,1
包头市起点考试2025,1,1
包头市青山区2025年七下期末,2,1
包头市青年职业学校,1,1
包头市高一下化学,1,1
包头市高一下期末试卷,5,1
包头市高二上学期数学月考卷,1,1
包头市高二上学期数学月考卷10月,2,1
包头市高二下期末,2,1
包头市高二期末,2,1
包头市高二期末数学试卷,1,1
包头数学贯通班老师真题,2,1
包头昆,1,1
包头昆都仑区,3,1
包头期末化学,2,1
包头期末物理,2,1
包头期末高一下,3,1
包头统考高二期末试卷,1,1
包头贯通班老师真题,1,1
包头青山区七下期末,2,1
包头青山区七下期末2026数学,1,1
包头高一下学期数学,1,1
包头高二2024-2025期末,1,1
包河区,3,1
包河区 2025 2026 八下期末质量检测,5,1
包钢一中,1,1
化,1,1
化 学,1,1
化一,1,1
化合价,3,1
化合价 2025 书写练习,1,1
化合价计算,1,1
化学 0 2024 初三上学期,1,1
化学 01,2,1
化学 1轮复习专题,1,1
化学 1轮复习知识点记背,3,1
化学 一轮复习2026讲义,1,1
化学 一轮复习提纲,4,1
化学 中考一轮复习专项,2,1
化学 产率 转化率 计算,2,1
化学 平衡026届一轮复习,3,1
化学 平衡026届一轮复习 化学平衡与常数专题,1,1
化学 式 2023 书写练习,1,1
化学 必修二,1,1
化学 必修二 1必背知识清单,1,1
化学 方程式 配平的方法专题,2,1
化学 期中专项训练 原子,2,1
化学 第一课,1,1
化学 选择性必修1,2,1
化学 高一第1章,2,1
化学 高考 2026真题,1,1
化学.2024普通高中学业水平,1,1
化学.2024普通高中学业水平考试（山东卷）,1,1
化学1-2单元,1,1
化学2025一战成名,1,1
化学2025年湖北赛区复赛试题,2,1
化学2026,1,1
化学2026高考真题山东,2,1
化学60个课本实验,4,1
化学一模,1,1
化学一模杭州,1,1
化学一轮复习全国二卷类,1,1
化学一轮复习全国二卷类陕西，甘肃,1,1
化学一轮复习全国二卷类陕西，甘肃高考,1,1
化学一轮复习必修一刷题,2,1
化学一轮复习讲义,1,1
化学一轮苏州,1,1
化学上分卷,1,1
化学与STSE 传统文化 2026届知识点总结,1,1
化学与传统文化，中华文明,4,1
化学与量有关的离子方程式书写练习,1,1
化学专题工艺流程大题,1,1
化学中考广州,2,1
化学九上 第1单元,1,1
化学九上人教化合价,1,1
化学九上化合价,5,1
化学九上济南,1,1
化学九年级上册第一章,5,1
化学九江市六校协同,2,1
化学二轮复习专题,3,1
化学人教版五四学制2024九年级全一册,2,1
化学人教版必修一第一章 单元测试,4,1
化学人教版高中知识点,1,1
化学人教选择性必修一,2,1
化学元素周,1,1
化学元素周期表电子版,3,1
化学元素周期表默写,3,1
化学元素默写表九年级,4,1
化学八上典型习题,2,1
化学八上复习资料,1,1
化学八年级上册,2,1
化学八年级上册期中,5,1
化学八年级上册练习题,1,1
化学公式,4,1
化学分子式,1,1
化学分类,5,1
化学初三,1,1
化学初三上,5,1
化学初三上学期,4,1
化学初中,1,1
化学初中中考试卷,1,1
化学单元卷,2,1
化学南京市六校联合体高一第二学期第1次调研考试期中,1,1
化学压轴,2,1
化学反应历程,2,1
化学反应方程式汇总,1,1
化学反应机理,1,1
化学反应热效应,5,1
化学反应的热效应测试卷,3,1
化学反应速率与化学平 衡,4,1
化学反应速率与化学平衡图像,2,1
化学反应速率影响因素,1,1
化学各类有机物转化,1,1
化学合成路线,7,1
化学同步讲义,1,1
化学命名,2,1
化学哈尔滨,4,1
化学培优,1,1
化学基础实验汇总,3,1
化学基础知识,1,1
化学基础知识点总结,1,1
化学复习,1,1
化学大π键,2,1
化学大题,2,1
化学天河区,2,1
化学天津高考卷,1,1
化学奥林匹克江苏复赛,1,1
化学奥赛,2,1
化学奥赛江苏初赛,1,1
化学奥赛江苏复赛,1,1
化学学考,1,1
化学学考复习资料,2,1
化学实验与科学探究课件,1,1
化学实验器材,1,1
化学实验图正误判断题,1,1
化学实验基础,3,1
化学实验基础与探究,1,1
化学实验大题,2,1
化学实验探究,2,1
化学实验流程,4,1
化学实验的常用仪器和基本操作,2,1
化学实验装置图,1,1
化学实验视频,1,1
化学工业流程离子方程式陌生化学,2,1
化学工艺流程,3,1
化学工艺流程综合河南,1,1
化学平衡专项练习,4,1
化学平衡图像,5,1
化学平衡培优,1,1
化学平衡常数,4,1
化学平衡有关计算,5,1
化学平衡标志专项题,2,1
化学平衡难题,2,1
化学广东,1,1
化学式和化合价,1,1
化学式配平,1,1
化学式默写,2,1
化学弱电解质,3,1
化学弱电解质平衡,3,1
化学弱电解质质子守恒,3,1
化学必修,1,1
化学必修1第1单元测试卷,1,1
化学必修1第1单元测试卷 人教,6,1
化学必修1第1单元测试卷 比较,1,1
化学必修1第1张第1节测试,2,1
化学必修1第1章,1,1
化学必修一与量有关的离子方程式书写练习,1,1
化学必修一朗读,1,1
化学必修一期末复习卷,6,1
化学必修一章末双测,1,1
化学必修一第一二章测试,2,1
化学必修一第一章知识点,4,1
化学必修一第一章知识点填空,4,1
化学必修一第一章试卷,1,1
化学必修一第一节习题,1,1
化学必修一考试卷,2,1
化学必修一课本电子版,1,1
化学必修一题型,5,1
化学必修二,5,1
化学必修二期末,2,1
化学必修二期末卷,1,1
化学必修二知识清单,6,1
化学必修二第五章单元评价,1,1
化学必修二题型,2,1
化学必修第一册,3,1
化学必修第一册汇总,2,1
化学思维导图,1,1
化学揭阳,1,1
化学揭阳高二,1,1
化学方程式总结大全,4,1
化学方程式汇总2026,4,1
化学方程式汇总高中,9,1
化学方程式清单,2,1
化学方程式训练,1,1
化学易错题汇总,1,1
化学暑假作业,1,1
化学有机2026专题,1,1
化学有机2026专题人教版,2,1
化学有机专题,6,1
化学有机合成反应,3,1
化学有机基本转化,1,1
化学有机基本转化关系,1,1
化学有机大题山西,1,1
化学有机大题必修二,1,1
化学有机实验2026高三专题,3,1
化学有机实验大题,1,1
化学有机实验大题2026高三专题,1,1
化学有机推断,2,1
化学有机物命名,2,1
化学有机物的分类江苏,1,1
化学有机物转化,1,1
化学有机物转化路线,1,1
化学有机综合评价,2,1
化学有机课件,1,1
化学有机转化,1,1
化学有机选择题专练,1,1
化学有机选择题专练河北,2,1
化学有机高考题,2,1
化学期中,1,1
化学期中考,1,1
化学期中考高二,1,1
化学期末考试试卷,1,1
化学期末考试高一下学期期末,1,1
化学期末试卷高二下,3,1
化学期末高1下学期卷子,3,1
化学树人,1,1
化学模拟卷,1,1
化学步步高,1,1
化学武汉九月,2,1
化学武汉九调,1,1
化学江苏合格性考试,4,1
化学河北高考,1,1
化学流程题,1,1
化学浙江2026高三,1,1
化学溶液浓度计算,2,1
化学烟台期中,1,1
化学烟台期末,1,1
化学热,1,1
化学热效应,3,1
化学燃料与有机化合物,3,1
化学物质的分类及转化试卷,2,1
化学物质的溶解度曲线专练,1,1
化学物质的溶解度曲线题,1,1
化学物质的量专题,1,1
化学物质组成与分类,2,1
化学现象描述题,1,1
化学理高二下期末吉林.,2,1
化学生物背记高一上册,2,1
化学用语与基本概念,2,1
化学电子式,3,1
化学电解质,1,1
化学的反应热效应,2,1
化学的反应热效应及反应焓变的综合应用练习题,6,1
化学盖斯定律专项,2,1
化学真题,1,1
化学真题分类汇编,2,1
化学真题分类汇编高考,1,1
化学真题高考,2,1
化学知识点填空,2,1
化学知识点选必,1,1
化学知识点选必三,1,1
化学石扬子化杯,2,1
化学离子反应,2,1
化学离子默写表,1,1
化学竞赛 2024年第41届初赛真题,2,1
化学竞赛 初赛真题,2,1
化学竞赛初中,2,1
化学竞赛初试题,2,1
化学竞赛初赛,5,1
化学竞赛江苏省预赛试题,1,1
化学竞赛题,1,1
化学竞赛高中各省赛试题,1,1
化学笔记,3,1
化学第1单元,1,1
化学第1题,1,1
化学第2章空气与水资源测试卷,2,1
化学第一册重要知识点,1,1
化学第一章,1,1
化学第一章必修一,2,1
化学第一章必修一。,2,1
化学第三节溶液的酸碱性,2,1
化学等效氢,1,1
化学练习,4,1
化学综合卷,1,1
化学综合卷全国二卷类的,1,1
化学考试,5,1
化学苏教版必修一必备知识,4,1
化学菏泽,1,1
化学解题方法技巧,1,1
化学计算题2026计算专题训练,2,1
化学讲义答案,3,1
化学试卷2026最新版,1,1
化学试卷2026高一下学期期末考试,1,1
化学试卷2026高一下学期期末考试云南,2,1
化学试卷2026高考,2,1
化学试卷高一,2,1
化学课本,1,1
化学课本必修一,1,1
化学资源与评价,2,1
化学过滤,1,1
化学选B1书。,1,1
化学选修1拔高题,1,1
化学选修一人教版导学案,2,1
化学选修一培优,1,1
化学选修一学习指导,1,1
化学选修一导学案,1,1
化学选修一闪,1,1
化学选修三,1,1
化学选修三必刷题,2,1
化学选修三思维导图,1,1
化学选修三知识传讲,3,1
化学选必二,3,1
化学选必二卷子,1,1
化学选必二卷子20252026学年,1,1
化学选择性必修一 步步高 笔记,1,1
化学选择性必修一 步步高 笔记知识点,2,1
化学选择性必修一周周练,2,1
化学选择性必修一知识点小纸条,3,1
化学选择性必修一第一单元,1,1
化学选择性必修一第一单元周周练,1,1
化学选择性必修一鲁科版,4,1
化学选择训练,1,1
化学选择题,2,1
化学选择题专练,1,1
化学选比一课时练,1,1
化学配平,7,1
化学酸碱滴定,4,1
化学金属,1,1
化学金属非金属,5,1
化学阶段练习,2,1
化学阿伏加德罗常数,6,1
化学隐含条件,1,1
化学预习,1,1
化学预习平衡,1,1
化学预习课,1,1
化学预科 初三,1,1
化学高一上,1,1
化学高一上1~3章测试,2,1
化学高一上1~3章测试人教版,5,1
化学高一上学期,4,1
化学高一上学期竞赛,2,1
化学高一上月考天津一中,2,1
化学高一上期末,1,1
化学高一上期末人教,1,1
化学高一下学期6月份考卷,1,1
化学高一下学期期末,1,1
化学高一平衡,1,1
化学高一必修一讲义答案,2,1
化学高一有机,2,1
化学高一期末潍坊,2,1
化学高一竞赛,3,1
化学高三2026模拟卷,1,1
化学高三试卷,3,1
化学高中,7,1
化学高中必修一海水中的重要元素钠和氯的相关习题,2,1
化学高中必修一物质变化相关习题,7,1
化学高中笔记,3,1
化学高二基础,1,1
化学高二期中上,2,1
化学高二选择性必一,2,1
化学高二选择性必一第一单元,1,1
化学高二选择性必一第一单元苏教版,1,1
化学高考 一轮复习 1轮复习基础知识点,1,1
化学高考卷,2,1
化学高考卷新疆,1,1
化学高考工业流程题,3,1
化学高考必备,2,1
化学高考浙江,2,1
化学高考真题卷,1,1
化学高考真题卷安徽,1,1
化学高考真题卷安徽2025,1,1
化学高考真题重组,3,1
化学高考第一大题,1,1
化学高考题（2024年、2025年、2026年新课标II卷,2,1
化学鲁教版八年级下册期末试卷,2,1
化学黑吉辽一轮复习,1,1
化学默写,1,1
化学，硫，氮,5,1
化州市初二期末数学,1,1
化州市期末卷,4,1
化州市第三中学,2,1
化工流程,3,1
化工流程综合,1,1
化物理高二下期末吉林.,1,1
化用策略,1,1
化用策略详解,1,1
北171初一期中考试卷,1,1
北京 中考2026,2,1
北京 初三英语阅读专练,2,1
北京 合格考 2026,3,1
北京 语文2026高考,3,1
北京 高考 英语 2026,1,1
北京 高考试卷 地理,1,1
北京101中学高二下期末,4,1
北京101中学高二下期末化学,2,1
北京101高中数学高一月考,1,1
北京159月考,1,1
北京20206物理高考,1,1
北京20206物理高考真题,2,1
北京2025化学,1,1
北京2025化学普通高等,1,1
北京2025化学普通高等学校招生,1,1
北京2025化学高考,1,1
北京2025高考政治,2,1
北京2026中考数学,1,1
北京2026化学合格考第二次,2,1
北京2026年高考,1,1
北京2026生物,1,1
北京2026高一下学期朝阳化学,1,1
北京2026高考语文试卷,2,1
北京23年朝阳区高二下生物期末试卷,1,1
北京23年西城区高二下化学期末试卷,1,1
北京26年中考一模东城,1,1
北京26年中考一模海淀,1,1
北京26年中考数学一模,2,1
北京26年高考化学,1,1
北京一中,1,1
北京一六一中学高一下地理,2,1
北京一六一中学高一下政治,1,1
北京一模试卷,1,1
北京一零一中,2,1
北京七年级英语阅读每日一练,2,1
北京三十五中,1,1
北京三年级上学期阶段检测,1,1
北京三年级下学期阶段检测,1,1
北京东城二中期末卷,1,1
北京东城二模,8,1
北京东城区高一语文期中,2,1
北京东城区高二语文期末,1,1
北京东城高一开学考,2,1
北京中学三分校,1,1
北京中学期中,1,1
北京中考 物理2025,2,1
北京中考 真题 2026,2,1
北京中考 道法,1,1
北京中考 道法 2026,1,1
北京中考2025,2,1
北京中考2026年物理。,1,1
北京中考2026物理,2,1
北京中考2026语文,5,1
北京中考2026语文专题模拟一模,4,1
北京中考数学题,2,1
北京中考易错成语,1,1
北京中考模拟,1,1
北京中考物理。,1,1
北京中考英语,1,1
北京中考题,1,1
北京丰台区,1,1
北京丰台区8年级下册2025~2026。期末数学试卷,1,1
北京丰台区8年级下册2025~2026期末数学试卷,1,1
北京丰台区数学,1,1
北京丰台外国语,1,1
北京丰台外国语学校,1,1
北京丰台高二下期末语文,1,1
北京九上,1,1
北京九上东城期末,3,1
北京九上数学,2,1
北京九上数学几何汇编,1,1
北京九上数学小几何汇编,1,1
北京九上期中数学汇编,7,1
北京九上海淀期末,2,1
北京九上海淀期末英语,2,1
北京九年级上学期期中,9,1
北京九年级下学期期末,1,1
北京二中2026高三开学考生物,1,1
北京二中教育,1,1
北京二中教育集团七年级,1,1
北京二中教育集团八年级,2,1
北京二中高中,1,1
北京二十中,6,1
北京二十中启承,3,1
北京云南2025年高考卷,1,1
北京交大附中20252026学年第二学期6月检测高二化学,1,1
北京人大附,2,1
北京人大附中初一上英语期中,2,1
北京人大附中海淀区,2,1
北京人大附中物理高一,1,1
北京人大附中物理高一上期中,2,1
北京人大附中高一下期末,1,1
北京全国班,1,1
北京八一,1,1
北京八下数学,3,1
北京八下期末英语,1,1
北京八中,1,1
北京八中九上2021-2022,1,1
北京八十中月考,2,1
北京八年级上册人教版物理期末考试题,2,1
北京八年级上学期undefined,1,1
北京八年级上学期会考,2,1
北京八年级下期末英语,3,1
北京六十六,2,1
北京六级英语,2,1
北京分班考高一,1,1
北京分班考高一数学,1,1
北京初三一模数学,2,1
北京初三中考一模数学,1,1
北京初三开学考数学人大附,2,1
北京初中,1,1
北京初中竞赛,1,1
北京化学合,1,1
北京化学合格,1,1
北京化学合格考第二次,1,1
北京十一学校0.5 3,1,1
北京十一学校直升,1,1
北京十一学校直升初一,1,1
北京十二中,6,1
北京十二中高一期末考试下学期,1,1
北京十五中,2,1
北京十五中分班考,1,1
北京十五中分班考高一,2,1
北京卷高考,1,1
北京历史,2,1
北京各区期末卷八一学校八年级期末,1,1
北京合格考化学,1,1
北京四中2026,1,1
北京四中初中小升初分班考,1,1
北京四中高一分班考数学,1,1
北京四中高中,1,1
北京四十五中,2,1
北京四年级上学期阶段检测,1,1
北京回民中学,2,1
北京地区二次函数单元练习卷,2,1
北京外国语实验,1,1
北京大兴,2,1
北京大兴八年级下期末英语,2,1
北京大兴初二下,3,1
北京大兴初二下英语,1,1
北京大兴高一下地理,1,1
北京大兴高一下期末英语,1,1
北京大学强基计划导数,1,1
北京大学英才班,1,1
北京大学英才班笔试,1,1
北京市,2,1
北京市2025~2026年八下期末物理,1,1
北京市2025年普通高中学业水平等级性考试,1,1
北京市2025年普通高中学业水平等级性考试（地理）,3,1
北京市2026中考试卷,1,1
北京市2026八年级下数学卷,4,1
北京市2026年普通,1,1
北京市七年级上学期期中,2,1
北京市七年级上学期期中语文,1,1
北京市三十五高一下期末生物,2,1
北京市东城区2024到2025学年高二下学期期末考试化学题,1,1
北京市东城区2024到2025学年高二下学期期末考试数学题,1,1
北京市东城区2024到2025学年高二下学期期末考试英语题,1,1
北京市东城区2024到2025学年高二下学期期末考试语文题,3,1
北京市东城区2026高二下期末考试,3,1
北京市东城区高一下,1,1
北京市东城区高三上期末考试数学,2,1
北京市东城学年高一下学期期末考试数学试题,1,1
北京市中国人民大学附属中学,2,1
北京市中考数学,1,1
北京市丰台2025到2026学年度数学期末试卷,1,1
北京市丰台2025到2026学年度数学期末试卷五年级第二学期,1,1
北京市丰台区2024-2025学年高一下学期期末考试政治试题,1,1
北京市丰台区2024到2025学年高二下学期期末考试化学题,1,1
北京市丰台区2024到2025学年高二下学期期末考试数学题,1,1
北京市丰台区2025-2026七年级下册历史期末,3,1
北京市丰台区2025-2026七年级下册道德与法治期末,2,1
北京市丰台区2025上学期高二地理期末题,2,1
北京市丰台区2025到2026学年高二下学期期末考试化学题,2,1
北京市丰台区外国语学校,2,1
北京市丰台区，2025到2026学年度八年级下册数学期末考试,2,1
北京市二中初一期中,2,1
北京市京源学校,2,1
北京市人大附中,2,1
北京市人大附高一第一次月考,2,1
北京市人民大学附属中学,2,1
北京市八一学校,2,1
北京市初二下数学期末考试,1,1
北京市力学竞赛,1,1
北京市化工大附属中学,2,1
北京市北大附中,2,1
北京市十五中,1,1
北京市大兴区2024到2025学年高二上学期期中考试数学题,1,1
北京市大兴区2024到2025学年高二上学期期末考试数学题,1,1
北京市大兴区2024到2025学年高二下学期期末考试化学题,2,1
北京市大兴区2024到2025学年高二下学期期末考试数学题,1,1
北京市大兴区2024到2025学年高二下学期期末考试语文题,2,1
北京市大兴区2025-2026学年第二学期学期期末地理试卷,2,1
北京市大兴区2025-2026学年高一下学期期末地理试卷,1,1
北京市大兴区2025到2026学年高二下学期期末考试数学题,1,1
北京市大兴区2025年小升初数学期末检测试卷,2,1
北京市学业水平合格性考试,3,1
北京市宣武外国语实验学校,2,1
北京市平谷中学,2,1
北京市忠德学校,1,1
北京市怀柔区2025到2026学年度九年级上册英语期末考试,2,1
北京市房山区2025-2026学年七年级下学期期末道德与法治试题,1,1
北京市房山区数学8年级上册,3,1
北京市房山区英语7年级下册,1,1
北京市房山区英语8年级上册,3,1
北京市新高一分班考真题,1,1
北京市昌平区2026高一下期末,2,1
北京市昌平区高一语文期末,2,1
北京市昌平区高一道法期末,2,1
北京市朝阳区2024到2025学年高二下学期期末考试化学题,1,1
北京市朝阳区2025 2026学年八年级下学期试卷,2,1
北京市朝阳区2025-2026初一上数学试卷,2,1
北京市朝阳区2025-2026学年高一下数学期末考试,2,1
北京市朝阳区2025-2026学年高一下英语期末考试,1,1
北京市朝阳区2025到2026学年高二下学期期末考试化学题,2,1
北京市朝阳区区2024到2025学年高二下学期期末考试语文题,1,1
北京市朝阳外国语学校2026初二下期中数学试卷,1,1
北京市海淀区2024到2025学年高二下学期期末考试化学题,1,1
北京市海淀区2024到2025学年高二下学期期末考试数学题,1,1
北京市海淀区2024到2025学年高二下学期期末考试英语题,1,1
北京市海淀区2024到2025学年高二下学期期末考试语文题,1,1
北京市海淀区2025 2026学年高二下学期期末考试数学样题,2,1
北京市海淀区2025-2026学年七年级上册数学期末调研评价试卷,2,1
北京市海淀区2025初一数学,2,1
北京市海淀区2025初一英语,1,1
北京市海淀区2025至2026学年第二学期期末练习,1,1
北京市海淀区中国人民大学附属中学2025-2026学年七年级上册数学期末调研评价试卷,1,1
北京市海淀区北京一零一中学 2025-2026学年七年级上册数学期末调研评价试卷,2,1
北京市海淀区北大附中新高一分班考,1,1
北京市海淀区学年高一下学期期末考试数学试题,3,1
北京市海淀区学年高一下学期期末考试物理试题,1,1
北京市海淀区小升初,2,1
北京市海淀区高一化学下,2,1
北京市第43中学,3,1
北京市第二中学生物高三开学考,2,1
北京市第八中学,5,1
北京市第四中学高一上期中数学,1,1
北京市西城2024-2025学年度第二学期期末试卷七年级英语,3,1
北京市西城区2023八年级上学期语文期中,2,1
北京市西城区2023到20249年级上册数学期末考试,1,1
北京市西城区2023到2024九年级上册数学期末考试,2,1
北京市西城区2024到2025学年高二下学期期末考试化学题,1,1
北京市西城区2024到2025学年高二下学期期末考试语文题,1,1
北京市西城区第43中学,2,1
北京市西城区高三一模,1,1
北京市通州区2023年到2024年高二下学期英语期末试卷,3,1
北京市通州区2024年到2025年高二下学期英语期末试卷,1,1
北京市通州区九上化学期中卷。,4,1
北京市通州区九上物理期中卷。,2,1
北京市通州区期中卷。,1,1
北京市通州区高二下期末数学,1,1
北京市顺义区,2,1
北京市顺义区20252026八年级下学期期末物理考试试试卷,1,1
北京市顺义区2026高二下物理期末考试,1,1
北京市顺义区2026高二下语文期末考试,1,1
北京市顺义区2027高二下语文期末考试,3,1
北京市首师大附中,2,1
北京市高一下期末物理三十五,1,1
北京市高一下期末物理通州,5,1
北京市高一下期末生物,1,1
北京市高一下期末通州,4,1
北京市高一下期末通州物理,1,1
北京市高中英语语法,4,1
北京市高中英语语法非谓语动词专项,3,1
北京市高二上期中通州,1,1
北京市高二清华附中,1,1
北京市高二英语,3,1
北京师大附中2025-2026学年（上）高一期末考试,1,1
北京师范大学,2,1
北京师范大学万宁实验学校,2,1
北京师范大学出版社小学四年级下册数学,1,1
北京师范大学英语书必修一,1,1
北京师范大学贵安附属中学,4,1
北京师范大学附属中学中考考前预测,1,1
北京师范大学附属实验中学入学,1,1
北京师范大学附属实验中学分班,1,1
北京平谷三中,2,1
北京平谷数学八年级,2,1
北京延庆区,1,1
北京必修一,1,1
北京房山七下期末英语,2,1
北京房山下学期期末考试,2,1
北京房山下学期期末考试数学,1,1
北京房山高一物理期中,2,1
北京房山高三一模,2,1
北京数学,3,1
北京数学九上期末,1,1
北京数学分数乘法,7,1
北京数学期中,1,1
北京数学期末,7,1
北京数学高一下期末,1,1
北京昌平清华附中高中分班考试卷25年语文,1,1
北京朝阳区六年级上语文,2,1
北京朝阳区高一期末英语,1,1
北京朝阳区高二期末化学,1,1
北京朝阳期中七年级上册语文,2,1
北京朝阳期末初一语文试卷,1,1
北京朝阳高三上期末 英语,2,1
北京期末考试卷,1,1
北京汇文高一分班考,3,1
北京海淀,4,1
北京海淀2023-2024第二学期期中练习高三数学,1,1
北京海淀2024届高三一模,1,1
北京海淀2024届高三一模数学,1,1
北京海淀一模,1,1
北京海淀一模高三,1,1
北京海淀一模高三2023-2024,2,1
北京海淀一模高三2023-2024数学,1,1
北京海淀小学一年级上,2,1
北京海淀统一,1,1
北京海淀高一,2,1
北京海淀高二期末 地理,1,1
北京清华附中,1,1
北京清华附中英语八年级,1,1
北京版教材,1,1
北京版数学,1,1
北京物理模拟题,2,1
北京理工附中入学,2,1
北京生物高考卷,2,1
北京病句,4,1
北京病句八上,6,1
北京的高二卷子,3,1
北京第一学期期中,1,1
北京第二中学高一上期末,1,1
北京第二中学高一下期末,1,1
北京第二中学高二下期末化学,1,1
北京第四中学,4,1
北京育才学校高三期中地理,2,1
北京育才高三期中地理,1,1
北京育才高三期中语文,3,1
北京航空航天大学,1,1
北京英语,2,1
北京英语合格考,1,1
北京英语模考,1,1
北京英语模考中考,1,1
北京英语高考,2,1
北京西城中考模拟,2,1
北京西城区七年级英语阅读每日一练,2,1
北京西城期末,1,1
北京西城高一下地理,3,1
北京西城高三期末地理,1,1
北京西城高三期末物理,1,1
北京西城高二下化学期末,1,1
北京西城高二下物理期末,1,1
北京语文初一,2,1
北京语文初三,4,1
北京语文初三背懂,1,1
北京语文初三背诵,1,1
北京语文初二,1,1
北京语文期末,2,1
北京语文语文高考,1,1
北京贯通班,2,1
北京路,1,1
北京路中学,6,1
北京迎春杯,1,1
北京通州,2,1
北京通州25-26期末高二下化学,2,1
北京通州25-26期末高二下数学,1,1
北京通州一模,3,1
北京通州区,1,1
北京通州区初二期末,1,1
北京通州区数学七下,2,1
北京通州区物理九上期中,1,1
北京通州区英语九上期中,1,1
北京通州区英语九上期末,2,1
北京通州区高二期末生物答案2026,3,1
北京通州潞河中学,2,1
北京重点校化学汇编,1,1
北京附中,2,1
北京顺义,1,1
北京顺义分班考,1,1
北京高一上学期期中,1,1
北京高一上学期期末考试数学,4,1
北京高一上学期期末考试物理,1,1
北京高一上学期阶段检测,1,1
北京高一下学期期中考试数学,2,1
北京高一下学期期末考试数学,2,1
北京高一下房山下学期期末考试物理,1,1
北京高一下期末数学,6,1
北京高一下期末英语,1,1
北京高一下期末英语第二十,1,1
北京高一分班考,5,1
北京高一向量单元测试,4,1
北京高一房山下学期期末考试数学,1,1
北京高一数学期中,2,1
北京高一数学第一学期期中,1,1
北京高一物理期中,2,1
北京高一第一学期期中,1,1
北京高中古诗文,1,1
北京高中必备古诗文,2,1
北京高中期末真题,1,1
北京高二下学期数学期末考试,1,1
北京高二下学期英语期末考试,2,1
北京高二其中政治,1,1
北京高二期中政治,1,1
北京高二期末 地理,1,1
北京高二期末数学,1,1
北京高考 物理2026,1,1
北京高考2021——2025力学专题真题卷,5,1
北京高考2026,1,1
北京高考2026年,1,1
北京高考2026年语文,2,1
北京高考2026真题,2,1
北京高考化学,1,1
北京高考化学有机,1,1
北京高考化学有机大题2021-205,3,1
北京高考卷,1,1
北京高考卷大兴,2,1
北京高考数学,1,1
北京高考物理,1,1
北京高考真题,1,1
北京高考真题语文,1,1
北京高考英语,5,1
北京高考英语2026真题,2,1
北京高考语文,5,1
北仑区,3,1
北仑区八年级上册第一单元数学试卷,3,1
北北的宠物,1,1
北塔中学七年级下册数学期末卷,2,1
北大师版8年级下册物理六八九章的计算题,2,1
北大强基生物考生回忆版,1,1
北大强基计划,1,1
北大新世纪邹城实验学校,3,1
北大英才班笔试,2,1
北大附,1,1
北大附中2025～2026,1,1
北大附中高一下期末,2,1
北安一中,1,1
北山中学,1,1
北川中学2023级入学考试,2,1
北师2026版期末,1,1
北师大七上,1,1
北师大七年级上册,1,1
北师大七年级上册单元,1,1
北师大七年级下期末数学,1,1
北师大三年级,2,1
北师大九年级三角函数,2,1
北师大九年级物理10.3比热容 题型建模专项突破,1,1
北师大信息技术,1,1
北师大信息科技,2,1
北师大四则运算,3,1
北师大实验,3,1
北师大实验中学,1,1
北师大实验中学2025到2026学年第二学期期末试卷,3,1
北师大府谷,1,1
北师大数学,2,1
北师大数学七年级,3,1
北师大数学七年级上,1,1
北师大数学七年级上知识点,2,1
北师大数学八年级上册,1,1
北师大数学八年级上册专项,2,1
北师大数学六上,1,1
北师大榆林实验中学小升初试卷,1,1
北师大版  九下,4,1
北师大版 02023 2024 七下 数学 福建省,4,1
北师大版 02023 2024 七下 数学 福建省计算,1,1
北师大版 02023 2024 八上 数学 培优,1,1
北师大版 02023 2024 八上 数学暑假,2,1
北师大版2019选择性必修第一册 第三章空间向量与立体几何 章末综合检测卷 提升,1,1
北师大版2019选择性必修第一册 第二章圆锥曲线 单元测试·提升卷 解析版,2,1
北师大版2025~2026学年九年级上册数学单元检测卷,1,1
北师大版7年级上册。数学有理数混合混合运算。,2,1
北师大版7年级上册数学有理数混合混合运算。,3,1
北师大版7年级上册数学有理数混合混合运算专项练。,1,1
北师大版9上,1,1
北师大版七下数学,1,1
北师大版七下数学平行线,2,1
北师大版七下数学计算题,2,1
北师大版七年级下期末数学试卷,2,1
北师大版九上期末数学测试卷,1,1
北师大版九年物理第十一,2,1
北师大版九年级上册数学第四章投影与视图知识归纳与题型突破,1,1
北师大版九年级下册数学长课,11,1
北师大版八年级上册数学没有同步课吗,1,1
北师大版八年级数学下册期末,1,1
北师大版六年级上册数学最新版课堂精练,1,1
北师大版六年级上册数学第四单元试卷,4,1
北师大版六年级上册数学试卷,1,1
北师大版四年级数学复习,6,1
北师大版必修二,4,1
北师大版必修二江西省,1,1
北师大版必修二英语单元测,5,1
北师大版数学临渭区七年级下册期末测评,2,1
北师大版数学九年级三单元,1,1
北师大版数学九年级三单元检测,1,1
北师大版数学九年级单元检测,3,1
北师大版第一章数学测试卷,1,1
北师大版第一章数学测试卷，选择性必修一必修,2,1
北师大版英语四年级上册,2,1
北师大版西安,1,1
北师大版西安雁塔,1,1
北师大版高一数学上学期基础综合训练卷及答案,1,1
北师大版高一数学电子版,1,1
北师大版高中英语必修二试卷,2,1
北师大珠海附中2026年高一物理期末测试,1,1
北师大电流做功,1,1
北师大电流做功期中,3,1
北师大英语,1,1
北师大英语师说,1,1
北师大贵安附校,1,1
北师大贵阳附中2024-2025,2,1
北师大附中初三分班考试就,1,1
北师大附属海口,2,1
北师大高一基本不等式,1,1
北师大高一英语上册unit1,1,1
北师大高一英语上册第一单元,2,1
北师大高一英语第一单元阅读训练,1,1
北师版一定是直角三角形吗教案,2,1
北师版九年级数学上册,2,1
北师版八上数学,4,1
北师版八上英语单词默写表,2,1
北师版数学七年级上册教案,1,1
北师版物理单位换算,5,1
北师版第三章数学七上,1,1
北师版高一数学第一单元测试卷,1,1
北师版高一第一学期数学第一单元测试卷,3,1
北斗,1,1
北斗星中学,3,1
北斗星盟,1,1
北斗星盟高二,6,1
北流市七年级下册2026年期末考答案,1,1
北流市八年级上册2026年期中考答案,3,1
北流市八年级上册2026年期末考答案,1,1
北流期末,2,1
北海市2026年7月期末教学质量检测高一答案,7,1
北海市2026年春季学期期末教学质量检测,1,1
北海市2026年春季学期期末教学质量检测英语答案,1,1
北海市2026年春季学期期末教学质量检测语文答案,3,1
北海市2026年春季学期期末教学质量检测高一,2,1
北海市2026年春季学期期末教学质量检测高一答案,1,1
北海市2026年春季学期期末教学质量检测高一英语答案,4,1
北海市七中,2,1
北海市九年级上册化学,3,1
北海市期末考试,3,1
北海市高一分班考,1,1
北海师范,1,1
北海师范8月,2,1
北海月考,2,1
北理工 分班考,1,1
北碚朝阳,3,1
北票市高级中学,1,1
北美洲PPT,2,1
北美洲、美国、加拿大PPT,4,1
北辛中学八年级数学,2,1
北辛中学通盛路,3,1
北辰区2025-2026模拟考,2,1
北辰区7年级第一学期第一次月考,1,1
北辰区7年级第一次月考,2,1
北辰区八年级,4,1
北辰区八年级华辰学校,1,1
北辰小学,1,1
北辰教育集团到2025年1月数学学车自我赋能检测,2,1
北部湾高级中学,1,1
北镇中学,2,1
北镇市2025-2026,1,1
北雅中学,2,1
匠心地理,5,1
匡河八中,1,1
区九年级英语模拟考,2,1
区域地理,2,1
区间,1,1
区间的概念及应用,1,1
十一0.53,1,1
十一中,4,1
十一中堂,1,1
十一中学,1,1
十一中学八下数学,1,1
十一学校0.5+3试卷,3,1
十一学校八下数学期末,1,1
十一学校圆周运动,2,1
十一晋元,2,1
十一选十,1,1
十七中期末,1,1
十万有多大,1,1
十三章，三角形,4,1
十中,1,1
十九,2,1
十二中分班考,2,1
十二区,1,1
十二校,2,1
十二校联考,1,1
十二校联考天津数学,3,1
十五从军征,2,1
十以上的加减法,2,1
十八中开门考,1,1
十八中福州,2,1
十句五定,1,1
十句五定法 读后续写,1,1
十四,1,1
十四中分班考,1,1
十堰一中,1,1
十堰东风高级中学,2,1
十堰各校小升初真题卷,2,1
十堰学科特长生,1,1
十堰学科特长生统考,1,1
十堰市学科特长生招生,2,1
十堰市实验中学,2,1
十堰市第一中学2025自主招生,2,1
十堰市第二中学,1,1
十堰市自主招生试卷,3,1
十堰市郧西县思源实验学校,1,1
十堰市郧阳中学自主招生试卷,2,1
十堰自主招生,1,1
十堰郧阳中学学科特长生,6,1
十堰郧阳中学学科特长生化学,3,1
十堰郧阳中学学科特长生数学,2,1
十堰郧阳中学学科特长生物理,3,1
十堰郧阳中学学科特长生英语,1,1
十堰郧阳中学学科特长生语文,2,1
十堰郧阳中学自主招生,1,1
十字交叉 含参,1,1
十字交叉 难题,1,1
十字交叉高中衔接,1,1
十字相乘含参,1,1
十字相乘法-分解因式高一,3,1
十字相乘法-分解因式高一练习题,1,1
十年高考,7,1
十月,2,1
十校联盟,2,1
十校联考江西,4,1
十道经典力学题,3,1
千灯中心小学,1,1
千里马,1,1
千里马 单元测试卷,1,1
升初一测试卷嘉祥县,2,1
升华和凝华,1,1
升学锦囊山东专版化学,1,1
升高一开学测陕西省汉中市,1,1
半偏法测电阻,4,1
半角模型例题,1,1
半角模型的例题变式,1,1
华一寄,2,1
华一高,2,1
华万学校,4,1
华万高中,2,1
华东大版8年级上册实数10.2实数微课。,3,1
华东师大版 九年级 数学,2,1
华东师大版 九年级 数学 同步分层作业,1,1
华东师大版7年级下册期末考试,2,1
华东师大版七下讲,2,1
华东师大版九下数学压轴题,5,1
华东师大版九下数学讲义,2,1
华东师范大学上饶实验中学,1,1
华东师范大学上饶实验中学高一分班卷,9,1
华东师范大学第二附属中学高二物理,1,1
华东师范大学附属贵阳中学,2,1
华东师范大学附属进华中学,2,1
华中,1,1
华中师大,1,1
华中师大一附中2026年高一下学期期末物理试卷,7,1
华中师大第一附中2021-20,2,1
华中师大附中,8,1
华中师范大学入学英语分班考试,1,1
华中师范大学第二附属中学,1,1
华中师范大学附属息县高级中学,3,1
华中师范大学附属武当中学,4,1
华中师范大学陵水顺湖中学,2,1
华中科大,1,1
华中科技大学启明实验班真题,1,1
华中科技大学附属中学,3,1
华二松江,1,1
华二松江分班考,1,1
华二紫竹2023初三拓展月考数学,1,1
华二高一数学卷,4,1
华二黄中,1,1
华亭镇中心小学,2,1
华伦一中,1,1
华伦开门,1,1
华侨,1,1
华兵中学,1,1
华兵实验中学高一下数学,2,1
华南师范大学,1,1
华南师范大学中山附属中学,1,1
华南师范大学中山附属中学选修2化学,1,1
华南师范大学附属中学选修2化学,1,1
华南师范大学附属中学高一下期末考试,2,1
华南师范附属中学高一上期中,1,1
华外,5,1
华容县,4,1
华师,1,1
华师1附中高一,2,1
华师一,1,1
华师一附,1,1
华师一附中 202 6届高三化学答案详解,1,1
华师一附中 202 6届高三英语答案详解,1,1
华师一附中中学高三英语,1,1
华师一附中数学,1,1
华师一附中长飞班选拔,1,1
华师一附中高三英语,3,1
华师一高一下期末物理,1,1
华师大一附中,1,1
华师大二附中中学高一下期末数学,1,1
华师大二附中预备,1,1
华师大二附中预备班,2,1
华师大版,2,1
华师大版七年级下册数学第一单元测试,3,1
华师大版七年级下册数学第二单元测试,1,1
华师版第三章数学七上,1,1
华师附一中自主招生,1,1
华忆,1,1
华政松高,5,1
华数之星,1,1
华数之星二级组,1,1
华数之星初一组,3,1
华星,2,1
华星开学考试,2,1
华杰,1,1
华模,5,1
华海中学初一上学期期中考试试卷,3,1
华清,1,1
华清中学,1,1
华益,3,1
华科启明实验班真题,1,1
华科附中2028届高一上数学周测训练4,9,1
华罗庚杯,1,1
华附,2,1
华附 省实 广雅 深中2026届四校联考数学,1,1
华附 省实 广雅 深中2026届高三四校联考英语,2,1
华附 省实 广雅 深中四校联考高一上数学,1,1
协作体高二期末考试,1,1
协作听力,1,1
协作校高一上辽宁期末物理,2,1
协作校高一下期末英语,2,1
协作校高一下辽宁,1,1
协作校高一下辽宁期末,2,1
协作校高一下辽宁期末化学,1,1
协作校高一下辽宁期末政治,1,1
协作校高一下辽宁期末政治2024,2,1
协作校高一下辽宁期末物理,2,1
协作校高一辽宁期末,1,1
卓尼县柳林中学,2,1
卓群,1,1
卓群中学,1,1
卓越 英语,1,1
卓越人才强基素质,1,1
卓越联盟高三,2,1
卓越联盟高三上,1,1
卓雅,2,1
卓雅外校,1,1
单 词,2,1
单 词 1 8单元 单词音频,1,1
单 词 1到5单元 单词默写,2,1
单 词 背 默,2,1
单 词背默,2,1
单 词表背默版,2,1
单 词表背默版本含音标,2,1
单位,2,1
单位 换算的专题练习,5,1
单位1专项,1,1
单位换算,1,1
单位换算专题,2,1
单位换算二上数学,1,1
单位测试,3,1
单元 测试卷,4,1
单元侧试,1,1
单元卷物态变化,1,1
单元卷物态变化物理,1,1
单元卷西师版六上,1,1
单元双测卷,1,1
单元拔高卷,2,1
单元检测卷高一数学免费,1,1
单元测试卷三角函数,1,1
单元测试卷三角函数与解三角形,1,1
单元测试卷导数,1,1
单元测试提高卷英语五年级上册,1,1
单元训练,2,1
单元试卷,2,1
单元语法讲解与分层练习,3,1
单元重点综合测试,1,1
单元集训卷12,1,1
单县 2026 期末试卷英语,2,1
单县2025- 2026 期末试卷英语,1,1
单县2025- 2026七年级 期末试卷英语,1,1
单县2025- 2026六年级 期末试卷英语,1,1
单县一中2026生物期末,2,1
单县二中,2,1
单县六年级下册期末考试试题,2,1
单县高一下册期末考试试题,1,1
单句语法填空 2025 错题整理,2,1
单招2026数学吉林真题,1,1
单招信息技术,1,1
单招数学临床,1,1
单招数学辽宁医药,1,1
单招真题,2,1
单招考试,3,1
单招试题,2,1
单杆 导轨 模型,4,1
单棒 导轨 模型专题电磁感应,1,1
单棒求位移电荷量问题,1,1
单独招生,1,1
单纯动量定理，不要其他东西,1,1
单表测电阻,2,1
单词  八上,1,1
单词 背诵版和默写版,3,1
单词 表深圳,2,1
单词 速记 八上,1,1
单词3500,1,1
单词3500汇总背默,14,1
单词3500高中,1,1
单词八年级上册,2,1
单词加音标,1,1
单词变形，语法，词汇，短语，知识点复习题-2026-2027学年高一英语必修第一册(外研版》,1,1
单词小学基础,1,1
单词录音,4,1
单词录音高一英语,1,1
单词录音高一英语必修一,1,1
单词拓展,2,1
单词拼写-根据汉语及首字母提示填单词,1,1
单词汇总,4,1
单词背诵与自测,2,1
单词背默必修一,1,1
单词英语,4,1
单词表八上,2,1
单词讲义,1,1
单词译林,1,1
单词跟读八上,2,1
单词选择性必修一,1,1
单词音频选择性必修一,2,1
单词领读,1,1
单词默写8,3,1
单词默写沪教版,1,1
单调函数,1,1
单调性,1,1
单调性 导数,3,1
单韵母 的书写,1,1
单韵母同步练习题,1,1
单韵母ｏ的书写,2,1
南2025高二期末,1,1
南一中,3,1
南一中分班考压轴题,5,1
南一中新高一分班考试试卷,1,1
南中高级中学,1,1
南丰,2,1
南京 0 202 6 二模,1,1
南京 0 2026高三 三模,1,1
南京 盐城 026高三一模,2,1
南京0模,1,1
南京10月,2,1
南京2025届高三年级学情调研,2,1
南京29中,1,1
南京8年级全册英语课后单词短袖默写表,4,1
南京8年级单词默写,2,1
南京、盐城,2,1
南京一中 新初一入学分班语文,1,1
南京一中高中数学,1,1
南京一模,1,1
南京东南实验中学,2,1
南京中月考试卷,1,1
南京中考数学,2,1
南京中考数学定理公式,1,1
南京中考数学知识点默写版,4,1
南京中考新题型 八年级,1,1
南京中考新题型班级,2,1
南京九中,1,1
南京九初,1,1
南京二十九,2,1
南京二十九中高一上2023期中化学试卷,1,1
南京八上秦淮期末,1,1
南京八上秦淮期末物理,4,1
南京分班考语文,3,1
南京初一分班考语文,1,1
南京十三中红山分校,2,1
南京南师江宁数学,1,1
南京四边形,1,1
南京四边形专题,1,1
南京四边形专题数学,2,1
南京四边形几何,1,1
南京外国语仙林分校,1,1
南京外国语学校仙林分校,1,1
南京外国语学校数学高一下,1,1
南京大学强基,1,1
南京大学附属中学,1,1
南京市 202 5中考数学真题,1,1
南京市 盐城市2025 2026学年第一学期期末调研测试高三英语,1,1
南京市2023届高三年级零模英语情调研试卷,2,1
南京市2024届高三年级零模数学情调研试卷,1,1
南京市2024届高三年级零模英语情调研试卷,1,1
南京市2025届高三年级学情调研,2,1
南京市2025届高三年级学情调研化学,1,1
南京市2025届高三年级零模数学情调研试卷,4,1
南京市2025届高三年级零模物理学情调研试卷,1,1
南京市2026届高三一模,2,1
南京市2026届高三年级第二次模拟,1,1
南京市2026届高三年级第二次模拟考试数学试题,1,1
南京市2026届高三第一学期期中学情调研,1,1
南京市2026届高三第一学期期初生物学情调研,2,1
南京市一中,2,1
南京市七校物理,2,1
南京市中华中学高一上学期月考试卷数学,1,1
南京市中考,2,1
南京市中考数学真题,1,1
南京市中考真题,2,1
南京市六合区2025年高一下期末数学七校联考,1,1
南京市六校联合体高一第二学期第1次调研考试期中,3,1
南京市南师扬子中学,1,1
南京市大厂高级中学,2,1
南京市期初统考,1,1
南京市板桥中学,6,1
南京市栖霞区七上分班考,2,1
南京市江宁高级中学。,1,1
南京市物理期末试卷,2,1
南京市盐城市2025届高三年级第二次模拟考试,2,1
南京市盐城市第一学期,2,1
南京市盐城市第一学期期末考试,1,1
南京市盐城市高三一模英语试卷,2,1
南京市盐城市高三二模英语试卷,1,1
南京市第一中学2025-2026学年高一上学期10月月考数学试题,1,1
南京市第十三中学,1,1
南京市第十三中学台城,1,1
南京市联合体2025~2026期末考试卷。七年级下,3,1
南京市联合体八上2024~2025期末考试卷英语,3,1
南京市金陵中学,2,1
南京市金陵中学8年级英语8Aunit3综合测试三,1,1
南京市高一上物理期末,3,1
南京市高三上8月月考,2,1
南京市高三九月,1,1
南京市高三数学三模,3,1
南京市高三零模,2,1
南京师大附中2024-2025,1,1
南京师大附中2024-2025上学期,1,1
南京师大附中2025~2026学年度第二学期高一年级期末考试英语试卷,5,1
南京师大附中2025~2026学年度第二学期高一年级期末考试英语试卷听力,1,1
南京师范大学附属中学高一,2,1
南京师范大学附属扬子中学,2,1
南京强基,1,1
南京强基计划,1,1
南京教研室2026高考数学样卷,2,1
南京教研室高三调研英语,2,1
南京期中,3,1
南京求真中学,2,1
南京盐城2025模拟考试数学,4,1
南京盐城二模,2,1
南京秦淮外国语学校,1,1
南京竹山中学,2,1
南京第九中学,1,1
南京第九中学初中部,1,1
南京第九初级中学,3,1
南京第二十九中学,1,1
南京第十三中学,2,1
南京第十三中学红山分校,1,1
南京联合体期末,2,1
南京航空航天,2,1
南京英语五年级下册试卷,1,1
南京英语六年级上册综合卷,1,1
南京译林版英语中考语法知识点大全,2,1
南京选拔,2,1
南京邮电大学大二,2,1
南京郑和外国语学校,1,1
南京金中河西分校,1,1
南京金陵汇文中学,2,1
南京金陵汇文学校,1,1
南京雨花台中学,1,1
南京雨花台初级中学,1,1
南京高一上学期英语试卷,5,1
南京高一下期末化学试卷,1,1
南京高一分班考数学,2,1
南京高一数学下册期末,1,1
南京高一期末数学,3,1
南京高三数学,3,1
南京高三期初调研,1,1
南京高二七校联考数学试卷,3,1
南京高二七校联考语文试卷,3,1
南京高二下期末,1,1
南京高二下期末数学,2,1
南京高二二十九,2,1
南京鼓楼7年级数学试卷,1,1
南侨中学,1,1
南充中考2023生物,1,1
南充中考2025化学,1,1
南充中考2025数学,4,1
南充中考2025物理,4,1
南充初一,1,1
南充初一数学,3,1
南充市2020-2021高中二年级上期数学期末试卷,1,1
南充市2020-2021高中二年级数学期末试卷,1,1
南充市2021高二上期数学期末试卷,3,1
南充市2023年高一期末数学卷子,1,1
南充市2026年春季学期高中一年级教学质量监测 选用卷,2,1
南充市2026年期末试卷数学试卷,1,1
南充市2026年高一期末化学卷子,2,1
南充市一诊数学考试,2,1
南充市中考,2,1
南充市中考物理试卷2019年,1,1
南充市九年级上期历史期末质量监测2024 2025,1,1
南充市九年级上期历史期末质量监测2024-2025,3,1
南充市二O二五年初中学业水平考试,4,1
南充市嘉陵一中。2026年9年级上册第一次月考,1,1
南充市嘉陵区嘉陵一中。2026年9年级上册第一次月考,2,1
南充市数学,1,1
南充市物理高二,1,1
南充市物理高二开学,1,1
南充第一中学,2,1
南充高一化学期末考试卷,1,1
南充高一地理,1,1
南充高一政治,1,1
南充高中2026年卓越人才强基训练初三的物理试卷,1,1
南充高中高2024级英语月考,3,1
南充高中高2026,2,1
南充高级中学数学八年级上第一次监测,1,1
南充高级中学高一,1,1
南充高级中学高一下学期语文,2,1
南充高级中学高一历史,1,1
南充高级中学高一地理,1,1
南充高级中学高一政治,1,1
南充高级中学高一英语,4,1
南充高级中学高一语文,1,1
南县,1,1
南召县七下期末试卷,3,1
南召县七下期末试卷英语,2,1
南坪中学,1,1
南外集团2025八年级第二实验学校,1,1
南外集团2026三模第二实验学校,2,1
南大,1,1
南大班,2,1
南大附中,1,1
南宁 026 届 三美,1,1
南宁 三中,2,1
南宁 语文,1,1
南宁17中,1,1
南宁2026,2,1
南宁三中2025至2026学年度下学期高二期考,1,1
南宁三中分班考,1,1
南宁三中升学考,1,1
南宁三中南宁三中2024~2025学年度下学期高一期考,7,1
南宁三中期末物理,1,1
南宁三中高一,1,1
南宁三美分班考,1,1
南宁三美学校,2,1
南宁三美开学考,4,1
南宁二中分班考,2,1
南宁二中高一英语期末,1,1
南宁二模,1,1
南宁分班考,1,1
南宁分班考试,1,1
南宁初中分班考,1,1
南宁十中,1,1
南宁十四中,1,1
南宁市,1,1
南宁市2023至2024学年度上学期第三阶段素质评价八年级物理,3,1
南宁市中考试卷,1,1
南宁市中考试卷化学,1,1
南宁市九年级上册10月月考物理试卷,1,1
南宁市九年级上册10月月考英语试卷,2,1
南宁市九年级上册14中10月月考英语试卷,1,1
南宁市十月摸底,1,1
南宁市天桃实验学校2025年春季学期期末考试七年级英语,1,1
南宁市新民中学初一数学入学考试测试卷,1,1
南宁市期末,1,1
南宁市第三中学新初一分班英语,1,1
南宁市第三十四中,1,1
南宁市第三阶段素质评价,1,1
南宁市联考,1,1
南宁市银海三雅,1,1
南宁市银海三雅期末,1,1
南宁期中考试,1,1
南宁期末考试,1,1
南宁第二中学,3,1
南宁银海三雅高一上,1,1
南宁高一下期末,2,1
南宁高一下期末物理,1,1
南安,4,1
南安一中语文,5,1
南安市第一中学,1,1
南山,2,1
南山二模,2,1
南山区2026五下,1,1
南山区2026五年下册,1,1
南山小学时代南湾校区,1,1
南岗,1,1
南岗五校联考,2,1
南岗区,1,1
南岗区六上语文,2,1
南岗四模,1,1
南岸,1,1
南岸八年级下期期末,2,1
南岸区110,1,1
南岸区2020至2021学年八年级下期期末,1,1
南岸区一一0,1,1
南岸区七下期末数学,3,1
南岸区八上,1,1
南岸区八上八下数学,1,1
南岸区八上数学,2,1
南岸区地理,1,1
南岸区期末考试,2,1
南岸区期末考试化学,3,1
南岸区物理,2,1
南师大2025,1,1
南师附中 天一 海安 海门,2,1
南师附中校本学案,2,1
南师附中高一下期末数学,2,1
南平2024 2025学年第二学期高二期末质量检测数学试题,1,1
南平2025 2026学年第二学期高二期末质量检测数学试题,2,1
南平2025 2026学年第二学期高二期末质量检测物理试题,1,1
南平2025高二期末,1,1
南平2026高二期末,1,1
南平一中入学考试武夷校区,1,1
南平一中入学适应性训练,1,1
南平一中分班考,1,1
南平一中实验班,1,1
南平一中自主招生,1,1
南平剑津中学英语期中考试试卷八上,1,1
南平市六年级,2,1
南平市学业水平考试査询,1,1
南平市期末,5,1
南平市第一中学,1,1
南平市自主招生卷物理,3,1
南平市英语七年级上册第1次月考试卷,2,1
南平市高一,1,1
南平市高一物理期末考,2,1
南平期末物理,2,1
南平期末考,2,1
南平物理,1,1
南平统考,2,1
南平高一数学第一次月考,4,1
南平高一英语第一次月考,3,1
南平高二下期末化学,1,1
南平高二期末物理,1,1
南开 重庆,3,1
南开七年级下学期数学,1,1
南开中学2024高一开学考试,2,1
南开中学天津,2,1
南开中学开学考试,1,1
南开中学滨海,3,1
南开九年级一模,3,1
南开二模,2,1
南开化学,1,1
南开区2024—2025高三第一学期期末英语,3,1
南开区地理高三,2,1
南开区翔宇第一次月考,1,1
南开区翔宇第一次月考九年级,1,1
南开区语文期末,2,1
南开区高一期中,2,1
南开区高一期末数学,1,1
南开区高一期末物理试卷,6,1
南开区高三年级,1,1
南开区高三年级模拟考试,1,1
南开区高二上学期期中英语,2,1
南开区高二上学期期末英语,1,1
南开区高二下期末,1,1
南开期末,1,1
南开生态城开学考,1,1
南开生态城高三上学期开学,2,1
南开生态城高三开学,1,1
南开田家炳月考第一次九上物理,2,1
南开语文中考模拟,3,1
南开高一下期末,1,1
南开高二,1,1
南开高二重庆,3,1
南开鹏飞,1,1
南开鹏飞高二上数学,1,1
南方中学,2,1
南方凤凰台 2026高考一轮,5,1
南方凤凰台 2026高考一轮物理,5,1
南方凤凰台 2027高考一轮复习,2,1
南方凤凰台 2027高考一轮复习导学案,1,1
南方凤凰台 2027高考一轮复习数,1,1
南方凤凰台 一轮复习数学,3,1
南方新学堂,1,1
南方科技大学附属中学,2,1
南方风凰台 5A新考案数学基础版第2讲至第14讲,1,1
南昌 02 6 高三 二模,1,1
南昌1中,1,1
南昌28中高新实验学校八年级上册数学,1,1
南昌28中高新实验学校八年级上册第一次月考,1,1
南昌28中高新实验学校八年级上册第一次月考数学,2,1
南昌一模初三2026政治,1,1
南昌一模数学,1,1
南昌一模数学高考,1,1
南昌三模政治,1,1
南昌中学,1,1
南昌中学教育集团2025至2026学年第二学期8年级下期末数学学科试卷,2,1
南昌中学教育集团2025至2026学年第二学期九年级下期末数学学科试卷,1,1
南昌二中2025 2026高一上月考物理,4,1
南昌二中八上11月期中英语,2,1
南昌二中八上期中英语,1,1
南昌二中高一2026期末,2,1
南昌八下数学期末,2,1
南昌八年级上册数学期中,1,1
南昌十中,1,1
南昌十九中,2,1
南昌县,1,1
南昌县2026七下数学,2,1
南昌县三下2025-2026,3,1
南昌县五年级上册数学期中,2,1
南昌县县5年级上册语文期中,2,1
南昌县莲塘第一中学,2,1
南昌外国语保送考试全科真题试卷,7,1
南昌外国语学校,3,1
南昌外国语高三保送选拔,6,1
南昌市2025届高三摸底测试英语,2,1
南昌市2026届高三年级四月检测数学试题,4,1
南昌市八下数学期末考试,1,1
南昌市八下期末考试,3,1
南昌市新建二中高一下学期期末,1,1
南昌市新建区高一下学期期末,1,1
南昌市立德朝阳中学,1,1
南昌市第二中学2025 2026高一上月考物理,2,1
南昌市第二中学高二下期末化学,1,1
南昌市第二中学高二下期末数学,2,1
南昌市西湖区外国语,1,1
南昌市高一下学期期末试卷,1,1
南昌第二中学高二下期末数学,2,1
南昌莲塘一中高一下学期期末,4,1
南昌零模,1,1
南昌高一下学期英语,1,1
南昌高一期末,2,1
南昌高三三模,2,1
南明区,2,1
南春中学,2,1
南桥,1,1
南模高三数学,3,1
南汇中学 分班考,2,1
南汇二中,1,1
南江中学新高一,1,1
南江中学新高一开学,2,1
南江中学高一开学测试,1,1
南江期末考试高二,2,1
南江高一开学测试,1,1
南沙二模,1,1
南沙区九上物理,2,1
南沙区高二期末,5,1
南沙小学,3,1
南沙小学时代南湾校区,1,1
南海中学高一数学,1,1
南海区 2 0 2 6 一模,2,1
南海区2024一2025五年级上学期期末数学试卷,2,1
南海区2024一2025六年级上学期期末数学试卷,1,1
南海区2024年7月五年级英语卷,2,1
南海区2025一2026九年级上学期期末数学试卷,1,1
南海区2025一2026五年级下学期期末数学试卷,1,1
南海区2026数学中考试试卷,1,1
南海区三水区2023至20247月五年级英语卷子,6,1
南海区三水区2023至2024六年级小升初英语卷子,5,1
南海区三水区2023至2024六年级语文卷子,2,1
南海区九年级上学期月考,3,1
南海区九年级上学期第一次月考,4,1
南海区九年级数学中考卷,1,1
南海区五年级上册期末试卷,2,1
南海区八年级下册期末,2,1
南海区初三上册,2,1
南海区初二下册,1,1
南海区初二下册英语,1,1
南海区大沥镇四上语文第一单元,3,1
南海区英语第一次考试高中,2,1
南海区高一第一次考试,3,1
南海华附,1,1
南海外国语学校,1,1
南海外国语学校五年级,1,1
南海外国语学校五年级下期末,1,1
南海外国语学校六年级,3,1
南海外国语高级中学高三第一次月考,3,1
南海汉文外国语学校5年级,5,1
南海汉文外国语学校6年级,1,1
南海翰林实验学校,3,1
南涧,1,1
南涧一中,2,1
南湖第一中学集团202 4到202 5七年级下册地理期末试卷,1,1
南漳一中,2,1
南疆2020到2025中考真题卷子,1,1
南皮县第一中学,2,1
南盛,2,1
南票区2025-2026年七下生物期末测试卷,2,1
南科大附中,1,1
南菁高中,2,1
南菁高级中学,2,1
南通 0 模 202 6 高三二模,2,1
南通2025 2026年高一下学期期末考试,1,1
南通2025年高二上学期期中数学,1,1
南通2026面高一期末,1,1
南通4模,2,1
南通8上英语,2,1
南通一模化学,2,1
南通七年级上第一次月考英语,2,1
南通中学2025 2026学年高一上学期,10,1
南通中学附属初中,2,1
南通中学附属实验,4,1
南通中学高一上学期第一次月考,1,1
南通中学高三数学,1,1
南通中等职业学校,1,1
南通中考,1,1
南通中考政治,2,1
南通中考生物,1,1
南通中考试卷,3,1
南通九年级上第一次月考英语,2,1
南通二模,1,1
南通八年级上第一次月考,1,1
南通八年级下册期末试卷,6,1
南通化学,2,1
南通如东2023~2423学年度四年级下学期期末调研测试数学,3,1
南通如东2024~2025学年度六年级下学期期末调研测试数学,2,1
南通如东2025~2026学年度七年级上学期期末调研测试数学,6,1
南通如东2025~2026学年度七年级上学期期末调研测试生物,1,1
南通如东2025~2026学年度七年级上学期期末调研测试英语,1,1
南通如东2025~2026学年度七年级上学期期末调研测试语文,3,1
南通如皋,2,1
南通如皋第一学期英语第一个月考,1,1
南通如皋高一上第一学期英语第一个月考,1,1
南通如皋高一第一学期英语第一个月考,1,1
南通市2021高三三模英语,5,1
南通市2026届高三学业质量监测,1,1
南通市三年级下册数学,2,1
南通市三年级下册语文,1,1
南通市八年级期末考试卷,1,1
南通市启东市长江中学2024~2025,1,1
南通市启东市长江中学2024~2025学年7年级上册期末数学,1,1
南通市启秀,1,1
南通市数学试卷,1,1
南通市第一初级中学,4,1
南通市英语试卷,4,1
南通市通州区七上期末试卷,2,1
南通市高三九月调研物理,2,1
南通市高三二模英语试卷,1,1
南通市高三期中,2,1
南通市高三模拟英语试卷,1,1
南通开学考,1,1
南通海安八下物理试卷,2,1
南通海门2024~2025六年级第二学期中,1,1
南通海门高一上数学期中,8,1
南通海门高一上英语期中,2,1
南通生物,1,1
南通生物期末,1,1
南通第一初级,2,1
南通联考高一英语,1,1
南通联考高一英语下学期,2,1
南通高一,1,1
南通高一上册数学月考考试试题,1,1
南通高一上册数学第一次月考考试试题,1,1
南通高一上学期数学第一周周考,1,1
南通高一下期末英语,4,1
南通高一数学,2,1
南通高一数学周考,5,1
南通高一数学第一周周考,1,1
南通高三9月份物理,2,1
南通高三上9月份,1,1
南通高三上期初语文,1,1
南通高中英语上第一次月考,1,1
南通高中英语第一次月考,2,1
南郑中学,2,1
南门中学,1,1
南门小学,2,1
南阳 026 高二下 学期 期末,1,1
南阳 2026 高一下期末,2,1
南阳2024英语期末试卷,2,1
南阳2025高一下学期期中考试卷子,2,1
南阳一中2025高一开学测,6,1
南阳一中2026高一开学测,1,1
南阳一高,1,1
南阳初一期末,1,1
南阳华师大版七年级下册数学第一单元测试,1,1
南阳南召初一期末,6,1
南阳卧龙区八年级2026期末卷,1,1
南阳宛城区八年级2026期末卷,1,1
南阳市,2,1
南阳市202 5初二期末物理,4,1
南阳市2025年高一上学期期中化学,1,1
南阳市2025年高一上学期期中数学,6,1
南阳市2025年高一上学期期中物理,3,1
南阳市2025年高一下学期期末考试数学,1,1
南阳市2025年高一期中数学,1,1
南阳市2025年高二上学期月考试数学,2,1
南阳市2025高二月考,2,1
南阳市2026高一年级下学期期末考试语文,1,1
南阳市2026高二期末物理,1,1
南阳市七上期中考试卷,3,1
南阳市中心城区八年级2026期末卷,2,1
南阳市中心城区八年级2026物理期末卷,1,1
南阳市中心城区八年级期末卷,2,1
南阳市九年级上册第一次月考试卷,2,1
南阳市五中开学考,1,1
南阳市八年级2026数学期末卷,1,1
南阳市八年级上册数学期中考试卷,2,1
南阳市八年级上册物理期中考试卷,5,1
南阳市八年级物理期未卷,1,1
南阳市宛城区2026年九年级第一次监学检测英语试卷,1,1
南阳市宛城区六下英语,1,1
南阳市宛城区小升初试卷,2,1
南阳市宛城区期中考试试卷卷数学九年级上册,2,1
南阳市方城县,1,1
南阳市方城县人教版三年级,1,1
南阳市期中考试高一上,3,1
南阳市淅川县2022九年级上物理期中试卷,1,1
南阳市淅川县2025九年级上化学月考试卷,7,1
南阳市第一中学高一下第一次月考,1,1
南阳市第一中学高二上开学考,3,1
南阳市第十三中分班考试,2,1
南阳市第十三完全,1,1
南阳市考试高一上期中,1,1
南阳市考试高一上期末,2,1
南阳市高一数学下学期期末考试,2,1
南阳市高一物理下学期期末,1,1
南阳邓州市,1,1
南阳高一下期末,1,1
南阳高二期末数学,1,1
南雄中学,2,1
南雅2026高二限时训练物理,2,1
南雅中学初升高,1,1
南雅中学小升初,2,1
南雅星沙,2,1
南雅星沙分班考试卷,6,1
南雅星沙高二,1,1
南雅高二数学限时训练,2,1
単何,3,1
単词,3,1
博伦,1,1
博山八斗九年级化学上册期中试卷,3,1
博山八陡九年级物理上册期中试卷,3,1
博山山头中心学校,1,1
博山山头中心学校初四化学,1,1
博山山头中心学校初四化学期中,2,1
博文中学高中,1,1
博文学校,1,1
博白县中学,1,1
博白县中学10月月考数学,2,1
博白高中,1,1
博白高级中学,1,1
博白高级高中,1,1
博硕,1,1
博罗县九年级上册月考化学,1,1
博雅,2,1
博雅培文,2,1
博雅培文自主招生,1,1
卡方,1,1
卢中南正楷《高中必背古诗文72篇,2,1
卢龙县,2,1
卢龙县2025 2026学年度期末质量检测,1,1
卢龙县中学,3,1
卧龙区八年级,1,1
卫辉一中,3,1
印度2022年高考数学,3,1
印江江县,2,1
即墨一中,2,1
即墨一中 高一数学月考卷,2,1
即墨二中竞赛,1,1
即墨五中,1,1
即墨区,1,1
即墨区2026高一期末考试试卷,11,1
即墨区八年级上册物理第一次月考试卷,6,1
即墨区六三制八年级上册数学第一次月考试卷,12,1
即墨区实验学校,2,1
即墨区实验高级中学。,8,1
即墨区高一化学期中,2,1
即墨第一中学,2,1
即学即练,4,1
卷4｜全国同源拔高·2025.10 安徽新高考Ⅰ卷高一十月大联考（同卷型省份）,2,1
卷5｜顶尖压轴·2025.09 湖北新高考协作体9月高一联考（新高考Ⅰ卷强省）,1,1
卷子化学选必二,1,1
卷子政治,3,1
卷行天下,1,1
卷行天下2026周测卷三第1章综合,1,1
卷行天下2026周测卷金太阳,1,1
卷行天下金太阳,1,1
卷霸初中期末冲刺卷八上语,2,1
卷霸必修一数学第3单元。,5,1
卷霸高中同步测试卷,1,1
卷，,1,1
历下,1,1
历下区一模中考,1,1
历史 0一轮复习,1,1
历史 一轮复习,1,1
历史 思维导图,1,1
历史 明清,2,1
历史 第一单元到第二单元,1,1
历史100条,1,1
历史2025年北京市第二次普通高中学业水平合格性考试,1,1
历史8年级上册专项练习,1,1
历史8年级上册第1单元,1,1
历史一轮复习,1,1
历史一轮复习专题,1,1
历史一轮复习专题卷,2,1
历史一轮复习专题高考,2,1
历史一轮复习思维导图,2,1
历史七下,4,1
历史七下期末试卷天津,2,1
历史七下高分突破,2,1
历史七年级上册选择题,1,1
历史中国古代史,2,1
历史中考,1,1
历史中考复习七年级上册选择题,3,1
历史中考复习七年级下册选择题,5,1
历史中考无锡,1,1
历史中考无锡2025,1,1
历史九上 第1单元,1,1
历史九上 第一单元,2,1
历史九上 第三单元,2,1
历史九上 第二单元,1,1
历史九上期中,2,1
历史九下,1,1
历史人教版必修上册,2,1
历史人教版选择性必修三教材笔记，每页标注,2,1
历史人物,4,1
历史八上单元,1,1
历史八上大考前冲刺,1,1
历史八上大考前冲刺题库,2,1
历史八上知识清单,2,1
历史八下,3,1
历史八下河北沧州,1,1
历史八年级上背诵知识点,2,1
历史初一下册期末卷河北邯郸,2,1
历史初一下册期末卷河邯郸,1,1
历史初中学业水平试卷,5,1
历史合格考山东,2,1
历史周练,1,1
历史复习七年级资料,1,1
历史复习七年级资料上海,1,1
历史复习提纲,1,1
历史大题,1,1
历史大题 答题技巧,1,1
历史大题不同点类答题模板,1,1
历史山东2022年高考,1,1
历史必修一知识点,5,1
历史必修一第1单元,6,1
历史必修一第一单元,2,1
历史思维导图,6,1
历史搜题,4,1
历史教材电子版,1,1
历史时间轴,3,1
历史昆山第二中学2025~2026期末卷七年级下册下次,1,1
历史期末考试2025年,1,1
历史材料题,1,1
历史比较两个时期的制度差异与原因这种题怎拿分,2,1
历史江西,2,1
历史济宁一模,3,1
历史淄博一模,2,1
历史真题,1,1
历史知识梳理,3,1
历史知识点背诵,2,1
历史秦汉时期,2,1
历史第1单元自测卷,2,1
历史第一课,8,1
历史第二单元,2,1
历史纲要上ppt,2,1
历史纲要上知识,1,1
历史纲要上第1单元 从中华文明起源到秦汉统一多民族封建国家的建立与巩固 70道选择题,1,1
历史纲要上第1单元70道选择题,1,1
历史纲要上第1单元知识点以及题？,2,1
历史综合题,1,1
历史背默100条,1,1
历史背默清单,3,1
历史论述题,2,1
历史论述题答题模版,2,1
历史试卷,1,1
历史选修一知识点挖空,1,1
历史选修一知识点挖空题,2,1
历史选必2笔记,3,1
历史选必一,2,1
历史选择 高考,1,1
历史选择性必修1第一课试卷,2,1
历史选择性必修三,1,1
历史选择性必修三青海,1,1
历史金太阳,1,1
历史题,5,1
历史高一下期末,2,1
历史高一第一单元,2,1
历史高中必刷题,1,1
历史高考卷,1,1
历史高考卷河北,1,1
历史高考卷黑吉辽蒙,1,1
历史高考真题卷,2,1
历史高考试卷,2,1
历史高考选择题专项,4,1
历史高考题,1,1
历城九上期中物理,1,1
历城二中 2026 2027学年语文综合测试卷,3,1
历城二中 语文,1,1
历城二中2025~2026学年高一生物必修二综合测试卷,3,1
历城二中2026 2027学年高一英语综合测试卷1,1,1
历城二中2026 2027学年高一语文必修下综合测试卷1,1,1
历城二中2026-2027学年高一英语必修二必修三综合测试卷,1,1
历城二中高一 2026 2027学年语文,1,1
历城二中高一 2026 2027学年语文综合测试卷,1,1
历城二中高一上期中数学,1,1
历城二中高一英语,1,1
历城二中高一英语综合测试卷1,1,1
历城二中高二,1,1
历城区九上期中物理,1,1
历城区八年级英语,1,1
历城区期末2026,4,1
历年八年级下册语文期末试卷 符合中考模式,11,1
历年化学高考真题,3,1
历年唐山一中高一上月考卷,3,1
历年数学高考真题,6,1
历年河南高考卷子,1,1
历年生物高考真题,2,1
历年语文高考真题,2,1
历年高考内蒙古物理卷,2,1
历年高考内蒙古物理卷真题,1,1
历政地,1,1
压力压强 20226中考专题复习,4,1
压强专题,2,1
压强浮力综合题,1,1
压强浮力综合题贵州,3,1
压轴,3,1
压轴卷,3,1
压轴大题,1,1
压轴题七下,1,1
压轴题专项,1,1
压轴题专项训练九年级,4,1
压轴题专项高三,2,1
压轴题几何,6,1
压轴题数学,2,1
压轴题数学七下,1,1
压轴题的解题策略,1,1
厚德,1,1
厚德诚品2027届名师点播特训周周清试卷。,6,1
原函数与导函数混合,1,1
原创精品资源学科网独家专有版权侵权必究,1,1
原创精品资源学科网独家专有版权侵权必究 七年级上册,1,1
原始社会,1,1
原子结构 2025一轮复习专题,2,1
原子结构 原子核,2,1
原子结构与元素性质,4,1
原子结构与原子核,1,1
原子结构与原子核 天津专用,3,1
原子结构与性质,2,1
原子结构与性质单元复习,4,1
原子结构学案,1,1
原电池和电解池专题,7,1
原电池和电解池专题试卷,1,1
原电池知识点,1,1
厦外开学考,1,1
厦大附中2025至2026学年下学期高二年级期期末质量检测,1,1
厦大附中初二,1,1
厦大附中自主招生,1,1
厦大附中自主招生数学试卷,1,1
厦门 02 026 7月质检高一,1,1
厦门 9月质检,2,1
厦门 一中一轮复习卷,1,1
厦门 几何初步,2,1
厦门 数学,1,1
厦门 数学高中,2,1
厦门 月考,1,1
厦门 第一次月考,3,1
厦门 质检,1,1
厦门10月,1,1
厦门10月质检,1,1
厦门2025至2026学年下学期高三年级期期末质量检测地理,1,1
厦门2025高一下期末英语质检,1,1
厦门2026三模,2,1
厦门2026三模语文,2,1
厦门2026高二下期末年级质量检测化学试卷,4,1
厦门2026高二下期末年级质量检测数学试卷,1,1
厦门2026高二下期末年级质量检测物理试卷,1,1
厦门一中2026高一期中考化学,4,1
厦门一中中学,1,1
厦门一中九上期中,1,1
厦门一中开学考,2,1
厦门一中思明分校,1,1
厦门一中英语,1,1
厦门一中集美分校灌口中学,1,1
厦门一中高一上学期第一次月考,1,1
厦门一中高一生物期末,3,1
厦门一中高三地理,1,1
厦门一中高二化学,1,1
厦门一中高考最后一卷英语,1,1
厦门一年级上数学期末,1,1
厦门一检,1,1
厦门九上期末,1,1
厦门九年级英语,1,1
厦门九月,1,1
厦门二中,3,1
厦门二检,1,1
厦门五年级下册期末数学,2,1
厦门八年级英语,5,1
厦门八月,2,1
厦门六中初一,1,1
厦门六中高一入学考,1,1
厦门十一中,3,1
厦门华侨中学,2,1
厦门双十中学2025至2026学年上学期高三地理第二次月考试卷,2,1
厦门双十中学思明分校,4,1
厦门双十中学期中,2,1
厦门双十中学物理期末,1,1
厦门双十中学高二,1,1
厦门双十中学高二上,2,1
厦门双十中学高二上月考,4,1
厦门双十生物,1,1
厦门双十英语卷子,1,1
厦门双十英语卷子高中,2,1
厦门双十高一下学期期末考试,1,1
厦门双石福建泉州联考,1,1
厦门双石福建泉州联考热化学,1,1
厦门外囯语学校,3,1
厦门外国语学校12月份,3,1
厦门外国语学校强基入学,1,1
厦门外国语学校强基分班,2,1
厦门外国语学校高一强基,3,1
厦门外国语学校高一期末考试,1,1
厦门外国语学校高中,3,1
厦门外国语学校高中强基,1,1
厦门外国语高三地理,2,1
厦门大同,2,1
厦门大学强基,1,1
厦门大学附属科技中学,4,1
厦门大学黄牛,1,1
厦门实验中学,1,1
厦门市 2025 2026 高一下学期期末质量检测试题,5,1
厦门市 2026 初三上学期语文,9,1
厦门市 高一下学期期末质量检测试题,1,1
厦门市2024~2025第二学期质量检测高二,1,1
厦门市2025-2026学年高二下学期期末阶段性练习政治试卷,3,1
厦门市2025-2026阶段性练习历史试卷,2,1
厦门市2025至2026学年下学期高二年级期期末质量检测,3,1
厦门市2025至2026学年高一下学期期末质量检测期末质量检测质量检测地理,1,1
厦门市2025至2026学年高一下学期期末质量检测期末质量检测质量检测物理,2,1
厦门市2026五月英语毕业班听力,1,1
厦门市2026年普通高中高二调研测试二化学,1,1
厦门市双十2021年物理期中考试卷,3,1
厦门市双十中学高二数学期中,2,1
厦门市双十八年级2021年物理期中考试卷,1,1
厦门市同安实验中学,1,1
厦门市大同中学高一新生入学考试卷,1,1
厦门市期末质检,1,1
厦门市杏东中学,2,1
厦门市槟榔中学九上月考数学试卷,1,1
厦门市湖滨中学九上月考数学试卷,2,1
厦门市质二检,1,1
厦门市质检高一下语文,1,1
厦门市质检高二下物理,1,1
厦门市高一下学期期末质量检测试题,1,1
厦门市高一下学期质检,1,1
厦门市高一新生入学考试卷,7,1
厦门市高二下学期期末质检,1,1
厦门市高二下学期期末质检物理,2,1
厦门市龙湫亭实验学校,3,1
厦门数学期末,1,1
厦门是2026年高中第1次地质,1,1
厦门海沧华附实验中学,2,1
厦门湖滨中学,1,1
厦门湖里区初二下学期数学期末检测试卷,1,1
厦门第六中学,1,1
厦门英语,1,1
厦门质检,2,1
厦门质检卷,1,1
厦门质检高一,1,1
厦门高一下,2,1
厦门高一下册物理期末试卷,3,1
厦门高一下期末,1,1
厦门高一期末市质检地理2026,1,1
厦门高三三检,1,1
厦门高三地理,3,1
厦门高三地理双十,1,1
厦门高三物理,2,1
厦门高三英语,1,1
厦门高三英语期末考,1,1
厦门高三英语第1次质检,1,1
厦门高三质检,4,1
厦门高二上政治,1,1
厦门高二上政治月,1,1
厦门高二上政治月考,1,1
厦门高二下,1,1
厦门高二下期末化学,3,1
厦门高二数学期末,3,1
厦门高二英语期末考,2,1
去外婆家生字预习,2,1
去尾法,2,1
去年六升初分班考的试卷,2,1
去年分班考考卷,1,1
去年第一零诊试语文四川成都,1,1
县中联盟,5,1
县域重点高中,2,1
参照物,3,1
参考系质点,2,1
参考系质点专项,1,1
及时雨,7,1
及时雨默写本,1,1
友好学校,2,1
友谊,1,1
双余弦,3,1
双动点问题,2,1
双十2025-2026高一上学期期中考试,2,1
双十26届高三热身考,1,1
双十中学思明分校,1,1
双十中学英语,3,1
双十中学高一数学,2,1
双十中学高三下物理,1,1
双十第一次月考,2,1
双变量恒成立问题,6,1
双台子区实验中学,2,1
双城区第三中学,2,1
双城期末考试,1,1
双峰一中试卷,1,1
双峰三中,1,1
双峰六年级下期末试卷,2,1
双峰县,1,1
双成学案,5,1
双曲线培优,1,1
双杆,5,1
双杆切割,2,1
双棒,2,1
双棒双场,2,1
双概念类大作文,1,1
双水解,1,1
双流中学,1,1
双流中学高一上期末考试,1,1
双流中学高二,1,1
双流中学高二数学上,1,1
双流区2026年初二数学期末,4,1
双流区七年级下册期末试题,1,1
双流区八年级上册期末试题,2,1
双直角三角形模型,1,1
双磁场,3,1
双线桥,4,1
双线桥电子转移,1,1
双菱中学,2,1
双菱中学期末达标检测化学,1,1
双菱月考,2,1
反应热 中和热,1,1
反应热 焓变测试,1,1
反应热 焓变试卷,1,1
反应热与焓变，盖斯定律ppt,4,1
反应热焓变,2,1
反应热的计算,2,1
反应热的计算习题,1,1
反应速率,1,1
反意疑问句,3,1
反比例 025 一轮 专题 习题,1,1
反比例 函数,1,1
反比例函数k的几何意义,1,1
反比例函数「上好课·2026新九年级数学暑假自学课」系列电子讲义文档,2,1
反比例函数九年级,1,1
反比例函数单元卷,4,1
反比例函数单元检测卷,2,1
反比例函数压轴,2,1
反比例函数图像「上好课·2026新九年级数学暑假自学课」系列电子讲义文档,1,1
反比例函数沪科版,4,1
反比例函数的性质,2,1
反比例函数第4讲,1,1
反比例函数综合应用难题,2,1
反比例函数苏教版,2,1
反比例函数苏科版,2,1
反比例函数题型提分练（鲁教版）,4,1
反比例压轴小题,1,1
反比例的知识点,2,1
发展小学,1,1
发现,1,1
发电机,1,1
发酵工程大体,1,1
发醇工程,1,1
受力 分析  高一物理,1,1
受力 分析 100图,1,1
受力分析 共点力平衡高中,1,1
受力分析与动态平衡,3,1
受力分析专题,3,1
受力分析专题卷,1,1
受力分析专题复习,2,1
受力分析专题训练,1,1
受力分析初中物理,2,1
受力分析动态平衡辅助圆解题练习,1,1
受力分析和共点力平衡,2,1
受力分析和共点力的平衡问题,3,1
受力分析基础过关,2,1
受力分析广东专用,1,1
受力分析练习题,1,1
受力分析顺序,1,1
受力平衡,1,1
变形词汇,5,1
变阻器,2,1
叠纸游戏,1,1
口算 1 100以内加减法 每日题卡,2,1
口算 分数,1,1
口算20以内的解法,3,1
口算天天练,1,1
口算每日一练生成网站,2,1
口算练习,6,1
口算练习二年级上 人教版,2,1
口袋书知识清单,3,1
口语,1,1
古代史真题专练,1,1
古代希腊,1,1
古典概型,3,1
古南中学小升初分班考,1,1
古文,5,1
古文必背72篇,1,1
古文翻译,5,1
古文象征,2,1
古田,1,1
古诗 0026三轮复习默写专项,1,1
古诗 词202 6届一轮复习古诗词背诵全册,1,1
古诗文,2,1
古诗文实词虚词,5,1
古诗文言文初中,4,1
古诗文阅读,1,1
古诗文默写,2,1
古诗游山西村。,1,1
古诗登飞来峰。,2,1
古诗词 默写,4,1
古诗词理解性默写,4,1
古诗词背诵,1,1
古诗词鉴赏 2026年 专题复习,2,1
古诗词默写,3,1
古诗高一,4,1
古诗高考汇编,3,1
古雷港一中入学考试试卷2025物理英语数学,2,1
句型转换,3,1
句子 翻译初中 汉译英练习,4,1
句子成分分析,2,1
句子成分和句子结构,1,1
句子成分语文,1,1
句子的形式与结构,1,1
句子结构,2,1
句容市华阳中学九上2024月考卷,4,1
句容市崇明中学,1,1
句容高级中学,1,1
句段作用,2,1
只刷真题,1,1
只有中国特色社会主义才能发展中国,2,1
只有选择,2,1
可以在线练的题,2,1
可考,1,1
可能性,3,1
台儿庄2026九一调,1,1
台儿庄8年级上册历史期未试卷,4,1
台儿庄八年级上册历期末考试卷,2,1
台儿庄八年级上册地理期中试卷,3,1
台儿庄区2025至2026学年度第一学期期末考试七年级,1,1
台儿庄区2025至2026学年度第二学期期末考试八年级,1,1
台儿庄区2025至2026学年度，第一学期期末考试九年级物理,2,1
台儿庄区八年级上册历史期末考试卷,1,1
台山一中,2,1
台山市,1,1
台山育英中学,3,1
台州2025 2026第二学期,2,1
台州一中,3,1
台州七上数学期末,1,1
台州十校联盟期末联考,1,1
台州十校联盟期末联考高二学科日语,3,1
台州学科竞赛,2,1
台州市2024-2025学年第二学期期末质量检测 高一英语,2,1
台州市2024到2025学年第二学期期末调研,1,1
台州市2024到2025学年第二学期期末调研考试高二英语试题卷,1,1
台州市2024学年第二学期高二年级期末质量评估试题英语,2,1
台州市2025 2026学年第二学期期末质量检测 高一英语,12,1
台州市2025-2026学年高一下学期6月英语,1,1
台州市2025学年第一学期高二年级期末质量评估试题,1,1
台州市2025学年第二学期高一年级期末质量评估试题英语卷及答案解析,1,1
台州市中考一模,1,1
台州市摸拟九下,1,1
台州市温岭初一新生分班模拟考,6,1
台州市高二年级期末质量评估试题,1,1
台州市高二期末,1,1
台州摸拟,2,1
台州摸拟九下,1,1
台州期末,6,1
台州温岭,2,1
台州温岭摸拟二,1,1
台州路桥中学,2,1
台州高一期末,1,1
台州高一期末英语,2,1
台州高二2025期末,1,1
台州高二2025期末物理,1,1
台湾期末,1,1
史上,1,1
史纲上活动课,1,1
史纳,1,1
叶县,2,1
叶城县第六中学生物卷子,1,1
司法考试,1,1
吃茶，,1,1
各城市模拟考试,1,1
各省高三语文模拟,1,1
各种标点符号的作用,2,1
合川中学,2,1
合川中学七校联考数学试卷,2,1
合川区2026年八年级上册语文期末试题,2,1
合川区八年级下册2026历史,1,1
合川区八年级下册数学,1,1
合徽四十五中,1,1
合挌性考试,1,1
合挌性考试2025南京,2,1
合格 2026年 普通高中学业水平,1,1
合格 考2025年 合格考真题,2,1
合格 考2025年 普通高中学业水平,1,1
合格性试卷,2,1
合格考 2025年 普通高中学业水平山东省,1,1
合格考 2025年冬季 普通高中学业水平山东省,2,1
合格考2024,1,1
合格考北京,2,1
合格考四川补考,2,1
合格考山东,1,1
合格考广东,2,1
合格考数学,2,1
合格考江苏,10,1
合格考真题,2,1
合格考真题分类汇编,3,1
合格考英语,1,1
合江中学高一下数学,2,1
合肥 1中化学,2,1
合肥 1中期末,2,1
合肥 一中 2025 2026高一下期末试卷英语,2,1
合肥 一中高一下 期末,1,1
合肥 一模 2026,1,1
合肥 高三 一模,5,1
合肥 高三 三模,1,1
合肥168 2026最后一卷,3,1
合肥168 2026高三一月考,1,1
合肥168中学2024 2025高二下学期期末,1,1
合肥168中学。,1,1
合肥168中学入学,1,1
合肥168中学入学考,1,1
合肥168数学,2,1
合肥168数学，期中期末高一,1,1
合肥2025 2026高一上第一次月考,1,1
合肥45中2025年八上数学第一次月考试卷,1,1
合肥45中23-24八年级下物理期末练习,1,1
合肥45中七年级下数学,2,1
合肥45中物理,3,1
合肥45中物理期末,3,1
合肥48中物理期末,1,1
合肥z一中,1,1
合肥一中 2025 2026 学年度第二学期语文期末,2,1
合肥一中 2025 2026 学年度高二第二学期期末,1,1
合肥一中 2025 2026 学年度高二第二学期语文期末,1,1
合肥一中2025 2026高一上第一次月考,1,1
合肥一中2026-2027,1,1
合肥一中20二六届高3十月份教学质量,1,1
合肥一中一模 2026,1,1
合肥一中数学，期中期末,2,1
合肥一中数学，期中期高一,1,1
合肥一中滨湖校区高一上期末数学,2,1
合肥一中滨湖校区高一上期末试卷数学,3,1
合肥一中物理安徽高一下,2,1
合肥一中生物,2,1
合肥一中生物期末试卷,2,1
合肥一中生物高一,2,1
合肥一中英语期末试卷,2,1
合肥一中语文期末高一,1,1
合肥一中高一上10月份月考,1,1
合肥一中高一上学期月考,12,1
合肥一中高一上学期期中,3,1
合肥一中高一上学期期中英语,1,1
合肥一中高一上开学考,1,1
合肥一中高一上期中数学物理化学,3,1
合肥一中高一上第一次月考化学,2,1
合肥一中高一下期末,1,1
合肥一中高一化学,1,1
合肥一中高一化学试卷,1,1
合肥一中高一单元卷,1,1
合肥一中高一月考化学,2,1
合肥一中高一期中,2,1
合肥一中高一期末考试试卷,2,1
合肥一中高二下期末,2,1
合肥一中高二期末英语,2,1
合肥一六八中学物理,1,1
合肥一六八中学物理高一,1,1
合肥一六八中学物理高一期末,2,1
合肥一六八中学自主招生数学,1,1
合肥一六八中期末,2,1
合肥一模,1,1
合肥中学第一次模拟中考,3,1
合肥中科大学,1,1
合肥中考,2,1
合肥九年级上数学期末考试卷,2,1
合肥五中2025分班考,1,1
合肥八中智学大联考,1,1
合肥八中英语期末试卷,1,1
合肥八中英语期末试卷高一,2,1
合肥八中高一上,2,1
合肥八中高二下期末,2,1
合肥六中202,2,1
合肥六中2025 2026学年下学期高一期末,1,1
合肥六中菱湖校区2025–2026高一第一次学科素养运用,4,1
合肥六中高一,1,1
合肥六中高一上学期阶段性检测,1,1
合肥六中高一下学期期末,1,1
合肥六中高一期末,2,1
合肥六校联盟,1,1
合肥六校联盟高二上期末,3,1
合肥六校联盟高二期末,1,1
合肥十中量子班开学考试卷,1,1
合肥四十五中,1,1
合肥四十五中2025年九年级数学开学考试卷,3,1
合肥四十五中2025年数学开学考试卷,1,1
合肥四十五中八年级下册数学期末,2,1
合肥大地,2,1
合肥工业大学,2,1
合肥工业大学26高二期末,2,1
合肥市168中学,3,1
合肥市2025-2026年上学期第一次教学质量检测,1,1
合肥市2026高一一段,1,1
合肥市2026高一一段数学,1,1
合肥市2026高一上学期1??段数学,1,1
合肥市2026高一上学期段数学,1,1
合肥市2026高一上学期第一次数学检测,4,1
合肥市c20模考卷,1,1
合肥市五十中学西校,2,1
合肥市六校联盟2025 2026学年第二学期期末教学质量检测,1,1
合肥市六校联盟2025 2026学年第二学期高一期末教学质量检测,1,1
合肥市四十五中,1,1
合肥市庐江县柯坦中学2025~20268上数学期中试卷,1,1
合肥市庐江县部分学校 2025~20268上数学期中试卷,1,1
合肥市数学2026数学三模卷,1,1
合肥市第38中学,2,1
合肥市第八中学,3,1
合肥市第六中学,3,1
合肥市第四十八中学 2025-2026 七年级上册英语期末 外研版,8,1
合肥市蜀山区,1,1
合肥市金湖小学三年级下册,1,1
合肥市高一上英语阶段考,4,1
合肥第三十中中学,4,1
合肥高一上10月份月考试卷,3,1
合肥高一上学期月考,1,1
合肥高一上学期月考考试,5,1
合肥高一上开学考,1,1
合肥高一下期末数学卷,1,1
合肥高一下期末生物卷,2,1
合肥高一六校联盟上开学考,1,1
合肥高一开学考,1,1
合肥高一期末,3,1
合肥高一进门考,1,1
合肥高中开学考,2,1
合肥高新技术开发区,1,1
合肥高新技术开发区二模,2,1
合阳中学,1,1
合阳中学高一期末,2,1
吉化一中,1,1
吉化一中高一下学期物理期末考试,1,1
吉化一中高一下期末,1,1
吉化三中初中,2,1
吉安市,1,1
吉安市期末试卷,1,1
吉安文博,1,1
吉安白鹭洲中学,2,1
吉安高一,1,1
吉林25年中考语文真题,2,1
吉林Best联合体高二下学期期末数学2026,1,1
吉林Best联合体高二下学期期末英语2026,2,1
吉林best,2,1
吉林best合作体高一下数学2026,2,1
吉林best合作体高一下期末历史,1,1
吉林best合作体高一下期末地理,2,1
吉林best合作体高二下2026,1,1
吉林一中高一下学期期末,1,1
吉林一中高一下期末,1,1
吉林中考地试卷,1,1
吉林中考语文真题2024,1,1
吉林九中八年级上学期政治期中质量检测,1,1
吉林九中八年级上学期政治期末质量检测,1,1
吉林九中八年级上学期语文期末质量检测,1,1
吉林九中期中,3,1
吉林九年级上学期期中,1,1
吉林九年级下学期期末,1,1
吉林五中,1,1
吉林八上物理,5,1
吉林八上物理第一章,3,1
吉林四中,1,1
吉林四平地区,2,1
吉林地区普通中学2025-2026学年高三毕业年级第一次调研测试化学试题,1,1
吉林大学附属中学高二下期末考试,2,1
吉林实验中学,1,1
吉林市2025-2026学年度第二学期期中教学质量检测八年级语文试题,1,1
吉林市8上期中,1,1
吉林市一中分班考试,1,1
吉林市一中高一下学期期末,2,1
吉林市一调,1,1
吉林市七上人教英语,1,1
吉林市七下期末,1,1
吉林市七中化学月考,1,1
吉林市中考2026,1,1
吉林市九中2024-2025摸底考新生,1,1
吉林市五中化学九上月考,1,1
吉林市亚桥古穿九上化学月考,2,1
吉林市亚桥桃源,2,1
吉林市十二中,2,1
吉林市实验中学,2,1
吉林市普通中学,2,1
吉林市普通中学第一次模拟测试,2,1
吉林市江机中学,1,1
吉林市田家炳高一下学期期末,2,1
吉林市第一中学,3,1
吉林市第九中学七下期末考试卷,3,1
吉林市第九中学八上物理期中考试卷,1,1
吉林市第十中学,2,1
吉林市高一,2,1
吉林师范附属中学九上物理期中考试卷子,4,1
吉林延边,1,1
吉林延边州延吉市延边第二中学20252026学年高一下学期7月期末考试数学,1,1
吉林延边第一中学,1,1
吉林开学考,1,1
吉林教育出版社多分阅读英语周周练八年级,1,1
吉林期中,1,1
吉林期末best,1,1
吉林本地近3年中考语文真题,2,1
吉林油田高级中学,2,1
吉林油田高级中学高一下 期末生物,2,1
吉林物理,1,1
吉林白山吉林省白山市 高一 下学期 期末试题,1,1
吉林省,1,1
吉林省 BEST 合作体 2024 2025 学年度下学期期末考试,2,1
吉林省 BEST合作体,3,1
吉林省 中考生物2026,1,1
吉林省12BEST合作体,2,1
吉林省2025 2026期末试卷高二,1,1
吉林省2025-2026高考语文卷,1,1
吉林省2025年初中学业水平考试,1,1
吉林省2025年初中学业水平考试英语,4,1
吉林省2025高一BEST英语期末试卷,3,1
吉林省2026年初中学业水平考试,2,1
吉林省2026语文中考,2,1
吉林省2026高职单招,2,1
吉林省26年单招,1,1
吉林省9年级上化学1-2单元,1,1
吉林省BEST,1,1
吉林省BEST合作体2023数学高二下,1,1
吉林省BEST合作体2026高二期中数学,1,1
吉林省BEST高二下学期,3,1
吉林省Best合作体高三,1,1
吉林省best高二上期末,5,1
吉林省best高二下期末考试,2,1
吉林省bet合作体2024 2025学年度下学期期末考试,7,1
吉林省一轮,2,1
吉林省一轮数学,1,1
吉林省七上数学第一次考试,2,1
吉林省东丰县,2,1
吉林省东丰县第二中学,3,1
吉林省东北师范大学附属中学期末考试,2,1
吉林省中学,3,1
吉林省中考命题试卷,2,1
吉林省中考生物2026,1,1
吉林省九年级上册英语周测,1,1
吉林省伊通满族自治县2026年八下数学期末试卷,10,1
吉林省农安县,2,1
吉林省友好学校协作体2025 2026学年高二下学期7月期末试题,9,1
吉林省友好学校协作体2025-2026学年高一下学期7月期末考试,2,1
吉林省吉林市田家炳高级中学2025–2026届下学期高一第一次7月期末考试化学试题,1,1
吉林省四平市双辽市数学测试,2,1
吉林省四平市实验中学2025 2026学年度下学期期末考试,9,1
吉林省实验中学高一下学期,2,1
吉林省小学六年下数学,1,1
吉林省延边高三一模物理,2,1
吉林省春招数学,1,1
吉林省有好学校第80届期末联考高一物理,4,1
吉林省有好学校第80届期末联考高语文,1,1
吉林省期末卷,2,1
吉林省梅河口五中期末卷,1,1
吉林省白城市第一中学,1,1
吉林省白城市第一中学高一月考数学,1,1
吉林省白城市第一中学高一月考英语,1,1
吉林省白城市第一中学高一月考语文,2,1
吉林省白山市25年中考真题,1,1
吉林省蛟河市七年级上册2024一2025期中试卷数学,2,1
吉林省蛟河市七年级上册2024一2025期中试卷语文,1,1
吉林省辽源市东丰县第二中学,1,1
吉林省辽源市田家炳高级中学2025年到2026年英语,2,1
吉林省通榆县2025~2026学年度七年级第一学期期末测试试卷,1,1
吉林省部分校2025-2026学年高二下学期7月期末联考考试,1,1
吉林省长春市,1,1
吉林省长春市东北师范大学附属实验学校经开20268上第一次月考数学,2,1
吉林省长春市中考生物2026,7,1
吉林省长春市九台区30一中,5,1
吉林省长春市九台区30一中暑假,1,1
吉林省长春市九台区30一中暑假练习题,2,1
吉林省长春市八年级上册，数学月考第一次,1,1
吉林省长春市八年级上册，英语期末月考第一次,2,1
吉林省长春市力旺实验中学八年级下册语文期中测试卷,1,1
吉林省长春市四平市,2,1
吉林省长春市外五县,1,1
吉林省长春市期末七下道法年级下册,3,1
吉林省长春市期末公主岭七下历史年级下册,1,1
吉林省长春市榆树市普通高中学业水平合格性考试地理2026,3,1
吉林省长春市长春高新第一实验学校,1,1
吉林省长春市高新区第一实验学校八年级下册语文试卷,1,1
吉林省高一中考,1,1
吉林省高考题物理,2,1
吉林通化市梅河口市第五中学2025-2026学年高二下学期7月期末考试,1,1
吉林长春,5,1
吉林长春东北师大附中,1,1
吉林长春九台期末三十一中2026,1,1
吉林长春外国语学校2025-2026学年第二学期第三学程考试高二考试,1,1
吉林长春第一次月考,10,1
吉林长春第一次月考八上,3,1
吉林高,1,1
吉林高一下学期期末,1,1
吉林高一下学期阶段检测,1,1
吉林高三上学期期末,1,1
吉林高三上学期阶段检测,3,1
吉林高三下学期期末,1,1
吉林高中第一次月考,1,1
吉林高二,4,1
吉林高考数学2026,1,1
吉林高考数学真题,3,1
吉林高考真题,2,1
吉首,3,1
吉首市2026数学期末试卷,2,1
吉首市2026生物,1,1
同义词替换,3,1
同义词替换大全,3,1
同位语,2,1
同位语从句,2,1
同位语从句 2025专项练习,2,1
同分异构,1,1
同分异构体 20234专题复习高三,1,1
同分异构体专项训练,1,1
同分异构体专题,5,1
同分异构体专题练习题,1,1
同分异构体书写练习题高二,2,1
同安数学,2,1
同心四中2025 2026语文试卷,1,1
同构 2025 常考题型归纳导数,1,1
同构函数,1,1
同步分层练,2,1
同步听力高中英语,1,1
同步备课系列,1,1
同步学与练,1,1
同步学案九年级上册,1,1
同步学案课时练,1,1
同步测试卷,1,1
同步精导优化与设计方案数学8年级上册试卷。,6,1
同步练,1,1
同步练习,4,1
同步练习册,4,1
同步练习册配套检测卷八年级下册数学,2,1
同步计算18  单项式乘以多项式,2,1
同步计算18  单项式乘以多项式数学,1,1
同步训练,1,1
同步训练题,2,1
同步讲义,4,1
同步课件,5,1
同步课件讲义,6,1
同步课程人教版三年级上册,2,1
同步，学考练高中物理必修第二册,3,1
同泽女,1,1
同泽高级中学,2,1
同泽高级中学政治,1,1
同济,1,1
同类题,2,1
同系物、同分异构体,2,1
同系物、同分异构体及原子共面共线问题,1,1
同行学案八上物理,2,1
同行学案八上物理人教版,1,1
同行学案八年级上册物理,5,1
同行学案学练测,1,1
同行学案青岛专版,1,1
名句名篇默写,2,1
名句默写,1,1
名师 测控,1,1
名师学案,19,1
名师学案 七上数学人教版,1,1
名师学案九上化学,4,1
名师学案九上化学分层进阶学习法,1,1
名师学案八上,1,1
名师学案就上,1,1
名师学案数学七年级上册,1,1
名师学案高中同步随堂练,1,1
名师学案高中同步随堂练，高中化学必修第一课,1,1
名师导学,1,1
名师敲黑板,2,1
名师测控 2025 2026 七年级下册 英语,2,1
名师测控 2025 2026 八年级上册,4,1
名师测控 2025 2026 八年级下册,10,1
名师测控 2025 2026 八年级物理,1,1
名师测控 2025 八年级上册物理,1,1
名师测控2025北师大版,1,1
名师测控七上英语,6,1
名师测控八年级上册物理,1,1
名师测控北师大版,1,1
名校 联盟,1,1
名校a作业本,1,1
名校a作业本8年级下册数学,1,1
名校作业八下物理,2,1
名校备考,1,1
名校大考卷七下历史,1,1
名校月考卷百强,2,1
名校校作文素材,1,1
名校校作文素材语文,1,1
名校考题,1,1
名校联盟 2026,1,1
名校联盟 2026 辽宁,2,1
名校联盟开学考,1,1
名校联盟浙江省2026 版,1,1
名校联盟浙江省2026英语,1,1
名校联盟浙江省2026英语第一次,2,1
名校联盟物理试卷,2,1
名校联盟金 考卷 2026 版,1,1
名校自主招生,1,1
名校自主招生数学,2,1
名校试卷,2,1
名校课堂 026八上 数学,3,1
名校课堂 九上 化学,2,1
名校课堂 九上数学 XJ 图形的相似 1.5相似三角形的性质 小专题,1,1
名校课堂 数学九年级上册 XJ湘教版,1,1
名校课堂2026九年级上册化学人教版参考答案,1,1
名校课堂8年级上册物理河南专版RJ,1,1
名校课堂8年级上物理,2,1
名校课堂8年级上物理。,5,1
名校课堂九年级物理,1,1
名校课堂小练习数学八年级上册,1,1
名校课堂英语八年级下册夹带的单元测试卷,2,1
名校进阶高三单元双侧示范卷数学卷子,1,1
名校金 考卷 2026 版,1,1
名校题库英语七年级上册B卷考点知识清单,1,1
名次复数变化单词练习,1,1
名次性从句100讲练,1,1
名次性从句100讲练视频,1,1
名篇佳句默写,5,1
名篇佳句默写 选,1,1
名篇佳句默写 选上 【上好课】,1,1
名篇佳句默写 选修中,1,1
名篇佳句默写 选必,1,1
名篇佳句默写 选必上,2,1
名篇佳句默写选修上,1,1
名篇佳句默写选修中,1,1
名著 100题,1,1
名著 100题中考,3,1
名著 真题,1,1
名著专项,1,1
名著导读 《儒林外史》 讽刺作品的阅读,2,1
名著阅读,2,1
名著阅读2026,3,1
名著阅读2026中考复习,1,1
名言,3,1
名言警句,4,1
名词副词，形容词短语,2,1
名词复数变化,2,1
名词性从句定语从句,2,1
名词性从句定语从句习题,1,1
名词性从句定语从句习题高三,3,1
名词性从句定语从句习题高三复合习题,1,1
名词所有格,6,1
名课堂精选,5,1
吐鲁番,1,1
吐鲁番三模,1,1
吐鲁番市2025 2026 年级下册期末试卷,3,1
向《人民日报,1,1
向心力水平,1,1
向心力水平面,23,1
向明中学高二上数学月考,1,1
向明浦江,1,1
向量 0 一轮复习 基础高考题,1,1
向量 023 专题,1,1
向量三角形四心,6,1
向量与三角函数综合,5,1
向量加三角综合,1,1
向量单元卷,2,1
向量单元测试,1,1
向量的应用,2,1
向量训练,1,1
向量课件,2,1
向量高一复习,1,1
君,1,1
君怡,1,1
君谊,1,1
含参一次方程,2,1
含参不等式,1,1
含参因式分解,1,1
含参数因式分解,1,1
含答案解析的试卷,1,1
含羞草,2,1
听力2026高考英语二卷,7,1
听力专练高三一轮复习,1,1
听力专练高二英语,1,1
听力专项练习,3,1
听力专项训练初一,1,1
听力专项训练初二,1,1
听力中的常见语音现象,1,1
听力材料,4,1
听力材料及原文音频,1,1
听力材料及原文音频山东济宁泗水八上期中英语,2,1
听力练习 包含音频和文本,2,1
听力能手,5,1
听力音频,3,1
听力音频 材料,1,1
听力高中,1,1
听口,1,1
听口 北京,1,1
听说训练,8,1
听课,1,1
启东,5,1
启东中学作业本,3,1
启东中学作业本圆,2,1
启东中学第1单元数学,1,1
启东汇龙中学,4,1
启正中学八上英语开学考,3,1
启秀中学,1,1
启秀分班,1,1
启秀分班考,1,1
启臻,2,1
启航,1,1
启航八上数学整式的乘法,1,1
启黄分班考,2,1
吴县,2,1
吴县中学,1,1
吴堡,3,1
吴堡第二完全小学,2,1
吴宁二中,3,1
吴川市,1,1
吴川市一中,1,1
吴店中学,1,1
吴江中考英语真题,2,1
吴江区2025 2026数学初二下学期阳光调研卷,3,1
吴江区2025-2026数学初二下学期阳光调研卷,1,1
吴江实验中学2024-2025学年第一学期阶段性学习评估物理八年级下册,1,1
吴淞中学,7,1
吴老师工作室,11,1
吴老师工作室举一反三,1,1
吴莫晗,1,1
吴起县,1,1
吴起县八年级上语文第一次月考,2,1
吴迅中学,1,1
呃，已知定义域为实数和值域为实数，求参数的取值范围,1,1
呜呜呜呜呜呜呜呜呜呜呜呜呜呜呜呜呜呜呜呜呜呜呜呜呜呜呜呜呜呜呜呜呜呜呜呜呜呜呜,3,1
周南中学理实班,1,1
周南中学理实班选拔,1,1
周南中学竞赛,2,1
周南中学高一新生开学考,1,1
周南中学高一期末生物,2,1
周南中学高二下学期期末,7,1
周南中学高二下学期期末2026,3,1
周南北校初一新生入学摸底考试测试卷,14,1
周口市高一下学期,1,1
周口市高一下学期期末数学,1,1
周口金海中学,1,1
周周测,5,1
周周清英语,1,1
周周燕027:3至7:4定义命题试题,1,1
周周练027.3～7.4,6,1
周周练7.3～7.4定义命题,6,1
周周练。,1,1
周期函数,1,1
周村六中,1,1
周村区九年级上册期中语文,3,1
周林,2,1
周测2025-2026,1,1
周测八空间点直线平面之间的位置关系与空间直线平面的平行,2,1
周测化学高一上,2,1
周测化学高一上广西,4,1
周测卷,4,1
周浦中学高一上化学,3,1
周浦中学高一上物理,2,1
周练,1,1
周考测试重庆数学九上,1,1
周考测试重庆数学九上八中,1,1
周考测试重庆数学九上八中2025-2026,1,1
周至,2,1
周长生活变式应用题,6,1
呼伦贝尔市扎赉诺尔区第七中学,2,1
呼兰初中一下学期期末考试卷,1,1
呼吸,1,1
呼吸作用与光合作用真题,2,1
呼吸作用高中生物练习题,1,1
呼吸作用高中生物练习题，全国通用一轮复习,2,1
呼和浩特一中的高一下学期期末卷子生物,1,1
呼和浩特二中物理期末考试卷,1,1
呼和浩特四十三中学,2,1
呼和浩特地生会考卷,2,1
呼和浩特实验中学,1,1
呼和浩特实验中学八下数学期末,2,1
呼和浩特实验中学物理,1,1
呼和浩特市2025-2026学年第二学期高一年级期末考试生物试卷,1,1
呼和浩特市二中,2,1
呼和浩特市初一上数学期末,3,1
呼和浩特市实验中,2,1
呼和浩特市期末试卷,4,1
呼和浩特市玉泉区2026年5年级下册期末考试卷,2,1
呼和浩特市第一中学,1,1
呼和浩特市第二中学二中高一生物,2,1
呼和浩特市第二中学高一下期末数学考试,1,1
呼和浩特市第二中学高二化学期末,1,1
呼和浩特市第四中学,1,1
呼和浩特市高一下学期数学期末试卷,2,1
呼和浩特市高一预科,2,1
呼和浩特敬业,2,1
呼和浩特敬业中学,2,1
呼和浩特新城区八下数学期末,1,1
呼和浩特秋实期末试卷,2,1
呼和浩特第四中学,3,1
呼市二中,2,1
呼市二中数学英才班考试试题,1,1
呼市二中英才班考试试题,2,1
呼市二中高一下期末,1,1
呼铁一中,2,1
呼铁一中2025-2026学年高一期末化学试卷,1,1
命题大赛 海南省海口市2025-2026学年下学期,4,1
命题大赛海南省海口市2025-2026数学,1,1
命题定义，基本事实，定理,3,1
和县八年级下册期末测试卷,2,1
和差公式,3,1
和差角,1,1
和平,1,1
和平区2024—2025高三第一学期期末英语,2,1
和平区二五道二六八上期末天津道法试卷,2,1
和平区五下数学,2,1
和平区北师大版六年级上册期末,1,1
和平区月考第一次九上物理,4,1
和平区月考，九上物理,3,1
和平区期末考试,2,1
和平区期末考试北师大版,1,1
和平区期末考试北师大版六年级,1,1
和平区汉阳道,3,1
和平区第一次月考,1,1
和林一中,1,1
和田地区,11,1
和田地区 2025 2026学年第一学期期末考试,3,1
咏雪,4,1
咸一中,1,1
咸宁,1,1
咸宁市2025 2026年度下学期斯未考,1,1
咸宁市2025 2026年度下学期高中期末考试高一数学试卷,1,1
咸宁市2025-2026学年度下学期高中期末考试高一物理考试,2,1
咸宁市20252026年度下学期高中期末考试高一英语,1,1
咸宁市崇阳县2025-2026 八年级下学期末英语,1,1
咸宁市崇阳县2025-2026 八年级下学期英语,1,1
咸宁市调研,1,1
咸宁英语,2,1
咸安区2024到2025数学二次函数,2,1
咸安区2024到2025语文五年级期末检测卷,1,1
咸安区咸宁实验外国语学校,1,1
咸安区咸宁实验外国语学校2024到2025数学二次函数,1,1
咸安区英语,1,1
咸林中学,3,1
咸水沽第二中学,2,1
咸阳,1,1
咸阳中考,2,1
咸阳市,1,1
咸阳市2024 2025学年度第二学期期末质量检测,2,1
咸阳市2026高考模拟检测一,1,1
咸阳市2026高考模拟检测一数学,2,1
咸阳市2026高考模拟检测仪,1,1
咸阳市三原县南郊中学高二。第一学期第一次月考。,2,1
咸阳市实验中学新初一分班考真题,6,1
咸阳市秦都区 2025-2026六年级下册统考,3,1
咸阳市秦都区 2025-2026六年级下学期期末统考,1,1
咸阳市秦都区8年级下册期末考试,1,1
咸阳市秦都区彩虹中学,1,1
咸阳市高一期末,2,1
咸阳市高二数学第一次月考,4,1
咸阳统考,1,1
咸阳高一上第一次月考数学,1,1
咸阳高一第一次月考,1,1
咸阳高一第一次月考数学,1,1
哈 3 中 2025 高2 期末,1,1
哈 三 中2025 2026 6月月考,1,1
哈14中新高一,1,1
哈75中2025-2026学年度下学期高一期末考试数学,1,1
哈一中高一下物理期末考试,1,1
哈三,1,1
哈三中 0 2 6 学 年 度,1,1
哈三中 0 2 6 学 年 度 二模化学,1,1
哈三中2023-2024学年度高二开学测试,4,1
哈三中2023级高二学年学业质量检测试卷,1,1
哈三中2023～2024高二开学考语文试卷,15,1
哈三中2024～2025高二开学考语文试题,2,1
哈三中2025 2026学年度期末考试,1,1
哈三中2025 2026高一上学期十月份月考物理,1,1
哈三中2025 2026高一十月份月考数学,1,1
哈三中2025 2026高一十月份月考物理,1,1
哈三中2025 2026高一学年期末考试数学,2,1
哈三中2025 2026高二下期末数学,1,1
哈三中2025 2026高二下期生物,1,1
哈三中2025-2026学年度下学期5月试卷,1,1
哈三中2025-2026学年度下学期5月语文试卷,2,1
哈三中2025-2026学年度下学期高二学年期末考试语文试卷,1,1
哈三中2025-2026高一十月份,1,1
哈三中2025-2026高一十月份月考数学,1,1
哈三中2026年高三学年第1次模拟考试,1,1
哈三中2026年高三学年第1次模拟考试数学,1,1
哈三中一模,1,1
哈三中一模数学,1,1
哈三中九月卷,1,1
哈三中九月开学考试卷子数学高三,3,1
哈三中二模,2,1
哈三中二零二六年高三学年第一次模拟考试,1,1
哈三中化学,3,1
哈三中开学测,1,1
哈三中开学测英语,1,1
哈三中数学,2,1
哈三中期末,1,1
哈三中期末物理,3,1
哈三中期末生物,1,1
哈三中期末考,4,1
哈三中本校月考,1,1
哈三中联考,4,1
哈三中英语第四次模考,1,1
哈三中高一下学期期末,1,1
哈三中高一下学期期末考试,1,1
哈三中高一下学期期末英语,5,1
哈三中高一下期末,2,1
哈三中高一下期末数学,1,1
哈三中高中一模数学,1,1
哈三中高二上数学,1,1
哈三中高二上期末数学,2,1
哈三中高二上物理,1,1
哈三中高二上物理月考试卷,5,1
哈三中高二上物理期中考试卷,1,1
哈三中高二上物理试卷,1,1
哈三中高二下学期期末生物,2,1
哈三中高二下期中语文,1,1
哈三中高二下期末考试,1,1
哈三中高二下期末考试物理,1,1
哈三中高二下物理期末卷,2,1
哈三十二中,1,1
哈三英语,2,1
哈三高一下学期期末,1,1
哈九中2024级高二学年6月份阶段测试,1,1
哈九中2024级高二学年期末考试,1,1
哈九中2024级高二学年期末考试化学,1,1
哈九中化学高二下期末,2,1
哈九中高一下数学期末,1,1
哈九中高一下期末,4,1
哈九中高三,2,1
哈九中高二上物理月考试卷,1,1
哈九中高二下6月月考,1,1
哈九中高二下期末生物,2,1
哈六中2025级高一下数学期中,1,1
哈六中物理2025,2,1
哈六中高一下物理,2,1
哈六中高一下物理期中,1,1
哈十一中数学,1,1
哈密市六年级上册数学期末试卷,2,1
哈密市六年级上册英语期末试卷,4,1
哈尔滨10中,2,1
哈尔滨2024中考数学题,4,1
哈尔滨2025-2026学年度香坊区英语期末试题七年级,1,1
哈尔滨2025高三第一次模拟,1,1
哈尔滨20264年级,1,1
哈尔滨2026南岗四模英语,3,1
哈尔滨2026四年级,2,1
哈尔滨2026数学八下,1,1
哈尔滨2026道里零模语文,2,1
哈尔滨9中期末考试语文,1,1
哈尔滨一下期末数学,1,1
哈尔滨一中期末数学,2,1
哈尔滨三十二中学,2,1
哈尔滨中考数学2026,5,1
哈尔滨九中2006,1,1
哈尔滨九中高一,1,1
哈尔滨九年级化学,1,1
哈尔滨二十四中,3,1
哈尔滨八上物理第一次月考,3,1
哈尔滨八年级上册英语,2,1
哈尔滨八年级英语上册开学,2,1
哈尔滨六中,1,1
哈尔滨六中2025级物理期中,1,1
哈尔滨六中2025级高一下数学期中,1,1
哈尔滨六中2025级高一下物理期中,3,1
哈尔滨六中期中,1,1
哈尔滨六中期中英语,1,1
哈尔滨六中物理,2,1
哈尔滨六小,1,1
哈尔滨六校,6,1
哈尔滨六校联考,3,1
哈尔滨六校联考期末考试,2,1
哈尔滨双城八上物理第一次月考,1,1
哈尔滨四十七,1,1
哈尔滨四十七期中,2,1
哈尔滨四年级下,6,1
哈尔滨工业大学附属中学,2,1
哈尔滨市六校联考数学高一下,1,1
哈尔滨市师范大学,1,1
哈尔滨市德强中学,2,1
哈尔滨市德强中学期末,1,1
哈尔滨市第三中学2025-2026高一上数学9月月考试题,2,1
哈尔滨市第三中学高三,1,1
哈尔滨市第九中学开学考,2,1
哈尔滨市第九中学高一下期末,4,1
哈尔滨市第九中学高一下期末化学,1,1
哈尔滨市第六中学,1,1
哈尔滨市第十九中学,2,1
哈尔滨市第十四中学校,2,1
哈尔滨市道外区五校联盟,2,1
哈尔滨市道外区五校联盟期末,1,1
哈尔滨市顺迈学校,1,1
哈尔滨市顺迈学校八年级数学学情自测,1,1
哈尔滨市高一上期末考试数学,1,1
哈尔滨市高一上期末考试语文,1,1
哈尔滨市高一下学期期末生物,3,1
哈尔滨市高一下学期期末考试语文,2,1
哈尔滨师大附 中2024 2025下学期高一期末考试题,2,1
哈尔滨师大附中2006,1,1
哈尔滨师大附中2024-2025八下期末物理试卷,2,1
哈尔滨师大附中开学测,1,1
哈尔滨师大附中期末,1,1
哈尔滨师大附中高一上学期开学测,1,1
哈尔滨师大附中高一入学开学测,2,1
哈尔滨师大附中高一期末,1,1
哈尔滨师大附中高二下期末,1,1
哈尔滨师范大学附属中学高一下期末,2,1
哈尔滨师范大学附属中学高二下期末,1,1
哈尔滨师范大学附属中学高二下期末生物,1,1
哈尔滨师范大学青冈实验中学2024-2025高一下4,2,1
哈尔滨师范大学青冈实验中学高一下学期期末考试,5,1
哈尔滨德强中学高一下期末,1,1
哈尔滨德强高一上期末,2,1
哈尔滨德强高一下期末,1,1
哈尔滨德强高一下期末化学,1,1
哈尔滨数学高一教材,3,1
哈尔滨第 47 中学,1,1
哈尔滨第一次月考,3,1
哈尔滨第三中学,1,1
哈尔滨第三中学 2025 2026高二下学期期末,2,1
哈尔滨第三中学2025高一,1,1
哈尔滨第三中学期末,2,1
哈尔滨第三中学生物,2,1
哈尔滨第三中学高一下期末,2,1
哈尔滨第三中学高二上学期开学考,2,1
哈尔滨第九中学开学,1,1
哈尔滨第九中学生物7月,2,1
哈尔滨第九中学高一下期末,2,1
哈尔滨第九中学高三开学,1,1
哈尔滨第六中学,2,1
哈尔滨第六中学物理期末卷,1,1
哈尔滨第六中学英语一模,6,1
哈尔滨第十一中,2,1
哈尔滨英语,1,1
哈尔滨语文复习,2,1
哈尔滨阿城区20242025期末初一下,1,1
哈尔滨阿城区20252026期末初一下,1,1
哈尔滨风华化学八上,2,1
哈尔滨高一上,1,1
哈尔滨高一下期末数学,1,1
哈尔滨高二下学九师联盟,1,1
哈尔滨高二下学期期末考试,2,1
哈尔滨高考,1,1
哈尔滨高考二模数学,1,1
哈尔滨高考第一次模拟考试,1,1
哈尔滨高考第一次模拟考试数学,3,1
哈工大附中,2,1
哈市顺迈八下试卷,3,1
哈师大附2025-2026,1,1
哈师大附2025-2026英语,2,1
哈师大附中2023级高二下学期期末,3,1
哈师大附中2024 2025下学期高一期末考试题,2,1
哈师大附中2024-2025八下期末物理试卷,1,1
哈师大附中2025 2026学年度下学期,1,1
哈师大附中2025 2026学年度下学期英语,1,1
哈师大附中2025 2026学年度下学期高一英语,1,1
哈师大附中2025 2026学年度下学期高一英语期末,2,1
哈师大附中2025 2026学年度高一下期末考试,1,1
哈师大附中2025 2026高一下期中,1,1
哈师大附中2025 2026高一下期末,1,1
哈师大附中2025-2026高二下学期期末考试英语,2,1
哈师大附中2025~2026学年度下学期高一英语期末,2,1
哈师大附中2025~2026学年度下学期高一语文期末,1,1
哈师大附中2025高二下期末数学卷子,2,1
哈师大附中一模英语,2,1
哈师大附中中高一下期末数学,1,1
哈师大附中高一下期末数学,1,1
哈师大附中高二下学期期末生物,1,1
哈弗招生试卷,1,1
哔哩哔哩,2,1
哲学 02026年一轮复习 原理方法论,5,1
哲学 与文化 024一轮复习 知识点背诵,3,1
哲学 与文化主观题,1,1
哲学与文化一轮复习试卷,3,1
哲学思维导图,1,1
哲学练习题高中政治,1,1
哲学练习题高二政治,1,1
哲理中学,2,1
哲理中学七年级英语期中试卷,2,1
唐8,1,1
唐二,1,1
唐县一中,1,1
唐官屯高中高二英语第一次月考试卷,3,1
唐官屯高二英语第一次月考试卷,1,1
唐山2025 2026高一下化学期末试卷,4,1
唐山2025 2026高一下数学期末试卷,3,1
唐山2025 2026高一下期末试卷,3,1
唐山2025 2026高一下生物期末试卷,2,1
唐山2025 2026高一下英语期末试卷,4,1
唐山2025-2026高一下物理期末试卷,2,1
唐山2025高二下学期期末考试,2,1
唐山2026年高三一模数学,3,1
唐山2026高一期末英语卷完整听力原文,1,1
唐山2026高一期末英语统考卷完整听力原文,3,1
唐山54中,3,1
唐山54中初三下半学期月考,2,1
唐山56中初三下半学期月考,1,1
唐山一中周测卷,1,1
唐山一中高一下册期末数学试卷,3,1
唐山一中高一下期末,2,1
唐山一中高二月考,1,1
唐山一中高二月考数学,1,1
唐山东方教育集团月考,1,1
唐山东方教育集团第一次月考,2,1
唐山二中,2,1
唐山二中高一下期末,1,1
唐山二十一中,1,1
唐山二模生物,1,1
唐山五十四中中初三上半学期月考,1,1
唐山市2024-2025学年度第二学期期末考试,2,1
唐山市2024-2025学年高一下学期期末英语,2,1
唐山市2025 2026学年度高一下学期期末考试英语,1,1
唐山市2025 2026高一下学期期末考试物理,1,1
唐山市2025 2026高一下学期期末考试英语,6,1
唐山市2025-2026学年度高一年级第二学期期末考试英语试题,5,1
唐山市2025~2026学年度高一下学期期末,2,1
唐山市2025~2026学年度高一下学期期末物理,1,1
唐山市2025至2026学年度第二学期期末考试高一年级,3,1
唐山市2025至2026年高一期末考试统考地理卷卷子,1,1
唐山市25 26高一下学期期末卷物理,1,1
唐山市25 26高一下学期期末卷语文,1,1
唐山市一模,1,1
唐山市丰南区2025-2026学年度高一年级第二学期期末考试英语试题,3,1
唐山市南丰,2,1
唐山市曹妃甸区7年级第一学期数学期末测试,2,1
唐山市曹妃甸区8年级第二学期数学试题,4,1
唐山市曹妃甸区8年级第二学期物理试题,2,1
唐山市期末考试试卷,1,1
唐山市滦南县,2,1
唐山市第一中学,2,1
唐山市第一中学期中考试,1,1
唐山市第二中学,1,1
唐山市第二中学2023-2024月考,2,1
唐山市第二中学2023-2024月考10月,1,1
唐山市第十二高级中学高一政治月考卷子,2,1
唐山市语文摸底演练,2,1
唐山市路北区2025－2026高一年级第二学期期末考试数学,1,1
唐山市路南区初一开学考,2,1
唐山市路南区开学调研,1,1
唐山市路南区语文六年级,1,1
唐山市迁安市第二初级中学，阶段性测试,5,1
唐山市高一上学期期末数学,1,1
唐山市高一下学期化学期末试卷,4,1
唐山市高一下学期期末物理,2,1
唐山市高一下政治期末试卷,1,1
唐山市高一下数学期末试卷,2,1
唐山市高一下物理期末试卷,2,1
唐山市高一期末物理,2,1
唐山市高一期末英语,2,1
唐山市高一期末语文,1,1
唐山市高二期末考试试卷,2,1
唐山摸底考试数学,1,1
唐山月考,2,1
唐山期末,2,1
唐山期末高一数学,2,1
唐山期末，语文,1,1
唐山第一中学,1,1
唐山统考2026期末,1,1
唐山统考2026期末遵化市,1,1
唐山路北区八年级下册期末考试,1,1
唐山遵化,3,1
唐山遵化高一期末,1,1
唐山高一下学期化学期末试卷,1,1
唐山高一下学期期末,5,1
唐山高一下学期期末英语,2,1
唐山高一下期末统考卷,7,1
唐山高一期末必修二期末试卷,2,1
唐山高一期末联考地理,1,1
唐山高一期末联考物理,2,1
唐河县2021年八年级上册物理期中卷,8,1
唐河县2022年8年级上册物理试卷期中卷。,2,1
唐河县2025春七年级数语下学期期末试卷,2,1
唐河县2026春七年级英语下学期期中试卷,3,1
唐河县八年级上册历史期中考试卷,2,1
唐河县八年级上册生物期中考试卷,2,1
唐洋中学高一分班,1,1
唐诗300首,5,1
唐诗300首名著导读,2,1
唐诗300首知识点梳理,2,1
唐诗三百首名著导读,1,1
唐诗三百首知识点,2,1
唯,1,1
唯物论主观题,2,1
唱能組啥詞,1,1
商丘2026商师卷高一期末,1,1
商丘2026商师卷高一期末物理,1,1
商丘市一高,2,1
商丘市四高,2,1
商丘市新昌中学,2,1
商丘市新昌学校,2,1
商丘市新昌学校初中,2,1
商丘市睢阳区大王楼民生学校,1,1
商丘市睢阳区民生学校,1,1
商丘市联盟,2,1
商丘市良浩高中高三开学考试卷,1,1
商丘市高一地理,1,1
商丘市高级中学高三开学考试卷卷,5,1
商师B版高一地理,1,1
商师联盟,1,1
商师联盟2025 2026高二下期末,2,1
商师联盟期末,1,1
商师联盟高一上期末,1,1
商水一高,2,1
商洛市,1,1
商洛市2026高三年级第一次模拟考试数学,1,1
商洛市2026高考模拟检测一数学,1,1
商洛市镇安县,1,1
商洛市高一下期中,1,1
啊好了吗,1,1
喀什,2,1
喀什二中高一下学期期末考,2,1
喀什二中高一下学期期末考英语听力,2,1
喀什六中高一数学期末卷,3,1
喀什地区七年级上册数学,1,1
喀什地区七年级上册数学第二章,2,1
喀什地区叶城县,2,1
喀什地区叶城县第六中学生物卷子,1,1
喀什地区疏勒县2025 2026,3,1
喀什地区疏勒县2025 2026语文期末试卷,1,1
喀什地区疏勒县2025 2026高二语文期末试卷,1,1
喀什市2025 2026学年第二学期期末质量检测试卷英语,1,1
喀什市2025 2026学年第二学期期末质量监测 高二化学,1,1
喀什市2025 2026学年第二学期高二期末检试卷英语,1,1
喀什市2025 2026学年第二学期高二期末质量监测化学,1,1
喀什市2025 2026期末考试,1,1
喀什市2025-2026学年第二学期期末质量监测 高二物理,2,1
喀什市2025-2026学年第二学期高二期末质量检测试卷英语,1,1
喀什市2025-2026学年第二学期高二期末质量检测试卷语文,2,1
喀什市2025至2026期末考试第二学期7年级下册期末数学卷子,2,1
喀什市第三十九中学,5,1
喀什市高三,1,1
喀什期末试卷,2,1
喀什莎车县期末考试成绩查询,3,1
喀喇沁旗二中,1,1
喀左县,3,1
善良笔记,1,1
嗯2026届高三上学期教学质量检测政治,3,1
嗯九上化学期中考试,2,1
嗯九上化学期末考试,1,1
嗯九上化学期末考试巨野,1,1
嗯嗯妈妈好,1,1
嗯嗯高一上英语9月份学分认定试卷,2,1
嗯，天津高考语文卷。,3,1
嗯，高三2027年一轮复习英语阶段性测试卷全国二卷,2,1
嘉兴一中实验学校,3,1
嘉兴一中高一数学期末卷,2,1
嘉兴一实学校分班,1,1
嘉兴一实学校素养,1,1
嘉兴分班考,1,1
嘉兴基础测试高三,1,1
嘉兴学科素养,1,1
嘉兴市,2,1
嘉兴市2024~2015学年第一学期期末英语高二,2,1
嘉兴市2024~2025年度第二学期期末高一语文。,2,1
嘉兴市2024~2025年读第二学期期末高一语文。,1,1
嘉兴市5年级下册数学2026年,1,1
嘉兴摸底考试,1,1
嘉兴数学高一,1,1
嘉兴秀中,4,1
嘉兴高一学科素养,2,1
嘉兴高二期末考试英语,1,1
嘉善,2,1
嘉定一中,1,1
嘉定一中分班考试卷,1,1
嘉定八年级下英语期末卷,1,1
嘉定区2026统考数学卷,1,1
嘉定区入学分班试卷,1,1
嘉峪关市第五中学,5,1
嘉峪关市第六中学,1,1
嘉汇初中入学,1,1
嘉祥一中2025高一上学期10月英语月考,2,1
嘉祥一中2025高一上学期英语月考,1,1
嘉祥一中2025高一物理月考,3,1
嘉祥一中2025高一英语月考,1,1
嘉祥县,2,1
嘉祥县七年级分班考,1,1
嘉祥县七年级开学分班考试卷,3,1
嘉祥县六下数学期末,2,1
嘉祥县六下英语期末,1,1
嘉祥县六下语文期末,4,1
嘉祥县六年级人教版小升初一分班考试,7,1
嘉祥外国语,1,1
嘉祥外国语开学考试,2,1
嘉祥成华初中分班考,1,1
嘉祥成华初中小升初分班考,2,1
嘉祥第一中学,1,1
嘉鱼县,2,1
四,1,1
四 川 省 2 0 2 4 年 普 通 中 学 业 平 合 格 性 考 试,1,1
四 川 省 2 0 2 5一2026年下期,1,1
四 川 省 2 0 2 6 年 6月普 通 高中学 业 平 合 格 性 考 试地理,2,1
四上应用题,1,1
四上新版陕旅试卷,1,1
四上新版陕旅试卷英语,2,1
四上白卷,1,1
四上看拼音写词语,3,1
四上第一单元,1,1
四上第一单元 深圳,3,1
四上英语1单元课件,1,1
四上英语译林u1,1,1
四上语文期末试卷富阳区,1,1
四下人教数学期末,1,1
四下外研三起英语情景免费,3,1
四下外研三起英语综合情景免费,2,1
四下科学期末试卷富阳区,1,1
四下英语期末试卷富阳区,5,1
四下鸡兔同笼练习题,2,1
四下鸡兔同笼问题,2,1
四中分班卷,1,1
四中分班考,1,1
四会市,2,1
四六,1,1
四六级单词,3,1
四冲程,2,1
四则运算,5,1
四则运算大数,3,1
四则运算混合,1,1
四初一,1,1
四加不,1,1
四十一,3,1
四十五中八下期末考试卷,2,1
四升五 2026年暑假,4,1
四升五 英语每日一练,1,1
四升五口算共30页,1,1
四升五奥数题,1,1
四升五数学每日一练,4,1
四升五暑假数学,1,1
四升五英语阅读理解题,5,1
四合,1,1
四基,1,1
四基中学,3,1
四大中月考卷,1,1
四大名校,6,1
四大名校 物理,1,1
四大名著 常考 知识点总结小学五年级下册,4,1
四大名著 阅读理解,2,1
四川 0 2026 高考真题生物,1,1
四川2024年6月份合格考考生物卷,1,1
四川2024年6月份高中会考生物卷,1,1
四川2024年9月份高中会考英语卷,1,1
四川2024年份合格考考英语卷,2,1
四川2025合格考,6,1
四川2025合格考数学,1,1
四川2025～2026学期下期期末高二英语,2,1
四川2026,2,1
四川2026高一期末,1,1
四川20合格考英语,2,1
四川一年级上学期期末,1,1
四川一年级上学期阶段检测,4,1
四川七年级下学期阶段检测,2,1
四川专用,2,1
四川中考,1,1
四川中考数学真题,2,1
四川乐山,1,1
四川九下物理中考模拟试卷,1,1
四川九下物理期末试卷,2,1
四川二年级上学期期中,2,1
四川五年级下学期阶段检测,1,1
四川会考,1,1
四川会考化学,1,1
四川八年级下学期期末,1,1
四川八年级期末数学卷子,5,1
四川六年纪下册期末考试卷,1,1
四川内江八下期末,1,1
四川凉山,5,1
四川凉山2026高一期末,6,1
四川凉山化学高一下期末,3,1
四川凉山州2025-2026学年下学期八年级期末数学试题,1,1
四川凉山州2025-2026学年高一下学期期末考试,1,1
四川凉山物理,1,1
四川凉山物理答案,1,1
四川化学中考试卷,2,1
四川单招历年真题卷 2026,1,1
四川南充营山七年级下学期阶段检测,1,1
四川南充高级中学,3,1
四川南充高级中学九月份数学,2,1
四川卷,2,1
四川历史高考,2,1
四川双流中学2023级高三上期末考试,2,1
四川合格性考试,2,1
四川合格考英语,2,1
四川合格考语文,2,1
四川四年级下学期期末,1,1
四川地理高考,2,1
四川外国语大学附属外国语学校,8,1
四川大竹县七年级春季2026,2,1
四川学业水平考试,1,1
四川学业水平考试英语,2,1
四川学考,1,1
四川安岳物理九上期中试卷,2,1
四川小升初数学考试卷,2,1
四川巴中市2025-2026,1,1
四川巴中市数学北师大,3,1
四川巴中通江2023-2024四年级,1,1
四川巴蜀中学,1,1
四川师大附中高10月月考英语试卷,1,1
四川师范大学附属中学高中部,2,1
四川广元外国语,1,1
四川广安三年级下册,1,1
四川广安市,2,1
四川广安市期末考试,4,1
四川广安市英语,1,1
四川广安市英语期末考,5,1
四川德阳一中高中物理,2,1
四川德阳高一月考数学测试卷,1,1
四川德阳高一月考数学测试卷上学期,3,1
四川成都一模,2,1
四川成都七中,2,1
四川成都外国语学校2025 2026学年度下学期零诊期末考试高二英语,1,1
四川成都市 第七中学 高三下学期二诊模拟考试数学试卷,2,1
四川成都市温江区2025到2026下学期八年级期末数学水平监测试卷答案,2,1
四川成都市第七中学 高三下学期二诊模拟考试数学试卷,1,1
四川成都市第七中学2026届高三下学期二诊模拟考试数学试卷,1,1
四川成都市锦江区2025－2026学年七年级下学期期末考试语文试题,1,1
四川成都第七中学,1,1
四川成都第七中学2016届高三10月阶段性测试,1,1
四川成都第七中学2026届高三,1,1
四川成都邛崃2020-2026学年上学期期末测试8年级,2,1
四川成都高三一模数学,1,1
四川成都高三一模数学理科第十二题,2,1
四川成都高三一模数学真题,1,1
四川成都高二,2,1
四川攀枝花市2025届下学期高三第一次诊断性监测化学试题,2,1
四川数学竞赛试卷,3,1
四川数学竞赛试卷（初中组）,3,1
四川普通高中学业水平语文,1,1
四川泸州市 20242025年高一学年末统一考试生物,4,1
四川泸州市2025 2026学年高一下学期期末考试英语试题,1,1
四川泸州市2025 2026学年高一下学期期末考试试题,2,1
四川泸州市2025-2026学年高一下学期期末考试英语试题,1,1
四川物理九上期中试卷,1,1
四川物理高一上,3,1
四川物理高一上期中,4,1
四川理工大学,1,1
四川甘孜州2026中考,1,1
四川省 2 0 2 6 年 6月普通 高中学业平合性考试化学,1,1
四川省2024~2025下期高中合格考试,4,1
四川省2024~2025下期高中期末考试,1,1
四川省2024级九月普通高中学业水平合格性考试数学试卷,2,1
四川省2025-2026学年模拟考试（三）信息技术试题,4,1
四川省2025年6月普通高中学业水平合格性生物合格性考试,2,1
四川省2025年9月高中合格性考试,2,1
四川省2026年6月高中合格性考试,1,1
四川省2026年单招语数英,2,1
四川省2026年普通高中学业水平选择性考试 物    理,1,1
四川省2026年物理合格考试题,7,1
四川省2026年高考语文,5,1
四川省2026数学,2,1
四川省2026数学高二,1,1
四川省2026高一期末,1,1
四川省《护理类考纲百套卷》,1,1
四川省乐山市沙湾绥山中学,1,1
四川省乐山沫若中学,2,1
四川省内江市资中县一中,2,1
四川省内江市资中县二中,1,1
四川省凉山2025-2026学年模拟考试（三）信息技术试题,1,1
四川省凉山州2025-2026高二下期化学试卷及答案,3,1
四川省凉山州2025-2026高二下期试卷及答案,4,1
四川省凉山州2025年至2026年高二年级期末零诊考试,2,1
四川省凉山州2025高一下数学期末试卷答案,2,1
四川省凉山州2025高一下英语期末试卷答案,1,1
四川省凉山州三年级下册语文期末试卷,2,1
四川省凉山州宁南中学暑假作业,1,1
四川省剑阁县2026小升初,1,1
四川省南充市2020-2021学年高二上期期末考试数学,4,1
四川省南充市2025届高三高考适应性考试 一诊,1,1
四川省南充市2025届高三高考适应性考试 数学一诊,2,1
四川省南充市2026合格考,2,1
四川省南充市合格考,1,1
四川省南充市高一上物理期末试卷,1,1
四川省南充高级中学,2,1
四川省合格性考试数学,1,1
四川省合格考2026年,2,1
四川省合格考语文,1,1
四川省嘉祥,1,1
四川省嘉祥外国语,1,1
四川省宜宾市2026年数学初二试卷,2,1
四川省宜宾市南溪区,2,1
四川省宜宾市叙州中学,2,1
四川省宜宾市叙州中学校,2,1
四川省宜宾市叙州中学校高中,1,1
四川省宜宾市高二期末试卷2026年,2,1
四川省宣汉,2,1
四川省宣汉来鹿学院,4,1
四川省巴中市2026年七年级下册语文期末试卷,1,1
四川省巴中市南江县七一中学初一分班考试卷,2,1
四川省巴中市恩阳中学,4,1
四川省巴中市通江县2021年历史期末考试试卷七年级下册,1,1
四川省巴中市通江县2021年数学期末考试试卷,1,1
四川省巴中市通江县2025年地理期末考试试卷七年级下册,1,1
四川省巴中市通江县2025年生物期末考试试卷七年级下册,2,1
四川省广元市,2,1
四川省广元市利州区高二下2026年期末考试试卷,2,1
四川省广元市宝轮中学开学入学考试,2,1
四川省广元市旺苍县,1,1
四川省广元市旺苍县高一,1,1
四川省广元市旺苍县高一上册期末考试,3,1
四川省广安友谊中学2025 2026学年八年级上学期期末语文试题,1,1
四川省广安市,2,1
四川省广安市2024-2025学年高二下学期6月期末,1,1
四川省广安市2025年春高一下期末教学质量评价地理,2,1
四川省广安市2025年期末教学质量评价地理,1,1
四川省广安市2026年春高一下期末教学质量评价数学,3,1
四川省广安市邻水县2024年六年级下册,1,1
四川省广安市邻水县2026年八年级下册,1,1
四川省广安市邻水县2026年八年级下册数学,1,1
四川省广安市邻水县2026年六年级下册,2,1
四川省德阳市,1,1
四川省德阳市2025级高一下学期期末考试数学,1,1
四川省德阳市中江中学,3,1
四川省德阳市第五中学,1,1
四川省成都8年级试卷语文,2,1
四川省成都七中语文8年级,1,1
四川省成都市2026年高中毕业班第一次诊断性检测,1,1
四川省成都市双流区实外西区（成都实验外国语学校西区,3,1
四川省成都市双流区黄龙溪学校2026年生物会考卷,3,1
四川省成都市第七中2027届零诊,2,1
四川省成都市第七中学初中学校2026届九年级10月考英语,1,1
四川省成都市语文8年级,3,1
四川省成都市金牛区联考2025-2026学年高二上学期11月期中英语试题,4,1
四川省普通高中学业水平合考试,1,1
四川省普通高中学业水平选择性考试适应性演练,2,1
四川省泸州市2026年高一下期期末考试化学试卷,2,1
四川省泸州市2026高二下册,1,1
四川省泸州市古蔺县2026高二下册,3,1
四川省泸州市期末考2026高一,2,1
四川省泸州市期末考2026高一数学试卷,2,1
四川省泸州市期末考2026高一物理试卷,2,1
四川省泸州市泸州老窖天府中学模拟考试卷,2,1
四川省泸州市高2026级期末统一考试,2,1
四川省甘孜州新高一入学摸底考试,3,1
四川省眉山市2025 2026学年期末考,1,1
四川省眉山市仁寿县2026年7年级下册 历史,2,1
四川省眉山市仁寿县2026年7年级下册 地理,2,1
四川省眉山市仁寿县2026年7年级下册 数学,4,1
四川省眉山市仁寿县2026年7年级下册 生物,2,1
四川省眉山市仁寿县2026年7年级下册 英语,1,1
四川省眉山市仁寿县2026年7年级下册 语文,6,1
四川省眉山市仁寿县2026年7年级下册 道道德与法治,2,1
四川省眉山市仁寿县八年级下册数学华东师范2022,2,1
四川省眉山市八年级下册数学华东师范半期卷,1,1
四川省纳溪中学,2,1
四川省绵阳市2025-2026年高一下学期期末考试化学试卷,5,1
四川省绵阳市游仙区物理考试,2,1
四川省绵阳市第一中学,3,1
四川省资阳市2025至2026学年六四年级下册期末考试题,2,1
四川省资阳市英语卷,1,1
四川省达州市,1,1
四川省达州市中考,1,1
四川省达州市中考数学,2,1
四川省达州市中考真题,4,1
四川省达州市宣汉县双河中学,6,1
四川省达州市达川区南外镇 达州中学,6,1
四川省适应性演练,1,1
四川省遂宁市2027级高一下册期末考试英语试题,1,1
四川省遂宁市2028级高一下册期末考试语文试题,2,1
四川省阿坝县藏文中学校,1,1
四川省隆昌市2026高一上册语文期末,1,1
四川省雅安市2025到2026质量监测实践园地括号一，六年级下册语文试卷,2,1
四川省高一下学期期末考试卷,1,1
四川省高一学业水平考试,1,1
四川省高考物理,2,1
四川结业水平考试日语,1,1
四川绵阳 2025-2026学年高二下学期期末考试 化学试题,3,1
四川绵阳三年级下册,2,1
四川绵阳北川中学2023级入学考试,1,1
四川绵阳市2025 2026学年高1第二学期期末质量检测语文试题 A卷 答案,1,1
四川绵阳市2025 2026学年高二第二学期期末质量检测语文试题 A卷 答案,1,1
四川绵阳市2025-2026,1,1
四川绵阳市2025-2026学年高二下学期期末考试 化学试题,4,1
四川自贡历史,1,1
四川自贡市2025-2026学年七年级下学期7月期末历史试题,2,1
四川自贡英语六年级下册外研英语2025,1,1
四川读与写,1,1
四川达州2025物理,2,1
四川达州市2025-2026学年高一上1月期末化学试题,1,1
四川达州高一期末物理,2,1
四川达州高一期末英语,1,1
四川遂宁高一上学期期末考试卷历史,3,1
四川遂宁高一上学期期末考试卷政治,5,1
四川遂宁高一上学期期末考试试卷地理,1,1
四川零诊数学,2,1
四川零诊数学高三,3,1
四川零诊考试,1,1
四川零诊考试物理试题,2,1
四川领航新课堂高考总复习化学,4,1
四川餐饮类职教高考试卷,1,1
四川高一上学期期末,1,1
四川高一上学期阶段检测,1,1
四川高一下学期期末,4,1
四川高一下学期期末考试,1,1
四川高一下数学期末,2,1
四川高一下英语试卷,3,1
四川高一下英语试卷含听力,1,1
四川高一期末,1,1
四川高三一模数学真题,1,1
四川高三下学期高考模考,1,1
四川高中合格考,1,1
四川高中合格考真题,1,1
四川高二下物理乐山,1,1
四川高考化学,1,1
四川高考物理,2,1
四川高考英语,2,1
四平一中,1,1
四平实验中学,1,1
四平市梨树县八年级上册期中期末统考试卷,5,1
四平市第一高级中学,2,1
四平铁西区,1,1
四年下册人教版数学试卷,1,1
四年級,3,1
四年級 2025 2026年下学期期末英语,1,1
四年级 下册语文期末测试卷2026,1,1
四年级 下册语文期末测试卷2026潮实,2,1
四年级 奥数测试卷,2,1
四年级↑第一单元测试卷,2,1
四年级上人教暑假阅读专项,1,1
四年级上人教语文暑假,2,1
四年级上人教语文暑假阅读专项,1,1
四年级上册,4,1
四年级上册开学考,2,1
四年级上册开学考数学,1,1
四年级上册数学乘法的运算,1,1
四年级上册数学第一单元试卷,1,1
四年级上册数学第三单元,1,1
四年级上册数学计算,2,1
四年级上册期中卷,1,1
四年级上册期末数学测试题山东淄博,1,1
四年级上册湘少四年级上册湘少版英语第一单元基础专项训练题,2,1
四年级上册湘少版英语第一单元基础专项训练题,1,1
四年级上册英语,2,1
四年级上册英语2026新版人教版教材PPT,1,1
四年级上册英语字帖,2,1
四年级上册英语知识点复习,3,1
四年级上册英语课本,3,1
四年级上册语文小练笔,3,1
四年级上册语文第1单元测试题,2,1
四年级上册语文第三单元测试卷,2,1
四年级上册语文课文,1,1
四年级上学期第3单元视频教学课,2,1
四年级上沪教英语,2,1
四年级上沪教英语教材清单,1,1
四年级上沪教英语知识清单,1,1
四年级下册,4,1
四年级下册 数学期末测试卷,1,1
四年级下册 数学第4单元,1,1
四年级下册人教版计算专项练习,2,1
四年级下册北师大脱式计算,1,1
四年级下册卷子数学河南开封市,2,1
四年级下册台州2026,3,1
四年级下册必背,2,1
四年级下册数学,1,1
四年级下册数学期末试卷,1,1
四年级下册数学期末试卷人教版,2,1
四年级下册测试卷,1,1
四年级下册英语期末,1,1
四年级下册英语期末试卷听力,4,1
四年级下册英语武汉,2,1
四年级下册英语武汉黄陂.,1,1
四年级下册英语语法知识,3,1
四年级下册西南师大数学试卷,3,1
四年级下册语文阅读训练,2,1
四年级下奥数,2,1
四年级下学期升学模考,1,1
四年级下学期升学真题,2,1
四年级下学期方程问题应用题,1,1
四年级北师大版数学,1,1
四年级北师大版暑假作业,1,1
四年级单位换算专项,3,1
四年级古诗词,4,1
四年级奥数,2,1
四年级奥数江苏版,3,1
四年级寒假作业答案,1,1
四年级小数的乘,1,1
四年级应用题专项训练,5,1
四年级开学考,2,1
四年级数学,1,1
四年级数学下册基础卷,2,1
四年级数学下册小数题,2,1
四年级数学下册章节测试卷,3,1
四年级数学复习,1,1
四年级数学复习北师大版,1,1
四年级数学暑假作业,5,1
四年级数学真假分数,3,1
四年级数学计算,1,1
四年级数学试题,2,1
四年级暑假作业,1,1
四年级期末,2,1
四年级期末考试卷,2,1
四年级江门英语上册,2,1
四年级科学卷,2,1
四年级第一单元,2,1
四年级英语,1,1
四年级英语上册,1,1
四年级英语下册期末,2,1
四年级英语下册期末译林版,1,1
四年级英语基础训练,1,1
四年级英语阅读,2,1
四年级试卷,2,1
四心,5,1
四月,1,1
四校 联考,1,1
四校联考广东,1,1
四校联考自招,1,1
四校英语,2,1
四点共圆,1,1
四省联考,2,1
四级英语,1,1
四级词汇英语,1,1
四调,2,1
四边形 01专题 13种题型,4,1
四边形 01专题 13种题型北师,1,1
四边形 北师,3,1
四边形几何模型,2,1
回中,1,1
回中24 25高一下语文期末,1,1
回应作文,2,1
回忆,3,1
回忆版,1,1
回忆版 入学,1,1
回忆版 入学摸底 夏令营选拔 的资料,1,1
回望新中国发展历程，有一位领导人作为党的第二代中央领导集体核心，做出实行改革开放的历史性决策，擘画国家现代化建设发展蓝图,5,1
回答时代之问的科学理论论时代课题和创立背景是什么,2,1
因 式 分 解,3,1
因 式 分 解100道练习题北师大,1,1
因 式 分 解100道练习题数学,1,1
因 式 分 解100道计算题,1,1
因式分解 十字相乘,3,1
因式分解100道,2,1
因式分解之十字相乘,4,1
因式分解基础,3,1
因式分解提升,2,1
因式分解法,2,1
因式分解浙教版,2,1
因式分解练习题,5,1
因式分解难题,6,1
因式分解高中,1,1
因数与倍数,1,1
园周运动章末测试,1,1
固原五原,3,1
固原市五原中学,3,1
固原市第三中学,1,1
固始七年级下册数学期末考试卷,3,1
固始信合外国语中学,2,1
固始信合外国语中学七年级下册数学期末考试卷,3,1
固始县数学,2,1
固始县高一,1,1
固始县高级中学,2,1
固安县第九小学,1,1
固安县第九小学四年级上册,1,1
固定搭配,3,1
固镇一中,3,1
固镇一中七年级语文,2,1
固阳三中,6,1
国光中学,2,1
国家中小学的project 2 < A party plan to celebrate New Year ＞的课堂笔记。,1,1
国家中小学苏教版初中英语project 2 < A party plan to celebrate New Year ＞的课件。,1,1
国家中小学苏教版初中英语project 2 < A party plan to celebrate New Year ＞的课堂笔记。,1,1
国际二中,1,1
国际奥林匹克数学竞赛,1,1
国际奥林匹克物理竞赛,1,1
国际奥林匹克竞赛化学,1,1
国际学校,2,1
国际数学奥林匹克2025,1,1
国际生物奥林匹克,1,1
国际音标,1,1
国龙高一分班考试卷,1,1
图,1,1
图们市第二高级中学,2,1
图像,2,1
图像专题,1,1
图形,4,1
图形变换压轴,2,1
图形的相似，同步练习,1,1
图形的运动暑假预习,1,1
图形相似,1,1
图形验证码,1,1
图数学练习,1,1
图文代换题,2,1
图片,1,1
圆 数学 讲义3.3,2,1
圆 数学 讲义3.4,3,1
圆 数学 讲义3.6,2,1
圆 数学 讲义3.7,2,1
圆 数学 讲义3.8,2,1
圆 数学冀教版 讲义,1,1
圆 的14种题型归纳,1,1
圆 综合大题中考,2,1
圆与圆锥,1,1
圆与扇形,4,1
圆与方程,10,1
圆与直线的方程,2,1
圆与相似三角形,1,1
圆专项,1,1
圆专题复习,1,1
圆二次函数,1,1
圆内接四边形,1,1
圆内接四边形和正多边形,1,1
圆内接正多边形,1,1
圆切线题,5,1
圆创联盟高三上第一次,2,1
圆创联盟高三数学,1,1
圆初三,2,1
圆初三江苏,1,1
圆单元测试,1,1
圆压轴,1,1
圆压轴题,1,1
圆周运动与万有引力,2,1
圆周运动模型,1,1
圆周运动的临界极值问题,1,1
圆周运动的临界问题,2,1
圆周运动题型,3,1
圆复习,1,1
圆拔高题,1,1
圆最值,2,1
圆柱与圆锥,3,1
圆的专题复习,1,1
圆的参数方程,3,1
圆的周长,2,1
圆的周长和面积,6,1
圆的练习题,1,1
圆的综合与计算,2,1
圆试卷,1,1
圆锥 曲线一 轮 复习基础,1,1
圆锥普照,1,1
圆锥曲线60,1,1
圆锥曲线60条核心二级结论,2,1
圆锥曲线一轮复习,1,1
圆锥曲线一轮复习讲义,1,1
圆锥曲线与四心问题,2,1
圆锥曲线与方程,2,1
圆锥曲线专题专项练,2,1
圆锥曲线中三角形面积,1,1
圆锥曲线中档小题,1,1
圆锥曲线中的最值与范围问题,1,1
圆锥曲线中的证明类题型,6,1
圆锥曲线中离心率的计算,3,1
圆锥曲线分类,2,1
圆锥曲线单圆卷,1,1
圆锥曲线压轴,1,1
圆锥曲线压轴题,2,1
圆锥曲线和立体几何综合,2,1
圆锥曲线圆与椭圆最新题,2,1
圆锥曲线培优,4,1
圆锥曲线大题专题,2,1
圆锥曲线大题免费,2,1
圆锥曲线定点,10,1
圆锥曲线定直线题,2,1
圆锥曲线拔高,4,1
圆锥曲线方程基础知识,3,1
圆锥曲线极点极线问题,1,1
圆锥曲线真题,1,1
圆锥曲线福,2,1
圆锥曲线福建厦门,2,1
圆锥曲线离心率专题,1,1
圆锥曲线竞赛题,2,1
圆锥曲线练习,2,1
圆锥曲线练习题,2,1
圆锥曲线背景,2,1
圆锥曲线选填练习,2,1
圆锥曲线高中数学单元卷。,1,1
圆（暑假单元）,1,1
圈儿的英语角 九年级上册 仁爱英语 Unit2 Brilliant Thoughts,1,1
土地资源与农业地理,1,1
土地资源与地理,1,1
土桥镇上的魔术师,1,1
在不确定的世界里倾听不同文明的声音。,1,1
在不确定的世界里倾听不同文明的声音高三语文试卷。,1,1
在中考中物理各占比例,4,1
在延安文艺座谈会上的讲话  在文艺工作座谈会上的讲话,1,1
在线练,1,1
在那里查成绩,2,1
地 理,3,1
地图 2025一轮复习地图,2,1
地图空白版,1,1
地形图,2,1
地球中的宇宙高考真题,1,1
地球历史,1,1
地球是生物吗,1,1
地球的宇宙环境 必修一,1,1
地球的自转的方向,2,1
地球的运动 2025高考一轮复习地理,3,1
地球的运动 区时,1,1
地球经纬,2,1
地球自转习题,4,1
地球自转及其产生的现象,3,1
地球自转和公转的,2,1
地球自转和公转的基本特征,1,1
地球自转的地理意义,2,1
地球自转真题,3,1
地球运动,2,1
地球运动专卷,2,1
地球运动习题,3,1
地理 01 1轮复习 会考知识点,1,1
地理 01 一轮复习大洋洲课件,1,1
地理 01 一轮复习课件,1,1
地理 01 一轮复习高考,2,1
地理 2026 中考 初中福建,2,1
地理 2026 会考 初中福建,1,1
地理 七年级下册 地理 期末考试,3,1
地理 知识点2026精简版,4,1
地理168优化重组,1,1
地理168真题重组卷,2,1
地理2023 2024知识点,1,1
地理2026山东高考,1,1
地理《必修二2》必背知识点汇总,1,1
地理一模东莞,2,1
地理一模题山东,2,1
地理一轮复习大气运动,2,1
地理一轮复习资料,4,1
地理七下,1,1
地理七年级上册,2,1
地理东城高二,1,1
地理中考大题30道,2,1
地理主题一,1,1
地理二模题山东,3,1
地理人文,4,1
地理人文地理大题,1,1
地理会考大题30道,1,1
地理八上,1,1
地理八上期中复习资料,1,1
地理关于区域地理的试卷,1,1
地理初一上人教复习,2,1
地理初一人教复习,4,1
地理包头,3,1
地理区位因素,1,1
地理区域期末卷,2,1
地理卷子,1,1
地理合格考,1,1
地理吉林省气候专项训练,1,1
地理地图题专项,3,1
地理地方时,1,1
地理地球运动,1,1
地理填图,5,1
地理大题大题模板,2,1
地理大题大题模板20,1,1
地理大题大题模板2026,2,1
地理太阳运动专题,2,1
地理学者,1,1
地理学霸背记手册,7,1
地理安徽,1,1
地理封面专题,1,1
地理山东卷,1,1
地理岩石圈专题练习,4,1
地理广西,1,1
地理广西高考,1,1
地理必修一,1,1
地理必修一人口这一章的题,2,1
地理必修一知识清单,2,1
地理必修一知识点,9,1
地理必修一第一章,2,1
地理必修二,1,1
地理必修复习,1,1
地理情景选择题,5,1
地理情景选择题专项,1,1
地理教材,1,1
地理望城,1,1
地理朝阳高二,2,1
地理期末7年级下册,15,1
地理期末7年级下册卷子,7,1
地理期末考试,7,1
地理期末考试2025年,1,1
地理模拟,1,1
地理模拟卷,2,1
地理气候,1,1
地理河流与湖泊,3,1
地理湘教八上课件,2,1
地理湘教版,3,1
地理生物2026会考,3,1
地理真题分类,1,1
地理知识清单高考,1,1
地理知识点,1,1
地理科学,2,1
地理答题模版,2,1
地理红对勾,1,1
地理绍兴期末卷,1,1
地理经纬网最短航线,1,1
地理西城高二,2,1
地理试卷2026,2,1
地理试题,3,1
地理课件,2,1
地理课本,1,1
地理课本初一人教,10,1
地理资源安全与国家安全,1,1
地理过程性题,1,1
地理选修一第一次月考,2,1
地理选修三复习题,3,1
地理选修三大题模板,1,1
地理选修二选修三,1,1
地理选修二选修三复习题,1,1
地理选择性必修1专题,1,1
地理选择性必修1地球的运动,1,1
地理选择性必修1地球自转的地理意义,1,1
地理选择性必修一胳膊,1,1
地理选择性必修第二册教材,2,1
地理重要地理分界线,2,1
地理锋面专题,2,1
地理非选择题,2,1
地理高一下期末,2,1
地理高一地理必修二单元检测卷（配套教程B）,1,1
地理高一地理必修二单元检测卷（配套教程B）山东人教版,1,1
地理高一地理必修二第一章人口单元检测卷（配套教程B）,1,1
地理高三下天津,2,1
地理高二下学期期末考试,2,1
地理高考山东卷,3,1
地理高考山东卷2026,1,1
地理高考模拟卷,1,1
地理高考真题1月,3,1
地理高考真题分类,1,1
地理高考真题广西,1,1
地理高考题,2,1
地理默写小纸条,1,1
地理默写小纸条正午太阳高度角,2,1
地生,1,1
地生 2026 会考 初中,1,1
地生 2026 会考 初中福建,1,1
地生中考,2,1
地生中考 2026真题,1,1
地生中考山东,4,1
地生会考2025真题,2,1
地生会考2026贵州,1,1
地生会考26陕西,4,1
地生会考吉林,2,1
地貌篇,4,1
地貌篇ppt,2,1
地质中学开学考,1,1
场强,1,1
均值定理,3,1
均安,2,1
坐标,1,1
坐标系,4,1
坐标系求面积,3,1
坪山区,3,1
垂径定理,1,1
垂直平分线的性质,1,1
垂直平分线的性质人教版,1,1
垂美四边形模型,1,1
城东中学小升初考试卷子,1,1
城中小学,1,1
城关镇中心小学,1,1
城南中学,1,1
城南中英文学校,5,1
城固县2025-2026科学试卷,2,1
城固县2025-2026道法试卷,1,1
城固县八年级,3,1
城固县六年级下册数学试卷,1,1
城市热岛效应,2,1
城市热岛效应 综合大题,3,1
城步苗族自治县,1,1
城西中学,1,1
城阳,1,1
城阳2026八年级下学期期末试卷,1,1
城阳一中强基单词抄题,1,1
城阳一中强基自招,1,1
城阳高二期末英语,1,1
培优 人教版,3,1
培优 拔尖培优专题,1,1
培优08,1,1
培优专题,1,1
培优函数的值域,2,1
培优拓展,1,1
培优竞赛超级课堂九年级物理,5,1
培优联,1,1
培优联盟,1,1
培尖,1,1
培森,1,1
培英中学,1,1
基因 工程2026专题复习,2,1
基因在染色体上线性排列的相关习题,1,1
基因工程 026 专项 大题,3,1
基因工程 专项 大题,2,1
基因工程大题专练,1,1
基因工程大题专题训练,1,1
基因工程生物一轮复习,12,1
基因工程限制酶的选择,1,1
基因突变及其他变异,2,1
基因突变及其他变异ppt,1,1
基因自由组合定l,1,1
基因自由组合定律的实质、应用及验证,1,1
基因连锁,1,1
基因频率及基因型频率的计算专题,2,1
基尔霍夫定律,14,1
基层群众自治制度PPT一轮,1,1
基层群众自治制度笔记PPT一轮,2,1
基本不 等式10类题型专项高三一轮复习,1,1
基本不等式专项练习,2,1
基本不等式专题,2,1
基本不等式习题,1,1
基本不等式习题人教a版,3,1
基本不等式分层作业,1,1
基本不等式单元测试卷,1,1
基本不等式压轴,1,1
基本不等式压轴题,1,1
基本不等式和函数,1,1
基本不等式强基,1,1
基本不等式测试卷,1,1
基本不等式的应用,1,1
基本不等式直接法求最值,1,1
基本不等式竞赛,1,1
基本不等式综合训练,5,1
基本不等式题目,1,1
基本立体图形,2,1
基础卷,1,1
基础卷数学,2,1
基础夯实练（练册）,5,1
基础知识真题练,2,1
基础练习,2,1
基础训练九年级上册统编版2026,1,1
基础训练含单元评价卷河南专版,2,1
基础训练含单元评价卷河南专版八上语文,1,1
基础选择题,2,1
基础题 2025复习专题,2,1
基础题2000,2,1
基础题库,1,1
基础题直线和圆,2,1
基础题直线和圆同步,1,1
基线测试市北区,2,1
堔圳,1,1
塘沽一中2024届高三毕业班第一次月考,1,1
塘沽一中2025-2026八下,1,1
塘沽一中生物,2,1
塘沽一中生物第一次月考,2,1
塘沽六中,2,1
塘沽第六中学,1,1
塘田小学,1,1
塞尔维亚共和国,2,1
填空 2026专项训练,3,1
填空压轴题,3,1
填词,3,1
填词专项训练,6,1
增,1,1
增城期末数学,1,1
增城期末语文,1,1
增添项因式分解初中升高中,1,1
墨点字帖·荆霄鹏《高中必背古诗文72篇 正楷》,3,1
壮丽青山藻,3,1
声母的练习题,2,1
声现象 单元卷,1,1
声现象 画图,1,1
声现象 计算题 画图,2,1
声现象单元测试卷苏科版,1,1
声现象和光线象测试卷,1,1
声现象复习,2,1
声的世界,2,1
声速计算,3,1
声音回声问题,2,1
声音的回声问题,1,1
壶魂,1,1
备战2023年中考物理一轮复习考点帮,2,1
备战2025至2026年高一语文下学期,1,1
备战2027年中考语文之古诗文对比阅读,2,1
备战2027年中考语文复习,2,1
备战2027年中考语文复习福建,1,1
备考2023中考英语全国各地市试题分类汇编,1,1
备考2025年中考英语全国各地市试题分类,1,1
备高考,4,1
复习,1,1
复习专项,2,1
复习课,3,1
复习高一物理山东省基础题,5,1
复兴高级中学高三上期中考试,2,1
复合函数,1,1
复合函数单调性,2,1
复合函数零点问题,7,1
复合场,1,1
复合场 2026高三一轮磁场复习专题 物理,2,1
复数 023 专题 一一 轮 复习,3,1
复数 023 专题 复数复习,1,1
复数 z/（1+i）共轭复数乘积,2,1
复数一章章末检测,4,1
复数三角形式,2,1
复数单元卷,1,1
复旦大学强基计划,1,1
复旦大学附属中学高一下生物,2,1
复旦大学附属中学高一下英语,1,1
复旦附中生物,1,1
复旦附中英语,1,1
复旦附中英语高一第二学期,1,1
复活的好句子,2,1
复活这本书的好句子,1,1
夏令营,1,1
夏天杯,3,1
夏津一中青苗班,1,1
夏津一中高一,1,1
夏津一中高一上学期第一次月考,1,1
夏津县,4,1
夏邑县,2,1
夏邑县七年级,1,1
夏邑县八年级,1,1
夏邑县八年级上册?,2,1
夏邑县高级中学,2,1
外切圆内切圆,1,1
外国语学院25年中考录取分数线,5,1
外国语集美校区,2,1
外国语集美校区高一,1,1
外地自主招生试卷数学,1,1
外地自主招生试卷数学初升高,2,1
外接,1,1
外接圆 内切圆空间几何体,1,1
外接法,1,1
外接球 20,1,1
外接球 2025一轮专题,1,1
外接球 内切球间几何体,8,1
外研,1,1
外研3起四升五暑假培优听力测试,2,1
外研单词,1,1
外研单词默写,1,1
外研新标准八上,1,1
外研新标准八上音频,4,1
外研版 1必修一 单词默写,2,1
外研版 2024 七年级英语上册单词表,3,1
外研版 2024 八年级英语上册单词表,1,1
外研版 七年级上册 孙有中 听力原文,5,1
外研版 高中英语选择性必修四 试卷”,5,1
外研版1247,1,1
外研版一年级起点单元测试3上,3,1
外研版七上英语含有课后单词的例句,1,1
外研版七年级上册英语单词及课内例句,1,1
外研版七年级上册词汇清单 单词+例句,1,1
外研版七本,1,1
外研版七本教材词汇知识汇编 清单 2026届高考英语一轮复习,14,1
外研版七本教材词汇知识汇编 清单 习,5,1
外研版三年级m7,1,1
外研版三年级上英语,2,1
外研版三年级期末测试卷,2,1
外研版三起四年级英语同步字帖PDF,2,1
外研版九上英语作文,2,1
外研版人称代词及不及动词练习,3,1
外研版八上A red red rose朗读,2,1
外研版八上英语每日一练,5,1
外研版八年级上下册单词表,4,1
外研版八年级上册,4,1
外研版八年级上册试卷,2,1
外研版必修一单词,1,1
外研版必修一单词默写,2,1
外研版必修一单词默写空白版,2,1
外研版新教材九年级上册英语单词,3,1
外研版旧教材,1,1
外研版英语6年级上,2,1
外研版英语代词练习,1,1
外研版英语单词,3,1
外研版英语周报,1,1
外研版选择性必修第一册 B拓展版单元检测卷 听力,2,1
外研版高中英语必修第一册 Unit1 单词音频,6,1
外研版高中英语必修第一册 Unit2 单词音频,1,1
外研版高中高考核心词,2,1
外研版高考核心词,4,1
外研社八下英语阅读简单篇,2,1
外研社版必修一单词默写表,2,1
外研社版必修一单词默写表可填写,1,1
外研社英语必修三U4,1,1
外研社英语必修三U4课文,2,1
外研社英语必修四U4,1,1
外研社高一英语卷子,1,1
外研英语中考作文,3,1
外研选择性必修一单词表,5,1
多义词复习,1,1
多位数的读数和写数,2,1
多分阅读英语周周练八年级,4,1
多姿多彩,1,1
多姿多彩的动物,5,1
多姿多彩的动物课件,2,1
多想少算,1,1
多星问题,2,1
多语卓越课程2026年1月份阶段性检测,1,1
多边形的面积练习,1,1
多边形面积,2,1
多项式乘多项式,1,1
多项式整数,2,1
多项式，单项式，数学初一,1,1
多项式，单项式，，项数，次数。数学初一,1,1
夜市是我建的古诗,1,1
大 п键,3,1
大 п键习题,1,1
大一,1,1
大一数学,1,1
大一统中央集权,2,1
大一轮复习学案,2,1
大一轮复习步步高物理,1,1
大一轮复习讲义步步高英语,1,1
大一高等数学,1,1
大世界,4,1
大东区,1,1
大东区八下数学期末,3,1
大亚湾第一中学,5,1
大亚湾第一中学期中考试试卷,1,1
大众工业高一物理电子技术,1,1
大众工业高一物理电子技术’,1,1
大关复兴中学,2,1
大兴一中,1,1
大兴一中高一,2,1
大兴期末,2,1
大兴生物,2,1
大冶一中高一分班考,4,1
大冶四年级下册数学,1,1
大冶市,1,1
大卫科波菲尔配套练习题及答案,7,1
大同一中南校数学卷,2,1
大同中学,4,1
大同中学高二期中物理,2,1
大同中学高二英语,2,1
大同二中,9,1
大同六中集团校八上物理卷子,2,1
大同市实验中学,1,1
大同杯,1,1
大名中学,1,1
大唐现代双语学校26年高一期末考试数学卷子,1,1
大唐现代双语学校26年高三期末考试英语卷子,2,1
大城,3,1
大城一中,1,1
大埔中学,4,1
大境,2,1
大学4级,2,1
大学4级英语真题,1,1
大学之道PPT,3,1
大学四级,1,1
大学微积分,1,1
大学英语四级2025真题,1,1
大家24高三上语文,1,1
大峪,1,1
大峪中学期中考,2,1
大工附高,1,1
大市高三一模,3,1
大庆2025中考,3,1
大庆2025中考真题,2,1
大庆一中2024-2025高一上单元同步练,4,1
大庆一中期末试题,2,1
大庆东风中学开学分班考试卷,4,1
大庆中学2025-2026学年高一下6月期中,2,1
大庆中学高一下6月期中,1,1
大庆中学高二期末,2,1
大庆中考,2,1
大庆中考化学仿真卷,1,1
大庆四十四中学,2,1
大庆坪学校,1,1
大庆实验中学2024级学年度高一下学期期末,3,1
大庆实验中学2025 2026学年高一上学期数学第一次月考,1,1
大庆实验中学2025 2026学年高一上学期第一次月考,2,1
大庆实验中学2025 2026学年高一第一学期第一次月考,1,1
大庆实验中学学科嘉年华,1,1
大庆实验中学实验二部,1,1
大庆实验中学开学检测,2,1
大庆实验中学物理嘉年华,1,1
大庆实验中学联考,1,1
大庆实验中学高一上学期,1,1
大庆实验中学高一上学期第一次月考,1,1
大庆实验中学高一下册语文期末考试试卷。,1,1
大庆实验中学高一月考,4,1
大庆实验中学高二上月考,1,1
大庆实验中学高二上期末数学,2,1
大庆实验中学高二下学期数学,1,1
大庆实验中学高二下数学期末考试卷,2,1
大庆实验中学高二下期末,5,1
大庆实验高一下期末数学,1,1
大庆实验高二上月考,2,1
大庆市,2,1
大庆市2026年地理结业试题,1,1
大庆市2026高考三模,1,1
大庆市一模,3,1
大庆市一模化学试卷2026年,5,1
大庆市一模物理试卷2026年,1,1
大庆市三模化学试卷2026年,1,1
大庆市三模物理试卷2026年,2,1
大庆市二十三中,1,1
大庆市二模物理试卷2026年,1,1
大庆市祥阁学校,1,1
大庆市祥阁学校八年级,2,1
大庆市祥阁学校八年级期末,1,1
大庆市第二十三中学高一下学期期末考试数学,2,1
大庆市铁人中学,2,1
大庆市高一上学期,1,1
大庆铁人中学2025级高一学年下学期期末，数学考试,1,1
大庆铁人中学高一上学期月考,1,1
大庆铁人中学高一下期末,1,1
大庆铁人中学高二上学期开学考,1,1
大庆铁人高二期末考试试卷,2,1
大悟县,3,1
大悟县八上,1,1
大悟县四下期末,1,1
大成,1,1
大招16 不动点与稳定点（教师完整版）,1,1
大数的读写,1,1
大杨树第三中学,2,1
大格格哦,2,1
大桥,1,1
大桥中学,1,1
大森林里的小木屋,1,1
大气压强和浮力综合,4,1
大气受热过程,5,1
大气的受热过程与热力环流,3,1
大气的垂直分层,4,1
大气运动,2,1
大沥镇期中供题训练,1,1
大沥镇期中供题训练八年级,2,1
大洼,2,1
大渡口 八下 数学 期末答案,2,1
大港,1,1
大港一中,2,1
大湾区,1,1
大湾区联考卷,1,1
大湾区高二上数学,2,1
大理,2,1
大理 开学,2,1
大理州2026年下学期自末检测卷。六年级语文,1,1
大理州祥云新高一入学数学试卷,1,1
大理州祥云新高一入学考试,4,1
大理州统测,1,1
大理州统测高二,2,1
大祁连山有机肥料与合成综合题,2,1
大荔县韦林镇初中中学期末试卷,1,1
大荔县韦林镇初中中学期末试卷人教版,1,1
大观区分班考,2,1
大足中学七校联考数学试卷,1,1
大足中学七校联考期末数学试卷,1,1
大连 2026高二下期末数学,3,1
大连 2026高二下期末数学24中,1,1
大连 八中,8,1
大连 八中 5月,1,1
大连12,1,1
大连20212022化学,1,1
大连2024 2025高一下学期物理期末考试,1,1
大连2025 2026高一下期末,2,1
大连2025 2026高一下期末名校联盟,1,1
大连2025 2026高一下期末数学,1,1
大连2025 2026高二下期末二十四,1,1
大连2025 2026高二下期末生物五校联考,1,1
大连2025 2026高二下期末英语,2,1
大连20252026,3,1
大连2026中考,2,1
大连2026数学,1,1
大连2026数学F,1,1
大连2026期末,1,1
大连2026高二期末,2,1
大连24中八年级上册,1,1
大连24中学,2,1
大连24中生物高三上,1,1
大连24中高一下期中数学,2,1
大连24中高一下期末数学卷,3,1
大连24中高一下期末考试数学卷,2,1
大连24中高三语文,1,1
大连24中高二上期中考试,1,1
大连24高三上物理,1,1
大连24高三上语文,1,1
大连25,1,1
大连5,1,1
大连54,1,1
大连8中生物高三上,1,1
大连8中高三上物理,1,1
大连8中高三上语文,1,1
大连七上所有数学题,2,1
大连七下数学期末,2,1
大连三中2025~2026学年第二年度期末考试高二化学d,2,1
大连中山,1,1
大连中山区期末,1,1
大连中山区期末考试八下。,2,1
大连中山区期末质量抽测卷政治七年级下,1,1
大连中山区期末质量抽测卷数学,2,1
大连中山区期末质量抽测卷数学七年级下,2,1
大连中考一模英语,2,1
大连二中,2,1
大连二十四2026高二期末数学,1,1
大连二十四中2025 2026高二下期末,1,1
大连二十四中2026,1,1
大连二十四中学高二下期末考试数学,1,1
大连二十四中数学高一下期中,2,1
大连二十四期末,1,1
大连二十四高三一模9月化学,1,1
大连二十四高三第一次模拟,1,1
大连二十四高二期末,2,1
大连五年级,2,1
大连五校联考,1,1
大连五校联考数学,9,1
大连八下历史期末,3,1
大连八下数学期末试卷,2,1
大连八下物理,2,1
大连八下道法期末,4,1
大连八中化学,1,1
大连八中高三一模,1,1
大连八中高三第一次模块,1,1
大连八中高三第一次模考,1,1
大连八年级下数学期末卷葫芦岛,1,1
大连八年级下数学期末卷西岗区,1,1
大连八年级下语文期中2026,1,1
大连八年级下语文期末2026,2,1
大连华南中学,4,1
大连博伦,3,1
大连博伦入学,1,1
大连博伦摸底,1,1
大连博知,4,1
大连双基语文,1,1
大连双基语文一月,1,1
大连嘉汇,1,1
大连嘉汇入学,2,1
大连嘉绘入学,1,1
大连外研版英语,1,1
大连市,2,1
大连市 2024 2025 学年度第二学期期末考试,2,1
大连市 2025 2026高二下期末数学,2,1
大连市2024 2025学年度第二学期期末考试,2,1
大连市2025 2026学年度第二学期高一高二年级期末考试,2,1
大连市2025 2026高一下历史期末考试f,2,1
大连市2025 2026高一下期末考试f,3,1
大连市2025 2026高一第二学期期末考试,1,1
大连市2025 2026高一第二学期期末考试f,1,1
大连市2025-2026,2,1
大连市2025-2026学年度第二学期期末考试 高一生物学高一生物,2,1
大连市2025-2026数学期末,4,1
大连市2025-2026高一下学期数学期末,5,1
大连市2026 2027高一期末,5,1
大连市2026 2027高一期末A卷,1,1
大连市2026年，高一下期末考试语文,7,1
大连市24中2025~2026期末考试高一,1,1
大连市6年级,1,1
大连市三中,1,1
大连市三十六中学高一下期末考试,2,1
大连市二十四中2026高三上适应性测试数学,1,1
大连市八下语文期末考试卷,1,1
大连市嘉汇中学,2,1
大连市旅顺中学,5,1
大连市期末,1,1
大连市期末考,1,1
大连市期末考试,1,1
大连市期末考试高二下物理,4,1
大连市期末考金州高中,1,1
大连市格致七年级,2,1
大连市沙河口区2025-2026学年度第二学期质量检测八年级数学试卷,5,1
大连市第24中2025~2026期末考试,4,1
大连市第24中2025~2026期末考试高一,2,1
大连市第三中学,3,1
大连市第二中学,1,1
大连市第二十四中学开学考,4,1
大连市第二十四中学英语统练,3,1
大连市第二十四中学语文,1,1
大连市第二十四中学高一上期中语文,1,1
大连市第八中学2024 2025学年高一下学,1,1
大连市第八中学2024 2025学年高二下学,2,1
大连市第十二中学,4,1
大连市红旗高级中学,2,1
大连市联考2025 2026学年度第二学期期末考试高一,1,1
大连市育明高级中学,1,1
大连市金州高级中学高一,1,1
大连市高一下期末考试,1,1
大连市高一期末化学,1,1
大连市高一期末生物,2,1
大连市高三一模语文,1,1
大连市高二上期中考试,1,1
大连市高二上期中考试数学,2,1
大连市高二期末202 5~2026,1,1
大连开发区第八高级中学,1,1
大连文谷期末卷子,3,1
大连期末2026,3,1
大连期末7年下试卷,1,1
大连期末数学卷,2,1
大连期末考试2026,1,1
大连期末考试卷,2,1
大连期末考试高二下,1,1
大连期末高一下,3,1
大连沙河湾,2,1
大连理工大学,3,1
大连甘井子,1,1
大连甘井子区2024-2025八上数学期末卷,1,1
大连甘井子区2025-2026七下数学期末卷,2,1
大连甘井子区弘文中学2026年七年级下册数学期末卷,1,1
大连甘井子区弘文中学七年级下册数学期末卷,1,1
大连甘井子区魅力中学2025-2026七下数学期末卷,1,1
大连甘区语文月考,1,1
大连生物期末考试高一下,1,1
大连第11中学,1,1
大连第八中学,2,1
大连经济技术开发区第八高级中学,1,1
大连经济技术开发区第十高级中学,6,1
大连综合高中,1,1
大连育明中学,1,1
大连育明高中,6,1
大连育明高中化学高一,2,1
大连育明高级中学2025 2026期末考试高二,1,1
大连英语,3,1
大连西岗,1,1
大连西岗区期末质量抽测卷政治七年级下,1,1
大连语文中考一模,3,1
大连语文中考二模,2,1
大连金州117中学,3,1
大连金普新区,2,1
大连高1期中物理,1,1
大连高一上物理,1,1
大连高一上物理八中,1,1
大连高一上英语,1,1
大连高一上英语八中,2,1
大连高一下期末物理,2,1
大连高一下期末考试数学卷,1,1
大连高一期末考试,2,1
大连高三上物理,1,1
大连高三综合模拟考试,2,1
大连高中英语,2,1
大连高二,1,1
大连高二2026数学F,1,1
大连高二下期末,2,1
大连高二下期末数学,2,1
大连高二数学期末,1,1
大连高二期末物理,3,1
大通二中物理期末高二,1,1
大通历史联考,2,1
大通县二中2025 2026数学月考,1,1
大通县二中2025 2026生物期末,1,1
大通县二中高二下期末物理,1,1
大通县期末检测,5,1
大通县期末联考,2,1
大通县高二年级下学期,2,1
大通县高二年级下学期语文期末调研卷,1,1
大通政治2025联考,1,1
大通政治2025联考高一下学期,1,1
大通期末联考高二,1,1
大题一轮复习,1,1
大题三角函数,3,1
大题专项，数学高中,2,1
天 一 2026湖南高一下期末校内试卷,1,1
天 一 大联考高一下5月考,1,1
天 一大联考2026河南,1,1
天1大联考,2,1
天一 大联考陕西,2,1
天一2024-2025高一上期末物理,2,1
天一中学 2026 2027学年高一地理必修二选择性必修一综合测试卷,1,1
天一中学 2026 2027学年高一生物必修二选择性必修一综合测试卷,1,1
天一中学 2026 2027高一英语必修二,2,1
天一中学宛山湖,2,1
天一中学高一期末,1,1
天一化学,3,1
天一化学试卷,1,1
天一化学试卷高一,2,1
天一化学试卷高一下,2,1
天一地理试卷高一下,1,1
天一大联考2024 2025学年下高一年级期末考试语文,1,1
天一大联考2024到2025学年下高一年级期末考试,2,1
天一大联考2025 2026高三上学期开学考试,1,1
天一大联考2025-2026高三上学期开学考试,2,1
天一大联考2025安徽,1,1
天一大联考2025安徽第一次检测,1,1
天一大联考安徽2025年8月高三秋季,1,1
天一大联考安徽2025高三秋季,2,1
天一大联考河南高一,1,1
天一大联考河南高一2026年,2,1
天一大联考河南高一2026年数学,3,1
天一大联考河南高一2期末026年,2,1
天一大联考河南高二,1,1
天一大联考高一,1,1
天一大联考高三,3,1
天一物理,2,1
天一联考海南高二,1,1
天一高一湖南期末,1,1
天一高一，湖南,1,1
天一高二上期中英语,1,1
天中八上单元测,1,1
天仙潜,5,1
天仙潜联考,3,1
天体,4,1
天体 10大题型,1,1
天体运动 10大题型,1,1
天体运动 2025专题复习,1,1
天体运动练习题,2,1
天体运动联系动能题目,1,1
天体运动高一,1,1
天元,1,1
天利 38 套,4,1
天利 38 套2026,5,1
天利18套,1,1
天利38套 2025浙江化学选择题每日一练 解析版,2,1
天利38套卷,1,1
天利38套河北专版,3,1
天利38套，浙江省高考模拟试题汇编，地理,1,1
天利三十八套,1,1
天利三十八套语文,2,1
天南省昭通市永善县实验中学,3,1
天原杯,5,1
天原杯化学竞赛,1,1
天城中学,4,1
天壹2026高一湖南期末校内检测卷,1,1
天壹名校联盟2025-2026学年高三11月质量检测物理,3,1
天壹名校联盟2025-2026学年高二11月物理,3,1
天壹联考,1,1
天壹高一,3,1
天壹高一期末,1,1
天壹高一湖南期末校内检测卷,1,1
天天向上联盟,3,1
天天练,1,1
天山区兵二八年级期末考试卷,2,1
天山实验,3,1
天府七中,1,1
天府中学2026小升初夏令营测验,1,1
天府前沿数学,1,1
天府新区七下 数学 期末,2,1
天成中学,2,1
天星 2026 版,1,1
天星 2026 版 45 套卷英语,2,1
天星 2026版45套卷,1,1
天星 45 套金考卷,1,1
天星2027版,1,1
天星45套2027版英语,1,1
天星45套版英语,1,1
天星单元双测卷,1,1
天星单元双测卷不等式,1,1
天星必修三英语,2,1
天星教育 单元过关卷三 英语,2,1
天星教育 单元过关卷三 英语听力原文,1,1
天星试题调研,2,1
天星金考卷特快专递高考试题汇编,2,1
天星，单元周末双测卷,1,1
天桃2025,1,1
天桃2025七年级,1,1
天桃2025七年级英语,1,1
天桃实验学校,2,1
天桃实验学校202,1,1
天桃实验学校2026年春季学期九年级三月单元作业英语听力,1,1
天桥区八下期末试卷,1,1
天桥区八下期末试卷数学,4,1
天梯学案2026数学九年级下册练习册答案,1,1
天梯学案2026鲁教版数学九年级下册练习册答案,6,1
天气系统,2,1
天气英语高考听力,4,1
天水一中,1,1
天水中考,2,1
天水二,2,1
天水市八中高一数学期中考试试卷,2,1
天水市甘谷一中高一上学期数学期中考试试卷,3,1
天水市甘谷一中高一数学期中考试试卷,1,1
天水市第九中学,2,1
天水市试卷,3,1
天水市麦积区八年级下册期末试卷,2,1
天水逸夫实验中学,6,1
天河中学,1,1
天河中学八上单元测,1,1
天河区,3,1
天河区2026年七下期末统考,6,1
天河区期末,7,1
天河华实,1,1
天河外国语,2,1
天河外国语学校,2,1
天河职中,1,1
天津 一中中考,2,1
天津 初升高 分班,1,1
天津 南开区 七年级,1,1
天津 历史八上,1,1
天津 历史八上 期中,5,1
天津 高一上第一单元数学测验,4,1
天津 高一第一单元数学测验,1,1
天津2023到2024年度小学三年级上数学期末卷,2,1
天津2024 2026八年级下册数学期末试卷,1,1
天津2024-2025天津中学化学,1,1
天津2024-2025高一化学,1,1
天津2025 2026高一,1,1
天津2025-2026高一,4,1
天津2025中考,2,1
天津2026中考,6,1
天津45中,1,1
天津45中学,1,1
天津一中2026高二下期末,2,1
天津一中暑假,5,1
天津一中期末,1,1
天津一中高一上学期月考语文,1,1
天津一中高一下期末,1,1
天津一中高二上学期期中考试物理,1,1
天津一中高二上学期期末考试物理,2,1
天津一飞冲天,2,1
天津七上语文期末,1,1
天津七下历史期末,2,1
天津七下期末英语,2,1
天津七年级期末,1,1
天津三中分班考,1,1
天津三中新高一分班考,1,1
天津三中高一上,1,1
天津三中高一上数学期中,1,1
天津三年级上学期期中,1,1
天津三年级下学期期末,2,1
天津专用 部编版高中语文必背古诗文60篇/72篇汇总,3,1
天津东丽中学,1,1
天津中考2023地理,2,1
天津中考力学物理专项,7,1
天津中考历史,5,1
天津中考数学,3,1
天津中考数学压轴题集合,1,1
天津中考模拟,3,1
天津中考模拟数学,2,1
天津中考浮力物理专项,1,1
天津中考英语必备单词,3,1
天津中考题,1,1
天津中考题数学,1,1
天津中考题数学宝坻,1,1
天津九年级上学期期中,2,1
天津九年级上学期阶段检测,1,1
天津九年级期末,1,1
天津二中,1,1
天津五中,1,1
天津五年级上学期期中,1,1
天津五年级下学期阶段检测,2,1
天津八上第14章练习，数学,3,1
天津八下柱形容器压强辨析,1,1
天津八下物理真题汇编压强浮力,2,1
天津八年级上册第一次月考,2,1
天津八年级上学期阶段检测,1,1
天津八年级下册柱形容器 液体压强 桌面压强辨析,1,1
天津六年级下学期,4,1
天津六年级下学期阶段检测,1,1
天津初一上英语,1,1
天津初一期末数学,1,1
天津初一期末英语,2,1
天津初中浮力物理专项,2,1
天津初中物理讲义,2,1
天津初中英语单词,5,1
天津力学物理专项,1,1
天津动词短语,1,1
天津化学高一上,1,1
天津化学高一上月考,1,1
天津化学高考真题,1,1
天津十四中,1,1
天津南大附中七年级月考,1,1
天津南大附中七年级月考数学,2,1
天津南开一模,1,1
天津南开中学2026届高三年级校模拟考英语,1,1
天津南开中学高一入学,2,1
天津南开中学高二第一次月考化学,1,1
天津南开九上物理期中,2,1
天津南开二模,2,1
天津南开区七年级,1,1
天津卷 2024高考真题数学,1,1
天津卷 2025高考真题,2,1
天津卷 2026高考真题,1,1
天津卷 2026高考真题数学,1,1
天津历史,1,1
天津历史河北区一模,1,1
天津历史真题,2,1
天津历史高考,1,1
天津各区县模拟试卷英语,1,1
天津和平2025 2026八下,4,1
天津和平2025 2026八下 数学,1,1
天津和平九上物理,1,1
天津和平九下物理,2,1
天津和平区八年级期末下学期,2,1
天津四十二中高一,2,1
天津塘沽一中高三英语,1,1
天津外国语大学附属滨海外国语学校,2,1
天津大港油田三中,2,1
天津大港油田实验,4,1
天津大港油田实验开学分班考,2,1
天津小卷英语,1,1
天津工业流程题,1,1
天津市12区重点学校2025至2026学年下学期高三毕业班联考,1,1
天津市2024至2025学年度高一第二学期期末重点校联考高一历史试卷,1,1
天津市2025届十二区重点学校高三毕业班联考一语文试题,1,1
天津市2026中考卷子原题,1,1
天津市2026英语中考,1,1
天津市8年级数学,1,1
天津市8年级数学宝坻,1,1
天津市8年级数学英语,2,1
天津市8年级期末英语,1,1
天津市8年级英语宝坻,1,1
天津市七下历史期末2024-2025,2,1
天津市中考,2,1
天津市中考历史,3,1
天津市中考历史2026,1,1
天津市中考数学,1,1
天津市中考物理,1,1
天津市五区县2025－2026,2,1
天津市五区县2025－2026期末高一语文,1,1
天津市五区重点校24年至二五学年高一下学期期末考试英语试卷,1,1
天津市五所小卷,1,1
天津市五校学年期末高二下,1,1
天津市初中学业水平考试,2,1
天津市北辰区2025-2026中考数学,2,1
天津市北辰区2025-2026中考英语,2,1
天津市北辰区实验中学,5,1
天津市南开中学小卷,1,1
天津市南开中学滨海生态城学校2025-2026学年(下) 高一年级第二次限时训练政治学科试卷,7,1
天津市南开中学高一上,2,1
天津市南开中学高一上数学期末考试,2,1
天津市南开中学高一上物理,1,1
天津市南开中学高一上物理月考,1,1
天津市南开区2025五上英语期末,2,1
天津市南开区2025五下英语期末,1,1
天津市南开区2025五英语期末,1,1
天津市南开区八年级上期中,6,1
天津市南开区物理高一下学期期末考试,2,1
天津市南开区高一,3,1
天津市南开大学附属中学,2,1
天津市和北区九上二中第一次月考化学,2,1
天津市和平区2025届高三一模语文,2,1
天津市和平区2025高三一模语文,2,1
天津市和平区2026年一模,1,1
天津市和平区2026年一模高三,1,1
天津市和平区2026年一模高三英语,2,1
天津市和平区55中,3,1
天津市和平区七年级,2,1
天津市和平区七年级上学期,5,1
天津市和平区天津市第一中学2023至2024学年高一下学期7月期末考试语文试题,1,1
天津市和平区耀华中学高二上第一次月考,2,1
天津市和平区高一,1,1
天津市和平区高一期末,1,1
天津市和平区高一第二学期期末英语,2,1
天津市和平区高一第二学期期末质量调查英语,1,1
天津市四十七中 2025年,2,1
天津市学习质量监测六年级下册语文,1,1
天津市学习质量监测练习册六年级下册语文,1,1
天津市宝坻区2025-2026七下历史期末,1,1
天津市宝坻区八下历史,4,1
天津市宝坻区八下英语,1,1
天津市宝坻区区期末高三上物理,3,1
天津市宝坻区区期末高三上生物,1,1
天津市宝坻区区期末高二下数学,1,1
天津市宝坻区四中高一下期末英语,2,1
天津市宝坻区第十中学2025-2026七下历史期末,1,1
天津市宝坻区第十中学2025-2026七下政治期末,1,1
天津市宝坻区高一下期末英语,1,1
天津市数学2024河北区一模,3,1
天津市晟凯高级中学,1,1
天津市期中考试,4,1
天津市期末考试,5,1
天津市杨村一中,2,1
天津市武清区2025～2026九上数学期中考试,1,1
天津市武清区2025～2026数学期中考试,1,1
天津市武清区杨,1,1
天津市武清区杨村一中分班,1,1
天津市武清区杨村一中分班考,4,1
天津市武清区杨村一中高一分班考,1,1
天津市河东区2023-2024学年高二下学期期末语文试卷,1,1
天津市河东区2024-2025学年高二下学期期末语文试卷,3,1
天津市河东区2025-2026八年级上册语文期末,1,1
天津市河东区2025一2026学年度第二学期八年级历史期中试卷,4,1
天津市河东区2025一2026学年度第二学期八年级历史期末试卷,2,1
天津市河东区2025一2026学年度第二学期八年级地理期末试卷,1,1
天津市河东区2025一2026学年度第二学期八年级数学期末试卷,1,1
天津市河东区2025一2026学年度第二学期八年级生物学期末试卷,1,1
天津市河东区2025一2026学年度第二学期八年级英语期末试卷,1,1
天津市河东区2025一2026学年度第二学期八年级语文期中试卷,2,1
天津市河东区2025一2026学年度第二学期八年级语文期末试卷,3,1
天津市河东区2025一2026学年度第二学期八年级道德与法治期末试卷,1,1
天津市河东区2026高三下学期质量检测（二）语文试卷,1,1
天津市河东区七年级下册数学期末考试卷,2,1
天津市河东区八年级上册历史,1,1
天津市河东区八年级上册历史期末考试,1,1
天津市河东区八年级上册英语期末试卷,1,1
天津市河东区八年级上册语文期末试卷,1,1
天津市河北区2024-2025,1,1
天津市河北区2025一2026学年度第二学期八年级道法期末试卷,1,1
天津市河北区2026年九年级一模语文试卷,1,1
天津市河北区七上期中历史,3,1
天津市河北区八下历史期末,1,1
天津市河西区2024 -2025学年度第二学期高三年级总复习质量调查一,1,1
天津市河西区2024 2025学年度第二学期高三年级总复习质量调查一,2,1
天津市河西区2024-2025学年度第二学期高三年级总复习质量调查一语文,1,1
天津市河西区2024-2025高三上学期物理期中试卷,4,1
天津市河西区2024-2025高二下学期历史期中试卷,1,1
天津市河西区2024年二模语文,1,1
天津市河西区2024河西区高三一模英语,1,1
天津市河西区2025-2026八上物理期中,1,1
天津市河西区2025-2026高三上学期历史期中试卷,1,1
天津市河西区2025一2026学年度第二学期八年级道法期末试卷,4,1
天津市河西区2025到2026学年八下物理统考,1,1
天津市河西区2025届学年度第二学期高三年级总复习质量调查一,2,1
天津市河西区2025年二模语文,2,1
天津市河西区三年级上册英语期末试题,2,1
天津市河西区八年级下册物理,2,1
天津市河西区友谊路,10,1
天津市河西区高三第一学期期中考试,2,1
天津市河西区高三第一学期期末考试,1,1
天津市滨海新区2025 2026学年度八年级下学期语文期末考试试卷,2,1
天津市滨海新区2025 2026学年度八年级第二学期期末考试试卷,3,1
天津市滨海新区2025 2026学年度八年级第二学期语文期末考试试卷,1,1
天津市滨海新区2025 2026学年度第二学期期末考试试卷,1,1
天津市滨海新区2025到2026学年八下物理统考,1,1
天津市滨海新区2025至2026学年度高一第二学期英语考试卷,1,1
天津市滨海新区小升初考试试卷,2,1
天津市滨海新区高三数学,8,1
天津市滨海新区高三语文,1,1
天津市第25中学2024至2025学年度高一第二学期地理期末试卷,3,1
天津市第82中学,2,1
天津市第一中学滨海学校2025级高一数学第一次质量检测,5,1
天津市第一中学滨海学校2025级高一物理第一次质量检测,3,1
天津市第一中学滨海学校2025高一物理月考,2,1
天津市第三次质量检测,1,1
天津市第二中学九年级月考,2,1
天津市第二十五中学,1,1
天津市第二十五中学2024至2025学年度高一第二学期地理期末试卷卷,1,1
天津市第二新华中学高一下学期2026年,1,1
天津市第二耀华中学,2,1
天津市第五中学第一次月考,1,1
天津市第四十三中学2024至2025 高一年级期末阶段性质量监测地理试卷,1,1
天津市红桥区2025至2026学年七年级下学期6月期末道德与法治试题,3,1
天津市红桥区2026年八年级下册物理,1,1
天津市红桥区七年级下学期数学期末考试,1,1
天津市红桥区七年级下学期语文期末考试,2,1
天津市红桥区八年级下册期末考试历史答案,2,1
天津市红桥区八年级下册期末考试物理答案,1,1
天津市红桥区期末道法,2,1
天津市红桥区高二语文,1,1
天津市耀华中学 新高一分班考试,1,1
天津市耀华中学2024-2025学年高三上学期统练,1,1
天津市耀华中学2026年高一下学期物理,2,1
天津市耀华中学高二上月考,1,1
天津市蓟州区,3,1
天津市蓟州区擂鼓台中,1,1
天津市蓟州区擂鼓台中学李东,3,1
天津市蓟州区高一下学期期末考试,3,1
天津市西青区为明学校2024高一上学期入学摸底试题,4,1
天津市西青区为明学校2025-2026学年高一上学期入学摸底数学试题,2,1
天津市西青区为明学校高一上学期入学摸底试题,5,1
天津市西青区为明学校高一上学期入学摸底语文试题,2,1
天津市西青区为明高一上学期入学摸底语文试题,1,1
天津市西青区高二上学期,1,1
天津市西青区高二上学期期中,2,1
天津市部分区2024~2025学年度高一年级第一学期期中考试高二年级数学,2,1
天津市部分区2024~2025学年度高一年级第二学期期中考试高二年级政治,1,1
天津市部分区2024~2025学年度高二年级第一学期期中考试高二年级历史,1,1
天津市部分区2024~2025学年度高二年级第一学期期中考试高二年级政治,1,1
天津市部分区2025-2026学年度第一学期期末练习九年级化学,1,1
天津市部分区2025-2026学年度第一学期期末练习九年级物理,2,1
天津市部分区2025-2026学年度第二学期期末练习八年级英语,1,1
天津市部分区2025~2026学年度高二年级第一学期期中考试高二年级历史,2,1
天津市部分区2025~2026学年度高二年级第一学期期中考试高二年级政治,1,1
天津市部分区2025到2026学年度第一学期期中练习九年级数学,2,1
天津市部分区2025至2026期末考试数学试卷,1,1
天津市部分区2025至2026第二学期末学期期末练习高二物理答案,1,1
天津市部分区24-25九上期中化学,1,1
天津市部分区9上化学期其中试卷,3,1
天津市部分区七下语文期末试卷,1,1
天津市部分重点校联考,1,1
天津市重点校,2,1
天津市重点校联考,11,1
天津市静海区第一中学2025-2026学年高二下学期期末联考历史试题,2,1
天津市静海区第一中学2025-2026学年高二下学期期末联考数学试题,1,1
天津市静海区第一中学2025-2026学年高二下学期期末联考语文试题,2,1
天津市高一历史会考,2,1
天津市高一期中化学,3,1
天津市高一英语,2,1
天津市高一英语期末,2,1
天津市高二上期末物理,4,1
天津市高考数学卷子,2,1
天津市高考语文,1,1
天津市高考语文真题,2,1
天津常考重点字词,1,1
天津常考重点字词合集语文,1,1
天津数学2026部分区,1,1
天津数学2026部分区一模,2,1
天津数学2026部分区二模,1,1
天津数学中考,1,1
天津数学高考,1,1
天津月考,2,1
天津月考化学,1,1
天津期中,1,1
天津期末部分区,1,1
天津梅江,2,1
天津模拟,2,1
天津武清杨村一中高一上学期月考数学,4,1
天津武清杨村一中高一上学期期中数学,2,1
天津河东区七年级下学期数学期末卷,2,1
天津河东高三下,2,1
天津河东高二下语文期末,2,1
天津河西三年级上语文期末,1,1
天津河西九上物理期中,3,1
天津河西区高二下期末,2,1
天津河西区高二下期末生物,1,1
天津河西期中七下,2,1
天津河西期末,2,1
天津河西期末七下,3,1
天津河西期末六下,3,1
天津河西高三下,2,1
天津油田,1,1
天津海教园,1,1
天津滨海新区2025到2026年度小学三年级下数学期末卷,2,1
天津滨海新区高一期末,1,1
天津滨海新区高二上期末数学25-26,2,1
天津物理中考,1,1
天津物理中考专项,2,1
天津物理中考真题,2,1
天津物理八年级上学期期中,2,1
天津物理八年级下学期,5,1
天津物理八年级下学期专项,1,1
天津物理南开区一模,2,1
天津物理南开区二模,1,1
天津物理高考真题,1,1
天津生地会考地理,1,1
天津空间向量,1,1
天津立体几何,5,1
天津第八中学,2,1
天津第四十七中学,1,1
天津第四十二中,1,1
天津第四十二中高一,5,1
天津红桥高三下,2,1
天津网格,1,1
天津网格尺规作图,2,1
天津翔宇力仁学校7下年级月考试卷数学,3,1
天津翔宇力仁学校7下年级月考试卷语文,2,1
天津翔宇力仁学校8年级月考试卷,2,1
天津翔宇力仁学校8年级月考试卷数学,1,1
天津耀华中学,2,1
天津职业技术师范大学全国单招考试试卷,1,1
天津职业技术师范大学技工单招物理历年真题,5,1
天津英语真题圈九上答案,1,1
天津英语高考,3,1
天津英语高考卷2018,1,1
天津语文高中,2,1
天津部分区,2,1
天津部分区期末数学高二上学期,2,1
天津部分区期末数学高二上学期期中,1,1
天津部分区期末物理高一下学期,1,1
天津部分区期末物理高二上学期,2,1
天津静海区2025-2026期末高二下数学,2,1
天津高一上化学,1,1
天津高一上化学月考,2,1
天津高一上化学第一次月考,6,1
天津高一上学期第一次月考卷,2,1
天津高一上月考,4,1
天津高一下数学期末考试试卷,1,1
天津高一化学第一次月考,1,1
天津高一数学月考上学期,2,1
天津高一河东区期中,2,1
天津高一物理,1,1
天津高三下学期期末,1,1
天津高三第一次月考,1,1
天津高三第一次月考数学,2,1
天津高二上学期期中,2,1
天津高二下数学期末,2,1
天津高考 英语2026第二次,1,1
天津高考10年英语,2,1
天津高考《师说》,1,1
天津高考一轮复习《师说》,1,1
天津高考一轮复习师说,1,1
天津高考化学工业流程题,1,1
天津高考化学真题,1,1
天津高考卷生物25节,2,1
天津高考导数压轴题,3,1
天津高考政治2024,1,1
天津高考数学真题,1,1
天津高考物理,1,1
天津高考物理真题,1,1
天津高考生物一轮复习,2,1
天津高考真题,1,1
天津高考英语3500,4,1
天津高考英语3500考纲词汇,2,1
天津高考英语主动形式表被动意义,1,1
天津高考英语主谓一致专题,4,1
天津高考英语真题2023,3,1
天津高考非谓语动词英语专题,2,1
天润城,1,1
天目高级中学,1,1
天省 期末,1,1
天祝一中,2,1
天籁英语 高中英语听力专项模拟训练 高一年级 杨传福,2,1
天籁英语 高二年级,2,1
天籁英语高一,1,1
天籁英语高一湖南,1,1
天衢新区2026八年级下册数学期末考试试卷,2,1
天衢新区2026八年级下册语文期末考试试卷,1,1
天衢新区2026八年级下学期期末化学试卷,2,1
天衢新区2026八年级下学期期末物理试卷,1,1
天门中学,1,1
天门华斯达学校,3,1
天门市2025期末5年级下,1,1
天门市2026期末5年级下,4,1
天问班,1,1
天骄小学,3,1
太,1,1
太仓,1,1
太仓实验,3,1
太元路,1,1
太原二外小升初模拟卷,2,1
太原五中,1,1
太原五中高一第一学期期中考试,2,1
太原外国语保送考,7,1
太原市2023-2024学年高二下学期期末化学试卷,1,1
太原市2024 2025学年 去年 八下数学期末真题 北师大版,2,1
太原市2024-2025学年（去年）七下数学期末真题（北师大版）,1,1
太原市2024-2025学年（去年）八下数学期末真题（北师大版）,3,1
太原市2024~2025学年八年级上册第1次月考,2,1
太原市2024~2025学年八年级下册 月考,1,1
太原市2024~2025学年八年级下册第1次月考,1,1
太原市2025 2026学年高三第一学期期中学业诊断,1,1
太原市2025 2026学年高二下学期末数学试卷,3,1
太原市2025-2026学年高二下学期末数学试卷,1,1
太原市56中开学测,2,1
太原市师院附,1,1
太原市师院附初二10月考,1,1
太原市师院附初二物理,1,1
太原市第二外国语学校,3,1
太原市英语合格性测试,1,1
太原市高中英语学业合格性测试,1,1
太原志达,1,1
太原成成分班考,1,1
太原晋源区,1,1
太原高二期末考试,2,1
太和中学,1,1
太和县中学八上物理期中考试,2,1
太平天国运动课件,3,1
太康一高高一下期末数学,1,1
太康县,1,1
太康县生地会考,2,1
太康县第一高级中学,2,1
太康第一初级中学,2,1
央美附中,1,1
央美附中北京,1,1
夺冠100%新导学课时练8年级上册物理人教版,13,1
奇偶性,6,1
奇偶性 对称性 周期性专题,1,1
奇函数,2,1
奉贤,1,1
奉贤三模,2,1
奉贤区2024学年度第一学期高三地理,1,1
奉贤区2024学年度第一学期高三年级期终调研测试,2,1
奉贤区数学,6,1
奉贤语文高三2024-2025,2,1
奎屯市第一高级中学,2,1
奔驰定理,1,1
奖学金,2,1
奥,1,1
奥 数,1,1
奥数 入门,1,1
奥数4年级,1,1
奥数6年级,7,1
奥数6年级每日,2,1
奥数二年级,1,1
奥数五年级,7,1
奥数五年级上册,1,1
奥数五年级上册数学,7,1
奥数入门,2,1
奥数六年级,3,1
奥数四年级,1,1
奥数培优,1,1
奥数培优讲义,1,1
奥数提升,1,1
奥数提升小学六年级,3,1
奥数题,1,1
奥数题一年级升二年级,4,1
奥数题五年级,1,1
奥数题五年级贵州,4,1
奥林匹克2025化学竞赛,2,1
奥林匹克数学竞赛决,1,1
奥林匹克数学竞赛初一,2,1
奥林匹克数学竞赛初二,1,1
奥林匹克数学竞赛高中广东赛区,3,1
奥林匹克竞赛试卷决赛,6,1
奥赛,1,1
奥赛经典,1,1
奥赛题目,1,1
好教育,2,1
好題汇编 10年 分类汇编,1,1
好題汇编 10年 分类汇编浙江专用,2,1
好題汇编 专题 浙江,4,1
好题,2,1
好题 2021 2025真题汇编,3,1
好题汇编 浙江,1,1
好题汇编 浙江专用,5,1
好题汇编 高二物理期中 上海专用 带电粒子在电场中的运动,1,1
好题汇编内蒙古,4,1
好题汇编备战2025-2026,1,1
好题汇编备战2025-2026学年高一英语,3,1
好题汇编浙江,1,1
好题汇编高考,1,1
好题汇编高考语文,2,1
如 古历史是一群喵,1,1
如东县,2,1
如东高,1,1
如东高级中学,6,1
如何坚守粮心语文试卷,1,1
如何理解小说意象的象征手法  郑媛老师,2,1
如何计算热量,2,1
如图三角点阵,2,1
如图三角点阵，从上往下数有无数行,2,1
"如图，AB=AC=1，ZBAC-120, D为BC边上一点，作ZADE-I20AD=DE.当AE+ BE 取最小值时，",2,1
如愿以偿,1,1
如愿以偿之后,2,1
如果历史是一群喵,1,1
如皋中考一模试卷,2,1
如皋市实验初中,2,1
如皋市第一初级中学,1,1
如皋第一,1,1
如皋第一初级中学,1,1
姜堰2024到2025英语期末试卷,1,1
姜堰2024到2025英语期末试卷初二下,2,1
姜堰中学高一上,1,1
姜堰中学高一上月考,1,1
姜堰区八上四校联盟,2,1
姜堰四中,1,1
姜堰市实验初级中学初一分班考,2,1
姜堰英语试卷,2,1
姣川 分班考,1,1
姣川分班考,1,1
威宁县彝族苗族自治县数学试卷,1,1
威宁彝族回族苗族自治县东风镇,1,1
威海10月,3,1
威海2025-2026高二下统考英语,1,1
威海2025–2026学年上学期期末八年级,3,1
威海2026高二下统考英语,2,1
威海一中,1,1
威海七年级下册数学期末考试,2,1
威海中考数学,1,1
威海乳山2026六年级下学期生物期末测试题,2,1
威海乳山初一生物期末下学期,1,1
威海八年级上册物理,1,1
威海八年级上册物理期末,2,1
威海六年级,4,1
威海地区五四制六年级历史下册期末英语试卷,2,1
威海市九年级上册化学期中,2,1
威海市高一上学期期中,1,1
威海环翠,2,1
威海荣成,5,1
威海高二统考英语,2,1
威海高区一小,2,1
威远中学,2,1
威远中学校,9,1
威远县凤翔中学,2,1
娄底三中,1,1
娄底市娄星区2025 2026学年六年级下册期末英语试卷,3,1
婺州外国语,3,1
嫩江,3,1
子路问津,1,1
子集个数,1,1
子集的概念专题练习,2,1
孔子,1,1
孔雀东南飞,2,1
孔雀东南飞挖空,3,1
字典,1,1
字帖七年级上册,2,1
字帖二年级上册人教版,1,1
字母提,3,1
字母提完全平方公式应用,1,1
字水中学,3,1
字用得好,1,1
字节精准教育联盟2026年春季高20二八届期末定时练习思想政治,1,1
字词,1,1
字词汇总,2,1
字贴,3,1
字音,2,1
存瑞中学,1,1
孙颖莎,3,1
孙颖莎素材课件,4,1
孝中,1,1
孝义,2,1
孝南区七下期末,1,1
孝南区七下期末限时训练,2,1
孝南区七年级限时训练,1,1
孝南区八上八校联考,1,1
孝南区八上期中,1,1
孝南区八上期末,1,1
孝感,1,1
孝感2024年高一下学期期中考试,1,1
孝感2024年高一下学期期末考试,2,1
孝感一中2024年,1,1
孝感一中2024年高一下学期期末考试,1,1
孝感七年级英语上册期末考试,1,1
孝感市,2,1
孝感市八上八校联考,1,1
孝感期中楚天杯考试,2,1
孝昌一中,8,1
孝高,1,1
孟建平，杭州市西湖区5年级下册期末统考真题卷。,4,1
孟德尔的豌豆杂交实验 一,2,1
学,1,1
学 易 金 卷,4,1
学 易 金卷 2026,2,1
学 易 金卷2025 2026期末模拟卷,1,1
学 易 金卷八上数学月考卷,1,1
学 易 金卷八上数学第一次月考卷,1,1
学 考,1,1
学 考2026浙江真题,4,1
学 考2026浙江高中,3,1
学业 水平202 6 高中合格性考试,3,1
学业合格性考试,1,1
学业水平合格性考试四川,2,1
学业水平合格性考试四川生物,1,1
学业水平合格性考试地理,2,1
学业水平合格性考试生物,1,1
学业水平测试数学试卷,3,1
学业水平综合测试,2,1
学业水平考试2026,1,1
学业水平考试广东物理,1,1
学业水平考试真题,2,1
学业水平质量调研试题数学,1,1
学习笔记,2,1
学军 周末练,3,1
学军中学语文,1,1
学军分班考数学,2,1
学军分班考数学试卷,1,1
学军高一分班考数学试卷,1,1
学前班课程,1,1
学升勤径同步练测9上化学,1,1
学情点评,2,1
学情调研,2,1
学拼音,1,1
学易卷苏教版六上数学,1,1
学易金卷 第1?2章月考提高卷,8,1
学易金卷2024高一上数学期中模拟,2,1
学易金卷2024高一数学期中模拟,1,1
学易金卷2024高一期中模拟,1,1
学易金卷七年级地理河北专用,4,1
学易金卷七年级生物河北专用,2,1
学易金卷人教版,1,1
学易金卷人教版江西期末,1,1
学易金卷哈尔滨专用粤人版八上地理,2,1
学易金卷期中,1,1
学易金卷高一下学期期末化学黑吉辽蒙,4,1
学易金卷高一下学期期末生物黑吉辽蒙,1,1
学易金卷高二下期末化学,1,1
学易金卷：五年级英语上学期期末真题重组卷02,2,1
学易金卷：五年级英语上学期期末真题重组卷02（连云港专版）,1,1
学期素养验收,2,1
学林,1,1
学林 2025 2026学年度第二学期期未阶段性作业 八年级数学 人教版,2,1
学林卷2026陕西,3,1
学林卷2026陕西2026春季八下,3,1
学校查成绩,4,1
学校竞赛,4,1
学法大视野,3,1
学海领航,1,1
学海领航山东省职教高考历年数学真题9+3卷,1,1
学海风暴 2026,3,1
学海风暴 2026江西,1,1
学海风暴 2026试卷答案,1,1
学海风暴 试卷答案,2,1
学海风暴单元培优,1,1
学海风暴地理,1,1
学物理,2,1
学生笔记,1,1
学生题库,1,1
学看音标写单词,1,1
学神温念,1,1
学科 网,1,1
学科晚上好课物理九年级上册人教版,2,1
学科晚上好课物理九年级上册人教版，热量比热容,3,1
学科精准练,2,1
学科素养,1,1
学科素养周测评数学,5,1
学科素养展评,2,1
学科网App,1,1
学科网上好课化学,3,1
学科网上好课化学高中,4,1
学科网上好课物理九年级上册人教版，热量比热容,1,1
学科网书城,3,1
学科网免费试卷入口,1,1
学科网八上英语期中卷,3,1
学科网搜索:专题03文言文阅读-2026届高考二轮复习(山东专用),2,1
学科网的羊102,2,1
学科网精品工作室,1,1
学练优,6,1
学练优2026,2,1
学练优九年级上册数学河南专版 一元二次方程单元卷,2,1
学练优八年级上册数学测试卷,4,1
学考2+1数学卷子2026九年级上册,1,1
学考2026云南,1,1
学考2026浙江高中,1,1
学考卷,2,1
学考成绩,1,1
学考真题,1,1
学考试卷。历史政治化学,1,1
学而思高一物理同步精讲精练,4,1
学英语七年级贵州听力专刊,1,1
学英语报,7,1
学英语试卷四川,1,1
学霸,1,1
学霸养成,3,1
学霸提优大试卷,2,1
学霸背记手册,2,1
宁乡一中,2,1
宁乡九上第一次月考试卷物理,4,1
宁乡五中,2,1
宁南中学,2,1
宁国中学自主招生,2,1
宁夏,1,1
宁夏2 025中考真题试卷历史,1,1
宁夏2 026中考真题试卷,1,1
宁夏2023中考语文,2,1
宁夏2025专升本,1,1
宁夏2025专升本真题,1,1
宁夏2025中考数学真题试卷,4,1
宁夏2026中考数学试卷,1,1
宁夏七年级下学期阶段检测,3,1
宁夏中考,2,1
宁夏中考物理,1,1
宁夏八年级物理周测,5,1
宁夏六盘山高级中学物理暑假作业,1,1
宁夏六盘水高级中学高一生物学第一章监测卷,1,1
宁夏初中毕业水平检测,1,1
宁夏吴忠四中八年级上期末物理试卷,1,1
宁夏吴忠市青铜峡市第一中学202听力6届高三第二次模拟题英语,1,1
宁夏回中,1,1
宁夏回族自治区固原市五原中学分班试卷,1,1
宁夏固原市五原中学小升初入学分班测试卷,8,1
宁夏固原市五原中学小升初入学分班测试卷2026,2,1
宁夏海原一中,1,1
宁夏育才中学开学摸底试卷,1,1
宁夏育才中学高一下学期期末数学试卷,1,1
宁夏西吉县第四中学高二期末卷,2,1
宁夏银川高三统考,2,1
宁夏高一下学期期末数学复习卷,1,1
宁夏高三下学期期末,4,1
宁夏高三六盘山,2,1
宁夏高三六盘山开学,1,1
宁夏高中物理必修一优化设计小册子单元检测卷卷,2,1
宁夏高中语文5本书课内素材,1,1
宁夏高考,1,1
宁大附中,1,1
宁安一中高一下学期期,1,1
宁安市第三子联盟,1,1
宁安高一上期末数学,2,1
宁德  2 0 2 6 高二第二学期期末质量检测,1,1
宁德 八年级下册 物理,1,1
宁德 化学,4,1
宁德市 2025 八年级上学期期末 物理,2,1
宁德市 2026 八年级上学期期末 物理,1,1
宁德市 2026 第一学期期末 八年级 物理,1,1
宁德市 八年级上册 期末 物理,2,1
宁德市2023 2024学年第二学期期末高一化学,2,1
宁德市2024 2025学年度第二学期期末高一质量检测,1,1
宁德市2024 2025学年度第二学期期末高二质量检测,1,1
宁德市2025 2026 第一学期期末 八年级 物理,1,1
宁德市2025-2026学业水平合格性考试,2,1
宁德市2025-2026高二年第二学期期末考试,1,1
宁德市2026八年级上册物理,1,1
宁德市七年级下册,1,1
宁德市五校联合体,2,1
宁德市初中毕业班检测物理,2,1
宁德市生物学,1,1
宁德市福宁古,1,1
宁德市霞浦县高二上日语期中考试,2,1
宁德市高三上期末数学,5,1
宁德市高三上期末考,1,1
宁德市高三上期末考数学,3,1
宁德期末七年级,2,1
宁德物理期末考高一,1,1
宁德物理期末考高一第二学期,1,1
宁德福鼎一中高三上册第一次月考,2,1
宁德高一下期末,1,1
宁德高一下期末英语,1,1
宁德高三上期末,1,1
宁德高三上期末数学,2,1
宁德高三数学,2,1
宁德高二下期末化学,1,1
宁晋一中,2,1
宁晋县第一中学,2,1
宁波 一诊 2026,1,1
宁波2025第二学期高一九校英语,3,1
宁波2025高二期末英语,1,1
宁波一诊,2,1
宁波中学,2,1
宁波中考,1,1
宁波九校数学,1,1
宁波九校期末考试，高一政治,2,1
宁波六校,1,1
宁波六校英语高一,2,1
宁波分班考,2,1
宁波十校数学高一,1,1
宁波四中,1,1
宁波四中分班考,1,1
宁波姣川 分班考,1,1
宁波宁海七年级,2,1
宁波宁海月考,3,1
宁波市2024-2025学年高三第一学期高考模拟,1,1
宁波市2024学年第二学期期末九校联考高一语文试卷。,2,1
宁波市2024学年第二学期期末九校联考高一语文试题,2,1
宁波市2024学年第二学期期末测试卷高一语文试卷,1,1
宁波市2025_2026学年第二学期期末考试,2,1
宁波市2025到2026学年高二下学期期末考试生物试卷,2,1
宁波市2025学年第一学期期末考试高一政治,1,1
宁波市2025学年第一学期高考模拟考试数学,1,1
宁波市2025学年第二学期期末九校联考高一英语试题。,2,1
宁波市2025学年第二学期期末九校联考高二化学题,1,1
宁波市2025学年第二学期期末九校联考高二地理试题,1,1
宁波市2025第一学期高一期末物理试题,3,1
宁波市七下期末数学,3,1
宁波市七下期末科学,2,1
宁波市期末九校联考,1,1
宁波市校高三下三月二模,1,1
宁波市第四中学新高一入学分班考试卷,1,1
宁波市第四中学新高一分班考试卷,2,1
宁波市鄞州区六上数学分数除法,2,1
宁波市镇海中学英语模拟试题18,2,1
宁波市镇海中学高三下学期二模,3,1
宁波市镇海区蛟川书院分班考试卷,2,1
宁波强基计划,1,1
宁波曙光七年级培优,3,1
宁波曙光七年级培优科学,2,1
宁波曙光培优,1,1
宁波月考,1,1
宁波江北七年级上分班,1,1
宁波江北七年级分班,2,1
宁波江北分班,1,1
宁波科技素养,1,1
宁波第四中学,3,1
宁波蛟川科技素养,1,1
宁波鄞州区七年级下册期末英语卷,2,1
宁波鄞州区七年级下册语文,1,1
宁波镇海中学模拟试题,1,1
宁波高一上册数学期末试卷,3,1
宁波高一上册物理期末试卷,1,1
宁波高一下册数学期中试卷,1,1
宁波高一下册数学期末试卷,1,1
宁波高一下册物数学期末试卷,1,1
宁波高一下册物理期中试卷,1,1
宁波高一下册物理期末试卷,1,1
宁波高三,2,1
宁波高三下高考模拟,2,1
宁波高三日语,1,1
宁波高二下期末,6,1
宁波高二期末,2,1
宁海中学,2,1
宁海分班,1,1
宁海县小升初毕业试题卷,6,1
宁远一中,6,1
宁远县,1,1
宁远县三中,2,1
宁远县三电,1,1
宁远县竞赛,1,1
宁阳,3,1
宁阳一中高三上学期月考化学,1,1
宁阳六年级下册2026年数学期末,9,1
宁阳县,2,1
宁阳县第一中学英语上期中,2,1
宁阳高三上学期月考化学,1,1
宇宙中的地球,1,1
宇宙中的地球2026地理一轮复习,1,1
宇宙中的地球高考真题,5,1
宇宙航行分层作业,4,1
守恒定律,6,1
安丘一中创新之星社团选拔,1,1
安丘市创新人才选拔考试试卷,1,1
安丘市初二12月考试素养考试,2,1
安丰,2,1
安丰中学,1,1
安培力,2,1
安培力和洛伦兹力,6,1
安宁,1,1
安宁七年级,1,1
安定区八下2026年第二学期物理测试卷,2,1
安居区,2,1
安岳县2026数学,1,1
安师大附中,1,1
安师大附中 自招 物理 2025,1,1
安平志臻,2,1
安庆,2,1
安庆2025 2026数学期中试卷,1,1
安庆一中2026高一下期末九校联考,1,1
安庆一中安徽六校教育研究会2025年级入学素质测试数学,1,1
安庆一中文,1,1
安庆一中期中考试,1,1
安庆一中诚毅书院,2,1
安庆一中高二下,1,1
安庆一模卷,5,1
安庆九一六学校,1,1
安庆九一六学校高一联考,1,1
安庆九校联考,1,1
安庆二中,1,1
安庆二模,2,1
安庆十中,1,1
安庆四中试卷,2,1
安庆外国语,5,1
安庆外国语分班考试卷,4,1
安庆大观区2024 2025五年级下语文期末试卷,1,1
安庆市六安,1,1
安庆市四中七年级下,5,1
安庆市外国语七下数学,3,1
安庆市外国语学校2025年物理,4,1
安庆市石化一中高一开学考,1,1
安庆市石化第一中学,6,1
安庆最后一卷,2,1
安康,2,1
安康市2025 2026高一第二学期期末联考,1,1
安康市2026高二第二学期期末联考,2,1
安康市2026高考模拟检测一数学,4,1
安康市高一下期末,1,1
安康市高三第一学期期末数学,2,1
安徽 0 2025 中考试卷语文,2,1
安徽 0224中考真题,3,1
安徽 2025 中考试卷语文,1,1
安徽 2026高一A层联盟,2,1
安徽 高考2025年真题,4,1
安徽10校联盟高二政治,1,1
安徽2023合格考卷化学,1,1
安徽2024合格考卷化学,1,1
安徽2025-2026年九年级物理开学考试卷,1,1
安徽2025-2026年九年级英语开学考试卷,2,1
安徽2025-2026年九年级语文开学考试卷,2,1
安徽2025年高一下期末化学人教版,2,1
安徽2025年高考题,1,1
安徽2025高二数学,1,1
安徽2026七下人教英语暑假,3,1
安徽2026高考化学,1,1
安徽2026高考历史,1,1
安徽2026高考试卷,1,1
安徽9月,1,1
安徽A10联盟开学考数学,2,1
安徽A10联盟高三9月开学考,1,1
安徽A10联盟高三开学考,1,1
安徽A10联盟高二下联考期末物理,13,1
安徽A十联盟数学高一期末卷,2,1
安徽a20联盟。,2,1
安徽七年级上学期阶段检测,1,1
安徽七年级下册第1次月考卷附带答题卡,1,1
安徽七年级下学期阶段检测,1,1
安徽三年级上学期期末,2,1
安徽三年级上学期阶段检测,2,1
安徽中考10 年真题,2,1
安徽中考原卷,2,1
安徽中考政治,1,1
安徽中考数学2026,1,1
安徽中考真题2026,1,1
安徽中考真题2026生物,1,1
安徽中考试卷全科,1,1
安徽中考语文2026,2,1
安徽中考语文试卷,1,1
安徽中考语文试卷真题,3,1
安徽中职数学,1,1
安徽九年级上学期期中数学琥珀中学,1,1
安徽九年级上学期期中物理四十五中,3,1
安徽九年级上学期期中物理琥珀中学,10,1
安徽九年级下学期期末,1,1
安徽二次函数,1,1
安徽五年级上学期阶段检测,2,1
安徽亳州,3,1
安徽八上沪,2,1
安徽八年级上册2025-2026北师大版数学第一次月考试卷,4,1
安徽八年级上册北师大版数学第一单元试卷,5,1
安徽八年级上册北师大版数学第一次月考试卷,3,1
安徽八年级上册沪科版物理期中考试卷,1,1
安徽八年级下学期阶段检测,1,1
安徽六安2026中考真题,1,1
安徽六年级上学期升学真题,2,1
安徽六年级下学期期末,2,1
安徽六校,2,1
安徽六校教育研究会2022届高二年级期末联考,1,1
安徽六校教育研究会2025届高三年级入学素质测试,1,1
安徽六校教育研究会2025年级入学素质测试数学,2,1
安徽六校教育研究会2026届高三年级入学素质测试数学,1,1
安徽六校联考高三,1,1
安徽六校联考高三元月素质检测,1,1
安徽初中英语七年级,2,1
安徽利辛高级中学分班考试卷,4,1
安徽化学模拟卷,1,1
安徽十校联盟2026年高二下学期7月初期末质检物理试题,5,1
安徽升学模考,1,1
安徽卷2026地理,1,1
安徽县中联盟,2,1
安徽县中联盟高二下学期五月联考,1,1
安徽县中联盟高二下学期末联考,10,1
安徽合肥,2,1
安徽合肥2025-2026年九年级物理开学考试卷,1,1
安徽合肥45中2025-2026年九年级物理开学考试卷,1,1
安徽合肥45中2025-2026年九年级语文开学考试卷,3,1
安徽合肥一中,1,1
安徽合肥三十八中,1,1
安徽合肥二六年中考英语,2,1
安徽合肥市六校联盟2025 2026学年第二学期高一期末教学质量检测,1,1
安徽合肥市数学试卷,1,1
安徽合肥市数学试卷九年级上,2,1
安徽合肥市第一中学2025-2026学年高二下学期7月期末语文试题,1,1
安徽四十五中,1,1
安徽培优联盟春季联赛高一语文,1,1
安徽天一,2,1
安徽天一大联考2024—2025年高一5月,2,1
安徽天一大联考2024至2025学年高二下5月阶段性检测,1,1
安徽天一大联考20267月,1,1
安徽天一大联考高一5月,1,1
安徽天一大联考高一7月,1,1
安徽太和中学 2025~2026 学年高二下学期 5 月期中语文试题,1,1
安徽宿州九年级上册月考,2,1
安徽宿州九年级上册第一次月考,1,1
安徽对口升学数学,1,1
安徽师范大学自主招生卷数学,1,1
安徽师范大学附属中学,1,1
安徽师范大学附属中学2025 2026学年第二学期期末教学质量监控,2,1
安徽师范大学附属中学2025年高中自主招生考试语文试卷,1,1
安徽师范大学附属中学。,4,1
安徽师范大学附属中学自主招生,3,1
安徽师范大学附属中学自主招生卷数学,2,1
安徽庐巢联盟高二上月考,1,1
安徽开学测,1,1
安徽数学七年级上册第1次月考卷附带答题卡,1,1
安徽数学七年级下册第1次月考卷附带答题卡,5,1
安徽新初二上册北师大版数学第一次月考试卷,2,1
安徽新高一入学测试,2,1
安徽新高一入学测试，六校,5,1
安徽期中,1,1
安徽期末考试,1,1
安徽江南十校,1,1
安徽江南十校联考,2,1
安徽江南十校联考期未高一上,1,1
安徽江南十校高二语文,1,1
安徽江淮十校二模,1,1
安徽淮北,2,1
安徽淮北市2024年新高一实验选拔考试试卷,1,1
安徽淮北高一分班考试试卷,1,1
安徽淮北高一分班考试试卷局中,1,1
安徽淮南市二6年中考语文,1,1
安徽物理2026高考,1,1
安徽物理一模,3,1
安徽物理期末考试,2,1
安徽物理高考卷,2,1
安徽生物高考,1,1
安徽皖智教育沪科版物理,3,1
安徽皖豫县中高二下学期,4,1
安徽省 024年普通高中学业水平合格性考试,3,1
安徽省 025年普通高中学业水平合格性考试,2,1
安徽省026年中考,2,1
安徽省026年高考,1,1
安徽省2021~2026年语文真题卷合集,5,1
安徽省2021语文真题卷,1,1
安徽省2024 2025学年高二下学期期末联考,1,1
安徽省2024届九年级阶段评估1LR(一)1数学,5,1
安徽省2024年地理高考题,2,1
安徽省2025-2026年八年级上册北师大版数学期中试卷,2,1
安徽省2026中考试卷,1,1
安徽省2026届高三5月联考语文,2,1
安徽省2026届高三5月联考语文越早,1,1
安徽省2026年中考数学试卷,2,1
安徽省2026年普通高等学校招生全国统一考试数学,1,1
安徽省2026年普通高等学校招生全国统一考试数学真题卷安徽省高考真题数学,1,1
安徽省2026普通高中学业水平测试化学,1,1
安徽省20二六届高三四月模拟考试,1,1
安徽省中学八上物理期中考试,1,1
安徽省中考英语试卷,3,1
安徽省中考试卷,11,1
安徽省亳州二中高一下5月份阶段性测试卷,5,1
安徽省亳州市第三完全中学,1,1
安徽省亳州市第五完全中学,1,1
安徽省人教版高三上册语文开学考天一大联考,1,1
安徽省入学测试,1,1
安徽省六安市皋城中学 2023~2024 学年八上物理期中试题,2,1
安徽省六安市霍邱县三中,3,1
安徽省六校教育研究会 高一新生入学素质测试试卷,1,1
安徽省六校教育研究会2024届高三年级入学素质测试,8,1
安徽省六校教育研究会2026学年高一上学期入学考试化学试题,6,1
安徽省六校教育研究会2026届高三上1月素质测试英语,1,1
安徽省六校教育研究会二四届高三年级入学素质测试,1,1
安徽省六校教育研究院,2,1
安徽省六校联考,1,1
安徽省六校联考开学考高三化学,1,1
安徽省六校联考开学考高三数学,1,1
安徽省六校联考高一入学,1,1
安徽省六校联考高三,2,1
安徽省六校联考高三化学,1,1
安徽省利辛高级中学,2,1
安徽省十教育2026届高三,2,1
安徽省十教育2026届高三开学考,1,1
安徽省十教育2026届高三第一次教学质量测评,1,1
安徽省十教育2026届高三第二次教学质量测评,1,1
安徽省十教育2026届高三联考,1,1
安徽省十教育2026高三开学考,1,1
安徽省十联考合肥一中2026届高三最后一卷,4,1
安徽省县中联盟 2025 2026学年下学期高一期末联考数,1,1
安徽省县中联盟期末,1,1
安徽省县中联盟（安徽卓越县中联盟）2024-2025学年高一下学期5月联考数学（A卷）,3,1
安徽省合肥一中2026高二下期末化学试卷,9,1
安徽省合肥八中2026高二下期末化学试卷,1,1
安徽省合肥市,2,1
安徽省合肥市2026届高三第1次教学质量检测数学试题,1,1
安徽省合肥市一中高一下期末数学,5,1
安徽省合肥市一中高一下期末数学2027,2,1
安徽省合肥市一六八中学高一上学期学期期末数学,1,1
安徽省合肥市八中高一下期末数学,2,1
安徽省合肥市八中高一下期末语文,1,1
安徽省合肥市庐江二中航天班试卷,1,1
安徽省合肥市庐江县第一单元测试卷,5,1
安徽省合肥市数学,1,1
安徽省合肥市第38中学8年级下学期道德与法治试题,1,1
安徽省合肥市第三十八中学八年级下学期道德与法治试题,1,1
安徽省合肥市第八中学高一上学期学期期末数学,2,1
安徽省合肥市第四十五中,2,1
安徽省合肥市第四十五中学2025-2026学年八年级下学期期末道德与法知识题,1,1
安徽省合肥市蜀山中学八年级下学期月考道德与法治试卷,3,1
安徽省合肥市蜀山区八上物理第2单元测试卷,1,1
安徽省和县,1,1
安徽省天一高二上期中英语,1,1
安徽省太湖中学,2,1
安徽省安庆市 大观区外国语学校八下数学试卷,1,1
安徽省安庆市石化一中高中入学考,6,1
安徽省安庆市重点高中开学考试,2,1
安徽省宿城一中2025-2026八年级上册第一次月考试卷,1,1
安徽省宿州市城北中学,1,1
安徽省宿州市泗县中学七年级第一次月考,1,1
安徽省宿州市皖北,2,1
安徽省宿州市第一中学,2,1
安徽省宿州市萧县城北中学,2,1
安徽省宿州市萧县城北中学第1次月考,1,1
安徽省宿州市萧县城北初级中学2025-2026学年九年级上学期第一次月考数学试题,3,1
安徽省宿州市萧县城北初级中学2026-2027学年XX年级上学期第一次月考数学试题,1,1
安徽省小学四年级数学期终,2,1
安徽省庐江县2024 2025级高三下学期期末检测卷,1,1
安徽省开学考,1,1
安徽省开学考上学期,1,1
安徽省开学考上学期初一,1,1
安徽省怀宁县七下数学期末卷,1,1
安徽省怀宁县七下英语期末卷,2,1
安徽省怀宁县八上数学期中卷,1,1
安徽省怀宁县八上英语期中卷,1,1
安徽省普通高中合格性历史,2,1
安徽省普通高中合格性检测,1,1
安徽省普通高中合格性物理,3,1
安徽省普通高中学业水平历史测试卷,1,1
安徽省智学联考,1,1
安徽省桐城中学,2,1
安徽省毫州市2025~20268上11月份物理期中试卷,1,1
安徽省池州市2024~20258上11月份物理期中测试卷,1,1
安徽省淮北市濉溪县2022-2023学年第二学期七年级数学期末检测试题|,1,1
安徽省淮北市濉溪县八下数学沪科版期末试卷金太阳,1,1
安徽省淮北市濉溪县自主招生真题卷,1,1
安徽省淮北市烈山区龙兴学校,1,1
安徽省淮北市第二中学2026年一模试卷,1,1
安徽省淮北市第二中学一模试卷,1,1
安徽省淮北市第二中学九年级2026年一模试卷,2,1
安徽省淮南市三校联考2025~2026物理期中试题,1,1
安徽省淮南市会考物理,1,1
安徽省淮南市会考试卷,2,1
安徽省淮南市合格考试,1,1
安徽省淮南市四校联考2025~2026物理期中试题,1,1
安徽省淮南市学业水平测试物理,2,1
安徽省淮南市高二合格考试,1,1
安徽省烈山区龙兴学校,1,1
安徽省皖北地区2024-2025学年七年级下学期期末道德与法治统考,1,1
安徽省皖智7年级阶段评估(八)真题卷,1,1
安徽省示范高中2025-2026学年高一下学期期末考试物理试卷,2,1
安徽省示范高中培优联盟2025春季联赛英语高二,1,1
安徽省示范高中培优联盟2025春季联赛高二,3,1
安徽省自主招生初升高试卷,2,1
安徽省自主招生试卷,2,1
安徽省舒城县城关三小期末卷,1,1
安徽省芜湖市华星,1,1
安徽省芜湖市弋江区,3,1
安徽省芜湖市弋江区期中,3,1
安徽省芜湖市无为市2025—2026年度期末物理试卷,2,1
安徽省萧县中学,2,1
安徽省蚌埠市,2,1
安徽省蚌埠市A层高一上联考2024年物理,2,1
安徽省蚌埠市A层高一上联考2025年,1,1
安徽省语文,2,1
安徽省金太阳高三起点考试,2,1
安徽省铜陵市25年市三中分班数学考试卷,4,1
安徽省铜陵市25年市三中分班考试卷,1,1
安徽省阜阳市太和县太和中学,2,1
安徽省阜阳市实验中学2025-2026年九年级英语开学考试卷,2,1
安徽省马鞍山,1,1
安徽省高一下5月份阶段性测试卷,2,1
安徽省高一下天一联考,1,1
安徽省高一期末化学,1,1
安徽省高一期末化学安庆市,1,1
安徽省高三物理试卷,2,1
安徽省高中新课标同步作业地理选择性必修一配人教版,6,1
安徽省高二上期中英语,1,1
安徽省高二会考,1,1
安徽省高考地理,1,1
安徽省高职,2,1
安徽省高职分类,2,1
安徽省黄山市2026年,1,1
安徽省黄山市休宁县八校联考,1,1
安徽省黄山市休宁县八校联考海阳中学,1,1
安徽省！八上物理第2单元测试卷,1,1
安徽第1次月考,2,1
安徽第一卷人安徽第一卷物理沪科版,2,1
安徽第一卷人教版历史,1,1
安徽第一卷最后一卷,1,1
安徽肥东高一试卷月考,4,1
安徽自主招生化学试卷,1,1
安徽自主招生卷数学,6,1
安徽自主招生物理试卷,1,1
安徽芜湖,1,1
安徽芜湖南陵中学高二期末,1,1
安徽芜湖市高一下学期期中考试,2,1
安徽芜湖市鸠江区2025 2026学年五年级下册期末质量监测数学试卷,2,1
安徽芜湖无为市期中考试,1,1
安徽芜湖高一六校联考,2,1
安徽英语初中中考试卷,3,1
安徽蚌埠2026高一英语第二学期期末试卷,2,1
安徽蚌埠2026高一语文第二学期期末试卷,1,1
安徽蚌埠市高三开学考,2,1
安徽蚌埠怀远县高二上11月英语,1,1
安徽蚌埠怀远县高二上期中考试英语,1,1
安徽蚌埠高二上期中考试,3,1
安徽蚌埠高二上期中考试数学,1,1
安徽蚌埠高二上期中考试英语,1,1
安徽语文,3,1
安徽语文宿州市高二下学期期末考试,2,1
安徽语文江南十校,1,1
安徽阜阳高一下物理,1,1
安徽阜阳高三二模,2,1
安徽阜阳高二上月考数学,2,1
安徽顶尖名校联盟2025~2026年高三下学期5月最后一卷语文,1,1
安徽马鞍山开学测,1,1
安徽马鞍山新高一入学分班考试卷,1,1
安徽高一上入学考试,3,1
安徽高一上入学考试语文,1,1
安徽高一上学期数学,1,1
安徽高一上学期数学第一单元,1,1
安徽高一上学期月考化学,1,1
安徽高一上学期月考数学,1,1
安徽高一上学期英语月考听力,1,1
安徽高一上学期阶段检测,1,1
安徽高一下学期期末数学,1,1
安徽高一下学期阶段检测,2,1
安徽高一函数专题,2,1
安徽高一分班考试,2,1
安徽高一实验班选拔,2,1
安徽高一开学考,1,1
安徽高一数学,1,1
安徽高一期末英语,1,1
安徽高一英语试卷,2,1
安徽高三上学期开学考,2,1
安徽高三上学期阶段检测,1,1
安徽高三开学六校联考,5,1
安徽高中会考水平测试英语试卷,1,1
安徽高中会考英语试卷,1,1
安徽高中毕业水平测试卷,1,1
安徽高中联赛,2,1
安徽高二上学期期末,1,1
安徽高二下学期期末,2,1
安徽高二下学期期末A10,2,1
安徽高二下学期期末县中联盟,2,1
安徽高二下学期期末鼎尖教育,1,1
安徽高二下学期联赛,1,1
安徽高考,1,1
安徽高考地理,1,1
安徽高考政治,1,1
安徽高考物理,3,1
安徽高考物理卷,1,1
安徽高考生物,2,1
安徽高考真题,2,1
安徽高职,1,1
安徽黄山,2,1
安徽鼎尖名校联考,1,1
安徽鼎尖教育,1,1
安新3+1,3,1
安新中学,3,1
安新县3+1考试试题,1,1
安新县第二中学,1,1
安新第二中学,1,1
安次区七年级,4,1
安次区七年级上册数学,1,1
安次区七年级下册,1,1
安次区七年级下册英语,1,1
安次区七年级政治,1,1
安溪一中初二,7,1
安溪一中高一,3,1
安溪六中,3,1
安阳一中,1,1
安阳一中奥赛班,1,1
安阳县高级中学,2,1
安阳市一中,1,1
安阳市新一中学,2,1
安阳市新一中学高一,3,1
安阳市殷都区正一中学创新班考试,2,1
安阳市第一中学,2,1
安阳市第一中学。,3,1
安阳市第三中学,2,1
安阳市第二中学,3,1
安阳市龙安区高级中学,2,1
安陆市七年级下期末2026,1,1
安陆市八上期末,2,1
安陆市八上期末数学,3,1
安静省中学八上物理期中考试,6,1
安顺,4,1
安龙一中,1,1
宋诏桥分班考,2,1
完全培养基,1,1
完全平方公式 的计算,2,1
完全平方公式应用,1,1
完全弹性碰撞,4,1
完全弹性碰撞高中物理,1,1
完型 填空英语,4,1
完型填空解题策略,2,1
完形填空/阅读八年级,1,1
完形填空/阅读八年级英语,2,1
完形填空/阅读八年级英语云南,1,1
完形填空40篇,3,1
完形填空中考前专项英语,3,1
完形填空九年级,1,1
完形填空初高衔接,2,1
完形填空阅读理解,1,1
完整全册单元词性表,3,1
完整预习高三一能复习全部考点,4,1
宏华,1,1
宏帆八中,1,1
宏帆八中初一入学调研,1,1
宏帆八中物理试卷,1,1
宏达,2,1
宏达中学,1,1
官二中,1,1
官渡二中,4,1
官渡区2025～2026学年上学期七年级期末考试,2,1
官渡区2025～2026学年下学期六年级期末,1,1
官渡区五年级2026学年下学期期末数学试卷,3,1
官港,1,1
官能团,2,1
定义域为r和值域为r,1,1
定兴县,2,1
定安县,5,1
定州,1,1
定州二中,1,1
定州市,1,1
定州市数学,1,1
定心卷,1,1
定西一中,1,1
定西市,2,1
定西市安定区东方红中学,4,1
定西市安定区五年级下册北师大版第二学期期末考试卷,8,1
定西市第一中学2024-2025高一入学检测,1,1
定西期末联考,5,1
定语从句100题,2,1
定语从句练习,1,1
定语从句练习 .,2,1
定语从句练习 广州,1,1
定距离,4,1
定边七中七年级下册英语试卷,1,1
定边期中七年级下册英语试卷,1,1
定远中学,2,1
宛城区,2,1
宜兴七上英语单词默写,3,1
宜兴东氿,1,1
宜兴八上历史,5,1
宜兴八上学易金卷,2,1
宜兴八上数学,6,1
宜兴八上期末数学学易金卷,1,1
宜兴八上物理,2,1
宜兴八上物理月考,1,1
宜兴城南,1,1
宜兴城南试验中学,1,1
宜兴实验中学,3,1
宜兴实验中学八上,1,1
宜兴实验中学八上数学,2,1
宜兴市,1,1
宜兴市物理八上八下期中期末大考,6,1
宜兴物理八上期中学易金卷,2,1
宜兴物理八上期末学易金卷,2,1
宜兴语文八上期中学易金卷,2,1
宜兴语文八上期末卷,4,1
宜兴语文八上期末学易金卷,1,1
宜兴语文八下期末卷,1,1
宜城,3,1
宜城二中2025~2026学年高一生物必修二综合测试卷,1,1
宜宾 0 诊 2026年,1,1
宜宾0诊,2,1
宜宾2025年高一下册期末考试试卷,2,1
宜宾2026中考数学,1,1
宜宾2026中考物理,1,1
宜宾三中,3,1
宜宾中考,2,1
宜宾中考英语试卷,1,1
宜宾屏山二年级下数学2026,1,1
宜宾市2025-2026年春期高2下期生物b卷,1,1
宜宾市2025-2026年春期高2下期英语b卷,4,1
宜宾市2025年春期高2下期英语,1,1
宜宾市2026年中考,1,1
宜宾市2026年中考物理,1,1
宜宾市2026年中考语文,1,1
宜宾市五中小升初试题,1,1
宜宾市第一中学校2024级高二下学期我模拟试卷四,2,1
宜宾市高一下册物理,2,1
宜宾市高二下期末考试化学,1,1
宜宾市高二下期末考试语文,1,1
宜宾期末八下数学,2,1
宜宾物理,1,1
宜宾高一英语分班考试,1,1
宜宾高二上学数学思想,1,1
宜宾高二上学数学期中,2,1
宜昌,2,1
宜昌一中贯通班试卷,1,1
宜昌七年级上册英语,5,1
宜昌三月,1,1
宜昌协作体,5,1
宜昌市夷陵区5年级下期末,1,1
宜昌市夷陵区5年级下期末2026真题,2,1
宜昌市高二期末考试,1,1
宜昌本地贯通班选拔真题,5,1
宜昌金东方初中,2,1
宜昌金东方初中七年级,1,1
宜昌金东方初中七年级上,1,1
宜昌高二期末数学,5,1
宜春26年高一数学期未试卷,2,1
宜春9年级上册 数学期末试卷,2,1
宜春必修一不等式自测,1,1
宜春期末,1,1
宜春期末物理,2,1
宜阳县,4,1
宝一中附小入学考试,1,1
宝华二分班考,1,1
宝坻,2,1
宝坻一中2026英语,3,1
宝坻一中月考,2,1
宝安中学高一期末考,2,1
宝安区2025至2026学年第二学期高一英语期末调研测试卷,1,1
宝安区高一下2026期末,1,1
宝安区高一下2026期末化学,6,1
宝安语文,5,1
宝山,4,1
宝山一模2024,5,1
宝山二模,2,1
宝山华曜,4,1
宝山实验学校,2,1
宝山实验月考卷,1,1
宝应中学高一下化学,1,1
宝应县,4,1
宝应县统考初二数学,4,1
宝应县统考初二物理,3,1
宝应高一期中统考,1,1
宝泉岭,1,1
宝鸡,1,1
宝鸡中学高一期末试卷,3,1
宝鸡中考试卷,2,1
宝鸡南山,4,1
宝鸡市2026高考模拟检测一数学,5,1
宝鸡市历史七年级下册,1,1
宝鸡市地理七年级下册,2,1
宝鸡市数学,1,1
宝鸡市数学七年级下册,1,1
宝鸡市生物七年级下册,1,1
宝鸡市英语七年级下册,2,1
宝鸡市语文,2,1
宝鸡市语文七年级下册,1,1
宝鸡渭滨中学,2,1
宝鸡西城高级中学,3,1
实义动词的过去式和现在时,2,1
实心空心密度质量计算题,4,1
实数 01专题,1,1
实数 01专题人教版,5,1
实数与平方根,2,1
实数和二次根式,7,1
实数和二次根式基础通关,1,1
实数复习,9,1
实数平方根立方根计算,1,1
实数的初步认识,2,1
实数计二次根式,1,1
实数计算,5,1
实数计算训练,2,1
实数课件,1,1
实数（期中真题汇编）,6,1
实数（期末真题汇编）,1,1
实物图和电路图,5,1
实物图连接,1,1
实词,2,1
实词虚词,6,1
实际问题应用,3,1
实际问题应用一元一次,1,1
实验专题,2,1
实验中学七校联考数学试卷,1,1
实验仪器,4,1
实验初中,1,1
实验初级中学,2,1
实验器材,1,1
实验学校初中物理选拔题,2,1
实验开学卷纸,1,1
实验探究创新性试题,1,1
实验探究综合题,3,1
实验探究题,1,1
实验操作装置图,1,1
实验班,2,1
实验班升学考,1,1
实验班提优训练英语第二单元提优测评卷,3,1
实验班考试,2,1
实验装置图,1,1
实验题的解题技巧,3,1
实验题的解题技巧解析,1,1
实验高中,1,1
实验高级中学,1,1
实验：导体电阻率的测量,1,1
实验：电池电动势和内阻的测量,1,1
实验：练习使用多用电表,1,1
实验：验证动量守恒定律,5,1
实高,2,1
客至 课件,1,1
宣中,1,1
宣化一中,1,1
宣化一中期末,3,1
宣化一中高二上学期月考,2,1
宣化区7月高一期末巩固训练,2,1
宣化四中,1,1
宣城 2025 2026 高一 下学期 期末,1,1
宣城6中2024-2025 学年度第一学期 第1次限时练,1,1
宣城6中2024-2025 学年度第一学期 第1次限时练语文,2,1
宣城6中2024-2025 学年度第一学期 第1次限时练语文 九年级,2,1
宣城中学,1,1
宣城六中2024-2025 学年度第一学期 第1次限时练语文 九年级,4,1
宣城市2024到2025学年度第二学期期末调研测试高一语文试题,1,1
宣城市2026学年度第二学期期末调研测试高二,1,1
宣城期末高二,1,1
宣城高一分班,1,1
宣威市第六中学,4,1
宣威市第十中学,2,1
宣汉中学,2,1
宣汉县英语试卷,2,1
家,1,1
家国情怀,1,1
家国情怀素材,2,1
家庭电路 安全用电 故障分析,2,1
容县高级中学,3,1
容城县第一初级中学,2,1
容山小学,2,1
容斥定理,1,1
容易的,1,1
容桂外国语,2,1
容闳书院,3,1
容闳学校,2,1
宽城八上期末2026,2,1
宾县一中等六校高二下学期联考,2,1
宾语,1,1
宾语.从句100 题,1,1
宾语从句100题,1,1
宾语从句if wheather 初中,1,1
宾语从句、状语从句、定语从句,1,1
宾语从句、状语从句、定语从句高中,4,1
宾语从句专练,1,1
宾语从句人教版,1,1
宾语从句练习,3,1
宾语练习,1,1
宿城一中,7,1
宿城一中八上语文期中测试卷,1,1
宿城一中高一自主招生试卷,1,1
宿城一中高二数学期末试卷,1,1
宿城一高中,1,1
宿城第一中学,6,1
宿城第一初级中学九年级,4,1
宿州,1,1
宿州三中中高二数学期末试卷,1,1
宿州三中高二数学期末试卷,2,1
宿州二中,1,1
宿州十三校高二上,2,1
宿州市第一中学,1,1
宿州市第一高中,1,1
宿州市第二中学,8,1
宿州高二数学期末试卷,1,1
宿松县,2,1
宿迁,5,1
宿迁七下期末历史,1,1
宿迁七下期末地理,3,1
宿迁七下期末数学,2,1
宿迁七下期末生物,2,1
宿迁七下期末英语,2,1
宿迁七下期末语文,3,1
宿迁七下期末道法,2,1
宿迁中考 2026,2,1
宿迁中考语文,1,1
宿迁八下期末历史,1,1
宿迁八下期末数学,1,1
宿迁八下期末物理,3,1
宿迁八下期末英语,1,1
宿迁八下期末道法,2,1
宿迁八年级下册英语选择题,6,1
宿迁南师附中,2,1
宿迁宿豫区八下期末,2,1
宿迁崇文,2,1
宿迁崇文七年级,1,1
宿迁崇文六升七,1,1
宿迁崇文分班考,1,1
宿迁崇文分班考试卷,1,1
宿迁崇文小升初,1,1
宿迁崇文选拔考,1,1
宿迁市2025 2026学年高一期末,2,1
宿迁市2025初三期末,2,1
宿迁市2025初三期末数学,1,1
宿迁市泗洪县高一期中,2,1
宿迁市泗洪县高一期末,3,1
宿迁数学期末,1,1
宿迁月考,1,1
宿迁期初,1,1
宿迁期末高一语文试卷,1,1
宿迁青华中学,3,1
宿迁青华中学日语试卷,2,1
宿迁高一上册英语朗读,1,1
宿迁高一数学期末,2,1
宿迁高二语文,2,1
宿迁高二语文上学期期中,1,1
宿迁高二语文第一学期,1,1
密云五中,2,1
密云区,3,1
密云区2026高一第1学期期末数学,3,1
密云高一,1,1
密山,2,1
密山一中,2,1
密度,1,1
密度和质量,6,1
密度的类型计算,3,1
密考,2,1
富乐教育集团,1,1
富乐教育集团科学,2,1
富平中学,2,1
富平县七年级下册期末数学,3,1
富平县七年级下册期末生物,5,1
富平迤山中学新高一分班考试卷,3,1
富裕县,2,1
富锦一中,1,1
富顺二中,2,1
富顺县 八年级下册英语 期末,2,1
富顺县中考模拟,1,1
寒假作业07完形填空特训,1,1
寒号鸟,1,1
寒窑赋,4,1
对口,1,1
对口升学,1,1
对口高考,1,1
对合函数 定义 性质 函数方程 f x t f x t 求解方法,1,1
对子,3,1
对抗赛,4,1
对数与指数计算练习,2,1
对数函数,1,1
对数函数 2026高三一轮专题复习,1,1
对数函数的值域，定义域问题,3,1
对数函数题目,1,1
对数平均不等式,1,1
对数指数,1,1
对数高,1,1
对数高考题,2,1
对称性,1,1
对称轴,2,1
导与练,4,1
导与练一轮复习化学。,8,1
导与练历史,2,1
导与练英语必修一,5,1
导体电阻率的测量,3,1
导体的电阻,1,1
导学派,1,1
导学练三年级暑假作业,2,1
导数 023专题一轮复习分类讨论,1,1
导数 一轮复习,1,1
导数 一轮复习2025 常考题型,1,1
导数 大题2025高三题型归类,2,1
导数不等式证明,3,1
导数与不等式,1,1
导数与函数的极值最值举一反三讲义,1,1
导数专项大题,1,1
导数专题卷,1,1
导数专题复习,3,1
导数公切线,1,1
导数切线,1,1
导数单元卷,1,1
导数单调性,4,1
导数压轴,1,1
导数压轴答大题归纳,2,1
导数参数,1,1
导数基础,3,1
导数基础练习,3,1
导数基础题,1,1
导数大题 2026 一轮专题练习,2,1
导数大题 2026 一轮专题练习（不带讲义）,1,1
导数大题压轴,2,1
导数天津历年高考真题,1,1
导数恒成立分类讨论,2,1
导数恒成立求参,7,1
导数恒成立求参端点效应，洛必达法则，习题,1,1
导数恒成立问题,2,1
导数比大小,2,1
导数的极大值,2,1
导数竞赛,6,1
导数类,2,1
导数类课件,4,1
导数计算,2,1
导数证明,4,1
导数试卷,1,1
导数资料,6,1
导数重难专题,2,1
导数题型,2,1
导数高考真题,1,1
导线定义,1,1
寿光一中,2,1
寿光世纪学校,3,1
寿光渤海实验学校,1,1
寿光高三开学考,2,1
寿县一中,2,1
射影定理,2,1
射洪中学,1,1
射洪中学九年级上试卷,4,1
射洪中学期末卷,3,1
射洪中学第一学月,5,1
射洪中学贯通班试卷,1,1
射洪中学高三临诊数学考试,2,1
射洪中学高二下期末数学,1,1
射洪高一下物理期末,2,1
射阳县外国语,2,1
射阳县外国语分班考试,1,1
将军饮马动图,1,1
将军饮马类型的题,2,1
将军饮马问题,4,1
将进酒,2,1
尉氏县,2,1
小 升 初,1,1
小 升 初 2025 人教版,2,1
小 升 初 2025 人教版 英语,1,1
小 升 初 2025 人教版广西桂林,2,1
小 升 初2026数学,2,1
小 升初2025数学,1,1
小 升初2025数学人教版,1,1
小 升初2025数学试卷人教版,1,1
小 升初分班考,3,1
小 升初数学试卷应用题,1,1
小 升初浙教版,2,1
小 升初真题2026数学人教版,1,1
小会老师微课堂,2,1
小作文 2025专题,1,1
小初升数学竞赛,1,1
小初衔接数学,2,1
小升初 100篇专项训练,2,1
小升初 数学 2025 人教版专项训练,1,1
小升初 英语,1,1
小升初 衔接2026,3,1
小升初 语文,3,1
小升初2026,1,1
小升初2026人教版,1,1
小升初2026人教版山东压题卷,1,1
小升初xian,1,1
小升初七年级数学口算题卡,1,1
小升初入学测试,1,1
小升初六年级2026语文,5,1
小升初冲刺卷数学,2,1
小升初准初一,1,1
小升初分班,1,1
小升初分班考新罗区,2,1
小升初分班考真题卷,3,1
小升初分班考綦江区,3,1
小升初分班考英语,5,1
小升初分班考试浙江,8,1
小升初分班考试英语,3,1
小升初分班考试英语在线练,1,1
小升初分班考龙岩,2,1
小升初分班题,1,1
小升初听力专项,1,1
小升初呼市试卷,2,1
小升初四则运算,2,1
小升初图形,1,1
小升初奥数,1,1
小升初奥数培优,1,1
小升初开学,4,1
小升初开学分班考试试卷,3,1
小升初提升卷数学,2,1
小升初数学人教版，七年级上册有理数单元测试卷,1,1
小升初数学六年级黄冈,1,1
小升初数学冲刺卷,1,1
小升初数学长沙,2,1
小升初文言文练习。,2,1
小升初文言文阅读,4,1
小升初毕业考试卷,1,1
小升初江苏数学,1,1
小升初江苏省,3,1
小升初江苏省数学,1,1
小升初测试卷嘉祥县,1,1
小升初真题卷陕西省,1,1
小升初真题数学,2,1
小升初离石,2,1
小升初考试成绩,1,1
小升初自主招生英语,2,1
小升初英语作文模板,3,1
小升初英语单词,1,1
小升初英语基础专项,1,1
小升初英语衔接,1,1
小升初英语衔接试卷,1,1
小升初英语长沙,4,1
小升初英语阅读训练,1,1
小升初行程问，面积问题，份数问题，价格问题，优惠内问题，归总问题,1,1
小升初衔接数学,1,1
小升初计算题,4,1
小升初计算题数学,1,1
小升初语文分班考试卷,2,1
小升初语文复习,1,1
小升初语文江苏,1,1
小升初阅读理解,1,1
小升初，数学口算题卡,1,1
小升英语复习卷,2,1
小卷,2,1
小古文100篇,1,1
小古文阅读,1,1
小四门,1,1
小四门默写纸条,2,1
小圈儿的英语角,5,1
小圈的英语角,2,1
小孔成像,1,1
小孔成像习题,2,1
小学 1 0以内加减法口算题100题,1,1
小学 1 10以内加减法口算题100题,2,1
小学 1 2 3 456年级 奥数,2,1
小学 10以内加减法口算题100题,1,1
小学5上,1,1
小学5年级文言文阅读理解,2,1
小学5年级文言文阅读理解试题,1,1
小学6年角的考点总结,4,1
小学一年级应用题,3,1
小学一年级数学,1,1
小学一年级数学奥数思维训练专题年龄问题,2,1
小学一年级衔接课,4,1
小学一年级语文人教版语文园地三课件,1,1
小学三升四数学作业人教版,2,1
小学三年级数学2单元人教版,1,1
小学三年级数学2单元人教版上册试卷,1,1
小学三年级数学一单元.,1,1
小学三年级数学一单元人教版,2,1
小学三年级数学期末,1,1
小学三年级数学期末江苏淮安,2,1
小学三年级语文,1,1
小学三年级语文课本,1,1
小学乘除法,2,1
小学二升三语文卷子,1,1
小学二年级下册数学奥数题,6,1
小学五年级下册语文,1,1
小学五年级方程同步课,2,1
小学五年级期末考试试卷,2,1
小学五年级语文阅读理解答题技巧,1,1
小学六年级上册第1课草原的视频,2,1
小学六年级数学,1,1
小学六年级数学竞赛题,1,1
小学六年级数学算题,5,1
小学六年级竞赛题,1,1
小学六年级试卷,2,1
小学几何五大模型专项练习题,1,1
小学加减乘除混合运算,2,1
小学单词 背默写清单英汉 人教版,1,1
小学口算题,2,1
小学古诗75首汇总,3,1
小学古诗文阅读,1,1
小学四年级 加法模型和乘法模型的专项练习,1,1
小学四年级 第五单元平行四边形和梯形。,1,1
小学四年级上册同步作文,2,1
小学四年级下册数学期末考试题,1,1
小学四年级奥数,5,1
小学四年级数学,1,1
小学四年级数学北师大版,3,1
小学四年级综数学综合试卷,1,1
小学四年级语文阅读理解答题技巧,1,1
小学基础单词,1,1
小学奥数,2,1
小学奥数举一反3c版。5年级,1,1
小学奥数举一反3c版。5年级下册,2,1
小学奥数计数原理,1,1
小学工程问题,2,1
小学形容词副词练习,3,1
小学必刷题,4,1
小学必背单词,1,1
小学思维变换题,2,1
小学思维题,1,1
小学总复习,2,1
小学所有单词,2,1
小学数学五年级上苏教版竞赛试卷,2,1
小学数学五年级苏教版竞赛试卷,1,1
小学数学奥数义乌,2,1
小学数学计算,5,1
小学时态复习专题,1,1
小学期末考试卷,1,1
小学毕业升初中新生分班卷,2,1
小学毕业升初中新生分班卷分班考的试卷,1,1
小学毕业升初中新生分班考卷,7,1
小学毕业升初中新生分班考卷江西,1,1
小学毕业升学必备,5,1
小学浓度问题,2,1
小学生,3,1
小学生必备成语,2,1
小学生日记,1,1
小学生趣味c++编程训练营,3,1
小学相遇问题,2,1
小学英语单词,1,1
小学英语单词会做,1,1
小学英语单词汇总,3,1
小学英语形容词副词练习,1,1
小学英语必背单词,1,1
小学英语必背单词汉英填空,2,1
小学英语晨读,1,1
小学英语晨读15-21,1,1
小学英语自然拼读,2,1
小学英语语法专项练习,3,1
小学角的,1,1
小学计算分类专项题,1,1
小学语文二年级上册《田家四季歌》练习,2,1
小学语文古诗,1,1
小学语文四年级阅读理解,1,1
小学语文四年级阅读理解专项训练,1,1
小学语法大全,4,1
小学课本中的所有重点单词英语英语,5,1
小学面积专题,1,1
小心2025~2026学年度第一学期期末教学质量检测九年级数学试卷,1,1
小数乘以一个数比大小专项练习,1,1
小数乘法,1,1
小数乘法和除法测试卷,1,1
小数乘法比较练习题,1,1
小数乘法比较练习题五上,1,1
小数乘法比较练习题五上人教版,1,1
小数乘除法,1,1
小数乘除试卷,1,1
小数加减法,2,1
小数加减法专项,4,1
小数的乘,3,1
小数的乘法和除法,3,1
小数的乘除计算题,3,1
小数的再认识,7,1
小数的再认识和加减法,2,1
小数的混乘除计算题,1,1
小数运算定律,3,1
小数除法人教版,1,1
小数除法计算,3,1
小狗用英语怎么说,1,1
小白马,1,1
小米夏,8,1
小纸条,2,1
小纸条滚动训练,1,1
小纸条速记清单,3,1
小纸条速记清单  2027年高考,3,1
小纸条速记清单  2027年高考语文一轮复,1,1
小纸条速记清单 高考,1,1
小纸条速记清单语文,3,1
小船渡河,3,1
小船过河模型,3,1
小说 长明灯,1,1
小说 阅读技巧,1,1
小谢尔顿,1,1
小贺老师,2,1
小车,2,1
小题大做,6,1
小题抢分练,1,1
小高 考 2024 2025 江苏 学业水平 合格性考试,4,1
小高考2025南京,1,1
小高考历史,2,1
小高考试卷,3,1
尚义第一中学,2,1
尚志市一曼中学,1,1
尚贤中学,2,1
尤溪一中,1,1
尧城,3,1
就上我们周围的空气,1,1
尺规作图,8,1
尺规作图初二,5,1
尺规作图吉林,1,1
尺规作图吉林初二,1,1
尼尔基第一中学,2,1
屈原列传挖空训练,1,1
屈原列传注释,2,1
屏东2026,2,1
屏南县七,1,1
屏南县初一,2,1
屏南县华桥中学,1,1
屠甸中学,1,1
屯溪一中,2,1
屯溪一中自主招生,4,1
屯溪一中选拔,2,1
山 东 2 0 2 5中考真题,3,1
山 东 2 0 2 5高考真题英语,1,1
山 东 2 0 2 6中考真题省考数学,1,1
山 东 2 0 2 6带听力,1,1
山 东 2 0 2 6红卷,1,1
山 东 2 0 2 6高考真题物理,1,1
山 东 中考2 0 2 6真题,5,1
山 东 红卷,1,1
山东 济宁,2,1
山东 聊城 期末 高二 下学期,5,1
山东20242025期中高二下化学,1,1
山东2025-2026八年级试题上学期物理期末,1,1
山东2026年合格考历史,1,1
山东2026济宁 梁山初二,1,1
山东2026高考历史试题,1,1
山东26中考,2,1
山东26中考语文,1,1
山东shebb,1,1
山东一年级上学期期末,1,1
山东一模,3,1
山东一模历史,3,1
山东七下英语期末真题,1,1
山东七年级上学期期中,1,1
山东三年级上学期升学真题,2,1
山东三年级下学期阶段检测,1,1
山东三年级数学下册,2,1
山东东平2025-2026化学第二学期,1,1
山东东营期末,2,1
山东中考2026,4,1
山东中考数学2026,1,1
山东中考真题,4,1
山东中考真题卷,1,1
山东中考英语,2,1
山东中考英语听力真题,2,1
山东中考语文2026,1,1
山东中职数学,4,1
山东中职数学试卷,1,1
山东临沂2027届高考适应性考试,2,1
山东临沂2027届高考适应性考试作文,1,1
山东临沂市2025-2026学年高一下学期普通高中学科素养水平监测,3,1
山东临沂莒南,1,1
山东临沂费县中考,1,1
山东临沂费县中考原卷,1,1
山东临沂费县中考原卷数学,1,1
山东临沂郯城县高一数学上学期月考试卷,2,1
山东临沂高一下期中,2,1
山东临沂高二年级普通高中学科素养水平检测英语期末考试卷,2,1
山东临沂高二年级普通高中学科素养水平检测英语期末考试卷2026,1,1
山东临沂高二年级普通高中学科素养水平检测英语期末考试卷2026答案,1,1
山东临邑七年级下册历史2026,1,1
山东九五协作,1,1
山东九年级上学期期中,2,1
山东九年级下学期期末,1,1
山东九年级下学期阶段检测,1,1
山东二中竞赛,1,1
山东二年级上学期阶段检测,1,1
山东二模,1,1
山东五四制八升九创新素养营模拟套卷,2,1
山东五四制八升九创新素养营模拟套卷宁阳,1,1
山东五四制六年级上,4,1
山东五年级上学期期中,1,1
山东五年级下学期升学模考,1,1
山东五年级下学期升学真题 五四制,1,1
山东八年级上学期期中,1,1
山东八年级下学期期末,5,1
山东六年级上学期升学真题,1,1
山东冠县实验高级中学,6,1
山东出版传媒股份有限公司,1,1
山东初一期末卷语文,5,1
山东化学中考,1,1
山东化学高考,1,1
山东医科大医学信息,1,1
山东升学模考,1,1
山东卷,1,1
山东卷 生物,1,1
山东卷物理2026,1,1
山东历史专项,2,1
山东历史高考,1,1
山东历史高考真题,1,1
山东去年分班考考卷,1,1
山东各地一模,4,1
山东名校考试联盟2024-2025高二下地理,2,1
山东名校考试联盟高一,1,1
山东名校联盟,1,1
山东名校联盟开学考,1,1
山东四年级下学期期末,1,1
山东四年级下学期阶段检测,1,1
山东地生,1,1
山东地生2026,1,1
山东大学,2,1
山东威海市2025 2026学年高一下学期期末考试,3,1
山东威海文登区,4,1
山东威海文登区实验中学,1,1
山东威海文登区第一实验中学,1,1
山东实验中学,1,1
山东小升初分班考试,2,1
山东平原一中,1,1
山东平原一中自主招生,2,1
山东德州乐陵五年级,1,1
山东德州夏津八下期末物理,1,1
山东德州天衢新区八下政治,2,1
山东德州市2025-2026学年高一下学期期末模拟卷,2,1
山东德州期末高二下学期,4,1
山东德州高一下学期2026期末,1,1
山东德州高二下学期期末考试,1,1
山东政治,1,1
山东文学出版社暑假作业七下英语听力,2,1
山东日照2024年历史期末,3,1
山东日照2024年期末,2,1
山东日照东港物理期末2025-2026,1,1
山东日照生物,1,1
山东春季高考机电技术,1,1
山东月考,6,1
山东期中,1,1
山东期末2026,1,1
山东期末菏泽卷生物高一,1,1
山东期末菏泽卷生物高一解释,1,1
山东枣庄2024-2025高一,2,1
山东枣庄三中,5,1
山东枣庄中考模拟,2,1
山东枣庄市中区,2,1
山东枣庄市滕州市部分校2025 2026学年高一教学质量检测试题,1,1
山东枣庄市滕州市部分校2025 2026学年高二教学质量检测试题,1,1
山东枣庄数学,1,1
山东枣庄滕州二中新校,1,1
山东枣庄高一数学,4,1
山东枣庄高一数学10月份,2,1
山东模拟卷,2,1
山东正禾大,2,1
山东泰安,2,1
山东泰安2025 2026化学中考,2,1
山东泰安2025-2026,1,1
山东泰安2025-2026八年级试题上学期物理期末,3,1
山东泰安2025-2026化学,1,1
山东泰安2025-2026化学中考,4,1
山东泰安2025-2026化学第二学期,4,1
山东泰安2026中考,1,1
山东泰安宁阳六年级下学期地理期末,1,1
山东泰安市岱岳区天平中心小学,2,1
山东泰安市肥城市20242025学年度下学期期末考试,1,1
山东泰安市肥城市2025 2026学年度下学期期末考试,1,1
山东泰安市肥城市2025 2026学年度下学期期末考试六年级英语试题,1,1
山东泰安市高新区2025 2026学年度下学期期末考试六年级英语试题,2,1
山东泰安新泰一中,1,1
山东泰安期末2025英语高二下学期,3,1
山东泰安肥城七下,2,1
山东泰安肥城八下,1,1
山东泰安肥城八下数学,3,1
山东泰安肥城六下,1,1
山东泰安高二下学期期末,1,1
山东济南2025年高二下期末化学,4,1
山东济南2026八年级下册数学期末考试试卷,2,1
山东济南2026八年级下册物理期末考试试卷,3,1
山东济南2026年春季学期高二期末学情检测生物试题,3,1
山东济南2026高一下学期期末,2,1
山东济南2026高考历史一模,2,1
山东济南八上,6,1
山东济南八下数学期末,2,1
山东济南历城,1,1
山东济南各区,2,1
山东济南山大附中模拟,1,1
山东济南市2025-2026学年高一,1,1
山东济南市2025-2026学年高一下学期7月期末学情检测物理试题,2,1
山东济南市中,1,1
山东济南市中七年级,1,1
山东济南市中七年级上学期,1,1
山东济南市高二上,3,1
山东济南开学考,1,1
山东济南新高三上学期,3,1
山东济南新高三开学考,1,1
山东济南期末物理,1,1
山东济南高三二模,1,1
山东济宁2025年高二下期末数学,2,1
山东济宁2026高一上册月考语文,1,1
山东济宁中考 英语 2026,1,1
山东济宁中考真题卷,2,1
山东济宁九上物理,2,1
山东济宁五四制,1,1
山东济宁嘉祥县中考2025年化学。,1,1
山东济宁市2024-2025学年第二学期期末质量检测高一数学试题,2,1
山东济宁市2025-2026学年第一学期期中质量检测高三数学试题,2,1
山东济宁市2025-2026学年第一学期期末质量检测高三数学试题,2,1
山东济宁市2025-2026学年第二学期期中质量检测高二数学试题,1,1
山东济宁市嘉祥县6年级下册去年分班考考卷,1,1
山东济宁市嘉祥县7年级下册去年分班考考卷,1,1
山东济宁市嘉祥县小升初去年分班考考卷,1,1
山东济宁市微山县2025-2026学年度第一学期期末质量检测六年级数学试题,1,1
山东济宁市高二下学期英语,2,1
山东济宁曲阜中考真题卷,1,1
山东济宁梁山县2026高一上册月考语文,1,1
山东济宁泗水2025年八年级上册数学期中考试卷,2,1
山东济宁泗水八上数学期中试题2025年,1,1
山东济宁泗水八上期中考试2023_2024英语,5,1
山东济宁泗水八上期中考试2024,1,1
山东济宁泗水八上期中考试2024英语,1,1
山东济宁泗水八上英语期中试题2025年,2,1
山东济宁泗水英语中考真题试卷2019年,2,1
山东济宁高一期末政治答案,1,1
山东济宁高三一模数学,1,1
山东济钢高中 2026 届 5 月三模,2,1
山东淄博2025年高二下期末化学,2,1
山东淄博一中开学考,1,1
山东淄博临淄区六年级上学期末数学试卷,2,1
山东淄博临淄区六年级下学期末英语试卷,1,1
山东淄博市2025至2026年度高一年级市统考数学题,2,1
山东淄博市2025至2026年度高一年级第二学期市统考数学题,1,1
山东淄博张店8年级上册语文期中,2,1
山东滕州英语中考真题卷,1,1
山东滕州高一下学期期末英语试卷,1,1
山东滕州高一期末英语试卷,2,1
山东滨州七年下册生物期末考试,1,1
山东滨州期末,1,1
山东滨州高一语文期末,1,1
山东滨州高二期末地理,1,1
山东潍坊,1,1
山东潍坊2026年高一,2,1
山东潍坊2026年高一期末,1,1
山东潍坊2026高二期末,1,1
山东潍坊一模英语,1,1
山东潍坊寿光高一上化学月考,1,1
山东潍坊寿光高一上学期数学月考,2,1
山东潍坊寿光高一上学期数学期中考试,1,1
山东潍坊寿光高一上学期语文月考,1,1
山东潍坊寿光高一上物理月考,1,1
山东潍坊寿光高一上英语月考,1,1
山东潍坊市2025-2026学年高一下学期,1,1
山东潍坊市2025-2026学年高一下学期期末化学试题,2,1
山东潍坊昌邑2025-2026高三上学期期中数学,2,1
山东潍坊昌邑2025-2026高三开学考试数学,1,1
山东潍坊期末,2,1
山东潍坊诸城2024到2025年七下数学期末,1,1
山东潍坊诸城2024到2025年八上物理期末,1,1
山东潍坊诸城七上2024-2025期末历史试卷,1,1
山东潍坊高一上月考物理,1,1
山东潍坊高三一模英语,2,1
山东潍坊高二下学期期末数学,2,1
山东潍坊高二下学期期末生物,2,1
山东潍坊高密2023八年级期末,2,1
山东烟台2026年中考物理,1,1
山东烟台二模。,2,1
山东烟台物理,2,1
山东物理专题高中,1,1
山东物理高二上期中,1,1
山东物理高考,1,1
山东生物,2,1
山东省 0 2026初三中考,5,1
山东省2022年普通学业水平合格考,2,1
山东省2023年普通高中学业水平等级考试。,1,1
山东省2023年普通高中学业水平等级考试化学,2,1
山东省2025年普通高中学业水平合格考试生物试题,1,1
山东省2026中考原题,4,1
山东省2026年中考统考语文试题,1,1
山东省2026年初中学业水平考试英语模拟试题10,1,1
山东省2026年初中物理学业水平考试试卷,1,1
山东省2026年合格考,2,1
山东省2026年合格考试,1,1
山东省2026年普通高中学业水平合格考模拟试题历史,1,1
山东省2026年普通高中学业水平合格考模拟试题物理,4,1
山东省2026年英语高考试卷真题。,2,1
山东省2026高考,2,1
山东省2026高考试卷。,1,1
山东省5月阶段性检测,1,1
山东省5月阶段性检测2025-2026,1,1
山东省《财税专业考纲百套卷》专题训练卷,3,1
山东省一模,1,1
山东省七 025 2026 年 七年级下 学期 期末数学试卷免费,2,1
山东省七年级上册数学第一单元,1,1
山东省万唯 2026英语9年级上黑白卷,2,1
山东省东平县数学中考试卷,2,1
山东省东营市2025-2026学年高一下学期期末地理自编模拟题,2,1
山东省东营市东营区三年级下册学期期末,2,1
山东省东营市实验中学2025一2026学年八年级上学期期中考试英语试卷,9,1
山东省东营市广饶县2024-2025数学期中考试,1,1
山东省东营市广饶县八年级2024-2025数学期中考试,2,1
山东省东营市广饶县期中化学,3,1
山东省中考英语试卷2026,2,1
山东省中考英语试题,1,1
山东省中考语文,1,1
山东省中考题,1,1
山东省临沂市,1,1
山东省临沂市兰山区,3,1
山东省临沂市兰山区高二下期末数学,1,1
山东省临沂市兰陵县2025年九年级数学下册学,1,1
山东省临沂市兰陵县提前批一中试卷,2,1
山东省临沂市期末,1,1
山东省临沂市沂水县高二下学期英语期末试卷2026年,3,1
山东省临沂市沂水县高二下期中考试,2,1
山东省临沂市沂水县高二下期末考试,2,1
山东省临沂市河东区,2,1
山东省临沂市河东区2025年高二上学期期中考试,1,1
山东省临沂市罗庄区,2,1
山东省临沂市罗庄区数学,1,1
山东省临沂市莒南县2024-2025学年高一上学期阶段性学业质量检测地理试题（第28题）,1,1
山东省临沂市高一上学期历史期末,3,1
山东省临沂市高一地理上学期,1,1
山东省临沂市高一地理上学期期末,1,1
山东省临沂市高一期末,1,1
山东省临沂第一中学,2,1
山东省乐陵市2025至2026,2,1
山东省乐陵市2025至2026数学一练诊断,1,1
山东省乐陵市七年级下期末地理,4,1
山东省乐陵市七年级下期末生物,2,1
山东省乐陵市八年级上,4,1
山东省乐陵市八年级上期末,2,1
山东省乐陵市八年级下册数学期末考试试卷,2,1
山东省乐陵市八年级下册物理期末考试试卷,1,1
山东省乐陵市八年级生地会考,1,1
山东省九年级英语期末上册,3,1
山东省俄语,5,1
山东省兰陵县,2,1
山东省初中自主招生数学卷,1,1
山东省初二月考,2,1
山东省台儿庄区2025至2026学年组第一学期期末考试道法9年级,2,1
山东省合格考真题2026,1,1
山东省名校考试联盟2025-2026学年高三上学期9月开学摸底考试,1,1
山东省名校考试联盟高三上学期9月开学摸底考试,3,1
山东省名校联盟高三下学期9月开学摸底考试,8,1
山东省地理试卷,2,1
山东省夏季普通高中学业水平合格考,2,1
山东省夏季普通高中学业水平合格考试,1,1
山东省夏季普通高中学业水平合格考试生物试题,1,1
山东省威海市2025至2026，高二下学期，期末考试题,1,1
山东省威海市文登区20二六届高三上学期期中考试数学试卷,1,1
山东省威海市文登区五四制六年级数学下册期末历年试卷,1,1
山东省宁阳八年级创新班考试,1,1
山东省实验中学2024,1,1
山东省实验中学2025-2026 6月阶段检测高一下学期,1,1
山东省实验中学2025-2026 6月阶段检测高一下学期英语,1,1
山东省实验中学2025-2026学年高一下学期6月阶段测试,2,1
山东省实验中学6月,1,1
山东省实验中学6月高一,2,1
山东省实验中学二模,1,1
山东省实验中学二模英语,1,1
山东省实验中学综合评价招生卷,3,1
山东省实验中学语文,2,1
山东省实验中学高一,3,1
山东省实验中学高一上学期月考生物,2,1
山东省实验中学高一上学期期中数学,2,1
山东省实验中学高一下学期数学第二次,1,1
山东省实验中学高二上学期数学,1,1
山东省实验中学高二上期中数学,1,1
山东省实验中学高二上期末,1,1
山东省实验中学高二上期末数学,2,1
山东省实验初中,1,1
山东省实验推荐生,2,1
山东省实验综评,2,1
山东省实验高三一模后补测,1,1
山东省实验高三一模后补测语文,2,1
山东省市高一下学期期末考试,1,1
山东省开发区,2,1
山东省微山县2025一2026数学八年级上册期中卷,2,1
山东省德州市2019-2020学年高一下学期期末考试语文试题,2,1
山东省德州市2023-2024学年10月月考,1,1
山东省德州市2025-2026学年高二下学期期末考试数学,3,1
山东省德州市2025-2026高一下学期期末化学试卷,2,1
山东省德州市2025~2026学年高二下学期期末考试数学试题,1,1
山东省德州市2025~2026学年高二下学期期末考试英语试题,2,1
山东省德州市2026初一物理,1,1
山东省德州市2026年中考数学试题。,2,1
山东省德州市庆云县英语必修一单词,1,1
山东省德州市第一中5高二上学期10月月考物理试题,1,1
山东省德州市第一中学2023-2024学年10月月考,1,1
山东省德州市第一中学2023-2024学年10月月考物理试题,1,1
山东省德州市第一中学2023-2024学年高二10月月考物理试题,2,1
山东省德州市第一中学2024-2025学年高二10月月考物理试题,1,1
山东省德州市第一中学2024-2025学年高二上学期10月月考物理试题,1,1
山东省德州市第一中学高二10月月考物理试题,1,1
山东省德州市第一中学高二上学期10月月考物理试题,1,1
山东省德州市高一下学期数学试题。,1,1
山东省德州市高一下学期物理试题。,1,1
山东省数学,1,1
山东省数学中考,2,1
山东省数学期末难题,1,1
山东省数学高中必修四同步,5,1
山东省新泰市2026至20277年级上学期期中检测,12,1
山东省日州12026年期末高二下学期化学试卷,1,1
山东省日照市2021年化学中考,1,1
山东省日照市2024到2025高三上学期期中教育联合考试思想政治试题,4,1
山东省日照市2025-2026年七年级下册数学期末考试,4,1
山东省日照市2025-2026年七年级下册物理期末考试,2,1
山东省日照市2025-2026年八年级上册地理期末考试,1,1
山东省日照市2025-2026年八年级上册数学期末考试,1,1
山东省日照市2025到2026高三上学9月教育联合考试英语试题,1,1
山东省日照市2025到2026高三上学期期中教育联合考试思想政治试题,1,1
山东省日照市2025年期末英语高一下,2,1
山东省日照市2025年期末语文高一下期中,3,1
山东省日照市2025年期末语文高一下期末,1,1
山东省日照市2026年期末高二下学期化学试卷,4,1
山东省日照市2026高一下学期数学期末检测,5,1
山东省日照市五莲县 2025 2026学年期末八年级上册人教版 化学,1,1
山东省日照市五莲县 2025~2026学年期末八年级上册人教版  化学,3,1
山东省日照市五莲县 2025~2026学年期末八年级上册人教版  数学,1,1
山东省日照市五莲县九年级上册月考数学题2024,4,1
山东省日照市八下英语期末,1,1
山东省日照市八年级上册数学基础训练,3,1
山东省日照市地理期末检测卷,1,1
山东省日照市地理期末检测卷必修一,1,1
山东省日照市莒县2024至2025学年度上学期语文期中考试,3,1
山东省日照市莒县2024至2025学年度下学期语文月考第三中学质量检测七年级,1,1
山东省日照市莒县七年级下册2024至2025学年度下学期语文期中考试,2,1
山东省日照市莒县八年级上册2024至2025学年度上学期语文期中考试,3,1
山东省日照市高一上学期期中考试,1,1
山东省日照市高一月考生物。,4,1
山东省日照市高一月考生物免费,1,1
山东省日照第一中学,2,1
山东省日照第一中学期中,4,1
山东省昌邑市科技中学,2,1
山东省春季,1,1
山东省枣庄,1,1
山东省枣庄市,1,1
山东省枣庄市三中,1,1
山东省枣庄市三中高三上学期期中试卷,2,1
山东省枣庄市中区第三中学数学月考卷,2,1
山东省枣庄市十五中,2,1
山东省枣庄市峄城区2025 2026学年度第二学期质量综合检测监测素养卷数学八年级,1,1
山东省枣庄市市中区实验中学,2,1
山东省枣庄市第三中学数学月考卷,2,1
山东省枣庄市第三中学期末卷,3,1
山东省枣庄市薛城区2026期末数学,1,1
山东省枣庄市薛城区2026期末语文,2,1
山东省枣庄市高一下期末答案,3,1
山东省枣庄市高三二模,1,1
山东省枣庄市高二预习,3,1
山东省枣庄第三中学,2,1
山东省泰安市,1,1
山东省泰安市025 026高一下学期期末数学,2,1
山东省泰安市025 026高二下学期期末数学,1,1
山东省泰安市2025到2026学年度第一学期期中质量监测八年级上册历史试题,4,1
山东省泰安市2025到2026第一学期期中质量监测八年级历史试题,3,1
山东省泰安市2025年高一下期末考试政治,1,1
山东省泰安市2025高一下物理期末,1,1
山东省泰安市2025高一下生物期末,1,1
山东省泰安市2025高一下语文期末,1,1
山东省泰安市2026年高一下期末考试数学,2,1
山东省泰安市2026年高一数学期末检测,2,1
山东省泰安市东平县,2,1
山东省泰安市八年级上册期中考试,1,1
山东省泰安市八年级上册期中考试数学,1,1
山东省泰安市宁阳县八年级下册期末,2,1
山东省泰安市泰山区2025-2026年四年级上册第一学期期末数学试题,2,1
山东省泰安市空间向量，立体几何练习题,2,1
山东省泰安市空间向量，立体几何题,2,1
山东省泰安市肥城市2026年八年级数学试题,2,1
山东省泰安市肥城市2026年八年级物理试题,1,1
山东省泰安市肥城市2026年八年级英语试题,1,1
山东省泰安市高三开学考,1,1
山东省济南市2025年高三学习质量检测,2,1
山东省济南市2025语数英中考真题,2,1
山东省济南市2025语文中考题真题,5,1
山东省济南市2026二年级下期末考试卷,3,1
山东省济南市2026八年级下期末考试卷,1,1
山东省济南市2026届高三第一次模拟,2,1
山东省济南市2026年语文一模,1,1
山东省济南市26年中考真题,1,1
山东省济南市八下2026年期末试卷,1,1
山东省济南市八下2026年期末试卷语文,2,1
山东省济南市章丘区高一上学期物理第一次月考,2,1
山东省济南市章丘区高一数学第一次月考,3,1
山东省济南市章丘区高一物理第一次月考,1,1
山东省济南市钢城区2024到2025学年八年级下学英语期期末测试,1,1
山东省济南市钢城区2025到2026学年八年级下学英语期期末测试,2,1
山东省济南市钢城区2025年八年级下册物理期末考试,1,1
山东省济南市钢城区2026年八年级下册物理期末考试,4,1
山东省济南市钢城区2026年八年级下册语文期末考试,1,1
山东省济南市高一下数学期末考试题,2,1
山东省济宁2026年高二期末,2,1
山东省济宁市2024 2025高一下学期期末化学,1,1
山东省济宁市2024 2025高一下学期期末物理,1,1
山东省济宁市2024-2025高一下学期期末数学,2,1
山东省济宁市2026中考,1,1
山东省济宁市2026届高三一模,2,1
山东省济宁市2026高一物理,3,1
山东省济宁市2026高一语文,1,1
山东省济宁市26年中考物理试题,3,1
山东省济宁市任城区英语,3,1
山东省济宁市任城区英语三年级,1,1
山东省济宁市任城区英语五年级,1,1
山东省济宁市任城区英语课本,2,1
山东省济宁市六年级语文小升初,1,1
山东省济宁市嘉祥县高二期末考,1,1
山东省济宁市嘉祥县高二期末考语文,2,1
山东省济宁市梁山县六年级语文小升初,2,1
山东省济宁市泗水县2025八上期中考试,1,1
山东省济宁市泗水县2026八上期中考试,5,1
山东省济宁市泗水县2026八上期末考试,1,1
山东省济宁市邹城市2022-2023五上数学期中,2,1
山东省济宁市邹城市2025-2026五上数学期中,3,1
山东省济宁市邹城市2025-2026五上期中,4,1
山东省济宁市邹城市2025-2026四下期末,2,1
山东省济宁市邹城市五上数学期中,1,1
山东省济宁市高一下学期期末考试,2,1
山东省济宁市高二下册期末,1,1
山东省济宁市高二下册期末数学,1,1
山东省济宁市高二下册期末语文,3,1
山东省济宁泗水县洙泗中学竞赛数学题,2,1
山东省济宁泗水县洙泗中学试卷,1,1
山东省淄博市博山区,2,1
山东省淄博市张店区学校的九上物理月考试题,8,1
山东省淄博市张店区学校的物理月考试题,2,1
山东省淄博市淄博实验中学高二上学期期中考试试卷2025,2,1
山东省淄博市淄川区2025年地理，中考,2,1
山东省淄博市淄川区2026年地理中考,1,1
山东省淄博市淄川区2026年地理，中考,1,1
山东省淄博市高二2025-2026学年第二学期数学期末试卷,2,1
山东省淄博市高青县,1,1
山东省淄博第一中学,2,1
山东省淄博第七中学,2,1
山东省滕州市高三月考考试试卷,2,1
山东省滕州市高二下学期末考试试卷物理,1,1
山东省滨州市期末英语统考试卷,2,1
山东省滨州市沾化区2025至2026数学试卷 6年级下学期,1,1
山东省滨州市沾化区2026年6年级数学试卷下册 I,1,1
山东省滨州市沾化区2026高二第二学期期末考试,3,1
山东省滨州市高一期末日语2026山东省,1,1
山东省滨州市高一期末日语山东省,1,1
山东省潍坊市2025 2026八年级第一学期上册期末测试,1,1
山东省潍坊市2026年中考政治试题,1,1
山东省潍坊市2026年道德与法治初中学业水平考试,2,1
山东省潍坊市2026高一下学期期末物理,3,1
山东省潍坊市寿光第一中学高一物理月考,6,1
山东省潍坊市寿光第一中学高一生物月考,2,1
山东省潍坊市昌乐县历史期中考试高一上学期,2,1
山东省潍坊市高一上学期期末考试历史,1,1
山东省潍坊市高一下学期期末试卷,1,1
山东省潍坊市高一期末物理,2,1
山东省潍坊市高一期末语文,1,1
山东省潍坊市高三期中数学,2,1
山东省烟台市栖霞市2025年高一上册数学期中,2,1
山东省烟台市海阳市2023至2024学年8年级下学期期中数学试题,1,1
山东省烟台市海阳市2024至2025学年9年级上学期期中数学试题,1,1
山东省烟台市海阳市2025至2026学年9年级上学期期中数学试题,5,1
山东省烟台市海阳市2026年中考英语,1,1
山东省烟台市芝罘区2023年八年级下学期英语期末试卷,2,1
山东省烟台市芝罘区2025年九年级上学期数学期中试卷,1,1
山东省烟台市芝罘区2025年九年级上学期数学期末试卷,1,1
山东省烟台市芝罘区2025年九年级上学期物理期中试卷,1,1
山东省烟台市芝罘区数学,2,1
山东省烟台市高一下学期物理,2,1
山东省烟台市龙口市2024-2025年化学期末考试九年级上册,1,1
山东省聊城市2015到二零60年代第二学期期末质量抽测抽测,1,1
山东省聊城市2025一2026学年度下学期高一期中教学质量检测,1,1
山东省聊城市2025一2026学年度下学期高一期末教学质量抽测,9,1
山东省聊城市2026年八年级月考,1,1
山东省聊城市2026年初二月考,1,1
山东省聊城市2026年普通学业水平合格考,1,1
山东省聊城市2026年高1月考,1,1
山东省聊城市2026高考,1,1
山东省聊城市临清市2025期末物理,1,1
山东省聊城市冠县2025-2026期末考试题,1,1
山东省聊城市冠县高一下2025-2026期末考试题,3,1
山东省聊城市物理八年级月考,1,1
山东省聊城市英语八年级月考,1,1
山东省聊城市高一期末历史,2,1
山东省聊城市高一期末政治,1,1
山东省聊城市高唐县,2,1
山东省聊城市高唐县2526学年度下学期高二,1,1
山东省聊城第一中学2025-2026学年高二下学期第二次阶段性测试英语试,2,1
山东省胶州市,2,1
山东省芝罘区,1,1
山东省英语考研真题,2,1
山东省莘县妹冢镇中心初级中学,5,1
山东省菏泽市2024至2025学年高二下学期期末地理,1,1
山东省菏泽市2025 2026学年下学期 期中 考试试题,1,1
山东省菏泽市2025 2026学年下学期 期末 考试试题,3,1
山东省菏泽市2025 2026学年四年级下学期期末考试,4,1
山东省菏泽市2025 2026学年高二下学期期末质量检测,1,1
山东省菏泽市2025 2026学年高二下学期质量检测,1,1
山东省菏泽市2026年高二下学期期末考试是数学试卷,3,1
山东省菏泽市六年级,2,1
山东省菏泽市单县2025-2026学年度数学第一次月考试卷,1,1
山东省菏泽市单县2025-2026学年第一学期数学第一次月考试卷,1,1
山东省菏泽市大市小学,1,1
山东省菏泽市大市小学五年级上册,1,1
山东省菏泽市定陶区2026年七年级下册英语期末考试试卷,1,1
山东省菏泽市实验中学,1,1
山东省菏泽市巨野县二模试卷。,6,1
山东省菏泽市巨野高一上学期期中考试,4,1
山东省菏泽市曹县2025 20267年级下册数学期末试题,1,1
山东省菏泽市曹县2025 20267年级下册期试题,1,1
山东省菏泽市曹县2025 20268年级下册期末语文试题,1,1
山东省菏泽市曹县2025~20268年级下册期末语文试题,1,1
山东省菏泽市期中,2,1
山东省菏泽市期末试卷英语包含听力,1,1
山东省菏泽市牡丹区2025年八下期末,2,1
山东省菏泽市牡丹区吴店中学,2,1
山东省菏泽市生物试题,1,1
山东省菏泽市自主招生提前招数学试卷,1,1
山东省菏泽市自主招生数学试卷,2,1
"山东省菏泽市菏泽经济技术开发区2025-2026学年八年级下学期期末数学试题（可打印空白卷）   满分：120分  考试时间：120分钟   注意事项   1.?本试卷分第Ⅰ卷（选择题）和第Ⅱ卷（非选择题）两部分。 2.?答题前，考生务必将姓名、准考证号填写在答题卡指定位置。 3.?选择题使用2B铅笔填涂答题卡，非选择题使用0.5mm黑色签字笔作答。 4.?所有答案必须写在答题卡对应区域，试卷、草稿纸作答无效。 5.?考试结束后，试卷与答题卡一并上交。   ?   第Ⅰ卷 选择题（共30分）   一、选择题（本大题共10小题，每小题3分，共30分）   1.?下列二次根式中，属于最简二次根式的是（） A.\sqrt{20}  B.\sqrt{\dfrac{1}{3}}  C.\sqrt{21}  D.\sqrt{0.5} 2.?下列各组线段中，能构成直角三角形的是（） A.1，2，3  B.4，5，6  C.6，8，10  D.7，12，13 3.?平行四边形ABCD中，对角线AC、BD相交于点O，下列结论错误的是（） A.OA=OC  B.AB\parallel CD  C.AC=BD  D.\angle ABC=\angle ADC 4.?一次函数y=-3x+2的图象不经过的象限是（） A.第一象限  B.第二象限  C.第三象限  D.第四象限 5.?6名同学身高（单位：cm）：165，168，170，172，175，178，这组数据的中位数是（） A.170  B.171  C.172  D.175 6.?下列命题中，真命题是（） A.对角线互相垂直的四边形是菱形 B.对角线相等的平行四边形是矩形 C.一组对边平行，另一组对边相等的四边形是平行四边形 D.对角线互相垂直且相等的四边形是正方形 7.?若一次函数y=(k-1)x+2中，y随x的增大而增大，则k的取值范围是（） A.k>1  B.k<1  C.k\ge1  D.k\le1 8.?菱形边长为5，一条对角线长为6，则另一条对角线长为（） A.4  B.6  C.8  D.10 9.?直线y=2x+b过点(1,3)，则不等式2x+b\ge0的解集为（） A.x\ge\dfrac{1}{2}  B.x\le\dfrac{1}{2}  C.x\ge-\dfrac{1}{2}  D.x\le-\dfrac{1}{2} 10.?矩形ABCD中，AB=4，BC=6，点P是BC边上动点，连接AP，AP的最小值为（） A.4  B.5  C.6  D.\sqrt{41}   ?   第Ⅱ卷 非选择题（共90分）   二、填空题（本大题共6小题，每小题3分，共18分）   11.?计算：\sqrt{18}-\sqrt{8}=________ 12.?直角三角形两直角边长5和12，则斜边上的高为________ 13.?一次函数y=kx+b过(0,3)、(2,7)，函数解析式为________ 14.?矩形ABCD对角线AC=10，\angle BAC=30^\circ，则BC=________ 15.?数据：2，3，5，7，8的方差是________ 16.?正方形ABCD边长AB=2，E为BC中点，F是CD上动点，则AE+EF的最小值为________   ?   三、解答题（本大题共8小题，共72分）   17.（8分）计算： (1)\sqrt{27}\times\sqrt{\dfrac{1}{3}}-(\sqrt{5}+2)(\sqrt{5}-2) (2)\dfrac{\sqrt{8}+\sqrt{18}}{\sqrt{2}}-(\sqrt{3}-1)^2   18.（8分）先化简，再求值： \left(\dfrac{x^2}{x-2}+\dfrac{4}{2-x}\right)\div\dfrac{x+2}{x-1}，其中x=3   19.（8分）如图，在平行四边形ABCD中，点E、F分别是AB、CD的中点。 求证：四边形AECF是平行四边形。   20.（8分）抽取部分八年级学生做1分钟跳绳测试，统计表格如下：   次数段 ? ? ? ? ?  频数 5 12 ? 10 3  (1)求?的值；       (2)补全频数分布直方图；       (3)全校八年级共800人，估算跳绳次数≥160次的学生人数。         21.（10分）商店销售A、B两种商品，单件A获利10元，单件B获利15元。计划购进两种商品共100件，A商品数量不少于B商品2倍。设购进A商品x件，总利润为y元。 (1)写出y与x的函数关系式； (2)购进A、B各多少件时总利润最大？求出最大利润。   22.（10分）四边形空地ABCD，\angle ABC=90^\circ，AB=3\mathrm{m}，BC=4\mathrm{m}，CD=12\mathrm{m}，AD=13\mathrm{m}。 (1)求空地ABCD的面积； (2)铺草皮单价200元/㎡，求总花费。   23.（10分）菱形ABCD对角线交于O，DE\parallel AC，CE\parallel BD，DE、CE交于点E。 (1)求证：四边形OCED是矩形； (2)菱形周长为20，AC=6，求矩形OCED的面积。   24.（10分）平面直角坐标系中，直线y=-\dfrac{3}{4}x+3交x轴于A，交y轴于B，点C是y轴上动点，以AC为边向右作正方形ACDE。 (1)求A、B坐标； (2)C在y轴正半轴且OC=1时，求点D坐标； (3)是否存在点C，使D落在直线AB上？若存在，写出C坐标；不存在说明理由。   ?   打印操作提示   1.?全选本文本，复制粘贴到Word/WPS文档； 2.?页面设置：纸张A4，页边距上下2.5cm、左右2cm； 3.?字体推荐：标题黑体二号，正文宋体小四，数学公式默认编辑器格式； 4.?无答案、无解析，直接黑白打印即可作为空白测试卷使用。",1,1
山东省菏泽市郓城县2023至2024期中考试试题,2,1
山东省菏泽市郓城县2024至20259年级下册数学期中考试。,1,1
山东省菏泽市郓城县2025—2026学年度高二下学期期末语文试题答案,7,1
山东省菏泽市郓城县数学九年级下册期中,1,1
山东省菏泽市郓城县智华学校,2,1
山东省菏泽市郓城县高一化学期末下学期,1,1
山东省菏泽市郓城县高一期末下学期,2,1
山东省邹城市高一上学期期末化学检测卷,2,1
山东省重点中学,1,1
山东省重点高中高一数学月考卷子,1,1
山东省青岛38中,1,1
山东省青岛市2022-2023学年高三上学期开学考试地理试题,2,1
山东省青岛市2022到2023年高三上学期化学试卷,3,1
山东省青岛市2023届高三上学期期初（开学）调研检测地理试卷,2,1
山东省青岛市2025-2026高三开学考,2,1
山东省青岛市2025年高三年级调研测试,2,1
山东省青岛市2025年高三开学考试,1,1
山东省青岛市2025高一上学期化学期中考试,1,1
山东省青岛市2026年中考,2,1
山东省青岛市即墨区,4,1
山东省青岛市城阳区2024-2025高一下期末物理试题,1,1
山东省青岛市城阳区2025-2026高一下期末英语试题,6,1
山东省青岛市城阳区2025-2026高一下期末语文试题,2,1
山东省青岛市平度市高二历史期末,2,1
山东省青岛市平度市高二政治期末,1,1
山东省青岛市胶州市,2,1
山东省青岛市高一第二学期,2,1
山东省青岛市高一第二学期期末学业水平检测,1,1
山东省青岛市高三期初调研检测英语,3,1
山东省青岛市高二上期末调研2024 2025,1,1
山东省青岛市高二历史,2,1
山东省高一下期末数学潍坊市,1,1
山东省高一下期末考试数学,2,1
山东省高三3月模拟考试,1,1
山东省高三地理期末考试,1,1
山东省高二上月考数学潍坊市,1,1
山东省高二上期中数学潍坊市,1,1
山东省高二上期末数学潍坊市,2,1
山东省高二地理期末考试,2,1
山东省高考历史,1,1
山东省高考地理试卷,2,1
山东省高考政治,1,1
山东省高考数学真题,1,1
山东省高考物理真题,1,1
山东省，2025年合格考信息技术,1,1
山东竞赛,1,1
山东统考2026中考化学真题,15,1
山东统考中考,1,1
山东聊城2025 2026 高一期末试卷,2,1
山东聊城2025 2026学年度第二学期高一教学质量检测,1,1
山东聊城2026高二,1,1
山东聊城东昌中学,2,1
山东聊城东昌府区四年级下册英语期末,2,1
山东聊城五年级下册期末数学试题,7,1
山东聊城四年级下册英语期末,1,1
山东聊城市2025 2026学年高一下学期期末答案,2,1
山东聊城市2025-2026学年高二下学期7月期末英语试题,3,1
山东聊城期末高一七月,1,1
山东聊城茌平七年级,1,1
山东聊城茌平七年级下册,5,1
山东聊城茌平区小升初真题,7,1
山东聊城阳谷2026年八年级下册期末考试物理试卷,2,1
山东聊城高一下学期期末地理,4,1
山东聊城高一下学期期末数学,4,1
山东聊城高一下学期期末物理,2,1
山东聊城高一下学期期末英语,1,1
山东聊城高二下期末2025 2026地理,1,1
山东职教高考语文必背古诗文,2,1
山东肥城2025-2026下册英语期末,2,1
山东肥城期末测试卷数学,2,1
山东英语中考听力,1,1
山东英语中考真题卷,1,1
山东英语高考,1,1
山东菏泽 2024 2025 期末考试,1,1
山东菏泽 2025 2026期末考试,1,1
山东菏泽 2025 2026期末考试英语,2,1
山东菏泽 2025 2026期末考试英语高一,1,1
山东菏泽 曹县 高二,1,1
山东菏泽 曹县 高二数学试题,4,1
山东菏泽26年二模,2,1
山东菏泽一中,1,1
山东菏泽东明万福,2,1
山东菏泽八年级开学考实验中学英语,1,1
山东菏泽巨野县2024-2025七下历史期末试卷,1,1
山东菏泽巨野县2024-2025七下英语期末试卷,2,1
山东菏泽市2025-2026学年高二下学期期末物理试题,1,1
山东菏泽市2026年高三下学期二模英语试题,1,1
山东菏泽市单县2024~2025学年8年级下册英语期末试题,1,1
山东菏泽市单县2025~2026学年8年级下册期末语文试题,1,1
山东菏泽市单县2025~2026学年8年级下册语文期末试题,2,1
山东菏泽曹县,5,1
山东菏泽曹县二初,1,1
山东菏泽曹县天润城,2,1
山东菏泽高一期末,3,1
山东菏泽高二下学期期末,2,1
山东菏泽高二下学期期末考试,2,1
山东郓城小升初英语试卷,1,1
山东郓城英语试卷押题小升初,1,1
山东郓城高级中学小升初题目,2,1
山东阳信数学六上,1,1
山东阳信数学六上期中,1,1
山东阳信语文六上,2,1
山东阳信语文六上期中,2,1
山东阶段检测,1,1
山东阶段检测 七年级上学期,1,1
山东青岛,2,1
山东青岛202 6年一模化学,2,1
山东青岛市2025-2026年高一期末考,2,1
山东青岛市北区语文,1,1
山东青岛西海岸实验,2,1
山东青岛西海岸自主招生英语,5,1
山东青岛高一第二学期期末,1,1
山东青岛高二期末,1,1
山东顶尖计划,1,1
山东高 一 0 上学期 人教版 必修一数学试卷一单元检测,1,1
山东高 一 上学期10月第一次月考物理,2,1
山东高一上学期期末,1,1
山东高一上学期第一次月考,1,1
山东高一上月考物理,1,1
山东高一下学期期末,2,1
山东高一下数学期末真题,3,1
山东高一下期末,1,1
山东高一下期末考试化学,2,1
山东高一下期末考试物理,1,1
山东高一下生物期末真题,1,1
山东高一数学期末2026,6,1
山东高一期末2026,1,1
山东高一第一学期数学期中,2,1
山东高一第一次月考,2,1
山东高三,1,1
山东高三一模地理试题,5,1
山东高三上,2,1
山东高三上学期期中,1,1
山东高三化学,4,1
山东高三期中考试数学,2,1
山东高三物理,1,1
山东高三起初考试语文,1,1
山东高中2026期中数学,2,1
山东高中信息技术合格考试,2,1
山东高中历史一模试卷,8,1
山东高中历史高考试卷,4,1
山东高中地理高考试卷,4,1
山东高中学业水平考试化学,1,1
山东高中学业水平考试通用技术,1,1
山东高中英语总复习手册答案,1,1
山东高二上学期期中,1,1
山东高二下学期期中历史试题,2,1
山东高二下学期期末历史试题,1,1
山东高二下学期期末地理,1,1
山东高二下学期期末数学威海,2,1
山东高二数学专题卷,3,1
山东高二期末,1,1
山东高二生物,2,1
山东高考化学2026,3,1
山东高考听力,4,1
山东高考地理,1,1
山东高考数学,1,1
山东高考模拟卷,1,1
山东高考物理真题2026年,3,1
山东高考物质结构题型,1,1
山东高考生物2023,1,1
山东高考生物2023年,5,1
山东高考英语,1,1
山东高考英语真题,1,1
山东高联预赛,1,1
山东鼎鑫书业,1,1
山东龙口六年级上学期历史期中测试题,1,1
山东龙口六年级上学期地理期中测试题,1,1
山东龙口六年级上学期地理期末测试题,1,1
山东龙口六年级上学期地里期中测试题,1,1
山东龙口六年级上学期政治期中测试题,2,1
山东龙口六年级上学期数学期中测试,1,1
山东龙口六年级上学期数学期末测试,1,1
山东龙口六年级上学期数学期末测试题,1,1
山东龙口六年级上学期英语期末测试题,2,1
山东龙口六年级上学期语文期中测试,2,1
山东龙口六年级上学期语文期末测试题,1,1
山丹,9,1
山丹二中,1,1
山城学术圈名校系列11月模拟检测英语,2,1
山大附中2025 2026学年第一学期期末考试,1,1
山大附中入学分班考,1,1
山大附中分班考试卷,1,1
山大附中分班考试题,2,1
山大附中实验学校,1,1
山大附中高一月考,1,1
山大附中高一英语,2,1
山大附中高二上学期月考数学,1,1
山大附中高二上学期第一次月考,3,1
山大附中高二上学期第一次月考数学,1,1
山大附高一入学,1,1
山海经,1,1
山海联盟,2,1
山西 0226中考真题,1,1
山西 0226中考真题数学,1,1
山西 0226高考真题,4,1
山西 26高考真题,1,1
山西 一模真题数学,1,1
山西 二模真题数学,3,1
山西 省适应真题数学,6,1
山西七年级下学期期末,1,1
山西专用学业水平,1,1
山西专用学业水平会考高一,1,1
山西专用学业水平高一,2,1
山西中考数学模拟题,1,1
山西中考英语1600词汇人教版,3,1
山西八年级上学期期中,1,1
山西八年级下学期期末,3,1
山西八年级英语,4,1
山西八省联考语文,1,1
山西六年级上学期升学模考,1,1
山西分班考,2,1
山西初一期末,1,1
山西初二英语,1,1
山西名师原创试卷七年级英语下册,6,1
山西吕梁孝义,2,1
山西吕梁孝义2023 2024年第二学期人年级上册物理期末,1,1
山西吕梁孝义二中,1,1
山西吕梁孝义六中2023 2024年第二学期人年级上册物理期末,1,1
山西吕梁孝义市2023 2024年第二学期人年级上册物理期末,2,1
山西夏县,1,1
山西夏县胡张,2,1
山西夏县胡张语文,1,1
山西夏县胡张语文七下,1,1
山西大同高三,3,1
山西大学附中2025~2026学年第二学期高一期末试题,1,1
山西大学附中高二数学第一学期11月考物理,2,1
山西大学附中高二数学第一学期期末考试,1,1
山西大学附中高二数学第一学期第一次月考物理,1,1
山西大学附中高二期末,1,1
山西大学附中高二第一学期11月考物理,2,1
山西大学附属中学2025-2026学年第二学期高二期末考试数学,2,1
山西大学附属中学入学分班考,2,1
山西大学附属中学开学考高一上学期,2,1
山西大学附属中学高中入学分班考,1,1
山西太原十五中,1,1
山西太原山大附,1,1
山西太原高三模拟考试,1,1
山西太原高三英语,1,1
山西实险,2,1
山西平遥初一期末数学,1,1
山西开学考试英语试题,1,1
山西数学,1,1
山西晋中高二上学期,1,1
山西晋城,1,1
山西晋阳一中,1,1
山西晋阳一中化学,1,1
山西省2024年高考数学真题,2,1
山西省2025中考数学试卷,2,1
山西省2025年高考数学真题,2,1
山西省2026高考2卷,2,1
山西省临汾市2025～2026学年第一学期八年级期末学情诊断卷物理试卷,2,1
山西省临汾市蒲县,1,1
山西省大同市红原县联考。普通高中2025~2026学年下高二年级期末考试。,2,1
山西省大同市高三上学期第二次学情检测物理,5,1
山西省太原市2025-2026学年第二学期高一年级期末学业诊断语文试卷（太原高一下期末统考语文）,1,1
山西省太原市2025中考数学试卷,1,1
山西省太原市高一下英语卷,1,1
山西省实险中学,2,1
山西省平遥中学高一上物理月考,1,1
山西省忻州市忻府区附中,2,1
山西省运城市2025-2026学年高三第一学期,2,1
山西省运城市高三上学期开学摸底调研历史试题,3,1
山西省近五年高考数学真题,1,1
山西省长治市九中,6,1
山西离石八年级下册物理期末卷,1,1
山西英语高一,3,1
山西运城盐湖区东康中学期末,2,1
山西长治,2,1
山西阳城一中,2,1
山西阳泉,1,1
山西阳泉高二信息技术会考,2,1
山西高一下学期期末,1,1
山西高一物理期末,2,1
山西高中学业水平合格性考试,1,1
山西高中竞赛数学近5年真题,1,1
山西高中联赛数学近5年真题,1,1
山西高二下学期期末数学,1,1
山西高二下学期期末语文,2,1
山西高考真题,2,1
岐山中学八年级数学课第1次阶段考,1,1
岚山一中高一期中,1,1
岩溶湖,2,1
岩石圈,3,1
岩石圈的物质结构,1,1
岫岩高中,6,1
岱岳区八年级期末2026,2,1
岱岳区六下,2,1
岱岳区期中,2,1
岳云高一入学考试,1,1
岳阳七上入学,2,1
岳阳七下期末,2,1
岳阳七下期末数学,1,1
岳阳七年级地理,5,1
岳阳七年级政治期末,2,1
岳阳七年级生物期末,1,1
岳阳中学,1,1
岳阳中学高一物理,1,1
岳阳县第一中学高一期末数学,2,1
岳阳县第一中学高一期末数学预测卷,2,1
岳阳县第一中学高一期末物理,4,1
岳阳县第一中学高一期末英语,2,1
岳阳市2026届高三教学质量检测二,2,1
岳阳市2026届高三教学质量检测二数学试卷,3,1
岳阳市2026年高三一模,2,1
岳阳市6年级小数乘法试卷,2,1
岳阳市一中分班考,1,1
岳阳市七中 新高一分班考 数学,2,1
岳阳市华容县2026年三年级,3,1
岳阳市第一中学,2,1
岳阳市第十三中学,3,1
岳阳市第十五,2,1
岳阳市第十五中学,1,1
岳阳市第十四中学,2,1
岳阳市高三模拟卷,2,1
岳阳市高三模拟卷物理,1,1
岳阳弘毅模考卷,5,1
岳阳楼记 025理解性默写,1,1
岳阳楼记 翻译,1,1
岳阳楼记 翻译检测,2,1
岳阳楼记ppt,5,1
岳阳湘一,1,1
岳阳湘一六年级,1,1
岳阳湘一小升初,1,1
岳阳第十五中学,4,1
岳阳高三,1,1
岷县,1,1
岷县2026年七年级,2,1
岷县期末质量检测八下考试试卷,2,1
峡谷风指气流穿过峡谷地带时,1,1
峰山,1,1
峰山实验学校,2,1
崇东中学,2,1
崇川区,1,1
崇川区期末真题,1,1
崇左2026年期末,2,1
崇文分班考试卷,1,1
崇明区2024届高三第二次学业质量调研,1,1
崇贤中学,2,1
嵩县八上,1,1
川外,1,1
川外基础教育集团,1,1
川师附中,1,1
川沙中学分班考,1,1
川沙中学高一上,1,1
州统考,2,1
巢湖,1,1
巢湖三中七下,1,1
巢湖市第三中学英语期未考试卷,2,1
工业区位因素与工业布局,1,1
工业流程,2,1
工业流程选择,1,1
工业流程题专题训练,2,1
工大五模语文答案,1,1
工大附中七年级下册道法考试卷期末,1,1
工大附中小升初,4,1
工艺 流程 2022 2025 2022 2025 年 高 真题 汇编 高三,1,1
工艺流程 高考,3,1
工艺流程大题,1,1
工艺流程高考真题,2,1
左手定则,2,1
巧练,2,1
巨野,2,1
巨野二中2026自主招生试卷,1,1
巨野县2025年七年级下册语文期末试卷,2,1
巨野县七下数学期末试卷,2,1
巨野县八年级上册物理期中,1,1
巨野县八年级下册物理期末,1,1
巨野县第二中学,3,1
巨难,1,1
巩义市2025 2026高二下学期期末考试试卷地理,2,1
巫溪,1,1
已知a1∈(1/3，1 )，a(n+1)=sin π/2·an证明(1-an+1)÷(1-an)小于π/4,8,1
已知a1属于1/3到1 An+1=sin 2分之派an证明1-an+1÷1-an小于4分之派,1,1
已知x属于零到一,1,1
已知定义域为实数和值域为实数，求参数的取值范围,1,1
巴中2025物理,2,1
巴中中考,3,1
巴中中考2026,1,1
巴中初二上册英语,2,1
巴中市,5,1
巴中市2025年中考卷,1,1
巴中市2025年中考卷语文,3,1
巴中市2025年中考道德与法治试题,2,1
巴中市2026年中考,5,1
巴中市2026年中考真题,1,1
巴中市202一年新希望学业质量监测,1,1
巴中市中考,2,1
巴中市中考卷,1,1
巴中市高三零诊考试物理试题,1,1
巴中恩阳一模数学,3,1
巴中恩阳高一起数学,6,1
巴中物理高一上期末,1,1
巴中绵实,2,1
巴中绵实外国语,2,1
巴中零诊,6,1
巴中零诊英语,2,1
巴中高一上册英语,5,1
巴中高一上学期阶段检测,1,1
巴丹吉林沙漠,1,1
巴丹吉林沙漠湖泊和沙漠共存,1,1
巴南区南区,2,1
巴南巴蜀,2,1
巴南龙州湾中学七下,1,1
巴属,1,1
巴川,1,1
巴彦县高级中学,1,1
巴彦淖尔市2025到2026学年第二学期高一期末考试英语,1,1
巴彦淖尔高二下化学期末联考,1,1
巴彦淖尔高二下语文期末联考,2,1
巴林左旗九上数学,2,1
巴林左旗八下,2,1
巴蜀 02 5 高一 下学期期末,4,1
巴蜀 重庆周考,1,1
巴蜀中学2026届三月适应性月考七,1,1
巴蜀中学2026届二三月适应性月考,1,1
巴蜀中学2026届高考适应性月考卷,1,1
巴蜀中学2026年高一上学期物理期末考试试卷,1,1
巴蜀中学2026高一下期末考试答案化学,1,1
巴蜀中学28届高一下期末物理试卷,4,1
巴蜀中学七下,1,1
巴蜀中学初中,1,1
巴蜀中学期末,1,1
巴蜀中学竞赛班,1,1
巴蜀中学英语,2,1
巴蜀中学高一下期末语文试题,3,1
巴蜀中学高三卫冕卷,1,1
巴蜀云校,4,1
巴蜀八下,1,1
巴蜀八下期末物,1,1
巴蜀八下期末重庆,4,1
巴蜀几何,1,1
巴蜀初一英语,1,1
巴蜀初三上,8,1
巴蜀初二上英语期末试卷,1,1
巴蜀历史,2,1
巴蜀强基物理考试,3,1
巴蜀月考卷,2,1
巴蜀期末,1,1
巴蜀英语期末试卷,2,1
巴蜀高2026,1,1
巴蜀高2028届高一上月考数学,2,1
巴蜀高2028届高一上期末物理,3,1
巴蜀高一下期末,1,1
巴蜀高一化学,1,1
巴蜀高一英语,2,1
巴蜀高一语文,1,1
市一中,1,1
市中区期末八年级上册物理,2,1
市中区期末八年级上册英语,2,1
市二实验,2,1
市二期末物理,1,1
市八中沃土计划,2,1
市八中沃土计划真题,1,1
市复兴区人民小学,2,1
市实验,1,1
市实验中学,1,1
市统测,1,1
市统考,1,1
市统考唐山,1,1
市西,1,1
市西分班考,4,1
布制领章,1,1
师一,15,1
师一八年级上9月,2,1
师一八年级上月考卷数学,1,1
师大 附中,1,1
师大一中,1,1
师大自由,1,1
师大附中 026 初三全真模拟考,1,1
师大附中026高一,1,1
师大附中25-26高二期末高中数学,3,1
师大附中七年级上册期中试卷,1,1
师大附中兰州,1,1
师大附中兰州期中,2,1
师大附中双语实验学校七年级上学,2,1
师大附中地理七下,1,1
师大附中开学考,1,1
师范大学附属中学,1,1
师说 复习,2,1
师说专项,2,1
师说专项训练,1,1
师说文言知识,2,1
师说理解性默写,2,1
师说课本,2,1
师院附,1,1
希望杯2025IHCB-4,2,1
希望杯2025IHCB-4中文,2,1
希望杯2025IHCB-4答案详解。,1,1
希望杯a卷2026数学,1,1
希望杯七年级,1,1
希望杯五年级真题,2,1
希望杯八年级,1,1
希望杯四年级,1,1
希特勒,5,1
带图形的测试题,6,1
带点粒子在电场中的运动,2,1
带电粒子在有界磁场运动题型,1,1
带电粒子在电场中的运动,6,1
带电粒子在静电场,2,1
带电粒子大题,1,1
带电粒子的偏转,1,1
帮我找一下湖南，高二数学上学期期末，炎德英才大连考长沙的试卷,2,1
帮我找一下辽宁省真题圈五年级上册语文第1单元测试卷,1,1
帮我找一下辽宁省通用的真题圈五年级上册的题语文人教版新改版的,1,1
帮我找一下辽宁省通用的真题圈五年级上册的题语文人教版新改版的第1单元,2,1
帮我找一份人教版高中生物初升高衔接课程讲义,1,1
帮课堂,9,1
帮课堂2024~2025学年高二化学同步学与练,4,1
帮课堂人教版,1,1
帮课堂相似,3,1
帮课堂苏教,1,1
常宁一中,1,1
常宁一中高一,1,1
常宁市一年级下册期末考试,3,1
常宁市八年级下册期末考试,1,1
常宁市联考试卷,6,1
常州  二十四中,2,1
常州 中考 英语 2026,1,1
常州 期中,2,1
常州2026中考,12,1
常州2026中考数学真题,1,1
常州2026中考真题,1,1
常州中考,1,1
常州中考英语,2,1
常州中职联考试卷,1,1
常州八年级数学,2,1
常州大一高数极线习题,1,1
常州工学院大一高数极线习题,1,1
常州市2025年高二下学期期末数学试卷,1,1
常州市2026中考,1,1
常州市2026年高二下学期期末英语试卷,3,1
常州市二十中学,4,1
常州市八上期中历史,3,1
常州市八上期中道法,4,1
常州市北郊高级中学高一下期末卷,3,1
常州市博爱路小学,1,1
常州市小学二年级数学期末试卷,1,1
常州市清潭中学八上期中,2,1
常州市清潭中学八上期中历史,2,1
常州市清潭中学八上期中数学,2,1
常州市清潭中学八上期中道法,1,1
常州市第二十四中学,1,1
常州市联盟学校2022至2023学年第二学期期末考试 说教学情况调研 高一年级数学试卷,1,1
常州市联盟学校2022至2023学年第二学期期末考试教学情况调研高一年级数学试卷,2,1
常州市高三,1,1
常州市高三期中,2,1
常州市高级中学期末卷,1,1
常州新北区,1,1
常州清潭中学八上物理期中,3,1
常州溧阳六年级下册期末数学2026,1,1
常州溧阳六年级下册期末英语2026,2,1
常州田家炳中学,1,1
常州航空技工学院,1,1
常平中学,1,1
常德市2026届高三上学期起点考试物理,1,1
常德市2026年上学期高二期末考试试题卷,1,1
常德市2026年上学期高二考试试题卷,1,1
常德市一中,1,1
常德市二中,1,1
常德市第一中学,2,1
常德市第一中学高中,2,1
常德市高三起点考2026年,2,1
常德市高三起点考2027年,1,1
常德芷兰实验七下期末生物,2,1
常德鼎城区六年级,2,1
常熟中学2026,1,1
常熟中学2026地理,2,1
常熟期末,1,1
常考不规则动词,1,1
常考不规则动词过去式,1,1
常见函数图像,3,1
常见函数图像 奇偶性 单调性,1,1
常见指数函数与对数函数,1,1
常见有界磁场题型,2,1
常见的酸碱盐知识点,2,1
常青联合体,1,1
常青藤英语八年级听力限时训练,3,1
常青藤英语八年级听力限时训练答案,2,1
幂函数指数函数计算,2,1
幂的运算,7,1
幂的运算 100道专项训练,1,1
幂的运算 100道混合计算题,4,1
幂运算 计算,1,1
平乡县,1,1
平乡县五年级,2,1
平冈,1,1
平凉一中2025-2026学年度第二学期期末考试题,2,1
平凉一中2026高二期末考试,2,1
平凉一中分班考试,3,1
平凉一中分班考试题,1,1
平凉一中高一,2,1
平凉一中高一数学,1,1
平凉七中,2,1
平凡的世界,1,1
平原中英文,1,1
平原县,8,1
平四专题,1,1
平均数,8,1
平均数与方差,3,1
平坝第一高级中学,2,1
平山县,17,1
平度七年级上册有理数检测题,1,1
平形线 100题,1,1
平房24中,2,1
平房24中高一,1,1
平房区,2,1
平房区新疆一校,7,1
平抛运动 2024专题复习,1,1
平抛运动 单元测试卷,1,1
平抛运动 题型,2,1
平抛运动10大题型专题训练,2,1
平抛运动实验,1,1
平抛运动的综合问题（重难点训练）新高考一轮,6,1
平方公式,2,1
平方差乘法与完全平方,1,1
平方差公式的应用,2,1
平方差和完全平方公式 的应用习题,1,1
平方差和完全平方公式 的计算习题,1,1
平方差完全平方差,3,1
平方根 01专题,1,1
平方根 01专题华东师大,1,1
平方根 计算华东师大,1,1
平方根与立方根,2,1
平方根和立方根,5,1
平方根的计算,4,1
平方根练习,3,1
平昌县第二中学高一期末,1,1
平板教程2026年高考总复习首选用卷,1,1
平果市2025年7年级上册语文期中考试卷,2,1
平果市2025年7年级语文期中考试卷,1,1
平江县2026八下期末,1,1
平江第二中学,3,1
平济许洛,1,1
平济许洛一摸,2,1
平济许洛四模生物试题,1,1
平潭城关中学,2,1
平潭城关小学,2,1
平潭岚华中学,3,1
平移旋转轴对称图形,3,1
平罗中学,2,1
平罗中学2025-2026物理期末测试卷,1,1
平罗中学2025-2026第二学期物理期末测试卷,1,1
平舆县高一上学期期中试卷,1,1
平行四边形,1,1
平行四边形 专题复习人教版,1,1
平行四边形专题,1,1
平行四边形专题 13种题型 八年级下,2,1
平行四边形专题卷子,2,1
平行四边形压轴题,2,1
平行四边形定则,1,1
平行四边形性质与判定定理的选择与填空题,1,1
平行四边形的判定浙教版,2,1
平行四边形的折叠,1,1
平行四边形章测,2,1
平行四边形章测人教版,1,1
平行板电容器的动态分析,2,1
平行模型,7,1
平行线与相交线单元复习,2,1
平行线间的拐点,1,1
平衡标志专项题,1,1
平衡的移动习题,2,1
平谷八下数学期末,5,1
平谷八年级数学期末,1,1
平谷区高一语文期末,2,1
平远中学,2,1
平遥中学高一物理月考,1,1
平遥县2023年六年级下册期末考试,1,1
平遥县2023年六年级期末考试,1,1
平遥县2023年小考题,3,1
平邑九年级数学期中试卷,1,1
平邑县,4,1
平阳中学,4,1
平阳县,1,1
平阳县新纪元小升初真题,1,1
平阳县新纪元小升初考试,1,1
平阴,1,1
平阴化学,2,1
平阴区语文二模,1,1
平面 向量,1,1
平面 向量单元测试,3,1
平面1向量,1,1
平面1向量投影,1,1
平面与平面直行的判定,2,1
平面几何 高中数学竞赛,1,1
平面几何三角函数高一下,4,1
平面几何八大模型,1,1
平面几何复习,1,1
平面判定定理,2,1
平面向量 0 一轮复习专题 高一期末复习,1,1
平面向量专项训练,4,1
平面向量专项训练高一,1,1
平面向量压轴大题,1,1
平面向量及其应用 5知识点 4重难点 8方法技巧 6易错易混,2,1
平面向量和解三角形,2,1
平面向量培优,1,1
平面向量基本定理及坐标表示,1,1
平面向量基本定理及坐标表示、向量的应用,5,1
平面向量复习 一数,1,1
平面向量数量积,1,1
平面向量的概念及运算,2,1
平面向量练习题,1,1
平面向量题型专练,1,1
平面向量，复数专题,4,1
平面直角坐标系 导学,1,1
平面直角坐标系提升卷沪科版单元分层测,1,1
平面直角坐标系教案沪科版,1,1
平面解析,2,1
平面解析几何预习,1,1
平面解析的几何初步,2,1
平面镜成像作图,1,1
平面镜成像特点及应用,2,1
平顶山,1,1
平顶山44中开学考试英语2024到2025,1,1
平顶山一中期末,2,1
平顶山市,1,1
平顶山市2026年中招学科第一次调研考试,4,1
平顶山市2026年中招学科第二次模拟考试,3,1
平顶山市一中高一月考,1,1
平顶山市第9章电荷，库仑定律,3,1
平顶山市第一高级中学,3,1
平顶山市，八年级上册物理，期末试卷,2,1
平顶山期末,1,1
年广东省惠州市光正实验学校高考英语冲刺卷,3,1
年级上学期期中历史试题,2,1
年级下册口算电子版数学,1,1
年级下册数学数学口算解答题，电子版,3,1
并串连电路,2,1
并集交集参考系运算,2,1
幻方专题,2,1
幼儿园,1,1
幼小衔接数学,2,1
广 东,1,1
广 东 0226初三中考模拟,1,1
广 东 2 0 2 6 一模中考,3,1
广 东 省 2 0 2 6届 一模,1,1
广 东 省 2 0 2 6届 中考,1,1
广 东佛山,1,1
广 东省 026中考,1,1
广 东省 026中考试卷,1,1
广 州,1,1
广 州 2 0 2 6,1,1
广 州 2 0 2 6 一模数学,2,1
广 州 2 0 2 6 调研,1,1
广 州 市2 0 2 6届 一模,1,1
广 州一模数学中考,1,1
广 州荔湾区高一统考,2,1
广 西,1,1
广 西 2 0 2 6中考,2,1
广东 2026 年中考试卷,1,1
广东 中考,1,1
广东 六校联盟 2026届高三年级,3,1
广东 小升初衔接,1,1
广东 高考 2026,2,1
广东2025中考数学,1,1
广东2025数学高考,1,1
广东2025至2026高一下东莞物理期末试卷,1,1
广东2025～2026 学年普通高中供给训练高二英语,2,1
广东2026-2027揭阳生地试卷,1,1
广东2026中考数学真题,1,1
广东2026中考真题,4,1
广东2026中考语文,2,1
广东2026届八校高三联考试题,3,1
广东2026年5月上进适应性考试,1,1
广东2026年5月适应性考试,1,1
广东2026年5月金太阳适应性考试,1,1
广东2026年上进联考,1,1
广东2026年历史合格性考试,1,1
广东2026年衡水金卷,1,1
广东2026年金太阳,1,1
广东2026年金太阳适应性考试,1,1
广东2026年高考生物,2,1
广东2026数学高考,2,1
广东2026高考,1,1
广东2026高考语文,1,1
广东26年高考一卷数学,2,1
广东26高考政治试题,3,1
广东一年级上学期阶段检测,1,1
广东一模 2026 英语,1,1
广东七年级上学期期中,2,1
广东七年级上学期期中数学,1,1
广东七年级下学期期末数学,1,1
广东七选五题库,1,1
广东三年级下学期阶段检测,1,1
广东专题物理,3,1
广东东莞中学初三镜堂数理自招数学,2,1
广东东莞中学镜堂数理自招数学,2,1
广东东莞中考镜堂数理自招数学,1,1
广东东莞初三镜堂数理自招数学,1,1
广东东莞市2025-2026学年度高三下学期语文考前冲刺卷命题大赛卷,1,1
广东东莞市常平镇2025 2026学年六年级下学期期末语文试题,2,1
广东东莞市高埗镇,1,1
广东东莞物理一模,2,1
广东中山,2,1
广东中山2025 2026八下期末试卷,2,1
广东中山市七年级上学期期中数学,2,1
广东中山市七年级上学期期末英语,2,1
广东中山市七年级下学期期中英语,1,1
广东中山市七年级下学期期中语文,1,1
广东中考 2026政治,2,1
广东中考2025年真题,1,1
广东中考2026 省卷,1,1
广东中考化学,1,1
广东中考化学2026,1,1
广东中考化学真题,3,1
广东中考地理,1,1
广东中考政治卷,1,1
广东中考政治卷九年级二五年,1,1
广东中考政治卷二五年,2,1
广东中考物理真题,3,1
广东中考真题2026,1,1
广东中考英语卷,2,1
广东中考语文,5,1
广东九年级上学期阶段检测,1,1
广东九年级下学期期末,1,1
广东二年级上学期期末,1,1
广东云浮市2025 2026学年第二学期期末考试高二试题,1,1
广东五年级下学期阶段检测,1,1
广东仲元中学,8,1
广东佛山市南海区2024—2025八年级期末考试,2,1
广东佛山市南海区2025 2026学年第二学期期末,1,1
广东佛山市南海区2025 2026学年第二学期期末八年级,1,1
广东佛山市南海区2025 2026学年第二学期期末学情自测七年级数学,1,1
广东佛山市顺德区2025 2026学年第二学期七年级数学期末供题训练,2,1
广东供题训练,6,1
广东八上英语期中,7,1
广东八上语文,1,1
广东八上语文第一二单元,2,1
广东八下英语期末,2,1
广东八年级上学期期中,1,1
广东八年级上学期期末,1,1
广东八年级上学期阶段检测宝安区,1,1
广东八年级下册函数专项真题卷,2,1
广东八年级下册数学几何专项,2,1
广东八年级下学期期末东莞,1,1
广东八年级下学期阶段检测,3,1
广东八校联考,1,1
广东六年级上学期升学模考,2,1
广东六年级上学期期末,1,1
广东六年级上完下学期期末,1,1
广东六校,1,1
广东六校二模,1,1
广东六校联盟,1,1
广东几何八年级下册数学,1,1
广东几何八年级下册数学真卷,3,1
广东化学,1,1
广东化学学考,1,1
广东北师大版数学初二期末,1,1
广东升学模考,1,1
广东卷生物学2026,1,1
广东合格性,1,1
广东合格考,3,1
广东合格考化学,1,1
广东合格考地理,2,1
广东合格考物理,2,1
广东四大名校,1,1
广东四校联考 华附 省实 广雅 深中,1,1
广东四校联考 华附 省实 广雅 深中2026,2,1
广东地理中考2026,2,1
广东地理学考,1,1
广东学业水平合格性考试,1,1
广东学业水平合格性考试春考,1,1
广东学业水平合格性考试春考英语,1,1
广东学考2026,1,1
广东学考物理,1,1
广东学考生物,1,1
广东实验中学湛江学校,1,1
广东实验中学附属茂名学校,1,1
广东实验中学高一下期末考试,2,1
广东实验中学高二下期中,1,1
广东实验中学高二下期末,2,1
广东实验中学高二下期末数学,3,1
广东市茂名高州2025年至2026年学期末考试数学卷,3,1
广东广州,2,1
广东广州七十五新高一分班模拟卷 初高中衔接,1,1
广东广州市2025届普通高中毕业班摸底考试数学,1,1
广东广州市2026届,1,1
广东广州市多校2025-2026学年高一下学期7月期末物理试题,1,1
广东广州市奥林匹克中学,1,1
广东广州市第六中学（从化校区）2025-2026学年高二下学期数学测试（3）,1,1
广东广州市越秀2025-2026学年高一下学期7月期末物理试题,1,1
广东广州市部分学校2025－2026,2,1
广东广州市部分学校2025－2026学年高二下学期7月,1,1
广东广州市部分校2025 2026学年高二下学期7月期末教学质量监测,1,1
广东广州新高一分班模拟卷 初高中衔接,1,1
广东广雅,1,1
广东广雅中学入学,2,1
广东广雅中学入学分班,5,1
广东广雅中学分班卷,4,1
广东广雅中学高中入学卷,2,1
广东广雅入学,1,1
广东惠州,2,1
广东惠州博罗,6,1
广东惠州市2024-2025学年高1下学期数学期末,1,1
广东惠州市2025 2026学年高1下学期数学期末,3,1
广东惠州市2025 2026学年高1下学期期末,1,1
广东惠州市2025 2026学年高二下学期期末,1,1
广东惠州高一下期末物理试卷,2,1
广东惠州高一期末,2,1
广东惠来八年级2026期末考卷,2,1
广东揭阳2026八年级下册期末数学试卷,1,1
广东揭阳2026高二政治,1,1
广东揭阳2026高二英语,1,1
广东揭阳2026高二语文,3,1
广东揭阳市2025-2026学年高一下学期期末教学质量测试考试,1,1
广东揭阳高一下期末物理答案,1,1
广东政治高三,2,1
广东数学,5,1
广东数学小升初分班考试,1,1
广东数学小高考试卷,3,1
广东数学春考,3,1
广东春季学考2026,1,1
广东春季高考25年真题,1,1
广东春季高考真题,3,1
广东春季高考英语 历年真题卷,2,1
广东梅县东山中学,11,1
广东梅州中考历史,2,1
广东梅州八年级历史,5,1
广东梅州初二历史,2,1
广东梅州高二下学期期末英语2026,1,1
广东水平合格性考试,1,1
广东水平合格性考试化学,1,1
广东汕头2021八年级下册广东汕头物理期末试卷,1,1
广东汕头七年级下册期末英语2026,2,1
广东汕头七年级下册期末试卷英语2026,2,1
广东汕头七年级期末英语,1,1
广东汕头八年级上册期末英语2026,2,1
广东汕头八年级上册期末试卷澄海区英语,2,1
广东汕头八年级上册期末试卷英语,1,1
广东汕头八年级上册期末试卷金平区英语,2,1
广东汕头八年级下册期末试卷英语2024,1,1
广东汕头八年级下册期末试卷英语2026,2,1
广东汕头八年级下册期末试卷金平区,4,1
广东汕头八年级下册期末试卷金平区英语,1,1
广东汕头八年级物理上册第一次阶段考,5,1
广东汕尾2025至2026学年度第二学期期末教学质量监测五年级道德与法治,2,1
广东汕尾历史,1,1
广东汕尾四下数学,1,1
广东汕尾四下数学期末,2,1
广东汕尾四下语文,4,1
广东汕尾地理,1,1
广东汕尾市七上数学第一单元试卷2023_2024,4,1
广东汕尾市城区2025-2026学年高二第二学期期末教学质量监测考试,1,1
广东汕尾政治,1,1
广东汕尾数学,6,1
广东汕尾英语,4,1
广东汕尾高二化学,3,1
广东江门一中,1,1
广东江门市2023-2024学年高一上学期期末,1,1
广东江门市2023-2024学年高一数学上学期期末,1,1
广东江门市2026高一下学期期末,2,1
广东江门新会2024 2025五年级上册数学,2,1
广东江门新会2025 2026四年级下数学,1,1
广东江门新会中考英语,1,1
广东江门新会九年级英语,2,1
广东江门新会初三英语,1,1
广东江门调研物理高二,1,1
广东江门高一期末,1,1
广东江门高一期末数学,1,1
广东河源高一联考,2,1
广东深圳中学2025年一模。,1,1
广东深圳八年级下册期末数学试卷,1,1
广东深圳外国语学校高中园2025到2026学年高一下学期期末试卷数学试题,2,1
广东深圳市龙华区中小学2025—2026,1,1
广东深圳市龙华区中小学2025—2026八年级英语,2,1
广东深圳高一下语文,2,1
广东深圳高一必背古诗词,1,1
广东清远市2025-2026学年高一下学期期末考试语文试题,1,1
广东湛江一中,2,1
广东湛江高二期末,2,1
广东潜江一模数学试卷高三,1,1
广东潜江一模数学试卷高三2026,2,1
广东潮州七年级数学期末测试卷下学期,2,1
广东潮州七年级数学期末测试卷下学期凤和中学,3,1
广东潮州四年级数学期末测试卷下学期,2,1
广东潮州市2025 2026学年高一第二学期期末教学质量监测考试,1,1
广东潮州市2025 2026学年高二第二学期期末教学质量监测考试,3,1
广东潮州市2025-2026学年高一第二学期期末教学质量监测考试,2,1
广东潮州市潮安区20252026学年度第二学期高一期末检测卷,1,1
广东物理,2,1
广东物理2022,1,1
广东物理2025学业水平合格性考试,2,1
广东物理初中七年级期末,5,1
广东物理大题特训,1,1
广东物理潮实,1,1
广东物理潮阳实验,1,1
广东物理综合题,1,1
广东物理综合题.,1,1
广东物理高考,1,1
广东珠海市,1,1
广东珠海市中考,1,1
广东电白2025 2026学年高二第二学期期中考试 选择考,1,1
广东电白2025 2026学年高二第二学期期末考试 选择考,2,1
广东番禺中学,6,1
广东省,2,1
广东省 2026 普通高中学业水平选择性考试生物,1,1
广东省 2026 高中学业水平合格性考试,1,1
广东省 茂名市小升初 数学2026,2,1
广东省 茂名市小升初 科学2026,3,1
广东省 茂名市小升初 英语2026,1,1
广东省 茂名市小升初 语文2026,2,1
广东省2022初中学业水平考试,1,1
广东省2024年中考英语,1,1
广东省2026年中考历史题,1,1
广东省2026年历史高考,2,1
广东省2026年第二历史合格性考试,1,1
广东省2026年第二次合格性考试历史,1,1
广东省2026年语文中考卷,2,1
广东省2026摸底考,2,1
广东省2026第2次学业水平考试,1,1
广东省一模,2,1
广东省七年级上学期数学一元一次方程单元,1,1
广东省七年级下期末试卷,2,1
广东省东莞市2023高二上数学期末,2,1
广东省东莞市2024-2025八年级下数学期末考,1,1
广东省东莞市2024到2025学年度第一学期教学质量自查高二生物学,1,1
广东省东莞市2025到2026学年度第一学期教学质量自查高二生物学,1,1
广东省东莞市2025到2026学年度第二学期教学质量自查高二数学,1,1
广东省东莞市2025到2026学年度第二学期教学质量自查高二物理,4,1
广东省东莞市2026年联考试卷,2,1
广东省东莞市七年级下学期2025~2026英语期末试卷,1,1
广东省东莞市自查,3,1
广东省东莞市高一下期末统考试卷,2,1
广东省东莞市高三模拟考试,2,1
广东省中山市第一中学,6,1
广东省中山市纪念中学,1,1
广东省中考作文,3,1
广东省中考地理2026年最新试卷,1,1
广东省中考数学2026,2,1
广东省中考数学试卷2026,1,1
广东省中考物理真题,1,1
广东省中考花都区数学试卷2026,2,1
广东省中考语文,1,1
广东省二模,1,1
广东省五校联考,1,1
广东省佛山市2024~2025学年度学生质量监测六年级语文,2,1
广东省佛山市2024~2025学年高一下学期期末教学质量检测数学试题,1,1
广东省佛山市2025至2026学年度普通高中数学质量检测,1,1
广东省佛山市九年级开学考,1,1
广东省佛山市南海区2025-2026学年五年级下学期7月期末语文试卷,4,1
广东省佛山市南海区七下2025-2026英语期末考试,2,1
广东省佛山市禅城区2023到2024八年级下学期期末试卷,1,1
广东省佛山市禅城区2024~2025学年度学生质量监测六年级语文,2,1
广东省佛山市禅城区2024到2025九年级上学期数学期末试卷,6,1
广东省佛山市禅城区2025~2026学年度学生质量监测六年级语文,2,1
广东省佛山市禅城区2025~2026学年度学生质量监测六年级语文 第二学期,1,1
广东省佛山市禅城区2025到2026八年级下学期数学期末试卷,2,1
广东省佛山市禅城区7年级下册期末数学考试,2,1
广东省佛山市顺德区七年级下册2025 2026期末,3,1
广东省佛山市顺德区期末,3,1
广东省佛山市顺德区期末八年级,1,1
广东省佛山市高一物理,2,1
广东省八年级下学期数学期末试卷,1,1
广东省六校联盟,1,1
广东省六校联盟2025届高三年级第五次联考,1,1
广东省六校联盟2026届高三年级第五次联考,2,1
广东省六校联盟第五次联考,1,1
广东省初一上学期一元一次方程单元,2,1
广东省初一上学期数学一元一次方程单元,1,1
广东省初一第一单元检测卷,4,1
广东省初中学业水平考试,2,1
广东省升学考试,2,1
广东省南海2025～2026 学年普通高中供给训练高二英语,1,1
广东省合格性考试,1,1
广东省和平区,1,1
广东省学业水平合格性考试,2,1
广东省学业水平合格考,1,1
广东省实验中学2026广州,2,1
广东省广州二中八年级下期中试卷,2,1
广东省广州市2025届普通高中毕业班摸底考试数学试题,2,1
广东省广州市中考考真题2026,2,1
广东省广州市五上联考2022~2023学年高一下学期期末物理试题,2,1
广东省广州市增城区2025学年第一学期期末质量检测卷7年级数学,1,1
广东省广州市增城区荔景中学。,1,1
广东省广州市番禺区初二上期末考试数学,3,1
广东省广州市番禺区初二上期末考试英语,1,1
广东省广州市番禺区星执学校初二上期末考试英语,1,1
广东省广州市番禺区生物，2025年期末卷,2,1
广东省广州市番禺区生物，2025年高一期末卷,1,1
广东省广州市番禺区石楼中学2025年第二学期化学期末考试,1,1
广东省广州市部分学校2025年第二学期化学期末考试,3,1
广东省广州市黄埔区2015至2016学年度第二学期六年级下册英语期末考试,4,1
广东省广州市黄埔区2015至2016年度第二学期六年级下册期末考试英语,1,1
广东省广州市黄埔区黄埔军校纪念中学2025~2026学年八年级上学期期末考试英语试题,2,1
广东省广州高 一 下 学期202 5 2026年期未真题试卷,5,1
广东省廉江实验中学,4,1
广东省廉江市第三中学,1,1
广东省惠东县,1,1
广东省惠州市2023-2024高一下学期期末质量检测地理,1,1
广东省惠州市博罗县2024~2025学年八年级下册道德与法治期末试题,2,1
广东省惠州市博罗县2025 2026七上数学期末检测,1,1
广东省惠州市博罗县2025 2026七上英语期末检测,2,1
广东省惠州市博罗县2025 2026七上语文期末检测,3,1
广东省惠州市惠阳区大亚湾区2026,1,1
广东省惠州市惠阳区大亚湾第一中学2026,1,1
广东省惠州市综合高级中学统一订制的:高二练习册(1一6)文科试卷,2,1
广东省揭阳市2024 2025学年高一下学期期末教学质量测试,2,1
广东省揭阳市2025-2026期末考试,1,1
广东省揭阳市2025-2026高二下学期期末考试,1,1
广东省揭阳市2025-2026高二下学期期末考试物生物,1,1
广东省揭阳市2025-2026高二下学期期末考试生化学,1,1
广东省揭阳市2025-2026高二下学期期末考试生物,2,1
广东省揭阳市九年级上册数学月考试卷,1,1
广东省揭阳市九年级上册数学月考试卷统考,2,1
广东省揭阳市普宁市期末语文试卷2026,5,1
广东省揭阳市榕城区2023至2024学年度生物期未卷下学期七下,1,1
广东省揭阳市榕城区高一期末,7,1
广东省揭阳市榕城区高一期末历史,2,1
广东省春季高考资料,1,1
广东省春季高考资料2027年,8,1
广东省普宁市2026年中考试卷,3,1
广东省普通高中学业水平合格性考试,3,1
广东省普通高中学业水平合格性考试 语数英 历年真题（依学考录取）,2,1
广东省普通高中学业水平考试真题,1,1
广东省梅州市中考英语,1,1
广东省梅州市高一下,1,1
广东省汕头市2023～2024学年高二下学期期末教学质量监测历史试题,1,1
广东省汕头市揭阳高二统考2026,1,1
广东省汕头市揭阳高二统考2026物理,2,1
广东省汕头市潮南区2025至2026学年度第二学期期末统考高一生物,1,1
广东省汕头市潮南区两英镇2025-2026学年七年级下学期期中试题,1,1
广东省汕头市潮南区物理,1,1
广东省汕头市澄海实验高级中学 高一上学期 入学摸底,1,1
广东省汕头市澄海实验高级中学 高一上学期 新生入学摸底 数学,1,1
广东省汕头市翠英中学高二期末,2,1
广东省汕头市金山中学,1,1
广东省汕头市金山中学物理,1,1
广东省汕头市高二历史下学期期中考试试卷,1,1
广东省汕头市龙湖区2025-2026七年级下册期末试卷,3,1
广东省汕头潮南区高二期末统考,1,1
广东省汕尾市2025 2026学年八年级下学期期末语文试题,2,1
广东省汕尾市2025-2026 学年度第二学期期末教学质量检测政治,3,1
广东省汕尾市2025-2026 学年度第二学期期末教学质量检测政治高三,3,1
广东省汕尾市2025-2026 学年度高三第二学期期末教学质量检测政治,2,1
广东省汕尾市2025-2026 学年度高三第二学期期末教学质量检测语文,1,1
广东省汕尾市2025至2026年的第二学期五年级数学期末量检测,1,1
广东省汕尾市2025至2026年的第二学期数学期末量检测,1,1
广东省汕尾市2025至2026年的第二学期数学量检测,1,1
广东省汕尾市2025至2026年的第二学期期末英语质量检测,1,1
广东省汕尾市2025至2026年的第二学期期末道法质量检测,2,1
广东省汕尾市华大实验学校,3,1
广东省汕尾市河口河口中学,2,1
广东省汕尾市河口镇2025~2026年七年级下册数学期未卷,1,1
广东省汕尾市河口镇2025~2026年七年级下册语文期未卷,3,1
广东省汕尾市海丰县七年级下册英语2026期末,7,1
广东省汕尾市海丰县陆安高级中学高一下17周末试卷,1,1
广东省汕尾市海丰县陆安高级中学高一下期末统考考生号,1,1
广东省汕尾市陆丰市2023至2024 9年级下册中考英语试卷,2,1
广东省汕尾市陆丰市2023至2024中考英语试卷,2,1
广东省汕尾市高三上学期期末数学,8,1
广东省江门市七年级上册数学期末考真题,3,1
广东省江门市九年级数学新版本电子书,4,1
广东省江门市地理中考,1,1
广东省江门市生物中考,1,1
广东省江门第一中学,1,1
广东省江阳市2025-2026期末考试语文试题,1,1
广东省深圳中学,3,1
广东省深圳市2025至2026年七年级上册数学第一单元试题,1,1
广东省深圳市2025至2026年七年级数学第一单元试题,2,1
广东省深圳市2025～2026年九年级上册化学期中试卷,1,1
广东省深圳市2025～2026年九年级上册化学期末试卷,1,1
广东省深圳市2025～2026年九年级上册历史期末试卷,6,1
广东省深圳市2025～2026年九年级上册数学期中试卷,24,1
广东省深圳市2025～2026年九年级上册物理期中试卷,1,1
广东省深圳市2025～2026年九年级上册物理期末试卷,2,1
广东省深圳市2025～2026年九年级上册语文期中试卷,18,1
广东省深圳市中考试卷2026年到2027年,2,1
广东省深圳市保安区八上历史期末,1,1
广东省深圳市保安区八下历史期末,1,1
广东省深圳市光明区八下期末英语考,2,1
广东省深圳市南山区八下期末英语考,4,1
广东省深圳市普通高中高一7月调研考试,2,1
广东省深圳市第二高级中学高一下,2,1
广东省深圳市龙华区2024至2025学年第一学期期末考学质量检测试卷高一数学,1,1
广东省深圳市龙华区2025至2026学年第一学期期末考学质量检测试卷高一数学,2,1
广东省深圳市龙岗区2025-2026学年四年级下学期学科素养评价期末语,2,1
广东省深圳市龙岗区八年级上册期末英语,2,1
广东省清远市清新区第一中学2025-2026学年高一上学期1月月考英语试题,3,1
广东省湛江市2023 2024学年高二下学期7月期末考试,2,1
广东省湛江市滨海学校,3,1
广东省湛江市第一中学2022~2023学员高一上学期期末考试物理试卷,1,1
广东省潮南区化学区统考试卷,1,1
广东省潮南区数学区统考试卷,3,1
广东省潮南区英语区统考试卷,2,1
广东省潮州市潮安区六介初分班语文考卷,4,1
广东省潮州市潮安区去年六升初分班的去年试卷,1,1
广东省潮州市潮安区去年六升初分班考的试卷,3,1
广东省潮州市潮安区期末高一下,2,1
广东省潮州市潮安区雅博学校去年六升初分班语文考卷,2,1
广东省潮州市潮安区高二下学期期末,6,1
广东省珠海市香洲区四年级第二学期期末数学,1,1
广东省珠海市香洲区四年级第二学期期末语文,2,1
广东省第2次普通高中学业水平测试,2,1
广东省第二次普通高中学业水平合格性考试地理,3,1
广东省肇庆市四会市2026年初二历史试卷,1,1
广东省肇庆市四会市2026年初二政治试卷,1,1
广东省肇庆市四会市2026年初二物理试卷,3,1
广东省肇庆市四会市2026年初二英语试卷,1,1
广东省肇庆市四会市2026年初二语文试卷,2,1
广东省肇庆市四会市2026年初二道法试卷,2,1
广东省肇庆市封开县2017 2018 02 七年级下期末,1,1
广东省肇庆市封开县2025 2026 02 八年级下期末,4,1
广东省肇庆市春考,1,1
广东省茂名市 单元优化题1,1,1
广东省茂名市2023~2024高二下学期数学期末考试试卷,1,1
广东省茂名市2024-2025学年高二下学期期末教学质量监测,13,1
广东省茂名市2024~2025高二下学期数学期末考试试卷,10,1
广东省茂名市2024~2025高二下学期物理期末考试试卷,3,1
广东省茂名市2024~2026高二下学期数学期末考试试卷,4,1
广东省茂名市2024~2026高二下学期物理期末考试试卷,3,1
广东省茂名市2024~2026高二下学期茂名期末考试试卷,1,1
广东省茂名市2024—2025学年高二下学期7月期末质量抽测（金太阳联考）政治试题,1,1
广东省茂名市2025- 2026 年的期末答案,3,1
广东省茂名市2025- 2026 年的高一期末答案,2,1
广东省茂名市2025-2026学年度第二学期质量监测三年级语文试卷,1,1
广东省茂名市2025-2026学年高二下学期,10,1
广东省茂名市2025—2026学年高二下学期7月期末质量抽测（金太阳联考）历史试题,2,1
广东省茂名市2025—2026学年高二下学期7月期末质量抽测（金太阳联考）政治试题（25-539B）,3,1
广东省茂名市2025—2026学年高二下学期7月期末质量抽测（金太阳联考）英语试题,5,1
广东省茂名市2025—2026学年高二下学期7月期末质量抽测（金太阳联考）语文试题,2,1
广东省茂名市2025—2026学年高二年级期末质量抽测地理试题,1,1
广东省茂名市2026年2月高中数学期末试卷,1,1
广东省茂名市2026年7月高中化学期末试卷,3,1
广东省茂名市2026年7月高中生物期末试卷,1,1
广东省茂名市2026年7月高中英语期末试卷,3,1
广东省茂名市2026年中考英语一模考试,2,1
广东省茂名市信宜市2024-2025学年高二下学期期末物理,1,1
广东省茂名市信宜市2024-2025学年高二下学期期末语文,2,1
广东省茂名市信宜市2025-2026学年高二下学期期末化学,1,1
广东省茂名市信宜市2025-2026学年高二下学期期末物理,2,1
广东省茂名市信宜市2025-2026学年高二下学期期末生物,3,1
广东省茂名市信宜市2025-2026学年高二下学期期末英语,3,1
广东省茂名市信宜市2025到2026学年度第二学期质量检测七年级历史试题,1,1
广东省茂名市电白区高二期末,1,1
广东省茂名市电白区高二期末2026,1,1
广东省茂名市高 一 下 学期202 5 2026年期未真题试卷,1,1
广东省茂名市高二下学期期末统考,11,1
广东省茂名市高二下学期期末统考生物,2,1
广东省茂名市高州市小升初数学试卷2026,1,1
广东省阳江实验中学,1,1
广东省阳江市2025一2026四年级第二学年度数学期末测试卷,5,1
广东省阳江市2025至2022学年度第二学期7年级质量期末监测试题英语,3,1
广东省阳江市阳西县2025至202学度第二学期期末质量监测试卷英语,2,1
广东省阳江期末监测卷A卷七下,1,1
广东省阳江阳春市三年级期末考试卷,2,1
广东省韶关市7年级下册期末试卷,2,1
广东省高 一 下 学期202 5 2026年期未真题试卷,2,1
广东省高一上学期期中卷,1,1
广东省高一下学期2025 2026年期未真题试卷,3,1
广东省高一下学期期末卷,1,1
广东省高三第一次真题,2,1
广东省高中,1,1
广东省高中数学必修第一册，集合的概念与表示 基础题,6,1
广东省高二上学期生物还没玩几天 还是第一章节复习,4,1
广东省高州市,1,1
广东省高考地理试卷,1,1
广东石膏,3,1
广东章末测试,1,1
广东第二中学,1,1
广东联考,3,1
广东联考高中化学,1,1
广东肇庆数学八下综合卷,4,1
广东育英,1,1
广东英语听说考试音频,1,1
广东英语模考高考,2,1
广东茂名,2,1
广东茂名2025 2026学年高二第二学期期末考试 选择考,3,1
广东茂名2025至20266年级下册数学试卷,2,1
广东茂名七年级下册,2,1
广东茂名七年级下册期末,3,1
广东茂名信宜2025-2026七年级下册期末生物试卷,2,1
广东茂名市2025 2026学年高一年级下学期期末质量抽测化学试题,1,1
广东茂名市2025 2026学年高二年级下学期期末质量抽测化学试题,2,1
广东茂名市2025-2026化学,1,1
广东茂名市2025-2026地理,1,1
广东茂名市2025-2026学年高一年级下学期学考试题,1,1
广东茂名市2025-2026学年高一年级下学期期末质量抽测化学试题,2,1
广东茂名市2025-2026学年高一年级下学期期末质量抽测数学试题,2,1
广东茂名市2025-2026学年高一年级下学期期末质量抽测物理试题,1,1
广东茂名市2025-2026学年高一年级下学期期末质量抽测生物试题,1,1
广东茂名市2025-2026学年高一年级下学期期末质量抽测语文试题,2,1
广东茂名市2025-2026学年高一年级学业水平试题,1,1
广东茂名市2025-2026物理,1,1
广东茂名市2025-2026语文,2,1
广东茂名市信宜市2025-2026学年度第二学期阶段学科知识质量展示小学五年级英语练习,3,1
广东茂名高一上册阶段性测试,2,1
广东茂名高二下学期日语,1,1
广东茂名高二统考,2,1
广东茂名高州2026初一数学期末试卷,4,1
广东语文二模,1,1
广东重点高中高一期末考试试卷,3,1
广东金太阳联考,2,1
广东金太阳联考高一数学,1,1
广东阳江地理中考试卷,2,1
广东阳江市2025-2026学年高一下学期7月期末语文试题,1,1
广东雷州一中,1,1
广东韶关,1,1
广东领航,1,1
广东高一上学期开学考试,1,1
广东高一上学期期中,1,1
广东高一上学期期末,1,1
广东高一下学期期末试卷物理,1,1
广东高一下学期期末试卷生物,1,1
广东高一下学期阶段检测,1,1
广东高一数学上学期第一次月考,1,1
广东高一第2次学考,1,1
广东高三,2,1
广东高三上学期期中,1,1
广东高三物理,2,1
广东高三英语,4,1
广东高三语文,3,1
广东高中gaiyi,1,1
广东高中化学学考,4,1
广东高中合格性考试,1,1
广东高中合格性考试历史,1,1
广东高中听说,2,1
广东高中学业水平合格性考试,7,1
广东高中课件,3,1
广东高中高一英语,1,1
广东高二上学期月考,1,1
广东高二下学期期末,1,1
广东高州中学初中校区高州市八年级上册月考,2,1
广东高州中学初中校区高州市八年级上册物理月考,2,1
广东高考2018年试卷数学,2,1
广东高考化学一轮复习,1,1
广东高考卷,2,1
广东高考数学,1,1
广东高考物理2022,1,1
广东高考物理2022年,1,1
广东高考英语听说,2,1
广东高考语文文言文阅读,9,1
广东高考语文真题,1,1
广东高考语文真题近五年,1,1
广东高职高考语文真题2026,1,1
广丰,1,1
广丰一中,3,1
广信区第七中学,9,1
广元2025高二下期末,1,1
广元2025高二期末答案,1,1
广元2026中考答案,1,1
广元2026年春季五年级期末综合卷,2,1
广元2026年春季五年级期末综合卷数学,1,1
广元2026年高二期末,2,1
广元中学,1,1
广元中考,2,1
广元中考英语,3,1
广元兴安中学初一分班数学试卷考试,2,1
广元市,2,1
广元市2026年八年级生地会考,2,1
广元市2026年八年级统考历史,5,1
广元市2026年生地会考,1,1
广元市2026普通高中一年级期末测试,1,1
广元市中考,1,1
广元市中考2025,2,1
广元市八年级历史期中,1,1
广元市八年级历史期中试卷,1,1
广元市利州区数学,4,1
广元市小升初,1,1
广元市苍溪县2026七下期末,1,1
广元市苍溪县2026八上期中,3,1
广元市高一期末考试,1,1
广元市高一期末考试英语,1,1
广元期末,1,1
广元期末化学题,1,1
广元英语,1,1
广元零诊,3,1
广元高二下期末考试,2,1
广全,2,1
广大附中,2,1
广大附中2025~2026学年度8年级下册期末考试数学真题试卷,2,1
广奥,1,1
广安,1,1
广安 2 026期末,3,1
广安 2 026期末高一化学答案,1,1
广安 2 026期末高一数学,8,1
广安 2 026期末高一物理,1,1
广安 2 026期末高一生物答案,1,1
广安 2 026期末高二,1,1
广安中学,2,1
广安中考数学2026,2,1
广安二中高一数学,3,1
广安光正,1,1
广安市2024 2025学年高一下学期期末统考 政治,1,1
广安市2024年春高一期末地理试题,4,1
广安市2025年春高一期末地理试题,2,1
广安市2026年凌村物理试卷,1,1
广安市2026年零诊物理试卷,4,1
广安市2026高一期末,1,1
广安市岳池县人教版免费,4,1
广安市高一上期末,1,1
广安市高一上期末物,1,1
广安市高一上期末物理,2,1
广安开学考,3,1
广安期末数学2026年,2,1
广安期末生物2026年,1,1
广安高一下期末答案,1,1
广安高一期末,2,1
广安高一期末日语,1,1
广安高一期末物理,4,1
广州  高一语文期末,1,1
广州 一模,1,1
广州 专题,2,1
广州 中考物理2026,1,1
广州 二模 2026,1,1
广州 八年级上 语文,1,1
广州 八年级上 语文期中,1,1
广州 八年级上 语文期末,1,1
广州113中,1,1
广州2025年,1,1
广州2025年中考,1,1
广州2026中考化学卷,1,1
广州2026中考语文,2,1
广州2026初中中考化学卷,1,1
广州2026历史一模,1,1
广州2026年中考,3,1
广州2026年中考真题,7,1
广州2026适应性测试,2,1
广州2026适应性考试初中,1,1
广州一模化学,1,1
广州一模日语,2,1
广州一模日语2026,2,1
广州一模语文,2,1
广州七下英语期末,1,1
广州七年级下册数学天河区,2,1
广州七年级下册语文期末十六中,1,1
广州中学七年级期中,1,1
广州中考2023,1,1
广州中考2025,1,1
广州中考2025英语,1,1
广州中考2026化学,2,1
广州中考2026数学,2,1
广州中考2026试卷,4,1
广州中考中考模拟卷数学,1,1
广州中考数学10年真题合集,1,1
广州中考数学2026,1,1
广州中考数学2026真题卷,2,1
广州中考模拟卷数学,1,1
广州中考的2026化学,5,1
广州中考真题,1,1
广州中考考,3,1
广州中考英语,1,1
广州中考英语作文,1,1
广州中考英语听力,4,1
广州中考试卷2026,1,1
广州中考语文,2,1
广州中考语文 试卷 2026,2,1
广州中考语文真题,4,1
广州中考近五年真题,1,1
广州中考适应性考试,1,1
广州中考适应性考试英语,1,1
广州中考适应性考试语文,1,1
广州二中,1,1
广州二中中考模拟卷数学,1,1
广州二模语文,2,1
广州八上期末试卷,4,1
广州八上英语,2,1
广州八上语文,1,1
广州八区联考高一下,1,1
广州八区联考高二下期末,1,1
广州八年级上册语文十六中,1,1
广州八年级上册语文期中,1,1
广州八年级上册语文越秀区,2,1
广州六中从化,1,1
广州六中连州实验中学,3,1
广州六十五中,1,1
广州初二语文期末,5,1
广州十六中,4,1
广州十六中八年级上册语文期中,1,1
广州华南师大附中,1,1
广州华附,2,1
广州南沙九上数学,1,1
广州南沙九上数学期中,2,1
广州历史,2,1
广州名校联盟2026届高三2月英语,3,1
广州四下人教数学期末,1,1
广州地理,1,1
广州外国语学校,2,1
广州外国语学校九上期中数学,2,1
广州外国语学校八下期中物理,1,1
广州外国语学校附属学校,2,1
广州大学附属东江中学,2,1
广州天河区2024-2025八下期末物理试卷,1,1
广州小学五年级下册语文,2,1
广州市2020年语文中考,2,1
广州市2025届普通高中毕业班摸底考试,1,1
广州市2025届普通高中毕业班摸底考试数学,1,1
广州市2026届初三毕业班适应性测试,1,1
广州市2026届高三数学12月调研考,2,1
广州市2026届高三数学调研考,1,1
广州市2026届高考数学零模,2,1
广州市2026年语文三模,3,1
广州市2026年语文中考,2,1
广州市97中学,2,1
广州市9区统考,3,1
广州市9月份,1,1
广州市9月份高三,2,1
广州市七年级花都区期末,2,1
广州市三校2026年高一下学期7月期末物理试题答案,2,1
广州市中考,7,1
广州市中考数学试卷2026,1,1
广州市中考真题,3,1
广州市中考真题2026,1,1
广州市中考真题数学2026,1,1
广州市中考花都区数学试卷2026,1,1
广州市五年级下册,1,1
广州市从化区七年级,9,1
广州市全囯1卷,2,1
广州市八年级上册,1,1
广州市八年级上册数学,4,1
广州市八年级上册第一单元,1,1
广州市八年级数学,3,1
广州市六十六中,1,1
广州市六年级下数学,1,1
广州市南沙区2025年，九年级上册化学期中考试,3,1
广州市南沙区八年级数学下册数学期末考试卷,1,1
广州市增城区2025初一下册,2,1
广州市天河区,1,1
广州市天河区2025-2026学年第二学期学业水平调研高一,2,1
广州市天河区五年级数学下册期末考试检测,2,1
广州市天河区六年级数学下册期末考试检测,1,1
广州市天河区初一英语,1,1
广州市天河区高一期末2026历史,1,1
广州市天河区高一期末2026政治,1,1
广州市广雅中学,1,1
广州市执信中学,4,1
广州市普通高中毕业班,1,1
广州市普通高中毕业班综合测试,1,1
广州市普通高中毕业班综合测试三,1,1
广州市海珠区,3,1
广州市海珠区8年级上2024-2025英语期末试卷,7,1
广州市海珠区8年级上2024-2025英语期末试卷答案卷,1,1
广州市海珠区8年级上2024英语期末试卷答案卷,2,1
广州市番禺区2025~2026学年八下期末数学试卷,1,1
广州市番禺区2025~2026学年八下期末试卷,1,1
广州市番禺区2025~2026学年期末试卷,1,1
广州市番禺区七下数学期末,2,1
广州市番禺区九年级中考,2,1
广州市番禺区九年级化学中考,1,1
广州市番禺区八下历史期末,1,1
广州市番禺区广州第二师范学院,2,1
广州市番禺区高一下数学期末,2,1
广州市白云区,1,1
广州市白云区2023年到2024年数学九年级上册,1,1
广州市白云区六年级月考,1,1
广州市白云区六年级第一次,2,1
广州市白云区六年级第二次,1,1
广州市白云区高一,4,1
广州市白云区高一下,1,1
广州市白云区高三第一次,1,1
广州市白云区高三第一次摸底考试,2,1
广州市白高一下期末八区,1,1
广州市省实越秀开学考,1,1
广州市真光中学,3,1
广州市真光中学高中,1,1
广州市第三中学,2,1
广州市第五中学,8,1
广州市第五中学高一上学期数学,2,1
广州市第六中学自招,1,1
广州市第六中学高一,1,1
广州市统考高一,1,1
广州市花都区七年级下册数学期末考试真题,6,1
广州市花都区八年级上册数学期末考试真题,1,1
广州市荔湾区八下数学期末卷,2,1
广州市越秀区2025 2026七下英语期未考试,1,1
广州市越秀区2025 2026八上英语期未考试,4,1
广州市越秀区2025-2026学年七年级语文期末调研参考资料,1,1
广州市越秀区2025年到2026年高一下期末调研数学试题,1,1
广州市越秀区8年级上2024-2025英语期末试卷,2,1
广州市越秀区数学期中测试,1,1
广州市铁一中学,1,1
广州市高一上期末八区,2,1
广州市高一下数学期末,1,1
广州市高一下期末,1,1
广州市高一下期末数学,6,1
广州市高一下海珠,3,1
广州市高一下物理海珠,2,1
广州市高一期末2026历史,1,1
广州市高三英语,2,1
广州市高二上学期期中试卷,2,1
广州市高二上学期期末试卷,1,1
广州市高二下2026期末考化学试卷,1,1
广州市高二数学下册期末考试,2,1
广州市高二期末,5,1
广州市黄埔七年级下册数学期末考试真题,3,1
广州市黄埔区2024 2025九年级义务教学质量监测,2,1
广州市黄埔区2024 2025九年级教学质量监测1,1,1
广州市黄埔区2026年八年级下学期期末卷,3,1
广州政治七年级,2,1
广州数学七下,1,1
广州普通高中毕业班综合测试二,1,1
广州期末试卷,2,1
广州期末高一上英语,1,1
广州沪教版初二上册长难句,4,1
广州沪教牛津版初二长难句解析,1,1
广州海珠区八上,2,1
广州理工学校,9,1
广州番禺区六年级毕业考,1,1
广州番禺物理高二期末,2,1
广州番禺高二期末,1,1
广州白云实验学校分班考试卷,13,1
广州省实高一,1,1
广州真光中学本部高一上期中期末月考真题,1,1
广州第七中学,2,1
广州第五中学,2,1
广州花都,1,1
广州花都广雅,3,1
广州花都广雅入学,1,1
广州花都广雅开学,1,1
广州花都花山中学,2,1
广州花雅,1,1
广州英语中考,1,1
广州英语中考真题,3,1
广州英语周测,1,1
广州语文二模,2,1
广州越秀高二下学期期末化学,1,1
广州适应性语文,1,1
广州阳光学业评价八下英语答案,2,1
广州高一上,3,1
广州高一下八区联考,1,1
广州高一下期末物理,1,1
广州高一下期末生物,5,1
广州高一五校联考,3,1
广州高一入学分班测语文真题,2,1
广州高一分班,1,1
广州高一古诗文,6,1
广州高一期末数学,2,1
广州高二下册物理期末试卷,2,1
广州高二下册英语期末试卷,1,1
广州高二下学期期末荔湾,1,1
广州高二下期末,1,1
广州高考历史,1,1
广州，联考,2,1
广文,2,1
广昌一中高一下化学试卷,1,1
广昌三中,2,1
广水市实验高级中学,1,1
广汉,2,1
广海中学,2,1
广西 韩清海,1,1
广西2025年高考题,2,1
广西2025至2026学年度上学期第一阶段素质评价,1,1
广西2025高考历史,1,1
广西2025高考地理,1,1
广西2026中考,1,1
广西2026年上半年高一学业水平合格性考试,6,1
广西2026年高考地理,6,1
广西2026高一期末考试下学期化学,3,1
广西2026高一期末考试下学期数学,3,1
广西2026高考,2,1
广西2026高考历史,2,1
广西5年级,1,1
广西7年级期中测试卷数学,4,1
广西七年级数学下,1,1
广西三年级下学期阶段检测,1,1
广西专用,3,1
广西专用五年级下册,7,1
广西九年级上册语文第一单元,2,1
广西九年级上册语文自主评估,1,1
广西九年级上学期期中,1,1
广西八年级下学期期末,2,1
广西八年级下学期阶段检测,1,1
广西八年级语文,1,1
广西六年级上学期阶段检测,2,1
广西六年级下学期期末,1,1
广西六年级下学期阶段检测,1,1
广西六年级全程检测,4,1
广西分班考小升初,1,1
广西化学高考真题,2,1
广西北海,3,1
广西北海七中2025年分班考试卷,4,1
广西北海高一上学期,1,1
广西北部湾中考英语真题听力,1,1
广西升学模考,1,1
广西单招真题,3,1
广西单招真题试卷,4,1
广西南宁,1,1
广西南宁三中,1,1
广西南宁三美学校,2,1
广西南宁三美学校阶段考试,7,1
广西南宁四十二期末,1,1
广西南宁市天桃中学2024-2025学年七年级下学期英语期末考试,1,1
广西南宁期末,4,1
广西南宁青秀区,2,1
广西南宁高一下学期期末,1,1
广西历史高中总复习,4,1
广西四年级上学期期末,1,1
广西四年级下学期阶段检测,1,1
广西地生中考,6,1
广西壮族自治区桂林市2025-2026高一下册期末,2,1
广西壮族自治区联考2025-2026学 年高三上学期11月调研测试政治试题,2,1
广西壮族自治区联考2025-2026学 年高三上学期期中调研测试lis试题,1,1
广西壮族自治区联考2025-2026学 年高三上学期期中调研测试英语试题,3,1
广西大学附属中学开学,1,1
广西宾阳中学,2,1
广西宾阳中学入学,1,1
广西宾阳中学入学考,1,1
广西崇左市2025-2026学年高二下学期7月期末考试数学试题,3,1
广西崇左高一,1,1
广西师范大学出版社,5,1
广西教师公招,1,1
广西来宾市 一年级下册,2,1
广西来宾市八年级数学期末考试,1,1
广西柳州八年级语文,1,1
广西柳州市鱼峰区八上道法期中试卷,3,1
广西桂林2025-2026高一下学期期末语文试卷,2,1
广西桂林市2025-2026学年高二下学期期末质量检测,2,1
广西桂林市全州县2024—2025学年下学期八年级物理期中素养检测试题,1,1
广西桂林市国龙外国语学校2026年3月高考月考考,1,1
广西桂林题库组卷,2,1
广西桂林高中,4,1
广西梧州,2,1
广西梧州高级中学。高三9月摸底考。,3,1
广西民师院附中,2,1
广西河池市2025 2026学年春季学期高一期末数学,3,1
广西河池市2025 2026学年春季学期高一期末英语答案,1,1
广西河池市2025 2026学年高一期末物理,1,1
广西河池市四年级下册试卷,3,1
广西河池市天峨县四年级下册试卷,1,1
广西物理竞赛试题,1,1
广西物理竞赛试题及答案,1,1
广西物理高考真题2026,1,1
广西玉林三年级上册,3,1
广西玉林八年级上册月考,5,1
广西玉林期末卷,1,1
广西玉林高一数学课本。,2,1
广西玉林高中,1,1
广西玉林高二期期高二期末,7,1
广西环江八上,1,1
广西环江高中,1,1
广西生物高考真题,3,1
广西百色2026高一期末考试下学期数学,1,1
广西贵港中考2018,3,1
广西贵港市2026年春季学期期末七年级语文试题,4,1
广西贵港市2026年春季学期期末学科素养检测 二 高二年级语文试题,1,1
广西贵港市四年级下学期阶段检测,4,1
广西贵港桂平2026,2,1
广西贵港桂平市2024年高二下学期期末卷物理,2,1
广西贵港高一下学期期末历史,3,1
广西贺州市2025 2026学年高二下学期期末质量检测数学试题,3,1
广西钦州,4,1
广西钦州2026初一,1,1
广西钦州2026年期末考试数学,3,1
广西钦州市,1,1
广西钦州市2026年地理春期期末测试卷,1,1
广西钦州市2026年英语春期期末测试卷,1,1
广西钦州市六年级学期,1,1
广西钦州市数学初一下学期,3,1
广西钦州市生物初一下学期,2,1
广西钦州市第二中学,1,1
广西钦州市高一,1,1
广西阅读训练,2,1
广西防城港外国语学校七年级入学考试数学试,1,1
广西阶段检测,3,1
广西高 一 物理 1 章综合测试卷人教版,1,1
广西高一数学必修一导与练,1,1
广西高一物理,2,1
广西高一英语五年试题汇编,2,1
广西高一英语好题汇编,1,1
广西高一英语试题汇编,4,1
广西高二下学期期末答案,1,1
广西高等职业教育,2,1
广西高考,12,1
广西高考 2026真题,1,1
广西高考 2026高考真题,1,1
广西高考数学仿真卷,2,1
广西高考模拟卷,1,1
广西高考物理,1,1
广西高考物理基础题,2,1
广西高考生物,1,1
广西高考真题,2,1
广铁一中八下数学期中,1,1
广铁一中番禺区,1,1
广附三校期末物理,2,1
广附三校期末生物,1,1
广雅中学中升高入学考试 考试,1,1
广雅中学高一入学考试 考试,1,1
广雅中学高一分班入学考试 考试,1,1
广雅中学高一语文期末,2,1
广雅中学高中入学考试 考试,1,1
广雅中学高中分班入学考试 考试,1,1
广雅二中,1,1
广雅入学,1,1
广雅分班测,3,1
广雅课程学习能力评估,1,1
广雅高一分班考,1,1
广饶一中,1,1
广饶一中高二历史期末,4,1
广饶县实验中学试卷,2,1
庄河,1,1
庄河市八年级下册数学期末考试卷,1,1
庄浪三中2025年,2,1
庄浪三中2025年期末,1,1
庄浪县2023年,1,1
庄浪县2025年9年级,1,1
庄浪县2025年9年级上学期期末,1,1
庄浪县2025年八年级质量监测试卷,5,1
庄浪县2025年小学毕业年级学科质量测试题,2,1
庄浪县2025年质量监测试卷,2,1
庄浪县2026年八年级质量监测试卷,8,1
庄浪县2026高二,1,1
庄浪县2026高二期末,1,1
庆云县物理八年级下册2026期末,1,1
庆威物理,1,1
庆安初级中学,3,1
庆阳市环县,3,1
庐江一中筱湘班考试,2,1
庐江中学,3,1
庐江中学筱湘班,2,1
庐江九年级数学上,2,1
庐江二中航天班试卷,3,1
庐江二中航天班选拔试卷,1,1
庐江二中高一航天班选拔试卷,1,1
庐江县2022~2023学年度第一学期期中教学质量抽测高二历史试题安徽省合肥市庐江县,3,1
庐江县2022~2023学年度第一学期期中教学质量抽测高二地理试题安徽省合肥市庐江县,7,1
庐江县2022~2023学年度第一学期期中教学质量抽测高二政治试题安徽省合肥市庐江县,2,1
庐江县学年度第一学期期中教学质量抽测高二历史试题安徽省合肥市庐江县,3,1
庐江县江南十校学年度第一学期期中教学质量抽测高二历史试题安徽省合肥市庐江县,1,1
庐江高三上,2,1
庐江高三开学考,1,1
庐江高二下期末语文,1,1
庐江高二期末数学,2,1
庐阳,1,1
庐阳中学,2,1
库仑定律 必修三专题,2,1
库仑定律人教版练习题,4,1
库仑定律人教题,4,1
库仑定律和场强,1,1
库仑定律的应用,2,1
库尔勒,3,1
库车二中高一数学卷子,1,1
应城,1,1
应城一中,4,1
应城市八年级下册数学期未,1,1
应用提升,2,1
应用文写作,7,1
应用文提升专项,2,1
应用题 100题,1,1
应用题 100题一年级下,2,1
应用题排序,1,1
应用题排队,3,1
店铺运营,2,1
府谷,4,1
庞中华字帖,1,1
康平三中,1,1
康德,5,1
康德 2025重庆高一下期末,1,1
康德 高一期末,1,1
康德2026高一下册期末,1,1
康德2026高一下册期末重庆,2,1
康德卷 高一,1,1
康德卷2026重庆化学,2,1
康德语文,1,1
康杰中学,1,1
廉江市实验学校初一,2,1
廊坊分班考,1,1
廊坊大城县七下期末测试卷,2,1
廊坊市广阳区2025-2026八年级上册期中物理试卷,2,1
廊坊市第六中学,5,1
廊坊恒源,1,1
廊坊期末,1,1
廊坊联衡,1,1
延二高二下期末,1,1
延吉市一中,2,1
延吉市第一高级中学,1,1
延吉市第一高级中学高一,2,1
延吉市第一高级中学高二期末语文,6,1
延吉市第三中学,2,1
延吉市第三高级中学,1,1
延安,1,1
延安2026,5,1
延安东辰高级中学,2,1
延安东辰高级中学初一试卷,2,1
延安市,1,1
延安市七年级下册数学,1,1
延安市七年级下册数学第一次月考,2,1
延安市洛川县2026英语山旅版期末考试题,2,1
延安市洛川县凤栖中学,1,1
延安新区高级中学,1,1
延安新区高级中学高三,1,1
延安新区高级中学高三2025五校联考试卷,6,1
延安新高2025五校联考试卷,2,1
延安新高高三2025五校联考试卷,2,1
延安洛川中学,1,1
延庆,1,1
延庆区 数学期末,3,1
延庆区2026第二学期期中语文,1,1
延边,1,1
延边二中best,5,1
延边二中高一下数学,2,1
延边二中高一下期末数学,2,1
延边二中高一下期末物理,1,1
延边二中高一下期末生物,4,1
延边二中高一下期末英语,1,1
延边二中高一下期末语文,3,1
延边州,1,1
延边州0模,3,1
延边州九校联考数学试题 高一下,1,1
延边州九校联考物理试题 高一下,3,1
延边州统考,2,1
延边州高三开学考,13,1
建功中学分班,5,1
建功中学学情调查,2,1
建功中学新生学情调查,1,1
建始县民族小学,2,1
建安区第三高级中学,6,1
建平世纪中学,9,1
建平中学英语,2,1
建平中学高三摸底考试,1,1
建平县中考数学2026,1,1
建平县数学中考2026,2,1
建平县第二高级中学,2,1
建平县高中2024-2025学年度第二学期期末考试高二英语,1,1
建平县高级中学,1,1
建昌县高中期末考试,1,1
建港中学,2,1
建瓯,1,1
建瓯一中,2,1
建系法解几何题,3,1
建设初级中学,1,1
建设美丽中国,2,1
建邺区,2,1
建阳九上化学期中,2,1
开业考,1,1
开元 第一次月考,1,1
开原,1,1
开原二高中,1,1
开原市,1,1
开原市第二高级中学,3,1
开原市高级中学,2,1
开原第一学期期末学业水平测试,1,1
开原高一期末,2,1
开大附中,1,1
开学 第一课,1,1
开学分班考高一,1,1
开学广雅,1,1
开学摸底考,2,1
开学暑假检测卷,2,1
开学检测,1,1
开学江门广雅,3,1
开学测七年级,1,1
开学测试题,2,1
开学考 分班考 东直门中学,2,1
开学考 分班考 高一湖南,1,1
开学考 分班考 高一湖南师大附中,1,1
开学考 分班考 高一湖南永州四中,2,1
开学考 分班考 高一辽宁育才,1,1
开学考 分班考 高一雅礼,1,1
开学考 分班考七年级,1,1
开学考 红岭,2,1
开学考2025-2025,1,1
开学考2025-2026,3,1
开学考九年级,2,1
开学考八年级下册,2,1
开学考初三婺外,1,1
开学考摸底考试,6,1
开学考浦城一中,2,1
开学考湖南师大附中,1,1
开学考的题目,2,1
开学考试分班考,2,1
开学考试初一,3,1
开学考试初一第一学期,1,1
开学考试卷,1,1
开学考试英语试题,1,1
开学考高一,1,1
开学考高一数学,1,1
开学考高二,1,1
开学考高二上,1,1
开学考高二上学期,1,1
开学考高二上数学,2,1
开学高三,2,1
开封市2026年初中学业水平测试第二次模拟英语试卷,2,1
开封武校2025到2026学年下学期期末考试，高二英语,2,1
开封金明中学,3,1
开封高级中学,4,1
开州区2025 2026学年度下八年级期末综合检测,2,1
开州区2025高一期末,1,1
开州区2025～2026学年度（下）七年级期末质量监测历史,1,1
开州区九年级上册数学,2,1
开州区六年级下册语文期末考试,3,1
开平区期末考试卷,1,1
开平方解一元二次方程,13,1
开平期末考试卷,2,1
开放性,1,1
开放性探究题,3,1
开普勒第二定律,4,1
开水重新沸腾实验演示,1,1
开江县2025年小升初数学试卷,1,1
开江县2025年小升初语文试卷,1,1
开江县2026年小升初语文试卷,3,1
开福区立信中学期中,1,1
开远市,2,1
开远市期中,5,1
开门,2,1
开鲁一中,2,1
弋阳县第一中学,1,1
弘毅中学,1,1
弘远高中,3,1
张中2025考试题,1,1
张俊波,1,1
张动量守恒定律章节测试卷基础版2026到2027学年高二上学期物理人教版选张动量守恒定律章节测试卷基础版2026到2027学年高二上学期物理人教版选,1,1
张北一中,1,1
张北县八年级上学期末,4,1
张北县八年级上学期末数学,1,1
张北县八年级上学期第一次月考数学,3,1
张北县第一中学,2,1
张北第一中学,2,1
张垣联盟高二河北2025 2026期末,2,1
张家口2025新高一开学测,1,1
张家口六年级上册期中,1,1
张家口六年级上册期中调研考试,1,1
张家口四中,2,1
张家口市2023到2024学年度第二学期高二年级期末教学质量检测,1,1
张家口市2025到2026学年度第一学期高三年级期末教学质量检测,2,1
张家口市2026,1,1
张家口市2026期末,1,1
张家口市7月高二期末巩固训练生物,1,1
张家口市实验中学2026年物理期末考试卷,1,1
张家口市实验中学七年级,2,1
张家口市期末,1,1
张家口市桥西区2024-2025学年度第二学期期末七年级英语作业质量检测,1,1
张家口市桥西区十九中,6,1
张家口市第四中学期末考试,2,1
张家口市高二下学期期末化学,3,1
张家口市高二下学期期末数学,1,1
张家口市高二下学期期末物理,2,1
张家口市高二下学期期末生物,2,1
张家口市高二下学期期末英语,2,1
张家口部分学校,2,1
张家口高一上期中化学,21,1
张家口高一上期末化学,1,1
张家港,3,1
张家界市2023年数学联考试卷,1,1
张家界市2023年普通高中一年级第一学期期末联考数学真题,2,1
张家界市2025年普通高中一年级第二学期期末联考,1,1
张家界市2025年普通高中一年级第二学期期末联考英语真题,1,1
张家界市2026年普通高中二年级第二学期期末联考,2,1
张家界市一中,1,1
张家界永定区2023年高一上学期数学期末联考试卷,1,1
张店九年级上册数学期末,1,1
张店九年级数学期末,1,1
张店区2024~2025数学八年级上册期末,2,1
张掖中学期末联考卷,2,1
张敬腾英语八年级听力限时训练test13答案,2,1
张槎初一语文第三单元试卷,1,1
张江集团,3,1
张江集团校,2,1
张老师数学,1,1
张鹏,3,1
弥勒,1,1
弱电解质的电离,7,1
弱电解质的电离练习,1,1
弹力摩擦力,1,1
弹簧 2026专题复习,1,1
弹簧与简谐运动,1,1
弹簧连接体,1,1
强 基 2 0 2 6 年,6,1
强化班,1,1
强基专项,1,1
强基数学专项,2,1
强基物理,1,1
强基班考试题目,1,1
强基自主招生试卷,1,1
强基英语,1,1
强基计划数学上海,1,1
强基计划物理,2,1
强基计划面试,1,1
强基计划高一数学,4,1
强基语文,1,1
强基选拔数学化学逻辑连习题,5,1
强调句,1,1
归园田居其一,1,1
归园田居其一理解性默写,5,1
归园田居理解性默写,1,1
归纳分析整合材料文本信息,2,1
归纳初一到初二物理的中考题,1,1
归纳初一到初二的中考题,2,1
当代中学生报核心突破 二十七,1,1
当代中学生报核心突破 二十八,1,1
当代中学生报高二选择性必修第四册 英语 RB春季报纸试卷核心突破25-28,1,1
当动量守恒定律章节测试卷基础版2026到2027学年高二上学期，物理人教版选修。,1,1
当涂一中数学高二上学期9月初开学摸底考A10联盟,1,1
当涂一中高一下开学考试卷,1,1
当涂一中高二上学期9月初开学摸底考A10联盟,1,1
当涂一中高二开学考,4,1
当涂一中高二开学考A10联盟,2,1
当涂第一中学开学考试卷,1,1
当阳一中,5,1
当阳七年级上册期末试卷,1,1
当阳七年级期末试卷,1,1
录音,1,1
录音 单词 课文音频,1,1
形容词 比较级和最高级,2,1
形式相近的单词,1,1
形近,1,1
形近词,1,1
彩虹初中北师大版物理第一次月考,1,1
彩虹物理第一次月考,3,1
彩虹高一10月第一次月考,1,1
彩虹高一月考第一次月考,2,1
彩虹高中高一月考,2,1
彬州市公刘小学,2,1
彭阳县第一中学,1,1
彰武县,1,1
影响化学平衡因素,5,1
彼得.波知识点,1,1
往届家长分享市一中分班考回忆版大题、高频错题；,1,1
往届英语作文实例,1,1
往年英语高考真题,2,1
徐州 小升初分班考试,1,1
徐州2025贾汪一模物理,1,1
徐州一中,2,1
徐州七年级上册数学期末,4,1
徐州七年级上册期中试卷,1,1
徐州三中,1,1
徐州中学,2,1
徐州中考,1,1
徐州中考地生2026,1,1
徐州中考物理,1,1
徐州二十九中,2,1
徐州二十六中分班考数学,1,1
徐州二十六中分班考英语,5,1
徐州二十六中分班考语文,1,1
徐州八上生物期中试卷,3,1
徐州八上语文期中试卷,1,1
徐州八年级上册数学期末,1,1
徐州六年级下册英语月考,4,1
徐州分班,1,1
徐州初一新生分班考试卷,1,1
徐州初一新生学情调研试卷试卷,1,1
徐州历史中考,3,1
徐州地理中考,9,1
徐州市,1,1
徐州市 2026中考,1,1
徐州市2024中考数学真题,1,1
徐州市2024年八年级下册英语,1,1
徐州市2025中考数学,1,1
徐州市2025中考数学真题,2,1
徐州市2025年6月高二学期教学质量检测试卷地理,1,1
徐州市2025年八年级下册英语,6,1
徐州市一中,1,1
徐州市大黄山中学,6,1
徐州市沛县八上期末,3,1
徐州市泉山经济开发区实验学校,4,1
徐州市第一中学,7,1
徐州市第七中学,2,1
徐州市铜山区第一中学高二上学期第一次月考物理学科,2,1
徐州市高二上学期数学期中考试试卷,2,1
徐州市高二上学期期末考试试卷,1,1
徐州新高一分班数学卷,9,1
徐州期中,2,1
徐州期末,3,1
徐州树德,1,1
徐州物理中考,4,1
徐州物理高一上,2,1
徐州生物中考,2,1
徐州睢宁 小升初分班考试,2,1
徐州睢宁 小升初分班考试 苏教版,1,1
徐州第一中学,1,1
徐州铜山区八年级上册数学,3,1
徐州铜山区八年级上册物理,4,1
徐州铜山区第一中学高一,3,1
徐州高一上学期物理第一次月考,2,1
徐州高一分班考试,1,1
徐州高一期中数学,3,1
徐州高一期末数学,1,1
徐州高一期末语文,1,1
徐州高三一检,2,1
徐州高三一模,1,1
徐州高二上年级学情调研物理试卷,1,1
徐州高二年级学情调研物理试卷,2,1
徐州高二期中,2,1
徐州高二期中数学,2,1
徐州高二期末地理,1,1
徐汇,1,1
徐汇一模,5,1
徐汇区,2,1
徐闻县第二中学,3,1
徐闻梅溪中学,1,1
得材作者,3,1
循化县2026年,2,1
微山一中2026高一期末,1,1
微山路,2,1
微课,2,1
微课堂,2,1
徳州,1,1
德凊二中,1,1
德化县,6,1
德化县高一,2,1
德宏一中,3,1
德宏州2026七年级下册期末卷,2,1
德宏州2026年春季学期义务教育质量监测八年级下学期语文,1,1
德宏州民族一中期末,2,1
德州 2024 2025 高一 期末,2,1
德州 2026高二下学期期末,2,1
德州10中月考,1,1
德州2025 2026高二期末下学期英语试题,1,1
德州2026高二期末,3,1
德州一中自主招生数学历年真题,2,1
德州七中住宿班考试,1,1
德州上学期九年级物理第一次月考,1,1
德州中考,3,1
德州中考2026真题,1,1
德州中考听力,1,1
德州中考英语,1,1
德州九中七年级物理第一次月考,1,1
德州九中八年级上册期中考试,1,1
德州六下,1,1
德州十中,3,1
德州十中2025~2026期中考试,1,1
德州十中八年级10月份第1次月考,8,1
德州十中月考,1,1
德州地理高二,1,1
德州市2025-2026学年高一下数学试题期末,1,1
德州市2025年高三上学期月考物理,2,1
德州市2026年高二下期末考试,2,1
德州市2026高二下期末考试,1,1
德州市七年级下册语文期末考试卷,20,1
德州市中考英语试题,2,1
德州市临邑县第一中学高一政治题,1,1
德州市临邑县高一政治题,1,1
德州市九中九年级物理第一次月考,2,1
德州市夏津一中,1,1
德州市夏津一中高一,1,1
德州市德城区八年级期中考试,2,1
德州市期末考试地理答案,1,1
德州市第九中学七年级,1,1
德州市第九中学九年级物理第一次月考,2,1
德州市第九中学物理第一次月考,3,1
德州市第五中学物理第一次月考,1,1
德州市第十中学,5,1
德州市第十中学七年级物理第一次月考,1,1
德州市第十中学第一学期七年级物理第一次月考,1,1
德州市陵城一中,1,1
德州市陵城区第一中学,3,1
德州市陵城区自招试卷,4,1
德州市高一下学期期末数学试题2026学年,2,1
德州市高一下期末,1,1
德州市高三数学,2,1
德州市高三数学上学期,1,1
德州市高三数学上学期开学考,3,1
德州市高二期末考试,1,1
德州庆云县,1,1
德州开学,1,1
德州德州市六下,1,1
德州德州市开发区六下,1,1
德州日语,1,1
德州生物会考题,1,1
德州第一次月考高二上学期数学,1,1
德州第九中学八年级英语第1次月考,1,1
德州第十中学八年级英语第1次月考,3,1
德州英语期末高二,3,1
德州语文期末高二,2,1
德州高一上联考,2,1
德州高一下期末,1,1
德州高一期末,2,1
德州高一期末生物,2,1
德州高二上月考,3,1
德州高二上期中,6,1
德强 2025 2026,1,1
德强化学高一期末,1,1
德强英语六下期末考试卷,1,1
德强英语高一下期末考试卷,1,1
德强高一下学期期末生物,2,1
德强高二下学期期末,7,1
德强高级中学高一语文,1,1
德强高级中学高一语文月考,2,1
德惠市实验,1,1
德惠市实验中学期末考试卷子,1,1
德惠市实验中学高一上学期数学第一次月考,5,1
德惠市实验高级中学,2,1
德摩根定律,4,1
德昌八上数学期中,1,1
德智中学期末考试卷,1,1
德胜中学,2,1
德阳 1 诊,1,1
德阳一中,2,1
德阳一中九上数学月考,1,1
德阳一中高一月考数学,1,1
德阳一诊,1,1
德阳一诊2025届,1,1
德阳七年级下册,2,1
德阳中学物理,2,1
德阳中考,3,1
德阳中考2026,2,1
德阳中考数学2026,1,1
德阳二中九上数学月考,3,1
德阳初一上册英语,1,1
德阳初一下册英语,7,1
德阳初三英语,1,1
德阳初二上册册英语,2,1
德阳初二上册英语,14,1
德阳化学高一,2,1
德阳天立,1,1
德阳天立清北班,1,1
德阳天立清北班招生考试,2,1
德阳市2025年春期七年级下册期末考试,23,1
德阳市2026年中考题,1,1
德阳市分班考,2,1
德阳英语初二上册,1,1
徽六校教育研究会2025开学联考,2,1
心怀,4,1
心理,1,1
心田花开,1,1
心田花开高一语文,1,1
心算,1,1
必修 一,1,1
必修 一化学,1,1
必修 一必背知识点,2,1
必修 一生物必背知识点河北,1,1
必修 一英语词组背诵,1,1
必修 上册 16篇 必背古诗文理解性默写,5,1
必修1函数,1,1
必修1函数 专项考卷,1,1
必修1第1单元看英语写汉译,1,1
必修2数学人教a版答案,1,1
必修2生物课本,5,1
必修3 第一单元,1,1
必修一 二语法填空,1,1
必修一 名篇佳句默写,2,1
必修一 期末必备清单,1,1
必修一 第一章 数学,1,1
必修一 第一章 第一节,1,1
必修一 第一章 运动的描述,4,1
必修一 第一章 集合与常用逻辑用语,1,1
必修一+必修二填空版知识点汇总,1,1
必修一不等式自测,1,1
必修一中国特色社会主义 易错易混,1,1
必修一中国特色社会主义 易错易混 期末复习,1,1
必修一中国特色社会主义易错易患期末复习,2,1
必修一中国特色社会主义易错易混期末复习,3,1
必修一二,1,1
必修一二历史人教版试卷,2,1
必修一二数学,3,1
必修一到必修三完型,1,1
必修一到必修三完型填空,1,1
必修一化学基础,3,1
必修一化学必备知识点归纳总结,1,1
必修一化学期末考试,2,1
必修一化学第一章,1,1
必修一化学第一章试卷,1,1
必修一化学试卷,2,1
必修一化学重难点总结,2,1
必修一化学题,1,1
必修一单词人教,2,1
必修一单词人教1-5单元,1,1
必修一卷,2,1
必修一各科期中,2,1
必修一名著,1,1
必修一名著资料,1,1
必修一地理第四章检测卷,2,1
必修一外研版英语单词默写表,2,1
必修一必修二基础题,1,1
必修一必修二复习卷,2,1
必修一政治卷期末,1,1
必修一政治大题,2,1
必修一数学前两章,1,1
必修一数学压轴题,2,1
必修一数学第一，二章,2,1
必修一数学第三章,1,1
必修一月考天津,1,1
必修一月考天津英语,2,1
必修一物理测试,2,1
必修一物理测试题,8,1
必修一物理课后习题,1,1
必修一物理课本,5,1
必修一生物,4,1
必修一生物 测试卷,2,1
必修一生物课件,1,1
必修一第一册地理第1单元测试,2,1
必修一第一单元,1,1
必修一第一单元化学测试卷,2,1
必修一第一单元化数学测试卷,1,1
必修一第一单元数学测试卷,1,1
必修一第一单元测试卷,2,1
必修一第一章 单元测试,6,1
必修一第一章物质的量 第二章化学物质及其变化 单元基础测试卷,1,1
必修一第三章,2,1
必修一第二章单元测试,1,1
必修一第二章物理单元测试,1,1
必修一第二章物理单元测试人教版,3,1
必修一综合卷数学,5,1
必修一苏教版化学专题三第2单元试题卷,3,1
必修一苏教版数学第6单元函数练习卷,1,1
必修一苏教版数学第6章函数练习卷,2,1
必修一英语,1,1
必修一英语单词 背默写清单,3,1
必修一英语单词默写,1,1
必修一英语译林版,1,1
必修一英语阅读+语填+完型+七选五习题50道,3,1
必修一英语阅读理解,1,1
必修一英语阅读理解天津,1,1
必修一语文必备古诗文默写汇总,1,1
必修一语文必背古诗,1,1
必修一语文必背古诗上册,2,1
必修一语文必背古诗文翻译,3,1
必修一语法填空,1,1
必修一默写,1,1
必修三 电子的能量,1,1
必修三 静电场中能量,1,1
必修三 静电场的能量,1,1
必修三units3自测卷,5,1
必修三化学,1,1
必修三广东物理,2,1
必修三广东物理练习,1,1
必修三政治,3,1
必修三政治与法治,5,1
必修三政治与法治电子书,1,1
必修三政治试卷,2,1
必修三物理,1,1
必修三物理学案,1,1
必修三物理电流课时题,2,1
必修三电磁感应,1,1
必修三电表改装专题,5,1
必修三第九章知识点,4,1
必修三英语A册听力,1,1
必修三英语人教版电子课本,1,1
必修三英语单词讲解,1,1
必修三英语第3单元自测卷,1,1
必修三英语课课练,1,1
必修三课本词汇表,1,1
必修上册文言文知识清单,1,1
必修上名篇佳句默写,1,1
必修上教材文言文逐篇过关训练挖空练习加句子翻译加实词虚词加情景默写,3,1
必修上语文名篇佳句默写,2,1
必修上语文必备古诗文默写汇总,1,1
必修上语文课本,2,1
必修下册地理大题练习,1,1
必修下册语文挖空背默,2,1
必修下册语文课内文言文意思挖空,1,1
必修下册语文课内文言文挖空,2,1
必修下名篇佳句默写,1,1
必修下文言文,1,1
必修下文言文复习,1,1
必修下文言文知识清单,2,1
必修二 状元桥,1,1
必修二 第一章 抛体运动,2,1
必修二人教版数学基础巩固,1,1
必修二功和功率,1,1
必修二化学方程式必考方程默写,3,1
必修二化学期末复习,1,1
必修二化学期末考试,1,1
必修二化学第8章测试卷,1,1
必修二化学陇南,6,1
必修二地理,1,1
必修二政治 经济社会的思维导图,1,1
必修二数学,5,1
必修二数学几何试卷,1,1
必修二数学向量,1,1
必修二数学复习,2,1
必修二数学测试卷,1,1
必修二数学知识总结及列题,7,1
必修二数学试卷,1,1
必修二数学试卷单元卷,5,1
必修二期末试卷,1,1
必修二物理,1,1
必修二物理复习提高卷,2,1
必修二生物,2,1
必修二生物基础训练,1,1
必修二生物的进化提纲,4,1
必修二生物的进化知识点总结,1,1
必修二立体几何复习,2,1
必修二第一章,4,1
必修二练习题,1,1
必修二统计,2,1
必修二统计数学,1,1
必修二英语 状元桥,1,1
必修二英语Unit 2 状元桥,1,1
必修二英语Unit 2 状元桥基础词汇,1,1
必修二课本,1,1
必修四主观题,1,1
必修四主观题真题,1,1
必修四哲学与文化,1,1
必修四哲学与文化黑吉辽蒙,1,1
必修四政治选择题,5,1
必修四数学立体几何B版,2,1
必修教材文言文挖空训练及重点知识梳理,2,1
必修模块易百分,3,1
必修模块易百分英语,1,1
必修第一册重要知识点,1,1
必修第二册 期末基础综合检测卷（基础版）,1,1
必刷,2,1
必刷 题,2,1
必刷 题 2026,1,1
必刷 题 2026 电子版数学,3,1
必刷卷四,2,1
必刷考题,2,1
必刷诀,1,1
必刷题 2026,2,1
必刷题 2026电子版北师大版电子版数学,4,1
必刷题 2026电子版生物选择性必修一,2,1
必刷题 答案,1,1
必刷题2025英语,3,1
必刷题2025英语电子版,1,1
必刷题数学,4,1
必刷题数学九年级上册,1,1
必刷题英语,1,1
必刷题英语九年级上册,1,1
必刷题语文高二,1,1
必备2026必背古诗,5,1
必备古诗文72篇,1,1
必备素材,1,1
必背72篇,2,1
必背单词,2,1
必背古诗高考,1,1
必背方程式高中化学,1,1
必背知识点汇总,1,1
必要性,1,1
必要性探路,1,1
志远,1,1
忠县2024,1,1
快乐假期,4,1
快乐假期 张良聚,2,1
快乐假期 高二化学 张良聚,1,1
快乐接力营南方出出版社初二,8,1
快乐过暑假八年级2026,2,1
快学快会,4,1
快学快会西班牙语,1,1
快捷英语,1,1
忻州一中2025~2026学年第二学期高一期末试题,2,1
忻州一中历史,4,1
忻州一中政治,2,1
忻州一中高二期末考试卷数学,2,1
忻州市,1,1
忻州市26年八下期末考试题,3,1
忻州市八年级上册第一次月考,1,1
忻州市八年级上册第一阶段测试卷,3,1
忻州市期末,2,1
怀三角8年级上册期中考试。,1,1
怀仁一中,2,1
怀仁一中模拟,1,1
怀仁一中高二开始考试题,2,1
怀化2026年分班考模拟卷,1,1
怀化25高一下期末,1,1
怀化26高一下期末,2,1
怀化三中,1,1
怀化下学期期末考试高二,2,1
怀化中考,1,1
怀化分班考模拟卷,1,1
怀化初升高衔接卷,1,1
怀化天一,1,1
怀化天一高三,1,1
怀化市2026年,1,1
怀化市2026年初二数学,1,1
怀化市七年级上册期末试卷,3,1
怀化市七年级下册期末试卷,3,1
怀化市八年级上册期末试卷,5,1
怀化市八年级下册物理期末统考,2,1
怀化市数学.,2,1
怀化市新高一入学测试,1,1
怀化市期末,1,1
怀化市期末考试,9,1
怀化市第二中学,2,1
怀化市第二中学u,3,1
怀化市高一物理试卷,1,1
怀化新高一初升高衔接卷,5,1
怀文中学,2,1
怀来县,9,1
怀来县六年级期末,3,1
怀柔,2,1
怀远一中自主招生考试,1,1
怀远三中,2,1
怀集中学习,2,1
怀集县下帅,2,1
怀集县初一期末,1,1
怎么查试模试卷,1,1
思南中学,3,1
思南中学高一月考,2,1
思南中学高一月考数学,1,1
思想政治必修一,3,1
思想政治必修一选择题必刷,1,1
思想政治必修三第3单元全面依法治国素能测评,2,1
思想政治必修四背诵提纲,3,1
思想政治江苏卷,3,1
思想政治选必二第四课,2,1
思明区,1,1
思源实验学校,1,1
思維导图,1,1
思维 奥数,2,1
思维与运算,1,1
思维导图历史,3,1
思维导图必修三,1,1
思维导图生物,3,1
思维提升,2,1
思维构建,1,1
思维构建+知识盘点,1,1
思维的含义与特征,1,1
思维逻辑,2,1
思维题,2,1
怡海,1,1
怡海学校,3,1
性教育,1,1
怪兽林业职业技术大学,1,1
总复习,1,1
总复习手册答案,1,1
恒一资优生,1,1
恒力单棒模型,1,1
恒基九年级全一册细节巧练英语听读训练,1,1
恒基九年级全一册英语细解巧练，听力和默写小本,1,1
恒成立成立问题,2,1
恒成立问题,2,1
恒源,1,1
恒等变形,1,1
恩施八上,2,1
恩施八上第二章,1,1
恩施宣恩五年级下册期末试卷,1,1
恩施州2026年语文期末,6,1
恩施州高中教育联盟,2,1
恩施州高中教育联盟高二下学期,1,1
恩施市第二中学,2,1
恩施清外分班考,1,1
恩施清外小升初分班真题,3,1
恩施清江外国语学校分班考试,2,1
恩施高级中学,1,1
恩江中学,3,1
息县龙湖中学,3,1
息烽县第一中学,2,1
情态动词与虚拟语气,1,1
情态动词和虚拟语气,3,1
情感词汇,1,1
情景下方程式书写,1,1
情景题,1,1
惠一调,1,1
惠一调2026物理,1,1
惠东中学,2,1
惠东县,1,1
惠东县吉隆实验学校,2,1
惠东县四年级下册,6,1
惠东县小升初,2,1
惠东近三年六年级下层数学期末考试成绩,1,1
惠南,1,1
惠南中学,2,1
惠安一中,1,1
惠安县2024~2025学年度数学八年级上册期末,1,1
惠安县2025~2026学年度数学九年级上册期末,2,1
惠安县2025~2026学年度数学八年级上册期末,1,1
惠安县达利杯数学学科监测往年试题,1,1
惠安县达利杯高二数学,1,1
惠安县达利杯高二数学学科监测,1,1
惠安县达利杯高二数学学科监测往年试题,1,1
惠安徽合肥2026届高三第三次,1,1
惠安徽合肥2026届高三第三次教学质量检测,1,1
惠安第一中学,2,1
惠安高一去学考,1,1
惠安高一开学考,1,1
惠州2026高一数学,1,1
惠州2026高一数学期末考试,2,1
惠州2026高三下学期4,1,1
惠州一中七年级,1,1
惠州一中七年级上册,1,1
惠州一中七年级上册小升初,1,1
惠州一中七年级上册开学考,1,1
惠州一中九年级化学,6,1
惠州一中九年级化学期中,2,1
惠州一中九年级物理,1,1
惠州一中九年级物理期末,1,1
惠州一中初一,1,1
惠州一中小升初,1,1
惠州一中物理,3,1
惠州一中英语,1,1
惠州一中高三惠一模考试试卷,2,1
惠州一模,1,1
惠州七上英语期中,1,1
惠州七上英语期末,1,1
惠州七下期末,1,1
惠州九年级物理期末,4,1
惠州仲恺区试卷,1,1
惠州八上英语期中,1,1
惠州八下英语期末,4,1
惠州六下英语期末,2,1
惠州市 第一次调研考试,2,1
惠州市 第一次调研考试数学,3,1
惠州市2024到2025高一下期末联考,1,1
惠州市2025届高三第一次调研考试试题日语科目,1,1
惠州市2025届高三第二次调研考试,2,1
惠州市2025届高三第二次调研考试听力,1,1
惠州市2025年高一期末历史,1,1
惠州市2025年高一期末地理,3,1
惠州市2025年高一期末政治,2,1
惠州市2025年高一期末数学,4,1
惠州市2026届高三第一次调研考试,1,1
惠州市2026第一次调研考试英语试卷,1,1
惠州市2026高一下期末联考,1,1
惠州市2027届高三第一次调研考试,1,1
惠州市惠阳区,2,1
惠州市期末考数学,3,1
惠州市第一次调研,1,1
惠州市高二2026第一次调研考试历史试卷,1,1
惠州惠城区,1,1
惠州惠城区二模,1,1
惠州试卷,4,1
惠州高三第一次调,2,1
惠州高三第一次调研,1,1
惠州高二下学期期末,1,1
惠斯通电桥,4,1
惠来中考二模,1,1
惠来八年级,2,1
惠来县 2025 2026 学年 六年级 期末 质量监测,2,1
惠来县 2025 2026 学年二年级,1,1
惠来县 2025 2026 学年五年级,1,1
惠来慈云实验中学,2,1
惠来第一中学,2,1
惠民一中,1,1
惠民县 2024 年 七年级数学上册,2,1
惠民县四年级下册期末数学试卷,1,1
惠民县四年级英语,2,1
惠水,7,1
惠菲,1,1
惠阳区崇雅中学,2,1
感生电动势,1,1
慈吉,8,1
慈吉实验初中,1,1
慈吉校本练习,2,1
慈溪七上语文,3,1
慈溪中学物理,2,1
慈溪实验初中,3,1
慈溪市六年级考卷,1,1
慈溪市高一数学期末试卷,2,1
慈溪市高二期末,1,1
慈溪月考,1,1
慈溪期末考高一,1,1
慈溪期末考高一物理,1,1
慕联,2,1
戏剧,14,1
戏剧重庆,2,1
戏剧阅读,3,1
成人高考试卷,2,1
成人高考试卷高起专,1,1
成功特工,1,1
成华区,2,1
成对数据的统计分析,1,1
成成中学,3,1
成成中学高一分班考试题,4,1
成才之路,3,1
成才之路对数,1,1
成才之路总复习,1,1
成才之路数学北师大版第1章,2,1
成才之路数学必修一人教A,2,1
成才之路数学必修二,2,1
成武小升初语文试卷2020,3,1
成章,1,1
成绩查询入口,2,1
成语填空专项练习,1,1
成语的理解与运用,2,1
成都 0 023高二零诊,2,1
成都 0诊 数学,1,1
成都 0诊 数学高中,1,1
成都 2025～2026,1,1
成都 一诊 2026,1,1
成都 七中 027高三0模,1,1
成都 七中0 026高三,1,1
成都 七中0 026高三 零诊,1,1
成都 七中0 026高三 零诊英语,1,1
成都 七中林荫,1,1
成都 第七中学,1,1
成都0诊七中,1,1
成都0诊七中好二,1,1
成都0诊七中高二,2,1
成都0诊七中高二下地理,1,1
成都0诊七中高二地理,1,1
成都0诊数学,2,1
成都0诊英语,1,1
成都2022高考,2,1
成都2023级高中毕业班第一次诊断性检测,5,1
成都2025 2026高一下期期末数学,2,1
成都2025-2026数学模拟一诊,2,1
成都2025中考数学真题卷,1,1
成都2025年小学五年级数学期末考试试卷,2,1
成都2025高一下定时练习,2,1
成都2026中考数学,1,1
成都2026中考数学试卷,2,1
成都2026生物,2,1
成都2029会考,2,1
成都26年零诊,1,1
成都26年零诊英语,1,1
成都7中,2,1
成都7中小升初数学,2,1
成都7中高一必修一数学月考,1,1
成都7中高一月考,4,1
成都7中高三零模数学,2,1
成都一模,1,1
成都一诊语文,1,1
成都七上英语,4,1
成都七下英语,9,1
成都七中 10月月考,1,1
成都七中2025 2026学年高一下学期期末考试,2,1
成都七中2025 2026学年高一下学期考试,1,1
成都七中2025到2026高三下入学考试,1,1
成都七中2026高一下化学期末复习卷,2,1
成都七中2027届新高三零模,1,1
成都七中分班考,1,1
成都七中初中学校2025届八年级下期末数学,4,1
成都七中半期考试卷物理,2,1
成都七中林荫,1,1
成都七中林荫校区高中,3,1
成都七中生物,3,1
成都七中生物2025级,1,1
成都七中育才,2,1
成都七中高一上期末,1,1
成都七中高一下学期化学复习题,1,1
成都七中高一下期末卷,1,1
成都七中高一下期末卷英语,1,1
成都七中高一半期考试卷物理,1,1
成都七中高一月考,1,1
成都七中高中,1,1
成都七中高二,1,1
成都七中高二上月考,1,1
成都七中高二下期末,2,1
成都七中高二数学,1,1
成都七中高二数学上,4,1
成都专版九上月考,4,1
成都东辰外国语学校初升高招升考试,1,1
成都东辰外国语学校初升高招升考试试卷,1,1
成都中学,1,1
成都中考,2,1
成都中考数学,1,1
成都中考物理,2,1
成都九上数学第一月考,3,1
成都二模,1,1
成都二模 英语,1,1
成都八下物理期末试卷,2,1
成都八下英语锦江区,1,1
成都八年级下册语文,1,1
成都八年级下册语文金牛,1,1
成都列五,1,1
成都初一,2,1
成都初一分班考试题,2,1
成都初中八年级,2,1
成都初中英语语法 2026,1,1
成都初二数学压轴模型,4,1
成都化学九上预习,1,1
成都十八中,3,1
成都半期考试卷物理,1,1
成都四中,4,1
成都外国语2025 2026高二下零诊模拟,2,1
成都外国语学校,2,1
成都外国语学校高一期中考试化学卷。,4,1
成都市 2024级,1,1
成都市 2024级期末考,1,1
成都市 2024级期末考历史,1,1
成都市 2024级毕业班摸底考试,1,1
成都市 第七中学 高三下学期二诊模拟考试数学试卷,1,1
成都市 第七中学2026届高三下学期二诊模拟考试数学试卷,1,1
成都市2021级高中毕业班摸底测试数学理科,2,1
成都市2022-2023高中毕业班摸底测试数学理科,1,1
成都市2023级毕业班摸底测试,1,1
成都市2023级毕业班摸底考试,2,1
成都市2023级高三第三次模拟试题数学,1,1
成都市2023级高三第二次模拟试题数学,1,1
成都市2023级高中毕业班摸底测试,1,1
成都市2023级高中毕业班物理摸底测试,1,1
成都市2023级高中毕业班第一次诊断性检测,12,1
成都市2024,1,1
成都市2024期末,2,1
成都市2024级毕业班摸底测试,1,1
成都市2024级零诊考试,1,1
成都市2024级零诊考试英语,5,1
成都市2024级高二下学期定时练习,2,1
成都市2025年中考真题,1,1
成都市2025年语文中考真题,1,1
成都市2026届高三下学期定时练习,2,1
成都市2026届高三下学期定时练习数学试题,1,1
成都市2026届高中毕业班,2,1
成都市2026届高中毕业班第1次诊断性检测,3,1
成都市2026年中考真题,2,1
成都市2026高一下期末考试,1,1
成都市2026高三,1,1
成都市一年级数学,2,1
成都市七中,1,1
成都市下学期定时,1,1
成都市中考数学,2,1
成都市初中学业水平,2,1
成都市外国语学校高中20二四届零诊模拟,2,1
成都市成华区八下物理试卷,2,1
成都市成都七中育才开学分班考试试卷,3,1
成都市期末,3,1
成都市期末考试,1,1
成都市树德,1,1
成都市树德中学外地生自主招生试题,4,1
成都市玉林中学高三开学考试生物,2,1
成都市百强学校期末考试数学,1,1
成都市石室中学,2,1
成都市第七中学2025~2026高一下学期,1,1
成都市第七中学自主招生试题,1,1
成都市调研考试高一,8,1
成都市调考统考,1,1
成都市锦江区八下物理试卷,1,1
成都市青羊区八下试卷,2,1
成都市高一1下期期末统考数学,2,1
成都市高一1下期期末统考物理,2,1
成都市高一上入学考试,2,1
成都市高一上开学考试,2,1
成都市高一定时练习,2,1
成都市高一新生入学考试,3,1
成都市高三开学考试,1,1
成都市高三开学考试生物,3,1
成都市高二下物理期末,2,1
成都市高二期末,2,1
成都师大一中,1,1
成都师大一中八上,2,1
成都师大一中麓山八年级上月考,3,1
成都师大一中麓山八年级上月考9月,2,1
成都师范学院,1,1
成都数学,1,1
成都数学中考,2,1
成都数学高二上学期期末考试,2,1
成都新高一上入学分班考试卷物理,3,1
成都新高一入学分班考试卷,4,1
成都新高一入学分班考试卷物理,1,1
成都新高一分班考试卷,1,1
成都新高一分班考试卷物理,2,1
成都是,1,1
成都月考,2,1
成都棠湖外国语学校,3,1
成都物理,1,1
成都物理中考,1,1
成都物理零诊,1,1
成都生物,1,1
成都石室,2,1
成都石室中学2024 2025高一下政治,1,1
成都石室中学26年,1,1
成都竞赛,1,1
成都第一次诊断性测试,1,1
成都第七中学高一下期半期考试,2,1
成都第七中学高一半期考试卷物理,1,1
成都第七中学高一语文,3,1
成都统考,2,1
成都绵阳,2,1
成都英语零诊,2,1
成都郫县,1,1
成都郫县四中,1,1
成都金牛区八年级下册语文,1,1
成都金牛区小升初择校考试,1,1
成都金牛区小升初择校考试数学试卷,2,1
成都零诊化学四川2024级,1,1
成都零诊数学,1,1
成都高2024级零诊,1,1
成都高2024级零诊数学,1,1
成都高一2025下期定时练习,1,1
成都高一上期半期考试卷物理,2,1
成都高一上期末考试,1,1
成都高一下期末数学,1,1
成都高一期末试卷,1,1
成都高一期末试卷物理,2,1
成都高三一诊语文,1,1
成都高二下期末,1,1
成都高二下零诊,2,1
成都高二定时练习2024,3,1
成都高二数学,2,1
成都高二期末,2,1
成都高二零诊,1,1
成都高新,1,1
成都高新区数学期末试卷,2,1
成都龙泉驿区物理,1,1
成都龙泉驿区零珍,1,1
我,1,1
我国传统文化,1,1
我国传统文化蕴含着丰富的化学知识,1,1
我想对你说,1,1
我是,1,1
我的世界,1,1
我的作业,1,1
我的成绩,2,1
我要 2025 年到 2026 年唐山市统考高一下册生物卷子。,1,1
我要免费的真题卷,1,1
我要搜索长沙一中的高一年级的数学学科的试卷有吗,2,1
我要的是葫芦,2,1
我醉兰亭,2,1
我需要一飞冲天八下历史课时作业本,1,1
战狼,1,1
截止到必修四数学,1,1
截长补短 倍长中线全等三角形,1,1
截长补短 全等三角形,1,1
截长补短模型,18,1
截面 高一立体几何截面专题,1,1
房县实验小学2024年到2025年六年级下册数学卷子,1,1
房山2024-2025 七年级下学期期末地理,2,1
房山区2024至2025学年度第一学期期末考试试卷七年级地理,2,1
房山区2024至2025学年度第一学期期末考试试卷七年级数学,1,1
房山区2024至2025学年度第学期期末考试试卷t七年级历史,1,1
房山区2025 2026学年度第二学期数学期末考试试卷,5,1
房山区2025至2026学年度第二学期期末考试试卷六年级语文,1,1
房山区八年级下学期期中,2,1
房山区高一下,4,1
房山月,1,1
房山期中,1,1
房山高一上数学期中,2,1
房山高一数学期中,1,1
所有格,6,1
所见,2,1
所见 学案,2,1
手拉手 模型,1,1
手拉手 模型八年级全等,2,1
手拉手模型,2,1
手拉手模型中考,1,1
手拉手模型的例题变式,2,1
扎兰屯九上,2,1
扎兰屯八下期末数学,4,1
扎兰屯市第七中学,2,1
打印机摩擦力专题,4,1
打开七彩学科网、学科网分别搜索关键词下载文档： ①2026陕?晋?青宁高考地理选择性考试真题（回忆版） ②2026年6月浙江选考地理试题 ③2026江苏高考地理真题 ④2026山东新高考地理真题,1,1
打点计时器 测加速度和瞬时速度专题,1,1
执信中学南沙,2,1
执信开学考,1,1
执信月考卷,2,1
扫描全能王,1,1
扫码英语试卷听力,1,1
扬中,1,1
扬中高级中学高一政治,1,1
扬大附中,1,1
扬大附中2025 2026学年度第二学期高一数学阶段练习二,1,1
扬大附中2025-2026学年度第二学期高一数学阶段练习二,1,1
扬大附中2025-2026学年度第二学期高一物理阶段练习一,1,1
扬大附中东部分校语文高二上学期第一次月考,2,1
扬大附中分班考试,1,1
扬子石化中国化学奥林匹克初赛,1,1
扬子石化中国化学奥林匹克初赛江苏,2,1
扬子石化中国化学奥林匹克复赛江苏,3,1
扬子石化化学竞赛复赛学习教案,4,1
扬子石化杯 2024年第38届中国化学奥林匹克 江苏赛区 初赛试卷,2,1
扬子石化杯 2025年第38届 江苏赛区复赛试卷,2,1
扬子石化杯复赛,1,1
扬子石化杯复赛试题,1,1
扬州 树人 八年级上 月考,1,1
扬州8上数学试卷第一次月考,1,1
扬州8上物理试卷期末,1,1
扬州8下物理试卷期末,1,1
扬州一模,2,1
扬州七上英语第一次月考,1,1
扬州七下期末历史,1,1
扬州七下期末地理,2,1
扬州七下期末数学,1,1
扬州七下期末生物,2,1
扬州七下期末英语,1,1
扬州七下期末语文,1,1
扬州七下期末道法,1,1
扬州专用,1,1
扬州中学文昌教育集团2025至2026学年第二学期期中考试试卷初二年级英语学科,1,1
扬州中学高一,2,1
扬州中学高一2425,2,1
扬州中学高一上学期,3,1
扬州中学高一上语文10月考卷,2,1
扬州中学高三,1,1
扬州中学高三开学考物理,1,1
扬州中考,1,1
扬州九上期中试卷数学,2,1
扬州九上期末数学,1,1
扬州九上期末考试卷数学,1,1
扬州九年级物理,1,1
扬州九年级物理月考,2,1
扬州八下期末历史,1,1
扬州八下期末数学,1,1
扬州八下期末物理,1,1
扬州八下期末英语,2,1
扬州八下期末语文,1,1
扬州八下期末道法,1,1
扬州初三英语,1,1
扬州初二英语,2,1
扬州历史2026七年级,1,1
扬州四校联考联考高一,1,1
扬州四校联考高一,1,1
扬州四联考高一,1,1
扬州大学附属中学高一10月,1,1
扬州大学附属中学高一地理,1,1
扬州小升初英语,1,1
扬州市20二六届高三第一次调研测试,1,1
扬州市一中,5,1
扬州市中学,2,1
扬州市八年级上册期末物理,4,1
扬州市扬州中学,2,1
扬州市文昌教育集团,1,1
扬州市文昌教育集团物理,1,1
扬州市新华高二,1,1
扬州市新华高二第一学期,2,1
扬州市新华高二第一，学期,1,1
扬州市普通高中入门测试,1,1
扬州市树人七下英语期中试卷,1,1
扬州市树人学校,7,1
扬州市梅岭中学八上英语9月月考试卷,2,1
扬州市梅岭中学八上英语月考试卷,1,1
扬州市梅岭中学八上英语月考试卷9月份,3,1
扬州市梅岭中学英语9月月考试卷,2,1
扬州市梅岭中学英语9月月考试卷八上,2,1
扬州市梅岭八上英语期中试卷,2,1
扬州市江都区邵伯高级中学2025一2026高一英语上册第一次月考试卷,1,1
扬州市江都区邵邵伯高级中学高一上学期数学期末试卷,1,1
扬州市红桥高级中学高一上学期10月化学,1,1
扬州市育才小学 2025 2026六年级,1,1
扬州市衔接卷,1,1
扬州市高邮市2025期末考试数学八上,2,1
扬州慢,1,1
扬州慢理解性默写,1,1
扬州扬大附中2025~2026高二语文10月月考试卷,3,1
扬州文昌期中,1,1
扬州文昌期中数学,2,1
扬州月考试卷英语,1,1
扬州期末高一,3,1
扬州树人,3,1
扬州树人中学,1,1
扬州树人九上月考,1,1
扬州梅中九上物理,2,1
扬州梅岭,1,1
扬州梅岭月考,2,1
扬州梅岭月考10,1,1
扬州梅岭月考10数学,2,1
扬州梅岭越看，,1,1
扬州江都中学高一上数学试卷,3,1
扬州物理,1,1
扬州物理高二上学期,1,1
扬州第一次月考试卷英语,2,1
扬州联考高一,2,1
扬州英l,1,1
扬州试卷,1,1
扬州试卷，期初,2,1
扬州试卷，期初大桥,1,1
扬州邗江中学高一上数学10月考卷,1,1
扬州高 一 0 上学期 化学视频,1,1
扬州高一上2025一2026物理东附期中试卷,4,1
扬州高一上2025一2026物理东附第一次月考试卷,1,1
扬州高一上2025一2026英语东附期中试卷,4,1
扬州高一上历史试卷,2,1
扬州高一上学期月考英语卷,2,1
扬州高一上试卷,3,1
扬州高一各校月考,2,1
扬州高一政治下期末考试卷,2,1
扬州高一数学下期末,2,1
扬州高一数学各校月考,1,1
扬州高一月考卷,3,1
扬州高一统考,1,1
扬州高一英语卷,1,1
扬州高二上学期期末,2,1
扬州高二上学期第一次月考,1,1
扬州高二物理,1,1
扬州高二物理上学期,2,1
扬州高二语文期末,1,1
扬帆起航小练习,1,1
找一下近几年的全国卷和甘肃卷的高考真题,3,1
找一下近几年的全国卷和甘肃卷的高考真题物理,2,1
承德 高一期末联考,1,1
承德七月期末,7,1
承德二中,3,1
承德初一入学分班卷,1,1
承德县,3,1
承德县一中,1,1
承德地理,1,1
承德地理答案,4,1
承德市2025 2026学年高一下学期7月期末考试,1,1
承德市2025 2026学年高二下学期7月数学期末考试,1,1
承德市2025~2026学年下学期7月期末考试。,1,1
承德市2025~2026学年高二下学期7月期末考试。,9,1
承德市高一7月期末考试,3,1
承德市高一7月期末考试数学,2,1
承德月考,1,1
承德英语,2,1
承德高一生物考试,1,1
承德高二化学,2,1
承德高二期末数学,1,1
承德高二物理,8,1
承德高新区七下,2,1
把角数学本日版一到三单元测试卷包头,3,1
投影向量,12,1
投影向量专题,1,1
投影向量和投影数量,1,1
抖音,1,1
折叠专题,3,1
折叠类难题,2,1
折叠问题,1,1
折纸教程,1,1
抚州临川高一第一次月考,21,1
抚州市2026,2,1
抚州市七下政史期末试卷,2,1
抚州市七年级下册期末英语试卷 人教版,3,1
抚州市期末,1,1
抚州市高二下期末,1,1
抚松,1,1
抚松一中,2,1
抚松十中,4,1
抚松县外国语,2,1
抚松县第一中学2025~2026,2,1
抚松县第一中学2025~2026高二下学期政治,1,1
抚松县第十中学,4,1
抚顺,2,1
抚顺七校协作体2026高一期末,1,1
抚顺二中,1,1
抚顺二中期末高二下化学,1,1
抚顺议论文,1,1
抛体运动专题,1,1
抛体运动练习题,2,1
抛物线 023专题,4,1
抛物线与交线的二次函数,1,1
抛物线培优,3,1
抢分清单,3,1
报任安书 课件,4,1
报任安书课件,1,1
抽像函数 常见题型,2,1
抽象函数专项训练,2,1
抽象函数值域,2,1
抽象函数培优讲义,1,1
抽象函数定义域,6,1
拉瓦锡实验,4,1
拉萨,1,1
拉萨中学高三,1,1
拉萨中学高三第一次月考,2,1
拉萨城关区中考模拟试卷,1,1
拉萨市 2025 2026年期末卷子高二,3,1
拉萨市北京实验中学,1,1
拉萨市北京实验中学高一,1,1
拉萨江苏,2,1
拉萨江苏县中学高一生物下学期,2,1
拉萨江苏实验中学高一生物下学期,2,1
拉萨那曲第一高级中学,1,1
拍照组卷,8,1
拓展与培优  中考专辑,1,1
拓展与培优  科学中考专辑,5,1
拔创,1,1
拔尖人才选拔考试试卷物理,2,1
拔尖特训,1,1
拔尖特训pep版五年级下册测评卷,4,1
拔萃新阅读中考,2,1
拔高单词,1,1
拔高卷,2,1
拔高题专项,5,1
拜泉,2,1
拟行路难理解性默写,1,1
拱墅区八年级下册数学考试卷,1,1
拱墅区期末数学,3,1
拼凑法,1,1
拼凑法算数,2,1
拼音拔高,2,1
拼音练习题,2,1
拿满基础分,8,1
拿满基础分自主小练 PDF,15,1
指南针,1,1
指南针九年级英语上,1,1
指南针九年级英语上人教,1,1
指南针课堂优化九年级上册物理,2,1
指南针课堂优化八年级下册地理,4,1
指对幂函数,4,1
指对幂函数一轮复习,4,1
指对幂拔高,2,1
指对幂竞赛,1,1
指对幂计算,1,1
指对数函数一轮,5,1
指对数函数的实际应用,2,1
指数 对数 幂函数,2,1
指数 对数的运算,6,1
指数函数 对数函数,1,1
指数函数、对数函数,5,1
指数函数与对数函数的练习。,1,1
指数函数与对数函数题目,1,1
指数函数与对数函数题目单元小测,2,1
指数函数和对数函数,4,1
指数函数和对数函数的人教版,1,1
指数函数和对数函数的知识点,2,1
指数函数和对数函数的知识点人教版,1,1
指数函数求值域,4,1
指数函数的单调性和值域,2,1
指数函数，对数函数与幂函数,2,1
指数图像,7,1
指数对数计算,2,1
指数对数，幂函数,2,1
指数混合运算100道,1,1
指数混合运算100道，高一,2,1
指数运算综合计算,2,1
挖空语法,3,1
振华,1,1
振声,1,1
振声中学济南,3,1
换元同构,1,1
换元法消去分母常数,1,1
换元法解一元二次方程,2,1
授之以鱼备考2025年中考英语全国各地市试题分类,5,1
排,4,1
排列与组合,23,1
排列与组合专项练习题,4,1
排列和组合应用,2,1
排列组合 19大题型,2,1
排列组合专题,2,1
排列组合单元卷,1,1
排列组合复习,1,1
排列组合应用,1,1
排列组合相邻涂色问题,5,1
排列组合练习,2,1
排列组合练习高二,3,1
排列组合问题,1,1
排列组合问题（数图形）,1,1
排列组合高二,5,1
探秘水世界,2,1
探究创新性试题,1,1
探究加速度与力 质量的关系,2,1
探究在线9上,1,1
探究在线八年级上册数学,13,1
探究在线八年级上册数学因式分解,1,1
探究课堂,5,1
探究课堂 2019人教版 必修2生物课件,3,1
接长补短法中线倍长法构造全等三角形,2,1
推荐书籍作文,1,1
推荐信,2,1
推荐生考试,1,1
提优,1,1
提公因式法分解因式,2,1
提分教练 8年级上册数学,4,1
提分教练8年级上册试卷优学导练测试卷,1,1
提前招,7,1
提前招生,1,1
提前招生数学试卷初中,2,1
提前招生科学试卷,1,1
提升卷2024沪科版单元分层测,1,1
提升卷2025 2026,4,1
提升卷2025——2026,1,1
提升卷2025——2026沪科版,2,1
提升卷2025——2026沪科版单元分层测,1,1
插叙和倒叙专项语文阅读习,1,1
插叙和倒叙专项语文阅读题,1,1
揭东区第一初级中学,1,1
揭西县2024至2025学年度第二学期数学科期末试卷,2,1
揭阳,4,1
揭阳202 6 中考,1,1
揭阳2025-2026,1,1
揭阳2025~2026,5,1
揭阳2026年高一期考统考历史,4,1
揭阳2026年高一期考统考政治,2,1
揭阳一中开学摸底考试,1,1
揭阳一中期中数学,1,1
揭阳一中高一摸底考试,1,1
揭阳会考,1,1
揭阳八上英语期中,1,1
揭阳初二,8,1
揭阳华侨高级中学,1,1
揭阳华侨高级中学高一上学期分班考试,1,1
揭阳市 2025-2026 学年度高中一年级教学质量测试历史,2,1
揭阳市 2025-2026 学年度高中一年级教学质量测试地理,1,1
揭阳市 2025-2026 学年度高中一年级教学质量测试数学,1,1
揭阳市2024-2025学年度高中二年级教学质量测试化学,2,1
揭阳市2025 2026学年度高中二年级教学质量测试化学,2,1
揭阳市2025 2026学年度高中二年级教学质量测试生物,2,1
揭阳市2025-2025学年度高中二年级教学质量测试化学,1,1
揭阳市2025-2026学年度高中一年级期末试卷化学答案,2,1
揭阳市2025-2026学年度高中一年级期末试卷生物,2,1
揭阳市2025-2026学年度高中一年级期末试卷生物答案,1,1
揭阳市2025-2026学年度高中二年级教学质量检测,3,1
揭阳市2025-2026学年度高中二年级教学质量测试,1,1
揭阳市2025-2026学年度高中二年级教学质量测试数学,2,1
揭阳市2025-2026学年度高中二年级教学质量测试物理,1,1
揭阳市2025-2026学年度高中二年级教学质量测试生物,1,1
揭阳市2025-2026学年度高中二年级教学质量测试英语,1,1
揭阳市2025-2026学年度高中二年级教学质量测试语文,1,1
揭阳市2025-2026高一生物试卷,1,1
揭阳市2025到2026学年度高中一年级教学质量测试,1,1
揭阳市2026学年度高中二年级教学质量测试物理,1,1
揭阳市2026年高二期未考统考卷,1,1
揭阳市2026高一期末数学,1,1
揭阳市2026高一期末物理,1,1
揭阳市2026高一期末英语,4,1
揭阳市2026高一期末语文,1,1
揭阳市地生会考,1,1
揭阳市期末试卷，2026,2,1
揭阳市期末试卷，2026，高二,5,1
揭阳市榕城区,1,1
揭阳市榕城区二年级,1,1
揭阳市统考高二统考下学期,1,1
揭阳市高一期末语文统考试卷,2,1
揭阳市高一级期末考试,1,1
揭阳市高二地理下学期,1,1
揭阳市高二期末历史下学期,10,1
揭阳市高二期末地理下学期,15,1
揭阳市高二期末政治下学期,26,1
揭阳市高二期末数学下学期,6,1
揭阳市高二期末统考,6,1
揭阳市高二期末考试,2,1
揭阳市高二期末语文下学期,1,1
揭阳市高二物理期末考,1,1
揭阳惠来 英语 三年级,1,1
揭阳普宁华美,1,1
揭阳期末统考,7,1
揭阳物理高二,1,1
揭阳生地会考,1,1
揭阳生地会考2027,1,1
揭阳生地试卷,2,1
揭阳第一中学,3,1
揭阳第一中学2025年高一上册期中考试,1,1
揭阳第一中学2025年高一上册第一次月考,2,1
揭阳统考2024 2025期末考试,1,1
揭阳高一下期末,6,1
揭阳高一期末,2,1
揭阳高一期末统考试卷数学,2,1
揭阳高一期末统考试卷物理,5,1
揭阳高一期末统考试卷生物,1,1
揭阳高二下册期末数学,5,1
揭阳高二下册期末物理,1,1
揭阳高二下化学,1,1
揭阳高二下化学期末,2,1
揭阳高二下学期期末,8,1
揭阳高二下学期期末历史,1,1
揭阳高二下学期期末英语,7,1
揭阳高二化学期末24-25,1,1
揭阳高二数学,2,1
揭阳高二期末考数学,2,1
揭阳高二物理2024,1,1
揭阳高二第二学期期末,1,1
揭阳高二统考物理试卷,1,1
搜「人教版2019高中英语必修/选必单词mp3」,2,1
搜关键词：人教版物理选必二 知识网络构建 培优提升练,2,1
搜数学题,1,1
搜索关键词：?2020-2024全国乙卷理综生物?、?2025陕晋宁青生物选择性考试?，整套打包下载，解析详细,2,1
搜索关键词：「2026安徽高考物理回忆版真题答案解析,1,1
搜索关键词：圈儿的英语角 仁爱九上 Unit2 Brilliant Thoughts，,2,1
搜索关键词：天津市河东2025-2026八年级下学期期末，,2,1
搜索关键词：天津市河西区2025-2026八年级下学期期末，,1,1
搜索关键词：福建漳州市2025-2026学年高一下学期期末考试数学试题,1,1
搜索关键词：福建漳州市2025-2026学年高一下学期期末考试语文试题,2,1
搜索完整复制文字： 【追梦之旅·大先生】七年级上册英语人教版活页同步练习,1,1
搜索资源 打开APP     期末复习：记叙文阅读专项练习 2025—2026学年统编版语文八年级上册,1,1
搜索资源 打开APP     辽宁朝阳市重点高中联考2025-2026学年高二下学期7月期末,3,1
搜试卷辽宁的,2,1
搞一下数学期末,1,1
搭桥法,4,1
摩察力专项练习,2,1
摩尔质量,1,1
摩尔质量计算,2,1
摩尔质量计算 阿伏加德罗定律,1,1
摩尔质量计算，阿伏加德罗定律,1,1
摩擦力 高中物理复习,1,1
摩擦力专题卷,2,1
摩擦力实验,1,1
摩擦力教科版,2,1
摩擦力教科版练习题,4,1
摩擦力突变,1,1
摩擦角和摩擦自锁 全反力,1,1
撷秀,1,1
撷秀初级中学,1,1
擢英七上数学期末考试卷,2,1
擢英中学,2,1
擢英八上,1,1
攀枝花2024 2025学年期末教学质量监测,2,1
攀枝花东区2024 2025学年期末教学质量监测,2,1
攀枝花八上英语考试卷子,2,1
攀枝花八年级上册英语考试期末,1,1
攀枝花初一下册英语,2,1
攀枝花初二上册册英语,2,1
攀枝花初二上册英语,1,1
攀枝花初二下册英语,1,1
攀枝花市2025至20268下期末数学统考。,2,1
攀枝花英语,1,1
攀枝花高一上册英语,7,1
收心卷,1,1
收心卷八年级上,2,1
改土归流,1,1
攻略卷,6,1
放大与缩小,3,1
放缩,3,1
放缩法,1,1
放缩法比较大小,1,1
政治 01 必修3,2,1
政治 高考必背核心知识点,5,1
政治2026高考真题,3,1
政治F,1,1
政治F卷,2,1
政治xuanzeti,1,1
政治一 轮复习2027届,1,1
政治一轮复习资料,5,1
政治七上选择题30道,2,1
政治与法治,4,1
政治专业术语,4,1
政治中考,2,1
政治临沂二模,1,1
政治九年级上册知识点,3,1
政治习题必修二,1,1
政治书,2,1
政治书高中,2,1
政治全国一卷,1,1
政治初一下期末,1,1
政治卷,2,1
政治合格考,1,1
政治哲学,3,1
政治哲学选择题,1,1
政治必修,1,1
政治必修123思维导图,1,1
政治必修一复习课件,3,1
政治必修一思维导图,2,1
政治必修一第一单元思维导图,2,1
政治必修三主观题答题模板,1,1
政治必修三哲学部分,2,1
政治必修三思维导图,2,1
政治必修三答题模板,3,1
政治必修二复习课件,3,1
政治必修二第一课练习题,2,1
政治必修四,3,1
政治必修四哲学,7,1
政治必修四哲学与文化的知识清单,1,1
政治必修四哲学与文化的知识点填空,6,1
政治必修四哲学与文化的预习知识清单,1,1
政治必修四哲学选择题,1,1
政治必修四大题,1,1
政治必修四思维导图,8,1
政治必修四第1单元试卷,3,1
政治必修四第一课,2,1
政治必修四第一课选择题,1,1
政治必修四选择题,2,1
政治必修四选择题黑吉辽蒙,1,1
政治必修知识点,1,1
政治暑假作业,1,1
政治期末八下,1,1
政治期末考试2025年,1,1
政治期末考试高一下册2026,3,1
政治期末试卷,2,1
政治法律专题,2,1
政治法律专题卷,1,1
政治泰安三模2027,1,1
政治泰安期末,1,1
政治泰安期末高二,1,1
政治济宁三模,1,1
政治济宁二模,1,1
政治烟台一模,1,1
政治电子书,1,1
政治福建,1,1
政治福建高考,1,1
政治经济与社会,5,1
政治联言判断推理练习题,1,1
政治课件必修四,2,1
政治资料,4,1
政治选修2选修3的题,3,1
政治选修三,3,1
政治选必三课件,1,1
政治选必二大题,1,1
政治选择性必修一背诵,2,1
政治选择题必修二,2,1
政治选择题必修四,3,1
政治逻辑与思维,2,1
政治青岛三模,2,1
政治非选择题,2,1
政治题,1,1
政治题山东,2,1
政治题山东一模,2,1
政治题山东一模认识论,1,1
政治高一下学期期末,4,1
政治高一下期末试卷,2,1
政治高考真题分类汇编,1,1
政绩观,5,1
故事书,1,1
故事情节,2,1
故城县徐里完小,2,1
故障分析,5,1
教学演示视频,3,1
教学视频,2,1
教学视频课,2,1
教学评大检测贵州专版,2,1
教学课件,1,1
教学课件 上好课,4,1
教学质量检测,1,1
教师,1,1
教师用书）【赢在微点·顶层设计】2025年高中化学高考一轮总复习,5,1
教材 2024人教版电子版,2,1
教材 电子版,2,1
教材人教版,1,1
教材全解,1,1
教材全解Home,1,1
教材全解Home知识,1,1
教材全解电子档,1,1
教材古诗文专项复习,1,1
教材古诗文专项复习高考,3,1
教材古诗文专项复习高考语文,1,1
教材帮,1,1
教材政治法律与生活,2,1
教材电子版,1,1
教材词汇,2,1
教材道法,2,1
教案反思,5,1
教版2019选择性必修第一册英语单词视频朗读 英语 普通专辑,2,1
教研员,1,1
教研室,2,1
教科书电子版人教版,4,1
教科书电子版必修版,2,1
教科书电子版必修版物理粤教版,3,1
教科版,1,1
教科版二六新版广东六年级上学期升学模考,2,1
教科版二六新版广东六年级上学期暑假预习单元训练,2,1
教科版二六新版广东六年级上学期英语书听力,2,1
教科版二六新版广东六年级上学期语法,1,1
教科版二六新版广东六年级上学期阳光学业评价,8,1
教科版五年级下英语,5,1
教科版五年级英语,2,1
教科版物理,1,1
教科版物理九上,1,1
教科版物理必修三第一节,3,1
教科版英语,1,1
教考结合 课本为王 文言文 38页 衡水 必修上册,1,1
教辅,1,1
散文专题阅读,2,1
散文专题阅读题,1,1
敬业中学,1,1
数,1,1
数 列,2,1
数与形,5,1
数与运算的再认识,4,1
数你最行，学无止境（1） 适配教材：北师大版七年级下册数学,1,1
数列  一轮复习 专题,2,1
数列  一轮复习 专题综合,1,1
数列 0 一轮复习 基础专项训练,2,1
数列 一轮复习,2,1
数列 一轮复习 专题,1,1
数列 一轮复习 专题基础2026高考,1,1
数列 一轮复习 专题基础2026高考大题,1,1
数列 专题,1,1
数列 专题 2026题型,1,1
数列 单元测试卷,1,1
数列 小学,2,1
数列p,1,1
数列一轮复习,1,1
数列一轮复习北师大,1,1
数列一轮复习讲义,1,1
数列专项训练 专题,3,1
数列专项训练，专题,1,1
数列专题复习,1,1
数列单元卷,1,1
数列单元测试,1,1
数列单元测试 小学,1,1
数列单调性,1,1
数列培优,2,1
数列复习讲义,1,1
数列大题,1,1
数列导数,2,1
数列放缩问题,1,1
数列求和专题,3,1
数列的单调性和最值问题,2,1
数列的增减性,2,1
数列的通项公式,1,1
数列综合题,1,1
数字0 10描红字帖数学,5,1
数字小报,3,1
数字描红,3,1
数字期末考试初一叶县下册,1,1
数字语音和图形语言之间的转化,2,1
数学 0 2024 真题,1,1
数学 0 2025 真题,1,1
数学 01 0205 初一下,1,1
数学 七年级 中档,1,1
数学 专项训练,2,1
数学 二模,1,1
数学 二模 新一卷,1,1
数学 公式 2026新高考公式汇总,3,1
数学 必修一1必考知识点整理,2,1
数学 期末,2,1
数学 知识点 2026新高考知识点汇总,1,1
数学 立体几何高一下,2,1
数学2024,1,1
数学2025到2026年学年度第二学期期末测试河北廊坊八年级,2,1
数学2025至2026韶关市期末,2,1
数学2025至2026韶关市期末八年级,2,1
数学2025高考卷,1,1
数学2025高考真题,1,1
数学2026,3,1
数学2026 江西师大附中,1,1
数学2026中考,1,1
数学2026中考辽宁,3,1
数学2026八下山东菏泽,2,1
数学2026年高考真题2000基础题,2,1
数学2026最新浙教版二次函数1.12次函数1.22次函数的图像1.3二次函数的性质,1,1
数学2026最新浙教版二次函数1.12次函数1.22次函数的图像1.3二次函数的性质同步练习,2,1
数学2026高考二卷,1,1
数学24年新课标一卷,4,1
数学25级 日照市校际联合考试高一下学期,2,1
数学26.2.2－26.2.2,2,1
数学6年级下学期2025 2026综合练习题三,2,1
数学8年级下册期末试卷,1,1
数学8年级下册试卷,2,1
数学A版高一必修一期中考试,1,1
数学bici概率,2,1
数学一 轮 复习,1,1
数学一 轮 复习 2026 备考专题,1,1
数学一 轮 复习 2026讲义,1,1
数学一 轮复习,1,1
数学一 轮复习2026,2,1
数学一元二次方程专顶练习题,3,1
数学一元二次方程练习题,1,1
数学一模,1,1
数学一模杭州,1,1
数学一模题,2,1
数学一次函数专题,2,1
数学一轮复习2026,1,1
数学一轮复习2026专题,6,1
数学一轮复习2026专题5,1,1
数学一轮复习函数,2,1
数学一轮复习基本不等式,2,1
数学一轮复习课时，基础训练,2,1
数学七上一元一次方程测试卷,1,1
数学七上几何图形测试卷,1,1
数学七上第五六章测试卷,2,1
数学七上第五章测试卷,1,1
数学七上第五章质量测试卷,1,1
数学七上第六章测试卷,1,1
数学七下单元过关与拓展训练,4,1
数学七下期中,2,1
数学七年级期末,2,1
数学三角函数,3,1
数学三角函数专题练习解三角形,3,1
数学三角函数每日一练,3,1
数学三角函数高一,2,1
数学不等式的应用题专题练习,4,1
数学不等式难题,2,1
数学专题三角函数,3,1
数学专题卷,1,1
数学专题复习,1,1
数学专题复习三角函数,5,1
数学专题复习导数,3,1
数学两三位数除以两位数,3,1
数学中档,1,1
数学中档题,2,1
数学中考专题,4,1
数学中考压轴题,3,1
数学中考河北,3,1
数学中考零距离课件,1,1
数学临诊,1,1
数学九上 第1单元,1,1
数学九上 第2单元,1,1
数学九上人教版,2,1
数学九上人教版课本,3,1
数学九上华东师期中,2,1
数学九上反比例,2,1
数学九上月考,1,1
数学九下反比例函数,2,1
数学九年级上册新版本教材,3,1
数学九年级上册新版本教材 只要教材,1,1
数学书复习提高题目,1,1
数学书浙教版,3,1
数学二次函数高中,1,1
数学二级结论,2,1
数学二轮复习习题,1,1
数学人教A版2019必修第一册,2,1
数学人教b版,3,1
数学人教版A必修一2026平面向量及应用人,1,1
数学人教版A必修一2026平面向量及应用第一章人,1,1
数学人教版A必修一2026第一章测试卷人,1,1
数学人教版A版必修二,3,1
数学仿真卷,1,1
数学倾斜角,3,1
数学全品学练考,1,1
数学全国1卷 高考,1,1
数学全国一卷,1,1
数学全国二卷,2,1
数学全等三角形,3,1
数学全等三角形专题,1,1
数学全等三角形模型,6,1
数学八上全等三角形,2,1
数学八上日照,2,1
数学八上浙江,2,1
数学八上计算专题人教版,2,1
数学八下2026人教板,1,1
数学八下期中,4,1
数学八下重难,2,1
数学八年级,1,1
数学八年级上册期末,2,1
数学八年级上册沪科版第11章,2,1
数学八年级上册沪科版第1单元,1,1
数学八年级上册第一单元,5,1
数学八年级上册第一单元测试,1,1
数学八年级上月考,1,1
数学八年级下册期末山东,3,1
数学八年级下册期末试卷,2,1
数学八年级下册简单基础题,2,1
数学八年级下册芝罘区2020-2021期中试卷,2,1
数学八年级人教版下册期末考试卷,1,1
数学八年级人教版下册期末考试卷濮阳市,2,1
数学八年级人教版下册期末考试卷濮阳市2025-2026,1,1
数学八年级期末,1,1
数学八年级第1单元测试卷,1,1
数学八年级计算,4,1
数学八月,2,1
数学公式大全,2,1
数学六年级期末,1,1
数学函数图像大全,4,1
数学函数拔高题,1,1
数学函数的周期性与对称性,6,1
数学函数综合题高考,1,1
数学分数乘法,2,1
数学分班考,1,1
数学分解因式法2026专题练习计算,2,1
数学创新性思维题,2,1
数学初一下,2,1
数学初一下期末,1,1
数学初三期中,2,1
数学初三期末,2,1
数学初中核心综合,2,1
数学包头,2,1
数学北京昌平,1,1
数学北京昌平五年级,1,1
数学北京昌平五年级下册,1,1
数学北师大版,1,1
数学北师学林卷,2,1
数学华东师大版八年级下期期末考试,2,1
数学单元测试不等式,1,1
数学单元练习,1,1
数学南昌初二下册期末卷,4,1
数学卷子高一下,1,1
数学卷子高三,5,1
数学卷子高三新疆陕西,1,1
数学卷子高三新疆陕西2026。,1,1
数学卷高二下,4,1
数学压轴中考,2,1
数学压轴题,1,1
数学压轴题专练新定义,1,1
数学压轴题专练新定义，高考,2,1
数学压轴题九年级,1,1
数学压轴题八年级上册人教版,2,1
数学压轴题八年级下册,1,1
数学压轴题八年级下册几何,2,1
数学压轴题八年级下册几何北师大版,1,1
数学合格考,1,1
数学合格考成都,6,1
数学合格考成都成都,1,1
数学吉安高二,6,1
数学吉林二次函数,3,1
数学吉林函数,3,1
数学向量,3,1
数学周测,1,1
数学四年级,3,1
数学圆锥曲线大题专练,2,1
数学基础,1,1
数学基础卷可下载,3,1
数学基础题专练,4,1
数学基础题专练人教A版,2,1
数学复习,4,1
数学复习一轮专题,1,1
数学复习背诵公式,1,1
数学复习题基础题,3,1
数学复习高中,2,1
数学大小比较,5,1
数学大题,1,1
数学大题专练,1,1
数学大题练,1,1
数学奔驰定理三角形,1,1
数学奥数培优二试电子版,1,1
数学奥林匹克初试,1,1
数学奥林匹克数学竞赛初试,1,1
数学好玩 图书排序,2,1
数学好玩 图书排序 知识清单,1,1
数学好玩 图书排序 知识清单北师大版,1,1
数学好玩知识清单 数学北师大版,3,1
数学实数计算题,2,1
数学导与练,1,1
数学导与练云南,3,1
数学导数 大题期末,5,1
数学小学,1,1
数学小题,6,1
数学山东高考,3,1
数学山东高考一卷,1,1
数学平面向量,1,1
数学平面向量专题,2,1
数学强基计划,3,1
数学强基计划真题汇编,1,1
数学必修1单,1,1
数学必修1单元测试卷,1,1
数学必修1第一章集合,4,1
数学必修1第一章集合长沙,1,1
数学必修一11讲,1,1
数学必修一12,1,1
数学必修一12讲,3,1
数学必修一13,5,1
数学必修一13B版,1,1
数学必修一14,5,1
数学必修一15,2,1
数学必修一16,1,1
数学必修一17,1,1
数学必修一18,1,1
数学必修一19,1,1
数学必修一20,1,1
数学必修一21,1,1
数学必修一B版,2,1
数学必修一a版必刷题,1,1
数学必修一函数大题,2,1
数学必修一教案,1,1
数学必修一第一章 单元测试,1,1
数学必修一第三章函数压轴题,1,1
数学必修一第三章函数大题,1,1
数学必修一集数,1,1
数学必修一高考调研,2,1
数学必修二单元测,2,1
数学必修二向量测试卷,1,1
数学必修二平面向量预习,1,1
数学必修二期末考试,1,1
数学必修二综合试卷,1,1
数学必刷题,1,1
数学必刷题第二单元测试卷,2,1
数学必刷题高中,2,1
数学必背公式汇总,1,1
数学惠州,1,1
数学惠州一调,1,1
数学惠州一调高二,1,1
数学惠州期末,1,1
数学惠州高二,1,1
数学手拉手模型,1,1
数学技巧,1,1
数学拔尖初三,2,1
数学排列组合专题卷,2,1
数学提前招试卷,1,1
数学提纲,1,1
数学教材电子版,6,1
数学教材答案,1,1
数学数列 导数概率与统计排列组合套卷题,4,1
数学数列专题,2,1
数学数列错位相减求和,2,1
数学数列题,6,1
数学新亮剑,1,1
数学新高考二卷,2,1
数学旋转模型,2,1
数学易错知识点,1,1
数学春考,1,1
数学暑假作业,4,1
数学月考试卷,1,1
数学有理数与无理数,1,1
数学望城,2,1
数学朝末,2,1
数学期中专项,1,1
数学期中卷山东,1,1
数学期中卷菏泽,1,1
数学期末7年级下册,5,1
数学期末免费,1,1
数学期末卷无数列无立体几何,2,1
数学期末卷连云港,1,1
数学期末考试2025年,1,1
数学期末考试卷五下,2,1
数学期末难题,1,1
数学期末高1下学期卷子,2,1
数学梅江中学,1,1
数学棱切球,1,1
数学概率大题,2,1
数学概率统计导数圆锥曲线大题,1,1
数学概率统计高一下,1,1
数学概率统计高一下独立事件,2,1
数学模拟,1,1
数学模拟卷,1,1
数学模拟卷高三,2,1
数学沪科版九上,1,1
数学河北省唐山市2026年普通高等学校招生统一考试第二次模拟演练,1,1
数学浙教版第二单元,2,1
数学浙教版第二单元第三单元,1,1
数学浦东,1,1
数学淮南洞山中学七年级下册,2,1
数学深圳2024高二上期末罗湖区,1,1
数学深圳必修一第一节练习题基础,2,1
数学深圳必修一集合练习题基础,4,1
数学爱好者七下数学配套试卷,1,1
数学独立事件,1,1
数学独立事件题,2,1
数学电子书,1,1
数学百草园读后感,1,1
数学直线斜率,4,1
数学直线斜率苏教版,2,1
数学真题,1,1
数学知识点,1,1
数学福州九上期中,1,1
数学福州八下期末,3,1
数学科技特长生考试,4,1
数学立体几何,1,1
数学立体几何专题训练,1,1
数学立体几何大题,1,1
数学立体几何证明大题,1,1
数学立体几何证明题,1,1
数学竞赛 2026高中预赛试题,1,1
数学竞赛 八年级,2,1
数学竞赛 高中试题,1,1
数学竞赛一试。,1,1
数学竞赛三角函数,1,1
数学竞赛初中WHO,1,1
数学竞赛卷,1,1
数学竞赛培优,2,1
数学竞赛真题25年合集,8,1
数学竞赛高一,2,1
数学竞赛高中,2,1
数学第1单元,3,1
数学第1单元第一课时,2,1
数学第1单元第一课时练习题,2,1
数学第1章,1,1
数学第25题,1,1
数学第2单元,1,1
数学第一单元,1,1
数学第一单元试卷,2,1
数学第一次月考,1,1
数学第一章第一单元测试卷,2,1
数学第十三章,2,1
数学第十三章八上人教版,1,1
数学第十三章单元测试八上人教版,2,1
数学等式与不等式,2,1
数学答案,2,1
数学线性回归方程,1,1
数学练习,1,1
数学练习册。,1,1
数学结论推导,1,1
数学背诵,2,1
数学背诵公式,3,1
数学自主招生试卷,5,1
数学自主招生试卷中考八年级,1,1
数学苏科版八年级上册专项,3,1
数学苏科版八年级上册期中,6,1
数学苏科版八年级上册期中无锡,1,1
数学莆田市统考,1,1
数学裂项专项,2,1
数学视频讲解,1,1
数学解析几何,3,1
数学解析几何专题,3,1
数学解题方法技巧,3,1
数学计算100题 每日一练,2,1
数学计算暑假,1,1
数学计算题七年级,1,1
数学计算题初一180道,1,1
数学计算题初一下180道,2,1
数学计算题自招,2,1
数学讲义人教版,5,1
数学讲义人教版立体几何,6,1
数学讲义人教统编版2026,1,1
数学试卷2025 2026数学,1,1
数学试卷九上,1,1
数学试卷五年级北师大,1,1
数学试卷八上,2,1
数学试卷成武小升初,2,1
数学试卷高中高一用来复习回顾,1,1
数学试题,1,1
数学课本北师大版,1,1
数学课本高一人教版,1,1
数学贵州,1,1
数学贵州开学考,4,1
数学贵州开学考德江,2,1
数学资料,2,1
数学资源与评价,1,1
数学适应性考试,1,1
数学选一课后习题,2,1
数学选三,4,1
数学选修1课本,3,1
数学选修一人教A版,5,1
数学选修一人教A版夹角,1,1
数学选修一必刷题人教A版,1,1
数学选修一直线和圆,1,1
数学选修一直线和圆单元卷,1,1
数学选修一空间向量,1,1
数学选修一苏教版暑假衔接,3,1
数学选修一课本,1,1
数学选修三复习卷,2,1
数学选必一,4,1
数学选必一课本电子书,3,1
数学选择性必修一专项练习,3,1
数学选择性必修一第一章习题,2,1
数学选择性必修一课件,3,1
数学选择性必修一课本,3,1
数学选择性必修三专项练习,1,1
数学选择性必修三和必修一,1,1
数学选择题专练,1,1
数学金华一中第一次月考,1,1
数学阶段练,1,1
数学集合与逻辑用语,2,1
数学集合单元测试卷,2,1
数学集合常用逻辑用语与不等式专项列,2,1
数学集合练习题,2,1
数学零诊初中,2,1
数学预赛试题,2,1
数学预赛试题高中,1,1
数学题,1,1
数学题组专练,4,1
数学高 考 真题 2021至2025全国汇编,2,1
数学高一上,1,1
数学高一上必修一,2,1
数学高一上月考吉林,1,1
数学高一上期末,2,1
数学高一上期末，人教版,2,1
数学高一上海试卷,3,1
数学高一上知识点,1,1
数学高一上等式,2,1
数学高一上解方程组,1,1
数学高一下,2,1
数学高一下册,3,1
数学高一下册半期中考试,3,1
数学高一下学期期末,2,1
数学高一下期末考试,4,1
数学高一不等式练习题,7,1
数学高一人教版a版试卷只含集合和不等式,1,1
数学高一函数,1,1
数学高一向量专项,3,1
数学高一必修一期中考试,1,1
数学高一数学期中考试,4,1
数学高一数学第一次月考,1,1
数学高一月考吉林,2,1
数学高一期末卷,6,1
数学高一第一章知识点,1,1
数学高一视频上学期,3,1
数学高一解三角形,2,1
数学高一解方程组,1,1
数学高一试卷,1,1
数学高一试卷期末,2,1
数学高三开学考,2,1
数学高三试卷,2,1
数学高中公式,3,1
数学高中必刷题,1,1
数学高中棱切球,2,1
数学高二上,1,1
数学高二上期中,2,1
数学高二下学期期末考试潍坊,3,1
数学高二下期末,3,1
数学高二下期末卷,3,1
数学高二期末考,2,1
数学高二滨海新区大港油田第三中学,2,1
数学高二绥化一中,1,1
数学高二考试月考滨海新区大港油田,1,1
数学高二考试月考滨海新区大港油田上学期,3,1
数学高考1卷,2,1
数学高考2025年,1,1
数学高考中档题,4,1
数学高考卷,3,1
数学高考卷全国一卷,1,1
数学高考复习,2,1
数学高考复习高中,1,1
数学高考复数,2,1
数学高考真题2025年2卷,1,1
数学高考真题分类汇编,2,1
数学高考真题重组,2,1
数形结合,1,1
数形结合巧解,2,1
数形结合题目,1,1
数据分析与统计估计,9,1
数据收集和简单统计表,1,1
数理化比赛全国卷,1,1
数理化生综合实践活动,1,1
数理化精进,1,1
数理化精进工作室,1,1
数理报,6,1
数理报 2025 2026学年七年级下册数学,3,1
数理报高一必修一北师大版,1,1
数理报高中,3,1
数的开方,6,1
数的开方课程,3,1
数论,2,1
数词,2,1
数轴,1,1
数轴上的动点问题,4,1
数轴与绝对值,2,1
数轴暑假预习讲义,1,1
数轴相反数和绝对值,1,1
数轴相反数和绝对值练习,6,1
数轴相反数和绝对值训练,1,1
数量积专题,4,1
整,1,1
整体法和隔离法的应用,1,1
整体隔离法,4,1
整套《无忧小卷》资源目录页：?h?t?t?p?s?:?/?/?m?.?z?x?x?k?.?c?o?m?/?d?o?c?p?a?c?k?/?3?5?6?3?7?3?4?.?h?t?m?l,1,1
整式,5,1
整式乘法竞赛题,2,1
整式乘除,1,1
整式乘除 100道混合计算题初中数学,1,1
整式乘除 100道混合计算题初中数学浙教版,4,1
整式加减乘除因式分解,6,1
整式化简,2,1
整式化简 浙教版,1,1
整式化简计算题初中数学浙教版,1,1
整式多项式人教,1,1
整式的乘法,1,1
整式的乘法与因式分解,2,1
整式的乘除,2,1
整式的加法与减法计算,3,1
整数四则运算混合,5,1
整数混合运算,2,1
整数混合运算免费,1,1
整本书阅读简爱,3,1
文,2,1
文化传承与文化创新,1,1
文化大题,2,1
文化类英语,1,1
文化类英语八年级,1,1
文化类英语阅读八年级,4,1
文员考试,1,1
文城 林祥福 49个他 7次直呼姓名 叙事人称效果,12,1
文学地理学以文学与地理环境之间关系为研究对象,1,1
文学常识,1,1
文学文化常识,8,1
文学类文本阅读练习,7,1
文宣中学,2,1
文山 2024 2025学年 下学期 期末,1,1
文山州,2,1
文山州2026年春季学期学业质量监测高一,1,1
文山州2026年春季学期学业质量监测高二,3,1
文山州2026年高二期末,2,1
文山州2026高一数学检测,2,1
文山州2027高一数学检测,1,1
文山州广南,1,1
文山州统测,2,1
文山州统测高一下学期,1,1
文山州统测高一下学期2026,1,1
文山州试卷,1,1
文山市智华实验中学,5,1
文庙,1,1
文昌中学联考,4,1
文昌期中,2,1
文汇中学,3,1
文津中学,1,1
文涛中学,4,1
文清,1,1
文澜期末,3,1
文登初二英语上学期期末考试考试,2,1
文登初二英语期中考试,1,1
文茂中学,2,1
文言,1,1
文言 文100个实词 天天练,2,1
文言 文100个实词虚词翻译文段,5,1
文言 文120个实词,2,1
文言 文120个实词 天天练,1,1
文言 文限时练,1,1
文言实词第一组,1,1
文言实词练习,2,1
文言常识,5,1
文言文 好题精练,1,1
文言文 小升初实词,4,1
文言文 断句,2,1
文言文 真题汇编,2,1
文言文 真题汇编湖南,1,1
文言文《岳阳楼记》《醉翁亭记》《湖心亭看雪》熟练背诵，并对应各做五套习题。（包括句子翻译，文言词语选择 对比阅读 等 ）,6,1
文言文一词句翻译,2,1
文言文一轮复习,1,1
文言文专题,2,1
文言文二则,1,1
文言文判断句,2,1
文言文古诗词汇编,4,1
文言文合集,4,1
文言文增分训练,1,1
文言文实词填写,1,1
文言文对比阅读,2,1
文言文对比阅读九上,2,1
文言文断句练习100练,1,1
文言文汇编,2,1
文言文真题,2,1
文言文真题汇编高考,1,1
文言文篇目,3,1
文言文练习题,2,1
文言文翻译专练,2,1
文言文课内重点课外对比练习,2,1
文言文选择,1,1
文言文阅读一轮复习,1,1
文言文阅读专题训练,1,1
文言文阅读理解,1,1
文言文高中,3,1
文言文高中实词,4,1
文言文高考,1,1
文言文默写,3,1
文言虚词,2,1
斗罗大陆,1,1
斗门,2,1
斗门一中,2,1
斗门一中数学,3,1
斗门区,1,1
斗门区七上数学,1,1
斗门区七上数学月考,1,1
斜二测常见题型,1,1
斜交分解,1,1
斜交分解法的解决抛体运动,6,1
斜率,1,1
斜率双用,1,1
斜面 匀速下滑 地面摩擦力 一模,1,1
斜面最大高度,2,1
斯图尔特微积分,5,1
新,1,1
新 高一,1,1
新 高一 2025年暑假衔接,1,1
新 高一 2025年暑假衔接数学,3,1
新1 卷高考真题,1,1
新一卷,1,1
新一卷语文,1,1
新一卷语文高考,2,1
新七入学测,2,1
新七年级上册单词,2,1
新七英语入学测,1,1
新世纪,1,1
新世纪四年级下册每日一练,1,1
新世纪四年级下册每日一练口算,4,1
新东方七升八英语入学测试卷 满分50 无作文,1,1
新中考八下,1,1
新中考八下贵州,2,1
新义,1,1
新九上名著阅读,3,1
新乡,2,1
新乡2025至2026下学年期末考试卷子子,1,1
新乡市,3,1
新乡市2026地理生物会考,1,1
新乡市地生会考,1,1
新乡市太行中学,2,1
新乡市平原中学,2,1
新乡市河南师范大学附属中学,2,1
新乡市第一中学,4,1
新乡市第二十二中学,2,1
新乡市金龙中学,1,1
新乡市附中,1,1
新乡延津县榆林乡中心学校,2,1
新人教版七年级英语上册,2,1
新人教版九年级上册,1,1
新人教版九年级上册英语unit2单词讲解,1,1
新人教版九年级上册英语单元,1,1
新人教版九年级上册英语期中,1,1
新人教版九年级上英语,1,1
新仁爱九上,1,1
新仁爱版英语八年级下册期末,5,1
新仁爱英语八上,1,1
新会2026同考四年,2,1
新会一中高一英语开学测,5,1
新会区一模,3,1
新会葵城中学,1,1
新余2026年高二下学期期末考试,3,1
新余2026年高二期末考试,2,1
新余一中,2,1
新余一中七下语文,1,1
新余一中七下语文期末,1,1
新余一中周考,2,1
新余市一中,1,1
新八上英语鲁教版单词,3,1
新八上英语鲁教版单词免费,1,1
新八上英语鲁教版单词免费Time to relax,1,1
新八上英语鲁教版电子版,3,1
新八上英语鲁教版电子版单词,3,1
新八上英语鲁教版电子版单词Time to relax,2,1
新八上英语鲁教版电子版单词免费Time to relax,1,1
新六年级英语,1,1
新初一入学分班考试卷真题2026年语文,4,1
新初一入学分班考试试卷真题2026年数学漯河郾城区实验中学,2,1
新初一分班考,3,1
新初一分班考试,1,1
新初一巴蜀开学考,3,1
新初一开学考,4,1
新初一正负数计算,1,1
新初一试卷,1,1
新动力英语九上新人教版2026,2,1
新北师大版三年级数学复习,12,1
新北师大版二年级上册数学,3,1
新北师大版数学五年级上册第一单元测试,4,1
新北师大版高中英语全套单词表）,2,1
新华中学和苑,5,1
新华中心,2,1
新华初,1,1
新华区七上生物,2,1
新华高二期中,1,1
新县高级中学,1,1
新四年级英语试卷,2,1
新坐标同步练习,1,1
新坐标同步练习英语,1,1
新坐标同步练习英语八下,1,1
新坐标同步练习英语八下单元卷11，12,2,1
新坐标同步练习英语八下单元卷11，12青海省,1,1
新坐标同步练习高中生物人教版,2,1
新坐标同步练习高中生物人教版练习册,1,1
新城区赛罕区,1,1
新城区赛罕区数学,1,1
新城区赛罕区数学八下,2,1
新外研七下重点短语及句型,5,1
新外研版高二英语单词表,2,1
新安县,4,1
新定义函数专题，不动点稳定点,1,1
新导学课时练,3,1
新平,2,1
新教材全解,1,1
新日本语能力测试50天逐级突破 N5N4N3 听力天天练,1,1
新昌,3,1
新昌五年级下册期末数学,2,1
新昌县八下数学,1,1
新昌县高一上,2,1
新未来,1,1
新未来7月,1,1
新未来高二7月,1,1
新未来高二下学期7月,3,1
新概念 01 1 03新概念第一册,1,1
新概念 101-106,1,1
新概念 101-106英语,3,1
新概念02,1,1
新概念61-66,1,1
新概念三一课一练,1,1
新概念卷子,1,1
新概念第二册,2,1
新概念结业考,1,1
新概念英语02,1,1
新概念英语第一册,1,1
新概念英语第一册同步试卷,1,1
新概念英语第二册测试卷,1,1
新概练,1,1
新民中学,1,1
新民市八上，数学,3,1
新民市第一高级中学,2,1
新沂市钟吾中学,3,1
新沂市钟吾中学2025九上期末数学试卷,1,1
新泰8下期末语文,2,1
新泰一中,6,1
新泰中学,2,1
新泰市,2,1
新泰市2022-2023学年度五年级下学期期末,1,1
新泰市2022-2023学年度五年级下学期期末英语,1,1
新泰市2022-2023学年度五年级下学期期末语文,2,1
新泰市2026六年级下册期末考试试卷,1,1
新泰市新泰一中,2,1
新泰期中英语,1,1
新泰期中英语七年级,1,1
新洲区八年级下册数学2024期末试卷,2,1
新海,3,1
新海中学,1,1
新海高级中学 高一上英语,1,1
新海高级中学高一上数学,1,1
新版5年级上册苏教版数学网课,4,1
新版九上名著唐诗三百首,4,1
新版九上名著简爱,1,1
新版九上名著简爱整体阅读,1,1
新版九上政治知识汇总,1,1
新版九上政治知识清单,2,1
新版九上政治知识清单2026,1,1
新版九年级全部古诗,1,1
新版九年级古诗词,1,1
新版八上语文电子版,2,1
新版八上语文电子版。,2,1
新版八上语文电子版。教材书,1,1
新版教材,1,1
新版译林英语6上第三单元,3,1
新生入学测试摸底新罗区,1,1
新生入学测试龙岩,1,1
新生素养,1,1
新田2026年高二下期期末,3,1
新疆 1 2024 中考试卷真题,1,1
新疆2020中考数学真题卷子,3,1
新疆2020中考考试语文卷子,1,1
新疆2020中考语文卷子,3,1
新疆2021中考数学真题卷子,1,1
新疆2021中考考试语文卷子,2,1
新疆2022中考数学真题卷子,2,1
新疆2022中考真题卷子,2,1
新疆2022中考考试语文卷子,1,1
新疆2022中考语文作文,1,1
新疆2022中考语文卷子,2,1
新疆2022中考语文真题卷,2,1
新疆2022中考语文真题卷子,1,1
新疆2023中考考试语文卷子,1,1
新疆2024中考考试语文卷子,1,1
新疆一年级上学期期末,1,1
新疆七年级下学期期末,1,1
新疆专升本,2,1
新疆中考,9,1
新疆中考卷真题数学,1,1
新疆中考听力 2026,2,1
新疆乌鲁木齐,1,1
新疆乌鲁木齐兵团第二中学,1,1
新疆乌鲁木齐兵团第二中学一轮,1,1
新疆乌鲁木齐市米东区第108中学2025至2026学年七年级下册期末考试卷,1,1
新疆乌鲁木齐市米东区第108中学七年级下册期末考试卷,1,1
新疆五年级下学期期末,1,1
新疆人教版思想政治 必修一到必修七思维导图,3,1
新疆伊宁县第二中学,2,1
新疆克州,1,1
新疆八十三团一中,2,1
新疆八年级下学期阶段检测,1,1
新疆兵团二中分班考,1,1
新疆兵团二中语文分班考,1,1
新疆兵团第二中学化学高三一轮复习卷高考,1,1
新疆兵团第二中学物理高三一轮复习卷高考,3,1
新疆兵团第二中学生物一轮复习卷。,1,1
新疆兵团第二中学生物一轮复习卷。高考,3,1
新疆兵团第二中学生物一轮复习卷高考,1,1
新疆兵团第二中学生物高三一轮复习卷高考,2,1
新疆南疆学生小升初考试英语卷子,1,1
新疆和田地区于田县高 二 下期末测试语文于田县2024-2026,2,1
新疆和田高二数学,1,1
新疆和田高二数学第一学期,1,1
新疆哈密,2,1
新疆喀什地区2026年八年级下册期末考试试卷,1,1
新疆喀什地区2026年八年级下册期末考试试卷。,2,1
新疆喀什地区2026年期末考试试卷,1,1
新疆昌吉回族自治州第二中学2025至2026学年七年级下册道德与法治试卷,2,1
新疆昌吉州第七中学八年级数学期末试卷,2,1
新疆昌吉州第七中学八年级数学试卷,3,1
新疆期中,1,1
新疆生产建设兵团第二中学小升初自主招生数学试题,2,1
新疆生产建设兵团第二中学小升初自主招生试题,1,1
新疆生产建设兵团第五师八十三团一中,2,1
新疆维吾尔自治区,1,1
新疆维吾尔自治区和田地区皮山县2025—2026学年统编版七年级历史上学期期末考试题,2,1
新疆近10年的中考试卷。,2,1
新疆阿克苏高级中学2025-2026,1,1
新疆高一下学期期末,2,1
新疆高一物理下学期期末考试 人教A版必修二,1,1
新疆高三上学期undefined,1,1
新疆高三下学期期末,2,1
新疆高考卷,2,1
新疆高考模考,1,1
新疆高考答题模板,1,1
新纪元分班考,2,1
新罗区2024-2025学年七年级下册期末试卷,1,1
新罗区2024-2025学年八年级上册期末试卷,7,1
新罗区期末,2,1
新考案一轮复习金太阳,4,1
新航路开辟,1,1
新营中学,1,1
新蒲新区七年级新生测评,2,1
新蒲新区七年级期未卷,1,1
新蔡县蓝天双语,2,1
新观察天津版,1,1
新译林版初中英语,3,1
新译林版初中英语课文,1,1
新课堂AB卷,7,1
新课堂学案化学,1,1
新课标,2,1
新课标 1 1卷 高考 2024,1,1
新课标2卷2026高考,3,1
新课标3100词72天每日背诵清单 a-AD到within-zoo,3,1
新课标中考1600词汇表,2,1
新课标二卷数学,1,1
新课标能力培养,1,1
新课标高中英语词汇精炼,4,1
新课标高考语文卷,1,1
新课标高考语文卷2026,1,1
新课程学习与测评,1,1
新课程学习与测评选择性必修四试卷,2,1
新课程学案,1,1
新课程学案必修二语文,6,1
新课程导学纲要下,2,1
新课程成长资源化学必修一,1,1
新课程成长资源化学必修一第一册,1,1
新课程能力培养,3,1
新课程能力培养三年级下册,1,1
新课程能力培养三年级下册数学,3,1
新课程能力培养人教B版,2,1
新课程能力培养数学必修四,2,1
新课程能力培养高中化学选择性必修第一册手册,1,1
新课程能力培养高中化学选择性必修第一册练习手册,2,1
新课程能力培养高中数学人教B版选必修1,1,1
新课程高考总复习化学步步高答案,2,1
新起点,2,1
新邵县中考试卷,1,1
新邵县八中开学考试试卷,2,1
新郑市2025一2026新郑卷子,2,1
新都,2,1
新都一中北星中学分班数学真题,6,1
新野,5,1
新野东关小学,3,1
新野初二英语试卷,2,1
新野县,2,1
新野小学四年级英语期中考试,3,1
新闻脉络,1,1
新题型,1,1
新风向英语听力提升版2,4,1
新高1分班入学卷,1,1
新高一 分班考,1,1
新高一上学分班考试数学卷,1,1
新高一上学期入学分班考试卷,1,1
新高一入学分班考北海七中,1,1
新高一入学分班考试英语,1,1
新高一入学测试,1,1
新高一入学考,2,1
新高一入学考厦门一中,1,1
新高一入学考试，湖南衡阳新民中学,4,1
新高一分班,1,1
新高一分班入学卷,5,1
新高一分班摸底试卷,1,1
新高一分班摸底试卷天津专用,9,1
新高一分班检测卷 仿高考题型 仅限初中知识,1,1
新高一分班考试数学卷,1,1
新高一化学,4,1
新高一化学预习,1,1
新高一实验班,1,1
新高一摸底,1,1
新高一数学集合,2,1
新高一物理上学期加速度试卷,2,1
新高一物理上学期第二章前两节试卷,1,1
新高一物理第1单元检测卷,8,1
新高一物理第一章节试卷,2,1
新高一物理第二章前两节试卷,1,1
新高一竞赛选拔,1,1
新高一衔接练习,4,1
新高一衔接练习题,1,1
新高一语文暑假自学课2026,4,1
新高一青岛,1,1
新高一青岛西海岸,1,1
新高一青岛西海岸第1次月考,5,1
新高一预科卷子,9,1
新高一预科卷子化学鲁版,1,1
新高一预科卷子河南郑州,1,1
新高三九师联盟7月考试,2,1
新高三数学,1,1
新高三暑假,2,1
新高三暑假实习词,2,1
新高三暑假实词,3,1
新高二开学考,2,1
新高二开学考数学西附卷,1,1
新高二数学沪教版,1,1
新高二西附开学考,1,1
新高二重庆西附开学考,2,1
新高考 1 1卷,1,1
新高考 1 1卷 2,1,1
新高考 1 1卷 2026数学,1,1
新高考 数学 基础专题训练,2,1
新高考1卷数学,2,1
新高考2024,1,1
新高考2卷英语,1,1
新高考2卷语文,1,1
新高考60篇古诗文挖空默写练习,2,1
新高考AI方案高三总复习英语,5,1
新高考I卷 语文 评分细则,1,1
新高考一卷 2025英语,2,1
新高考一轮单元滚动测试卷,5,1
新高考二卷英语2026,2,1
新高考二卷语文阅读答题模版,1,1
新高考全国一卷历史6月,1,1
新高考复习,3,1
新高考数学题型全归纳 基础版 张永辉》,5,1
新高考数学题型全归纳 基础版；,2,1
新高考方案,1,1
新高考方案 数学,3,1
新高考方案2026电子版化学,1,1
新高考江西卷地理,1,1
新高考真题,3,1
新高考真题分类全刷,1,1
新高考考前小题冲刺训练语文二,4,1
新高考英语应用文全套14类模板,2,1
新高考英语应用文全套模板 学案 知识清单,3,1
新高考英语核心1000高频词,1,1
新高考英语高频词汇背诵计划表 每日30词,1,1
新鲁教版必修二知识清单,6,1
方位介词表,1,1
方城县,2,1
方城县末,2,1
方城县第一高级中学,3,1
方法,1,1
方程,2,1
方程与不等式应用题,2,1
方程式书写,4,1
方程式书写训练,1,1
方程式配平训练,1,1
方程式默写,4,1
方程组应用题,1,1
方程组应用题初一,3,1
方程组计算,5,1
旅游地理,1,1
旅游方案,3,1
旅游概论,3,1
旅顺中学,1,1
旅顺中学高三,1,1
旋转全等几何综合,6,1
旋转全等几何综合北京,3,1
旋转初三,3,1
旋转性质求解 北师大,2,1
无中自主招生,1,1
无为,1,1
无为七年级下册人教版语文期末考试卷,1,1
无为中学,3,1
无为市初中十校联考 2024~20258上物理期中试题,1,1
无为市无中自主招生,3,1
无为市期中考试试卷,2,1
无为市期中考试试卷八年级上册,1,1
无为市期中考试试卷八年级上册数学,1,1
无为市期中考试试卷八年级下册数学,2,1
无人机,3,1
无印,1,1
无外力单棒模型,1,1
无忧小卷,1,1
无机化学,4,1
无机化学方程式汇总,4,1
无棣八上物理,1,1
无棣八上英语,1,1
无棣八上语文,1,1
无棣博翱综合高中,2,1
无棣博翱综合高中月考成绩,1,1
无棣县期中八上数学,2,1
无法扫盲小学英语思维导图,1,1
无理数,1,1
无理数与实数,2,1
无衣,1,1
无衣课件,8,1
无衣课件带视频,2,1
无锡2025 2026高一下期末,1,1
无锡一中物理,1,1
无锡三中数学月考,1,1
无锡三中高一上月考数学,2,1
无锡三中高一上期中数学,1,1
无锡八上数学,1,1
无锡八上数学期中,2,1
无锡历史中考,3,1
无锡吴风中学,1,1
无锡吴风实验中学,1,1
无锡天一中学高一,1,1
无锡天一月考,1,1
无锡市,2,1
无锡市2026年高一,1,1
无锡市东北塘实验小学,2,1
无锡市中考卷,4,1
无锡市中考试卷,2,1
无锡市天一中学,2,1
无锡市普通高中 2025 年春学期高一期中调研考试试卷政治,2,1
无锡市普通高中 2026年期末地理,1,1
无锡市梅村高级中学,2,1
无锡市第一中学2026 2027上学期高三学业水平调研地理,2,1
无锡市第一中学升学考,5,1
无锡市运河中学高二历史暑假作业,1,1
无锡市金桥,2,1
无锡市锡山区语文八年级下册期末考试卷,1,1
无锡市青山高级中学高一下英语期中考,1,1
无锡市高二上小高考物理,1,1
无锡市高二小高考,1,1
无锡市高二小高考物理,2,1
无锡是新吴区,2,1
无锡期中,2,1
无锡期末,8,1
无锡期末联考,2,1
无锡格致,2,1
无锡河埒中学,2,1
无锡生物,1,1
无锡第一中学,6,1
无锡辅仁高中高一入学分班考,1,1
无锡辅仁高中高一入学升班考,2,1
无锡高一九月份,1,1
无锡高一物理上学期月考,1,1
无锡高一英语10月阶段性练习,2,1
无锡高三,1,1
无锡高三二模,1,1
无锡高三期中,2,1
无锡高三统考,9,1
无锡高二上,2,1
无锡高二下期末,2,1
无锡高二合格考,1,1
日喀则市第一高级中学,1,1
日照,2,1
日照2022二模物理,2,1
日照2023一模高中历史,1,1
日照2026一模高中历史,2,1
日照一中,2,1
日照一中2025 2026学年高一上学期第一次质量检测数学学科试题,2,1
日照化学高一上,1,1
日照北京路中学,1,1
日照北京路中学七年级开学考,3,1
日照实验,1,1
日照实验高一上期中,1,1
日照实验高一上期中数学,1,1
日照实验高一期末,2,1
日照实验高中月考,2,1
日照市2025高三开学考,2,1
日照市2026高三模拟化学,1,1
日照市8年级上册期末数学,4,1
日照市东港区二年级上册数学练习题,1,1
日照市东港区二年级上册数学练习题第四单元,2,1
日照市东港区二年级上册数学练习题第四单元人教版,1,1
日照市中考真题卷,2,1
日照市二模,1,1
日照市二模高中历史,1,1
日照市八上物理期末试卷,2,1
日照市初中中考真题卷,1,1
日照市初中中考英语真题卷,1,1
日照市实验高中物理，第一次月考高一,5,1
日照市新营中学,2,1
日照市新营中学九年级数学,2,1
日照市新营中学物理期末,1,1
日照市新营小学,1,1
日照市海曲中学,2,1
日照市献唐学校,2,1
日照市经开区六年级下册数学期末试卷2025到2026,2,1
日照市高三开学考试,2,1
日照新营中学,2,1
日照新营小学,1,1
日照月考,1,1
日照期中,2,1
日照第三中学,2,1
日照英语,1,1
日照贯通班数学考试,2,1
日照高一下学期期中考试,1,1
日照高中期末试卷英语,1,1
日照高中期末语文,2,1
日照高二下期末,2,1
日照高二下期末政治,2,1
日照高二数学期中,2,1
日章,1,1
日章学校,1,1
日记,1,1
日语 高考 2026真题,1,1
日语0基础五十音图,1,1
日语2025高考,1,1
日语7年级全一册人教版,6,1
日语7年级第一课,2,1
日语N2,2,1
日语七到九年级单词表,5,1
日语七年级,5,1
日语七年级第一课知,1,1
日语七年级第一课试卷,5,1
日语八年级,2,1
日语听力课堂,4,1
日语听力高效,4,1
日语广东,1,1
日语核心单词,4,1
日语核心单词，动词,1,1
日语格助词,1,1
日语河南洛阳强基联盟,4,1
日语滚动卷,2,1
日语第一课,2,1
日语第一课知和,1,1
日语能力,2,1
日语试卷,1,1
日语试卷高一下,1,1
日语阅读,1,1
日语阅读入学式入社式,1,1
日语高考单词,2,1
日语高考卷,3,1
日语高考模拟,6,1
日语高考真题,1,1
旧初一下册英语译林版,2,1
旧初一下册英语译林版单词,6,1
早培,2,1
早培班 2022 2023学年八年级上学期期中试卷,1,1
旬邑县,5,1
旬阳第二中学,2,1
时差问题,2,1
时态 100真题 英语中考兰州,3,1
时态兰州,1,1
时态初中,2,1
时态练习,1,1
时态练习题,1,1
时态练习题初二,3,1
时态练习题英语,1,1
时态练习题英语高中,2,1
时态综合,2,1
时态讲解,2,1
时态讲解英语,2,1
时态语态易混辨析,1,1
时态题,1,1
时态题中考,3,1
时态题中考习题,1,1
时文 2006阅读英语,2,1
时文阅读英语,1,1
时间位移,2,1
时间速度路程,4,1
时间速度路程专题,1,1
时间速度路程专题试卷,1,1
昂立物理,1,1
昆一中,1,1
昆一中西山学校,2,1
昆一中西山学校2024-2025学年初三上学期入学考数学试卷,1,1
昆三中分班考卷,10,1
昆三中期末考,3,1
昆三中高一新生开学考试,1,1
昆三新高一开学考,1,1
昆八中2026学年高一物理月考卷,1,1
昆六中,1,1
昆山中学,4,1
昆山八上物理期中试卷,3,1
昆山八下期末试卷,2,1
昆山八年级上期中,8,1
昆山小升初,2,1
昆山期末考试物理试卷八年级上册,4,1
昆山花桥,2,1
昆山花桥小学,2,1
昆山花桥有光实验小学,1,1
昆山高三10月月考卷,2,1
昆山高三月考卷,1,1
昆明,2,1
昆明12月第5次联考2026届,2,1
昆明26市统测,1,1
昆明一中,1,1
昆明三中,1,1
昆明五华区高中生物,2,1
昆明八下物理期末,1,1
昆明市2023 2024学年高三期末质量检测,1,1
昆明市2023 2024学年高二期末质量检测,1,1
昆明市2025-2026高一数学,1,1
昆明市2026高一期末质量检测地理,1,1
昆明市2026高二期末质量检测,1,1
昆明市2026高二期末质量检测地理,2,1
昆明市五华区2026三年级下册期末试卷,2,1
昆明市五华区2026年数学考卷初一,1,1
昆明市呈贡区2025到2026学年下学期期末学业水平监测七年级,2,1
昆明市小升初分班考,2,1
昆明市昆三中,2,1
昆明市昆三中分班考卷,2,1
昆明市昆三中初一上分班考卷,1,1
昆明市昆三中初一分班考卷,1,1
昆明市普通高中2026届高三摸底诊断数学考试,2,1
昆明市普通高中2026届高三摸底诊断考试,5,1
昆明市润城学校,1,1
昆明市盘龙区初二会考生物,3,1
昆明市第一中学高三1月诊断复习卷,3,1
昆明市第三中学,5,1
昆明市第三中学 2025新高一分班考 数学 物理,1,1
昆明市第三中学西山,2,1
昆明市第三中学高20二八届高一年级上学期期中考试,4,1
昆明市统测,1,1
昆明市统测语文试卷,1,1
昆明市统测高二,2,1
昆明市统测高二生物,2,1
昆明市西山区2020年八年级下册期末考试，数学试卷,1,1
昆明市高一期末质量检测卷,1,1
昆明师范大学附属中学,2,1
昆明高二市统考,1,1
昆明高二期末质量检测,2,1
昆虫记,2,1
昌乐,2,1
昌乐一中高一,1,1
昌乐县,1,1
昌乐县美加,2,1
昌乐第一,1,1
昌南中学,2,1
昌吉九年级 化学,1,1
昌吉九年级10月化学,1,1
昌吉九年级开学,1,1
昌吉九年级开学数学,1,1
昌吉九年级第一次数学月考卷,1,1
昌吉九年级第一次月考卷,2,1
昌吉州八年级数学期末试卷,1,1
昌吉州第七中学八年级数学期末试卷,2,1
昌吉州第七中学八年级数学试卷,1,1
昌图一高数学期末,1,1
昌图一高英语期末,3,1
昌图县八下数学期末,3,1
昌图县八下物理期末,1,1
昌图县八下语文期末,2,1
昌图县第一高级中学高一上,2,1
昌图实验高中,1,1
昌图实验高级中学,2,1
昌平二中,1,1
昌平区2025~2026学年第二学期高一年级期末政治试卷和答案,1,1
昌邑,2,1
昌邑七年级,1,1
昌邑市第一中学,4,1
昌邑市第一中学贯通班,3,1
昌黎,1,1
昌黎一中,2,1
昌黎八上物理,1,1
昌黎县2025 2026 三年级下册期末语文 数学 英语,2,1
昌黎县2025 2026五年级下册期末语文 数学 英语,1,1
昌黎县2025-2026五年级下册期末语文/数学/英语,4,1
昌黎安丰中学,2,1
昌黎安丰小学,3,1
明光中学,2,1
明德入学考英语高一长沙,1,1
明德新高一入学考,1,1
明德新高一开学考,1,1
明德高一分班考试,1,1
明校课堂八年级下册英语配套试卷,5,1
明清时期的科技和文化,2,1
明清时期的经济,1,1
明珠小学,1,1
明至清中叶的经济与文化,1,1
明说解题,1,1
易县九年级上册数学其中考试,2,1
易县八下物理,1,1
易县八年级下册英语期末考试,1,1
易学 金卷2025 2026,4,1
易混单词,3,1
易混易错数列,2,1
易湃数论,2,1
易金卷八上期中英语试卷,1,1
易金卷八上期中英语试卷专版,1,1
易金卷八上期中英语试卷仁爱,3,1
易金卷八上期中英语试卷福建专版,1,1
易错易混,4,1
易错易混 2026届,1,1
易错易混04,1,1
易错易混基础知识,1,1
易错易混数学,3,1
星星和月亮高兴的玩了一整天，星星跑到了一处草丛里，萤火虫在翩翩起舞，,1,1
星海,1,1
星湖学校,1,1
星火听力中考,2,1
星火听力中考练习册,1,1
星火英语,1,1
星火英语巅峰训练,3,1
星火英语巅峰训练初中英语语法填空,1,1
星锐杯,2,1
星际航行,4,1
映晓老师,2,1
春季 高考 1月 2026 年 广东,4,1
春季 高考1月 2026年广东数学 真题,2,1
春季英语模仿专项,1,1
春季高考英语真题,1,1
春季高考语文,3,1
春季高考语文文言文,2,1
春招,1,1
春招 2026广东省,5,1
春晓实验学校,2,1
春望的意思,2,1
春江花月夜,4,1
春江花月夜 课件,4,1
春江花月夜理解性默写,1,1
春田,1,1
春申中学,2,1
春练习题,1,1
春考 广东,1,1
春考数学,1,1
春考英语,1,1
春考语文,2,1
春雪,4,1
昭一中教研联盟,9,1
昭一中教研联盟高一下学期期末,5,1
昭通一中,9,1
昭通一中教研联盟2024-2025学年下学期高二年级期末质量,4,1
昭通一中教研联盟2026年春季学期二年级期末考试数学A卷,1,1
昭通一中教研联盟2026年春季学期高二期末数学A卷（2025-2026学年高二下期末数学A卷）,2,1
昭通一中教研联盟物理,2,1
昭通市实验中学,3,1
昭通市第一中学2025秋季开学考,2,1
昭通市第一中学开学见面考,1,1
昭通市第一中学教研联盟,1,1
昭阳区第一中学,3,1
是三个华侨联考,2,1
是广东省河源市教材,2,1
是阜阳一中25级高一创新实验班遴选考试,1,1
晋,1,1
晋一八上物理第一学期阶段一,1,1
晋一八上物理阶段一,2,1
晋一八年级上册北师大版,1,1
晋一八年级上册北师大版数学,1,1
晋一原创八年级上册数学北师大,1,1
晋中市2023年,1,1
晋升学,1,1
晋城一中,2,1
晋城一中2024~2025学年高一英语必修12综合测试卷一,4,1
晋城一中2024~2025学年高一英语综合测试卷,2,1
晋城一中高一上学期物理第三次调研,1,1
晋城市高一上学期物理12月月考,1,1
晋城阳城一中,1,1
晋宁,1,1
晋宁区,4,1
晋安区,2,1
晋文源 2025 2026 八年级上册第一次月考,1,1
晋文源 2025 2026 八年级下册山西期末,1,1
晋文源出品七年级第二学期,1,1
晋江一中九年级,1,1
晋江一中九年级物理,1,1
晋江一中九年级物理期中,2,1
晋江一中八下期末,2,1
晋江一中初三英语,1,1
晋江侨声中学,1,1
晋江侨声中学初二,2,1
晋江侨声中学初二数学期中测试卷,7,1
晋江安海小升初考试,1,1
晋江实验,1,1
晋江市一中,2,1
晋江市八年级上学期期中,1,1
晋江市养正中学入学测试卷,2,1
晋江市养正中学初二上册期中卷,1,1
晋江市养正中学物理竞赛选拔考试卷,3,1
晋江市季延,3,1
晋江市实验,1,1
晋江市实验中学,3,1
晋江期中,2,1
晋青宁,4,1
晓书,4,1
晚自习,1,1
晟凯,2,1
晟峰,1,1
晨读晚练,12,1
晨读晚默,3,1
普兰店区八年级上册数学期末,4,1
普宁2026八下期末考历史试卷,2,1
普宁2026八下期末考数学试卷,3,1
普宁一模2026物理,1,1
普宁初二2026,1,1
普宁市七年级下册期末数学卷统考,2,1
普宁市二实学校,3,1
普宁市二实验,1,1
普宁市期末,2,1
普宁市潮阳实验中学,2,1
普宁市潮阳实验中学，上册期末数学卷,1,1
普宁市潮阳高级中学,1,1
普宁市潮阳高级中学，八年级上册数学期末,4,1
普师,1,1
普洱市二年级下册数学期末考试卷,2,1
普洱市易成博雅,7,1
普洱市统考,3,1
普通中学2020-2021学年度第二学期期末试卷,1,1
普通中学2025-2026学年度第二学期期末试卷,3,1
普通高中,2,1
普通高中2025 2026去年下高一年级期末考试,2,1
普通高中2025到2026学年上高三年级期末考试,1,1
普通高中3500个单,3,1
普通高中模拟测试二,1,1
普通高中英语课程标准，2017年版2025 修改,3,1
普通高等学校招生全国统一考试,1,1
普通高等学校招生全国统一考试模拟卷5日语,2,1
普陀,4,1
普陀区2025学年第一学期高三数学质量调研,2,1
普陀区数学,2,1
景山中学九上语文第一次月考,5,1
景山学校,1,1
景德镇一中,2,1
景德镇二中,1,1
景德镇市一中,3,1
景德镇市九中,1,1
景德镇市第九中学,2,1
景德镇市高一期末物理,2,1
景德镇昌江实验,1,1
景德镇高一下数学,1,1
景德镇高一化学,2,1
景德镇高一数学,1,1
景泰,2,1
景范中学,2,1
晶体的结构与性质2025一轮复习专题,4,1
智勇中学,2,1
智囊团6年级上人教版s班模拟卷六三制,2,1
智学,1,1
智学大联考,2,1
智慧上进,2,1
智慧上进单元卷,3,1
智慧上进数学,1,1
智慧大课堂,2,1
智慧学校,7,1
智慧理财小达人,2,1
智慧理财小达人六上英语,1,1
智慧理财小达人英语,2,1
智慧理财小达人英语山东,1,1
智荣,2,1
暑假 2025 8升9 暑假作业,3,1
暑假 2026,2,1
暑假 2026 3升4 暑假作业,2,1
暑假 6升7,1,1
暑假 作业,1,1
暑假 作业2026,1,1
暑假 作业20267下,3,1
暑假专项提升--平面直角坐标系专项练 2025-2026学年人教版数学七年级下册,4,1
暑假专项提升级,1,1
暑假作业 05 分子动理论 巩固培优,4,1
暑假作业 05 分子动理论 巩固培优 高二物理人教版,1,1
暑假作业 05 分子动理论（巩固培优） 高二物理人教版,6,1
暑假作业 12 阅读回答问题,2,1
暑假作业 2026 3升4,1,1
暑假作业 分子动理论 巩固培优,2,1
暑假作业 高一第二学期暑假作业,1,1
暑假作业01,6,1
暑假作业04水的性质与组成,5,1
暑假作业06,1,1
暑假作业06 固体气体液体,1,1
暑假作业08特殊四边形几何模型与证明七题型70题,1,1
暑假作业09 原子结构原子核（巩固练习）,2,1
暑假作业12 阅读回答问题,1,1
暑假作业12阅读回答问题,12,1
暑假作业30题,2,1
暑假作业七名句默写,2,1
暑假作业三升四,1,1
暑假作业三升四语文人教,2,1
暑假作业周周清,1,1
暑假作业天天练,1,1
暑假作业天天练 通用版7年级数学,1,1
暑假作业水的性质与组成,4,1
暑假作业答案,1,1
暑假作业运动的合成与分解,3,1
暑假作业高二下,2,1
暑假作业：应用题综合（专项练习）-2025-2026学年数学三年级下册北师大版（2024）,2,1
暑假免费,2,1
暑假分层作业化学答案,3,1
暑假分层作业，硫及其化合物,2,1
暑假四年级,2,1
暑假培优复习,1,1
暑假复习综合测试卷基础篇人教a版必修第二册,3,1
暑假收心卷,1,1
暑假收心卷01,2,1
暑假收心卷01 新教材人教版,1,1
暑假收心卷01 新教材人教版数学,1,1
暑假收心卷01(新教材人教版),2,1
暑假收心卷2026-2027学年九年级上册新教材沪教版(广州专用)英语,2,1
暑假新高一预科卷子河南郑州,1,1
暑假早读晚默,1,1
暑假核心知识点总结 填空版,2,1
暑假模拟卷,4,1
暑假生活,1,1
暑假生活七年级,1,1
暑假生活数学,1,1
暑假电学衔接试题,3,1
暑假组自学课数学,2,1
暑假自学,1,1
暑假自学课新八年级北师大版,2,1
暑假自学课精品人教版,3,1
暑假衔接讲义,4,1
暑假重点练习13,5,1
暑假重点练习13历史,2,1
暑假预习,4,1
暑假预习成果验收卷,3,1
暑期伴学营,1,1
暑期衔接,2,1
暨华,2,1
曙光培优,1,1
曲一中,1,1
曲周,13,1
曲周县 2024-2025 八年级下册英语期末,1,1
曲周县第二实验中学初二下册期末试卷,1,1
曲周县第二实验中学初二期末试卷,2,1
曲江一中,1,1
曲线运动 单元测试卷,1,1
曲线运动复习,1,1
曲线运动的轨迹、速度、受力综合问题,2,1
曲阜一中科技部高一语文暑假作业,3,1
曲阜市,2,1
曲阜市2025—2026学年度第二学期期末教学质量监测考试四年级数学试题,2,1
曲阜市高一下英语期末,1,1
曲阳县,2,1
曲靖一中,1,1
曲靖一中高一下学期期末考试数学,1,1
曲靖一中高二下学期期末考,1,1
曲靖一中高二下学期期末考数学,1,1
曲靖一中高二下学期期末考数学2026年,1,1
曲靖市2024-2025学年秋季学期期末考试,2,1
曲靖市富源县2026期末,2,1
曲靖市民族中学,2,1
曲靖市陆良县2025-2O26二年级下册数学期末考试,3,1
曲靖市陆良县2025-2O26二年级数学期末考试,3,1
曲靖市麒麟区四中集团第1次月考物理试卷,4,1
曲靖市麒麟区第1次月考物理试卷,2,1
曲靖民中,2,1
曲靖高二下学期期末考数学2026年,1,1
曹县一中高三,2,1
曹县一中高二试题,2,1
曹杨中学,5,1
曹杨二中高一期末,2,1
曹杨二中高一期末英语,1,1
曹杨第二中学,1,1
曹江第二中学,1,1
曾都区,4,1
曾都区2024-2025学年度第二学期学业质量监测四年级,1,1
曾都区2026年七年下学期数学期末试卷,2,1
最新五年高考真题分类优化卷,1,1
最新版英语7年级下册英语书,4,1
最新高中,1,1
最新高中同步,1,1
最新高中同步数学,1,1
最新高中新同步精讲精练,1,1
最短路径 12个常见模型,1,1
最短路径问题三角形,1,1
最短路径问题将军饮马,1,1
最难中考物理试卷,1,1
最难中考物理题目,3,1
最高级,2,1
最高考假期作业,2,1
月 考2005,2,1
月光无价,2,1
月光无价阅读理解,2,1
月坛中学 日语,1,1
月相,6,1
月相  规律 高中地理真题,4,1
月相 变化,1,1
月相 变化 规律 高中地理真题,2,1
月考 1,2,1
月考 第一次,2,1
月考6,2,1
月考八上,5,1
月考化学深圳,1,1
月考化学深圳 九上,1,1
月考卷九上,1,1
月考卷九上天津市,3,1
月考卷九上天津市化学,1,1
月考卷九上天津市化学第一次月考试卷,1,1
月考卷数学,1,1
月考卷高一上,5,1
月考卷高一上10月份,2,1
月考卷高一上期中,1,1
月考实,2,1
月考实考,1,1
月考实验,1,1
月考必修一生物,2,1
月考数学,2,1
月考试卷苏州中学,1,1
月考试卷英语,2,1
有67中的试卷吗太原,1,1
有丝分裂,5,1
有丝分裂和减数分裂,2,1
有丝分裂和减数分裂 2026一轮专题,1,1
有关体合金属材料的题,1,1
有关子集和真子集,1,1
有关椭圆的定义的题型,2,1
有关铁及其化合物,5,1
有关铁合金属材料的题,3,1
有外力单棒模型,1,1
有序对确定位置,2,1
有朋自远方来,5,1
有机 化学1轮 反应方程式,1,1
有机 化学1轮复习,4,1
有机 化学选择题 高考真题汇编2026,2,1
有机 推断 2026 复习专题化合物剂是一种治疗哮喘的药物。,4,1
有机 推断 化合物剂是一种治疗哮喘的药物。,1,1
有机2025一轮复习专题,1,1
有机化合物 10大题型专项训练 化学人教版必修第二册,1,1
有机化合物分类命名研究方法,1,1
有机化学一轮复习,2,1
有机化学专题复习,1,1
有机化学基础,3,1
有机化学基础知识,3,1
有机化学实验,3,1
有机化学实验总结,1,1
有机化学实验整理,1,1
有机化学实验装置,1,1
有机化学实验装置图,3,1
有机化学推动,1,1
有机化学推断,1,1
有机化学湖南,2,1
有机化学练习题,5,1
有机合成路线,2,1
有机大题 训练人教版,1,1
有机推断,1,1
有机推断与合成综合,3,1
有机推断与有机合成综合题,4,1
有机推断大题黑龙江,1,1
有机物中各种反应的消耗量,1,1
有机物命名,5,1
有机物命名 2025专题一轮复习高三,1,1
有机物的分类,2,1
有机物的分类江苏,1,1
有机物的命名,2,1
有机物的表示及命名,6,1
有机物鉴定,1,1
有机物除杂,3,1
有机练习题,1,1
有机练习题高考,3,1
有机综合推断,2,1
有机选择题真题100道,4,1
有机题,2,1
有氧呼吸,1,1
有氧呼吸和无氧呼吸,1,1
有氧呼吸和无氧呼吸的过程,3,1
有没有9年级上册的讲课视频,2,1
有没有英语音频,1,1
有理数 1000道混合运算计算专练,2,1
有理数 章节测试免费,1,1
有理数 试卷,2,1
有理数专项训练,1,1
有理数乘法,1,1
有理数乘法同步练习题,2,1
有理数人教版专题,1,1
有理数加减,2,1
有理数加减法混合运算,4,1
有理数加减混合运算,1,1
有理数周测,1,1
有理数大小的比较,1,1
有理数的100混合运算练习人教版,1,1
有理数的加减法,2,1
有理数的运算,4,1
有理数的运算实际应用,1,1
有理数第一单元试卷,1,1
有理数简便计算,1,1
有理数计算,2,1
有理数计算 100专项训练计算专项,2,1
有理数计算题专练,4,1
有理数运算,1,1
有界磁场题型,6,1
有选择六选五阅读表达的七下英语阅读理解,2,1
服装类,1,1
服装类考纲百套卷,1,1
朔山期末,2,1
望佳学校,1,1
望城八下历史,2,1
望城区2024到2025期末数学八年级,1,1
望城区2026期末八年级下册,4,1
望城区七年级下册期末质量检测,5,1
望城县鲲鹏中学,1,1
望奎县第一中学,1,1
望花区2024至2025学年度六年级下学期期末,1,1
望花区2024至2025学年度六年级下学期期末数学测试卷,1,1
望花区2024至2025学年度期末试卷,2,1
望谟,2,1
望都中学,2,1
朝华夕拾 10篇练习题中考,2,1
朝花夕拾 10篇练习题中考语文,1,1
朝花夕拾批注,2,1
朝花夕拾赏析。批注,1,1
朝花夕拾阅读,2,1
朝花夕拾阅读练习,2,1
朝阳,1,1
朝阳2025~2026年八下数学期末,1,1
朝阳一高期末考试卷,1,1
朝阳二模,2,1
朝阳区,1,1
朝阳区026二模,1,1
朝阳区七下期中考试,1,1
朝阳区中德,2,1
朝阳区语文高一下,1,1
朝阳区高一期末英语,3,1
朝阳区高二期末英语,1,1
朝阳市一中入学,1,1
朝阳市八校2025-2026学年高二下学期期末联考政治试卷,1,1
朝阳数学,4,1
朝阳期末,3,1
朝阳柳城高中,1,1
朝阳物理期末,1,1
朝阳英语,2,1
朝阳高一下期末英语,1,1
期中 金陵中学,2,1
期中九年级数学,1,1
期中九年级数学浙江,1,1
期中初一期中数学第一学期,1,1
期中卷子,2,1
期中复习2025~2026学年人教版2024,1,1
期中复习2025~2026学年人教版20247上期中复习专题课件加练习,1,1
期中复习2025~2026学年人教版20247上期中复习专题课件＋练习,4,1
期中复习练习题,1,1
期中学易金卷,4,1
期中数学徐州,1,1
期中江苏徐州,4,1
期中测试卷,3,1
期中物理,1,1
期中练习,4,1
期中考广州高一,2,1
期中考广州高一全区统考,1,1
期中考试卷,1,1
期中考试卷第一中学化学九上,1,1
期中考试查讯,1,1
期中试卷,1,1
期中高二,1,1
期中高二上学期,3,1
期初,1,1
期初 高三 调研,2,1
期初考,1,1
期望可加性,1,1
期未试卷,1,1
期末 2024 2025八下期末测试卷,5,1
期末 九上,2,1
期末 作文范文,1,1
期末 函数,1,1
期末 考试,5,1
期末 考试 2024 2025 高一 下,2,1
期末 考试 2025 2026 高一,3,1
期末 考试 2025 2026 高一 下,1,1
期末 高一下,4,1
期末2026四川省广元市,3,1
期末2026年7下数学,1,1
期末2026年7下数学湖北,2,1
期末2026辽宁,2,1
期末26,1,1
期末7年级下册卷子,6,1
期末一元二次,5,1
期末七年级上册数学,1,1
期末专项句子,2,1
期末九上,1,1
期末冲刺100分,1,1
期末冲刺100分五下全套,2,1
期末冲刺检测密卷六上,1,1
期末冲刺检测密卷六上苏教版,2,1
期末几何,1,1
期末初一语文试卷,1,1
期末化学 高二下学期,1,1
期末北京,1,1
期末卷八下,2,1
期末卷子 达州高一上期末物理试卷,2,1
期末卷子数学,1,1
期末卷辽宁,1,1
期末历史,1,1
期末历史试卷,1,1
期末地理高二河北唐山迁安,1,1
期末复习专项相交线与平行线,4,1
期末复习梳理卷,3,1
期末强化训练2025-2026学年人教版七年级下册,3,1
期末快递·名师研创预测卷(一) 八年级下册数学 芸熙百分,4,1
期末成绩 查询,1,1
期末成绩 查询七年级,1,1
期末成须,2,1
期末政治试卷,2,1
期末数学考试阳江,1,1
期末数学试卷高一下,3,1
期末核心知识必备清单,4,1
期末检测卷,3,1
期末检测卷.,1,1
期末检测卷（一）,3,1
期末模拟,1,1
期末沈河七下,1,1
期末测试卷,2,1
期末深圳中学,3,1
期末物理高二河北唐山迁安,2,1
期末真题,1,1
期末考,4,1
期末考八下语文试卷2026,2,1
期末考广州,1,1
期末考点大串讲,1,1
期末考试卷数学高三，河南商丘，九师联盟,2,1
期末考试卷数学高二下,2,1
期末考试卷生物高三，河南商丘，九师联盟,1,1
期末考试查讯,2,1
期末考试理解性默写,3,1
期末考试真题卷陕西省商洛市镇安县,1,1
期末考试肥西八下数学,1,1
期末考试试卷,1,1
期末考试青岛,1,1
期末考试，七年级上学期,3,1
期末试卷 2025 2026学年语文5年级下册统编版城东镇中心小学,2,1
期末试卷数学,2,1
期末试卷澄海区七上英语2026,2,1
期末试卷澄海区七下英语2026,2,1
期末试卷澄海区八上英语,1,1
期末试卷澄海区八上英语2026,1,1
期末试卷澄海区八下英语,1,1
期末试卷英吉沙2026,3,1
期末试卷语文,3,1
期末试卷高二上,1,1
期末试卷龙湖区七下英语2026,1,1
期末语文,1,1
期末语文试卷,2,1
期末语文高一下学期,1,1
期末调研测试高一年级英语试题,2,1
期末质量教学评估,2,1
期末质量检测卷,1,1
期末质量检测卷一英语,1,1
期末质量检测卷英语,5,1
期末质量检测卷（一）英语,1,1
期末质量检测卷（一）英语 满分150分,6,1
期末质量检测试题,1,1
期末质量检测语文试卷,1,1
期末辽宁朝阳,2,1
期末辽宁高二,3,1
期末道法,1,1
期末高一下,1,1
木渎,2,1
木渎高中,1,1
木渎高级中学,3,1
木牍中考 课时A计划 九年级上册物理 人教版,7,1
本校题,1,1
本溪,2,1
本溪一中学高一分班考,2,1
本溪十二中期末考试卷,1,1
本溪市12中学初一下期末考试卷英语,1,1
本溪市2025-2026学年下学期期末考试七年级历史试卷,1,1
本溪市实验中学初一下期末考试卷英语,2,1
本溪市实验小学2025 2026学年度上学期六年数学期末素质评价,3,1
本溪市实验小学2025-2026学年度上学期六年数学期末素质评价,1,1
本溪市第12中学,2,1
本溪市第三十六中学,1,1
本溪市高级中学九月月考,1,1
本溪市高级中学入学考试,1,1
本溪市高级中学教育联盟语文,1,1
本溪市高级中学新生入学考试,3,1
本溪是2026语文八年级下期末卷子,2,1
本溪高中,1,1
本溪高中高一下学期化学,1,1
本溪高中高二下期末,1,1
朱昌二中,3,1
朱棣文小学,2,1
机械制图,2,1
机械振动和简谐运动,2,1
机械效率导学案,1,1
机械波 10年,7,1
机械波的传播多解性,1,1
机械波的多解问题,1,1
机械能专题,2,1
机械能专题腾远,1,1
机械能专题试卷,5,1
机械能动量守恒定律,1,1
机械能及其守恒定律,4,1
机械能守恒,1,1
机械能守恒与动能定理,1,1
机械能守恒定律 动量守恒定律,5,1
机械能守恒定律 能量守恒定律基础,1,1
机械运动,2,1
机械运动 20225复习专题,8,1
机械运动 中考汇编,4,1
机械运动专项练习卷,3,1
机械运动单元测试卷,2,1
机电一体化,2,1
机车启动,1,1
机车启动2026专题,2,1
机车启动问题物理,1,1
机车启动问题试卷物理,1,1
杆秤,3,1
李家中学2021至2022学年高一上学期期中质量调研英语试卷,1,1
李林刷题课,2,1
李林刷题课讲义,1,1
李林生物刷题课讲义,2,1
李柯漂,2,1
李沧区2026期末七年级数学,1,1
李现,2,1
杜尔伯特一中,2,1
杜蒙,2,1
杜蒙一中,1,1
杞县,4,1
杞县大同中学,2,1
杠杆,3,1
杠杆 滑轮,3,1
杠杆定理,2,1
杠杆定理初学,1,1
杠杆滑轮基础知识练习,1,1
来凤中学,1,1
来宾,1,1
来宾市,4,1
来自山东省人民检察院的第一书记丁来辈：以“检察蓝”守护“乡村兴”,1,1
杨一,1,1
杨家坪中学2024-2025高一上第一次月考,1,1
杨家坪中学高一上第一次月考,1,1
杨帆天天练,1,1
杨思高级中学,4,1
杨村,4,1
杨村一中高一上学期期中数学,1,1
杨村一中高一分班考,1,1
杨村一中高一期中,1,1
杨村一中高一期中数学,1,1
杨村一中高一第一学期,2,1
杨村一中高一第一学期数学,1,1
杨村一中高二上期中,1,1
杨村第一中学,2,1
杨柳青一中九月高二下月考,2,1
杨柳青一中九月高二月考,1,1
杨柳青一中九月高二第一次月考月考,1,1
杨柳青一中高二上学期,1,1
杨柳青一中高二上学期期中,3,1
杨浦,2,1
杨浦区初三英语第一学期期末,2,1
杨辉三角,2,1
杨辉法,3,1
杨集一中,3,1
杭二 长郡 南师附中,1,1
杭二 长郡 南师附中数学,1,1
杭二中化学,1,1
杭二中数学竞赛班训练,3,1
杭十三中,1,1
杭四,2,1
杭州 0 2026 高三 一模,2,1
杭州 二中,2,1
杭州 二模 2026数学,2,1
杭州 八上 历史,2,1
杭州 八上 历史 期中,1,1
杭州2025 2026高二下学期期末物理,2,1
杭州一模数学,4,1
杭州七年级上册英语第一单元试卷,1,1
杭州中考,1,1
杭州二中化学,3,1
杭州二模,1,1
杭州八县区高一期末,2,1
杭州八年级上册英语第一次月考试卷,1,1
杭州分班考,3,1
杭州分班考语文,1,1
杭州初中,4,1
杭州周边高二上化学2025期中,4,1
杭州周边高二上数学2025,1,1
杭州周边高二上数学2025期末,1,1
杭州周边高二上物理2025期中,4,1
杭州周边高二上生物2025期中,2,1
杭州四年级上册语文期中检测,4,1
杭州四年级上册语文第二单元检测,1,1
杭州学军中学 2025 2026 高二下期末 物理,2,1
杭州学军中学高二第二次月考英语,2,1
杭州市2 026高二下期末,2,1
杭州市2025-2026学年第二学期高二年级教学质量检测 化学试题,1,1
杭州市2025~20268上11月份物理期中测试卷,1,1
杭州市2025~20268上11月份物理期中试卷,1,1
杭州市2026届高三上学期教学质量检测,3,1
杭州市上城区,1,1
杭州市余杭高级中学,2,1
杭州市周边重点中学,1,1
杭州市周边重点中学2025年高二上期中数学,2,1
杭州市曲目哦,1,1
杭州市期末,2,1
杭州市统测，高一下期末,1,1
杭州市统测，高一下期末语文,3,1
杭州市西湖区,2,1
杭州市观城中学,1,1
杭州市高三上学期2026年一模,2,1
杭州建兰中学,1,1
杭州数学,2,1
杭州文澜期末,1,1
杭州期末,1,1
杭州期末卷,2,1
杭州期末高二,1,1
杭州物理,3,1
杭州生物,3,1
杭州科学中考,3,1
杭州第二中学2026年5月高三年级适应性检测,1,1
杭州萧山区三年级上册语文期末试卷,2,1
杭州萧山区三年级下册语文期末试卷,1,1
杭州萧山区三年级语文下册期末考试试卷,1,1
杭州萧山区小学4年级语文下册期末考试,1,1
杭州西湖区,1,1
杭州西湖区八年级上,1,1
杭州语文,1,1
杭州高一期中,2,1
杭州高一英语,2,1
杭州高三一模,1,1
杭州高三下二模,1,1
杭州高二,1,1
杭州高二上数学2025期末,3,1
杭州高二期末卷,1,1
杭州高二期末地理,4,1
杭州高二语文,1,1
杭锦后旗,7,1
杭锦后旗奋斗中学高一上月考,2,1
杭高,2,1
杭高期中高三,1,1
杯盘狼藉理解性默写,1,1
松二,1,1
松北区2025至2026学年度第二学期期末调研测试六年级数学试卷,1,1
松原一中,1,1
松原市,2,1
松原市实验高级中学,1,1
松原期中考试卷,1,1
松原期中考试卷第一中学,2,1
松原期中考试卷第一中学化学九上,2,1
松原期中考试卷第一中学语文,1,1
松原期中考试卷第一中学语文初一,2,1
松山四中,2,1
松山湖学校八年级自招真题,2,1
松山湖未来学校 自招物理,1,1
松岗中学高一物理综合卷,2,1
松树桥中学,1,1
松桃,5,1
松江区八年级下数学期末卷,1,1
松江区八年级下英语期末卷,2,1
松江语文高三,1,1
松江语文高三2025二模,1,1
松江语文高三二模,1,1
松溪,3,1
松溪县第一中学高一,3,1
松滋市第一中学,3,1
松雷高一下历史,2,1
松雷高一下数学,1,1
松雷高一下语文,4,1
板 块模型 2026复习专题物理,1,1
板 块模型 2026复习专题物理大题,1,1
板-块模型,2,1
板块模型专项练习,1,1
板块运动,2,1
板桥中学,2,1
极值点 偏移,5,1
极化恒等式,2,1
极坐标方程,4,1
极点极线问题,2,1
极难,4,1
构成物质的微观粒子,1,1
构成物质的微观粒子全面练习题,2,1
构成物质的微观粒子基础知识,1,1
构词法,3,1
构造中位线,2,1
构造函数 导数,4,1
构造函数 比大小解不等式,1,1
林伟华,2,1
林兰英,1,1
林可尔,3,1
林荫校区,1,1
枞阳,3,1
枞阳县五校联考2025~20218上数学期中试卷,3,1
枞阳县五校联考2025~20268上数学试卷,1,1
枞阳县第二中学2025~20268上数学期中试卷,1,1
枞阳县第二中学2025~20268上物理期中测试卷,7,1
枞阳县第二中学2025~20268上物理期中试题,8,1
枞阳县铜官区2025~20268上物理期中试题,2,1
枣庄2026年高二下学期英语期末考试,3,1
枣庄一中,1,1
枣庄中考数学,2,1
枣庄八中,1,1
枣庄四十一中,1,1
枣庄市2026高三一模拟化学,2,1
枣庄市中区期末考试试题高二下,1,1
枣庄市中区期末考试试题高二下数学,1,1
枣庄市中等职业学校2025~2026学年第二学期期末统一监测,2,1
枣庄市十五中期末七年级下册,3,1
枣庄市市中区中考,2,1
枣庄市市中区实验中学,1,1
枣庄市滕州市高二下期中,1,1
枣庄市滕州市高二下期末,5,1
枣庄市第三中学,2,1
枣庄市第三中学第一单元数学试卷,1,1
枣庄市第八中学,2,1
枣庄市高一下学期期末考试数学,2,1
枣庄市高一下学期期末考试物理,2,1
枣庄数学,2,1
枣庄期末,1,1
枣庄期末考试试题高二下,1,1
枣庄薛城2025~2026。化学期末考试,1,1
枣庄薛城2025~2026学年度高二教学质量检测期末考试化学答案。,3,1
枣庄薛城2025~2026学年度高二教学质量检测期末考试物理答案。,5,1
枣庄薛城2025~2026学年度高二教学质量检测物理答案。,2,1
枣庄薛城2025~2026高二化学期末考试,3,1
枣庄薛城2025~2026高二生物期末考试,3,1
枣庄薛城2025~2026高二英语期末考试,2,1
枣庄调研,1,1
枣庄高二上学期,2,1
枣庄高二下学期期末,2,1
枣庄高二下期末,3,1
枣庄高二期末数学试卷,1,1
枣庄高二期末试卷,1,1
枫杨杯,2,1
某储藏室入口的横截面是一个半径为1.2m的半圆，一个长、宽、高分别是1.2m，1m，0.8m的箱子能放进储藏室吗？,1,1
柘城县2018-2019八年级期末质量检测,3,1
查分数入口 第六中学张家口市,1,1
查孩子班级成绩,1,1
查成绩会考,1,1
查成绩入口2026,1,1
查成绩入口2026期末,6,1
查漏补缺,1,1
查看全文,2,1
查看： https://m.zchixxk.com/soft/58420248.html,1,1
柯坦,2,1
柯桥区四下,1,1
柯桥区四下数学,1,1
柯桥区四下语文,2,1
柯桥区实验中学八年级期中测试上册,2,1
柯桥区小学期末学业评价考试,12,1
柯桥小升初英语,4,1
柯西不等式 反柯西不等式与权方和不等式 十一大题型,2,1
柳州 026 届 新高三 摸底 考试,2,1
柳州 026 届 高三 高考 适应性 考试,1,1
柳州 027届 新高三 摸底 考试,4,1
柳州 分班考 初中,2,1
柳州三十五中,1,1
柳州初三物理浮力压轴,1,1
柳州四年级下册数学期末试卷,2,1
柳州市,1,1
柳州市0模试卷,2,1
柳州市0模试卷物理,1,1
柳州市2026年7月高二期末质量检测化学,2,1
柳州市2026年7月高二期末质量检测英语。,3,1
柳州市六年级下册数学,1,1
柳州市初中入学分班考试卷,1,1
柳州市十二中入学分班考试卷,2,1
柳州市城中区六年级毕业考试,7,1
柳州市期末考试初一下学期,3,1
柳州市柳州高极高中,1,1
柳州市柳州高极高中高一期末生物卷,2,1
柳州市第十三中学试卷,2,1
柳州市铁一中学,1,1
柳州市铁一中学高中,1,1
柳州市鱼峰区六年级下册数学,1,1
柳州德润分班考试卷,3,1
柳州浮力压轴,1,1
柳州物理浮力压轴,1,1
柳州铁一中学,2,1
柳林中学,1,1
柳江中学,2,1
柳铁一中,2,1
柳铁一中高一,1,1
柳高,1,1
标准差中位数极差平均数,1,1
标准差极差,5,1
标准日本语1-3课测试卷,1,1
标点符号的作用,1,1
标点符号的作用高中,1,1
标题的作用,2,1
树之歌,2,1
树人,1,1
树人八中,1,1
树人淮北,1,1
树人高中高一下学期第二次月考数学,1,1
树德中学英语,1,1
树德中学英语11月,1,1
树德中学高一下生物,3,1
树德中学高三英语11月,1,1
树德中学高二,1,1
树德中学高二上,1,1
树德中学高二上学期单元测,2,1
树德中学高二下期末,1,1
树德九上第一月考,2,1
树德实验,2,1
树德实验八上英语,3,1
树状图,3,1
栗木小学,2,1
校入学考试,1,1
校园专区入口,2,1
校本练习,1,1
校本（单元）,1,1
校联考,2,1
株洲二中沃土物理试卷,1,1
株洲二中自主招生,2,1
株洲二中自主招生物理试卷,1,1
株洲南方中学自主招生试卷,3,1
株洲市2026届高三一模英语,1,1
株洲市2026届高三年级教学质量统一检测语文,3,1
株洲市三中,1,1
株洲市二中初中部,1,1
株洲市二中物理高一,4,1
株洲市二中高一,3,1
株洲市二中高一月考,2,1
株洲市二中高一语文,4,1
株洲市第三中,1,1
株洲市第三中学,10,1
株洲市高一,1,1
株洲市高一上,1,1
株洲无雅2025年数学分班考试试卷,1,1
株洲自主招生试卷,1,1
株洲自主招生试卷夏令营,1,1
株洲醴陵青云中学,1,1
株潭,3,1
株潭镇中心小学,3,1
核反应 结合能,2,1
核心模块,3,1
核心突破,1,1
核心突破27英语,4,1
核心词汇,4,1
核按钮青于蓝高考语文总复习附录,1,1
根式练习,1,1
根式练习苏教,1,1
根式练习苏教版,2,1
根据函数的最值或值域求参数,3,1
根据实物图画电路图习题专项,1,1
根据实物图画电路图习题专项链,1,1
根据汉语提示完成下列句子,2,1
根据汉语提示完成下列句子 七年级,1,1
根据汉语提示完成下列句子 六年级,1,1
根的分布问题练习题,2,1
格城区2026年八年级上册语文期末试题,1,1
格尔木,2,1
格林童话导读单,3,1
格致中学高一分班考,1,1
格致分班考试,2,1
栾城八年级下册数学期末考试试卷答案,1,1
栾城八年级下册物理期末考试试卷答案,1,1
桂城中学,2,1
桂林2025 2026年度非毕业年级期末日常考试题库卷,1,1
桂林一模,1,1
桂林十四中分班考,2,1
桂林市 2025 2026学年度下学期非毕业年级,2,1
桂林市 2025 2026学年度下学期高二,1,1
桂林市 2025 2026学年度下学期高二政治,1,1
桂林市2025 2026学年度下学期非毕业年级日常考试题库卷,1,1
桂林市2025-2026高一下册,2,1
桂林市2025-2026高一下册期末,1,1
桂林市20252026,1,1
桂林市2025到2026学年度下学期期末质量检测高二化学,2,1
桂林市2025到2026学年度下学期期末质量检测高二地理,1,1
桂林市2025至2026年学年度下学期非毕业年级日常考试题库卷，高一年级地理,1,1
桂林市2026到2027学年度下学期期末质量检测高二地理,1,1
桂林市七年级,4,1
桂林市下学期期末质量检测,2,1
桂林市下学期期末质量检测高一年级,1,1
桂林市十八中高三上学期,1,1
桂林市十八中高三上学期物理,1,1
桂林市国龙外国语学校,2,1
桂林市国龙高三上学期物理,1,1
桂林市教科题库,1,1
桂林市期中,2,1
桂林市高一下学期期末政治试卷,1,1
桂林市高一期末数学,2,1
桂林市高三上学期9月物理考试,2,1
桂林市高三上学期9月考试,2,1
桂林市高三物理模拟题,4,1
桂林市高二下册期末试卷,4,1
桂林市高二下学期期末考试数学,2,1
桂林期末,2,1
桂林高二 期末考试,2,1
桂林高二期末,1,1
桂洲中学,2,1
桂花雨,6,1
桃城,1,1
桃李中学,4,1
桃李高级中学,1,1
桃江一中2026级高一暑假校本作业,2,1
桃源县2026年,2,1
桃源县2026年三年级下册,3,1
桃源县2026年三年级下册英语,1,1
桃源县2026年三年级下册语文,1,1
桃源县2026年数学八年级,1,1
桃源路中学,2,1
桐乡,2,1
桐乡屠甸中学,1,1
桐乡高一月考卷,3,1
桐城,1,1
桐城中学期末考试,1,1
桐城中学高一第一次月考物理,8,1
桑植一中,1,1
桓台一中高一上学期物理期中考试,1,1
桓台一中高一物理期中考试,2,1
桓台五年级上学期数学期中考试试卷,2,1
桓台五年级数学期中考试试卷,1,1
桥城中学,1,1
桥城中学七上,2,1
桥城中学八上数学期中,2,1
桦南一中,1,1
桦南县第一中学,2,1
桦川一中,1,1
梁山县2025-2026数学八年级下册,2,1
梁平,2,1
梁平区,2,1
梅华中学,1,1
梅华中学入学考试,2,1
梅县东山中学,1,1
梅县华侨中学,2,1
梅城镇中学,1,1
梅岭初一素养体验活动英语学科10月月考,1,1
梅岭小学,1,1
梅川高中,1,1
梅州七年级期末,3,1
梅州东山中学,1,1
梅州中学,1,1
梅州大埔七年级期末,1,1
梅州市七年级期末,2,1
梅州市五华县七年级下册地理期末考试试卷,1,1
梅州市五华县七年级下册英语期末考试卷,1,1
梅州市五华县七年级下册道法期末考试试卷,2,1
梅州市五华县年级下册生物期末考试卷,1,1
梅州市兴宁一中高一开学考试卷,2,1
梅州市兴宁一中高一开学考试试卷,7,1
梅州市期末考,2,1
梅州市梅县区,1,1
梅州市梅县区 七年级下学期生物期末,2,1
梅州市梅县区 八年级上学期物理期中考试,1,1
梅州市梅县区七年级有理数,1,1
梅州市梅县区六年级,1,1
梅州市英语2026,1,1
梅州市高一第二学期期末联考（2026.7） 英语参考答案,3,1
梅州市高三上开学,1,1
梅州市高三开学,1,1
梅州市高三开学上,2,1
梅州市高二期末下学期,2,1
梅州市高二期末东山中学,1,1
梅州梅县,2,1
梅州调研.,1,1
梅州高二下期末联考,2,1
梅州高考,1,1
梅村空港,3,1
梅村空港分班,2,1
梅村空遇,1,1
梅河口市第五中学26年高二下期末,1,1
梅河口市第五中学学年高二下学期末,1,1
梅河口市第五中学高一期末,1,1
梅涅劳斯定理,6,1
梅涅模型,2,1
梅苑学校,4,1
梓义,2,1
梦为欢,1,1
梦游天姥吟留别默写a卷,1,1
梦留天姥吟留别的译文,1,1
梧州八年级下期末,2,1
梧州期末试卷,2,1
梧州英,2,1
梧州英译,1,1
梧州高一期末下学期,1,1
梨树一中高一,2,1
棠下中学,2,1
棠张,2,1
棱柱,2,1
植物学,3,1
椒江四上语文卷,1,1
椒江四下期末卷,1,1
椒江四下语文卷,2,1
椭圆与直线位置关系,2,1
椭圆与直线联立,1,1
椭圆专题复习,5,1
椭圆中的最值和范围问题,1,1
椭圆培优,2,1
椭圆大题,1,1
椭圆大题联系,2,1
椭圆定值问题,2,1
椭圆离心率,5,1
椭圆练习题,2,1
椭圆综合,5,1
椭圆题型,1,1
椭圆题型培优,1,1
楚州中学,2,1
楚雄州2025 2026下学期期末教学质量监测,1,1
楚雄州2025-2026学年期末教育学业质量监测八年级数学下册,1,1
楚雄州八年级期末试卷,2,1
楚雄州高一期末考物理,1,1
概念题,1,1
概括提炼,2,1
概率 大题,2,1
概率 大题2026专练,1,1
概率+数列,2,1
概率与统计高考真题,2,1
概率专项,1,1
概率专项高中数学,1,1
概率初步5年中考 三年模拟,1,1
概率压轴大题,1,1
概率培优,1,1
概率大题 2026 一轮专题练习,1,1
概率数列,1,1
概率数列压轴题,1,1
概率数学 大题2026专练,3,1
概率数学 大题2026专练高中,1,1
概率练习,3,1
概率统计,1,1
概率统计专题,2,1
概率统计专题复习,2,1
概率选择性必修2,2,1
概率选择性必修2题型,1,1
概率题,1,1
概率高一,3,1
概率高考真题,1,1
概率高考真题汇编,2,1
概率麦穗问题,2,1
概要写作,3,1
概要写作 词汇,1,1
概要写作 高一,2,1
榆林乡中心学校,1,1
榆林四中,1,1
榆林市,1,1
榆林市府谷中学,2,1
榆林市普通高中过程性评价质量检测 高二年级语文,3,1
榆林市第一中学,1,1
榆林市第六中学,3,1
榆林市第十四中学,3,1
榆林市苏州中学,2,1
榆林市镇川中学,2,1
榆林市高一下册期末,8,1
榆树市实验高级中学,2,1
榆次二中高二年级,2,1
榆次大唐现代双语学校26年高一期末考试数学卷子,1,1
榕城,3,1
榕城区实验学校2026二年级期末试卷,1,1
榕城区实验学校2026二年级语文期中试卷,1,1
榕城区实验学校2026六年级语文期中试卷,1,1
榕城区试卷,1,1
榕城区试卷七年级,2,1
榕城区试卷七年级语文,1,1
榕江县,1,1
榕江四中,2,1
樟村中学,1,1
樟村中学高二,1,1
模卷文言文专题,1,1
模块一,1,1
模块一中国古代史,1,1
模拟 2026八年级,3,1
模拟广东,2,1
模拟广东高三,1,1
模拟考试数学,9,1
模考,1,1
模考卷,2,1
横州,4,1
横泾,1,1
橙子学,1,1
橙子学学学伴,4,1
次北固山下,1,1
欧姆定律 1 2专题计算练习,2,1
欧姆定律 1 专题计算欧姆定律2025,1,1
欧姆定律专项练习题,1,1
欧姆定律专项练习题人教版,1,1
欧姆定律图像问题,2,1
欧姆定律图像问题初中,2,1
欧姆定律的PPT,2,1
欧姆定律练习题,2,1
欧姆定律计算题,7,1
歙县五下,2,1
歙县初一,1,1
歙县初二,2,1
正中实验,2,1
正交分解物理专项训练,2,1
正交分解物理专项训练：,1,1
正余弦函数,1,1
正余弦定理的实际应用,1,1
正切恒等式,2,1
正则,1,1
正四面体,2,1
正多边形和圆,1,1
正安县第十一中学,2,1
正定一中,2,1
正定中学2024-2025高二下期末数学卷（,1,1
正定中学高一英语,2,1
正定县2024 2025上学期九年级数学期中试卷,2,1
正定县2025 2026上学期九年级数学期中试卷,1,1
正定县七年级下册期末试卷,3,1
正定县八年级下学期期末数学,1,1
正定四中成绩单,1,1
正定新高一上入学摸底卷,2,1
正弦 余弦定理,1,1
正弦 定理,1,1
正弦余弦定理单元卷,1,1
正弦平方差,2,1
正弦平方差公式,1,1
正数负数,2,1
正方形与特殊角,1,1
正禾一本通数学,3,1
正禾一本通数学 课时通关精练,1,1
正禾一本通数学 课时通关精练 答案解析,1,1
正禾大教育金版学案,3,1
正负数加减,1,1
正负数加减法口算,2,1
正负数的乘法,1,1
正负运算,5,1
正阳县2026年七年级下册期末试卷,2,1
正阳县皮店乡2026年七年级下册期末试卷,1,1
步步为营全程无忧,1,1
步步为营无忧小卷u3,2,1
步步为赢,2,1
步步为赢·全程无忧大单元整体设计与评价无忧小卷 七年级上册英语 仁爱科普版,2,1
步步升,3,1
步步高 16大一轮,2,1
步步高 2027大一轮复习讲义化学,1,1
步步高 大一轮复习化学,4,1
步步高 大一轮复习讲义,1,1
步步高 大一轮复习讲义2027,1,1
步步高 大一轮复习讲义2027粤教版,1,1
步步高 高考语文大一轮复习讲义 新高考,1,1
步步高2027高考化学大一轮复习讲义,1,1
步步高加练半小时,1,1
步步高化学,1,1
步步高化学一轮复习课件,2,1
步步高双修化学,2,1
步步高大一轮,1,1
步步高大一轮复习数学,4,1
步步高大一轮复习讲义英语,2,1
步步高大一轮复习讲义英语人教版,3,1
步步高大二轮英语,4,1
步步高政治,3,1
步步高精准讲练,3,1
步步高精准讲练练习册,3,1
步步高精准讲练高一数学必修二册 章末试卷,1,1
步步高苏,1,1
步步高苏教版必修一函数,1,1
步步高苏教版必修一分段函数,2,1
步步高苏教版高一必修一,2,1
步步高英语3100+500,3,1
步步高资料,7,1
步步高选择性必修一化学,1,1
步步高选择性必修一数学,1,1
步步高选择性必修一生物,3,1
步步高配套检测卷,2,1
步步高高中,1,1
步步高高中政治,1,1
步步高高中政治选必1,3,1
步步高高考必备词汇,1,1
步步高高考总复习地理,6,1
武 汉,1,1
武 汉 市 2 0 2 6 届 5月 调 研 考 试,1,1
武 汉 市 2 0 2 6 届 5月 调 研 考 试数学,1,1
武 汉 市 2 0 2 6 届 三月 调 研 考 试,3,1
武 汉 市 2 0 2 6 届 三月 调 研 考 试英语,1,1
武 汉调研,1,1
武 穴中学..,1,1
武冈2024年七年级上学期数学期末试卷,2,1
武冈2024年七年级数学期末试卷,2,1
武冈2024年上学期期末考试试卷,1,1
武冈2024年下学期七年级期末考试试卷,7,1
武冈2024年下学期期末考试试卷七年级数学,1,1
武冈2024年下学期期末考试试卷八年级数学,1,1
武冈2024年期末考试试卷七年级数学,2,1
武冈2025年上学期期末考试试卷,4,1
武冈2025年上学期期末考试试卷八年级,3,1
武冈2025年上学期期末考试试卷八年级数学,3,1
武冈2025年下学期期末考试试卷,1,1
武冈2025年下学期期末考试试卷八年级数学,1,1
武冈2025年期末考试试卷七年级数学,1,1
武冈2026年下学期八年级期末考试试卷,1,1
武冈2026年下学期八年级期末考试试卷数学,2,1
武冈七上数学,2,1
武冈七上语文,1,1
武冈七上语文期中,2,1
武冈市十月月考,2,1
武冈市第二中学,3,1
武冈市高一十月月考,2,1
武冈市高一月考,1,1
武冈市高一英语试卷,1,1
武冈洞庭学校月考考试,2,1
武冈答题卡,2,1
武功县,1,1
武城县第二中学,1,1
武夷山桂林逸夫小学,2,1
武夷高级中学,1,1
武威一中2025年,1,1
武威七下数学期末试卷,2,1
武威二中2026年化学,1,1
武威十九中数学期末考试,2,1
武威第23中学,1,1
武威第二十四中学,2,1
武威第十八中学,1,1
武威第十四中学,3,1
武安,1,1
武安市第五,1,1
武安市西岭湖中学,2,1
武山一中,2,1
武山县2025 2026学年度第二学期期末考试试卷七年级数学,6,1
武山县三年级等级划分,1,1
武平一中,1,1
武平县,2,1
武昌七上期中数学,2,1
武昌七下期末数学,1,1
武昌区,1,1
武昌区八年级下册数学2024期末试卷,1,1
武昌区八年级下册英语2026,1,1
武昌实验2026新高三数学适应性,2,1
武昌实验适应性,1,1
武昌期末,3,1
武昌省实验,1,1
武汉  二调  高三,1,1
武汉  调研  高三,1,1
武汉  调考,1,1
武汉  调考  高三,1,1
武汉 2月 调研 2026,1,1
武汉 2月调研 2026,1,1
武汉 3月 调研 2026英语,2,1
武汉 4月 调研 2026,1,1
武汉 九调,1,1
武汉 九调2025 数学,1,1
武汉 九调2025 数学高三模考,5,1
武汉 二调 高三,1,1
武汉 四月 调研 2026,1,1
武汉 市2024,1,1
武汉 月调研 2026,1,1
武汉02,1,1
武汉04月调研数学,1,1
武汉19高分班考试,1,1
武汉2026 5月调研,3,1
武汉2026届高三年级五月供题,1,1
武汉5月共题英语,2,1
武汉9,1,1
武汉9月,1,1
武汉七年級 2025 2026年道法,1,1
武汉东湖高新区八年级下册数学期末试卷,2,1
武汉中学,2,1
武汉中考数学2026,3,1
武汉中考数学试卷,1,1
武汉中考物理2026,3,1
武汉中考真题试卷,2,1
武汉中考试卷,1,1
武汉中考语文2026,1,1
武汉九年级英语,3,1
武汉九年级语文四调卷2026,1,1
武汉九月调考,3,1
武汉九调英语,1,1
武汉二调高三2026英语,2,1
武汉二调高三2026英语三月,1,1
武汉五调数学,2,1
武汉五调数学高三,3,1
武汉八上历史期中考试试卷,1,1
武汉八年級 2025 2026年下册期末历史,2,1
武汉八年級 2025 2026年道法,1,1
武汉八年级下册数学期末,6,1
武汉六中高一,1,1
武汉初一试卷,4,1
武汉十九高,1,1
武汉四月调研,1,1
武汉四月调研2026,2,1
武汉四调语文,2,1
武汉外国语,3,1
武汉外国语学校八年级下册数学期末试卷,1,1
武汉外国语小学,1,1
武汉外校,2,1
武汉市,4,1
武汉市 2026 届高三 9 月调研,4,1
武汉市2023-2024生物试卷八月联考,1,1
武汉市2026届高三三年级四月宫体数学,2,1
武汉市2026届高三年级五月供题数学试题文档,3,1
武汉市2026届高中,1,1
武汉市2026届高中毕业生3月调研考试,2,1
武汉市2026届高中毕业生三月调研考试,3,1
武汉市2026届高中毕业生三月调研考试数学,1,1
武汉市2026届高中毕业生五月调研考试,1,1
武汉市2026年物理中考试卷,1,1
武汉市2026年物理化学中考试卷,1,1
武汉市2026年物理化学初中生毕业考试卷,2,1
武汉市2026年道法历史中考试卷,1,1
武汉市20二四届，4月调研,1,1
武汉市七年级上册武昌区数学期末考试,1,1
武汉市七年级下册武昌区数学期中考试,2,1
武汉市七年级区下册数学期中考试,6,1
武汉市七年级洪山区下册数学期中考试,4,1
武汉市东湖高新区九年级上册化学原调,3,1
武汉市东湖高新区九年级上册数学原调,2,1
武汉市东湖高新区九年级上册数物理原调,1,1
武汉市东湖高新区九年级上册数物理期中,1,1
武汉市东西湖区五年级下册期末,2,1
武汉市中考卷,2,1
武汉市八上历史期中考试试卷,2,1
武汉市十一高,4,1
武汉市华中师范大学第一附属中学,4,1
武汉市华师一,2,1
武汉市华师一附中,1,1
武汉市华师一附中高一下期末,1,1
武汉市四年级下学期英语期末试卷,2,1
武汉市新高一录取分班模拟卷,2,1
武汉市梅苑学校,2,1
武汉市武昌区2025-2026学年高二年级期末供题英语试题,2,1
武汉市武昌区二零二四至二零二五学年八年级下学期期末考试,2,1
武汉市武昌区物理八下期末考试试卷,2,1
武汉市汉阳区七年级下学期2025至2026语文期末试卷,1,1
武汉市江岸区九年级上册期中语文,1,1
武汉市江岸区八年级下册期末数学,1,1
武汉市江汉区元调数学,2,1
武汉市江汉区六年级上册元调数学,1,1
武汉市物理,2,1
武汉市省实验,1,1
武汉市省实验中学,1,1
武汉市硚口区2023-2024七年级第二学期数学期末试卷及答案,1,1
武汉市硚口区八上数学期末试卷及答案,2,1
武汉市第19高级中学,1,1
武汉市第一中学,2,1
武汉市第一周中学,1,1
武汉市第三中学,2,1
武汉市第三高级中学,1,1
武汉市第二中学,2,1
武汉市第六中学,2,1
武汉市第十一中学,2,1
武汉市部分重点中学高一下学期期中联考化学,2,1
武汉市部分重点中学高三,3,1
武汉市部分重点中学高三5,1,1
武汉市高一上期中调研考试,1,1
武汉市高一期中数学考试,1,1
武汉市高一期中联考,1,1
武汉市高三九月调研,1,1
武汉市高三物理试卷,2,1
武汉市高中9月月考,1,1
武汉市黄陂8年级数学期末测试卷,2,1
武汉市黄陂区四年级下册英语,1,1
武汉数学,2,1
武汉数学10月,1,1
武汉数学月考,1,1
武汉数学期中,1,1
武汉月考,1,1
武汉期末,2,1
武汉毕业生,1,1
武汉汉阳,1,1
武汉洪山区八下期末考试,3,1
武汉洪山区八下期末考试历史,2,1
武汉理工大学,1,1
武汉理工大学试点班,4,1
武汉理科高三五调,1,1
武汉理科高三五调数学,1,1
武汉第1次段考,2,1
武汉第二高中9月,2,1
武汉英语基础阅读,6,1
武汉英语高三,2,1
武汉调研 2026英语,1,1
武汉调研。,1,1
武汉部分学校高三九月调考,3,1
武汉零调,2,1
武汉高一上期中历史,2,1
武汉高三,1,1
武汉高三物理五月,1,1
武汉高三英语,1,1
武汉高三调研,1,1
武汉高中9月月考,1,1
武汉高二上化学选必一,1,1
武汉高二上化学选必一期中,2,1
武汉高二上周练,2,1
武汉高二上期中化学选必一,4,1
武汉高二上期末数学,1,1
武汉高二下期末英语试卷,1,1
武汉高二化学选必一,4,1
武汉高二化学选必一免费,1,1
武汉高二周练,1,1
武汉黄冈英语,1,1
武清区,2,1
武清城关中学,2,1
武珞路中学九上期中,2,1
武珞路中学九上期中数学,3,1
武珞路中学八上英语期中答案,2,1
武珞路中学八下数学期中,7,1
武珞路中学八下数学期末,3,1
武珞路九上期中,1,1
武珞路九上期中数学,2,1
武穴中学,3,1
武邑中字,2,1
武邑中学,2,1
武邑宏达东方学校,4,1
武都实验中学,3,1
段,1,1
母亲的来信,5,1
母题 高中数学,2,1
母题物理,2,1
每日 1测数学,1,1
每日一练1数学,1,1
每日一练下册,1,1
每日免费专区,1,1
毓,1,1
毓文中学分班考,2,1
毓文分班考,4,1
毓英,1,1
毓英中学,6,1
比例中项问题,2,1
比例和比,1,1
比例和比六上,1,1
比和比例,6,1
比和比例应用题,1,1
比和比例的应用,1,1
比热容 热机 热值,1,1
比热容 热量的计算,2,1
比热容北师大,2,1
比结合能质能方程,1,1
比较级和最高级2025专项练习,1,1
比较级和最高级习题,3,1
比较级和最高级习题天津,3,1
比较级和最高级习题天津英语,2,1
比较级最高级默写,3,1
比较级翻译,1,1
毕业证,4,1
毕节2025年高二下期末联考试题,1,1
毕节2026年高一年级期末质量检测,1,1
毕节2026年高二下期末联考试题,1,1
毕节2026高三第一次联考,4,1
毕节2026高三第一次联考政治,5,1
毕节2026高三第一次联考数学,5,1
毕节东辰,1,1
毕节东辰期末考试,3,1
毕节东辰高二试卷,1,1
毕节市2026期末考试卷,2,1
毕节市高一期末威宁,2,1
毕节市高一期末威廉,1,1
毕节市高一期末英语,1,1
毕节期末,2,1
毕节清华国中,1,1
毕节清华国中高三,1,1
毕节清华国中高三2026,1,1
毕节清华国中高三2026数学,1,1
毛坦厂,2,1
毛坦厂2026年高一下学期期末,2,1
毛坦厂中学,2,1
毛坦厂中学高二周末定时作业物理,4,1
毛坦厂中学高二定时作业物理,3,1
毛坦厂中学高二第1次月考,2,1
毫州市 2025~20268上11月份物理期中试卷,1,1
毫州市2025~20268上11月份物理期中测试卷,3,1
民办宝莲,1,1
民勤一中,1,1
民大附中高三开学考语文试卷,2,1
民生学校,1,1
气体实验误差分析,4,1
气体状态方程的图像题高中,3,1
气压与风带移动,2,1
氢原子跃迁,3,1
氧化还原 10大题型专项训练人教版,4,1
氧化还原 反应10大题型专项训练苏教版,1,1
氧化还原 反应配平专项练习,2,1
氧化还原反应方程式的配平,5,1
氧化还原反应方程式配平每日一题,1,1
氧化还原反应配平训练,4,1
氧化还原反应配平题,3,1
氧化还原反应配平题目练习,2,1
氧化还原同步练,2,1
氧化还原氧化剂还原剂,1,1
氧化还原物质的量,1,1
氧化还原知识点,1,1
氨气还原一氧化氮,1,1
氮及其重要化合物,1,1
氯,1,1
氯气,2,1
水上乐园,1,1
水分子变化PPT,3,1
水分子的世界八年级,1,1
水师营62中,3,1
水平传送带问题,1,1
水平测试,3,1
水浒传名著导读,1,1
水浒传考点归纳,2,1
水浒传试卷,1,1
水溶液中的离子反应与平衡知识点总结,1,1
水的性质与组成,1,1
水的性质与组成（巩固优培）,1,1
水解,2,1
水解图像,2,1
水解平衡,1,1
水资源地理,1,1
永兴县7年纪分班考试,1,1
永兴县小学,8,1
永兴县小学科学,1,1
永兴县树德中学7年纪分班考试,3,1
永兴县树德中学七年级分班考试,2,1
永兴县树德中学入学分班考试,1,1
永兴县树德中学分班考试,3,1
永兴县树德中学小升初分班考试,1,1
永兴县第一中学高一月考,5,1
永兴职业中专学校,1,1
永兴路二小,2,1
永吉实验高级中学,2,1
永和中学,1,1
永城,1,1
永城七下地理,1,1
永城市第四小学,2,1
永城市第四小学夏季,1,1
永城市第四小学春季,1,1
永宁,4,1
永宁县第二中学化学期末,2,1
永安中学,2,1
永安九中,5,1
永定区,3,1
永定区2026年春季学期期末教学质量监测试卷数学,9,1
永定区2026年春季学期期末教学质量监测试卷综合试卷,3,1
永定区2026年春季学期期末教学质量监测试卷道德与法治试题,2,1
永寿县2024 2025学年度第二学期期末测验,1,1
永川,2,1
永川2026七上地理,1,1
永川2026七上地理半期,3,1
永川七上历史半期,2,1
永川七上数学,1,1
永川七上数学期末,5,1
永川七上期中考试,2,1
永川六下数学,1,1
永川区,1,1
永川区兴龙湖中学,1,1
永川区高一上册期末,1,1
永川区高一数学期末,6,1
永州,1,1
永州2026年高一下期期末,1,1
永州2026年高二下期期末,1,1
永州一中,3,1
永州九中,1,1
永州二中高一入学考试,3,1
永州五年级,1,1
永州四中分班考,1,1
永州四中开学考试卷,1,1
永州四中高一入学测试,1,1
永州市2023 2024下期高二期末质量检测试卷,1,1
永州市2025年上期高一期末质量监测试卷英语,1,1
永州市2026年上期高一期末质量监测试卷语文,2,1
永州市2026年高一下册期末语文考试试卷,2,1
永州市2026年高一期末考试,1,1
永州市2026年高一期末质量监测试卷语文,1,1
永州市2026年高二期末考试,2,1
永州市一中,3,1
永州市京华中学八年级,5,1
永州市四中,1,1
永州市天成,1,1
永州市第二中学,2,1
永州市第八中学入学考试,2,1
永州市第四中学,3,1
永州高一生物,2,1
永州高二数学期末,1,1
永州高二数学期末宏桦,2,1
永州高二数学期末试卷答案,1,1
永年五实,1,1
永新中学暑假作业,5,1
永春,1,1
永春一中 月考,1,1
永春一中初一,1,1
永春一中竞赛选拔,2,1
永春一中素养卷子,1,1
永春五中,2,1
永春侨中,1,1
永春县2025年九年级上册数学期中考试卷,1,1
永春县2026年8年级下册数学期末考试卷,1,1
永春县2026年8年级下册英语期末考试卷,1,1
永春县学科素养测试,3,1
永清,2,1
永清一中分班卷,1,1
永登一中,2,1
永登县2024一2025下学期期未语文测评卷城关小学,2,1
永锋双语学校,1,1
求一个高中必背语文72篇,2,1
求二次函数解析式相关问题,2,1
求函数定义域,1,1
求函数的值域,2,1
求函数解析式专题,3,1
求和不等式,1,1
求圆阴影部分周长,2,1
求精中学,5,1
汇东,2,1
汇德,1,1
汇总,3,1
汇文,1,1
汇文中学初一,1,1
汇文分班考,1,1
汇文期末,1,1
汇测初中化学五四制,4,1
汇贤学校,2,1
汉中市南郑区6年级下册数学期末考试2026,1,1
汉中市普通高中高三年级第一次教学质量检测考试,1,1
汉南区八年级下册数学期末试卷,2,1
汉台区六年级下册语文试卷,2,1
汉城文昌,2,1
汉字听写789初中,3,1
汉字听写大赛初中组题库,3,1
汉字复习专题,1,1
汉字复习专题初三,5,1
汉字高中,1,1
汉字高中天津,1,1
汉川2025年汉川的一中高一物理上册期中试卷,1,1
汉川2025年汉川的高一数学上册期中试卷,1,1
汉川2025年的高一上册期中试卷,2,1
汉川2025年的高一数学上册期中试卷,1,1
汉川2025年的高一期中试卷,1,1
汉川一中分班考试,3,1
汉川市六下期末2025 2026,1,1
汉川市年级下册数学期末考试,1,1
汉川市年级下册物理期中考试,2,1
汉川市高一物理期末,2,1
汉沽一中,1,1
汉译英英译汉练习题,1,1
汉语文高考卷,1,1
汉阳一中,1,1
汉阳区2023-2024八下劝你,3,1
汉阳区2023-2024八下期末考试语文,1,1
汉阳区九上,2,1
汉阳区八下期中,2,1
汉阴县八年级英语,2,1
汊涧中学,6,1
汕头,1,1
汕头七上英语期中,2,1
汕头七下英语期中,2,1
汕头七下英语期末,10,1
汕头三模数学,1,1
汕头中考,1,1
汕头九上英语期中,2,1
汕头二中历史,1,1
汕头二模,1,1
汕头五下英语期中,2,1
汕头五下英语期末,1,1
汕头八上英语期中,19,1
汕头八上英语期末,4,1
汕头八下英语期中,2,1
汕头八下英语期末,31,1
汕头六下英语期中,1,1
汕头六下英语期末,5,1
汕头初一分班考,2,1
汕头市,2,1
汕头市2024 2025普通高中教学质量检测 高二,1,1
汕头市2025-2026数学,1,1
汕头市2026一2027七下金平,2,1
汕头市9年级上册化学第1单元,6,1
汕头市九上期中化学,2,1
汕头市八年级上下册期末统考,1,1
汕头市数学小升初分班考试,2,1
汕头市期末,3,1
汕头市潮南区,2,1
汕头市潮南区砺青中学,1,1
汕头市潮南区高二期末,2,1
汕头市潮南区高二期末试题,1,1
汕头市潮南区高二期末试题六都,2,1
汕头市潮南区高二期末试题通艺,3,1
汕头市潮阳实验学校七下,3,1
汕头市潮阳实验学校高中,1,1
汕头市澄海区数学小升初分班考试,4,1
汕头市翠英中学,3,1
汕头市金中海湾学校,2,1
汕头市金实中学,2,1
汕头市金平区,1,1
汕头市金平区2025 2026七年级数学期末统考,1,1
汕头市金平区二年级下册期末,2,1
汕头市金平区金园实验中学7年级,2,1
汕头市高二,2,1
汕头数学八下期末,2,1
汕头潮南语文期中,2,1
汕头潮南陈店,12,1
汕头潮南陈店实验,3,1
汕头潮阳地理,2,1
汕头潮阳实验学校,1,1
汕头潮阳实验学校初中,4,1
汕头潮阳数学,1,1
汕头潮阳统考,2,1
汕头潮阳语文,2,1
汕头碧华实验,2,1
汕头语文,1,1
汕头语文期中,1,1
汕头语文陈店期末,3,1
汕头金中高二生物试卷,1,1
汕头金南实验学校,2,1
汕头金园实验,1,1
汕头金园实验9上,2,1
汕头金山中学期末,1,1
汕头金山中学高二生物试卷,2,1
汕头金平区高一下期末,1,1
汕头金平区高一统考地理,1,1
汕头高一下期末英语,4,1
汕头高一下英语期末,10,1
汕头高二下期末英语,1,1
汕头高二期末,1,1
汕头高二期末统考,1,1
汕尾2025 2026期末试卷高二,2,1
汕尾中考,1,1
汕尾市2025 2026年期末考试,7,1
汕尾市2025-2026年期末考试,16,1
汕尾市2025至20268年级上册期末质量检测,2,1
汕尾市2026数学,1,1
汕尾市2026数学，六年级,1,1
汕尾市2026期末,1,1
汕尾市2026期末高一答案,1,1
汕尾市2026英语 六年级,2,1
汕尾市2026英语，六年级,2,1
汕尾市三年级下册期末人教版数学2026,5,1
汕尾市八年级下册期末物理,1,1
汕尾市华大实验学校,1,1
汕尾市华富,1,1
汕尾市华附,1,1
汕尾市智联未来,1,1
汕尾市海丰县七年级下册生物2026期末考试,2,1
汕尾市部分学校,1,1
汕尾市高一上期末数学,1,1
汕尾市高一期末考第二学期,1,1
汕尾市高一期末考第二学期地理,1,1
汕尾市高一统考英语,1,1
汕尾市高三,1,1
汕尾市高二下学期期末,2,1
汕尾市高二化学期末考试,2,1
汕尾市龙山,1,1
汕尾高一期末,1,1
汕尾高一期末生物,1,1
汕尾高一期末统考,2,1
汝南,2,1
汝城2026八下期末考试,2,1
汝城一中入学分班考试,1,1
汝阳县2025 2026学年第二学期期末学科素养试卷,2,1
汝阳县小升初强基班摸底试卷,3,1
江一,1,1
江中月考,2,1
江北实验中学,1,1
江北实验中学分班,1,1
江南 十校 05月份 2026,1,1
江南10校,1,1
江南10校2026届高三学业检测题 一,1,1
江南10校2026届高三学业检测题 听力,6,1
江南10校高一,1,1
江南十校 5月份 2026数学,2,1
江南十校2024至2025学年度第二学期高二5月联考,1,1
江南十校开学考,1,1
江南十校高一,1,1
江南十校高三 5月份 2026数学,1,1
江夏区八年级下册数学期末试卷,2,1
江宁高级中学,2,1
江安,1,1
江山中学新高一分班考试卷,7,1
江岸 期中,1,1
江岸2025-2026八下数学期末,1,1
江岸2025-2026八下数学期末答案,2,1
江岸区2024八上英语期中答案,1,1
江岸区2025八上英语期中答案,2,1
江岸区八年级下册数学2024期末试卷,1,1
江岸区八年级下册数学期末试卷,1,1
江岸区期末,2,1
江岸区高一期末,2,1
江汉区,1,1
江汉区八年级上册英语2024期中,2,1
江汉区八年级下册数学期末试卷,4,1
江汉区起点考化学2025,2,1
江汉区起点考化学2025高三,1,1
江油中学,2,1
江津中学七校联考数学试卷,1,1
江津中学高2025年到2026学年语文试题,1,1
江津区初三期末考试,2,1
江津联考数学八年级下册,2,1
江津联考数学八年级下册期末,1,1
江浙名校英语模拟卷,1,1
江浙沪强基共同体,1,1
江浦高级中学,2,1
江淮十校2026届高三8月第一次联考,1,1
江淮十校生物,1,1
江淮十校联考,4,1
江科附中,1,1
江科附中高一下数学,1,1
江苏 0 1月 调研 2026 高三 数学三模,1,1
江苏 10月,4,1
江苏 东台 期中 卷2,4,1
江苏 物理,1,1
江苏2020年合格考,1,1
江苏2024 2025高一下数学期末考,2,1
江苏2025年高考化学,1,1
江苏2025年高考化学真题试卷,1,1
江苏2025高三一模,2,1
江苏2025高考化学,1,1
江苏2026年高考化学,1,1
江苏2026年高考化学真题试卷,2,1
江苏2026年高考历史试卷,2,1
江苏2026年高考物理真题试卷,1,1
江苏2026英语中考,2,1
江苏2026高考化学真题,2,1
江苏2026高考物理,1,1
江苏2026高考英语试卷卷高三,1,1
江苏27年英语38套真题,5,1
江苏7上月考卷,1,1
江苏7选5,2,1
江苏9月,1,1
江苏G4,1,1
江苏G4天一 海门四校期末联考2026,1,1
江苏G4联考202,1,1
江苏G4联考2026,3,1
江苏一年级上学期阶段检测,1,1
江苏一模2026,1,1
江苏一模2026物理,1,1
江苏七上数学期末试卷,2,1
江苏七下数学期末2025,1,1
江苏七下语文期末2025,1,1
江苏七年级上学期期中,1,1
江苏七年级上学期阶段检测,1,1
江苏七年级上语文期中,1,1
江苏七年级入学试卷,2,1
江苏三年级下学期升学模考,1,1
江苏中考淮安,2,1
江苏乐学英语考试,1,1
江苏九年级下学期中考模考,1,1
江苏九年级下学期期末,1,1
江苏二年级上学期阶段检测,1,1
江苏五年级下学期期末数学常熟,1,1
江苏五年级下学期期末英语,2,1
江苏五年级下学期英语阅读,2,1
江苏五年级下学期阶段检测,1,1
江苏五月调研,3,1
江苏八年级上学期阶段检测,1,1
江苏八年级下册数学期末,4,1
江苏八年级下学期阶段检测,3,1
江苏六校,2,1
江苏农牧科技职业学院,1,1
江苏化学2026高考,2,1
江苏化学模拟卷,2,1
江苏化学高一下期末,1,1
江苏南京,1,1
江苏南京七下联合体语文期末试卷,1,1
江苏南京七校联考,2,1
江苏南京七校联考联合体,1,1
江苏南京八上联合体物理期中试卷,2,1
江苏南京大学附属中学,1,1
江苏南京市江宁高级中学2027届高三上学期一模,1,1
江苏南京市第二十九中学2025-2026学年高一下学期期末考试物理试题,1,1
江苏南京市金陵中学2025-2026学年高一下学期6月期末,1,1
江苏南京师范大学附属中学杭州第二中学湖南长郡中学联考语文试题,1,1
江苏南京金陵中学,4,1
江苏南京高三英语,2,1
江苏南皋市,2,1
江苏南通2026届高三上学期9月调研测试,1,1
江苏南通九年级信息还原,1,1
江苏南通地理试卷高一下,1,1
江苏南通小学四年级下数学,2,1
江苏南通市市区2025到2026学年下半学期七年级期末英语试卷原卷版,2,1
江苏南通模拟,2,1
江苏南通海门八下期末数学23,2,1
江苏南通英语九年级信息还原,2,1
江苏南通通州兴仁中学,1,1
江苏卷,1,1
江苏历史八下第一单元练习卷,2,1
江苏历史高考,2,1
江苏合格性考试数学,2,1
江苏合格考,4,1
江苏合格考2026学业水平测试卷真题化学,3,1
江苏合格考2026学业水平测试卷真题物理,4,1
江苏合格考语数英真题,1,1
江苏启东,4,1
江苏启东中学高三,2,1
江苏启东中学高三第一次,1,1
江苏四上期中,4,1
江苏四上期中南京2025,1,1
江苏四上期中数学2025,1,1
江苏四上期中英语2025,1,1
江苏四上期中语文2025,7,1
江苏四上语文2025南京,1,1
江苏四市,1,1
江苏四市二模,1,1
江苏四年级上学期升学真题,1,1
江苏四年级下学期英语,6,1
江苏地理试卷高一下,1,1
江苏大淮,1,1
江苏天一地理试卷高一下,3,1
江苏太仓期末,1,1
江苏学业水平合格性考试,2,1
江苏宜兴,1,1
江苏宜兴二中,2,1
江苏宜兴城南试验中学,1,1
江苏宜兴第一中学,1,1
江苏宜兴第二高级中学,2,1
江苏宿迁高中合格考2026合格考,2,1
江苏小升初分班考,2,1
江苏小学四年级下数学,2,1
江苏峰山,1,1
江苏常州中考,1,1
江苏常州二模,3,1
江苏开学考高二上学期,1,1
江苏徐州云龙区七年级上数学分班考,1,1
江苏徐州云龙区七年级数学分班考,1,1
江苏徐州五年级语文阅读理解,8,1
江苏徐州五年级阅读理解,2,1
江苏徐州六年级英语上册,3,1
江苏徐州数学试卷期末,1,1
江苏徐州数学试卷期末下学期,1,1
江苏徐州期末试卷,1,1
江苏徐州沛县2024–2025沛县高一上10月联考物理,2,1
江苏徐州沛县2026八下期末数学,2,1
江苏徐州沛县七年级数学,1,1
江苏徐州沛县八年级数学,1,1
江苏徐州沛县八年级数学期中,2,1
江苏徐州沛县八年级数学期末,2,1
江苏徐州沛县八年级数学期末下学期,1,1
江苏徐州鼓楼区七年级上数学分班考,1,1
江苏扬大附中2025-2026学年度第二学期高一数学阶段练习二,1,1
江苏扬州2024,1,1
江苏扬州2024统考,2,1
江苏扬州八年级上物理期中试卷。,2,1
江苏扬州期末物理,2,1
江苏扬州期末英语,3,1
江苏扬州期末语文,2,1
江苏数学模拟卷,4,1
江苏数学试卷,1,1
江苏数学试卷期末,1,1
江苏新海高一下期末化学,2,1
江苏新海高一下期末物理,4,1
江苏新海高一下期末英语,4,1
江苏无锡中考数学,2,1
江苏无锡常镇二调,2,1
江苏昆山六年级数学,2,1
江苏昆山六年级数学下册,1,1
江苏昆山苏州七上历史期末,1,1
江苏昆山苏州八下英语,1,1
江苏昆山苏州八下英语月考,4,1
江苏昆山语文四年级,2,1
江苏是中华文明的主要起源地之一,2,1
江苏沛县,2,1
江苏泗洪峰山,4,1
江苏泗洪鸿翔中学,2,1
江苏泰州兴化期末试卷,1,1
江苏泰州四年级下册数学试卷,1,1
江苏泰州四年级下册第一单元数学试卷,2,1
江苏海安高级中学2025-2026学年,1,1
江苏淮安,3,1
江苏淮安市淮阴区2025-2026学年第二学期高一期末调研考试,1,1
江苏物理必修一第一章,1,1
江苏物理模拟卷,1,1
江苏生物模拟卷,4,1
江苏生物高一下期末,3,1
江苏生物高考真题,2,1
江苏百强,2,1
江苏盐城七年级,1,1
江苏盐城七年级期末,1,1
江苏盐城七年级期末数学,2,1
江苏盐城中考数学,2,1
江苏盐城市东台市,1,1
江苏盐城市东台市南沈灶镇中学,1,1
江苏盐城市东台市第一中学2025-2026学年度高二下学期4月月考地理试题,1,1
江苏盐城市东台市第一中学2025-2026学年高二下学期4月月考地理试题,2,1
江苏盐城高二上学期数学期中考试试卷,2,1
江苏盱眙中学,2,1
江苏省 2025年到2026年期末试卷,1,1
江苏省 2期末试卷,1,1
江苏省 期末试卷,1,1
江苏省2024年跨地区职业学校职教高考二轮联考数学试卷,8,1
江苏省2025年学业水平合格性考试,1,1
江苏省2025～2026九上数学,1,1
江苏省2025～2026九上数学期中,2,1
江苏省2026年八年级下册数学,2,1
江苏省2026年普通高中学业水平历史,1,1
江苏省2026年普通高中学业水平考试,1,1
江苏省2026年高二语文合格性考试,1,1
江苏省东元中学,1,1
江苏省东海高级中学2025-2026化学,2,1
江苏省中学月考试卷高一上,1,1
江苏省中职联合学校苏州建设交通校,1,1
江苏省全国高中数学联赛,4,1
江苏省八年级期末,2,1
江苏省六年级英语徐州,2,1
江苏省兴化中学期中考试,2,1
江苏省兴化中学期中考试高一数学啥；上册,1,1
江苏省兴化中学高一上册数学月考,1,1
江苏省化学竞赛,1,1
江苏省十三市,4,1
江苏省南京外国语学校2025-2026学年高三上学期8月月考英语,2,1
江苏省南京外国语学校2025-2026学年高三上学期英语,1,1
江苏省南京外国语学校2025～2026九上数学期中,1,1
江苏省南京市2022至2026学年高一期末数学,2,1
江苏省南京市2024至2025学年第一学期高一期末质量监测物理试题,1,1
江苏省南京市2024至2025学年第二学期高一期末质量监测物理试题,7,1
江苏省南京市2025至2026学年第二学期高一思想政治质量检测,2,1
江苏省南京市2025至2026学年第二学期高一语文质量检测,4,1
江苏省南京市2026届高三9月学情调研,1,1
江苏省南京市初一暑假作业,2,1
江苏省南京市玄武区初一暑假作业,1,1
江苏省南京市金陵中学2025到2026学年第一次月考试卷物理,1,1
江苏省南京市金陵中学高一2025到2026学年第一次月考试卷物理,2,1
江苏省南京市雨花台中学2025-2026学年高一下学期6月期末语文试题,4,1
江苏省南京市高三9月学情调研,1,1
江苏省南京市高三上9月,1,1
江苏省南京市高三力学专题,1,1
江苏省南通市2024 2025学年九上期末英语,2,1
江苏省南通市2026届高三四模语文,1,1
江苏省南通市启秀中学,2,1
江苏省南通市如东县2025～2026学年度第一学期小学6上英语期末试卷真题,2,1
江苏省南通市如东县2025～2026学年度第二学期小学6上英语期末试卷真题,1,1
江苏省南通市如东县2025～2026学年度第二学期小学五下英语期末试卷真题,1,1
江苏省南通市如东县学年度第一学期小学6上英语期末试卷真题,1,1
江苏省南通市如东县学年度第二学期小学6上英语期末试卷真题,1,1
江苏省南通市如皋市2025~2026年英语专题复习。,3,1
江苏省南通市海门区2024~2025小升初分班考试语文,4,1
江苏省南通市田家炳中学英语期末试卷,1,1
江苏省南通市通州区高级中学月考试卷,2,1
江苏省合格性考试英语 单项填空开头 官方题型,1,1
江苏省四六级真题,1,1
江苏省外国语学校,1,1
江苏省大学二次选拔赛试卷,4,1
江苏省天一中学2026~2027学年高一地理必修二选择性必修一综合测试卷,1,1
江苏省天一高中,2,1
江苏省奔牛高级中学,2,1
江苏省如东高级中学,1,1
江苏省如皋中学,2,1
江苏省姜堰中学,1,1
江苏省宿城区期末,2,1
江苏省宿迁市中考数学试卷,1,1
江苏省宿迁市中考数学试卷2026,1,1
江苏省宿迁市八年级(上)期中物理试卷,2,1
江苏省宿迁市八年级上学期期中物理试卷,1,1
江苏省宿迁市初一上册英语月考试卷,2,1
江苏省宿迁市沭阳县如东实验中学2025到20二六届新高一选拔性考试试卷,3,1
江苏省宿迁市泗洪县泗洪中学,2,1
江苏省宿迁市泗阳县第二实验初级中学,2,1
江苏省宿迁市泗阳县第二实验初级中学2026,1,1
江苏省射阳中学自主招生考试,2,1
江苏省常州中学强基,1,1
江苏省常州中学高一,3,1
江苏省常州中学高一强基,1,1
江苏省常州中学高一强基数学,1,1
江苏省常州中学高一数学,1,1
江苏省常州市,1,1
江苏省常州市8年级上册数学期中试卷,2,1
江苏省常州市8年级上册物理期中试卷,4,1
江苏省常州市8年级上册英语期中试卷,2,1
江苏省常州市8年级上册道德与法治期中试卷,5,1
江苏省常州市9年级上册化学期中试卷,2,1
江苏省常州市高三一模,2,1
江苏省常州市高级中学,2,1
江苏省常州高级中学高一上期中,2,1
江苏省常州高级中学高一数学,1,1
江苏省常熟中学,1,1
江苏省建湖县高级中学高一数学b月考,2,1
江苏省强基基础题,1,1
江苏省强基计划试卷,1,1
江苏省徐州市2025 2026年八年级下学期期末考试试题,1,1
江苏省徐州市数学周测16,3,1
江苏省徐州市欢口初级中学,8,1
江苏省徐州市沛县,2,1
江苏省徐州市沛县中学 2025-2026学年高一上学期物理月考,2,1
江苏省徐州市沛县中学 2025-2026学年高一物理月考,1,1
江苏省徐州市沛县高中 2025-2026学年高一物理月考,1,1
江苏省徐州市第一中学,2,1
江苏省徐州市高一下学期期末,2,1
江苏省怀仁中学,2,1
江苏省扬子石化杯第39届复赛,2,1
江苏省扬州中学,3,1
江苏省扬州中学2025到2026学年高二三月自主学习评估,1,1
江苏省扬州中学化学,2,1
江苏省扬州中学高二上数学,4,1
江苏省扬州市2026届高三开学考试数学,2,1
江苏省扬州市高一下学期期末试卷英语,3,1
江苏省数学奥林匹克,5,1
江苏省数学竞赛2026,2,1
江苏省无锡市2026届高三上学期期末数学,2,1
江苏省无锡市2026年数学八下学业水平合格性考试,6,1
江苏省无锡市2026年数学学业水平合格性考试,1,1
江苏省无锡市2026年春学期末数学,1,1
江苏省无锡市全省联考2026年英语八下学业水平合格性考试,1,1
江苏省无锡市全省联考2026年语文八下学业水平合格性考试,1,1
江苏省无锡市宜兴市六校2025学年高二上学期期中考试数学试卷。,2,1
江苏省无锡市宜兴市六校2025学年高二上学期期中考试试卷。,3,1
江苏省无锡市玉祁高级中学 2025-2026 学年高一上学期 数学试题的试卷分析,1,1
江苏省无锡市玉祁高级中学 2025-2026 学年高一上学期 月考英语试题的试卷分析,1,1
江苏省无锡市玉祁高级中学 2025-2026 学年高一上学期 英语试题的试卷分析,1,1
江苏省无锡市锡东高级中学 2025-2026 学年高一上学期 10 月月考化学试题的试卷分析,2,1
江苏省无锡市锡山区2026年数学八下学业水平合格性考试,1,1
江苏省昆山中学,1,1
江苏省普通高中学业水平合格性考试,1,1
江苏省普通高校职教高考历年统考真题,2,1
江苏省期初考试,2,1
江苏省梅村高级中学高一下期末,4,1
江苏省沛县中学高一导学案,1,1
江苏省沭阳如东实验中学提前招生事件,2,1
江苏省沭阳如东实验中学新高一提前招生试卷,1,1
江苏省沭阳如东实验学校,3,1
江苏省沭阳如东实验学校提前招生试卷,1,1
江苏省泗洪县宿迁市7年级下册期末数学是期末试卷,2,1
江苏省泗阳致远中学2025-2026学年高三上学期期中英语试题,1,1
江苏省泰州中学数学高二第一次月度2023-2024,1,1
江苏省泰州中学数学高二第一次质量2023-2024,2,1
江苏省泰州中学数学高二第一次质量2025-2026,1,1
江苏省泰州中学附属初级中学数学8年级上册期末,1,1
江苏省泰州中学附属初级中学数学9年级上册,6,1
江苏省泰州市,2,1
江苏省泰州市姜堰区2025-2026学年八年级下学期6月期末历史试题,1,1
江苏省泰州市期中考试高一数学上册,1,1
江苏省泰州市英语,2,1
江苏省泰州市靖城中学,2,1
江苏省泰州市靖江市高一下物理试卷,1,1
江苏省泰州市靖江高一下化学,2,1
江苏省泰州市高一上册数学期中考,1,1
江苏省泰州市高港区化学期中试卷,1,1
江苏省泰州市高港区期中试卷,1,1
江苏省泰州靖江中学高一月考数学,1,1
江苏省海安高级中学高一上期中,1,1
江苏省海州高级中学,3,1
江苏省海门中学月考2026,2,1
江苏省淮安中,1,1
江苏省淮安中学,2,1
江苏省淮安市,2,1
江苏省淮安市涟水县 八年级上册英语单元测试,3,1
江苏省淮安市淮安中学2025-2026学年高一上学期开学检测数学,2,1
江苏省淮安市高二第二学期化学,2,1
江苏省淮阴中学高一上学期期中考试,2,1
江苏省清江中学,1,1
江苏省清河中学,2,1
江苏省滨海中学,2,1
江苏省滨海中学月考试卷高一上,1,1
江苏省百强校高一第一学期导学案单,1,1
江苏省百校联考,2,1
江苏省盐城中学,1,1
江苏省盐城中学、淮阴中学、丹阳中学、扬州中学 2026届高三4月调研测试语文试卷,2,1
江苏省盐城市2026中考,1,1
江苏省盐城市东台市南沈灶镇中学,3,1
江苏省盐城市初三上学期数学试卷,1,1
江苏省盐城市地生,1,1
江苏省盐城市射阳中学,2,1
江苏省盐城市射阳县2026年小升初350名数学夏令营试卷,2,1
江苏省盐城市康居路教育集团八年级上册 物理期中试卷,2,1
江苏省盐城市康居路教育集团八年级下册物理期中试卷,1,1
江苏省盐城市滨海县第一初级中学中市路北校区 2025~2026 年的物理八上期中试卷。,1,1
江苏省盐城市高一上月考试卷,1,1
江苏省睢宁县四年级英语期末考试卷,2,1
江苏省睢宁县四年级英语期末试卷,1,1
江苏省睢宁县语文四年级期末考试,2,1
江苏省苏北七市2026 年高三年级质量监测,1,1
江苏省苏北七市高三模拟英语试卷,3,1
江苏省苏州中学高二第一次月考生物真卷2024到2025,2,1
江苏省苏州四市统考,1,1
江苏省苏州市2025-2026学年第二学期学业质量阳光指标调研卷高二政治自编试题,2,1
江苏省苏州市2026年高二普通高中学业水平考试,1,1
江苏省苏州市南京航空航天大学苏州附中2025届高三三模语文,1,1
江苏省苏州市吴江实验初中集团2024-2025学年八年级上学期十月月考物理试卷,2,1
江苏省苏州市苏州工业园区2024到2025学年上学期七年级数学期末调研试卷,1,1
江苏省苏州市苏州工业园区2024到2025学年上学期七年级数学期末调研试卷原卷版a4,1,1
江苏省苏州市苏州高新区第一中学2025-2026高一下学期5月月考英语,2,1
江苏省苏州市虎丘区苏州工业园区唯亭学校2025到2026学年七年级上学期期末数学押题卷,1,1
江苏省苏州高三,1,1
江苏省苏州高三上学期摸底,1,1
江苏省苏州高三上学期摸底数学,1,1
江苏省苏教版选择性必修一数学,3,1
江苏省语文模考真题高中含答案,2,1
江苏省运河中学物理,2,1
江苏省运河中学物理高一上,3,1
江苏省连云港市2024 2025学年高一上学期期末,1,1
江苏省连云港市东海县2025至2026期中八年级上数学,3,1
江苏省连云港市东海县2025至2026期中八年级上物理,2,1
江苏省连云港市东海县八年级下数学期末考试,2,1
江苏省连云港市合格性试卷历史政治化学试卷,1,1
江苏省连云港市合格性试卷政治化学历史,1,1
江苏省连云港市学考试卷。历史政治化学,1,1
江苏省连云港市赣榆区2024到2025历庄高一上学期升学考试,1,1
江苏省连云港市赣榆区2024到2025高一上学期升学考试,1,1
江苏省连云港市赣榆区2024到2025高一升学考试,1,1
江苏省连云港市赣榆区2025年初升高厉庄分班考试卷,1,1
江苏省连云港市赣榆区2025年初升高厉庄开学考试试卷,2,1
江苏省连云港市赣榆区2026年初升高厉庄分班考试卷,1,1
江苏省连云港市赣榆区2026年初升高海头分班考高一试卷,1,1
江苏省连云港市赣榆区2026年初升高海头衔接练习,2,1
江苏省连云港市赣榆区2026年海头高级中学初升高衔接教材,3,1
江苏省连云港市赣榆区历庄2024到2025高一上学期升学考试,2,1
江苏省通州高级中学,1,1
江苏省通州高级中学物理,3,1
江苏省邗江中学,2,1
江苏省邗江中学2025高一上第一次月考数学,3,1
江苏省邗江中学高三第一次月考物理试卷,2,1
江苏省锡山高级中学,2,1
江苏省镇江市2026届高三第一学期一模数学,4,1
江苏省镇江市第一中学,2,1
江苏省靖江市高级中学,1,1
江苏省靖江高级中学,1,1
江苏省高一数学试卷下册期末试卷,3,1
江苏省高三力学专题,1,1
江苏省高三模拟试卷,2,1
江苏省高三模拟试卷力学专题,3,1
江苏省高中竞赛试卷,3,1
江苏省高二上,1,1
江苏省高二上数学周测1,3,1
江苏省高二上英语,1,1
江苏省高二合格考,1,1
江苏省高考2026高考真题,1,1
江苏省高考历史,1,1
江苏简爱实战训练电子版,2,1
江苏职教数学高一下,3,1
江苏职教高考1500词汇完整版,2,1
江苏职教高考2000英语词汇精校版,7,1
江苏职教高考市场营销,1,1
江苏职教高考数学高一下,2,1
江苏职教高考数学高一下期末,1,1
江苏职教高考高一下,1,1
江苏联合体,2,1
江苏联合体期中,10,1
江苏苏州,1,1
江苏苏州2025,4,1
江苏苏州中考,2,1
江苏苏州中考英语,1,1
江苏苏州市2025-2026学年高一下学期期末考试地理,2,1
江苏苏州市工业园区二零二五到二零二六学年第二学期期末学业水平调研试卷初一英语原卷版,2,1
江苏苏州昆仑山,3,1
江苏苏州期中物理,1,1
江苏苏教版六年级下学期期末试卷,1,1
江苏苏教版六年级试卷,1,1
江苏英语三年级下学期,6,1
江苏英语中考真题卷,1,1
江苏英语五年级,6,1
江苏英语模拟冲刺,2,1
江苏英语模拟卷,2,1
江苏译林英语五年级,4,1
江苏语文试题,1,1
江苏赛区选拔赛专项训练,1,1
江苏连云港20252026高二下学期物理期末试卷,2,1
江苏连云港市2025至2026学年八年级下学期5月阶段检测历史试题,2,1
江苏连云港市七年级上册月考期中期末卷,2,1
江苏连云港市赣榆区2025至2026学年度第二学期期末学业质量监测七年级英语试题,3,1
江苏连云港高二下地理期末试卷,1,1
江苏连云港高二下语文期末试卷,2,1
江苏重点初中初一历史上,1,1
江苏重点初中初一历史上期中,1,1
江苏镇江,1,1
江苏镇江七下数学期末试卷,2,1
江苏镇江中考一模数学,1,1
江苏镇江八上英语10月月考试卷,4,1
江苏镇江外国语八上英语10月月考试卷,2,1
江苏阶段性测试化学杠杆,2,1
江苏阶段性测试物理杠杆,1,1
江苏高一上册数学期中卷子,6,1
江苏高一上册数学期中考试试卷,1,1
江苏高一上学数学期中卷子,1,1
江苏高一上学期化学天一期中卷子,1,1
江苏高一上学期化学期中卷子,2,1
江苏高一上学期化学省锡中期中卷子,2,1
江苏高一上学期期末,1,1
江苏高一上学期物理,1,1
江苏高一上学期物理卷子,1,1
江苏高一上学期物理天一期中卷子,1,1
江苏高一上学期物理期中卷子,1,1
江苏高一上学期生物,4,1
江苏高一上学期英语天一期中卷子,2,1
江苏高一上学期英语期中卷子,3,1
江苏高一上学期语文期中卷子,1,1
江苏高一上学物理期中卷子,1,1
江苏高一上学英语期中卷子,1,1
江苏高一上学语文期中卷子,1,1
江苏高一下期末英语,2,1
江苏高一升高二暑假化学预习,1,1
江苏高一数学第一学期九月检测卷,1,1
江苏高一数学第一学期单元检测卷,1,1
江苏高一语文阅读理解,4,1
江苏高三,4,1
江苏高三上学期阶段检测,1,1
江苏高三下学期一模,1,1
江苏高三下学期二模,1,1
江苏高三下学期数学一模,1,1
江苏高三下学期期末,1,1
江苏高三化学,1,1
江苏高三物理,1,1
江苏高中学业水平合格性考试数学,7,1
江苏高中联赛,5,1
江苏高中联赛一试,1,1
江苏高二上学期期中,5,1
江苏高二上学期第一次月考,4,1
江苏高二上学期阶段检测,1,1
江苏高二上期末数学,1,1
江苏高二合格性考试,1,1
江苏高二英语阅读理解,1,1
江苏高二语文阅读理解,2,1
江苏高考化学,1,1
江苏高考化学2026真题,1,1
江苏高考卷,1,1
江苏高考地理真题,3,1
江苏高考政治,1,1
江苏高考物理真题,2,1
江苏高考生物,2,1
江苏高考英语,2,1
江苏高考英语真题,2,1
江苏高联一试,1,1
江苏，山东，辽宁,1,1
江西 0 2026 八年级会考,2,1
江西 0 2026生地会考,3,1
江西 九年级 英语,1,1
江西 八上 英语,1,1
江西 高考2026年真题,1,1
江西20252026高三第一次大联考,2,1
江西2025年高考,2,1
江西2025高考历史,1,1
江西20267月,1,1
江西2026上饶市联考高二下期末联考试卷,2,1
江西2026九年级物理真题,1,1
江西2026年生地中考试卷,1,1
江西2026年生物地理中考试卷,5,1
江西2026数学中考试卷,5,1
江西2026物理联考,3,1
江西2026物理金太阳联考,1,1
江西2026高一集合,1,1
江西2026高二年级期末,2,1
江西2026高考 物理卷,2,1
江西9科学考,1,1
江西一试,2,1
江西七上2025-2026生地试卷,1,1
江西七上2025-2026试卷,2,1
江西七上生地试卷,2,1
江西七上试卷,1,1
江西三新2026,1,1
江西三新2026高二,2,1
江西上饶2025_2026期末卷,3,1
江西上饶2026高二下学期期末数学,1,1
江西上饶市2025-2026学年高一下学期期末考试数学试卷,1,1
江西上饶市名校联盟2025-2026学年高一下学期5月期中语文试题,1,1
江西上饶物理试卷高二下广丰,1,1
江西上饶高二物理选修二,2,1
江西专用,3,1
江西中考卷2025-2022,2,1
江西中考政治,1,1
江西中考数学,2,1
江西中考画图,1,1
江西中考英语,1,1
江西中考英语2026,1,1
江西中考英语卷,1,1
江西乐平2026期末考试八下英语,1,1
江西九师联盟高二下学期,1,1
江西九年级下学期期末,2,1
江西九年级物理真题,1,1
江西九江,1,1
江西九江 初三化学知识点电子版,2,1
江西九江6校联考,1,1
江西九江七下生物期末考试,1,1
江西九江市瑞昌市第一中学2025-2026,1,1
江西九江瑞昌七下生物期末考试,1,1
江西二年级下学期阶段检测,1,1
江西五年级上学期阶段检测,1,1
江西会考高中,1,1
江西余干县八年级英语上册第一次月考试卷,1,1
江西八年级下学期期末,1,1
江西八年级下学期阶段检测,1,1
江西八年级物理试卷,1,1
江西八年级英语上册第一次月考试卷,1,1
江西六年级下学期升学真题,1,1
江西出版社当代中学生报高二化学,5,1
江西初一上期末卷,1,1
江西初三数学,2,1
江西初期末卷,1,1
江西初赛,1,1
江西化学高三2027一轮复习,2,1
江西协作体2026高三联考五月,1,1
江西南大附中,1,1
江西南昌市江西科技学院,1,1
江西历年中考画图,1,1
江西历年画图,2,1
江西吉安2025期末考试,1,1
江西吉安2025物理,1,1
江西吉安2025高中物理高一,2,1
江西吉安市吉安县2025数学八年级上册第1次月考,1,1
江西吉安市吉安县2025期末考试,2,1
江西吉安永丰九年级上册第一次月考2024年,2,1
江西吉安高二上第一次月考数学,2,1
江西吉安高二上第次月考数学,1,1
江西吉安高二期中三新协同数学,3,1
江西吉安高二期中三新联盟数学,1,1
江西四年级上学期期中,1,1
江西四年级上学期阶段检测,3,1
江西外语,1,1
江西天骄小学,1,1
江西学考,2,1
江西定南县,2,1
江西师大入学考试附中,1,1
江西师大附中一上学期月考,2,1
江西师大附中八上月考英语,3,1
江西师大附中八年级上11月期中英语,3,1
江西师大附中八年级上语文素养,3,1
江西师大附中初升高强基回忆版模拟题库,1,1
江西师大附中初升高强基夏令营测试卷,2,1
江西师大附中高一下学期学科素养测评物理试题,1,1
江西师大附中高一下学期期末,2,1
江西师大附中高一下学期期末考试物理试题,1,1
江西师大附中高一下数学,3,1
江西师大附中高一数学第一次月考,1,1
江西师大附中高一物理,1,1
江西师大附中高二下学期期末,2,1
江西师范大学附属中学七下期中考数学试卷,2,1
江西师范大学附属中学高一数学第一次月考,2,1
江西师范大学附属中学高二下学期化学期末,1,1
江西师范大学附属中学高二下学期物理期末,1,1
江西抚州南城七年级下册期末,2,1
江西抚州市2025-2026学年七年级数学下学期期末测试 北师大版,4,1
江西政治高考,1,1
江西数学高三,4,1
江西数学高考,1,1
江西新余四中等校2026测试数学,1,1
江西日语,2,1
江西景德镇高一物理,1,1
江西期末,1,1
江西期末卷,1,1
江西物理真题,1,1
江西物理高考,2,1
江西生地会考2026,3,1
江西省2023届九年级期中综合评估,2,1
江西省2026初中学业水平考试,2,1
江西省2026界,1,1
江西省七年级上期开学考试试卷,1,1
"江西省上进联考2025-2026学年高三上学期入学	 摸底考试语文试卷 校联考",1,1
江西省上进联考2025-2026学年高三上学期入学摸底考试,2,1
江西省上饶市八年级物理试卷,1,1
江西省上饶市鄱阳县英语试卷八年级下册,1,1
江西省上饶是英语试卷八年级,1,1
江西省上饶是英语试卷八年级下册,1,1
江西省上高二中2025 2026学年高一下学期7月期末考试数学,1,1
江西省上高二中2025 2026学年高二下学期7月期末考试数学,1,1
江西省上高二期末考试数学,2,1
江西省九校联考,2,1
江西省九江市入学考试,1,1
江西省九江市宽卢新翰高级中学2025~2026学年上学期2月期末高二英语试卷,1,1
江西省九江市柴桑区2021-2022学年七年级上学期期末数学试题,5,1
江西省九江市高一入学考试,1,1
江西省九江第一中学,2,1
江西省分宜中学,2,1
江西省初一下册数学北师大版期末卷,1,1
江西省初一下册数学期末试卷,1,1
江西省初一数学北师大版期末卷,2,1
江西省化学2026年初中学业水平考试原创模拟卷一,2,1
江西省南康,3,1
江西省南昌市2024~2025外国语学校教育集团数学九年级上册期中检测,2,1
江西省南昌市2025年高三模拟测试,1,1
江西省南昌市师大附中,1,1
江西省南昌市第二十八中学教育集团2024 -2025学期8年级上册数学月考卷试卷,9,1
江西省南昌市高三9月联考,1,1
江西省吉安市2025 2026期末,2,1
江西省吉安市初一下册数学期末试卷,1,1
江西省吉安市永新县2025至2026年八年级下册物理期末试卷年八,2,1
江西省吉安市永新县2025至2026年八年级下册生物期末试卷年八,3,1
江西省吉安市永新县2025至2026年八年级生物期末试卷年八,1,1
江西省吉安市永新县2025至2026年八年级英语期末试卷年八,2,1
江西省吉安市永新县八年级下册生物期末试卷年八,4,1
江西省吉安市遂川县2026年数学八年级上册期中考试,1,1
江西省吉安市遂川县2026年数学八年级上册期末考试,6,1
江西省吉安市遂川县2026年物理八年级上册期中考试,2,1
江西省吉安市青原区中考语文试卷,2,1
江西省宜春市万载县6年级下册。,1,1
江西省宜春市上高县地理试卷,2,1
江西省抚州2024到2025学年高一上学期期末数学试卷,4,1
江西省抚州市2023-2024英语七下期末,4,1
江西省抚州市2025-2026历史七下期末包答案,1,1
江西省抚州市2025-2026学年七年级下学期期末,3,1
江西省抚州市2025-2026语文七上期末包答案,2,1
江西省抚州市东乡二中,4,1
江西省抚州市九年级二模,1,1
江西省抚州市心湖中学2025-2026地理七下期末,1,1
江西省抚州市心湖中学2025-2026期中地理七下期末,1,1
江西省抚州市心湖中学2025-2026英语七下期末,1,1
江西省抚州市心湖中学2025-202，6英语七下期末,1,1
江西省抚州市数学高二下学期期末考试,1,1
江西省抚州市黎川数学高二下学期期末考试,2,1
江西省抚州市，数学期末考试,4,1
江西省景德镇,1,1
江西省景德镇市初二数学,3,1
江西省景德镇市高二,2,1
江西省武宁县尚美中学第一学期2月期末高二英语,3,1
江西省瑞金市四年级下册数学期末试卷,3,1
江西省生物试卷,2,1
江西省联考,2,1
江西省赣州四中,1,1
江西省赣州市,1,1
江西省赣州市2025-2026学年度第一学期期末考试高一地理试卷,2,1
江西省赣州市一模,2,1
江西省赣州市七年级上期开学考试试卷,1,1
江西省赣州市七年级新生素养测试,1,1
江西省赣州市南康中学,1,1
江西省赣州市南康区数学九上期末,1,1
江西省赣州市宁都县高一暑假作业作业,2,1
江西省赣州市赣县区七年级下册期末试卷,2,1
江西省重点中学,1,1
江西省高一入学考试,6,1
江西省高安中学开学考试卷,4,1
江西省鹰潭市,3,1
江西石城二中,1,1
江西科技学院附属中学高二化学,1,1
江西科技师范附属八年级上11月期中英语,1,1
江西科技附中高一下数学,1,1
江西章贡区九上期中语文卷,1,1
江西统编版八下,2,1
江西语文中考卷2025-2022,1,1
江西赣州市天骄小学,1,1
江西赣州市第一中学,2,1
江西赣州高一期末物理考,2,1
江西赣州高一期末考,1,1
江西部分校2025-2026学年高一下学期7月期末,1,1
江西部分校2025-2026学年高一下学期7月期末语文试题,1,1
江西鄱阳一中,2,1
江西重点中学协作体2026届高三下学期第二次联考,2,1
江西重点中学联盟,3,1
江西金太阳2026,1,1
江西金太阳2026高二下学期期末数学,2,1
江西金太阳百万,1,1
江西高一上册数学第一二单元,1,1
江西高一上学期期中,1,1
江西高一下学期期末,2,1
江西高一期末合格考,2,1
江西高一生物,1,1
江西高三摸底,1,1
江西高中数学联赛,2,1
江西高二三新联考,1,1
江西高二上学期阶段检测,1,1
江西高二上期中,1,1
江西高二上第一次月考,4,1
江西高二期中三新联盟数学,1,1
江西高二期中三新联考,2,1
江西高二期中三新联考数学,1,1
江西高考卷,1,1
江西高考卷2026,3,1
江西高考模拟卷,1,1
江西高考物理2024,1,1
江西高考物理2026,1,1
江都,4,1
江都中学,1,1
江都中学物理,1,1
江都中学物理高二,2,1
江都中学高一,3,1
江都中学高一上数学试卷,1,1
江都中学高一月考,1,1
江都中学高二上物理期中,4,1
江都中学高二物理期中,1,1
江都区,1,1
江都区七年级上学期语文期末试卷,2,1
江都区三中,4,1
江都区小学二年级上册数学期中试卷,1,1
江都区期末考试,2,1
江都区第三中学2022至2023学年第一学期八年级上册数学阶段检测试卷,2,1
江都邵伯,2,1
江门 2 0 2 6 一模,2,1
江门 期末,1,1
江门2026中考英语听力,3,1
江门2026中考英语音频,1,1
江门7月高二调研,2,1
江门baxi八下数学期末,1,1
江门一中期中,1,1
江门二中,2,1
江门二中分班,1,1
江门二中高一开学考,7,1
江门入学,2,1
江门八下数学期末,4,1
江门八下物理期末,1,1
江门发展小学,3,1
江门市,2,1
江门市2026年普通高中高二调研测试二化学,1,1
江门市2026年普通高中高二调研测试二物理,1,1
江门市2026年普通高中高二调研测试（二）数学,9,1
江门市七年级下册2025~2026学年度第二学期期末测试试卷政治道德与法治,1,1
江门市中考英语真题,1,1
江门市九年级期末考试,6,1
江门市新会区一模,1,1
江门市新会区七年级下册2025~2026学年度第二学期期末测试试卷生物,4,1
江门市新会区七年级下册2025~2026学年度第二学期期末测试试卷生物生物,2,1
江门市新会区七年级下册2025~2026学年度第二学期期末测试试卷科学与人文,1,1
江门市新会区九年级期末考试,6,1
江门市新会区八年级期末考试,1,1
江门市新会葵城中学,1,1
江门市江海区礼乐中学第2次模拟考试,2,1
江门市第一中学,2,1
江门市高二下化学期末试题,1,1
江门市高二下生物期末试题,1,1
江门市高二下语文期末试题,1,1
江门期末,2,1
江门期末调研,2,1
江门第一中学,2,1
江门第二中学开学考,4,1
江门调研,3,1
江门质检,1,1
江阴山观,1,1
江阴市六校联考,2,1
江阴高二期中,2,1
江陵中学,2,1
池州一中，2025到2026学年度高一下学期期末考试政治试卷,2,1
池州市第一中学自主招生卷,3,1
汤源县第一中学,1,1
汤阴县东方学校,4,1
汪静君,3,1
汶上县第二实验中学,1,1
汶川中学小升初分班考试,3,1
汶源学校,2,1
汽化和液化,2,1
汽开区2023 -2024物理,2,1
汽开区2023 -2024物理期末,1,1
汽开区2023 -2024物理期末八下,2,1
汽车启动额定功率启动,2,1
汽车应用与维修,1,1
汾阳,2,1
沁园春 长沙,3,1
沁园春 长沙课件,1,1
沁园春长沙,1,1
沁园春长沙理解性,2,1
沁园春雪,2,1
沂南县,2,1
沂水一中,4,1
沂水一中数学,1,1
沂水八年级上册数学期中试卷,3,1
沂水八年级上册物理期中试卷,3,1
沂水八年级上册英语期中试卷,2,1
沂水八年级上册语文期中试卷,2,1
沂水县高一期末,2,1
沂河新区物理,3,1
沃土计划,3,1
沃土计划2025数学,2,1
沃土计划2025数学衡阳八中,2,1
沅澧共同体联考,1,1
沅邵,1,1
沅邵联盟,2,1
沈丘县全峰完中入学考试,3,1
沈丘县槐店镇第一初级中学,1,1
沈丘县第一初级中学,2,1
沈小爱,1,1
沈河,1,1
沈河八下数学,2,1
沈河区七年级下学期期末,1,1
沈河区七年级数学,1,1
沈河区八下期末数学,2,1
沈河区听力,1,1
沈河期末,2,1
沈河期末三年级,2,1
沈田中2027店 高一第二学期期末考试数学,1,1
沈阳  126中学,2,1
沈阳 2026 中考英语,1,1
沈阳 朝鲜族第一中学,2,1
沈阳120中24-25高二下学期期末试卷,1,1
沈阳120中学2026年高一下学期期末,1,1
沈阳120中学八上期末英语,1,1
沈阳120中学语文,1,1
沈阳120中学高一上,1,1
沈阳120化学,1,1
沈阳120高二化学,1,1
沈阳120高二期末化学,1,1
沈阳126中学八上期末英语,2,1
沈阳134中学,3,1
沈阳2025-2026学年度第二学期期末质量检测,1,1
沈阳2025-2026学年度第二学期期末质量检测八年级数学试题,1,1
沈阳2025-2026期末数学,1,1
沈阳2025到2026高一化学上学期第一次月考卷,2,1
沈阳2026年8年级下期末试卷,1,1
沈阳22中学,2,1
沈阳31中开学考,1,1
沈阳36中学开学考,1,1
沈阳36中学开学考试,2,1
沈阳40中,4,1
沈阳43中,1,1
沈阳43中学八年级下学期物理期末模拟,2,1
沈阳9上数学月考卷,5,1
沈阳七中东,1,1
沈阳七中八下期末物理2026年,2,1
沈阳七中八下语文,2,1
沈阳七中八下语文期末,1,1
沈阳七中八下语文期末试题,1,1
沈阳七中八下语文考试题,1,1
沈阳三十一中分班考,1,1
沈阳东北育才学高三上语文期中,1,1
沈阳中考 2026语文,1,1
沈阳中考2025真题英语,1,1
沈阳中考2026真题,1,1
沈阳中考2026真题英语,2,1
沈阳中考数学,1,1
沈阳中考日语,1,1
沈阳中考日语卷子,1,1
沈阳中考英语2026,2,1
沈阳九师联盟高二下学期期末,1,1
沈阳二中2025 2026学年度下学期 高二 27届,1,1
沈阳二中2025 2026学年度下学期 高二期末,2,1
沈阳二中2025 2026学年度下学期6月月考 高二 27届,2,1
沈阳二中2025--2026,2,1
沈阳二中2025--2026  28届地理,1,1
沈阳二中2025--202627,1,1
沈阳二中2025--2026学年度下学期期末考试高一28届,3,1
沈阳二中2025~2026学年度下学期期末考试高一语文试题,2,1
沈阳二中2026物理高二,2,1
沈阳二中2026高一下期末数学,3,1
沈阳二中二八届2025到2026学年度下学期阶段能力测试化学试题,3,1
沈阳二中分班考,11,1
沈阳二中化学高二下学期期末,1,1
沈阳二中数学,1,1
沈阳二中期末,1,1
沈阳二中科技特长生题,1,1
沈阳二中英语,1,1
沈阳二中试卷,4,1
沈阳二中高一下期末,2,1
沈阳二中高二期末,3,1
沈阳二十中学,4,1
沈阳二十二中学,1,1
沈阳于洪区2025-2026八年级下期末数学试卷,1,1
沈阳五校协作体,1,1
沈阳五校联合体,1,1
沈阳五校联考高一下学期期末考试数学试卷,1,1
沈阳八上数学第一章周考,2,1
沈阳八下数学期末,2,1
沈阳八下期末数学,1,1
沈阳八年級 数学2025 2026年下册期末考试,1,1
沈阳八年级上学期,1,1
沈阳分班考 初一,1,1
沈阳初一上期末卷,1,1
沈阳初一期末卷,1,1
沈阳初中日语,1,1
沈阳初中日语卷子,5,1
沈阳初中期末英语七下,3,1
沈阳南昌,1,1
沈阳南昌英语,2,1
沈阳同泽女,1,1
沈阳同泽女子高中,2,1
沈阳和平区,1,1
沈阳和平区物理一模,1,1
沈阳和平区物理初二下,2,1
沈阳四十三月考,2,1
沈阳四校联考,2,1
沈阳回民中学,3,1
沈阳实验中学,1,1
沈阳实验中学2025 2026高二,3,1
沈阳小 升初2025数学真题卷,4,1
沈阳市107中学7上期末考试,1,1
沈阳市120中学期末,1,1
沈阳市120中学高一上周考,1,1
沈阳市120中学高三上生物,1,1
沈阳市20,1,1
沈阳市2024小中考试卷,2,1
沈阳市2025小中考试卷,1,1
沈阳市2026小中考试卷,1,1
沈阳市24中学,1,1
沈阳市26中学,1,1
沈阳市40中学数学上学期第一单元月考,6,1
沈阳市43中学,5,1
沈阳市一二0,2,1
沈阳市七中八下语文期末试题,1,1
沈阳市七中物理九上月考,1,1
沈阳市三十一中分班考,2,1
沈阳市东北中山中学,2,1
沈阳市东北育才,3,1
沈阳市东北育才高三开学9月份考化学,1,1
沈阳市东北育才高三开学第一次考化学,2,1
沈阳市于洪区2025-2026学年四年级下学期期末英语,1,1
沈阳市于洪区七下,1,1
沈阳市五校协作体,1,1
沈阳市五校联合体,2,1
沈阳市回民中学高二期末考试,1,1
沈阳市大东区7上期末考试,1,1
沈阳市市重点联合校物理,1,1
沈阳市效联体高二上,2,1
沈阳市效联体高二下,1,1
沈阳市数学二模,1,1
沈阳市数学二模语文,2,1
沈阳市沈河区2025 2026期末八年级数学,1,1
沈阳市沈河区2025 2026期末数学,2,1
沈阳市沈河区八年级下期末语文试卷答案,4,1
沈阳市法库县七下数学,10,1
沈阳市法库县七下英语,1,1
沈阳市法库县高级中学,2,1
沈阳市皇姑区2025-2026学年四年级下学期期末数学,1,1
沈阳市皇姑区五下,2,1
沈阳市第120中学,1,1
沈阳市第120中学高一期末,1,1
沈阳市第24中学,1,1
沈阳市第31中学,1,1
沈阳市第七中学,1,1
沈阳市第三十一中分班考,1,1
沈阳市第三十中学,1,1
沈阳市第十一中学期末考试,1,1
沈阳市第十中学,1,1
沈阳市第十中学期末考,3,1
沈阳市第四十三中学,2,1
沈阳市第四十中学高二下期末考试数学,2,1
沈阳市联合体,1,1
沈阳市联合体2025~2026高一,1,1
沈阳市联合体2025~2026高一七月,4,1
沈阳市联合体高二,1,1
沈阳市育才,2,1
沈阳市郊联体2023~2024学年度下学期高二期末数学,1,1
沈阳市郊联体2025~2026学年度下学期高二期末数学,4,1
沈阳市郊联体2025~2026学年度下学期高二期末语文,1,1
沈阳市郊联体9月,1,1
沈阳市郊联体高一下学期期末考试,1,1
沈阳市郊联体高一下学期期末考试题,2,1
沈阳市郊联体高一下期末,1,1
沈阳市郊联体高一期末,1,1
沈阳市郊联体高二下学期期中,1,1
沈阳市郊联体高二下期末,2,1
沈阳市铁西区,1,1
沈阳市铁西区2025 2026四下数学期末试卷,1,1
沈阳市铁西区24年北师大版小升初考试数学,5,1
沈阳市铁西区六年下期末数学,1,1
沈阳市高一下7月考试,2,1
沈阳市高一下7月考试，数学,3,1
沈阳市高一下学期联合体,1,1
沈阳市高一下学期郊连体语文,3,1
沈阳市高一下期末语文,2,1
沈阳市高一物理期末,1,1
沈阳市高一联合体物理期末,2,1
沈阳市高二下生物期末考试卷,1,1
沈阳开学分班考 七年级上,1,1
沈阳开学测七年级,2,1
沈阳志成,2,1
沈阳教联体,1,1
沈阳教联体高二下册语文,1,1
沈阳教联体高二下册语文沈从文,2,1
沈阳新初一开学测真题,1,1
沈阳月考,1,1
沈阳沈河,1,1
沈阳沈河八年級 数学2025 2026年下册期末考试,1,1
沈阳浑南区 2025-2026 五年级上学期,1,1
沈阳浑南区 2025-2026上学期,1,1
沈阳浑南高级中学,2,1
沈阳物理,8,1
沈阳物理高一,1,1
沈阳生物郊联体试卷,1,1
沈阳生物郊联体试卷期末,2,1
沈阳省实验,2,1
沈阳私立联合体,3,1
沈阳第七中,1,1
沈阳育才,1,1
沈阳育才中学,4,1
沈阳苏家屯英语,2,1
沈阳语文,3,1
沈阳郊联体2025 2026学年高二下学期期末,1,1
沈阳郊联体高一下学期期末,1,1
沈阳郊联体高一下期中,2,1
沈阳郊联体高三数学,1,1
沈阳郊联体高二,1,1
沈阳郊联体高二下,2,1
沈阳郊联体高二下学期期末,3,1
沈阳郊联体高二下期末化学,2,1
沈阳郊联体高二下期末历史,1,1
沈阳铁西八上月考,2,1
沈阳铁西区数学四年级下册,3,1
沈阳高一上,2,1
沈阳高一上第一次,1,1
沈阳高一下期末,1,1
沈阳高一下期末物理郊联体,5,1
沈阳高三10月月考数学,2,1
沈阳高二,1,1
沈阳高二下册期末，联考,1,1
沈阳高二下学期期末数学,1,1
沈阳高二下学期期末生物,3,1
沈阳高二下期末历史,2,1
沉淀溶液平衡,1,1
沉淀溶解平衡,6,1
沉淀表格,1,1
沐阳如东,1,1
沙县一中,1,1
沙县三中,1,1
沙坪坝区,2,1
沙河口区七上语文,1,1
沙河口区数学,5,1
沙洲中学,2,1
沙雅二中,2,1
沛县,2,1
沛县中学,2,1
沛县中学高一宏志班选拔试卷,2,1
沛县徐州2025至2026年八上物理期中真卷,2,1
沛县徐州2025至2026年八上物理期中真卷三中,2,1
沛县期中,4,1
沛县歌风中学高一 上学期入学分班考试,2,1
沛县高二上学期第一次月考,3,1
沛县龙城小学,2,1
沛矿联考,2,1
没有公司的物理课,1,1
没有公式的物理课,1,1
沧州一中,1,1
沧州市一中2025-2026高一上学期期中考试卷及答案,1,1
沧州市一中2026高一上学期期中考试卷及答案,2,1
沧州市一中去年高一上学期期中考试卷及答案,7,1
沧州市十四中,2,1
沧州市第17中学中考数学模拟卷,2,1
沧州市第十七中学,5,1
沧州市第十四中学,1,1
沧州运河区小孩升初试卷,1,1
沧州运河区小孩升初试卷冀教版,1,1
沪教版,2,1
沪教版七上填空题,1,1
沪教版七上填空题专练‘,1,1
沪教版七上期末,1,1
沪教版七上期末上海,1,1
沪教版七上英语32页,1,1
沪教版七下,1,1
沪教版七下一元一次不等式,1,1
沪教版七年级图形的运动,1,1
沪教版九上单词默写,1,1
沪教版九上单词默写英汉互译,1,1
沪教版二年级数学,2,1
沪教版五四制五年级上册金试卷,1,1
沪教版五四制金试卷,3,1
沪教版五年级新教材,2,1
沪教版四年级上数学期中考试,2,1
沪教版四年级上数学期末,1,1
沪教版图形的运动,3,1
沪教版学图形的运动,1,1
沪教版数学图形的运动,1,1
沪教版物理九年级新版全一册,2,1
沪教牛津九上 Unit1 时文阅读 广州中考阅读,4,1
沪教牛津八上Unit 6 Inventions 单词默写（书后词汇版）,2,1
沪教牛津八上Unit4 Inventions 单词默写（书后词汇版）,4,1
沪教牛津八上Unit6单词默写（书后词汇版）,1,1
沪教牛津八上Unit6单词（书后词汇版）,1,1
沪教牛津版六年级上册单词表,1,1
沪教英语单词表,1,1
沪科,1,1
沪科版2023 2024学年七年级上册数学期末猜想试卷,5,1
沪科版2023-2024学年,1,1
沪科版2023-2024学年七年级上册数学期末猜想试卷,1,1
沪科版七下数学知识点框架图高清图片。,5,1
沪科版九年级物理,5,1
沪科版全等三角形试卷,2,1
沪科版八年级,2,1
沪科版八年级上册物理第一单元,1,1
沪科版八年级上册物理第二单元,2,1
沪科版八年级课本,1,1
沪科版数学21.25,2,1
沪科版物理,3,1
沪科版物理同步练习,2,1
沪科版物理同步课时练,2,1
沪科版（2024）物理八年级全一册1.3《长度与时间》同步练习,2,1
沪粤版,1,1
沪粤版九年级上册物理电子课本,1,1
沪粤版九年级上册物理电子课本热量与热值,2,1
沪粤版八年级下册物理第六单元试卷,2,1
沪粤版八年级下册物理试卷,1,1
沭阳县如东初二第二学期2026期末,1,1
沭阳外国语化学,2,1
沭阳外国语化学九上,2,1
沭阳如东化学九上,2,1
沭阳如东高级中学,2,1
沭阳怀文化学九上,4,1
沭阳正德,2,1
沭阳高中,1,1
河东区2025-2026 高三,1,1
河东区2025-2026 高三 英语,3,1
河东区七下历史期末试卷,2,1
河东区八年级期末英语,1,1
河东区期中,2,1
河东区期末,1,1
河东区期末地理,1,1
河东区期末地理2024到2025,1,1
河东区高二上英语,1,1
河中考试卷2026,1,1
河北 0 2026 中考英语,2,1
河北 中考  2026,1,1
河北2025 2026学年度高一下期末,1,1
河北2025-2026学年七年级下学期末模拟卷,2,1
河北2025中考语文,1,1
河北2025物理,2,1
河北2026年7月高二下期末,2,1
河北2026年期末卷数学,1,1
河北2026物理,1,1
河北2026高一金太阳期末,1,1
河北2026高一金太阳期末邢台,16,1
河北2026高考物理,1,1
河北26年石家庄质检,1,1
河北26年石家庄质检高三,3,1
河北7月巩固,1,1
河北7月巩固高二,1,1
河北NT20 2025 2026高一下七月期末,1,1
河北NT20 2025 2026高一下七月期末答案语文,6,1
河北一年级上学期升学真题,1,1
河北一战成名新中考英语2026,4,1
河北七年级上学期阶段检测,1,1
河北三年级上学期期末人教版,10,1
河北三年级下学期期末人教版,2,1
河北专用高中,3,1
河北中考2026,1,1
河北中考2026年数学,1,1
河北中考2026年英语,4,1
河北中考38套,1,1
河北中考听力,2,1
河北中考数学25,5,1
河北中考真题,1,1
河北中考英语,1,1
河北中考英语2026,1,1
河北中考英语卷子,4,1
河北中考语文,1,1
河北中考语文文言文,6,1
河北临城中学,2,1
河北九下期末,1,1
河北九年级上学期阶段检测,1,1
河北二南,1,1
河北二南高一下期末考,2,1
河北二年级上学期期末,1,1
河北二年级下学期期末,3,1
河北二年级下学期期末人教版,6,1
河北五年级下,1,1
河北保定,4,1
河北保定保师附小,1,1
河北保定六校联盟高一下期末,1,1
河北保定市定州市2023至2024学年度第一学期期中质量监测7年级数学,5,1
河北保定市定州市2023至2024学年度第一学期期中质量监测7年级数学试题,1,1
河北保定市定州市2023至2024学年度第一学期期中质量监测7年级语文,1,1
河北保定市定州市2024至2025学年度第一学期期中质量监测8年级数学试题,2,1
河北保定市定州市2024至2025学年度第一学期期中质量监测8年级物理试题,3,1
河北保定市定州市2024至2025学年度第一学期期中质量监测8年级英语试题,1,1
河北保定市定州市2024至2025学年度第一学期期中质量监测8年级语文试题,1,1
河北保定市定州市2025至2026学年度第一学期期中质量监测8年级物理,4,1
河北保定市定州市2025至2026学年度第一学期期末质量监测8年级物理,2,1
河北保定市定州市2025至2026学年度第一学期期末质量监测9年级物理,1,1
河北保定市易县2025-2026学年八年级下学期6月期末英语试题,2,1
河北保定市第一中学2025-2026学年高一下学期7月期末英语试题（含答案，无音频无听力原,1,1
河北保定市部分校联考2025 2026学年高一下学期7月期末质量检测数学试题,2,1
河北保定市部分校联考2025 2026学年高二下学期7月期末质量检测数学试题,1,1
河北保定师范附属,3,1
河北保定莲池区高二期末考试下学期,2,1
河北保定高一上册期末,1,1
河北保定高一期末,2,1
河北保定高一物理期末卷,1,1
河北保定高三，模拟卷,6,1
河北保定高二下册期末,1,1
河北保定高二期末,1,1
河北保定高二期末考试下学期,2,1
河北入学分班卷,2,1
河北八上物理卷子,2,1
河北八年级上学期阶段检测,1,1
河北八年级期末试卷物理,2,1
河北冀州中学,1,1
河北几何大题,1,1
河北化一,1,1
河北化学九年级,3,1
河北化学九年级知识点,1,1
河北区2023-2024高三模拟一,5,1
河北区2024到2025斯末,1,1
河北区2024到2025斯末地理高一,2,1
河北区一模，2026天津市，高三英语,1,1
河北区初一期中,2,1
河北区化学,2,1
河北区，天津八年级期末第二学期到,1,1
河北升学模考,1,1
河北单招2026年数学,1,1
河北单招2026试卷,1,1
河北单招2027数学试题适合中职生,1,1
河北南宫中学,4,1
河北历史中考,2,1
河北历年真题,1,1
河北名校联合体2026模拟数学,2,1
河北唐山三年级上学期期末数学试卷,5,1
河北唐山三年级下学期期中数学试卷,2,1
河北唐山三年级下学期期末英语试卷试卷,2,1
河北唐山三年级下学期期末语文试卷试卷,5,1
河北唐山市丰南区,2,1
河北唐山市数学,1,1
河北唐山市玉田县兰坡小学2025至2026的期末检测卷，六年级下册,1,1
河北唐山市统考语文,2,1
河北唐山期末2025到2026,1,1
河北地理下学期期末考试,2,1
河北地理高考,2,1
河北学业水平测试卷语文,1,1
河北学考,1,1
河北宏达中学,1,1
河北官厅一中,2,1
河北定兴中学,2,1
河北定兴第三中学高一下学期开学考试,2,1
河北定兴第三中学高二上学期开学考试,4,1
河北定州初一下学期期末考试,2,1
河北定州初一期末考试,1,1
河北定州物理九下预习,3,1
河北对口单招语文文学常识专题,4,1
河北对口高考数学真题,1,1
河北小升初英语,1,1
河北工程,1,1
河北师范大学附属中学,1,1
河北张家口,1,1
河北张家口小升初语文张家口,2,1
河北张家口市部分学校2025-2026学年高一下学期7月期末巩固训练考试,1,1
河北承德九上物理,2,1
河北承德双桥区,1,1
河北承德双滦区,1,1
河北承德市2025 2026学年高一下学期7月期末,3,1
河北承德市2025 2026学年高二下学期7月期末数学试题,3,1
河北承德市2025 2026学年高二下学期7月期末试题,2,1
河北承德市2025-2026学年高一下学期7月期末,4,1
河北承德市2025-2026学年高一下学期期末考试语文试题,1,1
河北承德市2025-2026学年高二下学期7月期末考试,1,1
河北承德市部分高中2025 2026学年高二下学期7月期末,1,1
河北承德市部分高中2025-2026学年高二下学期7月期末英语,2,1
河北承德琢名小鱼7月联考,1,1
河北承德生物卷子,2,1
河北承德生物卷子高一下学期,1,1
河北承德高一下期末,4,1
河北数学中考,2,1
河北数学八年级期末答案,1,1
河北数学石家庄,1,1
河北数学石家庄外国语学校2526,2,1
河北数学石家庄外国语学校2526期末,1,1
河北数学石家庄外国语学校2526期末八年级,1,1
河北数学计算100题 每日一练,3,1
河北昌黎第一中学2025－2026学年高三年级第四次模拟,1,1
河北昌黎第四次模拟,1,1
河北易县八上期中,2,1
河北望都中学五月期中英语试题,2,1
河北期末考试卷,1,1
河北枣强中学,1,1
河北模拟卷,1,1
河北正定,1,1
河北正定中学,1,1
河北正定中学期末,2,1
河北正定中学期末高二,1,1
河北正定英语高一年级第二次月考,2,1
河北武邑中学高三,1,1
河北沧县,1,1
河北沧州,1,1
河北沧州东光县,2,1
河北沧州东光县八年级,1,1
河北沧州任丘市二零二六年新版六上课本数学,1,1
河北沧州市多校联考2025-2026学年高二上学 期阶段总结化学试题,1,1
河北沧州市多校联考2025-2026学年高二上学 期阶段总结物理试题,1,1
河北沧州市多校联考2025-2026学年高二上学 期阶段总结语文试题,2,1
河北沧州市多校联考2025-2026年高二下学期阶段总结,2,1
河北沧州市沧县中学,2,1
河北沧州高二阶段,1,1
河北版最新版八上数学一遍过期中试卷,1,1
河北物理九下预习,1,1
河北物理高考,1,1
河北生地会考识图题,1,1
河北生物有丝,2,1
河北省2025初中学业水平测试语文,1,1
河北省中考,1,1
河北省二年级数学下册期末,1,1
河北省保定市2024-2025学年高一下学期7月期末调研,2,1
河北省保定市2026届高三第一次模拟考试数学试卷,3,1
河北省保定市六年级唐县唐县,1,1
河北省保定市唐县七年级上册数学期末考,2,1
河北省保定市唐县六年级下册数学期末考,1,1
河北省保定市定州市2024至2025学年度第一学期期中质量检测八年级物,1,1
河北省保定市定州市2025至2026学年度第一学期期中质量监测八年级数学,4,1
河北省保定市定州市2025至2026学年度第一学期期中质量监测八年级英语,8,1
河北省保定市定州市2025至2026学年度第二学期期末质量监测七年级英语,3,1
河北省保定市定州市2025至2026学年度，第二学期期末质量监测六年级科学,5,1
河北省保定市曲阳县七下 期末卷末卷,8,1
河北省保定市望都中学,1,1
河北省保定市望都县高二七月期末数学2026,1,1
河北省保定市望都县高二期末数学2026,2,1
河北省保定市期末数学2026,1,1
河北省保定市第一中学2025 2026学年高一下学期7月期末考试数学,1,1
河北省保定市阜平县三年级下册期末测,3,1
河北省保定市阜平县六年级下册期末测试卷,1,1
河北省保定市高二下期末,1,1
河北省保定高中一模,5,1
河北省八年级下册数学计算专项练习,1,1
河北省八年级下册数学计算题专项练习,1,1
河北省八年级下册计算专项练习,1,1
河北省八年级物理试卷,4,1
河北省初中学业水平监测九年级麒麟卷32026年英语,2,1
河北省初中学业水平监测九年级麒麟卷英语,2,1
河北省唐山市,1,1
河北省唐山市 数学 八下,1,1
河北省唐山市 数学 八下 较难,2,1
河北省唐山市2024-2025学年六年级下学期期末数学试卷,2,1
河北省唐山市2024-2025学年六年级下学期期末试卷,1,1
河北省唐山市2025 2026学年度第二学期期末质量评估高一下,2,1
河北省唐山市2025 2026高二期末数学,6,1
河北省唐山市2025 2026高二期末物理,3,1
河北省唐山市2025-2026学年度高一年级第二学期期末考试历史试题,1,1
河北省唐山市2025-2026学年度高一年级第二学期期末考试政治试题,1,1
河北省唐山市20252026学年度第二学期高一期末物理,11,1
河北省唐山市2025~2026学年度高一第二学期期末物理试题,8,1
河北省唐山市2025到2026高一下学期政治期末,1,1
河北省唐山市2025到2026高一下学期期末,2,1
河北省唐山市2025年高三上学期9月份生物试卷,2,1
河北省唐山市2026年普通高等学校招生统一考试第二次模拟演练,1,1
河北省唐山市2026至20二七届生物卷联考,1,1
河北省唐山市丰南区2025-2026学年度高一年级第二学期期末考试英语试题,2,1
河北省唐山市开平区2026年语文小升初测试卷,1,1
河北省唐山市曹妃电区2024至2025第二学期物理试题,1,1
河北省唐山市曹妃甸区2025是2026第二学年物理试卷,2,1
河北省唐山市曹妃甸区8年级下册第二学期物理试题,1,1
河北省唐山市曹妃甸区8年级第二学期物理试题,1,1
河北省唐山市曹妃甸区语文试题,2,1
河北省唐山市期末卷子,2,1
河北省唐山市玉田县2025-2026学年度高一第二学期期末考试英语卷,2,1
河北省唐山市玉田县2025小升初考试,2,1
河北省唐山市玉田县2025年小升初试题,3,1
河北省唐山市玉田县英语高一第二学期期末卷,1,1
河北省唐山市英语高一第二学期期末卷,1,1
河北省唐山市高一yibftu试题,3,1
河北省唐山市高一历史,1,1
河北省唐山市高一语文试题,2,1
河北省唐山滦州市2025八下数学期末测试卷,2,1
河北省定州市2025~2026期末调研卷5年级数学下册,1,1
河北省定州市期末卷,2,1
河北省实验中学,1,1
河北省实验八年级上册期中物理,2,1
河北省实验小学八年级上册期中物理,2,1
河北省廊坊市三河市2024~2025学年八上期末物理考试,1,1
河北省张家口,1,1
河北省张家口7月高一期末巩固训练,1,1
河北省张家口市历史高一,2,1
河北省张家口市地理高一,1,1
河北省张家口市张垣联盟,2,1
河北省张家口市政治高一,1,1
河北省张家口市政治高二,2,1
河北省张家口市数学高一,2,1
河北省张家口市语文高二,1,1
河北省承德市2025-2026学年高二历史试题,1,1
河北省承德市2025-2026高二下学期7月地理,2,1
河北省承德市兴隆县兴隆一中期末考物理卷子,1,1
河北省承德市兴隆县兴隆一中高一期末考物理卷子,1,1
河北省枣强中学,2,1
河北省武安市2024年五年级下册期末卷,3,1
河北省武安市2026年七年级下册期末试卷,4,1
河北省武安市2026年五年级下册期末卷,2,1
河北省武安市2026年五年级下册期末语文试卷,1,1
河北省武安市2026年五年级下册语文试卷,7,1
河北省沧州市英语期末,2,1
河北省沧州市高一物理试卷,1,1
河北省物理中考试题2026,1,1
河北省生物高考卷,1,1
河北省百师联盟,3,1
河北省石家庄市2025高一下期末物理,1,1
河北省石家庄市一中2024-2025学年高一下学期期末数学,1,1
河北省石家庄市一中2024-2025学年高一下学期期末语文试题,3,1
河北省石家庄市一中2024-2025学年高一第二学期期末数学,1,1
河北省石家庄市七下40中期末卷2025-2026,1,1
河北省石家庄市五年级,2,1
河北省石家庄市新华区六年级下期末考试,2,1
河北省石家庄市正定中学2025到2026学年期末考试卷数学,2,1
河北省石家庄市正定中学高二下2025到2026学年期末考试卷数学,1,1
河北省石家庄高一语文,1,1
河北省秦皇岛市第一中学,1,1
河北省秦皇岛海港区八上期末数学,4,1
河北省衡水中学,3,1
河北省衡水中学高二小学期,1,1
河北省衡水市第二中学2025-2026学年上学期一调考试高一物理试卷,2,1
河北省迁安市2025—2026学年第二学期期末教学质量监测 八年级 语文/数学/英语/物理/历史/道德与法治,1,1
河北省邢台市冀教版,2,1
河北省邢台市襄都区英华学校,2,1
河北省邯郸市临漳县2025-2026学年七年级下学期期末考试英语试题,3,1
河北省邯郸市武安市七年级下册期末,4,1
河北省邯郸市武安市五年级下册期末,1,1
河北省邯郸市磁县滏滨,1,1
河北省邯郸市磁县滏滨中学,2,1
河北省邯郸市邱县第一中学,1,1
河北省高一数学期末试卷,2,1
河北省高一期末,3,1
河北省高考生物真题卷,2,1
河北省高职单招,1,1
河北省高职单招考试全真模拟卷,3,1
河北石家庄,1,1
河北石家庄七下四十一中期末,2,1
河北石家庄五年级下学期,1,1
河北石家庄五年级下学期语文,1,1
河北石家庄八下数学期末试卷,1,1
河北石家庄八年级期末试卷数学,2,1
河北石家庄市2026届普通高中学校毕业年级教学质量检测(一),1,1
河北石家庄市2026届普通高等学校毕业年级教学质量检测,5,1
河北职高畜牧专业高考试卷,1,1
河北职高高考数学,2,1
河北联邦,1,1
河北联邦八上,2,1
河北衡水,1,1
河北衡水一中单元检测。,4,1
河北衡水中学2025到2026高一下一理,1,1
河北衡水中学2025到2026高二小学期理,1,1
河北衡水中学2025到2026高二理,1,1
河北衡水中学高一上2025 2026期中,2,1
河北衡水中学高一上2025 2026期中物理,1,1
河北衡水中学高一上2025 2026期末物理,1,1
河北衡水中学高一下2025 2026期末物理,1,1
河北衡水中学高一期末考试英语真卷,1,1
河北衡水中学高一期末考试语语文真卷,1,1
河北衡水高中,2,1
河北邢台2026高二期末试卷金太阳英语答案,2,1
河北邢台八年级上数学卷,1,1
河北邯郸市联考2025-2026学年高一下学期7月期末数学试题,4,1
河北邯郸市联考2025-2026学年高一下学期7月期末语文试题,2,1
河北邯郸市联考2025-2026学年高一第二学期7月期末英语试题听力音频,1,1
河北邯郸市部分校2025-2026学年高二下学期7月期末,2,1
河北邯郸高一期末卷,2,1
河北邯郸高一期末卷历史,1,1
河北邯郸高一期末卷地理,2,1
河北邯郸高一期末卷政治,1,1
河北邯郸高一期末卷数学,2,1
河北邯郸高二期末数学,1,1
河北郑口中学,7,1
河北部分学校2026年学科素养评价练习,1,1
河北金太阳2026.7.13高二下学期期末英语,1,1
河北金太阳高二期末7月,1,1
河北阶段检测,1,1
河北雄安新区 2026届,1,1
河北雄安新区 2026届高三年级模考,1,1
河北雄安新区2025 2026学年四下,1,1
河北雄安新区四下,1,1
河北高一,1,1
河北高一上学期化学卷子期中,1,1
河北高一上学期数学卷子期末,1,1
河北高一上学期物理卷子期中,1,1
河北高一下学期化学期末试卷（市统考）,1,1
河北高一下期末,3,1
河北高一化学,1,1
河北高一数学,2,1
河北高一数学卷子期末,1,1
河北高一期末,2,1
河北高一期末物理,1,1
河北高一物理期末卷,1,1
河北高一英语期末,3,1
河北高三上学期开学考数学,1,1
河北高三上学期阶段检测,2,1
河北高三年级上语文开学摸底考,1,1
河北高三离子方程式,5,1
河北高中学业水平考试数学,1,1
河北高二上开学考试,1,1
河北高二下学期期末,2,1
河北高考一卷,1,1
河北高考地理2026,1,1
河北高考物理,1,1
河北高考真题,2,1
河北高职单招数学,1,1
河北魏县一中,1,1
河南  合格 英语,1,1
河南  合格性 考试英语,1,1
河南  合格考英语,1,1
河南 0 2026 高考真题,1,1
河南 2025高考真题,1,1
河南 中考,2,1
河南2023级模考,1,1
河南2024~2025学年度第二学期阶段性复习作业6年级数学,2,1
河南2024高考生物,5,1
河南2025中考数学,7,1
河南2025高考真题,1,1
河南2026中考数学,5,1
河南2026中考数学试卷,1,1
河南2026周口新高一摸底考试卷,1,1
河南2026数学,1,1
河南2026新高一入学摸底考试卷,1,1
河南2026新高一摸底考试卷,2,1
河南2026物理,5,1
河南2026项城新高一摸底考试卷,1,1
河南2026高一英语,1,1
河南一年级上学期阶段检测,1,1
河南一轮复习,2,1
河南七下统编版,2,1
河南七下统编版单元评价卷,1,1
河南七年级下学期阶段检测,1,1
河南三年级上学期阶段检测,1,1
河南中考物理试题,1,1
河南中考试卷2026,2,1
河南中考语文试卷,1,1
河南九年级化学第3单元单元检测卷,2,1
河南二七区,1,1
河南二五年化学三模,2,1
河南二建试题,1,1
河南五年级下学期期末,1,1
河南会考,1,1
河南会考高中,1,1
河南信阳光山二高,2,1
河南信阳市2025到2026学年下学期期末考试高二数学试卷,1,1
河南信阳市2025到2026学年下学期期末考试高二英语试卷,1,1
河南信阳市普通高中2025 2026高二下学期期末教学质量检测,2,1
河南信阳市淮滨县2020至2025学年度下学期期末六年级英语试卷,1,1
河南信阳市淮滨县2024至2025学年小学六年级英语试卷,1,1
河南信阳市淮滨县2024至2025学年度下学期期末六年级英语试卷,2,1
河南信阳市淮滨县2025到2026学年下学期期末考试高二地理试卷,1,1
河南信阳市淮滨县2025到2026学年下学期期末考试高二政治试卷,3,1
河南信阳市淮滨县2025到2026学年下学期期末考试高二数学试卷,1,1
河南信阳市淮滨县2025到2026学年下学期期末考试高二英语试卷,3,1
河南信阳高级中学2025至2026学年高一下学期5月阶段测试二英语,2,1
河南八上物理,1,1
河南八上物理前三单元专题卷,1,1
河南八上物理单元卷,3,1
河南八年级下学期阶段检测,1,1
河南六年级下学期升学模考,1,1
河南六年级下学期升学真题,2,1
河南六年级下学期阶段检测,1,1
河南兰考,4,1
河南初升高衔接试卷,1,1
河南单招畜牧兽医考点,1,1
河南单招畜牧兽医高频考点,5,1
河南南阳市西峡县2025-2026,1,1
河南南阳市镇平县2025-2026学年八年级下学期6月期末物理试题,1,1
河南南阳豫南部,5,1
河南历史2026,1,1
河南历史背诵清单,2,1
河南合格考英语,2,1
河南名校联考2025-2026学年高二下学期7月期末考试,2,1
河南周口太康县华夏中学数学真题卷,2,1
河南周口市 沈丘县,2,1
河南周口期末,1,1
河南商丘,1,1
河南商丘 高二期末试卷,2,1
河南商丘八年级英语,1,1
河南商丘市商师联盟2025-2026学年高一下学期7月期末考试,1,1
河南商丘永城5年级上册,2,1
河南四年级下学期期末,1,1
河南四年级数学,2,1
河南大学出版社七年级下册暑假作业答案,1,1
河南天一大联考,1,1
河南安阳 第1次月考,1,1
河南安阳县,2,1
河南安阳期中,1,1
河南实验中学2025 2026学年下期期末试卷数学,1,1
河南对口升学计算机,1,1
河南对口升学计算机历年真题,1,1
河南小升初分班考,1,1
河南小升初分班考语文真题,1,1
河南巩义,3,1
河南师范大学实验中学,1,1
河南平顶山小升初,2,1
河南平顶山郏县实验高中,2,1
河南开封 2025 2026学年 高一年级7月期末联合测评,2,1
河南开封 2025 2026学年 高一青桐鸣年级7月期末联合测评,3,1
河南开封兰考,2,1
河南息县理想学校,2,1
河南文庙,1,1
河南新乡,2,1
河南新乡四年级下学期期末,1,1
河南新乡红旗区四年级下学期期末,1,1
河南期末郑州,1,1
河南民权县8年级,2,1
河南民权县8年级英语,1,1
河南永城2024~2025学年度第二学期阶段性复习作业6年级数学,1,1
河南济源市2025-2026学年高一下学期期末考试,1,1
河南濮阳2025年中考试卷,6,1
河南生实验中学,2,1
河南省,3,1
河南省 普通高中学业水平考试 数学 真题,4,1
河南省024年普通高中学业水平考试,1,1
河南省024普通高中适应性测试,2,1
河南省025年普通高中学业水平考试,3,1
河南省2022年高考真题,1,1
河南省2023年高考真题,3,1
河南省2025-2026学年度九年级综合素养评估［一］化学R试题,2,1
河南省2025-2026年度九年级化学综合素养评估（一）,1,1
河南省2025-2026年度九年级综合素养评估（一）,2,1
河南省2025八年级物理,1,1
河南省2025八年级物理期中,2,1
河南省2025年普通高中学业水平考试,2,1
河南省2025年普通高中学生学业水平合格性考试数学试题,2,1
河南省2025年期末数学试卷,5,1
河南省2026初中学业水平考试,2,1
河南省2026年初中学业水平考试,1,1
河南省2026年初中学业水平考试试卷英语,2,1
河南省2026年普通高中学业水平选择性考试生物,2,1
河南省2026年普通高中学生学业水平合格性考试数学试题,1,1
河南省2026年普通高等学校对口招收中等职业学校毕业生考试 文化课全套,2,1
河南省2026年普通高等学校招生全国统一考试物理,2,1
河南省。中考复习,1,1
河南省三门峡市2025 2026学年高二下学期7月期末考试语文,2,1
河南省中原名校联盟,2,1
河南省中考复习,1,1
河南省中考复习资料,4,1
河南省会考英语,3,1
河南省信阳市 2026学年高二下学期数学期末试卷,1,1
河南省信阳市 光山县第二高级中学2026学年七月高二下学期数学期末试卷,1,1
河南省信阳市 光山县第二高级中学2026学年高二下学期数学期末试卷,1,1
河南省信阳市2025,1,1
河南省信阳市2025 2026学年高二下学期数学期末试卷,1,1
河南省信阳市2025 2026学年高二下学期期末试卷,1,1
河南省信阳市淮滨县2024至2025学年六年级小升初英语试卷,5,1
河南省信阳市淮滨县2024至202学年学年六年级下册英语小升初真题试卷,2,1
河南省信阳市羊山中学月考试卷,1,1
河南省信阳市羊山新区2025年第一次月考英语,1,1
河南省信阳高级中学国际部高考班2025-2026学年高二下期05月测试（二）物理试题,3,1
河南省信阳高级中学国际部高考班20252026学年高二下期05月测试（二）化学试题,2,1
河南省信阳高级中学新校（贤岭校区）2025-2026高一下5月测试（二）语文,5,1
河南省光山县第二高级中学,2,1
河南省内乡县2025-2026学年五年级下学期期末数学试卷,2,1
河南省十校联考,2,1
河南省南阳市 第一中学  高一,1,1
河南省南阳市 第一中学  高一上学期,1,1
河南省南阳市2 24 2 25学年高一下学期期末,2,1
河南省南阳市2024高二上数学期中试卷,2,1
河南省南阳市2026年春季期末考试质量评估历史,1,1
河南省南阳市2026年春季期末考试质量评估语文,2,1
河南省南阳市2026年春季期末考试质量评估语文高二文,4,1
河南省南阳市2026年春季期末考质量评估语文,1,1
河南省南阳市八年级下册期末卷,2,1
河南省南阳市内乡县202520206年级期中综合素质测评,2,1
河南省南阳市内乡县20252020年六年级下学期期 终综合素质测评,1,1
河南省南阳市卧龙区五年级下册期末数学卷子,1,1
河南省南阳市唐河县中考试卷,2,1
河南省南阳市淅川县八年级下册数学期末卷,4,1
河南省南阳市第一中学  高一上学期,1,1
河南省南阳市第一中学校2025-2026学年高一上学期开学考,3,1
河南省南阳市镇平县2025-2026上学期七年级期中考试数学试题10月,1,1
河南省南阳市镇平县2025-2026上学期七年级期中考试语文试题10月,3,1
河南省南阳市镇平县2025-2026上学期九年级第一学月考试数学试题10月,1,1
河南省南阳市镇平县2025-2026上学期八年级期中考试数学试题11月,1,1
河南省南阳市镇平县2025-2026上学期八年级期中考试语文试题10月,4,1
河南省南阳市高一下学期期中数学,1,1
河南省南阳市高三开学摸底考试,2,1
河南省南阳市高二上期中历史,2,1
河南省叶县小升初考试卷子,2,1
河南省合格考英语,1,1
河南省周口市沈丘县一初中入学考试试卷,1,1
河南省周口市郸城县五年级下册期末试卷,3,1
河南省周口市郸城县八年级英语下册,2,1
河南省周口市郸城县第一高级中学,1,1
河南省周口市郸城县第一高级中学2025-2026学年高三上学期期中考试数学试卷,1,1
河南省商丘市2025至2026年学高三上学期9月月考历史试题,2,1
河南省商丘市商师联盟,1,1
河南省商丘市商师联盟+本次考试学年+俄语A卷,3,1
河南省商丘市商师联盟2025 2026学年高一下学期七月期末语文试题,1,1
河南省商丘市商师联盟2025 2026学年高二下学期七月期末语文试题,2,1
河南省商丘市商师联盟2025 2026学年高二数学下学期七月期末语文试题,1,1
河南省商丘市虞城县2022~2023年六年级下学期语文5月第3次月考试卷,4,1
河南省固始县2024年到2025年八年级上册数学期中试卷,1,1
河南省固始县2024年到2025年八年级上册英语期中试卷,1,1
河南省固始县2024年到2025年八年级上册英语第一次月考,1,1
河南省固始县外国语中学2024年到2025年八年级上册英语第一次月考,1,1
河南省夏邑县8年级下册期末考试。,2,1
河南省外国语学校,1,1
河南省太康县新时代中学,2,1
河南省安阳市八年级期末试卷,1,1
河南省实验,3,1
河南省实验中学2021-2022学年第二学期期末调研八年级英语试题卷听力,1,1
河南省实验中学2021—2022学年第二学期期末调研八年级英语试题卷」,2,1
河南省实验中学2021—2022学年第二学期期末调研八年级英语试题卷听力音频,2,1
河南省实验中学20225至2026高二下,2,1
河南省实验中学2025  2026学年高一下学期月考一数学试题,1,1
河南省实验中学2025-2026学年高一下学期月考一数学试卷,2,1
河南省实验中学下期末,1,1
河南省实验中学高三开学考,2,1
河南省实验中学高二开学考,1,1
河南省实验八上第二单元,1,1
河南省实验高一下期末,1,1
河南省开封市2024-2025学年高一下学期七月期末调研考试,3,1
河南省开封市五校2025-2026学年下学期期末考试 高一历史,1,1
河南省开封市五校2025-2026学年下学期期末考试 高一地理,1,1
河南省开封市五校2025-2026学年下学期期末考试 高一政治,1,1
河南省开封市五校2025-2026学年下学期期末考试 高一语文,2,1
河南省开封市五校2025-2026学年高一下学期期末考试,2,1
河南省开封市五校2025-2026学年高二下学期7月期末考试,1,1
河南省开封市十中,1,1
河南省开封市尉氏县七年级上册 期末试题,7,1
河南省开封市尉氏县六年级期末,2,1
河南省开封市尉氏县六年级期末2022年-2023年,1,1
河南省开封市尉氏县分班考试七年级,1,1
河南省开封市尉氏县分班考试小升初,3,1
河南省开封市尉氏县分班考试自主招生,1,1
河南省开封市尉氏县分班考试自主招生小升初,1,1
河南省开封市尉氏县试题小升初,1,1
河南省开封市第二十五中,1,1
河南省开封市第十高级中学,1,1
河南省新蔡县六年级上册英语卷子,1,1
河南省普通高中学业水平选择性考试,1,1
河南省普通高中学业水平选择性考试地理,2,1
河南省永城市2026七年级下册期末试卷,2,1
河南省汝州市,2,1
河南省洛阳市洛宁县,6,1
河南省洛阳市洛阳市九师联盟2024-2025学年高二下学期7月月考英语试题,1,1
河南省洛阳市洛阳强基联盟2025~2026学年高一上学期1月月考英语,5,1
河南省济源市济水街道2024到二0257年初中开学考卷纸,4,1
河南省济源市济水街道2024到二2025年初中开学考卷纸,1,1
河南省漯河市2024-2025学年四年级上     册 期末数学卷子,1,1
河南省漯河市临颍县2024-2025学年四年级上  册 期末数学卷子,1,1
河南省漯河市临颍县2024-2025学年四年级上 册 期末语文卷子,1,1
河南省漯河市临颍县2024-2025学年四年级上册 期末语文卷子,1,1
河南省漯河市临颍县2024-2025学年四年级上册期末英语卷子,1,1
河南省漯河市临颍县2025-2026学年四年级 上 册期末 英语卷子,2,1
河南省漯河市临颍县2025-2026学年四年级上册期末语文卷子,5,1
河南省濮阳市,1,1
河南省濮阳市华龙区,1,1
河南省濮阳市华龙区人教版,1,1
河南省濮阳市华龙区人教版期末,1,1
河南省濮阳市华龙区人教版期末2025－2026,1,1
河南省物理卷子,1,1
河南省省实验,1,1
河南省省实验八上数学月考卷子2025到2026,1,1
河南省省实验八上物理期末卷子2025到2026,1,1
河南省示范区实验学校,2,1
河南省禹州市2024-2025学年第二学期期末八年级数学卷子,3,1
河南省红卷,2,1
河南省英语卷子高一联考所有卷,1,1
河南省许昌市2024-2025学年四年级上  册 期末数学卷子,1,1
河南省许昌市2025 2026第二学期期末,1,1
河南省许昌市2025-2026学年四年级上册期末语文卷子,1,1
河南省许昌市建安区2024-2025学年第二学期期末八年级数学卷子,3,1
河南省许昌市建安区2025-2026学年第二学期期 末  三年级英语卷子,1,1
河南省许昌市建安区2025-2026学年第二学期期末  三年级语文卷子,1,1
河南省许昌市建安区2025-2026学年第二学期期末 三年级数学卷子,2,1
河南省许昌市建安区2025-2026学年第二学期期末四年级英语卷 子,5,1
河南省许昌市禹州市2024-2025学年四年级上    册 期末语文卷子,1,1
河南省许昌市禹州市2024-2025学年四年级上   册 期末英语卷子,1,1
河南省许昌市禹州市2025-2026学年四年级上册期末语文卷子,2,1
河南省豫民联考,1,1
河南省质检,2,1
河南省辉县市第一初级中学,2,1
河南省郑州市2024~2025学年高一下学期期末测评物理试卷,4,1
河南省郑州市2025~2026年高二下学期期末物理试卷二,1,1
河南省郑州市2026~2027年高二下学期期末物理试卷二,1,1
河南省郑州市2026年,1,1
河南省郑州市2026年九年级,2,1
河南省郑州市2026年九年级月考数学,1,1
河南省郑州市中牟县九年级,10,1
河南省郑州市八年级下册数学,2,1
河南省郑州市期末化学,1,1
河南省郑州市期末化学高一,2,1
河南省郑州市期末数学2025-2026,1,1
河南省郑州市重点中学2024-2025学年七年级上学期入学摸底分班考试数学试卷,2,1
河南省郑州市高新区,1,1
河南省郑汴名校联考,2,1
河南省部分学校高二第二学期期末考试,1,1
河南省郸城县第一高级中学,1,1
河南省重点中学小升初名校择校数学真题卷(二)(洛阳地调)-【小升初】2025年重点中学名校择校真题卷 图,2,1
河南省金水区九上数学期末,2,1
河南省长葛市2024-2025学年四年级上     册 期末数学卷子,1,1
河南省驻马店市平舆县2025~2026小升初考试,2,1
河南省驻马店市平舆县2025~2026小升初考试数学,2,1
河南省驻马店市正阳县2025~2026年学年下期期末学情监测。,1,1
河南省驻马店市确山县高三月考,1,1
河南省驻马店市高三月考,1,1
河南省驻马店市高三月考10月,2,1
河南省驻马店市高三月考10月数学,1,1
河南省驻马店市高二期末考试数学试卷2025 2026,3,1
河南省驻马店市高二期末考试数学试卷人教2025 2026,1,1
河南省驻马店数学期末,1,1
河南省驻马店西平县2026三年级卷子数学,1,1
河南省驻马店西平县2026六年级卷子数学,3,1
河南省高一开学测,2,1
河南省高一物理期中考试上学期,2,1
河南省高三部分重点高中,1,1
河南省高二期末考试,1,1
河南省鹤壁市毛坦高级中学,5,1
河南禹州七下期末,2,1
河南职教高考,2,1
河南英语中考试卷2026,1,1
河南许昌市2025-2026学年第二学期期末质量检测高一生物试题,2,1
河南许昌市2025-2026学年第二学期期末质量检测高一试题,4,1
河南许昌市2025年中招第一次摸拟英语考试,5,1
河南许昌市2025年中招第二次摸拟英语考试,1,1
河南许昌期末化学高二,3,1
河南许昌期末英语高二,4,1
河南许昌百师,2,1
河南许昌百师数学,1,1
河南郑州,2,1
河南郑州2025 2026七年级数学期末考试卷子,2,1
河南郑州2025 2026七年级期末考试卷子,1,1
河南郑州二七区地理,1,1
河南郑州二中七年级下册,1,1
河南郑州二中地理,1,1
河南郑州八上物理,2,1
河南郑州八年级下学期期末,1,1
河南郑州初一七年级上期,1,1
河南郑州外国语学校,7,1
河南郑州市八上物理单元卷,1,1
河南郑州市第四共同体2025 2026学年高二下学期期末考试试题,5,1
河南郑州焦作市修武县,2,1
河南金通明年考2025~2026学年,2,1
河南金通明年考2025~2026学年5月阶段,1,1
河南陕州区,1,1
河南陕州区三年级,2,1
河南青桐鸣联考2025-2026学年高一下学期期末考试XX试题（A卷）,1,1
河南青桐鸣联考2025-2026学年高一下学期期末考试物理试题（A卷）,2,1
河南驻马店市确山县任店镇2026年,2,1
河南高一上学期 月考,1,1
河南高一上学期期中,2,1
河南高一上学期期中考试,2,1
河南高一下期末,1,1
河南高三上期中数学,2,1
河南高中学业水平考试,1,1
河南高二上开学考,1,1
河南高考,1,1
河南高考化学2025真题,3,1
河南高考历史,5,1
河南高考地理,1,1
河南高考物理,3,1
河南高考真题,2,1
河口中学,1,1
河堰初级中学,2,1
河大附中2026年九年级第一次模拟考试英语试卷,1,1
河师大附中,1,1
河师大附中高一,1,1
河池2026高三上学期期末,1,1
河池2026高三上学期期末历史,2,1
河池2026高三上学期期末政治,1,1
河池市2026年春季学期高一期末水平质量检测,2,1
河池市六年级,2,1
河池市六年级数学,1,1
河池市宜州区四年级下册,1,1
河池市小升初期末考,1,1
河池市期末,3,1
河池市金城江7年级上册数学试卷,2,1
河池市金城江7年级下册数学试卷,1,1
河池市金城江8年级上册语文试卷,2,1
河池市金城江区数学试卷 7 年级上册,1,1
河流阶地,4,1
河源,1,1
河源初一,2,1
河源市初一下期末,1,1
河源市紫金县初一下期末,3,1
河源市紫金县高一下期末,1,1
河源市高一下期末市统考,1,1
河源数学上册八年级,3,1
河源数学八年级,2,1
河源新河实验学校 九年级化学 第一次月考 科粤版,2,1
河源高二2025 2026 期末,2,1
河源高二2025 2026 期末答案,1,1
河源高二2025 2026 高中供题训练,1,1
河田中学,2,1
河西二模,6,1
河西区2020-2021九年级上册英语,1,1
河西区2020-2021九年级上册英语期中,2,1
河西区2021-2022八年级下册英语,1,1
河西区2024-2025学年度第二学期高二年级期末质量调查,1,1
河西区2024-2025学年度第二学期高二年级期末质量调查物理,2,1
河西区2024—2025高三第一学期期中英语,1,1
河西区2024—2025高三第一学期期末英语,2,1
河西区2026,1,1
河西区2026八年级化学期末,1,1
河西区2026八年级期末,2,1
河西区2026期末,1,1
河西区九上数学期中,2,1
河西区九上数学期中24-25,1,1
河西区八年级上道法2025,1,1
河西区八年级道法2025,1,1
河西区高一期末数学,1,1
河西区高一期末物理试卷,3,1
河西高二上,2,1
沸腾英语,2,1
沸腾英语 完形填空与阅读理解分层突破 八年级 2024升级版,3,1
油田,1,1
油田二中,2,1
沿滩区中考模拟,2,1
泉州 2 026 5月质检,2,1
泉州 2025高二下学期期末试卷化学,1,1
泉州 质检,1,1
泉州2023届一模,1,1
泉州20242025物理高一期末,1,1
泉州2026,1,1
泉州2026初中毕业班模拟考试,2,1
泉州2026第一次市质检,1,1
泉州2026高三第一次市质检,1,1
泉州9月质检,1,1
泉州一中入学考试,1,1
泉州一中八上期末,1,1
泉州一中初一入学考试,1,1
泉州一中校外实施天下泉港一中的一中四校联盟,1,1
泉州一中高一新生入学考试,2,1
泉州一巾,1,1
泉州七中2024-2025学年第二学期七年级七年级英语期末考试,2,1
泉州九中2025分班考,1,1
泉州九中开学测,2,1
泉州五中 八年级上册 物理,1,1
泉州五中2025-2026学年高一上测试,1,1
泉州五中2025-2026学年高一上测试英语,2,1
泉州五中分班考,2,1
泉州五中分班考卷,4,1
泉州五中初一下数学期末试卷,2,1
泉州五中开学分班考卷高一上,2,1
泉州五中新生,1,1
泉州五中新高1分班考,1,1
泉州五中高一新生,1,1
泉州五中高三地理,1,1
泉州五中高中,1,1
泉州五中高中英语读后续材,2,1
泉州入学考试,1,1
泉州八年级上册期中英语,1,1
泉州八年级上册英语,1,1
泉州八月质检,1,1
泉州分班考,1,1
泉州初一下册期末考试,3,1
泉州初一下册期末考试英语,1,1
泉州初二生物竞赛,1,1
泉州培元中学,2,1
泉州市,1,1
泉州市 明新中学,1,1
泉州市2020年高三毕业班模拟测试语文试卷,2,1
泉州市2023届高中毕业班质量检测一,1,1
泉州市2024—2025九上期未考试诚卷,1,1
泉州市2024届高中毕业班质量检测一英语,1,1
泉州市2025 2026年高一上学期语文期末考试试卷,1,1
泉州市2025 2026年高一下学期政治期末考试试卷,1,1
泉州市2025 2026年高一语文期末考,1,1
泉州市2025 2026年高一语文期末考试试卷,2,1
泉州市2025 2026第二学期期末,2,1
泉州市2025届毕业班质量检测一,2,1
泉州市2026届毕业班质量检测一,1,1
泉州市2026届毕业班质量检测一语文,1,1
泉州市2026年春季高一年质量监测,3,1
泉州市2026高二参考试题,1,1
泉州市八年级下册期末考卷,1,1
泉州市凌霄中学,7,1
泉州市初二数学,2,1
泉州市初二数学期末,1,1
泉州市培元中学,1,1
泉州市培元中学入学测验,3,1
泉州市明新华侨中学,1,1
泉州市明星中学,1,1
泉州市第一中学,5,1
泉州市第七中学7年级下册华东大学,2,1
泉州市第五 中学,2,1
泉州市第五中学高中分班考试卷,1,1
泉州市高三9月质检,3,1
泉州市高二下期末质量检测,1,1
泉州普高310分物理，有那些学校可以读康复,3,1
泉州期末,1,1
泉州期末统考,2,1
泉州期末高二下20252026,1,1
泉州生物竞赛,2,1
泉州第一中学,1,1
泉州第一次质量检测,1,1
泉州第五五中,1,1
泉州英语,4,1
泉州那些学校有读大专康复的,2,1
泉州那些民办有康复的,2,1
泉州高一上物理期末统考,7,1
泉州高一下物理期末统考,1,1
泉州高一入学考试,1,1
泉州高一数学期末,1,1
泉州高一期末语文,2,1
泉州高一期末语文2024,1,1
泉州高三上物理期末考试,1,1
泉州高二上历史月考,1,1
泉州高二上地理月考,2,1
泉州高二上政治月考,1,1
泉州高二下期末化学,3,1
泉州高二下物理期末统考,1,1
泉州高二数学期末考试卷,2,1
泉州高考一模,2,1
泉州鲤城区2024~2025学年下学期七年级英语期末检测,3,1
泉港,1,1
泉港一中,1,1
泉港区第一中学,2,1
泉港区第五中学高一第一次月考,1,1
泉港区第六中学,1,1
泉港区高一期中考,2,1
泉港第一中学2025年高一第一次月考,2,1
泉港第一中学2025年高一第一次月考数学,1,1
泉港第一中学新高一开学考,4,1
泊一中,1,1
泊头一中,1,1
泊头一中2026年高一上学期期中考试卷,1,1
泊头一中高二下学期,1,1
泌尿系统能形成和排出尿液这一节的内容,2,1
泌阳,2,1
泌阳县,3,1
泌阳县2025至2026学年度上期九年级期中测试题,1,1
泌阳县中考,1,1
泌阳县二高高一上期分班考,1,1
泌阳县八上月考,5,1
泌阳县高一上期分班考,1,1
泌阳县高一分班考,2,1
法学大一,1,1
法库,3,1
法库县,10,1
法库县 2025年度第一学期7年级期末考试数学试卷,1,1
法库县东湖二中月考卷7年级,3,1
法库县六年级,2,1
法库县四年级上册语文试卷,11,1
法库县高级中学,1,1
法律与生活易混易错知识点总结,1,1
法律与生活知识点,1,1
法律保护下的婚姻选择题,1,1
法律选择,3,1
法拉第电磁感应楞次定律,5,1
法耀,1,1
法考,1,1
法语,1,1
法语PPT,3,1
法语高考模拟测试题,1,1
泗县七下数学,3,1
泗县中学七年级第一次月考,2,1
泗县中学第一次模拟中考,7,1
泗县八下期末,2,1
泗县政治,1,1
泗县数学,2,1
泗州中学,1,1
泗水一中高一上学期数学第,1,1
泗水一中高一上学期数学第一次月考,5,1
泗水县数学10,2,1
泗洪中学,6,1
泗洪中学数学,2,1
泗洪中学高一数学,4,1
泗洪县,2,1
泗洪县淮北高一上开学考,2,1
泗洪县第一高级中学,2,1
泗洪县高一,2,1
泗洪第一高级中学开学考,1,1
泗洪鸿翔中学,1,1
泗阳县2026年350名数学考试试卷,1,1
泗阳县致远中学开学分班考,3,1
泗阳致远中学,2,1
泛珠三角物理题,7,1
波,3,1
波的传播,4,1
波的多解,4,1
波的多解性问题,3,1
波的多解问题,1,1
波的干涉,4,1
注意力,1,1
泰兴中学,2,1
泰兴小升初分班考试,2,1
泰兴市实验初级中学,1,1
泰兴市第一高级中学,2,1
泰兴高二上数学,2,1
泰勒公式,4,1
泰勒展开,1,1
泰勒展开式,2,1
泰安 中考2025,1,1
泰安2026六年级上学期期末试题,2,1
泰安2026年中考物理,5,1
泰安2026期末考试高二年级英语试题,1,1
泰安2026高一下学期期末,1,1
泰安2026高二上期末,1,1
泰安2026高二上期末生物,1,1
泰安2026高二期末,2,1
泰安一中高三上学期月考化学,1,1
泰安七年级下册数学期末考试,2,1
泰安东平八下化学期末,3,1
泰安东平八下物理,11,1
泰安东平八下物理特招,1,1
泰安东平八下物理竞赛题,1,1
泰安东平八下英语期末,5,1
泰安东平八下语文期末,1,1
泰安中考历史,1,1
泰安中考物理2026,1,1
泰安中考生物,1,1
泰安六下数学期末,1,1
泰安初三英语期末测试题,1,1
泰安初中自主招生数学卷,1,1
泰安化学,1,1
泰安就九上月考,2,1
泰安岱岳区八年级下册期末,2,1
泰安岱岳区八年级下册语文期末,1,1
泰安市,2,1
泰安市2023到2024学年下学期高二期末化学,1,1
泰安市2025 2026年高一下学期期末化学试题,1,1
泰安市2025 2026年高一下学期期末物理试题,1,1
泰安市2025 2026年高二下学期期末数学试题,1,1
泰安市2025到2026学年下学期高二期末语文,1,1
泰安市2025年期末考试高一下学期,1,1
泰安市2026高三一模拟化学,1,1
泰安市2026高三模拟化学,2,1
泰安市中考物理试卷,1,1
泰安市六年级下学期期末真题实战,1,1
泰安市六年级英语单元测试卷,5,1
泰安市宁阳县高二,1,1
泰安市岱岳区八年级下册 政治期中,1,1
泰安市岱岳区八年级下册政治期末考试,1,1
泰安市岱岳区八年级下册数学期末考试,4,1
泰安市岱岳区八年级下册英语期末考试,1,1
泰安市期末,2,1
泰安市期末考试,1,1
泰安市泰山2025到2026语文期中考试真题,4,1
泰安市泰山区 五年级上学期期末英语鲁教版五四制,7,1
泰安市泰山区 六年级下学期期末数学 鲁教版五四制,5,1
泰安市泰山区 六年级下学期期末英语鲁教版五四制,1,1
泰安市泰山区 四年级上学期期末英语鲁教版五四制,4,1
泰安市泰山区 四年级下学期期末英语鲁教版五四制,2,1
泰安市泰山区七年级下册期末数学,6,1
泰安市泰山区七年级下册期末英语,3,1
泰安市泰山区八年级上册期中数学,3,1
泰安市泰山区八年级下册期末英语,1,1
泰安市高一上学期期末考试化学试卷,3,1
泰安市高一上学期期末考试化学试题,3,1
泰安市高一下学期期末历史,1,1
泰安市高一下学期期末考试化学试题,1,1
泰安市高三上学期期中2025,2,1
泰安市高二上学期期中地理,6,1
泰安市高二上学期第一次月考地理,4,1
泰安市高二下学期期末物理,1,1
泰安市高二下学期期末考试化学试卷,2,1
泰安市高二下学期期末考试数学试题,1,1
泰安期中,2,1
泰安期中数学七年级上学期,2,1
泰安期中英语七年级上学期,4,1
泰安期中高二下数学,1,1
泰安期末高二下化学,1,1
泰安真题,1,1
泰安真题语文,2,1
泰安肥城语文,2,1
泰安语文,1,1
泰安语文三年级,2,1
泰安语文三年级上月考,1,1
泰安长城中学高三上月考,2,1
泰安高一上学期期末数学,1,1
泰安高一下学期数学期末,1,1
泰安高一下学期期末数学,2,1
泰安高一期末,2,1
泰安高一期末英语试卷,2,1
泰安高三10月化学,1,1
泰安高三10月月考化学,1,1
泰安高三上学期10月月考化学,1,1
泰安高三上学期月考化学,2,1
泰安高三上期中数学,2,1
泰安高三上期中物理,1,1
泰安高三化学,1,1
泰安高三月考,1,1
泰安高三月考化学,1,1
泰安高三期中,3,1
泰安高三期中化学,2,1
泰安高三期中化学2024,3,1
泰安高三期中化学2025,1,1
泰安高二上学期数学期中,4,1
泰安高二上期末数学,1,1
泰安高二下学期期末数学,1,1
泰安高二期末2026,2,1
泰山区,1,1
泰山区七年级上册数学期中,1,1
泰山区七年级上册数学期末,1,1
泰山区六年级下册2026年数学期末,1,1
泰山区六年级下册2026年语文期末,1,1
泰山区数学,2,1
泰山联盟,2,1
泰州.,2,1
泰州9月,4,1
泰州七下期末历史,1,1
泰州七下期末地理,1,1
泰州七下期末数学,2,1
泰州七下期末泰州,1,1
泰州七下期末生物,1,1
泰州七下期末英语,3,1
泰州七下期末语文,1,1
泰州七下期末道法,2,1
泰州中学,5,1
泰州中学高一月考数学,3,1
泰州二附中,1,1
泰州八上10月月考,1,1
泰州八下期末历史,1,1
泰州八下期末道法,1,1
泰州六年级期末考,2,1
泰州兴化,1,1
泰州分班考 初一,1,1
泰州姜堰,1,1
泰州市,1,1
泰州市姜堰区2025七下期中试卷,1,1
泰州市姜堰区2025八上期中试卷,3,1
泰州市姜堰区2026八上期中试卷,2,1
泰州市姜堰区罗塘高级中学,1,1
泰州市海陵区七年级下期末,1,1
泰州市第二附属中学,2,1
泰州市英语八上月考2025,8,1
泰州市高三上学期第一次月考物理试卷,2,1
泰州市高三第一学期第一次月考化学试卷,3,1
泰州市高三第一次月考生物试卷,1,1
泰州数学,5,1
泰州数学月考,1,1
泰州月考,1,1
泰州月考高一,1,1
泰州期中,1,1
泰州期末考试,2,1
泸县二中,2,1
泸县二中教育集团2026年春期2027届期末学情调研,3,1
泸县城北,3,1
泸州2024级高二上数学期末卷,1,1
泸州2024级高二下期末统考,2,1
泸州2024级高二下期末统考历史,1,1
泸州2024级高二期末考物理,2,1
泸州2025级高一下数学期末考试,3,1
泸州2025级高一下物理期末考试,5,1
泸州2025级高一下英语期末考试,2,1
泸州2026八年级下册数学期末测试卷,2,1
泸州2026年小学三年级数学试卷,1,1
泸州2026年小学三年级语文试卷,2,1
泸州2026年高一下统考答案,2,1
泸州2026高一下期末考试数学,1,1
泸州一诊,2,1
泸州中考2026,5,1
泸州市,3,1
泸州市2024级高二下期末,2,1
泸州市2024级高二下期末数学,1,1
泸州市2024级高二下期末物理,2,1
泸州市2024级高二下期末统一考试,1,1
泸州市2025-2026年高一下学期期末考试试卷,4,1
泸州市2025级数学高一下期末试卷,3,1
泸州市2026年下半期期末数学,1,1
泸州市2026年下半期期末数学高一,2,1
泸州市2026年下半期期末物理高一,1,1
泸州市2026年高二下期末统一考试,2,1
泸州市2026春期八年级历史期末,3,1
泸州市2026春期八年级生物期末,1,1
泸州市2026春期八年级语文期末,1,1
泸州市2026高二地理期末,1,1
泸州市2026高二政治期末,2,1
泸州市一诊数学,1,1
泸州市一诊数学高中,1,1
泸州市一诊物理高中,2,1
泸州市八年级下册,3,1
泸州市八年级下册期末考试,2,1
泸州市合江县初二下册历史期末,1,1
泸州市期末考试,1,1
泸州市期末联考,1,1
泸州市高一2025级期末考试答案历史,1,1
泸州市高一2025级期末考试答案政治,2,1
泸州市高一2025级期末考试答案英语,1,1
泸州市高一下地理,2,1
泸州市高一下学期期末联考考物理,3,1
泸州市高一下学期期末联考考英语答案,2,1
泸州市高一下数学,4,1
泸州市高一下斯末生物试卷,1,1
泸州市高一下斯末英语试卷,2,1
泸州市高一下斯末语文试卷,2,1
泸州期末,2,1
泸州物理,1,1
泸州第一次教学质量诊断考试,7,1
泸州高2024级,1,1
泸州高一2026,1,1
泸州高一下期末政治,1,1
泸州高一化学,1,1
泸州高一历史2023-2024,1,1
泸州高一数学,1,1
泸州高一期末,3,1
泸州高一期末历史,4,1
泸州高一期末历史2023-2024,1,1
泸州高三1诊,1,1
泸州高三月考,1,1
泸州高中,1,1
泸州高二上地理,2,1
泸州高二上数学,1,1
泸州高二上物理,1,1
泸州高二物理,1,1
泸教版,1,1
泸教版听说训练,5,1
泾川市2026初二期末,2,1
泾河一中,1,1
洋县2025至2026学年度上期九年级期中测试题,1,1
洙泗中学,2,1
洛一高,1,1
洛一高英才班真题,2,1
洛伦兹力,1,1
洛宁县七年级下册期末,2,1
洛川县数学2026年八年级第二学期期末检测,7,1
洛川县数学八年级第二学期期末检测,2,1
洛川县数学第二学期期末检测,1,1
洛平许,1,1
洛平许济,1,1
洛必达法则和端点效应,4,1
洛必达法则在恒（能）成立问题中的应用,2,1
洛阳东升第三初级中学（涧西区）2025-2026八上期中语文试题（11月统考即为期中卷,3,1
洛阳二外择校,1,1
洛阳二外择校卷,1,1
洛阳小升初,1,1
洛阳市,1,1
洛阳市 2025学年 第一学期期末考试 高二日语,2,1
洛阳市 2026学年 第一学期期末考试 高二日语,2,1
洛阳市2 25到2 26学年下学期期末考试试卷高二,2,1
洛阳市2024 2025高一上学期期末考试,2,1
洛阳市2024 2025高一下学期期中考试,1,1
洛阳市涧西区2024 2025第一学期期中检测六年级,3,1
洛阳市涧西区东升二小四年级下册英语期末素养评估卷,8,1
洛阳市涧西区小升初分班考试卷,2,1
洛阳市，英语，高二,2,1
洛阳科大附中,1,1
洛阳高三,2,1
洛阳高级,2,1
洛阳（涧西区）2025-2026八上语文月考（11月,1,1
洞口县茶铺中学,1,1
洞头区九上数学期中,2,1
津南区期末,2,1
津南区期末六年级,1,1
洪塘,1,1
洪塘中学,2,1
洪山区八下期末,2,1
洪山区八下期末试卷,3,1
洪山区八下期末试卷道法,1,1
洪山区八年级下册数学期末试卷,1,1
洪山区物理,1,1
洪山高中,2,1
洪江市黔阳一中,1,1
洪江市黔阳一中开学考试卷,2,1
洪江市黔阳一中新高一学科素养测试卷,1,1
洪江市黔阳一中新高一科学素养测试卷,1,1
洪泽,7,1
洪泽分班考,2,1
洪泽区外国语中学分班考试,1,1
洪泽区外国语中学摸底测试,2,1
洪泽区育才分班考试,1,1
洪泽外国语初三上学期化学期中,3,1
洪泽外国语初三上学期物理期中,2,1
洪泽育才,3,1
洪湖天立,4,1
洪都中学高一下期末化学试卷,2,1
洮南一中,2,1
活动单导学案,1,1
活动类英语作文,3,1
活动类英语应用文,1,1
活动类英语应用文高考复习,2,1
活塞气缸模型,1,1
活塞气缸模型双气缸物理,1,1
活页好题,2,1
活页好题七年级,2,1
活页好题七年级第一单元英语人教版,3,1
活页好题鼎城,1,1
流水行船一元一次方程,2,1
流水行船问题,2,1
测定玻璃折射率实验,2,1
测物体的瞬时速度,2,1
测电动势,1,1
测电源电动势和内电阻,2,1
测电阻,1,1
测电阻11种题型,1,1
测量纸带的平均速度和瞬时速度,2,1
测量纸带的平均速度和瞬时速度志鸿,1,1
济,1,1
济南 0 2026高一期中,2,1
济南 历城,1,1
济南2024 2025高二上学期期末物理,4,1
济南2025英语中考,1,1
济南2025英语中考听力,1,1
济南2026历下区八年级上物理期末,2,1
济南2026历城区八年级物理期末,1,1
济南2026历城区期末物理八年级,5,1
济南2026天桥区八年级物理期末,1,1
济南2026市中区八年级上物理期末,2,1
济南2026市中区八年级物理期末,2,1
济南2026年英语高二下学期期末,2,1
济南2026数学中考,4,1
济南2026期末高二,5,1
济南2026期末高二历史,1,1
济南2026槐荫区八年级上数学,1,1
济南2026长清区八年级下册数学,1,1
济南2026长清区八年级下数学,2,1
济南2026高二下学期政治,1,1
济南2026高二下学期英语期末,3,1
济南2026高新区八年级下数学,1,1
济南7月高二期末考,2,1
济南7月高二期末考英语,1,1
济南一中高一第二学期日语,2,1
济南一中高二上学期月考,4,1
济南一模英语有听力音频,2,1
济南七年级下册数学期末,2,1
济南七年级下册英语期末,1,1
济南三模,1,1
济南三模2026政治,3,1
济南三模语文,1,1
济南专用,4,1
济南中考试卷,2,1
济南中考语文2026,1,1
济南九上化学知识点,7,1
济南二模,1,1
济南二模英语,1,1
济南二模英语听力,1,1
济南八上期中物理,3,1
济南八上期末物理,1,1
济南八下物理期末,1,1
济南八下物理期末物理,2,1
济南八下物理期末物理天桥,1,1
济南八下物理期末物理槐荫,1,1
济南八下物理期末物理长清,2,1
济南八下物理期末物理高新区,1,1
济南初二,13,1
济南化学高二下学期期末考试,2,1
济南升学班考试试卷,1,1
济南历下区一模中考,1,1
济南历下区一模中考数学,2,1
济南历史高二下学期期末济宁,4,1
济南历城一中,1,1
济南历城九年级期中物理,2,1
济南历城九年级物理期中,1,1
济南历城二中高一上学期数学期中,2,1
济南历城二中高一上学期英语期中,1,1
济南历城二中高一上月考试卷,1,1
济南历城二中高一上期末试卷,2,1
济南历城二中高一数学期中,1,1
济南历城区九年级物理期中,1,1
济南历城区九年级物理期中11月,1,1
济南外国语初三贯通班,1,1
济南外国语初三贯通班真题,2,1
济南外国语贯通班真题,1,1
济南大学城实验,2,1
济南天山实验中学,1,1
济南天山实验高级中学,2,1
济南市,2,1
济南市2024~2025高中三年级摸底考试,2,1
济南市2025 2026学年高中三年级摸底考试 语文试题,2,1
济南市2025—2026学年高中三年级摸底考试 语文试题,2,1
济南市2025—2026高一下学期期末,2,1
济南市2025到2026,1,1
济南市2025到2026学年高中三年级摸底考试英语我,1,1
济南市2026届高三第1次模拟,2,1
济南市2026届高三针对性训练,1,1
济南市2026届高三针对性训练数学试题文档,4,1
济南市2026年中考数学真题,1,1
济南市2026年高一下期末统考,3,1
济南市2026高一下期末语文,3,1
济南市2026高三模拟化学,2,1
济南市2026高三针对性训练,1,1
济南市七年级下册期末试题,1,1
济南市七年级下册期末试题 数学,1,1
济南市七年级下学期期中语文考试卷,1,1
济南市七年级下学期期末数学考试卷,2,1
济南市七年级下学期期末英语考试卷,1,1
济南市中区,1,1
济南市中区八下数学期末卷,2,1
济南市中区期末,2,1
济南市中考数学2026,2,1
济南市中考数学题,1,1
济南市中考英语真题免费,3,1
济南市中考语文试卷2026,4,1
济南市九上第一次月考化学,1,1
济南市九上第一次月考物理,2,1
济南市八下期末物理,1,1
济南市八年级上学期期中数学历下区考试卷,2,1
济南市八年级上学期期末数学历下区考试卷,1,1
济南市初中部数学,2,1
济南市历下区2025-2026三年级下册期末英语,4,1
济南市历下区2025-2026三年级下册期末语文/数学,4,1
济南市历下区2026学年七年级下学期期末，数学,2,1
济南市历下区三下期末试卷英语,2,1
济南市历下区三下期末试卷英语2026年,1,1
济南市历下区期中数学八年级,1,1
济南市商河县，7年级下学期,1,1
济南市天桥区宝华中学,3,1
济南市市中区2024 2025七上期中,1,1
济南市槐荫区,2,1
济南市章丘区8下期末物理,1,1
济南市语文,2,1
济南市语文期末卷子,1,1
济南市钢城区2025七年级上册数学期中考试试试题,2,1
济南市钢城区实验学校七年级上册期中考试试卷,17,1
济南市长清区七年级上册数学期末考试,1,1
济南市长清区七年级上册期末数学,2,1
济南市长清区七年级上册期末英语,2,1
济南市长清区七年级下册数学期末考试,1,1
济南市长清区七年级下册期末数学,2,1
济南市长清区七年级下册期末英语,2,1
济南市长清区八年级上册期末数学,1,1
济南市长清区八年级上册期末英语,2,1
济南市长清区八年级下册期末物理,1,1
济南市高一上期中数学,2,1
济南市高一下学期生物期末考试试卷,3,1
济南市高一下学期英语期末考试试卷,2,1
济南市高一下英语期末,2,1
济南市高三9月开学考试,1,1
济南市高三上数学,2,1
济南市高三上数学平阴,2,1
济南市高三二模数学试题,1,1
济南市高中三年级摸底考试,2,1
济南开学考,7,1
济南是市钢城区七上数学期末试卷,7,1
济南期末,2,1
济南期末考试2025,1,1
济南槐荫九年级期中物理,2,1
济南槐荫八上期末物理,1,1
济南生物23,3,1
济南稼轩,1,1
济南章丘区2025至2026物理试卷。,1,1
济南章丘区2025至2626学年数学试卷。,2,1
济南章丘区8年级上册。2025至2626学年数学试卷。,1,1
济南章丘区8年级上册北师大。2025至2626学年数学试卷。,4,1
济南结业考,1,1
济南自招考试真题,1,1
济南英语高一期末,2,1
济南语文期末 八下,1,1
济南适应性,2,1
济南高一下学期期末,2,1
济南高一下学期期末2026答案化学,3,1
济南高一下学期期末2026答案地理,1,1
济南高一下学期期末2026答案物理,3,1
济南高一下学期期末2026答案英语,4,1
济南高一下学期期末数学,2,1
济南高一下学期期末物理,2,1
济南高一下学期期末生物,4,1
济南高一下学期期末考试物理,1,1
济南高一开学考2025数学,2,1
济南高一期末,5,1
济南高三,2,1
济南高三二模,1,1
济南高三开,1,1
济南高三开学考,3,1
济南高三开学考数学,1,1
济南高二上学期期末物理质量检测,3,1
济南高二下期末英语,2,1
济南高二期末,10,1
济南高新八下期末试卷物理,2,1
济南高新区期末,2,1
济宁 0 2025高一期末,1,1
济宁 0 2026高一期末化学,1,1
济宁 0 2026高一期末语文,2,1
济宁 2025高一期中,1,1
济宁 2025高一期末,2,1
济宁.高二地理期末考试答案,1,1
济宁2024到2025高二下数学期末试题,1,1
济宁2024高一上数学期中模拟卷,1,1
济宁2025 2026学年第二学期质量检测,2,1
济宁2025 2026高二期末,3,1
济宁2025~2026学年度第二学期质量检测,1,1
济宁2025到2026高二下物理期末试题,3,1
济宁2025高一上数学期中,2,1
济宁2026高一期末化学,1,1
济宁2026高二期中生物,1,1
济宁一中2025年高一下学期生物期末考试试卷,5,1
济宁一模,3,1
济宁七下数学期末,2,1
济宁七年级下册数学,2,1
济宁中考,2,1
济宁二模,3,1
济宁任城区,1,1
济宁初四开学考,2,1
济宁嘉祥,1,1
济宁嘉祥七下,1,1
济宁嘉祥小升初分班真题,1,1
济宁嘉祥小升初分班真题数学试卷,2,1
济宁孔子,3,1
济宁学院附属中学九年级上学期期中化学,2,1
济宁学院附属中学九年级上学期期末化学,1,1
济宁实验,3,1
济宁实验高中,2,1
济宁市,1,1
济宁市2024年中考化学,2,1
济宁市2025 2026学年度第二学期质量检测 高一数学试题,2,1
济宁市2025 2026学年度第二学期质量检测 高二数学试题,6,1
济宁市2026年初中学业水平考试地理,2,1
济宁市2026年高二下学期化学试卷,1,1
济宁市2026高一期末,3,1
济宁市2026高二下学期期末,2,1
济宁市2026高二期末数学,1,1
济宁市2026高二期末物理,1,1
济宁市2026高二期末英语,2,1
济宁市七年级数学期末试题,3,1
济宁市兖州区高二下学期期中生物,2,1
济宁市兖州区高二下学期期末语文,1,1
济宁市微山县马坡镇2026年二年级下册数学期末试卷,1,1
济宁市微山县马坡镇中心小学二年级下册数学期末试卷,3,1
济宁市的十三中学初三,2,1
济宁市第一中学,1,1
济宁市第一中学2025到2026学年高一上学期期中学业质量检测化学学科,2,1
济宁市附中,1,1
济宁市高一下学期化学期末考试试卷,2,1
济宁市高一下学期期末,2,1
济宁市高一下学期期末数学,1,1
济宁市高三期中,4,1
济宁市高三期中化学,2,1
济宁市高三期末,1,1
济宁市高中数学竞赛,2,1
济宁市高二下学期期末考试,1,1
济宁市高二区莫世娟,1,1
济宁市高二期中,1,1
济宁市高二期末,3,1
济宁市鱼台县八年级下册数学期末,1,1
济宁微山县五年级下微山,4,1
济宁政治期末高二下,1,1
济宁期末,4,1
济宁期末物理评分标准,1,1
济宁期末高一,2,1
济宁期末高二下物理,5,1
济宁高一上化学期末,7,1
济宁高一上政治期末,1,1
济宁高一上数学期中模拟卷,1,1
济宁高一上物理期中兖州,1,1
济宁高一上物理期末,1,1
济宁高一下学期期末化学,1,1
济宁高一下学期期末数学,1,1
济宁高一下期末,1,1
济宁高一下期末物理,1,1
济宁高一期末,2,1
济宁高一英语期末试卷,1,1
济宁高三,1,1
济宁高三上期末,2,1
济宁高三上期末数学,1,1
济宁高中一模数学评分标准,1,1
济宁高中一模期末数学评分标准,1,1
济宁高中期末数学评分标准,1,1
济宁高中期末物理评分标准,1,1
济宁高二上学期期末数学,1,1
济宁高二上期末物理,2,1
济宁高二下学期期末考试,2,1
济宁高二下数学期末试题,2,1
济宁高二期末,2,1
济宁高二期末生物,1,1
济宁高二期末语文,1,1
济宁高新区八年级上物理,2,1
济源一中,2,1
济源市,2,1
济源市七上开学考,1,1
济源市八年级下册,1,1
济源市初一开学,4,1
济源市初一开学考,1,1
济源市学六下,1,1
济钢高中,1,1
济钢高中 2026 届 5 月三模,1,1
济阳2026高一期末,1,1
济阳天山实验中学,1,1
浏阳,2,1
浏阳2026高一期末联考,1,1
浏阳2026高一期末联考物理,1,1
浏阳大瑶,1,1
浏阳市2024理科素养,1,1
浏阳市2025年七下英语期末卷,1,1
浏阳市2026八下历史试卷答案,1,1
浏阳市2026八下数学试卷,3,1
浏阳市2026八下期末物理试卷,1,1
浏阳市2026八下期末英语试卷,2,1
浏阳市2026八下英语试卷,1,1
浏阳市2026年七下数学期末卷,3,1
浏阳市2026年八上物理期末卷,2,1
浏阳市2026高一期末英语试卷答案,1,1
浏阳市8年级上次期末物理,1,1
浏阳市8年级下册期中物理,1,1
浏阳市8年级下册期末物理,1,1
浏阳市七年级下册期末卷,1,1
浏阳市八年级下册期末数学,1,1
浏阳市八年级期末数学,1,1
浏阳市八年级理科素养大赛,1,1
浏阳市化学高一期末,1,1
浏阳市数学试,1,1
浏阳市理科素养,2,1
浏阳市理科素养大赛,1,1
浏阳市田家炳入学考试,2,1
浏阳市田家炳实验中学,1,1
浏阳市语文期末,1,1
浏阳数学,5,1
浏阳期末,2,1
浏阳高一期末,1,1
浏阳高三,1,1
浏阳高三上开学考,1,1
浏阳高三开学考,1,1
浏阳高二期末,3,1
浑南一模,2,1
浑南区8上期末老师数学,2,1
浑南区七下数学期末卷子沈阳市2025到2026,1,1
浑南区七下语文期末卷子沈阳市2025到2026,2,1
浙共体,1,1
浙共体英语,1,1
浙冮,1,1
浙冮一模,1,1
浙冮中考,1,1
浙冮中考123,1,1
浙北,1,1
浙北26期末,1,1
浙北五校联考高二试卷,7,1
浙南,1,1
浙南名校联盟,2,1
浙南名校联盟2023-2024,1,1
浙南名校联盟2023-2024学年,1,1
浙南名校联盟2023-2024学年高一上学期,1,1
浙南名校联盟2023学年,2,1
浙南名校联盟2023第一学期,1,1
浙南名校联盟2023高一12月化学联考,1,1
浙南名校返校卷,1,1
浙南名校返校卷高二上,1,1
浙南名校高一化学,2,1
浙南联盟,4,1
浙大附,2,1
浙大附中高三五月模拟化学,1,1
浙工大附属高级中学2025年初升高分班考卷,7,1
浙工大附属高级中学初升高分班考卷,1,1
浙教数学八上计算,3,1
浙教版,1,1
浙教版 七年级上册数学 新题 压轴,5,1
浙教版 七年级上册数学 解决问题 压轴,2,1
浙教版一次函数,2,1
浙教版七年级上册数学,1,1
浙教版七年级上册数学有理数,5,1
浙教版七年级上册科学,1,1
浙教版中考试卷,2,1
浙教版中考试卷语文,2,1
浙教版八上科学第一张同步。,1,1
浙教版八上科学第一张期末同步,2,1
浙教版八下地理作业本答案,1,1
浙教版八下科学第一张期末同步,1,1
浙教版复习串联并联以及欧姆定律练习题目,1,1
浙教版复习串联并联练习题目,2,1
浙教版数学八年级上册,4,1
浙教版数学八年级上册第一章,1,1
浙教版电学,2,1
浙教科学9上,4,1
浙教科学9上化学方程式,1,1
浙教科学9上化学方程式默写,1,1
浙江 0 025 一月 首考,2,1
浙江 1月 2026选考语文,1,1
浙江 1月 2026高考语文,1,1
浙江 2026 1 月 高考 英语试卷,2,1
浙江 2026 学考,1,1
浙江 Z20 2026 届高三第三次联考,2,1
浙江 Z20 名校联盟 2025,2,1
浙江 一月 2026首考,2,1
浙江 七年级上册数学 新题 压轴,1,1
浙江 七年级数学 新题 压轴,1,1
浙江 七年级数学 新题型,6,1
浙江 中考 2025 数学,1,1
浙江 中考 2026 英语,1,1
浙江 中考英语卷2026,1,1
浙江 数学 新题型,1,1
浙江 物理,2,1
浙江 高一第二学期期末,1,1
浙江1月2026选考,1,1
浙江1月2026选考语文,1,1
浙江1月英语,1,1
浙江1月英语九年级,1,1
浙江2024第二学期高一下语文试卷,1,1
浙江2025高考地理,2,1
浙江2026,1,1
浙江20261月选考普通高校招生,1,1
浙江20261月选考普通高校招生语文,1,1
浙江20267月学业水平考试,2,1
浙江2026高一上期末数学试卷,3,1
浙江2027高考,1,1
浙江9月月考,2,1
浙江A9协作体试卷高二开学考,1,1
浙江Z20,1,1
浙江z20日语,2,1
浙江一月,1,1
浙江一模,3,1
浙江七年级上学期阶段检测,1,1
浙江七彩阳光,2,1
浙江七彩阳光2025,1,1
浙江七彩阳光2025-2026,1,1
浙江七彩阳光期中,1,1
浙江七慈溪市年级上学期阶段检测,5,1
浙江七校联考,2,1
浙江三年级下学期阶段检测,1,1
浙江三锋联盟2025至2026高一下学期期末英语,1,1
浙江中考2026,1,1
浙江中考历史,1,1
浙江中考数学2026,2,1
浙江中考数学卷2025,2,1
浙江义乌二中分班考数学,1,1
浙江二模,3,1
浙江五年级下学期期中,1,1
浙江五校联考,1,1
浙江仙居七年级月考卷,3,1
浙江传媒学院双语播音播音大一英语试卷,1,1
浙江八上数学,2,1
浙江八上数学期末,1,1
浙江八年级上学期期中,1,1
浙江八年级上学期期末,4,1
浙江八年级下学期阶段检测,1,1
浙江八年级数学,2,1
浙江六年级下学期升学真题,1,1
浙江六校高三模拟,1,1
浙江共同体英语,3,1
浙江分班考,4,1
浙江初一计算 题100 道考试,2,1
浙江初三语文阅读理解,1,1
浙江初中科学单元试卷,1,1
浙江初中科学单元试卷第一单元,3,1
浙江卷  2026 英语真题,1,1
浙江卷 1月 2026 英语真题,2,1
浙江卷名校联盟高考,4,1
浙江卷高考,2,1
浙江历史中考,1,1
浙江历史学考,3,1
浙江台州中考,3,1
浙江各地期末真题卷精选,2,1
浙江名校2026至2027学年语文综合测试卷一,2,1
浙江名校协作体,1,1
浙江名校协作体返校考高二上数学,1,1
浙江名校协作体高三,1,1
浙江名校协作体高二上,1,1
浙江名校协作体高二上化学,1,1
浙江名校联盟学情调研,1,1
浙江嘉兴二模,2,1
浙江嘉兴八校联盟2025-2026学年第二学期高二年级期中联考英语学科试题,2,1
浙江嘉兴市2025~2026高一下册英语听力原,1,1
浙江地区生物各地一模二模卷,1,1
浙江地理学考,5,1
浙江大学强基,1,1
浙江大学强基计划,1,1
浙江学考化学,1,1
浙江学考数学,1,1
浙江学考语文,1,1
浙江宁波2022九年级市期末统考科学,1,1
浙江宁波2022九年级市统考科学,3,1
浙江宁波一模,1,1
浙江宁波三锋联盟2025 2026高一政治期末试题,1,1
浙江宁波三锋联盟2025 2026高一英语期末试题,1,1
浙江宁波二模,1,1
浙江宁波模拟预测,4,1
浙江宁波镇海中学,2,1
浙江宁波镇海中学英语测试卷,2,1
浙江小升初分班考,4,1
浙江小学四年级上册,2,1
浙江小学四年级上册第一次月考,2,1
浙江开学考,2,1
浙江强基,3,1
浙江强基2025强基联盟,1,1
浙江强基2025强基联盟8月,2,1
浙江强基联盟2026年3月高三联考政治,2,1
浙江强基联盟2026年3月高三联考数学试题,1,1
浙江强基联盟政治高三,1,1
浙江强基联盟英语,2,1
浙江强基联盟高三联考,1,1
浙江强记联盟2025年二月高三联考技术,2,1
浙江必修一物理,1,1
浙江慈溪中学等校2025-2026学年第二学期高一年级学业质量阶段调研物理试题,1,1
浙江技术,1,1
浙江数学,2,1
浙江数学2026最新浙教版二次函数1.12次函数1.22次函数的图像1.3二次函数的性质同步练习,1,1
浙江数学中考,2,1
浙江数学学考,1,1
浙江新期末,3,1
浙江新高一分班考数学,1,1
浙江新高一分班考语文,1,1
浙江春考,1,1
浙江期末,2,1
浙江期末试卷高二上,1,1
浙江期末试卷高二上数学,1,1
浙江杭二滨江,1,1
浙江杭州二中,1,1
浙江杭州六校联考,1,1
浙江杭州学军中学,1,1
浙江杭州学军中学数学,2,1
浙江杭州学军中学数学2025模拟,1,1
浙江杭州模拟数学,1,1
浙江杭州第二中学20252026学年高三下学期最后一卷,1,1
浙江杭州高一数学期末卷,2,1
浙江桐乡英语试卷,2,1
浙江温州分班卷,1,1
浙江温州十校2027届高二下学期英语期,2,1
浙江温州市新力量联盟2025至2026学年高二下学期6月期末英语试题,1,1
浙江温州市普通高中20二六届高三第二次适应性考试物理试卷我,2,1
浙江温州高中分班卷,3,1
浙江湖州市2025-2026学年高一下学期6月期末英语试题,2,1
浙江版九上,3,1
浙江版统计,6,1
浙江生物,1,1
浙江生物各地一模二模卷,1,1
浙江生物学考,6,1
浙江省 026届 1月真题,1,1
浙江省 高一第二学期期末,2,1
浙江省2025世少赛国级选拔真题六年级,1,1
浙江省2026中考,3,1
浙江省2026中考数学,1,1
浙江省2026初中学业水平考试,1,1
浙江省2026初中学业水平考试数学,3,1
浙江省2026年7月普通高中学业水平考试生物试题,1,1
浙江省2026年初中学业水平考试,1,1
浙江省2026语文模拟卷,2,1
浙江省2026高考真题,1,1
浙江省4月,1,1
浙江省6月普通高校招生全国统一考试,3,1
浙江省A9协作 返校联考,2,1
浙江省Z20 名校2025,2,1
浙江省Z20+名校2025,2,1
浙江省z20名校2025,1,1
浙江省七上数学单元检测,1,1
浙江省七上数学第一单元检测,1,1
浙江省世少赛国级选拔真题六年级,1,1
浙江省中考2025年试卷,1,1
浙江省中考2025数学真题,1,1
浙江省中考2025真题,1,1
浙江省中考2026年试卷,4,1
浙江省中考2026年试卷数学,1,1
浙江省中考试卷语文,1,1
浙江省中考试卷语文2026,1,1
浙江省五校联盟物理,2,1
浙江省八年级上册数学,2,1
浙江省八年级上册数学特殊三角形,1,1
浙江省八年级上册数学第2单元,5,1
浙江省八年级下册社会期末考试试卷,1,1
浙江省六校联盟2024—2025学年高一上学期期中联考英语,2,1
浙江省六校联盟高三5月联考,2,1
浙江省初中名校发展共同体七年级,3,1
浙江省卓越联盟,1,1
浙江省卓越联盟4月,2,1
浙江省历年期末考卷,2,1
浙江省县域联盟,3,1
浙江省县域联盟高三五月英语,1,1
浙江省台州市2025~2026学年第二学期期末高二地理,1,1
浙江省台州市语文九年级上册,2,1
浙江省台州高二化学,2,1
浙江省名校协作体,1,1
浙江省名校新高考研究联盟20二六届高三第一次联考英语,1,1
浙江省天域全国名校协作体,2,1
浙江省学考2026,1,1
浙江省宁波市2025-2026期末考试五年级上册数学,2,1
浙江省宁波市2025-2026期末考试四年级数学,1,1
浙江省宁波市2025到2026学年高二下学七六月期末地理试题,4,1
浙江省宁波市2025届高三第一次模拟考试。,2,1
浙江省宁波市一年级数学上册,1,1
浙江省宁波市北仑区八年级上册数学期中考试2025,2,1
浙江省宁波市北仑区数学八年级上册期中2025,2,1
浙江省宁波市北仑区数学八年级上册期末2025,1,1
浙江省宁波市镇海中学,1,1
浙江省强基联盟,1,1
浙江省强基联盟高二上学期,2,1
浙江省强基联盟高二上学期10月,1,1
浙江省数学学考模拟卷,3,1
浙江省普通高校,1,1
浙江省普通高校招生全国统一考试,2,1
浙江省杭州八年级下册社会期末考试试卷,3,1
浙江省浙南名校联盟2023-2024学年高一上学期12月联考化学试题,4,1
浙江省温州十校高二4月期中,1,1
浙江省温州十校高二4月期中英语,1,1
浙江省温州市生物,1,1
浙江省温州市高二上学期期末考试B卷物理,2,1
浙江省湖州市2025-2026学年第二学期教学质量监测高二化学试卷,1,1
浙江省湖州市2025-2026学年高 二下学期6月期末考试生物试题,2,1
浙江省物理高二上各地模拟开学考试卷电子版,1,1
浙江省物理高二上各地模拟月考考试卷电子版,1,1
浙江省物理高二上各地模拟期中考试卷电子版,1,1
浙江省物理高二上各地模拟期末考试卷电子版,1,1
浙江省物理高二下各地模拟期末考试卷电子版,1,1
浙江省绍兴市七上数学第一单元检测,1,1
浙江省绍兴市诸暨市2023-2024学年下学期数学期末测试八年级试题,4,1
浙江省绍兴市诸暨市2025-2026学年上学期数学期末测试九年级试题,1,1
浙江省绍兴市诸暨市2025-2026学年下学期数学期末测试九年级试题,1,1
浙江省考化学,1,1
浙江省舟山市2025~2026学年第二学期期末高二地理,1,1
浙江省英语试卷,2,1
浙江省衢州市,1,1
浙江省衢州市课程区七下科学六月期末,1,1
浙江省语文学考模拟卷,1,1
浙江省诸暨市海量外国语学校及数学提前招。,1,1
浙江省重点高中提前招数学,5,1
浙江省重点高中提前招数学模拟卷,1,1
浙江省金华市2025~2026学年第二学期期末高二地理,2,1
浙江省针对性高中提前招数学考试。,5,1
浙江省镇海区仁爱初一新学测2025年,1,1
浙江省高一下册期末试卷数学,2,1
浙江省高二上学期10月杭州周边及重点中学,3,1
浙江省高二上学期11月杭州周边及重点中学,2,1
浙江省高二上学期12月强基,1,1
浙江省高二上学期强基,4,1
浙江省高二上学期期末金华十校,2,1
浙江省高二上学期杭州周边及重点中学,1,1
浙江省高二下各地模拟期末考试卷电子版,3,1
浙江省高二下学期4月强基,3,1
浙江省高二下学期5月强基,5,1
浙江省高二下学期6月强基,1,1
浙江省高二下学期强基,1,1
浙江省高二下学期期中杭州周边及重点中学,1,1
浙江省高二下学期期末金华十校,1,1
浙江省，2025年，中考数学,2,1
浙江科学7下,2,1
浙江科学九上,1,1
浙江科学九上酸碱盐,3,1
浙江科学试卷,1,1
浙江科学试卷八下,2,1
浙江第12名校协作体,2,1
浙江绍兴市上虞区2026届高三第一学期期末教学质量调研调测数学,2,1
浙江联考,1,1
浙江联考Z20,2,1
浙江自主招生物理,1,1
浙江英语,1,1
浙江英语模拟卷,1,1
浙江英语模拟卷高三,3,1
浙江英语联考高三,3,1
浙江英语首考真题,1,1
浙江衢州市衢州五校2025-2026学年高二下学期4月期中英语试卷,2,1
浙江重点初中初一历史,1,1
浙江重点初中初一历史上,2,1
浙江金华十校2025 2026学年第二学期期末质量检测,1,1
浙江金华十校2025-2026学年第二学期期末质量检测,1,1
浙江阶段检测,1,1
浙江首考化学,1,1
浙江首考物理,1,1
浙江高一下学期期末,1,1
浙江高一下期末物理试卷,1,1
浙江高一不等式练习,1,1
浙江高一学考,2,1
浙江高一期末上学期,1,1
浙江高三杭州二模英语听力,1,1
浙江高三英语,2,1
浙江高中 1月 2026高考,1,1
浙江高中名校协作,1,1
浙江高中数学,2,1
浙江高中英语,1,1
浙江高二上学期G12开学考,4,1
浙江高二上学期期中英语试卷,18,1
浙江高二上期末数学,1,1
浙江高二下学期化学,2,1
浙江高二下学期物理,2,1
浙江高二下学期英语,3,1
浙江高二期中,1,1
浙江高二物理学考试卷,3,1
浙江高效地理,2,1
浙江高考六月地理,1,1
浙江高考历史,1,1
浙江高考地理,1,1
浙江高考复习,3,1
浙江高考模拟卷,1,1
浙江高考真题,1,1
浙江高考语文模拟卷,1,1
浙江龙港高中分班卷,2,1
浙科版生物选择性必修一,3,1
浙科版高中生物选择性必修一暑假预习讲义,1,1
浙鳌中学历年来的试卷,3,1
浙鳌高一试卷,2,1
浙鳌高一试卷数学,6,1
浠水县2025年八年级下册期末考试,2,1
浠水县第三实验中学,2,1
浦东,2,1
浦东 高一 分班考,2,1
浦东一模地理,1,1
浦东初二下学期数学期末试卷,3,1
浦东初二下学期英语期末试卷,3,1
浦东初二下学期语文期末试卷,1,1
浦东初二下学英语期末试卷,1,1
浦东外国语学校,1,1
浦东惠南,1,1
浦北中学,1,1
浦北县,2,1
浦北县2025年八年级下册物理期末考试,1,1
浦北县2026年九年级上册物理期中考试,3,1
浦北县2026年八年级上册数学期中考试,2,1
浦北县2026年八年级下册数学期中考试,2,1
浦北县英语,1,1
浦城,1,1
浦城县,1,1
浮 力大题类型练,1,1
浮 力拔高计算大题类,1,1
浮力与升力,2,1
浮力专项,1,1
浮力专项江苏,1,1
浮力专项练习江苏,1,1
浮力及其计算,2,1
浮力大题,2,1
浮力应用,2,1
浮力江苏,2,1
浮力苏教版,1,1
浮力题,2,1
浮力题压轴题,1,1
浮梁一中,1,1
海东市,5,1
海东市2024至2025学年第二学期学业水平统一检测7年级数学,2,1
海东市2024至2025学年第二学期学业水平统一检测7年级语文,2,1
海东市2025至2026学年第二学期学业水平统一检测7年级数学,2,1
海东市2025至2026学年第二学期学业水平统一检测五年级数学电子版,1,1
海东市六年级下册语文期末统一检测试卷（市教研室出题）,2,1
海东联考,2,1
海中英语中考模拟题,1,1
海中高一期末,2,1
海丰县,1,1
海丰县三年级,2,1
海丰县五年级,1,1
海五中,1,1
海亮,1,1
海亮分班考,2,1
海亮初级中学,2,1
海亮学校,3,1
海亮高级中学提前招生数学考试。,2,1
海伦,1,1
海伦一中期末考试,1,1
海伦一中物理,2,1
海伦二中,1,1
海伦市数学七年级,1,1
海伦市第九中学,2,1
海伦市第九中学八年级上册数学期初,1,1
海伦市第二中学高一学年期末考试物理试卷,2,1
海伦市第十中学,1,1
海伦语文,2,1
海信,3,1
海南 0224天一联考,1,1
海南 0224天一联考高一下期末考试,1,1
海南 2026天一联考,1,1
海南2024年第3届海南省高中化学竞赛考试试卷,1,1
海南2025 2026学年初二下学期期末考试语文试卷,2,1
海南2025 2026学年高二下学期期末考试语文试卷,1,1
海南2025-2026学年高二下学期期末考试语文试卷,1,1
海南2026中考,1,1
海南2026市统考,1,1
海南2026高二天一期末,1,1
海南5年级,1,1
海南一中,1,1
海南七校联考卷,1,1
海南三年级下学期期末,4,1
海南东方生物,1,1
海南中学入学考,1,1
海南中学分班放一,1,1
海南中学分班考,3,1
海南中学夏令营入学考,3,1
海南中学月考,1,1
海南中学英语中考模拟题,1,1
海南中学高一,2,1
海南中学高一上,2,1
海南中学高一上第一次月考,2,1
海南中学高一下学期期末试题数学,2,1
海南中学高一下期末数学试卷,1,1
海南中学高一下期末物理试卷,2,1
海南中学高一新生综合能力测试夏令营数学卷子,1,1
海南中学高一生物,1,1
海南中学高一第一次月考,1,1
海南中学高一综合能力测试夏令营,1,1
海南中考2026,5,1
海南中考2026历史,2,1
海南中考听,1,1
海南中考真题,1,1
海南中考真题听力,1,1
海南中考英语听力,2,1
海南侨中,1,1
海南儋州市部分校2025 2026学年高一下学期7月期末物理试题,1,1
海南儋州市部分校2025-2026学年高一下学期7月期末语文试题,3,1
海南儋州市高一语文试卷期末,1,1
海南八上语文月考试卷,3,1
海南八年级上册物理期末试卷,1,1
海南八年级下册数学期末试卷,1,1
海南八年级下册期末数学试卷,2,1
海南八年级下册物理期末试卷,4,1
海南八年级下学期阶段检测,2,1
海南六年级上学期阶段检测,1,1
海南六年级下学期升学模考,2,1
海南农垦自主招生化学,3,1
海南农垦高中自主招生化学,2,1
海南初中化学,1,1
海南化学竞赛高二,1,1
海南华侨,2,1
海南华侨中学高一,5,1
海南合格考化学,2,1
海南大学期末,1,1
海南天一,2,1
海南天一大联考,2,1
海南天一期末高二政治,1,1
海南天一期末高二数学,1,1
海南天一联考数学高二上学期期末,2,1
海南天一联考物理,2,1
海南天一联考英语,1,1
海南州第一民族高级中学,1,1
海南师大附中,1,1
海南数学,1,1
海南文昌中学,2,1
海南文昌中学2025-2026学年高一下学期期末考试,1,1
海南期末试卷,3,1
海南海口市,1,1
海南海口期末,2,1
海南澄迈县六年级上册,1,1
海南生地,1,1
海南生物,1,1
海南生物高一,1,1
海南生物高一上,1,1
海南生物高考,1,1
海南省,2,1
海南省2020到2025普通高中学业水平合格性考试物理,3,1
海南省2026年,3,1
海南省2026年中考,3,1
海南省2026年初中学业水平考试,2,1
海南省2026年初中学业水平考试数学科试题,2,1
海南省2026年普通高中学业水平合格性考试历史试题,3,1
海南省206,1,1
海南省七校联考,1,1
海南省三亚市八上语文月考试卷,1,1
海南省中考真题,2,1
海南省临高中学,1,1
海南省临高县2025~2026学年六年级下学期末数学试题,2,1
海南省乐东县。2026年。中考。语文试题,2,1
海南省六年级考试,2,1
海南省初中学业水平考试,2,1
海南省初中学业水平考试数学,1,1
海南省华侨中学期末试卷化学,4,1
海南省天一联考,2,1
海南省定安,2,1
海南省文昌中学,1,1
海南省文昌中学嘉积中学,1,1
海南省文昌中学嘉积中学数学,2,1
海南省文昌中学高一期末数学老师,1,1
海南省海南中学2025-2026学年度高二下学期期末考试数学试题卷考试,2,1
海南省海南中学2025-2026学年第二学期期末考试高一考试,1,1
海南省海南中学夏令营入学考,1,1
海南省海口市2025,2,1
海南省海口市2025-2026,1,1
海南省海口市2025-2026数学,1,1
海南省海口市9月高三上学期市统考模拟试卷,1,1
海南省海口市四中,1,1
海南省海口市海南中学,1,1
海南省海口市高三上册调研试卷,1,1
海南省海口市高三上试卷,1,1
海南省海师附,1,1
海南省部分校2025-2026学年高二下学期期末联考考试,1,1
海南省高二一模2024~2025,2,1
海南省高二下学业水平诊断3,2,1
海南联考,2,1
海南自主招生考试化学,1,1
海南英语中考,3,1
海南阶段检测,2,1
海南高一2025开学摸底测试,2,1
海南高三物理,3,1
海南高二,2,1
海南高二下学期期末学业水平,3,1
海南高二下学期期末学业水平联考,2,1
海南高二下学期期末联考,1,1
海南高二年级天一联考2026,1,1
海南高二年级水平学业诊断二,2,1
海南高二年级水平学业诊断二2026,2,1
海南高考,3,1
海南高考 2024高考真题地理,1,1
海南高考 2025高考真题,1,1
海南高考 2025高考真题地理,2,1
海南高考2026地理真题,5,1
海南高考地理,2,1
海南高考地理大题,2,1
海南高考地理大题训练,2,1
海南高考地理模拟,2,1
海南高考地理训练,1,1
海南高考物化生,1,1
海南高考物理试卷,4,1
海南高考的地理大题,1,1
海南高考的地理大题训练,2,1
海南高考的地理大题顺联,1,1
海南高考真题地理,1,1
海原一中,11,1
海原县高级中学,2,1
海口20242025七年级生物试卷,2,1
海口2026年期末数学考试卷,1,1
海口中学,2,1
海口九年级物理试卷,1,1
海口二中,1,1
海口侨中,1,1
海口八下期中语文,4,1
海口八下期末语文,1,1
海口八下语文全科,1,1
海口八下语文月考,1,1
海口北京师范大学附属学校,2,1
海口北师大,1,1
海口市2026高一下册期末试题语文试卷,1,1
海口市2026高一期末试题,1,1
海口市2026高三,3,1
海口市25到26期中物理,1,1
海口市9月高三上学期市统考模拟试卷,1,1
海口市9月高三市统考模拟试卷,1,1
海口市七年级英语上册期末试卷,1,1
海口市八上物理,2,1
海口市八年级上册物理期末试卷,1,1
海口市四校联考物理,2,1
海口市实验中学,2,1
海口市期末考,1,1
海口市模,2,1
海口市琼山中学谭文学校,1,1
海口市第一中学,3,1
海口市第一中学金沙湾学校,2,1
海口市第一中学高一年级数学试,2,1
海口市第一中学高二下期末考试,2,1
海口市高一下数学期末考试,2,1
海口滨江中学,1,1
海口滨江中学物理,2,1
海口琼山中学2026届,1,1
海口琼山华侨中学,4,1
海口第二中学,2,1
海口高中物理,1,1
海台岫,1,1
海囗2026市统考,1,1
海城,1,1
海城2026期末真题,2,1
海城2026期末真题数学,1,1
海城五年级上期末数学,2,1
海城四中,1,1
海城四年级下期末数学,1,1
海城市2024-2025七年级上册历史期末试卷,1,1
海城市2025-2026三年级期末考试数学卷,2,1
海城市后英实验,4,1
海城市后英实验七年级上,7,1
海城市第七中学,2,1
海城市高级中学2025高一期中考试,1,1
海头高一,1,1
海头高一开学考,3,1
海头高中2025 2026学年第一学期高,2,1
海宁六年级下册期末,1,1
海安中学 2025 2026学年 高一化学必修一综合测试卷一,1,1
海安中学 高1分班卷,1,1
海安中学高三开学考物理,2,1
海安市2025-2026八年级下学期期末试卷,2,1
海安市2025-2026八年级下学期物理期末试卷,1,1
海安市2025-2026八年级下学期英语期末试卷,3,1
海安市曲塘高级中学 分班试卷,2,1
海安市海陵中学调研考试模拟试卷,4,1
海安市紫石中学期末数学试卷,3,1
海安期初考试,2,1
海安海陵初一,6,1
海安海陵初一新生暑期调研,1,1
海安海陵暑期调研,1,1
海安物理,2,1
海安高三上学期期初,1,1
海安高三上学期期初 2024,1,1
海安高三上学期期初 2025,1,1
海山,1,1
海山教育联盟 2025 学年第二学期七年级知识类拓展评估 英语试题卷,1,1
海岸物理,1,1
海州高中,1,1
海州高级,1,1
海州高级中学,3,1
海州高级中学高一月考,2,1
海师附中2025-2026学年度高三仿真考,1,1
海拉尔五中,1,1
海拉尔第一中学,3,1
海拉尔第二中学 2026年贯通考试,2,1
海拉尔第二中学提前批,1,1
海教园,1,1
海曙区2025第一学期八上,3,1
海曙外国语学校,2,1
海河教育园,3,1
海淀2024-2025,1,1
海淀2024-2025八下,2,1
海淀2026,1,1
海淀一模2025语文,2,1
海淀东城高二,1,1
海淀中考模拟,1,1
海淀中考模拟语文,2,1
海淀八年级期末,2,1
海淀初二,2,1
海淀区2024高二年级英语学业水平,2,1
海淀区2025-2026学年高二（下）期末历史试卷（文字版含答案）,1,1
海淀区2025-2026学年高二（下）期末地理试卷（文字版含答案）,1,1
海淀区2025-2026学年高二（下）期末政治试卷（文字版含答案）,1,1
海淀区2025-2026学年高二（下）期末数学试卷（文字版含答案）,1,1
海淀区2025-2026学年高二（下）期末英语试卷（文字版含答案）,2,1
海淀区2025-2026学年高二（下）期末语文试卷（文字版含答案）,3,1
海淀区2026五下数学期末,1,1
海淀区2026初二下数学期末考试,2,1
海淀区九上,1,1
海淀区九上期末,1,1
海淀区九上期末语文,1,1
海淀区初二上数学期末,3,1
海淀区初二上物理,1,1
海淀区初二上物理光的现象,4,1
海淀区初二上物理期中,9,1
海淀区初二上物理期末,17,1
海淀区初二上物理机械运动,9,1
海淀区初二上生物期末,2,1
海淀区初二下数学期末考试,1,1
海淀区生物期末,1,1
海淀区语文高一下,3,1
海淀区高二期末考试英语,2,1
海淀基础知识真题练,1,1
海淀外国语,1,1
海淀外国语初二,4,1
海淀外国语初二语文,1,1
海淀实验中学,1,1
海淀数学,1,1
海淀考王,1,1
海淀高二下期末数学,1,1
海淀高二化学期末,1,1
海淀高二期末地理,2,1
海淀高二期末物理,2,1
海淀高二期末语文,3,1
海淀高二语文,2,1
海港区2025 2026期末测试卷,1,1
海港区2025 2026期末测试卷生物,1,1
海湾,1,1
海珠,6,1
海珠区 2025第二学期期末试卷,1,1
海珠区 七年级 数学期末,2,1
海珠区 八年级 语文,2,1
海珠区 八年级上 语文,1,1
海珠区 八年级上 语文期末,2,1
海珠区七年级下 语文期末,2,1
海珠区高二下期英语期末,2,1
海珠区高二期英语期末,1,1
海西州2026年中小学质量检测,1,1
海西州七年级下册期末考试试卷,2,1
海诺,1,1
海门一模,2,1
海门实验高中,2,1
海门暑假七升八,1,1
涂色和种植问题,1,1
涂色问题,1,1
涂色问题 排列组合,3,1
涉江 理解性默写,1,1
涞水波峰中学,2,1
涞水祖冲之中学,1,1
涞水祖冲之中学高一,1,1
涞水祖冲之中学高一期末,2,1
涟水县文成双语学校,2,1
涟水县滨河初中,4,1
涟水县滨河小学,2,1
涡阳五升六,1,1
涡阳县,1,1
涡阳曹市,2,1
润城学校,1,1
涪陵区,4,1
涪陵十四中,1,1
涪陵十四中数学,2,1
液化,4,1
液柱,2,1
液柱模型,1,1
涿州一模,2,1
涿州市2024-2025学年度第二学期期末七年级英语作业质量检测,1,1
涿州市七年级上册数学,1,1
涿州市六年级下册语文,4,1
涿州期末卷,6,1
淄博 0 2026,1,1
淄博 0 2026 二模,4,1
淄博 0 2026 高三 二模,1,1
淄博2026 高二期末,1,1
淄博2026中考物理,3,1
淄博一摸,2,1
淄博七上期中数学,2,1
淄博中考化学,4,1
淄博中考化学真题,1,1
淄博九上期中数学,3,1
淄博九上物理,1,1
淄博九上物理期末,1,1
淄博九年级上册数学期末,1,1
淄博九年级数学期末,3,1
淄博二模,3,1
淄博八上期末数学,1,1
淄博八年级历史,1,1
淄博十一中,1,1
淄博十一中学,3,1
淄博学业水平,1,1
淄博实验中学高二上期中考试数学,3,1
淄博实验中学高二上第一次模拟考试数学,2,1
淄博实验高一期末,2,1
淄博市,2,1
淄博市2023 2024,1,1
淄博市2026年高二期末题第二学期淄博统考,1,1
淄博市九年级数学上册期中,1,1
淄博市全市统考英语,1,1
淄博市实验,1,1
淄博市实验中学,4,1
淄博市实验周测,1,1
淄博市张店区2024-2025学年8年级上册数学期末试卷,1,1
淄博市张店区2024~2025数学八年级上册期末,1,1
淄博市张店区初三历史,2,1
淄博市张店区初三小中考,5,1
淄博市张店区初三数学期末考试卷,1,1
淄博市沂源县高一下期中考试,1,1
淄博市沂源县高一物理上学期期中,1,1
淄博市沂源县高一物理上期中,1,1
淄博市第一中学,1,1
淄博市第一中学开学考,1,1
淄博市第十八中学,1,1
淄博市高一,1,1
淄博市高一下学期化学期末,1,1
淄博市高一下学期物理期末,2,1
淄博市高一下学期生物期末,2,1
淄博市高二上学期生物期末,1,1
淄博期末化学八下,2,1
淄博期末高二,2,1
淄博第十八中学物理八年级上册月考,1,1
淄博高二上期末数学,3,1
淄川中学,5,1
淄川区2026年地理中考,1,1
淅川八年级2026期末卷,2,1
淅川县,2,1
淅川县2025秋期五年级段考英语,1,1
淅川第五高级中学,2,1
淮三角8年级上册期中考试。,1,1
淮北一中,8,1
淮北一中期末试卷,1,1
淮北一中模拟,2,1
淮北一中自主招生,1,1
淮北一中自主招生数学,1,1
淮北中学,2,1
淮北实验高级中学,2,1
淮北市2022-2023学年度第二学期期末考试七年级数学试卷,4,1
淮北市实验高级中学,5,1
淮北市实验高级中学高三上学期期中考试,2,1
淮北市树人小升初数学试卷,1,1
淮北市第一中学,2,1
淮北市第二中学,2,1
淮北市第二中学九年级,1,1
淮北龙兴,6,1
淮南二中,3,1
淮南二中 高一上数学期中考试,1,1
淮南二中自主招生,2,1
淮南二中，高一上数学期中考试,1,1
淮南市凤阳县部分学校联考2025~20268上数学期中试卷,2,1
淮南市实验中学,1,1
淮南市实验中学第一中学,3,1
淮南市山南实验中学,1,1
淮南市潘集区2025~20268上数学期中试卷,1,1
淮南市第四中学七下月考。,1,1
淮南市第四中学八上月考。,2,1
淮南物理高一期末,1,1
淮南第十九中学2025~20268上数学期中试卷,1,1
淮南联考试卷物理高一,1,1
淮安七下历史期末,1,1
淮安七下地理期末,1,1
淮安七下数学期末,3,1
淮安七下生物期末,1,1
淮安七下英语期末,4,1
淮安七下语文期末,1,1
淮安七下道法期末,1,1
淮安中考,1,1
淮安中考数学一模,4,1
淮安中考数学二模,2,1
淮安中考物理一模,1,1
淮安中考英语一模,3,1
淮安中考英语二模,1,1
淮安中考语文一模,5,1
淮安中考道法一模,1,1
淮安九上期中物理,1,1
淮安九下数学,1,1
淮安九下数学期末,1,1
淮安八上数学全等,4,1
淮安八下历史期末,3,1
淮安八下数学期末,2,1
淮安八下物理期末,2,1
淮安八下英语期末,4,1
淮安八下语文期末,3,1
淮安八下道法期末,3,1
淮安分班考,2,1
淮安区期末试卷,4,1
淮安外国语,2,1
淮安小升初,1,1
淮安市,2,1
淮安市2025 2026高一期末调研测试,2,1
淮安市2026学年期中考试,1,1
淮安市中考卷,1,1
淮安市初中分班考试卷,1,1
淮安市北京路中学,3,1
淮安市市统测化学,3,1
淮安市淮安中学,2,1
淮安市统考,1,1
淮安开学考,1,1
淮安新城淮中,2,1
淮安期末考,2,1
淮安清河开明,1,1
淮安第二开明,2,1
淮安高一上学期期末物理统测,3,1
淮安高一上学期期末物理统测2022-2023,1,1
淮安高一上学期物理统测,1,1
淮安高新区高级中学,2,1
淮师附中,1,1
淮滨县2024一2025小升初英语真题,4,1
淮阴师范附属中学,2,1
淮阴清江中学,2,1
深 圳,2,1
深 圳  2026 一模,1,1
深 圳 0 2026 二模,2,1
深 圳 0 2026 二模 物理,1,1
深 圳 0 2026 二模 语文,1,1
深 圳 2026 二模,2,1
深 圳 高三第一次调研,1,1
深 圳2026,2,1
深 圳2026 一模,1,1
深中 化学,1,1
深中 化学 九上,4,1
深中九上开学摸底,1,1
深中九上期末,1,1
深中光明,2,1
深中光明9月开学摸底,3,1
深中光明9月开学考,2,1
深中光明九上,2,1
深中就上期末,1,1
深中广雅三校联考,1,1
深中广雅三校联考，2026数学,1,1
深中开学考,1,1
深中开学考初三语文,2,1
深中月考,3,1
深中集团,1,1
深圳  二模,1,1
深圳 0 2026 高三 一模数学,1,1
深圳 02 6 高三 一模,2,1
深圳 02 6 高三 二模数学,1,1
深圳 一模2026,2,1
深圳 一模2026语文高中,1,1
深圳 中学2026 英语一模,1,1
深圳 中学2026 高三 一模,2,1
深圳 中考,2,1
深圳 中考 2026,1,1
深圳 二模 2026,1,1
深圳 南海中学化学,4,1
深圳 南海中学化学 九上,1,1
深圳 数学初三,1,1
深圳 数学初三龙岗,1,1
深圳 新高一 分班考,2,1
深圳 期末,1,1
深圳 英语 期中,1,1
深圳 英语 期末,1,1
深圳0模,2,1
深圳2026中考,1,1
深圳2026中考语文,2,1
深圳2026高三 二模,7,1
深圳2026高二下期末考试,1,1
深圳2026高考模拟冲刺卷,1,1
深圳2026高考模拟冲刺卷语文,3,1
深圳21,1,1
深圳21校,1,1
深圳2模日语,1,1
深圳4年级数学,1,1
深圳6年级英语新版本,1,1
深圳9年级化学,1,1
深圳9年级历史,1,1
深圳一元二次方程基础题,1,1
深圳一模化学,1,1
深圳一模化学高中,2,1
深圳一模日语,2,1
深圳一模考前适应性训练,1,1
深圳一模语文,3,1
深圳七下,14,1
深圳七下数学期末,2,1
深圳七下期中,14,1
深圳七下期末,2,1
深圳七下期末数学试卷,1,1
深圳七下期末试卷,1,1
深圳七年级期末,1,1
深圳三年级,1,1
深圳三年级下册2026数学考试试卷,2,1
深圳三年级数学,2,1
深圳中学2025-2026学年高一下期末数学学,1,1
深圳中学2025年,3,1
深圳中学2025年一模,2,1
深圳中学24年福田二模数学卷,1,1
深圳中学24年福田数学卷,1,1
深圳中学一模,1,1
深圳中学三模,6,1
深圳中学初三三模,1,1
深圳中学初二下语文期末,2,1
深圳中学初二下道法期末,1,1
深圳中学学校,1,1
深圳中学月考,1,1
深圳中学自主招生,2,1
深圳中学高一,2,1
深圳中学高一上学期第一次月考数学试卷,2,1
深圳中学高一下期末物理试卷,3,1
深圳中学高一月考,2,1
深圳中学高三一模,1,1
深圳中学高中园,1,1
深圳中学高二,2,1
深圳中学高二上期中,1,1
深圳中学高二下期末卷,1,1
深圳中学高二下期末卷26年,1,1
深圳中学高二期末卷,3,1
深圳中考2026英语,1,1
深圳中考历史2026,2,1
深圳中考数学。,2,1
深圳中考英语真题,4,1
深圳中考英语词汇,3,1
深圳中考英语词汇汇总,1,1
深圳九上 物理期中,1,1
深圳九上化学期中,4,1
深圳九上化学第3单元,1,1
深圳九上化学第一次月考,1,1
深圳九上化学第四单,1,1
深圳九上化学第四单元,2,1
深圳九上化学赂,1,1
深圳九上历史,2,1
深圳九上开学摸底,2,1
深圳九上数学第一次月考,9,1
深圳九上物理三四单元,2,1
深圳九上物理第一次月考,2,1
深圳九年级上学期期末数学期末测试,2,1
深圳九年级上数学期中考试,1,1
深圳二模,2,1
深圳二模日语,1,1
深圳五下数学,12,1
深圳光明,2,1
深圳八上期中,4,1
深圳八上语文期中,2,1
深圳八年级上册物理期中试卷,1,1
深圳八年级上期中考试,5,1
深圳八年级下册物理,2,1
深圳八年级下册英语期末试卷,2,1
深圳八年级物理期中试卷,1,1
深圳六年级上期中数学测试,1,1
深圳六年级上语文期中考试,3,1
深圳分班考试,1,1
深圳初三数学月考,2,1
深圳化学一模,2,1
深圳北师大七年级数学试卷,1,1
深圳北师大版七年级下学期数学测试卷,1,1
深圳北师大版九上期末数学测试卷,1,1
深圳北师大附中七年级数学试卷,1,1
深圳南山区,1,1
深圳南山区八年级上期中考试,1,1
深圳南山区八年级物理期中试卷,1,1
深圳南山第二外国语集团八年级上物理期中试卷,1,1
深圳四下数学期末,7,1
深圳地理,4,1
深圳坂田1下语文,3,1
深圳坪山数学八下期末,5,1
深圳坪山语文八下期末,1,1
深圳外国语学校英语,1,1
深圳外国语学校高一下,1,1
深圳宝安期末试卷,1,1
深圳宝安高 一 1 下学期 期末联考,1,1
深圳实验,2,1
深圳实验中学初二下道法期末,1,1
深圳实验学校高中部英语,1,1
深圳市026二模,3,1
深圳市026二模解析,1,1
深圳市2024年中考英语,1,1
深圳市2025至2026年龙华区第一学期高一年级期末试卷,3,1
深圳市2026二模,1,1
深圳市2026年英语,1,1
深圳市2026年英语中考,2,1
深圳市中学2025~2026学年7年级下学期,4,1
深圳市保安区九年级上,4,1
深圳市保安区九年级上2024,1,1
深圳市保安区八下语文期末,1,1
深圳市光明区精华学校,3,1
深圳市八年级上期中考试,9,1
深圳市八年级下册,1,1
深圳市南山区七年级下学期数学期末试卷,2,1
深圳市南山区七年级下学期期末试卷,1,1
深圳市南山区九年级上,1,1
深圳市南山区九年级上2024,4,1
深圳市宝安中学2025~2026学年7年级下学期,2,1
深圳市宝安中学2025~2026学年7年级下学期数学,2,1
深圳市宝安区燕川中学高一上期中,2,1
深圳市宝安区燕川中学高一下期中,1,1
深圳市盐田区,6,1
深圳市福田区实验教育集团侨香学校,2,1
深圳市第一次,1,1
深圳市第二十二高级中学,1,1
深圳市红岭中学,3,1
深圳市罗湖区八年级期末数学试卷,2,1
深圳市高一上,2,1
深圳市高一上英语,2,1
深圳市高一年级调研考试,5,1
深圳市高一开学考试,1,1
深圳市高一文言文,2,1
深圳市高一物理,1,1
深圳市高一物理上学期,2,1
深圳市高一物理上学期第一单元,1,1
深圳市高一英语,2,1
深圳市高三英语,1,1
深圳市高级中学,2,1
深圳市高级中学2026高一下学期期末语文,1,1
深圳市龙华区,5,1
深圳市龙华区九年级上,2,1
深圳市龙华区九年级上册期末考试,1,1
深圳市龙华区九年级上册期末考试数学,1,1
深圳市龙华区八下语文期末,1,1
深圳市龙岗区八年级上册期中物理,12,1
深圳市龙岗区八年级上册期中英语,13,1
深圳市龙岗区八年级上册期未英语,3,1
深圳数学中考,2,1
深圳数学联考,1,1
深圳新安中学,1,1
深圳新安中学八上期中）,1,1
深圳期中考试卷,1,1
深圳期末,2,1
深圳期末考试,2,1
深圳期末考试八下期末光明,1,1
深圳期末考试八下期末福田,1,1
深圳模拟,1,1
深圳洪山中学,1,1
深圳物理,1,1
深圳物理9,1,1
深圳生地会考,1,1
深圳生地会考试卷26,1,1
深圳福田区六年级小学科学,1,1
深圳福田区六年级小学科学期末复习,3,1
深圳福田区六年级小学英语,1,1
深圳科学高中,2,1
深圳第一次调研,2,1
深圳红山中学,1,1
深圳职高英语,1,1
深圳自主招生试卷中考,1,1
深圳自主招生试卷数学卷,2,1
深圳英语,2,1
深圳英语中考,2,1
深圳英语宝安,1,1
深圳英语宝安石岩外国语学校,2,1
深圳英语石岩外国语学校,3,1
深圳语文,1,1
深圳语文一模,1,1
深圳调研,1,1
深圳高一上学期期中,1,1
深圳高一上学期英语开学考,3,1
深圳高一上期中考,2,1
深圳高一初升高开学考,1,1
深圳高一开学考,2,1
深圳高一数学,1,1
深圳高一数学上学期,2,1
深圳高一月考,2,1
深圳高一英语下学期,2,1
深圳高三物理,3,1
深圳高三英语模拟考,4,1
深圳高二上学期期中考试,8,1
深圳高二上期中物理,1,1
深圳高二下学期期末化学,1,1
深圳高二下学期期末数学,1,1
深圳高二生物试卷,2,1
深圳高二英语,1,1
深圳高二英语上学期,3,1
深圳高级,3,1
深圳高级中学2026年七下期末,1,1
深圳高级中学八年级,1,1
深圳高级中学八年级数学押压,2,1
深圳高级中学高一上学期期中,1,1
深圳麒麟中学,1,1
深圳龙华1年级数学,2,1
深圳龙华1年级语文,1,1
深圳龙华2下数学,1,1
深圳龙华2下语文,2,1
深圳龙华2年级数学,4,1
深圳龙华2年级英语,1,1
深圳龙华2年级语文,1,1
深圳龙华4年级数学,1,1
深圳龙华中考必背单词,4,1
深圳龙华区期末统考,2,1
深圳龙岗区三年级下册2026数学考试试卷,1,1
深圳龙岗区八年级上期中考试,6,1
深外龙华入学考,1,1
深实验,2,1
深河中学,2,1
深高级,1,1
混合计算应用,7,1
混合运算与数量关系,2,1
清北学霸ai伴学初中书,2,1
清华,1,1
清华信息强基,1,1
清华大学中学生标准能力学术性测试,2,1
清华大学强基计划试题解析,1,1
清华大学自主招生,1,1
清华强基,2,1
清华强基计划,1,1
清华数学,1,1
清华计算机强基,3,1
清华附中文昌学校,2,1
清华附中朝阳学校,1,1
清华附中朝阳学校分班考,1,1
清华附中湾区学校历史,1,1
清华附中湾区学校高一历史,1,1
清华附中生物高二,3,1
清华附中英语八年级,1,1
清华附广华,2,1
清华附广华周考,1,1
清华附广华月考,1,1
清华附朝阳,1,1
清华附朝阳高一分班考,1,1
清华附朝阳高中高一分班考,1,1
清单0,1,1
清单003,1,1
清单01,1,1
清单01文言文,1,1
清单02-2高考数学考前重点题型归纳,1,1
清单03,2,1
清单03-1,1,1
清单文言文,3,1
清城区七年级下册,2,1
清朝,1,1
清朝前中期的鼎盛与危机,4,1
清朝前期的,1,1
清水塘实验学校,2,1
清远。,2,1
清远一中,3,1
清远化学期末,2,1
清远市,1,1
清远市2026数学六年级，下册,2,1
清远市2026，数学六年级,1,1
清远市2026，数学六年级，统考,1,1
清远市七年级下册数学,1,1
清远市七年级数学,2,1
清远市初一,1,1
清远市华侨中学,2,1
清远市清新区2026高一期末试卷,1,1
清远市第一中学六校联考,1,1
清远市高一第一学期语文,2,1
清远市高一第二学期语文,2,1
清远高二,4,1
清远高二上,5,1
清远高二上生物,1,1
清远高二下,2,1
清远高二下期末,1,1
清远高二下语文,1,1
清远高二日语,2,1
清远高二生物,1,1
清镇二中,1,1
清镇市博雅实验学校,3,1
渗透,2,1
渝中区,4,1
渝中区二调,1,1
渝中区二调物理,2,1
渝中区数学卷,1,1
渝中区数学卷八年级上册,2,1
渝八电学压轴突破,2,1
渝北中学,1,1
渝北八中,2,1
渝北区指标到校,1,1
渝北实验中学,2,1
渤大,2,1
渤大附中,1,1
渤海大学,1,1
渤海石油第二中学,4,1
温二模物理,1,1
温宿县,2,1
温岭,1,1
温岭七上数学期末,4,1
温岭九上期未,1,1
温岭九下莫拟,3,1
温岭九九,1,1
温岭市2025学年第二学期七年级期末测试卷,2,1
温岭市2025学年第二学期七年级期末测试卷英语,1,1
温岭期中,2,1
温州 02 高三二模2026,1,1
温州1.5模,2,1
温州2025高一下英语,2,1
温州2025高一下英语听力,1,1
温州2025高三地理,2,1
温州七年级下册英语,1,1
温州七年级下册英语期末,2,1
温州七年级数学期末,3,1
温州中学入学考试,1,1
温州中学开学考,3,1
温州中学提前招生数学考试2020。,2,1
温州中学数学卷子,1,1
温州中学数学月考,1,1
温州中学高一新生入学分班考数学,1,1
温州中考卷,1,1
温州乐清高一入学分班考模拟卷,1,1
温州二模物理,2,1
温州二模英语,1,1
温州二模高考英语,1,1
温州五四,1,1
温州分班考,2,1
温州十校,1,1
温州外国语高级中学高一新生入学分班考数学,1,1
温州实验中学八下,1,1
温州小升初竞赛班,1,1
温州市,2,1
温州市普通高中2026届高三第一次适应性考试英语,2,1
温州市高一上学期期末考试,2,1
温州市高一下学期期末考,1,1
温州市高三第一次适应性测试,2,1
温州摇篮杯,1,1
温州摇篮杯高一数学,7,1
温州新 高一 2025年分班考试,1,1
温州新力量,1,1
温州新纪元,2,1
温州浙南高二下语文,15,1
温州环大罗山联盟期末联考高二年级地理,2,1
温州第二高级中学提前招试卷,1,1
温州翔宇中学,4,1
温州高一入学分班考模拟卷,1,1
温州高一分班考,1,1
温州高三下第二次适应性测试,1,1
温州龙港六年级,1,1
温州龙港六年级上册,2,1
温州龙港六年级小升初毕业考英语,1,1
温州龙港六年级小升初毕业考语文,1,1
温度,2,1
温度与物态变化专题练（沪科版  全一册）,3,1
温度和物态变化,2,1
温度度数用英语怎么说,7,1
温江区,5,1
渭南市蒲城县2026年八年级上册，第一次月考测试卷,3,1
渭南市重点高中分班考试题,1,1
渭南高级中学,2,1
港奥台2024港澳台联考,3,1
港澳2026联考,1,1
港澳台联考理科,1,1
港澳生联考,2,1
游标卡尺 读数练习专题,2,1
游标卡尺加法,1,1
游走,1,1
湖北 物理高一下学期期末,1,1
湖北 高一下 期末,2,1
湖北 高一下 期末荆州,6,1
湖北 高一下 期末荆州化学,2,1
湖北 高考2026年真题,1,1
湖北1模,1,1
湖北2025-2026孝感,2,1
湖北2025地生中考,1,1
湖北2025年高一数学,1,1
湖北2026,1,1
湖北2026中考卷,2,1
湖北2026中考数学,7,1
湖北2026中考英语,1,1
湖北2026化学高考卷,1,1
湖北2026学业水平,1,1
湖北2026数学,2,1
湖北2026高一上期末物理,4,1
湖北2026高考历史真题,2,1
湖北2026高考历史真题答案,1,1
湖北26高考物理,1,1
湖北3模,1,1
湖北4月调研卷2026,1,1
湖北9月调考,1,1
湖北一年级下学期期末,1,1
湖北七年级上学期阶段检测,1,1
湖北二年级下学期阶段检测,2,1
湖北云,3,1
湖北云学联盟高三十月联考地理,2,1
湖北五年真题,2,1
湖北五年级上学期阶段检测,2,1
湖北五年级下学期升学真题,1,1
湖北八市2025-2026学年高三下学期三月,1,1
湖北八市20252026,1,1
湖北八市重点高中2024–2025学年高一下期末联考化学,1,1
湖北八年级上学期期中,1,1
湖北八校联考,1,1
湖北十堰,1,1
湖北十堰2025-2026高二下学期英语教学质量,1,1
湖北十堰2025-2026高二下学期英语期末,2,1
湖北十堰市2025-2026 学年度下学期教学质量高二英语期末检测题,2,1
湖北十堰市2025-2026高二下学期英语教学质量,3,1
湖北十堰市2025-2026高二英语期末检测题教学质量,1,1
湖北十堰郧阳中学,3,1
湖北十校高二下学期2026年6月核心素养测评英语,2,1
湖北升学模考,1,1
湖北卷化学,1,1
湖北合格性考试,1,1
湖北名校2026至2027学年英语综合测试卷1,1,1
湖北名校联盟8月,2,1
湖北四市,1,1
湖北圆创联考高三,2,1
湖北孝感孝南区7年级开学分班考试试卷,1,1
湖北孝感孝南区分班考试试卷,1,1
湖北孝感孝南区小升初开学分班考试试卷,1,1
湖北孝感孝南区开学分班考试试卷,1,1
湖北孝感孝高开学分班考试卷,3,1
湖北孝感市2025-2026学年度上学期期末学业水平质量监测七年级试题,2,1
湖北孝感市楚天教科研协作体2025 2026学年高一下学期6月期末,1,1
湖北孝感市楚天教科研协作体2025-2026学年高一下学期6月期末语文试题（统编版必修下册）数学，英语，生物，物理，化学试卷,2,1
湖北孝感高二期末英语听力音频,3,1
湖北宜昌二模数学,1,1
湖北广水小升初,2,1
湖北广水小升初真题,1,1
湖北广水真题,1,1
湖北恩施土家族苗族自治州2025-2026学年七年级下学期期末调研测试英语试题,2,1
湖北恩施州2026年六年级下册语文期末考试试卷照片,2,1
湖北恩施州语文2026年最新原版试卷,1,1
湖北恩施市2025-2026学年八年级上学期期末数学试题,2,1
湖北恩施市2025-2026学年八年级下学期期末数学试题,7,1
湖北恩施市建始县2025-2026学年八年级下学期期中数学试题,6,1
湖北新华校20265月高二日语试卷,2,1
湖北新高考以来的真题,1,1
湖北枝江六下,1,1
湖北枝江初一上数学第一单元试卷,9,1
湖北武汉3模,4,1
湖北武汉4模,1,1
湖北武汉一模,2,1
湖北武汉一模，9月调考,1,1
湖北武汉中考数学,2,1
湖北武汉二年级,2,1
湖北武汉市武昌区2026届高三年级四月供题英语试卷,3,1
湖北武汉市武昌区高二期末,2,1
湖北武汉市高三九调,2,1
湖北武汉市高三二调,1,1
湖北武汉英语,1,1
湖北武汉英语高三模考卷,2,1
湖北物理,1,1
湖北省,1,1
湖北省 咸宁市咸安区 2020 2026学年八年级下学期期末数学试题卷,3,1
湖北省2024 2025学年下学期八校联考期末,2,1
湖北省2024 2025学年秋季学期高二期末联考,1,1
湖北省2024~2025秋季学年高一上联考,1,1
湖北省2024届高三十一校第二次联考嗯,1,1
湖北省2024年春季高二年级期末教学质量监测语文试题,1,1
湖北省2025-2025学年秋季学期高二期末联考,3,1
湖北省2025~2026秋季学年高一上联考,1,1
湖北省2025~2026秋季学年高一联考,1,1
湖北省2026中考试卷数学,2,1
湖北省2026年中考,2,1
湖北省2026年初中学业水平考试,1,1
湖北省2026年初中学业水平考试生物地理,2,1
湖北省2026年普通高中学业水平合格性考试,1,1
湖北省2026年普通高中学业水平选择性考试,1,1
湖北省2026年高考物理,1,1
湖北省2026高二下学期期末考试,3,1
湖北省20二四届高三十一校第二次联考嗯,1,1
湖北省22026高二下学期六月期末考试,3,1
湖北省七年级上册英语,1,1
湖北省八年级下册英语,1,1
湖北省初三,2,1
湖北省初三化学,1,1
湖北省区襄阳市第四中学2025到2026学年高三上学期一月月考英语,3,1
湖北省十一校,1,1
湖北省十一校2026 届高三年级质量监测,2,1
湖北省十堰市2025 2026学年高一下学期期末考试数学试卷,2,1
湖北省十堰市郧西县香口乡初级中学,2,1
湖北省十堰市郧阳中学 2026 届高三最后一次模拟考试英语试题,3,1
湖北省华师一附中高三物理,7,1
湖北省咸宁市2024-2025学年高二下学期期末考试语文试题,3,1
湖北省咸宁市2026学年八年级下册物理期末试卷,1,1
湖北省咸宁市咸安区2026学年八年级下册物理期末试卷,1,1
湖北省咸宁市重点高中,3,1
湖北省咸宁市重点高中一化学,1,1
湖北省咸宁市重点高中化学,1,1
湖北省咸宁市重高,1,1
湖北省圆创联盟高三化学试卷,1,1
湖北省圆创联盟高三生物试卷,1,1
湖北省夏令营,2,1
湖北省大冶市四年级下,1,1
湖北省孝南区2025 2026七年级下册期末,6,1
湖北省孝感市孝昌县八年级上册数学期中,1,1
湖北省孝感市孝昌县八年级上物理期中,2,1
湖北省宜昌市2026年西陵区八下,2,1
湖北省实验高一下期末,1,1
湖北省恩施土家族自治州2026年人教鄂教版六年级下册,1,1
湖北省恩施土家族自治州2026年人教鄂教版六年级下册数学,1,1
湖北省新八校联考,5,1
湖北省普通高中学业水平合格性考试英语模拟试题,1,1
湖北省武昌实验中学分班考,2,1
湖北省武昌实验中学高一年级10月月考,4,1
湖北省武汉外国语学校2024到2025学年高三上学期10月月考英语,2,1
湖北省武汉市2025 2026高一下学期六月期末考试江岸区,1,1
湖北省武汉市2025届高三上学期九月,2,1
湖北省武汉市九师联盟2025-2026学年高三上学期8月开学英语,3,1
湖北省武汉市六年级上学期元调,2,1
湖北省武汉市华中师范大学第一附属中学2024-2025学年高一下学期期末生物,1,1
湖北省武汉市华中师范大学第一附属中学2026学年高一下学期期末生物,1,1
湖北省武汉市武昌,2,1
湖北省武汉市武昌区2026届高三元月,1,1
湖北省武汉市部分学校2025~2026学年高三上学期9月调研考试数学试卷,1,1
湖北省武汉市部分学校2025~2026高三上9月调研考试数学试卷,1,1
湖北省武汉市重点中学5G联合体2023—2024学年高一下学期期末英语试卷,2,1
湖北省武汉市重点中学5G联合体2024—2025学年高一下学期期未语文试题,2,1
湖北省武穴市梅川高级中学,2,1
湖北省沙市中学，高1上月考试卷,1,1
湖北省沙市中学，高1上月考试卷数学,1,1
湖北省沙市中学，高1上月考试卷数学9月,3,1
湖北省沙市中学，高1月考试卷,1,1
湖北省潜江市2026高一合格考,1,1
湖北省潜江市2026高一试卷期末考试,8,1
湖北省潜江市高一合格考,2,1
湖北省省直辖县级行政单位仙桃市等三地2024到2025年八年级上册期末试卷数学模拟卷,2,1
湖北省省直辖县级行政单位仙桃市等三地2025到2026年八年级下册期末试卷数学模拟卷,1,1
湖北省腾云联盟2025-2026学年高三上学期8月联考英语试卷学期8月联考英语,2,1
湖北省荆州中学高一上期中,1,1
湖北省荆州市,2,1
湖北省荆州市监利市,2,1
湖北省荆州市高一下数学期末试卷,5,1
湖北省荆门市高二下期末英语试卷,2,1
湖北省荆门市高二下期末英语试卷2026,4,1
湖北省荆门市龙泉杯,6,1
湖北省荆门市龙泉杯自主招生,2,1
湖北省荆门市龙泉高中,1,1
湖北省荆门市龙泉高中特长生,1,1
湖北省荆门市龙泉高中龙泉杯,2,1
湖北省襄阳市部分学校2025--2026学年高一下学期,1,1
湖北省襄阳市高二数学第一次月考,1,1
湖北省语文试卷,2,1
湖北省部分重点中学20252026届高三上学期八月开学考试英语,1,1
湖北省部分重点中学2026届高三第一次联考,2,1
湖北省随州市2026年高一期末考试,2,1
湖北省随州市2026期末卷,1,1
湖北省随州市普通高中2024-2o25高一质是监测试卷,1,1
湖北省随州市曾都区实中 七年级上册 数学期末,1,1
湖北省随州市曾都区小学 七年级上册 数学,1,1
湖北省随州市曾都区小学 七年级上册 数学期中,2,1
湖北省随州市曾都区小学 六年级下册 数学,1,1
湖北省随州市随县2025至2026年数学考卷,1,1
湖北省随州市随县2026年6年级下册期末统考语 数 英 道法和科学试卷,2,1
湖北省随州市随县2026年语 数 英 道 法科学期末质量监测卷,4,1
湖北省高一下数学期末试卷,6,1
湖北省高一下期末,1,1
湖北省高一下期末数学,2,1
湖北省高一数学期末试卷,4,1
湖北省高三,4,1
湖北省高三协作9月份联考,4,1
湖北省高三物理,2,1
湖北省高中suhu合格考,1,1
湖北省高中历史合格考,3,1
湖北省高中名校联盟,2,1
湖北省高中名校联盟2025-2026学年高三上学期第一次联合测评英语,1,1
湖北省高中数学一轮复习同步精选练习题,1,1
湖北省高中数学一轮复习精选练习题,6,1
湖北省高中数学合格考,2,1
湖北省高中英语合格考,2,1
湖北省高中语文合格考,2,1
湖北省高中道法合格考,1,1
湖北省高考,3,1
湖北省黄冈中学,2,1
湖北省黄冈市2025年期末英语试卷高一,1,1
湖北省黄冈市2025年期末英语试卷高二,1,1
湖北省黄冈市2026年期末数学试卷高二,1,1
湖北省黄冈市高一上期末质量检测,2,1
湖北省黄冈市高一下期末考试,2,1
湖北省黄冈市高一下期末质量检测,2,1
湖北省黄冈市黄梅县育才高级中学2025~2026学年高一上学期12月月考英语,5,1
湖北省黄州中,2,1
湖北省黄石市2025 2026高一下学期期末考试,2,1
湖北省黄石市2026年期末化学试卷高二,2,1
湖北省黄石市2026年期末数学试卷高二,1,1
湖北省黄石市黄石港区初一数学,1,1
湖北省黄石市黄石港区初一数学期中,1,1
湖北石首市2025-2026五年级下册期末,2,1
湖北腾云联盟,1,1
湖北荆州中学,2,1
湖北荆州市2025 2026学年高一下学期期末质量检测试卷化学,2,1
湖北荆州市2025 2026学年高一下学期期末质量检测试卷物理,1,1
湖北荆州市2025 2026学年高一下学期期末质量检测试卷英语理,2,1
湖北荆州市2025-2026学年高一下学期7月质量检测考试,1,1
湖北荆州市2025至2026学年高一下学期期末质量检测英语试题,1,1
湖北襄阳五中高一下期末化学试卷,2,1
湖北襄阳五中高一下期末数学试卷,1,1
湖北襄阳市第五中学,1,1
湖北襄阳市第四中学,1,1
湖北襄阳市部分学校期末测试,1,1
湖北襄阳市高二期末考试2026,2,1
湖北鄂州重点高中自主招生试卷,1,1
湖北鄂州高考试卷,1,1
湖北阳新分班考,1,1
湖北随州市2025-2026学年高一下学期期末,7,1
湖北随州市2025-2026学年高一下学期期末考试,1,1
湖北随州广水,4,1
湖北高一,1,1
湖北高一下期末数学试卷,4,1
湖北高一下期末生物,2,1
湖北高一期末试卷,4,1
湖北高一语文,2,1
湖北高三,3,1
湖北高三9月考试卷,2,1
湖北高三年级12月检测训练,3,1
湖北高三年级12月检测训练t8,1,1
湖北高三新八校数学,2,1
湖北高中化学试卷,1,1
湖北高中合格性考试,2,1
湖北高中合格性考试物理,1,1
湖北高中英语应用文报道,2,1
湖北高中语文合格考,2,1
湖北高二上学期期末,1,1
湖北高二上物理期末试卷,2,1
湖北高二下学期期末,1,1
湖北高二下学期期末物理,1,1
湖北高二期末咸宁,1,1
湖北高二期末考试,1,1
湖北高考,2,1
湖北高考物理真题2024,2,1
湖北高考真题,2,1
湖北黄冈中学等校2025～2026年高一下学期期末考试物理试卷,1,1
湖北黄冈六年级数学试卷,1,1
湖北黄冈化学高二期末考试,1,1
湖北黄冈市2025到2026期末考试英语试题,1,1
湖北黄冈市浠水县2024至2025学年春季8年级期末综合素质监测数学试题,1,1
湖北黄冈市浠水县2025至2026学年春季8年级期末综合素质监测数学试题,1,1
湖北黄冈市浠水县第二实验初级中学等校2025至2026学年春季8年级期中综合素质监测数学试题,2,1
湖北黄冈期末卷2026,7,1
湖北黄冈高一期末,1,1
湖北黄冈高二下期末,4,1
湖北黄冈高二期末考试,2,1
湖北黄冈，高二下期末。,1,1
湖北黄石,2,1
湖北黄石港区2025-2026学年度下学期期末试卷四年级英语,2,1
湖北黄石港区2025-2026学年度下学期期末试卷四年级语文,1,1
湖南 0 2025中考题,1,1
湖南 0 2026中考题,1,1
湖南 02 6 届 九校联盟2026届高三3月,1,1
湖南 二年级 数学,1,1
湖南 数学,1,1
湖南2025数学竞赛,1,1
湖南2025高中数学联赛,5,1
湖南2026,1,1
湖南2026九年级,1,1
湖南2026年7月一联考期末天一,1,1
湖南2026年高考地理,1,1
湖南2026沅江,2,1
湖南2026考试卷,2,1
湖南2026高一炎德英才期末联考,2,1
湖南23年生物试卷,1,1
湖南24年生物,1,1
湖南26年中考数学真题,2,1
湖南一年级下学期期末,1,1
湖南一年级下学期阶段检测,2,1
湖南一轮专题,4,1
湖南七年级上册期中考试卷数学,1,1
湖南七年级上学期期中,1,1
湖南七年级上学期期中师大附中,3,1
湖南七年级上学期阶段检测,1,1
湖南七年级下册,1,1
湖南中加,1,1
湖南中加双语学校,1,1
湖南九年级上学期阶段检测,1,1
湖南九校联盟,2,1
湖南二六年高一下学期数学期末试卷,3,1
湖南二十校联考,1,1
湖南二模,1,1
湖南五年级上学期阶段检测,2,1
湖南五年级数学苏教版上学期阶段检测,12,1
湖南保温卷,2,1
湖南八年级下册物理选择题专项训练,2,1
湖南八年级下学期期末,1,1
湖南八年级下期末考试,1,1
湖南六大名校初升高入学拔尖试题,2,1
湖南六年级下学期升学模考,1,1
湖南冷水滩,4,1
湖南冷水滩八年级,1,1
湖南创新班数学初三,1,1
湖南初中物理竞赛培优,1,1
湖南初中竞赛培优,1,1
湖南勇永州市道县小升初 测试数学,1,1
湖南化学高考真题2026,2,1
湖南十三校联考,1,1
湖南卷历史。,1,1
湖南历史,1,1
湖南名校联合体2025-2026学年高一下学期4月阶段检测语文试题,1,1
湖南名校联盟,3,1
湖南名校联盟四月联考,1,1
湖南四大名校联考,1,1
湖南天壹,1,1
湖南天壹联考,1,1
湖南天壹高二,2,1
湖南如何理解小说意象的象征手法  郑媛老师,4,1
湖南如何理解小说意象的象征手法  郑媛老师  视频,3,1
湖南娄底,2,1
湖南娄底新化免费,1,1
湖南娄底新化笔费,1,1
湖南小学四年级数学,3,1
湖南岳阳七上英语综合试卷,3,1
湖南岳阳市华容县,2,1
湖南师大附中 2025 高一入学分班考试,3,1
湖南师大附中026高一,2,1
湖南师大附中2025年高一入学考试,2,1
湖南师大附中27届,1,1
湖南师大附中七年级上册期中数学试卷,1,1
湖南师大附中七年级上册期中试卷,2,1
湖南师大附中入校考,1,1
湖南师大附中学士,2,1
湖南师大附中开学考,2,1
湖南师大附中梅溪湖中学 2025 高一入学分班考试,1,1
湖南师大附中附属中学,6,1
湖南师大附中高一,2,1
湖南师大附中高三27届,1,1
湖南师大附中高二上物理,1,1
湖南师大附中高二物理,2,1
湖南师范大学,1,1
湖南师范大学 化学竞赛,1,1
湖南师范大学贵安附属学校,1,1
湖南师范大学附属中学2025至2026学年下学期6月阶段检测英语,1,1
湖南师范大学附属中学2026届高三月考（三）,2,1
湖南师范大学附属中学初升分班真题高,1,1
湖南师范大学附属中学高2第2次月考英语真卷,1,1
湖南师范大学附属中学高一下期末,2,1
湖南常宁市,2,1
湖南常德,2,1
湖南常德六中十月月考数学高一,1,1
湖南必修一生物,2,1
湖南必修一生物上学期期中,1,1
湖南怀化七年级上册期中考试卷数学,1,1
湖南怀化市,4,1
湖南怀化市高一上学期入学考试,1,1
湖南教育出版社,2,1
湖南教育出版社一本,1,1
湖南数学竞赛,3,1
湖南数学竞赛七年级,1,1
湖南新高考教学教研联盟,2,1
湖南期中,1,1
湖南期末2025,1,1
湖南期末2026,3,1
湖南株洲2026年上学期八年级期末卷物理,2,1
湖南株洲市醴陵市2026年上学期八年级期末卷物理,1,1
湖南株洲市醴陵市2026年下学期八年级期末卷物理,5,1
湖南武冈一中,1,1
湖南永州,2,1
湖南永州市2025-2026学年高一下学期期末考试,1,1
湖南永州市期末考试,2,1
湖南永州英语高中学业水平合格考,3,1
湖南永州英语高中学考,1,1
湖南浏阳六年级,1,1
湖南湘东教学联盟2026年7月高二期末联考,1,1
湖南湘西州2025-2026学年高一下学期期末考试数学试题,1,1
湖南湘西州六年级下册科数学期末考,1,1
湖南湘西自治州2025-2026学年下学期高一期末考试 化学试卷,2,1
湖南炎德英才,3,1
湖南炎德英才大联考高一下2026,1,1
湖南炎德英才大联考高一下2026数学,1,1
湖南炎德英才大联考高二期末七月,3,1
湖南物态变化,1,1
湖南物理,3,1
湖南物理高一上学期,4,1
湖南物理高考,1,1
湖南生物高考真题2026,1,1
湖南益阳赫山2025年下八年级下册物理试卷,1,1
湖南益阳赫山区,4,1
湖南省2026初中数学七年级下册,6,1
湖南省2026初中英语七年级下册,1,1
湖南省2026初中语文七年级下册,2,1
湖南省2026年中考,6,1
湖南省2026年初中质量检测,4,1
湖南省2026年普通高中学业水平考试,1,1
湖南省2026年普通高中学业水平考试地理,2,1
湖南省2026语文中考,1,1
湖南省2026高中学业水平考试,1,1
湖南省一模试卷,1,1
湖南省中考数学真题2025,1,1
湖南省中考数学真题2026,3,1
湖南省临澧县一中,4,1
湖南省名校联盟2025-2026学年高三上学期11月月考物理试题,5,1
湖南省娄底市2026年上学期八年级期末素养检测,2,1
湖南省娄底市九年级月考,2,1
湖南省娄底市新化县中考试卷,2,1
湖南省岳阳县第一中学,3,1
湖南省岳阳县第一中学，分班考试卷,5,1
湖南省岳阳市云溪区2025-2026九年级上册数学期末考试,2,1
湖南省岳阳市岳阳楼区2025-2026期末质量检测,5,1
湖南省岳阳市第五中学开学分班考,3,1
湖南省常德市汉寿县第一中学,1,1
湖南省怀化市2025-2026学年高三上学期开学,1,1
湖南省怀化市七年级上册1单元历史卷,4,1
湖南省怀化市洪江市初一上学期摸底考,1,1
湖南省怀化市洪江市黔阳一中 高一 入学,1,1
湖南省怀化市通道县一中七年级新生数学摸底考试卷,1,1
湖南省怀化市通道县一中初一上学期摸底考,2,1
湖南省怀化市通道县一中初一摸底考,1,1
湖南省怀化市通道县一中小升初摸底考,2,1
湖南省新化县第一中学,5,1
湖南省新化县第三中学,1,1
湖南省新高考教学教研联盟2026届高三上学期12月联考,2,1
湖南省新高考调研联盟 语文试卷,2,1
湖南省株洲市攸县2026年上学期七年级期末学业质量监测试卷,2,1
湖南省株洲市攸县7年级下册期末,2,1
湖南省武汉,1,1
湖南省永州市2026年三年级下册数学期末考试试卷,1,1
湖南省永州市二中,1,1
湖南省永州市冷水滩区,1,1
湖南省永州市初二,1,1
湖南省永州市初二物理,1,1
湖南省永州市宁远县,2,1
湖南省泸溪二中2026初中数学七年级下册,1,1
湖南省泸溪县2026初中数学七年级下册,1,1
湖南省浏阳市七年级上册期末考试,3,1
湖南省浏阳市六年级下册期末考试,2,1
湖南省湘西州联考高一下25年,1,1
湖南省湘西州联考高一下26年,2,1
湖南省湘西州花垣县七年级下册期末考试,3,1
湖南省湘西龙山县七下数学期末试卷,4,1
湖南省益阳市赫山区七年级下学期期末考试2026,1,1
湖南省益阳市赫山区八年级下学期期末考试2026,2,1
湖南省耒阳市第一中学,2,1
湖南省联考,2,1
湖南省衡东县欧阳遇学校,2,1
湖南省衡阳县2025-2026学年高一下学期期末联考日语试题末,1,1
湖南省衡阳县高一下学期期末联考日语试题末,1,1
湖南省衡阳市第八中学高二期末物理,2,1
湖南省衡阳市衡南县湘考文化,1,1
湖南省衡阳市衡南县第一中学2023-2025学年高一下学期期末,1,1
湖南省衡阳市衡南县第一中学2023-2025学年高一下学期期末考试化学试题,2,1
湖南省邵阳2026九年级三次模考试卷,1,1
湖南省邵阳市七年级入学考,2,1
湖南省邵阳市五年级上册数学苏教版思维题,1,1
湖南省邵阳市五年级上册数学苏教版竞赛真题试卷,7,1
湖南省邵阳市五年级上册英语湘鲁版测试卷,3,1
湖南省邵阳市洞口县五年级下册数学苏教版真题试卷含答题卡,2,1
湖南省邵阳市洞口县湘鲁版五年级上册英语试卷,2,1
湖南省邵阳市邵阳县2025-2026,1,1
湖南省邵阳市邵阳县2025-2026春季,2,1
湖南省邵阳市邵阳县2025-2026春季学期七年级学情监测,1,1
湖南省邵阳市邵阳县2025-2026春季学期七年级学情监测试题卷数学,1,1
湖南省部分学校,1,1
湖南省部分学校 期末,1,1
湖南省部分学校 高二 下学期 期末,1,1
湖南省部分学校2025-2026学年高二下学期期末校内检测,1,1
湖南省郴州市2021-2022学年高一（下）期末教学质量监测物理试题（选择考）,1,1
湖南省郴州市一模试卷,2,1
湖南省郴州市七年级上册,1,1
湖南省郴州市八年级上册数学期中试卷,2,1
湖南省郴州市八年级上册物理期中考试卷,2,1
湖南省郴州市期末质量检测,3,1
湖南省郴州市高考一模试卷,5,1
湖南省长沙市2025-2026学年高三上学期1月月考语文试题,1,1
湖南省长沙市2026年三年级下册数学期末考试试卷,2,1
湖南省长沙市师范大学附属中学,4,1
湖南省长沙市望城区七年级上册期末考试,5,1
湖南省长沙市长沙一中高二期中考试试卷数学,1,1
湖南省长沙市长郡中学,1,1
湖南省长沙市长郡中学高二期中考试试卷数学,1,1
湖南省长沙市雅礼中学高二下学期期末考试试卷,4,1
湖南省长沙市雅礼集团2025-2026学年八年级下学期七月期末物理试题,1,1
湖南省长沙市高一下学期英语期末卷,1,1
湖南省长沙市高三物理,3,1
湖南省长沙市高二期中考试试卷数学,1,1
湖南省长沙第一中学2025－2026学年高一下学期数学期末模拟卷考试,3,1
湖南省长沙麓山国际实验学校2024~2025学年九年级上学期出升高拔尖创新班选拔,5,1
湖南省长郡中学,2,1
湖南省长郡中学2024-2025学年高二上学期期末考试英语试题,1,1
湖南省雅礼中学,1,1
湖南省高一上册数学第三单元测试卷,2,1
湖南省高一上学期第三单元函数测试卷,1,1
湖南省高一下学期期末五市10校联考2025数学,2,1
湖南省高一下学期期末考试数学,2,1
湖南省高三入学考试试题,1,1
湖南省高考地理,5,1
湖南省高考语文,2,1
湖南竞赛试题,1,1
湖南耒阳高一期末,11,1
湖南联考,1,1
湖南英语初中语法总结,3,1
湖南衡南一中高一下学期期末,2,1
湖南衡阳八年级物理人教版,2,1
湖南衡阳市,3,1
湖南衡阳市2025 2026学年高二下学期期末考试物理试卷,3,1
湖南衡阳市衡南县,1,1
湖南衡阳市衡南县2025-2026学年高二下学期期末考试,1,1
湖南衡阳衡南县八年级物理人教版,1,1
湖南邵阳市邵东市第四中学2025-2026学年期末质量监测高二,5,1
湖南邵阳隆回,1,1
湖南郴州高一月考,2,1
湖南重点高中初升高入学拔尖试题,1,1
湖南长沙2018,1,1
湖南长沙一中高一下期末数学试卷,2,1
湖南长沙八上数学月考卷,2,1
湖南长沙八年级上册第一次月考,7,1
湖南长沙历史毕业会考,1,1
湖南长沙四大附中七年级期中试卷,7,1
湖南长沙地质中学地质中学开学考,2,1
湖南长沙市南雅中学,2,1
湖南长沙市岳麓区长沙麓山国际实验学校2026届高三二模英语试题,2,1
湖南长沙市第一一中高一下期末数学试卷,1,1
湖南长沙市第一中学2025-2026学年高二下学期6月期末数学试题,2,1
湖南长沙市长郡中学2025-2026学年高一下学期5月期中语文试题,1,1
湖南长沙开学考高中高一,1,1
湖南长沙雅礼中学,1,1
湖南长沙雅礼中学月考6,1,1
湖南长沙高一上入学分班考,1,1
湖南长沙高一上册开学考,1,1
湖南长沙高一入学分班考,1,1
湖南长沙高中分班考,1,1
湖南长沙高中开学考,3,1
湖南长沙，高一上学期,1,1
湖南长沙，高一上学期，师大附中,1,1
湖南长郡中学高三开学考试卷,2,1
湖南长郡雅礼高一下数学试卷,2,1
湖南隆回,2,1
湖南雅礼,2,1
湖南雅礼中学高三英语,1,1
湖南高一上学期开学考分班考试,1,1
湖南高一上学期期末,1,1
湖南高一上学期阶段检测洞口三中,1,1
湖南高一上洞口三中,1,1
湖南高一下学期期末物理试卷,1,1
湖南高一全国卷,2,1
湖南高一开学考分班考试,1,1
湖南高一期中,2,1
湖南高一物理开学考,2,1
湖南高三上学期阶段检测,1,1
湖南高三教学质量检测,1,1
湖南高三炎德英才联考,2,1
湖南高中一中,1,1
湖南高中炎德,2,1
湖南高中芷江,2,1
湖南高中芷江一中,1,1
湖南高中雅礼,1,1
湖南高考,1,1
湖南高考卷,1,1
湖南高考政治,2,1
湖南龙山县,1,1
湖州,1,1
湖州2025学年第二学期期末调研测试卷,1,1
湖州2025学年第二学期期末调研测试卷英语,1,1
湖州2025学年第二学期期末调研测试卷英语高二,2,1
湖州2026期末高二,1,1
湖州五中,4,1
湖州初中三创试卷,1,1
湖州初中强基试卷,1,1
湖州市2025学年第二学期教学质量监测试卷高一英语,1,1
湖州市2025学年第二学期期末调研测试卷湖州市2025第二学期高一下,1,1
湖州市南浔区数学八年级上册期末,1,1
湖州市期末,2,1
湖州市英语八年级上册期末,2,1
湖州期末,2,1
湖州高一政治期末考试试卷,4,1
湖州高一期末数学,2,1
湖州高二上期末,1,1
湖州高二期末考试英语,1,1
湖心亭看雪课,3,1
湖湘,1,1
湖湘xiang,2,1
湖湘教育三新探索协作体,1,1
湖湘联考,1,1
湖滨中学,1,1
湖滨中学九上第1次月考数学卷,1,1
湖滨海门实验学校,2,1
湖重点高中初升高入学拔尖试题,1,1
湘一,2,1
湘东,1,1
湘东云程学校,2,1
湘东教学联盟,1,1
湘东教育联盟,2,1
湘东高一期末试卷,3,1
湘教版2024年下学期数学单元测试卷,4,1
湘教版3-6年级,1,1
湘教版八上数学教学,3,1
湘教版八上生物书,2,1
湘教版地理必修一,2,1
湘教版地理必修一第一章检测,1,1
湘教版地理必修一课本,2,1
湘教版地理必修一课本PDF,1,1
湘教版地理选修一,1,1
湘教版地理选修一背诵,1,1
湘教版地理选修上,5,1
湘教版地理选修上复习资料,1,1
湘教版学霸暑假作业,1,1
湘教版导数,1,1
湘教版数学书,1,1
湘教版数学必修一第六章,3,1
湘教版高一上册数学,1,1
湘教版高一上册数学第一章,2,1
湘教版高一数学书,4,1
湘教版（2024）数学八年级上册,1,1
湘教版（2024）数学八年级上册第一章因式分解,5,1
湘教版（2024）数学八年级上册第一章因式分解单元测试卷,1,1
湘潭中职英语书,1,1
湘潭县一中,4,1
湘潭大学附属实验学校,2,1
湘西,2,1
湘西州,1,1
湘西州吉首市,1,1
湘郡培粹全真,4,1
湘郡金海 小升初 数学,1,1
湘钢一中,3,1
湘阴县,4,1
湛江,3,1
湛江一中,1,1
湛江一中高一2025期末试卷,2,1
湛江一中高一下期末高一化学,1,1
湛江七年级下册数学期末,2,1
湛江七年级数学期末,1,1
湛江五年级下册数学期中,2,1
湛江五年级下册数学期末复习,1,1
湛江市 2025 2026学年度第二学期期末调研测试,2,1
湛江市2025 2026学年度第一学期期末高中调研考试,1,1
湛江市20252026学年度第二学期期末调研测试,3,1
湛江市2026高一下数学期末,2,1
湛江市下山区2026年中考数学试卷,4,1
湛江市第一中学初一,2,1
湛江市霞山区统考,1,1
湛江市霞山区统考七下期末,2,1
湛江市霞山实验中学,1,1
湛江数学期末,1,1
湛江期末,1,1
湛江经济技术开发区,1,1
湛江霞山滨海学校小升初分班考试英语卷,2,1
湛江高一上 期中 2026数学,1,1
湛江高一期末历史,2,1
湛江高二期末历史,2,1
湛江高二期末地理,1,1
湟中区2024至2025学年第一学期期末联考高二物理,2,1
湟中区2024至2025学年第二学期期末联考高二物理,1,1
湟中区第一中学,1,1
湟中区高二英语,2,1
溪汇,1,1
溶江中学,3,1
溶液,1,1
溶液ph,1,1
溶液及其应用,2,1
溶液的形成（基础）,3,1
溶液组成的定量研究,4,1
溶液饱和化学,1,1
滁州,2,1
滁州五中,1,1
滁州八年级上册历史月考试卷,2,1
滁州八年级上册英语月考试卷,4,1
滁州八年级上册英语试卷,2,1
滁州八年级上册语文月考试卷,2,1
滁州初二语文试卷,1,1
滁州市,2,1
滁州市20242025高二化学,1,1
滁州市2024高二化学,1,1
滁州市2025高二化学,1,1
滁州市七年级英语期末试卷,1,1
滁州市初中期末试卷,4,1
滁州市定远县七年级统考,1,1
滁州市定远县七年级统考期末,2,1
滁州市琅琊路小学,1,1
滁州高一下学期期末,1,1
滁州高一下学期期末26,2,1
滁州高一下学期期末26:数学,1,1
滁州高一下学期期末26数学,4,1
滏运,1,1
滑县八年级上册英语期末试卷,4,1
滑县高平镇2025 2026八年级数学上册期末,1,1
滑县高平镇2025 2026八年级物理月考,2,1
滑块 板块 传送带 模型模板,4,1
滑块 板块 模型,2,1
滑块 滑板 模型的动力学问题,2,1
滑块问题,1,1
滑块问题物理,3,1
滑轮,2,1
滑轮绕线作图,2,1
滑轮绕线作图题,1,1
滕东中学,5,1
滕南中学,1,1
滕州,2,1
滕州2026 高二期末,1,1
滕州2026年高二下学期英语期末考试,1,1
滕州一中一模,1,1
滕州一中自主招生考试,2,1
滕州一中高一下册期末试卷,2,1
滕州一中高二下学期期中考试,1,1
滕州一模,1,1
滕州区2021至2022学年度第一学期期末考试物理九年级,2,1
滕州实验小学,2,1
滕州实验小学英语,1,1
滕州市,1,1
滕州市2026高一下学期期末考试物理试题,1,1
滕州市二中新校高一,1,1
滕州市第一中学2026期末,2,1
滕州市第五中学,2,1
滕州市第十一中学,2,1
滕州市高一下学期期末考试物理,1,1
滕州第一中学,2,1
滕州高二期末试卷,2,1
滚动双测,1,1
满井游记,1,1
满分作文,1,1
满分作文 2026范文集锦,2,1
满分思维,2,1
满天星,1,1
滦南一中高三,1,1
滦南县2025 2026八下语文期末,1,1
滦南县2025 2026高2下语文期末,5,1
滦南县2025 2026高二,5,1
滦南县第四中学,3,1
滦州二中,1,1
滦平一中,2,1
滨城联盟2025高一上月考,1,1
滨城联盟2026,1,1
滨城高中联盟2025 2026学年度上学期高一期中考试,2,1
滨城高中联盟2025 2026学年度上学期高二期中考试,1,1
滨城高中联盟语文,1,1
滨城高中联盟高一物理,2,1
滨城高中联盟高三地理,1,1
滨州2025 2026一下学期期末,2,1
滨州2026高二期末,1,1
滨州八上数学,1,1
滨州八上语文,2,1
滨州市2026年期末高二下学期,1,1
滨州市2026年期末高二下学期政治,1,1
滨州市2026年高二下学期物理期末考试试卷图片,2,1
滨州市2026高二下学期期末考试,1,1
滨州市2026高二下学期期末考试英语,3,1
滨州市五年级上册数学,1,1
滨州市五年级上册数学期中考试,1,1
滨州市六县一区2025-2026年五年级下册期末试卷,2,1
滨州市北镇中学,2,1
滨州市北镇中学月考,1,1
滨州市四年级下学期数学,1,1
滨州市高一下学期期末,1,1
滨州市高一期末,2,1
滨州市高一期末2026日语,2,1
滨州市高一期末日语,2,1
滨州市高一期末日语2026,2,1
滨州期中八上数学,1,1
滨州期末,3,1
滨州高一上期末,6,1
滨江,1,1
滨江中学,1,1
滨江区2026年期末,2,1
滨江区四下语文,2,1
滨河学校,1,1
滨海新区七下生物,4,1
滨海新区九年级数学学业质量调查试卷一,2,1
滨海新区八上物理,1,1
滨海新区八年级上册单元测试卷,3,1
滨海新区八年级上册数学测试卷,1,1
滨海新区八年级上数学期末,4,1
滨海新区八年级上物理,1,1
滨海新区八年级上英语,1,1
滨海新区八年级上语文期末,2,1
滨海新区期中,2,1
滨海新区高一下期末,4,1
滨海新区高一下期末2024英语,1,1
滨海新区高一下期末2026物理,2,1
滨海新区高一下语文,1,1
滨海新区高二上数学,2,1
滨海新区高二下期末,2,1
滨湖一中数学，期中期末高一,1,1
漯河,2,1
漯河三中2024~2025七上第一次月考英语,2,1
漯河三中七下人教版数学期末真题卷,1,1
漯河实验高中,1,1
漯河市2026年地生会考,2,1
漯河市郾城区郾城初级中学,3,1
漳 州 市 2 0 2 4 2 0 2 5学 年 下学期期末考试,1,1
漳州 三中,2,1
漳州 三中初二,4,1
漳州 二中初二,1,1
漳州2024 2025数学,1,1
漳州2025 2026物理,2,1
漳州2025-2026高一下生物,5,1
漳州2025-2026高二上生物,3,1
漳州2025-2026高二下生物,3,1
漳州20252026高一下英语,1,1
漳州一质检,1,1
漳州七下数学202 4期末,5,1
漳州五年级下册期末数学,1,1
漳州八物理试卷,2,1
漳州厦大附中八上,1,1
漳州双语,2,1
漳州外国语英语,2,1
漳州外国语英语自主招生,1,1
漳州市2025七年级上册月考考试卷,1,1
漳州市2026届高三毕业班第一次教学质量检测,3,1
漳州市24,2,1
漳州市24到25,1,1
漳州市九年级上册历史期中,2,1
漳州市八上物理期中试卷,3,1
漳州市八上物理试卷,1,1
漳州市漳浦县2025七年级上册月考考试卷,1,1
漳州市统考高一下化学,2,1
漳州市统考高二上数学,3,1
漳州市高三一检,2,1
漳州市高三一质检物理,1,1
漳州市高二期末考数学,6,1
漳州市龙海区九年级上册数学期中,6,1
漳州市龙海区九年级化学期中,3,1
漳州市龙海区九年级物理上册期中,2,1
漳州月考七年级上,2,1
漳州期末历史,1,1
漳州第九中学,1,1
漳州高一下期末,1,1
漳州高一期末,1,1
漳州高二,2,1
漳州高二下期末,1,1
漳州高二课本,2,1
漳平一中,1,1
漳平一中高一,1,1
漳平一中高一上第一学期,1,1
潍坊 0 202 5高三 三模,1,1
潍坊 高一,2,1
潍坊202 6高二下学期期末,5,1
潍坊2023 -2024高一化学下册期末测试题,1,1
潍坊2023 2024高一化学下册期末测试题,2,1
潍坊2023 2024高一英语下册期末测试题,1,1
潍坊2024~2025高一下学期地理试卷 期末 加答案,1,1
潍坊2025~2026高一下学期地理试卷 期末 加答案,2,1
潍坊2026 高二期末,1,1
潍坊2026年高一下学期期末考试,1,1
潍坊2026高一期末上学期,4,1
潍坊2026高一期末上学期期末,1,1
潍坊2026高二下学期期末地理,2,1
潍坊一中,1,1
潍坊一中高一物理期中,1,1
潍坊一模,1,1
潍坊一模物理高考,1,1
潍坊七下英语期末,3,1
潍坊七下英语期末真题,1,1
潍坊七年级下册数学,2,1
潍坊七年级第一学期期中数学试卷,1,1
潍坊三模,2,1
潍坊三模英语,2,1
潍坊中学高一,4,1
潍坊九年级上册数学期中,3,1
潍坊初中分班考试,1,1
潍坊四中,4,1
潍坊坊子六年级数学,1,1
潍坊坊子六年级期末数学,1,1
潍坊坊子区六年级,1,1
潍坊坊子区六年级小升初,1,1
潍坊坊子区六年级期末,2,1
潍坊坊子区小升初分班考试,2,1
潍坊坊子小升初数学,2,1
潍坊实验中学,2,1
潍坊小升初,3,1
潍坊小升初 分班考试,2,1
潍坊小升初分班考试,7,1
潍坊市2 026高二期末,1,1
潍坊市2026届高三2月一模英语试题,1,1
潍坊市2026年高一下学期期末考试题,3,1
潍坊市2026年高考第一次模拟考试,2,1
潍坊市2026高三模拟化学,2,1
潍坊市化学,1,1
潍坊市化学九年级上册,2,1
潍坊市坊子区六年级期末,2,1
潍坊市坊子区小升初分班考试,1,1
潍坊市奎文区七年级开学考试,2,1
潍坊市奎文区分班考小升初,1,1
潍坊市小升初历年真题语文,5,1
潍坊市高三开学考,2,1
潍坊数学期中卷,1,1
潍坊新初一小升初分班考试,9,1
潍坊期末,1,1
潍坊期末考试,1,1
潍坊生物期中卷,2,1
潍坊生物期末卷,1,1
潍坊经济开发区,1,1
潍坊美加实验学校,2,1
潍坊英语,1,1
潍坊高一,2,1
潍坊高一上物理期中,2,1
潍坊高二20252026下学期期末考试,2,1
潍坊高二上期末数学,1,1
潍坊高二下学期20252026期末数学考试,1,1
潍坊高二下学期20252026期末考试,1,1
潍坊高二期末,3,1
潍坊高二期末化学2026,3,1
潍坊高二期末地理,1,1
潍坊高二期末物理2026,2,1
潍坊高二期末考试答案,2,1
潍坊高二阶段性调研监测 英语,2,1
潍坊高密,3,1
潜山市期中,2,1
潜江,3,1
潜江市七年级月考卷,1,1
潞州中学,2,1
潞河,1,1
潞河 九年级,2,1
潞河 初三,1,1
潞河分班考,1,1
潞河开学考,1,1
潢川黄冈实验中学,3,1
潮南区,7,1
潮南区20252026,2,1
潮南区八年级上册英语,1,1
潮南区历史高一期末统考卷下,1,1
潮南区高二期末统考卷子,1,1
潮南育才实验学校,2,1
潮南高二期末统考卷下,1,1
潮南高二期末统考卷下2026数学,1,1
潮南高二期末统考卷下2026数学汕头,1,1
潮安区七年级下册期末2025 2026,4,1
潮安区三年级下册数学期末考试卷,1,1
潮安区八下英语,1,1
潮安区期末考,3,1
潮安区期末考24-25数学,1,1
潮州2026化学期末,1,1
潮州2026期末,3,1
潮州2026英语期末,1,1
潮州八上英语期中,1,1
潮州市,1,1
潮州市 2025 2026第一学期期末高二,1,1
潮州市 第一学期期末高二,1,1
潮州市 第二学期期末高二,2,1
潮州市2022-2023学年度第二学期期末语文高二教学质量检测卷,2,1
潮州市2024 2025学年度第二学期期末教学质量检测卷英语,1,1
潮州市2025 2026学年度第二学期期末高二级教学质量监测英语,2,1
潮州市2025 2026第二学期化学期末考,2,1
潮州市2025至2026学年度第二学期期末高二级教学质量检测卷,1,1
潮州市2025至2026学年度第二学期期末高二级教学质量检测卷数学,1,1
潮州市2425学年度第二学期期末高一教学质量检测,2,1
潮州市下学期期末卷,2,1
潮州市期末统考,1,1
潮州市期末考,2,1
潮州市潮安区,1,1
潮州市潮安区5年级,4,1
潮州市潮安区5年级数学,1,1
潮州市潮安区5年级语文,2,1
潮州市韩附实验学校小升初考试,3,1
潮州市高二期末,4,1
潮州市高二期末考试第二学期,2,1
潮州政治高二下期末,1,1
潮州期末考试卷,2,1
潮州统考高二下学期数学,1,1
潮州联正实验学校,2,1
潮州金山中学期末考试卷,2,1
潮州高二数学统考,1,1
潮阳区,1,1
潮阳区八年级上册英语,1,1
潮阳区八年级下册英语,2,1
潮阳区第一次月考,2,1
潮阳实验中学,1,1
潮阳第一中学试卷,2,1
潼关中学,2,1
潼南,1,1
澄海区,1,1
澄海区八年级上册英语,1,1
澄海区初一,1,1
澄海区初二,5,1
澄海区数学八年级下册期末卷,1,1
澄海区高二,4,1
澄海区高二数学期末考试,3,1
澄海实验高中 高一 入学摸底 数学 人教A版,1,1
澄海实验高中 高一 初高衔接,1,1
澄海期末高二,2,1
澄海苏北中学 高一 初高衔接,1,1
澄海英语,1,1
澄海英语高二第二学期期末考,1,1
澄海高二,2,1
澎湖中学,1,1
澧县一中强基试卷,2,1
澧县暑假作业,4,1
澧县期末,4,1
澳洲amc,1,1
澳门一年级下学期期末,1,1
濉溪一中,2,1
濉溪第二中学,2,1
濮阳市一高2024级高三上学期第一次质量检测,2,1
濮阳市中考,2,1
濮阳市中考英语,1,1
濮阳市九上期中试卷,2,1
濮阳市油田第十八中学,3,1
濮阳市油田第十八中，七年级开学测,2,1
濮阳市第一高级中学,1,1
濮阳市高一下学期期末,1,1
濮阳油田18中,2,1
濮阳油田18中六升七,1,1
濮阳油田18中六升七试卷,4,1
灌云三上英语期中考试,2,1
灞桥区小升初分班考试卷,2,1
火柴棒游戏奥数专项专题,2,1
火炬,1,1
火箭班,2,1
火车托卡塔,2,1
灵台一中,1,1
灵台县八年级期末考试试卷,8,1
灵宝市2024 2025学年九年级期中试题,3,1
灵宝市市2023-2024学年上期期末试题,1,1
灵宝市市2023-2024学年年级期中试题,1,1
灵宝市市2025-2026学年上期期末试题,2,1
灵宝市市2025-2026学年下期期中试题,2,1
灵宝市第一高级中学初中部,6,1
灵山中学,4,1
灵山县八年级数学,1,1
灵山县八年级数学期末,2,1
灵山第二中学,2,1
灵璧一中,3,1
灵璧县 九年级 第九教研共同体 质量调研 语文试卷,1,1
灵璧第一高中,1,1
灿烂六月,1,1
炎徳英才,2,1
炎徳英才大联考2024届,2,1
炎徳英才大联考2026届高三数学,1,1
炎德,8,1
炎德·英才大联考长沙市一中2024届高三月考试卷七,2,1
炎德英才大联考数学,1,1
炎德英才大联考数学期末,1,1
炎德英才大联考高一下,3,1
炎德英才大联考高一数学期末,1,1
点与圆的位置关系,1,1
点拨训练,1,1
点拨训练八上答案,2,1
点石,2,1
点石 2025 2026高二下学期,2,1
点石成金,1,1
点石联盟化学高一下,2,1
点石联盟化学高一下期末,1,1
点石联考2026高一,1,1
点石联考2026高一下学期期末质量检测,2,1
点石联考7月,1,1
点石联考9月,1,1
点石联考化学高一下期末,1,1
点石联考期末语文,1,1
点石联考高二下期末试卷,1,1
点读,1,1
炼字诗歌,1,1
炼字题,1,1
烟台 数学二模 2026,2,1
烟台10月,1,1
烟台2025—2026五年级第二学期阶段测试,1,1
烟台2025—2026第二学期阶段测试,1,1
烟台2025到2026学年度第二学期期末高一英语,3,1
烟台2025到2026学年度第二学期高一地理,2,1
烟台2026年数学中考真题,1,1
烟台2026年英语中考真题,2,1
烟台25-26高一期末,1,1
烟台8上物理,4,1
烟台8上物理第一单元,2,1
烟台8上物理第一次月考,2,1
烟台一中2025 2026年第一学期阶段性检测 高一数学,1,1
烟台一中2025-2026年第一学期阶段性检测 高一数学,2,1
烟台一中2025-2026第一学期阶段性检测高一数学,2,1
烟台一中高一上学期,2,1
烟台一中高一上学期期中数学,1,1
烟台一模物理,1,1
烟台一模物理高考,3,1
烟台一模英语,2,1
烟台中考,1,1
烟台中考语文,1,1
烟台中英文高一化学,1,1
烟台二模 2026,1,1
烟台初一下学期期未试题,1,1
烟台初二下学期数学期末考题,2,1
烟台市2025-2026学年年度第二学期期末自主练习英语,3,1
烟台市2025-2026学年年度第二学期期末自主练习英语高三,2,1
烟台市九年级上册数学期中,6,1
烟台市牟平区 九年级上册期中考试化学,1,1
烟台市牟平区 八年级下册期末考试数学,2,1
烟台市芝罘八年级下册数学期中2019-2020,2,1
烟台市芝罘初三下册数学末2019-2020,1,1
烟台市芝罘区八年级上册数学期中卷2023-2024,1,1
烟台市芝罘区八年级上册生物期中卷2023-2024,2,1
烟台市芝罘区八年级上册语文期中卷2023-2024,1,1
烟台市芝罘区八年级上册语文期末卷2023-2024,3,1
烟台市芝罘区八年级下册化学期末卷2024-2025,2,1
烟台市芝罘区八年级下册数学期中2019-2020,1,1
烟台市芝罘区八年级下册数学期中2020-2021,4,1
烟台市芝罘区八年级下册数学期中卷2025-2026,2,1
烟台市芝罘区八年级下册数学期末卷2024-2025,4,1
烟台市芝罘区八年级下册数学末2019-2020,2,1
烟台市芝罘区八年级下册物理期中卷2019-2020,1,1
烟台市芝罘区八年级下册物理期末卷2019-2020,4,1
烟台市芝罘区八年级册数学期末卷2021-2022,2,1
烟台市芝罘区八年级化学卷下学期2024-2025,4,1
烟台市芝罘区八年级化学期末卷上学期2019-2020,2,1
烟台市芝罘区八年级历史卷下学期2025-2026,3,1
烟台市芝罘区八年级数学期中卷下学期2020-2021,1,1
烟台市芝罘区八年级数学期中卷下学期2021-2022,2,1
烟台市芝罘区八年级数学期末卷上学期2019-2020,3,1
烟台市芝罘区八年级数学期末卷上学期2020-2021,5,1
烟台市芝罘区八年级数学期末卷上学期2021-2022,1,1
烟台市芝罘区八年级数学期末卷上学期2023-202?,1,1
烟台市芝罘区八年级数学期末卷下学期2020-2021,4,1
烟台市芝罘区八年级物理期中卷下学期2020-2021,3,1
烟台市芝罘区八年级物理期中卷下学期2021-2022,3,1
烟台市芝罘区八年级物理期末卷下学期2021-2022,3,1
烟台市芝罘区八年级生物期末卷上学期2023-2024,1,1
烟台市芝罘区八年级生物期末卷上学期2025-2026,4,1
烟台市芝罘区八年级语文期末卷上学期2023-202?,4,1
烟台市莱山区,1,1
烟台市高一上学期期中试题语文,1,1
烟台市高二下学期期末自主练习,1,1
烟台开发区九上化学期末,1,1
烟台开发区九上物理期末,3,1
烟台开发区八下物理期末,1,1
烟台数学,1,1
烟台期末,3,1
烟台期末数学,2,1
烟台期末高二,1,1
烟台海阳54制六下期末考试英语,2,1
烟台海阳54制六下期末考试语文,1,1
烟台海阳，54制六下期末考试，数学,3,1
烟台牟平七年级下英语,1,1
烟台物理八下,1,1
烟台物理八下芝,1,1
烟台福山七年级下英语,2,1
烟台福山区语文考试高一真题卷,1,1
烟台福山区高一化学期中考真题卷,2,1
烟台福山区高一数学期中考真题卷,2,1
烟台福山区高一物理期中考真题卷,1,1
烟台福山区高一语文期中考试真题卷,4,1
烟台经济技术开发区六年级下学期期末,3,1
烟台芝罘2022高一上期中数学,3,1
烟台芝罘2023高一上期中数学,2,1
烟台芝罘2023高一上期中物理,1,1
烟台芝罘2024高一上期中数学,2,1
烟台芝罘2024高一上期中物理,1,1
烟台芝罘2025高一上期中,2,1
烟台芝罘2025高一上期中化学,1,1
烟台芝罘2025高一上期中物理,3,1
烟台芝罘七年级下英语,4,1
烟台芝罘区七上数学,1,1
烟台芝罘区七上英语,6,1
烟台芝罘区七上英语期中,6,1
烟台莱山一中,2,1
烟台莱山区五年级,4,1
烟台语文,1,1
烟台高一上学期 期中,2,1
烟台高一上学期期中物理,2,1
烟台高一上学期期中考试,2,1
烟台高一上学期期末考试语文,2,1
烟台高一下学期期末生物,1,1
烟台高一下学期生物期末考试试卷,1,1
烟台高一下期末,2,1
烟台高一化学,4,1
烟台高一期末考试试卷语文,1,1
烟台高一物理期末上学期,1,1
烟台高一物理期末济南上学期,1,1
烟台高三期中,2,1
烟台高二上学期数学期中,2,1
烟台高二上学期期末化学,1,1
烟台高二上学期期末物理,2,1
烟台高二上学期物理,1,1
烟台高二上学期物理期中,2,1
烟台高二上学期物理期末,3,1
烟台高二上期末数学,2,1
烟台高二期末地理,2,1
烟台高二期末考试英语试卷,1,1
烟台龙口一年级上学期数学期末测试卷,3,1
烟台龙口一年级语文期末测试卷,1,1
烟台龙口元2025—2026五年级第二学期阶段测试,2,1
烟台龙口四年级第二学期语文测试,2,1
烧的英语,1,1
热,2,1
热力学,1,1
热力学第一定律与理想气体状态方程的综合问题,1,1
热力环流,1,1
热化学选修一导学案,2,1
热学气体,3,1
热学气体变质量和关联问题,7,1
热学综合题,1,1
热机,2,1
热点,1,1
热点 素材2026高考热点素材,2,1
热点乒乓,1,1
热点体育,4,1
热点聚焦,1,1
烷烃思维导图,5,1
焓变反应热热化学方程式,1,1
焓变题目,4,1
焦作七年级,3,1
焦作八年级,1,1
焦作市18中,2,1
焦作市2025-2026高三定位考,2,1
焦作市2025至2026下学期期末调研,3,1
焦作市2026年九年级第二次模拟测试英语试卷,2,1
焦作市高二年级,1,1
焦作市高二年级下学期期末考试,1,1
焦作武陟七下,1,1
焦作武陟中考,1,1
焦作武陟九上9月月考,2,1
焦作武陟九上月考,7,1
焦作武陟九上期中,1,1
焦作武陟高三月考,1,1
焦半径,1,1
熔化和凝固,1,1
熟悉,1,1
熟悉又陌生的力,1,1
熟悉而陌生的力,4,1
熟词,1,1
熟词僻义,6,1
熟词生,1,1
燕子矶中学,2,1
燕山,6,1
燕山英语,1,1
燕郊开发区,1,1
爱中学2025学年第二学期期中考试,1,1
爱国科技强国世界和天,1,1
版本1：青海省西宁市2023-2024学年高一下学期期末调研测试语文试题,1,1
版本2：江苏省南通市如皋中学2024-2025学年高三上学期第一次综合练习语文试题,1,1
牛一,2,1
牛二专题,2,1
牛二定律,2,1
牛吃草问题,1,1
牛津上海版六上英语书,1,1
牛津译林版高中英语教材各板块重点短语专辑,5,1
牛頓定律模型题,4,1
牛頓第二定律,1,1
牛頓第定律模,1,1
牛頓第定律模型题,3,1
牛顿,2,1
牛顿三大运动定律,1,1
牛顿定律,4,1
牛顿定律2027高考专题一轮复习物理,1,1
牛顿定律复习综合试题,2,1
牛顿定律推运动,2,1
牛顿定律题目,1,1
牛顿矢量性,3,1
牛顿第一定律 惯性,2,1
牛顿第一定律实验,1,1
牛顿第一定律探究,1,1
牛顿第一定律探进,1,1
牛顿第三定律,2,1
牛顿第二定律专题,5,1
牛顿第二定律的应用,1,1
牛顿第二定律的理解和初步应用,1,1
牛顿第二定律矢量性,4,1
牛顿第二定律类型题,3,1
牛顿第二定律链接问题,1,1
牛顿运动定律,1,1
牛顿运动定律中难度题,6,1
牛顿运动定律的应用试卷,2,1
牡丹区2026年七年级下册数学期末试卷,2,1
牡丹江2024中考真题,1,1
牡丹江一中20二五届高一学期下学期期末考,1,1
牡丹江一中月考试卷,1,1
牡丹江一中高一上第一次月考卷,1,1
牡丹江一中高一下期末,1,1
牡丹江一中高一数学期末,2,1
牡丹江一中高二下期末,1,1
牡丹江一模,1,1
牡丹江五子联盟七下,2,1
牡丹江化学四子,2,1
牡丹江外市县五校联考,1,1
牡丹江外市县六校联考,3,1
牡丹江子联盟第一次月考,1,1
牡丹江市七年级下学期数学期末考试,2,1
牡丹江市初中课改联盟第一子联盟八年级第二学期期末物理试卷,2,1
牡丹江市第一高级中学2025年月考物理,1,1
牡丹江期末,1,1
牡丹江期末语文,2,1
牡丹江第四子联盟,11,1
牡丹江第四子联盟七年级下册地理,1,1
牡丹江第四子联盟八年级,11,1
牡丹江联考,2,1
牡丹江英语,2,1
牡丹江高一上月考卷,2,1
牡丹江高一下合格考地理,2,1
牡丹江高二期末,1,1
牡丹江高二期末语文,1,1
物 理,1,1
物 理2026高考,1,1
物 理2026高考江苏,1,1
物 理期末,4,1
物体运动描述,1,1
物化生入学分班考合卷,1,1
物态及其变化单元练习,2,1
物态变化专项试卷,1,1
物态变化专项试卷人教版,1,1
物态变化易错,1,1
物态的变化,3,1
物理 八下,1,1
物理 公式大全汇总,2,1
物理 力,2,1
物理 动能动量说话,2,1
物理 实验题高中专题,2,1
物理 必修3 电场强度,2,1
物理 必修3第9章第3节,1,1
物理 必修一,2,1
物理 必修一教材,1,1
物理 必修三,5,1
物理 必修三 第一讲,1,1
物理 必修三专题训练,1,1
物理 必修三第一讲,1,1
物理 必修二 1 大题训练,1,1
物理 必修二 1 期末卷,2,1
物理 必修二 曲线运动,5,1
物理 知识点 2026新中考知识点考背,1,1
物理 选择性必修1,2,1
物理 透镜规律,1,1
物理 透镜规律实验,1,1
物理 静电场及其应用,4,1
物理 静电场及其应用试卷,1,1
物理 高考,2,1
物理11,1,1
物理2024,1,1
物理2024 2025初二期末,2,1
物理2024年贵州卷,1,1
物理2024年高考贵州,2,1
物理2025 2026期末,3,1
物理2026,2,1
物理2026广东,1,1
物理2026广东高考,1,1
物理2026杭州,1,1
物理2026杭州一模,2,1
物理2026浙江高考电学,1,1
物理2026高三浙江,1,1
物理2026高考江苏,1,1
物理9年级上,1,1
物理ppt,1,1
物理一 轮 复习 2026 备考专题,8,1
物理一模相互作用,3,1
物理一轮,2,1
物理一轮复习习题,2,1
物理一轮复习力学,2,1
物理一轮复习直线运动,3,1
物理一轮复习讲义,2,1
物理一轮复习运动学,1,1
物理一轮材料,3,1
物理七八年级总结题,1,1
物理三线问题,3,1
物理三维问题,1,1
物理专项收入浮力,2,1
物理专项训练,4,1
物理专题力,1,1
物理专题复习相互作用,2,1
物理专题复习静电场,2,1
物理专题强化  动力学问题连接体，临界极值问题,1,1
物理中考河北,1,1
物理中考河北邢台,1,1
物理中考试卷,3,1
物理临沂高一下学期2025期末,1,1
物理临界值,1,1
物理九上前两张合肥月考卷,1,1
物理九上前两章合肥卷,1,1
物理九上前两章合肥月考卷,2,1
物理九上期中试卷,1,1
物理九上期末,2,1
物理九上沪科版第3章检测,1,1
物理九上电路,1,1
物理九上画电路图专项，附答案,4,1
物理九上第一章内能课件,2,1
物理九下期中试卷,1,1
物理九年级上册七彩课堂,4,1
物理九年级上册内能及其改变,2,1
物理九年级上册第一课,2,1
物理九年级上册第一课讲解,1,1
物理九年级北师大欧姆定律,1,1
物理九年级第十四章欧姆定律,3,1
物理九月,2,1
物理五校联盟,1,1
物理五校联考辽宁省,1,1
物理五校联考辽宁省2026,1,1
物理交变电流,3,1
物理交变电流专题练习,5,1
物理交变电流阶段测试,1,1
物理人教版必修三第十二章,2,1
物理人教版机械运动专项练习卷,1,1
物理人教版金卷,2,1
物理优化探究一轮高考总复习广西版本,1,1
物理优化探究一轮高考总复习广西版本第五章,4,1
物理优化探究一轮高考总复习广西版本第五章第一家,1,1
物理传送带,9,1
物理传送带习题,2,1
物理传送带问题人教版,4,1
物理光电效应,1,1
物理光的反射,2,1
物理免费河南,2,1
物理全一册快与慢,1,1
物理全品作业本必修三,1,1
物理全国二2026,1,1
物理全国二卷2026,1,1
物理八上人教版,1,1
物理八上人教版知识点,1,1
物理八上人教版知识点及练习题,2,1
物理八上知识点总结,7,1
物理八下期末河北区,2,1
物理八下自主招生,1,1
物理八下自招,1,1
物理八年级上,2,1
物理八年级上册,1,1
物理八年级上册光源,2,1
物理八年级上册同步培优专题讲练,4,1
物理八年级上册同步培优讲义,3,1
物理八年级上册期中考试卷,1,1
物理八年级上册第二单元,2,1
物理八年级上学期,2,1
物理八年级上学期期中,1,1
物理八年级上次第一章试卷,1,1
物理八年级下册知识点,5,1
物理八，知识点,2,1
物理公式九年级,1,1
物理公式大全,3,1
物理公式速记,1,1
物理公式速记高中,2,1
物理内能及内能的利用的测试题,2,1
物理内能测试题,1,1
物理冲量,1,1
物理冲量试卷,1,1
物理冲量预习,2,1
物理凸透镜实验,3,1
物理分层作业,1,1
物理分层作业人教版,2,1
物理初中,2,1
物理初中七年级,1,1
物理初二,5,1
物理初二浮力练习江苏,1,1
物理初二练习江苏,1,1
物理力学专题复习重庆,2,1
物理力学专题复习重庆高中,2,1
物理力学专题复习高中,1,1
物理力学复习专题,1,1
物理力学大题,1,1
物理力学山东,1,1
物理力学山东初中,2,1
物理力学真题,2,1
物理力学重庆,1,1
物理动态电路分析,2,1
物理动量专题,2,1
物理动量单元练习题,4,1
物理动量守恒定律,1,1
物理动量守恒定律练习题,7,1
物理动量实验专题,1,1
物理匀速直线运动刹车陷阱,2,1
物理化学生物卷子,1,1
物理化学高三期初考,3,1
物理化学高考,1,1
物理北京二中,1,1
物理北京二中教育集团,1,1
物理北京二中教育集团2025到2026学年八年级上学期阶段练习题物理试题,1,1
物理北京八下期末2026,1,1
物理北京八下期末2026 通州,2,1
物理北师大,2,1
物理北师大专项训练九年级,3,1
物理北师大北京九年级,1,1
物理北师大期中,1,1
物理北师大期中专项训练,1,1
物理北师大期中专项训练九年级,1,1
物理北师大期中专题,1,1
物理北师大期末专项训练九年级,2,1
物理单元卷第一章,1,1
物理单元卷第二章,1,1
物理单元学业质量评价卷,1,1
物理单元学业质量评价练习卷,3,1
物理单摆,4,1
物理卷子,5,1
物理卷子免费河南,1,1
物理压强,3,1
物理压强浮力上海期末题目组合,2,1
物理压轴题汇编,3,1
物理双棒电容器模型,1,1
物理发电,4,1
物理发电装置,2,1
物理合肥真题八年级,2,1
物理合肥真题八年级五十中西,1,1
物理同步练习册,1,1
物理四川省南充市期末试卷,1,1
物理四川高二,2,1
物理圆周运动专题,3,1
物理培优,1,1
物理培优 拔尖培优专题,6,1
物理基础,5,1
物理基础 100题基础,1,1
物理基础题,3,1
物理基础题高中,2,1
物理基础高中一轮复习,1,1
物理填空版知识点汇总,1,1
物理复习,3,1
物理大题,1,1
物理天体运动,2,1
物理奉贤中学,1,1
物理奥林匹克竞赛,1,1
物理学业质量评价卷,2,1
物理学业质量评价练习卷,6,1
物理学动态平衡题,2,1
物理学史,3,1
物理学情点评,1,1
物理学科素养竞赛3,1,1
物理学考,2,1
物理学考 2024年学业水平考试真题,1,1
物理学考模拟卷,2,1
物理学高考变力动态平衡题,3,1
物理安徽,1,1
物理安徽合肥一中,1,1
物理安徽高三,1,1
物理实心空心密度质量计算题,2,1
物理实验,5,1
物理实验打点计时器,3,1
物理实验题,2,1
物理实验题高中,1,1
物理山东高考,4,1
物理巴蜀,1,1
物理师说,3,1
物理师说资料,1,1
物理平面镜成像作图,2,1
物理开门考,1,1
物理弹簧链接体,1,1
物理弹簧问题,2,1
物理强基计划模拟题,5,1
物理强基计划训练,5,1
物理德州期末高一,2,1
物理必修 1 2,4,1
物理必修 1 必修2,6,1
物理必修2综合测评高一,1,1
物理必修3,1,1
物理必修3基础性作业配套卷,3,1
物理必修3教材,1,1
物理必修一卷,1,1
物理必修一期末,6,1
物理必修一知识清单,1,1
物理必修一知识点,9,1
物理必修一知识点八年级上册,1,1
物理必修一知识点总结,1,1
物理必修一第1单元,2,1
物理必修一第一章专题人教版,2,1
物理必修一第一章测试人教版,1,1
物理必修一第一章测试安徽,1,1
物理必修一第一章速度人教版,3,1
物理必修一第一章速度人教版练习题,2,1
物理必修一第一章速度实验专题,1,1
物理必修一第一章速度实验专题人教版,1,1
物理必修一第一章速度实验练习题人教版,2,1
物理必修一第二章,2,1
物理必修一第二章创新教程,1,1
物理必修一课本,5,1
物理必修一课本人教版,3,1
物理必修一运动学图像练习,2,1
物理必修一速度实验练习题人教版,1,1
物理必修三 9 10章测试,2,1
物理必修三专项练习,1,1
物理必修三人教版教材,1,1
物理必修三优化设计课后训练,2,1
物理必修三电学练习题,1,1
物理必修三电学解答题练习题,6,1
物理必修三第一课习题,1,1
物理必修三第九章,3,1
物理必修三第九章专题,1,1
物理必修三第十二章,2,1
物理必修三第十二章课件,1,1
物理必修三第十章专题,1,1
物理必修三练习册,4,1
物理必修三课本答案,1,1
物理必修二专题复习,2,1
物理必修二单元卷,1,1
物理必修二导与练,3,1
物理必修二导与练电子版,3,1
物理必修二总结思维导图,2,1
物理必修二期末,1,1
物理必修二选择题专练,2,1
物理必修第三册创新设计,2,1
物理必刷题28页,2,1
物理必刷题高一,2,1
物理必刷题高一PDF,2,1
物理思维导图,1,1
物理思维训练,2,1
物理性质与化学性质,7,1
物理成才之路必修32026,1,1
物理教材 电子版,2,1
物理教科版八年级上册章末测试卷,1,1
物理教科版八年级下册章末测试卷,2,1
物理教科版八年级期中考试卷,1,1
物理暑假作业,1,1
物理曲线运动一轮拔高卷,1,1
物理月考,2,1
物理期中上册,2,1
物理期中试卷,2,1
物理期中铜盘,1,1
物理期末沈阳,1,1
物理期末沈阳五校,1,1
物理期末考试,8,1
物理期末试卷高一下,2,1
物理期末试卷高二下,1,1
物理机械振动图像,3,1
物理机车启动,6,1
物理模型108个模型总结,6,1
物理模拟试卷（二）,2,1
物理步步高大一轮,6,1
物理每日练习,1,1
物理比结合能质能方程,1,1
物理江西2025年高考,1,1
物理江西2025年高考解析,1,1
物理沧州,2,1
物理波专题,1,1
物理波的图像,1,1
物理波的图像多解大题,1,1
物理测量,3,1
物理浙江2026高三,3,1
物理浮力专项训练,1,1
物理浮力压强,5,1
物理湖南卷,4,1
物理牛顿定律,2,1
物理物理物理物理,1,1
物理特长生考试,2,1
物理电势能课时练,2,1
物理电场,2,1
物理电场力专项,2,1
物理电场运动,6,1
物理电场远动,1,1
物理电学,2,1
物理电学复习题,2,1
物理电学概念,2,1
物理电学计算题,3,1
物理电学高考真题,2,1
物理电流做功北师大,5,1
物理电流做功期中,1,1
物理电流做功期中北师大,1,1
物理电磁感应,6,1
物理电磁感应专题训练,3,1
物理电荷,3,1
物理电路,2,1
物理电路作图专项,1,1
物理电路动态分析。,2,1
物理电路画图,4,1
物理相互作用,3,1
物理相互作用高中一模,1,1
物理相对运动,1,1
物理真题高考,1,1
物理知识清单,9,1
物理短路,1,1
物理磁,1,1
物理磁场,3,1
物理磁学,2,1
物理福州八下期末,1,1
物理福建高考试卷,1,1
物理科教电影,3,1
物理竞赛 2025年第42届初赛真题,2,1
物理竞赛决赛,1,1
物理竞赛培优,1,1
物理竞赛复赛,2,1
物理竞赛复赛实验,1,1
物理竞赛复赛试题广西赛区,1,1
物理竞赛真题,4,1
物理竞赛预赛四川,2,1
物理竞赛题初二,3,1
物理第1单元,1,1
物理第1章,1,1
物理第一次月考八上,2,1
物理第一章测试,1,1
物理第一章测试运动的描述,3,1
物理第一课,1,1
物理第二章,1,1
物理第十四章欧姆定律,1,1
物理答案辽宁,1,1
物理答案辽宁高一,1,1
物理综合能力题,1,1
物理综合题,1,1
物理综合题.,1,1
物理老师,1,1
物理聊城2026期末高一,1,1
物理自主招生,2,1
物理苏科版,1,1
物理西青期末高一,2,1
物理计算,8,1
物理讲义,3,1
物理试卷2026八下单元练习,1,1
物理试卷月考,2,1
物理试卷高一下期末,2,1
物理试卷高三,2,1
物理课,4,1
物理课后评价,1,1
物理质能方程,1,1
物理质量与,2,1
物理质量和密度,3,1
物理路程速度问题,1,1
物理运动,3,1
物理运动图像专题,1,1
物理运动图像专题高三,1,1
物理运动学,1,1
物理运动学三大观点,2,1
物理运动学图像专题,2,1
物理运动学复习专题,1,1
物理运动学大题,1,1
物理运动学高三复习,2,1
物理连接体,2,1
物理追及相遇,3,1
物理选b3原子,1,1
物理选修3原子,4,1
物理选修3原子结构,1,1
物理选修3原子结构知识点,1,1
物理选修一,1,1
物理选修一课本,1,1
物理选修三,6,1
物理选必二,1,1
物理选必二第五章,1,1
物理选必二第五章AB主题,1,1
物理选必二第五章AB组题,3,1
物理选择性必二专项练习,1,1
物理选择性必修三专项练习,1,1
物理速度题一轮复习高中,1,1
物理里热机效率计算公式到底写不写×100%,1,1
物理镇海,1,1
物理长度单位换算题,2,1
物理阅读理解,2,1
物理雷达,1,1
物理静电感应九年级练习题,2,1
物理静电防止与应用,2,1
物理静电防止与应用题,1,1
物理静电防止与应用题高一,1,1
物理高 考 2026高考真题,1,1
物理高一.,2,1
物理高一1下期期末,3,1
物理高一一单元,4,1
物理高一上力学,1,1
物理高一上学期第一单元,3,1
物理高一上期中河西区,2,1
物理高一上第三章,2,1
物理高一下册期末,1,1
物理高一下学期期末,2,1
物理高一下学期试卷,1,1
物理高一下学期质量水平,5,1
物理高一下期期末,1,1
物理高一下芜湖,1,1
物理高一必修一图像题,2,1
物理高一必修一第一节,1,1
物理高一期末,1,1
物理高一期末河北,2,1
物理高一牛顿第二定律练习,2,1
物理高一第一章,3,1
物理高一运动学,4,1
物理高一重要题型,3,1
物理高三,1,1
物理高三上海模拟题,1,1
物理高三模拟卷,1,1
物理高三模拟题,1,1
物理高三浙江模拟题,1,1
物理高中,1,1
物理高中2025-2026唐山统考,1,1
物理高中重点班,2,1
物理高二上质检,4,1
物理高二下五月,1,1
物理高二下期末,1,1
物理高二下期末湖南,2,1
物理高二暑假预习,4,1
物理高二期末青岛,1,1
物理高二第二学期期末考试,1,1
物理高唐,2,1
物理高考卷,1,1
物理高考卷四川,2,1
物理高考基础公式大全,2,1
物理高考大题,1,1
物理高考直线复习专题,1,1
物理高考直线复习专题训练,1,1
物理高考真题,1,1
物理高考真题汇编,2,1
物理高考真题重组,1,1
物理高考福建,1,1
物理高考运动学复习专题,5,1
物理高频考点易错题型,1,1
物理鲁科版五四制八下第七章压强第一节压强，知识点,4,1
物理鲁科版必修一,2,1
物理黄夫人讲义,2,1
物理，专题,2,1
物理，动能动量说话,1,1
物理：黑龙江 高一 力学综合测试卷,6,1
物质分类,3,1
物质分类一轮复习,3,1
物质分类与分散系,2,1
物质及其变化,2,1
物质的分,1,1
物质的分类人教版,2,1
物质的分类及转化   离子反应周测卷01,1,1
物质的分类及转化专项训练,1,1
物质的分类和转化,6,1
物质的分类基础练习,4,1
物质的分类高中,5,1
物质的分类，卷子,9,1
物质的性质与应用,1,1
物质的特性,1,1
物质的特性测试,2,1
物质的组成 分类 性质及变化,2,1
物质的组成 分类 性质及变化高考,1,1
物质的组成与构成,9,1
物质的组成与构成巩固,1,1
物质的组成与构成巩固优培,4,1
物质的组成及分类,1,1
物质的组成及分类高考一轮,2,1
物质的组成性质及分类,6,1
物质的结构,1,1
物质的量 1 一轮专题复习,3,1
物质的量 1 一轮专题复习题目,3,1
物质的量 专题复习,3,1
物质的量 人教版,2,1
物质的量综合计算,1,1
物质的量综合计算专题,3,1
物质的量计算专题,1,1
物质的量计算专题高一必修一,1,1
物质的量难题,1,1
物质的量，苏教版,1,1
物质结构,1,1
物质结构与元素周期律,3,1
物质结构与性质高中化学,4,1
物质结构元素周期律,1,1
物质鉴别,5,1
物资的组成与构成,5,1
特快专递,1,1
特殊四边形 6大模型证明题,9,1
特殊四边形几何模型与证明七题型70题,2,1
特殊四边形的综合大题,1,1
特殊平行四边形 13个题型讲练,1,1
特殊平行四边形 13个题型讲练 中考真题演练 难度分层练,1,1
特殊平行四边形中的无刻度直尺作图题,2,1
特殊平行四边形拔尖卷,2,1
特殊平行四边形的折叠问题,4,1
特殊疑问句课件,1,1
特殊的平行四边形专题练,1,1
特殊的平行四边形压轴题,2,1
特训,2,1
特长,2,1
状元成才路,1,1
状元桥,5,1
状物散文阅读理解练习题,3,1
状语从句练习,5,1
状语从句连词,9,1
状语从句高考,2,1
独上兰州,15,1
独墅湖中学小升初,2,1
独立事件,4,1
独立性检验,4,1
独立时间,1,1
狭管效应,3,1
狮峰中学,1,1
猜歌,1,1
献县一中高三模拟,1,1
玄武区一模,1,1
玄武区九年级化学,1,1
玄武区九年级化学期中,2,1
玄武区八上2024~2025期中考试卷英语,1,1
玄武区八上2024~2025期末考试卷英语,1,1
玄武区八年级下学期期末数学,2,1
玄符杯,3,1
玉城中学,1,1
玉山一中,1,1
玉山县官溪学校,2,1
玉岩中学,4,1
玉林一中,1,1
玉林北流,1,1
玉林市七年级上期中期末试卷,1,1
玉林市七年级上期中期末试卷数学,2,1
玉林市第一中学,4,1
玉林市高一期末考试,2,1
玉林高二下册期末,2,1
玉林高级,1,1
玉溪实验高中,1,1
玉溪市2024,2,1
玉溪市高二下玉溪市统测,2,1
玉溪师院附中,2,1
玉田县,1,1
玉田县2025-2026年六年级第二学期期末试卷数学,2,1
玉田县2025-2026年小升初开放试卷数学,1,1
玉田县t上期末,1,1
玉田县七上月考,6,1
玉田县七上期中,12,1
玉田县七上期末,3,1
玉田县七上第一次月考,1,1
玉田县七下期末,6,1
玉田县七止期末,1,1
玉田县九上期末,3,1
玉田县五上期末,4,1
玉田县五下期末,3,1
玉田县八上期末,1,1
玉田县六上期中,4,1
玉田县六上期末,3,1
玉田县六下期末,2,1
玉田县高一期末,3,1
玉田县高三期末,2,1
玉田县高二期末,2,1
玉田数学,2,1
玉田英语,1,1
玉田高二,1,1
王俊凯,2,1
王史,2,1
王后雄,4,1
王府,1,1
王显忠,3,1
王朝 霞,4,1
王朝 霞 试卷七下,2,1
王朝霞 202 5 2025八年级下册试卷,1,1
王朝霞2025-2026下半学年四年级模拟卷,7,1
王朝霞8年级上册英语,2,1
王朝霞一模,1,1
王朝霞一模七年级英语,1,1
王朝霞九上培优百分,1,1
王朝霞九上数学开封市,1,1
王朝霞八下河北英语人教版试卷2026春河北期末王朝霞一模试卷8,3,1
王朝霞八下河北英语人教版试卷2026春试卷8,2,1
王朝霞八下河北英语人教版试卷2026试卷8,4,1
王朝霞六下人教版数学考点10,2,1
王朝霞六年级下册,1,1
王朝霞系列丛书,2,1
王朝霞语文四年级上册,4,1
王朝霞语文四年级上册活字活练,2,1
王朝霸,3,1
王朝霸七年级下册,2,1
王朝霸七年级下册数学,3,1
王朝霸九年级上册语文各地期末试卷精选河南专版,8,1
王朝霸八年级上册语文各地期末试卷精选河南专版,14,1
王朝霸八年级下册语文各地期末试卷精选河南专版,9,1
王楚钦,1,1
王楚钦 我们又一次笑到了最后,6,1
王维,1,1
王银行,1,1
王震,2,1
玩转假期数学,4,1
玩转假期数学黑龙江,3,1
环县第一中学,2,1
环大罗山,1,1
环大罗山化学,2,1
现,1,1
现代中学,1,1
现代中学高一入学分班考,2,1
现代中学高一分班考,1,1
现代文之记叙文,2,1
现代文阅读  南宁八年级,1,1
现代文阅读 中考 南宁一模,2,1
现代文阅读专项,1,1
现代文阅读专项 八年级 广西,1,1
现代文阅读广西,1,1
现代文阅读语文,5,1
现在分词 1 作定语和宾语补足语和状语,4,1
现在分词 宾补,1,1
现在完成式 八年级练习,1,1
现在完成式时八年级练习,1,1
现在完成时,4,1
现在完成时 100道,1,1
现在完成时的练习,8,1
现在完成时真题,1,1
现在完成时练习,1,1
现在完成进行时,3,1
现在进行时 100道,1,1
现在进行时和过去进行时练习,2,1
现象描述题,1,1
珠海一中 高二下学期期末,2,1
珠海一中高一,2,1
珠海九年级历史第一学期期中考试,3,1
珠海九年级数学第一学期期中考试,4,1
珠海八上数学,2,1
珠海八下英语期末,4,1
珠海华中师大附中,1,1
珠海市,2,1
珠海市七年级上学期数学期中,2,1
珠海市七年级上学期英语期中期末,4,1
珠海市七年级上学期英语期末,1,1
珠海市七年级上学期语文期中期末,4,1
珠海市九年级英语,1,1
珠海市凤凰中学八年级上册数学,2,1
珠海市文园中学,1,1
珠海市文园中学八上物理,2,1
珠海市文园中学八年级上册数学,2,1
珠海市期末,1,1
珠海市石文园七年级下学期英语,1,1
珠海市香洲区七年级下册数学2024至2025年期末测试,1,1
珠海市香洲区七年级下册数学2025至2026年期末测试,2,1
珠海市香洲区三年级,1,1
珠海市香洲区九上数字,2,1
珠海市香洲区九上数字期中,5,1
珠海市香洲区八下物理期末,1,1
珠海市高一下学期数学期末考试试卷,4,1
珠海新世纪学校,2,1
珠海科技学院,1,1
珠海高一上期末实验学校,2,1
珠算,1,1
珺琟,3,1
球专题,2,1
球状闪电,1,1
球的切 接问题,2,1
理工,1,1
理工附中高中分班考,1,1
理想树上分卷八下物理人教版 期中综合测试卷（卷5）,1,1
理想树必刷题八下物理上分卷 卷7期中综合检测卷 人教版,1,1
理想树领航计划语文,2,1
理想的风筝江苏五年级,2,1
理科素养大赛,1,1
理综卷子,1,1
理解古诗默写,5,1
理解型默写 2026二轮总复习60篇,1,1
理解性写作。,1,1
理解性默写选择性必修下册,1,1
琢名小渔物理,1,1
琢名小鱼7月15 16联考河北承德,1,1
琢名小鱼承德市,3,1
琢名小鱼河北承德市联考语文,2,1
琴生不等式,5,1
琴生不等式与凹凸函数,1,1
琵琶行,2,1
琵琶行理解性默写,2,1
琼中,1,1
琼中八年级下册数学期末试卷,2,1
琼山中学谭文学校,1,1
琼山华侨中学高二下,2,1
琼穆岗嘎,1,1
瑞丽市2026年春季学期义务教育质量监测八年级下学期语文,2,1
瑞安中学,2,1
瑞安中学提前招,1,1
瑞昌市第一中学,3,1
瑞泉中学期末全科,4,1
璧中,1,1
瓜豆 2025专题中考压轴题,1,1
瓜豆原理直线型,1,1
瓜豆问题,2,1
瓦房店九年级英语月考。,4,1
瓦房店化学,1,1
瓦房店历史,6,1
瓦房店市实验高级中学,2,1
瓦房店市高级中学,2,1
瓦房店市高级中学高一物理,1,1
瓦房店市高级中学高一物理期末考试,5,1
瓦房店高二期末英语,1,1
瓮安,4,1
瓮安一,1,1
瓯海一高开学考试卷,2,1
瓯海一高高一开学考试卷,2,1
甘井子,1,1
甘井子 数学,1,1
甘南县第二中学,2,1
甘南州初升高升，分班考试,1,1
甘南州升学考试,6,1
甘孜州2023年学科质量监测试题八年级英语,1,1
甘孜州2025年学科质量监测试题八年级语文,1,1
甘孜州2025年高一期末州统测,1,1
甘孜州2026年,1,1
甘孜州中考,2,1
甘肃,3,1
甘肃2025 2026学年第二学期质量监测 四,2,1
甘肃2025~2026学年第二学期质量监测（三）,2,1
甘肃2025~2026学年第二学期质量监测（四）,1,1
甘肃2025高考数学,1,1
甘肃2026。化学卷子。,1,1
甘肃2026。化学卷子。高三,4,1
甘肃2026高一学业水平合格测试,2,1
甘肃七年级下册数学期末考,2,1
甘肃临夏回族自治州,3,1
甘肃临夏回族自治州2025-2026学年高一下学期7月期末质量监测考试,1,1
甘肃九年级下学期期末,3,1
甘肃五年级下学期期末,2,1
甘肃八十二中,1,1
甘肃八年级下册数学期末考,2,1
甘肃八年级下学期阶段检测,1,1
甘肃兰州,1,1
甘肃兰州一中,1,1
甘肃兰州市兰州新区片区多校联考 · 2025～2026学年度第二学期高二下学期7月期末考试A卷,2,1
甘肃兰州市某校2025-2026学年高一上学期第一次阶段考试数学试卷,2,1
甘肃化学必修一期末卷,2,1
甘肃天水武山城关镇,1,1
甘肃天水武山数学七年级,1,1
甘肃学考,1,1
甘肃定西漳县,4,1
甘肃对口语文,2,1
甘肃岷县中考2026数学,1,1
甘肃平凉市,2,1
甘肃庆阳宁县第二中学,2,1
甘肃张掖期末卷,1,1
甘肃必修二物理复习提高卷,1,1
甘肃林业职业技术大学,1,1
甘肃武威8中化学期末考试试卷,2,1
甘肃武威一中2025-2026高二下学期开学检测英语试卷,2,1
甘肃武威凉州区8中化学期末考试试卷,1,1
甘肃武威凉州区8中高一化学期末考试试卷,1,1
甘肃武威高一下学期期末物理试卷,2,1
甘肃武山县洛门,1,1
甘肃物理复赛,2,1
甘肃物理竞赛,2,1
甘肃环县一中期末,1,1
甘肃环县一中期末2025-2026,1,1
甘肃白银八年级下册数学期末考,6,1
甘肃白银市第十中学 期末,1,1
甘肃白银市第十中学 高二 下学期 期末,1,1
甘肃白银联考,3,1
甘肃省2026届高三第一次模拟考试数学试题,5,1
甘肃省2026年中考,2,1
甘肃省2026金太阳试卷,1,1
甘肃省临夏州2024~2025学年度春季高一学期期末质量监测英语,2,1
甘肃省临夏州高二下学期,2,1
甘肃省九师联盟高二,2,1
甘肃省九师联盟高二7月13日数学,2,1
甘肃省兰大附中高一上数学期中考试试卷理期中考试试卷真题,1,1
甘肃省兰州市八十八中学七年级下册语文试卷2026,1,1
甘肃省兰州市西北师大附中,1,1
甘肃省兰州新区舟曲中学,2,1
甘肃省多校,2,1
甘肃省天水市第九中学假期作业,2,1
甘肃省天水市麦积区高一全区联考期末,2,1
甘肃省定西市临洮一中中学高二期末考,1,1
甘肃省定西市安定区东方红中学高二期末考,2,1
甘肃省定西市安定区初二八下期末！2025－2026英语统考卷,1,1
甘肃省定西市安定区期末考试,7,1
甘肃省敦煌市青海油田第一中学开学考,1,1
甘肃省普通高中合格性考试标准测评卷,1,1
甘肃省普通高中合格性考试标准测评卷化学,2,1
甘肃省武威市七年级下册人教版数学期末卷,5,1
甘肃省武威市凉州区化学卷子,1,1
甘肃省武威市凉州区武威第23中学,2,1
甘肃省白银市9年级中考卷。,2,1
甘肃省白银市会宁县物理八年级期末试卷,1,1
甘肃省白银市靖远县七年级2025至2026期末考试卷金太阳出卷,3,1
甘肃省白银市靖远县联考英语,3,1
甘肃省西北师范大学附属中学2025-2026学年高一上学期期中物理试卷,2,1
甘肃省陇南市武都区2026年语文试卷期末 第二学期,2,1
甘肃省高一上数学联考期中考试试卷真题,1,1
甘肃省高三英语,2,1
甘肃省高三英语2026,1,1
甘肃联考,1,1
甘肃英语,2,1
甘肃酒泉市2025-2026学年第二学期期末考试高一考试,1,1
甘肃酒泉市2025-2026学年高二下学期7月期末考试,2,1
甘肃酒泉市肃州区2025到2026学年第二学期期末试卷八年级数学,1,1
甘肃陇南高一期末,2,1
甘肃陇南高一物理期末,1,1
甘肃高一下学期期末,1,1
甘肃高一数学第二学期期未试卷,2,1
甘肃高一语文练习册,2,1
甘肃高三下学期期末,1,1
甘肃高中学业水平考试,2,1
甘肃高中学考,1,1
甘肃高二,2,1
甘肃高二下学期阶段检测,1,1
甘肃高二联考,3,1
甘肃高考,2,1
甘肃高考数学,2,1
甘谷一中高一上数学期中考试试卷真题,2,1
甘谷一中高一数学期中考试试卷,1,1
甘谷县第一中学,1,1
甘谷县第六中学,2,1
生地 会考2026年真题试卷汕头,1,1
生地会考,2,1
生地会考吧,1,1
生地会考汕头,1,1
生地会考汕头金中南滨,1,1
生地会考海东,2,1
生地会考识图题,2,1
生字表,1,1
生态系统,1,1
生态系统能量流动计算题,5,1
生殖器,2,1
生活中的运动现象-【新课程能力培养】2025-2026学年三年级下册数学同步练习（人教版·新教材）,5,1
生源遴选,3,1
生物 0 一轮复习,6,1
生物 0 一轮复习 必修1知识点,1,1
生物 0 一轮复习 必修1知识点思维导图,2,1
生物 01 一轮复习高中新疆兵团第二中学。,1,1
生物 1必背知识清单高三,4,1
生物 1轮复习浙江,1,1
生物 一轮复习,3,1
生物 一轮复习必修一复习专题,3,1
生物 凉山州2025-2026学年度下期末考试 高一,1,1
生物 选修1浙江,4,1
生物 遗传大题专练高中,1,1
生物一模杭州,1,1
生物一轮,1,1
生物一轮复习细胞的结构和物质运输专项练,1,1
生物一轮复习细胞的结构和物质运输专项训练,2,1
生物一轮复习细胞的结构和物质运输专题,1,1
生物一轮复习细胞的结构和物质运输复习训练,1,1
生物一轮复习讲义,2,1
生物一轮复习课件,2,1
生物一轮复习资料,5,1
生物一轮背诵资料,2,1
生物七年级下册贵阳市期末考试卷南明区,2,1
生物专项训练光合呼吸作用,1,1
生物专题光合作用复习,2,1
生物专题卷,1,1
生物专题复习江苏,1,1
生物中考2026年,2,1
生物中考复习资料,1,1
生物习必修一复习专题,1,1
生物会考,2,1
生物会考 高中中学业,1,1
生物会考天津,1,1
生物光合作用和呼吸作用,1,1
生物光合作用和呼吸作用大题,1,1
生物光合作用和呼吸作用河南,1,1
生物光合作用大题,1,1
生物全程设计必修2,7,1
生物全程设计必修2第3和4和5章试卷,2,1
生物八上知识点,8,1
生物八年级上册章节,1,1
生物创新设计,2,1
生物初中会考,2,1
生物判断,3,1
生物判断题,2,1
生物南通中考,2,1
生物卷,3,1
生物卷子,2,1
生物合格 考2026年 普通高中学业水平,2,1
生物合格考,1,1
生物合格考试题,2,1
生物同步训练,2,1
生物呼吸光合高考专题,1,1
生物地理会考,1,1
生物地理会考真题,2,1
生物地理合卷中考深圳2024八年级,1,1
生物地理合卷深圳2024,1,1
生物地理合卷深圳2024八年级,2,1
生物基因在染色体上线性排列的相关习题,2,1
生物基因工程,3,1
生物复习提纲,4,1
生物复习课件,1,1
生物大一轮复习资料,2,1
生物大一轮复习资料步步高,1,1
生物大题专练,1,1
生物学 七年级上册知识点,4,1
生物学 七年级上册知识点 复习,4,1
生物学 七年级上册知识点 复习 学案,2,1
生物学 七年级上册知识点 复习 学案案,1,1
生物学 七年级上册知识点 复习 血案,1,1
生物学中考七年级上中考知识点,3,1
生物学中考七年级下 中考知识点,2,1
生物学中考七年级下中考学案复习,2,1
生物学中考七年级下知识清单,2,1
生物学呼吸光合高考专题,1,1
生物学知识点总结,2,1
生物学考知识点,3,1
生物学走进细胞知识点,1,1
生物实验,3,1
生物实验 2026复习专题实验专题,1,1
生物山东卷,4,1
生物常考考点攻破练,1,1
生物必修 2必背知识点,4,1
生物必修2,2,1
生物必修一期末测试,2,1
生物必修一步步高,1,1
生物必修一端粒学说习题,1,1
生物必修一第5章,2,1
生物必修一第一章,2,1
生物必修一第一章复习专题,1,1
生物必修一第一章复习题,1,1
生物必修一第一章章测试,2,1
生物必修一第一章章测试人教版,1,1
生物必修一第五章单元卷,2,1
生物必修一简单测试,1,1
生物必修一肚子题,1,1
生物必修三,1,1
生物必修二思维导图,3,1
生物必修二期末,2,1
生物必修二知识点,2,1
生物必修二第一章第二节,3,1
生物必修二第一章第二节新课,1,1
生物必修二遗传专题,3,1
生物必修二遗传大题相应知识点,2,1
生物必修复习,1,1
生物教材,1,1
生物教材高,1,1
生物易错点,4,1
生物有丝分裂与减数分裂,2,1
生物有丝分裂与减数分裂曲线图题目,1,1
生物有丝分裂图像,2,1
生物期末复习提纲,2,1
生物期末测试卷,1,1
生物期末高1下学期卷子,2,1
生物植物组织培养,4,1
生物植物组织培养复习,1,1
生物氨基酸计算,1,1
生物浙教版选修一第一章检测,2,1
生物浙教版选修一第二章,2,1
生物浙江2026高三,1,1
生物生活情境题,2,1
生物电子课本,3,1
生物的进化填空题,2,1
生物知识点背诵,4,1
生物知识点选修一,3,1
生物知识点高一,3,1
生物稳态与调节神经体液大题,3,1
生物竞赛2026贵州,2,1
生物竞赛2026贵州初赛,4,1
生物竞赛贵州初赛,2,1
生物竞赛遗传学,1,1
生物第一次质检,2,1
生物细胞的结构和物质运输专题训练,1,1
生物背诵,1,1
生物蛋白质计算,3,1
生物蛋白质计算必修一,4,1
生物试卷2025到2026,1,1
生物试卷七中,1,1
生物试卷安徽,1,1
生物试卷安徽合肥一中,1,1
生物试卷期中,1,1
生物试卷期中七年级上册,1,1
生物试卷期中七年级上册盐城,1,1
生物试题,1,1
生物课件,1,1
生物课件一轮复习,1,1
生物课本,1,1
生物课本初一人教,20,1
生物课本批注,3,1
生物连锁互换,1,1
生物选修1单元检测,3,1
生物选修一,1,1
生物选修一知识点总结,1,1
生物选必一,4,1
生物选必一所以知识点,2,1
生物选必修一,4,1
生物选择性必修一,8,1
生物选择性必修一专项练习,1,1
生物选择性必修一预习卷,4,1
生物选择性必修三知识点,1,1
生物遗传,3,1
生物遗传不育现象,1,1
生物遗传学,5,1
生物遗传选择,2,1
生物遗传题,5,1
生物陕西2026真考卷,1,1
生物陕西2026真考卷？,3,1
生物陕西中考,5,1
生物高一上,1,1
生物高一上1~5章测试人教版,1,1
生物高一上下学期知识点,3,1
生物高一上前两章练习,4,1
生物高一上期末卷,3,1
生物高一上第一次月考,1,1
生物高一下学期期末,1,1
生物高一下学期质量水平,1,1
生物高一下期末考试,2,1
生物高一下资料,5,1
生物高一期中考试,2,1
生物高一遗传规律专练,3,1
生物高中必修一走进细胞相关习题,4,1
生物高中知识点,3,1
生物高二下六月考,2,1
生物高考一轮复习,3,1
生物高考卷,1,1
生物高考卷山东,1,1
生物高考大题专练,1,1
生物高考山东卷,2,1
生物高考真题重组,1,1
生物高考福建卷,1,1
生物高考组成细胞的物质,4,1
生物默写小纸条,1,1
生理学基础,4,1
用字母表示,4,1
用导数研究函数的极值最值,3,1
用数轴上的点表示实数,1,1
用数轴上的点表示实数及实数的运算,5,1
用方向和距离描述路线,1,1
用方向和距离确定位置,1,1
用配方法解1元二次方程,1,1
甪直,2,1
田家炳中学汕尾,3,1
田英章,2,1
由于栖息地的损失污染和灭绝,1,1
甲种本,4,1
电,1,1
电 场 2025 高三电场一轮复习,1,1
电与电路,2,1
电偏转模型,1,1
电功电能,2,1
电势差专题,1,1
电势能和电势专题,1,1
电势资料,2,1
电化学专题复习,2,1
电化学复习,5,1
电化学方程式书写,2,1
电化学电极反应式的书写,2,1
电化学综合,2,1
电化学训练,1,1
电压和电压表,2,1
电器,2,1
电场 带电粒子在电场中的运动,2,1
电场中的图像与功能关系模型,1,1
电场力,3,1
电场受力分析,2,1
电场大题,2,1
电场强度必修三,1,1
电场的基本性质,2,1
电场磁场,2,1
电场磁场综合大题,1,1
电场粒子偏转,2,1
电场线、等势面与运动轨迹的综合问题,5,1
电场综合大题,1,1
电场，电势，电势能习题,2,1
电子 课本,5,1
电子书2024教材 人教版,1,1
电子书2024教材 人教版英语九年级,1,1
电子书2024教材 人教版英语高一,1,1
电子书数学,1,1
电子商务,1,1
电子式书写,2,1
电子版 教材 2026人教版,4,1
电子版教材,1,1
电子版教辅,3,1
电子版新课标词汇3100,2,1
电子语文书,1,1
电子课本9上历史,1,1
电子课本一年级语文上,1,1
电子课本三年级上册英语人教,2,1
电子课本教材 2026人教版,1,1
电子运动,1,1
电学公式,1,1
电学初步作图,4,1
电学压轴题,1,1
电学基础,2,1
电学复习,4,1
电学实验,2,1
电学实验专题高中,2,1
电学实验专题高二,2,1
电学实验必须熟练掌握的基本技能,2,1
电学实验测电阻,4,1
电学计算题,1,1
电学预习,2,1
电容器,5,1
电容器 充电 放电 电容器的动态分析试题,2,1
电摆习题,1,1
电极反应式的书写,1,1
电桥,1,1
电泳图谱,4,1
电流,1,1
电流单元卷,3,1
电流和函数图像,1,1
电流必修三,2,1
电流必修三习题,1,1
电流的磁场,1,1
电流表,1,1
电流计算题,1,1
电白一中 新初一入学摸底考试,1,1
电白九小,2,1
电白九年级上册化学,2,1
电白四中,4,1
电白高一,1,1
电白高一语文,1,1
电白高一语文期末,1,1
电石联盟高一下期末数学,1,1
电磁 感应1 2专题,2,1
电磁 感应1 专题单杆双杆模型,4,1
电磁 感应1 专题单杆模型,1,1
电磁作图,5,1
电磁双场,2,1
电磁大题,3,1
电磁学 2026复习专题物理计算大题,2,1
电磁学压轴题,1,1
电磁感应,4,1
电磁感应 专题单杆模型,1,1
电磁感应与电磁波初步,2,1
电磁感应专题,2,1
电磁感应中的动量和能量问题2027,3,1
电磁感应中的线框模型问题,3,1
电磁感应双杆切割,1,1
电磁感应基础,3,1
电离,1,1
电离平衡导学案,2,1
电离方程式,1,1
电离水解,1,1
电离水解图像,1,1
电离水解模考题,3,1
电能,1,1
电能 能量守恒定律河南,1,1
电荷人教版,2,1
电荷单元,2,1
电荷单元测试,1,1
电荷配套练习题,1,1
电荷量为-q的点电荷与均匀带电圆形薄板相距2d，点电荷到带电薄板的垂线通过板的几何中心，垂线上的a、b两点关于薄板对称，到薄板的距离都是d。若图中a点的电场强度为零，则b点的电场强度大小和方向分别为,1,1
电荷高一,2,1
电表,2,1
电表偏角问题,2,1
电表偏转问题,2,1
电解池的应用,8,1
电解质 非电解质的判断,1,1
电解质与电离方程式,4,1
电解质及其电离题型,2,1
电解质图像,1,1
电解质的电离,3,1
电解质的电离试卷,2,1
电负性,5,1
电路 闭合电路欧姆定律,4,1
电路专项,1,1
电路中的能量转化,1,1
电路作图专项,2,1
电路及其应用,1,1
电路及其应用单元测试卷,2,1
电路图 串并区分练习,1,1
电路图与实物图,1,1
电路图与实物图互化 专项,1,1
电路图专项,2,1
电路图串联并联区分练习,2,1
电路图连接,6,1
电路培优,1,1
电路基础题,7,1
电路故障 北京,2,1
电路故障分析,2,1
电路断路短路,5,1
电路断路通路,1,1
电路画图,1,1
电路的构成,1,1
电路的组成和连接方式,1,1
电路的连接习题,4,1
电路的连接方式,2,1
电路综合压轴（加杠杆）,1,1
电路连接,1,1
电路连接的基本方式,1,1
电路高考,2,1
电阻器,4,1
画眉鸟与画眉禽,1,1
界首一中,2,1
番禺京师奥园南奥实验九上数学,2,1
番禺六下期末数学,1,1
番禺六下期末语文,3,1
番禺区广铁一中,2,1
番禺区期末高一上,1,1
番禺区期末高一上英语,1,1
番禺区期末高一下,1,1
番禺区期末高一下高一,2,1
番禺区部分校高二上学期教学质量检测政治,2,1
番禺区部分校高二上学期教学质量检测数学,3,1
番禺区高一下学期教学质量检测物理,2,1
番禺区高一下学期教学质量检测英语,2,1
番禺区高一第二学期物理期末考试,1,1
番禺区高二上学期教学质量检测数学,3,1
疏勒县,2,1
病句 练习 2026复习高考,2,1
病句中考复习,2,1
病句修改笔记,1,1
病句类型习题,2,1
病句辨析,2,1
病句题,1,1
癌,1,1
登泰山记,1,1
白云,1,1
白云区2023年到2024年九年级上册期末,1,1
白云区三年级下册期末考试试卷,4,1
白云区期末2026,1,1
白城2026年八年级语文下学期期末测试,1,1
白城市2026年八年级语文下学期期末测试,1,1
白城市实验高级中学,1,1
白城市通榆县2025~2026学年度七年级第一学期期末测试试卷,2,1
白城市通榆县2025~2026学年度七年级第一学期英语期末测试试卷,1,1
白城市通榆县2025~2026学年度高一年级第一学期语文期末测试试卷,1,1
白城毓才,2,1
白塔,1,1
白山二中,1,1
白山市第二中学,1,1
白强中学,1,1
白梓萌,2,1
白蒲高中,2,1
白银巿第五中学八年级下册数学月考,2,1
白银市2025到20267年级第二学期期末检测卷数学,1,1
白银市2026至2027学年度第一学期八年级期末考试历史卷子,1,1
白银市七年级下册第二学期2025-2026期末生物考试卷,2,1
白银市七年级下册第二学期2025-2026期末英语考试卷,3,1
白银市平川一年级下册语文期末考试,2,1
白银市第一中学期末考试成绩,4,1
白雪猪头,4,1
白马湖,1,1
百事通,1,1
百分位数,2,1
百分数,2,1
百华实验中学,1,1
百华实验中学期末,1,1
百子菁英S6,1,1
百家争鸣,3,1
百师联盟2025-2026学年度高三9月调研考试英语,2,1
百师联盟物理试卷,1,1
百师联盟英语2025-2026九月调研,3,1
百师联盟英语2025-2026高三九月调研,2,1
百师联盟英语高三2025-2026九月调研,1,1
百师联盟英语高三9月,1,1
百师联盟英语高三九月调研,1,1
百师联盟英语高三山东,2,1
百师联盟高二,2,1
百师联考,2,1
百年大党 风华正茂,1,1
百年大党风华正茂。九上道法练习题,4,1
百度,1,1
百强中学,1,1
百强县,1,1
百强名校好题,4,1
百校联盟,1,1
百汇大课堂物理暑假作业,3,1
百汇大课堂高二英语暑假作业,1,1
百汇大课堂高考复习,2,1
百泉小学,1,1
百色全市通用初升高分班卷,3,1
百词斩语法专项,5,1
百问百答,13,1
的8,1,1
皇冠中学,4,1
皇姑二模,2,1
皇姑区,1,1
皇姑区2026-2026期末试卷七年级下册地理,1,1
皇姑区期中试卷八年级上册语文,1,1
皇姑区期末,3,1
皇姑区英语,2,1
皖南八校2025届高三8月摸底大联考 皖南八校2024届高三开学摸底联考,8,1
皖南八校摸底,1,1
皖智 1号卷 七年级质量评估(八)试卷2026,1,1
皖智 1号卷2025 2026七年级检测(四)b含答题卡,1,1
皖智 1号卷2025 2026七年级质量评估(八)试卷,2,1
皖智 安徽第一卷,2,1
皖江名校联盟,2,1
皖芜湖市,2,1
皖芜湖市 沈卷中学 区域地理复习卷,1,1
皖芜湖市 沈巷中学 区域地理复习卷,1,1
皖芜湖市沈巷中学2025-2026高二下《区域地理》复习卷,7,1
皖芜湖市沈巷中学2025-2026高二下区域地理复习卷,1,1
盈亏问题,1,1
盈亏问题 奥数三年级,2,1
盈亏问题简单,1,1
盈江县民族完全中学2026学年高一期末考语文试卷,2,1
盈江县民族完全中学高一期末考语文试卷,4,1
益中学校2025-2026-2 八年级阶段性学情调研数学学科,1,1
益阳一中,15,1
益阳南县,1,1
益阳市一中,1,1
益阳市桃江县,3,1
益阳市桃江县七年级生物学期末测试卷,1,1
益阳市第一中学,2,1
益阳市赫山区,2,1
益阳赫山区梓山湖中学,4,1
益阳赫山区梓山湖中学八年级,1,1
益阳高三7月,1,1
盐中,1,1
盐城2024生物中考,1,1
盐城2026生物中考,3,1
盐城一中,1,1
盐城七上数学,1,1
盐城七上数学期末,4,1
盐城七上数学期末试卷,2,1
盐城七校,1,1
盐城七校联考,1,1
盐城七校联考物理,4,1
盐城中学高一月考,2,1
盐城中考2007,1,1
盐城中考2025,1,1
盐城九上,2,1
盐城九上10月月考,1,1
盐城九上10月月考物理,1,1
盐城九上期中,2,1
盐城九上期中物理,1,1
盐城二模,1,1
盐城二模数学,2,1
盐城五校联盟英语,2,1
盐城五校联盟英语高三,1,1
盐城五校联盟英语高二,1,1
盐城初中毕业合格性模拟卷,1,1
盐城初中毕业合格性模拟卷全科,1,1
盐城初中毕业性合格模拟卷全科,3,1
盐城响水2025中考试卷,1,1
盐城四年级英语试卷,2,1
盐城外国语,1,1
盐城市2007年高中阶段教育招生统一考试,1,1
盐城市2026年高一年级期末,1,1
盐城市九上9月,1,1
盐城市南京市2023~2024学年度第一学期期末调研测试,1,1
盐城市响水县向阳中学,10,1
盐城市小升初分班考试题目,2,1
盐城市康居路初中,2,1
盐城市文峰中学,1,1
盐城市新都路,2,1
盐城市田家炳中学,3,1
盐城市第2024年到2025年初一下学期地理期末统考,1,1
盐城市统考高一,1,1
盐城市统考高二,3,1
盐城市鹿鸣小升初数学试卷,1,1
盐城市鹿鸣路,2,1
盐城新东方七升八英语入学测试卷 满分50 无作文,3,1
盐城景山本部七年级,1,1
盐城期末,2,1
盐城期末市联考,2,1
盐城联考地理,1,1
盐城联考数学,2,1
盐城联考物理,1,1
盐城连校高一上学期化学期中考试,1,1
盐城高三开学,1,1
盐山,1,1
盐山中学,2,1
盐池中学,2,1
盐湖,1,1
盐田,1,1
盐田中学高一下,1,1
盐田区2025八年级下册期末数学,5,1
盐田高级中学高一下,14,1
盐类的水解,4,1
盐道街分班考,2,1
盐道街高一,2,1
盖尾中学,3,1
盖州三年级下语文,1,1
盖州三级下数学,3,1
盖斯定律ppt,1,1
盘山县高级中学,1,1
盘州市2024至2025学年度第二学期期末5年级下试卷语文,2,1
盘州市八年级,1,1
盘州市期末,2,1
盘州市第一中学,3,1
盘锦中北,1,1
盘锦市兴隆台区,2,1
盘锦市兴隆台区辽河中学,2,1
盘锦市兴隆台辽河中学七年级上册数学期末卷,1,1
盘锦市双台子区第一中学,2,1
盘锦市双台子区第一中学英语竞赛,1,1
盘锦市实验中学2026期末数学,1,1
盘锦市育才学校,3,1
盘锦市高二期末联考卷,2,1
盘锦新兴逸夫中学,2,1
盘锦辽油一高分班考试,3,1
盘龙区七年级下学期期末语文,3,1
盱眙二高,2,1
盱眙第二高级中学,2,1
盲填8下,2,1
盲盒，黑盒以及错误,3,1
直击双1流?名校名卷清北卷,4,1
直击高考,1,1
直接计算 化简求值,2,1
直播,3,1
直线 与圆2026一轮专题复习,2,1
直线 与圆20类题型汇总,4,1
直线与圆单元,2,1
直线与圆培优,1,1
直线与圆的方程拓展题型,1,1
直线与圆综合,4,1
直线与圆题型,2,1
直线与方程,1,1
直线与直线的位置关系,2,1
直线与直线的位置关系中职,1,1
直线交点距离,2,1
直线含参方程过象限问题,2,1
直线和圆专题,2,1
直线和圆单元卷,1,1
直线和圆单元卷。,1,1
直线和圆单元卷高中数学,1,1
直线和圆压轴题,4,1
直线和圆的位置关系,4,1
直线和圆的方程,16,1
直线和圆的方程习题,1,1
直线斜率的综合应用,1,1
直线的,1,1
直线的一般式方程,2,1
直线的交点坐标与距离公式,2,1
直线的倾斜角与斜率,2,1
直线的倾斜角和斜率,11,1
直线运动,1,1
直线运动一轮复习,5,1
直线运动练习题,7,1
直线运动综合练习试卷,3,1
直线预习,4,1
直线，高中学,2,1
直角三角形的边角关系 学案,2,1
直角三角形的边角关系北师大预习,1,1
直角数学冀教版 讲义,1,1
直角距离,5,1
相互作用一轮复习,3,1
相互作用一轮复习专题,3,1
相互作用与力的平衡,1,1
相交线与平行线,2,1
相交线，平行线与平移奥数试卷,2,1
相似 025 一轮 专题,1,1
相似 025 一轮 专题 习题,1,1
相似 三角形题,2,1
相似三角形A字,2,1
相似三角形专题,2,1
相似三角形判定,2,1
相似三角形单元,7,1
相似三角形压轴题难题,2,1
相似三角形拔尖卷,1,1
相似三角形提高,1,1
相似三角形求线段,3,1
相似三角形测高,2,1
相似三角形的判定,11,1
相似三角形练习,3,1
相似三角形试卷,1,1
相似三角形难题,3,1
相似单词,2,1
相似多边形,2,1
相反数和绝对值专项训练。,4,1
相城,1,1
相城区,2,1
相城区 2025 2026 八年级 期末,2,1
相对运动,1,1
省,1,1
省二高新,1,1
省五校,2,1
省前中2027届 高一第二学期期末考试数学,2,1
省宜宾市2026年初二数学试卷,1,1
省实26年高二联考,2,1
省实验2025-2056,2,1
省实验中学,2,1
省实验初中,1,1
省实验开学考,1,1
省实验永志书院测试,1,1
省实验生物高三上,1,1
省实验高一上月考数学,1,1
省实验高一上月考物理,2,1
省实验高一下学期期末物理,4,1
省实验高一下期末,1,1
省实验高三,1,1
省实验高三上,2,1
省实验高三开学第一次考化学,1,1
省实验高二下期中物理试卷,1,1
省扬高级,1,1
省泰中,1,1
省略句句语法填空100道,1,1
省联考,2,1
省重点刷题卷,1,1
省重点黑龙江,1,1
省锡中高一英语10月阶段性练习,1,1
省靖中,1,1
省靖中期中,3,1
眉山中学分班考试试卷,3,1
眉山中学初高分班考试试卷,1,1
眉山中学高一10月数学,2,1
眉山初二试卷,1,1
眉山市 2025 2026学年 高二 下期期末教学质量监测,2,1
眉山市东坡区2024年数学中考试卷。,3,1
眉山市东坡区2024年物理中考试卷。,2,1
眉山市仁寿县九年级上册数学月考卷,2,1
眉山市仁寿县物理中考题,6,1
眉山市初三中考,2,1
眉山市初二,2,1
眉山市初高衔接试卷,1,1
眉山市清华附中初阶入学考试,2,1
眉山期末考试初二,3,1
眉山苏祠中学,3,1
眉山高2028届第二学期期末教学质量检测数学试题卷,1,1
眉山高一下期末物理,1,1
眉山高一下期末语文,2,1
看图 写画,1,1
看图 写画202 5二年级上册,1,1
看图 写画2026二年级下册专题,2,1
看图 写话 二年级上册,1,1
看音标写单词,4,1
看音标写单词怎么学,1,1
真人答疑,1,1
真光,1,1
真光高二下,2,1
真唐小侠,1,1
真理中学,1,1
真题 听力,1,1
真题 汇编10年真题,1,1
真题 汇编10年真题重组,1,1
真题分类汇编数学,1,1
真题卷2026一卷,1,1
真题卷英语,1,1
真题卷高考,2,1
真题圈八上英语,1,1
真题圈八下英语,1,1
真题圈八年级下册2022年天府新区试卷,3,1
真题模拟百校联盟练习册高一下英语,1,1
真题试卷含答题卡,1,1
睢宁,1,1
睢宁新世纪分班考试卷,1,1
睢阳区大王楼民生学校,1,1
睢阳区民生学校,1,1
矢量性,3,1
知数杯,1,1
知识,1,1
知识回顾清单,1,1
知识复习,3,1
知识导图,1,1
知识梳理,4,1
知识清单 数学三年级上册北师大版,2,1
知识清单 数学五年级上册北师大版,6,1
知识清单 数学五年级下册人教版,3,1
知识清单 数学北师大版,13,1
知识清单 数学北师大版三年级上册,1,1
知识清单化学高考一轮复习,2,1
知识点 背诵版,3,1
知识点一轮,2,1
知识点化学高一,4,1
知识点复习,3,1
知识点总结,9,1
知识点政治,1,1
知识点整理,3,1
知识点汇总贵州,1,1
知识点物理八年级上册,1,1
知识点物理八年级上册苏科版,1,1
知识点物理八年级上册苏科版全册,2,1
知识点物理八年级下册苏科版全册,1,1
知识点背诵清单,1,1
知识要点,1,1
知识默写清单,2,1
矩形,1,1
矩形的判定基础题,3,1
矩形菱形与正方形培优卷,6,1
短文二篇,1,1
短文填空专项练习,1,1
短文填空专项练习中考,2,1
短文填空专项练习中考  免费,2,1
短文填空专项练习九年级,1,1
短文选择填空英语中考,1,1
短歌行 024理解性默写,1,1
短歌行 理解性默写,1,1
短语&句式,3,1
短语类型,1,1
短路,2,1
短路物理,2,1
石一中2025-2026九年级上化学第一次月考卷,4,1
石光七年级数学卷子,2,1
石嘴山市三中,2,1
石嘴山市第一中学,2,1
石嘴山市第三中学,1,1
石培军,3,1
石室天府,1,1
石室联中分班考试,1,1
石室西区,2,1
石室锦城湖,2,1
石室锦官,2,1
石家庄2025 2026高二下第二学期期末考试,1,1
石家庄2025高三一模,1,1
石家庄2026届普通高中学校毕业年级教学质量检测摸底检测英语,2,1
石家庄2026桥西区高二下期末考试,1,1
石家庄2026高二下期末考试,2,1
石家庄40中七年级分班考,2,1
石家庄48中七年级上学期中考试卷,1,1
石家庄一模,1,1
石家庄九中,6,1
石家庄二中 英语,4,1
石家庄二中2026高一下期末物理,2,1
石家庄二中化学,2,1
石家庄二中教育集团高二上学期中考试数学试卷,2,1
石家庄二中教育集团高二上学期期末考试数学试卷,6,1
石家庄二中教育集团高二上学期第二次月考考试数学试卷,1,1
石家庄二中教育集团高二第二次月考考试数学试卷,1,1
石家庄二中自主招生2026试卷,1,1
石家庄二中高一下学期期末,1,1
石家庄二中高二第二次月考考试数学试卷,1,1
石家庄初一入学分班卷,3,1
石家庄四十一,1,1
石家庄四十三,2,1
石家庄四十中,1,1
石家庄小升初真题试卷,1,1
石家庄市,1,1
石家庄市2025 2026二年级第二学期期末考试高二年级,2,1
石家庄市2025-2026学年度第二学期期末教学检测高二,3,1
石家庄市2025届普通高中学校毕业年级教学质量摸底检测,2,1
石家庄市2026-2027学年度第二学期期末教学检测高二,1,1
石家庄市2026期末高一下数学试卷,1,1
石家庄市23中。八下期末卷数学,1,1
石家庄市40中学八上物理,1,1
石家庄市一模,1,1
石家庄市中2026年高一上学期期中考试数学卷,1,1
石家庄市九中,2,1
石家庄市四十中学2025-2026八上期中物理,1,1
石家庄市外国语,2,1
石家庄市外国语教育集团,3,1
石家庄市新华区,7,1
石家庄市新华区第42中学七年级上册月考,3,1
石家庄市新华区第42中学初一摸底考,1,1
石家庄市新华区第43中学,3,1
石家庄市新华区第43中学七年级上册月考,1,1
石家庄市新华区第43中学摸底考,1,1
石家庄市桥西区十七中,1,1
石家庄市第17中学2024~2025学年第一学期初一年级期末英语试卷,1,1
石家庄市第17中学2024~2025学年第二学期初一年级期末语文试卷,3,1
石家庄市第42中学七年级上册月考,1,1
石家庄市第43中,1,1
石家庄市第一中学2024-2025学年高一第二学期期末考试数学试卷,3,1
石家庄市第九中学,1,1
石家庄市第二中学高一化学,2,1
石家庄市第二十三中学,2,1
石家庄市第四十中学,1,1
石家庄市裕华区,2,1
石家庄市长安区,2,1
石家庄市鹿泉区,2,1
石家庄新华区七上期末地理期末2023,1,1
石家庄新华区七上期末地理期末2024,1,1
石家庄新华区七上期末数学,1,1
石家庄新华区七上生物,1,1
石家庄新华区八上,2,1
石家庄新华区八上语文,1,1
石家庄新高一上入学摸底卷,1,1
石家庄新高一入学摸底卷,6,1
石家庄期中,1,1
石家庄期末,1,1
石家庄桥西区三下数学冀教版期末真题卷,4,1
石家庄桥西区五下数学冀教版期末真题卷,1,1
石家庄正定,1,1
石家庄润德,1,1
石家庄第一中学2024至2025学年高一第二学期期末考试地理试卷,2,1
石家庄第二中学,1,1
石家庄第二实验,1,1
石家庄第四十,5,1
石家庄第四十中,2,1
石家庄精英,3,1
石家庄裕华区初一第一学期英语期末,2,1
石家庄裕华区初一第一学期英语期末含听力,2,1
石家庄高一下学期化学期末试卷,1,1
石家庄高一期末语文,2,1
石家庄高中开学考,1,1
石市新华区七下2024-2025历史期末试卷,4,1
石市新华区七下2024-2025道德与法治期末试卷,2,1
石景山 数学期末,1,1
石景山数学 2025,2,1
石河子,2,1
石河子一中,1,1
石河子一中期末,5,1
石河子高级中学,2,1
石油小学,1,1
石狮,1,1
石狮八年级,1,1
石狮市,2,1
石狮市2025 2026学年第二学期期末选用试卷,1,1
石狮市后垵学校入学考,3,1
石狮市第一中学,1,1
石狮数学统考,1,1
石钟山记理解性默写,2,1
石门一中数学,1,1
石门一中高一期中物理,2,1
石门中学高一,1,1
石门中学高一暑假作业,1,1
石门中学高一第二次月测,2,1
石门中学高一第二次月测语文,1,1
石门中学高三第一次月考,8,1
石门高级中学高三第一次月考,4,1
石首文昌小学,2,1
石龙,2,1
矿高,1,1
砀山县周寨中学,2,1
砀山县第五中学,1,1
砒砂岩,1,1
研究生考研卷,1,1
砺青中学,1,1
硚口,4,1
硚口区7月起点考,6,1
硚口区八年级下册数学2024期末试卷,1,1
硫,1,1
硫一轮复习专题,2,1
硫及其化合物的压轴大体,3,1
硫酸浓度大于5mol/L时，碲元素的浸取率下降的原因,2,1
硬笔书法,4,1
确定位置6年级上人教版,2,1
确山县,2,1
确山县小升初,2,1
碧华实验学校,2,1
碰撞问题、类碰撞问题,3,1
碰撞问题和能量问题,4,1
碱基计算,1,1
碳中和,1,1
磁 场 2025复习,1,1
磁 场 2025复习 一轮题型,2,1
磁场 磁感线,1,1
磁场好题汇编,1,1
磁场高考物理真题汇编,2,1
磁灶中学,2,1
示儿,1,1
示波器 动画演示,1,1
示波器工作原理及题型,1,1
示范课,1,1
社会 达标卷,1,1
社旗县第二小学一年级试卷2025数学真题,1,1
社旗县第二小学幼升小试卷2025数学真题,1,1
社旗县第二小学幼升小试卷2025真题,2,1
社旗县第二高级中学,1,1
祁东县2026年上学期,1,1
祁东县第一中学,2,1
祁东县第二中学,1,1
祁东县联考,2,1
祁东县育贤中学,10,1
祁东县高一下学期期末考试,2,1
祁东县高中期末考试,1,1
祁阳,1,1
祁阳 九年级中考一模,1,1
祁阳一中,13,1
祁阳一中2026年高二期末考试,1,1
祁阳一中沃土,1,1
祁阳中考一模统考,1,1
祁阳哈弗,1,1
祁阳哈弗招生试卷,5,1
祁阳市2026年上学期八下数学期末试卷,1,1
祁阳市2026年八年级,3,1
祁阳市中考适应性检测,1,1
祁阳高一分班考,4,1
神奇小猪数学讲义,2,1
神奇的透镜,1,1
神奇的透镜测试卷,2,1
神州智达,2,1
神木市三年级英语期未卷,1,1
祥符区一中,1,1
祥符区四高,1,1
禀赋班,1,1
禀赋班数学,2,1
禄丰市三年级下册英语,1,1
禅城区,1,1
禅城区2026年七年级期末数学试卷,2,1
禅城区期末,2,1
福九,1,1
福九联盟 2025高二下学期期末,2,1
福九联盟2024 2025,2,1
福九联盟2025-2026高二下期末生,2,1
福九联盟2025?2026学年高二第二学期期末适应性练习 英语,1,1
福九联盟2026期末,2,1
福九联盟25 26高二下学期期末,1,1
福九联盟化学,1,1
福九联盟高一上期中考试化学,2,1
福九联盟高一上期中考试数学,2,1
福九联盟高一期末,1,1
福九联盟高一期末物理,2,1
福宁古,3,1
福宁古五校2023-2024高二上学期期末质量检测数学试卷,3,1
福宁古五校2025-2026高二上学期期末质量检测数学试卷,4,1
福宁古五校教学联合体高三,6,1
福宁古五校教学联合体高三下学期,1,1
福州 02 026 5月质检,2,1
福州2025-2026八年级语文期末,2,1
福州2025期末数学九年级上册期中数学,1,1
福州2025期末数学九年级上册期末数学,2,1
福州一中   考试,1,1
福州一中 2024 2025高一下期末考试试卷,2,1
福州一中 2025 2026,2,1
福州一中 2025 2026高三下数学,1,1
福州一中 2025 2026高三下物理期末,1,1
福州一中 2025 2026高三数学期末,1,1
福州一中 2025 2026高三英语期末,1,1
福州一中 2025 2026高二上数学期末,2,1
福州一中 2025 2026高二上物理期末,3,1
福州一中 2025 2026高二上英语期末,1,1
福州一中 2025 2026高二下数学期末,2,1
福州一中 2025 2026高二下物理期末,5,1
福州一中 2025 2026高二下英语期末,1,1
福州一中 2025 2026高二物理期末,1,1
福州一中 九校 联考,1,1
福州一中 九校 高一  联考,1,1
福州一中 期末,1,1
福州一中 期末 数学,2,1
福州一中 联考,1,1
福州一中 英语,2,1
福州一中 英语 高三,1,1
福州一中 高一   考试,1,1
福州一中 高一 联考,3,1
福州一中2024 2025高一下学期各科期末试卷,4,1
福州一中八下数学期末,2,1
福州一中初二期末,1,1
福州一中数学,1,1
福州一中月考,2,1
福州一中期末,1,1
福州一中自主招生考试试卷,1,1
福州一中高一,1,1
福州一中高一上物理,2,1
福州一中高一上英语,3,1
福州一中高一数学,4,1
福州一中高一英语月考,1,1
福州一中高三地理,2,1
福州一模,2,1
福州三中 英语 高三,1,1
福州三中2023-2024,1,1
福州三中数学,1,1
福州三中高一下化学,1,1
福州三中高一下化学2023-2024,1,1
福州三中高一入门考,1,1
福州三中高二下期末考,1,1
福州中考,1,1
福州中考数学试卷,3,1
福州九上延安,1,1
福州九上开学考,12,1
福州九上开学考十九中,1,1
福州九上数学开门考,2,1
福州九上期中考,1,1
福州九上期中考延安,1,1
福州九上福州市延安中学,1,1
福州九上第一次月考,1,1
福州九上第一次月考数学,3,1
福州九年级物理期中考,1,1
福州九校,1,1
福州九校 八年级上学期物理,2,1
福州九校 物理,1,1
福州九校联盟,1,1
福州九校联考高一,2,1
福州九校联考高一英语,1,1
福州二中高二下,2,1
福州二模,1,1
福州五年级下学期期末语文,8,1
福州五月质检,2,1
福州仓山新生入学摸底考,1,1
福州八下数学期末,2,1
福州八下英语期末,1,1
福州八中九上开门数学考,2,1
福州八县一中地理高二下,1,1
福州八县一中物理高二下,1,1
福州八县协作校2024-2025高二下,1,1
福州初二,2,1
福州十九中2025 2026,1,1
福州十六中,1,1
福州台江区八上期中英语统考试卷,1,1
福州四年級 2025 2026年下学期期末英语,2,1
福州四检2024,2,1
福州外国语高二下期末,1,1
福州屏东中学2024-2025学年第二学期七年级英语期末模拟练习,4,1
福州屏东中学八下英语期末,1,1
福州山海联盟高一下学期语文试卷,2,1
福州市2024-2025学年高三化学第二次质量检测,1,1
福州市2024-2025学年高三生物第二次质量检测,1,1
福州市2024-2025学年高三第二次质量检测,5,1
福州市8月开学考高三,2,1
福州市一模,2,1
福州市七年级下九校联考,2,1
福州市九年 半期,1,1
福州市九年级上册半期考,2,1
福州市八上期中地理,1,1
福州市八上期末地理,1,1
福州市八县市协作校2024至2025学年第二学期期末联考,2,1
福州市台江区四年级下册期末试卷,2,1
福州市市一检,1,1
福州市平潭岚华中学,2,1
福州市数学,2,1
福州市数学九年级上册,1,1
福州市福九联盟,1,1
福州市第一中学,2,1
福州市第一次质检,2,1
福州市长乐区24年语文学考卷,2,1
福州市闽侯县八上期末地理,1,1
福州市高三4月质检,1,1
福州市高三8月质检数学,1,1
福州市高三8月质检数学卷子,1,1
福州市高三一模卷子,2,1
福州市高三年第三次质量检测,2,1
福州市高三年级,1,1
福州市高三年级第一次质量检测,2,1
福州市高三数学一模,1,1
福州市高三第一次质量检测,1,1
福州市高三英语质量检测,1,1
福州市高三语文第1次质量检测考试,2,1
福州市高级中学,2,1
福州市鼓楼区七年级上册数学9月份单元试卷,1,1
福州市鼓楼区七年级上册数学单元试卷,1,1
福州市鼓楼区七年级上册数学试卷,1,1
福州市鼓楼区七年级上册语文试卷,3,1
福州市鼓楼区高一下学期期末考试,1,1
福州延安中学2024-2025学年第二学期期末考,1,1
福州延安八年级上测各科卷子,1,1
福州延安卷初一下学期期末考试卷,1,1
福州新生入学摸底考,2,1
福州期中,1,1
福州格致中学,3,1
福州现代中学,1,1
福州现代中学入学,1,1
福州现代中学入学考试,1,1
福州现代中学小升初,1,1
福州福九联盟 高一 期中/期末,3,1
福州福九联盟 高一 期末,1,1
福州福九联盟地理高二下,1,1
福州福就联盟高一数学期末,1,1
福州福建,2,1
福州第一中学,3,1
福州第一中学2024-2025学年初三第一学段数学测试,1,1
福州第一中学2024-2025学年第一学段数学测试,1,1
福州第三中学高三下第十六次质量检测,1,1
福州第三中学高三下第十六次质量检测数学,1,1
福州第八中学,2,1
福州第十一中学,5,1
福州第十九中学七下英语期末答案,2,1
福州质检,1,1
福州质检三月,2,1
福州金山中学,1,1
福州闽侯初一分班考,1,1
福州闽侯县七年级上册语文期中试卷,3,1
福州闽侯小升初,1,1
福州闽侯小升初分班考,1,1
福州闽侯新生入学摸底考,1,1
福州闽侯新生分班考试,3,1
福州高一上第一次月考英语,1,1
福州高一上英语,6,1
福州高一政治期末考试试卷,1,1
福州高一数学期末,1,1
福州高一第一次月考,2,1
福州高三8月份一检,1,1
福州高三8月统考,1,1
福州高三8月质检英语,2,1
福州高三上学期,1,1
福州高三上学期，期初测试,2,1
福州高三英语,1,1
福州高三英语。第1次质量检测,2,1
福州高中化学8月份质量检测,1,1
福州高中化学一检,1,1
福州高中英语,1,1
福州高二上地理月考,1,1
福州高二上政治月考,1,1
福州高二下数学期末考试,3,1
福州高二下期末,1,1
福州高二下期末化学,1,1
福州高二下物理期末考试,3,1
福州高二期末化学,1,1
福州高二期末化学闽江涵雅,2,1
福州高级中学,1,1
福建 八年级上册 物理,3,1
福建 八年级下册 月考 物理,1,1
福建 八年级下册 期中 物理,1,1
福建 八年级下册 物理,2,1
福建2022高考物理,2,1
福建2025语文中考,1,1
福建2025高三开学考语文,2,1
福建2026会考英语,4,1
福建2026数学中考卷,7,1
福建一检,5,1
福建一模,1,1
福建七地市联考,1,1
福建七年级上学期期中,1,1
福建七年级上学期期末,1,1
福建七年级下册数学人教,1,1
福建七年级下册数学人教专项,2,1
福建七年级下学期期末,1,1
福建三年级下学期阶段检测,1,1
福建三明高二,1,1
福建三明高二下期末考卷,8,1
福建专版英语八上期中模拟卷,2,1
福建专版英语八上期中模拟卷01,1,1
福建专用,1,1
福建中医药大学,1,1
福建中考体育,4,1
福建中考历史,3,1
福建中考数学,1,1
福建中考英语,8,1
福建中考英语真题,1,1
福建中考语文卷子,4,1
福建中考语文阅读理解,1,1
福建中考语文阅读理解真题,2,1
福建九上化学月考,1,1
福建九上物理期末试卷,1,1
福建九下物理期末试卷,5,1
福建九年级上学期期末,1,1
福建九年级上学期阶段检测,2,1
福建二检,1,1
福建会考英语,1,1
福建会考语文,4,1
福建八下仁爱单词,2,1
福建八下仁爱表,2,1
福建八下物理期末试卷,16,1
福建初三政治厦门,1,1
福建初二上册语文期末考试卷,1,1
福建初二上册语文期末试卷,1,1
福建初二上册语文试卷,3,1
福建化学人教选择性必修一,1,1
福建化学学考复习资料,1,1
福建南平邵武一中,3,1
福建卷,1,1
福建卷期末测评卷2025至2026学年八年级英语下学期仁爱科普版,1,1
福建厦门2年级下期末数学,1,1
福建厦门八上数学卷,5,1
福建厦门双十中学,2,1
福建厦门市2024~2025第二学期质量检测高二,1,1
福建厦门第一中学,3,1
福建厦门高一下数学期末,1,1
福建厦门高二市统考,4,1
福建四年级上学期阶段检测,1,1
福建四年级下学期阶段检测,2,1
福建四月质检,4,1
福建四月质检英语,1,1
福建地理学考,1,1
福建夏门2025一模生物,1,1
福建宁德七年级下学期期末  道法,4,1
福建宁德市2025-2026学年度第一学期期末高二质量检测英语试题,2,1
福建宁德市高二下期末考,1,1
福建师大附中,1,1
福建师大附中 英语,1,1
福建师大附中 高二,1,1
福建师大附中2025-2026学年下学期期末,1,1
福建师大附中2025-2026期末化学,1,1
福建师大附中期末考,1,1
福建师范大学附属中学,2,1
福建师范大学附属福清德旺中学,3,1
福建建阳九上化学月考,2,1
福建建阳九上化学期中,2,1
福建开学摸底联合,1,1
福建政治,1,1
福建政治高考,3,1
福建教育出版社,1,1
福建数学,1,1
福建数学中考,4,1
福建晋江八年级下学期期末,1,1
福建晋江子江八年级下学期期末,1,1
福建期末语文,1,1
福建沙县,1,1
福建沙县三中,2,1
福建泉州五中2026学年高一上册是英语,1,1
福建泉州市永春第一中学,1,1
福建泉州市永春第一中学2024年届高三最后一卷数学试卷,1,1
福建泉州晋江,2,1
福建泉州福师大附属中学,1,1
福建泉州福师大附属中学入学考试,1,1
福建泉州第五中学,4,1
福建泉州高一下期末质检试卷,2,1
福建泉州高一入学测试,2,1
福建泉州高二下学期期末考,1,1
福建泉州高二市统考,1,1
福建漳州市2025至2026期末物理试卷,2,1
福建漳州市2025至2026期末英语试卷,4,1
福建漳州市2025至2026，期末生物试卷,6,1
福建漳州市学考化学,1,1
福建物理开门看,1,1
福建物理开门考,2,1
福建物理开门考高三,1,1
福建物理必修一练习,1,1
福建物理高一上期末,2,1
福建生物高三,1,1
福建用的仁爱版七年级英语上册单词表,3,1
福建百校联考,1,1
福建百校联考，英语,2,1
福建省,1,1
福建省2024年6月学业水平考试数学,1,1
福建省2025年物理中考,2,1
福建省2026届高中毕业班4月适应性练习,1,1
福建省2026届高中毕业班4月适应性练习英语,1,1
福建省2026年6月学业水平考试化学,1,1
福建省2026年语文中考,1,1
福建省2026物理高考,1,1
福建省2026物理高考试卷,1,1
福建省8年级上册政治期中卷,1,1
福建省七年级下册期末考试,4,1
福建省三明,2,1
福建省中等职业技术学院生理学基础,1,1
福建省中考,2,1
福建省中考2024,1,1
福建省中考2026年语文试卷,1,1
福建省中考数学,1,1
福建省中考生地,2,1
福建省中考英语,1,1
福建省中考语,1,1
福建省九年级上开学考数学,4,1
福建省九年级上开学考物理,2,1
福建省九年级上开学考英语,1,1
福建省仙游私立一中小升初考试卷子六年级,1,1
福建省会考,3,1
福建省八年级物理龙舟作图题,2,1
福建省八年级英语,1,1
福建省南安,2,1
福建省南平,1,1
福建省南平市地理高二上期中测试,2,1
福建省南平市英语高一上册期中考,3,1
福建省南平市英语高一上册期中考建瓯一中,1,1
福建省历史高考,1,1
福建省厦门,2,1
福建省厦门外国语学校2025-2026学年高三上学期9月阶段性检测地理试题,1,1
福建省厦门市,1,1
福建省厦门市 高二第二学年期末质量检测数学,1,1
福建省厦门市2021-2022学年高二下学期期末考试化学试题,2,1
福建省厦门市2024 2025学年高二下学期期末考试数学试题,1,1
福建省厦门市2024 2025学年高二质量检测,4,1
福建省厦门市2024~2025学年第二学期高二期末考试数学试题,1,1
福建省厦门市2024~2025学年高二下学期期末考试数学试题,2,1
福建省厦门市2024~2025学年高二质量检测,1,1
福建省厦门市2025~2026学年高二质量检测数学,2,1
福建省厦门市2025~2026第二学年期末质量检测数学,1,1
福建省厦门市2025~2026第二学年期末质量检测高二下,1,1
福建省厦门市2026学年高二下学期期末考试化学试题,1,1
福建省厦门市第二学年期末质量检测数学,1,1
福建省厦门市高一上期中考试,3,1
福建省厦门期末质量检测数学,2,1
福建省厦门第一中学初一上数学,2,1
福建省厦门第一中学开学考,1,1
福建省厦门第一中学数学10月份月考卷,2,1
福建省厦门第六中学,5,1
福建省厦门高二第二学期期末质量检测数学,1,1
福建省名校联盟,2,1
福建省地理中考,2,1
福建省地生中考,2,1
福建省城东中学小升初考试卷子六年级,2,1
福建省城厢区南门学校2025的英语八年级第1次月考,2,1
福建省城厢区哲理学校2025的英语八年级第1次月考,1,1
福建省城厢区擢英学校2025的英语八年级第1次月考,1,1
福建省宁德市2025-2026学年高二下学期7月期末考试化学试题,3,1
福建省宁德市数学专题,1,1
福建省宁德市数学专题中考,8,1
福建省宁德市霞浦县八年级上册数学第一单元,2,1
福建省宁德数学,2,1
福建省宁德物理,3,1
福建省安溪县第一中学,4,1
福建省小升初分班考,1,1
福建省数学中考,2,1
福建省普通高中学业水平选择性考试·生物学,1,1
福建省泉州五中高一物理,7,1
福建省泉州五中高一物理2025,1,1
福建省泉州五中高一物理2025月考,1,1
福建省泉州五中高一物理运动学,1,1
福建省泉州市2021-2022学年高二下学期期末考试化学试题,1,1
福建省泉州市2025-2026学年高一下学期期末数学试题B卷,2,1
福建省泉州市2025-2026学年高三上学期开学考试语文试卷,1,1
福建省泉州市2026年高一,1,1
福建省泉州市安溪县,2,1
福建省泉州市永春县,1,1
福建省泉州市泉港区2024~2025八年级上学期期中物理试题,2,1
福建省泉州市泉港区2024~2025八年级下学期期末数学试题,1,1
福建省漳州,1,1
福建省漳州市 2026 届高三毕业班第一次教学质量检测,1,1
福建省漳州市2025届高三毕业班第一次教学质量检测英语,1,1
福建省漳州市2025英语一检,2,1
福建省漳州市八年级下册英语期末考,2,1
福建省漳州市初二英语期末考,1,1
福建省漳州市期末数学考试,2,1
福建省漳平第一中学,2,1
福建省濮阳市2026届高三上学期1月质量检测。,1,1
福建省生物中考,1,1
福建省百校2026届高三上学期12月联合测评英语试卷,2,1
福建省省质检语文,1,1
福建省省质检语文26,1,1
福建省福州,1,1
福建省福州三中,1,1
福建省福州市2024-2025学年九年级上学期期末化学试题,1,1
福建省福州市2024-2025高一下学期,2,1
福建省福州市2026届高三第一次质量检测数学,1,1
福建省福州市九年级上册化学期中考试,4,1
福建省福州市九年级上册物理期中考,1,1
福建省福州市八年级下册数学,2,1
福建省福州市八年级下册数学 文博,1,1
福建省福州市八年级下册物理,2,1
福建省福州市八年级下册英语,1,1
福建省福州市十一中八年级下学期期末质量监测,3,1
福建省福州市协作校2025至2026学年第二学期期末联考高一下生物,2,1
福建省福州市届高三上学期第一次质量检测,1,1
福建省福州市届高三第一次质量检测,3,1
福建省福州市数学中考,5,1
福建省福州市第四十中学2023一2024,3,1
福建省福州市英语中考,1,1
福建省福州市英语八年级期末考,2,1
福建省福州市鼓楼区高一下学期期末考试,1,1
福建省福州期末,1,1
福建省福州第一中学 期末,1,1
福建省福州第一中学 第二学期 期末,1,1
福建省福州第一中学2025 2026学年第二学期第四学段模块考试 期末,1,1
福建省福州第一中学2025-2026学年第二学期第四学段模块考试（期末）,4,1
福建省福州第一中学2025-2026学年第二学期第四学段模块考试（期末）数学试卷,1,1
福建省福清,1,1
福建省福清市2025至2026学年八年级上册期末数学试卷,2,1
福建省自主招生校考真题集,2,1
福建省英语七年级,1,1
福建省英语中考,2,1
福建省英语八年级,2,1
福建省莆田小升初分班考,1,1
福建省莆田市八上,2,1
福建省莆田市八上南门,3,1
福建省语文中考,1,1
福建省部分地市,1,1
福建省马尾,2,1
福建省高一上地理,1,1
福建省高一下期末英语,2,1
福建省高一地理,3,1
福建省高三省检英语,1,1
福建省高考卷,1,1
福建省高考卷生物,1,1
福建省高考地理卷,1,1
福建省龙岩市,1,1
福建省龙岩市2025—2026学年七年级英语上学期期末考试模拟试题,1,1
福建省龙岩市数学,1,1
福建省龙岩市新罗区2024到2025学年七年级下册期末考,5,1
福建省龙岩市新罗区八上月考。,1,1
福建省龙岩市新罗区八上第一次月考。,1,1
福建省龙岩市长汀县2019~2020学年九年级上册期中物理试题,3,1
福建省龙岩市高二期末考数学试卷,2,1
福建福州,1,1
福建福州中考英语英语,2,1
福建福州八年级下册英语,1,1
福建福州山海联盟2025-2026学年第二学期期末适应性练习高一,1,1
福建福州市福清市2025-2026学年第二学期高一期末适应性练习考试,1,1
福建福州市马尾区2025-2026学年八年级下学期期末物理试题,1,1
福建福州高二市统考,1,1
福建自主招生数学试卷,1,1
福建英语会考合格性考试,1,1
福建莆田八上全等三角形练习题,3,1
福建莆田八上数学期末考试卷,5,1
福建莆田八上语文期末考试卷,1,1
福建莆田高一下学期期末市统考历史2025-2026,1,1
福建莆田高一下学期期末市统考历史卷子,2,1
福建语文学科,1,1
福建语文高,1,1
福建语文高三,1,1
福建语文高中,1,1
福建语文高中卷子,1,1
福建语文高中模拟高考金卷,3,1
福建语文高考,4,1
福建语文高考复习,1,1
福建通用会考合格性考试,1,1
福建高一上册生物半期考试卷,2,1
福建高一上册生物期中试卷,1,1
福建高一上学期期末,1,1
福建高一上学期第一次月考试卷,2,1
福建高一上学期阶段检测,1,1
福建高一下册化学期末试卷,4,1
福建高一下册数学期末试卷,6,1
福建高一下册物理期末试卷,1,1
福建高一下册生物期中试卷,4,1
福建高一下册生物期末试卷,1,1
福建高一入学测试,1,1
福建高一数学期末,2,1
福建高一数学期末考,1,1
福建高一物理第一章,2,1
福建高三下学期期末,1,1
福建高三化学,1,1
福建高三化学省质检 地市2022-2026,1,1
福建高三化学省质检 地市2026,1,1
福建高三化学省质检 地市一二模2022-2026,3,1
福建高三数学,1,1
福建高中2026会考英语,1,1
福建高中学业水平合格性考试语文,5,1
福建高中模拟高考,2,1
福建高中语文学科,1,1
福建高中语文联考,1,1
福建高中语文联考高三,2,1
福建高二上学期期末,1,1
福建高二下学期期末物理,2,1
福建高二生物2025至2026年,1,1
福建高考,2,1
福建高考一检,1,1
福建高考一检卷,1,1
福建高考一模,1,1
福建高考地理,4,1
福建高考生物2025至2026年,2,1
福建高考真题,2,1
福建高考真题2023,1,1
福建龙岩市,2,1
福建龙岩市2025-2026学年第二学期高一期末监测数学试题,2,1
福建龙岩高一期末考,1,1
福建龙岩高中高二上化学月考卷,5,1
福清2023-2024数学九年级上册期中,1,1
福清2023-2024数学九年级上册期中考试,2,1
福清2023-2024数学八年级下册期末,1,1
福清七年级下期末,1,1
福清八上物理,1,1
福清八年级上,2,1
福清市2025 2026学年第二学期高二英语,1,1
福清市2025-2026学年第二学期高二英语,4,1
福清市七年级上册期中数学,3,1
福清市第二学期高二英语,1,1
福清文光,1,1
福清文光物理期末考卷,1,1
福清期末,1,1
福清第二中学,2,1
福清高一上学期期末物理,1,1
福清高一期末,1,1
福清高三开学考,2,1
福清高二下期末,1,1
福田区,2,1
福田区7年级下册数学期末试卷,2,1
福田区7年级下册期末试卷,2,1
福鼎,1,1
福鼎市四中,4,1
福鼎市高一上化学,1,1
福鼎市高一上化学半期考,1,1
福鼎市高一化学,2,1
福鼎高二2026第二学期期末考试,4,1
福鼎高二2026第二学期期末考试数学,2,1
禹州,3,1
禹州市2025-2026学年  四年级上册期末英语卷子,1,1
禹州市2025-2026学年第一学期期  末  四年级英语卷子,1,1
禹州市第一高级中学,1,1
禹州市第一高级中学高一开学分班考试卷子,6,1
禹州市第三高级中学高一开学分班考试卷子,5,1
禹州新高一开学分班考试卷子,1,1
离子,3,1
离子反应、离子方程式,1,1
离子反应专题,2,1
离子反应图像问题,1,1
离子反应试卷,2,1
离子平衡,3,1
离子平衡图像,2,1
离子方程式书写,1,1
离子方程式判断,1,1
离子方程式的书写,1,1
离子方程式的书写高一,1,1
离子默写表,1,1
离心率专题,1,1
离骚,4,1
秀全中学,2,1
秀夫初级中学 八年级上册  英语课本,3,1
秀夫初级中学八年级上册,1,1
秋季 入学摸底考,2,1
种树郭坨坨转。,1,1
种树郭橐驼传,4,1
种树郭橐驼传理解性默写,2,1
种群及其动态,4,1
科大附中,1,1
科大附中高新中学小升初,2,1
科大附中高新中学摸底考,1,1
科大附中高新中学摸底考七年级,1,1
科大附中高新中学摸底考七年级上册,3,1
科学2026最新版浙教版 同步练习资料,2,1
科学2026最新版浙教版第1章酸碱盐第1节和第二 同步练习资料,1,1
科学中考,1,1
科学中考复习专题,1,1
科学提前招试卷,2,1
科学提前招试卷浙江,1,1
科学提前招试卷，浙江,2,1
科学浙江专用,1,1
科学物理专题,5,1
科学竞赛,1,1
科学第三章,1,1
科学第二单元,3,1
科学营高一英语期末试题,2,1
科左中旗,2,1
科左中旗宝龙山镇，第3单元政治,1,1
科技月 考2005,2,1
科技特长,2,1
科技特长生,2,1
科教片电的故事,1,1
科普版,4,1
科普版七下英语单词可打印默写文档,2,1
科普版四年級英語,1,1
科普版英语,3,1
科普版英语六年级第一学期期中考试,6,1
科普版英语六年级第一学期期中考试开封市,2,1
科普版英语初一上册的重点语法,2,1
科普版英语范文,1,1
科普阅读题,1,1
科比,1,1
科粤版九上化学第一单元,1,1
科粤版九上化学第一单元ppt,2,1
秦安二中,3,1
秦朝统一多民族封建国家的建立,2,1
秦汉中学,5,1
秦淮高级中学,1,1
秦皇岛八上数学,1,1
秦皇岛市海港区,2,1
秦皇岛市海港区2025年五年级下册数学统考试卷,1,1
秦皇岛市海港区化学2026中考卷,1,1
秦皇岛抚宁区6年级语文模拟真题,1,1
秦皇岛抚宁区小升初语文模拟真题,2,1
秦皇岛海港区,1,1
秦统一多民族国家的建立,3,1
秦腔,1,1
积的近似数,2,1
积累,2,1
稀释浓硫酸方法,1,1
程俊雅你月考20校联考,1,1
程程初中历史,1,1
稳态与调节,2,1
稳态与调节知识点,2,1
稼轩中学,3,1
稽阳是2026年5月,1,1
空气与氧气,1,1
空气与水资源第2章,2,1
空气与水资源第2章测试卷,1,1
空气和氧气,2,1
空间何量课时练习,1,1
空间几何体 表面积体积,3,1
空间几何体 证明,1,1
空间向量与立体几何知识清单,1,1
空间向量与立体几何练习,5,1
空间向量专题,1,1
空间向量举一反三讲义,2,1
空间向量共面,2,1
空间向量单元卷,4,1
空间向量单元测试卷,2,1
空间向量及其线性运算知识梳理,2,1
空间向量及其运算的坐标表示,3,1
空间向量同步练习,13,1
空间向量和立体几何,1,1
空间向量大题专练,8,1
空间向量平行,2,1
空间向量平行垂直真证明,2,1
空间向量的专题练,2,1
空间向量的共线与共面问题,2,1
空间向量的应用,3,1
空间向量的运算,3,1
空间向量立体几何,2,1
空间向量立体几何题,2,1
空间向量练习题,2,1
空间向量讲义,3,1
空间向量课时练习,2,1
空间向量运用,1,1
空间向量题,2,1
空间向量，立体几何题,1,1
空间直线、平面的平行,3,1
空间直线平面的平行,6,1
空集,1,1
空集的考虑,1,1
突泉,2,1
突泉县第一中学,3,1
窦娥冤,2,1
立体 几何初步,1,1
立体几何 垂直,2,1
立体几何 知识点归纳总结,1,1
立体几何 高一必修二 人教版 专题训练,1,1
立体几何x?h,1,1
立体几何一轮复习综合题型,1,1
立体几何专项,1,1
立体几何专题训线线角，线面角，面面角,2,1
立体几何专题训练,2,1
立体几何几何法,4,1
立体几何初步章节测,1,1
立体几何单元卷,1,1
立体几何压轴多选,1,1
立体几何图形初步,1,1
立体几何垂直,1,1
立体几何复习,1,1
立体几何外接球内切球,2,1
立体几何平行证明,3,1
立体几何空间向量,4,1
立体几何空间向量一轮,1,1
立体几何空间向量高考数学一轮复习,1,1
立体几何综合,4,1
立体几何表面积和体积,2,1
立体几何证明题解题方法,1,1
立方和与立方差公式,4,1
立方和差公式,1,1
立方和差公式练习题,2,1
立方根,3,1
立方根总结,1,1
立达,6,1
竖式计算,1,1
竖直上抛,1,1
竖直上抛 追及相遇问题,1,1
竖直上抛，追及相遇问题,1,1
竞赛 202 5 年全国中学生物理竞赛,1,1
竞赛 2025 2026学年初中数学竞赛,4,1
竞赛2026,5,1
竞赛2026全国化学,1,1
竞赛一试数学,6,1
竞赛代数,1,1
竞赛代数恒等变形,1,1
竞赛代数练习,1,1
竞赛卷数学,1,1
竞赛卷数学九年级,1,1
竞赛培优,2,1
竞赛培优压轴专项,1,1
竞赛宁波,1,1
竞赛年初中数学竞赛,1,1
竞赛排列与组合,2,1
竞赛数学试卷初中,3,1
竞赛物理试卷初中,6,1
竞赛生物,2,1
竞赛讲义,3,1
竞赛高中,1,1
章丘八下期末试卷物理,2,1
章丘区,2,1
章丘四中,1,1
章末检测卷(5)第6章 生物的进化-【创新大课堂系列】2025-2026学年高中生物必修2 遗传与进化同步辅导与测试(人教版),1,1
章末检测卷生物,1,1
章末质量检测（一）人体的内环境与稳态,1,1
章节测试,2,1
章节节选,1,1
童年,2,1
端午作文,1,1
竹山中学,4,1
竹溪县2026年数学期末试卷,1,1
竹溪县实验小学2024年到2025年六年级下册数学卷子,3,1
笫一章,1,1
第 04 讲 重力 弹力（专项训练）（原卷版）,2,1
第 1单元测试卷,1,1
第 一单元测试卷,1,1
第01练,2,1
第01讲 中华文明的起源与早期国家（专项训练）,6,1
第01讲 物质的分类及转化,2,1
第01讲一元二次方程的概念,2,1
第01讲元素周期表、元素周期律,4,1
第01讲反应热焓变（暑假培优讲义）新高二化学人教版,2,1
第01讲暑假预习笔记九,1,1
第01讲暑假预习笔记九跨学科,1,1
第01讲质点,4,1
第01讲集合及其运算,5,1
第01课 在生活中学民法用民法 基础达标练 高中政治选择性必修二 法律与生活,2,1
第02讲 反应热的计算,1,1
第02讲 离子反应,1,1
第02讲三角恒等变换（培优讲义）,1,1
第02讲暑假预习笔记九,2,1
第02讲暑假预习笔记九英语,1,1
第03讲,1,1
第03讲 氮的氧化物和铵盐,3,1
第03讲暑假预习笔记,1,1
第03讲暑假预习笔记九,2,1
第04讲实数的运算,1,1
第04讲暑假预习笔记,1,1
第04讲暑假预习笔记九,4,1
第05,1,1
第05讲 内能单元综合检测,1,1
第05讲 细胞膜和细胞核 复习课件 全国通用 2026年高考生物一轮复习讲练测,2,1
第05讲无机非金属材料,2,1
第05讲暑假预习笔记九,2,1
第05讲物理,1,1
第06讲,1,1
第06讲 化学反应与热能,1,1
"第06讲,阅读《简·爱》,品味独立灵魂",1,1
第06讲反比例函数的图像与性质,2,1
第07讲,1,1
第07讲 化学反应与电能,2,1
第08讲,2,1
第08讲 化学反应的速率,1,1
第08讲 高考历史一轮复习,1,1
第09讲,1,1
第09讲 化学反应的限度,1,1
第10讲,1,1
第10讲 碳原子的,2,1
第11,1,1
第11章 平面直角坐标系,1,1
第11章平面直角坐标系单元测试卷 2026-2027学年沪科版数学八年级上册,1,1
第11讲 烷烃的性质,1,1
第12讲 乙烯的性质,1,1
第12集｜贵阳市2026届高三年级质量监测数学试卷（逐题解析更新中） #贵阳市2026届高三年级11月质量监测考试,2,1
第13章 分式,2,1
第13讲 烃 有机,2,1
第13讲减数分裂和受精作用,3,1
第14章,3,1
第14章了解电路单元测试卷,1,1
第14章了解电路单元测试卷沪科版物理9年级全一册,3,1
第14讲 乙醇,1,1
第15章,1,1
第15讲 乙酸,1,1
第15讲分离定律,1,1
第16讲自由组合定律,1,1
第1单元,1,1
第1单元二年级上册语文,2,1
第1张和第2张,1,1
第1次月考,2,1
第1次月考 数学北师大版,1,1
第1次月考 数学北师大版入上,1,1
第1次月考 数学北师大版八上,2,1
第1章 1第1课时 菱形的性质（同步训练）-一 品本】2025-2026学年九年级数学上册同步训练,5,1
第1章 一元二次方程,1,1
第1章原子结构与性质单元复习,1,1
第1章物质及其变化（单元测试）-2025-2026学年科学九年级上册浙教版,3,1
第1讲,1,1
第1讲 中华文明的起源与早期国家 知识清单--2027届高三统编版必修中外历史纲要上一轮复习(选必融合),2,1
第1讲高三一轮复习数学,3,1
第1讲高三一轮复习数学1,1,1
第1讲高三一轮复习数学3,1,1
第1讲高三一轮复习数学4,2,1
第1讲高三一轮复习数学5,1,1
第1讲高三一轮复习数学二次,3,1
第1讲高三一轮复习数学函数,5,1
第1讲高三一轮复习数学分布列,1,1
第1讲高三一轮复习数学指,1,1
第1讲高三一轮复习数学立体几何,2,1
第1讲高三一轮复习数学零点,1,1
第26讲动量守恒定理及其应用,2,1
第26讲，动量守恒定理及其应用,1,1
第29章反比例B,1,1
第2单元声音类物理测试试卷真题八上,2,1
第2次月考高一,5,1
第2章 第23课时 一元一次不等式组的应用［阅读．思考］-【宝典训练】2025-2026学…,2,1
第2讲：三角恒等变换,3,1
第30讲 电路 闭合电路欧姆定律,2,1
第39届物理竞赛决赛试题,1,1
第39届物理竞赛复赛试题,4,1
第3章 基因的本质,5,1
第3讲,1,1
第3讲有理数大小的比较,1,1
第40讲,1,1
第41全国中学生物理竞赛预赛试题,2,1
第41届全国中学生物理竞赛复赛试卷。,1,1
第41届全国中学生物理竞赛复赛试题,4,1
第41讲,2,1
第42届全国中学生物理竞赛预赛试卷。,1,1
第42届全国中学生物理竞赛预赛试题,2,1
第42届全国高速公路竞赛预赛,2,1
第42讲,1,1
第5讲,1,1
第5课洋务运动与边疆危机历史统编版新教材8年级上册,3,1
第5课甲午中日战争与列强瓜分中国狂潮历史统编版新教材8年级上册,5,1
第60讲,2,1
第7单元综合测试卷化学,1,1
第7单元综合测试卷化学 5年中考三年模拟,3,1
第7讲 物质跨膜运输的方式,4,1
第8章四边形达标检测卷,1,1
第9讲,1,1
第9讲基本不等式,1,1
第一,1,1
第一中学,1,1
第一中学校2025_2026学年七年级上学期期中yinyu试题答案,1,1
第一书记制度,1,1
第一单元 20以内数与加法,1,1
第一单元 20以内数与加法练习,2,1
第一单元 A卷必备知识通关 直 击双1流 名校名卷清北卷 新共,3,1
第一单元 A卷必备知识通关-【直 击双1流·名校名卷清北卷】新共.…,1,1
第一单元 知识点归纳整理,3,1
第一单元作文题目汇编,1,1
第一单元化学,2,1
第一单元化学高-,1,1
第一单元化学高一,1,1
第一单元历史七下测试卷,1,1
第一单元周测卷,1,1
第一单元测试,3,1
第一单元测试卷儿,1,1
第一单元测试卷贵州,1,1
第一单元测试数学,1,1
第一单元热现象,2,1
第一单元研究物质的实验方法,2,1
第一单元研究物质的实验方法题型突破举一反三,1,1
第一单元练习题,1,1
第一单元英语,3,1
第一学业,1,1
第一学期,1,1
第一学期期末学业水平测试,1,1
第一张动量守恒定律章节测试卷基础版2026到2027学年高二上学期物理人教版选择性必修一第一张章节测试卷。,2,1
第一张动量手恒定律单元小测2025到2026学年高二上学期物理人教版选择病修第一册。,1,1
第一月考,1,1
第一期中,2,1
第一次月考  齐齐哈尔市,1,1
第一次月考数学卷,6,1
第一次月考模拟卷,1,1
第一次月考考试数学,2,1
第一次诊断性考试,3,1
第一次调研考试,1,1
第一次调研考试物理,1,1
第一百二十,1,1
第一章 有理数 单元试卷 2025 2026学年人教版数学七年级上册,1,1
第一章 机械运动 专题练习,3,1
第一章 机械运动 专题练习 2026-2027,1,1
第一章 物质及其变化,6,1
第一章 空间向量与立体几何,2,1
第一章 空间向量与立体几何 单元自测 基础篇 人教A版,1,1
第一章 空间向量与立体几何暑假单元自测B版,2,1
第一章 空间向量与立体几何（暑假单元自测）,1,1
第一章 空间向量与立体几何（暑假单元自测）新高二数学人教B版,4,1
第一章 空间向量与立体几何（暑假单元自测）新高二，数学人教B版,1,1
第一章 运动的描述 单元测试,2,1
第一章 集合与常用逻辑用语、不等式（举一反三综合训练）,1,1
第一章 集合与常用逻辑用语、不等式（举一反三综合训练）（全国通用）2026年高考数学一轮复习举一反三系列,6,1
第一章 集合与常用逻辑用语（举一反三单元自测·培优,4,1
第一章内能,2,1
第一章动量守恒定律单元小测2025到2026学年高二上学期物理人教版选择性必修第一次,1,1
第一章动量守恒模型总结：七大模型 分层讲练,1,1
第一章原子结构与性质单元复习,5,1
第一章物理专练,1,1
第一章章末整合,1,1
第一章集合与常用逻辑用语,2,1
第一章集合与常用逻辑用语 不等式全国通用,1,1
第一章集合与常用逻辑用语全章综合检测卷一,2,1
第一章集合与常用逻辑用语，不等式,1,1
第一章集合人教b,2,1
第一章题,2,1
第一节 地球的宇宙环境,4,1
第一节直线与圆,2,1
第一讲,1,1
第一课第二课必修一政治,5,1
第一部分 无机化学方程式汇总,8,1
第一零诊试语文,1,1
第一零诊试语文2027年成都.,2,1
第一零诊试语文四川成都,2,1
第一题是集合体,2,1
第一高级中学,1,1
第七中学,1,1
第七章数学七下试卷,2,1
第三十一中学,3,1
第三十中中学,2,1
第三十九届全国中学生物理竞赛预赛试题,1,1
第三十六届全国中学生物理竞赛复赛,1,1
第三十届全国中学生物理竞赛复赛,2,1
第三单元,1,1
第三单元第一课时三角形面积分层作业,7,1
第三单元英语选必一,2,1
第三市图木舒克市第二中学,2,1
第三次月考,2,1
第三次月考模拟卷,9,1
第三章 函数的概念与性质（知识清单+9大易错训练）,2,1
第三章3.1分式课时题,1,1
第三章函数的,2,1
第三章图形的相似知识归纳与题型突破,2,1
第三节碳酸钠知氢氧化钠,3,1
第三讲,1,1
第三讲三角恒等变换 高一数学,2,1
第九中学七年级,2,1
第九单元 当代世界发展的特点与主要趋势,1,1
第九小学,2,1
第九章：平面直角坐标系 单元测试卷 2025--2026学年人教版七年级数学下册,1,1
第二十四一元二次方程 单元测试卷,1,1
第二单元,2,1
第二单元 细胞的结构与物质的运输 第5讲 细胞膜与细胞核 固本·识记类 填空版,2,1
第二单元九上化学试卷,2,1
第二单元二年级下册,1,1
第二单元光现象,1,1
第二单元化学试卷,1,1
第二单元化学试卷初中,4,1
第二单元小数乘法单元自测卷,1,1
第二单元测试卷,2,1
第二学期,1,1
第二学期昭通市,2,1
第二学期期末学业水平检测,1,1
第二学期期末练习,2,1
第二学期期末练习高二数学,1,1
第二学期期练习,2,1
第二学期，西宁市普通高中期末检测高二数学,1,1
第二完全小学,1,1
第二定律矢量性,3,1
第二实验,1,1
第二次世界大战,4,1
第二次教学检测,1,1
第二次月考,6,1
第二次鸦片战争,1,1
第二章,1,1
第二章 基因和染色体的关系（基础通关卷）,2,1
第二章 等式与不等式,1,1
第二章一元二次方程计算练习,8,1
第二耀华地理,2,1
第二耀华地理高一,1,1
第二节溶液的酸碱性（同步讲义））,1,1
第二讲三角恒等变化,2,1
第五单元测试卷,3,1
第五章 一元一次方程,1,1
第五章向量,1,1
第五高级中学,1,1
第八中学重庆,1,1
第六单元 区域位置与特征习题训练,5,1
第六单元 区域位置与特征习题训练 粤人版七年级下册 学海风暴,2,1
第六章平面向量及其应用,2,1
第六讲函数的图像,1,1
第十一章电路及其应用,1,1
第十三章 内能,1,1
第十三章 内能【A卷 达标卷】-九年级物理全一册单元速记·巧练（人教版）,7,1
第十三章 电磁感应与电磁波初步,1,1
第十二章 电能 能量守恒定律,1,1
第十二章勾股定理暑假专项,1,1
第十单元 常见的酸碱盐,6,1
第十四届希望杯,2,1
第十章 二元一次方程组 暑假提升训练 2025-2026学年人教版数学七年级下册,1,1
第十章 机械能、内能及其转化(专项训练)物理北师大版2024九年级全一册,1,1
第十章 比热容(专项训练)物理北师大版2024九年级全一册,5,1
第十章 静电场中的能量,3,1
第十章 静电场中的能量  章末复习,1,1
第四中学,2,1
第四单元九上化学试卷,1,1
第四章,2,1
第四章 运动和力的关系,5,1
第四章三角形知识归纳与题型突破,2,1
第四章单元测试卷,6,1
第四章投影与视图的知识归纳与题型突破,2,1
第四章神奇的透镜,2,1
第四章运动和力的关系单元测试卷,3,1
第四课洋务运动与边疆危机历史统编版新教材8年级上册,1,1
等压双缸,2,1
等压双缸高二物理,1,1
等和线定理,1,1
等差数列 0 一轮复习基础练习,2,1
等差等比数列专题,1,1
等差等比数列专题复习大题,3,1
等效场 电场 重力场,2,1
等效平衡,1,1
等效平衡 高二专项,2,1
等效氢专题,6,1
等效电源,3,1
等效电源法,4,1
等时圆,1,1
等时圆模型,2,1
等比基础,2,1
等比等差,3,1
等积变换,3,1
等腰三角形,2,1
等腰三角形七年级,2,1
等腰三角形七年级北师大版,1,1
等腰三角形分类讨论边不定问题人教版,1,1
等腰三角形动点问题人教版,1,1
等腰三角形基础,2,1
等腰三角形知识点,2,1
等腰三角形知识点人教版,3,1
等边三角形知识点人教版,1,1
等面积法,4,1
等面积法模型,1,1
答司马谏议书,5,1
答司马谏议书理解性默写,1,1
答案2025——2026学年度春季学期期末质量检测高一临夏,6,1
答案山东省潍坊市高二下学期学业质量评价,1,1
答谢中书书,1,1
答題卡,2,1
答題卡 河北中考数学,2,1
答题卡初中语文,1,1
答题卡数学,1,1
答题卡语文,1,1
答题卡语文小学,1,1
答题卡高中语文,1,1
答题技巧与模板汇总语文高中,2,1
简 爱 1 10章 情节梳理思维导图,2,1
简 爱 1 27章导读练习卷,2,1
简便计算 100道6年级,1,1
简便计算 4年级,1,1
简便计算 4年级下册,1,1
简写,1,1
简单卷子,1,1
简单学物理,1,1
简单机械,2,1
简单电路,6,1
简单电路单元测试卷,1,1
简单电路画图题专项,2,1
简单电路的连接,1,1
简单电路知识清单,2,1
简单计算,3,1
简单随机抽样,2,1
简单静电现象,2,1
简易逻辑用语,1,1
简爱 分章节阅读训练,1,1
简爱 导读,2,1
简爱小报,1,1
简爱思维导图,2,1
简爱整本书阅读讲义,1,1
简爱第23章全文阅读,5,1
简爱练习,2,1
简答题,1,1
简谐,1,1
简谐运动专题,1,1
简谐运动练习,1,1
简谐运动综合,3,1
简阳七年级下册期末,1,1
简阳市2025 2026下学期期末数学试卷,1,1
简阳市石桥中学,1,1
简阳期末七下,1,1
简阳期末七下数学,2,1
算数,2,1
管仲论,4,1
箭桥中学,2,1
箱线图,3,1
米脂中学,2,1
类碰撞模型,2,1
粤教版物理,1,1
粤教版物理天河区期末,2,1
粤教版物理必修第三册,5,1
粤教版物理必修第三册第三章,12,1
粤教版高一单元卷物理,1,1
精准学,3,1
精品教案,3,1
精品教辅,2,1
精品教辅专享,1,1
精品解析广东部分校2025到2026学年高一第二学期期末考试物理试题,2,1
精品解析：安徽省、云南省、吉林省、黑龙江省（四省联考）2023届高三2月适应性测试理科...,2,1
精品解析：江苏省南通市2025-2026学年高二下学期6月期末地理试题（原卷版）.docx,1,1
精品解析：江苏省高二第一次月考,4,1
精品解析：江苏苏州市2025-2026学年高二下学期期末考试地理试题（原卷版）.docx,1,1
精品解析：福建省福州第一中学2025-2026学年第二学期第四学段模块考试（期末）,1,1
精品解析：福建省福州第一中学2025-2026学年第二学期第四学段模块考试（期末）数学,1,1
精品解析：福建龙岩市新罗区2025-2026学年七年级下学期2月期末质量监测英语试题,1,1
精品解析：贵州遵义市仁怀市第一中学2025-2026学年第二学期高二期中检测,1,1
精彩三年学考,1,1
精彩三年学考尖峰,2,1
精析巧练,4,1
精研物理,1,1
精英,1,1
精英月考,1,1
精讲精练 2027年高考数学一轮复习 人教A版,1,1
精读写作训练,2,1
精读高考英语阅读理解,1,1
精选典型习题,5,1
糖水浓度,1,1
系统命名法，,3,1
紅星照耀中国,1,1
紅星照耀中国 2026年知识点梳理,1,1
紅星照耀中国1 5章知识点梳理,1,1
紅星照耀中国1知识点梳理,3,1
紅星照耀中国分章节练习,2,1
紅星照耀中国思维,1,1
紅星照耀中国思维导图,1,1
紅星照耀中国知识点梳理,1,1
紅星照耀中国练习题,3,1
素养大赛,2,1
素养大赛数学,1,1
素养大赛数学茂名市,2,1
素养大赛苏州,2,1
素养扩展三 直线与圆中的最值范围问题,2,1
素养拓展,2,1
素养拓展数学,5,1
素材积累,1,1
紫云中学高一上第一次月考,1,1
紫金中学,1,1
累加，累乘法求通项,1,1
綦江中学,1,1
綦江古南,2,1
繁昌区,1,1
繁昌区自主招生考试,1,1
纂江区八年级数学下期末,3,1
红安县九上期末试卷,1,1
红安县第二中学,2,1
红对勾讲与练 2026高考历史大一轮复习全新方案 通史版,5,1
红对勾讲与练 大一轮复习全新方案 高三地理 XJ 练习手册,4,1
红对勾讲与练 高三地理,4,1
红对勾高考一轮复习数学,2,1
红山区,4,1
红岩分章节考点,1,1
红岩，红星照耀中国,1,1
红岩，红星照耀中国试卷,1,1
红岭,1,1
红岭八下数学期末考题,1,1
红旗,1,1
红星中学,1,1
红星中学高一实验班分班考试,1,1
红星照耀中国1-12章,1,1
红星照耀中国1-12章答案,1,1
红星照耀中国人物卡片,3,1
红星照耀中国电子版,1,1
红星照耀中国练习汇编,6,1
红星照耀中国联系,1,1
红桥,1,1
红桥区,1,1
红桥区物理一模,1,1
红桥区高一期末数学,2,1
红桥区高一期末物理试卷,1,1
红桥区高中物理一模,2,1
红楼微课,1,1
红楼梦 人物关系梳理及主要内容概括,2,1
红楼梦 知识点梳理,2,1
红楼梦人物关系,2,1
红楼梦导读,1,1
红楼梦所有章节概括,1,1
红河州,2,1
红河州2023级高一,1,1
红河州一中,2,1
红河州八年级数学,1,1
红河州文山州,3,1
红河州文山州2025届高中毕业生统一检测物理,1,1
红河州文山州2025年高二化学,4,1
红河州第一中学高一下英语期末试卷,1,1
红领巾小课堂教学内容,2,1
约分数学,1,1
约数与倍数,2,1
级上册化学一二单元。,2,1
级上册第一次月考试卷,1,1
级上册第一次月考试卷数学,1,1
级上册第一次月考试卷数学初三,2,1
纯有理数口算训练,2,1
纲要下单元思维导图,2,1
纳溪中学,2,1
纸上的天边,3,1
线粒体突触,4,1
线面关系证明,2,1
线面角 二面角,1,1
练习册七年级上,1,1
练习卷,1,1
练习题答案,1,1
练字3500,1,1
练字帖 模板,2,1
练客中考,2,1
练客中考2026安徽数学答案,5,1
练案,1,1
练测考,3,1
练测考鲁教版九年级上册数学试卷,2,1
练测考鲁教版九年级上册数学试卷第一章,1,1
练考测,2,1
组卷网e卷通,9,1
组合中的不相邻问题,2,1
组合卷,3,1
组合小卷,2,1
组合小卷01,1,1
组合小卷01  情境默写,3,1
组合小卷01  情境默写:短歌行,4,1
组合小卷01 情境默写,2,1
组合小卷01 情境默写：短歌行+赤壁赋+老子（综合训练）,4,1
组合排列计算,2,1
组合数,2,1
组合训练 语文 八上,1,1
组合训练 语文 八上 文学性 阅读,1,1
组合训练 语文 八上 阅读,1,1
细微之处的美好,4,1
细胞中的无机物糖类和脂质,2,1
细胞代谢大题,7,1
细胞代谢综合分析,2,1
细胞分裂,1,1
细胞分裂与遗传信息的表达,3,1
细胞分裂专题卷,4,1
细胞分裂过程,4,1
细胞呼吸光合作用大题,1,1
细胞呼吸的原理和应用,2,1
细胞呼吸的原理和应用 一轮复习培优练,1,1
细胞呼吸高三生物一轮复习课件（新人教版）,2,1
细胞器之间,1,1
细胞器之间的分工合作,1,1
细胞基本结构试题,7,1
细胞学说建立的意义,1,1
细胞生物的环境,2,1
细胞电,3,1
细胞的基本结构,1,1
细胞的生活环境,1,1
细胞的能量供应和利用,2,1
细胞的能量货币ATP,8,1
细节巧练,1,1
细解巧练鲁科版,1,1
织金一中,5,1
织金二中,1,1
织金县初一下册试卷2026,2,1
绍兴 期末 高二,3,1
绍兴2023第二学期高一下语文试卷,2,1
绍兴2024第二学期高一下语文试卷,6,1
绍兴2024第二学期高一语文试卷,1,1
绍兴一中创新班提前招生卷,3,1
绍兴一中创新班提前招生卷2025,1,1
绍兴一初分班考,1,1
绍兴元培中学初一分班考,9,1
绍兴分班考,4,1
绍兴分班考语文,1,1
绍兴小升初分班考试卷,2,1
绍兴市2025学年第二学期高中期末调测高二化学答案,2,1
绍兴市2025学年第二学期高中期末调测高二物理答案,1,1
绍兴市第一初级中学,6,1
绍兴市绍初教育集团2023-2024学年九年级科学第一单元测试(含答案).doc,1,1
绍兴市绍初教育集团2024-2025学年九年级科学第一单元测试(含答案).doc,3,1
绍兴市越城区绍一初七年级升学考,1,1
绍兴市越城区绍一初七年级新生,1,1
绍兴市越城区绍一初七年级新生初中起点,4,1
绍兴市越城区绍一初小升初分班考,1,1
绍兴护士学校高考班,3,1
绍兴文理附属中学,1,1
绍兴期末 高一,4,1
绍兴期末卷,1,1
绍兴第一中学英语月考卷,1,1
绍兴职教中心,7,1
绍兴高一期末数学,1,1
绍兴高三下5月适应性测试,4,1
绍兴高三下四月二模,1,1
绍兴高二数学期末,1,1
绍兴高二期末考试英语,1,1
绍初学习起点,1,1
经典力学题,1,1
经典常谈基础卷,1,1
经济体制改革,1,1
经济大题,1,1
经济开发区高一周一测,1,1
经济法律法规第四版,3,1
经济问题6年级奥数,1,1
经纬网 2 26 一轮,2,1
经纬网与地图,1,1
经纬网的判读及应用,2,1
经纬网课件,1,1
经纶学霸,4,1
结合材料与所学知识评析问题并回答问题的模板,4,1
结构化学,1,1
结构化学讲义,1,1
结构大题,2,1
结论,1,1
结论   这份《精准训练10 硫及其化合物》 和你上一张生物发酵讲义性质完全一样： ? 不属于市面正规出版、带ISBN的成品教辅（排除步步高、创新设计、必刷题、金考卷、全品等主流书） ? 不存在线上商城能买到的同名实体书本。   关键识别依据   1.?标题格式：精准训练XX + 章节名称，搭配「基础练」栏目；题目全部汇编各地2025届高三模考题（长沙市名校联合体、海口摸底、广西联考等）。 2.?来源渠道：这套文档是高三一轮复习专题汇编套卷，最早发布在【学科网、菁优网、二一教育】等教学资源平台，是很多高中备课组下载后直接打印的校内作业讲义。 3.?命名特点：很多学校老师下载后统一命名为「一轮复习精准训练1~20」，不同学校下载后排版会轻微改动，没有唯一固定官方书名。   补充区分小技巧   市面上有一本叫《40分钟同步精准练》的化学教辅，但排版、栏目、题号和你图片完全不符，可以直接排除。   如果你想找到完整电子版   直接复制关键词去学科网检索： ?精准训练10 硫及其化合物 基础练 2025长沙市名校联合体第二次联考?   顺带一提：你前后两套资料（生物常考点攻破练 + 化学精准训练）大概率是同一套高三理化生二轮/一轮校本打印习题包，是你们学校备课组统一收集整理的网络题库打印件。   如果你需要，我可以把这一页6道化学选择题完整写出答案+详细解析！,1,1
给我一份有关高中必修四 哲学与文化这本课本的所有知识点你,2,1
给我找一下近十年化学二卷真题及答案、解析,1,1
绝密启用学年度第一学期期末学业水平测试,4,1
绝对值和相反数,2,1
绝对值方程,7,1
绝对值最值,1,1
绝对值相加最大最小专题,1,1
统编初中62篇必背古诗文原文注释翻译PDF,2,1
统编版八年级下册语文暑假作业,1,1
统编版是全国小学通用教材，搜索固定模板： 2025-2026学年 三年级上册 语文 第X单元 作文真题汇编 变形考题,2,1
统编版选择性中册文言文,2,1
统编版选择性必修中册文言文知识清单,5,1
统编版高中思想政治2.1问答题,1,1
统考八下浏阳市。2026,1,1
统考包头市,1,1
统考包头市2023物理,1,1
统考包头市2023物理高一,1,1
统考卷,1,1
统考卷期末,2,1
统考卷期末高一,2,1
统计,1,1
统计与概率试卷,1,1
统计专题,4,1
统计体验,1,1
统计学初步,1,1
统计概率 2025一轮复习 专题,6,1
统计概率专题,1,1
统计题,2,1
绣湖中学,1,1
绥中,1,1
绥中期末,3,1
绥化2026年数学卷,1,1
绥化一中,2,1
绥化一中数学期末,1,1
绥化中考2026年数学卷,1,1
绥化市26年,1,1
绥化市26年中考,3,1
绥化市北林区第一中学,7,1
绥化市地理结业试题,1,1
绥化市望奎县2026年初二期末考试英语卷,3,1
绥化市第一中学,4,1
绥化海伦期末,2,1
绥化海伦期末七中,2,1
绥化高考数学试卷,2,1
绥棱六下期末,1,1
绥棱四上期末语文,1,1
绥滨县,1,1
绥滨县八年级,2,1
绥滨县八年级上学期,1,1
绥滨县八年级上学期学初,1,1
绥滨县八年级上学期月初,1,1
绥滨县八年级学初免费,2,1
绥滨县八年级期中,4,1
绥滨县八年级期中英语,7,1
绥芬河市高级中学,2,1
继光高级,3,1
继续下拉加载上一个问题 长沙市南雅中学2023-2024高一十月月考英语试卷,2,1
续写动作描写,4,1
绳杆模型,4,1
绳连接体问题,2,1
维克多,3,1
维克多3500 单词背诵 2026年汇总,8,1
维克多6+1,2,1
维克多新高中英语词汇 字母排序 默写填空（含答案）,1,1
维克多英语,1,1
维克多英语词汇检测,4,1
维克托n开头字母,1,1
绵中英才2025到2026第一学期八年级数学试卷,1,1
绵竹中考英语,3,1
绵竹初一上册英语,2,1
绵竹初三英语,4,1
绵羊一诊,1,1
绵羊中学2023级高考适应性考试一,1,1
绵阳 2024级 化学,3,1
绵阳 2027 零诊,1,1
绵阳 期末 化学,2,1
绵阳 零模,2,1
绵阳2024级数学,1,1
绵阳2024级第二学年末教学质量测试,1,1
绵阳2025一珍,1,1
绵阳2026年义务教育质量监测,2,1
绵阳2026年义务教育质量监测八年级,2,1
绵阳2026年义务教育质量监测八年级物理,1,1
绵阳2026高二,1,1
绵阳一诊 2026,1,1
绵阳七年级上册期末,2,1
绵阳三诊历史与社会,2,1
绵阳三诊数学,1,1
绵阳三诊科学,1,1
绵阳三诊英语,2,1
绵阳三诊语文,1,1
绵阳东辰中学,1,1
绵阳中学2025年高一上,1,1
绵阳中考2025数学,5,1
绵阳中考南山中学,3,1
绵阳中考数学题,2,1
绵阳中考答题卡,3,1
绵阳二诊,3,1
绵阳二诊历史与社会,2,1
绵阳二诊科学,2,1
绵阳初一下册英语,1,1
绵阳初二上册英语,1,1
绵阳初二下册,1,1
绵阳初二下册数学,1,1
绵阳安州中学,4,1
绵阳市,2,1
绵阳市  2027,1,1
绵阳市2025-2026年春期高2下期生物b卷,1,1
绵阳市2026年春季学期高中一年级教学质量监测 选用卷,4,1
绵阳市2026高一下期末,2,1
绵阳市一模,2,1
绵阳市一诊,1,1
绵阳市初三上学期英语开学考试,2,1
绵阳市涪城区八上物理期末试卷,2,1
绵阳市第二次诊断,1,1
绵阳市高中2023期第1次诊断性考试,1,1
绵阳市高中2023级第1次诊断性考试数学,1,1
绵阳市高中2024级第一学年末教学质量测试,2,1
绵阳市高中2024级第一学年末教学质量测试数学,1,1
绵阳市高中2024级第二学年末教学质量测试,1,1
绵阳开元,2,1
绵阳火炬,1,1
绵阳高三,1,1
绵阳高三上,2,1
绵阳高二下,3,1
综合卷,2,1
综合基础卷,1,1
综合填空,2,1
综合填空 10个空 中考德州专用,1,1
综合填空（期末真题汇编，天津专用）,2,1
综合检测一高二生物学人教版2019暑假提升练,1,1
综合检测卷,2,1
综合检测卷 百事联盟,1,1
综合测试卷,1,1
综合测试卷吉林,2,1
综合计算题,3,1
综合评价招生测试卷,3,1
绿卡图书,2,1
绿山墙的安妮,1,1
绿色通道湖北专供人教版选必四,1,1
绿色通道湖北专供人教版选必四电子版,4,1
绿荫学校,1,1
网,1,1
网址：https://www.zxxk.com/soft/58624264.html,2,1
网校通,1,1
网格作图,2,1
网格电桥,6,1
网格题,1,1
网链共享第17链2025 2026学年下期质量监测试题,2,1
罗定高二,2,1
罗定高二期末,3,1
罗山中学,1,1
罗店中学,15,1
罗浮山泰学学校,1,1
罗浮山泰学学校一年级数学小测,1,1
罗湖区,2,1
罗源县,1,1
署期物理作业,2,1
美味的英语,1,1
美国的自然环境,4,1
美术,2,1
美术鉴赏,1,1
羸这个字读什么,1,1
翁牛特旗义务教育阶段教育集团质量监测测试卷,7,1
翁牛特旗初一数学,2,1
翔宇中学,1,1
翠园中学,1,1
翠园实验学校,2,1
翠微中学,3,1
翰文外国语学校,1,1
翰林卷,4,1
翰林实验学校,1,1
翰林轩优,1,1
翰林轩优家优密卷九年级全册物理,6,1
翱翔班物理,4,1
翻折类题目初中专题,3,1
翻折类题目初中专题上海,4,1
翻折类题目数学初中专题上海,1,1
翻译,1,1
耀华中学2026届高三第一次校模拟考,1,1
耀华中学8月,1,1
耀华中学创新实验班小卷2025,4,1
耀华中学期末数学,4,1
耀华历史,1,1
老子 四章,1,1
老子 四章PPT,1,1
老子4章,1,1
老子4章朗读,1,1
老子四章,1,1
老子四章PPT,1,1
老孔的面孔,4,1
考出好成绩,3,1
考出好成绩七上英语,2,1
考前速记01化学方程式汇总,3,1
考向标,1,1
考文言文诗词,1,1
考案一,1,1
考点06 函数的概念及其表示7种常见考法归类,1,1
考点剖析及分层精练  高一数学,3,1
考点剖析及分层精练 三角恒等变换 高一数学,1,1
考点同步解读,3,1
考点同步解读：高中数学人教A版,5,1
考点大串讲,5,1
考点大通关,9,1
考研2026英语二,1,1
考纲,4,1
考纲词汇,1,1
考题猜想7-1 锐角三角函数,1,1
耒阳一中,3,1
耒阳一中必修一,18,1
耒阳一中必修二,6,1
耒阳一中数学必修一,3,1
耒阳市2026年上学期6期末考试试卷,2,1
耒阳市一中,9,1
耒阳市一中2026年上学期期末考试试卷,2,1
耒阳市一中数学,1,1
耒阳市第二中学,2,1
耒阳市高一,1,1
耒阳市高一政治,1,1
耒阳高一数学,2,1
聊城 高二 2026期末考试生物,2,1
聊城 高二 期中考试2026数学,2,1
聊城 高二下学期 2026期末考试,2,1
聊城 高二下学期期末考试答案,1,1
聊城2025 2026高二下学期期末考试数学,1,1
聊城2025 2026高二下期末数学,2,1
聊城2025 2026高二下期末物理,2,1
聊城2025 2026高二下期末生物,1,1
聊城2025-2026高2期末,2,1
聊城2025-2026高2期末上地理,1,1
聊城一中,3,1
聊城一中新校区,2,1
聊城一模,1,1
聊城七年级第一学期期中试卷数学,1,1
聊城三中,1,1
聊城三模,2,1
聊城东昌中学,1,1
聊城东昌府,2,1
聊城东昌府区一中新校区高一第一次月考数学试卷,1,1
聊城东昌府区新一中高一第一次月考数学试卷,1,1
聊城东阿2026高一下学期期末,1,1
聊城冠县高一下学期六月联考英语,1,1
聊城冠县高一下学期期末题,1,1
聊城冠县高一下学期期末题数学,1,1
聊城初二英语期末,1,1
聊城小升初分班预测卷,2,1
聊城市 2025 高二下 学期 期末,3,1
聊城市2025 2026学年初二期末考试统考题,2,1
聊城市2025 2026学年高一下期末考试,1,1
聊城市2025 2026学年高二期末考试试卷,2,1
聊城市2025-2026高一下学期期末教学质量抽测,1,1
聊城市2025~2026第二学期期末考试英语,4,1
聊城市2026高一下期末考试试题答案,2,1
聊城市2026高一下期末考试试题答案数学,1,1
聊城市2026高一下期末考试试题答案语文,1,1
聊城市2026高三模拟化学,2,1
聊城市2026高二下期末考试试卷答案,5,1
聊城市2026高二期末数学,1,1
聊城市2026高二期末考试试卷答案,2,1
聊城市2026高二期末英语,2,1
聊城市东昌府区六年级小学生数学,2,1
聊城市东昌府区六年级小学生英语,1,1
聊城市初三上学期化学单元卷,1,1
聊城市初三上学期化学月考卷,1,1
聊城市初三化学第一单元测试,2,1
聊城市化学第一单元测试,1,1
聊城市第一中学,1,1
聊城市茌平区第二中学期末考试试卷,4,1
聊城市高一上学期期中物理真题,1,1
聊城市高一下学期期末,3,1
聊城市高一下学期期末历史,1,1
聊城市高一下学期期末政治答案,2,1
聊城市高一下学期期末英语答案,2,1
聊城市高二下学期期末考试地理,5,1
聊城市高二期末考试试卷,5,1
聊城市高二期末考试试卷答案,1,1
聊城市高二语文,2,1
聊城市高考模拟,2,1
聊城新一中高一第一次月考数学试卷,1,1
聊城期末,3,1
聊城期末联考卷,1,1
聊城物理高二下学期,2,1
聊城英语中考,2,1
聊城高一下学期期末地理,3,1
聊城高一下学期期末政治,2,1
聊城高一下学期期末考试历史试卷答案,3,1
聊城高一下学期期末考试地理试卷答案,2,1
聊城高一下学期期末试卷及答案,1,1
聊城高一下期末数学真题,1,1
聊城高一期末考试,7,1
聊城高一期末考试2026化学,1,1
聊城高一期末考试数学,1,1
聊城高一期末考试物理,3,1
聊城高一期末考试英语,3,1
聊城高一期末联考,2,1
聊城高一联考,5,1
聊城高一联考免费,2,1
聊城高三第一次考试,2,1
聊城高三第一次考试数学,1,1
聊城高二下学期期末,1,1
聊城高二政治试卷,1,1
聊城高二期末,2,1
聊城高二期末政治,3,1
聊城高二期末数学,3,1
聊城高二期末生物,1,1
聊城高二期末考试,3,1
聊城高二期末英语,1,1
聊城高二期末语文,2,1
聊斋志异,3,1
职业高中,2,1
职中,1,1
职教,1,1
职教中心,1,1
职教数学高一下,1,1
职教苏州数学,1,1
职教高一,2,1
职教高考 2025,2,1
职教高考2026,1,1
职教高考2026江苏,4,1
职教高考数学,3,1
职教高考班,2,1
职教高考高一上学期数学期中练习,2,1
职教高考高一下,1,1
职校,1,1
职高,4,1
职高 2025 数学单招考试,1,1
职高单元同步卷,1,1
职高数学各单元同步卷,3,1
职高电子商务,1,1
职高英语,3,1
职高英语书湖南湘潭,2,1
职高高考,3,1
职高高考数学,2,1
联 考 2 0 2 6 届高一期末,3,1
联合,2,1
联合体,4,1
联合体期末,1,1
联正,1,1
联正实验学校,1,1
联盟物理试卷,1,1
联考 高一期末,1,1
联考卷建平县,2,1
联考卷黑龙江省,1,1
联考密卷,1,1
联考期末,1,1
联考金太阳,1,1
联考雅礼中学高三月考八,1,1
联考高一下,2,1
联考高一下期中,1,1
联言判断推理练习题,2,1
联赛一试,3,1
联赛初中数学,1,1
肇州,1,1
肇州二中,1,1
肇庆2026高一第二学期期末化学,2,1
肇庆2026高一第二学期期末数学,7,1
肇庆2026高一第二学期期末英语,1,1
肇庆一段考,1,1
肇庆中考,1,1
肇庆封开县2026期末试卷,8,1
肇庆市德庆县,1,1
肇庆市德庆县统考,1,1
肇庆市期末,2,1
肇庆市高三一模,5,1
肇庆市高二下学期数学,2,1
肇庆市高二下学期期末日语,4,1
肇庆市高二期末统考,1,1
肇庆市高二期末统考化,1,1
肇庆市高二期末统考化学,1,1
肇庆市高二期末统考物理,1,1
肇庆期末,1,1
肇庆段考,1,1
肇庆高一期末化学,1,1
肇庆高二期末,1,1
肇庆高二期末日语,2,1
肇源县第一中学,3,1
肇源县第五中学,1,1
肠道菌群紊乱,2,1
股票,1,1
肥东一中,1,1
肥城,2,1
肥城六年级下册2026年数学期末,1,1
肥城市2024-2025七年级下册数学期末真题,3,1
肥城市中考数学,1,1
肥城市初中学业水平考试,2,1
肥城高一上学期期中数学,1,1
肥城高一上学期期末数学,1,1
肥西三中,4,1
肥西实验高级中学,2,1
育德,1,1
育才 2025 2026,2,1
育才学校,3,1
育才月考,1,1
育才期中,2,1
育才英语新教材,1,1
育才高一,1,1
育才高一上数学,1,1
育明高一下化学,1,1
育明高一下数学,1,1
育明高中化学高一化学,1,1
育明高二下期末化学,1,1
育红小学,1,1
育英,1,1
育英中学,1,1
育英学校,1,1
育萃,4,1
育贤中学,1,1
背单词,4,1
背单词高中英语北师大,1,1
背影,8,1
背影练习,1,1
背记本,1,1
背记本七年级下册英语,1,1
背诵,1,1
背诵 默写,1,1
背诵 默写八下物理,1,1
背诵 默写八下物理知识点,2,1
背诵元素周期表,3,1
背诵材料,2,1
背诵速记用必修,1,1
背靠背,1,1
胚胎工程,1,1
胜利第一中学,1,1
胜劵高考一遍请答案,4,1
胡克定律,1,1
胡源,1,1
胶南一中,1,1
胶南一中高一数学,1,1
胶州一中,3,1
胶州市2025至2026学年年度第一学期期末性监测七上，七年级上,1,1
胶州物理,1,1
能力培养地理,1,1
能力提升卷,1,1
能力提升卷全等三角形,1,1
能将矩形的周长和面积同时加倍吗,1,1
能源与可持续发展,1,1
能量守恒,3,1
能量守恒定律教案,1,1
能量量子化,1,1
腾云联盟高三8月,1,1
腾云联盟高二8月,2,1
腾远高考,3,1
自主招生 物理,1,1
自主招生初升高试卷,1,1
自主招生化学,1,1
自主招生卷,2,1
自主招生卷物理数学,1,1
自主招生宁波,2,1
自主招生安徽,1,1
自主招生提前招数学试卷,1,1
自主招生数学初三,1,1
自主招生数学成都,1,1
自主招生数学试卷初中升高一,1,1
自主招生考试 语文,1,1
自主招生考试物理,2,1
自主招生考试题目 英语,3,1
自主招生试卷真题,4,1
自主练习册,3,1
自学讲义,1,1
自学课,1,1
自来水厂处理水的过程模拟图,1,1
自测期末,1,1
自然地理 100道选择卷复习,1,1
自然地理一轮复习,1,1
自然地理大题专练,1,1
自然地理选择题,3,1
自然拼读 0基础 26个字母发音规则,1,1
自然环境的整体性与差异性,2,1
自然环境的服务功能,1,1
自然音标,1,1
自由组合定律,1,1
自由落体,3,1
自由落体与竖直上抛,2,1
自由落体竖直上抛多过程问题以及这个运动学的推论一轮复习,3,1
自贡,1,1
自贡2026高一下,2,1
自贡一中,1,1
自贡一诊,2,1
自贡七下数学期末测试卷,1,1
自贡七年级下期数学期末测试卷,1,1
自贡中考模拟,1,1
自贡中考模拟自编卷,1,1
自贡二诊,2,1
自贡大安区中考模拟自编卷,3,1
自贡市2026中考数学,2,1
自贡市2026九上期末数学,1,1
自贡市2026八上期末数学,1,1
自贡市2026八下期末数学,2,1
自贡市七年级下期数学期末测试卷,2,1
自贡市初三月考,2,1
自贡市初二期末考试,1,1
自贡市期末,1,1
自贡市高二零诊生物答案,3,1
自贡零诊,1,1
自贡零诊B卷,1,1
自贡高一化学期,3,1
自贡高新,1,1
自贡高新7,2,1
至一华伦,1,1
致理中学,3,1
舌,1,1
舒城中学,5,1
舒城二中2024-2025物理试卷,2,1
舒城二中2024-2025物理试卷月考,1,1
舟山市2024学年第二学期期末测试卷高一,2,1
舟山市2024学年第二学期期末测试卷高一语文试卷,5,1
舟山市2025年高二地理期末卷,3,1
舟山市七校联盟,2,1
舟山市高二政治期末,1,1
舟山普陀区5年级语文,1,1
船山实验中学,3,1
船营区第二小学校2026年六年级下册期末考试卷数学,2,1
艺考,1,1
艾买提江,1,1
艾青诗选知识点,2,1
节点练习,2,1
芙蓉区,2,1
芜湖2025 2026第二学期期末,2,1
芜湖一中2023级高二年级5月份教学质量诊断检测,1,1
芜湖一中2025 2026年第二学期期末教学质量检测高二数学试卷,1,1
芜湖一中2025 2026年第二学期期末教学质量检测高二英语试卷,1,1
芜湖一中2025至2020学年第二学期期末教学质量检测,1,1
芜湖化学期中考试试卷,1,1
芜湖十一中,2,1
芜湖市,2,1
芜湖市2024～2025年第二学期期末考试物理试卷,2,1
芜湖市南陵县春谷中学2025~20268上数学期中试卷,1,1
芜湖市市区2025~20268上数学期中试卷,1,1
芜湖市部分学校2025~20268上物理期中试题,1,1
芜湖市高中毕业班,2,1
芜湖田家炳,1,1
芜湖第二中学2025~20268上数学测试卷,1,1
芜湖高一2025 2026第二学期期末,1,1
芝罘区,2,1
芝罘区2024-2025八下数学期末卷,1,1
芝罘区2025七上英语,1,1
芝罘区2025英语期中,2,1
芝罘区七上数学,1,1
芦柞镇初级中学,1,1
芮城县数学卷子,2,1
花园,1,1
花园中学,1,1
花城中学,2,1
花溪一中,2,1
花都六中,1,1
花都六中开学考,2,1
花都区,2,1
花都区七年级下册期末,2,1
苍南县中学提前招试卷,2,1
苍山一中,2,1
苍溪县六年级期末,2,1
苏仙中学八年级下期未试题,1,1
苏元,1,1
苏北七市联考,10,1
苏北中学,2,1
苏北八市2025届高三第三次调研测试,1,1
苏州 0 202 6 高三三模 数学,1,1
苏州 零模 2026,2,1
苏州2026中考作文,1,1
苏州2026中考语文,1,1
苏州2026高二期末考,1,1
苏州g4,3,1
苏州一中,1,1
苏州一模,1,1
苏州一模2026,3,1
苏州一模卷,1,1
苏州一模数学,2,1
苏州三中2025高二上月考数学,1,1
苏州中学伟长实验部九年级化学上册第一次月考试卷,4,1
苏州中学自主招生,2,1
苏州中学，南京一中，南京金陵中学,3,1
苏州中学，南京一中，南京金陵中学三个学校去年十一月的考试题三合一,1,1
苏州中考英语真题,2,1
苏州中考语文,2,1
苏州九上第一次月考,1,1
苏州九校联考,1,1
苏州二模2026,2,1
苏州八下数学期末,6,1
苏州八年级上期中,6,1
苏州分赛,1,1
苏州化学一轮资料,4,1
苏州化学高一,1,1
苏州南航,1,1
苏州四市统考市九年级上册物理期末,3,1
苏州园区一模数学,1,1
苏州园区素养,1,1
苏州国,3,1
苏州外国语学校,2,1
苏州姑苏区九上期中数学,1,1
苏州实验中学,2,1
苏州小升初分班考,6,1
苏州小升初分班考英语,1,1
苏州工业园区星港学校2025八年级下期末卷,1,1
苏州工业园区星港学校2025八年级期末卷,1,1
苏州工业园区星湾学校,1,1
苏州市2023年初中生物会考,1,1
苏州市2023年初中生物会考卷,1,1
苏州市2023年生物会考卷,1,1
苏州市2025 2026学年度第一学期期末英语试卷,2,1
苏州市2025 2026学年高二期末英语试卷,1,1
苏州市2025~2026数学7年级上册期末试卷,1,1
苏州市九上物理期末,1,1
苏州市九年级上册物理期末,2,1
苏州市吴中区英语一模,2,1
苏州市昆山2025 2026学年第一学期五年级英语期末考试试卷,1,1
苏州市昆山2025 2026学年第二学期五年级数学期末考试试卷,3,1
苏州市昆山2025 2026学年第二学期五年级英语期末考试试卷,2,1
苏州市昆山2025 2026学年第二学期六年级数学期末考试试卷,1,1
苏州市昆山2025 2026学年第二学期六年级语文期末考试试卷,1,1
苏州市昆山2025 2026学年第二学期四年级数学期末考试试卷,2,1
苏州市昆山2025 2026学年第二学期四年级英语期末考试试卷,1,1
苏州市昆山2025 2026学年第二学期四年级语文期末考试试卷,1,1
苏州市昆山2025～2026学年第二学期三年级语文期末考试试卷,2,1
苏州市期末,1,1
苏州市期末联考,1,1
苏州市梓义实验小学,2,1
苏州市第十中学,2,1
苏州市胥江实验中学,3,1
苏州市高一期末数学试卷,1,1
苏州市高三零模,1,1
苏州市高新区第一中学10月数学月考卷,2,1
苏州市高新区第一中学数学月考卷,1,1
苏州建设交通,2,1
苏州建设交通校,3,1
苏州建设交通校5年制高职,1,1
苏州开大附中,1,1
苏州教师素养大赛,1,1
苏州新初一分班考真题卷,3,1
苏州新区三上语文期中卷2026年,4,1
苏州新区三上语文期末卷2026年,1,1
苏州明珠小学,2,1
苏州星海高中,13,1
苏州是2023年初中生物会考卷,1,1
苏州期中测试,1,1
苏州期末,3,1
苏州期末模拟卷,4,1
苏州期末物理上学期,1,1
苏州期末高一物理上学期,2,1
苏州汾湖高一物理下学期月考,1,1
苏州湾外国语,1,1
苏州素养,2,1
苏州职业大学,1,1
苏州英语必修一单词默写,3,1
苏州虎丘区市2025~2026数学7年级上册期末试卷,2,1
苏州西交利物浦,1,1
苏州西安交通大学附属中学,2,1
苏州阳光调研,1,1
苏州零模,1,1
苏州高一上期中,4,1
苏州高一下期末调研.,1,1
苏州高一化学暑假学习,1,1
苏州高一化学暑假预习,2,1
苏州高一数学,1,1
苏州高三,1,1
苏州高三九月初,2,1
苏州高三零模,3,1
苏州高中期末,1,1
苏州高中生物暑假预习,3,1
苏州高中生物遗传,1,1
苏州高中生物遗传专项,4,1
苏州高新区,1,1
苏教六年级上册数学第二单元新教材课时练习,1,1
苏教最新版六年级上册数学,4,1
苏教最新版六年级上册数学第二单元新教材,1,1
苏教版,5,1
苏教版4下运算律专项,1,1
苏教版6年级数学课本,1,1
苏教版9年级物理,1,1
苏教版七年级上册第二、三章节测试卷,1,1
苏教版七年级初中英语,2,1
苏教版专题六检测,1,1
苏教版专题六检测高中化学,2,1
苏教版五年级上册数学第一单元,1,1
苏教版五年级下册数学,2,1
苏教版六年级上册数学练习题,1,1
苏教版六年级上册混合运算和数量关系 三,3,1
苏教版六年级上册混合运算和数量关系（三）,4,1
苏教版六年级试卷,1,1
苏教版初一上册英语 < A party plan to celebrate New Year ＞江苏专业授课。,6,1
苏教版初一上册英语project 2 < A party plan to celebrate New Year ＞，课件。,4,1
苏教版初中数学,1,1
苏教版初中英语project 2 < A party plan to celebrate New Year ＞的课件。,3,1
苏教版化学书,2,1
苏教版数学三下期末复习,2,1
苏教版数学三下期末易错常考题,2,1
苏教版数学选择性必修一  教师用书,1,1
苏教版数学选择性必修一课本,3,1
苏教版数学高二上期中,2,1
苏教版生物上，知识,1,1
苏教版选择性必修二化学离子键的习题,1,1
苏教版选择性必修二化学离子键的习题测试,1,1
苏教版高一数学第6单元函数综合卷,1,1
苏教版高一数学第6单元综合卷,6,1
苏科新版八年级上册《第1章全等三角形》2023年单元测试卷,2,1
苏科版七年级下册期末试卷,1,1
苏科版八上数学学案,1,1
苏科版八年级下册 数学 线段垂直平分线与角平分线的课件,3,1
苏科版实数计算,1,1
苏科版实数计算题,1,1
苏职大,1,1
苏苑,1,1
苏锡常,1,1
苏锡常镇2025二模英语,2,1
苏锡常镇2025届高三教学情况调研二,1,1
苏锡常镇2025届高三教学情况调研地理二,2,1
苏锡常镇2025年二,1,1
苏锡常镇402025届高三教学情况调研,2,1
苏锡常镇一模,2,1
苏锡常镇二模物理,1,1
苏锡常镇二模英语,1,1
苏锡常镇二模英语2025,2,1
苏锡常镇四市高三教学情况调研,3,1
苏附,1,1
苏高中期末,1,1
若尔盖县藏文中学2026年6月的物理补考,2,1
英 语鄂尔多斯伊金霍洛旗,1,1
英中,1,1
英吉沙县 七年级 下册期末考试,3,1
英庄一中,2,1
英德,2,1
英德市,10,1
英才教育集团,1,1
英才班考试试题,1,1
英文,1,1
英文泉州,1,1
英文泉州八年级下册的,1,1
英格兰,1,1
英浯九上单词,1,1
英美法资产阶级革命,3,1
英语 0 2 6,1,1
英语 2025,1,1
英语 七选五专项训练,1,1
英语 七选五专项训练高考,1,1
英语 九上第1单元,1,1
英语 单词 3500背诵版高中外研版,2,1
英语 单词 3500高考,3,1
英语 单词 高中人教版,3,1
英语 南平市 七年级下册期末考试卷子2025-2026,3,1
英语 听力10年真题全国卷及听力音频,1,1
英语 听力10年真题全国卷及听力音频 2025音频高中,1,1
英语 听力10年真题全国卷及听力音频 高中,3,1
英语 听力10年真题全国卷及听力音频2020 2024音频高中,2,1
英语 听力10年真题全国卷及听力音频2020 2025音频高中,1,1
英语 听力2025 含听力材料及录音高考,2,1
英语 听力音频,1,1
英语 定语从句,1,1
英语 山东 期末 高二,10,1
英语 应用文 2026分类模板,2,1
英语 应用文 2026分类模板高中,1,1
英语 时文阅读2026,4,1
英语 时文阅读2026快捷英语,1,1
英语 时文阅读2026快捷阴雨,1,1
英语 江苏 期末,1,1
英语 江苏 期末 高二,1,1
英语 知识点 背记 汇总高频,3,1
英语 试卷七年级,4,1
英语 试卷七年级含听力,2,1
英语 语法 必备知识大全广东,2,1
英语 高一,1,1
英语 高考1卷全国一,2,1
英语 高考真题全国一卷,1,1
英语0基础学习,1,1
英语2013~2026年上海模拟卷,1,1
英语2024年1月,1,1
英语2024年新高考全国二卷英语听力,2,1
英语2026,1,1
英语2026全国一卷,2,1
英语2026高考,2,1
英语26个字母拼读,1,1
英语26个字母拼读视频,2,1
英语3500 词汇背诵,1,1
英语3500 词汇背诵word版高中,4,1
英语3500 词汇高中,1,1
英语3500单词填空,1,1
英语3500字,5,1
英语3500词汇,9,1
英语4.6节考试,1,1
英语40篇完形,1,1
英语45套答案,1,1
英语5年级上册人教版pep单词,2,1
英语688核心高频词,2,1
英语688词,1,1
英语6选5专项练习题,6,1
英语9年级上册单词,5,1
英语CD,1,1
英语CD篇阅读,2,1
英语C篇阅读专项训练,3,1
英语g12,1,1
英语一轮复习讲解,4,1
英语七上单词表,4,1
英语七下期末,2,1
英语七下译林版阅读,2,1
英语七下阅读专项,2,1
英语七年级上册教材仁爱版,1,1
英语七年级下阅读理解,2,1
英语七年级下阅读理解人教版,2,1
英语七选五2026届专项练习,2,1
英语七选五2026届专项练习高三,3,1
英语七选五人教版,3,1
英语上册,2,1
英语专练高三一轮复习,1,1
英语专项练习,1,1
英语专项讲义初中,1,1
英语专项讲义初中新人教版,1,1
英语专题,5,1
英语专题训练,3,1
英语中考动词填空,2,1
英语中考动词填空练习,7,1
英语中考动词填空题,4,1
英语中考听力，中真题,2,1
英语中考复习讲义,3,1
英语中考模拟真题福州,4,1
英语中考湖南省娄底市新化县中考,2,1
英语中考真题2026,8,1
英语中考真题卷,1,1
英语中考真题听力音频,1,1
英语中考高频词,5,1
英语主动改被动,1,1
英语九上人教预习,1,1
英语九上单词表,1,1
英语九上期中,2,1
英语九上译林版课本,1,1
英语九上课件,1,1
英语九年级上册,3,1
英语九年级人教版,1,1
英语九年级课本,2,1
英语习题50道,1,1
英语书2026年,3,1
英语二单元,4,1
英语二年级上册,3,1
英语二模,1,1
英语五年级,4,1
英语人教版初中高频词汇,3,1
英语仁爱版听力,1,1
英语仁爱版听力九上,1,1
英语从句混合高考题练习,1,1
英语从句高考题练习,2,1
英语代词基础练习,2,1
英语优秀,1,1
英语优秀作文,2,1
英语作文事例,1,1
英语作文实例,1,1
英语作文所需要的句子,1,1
英语作文素材,1,1
英语作文续写是高分升华句,2,1
英语作文范文,1,1
英语作文题,5,1
英语作文高考,1,1
英语全国1卷,1,1
英语全国二卷听力,2,1
英语八上单词表人教版,1,1
英语八上单词表集合人教版,4,1
英语八上期中模拟卷(1)福建专版易金卷,5,1
英语八上期中模拟卷(1)福建专版易金卷无年份,2,1
英语八上期中模拟卷01福建专版易金卷,3,1
英语八上语法,1,1
英语八上语法浙江,2,1
英语八年级上册人教版阅读,2,1
英语八年级上册单词,1,1
英语八年级上册单词默写表,2,1
英语八年级上册月考试卷,10,1
英语八年级下册六选五,4,1
英语八年级仁爱上册第二单元擢英卷,1,1
英语六年级,1,1
英语六年级泰安,3,1
英语六年级阅读理解,1,1
英语六选五,2,1
英语冀教版,1,1
英语冀教版八上第二单元单词短语默写,3,1
英语冀教版八年级上册第一单元单词短语默写,1,1
英语分词专项练习,2,1
英语初中混合时态练习题,1,1
英语初中高频词汇,2,1
英语初学者,1,1
英语北师大版9上,1,1
英语北师大版9上视频,3,1
英语升学考,1,1
英语单词 速记 八上,2,1
英语单词初中,1,1
英语单词模块式,1,1
英语单词红对勾小册子,1,1
英语单词红对勾小册子高三,2,1
英语单词英译汉,3,1
英语单词英译汉汉译英,1,1
英语单词英译汉汉译英高一人教版必修一,1,1
英语单词表,1,1
英语单词跟读,3,1
英语单词音频,1,1
英语单词音频跟读,1,1
英语单词高中,1,1
英语单词默写英译中,3,1
英语单项选择题,2,1
英语南京2024-2025高一下期末,1,1
英语卷,1,1
英语卷子有学习目标预习导学嗯探索提升,2,1
英语历年真题卷湖北,2,1
英语句子成分分析练习,1,1
英语句子结构,2,1
英语吉安高二,1,1
英语吉林高一期末,1,1
英语名校课堂,7,1
英语名词考,2,1
英语听力专项,2,1
英语听力专项训练初二,2,1
英语听力模拟试题,2,1
英语听力模拟试题高中,1,1
英语听力模拟高考试题高中,1,1
英语听力湖南省新高考教学教研联盟2026届高三上学期12月联考英语,1,1
英语听力精听填空,2,1
英语听力练习,4,1
英语听力配外研版练习册,4,1
英语听力高中,1,1
英语听说,1,1
英语听说三问,1,1
英语听说问句,1,1
英语周报 一轮复习检测试题(1),5,1
英语周报2025 2026,1,1
英语四下期末考试,1,1
英语四年级,2,1
英语四年级字帖,1,1
英语四年级题,1,1
英语四级1500,4,1
英语四级河南,1,1
英语四级真题山东,1,1
英语四级阅读,1,1
英语基础,1,1
英语外研,1,1
英语外研版八上旧版,1,1
英语外研版四年级字帖,1,1
英语外研版必修一汉译英,2,1
英语外研版教材高中必修一,1,1
英语外研版选择性必修一单词,1,1
英语大作文,1,1
英语天河区,1,1
英语子母,8,1
英语字帖打印,2,1
英语完型填空 100篇 专项训练英语2026,2,1
英语完型填空初中,1,1
英语完型填空必修一到必修三,1,1
英语完型常考单词,2,1
英语完形填空专训河南中考,1,1
英语完形填空语法填空高考专题,5,1
英语定语从句练习,4,1
英语小作文高考复习,1,1
英语常用词词汇手册电子版,1,1
英语广东,1,1
英语广东高一,12,1
英语广东高一开学考,2,1
英语广东高一开学考梅州,1,1
英语广东高三开学,2,1
英语应用文,3,1
英语应用文写作,2,1
英语应用文模板,2,1
英语应用文高考复习,2,1
英语建议信,8,1
英语形容词副词的比较级和最高级,5,1
英语必修1第1单元看英语写汉译,6,1
英语必修一 单词表,1,1
英语必修一单词,2,1
英语必修一单词表,1,1
英语必修一单词表默写,1,1
英语必修三B版单词,1,1
英语必修三单词外研版,3,1
英语必修三单词表外研版,1,1
英语必修三外研版单词背诵,1,1
英语必修二,2,1
英语必修二单词表人教版,2,1
英语必修二单词默写表,1,1
英语必刷题,1,1
英语情景交际常考话题内蒙,1,1
英语情景交际阅读理解,2,1
英语所有语法内容,1,1
英语拔尖试卷,1,1
英语摸底考,3,1
英语教材,2,1
英语新版六上,1,1
英语新高一分班考试卷,1,1
英语方位介词表,1,1
英语时态 100题 中考,1,1
英语时态 100题 分类基础练习,1,1
英语时态练习,6,1
英语时态练习题,3,1
英语时态译林版,1,1
英语时文,2,1
英语暑假作业,2,1
英语暑假作业七年级下册通用版长江少年儿童出版社,2,1
英语有答案,1,1
英语期中试卷,2,1
英语期末东明县,2,1
英语期末作业,2,1
英语期末八下辽宁,4,1
英语期末考试,2,1
英语期末考试多听力,1,1
英语期末考试试卷,1,1
英语期末高二联考,2,1
英语标词汇3100,4,1
英语根据词书出来的3500字,1,1
英语模拟卷,1,1
英语模拟卷二,3,1
英语模拟卷二陕西,1,1
英语模拟考,4,1
英语步步高,1,1
英语步步高一轮复习,3,1
英语步步高必修一,2,1
英语步步高选修三,2,1
英语武汉市,3,1
英语比较级最高级练习,1,1
英语江西专用学易金卷2025年中考第1次模拟考试,2,1
英语江西专用学易金卷2025年中考第3次模拟考试,1,1
英语江西专用学疫情是2025年中考第1次模拟考试,1,1
英语江西卷含青帝原文及音频学易经卷2025年中考押题预测卷,2,1
英语浙江2026高三,1,1
英语海南中学,3,1
英语深圳,3,1
英语湖北,1,1
英语点读,1,1
英语现在完成时,1,1
英语的句子结构和五大基本句型习题,4,1
英语的句子结构和五大基本阅读理解,2,1
英语真题,1,1
英语真题 2021至2025全国,1,1
英语真题2026,1,1
英语真题20267,1,1
英语真题20267下期末安徽宿州埇桥,4,1
英语真题20267年级可作,1,1
英语真题20267年级可作安徽宿州,1,1
英语真题20267年级可作安徽宿州埇桥,1,1
英语真题语法填空,1,1
英语短文填空,1,1
英语短文填空高中,2,1
英语短文背诵,3,1
英语短文背诵高二必修一,1,1
英语短语结构,1,1
英语磨耳朵,4,1
英语竞赛卷,1,1
英语第一单元试卷,2,1
英语答题卡,1,1
英语答题卡天津,1,1
英语简单句,2,1
英语精彩三年,2,1
英语练习册,1,1
英语练透选修三,1,1
英语综合卷高三,1,1
英语综合填空 10个空 中考德州专用,2,1
英语综合填空 10个空 德州专用,2,1
英语综合题,4,1
英语美文,1,1
英语考点集萃,3,1
英语考点集萃仁爱版,4,1
英语联考高一下,3,1
英语自测卷,1,1
英语自然拼读法小学,5,1
英语苏教版八年级上册单词表默写,4,1
英语英频,1,1
英语被动语态专项练习,3,1
英语被动语态专项练习高一译林版,1,1
英语议论文写作,2,1
英语词性变化,2,1
英语词性转换练习题,1,1
英语词汇,2,1
英语词组,2,1
英语词组高考,4,1
英语译林,4,1
英语译林九上,3,1
英语译林版九上  Comic strip 和 welcome to the unit,6,1
英语译林版八年级上册单词表默写,1,1
英语试卷5年级下册,2,1
英语试卷听力,3,1
英语试卷高一下,4,1
英语试卷高一下五三,1,1
英语试卷高一下练习,1,1
英语试卷高一下金考卷,1,1
英语试卷高三,1,1
英语语态时态,2,1
英语语态视频讲解,1,1
英语语法 定语从句 讲解 练习,2,1
英语语法专项练习,2,1
英语语法分类检测,1,1
英语语法动词专项训练,1,1
英语语法填空 100篇 基础,2,1
英语语法填空2025专项练习20篇,3,1
英语语法填空专题训练资料,6,1
英语语法填空真题,2,1
英语语法填空真题专练,1,1
英语语法时态和被动语态100题（高考真题和习题综合练）（期末专项训练）学科网,1,1
英语语法时态构成,2,1
英语语法知识点,1,1
英语语法连词,2,1
英语语法选择,4,1
英语读后续写,2,1
英语读后续写专题训练,3,1
英语读后续写关于中餐不再让我自卑难堪,1,1
英语读后续写助人为乐类,2,1
英语读后续写长难句汉译英,2,1
英语课件,1,1
英语课前测,1,1
英语课文视频,1,1
英语课本,2,1
英语课本上的听力,1,1
英语谚语,4,1
英语资料,4,1
英语跟读,1,1
英语辽宁省2025-2026学年度县域重点高中高二下期末卷,3,1
英语过去试卷子,2,1
英语追梦之旅,1,1
英语选修一单词短语,2,1
英语选修一单词短语人教版,8,1
英语选修一单词短语人教版课后单词,1,1
英语选修一电子课本,1,1
英语选修三课本,1,1
英语选修二课本,1,1
英语选修四PpT,2,1
英语选必4,3,1
英语选必4课本,1,1
英语选必二单词,1,1
英语选择必修3Unit3晨背知识清单单词拓展,2,1
英语选择性必修一单词表人教版,1,1
英语选择性必修一单词默写,3,1
英语选择性必修一第一单元单词,1,1
英语选择性必修三单词表,1,1
英语选择性必修三外研版练透,2,1
英语选择性必修二单词表意林,2,1
英语选择性必修二单词默写,1,1
英语选择性必修四单词表,2,1
英语选择题,1,1
英语造句,1,1
英语郑州市金水区六年级,1,1
英语重庆七校联考,3,1
英语重难词汇,1,1
英语重难词汇人教版,1,1
英语长难句 100句分析及练习 2026,2,1
英语阅读 100篇高中,2,1
英语阅读 专项训练英语 高三,2,1
英语阅读bcd,2,1
英语阅读c篇,2,1
英语阅读专项,1,1
英语阅读理解七年级,1,1
英语阅读理解七年级仁爱版,1,1
英语阅读理解专项训练高中,3,1
英语阅读理解单词,2,1
英语阅读理解完形填空,1,1
英语阅读理解常考话题,2,1
英语阅读理解技巧,2,1
英语阅读表达常考话题,1,1
英语阅读词汇,1,1
英语阅读高中云南,1,1
英语阅读高中练习,2,1
英语阅读高中练习云南,4,1
英语陕西,1,1
英语非限制性定语从句,3,1
英语音标 0基础,1,1
英语音标 0基础 48 发音,3,1
英语音标天天练,1,1
英语音标课,1,1
英语音标课讲解视频,2,1
英语音频,1,1
英语领域单词,3,1
英语首考,1,1
英语首考真题,2,1
英语高一上册期末,1,1
英语高一上册期末试卷,1,1
英语高一下册半期中考试,1,1
英语高一下学期期末试卷,2,1
英语高一下学期质量水平,2,1
英语高一下期末,1,1
英语高一单词表,3,1
英语高一听力,2,1
英语高一开学考,1,1
英语高一期末,2,1
英语高三复习,3,1
英语高三复习卷,2,1
英语高三语法填空真题专练,1,1
英语高中,1,1
英语高中3500 单词,3,1
英语高中单词高频词,2,1
英语高中听力,1,1
英语高中完形填空,2,1
英语高中所以单词表,2,1
英语高中课本单词,2,1
英语高中阅读ABC D,1,1
英语高二,3,1
英语高二上期末,2,1
英语高二下,2,1
英语高二下期末,1,1
英语高效作业选修一,1,1
英语高级范文,1,1
英语高级范文高中,1,1
英语高考3500 词汇背诵版,3,1
英语高考3500词汇,4,1
英语高考3500词汇手册,6,1
英语高考作文,2,1
英语高考卷,1,1
英语高考新方案一轮总复习,1,1
英语高考模拟语法填空真题专练,2,1
英语高考真题全国一卷听力,1,1
英语高考真题卷,1,1
英语高考真题卷湖南地区,1,1
英语高考真题完形填空,1,1
英语高考真题重组,1,1
英语高考词汇,3,1
英语高考词汇3500词,5,1
英语高考试卷,1,1
英语高频词汇,2,1
英语默写全册书默写条,5,1
英语默写单词高中,3,1
英语默写单词高中考纲,1,1
英语默写高中,1,1
英语，文章翻译,2,1
茂一,2,1
茂县高中,1,1
茂县高中分班考试,1,1
茂县高中新高一,1,1
茂名 2026 年的期末答案,1,1
茂名 高一 下 期中卷 数学 2026,1,1
茂名 高一 下 期末卷 数学 2026,1,1
茂名 高一 下 期末卷 物理 2025,2,1
茂名 高一下 期末质量监测 数学 有带评分标准的精品解析版,4,1
茂名 高二 上 期中卷 物理 2026,1,1
茂名 高二 下 期中卷 物理 2026,1,1
茂名 高二 下 期中卷 物理 2027,1,1
茂名2025 2026数学期末下学期,6,1
茂名2025 2026数学期末高二下学期,1,1
茂名2025高一下册期末数学,2,1
茂名25~26年高二下学期期末考试,1,1
茂名七上英语starter至unit2,1,1
茂名七上英语u1,2,1
茂名七上英语u1知识点,1,1
茂名八年级,2,1
茂名初二期末考试,2,1
茂名初二期末考试下,2,1
茂名初二期末考试下数学,1,1
茂名化学高二,1,1
茂名市 高一 期末监测 2026化学,5,1
茂名市 高一 期末监测 2026地理,1,1
茂名市 高州一中高一 期末监测 2026 生物,3,1
茂名市2024 2025学年高二年级期末质量抽测,3,1
茂名市2024年期末,1,1
茂名市2025 2026学年初二年级期末质量抽测,2,1
茂名市2025素养,2,1
茂名市2025素养比赛,1,1
茂名市2025素养比赛七年级,1,1
茂名市2025高一物理期末,1,1
茂名市2026年期末,5,1
茂名市2026年高一统考,2,1
茂名市2026高一数学,1,1
茂名市2026高一物理期末,1,1
茂名市七年级素养,1,1
茂名市七年级素养比赛,3,1
茂名市五年级上册数学第一单元,1,1
茂名市五年级上册数学第一单元测验,2,1
茂名市五年级第一单元,1,1
茂名市新北师大版二年级上册数学,1,1
茂名市普通高中,7,1
茂名市普通高中2024 2025学年高二年级期末质量抽测,1,1
茂名市期末高一第二学期2025-2026生物,1,1
茂名市期末高一第二学期2026-2027,2,1
茂名市期末高一第二学期2026-2027生物,1,1
茂名市田家炳,1,1
茂名市电白一中,1,1
茂名市电白区七年级下册地理期末,1,1
茂名市电白区期中高一第二学期2021-2022生物,1,1
茂名市直属2024 2025年六年级下册数学期末试卷,1,1
茂名市直属2025 2026年五年级下册英语期末试卷,1,1
茂名市直属2025 2026年六年级下册数学期末试卷,2,1
茂名市直属2025—2026年五年级下册英语期末试卷,2,1
茂名市第十中学,2,1
茂名市第十六中学期中,1,1
茂名市第十六中学期中语文,1,1
茂名市第十六中日语,1,1
茂名市茂南区,1,1
茂名市高一下期末抽测化学,5,1
茂名市高一下期末抽测数学,6,1
茂名市高一下期末抽测物理,4,1
茂名市高一下期末抽测生物,6,1
茂名市高一下期末抽测语,3,1
茂名市高一下期末抽测语文,3,1
茂名市高一期末化学统考答案,1,1
茂名市高一期末政治统考答案,1,1
茂名市高一第二学期统考,2,1
茂名市高一级质量检测,1,1
茂名市高三一模,1,1
茂名市高二下期末 生物,2,1
茂名市高二下期末数学,1,1
茂名市高二下期末英语,4,1
茂名市高二期末考试,2,1
茂名市高二期末考试地理,4,1
茂名市高二期末考试英语,1,1
茂名市高州市高一级素养试卷,2,1
茂名开学考,2,1
茂名期中,2,1
茂名期末高二,1,1
茂名期末高二英语,2,1
茂名物理竞赛,1,1
茂名电白 新高一入学分班考试 2026,1,1
茂名高一,8,1
茂名高一2026,1,1
茂名高一2026统考答案,5,1
茂名高一2026统考答案物理,3,1
茂名高一2026统考答案生物,2,1
茂名高一2026统考答案英语,1,1
茂名高一化学,2,1
茂名高一化学下册,3,1
茂名高一数学期末,1,1
茂名高一期末,1,1
茂名高一期末考试,2,1
茂名高一物理,14,1
茂名高一物理下册,2,1
茂名高一英语下册,2,1
茂名高二下册统考,4,1
茂名高二年级,1,1
茂名高二年级2026,1,1
茂名高二年级物理,2,1
茂名高二期末考,2,1
茂名高二生物期末,1,1
茂名高二英语,3,1
范文背诵,1,1
茅盾中学,4,1
茌平区,1,1
茌平区一中附中,1,1
茌平区一中附中八年级下册,1,1
茌平区一中附中八年级第一次月考册,1,1
茌平区期末考试数学,2,1
茶文化,1,1
茶陵三中期末考试,1,1
茶陵三中期末考试2026,1,1
茶陵三中期末考试2026高一,1,1
荆丰中学,1,1
荆州中学20242025高一上 10月月考物理,3,1
荆州中学20242025高一上物理9月月考,1,1
荆州中学2025高一10月数学,1,1
荆州中学奥竞,1,1
荆州中学物理高一上期中,1,1
荆州中学竞赛,3,1
荆州中学高一期中,2,1
荆州中学高一期末,2,1
荆州市2025~2026学年度高二七年级质量检测,2,1
荆州市7,1,1
荆州市7月份质量检测,6,1
荆州市化学,1,1
荆州市沙市区七年级上册数学,3,1
荆州市沙市区七年级上册数学11月月考,1,1
荆州市沙市区七年级上册英语期中,1,1
荆州市沙市区七年级下册英语,1,1
荆州市沙市区八年级下册英语,1,1
荆州市沙市区数学六年级下册期末,1,1
荆州市沙市区数学六年级期末,1,1
荆州市沙市区英语六年级期末,2,1
荆州市沙市区语文六年级下册期末,1,1
荆州市物理 高一,1,1
荆州市英语七年级上册,2,1
荆州市英语七年级上册月考,1,1
荆州市英语七年级上册期中,1,1
荆州市高一年级物理期末图片版,2,1
荆州市高二年级质量检测,2,1
荆州市高二联考2026,2,1
荆州高二年级质量检测,4,1
荆门外校九年级月考,1,1
荆门市2026期末考试物理高二,4,1
荆门市九年级,1,1
荆门市九年级月考,2,1
荆门市海慧中学八上期中卷。,2,1
荆门市高一 下学期 期末,3,1
荔浦中学,3,1
荔湾区数学一模,1,1
荔湾区高一下期末,3,1
荔湾区高一下期末数学,2,1
荔湾广雅高一分班考,1,1
荣县中学,2,1
荣成二中,4,1
荣成二中化学期末统考题,1,1
荣昌中学,5,1
荣昌区八年级下册语文期末试卷,1,1
荣昌区数学,2,1
莆田 林兰英,1,1
莆田+一中高中,1,1
莆田20242025物理高一期末,1,1
莆田2026八年级下册英语期末试卷,1,1
莆田2026高二,1,1
莆田2026高二下期末,1,1
莆田一中 高一新生入学考,5,1
莆田一中2026高一上册第一次月考数学卷子,1,1
莆田一中高一开学考卷,2,1
莆田一中高一新生入学考卷,1,1
莆田一中高中,1,1
莆田一中高中地理月考,1,1
莆田一中高二上学期开学考,2,1
莆田一中高二上学期暑假返校考,2,1
莆田一中高二下物理期末考试,1,1
莆田中山中学,6,1
莆田中山中学数学竞赛,1,1
莆田九上期中,2,1
莆田八高二上学期数学,1,1
莆田初一上学期英语月考,2,1
莆田十中高二数学,1,1
莆田哲理中学高三月考,3,1
莆田城厢区九上期末数学,2,1
莆田妈祖中学,3,1
莆田市2023~2024年8年级上册,1,1
莆田市2023~2024年8年级上册质量调研,3,1
莆田市2024 2025学年七年级下学期期末质量调研试卷数字,1,1
莆田市2024 2025学年下学期七年级期末质量调研试卷,2,1
莆田市2024 2025学年下学期期末质量调研试卷,5,1
莆田市2024 2025学年八年级上学期期末质量调研试卷数字,1,1
莆田市2025 -2026学年上学期期末质量调研试卷八年级上册物理,2,1
莆田市2025 2026学年下学期末质量监测高一数学,1,1
莆田市2025 2026学年下学期末质量监测高二数学,1,1
莆田市2025到2026学年下学期期末质检监测高二 物理,1,1
莆田市2025到2026学年下学期期末质检监测高二 生物,1,1
莆田市2025化学高二市统考卷,1,1
莆田市2025年-2026年高二下市质检历史,1,1
莆田市2025至2026学年下学期高二年级期期末质量检测地理,4,1
莆田市2026届初中毕业班质量调研测试卷英语,2,1
莆田市2026届初中毕业班质量调研测试试卷英语,1,1
莆田市2026市质检,1,1
莆田市2026年初中毕业班质量调研测试卷,2,1
莆田市8年级上册历史期中卷,3,1
莆田市8年级上册政治期中卷,1,1
莆田市8年级上册生物期中卷,3,1
莆田市七上第一章,3,1
莆田市七年级上册数学期中卷,1,1
莆田市三中八年级上册期中,2,1
莆田市丙仑初级中学,2,1
莆田市二中,1,1
莆田市二中八年级上册,1,1
莆田市二十五中,2,1
莆田市二十五中生物期末卷子,1,1
莆田市二十五中生物期末卷子上学期期末,2,1
莆田市初中毕业班质量调研考试,2,1
莆田市初中毕业班质量调研考试物理,1,1
莆田市南门,2,1
莆田市南门小学,1,1
莆田市南门小学三年级上册,1,1
莆田市南门小学三年级上册英语,3,1
莆田市南门小学三年级下册,2,1
莆田市月考,4,1
莆田市毓英,2,1
莆田市物理期中,2,1
莆田市生物期中,1,1
莆田市生物期未,2,1
莆田市秀山初级中学,3,1
莆田市统考,3,1
莆田市统考卷子,1,1
莆田市统考高一下数学,2,1
莆田市英语,3,1
莆田市英语期中,2,1
莆田市英语期中哲理,1,1
莆田市语文期中,3,1
莆田市高一上册第一单元数学考试,1,1
莆田市高一上册第一单元考试,2,1
莆田市高一上册第一次月考数学考试,1,1
莆田市高中期末考试卷,1,1
莆田市高二期末市统考期末化学,2,1
莆田市高二期末市统考期末数学,2,1
莆田市高二期末市统考期末物理,3,1
莆田擢英中学,1,1
莆田擢英中学八年级上册英语期中考,1,1
莆田数学市高一上册第一单元考试,1,1
莆田期末,1,1
莆田期末高三,1,1
莆田物理,1,1
莆田第一中学 林,2,1
莆田第一中学 林兰英,1,1
莆田第一种些,1,1
莆田第六,1,1
莆田第六中学,3,1
莆田第十中学高二数学,2,1
莆田英语市统考,2,1
莆田荔城区质检,1,1
莆田锦江中学开学分班考试卷,1,1
莆田锦江中学开学分班考试卷小升初的,4,1
莆田高一上期中考,1,1
莆田高三上数学期中考试,2,1
莆田高三上物理期中考试,1,1
莆田高三数学市质检,1,1
莆田高三质检,1,1
莆田高二上历史月考,2,1
莆田高二上地理,2,1
莆田高二上地理月考,1,1
莆田高二上政治,2,1
莆田高二上政治月考,3,1
莆田高二上数学,3,1
莆田高二上英语,1,1
莆田高二下期末市统考,2,1
莎车县2025高三一轮复习,1,1
莎车县2026学考卷,2,1
莎车县2026年高二期末考试卷子,2,1
莎车县2026高一期末成绩查询,1,1
莎车县2026高二期末试卷,2,1
莎车县2026高二期末试卷化学,2,1
莎车县2026高二期末试卷数学,9,1
莎车县2026高二期末试卷英语,2,1
莒南,1,1
莒县一中,1,1
莒县小升初语文,3,1
莘县2026高二期末,1,1
莘县期末,2,1
莘县期末政治,1,1
莘县第一中学,5,1
莘县高二期末数学,2,1
莫旗达斡尔中学,2,1
莱州2026七下数学期中考试卷子烟台市莱州市,1,1
莱州市2023年八上数学期中考试卷子,2,1
莱州市2025八上数学期中考试卷子,3,1
莱芜,1,1
莱芜一中,4,1
莱芜区八年级下册英语语法填空专项练习,3,1
莱芜高一凤城,3,1
莱西九年级,6,1
莱西初四检测,1,1
莱西市2025-2026八年下级期末物理试题,2,1
莱西市中考,7,1
莱西高一上学期期中,1,1
莲塘一中入学考试,2,1
莲塘一中高一第一次月考,1,1
莲塘一中高二物理月考,1,1
莲塘三中,5,1
莲塘三中地理,1,1
莲湖一中新初一分班考,2,1
莲湖区入学考试题,1,1
莲湖区第二学校,1,1
莲湖区第二学校，小升初,3,1
莲湖区第二学校，小升初，考试题,1,1
菏泽 0 2026 高三 二模,1,1
菏泽2024-2025九年级三模,1,1
菏泽2024-2025九年级三模地理,2,1
菏泽2024-2025高一期末下,1,1
菏泽2025高一期末化学,1,1
菏泽2026 期末试卷,4,1
菏泽2026 高二期末,1,1
菏泽2026~2027学年高二下学期期末,1,1
菏泽2026年中考试卷,1,1
菏泽2026年中考试卷英语,2,1
菏泽2026数学,4,1
菏泽2026生物期末,1,1
菏泽一中高一上期中数学,1,1
菏泽一中高三上,2,1
菏泽一中高三上期中,1,1
菏泽中考,3,1
菏泽中考卷,1,1
菏泽二十二中,3,1
菏泽俄语,2,1
菏泽俄语高三,2,1
菏泽八年级,4,1
菏泽初一,1,1
菏泽单县期末考高二下,1,1
菏泽国花学校,2,1
菏泽巨野二中2026自主招生试卷,1,1
菏泽市  高二下学期 期末政治,1,1
菏泽市2024-2025高一下学期期末,1,1
菏泽市2025 2026学年 高二下学期 期末,1,1
菏泽市2025 2026高一下学期期末,2,1
菏泽市2026高一上学期期末物理,1,1
菏泽市2026高一下学期数学期末数学,1,1
菏泽市2026高一期末答案,2,1
菏泽市2026高三一模拟化学,1,1
菏泽市七年级下册期末数学,8,1
菏泽市七年级下册期末英语,7,1
菏泽市中考,2,1
菏泽市八下语文期末2024,1,1
菏泽市八下语文期末2025,1,1
菏泽市八下语文期末2026,2,1
菏泽市单县,1,1
菏泽市巨野英语七年级下期末,2,1
菏泽市成武县小升初,2,1
菏泽市成武县小升初免费,1,1
菏泽市期末考试高二下,2,1
菏泽市牡丹区七年级下册期末英语,2,1
菏泽市近年来小升初毕业考试语文真题,1,1
菏泽市郓城县,2,1
菏泽市鄄城县小升初数学试卷,1,1
菏泽市高一下学期期末化学,1,1
菏泽市高一下学期期末物理,1,1
菏泽市高一物理,3,1
菏泽市高一生物,2,1
菏泽市高三,1,1
菏泽市高三上期中,2,1
菏泽市高三上期中B,1,1
菏泽市高二上学期期末考试数学B,2,1
菏泽市高二下学期期中考试,1,1
菏泽市高二下学期期中考试数学,2,1
菏泽市高二下学期期中考试数学B,4,1
菏泽市高二下学期期末考试,4,1
菏泽市高二下学期期末考试化学,1,1
菏泽市高二下学期期末语文,1,1
菏泽市高二下学期英语考试试卷,3,1
菏泽市高二化学,2,1
菏泽市高二期末考试地理2026,3,1
菏泽数学高二,1,1
菏泽期末,2,1
菏泽期末考试高二地理,1,1
菏泽期末考试高二数学,1,1
菏泽期末高一数学,1,1
菏泽期末高一生物,1,1
菏泽物理高二期末,3,1
菏泽高一2025下学期期末数学,2,1
菏泽高一下学期期末,2,1
菏泽高一物理期末考试,1,1
菏泽高二上,2,1
菏泽高二上10月考语文,2,1
菏泽高二上9月月考化学,1,1
菏泽高二上9月月考物理,1,1
菏泽高二上9月月考生物,2,1
菏泽高二上9月考数学,1,1
菏泽高二上9月考英语,2,1
菏泽高二上9月考语文,1,1
菏泽高二上月考,1,1
菏泽高二上月考英语,1,1
菏泽高二上月考语文,1,1
菏泽高二上期中考试,1,1
菏泽高二上期中考试英语,1,1
菏泽高二上期末数学,1,1
菏泽高二下学期期末物理,1,1
菏泽高二化学期末,1,1
菏泽高二学期期中数学,1,1
菏泽高二学期期末英语,2,1
菏泽高二数学,2,1
菏泽高二期中上学期数学,3,1
菏泽高二期末化学,2,1
菏泽高二物理,1,1
菱形性质与判定复习,10,1
菱形的判定,5,1
菱湖六中,1,1
萃文中学开学考,1,1
萍乡七下期末,2,1
萍乡三中自招,2,1
萍乡市七年级第二学期教学质量,2,1
萍乡市七年级第二学期教学质量2024年至2025,1,1
营口一中月考七上,1,1
营口九师联盟期末试卷,1,1
营口九师联盟高一下学期期末试卷,1,1
营口八年级下期末语文卷纸,1,1
营口地区五校联盟联盟试卷,2,1
营口市,4,1
营口市一中月考七上,1,1
营口市一中月考七上英语,2,1
营口市期末,2,1
营口市第一中学,2,1
营口期末,4,1
营口期末2026,2,1
营口期末高二物理7月,1,1
营口期末高二物理7月2026,1,1
营口高中,2,1
营山县2026年中考,1,1
萧县2025~2026学年度第一学期期中教学质量检测 九年级数学试卷,1,1
萧县2025~2026学年度第一学期期末教学质量检测九年级数学试卷,2,1
萧县2025~2026学年度第一学期期末教学质量检测九年级数试卷,3,1
萧县2025~2026学年度第一学期期末教学质量检测八年级数试卷,1,1
萧县七年级城北,1,1
萧县中学,3,1
萧县城东初级中学2025~2026学年第一学期九年级第1次错题整理,3,1
萧县城东初级中学2025~2026学年第一学期第1次错题整理,2,1
萧县城东初级中学2025~2026学年第一学期第1次错题整理九年级语文试卷,2,1
萧县实验高级中学,11,1
萧山中学,4,1
萧山五中分班考,2,1
萧山区2025学年第二学期五年级数学期末素养评价,2,1
萧山区2025学年第二学期五年级科学期末素养评价,1,1
萧山区2025学年第二学期五年级英语期末素养评价,1,1
萧山区2025学年第二学期五年级语文期末素养评价,2,1
萧红,1,1
葫芦岛一,1,1
葫芦岛一高,2,1
葫芦岛一高中,2,1
葫芦岛一高中2026高二下期末考试题,2,1
葫芦岛一高中高三数学卷,2,1
葫芦岛七月普通高中考试,1,1
葫芦岛中考,3,1
葫芦岛市,1,1
葫芦岛市2023-2024期末考试生物,2,1
葫芦岛市2025年高一期末考试卷,1,1
葫芦岛市2025高一下,2,1
葫芦岛市2026年7,1,1
葫芦岛市五校,2,1
葫芦岛市普通高中2022到2023学年下学期期末教学质量检测高二英语,1,1
葫芦岛市普通高中2023-2024下学期期末考试生物,2,1
葫芦岛市普通高中2024 2025学年下学期期末考试,1,1
葫芦岛市普通高中2024 2025学年下学期期末考试高一化学,1,1
葫芦岛市普通高中2024 2025学年下学期期末考试高一数学,2,1
葫芦岛市普通高中2024 2025学年下学期期末考试高一英语,4,1
葫芦岛市普通高中2024-2025学年下学期期末考试高一数学,4,1
葫芦岛市普通高中2024到2025学年下学期期末考试高一物理,2,1
葫芦岛市普通高中2025-2026高一期末考试卷,1,1
葫芦岛市普通高中2026年7月期末考试卷,1,1
葫芦岛市普通高中2026年7月高一期末考试卷,1,1
葫芦岛市普通高中期末考试卷,2,1
葫芦岛市普通高中高一2026年7月期末考试卷,2,1
葫芦岛市普通高中高一期末考试卷,5,1
葫芦岛市第一高级中学分班考,1,1
葫芦岛市第一高级中学协作体高二期末,1,1
葫芦岛市第二高级中学,2,1
葫芦岛市高一下期末考试,2,1
葫芦岛市高中物理,2,1
葫芦岛市高二下英语,1,1
葫芦岛数学,1,1
葫芦岛普通高中期末考试,3,1
葫芦岛月考化学九上,2,1
葫芦岛期末生物高一,1,1
葫芦岛期末考试2023-2024,1,1
葫芦岛第一次月考卷高一,1,1
葫芦岛高一上学期期中考试英语,5,1
葫芦岛高一上学期第一次月考,2,1
葫芦岛高一下化学考试卷,2,1
葫芦岛高一下学期数学考试卷,2,1
葫芦岛高一下期末数学考试卷,24,1
葫芦岛高一下期末物理考试卷,12,1
葫芦岛高中物理高二,2,1
葫芦岛高中物理高二期末,2,1
葫芦岛高二,1,1
葫芦岛高二下学期期末考试题物理,2,1
葫芦岛龙港区7年级上英语期中试卷,1,1
蒋义壕,1,1
蒙古包头市东河区康复路小学，20二六届四下考试试卷,2,1
蒙城一中,1,1
蒙城一中南校入学考试,1,1
蒙城县三义路中学期中卷八年级下册,2,1
蒙城县鲲鹏中学,3,1
蒙城第一中学,2,1
蒙城致远,2,1
蒙自一中,1,1
蒙自一中七年级数学期末,1,1
蒙自市,1,1
蒙自市七年级,2,1
蒙阴县三年级数学,2,1
蒙阴县第四中学七年级月考题,6,1
蒙阴四中七年级月考题,1,1
蒲城县2025~2026学年第一学期期中质量检测,2,1
蒲城县2025~2026学年第一学期期中质量检测 八年级数学试题,2,1
蒲城县2025~2026学年第一学期期末质量检测 八年级数学试题,1,1
蒲城县2025~2026年学年 期中质量检测,1,1
蒲城县2026年八年级上册，第一次月考测试卷,1,1
蒲城县7年级上册期中考试卷,2,1
蒲城县7年级上册期中考试卷英语,1,1
蓉城名校第二次,1,1
蓉城名校联盟,2,1
蓉城名校联盟成都,1,1
蓉城名校联盟物理成都,4,1
蓉城名校联盟第二次生物,2,1
蓉城名校联盟高三第二次,1,1
蓉城联盟,4,1
蓝天教育,1,1
蓬蓬县,1,1
蔚县第一中学,2,1
蔡伦,1,1
蕉城九上数学,2,1
蕲春县2025年秋季普通,1,1
蕲春县2026年春小学期末教学质量检测六年级英语试题,1,1
蕲春县2026高二期末,2,1
薄弱检测,1,1
薄弱检测报告,1,1
薄膜干涉,2,1
薛城区2024六年级期末考试,2,1
薛城区七年级上学期期中试卷,2,1
藁城三中,2,1
藁城区2025 2026 学年度第二学期期末检测,2,1
藏文青淘高考卷,2,1
藏语文,2,1
虎台中学,3,1
虎山学校,1,1
虎林市七年级下学期期末考试,4,1
虚数,3,1
虚词 18个虚词,1,1
虹口实验,1,1
虹桥 英语,4,1
虹桥 英语月考,1,1
虹桥中学,3,1
虹桥八下期末数学,1,1
虹桥物理九上,2,1
