keywords,pv,uv
开学考,2018,181
数学,982,83
物理,639,82
英语,851,82
高考,277,68
月考,672,67
化学,509,60
中考,361,53
期末,813,53
期中,733,46
圆锥曲线,255,45
语文,382,45
生物,293,43
小升初,467,42
2026 0 0 1卷 全国高考,247,41
三角函数,268,41
高三开学考,608,40
成都七中,161,38
分班考,355,36
长郡中学,188,36
函数,169,33
二次函数,193,32
哈三中,157,32
深圳中学,223,32
免费专区,113,30
数列,197,29
雅礼中学,216,28
免费,73,27
历史,326,27
试卷,336,27
第一次月考,422,26
T8联考,218,25
听力,181,25
圆,129,25
长郡,205,25
江南十校,247,24
深圳,203,24
高 考 2026高考真题,155,24
一模,213,23
圆创,129,23
开学考 分班考 高一,195,23
导数,120,22
开学,263,22
语法填空,182,22
重庆八中,172,21
镇海中学,101,21
人大附中,109,20
地理,159,20
巴蜀中学,221,20
政治,204,20
湖北圆创联盟,94,20
高考真题,125,20
2026 0 01卷 高考,77,19
2026 0 01卷 高考数学,82,19
天一大联考,78,19
学易金卷,381,19
日语,129,19
衡水中学,135,19
解三角形,131,19
大庆实验中学,117,18
高一,82,18
东北师大附中,131,17
分班考 初一,213,17
合肥一中,88,17
基本不等式,77,17
开学考试,177,17
八省联考,110,16
圆锥曲线大题,77,16
开学测,180,16
高 考 2025高考真题,70,16
高一数学,71,16
高三,190,16
A10联盟,109,15
华中师范大学第一附属中学,127,15
南京师范大学附属中学,91,15
哈尔滨师范大学附属中学,157,15
天一,104,15
学军中学,85,15
期初考试,167,15
江淮十校,98,15
联考,145,15
辽宁名校联盟,61,15
重庆一中,75,15
雅礼,113,15
高三开学考9月,118,15
2026 0 0 1卷 全国高考 数学,50,14
A10 联盟 1号 安徽 高三上学期开学考,109,14
作文,93,14
入学考,141,14
入学考试,195,14
单词,63,14
南开中学,95,14
哈尔滨第三中学,67,14
文言文,70,14
炎德英才,70,14
炎德英才大联考,113,14
物理竞赛,65,14
空间向量,62,14
竞赛,157,14
英语听力,56,14
A10联盟2026届高三上学期8月底学情调研,142,13
z20,90,13
山东省实验中学,79,13
立体几何,70,13
课本,44,13
集合,108,13
2026,81,12
分班,123,12
华南师范大学附属中学,78,12
名校联盟,63,12
圆创联盟,58,12
完形填空,89,12
衡水,46,12
课件,62,12
辽宁省实验中学,45,12
重庆巴蜀中学,52,12
高 考 2026高考真题全国一卷,70,12
高考数学,53,12
10月,134,11
A10,67,11
Z20 02026届高三第一次联考,84,11
上好课,100,11
东北育才,68,11
二中,47,11
分班 开学考,166,11
历城二中,49,11
四川 0 2026 高考真题,27,11
安徽,67,11
定语从句,56,11
小升初分班考,220,11
强基计划,77,11
武汉,81,11
江西,101,11
泉州五中,48,11
相似三角形,65,11
石家庄二中,75,11
立体几何与空间向量,47,11
阅读理解,62,11
高二开学考,79,11
高考卷,83,11
10月月考,131,10
上海中学,40,10
人教版,85,10
全等三角形,48,10
南京,88,10
南昌,91,10
反比例函数,58,10
因式分解,59,10
大连二十四中,40,10
实验中学,20,10
小 升 初,73,10
小 升初分班考,62,10
山西大学附属中学,35,10
开学考 分班考 高一上,113,10
开学考高三,155,10
强基,67,10
新高考1卷,53,10
江淮十校2026届高三8月第一次联考,49,10
浙江,46,10
湖北圆创,48,10
湖北圆创联盟27高三上学期开学考试,42,10
高三 开学 2026 摸底 上,155,10
高考英语,208,10
高考语文,42,10
2026 0 0 1卷 全国英语高考,38,9
2026高考,58,9
Z20 02026届高三第一次联考英语,34,9
一中,63,9
七年级上册,56,9
三中,26,9
俄语,114,9
入学,60,9
八中,51,9
初一分班考,113,9
动量,32,9
化学平衡,48,9
华师一附中,42,9
南开中学重庆,41,9
名校联盟 2026 辽宁,46,9
圆创8月,38,9
圆创八月联考,75,9
大连24中,38,9
天一中学,57,9
天津一中,55,9
巴蜀,24,9
师大附中,27,9
平面向量,76,9
德强,50,9
成都 七中,48,9
抽象函数,61,9
期中考试,98,9
板块模型,45,9
椭圆,38,9
海南中学,83,9
湖北,31,9
福州一中,39,9
衡水二中,31,9
读后续写,57,9
重庆 八中,43,9
重庆市第一中学,37,9
长沙,73,9
阅读,58,9
青岛,112,9
高一物理必修一,27,9
高三化学,23,9
高二上学期开学考,98,9
2026 0 0 1卷 高考 化学,23,8
2026 0 0 2卷 全国高考 数学,30,8
G12名校协作体,54,8
Z20,80,8
七中,47,8
专题,58,8
东北师范大学附属中学,27,8
中 考,25,8
九师联盟,79,8
云南,73,8
免费专区数学,43,8
分班测 七年级入学,92,8
初一分班考试,50,8
力的合成与分解,36,8
南开,31,8
受力分析,37,8
名校协作体,103,8
名校协作体开学考浙江,37,8
圆创联盟八月,18,8
塘沽一中,112,8
安徽 A 10联盟高三开学考,57,8
小 升初2025分班考,54,8
山大附中,49,8
思维导图,54,8
教材,27,8
数学必修一,42,8
月考卷,88,8
有理数,21,8
期末试卷,87,8
武汉 3月 调研 2026,30,8
河北,70,8
河南省实验中学,40,8
海门中学,32,8
湖南,45,8
湖南师大附中,40,8
物理必修三,44,8
第一单元,30,8
育才,44,8
自主招生,187,8
苏州中学,38,8
襄阳四中,38,8
西工大附中,36,8
解析几何,34,8
计算,60,8
辽宁中考,52,8
酸碱盐,47,8
重庆 一中,13,8
重庆市第八中学,35,8
金考卷,37,8
高一下学期期末,65,8
高一期末,100,8
高一物理,41,8
高二上开学考,116,8
高考物理,91,8
龙东十校联盟,118,8
2 二次函数,15,7
2022 0 1全国1 数学高考,29,7
2026 0 0 1卷 全国高考 语文,25,7
3500 词汇背诵word版,40,7
一元二次方程,31,7
一轮复习,33,7
七彩阳光高三上开学考试,83,7
三角 函数025一轮专题测,39,7
不等式,54,7
东莞中学,16,7
中考2026,31,7
中考试卷,56,7
九年级上学期阶段检测,30,7
九省联考,42,7
人大附,21,7
免费的试卷,29,7
入学分班考,30,7
八下物理,32,7
八年级下册数学,40,7
分班考 高一,37,7
分班考试卷小升初,52,7
北京,57,7
北京中考,31,7
北大附中,44,7
单元卷,52,7
厦门,61,7
厦门一中,31,7
厦门外国语学校,33,7
合肥八中,28,7
听力检测,33,7
哈九中,20,7
嘉祥,24,7
圆锥曲线专题,44,7
基因工程,47,7
大连,22,7
天一大联考安徽2025年8月高三秋季检测,45,7
天津市第一中学,13,7
奥林匹克数学竞赛,56,7
山东期末,58,7
广州,53,7
惠州市第一中学,96,7
成都0诊,26,7
数学开学考,23,7
数学期末,29,7
暑假作业,96,7
月考 第一次,120,7
月考10月,27,7
期初,65,7
期末卷,49,7
期末考试,124,7
期末考试卷,50,7
杭州二中,36,7
武汉04月调研,30,7
沈阳,78,7
海安高级中学,34,7
炎德,35,7
生物必修一,33,7
第一次,20,7
红岭中学,16,7
组卷网,33,7
自主招生数学,52,7
苏州,79,7
襄阳五中,11,7
西附,27,7
计算题,71,7
语法,27,7
辽宁,67,7
辽宁期中,130,7
银川一中,45,7
高 二 0 026 高二上学期 数学,13,7
高一上学期期中,66,7
高一英语,31,7
高三上学期9月开学考,105,7
高三上学期开学考,97,7
高三上开学考,59,7
高三入学考试,47,7
高三开学测,152,7
高三数学,80,7
高三英语,68,7
高二,26,7
高考高频词汇,15,7
101中学,25,6
2025 0 1全国1一卷英语卷高考,27,6
2026 0 0 2卷 全国高考 语文,18,6
2026成都中考,58,6
2026高考语文,19,6
9月,50,6
9月月考,154,6
T8,19,6
Z20名校联盟2026届高三第一次联考,41,6
《乡土中国》,25,6
一次函数,32,6
七选五,37,6
上 好课,24,6
上海,34,6
东莞,164,6
中国人民大学附属中学,22,6
九年级上学期期中,56,6
二级结论,22,6
传送带模型,37,6
入学考试 高中 高一,60,6
全国1卷,21,6
八下数学期末,46,6
八年级上册,19,6
八省联考数学,32,6
六校联考,19,6
内江六中,19,6
分班卷,39,6
分班考 初一数学,45,6
力学,18,6
华东师范大学第二附属中学,73,6
华师1附中,21,6
南师大附中,26,6
南昌二中,35,6
南通,46,6
压轴题,38,6
厦门双十中学,53,6
合肥,82,6
合肥一中高一,47,6
吉林市第一中学,37,6
名校协作体开学考浙江高二上,49,6
哈尔滨德强中学,21,6
哈师大附中,8,6
园创联盟,16,6
圆锥曲线 大题2025高三题型归类,21,6
圆锥曲线中常用的二级结论,61,6
字帖,24,6
安徽 A 10联盟,9,6
安徽 A 10联盟高三上学开学考,38,6
安徽六校教育研究会2026届高三年级入学素质测试,43,6
小 升初,101,6
小说,22,6
开学分班考,40,6
开学考 分班考,63,6
开学考高三上,27,6
成都,20,6
江南十校联考,93,6
江西师大附中,31,6
沈阳120中学,34,6
泉州,67,6
泉州市2026届高中毕业班质量检测一,17,6
浙江中考,19,6
海安,27,6
淮阴中学,47,6
深圳高三开学考,7,6
深圳高级中学,31,6
湖南师范大学附属中学,19,6
物理2026高考真题,21,6
物理期中,38,6
物理期末,38,6
物理电学,30,6
物理竞赛 2024年第41届初赛真题,28,6
理解性默写,17,6
生物遗传专题,34,6
省实验,21,6
知识点,66,6
福州,66,6
福州三中,30,6
福州市高三年级第一次质量检测,71,6
答题卡,73,6
红楼梦,39,6
绵阳中学,14,6
绵阳南山中学,13,6
英语 听力2025 含听力材料及录音,15,6
西南大学附属中学,18,6
讲义,26,6
语文文言文120个实词和虚词,47,6
语文阅读理解,32,6
辽宁省名校联盟,41,6
辽宁阶段检测,14,6
追及相遇问题,59,6
道法,30,6
邯郸,48,6
重庆南开中学,22,6
重庆巴蜀中学校,82,6
重庆市第一中学校,336,6
长沙市一中,19,6
长沙市第一中学,38,6
青岛五十八中,20,6
青桐鸣,56,6
青桐鸣大联考,39,6
驻马店市一高高一入学分班考试,52,6
高 一 0 上学期,22,6
高 考 2026高考真题全国二卷,17,6
高 考 英语2026高考全国1卷真题,11,6
高一10月月考,87,6
高一上学期阶段检测,19,6
高一下期末,73,6
高一分班考,35,6
高一开学考,35,6
高一语文,16,6
高二开学考试,61,6
高考1卷,28,6
高考作文,24,6
高考地理,33,6
高考试卷,24,6
鲁能巴蜀,34,6
1 一元二次方程,16,5
1 空间向量及其运算,47,5
10月份月考,29,5
12 《论语》十二章,10,5
2.1.2 基本不等式,14,5
2024,29,5
2025 2026 01 七年级下册期末试卷,24,5
2026 0 0 1卷 全国高考 物理,11,5
2026 0 0 1卷 全国高考 英,13,5
2026 0 0 2卷 全国英语高考,12,5
2026 0 0 2卷 全国高考,24,5
2026 年 0 1卷 全国 1 高考,17,5
2026 高考 01 卷 高考真题 英语,24,5
2026中考,27,5
26年 1卷 高考,21,5
A9协作体,20,5
G12名校协作体高二开学考上学期,29,5
Z20名校联盟,14,5
Z20高三第一次联考,12,5
www zxxk com参考答案,66,5
《红楼梦》,25,5
一元二次方程计算题,18,5
一年级,13,5
七彩联盟高三上学期返校考,46,5
三角函数专题,12,5
三角恒等变换,12,5
专项,30,5
专项练习,32,5
东北师大附中高一下学期期末,12,5
东北师大附中高二,16,5
东华高级中学,21,5
中山,80,5
中考化学,15,5
中考卷,20,5
中考英语,43,5
二模,79,5
二次根式,28,5
云南师范大学附属中学,39,5
人大附中2026,21,5
作文素材,23,5
佳木斯市第一中学,22,5
入学分班考试,23,5
八上数学期末,17,5
八上数学期末试卷,73,5
八中 重庆,73,5
六中,53,5
六校,36,5
函数单调性,16,5
分班卷真题卷,50,5
分班考试卷,56,5
初一分班考数学,9,5
动能定理,46,5
化学高考真题,10,5
北京101中学,10,5
北京中考2026,10,5
北京二中,20,5
北京期末,20,5
单元测试,24,5
南充市 2 026期末试卷高一,22,5
南宁,34,5
南师附中,22,5
南开 重庆,22,5
口算,23,5
合肥 1中,12,5
合肥168,23,5
名校,13,5
名词性从句,38,5
哈三中2025 2026学年度下学期高二学年期末考试语文试卷,14,5
哈尔滨,36,5
哈尔滨师大附中,13,5
嘉兴,27,5
圆创2026,11,5
圆周运动,23,5
复旦附中,16,5
外国语,39,5
外国语学校,27,5
大庆铁人中学,33,5
大连二十四中学,15,5
大连市第二十四中学,23,5
大题,42,5
天津,55,5
天津高考,21,5
奥数,24,5
安徽六校联考,27,5
安徽六校联考高一入学,20,5
导数 023专题一轮复习,22,5
导数大题,27,5
小 升 初 2025 人教版,30,5
小升初分班考2026,47,5
小升初英语,30,5
小升初语文,27,5
山东,63,5
山东省实验,14,5
常州,114,5
平面直角坐标系,24,5
广东期中,11,5
广州市第二中学,29,5
延安中学,34,5
开学分班考 高一,43,5
开学考九上,35,5
开学考试卷高一上学期,44,5
开学考高二上学期,45,5
徐州中考,21,5
必刷题,12,5
忻州一中,23,5
惠州一中,40,5
成都七中2025 2026学年高一下学期半期考试,22,5
执信中学,14,5
扬州中考,14,5
抛物线,35,5
摸底考试,28,5
政治必修二,17,5
数列专题,60,5
数学 100篇专项训练,34,5
数学竞赛,119,5
数学高三,5,5
日照开学考,67,5
日语2025高考考日语卷,34,5
昆山,30,5
晋江一中,43,5
暑假自学课,177,5
模拟,28,5
武威一中2026年春季学期高二年级开学检测英语试卷,10,5
永州二中高一入学考试,32,5
汕头,28,5
江淮十校2026届高三第一次联考,11,5
江苏九年级上学期期中,125,5
江苏省扬州中学,42,5
江西师范大学附属中学,22,5
沈阳二中,21,5
河北保定,17,5
泉州实验中学,28,5
泰州,149,5
济宁高三开学考,27,5
浙南名校,31,5
浙江省名校协作体,47,5
海安中学,6,5
深 圳0 2026 二模,7,5
深中,22,5
清华大学,17,5
清华大学附属中学,22,5
清华附中,23,5
温州,32,5
湖北省荆州市2025 2026高一下学期7月质量检测试卷,36,5
湖北省高中名校联盟2027届高三第一次联合测评,15,5
漳州市2026届高中毕业班第一次教学质量检测,54,5
潮阳实验学校,19,5
濮阳市第一高级中学,70,5
点石,26,5
牡丹江一中,14,5
物质的量,9,5
现在完成时,30,5
珠海,83,5
生物高考,11,5
电场,21,5
皖南八校,30,5
皖江名校联盟,23,5
盐城,18,5
石门中学,12,5
福建学考,34,5
离子反应,23,5
立体几何大题,70,5
第一次 月考,6,5
精英中学,19,5
红岩,38,5
组卷,9,5
经济与社会,19,5
翔宇,27,5
自招 数学,26,5
自然地理,22,5
芜湖一中,14,5
英語,87,5
英语语法,18,5
英语语法填空 100篇 专项训练,22,5
荆州中学,25,5
菏泽,33,5
语文作文 2026备考素材作文,18,5
语文阅读 100篇专项训练,34,5
语文高考,27,5
语文高考卷,12,5
质检,11,5
辽宁10名校联盟高三上学期开学考,34,5
辽宁名校联盟9月,38,5
辽宁名校联盟9月高三,31,5
辽宁省名校联盟2025年高三9月份联合考试数学,19,5
郑州外国语,25,5
郑州外国语学校,38,5
重庆 0224八中,43,5
重庆市南开中学,27,5
重庆市育才中学,24,5
金 考卷 2026 版,14,5
金太阳,46,5
零模,45,5
青岛 0 202 6 高三 三模,16,5
非连续性文本阅读,17,5
高 一,94,5
高 一 0 上学期 人教版 必修一数学,15,5
高 一 数学,42,5
高 三,64,5
高 考 2025高考真题全国一卷,11,5
高 考卷 2026年真题,7,5
高一上10月月考,70,5
高一入学考,56,5
高一入学考试,35,5
高一政治,31,5
高一期中,35,5
高一期末英语,27,5
高一第一次月考,98,5
高三 开学 2026 摸底 上数学,19,5
高三9月开学考,60,5
高三一模,54,5
高三一轮复习,29,5
高三上9月,109,5
高三物理,18,5
高中,57,5
高中120个文言实词,15,5
高中数学,23,5
高二上学期10月月考,32,5
高二上学期期中,54,5
高二上开学考数学,36,5
高二开学考上学期,28,5
高二期末,53,5
高考 数学,123,5
高考历史,13,5
高考模拟卷,23,5
黄冈中学,11,5
龙东,28,5
1.2导数的概念及其几何意义,15,4
1.2（1）物质的量 阿伏伽德罗常数,13,4
126中学 沈阳,17,4
2.1 全等三角形的判定,12,4
2.2 三角函数的计算,9,4
2020 0 1 0卷 数学高考 真题 全国 1 卷,19,4
2024 0 0 1卷 全国英语高考,7,4
2025 1卷 全国高考 语文,15,4
2025全国1卷,20,4
2025小升初全真模拟,64,4
2026 0 0 1卷 高考 数学,26,4
2026中考数学,46,4
2026中考语文试卷,22,4
2026山东历史高考真题,14,4
2026年全国高考二卷,15,4
2026年普通高等学校招生全国统一考试,27,4
2026年普通高等学校招生全国统一考试语文,11,4
2026江西中考数学,20,4
2026长沙中考,14,4
2026高考化学,21,4
2026高考数学,5,4
2027,51,4
2027届,65,4
25 年 0 1卷 全国 1 卷 英语 高考真题,8,4
3500词高中,6,4
A10联盟2026届高三8月份,17,4
A9协作体高三暑假返校,23,4
NT20,30,4
Z20 02026届高三第一次联考物理,12,4
Z20数学高三返校考,15,4
www zxxk com,36,4
一 轮 复习 2026,4,4
一模2026,30,4
七上英语,10,4
七宝中学,37,4
七年级,28,4
七年级下学期阶段检测,12,4
万州二中,35,4
三角形,10,4
上海阶段检测,44,4
不等式 025 一轮 专题 复习,12,4
东北 师大附中,20,4
中考 1600词汇背诵,17,4
中考 数学,28,4
中考数学,15,4
中考物理,21,4
中考真题,47,4
中考语文,12,4
临汾一中,18,4
丹东六中,17,4
九上期末,34,4
九年级,6,4
九月,37,4
乡土中国,30,4
乡土中国 02026 复习资料,10,4
二十五中,17,4
二次 函数 025 二轮 专题中考,21,4
五中,11,4
仙游一中高二数学,7,4
免费试卷,22,4
入学测试,30,4
入学考试 高中 高一分班考试,13,4
全囯二卷2026高考英语,12,4
全国甲卷,11,4
全国高中数学联赛,7,4
八上期中,28,4
八上物理,9,4
八上物理期末,48,4
八下数学,39,4
八年级,30,4
八年级上学期期中,21,4
八年级物理,4,4
六安一中,17,4
六年级下学期升学模考,19,4
六校联盟,46,4
兴义八中,10,4
减数分裂,14,4
几何,14,4
几何 02 专题大题,43,4
出师表,25,4
函数专题,25,4
函数专题复习,13,4
函数对称性 单调性 周期性 奇偶性的综合高三,21,4
函数的单调性,13,4
分班测,20,4
分班考试,24,4
分班考试卷初一,12,4
初 一 0 上学期 数学,8,4
初一上册初中数学期末,20,4
初一入学考试,32,4
初中数学竞赛,46,4
力旺,18,4
力的动态平衡,11,4
动态平衡,5,4
动点,31,4
动量守恒,16,4
勾股定理,12,4
化学 1轮复习知识点,11,4
化学反应速率与化学平衡,17,4
化学实验,8,4
化学方程式,13,4
化学期末考试,18,4
化学知识清单,17,4
化学知识点总结,6,4
北京十二中,7,4
北京四中,6,4
北京大学附属中学,12,4
十一学校,11,4
十二中,11,4
华中师大一附中,14,4
华中师范大学,22,4
单元,45,4
南京二十九中,16,4
南安一中,15,4
南沙区,38,4
南海外国语,18,4
卷,41,4
卷子,9,4
历史小论文,21,4
厦门一中高一入学考试,22,4
厦门双十,12,4
合格考真题,20,4
合肥168中学,30,4
吉林,51,4
名校协作体开学考,37,4
周南中学高一上学期入学考试,42,4
周测,42,4
哈三中高一下期末,14,4
哈三中高一期末,19,4
哈六中,26,4
哈尔滨市第三中学,9,4
哈尔滨第九中学,13,4
唐山一中,13,4
嘉祥外国语学校,14,4
嘉积中学,13,4
四川阶段检测,11,4
四年级数学,11,4
四级英语真题,5,4
圆锥曲线专题训练,27,4
地 理,21,4
基因工程大题,18,4
基本不等式专题,18,4
基础,14,4
复旦大学附属中学,36,4
大庆一模,15,4
大庆实验,9,4
大连育明,15,4
大连育明高级中学,26,4
天 一 大联考 1 2026安徽,13,4
天 一大联考,14,4
天津市南开中学,16,4
天津第一中学,8,4
太行中学,18,4
如皋中学,117,4
字水中学,33,4
学业水平合格性考试,33,4
宁夏育才中学,18,4
宁波九校,48,4
宁波市2025学年第二学期期末九校联考,18,4
安徽A10联盟2026届高三8月份开学考,11,4
安徽天一大联考,8,4
安徽学考,11,4
安徽高考,20,4
宏帆八中,18,4
宝安区一模,49,4
实词,50,4
宾语从句,14,4
导学案,50,4
射洪中学,18,4
小 升 冲刺 试卷,21,4
小升初数学,12,4
小升初试卷,37,4
山 东 2 0 2 6中考真题,18,4
山东名校考试联盟,10,4
山东省日语，高二下学期期末试题,39,4
山东省青岛市高三上学期期初考试 生物试题,8,4
山东高一上学期期中,15,4
山西中考,29,4
川师附中分班考,44,4
带电粒子在电场中的运动,25,4
广东,28,4
广东七年级上学期期中,4,4
广东中考,13,4
广东实验中学,10,4
广州中学,30,4
开学测试,39,4
开学考 八上,31,4
开学考 高一,17,4
开学考试卷,35,4
开门考,75,4
强基联盟,28,4
德州 2024 2025 高一 期末,9,4
必修一,13,4
怀化市铁路第一中学新高一分班,19,4
惠州市第一中学高中,21,4
惠来县第一中学,25,4
成都 1 诊,15,4
成都外国语学校,13,4
成都市中考,17,4
成都零诊,16,4
扬州,33,4
揭阳一中,17,4
摸底考,17,4
数学竞赛初中,45,4
数学选修一第一章,17,4
数学高考,8,4
文言实词,16,4
新高一开学考,85,4
新高考 2卷,25,4
新高考1卷数学,6,4
方程,12,4
旋转,29,4
无锡天一中学,9,4
日语2026高考考日语卷,17,4
春季高考,21,4
有机化学,23,4
期中卷,50,4
期中复习,12,4
期末考,17,4
杭州2中,6,4
枣庄,48,4
枣庄三中,10,4
柯桥区实验中学新初一分班考试卷,30,4
株洲市第一中学开学,17,4
株洲市第二中学,13,4
正定中学,28,4
步步高,18,4
步步高 2027大一轮复习讲义,26,4
武汉 0 9月调,20,4
武汉中考,14,4
毕节市2026期末考试卷,22,4
毛坦厂中学,36,4
毛坦厂中学暑假托管,13,4
水浒传,27,4
汇文中学,11,4
汕头市,55,4
汕头市金山中学,14,4
汕头金山中学,6,4
江南十校2026届高三综合素质检测,5,4
江科附中,17,4
江苏阶段检测,23,4
江苏高三上学期阶段检测,23,4
河北高考,8,4
泰安,30,4
济南中考,7,4
济南开学考,20,4
济宁,39,4
浙南名校联盟,11,4
浙江20 名校联 第一次联考,12,4
浙江省,26,4
浙江镇海中学,31,4
海南华侨中学,11,4
海门,21,4
深圳开学考,81,4
清华大学强基计划,9,4
温州中学,20,4
温州二模,14,4
港澳台联考,22,4
湖北省圆创8月,29,4
湖北省高中名校联盟2026届高三第一次联合测评,14,4
湖南雅礼中学,23,4
溶液,27,4
滕州一中,8,4
炎徳英才大联考2026届高三,20,4
炎德英才高三入学测评,41,4
炎德英才高三开学考,22,4
烟台市,24,4
热学,26,4
牡丹江市第一高级中学,19,4
物理力学专题复习,14,4
物理开学考,39,4
物理必修一,11,4
物理竞赛预赛,25,4
物理高考卷,35,4
状语从句,24,4
甘肃高一下学期期末,21,4
生物 遗传大题专练,7,4
生物单元卷,40,4
生物必修二,26,4
生物选修一单元卷,18,4
生物遗传题专项训练,16,4
电场 带电粒子在电场中的运动,13,4
电路图,22,4
百强校,7,4
皖南八校 2026届高三第一次大联考,30,4
盐城中学,18,4
省十联考高三上学期,24,4
省实验 2026,8,4
知识清单,33,4
石家庄,17,4
石家庄二中教育集团,21,4
石家庄精英中学,32,4
磁场,27,4
福建,30,4
福建 0 2026 中考,13,4
福建八年级上学期期中,23,4
福建省高三第一次质量检测,73,4
离子共存、离子的检验与推断,11,4
秦皇岛市第一中学,27,4
竞赛 2023 2024学年初中数学竞赛,31,4
竞赛培优,21,4
第三章,26,4
第二章,32,4
等差数列,22,4
绵阳,15,4
绵阳2026高二下期末,13,4
翻译,28,4
耀华中学,28,4
自主招生考试,19,4
英华,30,4
英语 单词 3500背诵版高中,40,4
英语 读后续写23个万能句式,34,4
英语中考,16,4
英语期末,68,4
英语试卷,22,4
英语语法填空,17,4
英语读后续写,12,4
英语高三,38,4
莆田一中,22,4
虹桥中学,11,4
蚌埠市2026届高三调研性检测,62,4
衡水金卷,28,4
被动语态,10,4
西南大学附属中学化学高一下,8,4
西安铁一中,29,4
西安高新一中,20,4
解方程,25,4
许昌市2025 2026学年第二学期期末教学质量检测,31,4
译林版,9,4
语文2026 1 卷高考真题,14,4
语文书电子版,22,4
语文作文,17,4
语文答题模板,28,4
语文高一下期末测试卷,43,4
语法专项,34,4
贯通班,12,4
赣抚吉,18,4
辽宁10名校联盟,19,4
辽宁七校协作体,19,4
辽宁省实验,35,4
运动,8,4
运动学,25,4
连接体模型,15,4
道德与法治,33,4
遗传,5,4
邢台市第一中学,23,4
邯郸一中,11,4
郑州一中,23,4
郸城一高,23,4
重庆,37,4
重庆 0224巴蜀,22,4
重庆七中,34,4
重庆中考,15,4
重庆中考数学,11,4
重庆外国语学校,18,4
重庆实验外国语学校,8,4
重庆市巴蜀中学,25,4
金版教程,32,4
铁一中,40,4
镇海中学试卷,13,4
长春东北师范大学附属中学,22,4
长郡中学 026高三,24,4
长郡二十校,12,4
闭合电路欧姆定律,17,4
阅读 100篇专项训练,28,4
雅礼 中学,13,4
青羊区,11,4
音标,24,4
马鞍山一模,6,4
驻马店市第一高级中学,29,4
高 1 必修1,6,4
高 一 上学期10月第一次月考,39,4
高 二 0 2024 2025 026 高二下学期期末 数学,33,4
高一 英语,25,4
高一上学期期中考试数学,15,4
高一上期中,46,4
高一上第一次月考,24,4
高一下数学期末试卷,18,4
高一下新疆数学期末试卷,25,4
高一入学分班考,105,4
高一分班,56,4
高一化学,17,4
高一开学考分班考试,29,4
高一昆明统测,58,4
高一月考10月,27,4
高一期末化学试卷,22,4
高一期末英语试卷,25,4
高一第一次月考上学期,84,4
高一集合练习题,6,4
高三0模,14,4
高三上9月开学考,34,4
高三二模,64,4
高三开学,36,4
高三开学考9月化学,9,4
高三开学考安徽,61,4
高三生物,9,4
高中一轮复习导数题专题,8,4
高中数学二级结论大全和推导过程,18,4
高中英语3500词,17,4
高二 开学考,44,4
高二上册数学第1次月考,26,4
高二上学期开学考试,27,4
高二上开学考物理,21,4
高二上数学期中,41,4
高二期末考试,51,4
高考二卷,11,4
高考化学,50,4
高考地理2026年真题,16,4
高考物理2026,8,4
高考试卷2026,26,4
鲁科版三年级上册新,56,4
黑吉辽盟2026届高三上学期开学,30,4
黑吉辽蒙卷,50,4
黑龙江八年级上学期期中,24,4
鼎尖教育,23,4
齐齐哈尔实验中学,17,4
1 .1锐角三角函数,6,3
1 一元二次方程和它的解,9,3
1 一次函数,10,3
1 二元一次方程,7,3
1 二次函数,12,3
1 函数的概念,5,3
1. 匀变速直线运动的研究,3,3
1.1 化学反应与能量变化,20,3
1.2 三角函数计算,6,3
10,3,3
120个文言实词,14,3
134,10,3
19.5 反比例函数,7,3
2 空间向量及其运算,10,3
2.2（1）化学平衡有关计算,7,3
2.3 全等三角形常见模型及其构造,5,3
2.3 直线与圆的位置关系,6,3
2003 高考数学试卷,3,3
2017 01 全国卷1高考理科数学真题,13,3
2021 0 1 0卷 全国1卷英语,7,3
2022 1卷 高考真题,9,3
2023,19,3
2024 0 0 1 1卷 全国数学高考,21,3
2024 2025,19,3
2024年高考英语真题,7,3
2025,17,3
2025 0 1 1卷 数学,5,3
2025 0 全国高考英语一卷,5,3
2025 全国一卷 语文 高考真题,7,3
2025 年 0 1卷 全国 1 卷 数学 高考 真题,10,3
2025八省联考,64,3
2025年普通高等学校招生全国统一考试,13,3
2025年普通高等学校招生全国统一考试语文,13,3
2025级定西一中高一开学考试卷,68,3
2025高考,10,3
2026 0 0 1卷 全国高考 俄语,7,3
2026 0 01卷 高考英语,10,3
2026 年高考真题,20,3
2026 物理 1卷 高考全国卷真题,10,3
2026 英语 1卷 高考全国卷真题,22,3
2026 高考 语文 1卷试卷,6,3
2026 高考数学1卷,5,3
2026-2027学年高二英语开学检测,18,3
2026Z20名校联盟,6,3
2026中考卷,15,3
2026云南高考化学,6,3
2026全国2卷数学,6,3
2026全国一卷,25,3
2026八省联考,125,3
2026北京6月高考,9,3
2026北京中考语文,7,3
2026南通中考数学卷,20,3
2026圆创,14,3
2026天津高考数学,5,3
2026届河北张家口市第二中学高三下学期考前模拟预测语文试题,10,3
2026山东政治高考真题,8,3
2026山东高考,14,3
2026山东高考历史,6,3
2026山东高考生物,7,3
2026年临沂市高一期末题,12,3
2026年化学高考真题,15,3
2026年北京高考数学真题,11,3
2026年四川省普通高中学业水平选择性考试地理,10,3
2026年山东中考数学真题,10,3
2026年济南市高二下学期地理期末,16,3
2026年秋季高二开学学情自测卷英语,11,3
2026年语文全国一卷,7,3
2026年高考,13,3
2026年高考全国1卷语文,9,3
2026年高考四川卷物理高考真题,6,3
2026年高考数学一卷,18,3
2026年高考语文卷,10,3
2026广东物理高考,12,3
2026数学全国二卷,9,3
2026新高考 卷语文真题完整word,7,3
2026普通高等学校招生全国统一考试,7,3
2026杭州二模数学,29,3
2026河南高考卷物理,7,3
2026浙江中考,8,3
2026湖北圆创,3,3
2026物理,16,3
2026福建省联考,37,3
2026高三上9月开学考试,11,3
2026高考 1 卷,4,3
2026高考1卷语文,5,3
2026高考物理,27,3
2026高考英语,10,3
26年化学高考真题,15,3
26年物理高考真题,12,3
3 三角函数的应用,12,3
3.1 一元二次方程实际应用（上）,14,3
3500词,9,3
43,6,3
43中学,5,3
A,3,3
A10开学考高三,18,3
A10联盟2026届高三上学期8月底学情调研数学,8,3
A10联盟高三,16,3
G12,7,3
PPT,10,3
PPT1 免费,13,3
Z0名校2025高三,11,3
Z20 2026届高三第一次联考,19,3
Z20创新班联考,23,3
Z20名校联盟2025届高三第一次联考,38,3
a10,11,3
ppt,10,3
www.zxxk.com,8,3
z20数学,14,3
z20高三第一次联考地理,12,3
《朝花夕拾》,9,3
《红星照耀中国》,18,3
《西游记》,13,3
一 模,18,3
一 轮 复习 2027,26,3
一中入学考,16,3
一二0,8,3
一元二次方程单元测试卷人教版,21,3
一年级奥数,8,3
一战成名,9,3
一本,9,3
一线三等角模型,15,3
一般将来时,14,3
一遍过2026人教版,5,3
一零一中学,10,3
七年级上册数学期中考试试题,41,3
七年级上学期期中,8,3
七年级下册英语试卷卷子期末,5,3
七年级分班考,37,3
七校联考,25,3
万州中学,7,3
万有引力,17,3
万有引力与宇宙航行,26,3
三中期末,5,3
三升四 2026年暑假数学人教版,9,3
三年级上册英语,7,3
三明市,32,3
三角 函数,7,3
三角 函数 025 一轮 专题,15,3
三角函数诱导公式,18,3
上好每一堂课,12,3
上宝中学,9,3
上海2024年青浦区高三一模英语,5,3
上海交通大学附属中学,9,3
上海市八上物理期末,42,3
上蔡一高,17,3
不等式 025 一轮 专题 复习 初一,21,3
东北师大附中高一,5,3
东北育才学校,31,3
东莞市,33,3
中考广东,9,3
中职数学基础模块上册,11,3
临川一中,12,3
丹东小升初,21,3
丽水市2025学年第二学期普通高中教学质量监控,12,3
乐平中学,20,3
九上 第1章 二次函数,10,3
九上化学单元测试卷,6,3
九上化学第一单元测试卷,11,3
九上数学期中,62,3
九上数学期末,28,3
九上期中,30,3
九上英语,12,3
九上英语单词循环记资料,38,3
九上英语单词表,17,3
九上语文期末,7,3
九年级上册,6,3
九年级上册人教版数学第一单元综合卷,20,3
九年级上册数学第一次月考,22,3
九年级开学考,32,3
九校联考,16,3
九省联考 1月 2024,7,3
二中开学考,13,3
二十七中,11,3
二十中,9,3
二次 函数,8,3
二次2函数,12,3
二次函数压轴题,23,3
二诊,13,3
云南昆明,6,3
云师大附中,21,3
五年级下册试卷,23,3
五年高考三年模拟,12,3
交通大学附属中学,21,3
人教版英语 九年级全一册 Unit 9 2012年版 单元测试卷,24,3
优化方案,14,3
会考,6,3
佛山一中,8,3
佛山二模,12,3
佛山市,26,3
佳木斯一中,3,3
佳木斯第二中学,5,3
侨中,4,3
俄语 2026高考试卷真题,11,3
信阳,100,3
信阳高级中学,7,3
信阳高级中学 高一上学期开学考试,9,3
光,3,3
入学分班考试英语,24,3
入学测,23,3
入学考 高一,34,3
入学考试7年级,9,3
全品学练考,13,3
全囯二卷,3,3
全国乙卷,15,3
全国二卷,7,3
全国二卷数学,6,3
全国二卷语文,5,3
全国高考二卷,11,3
全国高考英语2026年一卷,11,3
八 省 联 考 2 0 2 6 届 高 三 年 级,11,3
八上数学期中卷,51,3
八上月考卷数学第一次,11,3
八上物理第一单元检测,22,3
八上第一次月考,13,3
八下,32,3
八下 数学期末测试卷,4,3
八下期末,56,3
八下英语期末,11,3
八年级上册数学北师大版勾股定理,19,3
八年级上册数学期末,11,3
八年级下册,7,3
八年级下册数学期末考试,20,3
八年级下册物理期末,33,3
八年级数学,18,3
八年级数学竞赛,40,3
六年级,5,3
六年级上册圆,15,3
六年级入学考,27,3
六校联考高三开学考,6,3
兰山区,40,3
兰生复旦,35,3
兴义八中高素班试卷,26,3
冀教版,19,3
内江一中,3,3
内能,22,3
内蒙古,11,3
内蒙古呼和浩特市高三2025第一次质量检测,12,3
内蒙古高一下学期期末化学,18,3
凉山州六年级下册数学,7,3
凤鸣山中学,30,3
分班考试卷小升初分班考试,26,3
初一入学分班考试,17,3
初一分班考试卷数学,23,3
初一开学考试题,4,3
初一数学卷子,16,3
初一第一次月考,17,3
初一英语单词默写,17,3
初三成都市一诊,40,3
初中开学分班考,17,3
初升高,8,3
初升高 2025 初升高 暑假衔接,19,3
初联,12,3
初高中衔接直通车道德与法治,23,3
初高衔接,7,3
力,9,3
力学实验,21,3
动图,14,3
动点问题,7,3
动量定理,25,3
勤径学升,24,3
匀变速直线运动单元测试,15,3
化合价,37,3
化学 1轮复习,6,3
化学 1轮复习知识点记背,26,3
化学 必修一 1必背知识点清单总结,8,3
化学九上,3,3
化学元素周期表,9,3
化学元素周期表背诵 九年级,8,3
化学方程式汇总,13,3
化学有机大题,13,3
化学期末,21,3
化学竞赛,18,3
化学试卷,3,3
化学高一下期末,10,3
化学高三,5,3
北京人大附中,5,3
北京八中,28,3
北京四年级上学期阶段检测,12,3
北京大学强基计划,19,3
北京师范大学附属实验中学,8,3
北京期中,23,3
北京英语,17,3
北京高考,9,3
北师大版,6,3
北辛中学,13,3
十一中,13,3
十一高,3,3
十九中,14,3
十八中,13,3
十堰市第一中学,5,3
十堰市郧阳中学,6,3
十字相乘法,11,3
升学考试,5,3
华大新高考联盟,74,3
华师大二附中,9,3
华附,18,3
单 词 背 默,24,3
单招,7,3
南京外国语学校,17,3
南京市2025高一10月月考,23,3
南京市2026届高三年级学情调研,20,3
南充高一期末数学,10,3
南充高中2026高一上期中卷,18,3
南充高级中学,6,3
南宁三中,10,3
南宁二中,14,3
南安侨光中学,10,3
南师大,15,3
南昌一中,22,3
南昌二中2024 2025高一下期末考试,16,3
南昌市,17,3
南昌师大附中高一语文期末,12,3
南通中学,6,3
南通中学2025 2026学年高一上学期,4,3
南阳,43,3
博山区第一中学九年级上册数学期中试题,6,3
历史01一轮复习知识点归纳,9,3
历史时间轴,15,3
历史期末,4,3
历史纲要上概括类题目,10,3
历史阶段特征,9,3
历城二中 2026 2027学年英语综合测试卷,26,3
原创,4,3
原电池,8,3
厦门第一中学,26,3
双十中学,5,3
双曲线,9,3
双流区,17,3
双菱中学,3,3
句型专项,8,3
台州市2025学年第二学期高一年级期末质量评估试题英语,15,3
合格考,49,3
合肥 一中,9,3
吉林中考,12,3
名校联盟9月,13,3
向量,8,3
听力 100篇专项训练,12,3
听力/词汇,11,3
和平区期末,23,3
哈三中2025 2026学年度上学期高三学年第一次验收考试化学试卷,21,3
哈三中2025 2026学年度下学期高一学年期末考试英语试卷,9,3
哈三中二模,5,3
哈三中物理高三8月月考,18,3
哈三中英语高一期末,19,3
哈尔滨三中,14,3
哈尔滨中考英语,26,3
哈尔滨九中,6,3
哈尔滨六校联考卷,22,3
哈尔滨市第三中学校,24,3
哈尔滨市第九中学,19,3
哈尔滨市英语中考模拟卷,14,3
哈尔滨德强,9,3
哈尔滨高三数学开学考,18,3
哈师大青冈实验中学,6,3
哲学的基本问题,6,3
唐山市2024 2025学年高三上学期开学摸底演练,13,3
四十二中,3,3
四川,20,3
四川 0 2026 中考真题,11,3
四川合格考,21,3
四川合格考英语,11,3
四川省成都市第七中学,28,3
四川省绵阳市高一期末数学试卷2026,13,3
四年级上学期阶段检测,6,3
四级,5,3
因式分解 100道,3,3
因式分解100道练习题,7,3
因式分解专项练习,6,3
圆创8月数学,3,3
圆创联盟高三数学试卷,12,3
圆周运动临界问题,21,3
圆的最值问题,21,3
圆锥 曲线025 一 轮 复习基础,12,3
圆锥 曲线025 一 轮 复习基础解答题知识梳理,15,3
圆锥曲线定点问题,10,3
地理 01 一轮复习,34,3
地理试卷,19,3
地理高考真题,5,3
城阳第一高级中学,24,3
培优 拔尖培优专题,15,3
基因和染色体的关系,14,3
基本 不等式12种题型,10,3
基础知识综合练,8,3
塔城地区一高,21,3
大庆中学,8,3
大港一中,8,3
大连二十四,6,3
大连八中,3,3
大连市第八中学,8,3
天一中学物理,7,3
天一大联考高三开学考,3,3
天域,13,3
天星 2026 版 45 套卷,11,3
天水市一中开学考物理,15,3
天津 一中,11,3
天津市,15,3
天津市实验中学,7,3
天津市新华中学,6,3
天津数学高考,9,3
天津期中,19,3
天津西青为明学校2025高一 开学摸底,13,3
太原五中,14,3
太湖中学,16,3
奥数6年级,22,3
如皋,26,3
学 易金卷,14,3
学业,13,3
学业水平考试,15,3
学业水平考试真题,13,3
学林试卷,14,3
学考,18,3
宁波十校联考,7,3
宁波市七下语文期末考试卷,8,3
安庆二模,15,3
安庆四中,11,3
安徽 0 2025 中考 试卷 数学,8,3
安徽 高考2025年真题,17,3
安徽六校教育研究会,18,3
安徽省1号卷 A10联盟2025 2026 学年高三上学期8 月底学情调研试卷,37,3
安徽省2026年中考英语试卷,9,3
安徽省六校教育研究会学年高一上学期新生入学素质测试,16,3
安溪一中,22,3
安溪小升初,17,3
安阳市七年级上册数学第一次月考试卷,17,3
完型填空 100篇 专项训练英语,24,3
宝坻九中,23,3
宝安中学,12,3
宣城中学,14,3
宣威六中,9,3
导数专项,15,3
导数专题,11,3
导数专题一轮复习,12,3
寿县三中九年级上册第1次月考,11,3
将军饮马,12,3
将军饮马-最值问题,15,3
小 升初2026分班考,28,3
小升初 分班考,33,3
小升初分班,22,3
小升初分班测实验中学数学,15,3
小升初分班考数学,30,3
小升初分班考英语试题,16,3
小升初分班考试,12,3
小升初分班考试卷,8,3
小升初数学分班考试试卷,12,3
小升初真题卷,16,3
小升初科学,24,3
小升初考试试卷,19,3
小升初英语分班考,5,3
小升初试卷2026,11,3
小升初语文试卷,15,3
小学升初中分班考试,14,3
小题狂做,10,3
山东济宁,13,3
山东省潍坊市,20,3
山东省青岛市高三期初,12,3
山东高考地理,26,3
山东高考物理真题,21,3
山大附中8月月考高三,7,3
山西,25,3
山西大学附中 2026 2027 学年第一学期高三 8 月模块诊断,21,3
山西大学附属中学开学考,54,3
巴南区,14,3
巴属中学,11,3
巴蜀中学2026届高考适应性月考卷十,19,3
巴蜀中学2026高一下期末数学,6,3
师说,16,3
常熟小升初分班考,33,3
幂函数,8,3
平凉一中2025—2026学年度第二学期期末考试卷高一语文,6,3
平面解析几何 2026一轮复习 专题,15,3
广 东省 026中考试卷,8,3
广 州 2 0 2 6 一模,6,3
广 州 2 0 2 6 中考,19,3
广东 一模 2026,20,3
广东2025高考,17,3
广东专用,15,3
广东四校联考,13,3
广东梅县东山中学,25,3
广东番禺中学,15,3
广东省实验中学,8,3
广东高考,11,3
广东高考物理,9,3
广州中考数学,20,3
广州二中,14,3
广州市,12,3
广西,20,3
广西阶段检测,8,3
广西高一月考,20,3
广西高考 2026真题,9,3
开学考 分班考 高一新生,10,3
开学考试卷高一,59,3
开学考高一上,7,3
开学考高二,13,3
弘毅新华中学,17,3
张家口一中25年高二开学考试卷,8,3
张家口市第一中学,21,3
弹簧,17,3
徐州,6,3
徐州市第一中学,20,3
微积分,6,3
德州,86,3
德州一中高一开学考,13,3
德州高三开学考,17,3
德强高中,22,3
德恒菁英学校,42,3
必修一生物,10,3
必修一英语单词,7,3
必修三,27,3
必修二,6,3
必修二化学试题,12,3
必刷 题 2026 电子版,9,3
怀铁一中新生入学分班考试,38,3
恩施州2026届高三第一次质量监测暨9月起点考试,15,3
惠安一中,13,3
惠州,28,3
惠州中学,9,3
成都0诊2027,27,3
成都中考,18,3
成都二诊,6,3
成都市第七中学,6,3
成都树德中学,5,3
成都高二下期末,9,3
扬州中学,69,3
拾懿,7,3
排列组合,14,3
摩擦力,15,3
摸底,35,3
摸底测试,20,3
政治 0 一轮复习,4,3
政治逻辑与思维,6,3
政治高考卷,22,3
政治高考真题,9,3
数 学2026高考,23,3
数列 0 一轮复习,5,3
数列 0 一轮复习 专题,11,3
数学 月考高一上第一次,15,3
数学2026中考,13,3
数学一轮复习第一章到第三章卷子,8,3
数学书电子教材,27,3
数学二次函数,13,3
数学函数 2026 常考题型归纳 高三一轮复习,5,3
数学奥林匹克竞赛,11,3
数学新课标 1 1卷 高考2025,18,3
数学期中卷,29,3
数学期末试卷,53,3
数学烟台期末,7,3
数学竞赛 高中试题,65,3
数学试卷,47,3
数学试卷期末,12,3
数学高一下期末,13,3
数学高一下期末试卷,22,3
数学高二上期中,15,3
数学高考真题,11,3
数学高考真题分类汇编,6,3
文山州,88,3
新 高一 2025年分班考试,30,3
新月联盟,11,3
新海高级中学,37,3
新疆,6,3
新疆中考真题,20,3
新高一分班考,26,3
新高三开学考,15,3
无锡,23,3
日照,45,3
日照高三开学考,9,3
日语0基础五十音图,12,3
日语一轮复习,28,3
日语高考真题,8,3
昆一中,14,3
昆明,9,3
明德中学,5,3
春季 高考 1月 2026 年 广东,5,3
春考,24,3
昭通一中教研联盟,33,3
晋城一中,8,3
晋江,16,3
普陀一模二模,29,3
暑假作业 05 分子动理论,25,3
曹杨二中,12,3
月 考,10,3
月考高一,25,3
有机化学基础,29,3
有机合成,24,3
有机推断,7,3
有理数 1000道混合运算计算题七年级,4,3
期 中,37,3
期中测试,30,3
机械能,5,3
机车启动问题,11,3
杞县高中,17,3
杨村一中,16,3
杨柳青一中,24,3
杭州一模,16,3
杭州学军中学,21,3
板块模型专题,22,3
板块运动,3,3
查成绩,4,3
树德中学,6,3
株洲二中,8,3
概率,15,3
概率 大题2026专练,14,3
正交分解专项题,23,3
武威一中,22,3
武安市第一中学,82,3
武昌实验中学,15,3
武汉 5月 调研 2026,14,3
武汉三调,13,3
武汉九调,9,3
武汉二调,7,3
武汉四调,9,3
武汉圆创,18,3
武汉市2025届高中毕业生四月调研考试,8,3
武汉市2026届高三年级五月供题,14,3
氧化还原反应,29,3
永州四中,10,3
永州市第四中学,8,3
求精中学,17,3
汕头市潮阳实验学校,8,3
汕尾市2025 2026年期末考试,18,3
江南 10 十校,6,3
江津中学,9,3
江淮十校 2026届第一次联考 word,6,3
江淮十校2026届高三8月第一次联考数学,11,3
江淮十校2026届高三8月第一次联考物理,7,3
江科附中2626高复部名师高考押题卷,18,3
江苏九年级上学期阶段检测,9,3
江苏八年级上学期期中,5,3
江苏扬州期中英语,18,3
江苏期中,9,3
江苏省2026年普通高中学业水平合格性考,47,3
江苏省南京市盐城市高三第一次模拟,24,3
江苏省海安高级中学高一2025至2026年度月考考试,39,3
江西师大附中高一分班考,7,3
江西抚州七年级下册数学期末试卷,12,3
江门,22,3
池州一中,10,3
汨罗市第一中学,11,3
沈阳126月考,24,3
沈阳20中学月考,7,3
沈阳43中学,16,3
沈阳八上英语月考,5,3
沈阳市第七中学,15,3
沙市中学,16,3
河北张家口,35,3
河北正定中学,13,3
河北省保定市语文,19,3
河北衡水中学,12,3
河北阶段检测,15,3
河北雄安新区,25,3
河南 0 2026 中考真题,15,3
河南师范大学附属中学,11,3
河南省信阳高级中学高一上,53,3
河南省实验中学2025-2026学年七年级上学期开学考试试题,21,3
河南省驻马店市高一开学,5,3
河南高一开学考,10,3
泉 州 五 中,5,3
泉州2025 2026年高三质量,9,3
泉州七中,8,3
泉州八上语文试卷,14,3
泉州市2026届高中毕业班质量检测一化学,6,3
泰安市肥城市高三年级开学考,9,3
泰州中考,35,3
洛阳市第一高级中学,16,3
活化能,12,3
济南2026中考真题,6,3
济南一模,12,3
济南高三开学考,15,3
济宁2026高一期末,9,3
济宁2026高二期末,30,3
济宁一中开学考高三,26,3
济宁市,9,3
济宁高三期中,9,3
浙江 1 2026高考,8,3
浙江1月,5,3
浙江强基联盟,33,3
浙江强基联盟2025年8月高三联考,20,3
海伦一中2024 2025学年度第二学期期末考试高一年级化学试题,17,3
海南中学第0次月考,4,3
海南中学高三第零次月考,13,3
海口中学,7,3
海淀,17,3
淄博实验中学,18,3
淮北十二中新高一开学考试试卷,15,3
淮安开明期中,20,3
深 圳 0 2026 一模,6,3
深 圳 0 2026 二模 数学,13,3
深中 华附 广雅 省实四校联考,13,3
深圳中考,55,3
深圳中考英语,10,3
深圳外国语学校,4,3
深圳市一模,12,3
深圳数学中考真题,17,3
清华大学2026年强基数学笔试真题,6,3
清远市,9,3
清远市第一中学,12,3
温州一模,21,3
温州市普通高中2026届高三第一次适应性考试,15,3
游标卡尺 和螺旋测微器读数,11,3
湖北九师联盟,6,3
湖北化学高三,14,3
湖北圆创联盟 2027,17,3
湖北圆创联盟试卷,7,3
湖北圆创联考高三,8,3
湖北开学考,11,3
湖北期中,5,3
湖北省2027届圆创联盟高三8月语文试卷,36,3
湖北省七市州2023,6,3
湖北省圆创联盟2027届语文,15,3
湖北省高中名校联盟2027届,13,3
湖北襄阳四中,11,3
湖北高三,61,3
湖南卷高考真题,14,3
湖南新高一分班考免费,7,3
湖南长郡中学2026届高三,15,3
湟川中学,13,3
滁州,6,3
滕南中学八上第一次月考,20,3
滨城联盟,14,3
滨州,22,3
滨海新区,11,3
漳州一中,14,3
潍坊,13,3
潍坊市2026届高三开学调研监测考试,14,3
潮实,10,3
点石联考,15,3
烟台,11,3
烟台高一期中,22,3
牛顿第二定律,21,3
牡丹江市第二高级中学,20,3
物 理,8,3
物理 2025高考真题,13,3
物理2026,26,3
物理加速度练习,10,3
物理压轴题,13,3
物理受力分析专题,12,3
物理合格 考2025年 普通高中学业水平,17,3
物理必修三单元检测卷,22,3
物理必修三第一章,18,3
物理必修三第九章,11,3
物理月考,26,3
物理热学,6,3
物理试卷,15,3
物理静电场中的能量,17,3
物理高一,10,3
物理高一下期末试卷,8,3
物理高三,9,3
物理高考真题,13,3
物质构成的奥秘,16,3
狂k重点,12,3
王朝霞,18,3
王朝霞 七年级下册试卷,18,3
现代文阅读,27,3
珠海市实验中学,4,3
珠溪语文,12,3
甘肃省白银市靖远县,53,3
生物 0 一轮复习,4,3
生物2026高考真题,5,3
生物专题,16,3
生物会考真题,29,3
生物基因工程大题专题训练,34,3
生物选修一,18,3
生物选修一单元卷人教版,17,3
生物选择性必修一,11,3
电功率,12,3
电化学,14,3
电子书2024教材 人教版,5,3
电子课本,9,3
电容器,6,3
电磁感应,18,3
电路,13,3
益中,9,3
直线与圆,9,3
直线与圆的方程,22,3
直线和圆的方程,19,3
相似,22,3
省实验高一上第一次月考,7,3
真题,21,3
真题卷,24,3
知数杯,5,3
石室中学,7,3
石门一中,5,3
福州 8月质检,22,3
福州八县市,8,3
福州市2025 2026高三质检,6,3
福州市8月质检,8,3
福州市质检,10,3
福州市高三第一次质量检测,16,3
福州市高三第一次质量检测看一下,16,3
福建中考,22,3
福建九年级上学期期中,8,3
福建八年级上学期阶段检测,12,3
福建省漳州市2026届高三第一次质量检测,33,3
福建省福州市届高三上学期第一次质量检测,40,3
福建省福州市高三第一次质量检测,14,3
秀峰中学,10,3
科学,8,3
空间向量专题,12,3
空间向量单元测试卷,14,3
立体 几何2026年大题汇编,40,3
立体几何 大题,15,3
立体几何中的动点及截面，交线问题,6,3
立体几何初步,16,3
立达中学,18,3
竖直上抛运动,4,3
第一章,19,3
简单电路,15,3
简爱,14,3
简谐运动,9,3
精诚联盟,6,3
红对勾 2027版大一轮复习,4,3
红山中学,21,3
红岭高二上期中化学,8,3
绍兴市 2025学年第二学期高中期末调测,10,3
绝对值,25,3
统考,19,3
绵阳六上语文,15,3
绵阳南山中学入学考试,12,3
美国对委内瑞拉,5,3
联合体,35,3
联考卷,33,3
肇庆,6,3
肇庆中学,5,3
育明,15,3
胜利一中,11,3
自主招生数学试卷,4,3
自主招生英语,27,3
自主招生试卷,9,3
自主招生语文,10,3
芜湖一中自招,12,3
芜湖市第一中学,3,3
苏州中考,4,3
英 语,16,3
英语 3500词,7,3
英语 时文阅读2026,14,3
英语 试卷,13,3
英语688词背诵版,5,3
英语中考卷,10,3
英语单词,7,3
英语期中,22,3
英语答题卡,6,3
英语阅读,24,3
英语高一,11,3
英语高中,20,3
英语高二,20,3
英语高考模拟卷,19,3
莆田,9,3
莆田一中 高一新生入学考,28,3
莆田一中高二开学考,17,3
莆田中山中学,33,3
莆田二中,27,3
莱芜一中,29,3
葫芦岛连山区小升初考试卷,14,3
蓉城联盟高三入学考试,20,3
虹桥,16,3
蚌埠高三开学考,11,3
衡水金卷 先享题,15,3
衡阳中考试卷2026,15,3
衡阳市成章,13,3
襄阳,25,3
襄阳五中高一,14,3
西交大少年班,17,3
西北工业大学附属中学,34,3
西北师范大学附属中学,11,3
西南大学附属中学化学,12,3
西安市第三中学,26,3
西安铁一中学,4,3
西工大附中2026,9,3
西青区,8,3
视频,47,3
解一元二次方程,10,3
计数原理,4,3
议论文,18,3
议论文写作,17,3
词义辨析,11,3
语文专项练习高考,21,3
语文理解性默写,6,3
语文联考卷,5,3
语文试卷,6,3
语法填空专项词汇,11,3
语篇填空专项训练,10,3
诱导公式练习题,8,3
课外阅读,31,3
象贤中学,24,3
豫西北教研联盟2025 2026学年高三质量检测,15,3
质量与密度,11,3
质量检测,38,3
贵 阳 市 2 0 2 5 届 高三 年 级 8月摸 底 考 试 试 卷,27,3
贵阳一中,8,3
贵阳市2025届高三年级摸底考试试卷,19,3
贵阳摸底,19,3
跨学科,3,3
辽宁六年级上学期阶段检测,4,3
辽宁升学模考,12,3
辽宁实验中学,58,3
辽宁月考,35,3
辽宁省实验中学期末考试,32,3
辽宁省实验学校,9,3
辽宁葫芦岛,26,3
辽宁高三上学期开学考,14,3
辽宁高二下期末化学,20,3
运动和力的关系,15,3
运动学图像,10,3
连云港市,25,3
选修一化学,16,3
选修一化学第一章,9,3
遗传专题,10,3
邯郸分班考数学初一,15,3
邯郸市2025届高三上学期第一次调研监测,10,3
邯郸市汉光实验小升初分班考试卷,5,3
邵阳市第二中学,5,3
郑州,43,3
郑州一模,9,3
郑州外国语中学,8,3
部分区,10,3
郴州市二中新高一入学考试,6,3
鄄城县,16,3
重庆1中,8,3
重庆一中2026届数学月考,14,3
重庆七校联考,21,3
重庆八中2025 2026,5,3
重庆八年级上学期阶段检测,4,3
重庆南开,26,3
重庆南开中学八年级开学测英语,9,3
重庆巴蜀,39,3
重庆市2026届高三一模数学试题,19,3
重庆市巴蜀中学校,4,3
重庆育才中学化学高一下,4,3
金华十校,11,3
金华小升初分班入学考试,25,3
金太阳 02026金太阳试卷,3,3
金太阳联考,18,3
金山中学,6,3
金陵中学,8,3
铁及其化合物一轮复习,7,3
铜陵,31,3
银川一中必修一物理期末卷,4,3
银川二中,5,3
镇海,6,3
长春,61,3
长春2026中考真题,7,3
长春十一高,49,3
长春市师范大学附属中学,16,3
长沙一中,8,3
长沙九上期中数学,15,3
长沙长郡,4,3
长郡中学高三开学考,11,3
长郡中学高二上入学考,19,3
阅渎理解,23,3
阅渎理解10篇,23,3
阅读理解 100篇专项训练,35,3
阅读理解专项词汇,5,3
阿氏圆,14,3
附中,6,3
陕晋青宁,3,3
隐圆问题,6,3
隐零点,8,3
雅思,3,3
雅礼中学2026届高三月考试卷,8,3
集合不等式,8,3
青岛二中,17,3
青岛高三期初,9,3
青桐鸣高三开学考,11,3
静电场,8,3
鞍山市第一中学,6,3
韦达定理,9,3
韦达定理综合应用,16,3
音标 0基础,7,3
顺德,47,3
预习,9,3
题02不等式的综合应用,13,3
飞镖模型,8,3
马尔科夫链,11,3
高 1 必修1数学,12,3
高 一 0 上学期 化学 期末 人教版 必修一,41,3
高 一 数学 1 0 上学期 期末,18,3
高 一 物理 1 章综合测试卷人教版,5,3
高 二 0 026 高二上学期月考 数学,10,3
高 考 2026高考真题全国一卷语文,3,3
高 考卷 2026年真题卷全国I,4,3
高 考数学2026新高考卷,8,3
高1上分班考试卷,31,3
高一 上 1 期末,10,3
高一 分班考,15,3
高一 分班考 数学,22,3
高一上数学第一次月考,20,3
高一上第一次月考数学,17,3
高一下 期末,17,3
高一下化学期末,12,3
高一下化学第一次月考,17,3
高一下学期,24,3
高一下学期数学期末,24,3
高一下学期阶段检测,15,3
高一下政治,6,3
高一下期末五十八英语,9,3
高一下期末数学试卷,15,3
高一下期末英语,8,3
高一下物理期末,40,3
高一入学分班卷,16,3
高一全册试卷,13,3
高一函数,11,3
高一分班考试卷,28,3
高一开学测,17,3
高一开学测试,57,3
高一开学考试,18,3
高一开学考试卷,18,3
高一必修一物理第二章运动图像,8,3
高一数学集合单元测试卷,28,3
高一期末数学,26,3
高一第一次月考数学,36,3
高一英语单词默写表,20,3
高一英语期末,29,3
高一集合综合练习,15,3
高三 开学 2026 摸底 上8月,23,3
高三10月,21,3
高三1开学考,12,3
高三上学期开学考试,47,3
高三上开学考试,49,3
高三上期初考试,23,3
高三上物理,15,3
高三下学期期末,5,3
高三开学考物理,8,3
高三摸底考试,14,3
高三物理9月份A10联盟测试卷,12,3
高中 政治025一轮复习全部知识清单 七本书,22,3
高中 英语 3500词背记版,20,3
高中3500 词汇背诵word版,9,3
高中化学奥林匹克竞赛,16,3
高中化学知识点总结完整版,6,3
高中数学联赛,5,3
高中文言文,12,3
高中文言文翻译,9,3
高中物理83微专题,16,3
高中物理实验专题,14,3
高中物理必修一测试卷,16,3
高中英语,12,3
高中语文,7,3
高中语文作文,15,3
高二上10月第一次月考,3,3
高二上学期学考,17,3
高二上开学考试,47,3
高二上物理期中考试,16,3
高二下化学期末试卷辽宁,9,3
高二下学期期末,10,3
高二下学期期末考试,24,3
高二下期末考试,38,3
高二开学考数学,9,3
高二数学上学期,17,3
高二语文,4,3
高分突破,7,3
高级中学,7,3
高考 英语3500背诵单词表,9,3
高考2026,16,3
高考一轮复习,16,3
高考二卷 2026,7,3
高考政治,24,3
高考数学模拟卷,8,3
高考物理知识点综合,11,3
高考生物,11,3
高考真题免费,13,3
高考英语模拟卷,8,3
高考英语真题,8,3
高考语文2026,5,3
高考语文二卷,5,3
高考题,10,3
高联一试数学,8,3
鲁能巴蜀中学,19,3
鸡西市第一中学,13,3
鸿鹄志 名师测控,9,3
鹤壁市,38,3
鹰潭市第一中学,6,3
黄冈9月调考数学,4,3
黑吉辽蒙,16,3
齐鲁名校大联考,11,3
龙东10校,5,3
龙东十校联盟开学考高二上学期,28,3
龙东十校联盟高一下期末试题,8,3
龙岗区,36,3
龙岩,14,3
龙西北名校联盟,13,3
-  2025河北省中考英语真题原卷+答案,3,2
1,7,2
1 1 1 集合的概念,4,2
1 不等式及其基本性质,5,2
1 同底数幂的乘法,9,2
1 圆的认识,8,2
1 小数乘法,6,2
1. 分子动理论的基本内容,6,2
1. 动量,2,2
1. 树德实验西区2024‑2025九上期中数学试卷  2. 成都七中初中2023‑2024九上期中数学  3. 石室联中2024九上期中数学  4. 成都教科院附属学校2025九上期中数学,7,2
1.1 勾股定理,7,2
1.1 数列的概念,5,2
1.1空间向量及其线性运算,6,2
1.1（1）物质的分类,4,2
1.2 勾股定理的实际应用,4,2
1.2 数列的函数特性,5,2
1.2 有理数,5,2
1.2数列求通项的方法,14,2
1.3 旋转的综合应用,2,2
1. 2021年普通高等学校招生全国统一考试（全国乙卷）英语,2,2
1. 2024：甘肃省武威市、嘉峪关市、临夏州2024中考语文真题及答案,3,2
1. 和平区：2025‑2026学年沈阳市和平区八年级下学期期末学情调研数学A卷,13,2
1. 宁波市慈溪市2025学年第二学期高一年级期末测试数学试题,3,2
1. 安徽省六校教育研究会2025‑2026学年高一新生入学素质测试,3,2
1. 山东实验中学2026届5月考前模拟政治卷（山东新高考）,3,2
101,2,2
10年真题分类汇编化学,16,2
10年真题分类汇编化学原电池,2,2
11 三峡/郦道元,4,2
11 岳阳楼记/范仲淹,11,2
120,10,2
120中学英语,8,2
168,3,2
168高三A10数学八月底,3,2
19.1 二次函数,5,2
1号卷 A10联盟2026届高三上学期8月底学情调研,7,2
1号卷 A10联盟2026届高三上学期8月底学情调研 政治,4,2
1号卷·A10联盟2026届高三上学期8月开学摸底考试,9,2
1～6章单元试卷6套,8,2
2 二次根式的乘法和除法,6,2
2 欧姆定律,3,2
2 江南,2,2
2 江南十校,9,2
2. 动量定理,11,2
2.2.2对数函数的单调性及应用,6,2
2.2（1）氧化还原反应,11,2
2.2（3）氧化还原反应规律,2,2
2.3 分式不等式的求解,3,2
2.4 均值不等式及其应用,8,2
2.鸡兔同笼问题,13,2
2008江西高考数学,10,2
2008高考数学,5,2
2009年,7,2
2010年深圳中考英语,6,2
2015上饶中学自主招生,10,2
2016年四川省理科数学高考试卷,3,2
2016年安徽省中考英语卷子听力,5,2
2018 0 全国统一高考1卷英语,9,2
2018年全国一卷高考,9,2
2018年唐河县数学真题,8,2
2018济宁中考数学卷子,7,2
2019,8,2
2019 0 全国统一高考1卷数学,5,2
2019年北京高考文综历史,3,2
2020 0 1 0卷 英语高考 全国1卷,12,2
2020年全国新高考二卷,2,2
2020年四川省成都市语文中考真题,5,2
2020年新高考全国一卷英语,2,2
2020年高考考政治真题,8,2
2021 0 1 0卷 全国1卷语文,2,2
2021年1月浙江高考英语听力,4,2
2021年普通高等学校招生全国统一考试（全国乙卷）英语,4,2
2021年绵阳中考,33,2
2021高考英语,8,2
2022‑2023学年广西贵港市七年级上学期期末教学质量检测 数学,3,2
2022上海高考闵行区高三二模英语听力,8,2
2022上海高考静安区高三二模英语听力,7,2
2022全国乙卷生物,9,2
2022全国英语甲卷,5,2
2022到2025年山东高考历史卷,7,2
2022天津和平一模,14,2
2022届上海市徐汇区高三下学期二模英语试卷,5,2
2022年1月浙江高考,13,2
2022年全国高考乙卷化学,4,2
2022年天津高考数学,4,2
2022年广东省中考英语真题,3,2
2022年普通高中学业选择性考试政治试卷,3,2
2022年普通高等学校招生全国统一考试 全国乙卷 英语,5,2
2022年河北政治高考,3,2
2022年英语全国甲卷,8,2
2022年英语全国高考一卷,8,2
2022成都市新都区二诊,7,2
2022数学全国一卷,6,2
2022普通高等学校招生全国统一考试天津卷语文」,4,2
2022浙江高考,8,2
2022湖南卷高考,6,2
2022重庆市普通高等学校全国统一招生选择性考试生物,20,2
2023 0 1 1卷 英语 全国一卷高考,12,2
2023 2024,8,2
2023 山东枣庄高三二模,4,2
2023 年大连市普兰店第二十四中学,5,2
2023-2024化学高二期末,16,2
2023-2024宝安区物理一模试卷高三,7,2
2023-2024烟台市高一上册期末考试,8,2
2023~2024学年浙江省七彩阳光高三上数学试卷,8,2
2023全国乙卷英语,4,2
2023全国乙卷语文,7,2
2023全国新高考一卷浙江,6,2
2023全国甲卷地理,3,2
2023北京高考数学,3,2
2023吉林三模物理,12,2
2023学年浙江省名校协作体G12化学,3,2
2023届佛山顺德一中高三上,7,2
2023年1月浙江卷,5,2
2023年到2024年8年级下册金牛区数学考试期末考试试卷,20,2
2023年山东生物卷答案,8,2
2023年秋季鄂东南省级示范高中教育教学改革联盟学校期中联考高三物理,6,2
2023新课标全国2卷,2,2
2023无锡中考数学,14,2
2023浙江英语,2,2
2023海南高考卷政治,8,2
2023湖南政治高考真题卷,5,2
2023物理高考卷子,5,2
2023至2024学年福州市高三年级第一次质量检测生物,7,2
2023英语高考一卷,4,2
2023语文,2,2
2023辽宁高二名校联盟9月,11,2
2023高考,8,2
2023高考语文全国甲卷 原卷+答案 word,7,2
2024 0 0 1卷 全国高考 语文,6,2
2024 2025 学年度第二学期期末学业质量检测七年级数学,11,2
2024 北京市房山区九上数学,9,2
2024 新高考Ⅱ卷 语文真题（原卷版）,3,2
2024-2025 学年辽宁省沈阳市浑南一中八年级（上）第一次月考数学试 卷,3,2
2024-2025佛山下学期化学高一,4,2
2024-2025学年上海市松江区统编版五年级下册期末考试语文试卷,23,2
2024-2025学年第一学期期中学业质量监测九年级物理靖江,9,2
2024-2025学年高一语文下学期期末模拟卷02,19,2
2024-2025年烟台开发区九上化学期中卷子,4,2
20242025天津期中五校联考九年级数学,5,2
2024~2025高考题,7,2
2024——2025高三摸底考,12,2
2024九省联考数学,11,2
2024全国高考语文,5,2
2024和2025两套高考真题试卷。,18,2
2024天津物理高考卷,6,2
2024安徽高考物理,10,2
2024山东高考政治真题,8,2
2024年云南省中考试卷,4,2
2024年全国甲卷,12,2
2024年天津英语第一次高考,3,2
2024年广州市物理真题八年级上册执信中学,15,2
2024年新高考二卷英语,3,2
2024年普通高等学校招生全国统一考试 新高考Ⅰ卷 语文2024年普通高等学校招生全国统一考试 新高考Ⅰ卷 语文,9,2
2024年河南中考,8,2
2024年辽宁高考卷化学,12,2
2024年高考数学,9,2
2024年高考语文二卷,3,2
2024广西高考生物真题,14,2
2024扬州九年级上册英语期中试卷卷,4,2
2024抚州高一上学期期末测试,3,2
2024新课标一卷,6,2
2024新课标一卷答案,3,2
2024普通高等学校招生全国统一考试,7,2
2024江西物理高考,4,2
2024湖南省岳阳市岳阳楼区小升初考试试卷,6,2
2024湖南省普通高中学业水平选择性考试 物理,4,2
2024至2025学年山东德州市武城县八年级上期末英语试卷,5,2
2024至2025学年高三年级第一次质量检测生物试题福州,6,2
2024英语新课标一卷,2,2
2024贵州生物高考,9,2
2024长春市中考语文卷,6,2
2024高考化学,4,2
2024高考化学河北,14,2
2024高考政治,4,2
2024高考数学2卷,4,2
2024高考真题,10,2
2024龙岩地区4年级数学期末考试卷,12,2
2024～2025学年铜陵市铜官区第一学期期末质量监测五年级数学试卷,7,2
2025 0 0 1卷 全国英语高考,3,2
2025 0 0 1卷 全国高考,6,2
2025 0 1 1卷 数学 新高考一卷,2,2
2025 0 1全国1数学真题高考,4,2
2025 1卷 全国高考 英语,4,2
2025 1卷 数学 真题中考,7,2
2025 2026 学年下学期丰泽区期末质量监测题库,10,2
2025 2026 学年下学期期末教学质量检测,15,2
2025 2026学年度第二学期期末教学质量检测,15,2
2025 2026学年福州市高三年级第一次质量检测,8,2
2025 2026学年高一化学下学期期末模拟卷,4,2
2025 2026福州市高三年级第一次质量检测物理,5,2
2025 2026福州市高三年级第一次质量检测语文,5,2
2025 2026福建高三第一次质检,19,2
2025 年1月全国一卷浙江卷,3,2
2025 新课标Ⅱ卷 地理,10,2
2025 邯郸市高三上学期第一次调研监测,3,2
2025 高考 1卷,3,2
2025 高考英语全国1卷,4,2
2025+2026高三第一次质量检测,15,2
2025-2026 07高二期末,21,2
2025-2026-1附中梅溪湖八上入学考试英语,5,2
2025-2026兖州区六年级下学期期末考试,4,2
2025-2026八上语文淮滨县期末试卷,6,2
2025-2026北京高一历史合格性考试,4,2
2025-2026学年上学期期中测试,25,2
2025-2026学年八年级英语下学期期末真题重组卷（新教材人教版,6,2
2025-2026学年度上期重庆七校高三阶段联考,8,2
2025-2026学年度下学期七年级数学试卷,17,2
2025-2026学年第一学期期中测试九年级物理,17,2
2025-2026年山东省青岛市高一下学期期末考试数学试题,7,2
2025-2026日照市高三开学考试,4,2
2025-2026浙江强基联盟英语,3,2
2025-2026潍坊高二期末考试,8,2
2025-2026福州市高三第一次质量检测考试语文,5,2
2025-2026辽宁朝阳高一下学期期末考试英语试卷,5,2
2025-2026高一人教版化学必修第一册各单元测试卷,27,2
2025-2026高一人教版化学必修第二册各单元测试卷,6,2
2025-2026高二下天津四校联考数学期末,4,2
20252026八年级下册学期期末数学,8,2
20252026如皋中学高二上物理,6,2
2025A10联盟安徽高三上学期开学考试数学,2,2
2025~2026临沂高一学年度化学期末真题,3,2
2025~2026南昌市同考八年级上册册期末数学试卷,17,2
2025~2026南昌市同考八年级上册册期末英语试卷,14,2
2025~2026学年云南省昆明市五华区八年级下学期期末考试物理试卷,53,2
2025~2026学年度春季学期期末质量监测7年级地理 生物合卷(临夏州全州统考),9,2
2025~2026学年度第一学期期末综合素质测评八年级物理,6,2
2025~2026学年第二学期高二年级综合练习,14,2
2025~2026学年第二学期高二年级综合练习生物,3,2
2025~2026学年辽宁省营口市九师联盟高一上期中数学试卷.,3,2
2025~2026辽宁省沈阳市七上语文卷,9,2
2025‑2026学年九年级上册英语单元测试 Unit 1 The Changing World·提升卷（仁爱科普版九上）,10,2
2025‑2026学年江苏13市可检索真题清单（苏科版）,10,2
2025‑2026沈阳市皇姑区九年级上期末物理 人教版,27,2
2025–2026石景山区七年级上学期期中数学试卷数学,5,2
2025—2026 学年第一学期福州市高三年级 8 月份质量检测,3,2
2025—2026学年度第一学期期末学业水平监测,22,2
2025一2026安陆市九上期中考试,7,2
2025一模卷,6,2
2025一模卷河南郑州高三上学期,10,2
2025七上四川省沐川生物,5,2
2025上海中考化学真题 pdf 含答案,3,2
2025上海春考,12,2
2025全国1卷语文,3,2
2025全国2卷,4,2
2025全国2卷数学,3,2
2025全国一卷英语,5,2
2025全国一卷语文,6,2
2025全国二卷英语,6,2
2025内蒙古10月联考政治,18,2
2025到2026南充期末试卷,10,2
2025到2026年烟台市高一上学期期中考试化学,13,2
2025到2026广西人教版三年级期末试卷,5,2
2025北京顺义高二下期末政治,6,2
2025南开区地理期末,3,2
2025唐山高三开学考,16,2
2025外研版7年级上册单词表无汉语,4,2
2025大庆实验中学高二上学期开学验收数学,4,2
2025天一大联考,12,2
2025天津耀华高一期中英语试卷,21,2
2025天津高考政治,7,2
2025孝感高一分班,6,2
2025学年第一学期杭州市高三年级教学质量检测,10,2
2025学年第一学期浙东北县域名校发展联盟11月月诊断测试,4,2
2025学年第二学期八年级期末考试 数学试题（宁波市鄞州区）,6,2
2025学年第二学期杭州市高一年级教学质量检测数学试题卷,13,2
2025学年第二学期杭州市高二年级教学质量检测,7,2
2025学年第二学期社会期末卷浙江,3,2
2025安徽中考英语试题,6,2
2025届T8第一次联考,7,2
2025届上海交通大学附属中学高一年级上英语期末,6,2
2025届暑期摸底考试高三数学试卷,4,2
2025山东省八年级上册历史,4,2
2025山东聊城高三9月,3,2
2025山东聊城高三9月物理,8,2
2025山东高考历史,5,2
2025山东高考物理,7,2
2025常州市高二上数学期中,8,2
2025年 四川高考政治（四川卷）,3,2
2025年10月树德高一月考物理卷,3,2
2025年2026常宁市高二期末考试,11,2
2025年8年级上册广州市期末统考数学,27,2
2025年8月高三a10联盟试卷,12,2
2025年七年级新生学业发展水平监测,12,2
2025年临沂市高一上学期期末考试化学,5,2
2025年全品学练考八年级数学上 册人教版,8,2
2025年全国高考2卷语文,15,2
2025年全国高考一卷语文,4,2
2025年全省普通高中学业水平等级考试山东卷,18,2
2025年八年级上册期中数学,8,2
2025年内蒙古中考语文试卷,3,2
2025年化学九年级上槐荫区阶段性测试真题及答案10月份,5,2
2025年化学高考卷安徽卷,13,2
2025年南阳市高一秋期期末考试物理,4,2
2025年合肥168中学高三最后一卷,3,2
2025年四川省物理高考题,3,2
2025年天津市第一中学高一分班考试语文,9,2
2025年如皋市期初考试,8,2
2025年宁波市第二学期九校联考高二政治,3,2
2025年宿迁市九上英语期中卷,22,2
2025年山东中考,10,2
2025年山东省高考生物,6,2
2025年山西地理高考卷子,15,2
2025年山西省语文高考试卷,4,2
2025年度陕西工大高二开学考,17,2
2025年新高考一卷数学,7,2
2025年月考九年级稠州中学,4,2
2025年桂林市高一上数学期末考试,14,2
2025年江苏卷高考物理,9,2
2025年沈阳市第20中学高二上学期第一次月考数学,5,2
2025年河北高考地理试卷,3,2
2025年洛阳市机涧西区期中,6,2
2025年济南市莱芜第一中学高一第一次月考,3,2
2025年济南市高一上学期生物期末试题,9,2
2025年济宁市英语中考真题,3,2
2025年海南中学夏令营新生水平检测,12,2
2025年湖南省语文高考试卷。,11,2
2025年湖南郴州市永兴县树德中学初一新生入学分班考试试卷,31,2
2025年湖南高考政治试题,3,2
2025年福建高二上开学考,9,2
2025年秋季雅礼集团新高一入学考英语试卷,4,2
2025年至2026学年安徽省池州市贵池区高一上学期期中检测数学试卷,2,2
2025年语文高考,4,2
2025年陕西省道德与法治中考试卷,7,2
2025年陕西高考历史真题,8,2
2025年雅礼期中试卷九上数学,4,2
2025年青岛市高三统一开学考试,9,2
2025年马鞍山小升初人教版语文试卷,12,2
2025年高一承德市,10,2
2025年高三期初调研检测山东,3,2
2025年高考,6,2
2025年高考数学乙卷,6,2
2025年高考英语试卷全国卷,4,2
2025年高考贵州卷物理真题答案,6,2
2025广东师大附中月考,7,2
2025广东省新高考,5,2
2025广东高考语文,9,2
2025广西生物高考真题,3,2
2025延边州开学考,7,2
2025强基八月,12,2
2025德州一中高一上开学考,8,2
2025政治高考,2,2
2025新高考I卷物理真题原卷,23,2
2025新高考一卷数学,2,2
2025新高考二卷,5,2
2025普通高中物理选择性考试江苏卷,13,2
2025武汉英语调研,4,2
2025江苏省南通市高三第二次大联考,9,2
2025江苏英语合格考,7,2
2025河南生物高考,3,2
2025河南省安阳县九月调研考试,10,2
2025泰安高三期中化学,3,2
2025济南市高一开学考,26,2
2025浙江高考,5,2
2025浦东新区一模试卷答案,31,2
2025湖北物理高考,5,2
2025湖南高考历史,3,2
2025潍坊高三开学学情调研统考,4,2
2025第二学期宁波温州政治环大罗山,6,2
2025至2026九上常熟市物理期末考卷,4,2
2025至2026学年 闽侯县初三数学第一学期期中考试试卷,4,2
2025至2026学年山东省济南市天桥区八年级上期中物理试卷,3,2
2025至2026学年第二学期期末六年级英语邹平,6,2
2025至2026学年第二学期浙江省名校协作体,22,2
2025至2026学年西宁市七年级第二阶段调研测试,10,2
2025至2026学年重庆市渝中区巴蜀中学八年级上期中数学试卷,3,2
2025至2026学年龙岗区第二学期学科素养期末八年级下,12,2
2025苏州高三期初考答案,11,2
2025苏锡常镇二模,8,2
2025英语 高考1卷全国一卷,4,2
2025语文全国一卷,4,2
2025辽宁名校联盟九月份高三政治试卷,7,2
2025金太阳陕西高三9月联考,11,2
2025陕晋青宁化学高考,6,2
2025高考全国二卷语文,5,2
2025高考卷,7,2
2025高考数学,2,2
2025高考生物,7,2
2025高考英语真题,3,2
2025高考语言文字运用,2,2
2025～2026学年度第一学期期末重点校联考高二地理,2,2
2025～2926学年度武汉市部分学校高三年级调研考试,6,2
2026 0 0 1卷 全国英语高考完全解读,8,2
2026 0 0 1卷 全国高考 地理,16,2
2026 0 01卷 高考 化学,5,2
2026 0 01卷 高考物理,3,2
2026 0 01卷 高考生物,16,2
2026 0 01卷 高考语文,8,2
2026 0 02卷 高考数学,7,2
2026 T8联考,13,2
2026 全国 01卷 高考英语真题,7,2
2026 全国 2卷,5,2
2026 全国 2卷 高考卷英语真题,6,2
2026 全国高考 物理,5,2
2026 历史高考,6,2
2026 山东高考化学真题,3,2
2026 年 0 1卷 全国 1 卷 化学 高考 真题,2,2
2026 年 0 1卷 全国 1 卷 英语 高考 真题,2,2
2026 年 0 1卷 全国 2高考,2,2
2026 年1月浙江 1首考英语试卷,10,2
2026 年1月浙江 首考,10,2
2026 年中考卷,4,2
2026 数学 1卷高考卷真题,8,2
2026 烟台中考,8,2
2026 甘肃高考政治,4,2
2026 语文 2卷高考卷真题,5,2
2026 陕晋青宁 高考生物真题及答案,5,2
2026 高三 第一次适应性,9,2
2026 高考,4,2
2026 高考 化学河北,4,2
2026 高考1卷 数学,6,2
2026 高考2卷 数学,4,2
2026-2027 学年高一必修第一册英语单元自测 Unit 3 Getting Along with Others 基础通关,8,2
2026-2027学年七年级英语（江西南昌专用,5,2
2026-2027学年高一入学英语摸底测试,47,2
20261—D—6希望学试卷,5,2
20262卷高考数学,3,2
2026Z20浙江名校联盟,7,2
2026Z20浙江名校联盟第一次,6,2
2026~2027初中八年级下册深圳市真题语文,5,2
2026~2027学年人教版八年级上学期数学第1次月考模拟考试培优卷,7,2
2026一卷,2,2
2026一卷语文高考,3,2
2026七下,31,2
2026中考化学,15,2
2026中考广东数学,6,2
2026中考数学一轮复习 讲义+考点专练（北师大版） 每套含：考点梳理+例题+分层练习+真题+解析，30讲全套Word可编辑。,5,2
2026中考数学卷,5,2
2026中考英语,5,2
2026中考试卷河南,4,2
2026中考语文,9,2
2026云南卷生物试题,4,2
2026云南生物学高考,3,2
2026全国一卷语文真题,3,2
2026全国二卷语文,6,2
2026全国甲卷,5,2
2026全国高考1卷化学,6,2
2026全国高考真题,10,2
2026六盘水市高一期末数学考试卷,6,2
2026内江中考试卷,4,2
2026内蒙古中考,8,2
2026内蒙古中考数学,3,2
2026初一下期末测试数学,16,2
2026北京中考,13,2
2026北京中考数学,7,2
2026北京中考物理,7,2
2026北京中考真题,2,2
2026北京化学高考真题,6,2
2026北京真题语文,7,2
2026北京第一次合格考语文,3,2
2026北京高考,3,2
2026北京高考化学,2,2
2026北京高考卷,7,2
2026北京高考数学,6,2
2026单招数学,7,2
2026南京希望杯竞赛一年级,3,2
2026南充市数学期末考试卷,11,2
2026南通,5,2
2026南通八年级下物理期末,9,2
2026卷高考数学,6,2
2026吉林市中考卷数学,4,2
2026吉林新课标高考数学二卷,7,2
2026四川化学卷,6,2
2026四川生物合格考,10,2
2026天津市河西区高一下期末考试,10,2
2026学年普通高等学校招生模仿模拟统一是,4,2
2026安徽高考生物真题,6,2
2026安徽高考英语,4,2
2026宜宾中考数学,8,2
2026小升初全真模拟青岛五四版,2,2
2026届9月联考高三,12,2
2026届9月联考高三安徽,17,2
2026届Z20第一次开学联考,3,2
2026届中考英语试卷新疆,5,2
2026届八月蚌埠市统考,18,2
2026届广东普通高中学业水平选择考模拟测试一历史试题,6,2
2026届武汉高三九月调考英语,3,2
2026届湖南郴州市高三下学期五月模拟考试,5,2
2026届漳州市高三第一次市质检政治,10,2
2026届高三考前适应性训练北京市,3,2
2026山东中考数学,3,2
2026山东中考统考卷子,3,2
2026山东历史高考,6,2
2026山东泰安中考英语,11,2
2026山东物理高考,12,2
2026山东省济南市市中区期末数学八年级下,5,2
2026山东省青岛市初中数学真题,3,2
2026山东高考化学,4,2
2026山东高考历史卷,10,2
2026山东高考物理,2,2
2026山西十一名校联考,20,2
2026山西高考,7,2
2026巴中中考数学,12,2
2026年,29,2
2026年 贵州省贵阳市初二下册语文期末考试试卷,6,2
2026年1 月1号浙江高考首考,4,2
2026年4年级期末考试,6,2
2026年4月安徽A10联盟高三二模英语听力,6,2
2026年5月北斗星联盟,11,2
2026年8年级上册广州市期末统考数学,56,2
2026年8月浙江新月联盟政治答案,3,2
2026年T8联考,6,2
2026年Z20高三第一次联,9,2
2026年三河市小升初,7,2
2026年上海春季卷,5,2
2026年中考 2026年中考数学,4,2
2026年中考物理试题,5,2
2026年中考语文真题,6,2
2026年九上 英语,15,2
2026年云南省初中学业水平考试永平县物理,6,2
2026年全国一卷语文,3,2
2026年全国一卷语文真题,4,2
2026年全国一卷高考英语听力,3,2
2026年全国卷物理,11,2
2026年全国新高考二卷,5,2
2026年全国高考一卷数学,3,2
2026年全国高考数学一卷,8,2
2026年八年级下北京中学三分校物理期末考试,14,2
2026年冮西中考英语,7,2
2026年北京高考英语真题,6,2
2026年南京金陵中学初三零模数学试题,5,2
2026年南通中考试卷,4,2
2026年历史新版七年级第一单元试卷＋答案,14,2
2026年四川中考英语试卷,12,2
2026年四川地理,4,2
2026年地理高考真题,6,2
2026年天津市中考,9,2
2026年威宁县高二下数学试卷,9,2
2026年小学二年级上册第3单元课后习题,8,2
2026年山东省中考试卷,12,2
2026年山东高考卷物理,4,2
2026年山西省中考英语试卷,6,2
2026年平面直角坐标系习题,11,2
2026年广东全国一卷英语真题,3,2
2026年广东历史合格考第二次真题,4,2
2026年广东地理合格考第二次真题,3,2
2026年广东高考数学试卷,6,2
2026年广州八年级数学期末考试,6,2
2026年广西中考数学真题,4,2
2026年广西中考英语真题,3,2
2026年广西化学竞赛分模块讲义,4,2
2026年广西高考化学卷,5,2
2026年康巴什区初一新生基础素养调研,5,2
2026年德州市高二期末考试题政治,7,2
2026年成都市中考数学,3,2
2026年抚顺六校协作体高二上学期期末数学试卷,3,2
2026年数学1卷全国卷真题,4,2
2026年数学中考,6,2
2026年数学中考试卷湖南,4,2
2026年新版版地理八年级上册中图版第一章第第一章地球的运动知识点汇总,13,2
2026年新疆农业大学附属中学初中中考考试试卷,3,2
2026年新疆和田中考卷子，数学英语。 物理化学。语文。,12,2
2026年普通高中学业水平选择性考试,10,2
2026年普通高中学业水平选择性考试广东卷地理答案,8,2
2026年普通高等学校招生全国统一考试 全国I卷,22,2
2026年普通高等学校招生全国统一考试二卷语文,4,2
2026年普通高考3月适应性检测语文,3,2
2026年桂林市高一年级下学期物理期末测试卷,5,2
2026年汉川市中考历史试卷,6,2
2026年江苏省盐城市射阳县实验初级中学九年级数学二元一次方程,8,2
2026年江西南昌高三零模,8,2
2026年河北中考英语,3,2
2026年河北高考地理试卷,7,2
2026年河南中考语文中考,9,2
2026年河南南阳期末考试,9,2
2026年泰安市初中英语学业水平考试,3,2
2026年济南市高一下期末英语试卷,9,2
2026年海南高考,6,2
2026年深圳市高三年级第一次调研考试,3,2
2026年深圳英语中考试卷,14,2
2026年湖北中考语文试卷,5,2
2026年湖北历史中考,3,2
2026年湖北省孝感市汉高高一上学期语文试卷,13,2
2026年湖北高考一卷。,3,2
2026年湖南省娄底市初中学业水平仿真模拟评估,5,2
2026年湖南高考地理卷,6,2
2026年物理高考真题,5,2
2026年福建中考,5,2
2026年福建省6月份学业水平合格性考试生物试题,12,2
2026年福建省中考试卷,5,2
2026年秋季高二开学学情自测卷02语文,3,2
2026年苏州化学中考题,4,2
2026年语文全国二卷,6,2
2026年语文高考卷,15,2
2026年辽宁中考英语,10,2
2026年辽宁中考英语试卷,8,2
2026年辽宁省中考试卷,8,2
2026年重庆市中考真题AB卷,10,2
2026年陕西省普通高中学业水平选择性考试生物试卷,9,2
2026年陕西省高考化学试卷,4,2
2026年高一广安市广安区高一上期未数学,11,2
2026年高三数学保定二模,3,2
2026年高三期末天一联考数学试卷,6,2
2026年高三英语质检,6,2
2026年高二下学期期末聊城阳谷,20,2
2026年高考1卷,6,2
2026年高考2卷,7,2
2026年高考全国2卷语文,4,2
2026年高考化学,7,2
2026年高考卷全国二卷,10,2
2026年高考安徽,5,2
2026年高考数学卷,8,2
2026年高考英语全国二卷,4,2
2026年高考语文一卷,9,2
2026年高考语文试卷全国一卷,3,2
2026年高考辽宁省大学,2,2
2026广东一模物理,3,2
2026广东中考数学,5,2
2026广东中考生物,3,2
2026广东中考英语,7,2
2026广东春季高考语文 数学 英语真题,4,2
2026广东省中考语文,14,2
2026广西中考‑将军饮马专项PPT,8,2
2026广西中考化学,3,2
2026广西中考数学真题,6,2
2026广西中考英语,3,2
2026徐州合格考物理真题,7,2
2026德州高一期末考试生物,6,2
2026承德,15,2
2026政治 高考真题,4,2
2026数学高考模拟,5,2
2026新月联盟,19,2
2026新高一分班学情卷、初升高衔接经典母题】,19,2
2026新高考1卷语文,3,2
2026新高考II卷全套真题 精校无水印PDF,8,2
2026无锡中考语文,6,2
2026无锡高二期末调研语文,3,2
2026柳州中考英语试卷,7,2
2026江苏化学卷,9,2
2026江苏南通调研数学,5,2
2026江苏模拟预测语文高中,4,2
2026河北中考英语,10,2
2026河北地理高考卷,4,2
2026河北邯郸高三一模,6,2
2026河南高考,3,2
2026河南高考历史真题,8,2
2026济南中考,7,2
2026济南中考数学,6,2
2026浙江6月高考化学,7,2
2026浙江中考卷,4,2
2026浙江省县域联盟英语,2,2
2026浙江高考英语,3,2
2026湖北中考数学真题,8,2
2026湖北中考试卷,14,2
2026湖北化学高考真题,5,2
2026湖北卷地理高考真题,5,2
2026湖北省荆州市高二上学期九月月考数学试卷,4,2
2026湖北省荆州市高二九月月考数学试卷,2,2
2026湖北高三圆创联考8月,7,2
2026湖南历史高考,8,2
2026湖南政治高考真题,3,2
2026湖南省长沙市高三一模,3,2
2026湖南高考历史,3,2
2026潍坊一模,11,2
2026潍坊高二下学期期末地理,2,2
2026烟台高二期末考试化学,8,2
2026版数学书9年级,5,2
2026物理八下,16,2
2026物理内江中考,8,2
2026物理高考河南,3,2
2026生物四川高考卷,3,2
2026生物山东,13,2
2026盐城中考生物试卷,3,2
2026福䢖高考语文,4,2
2026福州语文初二,2,2
2026福建中考英语试题,2,2
2026福建名校联盟联考,3,2
2026红桥区八年级道法期末,5,2
2026绵阳高二下期末考英语试题及解析,4,2
2026英语,6,2
2026英语Z20,4,2
2026英语中考真题,39,2
2026英语期末考试,8,2
2026英语湖北高考,5,2
2026西城一模,2,2
2026语文中考真题,9,2
2026遵义市高二期末生物试题二,4,2
2026金山数学一模,10,2
2026长春中考数学,4,2
2026长春地生中考,6,2
2026长春市中考语文卷,10,2
2026长沙中考数学,5,2
2026长郡集团8年级下英语期末考试,3,2
2026陕晋青宁历史高考真题,6,2
2026陕西中考数学真题,6,2
2026陕西中考语文,4,2
2026顺德区七年级上册9月,4,2
2026高一化学秋季,3,2
2026高一期末,4,2
2026高一期末化学,10,2
2026高中月考和平高一数学,4,2
2026高二数学第一次月考,39,2
2026高考2卷,5,2
2026高考2卷语文,2,2
2026高考化学四川卷,3,2
2026高考卷,5,2
2026高考历史山东卷,5,2
2026高考四川卷地理。,6,2
2026高考山西物化生,5,2
2026高考政治山东卷,3,2
2026高考政治甘肃卷,5,2
2026高考政治真题西北,4,2
2026高考政治西北卷,10,2
2026高考数学天津,4,2
2026高考数学安徽,6,2
2026高考数学山东,3,2
2026高考数学青海卷,9,2
2026高考模拟地理,3,2
2026高考湖南化学卷,3,2
2026高考物理广东答案,4,2
2026高考物理黑吉辽蒙卷,14,2
2026高考生物真题,9,2
2026高考生物福建,7,2
2026高考英语二卷,3,2
2026高考试卷,3,2
2026高考语文上海,3,2
2026高考语文上海卷,3,2
2026高考语文新课标一卷,3,2
2026高考陕西生物,4,2
2026高考题河北,6,2
2026黑龙江物理高考,3,2
2027届拾甄创新联盟企蛰卷,13,2
2027届湖北圆创8月联考,6,2
2027届湖北圆创联盟高三上8月联考,11,2
2027届湖北省孝感市高三8月语文试题,8,2
2027届湖北重点高中名校联盟圆创联考第一次联合测评物理试卷,4,2
2027届高三一轮复习,10,2
2027届高三一轮复习地理模拟练习,11,2
2027届高三学考第一次适应性模拟监测,5,2
2027届高考英语一轮复习谓语动词专项电子讲义,9,2
2027年贵州省毕节市高考数学一轮复习,13,2
2027年高考物理一轮复习讲练测,15,2
2027年高考英语一轮复习培优阶段性检测卷 全国二卷02,18,2
2027湖北圆创8月,27,2
2027高考地理一轮复习讲练测,15,2
2028-2026保定高一语文期末调研考试试卷,12,2
202X新高考XX卷英语真题 原卷+答案”,5,2
20中学,13,2
21年高考语文浙江卷,9,2
22年河南中考卷,10,2
22年辽宁高考物理原卷,10,2
23 出师表/诸葛亮,5,2
23-24年物理九月调考武汉,7,2
24 25福州高三第一次质检,31,2
24—25学年度武汉市部分学校高三九月调考地理史,16,2
24年1月普通高等学校招生全国统一考试全国新课标一卷浙江,4,2
24年全国高考一卷,13,2
24年辽宁高考化学题,5,2
24年高考,2,2
24年高考地理卷子,19,2
24年高考真题化学贵州,3,2
25-26英语惠山区期中八上,5,2
25-26高三六安期中考试物理试卷,9,2
25~26 高三安徽六安期中考试物理试卷,9,2
25年8年级期末上册考试语文,27,2
25年临泉九上期末卷,6,2
25年学军中学地理期末考试,22,2
25年河北省初中学业水平考试,9,2
25年福建数学中考卷,2,2
25年秋季学期期末学业质量监测七年级英语,4,2
25级日照高一下学期地理题目题。,3,2
25高考物理,7,2
26 06月高考卷,14,2
26 06月高考真题,6,2
26 06月高考真题数学,2,2
26 年06月高考真题数学,3,2
26 年数学高考全国二卷,3,2
26届高三语文模考,3,2
26年中考数学,8,2
26年中考英语，贵州贵阳,7,2
26年全国一卷英语听力,4,2
26年北京朝阳英语八下期末考试,3,2
26年宁夏高考真题,13,2
26年安徽省高考物理试卷,4,2
26年小升初济南历城区，考试试题,18,2
26年山东高考,3,2
26年广州一模物理试卷,15,2
26年昆明市市统测高一数学试卷,4,2
26年江苏高考物理,3,2
26年深圳龙华新区七年级下数学试卷,13,2
26年滨海二模英语,13,2
26年福建英语中考卷,4,2
26年高考试卷青海政治,3,2
26英语高考,2,2
26英语高考河南英语,10,2
27,5,2
27届,10,2
28.2,4,2
28.2（3）,3,2
2二次函数,3,2
3. 电势差与电场强度的关系,3,2
3. 能量守恒定律,3,2
3.  河南 高一数学必修二 统计概率综合单元卷 2025‑2026,4,2
3. 廉江市实验学校 初一新生分班考试 语文数学英语,8,2
3. 电子版打印：学科网搜：苏教版必修一 离子反应基础过关、氧化还原基础课时练,20,2
3500 词汇背诵版检测版,14,2
3500 词背诵word版,2,2
3500词汇,6,2
3697537,2,2
37233287,3,2
3、【学易金卷】陕晋青宁高一下物理期末模拟卷（必修二+选必1前三章）,7,2
4.4同角三角函数,7,2
40106618,4,2
41中,8,2
42届复赛,3,2
42届物理竞赛,5,2
43中,19,2
47043495,5,2
5.1.2倍角公式,5,2
5. 2025‑2026学年 东城高三上期末地理（2026.1）,4,2
5. 期末第五卷：新疆地州高一地理必修二检测试题.docx,5,2
53366656,13,2
54605695,9,2
54691057,3,2
58252866,9,2
59260095,4,2
6.1（1）化学反应速率,2,2
688词汇 高考背诵默写监测,16,2
6年级上册人教版数学 期中测试卷,41,2
6年级下册期末,9,2
7 1,7,2
7上期中测试哈尔滨,5,2
7上期末测试哈尔滨,134,2
7下成都英语试卷,11,2
7年级上册数学卷子北师大版,21,2
7年级完形题,5,2
8上物理期中考试试卷,13,2
8下数学压轴题,10,2
8年级上册数学试卷人教版中段水平测试验,4,2
8年级上册物理期中考卷上海,5,2
8年级上册青岛版勾股定理。,5,2
8年级下册期末,19,2
8年级数学,3,2
8月,25,2
8月 联考物理卷子高三,7,2
9,38,2
9+1,5,2
9年级上册物理,11,2
9年级上化学化合价专项练习,3,2
9年级化学上册第一次月考测试题,4,2
A 课件,11,2
A10 八月 安徽月,14,2
A10 联盟 8月 安徽 开学考,10,2
A10 联盟 高三上学期开学考,24,2
A10联盟 高一下期末联考,9,2
A10联盟&宿州十三校2025‑2026学年高二上学期11月期中质量检测数学试题,3,2
A10联盟2026届高三8月份开学考,8,2
A10联盟2026届高三上学期八月底开学摸底考,14,2
A10联盟8月,10,2
A10联盟高二上9月,17,2
A10联盟高二开学考9月,10,2
A9协作体2025暑期返校,10,2
BEST合作体,8,2
B卷,2,2
DNA结构,5,2
JP.ZXXK.COM,7,2
NT20名校联合体,55,2
Never too old to learn，音频,4,2
PPT1 免费初中,7,2
Preparing for the Topic,2,2
T8第二次联考,4,2
The changing world预习讲义,6,2
Unit 5 The weather and us 小小天气播报员 四年级英语单元测试,11,2
Unit1,5,2
Unit4 Changing and Growing 福建专用 150分 听力三节,6,2
WMO奥林匹克数学竞赛真题,5,2
Z 20,5,2
Z20 02026届浙江高三第一次联考,12,2
Z20 2026届高三第一次,13,2
Z20 名校联盟2026届高三第一次联考,8,2
Z202027届高三第一次联考,6,2
Z20名校联盟2026届高三第一次联考化学,10,2
Z20地理,10,2
Z20数学,12,2
Z20数学高三,14,2
Z20高三第二次联考技术,8,2
a10联盟开学考8月,12,2
cpho,3,2
g12,17,2
https://m.zxxk.com/soft/57025502.html,2,2
https://www.zxxk.com/,8,2
unit2 communication matters,5,2
wmo,42,2
www zxxk com soft 58914019,3,2
w的取值范围,11,2
z20地理,5,2
●       搜索关键词：  教科版 八年级物理上册 第三章 声的世界 单元测试  或  北师大版 八年级物理上册 第三章 声现象 试卷 （注意：虽然你说是菏泽，但教材版本可能是教科版JK或北师大版BS，请核对课本封面）。,2,2
☆模拟购物,3,2
《仁爱英语同步练测评 八年级上册 福建版》。,2,2
《唐诗三百首》,13,2
《朝花夕拾》 精读、略读、浏览,9,2
《水浒传》,16,2
【金版教程】2026年高考化学一轮复习解决方案全书word（经典版）,8,2
【鸿鹄志·名师测控】贵州专版 八年级下册英语 的单元抓分小卷,16,2
一,13,2
一 中,2,2
一 元二次方程,6,2
一 元二次方程 100道初中数学一元二次方程解方程专项练,3,2
一 元二次方程 100道初中数学专项练,24,2
一 元二次方程 100道计算题,13,2
一 次函数八年级专项复习,5,2
一 次函数八年级专项复习人教版数学,2,2
一 轮 集合数学,7,2
一 轮复习,5,2
一中 2026 重庆,2,2
一中九上月考,2,2
一二六,14,2
一元一次方程,8,2
一元二次不等式100道计算,14,2
一元二次方程 专题一,9,2
一元二次方程 单元测试卷,4,2
一元二次方程与二次函数利润问题,5,2
一元二次方程专题练,5,2
一元二次方程单元测试卷人教版江西,7,2
一元二次解方程专题练,6,2
一号卷A10联盟,8,2
一名老师,4,2
一年级上册 1年级上册数学期末试卷,5,2
一年级下册北师大版,24,2
一年级天天练,7,2
一年级奥数思维练习题,6,2
一年级汉语拼音检测试卷,8,2
一战成名2026,19,2
一数,16,2
一数100讲高考数学,8,2
一检,23,2
一检数学,65,2
一模卷,23,2
一次 函数 025 一轮 专题,11,2
一线三垂直模型,6,2
一线三等角,3,2
一般将来时七下冀教版,17,2
一般现在时,11,2
一般过去时,11,2
一课一练,2,2
一调,3,2
一轮复习化学2027,9,2
一轮复习英语新疆巴楚,8,2
一遍过,2,2
一零一中学初二,4,2
一飞冲天,15,2
一飞冲天 2025 2026年 天津专版,6,2
七 025 2026 年 七年级下 学期 期末数学试卷,12,2
七上,8,2
七上 期中测试卷天津数学南开区,3,2
七上 英语,11,2
七上外研默写,3,2
七上开学考,4,2
七上数学,18,2
七上数学 广雅,5,2
七上数学期中,17,2
七上生物,9,2
七上英语试卷,5,2
七上计算 100专项训练计算专项,4,2
七上论语十二章考题,3,2
七上语文必背,3,2
七上课外古诗词,8,2
七上鲁迅与朝花夕拾练习题,7,2
七下人教版期末,30,2
七下人教版英语重点单词短语句型、易错点、写作范文,4,2
七下历史期末,9,2
七下外研单词,4,2
七下数学北师大版三角形折叠问题,11,2
七下数学拐点问题的题,7,2
七下第四章单元卷,6,2
七下英语期末,28,2
七下语文期末,6,2
七下语文期末试卷,12,2
七中七年级数学上册真题卷,8,2
七中育才,5,2
七台河新一中,5,2
七年級下册数学2026年期末试卷,5,2
七年级WMO数学,10,2
七年级上册人教版历史期末试卷陕西,18,2
七年级上册人教版数学,9,2
七年级上册北师大版数学第一单元练习题,13,2
七年级上册同安滨海校区第一中学2025至2026学年数学期末卷,7,2
七年级上册数学1-3单元的综合试卷,11,2
七年级上册数学人教版单元,3,2
七年级上册数学单元测试卷,3,2
七年级上册数学第一单元测试卷,4,2
七年级上册数学第一单元竞赛卷,26,2
七年级上册月考,6,2
七年级上册期末,7,2
七年级上册浙教版数学第3单元测试卷,15,2
七年级上册生物试卷,4,2
七年级上册第一单元数学,7,2
七年级上册第一学期期中质量评价安次区,16,2
七年级上册语文期末试卷,4,2
七年级上数学,4,2
七年级下册包头市,27,2
七年级下册历史期末试卷,3,2
七年级下册新乡市一中,7,2
七年级下册英语,17,2
七年级下册英语试卷卷子,4,2
七年级下学期期末,11,2
七年级分班开学考,13,2
七年级分班考试卷,7,2
七年级开学分班,9,2
七年级开学分班考试卷,2,2
七年级数上册数学期考卷,3,2
七年级数学,7,2
七年级数学沪科版举一反三,9,2
七年级新生分班考,40,2
七年级测试,13,2
七年级英语仁爱版默写,19,2
七年级语文下册期末试卷,44,2
七彩联盟,7,2
七彩阳光,10,2
七校协作体,4,2
七校协作体高一联考数学,3,2
七校联盟,7,2
万唯,6,2
万唯 2026中考黑白卷,4,2
万唯 2026黑白卷,18,2
万唯中考,3,2
万州,11,2
万州二中七年级下册数学期末测试卷,43,2
三上英语淄博高青期末,6,2
三中哈尔滨,5,2
三升四非连续性文本阅读,3,2
三峡,4,2
三年级上册数学试卷青岛版,5,2
三年级上学期期末,11,2
三年级下册,14,2
三年级下册期末数学人教版,8,2
三年级下册期末考试,4,2
三年级下学期期末,4,2
三年级数学,7,2
三年级数学期末题库,9,2
三年级科学,5,2
三新协同教研共同体,8,2
三新联考,53,2
三明一中,7,2
三明二中,4,2
三明市2025 2026初一下册数学期末卷,18,2
三模,3,2
三模试卷,2,2
三角函数 公式大全,9,2
三角函数一轮复习,5,2
三角函数与解三角形,17,2
三角函数的奇偶性与周期性综合应用练习题,15,2
三角函数的最值,4,2
三角函数练习题,2,2
三角函数计算题,16,2
三角形全等的证明与计算多模型,8,2
三角形四心,5,2
三角形的概念,15,2
上好每一课,6,2
上好课同步精品课堂成比例线段,8,2
上好课，物理一轮复习讲练测册第33讲,6,2
上学期数学三年级上册,21,2
上海24年一模,8,2
上海26年数学一二模解析几何汇总,9,2
上海中学 高二上,7,2
上海中学高一,8,2
上海中学高一下期末,6,2
上海中考英语,15,2
上海中考试卷,4,2
上海中考语文,3,2
上海九年级上学期期中,3,2
上海五年级数学,3,2
上海六年级上册数学期末,8,2
上海初中英语考纲单词,12,2
上海复兴高级高一上9月月考,6,2
上海复旦中学高一开学模拟考,3,2
上海实验学校,4,2
上海市八上化学期末,24,2
上海市八上数学期末,24,2
上海市实验学校,3,2
上海市浦东新区杨园中学2025-2026,4,2
上海市第四中学,2,2
上海市罗店中学,10,2
上海市金山区八上,3,2
上海市金山区八上生物,6,2
上海延安中学,2,2
上海徐汇一模,2,2
上海徐汇一模英语,2,2
上海数学中考试卷,2,2
上海春考英语,18,2
上海普陀八上数学期末考试卷,11,2
上海浦东2025-2026英语考前综合练习,3,2
上海英语高三,39,2
上海高三化学模考,7,2
上海高三生物一模松江,7,2
上海高三英语,4,2
上海高二上化学月考,6,2
上海高二上物理,11,2
上海高考英语,4,2
上海高考语文,3,2
不等式专题,5,2
不等式单元测试卷,9,2
与高一语文下册第3单元素材,9,2
专项复习,8,2
专题01,12,2
专题01 遗传的基本规律,7,2
专题02 化学能与电能的转化 高二化学上学期苏教版,10,2
专题03机械运动力运动和力,12,2
专题05写作词汇,3,2
专题18,2,2
专题一 分离定律（6大题型必刷）（期中复习专项训练）高一生物下学期人教版,6,2
专题六期末真题百练通关83题25大基础题型,16,2
专题卷,5,2
专题拓展新高一年级数学人教A版·暑假预习讲义,5,2
世界主要地区地理,4,2
丘北县锦屏小学,14,2
东北三省三校2025二模,14,2
东北三省三校2026届高三第一次联合模拟考试英语,2,2
东北三省三校一模,6,2
东北三省三校一模2026届高三下学期,27,2
东北三省三校一模2026届高三下学期数学,14,2
东北三省三校联考,6,2
东北师大附中高一上月考,4,2
东北师大附中高三英语二模,6,2
东北师范大学,2,2
东北育才 2025 2026,5,2
东北育才七上期末,6,2
东北育才中学,6,2
东北育才学校高一上物理,5,2
东北育才物理高三,13,2
东北育才高三开学考试,3,2
东城区,7,2
东城区一七一中学2022 －2023 9月试卷,8,2
东城期末,17,2
东山高级中学,5,2
东岳中学,10,2
东方二中,11,2
东海县高级中学高一下生物,8,2
东海高级中学高三开学考,6,2
东省青岛市黄岛区西海岸2025高一期中数学,8,2
东莞东华八年级上学期期中数学,4,2
东莞东华高级中学,9,2
东莞中学松山湖学校,8,2
东莞实验中学,12,2
东莞市东华,7,2
东莞高二期末真题,6,2
东营一模,11,2
东营市一中,9,2
东营市五年级,11,2
两位数乘法,5,2
两位数四则混合运算题库,37,2
中专,7,2
中华中学分班考,2,2
中国近代史,8,2
中山2026高二期末语文,3,2
中山市第一中学,34,2
中山市高一年级2022到2023第二学期期末,4,2
中文考研,7,2
中考 2026中考真题,26,2
中考 数学 026 冲刺模拟卷,11,2
中考 真题,4,2
中考几何压轴题,4,2
中考卷2026四川达州市,8,2
中考卷英语,7,2
中考历史一轮复习,6,2
中考必备单词1600,3,2
中考指南,2,2
中考数学全套思维导图,4,2
中考数学试卷,5,2
中考模拟卷,28,2
中考物理拔高,4,2
中考芝罘区,15,2
中考英语1600词 高频短语 词块清单 / 中考易混动词短语辨析,8,2
中考英语单词,11,2
中考英语试卷,3,2
中考语文现代文阅读,8,2
中考青岛,3,2
中考非连续性文本专项训练,4,2
中考高频词汇,5,2
中职数学,12,2
丰台区2025 2026第二学期期末考试,5,2
丰城中学八年级试卷,13,2
丰城市丰中学第一次月考高一,7,2
丰泽区期末质量监测题库初二物理,4,2
丰润区,48,2
临夏回族自治州,5,2
临夏州2025至2026学年度春季学期期末质量监测卷7年级下册,7,2
临川一中入学考试,8,2
临川一中高一上学期开学考试,30,2
临沂2025高三上学期期中,15,2
临沂2026期末六年级下学期,4,2
临沂2026高一期末语文,3,2
临沂中考英语,5,2
临沂八年级上兰山期中,4,2
临沂合格考10套信息技术试卷,6,2
临沂市兰山区2025高一上册期中考试语文,3,2
临沂市兰陵县2025-2026六年级下册期末试卷,20,2
临沂市兰陵县八年级下册数学期末试卷,5,2
临沂市沂水县七年级,3,2
临沂罗庄小升初分班考语数英试卷,5,2
临沂罗庄小升初真题试卷,6,2
临沂高一上学期期中语文,4,2
临沂高二上学期物理第一次月考,11,2
临沭第二初级中学数学八上月考2024-2025,4,2
临河,20,2
临泉一中,2,2
临清,64,2
临界问题,6,2
临邑,11,2
临门一脚,5,2
丹东,4,2
丹东二中高一上物理,21,2
丹东市,9,2
主观题答题模板,8,2
丽水 湖州 衢州 2025年11月三地市高三教学质量检测语文,8,2
丽水市市统测高一期末数学,3,2
丽水市高一下期末技术,7,2
丽水期末,15,2
义乌,5,2
义乌七年级上册期末数学,17,2
乌兰浩特一中,12,2
乌鲁木齐,3,2
乌鲁木齐一中,3,2
乌鲁木齐八一开学分班,15,2
乌鲁木齐八下试卷,27,2
乌鲁木齐兵团,20,2
乌鲁木齐四十一中学高一上学期开学分班考试卷,11,2
乌鲁木齐小升初数学分班考试试卷,6,2
乌鲁木齐市华兵实验中学新初一分班卷,20,2
乌鲁木齐市外国语学校,9,2
乐吾,13,2
乐山2026高二期末考试生物,3,2
乐山市2026中考语文,4,2
乐山市市中区历史卷20267年级,14,2
乐山高一下期末考试 化学,4,2
乐山高一下期末考试 政治,7,2
乘法分配律,5,2
九上,4,2
九上 第1章 一元二次方程,6,2
九上 第1章 二次函数试卷,4,2
九上10月月考,8,2
九上化学单元测试卷人教版,20,2
九上化学期中济南,4,2
九上化学鲁教版期末复习资料,4,2
九上历史,2,2
九上历史必备清单,20,2
九上历史新教材,9,2
九上历史知识点填空,13,2
九上政治3.1,19,2
九上数学人教版二次函数,6,2
九上数学期中考试,7,2
九上数学期末卷,15,2
九上期中化学,24,2
九上期中数学长沙,5,2
九上沈阳大连期末数学卷,8,2
九上物理,21,2
九上物理内能,11,2
九上物理期中考试,7,2
九上物理期末,21,2
九上第3单元,3,2
九上第一次月考,11,2
九上第一次月考物理,14,2
九上英语期末,17,2
九上英语第一次月考人教版,3,2
九上英语译林版期中首字母填,6,2
九上语文书,3,2
九上语文文言文,3,2
九上语文期中,9,2
九上语文第一次月考,17,2
九下数学相似第1节课练习,15,2
九下期中历史选择题,6,2
九下物理电功率,5,2
九中,11,2
九师联盟黑龙江,14,2
九年级y mo决赛,6,2
九年级上册K英语现在完成时语法单,3,2
九年级上册二次函数单元测试卷,21,2
九年级上册化学,31,2
九年级上册化学期末考试,7,2
九年级上册化学第一单元吉林,7,2
九年级上册历史,5,2
九年级上册数学月考,16,2
九年级上册数学期中试卷,6,2
九年级上册期末,20,2
九年级上册物理期中试卷,6,2
九年级上册第一次月考卷数学,19,2
九年级上册第一次月考卷数学人教版,13,2
九年级上册英语,2,2
九年级上册英语仙游县,5,2
九年级上册英语单词表,8,2
九年级上册语文,20,2
九年级上册语文人教版第一次月考测试卷,18,2
九年级上册，物理期末检测湖北专版,20,2
九年级上期末考数学,4,2
九年级二次函数单元测,23,2
九年级仁爱英语新版现在完成时练习,10,2
九年级化学上册,6,2
九年级数学北师大版,9,2
九年级数学单元测试卷,14,2
九年级数学第一次月考试卷,9,2
九年级物理月考卷广东省广德实验学校,3,2
九年级英语答题卡作文,10,2
九年级语文,2,2
九月数学,11,2
九月月考,27,2
九校联盟高一期末试,18,2
九江市 2025 2026 学年度下学期期末考试,3,2
九江市 2025 2026 学年度下学期期末英语学科，听力材料试,8,2
九江市外国语学校化学,3,2
乡土中国 练习题,2,2
书,4,2
书本电子版,7,2
二 元一次方程,7,2
二4年政治高考卷青海,3,2
二中期中,10,2
二五年一月高考化学真题 浙江,2,2
二十九中,6,2
二年级上册数学计算练习,6,2
二年级奥数,11,2
二年级奥数竞赛题,4,2
二年级数学上册,15,2
二年级语文上册,6,2
二次 函数 025 一轮 专题中考,14,2
二次 根式,3,2
二次函数与几何图形的存在性问题,7,2
二次函数专项训练,8,2
二次函数专题,2,2
二次函数初中,4,2
二次函数北师大版,10,2
二次函数区间最值,8,2
二次函数测试卷,6,2
二次函数预习,23,2
二次根式基础训练,7,2
二次根式计算题100道,6,2
云南202 6中考卷,4,2
云南2026中考数学,4,2
云南九年级开学考,6,2
云南地理中考试卷,4,2
云南富源一中,2,2
云南师大附中,14,2
云南师大附中高一数学期中考试试卷,3,2
云南师大附中高考模拟卷,9,2
云南师范大学附属中学2027届高二上学期期中考数学试卷,8,2
云南师范大学附属镇雄中学,2,2
云南师范大学附属镇雄中学教研联盟高一年级检测试卷,14,2
云南数学高中学业水平考试,5,2
云南期末,3,2
云南省2026 2026学年普通高中学业水平考试,10,2
云南省保山市高二期末,23,2
云南省昆明市及各地方近两年以来的市统测或期末考试卷历史,7,2
云南省普通高中学业水平合格性考试 通用技术 2025,8,2
云南省曲靖市卓立,6,2
云南省洱源县高中见面考,15,2
云南语文三年级下学期,4,2
云南阶段检测,8,2
云南高一下学期数学试卷,10,2
云南高考真题政治,4,2
云大附中,5,2
云打印,7,2
云浮的物理试卷,11,2
五下期末数学无棣,4,2
五十五中学,5,2
五升六期末卷,6,2
五升六英语阅读,2,2
五华区物理期末考初二下,3,2
五四制化学中考题,2,2
五年级上册,14,2
五年级上册数学期中试卷,16,2
五年级上册第一单元,20,2
五年级上册英语单元,8,2
五年级上册英语单元人教,12,2
五年级上册雨花区语文,4,2
五年级上学期阶段检测,5,2
五年级下册期末,14,2
五年级下册测试卷,13,2
五年级期末试卷,3,2
五年级英语完形填空,5,2
五年级英语期末试卷,13,2
五年高考三年模拟2026人教版,2,2
五校联考,16,2
五河县物理,9,2
交变电流,11,2
京华中学,7,2
人体内环境与稳态,4,2
人体的内环境与稳态,8,2
人大附中20二七届高三暑假自主复习检测练习,14,2
人大附中分班考,14,2
人大附中高三,2,2
人教版 02024七下数学期末考试试题,8,2
人教版2019必修第二册第七单元测试卷,6,2
人教版2019高中英语 必修1 Unit1 课文逐句语法解析 导学案,5,2
人教版七下英语试卷,18,2
人教版七年级下册英语10套卷子,7,2
人教版九年级上册期中试卷,12,2
人教版八年级上册数学三角形的判定,5,2
人教版数学7年级上册第一单元,4,2
人教版数学七年级上册,10,2
人教版数学九年级上册期末试卷,5,2
人教版数学小升初考试,4,2
人教版步步高课时精练英语电子版,2,2
人教版英语 九年级全一册 Unit 8 2012年版 单元测试卷,8,2
人教版英语8下知识点,2,2
人教版高一化学必修第一册期中卷 1‑2章 图片版 带答案 免费,5,2
人民大学附属中学,5,2
人民教育出版社物理必修2复习与提高答案,19,2
仁寿一中北校区高一下,3,2
仁寿第一中学校,2,2
今年大庆实验中学高一期末物理考试卷,6,2
介休,18,2
介词,9,2
从化区,7,2
仙桃中学月考卷,7,2
仙游一中,2,2
代数,6,2
代数变形,2,2
代数式,24,2
以责任和担当为题的作文,15,2
任丘,19,2
任务型阅读,19,2
仿真模拟卷(5)-【学考一本通】2026年安徽省高中语文学业水平合格性考试,5,2
优化探究,5,2
优化探究高中物理一轮复习,3,2
优化方案同步测试卷,6,2
会东县和文中学,6,2
会昌中学高一上学期数学期末试卷,10,2
会泽,9,2
会考 20 25年普通高中学业水平考试,34,2
会考 20 26年普通高中学业水平考试,14,2
会考 20 26年普通高中学业水平考试安徽,40,2
会考生物,6,2
位育中学,3,2
体育单招,8,2
余干中学,8,2
余杭,7,2
佛山三中初中部,18,2
佛山市高一上期中,9,2
佛山高一期末数学,6,2
作业,9,2
作业04 文言文阅读,4,2
作文八上,4,2
作文模板,5,2
作文范文,6,2
作文高考,3,2
佳木斯第一中学,2,2
保定,10,2
保定一中,6,2
保定一中高一上月考,5,2
保定市物理一模,5,2
信息技术 2025 学业水平测试,2,2
信息类文本阅读,6,2
信阳市,12,2
信阳高中,12,2
信阳高中1模卷,12,2
信阳高级中学 高一上学期开学考试北湖校区,10,2
修辞手法,8,2
偃师区六年级下学期数学期末考试试卷,15,2
元素,7,2
元素周期表,5,2
元素推断,6,2
先享题广东同步学,4,2
光合作用和呼吸作用,5,2
光和眼睛,12,2
光学专题,4,2
光山县初中开学第一考,13,2
光滑水平面上静止放置质量为M长木块，质量m子弹水平射入木块，子弹受到阻力大小f与初速度成正比f=kv_0。改变子弹初速度，若木块获得速度最大，则（）,5,2
光现象,5,2
光电效应,5,2
光的反射,2,2
克东,8,2
克拉玛依市白碱滩区第五中学,4,2
免费专区英语,15,2
免费资源,8,2
兖州,14,2
兖州一中,5,2
入学分班考数学七上,13,2
入学测试卷,22,2
入学考试 高中 高一分班考试上学期,7,2
入学考试初一,2,2
入学考试初一南京,13,2
入学考试试卷,13,2
全品作业本,12,2
全囯01卷 2026 高考数学真题,4,2
全囯02卷 2026 高考数学真题,6,2
全囯02卷 2026 高考语文真题,3,2
全囯1卷,14,2
全囯1卷2025高考,5,2
全囯1卷2026高考,9,2
全囯2卷2025高考,6,2
全国2卷英语,3,2
全国一卷24,4,2
全国一卷数学,4,2
全国一卷英语2 026高考,4,2
全国一卷高考真题,15,2
全国一卷高考英语,3,2
全国二卷2026,12,2
全国二轮专题,7,2
全国卷1,2,2
全国暑假专题,9,2
全国竞赛,13,2
全国高中数学联赛一试,12,2
全国高考1卷,5,2
全州高中,14,2
全等三角形专项,8,2
全等三角形八上练习题,3,2
全等三角形八大模型,6,2
全等三角形判定综合基础练习,5,2
八一中学,2,2
八上 语文 福州 杨桥,16,2
八上2025~2026期末考试试卷数学,8,2
八上南京江宁区语文第一次月考卷,4,2
八上南开区期中,37,2
八上历史期末,13,2
八上地理,7,2
八上天台,8,2
八上政治,8,2
八上数学,5,2
八上数学14章,4,2
八上数学北师大期末卷,3,2
八上数学压轴题,11,2
八上数学月考卷,9,2
八上数学月考卷郑州,14,2
八上数学期中,29,2
八上月考卷数学,4,2
八上月考数学,4,2
八上期中历史,4,2
八上期中数学,20,2
八上物理期中,8,2
八上物理第三章,6,2
八上第一次月考数学,10,2
八上第一次月考语文长沙,6,2
八上英语人教版期中试卷焦作市,3,2
八上英语期中,19,2
八上英语杭州开学考,9,2
八上英语第一次月考长沙,23,2
八上萍乡市,19,2
八上语文期中栖霞区,18,2
八上语文第一次月考,67,2
八下 物理 2025 26期末测试 卷,15,2
八下 英语 2026期末测试 卷,16,2
八下历史单元卷,11,2
八下数学 2026期末测试卷,12,2
八下数学期末卷,9,2
八下物理期末,5,2
八下物理期末卷,13,2
八下物理重庆市秀山县期末真题2026,16,2
八下英语1-4单元月考试卷,4,2
八下英语单词,8,2
八下英语译林单元知识核心,3,2
八中分班考,7,2
八中高一上,2,2
八升九开学考,21,2
八年級 2026年下册期末考试,11,2
八年級 下册数学2024 2025期末考试真题卷,15,2
八年級英语 上册期末考试福建宁德,2,2
八年级 物理,13,2
八年级上册北师大版第二章实数数学卷子,16,2
八年级上册历史期末常考知识点,7,2
八年级上册数学华师大版，期末试卷,27,2
八年级上册数学试卷人教版黄陂区,8,2
八年级上册期中考试,16,2
八年级上册期中考试南阳市试卷,12,2
八年级上册物理卷子,14,2
八年级上册科学第一章试卷,15,2
八年级上册第1次月考数学,10,2
八年级上册第一次月考数学试卷,19,2
八年级上册第一次月考英语卷子及答案,28,2
八年级上册英语第二单元测试人教版,6,2
八年级上册英语语法2单元,5,2
八年级上册证三角形全等,5,2
八年级上册语文北师大版同步字帖,8,2
八年级上册语文期末考是广西省,18,2
八年级上学期期中数学,14,2
八年级上学期期末,7,2
八年级上学期阶段检测,5,2
八年级上江苏省盐城市物理考试,3,2
八年级下册 期末测试卷,10,2
八年级下册40篇英语阅读,3,2
八年级下册数学云南师范大学附属中学,3,2
八年级下册数学单元卷,6,2
八年级下册数学期末综合卷,3,2
八年级下册期末,39,2
八年级下册期末卷数学河北,4,2
八年级下册期末英语,4,2
八年级下册物理,8,2
八年级下册物理期末试卷榆林市一中分校,24,2
八年级下册英语单词默写,9,2
八年级下册语文期末试卷2026,8,2
八年级下学期期末,5,2
八年级下学期阶段检测,5,2
八年级仁爱版短语跟读,11,2
八年级房山区物理下册，期末试卷,6,2
八年级数学期中,4,2
八年级物理 福建,6,2
八年级物理 龙岩第一次月考,4,2
八年级物理期末卷,4,2
八年级英语上下册单词默写本,14,2
八年级英语下册期末考试卷,4,2
八年级英语人教版听力练习,9,2
八年级越秀区,4,2
八月开学考,13,2
八省八校,14,2
公主岭一中,9,2
公务员,4,2
六 6 年级,2,2
六下数学期末苏教版,26,2
六升七分班考语文,24,2
六国论 理解性默写,9,2
六安皋城中学2025~2026学年度第一学期期中考试八年级物理试题,3,2
六年级 奥数测试卷,13,2
六年级上册,4,2
六年级上册人教版数学期中测试卷,18,2
六年级上册地理鲁教版重要知识提纲,24,2
六年级上册数学期中,4,2
六年级上册数学桂城街道试卷第一单元,7,2
六年级上册第四单元,35,2
六年级下册数学期末试卷,79,2
六年级下册英语期末卷,13,2
六年级升初一开学分班考试祥城,3,2
六年级升初一开学考试,21,2
六年级圆专项练习,4,2
六校联盟2025学年第一学期高二英语,11,2
六校联考入学考,32,2
六校联考化学,4,2
六校联考开学考,12,2
六校联考高三开学考数学,4,2
六校联考高三开学考语文,6,2
兰州市三十五中,12,2
兰州市十一中,2,2
兰生,4,2
关联速度,7,2
兴宁市第一中学,9,2
兴宁高二开学考,4,2
兴隆台七年级26年期末卷,6,2
养正中学,11,2
冀教七年级上数学,9,2
冀教版英语七年级下册阅读理解,14,2
内乡八下数学试卷,4,2
内乡县,6,2
内江七年级下册25 年到 26 年的数学期末考试卷子,5,2
内江市,20,2
内江市中区2026年8年级下册期末试卷统考历史,5,2
内江市第六中学,7,2
内江市第六中学初一入学考试,3,2
内江市第六中学初一数学试卷,18,2
内能的利用,4,2
内蒙古 0225 中考 真题 解析,3,2
内蒙古专用,3,2
内蒙古中考真题,11,2
内蒙古包头市初三期末全市统考卷语文,4,2
内蒙古包头市北师大版数学七年级下册期末,20,2
内蒙古自治区巴彦淖尔市乌拉特前旗第四中学,11,2
内蒙古自治区高三年级开学考,6,2
内蒙古高一下学期期末数学,14,2
内蒙古高一下学期期末物理,15,2
内蒙古高一下学期期末生物,23,2
内蒙古高三上学期模拟考数学卷,20,2
内蒙古高二开学考,11,2
内蒙生物会考真题,7,2
准高一入学考试,6,2
凉山州2020－2021学年度下期末数学高二,17,2
凉山州2025 2026年下学期未试卷,10,2
凌海市三高中,9,2
凤凰,14,2
凤城二中,5,2
凸透镜,7,2
凸透镜成像规律单元测试,13,2
函数 0 1 函数一轮复习,4,2
函数 0 1 函数一轮复习专题高三题目,5,2
函数 测试卷辽宁,2,2
函数与导数专题训练卷,7,2
函数专题卷基础,8,2
函数值域,5,2
函数周期性 对称性,13,2
函数周期性与对称性一轮复习,10,2
函数的单调性基础题,4,2
函数的基本性质,16,2
函数的奇偶性和周期性,2,2
函数的概念与性质,10,2
函数的概念及其表示,6,2
函数高中,10,2
分子与细胞,2,2
分式,4,2
分数,3,2
分数乘法,9,2
分班 开学考西安爱知,8,2
分班入学考,76,2
分班测 七年级入学郑州,32,2
分班测试,16,2
分班考初一数学,23,2
分班考卷子,24,2
分班考小升初,8,2
分班考淮北,3,2
分班考英语,16,2
分班考试卷初升高,11,2
分班考试试卷,2,2
分班考试试卷江苏扬州,7,2
分班考语文,3,2
分班考高一,10,2
分班考高一新生入学,15,2
分离定律,7,2
分离定律异常情况分析,6,2
切线不等式放缩 导数,4,2
创新班选拔考试物理试题卷,5,2
创新设计2027版一轮复习,5,2
初一上数学,4,2
初一下册数学,16,2
初一下学期,9,2
初一人教版历史卷子,19,2
初一入学考试卷福建泉州,12,2
初一分班考四川,10,2
初一分班考数学北京版,19,2
初一分班考数学苏教版,8,2
初一分班考英语,12,2
初一分班考试卷,20,2
初一分班考试卷福建泉州,4,2
初一开学测试,28,2
初一开学考,19,2
初一数学口算练习,15,2
初一数学期末题,14,2
初一有理数乘法,3,2
初一有理数的加减混合运算计算题,12,2
初一物理,5,2
初一计算题专项训练数学,17,2
初三,47,2
初三入学考,9,2
初三化学,5,2
初三电学,2,2
初中8年级上册地理10月月考辽宁,3,2
初中三角函数,2,2
初中入学分班考,9,2
初中全学科摸底卷,9,2
初中分班考,28,2
初中分班考试,8,2
初中化学溶液基础计算题,5,2
初中数学知识点总结,10,2
初中生物血液循环系统,4,2
初中英语1600词汇,9,2
初中英语完型填空答题技巧,7,2
初中英语时态练习,9,2
初中英语词性转换,14,2
初中英语词汇1600默写人教版,9,2
初中英语语法名词专项,6,2
初中语文 自主招生 探究题,3,2
初中语文记叙文,5,2
初中隐圆问题,7,2
初二 023 21 上学期 半期 考 数学,11,2
初二上册期末数学遵义,12,2
初二上几何,4,2
初升高入学分班测试卷2026,6,2
初升高开学考,9,2
初升高衔接卷,5,2
初高中衔接直通车,4,2
利津县期末考试试卷,15,2
前缀后缀,15,2
力与运动,19,2
力学一轮复习专题,25,2
力学三大观点,16,2
劝学,7,2
劝学理解性默写,12,2
加速度的理解和计算,5,2
动力学2026专题复习,3,2
动态平衡问题,9,2
动态电路,38,2
动点问题 7上,8,2
动词,11,2
动词 过去式背诵版 不规则变化表格,8,2
动量专题,10,2
动量大题,2,2
匀变速直线运动,10,2
匀速直线运动,4,2
包头八上英语,4,2
包头八上英语期中,73,2
化学 工艺流程 2026复习专题,9,2
化学 工艺流程 2026复习专题大题,32,2
化学 方程式 202 3必考方程默写,4,2
化学2026高考真题,10,2
化学一模2026,4,2
化学九上知识,4,2
化学人教版选修一,6,2
化学卷子,14,2
化学反应与能量转化知识点,5,2
化学反应平衡,5,2
化学反应的热效应,7,2
化学反应的热效应课件,4,2
化学反应速率,8,2
化学奥林匹克竞赛初赛试卷,12,2
化学平衡常数及其相关计算,6,2
化学开学考试卷高3,9,2
化学必修一,9,2
化学必修二第五章,3,2
化学推断题,17,2
化学新高考真题,11,2
化学步步高大一轮复习,4,2
化学武清区期中卷子九上期中,5,2
化学氮硫硅,10,2
化学浙南联盟,15,2
化学离子推断,14,2
化学笔记,3,2
化学第1单元,3,2
化学第一次月考,6,2
化学第一次月考卷,4,2
化学简单有机物,6,2
化学自招试卷青岛2026,13,2
化学课件,7,2
化学质检卷,7,2
化学选必一,5,2
化学选择性必修一,12,2
化学重难点手册必修一,15,2
化学高一上期末,9,2
化学高一离子推断,3,2
化学高三上学期开学考,10,2
化学高二下期末,23,2
化学高二下期末考试,12,2
化学高考,13,2
北京2026中考,5,2
北京2026高考数学,5,2
北京中学,12,2
北京九中,4,2
北京五年级上学期阶段检测,4,2
北京人大附中新高一分班考试全套真题,4,2
北京八中分班考,5,2
北京初中化学合格考,7,2
北京十二中高一,4,2
北京卷红楼梦考点,7,2
北京四中九上开学摸底考试卷,17,2
北京外国语大学附属外国语学校,8,2
北京市2025年地理初中学业水平考试西城区,3,2
北京市九年级上册期中试卷,21,2
北京市历史高考卷,5,2
北京市房山区九年级上册物理期中,7,2
北京市日坛中学高三开学测,3,2
北京市朝阳区高三年级第二学期质量检测一,15,2
北京市期末数学卷子,9,2
北京市第14中学开学测,3,2
北京市第十四中学分班考,5,2
北京师范大学南山附属学校高一开学考,7,2
北京师范大学附属中学,4,2
北京师范大学附属实验中学分班考,7,2
北京数学高三,5,2
北京汇文中学,8,2
北京海淀,4,2
北京海淀区,19,2
北京海淀期末,15,2
北京物理2026八上第二单元,5,2
北京物理高一上,4,2
北京西城2026高二下数学,3,2
北京高一下期末,3,2
北京高一开学考,8,2
北京高一开学考试卷,8,2
北京高一月考,2,2
北京高一月考英语,2,2
北京高中分班考,6,2
北京高中物理分班考,3,2
北京高中生物必修二期末考试,2,2
北京高中高一下半学期期末考试考试物理题,3,2
北京高考 物理2026,4,2
北京高考化学,9,2
北师大,18,2
北师大一次函数复习,10,2
北师大版 02023 2024 八上 数学 培优,4,2
北师大版7年级下第二次质量检测数学试卷。,17,2
北师大版七年级数学,15,2
北师大版初一英语听力,6,2
北师大版数学高一同步高考真题改编,3,2
北师大版高一英语，试卷带听力,17,2
北师版,14,2
北斗星盟,12,2
北海市2026年7月期末教学质量检测高一答案,6,2
北海市第七中学,8,2
北省“宜荆荆恩”2025届高三上学期9月起点考试,46,2
北辰实验中学月考数学,5,2
北郊,12,2
北郊高级中学,10,2
北部区域联盟,4,2
区域地理,3,2
十五中,3,2
十四中,8,2
十堰市东风高中自主招生题目,24,2
十堰市中考化学,4,2
十堰市实验中学,6,2
十堰市实验中学九上期中考卷英语,2,2
十字 相乘法100专题训练,8,2
十字相乘法-分解因式,10,2
十年真题名句默写,6,2
十年高考名句默写真题专题07,16,2
十校联考,5,2
升学e网通,7,2
升学分班考,12,2
半期考试,18,2
华东师大版七下数学各单元卷,8,2
华东理工大学附属闵行科技高级中学,2,2
华中师大附中,3,2
华二,7,2
华二高中,4,2
华山中学八下,6,2
华师1附中圆锥曲线专题,9,2
华师一,2,2
华师一附,3,2
华师一附中高二期末,6,2
华师大附属东昌,2,2
华师联盟,16,2
华师附中,6,2
华数之星,12,2
华杯赛,5,2
华杯赛大题,5,2
华罗庚中学,6,2
华美实验中学,4,2
华育,11,2
华育中学,16,2
协作体,5,2
卓越联盟,9,2
单 词表背默版本,11,2
单县,11,2
单招四川,6,2
单词1247记忆法默写表,14,2
单词变形 词性转换译林版,9,2
南京 2026高三 0模,2,2
南京0模,12,2
南京2026五年级升6年级考试试卷,7,2
南京一中,4,2
南京一中2025-2026学年第一学期10月阶段性检测试卷,3,2
南京一中数学,4,2
南京一模,9,2
南京七年级分班考,4,2
南京二模,4,2
南京六校联合体,6,2
南京市2025届高三年级学情调研,7,2
南京市2026初三语文上册考试试卷,8,2
南京市2026高三 零模数学,3,2
南京市第一中学,4,2
南京市第二十九中学高二上学期期末生物,13,2
南京市部分学校2027届零模考试前训练题,10,2
南京市金陵中学,5,2
南京市高一月考,4,2
南京师大附中,5,2
南京师范大学附属中学高中,3,2
南京江北新区浦口外国语小升初,11,2
南京江宁秦淮中学高三上,3,2
南京零模,11,2
南京零模高三,11,2
南充2026高一期末地理,6,2
南充嘉陵区2025‑2026八年级上期末数学,31,2
南充市2024~2025学年度下期普通高中一年级学业质量检测历史试题,10,2
南充市2026高一下期末考试数学,3,2
南充市期末教学质量监测高一上册语文,13,2
南充市白塔中,4,2
南充高三一诊,22,2
南充高考生物卷子,3,2
南宁二中高三第一次英语,2,2
南宁二中高三英语,3,2
南宁二中高二下物理期末考试,15,2
南宁二中高二下英语期末考试,3,2
南宁市横州市八上期末数学,4,2
南宁市毕业班第二次适应性考试英语听力,5,2
南宁市第十四中学2025∽2026春季学期高一期末测试,3,2
南宁沛鸿,2,2
南安市实验中学期中考试数学,3,2
南安鹏峰中学,3,2
南山中学,2,2
南山区,26,2
南山外国语,14,2
南岗区 五年级 上学期,8,2
南川中学初一分班考,10,2
南师附中宿迁分校小升初,5,2
南平一中自主招生考试,5,2
南平市,32,2
南平市 2025-2026 学年第二学期四年级期末检测A卷.mp3,17,2
南平市2026高二期末政治,3,2
南平市期末考,16,2
南平市高一上期中数学,7,2
南平市高三质检,11,2
南平市高二物理期末,49,2
南开中学重庆入学,17,2
南开中学高2026届高三第一次质量检测,14,2
南开区,11,2
南开区期中,10,2
南开区高一上期末物理物理,3,2
南开地理重庆,4,2
南开开学考,7,2
南开期中,4,2
南开滨海开学考,4,2
南方凤凰台,2,2
南方科技大学附属中学,11,2
南昌2023-2024八年级上12月月考英语,11,2
南昌中学,5,2
南昌县八上物理期末,3,2
南昌市开学考试高一,10,2
南昌数学中考二模,18,2
南沙,39,2
南渝中学重庆,6,2
南航苏州附中化学高一期中,4,2
南菁,32,2
南通2026高二,13,2
南通中学2025 2026学年高二上学期,12,2
南通中学高一化学期中,5,2
南通九年级上册英语,4,2
南通八上物理期,5,2
南通八上物理期中,5,2
南通初三上物理,5,2
南通市小升初数学试卷,4,2
南通市海门中学高一上册期中考试物理,7,2
南通市通州区育才中学,4,2
南通第二中学高一月考卷,2,2
南通英语试卷初二,5,2
南阳市21学校八年级2026年上学期月考,4,2
南阳市第一中学高二上开学考,284,2
南阳市金科新未来高三开学考,6,2
南阳高二上月考,9,2
南阳高二下期末数学,10,2
南雅中学,7,2
南雅中学高一上学期入学考试,17,2
博爱县第一中学,2,2
博罗中学,41,2
博罗中学高二第一次月考上学期,4,2
博罗县2024七年级数学,6,2
博罗县初中试卷,24,2
博野中学,10,2
卷子语文,14,2
历下区九上物理,3,2
历史一模,10,2
历史九上背诵内容人教版,10,2
历史事件大全及时间表,9,2
历史八上第一单元试卷,4,2
历史地图题专项,7,2
历史大事年表高中,8,2
历史小论文高考,3,2
历史广东卷零二 学易金卷2026年高考考前最后一卷,7,2
历史思维导图,14,2
历史提纲,12,2
历史特点题,10,2
历史知识点,13,2
历史竞赛,19,2
历史考卷,15,2
历史试卷河南,7,2
历史选必一1 5课高考真题,3,2
历史选择题专项,9,2
历史高考,13,2
历史高考模拟试卷,4,2
历史高考真题,2,2
历史高考真题山东,4,2
历史高考试卷,12,2
历城,16,2
历城一中,8,2
历城二中 2026 2027,5,2
历城二中 2026 2027学年语文综合测试卷,6,2
历城第二中学,4,2
历年高考作文范文,4,2
压轴题中考,6,2
原创联盟,2,2
厦门2026高二下「期末阶段性练习」,6,2
厦门一中10月月考,11,2
厦门一中2025 2026,6,2
厦门一中入学考,4,2
厦门一中开学考试,3,2
厦门一中物理10月第1次月,6,2
厦门一中物理高二,16,2
厦门二中,4,2
厦门二中五缘校区 2025 高一上 开学考试,10,2
厦门六中高一入学考试,8,2
厦门双十中学入学考,5,2
厦门双十中学高二期中生物,7,2
厦门同安实验中学2025-2026第一学期高二第一次数学,3,2
厦门外国语石狮分校,5,2
厦门外国语高一入学考,4,2
厦门英才,6,2
厦门高一下学期期末英语试卷,15,2
厦门高二物理月考,3,2
县中联盟,21,2
县中联盟安徽高一,13,2
双十,25,2
双十中学C组作业,18,2
双语报,2,2
反三角函数,2,2
反义疑问句,9,2
反应热,5,2
反应热 焓变,24,2
反应热的计算,8,2
反比例函数提升卷,12,2
叠词大全,11,2
口算题卡,4,2
古诗,12,2
古诗文默写,12,2
古诗词意象PPT,4,2
古诗鉴赏,10,2
句型转换,22,2
台州十校联盟日语,3,2
台州市物理,5,2
台江,44,2
各地市高考历史,3,2
合川中学,8,2
合格 考2025年 合格考真题,8,2
合格 考2025年 普通高中学业水平,19,2
合格卷生物,3,2
合肥 0 202 6一模,49,2
合肥 二模 2026,2,2
合肥168 2026高一期末,11,2
合肥168中8下数学期末考试,5,2
合肥42中,10,2
合肥45中,14,2
合肥一中 2025 2026 学年度第二学期期末,27,2
合肥一中生物,10,2
合肥一中第一学期高一期中,8,2
合肥一中高一数学期末考试,5,2
合肥一中高一期中,14,2
合肥一中高三最后一卷,7,2
合肥八中2025 2026学年第二学期高一年级期末检测历史试题卷,6,2
合肥八中高一期末,9,2
合肥八中高一期末英语,19,2
合肥六中,6,2
合肥六校联考,12,2
合肥六校联考开学,4,2
合肥六校联考数学高一下学期期末试卷,4,2
合肥市六中2025—2026年高一第一学期期中考试数学试卷,3,2
合肥皖智中学,8,2
合肥高一下期末,14,2
合肥高一数学卷,3,2
合肥高三,10,2
吉化一中,6,2
吉安县,11,2
吉安市高三开学考,13,2
吉林一中,2,2
吉林一中高一第一次月考,7,2
吉林延边,12,2
吉林延边州延吉市延边第,18,2
吉林省2026年初中学业水平考试语文试题,9,2
吉林省吉林市桦甸市第四中学,3,2
吉林省四平市铁东区 2024‑2025学年 六年级下学期质量验收 数学,3,2
吉林省实验中学,22,2
吉林省延边州延吉市延边第二中学,3,2
吉林省延边州高一期末考试物理,3,2
吉林省长春市外国语学校2025~206学年度上学期10月月考语文试题,5,2
吉林省长春市绿园区2025-2026四年级下册语文期末考试题,6,2
吉林通化市梅河口市第五中学高三一模,5,2
吉林长春第二中学2025-2026学年高二下学期学程考试语文试题,4,2
吉林黑龙江两省,6,2
吉林黑龙江十校,5,2
同义词替换,10,2
同升湖实验学校,6,2
同心县第五中学,31,2
同构,7,2
同步精品课堂上好课系列,47,2
同步练习,17,2
同步练习册,11,2
同江市数学八上期末卷,6,2
同济大学反三角函数,2,2
名师测控 贵州,4,2
名校G12,15,2
名校协作体开学考浙江高二上物理,10,2
名校协作体高三返校考,6,2
名校课堂 026八上 数学,2,2
名词,6,2
名词所有格,10,2
向明中学2023高一,12,2
启东,28,2
启东中学,6,2
启东中学高一上,25,2
启东中学高一上物理期末考试试卷,2,2
吴sir初高中英语,9,2
吴忠中学,9,2
吴忠中学高一物理,5,2
吴江中学,7,2
呈贡区2025 2026七年级数学,5,2
周南秀峰,3,2
周村区,11,2
周测卷,10,2
周练,5,2
呼和浩特20252026学年高三年级第一次质量检测英语,2,2
呼和浩特市2025-2026学年高三年级第一次质量监测,6,2
呼和浩特市第二中学,6,2
呼和浩特市高三上学期开学考,14,2
呼和浩特高三年级第一次质量检测,8,2
呼和浩特高三第一次质量检测,5,2
呼市2025年高三第一次质量检测生物,11,2
和平,10,2
和平一中,2,2
和平一模数学,2,2
和平区期中,15,2
和平精英,2,2
和平街第一中学,15,2
和田市第一高级中学期末卷,3,2
和畅实验中学,3,2
咸阳实验中学,6,2
咸阳市,49,2
哈 三 中,11,2
哈3中,3,2
哈一中,6,2
哈三中2025至2026学年度高二学期学末考试英语,5,2
哈三中2026年高三学年第4次模拟考试英语,4,2
哈三中生物期末卷高一下2026,4,2
哈三中高一上,18,2
哈三中高一下期末数学,3,2
哈三中高三,6,2
哈三中高三上,11,2
哈九中2025 2026学年度高一下学期6月份考试,39,2
哈九中2025 2026高一上物理10月月考,4,2
哈九中高一上,3,2
哈六中26年高二下期末,16,2
哈六中高一下学期期末试卷大理六科2025～2026和2024～2025,6,2
哈密二中,5,2
哈尔滨2025~20267年级期末七年级下期末数学考试卷,5,2
哈尔滨2026中考,6,2
哈尔滨2026中考语文,5,2
哈尔滨七年级下南岗区,7,2
哈尔滨三中数学高一上学期分班考,4,2
哈尔滨二模,4,2
哈尔滨光华中学英语,6,2
哈尔滨哈九中生物,19,2
哈尔滨市五四制六年级上学期开学考试语文  单独下载各校原版试卷，自行拼成14套合集。,2,2
哈尔滨市双城区期末试卷,7,2
哈尔滨市第一中学2025一2026上学期高一第一次月考化学试卷,3,2
哈尔滨市第三中学校高三上学期第一次月考试卷化学,16,2
哈尔滨市第六中学,7,2
哈尔滨市萧红中学五四制六年级上学期开学考试语文  单独下载各校原版试卷，自行拼成14套合集。,3,2
哈尔滨师大附中啥高二期末英语,3,2
哈尔滨师大附中附中高二下期末考试语文试题,4,2
哈尔滨师范大学附属中学开学,5,2
哈尔滨第一中学,3,2
哈尔滨第九中学校,5,2
哈尔滨高一上开学测,15,2
哈师大2025-2026,5,2
哈师大附中高三上开学考,12,2
哈师大附中高二下期末考试语文试题,7,2
哲学,8,2
唐山 0 2026第一次模拟试卷,3,2
唐山市2025到2026学年度高一年级第二学期期末考试语文答案,6,2
唐山市2026届高三开学摸底演练,23,2
唐山市丰润八年级上册地理期中,4,2
唐山开学考,6,2
唐山摸底考试,12,2
唐山联考,15,2
唐山高一下学期日语,6,2
唐山高三开学摸底,9,2
唐河,34,2
唐河县七年级上册数学真题期末,25,2
唐诗三百首 2025名著中考知识点,5,2
商师联盟,11,2
商洛 八年级下册数学 期末真题 人教版,6,2
喀什二中2026年高一下学期期末数学试卷原卷,3,2
嗯2026福建省莆田市擢英中学擢英中学期末考试卷,4,2
嘉兴二模,5,2
嘉兴基测高三,12,2
嘉兴基础测试,4,2
嘉兴市2025 2026学年第二学期期末检测高二英语学科练习,10,2
嘉兴市9月考,9,2
嘉祥一中,5,2
嘉陵,15,2
四中,12,2
四中开学考,2,2
四中高二上期中,7,2
四十七中,18,2
四升五卷子数学北师大版卷子,7,2
四川 0 2026 中考真题绵阳,4,2
四川 2026 高考,7,2
四川2025年物理高考,4,2
四川内江,16,2
四川南充高一下物理试卷,6,2
四川合格考数学,6,2
四川合格考数学2024,5,2
四川合格考数学2025,2,2
四川大数据智学领航联盟2025 2026学年高三 秋季入学摸底考试,5,2
四川学考题,9,2
四川成都,12,2
四川成都一诊,6,2
四川或者成都物理高考模拟卷,18,2
四川物理2026高考真题,5,2
四川生物合格考,11,2
四川省2026年6月普通高中学业水平合格性考试,5,2
四川省内江市2024 2025学年高一下学期期末考试英语试卷,4,2
四川省凉山州2025-2026学年高一下学期期末考试地理试题,6,2
四川省南充市2024~2025学年高二下学期期末语文试题,10,2
四川省南充市2025年小升初真题数学试卷,3,2
四川省南充市营山县化育初级中学校2023‑2024学年七年级上学期期中数学试题,5,2
四川省合格考语文,6,2
四川省宜宾市中考生物2026年,6,2
四川省巴中中学高一上册物理期中试卷,3,2
四川省广元市外国语学校,5,2
四川省广元市外国语学校开学考,4,2
四川省德阳市2026中考试卷数学,7,2
四川省普通高中学业水平合格性考试 语文 四川省普通高中学业水平合格性考试 数学 四川省普通高中学业水平合格性考试 英语,17,2
四川省泸州市龙马潭区多校联考2025-2026学年九年级上学期10月月考化学试题,8,2
四川省渠县中学,3,2
四川省甘孜州泸定县,7,2
四川省绵阳市七年级英语,25,2
四川省绵阳市高一期末数学试卷,5,2
四川省达州市高一下2023到2024期末,3,2
四川省遂宁市高二上学期第一学月考试语文,7,2
四川省部分高中日语第一次联合质量检测,4,2
四川绵阳高一下期末英语试卷,3,2
四川自贡物理中考,3,2
四川高 考 2026高考真题,19,2
四川高一上学期期中,6,2
四川高一下学期政治,3,2
四川高三,4,2
四川高考,5,2
四川高考化学,3,2
四川高考历史,3,2
四川高考政治,6,2
四川高考真题,10,2
四平市第一高级中学,11,2
四平市第三中学,5,2
四年级,2,2
四年级上册英语2026新版人教版教材,7,2
四年级上册语文字帖练习,7,2
四年级上册语文第二单元写作,2,2
四年级上册鲁教版数学期末考试真题,4,2
四年级上学期期中,8,2
四年级下册 期末测试卷,5,2
四年级下册冀教版英语试卷,9,2
四年级下册英语,4,2
四年级下册试卷,10,2
四年级下学期阶段检测,17,2
四年级北师大版数学,7,2
四年级单词,3,2
四校联考,2,2
四清导航,20,2
四点共圆,10,2
四级词汇,3,2
回中,2,2
回民中学,7,2
因 式 分 解100道,3,2
因式分解专题,10,2
园创联盟湖北,14,2
固原中考题,7,2
固始桃花坞编班测试,13,2
固安,28,2
国龙外国语学校,2,2
图形的相似 单元测试,9,2
圆 的14种题型归纳 一轮复习,5,2
圆专题,6,2
圆创2026数学,4,2
圆创2027,4,2
圆创联盟11,7,2
圆创联盟数学,7,2
圆创联考,15,2
圆创高二上期中数学卷,4,2
圆周,4,2
圆的方程,15,2
圆锥 曲线素养拓展,9,2
圆锥曲线 大题,23,2
圆锥曲线切线问题,9,2
圆锥曲线单元卷,4,2
圆锥曲线大题专项,7,2
圆锥曲线大题专题中等难度,26,2
圆锥曲线定点 定值 定线问题专题,9,2
圆锥曲线综合,8,2
圆锥曲线高考真题汇编,6,2
地球与地图综合训练01,17,2
地理 01 一轮复习地球自传和公转,3,2
地理 01 一轮复习真题解析,8,2
地理 必修一 必背知识点清单人教版,14,2
地理2025高考四川卷,3,2
地理2026高考题,2,2
地理A10联盟期末考试,26,2
地理一轮复习,4,2
地理一轮复习题,2,2
地理中考,5,2
地理八上单元卷,10,2
地理合格考四川,3,2
地理选修一,5,2
地理高二练习,8,2
地理高考卷不含答案,2,2
地生会考,20,2
地生会考试卷,21,2
城阳一中,6,2
城阳第二高级中学,5,2
培优好卷数学苏教版,9,2
培英中学,24,2
培英中学八年数学,22,2
基本不等式培优讲义分式型二元最值万能k法专项训练,3,2
基本不等式的12种,5,2
堔圳,13,2
塘沽一中开学考,22,2
塘沽一中高一上月考语文,3,2
塘沽一中高一上期中,16,2
塘沽一中高三开学考,7,2
塘沽第一中学,48,2
填写各山脉名称,11,2
填空18题,31,2
夏津一中高二开学考,12,2
外国,13,2
外接球,7,2
外研版,4,2
外研版九年级英语试卷,5,2
外研版高中英语必修第一册 课文音频,4,2
外研版高中英语必修第一册单词表,14,2
外研社,4,2
多位数的认识,3,2
大π键,9,2
大一,2,2
大一联盟,8,2
大同一中,4,2
大同中学上海高二,6,2
大城第一中学,11,2
大学4级英语,4,2
大庆8下数学真题卷,5,2
大庆一模数学2025届,5,2
大庆中学2025 2026高一下7月期末化学,9,2
大庆中考,4,2
大庆实验中学实验二部2025级高一下阶段考试语文试题,7,2
大庆实验中学高一,58,2
大庆市大庆中学高一下学期期末物理,3,2
大庆市左思高中2024_2025学年度下学期期末考试高一生物,3,2
大庆市铁人中学,18,2
大庆祥阁,7,2
大强基计划,107,2
大理一中,3,2
大理白族自治州民族中学2027届,6,2
大竹中学,8,2
大良中学高三月考数学试卷,6,2
大足城南初级中学,5,2
大连24,3,2
大连24中学,14,2
大连24中高1上月考数学,8,2
大连二十四中高一上期中生物试卷,3,2
大连市2024 2025学年度第二学期期末考试高一生物,4,2
大连市25到26第二学年度期末考试高二数学,3,2
大连市8中高一上期末,9,2
大连市第24中学,6,2
大连市第二十四中学开学考试,8,2
大连月考,30,2
大连滨城联盟物理月考卷高一上,3,2
大连理工附属高中2025-2026高一下英语,3,2
大连育明高级中学2025 2026期末考试高一,3,2
大题专练,5,2
天 一 大联考,3,2
天一 大联考,2,2
天一中学高一,26,2
天一大联考2025 2026高三上9月开学考试,19,2
天一大联考安徽2025年8月高三秋季检测生物,5,2
天一大联考安徽2025年8月高三秋季检测语文,2,2
天一大联考高三上开学考,3,2
天一联考开学考高二上学期开学卷,11,2
天一高一上数学第一次月考,10,2
天体运动,19,2
天域全国名校协作体2026,3,2
天府师大一中,15,2
天府新区,11,2
天星,2,2
天水市育生中学七年级入学分班考试卷,3,2
天河区,4,2
天河区一模物理,29,2
天津2020年英语中考真题,3,2
天津2020年英语高考真题,5,2
天津2025 2026武清区期末八下,6,2
天津2026年南开区英语期末试卷,3,2
天津一中月考,5,2
天津中学,4,2
天津中考数学,6,2
天津九上期中语文,4,2
天津九下英语,20,2
天津二十五中,23,2
天津五年上数学,8,2
天津八年级上学期期中,17,2
天津北辰高一期末卷,30,2
天津南开七下数学卷子,17,2
天津南开中学高一分班考,16,2
天津南开区七下期末语文卷子,17,2
天津和平高一上学期第一次上月考卷,4,2
天津崇化中学,2,2
天津崇化中学开学考,14,2
天津市2026数学物理化学中考试卷,12,2
天津市26年中考数学模拟卷,3,2
天津市二十中学,2,2
天津市五区县重点校联考 高二上化学,35,2
天津市南开中学2022‑2023学年高三上学期第三次统练英语试题,14,2
天津市南开中学高一上学期数学期末,4,2
天津市津南区2024-2025学年八年级上学期期中生物试题,15,2
天津市津南区2025-2026高一下期末考试试卷,13,2
天津市津南区八里台第二中学,2,2
天津市津南区小学四年级数学上册真题,3,2
天津市滨海新区2024-2026英语八下期末卷子,3,2
天津市滨海新区2024~2026六年级第二学期英语期末卷,3,2
天津市滨海新区2026年大港实验中学高一上学期第1次月考化学试卷,5,2
天津市滨海新区七年级上学期数学月考,3,2
天津市滨海新区塘沽第十四中学,11,2
天津市第一0二中学2024‑2025学年高一上学期10月阶段测物理试卷,12,2
天津市第一百中学,14,2
天津市第二十中学,3,2
天津市第二十中学九年级上第一次,3,2
天津市耀华中学,11,2
天津市耀华中学英语月考,4,2
天津市耀华中学高一上学期数学,7,2
天津市西青区杨柳青第一中学2025 2026高一,24,2
天津市部分区2025-2026学年度第一学期期中练习九年级化学,13,2
天津往年中考题数学,5,2
天津期末,2,2
天津河北2026初一下册道法期末,3,2
天津滨海高新区天津外国语大学附属学校新初一分班考试真题试卷卷,22,2
天津经济技术开发区第一中学,6,2
天津英语期中,5,2
天津英语高考03年试卷。,3,2
天津部分区2025 2026期末,26,2
天津高一下学期数学期末英华,5,2
天津高一下学期期末语文期末,7,2
天津高二上学期第1次月考物理滨海新区,5,2
天津高考语文2023,4,2
天祝一中2025年高一新生开学考试数学试卷,3,2
天等县上映乡上映中学新生七年级,29,2
天长中学2025级高一上学期开学模拟检测,6,2
天门,6,2
太原五中初升高,4,2
太原市2024到2025年度数学卷子,24,2
太原市2026高三期中英语,3,2
太原市实验中学初一分班考,3,2
太原市实验中学初一开学考,13,2
太原市高一上学期开学分班考试,9,2
太原高三阶段地理,8,2
太和中学,6,2
太谷区2025-20268年级期末试卷,9,2
夯实基础篇,12,2
夺冠百分百新导学课时练八年级上册物理河北专版,8,2
奥林匹克,8,2
奥林匹克数学竞赛真题,15,2
如东一中高二期中,7,2
如皋初级中学,4,2
姜堰励才七年级数学试卷,23,2
威宁县2025年至2026年第二学期质量监测,15,2
威海市环翠区,11,2
威海市荣成市,13,2
威海高二上10月份月考,10,2
存志,5,2
孟建平分班,2,2
学业合格性考试,22,2
学军,6,2
学军中学高三开学考,7,2
学易金卷高二英语下学期第一次月考02,6,2
学科网,14,2
学练优,3,2
学练优2026,2,2
学练优2026八上,4,2
学练优2026八上英语,8,2
学练优2026八上英语第一单元质量检测,6,2
学考一本通,7,2
学金易卷,12,2
学霸提优大试卷,5,2
宁乡市2020年八年级下册数学试卷期末考试,4,2
宁乡高一物理期末试卷,8,2
宁夏中考,11,2
宁夏二年级上学期期中,6,2
宁夏六盘山高级中学期中数学,6,2
宁安一中开学考试高一,13,2
宁德市,9,2
宁德时代,3,2
宁晋中学,8,2
宁朔,14,2
宁波,14,2
宁波 十校 2026届高三3月联考,2,2
宁波七下期末考试卷语文,3,2
宁波九校高二地理,6,2
宁波十校2025届,4,2
宁波市2024学年第二学期高考与选考模拟考试,7,2
宁波市2024学年第二期,13,2
宁波市2025第二学期期末统考数学高一,3,2
宁波市数学竞赛,9,2
宁波市语文中考真题卷,4,2
宁波市镇海中学英语模拟试题18,7,2
宁波高三英语,15,2
宁津三年级语文,2,2
宁津县育新中学,2,2
宁远一中2025年高一分班考,11,2
安化2024六下数学,5,2
安化一中英语,6,2
安师大附中,6,2
安师大附中2025开学考,30,2
安庆一中开学分班考,8,2
安庆一中高一,4,2
安庆四中2025-2026七上期中数学,7,2
安微四年级上册数学免费试卷,3,2
安徽 0 2026 中考 试卷 数学,6,2
安徽 A 10联盟高三上学,16,2
安徽 A 10联盟高三上学开学考8月,6,2
安徽 A 10联盟高三上学期9月,2,2
安徽 高考2026年真题,14,2
安徽2026届高三省十联考,6,2
安徽A10联盟,3,2
安徽七年级下学期期末,12,2
安徽三年级上学期期中,10,2
安徽中考,4,2
安徽二年级上学期期中,14,2
安徽五年级下英语试卷,3,2
安徽八年级下册物理期末考试亳州,7,2
安徽六校教育研究会2023届高一年级入学素质测试,11,2
安徽六校教育研究会2024届高一年级入学素质测试,14,2
安徽六校教育研究会2025届高一年级入学素质测试,6,2
安徽六校联考名校的高三九月份的试卷,22,2
安徽六校联考高一入学考,8,2
安徽县中联考期末考试高二数学,38,2
安徽合肥市第六中学2025至2026年高一第一学期期末质量检测数学试题,3,2
安徽天一大联考高三九月开学考,2,2
安徽安庆太湖县高一开学考,7,2
安徽小升初数学,8,2
安徽开学考,2,2
安徽政治学考真题试卷,9,2
安徽政治高考卷,5,2
安徽数学中考试卷,3,2
安徽江南十校高一化学,5,2
安徽江淮十校2026届高三8月第一次联考,3,2
安徽淮北师范大学附属实验中学,33,2
安徽省,12,2
安徽省 026年普通高中学业水平合格性考试,2,2
安徽省 中考真题 2024 数学,13,2
安徽省1号卷A10联盟2023级高一上学期11月期中物理试卷,12,2
安徽省1号卷·A10联盟2025-2026 学年高三上学期8	 月底学情调研试卷,14,2
安徽省2025天长中学,8,2
安徽省2026年中考数学试卷,3,2
安徽省2026年高考试卷,6,2
安徽省A10联盟2026届高三模拟考,29,2
安徽省中考试卷,6,2
安徽省八年级下册英语期末,8,2
安徽省六校教育研究会,3,2
安徽省六校教育研究会20252026学年高一上学期新生入学素质测试,9,2
安徽省六校联考,3,2
安徽省化学高一上册开学考,10,2
安徽省县中联盟2025‑2026学年高三上学期开学检测语文试题,6,2
安徽省县中联盟2026届三上学期开学检测数学试题,14,2
安徽省合肥市2026届高三第一次教学质量检测数学试题,6,2
安徽省合肥市五十中天鹅湖校区,2,2
安徽省合肥市长丰县数学上学期九年级第一次月考,6,2
安徽省天一大联考2026学年,2,2
安徽省太湖中学实验班,3,2
安徽省宿州市泗县八年级下册第三次月考2024-2025也一英语,8,2
安徽省示范高中培优联盟2026春季联赛高二语文,2,2
安徽省肥东县8年级上册,4,2
安徽省芜湖市镜湖区 芜湖市第十一中学2024 2025学年初三上学期期末物理试卷,21,2
安徽省芜湖市镜湖区 芜湖市第十一中学2024 2025学年初二下学期期中物理试卷,2,2
安徽省芜湖市高一六校联考,5,2
安徽省蚌埠市2026届高三上学期8月开学调研性监测,37,2
安徽省蚌埠市怀远县2024 2025学年高二上学期11月,6,2
安徽省马鞍山市八西,5,2
安徽省高三上学期开学考试江南十校政治卷,5,2
安徽省高三开学考,11,2
安徽省高中自主招生考试,9,2
安徽省高二上学期蚌埠2025-2026A层联考第一次,15,2
安徽省高二第一次数学月考卷2026,9,2
安徽省高考,9,2
安徽蚌埠市2025—2026学年度第一学期期末学业水平监测,7,2
安徽阜阳七升八数学试卷,6,2
安徽高一下化学期末,9,2
安徽高一下物理期末,9,2
安徽高一下生物期末,4,2
安徽高三,52,2
安徽高三A10联盟8月开学考,8,2
安徽高三上开学考,17,2
安徽高三开学卷,5,2
安徽高三开学考,2,2
安徽高三开学考A10,2,2
安徽高三开学考试卷,11,2
安徽高三政治试卷,3,2
安徽高二上学期化学第一次月考,2,2
安徽高二下学期期末,34,2
安徽高二下学期期末A10,3,2
安徽高江淮十校8月,2,2
安达市高级中学高一下学期期末考试化学试题,6,2
安阳市2025年中考一模语文,6,2
安阳市第一中学周练,71,2
安阳市调研考高三,24,2
官渡区2026道法,21,2
官渡区八年级物理2025年至2026年下学期期末学业质量监测,8,2
官渡区物理期末考2026年,3,2
定 语 从句 100 题 和 答案,7,2
定兴县三年级英语考试,10,2
定时训练,12,2
定点定值椭圆,4,2
定西市第一中学开学测试2025年,13,2
定语从句初中,3,2
宜兴,10,2
宜宾,11,2
宜宾2026年春期高二期末化学,5,2
宜宾半期,9,2
宜宾四中岷江校区,4,2
宜宾市一中半期,7,2
宜宾市一中高二上半期期中考试卷,54,2
宜宾高二调研考化学试卷,3,2
宜昌,2,2
宜昌小升初分班摸底模拟卷 语数英,21,2
宜昌金东方初级中学 九年级上册9月月考,8,2
宜春中学,10,2
宜荆荆恩2026届高三9月起点考试,4,2
宝一模,10,2
宝坻一中,6,2
宝坻四中,23,2
宝鸡市,22,2
宝鸡市第一中学,25,2
实数混合运算100题,4,2
实验,8,2
实验中学数学卷,7,2
实验班,9,2
实验高中,13,2
宣城二中,5,2
宣城八年级,2,2
宣城市2024-2025高一上学期期末物理,6,2
宪法专项基础选择15道,25,2
宿城第一初级中学,2,2
宿州市省、市示范高中2024‑2025学年第一学期期中教学质量检测数学,4,2
宿州市萧县,54,2
宿州第一中学,12,2
宿松中学,4,2
宿松县2025 -2026八年级下册质量检测卷,6,2
宿迁2026语文,13,2
宿迁中学清北班选拔试卷,4,2
宿迁分班考,4,2
宿迁市高二摸底考,5,2
宿迁树人分班考,4,2
宿迁沭阳高一第二学期期末地理试卷,3,2
宿迁钟吾初中分班考试卷,4,2
富源一中生物,5,2
富裕县,15,2
寒假自学课,21,2
对数,3,2
对数函数大小比较专题,8,2
对数函数指数函数,9,2
导函数 2026年高考数学一轮复习高频考点题型归纳,9,2
导数一轮复习,12,2
导数不等式培优,4,2
导数小题,5,2
导数零点问题,8,2
导数高考真题,3,2
射洪中学九年级上试卷,30,2
将军饮马问题,6,2
小 升 初 2025 英语,3,2
小 升初2025分班考有一套,12,2
小 升初2025数学真题卷,9,2
小 升初2025数学试卷,14,2
小 升初2025数学试卷分班考,4,2
小 升初2026分班考英语,6,2
小升初 七年级分班考,2,2
小升初 试卷,8,2
小升初五四制,26,2
小升初入学分班考,11,2
小升初分班卷,18,2
小升初分班考。,3,2
小升初分班考数学四川,17,2
小升初分班考真题,11,2
小升初分班考真题语文,10,2
小升初分班考试卷徐州市铜山区,5,2
小升初分班考语文,18,2
小升初分班考语文试卷福建泉州晋江市,4,2
小升初压轴题,11,2
小升初毕业考试数学,7,2
小升初考试卷,31,2
小升初试卷数学,5,2
小升初语文分班考试卷,32,2
小学 1 2 3 年级 奥数,3,2
小学 五年级 2025 年 下册 数学期末 北师大版,5,2
小学6年级英语,7,2
小学六年级,11,2
小学四升五解决问题专项,4,2
小学奥数,18,2
小学数学六年级数学专项练习,27,2
小学数学毕业考卷,25,2
小学英语新课标词汇分类,11,2
小学衔接初中试卷,4,2
小学语文三年级下册期末试卷盐城,26,2
小学课件,13,2
小店一中,4,2
小数的乘法和除法,3,2
小说阅读,16,2
小题狂做九上单元检测卷,8,2
小题狂做选修一,4,2
小题狂练,3,2
小高考试卷,13,2
尺规作图,12,2
山 东 2 0 2 6高考真题,9,2
山 东 2 0 2 6高考真题日语,4,2
山东2024 2025高考化学真题,3,2
山东2025 高考政治,3,2
山东2026 高考,2,2
山东专用高中,9,2
山东东营,15,2
山东东营一模,10,2
山东东营胜利一中,2,2
山东中考,6,2
山东中考真题英语,4,2
山东临沂市第十八中学,4,2
山东九年级上学期期中,4,2
山东八年级上学期阶段检测,12,2
山东名校考试联盟2024‑2025学年高二上学期期中检测 物理试题,3,2
山东地区高一一月阶段性检测,12,2
山东学考,12,2
山东日照,5,2
山东日照2023级高三上学期期中校,17,2
山东日照高二物理,4,2
山东春考,6,2
山东曹县五年级,7,2
山东枣庄五年级科学试卷,3,2
山东泰安宁阳县八年级上册数学,5,2
山东济南,6,2
山东济南开学考,31,2
山东济宁市2025 2026学年第二学期高二期末考试英语试卷,4,2
山东淄博张店区,9,2
山东潍坊,4,2
山东潍坊高二下学期期末,2,2
山东烟台青华,6,2
山东省2021地理高考题,4,2
山东省2025历史高考题,9,2
山东省2026年中考统考语文试题,3,2
山东省临沂市沂水县第四实验中学,6,2
山东省八年级下册数学期末考试试题2025-2026,2,2
山东省兰陵县临沂市八年级下册物理期末考试试题2025-2026,10,2
山东省北镇中学高一 开学考,3,2
山东省各市区高考一模 二模数学试卷,14,2
山东省实验2025,14,2
山东省实验中学10月份高一化学月考,5,2
山东省实验中学高一上生物,4,2
山东省实验中学高一下学期生物,5,2
山东省实验中学高二上学期英语期中,4,2
山东省德州市2025‑2026学年高一下学期期末考试数学试题,3,2
山东省新泰市2025至2026七年级上学期 期中模拟模拟数学试题,3,2
山东省新泰市2025至2026年七年级上学期 期中模拟模拟数学试题,4,2
山东省日照市2024到2025高三上学期9月开学校际联合考试,17,2
山东省日照市五莲县八年级上册期末考试数学,6,2
山东省日照市新营中学数学开学考试卷,3,2
山东省日照市莒县二中,4,2
山东省曲阜市八年级上册数学,3,2
山东省泰安市东平县高一上学期期中考试真题,6,2
山东省济南市2024到2025，高一下学期期末统考,9,2
山东省济南市2025年中考数学试卷。,3,2
山东省济南市2026年7月期末考试,9,2
山东省济南市天桥区七年级上册试题（A）,15,2
山东省济南市章丘区第四中学七年级贯通班直升班选拔考试,7,2
山东省济南市高二期中期末考试英语,3,2
山东省济宁嘉祥,33,2
山东省济宁市邹城市第五中学小升初考试 数学,3,2
山东省淄博市张店区,8,2
山东省淄博市桓台县8年级上册数学期中,3,2
山东省滨州市城区，2023到2024学年五年级下学期期末数学试题,2,2
山东省滨州市高一下学期期末政治2024-2025,3,2
山东省潍坊市2025~2026学年高二下学期语文期末测试卷,3,2
山东省潍坊市高二上学期期中化学,4,2
山东省聊城市2023-2024学年中考真题英语,6,2
山东省聊城市冠县8年级期末考试试卷,22,2
山东省肥城市三中25届高三开学考试,11,2
山东省莱西市高一上学期物理月考试题,7,2
山东省菏泽市,7,2
山东省菏泽市2025年至2026年。高三上学期期中数学试题,15,2
山东省菏泽市高一上学期开学考,19,2
山东省菏泽第一中学2025‑2026学年高一上学期期中考试英语试题(A),5,2
山东省青岛市地理学科期初调研,3,2
山东省青岛市西海岸新区数学自主招生练习专题,4,2
山东省青岛市高三期初数学,3,2
山东省高考2026年历史,6,2
山东省高考生物,8,2
山东聊城市2025‑2026学年第二学期期末教学质量抽测高一英语,3,2
山东聊城市冠县2025-2026学年三年级下册数学阶段性练习,4,2
山东菏泽,7,2
山东菏泽 牡丹区20252026七年级下册期末英语,33,2
山东菏泽2026高二下期末数学,4,2
山东菏泽化学合格考真题,9,2
山东菏泽市曹县2026年中考二模历史试题,3,2
山东菏泽郓城六年级上册数学期中,5,2
山东菏泽鄄城翔宇高级中学,8,2
山东阶段检测,10,2
山东青岛一模 作文「新高考 议论文范文」,8,2
山东青岛市2025-2026学年度,11,2
山东高三上学期开学考,7,2
山东高三开学考,21,2
山东高二数学月考,7,2
山东高考,4,2
山东高考化学,3,2
山大附,13,2
山大附中10月月考八上,2,2
山西 0226中考真题数学,3,2
山西临汾小升初分班考题,7,2
山西八年级下册数学八年级,3,2
山西大学附中,5,2
山西大学附中高二9月模块检测,11,2
山西大学附属中学8月,19,2
山西大学附属中学初二,30,2
山西大学附属中学校2026‑2027学年第一学期高三8月模块诊断,4,2
山西大学附属中学，2026到2027学年高三年级第一学期开学考试,15,2
山西天成大联考暨卓越联盟2026届高三上学期9月质量检测生物,5,2
山西太原,18,2
山西生物试卷,7,2
山西省大同市平城区2025-2026学年高三上学期9月质量监测,8,2
山西省实验中学,9,2
山西省实验中学高二上开学考试,114,2
山西省运城市临猗县2025年高一语文,3,2
山西运城临猗高期,11,2
山西高一期末物理试卷,19,2
岚山区八上期末数学试卷,9,2
岳阳县一中2025年8月入学考试试题,10,2
岳阳县一中分班考试试卷,9,2
岳阳市一中入学考,3,2
岳阳市洞庭高级中学,4,2
岳阳市第十四中学入学考试,3,2
崂山八上2025-2026地理期末考试卷,3,2
工业园区,57,2
工业流程,9,2
工业流程题解题策略,12,2
工程问题,5,2
巨野县实验中学2024-2025分班考试卷化学,5,2
巨野县实验中学分班考,5,2
巫山县,7,2
巴中中学,4,2
巴中市巴州区三年级期末2025-2026,23,2
巴中零诊,5,2
巴中零诊政治,3,2
巴彦淖尔市，20252026学年第二学期高二期末考试语文卷,3,2
巴蜀中学2027级高一下期末考试试卷,11,2
巴蜀八上数学,2,2
巴蜀小学,19,2
巴蜀高一上,7,2
巴蜀高一下期末,21,2
师大附中2026-2027学年高一上学期开学考,4,2
师大附中高一,2,2
师院附中,2,2
常州市数学七年级上册月考卷,15,2
常州英语,4,2
常州高二下期末语文,3,2
常州高级中学,13,2
常德湘教版最新2026八年级上第一单元数学因式分解试卷,4,2
幂函数 13 种 题型高一,3,2
幂的运算 100道专项训练,6,2
幂运算和整式运算计算题专练,7,2
平凉一中,8,2
平原县高二上期中物理,14,2
平抛运动的规律、推论及初步应用,5,2
平潭,18,2
平潭一中,7,2
平行线的判定与性质压轴题,8,2
平谷,8,2
平谷中学高一下化学期末,3,2
平面向量单元测试,19,2
平面向量及其应用,2,2
平面向量期末复习,6,2
平面解析几何,30,2
平顶山,68,2
平顶山七年级上期末,3,2
平顶山小升初分班考,16,2
平顶山市,24,2
广 东 2 0 2 6 一模,15,2
广 东 省 2 0 2 6届 一模,2,2
广东 化学2026高考真题,3,2
广东七年级上册生物,3,2
广东七年级下学期期末,3,2
广东东莞五校联考,3,2
广东中山期末语文八年级下册,7,2
广东中考2026,9,2
广东佛山新智高中联盟高二年级联考语文试卷,4,2
广东六校,13,2
广东六校联盟,16,2
广东六校联盟高三第一次,3,2
广东六校联考,2,2
广东合格考,22,2
广东四校联考 华附 省实 广雅 深中,4,2
广东四校联考 华附 省实 广雅 深中2026,12,2
广东学考,3,2
广东州珠海市第八中学,22,2
广东广州市三小联考2025到2026学年高一下学期7月期末语文试,8,2
广东广州市越秀区高一下学期期末英语试题,12,2
广东广雅中学,7,2
广东春季高考2026,12,2
广东期末,11,2
广东汕头市潮南区2026高二上期末英语,4,2
广东深圳中学2025一模,11,2
广东深圳小升初语，数，英入学考试卷,13,2
广东深圳高一期末考试,13,2
广东潮州,24,2
广东物理高考,3,2
广东珠海和风高一,9,2
广东生物高三,5,2
广东省 2026中考试卷,3,2
广东省2024中考数学试卷,3,2
广东省东莞市东城实验中学2024~2025期中试卷八年级上册,5,2
广东省东莞市第一中学,3,2
广东省中考试卷,91,2
广东省六校联盟2026届高三第一次联考数学试题 标签：,5,2
广东省合格性考试试题2026,34,2
广东省小升初试卷,14,2
广东省广州市南沙区2026高一期末考试卷,10,2
广东省惠城区初一上学期开学考,11,2
广东省梅州市五华县岐岐镇第一小学。,5,2
广东省梅州市梅县区2025至2026年第二学期普通高中共级训练,9,2
广东省汕头市澄海区八年级下学期期末考试数学试题,3,2
广东省深圳市南山区高三上开学考化学,3,2
广东省深圳市罗湖区2025‑2026学年八年级上学期期末考试数学试题（含答案）,4,2
广东省清远市政治选修一,8,2
广东省湛江市霞山区滨海学校,61,2
广东省物理信息卷高三,5,2
广东省珠海市斗门区2025-2026七年级下册英语期末,9,2
广东英语听说,9,2
广东语文模拟,2,2
广东阶段检测,4,2
广东高三开学考,2,2
广东高中地理一轮复习知识点提纲人教版,4,2
广东高二上学期阶段检测,4,2
广东高考卷,3,2
广元市中考数学,7,2
广元市苍溪县三年级下册2026,7,2
广安一中,4,2
广安友艺实验学校二零二六年初一下册期末试卷,5,2
广安市2025年春季高一期末考试,19,2
广州2026,11,2
广州2026高二上册,4,2
广州一模,6,2
广州中考,7,2
广州八月调研,10,2
广州初三期中考试卷子,4,2
广州外国语学校,13,2
广州市增城区,13,2
广州市第五中学,3,2
广州市第六中学,6,2
广州市西关外国语学校,3,2
广州市铁一中学,37,2
广州市铁一中学九年级上开学,6,2
广州普通高中毕业班综合测试2,7,2
广州海珠,15,2
广州海珠区八上,3,2
广州真光中学,12,2
广州花都区七年级开学考试,36,2
广州零模,21,2
广州高二上开学考卷子,14,2
广州高二上生物,8,2
广渠门中学,4,2
广西2026高考,3,2
广西八年级上学期期中,9,2
广西升学模考,4,2
广西大学附属中学,8,2
广西期中,11,2
广西桂林高二上开学考数学,3,2
广西物理学考真题,3,2
广西物理高考卷,13,2
广西玉林市兴业县2025-2026学年统编版2016六年级下学期期末检测语文试题,8,2
广西贺州联考高一下册期末联考试卷语文,6,2
广饶县高一期末数学试卷,19,2
庆阳六中,3,2
庐阳中学,18,2
庐阳中学八上月考,2,2
庐阳区五年级上册期末试卷,6,2
应用文,7,2
康德 2026重庆高二下期末数学,6,2
康德卷,9,2
廉江市第一中学,4,2
延安,9,2
延平七年级入学考,6,2
延边州2025—2026学年度上学期高三9月期初考试 生物试卷,4,2
延边州学科素养竞赛,2,2
延边州高三开学考,12,2
延边第二中学,6,2
建华,5,2
建瓯一中,3,2
建瓯一中开学考,2,2
建邺,7,2
开学 2026 开学第一课,7,2
开学初考试高二,6,2
开学学情自测卷,35,2
开学小升初分班考,4,2
开学摸底,10,2
开学摸底考试,28,2
开学摸底考试。,17,2
开学测试卷,21,2
开学测试题,233,2
开学考 分班考 高一上第一次,14,2
开学考 分班考初一,9,2
开学考 高二,16,2
开学考九年级,13,2
开学考八上,24,2
开学考八年级,16,2
开学考初一,11,2
开学考初三,3,2
开学考物理,6,2
开学考试卷高三,53,2
开学考试高一上,15,2
开学考高一,5,2
开学考高一上学期,25,2
开学考高一下语文,3,2
开学考高三英语上,15,2
张家口一中下学期,8,2
张店区八上数学期中,10,2
张店区英语期末试卷,10,2
弹簧 2026专题动力学综合应用,3,2
强 基 2 0 2 6 年,3,2
强基联盟浙江,24,2
强基计划数学真题,11,2
强基计划物理,3,2
形容词,7,2
形容词外研版,4,2
往年龙东地区各科中考卷,5,2
徐州 025年高一下学期期末,13,2
徐州2020中考,6,2
徐州2025~2026第二学期第二次检测九年级,27,2
徐州一中,13,2
徐州中考英语,4,2
徐州分班考数学试卷,11,2
徐州市,3,2
徐州市三十一中学语文2025年分班试卷,2,2
徐州市期末,10,2
徐州市铜山区期末,29,2
徐州市铜山区郑集高级中学,11,2
徐州贾汪协作体英语期末,2,2
徐州高一上学期期末抽测,4,2
微专题,5,2
微山一中,7,2
微山县三年级上学期阶段检测,13,2
微积分初步 高中数学,4,2
德州2025 2026高二期末下学期,12,2
德州一中高二上学期10月月考考数学,20,2
德州中考2026真题,5,2
德州九中,9,2
德州同济中学,7,2
德州德城区,11,2
德州新高一开学考,9,2
德州高一期末,5,2
德州高三开学考统考,20,2
德强高中高二上学期开学测,6,2
德胜,13,2
德阳中学2025年9月数学月考试卷,2,2
德阳市第五中学2025年9月数学月考试卷,20,2
必修 二化学 2必背知识点,3,2
必修2生物单元检测卷,5,2
必修2选择题,8,2
必修一化学第一章,4,2
必修一数学,9,2
必修一数学卷子,13,2
必修一第一章检测,2,2
必修三全册,15,2
必修三化学期末,20,2
必修三政治,3,2
必修三物理,6,2
必修三英语卷,3,2
必修下册语文文言文知识点总结,8,2
必修二化学第五章测试,6,2
必修二物理章末题教科版,5,2
必修二英语,2,2
必刷题 2026 电子版,6,2
必刷题 2026电子版,10,2
志丹县,13,2
忠县,13,2
忠县中学,8,2
忠县小升初,6,2
忻州市第一中学,12,2
怀化入学考试,17,2
怀化市,7,2
怀化市第三中学,6,2
怀化高一期末,8,2
怀柔,7,2
怀柔期末试卷,10,2
思而优·全程突破,3,2
恒定电流,14,2
恩施,19,2
恩施州七年级下册期末历史,12,2
情景交际,9,2
惠州一中期末数学卷,5,2
惠州东江高级中学,2,2
惠州东江高级中学高二上期中数学,4,2
惠州光正实验学校九年级上册,8,2
惠州市博罗县,17,2
惠阳区第一中学,5,2
慈溪2026语文高一,3,2
慈溪市小升初试卷,10,2
成华区,18,2
成华区二诊,15,2
成华嘉详初一分班考真卷,7,2
成成分班考,4,2
成才之路学案,35,2
成语日积月累,10,2
成都 七中0 026高三,2,2
成都 零诊,4,2
成都2025-2026生物,5,2
成都2025-2026高二下学期,6,2
成都7中,8,2
成都一诊,11,2
成都东辰,2,2
成都中考英语2026,6,2
成都九上物理期中考试,7,2
成都二十中,4,2
成都十七中学,2,2
成都华西中学,25,2
成都华西中学 高一 入学,3,2
成都外国语2025 2026高二下零诊模拟,6,2
成都外国语学校开学分班考,2,2
成都外国语学校开学考,2,2
成都天府新区2025-2026 7年级下册数学,11,2
成都天府新区7年级下册数学,4,2
成都市2023级高中毕业班摸底考试生物学,4,2
成都市初一上册数学期末,5,2
成都市实验外国语学校中考二诊,6,2
成都市锦江区2026年八年级下册数学期末试卷答案,4,2
成都师上学校分班考,8,2
成都数学,4,2
成都数学 八年级上册期中,5,2
成都树德中学高一月考数学,16,2
成都田家炳高一入学考,6,2
成都石室中学,15,2
成都石室中学2025 2026,4,2
成都锦江区初一数学期末考试题,8,2
成都锦江区嘉祥外国语八下英语考试,6,2
成都零诊2027届,7,2
成都零诊数学,5,2
成都零诊模拟,4,2
成都高一入学考试,7,2
成都高二上期中,7,2
我们周围的空气,15,2
我需要生物的细胞分类真题,18,2
戚墅堰高级中学,3,2
打开B站，直接复制下面关键词搜索：   1. 2026高考陕晋青宁政治真题完整试卷 ​ 2. 2026黑吉辽蒙高考政治原卷 ​ 3. 2026广东卷政治真题 ​ 4. 2026云南高考政治真题,19,2
打点计时器,4,2
扬州七上数学,5,2
扬州七上数学第一次月考,14,2
扬州中学高一上,8,2
扬州中学高中第一次 月考,12,2
扬州中考化学,7,2
扬州九年级上册文昌教育集团期中考试,6,2
扬州小升初试卷,6,2
扬州市九年级上册英语期中试卷,4,2
扬州市新华中学高三数学开学考,16,2
扬州市梅岭中学,2,2
扬州市生地会考,15,2
扬州市高二下期末,5,2
扬州树人中学,8,2
扬州梅岭中学2025-2026学年七年级新生入学数学调查试卷,2,2
扬州高一期中,4,2
找规律,24,2
承德县一中,5,2
抚州市临川一中的开学考试卷,17,2
抚顺七校协作体,17,2
抛体运动,10,2
抽象函数综合,16,2
拉萨,21,2
指对幂函数,3,2
指幂函数恒成立,7,2
指数函数,11,2
指数对数函数,8,2
振声附高选拔,6,2
振声附高选拔物理,2,2
探究动能定理,6,2
接力版英语六上,21,2
控江中学,4,2
提高,7,2
揭东一初,6,2
搜一套大连市甘井子区有几个名校一起联考的一张九年级上语文卷积累填空包含无题赤壁酬乐天水调歌头文言文比如是岳阳楼记,5,2
搜雄安新区语文（数学）期末考试,11,2
摸底考试卷,13,2
攀枝花,16,2
攀枝花八下期末物理,3,2
收心卷,5,2
收心考试,37,2
政治专题,8,2
政治大题,11,2
政治必修4,6,2
政治必修一,16,2
政治必修一一轮复习,6,2
政治必修一大题专练,6,2
政治必修三,14,2
政治必修二传导题,20,2
政治必修二经济图表题,11,2
政治必修四第一单元,5,2
政治法律与生活,4,2
政治知识点,8,2
政治经济与社会,5,2
政治选择性必修三。,6,2
政治选择题 2026专项训练,6,2
政治选择题100道,5,2
政治选择题高考专项,5,2
政治高一期末,14,2
政治高考大题答题模板,8,2
政治高考选择题,14,2
教材帮,6,2
教材帮2026数学,8,2
教案,10,2
教考链接语文文言文,3,2
数,3,2
数与式,26,2
数列 大题,4,2
数列 求和 2025专题高三数学,4,2
数列专题训练卷,35,2
数列压轴题,10,2
数列大题,5,2
数列大题 2026 一轮专题练习,8,2
数列求和专题,5,2
数列的通项公式,8,2
数字迷,4,2
数学 必修二 1 期末卷,10,2
数学2025新高考一卷,6,2
数学2026一模卷,12,2
数学2026高考一模卷,4,2
数学2026高考真题,8,2
数学一模,7,2
数学一轮复习试卷,5,2
数学七上期中,25,2
数学专项训练,16,2
数学专题,3,2
数学中考代数推理题,11,2
数学九上月考,20,2
数学九上期中考试睢宁县,8,2
数学九年级上册二次函数,7,2
数学九年级上册期末真题试卷武汉市,25,2
数学书,5,2
数学人教a版，选修一,39,2
数学全国二卷,7,2
数学八上全等三角形题型专练,8,2
数学八上单元卷,4,2
数学八上期末,3,2
数学八下期末,5,2
数学八年级上册北师大,20,2
数学函数专题卷,8,2
数学卷子高三,4,2
数学圆锥曲线大题专练,17,2
数学基本不等式,8,2
数学大庆实验,3,2
数学导数,2,2
数学导数 大题专题,8,2
数学导数全集,7,2
数学小升初试卷,5,2
数学开学,25,2
数学开学考八年级,25,2
数学开学考高二上,2,2
数学开学考高二上山大附,7,2
数学必修一期末考试,14,2
数学必修一第一次月考,21,2
数学必修一第一次月考潮阳,3,2
数学必修一课本,7,2
数学必修三,3,2
数学必修二章末检测卷,3,2
数学母题,10,2
数学沪科版九年级上册第一次月考,10,2
数学知识点汇总,8,2
数学空间向量与立体几何测试卷,15,2
数学空间向量高二,3,2
数学竞赛一试,24,2
数学竞赛训练,38,2
数学竞赛高中,7,2
数学竞赛高中高一,9,2
数学第一单元,3,2
数学第一单元检测,7,2
数学第一次月考,25,2
数学答题卡,6,2
数学考试,4,2
数学苏州市高二统考调研,7,2
数学解三角形大题专题练难,9,2
数学计算,2,2
数学计算题,10,2
数学试卷2025 2026数学,10,2
数学试卷高一,8,2
数学选修一,3,2
数学选择性必修一空间向量人教A版,17,2
数学高一,15,2
数学高一下期末沈阳,4,2
数学高一必修一,4,2
数学高三一轮复习计划,4,2
数学高三模拟卷,24,2
数学高二2026下学期期末,8,2
数学高二上学期单元测试题第一章,9,2
数学高二，选择性必修一第1章,4,2
数学，圆与直线的方程,10,2
数轴上的动点问题,3,2
整体法与隔离法,8,2
整式乘法与因式分解,13,2
整式乘除,9,2
整数指数幂,10,2
文博志鸿,9,2
文学常识,36,2
文山州2026年高二期末,58,2
文心出版社有限公司,7,2
文昌中学,28,2
文汇中学,4,2
文海大联考 2026届G20高三起点考试 化学 新疆,7,2
文海大联考 2026届G20高三起点考试 生物 新疆,5,2
文言 文,4,2
文言 文120个实词 整理和文言虚词,6,2
文言文固定句式,39,2
文言文阅读,6,2
新一卷,3,2
新七年级分班考人教版,6,2
新乡市2026八下数学期末试卷,25,2
新人教版九年级英语上册,10,2
新人教版九年级英语上册月考,4,2
新会一中,20,2
新余一中2026新高一数学上学期第一次月考,3,2
新元中学分班考,13,2
新六年级人教版上册期中,10,2
新初一分班卷诸暨,10,2
新初一分班考,6,2
新初一分班考数学真题,10,2
新宁县三年级下册英语,2,2
新定义题目,18,2
新希望双语25年初一第一学期语文测试卷卷,6,2
新建二中,9,2
新日本语教程,4,2
新未来,12,2
新未来联考,6,2
新泰一中,10,2
新海高级中学高一物理,7,2
新版人教版数学九年级上册章末检测卷,3,2
新疆2 025中考真题试卷,15,2
新疆一年级上学期阶段检测,12,2
新疆中考,3,2
新疆中考模拟试卷语文,10,2
新疆乌鲁木齐市第一中学高一开学考试语文试题,4,2
新疆伊犁州2525年高一下次册,9,2
新疆六年级下学期期末,6,2
新疆喀什八年级下册期末历史试卷2025,13,2
新疆数学高一上期末卷,3,2
新疆维吾尔自治区小升初,13,2
新疆语文七下期末试卷,8,2
新疆高三上学期学考,3,2
新疆高考2026年真题卷子语文,5,2
新都一中,21,2
新高1分班考试卷,10,2
新高一,3,2
新高一上学期开学考试卷,17,2
新高一入学分班考,13,2
新高一入学分班考试卷,34,2
新高一入学考试,14,2
新高一英语试卷,3,2
新高三开学考试,17,2
新高二入学考试,14,2
新高考一卷,3,2
新高考一卷2022,4,2
新高考一卷英语,6,2
新高考一卷英语真题,9,2
新高考二卷2025陕西,3,2
新高考政治重难点选择题汇编300题 统编版 带解析,2,2
新高考方案 生物学 一帆融媒,22,2
新高考方案2027高三总复习数学广东,2,2
新高考方案课时作业评价,10,2
新高考日语,8,2
新高考湖南历史试卷,11,2
旅游概论,5,2
旋转专项三上,5,2
无机化学工艺流程,13,2
无锡天一,8,2
无锡天一高一上学期数学期中试卷,8,2
无锡市一中,7,2
日照2025小升初考试题,18,2
日照市莒县2026年高二地理期末考试试卷,3,2
日照市高一上学期期末考试的题目。,5,2
日照市高中开学考,25,2
日照高二上学期期中考试数学,9,2
日照高二开学考,17,2
日语书,10,2
日语教程1,4,2
时态,15,2
时文阅读,8,2
昆三中,3,2
昆八中,16,2
昆山七年级分班考试卷,4,2
昆山中学月考,9,2
昆山初一分班考试卷,3,2
昆山小升初分班考试卷,12,2
昆山市陆家中学小升初考试,13,2
昆明一中,11,2
昆明市,9,2
昆明市 高二下学期 期末 地理；贵州省毕节/贵阳 高二期末地理,5,2
昆明市官渡区八年级下学期物理考试,3,2
昆明市第一中学,4,2
昆明市第三中学高一分班考,6,2
昆明市第十中学2026届九年级开学考物理试卷,3,2
昆明市西山区八年级下册,4,2
昆明麒麟区,26,2
明德中学2026年高一期末考,12,2
明德中学入学考试,5,2
明德天心中学,15,2
春季 高考 1月 2026 年 广东 数学 真题,25,2
春季 高考1月 2026年广东数学 真题,3,2
春季 高考数学广东,3,2
春季高考广东,4,2
春季高考数学,8,2
春季高考英语广东,7,2
昭通一中教研联盟2026年春季学期高二年级期未考试 思想政治(A卷）,7,2
昭通一中教研联盟2026年春季学期高二年级期末考试数学（A卷）,6,2
昭通市第一中学教研联盟2026秋季语文期末A卷,5,2
昭阳区市一中,21,2
晋元高级中学,8,2
晋城市八年级下期末英语,13,2
晋城市城区联考初一,6,2
晋教版七年级上册地理导学方案,6,2
晋江2026-2027学年八年级英语上册词汇精讲精练,7,2
晋江一中高中,2,2
晋江二中,3,2
晋江小学毕业考,3,2
晋江市第一中学八年级期末考试历史试卷,10,2
普宁,2,2
普宁市二实学校,3,2
普洱,21,2
普通高中学业水平选择性考试 化学 河北卷,12,2
景山开学考,7,2
晶胞高考题,5,2
暑假作业 01,21,2
暑假作业散文阅读,3,2
暑假分层练,6,2
暑假收心卷01(暑假测试)新高二,3,2
曲阜市小升初摸底考,18,2
曲靖一中,2,2
曲靖市2025年初三上学期化学期末测试卷,4,2
曲靖市第一中学,8,2
曹刿论战,7,2
曹县一模,3,2
最值问题,9,2
月相2026 一轮复习,2,2
月考 第一次数学,3,2
月考9月,10,2
月考卷良常,5,2
月考茌平三中,23,2
有丝分裂,10,2
有机,6,2
有机化学大题,10,2
有机化学方程式汇总,11,2
有机化学选择题100道,27,2
有机合成与推断,9,2
有机大题,3,2
有没有八下人教版物理期末卷基础卷,18,2
有理数 1000道混合运算计算题,10,2
有理数及其运算,5,2
有理数混合运算,7,2
有理数的加法的计算题,6,2
望城六中,4,2
朝阳,11,2
朝阳一高高一期中,6,2
朝阳中学,5,2
朝阳区,11,2
朝阳区2025 2026第二学期期末考试,5,2
期 末,20,2
期中2025~2026六年级上册,8,2
期中考,11,2
期中考试卷,18,2
期初 高三 调研,15,2
期初考试高二名校联盟生物,3,2
期末 2025 2026八下期末测试卷,11,2
期末南平,17,2
期末卷数学人教七下专项分类卷,4,2
期末数学,26,2
期末模拟,21,2
期末考试卷一年级,11,2
期末试卷2025 2026,2,2
本溪小升初试卷,10,2
机械振动机械波,6,2
机械波练习题,5,2
机械能守恒,17,2
机械能守恒单元测试,5,2
机械能守恒定律,2,2
机械运动,7,2
李达中学,13,2
杭州 二中,2,2
杭州一模数学,2,2
杭州七上英语期中,3,2
杭州中考真题,3,2
杭州二中2025 2026高一英语,4,2
杭州二中高三数学,5,2
杭州二模,2,2
杭州周边,16,2
杭州市西湖区2025-2026第二学期七年级期末,6,2
杭州市西湖区2026期末,6,2
杭州高一期中,13,2
松原八年级物理月考,10,2
松原市实验高级中学,13,2
松山湖北区一模,6,2
板块,9,2
极坐标,4,2
构造函数,11,2
枣庄八中高三,7,2
枣庄北辛中学初一,5,2
某商品每件标价为150元若按标价打8折后仍可获利20%，则该商品每件的进价为多少元,4,2
柯西不等式 反柯西不等式与权方和不等式求最值,7,2
柳城中学,3,2
柳州市 高二下期末,18,2
柳州市2026届新高三一模,6,2
柳铁,6,2
树人,13,2
树人中学,12,2
树人中学分班考,16,2
树德中学2023级 初三上学期数学,7,2
树德中学2025级高一上学期班级考试数学试题,7,2
树德中学英语开学考,3,2
株洲二中初中部,19,2
株洲二中自主招生,4,2
株洲市一中2025级新高一入学质量检测,8,2
株洲市第一中学2025－2026学年高一入学质量检测英语试题,3,2
桂林市,5,2
桂林市2025-2026高一上12月份数学,6,2
桂林市2025-2026高一上期末数学,9,2
桂林高一下期末化学试卷,8,2
桂林高二下期末,2,2
桃源一中,21,2
框题小练,5,2
桐城中学,7,2
桦南一中,10,2
梁山县第一中学开学考,5,2
梅厂高中,13,2
梅县区丙村中学,5,2
梅县区期末考,5,2
梅县区期末考高二,17,2
梅岭中学初一入学考,4,2
梅州市,23,2
梅州市开学考,5,2
梅州市高三调研,18,2
梅州市高二期末下学期,101,2
梦游天姥吟留别,17,2
棠湖中学,5,2
椭圆 01 专题,9,2
椭圆2026一轮复习 专题,13,2
椭圆双曲线,7,2
椭圆定点定值,10,2
概率 0 1轮复习专题2026,4,2
概率大题,18,2
榆林市高一下册期末,16,2
模拟题,17,2
横山中学高一期末考试下,16,2
欧姆定律 电功率综合中等压轴专项训练,9,2
正定一中,18,2
正禾一本通英语晨诵晚默选修三,5,2
步步高 语文课时精练,2,2
步步高精准备考物理,5,2
武侯区,19,2
武功县普集高中高二上学期10月月考,7,2
武威一中高二年级开学检测试卷,2,2
武威第二中学,3,2
武安一中数学高二选择性必修一，导学案,3,2
武昌区2024高三5月英语听力,25,2
武昌区数学七上期末统考试卷,3,2
武汉 九调,3,2
武汉 四调 2026,9,2
武汉 调研,19,2
武汉东湖高新区八上数学期中试卷,10,2
武汉中考2026,6,2
武汉二中,4,2
武汉六校联考,6,2
武汉初三四调,5,2
武汉市2026届高中毕业生三月调研考试,6,2
武汉市9月调考,19,2
武汉市九上期中数学,4,2
武汉市九月调研考试,14,2
武汉市九月调考,14,2
武汉市八下期末数学,2,2
武汉市洪山区2025至2026八年级上学期语文期中试卷,6,2
武汉市第二中学,2,2
武汉市第六中学,2,2
武汉市部分学校高三年级调研考试,8,2
武汉期中,27,2
武汉期末试卷,8,2
武汉武昌2026高三五月供题语文,4,2
武汉调研,13,2
武汉高一上数学期末,2,2
武汉高三,67,2
武清区高一,3,2
武珞路实验,11,2
武穴五上数学,4,2
武胜中学,9,2
比较级和最高级练习题,6,2
毕节市,2,2
毕节市2026届高三年级高考第二次适应考试,3,2
毕节市高三上册第一次月考,4,2
毕节梁才,7,2
毛中东校区期中考试试卷,19,2
毛坦厂高三,16,2
气候,3,2
氧化还原反应配平训练,12,2
氧气,16,2
水浒传 0 100回试题及答案,4,2
水浒传名著导读,7,2
水溶液中的离子反应与平衡,15,2
水溶液中的离子平衡,3,2
水进出细胞的原理,3,2
永城一模历史,4,2
永城市第三初级中学分班考试,7,2
永安九中高二上数学,22,2
永川中学,5,2
永川区2025~2026四年级下册英语期末卷,7,2
永州一中,3,2
永州一模,10,2
永州二中,6,2
永州八中高一入学,11,2
永州冷水滩28中,8,2
永州四中入学测试高一,8,2
永州四中开学考试卷,16,2
永州四中开学考试卷2026,11,2
永州市一中高二开学考,26,2
永州市一模英语,6,2
永州市一模英语高中,3,2
永州市新田县高一,3,2
永州第四中学,6,2
永州第四中学开学考试卷,7,2
永春一中,8,2
永春一中高一素养,4,2
汀上流沙,9,2
求精中学入学七年级,3,2
汇川区,16,2
汉中市南郑区龙岗中学高一上学期物理期中考试,2,2
汉中市龙岗学校,3,2
汉光实验小升初分班考试卷,3,2
汕头市金园实验,11,2
汕尾2026高二期末试卷日语,6,2
汕尾市初三第一学期期末试题,12,2
汕尾市期末2026化学高一,3,2
汝州市,9,2
江华2016年学业水平测试英语,8,2
江华县2015年,3,2
江华县2015年学业水平测试英语,8,2
江南 十校,2,2
江南十校开学考高三,6,2
江南十校联考期中考试,3,2
江城子·乙卯正月二十日夜记梦/苏轼,6,2
江夏期中,3,2
江津中学七年级2024~2025年度下期第1次定时作业,10,2
江淮十校2026届高三8月,24,2
江淮十校2026届高三第一次联考数学试题,2,2
江淮十校高三,11,2
江苏,6,2
江苏 026期末真题,19,2
江苏七年级数学分班考,5,2
江苏专用,2,2
江苏九年级下学期期末,19,2
江苏二年级上学期阶段检测,2,2
江苏八年级第二学期期末学科分析卷,3,2
江苏南京大学附属中学2025 2026学年高一下学期英语期末 听力 mp3,6,2
江苏南京师范大学附属中学2024到2025学年高二下学期期中化学试卷。。,4,2
江苏南京金陵汇文学校2025~2026学年度第二学期八年级英语第二次学情调研卷,7,2
江苏南通初一,11,2
江苏历史中考真题,3,2
江苏小升初分班考试卷,4,2
江苏无锡高一期终调研原版卷语文,6,2
江苏普通高中学业水平合格性考试化学,10,2
江苏期末,13,2
江苏模考生物,4,2
江苏泰州中学附属初级中学,2,2
江苏泰州高一期末考试,17,2
江苏物理合格考模拟,9,2
江苏物理高考真题,5,2
江苏盐城,12,2
江苏省,10,2
江苏省2025年普通高中学业水平合格性考试试卷生物,4,2
江苏省2025～2026学年第二学期高三年级高考适应性考试,6,2
江苏省南京市七校联合体英语,7,2
江苏省南京市六合区2025-2026学年高一上学期期中考试物理试卷,5,2
江苏省南京市南京中华中学2025-2026学年高一上学期期中考试数学试题,4,2
江苏省南通市2026届高三5月考前练习卷英语试题,6,2
江苏省南通市2026届高三上学期9月数学试卷,6,2
江苏省启东市,13,2
江苏省天一中学,4,2
江苏省天一中学秋10月高二物理学情检测试卷,4,2
江苏省太仓市高三T8英语联考,11,2
江苏省如皋中学,2,2
江苏省宿迁市沭阳县初一上学期数学期中试卷,8,2
江苏省常州高级中学,6,2
江苏省苏北七市高三第二次调研数学试卷,28,2
江苏省苏州2024-2025,15,2
江苏省苏州市2025~2026学年八年级下学期6月数学期末试题,3,2
江苏英语合格考,8,2
江苏选填,5,2
江苏高一上学期学考,4,2
江苏高三上学期模拟考,8,2
江苏高二上数学期中,23,2
江苏高考英语真题,6,2
江西 2024高考真题地理,3,2
江西2026景德镇高三下学期5月,17,2
江西2026高一临川一中,7,2
江西三新联考,10,2
江西上饶鄱阳县鄱阳中学2025-2026学年高一上学期开学考,16,2
江西中考10年真题,5,2
江西南昌26年中考卷,5,2
江西南昌高二,6,2
江西吉安高一2026数学,6,2
江西师大附中三模,2,2
江西师大附中高一,7,2
江西师范大学附属中学高二第一次,4,2
江西数学高三,8,2
江西省2026届高三下学期5月联考,15,2
江西省上饶市横峰中学开学考,7,2
江西省上饶市第一中学高一期中卷,10,2
江西省上饶市鄱阳县鄱阳中学2025‑2026高一开学考试,11,2
江西省吉安市遂川县2026年数学八年级上册期末考试,3,2
江西省师大附中,12,2
江西省英语,7,2
江西省高一下学期期末试卷物理,4,2
江西省高三一模历史,3,2
江西联考,19,2
江西赣州,13,2
江西阶段检测,10,2
江西高二上第一次月考,10,2
江西高考数学2026,10,2
江西高考数学真题,9,2
江西高考生物,3,2
江西鹰潭市余江区第一中学高一下英语,4,2
江都华君七上数学第一次月考,4,2
江门一中,2,2
江门培英高中,9,2
江门市,21,2
江门市第一中学,10,2
池州高三一模,18,2
汨罗市一中高一开学考,24,2
汨罗市第一中学高一开学考物理,3,2
汨罗市第三中学,21,2
汶上九上数学物理期末卷,8,2
汶上县第三实验中学,3,2
沂水生物二模,15,2
沈阳120中学高一下期末数学,4,2
沈阳七中,17,2
沈阳二中化学2026高三下,9,2
沈阳二中数学,46,2
沈阳八上数学月考,7,2
沈阳八上物理月考,7,2
沈阳市120中学期末考试,12,2
沈阳市2026教联体,3,2
沈阳市23年和平区中考一模英语试卷,7,2
沈阳市回民中学,16,2
沈阳市第120中学,9,2
沈阳市第二中学,8,2
沈阳市第二十七中学 高一 月考,2,2
沈阳市第四十三中学,7,2
沈阳虹桥8年英语10月考试卷,12,2
沈阳铁西区八上期中考试卷子,18,2
沈阳高一,5,2
沐川县七年级上册,5,2
沐川县七年级下册,12,2
沐川县六年级上册语文,3,2
沛县中学,5,2
沛县歌风中学,9,2
沧州市第十三中学小升初分班考,5,2
沧州联考,15,2
沧江,4,2
沪教八上数学二次根式专项,5,2
沪教版,15,2
沪教版2026化学,4,2
沪科版七年级 单元测试·困难卷/拔尖卷,11,2
沪科版数学八上期中试卷,16,2
沭阳,15,2
河北2026中考,7,2
河北专用,3,2
河北保定清苑中学,3,2
河北保定第三中学高一上期中数学2026,4,2
河北保定高二开学,12,2
河北冀州中学2026年高考6月模拟预测语文试题,4,2
河北区23-24年高一第二学期期末考试,10,2
河北定兴第三中学,4,2
河北小升初,17,2
河北数学开学测高三,6,2
河北省,14,2
河北省2026预测卷高中政治卷,9,2
河北省丰南区初一下册数学期中测试,16,2
河北省八年级下册数学期末卷,11,2
河北省唐山市古冶区2024数学七年级期中,5,2
河北省定州市2026高二期末化学,3,2
河北省邢台市宁晋县小升初,9,2
河北省邢台市襄都区追光,22,2
河北省邯郸市大名县第一中学2025-2026学年高一上学期12月月考英语试题,3,2
河北省邯郸市永年区第二中学2025高三9月份摸底考试,4,2
河北省高考政治,6,2
河北真题,14,2
河北语文高二上,3,2
河北辛集六年级数学试卷,9,2
河北邯郸2026年中考语文卷,4,2
河北雄安新区2026届高三年级语文模拟考试题（部呗编人教版）,19,2
河北高一开学考,6,2
河北高三上九月摸底,17,2
河北高中语文一模,9,2
河北高考真题2026,7,2
河南,25,2
河南 2026高考真题,4,2
河南2025-2026新高考数学试卷,6,2
河南2026中考数学,4,2
河南中考,9,2
河南八年级上册期末英语,3,2
河南六年级下学期升学模考,6,2
河南升学模考,4,2
河南周口市沈丘县高一数学真题,6,2
河南地理中考卷子,2,2
河南外国语,3,2
河南小升初分班考,7,2
河南开封高级中学高三诊断一英语,6,2
河南新高一入学素养测试,4,2
河南濮阳高一,10,2
河南省2025~2026学年高一下学期青桐鸣期末考试,6,2
河南省26年高考,6,2
河南省十所名校2026届高三年级一月模拟考试试,12,2
河南省南阳市,2,2
河南省南阳市2025-2026学年最新阶段检测卷,10,2
河南省南阳市2025秋期高二期中英语试卷,13,2
河南省南阳市唐河县2025 2026学年七年级上学期期末考试数学试题,14,2
河南省南阳市宛城区八年级2026,6,2
河南省南阳市方城第一高级中学高三上零模数学试卷,3,2
河南省南阳市社旗县2026年春期五年级期终巩固练习,26,2
河南省周口市扶沟县 第一级级中学2025年小升初试卷,4,2
河南省周口市扶沟县高级中学2025-2026学年高一上学期开学考试,7,2
河南省周口市西华县实验中学八年级物理期末试卷,7,2
河南省周口市郸城县高一数学人教版A版开学摸底考试卷,41,2
河南省商丘市虞城县,2,2
河南省商丘市虞城县小升初英语试卷,25,2
河南省实验中学七年级分班考,45,2
河南省实验中学高一,3,2
河南省实验中学高一下期中,5,2
河南省开封市开封高中黄河路校区初中部开学考试,3,2
河南省漯河市小升初试卷,5,2
河南省许昌2025-2026学年第二学期高二数学,4,2
河南省豫西北教研联盟高三上学期第一次质量检测,10,2
河南省部分普通高中2025‑2026学年高一下学期7月期末联考物理（2026年7月河南省普通高中高一年级期末联考物理）,9,2
河南省驻马店市正阳县2024 2025学年六年级下学期期末科学试卷,9,2
河南省驻马店市第一高级中学2025-2026学年高一新生学科素养测试,42,2
河南语文高一,9,2
河南郑州中原区外国语中学7年级小升初入学分班考,12,2
河南郑州市2025‑2026学年高一下学期英语期末考试卷,15,2
河南驻马店,7,2
河南高一上第一次月考,8,2
河南高一数学期末考试,6,2
河南高一语文,3,2
河南高三,32,2
河南高三暑假开学考,71,2
河南高三暑假开学考焦作,7,2
河南高二上学期阶段检测,23,2
河南高二青桐鸣上学期,15,2
河南鹤壁鹿鸣小升初人教版英语试卷,6,2
河源中学,3,2
河源市龙川第一实验学校,12,2
河西区期末,7,2
河西走廊,2,2
泉州 02 026 5月质检,24,2
泉州一中泉州八年级上册期中英语,4,2
泉州丰泽北附中学高一分班考,4,2
泉州五中期末,6,2
泉州八上英语试卷,8,2
泉州实验中学2026,3,2
泉州小升初入学考试,12,2
泉州小升初测试卷,51,2
泉州市2025届高中毕业班质量监测,6,2
泉州市2026届高中毕业班质量检测一生物,10,2
泉州市第五中学2025~2026年初三上学期化学期中试卷,3,2
泉港一中开学考,6,2
泉港二中,13,2
泰兴中学,2,2
泰兴初一入学,8,2
泰兴市黄桥初中教育集团2025年秋学期九年级化学,3,2
泰宁县,8,2
泰安一中,6,2
泰安一中新校,17,2
泰安市,2,2
泰安市2025高二期末,11,2
泰安市高一月考,12,2
泰安市高三上学期期中考试物理,3,2
泰安市高三开学考,26,2
泰安市高二上学期期中地理,28,2
泰安数学六下期末,18,2
泰安高二期末,7,2
泰州初中月考,10,2
泰州开学,8,2
泰州省附,3,2
泰州高考真题卷,4,2
泰达一中,2,2
泰达一中初升高分班小卷,2,2
泰达一中高一分班小卷,4,2
泰顺,14,2
泸州市2026年高一下数学期末考试,4,2
泸州市高级中学2026年春期高2024级期末考试,3,2
泸州高2024级高二下物理监测试题,3,2
泸州高中（泸高）高2026届【2025年9月高三进校/开学摸底考试】   就是2025暑假结束，高三刚返校那场考试，网上叫：泸州高级中学2025‑2026学年高三上9月开学考试,18,2
洛伦兹力,10,2
洛阳小升初分班考试卷,14,2
洛阳市2025至2026学年期末考试,3,2
洛阳市高一期末语文,3,2
洞头区一中,6,2
津门壹卷,16,2
洪山区九上物理,4,2
洪绪中学,13,2
活杆死杆问题,6,2
测试,23,2
济南,26,2
济南 0 202 6 高三一模,8,2
济南一中,10,2
济南中考2026,4,2
济南外国语保送考试,2,2
济南外国语保送考试高一下学期,8,2
济南外国语学校贯通班,12,2
济南市2026年期末考试高一下学期生物,3,2
济南市2026年高一春季学期期末学情检测,4,2
济南市2026年高一春季学期期末学情检测历史,8,2
济南市2026高三第二次模拟考试化学,3,2
济南市历下区期中,9,2
济南市市中区 2025-2026学年 七年级下学期期末,3,2
济南市莱芜区七年级上册试卷,4,2
济南市莱芜第二中学2025‑2026学年第二学期高二期末英语  听力,6,2
济南市语文中考,4,2
济南市高一上学期,7,2
济南市高一上学期期中,25,2
济南市高二下册期末考试,8,2
济南数学高二上学期期末考试,6,2
济南高一下学期,8,2
济南高二上学期数学期末,8,2
济南高二上学期期中数学卷子,3,2
济南高二期末,8,2
济宁2025-2026高三第一次联考数学,3,2
济宁八年级上册物理期末,14,2
济宁学院附属中学 新七年级入校考试,16,2
济宁市2025 2026年度第二学期质量检测高二化学试题,3,2
济宁市2025~2026高一化学,7,2
济宁市2025开学考数学,3,2
济宁市2025高二期中上册英语,3,2
济宁市任城区,25,2
济宁市期末考试题高二下,5,2
济宁市高三开学考,7,2
济宁育才高一,3,2
济宁金乡县七年级英语期末考试,6,2
济宁高三9月联考,6,2
济宁高三开学考9月,7,2
济宁高三开学考9月202420252026,26,2
济宁高三开学考数学,6,2
济宁高三期中化学,3,2
浏阳市,16,2
浙南名校联盟返校考,3,2
浙南名校联盟返校考高二上,11,2
浙南联盟,12,2
浙江 1 2026高考物理,3,2
浙江 1 2026高考真题,5,2
浙江2026中考数学,6,2
浙江2026年高考英语试卷,5,2
浙江Z20,11,2
浙江Z20 高三第一次,20,2
浙江七彩联盟上学期返校考,11,2
浙江七校2026届高三一模一月模拟,5,2
浙江名校,8,2
浙江名校协作体,7,2
浙江名校协作体开学考26届,4,2
浙江名校协作体开学考高二上,10,2
浙江名校协作体开学考高二上语文,5,2
浙江外国语学院附属镇雄,22,2
浙江学考,11,2
浙江宁波2027九校高二期末考试英语,4,2
浙江开学考,25,2
浙江数学开学考,22,2
浙江期末,4,2
浙江杭州 中考试卷,6,2
浙江杭州学军中学2025-2026学年第二学期高一数学期末统测,7,2
浙江杭州高二上开学考试卷,9,2
浙江温州2025-2026学八年级下册社会期末考,4,2
浙江省2025年1月普通高中学业水平考试物理试题,4,2
浙江省2026年1月普通高中学业水平考试物理试题,66,2
浙江省2026年科学中考试卷,2,2
浙江省A9协作体暑假返校联考,9,2
浙江省Z20名校联盟2025届高三第一次联考,8,2
浙江省Z20名校联盟高三第一次联考,23,2
浙江省七校联盟2026年5月高三联考,43,2
浙江省中考真题,3,2
浙江省分班模拟卷考试真题,8,2
浙江省创新教育初中协作体 七年级 数学,7,2
浙江省宁波九校,3,2
浙江省强基联盟B组 2025‑2026 高三8月返校联考 数学,3,2
浙江省杭州市周边重点,9,2
浙江省杭州市周边重点高二上学期,7,2
浙江省物理奥林匹克竞赛真题,7,2
浙江省金华十校,4,2
浙江省金华市高一下学期6月期末质量检测,4,2
浙江绍兴,5,2
浙江联考,8,2
浙江鄞州中学,3,2
浙江首考,5,2
浙江高一上学期阶段检测,6,2
浙江高三模拟数学,19,2
浙江高二上学期期末,3,2
浙江高考,6,2
浙江高考物理2025,5,2
浦北县,28,2
浮力,15,2
海东,6,2
海伦一中,2,2
海南,2,2
海南中学1月期末,7,2
海南中学2025年高一开学考,4,2
海南中考,4,2
海南中考真题,11,2
海南初二英语上,13,2
海南华侨中学政治,3,2
海南小升初分班考2026,4,2
海南省2026年初中学业水平考试数学科试题,10,2
海南省三亚市2025‑2026学年八年级下学期期末学业水平质量检测数学试题,4,2
海南省海口市高三政治模拟题,9,2
海南高考真题2026,6,2
海口一中,2,2
海口寰岛中学初中分班考,18,2
海口市物理,12,2
海口昌茂花园学校,4,2
海口高一物理,5,2
海城高中2026年6月数学试卷,4,2
海桂中学,8,2
海沧实验中学往年开学分班考试卷。,10,2
海门中学2024-2025化学,9,2
海门开学,3,2
海门数学九年级期末,12,2
海陵中学,9,2
淄博一模英语,4,2
淄博一模英语高三,7,2
淄博六中高一期中,10,2
淄博四中,23,2
淄博实验中学开学检测,12,2
淄博市张店区2024至2025学年第二学期数学8年级期末,6,2
淄博张店区六上数学期末试卷,3,2
淄川区8年级上册期中物理,16,2
淄川区八上数学期中,25,2
淮北十二中,5,2
淮北市十二中新高一开学考试,10,2
淮北师范大学附属中学小升初,10,2
淮南一中,7,2
淮南二中高一上数学期中试卷,5,2
淮安,24,2
淮安中考数学,12,2
淮滨2026小升初英语试卷,6,2
深 圳 中学0 2026 模考 数学,6,2
深中物理,8,2
深中试卷,4,2
深圳2019九年级数学开学考,3,2
深圳中学 026二轮,8,2
深圳中学分班考6年级2025年。,48,2
深圳中学初中部,2,2
深圳中学高一,6,2
深圳中学高一月考,14,2
深圳中考数学,7,2
深圳中考英语真题,8,2
深圳八上物理期中卷,6,2
深圳准初一英语开学考,4,2
深圳初二英语听说考试试题,8,2
深圳南山八上物理期中卷,2,2
深圳外国语,22,2
深圳实验,5,2
深圳实验光明高中部开学考,5,2
深圳实验学校,17,2
深圳实验高中园,18,2
深圳实验高中园开学考,2,2
深圳市2025历史高一,4,2
深圳市2026八年级数学期末测试,3,2
深圳市2027初二下语文,9,2
深圳市南山区华侨城高级中学,19,2
深圳市宝安区一模,19,2
深圳市红岭中学,13,2
深圳市高级中学,7,2
深圳期中,56,2
深圳英语中考真题,8,2
深圳高一开学考,22,2
深圳高一数学上月考题,11,2
深圳高中高一开学考试卷,13,2
深圳高级中学高二上数学,8,2
深大实验,2,2
清北铭师堂,4,2
清华附中2026,8,2
清华附中分班考,11,2
清华附中高中分班考,9,2
温州一模语文,3,2
温州十校 2026高二下期末,9,2
温州市历年小升初分班考试卷,6,2
温州开学考,16,2
温州新力量,8,2
温州期末,5,2
温州英语中考词汇,13,2
渭南市尚德中学月考,8,2
渭南市蒲城县八年级数学下学期期末考试,5,2
港澳台,11,2
港澳台华兴入学考,6,2
游记,3,2
湖北2026,15,2
湖北2027高三8月模拟,20,2
湖北一年级上学期阶段检测,47,2
湖北九年级上学期期中,4,2
湖北六年级上学期阶段检测,40,2
湖北十堰市郧阳中学2026届高三下学期5月强化训练（六）语文,10,2
湖北名校联盟,7,2
湖北咸宁市嘉鱼县2025-2026学年下学期期末教学质量监测七年级地理组卷,19,2
湖北圆,3,2
湖北圆创联盟27,6,2
湖北开学考高三,10,2
湖北数学联考,9,2
湖北武汉,21,2
湖北武汉市2025年高中毕业生调研考试。,12,2
湖北武汉市部分高中2026–2027学年上学期收心考,6,2
湖北武汉政治,17,2
湖北物理高一下期末,26,2
湖北省2026高一下八校联考,6,2
湖北省2027届圆创联盟高三8月数学试卷,6,2
湖北省中考,27,2
湖北省九师联盟,16,2
湖北省历年高考题,14,2
湖北省咸宁市崇阳县 七年级 期末质量监测,3,2
湖北省圆创联盟2027届高三上学期8月开学,4,2
湖北省武昌实验中学高一语文,3,2
湖北省荆门市京山市2025-2026学年八年级下学期数学期末试题,9,2
湖北省鄂东南,17,2
湖北省高三新八校联考,6,2
湖北省高中名校联盟2027届高三上学期8月联考数学试卷,7,2
湖北省高中名校联盟2027届高三上学期8月联考英语试卷,4,2
湖北省高二年级2025年九月考试,10,2
湖北省黄石市2025-2026学年高一上学期期中考试 物理含答案（word版）,7,2
湖北联考,5,2
湖北荆州监利网市镇,24,2
湖北荆州车胤中学,16,2
湖北重点中学 新高一分班模拟卷,10,2
湖北阶段检测,3,2
湖北高一上学期期中,7,2
湖北高一化学期末,6,2
湖北高三圆创,2,2
湖北黄冈2026中考物理,3,2
湖北黄冈自主招生数学卷,10,2
湖南2026年高考化学,5,2
湖南2026高二期末,38,2
湖南中考,6,2
湖南中考语文,6,2
湖南中考语文2026,3,2
湖南九年级上学期阶段检测,13,2
湖南初中开学,7,2
湖南四大名校,7,2
湖南天一高一期末物理,10,2
湖南学考,3,2
湖南小升初数语文真题卷,5,2
湖南小学一年级拼音试卷,14,2
湖南师大附中2025-2026学年高二下学期穿一次大练习,9,2
湖南师大附中2025－2026年高二下期末考试英语,3,2
湖南师大附中高一入学语文试卷,9,2
湖南师大附中高三,11,2
湖南师范大学附属中学2025 2026学年高三上学期8月月考,29,2
湖南常德汉寿县高一下5月物理,3,2
湖南怀化中考期末,7,2
湖南数学,6,2
湖南新高一分班考,6,2
湖南湘西中考英语真题,4,2
湖南湘西高一期末数学,8,2
湖南炎德,5,2
湖南炎德英才开学考,6,2
湖南生物高考,3,2
湖南省2025年八年级上物理,10,2
湖南省2026年普通高中学业水平选择性考试历史,11,2
湖南省2026物理高考试卷,4,2
湖南省娄底市娄星区2026年上学期期末文化素质测试卷七年级数学,16,2
湖南省娄底市涟源市2024—2025学年高一下学期7月期末英语试题,5,2
湖南省岳阳市岳阳县2025到2026高一上学期入学考试试卷,5,2
湖南省岳阳市岳阳县一中入学考试试卷,6,2
湖南省株洲市天元区,4,2
湖南省株洲市第二中学2024‑2025学年高一上学期开学考试数学试题,9,2
湖南省永州市开学考试高一,4,2
湖南省永州市第一中学开学考试高一,2,2
湖南省永州市零陵第一中学开学考试高一,9,2
湖南省衡阳市第八中学2025-2026学年高一下学期7月期末考试生物试题,3,2
湖南省长沙市九年级上册开学考试,14,2
湖南省长沙市长郡中学2026-2027新高一分班考,3,2
湖南省长沙市长郡中学高一下学期期末考试化学试题,9,2
湖南省雅礼中学2026高三第八次月考,3,2
湖南省，浏阳市,13,2
湖南长沙五年级语文期末考试,6,2
湖南长沙周南中学,4,2
湖南长沙市2025-2026学年下学期八年级期末历史,3,2
湖南长沙长郡,8,2
湖南雅礼高三,13,2
湖南高一入学考,7,2
湖南高一开学考试卷,3,2
湖南高三,40,2
湖南高三入学联考,12,2
湖南高三入学联考数学,9,2
湖南高三联考,13,2
湖南高二上学期阶段检测,22,2
湖南高考物理,6,2
湖州高一政治,9,2
湘少版,17,2
湘教版地理知识梳理,10,2
湘潭一模,24,2
湘潭大学附属实验学校 2025 分班考试试卷,9,2
湘潭市第一中学2024,6,2
湘豫,16,2
湛江一中,15,2
湛江一中初一分班考,3,2
湛江博雅学校,30,2
湛江博雅学校小升初英语试卷,5,2
湛江市2025 2026学年度第一学期期末高中调研考试,4,2
湛江市第二中学,22,2
湟中区高二期末联考卷2026语文,34,2
溧阳九上数学期中试卷,2,2
滕州一中自主招生,18,2
滕州市八年级第一学期期末数学试卷,15,2
滕州市第一中学夏令营,8,2
滕州市第一中学数学,3,2
满分作文,8,2
滨城区,34,2
滨州市2026年,28,2
滨海新区2025至2026学年度第二学期期末检测卷高一年级数学学科,3,2
滨海新区五上数学试卷,20,2
滨海新区四下期末数学,2,2
滨海新区高二物理期末,5,2
漳州,15,2
漳州2026年高一期末历史试卷,3,2
漳州一中2026届高三适应性练习卷,5,2
漳州一中高二上,17,2
漳州三中,25,2
漳州市,11,2
漳州市2026高一语文,3,2
漳州高一下学期,6,2
漳州龙海,15,2
漳平三中数学初二上学期第一次月考,7,2
漳浦一中,6,2
潍坊一中高二上学期英语学科开学调研 监测考试,3,2
潍坊中考题,14,2
潍坊寿光八年级开学考,6,2
潍坊市,8,2
潜江巿七年级上册,12,2
潜江市六年级 下学期期末,5,2
潜江市六年级下学期期末语文,18,2
潮南区高一统考,11,2
潮安区期末,60,2
潮州市饶平县城西实验学校初一新生入学考试卷,3,2
潮阳期末统考高一上,5,2
濮阳市,7,2
火车过桥问题,8,2
炎德高三上学期八月,20,2
点石联盟,13,2
烃的衍生物,4,2
烟台2024-2025第一学期期中高二数学,3,2
烟台2026高三数学二模,6,2
烟台七年级上册数学期中,18,2
烟台七年级上册英语期中,26,2
烟台二中开学考试,8,2
烟台六年级上册数学,7,2
烟台初二上学期期中数学开发区,12,2
烟台初二上学期期末数学开发区,5,2
烟台市2025-2026高一第二学期生物期末,3,2
烟台开发区高一上学期期中,32,2
烟台期末高二2025,8,2
烟台海阳七年级上册数学期中,7,2
烟台海阳七年级上册英语期中,14,2
烟台海阳九年级上册化学期中,8,2
烟台海阳九年级上册数学期中,20,2
烟台海阳六年级上册数学期中,13,2
烟台经济技术开发区期中,11,2
烟台芝罘区七年级下册期中生物2024-2025,8,2
烟台芝罘区七年级下册期末生物2023-2024,4,2
烟台英语期末,8,2
热学高中,7,2
热点话题日常生活,3,2
焓变与反应热题目,5,2
焦作市示范区实验中学中考数学试卷,7,2
牛吃草问题,10,2
牛顿第二定律的综合应用,15,2
牡丹江,11,2
牡丹江市第二高级中学8月月考高三学年,5,2
牡丹江市第二高级中学高三学年,4,2
牡丹江第一高级中学2023高二期末考试数学试卷,4,2
牧民饮马问题,2,2
物态变化,32,2
物态变化的辨识和吸放热的判断,5,2
物理 01 新中考 卷 新题 型 结构 学易金卷 2024 年 中考 考前 押题 密卷 2025 零一 二零二四 二零二五,2,2
物理 实验题高中专题,6,2
物理 必修一,4,2
物理 必修三,6,2
物理2026九上物理期末基础复习卷,2,2
物理8上第一单元,4,2
物理z20,6,2
物理一模,15,2
物理专题高考,4,2
物理中考真题,2,2
物理中考题山东青岛,6,2
物理九上人教版电流测量题,6,2
物理九上期中,3,2
物理九上电学,8,2
物理九上电学试卷,8,2
物理人教版必修一期末试卷带答案,19,2
物理传送带问题,3,2
物理八年级下册,16,2
物理创新题,9,2
物理力学专题,7,2
物理加速度,3,2
物理动态平衡,21,2
物理动量,4,2
物理动量大题专练,9,2
物理卷初二甘肃兰州,5,2
物理压轴题汇编,8,2
物理名校协作,5,2
物理学史,2,2
物理实验专题,10,2
物理张店区2024到2025初二上学期期中考试,4,2
物理必修1,10,2
物理必修一加速度,5,2
物理必修一自测卷,7,2
物理必修三动态电路,7,2
物理必修三培优,7,2
物理必修三电源和电流,7,2
物理必修二,4,2
物理抽气问题,6,2
物理期中高一上,14,2
物理期末试卷,7,2
物理板块模型,14,2
物理电学专题,2,2
物理电学选器材,9,2
物理电路图练习,7,2
物理磁场轨迹问题,3,2
物理竞赛初赛,6,2
物理竞赛卷,12,2
物理第一章,2,2
物理简谐运动单元检测,22,2
物理讲义,3,2
物理试卷高三,5,2
物理资料,12,2
物理运动学,20,2
物理运动学竞赛题,6,2
物理追及相遇问题,12,2
物理选必三练习,4,2
物理选择性必修一,2,2
物理高一上,4,2
物理高一上期中,14,2
物理高一上期末,14,2
物理高一月考,6,2
物理高一期末,14,2
物理高三9月,9,2
物理高三开学考,33,2
物理高中模拟,14,2
物理高二下期末考试辽宁,19,2
物理高二期初,16,2
物理高考复习微专题,19,2
物质及其变化测试卷,8,2
物质的密度,6,2
物质的量在化学方程式计算中的应用,15,2
特殊的平行四边形,7,2
玄武区,3,2
玉州区第八初级中学,12,2
玉林,16,2
玉林玉州区,17,2
玉溪市2025 2026八年级下学期市统测,10,2
玉溪市2025 2026八年级下学期期末市统测,15,2
玉溪市七年级,5,2
玉环,43,2
王府,9,2
王府高级中学,3,2
王朝霞 七年级下册试卷期末试卷,4,2
王朝霞八下河北专版英语,24,2
王朝霸 2025年春季期末8年级数学质量评估南阳市,8,2
现代文阅读理解,14,2
珠海市七年级下学期数学期末,10,2
珠海市文园中学八年级上册数学,3,2
珠海市第一中学,7,2
珠海市高一下学期数学期末考试试卷,7,2
珠海高二上政治,6,2
珺琟,9,2
理工附中,7,2
瓜豆原理,8,2
甘肃2025新高考I卷英语真题+答案   2024新高考I卷英语真题+答案   2023新高考I卷英语真题+答案,11,2
甘肃地理高一,6,2
甘肃定西,7,2
甘肃建档考试试卷,22,2
甘肃期末,4,2
甘肃白银市靖远县,42,2
甘肃省定西yizhin,3,2
甘肃省白银市会宁县2025至2026学年度期末测试语文试卷会师初级中学,6,2
甘肃英语一轮复习,3,2
甘肃高考,3,2
甘谷一中,12,2
生态城北师大,12,2
生物 01 一轮复习,4,2
生物 一轮复习,4,2
生物 必修一,2,2
生物2026哈九中高二下6月考及答案,6,2
生物七年级下册,4,2
生物专题02遗传的细胞基础考点01减数分裂的过程,11,2
生物八上预习专题人教版,8,2
生物判断题,6,2
生物化学思维导图,4,2
生物合格讲义,18,2
生物套卷,10,2
生物学联赛选拔赛,32,2
生物开学考,11,2
生物必修一单元自测,5,2
生物必修一复习,6,2
生物必修一复习小测,4,2
生物必修一思维导图,5,2
生物必修一期末,3,2
生物必修一测试卷,7,2
生物必修一知识点,6,2
生物必修二第4单元卷,6,2
生物月考,24,2
生物期中,4,2
生物期末,15,2
生物期末考试,9,2
生物期末考试高二下,44,2
生物竞赛,15,2
生物竞赛卷,3,2
生物第3章基因工程（专项训练）（原卷版）,2,2
生物选修一第一章,4,2
生物选必一,2,2
生物选必一期末测试卷,3,2
生物选择性必修二,7,2
生物高一上,12,2
生物高一下期末试卷,4,2
生物高一六中期末试卷,8,2
生物高一期末,3,2
生物高考模拟,7,2
生物高考真题,5,2
田家炳,5,2
电势,11,2
电场运动,4,2
电子科技大学实验开学考,21,2
电学,6,2
电容器 充电 放电 电容器的动态分析,5,2
电池（考点清单）（讲+练）-2024-2025学年高二化学上学期期末考点大串讲（鲁科版2019）,5,2
电流,4,2
电磁,5,2
电磁 感应1 专题单杆双杆模型,9,2
电磁学 2025一轮复习,3,2
电磁感应与电磁波初步,7,2
电能 能量守恒定律,9,2
电路图 串并画图练习,6,2
电路图和实物图互画,19,2
电路设计专题,6,2
病句,2,2
病句辨析与修改,8,2
登泰山记理解性默写,8,2
白银市二中，二零二三至二零二四学年度一期中考试试题英语，高一,16,2
百师联盟,15,2
百师联盟开学考,19,2
百师联盟开学考答案,5,2
百校联盟,15,2
百校联考,2,2
百色高二下学期期末,9,2
皇姑区初一上数学,5,2
皖中高二上英语,4,2
皖北协作区,11,2
皖南八校 2026届高三上,3,2
皖南八校2025 2026高一第一学期期中考,15,2
皖南八校2026届高三开学联考,11,2
皖南八校2026届高三摸底大联考,4,2
皖南八校摸底大联考数学,8,2
皖南八校高三开学联考,19,2
皖江名校,19,2
皖西南,53,2
皖豫联考,5,2
盈亏问题,4,2
益阳 新高一分班考,19,2
益阳市一中,6,2
益阳市沅江市初中初二联考真题汇编（语文）,14,2
盐中,3,2
盐城2025届英语高三考前指导卷,3,2
盐城市阜宁县2020年小升初数学试卷,5,2
盐城开学考高三上,4,2
盐城期初,68,2
盐城高一期末,9,2
盐都,14,2
盘锦,4,2
盘锦市高中,3,2
盘锦市高中高一上数学,3,2
盘锦市高级中学,3,2
直线 2025一轮专题复习,9,2
直线和圆,5,2
直线和圆的方程章节测试 人教A版 强化版,3,2
直线和圆的方程章节测试 人教A版 强化版卷子,12,2
直角三角形,15,2
相互作用力,9,2
相似三角形题型专练,5,2
省重点,10,2
看图写话,9,2
真题上海,3,2
真题圈天津2026学年度8年级下学期第19章学情调研,5,2
睢县高级中学,4,2
瞬时性问题物理,7,2
知识清单专题一发酵工程,6,2
知识清单生物,2,2
短歌行,12,2
石嘴山市第一中学2026届高三年级高考第二次模拟,4,2
石室,11,2
石室北湖,3,2
石室联合中学,3,2
石室蜀都,3,2
石家庄43中高一上期中考试,17,2
石家庄一中,4,2
石家庄一模,17,2
石家庄东南实验中学第一次月考卷,3,2
石家庄二中开学考,6,2
石家庄二模,9,2
石家庄四十中八下物理期末,16,2
石家庄市2026届普通高中学校毕业年级教学质量摸底检测,9,2
石家庄市八上期中,6,2
石家庄市新华区第42中学初一摸底考,6,2
石家庄政治高一,6,2
石家庄第二十八中学八上开学考,27,2
石河子2024年初中学业水平试卷生物,3,2
石狮,46,2
石狮八年级,36,2
石门中学高一,4,2
石门中学高一数学,7,2
硫及其重要化合物,7,2
礼嘉中学,13,2
祁阳一中新高一入学摸底考试,3,2
祈使句练习,8,2
神木市英语试卷,23,2
祥符高级中学高三上学期开学考,4,2
福州 8月质检高三,9,2
福州19中九上英语期中卷,3,2
福州一中月考试卷,18,2
福州一中英语高一上期中试卷,5,2
福州一中高三英语,11,2
福州一检,7,2
福州一模,13,2
福州九上期中考化学,7,2
福州二中高二上期中考,6,2
福州十八中,21,2
福州四中,5,2
福州屏东中学2025~2026学年第二学期期中试卷八年级语文,6,2
福州市2024020525今天第二学期期末联考高二物理试卷,8,2
福州市2025-2026学年高三上学期调研历史学科试题(B卷),3,2
福州市2026届高中毕业班适应性练习,6,2
福州市25-26高三第一次质量测试化学,4,2
福州市长乐区八年级,5,2
福州延安中学,10,2
福州第一中学 开学考试,39,2
福州第一次质检,25,2
福州第一次质量检测,16,2
福州罗源,2,2
福州罗源民族中学,5,2
福州附中,5,2
福州高一上第一次月考数学,4,2
福州高三8月质检,15,2
福州高级中学,4,2
福建2025年6月学业水平合格性考试英语真题,3,2
福建专用 语文 合格考 总复习 讲义,14,2
福建中 考,7,2
福建中考英语2025年,5,2
福建九年级物理电学,9,2
福建八年级下学期期末,5,2
福建厦门市,8,2
福建宁德2025-2026物理高二年级期末,4,2
福建宁德市2025-2026学年高二下学期期末考试政治试题,3,2
福建期中,9,2
福建期末,8,2
福建省三明市高二上化学期末,25,2
福建省六上数学第1单元,28,2
福建省南平市高二英语,3,2
福建省永春第一中学,31,2
福建省泉州市季延中学,30,2
福建省福州市2025到2026学年高三上学期第一次质量检,5,2
福建省福州第十九中学2025‑2026学年七年级上学期期中语文试题（图片版，含答案）,3,2
福建省莆田市莆田第九中学2024到2025学年高一上学期第一次物理月考,9,2
福建省龙岩市2025-2026学年高一下学期 期末监测数学试题,6,2
福建福州高三第一次调研英语,6,2
福建顺昌一中,4,2
福建高中 学业考试语文,7,2
福田中学,10,2
离子方程式,16,2
种群密度的调查方法,3,2
科大附中,3,2
科学小升初试题,10,2
科学计数法,5,2
科技特长生自主招生考试,16,2
秦淮区,4,2
秦淮区外国语,12,2
秦皇岛,12,2
秦皇岛nt20,4,2
秦皇岛海港区入学考试,12,2
空气和氧气,142,2
空间向量与立体几何,6,2
空间向量与立体几何专题,11,2
空间向量与立体几何全章综合测试卷人教a版,5,2
立体几何 2026一轮复习 专题,13,2
立体几何与空间向量大题,7,2
立体几何专题,8,2
立体几何专题复习,4,2
立体几何中根据平面画截面的问题,8,2
竖直上抛和自由落体相遇问题,4,2
竞赛培优专项训练,6,2
竞赛数学,39,2
竞赛物理,66,2
章丘四中,5,2
章贡区赣州市七上,19,2
笔记,11,2
第15讲,5,2
第15讲 静电现象 暑假自测版物理九上,3,2
第1次月考 卷,6,2
第40届物理竞赛预赛真题解析,6,2
第一中学,4,2
第一中学高一上物理段考,25,2
第一单元测试,8,2
第一次质检,29,2
第一章 集合与常用逻辑用语(单元测试·培优卷) 人教A版必修第一册,10,2
第一章有理数,11,2
第一章综合检测,8,2
第七中学,5,2
第三次月考,9,2
第三章基因工程,5,2
第二单元,4,2
第二学期期末考试高二数学d卷。,5,2
第二师八一中学,9,2
第二章单元单元测试卷,6,2
第五中学,7,2
第八章立体几何,6,2
第十三章 三角形,6,2
第四单元,11,2
第四单元水资源及其利用,6,2
等差等比数列,6,2
等高线地形图,5,2
答案,6,2
答题卡模板,3,2
箴言中学,7,2
类碰撞,5,2
精卫填海,6,2
精品解析四川省成都市彭州市7年级上册数学期末,14,2
精析巧练,8,2
精讲精练,6,2
精诚联盟高三开学考,15,2
紫金,12,2
红对勾,9,2
红对勾 2026版大一轮复习,4,2
红对勾 2027版大一轮复习语文,29,2
红岭,4,2
红岭中学 新高一分班考试,29,2
红岭高二上期中生物,3,2
红楼梦导读,12,2
红楼梦考点,9,2
红河州高一期末物理试卷,9,2
红色十校,5,2
纲要上历史笔记,5,2
线线角 线面角 二面角的专题,14,2
线面平行,6,2
练客中考安徽2026英语890词汇课标,14,2
组卷网苏锡常,3,2
细胞呼吸,12,2
细胞的生命历程,11,2
绍兴,35,2
绍兴入学分班考数学,5,2
经开区,2,2
经开区期末,3,2
统编版四年级语文上册试卷,18,2
统计概率,6,2
统计概率 2026一轮复习 专题,13,2
维克多高考英语专项突破答案,5,2
绵阳 初升高 高一入学摸底考试,2,2
绵阳一诊,31,2
绵阳一诊 2026,13,2
绵阳东辰,7,2
绵阳东辰七下超越,6,2
绵阳东辰高一分班,7,2
绵阳中学实验学校高一入学考,10,2
绵阳中学高一下期末化学,9,2
绵阳中考,39,2
绵阳南山中学入学考试高二上,11,2
绵阳外国语七年级上册分班考试,4,2
绵阳外国语学校八年级上册物理,3,2
绵阳市2026高二下期末考试,4,2
绵阳市初中学业水平考试 地理 真题,15,2
绵阳期末,5,2
绵阳期末考试,60,2
绵阳物理,10,2
网课,5,2
罗定2025-2026七年级期末质量检测,6,2
罗庄九年级数学,3,2
罗庄区,31,2
罗庄英语,6,2
罗湖区,50,2
罗湖高级中学2025-2026年高一第一学期期中考试原卷,2,2
美术,10,2
翻折特训专题练习,2,2
考点清单,4,2
聊城,8,2
聊城文苑2026小升初试卷,11,2
聊城高三开学考,2,2
职教高考,11,2
职高,7,2
肇庆博纳,9,2
肇庆市,8,2
肥城一中,3,2
肥城市,26,2
肥城期中六年级语文,4,2
育才中学,24,2
育新,12,2
育明高中,9,2
胡不归-最值问题,5,2
胶州数学期末,29,2
腾云,2,2
腾云联盟,5,2
腾云联盟8月,13,2
自主学习作业本,10,2
自主招生考试数学,11,2
自招 9 年级 物理,4,2
自然地理 100道选择卷复习,8,2
自由组合定律,8,2
自由落体运动和竖直上抛运动,3,2
自贡六年级上册数学,3,2
舒兰,25,2
舒城县,18,2
航海路中学26春八年级学习评价英语,47,2
芜湖,88,2
芜湖一中高一期中数学,12,2
芜湖二十七中,10,2
芜湖高三开学考,3,2
芝罘区,31,2
苏北,5,2
苏州2026届高三上学期期初阳光调研,3,2
苏州初二期末数学,4,2
苏州大学实验中学,7,2
苏州大学实验学校,33,2
苏州市,6,2
苏州市2026届高3期初阳光调研测试,17,2
苏州市2026届高三上学期期初阳光调研,8,2
苏州市统考,5,2
苏州振华,10,2
苏州期初,3,2
苏州高三期初,61,2
苏教版一年级数学排队应用题,7,2
苏教版五年级上册小数单元测试卷,8,2
苏教版八年级上册数学,3,2
苏教版四年级下册英语,8,2
苏科版反比例函数,5,2
苏锡常镇,10,2
苏锡常镇一模,4,2
英 语江西,3,2
英华实验学校,11,2
英吉沙县多校2025—2026学年高一第二学期期末质量监测,15,2
英语 0 2 6 学 年 度 三模,8,2
英语 0 2 6 学 年 度 三模中考,9,2
英语 语法 必备知识大全,9,2
英语 高考,3,2
英语1600词背诵版,4,2
英语2026年秋季高三开学·学情自测卷01,5,2
英语3200词背诵版,7,2
英语3500词,13,2
英语7选5,7,2
英语七年级上册词性转换,13,2
英语三升四,31,2
英语中考真题,3,2
英语二卷高考,3,2
英语仁爱版重点知识清单八上,8,2
英语作文,13,2
英语作文模板,7,2
英语全国一卷,7,2
英语冀教版作文festivaI and Holiday,6,2
英语初二上1~3单元练习题,8,2
英语单招,8,2
英语卷,23,2
英语卷子 高中营口,7,2
英语卷高二开学考,2,2
英语听力音频,6,2
英语听力高考练习,16,2
英语外研版选择性必修一Unit 3知识点,9,2
英语完型填空,6,2
英语完形填空专项,12,2
英语应用文写作,8,2
英语开学自测,10,2
英语必修三单元卷,7,2
英语必修二语基默写,4,2
英语成都九中,4,2
英语扬州,71,2
英语收心考,6,2
英语时文,11,2
英语时文阅读,29,2
英语本土卷,11,2
英语沪教五年上单元提升卷,5,2
英语语法单选,8,2
英语语法填空 100篇 基础,12,2
英语读后续写练习,34,2
英语课外阅读,2,2
英语课本,2,2
英语选修一人教版最新版单词表,6,2
英语长难句分析,16,2
英语阅读 100篇专项训练,9,2
英语阅读理解,23,2
英语阅读理解 100篇专项训练,2,2
英语非谓语动词,3,2
英语高一期末,4,2
英语高三联考试卷,4,2
英语高中入学考试卷长郡,7,2
英语高二开学考英语试卷,20,2
英语高考,9,2
英语高考真题,19,2
英语高考真题2021至2026,3,2
英语高考真题2026,5,2
英语高频词汇,4,2
英雄山中学,2,2
范文,11,2
茚旺中学,3,2
荆州中学生物高一上学期期末,5,2
荆州市2026届9月高三数学,4,2
荆州市沙市区荆州经济技术开发区2026年下学期六年级数学,5,2
荔浦,5,2
荔浦中学 高二下学期 期末考试语文,3,2
荣昌初中8年级数学,6,2
莆田二中开学考,9,2
莆田六年级毕业考,8,2
莆田市,29,2
莆田市2026届高中毕业班第三次质量调研测试试卷数学数学,10,2
莆田市2026届高中毕业班适应性练习数学,9,2
莆田市高二质量调研,9,2
莆田第一中学,5,2
莆田第一中学开学考,12,2
莆田高三质量检测,9,2
莱州一中收心考试,14,2
莱州市第一中学月考卷,4,2
莱芜九上期中考试数学,9,2
莱芜区数学八上,3,2
莱西市2025年七年级数学上册期中卷,21,2
莱西市高二上期中考试数学,4,2
获嘉七年级开学摸底,2,2
菏泽2026高一下期末,8,2
菏泽一中,13,2
菏泽一中自主招生试卷数学,18,2
菏泽一模,3,2
菏泽中考2026真题,13,2
菏泽市2024到2025高二上学期语文期末试卷,4,2
菏泽市2024到2025高二下学期期末试卷,17,2
菏泽期末物理,10,2
菏泽毕业考,3,2
菏泽高三开学考,14,2
菏泽高考一模化学,4,2
萍乡,26,2
萍乡市英语,4,2
营口鲅鱼圈,12,2
萧山区2025六年级第二学期数学卷,5,2
蒙城实验永兴中学,6,2
蓉城名校联盟,12,2
蓟州区2025至2026学年度第二学期期末练习七年级英语听力,5,2
藤县中学,2,2
虹口,14,2
蚌埠G5,10,2
蚌埠一质检,4,2
蚌埠二中高一开学考试卷,7,2
蚌埠市2026届高三8月调研性监测 数学,4,2
蚌埠市2026届高三调研性监测地理,5,2
蚌埠市高三开学考,6,2
蚌埠市高三适应性考试,3,2
蚌埠高三上学期第一次月考物理,3,2
蛟川书院甬江校区,21,2
行程问题,6,2
衔接点06诗歌鉴赏之炼字炼句,5,2
衡中学案,28,2
衡南县衡南一中（北斗星中学）小升初入学考试,5,2
衡水中学2022025-2026高三上学期综合素质评价一,5,2
衡水中学高一上期中数学,21,2
衡水中学高二数学上学期第二次月考,16,2
衡水体字帖,9,2
衡水初二下册,14,2
衡水市桃城中学八年级下册期末试卷,4,2
衡水联考,12,2
衡水金卷 高考语文冲刺,3,2
衡水金卷先享题2026物理一轮复习单元检测卷,7,2
衡阳市一中,10,2
衡阳市八中,38,2
衡阳市八中沃土计划真题,18,2
衡阳第二十六中学,12,2
表语从句,9,2
襄阳四中高一,17,2
襄阳四中，五中特长生自主招生数学试卷,5,2
襄阳市中考数学试卷,6,2
襄阳市择校考试卷,3,2
襄阳市第四中学高一,8,2
襄阳期末质检,9,2
襄阳随州部分高中 2024‑2025学年高二下学期期末联考,7,2
西交大附中,7,2
西北师大附中2025年高二第一学期第一次月考数学试卷,10,2
西吉中学,6,2
西城区2025~2026第二学期期末考试,6,2
西城各学校分班考,5,2
西城实验,2,2
西宁二中,5,2
西安,5,2
西安中学,6,2
西安九上数学莲湖区,3,2
西安市小升初历年分班考真题,10,2
西安市碑林区铁一中本部 七年级数学 月考附加题,3,2
西安市第十二中学,8,2
西安市阳光中学,4,2
西安市高新一中高中,3,2
西安新高一分班考,6,2
西安西工大附中2025高一分班考,5,2
西安铁一中分班考,15,2
西安阎良区西飞第一中学,5,2
西安高新第一中学,10,2
西工大附中2026高中,2,2
西工大附中第一学期第一次月考,9,2
西工大附中高一,6,2
西昌市2025 2026年下学期未试卷,5,2
西游记,19,2
西班牙语高考,7,2
西附月考西南大学附属中学5月,11,2
视频课,19,2
解三角形 专题大题,3,2
解三角形中三角形的面积、周长、边的最值与范围问题,24,2
解三角形大题,2,2
解三角形高中,5,2
解析几何大题,14,2
試卷,2,2
计数原理一轮复习,16,2
计算 100 道,12,2
计算 100专项训练计算专项,6,2
计算天天练,6,2
计算天天练六年级上册,4,2
计算题专项训练,11,2
记叙文阅读,49,2
讲义 2027届高三数学一轮复习,9,2
许昌期末,4,2
许昌高一期末,7,2
词汇分类循环练,4,2
词组,7,2
译林新版语法语篇填空合集,7,2
译林版八年级上册英语单词,6,2
译林社数字化助教资源库英语必修三,10,2
诗歌鉴赏,17,2
语文120实词,12,2
语文中考泰州试卷,4,2
语文中考真题,14,2
语文九下月考,11,2
语文信息类文本阅读,5,2
语文园地七,16,2
语文安徽,9,2
语文必修一理解性默写,15,2
语文必修一课本,5,2
语文思辨类作文素材,15,2
语文拼音专项,10,2
语文文言文实词虚词,5,2
语文期中,34,2
语文期末云南八下,3,2
语文期末卷,11,2
语文期末考试,6,2
语文笔记,5,2
语文试卷 高中含答案,26,2
语文语病,5,2
语文阅读,7,2
语文阅读理解专训,4,2
语文阅读理解专项训练,23,2
语文零模试卷,14,2
语文非连续性文本阅读7年级,3,2
语文高中,4,2
语文高中答题技巧,15,2
语文高考满分作文,16,2
语文高考真题,5,2
语文高考试卷,3,2
语文高考题,5,2
语法专练,7,2
语法初中练习,6,2
语法填空专项,5,2
语法填空介词,3,2
语法详解与练习2026九年级上册人教版,11,2
语用题,8,2
语篇填空,8,2
语言文字运用,19,2
诱导公式,4,2
诱导公式 1 练习题,4,2
说明文答题技巧,22,2
说明文阅读理解,11,2
诸城市贯通招生考试,3,2
诸暨市2026年5月高三适应性考试试题,11,2
课 件,2,2
课时练,5,2
课本 20024九年级上册英语,2,2
课本电子版,14,2
课程,4,2
谓语动词时态语态,7,2
责任与担当,14,2
责任与担当并列式作文,14,2
质量,6,2
质量检测高一地理,6,2
贯通,3,2
贯通班 八年级 物理,25,2
贵州,7,2
贵州八月份金太阳试卷,23,2
贵州化学期末卷,4,2
贵州物理高考真题,5,2
贵州省2026年数学高考,7,2
贵州省遵义市2025至2026七年级数学期末考试卷,4,2
贵州省遵义市2025至2026数学竞赛试卷。,4,2
贵州省遵义市红花岗区小升初语文试卷,5,2
贵州省高三生物模拟卷,6,2
贵州省高考化学模拟卷,5,2
贵州省黔东南州2025至2026学年高二下学期期末考试生物试题,4,2
贵州省黔南州2025-2026年高一期末下册期末考试卷,4,2
贵州贵阳市2025-2026高二下学期期末测试试卷,32,2
贵州遵义九年级上期末考试卷，2026年,9,2
贵州高一语文综合卷,23,2
贵州高考物理,13,2
贵州黔东南,8,2
贵港市覃塘区,17,2
贵百河,45,2
贵阳一中高一上期末,6,2
贵阳市2025届高三年级摸底考试数学试卷,6,2
贵阳市七校2026,7,2
贵阳观一高9月份第一次月考试卷,2,2
费马点模型,7,2
赢在微点,7,2
赣州,7,2
赣州市龙南七上语文期末,11,2
赣榆区,12,2
赣榆区黄海路小学苏教版,7,2
赣榆高级中学,6,2
赣榆高级中学高一上学期第一次语文期中考试,5,2
赤峰市高一学年考试,11,2
赤峰高二期,9,2
走进化学世界,29,2
走进细胞,4,2
起点考试高三,21,2
超级考卷追梦江西八下答案,6,2
超银,17,2
越秀区,6,2
越秀区育才学校分班测语文试卷,3,2
跨学科上海,6,2
辅仁高一上2025物理,5,2
辉县六下,5,2
辰溪县第一中分班考试卷,3,2
辽宁 名校联盟,8,2
辽宁2025 2026高二上开学初,9,2
辽宁七校联合体,6,2
辽宁三年级上学期阶段检测,5,2
辽宁专用,11,2
辽宁中考数学,4,2
辽宁丹东市东港市2025-2026学年八年级下学期期末物理试题.pdf,8,2
辽宁五校联考,16,2
辽宁会考,2,2
辽宁单招考试,7,2
辽宁名校联盟语文,3,2
辽宁地生会考原卷,10,2
辽宁学考,4,2
辽宁宁名校联盟高二上2024~2025生物9月份,8,2
辽宁期末卷,5,2
辽宁沈阳市2025‑2026学年八年级下学期语文期末试卷.pdf,4,2
辽宁沈阳，中考,17,2
辽宁物理高考真题,8,2
辽宁省2025 2026学年高一下数学期末自编模拟卷02,7,2
辽宁省2025-2026学年高一下数学期末自编模拟卷02,3,2
辽宁省2026年中考数学试卷,3,2
辽宁省东港市2024～2025高一下学期期末教学质量检测,14,2
辽宁省丹东市十月联考,10,2
辽宁省凤城,10,2
辽宁省名校联盟2025年高一10月份联合考试,11,2
辽宁省名校联盟2025年高三九月份联合考试物理,11,2
辽宁省名校联盟9月高二,6,2
辽宁省名校联盟二五到二十六高三上一期十月联合,5,2
辽宁省名校联盟高三12月份联合考试化学,24,2
辽宁省实验中学 2026,2,2
辽宁省实验中学20252026学年度下学期期末考试高一年级生物试卷,8,2
辽宁省实验中学高一下期中物理,4,2
辽宁省实验高一物理第一次月考,7,2
辽宁省抚顺市顺城区数学,7,2
辽宁省沈阳市,26,2
辽宁省沈阳市和平区8年级上册,3,2
辽宁省海城市第四中学，小升初，分班考试试卷,5,2
辽宁省葫芦岛市龙港区八年级上册数学期末,11,2
辽宁省郊联体高三化学,3,2
辽宁省锦州市高一月考卷,29,2
辽宁省鞍山市岫岩满族自治县,11,2
辽宁省高一下学期化学,15,2
辽宁省高三上开学考数学卷,6,2
辽宁省高中数学联合竞赛试题,4,2
辽宁省高二数学期中,5,2
辽宁联盟,11,2
辽宁鞍山市2025~2026学年高一下学期期末考试化学试题 答案,5,2
辽宁鞍山立山区小升初2025,5,2
辽宁高一上学期期中,7,2
辽宁高一下学期期末卷,11,2
辽宁高二上学期,7,2
辽宁高二开学考,6,2
辽宁高二开学考上学期,21,2
辽源五中,8,2
辽阳一中,2,2
达州市2025年高一年级年级春季期末英语试卷,4,2
达州市第一中学,5,2
达州高一新生入学模拟,9,2
达州高三9月联考,11,2
迁安,22,2
过去五年安徽历史高考卷,3,2
迎江区2026年六年级期末试卷数学北师大版,4,2
运动学 12种题型高一物理专题,5,2
运城市实验中学,28,2
近6年江苏英语高考试卷,3,2
近三年的北京语文高考试卷加答案,12,2
近三年辽宁省数学高考卷,4,2
近五年九年级临夏回族自治州数学中考真题,4,2
近五年数学高考试卷全国二卷,3,2
近五年陕西省地理高考真题,7,2
近五年高考真题,12,2
近代物理 1轮知识清单,7,2
近几年高考语文真题,3,2
连云港市新海初级中学,8,2
连云港市高一,17,2
连接体,12,2
追击相遇问题,4,2
追及问题,4,2
追梦之旅 2025 2026 期末,6,2
选修三数学,2,2
选拔性考试,13,2
选拔考试,4,2
选择必修一,2,2
选择性 必修一,7,2
选择性必修 3必背 知识点 清单,7,2
选择性必修1数学,10,2
选择性必修3,22,2
选择性必修一数学,4,2
选择性必修一物理动量单元测试卷,7,2
选择性必修一生物小卷,6,2
选择性必修上册文言,3,2
选词填空专项训练。,18,2
逐差法求加速度,20,2
通州,2,2
通州八上24物理,13,2
通州区 2025~2026 第二学期期末政治答案,6,2
通州区2021 2022学年第二学期高一年级期末质量检测,5,2
通济实验,3,2
通济实验2025新生入学模拟,3,2
通用技术,14,2
通辽,8,2
速度,5,2
速度的测量,8,2
逻辑,4,2
逻辑与思维大题,5,2
逻辑思维,7,2
遂宁压轴,4,2
遂宁市中考真题,61,2
遂宁市中考真题2026,65,2
遂宁市九上真题2026射洪中学,5,2
道法九上第一单元坚持党的全面领导知识点,8,2
遗传 026 专项 大题,4,2
遗传 专项,5,2
遗传与进化,7,2
遗传大题,4,2
遗传的分子基础,6,2
遵义四中,11,2
遵义市七年级下册英语试卷,5,2
遵义市小升初,6,2
遵义市第十一中学小升初,3,2
邓州市2025至2026小升初考试期末卷,23,2
邓州市2026年小升初语文,7,2
邢台一中高一期中中月考,16,2
邢台一中高一第一次月考,29,2
邢台市卓越联盟NT20第一学期高三年级10月联考英语,4,2
邢台市期末测试,11,2
邢台市追光高级中学,20,2
邯郸 2 0 2 6届 一模,2,2
邯郸二十五中,15,2
邯郸市2024高三年级第三次调研考试,12,2
邯郸市二外，分班测,8,2
邯郸市第一中学,4,2
邵东,25,2
邵东一中,17,2
邵阳市9校联考高一,3,2
邹城小升初分班考,2,2
邻水九龙开学考试试题,3,2
郑东新区外国语学校,17,2
郑州2026年高中毕业第二次预测,3,2
郑州一中月考卷数学,8,2
郑州中学新初一分班考,3,2
郑州二模,8,2
郑州外国语中学 开学,3,2
郑州外国语中学分班考,12,2
郑州市入学考试高级中学,2,2
郑州市外国语期中,4,2
郑州市惠济区小升初分班考试真题卷真题o土,11,2
郑州市第五教研共同体,6,2
郧阳中学,8,2
部编四年级上册写字表描红字帖PDF,4,2
郴州市二中,3,2
郴州市六年级下册统考,6,2
郴州高一期末数学,7,2
郸城一中,6,2
郸城一高开学测,5,2
郸城县第一高级中学高一第二次月考,51,2
郸城求真中学,9,2
都江堰,7,2
鄄城一中,6,2
鄞州区,23,2
配速法,4,2
酸 碱 盐 202 6初中专题复习,7,2
醴陵市第一中学开学考数学,3,2
重庆 八中期末八年级,13,2
重庆2021中考英语卷真题,6,2
重庆2026 高考真题地理,3,2
重庆一中2028届第一次月考,3,2
重庆一中月考,9,2
重庆一外,5,2
重庆七下期末数学,39,2
重庆七龙珠九年级上期开学考数学试卷,7,2
重庆七龙珠九年级上期开学考试卷,7,2
重庆两江育才高一数学,11,2
重庆主城七校高一下学期期末考试英语试题,13,2
重庆主城区七校联考,9,2
重庆九校联考高一下5月期中英语听力,4,2
重庆九龙坡区2027届高二数学,6,2
重庆八中2024,22,2
重庆八中2025 2026八下期末,18,2
重庆八中2025~2026 高一上半期物理没有,3,2
重庆八中2025至2026学年度上高一年级上学期二月月考,9,2
重庆八中2025至2026学年度上高一年级二月月考,10,2
重庆八中20262027学度上高三年级周考英语试题题,10,2
重庆八中初二周考6.21,5,2
重庆八中高2028级高一上数学周考三,16,2
重庆八中高一上册,12,2
重庆八中高一上物理,9,2
重庆八中高一入学考试,8,2
重庆八中高一英语,3,2
重庆八中高三上开学考,15,2
重庆凤鸣山中学,39,2
重庆初一分班考试卷,17,2
重庆十一中高一英语,4,2
重庆十八中,27,2
重庆南开20205到2026年期末试卷,12,2
重庆南开中学2026 2027高三第一次月考,7,2
重庆南开中学初三,8,2
重庆南开中学新高一入学考,7,2
重庆南开开学考,4,2
重庆南开开学考语文,10,2
重庆南开高一25-26物理月考,5,2
重庆大是小升初,4,2
重庆实验外国语学校几何,8,2
重庆巴蜀中学2026届高考适应性8月,4,2
重庆巴蜀中学初一上英语,9,2
重庆巴蜀中学初三,16,2
重庆巴蜀中学英语,6,2
重庆巴蜀学校,4,2
重庆市2026年全国高考物理二卷,10,2
重庆市2026高考语文卷,3,2
重庆市九龙坡区2025年高一开学,12,2
重庆市八中2025一2026高三上入学生物考试,3,2
重庆市南开中学开学考英语试卷,3,2
重庆市南开中学校,101,2
重庆市垫江县2025年秋期八年级物理试题,10,2
重庆市外国语学校,3,2
重庆市巴南区,32,2
重庆市巴蜀中学 物理试题,23,2
重庆市巴蜀中学8年级上期物理第一次月考,10,2
重庆市巴蜀中学校2024‑2025学年高一下学期期末考试英语试题,8,2
重庆市巴蜀中学高三,11,2
重庆市杨家坪中学高一物理,7,2
重庆市第一一〇中学校 九年级 入学测试,6,2
重庆市第一中学2028届化学高一,6,2
重庆市第一中学高二下学期半期考试数学真题,3,2
重庆市第八中学校2025-2026高三上学期周考（一）英语试题,15,2
重庆市第八中学校2025–2026学年高三（上）周考（一）英语试卷（高2027级）,6,2
重庆市西南大学附属中学高一上开学考,5,2
重庆市高2025届高三第一次质量检测生物试题,38,2
重庆市鲁能巴蜀中学校2027届高三上学期第一次月考,6,2
重庆康德卷高二上物理,5,2
重庆开学考,5,2
重庆数学,18,2
重庆数学高三,4,2
重庆期末,13,2
重庆第一中学,4,2
重庆第一中学校,80,2
重庆第八中学,31,2
重庆第八中学校,71,2
重庆育才,95,2
重庆育才中学教工题库2026届初三上第1次自主作业英语试卷,6,2
重庆育才高一九月,3,2
重庆育才高三,4,2
重庆西南大学附属中学,14,2
重庆西藏中学英语,11,2
重庆阶段检测,7,2
重庆高一下化学期末,5,2
重庆高一下期末数学,8,2
重庆高三,23,2
重庆高二下期末数学,3,2
重庆高等职业教育分类,26,2
重庆高考 2026高考真题,13,2
重点高中提前招生,10,2
重点高中高一分班考试卷理科,9,2
重难05 冈崎片段和基因表达的调控,10,2
重难点手册高中数学,67,2
金华 分班,3,2
金华一中地理,29,2
金华小升初分班入学考试英语,4,2
金华市金东区实验中学,10,2
金太阳 02026金太阳试卷数学,11,2
金太阳大联考,28,2
金山中学汕头,5,2
金平区,16,2
金德实验学校第一次月考，九年级上册,16,2
金沙湾学校,2,2
金溪一中,5,2
金版教程 2027高考一轮复习物质的量,6,2
金科大联考九月,2,2
金考卷45套,2,2
钠 探究物质的基本方法,4,2
钠及其化合物,7,2
钠及其重要化合物,4,2
钦州,27,2
钦州市,5,2
钦州市2025年高一下期末监测试的卷,9,2
钦州市外国语分班,4,2
铁及其化合物,4,2
铁及其氧化物,5,2
铁西区 四年级上学期,23,2
铜仁市,7,2
铜川市,12,2
铜陵三中,2,2
银川一中2026年英语期末卷,3,2
银川一中物理试卷高一,5,2
银川一中高一物理,6,2
银川初二物理,14,2
银川外国语,21,2
锐角三角函数预习教案,15,2
锡山高级中学,16,2
锦州,2,2
锦州中学,5,2
锦江区8年级下册期末数学试卷,5,2
锦江师一2024级八上入学考数学一,8,2
镇平县,37,2
镇江,17,2
镇江市初三上数学期中卷,2,2
镇江高一上生物,13,2
镇海中学开学考,4,2
镇海高三,6,2
镇海高二数学上学期月考,7,2
长,2,2
长乐一中,6,2
长乐三中,3,2
长寿,18,2
长度和时间的测量,3,2
长春2026数学模拟,2,2
长春中考,9,2
长春二中,4,2
长春八中,4,2
长春南湖实验中学,7,2
长春南湖实验中学七年级开学考,5,2
长春外国语学校,3,2
长春市十一高中,2,2
长春市文理高中高一上学期,18,2
长春文理,15,2
长春第150中学期末考试,13,2
长春高 一 0 上学期 人教版 必修一 10 月 月考,7,2
长春高 一 上学期月考,4,2
长春高一下期末,14,2
长春高一下期末农安,18,2
长沙26高三模拟英语,18,2
长沙中考,5,2
长沙八年级期末语文试卷,18,2
长沙初升高高一分班数学,8,2
长沙县维汉入学考,2,2
长沙四大名校2026年期末考试试卷,8,2
长沙四大名校七下月考英语，含听力mp3,6,2
长沙四大名校联考,25,2
长沙市2026年高三年级模拟考试,7,2
长沙市一中入学分班考试,6,2
长沙市一中城南中学,2,2
长沙市南雅中学高中开学考,2,2
长沙市周南中学2025新高一分班考卷,7,2
长沙市实验中学入学考试卷,12,2
长沙市实验中学入学考试卷高一,4,2
长沙市实验中学高二期中,4,2
长沙市第一中学2025年新生入学考试英语,2,2
长沙市高一入学分班考试卷,16,2
长沙师大附中,3,2
长沙数学,10,2
长沙新高一入学分班考,19,2
长沙高一期末考的数学物理化学试卷,4,2
长沙高三上开学考数学,13,2
长沙高中入学考,7,2
长葛,9,2
长葛市第一高级中学,4,2
长郡2025高一期末数学,3,2
长郡2026届高三入学考,5,2
长郡七年级上册期中,7,2
长郡中学26年语文高一综合能力检测卷,3,2
长郡中学26年高二下期末,3,2
长郡中学开学考,4,2
长郡中学高一上入学考,5,2
长郡中学高一上学期入学考试,30,2
长郡中学高三下学期期末七月试卷政治,3,2
长郡中学高三暑假作业,8,2
长郡中学高二上入学考化学,2,2
长郡中学高二上暑假作业检测,20,2
长郡入学分班考试,10,2
长郡入学考,3,2
长郡入学考试高一,6,2
长郡八上,8,2
长郡八下期末,3,2
长郡创新杯 四年级 初赛 回忆版,10,2
长郡外国语,7,2
长郡外国语实验中学,8,2
长郡开学考,16,2
长郡开学考物理,4,2
长郡开学考高二上学期,5,2
长郡新高一分班考,4,2
长郡集团九年级数学,4,2
长郡高一上开学考,4,2
长郡高一开学考,4,2
长郡高三,5,2
长郡高三开学考,25,2
闵行,15,2
阅读100篇,9,2
阅读专项训练,13,2
阅读理解/书面表达,11,2
阅读题,4,2
阆中中学,8,2
阜平,19,2
阳新初一分班考试卷,5,2
阳新小升初考试卷,12,2
阳江江城六年级,18,2
阳泉一中,2,2
阿勒泰地区第二高级中学开学考试试卷,10,2
阿城,8,2
阿城九上数学第一次月考,8,2
阿氏圆类似题型,16,2
阿波罗尼斯圆,5,2
陈太丘与友期行 对比阅读,8,2
陈涉世家课件,5,2
陈经纶初一语文,6,2
陕州区,16,2
陕旅版英语五年级下册,3,2
陕西,13,2
陕西专用,36,2
陕西安康市汉滨区七校联考2025-2026学年高二下学期期末质量检测 +【语文】,3,2
陕西师范大学附属中学,5,2
陕西榆林八下政治单元测试卷,4,2
陕西省咸阳市秦都区2025~2026学年度高一下册期末考试,6,2
陕西省商洛市商州区秦韵,38,2
陕西省榆林市第六中学分班考,13,2
陕西省汉中市部分校2025‑2026学年高二下学期7月期末考试,14,2
陕西省铁一中,18,2
陕西西安26中,7,2
陕西西安中学2025-2026学年第二学期期中高一语文,4,2
陕西西工大附中高一开学考数学,3,2
随州市,7,2
雅安中考,11,2
雅礼中学2026高一地理,7,2
雅礼中学高一上学期入学考试,27,2
雅礼中学高一月考,9,2
雅礼高一上开学考,10,2
雅礼高三月考一,14,2
集合一轮复习,10,2
集合不等式测试卷,2,2
集合与常用逻辑用语,16,2
集合单元测试,7,2
集合基础练习题,5,2
集合的概念,7,2
集合的概念练习题,2,2
零模 2026,16,2
零模考,17,2
零点问题,4,2
雷州,6,2
霍山中学开学考,5,2
青冈实验中学,5,2
青岛 0 2026高二期末下,7,2
青岛2025开学考城阳高中,5,2
青岛26中考数学卷,6,2
青岛一中2025高一第一次月考数学,4,2
青岛二中高二月考,4,2
青岛八年级上,7,2
青岛初三期中考试试卷,9,2
青岛大学附属中学,10,2
青岛市城阳区2025至20269年级第一学期期中物理,10,2
青岛市市北区未来之星,8,2
青岛市李沧区七年级上学期英语月考试卷,4,2
青岛市高一上数学期末,4,2
青岛市高三期初调研检测,10,2
青岛市高二上数学月考,6,2
青岛开学考,20,2
青岛数学七上,5,2
青岛第中2025第一次月考数学,4,2
青岛胶州月考卷,8,2
青岛西海新区2025年的7年级上册数学期中检测试卷,11,2
青岛高三上期初考试,34,2
青岛高三二模,11,2
青岛高三期初调研,3,2
青岛高二上学期数学期末,17,2
青桐鸣大联考河南高一,3,2
青桐鸣大联考高三开学考,17,2
青海内高班高三复习资料 抛体运动,6,2
青海湟川中学2025 2026学年第二学期 高三年级数学第三次模拟考试试卷,7,2
青海湟川中学2025-2026学年第二学期 高三年级数学第三次模拟考试试卷,20,2
青海湟川中学高一,3,2
青海省2025政治高考卷,5,2
青海西宁,12,2
青海西宁大通县期末考试卷物理,4,2
青海高一下册西宁市期末统考英语,8,2
青苗计划试卷,8,2
静电场中的能量,20,2
非谓语动词,6,2
非限定性定语从句,4,2
面积体积公式,17,2
鞍山,10,2
鞍山一模,5,2
鞍山一模数学,10,2
鞍山市,12,2
鞍山市华育外国语,10,2
鞍山市第八中学,6,2
鞍山市铁东区小升初卷纸,3,2
鞍山市铁东区小升初卷纸数学,2,2
韦达定理专题,3,2
韩城市高一,3,2
韩语,12,2
音标 0基础 48 个音标 PPT,5,2
音标初中,4,2
音标课件,4,2
韶关,47,2
项城周口小升初分班考,4,2
顺德一模,30,2
顺德八上数学期中,8,2
顺德区2025一模,15,2
顺德区华侨中学,8,2
顺德华侨中学,3,2
香河县2024至2025学年度第二学期4年级语文质量监测,16,2
马关县,6,2
马鞍山二中,17,2
马鞍山入学,14,2
马鞍山市2025 2026学年第二学期期末教学质量检测高一思想政治试题,3,2
马鞍山市2025~2026学年第二学期期末教学质量监测,5,2
驻马店市第二高级中学,2,2
驻马店市高一期末考试,6,2
驻马店高三试卷,4,2
高 一 0 上学期物理,8,2
高 一 0 下学期鲁科版期末 化学,15,2
高 一 下 202 4 2025年期未卷数学,4,2
高 一 下 202 5 2026年期未卷,19,2
高 一 化学,6,2
高 一 物理,18,2
高 一 语 文 1 2月 2025 2026 语文试卷下学期,10,2
高 三 数学 01月 一模高考数学卷,3,2
高 二,77,2
高 二 0 026 高二上学期 数学期末,3,2
高 考 2025高考真题英语,3,2
高 考 2026语文高考真题,4,2
高 考 2026高考真题全国二卷语文,3,2
高 考 2026高考真题西藏,4,2
高 考 英语2026高考全国2卷,7,2
高 考 语文,2,2
高 考卷 2025年真题,3,2
高39月开学考,19,2
高3数学试卷,15,2
高一 下物理期末测试卷,4,2
高一 入学 分班考,50,2
高一 分班考试卷,21,2
高一 幂函数 指数函数 对数函数 计算题,4,2
高一 月考,7,2
高一 语文 必背古诗词上册,15,2
高一三角函数专题,3,2
高一三角函数综合题,9,2
高一上12月份月考,10,2
高一上入学考试 分班考试,15,2
高一上册物理1-2章,6,2
高一上学期,19,2
高一上学期化学期末,4,2
高一上学期地理必修一知识点,6,2
高一上学期数学,3,2
高一上学期数学 南通中学,11,2
高一上学期数学期中试卷,5,2
高一上学期期中考试聊城数学,11,2
高一上学期第一次月考数学试卷,5,2
高一上开学考语文,5,2
高一上数学,2,2
高一上数学10月月考,9,2
高一上数学期末,17,2
高一上数学期末大连,5,2
高一上月考,15,2
高一上期中英语淮南,4,2
高一上物理月考,9,2
高一上物理第一次月考,13,2
高一上生物期中,5,2
高一上英语完形填空,5,2
高一下,2,2
高一下册数学期末试卷,10,2
高一下册期末,10,2
高一下册期末数学,6,2
高一下册物理期末试卷,13,2
高一下化学,7,2
高一下化学期末卷,4,2
高一下学期化学期末,8,2
高一下学期化学期末考试,17,2
高一下学期化学期末试卷,3,2
高一下学期期末英语试卷,40,2
高一下学期期末试卷数学,9,2
高一下学期物理期末卷,9,2
高一下学期近三年泉州统考试卷数学,3,2
高一下数学期末,6,2
高一下期末五十八中物理,8,2
高一下期末化学,16,2
高一下期末化学黑龙江,6,2
高一下期末卷,8,2
高一下期末数学,5,2
高一下期末数学北海,3,2
高一下期末数学辽宁,21,2
高一下期末物理高新一中,12,2
高一下期末生物试卷,16,2
高一下期末考,9,2
高一下生物期末,10,2
高一不等式单元测试,7,2
高一人教A版必修第一册 单元测试卷 word打印版,4,2
高一入学,8,2
高一入学分班考试,12,2
高一入学测试,15,2
高一入学考数学,16,2
高一入学考物理,6,2
高一入学考试卷,22,2
高一入学考试益阳,10,2
高一入学考试试卷,10,2
高一函数2026专题,3,2
高一函数性质专题复习,8,2
高一分班 开学考 北京,3,2
高一分班考北京,3,2
高一分班考卷扬州,6,2
高一化学必修一人教版期末,3,2
高一化学必修第二册期末模拟卷01 含解析,5,2
高一化学氧化还原反应试卷,4,2
高一历史,22,2
高一历史上学期,2,2
高一名言名句默写,3,2
高一岳阳县县一中数学试卷,34,2
高一年级下册桂林市期末生物测试卷,3,2
高一年级普通高中学科素养水平监测化学试卷,14,2
高一年级普通高中学科素养水平监测生物,4,2
高一广东省2026合格性考试试卷,52,2
高一开学分班考试卷,7,2
高一开学摸底考试卷,6,2
高一必修一化学期中考高一上,6,2
高一必修一数学,2,2
高一必修一数学第一章 测试卷,15,2
高一必修一数学第二章测试卷,3,2
高一必修一物理第二章运动图像专题练习,2,2
高一必修下册10篇信息类文本阅读,7,2
高一必修二物理考试,42,2
高一摸底考试,9,2
高一政治期末,6,2
高一数学函数2026专题,15,2
高一数学分班考,6,2
高一数学分班考试试卷,9,2
高一数学必修一第一次月考,6,2
高一数学必修一第二章单元检测,13,2
高一数学必修二黑龙江,5,2
高一数学月考,23,2
高一数学期末考试,15,2
高一数学第一次月考,36,2
高一数学第一次月考卷,9,2
高一数学苏教版第一单元上册徐州,6,2
高一数学试卷,20,2
高一数学试卷江苏,17,2
高一文言文翻译,3,2
高一新生 入学选拔,15,2
高一月考卷10月份试卷,13,2
高一期末化学,11,2
高一期末卷,43,2
高一期末校内检测,7,2
高一期末物理试卷,5,2
高一期末生物试卷,11,2
高一期末石家庄二中南校区,6,2
高一期末考试,11,2
高一期末语文东城,3,2
高一浙江各地物理期末试卷,3,2
高一物理 板块传送带 摩擦生热 中档大题,4,2
高一物理上学期期末,45,2
高一物理力学正交分解,7,2
高一物理必修一共点力平衡,5,2
高一物理必修一天天练,4,2
高一物理期末,13,2
高一物理期末试卷,16,2
高一物理第一次月考,13,2
高一物理试卷人教版上学期,5,2
高一物理追及相遇问题,10,2
高一生物,15,2
高一生物必修一思维导图,7,2
高一生物期末,5,2
高一生物盐城,4,2
高一皖北六校高一期末联考真题数学,14,2
高一竞赛培优专项训练,8,2
高一第一单元考数学,3,2
高一第一学期期末语文,5,2
高一第二章1元函数方程和不等式,3,2
高一英语卷子,21,2
高一英语情景导学必修三人教版四川unit1,3,2
高一英语第一次月考,10,2
高一英语试卷,3,2
高一英语阅读理解,5,2
高一英语阅读理解 基础衔接,6,2
高一英语阅读理解衔接文,11,2
高一语文开学第一课,2,2
高一语文试卷湖南,10,2
高一语文试卷育才重庆,5,2
高一集合专题,8,2
高三 2026,13,2
高三2025开学考济南,15,2
高三8月开学考,11,2
高三一检福州英语,4,2
高三上,10,2
高三上10月月考,57,2
高三上学期,8,2
高三上学期开学检测考山东,6,2
高三上学期开学考浙江,3,2
高三上学期数学第一次月考,79,2
高三上学期期末,5,2
高三上学期阶段检测,10,2
高三上开学物理摸底检测卷,3,2
高三上开学考潍坊,6,2
高三上开学考生物,7,2
高三上开学考试卷,9,2
高三上开学考试沈阳大连,48,2
高三上期一诊,17,2
高三八月开学考,32,2
高三历史试卷,27,2
高三复数习题,8,2
高三开学摸底,10,2
高三开学数学试卷,10,2
高三开学考上海语文,4,2
高三开学考平顶山,10,2
高三开学考生物辽宁,4,2
高三开学考试卷,19,2
高三总复习指导,5,2
高三数学月考,3,2
高三数学试卷,21,2
高三月考,7,2
高三期中,11,2
高三期初,39,2
高三期初考试,15,2
高三期初考试 山东,6,2
高三期末试卷生物,8,2
高三模拟卷,18,2
高三武汉部分学校调研考试,12,2
高三江南十校,12,2
高三烟台,3,2
高三物理9月调研,10,2
高三物理一轮复习,6,2
高三物理开学考,17,2
高三真题5年,22,2
高三第一次月考,27,2
高三第一次月考化学,17,2
高三第一次质量检测,33,2
高三联考,107,2
高三英语秋季开学,8,2
高三英语考试,5,2
高三英语读后续写,4,2
高三英语读后续写万能句式,7,2
高三语文,6,2
高三语文复习,9,2
高三调研性考试,4,2
高三质量,13,2
高三追击相遇问题物理,8,2
高三长郡,20,2
高三零模,24,2
高三鞍山数学,5,2
高中 1必修1,4,2
高中 单词 3500背诵清单,2,2
高中 数学 1 一轮复习,5,2
高中 数学必背 公式大全,8,2
高中 文言文 120个实词和18个虚词,14,2
高中 英语 3500词背记版全部,6,2
高中2026年山东省普通高中学业水平等级物理考试,6,2
高中3500 词汇,11,2
高中3500 词汇背诵word版带音标,9,2
高中作文人物论据素材,8,2
高中作文素材,4,2
高中光学,2,2
高中光学专项,4,2
高中分班考,4,2
高中力学专题,9,2
高中化学一轮复习方程式大全,2,2
高中化学定量实验大题,6,2
高中化学实验,8,2
高中化学实验 202 5复习二轮专题21个实验,8,2
高中化学常识总结,6,2
高中化学方程式集合,6,2
高中化学知识清单,3,2
高中单词,4,2
高中单词3500汇总,6,2
高中历史01一轮复习知识点归纳,3,2
高中历史必修综合试卷,4,2
高中必修一数学,8,2
高中必修一数学期中,6,2
高中必修一物理期中,4,2
高中必刷题 2026电子版,2,2
高中必背古诗文,7,2
高中政治必修一,7,2
高中政治思维导图7本书完整,18,2
高中教材,4,2
高中数学253个核心知识点,5,2
高中数学人教a版2019必修一集合基础卷,5,2
高中数学作业,5,2
高中数学函数四基本性质,3,2
高中数学培优 拔尖培优专题,17,2
高中数学奥林匹克竞赛,12,2
高中数学知识点总结,6,2
高中数学综合卷,3,2
高中数学联赛一试,6,2
高中数学联赛浙江,15,2
高中数学计算 每日专项训练计算,10,2
高中暑假作业,15,2
高中概率各种题型,12,2
高中物理,6,2
高中物理一轮复习动量和机械能,15,2
高中物理光学专项,21,2
高中物理力学一轮复习,2,2
高中物理力学专题复习,14,2
高中物理奥林匹克竞赛,4,2
高中物理实验汇总,2,2
高中物理必修1速度时间图像专项练,11,2
高中物理必修一,2,2
高中物理必修一第三章测试卷,25,2
高中物理必修一第三节的练习题,12,2
高中物理必修三第九章专项练习,6,2
高中物理机械能守恒大题,12,2
高中物理电学专题,6,2
高中物理竞赛,7,2
高中物理竞赛专题讲义,3,2
高中物理简谐运动单元检测,26,2
高中物理高考试卷,3,2
高中生物一轮复习,2,2
高中生物必修 一必背知识清单人教版,7,2
高中生物必修第2册哪个单元单元检测卷,5,2
高中立体几何,6,2
高中英语八大时态,3,2
高中英语单词表,5,2
高中英语应用文写作,4,2
高中英语熟词生义,13,2
高中英语试卷含听力,3,2
高中英语语法,11,2
高中英语高频688词汇,5,2
高中英语高频词汇,8,2
高中议论文人物素材,4,2
高中语文修改病句,4,2
高中语文古诗词阅读试题,3,2
高中语文必修一默写,10,2
高中语文必修下第3单元作文素材,16,2
高中语文文言文实词虚词,2,2
高中语文毕业班摸底检测,3,2
高中语文理解性默写,9,2
高中语文语法,18,2
高中阅读理解,5,2
高中阅读理解语文,9,2
高二 英语,8,2
高二10月份物理月考试卷,7,2
高二10月月考,7,2
高二2027届4月定时检测英语,3,2
高二上临沂期末英语,3,2
高二上化学第一章,3,2
高二上半学期月考,18,2
高二上学期,42,2
高二上学期 数学,2,2
高二上学期中吉林市期联考试卷,6,2
高二上学期化学期中,15,2
高二上学期化学第一次月考,22,2
高二上学期单元测试题,35,2
高二上学期开学考试试卷,19,2
高二上学期数学,7,2
高二上学期数学期中试卷,11,2
高二上学期数学第一次月考,13,2
高二上学期数学考广东佛山,39,2
高二上学期期中化学辽宁,9,2
高二上学期期中数学,2,2
高二上学期期初考试,81,2
高二上学期期末化学,7,2
高二上学期期末考试,10,2
高二上学期期末考试试题,22,2
高二上学期物理期中测试卷,7,2
高二上学期第一次月考,10,2
高二上学期第一次月考兰州师大附中卷,11,2
高二上学期第一次月考数学,5,2
高二上学期第一次月考江苏南通,4,2
高二上学期第二次月考,28,2
高二上学期阶段检测,16,2
高二上开学测,16,2
高二上开学考英语,15,2
高二上开学考试语文试卷答题卡,9,2
高二上数学2025东莞期末,3,2
高二上期数学月考,4,2
高二上物理月考,7,2
高二上物理期中,8,2
高二上物理第一次月考,10,2
高二上物理第一次月考江西,9,2
高二上英语期中,2,2
高二上返校考,20,2
高二下 期末,26,2
高二下学期菏泽物理期末试卷,5,2
高二下期末,14,2
高二下期末数学省实验,3,2
高二下物理期末,9,2
高二下生物期末试卷辽宁,7,2
高二下银川一中,5,2
高二下银川一中物理,6,2
高二儋州英语,5,2
高二入学考试,25,2
高二化学下学期期末,10,2
高二化学开学考,12,2
高二圆锥曲线,6,2
高二地理第一次阶段性,13,2
高二地理试卷,5,2
高二地理选必一同步试卷人教版,5,2
高二地理选择性必修一单元测试卷,6,2
高二开学初摸底考试考试数学,14,2
高二开学测,24,2
高二政治真题卷,3,2
高二数学,6,2
高二数学9月份月考,6,2
高二数学上学期期中,10,2
高二数学圆的方程,3,2
高二数学开学考,9,2
高二数学期中卷,23,2
高二数学期中卷南京,13,2
高二数学直线与圆单元检测卷高二,2,2
高二数学直线与圆的方程,2,2
高二数学第二次月考,3,2
高二期末杭州,3,2
高二泰安期末下学期2025到2026面考试试卷,8,2
高二物理上期末邯郸市,9,2
高二物理期末,13,2
高二物理电场,37,2
高二英语,9,2
高二英语听力,9,2
高二英语完形填空,4,2
高二英语平邑一中月考,16,2
高二预习讲义,12,2
高分作文,3,2
高分突破 英语 9年级上册 重庆人教版,14,2
高坪中学,7,2
高新一中,8,2
高新一中 分班考,4,2
高新区,9,2
高考 物理,6,2
高考 生物10年真题 分类 汇编,4,2
高考3500 词汇背诵版检测版,6,2
高考3500词汇各种题型专练原卷,28,2
高考3500词汇带音标完整版,8,2
高考Ⅱ卷,5,2
高考一卷 2026数学,6,2
高考一轮复习区域定位与区域特征,5,2
高考专题,7,2
高考优秀范文,3,2
高考作文开头结尾优美语句背诵,6,2
高考作文范文,6,2
高考信息类文本阅读,6,2
高考化学卷,3,2
高考化学江苏,3,2
高考北京卷,5,2
高考卷子,10,2
高考历史卷纸,3,2
高考历史真题,16,2
高考听力,3,2
高考听力加阅读,7,2
高考地理山东,3,2
高考地理试卷,8,2
高考基础题,4,2
高考数学2026全国二卷,3,2
高考数学一轮复习每周小综合训练,4,2
高考数学专项训练,7,2
高考数学全国一卷卷免费,4,2
高考模拟卷 2026届,2,2
高考模拟卷 2026届政治,15,2
高考模拟题,5,2
高考江苏,11,2
高考满分作文,10,2
高考物理山东,3,2
高考物理真题专项汇编,2,2
高考物理真题分类汇编,10,2
高考电学,4,2
高考真题2026,7,2
高考真题英语,8,2
高考真题英语试卷海南,9,2
高考考数学试卷,10,2
高考英语2026,4,2
高考英语3500词,8,2
高考英语3500词汇一遍过,14,2
高考英语3500词汉译英默写版带答案,15,2
高考英语一卷,4,2
高考英语完型填空 100篇专项练习26年,8,2
高考英语阅读真题,4,2
高考范文,2,2
高考解三角形,17,2
高考试卷2026河南真题,8,2
高考语文试卷,2,2
高考语法填空,9,2
高考语法填空真题,5,2
高考领航 2027 化学四测通关练八,2,2
高考高频688词,3,2
高考高频单词,6,2
高联一试,4,2
高要二中,2,2
魏县十中,3,2
魏集高一,7,2
鱼台,5,2
鲁教版三年级上册（新）,9,2
鲁教版九年级词汇变形讲义+专项卷,9,2
鲁教版地理必修2背诵材料,4,2
鲁能巴蜀2027届第一次月考物理,3,2
鲁能巴蜀七上,6,2
鸡兔同笼,8,2
鸡西实验学校,5,2
鸿鹄志 名师测控数学,13,2
鸿鹄志名师测控,21,2
鹤岗一中,3,2
鹰潭市第一中学2026届高三下学期考前学情自测,3,2
鹿鸣路,4,2
麓山国际,4,2
麓山国际2026届高三4月考试试卷,5,2
麓山国际入学考高一上,9,2
麻阳一中,2,2
麻阳一中入学考,25,2
黄冈,8,2
黄冈密卷,3,2
黄冈市2025年高三年级9月调研考试数学,5,2
黄冈高一期末考试数学试卷,19,2
黄山市八年级下学期期末数学,28,2
黄浦区八下统考物理试卷,3,2
黄赤交角,6,2
黑吉辽蒙2026年化学高考试卷,5,2
黑吉辽蒙2026年高二上学期开学考试学情自测卷,6,2
黑吉辽蒙四省高三开学考,9,2
黑吉辽蒙高三上开学考,4,2
黑龙江,20,2
黑龙江东十校联考,15,2
黑龙江九师,6,2
黑龙江优才计划,6,2
黑龙江佳木斯市第一中学高一下学期,19,2
黑龙江哈尔滨哈师大附中2025—2026高一上期中生物试卷,3,2
黑龙江哈尔滨市省实验中学,4,2
黑龙江实验中学高三,3,2
黑龙江新高一分班考试，新高一入学摸底卷,17,2
黑龙江期末,3,2
黑龙江省中考测试卷,3,2
黑龙江省佳木斯市第二中学高三一调,8,2
黑龙江省哈尔滨市第九中学校2025-2026学年下学期6月月考高一语文试题（解析版）,3,2
黑龙江省实验中学,9,2
黑龙江省普通高中学业水平合格性考试,50,2
黑龙江省高二上开学考试卷,21,2
黑龙江省齐齐哈尔市高二开学考数学,12,2
黑龙江省龙东十校联盟高三开学考数学,5,2
黑龙江省龙东十校联盟高二下学期化学,2,2
黑龙江高一下学期期末,32,2
黔东南2026高二期末考,4,2
黔东南州2025 2026学年度第二学期期末文化水平测试,6,2
黔东南州2025 2026学年度高二第二学期期末文化水平测试,3,2
默写,2,2
默写 小纸条,53,2
默写小纸条,9,2
鼎尖名校联盟,21,2
鼎尖联考,7,2
鼓楼,6,2
鼓楼期末,6,2
齐河县,5,2
龙东10校2025高一下学期期末,6,2
龙东2024级高二上开学考,3,2
龙东十校联盟高二下学期期末,13,2
龙东十校联盟高二开学考,14,2
龙东学初考,4,2
龙东联盟2025~2026高二上开学考试,12,2
龙东股市,8,2
龙兴湖,5,2
龙山县一中地理月考试卷答案,3,2
龙岗区二零二五到二零二零七年第二学期学科素养调研八年级下册物理,7,2
龙岗区八年级下册物理试卷,3,2
龙岗区第二高级中学,3,2
龙岩五中,20,2
龙岩小升初分班考,6,2
龙岩市2025到2026高二上期末考,19,2
龙海一中周测卷,6,2
，,2,2
：2026届河北省衡水市枣强中学等校高三上学期9月质量检测英语试题,4,2
： 2019全国高中数学联合竞赛A卷 一试二试 真题及答案,8,2
：河南郑州市2025-2026学年高一下学期期末考试英语试卷,6,2
📄 陕西省西安市铁一中学2024-2025学年高一上学期入学分班考试数学试题,3,2
📄试卷出处  试卷全名：北师大版(2024)三年级上册第七单元《认识小数》单元测试卷,7,2
十四五职业教育国家规划教材,1,1
#小程序://学科网/wyT7UKOWtHmUwJr,9,1
'直角三角形的角和边,1,1
*数学广角：植树问题,1,1
- 2025怀化三中新高一入学物理模拟卷,1,1
- 2025怀化三中高一入学物理模拟卷,3,1
-  2024高考全国甲卷语文真题,1,1
-  2026河北省中考英语真题原卷+答案,1,1
- 南昌零模/南昌摸底测试 历史,1,1
-2026-2027学年统编版道德与法治九年级上册,1,1
-高三2026,2,1
-高三长郡,4,1
.2024~2025 8年级下册期末考试试卷,9,1
.2024徐汇区高三化学一模,2,1
.2024金山区高三化学一模,4,1
.2024黄浦区高三化学一模,3,1
.2025松江高中英语一模听力（A卷）答案,1,1
. 梳理五本化学教材思维导图,3,1
.上海2025松江高中英语一模听力（A卷）答案,4,1
025年重庆一中初20二六届初三上期阶段性消化作业一化学试题卷,5,1
05氧化还原反应方程式配平与计算,1,1
05立体几何,1,1
08高考数学,2,1
0r,2,1
0模,1,1
0诊地理地理,1,1
1 1000以内数的认识,1,1
1 一元二次方程和它的解计算题,2,1
1 一元二次方程难题,4,1
1 一次函数压轴题,3,1
1 一次函数压轴题十大模型,2,1
1 一次函数的概念,2,1
1 一次函数练习题,3,1
1 三角形内角和定理,4,1
1 不等式,1,1
1 不等式及其基本性质练习,1,1
1 二元一次方程组,1,1
1 二元一次方程组一次函数,5,1
1 二元一次方程组和它的解,4,1
1 二元一次方程组和它的解练习,2,1
1 全等三角形及其性质,6,1
1 函数的概念与性质,4,1
1 分数的初步认识,6,1
1 分数的认识、比大小及实际应用,2,1
1 初步认识数量关系（一）,2,1
1 力,3,1
1 北京的春节,4,1
1 古诗词三首,9,1
1 命题、定理、定义,3,1
1 因式分解,1,1
1 因式分解基础题,5,1
1 图形的相似,1,1
1 声音的产生与传播,5,1
1 导数的概念及意义,1,1
1 小数加减法,2,1
1 小数除法,2,1
1 幂的运算,6,1
1 平方根,1,1
1 平方根华师,1,1
1 平面直角坐标系,3,1
1 我们的身体,2,1
1 找规律,3,1
1 指数,9,1
1 指数幂及其运算,1,1
1 整式,10,1
1 整式七年级上,1,1
1 整式的加减,3,1
1 方程与列方程,1,1
1 沁园春·雪/毛泽东,1,1
1 物态变化与温度,1,1
1 电流与电压、电阻的关系,12,1
1 电能 电功,2,1
1 电能 电功暑假自学版,1,1
1 空间向量,14,1
1 空间向量基本定理,4,1
1 等腰三角形的性质,4,1
1 轴对称,1,1
1 锐角的三角函数,2,1
1+1,4,1
1+3,9,1
1+3安新,4,1
1. 下列诗句都蕴含着生物学知识，其中理解不正确的一项是（　　）A. “春种一粒粟，秋收万颗子”——新陈代谢B. “更无柳絮因风起，惟有葵花向日倾”——对外界刺激作出反应C. “已是悬崖百丈冰，犹有花枝俏”——生物适应环境D “千里之堤，溃于蚁穴”——生物影响环境,3,1
1. 分子动理论,2,1
1. 分子动理论学练案,3,1
1. 动量一轮复习,1,1
1. 圆,1,1
1. 圆周运动,1,1
1. 圆和扇形,3,1
1. 天体运动,3,1
1. 电功和电功率,1,1
1. 磁场 云南,1,1
1. 磁场 磁感线,1,1
1. 阿坝州2024‑2025学年高一下学期期末质量检测英语（本地统考）,2,1
1.1,1,1
1.1 一次函数的图象与直线的方程,4,1
1.1 代数式,1,1
1.1 幂的乘除,3,1
1.1 幂的乘除试卷,4,1
1.1 直线与圆相离、相切、相交,1,1
1.1.1 集合,1,1
1.1.1 集合题目,2,1
1.1.1三角形,2,1
1.1.1椭圆定义及其焦点三角形问题,1,1
1.1.2椭圆的标准方程,8,1
1.1椭圆的定义,1,1
1.1空间向量及运算,2,1
1.2 全概率公式,3,1
1.2 分数的除法,3,1
1.2 功率的计算和应用,1,1
1.2 反应热的测量和计算,7,1
1.2 反应热的测量和计算试题,4,1
1.2 幂函数的性质,1,1
1.2 数列中的递推,1,1
1.2 空间向量基本定理,3,1
1.2.2函数单调性的应用,7,1
1.2幂函数的图象与性质,2,1
1.2（1）物质的量,1,1
1.2（1）物质的量人教版,8,1
1.2（2）同分异构体,1,1
1.3.2等比数列与指数函数,4,1
1.3.2等比数列与指数函数帮课堂,3,1
1.3.2等比数列与指数函数练习,6,1
1.3.3等比数列的前n项和帮课堂,3,1
1.3地球的演化过程（分层作业）地理中图,5,1
1.4 同底数幂的除法,6,1
1.4 圆与圆的位置关系,4,1
1.4 概率的基本性质,1,1
1.4数学归纳法帮课堂,2,1
1.4诱导公式,4,1
1.6.1两点间距离公式,3,1
1. 2021年普通高等学校招生全国统一考试（全国乙卷）理科综合·生物部分,10,1
1. 2024 高考数学 新课标Ⅱ卷,4,1
1. 2024‑2025学年（2025年考，宿州市省市示范高中期中卷）,5,1
1. 2025全国乙卷理综生物（官方原版）,5,1
1. 2025：甘肃省武威市、嘉峪关市、临夏州2024中考语文真题及答案,1,1
1.  2023全国乙卷理综生物 原卷版 word,3,1
1.  2023高考语文全国甲卷 原卷+答案 word  ​ 2.  2024高考语文全国甲卷 原卷+答案 word  ​ 3.  2025高考语文新课标Ⅱ卷 语文 原卷 word,1,1
1.  中考英语高频800词 词表,3,1
1. 【金桂2024分班数学摸底卷,1,1
1. 临平中学 美好教育杯 模拟卷、回忆版试题,8,1
1. 初二升初三 创新人才选拔 物理 八下培优卷,29,1
1. 学易金卷·高一下学期第一次月考（北师大版）｜测试范围：必修2 Unit3‑4，含听力音频、原文、答题卡,3,1
1. 广东省广州市第二中学2025‑2026学年九年级上学期期中考试数学试卷,3,1
1. 新疆生产建设兵团第二中学2025–2026学年高一下学期期末语文试题（兵团名校卷）,3,1
1. 最新2026唐山七下统考卷在这里，有试卷+听力音频，少量储值下载，下载完直接打印,1,1
1. 湖南省新高考教学教研联盟2026届高三LD4检测 英语试题,3,1
1. 真正大连2026高三一模（大连教育学院官方）,2,1
1. 语文： 26‑1001C GX 广西金太阳 语文 试题+答案,4,1
1. 贵州省毕节市2025‑2026学年高一下学期期末语文统考试题（毕节本地，和你赫章同套统考）,1,1
1.倒数的认识,1,1
1.圆和扇形的认识,3,1
1.直接搜关键词「郑东新区 六年级 期末 六校联考 往年」,4,1
1.运动和位置,1,1
10 人人节约,1,1
10 相交线与平行线,4,1
100 道100以内的加减法混合练习,3,1
100以内加减法,4,1
100以内加减法口算,2,1
101中学八下数学期末考试,1,1
107中学,1,1
10以内的加减法,1,1
10年分类高考真题分类汇编,5,1
10年分类高考真题分类汇编化学,3,1
10年真题分类汇编生物,1,1
10月8年级,1,1
10月8年级辽宁月考数学,2,1
10月月考卷,1,1
10月月考成都,10,1
10月月考数学,4,1
10月月考苏州中学,5,1
10月考,8,1
10篇历届高考作文,1,1
11.1杠杆同步练习,3,1
11.1杠杆同步练习2026-2027,3,1
113,5,1
11月,23,1
11月月考,3,1
11月考,7,1
11月高一联考化学试题,2,1
11高,1,1
11高物理,10,1
12 《论语》十二章课件,2,1
12 论语 十二章高中,5,1
12 醉翁亭记/欧阳修,2,1
120 常见文言实词,3,1
120 常见文言实词2025小故事挖空,10,1
120个语文文言实词,2,1
120中,4,1
120初升高语文阅读理解,3,1
120数学,2,1
12252486,4,1
126,6,1
126中学9年级英语,4,1
126中学9年级英语带听力,27,1
126数学英语10月考试卷,1,1
12月月考,1,1
12月月考数学,1,1
12校联考,3,1
13 短文两篇,2,1
13*与朱元思书/吴均,7,1
13.如图真实再现了1878年巴黎的社会生活。当时，游客跟随向导舒适地参观下水道，成为风靡一时的消遗活动。如图反映了工业化国家（ A、城市环境改善 C、大众教育推广 B、贫富分化加剧 D、内燃机车普及,2,1
13年高考数学,1,1
13讲直线,4,1
14 文言文二则,1,1
14 生物生存的环境,1,1
14中,4,1
14讲,1,1
14讲 圆,2,1
14讲 圆的一般,1,1
14讲 圆的标准,2,1
14讲圆,2,1
14讲直线,1,1
15.2 电功率,3,1
15.2第二次鸦片战争,7,1
1586学年湖南省长沙市雅礼教育集团7年级 8年级上期末物理试卷,1,1
16 运动的快与慢,1,1
16.4 电磁继电器与自动控制,1,1
1600 必备词汇中考,2,1
1600 必备词汇中考背诵默写,7,1
1600 必备词汇中考辽宁,3,1
168A10数学八月底,1,1
168A10数学八月底安徽,1,1
168优化重组卷,9,1
168真题汇编,4,1
168真题汇编高考重组卷,4,1
168高三A10,1,1
168高三A10数学,1,1
168高考,1,1
168高考重组卷,9,1
17.2 生物的进化,1,1
17中,3,1
17中学化学,2,1
17届广东生物试卷,5,1
18.6 相似三角形的性质,2,1
185道简单例题,1,1
18年南平一中自主招生,1,1
18年南平自主招生,1,1
18月份,1,1
1980高考,1,1
1996年辽宁中考卷,3,1
1996辽宁中考卷,1,1
1、无锡市2025‑2026学年高一下期末化学统考卷,1,1
1、苏州市2025‑2026高一下期末物理统考,2,1
1一元二次方程,3,1
1不等式,1,1
1中,1,1
1元二次不等式的恒能成立问题。,10,1
1元二次方程考试题目苏科版,1,1
1初中英语高频 800 词,1,1
1号卷 A10联盟2025届高三上学期8月底开学摸底考试,10,1
1号卷 A10联盟2026届高三上学期8月底学情调研 政治B卷,1,1
1号卷 A10联盟2026届高三上学期8月底学情调研 生物学,2,1
1号卷英雄联盟2023级高一上学期11月期中物理试卷,11,1
1月考,1,1
1模,1,1
1次函数专项练习,9,1
1集合基础练习题,1,1
1～6,1,1
1～6章单元试卷,8,1
2 1 2 基本不等式题,4,1
2 20以内的不进位加法和不退位减法,3,1
2 一元一次方程及其解法,1,1
2 二次函数100道,6,1
2 从有理数到实数,3,1
2 全等三角形,1,1
2 内能和热量,3,1
2 分式的乘除法,5,1
2 圆的周长,2,1
2 空气有质量吗,4,1
2 空间向量及其运算习题人教版,7,1
2 空间向量大题,3,1
2 解一元一次方程,3,1
2 解一元一次方程题目,1,1
2 轴对称,4,1
2 运动的描述,6,1
2+4,1,1
2. 匀变速直线运动的速度与时间的关系,4,1
2. 安培力的应用,1,1
2. 安培力的计算,1,1
2. 安培力高考,1,1
2. 气体的等温变化,3,1
2. 磁场对运动电荷的作用力,4,1
2.1 二次函数y=ax²的图象和性质,1,1
2.1 全等三角形,3,1
2.1 全等三角形的判定浙教版,14,1
2.1 全等三角形的判定边角边,2,1
2.1 函数的奇偶性,4,1
2.1 平方根与算术平方根,1,1
2.1 电路和电路图,6,1
2.1.2 基本不等式学案,3,1
2.1.3 基本不等式的应用,5,1
2.1楞次定律 讲义-2026-2027学年高二下学期物理人教版选择性必修第二册,5,1
2.1楞次定律讲义,4,1
2.1直线的斜率帮课堂,3,1
2.1等式性质与不等式性质同步,1,1
2.1等式性质与不等式性质同步测试卷,1,1
2.1（1）粗盐提纯、电解饱和食盐水,5,1
2.1（2）氯气的性质,3,1
2.2 充分条件和必要条件,6,1
2.2 全称量词与存在量词,2,1
2.2 函数的单调性,1,1
2.2 函数的实际应用,1,1
2.2 欧姆定律,6,1
2.2 电路和电路图,2,1
2.2 直线与圆的位置关系,4,1
2.2 菱形的判定及综合,3,1
2.2 配方法,1,1
2.2.1对数函数的图象，定义域，值域,4,1
2.2.1直线的点斜式方程帮课堂,4,1
2.2.2双曲线中的离心率与渐近线问题,2,1
2.2牛顿运动定律及其应用,3,1
2.2（1）化学平衡选择压轴,2,1
2.2（2）化学平衡的移动,7,1
2.2（3）氧化还原反应的普遍规律,1,1
2.2（5）离子反应,3,1
2.3 一元二次不等式,5,1
2.3 一元二次不等式的解法,1,1
2.3 一元二次不等式练习题,1,1
2.3 一元二次不等式综合题,3,1
2.3 三角形全等-性质与判定综合,3,1
2.3 反证法,5,1
2.3 因式分解法,5,1
2.3 速度的图像问题,4,1
2.5+3.5,1,1
2.6 直线与圆、圆与圆的位置关系,2,1
2. 2025年 重庆高考政治（重庆卷）,2,1
2.  石门实验学校 九年级上期末物理 人教版,18,1
2.  高三物理一轮复习 力学热学综合检测卷 理想气体 板块模型,2,1
2. 四川职教高考语文一轮复习全案 杭州出版社,5,1
2. 安徽省六校教育研究会2024‑2025学年高一新生入学素质测试,10,1
2. 山东省青岛市2025‑2026学年高三上学期期初调研检测 数学 试题（含答案）,8,1
2. 潮阳实验学校高一上学期数学月考卷（必修一）,4,1
2. 粤东四校联考 高二数学 选择性必修一,1,1
2. 郸城一高2025高一入学分班考试数学试卷,1,1
2. 郸城一高2025高一入学分班考试英语试卷,3,1
2.分数加减混合运算,4,1
2.角的认识,4,1
2.鸡兔同笼类型题,5,1
20 曹刿论战/《左传》,2,1
20 曹刿论战/《左传》同步课,2,1
20-21内蒙古包头物理高一下,1,1
2000年物理中考,2,1
2000年高考,1,1
2003 高考数学试卷全国卷,1,1
2005-2006学年八年级,19,1
2006,1,1
2006四川高考数学,2,1
2006年盐城中考试卷,1,1
2007上海历史高考真题,3,1
2007上海物理高考,7,1
2007年历史高考真题上海卷,1,1
2008年沈阳中考数学,1,1
2008江苏高考物理,1,1
2009中考数学,1,1
2009安徽物理,1,1
2009安徽物理高考,3,1
2009山东物理模拟,1,1
2009山东高考物理,1,1
2009年中考,2,1
2009年语文高考真题北京卷,1,1
2009年高考卷 语文,1,1
2009年高考卷 语文北京卷,4,1
2009福建高考,1,1
2009福建高考地理,1,1
200新课标,1,1
2010年历史高考真题上海卷,1,1
2010新课标全国卷,2,1
2010江苏,3,1
2010江苏高考,1,1
2011天津英语高考,1,1
2011山东高考数学,3,1
2011年杭州中考,3,1
2012,2,1
2012南京中考一模,1,1
2012年数学江苏卷,1,1
2012年福建高考理科数学第19题,2,1
2012年绥化中考题,2,1
2012年高考数学试卷,4,1
2013,1,1
2013 北京,1,1
2013 北京高考,2,1
2013上海高考历史卷子小论文答案,1,1
2013年普通高等学校招生全国统一考试 新课标全国卷 I 理科数学高考真题,1,1
2013年高考数学,1,1
2013年高考英语真题,2,1
2013高考,6,1
2014北京,1,1
2014北京历史,1,1
2014天津高考数学,3,1
2014年历史北京卷,1,1
2014年天津高考化学,1,1
2014年天津高考化学真题,1,1
2014海南物理卷,3,1
2014理科新课标二卷,1,1
2014至2015学年高三年级第一次质量检测,1,1
2014高考数学,3,1
2014高考数学2,1,1
2015 1卷 全国 数学,1,1
20152025电学试卷,3,1
2015~2016学年高一数学上学期第一次月考卷,24,1
2015中考卷,1,1
2015中考卷四川,1,1
2015中考卷四川内江,1,1
2015年高考试卷,3,1
2015年高考语文卷,2,1
2016,3,1
2016 1 卷全国卷真题,1,1
2016-2025十年高考名句默写真题专题07,3,1
2016全国高考,1,1
2016全国高考语文,3,1
2016厦门中考数学,5,1
2016年北京卷历史高考真题,2,1
2016年历史高考真题北京卷,1,1
2016年安徽中考试卷,3,1
2016年普通高等学校招生全国统一考试英语第一卷,1,1
2016年江苏高考数学,1,1
2016年沟普通高中学业水平选择性,1,1
2016年沟普通高中学业水平选择性地理,4,1
2016江西省中考数学试卷卷,2,1
2016浙江理科高考数学,1,1
2016版语文书,5,1
2016高考,2,1
2016高考真题,2,1
2017全国三卷理科数学,2,1
2017全国二,1,1
2017全国高中数学联赛,2,1
2017天津物理高考,1,1
2017天津高考数学,1,1
2017年全国卷历史高考真题,9,1
2017年全国数学卷I卷,1,1
2017年全国高考数学卷,1,1
2017年历史高考真题全国卷,1,1
2017年安徽省中考英语试题听力,1,1
2017年河北省中考数学卷,10,1
2017年高考英语真题,7,1
2018上海,3,1
2018全国一卷,1,1
2018历史,1,1
2018历史上海,1,1
2018天津物理,3,1
2018天津物理高考,3,1
2018年全国初中数学联赛考试,1,1
2018年北京数学高考试卷,6,1
2018年唐河县英语真题,6,1
2018年天津市南开区，中考数学一模,3,1
2018年江苏省普通高中学业水平等级性考试物理试卷,2,1
2018年江苏高考数学,3,1
2018年江西省中考数学试卷卷,3,1
2018年济宁中考数学试卷,18,1
2018年长沙物理,1,1
2018江西省中考数学试卷卷,4,1
2018理综,1,1
2018高考理综,1,1
2019 伊朗 数学奥林匹克,1,1
2019-2020松柏数学入学考,1,1
2019两省联考,4,1
2019人教版高中英语 必修1‑3 选择性必修1‑4 Words and Expressions 单词短语表,9,1
2019全国一卷物理,1,1
2019全国联赛,7,1
2019全国高联,1,1
2019北京理综,8,1
2019山西中考,1,1
2019年浙江省温州15校联合体,1,1
2019年浙江省温州15校联合体高二下学期期末联考数学试卷,6,1
2019年英语全国一卷,4,1
2019成都高一期末物理,30,1
2019浙江省温州15校联合体,3,1
2019浙江高考,1,1
2019版人教版高中英语单词,3,1
2019英语高考,2,1
2019高考英语,2,1
202 4福建省福州市高三第一次质量检测,4,1
202 5届,2,1
202 5届武汉2调,1,1
202 5年高考英语全国一卷解析,3,1
202 5高考1卷语文,3,1
2020 3月英语,2,1
2020 3月英语高考,4,1
2020-2021内蒙古包头物理高一下,1,1
2020-2021辽阳市高三物理,1,1
2020-2021辽阳市高三物理9月份,1,1
2020-2022年三年高考真题分课汇编--2023届高三历史统编版（2019）选择性必修1一轮复习,4,1
20202026,1,1
202026年新高考二卷,3,1
20206贵州中考,1,1
20206重庆中考数学,12,1
20206重庆中考物理,4,1
2020全国1卷理综化学10题,3,1
2020全国甲卷,1,1
2020天津化学,2,1
2020天津语文高考卷,3,1
2020届山东省临沂市英语,2,1
2020届山东省临沂市英语一模试,7,1
2020届山东省临沂市高考英语一模试...》,6,1
2020山东高考英语,4,1
2020年上学期期末考试试卷高一化学,1,1
2020年上海市徐汇区高三二模（等级考）化学试卷,1,1
2020年中考数学,3,1
2020年中考真题,1,1
2020年北京市第二次普通高中学业水平合格性考试,5,1
2020年北京语文中考,3,1
2020年北京高二上期中考试物理,13,1
2020年吉林省长春市一模考试卷,1,1
2020年天津物理中考试卷,1,1
2020年山东高考,1,1
2020年新课标一卷高考数学,1,1
2020年昆明昆三中数学8年级上册期中,3,1
2020年普通高中学业水平选择性考试试卷,1,1
2020年普通高等学校招生全国统一考试新高考一卷,1,1
2020年河北省普通高中学水平选择性考试,28,1
2020年物理高考试卷,3,1
2020年甘肃卷,1,1
2020年秋季高一开学分班学前自测卷,4,1
2020年贵州高考卷生物,5,1
2020年路北区九上期中物理试卷答案,2,1
2020年陕西省高考化学试卷,1,1
2020年高一下数学期末考试,1,1
2020年高级中学 深圳好九年级期中数学,5,1
2020年高考物理真题,1,1
2020年高考考数学真题,5,1
2020年高考语文一卷二卷,1,1
2020年，南京市高淳区英语中考真题,13,1
2020数学高考 真题 全国 1 卷评分细则,1,1
2020新二卷,2,1
2020新高考一卷数学,1,1
2020江苏卷高考英语,3,1
2020浙江省中考数学试卷,4,1
2020海淀一模数学,2,1
2020湖南师大附中,2,1
2020湖南师大附中高三,1,1
2020湖南师大附中高三生物,4,1
2020物理江苏卷高考,4,1
2020秋季学期高二期末第二次适应性训练生物,1,1
2020至2026学年8年级上册开学考试安徽卷卷,10,1
2020贵州高考物理,5,1
2020高三数学河南质检,6,1
2020高中物理一轮复习,1,1
2021 0 1 0卷 全国1卷,1,1
2021 0 1 0卷 全国1卷数学,5,1
2021 0 1 0卷 全国1卷英语湖南,1,1
2021 2025 新课标新高考 卷 新课标新高考 卷2021 2025 新课标新高考 卷 新课标新高考 卷,10,1
2021 全国1卷英语,1,1
2021 山东省物理高考卷,1,1
2021 年英语,5,1
2021 级高三开学校际联考数学试题,2,1
2021-2022学年安徽省九年级教学质量检测二  物理 人教版,12,1
2021-2022年广东揭阳高一上学期期末考,8,1
2021-2022河北省石家庄市外国语教育集团九年级上册期末考试,3,1
2021-2022河北省石家庄市外国语教育集团九年级上册期末考试数学试卷,1,1
2021-2025数学高考真题,6,1
2021‑2022学年广东省肇庆市高二（下）期末语文试卷,4,1
2021上海1月考英语,4,1
2021上海中考物理,3,1
2021中考数学,5,1
2021全国乙卷,5,1
2021全国甲卷,1,1
2021北京朝阳一模,3,1
2021北京高考数学,1,1
2021北京高考语文,3,1
2021北部湾经济区中考数学第18题图,1,1
2021四川中考数学卷图片版,3,1
2021地理,2,1
2021地理高考,4,1
2021大连中考英语卷,3,1
2021天津高考英语,1,1
2021天津高考英语作文,1,1
2021年,1,1
2021年1月浙江英语,2,1
2021年1月英语,1,1
2021年七年级上册期末数学,10,1
2021年上海中考数学考卷,2,1
2021年全国2卷英语,4,1
2021年南平一中武夷校区自主招生考试试卷,1,1
2021年天津高考物理卷,2,1
2021年山东高考历史真题,4,1
2021年广东中考数学卷,4,1
2021年新高考八省联考,6,1
2021年昆明昆山中数学八年级上册期中,1,1
2021年普通高中学业水平选择性考试 山东卷 物理,1,1
2021年普通高等学校招生全国统一考试全国乙卷语文,6,1
2021年普通高等学校招生全国统一考试山东第一次听力,1,1
2021年普通高等学校招生全国统一考试语文全国乙卷,1,1
2021年普通高等学校招生全国统一试卷,1,1
2021年普通高等学校招生新高考全国Ⅱ卷 语文真题 原卷+答案 PDF可打印 2022年普通高等学校招生新高考全国Ⅱ卷 语文真题 原卷+答案 PDF可打印 2023年普通高等学校招生新高考全国Ⅱ卷 语文真题 原卷+答案 PDF可打印 2024年普通高等学校招生新高考全国Ⅱ卷 语文真题 原卷+答案 PDF可打印 2025年普通高等学校招生新高考全国Ⅱ卷 语文真题 原卷+答案 PDF可打印,2,1
2021年浙江省温州市摇篮杯高一物理试题,13,1
2021年秋季期末阶段性文化测试七年级数学试卷,7,1
2021年至2022年昆三中八年级上册期中,1,1
2021年至2022年昆明昆三中八年级上册期中,2,1
2021年语文全国乙卷,1,1
2021年辽宁沈阳英语,5,1
2021年辽宁沈阳英语中考,1,1
2021年辽宁省丹东市东港市,19,1
2021年辽宁高考,1,1
2021年辽宁高考生物,2,1
2021年通辽中考英语试卷,3,1
2021年高考山东卷物理答案,6,1
2021年高考语文,2,1
2021新泰一中高三开学考,28,1
2021新高考1卷语文,1,1
2021桂林市,1,1
2021桂林市中考,4,1
2021浙江摇篮杯数学,1,1
2021浙江温州摇篮杯数学,1,1
2021浙江温州摇篮杯数学竞赛,1,1
2021海南高考地理,7,1
2021海淀区高三一模语文,4,1
2021高三数学新疆第一次试验性检测,3,1
2021高考天津卷英语A卷,4,1
2021高考日语,5,1
2022,7,1
2022 1月普通高校 全国统一考试 浙江试卷,1,1
2022 2023,1,1
2022 2023重庆市八中化学半期高一,3,1
2022 全国1 数学高考,3,1
2022 年 0 1卷 全国 1 卷 英语 高考 真题,4,1
2022 年 0 1卷 全国 1 高考数学,3,1
2022-2023学年度下学期泉州市高中教学质量监测 高一数学,4,1
2022-2023年广东揭阳高一上学期期末考,4,1
2022-2023深圳市高二上化学六校联考,1,1
2022-2023高三开学考物理卷,6,1
2022025~2026安徽合肥一中高一上学期期末英语,1,1
2022026数学期末九上明德,4,1
20225至2026部编版历史8年级上册填空,5,1
2022~2023年永州四中高一上学期入学考试试卷语文部分,3,1
2022~2026学年度8年级,4,1
2022‑2023学年 广州市第八十九中学 九年级上期中数学试卷，第17题。   学科网搜关键词： 广州市第八十九中学2022‑2023九年级上期中,2,1
2022‑2023学年安溪县八年级上册期中数学（2022年秋八上期中统考）。,1,1
2022‑2025年甘肃武威嘉峪关临夏中考道德与法治真题,1,1
2022上海市徐汇区高三下学期二模英语试卷,1,1
2022上海高考嘉定区高三二模英语听力,2,1
2022上海高考徐汇区高三二模英语听力,4,1
2022上海高考黄浦区高三二模英语听力,3,1
2022云南中考政治,1,1
2022全国乙卷生物免费,7,1
2022全国乙卷英语 试题+答案,6,1
2022全国新高考2卷,3,1
2022全国新高考语文甲卷,3,1
2022全国语文一卷,1,1
2022全国语文甲卷,1,1
2022化学乙卷,1,1
2022化学全国乙卷,3,1
2022安徽合肥高三数学一模,3,1
2022山东高考政治,1,1
2022山东高考政治真题,1,1
2022山东高考物理,1,1
2022巴蜀中学月考物理,1,1
2022年6月普通高等学校招生全国统一考试新高考二卷语文,5,1
2022年上海中考数学考卷,5,1
2022年中考,4,1
2022年全国2卷英语,1,1
2022年全国乙卷英语,2,1
2022年全国甲卷化学,1,1
2022年北京卷高考,6,1
2022年北京高二上期中化学,9,1
2022年北京高二上期中数学,5,1
2022年北京高考数学,1,1
2022年南京市高三零模,9,1
2022年山东省各市一模二模试卷,11,1
2022年山东高考地理,2,1
2022年广东高一期中考试,1,1
2022年数学新高考一卷,1,1
2022年数学高考2卷,1,1
2022年新课标二卷高考历史卷纸,1,1
2022年新高考1英语,3,1
2022年新高考一卷,1,1
2022年普通高等学校招生全国统一考试新高考全国二卷语文,10,1
2022年普通高等学校招生全国统一考试英语,1,1
2022年普通高等学校招生全国统一考试英语全国一卷,13,1
2022年柳州中考政治真题,7,1
2022年河北历史高考,1,1
2022年河北省思想政治学科高考题及答案,3,1
2022年河北省语文中考真题,5,1
2022年物理卷高考,3,1
2022年福建高考物理卷,3,1
2022年福建高考生物试卷,1,1
2022年秋季学期学生综合素养提升训练,1,1
2022年秋季学期学生综合素养提升训练九年级数学,1,1
2022年秋季期末阶段性文化测试七年级数学试卷,4,1
2022年辽宁省高二数学六校联考,9,1
2022年高三期初,18,1
2022年高二名校协作体,1,1
2022年高二数学六校联考,1,1
2022年高二浙江名校协作体物理,2,1
2022年高考一卷英语,5,1
2022年高考山东化学答案,17,1
2022年高考物理,4,1
2022政治高考天津,6,1
2022数学全国新一卷,3,1
2022数学全国新高考1卷,3,1
2022新课标二卷,1,1
2022新课标二卷高考,1,1
2022新都区二诊,1,1
2022新高考1卷,1,1
2022新高考一卷数学,1,1
2022普通高等学校招生全国统一考试全国乙卷理科综合 生物试题及答案,1,1
2022沈阳重点高中质量检测,1,1
2022深圳市高二上化学六校联考,4,1
2022湖南卷,3,1
2022版新课标,1,1
2022版新课标物理,2,1
2022物理全国乙卷,4,1
2022聊城市高一,9,1
2022英语新课标一卷,2,1
2022英语高考一卷,2,1
2022西城高三一模,6,1
2022语文全国乙卷,1,1
2022辽宁省物理六校联考,2,1
2022重庆语文中考试卷,1,1
2022高三广东广州二模数学,3,1
2022高三重庆南开模拟数学,1,1
2022高考,2,1
2022高考北京,4,1
2022高考数学全国一卷,1,1
2022高考真题辽宁,3,1
2022高考英语,1,1
2022高考英语全国一卷,7,1
2022高考英语听力,1,1
2022黄石二中,6,1
2022黄石二中月考,1,1
2022，2023，2024，2025，2026年全国一卷高考真题英语,1,1
2022－2023青岛二中高一上物理期末考试,1,1
2022～2023济南高三摸底考试,12,1
2022～2026年地理真题,1,1
2023 -2024沈阳市铁西区五年级上期末卷,3,1
2023 0 1 1卷 数学 全国一卷高考,5,1
2023 2024高三上学期,1,1
2023 2024高三上学期质量,1,1
2023 Z20 8月联考通用技术,18,1
2023 年 0 1卷 全国 1 卷 英语 高考 真题,3,1
2023 数学 全国一卷高考,1,1
2023 语文全国一卷高考,1,1
2023-,1,1
2023-2024兖州区小升初数学,3,1
2023-2024太原数学期末,12,1
2023-2024学年华师大版数学七年级下册每日一练,2,1
2023-2024学年四川省绵阳市涪城区南山中学高三（上）零诊数学试卷（文科）（9月份）,1,1
2023-2024学年广东省广州四中高一（下）期末英语试卷,8,1
2023-2024学年度上学期武汉市重点中学5G联合体期末考试高二英语试卷,3,1
2023-2024宝安区化学一模试卷高三,18,1
2023-2024宝安区物理一模试卷,3,1
2023-2024日照市高二化学开学考,10,1
2023-2024日照市高二数学开学考,3,1
2023-2024烟台初二上学期期末数学,1,1
2023-2024烟台初二上学期期末数学开发区,11,1
2023-2024烟台市高一下册期中考试,4,1
2023-2024福州市高三年级第一次质量检测生物,8,1
2023-2024黄浦区高三化学一模,2,1
2023-2025汕尾市第二学期八年级物理试题,3,1
2023-2026英语试卷全国二卷左右整体里面的英语和新单词,4,1
20231月生物选考,1,1
2023~2024中山中学数学九上记录,1,1
2023~2024学年新高二英语暑假作业（人教版2019）,1,1
2023~2024学年江苏省镇江市九年级上期中数学试卷,1,1
2023~2024学年河南省商丘市高一下期末生物试卷,1,1
2023~2024年宝鸡市渭滨区七年级下册数学期末试卷,4,1
2023~2024年宝鸡市渭滨区八年级下册物理期末试卷,3,1
2023~2024苏州张家港市数学五年级下学期期末试卷,2,1
2023~2024莆田中山中学数学九上记录,10,1
2023~2025学年高三第1次质量检测英语试题,1,1
2023‑2024学年广西贵港港北区七年级上学期期末教学质量检测 数学,5,1
2023——河北唐山玉田县三中分班考试卷,2,1
2023中山市中考数学试卷,1,1
2023乙卷,1,1
2023全国乙卷数学,1,1
2023全国甲卷,2,1
2023到2024山东师大附中幸福柳分校期中高一数学,3,1
2023北京语文高考,4,1
2023厦门一中物理,1,1
2023吉林三模,1,1
2023呼伦贝尔中考地理,2,1
2023学年杭州期末,7,1
2023学年浙江省名校协作体G12,2,1
2023学年第一学期浙江省名校协作体试题高二化学,1,1
2023学年第二学期 浙江省名校协作体（G12）高二技术试题,8,1
2023学年绍兴期末,12,1
2023安徽六校教育高一入学考试,8,1
2023届地理期初考试南京,3,1
2023届地理期初考试南京高三,5,1
2023届地理零模南京高三,5,1
2023届奉贤区一模数学,8,1
2023届长宁区一模数学,5,1
2023山东,1,1
2023山东生物高考卷,1,1
2023山东省潍坊市临朐县中考真题,6,1
2023山东聊城高二上学期期中数学,3,1
2023山东聊城高二上学期期末数学,3,1
2023山东高考卷,1,1
2023山西省语文高考题,5,1
2023年 普通高等学校招生全国统一考试,2,1
2023年6月高考地理试卷,4,1
2023年T8联考,4,1
2023年上海中考数学考卷,2,1
2023年上海高考化学,1,1
2023年上海高考数学,4,1
2023年上海高考物理,6,1
2023年上海高考英语,2,1
2023年上海高考语文,6,1
2023年九月常州高三期初调研,10,1
2023年全国一卷语文,3,1
2023年全国乙卷,10,1
2023年全国乙卷英语,2,1
2023年全国数学乙卷,8,1
2023年全国甲卷,1,1
2023年全国高中数学联赛一试加试,7,1
2023年初中学业水平考试试题海南英语,1,1
2023年化学济南一模,1,1
2023年化学济南一模高考,3,1
2023年北京八中高三期中,4,1
2023年北京高考试卷,3,1
2023年天津高考历史卷,3,1
2023年天降高考历史卷,3,1
2023年山东高考生物卷答案,3,1
2023年山西省语文高考卷,2,1
2023年广东揭阳高一上学期期末考,2,1
2023年广东省普通高中学业水平选择性考试。,3,1
2023年广东省普通高中学业水平选择性考试化学,3,1
2023年数学全国卷二,1,1
2023年数学奥林匹克,9,1
2023年数学竞赛,1,1
2023年数学高考2卷,7,1
2023年新课标1卷,1,1
2023年新课标一卷语文,1,1
2023年日照市中考数学,3,1
2023年春季安徽高三校联考期中物理试卷,1,1
2023年普通高等学校全国统一卷生物,6,1
2023年普通高等学校招生全国统一考试 全国新课标I卷,5,1
2023年普通高等学校招生全国统一考试听力,1,1
2023年普通高等学校招生全国统一考试新课标一卷,1,1
2023年普通高等学校招生全国统一考试新课标一卷语文,1,1
2023年普通高等学校招生全国统一考试新课标二卷语文,9,1
2023年普通高等学校招生全国统一考试新高考全国二卷语文,3,1
2023年普通高等学校招生全国统一考试英语全国一卷,4,1
2023年江门市高二下学期数学期末考试,4,1
2023年沈阳市和平区数学试卷,3,1
2023年济南二模生物试卷,1,1
2023年济南市市中区九年级学业水平质量检测(二)英语,10,1
2023年济南高三二模生物试卷,3,1
2023年浙江6月,5,1
2023年浙江嘉兴中考真题科学试卷。,1,1
2023年浙江数学高考,1,1
2023年海南历史高考真题,3,1
2023年海南高考考历史,1,1
2023年湖北高考物理卷,3,1
2023年湖南数学奥林匹克,1,1
2023年湖南高考,3,1
2023年湖南高考政治真题卷,7,1
2023年盐城市建湖县160,2,1
2023年盐城市建湖县汇文,4,1
2023年福建厦门高三数学质检,5,1
2023年福建省普通高中学业水平选择性考试,4,1
2023年福建省普通高中学业水平选择性考试化学。,5,1
2023年福建省普通高中学业水平选择性考试地理,2,1
2023年福建省普通高中学业高考水平选择性考试化学。,2,1
2023年福建高考,3,1
2023年秋季高一入学分班考试模拟卷,9,1
2023年第一学期温州市普通高中高三期末统一测试,25,1
2023年英语全国甲卷,3,1
2023年英语普通高等学校招生全国统一考试全国甲卷,1,1
2023年英语答案,1,1
2023年英语答案高考,1,1
2023年语文高考一卷,1,1
2023年辽宁丹东市物理模拟,5,1
2023年重庆八中中考数学一模试卷,4,1
2023年重庆高考化学,5,1
2023年高一下学期期末数学,14,1
2023年高三上期第1次模拟考试射洪中学,8,1
2023年高三上期第1次模拟考试顺洪中学,1,1
2023年高考数学,2,1
2023年高考数学全国卷二,1,1
2023年高考数学山东,1,1
2023广东,1,1
2023广东高考化学,4,1
2023广东高考历史,1,1
2023广大附月考,2,1
2023广州市中考数学,8,1
2023成都高三二诊数学卷,4,1
2023新课标1卷,6,1
2023新课标全国2卷数学,3,1
2023新高考一卷,1,1
2023新高考一卷英语,1,1
2023武侯区一诊,27,1
2023河北省生物高考真题试卷,2,1
2023济南市历下区九年级学业水平第三次模拟考试,25,1
2023济南市历城区九年级学业水平模拟测试(二)英语,7,1
2023浙江省四校联盟,10,1
2023浙江高考,8,1
2023湖北武汉二调数学,2,1
2023湖北武汉二调高三数学,4,1
2023湖北高三武汉二调数学,8,1
2023湖南漳州高三数学,3,1
2023湖南漳州高三数学第4次质检,2,1
2023物理高考山东,1,1
2023物理高考甘肃,3,1
2023甘肃高考政治,3,1
2023甲卷,4,1
2023甲卷英语,1,1
2023级巴中市零诊试卷,4,1
2023级普通高中学科素养水平监测试卷数学。,13,1
2023级泸州春期期末考试高一语文,1,1
2023级高三下学期定时练习数学,1,1
2023级高三年级上学期第五次质量检测,1,1
2023至2014学年甘肃省兰州外国语学校7年级下册期中数学试卷,8,1
2023至2024学年度下学期八年级数学期末模拟考试试卷一,1,1
2023苏锡常镇高三英语二模,4,1
2023语文一模卷,2,1
2023语文中考卷,1,1
2023语文乙卷,3,1
2023语文高考,1,1
2023赣州一模语文,5,1
2023辽宁中考地生,1,1
2023辽宁省丹东市,11,1
2023长宁一模数学,10,1
2023长沙市中考,5,1
2023陕西模拟语文,2,1
2023陕西高考模拟语文,43,1
2023青岛二模语文,2,1
2023青岛高三二模语文,3,1
2023高三重庆南开模拟数学,4,1
2023高考全国一卷,5,1
2023高考地理,1,1
2023高考地理山东,3,1
2023高考政治甘肃卷,1,1
2023高考数学天津卷,1,1
2023高考真题辽宁,3,1
2023高考英语,6,1
2023高考英语新1卷,3,1
2023黑龙江物理高考,1,1
2023～2024学年铜陵市铜官区第一学期期末质量监测五年级数学试卷,1,1
2024 0 0 1卷 高考 数学,2,1
2024 0 0 2卷 全国高考 语文,3,1
2024 0 0 2卷数学,1,1
2024 1卷 全国英语高考,4,1
2024 1卷 英语高考,1,1
2024 2025 01 七年级下学期期末,1,1
2024 2025八年级下册期末物理,8,1
2024 2025合肥包河区七下数学期末试卷,1,1
2024 2025山东省济南市莱芜区九年级上册物理期中考试卷,2,1
2024 2025山东省济南市钢城区九年级上册化学期中考试卷,1,1
2024 2025山东省济南市钢城区九年级上册物理期中考试卷,3,1
2024 2025山西省临汾市高一下学期期末物理考试,3,1
2024 2025扬州梅岭10月月考试卷八上英语,1,1
2024 2025秋季练习9年级数学,1,1
2024 2025辽宁省高三上名校联盟化学九月考试,9,1
2024 Z20 8月联考通用技术,9,1
2024 全国高考 语文,1,1
2024 年 0 1卷 1英语高考真题,4,1
2024 年 6 月,5,1
2024 年普通高等学校招生全国统一考试,2,1
2024 年普通高等学校招生全国统一考试（新高考Ⅰ卷）,1,1
2024 新课标Ⅱ卷 语文高考真题 原卷版,6,1
2024 河南南阳中学开学考试,15,1
2024 青浦化学,1,1
2024 青浦化学一模,2,1
2024 高考 语文1卷,2,1
2024-2025三明期末卷,1,1
2024-2025三明期末卷数学,1,1
2024-2025上学期烟台九年级期中数学试卷,6,1
2024-2025乐东实验高中高一下学期期末英语试题,4,1
2024-2025九上数学南昌沈阳市,6,1
2024-2025九上数学沈阳虹桥,3,1
2024-2025九上数学虹桥,2,1
2024-2025九年级上学期期中数学试卷,1,1
2024-2025九年级化学辽宁沈阳,10,1
2024-2025九年级第一次质量检测,1,1
2024-2025九年级第一次质量检测辽宁沈阳,4,1
2024-2025八上语文淮滨县期末试卷,3,1
2024-2025北京东城区八上数学卷子,2,1
2024-2025南京六校高二英语期末下学期,1,1
2024-2025双十9月开学考,4,1
2024-2025大湾区一模英语,1,1
2024-2025大湾区二模英语,1,1
2024-2025天津市河东区八年级上册地理期末,19,1
2024-2025学年一六八中学期中考试试卷,11,1
2024-2025学年三明市初中毕业班第二次教学质量检测,4,1
2024-2025学年上海市松江区牛津上海版五年级下册6月期末测试英语试卷（附带听力原文+答案）,3,1
2024-2025学年上海市松江区牛津上海版五年级下册6月期末测试英语试卷（附带听力原文）,16,1
2024-2025学年上海市松江区统编版五年级下册期末考试语文试卷（含答案）,13,1
2024-2025学年度下学期期末考试高二年级数学科试卷,6,1
2024-2025学年度下学期沈阳市大东区,5,1
2024-2025学年度下学期泉州市高中教学质量监测 高一数学,5,1
2024-2025学年度九年级上学期期末质量检测,31,1
2024-2025学年度第二学期期末考试高一英语,4,1
2024-2025学年度第二学期期末考试高一英语重阳,2,1
2024-2025学年度第二学期期末考试高一英语重阳城阳,1,1
2024-2025学年度高二下学期期末考试地理试题泰安卷,3,1
2024-2025学年度高二下学期物理期末考试卷,6,1
2024-2025学年河北省衡水二中高二（上）月考数学试卷（9月份）,1,1
2024-2025学年湖北省武汉市华中师大一附中高一下期末数学试卷,6,1
2024-2025学年湖南省长沙市长郡中学高一下期末数学试卷,3,1
2024-2025学年第二学期天域全国名校协作体联考高三语文试题,11,1
2024-2025学年辽宁省部分名校高一上第一次月考物理,1,1
2024-2025学年高三上宁德市,2,1
2024-2025学年高三上宁德市半期,3,1
2024-2025学年高三上宁德市期中阶段测试,2,1
2024-2025学年高二上宁德市期末数学,1,1
2024-2025学年高二政治上学期期末模拟卷,31,1
2024-2025学年高二政治上学期期末模拟卷必刷卷,8,1
2024-2025学年高二选择性必修一,1,1
2024-2025学年高二选择性必修一地理单元检测卷,6,1
2024-2025学年高二选择性必修一地理单元检测卷，第1单元基础通关,7,1
2024-2025山东烟台八年级上学期数学期末试卷,2,1
2024-2025山东烟台六年级下学期地理期末试卷,1,1
2024-2025山东省济宁市邹城市第六中学七年级分班考,11,1
2024-2025山东省济宁市邹城市第六中学分班考,1,1
2024-2025年张店,3,1
2024-2025年张店七中九年级上册化学第一次月考,3,1
2024-2025年张店七中化学第一次月考,1,1
2024-2025年烟台开发区九上化学期末卷子,1,1
2024-2025年烟台开发区九上化学第一次月考卷子,3,1
2024-2025年烟台芝罘八下物理期末卷子,1,1
2024-2025广东一模英语,1,1
2024-2025广州一模英语,1,1
2024-2025日照市高二化学开学考,14,1
2024-2025日照市高二数学开学考,5,1
2024-2025日照市高二物理开学考,2,1
2024-2025日照市高二生物开学考,9,1
2024-2025江苏省常州高二上英语期中试卷,5,1
2024-2025江苏省常熟高二上数学期中试卷,7,1
2024-2025沈阳市134中学数学期中考试卷纸,1,1
2024-2025泰山国际学校,4,1
2024-2025生物高三第一次质检生物,1,1
2024-2025生物高三第一次质检生物福建漳州,2,1
2024-2025福州市高三一模,1,1
2024-2025福州市高三年级第一次质量检测生物,5,1
2024-2025福州市高三年级第一次质量检测英语,2,1
2024-2025福州高三年第一次质检语文,1,1
2024-2025福建省福州市第一次质量检测高三,4,1
2024-2025福建第二学期质量抽测,1,1
2024-2025第一学期期中高二数学,1,1
2024-2025英语,1,1
2024-2025英语高一下昆明,3,1
2024-2025英语高一下昆明期末,1,1
2024-2025葫芦岛九上期末物理,3,1
2024-2025葫芦岛市九上期末物理,2,1
2024-2025虹桥,12,1
2024-2025辽宁沈阳铁西区,7,1
2024-2025辽宁省大连市名校联盟九上物理期中卷纸,3,1
2024-2025辽宁葫芦岛九上期末物理,6,1
2024-2025辽宁高二名校联盟,1,1
2024-2025辽宁高二名校联盟9月,1,1
2024-2025辽阳市九上物理期中,2,1
2024-2025鞍山市铁东区九上物理,4,1
2024-2025鞍山市铁东区期中九上物理,3,1
2024-2025高一下册期中烟台,2,1
2024-2025高一下册期中烟台统考,2,1
2024-2025高一下册期末烟台,4,1
2024-2025高一下学期期末,22,1
2024-2025高三广东一模英语,1,1
2024-2025高三第一次质量检测化学,1,1
2024-2025黑龙江齐齐哈尔高二上开学考九校联盟,4,1
2024-20265 英语八年级上册李沧期中考试,2,1
2024-2026北京东城区八上数学卷子,3,1
2024-2026新课标二卷真题,1,1
20242025,1,1
20242025济南高三上学期摸底,9,1
20242025福州市高三,12,1
20242025福州市高三一质检,1,1
20245~2026学年下学期湖北省武汉市东西湖区六年级英语期末试卷,4,1
2024~2023安徽合肥一中高一上学期学期期末物理,1,1
2024~2025 学年高一期末下测试,36,1
2024~2025上学期初一中段教育教学评价数学,1,1
2024~2025八上花都区期末,1,1
2024~2025八上花都区期末数学,1,1
2024~2025天津市部分区八年级上册道法期末试卷,1,1
2024~2025学年山东青岛市北区青岛第四中学初三上学期月考数学试卷（第二次 模拟）,3,1
2024~2025学年浙江省七彩阳光高三上化学试卷,2,1
2024~2025学年湖南省长沙市长郡中学高二上开学数学试卷,3,1
2024~2025学年第一学期期末联合调研试题 高二语文,2,1
2024~2025学年第二学期七年级期末知识检索英语科,50,1
2024~2025学年第二学期期末质量监测,25,1
2024~2025学年第二学期镇江市高一期末质量监测,18,1
2024~2025安徽合肥一中高一上学期期末英语,4,1
2024~2025年学度第一学期期中质量检测6年级数学,3,1
2024~2025年高一下学期期中考试山东省聊城市莘县,1,1
2024~2025年高二上学期期中考试山东省聊城市莘县,5,1
2024~2025广东省汕尾市九上数学,1,1
2024~2025广东省汕尾市九上语文,4,1
2024~2025扬州市生地会考会考,1,1
2024~2025江西省上饶市广信区第七中学语文试卷试题七年级下册。,2,1
2024~2025江西省上饶市广信区语文试卷试题七年级下册。,1,1
2024~2025石室蜀都学校入学考试,2,1
2024~2025苏州张家港市数学五年级下学期期末试卷,3,1
2024~2026安徽合肥一中高一上学期期末英语,1,1
2024~205学年湖南省长沙市长郡中学高二上开学数学试卷,3,1
2024‑2025 广州市黄埔区 九年级上学期期中数学,1,1
2024‑2025学年 高二上10月第一次阶段检测化学,5,1
2024‑2025学年广东省广州113中等三校九年级（上）期中数学试卷,3,1
2024‑2025学年广东省广州市增城区九年级（上）期中数学试卷,9,1
2024‑2025学年广东省广州市海珠区中山大学附中九年级(上)期中数学试卷,3,1
2024‑2025学年广东省广州市番禺区九年级上学期期中数学试卷,3,1
2024‑2025学年陕西省商洛市镇安中学高一（上）月考数学试卷（10月份）,4,1
2024—2025保定一中高二上第一次月考,4,1
2024—2025学年度武汉市部分学校高三九月调考,1,1
2024—2025石家庄二中本部高二上10月月考,5,1
2024—2025石家庄市第二十八中学九年级上册数学期中,1,1
2024——2025海港区七下期末数学试卷,20,1
2024−2025学年武汉市部分学校高三年级调研考试,3,1
2024−2025学年武汉市部分学校高三年级调研考试数学,2,1
2024一模数学卷,33,1
2024一模数学卷奉贤,5,1
2024一模数学卷普陀,4,1
2024七下东莞市统考,1,1
2024中孝真题,6,1
2024中考,8,1
2024中考语文,1,1
2024中考语文山东,2,1
2024九省联考语文,5,1
2024云南高考理综,10,1
2024人教上册,6,1
2024会考数学四川试卷,1,1
2024全国2卷物理,1,1
2024全国乙卷,1,1
2024全国乙卷物理,1,1
2024全国乙卷理综,1,1
2024全国二卷英语,3,1
2024全国甲卷数学,5,1
2024全国英语,1,1
2024全国英语一卷,1,1
2024全国英语二卷,6,1
2024全国高考二卷,3,1
2024全国高考卷英语,5,1
2024全国高考历史,3,1
2024全国高考历史答案,2,1
2024六年级小升初,12,1
2024内江高二数学,8,1
2024到2025学年四川省成都市简阳市九年级上期末考考试,4,1
2024到2025学年巴蜀中学高一上月考数学试卷10月,15,1
2024到2025学年昆明一中西山校区,1,1
2024到2025小学六年级上册山东省济宁市邹城市期中,1,1
2024到2025年漳州市玉兰学校九年级上册数学期中试卷,7,1
2024到2025年漳州市育人学校九年级上册数学期中试卷,1,1
2024到2025年禹城市自主招生考试试卷,4,1
2024到2025数学七年级上下册期末试卷,18,1
2024到2025福州市高三化学第一次质量检测,6,1
2024到2025英语,3,1
2024到2025英语南昌,2,1
2024到2025高三年级第一次质量检测化学福州市,1,1
2024到2025，乐平中学高二物理9月月考,1,1
2024化学九年级,9,1
2024化学高考,2,1
2024北京一模,15,1
2024北京中考,3,1
2024北京朝阳期末数学,1,1
2024北京高考数学,1,1
2024北京高考物理,1,1
2024南京中华中学分班考,2,1
2024南阳市高三物理上学11月期期中考试试卷,4,1
2024厦门高一市质检,1,1
2024厦门高一市质检物理,5,1
2024厦门高一市质检物理上学期,1,1
2024和平区9年级第一学期英语期中考试,3,1
2024嘉兴高三基础测试历史,3,1
2024大湾区高三英语 一模,4,1
2024天津九校高三年级联合,1,1
2024天津九校高三联考语文,11,1
2024天津化学高考卷,1,1
2024天津高考数学,1,1
2024学年到2025学年，宁波市九校联考高二下期末试卷,3,1
2024学年浙江省名校协作体高三,1,1
2024学年浙江省名校协作体高三物理,5,1
2024学年第一学期浙江省名校协作体,8,1
2024学考数学四川试卷,7,1
2024宁德一模,1,1
2024安徽蚌埠物理期末,6,1
2024小升初数学,1,1
2024小升初数学养正,2,1
2024小升初数学安海,2,1
2024届上海市高三杨浦一模语文,3,1
2024届大湾区高三英语 一模,1,1
2024届天津市和平区高三下学期一模,2,1
2024届山东省济南市高考针对性训练（5月）英语试题,12,1
2024届广东省大亚湾区普通高中毕业高三第一次联合模拟考试（一）英语试卷,3,1
2024届广州市高三年级阶段训练,1,1
2024届广州市高三年级阶段训练 生物学,4,1
2024届武汉高三11校联考,3,1
2024届江淮十校,1,1
2024届湛江一模,1,1
2024届湛江省一模,1,1
2024届长宁高三一模数学,8,1
2024届高三名校周考阶梯训练,8,1
2024山东中考数学,6,1
2024山东化学高考,1,1
2024山东历史高考真题,3,1
2024山东政治高考真题,2,1
2024山东日照,1,1
2024山东日照中考真题,9,1
2024山东春季高考机电一体化专业知识回忆版,8,1
2024山东生物,1,1
2024山东生物高考,3,1
2024山东省青岛市期中考试化学,9,1
2024山东省青岛市期初考试化学,3,1
2024山东聊城高二上学期期中数学,1,1
2024山东高考历史,2,1
2024山东高考历史真题,2,1
2024山东高考历史答案,1,1
2024山东高考地理真题,5,1
2024市区初中学校七年级学情调研试卷,1,1
2024年11月A佳教育,14,1
2024年2卷语数外政史地,1,1
2024年6月浙江省莆田高校招生选考科目考试,9,1
2024年8月份辽宁省鞍山市铁西区小升初英语试卷,7,1
2024年8月份鞍山市铁西区小升初英语试卷,5,1
2024年一模卷英语杨浦区,6,1
2024年上海6月高考英语试题,6,1
2024年上海初三一模数学,9,1
2024年上海春季卷,8,1
2024年上海高考化学,2,1
2024年上海高考化学试题,4,1
2024年上海高考数学,4,1
2024年上海高考数学试题,2,1
2024年上海高考物理,1,1
2024年上海高考物理试题,2,1
2024年上海高考生物,3,1
2024年上海高考生物试题,2,1
2024年上海高考等级性考试物理试题,2,1
2024年上海高考英语,3,1
2024年上海高考英语试卷春考,1,1
2024年上海高考英语试卷秋考,1,1
2024年上海高考英语试题,2,1
2024年上海高考语文,3,1
2024年上海高考语文试题,2,1
2024年中考英语试卷,1,1
2024年中考试卷,1,1
2024年云南省语文中考试卷,3,1
2024年全国一卷数学,1,1
2024年全国一卷数学 高考,5,1
2024年全国一卷数学。,4,1
2024年全国一卷数学。高考,3,1
2024年全国一卷英语,2,1
2024年全国一卷高考地理,5,1
2024年全国二卷英语,4,1
2024年全国高考数学2卷,4,1
2024年北京中考数学卷,1,1
2024年北京卷,1,1
2024年北京市第一七一中学,1,1
2024年北京市第一七一中学初一上,4,1
2024年北京高考卷,1,1
2024年南开一模,6,1
2024年南沙区九上数学广附南实考卷。,5,1
2024年吉林省四平市双辽市期末,6,1
2024年周南中学高一入学考试,3,1
2024年嘉兴基测,1,1
2024年四川省成都市崇州市初三一诊考试,1,1
2024年四川省成都市崇州市初三中考适应性演练考试,3,1
2024年四川省成都市简阳市初三一诊考试,3,1
2024年天津市高考英语,3,1
2024年天津高考物理试题,1,1
2024年天津高考生物试题,6,1
2024年天津高考试题,5,1
2024年安徽地理,1,1
2024年安徽省普通高中学业水平选择性考试物理,3,1
2024年山东枣庄一模物理高三,3,1
2024年山东物理卷高考,1,1
2024年山东生物高考,1,1
2024年山东生物高考题,2,1
2024年山东省日照市高二上学期开学考试,7,1
2024年山东省高考历史真题,1,1
2024年山东省高考试卷,2,1
2024年山东高考历史参考答案,1,1
2024年山东高考历史题,1,1
2024年山东高考政治,1,1
2024年山东高考物理卷,4,1
2024年山西省语文高考卷,2,1
2024年巴中物理10月,7,1
2024年巴蜀中学自主招生,2,1
2024年广东东莞期中数学八上,4,1
2024年广东揭阳高一上学期期末考,2,1
2024年广东省初中学业水平考试数学,11,1
2024年广州市物理真题,3,1
2024年广州市物理真题七年级,3,1
2024年广州市高三年级阶段训练,4,1
2024年广西高考物理卷,3,1
2024年政治高考试卷 青海,1,1
2024年政治高考试卷全国乙卷,2,1
2024年数学北京高考卷,3,1
2024年数学崇明一模,9,1
2024年新课标1卷英语,1,1
2024年新课标一卷,1,1
2024年新课标一卷英语,7,1
2024年新课标二卷,1,1
2024年新课标二卷英语,3,1
2024年新课标二卷语文,2,1
2024年新高考一卷英语,7,1
2024年无锡中考化学,3,1
2024年普通高中学业水平选择性考试贵州历史试卷,11,1
2024年普通高等学校招生全国统一考试,9,1
2024年普通高等学校招生全国统一考试新课标二卷,7,1
2024年普通高等学校招生全国统一考试英语全国一卷,4,1
2024年普通高等学校招生全国统一考试语文,7,1
2024年普通高等学校招生考试模拟试题,4,1
2024年普通高考适应性考试9省联考,1,1
2024年普通高考适应性考试9省联考语文,1,1
2024年沧州高二第二学期期末联考数学,3,1
2024年河北省高考英语试卷,1,1
2024年河北高考卷历史参考答案版,3,1
2024年河北高考历史真题试卷,3,1
2024年河北高考历史试卷,1,1
2024年河北高考地理试卷,5,1
2024年河南省中考,4,1
2024年河西英语高三,3,1
2024年泗阳县高二上学期期中数学试卷,17,1
2024年泰安数学,1,1
2024年浙江一月高考英语听力,1,1
2024年浙江首考,4,1
2024年烟台高二其中数学,1,1
2024年生物高考,10,1
2024年福建省普通高中,3,1
2024年福建省普通高中学业水平等级性考试,21,1
2024年秋季上海高考英语,1,1
2024年秋季高一英语入学分班考试模拟卷02（新高考通用,10,1
2024年秋学期初三年级第一次阶段测试化学试题西城,7,1
2024年秋学期期中学情调查九年级物理试题姜堰,6,1
2024年至2025年七年级英语下册人教版期末考试卷子,2,1
2024年苏州高三开学考数学,2,1
2024年苏锡常镇高三英语一模,3,1
2024年衡水模拟卷地理,5,1
2024年襄阳统考,9,1
2024年语文全国二卷,5,1
2024年辽宁中考数学,1,1
2024年辽宁高考卷,1,1
2024年重庆高考化学,4,1
2024年长沙民政单招职业技能测试试卷,3,1
2024年长郡中学高中综合能力测试卷语文,1,1
2024年陕西省普通高中学业水平合格性考试物理。,3,1
2024年陕西省高中学业水平考试物理人教版,1,1
2024年青岛中考真题,11,1
2024年高三北京东城区英语一模,1,1
2024年高考,1,1
2024年高考2卷语数外政史地,1,1
2024年高考二卷英语,1,1
2024年高考二卷英语真题,1,1
2024年高考山东卷生物答案,3,1
2024年高考物理真题完全解读(安徽卷),2,1
2024年高考第二次联合模拟考试物理,8,1
2024年高考英语3500词汇70天精讲精练（英汉互译+词形转换+短语提炼+单句填空+熟词新意） 高三 英语 普通专辑 88 份文档,1,1
2024年高考英语卷。,2,1
2024年高考英语卷新课标一卷。,1,1
2024年高考重庆卷物理真题,4,1
2024年高联一试,1,1
2024年黑吉辽历史参考答案,2,1
2024年黑吉辽高考历史参考答案,1,1
2024年，七年级上册数学统考试卷揭阳市普宁市,3,1
2024广东卷,1,1
2024广东卷高考,1,1
2024广东数学,1,1
2024广东深圳模拟数学,1,1
2024广东省汕尾市小升初试卷,10,1
2024广东高考化学,1,1
2024广州一模化学,5,1
2024广州市中考数学,6,1
2024广西高考物理真题,6,1
2024开学考,1,1
2024徐州高三期末物理,1,1
2024德州中考语文试卷,1,1
2024扬州九年级上册文昌教育集团期中考试,1,1
2024扬州九年级上册英语文昌教育集团期末考试,3,1
2024扬州市九年级上册英语期中试卷,5,1
2024抚州高一上学期期末测试数学,5,1
2024数学,1,1
2024数学全国一卷,1,1
2024数学镇安中学高二上月考,3,1
2024数学镇安中学高二上期中,1,1
2024数学高三湖南师大附中月考,5,1
2024数学高考,3,1
2024数学高考全国,3,1
2024新乡二十二中八上数学期末,1,1
2024新乡二十二中期末,2,1
2024新二卷,2,1
2024新课标一卷答案语文,1,1
2024新高考1卷语文,1,1
2024新高考I卷数学 word,3,1
2024新高考一卷,1,1
2024新高考一卷英语,1,1
2024新高考一卷语文,3,1
2024新高考二卷,1,1
2024新高考二卷数学真题,1,1
2024新高考二卷语文,3,1
2024无锡中考,20,1
2024普通高中学业水平选择性考试 物理,9,1
2024普通高等学校招生全国统一考试英语,3,1
2024朝阳期末数学,1,1
2024永州市一模,1,1
2024江淮十校高三联考,1,1
2024江淮十校高三联考物理,5,1
2024江淮十校高三联考物理第一次,1,1
2024江苏历史高考参考答案,3,1
2024江苏英语合格考,2,1
2024江西中考,4,1
2024江西物理,2,1
2024沙市化学期中卷,2,1
2024河南省南阳市历史期中考试,1,1
2024河南省南阳市邓州市历史期中考试,6,1
2024河南省南阳市邓州市高一历史期中考试,4,1
2024河南青桐鸣开学考高三,11,1
2024河南青桐鸣开学联考,1,1
2024河南高考化学真题,1,1
2024济南一模,6,1
2024济南三模生物,6,1
2024济南市高一期末,5,1
2024浙江1月首考地理,2,1
2024浙江6月物理,5,1
2024浙江历史高考参考答案,1,1
2024淄博三模英语,1,1
2024淄博张店三年级,1,1
2024淄博张店数学,3,1
2024湖北省石首市文昌小学一年级上册语文期中试卷,3,1
2024湖北金太阳,7,1
2024湖北金太阳数学,1,1
2024湖北高考,1,1
2024湖北高考物理,4,1
2024湖南长郡中学高三期末物理,3,1
2024潍坊三模生物,7,1
2024潍坊高三开学考,4,1
2024濮阳实验中学八年级上册数学,1,1
2024烟台市期中,5,1
2024物理选,2,1
2024物理高考山东,1,1
2024理综高考,1,1
2024福州一检高三物理,1,1
2024福州一检高三物理8月,1,1
2024福州高三市质检,1,1
2024福州高三第一次,1,1
2024福州高三第一次质量检测,1,1
2024福建泉州安溪铭选中学高一下月考,9,1
2024红桥区高三一模语文,8,1
2024级8年级中学入学考试,6,1
2024级8年级苏洵中学入学考试,8,1
2024级临沂市高二上学期期中语文试卷,10,1
2024级英语学科暑假自主巩固练习,5,1
2024级高二下学期定时练习,3,1
2024至2025 江苏省连云港市高一上物理期末试卷,8,1
2024至2025 江苏省连云港市高一下物理期末试卷,3,1
2024至20259年级上册化学期中考试青岛黄岛区,4,1
2024至2025学年下期期末教学质量检测光山县山,28,1
2024至2025学年度上学期期中考试,8,1
2024至2025学年度第一学期期终7年级教学质量监测，揭阳市普宁市。,1,1
2024至2025学年度第一学期期终7年级教学质量监测，揭阳市普宁市。数学,13,1
2024至2025学年高三年级第一次质量检测,13,1
2024至2025学年高三年级英语第一次质量检测,2,1
2024至2025年6年级下册期末语文卷,1,1
2024至2025年安徽省宣城市高二化学期末试题,6,1
2024至2025年安徽省宣城市高二英语期末试题,1,1
2024苏州中考数学真题,3,1
2024苏锡常镇高三英语一模,2,1
2024苏锡常镇高三英语二模,2,1
2024英语,2,1
2024英语 高考1卷全国一卷,3,1
2024英语全国新课标一卷,1,1
2024英语全国高中新课标一卷,1,1
2024英语扬州九年级上册文昌教育集团期中考试,3,1
2024荥阳中学学科特长生招生考试物理试题,1,1
2024语文全国甲卷,4,1
2024贵州,4,1
2024贵州物理,3,1
2024贵州物理真题,1,1
2024贵州物理高考,3,1
2024辽宁中考,1,1
2024辽宁中考物理,3,1
2024辽宁名校联盟,3,1
2024辽宁省大连市中考英语一模,1,1
2024辽宁省大连市中考英语二模,3,1
2024辽宁高二名校联盟,2,1
2024遂宁中考英语,3,1
2024郑州一模数学卷,3,1
2024郑州一模高三数学卷,5,1
2024郧阳中学学科特长生招生考试物理试题,3,1
2024重庆新高考生物,4,1
2024长沙市中考,5,1
2024长郡教育集团七年级七上,20,1
2024陕西普通高中学业水平合格性考试,23,1
2024陕西青海四川高三数学模拟,5,1
2024青岛9月物理期初,5,1
2024青岛三模生物,1,1
2024青岛数学一摸,1,1
2024高三化学一检,2,1
2024高三广东深圳一模数学,3,1
2024高三数学江苏南京调研,4,1
2024高考,2,1
2024高考全国一卷英语,3,1
2024高考卷英语,1,1
2024高考数学,4,1
2024高考数学一卷,1,1
2024高考新课标卷历史真题答案,1,1
2024高考物理,7,1
2024高考真题历史山西,3,1
2024高考真题山西,1,1
2024高考真题辽宁,4,1
2024高考语文新课标2卷,3,1
2024高考语文新高考试卷,7,1
2024高考郑州一模数学卷,1,1
2024龙岩地区4年级期末考试卷,1,1
2024，深圳一模,6,1
2024～2025学年度第二学期期中考试高一日语,51,1
2024～2025抚州高一上学期期末测试数学,1,1
2024～2025杨村一中物理,2,1
2024～2025苏锡常镇,6,1
2024～2025苏锡常镇四市高三教学情况调研（一）,8,1
2024～2025高一年级化学上学期期末考试,17,1
2025  东北三省四城市联考暨沈阳市高三二模,4,1
2025 - 2026学年九年级化学单元检测卷 人教版2024上册 第一单元 走进化学世界 提升卷,1,1
2025 -2026莒县五年级下册英语期末试卷,19,1
2025 0 0 1卷 全国高考 物理,4,1
2025 0 0 1卷 全国高考 物理山东卷,3,1
2025 0 1 1卷 数学 高考,4,1
2025 0 1全国1一卷浙江卷,1,1
2025 0 1全国1一卷语文卷高考,2,1
2025 0 1全国1二卷英语卷高考,2,1
2025 0 1全国1数学真题,2,1
2025 1卷 全国高考 英语  范文,2,1
2025 1卷 全国高考 语文答案,2,1
2025 1卷 数学 真题高考,3,1
2025 2026  七年级下册期末教学质量检测,5,1
2025 2026 01 七年级下册期末教学质量检测,16,1
2025 2026 学年第二学期期末试卷,21,1
2025 2026 学年第二学期期末适应性练习,60,1
2025 2026 武汉市部分学校高三九月调研考试,4,1
2025 2026七下数学期末试题,2,1
2025 2026三明市高一下,4,1
2025 2026北京中考,3,1
2025 2026北京市朝阳区八年级下册期末数学,1,1
2025 2026北京市海淀区生物卷子高一下学期期末统一卷子,1,1
2025 2026北京高考,1,1
2025 2026学年山西省临汾市曲沃县第二高级中学高一下学期期末数学考试,1,1
2025 2026学年度武汉市部分学校高三年级调研考试,6,1
2025 2026学年度武汉市部分学校高三英语年级调研考试,1,1
2025 2026学年度第一学期期末学业水平监测,18,1
2025 2026学年度第二学期期末教学质量检测八年级历史试题,7,1
2025 2026学年度第二学期期末教学质量检测八年级道法试题,1,1
2025 2026学年度第二学期期末教学质量检测八年级道法试题宿松县,9,1
2025 2026学年第一学期期末教学质量检测,17,1
2025 2026学年第二学期昭通市高一年级教学质量检测模拟一英语,15,1
2025 2026学年第二学期昭通市高一英语,11,1
2025 2026学年第二学期期末测试,5,1
2025 2026学年高一化学下学期期末模（15+4）拟卷,8,1
2025 2026学年（下）七年级适应性练习,4,1
2025 2026山西省临汾市高一下学期期末物理考试,3,1
2025 2026年 第二学期期末检测试卷,10,1
2025 2026年上海市高二下学期期末化学,9,1
2025 2026年蚌埠高一下学期期末英语,2,1
2025 2026福州市高三年级开门考语文,1,1
2025 2026福州市高三年级第一次质量检测英语,4,1
2025 2026第二学期八年级期末质量监测数学,1,1
2025 2026第二学期八年级期末质量监测数学惠州,18,1
2025 2026第二学期八年级期末质量监测物理,1,1
2025 2026营口市九上物理期中,1,1
2025 2026高一下学期期末数学考试,2,1
2025 2026高三第一次质量检测,6,1
2025 2026高二开学初,7,1
2025 2026高二开学初黑龙江齐齐哈尔,6,1
2025 8月浙z20数学,1,1
2025 8月浙z20联盟,3,1
2025 8月浙z20联盟数学,2,1
2025 8月浙江z20数学,9,1
2025 Z20 8月联考通用技术,1,1
2025 Z20联考信息,3,1
2025 Z20联考信息试卷,22,1
2025 Z20联考通用,1,1
2025 全国 二卷高考卷 语文,1,1
2025 全国1数学真题,2,1
2025 全国一卷浙江卷,2,1
2025 年 全国 0 1卷高考数学真题,1,1
2025 年 高考0 1卷 全国 1 卷 数学 真题,2,1
2025 年1月浙江卷,1,1
2025 年淄博市中考物理,1,1
2025 年高考0 1卷 全国1卷 化学,1,1
2025 年高考0 1卷 全国1卷 英语,1,1
2025 年高考数学1卷全国卷真题,2,1
2025 年高考真题,3,1
2025 广东物理高考真题,1,1
2025 广东韶关仁化物理九年级,5,1
2025 广东韶关仁化物理九年级期中,3,1
2025 新课标Ⅱ卷 语文高考真题 原卷版,7,1
2025 湖北物理高考,3,1
2025 语文 1 2卷高考真题全国卷,2,1
2025 语文 1卷高考卷真题,2,1
2025 语文 1卷高考卷真题加答案,5,1
2025 语文 2卷高考卷真题,2,1
2025 陕晋青宁 高考生物真题及答案,5,1
2025 高一 入学考,12,1
2025 高一上学期月考,1,1
2025 高考,1,1
2025 高考 01 卷 高考真题,3,1
2025 高考数学 1卷高考真题,4,1
2025 高考数学2卷高考真题,1,1
2025 高考真题,5,1
2025 高考综合改革适应性演练 八省联考,1,1
2025 高考英语 1卷全国1卷,4,1
2025 高考英语 1卷全国1卷真题,3,1
2025 －2026泰州市姜堰励才实验学校,5,1
2025-2024年广东省肇庆市9月份开学考,1,1
2025-2024年广东省肇庆市怀集县9月份开学考,3,1
2025-2024年广东省肇庆市怀集县上学期9月份开学考,1,1
2025-2026,2,1
2025-2026 五四制鲁教版六上生物期末考试,1,1
2025-2026 五四制鲁教版六上生物期末考试山东泰安,3,1
2025-2026 五四制鲁教版六上生物期末考试山东泰安新泰,6,1
2025-2026 伊犁哈萨克自治州 八年级上册 物理期中试卷,1,1
2025-2026 伊犁哈萨克自治州 八年级上册 物理期末试卷,5,1
2025-2026 学年度下学期期末学情调研检测,8,1
2025-2026 英语八年级上册李沧期中考试,4,1
2025-2026 高三第三次联合模拟考试,3,1
2025-2026-1,1,1
2025-20267年级下册数学导学案,11,1
2025-2026七年级上英语期末英语试卷#广西英语试卷,14,1
2025-2026七校协作体11月高一联考化学试题,4,1
2025-2026三年级下册期末试卷定兴县,1,1
2025-2026上学期烟台八年级期中数学考试卷,3,1
2025-2026东北育才学校9月份月考数学,1,1
2025-2026东北育才学校高一上9月份月考数学,12,1
2025-2026东师大期末,2,1
2025-2026东师大附中期末,5,1
2025-2026九上期中试卷数学,6,1
2025-2026九年级上学期烟台期中数学试卷,5,1
2025-2026九年级化学单元测试卷,9,1
2025-2026二十五中学初三一月考数学试卷,1,1
2025-2026五年级下册数学期末试卷定兴县,1,1
2025-2026五年级下册期末试卷定兴县,36,1
2025-2026人教版大连市沙河口区八下语文期末考试,9,1
2025-2026人教版沙河口区八下语文期末考试,11,1
2025-2026兖州区六年级期末考试,3,1
2025-2026八上数学淮滨县期末试卷,2,1
2025-2026八下期末湖南宁远,3,1
2025-2026八下期末湖南永州,3,1
2025-2026八下期末湖南永州宁远,3,1
2025-2026八下期末湖南永州宁远物理,9,1
2025-2026八下期末湖南省永州市宁远县物理,21,1
2025-2026六年级下册期末试卷定兴县,1,1
2025-2026六年级期末考试,1,1
2025-2026北京东城区八上数学卷子,2,1
2025-2026北京东城区八上语文卷子,1,1
2025-2026北京海淀语文八下期末,1,1
2025-2026北京高一物理期末试卷,1,1
2025-2026南京市玄武区新初一新生学情检测试卷,3,1
2025-2026南海区摸底考,4,1
2025-2026南海区高三摸底考,4,1
2025-2026南通市通州1模数学九下,3,1
2025-2026南阳市春季高一期中末质量评估物理,1,1
2025-2026南阳市春季高一期中末质量评估生物,1,1
2025-2026南阳市春季高一期中末质量评估生物理,1,1
2025-2026南阳市春季高一期末质量评估生物,1,1
2025-2026历史,3,1
2025-2026历城二中英语综合测试,1,1
2025-2026历城二中英语试卷,1,1
2025-2026历城二中高一数学期中试卷,1,1
2025-2026四年级下册期末试卷定兴县,6,1
2025-2026四年级定兴县期末考试英语试卷,6,1
2025-2026大湾区二模英语,1,1
2025-2026大连经开区一中,2,1
2025-2026天津市二十五中学初三一月考数学试卷,1,1
2025-2026天津高二下四校联考数学试卷,1,1
2025-2026学年 九年级上学期数学期末卷,2,1
2025-2026学年 九年级上学期数学期末卷 浙江省杭州市,4,1
2025-2026学年 河南 郑州 高一新生入学分班考试 数学试卷,5,1
2025-2026学年七年级数学上学期第一次月考02,4,1
2025-2026学年下学期期末教育学业质量监测 楚雄 高一物理 ，付费下载完整Word原版试卷+解析,1,1
2025-2026学年下学期泉州市初中英语校本作业 八年级下册 Unit 9单元检测,4,1
2025-2026学年九年级上学期2月期末物理试题,2,1
2025-2026学年九年级上学期2月期末物理试题 江苏省,3,1
2025-2026学年人教版(2019)综合复习物理试卷力学部分。,3,1
2025-2026学年人教版七年级上册数学单元测试卷 第1章 有理数,15,1
2025-2026学年佛山市普通高中教学质量检测（一）高三思想政治,8,1
2025-2026学年八年级下册期末英语模拟卷,12,1
2025-2026学年八年级期末检测英语天津,15,1
2025-2026学年八年级物理周周练,1,1
2025-2026学年厦门一中高一入学考试,5,1
2025-2026学年吉林省长春净月高新技术产业开发区三校联考八年级（上）第一次月考语文试卷,1,1
2025-2026学年吉林省长春市净月高新技术产业开发区七年级下学期数学期末试卷,1,1
2025-2026学年吉林省长春市南关区七年级下学期数学期末试卷,1,1
2025-2026学年四川省宜宾市兴文县统编版三年级下册期中考试语文试卷,1,1
2025-2026学年安徽省池州市贵池区第一次月考数学,1,1
2025-2026学年安徽省池州市贵池区高一上第一次月考数学,2,1
2025-2026学年安徽省池州市贵池区高一第一次月考数学,1,1
2025-2026学年度上学期沈阳市虹桥中学教育集团,4,1
2025-2026学年度下期期末学业水平监测,1,1
2025-2026学年度下期期末学业水平监测七年级英语,2,1
2025-2026学年度小升初数学测试题,3,1
2025-2026学年度武汉市部分学校高三年级调研考试的听力,29,1
2025-2026学年度第一学期九年级作业反馈1化学学科,13,1
2025-2026学年度第一学期期中学业质量监测九年级物理靖,6,1
2025-2026学年度第一学期期中学业质量监测八年级英语试题,3,1
2025-2026学年度第二学度检测期末考试试卷八年级下册英语,14,1
2025-2026学年度第二学期。我学业水平检测7年级生物试题(卷),1,1
2025-2026学年度第二学期教学质量自查广东卷,1,1
2025-2026学年度第二学期期中教学质量监测高二英语,13,1
2025-2026学年度第二学期期中检测试卷高二英语,1,1
2025-2026学年度第二学期期中质量教学检测高二英语,11,1
2025-2026学年度第二学期期中质量检测高二日语,11,1
2025-2026学年度第二学期期末学业水平检测7年级生物试题(卷),4,1
2025-2026学年度（上）七校协作体高一联考数学试题,7,1
2025-2026学年武都市陇南一中学高二下学期期中考试英语试卷,2,1
2025-2026学年江苏省南京市、盐城市高三（上）期末数学试卷,1,1
2025-2026学年江苏省苏州市昆山市震川高级中学高一（上）,2,1
2025-2026学年江苏省苏州市星海中学,1,1
2025-2026学年江苏省苏州市星海中学高一（上）,3,1
2025-2026学年河北省保定市八校联考高二（上）月考数学试卷（10月份）,8,1
2025-2026学年河北省保定市定州中学高二（上）月考数学试卷（9月份）,5,1
2025-2026学年河北省保定市部分高中高二（上）联考数学试卷（10月份）,1,1
2025-2026学年河北省石家庄二十二中高二（上）期中数学试卷,1,1
2025-2026学年济南版七年级生物上册期中考试,30,1
2025-2026学年浙江省人教版九年级全册“初三英语听力强化训练”,16,1
2025-2026学年浙江省宁波市慈溪市高二下学期物理期末试卷,3,1
2025-2026学年湖南师大附中高二下学期期中,1,1
2025-2026学年福九联盟第二学期期末联考高中二年级物理科试卷,3,1
2025-2026学年福建福九联盟第二学期期末联考高中二年级物理科试卷,6,1
2025-2026学年第一学期期末检测高二英语,1,1
2025-2026学年第一学期福州市九年级适应性练习 英语,1,1
2025-2026学年第一学期福州市高三年级8月份质检卷,3,1
2025-2026学年第一学期高一年期中质量检测生物学科试卷,12,1
2025-2026学年第一学期高三年级8月份福州市质检卷,3,1
2025-2026学年第二学期七年级阶段性学习成果考查英语,4,1
2025-2026学年第二学期期末语文,12,1
2025-2026学年第二学期浙南名校联盟期末质量检测,1,1
2025-2026学年第二学期高一年级政治暑假作业,1,1
2025-2026学年第二学期高二年级期末考试物理试题,3,1
2025-2026学年第二学期高二年级期末考试物理试题福建,22,1
2025-2026学年苏州市新区一中八年级数学期中测试卷,2,1
2025-2026学年辽宁省沈阳126中学九年级上月考试卷(十月份)英语,7,1
2025-2026学年辽宁省沈阳七九年级上月考试卷英语,3,1
2025-2026学年重庆市高三（上）开学联考物理试卷（9月份）,8,1
2025-2026学年高一下学期数学期末模拟卷,4,1
2025-2026学年高一化学上学期期末模拟卷.素养提升,1,1
2025-2026学年高一必修一地理第一章单元检测卷,10,1
2025-2026学年高一数学期末模拟卷,6,1
2025-2026学年高一数学期末模拟卷wwwzxxk,1,1
2025-2026学年高一英语下学期期末模拟卷（无锡）江苏,8,1
2025-2026学年高三上学期重庆市部分校9月考试数学试题,1,1
2025-2026学年高三上福宁古期中,2,1
2025-2026学年高二上学期期末校内检测,4,1
2025-2026学年高二上学期生物单元检测卷,5,1
2025-2026学年高二下学期期末模拟卷01,1,1
2025-2026小升初,13,1
2025-2026届新高考高三化学一轮综合检测卷（通用题库卷）,9,1
2025-2026山东济南历城二中英语试卷,1,1
2025-2026山东济南历城二中英语试卷高三,4,1
2025-2026山东省德州市同济中学八年级下册第一次月考,1,1
2025-2026山东省德州市德城区八年级上册英语第一次月考,5,1
2025-2026山东省德州市德城区联考八年级上册英语第一次月考,1,1
2025-2026山东省济南市高三上开学数学,3,1
2025-2026山东省烟台市高一期中考试卷,15,1
2025-2026山东省高一期中考试卷,1,1
2025-2026常熟高二上期中英语试卷,3,1
2025-2026常熟高二上期中语文试卷,5,1
2025-2026年周南中学高一入学考试试卷,2,1
2025-2026年安徽省安庆市太湖县八年级下期末英语,2,1
2025-2026年山东省市高一下学期期末考试化学试题,3,1
2025-2026年山东省市高一下学期期末考试数学试题,6,1
2025-2026年山东省潍坊市高一下学期期末考试数学试题,2,1
2025-2026年山东省潍坊市高一下学期期末考试物理试题,7,1
2025-2026年山东省菏泽市高一下学期期末考试数学试题,3,1
2025-2026年广元市8年级下期末测评卷,2,1
2025-2026年梧州市高一上学期期考试题,1,1
2025-2026年梧州市高一下学期期考试题,3,1
2025-2026年武汉中学期末考,1,1
2025-2026年苏州吴中吴江相城八年级数学期末试卷,6,1
2025-2026年高一日照数学,5,1
2025-2026惠城区升学考,1,1
2025-2026惠城区惠州市第五中学升学考,4,1
2025-2026成都市武侯区七年级下期末英语试卷,1,1
2025-2026招远市八年级上册数学期末考试试卷,2,1
2025-2026数学高三9月,1,1
2025-2026数学高三9月辽宁,3,1
2025-2026日照市高二数学开学考,1,1
2025-2026日照市高二物理开学考,3,1
2025-2026汕头澄海,1,1
2025-2026汕头澄海高一,1,1
2025-2026江苏省常州高二上数学期中试卷,2,1
2025-2026江苏省连云港市高二期末考试试卷,1,1
2025-2026江苏省连云港市高二第二学期期末考试试卷,1,1
2025-2026江苏省连云港市高二第二学期生物期末考试试卷,1,1
2025-2026沈阳市东北育才小学六下期末考试卷子,1,1
2025-2026沈阳市育才小学六下期末考试卷子,1,1
2025-2026沈阳市育才小学小升初期末考试卷子,1,1
2025-2026沈阳市育才小学期末考试卷子,1,1
2025-2026河南省百师联盟高三上期末考试,2,1
2025-2026济南市历城区数学,1,1
2025-2026济南市历城区数学八下,3,1
2025-2026济南高二期末考试,4,1
2025-2026济宁育才高一数学期中试卷,3,1
2025-2026浙江强基联盟,1,1
2025-2026湖北省武汉市高三年级9月调研考试,3,1
2025-2026滨海塘沽高一英语月考,1,1
2025-2026漳州市玉兰学校九年级上册数学第一次月考试卷,26,1
2025-2026甘肃省兰州市第五十九中学高一下期末生物,1,1
2025-2026福州市高三年级第一次质量检测化学,2,1
2025-2026福州市高三年级第一次质量检测物理,6,1
2025-2026福州市高三第一次质量检测考试语文的答案,1,1
2025-2026福建省福州市第一次质量检测高三,12,1
2025-2026福建高三第一次质检,1,1
2025-2026福建高三第二次质检,2,1
2025-2026福清市八年级上册数学期末试卷,3,1
2025-2026福清高一上期中物理,1,1
2025-2026福清高二期末化学,3,1
2025-2026福清高二期末数学,2,1
2025-2026福清高二期末物理,2,1
2025-2026第一学期一年级期末考试,2,1
2025-2026第一学期一年级期末考试定兴县,4,1
2025-2026第一学期九年级作业反馈1化学学科,2,1
2025-2026第二学期八年级期末质量监测物理,18,1
2025-2026葫芦岛市高一下学期期末数学,1,1
2025-2026西宁八年级上册语文期末试卷,3,1
2025-2026辽宁省内蒙古点石联考高三上化学九月份,3,1
2025-2026高一下学期地理期末高频考点复习卷,9,1
2025-2026高一下学期期末化学,4,1
2025-2026高一下学期期末物理,4,1
2025-2026高一下期末模拟卷人教A版,56,1
2025-2026高一人教版化学必修第一册期末卷,2,1
2025-2026高一历史合格性考试,1,1
2025-2026高三9月质量检测,3,1
2025-2026高三9月质量检测物理,2,1
2025-2026高三9月质量检测物理青桐鸣,9,1
2025-2026高二开学初,2,1
2025-2026龙东十校联盟高一下物理期末试题,1,1
2025-2026，期末,1,1
2025-2026：长郡外国语七年级上学期入学考试英语试卷含答案,3,1
2025-226辽南协作校语文高一期末,1,1
2025.8.25南师大分班考试卷,2,1
2025.8.25南师大分班考试卷江苏盐城,1,1
2025.8.25南师大分班考试卷江苏盐城新初一,1,1
2025.8.湖南,9,1
2025.泰安数学,7,1
2025/,1,1
20250 0 1卷 全国英语高考,1,1
20252026 年高一上第一物理金华十校联考,9,1
20252026学年度第二学期期末考试(供选用) 高一年级数学试题卷,3,1
20252026学年福州市高三年级5月质量检测,4,1
20252026山东青岛物理,4,1
20252026山西省高二下学期,1,1
20252026山西省高二下学期期末,4,1
20252026年山东省青岛第58中学高三上期中英语试卷,4,1
20252026英语,4,1
20256年大庆市中考真题,1,1
20258月浙江z20数学,1,1
2025A10安徽高三上,3,1
2025A10联盟安徽江淮十校高三上学期8月考试数学,5,1
2025A10联盟安徽高三上学期8月考试数学,16,1
2025A10联盟安徽高三上学期8月考试物理,5,1
2025A10联盟安徽高三上学期开学考试,1,1
2025Z20名校联盟生物,12,1
2025_2026学年高二上辽宁,2,1
2025_2026学年高二上辽宁10月,19,1
2025ga,1,1
2025~2006北京市海淀区生物卷子高一下学期期末。,3,1
2025~20226青岛市城阳区初二上册期中数学考试,1,1
2025~2024安徽合肥一中高一上学期学期期末物理,6,1
2025~2024安徽合肥一六八中学上学期学期期末物理,1,1
2025~2024安徽合肥一六八中学高一上学期学期期末物理,4,1
2025~2026 年七年级下学期期末历史考试，云南省官渡区。,5,1
2025~2026 年学年高一年级下学期期末质量检测卷,6,1
2025~2026 江西省上饶市广信区语文试卷试题七年级下册。,1,1
2025~2026 深圳福田第二外国语数学期中九年级,4,1
2025~2026 高三五月联考,8,1
2025~2026上九年级数学教学质量检测,11,1
2025~2026上九年级英语教学质量检测,2,1
2025~2026上九年级英语教学质量检测一,6,1
2025~2026丹东市高一下期末数学试卷,2,1
2025~2026八上期中测试卷,2,1
2025~2026八上期中测试卷物理,3,1
2025~2026八上期中测试卷物理答案,3,1
2025~2026八上期中测试卷英语,3,1
2025~2026六盘水市市一模,1,1
2025~2026北京市昌平区八年级下册数学期末,1,1
2025~2026北京市海淀区生物卷子高一下学期期末。,5,1
2025~2026北京市海淀区生物卷子高一下学期期末统一卷子。。,5,1
2025~2026北京市海淀生物卷子高一下学期期末。,1,1
2025~2026南昌市同考七年级下册期末语文试卷,1,1
2025~2026南昌市同考八年级上册册期末物理试卷,3,1
2025~2026学年7年级地理单元检测卷鲁教版五四至2024第1单元从世界看中国基础通关。,1,1
2025~2026学年下学期7年级。云南省官渡区历史试卷。,2,1
2025~2026学年下学期期末考试七年级历史,8,1
2025~2026学年下学期期末考试七年级生物,4,1
2025~2026学年下学期湖北省武汉市东西湖区六年级期末试卷,14,1
2025~2026学年下学期湖北省武汉市东西湖区六年级英语期末试卷,18,1
2025~2026学年九年级下册练习数学,1,1
2025~2026学年九年级第一学期练习数学,4,1
2025~2026学年北京市东城区高一上学期英语期末测试卷,5,1
2025~2026学年十堰市八校校联第12月联考高一数学试卷,3,1
2025~2026学年安徽省马鞍山市第七中学9年级上期末试卷数学,1,1
2025~2026学年山西省名校联盟高三11月质量检测卷,5,1
2025~2026学年度第2次学期,1,1
2025~2026学年度第一学期阶段性质量监测,20,1
2025~2026学年度第二学期七年级期末考试英语试题,2,1
2025~2026学年度第二学期期中考试试题八年级英语,2,1
2025~2026学年度第二学期期末质量检测7年级道德与法治试卷,1,1
2025~2026学年湖南省长沙市长郡集团八年级上册物理试卷,13,1
2025~2026学年福州高三年级 8月质检,4,1
2025~2026学年第一学期杭州市高三年级教学质量检测英语,5,1
2025~2026学年第一学期第2次阶段学业水平测试九年级化学,29,1
2025~2026学年第二学期五年级期末数学测试卷。山东潍坊区的,6,1
2025~2026学年第二学期五年级期末数学测试卷。潍坊区的,1,1
2025~2026学年第二学期五年级期末数学测试卷。聊城高唐地区的,5,1
2025~2026学年第二学期八年级综合性练习数学,1,1
2025~2026学年第二学期学业质量监测八年级数学,6,1
2025~2026学年第二学期期末数学质量监测试题八年级数学,6,1
2025~2026学年第二学期期末检测南山区数学,1,1
2025~2026学年第二学期期末检测南山区数学八年级,3,1
2025~2026学年第二学期高一年级共体训练清远,2,1
2025~2026学年第二学期高二年级综合练习一生物,7,1
2025~2026学年高一下学期期末测试卷,16,1
2025~2026学年高一必修二地理单元自测卷,8,1
2025~2026学年高二日新上学期开学考试,3,1
2025~2026安徽合肥一中高一上学期期末英语,3,1
2025~2026安徽合肥一六八中学高一上学期期末,1,1
2025~2026安徽合肥一六八中学高一上学期期末英语,5,1
2025~2026安徽合肥八中高一上学期期末英语,2,1
2025~2026安徽合肥六中高一上学期期末英语,2,1
2025~2026安徽合肥高一上学期期末英语,1,1
2025~2026安徽芜湖一中中高一上学期期末英语,1,1
2025~2026安徽芜湖一中高一上学期期末英语,1,1
2025~2026山东省实验中学期中考试,3,1
2025~2026年 福建省泉州市石狮市九年级上 期中数学试卷,1,1
2025~2026年度第二学期八下期末物理试卷,14,1
2025~2026年的大理州统考七下试卷,23,1
2025~2026年福建省泉州市晋江学校九年级上册期末模拟卷 数学,11,1
2025~2026年福建省泉州市晋江学校九年级上册期末模拟试卷数学,3,1
2025~2026年福建省泉州市晋江学校九年级上期末模拟卷 数学,9,1
2025~2026年福建省泉州市晋江学校九年级（上）期末模拟试卷数学,9,1
2025~2026年福建省泉州市锦江学校九年级上册期末模拟卷,4,1
2025~2026广安市期末高一下教学质量检测化学,3,1
2025~2026广西部分学校高三上学期开学考试卷,2,1
2025~2026德城区生物一模真题,3,1
2025~2026晋江市第一中学八年级期末考试历史试卷,5,1
2025~2026晋江市第一中学历史,5,1
2025~2026永川区下册英语卷。四年级,3,1
2025~2026沈阳市七上语文卷,3,1
2025~2026漳州市九年级上册数学期末试卷北师大版,7,1
2025~2026蚌埠市高一期末历史,4,1
2025~2026蚌埠市高一期末英语,1,1
2025~2026贵州省六盘水市市一模,1,1
2025~2026贵州省六盘水市市一模高中,1,1
2025~2026辽宁省沈阳市铁西区语文七上,3,1
2025~2026，广东省深圳市初二下语文试卷。,4,1
2025‑2026丹东区九年级上期末化学 人教版,9,1
2025‑2026学年广东广雅中学五校九年级上学期期中联考数学试卷,2,1
2025‑2026学年广州执信中学九年级(上)期中考试数学试题,1,1
2025‑2026学年广西贵港市七年级上学期期末教学质量检测 数学,1,1
2025‑2026学年广西贵港市港北区七年级上学期期末教学质量检测 数学,1,1
2025‑2026学年广西贵港港北区七年级上学期期末教学质量检测 数学,1,1
2025‑2026学年度第二学期第二学段模块检测 高二化学试题 2026.07,1,1
2025‑2026学年江南十校高二5月阶段学业检测,3,1
2025‑2026学年福州市高三年级第一次质量检测,2,1
2025‑2026学年第一学期 望都县 七年级上册 语文 期中真题,1,1
2025‑2026学年第一学期 河北省保定市望都县 七年级上册 语文 期中真题,1,1
2025‑2026学年青桐鸣大联考高三9月质量检测,1,1
2025–2026年中学生能力训练物理限时作业,2,1
2025–2026石景山区初一上学期数学期末试卷,3,1
2025—2026 学年度东北育才学校高中 高三年级上学期期初考试数学科试卷,9,1
2025—2026 学年度东北育才学校高中 高三年级第一次模拟考试数学科试卷,3,1
2025—2026保定七校联考其中,1,1
2025—2026保定七校联考期中卷,3,1
2025—2026学年下期期末考试高一,5,1
2025—2026学年下期期末考试高一英语试题卷,6,1
2025—2026学年度上学期高三9月期初考试 生物试卷,2,1
2025—2026学年度下学期,2,1
2025—2026学年度下学期东北育才学校 高三年级英语科目假期质量测试暨第六次模拟考试试题,3,1
2025—2026学年度甘肃省第二学期教育教学质量调研试卷高一语文,10,1
2025—2026学年度第二学期教育教学质量调研试卷高一语文,1,1
2025—2026学年度第二学期期末考试,4,1
2025—2026学年度（上）沈阳市第十中学高一期中考试英语,3,1
2025—2026学年重庆市南开中学九年级（下）期中数学试卷,2,1
2025—2026学年重庆市南开中学九年级（下）期中物理试卷,3,1
2025—2026学年高一第二学期7月期末质量检测 历史,4,1
2025—2026年漳县第一中学，第二中学，漳县职业学校高一下学期期末语文试卷,1,1
2025——2026学年度期末考试数学高一下,6,1
2025——2026学年第二学期初一期末练习卷,1,1
2025——2026高三摸底考,8,1
2025——2026高三摸底考山东,5,1
2025——2026高三摸底考山东济南,4,1
2025一2026学年八年级下学期期未模拟卷02,39,1
2025一2026学年度第二学期八年级英语试题听力,17,1
2025一2026学年度第二学期期末学情调研山东嘉祥县六年级,3,1
2025一2026安陆市九上期末考试,4,1
2025一2026安陆市八下期末考试,1,1
2025一2026年八年级上历史期中考试卷,1,1
2025一2026年度七上语文期中试卷宁波慈溪,1,1
2025一2026年度宁波市慈溪市七上语文期中试卷宁波慈溪,11,1
2025一2026庐江中学高二期末,1,1
2025一2026庐江中学高二期末安徽合肥市庐江县2025-2026学年第二学期期末抽测高二数学试题,4,1
2025一卷英语,1,1
2025一模卷河南,1,1
2025一模卷河南信阳,1,1
2025一模卷河南郑州,1,1
2025一模卷河南郑州高中,1,1
2025七彩阳光数学,5,1
2025上城区一摸,1,1
2025上城区一模,12,1
2025上学期,8,1
2025上海中考,3,1
2025上海中考数学,6,1
2025上海信息合格考,19,1
2025上海卷语文,1,1
2025上海市高考英语一模听力汇编,4,1
2025上海徐汇高三语文一模,1,1
2025上海春季高考,10,1
2025上海普陀高三语文一模,1,1
2025东北三省联考,4,1
2025东北三省部分高中联盟高三第三次联合调研,2,1
2025东北三省高三数学联考,2,1
2025东北育才高三上学期开学考物理,1,1
2025东城英语一模,2,1
2025中考历史广东,4,1
2025中考政治广东,2,1
2025中考数学,4,1
2025中考数学试卷陕西,4,1
2025中考模拟,1,1
2025中考真题,9,1
2025中考英语真题,15,1
2025中考语文真题,3,1
2025中考重庆,1,1
2025丹东二中高一上英语月考,6,1
2025九上海淀期末,3,1
2025二模,46,1
2025云南高考化学,2,1
2025全国2卷语文真题,3,1
2025全国中学生奥林匹克数学竞赛河南赛区初赛试题,2,1
2025全国二,3,1
2025全国数学高考答案,1,1
2025全国生物,3,1
2025全国英语高考,5,1
2025全国高中数学联赛,1,1
2025全国高考一卷,1,1
2025全国高考一卷数学,5,1
2025全国高考卷语文,6,1
2025全广东省物理竞赛,3,1
2025全广东省物理竞赛高三,2,1
2025八上合肥市瑶海区数学,5,1
2025八省联考语文,5,1
2025六校第一次联考高二,3,1
2025六校联考,2,1
2025六校联考高一,3,1
2025六校联考高二,3,1
2025兰州中考数学,3,1
2025兵团二中,5,1
2025兵团二中小升初,3,1
2025内江高二数学,3,1
2025到2020年黑龙江省龙东时效联盟高一下学期生物期末试卷,3,1
2025到2022年遵义市七年级语文期末测试卷,7,1
2025到2026哈尔滨平房区数学期末卷子,1,1
2025到2026学年七年级上学期期末考试长春卷英语答案嗯,1,1
2025到2026学年五陇南市,3,1
2025到2026学年八年级数学暑假作业二,21,1
2025到2026学年度上学期高三9月起点考试,17,1
2025到2026学年度下学期期末高一参考试题,11,1
2025到2026学年度度即墨区分班考试,7,1
2025到2026学年度第二学期期末质量检测八年级语文试卷,14,1
2025到2026学年度高一下学期期末考前练,4,1
2025到2026学年度高一第二学期期末考试试卷，高一化学试卷,1,1
2025到2026学年福州市高三年级5月质量检测,6,1
2025到2026学年第二学期福州联盟高一数学期末考,5,1
2025到2026学年第二学期高二年级期末适应性练习,1,1
2025到2026学年辽宁省普通高中联考高一上质检数学试卷10月份,6,1
2025到2026学年高一第二学期期末考试试卷,1,1
2025到2026学年高一第二学期期末考试试卷重庆,3,1
2025到2026年七年级上册期中试卷,1,1
2025到2026年度第二学期期中检测高二英语,4,1
2025到2026年德州市高三上学期期中考试,28,1
2025到2026年德州市高二上学期期中考试,1,1
2025到2026年沂水九年级化学其中款卷,1,1
2025到2026年漳州市芗城区九年级上册数学期末试卷北师大版,3,1
2025到2026年烟台市高一上学期期中考试物理学,2,1
2025到2026年物理高二期末,3,1
2025到2026年物理高二期末答案,3,1
2025到2026年高三年级3月质检生物,1,1
2025到2026江苏省连云港市，高一下学期期末数学试卷,1,1
2025到2026湖北省武汉市部分学校高三年级9月调研考试,2,1
2025到2026漳州市九年级上册数学期末试卷,5,1
2025到2026漳州市玉兰学校九年级上册数学期中,9,1
2025到2026烟台高一上学期期中,2,1
2025到2026福州市第一次市质检，高三数学,7,1
2025到2026福州市第一次市质检，高三物理,4,1
2025到2026福建省龙岩市半期考试卷,20,1
2025到2026福建省龙岩市长汀县第二中学半期考试卷,2,1
2025到2026高一上学期入学考试试卷,4,1
2025到2026高一第二学期期末考试生物卷桦南县第一中学,1,1
2025到2026高一第二学期期末考试语文卷桦南县第一中学,3,1
2025到2026高三年级第一次质量检测,6,1
2025化学,1,1
2025化学名校协作高三,5,1
2025化学安徽,1,1
2025化学竞赛,8,1
2025化学高考安徽,8,1
2025化学高考真题,3,1
2025北京中考数学,1,1
2025北京中考语文,2,1
2025北京市房山区期末物理八上,3,1
2025北京海淀高二下期末政治,5,1
2025北京清华附中高三（上）开学考化学试卷）,15,1
2025北京第一次合格考历史,1,1
2025北京顺义牛山一中高二上开学考数学,7,1
2025北京顺义高二下期末英语,1,1
2025北京高三上英语期末,3,1
2025北京高考真题化学,3,1
2025北京高考真题学,1,1
2025北京高考英语,3,1
2025南岗九年级上册数学期末,3,1
2025南昌一中,13,1
2025南海区摸底考,1,1
2025南通开学考,5,1
2025南阳市高三上期中,3,1
2025南阳市高三上期中英语,2,1
2025南阳市高三物理上学11月期期中考试试卷,1,1
2025南阳高三上期中,1,1
2025历史A10,1,1
2025历史A10安徽,3,1
2025历史A10安徽高三上,4,1
2025厦门初三上英语质检,19,1
2025厦门高一市质检物理,1,1
2025吉林中考,4,1
2025吉林中考数学,1,1
2025吉林市高二上月考卷,1,1
2025吉林市高二上物理月考卷,7,1
2025名校联盟物理12月份,6,1
2025名校联盟物理12月份联考,1,1
2025呼和浩特七点考,9,1
2025呼和浩特起点考,5,1
2025呼和浩特起点考化学,3,1
2025哈三中一模数学,6,1
2025哈三中一模数学高三,1,1
2025哈三中二模,2,1
2025哈三中二模数学,7,1
2025哈三中第一次模拟考试数学高三,1,1
2025哈九中,1,1
2025哈九中高一月考,9,1
2025四川物理合格考,4,1
2025四川物理高考,1,1
2025垦利一中自主招生,2,1
2025复赛,1,1
2025外研版7年级下册单词表无汉语,7,1
2025大兴,6,1
2025大庆实验中学开学验收数学,1,1
2025大难六学年湖南省长沙市长郡教育集团8年级上期末历史试卷。,1,1
2025天津,1,1
2025天津化学,1,1
2025天津卷数学真题,3,1
2025天津卷数学真题高考,4,1
2025天津市和平区一模英语,3,1
2025天津市和平区二模英语,1,1
2025天津市河北区二模数学,1,1
2025天津政治,1,1
2025天津河东区中考模拟语文,1,1
2025天津河东区二模语文,1,1
2025天津英语一考,1,1
2025天津高中学业水平考试,1,1
2025天津高考,1,1
2025天津高考化学,1,1
2025天津高考数学,4,1
2025奉贤区一模试卷答案,2,1
2025孝感高中高一分班,3,1
2025学年到2026学年第一学期杭州市高三年级教学质量检测高三年级语文试题,22,1
2025学年杭州期末,1,1
2025学年第一学期学军中学高一数学月考卷一,4,1
2025学年第一学期江浙皖高中发展共同体,8,1
2025学年第一学期浙东北县域名校发展联盟11月月诊断测试高三,3,1
2025学年第一学期浙江北斗星盟,1,1
2025学年第一学期浙江北斗星盟英语,3,1
2025学年第一学期浙江省9+1联盟高三期中化学,5,1
2025学年第一学期浙江省七彩阳光新高考研究联盟返校联考高三政治,1,1
2025学年第一学期温州市第二中学九年级开学考试语文试题,1,1
2025学年第一学期高二化学期中考考试七彩阳光,11,1
2025学年第一次期末教学质量监测,3,1
2025学年第二学期九年级学情调查,4,1
2025学年第二学期九年级教学质量检测,4,1
2025学年第二学期期末教学质量检,10,1
2025学年第二学期期末教学质量检测,1,1
2025学年第二学期期末调研卷高一生物,2,1
2025学年第二学期期末调研测试卷高一生物,7,1
2025学年第二学期期末调研测试卷高一生物浙江湖州,2,1
2025学年第二学期期末高二物理,1,1
2025学年第二学期高一年级化学期末试卷,6,1
2025学年第二学期高二期末物理,17,1
2025安庆中考数学模拟,1,1
2025安庆模拟,3,1
2025安康市高二上化学期中,1,1
2025安徽化学高考真题,2,1
2025安徽合肥一中高一上学期期末英语,1,1
2025安徽地理试卷真题,1,1
2025安徽天一大联考,8,1
2025安徽天一大联考开学考,7,1
2025安徽期末数学,1,1
2025安徽期末高中数学,20,1
2025宝山区一模,1,1
2025宿迁高三9月份期初考试,10,1
2025宿迁高三上学期开学考,1,1
2025富源一中,3,1
2025小升初全真模拟青岛五四版,13,1
2025小升初数学北师大版深圳,6,1
2025届Z20名校联盟(浙江省名校新高考研究联盟)高三第一次联考生试卷,12,1
2025届内江市高中,1,1
2025届到20二六届益阳市联考政治试卷,4,1
2025届北京房山区高三开学考试统测,1,1
2025届四川省成都市教育科学研究院附属中学高三下学期4月三诊模拟考英语试卷,5,1
2025届天津市十二区县高三期末联考二语文,4,1
2025届安徽省名校联盟高三物理开学摸底检测,3,1
2025届山东省潍坊市高三下学期二模,6,1
2025届山西省晋中市,2,1
2025届山西省晋中市高三上学期9月份,1,1
2025届山西省晋中市高三上学期9月份化学,3,1
2025届广东省广州市普通高中毕业班综合测试（二）语文,2,1
2025届成都二诊物理,1,1
2025届杭州一模,2,1
2025届武汉市部分学校高三九月调考,1,1
2025届河北省沧州,5,1
2025届河北省沧州市献县一中,6,1
2025届河北省沧州市献县一中高三高考押题,5,1
2025届河南省青铜名大联考,1,1
2025届河南省青铜名大联考英语,2,1
2025届河源市高三,3,1
2025届河源市高三毕业班调研模拟测试一,2,1
2025届河源市高三毕业班调研模拟测试一英语,1,1
2025届浙江省六校联盟模拟预测2025年全国高考生物模拟卷,4,1
2025届浙江省六校联盟模物理预测,3,1
2025届浙江省杭州市高三二模英语卷,4,1
2025届浙江省温州市高三上学期,7,1
2025届浙江省金华市十校高三下学期二模政治试题,4,1
2025届湖北省新八校协作体高三下学期三模英语,3,1
2025届湖南省益阳市安化县部分学校高三下学期5月模拟三模政治试题,2,1
2025届湖南省长沙市雅礼中学高三下学期一模英语试题,3,1
2025届漳州英语高考一质检,1,1
2025届益阳市高三上学期9月教学质量监测 数学,4,1
2025届红河州文山州普洱市临沧市高中毕业生复兴统一检测 化学,1,1
2025届高三化学二轮复习 考前所有的实验装置图 正误判断 （回归高中5本教材）,6,1
2025届高三成都二诊物理,3,1
2025届高三毕业班第一次质量检测物理,1,1
2025届高考语文复习：古诗文教材补充篇目10篇理解性默写,3,1
2025届黑龙江优才计划,1,1
2025山东 地理高考真题,4,1
2025山东卷高考地理题,1,1
2025山东政治高考真题,2,1
2025山东物理高考题,3,1
2025山东物理高考题答案,2,1
2025山东省名校联盟检测,5,1
2025山东省名校联盟高二数学,5,1
2025山东省期中数学,1,1
2025山东省期中数学高二上学期,3,1
2025山东省济南市莱芜区九年级上册物理期中考试卷,3,1
2025山东省青岛市期初检测化学,1,1
2025山东省青岛市高二下学期期中,1,1
2025山东聊城高三9月化学,2,1
2025山东聊城高三9月物联,1,1
2025山东聊城高三9月联考,4,1
2025山东青岛,2,1
2025山东青岛中考数学,1,1
2025山东高考化学,1,1
2025山东高考地理,3,1
2025山东高考政治真题,4,1
2025山西省大同市摸底考试,3,1
2025山西省摸底考试,1,1
2025峡晋青宁,1,1
2025峡晋青宁物理,1,1
2025峡晋青宁物理高考,3,1
2025崇明区一模试卷答案,3,1
2025巴彦淖尔市第一中学高二期末,1,1
2025常德市一中高三上开学考,1,1
2025常德市一中高三开学考,1,1
2025常德高三上开学考,1,1
2025常德高三开学考,1,1
2025年,4,1
2025年 0 1卷 全国 1 卷 英语 高考真题,1,1
2025年 重庆高考政治（重庆卷）,2,1
2025年-2026年湖北省武汉市黄陂区三年级上册数学期末试卷,1,1
2025年-2026年湖北省武汉市黄陂区三年级下册英语期末试卷,6,1
2025年10月安徽省2026届皖南八校高三第一次大联考,4,1
2025年10月济南高一统考,12,1
2025年10月考九年级稠州中学,13,1
2025年10月考九年级绣湖中学,9,1
2025年11月三地市,3,1
2025年11月五校联考,27,1
2025年11月鄂尔多斯月考,9,1
2025年134中学八上期中数学,1,1
2025年1月八省联考,9,1
2025年1月普通高等学校招生全国统一考试英语,2,1
2025年1月浙江地理选考题,1,1
2025年1月浙江省普通高校招生选考化学试卷,1,1
2025年1月浙江省普通高校招生选考科目考试 化学真题,1,1
2025年1月，四川省普通高中水业水平和个性考试地理试题,1,1
2025年6月浙江省普通高校招生选考科目,3,1
2025年6月浙江省普通高校招生选考科目考试,5,1
2025年6月诸暨市生物学高一,3,1
2025年8年级上册广州市期末统考,1,1
2025年8年级上册广州市统考物理,3,1
2025年9年级数学上学期期末考试试卷。河南省安阳市殷都区版本,4,1
2025年9月,8,1
2025年9月A10安徽高三上,4,1
2025年9月联考高三上学期,9,1
2025年9月高二第一学期浙江名校协作体物理试题,3,1
2025年Z20高三第一次联考,3,1
2025年z20高三8月第一次联考,1,1
2025年一月八省联考英语,7,1
2025年七上语文期中试卷宁波慈溪,5,1
2025年七上语文期中试卷宁波慈溪新浦,2,1
2025年七年级数学竞赛,3,1
2025年七年级新生分班考试数学,4,1
2025年上学期烟台高一化学期中卷,1,1
2025年上学期烟台高一物理期中卷,2,1
2025年上学期烟台高一生物期中卷,5,1
2025年上学期高二期中校内检测,5,1
2025年上期义务教育期末学业质量监测,39,1
2025年上海初三一模数学,3,1
2025年上海春季考卷,1,1
2025年上海高三三模英语试卷,18,1
2025年上海高考数学,2,1
2025年上海高考英语,3,1
2025年下学期期中质量检测卷,4,1
2025年东北育才高一上数学月考,6,1
2025年中南教学集团新高一入学试卷,1,1
2025年中考,5,1
2025年中考一模 李沧 语文,6,1
2025年中考英语模拟卷一听力,4,1
2025年中考英语试卷,4,1
2025年中考贵阳英语,4,1
2025年临沂市兰山区高一,1,1
2025年临沂市兰山区高一上,3,1
2025年临沂市兰山区高一月考,1,1
2025年临沂市兰山区高一期中,8,1
2025年临沂市兰山区高一期中物理,1,1
2025年临沂市河东区物理八年级上学期,4,1
2025年临沂市高一上学期期末考试化学，临沂一中北校区,2,1
2025年九年级物理秋季开学摸底考试模拟卷,4,1
2025年云南省初中学业水平考试永平县物理,14,1
2025年云南省普通高中学业水平选择性考试地理 原卷,1,1
2025年云南高考,1,1
2025年云南高考历史真题,3,1
2025年云大附中七年级期中考试卷,3,1
2025年五年级下册泰兴市语文期末考试,1,1
2025年保定市东方双语学校，高一期中卷,1,1
2025年克州高二上学期期中考试卷,5,1
2025年克州高二上学期期末考试卷,11,1
2025年克州高二下学期期末考试卷,1,1
2025年全国2卷,1,1
2025年全国2卷语文,3,1
2025年全国一卷的语文答案,6,1
2025年全国一卷英语,1,1
2025年全国卷物理,6,1
2025年全国新高考二卷,2,1
2025年全国高考数学一卷,4,1
2025年全国高考生物模拟卷（绍兴市第一中学））,3,1
2025年全省普通高中学业水平等级考试化学卷,6,1
2025年全省普通高中学业水平等级考试化学卷答案,1,1
2025年八年级上册期末卷,11,1
2025年八年级下册期末卷,6,1
2025年八省联考数学,1,1
2025年八省联考物理,1,1
2025年八省联考英语,2,1
2025年六年级上册期中考试,1,1
2025年凉山州中考英语,4,1
2025年初一入学素养测试试卷,5,1
2025年到20202026年哈尔滨数学期末考试卷子七年级下的,2,1
2025年到2026年下期末考试八年级数学成都市龙泉驿区,43,1
2025年到2026年宁夏高二上物理期中考试,3,1
2025年到2026年山东省青岛市城阳区初二上册期末考试,3,1
2025年到2026年杭州二中高一周末练,38,1
2025年到2026年杭州二中高一年上册数学期末考试,15,1
2025年到2026年益阳市英语试卷,3,1
2025年到2026年镇海中学高一年上册数学期末考试,6,1
2025年北京分班试卷,1,1
2025年北京市朝阳区中考英语二模试卷,7,1
2025年北京市海淀区教育进修学院高一开学考真题,2,1
2025年北京市西城区高一上学期英语,5,1
2025年北京房山区高三开学考试统测,1,1
2025年北京数学高考卷,1,1
2025年华东师范大学第一附属中学，20二五届高35月适应性考试,1,1
2025年南京中考语文卷,3,1
2025年南充一中高2025,1,1
2025年南头中学开学考,7,1
2025年南通中考试卷,1,1
2025年南通如皋高三上学期期初考试政治试卷,3,1
2025年南通如皋高三期初考试地理试卷,1,1
2025年南通如皋高三期初考试政治试卷,3,1
2025年南阳市高一期末物理,4,1
2025年南阳高二上期中考试,1,1
2025年厦门一中高二开学考,1,1
2025年合肥168,1,1
2025年合肥市高三第一次教学质量检测英语,13,1
2025年合肥市高三第二次教学质量检测英语,1,1
2025年吉安县域十一校 联考物理卷子,2,1
2025年吉安县域十一校 联考物理卷子高三,1,1
2025年吉安县域十一校8月 联考物理卷子高三,2,1
2025年吉林省联考高三,6,1
2025年周南中学入学考试试卷,10,1
2025年周南中学考试试卷,5,1
2025年周南中学高一入学考试,11,1
2025年周南中学高一入学考试英语,1,1
2025年周南中学高一入学考试试卷,4,1
2025年周南分班考试试卷,3,1
2025年周南教学集团新高一入学试卷,4,1
2025年喀什市高二期中考试,1,1
2025年喀什市高二期末考试,6,1
2025年四川合格考,1,1
2025年四川省成都市简阳市初三一诊考试,7,1
2025年地生中考卷子,1,1
2025年夏季高考语文卷,13,1
2025年大庆市中考真题,1,1
2025年天津卷高考语文,1,1
2025年天津市初中西青区地理模拟卷,4,1
2025年天津市普通高中学业水平合格性考试,2,1
2025年天津市河东区高二上,3,1
2025年天津市语文中考题答案,7,1
2025年天津高考语文,3,1
2025年太原市成成中学高一入学分班考数学试卷,1,1
2025年如皋市,6,1
2025年安徽中考英语,1,1
2025年安徽六校联考数学,3,1
2025年安徽卷高考物理,3,1
2025年安徽期中联考,8,1
2025年安徽省普通高中学业水平选择性考试,12,1
2025年安徽省江淮十校联考三模,1,1
2025年安徽省江淮十校联考三模语文,1,1
2025年安徽省江淮十校高考三模语文,1,1
2025年安徽省黄山市歙县的高三地理模拟调研卷,4,1
2025年安徽高中入学考试六校联考,1,1
2025年安徽高中入学考试六校联考数学,2,1
2025年安徽高考地理真题。,3,1
2025年安潍坊市六年级下册英语期中考试试卷,1,1
2025年定西一中高一新生入学检测试卷英语试题,1,1
2025年宿迁中学高二上学期开学考,20,1
2025年小升初数学真题试卷武汉东湖高新区,1,1
2025年小升初语文真题试卷武汉东湖高新区,1,1
2025年山东中考数学,9,1
2025年山东化学,1,1
2025年山东曲阜高一上数学月考卷,5,1
2025年山东济宁数学中考试卷,4,1
2025年山东济宁高一上数学月考卷,2,1
2025年山东烟台市高一下期末,1,1
2025年山东烟台市高一下期末物理,22,1
2025年山东省中号真题,1,1
2025年山东省中考初中学业水平,4,1
2025年山东省中考生物真题,6,1
2025年山东省中考真题,9,1
2025年山东省化学高考题,1,1
2025年山东省新泰市泰安市，英语54学制中考试题,3,1
2025年山东省济南市莱芜一中高三上学期开学考试,2,1
2025年山东省烟台市莱阳市中考物理一模试卷,5,1
2025年山东省统考语文,1,1
2025年山东青岛高三三模英语,1,1
2025年山东高考生物真题,1,1
2025年山西11月考数学,7,1
2025年山西现代双语高二上学期开学考,1,1
2025年山西省名校联考二模,4,1
2025年山西省语文高考试卷答案,7,1
2025年山西高二上学期开学考,1,1
2025年巨野县期中考试试卷,3,1
2025年巴中市中考试卷,3,1
2025年巴中市中考试题,3,1
2025年常州市中考化学题,3,1
2025年广东中考数学,8,1
2025年广东揭阳高一上学期期末考,7,1
2025年广东省佛山市一模,3,1
2025年广东省初中学业水平考试数学,7,1
2025年广东省惠州市惠城区升学考,4,1
2025年广东省肇庆市高三一模,8,1
2025年广东韶关仁化数学九年级,5,1
2025年广东高考历史试卷,3,1
2025年广州三模物理卷,5,1
2025年广州二模。,1,1
2025年广州市增城区中考数学零模,1,1
2025年广州市天河区8年级下册数学试卷期末考试,2,1
2025年广州市普通高中,6,1
2025年广州市普通高中毕业班综合测试(二),9,1
2025年广西崇左质检,3,1
2025年广西崇左质检8年级上册,1,1
2025年广西崇左质检8年级上册数学试题,3,1
2025年广西桂林高三开学考试卷,6,1
2025年广西金太阳2026届高三8月开学考试卷,5,1
2025年广西金太阳高三8月开学考试卷,13,1
2025年广西高考地理真题,3,1
2025年广西高考地理真题解析,2,1
2025年度工大高二开学考,1,1
2025年建瓯市第一中学高一上册期中考物理试题,1,1
2025年建瓯市高一上册期中考物理试题,4,1
2025年成人高考,1,1
2025年成都二诊物理,3,1
2025年成都华西中学初一入学数学分班考试,1,1
2025年成都市邛崃市9年级上册物理,1,1
2025年成都市邛崃市9年级上册物理期末试卷,2,1
2025年成都零诊,1,1
2025年揭东区梅岗中学入学考试,4,1
2025年政治高考试卷全国二卷,2,1
2025年政治高考试卷山东,4,1
2025年数学1卷,1,1
2025年数学二卷答案,1,1
2025年数学卷答案,1,1
2025年数学期末试卷庐江县。,1,1
2025年新疆全国二卷语文作文,2,1
2025年新疆吐鲁番市托克逊县第二中学分班考试,4,1
2025年新疆吐鲁番市托克逊县第二中学高一分班考试,1,1
2025年新疆第二中学分班考试,1,1
2025年新高考I卷英语真题 阅读理解,5,1
2025年新高考一卷数学 真题卷,1,1
2025年新高考一卷语文,1,1
2025年春季8年级数学质量检测物理试卷,6,1
2025年普通高中学业水平等级性考试,1,1
2025年普通高中学业水平选择性考试地理,4,1
2025年普通高中学业水平选择性考试地理四团卷,1,1
2025年普通高等学校招生全国统一考试 全国I卷,1,1
2025年普通高等学校招生全国统一考试(全国二卷英语,1,1
2025年普通高等学校招生全国统一考试全国一卷的答案,1,1
2025年普通高等学校招生全国统一考试全国一卷的答案语文,1,1
2025年普通高等学校招生全国统一考试全国二卷英语听力,3,1
2025年普通高等学校招生全国统一考试英语全国一卷,7,1
2025年普通高等学校招生湖南卷,1,1
2025年普通高等学校招生湖南卷生物,3,1
2025年普陀高三数学二模,4,1
2025年月考九年级,1,1
2025年本溪市第十二中学初一入学考试英语卷,8,1
2025年杭州一模,4,1
2025年杭州一练,1,1
2025年杭州市源清中学中学高二上期中考试化学试卷,4,1
2025年松喜中学八上数学期中卷,1,1
2025年松柏中学新高一分班考试卷,3,1
2025年桂林市高二上化学开学考,1,1
2025年桂林市高二上数学开学考,1,1
2025年桂林市高二上物理开学考,6,1
2025年江苏南通高三三模英语试卷,22,1
2025年江苏卷物理,1,1
2025年江苏地理高考,12,1
2025年江苏泰兴市小升初数学试卷,1,1
2025年江苏省普通高中学业水平选择性考试考前预测押题密卷,1,1
2025年江苏省淮安市六年级期末,10,1
2025年江苏省道德与法治第一单元,4,1
2025年江西物理,4,1
2025年江西省普通高中学业水平选择性考试‑物理,4,1
2025年江西省赣州三中高二第一次月考,1,1
2025年江西高考物理,1,1
2025年汨罗九年级上册数学,6,1
2025年沧州第二学期期末联考生物,1,1
2025年沧州高三第二学期期末联考数学,1,1
2025年沧州高中第二学期期末联考数学,2,1
2025年沧州高中第二学期期末联考生物,6,1
2025年沧州高二第二学期期末联考数学,4,1
2025年河东,1,1
2025年河东英语,1,1
2025年河东英语高三,3,1
2025年河北中考一模数学,1,1
2025年河北省中考语文试题,5,1
2025年河北省初中学业水平考试英语,10,1
2025年河南省安阳市滑县中考模拟预测语文试题,6,1
2025年河南省普通高中学业水平选择性考试物理,3,1
2025年河南省普通高中学业水平选择性考试物理测评卷（三）,5,1
2025年河南郑州高三上学期第一次质量预测英语,1,1
2025年河南郑州高三上学期第二次质量预测英语,3,1
2025年河南郑州高三第二次质量预测英语,1,1
2025年河南高考历史真题,4,1
2025年河西英语高三,2,1
2025年泗阳初一期中数学,1,1
2025年洛阳市期中,1,1
2025年济南历下区八年级下期中数学,1,1
2025年济南历下区八年级下期末英语,3,1
2025年济南市 第一次学情调研 10月,15,1
2025年济南市莱芜区第一中学高一第一次月考,1,1
2025年济南市莱芜区高一第一次月考,1,1
2025年济南市莱芜第一中学高一第一次月考卷，数学,6,1
2025年济南市高一第一次月考,1,1
2025年济南市高三开学考,1,1
2025年济宁市中考真题,1,1
2025年浙江6月选考技术,2,1
2025年浙江z20高三第一次联考信息,1,1
2025年浙江一月高考英语听力,5,1
2025年浙江学考数学试卷,3,1
2025年浙江技术,1,1
2025年浙江省台州市高二下期末生物,6,1
2025年浙江省嘉兴市高三基础测试,1,1
2025年浙江省杭州二中中学高一年上册期末考试数学试卷,4,1
2025年浙江省镇海中学高一年上册期末考试数学试卷,1,1
2025年浙江高三上学期z20信息,3,1
2025年浙江高三期初z20,4,1
2025年浙江高三期初z20信息,1,1
2025年浙江高考数学真题,1,1
2025年海南省新高考物理试卷,3,1
2025年深圳15校模拟联考,3,1
2025年深圳市普通高中高一年级调研考试化学,22,1
2025年深圳市高三年级第一次调研考试,4,1
2025年清华强基计划,1,1
2025年湖北武汉华东师范大学第一附属中学，20二五届高35月适应性考试,7,1
2025年湖北武汉华东师范大学第一附属中学，20二五届高35月适应性考试，三维复合场压轴,1,1
2025年湖北省九师联盟,7,1
2025年湖北省高三二模英语试卷,18,1
2025年湖北省高考物理,1,1
2025年湖南师大附中小升初试卷,3,1
2025年湖南师范大学附中一模,6,1
2025年湖南省普通高中学业水平选择性考试思想政治,1,1
2025年湖南省普通高中学业水平选择性考试政治,10,1
2025年漳州市第1次市质检生物试卷,8,1
2025年烟台中考数学,9,1
2025年版药典通则,3,1
2025年物理二诊四川成都,1,1
2025年甘肃高中学业水平合格性考试,2,1
2025年的2026年临沂市河东区物理八年级上学期,1,1
2025年的2026年临沂市河东区英语七下期末考试,1,1
2025年盐城市中考地理试卷,1,1
2025年盐城市中考地理试卷卷,4,1
2025年盐城市中考生物试卷,2,1
2025年盐城市中考考试试卷,2,1
2025年眉山高一上,5,1
2025年真题河南省普通高中学业水平选择性考试物理,2,1
2025年福州市高三开学考试,1,1
2025年福州市高三质检一,1,1
2025年福建省泉州市丰泽区小升初,2,1
2025年福建省福州市初三语文一检卷,2,1
2025年福建省高考物理试卷,3,1
2025年福建莆田华侨中学高二上,2,1
2025年福建莆田华侨中学高二上开学考,2,1
2025年福建高考,2,1
2025年福清市8年级上册期末考试卷,1,1
2025年秋季九年级期中限时检测试卷物理,13,1
2025年秋季八年级期中质量检测英语试题,21,1
2025年秋季学期1月单元作业九年级物理学科,1,1
2025年秋季学期九年级开学收心练习,1,1
2025年秋季学期期末学业质量检测,3,1
2025年秋季学期期末学业质量监测七年级英语河池,2,1
2025年秋季学期高一期末考试,2,1
2025年秋季高三开学摸底考试模拟卷,8,1
2025年秋季高三开学摸底考试模拟卷02,1,1
2025年秋季高三开学摸底考试模拟卷全国通用,3,1
2025年秋季高三开学摸底考试模拟卷山东,11,1
2025年秋季高三开学摸底考试模拟卷青岛,4,1
2025年秋学期期中学情调查九年级化学试题姜堰,1,1
2025年秋学期期中学情调查九年级物理试题姜堰,1,1
2025年秋学期期中考试八年级数学试题,6,1
2025年秋期高中一年级期中质量评估化学试题,22,1
2025年章丘区高一上半学期数学月考,3,1
2025年第一学期浙江省七彩阳光新高考研究,1,1
2025年第二学期期末高二物理,1,1
2025年第二学期杭州市高二年级教学质量检测,9,1
2025年第二学期温州新力量联盟期末联考高二年级日语,6,1
2025年简阳市初三一诊考试,3,1
2025年绵阳市高一上期末数学考试,6,1
2025年绵阳市高一上期末物理考试,3,1
2025年至2026学年安徽省池州市贵池区高一上学期第一次月考检测数学试卷,3,1
2025年至2026年学年度 第二学期第二阶段学业质量监测,3,1
2025年至2026年学年度 第二学期第二阶段学业质量监测 八年级数学,1,1
2025年舒城中学开学考试,11,1
2025年英语1卷 全国新高考1卷真题,4,1
2025年英语成都中考,15,1
2025年英语高考卷江苏,3,1
2025年萧山五中分班考,3,1
2025年萧山五中综合素质检测,7,1
2025年襄阳市春季中小学学科素养综合作业数学试题7年级下册,3,1
2025年襄阳市秋季中小学学科素养综合作业数学试题7年级下册,8,1
2025年西双版纳州第一中学高一必修一上数学期中考试试卷学,4,1
2025年语文,1,1
2025年课表3100词背默单,4,1
2025年贵州省历史高考卷,2,1
2025年贵州省普通高中学业水平选择性考试生活,6,1
2025年贵州省毕节市高考生物一诊试卷,10,1
2025年贵州遵义市高一下期末物理,11,1
2025年赣州市高三开学考试,6,1
2025年赣州市高三开学考试考试,1,1
2025年赣州市高二下期末考试,1,1
2025年赤峰市高一年级学年联考试题期末,9,1
2025年辽宁省五校协作体10月份考试,13,1
2025年辽宁省名校联盟高三9月份联合考试卷,1,1
2025年辽宁省数学高考卷,2,1
2025年辽宁省本溪市实验中学初一入学考试卷英语,4,1
2025年辽宁省本溪市第十二中学初一入学考试卷英语,5,1
2025年辽宁省本溪市第十二中学初一入学考试英语卷,2,1
2025年通济实验新初一入学摸底考试试题,1,1
2025年重庆一中初2026届初三上期阶段性消化作业（一）化学试题卷,11,1
2025年重庆一中初二下期期末考试,1,1
2025年重庆八中高一上开学考物理卷,3,1
2025年重庆西附九上期中,1,1
2025年重庆西附九上期中数学试卷,3,1
2025年重庆高考,4,1
2025年长沙医卫职业技能测试试卷,1,1
2025年长沙市中考英语听力音频,2,1
2025年长沙市周南教育集团新高一入学考试英语试卷,1,1
2025年长沙市周南教育集团新高一入学考试语文试卷,7,1
2025年长沙市长郡教育集团新高一入学考试语文试卷,1,1
2025年长沙民政职业技能考试试卷,3,1
2025年长治实验中学七年级摸底考试,4,1
2025年长清中学开学考,3,1
2025年长郡中学高一分班考试,3,1
2025年长郡中学高一考试,1,1
2025年陕晋宁青高考真题地理试题,4,1
2025年陕西普通高中学业水平性考试物理,3,1
2025年陕西省高考地理试卷,5,1
2025年雅礼期中试卷,1,1
2025年雅礼期中试卷九上,3,1
2025年青岛二中丘班,1,1
2025年青岛二中后备人才一轮真题,1,1
2025年青岛二中后备人才真题,1,1
2025年青岛即墨区小升初数学卷,1,1
2025年青岛市统一开学考试,3,1
2025年青岛市统一开学考试城阳,1,1
2025年青岛自招真题,7,1
2025年青岛高三年级期初调研检测物理试题,5,1
2025年青海高考试卷政治,4,1
2025年青苗计划考试试题,1,1
2025年顺一模,8,1
2025年驻马店地高入学卷,5,1
2025年高一上滕州一中数学期中考试试卷,8,1
2025年高一上物理金华十校期末联考,3,1
2025年高一下物理金华十校期末联考,5,1
2025年高一下物理金华十校联考,4,1
2025年高一物理金华十校联考,3,1
2025年高三上学期开学考安徽数学A10,5,1
2025年高三期初z20,1,1
2025年高三期初调研检测,1,1
2025年高三物理二轮复习,1,1
2025年高三物理二轮复习专现提升,5,1
2025年高三第二次模拟考试历史,1,1
2025年高三第二次联合模拟考试,6,1
2025年高二上期中语文房山区,3,1
2025年高考一卷英语真题音频,3,1
2025年高考全国1卷高考真题,2,1
2025年高考全国ll卷化学,1,1
2025年高考全国一卷化学,1,1
2025年高考全国一卷化学河北,1,1
2025年高考全国一卷语文,4,1
2025年高考全国二卷语文,3,1
2025年高考卷,3,1
2025年高考卷化学 二卷,2,1
2025年高考卷贵州卷一,1,1
2025年高考卷高考一卷,1,1
2025年高考卷高考一卷，河北,4,1
2025年高考复习地理,4,1
2025年高考山东政治,1,1
2025年高考政治,2,1
2025年高考文科,2,1
2025年高考湖南卷,1,1
2025年高考湖南卷历史真题,3,1
2025年高考真题四川卷,1,1
2025年高考真题四川卷生物,8,1
2025年高考综合改革适应性练习八省联考语文,2,1
2025年高考英语听力原文,2,1
2025年高考英语试卷,2,1
2025年高考试卷,4,1
2025年高考语文试卷,1,1
2025年高考陕京青宁卷政治高考真题,1,1
2025年高考陕京青宁卷数学高考真题,1,1
2025年高考题（7月,1,1
2025年黄冈九月调考历史,1,1
2025年黑龙江合格考,4,1
2025年黑龙江高考试题,1,1
2025年龙东数学高考真题,1,1
2025年，七年级上册数学统考试卷揭阳市普宁市,3,1
2025年，七年级下册数学统考试卷揭阳市普宁市,3,1
2025年，保定市第一中学高一上学期期中卷,1,1
2025年，保定市第一中学高一期中卷,1,1
2025年，山东省淄博市张店区张店七中化学试卷,1,1
2025广东中考语文真题,4,1
2025广东深圳语文三模,1,1
2025广东物理,1,1
2025广东部分名校期中历史,3,1
2025广东高一物理必修一必修二期末统考,2,1
2025广州一模,8,1
2025广州一模化学,1,1
2025广州中考化学中考导练,2,1
2025广州市调研化学,1,1
2025广西数学中考,3,1
2025延边州零模,1,1
2025张家口市高2上学期期中,4,1
2025强基,10,1
2025当年六学年 湖南省长沙市青竹湖湘阴外国语学校8年级上期中历史试卷,1,1
2025当年六学年 湖南省长沙市青竹湖湘阴外国语学校8年级上期中月考历史试卷,1,1
2025当年六学年 湖南省长沙市青竹湖湘阴外国语学校8年级上第一次月考历史试卷,1,1
2025徐州零模,4,1
2025德州一中高一开学考,1,1
2025德州模拟,1,1
2025德州模拟数学,16,1
2025德州高三开学考试,3,1
2025思明区数学,2,1
2025思明区数学毕业考,1,1
2025扬中高级中学高一,2,1
2025扬州中考,3,1
2025扬州邗江区高一上期中数学试卷,2,1
2025扬州高一期末数学,2,1
2025扬州高一期末物理理,4,1
2025抚州高一上学期期末测试,1,1
2025政治天津卷,1,1
2025政治考研真题,1,1
2025政治高考江苏,1,1
2025教研连盟,1,1
2025数学中考,5,1
2025数学期末,8,1
2025数学第一次质检,1,1
2025数学苏州期初,1,1
2025数学苏州期初高三,5,1
2025新乡调研数学卷,3,1
2025新乡高三二模数学卷,4,1
2025新课标一卷,1,1
2025新课标一卷生物,1,1
2025新课标生物,1,1
2025新高考I卷英语真题,10,1
2025新高考I卷英语真题 答案 2024新高考I卷英语真题 答案 2023新高考I卷英语真题 答案,1,1
2025新高考I卷英语真题+答案   2024新高考I卷英语真题+答案   2023新高考I卷英语真题+答案,1,1
2025新高考Ⅱ卷 语文真题,5,1
2025新高考Ⅱ卷 语文真题（原卷版）,2,1
2025新高考一卷数学高考,1,1
2025新高考二卷历史,3,1
2025新高考二卷数学,1,1
2025新高考全国二卷陕青宁化学,4,1
2025昆山九年级化学一模,3,1
2025春季高考语文,1,1
2025春季高考语文天津,1,1
2025是2026年的大理州统考七下试卷,8,1
2025晋中市介休市第一次月考,3,1
2025晋中市第一次月考,1,1
2025普通高中学业水平考试四川卷物理试题,1,1
2025普通高等学校招生全国统一考试语文,2,1
2025最难中考卷,4,1
2025朝阳数学一模,4,1
2025期中,5,1
2025期中省实验,15,1
2025杨村一中物理,7,1
2025杭州一模,2,1
2025杭州市上城区九年级上册期末考试数学试卷,1,1
2025杭州第一次模拟,6,1
2025松江一模试卷答案,1,1
2025枣庄市七年级下册数学期末考试试卷,1,1
2025武冈一中高一期中考试试卷,2,1
2025武汉9月调考数学,3,1
2025武汉四月政治,1,1
2025武汉四月政治高三,6,1
2025武汉四调,6,1
2025武汉四调二模,7,1
2025武汉英语,1,1
2025武汉英语三调,1,1
2025武汉英语第三次调研,12,1
2025武汉英语调研高三,6,1
2025永州一模英语,3,1
2025永州一模英语听力,1,1
2025江苏生物,3,1
2025江苏苏州语文一模,12,1
2025江苏高考政治真题,2,1
2025江苏高考物理,1,1
2025江西高考生物真题,9,1
2025河东区高三年级,9,1
2025河东区高三年级一模,2,1
2025河东区高三年级模拟,1,1
2025河北二模数学,1,1
2025河北政治高考题,4,1
2025河北数学期中,4,1
2025河北生物高考题,3,1
2025河北省定兴县三年级期末考试,8,1
2025河北省定兴县四年级期末考试,11,1
2025河南会考数学卷,1,1
2025河南历史高考真题,3,1
2025河南生物,1,1
2025河南省安阳县第一次调研考试,3,1
2025河南高三联考数学,4,1
2025泉州一模,1,1
2025泰兴初一入学素养测试数学,2,1
2025泰兴数学素养测试数学,3,1
2025泰州中考,1,1
2025泰州中考数学,1,1
2025济南一模,8,1
2025济南九年级数学上册第一次月考,19,1
2025济南历下八年级物理上册期中考试,2,1
2025济南长清九年级数学上册期中考试,3,1
2025济南高一数学上册第一次月考,1,1
2025济宁一中开学考考试,1,1
2025济宁市高二上学期期末数学,11,1
2025浙江,1,1
2025浙江省期中数学高二上学期,3,1
2025浙江首考,1,1
2025浙江首考政治,3,1
2025浙江高考历史,4,1
2025海淀期中九上,19,1
2025海港区九上开学考,3,1
2025海港区八上期中物理试卷,4,1
2025深一模化学,4,1
2025深深圳一模化学,1,1
2025温州,2,1
2025温州A,2,1
2025湖北合格考试卷,2,1
2025湖北物理,1,1
2025湖北省石首市文昌小学一年级上册语文期中试卷,1,1
2025湖北黄石第一次月考卷,1,1
2025湖北黄石第一次月考卷物理,21,1
2025湖南历史高考,3,1
2025湖南永州巿第四中学,4,1
2025湖南高三开学考,1,1
2025湖南高三开学考物理,1,1
2025湖南高考物理,1,1
2025湖州中学分班考高一试卷卷,2,1
2025滁州市,1,1
2025滁州市一中,1,1
2025滁州市滁县,1,1
2025滁州市高二第一次月考物理,10,1
2025漳州质检卷,13,1
2025潍坊一模,1,1
2025牛山一中高二上10月月考数学,8,1
2025牛山一中高二上开学考数学,3,1
2025物理,1,1
2025物理一模宁波,5,1
2025物理一模杭州,4,1
2025物理湖南高考卷,1,1
2025物理特长生试卷南京市初中,1,1
2025物理竞赛,1,1
2025物理高考山东,1,1
2025生物沈阳教联体,7,1
2025生物高考真题,1,1
2025界广东省4校,5,1
2025番禺区高二下政治,1,1
2025百熙实验中学八年级物理学科素养竞赛,1,1
2025祥城中学九年级第一次数学月考,2,1
2025福建模拟,4,1
2025福建泉州质检,11,1
2025福建省厦门六中,1,1
2025福建省厦门六中入学,1,1
2025福建第二学期质量抽测,1,1
2025福建高考物理,3,1
2025秋人仁爱科普版英语8年级上册单词表每日背默各单元词汇表,1,1
2025秋季七年级数学第一阶段素养达标测试,8,1
2025秋季七年级数学第一阶段素养达标测试c卷,8,1
2025第二学期八年级物理假期作业,9,1
2025第二学期八年级物理假期作业1,4,1
2025紫金县九年级上册期中,1,1
2025级 高一洛阳期末,1,1
2025级通济实验新初一入学摸底考试试题,1,1
2025级高一7月初期末质量检测,8,1
2025级高一期中测试58中,1,1
2025耀华高三第二次月考,6,1
2025肥城高三开学考,1,1
2025肥城高三开学考化学,3,1
2025肥城高三开学考数学,4,1
2025肥城高三开学考物理,4,1
2025肥城高三开学考生物,2,1
2025至2026九上南京市物理期末考卷,3,1
2025至2026九上苏州市物理期末考卷,4,1
2025至2026学年8年级下学期道德与法治单元自测卷第1单元基础卷,4,1
2025至2026学年上学期学情调研卷八年级英语人教版,1,1
2025至2026学年保定市徐水区高一第一学期期末语文调研考试试题,6,1
2025至2026学年保定市徐水区高一第一学期期末语文调研考试试题人教版,6,1
2025至2026学年保定市徐水区高一第二学期期末语文调研考试试题人教版,11,1
2025至2026学年保定市徐水第一学期期末语文调研考试试题,1,1
2025至2026学年保定市第一学期期末语文调研考试试题,1,1
2025至2026学年八年级上学期期末模拟卷云南卷，英语,11,1
2025至2026学年北京市11学校八年级下期末数学试卷三,1,1
2025至2026学年度上期10月学术水平诊断测评物理,1,1
2025至2026学年度上期初二025级期末抽样调查,9,1
2025至2026学年度下期礼嘉中学初2025级英语暑假作业二,2,1
2025至2026学年度河东区九年级质量检测,1,1
2025至2026学年度第二学期七下期末统考道法真题,2,1
2025至2026学年度辽宁省营口市部分学校历史学科高一第二学期期末考试试卷及答案,1,1
2025至2026学年江苏省南通市高三上期中数学试卷,1,1
2025至2026学年福州市高三年级第一次质量检测数学试题,2,1
2025至2026学年第一学期期中调研试卷高二英语,3,1
2025至2026学年第一学期期末调研卷高一 语文,1,1
2025至2026学年第一学期期末调研卷高一 语文 保定市徐水区,1,1
2025至2026学年第一学期期末调研卷高一上学期  语文 保定市徐水区,2,1
2025至2026学年第一学期期末调研卷高一上学期  语文 保定市徐水区 徐水区高级综合高中,4,1
2025至2026学年第二学期期末六年级数学邹平,1,1
2025至2026学年第二学期期末六年级英语,6,1
2025至2026学年第二学期期末六年级语文邹平,5,1
2025至2026学年第二学期期末六年级道德与法治邹平,3,1
2025至2026学年第二学期期末六年级音乐邹平,4,1
2025至2026学年第二学期期末模拟试卷六年级英语,1,1
2025至2026学年第二学期期末调研卷高一上学期  语文 保定市徐水区,1,1
2025至2026学年莆田一中期末考试高二上学期英语,3,1
2025至2026学年龙岗区第二学期学科素养期中八年级下,3,1
2025至2026年 河南省安阳市 文峰区语文 六年级下册,1,1
2025至2026年 河南省安阳市文峰区语文 七年级 水平测试,3,1
2025至2026年 河南省安阳市文峰区语文水平测试,2,1
2025至2026年9上物理期中考试 黄岛区,7,1
2025至2026年几乎上物理期中考试 黄岛区,1,1
2025至2026年四川省成都市高三诊断模拟试卷,2,1
2025至2026年明集团九上化学期中考试卷,1,1
2025至2026年第一学期期中调研试卷高二英语,16,1
2025至2026年长沙市一中双语九上化学第三次月考考试卷,4,1
2025至2026年长沙市一中集团九上化学期中考试卷,9,1
2025至2026年长沙市周南实验中学九上数学期中考试卷,2,1
2025至2026年长沙市周南集团九上化学期中考试卷,2,1
2025至2026年长沙市师大附中集团九上化学期中考试卷,2,1
2025至2026年长沙市明德集团九上化学期中考试卷,3,1
2025至2026年长沙市明德集团九上数学期中考试卷,4,1
2025至2026年长沙市长郡集团九上化学第三次月考考试卷,5,1
2025至2026年长沙市雅礼集团九上化学期中考试卷,3,1
2025至2026年长沙市雅礼集团九上化学第三次月考考试卷,4,1
2025至2026河北邯郸邯郸五校联考必修一数学期中,5,1
2025至2026第二学期高一一年级期末考试,2,1
2025至2026联盟检测,1,1
2025至2026邯郸五校联考必修一数学期中,2,1
2025至2026高二上学期期末天一联考,1,1
2025至2026高二上学期期末天壹校内检测,1,1
2025至2026高二上学期期末天壹联考,2,1
2025至2026龙湖区数学七下统考卷,3,1
2025苏州市中考卷语文,5,1
2025苏锡常镇一模,7,1
2025苏锡常镇一模生物,2,1
2025苏锡常镇高三英语一模,7,1
2025英语1月学考,5,1
2025英语全国二卷,4,1
2025英语合格考,7,1
2025英语名校协作高三,5,1
2025莱西高二上学期物理期中考试卷,4,1
2025语文全国二卷,1,1
2025语文北京卷,1,1
2025语文最后一卷,1,1
2025语文高考全国二卷,1,1
2025贵州地理高考,2,1
2025贵州省中考语文满分作文,2,1
2025贵州语文高考,3,1
2025贵州高考卷生物,2,1
2025贵州高考政治,3,1
2025贺州市八步区六上期中卷,10,1
2025起点考内蒙古,7,1
2025辽南协作体,1,1
2025辽宁中考123地理,3,1
2025辽宁丹东高二期中,3,1
2025辽宁丹东高二期中数学,5,1
2025辽宁协作校,1,1
2025辽宁协作校高三数学四模试卷,3,1
2025辽宁卷,1,1
2025辽宁名校联盟物理12月份联考,2,1
2025辽宁名校联盟物理高一12月份联考,2,1
2025辽宁省中考英语,4,1
2025辽宁省中考英语一模,1,1
2025辽宁省丹东市东港市,39,1
2025辽宁省大连市中考英语一模,3,1
2025辽宁省大连市中考英语二模,2,1
2025辽宁省葫芦岛市校协作体11,48,1
2025辽宁省高三上11月期中考试物理联合体,1,1
2025辽宁高一下数学第一次月考卷,1,1
2025运城期末数学,7,1
2025连云港市中考作文优秀范文,3,1
2025邵阳市高一上学期期末考试数学试卷,3,1
2025郑州一中数学第一次月考试卷,1,1
2025郑州一中高中数学第一次月考试卷,5,1
2025郑州高三二测试卷,20,1
2025重庆一诊数学,12,1
2025金太阳陕西汉中高三联考,8,1
2025金太阳陕西高三联考语文,7,1
2025金山一模试卷答案,9,1
2025金山区一模,1,1
2025银川一中秋季物理高二月考,1,1
2025镇海力学初一物理卷,2,1
2025镇海物理卷,1,1
2025长宁区一模试卷答案,5,1
2025长春市中考语文卷,3,1
2025长沙中考真题,3,1
2025长沙市明德中学高二开学考英语试卷,1,1
2025长沙市明德中学高二开学考试试卷,4,1
2025长沙市第一铁路中学高一入学试卷,1,1
2025长沙铁道单招试卷,1,1
2025陕晋青宁化学,7,1
2025陕西中考语文,2,1
2025陕西高考化学真题,1,1
2025青岛数学一摸,7,1
2025青岛数学一摸山东,1,1
2025青岛数学一模山东,2,1
2025鞍山一中高一开学考,3,1
2025顺德区高一上学期数学期未试卷,5,1
2025香坊九年级上册数学期末,2,1
2025高一上册开学考,1,1
2025高一下期末雅礼,1,1
2025高一入学考,9,1
2025高一段考,7,1
2025高一江苏徐州期中数学,4,1
2025高三七彩阳光数学,3,1
2025高三上九月,2,1
2025高三上九月份,2,1
2025高三上九月份联考,4,1
2025高三开学六校联考,2,1
2025高三数学湖南长沙一中月考,3,1
2025高中二年级上学期数学期末,9,1
2025高中政治全国2卷,1,1
2025高中政治全国乙卷,1,1
2025高中政治全国卷,1,1
2025高中数学联赛,1,1
2025高二上数学期中,1,1
2025高二上第一次月考,5,1
2025高二上第一次月考山东,2,1
2025高二九月名校联盟化学,1,1
2025高二九月辽宁名校联盟化学,3,1
2025高二开学考,2,1
2025高二开学考炎德,3,1
2025高二数学第一次月考,10,1
2025高二杭州英语期中,6,1
2025高二杭州英语期中第二学期,11,1
2025高新区小升初试卷数学,1,1
2025高考Ⅱ卷数学,2,1
2025高考二卷英语,1,1
2025高考二卷英语一卷,1,1
2025高考全国一卷,2,1
2025高考全国一卷英语,1,1
2025高考全国二卷,1,1
2025高考卷英语,1,1
2025高考卷英语江西,1,1
2025高考历史卷,1,1
2025高考历史卷四川,5,1
2025高考政治全国卷,3,1
2025高考政治天津卷,3,1
2025高考政治真题,1,1
2025高考政治青海卷,1,1
2025高考数学2卷,1,1
2025高考数学I,1,1
2025高考模模台州一模历史,21,1
2025高考模模台州一模政治,25,1
2025高考模模台州二模历史,7,1
2025高考模模台州二模政治,13,1
2025高考江苏生物,3,1
2025高考物理广东答案,2,1
2025高考生物山东,1,1
2025高考真题,5,1
2025高考真题辽宁,1,1
2025高考综合改革适应性演练八省联考,4,1
2025高考英语,3,1
2025高考英语全国一卷,1,1
2025高考英语真题试卷,1,1
2025高考语文全国二卷,9,1
2025高考语文新高考二卷,1,1
2025高考重庆卷化学真题,1,1
2025高联一试,1,1
2025高联初赛,4,1
2025黄冈市9月调研,8,1
2025黑龙江物理高考,1,1
2025，九年级毕业暨升学模拟考试,25,1
2025，深圳二模,1,1
2025－2026二次函数提升卷,5,1
2025－2026二次函数提升卷临沂市,3,1
2025－2026二次函数提升卷山东省,2,1
2025－2026学年高二下学期数学期末模拟卷,9,1
2025－2026运城市高三年级九月份摸底考试,18,1
2025－2026运城市高三年级九月份摸底考试数学试题,1,1
2025～2026 湖南省长沙市怡海中学8年级上第一次月考物理试卷。,2,1
2025～2026 湖南省长沙市怡海中学8年级上第一次月考英语试卷。,5,1
2025～2026 湖南省长沙市雅礼中学8年级上第一次月考物理试卷。,3,1
2025～2026 湖南省长沙市雅系8年级上第一次月考物理试卷。,3,1
2025～2026 湖南省长沙市青竹湖湘一外国语学校8年级上第一次月考政治试卷。,1,1
2025～2026 湖南省长沙市青竹湖湘一外国语学校8年级上第一次月考物理试卷。,18,1
2025～2026 湖南省长沙市青竹湖湘一外国语学校8年级上第一次月考英语试卷。,5,1
2025～2026 湖南省长沙市青竹湖湘一外国语学校8年级上第一次月考语文试卷。,10,1
2025～2026八年级道德与法治学科,20,1
2025～2026合肥第五十中九年级上册数学第1次月考,10,1
2025～2026合肥第五十中九年级上册数学第21章第1次月考,6,1
2025～2026合肥第五十中九年级上册第1次月考,2,1
2025～2026呼和浩特市高三起点考试,10,1
2025～2026天津市河北区高中物理,3,1
2025～2026天津市河北区高中物理高三,2,1
2025～2026学年八年级道德与法治下学期期末模拟卷,6,1
2025～2026学年度第一学期质量监测高二地理,1,1
2025～2026学年度第二学期大通县期末检测高一化学,6,1
2025～2026学年第二学期期中学情诊断高二英语,4,1
2025～2026学年铜陵市铜官区第一学期期末质量监测五年级数学试卷,2,1
2025～2026学易金卷8年级上期末物理模拟卷。湖南专用。,1,1
2025～2026年上海市洋泾中学高二下学期期末考试语文,5,1
2025～2026年上海市洋泾中学高二下学期期末考试语文文字版,2,1
2025～2026年上海市高二下学期期末考试化学,2,1
2025～2026年上海市高二下学期期末考试生物,13,1
2025～2026年上海高二下学期期末考试化学,14,1
2025～2026年上海高二下学期期末考试数学,7,1
2025～2026年上海高二下学期期末考试物理,2,1
2025～2026年上海高二下学期期末考试物理文字版,2,1
2025～2026年上海高二下学期期末考试生物,3,1
2025～2026年上海高二下学期期末考试英语,2,1
2025～2026年上海高二下学期期末考试语文,5,1
2025～2026年天津市南开中学高二下学期期末考试,16,1
2025～2026年潢川县五中六下,1,1
2025～2026武汉市华师一附中高二上期末物理,1,1
2025～2026，郓城县八上期末物理试卷,3,1
2026  6月全国高考 地理,7,1
2026  6月浙江省普通高校招生选考科目考试 地理,3,1
2026  全国高考 地理,4,1
2026  全国高考语文一二卷答案,2,1
2026  孝感市云梦县高一,10,1
2026  孝感市高一,34,1
2026  英语高考一卷,1,1
2026  高考,2,1
2026  高考 化学,5,1
2026 0,1,1
2026 0 0 1卷 全国高考 日语,3,1
2026 0 0 1卷 全国高考 葡萄牙语,2,1
2026 0 0 1卷 全国高考 语文答案,1,1
2026 0 0 1卷 全国高考卷,4,1
2026 0 0 1卷 安徽高考 物理,1,1
2026 0 0 1卷 山东省全国高考 地理,2,1
2026 0 0 1卷 山东高考 数学,3,1
2026 0 0 1卷 高考 物理,5,1
2026 0 0 2卷 全国高考 英,4,1
2026 0 01卷 高考 数学全国真题,1,1
2026 0 01卷 高考 英语,7,1
2026 0 01卷 高考数学全国一卷,4,1
2026 0 01卷 高考生物河南,1,1
2026 0 1 1卷 数学 新高考一卷,3,1
2026 2025八年级下册期末数学,5,1
2026 2025八年级下册期末英语,1,1
2026 2卷 全国高考,3,1
2026 T8联考四月,1,1
2026 上海市普通高校春季招生统一文化考试语文,3,1
2026 中考,7,1
2026 中考 数学,1,1
2026 中考宝典 数学 广东专用,2,1
2026 中考英语,1,1
2026 中考英语河南,6,1
2026 全国 02卷 高考数学,1,1
2026 全国 1卷,6,1
2026 全国 1卷化学,1,1
2026 全国 2卷 高考卷语文真题,1,1
2026 全国一卷语文高考,3,1
2026 全国新课标 2 卷英语,5,1
2026 全国高考 西北四省物理,6,1
2026 八省八校T8联考,9,1
2026 初二 英语期末考试,4,1
2026 北京房山,1,1
2026 北京房山初二（下）物理,3,1
2026 四川巴中中考 中考,5,1
2026 地理高考全国卷真题,2,1
2026 天津英语,2,1
2026 宁德期中,6,1
2026 安徽高考化学真题,5,1
2026 山东高二 数学 期末,3,1
2026 山东高二 菏泽数学 期末,4,1
2026 山东高考物理 山东卷真题,3,1
2026 市北区 语文 一模,3,1
2026 年  化学 高考 真题,1,1
2026 年 02卷 高考真题语文答案,6,1
2026 年1月浙江高考英语,2,1
2026 年天津市十二区重点学校物理高三毕业联考,4,1
2026 年天津市十二区重点学校高三毕业联考,3,1
2026 年广东高考,4,1
2026 年第 39 届奥林匹克化学竞赛初赛，黑龙江省,20,1
2026 年高一sm物理金华十校联考,2,1
2026 年高一上sm物理金华十校联考,1,1
2026 年高一上第一物理金华十校联考,1,1
2026 年高考广东卷地理高考真题 (网络收集版),3,1
2026 年高考数学,1,1
2026 数学 全国1卷真题,3,1
2026 江苏高考生物,1,1
2026 河南历史,3,1
2026 河南物理高考真题,2,1
2026 济南中考真题,1,1
2026 海口期末,1,1
2026 海口期末地理,3,1
2026 深圳 中考试卷真题,7,1
2026 湖北物理高考真题,3,1
2026 物理 1卷 高考全国卷真题山东卷,3,1
2026 物理 2卷 高考全国卷真题,3,1
2026 生物 1卷高考卷真题,1,1
2026 英语1II卷 全国1卷真题,2,1
2026 英语1II卷 全国2卷真题,5,1
2026 英语中考,3,1
2026 西安中考,3,1
2026 语文 1卷高考卷,3,1
2026 语文 1卷高考卷真题,7,1
2026 语文 全国2卷高考,4,1
2026 陕西高考 物理,2,1
2026 首考物理,1,1
2026 首考物理一月浙江卷,2,1
2026 高二 数学,1,1
2026 高考 01 卷数学,3,1
2026 高考 数学,4,1
2026 高考 语文 1卷试卷答案,3,1
2026 高考 语文 2卷试卷,1,1
2026 高考 语文 2卷试卷答案,1,1
2026 高考 语文 2卷试卷解析,5,1
2026 高考历史江苏,1,1
2026 高考数学,1,1
2026 高考数学1卷全国,5,1
2026 高考物理,2,1
2026 高考英语,3,1
2026 龙江期末 八下 英语,1,1
2026-2024高考数学真题,3,1
2026-2027入学数学摸底测试,4,1
2026-2027学年 湖南 七年级数学 真题汇编,9,1
2026-2027学年⾼中⽣物必修⼀单元⾃测,1,1
2026-2027学年七年级英语上册开学摸底卷（江西南昌专用,1,1
2026-2027学年九年级上册数学单元自测（福建专用）第二十六章 二次函数,1,1
2026-2027学年九年级物理开学学情调研卷,2,1
2026-2027学年八年级第一次阶段性检测,6,1
2026-2027学年八年级英语上册词汇精讲精练,1,1
2026-2027学年广东省深圳市高三数学秋季开学考模拟练习卷,7,1
2026-2027学年通用技术综合测试卷,1,1
2026-2027学年高一上学期物理粤教版必修第一册课时练习,4,1
2026-2027学年高一入学数学摸底测试,5,1
2026-2027学年高一英语必修二、必修三综合测试卷2,1,1
2026-2027学年高三上学期开学考数学模拟卷,4,1
2026-2027学年高二上学期单元测试卷空间向量与立体几何,23,1
2026-2027学年高二英语,9,1
2026-2027年山东省市高一下学期期末考试数学试题,1,1
2026-2027年高三秋季开学质量调查试卷（14+4）,3,1
2026-2027年高三秋季开学高质量练习卷,2,1
2026-2027年高三秋季开学高质量练习卷（14+4）,3,1
2026-2027高一入学数学摸底测试,1,1
2026-2027高一入学数学测试,7,1
2026-2027高三开学考试,7,1
2026-2027高中必修一生物单元自测第二章,1,1
2026.06高考物理浙江试题,4,1
2026.4浙江七彩阳光高二期中英语试卷,1,1
2026.6浙江宁波三锋联盟高一期未英语,1,1
2026.7抚顺实验八年数学期末试卷+答案.pdf,29,1
2026.8.9强化（原卷版）,6,1
20260,1,1
2026002高考,1,1
2026002高考语文答案,1,1
2026070809湖南天壹高一期末考,4,1
20260保定二模数学,1,1
20261月普通高等学校招生,5,1
20261月浙江英语,1,1
20262026年，杭州市萧山区高一下学期期末试卷，物理,1,1
20262卷数学,2,1
20262月山东名校联盟,1,1
20262月山东名校联盟物理,5,1
20269年级下册期末数学试卷,1,1
20269年级沪教版英语教材,7,1
2026A10安徽八月份考试卷,1,1
2026A卷,1,1
2026T8联考,4,1
2026a10,1,1
2026t8数学,2,1
2026~2025安徽合肥一中高一上学期学期期末英语,1,1
2026~2025安徽合肥一中高一上学期期末英语,2,1
2026~2027学年七年级上册英语单元自测湖南省卷专用starter Unit one到start unit three培优卷子,4,1
2026~2027学年高二生物单元自测第二章神经调节高效培优。,4,1
2026~2027学年高二生物单元自测第二章神经调节高效培优试卷,6,1
2026~2027年中考,1,1
2026~2027新初一新生分班考试卷,6,1
2026~2027新初一新生分班考试卷英语,2,1
2026~2027相似形单元检测卷,7,1
2026‑2027学年小升初英语（新初一）入学分班测提高卷（人教PEP版,6,1
2026—2027学年高中生物必修一单元自测,2,1
2026—2027年八上外研版英语单词表,2,1
2026—2027年外研版英语单词表,4,1
2026一卷语文,2,1
2026一卷高考地理,2,1
2026一月浙江首考,1,1
2026一检历史,5,1
2026一模,2,1
2026一模安徽,3,1
2026一模安徽高考,4,1
2026一轮复习,6,1
2026一轮复习 数学,1,1
2026一轮复习 数学辽宁省,1,1
2026七升八语文暑假衔接课堂,1,1
2026七宝高三数学,1,1
2026七年级下册期末试卷,8,1
2026三门峡市中考第2次模拟考试英语试卷,4,1
2026上学期 邵东市第一中学高二,1,1
2026上学期 邵东市高二,1,1
2026上海中考,11,1
2026上海金山数学八下期末,1,1
2026上海高考化学,1,1
2026上海高考数学卷,1,1
2026上海高考物理,3,1
2026上海高考语文,3,1
2026东北育才中学高三数学,1,1
2026东西湖期末数学试卷及答案九上,1,1
2026东高考历史试卷,2,1
2026中考化学广东,8,1
2026中考历史,1,1
2026中考历史天津市河东区,3,1
2026中考地理,5,1
2026中考数学四川巴中,4,1
2026中考数学四川成都,3,1
2026中考数学天津市,6,1
2026中考数学山东德州,4,1
2026中考数学山东烟台,3,1
2026中考数学广东,1,1
2026中考数学江苏扬州,2,1
2026中考数学试卷,3,1
2026中考数学试卷浙江,3,1
2026中考数学长春,2,1
2026中考数学陕西,4,1
2026中考新疆数学笔记学习资料,3,1
2026中考江苏数学,2,1
2026中考江苏语文,4,1
2026中考物理,11,1
2026中考物理广东,4,1
2026中考真题道法辽宁,3,1
2026中考英语天津市,2,1
2026中考英语江苏,2,1
2026中考英语浙江,2,1
2026中考英语试卷,4,1
2026中考试卷,7,1
2026中考语文天津市,3,1
2026临夏州高二期末考试语文试卷,5,1
2026临沂一中高三上学期期中考试,6,1
2026临沂一模化学,10,1
2026临沂中考,1,1
2026临沂中考历史答案,4,1
2026临沂市高二上学期期中语文试卷,3,1
2026临沂市高二下学期期中数学试卷,3,1
2026临沂市高二下学期期末化学试卷,4,1
2026临沂市高二下学期期末物理试卷,3,1
2026临沂市高二下学期期末生物试卷,1,1
2026临沂市高二二下学期期中物理试卷,5,1
2026临沂高1期中数学试卷上学期,4,1
2026临沂高1期中数学试卷文峰中学,2,1
2026临沂高2数学下学期期末,4,1
2026临沂高2英语下学期期末,7,1
2026临沂高一数学上学期,14,1
2026临沂高二期末数学试卷上学期,2,1
2026临沂高二期末数学试卷下学期,6,1
2026临高县小学六年级学业水平测试卷,17,1
2026乌鲁木齐,1,1
2026乌鲁木齐物理八年级第二学期,4,1
2026乐山中考数学,6,1
2026九上人教英语成都,12,1
2026九年级上册英语,1,1
2026二卷,1,1
2026二卷数学高考真题,8,1
2026二卷物理,1,1
2026二卷英语,1,1
2026二模,3,1
2026二模试卷,3,1
2026云南初中化学中考,1,1
2026云南化学,1,1
2026云南生物高考真题,1,1
2026云南高考物理,1,1
2026人大附中高三暑假自主复习检测练习,20,1
2026人教发生九年级英语暑假作业每日一练,3,1
2026传统,1,1
2026佛山一模,5,1
2026你河南高考物理试卷高考真题,3,1
2026保定高新区九年级上册历史期中考试,3,1
2026保定高新区九年级上册物理期中考试,7,1
2026兖州区八下语文,1,1
2026兖州区小升初英语,3,1
2026全国1卷数学,1,1
2026全国1卷英语,3,1
2026全国1卷高考作文范文,2,1
2026全国2卷地理,2,1
2026全国2卷数学答案,2,1
2026全国2卷语文真题,2,1
2026全国一卷地理,6,1
2026全国一卷数学,4,1
2026全国一卷英语,1,1
2026全国中学生奥林匹克数学竞赛云南,2,1
2026全国乙卷物理,5,1
2026全国二卷,1,1
2026全国二卷数学,1,1
2026全国二卷语文答案,1,1
2026全国体育单招,1,1
2026全国新课标卷地理,3,1
2026全国理综,1,1
2026全国生物,3,1
2026全国甲卷物理,3,1
2026全国甲卷物理部分,1,1
2026全国甲卷理综‑物理部分,1,1
2026全国高考 生物,3,1
2026全国高考1卷英语,1,1
2026全国高考一卷,3,1
2026全国高考地理2卷,2,1
2026全国高考地理山东卷,1,1
2026全国高考数学1卷,3,1
2026全国高考数学1卷试题,1,1
2026全国高考数学2卷,2,1
2026八下物理全品,1,1
2026六年级上册人教版1到3单元,10,1
2026六年级上册人教版分数的乘除法,4,1
2026六年级上册分数的乘除法,2,1
2026六年级上册数学1到3单元,2,1
2026内冮中孝,1,1
2026内蒙古中考卷子政治,4,1
2026内蒙古中考物理,1,1
2026内蒙古高考卷子,3,1
2026减海安市第一次化学调研,3,1
2026分班考,5,1
2026创新大课堂 2021-2025 五年高考真题分类汇编 168套优化重组,7,1
2026创高杯考试高一,3,1
2026初一下期期末考试卷,5,1
2026初一下英语期末质检,64,1
2026初一仁爱版英语,10,1
2026初一期末,10,1
2026初三英语期末质检,1,1
2026初中分班试卷人教版,3,1
2026初中学霸创新题 九年级物理全一册人教版（安徽专版）,2,1
2026初升高英语暑假衔接语法专项,3,1
2026到2027化学评估,1,1
2026到2027高三上学期的开学化学评估,2,1
2026化学安徽高考,2,1
2026化学湖南卷,2,1
2026化学湖南卷高考卷,4,1
2026化学高考卷（广东卷）,3,1
2026化学高考适应,3,1
2026化学高考适应考试,4,1
2026化学黑龙江高考,1,1
2026北京6月中考,1,1
2026北京东城一模,1,1
2026北京东城一模，化学,3,1
2026北京中考数学卷,2,1
2026北京中考语文答案,6,1
2026北京丰台高一上期末数学,6,1
2026北京二中初三模拟,1,1
2026北京八中,1,1
2026北京八中高一期中,1,1
2026北京八中高一期中数学,3,1
2026北京八中高中部分班考,1,1
2026北京化学,2,1
2026北京卷,3,1
2026北京卷 化学原卷,1,1
2026北京卷 化学原卷高考,1,1
2026北京卷数学,10,1
2026北京卷（自主命题物理,1,1
2026北京四中期末英语,1,1
2026北京四中高一下期末英语,3,1
2026北京大兴高二下期末数学,1,1
2026北京市朝阳区初三一模物理,4,1
2026北京数学期末卷子八下,1,1
2026北京数学高考,1,1
2026北京昌平高二下期末数学,3,1
2026北京朝阳高三一模,1,1
2026北京朝阳高三数学一模,1,1
2026北京朝阳高二下期末数学,2,1
2026北京海淀初三物理一模,4,1
2026北京海淀高一上期末物理,1,1
2026北京海淀高二上数学,1,1
2026北京海淀高二上数学期末,6,1
2026北京石景山高三二模英语,1,1
2026北京石景山高二期末政治,1,1
2026北京第二次化学合格考,4,1
2026北京西城高二下期末数学,5,1
2026北京门头沟高一上期末数学,1,1
2026北京顺义一模英语真题,4,1
2026北京高一上期末数学,8,1
2026北京高一下期末数学,4,1
2026北京高一期末考试题,7,1
2026北京高三一模汇编解析几何,1,1
2026北京高二上数学期末,5,1
2026北京高考物理,8,1
2026北京高考真题,2,1
2026北京高考真题化学,2,1
2026北京高考真题学,1,1
2026北京高考英语,22,1
2026北京高考英语卷,1,1
2026北京高考语文,3,1
2026北京高考语文真题,4,1
2026北方数学奥林匹克,6,1
2026十堰市第一中学学科特长生招生考试,9,1
2026十堰市郧阳中学学科特长生招生考试,7,1
2026华师一附中,5,1
2026南京中考卷语文,12,1
2026南京希望杯一年级,3,1
2026南京高一下联合体数学,3,1
2026南外特长生,3,1
2026南宁二模,7,1
2026南宁模拟中考卷,9,1
2026南平期末试卷,6,1
2026南开中学七上数学期末,1,1
2026南开区八年级英语期末,5,1
2026南昌高三一模,1,1
2026南通二模,3,1
2026南通二模高三,17,1
2026南通八年级上物理期末,1,1
2026南通高一英语期末试卷,1,1
2026南通高三,1,1
2026南阳高二下学期期末,2,1
2026卷地理山东高考,1,1
2026卷数学,1,1
2026历下,13,1
2026历史山东卷,1,1
2026历史江苏,3,1
2026历史贵州,1,1
2026原创,1,1
2026原创联考湖北,1,1
2026厦门一模,2,1
2026厦门市同安区中考模拟语文试题,1,1
2026厦门英语中考,1,1
2026台州一模地理,5,1
2026台州二模物理,6,1
2026各地高考题,1,1
2026各地高考题必修2汇卷,2,1
2026合肥六校联考,2,1
2026合肥六校联考高三上学期开学考,3,1
2026吉安高一期末物理试卷,1,1
2026吉林白城中考语文,4,1
2026吉林高考生物真题,7,1
2026呼市敬业,2,1
2026哈尔滨中考数学,4,1
2026哈尔滨中考数学卷,6,1
2026唐山二模高考语文,1,1
2026啊,1,1
2026嗯高考语文真题试卷,5,1
2026嘉定区初三化学一模测试卷,6,1
2026四川中考数学,10,1
2026四川中考物理,6,1
2026四川中考英语,3,1
2026四川物理,1,1
2026四川物理高考,3,1
2026四川省学业水平考试,2,1
2026四川省学业水平考试，高中,3,1
2026四川眉山高二下册期末,1,1
2026四川绵阳化学高考适应考试,4,1
2026四川绵阳高一数学期末试卷,4,1
2026四川高考,2,1
2026四川高考物理,3,1
2026四校联考,5,1
2026四省四校,2,1
2026地理,3,1
2026地理一卷,1,1
2026地理中考试卷,7,1
2026地理安徽卷,1,1
2026地理山东,1,1
2026地理山东课件,1,1
2026地理高考真题,1,1
2026地生会考,5,1
2026地生考试真题,1,1
2026地生考试铜山答案,3,1
2026复习专题,2,1
2026复赛生物,1,1
2026大庆一模,3,1
2026大湾区普通高中毕业年级联合模拟考试,5,1
2026大连中考英语,1,1
2026大连高一期末化学考试试卷,7,1
2026大连高一期末物理考试试卷,10,1
2026大连高一期末考试试卷,1,1
2026天津中考数学,3,1
2026天津实验中学月考化学,1,1
2026天津市南开区高三一模,3,1
2026天津市南开区高三一模英语,1,1
2026天津市南开区高三第一学期期末英语,1,1
2026天津市南开区高三第一学期期末语文,1,1
2026天津市和平区高三一模,1,1
2026天津市和平区高三一模英语,2,1
2026天津市和平区高三第一学期期末英语,3,1
2026天津市和平区高三第一学期期末语文,2,1
2026天津市河东区八年级上册英语,1,1
2026天津市河西区高三一模,4,1
2026天津市高考物理,1,1
2026天津市高考语文作文,5,1
2026天津年中考,1,1
2026天津年历史中考,1,1
2026天津汇文,1,1
2026天津汇文高一,2,1
2026天津河西结课,2,1
2026天津河西结课数学,1,1
2026天津英语高考二卷,2,1
2026天津高考,1,1
2026如皋市一模,10,1
2026如皋市一模二模,9,1
2026学年 湖南省长沙市雅礼教育集团8年级上期中历史试卷,1,1
2026学年 湖南省长沙市青竹湖湘阴外国语学校8年级上期中历史试卷,1,1
2026学年湖北省武汉市九师联盟高三（上）开学英语试卷（8月份） 由合作机构提供,3,1
2026学年湖南师大附中教育集团七年级（上）期中生物试卷,3,1
2026学年湖南师大附中梅溪湖中学七年级（上）第一次月考数学试卷,3,1
2026学年湖南师大附中雨花学校七年级上学期期中地理试题,3,1
2026学年通用技术综合测试卷,1,1
2026学年长沙一中七年级第一次月考英语试卷,1,1
2026学年长沙一中初中中学七年级（上）第一次月考英语试卷,2,1
2026学年长沙一中岳麓中学七年级（上）第一次月考数学试卷,3,1
2026学年长沙市一中集团七年级（上）第一次月考语文试卷,3,1
2026学年长沙市华益中学七年级（上）第一次月考数学试卷,3,1
2026学年长沙市华益中学七年级（上）第一次月考英语试卷,4,1
2026学年长沙市岳麓区部分学校七年级（上）期中生物试卷,3,1
2026学年长沙市明德教育集团七年级（上）期中历史试卷,5,1
2026学年长沙市明德教育集团七年级（上）期中地理试卷,3,1
2026学年长沙市明德教育集团七年级（上）期中生物试卷,3,1
2026学年长沙市明德教育集团七年级（上）期中道德与法治试卷,3,1
2026学年长沙市湖南师大附中教育集团七年级（上）期中道德与法治试卷,3,1
2026学年长沙市郡系七年级（上）第一次月考英语试卷,1,1
2026学年长沙市长郡双语白石湖七年级期中地理试卷,4,1
2026学年长沙市长郡双语白石湖七年级（上）期中地理试卷,1,1
2026学年长沙市长郡梅溪湖中学七年级（上）第一次月考英语试卷,3,1
2026学年长沙市长郡集团七年级第一次月考语文试卷,17,1
2026学年长沙市长郡集团七年级（上）第一次月考语文试卷,6,1
2026学年长沙市长郡集团初中校七年级（上）期中历史试卷,5,1
2026学年长沙市长郡集团初中校七年级（上）期中道德与法治试卷,3,1
2026学年长沙市雅礼中学七年级（上）第一次月考英语试卷,4,1
2026学年长沙市雅礼外国语学校七年级（上）第一次月考语文试卷,2,1
2026学年长沙市雨花区七年级（上）期中地理试卷,3,1
2026学年长沙市青竹湖湘一外国语学校七年级（上）月考语文试卷,2,1
2026学年长沙市青竹湖湘一外国语学校七年级（上）期中历史试卷,3,1
2026学年长沙市青竹湖湘一外国语学校七年级（上）期中考试地理试题,3,1
2026学年长沙市青竹湖湘一外国语学校七年级（上）期中道德与法治试卷,3,1
2026学年长沙市麓山国际实验学校七年级（上）期中历史试卷,3,1
2026学年长沙市麓山国际实验学校七年级（上）第一次月考数学试卷,4,1
2026学年高三数学试题,1,1
2026学考 7月浙江,1,1
2026宁夏银川一中,14,1
2026宁夏银川一中二模,7,1
2026宁夏银川一中开学,6,1
2026宁夏银川二模,4,1
2026宁波2模,1,1
2026宁波2模生物,1,1
2026宁波2模生物4月,3,1
2026宁波一模,1,1
2026安徽a10联盟物理试卷,4,1
2026安徽a10，高一下期中数学试卷,5,1
2026安徽六安八年级上册，第11章试卷，Pbf 含答案,17,1
2026安徽化学高考真题,1,1
2026安徽华师联盟质量检测,4,1
2026安徽华师联盟质量检测英语,8,1
2026安徽地理高考卷,3,1
2026安徽新高三A10联盟8月底开学考,3,1
2026安徽新高三A10联盟8月底开学考生物,3,1
2026安徽新高三A10联盟开学考,1,1
2026安徽省中考英语,1,1
2026安徽省高考物理,1,1
2026安徽省高考英语真题,3,1
2026安徽高中学业水平考试,7,1
2026安徽高考,9,1
2026安徽高考历史真题,1,1
2026安徽高考政治试卷,1,1
2026安徽高考物理,1,1
2026安徽高考物理真题,7,1
2026宝鸡市高考模拟检测试题（二）化学,2,1
2026宿迁中考,4,1
2026宿迁中考语文试卷,3,1
2026宿迁中考语文试题,1,1
2026富源一中生物,5,1
2026届 T8联考 12月,3,1
2026届 T8联考 12月第一次联考,7,1
2026届 T8联考 4月第二次联考,8,1
2026届 Z20名校联盟（浙江）第一次联考,12,1
2026届 炎德英才·长郡十五校联考（第二次,8,1
2026届12月T8联考,5,1
2026届4月t8联考,1,1
2026届8月新8校联考,1,1
2026届9月联考高三上学期,1,1
2026届9月联考高三荆州市,1,1
2026届Z20,2,1
2026届Z20第一次开学联考数学,1,1
2026届z20联盟高三信息试卷,4,1
2026届上海高三英语一模听力,4,1
2026届下学期物理试卷,1,1
2026届东北师大附中英语,2,1
2026届东北师范大学附属中学附中英语,1,1
2026届中考,5,1
2026届中考英语试卷,1,1
2026届云南三校高考实用性联考卷3物理,1,1
2026届八省八校T8联考,11,1
2026届八省八校T8联考高三年级4月阶段练习,1,1
2026届南京市高三地理期初调研,1,1
2026届南昌二模化学,1,1
2026届四川省成都市高三上学期一模英语,1,1
2026届基因工程大题二轮核心版,5,1
2026届大湾区,1,1
2026届大湾区普通高中毕业年级,4,1
2026届天河区,1,1
2026届天河区普通高中毕业班,1,1
2026届天河区普通高中毕业班综合测试一,9,1
2026届天河区普通高中毕业班综合测试（一）物理,1,1
2026届天河区普通高中毕业班综合测试（一）英语,7,1
2026届学年青桐鸣大联考高三9月质量检测,4,1
2026届安徽省六校教育研究会高三年级入学素质测试语文试题,3,1
2026届安徽省马鞍山市中考语文答案,1,1
2026届安徽示范高中皖北协作区第28届高三下学期联考一模英语试题,6,1
2026届山东名校联盟高三下学期核心素养评估英语试题,3,1
2026届山东省高三第一次学业水平联合检测,1,1
2026届广东8月衡水开学考,1,1
2026届广东六校联盟高三下学期全真模拟训练历史试题,2,1
2026届广东浦东高中学业水平选择考模拟测试二历史试卷,2,1
2026届广东深圳市高三年级第二次调研考试英语试卷,1,1
2026届广东高三 一模,3,1
2026届广州市高三年级调研测试,4,1
2026届新高考教学教研联盟高三第一次联考,3,1
2026届柳州一模日语,3,1
2026届柳州日语,2,1
2026届武汉市高三四月调研考试英语,1,1
2026届武汉高三九月调考英语听力,1,1
2026届武汉高三九月调考英语听力」；,6,1
2026届河北省衡水市枣强中学等校高三上学期9月质量检测英语试题,13,1
2026届河南青桐鸣大联考高三9月质量检测,7,1
2026届浙江天域全国名校,6,1
2026届浙江省强基联盟高三10月考试卷,1,1
2026届浙江省温州市普通高中高三第一次适应性考试（温州一模）化学试题卷,2,1
2026届浙江省绍兴市高三上学期一模英语试卷,8,1
2026届浙江绍兴市诸暨市高三下学期5月适应性考试（二模）物理试题,1,1
2026届湖北省十堰市高三下学期3月调研考试历史试题,1,1
2026届湖北省宜昌市高三下学期3月调研,4,1
2026届湖北省武汉市高中毕业生三月调研考试化学试卷,3,1
2026届湖南省省永州市高三一模英语试题,3,1
2026届湖南长沙市新世纪高级中学考前模拟英语试题（高三高考模拟卷）,5,1
2026届漳州市第一次市质检政治,1,1
2026届漳州市高三第一次市质检历史,1,1
2026届石家庄普通高中学校毕业年级教学质量检测 一,11,1
2026届石家庄质检二化学,4,1
2026届福州市一模,2,1
2026届福建省高考语文自编模拟卷,1,1
2026届自贡一诊,4,1
2026届贵州省高三一模语文,3,1
2026届邯郸市一调试卷,1,1
2026届邯郸市高三一调试卷,10,1
2026届高三 Z20第一次联考信息试卷,1,1
2026届高三12月大联考,1,1
2026届高三12月大联考（新课标卷）,2,1
2026届高三12月大联考（新课标卷）语文,5,1
2026届高三A10联盟开学考,1,1
2026届高三入学考试,10,1
2026届高三入学考试天壹,3,1
2026届高三入学适应性考试,1,1
2026届高三入学适应性考试青岛,2,1
2026届高三化学一轮复习综合检测卷（新高考通用）,5,1
2026届高三历史主干知识专题检测卷,3,1
2026届高三年级11月阶段检测语文,2,1
2026届高三年级11月阶段检测语文试题,4,1
2026届高三年级初阳光调研,3,1
2026届高三教学质量监测,67,1
2026届高三生物二轮复习基因工程大题二轮核心版,3,1
2026届高三百校8月联考试卷,16,1
2026届高三百校联盟上学期联考卷,1,1
2026届高三百校联考十月试卷,14,1
2026届高三百校联考十月试卷语文,19,1
2026届高三百校联考试卷,18,1
2026届高三百校联考试卷语文,11,1
2026届高三考前适应性训练,1,1
2026届高三英语三轮复习 高中英语语法填空专项突破100题,7,1
2026届高三试卷,5,1
2026届高三起点,4,1
2026届高三起点湖南,2,1
2026届高三起点湖南天壹,2,1
2026届高三起点考湖南天壹,4,1
2026届高考数学三轮冲刺压轴题（1+1+1+1）33分练,6,1
2026届高考数学百分练八,4,1
2026届高考物理一轮复习讲义,1,1
2026届高考英语二轮专项复习高中英语高频词汇.pdf》,2,1
2026届高考语文专题复习,1,1
2026届高考语文专题复习成语日积月累,1,1
2026山东化学高考真题,1,1
2026山东卷政治高考,1,1
2026山东历史中考,1,1
2026山东历史八中,4,1
2026山东名校考试联盟模拟英语,5,1
2026山东名校联盟,1,1
2026山东名校联盟9月,1,1
2026山东地理高考真题,2,1
2026山东数学高考真题,1,1
2026山东新高考一卷,1,1
2026山东枣庄,1,1
2026山东泰安高二期末,8,1
2026山东泰安高二期末数学,1,1
2026山东济南高三开学考,1,1
2026山东济宁数学中考试卷,1,1
2026山东物理,1,1
2026山东省东营市数学中考,7,1
2026山东省中考物理试卷,1,1
2026山东省实验中学四调数学,23,1
2026山东省实验中学高三,1,1
2026山东省实验中学高三上学期一诊英语试题,3,1
2026山东省政治高考题,1,1
2026山东省日语高考真题,4,1
2026山东省泰安市中考物理试卷,1,1
2026山东省济南市莱芜区九年级上册物理期中考试卷,1,1
2026山东省济宁市中考试卷,3,1
2026山东省滨州市二模,3,1
2026山东省滨州市滨城区二模,1,1
2026山东省滨州市滨城区物理二模,1,1
2026山东省烟台市物理高一上学期期中卷,22,1
2026山东省生物,1,1
2026山东省生物等级,3,1
2026山东省菏泽市曹县一中月考,6,1
2026山东省青岛市中考卷,1,1
2026山东省青岛市中考数学,3,1
2026山东省青岛市中考英语,2,1
2026山东省青岛市中考语文,7,1
2026山东省青岛市即墨区中考数学,4,1
2026山东省青岛市期初检测化学,12,1
2026山东省青岛市物理中考试题,1,1
2026山东省青岛市高二下学期期中,1,1
2026山东省青岛市高二下学期期中化学,1,1
2026山东省青岛市高二化学,8,1
2026山东聊城高一下学期期末数学,1,1
2026山东聊城高三9月化学,1,1
2026山东聊城高二上学期期末数学,1,1
2026山东菏泽化学合格考真题,6,1
2026山东语文中考,1,1
2026山东语文高考,3,1
2026山东高考一模历史真题,1,1
2026山东高考一模政治真题,2,1
2026山东高考卷物理,2,1
2026山东高考地理,1,1
2026山东高考地理试卷,4,1
2026山东高考真题,16,1
2026山师附中摸底,18,1
2026山西中考英语,14,1
2026山西多地名校联考,15,1
2026山西物理高考,2,1
2026山西省初中学业水平考试,5,1
2026巴中中考,1,1
2026巴彦淖尔市第一中学高二期末,6,1
2026市区初中学校七年级学情调研试卷,12,1
2026希望杯一年级,1,1
2026平遥一中开学考,11,1
2026平顶山市中招二模,3,1
2026平顶山市中招二模英语,2,1
2026年 五下数学期末真题禹城市,4,1
2026年 全国二卷语文作文,3,1
2026年 数学 六年级第二学度,7,1
2026年 望城区 中岭,4,1
2026年 松江二中,3,1
2026年 江苏省连云港市赣榆区期中统考,11,1
2026年 江苏省连云港市赣榆区期末统考,2,1
2026年 江苏省连云港市赣榆区海头高中,1,1
2026年 江苏省连云港市赣榆区高二期中统考试卷,3,1
2026年 江苏省连云港市赣榆区高二期中统考试卷海头高中,1,1
2026年 河南省语文中考试卷,3,1
2026年 陕西省语文作文,1,1
2026年1 月1号浙江高考 英语,9,1
2026年1月普通高等学校招生全国统一考试,3,1
2026年1月普通高等学校招生全国统一考试浙江英语,1,1
2026年1月普通高等学校招生全国统一考试英语,10,1
2026年1月浙江省普通高中学业水平考试仿真模拟卷 01,3,1
2026年1月浙江省普通高中学业水平考试仿真模拟卷 02,8,1
2026年1月浙江省普通高校,1,1
2026年1月浙江省普通高校招生,3,1
2026年1月浙江省普通高校招生选考科目考试,1,1
2026年1月浙江选考 思想政治,11,1
2026年1月浙江高考首考,1,1
2026年1月黑龙江省普通高中学业水平合格性考试物理试题,1,1
2026年2卷数学,5,1
2026年2卷英语,2,1
2026年3月江苏南通七校联考高三英语,4,1
2026年4月山东名校联考,12,1
2026年5年级期末考试,1,1
2026年5月天域名校协作体高三联考,4,1
2026年5月湘豫联考,1,1
2026年5月英语,1,1
2026年5月英语浙江,6,1
2026年5月英语浙江高三,7,1
2026年5月调研测试高二年级语文学科试题,10,1
2026年5月，浙江省北斗星盟高三联考英语,1,1
2026年6月模拟卷福建省普通高中学业水平合格性考试语文,3,1
2026年6月浙江高考化学,1,1
2026年6月浙江高考物理,2,1
2026年6月浙江高考生物,1,1
2026年6月浙江高考语文,3,1
2026年6月福建省普通高中学业水平合格性考试语文,2,1
2026年6浙江省普通高校招生选考2模拟考试物,12,1
2026年7月YMO六年级决赛试卷,1,1
2026年7月河南省普通高中高一年级期末联考数学,7,1
2026年7月浙江省普通高中学业水平考试,1,1
2026年7月湘东教学联盟高一期末考试数学试题,6,1
2026年8年级下册武汉市英语期末考试,1,1
2026年8年级下册永春县英语试卷,8,1
2026年8年级下册，贵州省贵阳市云岩区英语试卷听力材料,2,1
2026年8月16日榆次二中高三第一学期化学测试卷,1,1
2026年8月安徽高三联考,2,1
2026年8月浙江新悦联盟高三年级第一次联考思想政治A卷,2,1
2026年8月浙江新月联盟高三年级第1次联考,5,1
2026年8月浙江省新月联盟高三年级第一次联考,1,1
2026年8月浙江省新月虚拟创新联盟高三年级第一次联考,4,1
2026年8月高三a10联盟试卷,12,1
2026年9年级武汉市英语五调,20,1
2026年9月开学考黑龙江,2,1
2026年9月开学考黑龙江高二,7,1
2026年T8联考第二次河南卷,5,1
2026年a10,1,1
2026年a10开学考,3,1
2026年一 泰安市初中英语学业水平考试,1,1
2026年七升八年级语文暑期衔接课堂,2,1
2026年七年级秋季开学分班考语数外,4,1
2026年七年级英语秋季开学分班考语数外,6,1
2026年上学期期末教学质量检测测试卷，8年级物理,5,1
2026年上学期期末考试试卷高一化学,22,1
2026年上学期高一第三次监测,22,1
2026年上学期高二期中校内检测,1,1
2026年上学期高二期中校内检测天壹,1,1
2026年上学期高二期末校内检测天壹,2,1
2026年上海浦东一模数学高三,1,1
2026年上海高三一模,1,1
2026年上海高三英语一模,1,1
2026年上海高考,2,1
2026年上海高考化学,3,1
2026年上海高考化学试题,2,1
2026年上海高考数学试卷,4,1
2026年上海高考生物,6,1
2026年上饶市八年级下学期期末测试,1,1
2026年上饶市模考英语,1,1
2026年上饶市高考模拟,3,1
2026年东营一模生物试卷,5,1
2026年中考一模 崂山 语文,1,1
2026年中考一模 李沧 语文,3,1
2026年中考全景复习卷,5,1
2026年中考化学复习 知识点默写,2,1
2026年中考化学复习--知识点默写第11--20天课件,1,1
2026年中考单词词形复习表,1,1
2026年中考卷安徽,16,1
2026年中考数学,14,1
2026年中考数学试卷,4,1
2026年中考满分作文。,2,1
2026年中考物理试卷,1,1
2026年中考物理试题附答案,9,1
2026年中考真题,5,1
2026年中考英语试卷,1,1
2026年中考语文试卷,1,1
2026年中考贵州语文,4,1
2026年中考贵州贵阳,3,1
2026年临沂市高一期末题数学答案,2,1
2026年临高县七年级下册期末,11,1
2026年临高县七年级下册期末语文,2,1
2026年临高县三年级下册期末,3,1
2026年临高县五年级下册期末,6,1
2026年临高县八年级下册期末,2,1
2026年临高县四年级下册期末,2,1
2026年乙卷英语答案,1,1
2026年九上数学期末,1,1
2026年九年级上册北师大数学试卷,12,1
2026年九年级上册数学试卷,2,1
2026年九年级下册中考试题,4,1
2026年云南省初中学业水平考试,1,1
2026年云南省初中学业水平考试物理,3,1
2026年云南省大八年级下册数学期末考试,5,1
2026年云南省数学中考试卷,5,1
2026年云南省普通高中学业水平考试化学理,10,1
2026年云南省普通高中学业水平考试物理,9,1
2026年云南高考地理卷,2,1
2026年五年级下册语文人教版,1,1
2026年仙桃高一下学期期末统考试卷数学,1,1
2026年仙桃高一数学下学期期末统考试卷,3,1
2026年仙桃高一期末统考试卷数学,1,1
2026年儋州市高二期末统测生物试卷,1,1
2026年儋州市高二期末统测语文试卷,4,1
2026年克州高一期末考试卷,11,1
2026年克州高二上学期期末考试卷,8,1
2026年克州高二下学期期末考试卷,6,1
2026年全国一卷,3,1
2026年全国一卷数学真题,3,1
2026年全国一卷英语真题,1,1
2026年全国二卷数学,1,1
2026年全国医院河南卷生物,1,1
2026年全国卷语文试题,3,1
2026年全国统一考试全国一卷数学,3,1
2026年全国语文高考二卷,8,1
2026年全国语文高考卷,5,1
2026年全国高中数学联合竞赛模拟题集,1,1
2026年全国高考一卷数学安徽卷,1,1
2026年全国高考一轮复习高校培优系列,7,1
2026年全国高考一轮复习高校培优系列收官密卷,6,1
2026年全国高考一轮复习高校培优系列收官密卷02,2,1
2026年全国高考二卷数学,3,1
2026年全国高考二卷物理,5,1
2026年全国高考二卷英语,3,1
2026年全国高考北京卷语文,3,1
2026年全省初中学业水平考试英语,4,1
2026年八下历史新版知识点,1,1
2026年八年级下册unit 4 the wonders of nature单元核心知识默写版,3,1
2026年八年级下册unit 5单元核心知识默写版,3,1
2026年八年级下册unit 6 Crossing culture单元核心知识默写版,1,1
2026年八年级下册unit 6Crossing culture单元核心知识默写版,1,1
2026年八年级下册unit 6单元核心知识默写版,1,1
2026年八年级下册unit 7 A good read单元核心知识默写版,3,1
2026年八年级下册unit 7A good read单元核心知识默写版,1,1
2026年八年级下册unit 7，A good red单元核心知识默写版,1,1
2026年八年级下册unit 8 Making a difference 单元核心知识默写版,4,1
2026年八年级下册unit 8 Making a difference单元核心知识默写版,3,1
2026年八年级下册数学期末考试卷广安,9,1
2026年八年级下学期生地会考湖南省岳阳市临湘市试卷,9,1
2026年八年级秋学期江阴市历史期末试卷,3,1
2026年八年级秋学期江阴市数学期末试卷,2,1
2026年八年级秋学期江阴市物理期末试卷,2,1
2026年八年级秋学期江阴市英语期末试卷,3,1
2026年八年级秋学期江阴市道法期末试卷,2,1
2026年六校联考高二下期末考试,7,1
2026年兰山区期末考试政治,1,1
2026年兰州市高一第二学期期末考试英语试卷,5,1
2026年内江市七年级下册 英语内江市第一中学期末,5,1
2026年内江市地理中考,1,1
2026年内江市生物中考,5,1
2026年内蒙古中考卷子政治,1,1
2026年内蒙古呼和浩特市九上数学期中,10,1
2026年内蒙古呼和浩特市九上数学期末,9,1
2026年初三上册化学书，人教版,1,1
2026年初二南开区道法期末,5,1
2026年化学竞赛分模块讲义。,1,1
2026年北京中考,6,1
2026年北京二模数学导数汇编,4,1
2026年北京市历史学业水平考试（朝阳卷）,1,1
2026年北京市朝阳区高考一模,6,1
2026年北京英语卷,3,1
2026年北京高考化学真题,3,1
2026年北京高考数学试题,4,1
2026年北京高考英语阅读理解D篇文章  原文及翻译,1,1
2026年北师大版数学八年级上学期期末模拟检测试卷,10,1
2026年北师大版数学八年级下学期期末模拟检测试卷,1,1
2026年北斗星联盟,3,1
2026年十四中期中测试卷,25,1
2026年南京中考数学试卷,4,1
2026年南京金陵中学零模数学试题,1,1
2026年南平市八年级英语期末,7,1
2026年南海区数学强基,5,1
2026年南通中考数学真题,3,1
2026年南阳市中招考试卷,7,1
2026年历史高考真题,3,1
2026年合格性测试,2,1
2026年合肥一中高三适应性试卷数学,4,1
2026年吉林历史高考真题,6,1
2026年吉林省长春市一模考试卷,2,1
2026年吉林省长春市中考,20,1
2026年吉林长春月考化学,4,1
2026年吉林长春月考高一化学,1,1
2026年和平双陵高一上月考试卷,1,1
2026年和平双陵高一月考试卷,1,1
2026年和平双陵高中月考试卷,1,1
2026年哈三中开学9月份考试题。,4,1
2026年哈三中高一下生物期末考试,1,1
2026年哈尔滨中考数学试卷,3,1
2026年四川 高考政治卷子,1,1
2026年四川宜宾市英语中考真题,1,1
2026年四川宜宾市语文中考真题,4,1
2026年四川省高考生物学试题,3,1
2026年四川高中合格考地理,2,1
2026年四川高考数学二卷,1,1
2026年地理生物中考真题,1,1
2026年地理生物内蒙古中考真题,13,1
2026年地理生物内蒙古统考真题,3,1
2026年地理生物内蒙古统考真题七八年级,4,1
2026年地理生物内蒙古统考真题七八年纹,1,1
2026年地理生物内蒙古统考真题初中,1,1
2026年地理高考试卷,1,1
2026年地理高考题,4,1
2026年地理高考题黑龙江,7,1
2026年地生会考卷,1,1
2026年地生会考卷贵州贵阳,2,1
2026年大庆市中考真题,1,1
2026年大理州八年级下册数学期末考试,1,1
2026年大连市24中学高二下期中考试,1,1
2026年大连沙河口区语文,2,1
2026年大连沙河口区语文期末心,1,1
2026年大连甘井子区数学八下期末考试卷,12,1
2026年天星教育金考卷高考冲刺优秀模拟试卷汇编45套高中英语全册通用版,1,1
2026年天津市初中学业水平考试,2,1
2026年天津市高中学业水平,1,1
2026年天津市高中学业水平考试,1,1
2026年天津市高中政治高考,1,1
2026年天津市高考物理,1,1
2026年天津语文高考,3,1
2026年天津高考数学,3,1
2026年天津高考数学真题,6,1
2026年天津高考语文,5,1
2026年太原市中考试卷,1,1
2026年威宁县高二数学试卷,3,1
2026年学年下学期广附广外铁一三校联考数学,4,1
2026年学科素养评价练习语文二,4,1
2026年宁夏高考物理真题试卷,1,1
2026年安徽中考地生,3,1
2026年安徽中考语文真题,2,1
2026年安徽省合肥市第四十二中学中考考前预测物理试题,1,1
2026年安徽省城学情调研,1,1
2026年安徽省城学情调研二 英语,1,1
2026年安徽省普通高中学业水平选择性考试,2,1
2026年安徽省池州市自主招生考试必刷题物理练习卷17,7,1
2026年安徽省高考物理试卷,4,1
2026年安徽高考历史卷,8,1
2026年宣城市期末考试高二物理卷子,3,1
2026年小升初数学真题试卷武汉东湖高新区,3,1
2026年小升初英语真题试卷武汉东湖高新区,3,1
2026年小学五年级数学,3,1
2026年小学六年级学业水平素养监测,11,1
2026年山东卷生物,1,1
2026年山东卷高考生物,1,1
2026年山东历史高考真题,2,1
2026年山东威海一模,1,1
2026年山东威海一模数学,6,1
2026年山东德州三模,3,1
2026年山东日语考卷,1,1
2026年山东泰安市数学中考试题,2,1
2026年山东泰安市物理中考试题,2,1
2026年山东泰安英语中考,1,1
2026年山东潍坊英语,1,1
2026年山东潍坊英语高二下,1,1
2026年山东省东营市高考物理诊断试卷（一模）,2,1
2026年山东省中考卷,3,1
2026年山东省中考真题英语试卷听力链接,1,1
2026年山东省新泰市泰安市英语54学制中考真题,1,1
2026年山东省普通高中学业水平等级考试,9,1
2026年山东省普通高中学业水平等级考试 化学,1,1
2026年山东省普通高中学业水平考试试卷生物,3,1
2026年山东省济南市高二下学期物理,1,1
2026年山东省滨州市滨城区二模物理,4,1
2026年山东省烟台市海阳市中英文学校高考地理二模试卷,1,1
2026年山东省烟台市芝罘区八上物理期中,19,1
2026年山东省烟台市芝罘区八年级上册数学期中考试,6,1
2026年山东省烟台市莱山区八年级上册数学期中考试,8,1
2026年山东省聊城市高一下学期期末考试试卷,18,1
2026年山东省英语试题英语听力,4,1
2026年山东省高中学业水平考试,5,1
2026年山东省高考试卷物理,2,1
2026年山东省高考试卷统考,5,1
2026年山东英语中考,3,1
2026年山东菏泽市高二下学期期末考试,2,1
2026年山东语文中考,3,1
2026年山东高考生物试卷,2,1
2026年山西省物理高考试卷,1,1
2026年山西省高考英语试卷,3,1
2026年岳阳市岳阳楼区数学期末考试5年级下册,1,1
2026年岳阳市岳阳楼区数学期末考试6年级下册,4,1
2026年岳阳市岳阳楼区语文期末考试6年级下册,12,1
2026年年高考数学卷一,1,1
2026年年高考数学卷二,3,1
2026年广东中考数学卷,2,1
2026年广东卷高考,1,1
2026年广东历史高考真题,3,1
2026年广东政治合格考第二次真题,2,1
2026年广东省广州市红棉杯春季研学数学竞赛试卷（一级组A卷）（三、四年级）,8,1
2026年广东省普通高中 生物学,1,1
2026年广东省高考试卷物理,6,1
2026年广东第二次合格考地理,3,1
2026年广东语文中考试卷,1,1
2026年广东高考历史试卷,4,1
2026年广东高考真题,2,1
2026年广东高考英语,8,1
2026年广元市8年级下期末测评卷,9,1
2026年广州中考数学,1,1
2026年广州八年级英语期末考试,2,1
2026年广州市初中学业水平考数学,10,1
2026年广州市普通高中毕业班综合测试（二）英语(原卷版)A,3,1
2026年广州海珠区七下数学期末卷,3,1
2026年广州黄埔五校联考七下数学期末卷,1,1
2026年广西中考,3,1
2026年广西临桂三中分班考试卷,1,1
2026年广西政史中考真题,6,1
2026年广西政治高考卷,3,1
2026年广西高考地理真题,3,1
2026年度上学期清华附中高二年级第一次联考,3,1
2026年徐州市中考,6,1
2026年徐州市中考试卷,1,1
2026年徐州市中考试卷化学,1,1
2026年德州中考英语,3,1
2026年德州市高二期末考试题,16,1
2026年感动中国十大人物,1,1
2026年慈溪市物理高一考试,4,1
2026年成都一诊考试。,2,1
2026年成都七中高三开学考试卷,9,1
2026年成都中考数学,1,1
2026年成都中考物理试卷,1,1
2026年成都各区语文一诊二诊三诊真题卷,6,1
2026年成都市中考化学,1,1
2026年成都市中考物理试卷,3,1
2026年成都市中考英语,4,1
2026年成都市高二下期期末零诊考试试卷,7,1
2026年成都郫都区中考数学,1,1
2026年抚顺六校协作体高一下学期期末数学试卷,3,1
2026年抚顺六校协作体高二上学期期末化学试卷,3,1
2026年抚顺六校协作体高二上学期期末物理试卷,4,1
2026年政治九年级上册第一单元坚持党的全面领导思维导图,4,1
2026年政治九年级上册第二单元进去新时代思维导图,3,1
2026年政治返校考,1,1
2026年政治高考真题卷,10,1
2026年教材课本高中数学必修1全册人教A版,2,1
2026年数学,1,1
2026年数学1卷全国卷真题及答案,1,1
2026年数学1卷答案,4,1
2026年数学上海杨浦七上,1,1
2026年数学中考试卷,1,1
2026年数学保定二模,1,1
2026年数学卷,6,1
2026年数学高考真题,3,1
2026年新人教版九上英语暑假预习讲义,9,1
2026年新人教版九年级上册二次函数第二十六章周测,1,1
2026年新初一分班考真题卷,3,1
2026年新初一分班考真题卷天水市,1,1
2026年新初一分班考真题卷天水市育生中学,1,1
2026年新版版地理八年级上册中图版第一章第一章地球的运动知识点汇总,1,1
2026年新高考一卷数学,1,1
2026年新高考二卷数学答案,1,1
2026年新高考全国一卷,4,1
2026年新高考数学一卷,5,1
2026年新高考数学第一卷,1,1
2026年无锡中考数学试卷,5,1
2026年昌平区八年级下数学期末,1,1
2026年春季5月底唐山丰南区中考二模语文试卷,1,1
2026年春季学期八年级期末质量检测,5,1
2026年春季学期八年级期末质量检测语文,11,1
2026年春季学期济南市高二期末,4,1
2026年春季期综合训练题 二,1,1
2026年春季高一寒假检测,1,1
2026年春季高一年级期末考试生物,4,1
2026年春学期八年级中学请调研,1,1
2026年春洛江区七年级下学期末考试数学科参考答案,5,1
2026年春高二期末广安化学,18,1
2026年普通高中学业水平等级考试山东卷历史真题,1,1
2026年普通高中学业水平等级考试山东卷历史试题,4,1
2026年普通高中学业水平考试生物学,2,1
2026年普通高中学业水平选择性考试试卷,7,1
2026年普通高校学校招生全国统一考试全国一卷,1,1
2026年普通高校学校招生全国统一考试全国一卷语文试题,4,1
2026年普通高等学校招生全国统一考试二卷,2,1
2026年普通高等学校招生全国统一考试全国一卷,1,1
2026年普通高等学校招生全国统一考试全国一卷英语听力,1,1
2026年普通高等学校招生全国统一考试全国一卷语文,5,1
2026年普通高等学校招生全国统一考试全国一卷语文云南,18,1
2026年普通高等学校招生全国统一考试全国医卷语文,4,1
2026年普通高等学校招生全国统一考试天津卷,1,1
2026年普通高等学校招生全国统一考试新高考一卷,4,1
2026年普通高等学校招生全国统一考试（上海卷）数学试题）,19,1
2026年普通高等学校春季招生考试上海卷,3,1
2026年普通高等学校春季招生考试上海语文,3,1
2026年普通高等学校春季招生语文,1,1
2026年普通高考5月适应性检测语文,3,1
2026年曹县八年级下册数学期期中,8,1
2026年期中测试卷,13,1
2026年期末试卷河北张家口市高一政治,5,1
2026年期末试卷河北张家口市高一数学,8,1
2026年杭州市源清中学中学高二上期中考试化学试卷,1,1
2026年桂林市高一年级下学期数学期末测试卷,11,1
2026年桂林市高一年级下学期生物期末测试卷,9,1
2026年桐梓县五年级期末考试试卷,1,1
2026年武汉中学期末考,2,1
2026年武汉市8年级下册数学期末考试,6,1
2026年武汉市初中毕业生学业水平适应性考试,1,1
2026年武汉市江岸区8年级下册数学期末考试,7,1
2026年武汉重点高中高一下学期期末化学生物试卷,8,1
2026年江南十校高三开学考,7,1
2026年江淮十校,3,1
2026年江苏南通市中考地生,6,1
2026年江苏省南京市中考二模模拟卷,9,1
2026年江苏省南京市中考语文二模模拟卷,35,1
2026年江苏省南京市九年级中考语文考前适应练习,25,1
2026年江苏省普通高中学业水平合格性考试试卷化学,27,1
2026年江苏省普通高中学业水平合格性考试试卷生物,18,1
2026年江苏省普通高中格性考试试卷生物,1,1
2026年江苏省盐城市射阳县初级中学九年级上册数学月考试卷,21,1
2026年江苏省苏北七市高三第2次调研考试,4,1
2026年江苏高考化学,3,1
2026年江苏高考历史。,5,1
2026年江西南昌高一联考数学,1,1
2026年江西南昌高一联考数学上,2,1
2026年江西宜春一模,3,1
2026年江西高考物理,3,1
2026年江门市高二下学期化学期末,4,1
2026年江门市高二下学期物理期末考,3,1
2026年江门市高二下学期英语期末考,2,1
2026年江门市高二下学期语文期末考试,4,1
2026年河北保定市政治一模,2,1
2026年河北历史高考,1,1
2026年河北普通高中学业水平选择性考试生物学试题,1,1
2026年河北生物,5,1
2026年河北生物高考,1,1
2026年河北省中考卷,3,1
2026年河北省中考卷语文,1,1
2026年河北省邯郸市高三数学模拟,1,1
2026年河北省邯郸市高三数学模拟2,3,1
2026年河北雄安新区真题卷,1,1
2026年河北雄安新区真题卷六年级下册数学语文英语,5,1
2026年河北高考政治试卷,4,1
2026年河北高考政治试卷答案,2,1
2026年河南中考地理中考,6,1
2026年河南信阳息县中考三模,6,1
2026年河南信阳息县中考二模,4,1
2026年河南历史高考真题,8,1
2026年河南学业水平测试,1,1
2026年河南普通高中学业水平合格性考试,3,1
2026年河南物理高考卷,3,1
2026年河南省普通高中学业水平选择性考试,4,1
2026年河南省高校联盟高三第一次联考（数学试题）,3,1
2026年河南省高考试卷,3,1
2026年河南高考生物学真题,1,1
2026年河南高考真题及答案,6,1
2026年河南高考语文真题及答案,3,1
2026年泰安中考物理卷,1,1
2026年洛江区7年(下)数学试卷,1,1
2026年洛江区七年(下)数学试卷,3,1
2026年洪山区六调英语,1,1
2026年济南中考卷子,3,1
2026年济南中考数学真题,7,1
2026年济南高三开学考试,1,1
2026年济南高三考学开始,1,1
2026年济宁三模英语。,3,1
2026年济宁中考物理,5,1
2026年济宁中考英语,1,1
2026年济宁市物理中考试题,5,1
2026年浙江1月高考英语,3,1
2026年浙江一月高考英语听力,3,1
2026年浙江中考卷,3,1
2026年浙江中考数学,3,1
2026年浙江中考英语试卷,3,1
2026年浙江中考语文试卷,3,1
2026年浙江历史模考,1,1
2026年浙江历史选考模考,1,1
2026年浙江县域联盟英语。,2,1
2026年浙江政治高三返校考,4,1
2026年浙江数学高考,1,1
2026年浙江省1月生物,1,1
2026年浙江省1月生物高考,3,1
2026年浙江省1月英语首考试卷,3,1
2026年浙江省宁波中考试卷,1,1
2026年浙江省宁波中考试卷数学,1,1
2026年浙江选考模考,2,1
2026年浙江首考英语,1,1
2026年浙江高三历史选考模考,22,1
2026年浙江高考数学真题,3,1
2026年海南中考,4,1
2026年海南天一联考,7,1
2026年海南政治中考,9,1
2026年海港区中考数学一模,11,1
2026年深圳一模政治答案,15,1
2026年深圳一模数学,3,1
2026年深圳一模英语,3,1
2026年深圳市高三年级第二次调研考试,4,1
2026年湖北中考真题,3,1
2026年湖北历史高考真题答案,3,1
2026年湖北省初中学业水平考试,4,1
2026年湖北省孝感市汉川高中高一语文试卷,4,1
2026年湖北省荆州市高三九月起点考试,9,1
2026年湖北省荆州市高二上学期期末考试,3,1
2026年湖北省高一学业水平考试真题,18,1
2026年湖北道德与法治中考,2,1
2026年湖南中考数学试卷,1,1
2026年湖南师范大学附属中学多校联考中考物理模拟试卷,1,1
2026年湖南政治高考卷,13,1
2026年湖南省初中学业水平考试,7,1
2026年湖南省娄底市初中学业水平仿真模拟评估英语,3,1
2026年湖南省娄底市初中英语,1,1
2026年湖南省邵东市期末学业水平检测,55,1
2026年湖南省长沙市雅礼多校联考九年级中考二模,6,1
2026年湖南高三地理期末考试,5,1
2026年湖南高三政治期末考试,6,1
2026年湖南高三英语期末考试,1,1
2026年湖南高三语文期末考试,1,1
2026年湖南高三语文考试,4,1
2026年滕州一中自主招生,3,1
2026年滕州市初二历史,5,1
2026年滕州市初二数学,1,1
2026年滕州市初二道法,2,1
2026年潍坊7月高一化学期末试题,9,1
2026年潍坊7月高一物理期末试题,3,1
2026年潍坊市第一次模拟考试,1,1
2026年潍坊市第一次模拟考试2月份,1,1
2026年潍坊市第一次模拟考试2月份数学,4,1
2026年潍坊市第一次模拟考试二月份,1,1
2026年潍坊市高考模拟考试,3,1
2026年潍坊高一下册期末化学试题,2,1
2026年炎德英才高二期末考试卷,5,1
2026年物理一模,13,1
2026年物理中考卷新疆。,1,1
2026年物理高考真题1卷,5,1
2026年甘肃省初中学业水平考试数学试卷,5,1
2026年甘肃省地理高考真题,7,1
2026年甘肃省高考物理真题,7,1
2026年甘肃省高考语文数学英语历史地理政治卷不含答案,1,1
2026年甘肃高考数学真题不含答案,3,1
2026年生物高考一轮总复习,3,1
2026年盐城中考试卷,1,1
2026年盐城市中考,3,1
2026年盐城市语文试卷,1,1
2026年眉山仁寿中考题数学,3,1
2026年眉山市仁寿县期末质量检测9年级上册,1,1
2026年眉山市仁寿县期末质量检测英语试题9年级上册,5,1
2026年石家庄市九年级历史中考模拟卷,4,1
2026年石家庄市九年级英语中考模拟卷,6,1
2026年石景山生物二模试题,1,1
2026年福州市一检英语,13,1
2026年福州市高三年第一次质量检测,7,1
2026年福建省福州市初三语文中考一检卷,3,1
2026年福清市8年级下册期末考试卷,3,1
2026年秋七年级开学摸底考,8,1
2026年秋季七年级分班,15,1
2026年秋季七年级开学分班考试卷,4,1
2026年秋季七年级开学分班考试卷数学,4,1
2026年秋季七年级开学分班考试卷数学江苏专用,14,1
2026年秋季七年级开学分班考试卷语文江苏专用,10,1
2026年秋季七年级鼓楼,2,1
2026年秋季九年级开学,12,1
2026年秋季八年级开学学情自测卷02,6,1
2026年秋季高一分班学形自策,4,1
2026年秋季高三开学·学情自测卷01,4,1
2026年秋季高三开学摸底考试卷二,9,1
2026年秋季高二开学学前自测卷01语文·考试版,3,1
2026年秋季高二开学学情自测卷,3,1
2026年秋季高二开学学情自测卷01,9,1
2026年秋季高二开学学情自测卷01语文,2,1
2026年第二次广东省普通高中学业水平合格性历史,1,1
2026年第二次广东省普通高中学业水平合格性考试,5,1
2026年第二次广东省普通高中学业水平合格性考试历史,2,1
2026年第二次广东省普通高中学业水平合格性考试地理,2,1
2026年第二次广东省普通高中学业水平合格性考试地理试题,3,1
2026年第二次广东省普通高中学业水平合格性考试生物,2,1
2026年绍兴二模化学,4,1
2026年统编中考名著人物对比分析专项,7,1
2026年聊城市高一下学期期中英语试卷,1,1
2026年聊城市高一下学期期末数学试卷,4,1
2026年聊城市高二上学期期中数学试卷,2,1
2026年胶州市地生会考,16,1
2026年能力培养与测试 高中化学必修第2册人教版,8,1
2026年致远高级中学,10,1
2026年苏州吴中吴江相城八年级数学期末试卷,1,1
2026年英语中考,8,1
2026年英语全国高考一卷,7,1
2026年英语试卷泉州一中福建泉州期末试卷,1,1
2026年英语试卷福建泉州,11,1
2026年英语试卷福建泉州期末试卷,16,1
2026年英语雅礼中学,5,1
2026年荔湾区六年级下册数学新教材,1,1
2026年葫芦岛市第一高级中学期末卷数学,1,1
2026年西宁市期末调研试卷高一,3,1
2026年西宁市期末调研试卷高二,1,1
2026年西宁市第五中学期末调研试卷高二,7,1
2026年语文,2,1
2026年语文中考题。,3,1
2026年语文全国卷,7,1
2026年语文全国高考一卷,7,1
2026年语文期末七下调研测试,83,1
2026年语文高考,3,1
2026年语文高考真题,4,1
2026年贵州省普通高中学业水平考试生物学,14,1
2026年贵港市春季期期末学科素养检测高二物理,3,1
2026年路桥区小升初试卷,4,1
2026年辽宁中考数学试卷,2,1
2026年辽宁盘锦中考英语,1,1
2026年辽宁省24中高三上开学考试,13,1
2026年辽宁省丹东市东港市,1,1
2026年辽宁省初中学业水平考试,9,1
2026年辽宁省大连市24中高三上考试,9,1
2026年辽宁高考化学,4,1
2026年运城市期末,8,1
2026年遵义市桐梓县五年级期末考试试卷,1,1
2026年遵义市桐梓县花秋镇五年级期末考试试卷,4,1
2026年郑州市高三第一次质量预测 试卷及答案,13,1
2026年郑州生地会考,6,1
2026年郑州高一上期末数学,4,1
2026年郑州高一下期末,1,1
2026年郑州高一下期末数学,3,1
2026年郑州高二下期末,1,1
2026年重庆中考,3,1
2026年重庆化学中考题,3,1
2026年重庆市中考真题语文AB卷,1,1
2026年重庆高考数学卷,2,1
2026年重庆高考语文2卷,2,1
2026年金中初三零模数学试题,1,1
2026年金版教程，高考总复习首选卷化学。,1,1
2026年镇海中学高三5月模拟英语。。,2,1
2026年长沙市九年级上册期中化学,3,1
2026年长沙市九年级上册期中历史,3,1
2026年长沙市九年级上册期中政治,3,1
2026年长沙市九年级上册期中数学,3,1
2026年长沙市九年级上册期中物理,3,1
2026年长沙市九年级上册期中英语,3,1
2026年长沙市九年级上册期中语文,3,1
2026年陕西中考,6,1
2026年陕西中考满分作文。,1,1
2026年陕西山西青海宁夏普通高中学业水平选择性考试生物学试卷,3,1
2026年陕西省宝鸡市高三上学期开学考物理试卷,9,1
2026年雅安高三零诊,5,1
2026年青岛自招真题,4,1
2026年顺义区八年级下数学期末,1,1
2026年高一上物理金华十校期末联考,3,1
2026年高一上物理金华十校联考,6,1
2026年高一下期末生物试卷,8,1
2026年高一广安市广安区高一上期未生物,1,1
2026年高一数学秋季开学分班,2,1
2026年高一数学秋季开学分班-学情自测卷（人教A版）,2,1
2026年高一新泰其中北校上学期语文,8,1
2026年高三5月题库政治,3,1
2026年高三5月题库物理,3,1
2026年高三a10联盟试卷,2,1
2026年高三化学秋季开学学情自测卷 黑吉辽蒙专用,5,1
2026年高三四月阶段练习,10,1
2026年高三开学物理摸底考试浙江专用（二）,7,1
2026年高三数学一轮复习讲义,3,1
2026年高三数学测试,11,1
2026年高三物理秋季开学学情自测卷 黑吉辽蒙专用,17,1
2026年高三物理秋季开学学情自测卷浙江专用（二）,4,1
2026年高三英语徐汇区一模,1,1
2026年高中同步练习册（含卷子）（B）高中物理选择性必修第一册全册人教版山东专版,9,1
2026年高二上期中语文房山区,3,1
2026年高二年级部分学生调研物理,1,1
2026年高二期末考试化学,1,1
2026年高二期末考试化学河南焦作,6,1
2026年高二期末聊城,1,1
2026年高考 四川英语试卷,1,1
2026年高考1卷化学,3,1
2026年高考一卷英语,1,1
2026年高考二卷英语,1,1
2026年高考全国一卷语文高考真题,1,1
2026年高考全国一卷语文高考真题（网络收集版）,3,1
2026年高考全国一卷语文高考真题（网络收集版）答案,1,1
2026年高考全国二卷英语,6,1
2026年高考全国二卷英语。,2,1
2026年高考全国卷作文,1,1
2026年高考全国卷物理高考,1,1
2026年高考全国卷理综物理高考,1,1
2026年高考全国卷理综物理高考真,4,1
2026年高考全国卷语文,1,1
2026年高考全国卷语文作文,2,1
2026年高考前预测卷,20,1
2026年高考化学1卷全国1卷,4,1
2026年高考化学一模分类汇编,3,1
2026年高考化学新高考一卷,2,1
2026年高考历史试卷云南,4,1
2026年高考历史试卷浙江,1,1
2026年高考原卷语文,1,1
2026年高考四川化学卷,4,1
2026年高考四川卷地理高考真题,6,1
2026年高考四川卷政治高考真题,1,1
2026年高考地理试卷,1,1
2026年高考安徽一模卷,1,1
2026年高考安徽一模卷数学,2,1
2026年高考数学一轮复习检测卷,4,1
2026年高考数学一轮复习检测卷01,3,1
2026年高考数学一轮复习检测卷01举一反三,4,1
2026年高考数学全国一卷。,4,1
2026年高考数学卷全国一卷,1,1
2026年高考数学试卷全国一卷,1,1
2026年高考新课标二卷,1,1
2026年高考新课标二卷语文,2,1
2026年高考模拟检测试题（二）,28,1
2026年高考河北一卷,1,1
2026年高考河北一卷数学,3,1
2026年高考湖南卷化学高考真题,1,1
2026年高考物理 四川试卷,7,1
2026年高考物理真题分类汇编（全国通用）,2,1
2026年高考物理高考真题,2,1
2026年高考生物湖南卷,1,1
2026年高考生物试题,3,1
2026年高考真题,2,1
2026年高考考前测试卷英语,4,1
2026年高考英语试卷一卷,1,1
2026年高考语文一卷二卷,4,1
2026年高考语文上海卷,1,1
2026年高考语文新课标Ⅱ卷,8,1
2026年高考辽宁省化学,2,1
2026年高考辽宁省数学,2,1
2026年高考辽宁省物理,7,1
2026年高考辽宁省生物,3,1
2026年高考辽宁省英语,3,1
2026年高考陜晋青宁卷化学高考真题,1,1
2026年高考陜晋青宁卷物理高考真题,3,1
2026年高考黑吉辽蒙卷物理高考真题,3,1
2026年黑龙江中考数学试卷,1,1
2026年黑龙江优才计划,5,1
2026年黑龙江省,3,1
2026年黑龙江省化学高考卷儿,4,1
2026年黑龙江省普通高等学校招生选择性考试,5,1
2026年黔南州,1,1
2026年黔南州中考英语真题,4,1
2026年，山东省临沂市。高一期末考试政治试卷答案。,1,1
2026年，英语外研版，九上新课标单词表,1,1
2026年，黑吉辽蒙普通高等学生招生选择性考试地理答案,2,1
2026广东东莞数学八下,4,1
2026广东中考,6,1
2026广东中考生物试卷,12,1
2026广东中考英语听力,7,1
2026广东中考语文,3,1
2026广东初二生地会考真题,4,1
2026广东历史高考真题,2,1
2026广东春季英语真题,1,1
2026广东物理,1,1
2026广东省中山市一中二模,10,1
2026广东省中考,5,1
2026广东省中考历史,1,1
2026广东省四校（广雅、深中、省实、华附）高二下期末联考历史试题,2,1
2026广东省普通高中学业水平选择性考试模拟一,4,1
2026广东省物理学业水平合格性考试,1,1
2026广东省第二次普通高中合格性考试,7,1
2026广东省第二次普通高中合格性考试地理,3,1
2026广东高三一模,5,1
2026广东高三一模物理,3,1
2026广东高考,4,1
2026广东高考历史,1,1
2026广东高考政治,3,1
2026广东高考物理试卷,1,1
2026广东高考语,1,1
2026广安期末考高二,2,1
2026广安期末考高二化学,4,1
2026广安期末考高二数学,3,1
2026广州一模政治,1,1
2026广州一模政治高中,4,1
2026广州中考,7,1
2026广州中考化学,1,1
2026广州市中考英语真题,1,1
2026广西中考历史,3,1
2026广西中考政治,4,1
2026广西中考数学,1,1
2026广西中考模拟,2,1
2026广西中考物理,8,1
2026广西九年级上册第一单元试卷,9,1
2026广西化学高考真题,13,1
2026广西历史高考卷,7,1
2026广西政治高考卷,5,1
2026广西河池三模数学答案,2,1
2026广西物理高考真题,3,1
2026广西生物高考真题,2,1
2026广西高考,1,1
2026广西高考生物真题,6,1
2026廉江六年级小考,1,1
2026廉江小考,1,1
2026开学考,4,1
2026张家口物理期末高二,4,1
2026徐州中考,1,1
2026徐州合格考化学真题,4,1
2026徐州合格考化学真题高二,2,1
2026徐州合格考历史真题高二,2,1
2026徐州合格考地理真题高二,3,1
2026徐州合格考生物真题高二,3,1
2026徐州第一次调研,1,1
2026徐州第一次调研高三,10,1
2026德州三模,6,1
2026德州二模,3,1
2026念湖北地理高考,1,1
2026思想政治全国二卷,8,1
2026惠州市高三语文模拟卷,3,1
2026成都中考数学,7,1
2026成都中考物理,5,1
2026成都中考英语,1,1
2026成都零诊试卷,17,1
2026成都高三一诊数学,5,1
2026成都高中零诊试卷,6,1
2026扬州其中,1,1
2026扬州市高一上学期10月第一次月考数学,1,1
2026扬州市高一上学期期中数学,5,1
2026扬州期中,2,1
2026政治 高考真题宁夏,1,1
2026政治山东卷,2,1
2026政治高考主观题,1,1
2026数学,45,1
2026数学一轮复习,5,1
2026数学九上电子课本,4,1
2026数学九上电子课本青岛版,3,1
2026数学二模试卷,2,1
2026数学全国二卷答案,1,1
2026数学全国高考一卷,8,1
2026数学期末九上明德,2,1
2026数学模拟卷,1,1
2026数学滨州中考,3,1
2026数学高考,1,1
2026数学高考上海,1,1
2026数学高考真题,1,1
2026数学高考真题一卷,2,1
2026新一卷,3,1
2026新人教版九年级上册英语 Unit6 Beyond Earth 状语从句 导学案,1,1
2026新月,1,1
2026新版黄冈小状元,1,1
2026新版黄冈小状元同步作文四年级上,3,1
2026新版黄冈小状元同步作文四年级上人教版,4,1
2026新疆一模,1,1
2026新疆中考,1,1
2026新疆中考数学,4,1
2026新疆中考数学一轮复习全考点精讲 新疆专用,10,1
2026新疆地区高考地理真题,4,1
2026新疆高考一模,3,1
2026新疆高考物理,8,1
2026新课标2卷英语高考,2,1
2026新课标一卷英语高考,1,1
2026新课标高考数学二卷,1,1
2026新高考1卷,6,1
2026新高考I卷数学真题,1,1
2026新高考一卷,4,1
2026新高考一卷地理,2,1
2026新高考一卷英语,1,1
2026新高考一卷语文。,3,1
2026新高考二卷生物,1,1
2026新高考新课标Ⅱ卷数学真题,6,1
2026新高考新课标Ⅱ卷物理真题,4,1
2026新高考新课标Ⅱ卷生物真题,1,1
2026新高考生物学河南,3,1
2026新高考英语一卷,1,1
2026新高考英语二卷,1,1
2026无锡中考数学,5,1
2026无锡中考语文答案,5,1
2026无锡高三调研,3,1
2026无锡高三调研语文,1,1
2026昆明市高一下学期期末物理,1,1
2026春高中物理必修第三册学生基础性作业,1,1
2026普通高中学业水平测试云南卷化学,5,1
2026普通高中学业水平测试江西卷,2,1
2026普通高中学业水平测试江西卷化学,6,1
2026普通高中学业水平测试河北卷化学,16,1
2026普通高等学校招生,5,1
2026普通高等学校招生全国统一考试冲刺押题,5,1
2026普通高等学校招生全国统一考试冲刺押题（六）,1,1
2026普通高等学校招生全国统一考试湖北,6,1
2026普通高等学校招生全国统一考试语文,1,1
2026普通高等学校招生全国统一考试语文新高考一卷,1,1
2026暑假作业答案,6,1
2026朝阳一模语文,2,1
2026朝阳初三一模物理,1,1
2026期末数学南京,15,1
2026杨浦区初三英语第一学期期末,1,1
2026杭州二模,1,1
2026杭州高三二模数学,3,1
2026柳州中考语文试卷,1,1
2026柳州模拟中考卷,3,1
2026桥西区数学中考,1,1
2026桥西区数学中考模拟石家庄,3,1
2026桥西区数学中考石家庄,1,1
2026槐荫区一模,9,1
2026模考中考,20,1
2026模考数学西安,1,1
2026武冈六年级期末考试,8,1
2026武汉东西湖期末数学试卷及答案九上,1,1
2026武汉九调物理,4,1
2026武汉二调,1,1
2026水平测试江西卷,6,1
2026永州一模,5,1
2026永州一模化学,3,1
2026永州一模历史,3,1
2026永州一模地理,3,1
2026永州一模生物,1,1
2026永州高考一模,5,1
2026永州高考一模英语,3,1
2026江南十校,1,1
2026江南十校高三上学期开学考试,3,1
2026江南十校高三上学期物化生开学考试卷,2,1
2026江海区统考初二下道法期末考试,1,1
2026江淮十校,4,1
2026江苏中考卷,1,1
2026江苏中考卷英语,5,1
2026江苏中考语文,5,1
2026江苏化学高考真题,2,1
2026江苏南京二模,14,1
2026江苏南京赛区希望杯一年级,1,1
2026江苏南京赛区希望杯一年级真题,1,1
2026江苏南京赛区希望杯竞赛一年级,1,1
2026江苏南通调研,1,1
2026江苏合格考数学,1,1
2026江苏模拟预测,1,1
2026江苏模拟预测语文,3,1
2026江苏物理高考,4,1
2026江苏物理高考卷及答案,1,1
2026江苏物理高考答案,2,1
2026江苏生物高考真题,3,1
2026江苏省赣榆区高一上期末考试物理,7,1
2026江苏省赣榆区高一下期末考试物理,3,1
2026江苏省高三开学联考数学试卷,5,1
2026江苏真题卷,1,1
2026江苏英语高考试卷,1,1
2026江苏高三地理试卷,5,1
2026江苏高三生物高考试卷,3,1
2026江苏高考化学,6,1
2026江苏高考物理,1,1
2026江苏高考生物,1,1
2026江苏高考真题卷,3,1
2026江苏高考真题卷生物,4,1
2026江西6月高考物理真题,1,1
2026江西卷,1,1
2026江西生物高考,1,1
2026江西高考卷,1,1
2026江西高考卷物理真题,1,1
2026江西高考卷真题,1,1
2026沈阳七年级上英语,10,1
2026沈阳中考英语试卷,13,1
2026沧州市第十四中学八下期末试卷,6,1
2026河东区八年级英语期末,3,1
2026河北中考作文,5,1
2026河北中考数学,3,1
2026河北中考英语真题,1,1
2026河北中考试卷,4,1
2026河北化学高考真题,2,1
2026河北化学高考题,3,1
2026河北单招语文卷,1,1
2026河北卷化学,1,1
2026河北小考英语,4,1
2026河北政治高考题,4,1
2026河北数学高考真题,2,1
2026河北物理高考真题,3,1
2026河北生物高考真题,2,1
2026河北省化学高考试卷,3,1
2026河北省定兴县六年级期中考试,3,1
2026河北石家庄八上数学期末,2,1
2026河北英语高考真题,2,1
2026河北语文论述类专项,6,1
2026河北邯郸一模,8,1
2026河北高考化学,2,1
2026河北高考历史真题,8,1
2026河北高考数学,4,1
2026河南,1,1
2026河南专版 暑假作业天天练 三年级数学 人教版 文心出版社,4,1
2026河南中招语文,5,1
2026河南卷化学,1,1
2026河南卷化学合格性考试,2,1
2026河南政治高考试题,1,1
2026河南物理高考,3,1
2026河南省省实验,3,1
2026河南语文试卷,1,1
2026河南高考化学真题,5,1
2026河南高考历史真题回忆版,1,1
2026河南高考历史真题解析,2,1
2026河南高考政治试卷,2,1
2026河南高考真题,3,1
2026河南高考语文卷和答案,4,1
2026河南鹤壁语文试卷,1,1
2026河南鹤壁语文试卷9年级,13,1
2026河西区八年级英语期末,4,1
2026河高考政治试卷,1,1
2026泉州一中期末试卷,4,1
2026泉州市质检,25,1
2026泉州惠南中学期末试卷,5,1
2026泉港一中中学期末试卷,2,1
2026泉港一中中期末试卷,2,1
2026泉港一中期末试卷,3,1
2026泰安中考,3,1
2026泰安高一上学期期中试卷数学,6,1
2026泰安高一期中试卷数学,2,1
2026泰安高一期末试卷数学,3,1
2026泰州二中附属初中学校,21,1
2026济南一模,3,1
2026济南中考化学真题,3,1
2026济南中考语文,10,1
2026济南市名校联盟高二下学期期中物理试卷,2,1
2026济南期末历史高二,3,1
2026济南期末数学高二,1,1
2026济南语文中考,1,1
2026济南高三三模物理,3,1
2026济南高三三模英语,4,1
2026济南高二下学期期末地理,3,1
2026济宁高二下期末,5,1
2026浙江6月高考物理,1,1
2026浙江中考数学,1,1
2026浙江中考语文,1,1
2026浙江化学高考真题,2,1
2026浙江地理高考真题,1,1
2026浙江省中考化学真题,3,1
2026浙江省中考社会试卷,5,1
2026浙江省县域联盟,4,1
2026浙江省温州市第一次适应性考试物理,7,1
2026浙江省镇海中学新高一分班考数学试卷,1,1
2026海南一模,12,1
2026海南化学高考真题,2,1
2026海南州一模,1,1
2026海口期末化学,3,1
2026海城四中七上试卷,6,1
2026海城四中七上试卷数学,2,1
2026海淀一模,1,1
2026海淀高三一模化学,1,1
2026海淀高三一模数学,3,1
2026海淀高三一模物理,3,1
2026海港区八下地理生物开学考,1,1
2026深圳一模数学,3,1
2026深圳一模数学高考,3,1
2026深圳中考物化合卷,5,1
2026深圳市中考英语,3,1
2026深圳生地会考,3,1
2026温州,9,1
2026温州高三,8,1
2026湖北,4,1
2026湖北中考语文卷,1,1
2026湖北九调,3,1
2026湖北卷历史高考真题,1,1
2026湖北卷物理,2,1
2026湖北圆创八月,3,1
2026湖北圆创八月化学,1,1
2026湖北物理高考试题,1,1
2026湖北生物,1,1
2026湖北生物学,1,1
2026湖北生物学高考,3,1
2026湖北生物高考试题,2,1
2026湖北省圆创,6,1
2026湖北省圆创2027,2,1
2026湖北省荆州市高二上学期九月月考物理试卷,3,1
2026湖北省荆州市高二上学期期中物理试卷,12,1
2026湖北省荆州市高二上学期期中生物试卷,5,1
2026湖北省荆州市高二十月月考数学试卷,1,1
2026湖北荆州中学八上数学期末,6,1
2026湖北荆州八上数学期末,1,1
2026湖北襄阳的中考语文真卷,3,1
2026湖北高三圆创联考8月语文,1,1
2026湖北高考物理试卷,4,1
2026湖南三模,7,1
2026湖南中考,4,1
2026湖南卷地理高考真题,2,1
2026湖南物理高考,1,1
2026湖南省长沙市高三一模化学,9,1
2026湖南省长沙市高三一模物理,2,1
2026湖南长沙雅礼中学月考,9,1
2026湖南青竹湖湘一外国语8年级下数学期末,2,1
2026湖南高考历史答案,3,1
2026湘潭医卫职业技能考试试卷,1,1
2026滨州,3,1
2026滨州高一期末,4,1
2026漳州化学一模,1,1
2026漳州市一质检,1,1
2026漳州市一质检高三语文,4,1
2026漳州高考化学一模,1,1
2026潍坊一模物理,4,1
2026潍坊三模,6,1
2026潍坊市语文中考统考卷,3,1
2026潍坊诸城等五县市八下期末考试数学 试题,1,1
2026潍坊高二下学期期末物理,11,1
2026烟台中考化学,4,1
2026烟台历史高二期末真题,4,1
2026物理东北卷,1,1
2026物理河南,1,1
2026物理选择性考试试题贵州,6,1
2026物理高考山东,3,1
2026物理高考真题,2,1
2026献县第一中学八下期末试卷,3,1
2026玄武二模南京,4,1
2026玉林模拟中考卷,2,1
2026玉林高一下学期期末数学,1,1
2026玉林高三一模数学,5,1
2026玉林高三上学期期末数学,6,1
2026甘谷县中考,5,1
2026甘谷县西关中学期末考试数学,16,1
2026生物,2,1
2026生物中考试卷安徽省,1,1
2026生物山东中考,1,1
2026生物沈阳教联体,4,1
2026生物高考,4,1
2026界广州市天河区一模考试,1,1
2026界广州市天河区区一模化学考试,3,1
2026界广州市天河区区一模考试,3,1
2026界郑州市重点校,7,1
2026百师联盟,1,1
2026百师联盟山西,2,1
2026盐城中考2模语文试卷,1,1
2026盐城中考化学试卷,3,1
2026盐城中考地理.试卷,2,1
2026盐城中考地理试卷,3,1
2026盐城中考数学试卷,3,1
2026盐城中考试卷,11,1
2026盐城市建湖县汇文,2,1
2026盐城市建湖县汇文九年级9,2,1
2026盘龙区八下期末,2,1
2026省实验四调,1,1
2026省实验四调山东,2,1
2026真题卷物理,1,1
2026真题汇编,5,1
2026石家庄高二期末考试,3,1
2026福州中考一检历史,2,1
2026福州英语第一次质检,1,1
2026福州高三三月质检语文,5,1
2026福建中考一检历史,6,1
2026福建中考数学,5,1
2026福建化学高考真题,1,1
2026福建名校联盟3月数学,5,1
2026福建政治高考,1,1
2026福建生物高考,7,1
2026福建省普通高中数学学业水平考试,1,1
2026福建省质检物理,9,1
2026福建省质检物理泉州市,4,1
2026福建英语中考,3,1
2026福建语文中考卷,2,1
2026福建语文初二,1,1
2026福建高考物理,3,1
2026秋人教大同版六年级上册英语课文朗读,6,1
2026秋季高三开学学情自测考,7,1
2026秋新课标九上历史必背知识点汇总,3,1
2026秦皇岛市第十六中学八下地理生物开学考,2,1
2026第二学期阳山县期末监测八年级数学试题,9,1
2026级泸州春期期末考试高一语文,1,1
2026结业试卷 凤鸣山中学,1,1
2026结业试卷 地理重庆,4,1
2026统考卷子,1,1
2026绥化市道法与历史学业水平试卷,3,1
2026绥化市道法与历史水平试卷,1,1
2026绥化市道法与历史结业试卷,2,1
2026绥化市道法与历史试卷,4,1
2026聊城九月调研,13,1
2026聊城市数学期未,10,1
2026芙蓉区8年级下英语期末考试,2,1
2026苏,1,1
2026苏州中考数学,1,1
2026苏科版七上数学期末试题,19,1
2026苏科版七下数学期末试题,11,1
2026苏科版八上物理期末试题,13,1
2026苏科版八下物理期末试题,14,1
2026英语湖北,1,1
2026英语高考,1,1
2026薛城区高二下化学期未卷,9,1
2026衡水二模数学,9,1
2026西和县,20,1
2026西城一模高三数学,4,1
2026西藏中考生,1,1
2026西藏中考生物,5,1
2026语文,1,1
2026语文一卷,1,1
2026语文一卷高考,5,1
2026语文人教版分班考真题卷,16,1
2026语文全国一卷,1,1
2026语文全国二卷,1,1
2026语文课后素养评价选择性必修中册电子版,3,1
2026语文高考二卷,1,1
2026语文高考卷,1,1
2026贵州中考,1,1
2026贵州生物学高考,1,1
2026贵州高考,1,1
2026贵州高考生物真题,1,1
2026贵阳物理高一,5,1
2026起点考试湖北,4,1
2026辽南协作体,1,1
2026辽南协作体高一期末,3,1
2026辽南协作体高二上期末,7,1
2026辽宁专升本英语真题,1,1
2026辽宁中考,4,1
2026辽宁中考化学,3,1
2026辽宁中考数学,3,1
2026辽宁中考英语,2,1
2026辽宁名校,1,1
2026辽宁名校联盟高三9月联考数学试题及参考答案,6,1
2026辽宁名校英语,4,1
2026辽宁最后一卷,1,1
2026辽宁省中考英语试卷,1,1
2026辽宁省实验中学高二上学期数学月考,3,1
2026辽宁省开学考高二上学期，,7,1
2026辽宁省开学考高二英语,1,1
2026辽宁省阜新市开学考高二,4,1
2026辽宁省鞍山市高三下学期5月质量检测物理试卷,1,1
2026辽宁省高一下数学,6,1
2026辽宁省高考化学试卷,4,1
2026辽宁联盟,1,1
2026辽宁联盟最后一卷,2,1
2026辽宁高考数学,3,1
2026达州市高一期末数学,3,1
2026运城市高二期末,3,1
2026道法,13,1
2026遵义市高二期末化学试题二,3,1
2026邵阳市高三年级第一次模拟考试,1,1
2026邵阳市高三年级第一次模拟考试物理,4,1
2026邹城一中高一下学期期中数学,1,1
2026鄂东南高二,1,1
2026鄂东南高二上,8,1
2026鄂州高中自主招生试卷,2,1
2026重庆八中一模,8,1
2026重庆化学高考真题,2,1
2026重庆南开中学七上数学期末,5,1
2026重庆康德高一,3,1
2026重庆高考物理真题,14,1
2026金版教程高考总复习首选卷化学通用版答案。,6,1
2026镇江中考数学,5,1
2026镇江中考语文,1,1
2026镇江期初生物,10,1
2026镇江生物,1,1
2026长春中考数学卷,1,1
2026长沙中考一模英语,5,1
2026长沙市高三模拟,1,1
2026陆丰高三统一摸底测试,14,1
2026陕晋青宁 物理 选择性考试,5,1
2026陕晋青宁化学高考,3,1
2026陕晋青宁思想政治,6,1
2026陕甘宁生物高考真题,4,1
2026陕西省化学高考试卷,1,1
2026陕西省普通高中学业水平选择性考试化学试卷,1,1
2026陕西高考真题,1,1
2026零诊试卷,1,1
2026青岛一模,2,1
2026青岛一模 语文,1,1
2026青岛一模物理,3,1
2026青岛中考语文,7,1
2026青海物理高考,3,1
2026青海省中考化学试卷,7,1
2026青海省中考试卷,12,1
2026顺德区七年级上册数学美辰,4,1
2026顺德区八年级上册数学美辰,3,1
2026首考英语,1,1
2026高32模物理烟台卷,1,1
2026高一下学期期末数学,9,1
2026高一下学期期末物理试卷,7,1
2026高一下学期期末生物顶尖联盟,16,1
2026高一下学考卷物理,1,1
2026高一下学考物理,1,1
2026高一化学秋季广东,2,1
2026高一开学分班学情自测卷英语,7,1
2026高一数学分班深圳,3,1
2026高一数学秋季分班,1,1
2026高一数学秋季分班深圳,2,1
2026高一物理秋季,2,1
2026高一物理秋季广东,2,1
2026高一物理秋季深圳,2,1
2026高一英语分班,3,1
2026高一英语秋季深圳,1,1
2026高一语文分班,1,1
2026高一语文分班深圳,4,1
2026高一语文秋季,1,1
2026高一语文秋季深圳,2,1
2026高一青铜鸣联考英语,6,1
2026高三,9,1
2026高三 中国特色社会主义 材料选择50题 解析版,1,1
2026高三 政治中国特色社会主义 材料选择50题 解析版,3,1
2026高三A10开学考数学,5,1
2026高三A10联盟,11,1
2026高三A10联盟开学考,7,1
2026高三二模嘉定语文,3,1
2026高三保定二模数学,2,1
2026高三化学模拟山东省,4,1
2026高三复习专题,6,1
2026高三开学学情自测,5,1
2026高三开学数学学情自测,6,1
2026高三开学考,3,1
2026高三政治二轮 材料型拔高选择题300道（经济+政治+文化+哲学+选必）,3,1
2026高三生物,1,1
2026高三生物湖北,1,1
2026高三生物湖北圆创,2,1
2026高中总复习优化设计答案,2,1
2026高中数学二模试卷,3,1
2026高中月考和平,1,1
2026高中月考和平高一,4,1
2026高中月考和平高一数学汇文,6,1
2026高中杭州一模,3,1
2026高中杭州一模英语,1,1
2026高二下山东德州期末考试,2,1
2026高二下德州化学期末,1,1
2026高二下德州数学期末,1,1
2026高二数学,5,1
2026高考1卷,4,1
2026高考1卷历史,16,1
2026高考一卷,1,1
2026高考一卷英语,1,1
2026高考一卷英语听力,1,1
2026高考二卷,3,1
2026高考二卷语文,5,1
2026高考云南卷,1,1
2026高考全国一卷英语,3,1
2026高考全国一卷语文,1,1
2026高考全国二卷语文,3,1
2026高考全国语文一卷作文,1,1
2026高考北京卷,1,1
2026高考北京数学卷,4,1
2026高考卷物理真题,8,1
2026高考卷语文,2,1
2026高考历史,3,1
2026高考历史全国一卷,3,1
2026高考历史卷四川,1,1
2026高考历史山东,3,1
2026高考历史真题,1,1
2026高考历史试卷,2,1
2026高考四川卷,2,1
2026高考四川物理,1,1
2026高考地理,5,1
2026高考地理真题,1,1
2026高考天津卷子,1,1
2026高考政治,1,1
2026高考政治真题,1,1
2026高考政治试题北京,1,1
2026高考数学2卷,2,1
2026高考数学2卷辽宁,2,1
2026高考数学上海卷,1,1
2026高考数学二级结论核心知识,3,1
2026高考数学题,4,1
2026高考新课标II卷英语,1,1
2026高考新课标Ⅱ卷英语,3,1
2026高考模拟台州一模地理,9,1
2026高考模拟台州二模地理,15,1
2026高考模拟温州一模地理,8,1
2026高考模拟温州州一模地理,1,1
2026高考模模台州一模政治,11,1
2026高考模模台州二模历史,4,1
2026高考江苏地理卷,2,1
2026高考江苏物理卷,5,1
2026高考河北卷化学,1,1
2026高考河南物理卷,2,1
2026高考物理广东,1,1
2026高考生物江苏,2,1
2026高考生物重庆,3,1
2026高考真题,12,1
2026高考真题英语河北,4,1
2026高考真题语文全国卷,1,1
2026高考福建物理,3,1
2026高考第一次模拟,5,1
2026高考第一次模拟试卷,10,1
2026高考英语全国一卷,1,1
2026高考英语全国二卷,1,1
2026高考英语安徽,1,1
2026高考试卷湖南,4,1
2026高考语文全国二卷,4,1
2026高考贵州卷,5,1
2026高考重庆卷,21,1
2026高考重庆生物,4,1
2026高考陕西黑龙江,2,1
2026高考题,2,1
2026高考黑龙江生物,2,1
2026黄冈市高一期末,6,1
2026黑吉辽蒙 化学,1,1
2026黑吉辽蒙高考化学,3,1
2026黑吉辽蒙高考地理,1,1
2026黑吉辽高考物理卷,3,1
2026黑龙江普通高等学校招生选择性考试,9,1
2026黑龙江省普通高等学校招生选择性考试,5,1
2026黑龙江高考,1,1
2026黔东南中考数学真题,1,1
2026黔南洲第二学期期末统考,3,1
2026黔南洲第二学期期末统考高一,1,1
2026黔南洲第二学期期末统考高一物理,2,1
2026黔南洲第二学期期末统考高一生物,2,1
2026鼓楼二模南京,3,1
2026龙东十校联盟,6,1
2026龙东十校联盟期末考试,4,1
2026龙东十校联盟期末考试高一下学期数学,2,1
2026龙东十校联盟期末考试高一数学,1,1
2026龙东高考模拟,3,1
2026龙江期末八下英语,9,1
2027 2027高三一轮,3,1
2027 2027高三一轮数学,4,1
2027 2027高三一轮英语全国二卷,3,1
2027 届天工高中毕业班 7 月质量检测,11,1
2027 年高中毕业备考精炼,11,1
2027 年高中毕业备考精炼必修四,2,1
2027 年高中毕业被精酿班,1,1
2027三维设计历史,1,1
2027专用学业水平合格考总复习,14,1
2027九年级上册数学五星学霸人教版,5,1
2027人大附中开学考,1,1
2027人大附中开学考数学,1,1
2027人教版生物一轮复习高考淬炼检测卷一高考淬炼,2,1
2027内江零模地理,1,1
2027南方凤凰台一轮,1,1
2027南方凤凰台一轮生物,9,1
2027南方凤凰台英语,1,1
2027圆创,1,1
2027圆创联盟,2,1
2027圆创联盟英语,1,1
2027天星教育,4,1
2027宁夏银川一中,1,1
2027届九师联盟,1,1
2027届全国高考调研模拟卷,5,1
2027届初三中考题,2,1
2027届名师点拨特训,5,1
2027届天工高中毕业班7月检测,2,1
2027届天工高中毕业班的学生考试生物,3,1
2027届山东济南实验中学高三暑假学习质量检测 语文试题及答案,2,1
2027届山东省潍坊市教科所生物高一上期末监测模拟试题含解析.,5,1
2027届拾懿创新联盟企蛰卷,2,1
2027届拾懿创新联盟企蛰卷高三年级语文学科试题,7,1
2027届拾懿创新联盟启蛰卷高三年级,2,1
2027届拾懿创新联盟启蛰卷高三年级地理学科试题,1,1
2027届拾甄创新联盟企蛰卷福建卷,7,1
2027届拾甄创新联盟企蛰卷福建卷地理,1,1
2027届步步高答案,3,1
2027届河南名校联考高三上学期模拟,4,1
2027届湖北省圆创联盟高三8月份考试数学,4,1
2027届湖北高三原创联盟8月联考,13,1
2027届湖北高三原创联盟8月联考地理,1,1
2027届湖北高三原创联盟8月联考英语,1,1
2027届重庆市鲁能巴蜀中学校高三上学期第一次学情检测物理学科试题,1,1
2027届高三,1,1
2027届高三一轮复习模拟练习,3,1
2027届高三上学期开学考试,2,1
2027届高三化学,4,1
2027届高三化学一轮复习专项训练。,2,1
2027届高三学考第一次适应性模拟检测,1,1
2027届高三年级一轮复习测试卷,28,1
2027届高三物理周周练1,2,1
2027届高三生物人教版一轮复习晨读晚默,2,1
2027届高三生物学,12,1
2027届高三第一次模拟,3,1
2027届高三第一次模拟化学,4,1
2027届高考数学一轮复习 空间向量立体几何,1,1
2027届高考滚动检测卷物理,3,1
2027届高考滚动检测卷物理6,1,1
2027届高考滚动检测卷物理6甘肃省,2,1
2027届高考语文一轮复习基础知识,6,1
2027届黑吉辽蒙名校教研共同体,1,1
2027山东济南高三开学考,5,1
2027年,3,1
2027年普通高等学校招生全国统一模拟考试,2,1
2027年步步高大一轮数学江苏专版,3,1
2027年浙江高考第一次模拟考试英语,1,1
2027年福建省厦门市高二下学期期末考试英语,1,1
2027年福建省高二下学期期末考试物理,9,1
2027年金榜苑创新设计高考总复习语文,4,1
2027年金榜苑步步高大一轮英语,1,1
2027年高中文言文阅读手册高中通用版,3,1
2027年高考一轮复习培优收官卷（全国一卷）,1,1
2027年高考卷,1,1
2027年高考卷内蒙古,5,1
2027年高考物理一轮复习讲练测(全国通用),1,1
2027年高考英语一轮复习培优收官检测卷全国二卷英语,1,1
2027年高考英语一轮复习培优阶段性检测卷全国二卷,4,1
2027年高考语文试卷,1,1
2027年高考语言文字运用,1,1
2027年高考语言文字运用语文,1,1
2027年高考高中三年语文必备知识点打印版,3,1
2027年，开学考,2,1
2027年，统考,7,1
2027广州市开学考,3,1
2027开学考,4,1
2027成都七中零诊,4,1
2027新高考全科一轮复习知识点大全（9科完整版PDF,2,1
2027新高考物理 核心公式 二级结论 汇总,6,1
2027核心微讲，应在高考数学,2,1
2027步步高大一轮复习讲义,1,1
2027步步高大一轮复习讲义高考,4,1
2027江西高考,46,1
2027河北高考地理,3,1
2027河北高考地理答案,1,1
2027河南名校联考高三上学期模拟,5,1
2027浙江高考一模英语,1,1
2027深圳高三开学考,3,1
2027湖北,3,1
2027湖北圆创联盟,3,1
2027湖北圆创联盟开学考,11,1
2027湖北高三圆创联考8月语文,1,1
2027湖南长郡中学高三开学考,11,1
2027炎德名校联盟高三语文试卷,1,1
2027炎德英才,3,1
2027炎德英才开学考,1,1
2027版红对勾数学,13,1
2027版金太阳新考案高三一轮总复习物理答案,1,1
2027英语优化方案,1,1
2027领航计划 高考总复习语文 必刷题 开明出版社,4,1
2027高三一轮,3,1
2027高三上学期开学考试,1,1
2027高三开学考,5,1
2027高三生物人教版一轮复习晨读晚默,1,1
2027高中英语优化方案,1,1
2027高考,1,1
2027高考一轮复习培优调研检测卷,2,1
2027高考总复习综合素养提升卷  生物学  云南专版,4,1
2027高考总复习综合素养提升卷 生物学 云南专版,3,1
2027高考总复习讲义语文,5,1
2027高考政治一轮复习讲练测,2,1
2027高考数学一轮复习,1,1
2027高考数学一轮复习讲练测,4,1
2027高考绿色通道大一论复习高效备考方案,3,1
2027高考英语作文高级句式,8,1
2027高考英语阶段性模拟自测卷01,10,1
2027高考语文一轮复习讲练测,7,1
2027高考调研模拟卷,4,1
2028届英语高一下第三次月考,9,1
2028届高一上月考,11,1
2028湖北阳新县第一中学分班考试卷,7,1
2029深圳生地会考,1,1
202一年普通高等学校招生全国统一考试全国一卷语文,1,1
202一年普通高等学校招生全国统一考试全国乙卷语文,1,1
202一年福建省福州市初三语文中考一检卷,6,1
202到2025年山东高考历史卷,1,1
202年4高考真题历史山西,2,1
202辽宁中考地理,1,1
202辽宁中考地生,1,1
202！年福清市8年级下册期末考试卷,1,1
203年英语全国甲卷,1,1
2055年秋季学期期末学业质量监测七年级英语,5,1
20二五届到2026学年高三上学期9月教学质量监测语文试卷,1,1
20二五届到2026学年高三上益阳市学期9月教学质量监测语文试卷,4,1
20二六届北京朝阳区高31模考试语文试卷,1,1
20二六届高考高频形容词,2,1
20以内加减法,3,1
20以内的加减法,7,1
20以内的加减法专项练习,4,1
20天高级句型,3,1
21世纪教育网,3,1
21云南职教高考英语试卷,1,1
21天记忆中考核心高频688词,3,1
21年1卷 高考卷数学,1,1
21年1卷 高考卷英语,3,1
21年Cpho预赛,8,1
21年cpho预赛,2,1
21年云南职教高考英语试卷,1,1
21年广东数学,1,1
21年广东数学高考,1,1
21年新一卷,1,1
21年高考广东,2,1
21年高考新一卷,1,1
22*陈涉世家/司马迁,1,1
225全国一卷语文,1,1
22到23高二下广东江门,3,1
22到二三年华新共同体,8,1
22年1卷 高考卷数学,1,1
22年2卷物理原卷,1,1
22年2卷高考物理原卷,1,1
22年Cpho预赛,2,1
22年英语,1,1
22年英语一卷,1,1
22年高考数学,1,1
22数学,1,1
23 到 24 学年九年级上学期阶段性评估联考语文试题,6,1
23 司马光,2,1
23-14越秀七下数学,3,1
23-24天津市部分区语文高二,12,1
23-24天津部分区化学期中,5,1
23-24年物理九调武汉,3,1
23-24期末沈北八下,1,1
23-24期末沈北新区八下,1,1
23-24期末沈北新区八下物理,1,1
23-24海珠七下数学,2,1
23-24荔湾七下数学,6,1
23-24部分区语文高二,1,1
23‑24学年北京朝阳区高三上学期期末化学,2,1
23到24兰山八下物理,5,1
23学年温州高一下语文期末检测,32,1
23年,1,1
23年新高考一卷数学,4,1
23年河北高考,5,1
23年英语卷,1,1
23年英语卷高考,3,1
23年赤峰高一,13,1
23年辽宁高考,1,1
23年高考真题,5,1
23河西二模,6,1
23物理高考,5,1
23甲卷英语,1,1
23级语文小升初试卷,1,1
23级语文小升初试卷延安,3,1
23高考二卷,1,1
24 25福州高三第一次质检英语,5,1
24 愚公移山/《列子》,2,1
24-25,1,1
24-25福州高三第一次质检,2,1
24-25福州高三质检,5,1
24—25学年度武汉市部分学校高三九月调考历史,14,1
24—25学年度湖北腾云联盟10月月考政治,3,1
24—25学年新八校学校高三八月调考地理史,3,1
24—25学年湖北新八校学校高三八月调考地理史,1,1
24全国II卷理综,3,1
24全国乙卷理综,6,1
24山东生物,1,1
24山东生物高考,1,1
24年1卷语文,5,1
24年1月普通高等学校招生全国统一考试全国新课标一卷浙江英语听力,3,1
24年9省联考,2,1
24年上海英语二模,3,1
24年二模英语,6,1
24年内蒙古物理中考题,5,1
24年四十三中初一期中考试试卷,3,1
24年天津高考卷,3,1
24年天津高考真题,3,1
24年巨野县高一期末考试物理,5,1
24年广东生物高考卷,3,1
24年新高考一卷英语,2,1
24年普通高中适应性考试九省联考,3,1
24年机械制图试题,2,1
24年物理高考真题,1,1
24年生物重庆,1,1
24年生物重庆高考,1,1
24年生物高考,3,1
24年的高考卷四川,2,1
24年石景山高三期末数学,4,1
24年福建省福州市初三语文一检卷,4,1
24年贵州语文会考卷,5,1
24年高考生物,7,1
24年高考真题,2,1
24年高考真题化学,2,1
24年高考重庆生物,1,1
24数学一模,2,1
24河北物理,5,1
24河北物理高考,2,1
24级高一下学期期中校校联考日语试题,1,1
24至2025学年度曲靖市八年级下期末语文测试真题汇量监测,1,1
24闵行一模,1,1
25 年 0 1卷 全国 1 卷 数学 高考真题,1,1
25 年1月卷 英语 高考真题,1,1
25* 陈涉世家/司马迁,6,1
25-26山西省名校联盟高三11月英语,4,1
25-26江苏西交大苏州附中高一上,1,1
25-26江苏西交大苏州附中高一上数学,1,1
25-26济宁全市联考,2,1
25-26济宁全市高三联考,2,1
25-26英语惠山区期末八上,1,1
25-26英语滨湖区期中八上,3,1
25-26语文惠山区期末七下,1,1
25-26高三会六安期中考试物理试卷,1,1
25-26高二上安徽亳州期末,3,1
2508Z20,3,1
2508z20,2,1
25423022,1,1
25`～26龙岩市,1,1
25—26学年度湖北高三八月,17,1
25东城一模生物,4,1
25全国一卷语文,1,1
25到26福州市高三年级,1,1
25到26福州市高三年级第一次质量检测,12,1
25到26福州市高三年级，第一次质量检测,1,1
25奉贤区一模物理中,1,1
25年1卷高考地理,3,1
25年中考卷语文卷,4,1
25年中考物理,1,1
25年中考物理内江,6,1
25年临泉八上期末卷,4,1
25年临泉八下期末卷,2,1
25年临泉四中九上期末卷,5,1
25年全国2卷，英语,7,1
25年内蒙古中考物理,3,1
25年化学初赛,1,1
25年化学奥林匹克初赛,4,1
25年北京化学,1,1
25年北京化学卷,1,1
25年北京化学高考真题,3,1
25年北京卷高考真题语文,2,1
25年宿迁初三上册化学月考试卷,1,1
25年宿迁初三上册数学期末试卷,21,1
25年山东,2,1
25年山东政治高考题,1,1
25年山东省烟台市芝罘区八上物理期中,9,1
25年山西物理中考题,1,1
25年巨野县高一期中考试,1,1
25年巨野县高一期末考试物理,11,1
25年市区初中学情调研测试试卷,1,1
25年市区初中学校七年级学情调研测试试卷,2,1
25年开学考数学青岛,1,1
25年开学考数学青岛高中,1,1
25年成都市高中生物合格考,2,1
25年成都市高中生物合格考补考,2,1
25年新高考,5,1
25年昌平区高一上期末数学,10,1
25年昌平区高一上期末数学试卷,2,1
25年武汉市九调高三历史,7,1
25年武汉市九调高三地理,6,1
25年武汉市九调高三政治,9,1
25年武汉市九调高三英语答案,4,1
25年江西化学学业水平选择性考试,3,1
25年河北省初中学业水平考试英语试卷,5,1
25年海南高考地理试卷,1,1
25年淄博高二上学期期末物理,5,1
25年淄博高二下学期期末物理,5,1
25年淄博高二第一学期期末数学,1,1
25年淄博高二第一学期期末物理,1,1
25年湖北生物,1,1
25年物理高考真题,1,1
25年甘肃化学卷,1,1
25年甘肃生物卷,1,1
25年甘肃高考化学卷,4,1
25年福建中考英语,1,1
25年英语一卷听力,1,1
25年语文全国一卷,4,1
25年贵州语文会考卷,1,1
25年青岛高中第高三第一次数学考试,5,1
25年青岛高中高三第一次数学考试,3,1
25年高一春期期终考试数学,17,1
25年高一期终考试数学,2,1
25年高中江西化学学业水平选择性考试,1,1
25年高二上学期三月份月考,4,1
25年高考1卷全国卷,2,1
25年高考2卷,2,1
25年高考地理试卷。,1,1
25年高考广东化学,5,1
25年高考数学真题,4,1
25年高考湖北生物,1,1
25年高考真题,3,1
25广东高考,1,1
25江苏泰兴市小升初数学试卷,1,1
25浦东新区一模物理,3,1
25浦东新区一模物理中,3,1
25湖北化学,1,1
25湖北高考化学,1,1
25潮阳区统考,5,1
25福州高三第一次质检,1,1
25级日照高一下学期历史题目题。,2,1
25高三上期末数学,1,1
25高考,3,1
25高考数学,3,1
25～26高二龙岩市数学,1,1
25～26龙岩市,1,1
25～26龙岩市数学,1,1
26 z20,11,1
26 年 0 1卷 全国 1 卷 数学高考真题,1,1
26 年 0 1卷 全国 1 卷 英语高考真题,8,1
26 年，辽宁中考,1,1
26 浙江英语高考卷,6,1
26-27天津高二期末语文试卷,1,1
26.3 二次函数与一元二次方程,1,1
26上海高考物理,3,1
26中,1,1
26中考真题,1,1
26中考真题物理,3,1
26云南物理高考,1,1
26六月化学高考真题,3,1
26北京高考语文,1,1
26历史高考,5,1
26哈尔滨德强高一下期末试卷,6,1
26嘉定一模数学,2,1
26天一练。,3,1
26天津市部分区物理期中,6,1
26天津市高考化学,5,1
26天津市高考物理,8,1
26天津高考化学,6,1
26天训练英语。,1,1
26天训练英语。初一,3,1
26天训练英语。初一湖北,14,1
26天阅读训练英语,1,1
26学年石家庄高一英语期末,8,1
26学年第二学期期末六校数学期末素养巩固福田6下,3,1
26学年衡水高一英语期末,19,1
26宿迁数学中考试卷,7,1
26届T8联考英语，高中12月,3,1
26届T8联考英语，高中英语,1,1
26届t8联考英语，高中英语,3,1
26届八省八校,13,1
26届武汉市九调高三历史,2,1
26届武汉市九调高三政治,1,1
26届浙江省新阵地教育联盟国庆返校第一次联考试卷,8,1
26届浙江省新阵地教育联盟国庆返校联考试卷,17,1
26届石家庄质检二化学,2,1
26届高三年级大联考,8,1
26届高三毕业石家庄质检二化学,1,1
26山东化学高考,3,1
26山东生物高考,2,1
26山东高考物理,3,1
26年 2卷 高考,2,1
26年 2卷 高考语文,8,1
26年 2卷 高考语文作文范文,3,1
26年1月首考物理,1,1
26年2卷数学,2,1
26年一卷参考答案,1,1
26年一卷参考答案英语,1,1
26年中考真题,2,1
26年临泉四中八下期末卷,1,1
26年全国二卷英语,1,1
26年全国二卷语文,1,1
26年全国英语高考卷,1,1
26年全国语文,1,1
26年化学黑龙江真题,1,1
26年北京中考,4,1
26年北京海淀英语八下期末考试,8,1
26年北京高考,1,1
26年南通中考作文,1,1
26年南通高考英语一模,1,1
26年四川卷化学,1,1
26年四川历史高考,4,1
26年安徽省高二会考政治,7,1
26年宜宾中考数学试卷,4,1
26年宿迁中考卷,4,1
26年山东省潍坊市高考地理模拟题,1,1
26年山东省高二下学期日语期末试题,3,1
26年山东省高考地理模拟题,4,1
26年山东高考全科试卷,5,1
26年广东化学,1,1
26年成都中考数学卷子,1,1
26年成都市高中生物合格考,2,1
26年政治高考试卷青海,1,1
26年数学中考真题济南,4,1
26年数学二卷,3,1
26年数学新高考二卷,5,1
26年新一卷化学,1,1
26年新疆模拟卷一,4,1
26年新疆模拟卷一 高考卷,5,1
26年新疆高考模拟卷一,6,1
26年新高考一卷生物,5,1
26年春季高二期末语文,2,1
26年春季高二期末语文钦州,1,1
26年江苏物理,1,1
26年江苏高考,5,1
26年江苏高考英语试卷,1,1
26年江门调研考物理高一,3,1
26年河北语文模考,1,1
26年河北语文高考模考,4,1
26年河南高考物理,1,1
26年泸州市化学中考,1,1
26年浙江，高考物理,2,1
26年淄博高二上学期期末物理,12,1
26年淄博高二第一学期末物理,1,1
26年湖南高一开学考,3,1
26年潍坊市高考地理模拟题,3,1
26年烟台一模,1,1
26年烟台一模物理,1,1
26年烟台一模物理高中,8,1
26年物理山东卷高考真题,4,1
26年福建,2,1
26年福建市质检,6,1
26年秋新版人教版四年级上册语文第一单元测试题,1,1
26年英语中考听力,1,1
26年英语中考真题,3,1
26年英语九年级单词,1,1
26年茂名数学高二期末,4,1
26年衡水主城区小升初分班,1,1
26年衡水小升初,8,1
26年首考,1,1
26年驻马店教研高一,4,1
26年高一下学期期末考试数学,12,1
26年高三模拟卷宜宾,17,1
26年高三河南10月青桐鸣数学,6,1
26年高考2卷数学,3,1
26年高考2卷英语,2,1
26年高考一卷语文,1,1
26年高考化学,1,1
26年高考四川,5,1
26年高考广东化学,4,1
26年高考广东政治答案,4,1
26年高考数学,1,1
26年高考数学全国一卷,1,1
26年高考数学安徽,3,1
26年高考物理四川,8,1
26年高考真题,1,1
26年高考试卷青海,1,1
26年高考题,1,1
26年，河北省中考英语试卷,5,1
26数学高考,2,1
26新高考1卷,4,1
26普陀物理一模,4,1
26松江 语文 作文,1,1
26松江语文二模,2,1
26松江语文二模作文,13,1
26湖南历史高考,2,1
26湖南地理,1,1
26湖南地理高考,1,1
26生物竞赛,5,1
26真光中学八上数学第一次月考模拟,12,1
26真光八上数学第一次月考模拟,1,1
26福建高考历史,1,1
26秋jion in,4,1
26秋季开班摸底,1,1
26秋季湖南开班摸底,1,1
26秋季湖南高三数学开班摸底,4,1
26苏州 数学中考试卷,2,1
26英语高考1卷,3,1
26语文,1,1
26语文高考,3,1
26重庆高考物理,5,1
26高考,1,1
26高考1卷数学,6,1
26高考卷,12,1
26高考山东物理,9,1
26高考政治,3,1
26高考英语全国一卷,9,1
26高考语文试卷,5,1
27中,3,1
27届收心卷,1,1
27届第二学期高二期末学业水平检测英语,3,1
27届高二上学期开学考,2,1
27届高考数学,1,1
27届高考物理,1,1
27年,17,1
27年湖南高一开学考,1,1
27年高三八月圆创考试,1,1
27高考卷,3,1
28* 海的女儿,3,1
28中,2,1
28中永州,1,1
28届化学竞赛初赛真题,2,1
29中学,1,1
29中高二上9月月考,1,1
29中高二上入学考,1,1
29中高二上第一次月考,1,1
2×9上英语第1次月考,1,1
2、常州市2025‑2026高一下化学期末质量检测,1,1
2、镇江市2025‑2026高一物理期末质量检测,1,1
2中考语文真题,1,1
2安徽省2026界高三江淮十校8月开学考,6,1
2广东高考,3,1
2重庆一中,1,1
3 0的认识和加、减法,1,1
3 三角函数的应用初中,1,1
3 上好科学课,4,1
3 单元 不同环境里的植物,1,1
3 四分位数与箱线图,2,1
3 静电场 电场强度和电场线,3,1
3+1,1,1
3. 动量守恒定律,3,1
3. 动量守恒定律练习,3,1
3. 气体的等压变化和等容变化,5,1
3. 气体的等压变化和等容变化提升,2,1
3. 电场 电场强度,14,1
3.1 一元一次方程的应用（上）,7,1
3.1 不等式性质,1,1
3.1 带电粒子（微粒）在（匀强）磁场中的运动,4,1
3.1 平面向量基本定理,5,1
3.1 有理数的乘方,3,1
3.1 氧气的性质和用途,2,1
3.1 速度及相关计算,6,1
3.1.1抛物线的定义,6,1
3.1（2）硫的氧化物,1,1
3.1（2）硫的氧化物人教版,3,1
3.2,1,1
3.2 三角函数的计算,3,1
3.2 频率分布直方图,2,1
3.2大一轮复习资料,1,1
3.2带电粒子在磁场中运动的多解问题、动态圆,2,1
3.2气压带和风带的季节移动海陆分布对气压带的影响 高一期末真题汇编,4,1
3.3 利用导数研究不等式,1,1
3.3 利用导数研究函数的最值,1,1
3.3 平面镜成像特点,16,1
3.3 抛物线,7,1
3.4利用导数研究不等式,4,1
3.4（2）沉淀溶解平衡的移动,7,1
3.5 圆锥曲线的应用,4,1
3. 2025-2026长郡集团九年级二模,11,1
3. 2025年 贵州高考政治（贵州卷）,3,1
3. 南昌市高三摸底测试（南昌零模）历史,2,1
3. 新高一物理必修第一册 人教版 衔接教材,9,1
3.平面镜成像特点,5,1
3.质数、合数、分解质因数,4,1
30.1.1直线与圆相离、相切、相交 同步练习 2026-2027学年人教版数学九年级上册,4,1
3000词,1,1
30807016,1,1
31.3 正多边形和圆,5,1
32608481,10,1
32一 轮 复习 2027 按单元必修一,3,1
34288251,8,1
34个几何模型,6,1
34个几何模型精选49道母题,9,1
3500 1 单词乱序,3,1
3500 单词背诵 2026年汇总,5,1
3500 词,3,1
3500 词汇,1,1
3500 词汇背诵,4,1
3500 词汇背诵版,5,1
3500英语,8,1
3500词 2026 40篇搞定3500词,3,1
3500词英语,2,1
3500词英语电子版,2,1
3557769,1,1
3669293771300864,2,1
3697836,2,1
36届全国中学生物理竞赛,1,1
36计,1,1
36计走为上计,1,1
38年cpho预赛,4,1
3926年浙江高三历史选考模考,1,1
39届全国中学生物理竞赛,8,1
39届高中化学全国初赛,8,1
3、学易金卷 化学高一下期末模拟卷(人教版必修二)（正规授权模拟卷）,3,1
3、学易金卷 高一下期末模拟卷(人教版必修二)（正规授权模拟卷）,1,1
3三角函数的应用初中,5,1
3上好课,1,1
3年级数学考试,1,1
3年级苏教数学下册期中测试,1,1
3年级苏教数学下册期末测试,3,1
3年高考2年模拟 电子版2027,9,1
3年高考2年模拟2027高考化学分层突破训练,3,1
3年高考真题汇编 物理,2,1
3月一模,1,1
3月辽宁一模,59,1
4 乡愁/余光中,1,1
4 机械能转化及其应用,1,1
4 焦耳定律,5,1
4 统计与概率的应用,2,1
4. 力学单位制,2,1
4. 力的合成和分解,4,1
4. 商的近似值,3,1
4. 商的近似值沪教版,3,1
4.1 一元一次方程的实际应用（上）,4,1
4.1 平方差公式,8,1
4.1（1）元素周期表,1,1
4.1（2）元素周期律,1,1
4.1（2）元素周期律人教版,4,1
4.1（3）元素周期表和元素周期律中的规律和应用,6,1
4.2 汽化和液化,2,1
4.3 去括号和添括号,2,1
4.4同角三角函数举一反三,1,1
4. 山东省青岛市2025‑2026学年高三上学期期初调研检测 物理 试题（含答案）,3,1
4. 绍兴市2025学年第二学期高一年级期末质量调测数学试题,1,1
40116993,3,1
40350555,1,1
40届物理竞赛决赛,9,1
41182870,1,1
41中数学,9,1
41，中学2025至2026,1,1
42825022,3,1
42中,1,1
42届全国中学生物理竞赛预赛试卷,8,1
42届复赛实验,9,1
42篇搞定3500,1,1
42篇短文,1,1
42篇短文速记3500词,4,1
43 沈阳,1,1
43 沈阳 英语,4,1
432025—2026八下期末数学能力,1,1
44中学入学考试试卷,1,1
45中,2,1
45中八上历史试卷,2,1
47,1,1
47中分班,1,1
47中学初四化学,1,1
47中学化学,94,1
47中数学,1,1
47中高二化学第一阶段检测,1,1
48个音标练习,1,1
48中试卷,1,1
4中开学分班考,1,1
4中开学分门口,1,1
4升5数学暑假作业每日一练,16,1
4升5数学暑假作业每日一练答案,7,1
4年级下册数学期末试卷,2,1
4年级奥数,4,1
4年级数学,22,1
4星学霸,1,1
4月辽宁一模,10,1
4月辽宁二模,19,1
4月辽宁月考,20,1
4月辽宁高中月考,22,1
4点共圆,1,1
5 光的色散,1,1
5 反证法,4,1
5 秋天的怀念/史铁生,1,1
5. 共点力的平衡,2,1
5. 带电粒子在电场中的运动,2,1
5. 电势 电势差,3,1
5. 电势 电势差试卷,3,1
5.1 任意角与弧度制,9,1
5.2二次函数的图像同步练习,3,1
5.2二次函数的图像同步练习 2026~2027学年北师大版九年级上册数学-,1,1
5.3,1,1
5.3 生殖器官的生长,2,1
5.3全卷,1,1
5.3直线运动知识解读20252026学年八年级上册物理，同步知识解读，与专题训练苏科版,18,1
5.3直线运动（知识解读）2025-2026学年八年级物理上册同步知识解读与专题训练（苏科版…,4,1
5.3金卷,2,1
5.5.2简单的三角恒等变换,10,1
5.5.2简单的三角恒等变换（分层作业）,2,1
5. 金太阳2026届高三甘肃4月联考生物,3,1
50,1,1
50529726,3,1
51,2,1
52中赫行,1,1
52中赫行小升初,4,1
53,2,1
53 2026版数学,3,1
53 2027数学,2,1
53360421,1,1
53408668,1,1
53514655,3,1
538年级上册生物第1单元,1,1
53919343,2,1
53全优卷数学选修一,3,1
53全卷,1,1
53培优卷选修一生物,1,1
53知识清单2027英语,1,1
53知识清单单词表英语,6,1
53试卷九年级上册,1,1
53试卷九年级上册数学,1,1
53试卷九年级上册数学 图形的相似,2,1
53试卷九年级上册数学 第1章,3,1
53金卷,1,1
53金卷物理必修三人教版,1,1
53高中全优卷,4,1
54,1,1
54019288,3,1
54204340,3,1
54690940,2,1
54690940.,1,1
54中分校,2,1
54制七年级上册语文国学经典,7,1
55301252,10,1
55965178,2,1
56978019,1,1
56978019，“第二课探究世界的本质”,1,1
57066517,3,1
57259877,1,1
57466096,1,1
58060742,3,1
58061249,2,1
58104940,1,1
58230145,3,1
58477004,4,1
58507453,2,1
58507454,4,1
58516450,18,1
58545533,1,1
58630816,1,1
58671575,1,1
58712332,3,1
58715573,2,1
58782286,1,1
58799916,5,1
58816856,1,1
58835947,3,1
58895655,13,1
58897102,3,1
58中,1,1
58中高一月考,7,1
59189956,1,1
5·3金卷收录的2026年贵州新高考化学适应性测试卷,12,1
5上新版期末卷,5,1
5号化合物,1,1
5年中考 3年模拟,1,1
5年中考 3年模拟 初中试卷,14,1
5年中考 三年模拟,3,1
5年中考 三年模拟数学,3,1
5年级上册英语PPT课件,1,1
5年高考3年模拟,5,1
5月月考,1,1
5月辽宁期中,12,1
5简单的三角恒等变换,1,1
6 1 直线和圆的位置关系,1,1
6 什么比猎豹的速度更快,2,1
6.4.1直线与平面平行,7,1
6. 2024年 重庆高考政治（重庆卷）,3,1
602810LZ,1,1
65中,1,1
666,8,1
67届国际奥林匹克数学竞赛Imo,10,1
688核心词汇,3,1
688核心词汇英语,1,1
688英语,2,1
688英语高考词汇,1,1
688高频词汇,2,1
6上下复习,1,1
6年级,5,1
6年级下册期末考试数学外国语学校,11,1
6张基础地图空白填图,2,1
6张基础地理空白填图,3,1
6月辽宁月考,16,1
6选5专项练习,1,1
6选5英语,5,1
7 培养德智体美劳全面发展的社会主义建设者和接班人/习近平,5,1
70中,3,1
71中分班考,1,1
72篇默写填空,5,1
73,1,1
73中,1,1
73中期末,4,1
73分特训,5,1
79,20,1
7上周测测试哈尔滨,47,1
7上周测考试,66,1
7上周测考试12月,20,1
7上周测考试东湖路哈尔滨,6,1
7上数学第一次月考,5,1
7上期末模拟测试哈尔滨,20,1
7上英语期末测试哈尔滨,15,1
7下数学计算,4,1
7中,5,1
7九年级英语单词,2,1
7升八暑假收心卷,9,1
7年級 2026年下册各区期末考试,5,1
7年级上册 冀教版英语电子书,2,1
7年级上册数学人教版典中,2,1
7年级上册数学填空压轴,6,1
7年级上册数学新定义,3,1
7年级上册第1单元语文,1,1
7年级上册第1单元语文基础知识,1,1
7年级上册第1单元语文字词,4,1
7年级上册语文专项阅读,2,1
7年级上册语文阅读题目,1,1
7年级上学期英语期中专项复习短文选词填空专项练习,15,1
7年级下册北师大版数学书,4,1
7年级下册历史单元卷,3,1
7年级下册数学书 导学案电子版,1,1
7年级下册数学书 电子版,5,1
7年级下册数学考试试卷,1,1
7年级下册期末试卷,1,1
7年级下册第8单元试卷数学。,3,1
7年级下册第8单元试卷数学。A3纸。,6,1
7年级下册英语人教版期末试卷,4,1
7年级下学期期末模拟卷,1,1
7年级平行线定理,1,1
7年级开学分班考试,3,1
7年级生物期末考试试卷 河南周口淮阳,6,1
7年级绝对值练习,3,1
7年级英语阅读题 视频,3,1
7年级～8年级综合试卷,1,1
8. 电容器 电容,4,1
8. 电容器 电容粤教版,7,1
8.12高三模拟语文,3,1
8.5 化学肥料,1,1
81,3,1
81中月考,1,1
81中月考石家庄市,1,1
8上数学,15,1
8上数学北师版第一单元测试,7,1
8上物理期末考试试卷,1,1
8上第一单元测试,1,1
8上英语无听力第一单元,1,1
8上英语期中,4,1
8下物理,1,1
8下物理河南,1,1
8下英语无听力,11,1
8下英语无听力第一单元,7,1
8中,1,1
8区联考,3,1
8升九数学试卷,1,1
8年级 语文第一次月考试卷,1,1
8年级 语文第一次月考试卷 河南周口淮阳,2,1
8年级三角形苏科,10,1
8年级上2026年期中数学城阳区,3,1
8年级上中江县,7,1
8年级上册万州期末考卷数学题。,3,1
8年级上册包头市昆仑区第五中学数学期中卷,2,1
8年级上册数学北师大版期中卷,11,1
8年级上册数学北师大版第1单元试卷,1,1
8年级上册数学北师版第四章单元测试卷,15,1
8年级上册数学试卷人教版,1,1
8年级上册数学课本。,6,1
8年级上册暑假作业 张范中学,2,1
8年级上册物理53人教版,9,1
8年级上册物理人教版5年中考 三年模拟,1,1
8年级上册物理人教版五三,2,1
8年级上册物理期中卷 海南省儋州市,4,1
8年级上册物理期中卷 海南省兰州市,1,1
8年级上册物理第一章知识检测。,3,1
8年级上册物理试卷人教版中段水平测试验,3,1
8年级上册辽宁省大连市金普新区月考真题,18,1
8年级上册辽宁省大连市金普新区期中真题,10,1
8年级上册辽宁省大连市金普新区期中考真题,3,1
8年级上册辽宁省大连市金普新区期末真题,9,1
8年级上册辽宁省大连市金普新区期末考真题,9,1
8年级上册重庆7中语文月考卷,1,1
8年级上分式加减法专项训练。,5,1
8年级下册2026英语贵阳云岩区试卷,1,1
8年级下册2026英语贵阳云岩区试卷就贵阳市云岩区,2,1
8年级下册平行四边形题型H,1,1
8年级下册平行四边形题型方法及练习,3,1
8年级下册广东数学试卷,14,1
8年级下册政,2,1
8年级下册数学几何,2,1
8年级下册数学质量检测配套卷,1,1
8年级下册数学质量检测配套卷天津,1,1
8年级下册期末广东数学试卷,5,1
8年级下册物理,1,1
8年级下学期期末试卷,8,1
8年级历史必备知识,2,1
8年级总复习,6,1
8年级总复习数学,2,1
8年级数学上册第一次月考,4,1
8年级数学期末考试试卷,5,1
8年级期末考试试卷,2,1
8年级物理期末考试试卷,7,1
8年级物理期末考试试卷河南周口项城,7,1
8年级物理第一次月考试卷 河南周口淮阳,8,1
8年级生物期末考试试卷民权县,3,1
8年级生物第一次月考试卷河南周口 商丘,4,1
8年级科学,1,1
8年级苏科,3,1
8年级苏科三角形,1,1
8年级词文必背英语仁爱版,6,1
8年纪重庆7中期中物理,1,1
8月开学摸底考试,9,1
8月月考,5,1
8月试卷,15,1
8月试卷圆创,13,1
9+1联盟,9,1
9+1联盟英语,4,1
9. 带电粒子在电场中的运动,1,1
9.2库伦定律（专题训练）七大题型,9,1
9.2库伦定理专题训练七大题型,6,1
91n免费处女在线破视频+进https://www.wesjqkd.com:2087/1035.html,1,1
96中,1,1
9787569086003,1,1
9上2次函数练习,2,1
9上2次函数练习双十卷子,1,1
9上化学人教第四单元检测卷,7,1
9上北师大数学第二单元测试卷,2,1
9上数学,2,1
9上数学月考卷,2,1
9上数学月考卷天府7中,4,1
9上期末数学,3,1
9上语文,1,1
9上语文辽宁省,1,1
9上语文辽宁省大连,1,1
9年级上册人教版数学25章2元一次方程,3,1
9年级上册人教版数学书,3,1
9年级上册化学。,3,1
9年级上册圆,1,1
9年级上册圆单元卷,17,1
9年级上册数学,33,1
9年级上册数学教材,3,1
9年级上册数学月考试卷人教版,11,1
9年级上册数学期末,1,1
9年级上册数学沪科版第22章相似三角形测试卷,1,1
9年级上册旋转单元卷,2,1
9年级上册月考卷,17,1
9年级上册英语单词,14,1
9年级二次函数试卷,16,1
9年级化学 济南市历城区第一次月考十月,8,1
9年级化学化合价专项练习,1,1
9年级化学期末考试试卷,1,1
9年级化学期末考试试卷上册,2,1
9年级化学期末考试试卷上册河南周口淮阳,19,1
9年级化学期末考试试卷图片版,3,1
9年级化学期末考试试卷河南民权,4,1
9年级带英语听力的卷,8,1
9年级数学期中考试试卷河南周口,5,1
9年级数学第一次模拟考试试卷河南周口沈丘,9,1
9年级文言文知识梳理,3,1
9年级生物,2,1
9年级英语语篇填空专练,7,1
9年级语文文言文,1,1
9年级语文文言文知识点梳理,2,1
9月学情调研,3,1
9月开学考,5,1
9月盐城,1,1
9月调考,1,1
9月调考湖北,3,1
9月调考湖北数学,5,1
9月调考湖北数学高中,3,1
9月调考湖北数学高中黄冈,12,1
9月高三联考济宁真题,1,1
9相似三角形,9,1
9省联考,1,1
9省适应性考试,2,1
A10 1号 10月安徽5月,1,1
A10 联盟,2,1
A10 联盟  安徽 高三上学期开学考,3,1
A10 联盟  高三上学期开学考,3,1
A10 联盟  高三上学期开学考安徽,3,1
A10 联盟 1号 安徽 高二上学期开学考,5,1
A10 联盟 1号 安徽 高二上学期开学考9月,11,1
A10 联盟 1号2026 安徽 高三上学期开学考,8,1
A10 联盟 高三上学期开学考安徽,12,1
A10 高中十三校 10月安徽高二,1,1
A10开学考高三上,1,1
A10联盟 安徽高三开学考,5,1
A10联盟 安徽高三开学考 地理,3,1
A10联盟2024届高三上学期八月底开学摸底考,1,1
A10联盟2025届高三上学期8月底学情调研,1,1
A10联盟2025届高三上学期8月底开学摸底考,2,1
A10联盟2025届高三数学8月份,1,1
A10联盟2026届高三上8月份,12,1
A10联盟2026届高三上学期8月底学情调研卷（也就是上一届高三的开学摸底考，就是你说的“去年考卷”）   ⚠️我不能直接发送PDF/完整图片文件，但给你精准找卷关键词+区分两张容易搞混的A10卷子+获取渠道   两张千万别弄混   1. ✅【你需要的·开学卷】 A10联盟2026届·8月底学情调研（8.28‑29） 👉上一届高三8月底开学摸底，就是今年你们8月考试的同款类型 👉搜索关键词复制： 1号卷 A10联盟2026届高三上学期8月底学情调研,1,1
A10联盟2026届高三上学期8月底学情调研地理,7,1
A10联盟2026届高三上学期8月底学情调研政治,3,1
A10联盟2026届高三上学期8月底学情调研语文,2,1
A10联盟2026届高三上学期八月底学情调研,1,1
A10联盟2026届高三上学期八月底开学考,3,1
A10联盟2026届高三摸底大联考,1,1
A10联盟2026届高三数学8月份,1,1
A10联盟2026英语,1,1
A10联盟2026高三八月英语,16,1
A10联盟2027届,1,1
A10联盟地理高二,1,1
A10联盟安徽高三开学考,2,1
A10联盟宿州13校,5,1
A10联盟开学考,3,1
A10联盟数学 8月摸底考,5,1
A10联盟考试,1,1
A10联盟考试时间表,1,1
A10联盟高一上10月月考,8,1
A10联盟高三二模英语听力,1,1
A10联盟高二,1,1
A10联盟高二上,1,1
A10联盟高二下期末历史,1,1
A10联盟高二开学考9,1,1
A10高三,14,1
A10高三上学期开学,13,1
A10高三开学,1,1
A10高三物理,5,1
A1O联盟9月数学,1,1
A9,4,1
A9协作体2025暑期,2,1
A9协作体开学考浙江高二上,4,1
A9协作体物理,3,1
A9协作体高三暑假返校生物,2,1
A9协作体高三暑假返校英语,10,1
A9开学考,1,1
AI,1,1
AI小博士,1,1
AI小博士学科网入口,1,1
AI联盟2026届八月学情调研高三英语听力,5,1
AI联盟2026届八月学情调研高学期,9,1
AI问,1,1
AMC8,5,1
ATP一轮复习,4,1
ATP一轮复习课件,8,1
ATP的结构与功能,1,1
ATP的结构与功能一轮复习课件,1,1
ATP的结构与功能一轮复习课件人教版,3,1
Aha moment课件,7,1
A加教育联盟,8,1
A卷,1,1
A名校课堂,1,1
A字母,1,1
A安徽10联盟2026届高三上学期8月底学情调研卷（也就是上一届高三的开学摸底考，就是你说的“去年考卷”）   ⚠️我不能直接发送PDF/完整图片文件，但给你精准找卷关键词+区分两张容易搞混的A10卷子+获取渠道   两张千万别弄混   1. ✅【你需要的·开学卷】 A10联盟2026届·8月底学情调研（8.28‑29） 👉上一届高三8月底开学摸底，就是今年你们8月考试的同款类型 👉搜索关键词复制： 1号卷 A10联盟2026届高三上学期8月底学情调研,1,1
BEST合作体2025-2026,3,1
BEST合作体吉林省,3,1
Be cautious online,1,1
Be cautious online 小作文,3,1
C0201八上名著红岩暑假深度阅读任务单,3,1
C2020二六届高三联考浙江,2,1
C20名校联盟20二六届高三第一次联考,7,1
C20教育联盟中考模拟卷,2,1
C20教育联盟中考模拟卷数学,3,1
C20教育联盟中考模拟卷数学安徽,72,1
C20教育联盟中考模拟安徽,6,1
CSP J,6,1
C语言程序设计,1,1
DNA分子的结构、复制与基因的本质,1,1
DNA复制与细胞分裂中的染色体标记问题,7,1
DNA结构和复制,11,1
DNA结构和复制题,1,1
DSE,2,1
E卷通,4,1
Focus,4,1
G12物理高三下二模2026,4,1
G20新疆文海,8,1
G20联盟,4,1
G3学校分班考,3,1
G4,4,1
G4联考,1,1
G4联考高二,1,1
G5联盟,1,1
G5联考英语,5,1
Gvc高频词汇,6,1
G版五年级英语字帖上册,9,1
HUN202607,1,1
Hannah,3,1
Hiker2026,3,1
IMO,14,1
If you are trying to assess a person*s character,1,1
JP ZXXK COM,3,1
Journey to the west,2,1
KET,1,1
KET真卷,1,1
Ket,1,1
MST,1,1
MST2026版一轮复习数学,1,1
MST2026版二轮复习数学,2,1
MST2027版一轮复习数学,2,1
Meeting the muse,1,1
Misunderstanding between Tilly and her parents,1,1
NEPTS,4,1
NEPTS高二,1,1
NEPTS高二组初评,2,1
NT-20,1,1
Na知识点,1,1
Na知识点高中,1,1
Nurturing Nature,3,1
PCR技术原理、过程及电泳结果分析,25,1
PET剑桥2025真题测,5,1
PPT1 免费 教师,8,1
PPT沁园春雪,2,1
PPT高中英语,3,1
People and their jobs,2,1
R3中高一学年6月月考物理试卷,1,1
Revealing Nature,7,1
SB,1,1
Sz,1,1
T8 12月联考,4,1
T8第一次联考,9,1
T8第一次联考 2026数学高三,1,1
T8第二次联考数学,3,1
T8联考 补鞋子的老人,3,1
T8联考4月,11,1
T8联考数学,4,1
T8联考物理,1,1
T8联考英语,3,1
T8联考语文,3,1
Teenage life,3,1
Test for Unit 1 Animal Friends 单元测试-2025-2026学年人教版英语七年级下,6,1
Test for Unit 1 Animal Friends 单元测试-2025-2026学年人教版英语七年级下册,16,1
The changing world,8,1
The first volume examination paper of grade 6,1,1
Then and now,2,1
This is me核心语法精炼,1,1
U3,3,1
UCFP:6ad4dce7-b7ee-4a85-8c3a-4fd292cd9764-1787045534758:https://m.uc.cn,1,1
Unit,1,1
Unit 1 Life Choices,3,1
Unit 1 School life 单元分层自测·能力提升卷 沪教版 6A,11,1
Unit 1-4 单词背诵+默写学案-2022-2023学年高中英语牛津译林版（2020）选择性必修第一册,1,1
Unit 1南京专用,17,1
Unit 2 What's your name（期中复习课件）英语译林版三起三年级上,1,1
Unit 3 Getting along with others 测试卷,4,1
Unit 4  南京专用,4,1
Unit 4 Amazing Plants and Animals 单元核心知识(背诵版),5,1
Unit 6 Crossing Culture Section B 练习 2025-2026学年人教版英语八年级下册,7,1
Unit1 the mass media,5,1
Unit1 the mass media单词,2,1
Unit1 译林版,9,1
Unit3 Sound Body Sound Mind 福建150分单元测评卷 ，,2,1
Unit3南京专用,4,1
Unit3福建专用 150分 听力三节,1,1
Unit4单元主题语篇阅读5篇,7,1
Unit4单元主题语篇阅读5篇(语法填空，完型阅读，阅读理解，任务型阅读),6,1
Unit6 Beyond Earth Section B To the Stars and Beyond 导学案,3,1
Unit8单元质量监测2025~2026学年人教版2012九年级英语全册,4,1
Unit8单元质量监测2025~2026学年人教版2012九年级英语全册人教版,3,1
Unit代言主题语篇阅读5篇,1,1
What does the boy ask the girl to make?,4,1
Why is Rose,1,1
Word,7,1
XKB-G4-EX普通高中学业水平选择性考试冲刺压轴金卷（二）生物学,1,1
Xxsm142.com,1,1
Z02025高三,3,1
Z20 02023届浙江高三第一次联考,1,1
Z20 02025届高三第一次联考,3,1
Z20 02025届高三第一次联考政治,1,1
Z20 02026届浙江高三第一次联考化学,7,1
Z20 02026届高三三次联考英语,2,1
Z20 02026届高三地理第一次联考,1,1
Z20 02026届高三第3次联考技术,7,1
Z20 02026届高三第一次联考技术,3,1
Z20 02026届高三第一次联考政治,3,1
Z20 02026届高三第一次联考语文,6,1
Z20 02027届高三第一次联考数学,5,1
Z20 02027届高三第一次联考英语,1,1
Z20 2026届,5,1
Z20 2026届高三第一次联考地理,3,1
Z20 2026届高三第一次联考物理,4,1
Z20 2027届高三第一次联考,3,1
Z20 届高三第一次联考物理,4,1
Z20 高三第一次联考物理,1,1
Z20八月,4,1
Z20化学,7,1
Z20历史,20,1
Z20名校2025高三,17,1
Z20名校联盟 2026届高三第一次联考,9,1
Z20名校联盟 浙江省名校新高考研究联盟 2026届高三第二次联考,3,1
Z20名校联盟2023届高三第一次联考化学,1,1
Z20名校联盟2026届高三上学期第一次联考,4,1
Z20名校联盟2026届高三开学考,8,1
Z20名校联盟2026届高三第一次地理联考,1,1
Z20名校联盟2026届高三第一次地理联考浙江,1,1
Z20名校联盟2026届高三第一次联考英语,4,1
Z20名校联盟2026届高三第三次地理联考,2,1
Z20名校联盟2026届高三第三次联考,10,1
Z20名校联盟2026届高三第二次联考,10,1
Z20名校联盟2026届高三第二次联考化学,5,1
Z20名校联盟20277届高三第一次联考化学,1,1
Z20名校联盟2027届高三第一次联考,2,1
Z20名校联盟2027届高三第一次联考化学,3,1
Z20名校联盟联考,2,1
Z20名校联盟高三二模,3,1
Z20名校联盟高三开学考,3,1
Z20名校联盟高三联考,5,1
Z20届浙江高三第一次联考,7,1
Z20民校联盟这江省名校新高考研究联盟20二六届高三联考数学,3,1
Z20浙江 2025高三第一次联考化学,35,1
Z20浙江 2025高三第一次联考地理,36,1
Z20浙江 2025高三第一次联考地理若羌,11,1
Z20浙江 2026届高三第一次联考物理,4,1
Z20浙江 高三第一次联考地理,6,1
Z20浙江三模,5,1
Z20浙江名校联盟2026届高三第一次联考化学,2,1
Z20浙江名校联盟2026届高三第二次联考化学,5,1
Z20物理,15,1
Z20第一次联考,2,1
Z20第一次联考高三,2,1
Z20联盟,1,1
Z20英语,25,1
Z20语文,1,1
Z20返校考,1,1
Z20高三数学,10,1
Z20高三第一次,3,1
[文件][58554179]课文改编完形填空 2025-2026学年 外研版英语七年级 下册(1).docx,1,1
](https://m.zxxk.com/soft/58873421.html?f_link_type=f_linkinlinenote&flow_extra=eyJpbmxpbmVfZGlzcGxheV9wb3NpdGlvbiI6MCwiZG9jX3Bvc2l0aW9uIjowLCJkb2NfaWQiOiJjOTEzMzQ4MDM0YjQ0OTgyLTQwMTNiYjY0NzRiMWFlOWEifQ%3D%3D,1,1
a new home for aocks,1,1
a new start,2,1
a1010月份,1,1
a10开学考,2,1
a10联盟,4,1
a10联盟开学考,1,1
a10联盟开学考8月A10,2,1
a10高二数学上学期,2,1
and but or so用法,5,1
attend,1,1
be动词,4,1
c,1,1
cc 化学,1,1
chongqingchusanruxuekaoshi,5,1
cia.g,1,1
concept,1,1
cos2a的公式,1,1
cpho复赛,28,1
cpho赛,1,1
cpho预赛,21,1
cross cultures,10,1
csp 时间复杂度,4,1
daidian带电粒子在电场中的运动,3,1
e,1,1
either,3,1
e网通,2,1
food matters grammar,12,1
forget,1,1
free,4,1
go to 与take part in 的区别,3,1
healthy lifestyle,1,1
henbe2026年河北省高考数学真题分析,3,1
henbe2026年河北省高考真题分析,1,1
hls 2442,1,1
how tall,4,1
https://2273.rkjpg.com/h5/#/pages/search/nlist?key=%E7%81%AB%E5%BD%B1,2,1
https://66.ql3cbvj2.work/mobile,1,1
https://c.xkw.com/doc-detail/42237934?tag=%E5%8E%9F%E5%8D%B7,2,1
https://c.xkw.com/doc-detail/42332779?tag=%E5%8E%9F%E5%8D%B7,2,1
https://c.xkw.com/doc-detail/48135854?tag=%E5%8D%95%E5%85%83%E5%8D%B7,5,1
https://c.xkw.com/doc-detail/53528783,1,1
https://c.xkw.com/doc-detail/53895256?tag=%E8%A7%A3%E6%9E%90,1,1
https://c.xkw.com/doc-detail/58100234?tag=%E8%AE%B2%E4%B9%89,1,1
https://c.xkw.com/doc-detail/58288230?tag=%E5%8E%9F%E5%8D%B7,1,1
https://c.xkw.com/doc-detail/58558199?tag=%E5%8E%9F%E5%8D%B7,1,1
https://c.xkw.com/doc-detail/58960856?tag=%E5%8E%9F%E5%8D%B7,2,1
https://c.xkw.com/doc-detail/58972900?tag=%E5%8E%9F%E5%8D%B7,1,1
https://c.xkw.com/doc-detail/59077530,3,1
https://m.51jiaoxi.com/tiku/387225.html?use_xbridge3=true&loader_name=forest&need_sec_link=1&sec_link_scene=im&theme=light,1,1
https://m.zxxk.com/docpack/3693774.html?use_xbridge3=true&loader_name=forest&need_sec_link=1&sec_link_scene=im&theme=light,1,1
https://m.zxxk.com/docpack/3696878.html,1,1
https://m.zxxk.com/soft-view/54165038.html?id=54165038,1,1
https://m.zxxk.com/soft/39586570.html,9,1
https://m.zxxk.com/soft/51355459.html,1,1
https://m.zxxk.com/soft/56048336.html,1,1
https://m.zxxk.com/soft/56676801.html,1,1
https://m.zxxk.com/soft/56766891.html,3,1
https://m.zxxk.com/soft/58032111.html#吉林省长春市2025-2026学年七年级生物学下学期阶段测试（人教版第三单元、第四单元第一章-第五章）,1,1
https://m.zxxk.com/soft/58081805.html,2,1
https://m.zxxk.com/soft/58353336.html#作业10 语言文字运用+散文阅读（巩固培优）高一语文统编版,1,1
https://m.zxxk.com/soft/58836056.html?use_xbridge3=true&loader_name=forest&need_sec_link=1&sec_link_scene=im&theme=light,2,1
https://m.zxxk.com/soft/59031581.html,3,1
https://m.zxxk.com/soft/59034473.html#专题01 直线方程、直线与圆、圆与圆（专项训练）数学人教B版高二选择性必修第一册,3,1
https://m.zxxk.com/soft/59196948.html#知识清单-2026-2027学年统编版道德与法治九年级上册,1,1
https://m.zxxk.com/soft/59206736.html,1,1
https://play.unity.com/en/games/dd5c4b32-b6c8-48f3-98bc-1eb65ba15668/webgl-builds,1,1
https://stzy.com/,1,1
https://www.21cnjy.com/special/b314009/,1,1
https://www.baidu.com/,1,1
https://www.kmq44.cc:1234/search/%E7%81%AB%E5%BD%B1/2,1,1
https://www.pku.edu.cn/,1,1
https://www.zxxk.com.,1,1
https://www.zxxk.com/soft/53640430.html,5,1
https://www.zxxk.com/soft/54452908.html,1,1
https://www.zxxk.com/soft/54507854.html,1,1
https://www.zxxk.com/soft/56446285.html,9,1
https://www.zxxk.com/soft/58748922.html,3,1
https://www.zxxk.com/soft/59131062.html,3,1
https://zmbkeeurqn1.com:520/ui_ojbk/h5/?cid=4,1,1
http：//bk.11185.cn,1,1
h​​​t​​​t​​​p​​​s​​​:​​​/​​​/​​​m​​​.​​​z​​​x​​​x​​​k​​​.​​​c​​​o​​​m​​​/​​​d​​​o​​​c​​​p​​​a​​​c​​​k​​​/​​​3​​​6​​​6​​​1​​​5​​​4​​​7​​​.​​​h​​​t​​​m​​​l,1,1
h生物高二下期末吉林.,1,1
imo,2,1
it作形式主语,5,1
j12共同体,1,1
jianshui,3,1
last weekend,5,1
l黄浦区高三化学一模,1,1
modile1using my five senses四年级下册英语单元卷芜湖,1,1
mst,1,1
n,1,1
nature's temper,8,1
not only but also,1,1
not only but also句型,8,1
nt20高二数学上学期,14,1
nt20高二数学上学期期末,4,1
pcr,3,1
pdf,1,1
pet,4,1
poki.com,3,1
ppt 选择性必修一生物,3,1
qinianji1 七年级上册 数学 期末测试,1,1
qishanv,1,1
renjiaobansinianjiyingyu,1,1
s,1,1
science and scientists,1,1
scratch,6,1
shehuizhuy,1,1
shuxue,1,1
spending or saving,1,1
summer,1,1
summer716,1,1
sx,1,1
t8,16,1
the bitter cold of a December afternoon was ruining,4,1
the 比较级 the 比较级和最高级练习题,4,1
then and now,1,1
to spend or to save,2,1
unit12Lesson2 Aha moment,4,1
unit12Lesson2 Aha moment课件,1,1
unit2,4,1
unit2单元,10,1
unit4 chinese folklore重点词汇及词性转换综合练,6,1
unit9learn,2,1
village 怎么读,1,1
vv,1,1
w w w zxxk com,3,1
w w w zxxk com卷子,9,1
w.d,1,1
what,1,1
what how,1,1
what how强烈表达,1,1
whenwhileas,1,1
where did you go,4,1
would like,2,1
www .zxxk .com参考答案,4,1
www zxxk .com,2,1
www zxxk comh画图,3,1
www zxxk com参考答案专题02,4,1
www zxxk com参考答案专题02期末复习,1,1
www zxxk com参考答案专题02期末复习易错题53个考点,9,1
www zxxk com参考答案专题09，期末真题百练通关压轴题35题,3,1
www.txbook.com,5,1
www.zxxk.com/soft/58914019,3,1
xiangjiaoban地理知识梳理,1,1
yandex網站,1,1
yandex首頁,1,1
yi,1,1
yibgyushu,1,1
yuanzhuiquxian,1,1
z 20高三返校考,2,1
z20 02026语文,4,1
z202026,1,1
z2020二六届高三联考浙江,10,1
z2026高考语文2卷,4,1
z20名校联盟,1,1
z20名校联盟2 026高三第一次联考,1,1
z20名校联盟2 026高三第一次联考化学,5,1
z20名校联盟2026高三化学试卷,3,1
z20名校联盟第三次,1,1
z20名校联盟第三次联考,1,1
z20名校联盟（浙江省名校新高考研究联盟）2026届高三上二模第二次联考化学,1,1
z20名校联盟（浙江省名校新高考研究联盟）2026届高三第一次联考物理,4,1
z20名校联盟（浙江省名校新高考研究联盟）2026届高三第二次联考化学,3,1
z20开学考,1,1
z20第一次,1,1
z20第一次地理,3,1
z20第二次,12,1
z20第二次化学,2,1
z20高三地理,1,1
z20高三第一次语文浙江省,4,1
zuowen1初二素材开头与结尾,15,1
zuzhong,1,1
zxxk,3,1
zxxk com,1,1
zxxk.com,1,1
z 29,1,1
| 资源名河南省南阳市2025-2026学年最新阶段检测卷,1,1
|北京十二中,2,1
‌2023年一中高中入学衔接测试数学试卷,1,1
‌2023年乌市一中高中入学衔接测试数学试卷,2,1
“2025-2026学年九年级化学单元检测卷 人教版2024上册 第一单元 走进化学世界 基础卷”。,13,1
“2026人教版七年级下册数学 每章压轴题 带图”，选标注“PDF可打印”的专题,6,1
“2027高考英语688高频词,2,1
“2027高考英语688高频词”,9,1
“九年级化学上册第一单元全套”就能找到。,5,1
“湖南师大附中 2024-2025 高二英语第一次大练习 答案”,2,1
∏圆的面积,1,1
①  重庆 初升高自主招生 2+4 选拔,1,1
③甘肃兰州新区教育片区2025‑2026高一下期末联考英语,7,1
③甘肃兰州新区教育片区2025‑2026高一下期末联考英语 ④福建福州一中2025‑2026山西阳泉矿区2025‑2026高一下期末测试英语（人教版必修三）,6,1
③甘肃兰州新区教育片区④福建福州一中2025‑2026学年高一必修三模块检测卷英语,1,1
●       原创力文档：有一份名为《2026届高考英语二轮专项复习高中英语高频词汇.pdf》,1,1
●       搜索关键词： 2022全国乙卷化学 第9题 NaBr 氯水 石蜡油,2,1
☆ 年、月、日的秘密,2,1
☆ 欢乐购物街,7,1
。,7,1
。2023至2014学年甘肃省兰州外国语学校7年级下册期中数学试卷,3,1
。2024年普通高等学校招生全国统一考试物理。,4,1
。2025年长郡中学一模。,1,1
。2025年高考苏北一模英语。,1,1
。2026年河南小升初试卷。,5,1
。2026年河南新乡市原阳县小升初试卷,2,1
。2026年河南新乡市小升初试卷,1,1
。2026年贵州省铜仁市思南县贵州镇思南中学高三模拟预测生物试题,4,1
。9年级上册化学第一第2单元综合测试卷。,11,1
。德州一中高一期末考试生物。,1,1
。杭州第二中学2026年5月模拟英语。,3,1
。武汉外国语化学试卷,6,1
。武汉外国语化学试卷新中国,2,1
。泉州市2026届高中毕业班质量检测。,5,1
。渭南高级中学第一次月考。,1,1
。自然界中的水,1,1
。萧山区第10高级中学。,1,1
。高中人教版英语选择性必修一单词。,4,1
《2021-2022学年广东省深圳市福田区九年级（上）期中物理试卷》,2,1
《2021-2022学年广东省深圳市福田区九年级（上）期中物理试卷》六校联考,4,1
《2026年春季学期学校期末教学质量调研测试 高二政治》完整原版PDF,10,1
《2027年高中总复习手册（含册子）高中物理全册通用版》,5,1
《21天暑假弯道超车 八年级数学（沪科版,15,1
《5·3金卷 高考真题汇编》,1,1
《上好课·2026年高中语文学业水平合格考总复习（福建专用）》,4,1
《上海交通大学附属中学2025-2026学年高二上学期开学考试化学试题》,1,1
《仁爱英语同步练测评 八年级上册 福建版》,1,1
《仁爱英语同步练测评 八年级上册 福建版》整套电子卷，内含模块1-4全套测评。,3,1
《儒林外史》,3,1
《六年级英语上册单元主题阅读（外研版三起·新教材）》——英语阅读的主菜,12,1
《只有一个地球》 语文人教版,6,1
《天地阴阳交欢大乐赋》,1,1
《学业达标卷·物理八年级·下册（广州专版）》 八年级下学期综合达标卷（二）,4,1
《数说祖国》对应练习,4,1
《新概念英语2 同步测试卷,1,1
《新概念英语2 同步测试卷》（北京理工大学出版社） Book 2,4,1
《朝花夕拾》文本,2,1
《沸腾英语》,1,1
《沸腾英语》初二完形填空与阅读理解分层突破（广州专版）,5,1
《浙江省丽水、湖州、衢州三地市2026届高三上学期11月教学质量检测数学试题》,2,1
《海南中考数学近五年真题合集(2021-2025).pdf》,1,1
《渡乌江》,1,1
《电流和电路》8页暑假预习学案,1,1
《红对勾 知识清单素养手册·高三语文》,8,1
《红对勾 知识清单素养手册·高三语文》本身大多是知识点背诵清单，没有独,6,1
《红岩》,10,1
《红星照耀中国》3分钟视频,1,1
《红星照耀中国》怎样读红色经典作品,3,1
《红星照耀中国》总概说,1,1
《红星照耀中国》总结,1,1
《红星照耀中国思路,1,1
《红楼梦》阅读检测,4,1
《红楼梦》题目,6,1
《自动控制类专业知识模拟试题（含解析）》：,1,1
《论语》,1,1
《论语》十二章,6,1
《论语》十章,1,1
《高中英语听力模拟试题精编（Ⅱ）提升训练》,3,1
「计算满分者得数学 八年级 打卡练习,7,1
【2026年中考数学-模型·方法·技巧突破  专题1-1一网打尽全等三角形模型·十个模型（学生版+名师详解版）,3,1
【一战成名新中考】2026河南中考英语(人教版)·一轮复习·晨读词句篇,12,1
【上好课·暑假自学课】北师大八上数学（新教材）,2,1
【上好课·暑假自学课】北师大八上（新教材）,8,1
【上好课】2026年高考地理一轮复习,1,1
【上好课】2026年高考地理一轮复习第30讲,1,1
【上好课】2026年高考地理一轮复习讲练测,10,1
【上好课】复习讲义2026年高考地理一轮复习讲练测,37,1
【上好课】第30讲区域与区域发展一轮复习讲义,4,1
【上好课】第30讲复习讲义2026年高考地理一轮复习讲练测,3,1
【举一反三系列】线上讲义,4,1
【全程突破】2024-2025学年新教材八年级下册物理测试卷（人教版2024 广东专版）,4,1
【初高中·衔接直通车,1,1
【初高中·衔接直通车】道德与法治/思想政治,3,1
【天壹试题】2025‑2026学年高二上学期期末校内检测,4,1
【好题汇编·5年高考1年模拟（浙江专用）】电子版资料,5,1
【好题汇编】2024-2026年中考语文真题分类汇编(湖北专用,4,1
【好题汇编】2026年高考物理真题分类汇编（全国通用）,7,1
【好题汇编】备战2025-2026学年 高一生物下学期期未真题分类汇编（人教版）,1,1
【暑假分层作业】2025年高一数学暑假培优练（人教A版2019）,8,1
【暑假自学课】新八年级,9,1
【王朝霞系列丛书】河北专版 冀教版 八年级 期中,3,1
一 万以上数的认识,1,1
一 中国戏法和杂技——表内乘法（一）,1,1
一 元一次100道计算典型例题,2,1
一 元一次不等式100道计算典型例题,2,1
一 元一次方程,3,1
一 元二次100道计算典型例题,4,1
一 元二次不等式100道计算,1,1
一 元二次方程 100道,9,1
一 元二次方程 100道初中数学一元二次方程解方程,3,1
一 元二次方程 专项练,6,1
一 元二次方程计算题,1,1
一 次函数,1,1
一 次函数八年级专项,1,1
一 轮 2016 高三 一轮复习,2,1
一 轮 复习,2,1
一 轮 复习  按单元必修一,3,1
一 轮 复习  按单元必修一物理,1,1
一 轮 复习 2026 按单元必修一,1,1
一 轮 复习 2026高考江苏,4,1
一 轮 复习 2027 按单元必修一,3,1
一 轮复习数学2026,3,1
一 轮高,1,1
一 轮高三 一轮复习,1,1
一七一,2,1
一七一中学,3,1
一七一中学高三,2,1
一三四,2,1
一三四中学数学期中,2,1
一下数学,2,1
一中2028届第一次月考,1,1
一中26届高考模拟卷,4,1
一中八年级上英语期末考试,2,1
一中分班考,1,1
一中双十高三上第一次月考,1,1
一中小升初,3,1
一中新校区,4,1
一中贯通班选拔,1,1
一中集团,1,1
一中高二英语期中,1,1
一二六中学,5,1
一二章,3,1
一元一次不等式单元测试,7,1
一元一次函数方程不等式关系题型,1,1
一元一次方程纯计算,1,1
一元一次方程计算,1,1
一元一次方程预习,3,1
一元二次不等式,1,1
一元二次不等式含参,8,1
一元二次不等式很差,6,1
一元二次不等式有解问题,3,1
一元二次函数,1,1
一元二次函数 专题,3,1
一元二次函数中考,2,1
一元二次函数图像,1,1
一元二次函数，方程，不等式关系题型,1,1
一元二次方程 中考专题,2,1
一元二次方程一轮,3,1
一元二次方程不等式,4,1
一元二次方程专项练习,1,1
一元二次方程专项练习苏科版,3,1
一元二次方程专项练习题,2,1
一元二次方程二次函数试卷,7,1
一元二次方程函数不等式,1,1
一元二次方程单元测试卷,1,1
一元二次方程卷子,2,1
一元二次方程卷子试卷,3,1
一元二次方程压轴题,1,1
一元二次方程沪科版,5,1
一元二次方程测试试卷,4,1
一元二次方程的解法,4,1
一元二次方程计算,4,1
一元二次方程计算题专项练习,2,1
一元二次方程计算题混合,1,1
一元二次方程配方法,6,1
一元二次方程题,4,1
一元二次方程题型总结,2,1
一六八,9,1
一六八开学考,1,1
一六八高中开学分班考,1,1
一卷,3,1
一卷英语模拟续写,1,1
一只风筝的一生,4,1
一场命运的暴雨,6,1
一外,1,1
一外2026九上物理试卷,4,1
一外2026八上数学入学考试,1,1
一外中学,4,1
一外九上26级语文答案,4,1
一外八上英语第一次月考,7,1
一外高一上,1,1
一外高一英语开学卷,1,1
一天一练,2,1
一帆融媒,1,1
一帆融媒，不要试题,1,1
一年级 数学,4,1
一年级 数学 1 单元 基础 知识海南,2,1
一年级 语文 1 单元 基础 知识,1,1
一年级 语文 1 单元 基础 知识海南,4,1
一年级一试,3,1
一年级上册数学易错题,2,1
一年级上册数学期末试卷,5,1
一年级上册英语期末试卷,2,1
一年级上学期阶段检测,2,1
一年级天天练语文,1,1
一年级奥数举一反三,3,1
一年级思维,5,1
一年级数学,1,1
一年级数学排队系列题,1,1
一年级数学期末试卷,6,1
一年级数学考试定兴县,7,1
一年级语文,3,1
一年级语文上册单元测试卷,3,1
一年级语文下册期中考试卷,1,1
一年级语文人教版,2,1
一年级语文第二三单元测试卷,10,1
一年级语文考试定兴县,1,1
一式竞赛,7,1
一战成名新中考物理初二,3,1
一战成名真题与拓展2025英语河北专版,1,1
一战成名考前新方案2025政治河北专版,1,1
一战成名辽宁,1,1
一战成名辽宁专版,7,1
一把雨伞圆溜溜教案,3,1
一数2027基础版,1,1
一数儿,1,1
一数最后十课,8,1
一数最后十课视频,2,1
一数的讲义,1,1
一本 中考英语完形填空阅读理解,7,1
一本7年级英语阅读,2,1
一本初中语文阅读训练五合一七年级电子版,4,1
一本数学,1,1
一本涂书,1,1
一本英语听力48套七年级2027,3,1
一本英语阅读,1,1
一本英语阅读题七年级,3,1
一本英语阅读题七年级人教版,1,1
一模2026秦淮,14,1
一模分类汇编,32,1
一模化学陕西省,2,1
一模数学,13,1
一模杭州2025,1,1
一模杭州2025物理,1,1
一模英语,1,1
一模语文北京,5,1
一模高考,6,1
一模高考数学,10,1
一模高考英语,5,1
一次函数   汇编河北中考,1,1
一次函数专项复习,3,1
一次函数专题,4,1
一次函数八上,2,1
一次函数北师大数学单元卷,1,1
一次函数压轴,1,1
一次函数压轴题,5,1
一次函数图象与字母系数的关系,1,1
一次函数复习,2,1
一次函数存在性问题,3,1
一次函数应用10题型50题,3,1
一次函数提升训练,3,1
一次函数数学,1,1
一次函数数学江西,1,1
一次函数求解析式,1,1
一次函数求面积,5,1
一次函数汇编,1,1
一次函数汇编河北中考,3,1
一次函数练习题,3,1
一次函数试题,3,1
一次性函数,4,1
一次方程组计算题,1,1
一次月考,2,1
一百中学,5,1
一线三垂直,3,1
一线三垂直辽宁,1,1
一线三等角模型大题,6,1
一般将来时练习题,2,1
一般过去时和现在完成时,1,1
一诊,2,1
一词多义,3,1
一课一练上海八上,1,1
一课一练八上,1,1
一课一练，七年级上册语文,6,1
一质检,5,1
一起,8,1
一轮,3,1
一轮 语篇填空专项训练,8,1
一轮函数,10,1
一轮复习三角函数恒等式变换,2,1
一轮复习专题,3,1
一轮复习数学,3,1
一轮复习数学第二章,1,1
一轮复习数学第二章函数,2,1
一轮复习湖北,2,1
一轮复习滑块木板模板模型,3,1
一轮复习物理,1,1
一轮复习磁场物理,2,1
一轮复习细胞代谢专题试卷,1,1
一轮复习英语,1,1
一轮复习英语新疆,1,1
一轮复习讲练测化学,1,1
一轮复习谓语动词,1,1
一轮政治,6,1
一遍过2026人教版物理,1,1
一遍过高一上必修化学,1,1
一道二次函数经典50问,1,1
一飞冲天化学,5,1
一飞冲天小复习,1,1
一飞冲天第6单元人教版英语9年级上册。,1,1
一飞冲天第三章,1,1
一飞冲天第三章八上,1,1
一高,1,1
丁一杯,6,1
丁一杯7年级,28,1
丁来辈,1,1
七 下,9,1
七上 数学,4,1
七上 期中测试卷,1,1
七上 期中测试卷天津,3,1
七上 期中测试卷天津数学,2,1
七上人教有理数加减混合运算,5,1
七上人教版英语单元知识点总结,4,1
七上人教版英语新版期末考试,17,1
七上冀教版数学代数式,1,1
七上分班考江苏,3,1
七上分班考江苏数学,1,1
七上北师大数学期中卷,29,1
七上北师大版计算题,6,1
七上单元语法,4,1
七上周练,24,1
七上开学考数学,6,1
七上数学 光谷未来,1,1
七上数学 华南师范大学,5,1
七上数学 华师大,2,1
七上数学 苏州中学,2,1
七上数学人教版,1,1
七上数学人教版期中,1,1
七上数学北师大,1,1
七上数学华师,3,1
七上数学单元测试,1,1
七上数学单元测试中期,1,1
七上数学单元测试期中,3,1
七上数学姜堰,10,1
七上数学期中 人教版,3,1
七上数学期中 人教版 百强校,1,1
七上数学计算,2,1
七上期中,1,1
七上期中考试,1,1
七上期末数学,6,1
七上浙江期中数学,9,1
七上浙江期末卷,10,1
七上浙江期末英语,5,1
七上浙江期末英语仙居,1,1
七上生物期末试卷,1,1
七上社会必背知识点,1,1
七上社会知识点,1,1
七上第一单元,2,1
七上第四单元语法,1,1
七上第四单元语法英语,1,1
七上第四单元语法英语连词,1,1
七上练字,5,1
七上英语人教版新教材,1,1
七上英语人教版新教材单元测试卷,2,1
七上英语人教版新教材预备单元第三单元,1,1
七上英语人教版期末,3,1
七上英语单词表,3,1
七上英语外研版全册词性转换,80,1
七上英语学习之星,1,1
七上英语循环练,1,1
七上英语期中,4,1
七上英语期中综合练习卷,9,1
七上英语期末试卷,9,1
七上英语试卷期中,3,1
七上英语连词,3,1
七上英语长沙,4,1
七上计算练习,3,1
七上认识坐标，鲁教版54制,1,1
七上认识坐标，鲁教版54制预习,1,1
七上语文,2,1
七上语文教材,2,1
七上语文期中,1,1
七上语文期中试卷,1,1
七上语文期中试卷宁波慈溪,6,1
七上语文期中试卷宁波慈溪新浦,4,1
七上语文期末,12,1
七上高级数学,1,1
七上高级数学深圳,1,1
七上鲁迅与朝花夕拾,1,1
七下 数学期末测试卷,25,1
七下 期末测试卷,1,1
七下 期末测试卷湖南,1,1
七下 期末测试卷湖南数学,6,1
七下 语文期末测试卷免费,8,1
七下人教版英语第4单无,2,1
七下几何证明,4,1
七下半角模型,6,1
七下地理,1,1
七下地理期末,3,1
七下坐标题,2,1
七下垂直平分线,2,1
七下徐州生物期末,4,1
七下手拉手模型,2,1
七下政治单元习题,2,1
七下政治期末,2,1
七下数学,1,1
七下数学 2026期末测试卷,1,1
七下数学专题11期末真题百练通关,11,1
七下数学书,1,1
七下数学人教版二元一次方程应用题真题练习题习,6,1
七下数学北师大版动点问题,8,1
七下数学北师大版第四章单元卷,1,1
七下数学课本原题,1,1
七下期末,13,1
七下期末卷数学,6,1
七下期末复习,1,1
七下期末数学,3,1
七下期末数学卷子,8,1
七下期末考 广东揭阳榕城区,1,1
七下江苏徐州鼓楼期末语文,4,1
七下测试卷,7,1
七下湖南期末语文2026永州道县,4,1
七下算术练习,2,1
七下英语2025期末,9,1
七下英语20篇完形填空,7,1
七下英语不规则动词与时态每日一练,1,1
七下英语书仁爱版电子书,3,1
七下英语书仁爱版电子表,1,1
七下英语单词仁爱版,2,1
七下英语单词默写人教版,1,1
七下英语单词默写仁爱版,3,1
七下英语期末试卷,16,1
七下角平分线,2,1
七下语文卷子。,6,1
七下语文期末考试卷,8,1
七下语法填空,2,1
七下辽宁2025 2026学年度第二学期期末教学质量检测,7,1
七下选词填空,1,1
七下道法期末试卷,3,1
七下道法真题卷,2,1
七中万达高一入学考,1,1
七中万达高中,6,1
七中九年级开学考试,1,1
七中八一高一开学考,1,1
七中初三英语一诊,1,1
七中育才7年级期末数学,3,1
七中育才九年级期末数学,1,1
七中高新,1,1
七中高新九年级,1,1
七中高新九年级成都,11,1
七八年级,1,1
七八年级数学综合测试,1,1
七到八年级数学,1,1
七十一中分班考,1,1
七十二中学2024英语,9,1
七十五,4,1
七升八年级语文暑假衔接课堂,6,1
七升八数学试卷,2,1
七太阳光政治,1,1
七宝中学英语,12,1
七年上册浙教版英语教材,3,1
七年生物上学期期末压轴题,3,1
七年級 数学2025 2026年下册期末复习,1,1
七年級下册英语 2025 2026年期末考试,5,1
七年级 英语 上册,9,1
七年级一元一次方程计算,8,1
七年级一元一次方程计算人教版,5,1
七年级一元一次方程计算题人教版,2,1
七年级上 语文知识点↗,1,1
七年级上下学期生字词竞赛50个根据拼音写汉字50个根据汉字写拼音,3,1
七年级上册人教版初中必刷题数学,1,1
七年级上册人教版历史第1单元测试卷,6,1
七年级上册人教版历史第1单元测试卷学易金卷,3,1
七年级上册人教版历史第2单元测试卷,6,1
七年级上册人教版地理第1单元测试卷,5,1
七年级上册人教版数学第3单元测试卷,1,1
七年级上册其中考试黄冈,1,1
七年级上册其中考试黄冈数学,3,1
七年级上册冀教版英语,1,1
七年级上册北师大版数学第一次月考,1,1
七年级上册北师版数学关于动点问题专项测试卷,10,1
七年级上册半期,18,1
七年级上册单词,1,1
七年级上册历史,5,1
七年级上册历史浙教版第1单元测试卷,7,1
七年级上册地理浙教版第1单元测试卷,15,1
七年级上册地理课本湘教版,2,1
七年级上册外研版英语短语,4,1
七年级上册字音字形,12,1
七年级上册定海二中试卷数学,1,1
七年级上册数学,4,1
七年级上册数学 月考卷,1,1
七年级上册数学人教版,3,1
七年级上册数学人教版井研县测试卷,3,1
七年级上册数学人教版有理数计算题专练,1,1
七年级上册数学北师大版中模拟试卷,1,1
七年级上册数学北师大版期中模拟试卷,6,1
七年级上册数学北师大版期末模拟试卷,4,1
七年级上册数学有理数的计算巧算,4,1
七年级上册数学有理数裂项法,1,1
七年级上册数学期中测试卷,1,1
七年级上册数学期中考试,1,1
七年级上册数学期末练习卷,4,1
七年级上册数学期末考试试卷,1,1
七年级上册数学浙教版第2单元测试卷,2,1
七年级上册数学第4单元,13,1
七年级上册数学第一单元,2,1
七年级上册数学第一单元数轴难题,2,1
七年级上册数学第一单元难题全练,18,1
七年级上册数学第一次月考卷,2,1
七年级上册数学第二单元测试卷,2,1
七年级上册数学第二单元竞赛计算,2,1
七年级上册数学第二单元竞赛计算有理数的加减乘除,11,1
七年级上册数学第二单元竞赛计算有理数的加减乘除裂项法,2,1
七年级上册数学第二单元计算练习,15,1
七年级上册数学，浙江省重点中学考试卷,1,1
七年级上册数学，浙江省重点中学考试卷第一单元,1,1
七年级上册月考数学,2,1
七年级上册月考试卷,20,1
七年级上册月考语文,2,1
七年级上册有理数单元测试卷,3,1
七年级上册期中,5,1
七年级上册期中考试,23,1
七年级上册期末试卷,3,1
七年级上册期末语文,2,1
七年级上册济南版,11,1
七年级上册浙教版地理第1单元测试卷,5,1
七年级上册浙教版数学第1单元测试卷,17,1
七年级上册浙教版数学第2单元测试卷,13,1
七年级上册浙教版英语第1单元测试卷,6,1
七年级上册浙教版语文第1单元测试卷,4,1
七年级上册滨海校区第一中学2025至2026学年数学期末卷,1,1
七年级上册生物,4,1
七年级上册生物人教河南焦作,5,1
七年级上册生物人教河南焦作修武,3,1
七年级上册生物试卷广州,1,1
七年级上册盈亏问题,4,1
七年级上册科学浙教版第1单元测试卷,6,1
七年级上册第一单元压轴题,8,1
七年级上册第一单元思维，拓展试卷,1,1
七年级上册第一单元数学课程,3,1
七年级上册第一单元试卷,7,1
七年级上册第一单元语文测试卷,4,1
七年级上册翰林卷第四单元,1,1
七年级上册英语短语表,4,1
七年级上册英语课时练,2,1
七年级上册英语阅读理解完形填空六选五阅读50篇,3,1
七年级上册语文,5,1
七年级上册语文人教版第1单元测试卷,6,1
七年级上册语文最新版教材,2,1
七年级上册语文月考,2,1
七年级上册语文期中,4,1
七年级上册语文深圳市福田区,7,1
七年级上册道法试卷,1,1
七年级上册重点复习,1,1
七年级上册鲁教版英语,3,1
七年级上册鲁教版英语课文讲解,9,1
七年级上学期 期中测试卷,3,1
七年级上学期开学考,11,1
七年级上学期数学期中试卷黄冈,3,1
七年级上学期期中宝安区,2,1
七年级上学期期末,1,1
七年级上学期期末英语,5,1
七年级上学期第三次月考数学，广东专用,1,1
七年级上学期语文,1,1
七年级上学期语文山西,1,1
七年级上学期语文山西期中,2,1
七年级上学期阶段检测,1,1
七年级上开学考试,14,1
七年级上数学期中,4,1
七年级上数学第一单元,6,1
七年级上数学计算 100专项训练计算专项有理数,8,1
七年级上生物测试题,1,1
七年级上英语冀教版,16,1
七年级上英语期末,20,1
七年级下2025年期末数学市北区,2,1
七年级下册,6,1
七年级下册2024到2025期末试卷试卷江苏省宿迁市宿豫区人教版历史,2,1
七年级下册一元一次方程计算,5,1
七年级下册临高县英语期末试卷,7,1
七年级下册人教版地理课本,4,1
七年级下册人教版英语试卷,17,1
七年级下册华东师大版期末考试试卷,15,1
七年级下册单词表,1,1
七年级下册地理期末考试,2,1
七年级下册山东省菏泽市牡丹区期末考试卷子 2025年,1,1
七年级下册数学,8,1
七年级下册数学 期末 测试卷,18,1
七年级下册数学人教版计算200道,2,1
七年级下册数学北师大版期中模拟试卷,4,1
七年级下册数学北师大版期末模拟试卷,6,1
七年级下册数学北师大版期末考试卷,4,1
七年级下册数学华东师大版期末考试试卷,17,1
七年级下册数学思维导图,1,1
七年级下册数学期中测试卷,1,1
七年级下册数学期末,15,1
七年级下册数学期末安徽涡阳县曹市镇,4,1
七年级下册数学期末测试卷,6,1
七年级下册数学期末试卷,7,1
七年级下册数学题目,8,1
七年级下册新乡市十中,18,1
七年级下册期末复习考试卷,2,1
七年级下册期末考试,1,1
七年级下册期末考试数学,6,1
七年级下册期末英语,1,1
七年级下册期末语文2025年济宁,1,1
七年级下册期末道法选择题专练,1,1
七年级下册生物人教河南焦作修武,6,1
七年级下册生物期末测试卷,1,1
七年级下册知识总结,1,1
七年级下册英语期末,8,1
七年级下册英语期末贾汪,4,1
七年级下册英语期末阜平,1,1
七年级下册语文期末阜平,1,1
七年级下册贵阳市期末质量检测卷,8,1
七年级下册道法复习清单,1,1
七年级下册道法知识总结,1,1
七年级下册道法知识清单,5,1
七年级下册道法知识清单总结,1,1
七年级下册音乐，福建省三明市沙县区,1,1
七年级下学期期末历史试题,3,1
七年级下学期期末烟台英语,4,1
七年级下学期期末考试英语江苏,10,1
七年级下学期期末英语,5,1
七年级下数学专题练习,1,1
七年级下数学新北师大版第四单元试卷,6,1
七年级下期末数学试卷54制1,6,1
七年级下期末数学试卷54制1淄博,3,1
七年级下期末考试英语山东济南,2,1
七年级下生物卷,5,1
七年级下英语王朝霞过课本,5,1
七年级人教版,8,1
七年级人教版数学,1,1
七年级人教版英语阅读理解专项训练,1,1
七年级入学分班 南宁三中,1,1
七年级入学分班考,7,1
七年级入学分班考试 数学,3,1
七年级入学考试,11,1
七年级内江六中,3,1
七年级分班,1,1
七年级分班开学考试试卷,6,1
七年级分班考五华区,4,1
七年级分班考数学,7,1
七年级分班考真题卷,1,1
七年级分班考稼轩,1,1
七年级分班考试,1,1
七年级单元测试卷,56,1
七年级单词，沪教牛津版,3,1
七年级地理试卷,1,1
七年级外研版英语短语汇总,1,1
七年级字形,3,1
七年级完形填空,7,1
七年级完形题,2,1
七年级开学分班考英语试题,1,1
七年级开学摸底,1,1
七年级必背古诗歌文言文汇总,1,1
七年级所有古诗课内，必备,1,1
七年级所有古诗课内，必备语文,1,1
七年级招生自测卷,19,1
七年级数学上册期末,1,1
七年级数学九月月考,6,1
七年级数学北京出版社,1,1
七年级数学月考,1,1
七年级数学期末试卷,6,1
七年级数学期末试卷奉化,2,1
七年级数学期末试卷奉港中学,6,1
七年级数学沪科版举一反三吴老师,2,1
七年级数学第一单元专项,1,1
七年级新生学业发展水平,3,1
七年级日语,10,1
七年级日语人教版全一册详细解,1,1
七年级昆明官渡区数学,1,1
七年级暑假作业,1,1
七年级暑假作业本答案,1,1
七年级月考,6,1
七年级月考豪迈中学,3,1
七年级有关正数负数的加减法,9,1
七年级期末,4,1
七年级汉字,1,1
七年级测试北师大,12,1
七年级生物学,3,1
七年级看拼音写汉字,4,1
七年级秋季开学分班,13,1
七年级科学期末试卷,6,1
七年级科技,1,1
七年级第一学期期末检,6,1
七年级第一次月考数学,1,1
七年级第二学期期末复习检测卷(一)-【数理报】2025-2026学年七年级下册数学期末复习专号升级突破大模拟（华东师大版·新教材）,2,1
七年级第二学期期末复习检测卷(一)-【数理报】2025-2026学年七年级下册数学期末复习专号升级突破大模拟（华东师大版·新教材） 标签： 教辅图片版答案,1,1
七年级第二学期期末复习检测卷(三)-【数理报】2025-2026学年七年级下册数学期末复习专号升级突破大模拟（华东师大版·新教材）,3,1
七年级第二学期期末复习检测卷【数理报】2025-2026学年七年级下册数学期末复习专号升级突破大模拟（华东师大版·新教材）,2,1
七年级自主招生,9,1
七年级英语,9,1
七年级英语上册,2,1
七年级英语下册,2,1
七年级英语单词默写,3,1
七年级英语第一单元,10,1
七年级英语试卷,6,1
七年级英语调研测试，开学考,1,1
七年级英语阅读,3,1
七年级语文背的所有古诗,1,1
七年级语文背的所有古诗，课内,1,1
七年级语文词语表,5,1
七年级语文调研测试，开学考,8,1
七年级语文阅读题,6,1
七年级课件,1,1
七年级道德与法律课件,1,1
七年级道法做有梦想的少年,2,1
七年级阅读,1,1
七彩培优 物理 人教版 九年级 上册,4,1
七彩阳光政治,3,1
七彩阳光数学,3,1
七彩阳光联盟数学,3,1
七彩阳光联盟数学期末,1,1
七彩阳光联盟高三开学,1,1
七彩阳光联盟高三开学考,1,1
七彩阳光联盟高三开学考物理,1,1
七彩阳光高二通用,1,1
七彩阳光，高二上数学期中,15,1
七彩阳光，高二上期中,5,1
七彩阳光，高二上期中技术,21,1
七彩阳光，高二上期中物理,1,1
七月数学,2,1
七校,8,1
七校协作体期初,1,1
七校协作体高三联考三月2024-2025,3,1
七校联盟2025,9,1
七校联盟第一学期,3,1
七校联考高三葫芦岛,1,1
七级,6,1
七级数学,4,1
七诊真题,1,1
七选五 100篇,7,1
七选五专练,1,1
七选五专练高考,6,1
七选五专项,1,1
七选五专项练习,6,1
七选五人教版,1,1
七选五汇编,14,1
万中高一入学考试。,1,1
万以上数的认识（1~3课时）同步练习,9,1
万以上的数认识1~3课时同步练习,6,1
万元gdp什么意思,1,1
万唯 2026,3,1
万唯中考英语听力与新考法2027版,1,1
万唯中考试题研究安,2,1
万唯初三,5,1
万唯完形填空加以理解,2,1
万唯完形填空加阅读理解150天九年级上册人教版,4,1
万唯本土卷英语,1,1
万唯练习,11,1
万宁北师大高二各科试卷,5,1
万州上海中学,1,1
万州二中八年级上数学试卷,6,1
万州二中八年级下册数学期末测试卷,17,1
万州区初一文德,4,1
万州区高一入学考试。,1,1
万州国本中学校,3,1
万州期末,1,1
万州第一中学高一开学考试,4,1
万有引力 10大题型,3,1
万有引力 10大题型专题训练,1,1
万有引力与航天,4,1
万江,1,1
万盛经开区溱州中学,3,1
万维,1,1
万维九上数学基础题,1,1
万维基础卷,1,1
万维满分作文第五辑,1,1
三,4,1
三上人教版数学,35,1
三上人教版数学王朝霞,6,1
三上人教版数学第六单元,3,1
三上人教版语文王朝霞,5,1
三上作文,3,1
三上作文暑期学会什么技能,1,1
三上冀教版英语,5,1
三下数学,9,1
三下数学嵊州,3,1
三下期中,2,1
三下科学嵊州,1,1
三下英语嵊州,1,1
三中期末贵州省盘州市,1,1
三中气体水银柱问题,5,1
三中贵州省盘州市,1,1
三中贵州省盘州市分班考试,1,1
三井实验小学上册语文期中练习,6,1
三亚市2025小升初数学卷,5,1
三元一次方程计算训练,1,1
三初,1,1
三十一,1,1
三十一中荣盛城分校语数英分班考试卷,4,1
三十九中分班考,1,1
三十五物理期中,5,1
三十八中,1,1
三十八中合肥,3,1
三升四英语暑假作业每日一练,4,1
三升四语文阅读理解暑假每日一练,2,1
三升四阅读理解,3,1
三原,3,1
三原南郊高三一模,2,1
三台县七年级上册语文试卷,17,1
三国两晋南北朝时期的政权更替,3,1
三国两晋南北朝的民族交融与隋唐统一多民族封建国家的发展,6,1
三大力学观点综合,8,1
三大守恒,1,1
三大附中月考,1,1
三寄宿中学,1,1
三峡意思,1,1
三峡测评卷,1,1
三峡释义填空,4,1
三帆中学,1,1
三年中考五年高考,1,1
三年真题,1,1
三年真题分类汇编,4,1
三年真题分类汇编物理,3,1
三年級下册,1,1
三年級数学 2025 2026三年级数学下册期末,2,1
三年级,1,1
三年级 下册数学期末测试卷2026,4,1
三年级 下册语文期末测试卷2026,5,1
三年级 奥数,1,1
三年级上,1,1
三年级上册外研版英语,14,1
三年级上册数学,27,1
三年级上册期中考试,4,1
三年级上册期末检测卷数学,3,1
三年级上册第一单元,1,1
三年级上册英语人教版,10,1
三年级上册英语译林版,1,1
三年级上册英语译林版单元测,27,1
三年级上学期期中,1,1
三年级上学期阶段检测,2,1
三年级上期中考试赣州数学,1,1
三年级下,6,1
三年级下册北师大版期末考试试卷数学,41,1
三年级下册数学,3,1
三年级下册数学期末,1,1
三年级下册数学期末卷人教版,1,1
三年级下册数学期末试卷,1,1
三年级下册数学贵阳市苏教版统考卷,1,1
三年级下册期末,12,1
三年级下册期末数学,1,1
三年级下册第三单元,1,1
三年级下册英语期末试卷,5,1
三年级下学期期末英语上城区,3,1
三年级入学考,6,1
三年级单词,6,1
三年级奥数,1,1
三年级数学应用题,2,1
三年级数学期末考试试卷,3,1
三年级数学期末考试试卷河南周口项城,8,1
三年级数学长方形正方形,4,1
三年级日期的题,1,1
三年级期中考试,1,1
三年级英语下册课时一本通新题型情境卷,1,1
三年级英语期中试卷,9,1
三年级计算题,1,1
三年级起点六年级下册外研版英语单元测试卷,7,1
三年高考两年模拟,3,1
三年高考两年模拟一轮复习,1,1
三年高考两年模拟一轮复习卷子,8,1
三教函数,3,1
三新探索协作体 高一下 数学,6,1
三明,63,1
三明8年级数学,5,1
三明8年级数学综合测试卷,8,1
三明一中高三,5,1
三明一中高三8月,8,1
三明中学2023-2024高二上学期第一次历史,1,1
三明中学2025-2026高二上学期第一次历史,2,1
三明将乐,1,1
三明市2022～2023学年第二学期普通高中期末质量检测,2,1
三明市2024-2025学年第二学期期末质量检测,15,1
三明市2024年普通高中高三毕业班质量检测,3,1
三明市2024～2025学年高三开学考,3,1
三明市2026年八年级下册数学卷,1,1
三明市八年级,2,1
三明市八年级数学,10,1
三明市沙县区2025,2,1
三明市高二上化学期末卷,1,1
三明物理八年级,3,1
三明高三上数学,1,1
三明高三上期末考,1,1
三明高三上期末考数学,1,1
三明高三数学,4,1
三明高三期末统考数学,5,1
三明高三期末质量考数学,2,1
三明高三统考数学,2,1
三明高三质量考数学,2,1
三星联考,3,1
三晋卓越联盟9月联考,4,1
三月,1,1
三条射线互为满分角,3,1
三条射线组成的脚互为满分角,1,1
三条射线组成的角互为满分角,1,1
三校2026年三省联考,6,1
三棱锥外接球,2,1
三模试卷扬州,1,1
三次三项,7,1
三次函数专项练习,1,1
三次函数练习,2,1
三水中学,9,1
三江,12,1
三江县期中考试,6,1
三沙源,1,1
三河市2025年第八中学新初一分班考,4,1
三河市初一人教上册生物知识点,1,1
三河市小升初分班考试卷,7,1
三河燕郊,1,1
三湘名校教育联盟,5,1
三点分层作业,3,1
三线合一专题,8,1
三维设计,1,1
三维设计 2026人教版高中物理,1,1
三维设计 2027高中总复习 天津,1,1
三维设计 2027高中总复习 江苏JS专用版,1,1
三维设计 2027高中总复习 物理 广东新高考专版 人教版提升版,2,1
三维设计 高二数学,2,1
三维设计2027数学,7,1
三维设计一轮复习,3,1
三美,2,1
三视图,4,1
三角 函数培优,1,1
三角 函数辅助角公式,1,1
三角代换,2,1
三角函数 专题复习 一轮,3,1
三角函数 公式大全汇总,2,1
三角函数W的取值范围微专题总结,6,1
三角函数ω,1,1
三角函数ω取值范围,4,1
三角函数一轮,6,1
三角函数一轮专题测,5,1
三角函数与导数,6,1
三角函数与导数结合,1,1
三角函数专项复习,7,1
三角函数专题卷,12,1
三角函数专题复习,1,1
三角函数专题练（鲁教版）,1,1
三角函数中参数范围问题,2,1
三角函数中的w的取值问题,3,1
三角函数九年级上册单元卷,4,1
三角函数免费,5,1
三角函数公式大全,3,1
三角函数初中,4,1
三角函数单元卷,1,1
三角函数单元测试,1,1
三角函数压轴,15,1
三角函数变换,8,1
三角函数变换 高三一轮,14,1
三角函数图像与性质 复习 一轮复习,5,1
三角函数基础题,1,1
三角函数大题,14,1
三角函数常见放缩,7,1
三角函数常见防缩,1,1
三角函数恒等变换,4,1
三角函数最值,4,1
三角函数的图像与性质专题,14,1
三角函数的概念与诱导公式,4,1
三角函数章末测试,4,1
三角函数练习,2,1
三角函数综合卷,2,1
三角函数综合题,7,1
三角函数计算,6,1
三角函数阶段训练,5,1
三角函数高一,3,1
三角函数高三一轮复习专题,15,1
三角函数，解三角形,9,1
三角型,1,1
三角形 八年级,7,1
三角形三心,2,1
三角形中线求解,6,1
三角形人教版,2,1
三角形倒角等量代换专项练习。,1,1
三角形动点,1,1
三角形单元检测,1,1
三角形单元测试,1,1
三角形四心专题,4,1
三角形四心专题讲义,7,1
三角形四心课程,1,1
三角形模型,3,1
三角形的四心的练习题,4,1
三角形的面积被平分,3,1
三角形辅助线,4,1
三角恒等变换一轮复习,3,1
三角恒等变换高三一轮,12,1
三角洲零号大坝8号藏宝图地点,1,1
三起冀教版六上英语电子课本,1,1
三锋联盟,3,1
三门峡,5,1
三门峡外高高一上月考,1,1
三门峡市,8,1
三门峡市2025学年七年级下学期期末试题,3,1
三门峡市2026学年七年级下学期期末试题,1,1
三门峡市2026学年八年级下学期期末试题,30,1
三门峡期末,1,1
上中25第一学期期中考试,1,1
上南中学,2,1
上好,8,1
上好棵,1,1
上好每一堂课暑假作业,2,1
上好每一堂课暑假作业05,2,1
上好每一堂课暑假作业05分子动理论,8,1
上好每一节课作业 9人物传记阅读人物传写作,5,1
上好每一节课作业 9人物传记阅读人物传记阅,1,1
上好课 2027年高考物理一轮复习讲练测 广东专用,4,1
上好课 相似,8,1
上好课2025,2,1
上好课2026年新九年级化学暑假培优系列,11,1
上好课九年级上,11,1
上好课同步备课,4,1
上好课同步精品课堂,1,1
上好课必修三,1,1
上好课物理,3,1
上好课物理必修第三册,5,1
上好课物理必修第三册专项题,2,1
上好课物理必修第三册题,2,1
上好课生物选修一,4,1
上好课知识清单,1,1
上好课高一数学高效培优讲义,6,1
上好课高一语文暑假作业,1,1
上学期数学临沂沂水,1,1
上学期语文三年级上册,9,1
上实东滩,2,1
上杭县,4,1
上杭县第三中学,2,1
上海 02 6 高三三模,2,1
上海 一模,3,1
上海 六年级 开学 语文,4,1
上海 初三 开学 语文,2,1
上海 初二 开学 语文,2,1
上海 模考作文,10,1
上海 高一下 数学,1,1
上海 高三 开学 语文,3,1
上海2019年高三一模,1,1
上海2024年宝山区高三一模英语,7,1
上海2024年杨浦区高三一模英语,2,1
上海2024年虹口区高三一模英语,7,1
上海2024年青浦区高三二模英语,1,1
上海26年数学解析几何,2,1
上海26年数学解析几何汇总,1,1
上海一年级上学期期末数学试,1,1
上海一年级上学期阶段检测,9,1
上海一模,5,1
上海一模数学2026,1,1
上海七下历史,4,1
上海七年级上册数学第十一章单元测试,1,1
上海七年级上册数学第十二章单元测试,1,1
上海七年级上册数学第十章单元测试,1,1
上海七年级下学期阶段检测,1,1
上海七年级数学上学期期中,7,1
上海七年级数学幂运算,7,1
上海七年级数学幂运算和逆用,2,1
上海三年级下学期升学模考,1,1
上海中学 高一 期末,3,1
上海中学 高一上,1,1
上海中学 高一上 期末,2,1
上海中学 高一下 数学,13,1
上海中学 高二,1,1
上海中学 高二上 化学,5,1
上海中学 高二上 数学,21,1
上海中学25第一学期期中考试,4,1
上海中学周爽,4,1
上海中学阶段测试,4,1
上海中学高一上数学,3,1
上海中学高三,1,1
上海中学高三数学,1,1
上海中学高二上,1,1
上海中考,2,1
上海中考2026,4,1
上海中考化学,3,1
上海中考数学,1,1
上海中考数学2026,1,1
上海中考数学真题,3,1
上海九上化学,4,1
上海九上化学酸碱盐,1,1
上海九上阅读专项,2,1
上海九下数学,1,1
上海九下英语,1,1
上海九年级上学期阶段检测,7,1
上海九年级语文中考,2,1
上海九年级语文中考现代文专项,3,1
上海五四学制六年级下册反义疑问句练习,1,1
上海五四学制六年级下册英语反义疑问句练习,1,1
上海五年级上语文背诵内容,1,1
上海五年级下学期期末,4,1
上海交通大学附属中学化学,6,1
上海交通大学附属中学摸底,28,1
上海交通大学附属中学数学周测,6,1
上海交通大学附属中学生物,9,1
上海交通大学附属中学语文,13,1
上海交通大学附属中学高一下化学,1,1
上海位育中学,1,1
上海作业,1,1
上海八上二次根式,3,1
上海八下历史,7,1
上海八下生物,2,1
上海八年级上学期定语从句,3,1
上海八年级上学期阶段检测,1,1
上海八年级数学第一次月考,2,1
上海八年级数学第一次考试,3,1
上海六年级上册期末,1,1
上海六年级地理期末,3,1
上海六年级地理期末下,1,1
上海兰生七数学,2,1
上海初一下册长宁区期末卷听力,1,1
上海化学,4,1
上海华二 高一 期末,1,1
上海华二附中 高一 期末,1,1
上海卷,1,1
上海卷 2026高考真题,4,1
上海卷2016,1,1
上海卷2016高考,1,1
上海合格考化学,1,1
上海嘉定化学2026年二模,1,1
上海地理初中会考试卷,3,1
上海复兴高级高一上,1,1
上海复旦中学开学模拟考,3,1
上海复旦中学高一开学模拟考数学,2,1
上海复旦大学附属中学生物,4,1
上海复旦附中 高一 期末,1,1
上海复旦高三,2,1
上海外国语双语,3,1
上海大同杯,3,1
上海奉贤区数学八下期末,3,1
上海完形,6,1
上海宝山华曜中学试卷,3,1
上海宝山实验2025,1,1
上海宝山实验2025七年级上数学12月练习,5,1
上海实验高一期中,6,1
上海市,1,1
上海市七下数学同考,1,1
上海市七下数学期末,8,1
上海市七下数学统考,2,1
上海市上海中学,5,1
上海市二模,6,1
上海市位育中学,3,1
上海市八上历史期末,5,1
上海市八上生物,3,1
上海市八上生物期末,13,1
上海市八上道法期末,2,1
上海市区际初三物理一模2026,1,1
上海市南洋模范中学,1,1
上海市南洋模范初级中学 九年级12月,9,1
上海市嘉定区2025-2026学年上学期,1,1
上海市嘉定区2025-2026学年上学期八年级,3,1
上海市嘉定区2025-2026学年上学期八年级英语,6,1
上海市大同中学高三月考数学,3,1
上海市宝山中学,2,1
上海市实验中学数学卷,1,1
上海市实验学校东滩高级中学,3,1
上海市市北中学分班考,2,1
上海市延安中学,3,1
上海市普陀区2024-2025八年级上数学期中,7,1
上海市普陀区曹杨二中,1,1
上海市曹杨二中,1,1
上海市曹杨二中2025-2026学年高三上开学考数学试卷和答案,10,1
上海市浦东新区初三一模卷数学2026,2,1
上海市物理竞赛,3,1
上海市第二中学,4,1
上海市第二中学地理,3,1
上海市第二中学物理,1,1
上海市第二中学高二物理,1,1
上海市英语初三补考,5,1
上海市行知中学,2,1
上海市金山区八上数学,2,1
上海市金山区八上生物期末,13,1
上海市闵行区汽轮科技实验小学三年级,3,1
上海市高三一模,2,1
上海市高桥中学 分班,6,1
上海市高考英语一模试题,3,1
上海师范大学,9,1
上海师范大学附属金山前京中学,3,1
上海延安中学英语,3,1
上海延安高三英语,2,1
上海张江集团七年级上数学试卷卷,3,1
上海徐汇,6,1
上海徐汇数学2025一模,4,1
上海数列,1,1
上海数列专项练习,3,1
上海数学2026春季3月4月5月,3,1
上海数学一模,1,1
上海数学一模高考,1,1
上海数学高考卷,3,1
上海普陀八上期末考试卷,3,1
上海期中八上物理,1,1
上海期末,3,1
上海期末 高一下 数学,5,1
上海松江宁高三数学试卷,1,1
上海格致中学,2,1
上海沪教版,1,1
上海物理,8,1
上海物理电势,5,1
上海物理高三一模,3,1
上海物理高二上,3,1
上海生物中考,2,1
上海科技大学,1,1
上海科技大学附属中学,11,1
上海立体几何,8,1
上海英语,1,1
上海英语中考真题,1,1
上海英语初升高衔接,1,1
上海英语初升高衔接衔接点点,4,1
上海英语初升高衔接链接点,1,1
上海英语卷,4,1
上海英语必修一,3,1
上海英语高一分班考试卷,4,1
上海英语高一秋季分班考试卷,2,1
上海英语高三有听力,2,1
上海英语高三有听力2026,5,1
上海英语高二下,1,1
上海虹桥口高三数学试卷,5,1
上海虹桥宁高三数学试卷,1,1
上海行知中学,2,1
上海语文,4,1
上海语文一模卷,1,1
上海语文一模卷初中,4,1
上海语文中考现代文专项,2,1
上海进才 高一 期末,5,1
上海金山一模英语2026,1,1
上海金山数学八下期末,2,1
上海长宁高三数学试卷,1,1
上海闵行,6,1
上海青浦一模,1,1
上海青浦一模数学,3,1
上海风华中学,1,1
上海香山中学,3,1
上海高一,8,1
上海高一上学期学考,1,1
上海高一上期末数学,3,1
上海高一下期末数学,8,1
上海高一下静安统考英语,5,1
上海高三,1,1
上海高三上期中考数学,3,1
上海高三生物一模松江2024,1,1
上海高三英语卷,3,1
上海高三语文试卷,1,1
上海高三语文默写,1,1
上海高中语法,2,1
上海高中语法专练,4,1
上海高中语法汇编,4,1
上海高二上 化学,1,1
上海高二上学期期中,1,1
上海高二上期末数学,5,1
上海高二上物理期中,11,1
上海高考,3,1
上海高考一二模高频词汇,4,1
上海高考卷英语,3,1
上海高考数学,1,1
上海高考数学卷,1,1
上海高考文言文,3,1
上海高考模拟,6,1
上海高考物理,3,1
上海黄浦化学2026年二模,3,1
上蔡二高,3,1
上课,3,1
上课网,1,1
上进联考,5,1
上进联考9月试题,6,1
上饶三中,3,1
上饶中学自主招生奥赛班第一次月考,1,1
上饶市2026高一下学期期末考试,3,1
上饶市民校考试联盟2025~2026学年上学期阶段测试二高一英语试卷,7,1
上饶期末考试,7,1
上高中学2027届高二暑假作业,1,1
下全武校2024~2025学年高二年级第一学期期中联考化学试卷,1,1
下关一中入学考,5,1
下周二025至2026学年 读春季学期期末质量监测卷7年级下册,1,1
下落缓冲,3,1
不动点,3,1
不等式 025 一轮 专题 复习七年级,1,1
不等式 025 一轮 专题 复习高三,1,1
不等式 重难点,3,1
不等式一轮复习,10,1
不等式与不等式组,1,1
不等式与不等式组期末常考知识点,3,1
不等式与不等式组期末常考知识点难点与易错,9,1
不等式专题高一,1,1
不等式专题高一苏科,3,1
不等式恒成立问题6种常见解法,1,1
不等式恒能成立问题,1,1
不等式所有题型,2,1
不等式放缩 导数,2,1
不等式禁赛,2,1
不等式竞赛,3,1
不等式配凑,3,1
不等式重难点,4,1
不等式题目,3,1
不规则 动词表 背记默初中,1,1
不规则动词,10,1
与朱元思书,3,1
与量有关的离子反应方程式的书写,9,1
专业,3,1
专升本2024年真题,1,1
专升本2024年真题山东,1,1
专辑,1,1
专辑名称：黑龙江省大庆市2026届高三年级一模试卷，6科原卷+解析全部收录。,4,1
专題,2,1
专題演练36现在完成时,1,1
专題演练现在完成时,1,1
专项学习,2,1
专项数学,5,1
专项电磁,11,1
专项练习八下人教,12,1
专项练习化学,2,1
专项训练,3,1
专项训练有知识点和解题方法圆锥自学圆锥曲线解析几何一体几何,6,1
专题 韦达定理,2,1
专题01  特殊平行四边形与最值问题,2,1
专题01  特殊平行四边形与最值问题新教材北师大版,1,1
专题01 化学方程式汇总,4,1
专题01 化学方程式汇总 知识清单 全国通用,2,1
专题01 化学方程式汇总 知识清单 全国通用 2026年高考化学一轮复习讲练测,7,1
专题01 化学方程式汇总（知识清单）（全国通用）,5,1
专题01 化学方程式汇总（知识清单）（全国通用）2026年高考化学一轮复习讲练测,9,1
专题01 必修第一册Unit1～Unit 3 单元词汇短语句型梳理（期中知识清单）高一英语上学期外研版,3,1
专题011元二次方程,1,1
专题01三角函数与解三角形,7,1
专题01元二次方程,2,1
专题01动时态，语态与主谓一致转移词,3,1
专题01化学方程式汇总知识清单全国通用,5,1
专题01地球与地图综合训练01,5,1
专题01平面向量及应用（暑假复习讲义）人教A版,12,1
专题01期末复习计算专练19大题型270题,1,1
专题01氮及其化合物,5,1
专题01氮及其化合物试卷,2,1
专题01相交线与平行线,1,1
专题01相交线与平行线常考点中的难点与压轴题,13,1
专题01矩形中的五种常考模型,5,1
专题01空间向量与立体几何（四大基础题型+优选 提升，60题）-【好题汇编】备战2024-2025学…..,5,1
专题01集合与常用逻辑 用语,6,1
专题01高一必修一集合与常用逻辑术语竞赛题,4,1
专题02,3,1
专题02 二次根式的拓展,1,1
专题02 二次根式的拓展 举一反三专项,1,1
专题02 化学能与电能的转化,3,1
专题02 指对幂函数的图像与性质 练题型·冲高分,1,1
专题02不等式的综合运用,1,1
专题02化学能转化为电能,3,1
专题02化学能转化为电能  电池,7,1
专题02期末复习易错题53个考点,1,1
专题02热学,6,1
专题03,5,1
专题03 牛顿运动定律,4,1
专题03培优集合归类,3,1
专题03电能转化为化学能 电解,16,1
专题04,1,1
专题04阅读理解,6,1
专题05 文言文阅读,1,1
专题05 文言文阅读  武汉,1,1
专题05写作词汇 高频词,5,1
专题05高中全部补充函数培优归类,3,1
专题06,1,1
专题06   文学类文本阅读,7,1
专题06期末真题百练通关（83题25大基础题型，华东师大版数学七年级下册,1,1
专题06解析几何,1,1
专题07 将军饮马 福建专用,25,1
专题07 阅读还原—五选五 福建专,15,1
专题07名句默写情景式,5,1
专题07语法,2,1
专题07语法填空,13,1
专题1.7 解一元二次方程专项训练,16,1
专题10二次根式及乘除法,3,1
专题10恒定电流与交变电流,5,1
专题10阅读理解（说明文）,1,1
专题10阅读理解（说明文）（3年汇编）（江苏专用）,2,1
专题10阅读理解（说明文）（3年汇编）（江苏专用）2024-2026年中考英语真题分类汇编,6,1
专题10阅读理解（说明文）（江苏专用）,1,1
专题11二次根式,1,1
专题11二次根式的加减,2,1
专题14 圆锥曲线解答题,3,1
专题15轴对称,1,1
专题15轴对称与坐标,1,1
专题15轴对称与坐标变换,3,1
专题16有机合成与推断题,10,1
专题17动词时态,3,1
专题17动词时态（三年汇编）,5,1
专题18函数,3,1
专题18简爱,5,1
专题1中国古代史（选择题精炼）,14,1
专题1硫及其代合物,5,1
专题2,6,1
专题2 研究物质的基本方法-【突破课堂】2025-2026学年高中化学必修第一册同步单元达标检测卷（苏教版）,9,1
专题2.8圆与圆的位置关系,2,1
专题20导数及其应用选填题,8,1
专题20导数选填题,1,1
专题3-2 导数与函数的单调性,6,1
专题4.3三角恒等变换，举一反三讲义,14,1
专题4.3三角恒等变换，举一反三讲义全国通用,4,1
专题4.8 一元一次方程的计算,9,1
专题6,5,1
专题6期末真题百练通关（83题25大基础题型,9,1
专题6期末真题百练通关（期末复习专项训练）（83题25大基础题型）七年级下册数学专项训练,2,1
专题一中国特色社会主义答案,3,1
专题一分离定律,15,1
专题三文言文阅读期末复习知识总清单,10,1
专题三文言文阅读期末复习知识清单统编版高二下学期,9,1
专题中国古代史（选择题精炼）,3,1
专题九 平行线的性质,2,1
专题二分离定律（6大题型必刷）（期中复习专项训练）高一生物下学期人教版,2,1
专题二灵活因式分解100题,7,1
专题二等高线的判读,5,1
专题二，研究物质的基本方法,9,1
专题二，研究物质的基本方法高中同步达标检测卷,3,1
专题五函数的实际应用,2,1
专题五函数的实际应用华东师,2,1
专题光,3,1
专题六基本平面,1,1
专题六期末真题百练通关（83题25大基础提型）,7,1
专题化学平衡,3,1
专题卷数学,2,1
专题向心力,2,1
专题圆周运动,4,1
专题套卷,6,1
专题安培力,10,1
专题安培力人教版,19,1
专题导数及其应用,1,1
专题拓展新高一年级数学人教A版·暑假预习讲义函数基本性质及其应用,1,1
专题水溶液中离子反应与平衡,10,1
专题电磁感应楞人教版,39,1
专题电磁感应楞没,15,1
专题训练06名篇名句默写,2,1
专题训练15,2,1
专题训练15立体几何大题5种高考常见考法归类,2,1
专题集训卷,3,1
专题集训卷 电,2,1
专题零一化学方程式汇总,1,1
专题零一无机化学方程式汇总,1,1
专题零一无机化学方程式汇总高三,1,1
专题题临沂化学方程式汇总知识清单全国通用,1,1
世外中学,3,1
世外教育附属浦江外国语学校,6,1
世少赛,1,1
世界主要地区,1,1
世界主要地区东南,1,1
世界主要地区东南亚地理,1,1
世界主要地区东南地理,1,1
世界主要的海峡地形区岛屿半岛河流填图训练,8,1
世界主要的海峡地形区岛屿河流填土训练,1,1
世界地图,4,1
世界地图 高清,4,1
世界地理,7,1
世界地理概况,7,1
世界地理概况资料,1,1
世界地理知识点,4,1
世界气候类型的分布与特征,1,1
世界的居民和国家,3,1
世界经典神话传说试题,2,1
世界赠与我的,1,1
世界近代史,1,1
世界近代史北京,1,1
世界近代史北京高考一轮复习,2,1
世界近代史选择题,3,1
世纪金榜,3,1
世说新语文言文,3,1
世达高一上期末考题,2,1
丘北县,3,1
丘成桐少年班,3,1
丘成桐少年班选拨真题,3,1
丘班,1,1
丘班选拔,2,1
丙村中学中段考,2,1
丙村中学中段考高一,5,1
东丰,11,1
东丰二中,1,1
东丽中学共同体2020-2021年九年级上册期中试卷数学真题,3,1
东丽二耀华,1,1
东丽二耀华初三第一次月考,2,1
东京,1,1
东兴中学,1,1
东兴市东兴中学,1,1
东农2025-2026材料力学期末卷子,1,1
东北,1,1
东北 师大,4,1
东北 师大附中高一月考,1,1
东北 高二下学期7月期末 校考全套 英语建议信,4,1
东北三省,2,1
东北三省三校,7,1
东北三省三校2026,1,1
东北三省三校2026届高三下学期第二次模拟考试地理试题,1,1
东北三省三校2026第一次联考生物,5,1
东北三省三校一模2026,4,1
东北三省四市,1,1
东北三省四市二模,8,1
东北三省部分学校,5,1
东北优才计划,2,1
东北塘中学试卷,7,1
东北师大附中 2 0 25 2026 高三年级五月模拟考试,1,1
东北师大附中 哈师大附中 辽宁省实验中学2026届高三第一次联合模拟考试数学,1,1
东北师大附中期末考试,2,1
东北师大附中自主招生,1,1
东北师大附中高一上学期期末,1,1
东北师大附中高一期末英语,2,1
东北师大附中高一第一次月考,3,1
东北师范大学连山实验高中,3,1
东北师范大学附属中学2025-2026高二上,2,1
东北师范大学附属中学期末考试化学试卷,8,1
东北师范大学附属中学高一期末考试。,7,1
东北师范大学附属中学高二下学期期末考试,3,1
东北师范大学附属中学高二下学期期末考试语文试题,1,1
东北肓才学校,2,1
东北育才 五校联考,1,1
东北育才2024,6,1
东北育才2024 2025,1,1
东北育才学校高一上化学,5,1
东北育才学校高一物理,3,1
东北育才学校高三临考提升卷,1,1
东北育才学校高中高三年级第一次模拟考试假期质量测试,7,1
东北育才少儿部,1,1
东北育才少儿部高一上,5,1
东北育才开学考物理,1,1
东北育才物理,1,1
东北育才物理高三上学期联合,3,1
东北育才高一,1,1
东北育才高一第一次月考,3,1
东北育才高一第一次月考数学,3,1
东北育才高三上学期开学考物理,3,1
东北育才高三二模,8,1
东北育才高三二模物理,7,1
东北育才高三开学考物理,4,1
东北育才高三第一次模拟,4,1
东北育才高中20252026学年度下学期高二年级物理科期中考试试卷,1,1
东北育才高中2025至2026学年度上学期高一年级英语科第二次月考试卷,3,1
东北育才高中2025至2026学年度下学期高二年级语文科第二次月考试卷,1,1
东北育才高二,6,1
东北育才高二上期末考试,2,1
东北育才高二上第一次月考,6,1
东北育才高二期中生物卷,7,1
东北高三上开学考试,2,1
东华,4,1
东南亚，地理,5,1
东南大学,1,1
东南大学强基计划,1,1
东南实验,1,1
东南西北,9,1
东台中学,2,1
东台八上第五联盟历史月考试卷,3,1
东台八上第五联盟生物月考试卷,1,1
东城,6,1
东城八下物理卷,3,1
东城区七下数学卷,1,1
东城区高一上期末数学,3,1
东城朝阳期末,1,1
东城高一下期末语文,1,1
东山中学,3,1
东山学校,3,1
东平,1,1
东平县第二实验中学,13,1
东平县高级中学,3,1
东恩中学 七年级培优选拔,2,1
东恩中学 培优选拔,1,1
东恩中学培优,4,1
东方国际,21,1
东方永松,5,1
东明一中开学考,2,1
东明县第一初级中学,2,1
东沟,1,1
东沟中学,1,1
东海县高级中学高一下,1,1
东海期中试卷,1,1
东海高一下期末生物,5,1
东海高一下生物,1,1
东港市2022-2023年度数学高二期中,1,1
东瓯,2,1
东直门,12,1
东省新泰市2025至20266年级下学期期末模拟卷数学试题,2,1
东省菏泽市牡丹区皇镇中学,2,1
东省青岛市黄岛区西海岸2025高一,3,1
东省青岛市黄岛区西海岸2025高一期中,1,1
东莞2026高一下期末,5,1
东莞一中,4,1
东莞一中2025,1,1
东莞七下期末历史,5,1
东莞七下期末地理,1,1
东莞七下期末数学,3,1
东莞七下期末英语,2,1
东莞七下期末语文,1,1
东莞七下期末道法,1,1
东莞三下英语,18,1
东莞东华中学,1,1
东莞东华初级中学自招数学,4,1
东莞中学2026高一期中试卷,1,1
东莞中学2026高一试卷,3,1
东莞中学高二上物理期中考试真题卷,4,1
东莞九上物理月考,2,1
东莞五校高三11月联考物理,9,1
东莞五校高三11月联考英语,21,1
东莞五校高三9月联考数学,3,1
东莞五校高三9月联考物理,2,1
东莞光明,2,1
东莞八下期末数学,3,1
东莞八下期末英语,1,1
东莞八下期末语文,1,1
东莞八大校联考卷,8,1
东莞八年级上册期末地理自查卷,2,1
东莞八年级上册期末物理自查卷,2,1
东莞六中,3,1
东莞化学模考,3,1
东莞化学高三模考,1,1
东莞太阳城小学,3,1
东莞市2025 2026第二学期期末,6,1
东莞市2025-2026七年级下期末地理自查卷,4,1
东莞市一中,12,1
东莞市东华初级中学 八年级下学期 期末考试,1,1
东莞市东莞中学,6,1
东莞市丰泰,2,1
东莞市可园中学,3,1
东莞市宏远,2,1
东莞市御花苑,3,1
东莞市期中考,5,1
东莞市第一中学,3,1
东莞市第一中学高二上学期物理,3,1
东莞市第一中学高二上学期第一次月考数学,1,1
东莞市第一高级中学,4,1
东莞市第十三高级中学,8,1
东莞开心,1,1
东莞济川中学,1,1
东莞海德双语学校高二上数学期中考试真题试卷,2,1
东莞自招数学,1,1
东莞高二上物理第一月考海德双语学校,1,1
东莞高二上物理第期中考海德双语学校,4,1
东莞高二期末英语,1,1
东莞高级中学联考英语,6,1
东莞高级校高三11月联考英语,1,1
东营,10,1
东营市,1,1
东营市2026届高三第一次调研监测考试,7,1
东营市七年级下册语文期末考试卷,7,1
东营市五年级英语期末考试,6,1
东营市河口区仙河镇七年级第一学期第一次月考历史,5,1
东营市河口区仙河镇七年级第一学期第一次月考地理,27,1
东营市河口区仙河镇七年级第一学期第一次月考生物,2,1
东营生物,7,1
东营英语中考,4,1
东营行知中学,2,1
东营高中开学考,18,1
东辰,2,1
东辰七下,1,1
东辰中学,8,1
东辰入学测试,1,1
东辰新入学考,1,1
东部新区七年级上册期末语文,4,1
东部新区九上期末模拟,9,1
东部新区九下道德与法治调研考试模拟卷二,9,1
东部新区入学考试,14,1
东部新区八年级会考模拟,5,1
东阳中考试卷,20,1
东雅中学高一月考,2,1
东风,1,1
东风语文,7,1
东风语文高三,9,1
两江巴蜀,1,1
两江新区,1,1
两江育才,8,1
两省联考,2,1
两种文化,1,1
严州中学,2,1
严德英才高三开学考试,4,1
丧尸,1,1
丨高一生物必修二优佳学案电子版,13,1
中中沟，中中沟沟，中中沟，中中,1,1
中位线,1,1
中位线三角型,1,1
中位线三角型人教版,2,1
中位线定理,5,1
中初十二本名著解析,7,1
中华中学英语高二试卷,3,1
中华中学高一分班考试数学,1,1
中华中学高一物理月考,11,1
中华人民共和国成立和社会主义革命与建设,6,1
中华文明的起源与早期国家,6,1
中卫一中,1,1
中卫一中月考,5,1
中原中学,2,1
中国人大附中昌平学校,5,1
中国人民大学附属中学物理,3,1
中国人民大学附属中学高一上期中,2,1
中国化学奥林匹克 初赛,14,1
中国化学奥林匹克 初赛 试题,6,1
中国区域地理,5,1
中国古代史,6,1
中国古代史 （统一多民族国家的形成与发展）,3,1
中国古代史（选择题精炼）,2,1
中国同盟会,6,1
中国地理概况,11,1
中国地理空白图,7,1
中国女子数学奥林匹克,34,1
中国数学奥林匹克2025,5,1
中国科学技术大学新生入学计算机水平测试,1,1
中国科学技术大学附属中学 数理测试试卷,8,1
中国科学院大学附属中学,2,1
中国科学院大学青岛附属中学,3,1
中国经济正在向新提质全面升级高质量发展,1,1
中国近代史专题,3,1
中国近代史大事年表,3,1
中垂线,6,1
中垂线模型,4,1
中外历史纲要上,5,1
中外历史纲要（上）中国近现代史,1,1
中天中学,1,1
中天实验,4,1
中央民族大学附属中学红河州实验学校,1,1
中央民族大学附属中学贵阳学校,3,1
中央民族大学附属青岛中学,2,1
中学,14,1
中学分班考,1,1
中学尚贤,2,1
中学必背12部,1,1
中学必背12部名著知识点,2,1
中学必背名著知识点,1,1
中学数与式,4,1
中学数学数与式练习,3,1
中学生世界,11,1
中学生创新能力大赛,4,1
中学生学习报,19,1
中学生物理奥林匹克竞赛预赛,2,1
中小衔接英语,1,1
中山  七年级下,1,1
中山  七年级下  数学,3,1
中山一中,6,1
中山侨中一段考,2,1
中山侨中一段考高二上,2,1
中山侨中一段考高二上数学,2,1
中山八年级上册数学期中考试,6,1
中山八年级下期中,1,1
中山八年级下期末,14,1
中山大学,1,1
中山大学附属中学,4,1
中山市2023中考数学试卷,1,1
中山市一中,1,1
中山市三鑫学校,3,1
中山市三鑫学校考学考,1,1
中山市九年级上册数学期中,7,1
中山市九年级上册英语期末,3,1
中山市光正实验学校,2,1
中山市八年级上册数学期中,3,1
中山市初二数学素养邀请赛 模拟真题（八年级上册）,32,1
中山市烟州中学,7,1
中山市纪念中学,10,1
中山市纪念中学自主招生,1,1
中山市高一年级2023到2024第二学期期末,3,1
中山市高一年级2024到2025第二学期期末,1,1
中山纪念中学,1,1
中山纪雅,5,1
中山纪雅学校,3,1
中心小学,2,1
中招,2,1
中招考试,4,1
中文,1,1
中档综合：弹簧 弹性势能 机械能守恒 西城海淀真题,1,1
中段测,2,1
中江县,1,1
中沟，中中沟，中中沟，中沟沟，中中回,1,1
中科大少年班,4,1
中科大少年班数学试题,3,1
中科大强基,1,1
中考 1600词汇,3,1
中考 2026,5,1
中考 卷2026,4,1
中考 广东揭阳榕城区,3,1
中考 广东揭阳榕城区2026统考,1,1
中考 物理,6,1
中考 病句 2026专项练习,15,1
中考 真题 2026,4,1
中考 英语,1,1
中考 英语单词 1600 背诵版和默写版人教版,1,1
中考 词汇 1600 2026年中考英语,1,1
中考 试卷2026,22,1
中考 语文满分作文,2,1
中考123,1,1
中考1600 词汇,5,1
中考1600词,1,1
中考1600词汇带短语完整版,8,1
中考2026  英语,9,1
中考2026化学镇江,3,1
中考2026数学山东,6,1
中考2026物理,2,1
中考2026物理镇江,2,1
中考一模,8,1
中考一轮复习,1,1
中考一轮复习数学,1,1
中考一轮复习数学数与式,1,1
中考三角形的面积被平分,3,1
中考专题复习,2,1
中考专题复习福建,6,1
中考二模,7,1
中考二次函数,1,1
中考代数推理,2,1
中考优秀作文,7,1
中考作文,3,1
中考作文真题,2,1
中考作文真题放送,4,1
中考作文真题解读,1,1
中考作文题,4,1
中考作文题目,4,1
中考全科复习资料,7,1
中考几何压轴,1,1
中考几何压轴专训,12,1
中考函数压轴,3,1
中考化学真题,1,1
中考化学知识点,1,1
中考化学试卷,4,1
中考单词,6,1
中考单词词形,1,1
中考单词词性,3,1
中考南京,6,1
中考卷2026,1,1
中考卷2026抚顺,4,1
中考卷子,3,1
中考卷子2026数学,9,1
中考卷子辽宁,5,1
中考卷英语 2026,1,1
中考历史知识点人教版,10,1
中考历史道法复习资料,11,1
中考压轴,9,1
中考压轴题数,6,1
中考名词专题,1,1
中考听力,5,1
中考四调,10,1
中考复习,16,1
中考复习专题,4,1
中考复习数与式,1,1
中考宝典,4,1
中考必考文言文重点字词,2,1
中考必背古诗文,3,1
中考必背短语,1,1
中考成都,3,1
中考提前招生,1,1
中考政治,2,1
中考政治复习,4,1
中考数学 2026年真题,17,1
中考数学-模型·方法·技巧突破,2,1
中考数学2026,3,1
中考数学2026广东,3,1
中考数学2026物理,2,1
中考数学一模,5,1
中考数学一模试卷乌鲁木齐市2026,6,1
中考数学专项练习,1,1
中考数学专题训练,7,1
中考数学几何压轴题专项,3,1
中考数学分类汇编,1,1
中考数学南京2026,8,1
中考数学压轴,2,1
中考数学压轴题专项,1,1
中考数学压轴题每日一练,1,1
中考数学四边形专项训练,1,1
中考数学总复习专题,9,1
中考数学总复习专题一次方程组,1,1
中考数学真题分类汇编 压轴题 全国通用,24,1
中考数学解直角三角形专题提优,1,1
中考数学解直角三角形及其应用一轮复习,13,1
中考数学解直角三角形及其应用专题提优,3,1
中考文言文120个实词,4,1
中考新疆数学笔记学习资料,1,1
中考新疆英语,2,1
中考新疆英语2024,2,1
中考日语,1,1
中考模拟,7,1
中考模拟语文,5,1
中考模考,4,1
中考汇编武汉专用,3,1
中考济南数学,1,1
中考济南数学2025,5,1
中考济南数学2026,5,1
中考满分为150分的数业试卷语文试卷和英语时卷,3,1
中考满分作文 2026范文整理,2,1
中考满分作文成长类,3,1
中考热门英语作文十大题材,7,1
中考物理力学,4,1
中考物理声音,1,1
中考物理声音专题,1,1
中考物理实验题,1,1
中考物理河南,1,1
中考物理真题2026,4,1
中考现代文阅读,1,1
中考生物,8,1
中考真题2026,1,1
中考真题2026山东,1,1
中考真题卷数学黄冈,1,1
中考真题汇编,1,1
中考真题英语,1,1
中考练习题,3,1
中考考数学压轴题,6,1
中考考纲单词,1,1
中考自招,2,1
中考英文,12,1
中考英语1600词汇默写版,3,1
中考英语作文，积累,7,1
中考英语单选题训练,7,1
中考英语卷子,3,1
中考英语必背短语,1,1
中考英语模拟,1,1
中考英语真题,1,1
中考英语真题2023福建,1,1
中考英语真题2024福建,4,1
中考英语短语填空,1,1
中考英语词汇分类循环练,2,1
中考解直角三角形专题提优,1,1
中考记叙文阅读真题10篇,4,1
中考词汇,16,1
中考试卷安徽,6,1
中考试卷数学安徽,5,1
中考语文专题复习,4,1
中考语文作文,8,1
中考语文作文真题,2,1
中考语文作文题目,4,1
中考语文修辞手法,2,1
中考语文复习,3,1
中考语文复习专题,8,1
中考语文新疆,5,1
中考语文现代文阅读专列,1,1
中考语文现代文阅读专题,3,1
中考语文真题,4,1
中考语文第一次模拟考试卷,2,1
中考语文答题模板,1,1
中考语文记叙文阅读,3,1
中考语文试卷,5,1
中考语文阅读专项,1,1
中考语文阅读专项练习,1,1
中考语文阅读理解,3,1
中考语言表达语文,1,1
中考道德与法治资料,7,1
中考长春,6,1
中考阅读专项练习,3,1
中考非连续性文本专项训练22篇,3,1
中考非连续性文本阅读汇编,9,1
中考高频词 2026 高频词整理,1,1
中职,12,1
中职 1b期中数学高一,5,1
中职 电子技术,15,1
中职 电子电工,1,1
中职单招,10,1
中职数学 2024年中职数学基础模块上册,8,1
中职英语 1基础模块,4,1
中职语文鸿门宴,1,1
中职语文鸿门宴电子版,7,1
中雅培粹初一新生入学摸底考试测试卷,12,1
丰南,1,1
丰南一中,3,1
丰县2024 2025学年度第二学期期末考试5年级下册,2,1
丰台,27,1
丰台二中,13,1
丰台区2025~2026第二学期期末考试,2,1
丰台高一下期末语文,1,1
丰城中学,5,1
丰城中学九年级试卷,3,1
丰城九中,12,1
丰城市丰中学期中考试,1,1
丰城市丰中学第一次月考,1,1
丰城市丰中学第一次月考高一化学上册,2,1
丰城市丰中学第一次月考高一地理上册,4,1
丰城市丰中学第一次月考高一数学,1,1
丰城市丰中学第一次月考高一数学上,1,1
丰城市丰中学第一次月考高一数学上册,3,1
丰城市丰中学第一次月考高一物理上册,2,1
丰城市丰中学第一次月考高一英语上册,3,1
丰宁,8,1
丰宁满族自治县八年级下册物理试卷,17,1
丰泽区,8,1
丰泽区2024—2025学年下学期七年级学业质量检测,8,1
丰泽区期末质量监测题库,1,1
丰泽区期末质量监测题库初二道法,1,1
丰润区八下期末,4,1
丰润区历史八下期末,3,1
丰润区高二,2,1
丰集,10,1
丰顺中学,2,1
丰顺中学开学考,7,1
丰顺县大龙华,1,1
丰顺县径门学校,5,1
丰顺县高一开学考,2,1
临城中学,6,1
临城实验中学,2,1
临城浩博中学,2,1
临夏,4,1
临夏中学,2,1
临夏回族自治州中考卷,32,1
临夏回族自治州八年级下册统考卷,6,1
临川一中 2025 2026 学年下学期期末考试,2,1
临川一中入学分班考,1,1
临川一中入学分班考高一,3,1
临川一中分班考 高一,1,1
临川一中的开学考试卷,2,1
临川一中高一入学上分班考试卷,1,1
临川一中高一入学分班考,1,1
临川一中高一入学分班考试卷,2,1
临川一中高一入学摸底考试,1,1
临川二中,2,1
临平中学,17,1
临平中学试卷,2,1
临朐县新初一分班考,3,1
临朐县青岛版数学七上期中测试,1,1
临朐县青岛版数学七上第一单元测试,3,1
临朐实验,2,1
临汾一中2026-2027,3,1
临汾一中2026-2027高一英语必修二,1,1
临汾一中数学,1,1
临汾一中数学开学考,4,1
临汾一种数学开学考,1,1
临汾十三县,3,1
临汾十三县数学五年级,1,1
临汾市八年级物理下学期期末阶段测试,9,1
临汾市尧都区小升初分班考试语数英真题,7,1
临汾市高二下学期期末,4,1
临汾正宗十三县数学五年级,5,1
临沂,5,1
临沂 2026 高二化学期中,2,1
临沂 2026 高二期中,3,1
临沂 2026蒙阴 高二化学期中,1,1
临沂 中考2026,1,1
临沂2+4小升初考试,1,1
临沂2024高三上学期期中测试,1,1
临沂2025高三,1,1
临沂2025高三上学期期中测试,1,1
临沂2026期末六年级,1,1
临沂2026期末六年级下学期数学,4,1
临沂8年级上册第1单元数学检测,3,1
临沂一中强基选拔数学回忆版,6,1
临沂一中自主招生,4,1
临沂一模政治2026,1,1
临沂一模政治2026高考,3,1
临沂一模物理,3,1
临沂一模物理2026,2,1
临沂一模物理2026高考,2,1
临沂三中,3,1
临沂九年级化学,3,1
临沂九年级化学月考,4,1
临沂九年级数学,2,1
临沂八上物理期末试卷,4,1
临沂八下物理,2,1
临沂六年级期末,3,1
临沂化学一模,3,1
临沂商城,4,1
临沂商城实验学校,3,1
临沂小升初分班考语数英全套试卷,1,1
临沂市,7,1
临沂市平邑县高三期中,3,1
临沂市沂水县,1,1
临沂市沂水县七年级上学期,2,1
临沂市沂水县八年级上册期末真题,9,1
临沂市沂水县沂新中学七年级数学上学期,1,1
临沂市第十八中学,6,1
临沂市罗庄区九上2024物理,1,1
临沂市部分县区高二数学,5,1
临沂市高三一模,1,1
临沂期末,5,1
临沂沂水,1,1
临沂沂水三年级上学期数学语文英语,1,1
临沂沂水三年级上学期英语,1,1
临沂第九中学,5,1
临沂罗庄小升初分班考真题试卷,1,1
临沂罗庄小升初分班考试卷,7,1
临沂罗庄小升初分班考语数英全套试卷,2,1
临沂罗庄小升初试卷,2,1
临沂郯城一中化学,1,1
临沂郯城一中化学月考卷,15,1
临沂郯城一中物理月考卷,7,1
临沂高三,8,1
临沂高三期中,12,1
临沂高二上学期物理月考,4,1
临沂高二上学期物理期中试卷,3,1
临沧市,4,1
临沭二初数学八上月考2024-2025,1,1
临泉一中2024＿2025高二年级开学考,8,1
临泉第五中学,1,1
临清一中,2,1
临清中考模拟,3,1
临清市明德中学入学考试,6,1
临清市明德中学分班考试,2,1
临清市明德中学开学考试,4,1
临清月考,7,1
临清高三上学期,3,1
临渭区2025~26学年度七年级下册期末测评语文,1,1
临渭区2025至2026学年度第二学期期末教学质量调研高一,11,1
临湘,8,1
临邑五中,3,1
临高县地理期末试卷,1,1
丹东一中,1,1
丹东二中,3,1
丹东二中数学,9,1
丹东二中高一上数学,7,1
丹东二中高二下数学期末,3,1
丹东二模2026,1,1
丹东市2024八下期末道德与法治试卷,3,1
丹东市2024至2025学年度上学期期末质量监测,1,1
丹东市小学六年下,8,1
丹东市第二中学,2,1
丹东期中,35,1
丹徒区,4,1
丹江口2中开学考试,7,1
丹阳,8,1
丹阳市中考,1,1
丹阳市第八中学,4,1
主要九年级地理,1,1
主观题专项,11,1
主题类文阅读,5,1
主题类文阅读迁移练,10,1
丽水,1,1
丽水 湖州 衢州 高三教学质量检测,1,1
丽水 湖州 衢州 高三教学质量检测英语,6,1
丽水2026日语,3,1
丽水市2025学年第二学期普通高中教学质量监控。,1,1
丽水市日语,3,1
丽水市期末考,7,1
丽水市高一下期末信息技术,3,1
丽水期末日语,1,1
丽水期末英语,7,1
丽水湖州衢州2025年11月三地市,2,1
丽水高二物理期末,3,1
举 一 反三 2025 2026,10,1
举一反三,4,1
举一反三沪科版,1,1
举一反三沪科版七年级,8,1
义乌七年级上册期末,4,1
义乌七年级下册,3,1
义乌七年级下册期末数学,1,1
义乌七年级入学考,1,1
义乌七年级分班考,5,1
义乌七年级期末,1,1
义乌五中,3,1
义乌市八年级上册科学期中考试卷,6,1
义乌市八年级上册科学第3单元考试卷,3,1
义乌市八年级下册期末历史,1,1
义乌市八年级期末历史,3,1
义乌市六下数学,16,1
义乌市第五中学,3,1
义亭镇初级中学,3,1
义务教育九年级物理答案,8,1
乌一中,1,1
乌兰浩特,1,1
乌市第12中,1,1
乌市第12中分班考,1,1
乌海一中,5,1
乌鲁木齐12中分班考卷子,1,1
乌鲁木齐16中,8,1
乌鲁木齐41中学2025至2026,16,1
乌鲁木齐98中,8,1
乌鲁木齐一中分班考试,2,1
乌鲁木齐中考,2,1
乌鲁木齐八一中学新初一分班考,3,1
乌鲁木齐八一入学考试,2,1
乌鲁木齐八一入学试卷,2,1
乌鲁木齐八一开学,1,1
乌鲁木齐八年级期末考试物理2026,4,1
乌鲁木齐分班考,1,1
乌鲁木齐分班考试卷,5,1
乌鲁木齐名校高一下数学期末考试卷,11,1
乌鲁木齐四十一中学高中开学分班考试卷,1,1
乌鲁木齐市101中学,2,1
乌鲁木齐市126中学,13,1
乌鲁木齐市七年级分班考试卷,1,1
乌鲁木齐市中学高一入学衔接,1,1
乌鲁木齐市华兵实验中学七年级数学试卷,9,1
乌鲁木齐市外国语学校开学,2,1
乌鲁木齐市外国语学校开学考,3,1
乌鲁木齐市沙区择校考试试卷,3,1
乌鲁木齐市第12中学开学考,5,1
乌鲁木齐市第12中学高一入学衔接,1,1
乌鲁木齐市第一中学,2,1
乌鲁木齐市第一中学学初考试,1,1
乌鲁木齐市第一中学开学测试,6,1
乌鲁木齐幸福中学,8,1
乌鲁木齐第一中学,3,1
乌鲁木齐第九中学小升初分班考,1,1
乌鲁木齐第十三中学,2,1
乌鲁木齐英语,1,1
乌鲁木齐英语高频单词,1,1
乌鲁木齐高一入学考英语,1,1
乌鲁木齐高一分班考英语,1,1
乌鲁木齐高一分班考试卷,2,1
乌鲁木齐高一分班考试卷英语,1,1
乌鲁木齐高三检测,9,1
乌龟鲁木齐八一入学考试,1,1
乐凯中学,1,1
乐山,9,1
乐山2026年中考,1,1
乐山一调2026届,5,1
乐山七中分班考,2,1
乐山二调2026届,1,1
乐山八上物理,1,1
乐山夹江,8,1
乐山市2026中考数学,3,1
乐山市六年级下册,8,1
乐山市市中区2025年中考数学,3,1
乐山市高一下政治,1,1
乐山市高一下政治期末,2,1
乐山市高中政治,2,1
乐山期末,7,1
乐山高一下期末考试 政治2024—2025,1,1
乐山高一下期末考试 语文,1,1
乐山高中数学,1,1
乐平,3,1
乐平一中期中,16,1
乐平三中学,1,1
乐平中考物理,3,1
乐平九年级上册化学,6,1
乐平九年级中考模拟试卷,2,1
乐平九年级模拟试卷,3,1
乐平市七年级下册期末考试英语试卷,4,1
乐平市七年级期末考试英语试卷,1,1
乐平🀄️考模拟试卷,1,1
乐海,4,1
乐清知临中学,1,1
乐清知临学,1,1
乐清知临学校,1,1
乐清知学校,1,1
乐至中学,4,1
乐陵一中,1,1
乐陵一中开学考,2,1
乐陵实验中学,1,1
乐陵实验中学 收心,1,1
乐陵开元中学,2,1
乐陵期末考试数学,5,1
乐陵第一中学返校考,13,1
乐陵阜昌月考,1,1
乘法公式计算题,1,1
乘法公式计算题练习,2,1
乘法公式计算题练习高一衔接,2,1
乘法公式计算题高一衔接,3,1
乘法分配律 9 种题型,10,1
乘法分配律逆用,2,1
乘法分配律逆用计算题,1,1
乘除法,7,1
乘除法 计算,1,1
乘除法 计算 人教,11,1
乘除法 计算 人教.,1,1
乘除法计算,1,1
九,2,1
九 师 202 6 九师联盟,1,1
九 师 202 6 九师联盟高三英语第7次质量检测,3,1
九 年级,3,1
九上 二次函数练习题,2,1
九上 化学期中,2,1
九上 物理,3,1
九上 第1章 一元二次方程赵县卷,2,1
九上 第1章 一元二次方程题,1,1
九上 第1章 二次函数试卷合肥,27,1
九上三角形,1,1
九上三角形北师大,3,1
九上五三,1,1
九上人教版化学,1,1
九上人教版第25章2元一次方程单元测试,2,1
九上人教版第25章2元一次方程单元测试卷,2,1
九上人教版英语阅读,6,1
九上人教版英语阅读专项,3,1
九上仁爱版英语第1单元短语大全,7,1
九上公益中学,15,1
九上农安一中期中考试卷数学,5,1
九上包河区期中试卷,1,1
九上包河区期中试卷数学,2,1
九上化学,2,1
九上化学实验探究专题,7,1
九上化学期末,12,1
九上化学期末卷,4,1
九上化学期末知识点总结,7,1
九上化学期末知识点总结人教版,13,1
九上化学科普版试卷,8,1
九上化学第一单元,11,1
九上化学第一单元知识点总结人教版,2,1
九上化学预习第1单元,3,1
九上化学鲁教版,1,1
九上北京数学期中考试,31,1
九上北京期中考试,2,1
九上北师大数学,6,1
九上北师大数学2.4,1,1
九上北师大数学一元二次方程,9,1
九上十月化学月考,2,1
九上历史 第一二单元质量检测 45分钟 满分50分 人类起源纪录片,3,1
九上历史导学案,6,1
九上历史期中,3,1
九上历史期末,6,1
九上历史知识点,7,1
九上历史第一单元,4,1
九上历史第一单元选择练习,3,1
九上历史部编版第一二单元质量检测,11,1
九上历史重点知识点填空,2,1
九上历史问答版,6,1
九上圆相关内容,2,1
九上在学月考,9,1
九上天府新区,15,1
九上开学测,3,1
九上开学测一六一分,12,1
九上开学考,16,1
九上开学考试卷,1,1
九上开学考试卷长沙,2,1
九上循环记忆,3,1
九上政治2026知识点汇总,2,1
九上政治人教版,1,1
九上政治人教版知识点新教材,3,1
九上政治新教材大题,4,1
九上教材,10,1
九上教材电子版,3,1
九上数学,2,1
九上数学二十九章测试卷,4,1
九上数学二十九章测试卷天津专用,2,1
九上数学二次函数 专题练,16,1
九上数学二次根式,5,1
九上数学人教版切线,3,1
九上数学人教版切线长定理预习,1,1
九上数学人教版切线预习,3,1
九上数学人教版弧长与扇形面积,1,1
九上数学北师大版,9,1
九上数学北师大版相似图形,4,1
九上数学北师大版第1章,3,1
九上数学圆书,1,1
九上数学广东期末考,1,1
九上数学必刷题,16,1
九上数学旋转,5,1
九上数学月考第一次,1,1
九上数学月考第一次 东莞,1,1
九上数学期中考试人教版,5,1
九上数学期中遂宁,1,1
九上数学期末海淀,6,1
九上数学课本电子版,18,1
九上数学青岛版一元二次方程基础过关试卷,16,1
九上新版带笔记的书,2,1
九上新版带笔记的书人教版,6,1
九上旋转,9,1
九上最新版道法第一单元必背内容,3,1
九上月考,1,1
九上月考数学,1,1
九上期中化学龙海,2,1
九上期中历史,6,1
九上期中数学,15,1
九上期中测试化学期中卷,2,1
九上期中测试化学期中卷部分区域天津市,9,1
九上期中测试物理期中卷儿,13,1
九上期中物理,5,1
九上期中物理龙海,10,1
九上期中英语试卷,9,1
九上期中语文,4,1
九上期初辽宁沈阳,15,1
九上期末历史,3,1
九上期末数学卷子,7,1
九上期末物理卷,14,1
九上期末考,12,1
九上期末试卷数学,36,1
九上期末语文,3,1
九上沂水期末考试,2,1
九上沪教版化学第一次月考,6,1
九上沪粤版物理期中试卷,15,1
九上物理专题,3,1
九上物理串联和并联,5,1
九上物理书,2,1
九上物理人教版第十四章单元测试卷,1,1
九上物理全册知识点人教版,1,1
九上物理单元测试,1,1
九上物理变阻器,7,1
九上物理变阻器八分钟小测,6,1
九上物理变阻器小测,6,1
九上物理月考,2,1
九上物理期中小题狂做单元检测卷,1,1
九上物理期中济南,15,1
九上物理期中遂宁,3,1
九上物理电学专项练习,4,1
九上物理电路图,11,1
九上物理第一单元卷子,3,1
九上物理第一单元卷子内能,1,1
九上物理练习册,9,1
九上物理苏科版,7,1
九上物理苏科版必刷题,1,1
九上物理课时练,1,1
九上物理课本,1,1
九上相似三角形作业本答案,5,1
九上福州数学期中考,1,1
九上福州英语,1,1
九上福建语文,24,1
九上科学专题辅导,3,1
九上科学专题辅导一,1,1
九上科学第一章,7,1
九上科学第一章酸碱盐,6,1
九上竞赛,5,1
九上竞赛数学题,5,1
九上第3单元人教版化学,5,1
九上第一单元道德与法治,1,1
九上第一次月考数学,1,1
九上苏科版数学第一次月考,8,1
九上苏科版物理期中月考,1,1
九上苏科版物理期中考试,3,1
九上苏科版物理第一次月考,9,1
九上英语 Unit1 Section A 汉译单词 词形变换 课文回顾填空,10,1
九上英语 南京外国语,3,1
九上英语不规则 动词表过去式与过去分词,5,1
九上英语人教版,2,1
九上英语人教版2026单词表前四单元,6,1
九上英语人教版单词表,3,1
九上英语人教版电子书,2,1
九上英语元调武汉,3,1
九上英语开学学情自测,3,1
九上英语开学学情自测全国通用,4,1
九上英语开学学情自测新疆专用,3,1
九上英语期末武汉,1,1
九上英语第一次月考,1,1
九上英语第二单元测试,5,1
九上英语自测,1,1
九上英语译林版1-8单词,1,1
九上英语译林版1-8单词默写,2,1
九上英语译林版首字母填空新教材,5,1
九上英语试卷,11,1
九上计算题,1,1
九上诗词曲五首,3,1
九上语文,5,1
九上语文2026期末,6,1
九上语文2027期末,1,1
九上语文书电子版,4,1
九上语文古诗文电子版,1,1
九上语文必背古诗文和文言文,3,1
九上语文月考,1,1
九上语文期中考,19,1
九上语文期中考试,4,1
九上语文期中遂宁,2,1
九上语文期末试卷,7,1
九上语文电子版,2,1
九上语文课本,1,1
九上选择题专项,3,1
九上道德与法治,1,1
九上道德与法治单元卷,5,1
九上道法第一单元,4,1
九上道法第一单元大题,1,1
九上马鞍山东方实验数学期末,1,1
九下 第5章 二次函数,3,1
九下化学方程式配平,4,1
九下数学,6,1
九下数学人教江西期末,3,1
九下数学同步,1,1
九下数学学霸,1,1
九下数学沪科版讲义,6,1
九下期中语文,3,1
九下沪粤版物理题,3,1
九下物理,1,1
九下物理人教版,5,1
九下英语,48,1
九下语文必背古诗词,1,1
九下语文必背课文,1,1
九中20252026三颗争霸赛,2,1
九中期中,1,1
九十中学,1,1
九十六,5,1
九台,2,1
九台七下,4,1
九寨沟,1,1
九寨沟县七一南坪中学语文真题,3,1
九寨沟县语文真题,1,1
九师,1,1
九师联盟2025‑2026学年下学期高二年级期末质量检测（江西A卷）,10,1
九师联盟2025‑2026学年高三上学期9月开学考试 数学,3,1
九师联盟2025届高三上学期9月质量检测 巩固卷G 全科,8,1
九师联盟2025年高三单元定向检测卷英语二,4,1
九师联盟2026高三上开学考数学,2,1
九师联盟5月,1,1
九师联考,42,1
九年级 上册 道德与法治2026必背知识点归纳,17,1
九年级 化学,8,1
九年级 物理,7,1
九年级9月份开学考试试卷,1,1
九年级一元二次方程,3,1
九年级一元二次方程计算,3,1
九年级三角函数,9,1
九年级上 数学,4,1
九年级上人教版单元单词表汉意,2,1
九年级上册10月月考,1,1
九年级上册一元二次方程试卷,8,1
九年级上册二次函数压轴题,1,1
九年级上册人教版二次函数讲义,5,1
九年级上册人教版化学,6,1
九年级上册人教版英语,4,1
九年级上册仁爱版新版英语,1,1
九年级上册冀教版,11,1
九年级上册冀教版同步,4,1
九年级上册冀教版同步 教材,9,1
九年级上册冀教版数学电子课本,1,1
九年级上册冀教版英语unit1复习,9,1
九年级上册冀教版英语完型填空,5,1
九年级上册冀教版英语阅读理解,3,1
九年级上册册第二单元测试卷数学,2,1
九年级上册几何,3,1
九年级上册几何大题证明,2,1
九年级上册化学 深圳专用,1,1
九年级上册化学人教版,2,1
九年级上册化学人教版第一单元,2,1
九年级上册化学人教版第三单元,1,1
九年级上册化学佛山市禅城区2026期末考试,3,1
九年级上册化学实验专题,12,1
九年级上册化学方程式计算,19,1
九年级上册化学方程式，化学式,3,1
九年级上册化学期中,9,1
九年级上册化学期末,1,1
九年级上册化学物质的变化与性质,6,1
九年级上册化学第1单元,1,1
九年级上册化学第一单元,3,1
九年级上册化学第一次月考试卷,5,1
九年级上册北师大版。数学相似三角形。,8,1
九年级上册历史2026年新版,4,1
九年级上册历史课本,6,1
九年级上册名师课堂新课标陕西专版历史，电子版,6,1
九年级上册名校课堂试卷,1,1
九年级上册名校课堂试卷物理,3,1
九年级上册圆,1,1
九年级上册完形填空,1,1
九年级上册完形填空 人教版,2,1
九年级上册完形填空30篇加答案,11,1
九年级上册开学考,5,1
九年级上册开学考试,4,1
九年级上册开校考,2,1
九年级上册数学,1,1
九年级上册数学10月月考,22,1
九年级上册数学一元二次方程测试试卷,6,1
九年级上册数学一元二次方程练习题,7,1
九年级上册数学上海科学技术出版社第23章解直角三角形解直角三角形及其应用,1,1
九年级上册数学上海科学技术出版社第23章解直角三角形解直角三角形及其应用课件,3,1
九年级上册数学书,9,1
九年级上册数学二次函数试卷,25,1
九年级上册数学二次根式试卷,7,1
九年级上册数学反比例函数练习卷,3,1
九年级上册数学开学考,7,1
九年级上册数学沪科版,2,1
九年级上册数学沪科版第一次月考测试卷,6,1
九年级上册数学沪科版第三次次月考测试卷,4,1
九年级上册数学沪科版第二次月考测试卷,16,1
九年级上册数学沪科版第次月考测试卷,1,1
九年级上册数学第1单元一元二次方程单元检测题,6,1
九年级上册数学第一次月考试卷,6,1
九年级上册数学第一章检测卷,1,1
九年级上册数学第一章讲解,2,1
九年级上册数学苏教版反比例函数练习卷,1,1
九年级上册期中数学学业测试卷（北师大）2025~2026,28,1
九年级上册期中测试卷,8,1
九年级上册期中考试卷和平部分物理,9,1
九年级上册物理,1,1
九年级上册物理人教版,3,1
九年级上册物理人教版期中,2,1
九年级上册物理人教版电学,1,1
九年级上册物理人教版第一单元,3,1
九年级上册物理人教版第一单元单元,3,1
九年级上册物理人教版第三单元,1,1
九年级上册物理人教版第二单元单元,1,1
九年级上册物理人教版第四单元,1,1
九年级上册物理杠杆,3,1
九年级上册物理杠杆相关练习题,3,1
九年级上册物理沪科版,2,1
九年级上册物理沪粤版第一次月考测试卷,22,1
九年级上册物理电路图练习题,1,1
九年级上册物理第一次月考,6,1
九年级上册物理第一次月考试卷,3,1
九年级上册科学第一章试卷,1,1
九年级上册第1单元测试卷,1,1
九年级上册第一单元测试卷数学,2,1
九年级上册第一单元语文测试卷,2,1
九年级上册第一次月考,4,1
九年级上册第二单元测试卷数学,6,1
九年级上册英语东湖高新区,1,1
九年级上册英语东湖高新区元调,4,1
九年级上册英语东湖高新区期末,2,1
九年级上册英语单词,3,1
九年级上册英语单词仁爱版,3,1
九年级上册英语单词表最新版,1,1
九年级上册英语单词表译林版,12,1
九年级上册英语知识清单,11,1
九年级上册英语短语,3,1
九年级上册英语译林书,1,1
九年级上册英语译林版,1,1
九年级上册英语译林版书本,3,1
九年级上册语文东湖高新区,1,1
九年级上册语文东湖高新区元调,1,1
九年级上册语文书,2,1
九年级上册语文期中丰县2025~2026。,1,1
九年级上册语文期中丰县。,4,1
九年级上册语文第一单元测试卷,1,1
九年级上册道德与法治第一课课件,1,1
九年级上册道法思维导图,4,1
九年级上册道法知识点总结,8,1
九年级上化学期末,1,1
九年级上学期化学,10,1
九年级上学期化学第一次月考,10,1
九年级上学期开,3,1
九年级上学期第一次数学阶段学情自测,27,1
九年级上学期第一次数学阶段学情自测沪科版,16,1
九年级上学期英语新课开学标,2,1
九年级上学期英语新课标,7,1
九年级上数学开学考,3,1
九年级上期中,12,1
九年级上期中 上海,26,1
九年级上物理开学考,3,1
九年级上特殊的平行四边形复习课件,2,1
九年级上英语第一次月考,4,1
九年级上语文书,1,1
九年级下册人教版数学,1,1
九年级下册北师大版,2,1
九年级下册数学反比例函数练习题,6,1
九年级下册物理第十八章电功率知识点,2,1
九年级下学期期末,2,1
九年级中考试物理五四,3,1
九年级临夏回族自治州数学中考真题,3,1
九年级二次函数与代数结合题,1,1
九年级人教版2026政治知识点,1,1
九年级人教版英语,10,1
九年级人教英语课件,3,1
九年级作文,2,1
九年级作文英语,2,1
九年级入学摸底卷,13,1
九年级全一册数学练习册学霸翰庭课堂本电子版,7,1
九年级全品作业本,2,1
九年级化学,1,1
九年级化学上期末,3,1
九年级化学中考模拟试题,1,1
九年级化学人教版网课,2,1
九年级化学实验专题,3,1
九年级化学月考鞍山,9,1
九年级化学的期中考试,3,1
九年级化学竞赛,1,1
九年级化学第一次月考九上,14,1
九年级化学背诵每天,1,1
九年级北大师版数学课件,2,1
九年级历史重点知识填空,12,1
九年级古诗文默写,4,1
九年级圆单元测试卷,8,1
九年级地理,1,1
九年级奥林匹克数学竞赛,6,1
九年级安徽中考函数压轴题,3,1
九年级宾语从句练习,3,1
九年级开学考试,12,1
九年级数学一元二次方程,1,1
九年级数学上学期第二次月考培优卷,1,1
九年级数学上学期第二次月考培优卷华东师范,7,1
九年级数学上学期第二次月考培优卷华东师范二次根式二次函数,1,1
九年级数学专项练习,18,1
九年级数学二次函数与代数结合压轴题,19,1
九年级数学二次函数与代数结合题,10,1
九年级数学入学考,7,1
九年级数学培优讲义,3,1
九年级数学模考题陕西,6,1
九年级数学特殊平行四边形最值问题,8,1
九年级数学自招讲义,1,1
九年级数学高分突破,3,1
九年级暑假,22,1
九年级期中考试五四,1,1
九年级期中考试数学五四,3,1
九年级期中考试物理五四,1,1
九年级期末,1,1
九年级物理,3,1
九年级物理 局部短路 开关通断电路识别,3,1
九年级物理上册名校课堂试卷,1,1
九年级物理月考卷,1,1
九年级物理期末,4,1
九年级物理沪科版,1,1
九年级物理竞赛,6,1
九年级物理鞍山,1,1
九年级物理鞍山月考,4,1
九年级现代文阅读,3,1
九年级科学卷,3,1
九年级第一单元知识点,2,1
九年级第一次月考卷,1,1
九年级第一次月考卷数学,1,1
九年级英语2026开学,12,1
九年级英语单词,9,1
九年级英语单词U7,1,1
九年级英语单词U7跟读,8,1
九年级英语单词表,4,1
九年级英语状语从句,3,1
九年级英语生词表,2,1
九年级英语第二次月考,15,1
九年级英语词分类,8,1
九年级英语阅读新题型,1,1
九年级英语阅读理解,2,1
九年级词汇循环单,3,1
九年级词汇循环单人教版,1,1
九年级词汇循环单新人教版,2,1
九年级语文上册的作文,2,1
九年级语文上册辽宁月考卷,1,1
九年级语文作文,1,1
九年级道法课本,1,1
九年级阶段性教学诊断化学,4,1
九年级（上）物理期末,1,1
九年级（上）物理期末陕西省商洛市,7,1
九月份,4,1
九月份开学考试,9,1
九月南通,8,1
九月名校联盟,3,1
九月摸底,2,1
九月物理,1,1
九月联考辽宁,1,1
九月调考,3,1
九校,14,1
九校联盟,1,1
九校联盟2025级高一期末试,23,1
九校联盟高三,3,1
九校联盟高二期末考试,9,1
九江,2,1
九江2019-2020八下期末,16,1
九江2020-2021九上期末,51,1
九江六中开学考,5,1
九江十校联考,2,1
九江十校联考数学,1,1
九江十校联考数学高三,3,1
九江市 2025 2026 学年度下学期期末考试七年级,5,1
九江市2017至2018学年度下学期期末考试试卷，8年级数学的。,20,1
九江市2017至2018学年度下学期期末考试试卷，8年级物理的。,22,1
九江市2020-2021学年度上学期期中试卷,1,1
九江市2020-2021期中试卷,8,1
九江市同文中学,5,1
九江市外国语学校,2,1
九江市外国语学校物理,3,1
九江市第三中学,3,1
九章算术,3,1
九调武汉,20,1
九龙坡2025 2026区卷,8,1
九龙坡八下期末试卷,7,1
九龙坡指标到校,3,1
乞丐妹,1,1
习教材学知识练习题讲典例全等三角形的判定八年级上册华师大版,12,1
习水县一中,1,1
习水县一中高一数学,4,1
习水县第一中高一数学,2,1
习近平谈治国理政,1,1
乡土中国 02026 一轮复习ppt,9,1
乡土中国 练习题高一,5,1
乡土中国.差序格局,1,1
乡土中国读后感,10,1
乡土中国阅读,1,1
乡土中国阅读题,6,1
乡村治理取得的成效,3,1
书后课后题,1,1
书评读后感,3,1
乳山一中高一语文考试卷,5,1
乳山市第二中学高一开学考,1,1
乳山高一数学,4,1
乳山高一语文考试卷,1,1
乾安县七中,17,1
二 元一次方程100道典型例题,1,1
二 元一次方程100道计算,2,1
二 元一次方程组100道计算,2,1
二 次函数,1,1
二 次函数冀教版,1,1
二〇二七届,1,1
二〇二七届高中语文,1,1
二〇二七届高中语文毕业班摸底检测,1,1
二三年新高考一卷数学,1,1
二中分,1,1
二中教育集团,19,1
二中月考,2,1
二中西,1,1
二中集团,6,1
二五年河北政治真题,1,1
二五年高考河北政治真题,1,1
二元 一次方程组应用题大题专题,7,1
二元一次,9,1
二元一次人教,1,1
二元一次方程,8,1
二元一次方程应用,2,1
二元一次方程组 计算题 或 一元一次不等式组 解不等式,3,1
二元一次方程组100道计算,6,1
二元一次方程组计算题,1,1
二元一次方程配方法,6,1
二六届t8联考英语,1,1
二力平衡,3,1
二十中学,2,1
二十九中高二上9月月考,1,1
二十六中,1,1
二十四,1,1
二十四中9月开学考,1,1
二十四中学2025-2026,1,1
二十四中期中一考试,3,1
二升三暑假衔接闽教版英语,2,1
二南,1,1
二南开,5,1
二卷数学,1,1
二卷英语,4,1
二卷语文,2,1
二四年全国甲卷数学答案,3,1
二四年高考考全国甲卷英语,4,1
二实学校,1,1
二年级上册数学人教版期中,4,1
二年级上册语文,1,1
二年级上册语文人教版期中,9,1
二年级上册语文第一单元,3,1
二年级上册语文第一单元试卷,1,1
二年级下册人教版数学,1,1
二年级下册口算,1,1
二年级下册口算 人教,1,1
二年级下册数学,8,1
二年级下册数学北师大版,1,1
二年级下册数学遵化市期末试卷2025-2026,3,1
二年级奥数面积,2,1
二年级数学,5,1
二年级数学练习,1,1
二年级数学计算练习,1,1
二年级第一单元册试卷,1,1
二年级第三单元语文园地,10,1
二年级英语,2,1
二年级语文上册第一单元试卷,1,1
二年级阅读理解,3,1
二年级除法,3,1
二本,1,1
二检数学,20,1
二模历史24年黄浦,11,1
二模物理,4,1
二次,1,1
二次 函数 01一轮 专题中考,4,1
二次 函数 025 一轮 人教版,2,1
二次 函数人教版,2,1
二次 函数冀教版,6,1
二次 根式人教,1,1
二次函数 动轴定区间 定轴动区间 最值  👉 一份讲义同时包含两类，适合一次性巩固,8,1
二次函数 压轴题 八大题型,3,1
二次函数 练习题,1,1
二次函数与不等式,1,1
二次函数与代数结合题,1,1
二次函数与实际问题九大题型整理,1,1
二次函数与实际问题题型整理,6,1
二次函数专项,13,1
二次函数专项训练九年级,13,1
二次函数专项训练湖南,5,1
二次函数专项训练湖南九上,1,1
二次函数专题人教版,5,1
二次函数中考,1,1
二次函数九年级,1,1
二次函数人教版,1,1
二次函数人教版总预习,1,1
二次函数人教版预习,3,1
二次函数人教版预习练习题,2,1
二次函数代数推理,3,1
二次函数八下,1,1
二次函数冀教版,2,1
二次函数几何,3,1
二次函数北师大版视频,6,1
二次函数区间,3,1
二次函数区间最值问题,2,1
二次函数单元检测,1,1
二次函数单元检测数学九年级上册,9,1
二次函数卷子,1,1
二次函数压轴题 练习题,3,1
二次函数压轴题专项训练,5,1
二次函数压轴题试卷,1,1
二次函数取值范围,6,1
二次函数周长线段长最值,4,1
二次函数和一元二次方程,1,1
二次函数图像,1,1
二次函数图像和性质,8,1
二次函数基本,1,1
二次函数基础,3,1
二次函数学案,7,1
二次函数学案人教版,3,1
二次函数定点定值,4,1
二次函数定轴动区间,3,1
二次函数实际问题,2,1
二次函数应用题实际问题,4,1
二次函数提升,4,1
二次函数提升训练,6,1
二次函数教案,3,1
二次函数最值问题,9,1
二次函数最值问题专题,4,1
二次函数沪教版预习练习题,2,1
二次函数测试卷上海,5,1
二次函数浙教版,4,1
二次函数的图象与性质,6,1
二次函数的计算,1,1
二次函数知识点,6,1
二次函数知识点人教版,2,1
二次函数第一讲,7,1
二次函数经典50问,10,1
二次函数综合大题,4,1
二次函数网课,3,1
二次函数表达式求法,4,1
二次函数计算题,1,1
二次函数计算题 初三,1,1
二次函数计算题 数学,4,1
二次函数选填压轴,7,1
二次函数难题,1,1
二次函数难题提升,6,1
二次函数集合,1,1
二次对合,1,1
二次方程,8,1
二次方程专项,3,1
二次根式单元测试,3,1
二次根式复习,3,1
二次根式天津,3,1
二次根式计算,3,1
二次根式计算题,1,1
二次根式计算题5,4,1
二次涵数方程预习,3,1
二次项系数含参,1,1
二氧化碳的实验室制取,1,1
二氧化碳的实验室制法,3,1
二氧化碳的性质与用途,5,1
二泉中学,2,1
二研版2025年大连市中山区七年级期末考试题,1,1
二级公式,2,1
二级结论 高考数学,3,1
二级结论 高考数学切线,2,1
二诊物理,2,1
二调,2,1
二轮复习,1,1
二道区期末,2,1
二零二三年镇江市中考,2,1
二零二三级高三年级上学期第五次质量检测,1,1
二零二五到二零二流学年淄博市展点七物理九年级上册期中试卷,1,1
二零二五南京中考,2,1
二零二五学年第二学期期末教学质量检,1,1
二零二五年 杭州上城区二模,3,1
二零二五年 杭州二模语文,3,1
二零二五年 苏州工业园区一模,2,1
二零二五年 苏州市高新区一模,3,1
二零二五年 高考语文真题新课标 全国一卷,5,1
二零二五年分班考试初中真题,1,1
二零二五年南京中考,3,1
二零二五年南京市秦淮区一模,2,1
二零二五年南京联合体二模,2,1
二零二五年南京联合体二模语文,4,1
二零二五年无锡中考,4,1
二零二五年杭州二模,1,1
二零二五年杭州二模语文,2,1
二零二五年杭州市西湖区一模中考试题,6,1
二零二五年江苏省镇江市中考数学试卷,3,1
二零二五年浙江宁波名校共同体语文,1,1
二零二五年浙江绍兴三模,1,1
二零二五年浙江绍兴三模语文,2,1
二零二五年镇江中考,4,1
二零二五新高考全国二卷,3,1
二零二五新高考全国二卷陕青,1,1
二零二六山东省实验中学高一上学期中物理考试,4,1
二零二六年 普通高等学校招生 全国统一考试 全国二卷语文试题,8,1
二零二六年北京市房山区三年级考卷,5,1
二零二四 江苏扬州二模,2,1
二零二四到二零二五年莆田九中高一上学期第一次月考月考试卷物理试,1,1
二零二四年 江苏宿迁中考,2,1
二零二四年 浙江省湖州市无兴区中考二模语文试卷,2,1
二零二四年一月普通高等学校招生全国统一考试,4,1
二零二四年宁波象山二模,1,1
二零二四年浙江杭州,1,1
二零二四年浙江杭州西湖区中考二模,4,1
二零二四年温州市中考一模,3,1
二零二四扬州数人学校一模语文,4,1
二零四至二零。滨海新区，其中,1,1
二面角 线面角专题练习,8,1
二面角 线面角专题联系,1,1
二面角 线面角练习,4,1
二面角线面角,3,1
二面角线面角练习,1,1
二项式分布,5,1
二项式定理一轮复习,16,1
二高,1,1
二，四川绵竹中学2023级高考试验性测试英语,2,1
于洪区沈师二校七上,1,1
于都八年级英语期中测试试卷,2,1
云南2025中考卷,2,1
云南2026中考,3,1
云南2026高考,1,1
云南丽江数学高中学业水平考试,5,1
云南会考知识手册,3,1
云南保山2026期中,1,1
云南保山2026期末高二,11,1
云南保山2026期末高二云师,2,1
云南保山一中化学高一下期末,6,1
云南保山一中数学高一下期末,13,1
云南保山一中数学高二上开学考学考,4,1
云南保山一中物理高一下期末,7,1
云南保山一中生物高一下期末,6,1
云南保山一中英语高一下期末,5,1
云南八年级上学期期中,2,1
云南八年级上学期期末,2,1
云南六年级上学期期末,2,1
云南六年级上学期阶段检测,2,1
云南六年级下学期期末,3,1
云南历史高考真题,2,1
云南地区7升八暑假收心考,7,1
云南地区7升八暑假收心考人教版人教版,22,1
云南地理中考试卷真题,1,1
云南地理会考试卷2026年1月,1,1
云南地理会考试卷2026年7月,1,1
云南大学,1,1
云南大学附属星耀高中,1,1
云南大学附属星耀高中数学高三数学,3,1
云南大学附属星耀高中数学高三数学上学期,2,1
云南学考,2,1
云南宣威六中生物,4,1
云南宣威六中高三生物,12,1
云南富源一个,1,1
云南富源一中生物,4,1
云南富源六中高三生物,4,1
云南富源县高三生物,4,1
云南富源高中,5,1
云南师,3,1
云南师大附中2025～2026学年上学期期中考高二生物,1,1
云南师大附中2027届高二上学期期中考生物试卷,2,1
云南师大附中呈贡学校高考适应性月考卷（八） 物理,5,1
云南师大附中物理,5,1
云南师大附中高一上学期数学期中考试试卷,2,1
云南师范大学,22,1
云南师范大学附属中学 2024 2025上 七年级 期中试卷数学,1,1
云南师范大学附属中学 2024 2025学年高一下学期物理,3,1
云南师范大学附属中学 2024 2025学年高一下学期物理期末,1,1
云南师范大学附属中学 2024 2025学年高一下学期物理期末模拟试题,1,1
云南师范大学附属中学2025-2026高三上学期期中数学,3,1
云南师范大学附属中学2025~2026学年高三上学期适应性历史月考,4,1
云南师范大学附属中学2025~2026学年高三上学期适应性历史月考历史试卷2考,2,1
云南师范大学附属中学2025~2026学年高三上学期适应性月考,1,1
云南师范大学附属中学高三适应性考试,14,1
云南师范大学附属中学高三适应性考试6,3,1
云南政治高考真题,2,1
云南数学高中学业水平考试2026,1,1
云南文山州2025-2026学年高一下学期学业质量检测数学试题,2,1
云南昆明三中高二下期中,5,1
云南昆明市2025-2026学年高一下学期期末质量检测数学试题,4,1
云南昆明市2025-2026学年高一下学期期末质量检测物理试题,4,1
云南昆明市统测高一数学,7,1
云南昆明第三中学高二下期中,2,1
云南昆明高一市统测,10,1
云南昆明高二市统测,17,1
云南曲靖会泽县2025-2026学年七年级下册期末检测,2,1
云南曲靖富源,2,1
云南曲靖富源生物,2,1
云南曲靖富源高三,5,1
云南曲靖富源高三生物,1,1
云南曲靖市陆良县2025-2026学年高二下学期期末检测数学试题,10,1
云南期末八年级下,40,1
云南民族大学,1,1
云南民族大学附属中学2022-2023学年秋季学期10月月考高二英语试卷,5,1
云南玉溪八中开学考物理试卷,11,1
云南生物,3,1
云南省,1,1
云南省2025中考试卷,5,1
云南省2026中考试卷,9,1
云南省2026学年普通高中学业水平选择,1,1
云南省2026届历史高考真题,1,1
云南省2026年普通高中学业水平选择性考试,5,1
云南省2026年普通高中学业水平选择性考试物理,6,1
云南省2026普通高中学业水平选择性考试,20,1
云南省䒢旺中学,1,1
云南省三年级英语试卷,1,1
云南省临沧市,1,1
云南省临沧市凤庆县第一中学,3,1
云南省保山市2025-2026学年春季学期期末质量监测高二物理试卷,3,1
云南省文山州2026年高三模考语文试卷,1,1
云南省文山州广南县八年级上册物理第五中学 试卷,9,1
云南省新高考自主命题冲刺金卷,6,1
云南省昆一中2024-2025年度下学期期中考高一英语,3,1
云南省昆明市,4,1
云南省昆明市 2025 2026 学年下学期化学统测,2,1
云南省昆明市2025-2026,1,1
云南省昆明市东川区2025-2026,2,1
云南省昆明市云南师范大学附属中学 2024 2025学年高一下学期物理期末模拟试题,1,1
云南省昆明市云南师范大学附属中学等学校2025-2026学年 高三上学期第6次联考生物试题,4,1
云南省昆明市呈贡区2026年八年级下学期期末数学试题,1,1
云南省昆明市昆明理工大学附属中学小升初入学考试,4,1
云南省昆明市第三中学2025-2026学年下学期七年级 期末考试数学试卷,1,1
云南省昆明市西山区华东师范大学昆明实验学校八年级上册开学摸底考试,4,1
云南省昆明市高一市统测,3,1
云南省昆明是西山区华东师范大学昆明实验学校八年级上册开学摸底考试数学,15,1
云南省曲靖䒢旺中学,4,1
云南省曲靖市会泽县,8,1
云南省曲靖茚旺中学,1,1
云南省楚雄彝族自治州2025~2026学年八年级下学期期末,11,1
云南省洱源县见面考,7,1
云南省洱源县高平高中㇏见面考,1,1
云南省玉溪市2025~2026下学期期末七年级历史,5,1
云南省美美与共联考,1,1
云南省西双版纳州景洪市第一中学2025年小升初入学考试分班考真题,1,1
云南省迪庆州香格里拉市中学,1,1
云南省高中学业水平合格考试,1,1
云南省高考真题,6,1
云南红河州哈尼族彝族自治州2025-2026学年高一下学期期末学业水平质量检测,4,1
云南联考,3,1
云南语文,1,1
云南语文三年级下学期免费下载,6,1
云南高一上学期期中,22,1
云南高一下学期期末,4,1
云南高一下学期期末化学,3,1
云南高一下学期期末数学,3,1
云南高一下学期期末生物,3,1
云南高一下学期期末英语,3,1
云南高一下学期期末语文,3,1
云南高一学期开学考试数学,8,1
云南高一学期数学试卷,4,1
云南高三下学期期末,2,1
云南高二上学期开学考试数学,5,1
云南高二学期开学考试数学,3,1
云南高二开学考试数学,1,1
云南高考,3,1
云南高考化学,1,1
云南高考生物,4,1
云南高考真题,4,1
云大附中八年级开学考,1,1
云岭引读者版语文红楼梦,1,1
云峰书院,1,1
云师大附中 2026 届高三高考适应性月考八,1,1
云浮市云城区2025年七年级上册期中考真题试卷,4,1
云浮市云城区伊顿实验学校真题试卷,17,1
五三,1,1
五三b版政治浙江,4,1
五三政治,4,1
五三高一下册数学疑难破电子版,1,1
五上人教版有趣的密铺练习题,7,1
五上人教版知识点,8,1
五上厦门市集美区期末考卷，2025至2026,3,1
五上数学期末测试卷山东临沂蒙阴,1,1
五上数学试卷,1,1
五上数学试卷奥数题,4,1
五上期末,9,1
五上期末数学,1,1
五上语文ppT,1,1
五上语文人教版第一单元基础测试题,1,1
五上语文期末试卷富阳区,3,1
五下兴化数学2026,7,1
五下数学期末试卷,1,1
五下期末,12,1
五下期末数学,1,1
五下科学,4,1
五下语文试卷,1,1
五个一,1,1
五中分班考,1,1
五代史伶官传序,8,1
五全,5,1
五十七中,1,1
五十中,5,1
五十五,3,1
五十五 开学考,1,1
五十五中学高三10月,1,1
五十八中高一英语月考,5,1
五升六,1,1
五升六 2026年暑假衔接数学,1,1
五升六 2026年暑假衔接数学 北师大,1,1
五升六 2026年暑假衔接数学应用题 北师大,1,1
五升六口算打卡,2,1
五华中英文,4,1
五华中英文学校,1,1
五华区2025 2026七年级数学,6,1
五华区2025年初一新生均衡分班测试,3,1
五华区2025年初一新生均衡分班测试英语,5,1
五华区分班考七年级,2,1
五华区分班考七年级长城中学,4,1
五华区新初一分班考,13,1
五华区物理期末考,1,1
五味李佗曾这样评价汪曾祺作品的语言把白话白到了家,4,1
五四制,21,1
五四制小升初试卷,3,1
五四制鲁教版六年级上册期中,10,1
五四制鲁教版六年级上册期中莱西,1,1
五四制鲁教版六年级上册期中莱西市,1,1
五四学制,4,1
五家中学试卷,2,1
五市一模卷子,1,1
五市一模卷子河南,3,1
五常六校,3,1
五常市,1,1
五常市尚志,1,1
五年一贯制,1,1
五年中考三年模拟,1,1
五年中考三年模拟2026,5,1
五年中考三年模拟初中数学八上2026秋,4,1
五年中考三年模拟初中数学试卷八上2026秋,1,1
五年中考三年模拟卷子化学,7,1
五年中考，三年模拟,2,1
五年真题生物基因自由组合,1,1
五年級 1 2 345单元数学试卷,2,1
五年级U2测试卷,3,1
五年级nuit2测试卷,4,1
五年级上册外研版英语,11,1
五年级上册小数乘除法试卷,4,1
五年级上册小梦同步作文，电子版第一单元语文,7,1
五年级上册数学期中考试卷,22,1
五年级上册数学期末,2,1
五年级上册数学期末考试,11,1
五年级上册数学河南开封,11,1
五年级上册数学第五单元测试卷,7,1
五年级上册科学书,2,1
五年级上册第一单元测试,19,1
五年级上册英语,3,1
五年级上册语文专项,4,1
五年级上册语文专项卷,7,1
五年级上册语文期末考试,1,1
五年级上册语文看拼音写词语专项,7,1
五年级上册语文词语专项,7,1
五年级上册语文阅读理解,11,1
五年级上第一单元,4,1
五年级上第一单元语文,6,1
五年级上第二单元语文,4,1
五年级上试卷,20,1
五年级上语文背诵内容,1,1
五年级上默写,6,1
五年级下,1,1
五年级下册,4,1
五年级下册找次品,4,1
五年级下册找次品课课练,12,1
五年级下册数学,1,1
五年级下册数学人教版,1,1
五年级下册数学人教版知识点,1,1
五年级下册数学期末卷安徽芜湖,3,1
五年级下册数学遵化市期末试卷2025-2026,3,1
五年级下册期中卷,18,1
五年级下册期中卷答案,2,1
五年级下册期末卷安徽芜湖,3,1
五年级下册期末试卷,6,1
五年级下册约分,26,1
五年级下册约分同分,1,1
五年级下册约分课课练,1,1
五年级下册英语MX期末考试试题,13,1
五年级下册英语卷子科普版,13,1
五年级下册通分,2,1
五年级下学期升学模考,1,1
五年级下学期升学模青岛五四版,10,1
五年级下学期期末,3,1
五年级下学期语文基础训练,1,1
五年级下学期阶段检测,6,1
五年级作文,3,1
五年级作文范文,4,1
五年级入学考,4,1
五年级北师大版阴影面积专项训练,14,1
五年级升六年级测试卷,3,1
五年级卷子数学北师大版卷子,7,1
五年级含未知数的方程,3,1
五年级含未知数的方程计算题,4,1
五年级奥数,4,1
五年级奥数各专题练习,1,1
五年级奥数测试,3,1
五年级小梦同步作文第一单,1,1
五年级小梦同步作文第一单语文,1,1
五年级数学，期中试卷,1,1
五年级期末,1,1
五年级竞赛题,3,1
五年级英语上册音频朗读,2,1
五年级语文阅读理解,1,1
五年高考三年模拟数学选择性必修一空间向量,1,1
五星学霸,10,1
五星学霸提优大试卷,1,1
五星学霸试卷,1,1
五月下学期期末数学测试高一下学期,1,1
五校协作体,8,1
五校联盟,14,1
五校联考天津,3,1
五校联考辽宁数学,6,1
五校高一数学,3,1
五河县,1,1
五河县八下数学,5,1
五调东湖高新区初中,1,1
五选五汇编,2,1
井冈山中学,3,1
井冈山市2025~2026学年度第二学期期末考试八年级数学试卷,4,1
井冈山市2025~2026学年度第二学期期末考试数学试卷,1,1
井陉县,6,1
井陉实验中学开学考,1,1
井陉矿区中学开学考,2,1
井陉矿区实验中学开学考,2,1
亚加达,3,1
亚洲物理奥林匹克竞赛,1,1
亚洲知识点,1,1
亚洲试题,3,1
亚洲试题高考一轮,1,1
交中,5,1
交大附中附属嘉定德富中学,13,1
交通大学,1,1
交通大学附属中学英语,3,1
亦庄人大附初三模拟考试,10,1
亦庄人大附初三考试,1,1
京华梅岭初一入学考,1,1
京广附密考,12,1
京源,1,1
亮剑数学,1,1
亲情犹如,1,1
亲情犹如一缕阳光,5,1
亳州市,43,1
亳州高一期末,3,1
人体与外界进行气体交换,1,1
人体生命活动的调节,4,1
人体稳态维持的生理基础,1,1
人和,6,1
人和小学,1,1
人和街,2,1
人和街小学,1,1
人大,1,1
人大附 2026,2,1
人大附中2024高三开学考,3,1
人大附中2026九上第一学期数学期末,1,1
人大附中20二七届高三暑假自主复习检测练习物理,1,1
人大附中初三上入学考试英语,2,1
人大附中初三上英语,1,1
人大附中初二上学期数学试卷,1,1
人大附中初二上学期试卷,13,1
人大附中初二下数学期末,7,1
人大附中数学中考二模,2,1
人大附中早培,1,1
人大附中本部2024高三生物考,4,1
人大附中海口,1,1
人大附中深圳学校,4,1
人大附中高一数学,1,1
人大附中高三上开学考语文,8,1
人大附中高三开学数学,1,1
人大附中高三开学测数学,2,1
人大附中高三开学测物理,7,1
人大附中高三开学考政治,7,1
人大附中高三开学考语文,4,1
人大附中高三暑假自主复习,3,1
人大附九上开学摸底考试卷,4,1
人大附九上开学物理摸底考试卷,2,1
人大附初三物理,20,1
人大附通州校区,4,1
人教3年级语文字词,10,1
人教A数学必修一期末,1,1
人教A数学必修一期末邯郸市,1,1
人教A版 2019 必修第一册数学 检测卷十二 综合卷,4,1
人教A版 2019 必修第二册数学 检测卷十二 综合卷,4,1
人教A版 必修第一册数学 检测卷十二 综合卷,1,1
人教A版 必修第一册数学 检测卷十二 综合卷浙江,2,1
人教A版必修一数学单元测试卷,7,1
人教A版必修第一册 单元测试卷 word打印版,1,1
人教A版数学选择性必修第一册 同步训练 课时练,6,1
人教A版选择性必修一 1.1.1空间向量及其线性运算 导学案,21,1
人教A版高一数学必修一基础题库,32,1
人教A版高中数学空间向量公式,1,1
人教A版（2019）必修第二册 检测卷十二（综合卷）,1,1
人教A版（2019）必修第二册数学 检测卷十二（综合卷）,4,1
人教B版,1,1
人教B版2019第三册本章小结复习题解析,5,1
人教a版必修一数学,3,1
人教a版必修一数学专题练习,5,1
人教a版选择性必修第一册答案,1,1
人教a版高一数学必修一,5,1
人教a版高一数学必修一专题,7,1
人教a版高二上圆锥曲线测试卷,13,1
人教pep英语教材,1,1
人教八上数必背,3,1
人教八上数必背知识点,2,1
人教八上物理第一单元检测,5,1
人教八年级上册语法填空 2026专项练习,3,1
人教八年级语法填空 2026专项练习,1,1
人教四下数字第一单元,4,1
人教四下数字第一单元广东,3,1
人教四下数学,1,1
人教四下数学倍数问题,4,1
人教四下数学倍的认识,1,1
人教四下数学单元卷,6,1
人教四下数学和差倍,3,1
人教数学,1,1
人教数学九年级,6,1
人教数学九年级月考,3,1
人教数学九年级第一次月考,7,1
人教数学四下,2,1
人教数学四下单元卷,4,1
人教数学四下单元卷广州大学,1,1
人教数学四下单元卷广州市,9,1
人教数学四下单元卷广州市3单元,1,1
人教板,1,1
人教版 02024七下物理期末考试试题,1,1
人教版 九年级上册 英语 字帖,5,1
人教版2019必修第二册数学12单元试卷,5,1
人教版2019必修第二册数学第七单元试卷,1,1
人教版2019必修第二册数学试卷,4,1
人教版2019必修第二册第七单元试卷,1,1
人教版2019物理必修第一册课后习题全套（学生版+解析）,8,1
人教版2019高中英语 必修1 Unit1 课文逐句语法解析,1,1
人教版2019高中英语mp3,5,1
人教版2019高中英语mp3单元,1,1
人教版2019高中英语单元Mp三下载,1,1
人教版2019高中英语单元mp3下载,1,1
人教版2019高中英语单元mp三下载,1,1
人教版2019高中英语课文听力,1,1
人教版2019高中英语课文听力音频,6,1
人教版2019高中英语选择性必修第一册 单元测试卷+全册综合卷,1,1
人教版7年级上册第一单元,3,1
人教版7年级上英语第二单元,4,1
人教版8年级上册物理,4,1
人教版9年级上册化学期中考试,3,1
人教版B数学,1,1
人教版七上月考,1,1
人教版七上月考数学,1,1
人教版七上英语,13,1
人教版七下数学应用题专项训练,8,1
人教版七年级上册同步练习题，一课一练,1,1
人教版七年级上册有理数混合运算100到,3,1
人教版七年级上册有理数计算题,1,1
人教版七年级上册期中试卷,9,1
人教版七年级下册甘肃省数学卷子,4,1
人教版七年级下册英语10套卷子免费,6,1
人教版七年级期末卷子,4,1
人教版三年级上,3,1
人教版三年级下册英语期末,3,1
人教版三角形,6,1
人教版专题011元二次方程,2,1
人教版专题水溶液中离子反应与平衡,4,1
人教版九上Unit6 Beyond Earth导学案（PDF电子学案）,5,1
人教版九上化学电子书,1,1
人教版九上英语书,1,1
人教版九年级上册单词表,1,1
人教版九年级上册单词默写,1,1
人教版九年级上册圆与点距离问题,1,1
人教版九年级上册英语重点笔记,4,1
人教版九年级单元试卷圆,4,1
人教版二元一次方程组,1,1
人教版五年级下册数学试卷,1,1
人教版代数式,1,1
人教版代数式相关练习,6,1
人教版优学1+1英语,2,1
人教版八上数学因式分解单元测试,5,1
人教版八上物理第一单元单元卷,6,1
人教版八上生物复习提纲,1,1
人教版八上的教材书上的答案。,2,1
人教版八上的教材书上的答案。 南台二中,1,1
人教版八上英语单词默写,26,1
人教版八上课本,2,1
人教版八年级上册数学三角形的判定试卷,3,1
人教版八年级上册数学计算题,6,1
人教版八年级上册数学计算题专练,1,1
人教版八年级上册物理期末试卷,1,1
人教版八年级上册英语听力,2,1
人教版八年级上册英语语法2单元,1,1
人教版八年级数学期中试卷,3,1
人教版八年级英语听力,3,1
人教版六年级上册数学思维题,10,1
人教版六年级上册数学思维题第一单元,3,1
人教版六年级上册数学思维题第三单元,3,1
人教版初一培优,4,1
人教版化学九年级上册第一单元知识点,4,1
人教版化学九年级上册第一单元知识点导图,4,1
人教版化学必修一导学案,4,1
人教版化学第三单元知识点,7,1
人教版化学选修一思维导图,1,1
人教版原电池,2,1
人教版哈尔滨历史期末卷子,6,1
人教版哈尔滨政治期末卷子,9,1
人教版四年级语文,1,1
人教版奥数题练习,5,1
人教版小学四年级语文,1,1
人教版小学四年级语文课本,1,1
人教版小学英语基础知识,2,1
人教版弱电解质的电离平衡,5,1
人教版必修一化学导学案,1,1
人教版必修一第二章章节测试物理,7,1
人教版必修一英语welcome unit练习卷,5,1
人教版必修三词汇练习题,1,1
人教版必修三词汇练习题英语,3,1
人教版必修上册课时基础同步练,7,1
人教版必修二化学教材答案,3,1
人教版教科书,7,1
人教版数学7年级上学期第一单元,5,1
人教版数学9上教材,1,1
人教版数学七年级上学期第一单元,6,1
人教版数学三上,6,1
人教版数学学情点评 随堂过关,1,1
人教版数学教材,1,1
人教版数学期末,1,1
人教版新初一分班模拟试卷,9,1
人教版新初一分班模拟试卷山西,5,1
人教版新初一分班考试语文,1,1
人教版新初一分班考试语文数学英语,1,1
人教版新敢材四年级上学期期中试题,2,1
人教版期末,4,1
人教版期末试卷,13,1
人教版物理九上,4,1
人教版物理九上第一单元,1,1
人教版物理八年级上册第一章,3,1
人教版物理八年级上册第一章测试卷,7,1
人教版物理必修三 9 10章测试,5,1
人教版物理必修三电子书,1,1
人教版物理必修第一册 导学案,6,1
人教版生物八年级下册同步练习题,11,1
人教版生物八年级下册练习题,4,1
人教版生物必修一,3,1
人教版生物提纲八上,1,1
人教版第一章单元卷,3,1
人教版红对勾语文必修四下册练习手册,3,1
人教版英语,1,1
人教版英语9上知识点,1,1
人教版英语九年级inspiring people练习题,3,1
人教版英语九年级上各单元知识点,3,1
人教版英语八下综合填空,1,1
人教版英语必修一课本,2,1
人教版英语选择性必修二单词词,9,1
人教版英语选择性必修二电子书,5,1
人教版英语选择性必修二词汇,2,1
人教版英语高中,1,1
人教版英语，小学，必背单词,3,1
人教版课本数学,1,1
人教版选修一英语,3,1
人教版选择性必修1,1,1
人教版选择性必修一第二章月考卷化学,2,1
人教版高一上 英语阅读理解2026专项练习,5,1
人教版高一必修一化学离子反应,4,1
人教版高一必修一英语拓展词汇,4,1
人教版高一数学必修一第一章知识梳理,5,1
人教版高一数学必修二综合试卷,5,1
人教版高中化学必修二化学反应与能量,1,1
人教版高中化学必修二化学反应与能量测试,3,1
人教版高中化学必修二第六章化学反应与能量,5,1
人教版高中化学必修二第六章化学反应与能量周测,1,1
人教版高中化学必修二第六章化学反应与能量测试,3,1
人教版高中化学选必一 第一章化学反应的热效应,4,1
人教版高中化学选必一 第一章化学反应速率与化学平衡,2,1
人教版高中化学选必一 第二章化学反应速率与化学平衡,2,1
人教版高中化学选必一化学反应原理专题考题猜想,4,1
人教版高中化学选必一化学反应原理第四章化学反应与电能,6,1
人教版高中化学选择性必修1化学反应原理,15,1
人教版高中化学选择性必修1化学反应原理专题考题猜想,5,1
人教版高中生物必修2遗传与进化第2章基因和染色体的关系,3,1
人教版高中生物必修2遗传与进化第一章遗传因子的发现,7,1
人教版高中词形转换,3,1
人教版高中语文课文整体感知,3,1
人教版高二化学交互动画PPT,1,1
人教版高二数学空间向量,1,1
人教英语9年级,1,1
人教英语9年级第一单元,1,1
人教英语短语汇总,3,1
人教高一下,2,1
人教高一下B,1,1
人民,1,1
人民中学,2,1
人民大学,41,1
人民小学,24,1
人民币兑换,2,1
人民教育出版社高中数学必修二试卷。,10,1
人民日报 2025金句励志ppt早读,2,1
人民日报金句,3,1
人物形象概括题,3,1
人物素材2026一例十用,3,1
人物通讯,3,1
人生殖科技的力量,2,1
人的正确思想是从哪里来的？语文,4,1
人称代词,6,1
人称代词专练,2,1
人臣无外交,2,1
什么比猎豹的速度更快,1,1
什邡市 实验小学,3,1
什邡市北京小学,3,1
什邡市外国语小学,3,1
仁和中学九年级上册化学,1,1
仁寿一中北校区,1,1
仁寿九上期末卷,10,1
仁寿南一中,2,1
仁怀一中分班考,6,1
仁爱数学八上期中,1,1
仁爱版七上英语,6,1
仁爱版七年级上册单词表,5,1
仁爱版八年级上册 单元单词表 默写版 docx,1,1
仁爱版八年级上册 单元单词音频,5,1
仁爱版英语九上单词表,1,1
仁爱科普版八年级上册第一二单元测试卷,1,1
仁爱科普版（2024）八年级上册英语期末复习：单词表每日背默小纸条(共27天),3,1
仁爱科普版（2024）八年级上册英语期末复习：单词表每日背默小纸条(共27天).docx / PDF,2,1
仁爱英语知识清单,40,1
仁爱英语词汇综合练,2,1
今年2026年广州市天河区8年级上册数学试卷期末考试,4,1
今年2026年广州市天河区8年级上册物理试卷期末考试,1,1
今年乙卷英语,1,1
介休一中2025届高三第一次调研测试物理,1,1
介休六年级,1,1
介休市,1,1
介休市五年级,1,1
介休市五年级上,2,1
介休市八年级上学期期中,9,1
介休市六年级上学期,1,1
介词专题导学案,8,1
从人地作用看自然灾害,3,1
从化,3,1
从句,8,1
从水系特征角度分析珠江洪灾频发的原因,1,1
从江二高,1,1
从江二高2025-2026,1,1
从江二高2025-2026暑假作业,6,1
从江县东朗中学,4,1
仓山区,10,1
仓山区2025 2026八年级仓山区统考历史,4,1
仓山区2025 2026八年级仓山区统考数学,1,1
他们那时多有趣,3,1
仙桃二中物理,3,1
仙桃市,3,1
仙桃市六年级下册期末数学,4,1
仙桃数学竞赛,2,1
仙桃高中分班考试,1,1
仙桃高中自主招生考试,3,1
仙桃高中预录班,2,1
仙桃高中，提前考预录卷,1,1
仙游一中高一数学,6,1
仙游一中高二英语,1,1
仙游县私立一中,1,1
代下载,1,1
代市中学,2,1
代数变形技巧,1,1
代数变形技巧高中,1,1
代数式 1 七年级上练习题,4,1
代数式 去括号,7,1
代数式单元测试,11,1
代数式单元测试人教版,3,1
代数式相关练习,2,1
代数式相关练习天津,1,1
代数竞赛,14,1
代数证明,6,1
代词,9,1
代词高中,7,1
以—润流年为题写一篇初一升初二作文,1,1
以中国式现代化全面推进中华民族伟大复兴_论学习贯彻党的二十大精神语文,13,1
仪征三中小升初试卷,8,1
仪征中学高一上学期期中数学,1,1
仪征中学高一期中,6,1
仪征中学高三上开学考英语,1,1
仪征中学高三开学考物理,2,1
仪征中学高三开学考英语,1,1
仪征市二中分班考试,1,1
仪征数学苏教版六下期末真题卷,2,1
仪征高一上学期期中数学,3,1
仲元中学,4,1
任务型阅读泰州,4,1
任晓丹,2,1
任泽一中,3,1
任泽中学,2,1
仿真模拟卷,12,1
仿真模拟金卷,1,1
伊宁县2025~202 6月考七年级上册,3,1
伊宁县2025~202 6月考九年级上册,6,1
伊宁县第三中学,16,1
伊川,24,1
伊春,14,1
伊春市第一中学,2,1
伊春市第一中学期初,1,1
伊滨,18,1
伊犁州高三,1,1
伊通满族自治县八年级下学期英语期末考试卷,1,1
伏安法测电阻,1,1
优化学案,1,1
优化探究化学,5,1
优化探究数学,1,1
优化探究物理一轮复习,8,1
优化探究语,2,1
优化探究语文,1,1
优化探究高考化学一轮复习,3,1
优化探究高考大一轮化学复习,5,1
优化方案 2026电子版,1,1
优化方案 2027,5,1
优化方案 高考总复习,2,1
优化方案历史,3,1
优化方案高中2027历史,3,1
优化方案高中总复习2027历史,2,1
优化方案高中总复习2027数学,1,1
优化设计,1,1
优化设计 2026电子版数学,7,1
优化设计英语,3,1
优化金考卷,2,1
优学1+1英语，七年级下册,5,1
优学1+1英语，七年级下册人教版,7,1
优学1+1英语，七年级下册人教版新疆版本,1,1
优干线,1,1
优录试卷,3,1
优点英语,4,1
优点英语语法,2,1
优点英语语法外研版,4,1
优秀范文,1,1
优秀高分作文语文,4,1
优翼,2,1
优翼学练优,2,1
优翼学练优练习册的答案。,1,1
优翼学练优练习册的答案。初二的答案。,1,1
优翼学练优练习册的答案。初二的答案。数学,7,1
会员中心,1,1
会宁县2025-2026学年度第二学期期末试题八年级地理,4,1
会泽县 2025 2026学年下学期高一期末试卷,1,1
会泽县七年级期末,6,1
会泽金三中,16,1
会泽金钟,5,1
会泽金钟三中,1,1
会泽金钟第三中学,1,1
会考卷,1,1
会考地理,2,1
会考安徽,4,1
会考河北区2026模拟,2,1
会考真题,1,1
会计基础,1,1
伟兴杯数学试卷,1,1
伟长,8,1
传送带 20224专题一轮复习,1,1
传送带 2026专题一轮复习,2,1
传送带 板块模型,1,1
传送带好题汇编,1,1
传送带模型和板块模型,2,1
传送带模型和板块模型好题汇编,4,1
传送带模好题汇编,1,1
估测,1,1
估读,3,1
估读读数练习,3,1
伴性遗传专题,1,1
体液免疫细胞免疫特异性免疫,3,1
体液免疫细胞免疫特异性免疫题目,3,1
体液免疫细胞免疫非特异性免疫,5,1
体育单招数学,6,1
体育单招数学高三,2,1
体育大学单招数学,1,1
余姚中学,2,1
余弦值,1,1
余杭 八上 科学 月考,10,1
余杭区中考试卷,4,1
余杭高级中学试卷,4,1
余江一中,1,1
佛山,59,1
佛山 022026一模,2,1
佛山一中开学考试卷,5,1
佛山三中,1,1
佛山九上语文,1,1
佛山九上语文2026,21,1
佛山八年级上册语文,1,1
佛山八年级上学期期中数学,2,1
佛山华英,2,1
佛山南海区第二次学业质量检测,1,1
佛山市12月高二上学期统考2025数学,1,1
佛山市2021 2022高一下学期统考卷,14,1
佛山市八上数学期中,13,1
佛山市华英学校,19,1
佛山市华英学校分班考,4,1
佛山市华英学校真题,1,1
佛山市南海区2024~2025学年八年级上学期学科核心素养检测语文试卷,6,1
佛山市南海区七上语文期末试卷,3,1
佛山市外国语学校,4,1
佛山市实验学校,1,1
佛山市数学试卷,2,1
佛山市期末联考,6,1
佛山市第四中学开学考试,18,1
佛山市顺德区高三教学质量检测,10,1
佛山市高一上月考,1,1
佛山市高一下学期化学,4,1
佛山数学模拟,8,1
佛山模你中考,1,1
佛山模拟,1,1
佛山模拟中考,3,1
佛山禅城,5,1
佛山第一中学,1,1
佛山第一中学高二下册期中考试政治,2,1
佛山顺德区高二上学期第一单元A卷,6,1
佛山高一下期末物理,6,1
佛山高一化学,4,1
佛山高二化学,1,1
作,1,1
作业10 语言文字运用+散文阅读,5,1
作业10 语言文字运用+散文阅读（巩固培优）高一语文统编版,6,1
作差法比较大小,2,1
作文中考语文,7,1
作文初中,1,1
作文初中语文,1,1
作文十大主题,4,1
作文审题训练中考语文,3,1
作文就是光里的余香,1,1
作文情绪价值,4,1
作文旧时光里的余香,1,1
作文模板2026,3,1
作文模板2026聊城高二,11,1
作文素材沉淀,1,1
作文纸,2,1
作文范文语文,4,1
作文词汇,2,1
作文语文,13,1
作文题目,6,1
作文高考2027届高三一轮复习无用之用方为大用,1,1
你好法语,1,1
你点上面那个温,3,1
你能帮我找到一个视频，他是讲解了八上物理，知识点的,6,1
佳2中,1,1
佳一中,2,1
佳一中高二上月考,1,1
佳木斯,10,1
佳木斯2中,3,1
佳木斯一中高一上第一次月考,1,1
佳木斯一中高一下化学2026,4,1
佳木斯一中高二上月考,3,1
佳木斯二中,1,1
佳木斯二中数学,1,1
佳木斯市第一中学高二上学期开学初验收考试,7,1
佳木斯立人,1,1
佳木斯第 11 中学,1,1
佳木斯第一中学期末试卷,4,1
佳木斯第一中学期末试卷化学,2,1
佳木斯第十一中学,2,1
例题汇编,2,1
依安县实验中学,5,1
侨中物理,1,1
侨中英语资料高中,4,1
侨光中学,2,1
侨英,1,1
侯洪峰,1,1
俄语一轮复习,3,1
俄语二卷,3,1
俄语构词,3,1
俄语高考真题,2,1
俄语高考试卷,1,1
保分微卷,1,1
保定一中清北战队讲义,1,1
保定一中高一下期末语文,1,1
保定一中高三,16,1
保定一模,10,1
保定中学,3,1
保定市一模,4,1
保定市徐水区。2025至2021学年第二学期期末调研卷高一语文,1,1
保定市徐水区高级综合中学2025至2021学年第二学期期末调研卷高一语文,1,1
保定市徐水区高级综合中学2025至2026学年第二学期期末调研卷高一语文,5,1
保定市望都县七年级上册语文2025-2026期中测试卷,2,1
保定市清苑中学期末考试数学,6,1
保定市竞秀区八下3月份月考物理考,6,1
保定市竞秀区八下月考物理试卷,6,1
保定市竞秀区八年级上册语文试卷,3,1
保定市第一中学,2,1
保定市第十七中学,1,1
保定市高二上学期期中六校联考,1,1
保定市高二上学期期中六校联考数学试卷,1,1
保定联考,3,1
保定莲池区,4,1
保定高一下期末,10,1
保送,5,1
信丰三中,1,1
信丰九年级英语,5,1
信丰八年级英语,1,1
信宜小学六年级,1,1
信息技术会考,10,1
信息技术教科版,7,1
信息类文本阅读启示类题型,6,1
信息类文本阅读练习,2,1
信范文,1,1
信阳一模,7,1
信阳五校协作,3,1
信阳信高高一入学考试2024 2025真题,1,1
信阳信高高一开学考试,4,1
信阳信高高一开学考试2024 2025真题,1,1
信阳八下,4,1
信阳小升初英语分班考试真题,1,1
信阳市2024一2025有一套七下数学,5,1
信阳市中招考试,3,1
信阳市高一下学期期末试卷化学,2,1
信阳市高一下学期期末试卷数学,5,1
信阳市高级中学2025到2026学年高一上学期开学考试试卷,5,1
信阳高中2025高一上数学期中卷,14,1
信阳高中2025高一数学期中卷,4,1
信阳高中北湖,2,1
信阳高中北湖开学考,12,1
信阳高中数学,33,1
信阳高中高一上开学考,4,1
信阳高二下期末数学,4,1
信阳高级中学北湖校区,1,1
信阳高级中学北湖校区开学测试,3,1
信阳高级中学新校贤岭校区2025 2026高一上期开学测试,1,1
信阳高级中学新校贤岭校区2025‑2026高一上期开学测试,1,1
信高,1,1
信高贤岭开学测高一上试卷,2,1
信高贤岭开学测高一试卷,3,1
修人学校,1,1
修改病句练习,2,1
修改病句练习题,9,1
修改病句练习题专项训练,9,1
倍数与因数,5,1
倍长中线模型,2,1
倒角模型,9,1
倾斜角与斜率的相关问题,23,1
偃师语文四下,7,1
假定你是李华，班级英文报纸计划新增栏目，外教Jenny提供两个选项：Fun at my school 和 Guess who I am。写邮件：   1. 选择栏目；2. 说明理由。,6,1
假期作业,7,1
假期作业 2026年高一化学暑假假期作业 人教A版 新教材,1,1
假期作业3 圆周运动,2,1
假期必刷题地理,1,1
偏转,3,1
催化剂,3,1
傲气中学,1,1
傻逼,2,1
儋州市2025年高一期末学业质量监测题,2,1
儋州市2026年春季学期高二期末学业质量监测题,4,1
儋州市2026年高二期末学业质量监测题,8,1
儋州市2026年高二期末学业质量监测题数学,3,1
元氏县第一中学,2,1
元氏县第一中学联考,2,1
元素化合物 2025一轮复习,2,1
元素化学,1,1
元素及其化合物的性质与应用,8,1
元素周期表与周期律,1,1
元素周期表练习,2,1
元素周期表联系,1,1
元素推断题,4,1
元素知识点,2,1
元角专项练习,1,1
元角专项练习 一年级,12,1
元角分专项练习 一年级,5,1
元角分专项练习 二年级苏教版,6,1
元调,1,1
兆麟中学,1,1
兆麟中学英语,4,1
先享题,9,1
先锋区高2026届高考模拟月考试题(三) 九月化学 (暨先锋区高2026届2025年秋季学期开学考试),7,1
先锋小学,4,1
光合作用,4,1
光合作用一轮复习,4,1
光合作用与呼吸,5,1
光合作用与呼吸作用,20,1
光合作用与能量转化思维导图,3,1
光合作用呼吸作用,3,1
光合作用呼吸作用，大题,4,1
光合呼吸,1,1
光合呼吸大题,8,1
光大联考,1,1
光大联考9月,7,1
光学,4,1
光学几何,3,1
光学复习,6,1
光山县开学第一考,1,1
光明,1,1
光明区,4,1
光明区历史,12,1
光明高级中学,5,1
光现象单元测试卷,3,1
光电效应与波粒二象性,7,1
光的反射人教版,5,1
光的干涉,2,1
光的色散专项题,4,1
光谷二高,7,1
光谷实验,2,1
克东一中,1,1
克东三,2,1
克山,3,1
克拉玛依七上期末试卷,2,1
免娘,2,1
免疫及人体健康,1,1
免费 20245 高考 真题,3,1
免费2024,3,1
免费20245高考真题,1,1
免费下载,6,1
免费下载试卷专区,4,1
免费专区数学入学考试,4,1
免费专区英语专题02,1,1
免费专区英语专题02全册单元重点,1,1
免费专区英语专题02全册单元重点语法,1,1
免费专区英语专题02全测,1,1
免费专区试卷,1,1
免费人教版七年级下册英语10套卷子,2,1
免费湖南新高一分班考,3,1
免费的试卷 高二上湖南化学开学考,2,1
免费真题,3,1
免费试卷数学,1,1
免费试卷数学北京,15,1
兔子先生,4,1
兖州化学,11,1
兖州区实验高中,13,1
兖州小升初英语试卷,3,1
兖州数学,2,1
兖州高三开学考,1,1
入团考试,1,1
入学 分班考,4,1
入学 师大附中,2,1
入学分班考数学,4,1
入学分班考物理,5,1
入学分班考试数学,1,1
入学卷,4,1
入学摸底,3,1
入学摸底新高一,4,1
入学政治,1,1
入学政治高二上,1,1
入学测合水一中,1,1
入学测高二,3,1
入学测高二综合,3,1
入学考六升七,5,1
入学考试 小升初,5,1
入学考试 小升初 英语,3,1
入学考试 小升初英语,6,1
入学考试 英语,4,1
入学考试 高中 高一分班考试广西,5,1
入学考试 高中 高一市实验,1,1
入学考试初三上,1,1
入学考试郴州,5,1
入学考试高三,1,1
入学考试高三湖南,3,1
入学考高一,11,1
入学考高一永州二中,12,1
入班测,3,1
入班测郑州,1,1
入门考,1,1
全优方案网页版,6,1
全优课堂 地理 必修第二册 湘教版 配套期末测试卷,3,1
全优课堂必修2,6,1
全册单词默写,1,1
全反力,3,1
全品,1,1
全品 2026,1,1
全品九上,4,1
全品作业本2027版八年级上册物理,1,1
全品英语默写本,1,1
全品高考复习方案,1,1
全品高考语文,1,1
全囯02卷,2,1
全囯02卷 2026 高考英语真题,1,1
全囯1卷2024高考,3,1
全囯2卷,1,1
全囯2卷2026高考,2,1
全国,2,1
全国 一卷 数学2026,3,1
全国 一卷 数学2026真题,1,1
全国 通用02,1,1
全国100所名校选择性必修第四册,1,1
全国100所名校高3单元测试示范卷,1,1
全国100所名校高3单元测试示范卷金太阳,1,1
全国100所名校高考模拟示范卷,1,1
全国1卷英语,1,1
全国1卷语文,1,1
全国1卷高考作文范文,3,1
全国2025高中联赛一试,4,1
全国2025高中联赛一试B,1,1
全国2025高考数学2卷,1,1
全国2025高联一试,1,1
全国一卷,4,1
全国一卷24年高考卷子,1,1
全国一卷数学答案,1,1
全国一卷椭圆常考题,2,1
全国一卷语文,2,1
全国一卷高考真题2024,3,1
全国一轮复习初中化学,7,1
全国一轮复习初中化学 专题,20,1
全国一轮复习化学,1,1
全国一轮复习地理湘教版知识梳理,8,1
全国一轮复习实验专题,3,1
全国一轮复习数学专题01,1,1
全国一轮复习重难点培优,1,1
全国一轮复习重难点培优数学,1,1
全国一轮重点复习数学,1,1
全国一轮高中重点复习数学,22,1
全国一轮高中重点复习数学函数,7,1
全国三轮冲刺,2,1
全国中学生奥林匹克数学竞赛云南赛区,1,1
全国中学生物理竞赛预赛,3,1
全国中学生生物学联赛选拔赛,1,1
全国中学生生物学联赛（江苏赛区）选拔赛,1,1
全国中学生生物竞赛,1,1
全国中学生第四十二届物理竞赛预赛,2,1
全国中考数学压轴题,1,1
全国中考数学压轴题分类汇编,17,1
全国乙卷地理,1,1
全国乙卷生物,1,1
全国乙卷生物2026,1,1
全国乙卷英语,6,1
全国二卷2026年生物试题,1,1
全国二卷2026年生物试题高考,2,1
全国二卷数学高考19年,4,1
全国二卷物理,1,1
全国二卷生物,1,1
全国二卷英语真题,2,1
全国二卷高考真题,21,1
全国二轮专题英语,5,1
全国初中数学联赛,1,1
全国单元练习,10,1
全国卷,4,1
全国卷1数学,4,1
全国卷数学,6,1
全国名校名卷168套优化重组英语,5,1
全国地理竞赛,6,1
全国寒假,1,1
全国寒假专项,1,1
全国开学高一新生分班考试实验考试,2,1
全国数学2卷,2,1
全国数学奥林匹克竞赛真题,32,1
全国数学新课标Ⅰ卷2026,1,1
全国新授课,7,1
全国新高考2卷语文,1,1
全国新高考一卷,5,1
全国新高考一卷湖北省,1,1
全国新高考二卷英语,2,1
全国新高考二卷语文2025,1,1
全国暑假,1,1
全国物理一轮,1,1
全国物理奥林匹克竞赛真题,17,1
全国甲卷数学,4,1
全国百强高中新高一入学分班卷 2026-2027学年初升高预习衔接练习 物理,3,1
全国真题,1,1
全国统一考试,5,1
全国语文2卷,2,1
全国语文一卷,3,1
全国通用02,3,1
全国重点高中提前招生全真试卷 物理 奥赛王,1,1
全国重点高中提前招生考试全真试卷,1,1
全国高三一轮复习力学,6,1
全国高三一轮复习数学直线与圆,1,1
全国高三数学,3,1
全国高中数学联赛2025,3,1
全国高中数学联赛一试和二试的试卷,10,1
全国高中数学联赛一试的试卷,2,1
全国高中数学联赛二试的试卷,6,1
全国高中数学联赛试卷,5,1
全国高中数学联赛贵州赛区初中生B卷,5,1
全国高中数学联赛预赛,3,1
全国高中物理联赛一试,7,1
全国高考1卷语文2025,5,1
全国高考2卷,5,1
全国高考2卷语文,3,1
全国高考B卷,3,1
全国高考一卷数学,2,1
全国高考一卷物理,4,1
全国高考二卷2026,9,1
全国高考二卷物理大题,3,1
全国高考二卷英语,3,1
全国高考二卷英语2026年,3,1
全国高考化学卷,5,1
全国高考广西卷,3,1
全国高考数学二卷,7,1
全国高考物理一轮,3,1
全国高考物理卷,8,1
全效学习英语外研版九年级上册2027,1,1
全效学习英语外研版九年级上册2027版,4,1
全校学习,8,1
全校学习8年级上册英语人教版单元测试卷,2,1
全省联考,3,1
全等,4,1
全等 100道全等三角形,2,1
全等三角形HL,2,1
全等三角形八上练习题人教版,4,1
全等三角形判定基础练习,2,1
全等三角形单元测试,6,1
全等三角形单元测试卷,3,1
全等三角形压轴题,8,1
全等三角形压轴题人教版数学,3,1
全等三角形基础题,3,1
全等三角形大模型,2,1
全等三角形常见模型,5,1
全等三角形的性质与判定综合,3,1
全等三角形证明,4,1
全等判定题目,5,1
全过二卷,1,1
全集和补集,2,1
八 上,4,1
八一入学考试,1,1
八上,16,1
八上 2025英语期中湖南邵阳,5,1
八上 2025英语期末湖南邵阳,11,1
八上 2026英语期末湖南隆回县,3,1
八上 华侨 10月,1,1
八上 华侨 10月 福州,1,1
八上 屏东 10月,4,1
八上 数学创新培优,3,1
八上 数学创新长沙,1,1
八上 数学期末测试卷长沙,9,1
八上 期中,1,1
八上 物理,1,1
八上 物理期中测试卷长沙,1,1
八上 物理期中测试卷长沙期中,3,1
八上 物理期末测试卷长沙,10,1
八上 语文 福州,1,1
八上 语文 福州 10月,7,1
八上 语文 福州 十九中,5,1
八上 语文 福州 屏东,1,1
八上 语文 福州 延安,2,1
八上 语文期末测试卷长沙,14,1
八上10月月考卷,9,1
八上10月月考卷北师大版,5,1
八上13章到15章综合复习卷薄弱知识点专项补练,9,1
八上2025 2026期末考试试卷数学,6,1
八上2025~2026期末考试试卷,2,1
八上2025~2026期末考试试卷物理,10,1
八上2025~2026期末考试试卷英语,3,1
八上9月考数学,8,1
八上U1-U6,3,1
八上三角形单元检测,54,1
八上人教版数学三角形压轴题,5,1
八上人教版数学三角形压轴题福建专用,5,1
八上人教版数学辅助线 三角形,7,1
八上人教版物理运动图像,3,1
八上人教版生物思维导图,1,1
八上人教版生物提纲,4,1
八上人教版，地理，课本,1,1
八上人教物理第四章实验题单元卷,2,1
八上人教第一单元英语测试卷,3,1
八上仁爱版英语第一次月考单元金卷,1,1
八上入学考试,4,1
八上入学考语文长沙,1,1
八上全等的旋转,1,1
八上全等的经典旋转,1,1
八上全等的经典模型一旋转,3,1
八上全等的经典辅助线一旋转,1,1
八上八上英语冀教版万唯期末测试卷二,1,1
八上初中创拔数学,1,1
八上初中创拔数学初中,1,1
八上初中创拔数学长沙,1,1
八上初中数学创新拔尖,11,1
八上初中数学拔高题,1,1
八上初中数学拔高题长沙,3,1
八上前3单元测试卷,1,1
八上勾股定理,3,1
八上北师大,1,1
八上北师大同步,1,1
八上北师大第一单元试卷,3,1
八上北师数学计算,7,1
八上华师全等三角形,1,1
八上南京江宁区数学期中,3,1
八上南京江宁区联合体历史试卷,6,1
八上南京江宁区联合体地理,2,1
八上南京江宁区联合体英语,4,1
八上南京江宁区联合体道德与法治,3,1
八上南京江宁物理第一次月考,3,1
八上南京江宁联合体道法,3,1
八上历史第4课笔记,6,1
八上历史第一单元思维导图,1,1
八上压轴题,10,1
八上压轴题 华师大,8,1
八上古诗文。,5,1
八上古诗文背诵清单,4,1
八上古诗文背诵清单。,7,1
八上地理2026知识点总结,1,1
八上地理商务版第一章测试,4,1
八上地理填空,6,1
八上地理期中济宁,4,1
八上地理期末济宁,8,1
八上地理期末考试,3,1
八上地理河南省信阳市息县期末试卷,4,1
八上地理湘教版,1,1
八上地理湘教版中国的人口与疆域,7,1
八上地理湘教版第三课,3,1
八上承德县2023-2024年第一学期物理期末考试题,11,1
八上政治期末,3,1
八上政治期末考试,3,1
八上数学三角形全等的判定第一课时,3,1
八上数学三角形旋转,1,1
八上数学三角形旋转作图问题,3,1
八上数学全等三角形,5,1
八上数学全等三角形证明专题,2,1
八上数学全等三角形证明准,3,1
八上数学几何压轴题人教版,5,1
八上数学几何竞赛,10,1
八上数学几何证明,5,1
八上数学几何证明专项,1,1
八上数学北师大,3,1
八上数学北师大版,1,1
八上数学北师大版课本中的三角形中的边角关系和命题与证明,4,1
八上数学单元测试卷,1,1
八上数学单元测试卷全等三角形,1,1
八上数学单元测试卷全等三角形苏教版,3,1
八上数学整式的乘法,1,1
八上数学新人教版全等三角形证明专题,2,1
八上数学旋转三角形,1,1
八上数学旋转问题,3,1
八上数学旋转问题 旋转最重要,1,1
八上数学旋转问题三角形,4,1
八上数学朝阳区,1,1
八上数学期中卷天津,2,1
八上数学期中考试,11,1
八上数学期末北师大,1,1
八上数学沪教版,8,1
八上数学沪科版期中,3,1
八上数学沪科版期末考试,3,1
八上数学沪科版第一次考卷,5,1
八上数学沪科版第二单元,5,1
八上数学浙教版,5,1
八上数学浙教版电子版,1,1
八上数学浙教版课本,3,1
八上数学海淀区,3,1
八上数学物理,2,1
八上数学竞赛,10,1
八上数学竞赛题,6,1
八上数学第14章综合练习,1,1
八上数学第一次月考辽宁鞍山,6,1
八上数学考试无锡期中考,14,1
八上数学营口期末上,2,1
八上数学辅助线 三角形,3,1
八上文言文详注,1,1
八上旋转,7,1
八上旋转问题,1,1
八上旋转问题 旋转最重要,7,1
八上曹县期中试卷,1,1
八上期中化学,6,1
八上期中巨野县,1,1
八上期中测试卷,6,1
八上期中物理,2,1
八上期中生物,3,1
八上期中罗湖,1,1
八上期中罗湖物理,2,1
八上期中罗湖物理深圳,5,1
八上期中考试长沙英语,7,1
八上期中英语,5,1
八上期中英语长沙,9,1
八上期中，嵩县,8,1
八上期末,3,1
八上期末卷,1,1
八上期末卷临沂兰陵,2,1
八上期末卷临沂罗庄,3,1
八上期末地理,9,1
八上期末嵩县,3,1
八上期末巨野县,9,1
八上期末数学试卷,1,1
八上期末西城区,10,1
八上期末语文试卷2026,13,1
八上江苏徐州鼓楼期末英语,2,1
八上江苏徐州鼓楼期末语文,3,1
八上沪科版数学期末测试,1,1
八上沪科版物理安微黄山屯溪,7,1
八上物期末,1,1
八上物理人教版期中试卷,2,1
八上物理人教版第四章光学单元测试试卷,5,1
八上物理人教版第四章光现象单元测试试卷,9,1
八上物理力学部分,1,1
八上物理华师大练习题,7,1
八上物理单元卷,2,1
八上物理卷,4,1
八上物理压轴题,4,1
八上物理回声测距,5,1
八上物理图像,7,1
八上物理大石桥,1,1
八上物理大石桥期末,3,1
八上物理大石桥期末上,3,1
八上物理必背知识点,1,1
八上物理月考卷,4,1
八上物理期中泰山区。,4,1
八上物理期中福清,1,1
八上物理期中试卷,1,1
八上物理期中试卷沪粤,13,1
八上物理沪科版期末考试,20,1
八上物理河南省信阳市息县期末试卷,2,1
八上物理电子书,1,1
八上物理知识点,1,1
八上物理知识点汇总,3,1
八上物理知识点苏科版,1,1
八上物理第一章,7,1
八上物理第四章,1,1
八上物理营口期末上,6,1
八上物理试卷,1,1
八上物理试卷广西,1,1
八上物理超声波测距,2,1
八上物理运动图像,3,1
八上现代文阅读理解真题（中考难度),1,1
八上生物人体,3,1
八上生物期中,2,1
八上生物期末,6,1
八上生物期末考试,4,1
八上竞赛,17,1
八上第一单元,1,1
八上第一单元大单元教学,1,1
八上第一单元数学,4,1
八上第一单元数学试卷,3,1
八上第一单元物理阶段测评,9,1
八上第一单元第二单元数学检测卷,4,1
八上第一次月考数学人教版,3,1
八上第一章,1,1
八上第一课数学练习题,1,1
八上第一课物理习题,1,1
八上第二单元数学检测卷,9,1
八上第十四章综合练习,2,1
八上苏科物理第三章单元检测,1,1
八上苏科物理第二章单元检测,1,1
八上英语,1,1
八上英语Unit1语法填空人教版,1,1
八上英语Unit2语法填空,2,1
八上英语Unit2语法填空人教版,2,1
八上英语人教版期中试卷,1,1
八上英语任务型阅读专题,6,1
八上英语单词,2,1
八上英语单词默写,4,1
八上英语听力练习,4,1
八上英语期中考试,13,1
八上英语期末,1,1
八上英语期末考试,2,1
八上英语杭州,3,1
八上英语海淀区,2,1
八上英语第一次月考辽宁鞍山,6,1
八上英语试卷,1,1
八上英语语法译林版综合练,1,1
八上英语选择题,4,1
八上菏泽6语文,6,1
八上菏泽语文,4,1
八上菏泽语文月考,13,1
八上计算题,13,1
八上语文,5,1
八上语文 必背古诗文,7,1
八上语文j12共同体,4,1
八上语文初中阅读 100篇专项训练,3,1
八上语文北京,10,1
八上语文卷子,3,1
八上语文同步字帖,4,1
八上语文字帖,2,1
八上语文期中测试卷,1,1
八上语文期中福清,3,1
八上语文期末东城区,3,1
八上语文期末模拟,6,1
八上语文期末模拟学易金卷,3,1
八上语文河南省信阳市息县期中试卷,1,1
八上语文消息二则重点题,1,1
八上语文第一单元,1,1
八上语文第一次月考辽宁鞍山,19,1
八上语文试卷,1,1
八上语文课内文言文主观理解题专项,2,1
八上课堂笔记,6,1
八上轴对称,1,1
八上道德与法治遵守社会规则,4,1
八上道法 背诵清单,6,1
八上题库,3,1
八下 2026英语期中湖南邵阳,14,1
八下 数学 2026期末测试 卷,13,1
八下 数学期末测试卷人教版,10,1
八下 物理 2025 26期末测试 卷人教版,4,1
八下 物理期末测试卷,4,1
八下 物理期末测试卷福建,4,1
八下 英语,1,1
八下 英语 2026期末测试,1,1
八下 英语 2026期末测试 恩施,8,1
八下 英语单词背诵默写,7,1
八下 英语单词背诵默写人教版,37,1
八下 英语期中,1,1
八下 英语期中湖南邵阳,1,1
八下 英语期巾,1,1
八下一次函数压轴题,13,1
八下化学试卷2025-2026,1,1
八下单词默写,3,1
八下单词默写人教版,4,1
八下历史,8,1
八下历史期末,6,1
八下历史电子课件,2,1
八下历史试卷,1,1
八下听说考试复习资料,1,1
八下听说考试复习资料云南,3,1
八下四边形专题,3,1
八下外研社单词,2,1
八下大连政治期末试卷,1,1
八下德法材料题,2,1
八下数学 2023期末测试卷安丘,1,1
八下数学 2026 北师大版期末,7,1
八下数学 2026期末测试卷安丘,1,1
八下数学专题01矩形中的五种常考模型,2,1
八下数学二次根式,5,1
八下数学北京,1,1
八下数学北师大版,3,1
八下数学华师版第15章,10,1
八下数学卷子,1,1
八下数学卷子期末,3,1
八下数学历下区北师大版期末试卷,1,1
八下数学历下区北师大版期末试卷2026,1,1
八下数学巢湖,3,1
八下数学平面几何测试卷,4,1
八下数学期中试卷,13,1
八下数学期末真题,7,1
八下数学荔湾,1,1
八下数学陕西,5,1
八下无棣县期末考试试卷数学,1,1
八下期中,34,1
八下期中数学,9,1
八下期末卷,1,1
八下期末卷 数学 苏州 伟长,2,1
八下期末卷 数学 苏州中学,5,1
八下期末数学铁西,1,1
八下期末物理,2,1
八下期末英语试卷扬州广陵区,25,1
八下期末语文试卷,25,1
八下物理单元必刷题,7,1
八下物理基础计算,2,1
八下物理必刷题,3,1
八下物理拔高,1,1
八下物理摩擦力专项练习,1,1
八下物理暑假作业沪粤版,11,1
八下物理期中,1,1
八下物理期末考试题青岛,4,1
八下物理期末试卷永州,3,1
八下物理期末试卷长沙,1,1
八下物理期末试卷长沙2026,7,1
八下物理期末题15道,15,1
八下物理沪科版,26,1
八下物理福建期末考试,124,1
八下物理计算题,5,1
八下石首市数学,4,1
八下福州数学期末考,4,1
八下立体几何,1,1
八下竞赛类题型,9,1
八下统考化学试卷2025-2026,2,1
八下至九上熟悉过渡套题,1,1
八下英语1-4单元月考试卷重庆,2,1
八下英语1-4单元用正确形式填空,2,1
八下英语书,1,1
八下英语单元核心知识背诵版英语译林版,10,1
八下英语字帖,1,1
八下英语期末人教学海风暴,1,1
八下英语期末考试,1,1
八下英语期末试卷,3,1
八下英语福清,4,1
八下英语福清期末,2,1
八下英语阅读理解,4,1
八下英语阅读理解30篇,13,1
八下荆州 数学,2,1
八下荆州数学,32,1
八下荆州物理,2,1
八下荆州英语,2,1
八下荆州语文,2,1
八下译林版暑假作业,1,1
八下译林英语词组,3,1
八下语文,2,1
八下语文市中区期末卷,1,1
八下语文期中,3,1
八下语文期末,6,1
八下语文期末试卷,12,1
八下语文西湖区,5,1
八下道德与法治材料题,5,1
八下道法2025至2026年曹妃甸区期末测试卷,7,1
八下道法期末,4,1
八下道法期末嘉定,7,1
八中 重庆九年级,1,1
八中 重庆数学,2,1
八中中学,7,1
八中叶城,1,1
八中月考,1,1
八中期末,1,1
八中重庆,1,1
八中重庆九上,4,1
八中高一,2,1
八中高一上数学周考三答案,3,1
八十一中初中分班考小升初试卷,1,1
八十一中初中分班考小升初试卷数学,1,1
八十一中学,1,1
八十一中集团,5,1
八十中,2,1
八十二中,9,1
八升九暑假卷子,18,1
八县市协作校,1,1
八县联考,7,1
八大函数,9,1
八大函数之反函数,3,1
八大复句,8,1
八年上册数学人教勾股定理,3,1
八年上册数青岛版勾股定理,2,1
八年上册级数学,2,1
八年上册级物理 彭程杯,1,1
八年上册级物理 竞赛北师大版,11,1
八年級 2025 2026年下册期末考试,1,1
八年級 2025 2026年下册期末考试福建,1,1
八年級 2026年下册期中考试,1,1
八年級英语 上册期末考试,1,1
八年級英语 上册期末考试福建,2,1
八年級英语 上册期末考试福建福州,6,1
八年级 上册 英语单词表,3,1
八年级 下册,7,1
八年级 期末测试卷,13,1
八年级 物理期末,2,1
八年级2024江苏省泰州市姜堰区地理二模考试,1,1
八年级2026期中数学市北区,6,1
八年级2026江苏省盐城市地理二模考试,2,1
八年级2026江苏省盐城市物理考试,2,1
八年级上,1,1
八年级上2026年期末数学市北区,13,1
八年级上下译林版英语完型时文,1,1
八年级上册 数学,1,1
八年级上册 数学书,2,1
八年级上册 期末 测试卷,3,1
八年级上册 期末 测试卷2025,3,1
八年级上册1 3单元综合测试,1,1
八年级上册2025-2026期中试卷试卷江苏省宿迁市宿豫区人教版历史,3,1
八年级上册一次函数 北师大版,4,1
八年级上册一次函数讲义 北师大版,5,1
八年级上册人教版数学期中,3,1
八年级上册人教版数学期中福建,2,1
八年级上册人教版数学期中福建专用,6,1
八年级上册人教版数学细节巧练答案,2,1
八年级上册人教版物理,3,1
八年级上册人教版物理期中,6,1
八年级上册人教版物理网课,3,1
八年级上册人教版英语第一单元,1,1
八年级上册人教版英语第一单元单词表,3,1
八年级上册人教版英语自学讲义,1,1
八年级上册仁爱版英语单词表每日背默,11,1
八年级上册冷水滩期未数学试卷,10,1
八年级上册北师大版实数,7,1
八年级上册北师大版物理凸透镜成像,3,1
八年级上册北师大版第一章,1,1
八年级上册华师数学 第2章练习题,8,1
八年级上册南京其中2024~2025英语联合体,10,1
八年级上册南京其中联合体2024～2025学数学,9,1
八年级上册南京期中2024~2025物理联合体,7,1
八年级上册南京期末联合体2024～2025学数学,2,1
八年级上册历史思维导图,8,1
八年级上册历史知识人教版,8,1
八年级上册历史知识点,3,1
八年级上册历史知识点背诵,1,1
八年级上册同步字帖,1,1
八年级上册地理知识点,14,1
八年级上册复习,3,1
八年级上册数学三角形的判定,1,1
八年级上册数学书人教版,7,1
八年级上册数学人教版,13,1
八年级上册数学人教版基础训练,8,1
八年级上册数学人教版期中考试,9,1
八年级上册数学人教版第一次月考，安徽省芜湖市南陵,2,1
八年级上册数学北师大版实数,8,1
八年级上册数学北师大版期末模拟试卷,3,1
八年级上册数学北师大版期末试卷,4,1
八年级上册数学北师版课本课程讲课,3,1
八年级上册数学单元考,1,1
八年级上册数学开学考试北师大版,6,1
八年级上册数学期中考汕尾市,1,1
八年级上册数学期中考汕尾市陆丰市,5,1
八年级上册数学期末成华区,3,1
八年级上册数学期末试卷,2,1
八年级上册数学笔记,1,1
八年级上册数学苏教版第一次月考,10,1
八年级上册数学计算综合,16,1
八年级上册数学计算题,12,1
八年级上册数学试卷,5,1
八年级上册新教材沪科版开学考试卷一次函数压轴题,3,1
八年级上册月考试卷郑州,17,1
八年级上册期中历史兰山试卷,2,1
八年级上册期中地理兰山试卷,3,1
八年级上册期中山东省聊城市阳谷县,10,1
八年级上册期中政治兰山试卷,1,1
八年级上册期中数学 浙教版,21,1
八年级上册期中生物兰山试卷,3,1
八年级上册期中考试卷,27,1
八年级上册期中试卷,6,1
八年级上册期中道法兰山试卷,3,1
八年级上册期中限时,1,1
八年级上册期中限时数学,1,1
八年级上册期末,1,1
八年级上册期末考卷,5,1
八年级上册期末考试英语,1,1
八年级上册期末考试英语山东济南,3,1
八年级上册期末考试题,5,1
八年级上册期末试卷郑州,13,1
八年级上册沂水历史期中试卷,1,1
八年级上册沂水历史期末试卷,3,1
八年级上册沂水县物理期末试卷,8,1
八年级上册沂水地理期中试卷,1,1
八年级上册沂水地理期末试卷,18,1
八年级上册沂水政治期末试卷,8,1
八年级上册沂水物理期中试卷,4,1
八年级上册沂水生物期末试卷,3,1
八年级上册沪科版,2,1
八年级上册沪科版物理期末,4,1
八年级上册湘教版数学,1,1
八年级上册物理,10,1
八年级上册物理5.3直线运动知识解读原卷版,10,1
八年级上册物理井研,32,1
八年级上册物理人教版期末考试卷子,7,1
八年级上册物理光单元检测卷,8,1
八年级上册物理天津,1,1
八年级上册物理教科版,1,1
八年级上册物理期中考卷,4,1
八年级上册物理期末,6,1
八年级上册物理期末考试卷,11,1
八年级上册物理湖南长沙,1,1
八年级上册物理第一章机械运动单元测试卷,12,1
八年级上册物理第三次月考,1,1
八年级上册生物冀少版,6,1
八年级上册生物冀少版必背必考知识点,5,1
八年级上册生物济南版,3,1
八年级上册生物济南版第一章知识点,1,1
八年级上册电学,2,1
八年级上册知识点复习归纳,10,1
八年级上册科学第一章试卷浙教版,2,1
八年级上册第一次月考卷数学,2,1
八年级上册第一次月考试卷郑州,2,1
八年级上册第二章数学卷子,1,1
八年级上册第十三单元检测,1,1
八年级上册第十二章,4,1
八年级上册英语,9,1
八年级上册英语书,1,1
八年级上册英语学情评估卷听力,1,1
八年级上册英语开学考,2,1
八年级上册英语教材同步听力,11,1
八年级上册英语第一二单元综合测试人教版,8,1
八年级上册英语第一单元测试卷人教版,3,1
八年级上册英语第一次月考,2,1
八年级上册英语第一次月考重庆,15,1
八年级上册英语试卷,8,1
八年级上册英语试卷人教版黄陂区,1,1
八年级上册英语课本,1,1
八年级上册英语阅读理解,1,1
八年级上册语文小说散文阅读,6,1
八年级上册语文开学考试试卷,6,1
八年级上册语文教材,3,1
八年级上册语文暑期预习,1,1
八年级上册语文期中考试卷,6,1
八年级上册语文第一单元测试卷,6,1
八年级上册语文第一次月考,6,1
八年级上册道法开学考,7,1
八年级上历史关于鸦片战争前两课刷题,4,1
八年级上历史第一单元默写,1,1
八年级上学期分班考,1,1
八年级上学期历史知识点清单,2,1
八年级上学期外研版英语秋季班讲义,5,1
八年级上学期期末数学，广东专用,4,1
八年级上学期期末质量监测,3,1
八年级上学期物理期中考试,3,1
八年级上学期珠海市香洲区数学,4,1
八年级上数学北师大版,11,1
八年级上数学理天津,3,1
八年级上物理真题盐城,3,1
八年级上物理题,4,1
八年级上第一单元测试北师版,2,1
八年级上第一单元测试卷,4,1
八年级上英语初中必刷题,2,1
八年级上英语初中必刷题人教版,6,1
八年级上英语第678单元英译汉打乱版,1,1
八年级上课本,2,1
八年级下㇏册冷水滩期未数学试卷,1,1
八年级下册2025年期中物理卷子唐河县,1,1
八年级下册一次函数压轴题十大模型,1,1
八年级下册人教版数学学情点评 随堂过关,2,1
八年级下册人教版数学学情点评随堂过关,4,1
八年级下册人教版物理第11章试卷,1,1
八年级下册优加学案,7,1
八年级下册冷水滩期未数学试卷,1,1
八年级下册化学期末化学,1,1
八年级下册华师大版数学期末测试卷,4,1
八年级下册华师版 数学教材,7,1
八年级下册历史期末考试卷贵阳市,1,1
八年级下册历史每个单元的试卷陕西,16,1
八年级下册历史资料讲义,1,1
八年级下册周周清,1,1
八年级下册安阳市文峰区数学卷子期末,11,1
八年级下册政治娄底双峰,3,1
八年级下册政治娄底双峰期末,1,1
八年级下册数学人教版,1,1
八年级下册数学同步测评卷子,8,1
八年级下册数学开学考,1,1
八年级下册数学昭通市,2,1
八年级下册数学期末,1,1
八年级下册数学期末试卷免费,1,1
八年级下册数学练习卷,1,1
八年级下册数学计算题,1,1
八年级下册数学试卷第3单元一次函数,8,1
八年级下册数学辽宁省,2,1
八年级下册数学重庆,4,1
八年级下册文峰区数学卷子期末,1,1
八年级下册期末代数综合题,1,1
八年级下册期末卷数学,3,1
八年级下册期末数学,27,1
八年级下册期末数学代数综合题,3,1
八年级下册期末测试题数学,6,1
八年级下册期末物理,15,1
八年级下册期末物理试卷,1,1
八年级下册期末试卷,11,1
八年级下册武清区语文期末考试,1,1
八年级下册沪科版几何,3,1
八年级下册烟台英语,3,1
八年级下册物理期末考试沪科版,4,1
八年级下册物理期末考试沪科版2026,70,1
八年级下册物理期末试卷,1,1
八年级下册物理期末试卷沪科,4,1
八年级下册物理期末试卷沪科历下区,11,1
八年级下册物理江华县,1,1
八年级下册物理沪科版期末考试试卷,1,1
八年级下册物理浮力 压强压力难题,4,1
八年级下册物理第二章,2,1
八年级下册物理第二章试卷,19,1
八年级下册物理较难题,1,1
八年级下册物理较难题型练习,3,1
八年级下册英语人教版期末卷,11,1
八年级下册英语人教版试卷,1,1
八年级下册英语人教版试卷云南省,1,1
八年级下册英语仁爱版期末试卷,12,1
八年级下册英语仁爱版期末试卷，全县统考,1,1
八年级下册英语单词,4,1
八年级下册英语单词仁爱版,1,1
八年级下册英语听力15道听写信息陕西,2,1
八年级下册英语听力听写信息,1,1
八年级下册英语听力听写信息陕西,4,1
八年级下册英语周周清,8,1
八年级下册试卷,5,1
八年级下册语文10篇阅读理解,4,1
八年级下册语文暑假作业,1,1
八年级下册语文期末试卷,16,1
八年级下册语文期末试卷重庆市,1,1
八年级下册语文阅读理解训练题 30篇答案题分开,7,1
八年级下册辽宁省语文试卷期末,3,1
八年级下四清导航夹页卷人教版,1,1
八年级下外研版英语,1,1
八年级下学期数学几何,4,1
八年级下学期期末试卷数学,22,1
八年级下学期期末试卷数学稼轩,11,1
八年级下学期第一次月考英语试题,3,1
八年级下期末考试物理武清区,1,1
八年级下英语期末 泰安 岱岳区,7,1
八年级义务教育数学书第三单元练习题,3,1
八年级人教版英语必背,3,1
八年级人教版英语必背单词,3,1
八年级人教版英语暑假英语自学,7,1
八年级人教版英语自学版第八讲,3,1
八年级人教版英语自学讲义,5,1
八年级入学摸底卷,9,1
八年级分班考,3,1
八年级到九年级全部物理知识点,7,1
八年级勾股定理,1,1
八年级历史,3,1
八年级历史上册考试,4,1
八年级厦门英语卷,6,1
八年级因式分解测试题,3,1
八年级外研版七选五专练,3,1
八年级实验中学,2,1
八年级平顶山市下学期期末调研试卷,2,1
八年级平顶山市下学期期末调研试卷英语,20,1
八年级广州英语期末综合复习,3,1
八年级必背古诗练字,3,1
八年级数学 期末测试卷,8,1
八年级数学10月随堂作业,5,1
八年级数学上册月考卷,3,1
八年级数学上册期末卷培优卷,5,1
八年级数学上册浙教版第一单元,1,1
八年级数学上册浙教版第一单元试卷,9,1
八年级数学上学期期末模拟卷·培优卷（北师大版2024，举一反三）,5,1
八年级数学北师大版上册期末试卷,12,1
八年级数学幂,6,1
八年级数学试卷,4,1
八年级数竞,1,1
八年级晋江南区中学,12,1
八年级期中,1,1
八年级期末,2,1
八年级期末历史,1,1
八年级期末历史金华,2,1
八年级期末数学卷,4,1
八年级期末英语山东聊城,7,1
八年级机械运动学案,6,1
八年级江华,2,1
八年级江华下学期,2,1
八年级物理 厦门,6,1
八年级物理 竞赛入门 对应北师大版单元」,11,1
八年级物理上册ppt,1,1
八年级物理上册基础计算题,4,1
八年级物理上册教科版期中试卷,6,1
八年级物理上册检测卷,7,1
八年级物理上册第一次月考,15,1
八年级物理上学期期末考,7,1
八年级物理上学期检测卷,1,1
八年级物理假期作业1,5,1
八年级物理全册一年测试,2,1
八年级物理全册测试,5,1
八年级物理密度,1,1
八年级物理教科版压强,4,1
八年级物理教科版物态变化知识点,1,1
八年级物理月考,1,1
八年级物理期末,2,1
八年级物理期末上海,1,1
八年级物理期末深圳,5,1
八年级物理检测卷,8,1
八年级物理真题,1,1
八年级物理真题盐城,1,1
八年级物理真题盐城.,1,1
八年级物理竞赛试卷,21,1
八年级物理第一次月考,2,1
八年级物理试卷,7,1
八年级物理试卷第一次月考,1,1
八年级物理试卷第一次约,1,1
八年级物理质量,1,1
八年级物理题,2,1
八年级物理（姜堰区）,15,1
八年级秋学期无锡市数学期末试卷,2,1
八年级秋学期江阴市数学期末试卷,3,1
八年级秋学期江阴市语文期末试卷,2,1
八年级第一章数学单元基础训练,2,1
八年级英语,1,1
八年级英语下册期末考试卷陕西,8,1
八年级英语仁爱版默写,8,1
八年级英语培优3试题,1,1
八年级英语开学考试卷,6,1
八年级英语必背,1,1
八年级英语试卷,4,1
八年级计算,1,1
八年级计算题,10,1
八年级试卷,1,1
八年级语文古诗文汇编,7,1
八年级语文培优3试题,5,1
八年级语文试卷,9,1
八年级语法,1,1
八年级语法填空 2026专项练习,1,1
八年级道德与法治下学期期末测试,9,1
八年级阅读答题技巧,10,1
八年级阶段式考试物理,1,1
八年级预习,2,1
八月,9,1
八月市调研,16,1
八月摸底考,8,1
八月数学,1,1
八月模考,4,1
八校,5,1
八校联盟,11,1
八校联考,1,1
八省,1,1
八省T8,1,1
八省T82026,1,1
八省T82026英语,1,1
八省八校t8联考,2,1
八省八校t8联考2026届高三4月阶段练习,1,1
八省联考 12月2026届英语,2,1
八省联考2026,7,1
八省联考T8,16,1
八省联考河北物理,1,1
八省联考物理,1,1
八省联考英语,4,1
八省（区）2025年高考综合改革适应性演练,3,1
公切线,2,1
公安区,2,1
公安联考,1,1
公式大全,2,1
公式汇总,2,1
公式高中,4,1
公理定理,1,1
六上 数学比,5,1
六上书,6,1
六上数学26人教版新教材,2,1
六上数学26人教版新教材电子版,3,1
六上数学试卷,3,1
六上沪教牛津版英语书,7,1
六上测试卷,1,1
六上第一单元,1,1
六上第一单元 苏教版,3,1
六上英语测试卷,10,1
六上语文试卷,2,1
六下 数学期末测试卷,1,1
六下分班考,6,1
六下圆锥,1,1
六下圆锥圆柱,4,1
六下数学期末测试卷山东临沂兰山,5,1
六下数学期末测试卷山东临沂蒙阴,6,1
六下数学期末测试卷山东临沂蒙阴2026～2027,14,1
六下期末科学浙江仙居,6,1
六下期末考,10,1
六下期末试卷,1,1
六下英语鲁湘版,1,1
六中泉州八年级上册期中英语,1,1
六十六中,2,1
六升七分班考试卷,2,1
六合高级中学,1,1
六安二中,1,1
六安二中期末试卷,7,1
六安二中高一下学年期末试卷,3,1
六安市,30,1
六安皋城中学九年级第一次月考,5,1
六市联考福建,4,1
六市联考福建高三,4,1
六年下册期末测试卷,14,1
六年级20242025年第一学期期末阜平县卷子,1,1
六年级20242025年第一学期期末阜平县英语卷子,3,1
六年级2025年阜平县卷子,1,1
六年级上册东平具数学期中,1,1
六年级上册东平县数学期中,9,1
六年级上册五四制,1,1
六年级上册五四制泰安市,2,1
六年级上册分数乘法,3,1
六年级上册北师大版数学第8单元的大卷，培优计划,2,1
六年级上册历史期末,1,1
六年级上册圆应用题,6,1
六年级上册地理鲁教版第1单元测试题,10,1
六年级上册地理鲁教版，知识点提纲,1,1
六年级上册数学,20,1
六年级上册数学人教版第一单元测试卷,6,1
六年级上册数学典型例题系列,22,1
六年级上册数学北师版第五单元测试卷,3,1
六年级上册数学期中 卷,14,1
六年级上册数学期末莒南县,1,1
六年级上册数学沂水期末试卷,5,1
六年级上册数学第一单元试卷,3,1
六年级上册数学第二单元试卷,1,1
六年级上册期中考试,1,1
六年级上册期中莱西市,2,1
六年级上册期末考试定兴县,5,1
六年级上册第一单元测试卷,1,1
六年级上册第三单元英语测试卷,1,1
六年级上册第三单元英语测试卷my heathy life,3,1
六年级上册第二单元写作,1,1
六年级上册第四单元数学圆,34,1
六年级上册英语  新教材 试卷,6,1
六年级上册英语1到3单元,3,1
六年级上册英语沂水期中试卷,16,1
六年级上册英语沂水期末试卷,9,1
六年级上册试卷,9,1
六年级上册语文第二单元写作,1,1
六年级上册语文第二单元写作多彩的活动报告,4,1
六年级上册鲁教版五四制英语期末卷,3,1
六年级上学期,9,1
六年级上学期undefined,2,1
六年级上学期升学真题,7,1
六年级上学期阶段检测,1,1
六年级上英语一单元测试,7,1
六年级下册数学卷子青岛版,3,1
六年级下册数学期中 卷,12,1
六年级下册期末,1,1
六年级下册期末平顶山,3,1
六年级下册期末数学,1,1
六年级下册期末数学临沂,1,1
六年级下册英语反义疑问句练习,2,1
六年级下册英语期末考试2026年,13,1
六年级下册英语每日默写,8,1
六年级人教版,1,1
六年级分班考语文试卷福建泉州晋江市,1,1
六年级升初一开学分班考试,6,1
六年级圆,3,1
六年级奥数,1,1
六年级开学考试,3,1
六年级手册,1,1
六年级数学(上)第二单元巩固练习,2,1
六年级数学上册第二单元巩固练习,11,1
六年级数学上第一单元,1,1
六年级数学分数除法教案,4,1
六年级数学期末,4,1
六年级数学期末试卷,4,1
六年级数学试卷,6,1
六年级数学课程详细讲解,7,1
六年级期末考试试卷江苏沭阳,9,1
六年级期末试卷,4,1
六年级生小升初,1,1
六年级百分数习题,1,1
六年级百分率习题,5,1
六年级考试试卷,1,1
六年级英语下册期末平顶山,3,1
六年级英语下册期末考试卷,24,1
六年级英语状语从句,1,1
六年级英语试卷江西,3,1
六年级试题,3,1
六年级语文上册类文阅读（统编版）,8,1
六校教育研究会,6,1
六校教育研究会2025届高三年级入学素质测试,7,1
六校教育研究会2026届高三年级入学素质测试,3,1
六校教育研究会20二五届高一新生入学素质测试,21,1
六校联盟2025学年高二上期中英语,4,1
六校联考2026高三,2,1
六校联考2026高三安徽,5,1
六校联考入学考高一,1,1
六校联考安徽,9,1
六校联考高一,11,1
六校联考高三开学考历史,4,1
六校联考高三开学考地理,4,1
六校联考高三开学考政治,6,1
六校联考高三开学考英语,7,1
六点半英语,1,1
六盘山高一物理,1,1
六盘山高级中学,6,1
六盘水市2026年中考卷子,6,1
六盘水市第二中学2027届高三周考,5,1
六盘水市高三开学市一模，零诊,1,1
六盘水市高中市一模,4,1
六选五汇编,2,1
六选五英语,7,1
兰化一中,16,1
兰大附中,9,1
兰山区八年级上册期中,3,1
兰州2026年中考,1,1
兰州58中建档考试,3,1
兰州58中建档考试高三,14,1
兰州一中,2,1
兰州七下数学,9,1
兰州七下英语,6,1
兰州七年级上册,3,1
兰州七年级上册数学,35,1
兰州七里河区四下🟰期末,1,1
兰州市2025-2026学年第二学期期末考试高一语文,8,1
兰州市八十一中,11,1
兰州市初三上册十一中2025~2026学年数学月考卷,3,1
兰州市初三上册十一中2025~2026学年月考卷,1,1
兰州市初三上册天庆中学2025~2026学年数学月考卷,2,1
兰州市地理中考,3,1
兰州市榆中县和平中学,6,1
兰州市第81中学,1,1
兰州市第五十九中学2025 2026学年第二学期期末考试高一英语,1,1
兰州市第五十九中学2025 2026学年第二学期期末考试高一语文,1,1
兰州市第五十九中学2025—2026学年第二学期期末考试高一英语,1,1
兰州市第五十八中学,5,1
兰州市第八十一中学,1,1
兰州师大附中,1,1
兰州师大附中高二,1,1
兰州师大附中高二物理,1,1
兰西县,15,1
兰陵六年级英语,4,1
兰陵县数学,4,1
共 点力的平衡,3,1
共和县高级中学,5,1
共情 道德的实施,1,1
共情 道德的实施 松江,2,1
共点力的平衡,4,1
共面证明,2,1
共面证明数学立体几何,1,1
共面证明数学立体几何高三,1,1
关于冷战后世界格局的理解正确的是,4,1
关于故乡的作文,2,1
关于科学计数法的题,1,1
关塘中学,3,1
关联速度问题,13,1
关键词： 带电粒子在匀强磁场中的运动,5,1
关键词： 带电粒子在组合场、复合场中运动,7,1
兴业县六年级,12,1
兴业县高峰镇,2,1
兴义九中,4,1
兴仁市黔龙学校,5,1
兴化,4,1
兴化 三年级,3,1
兴化中学高三摸底,4,1
兴化市高二开学考,10,1
兴华实验,1,1
兴国中学,2,1
兴国县,1,1
兴国思源实验学校,1,1
兴城2021八年级一期中理,1,1
兴城2021八年级上学期期中物理,4,1
兴城2021八年级期中物理,6,1
兴城2023一模物理,2,1
兴城二中2021八年级上学期期中物理,3,1
兴宁一中高二开学考,1,1
兴宁市初一上册英语试卷,4,1
兴宁市初一英语试卷,1,1
兴宁市第一中学开学考,18,1
兴安,6,1
兴安盟乌兰浩特市第十二校,7,1
兴贤,3,1
兵团一,5,1
具身智能,1,1
典中典,3,1
典中典三年级,1,1
典中点,1,1
典中点三年级,1,1
典型习题,1,1
养正,4,1
养正中学教育,1,1
养🏀正中学教育集团,1,1
兼善中学,3,1
兼善中学蔡家校区,1,1
冀南新区精英中学,1,1
冀南新区精英中学收心测,1,1
冀州中学开学考试,1,1
冀州中学开学考试高三2025,1,1
冀州中学开学考试高三2025化学,7,1
冀州中学开学考试高三2025数学,2,1
冀州中学开学考试高三2025物理,15,1
冀教数学,3,1
冀教数学五年级,3,1
冀教数学五年级上,3,1
冀教版七下英语课本短语默写空白版,1,1
冀教版七年级上册数学书答案,1,1
冀教版九年级英语,9,1
冀教版五年级上册数学,1,1
冀教版五年级上册数学长安区,3,1
冀教版八上英语课本短语默写空白版,3,1
冀教版小升初,4,1
冀教版英语六年级上,6,1
冀教英语五年级上,2,1
内丘中学,8,1
内乡八上月考数学试卷,4,1
内切圆外接圆,2,1
内切求和外接球专题,6,1
内切球,4,1
内地西藏班物,207,1
内容导航预习三部曲,1,1
内容导航预习三部曲些教材学知识练习题讲典例,5,1
内容导航预习三部曲些教材学知识练习题讲典例因式分解八年级上册,6,1
内接圆外接圆内接圆外接圆,2,1
内江2025英语中考真题,3,1
内江2026-2027零模地理,8,1
内江2026英语中考真题,1,1
内江2027届零模地理,1,1
内江2027高二期末地理,1,1
内江一中2025,1,1
内江一中2025一2026,1,1
内江一中2025一2026英语,1,1
内江一中2025一2026英语高一,1,1
内江一中假期,1,1
内江一中入学,1,1
内江一中开学考,3,1
内江一中高一下学期数学测试期末,5,1
内江七年级数学试卷,1,1
内江三中,2,1
内江三中高一入学测试卷,1,1
内江二中,1,1
内江二中开学考,4,1
内江六中2025-2026高三上第一次月考,1,1
内江六中七年级上册月考数学试卷,1,1
内江六中七年级数学试卷,1,1
内江六中中考摸测试题(语文),4,1
内江六中分班考试,2,1
内江六中高一下学期数学测试期末,1,1
内江天立七年级上册月考数学试卷,6,1
内江市2025 2026入学考试上册期末,3,1
内江市2025 2026学年高一下学期期末检测数学试题,9,1
内江市2025 2026高一上册期末,1,1
内江市2026八下期末数学,4,1
内江市2026届一模,2,1
内江市2026高一期末数学,3,1
内江市七年级上册月考数学试卷,1,1
内江市七年级上册期末,3,1
内江市七年级下册数学期末试卷,3,1
内江市七年级下册数学试卷,2,1
内江市七年级数学期末试卷,9,1
内江市七年级数学试卷,1,1
内江市中考英语真题2026,1,1
内江市六中七年级上册月考数学试卷,2,1
内江市天立学校,1,1
内江市期末考试高一物理,8,1
内江市第一中学,2,1
内江市第六中学高一上册入学考试,4,1
内江市英语八下真题2026,3,1
内江市高一下期期末考试,1,1
内江市高中2023届第一次模拟考试,1,1
内江开学考,17,1
内江期末数学高2,1,1
内江期末数学高2期中,1,1
内江期末数学高一下学期,1,1
内江铁路中学2025-2026高三上第一次月考,4,1
内江零模地理,1,1
内江高一上册期末数学,5,1
内江高一上册期末英语,2,1
内江高一上册期末语文,3,1
内环境与稳态,5,1
内环境的稳态,24,1
内能 13 14知识点复习,1,1
内能与热机,9,1
内能单元测试卷,6,1
内能单元测试卷人教版,17,1
内能热传递,3,1
内能题,4,1
内蒙二中,15,1
内蒙古2026中考,1,1
内蒙古2026职业高中,5,1
内蒙古2026高考卷子,1,1
内蒙古一模2023,15,1
内蒙古七年级,2,1
内蒙古专用本,5,1
内蒙古九年级上学期阶段检测,7,1
内蒙古伊金霍洛旗八下期末数学,1,1
内蒙古八年级上学期期中,2,1
内蒙古六年级下学期升学模考,2,1
内蒙古兴安盟乌兰浩特市 第八中学八下物理,3,1
内蒙古农大附属中学,1,1
内蒙古农大附属中学七年级,3,1
内蒙古包头市 初二 2025 期中卷,5,1
内蒙古包头市东河区八下数学,1,1
内蒙古包头市新高一9月份分班卷青山区,1,1
内蒙古包头青山区第一中生初三试卷,4,1
内蒙古呼伦贝尔市扎兰屯市,4,1
内蒙古呼伦贝尔市扎兰屯市2025一2026学年七年级下学期期末考试数学试题,8,1
内蒙古呼伦贝尔市扎兰屯市八下物理期末,1,1
内蒙古呼伦贝尔市鄂伦春自治旗八下数学期末,3,1
内蒙古呼伦贝尔鄂伦春自治旗,4,1
内蒙古呼和浩特市2024-2025高三上学期第一次质量检测,8,1
内蒙古呼和浩特市实验教育集团鼓楼校区,1,1
内蒙古呼和浩特市新城区,12,1
内蒙古呼和浩特市第二中学,1,1
内蒙古呼和浩特市第二中学英才,3,1
内蒙古呼和浩特托县三中八年级下册期末物理卷子,1,1
内蒙古呼和浩特托县民中八年级下册物理期末试卷,1,1
内蒙古地理综合分析应用题,1,1
内蒙古地理综合分析应用题7年级下,3,1
内蒙古期中,7,1
内蒙古自治区包头市昆都仑区2025至2026年学年度9年级上册期末测试,1,1
内蒙古自治区包头市昆都仑区2025至2026年学年度9年级上册期末物理测试,5,1
内蒙古自治区包头市第九中学2025-2026学年高一上学期,1,1
内蒙古自治区包头市第九中学2025-2026学年高一上学期11月期中,1,1
内蒙古自治区包头市第九中学2025-2026学年高一上学期11月期中XX试题,1,1
内蒙古自治区包头市第九中学2025-2026学年高一上学期联考试题,1,1
内蒙古自治区包头市第九中学2025-2026学年高一学期联考,1,1
内蒙古自治区包头市青山区 八下数学,1,1
内蒙古自治区呼和浩特市赛罕区八下期末数学,2,1
内蒙古自治区呼和浩特市赛罕区八下期末物理,3,1
内蒙古自治区巴彦淖尔市第一中学,7,1
内蒙古自治区巴彦淖尔市第四中学,1,1
内蒙古自治区通辽市科尔沁区第七中学八下期末数学,3,1
内蒙古赤峰市,2,1
内蒙古赤峰市八上物理卷子,16,1
内蒙古赤峰市巴林左旗2025 2026学年第二学期期末检测题八年级数学,12,1
内蒙古通辽市科区第二中学,11,1
内蒙古通辽经济开发区富丽中学 八下期末物理试题,1,1
内蒙古高三开学摸底卷,5,1
内蒙古高三起点考数学卷,16,1
内蒙古高二开学考数学,3,1
内蒙古高二开学考生物,4,1
内蒙古高二开学考英语,3,1
再见哥,1,1
写作,4,1
写作词汇,7,1
写作高阶词性升级,7,1
写日记,3,1
写景状物,9,1
写话,1,1
写话 日记,3,1
军训,1,1
农大附属中学,1,1
农安,9,1
农安县,1,1
农安县九年级上册化学第一次月考试卷,5,1
农安县实验中学,2,1
农安实验,10,1
农安实验中学月考,3,1
农安实验中学高一上月考,3,1
农校,1,1
冠词,7,1
冮苏省常州溧阳市,9,1
冰城联盟高二上学期物理月考辽宁省大连市,15,1
冰城联盟高二上学期物理辽宁省大连市,1,1
冰山理论,1,1
冲刺,3,1
冲刺押题卷,3,1
冲刺押题卷（六）,1,1
冲刺新高考,1,1
冲刺新高考压轴卷,11,1
冷水滩区永州八中,9,1
冷水滩区永州八中高一入学,1,1
净月期末,9,1
准格尔旗,8,1
准高一开学考试卷,1,1
准高一开学考试卷南头中学,1,1
准高一开学考试卷广东,3,1
准高一开学考试卷深圳,4,1
准高一开学考试卷深圳南头中学,1,1
准高三开学考,1,1
准高三生开学考,3,1
准高二入学考试,9,1
准高二开学考复习资料,2,1
凉山七下数学,1,1
凉山州2020－2021,2,1
凉山州2020－2021学年度下期末,1,1
凉山州2020－2021学年度下期末数学,1,1
凉山州2022－2023学年度下期末数学高二,9,1
凉山州2026届高中毕业第一次诊断性考试,5,1
凉山州六年级下册期末语文,2,1
凉山州六年级下册语文,15,1
凉山州六年级下册语文20192020,6,1
凉山州六年级西昌市下册数学,1,1
凉山州四年级上册英语,4,1
凉山零诊,2,1
凉州片区开学考,3,1
凉州片区开学考高一,2,1
凌海2024～2025九上期末数学试卷,1,1
凌海一高中,2,1
凌源市2025～2026高二下期末考试答案,11,1
减数分裂二轮,6,1
减数分裂和受精作用,4,1
减数分裂大题,1,1
几何 02 七年级专题大题,5,1
几何初步,1,1
几何向量大题,1,1
几何图形初步,4,1
几何图形初步 初中数学 人教版,1,1
几何图形初步拔尖卷,1,1
几何大题分享,11,1
几何模型,2,1
几何模型 2025年中考数学常见几何模型全归纳之模型解读与提分精练,1,1
几何模型与辅助线,1,1
几分之几,9,1
几种常见函数练习,1,1
几种常见函数练习 2027,3,1
几综汇编北京,3,1
凤凰台地理2026一轮复习,1,1
凤凰湖中学,3,1
凤台一中,2,1
凤台一中2025到2026学年开学考试卷,1,1
凤城,1,1
凤城中学,1,1
凤城初中,2,1
凤山,1,1
凤阳高一上学期第一次月考,1,1
凤鸣山,4,1
凤鸣山中学分班考,2,1
凭祥市,4,1
凯悦中学高一上学期数学期末试卷,6,1
凯悦中学高一上学期数学试卷,3,1
凯里一中,2,1
凯里一中2025—2026第一学期周测数学十一答案,3,1
凯里一中教育,6,1
凯里八中,1,1
凯里学院附属中学,3,1
凸透镜成像,3,1
凸透镜成像规律单元测试卷,1,1
凸透镜成像规律测试卷,1,1
凹凸,7,1
凹凸镜,1,1
凹透镜,2,1
出2027届八年级下阶段练习三,6,1
出山道中口站,1,1
出师表1～5段,1,1
出师表抄写,3,1
出试卷,1,1
函,1,1
函数 0 1 八年级期末,4,1
函数 0 1 函数一轮复习专题高三,4,1
函数 单调性9种常见题型,12,1
函数 单调性9种常见题型一轮复习,3,1
函数 压轴题 专项训练 解析版,5,1
函数 奇偶性常见题型,3,1
函数 测试卷,1,1
函数一轮复习测试,5,1
函数与三角函数的题,4,1
函数与导数,1,1
函数与导数 2026高三一轮专题复习,28,1
函数与方程,4,1
函数专练卷,5,1
函数专项复习,4,1
函数专项练习,5,1
函数专项训练,6,1
函数专题 2026届高三一轮复习,3,1
函数专题卷,6,1
函数专题高一,3,1
函数之前,1,1
函数动轴不动区和动区不动轴,1,1
函数单调性和奇偶性,4,1
函数单调性练习,1,1
函数单调性练习人教版,3,1
函数及其基本性质,2,1
函数周期性,5,1
函数周期性与对称性,1,1
函数四大性质,1,1
函数图像,5,1
函数图象,1,1
函数奇偶性,3,1
函数定义域,1,1
函数定义域值域,1,1
函数定义域和值域专题,3,1
函数所有题型,1,1
函数拔高,1,1
函数比大小,6,1
函数求值域专题,3,1
函数测试卷,1,1
函数测试卷大题,3,1
函数的单调性 知识清单,15,1
函数的双对称,8,1
函数的周期性,1,1
函数的周期性和对称性,3,1
函数的图像适应性联系练习,9,1
函数的对称性和周期性,5,1
函数的概念与性质 单元检测卷,4,1
函数的概念与性质单元检测卷,2,1
函数的概念专练,4,1
函数的概念和性质,33,1
函数的概念高一,4,1
函数的表示法专练,5,1
函数的零点,2,1
函数知识点归纳,1,1
函数综合题,1,1
函数解析式,1,1
函数零点问题,4,1
函数题,3,1
函数题型,3,1
函数高考一轮复习,16,1
函数高考题合集,6,1
分子,1,1
分子与细胞习题,1,1
分子与细胞知识点总结,7,1
分子与细胞第123章背诵默写,1,1
分子与细胞第一章第二章第三章,1,1
分子与细胞第一章第二章第三章默写,1,1
分子与细胞背诵默写,3,1
分子动理论,2,1
分子动理论巩固培优,2,1
分子动理论巩固培有,1,1
分子热运动,3,1
分层 作业,2,1
分层作业,3,1
分层作业 2025 2026学年下册分层课时作业精选,9,1
分层作业 人教版,8,1
分布列 2025 一轮复习,6,1
分式 计算题专项训练,4,1
分式不等式的解法题型,7,1
分式与分式方程,4,1
分式函数值域,2,1
分式加减法专项训练。,1,1
分式化简,11,1
分式压轴题,3,1
分式和分式方程,8,1
分式基础过关,5,1
分式的混合运算,3,1
分式的混合运算100题,4,1
分式练习,1,1
分数 01专题,5,1
分数乘法单元测试,5,1
分数乘除法,2,1
分数习题,1,1
分数初步应用,1,1
分数的应用（一）,2,1
分数的计算,1,1
分数的认识、比大小及实际应用,5,1
分数的除法,2,1
分数运算,1,1
分数除法,3,1
分数除法应用,1,1
分析句子的表达效果,2,1
分段函数,1,1
分段计费,14,1
分母为字母,3,1
分班 四川开学考,5,1
分班 开学考天津,2,1
分班 开学考山东,4,1
分班 开学考山东2025,2,1
分班 开学考西安,1,1
分班卷初中,3,1
分班测 七年级入学郑州英语,7,1
分班测试免费,3,1
分班考 初一沙坪,1,1
分班考 初一沙坪坝,2,1
分班考 初一重庆,6,1
分班考 初一铜梁巴川,2,1
分班考 新初一,2,1
分班考 高一 上学期,8,1
分班考 高一北京,1,1
分班考。高中,3,1
分班考初一语文,13,1
分班考模拟卷,3,1
分班考湖北,3,1
分班考湖北大冶市,3,1
分班考真题卷,5,1
分班考石室天府中学,1,1
分班考英语真题,3,1
分班考西安,3,1
分班考试 高中 高一,1,1
分班考试 高中成都,1,1
分班考试初一,3,1
分班考试初中,3,1
分班考试卷初升高仪征,6,1
分班考试卷初升高天津,1,1
分班考试卷小升初京华梅岭,3,1
分班考试卷小升初外研版,3,1
分班考试卷小升初苏教版,3,1
分班考试卷小升初英语,1,1
分班考试卷小升初英语外研版,2,1
分班考试卷岳阳,3,1
分班考试卷岳阳七上,1,1
分班考试卷岳阳七上十中,1,1
分班考试试卷江苏,1,1
分班考试试卷江苏扬州宝应,9,1
分班考试题,2,1
分班考试高一,4,1
分班考语文试卷,1,1
分班考长郡,1,1
分班考高一南京,1,1
分班考高一郴州,1,1
分班考高中,12,1
分类 汇编,4,1
分类 汇编 2026,3,1
分类考试卷,1,1
切线放缩,3,1
切线过点,1,1
列东中学,2,1
列五,3,1
列车,3,1
刘康平,2,1
刘擎西方现代思想讲义,3,1
刘晓艳,1,1
刘晓艳英语中考语法,3,1
则徐中学,5,1
则徐中学八上,4,1
则徐中学语文,4,1
创培,1,1
创新卷八年级下册,1,1
创新导学案假期必刷题地理,1,1
创新导学案假期必刷题地理高二,1,1
创新教程 新试题精选 高中生物（必修2）,3,1
创新教程 高考数学总复习大一轮讲义 2027版 人教A版,6,1
创新模拟,5,1
创新班,4,1
创新班选拔考试,1,1
创新设计,1,1
创新设计2027版一轮复习电子版生物,1,1
创新设计2027版一轮复习鲁科版,3,1
创新设计物理必修三,2,1
创新设计物理必修二,9,1
创新高级中学2026上学期创高杯考试高一,10,1
创联盟8月地理,2,1
创联盟8月语文,2,1
初 高 衔接2026,1,1
初 高 衔接2026数学,3,1
初1分班开学考,10,1
初1期中考试,1,1
初一,13,1
初一 数学,3,1
初一七年级上册英语unit1,13,1
初一上册初中数学,1,1
初一上册地理知识点,3,1
初一上册开学基础素养,1,1
初一上册开学考试题,3,1
初一上册有理数的加减混合运算,2,1
初一上册有理数的混合运算阶段检测题,1,1
初一上册秀峰中学月考卷202 5~2026。,2,1
初一上册秀峰中学月考卷202 5~2026数学,2,1
初一上册秀峰中学月考卷2025~2026数学,3,1
初一上学期,1,1
初一上学期数学压轴题,14,1
初一上学期数学口算练习,11,1
初一上学期数学计算,20,1
初一上学期第4单元,1,1
初一上学期第二单元数学口算练习,4,1
初一上数学整式,1,1
初一上数学整式人教版,3,1
初一上数学期末,2,1
初一上第一次月考,10,1
初一下英语阅读理解40篇专练加答案,1,1
初一五华区,1,1
初一仁爱版,4,1
初一入学,10,1
初一入学分班卷,1,1
初一入学摸底考试卷,3,1
初一入学考试卷福建厦门,3,1
初一入学语文,3,1
初一分班,4,1
初一分班考南京,1,1
初一分班考南京栖霞,2,1
初一分班考数学四川,21,1
初一分班考试卷数学人教版,4,1
初一分班考语文试卷福建泉州,1,1
初一分班考语文试卷福建泉州晋江市,1,1
初一分班考语文试卷福建泉州晋红市,1,1
初一分班考语文试卷配答题卡福建泉州晋江市,2,1
初一到初三必备高频词英语译林版,6,1
初一南京栖霞,1,1
初一压轴题,1,1
初一四五单元,2,1
初一奥数,3,1
初一开学分班,1,1
初一开学分班江苏,3,1
初一开学分班江苏宿迁,1,1
初一开学考五华区,4,1
初一开学考试英语,3,1
初一开学自测,3,1
初一开考,1,1
初一政治,1,1
初一政治云南,1,1
初一数学,1,1
初一数学上册日照市新营中学期末考试题,6,1
初一数学上册月考内江市,3,1
初一数学上册月考内江市天立学校,1,1
初一数学佛山,1,1
初一数学北师大版,1,1
初一数学卷子湖南,3,1
初一数学压轴题,1,1
初一数学口算练习一二单元,7,1
初一数学口算练习一单元,8,1
初一数学月考内江市,1,1
初一数学期末试卷,2,1
初一数学练习,2,1
初一数学练习口算,1,1
初一整式乘除加减混合计算专项训练,4,1
初一新生入学摸底考试,3,1
初一新生分班考,2,1
初一月考,14,1
初一有理数的加减混合运算,1,1
初一期中试卷,10,1
初一生物综合卷,1,1
初一生物综合卷福建,2,1
初一的网课视频,9,1
初一英语训练,3,1
初一英语试卷人教版,4,1
初一西安重点中学数学期末考试,6,1
初一西安重点中学期末考试,1,1
初一西安重点中学英语期末考试,2,1
初一计算题专项训练数学苏教版,2,1
初一计算题专项训练汇总数学苏教版,2,1
初一计算题训练汇总数学苏教版,8,1
初一语文100篇现代文阅读专项训练技巧,4,1
初一语文入学摸底,8,1
初一语文古诗默写,7,1
初一语文课堂,4,1
初一语文阅读理解20篇,18,1
初一语法,1,1
初一语法方位,4,1
初三 化学,3,1
初三 数学,1,1
初三 数学 1轮复习 核心知识,13,1
初三 物理,2,1
初三一模物理电学分类汇编,1,1
初三上入学考,14,1
初三上册十一中2025~2026学年月考卷,1,1
初三上册数学,13,1
初三上册数学开明中学,1,1
初三上册数学第一次月考,16,1
初三上册第2单元二次函数,2,1
初三上化学课件,4,1
初三上学期化学反应定量关系第五单元,5,1
初三上学期化学反应定量关系第五单元单元测试题,1,1
初三上学期化学第五单元,7,1
初三上学期开学收心考陕西,16,1
初三上数学密云,1,1
初三上期化学第一次月考成都,2,1
初三上期数学第一次月考成都,3,1
初三上期物理第一次月考,1,1
初三上期物理第一次月考成都,3,1
初三上物理期中,3,1
初三上英语期中,6,1
初三上英语第一次月考,6,1
初三入学考试,23,1
初三化学1 1讲义,5,1
初三化学1-4,3,1
初三化学第一次月考卷,5,1
初三北京,1,1
初三北京中考英语,4,1
初三北京期末,2,1
初三升高一,1,1
初三年级开学质量检测,23,1
初三开学考,4,1
初三开学考五华区,1,1
初三开学考昆明,5,1
初三数学,1,1
初三数学专项练习,8,1
初三数学几何,2,1
初三数学深圳,6,1
初三杨浦期中,12,1
初三杨浦期中语文测评卷,5,1
初三物理,1,1
初三物理内能,7,1
初三物理第一次月考,1,1
初三物理阶段性测试,21,1
初三电学电热计算,1,1
初三电学综合,7,1
初三电学计算,2,1
初三电热计算,1,1
初三电路图,3,1
初三省丹中提招,4,1
初三英语,1,1
初三英语听力强化训练,1,1
初三英语沪教,1,1
初三阿氏圆,3,1
初中,2,1
初中 01 一轮复习 古诗词内容背诵整理,2,1
初中 化学,3,1
初中 化学01 一轮复习人教版核心记背资料带图题核心必背,4,1
初中 数学 知识点2025汇总清单,1,1
初中 物理,8,1
初中 英语词汇 1600 背诵版和默写人教版,7,1
初中1600单词背诵,1,1
初中1600词,6,1
初中1600词汇表,9,1
初中2026初必刷题,2,1
初中3500单词,4,1
初中8年级上册地理10月月考,1,1
初中8年级上册生物10月月考辽宁,2,1
初中一元一次,1,1
初中三角函数计算题,2,1
初中三角函数计算题辽宁,1,1
初中上分卷,5,1
初中上分卷九年级英语,6,1
初中上分卷八年级上册,1,1
初中上分卷必刷题系列·初中同步）九年级英语全一册 人教版（2024新教材）,1,1
初中中考英语作文素材 人教版新版教材2026,6,1
初中中考英语高频词688词21天记背,2,1
初中二次函数几何压轴题,5,1
初中人教版数学,1,1
初中人教版数学书,1,1
初中人教版物理磁,7,1
初中代数题型方法及练习,8,1
初中免费试卷数学北京,2,1
初中全科摸底卷,5,1
初中八年级上册人教版数学三角形,4,1
初中八年级上册物理凸透镜成像规律的练习题,21,1
初中八年级物理上册眼镜与眼睛的练习题,18,1
初中几何专题,15,1
初中几何都在几年级,1,1
初中函数,1,1
初中分班卷,1,1
初中分班考2026,4,1
初中分班考小作文武汉,1,1
初中分班考数学,1,1
初中分班考江西语文,1,1
初中分班考语文作文,1,1
初中初分班考,1,1
初中动点问题,12,1
初中化学实验,1,1
初中化学竞赛,16,1
初中化学试卷,5,1
初中北师大版几何专题,19,1
初中升学考试,1,1
初中历史时间线,2,1
初中压轴综合,1,1
初中反比例函数压轴题,8,1
初中古文虚词,6,1
初中名校发展共同体8年级期中考试数学,6,1
初中国家机构和国家制度思维导图,3,1
初中圆几何压轴题,10,1
初中圆压轴题,1,1
初中圆的最值问题,10,1
初中圆综几何压轴题,2,1
初中地理中考,3,1
初中复习资料,3,1
初中学业水平考试,5,1
初中完形填空,5,1
初中宿迁期中化学,4,1
初中小作文,1,1
初中小作文武汉,2,1
初中平行四边形题型,2,1
初中平行四边形题型方法及练习,16,1
初中应用物理知识竞赛,15,1
初中必刷题,1,1
初中必备古诗文言文清单,2,1
初中必备高频词英语译林版,1,1
初中必背,2,1
初中必背古诗文,3,1
初中必背古诗文清单,2,1
初中摸底考,4,1
初中摸底考7年级上册。,1,1
初中摸底考7年级上册。福建,3,1
初中政治中学时代,1,1
初中数学,1,1
初中数学三角形电子版教案,10,1
初中数学中考,1,1
初中数学几何模型,2,1
初中数学四点共圆,6,1
初中数学基础,2,1
初中数学基础题,10,1
初中数学小蓝本,2,1
初中数学小题速算技巧,2,1
初中数学混合运算题,3,1
初中数学知识点,1,1
初中数学知识点框架,6,1
初中数学知识点汇总,1,1
初中数学竞赛 2025年真题,1,1
初中数学竞赛 50题真题专项训练 全国竞赛专用,1,1
初中数学竞赛能力培优教程,15,1
初中数学联赛,3,1
初中数学联赛预赛,1,1
初中数学计算,3,1
初中数学计算题专项,5,1
初中文言文实词翻译,4,1
初中核心1600词汇,4,1
初中概率复习,1,1
初中欢乐寒暑假丛书,1,1
初中毕业班第一次模拟测试,6,1
初中物理,1,1
初中物理光学专题,2,1
初中物理力学,1,1
初中物理力学公式总结,3,1
初中物理动态电路,2,1
初中物理压轴题,7,1
初中物理受力分析,5,1
初中物理声音,4,1
初中物理声音专题,7,1
初中物理密度,13,1
初中物理浮力,2,1
初中物理浮力测密度,1,1
初中物理浮力测密度重难,4,1
初中物理滑轮专题,5,1
初中物理竞赛,5,1
初中物理竞赛试卷,5,1
初中物理竞赛题,3,1
初中现代文阅读,13,1
初中现代文阅读十三篇,5,1
初中生地会考生物试卷,1,1
初中生地会考生物试卷湖南,5,1
初中生物会考,1,1
初中生物会考知识清单,5,1
初中电学,2,1
初中电学计算压轴题物理,3,1
初中病句,2,1
初中相似三角形几何压轴题,2,1
初中知识清单生物,3,1
初中联赛,1,1
初中英语写作万能句型,3,1
初中英语单词,1,1
初中英语固定搭配汇总背诵,3,1
初中英语完型填空,1,1
初中英语常用短语,1,1
初中英语形式主语练习题,2,1
初中英语必会单词,1,1
初中英语必背短语,3,1
初中英语时态 2026一轮复习,6,1
初中英语星级训练,1,1
初中英语短文填空,5,1
初中英语福州模拟中考,7,1
初中英语词汇1600默写版,8,1
初中英语试卷,5,1
初中英语语法名词专项卷子,2,1
初中英语语法固定搭配练习,8,1
初中英语语法固定搭配练习人教版,2,1
初中英语阅读竞赛,39,1
初中英语高频 800 词,1,1
初中英语高频词汇,1,1
初中解一元二次方程,1,1
初中解二元一次方程,3,1
初中计算,1,1
初中计算题专项数学,6,1
初中计算题数学,1,1
初中语文 自主招生 探究题 浙江,7,1
初中语文 阅读理解2026答题技巧,3,1
初中语文.,1,1
初中语文小题狂做提优版,1,1
初中语文必刷,4,1
初中语文必背古诗文,10,1
初中语文现代文阅读,1,1
初中语文现代文阅读九年级,4,1
初中语文病句练习,8,1
初中语文知识点总结,2,1
初中语文考点归纳总结大全文言文,9,1
初中语文阅读专项,4,1
初中语文阅读理解人教版专项训练,9,1
初中运算计算升级卡八下,3,1
初中道法国家机构和国家制度思维导图,3,1
初中阅读 100篇专项训练,1,1
初中阶段的古诗和文言文,1,1
初中雅礼,1,1
初二 物理 八年级上册,13,1
初二 物理 八年级上册期中,4,1
初二2026地生,6,1
初二。语文。暑假作业,1,1
初二上册语文能力素养,1,1
初二上册语文能力素养与朱元思书,2,1
初二上学期人教版第一第2单元卷子,1,1
初二上数学期中,4,1
初二上数学第二章,6,1
初二上物理,2,1
初二上物理光,1,1
初二上物理总结,1,1
初二上物理期中,7,1
初二上物理第一章,16,1
初二上物理第二章,4,1
初二上练习题,1,1
初二下册期末英语,1,1
初二中实,1,1
初二中实哈尔滨,2,1
初二人大附期末,1,1
初二人大附期末数学,1,1
初二函数专题沪科版,7,1
初二北师大版数学,1,1
初二北师大版材料,1,1
初二北师大版材料数学,1,1
初二升初三语文阅读,2,1
初二压强浮力试卷,8,1
初二必背单词,9,1
初二必背单词人教版,1,1
初二摩擦力,4,1
初二摩擦力习题,5,1
初二数学,4,1
初二数学上册第一单元试题,1,1
初二数学上册第一次月考,4,1
初二数学卷,25,1
初二数学第,1,1
初二数学第一次月考试卷（一完中 · 2021年）,1,1
初二数学第一次月考试卷（辽宁盘锦一完中 · 2021年）,15,1
初二数学第一章,9,1
初二数学第一章勾股定理,2,1
初二数学第二章,3,1
初二数学视频,1,1
初二暑假作业检测,12,1
初二月考,12,1
初二物理,1,1
初二物理 八下,5,1
初二物理培优训练,1,1
初二物理竞赛,2,1
初二知识点总结,1,1
初二第一单元数学试卷,3,1
初二英语上,2,1
初二英语卷,4,1
初二衡水英语,3,1
初二语文,1,1
初二语文阅读理解人教版专项训练,4,1
初升高 10节 英语,1,1
初升高 2026初升高 暑假衔接,1,1
初升高 物理2026年暑假衔接,1,1
初升高一测试卷,14,1
初升高入学分班考,2,1
初升高入学分班考广东省深圳市,1,1
初升高入学考,1,1
初升高入学考试,8,1
初升高入学考试试卷,10,1
初升高入学考试试卷岳阳,9,1
初升高入学考试试卷岳阳外国语学校,3,1
初升高几何体,1,1
初升高几何题,1,1
初升高分班,1,1
初升高分班考,8,1
初升高分班考试,1,1
初升高分班考试卷,6,1
初升高分班考试卷真题,2,1
初升高创新班试卷,4,1
初升高英语摸底,4,1
初升高英语测试卷,3,1
初升高衔接卷湖北,10,1
初升高衔接山西省,8,1
初升高衔接测试卷,7,1
初升高衔接课程,3,1
初级会计,1,1
初衔高,5,1
初高中·衔接直通车,14,1
初高中化学衔接,1,1
初高中衔接,6,1
初高中衔接 一元二次方程,21,1
初高中衔接2026年数学,2,1
初高中衔接英语讲义,1,1
初高中衔接英语高频短语,4,1
初高数学衔接因式分解,5,1
初高衔接 新教材 数学 专题集训,11,1
初高衔接化学,3,1
初高衔接试题卷,6,1
初高衔接语文,4,1
初高街接试卷,2,1
判卷子,2,1
利津县高级中学,5,1
利润 打折问题,8,1
利润是什么,2,1
利润问题,3,1
利用函数性质求定义域,3,1
利用函数的增减性求字母的取值范围二次函数,1,1
利用基本不等式求最值,3,1
利用硼原子,4,1
制取氧气,7,1
前三个单元,5,1
前厅,1,1
前缀,3,1
前郭,13,1
前郭尔罗斯蒙古高二期末英语,1,1
前黄历史,9,1
剑桥国际英语语音,2,1
剑桥雅思,1,1
剑津中学,4,1
剥豆毕淑敏,2,1
剥豆毕淑敏语文阅读,1,1
力上天府新区,1,1
力学专题模块好题,2,1
力学中的连接体和临界问题,5,1
力学受力分析,1,1
力学复习,1,1
力学大题,1,1
力学好题,7,1
力学实验，高考,1,1
力学所有专题,8,1
力学正交分解,1,1
力学福建初中物理,7,1
力学综合卷,1,1
力学连接体问题,1,1
力学零基础讲义,3,1
力旺九上月考,3,1
力旺九上期中化学,9,1
力旺化学,2,1
力旺实验中学,2,1
力的分解和合成,2,1
力的合成与分解基础练习,3,1
力的合成与分解练习题,3,1
力的合成与分解计算题,4,1
力的合成和分解,8,1
力的唯一性和多解性,1,1
力的正交分解练习,2,1
力重力弹力,1,1
劝学 024文本理解性默写,6,1
功,8,1
功与机械能,11,1
功与能,1,1
功能 大题,1,1
加减法,12,1
加练半小时,17,1
加练半小时2021数学,9,1
加速电厂,1,1
加速电场,4,1
动力学中的图像问题,5,1
动力学中的连接体和临界极值问题。,1,1
动力学中的连接体问题,2,1
动图解题,3,1
动声测距,3,1
动态平衡期末,2,1
动态电路分析,11,1
动态电路分析与计算,1,1
动态电路超难压轴题,5,1
动点专练,1,1
动画片,3,1
动能,7,1
动能 动量功能综合大题,1,1
动能 定理7大题型归纳习题,9,1
动能动量,1,1
动能定理专题专练,18,1
动能定理专题卷,6,1
动能定理大腿,1,1
动能定理综合应用,14,1
动能摩擦生热,2,1
动角 初一压轴题,2,1
动词 过去式过去分词背诵版和默写版 不规则变化,5,1
动词+宾语+不定式,3,1
动词不定式,1,1
动词不规则变化表,1,1
动词变化规则,9,1
动词的非谓语形式,11,1
动词过去式背诵版,1,1
动轴不动区和动区间不动轴问题,2,1
动量 守恒定律15种模型大题,1,1
动量 定理7大题型归纳习题,1,1
动量 能量的综合应用,7,1
动量一轮复习,3,1
动量动能,2,1
动量复习,3,1
动量复习专题,2,1
动量守恒定律,1,1
动量守恒定律实验,6,1
动量守恒定律实验题目,1,1
动量守恒定律期中专项,3,1
动量守恒定律练习,2,1
动量定理 15种模型,6,1
动量定理的应用,6,1
动量检测卷,8,1
动量难题,4,1
动量高考大题,1,1
动静专题模块好题,1,1
助动词,1,1
助动词练习题,6,1
勤,2,1
勤升,1,1
勤学早,10,1
勤学早大培优,3,1
勤建学校分班考试卷,3,1
勤径学升反比例,4,1
勾股定理 题型归纳与重点突破,3,1
勾股定理与最值问题,8,1
勾股定理北师大版,3,1
勾股定理单元测试,1,1
勾股定理的应用,8,1
匀变速直线运动 12种题型,1,1
匀变速直线运动 12种题型高一物理习题,6,1
匀变速直线运动基本公式及推论应用,1,1
匀变速直线运动的平均速度模型,2,1
匀变速直线运动速度与时间的关系,3,1
匀速圆周运动,6,1
匀速圆周运动难题,2,1
包头,6,1
包头29中期中八年级上,1,1
包头29中期中卷数学八年级上,1,1
包头29中期中数学八年级上,2,1
包头一中,1,1
包头东河2026初一下期末各科试卷,5,1
包头二中八上英语,5,1
包头八上英语月考,13,1
包头八上英语期中考试,11,1
包头八上英语期中考试35中,11,1
包头八年级下册,8,1
包头包钢三中期中八年级上,3,1
包头去年29中期中卷数学八年级上,2,1
包头市,3,1
包头市二中八上英语,18,1
包头市第九中学外国语初中部,3,1
包头市青山区第四中学试卷,10,1
包头市高二上学期数学月考卷10月,3,1
包头昆区三中八上物理期中真题,2,1
包头昆区第三中学8上物理期中真题,4,1
包头期末,4,1
包头第一学期数学八上期中真题,7,1
包河,1,1
包河区一模,2,1
包河区三模,3,1
包河区九上期中考试,5,1
包罗万象的阿伏伽德罗,1,1
包钢一中,3,1
包钢三中,1,1
包钢三中期中八年级上,1,1
化 学工艺流程,1,1
化一,3,1
化学 一轮复习2026讲义,5,1
化学 北京 化工,4,1
化学 反应原理 2025二轮大题专练,1,1
化学 国赛,1,1
化学 必修一,2,1
化学 必修一试卷,1,1
化学 方程式 202 3必考方程总结,5,1
化学 方程式 配平的方法专题,2,1
化学 方程式配平 2025练习,4,1
化学 知识点 2026新高考知识点汇总,1,1
化学020化学专题工艺流程大题,6,1
化学2025～2026九上期中试卷,1,1
化学2025～2026九上期中试卷郓城县,1,1
化学2026高考真题全国一卷,3,1
化学8大实验,1,1
化学K有关的计算,3,1
化学PH测定别管建议平衡,9,1
化学一模,1,1
化学一模分类汇编,2,1
化学与生活,13,1
化学专题,1,1
化学专题04 物质的量,17,1
化学专题6氯及其化合物,2,1
化学专题6氯及其化合物高一,7,1
化学专题复习,3,1
化学中考,3,1
化学中考题,1,1
化学九上ppt,1,1
化学九上厦门市质检,1,1
化学九上厦门期末市质检,2,1
化学九上月考,61,1
化学九上期中,12,1
化学九上期末,1,1
化学九上第,2,1
化学九上第一单元测试卷,2,1
化学九年级,2,1
化学九年级上册科粤版 2024新版课本,1,1
化学书,1,1
化学人教版选修一课本,1,1
化学仪器,2,1
化学作业,1,1
化学元素化合物 2025一轮复习,8,1
化学元素周期表电子版,6,1
化学元素周期表背诵,2,1
化学元素默写,3,1
化学免费,5,1
化学入学考,2,1
化学八上期中2022,1,1
化学八上期中2022泰山区,10,1
化学八下,8,1
化学八年级,2,1
化学共价健练习题,2,1
化学共价健练习题氢键,1,1
化学典型习题,1,1
化学分层作业,13,1
化学制取氧气,3,1
化学北京中考,4,1
化学单元测试,14,1
化学南京一中高一下,1,1
化学南京一中高一下期末,3,1
化学双栖合成有机物制备以及芳香烃溴苯实验反应,1,1
化学双烯合成有机物制备,3,1
化学双烯合成有机物制备以及芳香烃溴苯实验反应,1,1
化学反应与能量变化,2,1
化学反应与能量变化鲁科版,2,1
化学反应多平衡体系,1,1
化学反应平衡图像选择压轴,3,1
化学反应热效应,1,1
化学反应的调控,3,1
化学反应的速率与限度,8,1
化学反应速率与化学平衡例题,8,1
化学反应速率和化学平衡,1,1
化学反应速率和化学平衡高二,5,1
化学反应速率和化学平衡高二人教版,4,1
化学反应速率大题,4,1
化学合格考,1,1
化学合格考真题,3,1
化学合格考视频,2,1
化学同分异构体,4,1
化学同分异构体几氯代物,1,1
化学周周练,4,1
化学基础知识,2,1
化学基础知识背诵,1,1
化学复习卷,1,1
化学大题,5,1
化学大题湖南,1,1
化学实验与科学探究,8,1
化学实验与科学研究,12,1
化学实验与科学研究复习,4,1
化学实验与科学研究预习,1,1
化学实验专题,9,1
化学实验中常用仪器的用途以及注意事项,16,1
化学实验器材,2,1
化学实验基本技能训练,1,1
化学实验常用装置和基本操作,5,1
化学实验的常用仪器和基本操作,7,1
化学实验装置图判断,56,1
化学小题,3,1
化学工业流程题,5,1
化学工艺流程专项,2,1
化学平衡专项,1,1
化学平衡专题,3,1
化学平衡图像,4,1
化学平衡实验大题,7,1
化学平衡有关计算,1,1
化学平衡状态,3,1
化学平衡状态和平衡常数,11,1
化学平衡状态练习题,1,1
化学平衡的移动,5,1
化学开学,3,1
化学开学考,29,1
化学强基,2,1
化学强基校测真题,1,1
化学强基真题,3,1
化学必修2有机物,6,1
化学必修2第1章单元测试卷,2,1
化学必修2第6章单元测试卷,2,1
化学必修一冲刺试卷,3,1
化学必修一物质及其变化,5,1
化学必修一物质及其变化单元卷,5,1
化学必修一知识点,3,1
化学必修一知识点总结,2,1
化学必修一知识点讲义,18,1
化学必修一第1章单元测试卷,3,1
化学必修一第1章物质及其变化单元测试卷,6,1
化学必修一第2章,5,1
化学必修一第一单元 单元测试,2,1
化学必修一第一章,4,1
化学必修一第一章 单元测试,2,1
化学必修一第一节,5,1
化学必修一第四章练习,2,1
化学必修一讲义,35,1
化学必修一课前预习,8,1
化学必修三第一章,3,1
化学必修二知识点,5,1
化学必修二第六章单元测试,8,1
化学必修二综合试卷,1,1
化学必修二考点试卷,1,1
化学思维导图,1,1
化学总结,1,1
化学成都市2022级高中毕业班摸底测试,22,1
化学所有类型的大题,4,1
化学操作仪器,1,1
化学操作仪器的介绍,18,1
化学操作试剂,5,1
化学教材,1,1
化学教科书,5,1
化学新高二2026年开学考。,3,1
化学新高考真题云南,2,1
化学方程式大全,1,1
化学方程式汇总高中,3,1
化学方程式的书写与配平,3,1
化学方程式配平,3,1
化学方程式配平练习,3,1
化学无机化合物高考真题,2,1
化学晶体,2,1
化学晶体专题,1,1
化学晶胞,6,1
化学有机,5,1
化学有机2026高三专题,6,1
化学有机合成,2,1
化学有机合成与推断,2,1
化学有机合成与推断链接知识,1,1
化学有机实验大题,4,1
化学有机流程题,4,1
化学有机选修卤代烃的性质,3,1
化学有机选修卤代烃的性质和制备,1,1
化学有机选修第一章,5,1
化学有机题,3,1
化学期中,1,1
化学期中海口,1,1
化学期中海口初三,3,1
化学期中考试九年级上册厦门,2,1
化学期末汇总,7,1
化学期末考,15,1
化学武清区期中卷子,1,1
化学武清区期中卷子九上,15,1
化学武清区期中卷子九上期中　六立,4,1
化学武清区期中卷子九上期中　杨村十一中,1,1
化学武清区期中卷子九上期中　杨村十一中中学,1,1
化学武清区期中卷子九上期中　杨村第十一中中学,2,1
化学氧气,2,1
化学氯气的性质,8,1
化学水溶液中离子反应与平衡,10,1
化学泰山区七中,5,1
化学泰山区八㇏上,1,1
化学泰山区八！上,1,1
化学活化能,1,1
化学溶液,5,1
化学溶液基础计算题,4,1
化学物质的量专题,10,1
化学物质的量专题质量差,9,1
化学用语,3,1
化学电子得失高二,1,1
化学电子高二,1,1
化学电源,3,1
化学电离平衡,2,1
化学电解池,4,1
化学电解池原电池专项训练,6,1
化学相对原子质量计算,8,1
化学真题分类汇编,1,1
化学真题山西高一上,4,1
化学知识清单离子反应,4,1
化学知识清单离子反应离子反应方程式,4,1
化学知识点总结初中,3,1
化学知识点记背,2,1
化学离子推断专项,5,1
化学离子方程式正误判断,24,1
化学竞赛 2023高中预赛试题,2,1
化学竞赛初赛,7,1
化学竞赛国赛,1,1
化学竞赛奥林匹克,3,1
化学竞赛海口,4,1
化学竞赛题,2,1
化学第1单元预习,1,1
化学第1单元预习成都,6,1
化学第1单元预习视频,2,1
化学第1单元，人教,2,1
化学第一单元-第二单元,2,1
化学第一单元测试,5,1
化学第一单元测试人教版,4,1
化学第五章,2,1
化学第四单元,1,1
化学第四单元水资源,1,1
化学练习题氢键,6,1
化学结构大题专项突破,5,1
化学综合卷,3,1
化学综合实验,4,1
化学自招,5,1
化学自招试卷青岛2026二中,1,1
化学衡中学案一轮复习,2,1
化学计量,5,1
化学计量计算,10,1
化学试剂,1,1
化学试卷2026,19,1
化学试卷高二上,3,1
化学课本,1,1
化学课本电子版,6,1
化学选一溶液中的离子专项训练,3,1
化学选一知识点鲁教版,2,1
化学选修一,1,1
化学选修一专项,1,1
化学选修一平衡转化率导学案,1,1
化学选修一知识点,9,1
化学选修一第一章,7,1
化学选修三知识点,9,1
化学选修二知识点,1,1
化学选必1,3,1
化学选必一ppt,4,1
化学选必一专项,1,1
化学选择,1,1
化学选择必修一,1,1
化学选择性必修3,1,1
化学选择性必修3实验,1,1
化学选择性必修一必刷题,6,1
化学选择性必修一第一章复习课件,7,1
化学选择性必修一讲义,11,1
化学选择性必修一课件,4,1
化学选择题,9,1
化学配平,5,1
化学金属,2,1
化学金属及其氧化物高中,9,1
化学金属题一轮复习,1,1
化学金属题一轮复习高中,6,1
化学钠及其化合物练习题,10,1
化学青岛期中,19,1
化学顶尖课课练,1,1
化学预习第1单元,1,1
化学高一,1,1
化学高一上月考,9,1
化学高一下册有机推断专项训练。,12,1
化学高一下册期末考试卷山东聊城,2,1
化学高一下学期期末,12,1
化学高一原电池,4,1
化学高一电池,4,1
化学高一第一次月考,5,1
化学高一试卷下,8,1
化学高三上学期开学考辽宁,1,1
化学高三上学期辽宁,3,1
化学高三上开学考,2,1
化学高三临模,1,1
化学高三吉林,11,1
化学高三开学考,6,1
化学高三开学考 点石联考,1,1
化学高三开学考 辽宁名校联盟,3,1
化学高三开学考辽宁,1,1
化学高中知识点总结,1,1
化学高二上学期开学考试,4,1
化学高二上学期，开学考试,1,1
化学高二下,18,1
化学高二下期末考试辽宁,18,1
化学高二下期末辽宁,5,1
化学高二期末合肥,3,1
化学高二选择性必修一第一章检测卷,5,1
化学高考免费,1,1
化学高考卷,3,1
化学鲁教版第一单元测试,1,1
化学鲁教版第一单元测试九年级上册,3,1
化学鲁科版选择性必修一课本,3,1
化学鲁科版选择性必修一课程课本,1,1
化学默写,7,1
化学默写小纸条,4,1
化学（2023-2025）高考真题分项汇编,4,1
化学，重庆一中,1,1
化州市第一初级中学模块一英语,1,1
化州市第一初级中学模块一英语初一,1,1
化州市第一初级中学，初一第一学期英语，第一模块,4,1
化州市第一小学二零二六年小升初英语,7,1
化州市第一小学二零二六年小升初英语第二学期,2,1
化工原理,1,1
化竞,7,1
化简比,3,1
化简求值,16,1
化验学平衡,7,1
北二分开,1,1
北二分开学考,5,1
北二外,2,1
北京 中考 10年 真题 分类 汇总,3,1
北京 中考数学 10年 真题 分类 汇总,2,1
北京 高考 10年 真题 分类 汇总,2,1
北京101中2019~2020高一下物理期末考试,3,1
北京101中2025-2026第二学期期末考试题,51,1
北京101中学九上数学期末卷,2,1
北京101中学分班考,1,1
北京101中学数学高三上学期开学考,4,1
北京101中学数学高三开学考,6,1
北京12中,1,1
北京171中学试卷,2,1
北京2025年高考数学,1,1
北京2026年分班考,1,1
北京25高三上期末数学,1,1
北京一五九中学,3,1
北京一零一中2025-2026高一地理期末,1,1
北京一零一中学九上数学期末卷,2,1
北京一零一中学高一分班考试英语试卷,2,1
北京一零一中学高中分班考,23,1
北京三十五物理期中,3,1
北京东区,1,1
北京东城2023届高三一模数学试题,3,1
北京东城26六十五高一语文,6,1
北京东城26六十五高一语文上学期,5,1
北京东城二模,12,1
北京中学历史,9,1
北京中学集团,1,1
北京中考2026物理,1,1
北京中考一模物理,3,1
北京中考化学2023,1,1
北京中考卷子英语,2,1
北京中考历年圆综,3,1
北京中考圆综,1,1
北京中考圆综合,3,1
北京中考数学,3,1
北京中考旋转构造全等三角形,1,1
北京中考物理2026,6,1
北京中考真题分类汇总,5,1
北京丰台上学期期末考试英语,1,1
北京丰台上学期期末考试英语三年级,6,1
北京丰台初一上学期期末,1,1
北京丰台区初一上学期语文期末卷,1,1
北京丰台高一上数学,5,1
北京丰台高一上英语,3,1
北京丰台高一上语文,2,1
北京丰台高一下数学,2,1
北京丰台高二上学期期中考试化学,2,1
北京丰台高二上学期期末考试化学,1,1
北京九上数学开学摸底考试卷,3,1
北京九上物理开学摸底考试卷,8,1
北京九上语文古诗文电子版,2,1
北京九中物理期中,1,1
北京九中高一物理期中,1,1
北京九年级上学期期中,9,1
北京九年级上学期阶段检测,1,1
北京二中分校初三开学考,16,1
北京二中分校初三物理,10,1
北京二中历史月考,2,1
北京二中教育集团,3,1
北京二中期末数学试卷,1,1
北京二年级下学期阶段检测,6,1
北京五中,4,1
北京五中分,1,1
北京五中分初三开学考,1,1
北京五年级上学期期末试卷,48,1
北京交通大学附属中学,4,1
北京亦庄人大附初三考试,2,1
北京亦庄经开区人大附初三考试,3,1
北京人大附中20二七届高三暑假自主复习检测练习,3,1
北京人大附中20二七届高三暑假自主复习检测练习物理,1,1
北京人大附中数学期末卷子,2,1
北京人大附中新高一,1,1
北京人大附中高三,1,1
北京人才20二七届高三暑假自主复习练习,3,1
北京人教版九上语文古诗文和文言文,2,1
北京人教版九上语文古诗文电子版,3,1
北京人教版九上语文必背古诗文和文言文,1,1
北京八上数学期中,11,1
北京八上英语题,1,1
北京八上语文期中,5,1
北京八中北海实验学校,3,1
北京八年级上学期阶段检测,11,1
北京八年级下学期期末考试数学,1,1
北京六年级上学期阶段检测,2,1
北京六年级下学期,3,1
北京初二英语,11,1
北京初二英语上,2,1
北京初二语文,9,1
北京化学合格考,1,1
北京化学知识点,1,1
北京化学高二开学分班考试,4,1
北京十一中,4,1
北京十一学校,2,1
北京十一学校20258下期末数学卷,1,1
北京十一学校数学2026期末,2,1
北京十一晋元,5,1
北京十中,7,1
北京十二中初三期中数学,1,1
北京十二中高一期末,3,1
北京十二中高一语文,6,1
北京卷2024生物,4,1
北京合格考,1,1
北京合格考物理,1,1
北京四中初三开学考,9,1
北京四中高三,1,1
北京四中高二上期末英语,2,1
北京四年级下学期阶段检测,2,1
北京圆综,3,1
北京地理,1,1
北京地理高一下,4,1
北京外研社八上英语题单元测,10,1
北京大兴区高一上期中物理,4,1
北京大兴定位考,1,1
北京大兴高三上定位考物理,4,1
北京大兴高三定位考物理,1,1
北京大学,1,1
北京大学强基,4,1
北京大学附属中学20252026学年高一下期中物理试卷,5,1
北京大学附属中学高一上数学,1,1
北京小学期末真题,4,1
北京市,1,1
北京市101中学,1,1
北京市2020英语合格考,4,1
北京市2025化学合格考,1,1
北京市2025年生物初中学业水平考试西城区,1,1
北京市2026中考语文卷,3,1
北京市2026年东城区七年级下册英语期末样本卷,1,1
北京市2026年东城区七年级下册道法期末样本卷,3,1
北京市2026年海淀数学一模,1,1
北京市东城区2021年高三二模语文,1,1
北京市东城区2023‑2024学年高二下期化学期末考试,6,1
北京市东城区2023‑2024学年高二下期，化学期末考试,1,1
北京市东城区2025~2026第二学期期末化学,2,1
北京市东城区高三一模英语,3,1
北京市中国人民大学附属中学,4,1
北京市中国人民大学附属中学2026九上第一学期数学期末,8,1
北京市丰台区高一期末数学试卷,1,1
北京市九上开学摸底考试卷,6,1
北京市京源学校,1,1
北京市人大附中2026,12,1
北京市人大附中高一数学,11,1
北京市十一学校,3,1
北京市和平街第一中学,4,1
北京市大兴区2026年数学中考二模,1,1
北京市房山区,2,1
北京市房山区2002十五届高三开学考化学,2,1
北京市房山区2024至2025年数学期中考试试卷,5,1
北京市房山区九年级,1,1
北京市房山区九年级期中,5,1
北京市房山区八年级下册数学期末,1,1
北京市房山区高二下期末2025到2026政治,1,1
北京市数学中考真题,5,1
北京市数学八上期中卷,1,1
北京市数学八年级下册期末,3,1
北京市数学高考题,9,1
北京市日坛中学高二下化学,2,1
北京市昌平区高一物理期末,1,1
北京市昌平区高一英语期末,5,1
北京市朝阳区2023~2024学年七年级下学期期末英语世界,3,1
北京市朝阳区2024-2025第二学期,2,1
北京市朝阳区2025~2026第二学期期末化学,3,1
北京市朝阳区2026第二学期高一化学期末考试,1,1
北京市朝阳区24～25高一下生物期末,2,1
北京市朝阳区八年级下期末考试试卷,3,1
北京市朝阳区八年级期末考试试卷,3,1
北京市朝阳区初一第二学期,3,1
北京市朝阳区初二数学2025 2026,3,1
北京市朝阳区外国语学院,6,1
北京市朝阳区清华附中管庄学校阶段性测试,4,1
北京市朝阳区生物一模,1,1
北京市朝阳区阶段性测试数学,3,1
北京市朝阳区高三一模,1,1
北京市朝阳区高三一模英语,4,1
北京市海淀区2025-2026学年九年级上学期期末考试数学试题,5,1
北京市海淀区2025的20269年度八年级下册数学考试,4,1
北京市海淀区三年级上学期,2,1
北京市海淀区三年级上学期数学,3,1
北京市海淀区教师进修学院附属实验学校2025至2026学期八年级期末数学,1,1
北京市海淀区数学八上期中卷,3,1
北京市海淀区数学八上期末卷,2,1
北京市海淀区高一数学期末,3,1
北京市海淀高二上册生物期中调研,3,1
北京市清华附中高一数学,10,1
北京市清华附九上期末试卷2026答案,3,1
北京市物理中考真题,8,1
北京市石景山区2025~2026学年第二学期初二期末试卷,3,1
北京市石景山区中考一模数学卷子,1,1
北京市第14中学,4,1
北京市第五十四中学,4,1
北京市第十一中,2,1
北京市第四中学,2,1
北京市英语中考真题,8,1
北京市西城区 2022‑2023学年 八年级第二学期 期末统一检测,1,1
北京市西城区2020届高三上学期期末考试语文试题,2,1
北京市西城区2026届高三第二次模拟考试生物试卷,2,1
北京市西城区24～25高一下生物期末,3,1
北京市西城高三统一测试,27,1
北京市语文中考基础题,3,1
北京市语文中考真题,9,1
北京市通州区2023-2024学年第一学期九年级期末质量检测,1,1
北京市通州区数学高一期末,3,1
北京市门头沟区大峪中学高三上开学测数学,2,1
北京市门头沟区大峪中学高三开学测数学,2,1
北京市门头沟区大峪中学高三开学测数学上,1,1
北京市陈经纶中学九上期中考试,8,1
北京市陈经纶中学八年级下册期中考试,1,1
北京市顺义一中入学考,3,1
北京市首都师范大学附属中学开学考2026年数学,4,1
北京市高二上册生物期中调研,4,1
北京师大附属,4,1
北京师大附属高一物理期末,2,1
北京师范大学,7,1
北京师范大学万宁附属中学，高二上学期数学试卷,1,1
北京师范大学南湖附属学校,7,1
北京师范大学天津生态城附属学校2024-2025学年度高一年级第一学期第一次月考,6,1
北京师范大学实验华夏女子中学,1,1
北京师范大学贵安附属学校,1,1
北京师范大学附属中学福建,1,1
北京师范附中2025-2026高三上化学开学考,3,1
北京平面直角坐标系,5,1
北京开学考 分班考 高一,2,1
北京房山二中期末数学试卷,1,1
北京房山区2025开学考化学题高三,1,1
北京房山高三二模英语,1,1
北京政治高二,3,1
北京政治高考真题分类汇编,7,1
北京数学中考,6,1
北京数学中考二模,2,1
北京数学期末卷子,21,1
北京数学答题卡,2,1
北京数学高考,3,1
北京景山学校,4,1
北京朝阳20242025高三上学期期末化学试题,6,1
北京朝阳初二物理,1,1
北京朝阳区八上数学单元卷,3,1
北京朝阳区八上数学单元卷2025,11,1
北京朝阳区初三数学期中,1,1
北京朝阳区初二物理,2,1
北京朝阳高一期中数学,1,1
北京朝阳高一期中数学试卷,4,1
北京汇文中学高一开学,3,1
北京汇文中学高中开学,1,1
北京海淀初一下道法2026,1,1
北京海淀区8上,44,1
北京海淀外国语学校,1,1
北京海淀定位考,7,1
北京海淀平面直角坐标系,8,1
北京海淀高三定位考,1,1
北京海淀高三定位考物理,1,1
北京海淀高三英语,3,1
北京清华大学附属中学,1,1
北京物理,4,1
北京物理动量,4,1
北京物理高一,1,1
北京物理高三,3,1
北京生物高考卷,9,1
北京电子科技职业大学,1,1
北京电子科技职业大学卷子,1,1
北京石景山区26八年级上学期期中数学,6,1
北京石景山区26高二期末数学,1,1
北京第二实验,2,1
北京第八中学,1,1
北京考卷,2,1
北京股份公司，2025年到2026年学年，八年级数学暑假作业二,13,1
北京股份公司，2025年到2026年学年，八年级暑假作业二,2,1
北京股份有限公司,4,1
北京英语初三,1,1
北京西城,5,1
北京西城 开学考,9,1
北京西城2023届高三一模数学试题,1,1
北京西藏中学,5,1
北京语文初三,8,1
北京语文高二,8,1
北京语文高于,1,1
北京路中学月考,1,1
北京通州,6,1
北京通州九上期中数学,6,1
北京通州六中,3,1
北京通州期末,1,1
北京通州玉桥中学,10,1
北京通州运河高中,1,1
北京通州运河高二,1,1
北京通州运河高二上,1,1
北京通州运河高二上地理试卷,1,1
北京通州运河高二上数学试卷,2,1
北京通州高二期末,2,1
北京阶段检测,1,1
北京陈经纶中学九上开学分班考试卷,1,1
北京陈经纶中学九上开学摸底考试卷,4,1
北京顺义区7年级上册历史期末卷,1,1
北京高一,2,1
北京高一上学期期末,8,1
北京高一上期中化学,4,1
北京高一分班考,3,1
北京高一摸底考试,10,1
北京高一期末基础卷,13,1
北京高一期末基础款,1,1
北京高一期末英语,2,1
北京高一语文合格性测试,5,1
北京高一高一下期末,1,1
北京高三,20,1
北京高中分班考数学,13,1
北京高中分班考物理,4,1
北京高中分班考语文,2,1
北京高中化学合格考专题讲义,2,1
北京高中摸底考试,1,1
北京高中物理必修二学习探究诊断,3,1
北京高中生物必修一二期末考试,1,1
北京高中生物必修二,1,1
北京高中高一分班考试物理题,3,1
北京高二上地理月考试卷,3,1
北京高二上地理试卷,1,1
北京高二上学期期末考试化学,3,1
北京高二上数学期末,5,1
北京高二政治,3,1
北京高考地理,1,1
北京高考数学答题卡,4,1
北京高考物理动量,3,1
北京高考生物,3,1
北京高考语文,1,1
北仑中学,12,1
北仑中学2026年校考强基班冲刺真题,1,1
北大学长跳跳,1,1
北大学长跳跳一轮复习,1,1
北大师八上英语月考卷,1,1
北大师版八上英语月考卷,2,1
北大附中初中,1,1
北大附中初二上学期数学,3,1
北大附中高一下期末英语,4,1
北大附中高二数学期中,16,1
北大附高一下期末英语,2,1
北师大 1 2 章 七下 数学,1,1
北师大 8,1,1
北师大7年级下册数学考试试卷,2,1
北师大9年级数学,7,1
北师大一元二次方程专项练习题,1,1
北师大一元二次方程计算题,4,1
北师大七上数学第1率,1,1
北师大七上数学第1章,1,1
北师大万宁实验学校高二上学期第一次月考,5,1
北师大万宁实验学校高二第一学期第一次月考,4,1
北师大八下数学,11,1
北师大八下数学免费,4,1
北师大四年级第一单元,3,1
北师大图形的相似,3,1
北师大图形的相似测试,2,1
北师大实数复习,8,1
北师大平方根复习,1,1
北师大平方根计算,2,1
北师大平方根计算题,6,1
北师大数学一元一次方程组计算题,3,1
北师大数学一元一次方程计算题,1,1
北师大数学一次方程组计算题,1,1
北师大数学一次方程计算题,1,1
北师大期末七上数学,7,1
北师大期末数学七下,32,1
北师大版  八上 数学,7,1
北师大版  八上 数学全国暑假,8,1
北师大版  八上 数学全国暑假实数,9,1
北师大版  八上 数学全国暑假平方根,4,1
北师大版  八上 数学全国暑假平方根与立方根,12,1
北师大版  八上 数学预习,5,1
北师大版  八上 数学预习全国暑假,1,1
北师大版 02023 2024 七下 数学,1,1
北师大版 高一英语必修第一册 Unit2 Sports and Fitness · 能力提升卷（单元分层自测‑能力提升卷）,1,1
北师大版(2024)三年级上册第七单元《认识小数》单元测试卷,18,1
北师大版7年级上册10,3,1
北师大版7年级上册10月月考试卷,1,1
北师大版七年级上册10月月考试卷,7,1
北师大版七年级数学第二学期,5,1
北师大版九年级上册数学第四章投影与视图知识归纳与题型突破,1,1
北师大版二年级下册数学视频课,1,1
北师大版五年级第一学期,1,1
北师大版八上数学1到4单元检测卷,5,1
北师大版八下数学第一章试卷,3,1
北师大版六年级下册,2,1
北师大版初中数学中考知识清单 七‑九年级全套,1,1
北师大版初中生物中考知识清单 七‑九年级全套,2,1
北师大版四年级上册数学第1单元《数说祖国》对应练习,6,1
北师大版小升初,2,1
北师大版小升初数学六年级,1,1
北师大版小升初数学分班考,18,1
北师大版小学四升五应用题练习题,1,1
北师大版小学数学四年级应用题练习题,1,1
北师大版数学,4,1
北师大版数学7年级下学期期末试卷,1,1
北师大版数学7年级二学期期末试卷,3,1
北师大版数学七年级,16,1
北师大版数学九年级一二单元测试卷,1,1
北师大版数学八年级上册,51,1
北师大版数学六上概念,2,1
北师大版数学六上第一单元知识清单,4,1
北师大版数学六年级,1,1
北师大版数学六年级下册,1,1
北师大版数学，选择性必修一，课本,2,1
北师大版数的开方与二次根式计算题,2,1
北师大版物理书九年级上册知识点梳,2,1
北师大版英语听力,2,1
北师大版英语必修一单词,3,1
北师大版英语教材,7,1
北师大版选择型必修一,24,1
北师大版选择型必修一1 2 34章总复习,8,1
北师大版选择性必修四unit eleven Top talk教学设计,4,1
北师大版陕西数学九年级一二单元测试卷,2,1
北师大版高一同步高考真题改编,1,1
北师大版高一英语教材,1,1
北师大生态城,4,1
北师大英语,5,1
北师大附中,1,1
北师大附中小升初语，数，英入学考试卷,1,1
北师大附高二化学,5,1
北师大高中英语必修一词汇表2019版本,7,1
北师版七,9,1
北师版八上月考,3,1
北师版数学小升初,7,1
北师版数学必修二,4,1
北师版本九年级上册特殊的平行四边形试卷,1,1
北师版本九年级上册试卷,2,1
北星,3,1
北流市,1,1
北流市高级中学,2,1
北海七中,3,1
北海八年级上册,14,1
北海初三,1,1
北海期末,5,1
北湖附中开学分班考,1,1
北辰中学新高一开学考试卷,3,1
北辰区2025至2026学年度第27九年级第一次模拟考试,1,1
北辰实验中学月考物理,1,1
北部区,7,1
北镇,1,1
匠心地理,1,1
匡河八中,3,1
区域地理世界主要地区,2,1
区域地理复习,3,1
区域地理欧洲,2,1
区际初三物理一模2026,1,1
十,2,1
十一,1,1
十一学校 C,1,1
十一学校0.5+3试卷,5,1
十一学校数学2026,3,1
十一学校数学2026期末,1,1
十一学校直升初一,1,1
十一校2026届高三上学期12月联考,7,1
十七中学,1,1
十七中石家庄中小区,1,1
十七中石家庄中校区,1,1
十三,1,1
十三中,1,1
十三中10月,1,1
十三县,1,1
十三章、十四章章末测试卷,3,1
十三章、十四章章末测试卷人教版,1,1
十三章、十四章综合测试卷人教版,16,1
十九中2025 20268年级上学期,1,1
十九中2025~20268年级上学期,10,1
十二,1,1
十二中初三期中数学,1,1
十二中淮北,1,1
十二中淮北分班,6,1
十二中淮北新生分班,3,1
十二校联考,4,1
十八中学,2,1
十六中月考,1,1
十四中初二物理期中考试,1,1
十四中小升初数学,5,1
十四中开学测试,6,1
十堰五下数学,8,1
十堰五下英语,9,1
十堰五下语文,4,1
十堰市一中开学考试,1,1
十堰市东风高级中学,2,1
十堰市中考,6,1
十堰市城区,4,1
十堰市实验中学九上,26,1
十堰市实验中学入学,1,1
十堰市小升初分班考真题卷,6,1
十堰市期末考试,1,1
十堰张市初二上学期第一第一单元数学试卷,1,1
十堰张湾2025初二数学第一单元数学,3,1
十字架模型,8,1
十字模型,2,1
十字模型题库,9,1
十字相乘,4,1
十字相乘法-分解因式专练,2,1
十年真题,2,1
十年真题分类汇编,2,1
十年真题分类汇编专题7,1,1
十年真题分类汇编专题7名句默写,2,1
十年真题分类汇编专题7名句默写2016-2025,1,1
十年高考名句默写真题,1,1
十月,4,1
十月考,1,1
十校期末联考,1,1
十校联盟开学考,2,1
十校联盟高一,3,1
十联盟考试的时间表,1,1
升初一分班考试卷,2,1
升本,1,1
半圆礁石救援最短时间,2,1
半年级下册人教版英语期末试卷,1,1
华一初分班考试卷,1,1
华东,10,1
华东师大版,4,1
华东师大版二次根式和一元二次方程,1,1
华东师大版最新数学九年级上册,4,1
华东师范,2,1
华东师范大学,1,1
华东师范大学澄迈实验中学,5,1
华东师范大学第一附属中学,1,1
华中师大,3,1
华中师大一附中 高三 数学 模拟,17,1
华中师大一附中2022一2023学年度上学期高一期末检测语文试题,3,1
华中师大一附中高一下期中物理2024-2025,1,1
华中师大一附中高二,7,1
华中师范大学第一附属中学高一化学,1,1
华中师范大学第二附属中学,1,1
华中师范大学苏州,6,1
华中师范大学附属息县高级中学,1,1
华中师范大学附属苏州,3,1
华中师范大学高二上期中,16,1
华中科技大学附属中学,7,1
华侨,1,1
华侨中学,1,1
华侨中学2025-2026七年级开学英语,1,1
华侨初中入学,17,1
华侨城高级中学,4,1
华侨教育集团2025至20262学期八年级级五里期末测试试卷,34,1
华兴教育港澳台联考,16,1
华兵实验中学,3,1
华北理工大学,1,1
华北理工大学唐山,1,1
华南,11,1
华南师大附中,1,1
华南师大附中汕尾学校,2,1
华南师范大学封开实验中学,4,1
华南师范大学附属中学物理,1,1
华南师范大学附属中学生物第一次高一月考,6,1
华南师范大学附属中学高一上物理第一次月考卷,1,1
华夏女中,2,1
华大行高考联盟2026届高三11月教学质量测评,5,1
华山中学,5,1
华山中学八上,1,1
华山中学开学测,1,1
华师,2,1
华师1附中 七上,1,1
华师1附中高一,1,1
华师一语文五调,1,1
华师一附中丘成桐,1,1
华师一附中丘班选拔,1,1
华师一附中圆锥曲线专题,14,1
华师一附中圆锥曲线小题,1,1
华师一附中数学中考二模,1,1
华师一附中高二期末。,3,1
华师大七年级下册数学每日一练,5,1
华师大九年级数学授课,1,1
华师大九年级数学授课视频,3,1
华师大二附中数学高二上期末,3,1
华师定时练习,1,1
华师版初一数学上册正负数试题,2,1
华师联盟开学质量,1,1
华数之星小高二复评,1,1
华新实验中学八上开学考,2,1
华新实验中学八上语文,14,1
华新实验中学八上语文第一次月考,3,1
华曜,8,1
华杯高年级决赛,1,1
华池县第一中学地理暑假作业,3,1
华清中学,7,1
华理,4,1
华理附中,1,1
华益中学,1,1
华益中学七年级数学,4,1
华科大,2,1
华罗庚,7,1
华罗庚金杯,2,1
华育小升初,9,1
华西中学,1,1
华西中学二诊,1,1
卓越县中联盟,1,1
卓越联盟化学,9,1
单,1,1
单 词,2,1
单 词背默,3,1
单一制和复合制。,3,1
单位一,3,1
单位卷,5,1
单元主题组合练,2,1
单元主题语篇阅读20篇,8,1
单元卷 测试卷人教版,1,1
单元卷子,16,1
单元同步试卷,5,1
单元基础默写练,5,1
单元复习卷,12,1
单元时空,1,1
单元检测卷,9,1
单元测试北师版,7,1
单元测试卷,4,1
单元测试卷数学,3,1
单元测试必修三,1,1
单元测试第九章,1,1
单元练,1,1
单元练习,1,1
单元考,1,1
单元自测高效培优第四章细胞的物质输入和输出,1,1
单元自测高效培优第四章细胞的物质输入和输出生物,3,1
单元试卷数学免费,1,1
单元试卷数学免费浙教版,3,1
单元试卷数学免费浙教版上学期,8,1
单元通关练八年级英语上册英语听力,3,1
单元金卷八下数学华师版,2,1
单县2025至2026年,1,1
单县2025至2026年高二,1,1
单县2025至2026年高二下学期,1,1
单县2025至2026年高二下学期五中,5,1
单县一中,2,1
单县实验中学,2,1
单县红星学校初一分班考,1,1
单县红星学校小升初分班考,1,1
单县高二上学期期中考试,2,1
单县高二上学期期中考试数学试卷,6,1
单县高二第二学期期末,1,1
单句填空,2,1
单句语法填空,1,1
单招 2025 真题试卷,1,1
单招 英语2025 真题试卷,4,1
单招 语文 2026复习资料,1,1
单招安徽,14,1
单招数学,2,1
单招数学四川,1,1
单招江苏,3,1
单招考试,3,1
单招职测,1,1
单招职测湖南,1,1
单招英语,1,1
单招题,3,1
单棒磁场运动,4,1
单词 背诵版和默写版,5,1
单词 默写表1到8单元,9,1
单词3500汇总背默,1,1
单词初一上英语单词外研社,4,1
单词变形 词性转换,2,1
单词复习,3,1
单词背诵,17,1
单词词性转换,14,1
单词译林版变形,3,1
单词音频,4,1
单词高考,1,1
单词默写,17,1
单词默写仁爱版九上,3,1
单调性 奇偶性,5,1
单调性奇偶性,10,1
单调性讨论,3,1
单韵母练习题,4,1
单项选择,21,1
南中,1,1
南之岗,2,1
南二外,16,1
南亚,1,1
南京 0 202 6 高三 一模语文,5,1
南京 0 202 6 高三 三模语文,1,1
南京 0 202 6 高三 二模语文,1,1
南京 0 2026高三 三模,4,1
南京 一模 2026,1,1
南京 八上  物理,1,1
南京 八上  英语,11,1
南京 八上  英语 周测,1,1
南京 八上  英语 月考,2,1
南京12月 七校联考,2,1
南京2024~2025学年第一学期期末联合调研试题 高二语文,6,1
南京2024零模地理,2,1
南京2025~2026第二学期第二次检测九年级,4,1
南京2025年零模,1,1
南京2025英语一模试卷高三,1,1
南京2026五年级期中考试试卷,1,1
南京2026学情调研,8,1
南京2026期末玄武区,21,1
南京一中2025-2026学年第一学期10月阶段性检测试卷数学试题,1,1
南京一中2025第一学期10月化学月考卷高一,3,1
南京一中4月月考数学试卷,1,1
南京一中四月,1,1
南京一中数学高一下,12,1
南京一中月考数学,1,1
南京一中月考数学试卷,1,1
南京一中物理,1,1
南京一中，10月,5,1
南京三模,1,1
南京中华中学,3,1
南京中华中学分班考,3,1
南京中学,1,1
南京中考,2,1
南京中考数学,3,1
南京九中,4,1
南京二十九中初中一年级分班考,1,1
南京二十九中初中七年级分班考,1,1
南京二十九中初中分班考,1,1
南京二模物理,2,1
南京二模物理高三,1,1
南京六合五下期末试卷,1,1
南京化学一模,8,1
南京十三中,2,1
南京十三中10月,4,1
南京南大附中高一月考,1,1
南京南师大附中,3,1
南京南师附中2024到2025高二下学期期中试卷,3,1
南京南师附中树人学校九上数学10月考,5,1
南京南师附中树人学校九上数学月考,4,1
南京外国语学校24到25年数学,5,1
南京外国语学校仙林分校,1,1
南京外国语学校初中部,4,1
南京外国语小学,4,1
南京市 盐城市2025至2026学年度高三年级第一次调研考试语文,2,1
南京市 盐城市2025～2026学年度高三第一学期调研考试数学,4,1
南京市2024 ～2025八年级上册联合体期末数学,1,1
南京市2024 ～2025八年级上册联合体物理期中,1,1
南京市2025届高三年级学情调研数学,3,1
南京市2025高一,3,1
南京市2025高一月考,2,1
南京市2026初三语文模拟试卷,1,1
南京市2026届高三年级学情调研化学,4,1
南京市2026届高三年级学情调研数学,7,1
南京市2026届高三年级学情调研物理,2,1
南京市2026届高三年级第二次模拟考试,1,1
南京市2026年中考语文,20,1
南京市2026高三学情调研,1,1
南京市20二六届,1,1
南京市26届高三摸底考试,14,1
南京市、盐城市2025—2026学年度高三第一学期调研测试试卷的文档形式,7,1
南京市、盐城市2025～2026学年度高三第一学期调研考试数学,5,1
南京市七校高三上8月月考试题,2,1
南京市三十九中分班考,1,1
南京市三年级英语上期中,5,1
南京市三年级英语期中,1,1
南京市中华中学,1,1
南京市中华中学分班,1,1
南京市二十九,1,1
南京市二十九高二上月考,6,1
南京市六校联合体,8,1
南京市六校联合体2026届高三上8月调研,10,1
南京市化学9月质量检测试卷高三,4,1
南京市外国语学校,1,1
南京市建邺高级中学,3,1
南京市梅山中学,1,1
南京市江宁开发区学校月考,6,1
南京市江宁高级中学化学,1,1
南京市燕子矶中学高一分班考,2,1
南京市盐城市2026届高三年级第一次模拟考试英语试题,1,1
南京市第66中学,1,1
南京市第一中学 课内古诗文复习册,3,1
南京市第一中学课内古诗文复习册,1,1
南京市第二十九中学,19,1
南京市第二十九中学2023~2024高二上学期物理9月,2,1
南京市第二十九中学高一下学期,4,1
南京市第二十九中学高一下学期期中,1,1
南京市第二十九中学高一下学期生物,7,1
南京市第二十九中学高二上学期,2,1
南京市第二十九中学高二上学期数学,6,1
南京市第二十九中学高二上学期期中,3,1
南京市第二十九中学高二上学期期中化学,4,1
南京市第二十九中学高二上学期期中数学,1,1
南京市第二十九中学高二上学期期中物理,7,1
南京市第二十九中学高二上学期期末,3,1
南京市第二十九中学高二上学期物理,14,1
南京市第二十九中学高二上学期物理9月,1,1
南京市第二十九中学高二上学期物理9月月考,1,1
南京市第二十九中学高二上学期生物,1,1
南京市第二十九中学高二下学期期中,4,1
南京市第二十九中学高二下学期期中生物,6,1
南京市第二十九中学高二下学期期末生物,1,1
南京市第二十九中学高二下学期生物,2,1
南京市第二十九中学高二期中化学,3,1
南京市第六十六中学,1,1
南京市第十三中学,1,1
南京市第十三中学高一化学月考,4,1
南京市第十二中学,15,1
南京市级调研,1,1
南京市金陵中学 分班考,5,1
南京市金陵中学高二上学期期中化学,3,1
南京市金陵中学高二化学,6,1
南京市雨花台区梅山高级中学,2,1
南京市雨花台区梅山高级中学分校,1,1
南京市零模物理,4,1
南京市高一第1次期中考试物理,17,1
南京市高三上8月月考试题,9,1
南京市高三第一学期调研,5,1
南京市鼓楼区高一上学期化学月考,2,1
南京师大附中2023-2024高一生物,14,1
南京师大附中2026届高三,1,1
南京师大附中2026届高三三轮 数学备忘录,4,1
南京师范大学,1,1
南京师范大学附属中学2024-2025高一10月份,1,1
南京师范大学附属中学历史试卷,15,1
南京师范大学附属中学数学,1,1
南京师范大学附属中学数学2023-2024高一10月份,1,1
南京师范大学附属中学数学2024-2025高一10月份,3,1
南京师范大学附属中学杭州二中,2,1
南京师范大学附属中学高三英语试卷,3,1
南京建业,1,1
南京建邺区,5,1
南京建邺区期末,19,1
南京新高一分班考,1,1
南京江北新区浦口外国语初中,12,1
南京江北新区浦口外国语新生,2,1
南京江宁,1,1
南京游府西街小学,2,1
南京溧水游府西街小学溧水分校,9,1
南京燕子矶,7,1
南京物理高三期初,14,1
南京物理高三期初名校,2,1
南京物理高三期初名校二十九中,3,1
南京玄武区,8,1
南京玄武外国语学校,2,1
南京田家炳中学,2,1
南京田家炳中学分班考试卷,1,1
南京盐城生物,4,1
南京秦淮外国语学校,2,1
南京第五中学,5,1
南京联合体,13,1
南京航天航空大学苏州附属中学,61,1
南京英语,12,1
南京英语月考试卷,11,1
南京译林版7到9年级英语单词表,1,1
南京调研,9,1
南京雨花台一中,2,1
南京高一上册10月月考,12,1
南京高一上册12月考,5,1
南京高一上册月考,1,1
南京高一上册期中,12,1
南京高一上册期中物,1,1
南京高一上册期中物理,3,1
南京高一下化学,6,1
南京高一下化学4月,4,1
南京高一月考,9,1
南京高三9月,6,1
南京高三物理,1,1
南京高三英语,2,1
南京高中分班考,2,1
南京高中分班考试卷,1,1
南京鼓楼区,4,1
南京鼓楼期末,3,1
南充2026高一期末物理,6,1
南充2026高二期末,4,1
南充2026高二期末化学,3,1
南充初一分班考历年真题卷,4,1
南充南高,1,1
南充名校真题初一分班考,1,1
南充嘉陵南高,5,1
南充市,8,1
南充市2021 2022学年度下八年级期末教学质量监测数学,3,1
南充市2024,1,1
南充市2024语文试题,1,1
南充市2024高一学业质量监测语文试题,15,1
南充市2024高一语文试题,1,1
南充市2025-2026学年高一下学期期末学业质量检测数学试题,2,1
南充市2026年春季学期普通高中学业质量监测高一地理,5,1
南充市2026高一期末英语试卷,1,1
南充市八年级上册物理第三次月考,1,1
南充市嘉陵一中开学考,1,1
南充市嘉陵一中高二开学考,4,1
南充市嘉陵区陈寿中学,1,1
南充市嘉陵区陈寿中学分班试卷,1,1
南充市嘉陵思源实验学校初一分班考试卷,1,1
南充市期末教学质量监测高一是的语文,1,1
南充市白塔中学高二上,1,1
南充市陈寿中学,3,1
南充市顺庆区新初一分班考试卷,1,1
南充市高级中学八年级上册物理第三次月考,3,1
南充第一中学2025年高一上册数学月考试卷一,1,1
南充高一期末,1,1
南充高中,3,1
南充高中2026高一期中卷,5,1
南充高中高2025级高一上学期第一次月考英语,5,1
南充高中高2025级高一上学期第一次次月考数学,1,1
南充高中高2025级高一上学期第二次月考数学,3,1
南充高级中学零诊,4,1
南关区期末,2,1
南华,1,1
南南京玄武外国语学校,1,1
南召,1,1
南召七年级,8,1
南召县,43,1
南召县数学,6,1
南和一中,4,1
南外,1,1
南大附中,3,1
南大附中2024至2025学年化学,8,1
南大附中高一月考,1,1
南宁 三中,8,1
南宁2026年中考数学真题,77,1
南宁一模数学,4,1
南宁七下期末历史,1,1
南宁七下期末地理,1,1
南宁七下期末数学,3,1
南宁七下期末道法,1,1
南宁七年级下册期末考试数学,5,1
南宁三中 小升初,3,1
南宁三中 新初一,1,1
南宁三中2023-2024,1,1
南宁三中2023-2024分班,1,1
南宁三中七年级入学分班考,1,1
南宁三中入学分班考,2,1
南宁三中分班考,4,1
南宁三中初中,4,1
南宁三美,2,1
南宁二中初三开学考数学,1,1
南宁二中化学高二下期末,1,1
南宁二中物理段考,2,1
南宁二中英语,6,1
南宁二中高一,1,1
南宁二中高一下,2,1
南宁二中高三,1,1
南宁二中高三第一次,1,1
南宁二中高二下化学期末考试,3,1
南宁二中高二下地理,8,1
南宁入学,1,1
南宁八下期末化学,1,1
南宁四十三中学,6,1
南宁天桃26期考,4,1
南宁市2024,3,1
南宁市2024届,2,1
南宁市2026年四年级下册语文试卷,5,1
南宁市33中数学,2,1
南宁市33中，月考卷高一,1,1
南宁市33中，月考卷高一，数学,3,1
南宁市七上入学分班考,3,1
南宁市三十三中,3,1
南宁市天桃二模数学,2,1
南宁市横州市七下期末数学,1,1
南宁市毕业班第一次适应性考试英语听力,3,1
南宁市第三中学,6,1
南宁市第三中学开学考,3,1
南宁市第三十七中学英语分班考试题,5,1
南宁市第二中学,2,1
南宁市第二中学高二下地理,2,1
南宁市高二下,1,1
南宁开学,1,1
南宁摸底,6,1
南宁期末,1,1
南宁相思湖学校,6,1
南宁第二,1,1
南宁第二中学,4,1
南宁高一化学五月联考,2,1
南宁高三化学三模,3,1
南宁高三化学二模,4,1
南宁高三化学五月联考,16,1
南宁高中毕业班英语,1,1
南宁高二,3,1
南宁高二下,4,1
南安三中,1,1
南安华侨,1,1
南安南星,1,1
南安南翼,1,1
南安市实验中学期中考试,3,1
南安第一中学,1,1
南宫中学,10,1
南宫丰翼中学,3,1
南山八上期末数学,2,1
南山区2021-2022八年级地理期末南山深圳市考试试卷,2,1
南山区2025~2026深圳市九年级期中英语,3,1
南山区期末,1,1
南山区物理八上期末,15,1
南山区罗湖八上期末,2,1
南山区罗湖八上期末数学,2,1
南山区罗湖八上期末物理,2,1
南山外国语学校高三上开学考化学试卷,1,1
南山外国语学校高三开学考化学试卷,3,1
南山实验,1,1
南岗区,2,1
南岗英语七上期末,2,1
南岸7下期末语文A卷,2,1
南岸7下期末语文当你站在儿童与少年边介线那套,1,1
南岸7下英语期末试卷,2,1
南岸区物理,1,1
南师附中2024到2025高二下学期期中试卷,1,1
南师附中宿迁分校,1,1
南师附中宿迁分校分班卷,1,1
南师附中晓庄,3,1
南师附中树人学校九上数学月考,1,1
南师附中高一第一次月考,3,1
南师附中高三化学,3,1
南平,4,1
南平一中学情自测,8,1
南平一中自主招生,25,1
南平市 2025-2026 学年第二学期四年级期末英语练习A卷.pdf,6,1
南平市2022-2023学年高二下学期期末试卷,3,1
南平市2026年初中毕业班第二次适应性练习,3,1
南平市2026年初中毕业班第二次适应性练习语文,8,1
南平市政和县三中九年级月考,3,1
南平市政和县九年级,1,1
南平市政和县九年级月考,1,1
南平市政和县英语期 末试卷,35,1
南平市期中考试,2,1
南平市物理期末,3,1
南平市第一中学10月第一次月考物理,3,1
南平市高一上数学月考,4,1
南平自主招生,1,1
南平高三适应性练习语文,3,1
南康入学考试,1,1
南康高一入学考试,1,1
南开 重庆联考,1,1
南开20205到2026年期末试卷,8,1
南开2026 2027高三第一次月考,1,1
南开七年级下册期末,17,1
南开三模数学,5,1
南开三模英语,1,1
南开中学 数学,5,1
南开中学 高一,3,1
南开中学2025到2026学年度八年级第一学期第一次质量监测历史,1,1
南开中学2025年11月的高三政治第三次质量检测中,3,1
南开中学2025年11月的高三第三次质量检测中,2,1
南开中学2026届高三第一次质量检测,4,1
南开中学分班考,3,1
南开中学期中数学,6,1
南开中学滨海生态城学校,6,1
南开中学滨海生态城学校分班考试,1,1
南开中学第1次月考,2,1
南开中学第6次质量检测,3,1
南开中学自主招生,1,1
南开中学高一分班,2,1
南开二模,1,1
南开区2025届质量监测,3,1
南开区七年级下册期末,7,1
南开区二十五中,10,1
南开区二十五中七年级第一次月考,2,1
南开区数学期中卷,1,1
南开区高一上期末物理难度,1,1
南开区高一期中,1,1
南开区高三一模英语,2,1
南开区高三期末地理,2,1
南开区高三第一次期中,1,1
南开区高二上期中,7,1
南开区高二上物理期中,5,1
南开区高二英期末,18,1
南开地理,1,1
南开滨海,1,1
南开第一次月考,9,1
南开翔宇,2,1
南开翔宇中学,3,1
南开联考,3,1
南开联考物理,3,1
南开语文,11,1
南开高一下期末语文,1,1
南开高三一模,2,1
南开高三上期末,4,1
南方凤凰台 2026高考一轮,1,1
南方凤凰台 2026高考一轮地理,1,1
南方凤凰台保分微卷,2,1
南方凤凰台地理,5,1
南方凤凰台选择性必修三化学,1,1
南昌28中高新实验学校2026年7月期末考试试题卷八年级语文,1,1
南昌一中2025至2026学年度高一期末考试英语试卷,5,1
南昌中学2025十月份高一月考化学,4,1
南昌中学2025年八一校区高一化学试卷图片,1,1
南昌中学月考,3,1
南昌九年级月考试卷,5,1
南昌九年级期中考试,8,1
南昌二中2024届高一新生入学测试,7,1
南昌二中2025 2026高二上,2,1
南昌二中2025 2026高二上物理第一次月考,3,1
南昌二中八年级上册10月英语月考,1,1
南昌二中八年级上册数学,2,1
南昌二中八年级上册数学10月考月,1,1
南昌二中分班考,1,1
南昌二中开学,1,1
南昌二中开学考,4,1
南昌二中高一上学期物理卷子,11,1
南昌二中高一期末,5,1
南昌二十三中校联考卷,2,1
南昌二十八中2024年九上化学期中卷,2,1
南昌二开学考,1,1
南昌二模,1,1
南昌二模26,1,1
南昌二模26数学,1,1
南昌二模26数学高三,3,1
南昌二钟开学考,1,1
南昌五中,10,1
南昌五中高中,2,1
南昌八下英语期末试卷,15,1
南昌八年级上册10月英语月考,16,1
南昌八年级上册12月英语,2,1
南昌八年级上册数学10月考月,4,1
南昌八年级上册数学12月考月,3,1
南昌八年级上册数学期中试卷,6,1
南昌八年级上册物理,3,1
南昌八年级上册物理期中,2,1
南昌八年级上册英语10月月考,3,1
南昌其中,1,1
南昌化学九上,1,1
南昌十九中,2,1
南昌十八中,10,1
南昌四月检测,3,1
南昌外国语,2,1
南昌市九年级上册，化学试卷,5,1
南昌市八年级上册物理期中,2,1
南昌市八年级上册物理期中2025到2026,4,1
南昌市十七中,1,1
南昌市十七中高一,1,1
南昌市十七中高一月考,1,1
南昌市四月检测,2,1
南昌市外国语,3,1
南昌市第二中学,8,1
南昌市高三摸底测试（南昌零模）历史,2,1
南昌市高二10月月考,3,1
南昌市高二上学期10月份月考,11,1
南昌市高二上学期10月月考,5,1
南昌市高二上学期期中数学,5,1
南昌师大附中八年级上册期末物理,3,1
南昌师大附中高一,4,1
南昌师大附中高一上学期,3,1
南昌新初一入学考,1,1
南昌期中,2,1
南昌红二开学考,1,1
南昌豫章中学2026上学期,2,1
南昌零模2026,1,1
南昌零模2026高三,3,1
南昌高一开学考,4,1
南昌高一联考2026,1,1
南昌高一联考2026数学,11,1
南昌高三一模,9,1
南昌高三英语一模,2,1
南昌高中校联考卷,1,1
南江中学 高一入学摸底,7,1
南江实验小学,11,1
南沙九上英语,12,1
南沙外国语,1,1
南沙外国语九上开学考,1,1
南沙外国语初三,1,1
南沙广州外国语九上开学考,1,1
南沙期末,1,1
南洋模范初级中学,6,1
南洋模范初级中学 九年级12月,5,1
南海,1,1
南海中学,1,1
南海信息技术学校,4,1
南海区12月高二上学期统考2025化学,11,1
南海区12月高二上学期统考2025数学,8,1
南海区2024届高三摸底测试,1,1
南海区2025届高三摸底测试,5,1
南海区三水区2023至2024六年级下册卷子,7,1
南海区三水区2023至2024六年级语文卷子,7,1
南海区八年级上数学月考试卷.,8,1
南海区八年级上数学期中试卷.,1,1
南海区八年级上数学试卷.,1,1
南海区八年级上物理期末试卷.,3,1
南海区八年级上物理试卷.,5,1
南海区石小实验学校,15,1
南海南实初一,8,1
南海德胜,2,1
南海艺高,4,1
南湖,1,1
南湖中学语文,7,1
南湖初级中学,3,1
南溪,2,1
南漳县南一中高一必修一数学,3,1
南科大附中,1,1
南航苏州附中2025至2026学年第一学期高一年级期中考试化学试卷,2,1
南通 2026 中考,1,1
南通 2026 中考试卷,5,1
南通 高二期末,2,1
南通2025年高二上学期期中数学,1,1
南通2026届高三学业质量检测,2,1
南通2026高二期末,4,1
南通26高三一模,3,1
南通7年级英语,3,1
南通一模,1,1
南通中学2025 2026学年高一上学期期中数学,4,1
南通中学2025 2026学年高二下学期,2,1
南通中学七上钱学森班期末试卷,1,1
南通中学周练,3,1
南通中学数学,6,1
南通中学数学期中,1,1
南通中学英语,3,1
南通中考,1,1
南通中考物理,4,1
南通中考真题2025,8,1
南通中考真题2026,4,1
南通八上英语,1,1
南通分班考数学试卷,2,1
南通启秀中学,1,1
南通如东县栟茶初一上学期期末,1,1
南通如东县栟茶初一数学上学期期末,4,1
南通如东县栟茶小升初数学,1,1
南通小升初,1,1
南通小升初分班考数学试卷,4,1
南通小高考,2,1
南通崇川区初中分班考试试卷,3,1
南通崇川区第二初级中学七年级分班考试试卷,2,1
南通市2026小升初,2,1
南通市2028级高一下期末考试,2,1
南通市小升初,1,1
南通市小升初数学,1,1
南通市崇门区,4,1
南通市通州区2025-2026中考,1,1
南通市通州区2025-2026中考试卷,1,1
南通市通州区育才中学七年级,4,1
南通市通州区育才中学开学考,1,1
南通市通州区高级中学,11,1
南通市高三上8月月考试题,1,1
南通开学八年级,5,1
南通期末,3,1
南通期末崇川,5,1
南通期末海门,2,1
南通田家炳7年级英语,1,1
南通第一初级中学,1,1
南通第一初级中学分班考,1,1
南通能达7七年级分班考,1,1
南通能达分班考,1,1
南通英语中考模拟卷,6,1
南通语文,10,1
南通通州区2026年期末考试物理,9,1
南通通州期初考,1,1
南通钱学森班试卷,4,1
南通高一上学期数学不等式卷子,6,1
南通高一化学,2,1
南通高一化学期中,1,1
南通高一数学期中,3,1
南通高三考,3,1
南通高二下学期期末,4,1
南门中学入学,1,1
南阳2024高一上删期中,2,1
南阳2025高二天一大联考卷子,2,1
南阳一中,1,1
南阳一中高二2025 2026高二英语 二,1,1
南阳一中高二2025-2026高二英语（二）,1,1
南阳一中高二2025年秋第四次月考英语,1,1
南阳一高,3,1
南阳一高高二上月考,1,1
南阳三完八上数学卷,6,1
南阳二中,5,1
南阳八下,3,1
南阳八下数学,1,1
南阳地区春季高二月考,5,1
南阳地区秋季季高二月考,11,1
南阳地区秋季高一期末,1,1
南阳宛城区,10,1
南阳市,49,1
南阳市21学校2026年小学五年级下册期末考试,4,1
南阳市21学校八年级2026年语文数学月考,1,1
南阳市21学校八年级测试,3,1
南阳市八上期中,8,1
南阳市八年级2026数学期末卷,1,1
南阳市八年级上册数学期中考试卷,11,1
南阳市八年级上册物理期中考试卷,16,1
南阳市八年级下册语文,3,1
南阳市宛城区数学六年级上册期末卷,7,1
南阳市宛城区数学六年级期末卷,1,1
南阳市宛城区数学期末卷,31,1
南阳市第一中学高二上,45,1
南阳市第一中学高二开学测试,7,1
南阳市高二下学期期末考试历史,1,1
南阳数学高一上册,3,1
南阳数学高一上册2024,6,1
南阳期中高三,3,1
南阳期末高三,5,1
南阳理工学院,1,1
南阳英语,2,1
南阳英语高一阶段性,4,1
南阳高一物理,1,1
南阳高一物理上学期,3,1
南阳高一物理新未来,3,1
南阳高一语文上学期,1,1
南阳高二上月考数学,2,1
南阳高二上月考数学第一次,3,1
南阳高二上期中,1,1
南阳高二上期中政治,2,1
南阳高二上期中数学,6,1
南阳高二上期末政治,4,1
南阳高二下期末政治,2,1
南阳高二数学期末考试卷,1,1
南阳高二期中数学,7,1
南附，长郡，杭二三省三校,4,1
南陵中学,5,1
南陵县小升初春谷自招考,9,1
南雅中学小升初选拔数学试卷,4,1
南雅中学高一入学考试,2,1
南雅星沙,5,1
南雅梅溪湖,6,1
博山一中,3,1
博山实验中学,1,1
博源,1,1
博源学校,1,1
博睿思知识店铺,5,1
博硕,8,1
博硕八上,5,1
博罗,5,1
博罗中学第一学期,2,1
博罗中学高二第一次月考,3,1
博罗县2024七年级,2,1
博罗县华侨中学,3,1
博罗县博师高级中学,3,1
博罗县博罗中学,2,1
博罗县期中,1,1
博雅,1,1
博雅普洱,4,1
卜算子黄州定慧院寓居作,5,1
卤代烃,1,1
卫辉市第一中学,3,1
印江一中,1,1
印江一中历史会考题,1,1
印江县第一中学,3,1
即墨,10,1
即墨高一数学下学期,5,1
卷一 仁爱科普版,6,1
卷一 仁爱科普版 英语,3,1
卷子政治,3,1
卷子答案,1,1
卷行天下,1,1
历下区2019到2020数学六上期末检测,2,1
历二,8,1
历史 0 一轮复习,3,1
历史 0 一轮复习巧汇宝典,2,1
历史 八下期末试卷,2,1
历史2025年北京市第一次普通高中学业水平合格性考试,1,1
历史2026高考,1,1
历史一模二模山东,4,1
历史一轮默写,2,1
历史三年真题2023-2025,7,1
历史三模,10,1
历史专题三选必三选择题精编100题,4,1
历史专题大题,2,1
历史中考,3,1
历史中考海南,1,1
历史中考海口,3,1
历史主观题,3,1
历史九上开学考,4,1
历史二模模拟卷 广东专用学易金卷2026年高考第二次模拟考试,1,1
历史入学考,1,1
历史八上,2,1
历史八上填空,7,1
历史八上知识点,3,1
历史八下期末试卷,5,1
历史八年级下册期末考试卷山东聊城,5,1
历史八年级下册期末试卷统考安徽淮北,3,1
历史八年级下册期末试卷统考安徽淮北相山区,4,1
历史卷子,8,1
历史填空题,18,1
历史大事年表,2,1
历史小作文,3,1
历史开放性试题小论文,3,1
历史必修一,1,1
历史指南针一轮复习,3,1
历史指南针高考一轮复习,6,1
历史新九上知识点梳理,4,1
历史时间轴及大事年表总结,3,1
历史时间轴及大事年表总结天津中考,10,1
历史易错题。,1,1
历史期中考试试题,13,1
历史概括类题目,9,1
历史河北,6,1
历史浙江高考,1,1
历史清末新政笔记,1,1
历史湖北,5,1
历史特点类,6,1
历史特点，概括题,6,1
历史真题,4,1
历史知识,3,1
历史知识点清单,1,1
历史第一课,1,1
历史纲要上,8,1
历史纲要上选择题,8,1
历史背诵提纲,1,1
历史试卷,6,1
历史课件,1,1
历史课本,4,1
历史资料九上,3,1
历史近代专题,19,1
历史选修一,5,1
历史选修一思维导图,1,1
历史选必一1-5课高考真题,7,1
历史选必三选择题精编100题,1,1
历史选择易错题,2,1
历史选择题,3,1
历史选择题选择性必修二,3,1
历史高一下册期末考,10,1
历史高一下期末考,2,1
历史高中,5,1
历史高二,2,1
历史高考真题地理,1,1
历史高考选择易错题,3,1
历城二中2025-2026高一语文,1,1
历城二中2026-2027英语综合测试,1,1
历城二中英语综合测试卷,1,1
历城二中高一上月考,1,1
历城二中高二上期中,3,1
历城二中高二上期中数学,2,1
历城二中高二上期末数学,3,1
历城区九上物理,1,1
历城区九上物理期中,7,1
历城期中,13,1
历城期中九年级物理期中,1,1
历年全国高考二卷,1,1
历年全国高考二卷数学,1,1
历年高考作文摘抄,3,1
历年高考物理大题动量，动力学,11,1
压 强 2025年中考物理一轮专题复习,3,1
压强,4,1
压强与浮力,4,1
压强平衡常数,3,1
压抽题,4,1
压轴,6,1
压轴题专练,3,1
压轴题专项训练,5,1
压轴题分班考高一,1,1
压轴题的解题策略,8,1
厚德诚品,3,1
原函数导函数结合,1,1
原始居民,1,1
原始社会与阶级社会演进,12,1
原始社会的解体和阶级社会的演进,1,1
原子推断题,1,1
原子推断题高中,3,1
原子核,2,1
原子的跃迁,1,1
原子结构,1,1
原子结构特点结构推断,1,1
原版西游记试卷,9,1
原电池和电解池专题,1,1
原电池的工作原理,2,1
厦中高一入学考,9,1
厦外初一四五单元月考,1,1
厦外石分初一四五单元月考,3,1
厦外石分初一第二次月,1,1
厦外石分初一第二次月考,5,1
厦大附中七年级上册期中语文试卷,1,1
厦泉五校2024~2025学年高二年级第一学期期中联考化学试题,3,1
厦门 一中,5,1
厦门 质检,10,1
厦门2025高二质检,3,1
厦门23,2,1
厦门23英语,2,1
厦门23英语期末,1,1
厦门一中 2025 2026学年高一上 期中考,14,1
厦门一中 2025 2026高三上,1,1
厦门一中 2025 2026高三上数学期末,3,1
厦门一中 高一下 期末,10,1
厦门一中2025级高一入学考试,12,1
厦门一中双十高三上第一次月考,3,1
厦门一中学校,1,1
厦门一中数学高三上第一次月考,11,1
厦门一中海沧分校高一入学考试,1,1
厦门一中海沧校开学考,1,1
厦门一中海沧高一入学考试,1,1
厦门一中物理,6,1
厦门一中物理必修3,4,1
厦门一中物理高三上第一次月考,2,1
厦门一中高一,1,1
厦门一中高一 2026,5,1
厦门一中高一上期中,2,1
厦门一中高一入学开学考,1,1
厦门一中高一物理期末考,1,1
厦门一中高中入学考,1,1
厦门一中高中高一入学开学考,1,1
厦门一中高二,1,1
厦门一中高二上化学,1,1
厦门一中高二上数学,2,1
厦门一中高二化学,4,1
厦门一中高二质检,1,1
厦门七年级上期中数学,1,1
厦门七年级下期中数学,1,1
厦门二中五缘校区,1,1
厦门二中集美校区高一月考,4,1
厦门二中高一新生,1,1
厦门入学分班考,10,1
厦门入学考试 高中 高一,4,1
厦门六中分班考,6,1
厦门六中高一入学考,8,1
厦门六中高二月考,1,1
厦门六年级毕业考,4,1
厦门初一上册期中考试,3,1
厦门初一上册期中考试数学,4,1
厦门十一中,3,1
厦门厦门大学科技中学2023-2024高二上学期第一次英语,1,1
厦门双十2025,8,1
厦门双十2025级高一入学考试,4,1
厦门双十中学 2025 2026高三上数学期末,6,1
厦门双十中学2027届高二上学期第二次月考,3,1
厦门双十中学期中考,5,1
厦门双十中学高一下学期英语期末考试卷,5,1
厦门双十高三上第一次月考,11,1
厦门同安实验中学2024-2025高二上学期第一次数学,3,1
厦门同安第一中学2025-2026第一学期高二第一次数学,1,1
厦门同安第一中学2025-2026高二上学期第一次数学,2,1
厦门外国语2023-2024高二上学期第一次英语,2,1
厦门外国语2024-2025高二上学期第一次政治,2,1
厦门外国语2024-2025高二上学期第一次语文,3,1
厦门外国语入学考,1,1
厦门外国语学校入学考,3,1
厦门外国语学校入学考卷,3,1
厦门外国语学院,5,1
厦门外国语毕业模拟考试,1,1
厦门外海中学,2,1
厦门大学科技中学2023-2024高二上学期第一次英语,1,1
厦门大学计算机,1,1
厦门大学附属科技中学,2,1
厦门大学附属科技中学2023-2024高二上学期第一次英语,2,1
厦门实验中学,3,1
厦门实验中学2025-2026高二上学期10月英语,2,1
厦门市 2026 初三上学期语文,4,1
厦门市2025届高三生物高中毕业班质量检测一,12,1
厦门市2026届高中毕业班适应性练习数学,7,1
厦门市一中高一卷子,3,1
厦门市六中英语八年级上开学考,1,1
厦门市六中英语八年级上期中考,1,1
厦门市六中英语八年级上期中考试卷,1,1
厦门市同安实验中学八年级历史,2,1
厦门市第三中学,11,1
厦门市第二中学 返校考 2025,5,1
厦门市第二中学试卷,2,1
厦门市第二中学集美校区月考试卷,1,1
厦门市质检,11,1
厦门市音乐学校,2,1
厦门市高二上数学期中考六中,8,1
厦门开学考卷,1,1
厦门强基计划,1,1
厦门思明区2024-2025联考卷和物理答案综合练习,4,1
厦门思明区2024-2025联考卷和答案,3,1
厦门思明区2024-2025联考卷和答案综合练习,1,1
厦门思明联考卷和答案,4,1
厦门拔尖创新区赛,4,1
厦门拔尖创新区赛和市赛模拟刷卷四年级（5）,13,1
厦门数学,1,1
厦门数学八年级下,4,1
厦门海沧区北附,1,1
厦门海沧区北附学校,1,1
厦门海沧实验中学入学考试,2,1
厦门科技中学,3,1
厦门第三中学2024-2025高二上学期第一次地理,2,1
厦门第二中学2024-2025高二上学期9月地理,2,1
厦门第二中学2025-2026第一学期高二第一次数学,3,1
厦门第二外国语2025-2026第一学期高二第一次数学,3,1
厦门第六中学,2,1
厦门第六中学2023-2024高二上学期10月历史,2,1
厦门第六中学2023-2024高二上学期10月政治,2,1
厦门第六中学2023-2024高二上学期10月语文,3,1
厦门第十中学高一月考,11,1
厦门质检,1,1
厦门高一上期末,15,1
厦门高一上物理期中考,12,1
厦门高一入学考,1,1
厦门高一开学考卷,7,1
厦门高三一检,4,1
厦门高三一检9月,4,1
厦门高三一模,1,1
厦门高三开学考,8,1
厦门高二上学期第一次月考历史,9,1
厦门高二上学期第一次月考地理,5,1
厦门高二上学期第一次月考政治,4,1
厦门高二上学期第一次月考数学,10,1
厦门高二上学期第一次月考英语,12,1
厦门高二上数学,6,1
厦门高二质检地理,4,1
去年一年文通月考   期中和期末,13,1
去年期中试卷,14,1
去年第一次文通    淮外月考,16,1
去年邢台一中上学期高二开学考试卷,6,1
去括号,6,1
县中,6,1
县中联盟安徽高三上学期数学,9,1
县中联盟高三开学考,24,1
参数方程,3,1
参照物,11,1
参照物的选取及运动状态的判断,6,1
参考系,3,1
及时雨英语丛书,3,1
双中点模型,2,1
双切线模型,3,1
双十中学作业,3,1
双十中学入学,2,1
双十中学入学测试厦门,3,1
双十中学分班考厦门,2,1
双十分班考,2,1
双十字相乘法,4,1
双十字相乘法分解因式,1,1
双十字相乘法分解因式培优,10,1
双壁单壁轨道连接临界问题。,1,1
双星,8,1
双星模型,3,1
双曲正弦，高斯函数,1,1
双曲线上教版,6,1
双曲线的二级结论,3,1
双曲线的离心率3-6,3,1
双曲线的离心率与常用二级结论,1,1
双曲线的离心率与常用二级结论3-6,1,1
双杆,2,1
双棒,1,1
双流中学化学高一上期期末试卷,9,1
双流区2022_2023七年级上期末语文   原卷,1,1
双流区2025-2026学年,38,1
双流区2026,12,1
双流区七年级下册期末试题,7,1
双流区八年级上册期末试题,7,1
双流区西航港第一初级中学,9,1
双菱,2,1
双菱化学,123,1
双角平分线模型,10,1
双角平分线题,2,1
双语,1,1
双语学习报2025-2026学年度高二新高考综合复习版,1,1
双阳,2,1
双鸭山一 中,1,1
双鸭山一种期末考试,2,1
双鸭山市第一中学,3,1
双鸭山市第一中学开学考高二,8,1
双鸭山市第五中学,2,1
双鸭山第一中学,2,1
反义疑问句回答,1,1
反射,2,1
反射光线,1,1
反应方程式练习专项,2,1
反应热含片,1,1
反应热的计算 盖斯定律,3,1
反应速率,4,1
反应速率大题,2,1
反比例,5,1
反比例 函数,9,1
反比例函数人教版课程,1,1
反比例函数单元测试,1,1
反比例函数复习,1,1
反比例函数浙教版,2,1
反比例函数难题提升,6,1
反演,1,1
受力 分析 100图,1,1
受力分析 共点力平衡,3,1
受力分析专题,2,1
受力分析作图,1,1
受力分析压轴题,6,1
受力分析培优,5,1
受迫振动计算题,3,1
变异育种与进化,1,1
变速运动计算题,1,1
变速运动计算题必修一,3,1
变速运动计算题必修一人教版,3,1
口算8年级,5,1
口算天天练,2,1
口算天天练 2年级,13,1
口算天天练 三年级上,7,1
口算天天练 混合运算 三年级上,1,1
口算练习,1,1
口算练习七年级,1,1
口算练习北师大,2,1
口算题两位数混合运算三年级,3,1
口算题混合运算三年级,1,1
口算题混合运算两位数,4,1
古代两河流域 古代印度练习题目历史,7,1
古代两河流域 古代埃及练习题目历史,14,1
古代两河流域 古代希腊练习题目历史,2,1
古代两河流域 古代法兰克王国练习题目历史,9,1
古代两河流域 古代罗马练习题目历史,2,1
古代两河流域 法兰克王国练习题目历史,1,1
古代印度 古代希腊练习题目历史,5,1
古代文化常识,14,1
古代诗歌 鉴赏 2026一轮复习,5,1
古印度练习题目历史,1,1
古印度，古希腊九上历史练习题,2,1
古印度，古希腊历史练习题,5,1
古厝,12,1
古诗 默写02026一轮复习,3,1
古诗大赛,2,1
古诗实词,4,1
古诗情境默写,2,1
古诗文,1,1
古诗文背诵,5,1
古诗文鉴赏,1,1
古诗文高二,6,1
古诗文默写小学,2,1
古诗真题,5,1
古诗背诵,4,1
古诗词,1,1
古诗词复习,2,1
古诗词复习高三,2,1
古诗词理解性默写,6,1
古诗赏析题,2,1
古诗阅读,2,1
句型专练,1,1
句型句式,3,1
句型结构,3,1
句子成分,7,1
句子成分和句子结构,12,1
句子成分练习题,1,1
句子排序,8,1
句子结构,6,1
句子结构分析,2,1
句子结构练习题,1,1
句容,10,1
句式变化,1,1
只写大题高一物理相互作用力,2,1
只有坚持和发展中国特色社会主义才能实现中华民族伟大复兴,3,1
可数名词复数,4,1
台儿庄八年级上册数学期末考试卷,4,1
台儿庄八年级上册物理期末试卷,10,1
台州,8,1
台州2024期末考,3,1
台州2026第二次高三,1,1
台州市,6,1
台州市2024学年第二学期期末质量评估试题,3,1
台州市2025学年第二学期九校联考高一,2,1
台州市2025学年第二学期高一年级期末质量评估试题,11,1
台州市2025学年第二学期高二年级期末质量评估试题英语,1,1
台州市2025第二学期高二期末质量评估,1,1
台州市温岭初一新生分班模拟考,7,1
台州高一下期末yy,1,1
台州高一下期末英语,2,1
台州高三二模,5,1
台江一中化学,1,1
史家胡同小学,1,1
司法警察院校,3,1
各大学王牌专业介绍,1,1
各省中考2026年数学,7,1
各种标准件与常用件,4,1
合吧一中,1,1
合川区2026九下半期,1,1
合川区2026九下半期十一校,2,1
合川区2026初三数学,13,1
合川区2026年度数学指标到校试卷,6,1
合川区2026年指标到校数学试卷,9,1
合川区九下半期十一校,3,1
合并同类项练习,1,1
合期期末,2,1
合格 考2026年 普通高中学业水平,3,1
合格性测试,1,1
合格性考试,4,1
合格性考试广东,1,1
合格性考试广东数学,2,1
合格性考试广东英语,6,1
合格性考试广东语文,5,1
合格性考试物理2025,6,1
合格考 20 25年山东,42,1
合格考北京,1,1
合格考四川,1,1
合格考四川数学,2,1
合格考地理真题,1,1
合格考江苏,59,1
合格考物理真题,1,1
合格考真题分类汇编,46,1
合格考资料,1,1
合水一中,2,1
合水县第一中,1,1
合水县第一中学,2,1
合浦,12,1
合肥 1一模,1,1
合肥 1中生物,1,1
合肥 1中高一,7,1
合肥 一中 2024 2025 高一上 期中,1,1
合肥 一模 2026,1,1
合肥10中,9,1
合肥168 2026高一期末免费,2,1
合肥168中学高一上数学,2,1
合肥168中学高三,5,1
合肥168中学高三十月,13,1
合肥2026高一期末,12,1
合肥42中2025-269上第二次段考,1,1
合肥45中九年级上册数学第21章检测卷,7,1
合肥46中,15,1
合肥6校联盟,2,1
合肥6校联盟高一下学期,1,1
合肥一中12月月考,5,1
合肥一中2023-2024期中考试英语,1,1
合肥一中2025,4,1
合肥一中化学,2,1
合肥一中数学,5,1
合肥一中物理,15,1
合肥一中物理高一期中,6,1
合肥一中高一上学期开学考,6,1
合肥一中高一上学期数学期中考试,3,1
合肥一中高一开学考数学,1,1
合肥一中高一期中化学,4,1
合肥一中高一期末,2,1
合肥一中高三,3,1
合肥一中高三期末,10,1
合肥一中高二开学考,2,1
合肥一中高二数学,4,1
合肥一六八,4,1
合肥一六八中学2023级高二期末调研试卷,7,1
合肥一六八中学高三化学,2,1
合肥一六八中学高三化学测试题,1,1
合肥一六八中学高三化学测试题化学,25,1
合肥一六八中学高三化学联考,11,1
合肥一六八中学高中开学分班考,2,1
合肥一六八高中开学分班考,5,1
合肥一检,15,1
合肥一模,2,1
合肥一模物理,3,1
合肥七下期末历史,1,1
合肥七中期末考试,7,1
合肥八上数学真题,3,1
合肥八中2025 2026学年第二学期高一年级期末检测地理试题卷,1,1
合肥八中2025 2026学年第二学期高一年级期末检测政治试题卷,4,1
合肥八中2025-2026学年第二学期高一年级期末检测地理试题卷,2,1
合肥八中2026年第一次月考物理。,11,1
合肥八中2026期中高一上,2,1
合肥八中2026高一上学期期中物理,2,1
合肥八中2026高一上学期物理,1,1
合肥八中高一期末英语听力,1,1
合肥八中高三最后一卷,1,1
合肥八中高二上期末英语,1,1
合肥八中高二期末英语,1,1
合肥六中2024 2025学年下学期高一期末,1,1
合肥六小联考。,1,1
合肥十中,4,1
合肥四中高二期末物理,13,1
合肥四十五中,2,1
合肥四十五中2025‑2026学年八年级上第一次月考数学试卷,3,1
合肥四十五中8下期末数学考试,10,1
合肥四十五中八下,2,1
合肥四十五中八下期末,1,1
合肥四十五中八年级下册数学期末,2,1
合肥四十六中期中测试,6,1
合肥四模,1,1
合肥安生学校2025~2026学年高三上学期期中考试英语。,3,1
合肥安生学校2025~2026学年高三上学期期中考试英语答案,1,1
合肥市,6,1
合肥市38,19,1
合肥市45中,2,1
合肥市三十八中七下数学第一次月考,1,1
合肥市九上期中数学,7,1
合肥市九上期中物理,3,1
合肥市六校联盟2023年上学期期末英语,1,1
合肥市六校联盟2023年英语,2,1
合肥市六校联盟2024年上学期期末英语,1,1
合肥市六校联盟2024年高一上学期期末英语,2,1
合肥市六校联盟高一上学期期末英语,4,1
合肥市数学九上函数解答大题拔高的人教版,7,1
合肥市第一次模拟,2,1
合肥市第八中学,1,1
合肥市第八中学翡翠湖八上物理沪科版期末考试,8,1
合肥市第四十二中学2025-2026学年上学期八年级期中数学试卷,1,1
合肥市高三第一次教学质量检测,6,1
合肥市高三第二次,1,1
合肥庐阳四十五中2022-2023,7,1
合肥最后一卷,7,1
合肥瑶海行知,1,1
合肥瑶海行知八年级,1,1
合肥瑶海行知八年级上册,1,1
合肥秋季期末高二英语,1,1
合肥第一中学,6,1
合肥第一中学高一英语期末考试,2,1
合肥第八中学,2,1
合肥路,1,1
合肥高一期末,4,1
合肥高一期末数学,12,1
合肥高一物理,8,1
合肥高三二模英语,1,1
合肥高二上学期期中化学,7,1
合肥高二上开学考试卷,1,1
吉2026年初中学业水平考试英语试题,1,1
吉大附中,4,1
吉安,5,1
吉安一中,6,1
吉安一中月考试卷,11,1
吉安中考数学试卷,1,1
吉安中考数学试卷模拟,1,1
吉林2025语文高考一模,3,1
吉林2025高一下期中考试,7,1
吉林best合作体,1,1
吉林一中期中,1,1
吉林一中高一月考,1,1
吉林一中高三,1,1
吉林七年级下学期阶段检测,2,1
吉林东北师范大学附属,10,1
吉林九年级上学期期中,3,1
吉林八年级上学期阶段检测,1,1
吉林六年级下学期期末,5,1
吉林历史,1,1
吉林四平十七中历史,1,1
吉林四平十七历史,4,1
吉林四平十七历史八下,2,1
吉林四平历史,1,1
吉林四平历史八下,2,1
吉林地区普通高中2023-2024学年度高三年级第一次模拟考试物理试题,7,1
吉林地区普通高中2025学年度高三年级第一次模拟考试物理试题,1,1
吉林地区高二上学期期中,3,1
吉林大学,3,1
吉林大学强基计划数学,1,1
吉林大学本科生真题,1,1
吉林学考,6,1
吉林实验中学,1,1
吉林市七中,1,1
吉林市吉林第一中学,4,1
吉林市吉林第一中学英语,2,1
吉林市实验中学,2,1
吉林市昌邑区博达中学,1,1
吉林市昌邑区第十中学七上数学期末试卷,3,1
吉林市普通高中高二上期中统考,2,1
吉林市松花江中学,6,1
吉林市松花江中学高一,4,1
吉林市第一中学2025 2026年度高10月考试题,1,1
吉林市第一中学2025 2026第二学期期末考试题,1,1
吉林市第一中学高一上学期,1,1
吉林市第七中学校2026春季学期期末质量8年级历史试题。,1,1
吉林市第九中学七下数学物理考试卷,1,1
吉林市第九中学七下物理考试卷,1,1
吉林市第四中学,1,1
吉林市高一,14,1
吉林延边一模,4,1
吉林延边州高三第一次化学26,3,1
吉林延边州高三第一次生物26,4,1
吉林开学,4,1
吉林期末,3,1
吉林松原第十二中学初三期期中语文,4,1
吉林物理合格考,3,1
吉林白山市高三一模,5,1
吉林省,2,1
吉林省2025年物理竞赛初赛,1,1
吉林省2026年初中学业水平考试英语试题,5,1
吉林省Best合作体高三,1,1
吉林省Best合作体高三一模,1,1
吉林省best合作体,12,1
吉林省best合作体高一上学期期末数学,1,1
吉林省best合作体高一上学期期末英语,7,1
吉林省东北师范大学附属学校 2025 2026学年高1第一学期数学月考测试题,7,1
吉林省前郭尔罗斯蒙古族自治县第五高级中学高二下学期英语,7,1
吉林省吉林市桦甸第四中学,3,1
吉林省吉林市第一中学,15,1
吉林省吉林市船营区第七中学七年级上学期入学考试卷子,12,1
吉林省四平市双辽市四中模拟,3,1
吉林省四平市双辽市月考,8,1
吉林省四平市铁东区 2025‑2026学年 六年级下学期质量验收 数学,26,1
吉林省实验中学高一物理考试答案,2,1
吉林省实验高一上学期第一次月考试卷,1,1
吉林省延吉市一元二次方程,1,1
吉林省延边州高一期末考试数学,1,1
吉林省延边高三0模,1,1
吉林省延边高三一模,12,1
吉林省延边高三一模9月一号的,13,1
吉林省延边高三一模物理,1,1
吉林省白城市第一中学高一月考数学,1,1
吉林省白城市第一中学高一期中数学,1,1
吉林省白山市高三一模化学2026,2,1
吉林省英语学科核心素养竞赛,3,1
吉林省部分,3,1
吉林省部分联考,1,1
吉林省长春市2025-2026学年七年级生物学下学期阶段测试（人教版第三单元、第四单元第一章-第五章）,1,1
吉林省长春市2026高三一模,7,1
吉林省长春市东北师大附中,1,1
吉林省长春市东北师大附中高二 入学,1,1
吉林省长春市东北师范大学附中,2,1
吉林省长春市九台区,9,1
吉林省长春市九台区2024-2025,1,1
吉林省长春市农安县,6,1
吉林省长春市农安县实验中学月考,4,1
吉林省长春市师大净月20242025学年上学期七年级英语第一次阶段性大练习,10,1
吉林省长春市师大就20242025学年上学期七年级英语第一次阶段性大练习,1,1
吉林省长春市第一次,4,1
吉林省长春市第二实验中学2025~2026学年高一10月月考语文试题,3,1
吉林省高一上学期数学期末试卷,16,1
吉林省高一上学期数学期末试卷2025,4,1
吉林省高一上学期数学期末试卷2026,7,1
吉林省高一上学期数学期末试卷毓文中学,15,1
吉林省高一上学期英语期末试卷,11,1
吉林省高一上学期英语期末试卷延边,8,1
吉林省高一上期中,2,1
吉林省高二上学期开学考,8,1
吉林省高二上第一次月考物理试卷,6,1
吉林省高二上第一次月考试卷,1,1
吉林省高考模拟真题,10,1
吉林联考高二下期末,1,1
吉林语文开学考,6,1
吉林语文高考三模,1,1
吉林语文高考校模,1,1
吉林通化,1,1
吉林通化市梅河口市第五中学2025-2026,5,1
吉林通化市梅河口市第五中学高三一模物理,3,1
吉林长春,5,1
吉林长春卷学情评估卷2025到2026学年英语七年级上册人教版解析卷答案,23,1
吉林长春外五县联考高二下期末,3,1
吉林长春市十一高中期末考试,6,1
吉林高一上学期期中,8,1
吉林高一开学,1,1
吉林高三,2,1
吉林高三下学期期末,9,1
吉林高二best,4,1
吉林黑龙江,1,1
吉高中联考,8,1
同一直线上二力的合成,1,1
同义替换词汇,3,1
同义词,1,1
同位短语,1,1
同位语从句,2,1
同升湖实验学校，2023到2024第一学期七年级第一次月考数学试卷,1,1
同安一中,1,1
同安一中高二,1,1
同安一中高二第一次月考,1,1
同心四中,1,1
同心四中七下期末,1,1
同心四中七下期末数学,3,1
同心四中七下期末英语,5,1
同心四中七下期末语文,4,1
同心四中七下英语,4,1
同构 2025 常考题型归纳,1,1
同步九上,4,1
同步九上数学,4,1
同步冲刺第1单元测试卷,1,1
同步冲刺英语全一册全新版第1单元检测卷,6,1
同步学习,2,1
同步生字,1,1
同步精品,1,1
同步练,7,1
同步练习题,10,1
同步解析与测评,3,1
同步训练人教版必修三,3,1
同步讲义,3,1
同江地区数学八上期末卷,7,1
同泽,1,1
同济中学,13,1
同济中学地理,1,1
同济大学杯,6,1
同济大学第一附属中学,5,1
同济大学第二附属中学,1,1
同福小学,1,1
同类型题目,1,1
同行学案,1,1
名句名篇默写,5,1
名句名篇默写湖南省真题,1,1
名句默写,4,1
名句默写 2026,10,1
名句默写 文言文阅读,1,1
名师学案数学,2,1
名师学案数学华师大版,3,1
名师学案数学河南,1,1
名师学案电子版九上数学,2,1
名师导学,1,1
名师导学单元滚动试卷,1,1
名师指津,16,1
名师测控,17,1
名师测控英语,2,1
名师测控英语九年级贵州专版,1,1
名师测控英语八年级贵州专版,1,1
名师讲解,3,1
名师讲解初中人教版讲义,43,1
名师讲解初中人教版讲义复习,41,1
名师讲解初中函数,1,1
名师讲解初中函数人教版,3,1
名师讲解初中函数人教版讲义,10,1
名师讲解初中函数人教版讲义一次函数综合,17,1
名徳实验,1,1
名校 1 联盟 2026,1,1
名校协作,4,1
名校协作体20二六届高三上学期化学,4,1
名校协作体20二六届高三上学期化学浙江,3,1
名校协作体开学考浙江高二上2024,4,1
名校协作体开学考浙江高二上物理2024-2025,1,1
名校协作体浙江,5,1
名校协作体浙江期末,1,1
名校协作体英语,3,1
名校协作英语,3,1
名校名卷,1,1
名校圆锥曲线大题,4,1
名校大联考日语,3,1
名校套卷,1,1
名校联盟 1月 辽宁,1,1
名校联盟 2025 9月 辽宁,11,1
名校联盟 2026 辽宁 开学考,8,1
名校联盟2022期末卷,2,1
名校联盟2024年高三9月份联合考试,2,1
名校联盟8月,7,1
名校联盟山东,1,1
名校联盟山东高一,5,1
名校联盟山东高一期末,2,1
名校联盟高三,24,1
名校联盟高三上九月份考试物理,1,1
名校联盟高三上九月份考试生物,1,1
名校联盟高二9月份开学考,11,1
名校联盟高二上2024~2025生物9月份,1,1
名校联盟高二开学考,7,1
名校联盟，高二开学考,1,1
名校联考,6,1
名校联考开学,7,1
名校课堂2024数学上册广西湘教,2,1
名校高二上数学10月份月考阶段测试卷,3,1
名校高二上数学阶段测试卷,2,1
名次性从句100练习,7,1
名老师,2,1
名著 阅读 2026中考复习,3,1
名著知识点,2,1
名著阅读,5,1
名词搭配,1,1
名词数词和主谓一致,2,1
名词测试,3,1
名词的可数不可数,3,1
名词高中,5,1
后天,1,1
吐鲁番市 20252026学年第一学期期末检测七年级上册,7,1
向明中学,1,1
向量 0 一轮复习 基础高考题,1,1
向量与立体几何,1,1
向量大题,2,1
向量大题每日一练,1,1
向量法求距离,1,1
向量难,2,1
吕梁新初一分班考试,1,1
含参数一元一次不等式,2,1
含参数不等式,5,1
含参数不等式 浙江,2,1
含听力,19,1
含听力期末,4,1
含听力音频英语试卷,12,1
含有河北省的八省联考卷,1,1
含绝对值的函数问题,1,1
听力 100篇,1,1
听力 100篇高三,1,1
听力 2025年到2026年学年第一学期高二年级期末检测,1,1
听力 2025～2026学年第一学期高二年级期末检测,1,1
听力2026真题,6,1
听力专项,8,1
听力填空,3,1
听力强化训练合集（一）-2025-2026学年浙江省人教版（2012）英语九年级全册,2,1
听力材料,2,1
听力材料及原文音标贵阳云岩区8年级,6,1
听力江苏徐州市高二,1,1
听力沙龙,7,1
听力音频,4,1
听课,1,1
听课记录,3,1
启东中学化学月考卷高一,1,1
启东中学高一上期中,4,1
启东市南苑中学八上英语期中试卷,11,1
启东译林版三上英语第一单元,4,1
启秀中学,1,1
启秀中学分班,1,1
启秀中学小升出,1,1
启航新课堂,16,1
吴中,1,1
吴县中学10月,1,1
吴县中学高一十月考,3,1
吴川,1,1
吴川初一,4,1
吴川初一数学,1,1
吴川市小升初,1,1
吴川市广大,3,1
吴川市广实验,4,1
吴川第三中学初中2025年分班考试卷,2,1
吴川第三中学初中去年分班考试卷,1,1
吴忠,1,1
吴忠中学开学考,4,1
吴江区,18,1
吴江高级中学,6,1
吴淞中学,2,1
吴老师工作室,6,1
吴老师工作室 幂,2,1
呈贡区,10,1
呈贡去,1,1
周,5,1
周南中学20 22年入学考试卷,21,1
周南中学20 25年入学考试卷,3,1
周南中学20 26年入学考试卷,3,1
周南中学高一入学考试,35,1
周南入学考试,8,1
周南物理开学考,1,1
周南高一入学考试,8,1
周口巿2024一2025 同步 中考 知识点 作业 周口市2024-2025学年下学期期末试题-【有一套】2025-2026学年七年级下册数学期末备考试,3,1
周口市2024-2025学年下学期期末试题-【有一套】,6,1
周口市2024-2025学年下学期期末试题-【有一套】2025-2026学年七年级下册数学期末备考试,11,1
周周测01化学,1,1
周周练,9,1
周周练 02 第一章有理数综合训练(数学新教材人教版 七年级上册),1,1
周周练化学,1,1
周报,1,1
周期函数,3,1
周期函数和对称性专题,4,1
周村二中入学考试,1,1
周村二中入学考试2024年,1,1
周村五年级下册,6,1
周村六年级上册,73,1
周村区九年级上册期中数学,1,1
周村区九年级上册期中物理,1,1
周测4  氯及其化合物,1,1
周练2 第七章力,5,1
周练八,2,1
周练八高考高考领航,2,1
周至县永流初级中学,4,1
周计划,2,1
周长与面积的认识,1,1
周长面积专项练习,1,1
呼伦贝尔地生结业,2,1
呼吸作用,2,1
呼和浩特,13,1
呼和浩特20252026学年高三年级第一次质量检测数学,5,1
呼和浩特20252026学年高三年级第一次质量检测数学答案,1,1
呼和浩特八上数学月考,11,1
呼和浩特实验中学,5,1
呼和浩特市,2,1
呼和浩特市2024-2025高三上学期摸底考,1,1
呼和浩特市2024高三上学期摸底考,3,1
呼和浩特市2025 2026学年高三年级第一次质量监测,2,1
呼和浩特市2025年全市摸底考,1,1
呼和浩特市2025年全市摸底考高三,10,1
呼和浩特市第一中学,2,1
呼和浩特市第二中学英才计划初试数学完整试卷,3,1
呼和浩特市第五中学,1,1
呼和浩特市高三上学期摸底考,1,1
呼和浩特市高三第一次质量监测,7,1
呼和浩特市高三第一次质量监测物理,2,1
呼和浩特数学,1,1
呼和浩特玉泉区2025七下期末考,2,1
呼和浩特玉泉区8上期中考试,2,1
呼和浩特玉泉区中考,8,1
呼和浩特第一次质量检测,2,1
呼和浩特高三第一次质量检测生物,3,1
呼市2024年高三第一次质量检测,9,1
呼市2024年高三质量检测,2,1
呼市一中,3,1
呼市二中,1,1
命题人：赵东峰,1,1
和平 双菱,3,1
和平 四年级上学期,7,1
和平三模数学,1,1
和平二模,4,1
和平区,1,1
和平区 四年级上学期,3,1
和平区 高一 期中,1,1
和平区 高一 期中区统考,2,1
和平区2025届同阶段质量调查,3,1
和平区2026届质量调查（一）数学,5,1
和平区九上数学期末,4,1
和平区考卷儿,1,1
和平数学,1,1
和平期末语文九上,1,1
和平期末语文八下,3,1
和平街,3,1
和平街一中,3,1
和平语文三模,3,1
和平高三上期末,4,1
和平高三语文三模,3,1
和林一中,11,1
和林一中2025年新高入学检测卷,1,1
和田地区,6,1
和田地区一中,3,1
和田地区体育,2,1
和田地区第二中学,2,1
和田地区第二中学高一,12,1
和硕县第一中学,2,1
咸丰县第一中学假期作业,3,1
咸宁,2,1
咸宁市咸安区,11,1
咸林中学,3,1
咸水沽一中,5,1
咸水沽第一中学,17,1
咸水沽第一中学第一次月考,6,1
咸阳,1,1
咸阳启迪中学,3,1
咸阳市一模,1,1
咸阳市实验中学,3,1
咸阳市实验中学20252026九年级上学期化学第一次月考,4,1
咸阳市实验中学20252026九年级上学期第一次月考,1,1
咸阳市实验中学20252026高一上学期化学第一次月考,4,1
咸阳市实验中学九年级上学期第一次月考,1,1
咸阳市彩虹中学,4,1
咸阳新初一入学分班考试数学试卷,2,1
咸阳新初一分班考试数学试卷,4,1
咸阳高1期末,6,1
咸阳高新一中,5,1
品牌日开学季,1,1
哈 3 中,4,1
哈 三 中 0 2 6 学 年 度 二模,1,1
哈 三 中 2 0 2 5 2 0 2 6 学 年 度 三 学 年 期 中 考 试,2,1
哈47中学初四化学,4,1
哈69中学化学,19,1
哈一中入学考试,4,1
哈三中10月月考,1,1
哈三中11月期中,3,1
哈三中2024至2025学年度下学期高一 化学,1,1
哈三中2024至2025学年度下学期高一 生物,1,1
哈三中2024至2025学年度下学期高一学年期末生物,2,1
哈三中2024至2025学年度下学期高一，化学,4,1
哈三中2025 2026学年度上学期高三学年第一次验收考试物理试卷,1,1
哈三中2025 2026学年度下学期高一学年期末考试生物试卷,1,1
哈三中2025 2026学年度下学期高二学年期末考试英语试卷,3,1
哈三中2025-2026高一上化学10月月考,5,1
哈三中2025-2026高一十月份月考数学,1,1
哈三中2025-2026高一十月份月考生物,4,1
哈三中2025-2026高三上9月,1,1
哈三中2025-2026高三上9月物理,3,1
哈三中2025-2026高二上,2,1
哈三中2025-2026高二下期末考数学试题,4,1
哈三中2025~2026学年度下学期高一英语期末,1,1
哈三中2025—2026上学期化学第一次验收试卷,10,1
哈三中2025新高二上学期开学考数学卷,1,1
哈三中2025新高二开学考数学卷,1,1
哈三中2025至2026学年度高一学期下学末考试物理,2,1
哈三中2025至2026学年度高二学期学末考试物理,2,1
哈三中2025至2026学年，高二学年期中考试,2,1
哈三中2025高二上学期开学考数学卷,1,1
哈三中2025高二上学期开学考物理卷,2,1
哈三中9月月考,1,1
哈三中、哈师大附中、哈六中 高一下期末（大理6科：语文、数学、英语、物理、化学、生物）   说明：我不能直接发送试卷文件/PDF，下面给你精准搜索标题，复制到学科网、21世纪教育网、教习网就能搜到真题+答案。 部分2022‑2023学年网上资源不全，2023‑2024学年资料相对多。   🔹哈尔滨市第三中学（哈三中）   2023‑2024 高一下学期期末   1.哈尔滨市第三中学2023‑2024学年高一下学期期末考试 语文 2.哈尔滨市第三中学2023‑2024学年高一下学期期末考试 数学 3.哈尔滨市第三中学2023‑2024学年高一下学期期末考试 英语 4.哈尔滨市第三中学2023‑2024学年高一下学期期末考试 物理 5.哈尔滨市第三中学2023‑2024学年高一下学期期末考试 化学 6.哈尔滨市第三中学2023‑2024学年高一下学期期末考试 生物   2022‑2023 高一下学期期末   1.哈三中2022‑2023学年度下学期高一学年期末考试 语文 2.哈三中2022‑2023学年度下学期高一学年期末考试 数学 3.哈三中2022‑2023学年度下学期高一学年期末考试 英语 4.哈三中2022‑2023学年度下学期高一学年期末考试 物理 5.哈三中2022‑2023学年度下学期高一学年期末考试 化学 6.哈三中2022‑2023学年度下学期高一学年期末考试 生物   🔹哈师大附中   2023‑2024 高一下学期期末   1.哈尔滨师范大学附属中学2023‑2024学年高一下学期期末考试 语文 2.哈尔滨师范大学附属中学2023‑2024学年高一下学期期末考试 数学 3.哈尔滨师范大学附属中学2023‑2024学年高一下学期期末考试 英语 4.哈尔滨师范大学附属中学2023‑2024学年高一下学期期末考试 物理 5.哈尔滨师范大学附属中学2023‑2024学年高一下学期期末考试 化学 6.哈尔滨师范大学附属中学2023‑2024学年高一下学期期末考试 生物   2022‑2023 高一下学期期末   1.哈师大附中2022‑2023学年高一下学期期末考试 语文 2.哈师大附中2022‑2023学年高一下学期期末考试 数学 3.哈师大附中2022‑2023学年高一下学期期末考试 英语 4.哈师大附中2022‑2023学年高一下学期期末考试 物理 5.哈师大附中2022‑2023学年高一下学期期末考试 化学 6.哈师大附中2022‑2023学年高一下学期期末考试 生物   🔹哈尔滨市第六中学（哈六中）   2023‑2024 高一下学期期末   1.哈尔滨市第六中学2023‑2024学年高一下学期期末考试 语文 2.哈尔滨市第六中学2023‑2024学年高一下学期期末考试 数学 3.哈尔滨市第六中学2023‑2024学年高一下学期期末考试 英语 4.哈尔滨市第六中学2023‑2024学年高一下学期期末考试 物理 5.哈尔滨市第六中学2023‑2024学年高一下学期期末考试 化学 6.哈尔滨市第六中学2023‑2024学年高一下学期期末考试 生物   2022‑2023 高一下学期期末   1.哈尔滨市第六中学2022‑2023学年高一下学期期末考试 语文 2.哈尔滨市第六中学2022‑2023学年高一下学期期末考试 数学 3.哈尔滨市第六中学2022‑2023学年高一下学期期末考试 英语 4.哈尔滨市第六中学2022‑2023学年高一下学期期末考试 物理 5.哈尔滨市第六中学2022‑2023学年高一下学期期末考试 化学 6.哈尔滨市第六中学2022‑2023学年高一下学期期末考试 生物   小提示   1.2022‑2023部分科目网上流传少，搜不到可以优先刷2023‑2024。 2.部分试卷需要网站储值，抖音、小红书搜学校+学年也有部分网友分享的图片版。   需要我帮你把其中某一套的题目直接输出出来吗？,1,1
哈三中一模,3,1
哈三中三模物理,1,1
哈三中开学分班考试,20,1
哈三中开学考,6,1
哈三中开学考数学,1,1
哈三中数学,9,1
哈三中月考2025,1,1
哈三中月考2025高一联考,1,1
哈三中月考2025高三,1,1
哈三中月考2025高三联考,1,1
哈三中期中,2,1
哈三中本校月考数学卷,3,1
哈三中物理,7,1
哈三中物理高二下期末,13,1
哈三中生物期末卷,1,1
哈三中语文期中高三,3,1
哈三中语文期中高三2025-2026答案,1,1
哈三中高一,1,1
哈三中高一上数学期中,1,1
哈三中高一下期末物理,5,1
哈三中高一下期末生物,2,1
哈三中高一下生物,3,1
哈三中高一学年6月月考物理试卷,2,1
哈三中高一学年期末考试物理选考试题,3,1
哈三中高一期末化学,3,1
哈三中高一期末数学,3,1
哈三中高三上期中,17,1
哈三中高三英语,4,1
哈三中高三英语模拟试题,1,1
哈三中高二上学期期末考试英语,4,1
哈三中高二上月考,9,1
哈三中高二下六月月考化学,3,1
哈三中高二下化学期末,5,1
哈三中高二下学期期末,2,1
哈三中高二下期末数学,1,1
哈三中高二开学考,6,1
哈三生物,1,1
哈九中2024级高二上学期9月月考英语试题,9,1
哈九中2024级高二上学期期中考试,1,1
哈九中2025 2026学年度高三上学期8月份考试,5,1
哈九中2025 2026高一上化学,1,1
哈九中2025 2026高一上化学10月月考,6,1
哈九中2025-2026年度高一下学期6月份考试 语文学科试卷答案,4,1
哈九中2025-2026高一上物理10月月考,2,1
哈九中9月月考,7,1
哈九中二调,4,1
哈九中高一上期末,1,1
哈九中高三数学考试,8,1
哈九中高三英语,7,1
哈六中10月月考数学,1,1
哈六中2025-202610月月考数学,5,1
哈六十九中学化学,5,1
哈十七中学化学,21,1
哈密二中期中卷,1,1
哈密五中三模卷,1,1
哈尔滨 47 中,2,1
哈尔滨2026初中学业水平考试语文,1,1
哈尔滨3中,1,1
哈尔滨5/4制数学8年级套卷,32,1
哈尔滨七下期末道法,3,1
哈尔滨七年级17中数学,1,1
哈尔滨七年级上116期中试卷,1,1
哈尔滨七年级上17中数学,3,1
哈尔滨七年级上17中数学周测,2,1
哈尔滨七年级上册开学测英语,3,1
哈尔滨七年级上工附周测,1,1
哈尔滨七年级上数学116期中试卷,2,1
哈尔滨七年级下,1,1
哈尔滨七年级工附周测,3,1
哈尔滨三中一模,2,1
哈尔滨三中一模数学,19,1
哈尔滨三中数学高一分班考,2,1
哈尔滨三中数学高一期末,9,1
哈尔滨三中期末,2,1
哈尔滨东北师范高三一模数学,1,1
哈尔滨中考数学,3,1
哈尔滨光华中学,2,1
哈尔滨八上化学期中,2,1
哈尔滨八上数学期中,3,1
哈尔滨八年级上册英语开学测,3,1
哈尔滨八年级下册期末试题,1,1
哈尔滨八年级下册期末试题英语,11,1
哈尔滨六校联考,4,1
哈尔滨六校联考2026高一期末数学,6,1
哈尔滨南岗七上数学期末,5,1
哈尔滨周测测试,3,1
哈尔滨哈三中高二开学测试,7,1
哈尔滨四十七中,5,1
哈尔滨小学,1,1
哈尔滨工业大学,2,1
哈尔滨工大附中七年级上学期9月周考,21,1
哈尔滨工附,1,1
哈尔滨市2026中考,1,1
哈尔滨市59中学,2,1
哈尔滨市7年级语文统考,11,1
哈尔滨市一模政治,5,1
哈尔滨市二模政治,5,1
哈尔滨市五四制六年级上学期开学考试数学,1,1
哈尔滨市五四制六年级上学期开学考试语文,2,1
哈尔滨市五四至六年级上学期开学考试数学,1,1
哈尔滨市八年级上册英语,14,1
哈尔滨市六年级上册英语开学册,3,1
哈尔滨市南岗区英语 三模卷,10,1
哈尔滨市南岗区英语中考模拟卷,1,1
哈尔滨市双城区五家中学期末试卷,1,1
哈尔滨市师范大学附属中学,1,1
哈尔滨市德强中学期末,5,1
哈尔滨市松雷中学高二上学期物理物理,4,1
哈尔滨市第122中学,3,1
哈尔滨市第12中学,1,1
哈尔滨市第49中学,9,1
哈尔滨市第49中学八上数学,3,1
哈尔滨市第一中学,1,1
哈尔滨市第一中学第一次月考化学试卷,4,1
哈尔滨市第一中学高一第一次月考化学试卷,1,1
哈尔滨市第七十三中学2026年高一下学期生物卷,1,1
哈尔滨市第三中学期末,1,1
哈尔滨市第三中学校八月,1,1
哈尔滨市第三中学校第一次验收,3,1
哈尔滨市第三中学校高三上学期第一次月考试卷物理,2,1
哈尔滨市第三中学高一上历史,1,1
哈尔滨市第三中学高一上语文,4,1
哈尔滨市第九中学期末,1,1
哈尔滨市第九中学校2025~2026学年度高一上学期10月份考试英语试卷,4,1
哈尔滨市第十三中学,2,1
哈尔滨市第十三中学校,6,1
哈尔滨市第十二中学,2,1
哈尔滨市第十四中学,1,1
哈尔滨市英语中考模考卷,1,1
哈尔滨市英语模考卷,1,1
哈尔滨市萧红六年级入学测,3,1
哈尔滨市道里区六年级期末考试,3,1
哈尔滨市风华中学,1,1
哈尔滨市香坊区七年级数学,6,1
哈尔滨市香坊区七年级数学开学,6,1
哈尔滨市高一上期末考试数学,1,1
哈尔滨师大附中 东北师大附中 辽宁省实验中学2026届高三下学期第二次联合模拟考试 地理试题,4,1
哈尔滨师大附中2025 2026高一下期末物理,1,1
哈尔滨师大附中英语,1,1
哈尔滨师大附中高三上,5,1
哈尔滨师大附中高三月考9月物理,2,1
哈尔滨师大附中高三月考物理,6,1
哈尔滨师大附中高二下期末,5,1
哈尔滨师范大学大附中2025‑2026高一下期末生物,1,1
哈尔滨师范大学附属中学2025 2026学年度下学期高二期末考试,3,1
哈尔滨师范大学附属中学2025-2026学年度下学期高二期末考试数学,4,1
哈尔滨师范大学附属中学2025~2026学年度下学期高二期末考试。,1,1
哈尔滨师范大学附属中学英语,3,1
哈尔滨师范大学附属中学高三开学,3,1
哈尔滨师范大学青口县中学,1,1
哈尔滨开学测,1,1
哈尔滨德强2025 2026学年度下学期高二期末考试,1,1
哈尔滨德强2025~2026学年度下学期高二期末考试。,2,1
哈尔滨德强附属中学2025~2026li。,7,1
哈尔滨德强附属中学2025~2026学年度下学期高二期末考试。,9,1
哈尔滨德强高一下物理期末试卷,1,1
哈尔滨德强高中,5,1
哈尔滨德强高级中学2024到2025学年度下学期期末考试试卷一,6,1
哈尔滨德强高级中学2024至2025年,5,1
哈尔滨德强高级中学2025-2026学年度下学期期末考试,1,1
哈尔滨数学十七中,8,1
哈尔滨数学周测,12,1
哈尔滨数学期末模拟,18,1
哈尔滨数学期末测试,2,1
哈尔滨月考。,1,1
哈尔滨期中考试,9,1
哈尔滨期末模拟考试,12,1
哈尔滨期末测试,24,1
哈尔滨期末考试,1,1
哈尔滨期末试卷,3,1
哈尔滨生物会考,2,1
哈尔滨生物学业水平测试,1,1
哈尔滨省实验中学,1,1
哈尔滨第32中学高三十月物理,3,1
哈尔滨第一中学入学考试,1,1
哈尔滨第一中学物理,2,1
哈尔滨第一中学第一次月考考试,1,1
哈尔滨第七十二中学,1,1
哈尔滨第三中学高2,2,1
哈尔滨第三中学高一下期末,2,1
哈尔滨第三十二中,4,1
哈尔滨第九中学2025 2026高一上化学,3,1
哈尔滨第九中学数学,2,1
哈尔滨第九中学高一,3,1
哈尔滨第二十七中学,4,1
哈尔滨第六中学生物期末考试,5,1
哈尔滨第六十九中学校,4,1
哈尔滨第四中学,5,1
哈尔滨第四中学开学测,1,1
哈尔滨虹桥中学九年级英语,1,1
哈尔滨语文,7,1
哈尔滨重点小学三年级试题,3,1
哈尔滨风华中学校,1,1
哈尔滨高一开学测,1,1
哈尔滨高一期末化学,4,1
哈尔滨高一期末生物,1,1
哈尔滨高三上开学考地理,13,1
哈尔滨高三上开学考政治,12,1
哈尔滨高三上开学考数学,15,1
哈尔滨高三上开学考月考地理,1,1
哈尔滨高三上第一次月考,3,1
哈尔滨高三上第一次月考地理,3,1
哈尔滨高三化学开学考,4,1
哈尔滨高三生物开学考,2,1
哈尔滨高三第一次月考,2,1
哈尔滨高二,1,1
哈尔滨高二上数学期中考,4,1
哈尔滨高二开学测试,1,1
哈尔滨高二政治开学考,6,1
哈尔滨高二政治开学考德强,2,1
哈尔滨高二物理开学考,6,1
哈尔滨高二物理开学考德强,2,1
哈尔滨高考第一次模拟,9,1
哈工大附中五四制六年级上学期期中数学,27,1
哈师大,2,1
哈师大2025-2026高三数学,1,1
哈师大2025-2026高三期初数学,2,1
哈师大附中20232024搞一下物理,1,1
哈师大附中20232024高一下物理,1,1
哈师大附中2023级十月月考数学卷,1,1
哈师大附中2024 2025学年下学期高一期末考试,1,1
哈师大附中2024 2025学年下学期高一期末考试化学,5,1
哈师大附中2024 2025学年下学期高一期末考试物理,3,1
哈师大附中20242025高一化学期末,1,1
哈师大附中2025 2026高一下期末,4,1
哈师大附中2025-2026十月月考英语卷,5,1
哈师大附中2025‑2026高一下期末生物,1,1
哈师大附中2025——2026学年度下学期高一期末考试 化学试题,2,1
哈师大附中2025到2026学年度高一下学期期末考试生物试题,2,1
哈师大附中2025高二期末数学卷子,1,1
哈师大附中2026高二期末化学卷子,2,1
哈师大附中24级高一上学期10月月考,3,1
哈师大附中二零二三级高二下期末考试语文试题,1,1
哈师大附中期末考高二,1,1
哈师大附中高一上学期10月月考,1,1
哈师大附中高一下期末,1,1
哈师大附中高一下期末生物,3,1
哈师大附中高一月考,1,1
哈师大附中高一英语,6,1
哈师大附中高三,4,1
哈师大附中高二下期末考试,9,1
哈师大附中高二英语,2,1
哈师大青冈实验中学2025‑2026高一下期末数学,3,1
哈师大青冈实验中学2025年高三学年开学初考试高三上英语试题,5,1
哈师大青冈实验中学2025年高三学年开学初考试高三上英语试题哈师大新钢实验中学，黑龙江省绥化市高三上,2,1
哈师大青冈实验中学开学考,1,1
哈师大青冈实验中学数学,9,1
哈师大青冈实验中学高一下,5,1
哈师大青冈实验中学高三,13,1
哈师大青冈实验中学高三一模,1,1
哈师大青冈实验中学高三上开学初考试英语试题,3,1
哈师大青冈实验中学高三开学考,2,1
哈师大青冈实验中学高三摸底,2,1
哈师大青冈实验中学高二,4,1
哈师大青冈实验中学高二上学期开学考,15,1
哈师大青冈实验中学高二上学期期中,1,1
哈师大青冈实验中学高二开学考,18,1
哈师大青钢实验中学分班考试英语试题6月份考试,2,1
哈酒中高一上,1,1
哈食达附中二零二三级高二下期末考试语文试题,1,1
响水中学,8,1
响水县,3,1
响水县双,4,1
响水县双语,4,1
哥是个传说,5,1
哪吒,3,1
哪吒作文素材,4,1
哲学 02026年一轮复习 主观题模板,3,1
哲学 与文化 024一轮复习 知识点背诵,1,1
哲学 与文化 027一轮复习 知识点背诵,3,1
哲学 与文化知识点背诵,4,1
哲学原理 方法论必背知识整理最新版,4,1
哲学大题,3,1
哲学第一单元,7,1
哲理七年级第一次月考,7,1
哲理中学七年级编班考试卷子,1,1
唐县实验中学,2,1
唐尧中学,2,1
唐山,7,1
唐山 0 2026第二次模拟试卷,5,1
唐山2025-2026开学考,7,1
唐山2025-2026高三期末考试,2,1
唐山2026高一日语,1,1
唐山一中2026暑假作业,2,1
唐山一模,4,1
唐山丰南高二上物理,2,1
唐山二模,1,1
唐山人教版六年级下册英语卷子,6,1
唐山市,10,1
唐山市2025,17,1
唐山市2025  2026高一第二学期期末英语真题,1,1
唐山市2025  2026高一第二学期期末语文真题,5,1
唐山市2025  2026高二第一学期期末历史真题,2,1
唐山市2025 2026学年度高三年级摸底演练,2,1
唐山市2025‑2026学年度高三年级摸底演练英语,5,1
唐山市2025‑2026学年高三上学期开学摸底演练,7,1
唐山市2025生物高二上学期,6,1
唐山市2025至2026学年度高一年级第二学期期末考试思想政治答案,2,1
唐山市2025至2026学年度高一年级第二学期期末考试答案,21,1
唐山市丰南区第二中学,7,1
唐山市丰润八年级上册地理期末,1,1
唐山市八年级上册地理期中,3,1
唐山市学年高三上学期开学摸底演练,19,1
唐山市学年高三上学期开学摸底试题,10,1
唐山市曹妃甸区8年级第二学期物理试题,3,1
唐山市玉田县六年级下册期末考试2026,9,1
唐山市玉田县玉田镇中学,3,1
唐山市联考,6,1
唐山市路北区2021‑2022学年度下学期七年级英语学生素质终期评价,3,1
唐山市路北区八年级凤凰月考数学,4,1
唐山市路北区八年级月考数学,1,1
唐山市路南区友谊中学新生开学考试,6,1
唐山市高三年级摸底演练数学,4,1
唐山市高二上数学期末试卷,3,1
唐山市高二上物理期末试卷,2,1
唐山开学初摸底考试,9,1
唐山开学初摸底考试高三上学期,1,1
唐山摸底考,3,1
唐山期末考试,5,1
唐山第一次模拟试卷,1,1
唐山统考,2,1
唐山联考27,1,1
唐山联考27高三开学初,3,1
唐山路北七年级上册地理月考测试卷,3,1
唐山路北七年级上册地理期中测试卷,1,1
唐山迁安市小学毕业,1,1
唐山高一开学考,3,1
唐山高一日语,8,1
唐山高一英语期末考试,2,1
唐山高三开学摸底考试,21,1
唐山高三摸底演练,1,1
唐山高二上数学,5,1
唐山高二上期中,2,1
唐山高二上物理,15,1
唐山高二上英语,3,1
唐河八下期末数学,1,1
唐河县,24,1
唐河县 分班,4,1
唐河县 小生初,3,1
唐河县八下期中,4,1
唐河县六年级期中英语,5,1
唐诗三百首 2025名著导读,3,1
唐诗三百首名著导读,2,1
商丘市一高分班考试卷,2,1
商丘高一10月联考,1,1
商城一模,3,1
商城高级中学,1,1
商量,1,1
啊,1,1
喀什六中,1,1
喀什六中2025-2026学年第二学期期末质量检测模拟试卷,6,1
喀什市八年级期中,35,1
喀什市月考八年级九月,1,1
喀什第六中学2025-2026学年第二学期期末质量检测模拟试卷,3,1
喀拉喀什镇玉城中学。,1,1
喀拉喀什镇玉成中学。,1,1
嗯2026八年级下学期福建省莆田市中山中学期末考试卷,9,1
嗯2026福建省莆田市中山中学期末考试卷,1,1
嘉兴2025年高三基础测试,3,1
嘉兴2026学年高三数学试题（一）,3,1
嘉兴21世纪,1,1
嘉兴一中,4,1
嘉兴五年级,5,1
嘉兴八校联盟,1,1
嘉兴八校联盟政治,4,1
嘉兴八校联盟英语,1,1
嘉兴基测,3,1
嘉兴基础测试数学,2,1
嘉兴市,5,1
嘉兴市2024到2025学年第二学期期末测试卷,1,1
嘉兴市2025 2026学年第二学期期末检测,2,1
嘉兴市2025 2026学年第二学期期末检测高二,2,1
嘉兴市市统测高一期末数学,1,1
嘉兴市高三教学测试,2,1
嘉兴市高三教学测试4月,1,1
嘉兴市高三教学测试4月地理,1,1
嘉兴物理期末,8,1
嘉兴秀洲区小升初,5,1
嘉兴高二期末地理,1,1
嘉定,3,1
嘉定一中,8,1
嘉定区,2,1
嘉定区初三一模卷数学2026,1,1
嘉定区初三一模卷物理2026,1,1
嘉定区初三物理一模2026,3,1
嘉祥 分班,1,1
嘉祥20268年级下册期末考试试卷,1,1
嘉祥一中地理,1,1
嘉祥九年级开学考试,1,1
嘉祥分班,4,1
嘉祥县,1,1
嘉祥县六下数学期末,1,1
嘉祥县初一开学考,8,1
嘉祥外国语九年级上学期开学考试,4,1
嘉祥外国语九年级开学考试,4,1
嘉祥外国语九年级数学,2,1
嘉祥外国语学校分班,1,1
嘉祥外国语学校温江,3,1
嘉祥外国语学校锦江,2,1
嘉祥外国语学校高一开学考试,1,1
嘉祥祥城,29,1
嘉祥第一中学,1,1
嘉祥锦江,2,1
嘉祥集团九校联考八下物理,1,1
嘉祥高中政治入学考试,1,1
嘉积中学2024,20,1
嘉积中学高一中考,2,1
嘉积第三中学,5,1
嘉积第二中学,4,1
嘉美,2,1
嘉陵一中,3,1
嘉陵一中2025,9,1
嘉陵一中2025级高一第一次月考。,8,1
嘉鱼一中入学考试,3,1
四,1,1
四上数学活页计算,17,1
四上期中语文试卷十堰,1,1
四上期末卷,1,1
四上期末数学试卷瑞安,5,1
四上期末英语试卷瑞安,4,1
四上期末语文试卷十堰,8,1
四上科学课,3,1
四上第一次月考语文试卷十堰,8,1
四上语文人教版,5,1
四下数学期末试卷2026年,3,1
四下英语卷,7,1
四下英语外研版试卷,6,1
四中七下英语,1,1
四中分班考,5,1
四中期中,1,1
四中期末,6,1
四中期末语文,5,1
四代,1,1
四十七,5,1
四十七中学,19,1
四十三中学,1,1
四十中,1,1
四升五卷子数学,4,1
四大名校,2,1
四川 0 2026 高考真题化学,4,1
四川 0 2026 高考真题生物遗传题,1,1
四川 0 2026合格考,3,1
四川 宜宾 2026 中考真题,3,1
四川2 026年 高考 真题,2,1
四川2021~2025高考数学,4,1
四川2025-2026必修二,4,1
四川2025年化学高考,1,1
四川2025政治试题,8,1
四川25政治高考,4,1
四川一年级上学期阶段检测,8,1
四川七中,4,1
四川三年级上学期阶段检测,1,1
四川专用,4,1
四川中考短文填空专项,2,1
四川会考,1,1
四川会考26,1,1
四川会考题,9,1
四川信息技术合格考,1,1
四川入学政治高二上,3,1
四川入学政治高二上嘉祥,1,1
四川八市2025一诊,3,1
四川八年级下学期期末,4,1
四川八年级下学期阶段检测,2,1
四川内江2025,10,1
四川内江三中,1,1
四川内江三中入学测试卷,4,1
四川内江三中高一入学测试卷,1,1
四川内江六中七年级数学试卷,6,1
四川内江小升初,7,1
四川内江市七年级下册数学试卷,1,1
四川内江市七年级下册月考数学试卷,2,1
四川内江隆昌小升初,6,1
四川凉山,3,1
四川初二下册期末英语,1,1
四川初二物理,9,1
四川初升高试卷,3,1
四川初升高试卷物理,1,1
四川化学,1,1
四川化学2026,1,1
四川北师大版小学四升五应用题练习题,1,1
四川单招2026,1,1
四川单招2026年语数外合卷,4,1
四川南充2026数学合格考,1,1
四川南充开学考,3,1
四川南充西华师大附中开学考,1,1
四川卷化学,1,1
四川历史高考,3,1
四川合格考数学2,1,1
四川合格考数学2025高中,1,1
四川合格考语文,1,1
四川嘉祥集团九校联考八下物理,2,1
四川四年级上学期阶段检测,2,1
四川地理合格考模拟卷,4,1
四川地理高考,2,1
四川外国语学校,3,1
四川大学数学强基,4,1
四川大数据领航联盟,1,1
四川学业水平测试数学,2,1
四川宜宾2025-2026学年高一期末试题,1,1
四川宜宾2025-2026学年高一期末试题英语,12,1
四川宜宾2025-2026学英语,1,1
四川宜宾八年级下册英语成绩,1,1
四川宜宾地理一诊,3,1
四川宜宾英语一诊,7,1
四川宜宾英语二诊,5,1
四川宜宾语文一诊,6,1
四川射洪中考,8,1
四川射洪小学英语卷,1,1
四川巴中通江中学高一春历史期末试卷,5,1
四川广元,4,1
四川广安1诊,1,1
四川广安区高中1诊,1,1
四川广安区高中2022届一诊考试数学,5,1
四川广安区高中2023届1诊,1,1
四川广安区高中2023届一诊考试,5,1
四川广安区高中2023届一诊考试数学,3,1
四川广安区高中2023届二诊考试,2,1
四川广安区高中2023届二诊考试数学,22,1
四川广安区高中2025年一诊考试数学,9,1
四川广安区高中2025年二诊考试数学,3,1
四川成都0诊试卷,2,1
四川成都七中,10,1
四川成都东部新区第七中学校,6,1
四川成都市树德中学,21,1
四川成都市第七中学2026届高三下学期二诊模拟考试数学试卷,9,1
四川成都数学中考模拟,2,1
四川攀枝花地理会考卷子高中,7,1
四川政治高考,2,1
四川新高考联盟,3,1
四川普高学业水平数学,1,1
四川期末,2,1
四川生物合格考2026,2,1
四川省1月份地理合格考,5,1
四川省1月份政治合格考,3,1
四川省1月份物理合格考,6,1
四川省1月份生物合格考,1,1
四川省2016年文科综合试卷,2,1
四川省2016年文科综合试卷高考,3,1
四川省2023年新高考语文试卷,3,1
四川省2024年9月普通高中学业水平合格性考试数学试题,3,1
四川省2024年9月普通高中学业水平合格性考试语文试题,1,1
四川省2025到2026三年级期末试卷,2,1
四川省2025届高三第一次教学质量测评化学,3,1
四川省2025年9月普通高中学业水平合格性考试,12,1
四川省2025年9月普通高中学业水平合格性考试数学试题,1,1
四川省2025年9月普通高中学业水平合格性考试语文试题,1,1
四川省2025年9月高中合格性考试,9,1
四川省2026单招,1,1
四川省2026年6月份化学合格考,1,1
四川省2026数学合格考,1,1
四川省2026部分高中日语质量检测,3,1
四川省9月份地理合格考补考卷,1,1
四川省《财经商贸类考纲百套卷》,1,1
四川省乐山市 2024~2025学年度高一下学期期末语文试卷,3,1
四川省乐山市马边彝族自治县六年级数学试卷2026,1,1
四川省八年级下册人教版数学学情点评 随堂过关,3,1
四川省内江市2024 2025学年高一下学期期末考试物理试卷,1,1
四川省内江市2026年英语中考试卷,1,1
四川省内江市2026年高考,1,1
四川省内江市2026年高考英语,1,1
四川省内江市2027届零模地理试卷,3,1
四川省凉山州2021‑2022学年八年级下学期期末检测物理试题,3,1
四川省南京五年级,7,1
四川省南充高级中学 百强校,1,1
四川省合格考,15,1
四川省学业水平合格考语文,1,1
四川省宜宾市江安县,5,1
四川省宜宾市英语月考,1,1
四川省宜宾市高一上英语月考,6,1
四川省射洪中学初一第三学月月考,1,1
四川省巴中中学高一上册数学期中试卷,6,1
四川省巴中市2024年高三零诊考试,12,1
四川省巴中市2026统考,2,1
四川省巴中市巴州区龙泉外国语学校,1,1
四川省巴中市巴州区龙泉外国语学校分班考试,3,1
四川省巴中市龙泉外国语学校七年级分班考试,2,1
四川省巴中市龙泉外国语学校分班考试,1,1
四川省巴中零诊,6,1
四川省广元中考物理,5,1
四川省广元市外国语学校高一军训开学考,2,1
四川省广安友实学校2025~2026学年七年级下学期期末考试试题,1,1
四川省广安市2026中考数学,6,1
四川省广安市八年级下册数学期末试卷,3,1
四川省广安市广安区2025-2026学年初二下册历史期末卷子,2,1
四川省广安市广安区2025-2026学年初二下册政治期末卷子,4,1
四川省广安市广安区2025~2026学年初一下册期末试卷统考,3,1
四川省广安市广安区友谊中学平安校区,6,1
四川省广安幼师学校2025~2026学年七年级下学期期末考试试题,7,1
四川省广安第二中学校,5,1
四川省开学考生物,1,1
四川省德阳市高三诊断性,1,1
四川省德阳市高三诊断性数学,6,1
四川省成都七中,2,1
四川省成都七中。,1,1
四川省成都七中育才分校中考数学二诊模拟试卷,5,1
四川省成都市 2026届高中毕业班第一次诊断性检测,1,1
四川省成都市2026年高中毕业班摸底测试英语,1,1
四川省成都市2026年高中毕业班摸底测试英语 全部 图片 经验,1,1
四川省成都市成实外教育集团高2025级高一年级数学考试数学,12,1
四川省成都市树德中学2025-2026高三上学期开学化学试题,3,1
四川省成都市第七中学2025~2026年度下2027届英语试卷,2,1
四川省成都市第七中学2025~2026年度下七朝2027届英语试卷,3,1
四川省成都市第七中学高三英语,15,1
四川省成都市郫都区2 024~2025石室蜀都学校入学考试,4,1
四川省成都市高三英语,14,1
四川省数学书必修二答案,3,1
四川省普格县螺髻山,4,1
四川省普格县螺髻山中学校,1,1
四川省普通高中学业水平合格考试物理模拟,2,1
四川省普通高中学业水平合格考试生物模拟,4,1
四川省普通高中学业水平合格考语文,3,1
四川省泸州市2024泸州高三上期一诊,5,1
四川省泸州市2025泸州高三上期一诊,2,1
四川省泸州市中考化学,1,1
四川省渠县中学。,10,1
四川省眉山中学,16,1
四川省眉山市丹陵县一校区。,1,1
四川省石室中学,6,1
四川省绵阳中学,1,1
四川省绵阳市,4,1
四川省绵阳市2025-2026学年高一下期化学,2,1
四川省绵阳市八年级数学,6,1
四川省绵阳市江油市,4,1
四川省绵阳市江油市，七年级数学,5,1
四川省绵阳市育才中学,6,1
四川省绵阳市高一化学,5,1
四川省绵阳市高一期中数学试卷2026,4,1
四川省绵阳育才中学,2,1
四川省英语中考真题汇编,1,1
四川省达州市2023到2024期末,3,1
四川省达州市2025-2026学年高一下学期期末教学质量监测地理,4,1
四川省达州市2026届高三零诊模拟考试数学试题,3,1
四川省达州市渠县第三中学,12,1
四川省达州市高一下物理2023到2024期末,3,1
四川省通江中学,2,1
四川省遂宁市高二上学期月考卷,1,1
四川省遂宁市高二上学期第一学月考试,4,1
四川省遂宁市高二上学期第一学月考试英语,4,1
四川省阆中中学上高三考试四川省阆中中学校高三考试,3,1
四川省隆昌市知行中学,5,1
四川省雅安市2025到2026质量监测实践园地六一年级下册,1,1
四川省雅安市高一上册期末考试英语,13,1
四川省雷波中学,1,1
四川省高一入学测试,9,1
四川省高一学业水平考试,13,1
四川省高一生物巴中统,3,1
四川省高中学业水平合格考数学,3,1
四川省高中学业水平合格考数学2023,2,1
四川省高中学业水平合格考数学2025,1,1
四川省高二上学期第一学月考试,5,1
四川省高二上学期第一学月考试数学,5,1
四川省高二上学期第一学月考试语文,1,1
四川省高考生物,1,1
四川眉山八下数学期末试卷,1,1
四川第一次月考政治高二上,2,1
四川绵阳2025 2026学年高一下期末,1,1
四川绵阳七年级数学,5,1
四川绵阳东辰高级中学高一第二次月考数学真卷。,11,1
四川绵阳中考英语2022,2,1
四川绵阳市高一化学,1,1
四川绵阳高一下期末语文试卷,3,1
四川自贡市2025 2026学年高二下学期,12,1
四川英语卷,7,1
四川英语合格考,1,1
四川英语合格考试,1,1
四川资阳,14,1
四川资阳安岳中学,3,1
四川遂宁中考数学,1,1
四川锦江八下数学,2,1
四川雅安一模,3,1
四川高一上学期学考,1,1
四川高一上学期阶段检测,1,1
四川高一下学期阶段检测,9,1
四川高一期末数学,3,1
四川高一物理,2,1
四川高三九月,1,1
四川高三历史一诊,5,1
四川高三语文一诊,3,1
四川高中学业水平合格性考试数学2025,7,1
四川高中学业水平考试,10,1
四川高中学考,3,1
四川高二上入学政治,1,1
四川高二下学期期末地理,6,1
四川高二下学期期末政治,1,1
四川高考化学二轮复习,3,1
四川高考化学真题,1,1
四川高考卷政治,1,1
四川高考政治试题2025,1,1
四川高考物理,10,1
四川高考生物卷,1,1
四川高考真题政治,3,1
四平一中,2,1
四平吉林四平,18,1
四平市第三中学 初一新生入学模拟卷,2,1
四年级 奥数测试,2,1
四年级 第一单元测试卷,8,1
四年级上一单元,3,1
四年级上一单元青岛,3,1
四年级上册,3,1
四年级上册免费试卷,3,1
四年级上册单元测,1,1
四年级上册单元测译林版英语,22,1
四年级上册单词表,3,1
四年级上册单词表牡丹江,3,1
四年级上册单词表牡丹江东宁,3,1
四年级上册数学免费试卷,1,1
四年级上册数学期末湖南郴州,6,1
四年级上册数学沂水期末试卷,4,1
四年级上册数学苏教版 2026 年秋多位数的认识试卷,3,1
四年级上册期中数学试卷广东,1,1
四年级上册期中试卷,7,1
四年级上册期中长沙,1,1
四年级上册期中长沙数学,1,1
四年级上册期末卷安徽芜湖,1,1
四年级上册沂水英语期中试卷,2,1
四年级上册沂水语文期中试卷,5,1
四年级上册第1单元数学检测试卷,6,1
四年级上册第2单元,7,1
四年级上册英语安徽芜湖期末卷,13,1
四年级上册英语期末卷安徽芜湖,3,1
四年级上册语文期中试卷,2,1
四年级上册语文英语数学网课,1,1
四年级上册鲁教版数学测试真题,4,1
四年级下册,1,1
四年级下册奥数,11,1
四年级下册安徽芜湖英语卷,5,1
四年级下册小梦同步作文，电子版第八单元语文,8,1
四年级下册德化,3,1
四年级下册数学竞赛,3,1
四年级下册数学难题,1,1
四年级下册期末,1,1
四年级下册期末考试,17,1
四年级下册期末考试语文,4,1
四年级下册英语module 1考卷,1,1
四年级下册英语module 1考卷安徽芜湖,1,1
四年级下册英语单元卷芜湖,1,1
四年级下册英语单词,3,1
四年级下册西南师大数学试卷,7,1
四年级下册计算题,1,1
四年级下册语文期末,5,1
四年级下册语文期末试卷,1,1
四年级下册雨花区语文,3,1
四年级人教版数学武汉上学期第一单元,3,1
四年级安全作业,7,1
四年级成都市期末真题卷,5,1
四年级数学学校竞赛,5,1
四年级数学方程应用题,1,1
四年级数学期末,19,1
四年级数学湖南,4,1
四年级数学湖南郴州,9,1
四年级数学湖南郴州上册,1,1
四年级数学湖南郴州上册期末,9,1
四年级数学竞赛,1,1
四年级数学能力测试,1,1
四年级数学题,9,1
四年级期末复习,1,1
四年级期末试卷,10,1
四年级知识点,2,1
四年级知识点数学,2,1
四年级竞赛,1,1
四年级竞赛试卷,17,1
四年级简便运算专项训练,5,1
四年级英语,2,1
四年级英语期末武汉,7,1
四年级计算,3,1
四年级计算专项练习,1,1
四年级语文范文,6,1
四年级语文课课贴,1,1
四年级阅读理解答题公式,1,1
四年级面积,6,1
四年级面积与周长,3,1
四年级面积的应用,7,1
四年级预习,6,1
四校联考广东,6,1
四棱台上下面,1,1
四点共圆 2025年中考数学几何模型专题,2,1
四点共圆问题,1,1
四级1500核心词,1,1
四级英语2021年听力,1,1
四边形,5,1
四边形几何压轴专训,9,1
四边形动点问题,4,1
四道湾子,4,1
回,3,1
回中分班,3,1
回中月考,1,1
回归教材 必背知识清单 填空版,3,1
回旋加速器,3,1
回民中学实验,1,1
因 式 分 解100道练习题,1,1
因式分解 初高中衔接数学,4,1
因式分解100道,1,1
因式分解专项练习高中初中衔接。,1,1
因式分解之分组分解,4,1
因式分解分式化简分式方程一元一次不等式，专项计算训练,5,1
因式分解常考题型,2,1
因式分解提升,1,1
因式分解整式乘除,3,1
因式分解的方法,2,1
因式分解解一元二次方程,4,1
因式分解计算题,1,1
因式分解计算题练习,1,1
因式分解进阶,3,1
因式分解重难点汇编,6,1
团员考试,1,1
团支书竞选pp,1,1
园创联盟2027,1,1
园区,10,1
固体压强专项,1,1
固原一中,1,1
固原五原,4,1
固原八中,5,1
固原市五原中学2022至20237年级数学分班摸底测试,3,1
固原市五原中学小升初入学分班测试2025。,5,1
固始,16,1
固始县,4,1
固始县一高二高联考上期 高一历史,1,1
固始县九年级数学上学期,9,1
固始县六年级数学上,3,1
固始县实验中学小升初分班考试试卷,1,1
固始县实验中学编班测试,6,1
固始县第一初级中学,3,1
固始外国语,9,1
固安一中,1,1
固镇毛钽实验中学,23,1
国光中学,3,1
国共合作与国民革命运动,4,1
国家中学生生物学竞赛,1,1
国家新授课,7,1
国家机构和国家制度思维导图,4,1
国家集训队,4,1
国际奥林匹克竞赛,5,1
国际数学奥林匹克 六年级,6,1
国际竞赛,4,1
图书馆,1,1
图像,6,1
图型的平移和旋转,1,1
图形变化,5,1
图形的变换,3,1
图形的性质,6,1
图形的相似 单元测试湘教版,9,1
图形的相似华师大,3,1
图形的相似华师大试卷,2,1
图形的相似测试,4,1
圆 综,1,1
圆 综合大题中考,1,1
圆与一次函数,2,1
圆与函数,1,1
圆与圆的位置关系,3,1
圆与直线,6,1
圆与直线的位置关系,1,1
圆全章知识点,2,1
圆创 1,1,1
圆创 11月,1,1
圆创2027数学,10,1
圆创8,1,1
圆创8月高三,1,1
圆创开学考,13,1
圆创物理,3,1
圆创联盟2027高三上生物,1,1
圆创联盟8月,26,1
圆创联盟八月语文,1,1
圆创联盟高三生物,4,1
圆创联盟高三第一次,6,1
圆创英语,1,1
圆创高三生物,4,1
圆创高三英语,2,1
圆创高二上期中物理卷,1,1
圆初三,2,1
圆初三常考题型,1,1
圆初中,1,1
圆单元测试卷,3,1
圆单元测试卷苏,3,1
圆单元测试卷苏教版,2,1
圆压轴题,9,1
圆周角应用,3,1
圆周运动 14大考点 14题型,4,1
圆周运动专题,11,1
圆周运动专题模块好题,4,1
圆周运动复习,9,1
圆周运动水平面内,1,1
圆周运动的临界问题,2,1
圆和直线,1,1
圆弧,1,1
圆弧长,4,1
圆所有的题目,3,1
圆曲专项,1,1
圆曲大体,1,1
圆曲大题,1,1
圆柱与圆锥,3,1
圆梦杯,1,1
圆梦联盟,5,1
圆椎曲线高考真题,3,1
圆测试卷,1,1
圆的,2,1
圆的几何,4,1
圆的基础题,3,1
圆的性质,1,1
圆的方程与直线培优专项,1,1
圆的方程培优专项练,3,1
圆的方程知识,4,1
圆的最小值,1,1
圆的有关性质,4,1
圆的相切,3,1
圆的综合计算,7,1
圆的证明题,1,1
圆的面积,4,1
圆的题目,3,1
圆盘模型题,5,1
圆盘连接,1,1
圆相关求解填空类（3大题型）重难专练,3,1
圆知识点,1,1
圆练习,4,1
圆综,1,1
圆综合,2,1
圆综合北京中考,4,1
圆综合北京期中,8,1
圆综合大题,6,1
圆锥 曲线,3,1
圆锥 曲线 专题2026 复习大题 压轴,4,1
圆锥 曲线025 一 轮 复习中档大题,4,1
圆锥 曲线025 一 轮 复习中档大题北师大,4,1
圆锥 曲线素养拓展6,2,1
圆锥内切球,2,1
圆锥曲线 专项练习,1,1
圆锥曲线 二级结论大全,1,1
圆锥曲线 大题归类,1,1
圆锥曲线 小题常见题型大全,1,1
圆锥曲线 山东,3,1
圆锥曲线 解答题12大题型解题套路归纳,1,1
圆锥曲线一试,3,1
圆锥曲线专项,4,1
圆锥曲线专项训练,5,1
圆锥曲线专题练,3,1
圆锥曲线中的定点、定直xian问题,2,1
圆锥曲线中的定点、定直线及其探索性问题,5,1
圆锥曲线人教A,1,1
圆锥曲线公式,3,1
圆锥曲线内切圆,10,1
圆锥曲线切线练习题,3,1
圆锥曲线单元考,4,1
圆锥曲线压轴,4,1
圆锥曲线压轴题,3,1
圆锥曲线同步,6,1
圆锥曲线培优,1,1
圆锥曲线基础复习,9,1
圆锥曲线基础题,5,1
圆锥曲线复习,7,1
圆锥曲线大题专项人教A版,2,1
圆锥曲线大题专项高二,2,1
圆锥曲线大题专题,3,1
圆锥曲线定值定点,5,1
圆锥曲线最值,4,1
圆锥曲线极点极线,1,1
圆锥曲线的切线问题,2,1
圆锥曲线的方程,1,1
圆锥曲线的第三定义,6,1
圆锥曲线真题汇编,8,1
圆锥曲线离心率,8,1
圆锥曲线综合复习,7,1
圆锥曲线试卷,1,1
圆锥曲线选填,3,1
圆锥曲线重难专题,3,1
圆锥曲线难,3,1
圆锥曲线面积比问题,4,1
圆锥曲线题型归纳,5,1
圆锥曲线高三模拟,5,1
圆锥曲线高考真题,5,1
圣泉中昌,4,1
在含氮化合物的合理使用前面的试卷,2,1
在头皮上,1,1
在线练,1,1
在缅甸教的语文老板，三年级下册语文考试题猴年两次到从偶然两次到绝招,2,1
地区一中,1,1
地区一中2026年春季学期,2,1
地区一中2026年春季学期高一年级期末考试试卷,1,1
地图,1,1
地球与地图,3,1
地球与地图（培优专练）,1,1
地球的公转,6,1
地球的历史,12,1
地球的圈层结构,7,1
地球的演化过程,1,1
地球的演化过程中图,1,1
地球的演化过程（分层作业）,1,1
地球的演化过程（分层作业）地理中图,3,1
地球的自转及其地理意义,1,1
地球的自转和公转课件,2,1
地球的运动,5,1
地球自转影子长短与方向的判断,1,1
地球运动,7,1
地理 0 地球运动,1,1
地理 02一轮复习,2,1
地理 02复习,9,1
地理 03一轮复习,2,1
地理 04一轮复习,2,1
地理 一轮复习,1,1
地理 五年真题,1,1
地理 必修二 必背知识点清单人教版,22,1
地理 气候类型,1,1
地理2025年高考真题,1,1
地理2026云南卷七,1,1
地理一 轮复习2026,7,1
地理专题,15,1
地理亚洲试题高考一轮,1,1
地理会考,2,1
地理会考卷上海,1,1
地理位置,1,1
地理信息技术及其应用,1,1
地理公转自转,5,1
地理六下期末,4,1
地理北美与美国,3,1
地理十二校联考天津,6,1
地理合格考莘县,2,1
地理四川,1,1
地理土壤,8,1
地理地球专题,5,1
地理大题大题模板2026,2,1
地理必修一第一章,2,1
地理必修二思维导图,2,1
地理思维导图,1,1
地理总复习手册,1,1
地理恐龙,2,1
地理月相,3,1
地理月考西青区,6,1
地理月考西青区杨柳青一中,3,1
地理月考西青区高二,3,1
地理期末,7,1
地理河流专题,2,1
地理真题,1,1
地理知识点,2,1
地理等高线选择小题,3,1
地理答题卡,3,1
地理精希巧练套圈,1,1
地理综合分析应用题,1,1
地理试卷免费,6,1
地理选修一同步练习,4,1
地理选择性必修一人教版,2,1
地理选择题专练,7,1
地理选秀一,1,1
地理选秀一第一单元,7,1
地理野外实践活动方法指导,2,1
地理零模,1,1
地理高 考 2026高考真题,4,1
地理高一第一章,4,1
地理高三,3,1
地理高考一轮复习,1,1
地理高考十年真题汇编,4,1
地理高考卷,1,1
地理高考题,6,1
地生2025会考江苏南通,1,1
地生会考模拟真题山东,4,1
地表形态塑造,4,1
均值不等式,10,1
均值不等式15 类题型总结,6,1
均值不等式题型专项,4,1
均值法求加速度,2,1
坎儿井,1,1
坎市中学,2,1
坚强的领导核心,1,1
坚持党的绝对领导,5,1
坚持和加强党的全面领导,3,1
坚持绿色发展,2,1
坡头区小升初2025,1,1
坡头区小升初2025数学,2,1
垂径定理,4,1
垂径定理 3大知识点11类题型,1,1
垂直平分线,8,1
垦利一中提前招生试题,4,1
垫江,3,1
城东中学,1,1
城南中英文,3,1
城固二中,1,1
城固县八年级,1,1
城固县第二中学,1,1
城市2024至2025学年度第二学期期末质量检测试题,15,1
城阳,4,1
城阳一中月考,1,1
城阳一中期初,1,1
城阳区第二高级中学,3,1
城阳第,6,1
培优,1,1
培优01 圆中最值问题,1,1
培优01 数轴上的10种动点问题(专项训练)数学北师大版2024七年级上册,12,1
培优04,1,1
培优04绝对值,4,1
培优1,2,1
培优三试题,1,1
培优专题,3,1
培优八上,6,1
培优八上2026,4,1
培优八上2026人教版,13,1
培优分阶练,1,1
培优卷,1,1
培优卷华东师范二次根式二次函数,2,1
培优奖练,3,1
培优好卷,1,1
培优好卷数学,1,1
培优讲练,1,1
培才,2,1
培才初一入学考试,3,1
培文,1,1
培文高三周测,2,1
基因 工程2026专题复习,7,1
基因 工程专项,1,1
基因 工程专项生物,2,1
基因、DNA和染色体的关系,1,1
基因和染色体的关系单元卷,1,1
基因工程的基本操作程序,2,1
基因工程的基本操作程序大题,1,1
基因工程的应用与蛋白质工程,4,1
基因工程的应用与蛋白质工程大题,2,1
基因的表达,1,1
基建狂魔,3,1
基本 不等式,3,1
基本 不等式12种题型及解析一轮复习,1,1
基本不等式 求最值,9,1
基本不等式12种题型,7,1
基本不等式一轮复习,1,1
基本不等式专项练习题,5,1
基本不等式和重要不等式,3,1
基本不等式拔高,1,1
基本不等式测试,1,1
基本不等式的变形,3,1
基本不等式试卷,6,1
基本不等式课件,1,1
基本不等式课程,1,1
基本不等式齐次化专题,3,1
基本初等函数专项复习,1,1
基本营养物质,4,1
基础 100题基础,1,1
基础卷,1,1
基础受力分析,3,1
基础导数大题,4,1
基础巩固,32,1
基础概念,2,1
基础用语专项,1,1
基础过关,5,1
基础题,8,1
基础题语文基础题初一到初二的,3,1
基础题语文基础题初一到初二的海南,4,1
基金，长春,1,1
堆龙一中,15,1
塔头二中,1,1
塘厦中学,11,1
塘厦中学2026届9月月考,4,1
塘厦中学2026届9月月考历史,1,1
塘厦中学2026届9月月考历史（本校原,1,1
塘沽一中20232024学年度第一学期期中检测初三数学试卷,4,1
塘沽一中八年级上,4,1
塘沽一中开学调研,3,1
塘沽一中新高一分班,1,1
塘沽一中陈琳,1,1
塘沽第十四中学,39,1
填图速记,4,1
填图速记地理,3,1
填图速记地理北美与美国,7,1
填空,13,1
填空题,1,1
增城区,3,1
增城期中数学,3,1
增城物理期中,4,1
增添项,3,1
声声慢理解性默写突破三关,5,1
声现象章节测试,5,1
声的利用人教版,2,1
声进阶,4,1
声音,3,1
声音传递,12,1
声音的特性,1,1
备战2025年高考,1,1
备战2025年高考历史模拟卷,1,1
备战2026届高考英语之优秀模考题必刷092025年10月江南十校,3,1
备战2027年中考语文复习,2,1
备战2027年中考语文复习福建,2,1
备战中考物理,3,1
备战北京高考,5,1
备课笔记,4,1
复习,26,1
复习 讲义,1,1
复习卷,1,1
复习资料,3,1
复兴高级,1,1
复分解反应与离子的共存,6,1
复句,3,1
复合函数,4,1
复数,6,1
复数函数,3,1
复旦大学附属中学化学,4,1
复旦大学附属中学生物,5,1
复旦大学附属中学英语,5,1
复旦实验中学,1,1
复旦实验中学九年级,1,1
复旦强基计划,7,1
复杂电路图的分析,2,1
复读班,3,1
夏,1,1
夏令营选拔卷,1,1
夏令营选拔卷初一,5,1
夏县一中高三模拟考试语文,1,1
夏外初一四五单元月考,1,1
夏津一中高一开学考,1,1
夏津三年级语文,5,1
夏津县,14,1
夏津县2025到2026期末语文三年级下册,20,1
夏邑县八年级上物理期中考2026,1,1
夏邑县八年级上物理期末考2026,4,1
外切球,2,1
外刊,3,1
外刊精读,2,1
外刊英语阅读汇编 2027届高三英语二轮阅读理解专项练习 十一,1,1
外刊阅读,1,1
外国语语丘班,1,1
外大附中,6,1
外接球，内切球问题,5,1
外教版现在完成时,1,1
外教版英现在完成时,1,1
外研一起4上练习册,1,1
外研必修一课文音频,5,1
外研版 必修,1,1
外研版 必修X Unit X 课文原文”,7,1
外研版 必修英语,1,1
外研版 必修英语原文,1,1
外研版 必修英语原文Unit,2,1
外研版 必修英语原文Uniy,1,1
外研版2019必修第一册Unit1单词表,5,1
外研版七下,1,1
外研版七下潍坊,3,1
外研版七年级上册英语,3,1
外研版七年级上册英语MP3,1,1
外研版三年级上英语,1,1
外研版三年级上英语知识,9,1
外研版八年级上册语法填空,3,1
外研版初中7‑9年级全套重点短语 单元版,10,1
外研版必修一unit 2学案,4,1
外研版必修一单词默写,7,1
外研版英语8年级阅读题专项训练,3,1
外研版英语必修三,2,1
外研版高一到高三英语单词,3,1
外研版高中英语必修第一册,1,1
外研版高中英语必修第一册，单词表,1,1
外研版高中英语课本单词,1,1
外研版高二上册读后续写专项练习,8,1
外研社英语同步作文七年级全一册,4,1
外语,1,1
外语外贸,4,1
外语实验,1,1
外语实验梅县,2,1
外贸,1,1
外贸英语,3,1
多元不等式,2,1
多元均值不等式,2,1
多样性组合情景默写,4,1
多球相切,7,1
多用表的使用,9,1
多边型的面积,4,1
多边形和圆,1,1
多边形的面积,5,1
夜书所见,6,1
夜在云观台,1,1
大 п键,2,1
大东区,8,1
大余中学,2,1
大兴,2,1
大兴八上,6,1
大兴八上期中,3,1
大兴初三一模语文,1,1
大兴初二下期末英语,2,1
大兴期中数学,1,1
大兴期中数学初三,1,1
大兴高二下期末英语,1,1
大冶一中,5,1
大冶一中2025七月份高一期末,11,1
大冶一中分班卷,1,1
大冶市,4,1
大厂高级中学,1,1
大同一中4月,1,1
大同一中4月生物,1,1
大同一中初升高衔接分班考,1,1
大同一中新高一入学分班考,3,1
大同一中高中部新生入学考试,4,1
大同中学,6,1
大同中学高三数学,9,1
大同二中,2,1
大同市2025年高一新生分班考试,2,1
大同市第一中学4月,1,1
大同市第一中学4月生物,3,1
大同杯物理竞赛,1,1
大同高一入学分班真题,6,1
大地的麦息,1,1
大大附中,1,1
大学,1,1
大学强基计划,2,1
大学数学,1,1
大学英语四级,1,1
大安一中,4,1
大庆,1,1
大庆2025,1,1
大庆2025中考,5,1
大庆2025中考真题,1,1
大庆2026试题,3,1
大庆一模数学,7,1
大庆一模高考,2,1
大庆一轮复习资料,1,1
大庆中学2024,2,1
大庆中学2024-2025学年度下学期期末考试高一化学试题,2,1
大庆中学2025‑2026高一下7月期末化学,1,1
大庆中考2026,1,1
大庆八上数学期末北师大,3,1
大庆六十九,2,1
大庆外国语学校,2,1
大庆实验上学期开学考物理卷,2,1
大庆实验中学 2023级高二上学期期中考试,5,1
大庆实验中学2024 2025学年度高一下学期期末,3,1
大庆实验中学2024 2025学年度高一学期,1,1
大庆实验中学2024级高二下学期期末考试英语,6,1
大庆实验中学20252026高一下学期期末数学,3,1
大庆实验中学2025级高一下学期期末考试化学试题,2,1
大庆实验中学一 轮 复习 2026,1,1
大庆实验中学实验一部2023级高一,1,1
大庆实验中学新高二上学期开学考物理卷,11,1
大庆实验中学高一上学期第一次月考,11,1
大庆实验中学高一下期末生物,4,1
大庆实验中学高一学期物理,6,1
大庆实验高一,1,1
大庆实验高三英语一模试题,3,1
大庆实验高二上学期开学测,2,1
大庆实验高二上开学测物理,1,1
大庆实验高二开学测,5,1
大庆实验高二开学测物理,1,1
大庆市2025届高三化学,1,1
大庆市2025届高三年级第三次教学质量检测。化学,4,1
大庆市2026届第一次教学质量检测,3,1
大庆市2026届高三年级第一次教学质量检测,7,1
大庆市2026届高三年级第三次教学质量检测,10,1
大庆市中考数学,7,1
大庆市大庆中学,3,1
大庆市大庆中学化学开学,3,1
大庆市大庆中学化学期末,16,1
大庆市大庆中学数学高二开学,4,1
大庆市实验,1,1
大庆市左思,1,1
大庆市左思高中2024_2025学年度下学期期末考试高一生物答案,2,1
大庆市第36中学英语初三,1,1
大庆市第36中学英语初三期末,3,1
大庆市肇源县第二中学八年级期末,1,1
大庆市高一下学期期末物理,1,1
大庆德强,1,1
大庆期末,5,1
大庆模拟,1,1
大庆铁人,8,1
大庆铁人中学2024级高二下学期期末考试,1,1
大庆铁人中学开学考试,3,1
大庆靓湖,2,1
大战中的插曲,3,1
大气与气候变化,4,1
大气（全国通用）高考地理一轮复,10,1
大沥中学,6,1
大沥高级中学,1,1
大渡口区数学八年级下期,2,1
大港,4,1
大港一中开学考,2,1
大港一中期中,14,1
大港一中高一物理月考,2,1
大港三,1,1
大港三中,4,1
大湾区,1,1
大湾区10月联考,5,1
大湾区大学附属中学,1,1
大湾区期末,14,1
大湾区青少年数学能力挑战赛,1,1
大湾区青少年数学能力挑战赛GBA,3,1
大理州,5,1
大理州民族中学,4,1
大理石花瓶,1,1
大竹数学八年级,1,1
大竹第一中学,1,1
大竹英语,10,1
大纲导数,1,1
大考卷九年级化学第七单元溶液检测,9,1
大考卷九年级化学第七单元溶液检测科粤版,2,1
大联考安徽2025年8月高三秋季检测,12,1
大自然的语言,3,1
大英县六下,4,1
大英县小升初,2,1
大英县小升初考试,3,1
大足,2,1
大足城南中学,1,1
大连 九年级上 语文期末,1,1
大连 高一下 期末,1,1
大连 高二上 期中,6,1
大连24高二上期初,3,1
大连8中,3,1
大连七下,1,1
大连七下数学,3,1
大连七下英语,1,1
大连中山,6,1
大连中考模拟,2,1
大连二十四中2026高一下期末物理,2,1
大连二十四中9月开学考,3,1
大连二十四中学2025-2026,2,1
大连二十四中学2025-2026高二上,3,1
大连二十四中学高二上,2,1
大连二十四中期末,5,1
大连二十四中物理高一上期中考试,1,1
大连二十四中高1上月考数学,1,1
大连二十四中高一上学期数学试卷,1,1
大连八下英语期末,2,1
大连八中物理期中考试卷,7,1
大连八中高一上期末考试,10,1
大连八中高一下期末考试,3,1
大连八年级上册中山区数学月考卷,3,1
大连八年级上册中山区数学第一次月考卷,1,1
大连八年级上册中山区月考卷,1,1
大连工程学院,1,1
大连市2023-2024期末考试,3,1
大连市2024 2025学年度第二学期期末考试高一英语 试卷三,1,1
大连市2024～2025学年度第二学期期末考试高一英语（试卷三）,4,1
大连市2025-2026学年度第二学期期末考试 高一生物学高一生物,3,1
大连市一模,5,1
大连市三十六中学高一下学期期末试卷2026年,17,1
大连市中山区,12,1
大连市九上物理期末卷纸,5,1
大连市二十四中,5,1
大连市普兰店区第37中学期末卷,11,1
大连市期末考试高二语文,11,1
大连市沙河口区,1,1
大连市沙河口区摸底考试,1,1
大连市甘井子区2023-2024七下数学期末考试卷,1,1
大连市甘井子区2026八上物理月考考试卷,1,1
大连市甘井子区第二十八中学,9,1
大连市第12中学2025~2026开学考免费,1,1
大连市第二十三中,2,1
大连市第二十四中学九月,1,1
大连市第八中学2025-2026学年度下学期期末考试高二年级生物试卷,1,1
大连市肓明中学,2,1
大连市育明高级中学,2,1
大连市高三双基模拟考试,3,1
大连市高三双基模拟考试语文,3,1
大连市高三开学考,1,1
大连市高二上期中考试数学,2,1
大连开学考,3,1
大连是期末考试高二语文,3,1
大连月考卷,1,1
大连格致,4,1
大连理工附属高中,2,1
大连理工附属高中2026-2027,5,1
大连瓦房店2026期末物理卷八下,3,1
大连瓦房店2026期末物理卷八下答案,7,1
大连甘井子区2025-2026九上化学期末卷,1,1
大连甘井子区2025-2026八上物理期末卷,3,1
大连甘井子区七上真题期中语文,1,1
大连甘井子区八上数学,5,1
大连第二十四中学,1,1
大连肓明中学,1,1
大连育明2025年高一上月考,1,1
大连育明化学,3,1
大连育明物理期中考试卷,9,1
大连育明高一上数学期中卷2025,1,1
大连育明高级中学2025 2026期中考试高一,2,1
大连育明高级中学2025 2026期末考试高二,5,1
大连英语2026,4,1
大连英语中考模拟,4,1
大连高三上学期开学考,9,1
大连高三上开学考,4,1
大连高三上开学考物理,2,1
大通二中,10,1
大题0,2,1
大题专练数学,1,1
大题专练数学总复习,1,1
大题专练数学总复习基础,1,1
大题数学总复习基础,6,1
天 一 大联考8月,4,1
天1大联考高一下,3,1
天一2025高三秋季,4,1
天一2026,21,1
天一2026届高三上学期8月底学情调研,1,1
天一中学2026~2027学年高一生物必修二综合测试卷,4,1
天一中学八上,4,1
天一中学化学,4,1
天一中学小升初,1,1
天一中学高一语文,9,1
天一中学高三联考,7,1
天一名校联盟2026年高二上学期年期末校内检测,3,1
天一大,4,1
天一大联考 2024 2025学年 上 安徽高三8月份联考,1,1
天一大联考 2024‑2025学年（上）安徽高三8月份联考,16,1
天一大联考2025 2026高二上9月开学考试,30,1
天一大联考安徽2025年9月高二秋季检测,1,1
天一大联考开学考高三,1,1
天一大联考河南,4,1
天一大联考河南高一下学期期末,4,1
天一大联考高三九月开学考,1,1
天一大联考高二期末试卷地理2024-2025,3,1
天一大联考，高三上开学考安徽，英语,1,1
天一开学考,1,1
天一期中考,4,1
天一联盟,4,1
天一联考,1,1
天一联考开学考,1,1
天一联考生物选修一,1,1
天一高一上生物第一次月考,1,1
天一高一上英语第一次月考,3,1
天一高三开学考,1,1
天体 2025一轮复习,9,1
天体运动 1,1,1
天体运动 10大题型,1,1
天使训练,1,1
天健学校,3,1
天全县,4,1
天利 38 套2026,9,1
天利38套,13,1
天利38套 2027,2,1
天华高级中学,4,1
天华高级中学.,12,1
天印高级中学,2,1
天台县,14,1
天台县2025学年第二学期8年级期末质量评估,3,1
天城名校联盟第一次适应秀试2023,1,1
天域全国名校协作体,1,1
天域各国名校协作体,15,1
天壹,13,1
天壹 大联考,18,1
天壹名校联盟五市十校,3,1
天壹名校联盟五市十校教研共同体2026届高三,2,1
天壹名校联盟五市十校教研共同体2026届高三全真模拟适应性考试,5,1
天天,2,1
天官赐福 磨道祖师,2,1
天宫杯,1,1
天峨县,10,1
天峨县民族中学,1,1
天工,2,1
天工杯,5,1
天市津第一中学,3,1
天平,6,1
天府,5,1
天府七中,1,1
天府七中九年级第二阶段,1,1
天府七中九年级语文,3,1
天府师大一中七上试卷,2,1
天府新区七年级上期末语文   原卷,4,1
天星38套,1,1
天星单元双测卷,4,1
天星单元双测卷必修一数学,3,1
天星单元双测卷期末,8,1
天星密卷,2,1
天星押题密卷,1,1
天星教育,4,1
天星教育金考卷,8,1
天星金考卷,1,1
天星金考卷高三,1,1
天星金考卷高三数学,9,1
天桥,11,1
天水一中开学考,1,1
天水一中开学考地理,1,1
天水一中开学考高一地理,5,1
天水一中衔接考试地理,1,1
天水一中衔接考试高一地理,1,1
天水二中,1,1
天水市一中入学考试,1,1
天水市玉山中学入学分班考试试卷2026年,3,1
天水市玉泉中学入学分班考试试卷,1,1
天水市第一中学高一入学检测初高中衔接,7,1
天水市第二中学,4,1
天水市育生中学入学分班考试试卷2026年,1,1
天水市育生中学入学分班考试试卷2026年新初一分班考真题卷,1,1
天水市逸夫实验中学,12,1
天河,5,1
天河区一模,1,1
天河区七年级下册数学,8,1
天河区区一模化学,1,1
天河区历史高二下,2,1
天河区地理高二下,1,1
天河区广州中学,3,1
天河区政治高二下,1,1
天河区政治高二下期末考,1,1
天河区数学高二下,3,1
天河区期末,3,1
天河区语文,2,1
天河区高二上数学,5,1
天河区高二上物理,6,1
天津 0 2026 期末考部分区,6,1
天津 河东,3,1
天津 高一 入学考,5,1
天津 高一 升班考,1,1
天津2025-2026高一英语南开期末,6,1
天津2025-2026高一英语杨村一中期末,2,1
天津2025-2026高一英语耀华期末,1,1
天津2026南开8下物理期末考试卷,1,1
天津2026年和平区英语高一期末试卷,3,1
天津2026年河东区英语高一期末试卷,3,1
天津2026年河北区英语高一期末试卷,5,1
天津2026年河西区英语期末试卷,1,1
天津2026年河西区英语高一期末试卷,3,1
天津25年高一第一次月考试卷物理,3,1
天津43,1,1
天津47中学26年英语模拟试卷,3,1
天津55z中,1,1
天津55中,1,1
天津一中2025秋九年级第一次月考试卷 英语,7,1
天津一中五月考,1,1
天津一中和平区,5,1
天津一中学,2,1
天津一中小卷,1,1
天津一中月考高二,1,1
天津一中河北,2,1
天津一中滨海学校高一数学,9,1
天津七下期末,1,1
天津七下英语期末,10,1
天津七下英语期末觉民中学,3,1
天津七下道法期末,3,1
天津七年级上学期期末英语,4,1
天津三年级下学期阶段检测,36,1
天津中考 2026,9,1
天津九上化学期中,6,1
天津九上期末语文,1,1
天津九上英语完形填空,2,1
天津九上英语语法专项,2,1
天津九下化学,27,1
天津九下历史,28,1
天津九下数学,26,1
天津九下月,1,1
天津九下物理,26,1
天津九下语文,22,1
天津九下道法,35,1
天津九十中学,5,1
天津二十中学,6,1
天津二次函数单元测试,2,1
天津五十七中,3,1
天津五十五中中,1,1
天津五十五中九上,1,1
天津五十五中九上第一次月考,3,1
天津五十五中九上第一次月考数学,1,1
天津全国高考语文,1,1
天津八上英语期中卷子,7,1
天津八年级上南开区期中,76,1
天津八年级上学期期末,2,1
天津八年级上学期阶段检测,15,1
天津八年级下学期期中,15,1
天津八年级下学期期末,4,1
天津六十一中,4,1
天津六十一八年级,1,1
天津六年级下学期期末,2,1
天津六年级下学期阶段检测,1,1
天津初三红桥区一模,1,1
天津初升高分班考试卷,6,1
天津化学中考,1,1
天津南开七下历史卷子,3,1
天津南开中学月考物理,1,1
天津南开中学期中数学,3,1
天津南开中学高一,9,1
天津南开中学高一上,2,1
天津南开中学高一上学期月考,3,1
天津南开中学高一上期中,1,1
天津南开中学高一月考物理,1,1
天津南开中学高三,3,1
天津南开八上数学卷子,22,1
天津南开八上英语卷子,7,1
天津南开八上语文卷子,6,1
天津南开区2025—2026学年度第二学期阶段性质量监测（一）高三数学试题,3,1
天津南开区2026数学8下期末考试卷,1,1
天津南开区一模语文,2,1
天津南开区七下历史,5,1
天津南开区七下数学期末,5,1
天津南开区英语,5,1
天津南开区高一下学期期末,5,1
天津南开区高一下学期期末生物,15,1
天津南开区高一会考地理,8,1
天津南开区高一会考模拟化学,9,1
天津南开区高二上学期期中,17,1
天津南开数学,1,1
天津南开数学中考,6,1
天津南开数学卷子,1,1
天津南开翔宇,2,1
天津卷 2026高考真题数学,3,1
天津卷历史真题训练,14,1
天津和平,13,1
天津和平一中月考,4,1
天津和平一模数学,6,1
天津和平九年级一模数学,1,1
天津和平区一模语文,1,1
天津和平区益中英语七年级下,2,1
天津和平区语文一模,1,1
天津和平高一上学期第一次上英语月考卷,2,1
天津和平高一上月考卷,1,1
天津四中月考,2,1
天津外国语大学附属外国语中学,2,1
天津外国语大学附属外国语学校,1,1
天津外国语大学附属河北外国语中学,1,1
天津大学附属中学,5,1
天津大港一中,1,1
天津大港一中高二,2,1
天津天津河东区中考模拟语文,1,1
天津学业水平合格性考试化学,6,1
天津小升初,1,1
天津小升初南开区,1,1
天津小升初南开区科技实验,3,1
天津小学一年级语文,6,1
天津市2024至2025年度七年级下册历史,7,1
天津市2024高考英语,1,1
天津市2025-2026化学第一学期高一数学,1,1
天津市2025-2026学年高一第二学期期中学业质量监测数学试卷,7,1
天津市2025汇文高一上数学月考,2,1
天津市2026年高考试卷,1,1
天津市2026年高考试卷英语,1,1
天津市2026第二学期期末质量监测八年级英语学科,1,1
天津市24年英语第二次高考,7,1
天津市24年英语高考6月,1,1
天津市47中,16,1
天津市47中高二化学,3,1
天津市47中高二化学第一阶段检测,1,1
天津市一中,1,1
天津市东丽区百华实验中学高三开学考语文,2,1
天津市中考模拟,1,1
天津市中考模拟语文,1,1
天津市九十六中学,1,1
天津市九年级上册数学第一次月考,1,1
天津市二十中学入学考,2,1
天津市五校重点校联考 高二上化学,3,1
天津市八上英语期中卷子,1,1
天津市八下历史期中,5,1
天津市八年级上册期中测试卷,11,1
天津市八年级下册数学期末试卷,4,1
天津市八年级下册物理期末试卷,4,1
天津市八年级下道德与法治,13,1
天津市八年级道德与法治二,3,1
天津市初中毕业学生考试试卷2020年物理,1,1
天津市北辰区2025一2026学年度第二学期九年级笫一次模拟考试语文,4,1
天津市北辰区7年级上第一次月考,2,1
天津市北辰区7年级上统考,4,1
天津市北辰区华辰学校,2,1
天津市北辰区四十七中,2,1
天津市北辰区语文二模,1,1
天津市南仓中学,5,1
天津市南开,6,1
天津市南开中学2025到2026学年度八年级第一学期第一次质量检测,1,1
天津市南开中学入学考,1,1
天津市南开中学数学,3,1
天津市南开中学英语,1,1
天津市南开中学英语高三,4,1
天津市南开中学高一入学考,1,1
天津市南开中学高一分班考,1,1
天津市南开区一,1,1
天津市南开区一模,2,1
天津市南开区高三一模英语,1,1
天津市南开区高考一模英语,7,1
天津市南开田家炳中学,3,1
天津市和平区,11,1
天津市和平区2025—2026学年度第二学期高三年级第一次质量调查数学试题,6,1
天津市和平区一中,2,1
天津市和平区数学,1,1
天津市和平区物理,5,1
天津市和平区物理期末,1,1
天津市和平区益中,5,1
天津市和平区语文一模,1,1
天津市和平区语文期末,6,1
天津市和平区高二下英语期末,1,1
天津市四十七中,2,1
天津市四十二中,3,1
天津市四十二中开学,2,1
天津市天华高级中学,60,1
天津市天骄高级中学2025到206学年高一下学期6月检测数学试题,3,1
天津市宝坻区2025-2026学年第二学期期末练习高一数学试卷,3,1
天津市小站第一中学,12,1
天津市建华中学,1,1
天津市建华中试卷七上,1,1
天津市建华期中试卷七上数学,1,1
天津市微山路中学,2,1
天津市新华中学高三下学期,3,1
天津市新华中学高三开学考,5,1
天津市期末考试,9,1
天津市杨村一中月考英语,1,1
天津市杨村一中高一月考英语,1,1
天津市杨村一中高三二模语文试题,3,1
天津市模拟高考卷,1,1
天津市武清区2024至2025年度七年级下册历史,1,1
天津市武清区2025至2026年度七年级下册历史,18,1
天津市武清区杨村第一中学2024-2025学年高三下学期第二次热身物理试卷,3,1
天津市武清区杨村第一中学2024-2025学年高三下学期第二次热身物理试卷解析,2,1
天津市河东区八年级下册物理期末试卷,1,1
天津市河西区2025-2026英语八下期末卷子,1,1
天津市河西区2025~2026年物理试卷。,6,1
天津市河西区2025~2026年物理试卷第一学期。,2,1
天津市河西区2025~2026年物理试卷第一学期期中试卷。,3,1
天津市河西区2025届高三下学期总复习质量检测（一）历史试题,3,1
天津市河西区2025至2026年高一上学期期中化学试卷。,3,1
天津市河西区2026届高三第二学期总复习质量检测（一）数学试题,3,1
天津市河西区三年级语文,3,1
天津市河西区友谊路,15,1
天津市河西区海河博爱学校,10,1
天津市津南区小学三年级数学下册真题,1,1
天津市滨海新区2025 2026学年度八年级下学期语文期末考试试卷,1,1
天津市滨海新区2025-2026学年八年级上学超级会员期期末考试英语试题,1,1
天津市滨海新区2025~2026六年级第二学期数学期末卷,2,1
天津市滨海新区2025年大港实验中学高一上学期第1次月考数学试卷,4,1
天津市滨海新区2025年大港实验中学高一上学期第1次月考生物试卷,5,1
天津市滨海新区2025年大港实验中学高一上学期第1次月考英语试卷,12,1
天津市滨海新区2025年大港实验中学高一上学期第1次月考语文试卷,13,1
天津市滨海新区2025年大港第一中学高一上学期第1次月考英语试卷,5,1
天津市滨海新区2025年大港第三中学高一上学期第1次月考英语试卷,2,1
天津市滨海新区七年级下学期期末试卷,3,1
天津市滨海新区七年级期末试卷,2,1
天津市滨海新区九年级化学月考,6,1
天津市滨海新区九年级物理内能小测,1,1
天津市滨海新区九年级物理月考,15,1
天津市环城社区,1,1
天津市益中学,7,1
天津市益中学校,2,1
天津市益中期中试卷七上数学,3,1
天津市第一中学河北,2,1
天津市第一中学滨海学校,5,1
天津市第一中学高一数学,2,1
天津市第一百中学高二上物理期中考试,1,1
天津市第七中学,4,1
天津市第二中学,2,1
天津市第二中学高二上化学第一次月考,4,1
天津市第二中学高二上第一次月考化学,2,1
天津市第二十一中学,2,1
天津市第二十一中学九年级上第一次月考,1,1
天津市第五十五中学,2,1
天津市第五十四中学,8,1
天津市第六十三中学,5,1
天津市第四中学,2,1
天津市第四十七中学 2024‑2025 高二上 10月阶段检测 化学,2,1
天津市红桥区八年级下册期末考试道法答案,5,1
天津市红桥区高一月考,7,1
天津市红桥区高一期中,1,1
天津市翔宇泓德期中试卷,3,1
天津市翔宇泓德期中试卷七上,13,1
天津市耀华中学2019到2020高一下学期期末考试物理,1,1
天津市耀华中学2019到202O,1,1
天津市耀华中学2024级高二适应性练习一数学学科试卷,4,1
天津市耀华中学2025到2026学年度第二学期期末学情调研高一年级数学试。,1,1
天津市耀华中学开学考数学,1,1
天津市耀华中学开学考高一上数学,7,1
天津市耀华中学开学考高一数学,1,1
天津市耀华中学滨城学校,3,1
天津市耀华中学高一上学期数学期末,1,1
天津市职一,1,1
天津市育贤中学九上第一次月考,2,1
天津市英语八上U3单词,2,1
天津市英语高三,1,1
天津市蓟州一中高一上册期中考试,1,1
天津市蓟州一中高二上册期中考试,5,1
天津市蓟州区2025-2026化学第一学期高一数学,6,1
天津市蓟州区2025至2026年物理第一学期高一。期中卷,1,1
天津市西青区2025至2026年。化学期中试卷第一学期。学期,2,1
天津市西青区区2025至2026年度七年级下册历史,3,1
天津市西青区张家窝中学2025年高一上册物理期中试卷,1,1
天津市西青区杨柳青第一中学2025-2026高一,9,1
天津市道德与法治八年级下册期末检测卷,30,1
天津市部分区,6,1
天津市部分区2018-2019八下期末物理,1,1
天津市部分区2019~2020学年度高二年级第一学期期中考试数学,1,1
天津市部分区2019~2020学年度高二年级第一学期期中考试语文,1,1
天津市部分区2022-2023九上期中物理,8,1
天津市部分区2023-2024九上期中物理,5,1
天津市部分区2023~2024学年度高二年级第一学期期中考试历史,1,1
天津市部分区2023~2024学年度高二年级第一学期期中考试地理,5,1
天津市部分区2024 2025年高三化学,7,1
天津市部分区2024~2025学年度高二年级第一学期期中考试地理,3,1
天津市部分区2024~2025学年度高二年级第一学期期中考试语文,7,1
天津市部分区2024–2025年高三化学,1,1
天津市部分区2025-2026学年高一下学期7月期末练习数学试题,3,1
天津市部分区2025-2026第二学期期末英语,5,1
天津市部分区2025~2026学年度第一学期期末练习九年级数学,3,1
天津市部分区2025~2026学年度第一学期集中练习高三数学,3,1
天津市部分区2025~2026高一化学,3,1
天津市部分区w,1,1
天津市部分区化学期末,6,1
天津市部分区数学,4,1
天津市部分区数学期末,1,1
天津市部分区物理,1,1
天津市部分区高一化学,3,1
天津市部分区高一数学,3,1
天津市部分区高一期中化学,1,1
天津市部分区高一期中化学24,1,1
天津市部分区高一期中物理,1,1
天津市部分区高一期中物理24,4,1
天津市部分区高三一模数学,4,1
天津市部分区高三三模数学,2,1
天津市部分区高三二模数学,4,1
天津市部分区高三期中,10,1
天津市部分区高三模数学,3,1
天津市部分区高二下学期化学期末考试,1,1
天津市重点校高二期末英语,5,1
天津市静海区第一中学,1,1
天津市高一数学第二单元,7,1
天津市高三一模物理,1,1
天津市高三一模物理部分区,4,1
天津市高中学业水平考试物理,1,1
天津市高二上学期第一次月考,3,1
天津市高二上学期语文第一次月考,1,1
天津市高二上数学,10,1
天津市高二开学考,1,1
天津市高考数学,2,1
天津市高考物理,3,1
天津市高考英语,1,1
天津建华中学,2,1
天津开学考,5,1
天津政治高二下期末考,2,1
天津政治高考,7,1
天津数学,6,1
天津数学高二上,1,1
天津日新中学,1,1
天津普通高中学业水平合格性考试化学,44,1
天津暑假,1,1
天津期末八年级下,1,1
天津期末数学,1,1
天津期末数学高二,3,1
天津杨村第一中学25年高一第一次月考试卷物理,3,1
天津武清,1,1
天津武清杨村十一中,3,1
天津河东二模,1,1
天津河东区二模语文,1,1
天津河东区试卷,36,1
天津河北区学业水平合格性考试化学,42,1
天津河西中考一模语文,2,1
天津河西中考二模语文,7,1
天津河西中考模拟语文,1,1
天津河西二二到二三高一上数学期中,1,1
天津河西二二到二三高一上数学期末,3,1
天津河西区中考模拟考试语文,5,1
天津河西区中考模拟语文,3,1
天津河西区八下道法,2,1
天津河西区模拟语文,1,1
天津泰达一中强基测试,1,1
天津海河中学月考英语高一,1,1
天津海河教育园区南开学校,2,1
天津滨海新区2026数学高三一模,18,1
天津滨海新区2026数学高三上期末,2,1
天津滨海新区2026数学高三二模,33,1
天津滨海新区一中滨海高一上期中,1,1
天津滨海新区十二校联考,12,1
天津滨海新区实验滨海,1,1
天津滨海新区实验滨海高一上期中,6,1
天津滨海新区滨海实验高一上期中,1,1
天津滨海耀华高一上期中化学,1,1
天津滨海耀华高一上期中英语,3,1
天津滨海耀华高一期中数学,3,1
天津滨海耀华高一期中英语,1,1
天津滨海高三语文三模,3,1
天津滨海高新区天津外国语大学附属学校,1,1
天津物理,12,1
天津生态城一中,1,1
天津益中,1,1
天津益中七年级上数学期末考试,1,1
天津益中学,1,1
天津益中英语七年级下,1,1
天津益中英语初一,1,1
天津第1单元,21,1
天津第一中学高一上学期月考,3,1
天津第一次月考卷,1,1
天津第三中学开学考,1,1
天津第三中学新高一分班考,1,1
天津第三中学新高一开学考,1,1
天津红桥2026初一下册道法期末,1,1
天津红桥中考二模语文,1,1
天津红桥分班考,1,1
天津红桥区语文一模,3,1
天津红桥新高一分班考,1,1
天津红桥高一摸底试卷,1,1
天津经济技术开发区第一中学2025到2026学年度第一学期高一年级英语学科练习卷,6,1
天津经济技术开发区第一中学2025到2026学年度第一学期高一年级英语学科练习卷（10月）,1,1
天津经济技术开发区第一中学开学考,1,1
天津耀华中学,4,1
天津耀华政治高二下期末考,2,1
天津职校数学,1,1
天津职高数学,2,1
天津胡中期末,17,1
天津英华实验学校,4,1
天津西青为明学校2025 开学摸底,3,1
天津试卷,8,1
天津语文高考,1,1
天津还河东二模,1,1
天津部分区数学高二上,3,1
天津部分区物理高二上,2,1
天津部分区生物高二上,8,1
天津部分区英语高三一模,3,1
天津重点校高一第一学期期中,4,1
天津高一上学期月考,2,1
天津高一上学期期末,2,1
天津高一上学期阶段检测,27,1
天津高一上期中数学,1,1
天津高一下学期期末,1,1
天津高一下学期期末历史期末,4,1
天津高一下学期期末政治期末,2,1
天津高一下学期期末英语期末,1,1
天津高一下学期期末语文期末英华,12,1
天津高一政治期末,4,1
天津高一数学期末,2,1
天津高三上学期学考,1,1
天津高三上数学开学考,9,1
天津高三英语,27,1
天津高三重点校联考,31,1
天津高中化学复习,4,1
天津高中语文会考,4,1
天津高中语文会考模拟,2,1
天津高二上学期10份数学月考试卷,10,1
天津高二上学期各区月考考试卷,4,1
天津高二上学期大港一中第一次月考数学,1,1
天津高二上学期第一次月考数学,9,1
天津高二上数学月考,4,1
天津高二上数学月考二耀华,1,1
天津高考2023届一中四月考物理试题,11,1
天津高考2024英语三月份,3,1
天津高考2026,3,1
天津高考化学,1,1
天津高考历史真题，,1,1
天津高考地理真题，,1,1
天津高考数学2026,1,1
天津高考物理,1,1
天津高考物理2016,1,1
天津高考物理必练题型7斜面摩擦力综合,6,1
天津高考英语真题,9,1
天津高考试卷2026,1,1
天津高考语文,2,1
天津高考语文真题,3,1
天省实验高一开学考,1,1
天祝一中,15,1
天祝一中新高一开学考试卷,5,1
天科,1,1
天立学校,8,1
天立学校内江,3,1
天立学校内江七年级,9,1
天等,4,1
天等县上映乡上映中学,1,1
天等县上映乡上映中学新生,3,1
天舟高考衡中同卷,1,1
天舟高考衡中同卷押题卷,1,1
天衢新区九年级上册期中考试数学,3,1
天衢新区八年级上期中,37,1
天衢自招,4,1
天长中学,2,1
天长中学高一,3,1
天长中学高一入学考试,3,1
天长中学高一开学,1,1
天长第二中学,2,1
天门市2023-2024,1,1
天门市2023-2024四年级,4,1
天门市2024六年级上册数学期中测试卷,7,1
天门市2024六年级上册期中测试卷,1,1
天门市2025四下数学期末测试卷,1,1
太仓实验高级中学,2,1
太仓高级中学,4,1
太原一模,6,1
太原二外高一分班考,4,1
太原五中开学考,1,1
太原四十八中高一化学10月月考,3,1
太原国科实验学校七年级,1,1
太原外国语,2,1
太原小学五年级试卷,1,1
太原山大附中10月月考八上,6,1
太原市,1,1
太原市2024~2025学年八年级上册期中考试,2,1
太原市2024~2025学年八年级上册第1次月考,13,1
太原市2025-2026五中高一分班考试试题,5,1
太原市2026高三期中英语含答案,2,1
太原市十八中分班考试,1,1
太原市外国语学校,1,1
太原市实验中学,1,1
太原市常青藤开学考,2,1
太原市成成高一入学分班考试,7,1
太原市第十八中分班考试,1,1
太原市第十八中高一入学分班考试,5,1
太原市第十八中高一分班考试,4,1
太原市第十八中高一开学分班考试,1,1
太原市第四十八中学校,2,1
太原市高一分班考试,1,1
太原市高一开学分班考试,1,1
太原师范学院附属中学,8,1
太原期中,30,1
太原致远,3,1
太原试卷,1,1
太和中学高二上学期期中考试,8,1
太和中学高二上第一次月考,3,1
太和县三中小升初分班考试,2,1
太和县中鑫嘉和,8,1
太和县八年级上册第一次月考,5,1
太城一中,1,1
太平村中学,4,1
太湖,3,1
太湖中学 2025‑2026 高一下期末数学   安庆联考圈，理科强度和桐中经常对标，题型、压轴难度最接近，同市，地域最近。   备选2份（安庆本地）   1. 安庆一中 2025‑2026 高一下期末数学：难度略高于桐中，适合拔高训练 2. 潜山野寨中学 2025‑2026 高一下期末数学：县中难度，刷题量风格贴近桐中   跨市对标（和县中档次，作为补充）   - 无为中学2025‑2026高一下期末数学：省内老牌县中，难度匹配桐中   原版桐中本校试卷：安徽省桐城中学2025‑2026学年第二学期期末考试高一数学，这套就是本校期末卷，难度就是基准线。   检索关键词（复制直接搜，找PDF/Word带解析）   1.  太湖中学2025‑2026学年高一下学期期末考试数学,1,1
太湖中学2026高一上学期期中检测物理,5,1
太湖中学实验班,1,1
太谷区2025-2026第一学期9年级期末物理化学试卷,3,1
太谷区2025-2029年级二模化学试卷,1,1
太谷区2025~2026学年第二学期期末质量检测测试卷,1,1
太谷区2025~2026学年第二学期期末质量检测测试卷七年级语文,5,1
太阳倾斜角,2,1
太阳城一中,1,1
太阳运动,1,1
太阳高度角练习题,3,1
夺冠百分百新导学课时练八年级物理上,14,1
奇偶函数周期函数,4,1
奇偶数列，子数列及数列增项等问题,1,1
奇函数和偶函数,1,1
奉化,9,1
奉化宁海象山三县区期末统考卷七年级下英语,16,1
奉贤一模,11,1
奉贤区2025学年第二学期八年级数学,3,1
奉贤区化学,1,1
奉贤区化学24,1,1
奉贤区化学模考卷,1,1
奉贤区高三化学二模,3,1
契诃夫短篇小说选,1,1
奔牛高中,1,1
奔驰定理,4,1
奖品,3,1
奖学金考试,9,1
奥数 最值,1,1
奥数5年级,1,1
奥数四年级,7,1
奥数思维,14,1
奥数测试题难度大,4,1
奥数相遇问题,4,1
奥数相遇问题6年级,8,1
奥数试卷,1,1
奥数题,11,1
奥林匹克竞赛,1,1
奥班自主招生数学,3,1
奥班自主招生数学因式分解,4,1
奥美2024级高二上物理期中试卷,5,1
奥赛王,5,1
好学课语文,1,1
好学课语文暑假作业,2,1
好帮手全程测控历史8年级下。,5,1
好帮手，全程测控,1,1
好教育联盟高三开学考,2,1
好題汇编,15,1
好題汇编圆周运动,4,1
好題汇编圆周运动高考,1,1
好題汇编圆周运动高考专题,1,1
好題汇编电磁感应高考专题,1,1
好题汇编,98,1
好题汇编·期末真题分类汇编，高一数学下学期人教A版必修第二册，专题01 平面向量及其应用,5,1
好题汇编】备战2024-2025学 年高一数学下学期期末真题分类汇编,10,1
好题编汇,2,1
好题编汇专题,2,1
好题编汇专题广东,1,1
好题编汇专题广东高考,1,1
如东一中 宿迁中学 徐州中学等高一下期末生物,1,1
如东一中 宿迁中学 徐州中学等高二期中,1,1
如东七上,15,1
如东七上数学,1,1
如东七上月考,5,1
如东七上英语,6,1
如东九年级上册,27,1
如东高一物理,6,1
如东高级中学高一阶段性测试试题数学,1,1
如图所示，在△ABC中，点D是线段BC的中点，E是线段AD的靠近A的三等分点，则？（,3,1
如愿以偿以后,1,1
如愿以偿以后 范文,5,1
如皋中学嘉禾班七上数学试卷,1,1
如皋中学高一数学期中考试模拟试卷,2,1
如皋中学高二上学期,1,1
如皋初级中学七上,5,1
如皋实验初中,1,1
如皋小升初分班考,3,1
如皋市  高三 期初,11,1
如皋市 期初,2,1
如皋市第一中学,1,1
如皋月考,1,1
姜堰,12,1
姜堰二中学必修一,3,1
姜堰二中学必修一数学,3,1
姜堰励才七年级数学第一次独立作业,15,1
姜堰励才七年级数学试卷上,5,1
姜堰励才实验学校 小升初分班真题 语文,8,1
姜堰期中,10,1
姜堰期中练习卷,10,1
姜堰第一教研组,7,1
姥姥的剪纸,1,1
威县一中,1,1
威县中,1,1
威县中学,2,1
威县第一中学,3,1
威海一中,1,1
威海合格考,1,1
威海合格考高二,1,1
威海市中考数学,10,1
威海市环翠区数学七年级上,10,1
威海市第一中学高三生物,4,1
威海市高一上册数学期中,4,1
威海市高一上学期数学期中,1,1
威海市高一数学上学期月考,2,1
威海市高一数学上学期期中,2,1
威海市高一数学上学期期末,2,1
威海高二会考,1,1
威远下学期期末数学测试高一下学期,2,1
威远中学校,5,1
娄底二中,1,1
娄底二中入学考试 高中 高一,1,1
娄底市2024‑2025七、八年级语文 默写,7,1
婆罗摩笈多模型,4,1
婺源县高一语文试卷,4,1
婺源语文八下,3,1
嫩江市2025至2026学年下学期期末学业测试，七年级数学,1,1
嫩江高一上物理期中,10,1
嫩江高一数学上期中,20,1
子 路 曾皙 冉有 公公西华侍坐,1,1
子 路 曾皙 冉有 公公西华侍坐特殊句式和词汇,3,1
子 路 曾皙 冉有 公西华侍坐,2,1
子母相似,2,1
子路 曾皙 冉有 公西华侍坐,6,1
字帖 1 6年级下册语文字帖 免费,8,1
字词,3,1
字贴,1,1
字贴 多,1,1
字音,8,1
字音字形词语病句文常,11,1
字音练习,1,1
字音选择,4,1
孙仲谋,1,1
孝感,9,1
孝感市2025年高一暑假假期试卷1,1,1
孝感市2025年高一暑假假期试卷1生物,4,1
孝感市2025级高一下生物,3,1
孝感市孝南新高一分班考试卷数学,4,1
孝感市楚天协作体体联盟高一下学期物理期末试卷,7,1
孝感市楚天教学体联盟高一下学期物理期末试卷,1,1
孝感英语,1,1
孝感高中,5,1
孝感高中自主招生考试,1,1
孝感高级中学,2,1
孟德尔杂交,1,1
季延中学,2,1
季然暑假集训语文6升7，暑假集训模拟卷一,3,1
学 易 金卷2025 2026,7,1
学 易 金卷2026,6,1
学 易 金卷八上数学期中考试卷,7,1
学业测试,2,1
学业质量,5,1
学业质量监测,17,1
学习之星,1,1
学习之星课课帮8上物理,1,1
学习展厅开始,5,1
学习执,1,1
学习指导化学,2,1
学习探究诊断,1,1
学习方法,2,1
学习通,1,1
学亦有道,1,1
学信,1,1
学信教育,3,1
学写游记,12,1
学军中学周末练,3,1
学军西溪,1,1
学堂班,12,1
学年第二学期初一期末练习卷,7,1
学府中学,3,1
学情卷,3,1
学情自测,4,1
学情调研,3,1
学易金卷 安徽八上数学,3,1
学易金卷2026年高考考前预测卷,42,1
学易金卷26开学,17,1
学易金卷8年级上暑假物理期末测试,1,1
学易金卷8年级上期末物理模拟卷。湖南专用。,10,1
学易金卷:八年级数学下学期期末模拟卷,4,1
学易金卷七升八暑假物理期末测试,1,1
学易金卷文科综合,7,1
学易金卷物理八下,41,1
学易金卷理科综合,8,1
学易金卷道德与法治,13,1
学易金卷陕晋青宁专用,5,1
学易金卷高一,5,1
学易金卷高一下学期期末考,3,1
学本,1,1
学林,1,1
学林试卷八下期末,7,1
学校竞赛,11,1
学海风暴 2026江西,1,1
学海风暴 2026江西英语,1,1
学海风暴2026,1,1
学海风暴2026秋季九年级数学全册试卷,9,1
学海风暴2026秋季九年级数学全册试卷江西专用,1,1
学海风暴2026秋季数学全册试卷,1,1
学海风暴九年级上册数学单元卷,6,1
学海风暴九年级上册数学试卷,3,1
学生成绩查询,4,1
学科云印,1,1
学科品牌日,1,1
学科挑战赛,3,1
学科素养卷,10,1
学科素养测试,1,1
学科网2026年,1,1
学科网2026年化学竞赛分模块讲义。,1,1
学科网北京版股份有限公司的高中必修一化学思维导图,2,1
学科网组卷网高三英语试卷39套,1,1
学科网组卷网高三英语试题39套,7,1
学科网组卷网高三英语试题39套！,1,1
学科网组织网八年级上册英语学情评估卷听力,1,1
学科网（图片版）：https://www.zxxk.com/soft/59224797.html,8,1
学科网：搜索全称【辽宁省实验中学高三年级2023-2024学年度上学期期初考试化学试卷】,1,1
学籍查询,1,1
学练优2026九上英语,1,1
学练优2026九上英语武汉专版,8,1
学考2025.广东省普通高中政治学业水平合格性考试真题,6,1
学考2025年广东省普通高中政治学业水平合格性考试真题,8,1
学考专题01集合与常用逻辑用语,1,1
学考卷,7,1
学考复习,1,1
学考广东省普通高中政治学业水平合格性考试真题,11,1
学考生物,1,1
学而思万师,1,1
学霸,6,1
学霸4星,1,1
学霸创新题,7,1
学霸易金卷,1,1
学霸笔记九上化学,1,1
学霸黑白题,6,1
宁乡,1,1
宁乡望城金海高中2025年开学考试卷,8,1
宁化一中,7,1
宁南中学暑假作业,2,1
宁国中学,5,1
宁夏,2,1
宁夏2 025中考真题试卷,1,1
宁夏2 026中考真题试卷,3,1
宁夏2025 0 1全国1一卷英语卷高考,2,1
宁夏6盘山高级中学,13,1
宁夏七年级下学期期末,10,1
宁夏九年级上学期阶段检测,6,1
宁夏九年级开学考,1,1
宁夏九年级开学考上学期,4,1
宁夏五年级下学期升学真题,9,1
宁夏六盘山第一次月考,1,1
宁夏六盘山高级中学,2,1
宁夏六盘山高级中学期中,1,1
宁夏固原二中分班考试卷子,1,1
宁夏宏文固原二中，2024到2025年分班考试卷子,2,1
宁夏岳麓高级中学,3,1
宁夏竞赛,1,1
宁夏西吉中学物理卷子,2,1
宁夏西吉中学高二开学考数学卷子,3,1
宁夏西吉中学高二开学考物理卷子,1,1
宁夏西吉中学高二物理卷子,1,1
宁夏银川一中新高一入学测,2,1
宁夏银川育才,14,1
宁夏青铜市第一中学，高三上学期开学考试数学,1,1
宁夏高三下学期期末,13,1
宁夏高三下学期期末基本不等式,2,1
宁安一中开学考试,1,1
宁德2026期末,6,1
宁德一中,7,1
宁德博雅,1,1
宁德小升初数学真题,3,1
宁德小升初英语真题,7,1
宁德小升初语文真题,10,1
宁德市2025~2026学年八年级上册语文核心素养检测文,12,1
宁德市福宁古五校2024-2025高二生物质量检测数学试卷,4,1
宁德市英语七年级下册,8,1
宁德市高二期末试卷,3,1
宁德高一,9,1
宁德高二期末数学,3,1
宁晋,6,1
宁晋县第一中学,1,1
宁波 十校,1,1
宁波10校,4,1
宁波2025学年第一学期高考与选考模拟地理,3,1
宁波2025年九校联考高一英语试题,1,1
宁波七下期末考试卷,1,1
宁波七中,7,1
宁波中考科学2023,1,1
宁波九校联考,17,1
宁波九校英语,1,1
宁波九校高一下英语,1,1
宁波九校高二上期末英语,2,1
宁波九校高二上英语,1,1
宁波二模,1,1
宁波十校,5,1
宁波少林文武学校,4,1
宁波市20242025初一新生入学试卷真题,1,1
宁波市2024学年第二学期期末九校联考高二语文试题,3,1
宁波市2025学年第一学期高考与选考地理模拟考试,3,1
宁波市2025学年第一学期高考与选考模拟地理,1,1
宁波市2025学年第一学期高考与选考模拟考试,1,1
宁波市2025学年第二学期九校联考高一,6,1
宁波市2025学年第二学期高考与选考模拟考试,1,1
宁波市2025年第二学期期末,11,1
宁波市2025年第二学期期末高二物理,2,1
宁波市2025第二学期期末九校联考高二英语,9,1
宁波市2025第二学期期末统考数学,1,1
宁波市2025第二学期期末统考数学高二,1,1
宁波市2025第二学期期末统考物理高一,4,1
宁波市一模高三,9,1
宁波市江北区新城外国语学校,2,1
宁波市英语八上单元,1,1
宁波市英语八上单元测试,1,1
宁波市镇海中学,2,1
宁波市镇海中学英语模拟试题,1,1
宁波市高三十校联考,1,1
宁波期中,1,1
宁波模拟试题,7,1
宁波英语高三,3,1
宁波镇海,4,1
宁波镇海中学英语模拟试题24,3,1
宁波高三一模,3,1
宁波高考与选考模拟地理,1,1
宁津县时集中学,2,1
宁海县,6,1
宁海县跃龙中学,5,1
宁海高级中学2025-20260学年度第一学期第一次质量检测高二数学试卷,3,1
宁远一中,6,1
宁远一中分班考试卷,2,1
宁远一中夏令营,1,1
宁远一中数学,4,1
宁远一中数学分班考试卷,1,1
宁远县2025年七年级数学竞赛,4,1
宁远县2025年八年级数学竞赛,5,1
宁远县2026年八年级竞赛,2,1
宁远县一中高一期中考试,1,1
宁阳县2025至2026学年度七年级下学期学期生物期末试题,4,1
宁阳县八年级下册英语,4,1
安丰高中,6,1
安化2026东坪中学八下数学,6,1
安化2026八下数学,1,1
安化一中,1,1
安化一中2025学年第二学期期中考试,2,1
安培力动力学、导轨单杆（磁场）,7,1
安宁中学,1,1
安宁华清,1,1
安州一中,2,1
安州区,6,1
安州区质量监测,29,1
安师大附中2025高中自主招生数学,1,1
安师联盟2024年中考仿真极品卷英语（三）,5,1
安庆一中,11,1
安庆一中2025~2026学年度第一学期11月周测,1,1
安庆一中开学考,1,1
安庆二中2025高一开学考,1,1
安庆二中新高1分班卷,1,1
安庆十四中,1,1
安庆四中2025 2026七上期中数学,1,1
安庆四中七年级上学期开学考,4,1
安庆四中开学考,1,1
安庆市外国语24~25学年度八下期中考试数学,1,1
安庆市外国语学校2025年物理,4,1
安庆市桐城中学高一下物理5月阶段检测,1,1
安庆市第一中学,2,1
安微黄山屯溪四中,11,1
安徽 A 10联盟高三,2,1
安徽 天一高三上学开学考,1,1
安徽 高考2024年真题,3,1
安徽 高考化学2026年真题,1,1
安徽20242025学年高一10月联考,11,1
安徽2026一模,1,1
安徽2026届高三第一次联考,2,1
安徽2026高考化学,2,1
安徽2026高考生物,1,1
安徽8月高三天一大联考,4,1
安徽8月高三天一联考,2,1
安徽A10,11,1
安徽A10联盟2025~2026高三上学期开学考,1,1
安徽A10联盟地理高二,1,1
安徽A10联盟高三8月份,1,1
安徽A10联盟高三上8月,7,1
安徽A10联盟高三上8月份,9,1
安徽A10联盟高三上学期开学考,11,1
安徽A10联盟高三二模英语听力,1,1
安徽A10联盟高三八月联考,3,1
安徽A10联盟高三八月联考生物卷,1,1
安徽A10联盟高三开学考,4,1
安徽a10开学考高三上学期八月底学情调研,13,1
安徽一年级下学期期末,23,1
安徽一模卷2026,1,1
安徽七上数学试卷,3,1
安徽七年级上期中数学,1,1
安徽七年级期中数学,1,1
安徽七年级第一次月考数学,3,1
安徽专用卷英语,1,1
安徽东至二中高三开学考,4,1
安徽东至二中高三开学考八月,4,1
安徽中考化学,2,1
安徽九年级上学期阶段检测,4,1
安徽二年级上学期阶段检测,2,1
安徽五年级上学期阶段检测,8,1
安徽五年级下学期阶段检测,2,1
安徽亳州十八中,1,1
安徽亳州十八中小升初英语分班考试试卷七年级,3,1
安徽会考政治试卷,3,1
安徽八年级上学期期中,3,1
安徽八年级上学期阶段检测,2,1
安徽八年级下册英语期末考试亳州,1,1
安徽八年级下学期期末,6,1
安徽六校,1,1
安徽六校2025年春季素质检测,4,1
安徽六校开学考,1,1
安徽六校教育研究会2023-2024高一年级入学素质测试,1,1
安徽六校教育研究会2023级高一年级入学素质测试,8,1
安徽六校教育研究会2024-2025高一年级入学素质测试,1,1
安徽六校教育研究会2025-2026高一年级入学素质测试,3,1
安徽六校教育研究会2025届高三年级入学素质测试,5,1
安徽六校教育研究会2026届高三年级入学素质检测,4,1
安徽六校教育研究会考试,1,1
安徽六校新高一,2,1
安徽六校联考的高三九月份的试卷,4,1
安徽六校联考高一,1,1
安徽六校联考高一入学芜湖市,5,1
安徽六校联考高三入学,16,1
安徽创新,4,1
安徽初中物理,4,1
安徽化学高考卷,1,1
安徽北师大,3,1
安徽卓越县中联盟,10,1
安徽单招,1,1
安徽单招网课,12,1
安徽合格考历年真题,2,1
安徽合肥一中高一上学期学期期末物理,2,1
安徽合肥一中高一下学期物理期末考试试卷2026,3,1
安徽合肥一中高一期中联考英语试题,7,1
安徽合肥一六八中学2026届高三,4,1
安徽合肥七上数学期中,2,1
安徽合肥七上数学期末,4,1
安徽合肥六中高一上学期学期期中物理,1,1
安徽合肥市多校联考2026年春季学期期中考试高二英语,1,1
安徽合肥庐江汤池开学考试试卷,5,1
安徽合肥皖智高级中学等校2025 2026学年高二4 月期中质量检测英语试题,1,1
安徽天一大联考。,1,1
安徽天一大联考高三,3,1
安徽太和,5,1
安徽太和第二中学,8,1
安徽奥林匹克数学初赛,6,1
安徽奥林匹克数学复赛,3,1
安徽安庆,9,1
安徽安庆太湖县高一分班考,1,1
安徽安庆英语,2,1
安徽宣城六中九年级数学第一次限时训练,3,1
安徽宿州江淮十校2025届高三8月第一次联考,2,1
安徽宿松县2025一2026八下英语期末测试卷,3,1
安徽小升初数学真题卷,11,1
安徽小升初语文卷,1,1
安徽师范大学附属中学2025届高三质检测试数学,9,1
安徽开学,5,1
安徽开李,10,1
安徽政治会考试卷,1,1
安徽数学中考试卷2010,3,1
安徽普通高中学业水平选择性考试,4,1
安徽枞阳浮山中学等校,1,1
安徽江南10校联考,5,1
安徽江南十校,1,1
安徽江南十校开学考,16,1
安徽江南十校高一,1,1
安徽江淮十校,1,1
安徽江淮十校2026届高三第一次联考,3,1
安徽江，淮十校入学考试卷,5,1
安徽池州,6,1
安徽浮山中学,2,1
安徽淮北十二中,1,1
安徽淮北师范大学附属实验中学小升初,4,1
安徽滁州九校2024高中期中联考英,1,1
安徽滁州九校2024高中期中联考英语,4,1
安徽滁州九秀2024高中期中联考英,1,1
安徽潜山,1,1
安徽物理2025高考,2,1
安徽物理2026高考,2,1
安徽物理2026高考原卷,5,1
安徽生物会考,2,1
安徽生物会考2025,1,1
安徽生物会考补考2025,2,1
安徽生物合格性考试2025,1,1
安徽生物合格性考试2025补考,3,1
安徽生物合格性考试（2）,2,1
安徽生物细胞类分类分类专题,3,1
安徽皖南八校2026八月摸底,9,1
安徽皖名校联考,1,1
安徽皖豫联考,1,1
安徽省 023年普通高中学业水平合格性考试英语,1,1
安徽省 025年普通高中学业水平合格性考试,1,1
安徽省 026年普通高中学业水平选择性考试,4,1
安徽省12月物理,4,1
安徽省1号卷 A10联盟2025 2026 学年高三上学期8 月底学情调研卷,1,1
安徽省1号卷 A10联盟2025 2026 学年高三上学期8 月底学情调研物理试卷,6,1
安徽省1号卷A10联盟2026届高三上学期8月底学情调研语文试题,1,1
安徽省1号卷·A10联盟2025-2026 学年高三上学期8	 月底学情调研物理试卷,3,1
安徽省1号卷·A10联盟2025-2026 学年高三上学期8 月底学情调研试卷,5,1
安徽省2025天长中学开学,1,1
安徽省2025高一上册开学考,3,1
安徽省2026中考语文,4,1
安徽省2026年高考历史,1,1
安徽省2026年高考政史地三科试卷,1,1
安徽省2026年高考物理试卷,10,1
安徽省2026高一数学下学期期末模拟卷,2,1
安徽省2026高考物理,3,1
安徽省25高二上学期鼎尖大联考,2,1
安徽省6校联考试卷,1,1
安徽省A,1,1
安徽省A10,10,1
安徽省A10联盟,14,1
安徽省A10联盟 2025~2026学年高三上学期9月学情调研物理试题月,8,1
安徽省A10联盟2025届高三上学期8月底开学摸底考,8,1
安徽省A10联盟2026届高三上学期8月底开学摸底考试物理试卷,4,1
安徽省A10联盟高三,1,1
安徽省A10联盟高三上学期开学学情调研。政治,1,1
安徽省A10联盟高三上学期开学学情调研地理,8,1
安徽省A10联盟高三上学期开学学情调研数学,12,1
安徽省A10联盟高三开学考,1,1
安徽省A师联盟2026届高三上学期8月学情调研数学试题,33,1
安徽省中考英语听力,6,1
安徽省九年级教学质量,4,1
安徽省亳州市蒙城县高一上10月考,5,1
安徽省亳州市谯城区小升初英语试卷,15,1
安徽省亳州市高一上10月考,1,1
安徽省人教版高二210联盟上学期开学考七。开学考真题试卷。,1,1
安徽省人教版高二上学期开学考A10大联盟数学真题试卷。,1,1
安徽省人教版高二上学期开学考大联盟。真题试卷A10大联盟。,1,1
安徽省俄语 2026高考试卷真题,1,1
安徽省六安第一中学2025‑2026学年高一下学期7月期末考试数学试题（含答案） ​,3,1
安徽省六校教育研究会2023-2024学年高一上学期新生入学素质测试语文试题,4,1
安徽省六校教育研究会2025-2026学年高一新生入学素质测试数学试题,6,1
安徽省六校教育研究会20252026学年高一上学期新生入学素质测试。,3,1
安徽省六校教育研究会2025到2026学年高一上学期新生入学素质测试,2,1
安徽省六校联考2025－2026学年高三上学期开学检测,1,1
安徽省六校联考入学考试,11,1
安徽省六校联考高一入学考试,1,1
安徽省前10年高考题,1,1
安徽省化学高一上期末考试试卷,3,1
安徽省十联考,4,1
安徽省十联考高三上学期,1,1
安徽省县中联盟2025高二上学期开学考试卷,1,1
安徽省县中联盟2026节工三上学期开学检测数学试题,2,1
安徽省县中联盟高三7月,1,1
安徽省合肥,4,1
安徽省合肥一中,21,1
安徽省合肥包河区2025-2026学年九年级上学期数学期中试卷,1,1
安徽省合肥市,1,1
安徽省合肥市2026届高三第一次教学质量检测数学试卷,2,1
安徽省合肥市38中学九年级上册数学第1次月考试卷,1,1
安徽省合肥市8年级上册第1单元沪科版物理试卷,1,1
安徽省合肥市8年级上册第1单元物理试卷,4,1
安徽省合肥市8年级上册第一次月考,3,1
安徽省合肥市三十八中学九年级上册数学9月份月考试卷,3,1
安徽省合肥市三十八中学九年级上册数学第1次月考试卷,4,1
安徽省合肥市中考数学试卷,2,1
安徽省合肥市九年级上册数学月考试卷,12,1
安徽省合肥市四十二中学九年级上册数学第1次月考试卷,8,1
安徽省合肥市四十八中学九年级上册数学第1次月考试卷,15,1
安徽省合肥市数学高一上学期试卷,4,1
安徽省合肥市期中,17,1
安徽省合肥市期末,22,1
安徽省合肥市物理试卷,1,1
安徽省合肥市瑶海区八下数学期末试卷,5,1
安徽省合肥市瑶海区龙岗八下数学期末试卷,3,1
安徽省合肥市百校连考月考卷,1,1
安徽省合肥市第八中学,1,1
安徽省合肥市长丰县上学期九年级第一次月考,1,1
安徽省四校2026届联考生物试卷,2,1
安徽省四校（合肥八中，合肥六中，阜阳一中，淮北一中）2026届高三联合考试生物试卷）,4,1
安徽省培优联盟冬季联赛高三,3,1
安徽省多校,3,1
安徽省天一大联考2025 2026学年高三上学期8月秋季检测数学试题,1,1
安徽省天一大联考2025—2026学年高三上学期8月秋季检测数学试题,3,1
安徽省天一大联考2025年高二上学期开学考数学真题试卷,1,1
安徽省天一大联考2026届高三上学期8月学情调研数学试题,14,1
安徽省安庆市,8,1
安徽省安庆市2022-2023学年高一下学期7月,6,1
安徽省安庆市太湖县牛镇镇初级中学校,10,1
安徽省安庆市宿松县,1,1
安徽省安庆市宿松县实验班初升高,5,1
安徽省安庆市宿松县汇口镇,1,1
安徽省安庆市宿松县花中实验,2,1
安徽省安庆市宿松县花中实验班,1,1
安徽省安庆市宿松县花中实验班。,1,1
安徽省安庆市潜山县,5,1
安徽省安庆市潜山县期中,1,1
安徽省安庆市迎江区2026年六年级下学期数学期末试卷,1,1
安徽省安庆市迎江区2026年六年级下学期期末试卷,10,1
安徽省实验班,7,1
安徽省宣城二中,1,1
安徽省宣城二中倾向班,1,1
安徽省宿州市中考试卷,4,1
安徽省宿州市宿城第一初级中学,3,1
安徽省宿州市泗县8年级上册,1,1
安徽省宿州市泗县8年级上册第一次月考,10,1
安徽省宿州市泗县七年级上册,3,1
安徽省宿州市泗县七年级上册第,1,1
安徽省宿州市泗县七年级上册语文,18,1
安徽省宿州市泗县七年级上册语文第一次月考2024-2025,6,1
安徽省宿州市萧县2025~2026新学年年度阶段检测马井中学,14,1
安徽省小学四年级数学期终,8,1
安徽省普通高中学业水平合格性考试英语,8,1
安徽省桐城中学,3,1
安徽省江南十校,7,1
安徽省江淮名校2025年到2026学年高一年级上学期阶段检测数学A卷,1,1
安徽省池州市贵池区一中高一上学期第一次月考检测数学试卷,1,1
安徽省池州市贵池区高一上学期第一次月考检测数学试卷,3,1
安徽省淮北市师范大学附属实验中学小升初数学试卷,4,1
安徽省淮南市寿县安丰高级中学,3,1
安徽省生物高考卷,3,1
安徽省界首中学,5,1
安徽省皖南八校高三上学期八月份大联考物理,1,1
安徽省皖智2024~2025七年级期中试卷,1,1
安徽省皖智七年级阶段评估(六)试卷,3,1
安徽省皖江名校联盟,10,1
安徽省省10教育,1,1
安徽省省10联考,2,1
安徽省省10联考开学考,1,1
安徽省示范高中培优联盟,1,1
安徽省示范高中培优联盟2026,1,1
安徽省肥东县,3,1
安徽省舒城县城关三小期末卷,8,1
安徽省芜湖市第一中学2026届高三最后一卷,3,1
安徽省芜湖市镜湖区 芜湖市第十一中学2024 2025学年初三上学期期中物理试卷,4,1
安徽省芜湖市镜湖区 芜湖市第十一中学2024 2025学年初三下学期期中物理试卷,12,1
安徽省芜湖市镜湖区 芜湖市第十一中学2024 2025学年初三下学期期末物理试卷,2,1
安徽省芜湖市高一上学期,2,1
安徽省芜湖市高一入学考试,3,1
安徽省芜湖市高二下学期期末物化学,8,1
安徽省芜湖市高二下学期期末物理,1,1
安徽省蚌埠市,2,1
安徽省蚌埠市固镇县毛坦厂实验中学,1,1
安徽省蚌埠市固镇县毛坦厂实验中学高三六月考,11,1
安徽省蚌埠市普通高中学业水平考试,5,1
安徽省蚌埠市高三开学,54,1
安徽省阜阳市界首市2025~2026学年,5,1
安徽省阜阳市界首市2025~2026学年九年级上学期第一次月考英语质量调研,2,1
安徽省马鞍山市七中化学,7,1
安徽省马鞍山市九上化学,4,1
安徽省马鞍山市化学,1,1
安徽省马鞍山市第七中学历史,2,1
安徽省高一 开学考,1,1
安徽省高一10月考,1,1
安徽省高一上10月考,5,1
安徽省高一上学期期中数学卷,1,1
安徽省高一上学期期中物理卷,8,1
安徽省高一上学期物理第1次月考试卷,9,1
安徽省高一蚌埠2024-2025A层联考第六次,1,1
安徽省高三上学期开学学情调研数学,3,1
安徽省高三开学6校联考试卷,10,1
安徽省高三开学6校联考试卷化学,4,1
安徽省高三开学6校联考试卷数学,3,1
安徽省高三开学考a10,4,1
安徽省高三开学考生物,5,1
安徽省高三开学考试江南十校政治卷,1,1
安徽省高中自主招生考试数学,4,1
安徽省高中自主招生考试物理,3,1
安徽省高二上册期末考试卷,2,1
安徽省高二上册期末考试卷会考,2,1
安徽省高二人教版A10联盟。开学考真题试卷。,1,1
安徽省高二蚌埠2025-2026A层联考第一次,1,1
安徽省黄山市2024一2025度七年级期末水平质量洲试卷,3,1
安徽细胞类分类分类专题,2,1
安徽肥西高三开学考,1,1
安徽芜湖,4,1
安徽芜湖一中物理高一必修一第二次月考2025,3,1
安徽芜湖六校联考高一入学,3,1
安徽芜湖六校联考高一入学考试,1,1
安徽芜湖小升初语文卷,22,1
安徽芜湖数学高二上开学考,1,1
安徽芜湖数学高二开学考,1,1
安徽芜湖海亮,1,1
安徽芜湖高一入学考试,3,1
安徽芜湖高一六校联考,3,1
安徽蚌埠北师大,5,1
安徽语文江南十校,1,1
安徽铜陵2025高一开学考,2,1
安徽铜陵二模,1,1
安徽铜陵二模数学,1,1
安徽铜陵第一中学,3,1
安徽阜阳,15,1
安徽阜阳七年级下册数学试卷,30,1
安徽阜阳中考模拟数学卷,2,1
安徽阜阳二模,2,1
安徽阶段检测,5,1
安徽霍山文峰,2,1
安徽马鞍山市2025 2026学年第二学期期末教学质量监测高一数学试题,1,1
安徽马鞍山市2025 2026学年第二学期期末教学质量监测高一物理试题,1,1
安徽高一上学期学考,1,1
安徽高一上学期数学,1,1
安徽高一上学期阶段检测,7,1
安徽高一上期中化学,3,1
安徽高一上期中数学试卷,8,1
安徽高一下数学期末,7,1
安徽高一下期末数学试卷,3,1
安徽高一下期末试卷,3,1
安徽高一六校联考,1,1
安徽高三8月开学考A10,2,1
安徽高三8月联考数学,7,1
安徽高三A10联盟8月数学,2,1
安徽高三A10联盟8月第一次联考,2,1
安徽高三A10联盟卷八月第一次联考,2,1
安徽高三A10联盟数学卷,1,1
安徽高三A10联盟数学卷八月第一次联考,2,1
安徽高三上8月联考,14,1
安徽高三上学期学考,5,1
安徽高三上学期开学考数学A10,1,1
安徽高三上学期开学考物理A10,1,1
安徽高三上学期期末,1,1
安徽高三上学期阶段检测,43,1
安徽高三上学期高考模考,3,1
安徽高三上开学考A10,7,1
安徽高三下学期期中,1,1
安徽高三生物,4,1
安徽高三省十联考,3,1
安徽高三省十联考8月,2,1
安徽高二上10月第一次月考,1,1
安徽高二上开学考,1,1
安徽高二上政治开学考,8,1
安徽高江淮十,1,1
安徽高江淮十校,1,1
安徽高江淮十校联考,3,1
安徽高考化学,1,1
安徽高考卷语文,3,1
安徽高考历史,3,1
安徽高考地理试卷2026年,4,1
安徽高考政治试卷,1,1
安徽高考物理,3,1
安徽高考物理2026,1,1
安徽高考真题,1,1
安徽高考语文2021,1,1
安徽鼎尖联考,16,1
安慰考,1,1
安新一中3 1,1,1
安新一中3+1,4,1
安海,11,1
安溪七年级数学综合练习,3,1
安溪六中七年级数学,1,1
安溪六年级,1,1
安溪六年级数学,2,1
安溪分班考,2,1
安溪初一期末考数学,10,1
安溪县,18,1
安溪县八下物理试卷,3,1
安达市统一统考,3,1
安阳2022年市区初中入学学校七年级学情调研测试试卷,1,1
安阳2025高三第一次调研考试,5,1
安阳2026高三第一次调研考试,27,1
安阳一中,5,1
安阳一模,5,1
安阳内黄七年级开学分班考试卷,4,1
安阳内黄七年级开学分班考试卷数学,1,1
安阳实验中学,3,1
安阳市,1,1
安阳市2025年中考二模语文,3,1
安阳市7年级,5,1
安阳市一中,1,1
安阳市七年级上册数学第二次月考试卷,3,1
安阳市七年级入学学情调研测试试卷语数英三科,30,1
安阳市中考语文作文接纳,7,1
安阳市五中七年级上册数学第一次月考试卷,7,1
安阳市六十六中,1,1
安阳市六十六中2026小升初,1,1
安阳市六十六中九月底月考,1,1
安阳市六十六中入学,4,1
安阳市六十六中月考,1,1
安阳市殷都区2024~2025年八上一次月考试卷,2,1
安阳市第一中学,9,1
安阳市第一中学阶段一,1,1
安阳市调研考,1,1
安阳市高三调研,10,1
安阳英语2022年市区初中入学学校七年级学情调研测试试卷,4,1
安阳英语2024年市区初中入学学校七年级学情调研测试试卷,3,1
安陆一中,2,1
安顺,1,1
安顺2025年高三开学摸底考,2,1
安顺2026年高三开学摸底考,9,1
安顺2026年高二,1,1
安顺市高二物理,3,1
安鹤新,3,1
安鹤新联考,4,1
宋老师数学图文制作室,3,1
宋诏桥中学,10,1
宋诏桥中学期末考试,3,1
完刑填空,1,1
完型,1,1
完型 填空 15个空,14,1
完型 填空 15个空的完型,1,1
完型填空,7,1
完形,5,1
完形B,2,1
完形B人教,1,1
完形B高一人教,1,1
完形填空+选词填空,1,1
完形填空B,4,1
完形填空B人教,1,1
完形填空B人教高一下,4,1
完形填空专练,1,1
完形填空专项七下沪教版,1,1
完形填空初中,1,1
完形填空初中PPT,2,1
完形填空空B,1,1
完形填空第2单元,2,1
完形填空高中,3,1
完形填空高考,2,1
完形题,1,1
完成时态练习,5,1
完整书,1,1
宏图中学,2,1
宏图中学高一上学期数学期末试卷,6,1
宏宇,1,1
宏志班高二物理,1,1
宏远,1,1
官渡2026四年级下册数学期末试卷,5,1
官渡一中2025至2026上学期期中考,6,1
官渡区2025至2026年下学期期末学业质量监测7年级下册地理试卷,12,1
官渡区2025至2026年数学下学期期末考试,5,1
官渡区七年级下学期地理期末试卷,1,1
官渡区中考生物,4,1
官渡区地理期末试卷,1,1
官渡区小升初生物,1,1
定 语 从句,4,1
定 语 从句 练习题,1,1
定为,3,1
定位,3,1
定兴县2025-2026第二学期五年级英语考试,12,1
定兴县三年级数学期末考试,11,1
定兴县二年级期末考试,3,1
定兴县五年级英语考试,23,1
定兴县六年级上册期末考试题2025-2026,56,1
定兴县四年级数学,5,1
定兴县四年级语文,1,1
定兴县四年级语文期末考试,4,1
定兴县四年级道法期末考试,4,1
定州市2026七年级上英语,1,1
定州市2026七年级上语文,3,1
定州市初一数学第一学期期中卷,1,1
定州市初一英语第一学期期中卷,1,1
定州市高一数学上学期期中卷,1,1
定州市高一英语上学期期中卷,9,1
定时作业,1,1
定杆,2,1
定比点差法,4,1
定点定长-最值问题,8,1
定积分,1,1
定襄中学,7,1
定西初中生地会考,1,1
定西市安定区,1,1
定西第一中学,2,1
定语从句 关系副词,1,1
定语从句-关系代词,4,1
定语从句一百题,4,1
定语从句专项,2,1
定语从句专项练习,1,1
定语从句初中福建,2,1
定语从句和宾语从句怎么区分,1,1
定语从句福建初中英语,1,1
定语从句翻译,1,1
定语从句翻译练习,1,1
定语从句高中,2,1
定轴动区间二次函数专题取值范围,9,1
定边中学,3,1
定远中学,1,1
定陶区26年7年级数学试卷,1,1
定陶区26年7年级试卷,1,1
宜兴中学,2,1
宜兴八上数学期末,2,1
宜兴八上物理月考,3,1
宜兴八上物理期末,1,1
宜兴八上物理第一次月考,12,1
宜兴八年级上册语文试卷,5,1
宜兴八年级上册语文试卷期中试卷,1,1
宜兴外国语学校八上译林英语第一次月考,1,1
宜兴市2023-2025初三一模,3,1
宜兴市2023-2025初三一模物理电学分类汇编,2,1
宜兴市2023-2028初三一模物理电学分类汇编,1,1
宜兴市上市中,2,1
宜兴市中学,1,1
宜兴市八上数学期中考试,4,1
宜兴市外国语,7,1
宜兴市市一中,1,1
宜兴市第一中学,1,1
宜兴月考,1,1
宜宾2025-2026学年第二学期期末考试模拟试题,36,1
宜宾2025-2026学英语,18,1
宜宾一中,5,1
宜宾入学考,1,1
宜宾六中,4,1
宜宾四中,3,1
宜宾市 高二上学期 学业质量监测 数学 （全市统考期末）,3,1
宜宾市2023春期高一质量检测化学珙县中学期末,3,1
宜宾市2025一2026年高二下学期7月期末考试化学试卷,1,1
宜宾市一中,11,1
宜宾市一中小升初,1,1
宜宾市一中高一半期2024年,3,1
宜宾市一中高一半期2024年物理,5,1
宜宾市一中高二上半期,1,1
宜宾市一中高二上半期半期,1,1
宜宾市一中高二下期末考试卷,2,1
宜宾市一中高二半期,1,1
宜宾市三中半期,3,1
宜宾市叙州区观音镇2026三年级下册期末考试,9,1
宜宾高一下,7,1
宜宾高二上入学考,3,1
宜昌 九年级上册9月月考,1,1
宜昌2026届高三九月起点考试,9,1
宜昌伍家岗,4,1
宜昌伍家岗九年级,6,1
宜昌市第三中学 九年级上册第一次月考,1,1
宜昌西陵金东方初级中学 九年级上册9月月考,3,1
宜昌起点考试,2,1
宜昌金东方 九年级上册9月月考,2,1
宜昌高新区九年级上册9月月考,2,1
宜春一中,2,1
宜春一中高一,1,1
宜春一中高一开学,3,1
宜春数学中考二模,5,1
宜春立德高级中学,1,1
宜春高一数学上学期期中考试,1,1
宜章九中,1,1
宜荆荆恩2025届高三9月起点考试,4,1
宜阳学校,2,1
宝一中期末复习卷三,24,1
宝中八上期末数学,1,1
宝典训练八下英语,6,1
宝坻,4,1
宝坻一中数学,8,1
宝坻一中数学，第一学期,2,1
宝坻区2025~2026学年度第二学期期末练习八年级物理,3,1
宝坻区2025~2026学年度第二学期期末练习八年级语文,2,1
宝坻区第四中学,1,1
宝坻区第四中学24,1,1
宝坻月考,4,1
宝安中学期末,1,1
宝安八上期中数学,3,1
宝安八上期末数学,6,1
宝安区,1,1
宝安区一模政治,3,1
宝安区一模数学,5,1
宝安区一模语文,4,1
宝安区一模高考,4,1
宝安区八上历史期中卷,3,1
宝安区八上数学期中卷,1,1
宝安区八上数学期末卷,1,1
宝安区高31模,5,1
宝山区初三一模卷（2026）数学,2,1
宝山区淞谊中学,5,1
宝山罗店中学,3,1
宝鸡,1,1
宝鸡中学,16,1
宝鸡川陕路小学,1,1
宝鸡渭滨区,7,1
宝鸡第一中学,1,1
宝鸡第一中开学,4,1
宝鸡职业技术学院单招数学真题,6,1
宝鸡高一英语期末卷子,3,1
实数,1,1
实数 期末汇编·2023-2025年深圳市八年级下学期数学,3,1
实数 自招,2,1
实数计算 100专项训练计算专项,6,1
实数计算题,1,1
实词120个文言文,1,1
实词一词多义,3,1
实词虚词,7,1
实词虚词 2026复习专题高考,2,1
实词虚词总结,1,1
实词虚词练习,1,1
实践是检验真理的唯一标准语文,2,1
实验专题,3,1
实验专题复习,6,1
实验六上1单元,3,1
实验初中,1,1
实验外国语,1,1
实验外国语学校,2,1
实验外国语成都,2,1
实验学校东校,14,1
实验室制备,1,1
实验方法,1,1
实验班提优大考卷,1,1
实验班提优大考卷 8年级上册人教版数学 第13章检测达标卷a,6,1
实验班提优训练PDF,5,1
实验班高二物理,3,1
实验育华,10,1
实验题,1,1
实验题的解题技巧解析,4,1
客服,2,1
宣化一中开学考,3,1
宣化区一中开学巩固练习,1,1
宣化区启臻新初一分班考试卷,3,1
宣城,2,1
宣城中学自主招生,6,1
宣城中学自主招生2016,1,1
宣城九年级,5,1
宣城九年级六中,2,1
宣城九年级数学,10,1
宣城二中分班考试卷,5,1
宣城二中分班考试试卷,8,1
宣城六中九年级上册,3,1
宣城六中九年级上册历史开学考,1,1
宣城六中九年级上册月考,5,1
宣城市,1,1
宣城市2025-2026高一期末物理,1,1
宣城市2026-2027,1,1
宣城市2026-2027高一,1,1
宣城市高中二中分班考试试卷,1,1
宣城市高中二中自主招生考试,8,1
宣威六中生物,2,1
宣成六中,1,1
宣汉第一中学,5,1
家庭电路,11,1
家风传承作文,8,1
家风传承语文作文,1,1
容城联盟,1,1
容闳学校,4,1
宽城期末,5,1
宾语从句、状语从句、定语从句,1,1
宾阳中学2028届高一新生入学考试试题英语科,3,1
宿城一中,5,1
宿州13校,23,1
宿州13校高一,1,1
宿州13校高一期末,10,1
宿州二中,3,1
宿州二中高三8月,7,1
宿州宿城第一初级中学,6,1
宿州市省、市示范高中2024‑2025学年第一学期期中教学质量检测,2,1
宿州市省、市示范高中2024‑2025学年第一学期期中教学质量检测数学试卷,12,1
宿松县2025 2026七年级上册质量检测卷,2,1
宿松县2025 2026七年级上册质量检测卷期中,6,1
宿松县2025 2026八年级下册质量检测卷,6,1
宿松县2025 2026八年级下册质量检测卷历史,4,1
宿松县2025 2026八年级下册质量检测卷道法,7,1
宿松县2025年度期末考试,2,1
宿豫,2,1
宿豫中学,3,1
宿豫区一模数学试卷,4,1
宿迁2026中考卷,4,1
宿迁7年级分班卷,1,1
宿迁7年级开学分班卷,1,1
宿迁一高,3,1
宿迁中学,2,1
宿迁中学校史考试,3,1
宿迁初一分班考试卷,1,1
宿迁初中分班考试卷,1,1
宿迁宿豫九年级上册,2,1
宿迁宿豫九年级上册期中,7,1
宿迁市2024-2025高三上学期期初考试,5,1
宿迁市2024-2025高三期初考试,1,1
宿迁市师范学院路小升初,3,1
宿迁市师范学院路小升初择校考,1,1
宿迁市沭阳县如东实验初级中学,3,1
宿迁市沭阳县如东实验初级中学七年级（下）数学试卷,19,1
宿迁市第一高级中学,5,1
宿迁摸底考,1,1
宿迁期中化学,1,1
宿迁期中树人,1,1
宿迁树人,1,1
宿迁树人学校,4,1
宿迁沭阳高一第二学期期末地理,1,1
宿迁物理八下期末,2,1
宿迁钟吾,1,1
宿迁青华,3,1
宿迁高中,2,1
宿迁高二数学,3,1
密云初三期中,2,1
密云初三期中数学,1,1
密度,16,1
密度与质量,2,1
密度与质量卷子ab两套卷,2,1
密度与质量卷子ab卷,7,1
密度与质量卷子一二卷,1,1
密度单元测试卷,11,1
密度的计算,1,1
富中名校联盟,4,1
富乐教育集团,75,1
富平县实验中学八下期末考试试卷电子版,12,1
富源胜境中学,3,1
富顺二中,5,1
寒亭,2,1
寒亭一中,1,1
寮步镇外国语,2,1
对勾函数和飘带函数,4,1
对勾函数和飘带函数一轮复习,1,1
对勾函数和飘带函数的图像与性质,1,1
对口升学,1,1
对数与对数函数,1,1
对数与对数函数专题,3,1
对数与对数函数函数运用,2,1
对数与对数函数大小比较专题,3,1
对数专题,1,1
对数函数,3,1
对数函数 10大题型,2,1
对数函数指数函数幂函数综合训练,2,1
对数比大小,12,1
对数运算100 道 计算题,5,1
对数运算练习题,4,1
对比阅读,1,1
对称周期,7,1
对称性,1,1
对称直线,4,1
寻甸,10,1
导 数,4,1
导体的电阻,1,1
导体的电阻练习,1,1
导函数,2,1
导函数的单调性,1,1
导学案物理必修三,7,1
导学案物理教科版必修第三册,7,1
导学精练,1,1
导数 023专题一轮复习大题,2,1
导数 2025 常考大题归纳综合一轮复习,3,1
导数 一轮复习,3,1
导数 专题突破,2,1
导数 切线方程,7,1
导数 隐零点 典型例题隐零点 典型例题,8,1
导数与函数不等式,6,1
导数专题复习,8,1
导数入门,4,1
导数历年高考,7,1
导数参数,1,1
导数及其应用选填题,1,1
导数双参问题,3,1
导数同构,6,1
导数培优,1,1
导数基础,10,1
导数基础题,2,1
导数大题一轮复习,13,1
导数总复习,1,1
导数恒成立问题,3,1
导数所有题型,5,1
导数的单调性,2,1
导数端点效应 双参,3,1
导数练习题,3,1
导数综合练一,4,1
导数综合练习,9,1
导数综合练习大题,3,1
导数试卷,3,1
导数运算,1,1
导数运算50题专练,4,1
导数近十年高考题,4,1
导数零点,3,1
导数零点问题小题,9,1
导数题型培优,4,1
寿宁一中,3,1
射洪中学2024,3,1
射洪中学2024物理,3,1
射洪中学22级入学考试,1,1
射洪中学9上试卷,16,1
射洪中学9张试卷,1,1
射洪中学高24级高一上期,18,1
射洪中学高中22级入学考试,4,1
射洪绿然中学九年级上试卷,1,1
射阳,10,1
将乐水中,1,1
将军,2,1
将军 饮马,5,1
将军 饮马 2026 8个模型,7,1
将军渡,2,1
将军饮马问题模型，八年级人教版,6,1
尉氏县九上期末卷,5,1
小 升 初 2025 人教版 英语河北省辛集市,3,1
小 升 初 2026分班试卷,6,1
小 升 初入学试卷,2,1
小 升 初数学,5,1
小 升 初数学亮亮中学,11,1
小 升 初辽宁鞍山,1,1
小 升 初辽宁鞍山铁东区,1,1
小 升初2025分班考江苏泰州,4,1
小 升初2025分班考语文测试辽宁省鞍山市铁东区,1,1
小 升初2025分班考辽宁省鞍山市铁东区,6,1
小 升初2025数学分班考江苏泰州,4,1
小 升初2026分班考英语湖北,5,1
小 升初分班2025数学,3,1
小 升初分班2025数学山东省潍坊市寒亭区,2,1
小 升初博雅,1,1
小 升初语文,2,1
小 升初调研2025分班考有一套,15,1
小168选拔考,1,1
小作文题目,1,1
小分班考,1,1
小刚和小强在组成串并联电路的实验中，如果合上开关，两个灯泡都将不会发光，出现短路现象。只需拆除c这一根导线，就能成为串联电路,1,1
小初中,1,1
小初衔接入学考试,4,1
小初贯通班竞赛试卷,4,1
小初高贯通班,1,1
小初高贯通班小升初试卷,4,1
小初高贯通班竞赛试卷,6,1
小刺猬卖糖葫芦,2,1
小升初 小学六年级,2,1
小升初 衔接2026,2,1
小升初2025分班考,8,1
小升初2026,2,1
小升初2026分班考,4,1
小升初专项,1,1
小升初中新生分班卷,7,1
小升初人教版数学课程,1,1
小升初人教版计算题集,8,1
小升初入学摸底考试试卷免费,4,1
小升初入学考试,5,1
小升初入班测郑州,2,1
小升初入班测郑州数学,4,1
小升初六年级人教版数学试卷,1,1
小升初分班测漯河实验中学数学,5,1
小升初分班测试模拟卷。,1,1
小升初分班测郑州数学,4,1
小升初分班真题(海口),2,1
小升初分班考2026河北,3,1
小升初分班考摸底考,3,1
小升初分班考数学苏教版,4,1
小升初分班考真题卷,3,1
小升初分班考真题卷锦州四中,13,1
小升初分班考英语,1,1
小升初分班考英语苏教版,1,1
小升初分班考试卷数学,7,1
小升初分班考语文徐州,1,1
小升初分班考语文试卷配答题卡福建泉州晋江市,9,1
小升初分班高分测试模拟卷。,5,1
小升初北师大数学2026年,3,1
小升初升学考试,7,1
小升初卷纸,1,1
小升初古诗.,2,1
小升初复习,4,1
小升初外研版,1,1
小升初小升初分班,5,1
小升初开学分班考试试卷,10,1
小升初摸底,4,1
小升初数学养正,1,1
小升初数学分班考试卷,2,1
小升初数学北师大版,1,1
小升初数学北师大版深圳,1,1
小升初数学卷子,2,1
小升初数学河南名校招生分班真题卷,3,1
小升初数学测试卷,5,1
小升初数学西师大版试卷,8,1
小升初数学计算规律题,7,1
小升初数学试卷,7,1
小升初文言文2026复习专题,7,1
小升初期末考试卷,4,1
小升初模拟卷,1,1
小升初模拟卷河北,1,1
小升初模拟卷河北邢台市,6,1
小升初模拟考试卷,1,1
小升初真题分类汇编,2,1
小升初真题时态,1,1
小升初科学题库,8,1
小升初罗庄试卷,8,1
小升初考试,2,1
小升初考试语文,4,1
小升初苏,1,1
小升初苏科版,14,1
小升初英语分班考试试卷,5,1
小升初英语固定词汇,4,1
小升初英语外研版,5,1
小升初英语真题,1,1
小升初英语科普版,6,1
小升初英语试卷,1,1
小升初试卷人教版,7,1
小升初试卷语文,6,1
小升初语文选择题,1,1
小升初语文阅读理解,4,1
小升初选择题专项练习,1,1
小升初选择题专项练习语文,7,1
小升初黄冈,4,1
小卷,2,1
小四门必背考点,3,1
小四门必背考点初中,2,1
小学,2,1
小学 1 10以内加减法口算题100题,4,1
小学 1 年级购物问题,1,1
小学 1 年级购物题,4,1
小学 4年级 奥数,3,1
小学 五年级 2025 年 下册 数学期末 人教版,1,1
小学 五年级 2025 年 下册 英语期末 北师大版,1,1
小学 五年级 2025 年 下册 英语期末 外研版,4,1
小学 元角购物,1,1
小学 英语,4,1
小学 语文,1,1
小学4年级,3,1
小学一年级数学题,1,1
小学三年级奥数,3,1
小学三年级奥数考卷,4,1
小学二年级三字经,3,1
小学五年级,3,1
小学五年级上册,3,1
小学低年级拼音试卷,1,1
小学入学全真模拟卷,1,1
小学六年级上册单元测试试卷,1,1
小学六年级上册试卷,8,1
小学六年级上学期习题,1,1
小学古诗75首汇总,1,1
小学四升五应用题练习题,1,1
小学四升五解决问题专项练习题,1,1
小学四年级语文上册期中试卷,3,1
小学外研版英语词汇分类,1,1
小学外研版词汇分类,4,1
小学学霸冲A卷,12,1
小学数学,1,1
小学数学六年级,7,1
小学数学六年级下册,15,1
小学数学图形与几何图形专,2,1
小学文言文知识点,1,1
小学毕业升初中新生分班卷,1,1
小学毕业班知识竞赛题,7,1
小学毕业考卷,5,1
小学生必备英语三单用法,8,1
小学英语,1,1
小学英语五年级上册第三单元自我检测,8,1
小学英语五年级上册第三单元自我检测常州,17,1
小学英语六年级下册期末,4,1
小学英语六年级范文,3,1
小学英语新课标词汇分类 505词,1,1
小学英语新课标词汇分类505词,2,1
小学英语范文,1,1
小学词汇分类,1,1
小学语文,5,1
小学语文三年级下册期末试卷,1,1
小学语文三年级下册期末试卷盐城亭湖区,1,1
小学语文专项,2,1
小学语文六年级下册期末,8,1
小学语文四年级下册期中学习评价,1,1
小学语文毕业考卷,5,1
小学语文阅读理解,1,1
小学长方形面积,5,1
小学长方形面积基础,2,1
小完形填,7,1
小完形填空练习,1,1
小家伙,1,1
小小天气播报员四年级英语单元测试卷,2,1
小数 100 乘除法混合计算题,4,1
小数乘数,3,1
小数乘数法,1,1
小数乘法简便运算,4,1
小数乘法简便运算每日练,1,1
小数乘法简便运算练习,2,1
小数乘除,3,1
小数乘除法,1,1
小数乘除法人教版,4,1
小数乘除法苏教版,4,1
小数乘除法计算,2,1
小数加减法,2,1
小数和差倍问题,10,1
小数点,6,1
小数点乘除,4,1
小数的乘法和除法竖式,1,1
小数的初步认识,1,1
小数的意义和性质,4,1
小渡船中学,8,1
小游戏,2,1
小石潭记 对比阅读,2,1
小研究员,1,1
小米手机,2,1
小蓝本,1,1
小语种,2,1
小说专题,1,1
小长安镇初级中学,1,1
小青化学,2,1
小青化学】2024mmm必修二（人教版2019）.doc,1,1
小题 2025 狂练,2,1
小题狂做选修一北师大,2,1
小题狂做配套试卷期中卷,1,1
小题狂练数学,2,1
小题突破·大题攻略 2026版高考生物培优限时练（全国通用一轮复习）,3,1
小题训练,4,1
小高考广东,2,1
小高考试卷广东,5,1
小鲤鱼跳龙门,2,1
少年班,1,1
少量多量,1,1
尖子生夺冠,1,1
尖子生笔记,2,1
尖子生选调,1,1
尚品东育,5,1
尚志市一曼,3,1
尚智,1,1
尚贤中学,2,1
尼勒克县第二小学,1,1
屈原列传翻译,3,1
屏南,14,1
屏南县第一中学,5,1
展开项,1,1
屯溪路,1,1
山 东,3,1
山东.21年生物高考,1,1
山东.24年生物高考,6,1
山东.25年生物高考,9,1
山东2024 2025高三摸底考,1,1
山东2024 高考政治,4,1
山东2024——2025高三摸底考,1,1
山东2024——2025高三摸底考物理,7,1
山东2025 高考,1,1
山东2025-2026学年九年级12月学情调研省联考化学试题,6,1
山东2025开学考,8,1
山东2026 高考地理,3,1
山东2026届高三九月大联考,6,1
山东2026届高三开学考,5,1
山东2026年高考,2,1
山东2026高考模拟题,3,1
山东2027名校,12,1
山东一年级上学期期中,2,1
山东七年级上学期阶段检测,8,1
山东七年级下学期期末,10,1
山东专升本,1,1
山东专用,7,1
山东东平合格考地理真题,1,1
山东东营高三开学数学,1,1
山东中学联盟2025-2026学年高三年级,4,1
山东中学联盟2025-2026学年高三年级学业水平4月调研,2,1
山东中考2026数学,3,1
山东中考数学,10,1
山东中考生物,5,1
山东中考英语,1,1
山东临沂,10,1
山东临沂七年级上册,1,1
山东临沂九月联考高三,4,1
山东临沂春考,2,1
山东临沂高三摸底卷,2,1
山东临沂高二月考地理临沂一中,1,1
山东临沂高二月考语文临沂一中,4,1
山东临沂高二第二次月考语文临沂一中,1,1
山东临沂高二第二次月考语文临沂一中南校区,6,1
山东九年级数学毕业试卷题,2,1
山东九年级济南市槐荫区上学期期中,1,1
山东五升六分班考试卷,7,1
山东五年级上学期期中,11,1
山东五年级下学期升学模考,2,1
山东五年级下学期升学模考青岛五四版,3,1
山东人教版六年级数学,20,1
山东八年级上学期期末,2,1
山东八年级下学期阶段检测,1,1
山东八年级济南市槐荫区下学期期末,8,1
山东六年级上册数学期中,3,1
山东六年级下学期升学模考,5,1
山东六年级下学期升学真题,4,1
山东初中学校,5,1
山东化学,2,1
山东化学一模,3,1
山东化学合格考真题,1,1
山东化学结构和有机,3,1
山东化学高考,7,1
山东化学高考2026,2,1
山东北大师版八上英语月考卷,1,1
山东升学模考,1,1
山东升学真题,5,1
山东卷生物,1,1
山东卷生物高考,1,1
山东历史合格考,3,1
山东历史合格考夏季,1,1
山东历年化学真题,3,1
山东历年化学真题高中,1,1
山东历年化学真题高中有机和结构,4,1
山东合格考,3,1
山东合格考化学,1,1
山东合格考化学菏泽,4,1
山东合格考总复习,3,1
山东合格考真题数学,17,1
山东名校考试联盟2025年数学期中考试,1,1
山东名校考试联盟九月,1,1
山东名校考试联盟开学,1,1
山东名校考试联盟开学模拟考试,17,1
山东名校考试联盟期中,2,1
山东名校考试联盟高三,2,1
山东名校考试联盟高三上学期9月开学考试,1,1
山东名校考试联盟高三上学期开学考,2,1
山东名校考试联盟高三上学期期中,3,1
山东名校考试联盟高三开学考,4,1
山东名校考试联盟高三物理,2,1
山东名校联考2月,4,1
山东大学数学强基,2,1
山东大附属中学选拔考,1,1
山东威海乳山高二上学期期中数学,4,1
山东威海高二上学期期中数学,1,1
山东威海高二上学期期末数学,14,1
山东定陶区26年期末考试试卷,1,1
山东定陶区七年级26年期末考试试卷,6,1
山东实验中学,3,1
山东小升初分班考试,1,1
山东师大附中,5,1
山东师范大学附属中学,1,1
山东开学考高三,4,1
山东开学考高二数学,1,1
山东开学考高二物理,4,1
山东德州一模,5,1
山东德州中考试卷26,3,1
山东德州市2025-2026学年第二学期高一期末考试化学试卷,2,1
山东德州市2025-2026学年第二学期高一期末考试英语试卷,1,1
山东德州开学考,3,1
山东德州物理中考,3,1
山东数学中考二模,3,1
山东数学中考试题,3,1
山东数学省济南市长清区2002十六届高三上学情期中学习检,1,1
山东数学高二下学期期末,5,1
山东新版人教版数学九年级上册章末检测卷,3,1
山东新版人教版数学九年级上册第二十五章测试卷,17,1
山东新高一英语单元卷,3,1
山东新高考2022,1,1
山东新高考2022高一,1,1
山东日照2023,1,1
山东日照市2025-2026学年第二学期高一期末考试物理试卷,10,1
山东曹县,3,1
山东曹县一中,2,1
山东月考,1,1
山东枣庄,4,1
山东枣庄三,1,1
山东枣庄三中,2,1
山东枣庄八年级上学期期末,7,1
山东枣庄市八年级上册物理期末考试卷,4,1
山东枣庄开学考,1,1
山东枣庄第零次诊断测试,1,1
山东枣庄薛城期末语文六年级下20252026,5,1
山东泰安2025年高二暑假后考试,1,1
山东泰安一中高二上物理期中,1,1
山东泰安宁阳县七年级下册数学,4,1
山东泰安宁阳县六年级下册数学,3,1
山东泰安宁阳高一2026年期末考试题,5,1
山东泰安宁阳高一上学期2026年期末考试题,5,1
山东泰安市2025-2026学年第二学期高一期末考试数学试卷,4,1
山东泰安市七年级上册地理第二单元单元测试卷,3,1
山东泰安第一中学新校高二上物理期中,2,1
山东泰安第一中学高二上物理期中,1,1
山东泰安高一上学期期中考试题,1,1
山东泰安高一下学期期中,1,1
山东泰安高一下学期期末,5,1
山东济南2026化学真题含答案,1,1
山东济南2026高三第二次模拟考试,2,1
山东济南2026高三第二次模拟考试英语,2,1
山东济南中考化学,1,1
山东济南中考化学2026年,2,1
山东济南历城二中,23,1
山东济南外国语贯通班,13,1
山东济南市2025-2026,1,1
山东济南市商河县2025-2026学年七年级上学期期末质量,4,1
山东济南市槐荫区北大师版八上英语月考卷,3,1
山东济南市莱芜区苗山镇中心中学,10,1
山东济南数学中考二模,13,1
山东济南月考卷物理八上第一次,1,1
山东济南期末,10,1
山东济南槐荫第二十中八上英语月考卷,3,1
山东济南长清一中2025高二开学考,11,1
山东济宁20252026学年度第二学期期末质量检测高二,2,1
山东济宁20252026学年度第二学期质量检测高二,6,1
山东济宁中考卷,3,1
山东济宁嘉祥,3,1
山东济宁学业水平,3,1
山东济宁学业水平考试,3,1
山东济宁市2025 2026学年第二学期高一期末考试数学试卷,1,1
山东济宁市2025 2026学年第二学期高二期末考试试卷,12,1
山东济宁市2025-2026学年第二学期高一期末考试数学试卷,2,1
山东济宁市2025-2026学年第二学期高一期末考试物理试卷,2,1
山东济宁微山初一,9,1
山东济宁数学期末考试高二上,1,1
山东济宁泗水中考2025-2026数学,2,1
山东济宁泗水县2026年中考真题卷,1,1
山东济宁物理期末考试高二上,2,1
山东淄博,1,1
山东淄博实验中学高二年级开学考试,5,1
山东淄博市2025-2026学年第二学期高一期末考试物理试卷,3,1
山东淄博淄川中学,1,1
山东淄博淄川中学高二下学期期末考试,4,1
山东淄博高三二模英语,7,1
山东淄博高二下学期期末考试,4,1
山东滕州一中高一上学期第一次月考数学试卷,3,1
山东滕州中学尚贤,1,1
山东滕州中学尚贤中学,3,1
山东滕州八年级上学期期末试卷,8,1
山东滨州2026年高一期末检测,1,1
山东滨州2026年高考,4,1
山东滨州无棣县数学期中考试卷,8,1
山东滨州期末英语,2,1
山东潍坊中考真题,3,1
山东潍坊安丘63制七年级上册数学期末试卷,15,1
山东潍坊安丘六三制7年级上册历届期未数学试卷,1,1
山东潍坊市2025-2026学年下学期高一期末试题,4,1
山东潍坊市2025-2026学年下学期高一期末试题数学,3,1
山东潍坊市2025-2026学年高二下学期期末学业质量评价政治试题,3,1
山东潍坊市高三数学市统考2025年,3,1
山东潍坊青州七年级上学期期中考试,6,1
山东潍坊青州七年级分班考,1,1
山东潍坊青州七年级开学考,1,1
山东潍坊青州七年级考试,1,1
山东潍坊青州七年级考试西书院,3,1
山东潍坊青州七年级考试西书院初中,1,1
山东潍坊高三,4,1
山东潍坊高二上学期数学月考,1,1
山东潍坊高二期中,6,1
山东潍坊高新六年级升初一,4,1
山东烟台8年级上期末数学考试。,1,1
山东烟台招远庙后吕家20262027学年度第一学期期中考试初四语文试题,24,1
山东烟台物理,4,1
山东烟台物理第一学期期中,2,1
山东烟台生物2024-2025高一下期末,1,1
山东烟台生物期末期末,5,1
山东烟台高三二模英语,1,1
山东烟台高中数学空间向量公式,1,1
山东物理2026高考,1,1
山东物理中考,3,1
山东物理竞赛,1,1
山东物理竞赛真题,1,1
山东物理高中竞赛,1,1
山东物理高考真题,3,1
山东生物2026初赛,3,1
山东省,3,1
山东省 0 2026初三中考英语,6,1
山东省 2026 年中考统考语文试题,1,1
山东省2020地理高考题,4,1
山东省2022历史高考题,4,1
山东省2023历史高考题,1,1
山东省2023年高考,9,1
山东省2024历史高考题,5,1
山东省2024学业水平考试,1,1
山东省2025 2026年高二第二学期期末考试,9,1
山东省2025-2026年第二学期期末考试,2,1
山东省2025-2026年高二第二学期期末考试,16,1
山东省2025年冬季普通高中学业水平合格试数学,1,1
山东省2025年通用技术合格考试卷,11,1
山东省2026实验中学四调,2,1
山东省2026实验中学四调数学,7,1
山东省2026年初中学业水平考试物理试题,1,1
山东省2026年初中学业水平考试英语试题,2,1
山东省2026年秋数学青岛版新版测试卷,4,1
山东省2026年高考语文作文,1,1
山东省2026水平四调高考,1,1
山东省2月核心素养评估物理试卷,8,1
山东省东营市五四制语文七年级上册必读书目,1,1
山东省东营市五四制语文七年级上册必读书目专项训练,5,1
山东省东营市五四制语文七年级上册朝花夕拾,1,1
山东省东营市五四制语文七年级上册西游记,1,1
山东省东营市文华学校,18,1
山东省中考数学,3,1
山东省中考数学压轴题每日一练,3,1
山东省中考真题,6,1
山东省中考真题2025,1,1
山东省中考真题2025日照市,7,1
山东省中考英语试卷202 4,3,1
山东省中考英语试卷2024,4,1
山东省中考英语试卷2026,9,1
山东省临沂市2026年地理生物会考,3,1
山东省临沂市2026年地生会考,1,1
山东省临沂市2026高二下学期期末政治试卷,1,1
山东省临沂市兰山区六上,1,1
山东省临沂市兰山区六上数学,5,1
山东省临沂市地理生物会考,1,1
山东省临沂市沂水县九年级上册期中考试,6,1
山东省临沂市第一中学高一月考,4,1
山东省临沂市蒙阴县 数学2025至2026期末试卷七下,1,1
山东省临沂市蒙阴县 数学2025至2026期末试卷六下,3,1
山东省临沂市蒙阴县2025至20266年级上册我,3,1
山东省临沂市蒙阴县2025至20266年级数学上册我,5,1
山东省临沂市郯城县,39,1
山东省临沂市郯城县2024年中考数学,5,1
山东省临沂第十八中学 高三第一次调研考试,8,1
山东省乐陵2025-2026九年级上学期第一次月考数学试卷,3,1
山东省乐陵2025-2026九年级上学期第一次月考物理试卷,2,1
山东省乐陵2026八年级下册期末考试英语,4,1
山东省五四制九年级物理化学课本,1,1
山东省五四制九年级语文课本,1,1
山东省八年级下册物理期末考试试题2025-2026,1,1
山东省冬季普通高中学业水平合格考试语文试题,10,1
山东省华侨中学,2,1
山东省合格考真题2026,1,1
山东省合格考真题思想政治,10,1
山东省威海市乳山市第二中学高一开学考,3,1
山东省威海市文登区五四制六年级英语试卷,13,1
山东省实验2024高三二模生物,8,1
山东省实验中学 2026届高三下学期第四次诊断性考试,1,1
山东省实验中学10月份高一物理月考,1,1
山东省实验中学2024年高二上期中数学,1,1
山东省实验中学2024年高二期中数学,1,1
山东省实验中学2025届高三第一次模拟考试,1,1
山东省实验中学2025高一期中考试英语,1,1
山东省实验中学2027届高三暑假学习质量检测,3,1
山东省实验中学6月,6,1
山东省实验中学期中高一,6,1
山东省实验中学第三次诊断,12,1
山东省实验中学高一上学期期末,4,1
山东省实验中学高一上期末物理,1,1
山东省实验中学高一下期末物理,2,1
山东省实验中学高一月考,2,1
山东省实验中学高一期末英语,1,1
山东省实验中学高一生物,1,1
山东省实验中学高三,6,1
山东省实验中学高二上学期物理期中,1,1
山东省实验中学高二下第一次月考,2,1
山东省实验化学,1,1
山东省实验学校,1,1
山东省实验学校东校,3,1
山东省实验学校物理,5,1
山东省实验期中,7,1
山东省实验西城校区,7,1
山东省实验高二上生物,3,1
山东省实验，高一，上学期月考数学，2026,2,1
山东省广饶县第一中学,3,1
山东省德州市2024‑2025学年高一下学期期末考试数学试题,2,1
山东省德州市2024年高三数学试题,6,1
山东省德州市夏津县2025到2026学年期末语文真题三年级下册,6,1
山东省德州市天衢新区2025-2026九年级上学期第一次数学月考,2,1
山东省德州市德城区2020年至2021前年第一学期期末检测九年级化学时期,3,1
山东省德州市德城区2020年至2021前年第一学期期末检测九年级物理时期,3,1
山东省德州市德城区2020年至2021前年第一学期期末检测九年级道德与法时期,1,1
山东省德州市德城区2020年至2021前年第一学期期末检测九年级道德与法治时期,5,1
山东省德州市第一中学高一开学考,2,1
山东省德州市第七中学,1,1
山东省德州市第七中学2025-2026九年级,1,1
山东省德州市第七中学2025-2026九年级上学期物理,3,1
山东省德州市第九中学2025-2026上学期第一次数学月考,1,1
山东省德州市第九中学2025-2026九年级上学期物理,2,1
山东省德州市第九中学2025-2026九年级上学期物理10月份月考,2,1
山东省德州市第九中学2025-2026九年级上学期物理10月考,1,1
山东省德州市第九中学2025-2026九年级上学期物理第一次月考,3,1
山东省德州市第九中学2025-2026九年级上学期第一次数学月考,3,1
山东省德州市第九中学2025-2026九年级上学期第一次月考,3,1
山东省德州市第五中学2025-2026九年级上册数学第一次月考,3,1
山东省德州市第五中学2025-2026九年级上册期中考试物理,1,1
山东省德州市第五中学2025-2026九年级上册物理第一次月考,2,1
山东省德州市第五中学2025-2026九年级上学期物理第一次月考,3,1
山东省德州市第五中学九年级上册期中,1,1
山东省德州市第五中学九年级上册期中考试物理,1,1
山东省德州市第十中学2025-2026九年级上册数学第一次月考,1,1
山东省德州市第十中学2025-2026九年级上学期物理第一次月考,3,1
山东省德州市陵城区中学2025-2026九年级上学期第一次月考,2,1
山东省德州市陵城区五年级,8,1
山东省德州市高一下学期,3,1
山东省政治2026高考,1,1
山东省政治水平合格考,5,1
山东省新泰市2025至20266年级上学期 期中模拟模拟数学试题,3,1
山东省新泰市2025至20266年级上学期 期末模拟模拟数学试题,3,1
山东省新泰市2025至20266年级上学期。期末模拟模拟数学试题,3,1
山东省新泰市2025至20266年级下学期期末检测语文试题,1,1
山东省日照市2023届开学考,1,1
山东省日照市2023届高三开学考,8,1
山东省日照市2025-2026八上期末考试数学,8,1
山东省日照市2025-2026八上期末考试数学东港区,2,1
山东省日照市2025-2026八上期末考试英语,2,1
山东省日照市2025到2026高三上学期期末校际联合考试思想政治试题把这个题抄抄,1,1
山东省日照市20二三届高三上学期开学考,4,1
山东省日照市五莲县2023到2024学年六年级上册期末，真题,62,1
山东省日照市五莲县七年级上册期末考试生物,1,1
山东省日照市五莲县八年级上册期末考试生物,4,1
山东省日照市五莲县第二中学,2,1
山东省日照市八上期末考试数学,1,1
山东省日照市第二中学,1,1
山东省日照市莒县二中化学开学考,13,1
山东省日照市莒县二中数学开学考,2,1
山东省日照市莒县贯通班,1,1
山东省日照市莒县高一,21,1
山东省日照市高二七数学开学考,2,1
山东省日照市高二数学开学考,5,1
山东省日语高三上学期期中试题,6,1
山东省日语，高试题,2,1
山东省曲阜市八年级上册物理,2,1
山东省曲阜市八年级上册英语,2,1
山东省曲阜市八年级上册语文,1,1
山东省曲阜市八年级第一学期月考物理,4,1
山东省曲阜市八年级第一学期月考英语,3,1
山东省枣庄市,3,1
山东省枣庄市市中区2025一2026学年度第一学期期中学业质量监测八年级英语试题,5,1
山东省枣庄市期中,6,1
山东省枣庄市第二中学,2,1
山东省枣庄市薛城区,6,1
山东省枣庄市薛城区2026六年级下册数学期末试卷,3,1
山东省枣庄市薛城区2026六年级下册英语期末试卷,12,1
山东省枣庄市薛城区六年级下册数学期末试卷,5,1
山东省枣庄市薛城区六年级下册英语期末试卷,9,1
山东省枣庄市薛城区六年级下册语文期末试卷,5,1
山东省枣庄市薛城区新初一摸底考试,4,1
山东省模拟英语,1,1
山东省泰安市2021~2025数学中考真题,8,1
山东省泰安市2025-2026下学期高二,1,1
山东省泰安市2025-2026下学期高二数学,4,1
山东省泰安市2025到2026学年度第一学期期中质量监测八年级上册历史试题,6,1
山东省泰安市2025年高三上学期开学考,1,1
山东省泰安市2025年高三开学考,1,1
山东省泰安市2025数学中考真题,2,1
山东省泰安市2025级高一下数学期末,1,1
山东省泰安市2025级高一下期末,1,1
山东省泰安市宁阳县2025到2026第一学期期末测试,14,1
山东省泰安市新泰市2025 2026六年级上学期,3,1
山东省泰安市新泰市2025至20266年级上学期期末检测语文试题,1,1
山东省泰安市泰山区数学七年级下册期末,1,1
山东省泰安市泰山区第六中学,1,1
山东省泰安市肥城市2025高二上学期期中考试数学试题,3,1
山东省泰安市英雄山中学2025年高一上学期我学期中试题,13,1
山东省济南2025-2026九年级上学期第一次月考第一次,2,1
山东省济南市2023-2024,1,1
山东省济南市2023-2024英语,1,1
山东省济南市2023-2024英语期末,3,1
山东省济南市2025到2026化学开学考,7,1
山东省济南市2025届高三,8,1
山东省济南市2025月考,2,1
山东省济南市2026年中考数学试卷。,1,1
山东省济南市2026年高三,6,1
山东省济南市2026年高三第一次模拟考试,2,1
山东省济南市历城二中,1,1
山东省济南市天桥区六年级试题（A）,1,1
山东省济南市实验中学高三上学期,2,1
山东省济南市实验中学高三上学期开学考,10,1
山东省济南市实验中学高三上学期开学考试,7,1
山东省济南市实验中学高二上学期开学考,1,1
山东省济南市市中区2024-2025八下期末数学,4,1
山东省济南市开学考,5,1
山东省济南市章丘区第四中学直升班选拔考试,1,1
山东省济南市章丘区高一上学期数学,4,1
山东省济南市章丘区高一数学,1,1
山东省济南市章丘区高一物理上学期第一次月考,3,1
山东省济南市莱芜区2024九年级上册物理期中考试考试,2,1
山东省济南市钢城区2024九年级上册化学期中考试考试,2,1
山东省济南市钢城区2024九年级上册物理期中考试考试,5,1
山东省济南市长清区2002十六届高三上学情期中学习检,3,1
山东省济南市高三开学摸底考试,8,1
山东省济南市高三第一次模拟考试,3,1
山东省济南市高二期中期末考试,1,1
山东省济南市高二第一学期期末考试英语,2,1
山东省济南第一中学2026届高三年级下学期模拟高考检测,2,1
山东省济南第一中学高三上学期期中化学,4,1
山东省济宁市2024至2025高二下学期期末物理试题,1,1
山东省济宁市2025~2026高一第二学期期末测试卷,6,1
山东省济宁市2025到2026学年度第二学期质量检测,3,1
山东省济宁市2026届高三上学期开学摸底联考 语文/数学/英语/物理/化学/生物,14,1
山东省济宁市任城区天立学校,9,1
山东省济宁市八年级上册数学第一次月考,2,1
山东省济宁市嘉祥县高二月考,3,1
山东省济宁市实验中学25级高一上学期10月月考,1,1
山东省济宁市育才中学,1,1
山东省济宁市育才中学2025‑2026学年高一上学期10月月考化学试题,4,1
山东省济宁市育才中学2025‑2026学年高一上学期10月月考数学试题,6,1
山东省济宁市育才中学2025‑2026学年高一上学期10月月考英语试题,5,1
山东省济宁市育才中学2025‑2026学年高一上学期10月月考语文试题,3,1
山东省济宁市邹城市第五中学小升初考试,4,1
山东省济宁市邹城市第五中学小升初考试 英语,1,1
山东省济宁市高一下册期末考试,4,1
山东省济宁市高二下册期末考试,5,1
山东省济宁市高二下册期末考试英语,1,1
山东省济宁市鱼台县八年级上册11月份的,1,1
山东省济宁市鱼台县八年级上册12县市的月考卷11月份的,1,1
山东省济宁市鱼台县八年级上册12县市的月考卷子,1,1
山东省济宁市鱼台县八年级上册12县市的第一次月考,1,1
山东省济宁市鱼台县八年级上册十二县是的期中,5,1
山东省济宁市鱼台县八年级上册十二县月考卷,1,1
山东省济宁市鱼台县八年级上册十二县月考卷11月,2,1
山东省济宁市鱼台县十二县月考卷,1,1
山东省济宁市，噇里二中学2025-2026分班考试,2,1
山东省济宁连考,4,1
山东省淄博市临淄区临淄益中外语,12,1
山东省淄博市临淄区四年级上册期中试卷,13,1
山东省淄博市初中英语月考试卷,5,1
山东省淄博市周村二中入学考试2024年,1,1
山东省淄博市张店区第一学期期末,8,1
山东省淄博市月考,1,1
山东省淄博市桓台县8年级上册化学期中,5,1
山东省淄博市桓台县8年级上册数学,6,1
山东省淄博市淄川区第一学期期末,15,1
山东省淄博市龙凤苑中学六年级英语月考试卷,2,1
山东省淄博市龙凤苑中学英语月考试卷,2,1
山东省滕州市第二中学,2,1
山东省滨州市惠民县2025-2026学年五年级上册期末考试题,10,1
山东省潍坊安丘等区县2025-2026学年高二上学期期中数学试题,5,1
山东省潍坊市2025-2026期末地理,1,1
山东省潍坊市2025-2026高二下学期期末地理,4,1
山东省潍坊市2025‑2026学年高二下学期7月学业质量评价 地理试题（A）,1,1
山东省潍坊市寒亭区分班考真题,1,1
山东省潍坊市寒亭区分班考真题小升初,1,1
山东省潍坊市期中,1,1
山东省潍坊市诸城,4,1
山东省潍坊市高二上学期期中,2,1
山东省潍坊市高二上学期期中数学,2,1
山东省潍坊第一中学高二上学期八月开学考试英语试题,1,1
山东省潍坊高二上学期数学月考,17,1
山东省潍坊高二上学期语文期中月考,2,1
山东省烟台市2023-2024学年高一上学期化学期中考试试题,11,1
山东省烟台市2025~2026学年高二下学期期末地理冲刺模拟题。,48,1
山东省烟台市2025~2026学年高二下学期期末地理冲刺模拟题（一））,6,1
山东省烟台市2026地理冲刺模拟题一,1,1
山东省烟台市2026高二地理冲刺模拟题一,12,1
山东省烟台市招远市梦芝学校,6,1
山东省烟台市期中考试高一,11,1
山东省烟台市芝罘区2019-2020学年八年级上学期期中数学试卷 解析版,2,1
山东省烟台市芝罘区2019-2020学年八年级上学期期中生物试卷 解析版,3,1
山东省烟台市芝罘区2020-2021学年九年级上学期期中数学试卷 解析版,3,1
山东省烟台市芝罘区2020-2021学年八年级上学期期中数学试卷 解析版,4,1
山东省烟台市芝罘区2022-2023学年七年级下学期期末生物试卷,3,1
山东省烟台市芝罘区2025-2026学年七年级上学期期中生物试卷 解析版,2,1
山东省烟台市芝罘区2025-2026学年七年级下学期期中生物试卷 解析版,4,1
山东省烟台市芝罘区2025-2026学年七年级下学期期末生物试卷,3,1
山东省烟台市蓬莱区九年级上册化学其中,1,1
山东省烟台市蓬莱区九年级上册化学期中,10,1
山东省烟台市蓬莱区九年级上册数学期中,4,1
山东省烟台市蓬莱区九年级上册数学期中2025-2026,5,1
山东省烟台市高二上期中化学,4,1
山东省烟台市高二上期中化学2023,1,1
山东省烟台市高二上期中化学2024,2,1
山东省烟台市高二上期中化学20242025,1,1
山东省烟台市高二上期中化学2025,1,1
山东省烟台第二中学,17,1
山东省物理2026高考,1,1
山东省生物中考试卷,8,1
山东省聊城市2023-2024学年中考真题,1,1
山东省聊城市7年级上册数学期末,3,1
山东省聊城市东昌府区东昌中学,1,1
山东省聊城市东昌府区聊城第九中学2025年8年级上册 数学第一次月考,2,1
山东省聊城市临清市,13,1
山东省聊城市临清市2023-2024学年九年级	 期末	上学期期末考试数学试题,1,1
山东省聊城市冠县六下期末试卷。2026,1,1
山东省聊城市冠县初一分班考试,3,1
山东省聊城市冠县小升初分班考试,2,1
山东省聊城市物理九上期中人教版,1,1
山东省聊城市茌平区,22,1
山东省聊城市茌平区实验中学,2,1
山东省聊城市茌平区期中,1,1
山东省肥城市边院镇过村中学小升初考试,3,1
山东省荷泽市牡丹区,6,1
山东省莒县高一县域联考,2,1
山东省莱州市一中2025学年开学考试,1,1
山东省莱州市第一中学2025学年开学考试,3,1
山东省莱州市第一中学2025学年新高一上学期开学考试,2,1
山东省莱州市第一中学2025学年新高一上学期暑假开学考试,1,1
山东省莱州市第一中学2025学年新高一开学考试,1,1
山东省莱州市第六中学校,11,1
山东省莱西市高一上学期化学月考,6,1
山东省莱西市高一上学期数学月考试题,23,1
山东省菏泽市2024年至2025年。物理高一上学期期末试题,4,1
山东省菏泽市2024年至2025年。物理高一期末试题,1,1
山东省菏泽市2025 2026高一上学期期中,9,1
山东省菏泽市2025年至2026年。高三上学期期中物理试题,5,1
山东省菏泽市七年级上册数学青岛版期末,5,1
山东省菏泽市八年级上册物理教科版第一章,4,1
山东省菏泽市八年级上册物理教科版第一章机械运动,1,1
山东省菏泽市八年级上册物理教科版第一章走进实验室,4,1
山东省菏泽市八年级上册物理第一章,1,1
山东省菏泽市八年级上册英语人教版第一单元,3,1
山东省菏泽市八年级上册英语第一单元,1,1
山东省菏泽市定陶区期末考试题,18,1
山东省菏泽市巨野县月考,3,1
山东省菏泽市牡丹区第二十一中初级中学,1,1
山东省菏泽市牡丹区第二十一初级中学,2,1
山东省菏泽市牡丹区第二十一初级中学南校区,3,1
山东省菏泽市牡丹区第二十一初级中学南校区开学考,7,1
山东省菏泽市菏泽一中2024--2025学年高二上学期10月,1,1
山东省菏泽市菏泽第一中学2024--2025学年高二上学期10月,1,1
山东省菏泽市菏泽第一中学2024--2025学年高二上学期10月第一次月考,9,1
山东省菏泽市郓城县2025-2026小升初,1,1
山东省青岛市2024-2025学年高三上 学期期初考试 化学试题,4,1
山东省青岛市2024-2025学年高三上学期期初考试 化学试题,3,1
山东省青岛市2024-2025学年高三上学期期初考试 物理试题,4,1
山东省青岛市2025~2026学年高三上学期阶段检测,1,1
山东省青岛市2025‑2026学年高三上学期期初调研检测 物理 试题（含答案）,2,1
山东省青岛市2025年高三期初摸底考试,6,1
山东省青岛市2025年高三期初摸底考试物理,3,1
山东省青岛市2026届高三三模语文试卷,2,1
山东省青岛市2026届高三二模语文试卷,4,1
山东省青岛市2026届高三第一学期期末考试数学试题,3,1
山东省青岛市中考卷,1,1
山东省青岛市城阳,6,1
山东省青岛市城阳区2024-2025学年七年级上学期期中生物学试题,3,1
山东省青岛市城阳区2025到2026学年度数学期末考试试卷,1,1
山东省青岛市城阳区九年级2025到2026学年度数学期末考试试卷,1,1
山东省青岛市崂山区2025-2026七年级英语期末试卷,3,1
山东省青岛市市北区七年级下数学试卷期中考试20232024,13,1
山东省青岛市市南区2025年九年级第一学期数学期末试卷,1,1
山东省青岛市市南区2025年数学期末试卷,1,1
山东省青岛市市南区2025年第一学期数学期末试卷,1,1
山东省青岛市数学学科期初调研,11,1
山东省青岛市李沧区20258年级上学期物理期末,3,1
山东省青岛市第九中学2026届高三第一次适应性检测数学试题,8,1
山东省青岛市第二中学开学前模拟,1,1
山东省青岛市统考2025~2026学年高三上学期开学考,15,1
山东省青岛市统考2025~2026学年高三上学期阶段检测,1,1
山东省青岛市英语学科期初调研,13,1
山东省青岛市莱西市2024至2025学年度第一学期期中检测七年级上册鲁教版数学,5,1
山东省青岛市莱西市2025至2026学年度数学第一学期期中检测,2,1
山东省青岛市莱西市2025至2026学年度，第一学期期中检测七年级上册鲁教版,4,1
山东省青岛市莱西市九年级中考卷子,5,1
山东省青岛市西海岸新区实验中学,1,1
山东省青岛市西海岸新区高中,1,1
山东省青岛市高三上学期期初考试 数学试题,1,1
山东省青岛市高三上学期期初考试 物理试题,5,1
山东省青岛市高三期初统考检测物理,4,1
山东省青岛市高三期初统考检测物理2025,2,1
山东省青岛市高三期初考试化学试题,2,1
山东省青岛市高三期初调研检测物理,6,1
山东省青岛市黄岛区2026期初调研考试,1,1
山东省青岛市黄岛区高三2026期初调研考试,4,1
山东省青岛第二中学,2,1
山东省青岛第五十八中学,1,1
山东省高一上化学卷,1,1
山东省高一下学期期末英语,4,1
山东省高一县域联考,4,1
山东省高一开学考,16,1
山东省高一政治下学期阶段测试题,10,1
山东省高一期末数学试卷,2,1
山东省高一期末试卷物理,4,1
山东省高一英语期末考试试卷,6,1
山东省高三化学,5,1
山东省高三名校联盟,32,1
山东省高三开学考,2,1
山东省高中数学联赛,8,1
山东省高二上学期化学开学考试,9,1
山东省高考晋五年化学有机大题,5,1
山东省高考物理试卷,3,1
山东统考2026中考化学真题,1,1
山东聊城,6,1
山东聊城一中高考数学,2,1
山东聊城七年级,1,1
山东聊城中考英语,5,1
山东聊城市2025-2026学年第二学期高一期末考试政治试卷,1,1
山东聊城市2025-2026学年第二学期高一期末考试物理试卷,5,1
山东聊城市2025-2026学年第二学期高一期末考试英语试卷,5,1
山东肥城数学中考试题,1,1
山东胜利一中,5,1
山东莱州一中2025学年开学考试,1,1
山东菏泽2026高三二模英语,3,1
山东菏泽2026高二下期末,5,1
山东菏泽九上化学,1,1
山东菏泽九上化学第1次月考,5,1
山东菏泽化学,1,1
山东菏泽市2025-2026学年第二学期高一期末考试化学试卷,1,1
山东菏泽市2025-2026学年第二学期高一期末考试数学试卷,11,1
山东菏泽市2025-2026学年第二学期高一期末考试物理试卷,5,1
山东菏泽市2025-2026学年高二下学期期末考试政治试题,5,1
山东菏泽市鄄城县第一中学高三下学期第一次模拟考试政治试题,3,1
山东菏泽曹县一中高一下期末化学试卷,20,1
山东菏泽曹县一中高一下期末物理试卷,2,1
山东菏泽曹县高二下学期期中,6,1
山东菏泽郓城,2,1
山东菏泽鄄城20252026,6,1
山东菏泽高3化学2025一2026期中上学期,2,1
山东菏泽高二下学期期中,1,1
山东菏泽高二物理期末,1,1
山东警察学院,1,1
山东语文,1,1
山东语文合格考夏季,1,1
山东语文合格考夏季24,3,1
山东重点高中自招,1,1
山东金乡2026初中数学七年级下册期末试题,1,1
山东青岛,1,1
山东青岛一模,9,1
山东青岛一模作文,5,1
山东青岛一模作文考场一类文,4,1
山东青岛二中,4,1
山东青岛化学必修一,6,1
山东青岛化学必修一期末,2,1
山东青岛第二中学高二上学期,2,1
山东青岛莱西中考提前招生,5,1
山东青州中考真题,1,1
山东高一上学期学考,4,1
山东高一上学期期中数学,4,1
山东高一下学期期末,2,1
山东高一下期末考试化学,1,1
山东高一数学,2,1
山东高一期末,9,1
山东高三上学期期中,20,1
山东高三上学期期末,2,1
山东高三下学期期中,2,1
山东高三下学期期末,4,1
山东高三生物开学,1,1
山东高二上学期10月月考,1,1
山东高二上学期10月月考物理,1,1
山东高二上学期学考,7,1
山东高二上期中,10,1
山东高二上第一次月考,6,1
山东高二下学期期末济南,9,1
山东高二化学,2,1
山东高二开学考化学鲁科版,3,1
山东高二数学上学期第二次月考,2,1
山东高二数学月考9,1,1
山东高二月考,1,1
山东高二生物,4,1
山东高考一轮复习历史,4,1
山东高考化学卷,1,1
山东高考必背古诗文,1,1
山东高考数学真题,4,1
山东高考物理,1,1
山东高考物理双向细目表,1,1
山东高考生物2026,1,1
山东高考试题分类汇编,3,1
山东高联预赛,2,1
山东鱼台,1,1
山东鱼台期末,1,1
山东鲁科版2025--2026高一上学期期末化学试题,5,1
山东鲁科版高一上学期期末化学试题,3,1
山东鼎鑫书业有限公司,1,1
山城学术圈,8,1
山大附中2025 2026学年第二学期期末考试,12,1
山大附中入学分班考,3,1
山大附中山西,2,1
山大附中高二化学,1,1
山大附中高二第一学期期末考试,1,1
山大附分班,1,1
山大附化学,2,1
山大附期末,3,1
山大附物理,1,1
山大附物理开学考,1,1
山大附高三8月开学考,1,1
山宜小学,1,1
山师附中,5,1
山水数学中考,5,1
山海关第一中学2025 026学年高三下学期第一次模拟考试数学试卷,4,1
山海关第一中学2025 026学年高三下学期第一次模拟考试物理试卷,2,1
山海关第一中学2025 026学年高三下学期第一次模拟考试生物试卷,3,1
山海关第一中学2025 026学年高三下学期第一次模拟考试英语试卷,1,1
山海联盟,7,1
山羊的英文,1,1
山西 0225 中考真题,1,1
山西 0225历史 中考真题,1,1
山西 0226高考真题,1,1
山西一年级下册试卷真题,3,1
山西专用,3,1
山西中考生物,2,1
山西临汾小升初入班考试,3,1
山西化学竞赛,11,1
山西历年中考题,6,1
山西吕梁新初一分班考试语文数学英语人教版,4,1
山西大同摸底,4,1
山西大学,1,1
山西大学附属中学初一,5,1
山西大学附属中学校2025~2026年 高一下学期5月阶段测英语试卷,1,1
山西大学附属中学高一期末,1,1
山西大学附属中学高二第一学期开学考9月英语,1,1
山西天成大联考暨卓越联盟2026届高三上学期9月质量检测（26-X-004C,3,1
山西太原二年级上册单元测试卷,9,1
山西太原二年级第一单元册试卷,1,1
山西太原模拟考试2日语,1,1
山西实验中学,1,1
山西山大附中高三八月份月考试卷,9,1
山西开学考试,5,1
山西忻州一中,1,1
山西忻州一中高一上物理,1,1
山西忻州会考,1,1
山西忻州市高级中学校,1,1
山西摸底,1,1
山西晋城人教,9,1
山西晋城华师版,18,1
山西普通高中学业水平考试2026,3,1
山西期末,7,1
山西省2024到2025学年高二下学期7月期末考试地理,6,1
山西省2025-2026名校联盟11月考,3,1
山西省七年级英语期末考试,4,1
山西省化学2026中考,5,1
山西省大同市九年级数学期中卷子,8,1
山西省太原市2026年高三年级模拟考试二生物,2,1
山西省太原市小店区25年初一测试卷,1,1
山西省太原市小店区25年初一测试卷语文,3,1
山西省太原市迎泽区 太原市实验中学,5,1
山西省太原市高一上学期开学分班考试,1,1
山西省实验中学高一上期中数学卷子,1,1
山西省实验中学高一分班考,1,1
山西省小升初考试试卷,1,1
山西省山大附中,4,1
山西省忻州市五寨县,4,1
山西省晋中市平遥县2025‑2026学年八年级上学期期中考试 英语,1,1
山西省晋中市榆次区高三上学期开学考试,1,1
山西省晋中市高一数学上月考,1,1
山西省现代双语,3,1
山西省语文高考作文,3,1
山西省运城市临猗县,2,1
山西省运城市临猗县2025年高2语文,1,1
山西省运城市临猗县高一语文2024,3,1
山西省运城市临猗县高二语文2024,1,1
山西省长治市沁源县第一中学,2,1
山西省阅读理解应用文,1,1
山西省阅读理解应用文专题06,3,1
山西省阳泉一中,4,1
山西省高一上英语10月份月考题,1,1
山西省高一数学10月份月考题,4,1
山西省高一英语上10月月考,4,1
山西运城东康一中2025期末数学试卷,3,1
山西运城高二期末考试,3,1
山西运城高期,1,1
山西阳泉矿区2025‑2026高一下期末测试英语（人教版必修三）,22,1
山西高一上分班考,8,1
山西高一上分班考化学,1,1
山西高一上学期学考,2,1
山西高一分班考,1,1
山西高三,36,1
山西高三上学期学考,1,1
山西高中,3,1
山西高中学业水平合格性考试,1,1
山西高二上开学考试,1,1
山西高考模考,1,1
山西高考生物,5,1
山西高考试卷,5,1
岑溪一中校网,1,1
岑溪市2025至2026初中化学期中测试九年级,1,1
岚山区第一中学,3,1
岚皋,11,1
岱岳区八下化学,4,1
岱岳区八下期末物理,24,1
岱岳区八下物理,19,1
岳中高二,1,1
岳州中学,2,1
岳州中学入学考试,3,1
岳池中学高二上学期开学考,3,1
岳池中学高二上学期开学考化学,2,1
岳池中学高二上学期开学考数学,3,1
岳池中学高二开学考,1,1
岳阳六下期末试卷,1,1
岳阳六下期末试卷数学,11,1
岳阳十九中七上语文月考试卷,1,1
岳阳县一中,1,1
岳阳县一中2025级高一新生学科素养测试物理,7,1
岳阳县一中2026级高一新生学科素养测试物理,1,1
岳阳县一中入学考试,7,1
岳阳县一中入学考试试卷,20,1
岳阳县一中入学考试试题,3,1
岳阳县第一中学 高一新生 学科素养测试 英语 2025-2026,2,1
岳阳市2026届高三,4,1
岳阳市八上数学期末考试试卷,3,1
岳阳市第一中学,2,1
岳阳市第一中学入学考,6,1
岳阳市第一中学语文入学考试,1,1
岳阳市第九中学八上数学期末考试试卷,2,1
岳阳市第十中学八上各科考试试卷,3,1
岳阳市第十中学八下各科考试试卷,4,1
岳阳市第十四中学入学分班考试,1,1
岳阳开学考,1,1
岳阳楼区2026小学教研六下数学期末,1,1
岳阳楼区2026小学教研六下数学试卷。,2,1
岳阳楼记,3,1
岳阳楼记注释默写,3,1
岳阳楼记的一词多意和古今意义现象,7,1
岳阳高一入学分班考试试卷,8,1
岳麓实验中学,2,1
岷县一中高一开学考试,6,1
峄城七年级上册英语期末,1,1
峄城七年级下册英语期中,2,1
峄城八年级下册英语期中,2,1
峄城八年级下册英语期末,3,1
崇左高三开学考,1,1
崇左高三开学考数学,3,1
崇明一模,2,1
崇明中学,10,1
崧泽学校,4,1
川师附中,4,1
川师附中分班考高一,1,1
川师附中高一入学分班考,4,1
川教版三年级英语单词,4,1
川教版三年级英语单词默写表,7,1
川沙中学,2,1
巢湖,1,1
巢湖七上第一次月考,1,1
巢湖二中,1,1
工业流程专题,1,1
工业流程题,2,1
工业流程（一）,3,1
工业流程（一）原料预处理,6,1
工业流程（一）原材料预处理,2,1
工大附中,3,1
工大附中科技班开学测,12,1
左迁至蓝关示侄孙湘,1,1
左迁至蓝关示侄孙湘课件,1,1
巧选参考系,1,1
巨野县实验中学2024-2025分班考试卷数学,11,1
巨野县第一中学,1,1
巨野县高三月考,7,1
巨野期末,13,1
巨鹿中学,11,1
巨鹿新华,4,1
巩义二中,1,1
巩义市,15,1
巫溪,19,1
巫溪中学,2,1
差量法,4,1
己所不欲勿施于人出自论语现已成为国际社会公认的处理人际关系和国际关系的黄金准则请结合材料依据这一现象加以分析,1,1
已知双曲线x^2-\dfrac{y^2}{2}=1，是否存在斜率为1的直线l，使l被双曲线截得的弦的中点横坐标为2？若存在求方程，不存在说明理由。,3,1
已知零点个数求参数范围问题,1,1
巴下英语单元核心知识背诵版英语,1,1
巴东县,8,1
巴东县二检,1,1
巴中2023零诊语文,1,1
巴中中学开学考试,1,1
巴中临诊政治 历史 地理 英语2026年,3,1
巴中四小三年级期末,3,1
巴中市 新高一分班考试,3,1
巴中市2023级零诊考试,2,1
巴中市中考,4,1
巴中市巴州区三年级期末,1,1
巴中市平昌县2026年七下期末试卷,6,1
巴中市柳林中学,1,1
巴中市高一下期末统考,2,1
巴南中学,2,1
巴南区月考,5,1
巴南区清华,4,1
巴南育才,2,1
巴南育才七下期中考,1,1
巴属,1,1
巴川中学,5,1
巴川中学量子,8,1
巴州一中,3,1
巴州三中,2,1
巴州二中,3,1
巴彦淖尔市2025 2026学年第二学期高二期末考试数学答案卷,6,1
巴彦淖尔市2025-2026学年第二学期高一期末语文试卷,1,1
巴彦淖尔市2025~2026年春季第二学期期末考试,5,1
巴蜀 一中 八中 三中 初升高 自招,1,1
巴蜀 中学,2,1
巴蜀2025～2026年高三上学期8月月考的生物试卷,1,1
巴蜀26级九上入学考试数学,4,1
巴蜀8月,1,1
巴蜀中学2025-2026高一上学期7月期末考试 化学,1,1
巴蜀中学2025入学,1,1
巴蜀中学2026届高考适应性8月,6,1
巴蜀中学2026届高考适应性月考卷一,1,1
巴蜀中学2026高一下期末历史答案,2,1
巴蜀中学2026高一下期末政治,2,1
巴蜀中学2026高一下期末政治答案,2,1
巴蜀中学2026高一下期末生物答案,3,1
巴蜀中学2026高一下期末英语,3,1
巴蜀中学2027届高考适应性月考卷十,2,1
巴蜀中学七上数学10月月考,3,1
巴蜀中学七上英语10月月考,5,1
巴蜀中学七上英语10月月考有音频,3,1
巴蜀中学九年级上次期中考试物理,1,1
巴蜀中学九年级上次期末考试,1,1
巴蜀中学九年级上次期末考试物理,4,1
巴蜀中学八年级上册入学考试,6,1
巴蜀中学初一下,3,1
巴蜀中学初三几何专题,2,1
巴蜀中学初升高,1,1
巴蜀中学教育集团初2027,1,1
巴蜀中学期末,2,1
巴蜀中学自主招生,12,1
巴蜀中学英语,5,1
巴蜀中学高2027,1,1
巴蜀中学高一英语,1,1
巴蜀中学高三,7,1
巴蜀中学高三一模,1,1
巴蜀八年级上册物理期中考试,7,1
巴蜀初三三诊,13,1
巴蜀初三上,6,1
巴蜀初三英语一模,6,1
巴蜀初三英语模考,12,1
巴蜀半期考试,1,1
巴蜀期末,5,1
巴蜀联考,2,1
巴蜀高2028届高一上期末物理,3,1
巴蜀高一开学考,1,1
巴蜀高一数学,3,1
巴蜀高一期末生物试卷,8,1
巴蜀高三上11月,2,1
巴蜀高三开学考,3,1
巴蜀高二收心卷,1,1
巴蜀高二生物上册听音乐检测题,2,1
巴蜀高二第一次月考生物真题,1,1
市。2025学年第二学期普通高中教学质量监控高二日语试卷,4,1
市一检生物,4,1
市一模卷,1,1
市东中学,2,1
市中,6,1
市二中,1,1
市内六区模拟题,7,1
市北八年级上册物理卷子,4,1
市南,5,1
市实验中学,1,1
市统考,7,1
师大净月,15,1
师大实验,3,1
师大实验昆明湖校区,14,1
师大金卷小卷练透高中英语2025,1,1
师大附中 入学,3,1
师大附中 高一 生物 月考,4,1
师大附中026高一,2,1
师大附中026高一开学考,3,1
师大附中2025年高二上学期期中,1,1
师大附中2026高一上学期开学考,3,1
师大附中2026高一开学考,2,1
师大附中吉林,4,1
师大附中外国语学校,5,1
师大附中开学考,1,1
师大附中自主招生,1,1
师大附中高一期中,2,1
师大附中高一期末英语,1,1
师大附中高一语文期末,1,1
师大附中高考模拟卷,1,1
师苑中学,2,1
师范大学,1,1
师说同步导学案英语选必四,2,1
师说理解性默写突破三关,3,1
师说翻译,3,1
希望学,1,1
希望杯,1,1
希望杯2026,13,1
希望杯七年级,5,1
希望杯八年级,6,1
希望联盟夏令营中国数学奥林匹克,7,1
带点粒子在磁场场中的运动,15,1
带电,5,1
带电容器的,1,1
带电容器的电磁感应,3,1
带电容器的电磁感应专题,1,1
带电容电磁感应专题,1,1
带电容的电磁感应专题,1,1
带电球壳球体,1,1
带电粒子在复合场中的运动,4,1
带电粒子在复合场中的运动压轴题,2,1
带电粒子在电场中的运动专练,2,1
带电粒子在电场中的运动专题,5,1
带电粒子在磁场中的运动,4,1
带电粒子的轨迹问题,3,1
帮我出一张全等三角形的性质与判定综合,4,1
帮我找一下内江六中七年级下册，25 年到 26 年的数学期末考试卷子,1,1
帮我找厦门第一中学2023年高一数学入学考试,6,1
帮我找厦门第一中学2023年高一物理入学考试,12,1
帮我找厦门第一中学2023年高一语文入学考试,5,1
帮我找厦门第一中学2024年高一数学入学考试,1,1
帮我查找江苏省无锡市第三高级中学2025年到2026年高二上物理第1次基础检测卷,1,1
帮课堂 学与练,7,1
常宁一中,9,1
常州 期中,2,1
常州2023,2,1
常州2023生物,1,1
常州2024-2025高二下学期期末英语,4,1
常州2026中考,3,1
常州2026数学,2,1
常州2026数学7年级,3,1
常州2026数学7年级龙城,4,1
常州七年级上英语,3,1
常州七年级英语,2,1
常州八上数学10月,12,1
常州前黄高级中学,4,1
常州天宁,7,1
常州天宁上学期,1,1
常州市北郊高级中学,1,1
常州市天宁区数学七年级上册月考卷,8,1
常州市戚墅堰高级中学,5,1
常州市金坛区第四中学,2,1
常州市高二上学期数学期中考试,7,1
常州横山桥高中,1,1
常德市一中,6,1
常德市一中2025级新高一入学质量检测,2,1
常德市一中第一次月考,1,1
常德市一中高一上学期第一次月考,3,1
常德市十一中八年级下册物理期末考试,1,1
常德市第一中学,1,1
常德市第五中学,1,1
常德市芷兰实验学校,12,1
常德市芷兰实验学校生地会考,1,1
常德市高三,9,1
常德开学考,5,1
常德最新八年级上数学第一单元测试卷,1,1
常德湘教版最新八年级上第一单元数学因式分解试卷,2,1
常德湘教版最新八年级上第一单元数学试卷,3,1
常德鼎城区初升高入学考试,1,1
常熟,250,1
常熟实验中学,2,1
常熟市2026年7月学生暑期自主学习讲义高二地理,1,1
常熟市实验中学,11,1
常熟昆承中学,5,1
常用逻辑用语,4,1
常考点,8,1
常考点攻破练,10,1
常见函数图像及其性质,1,1
常见化学式,3,1
常见错别字500,2,1
常见错别字500例,3,1
幂,2,1
幂 100题,1,1
幂 计算,4,1
幂函数与偶函数,1,1
幂函数练习题,3,1
幂函数经典题目,5,1
幂指对,5,1
幂指对专题,3,1
幂的运算,3,1
幂的运算 1,5,1
幂的运算八年级,7,1
幂运算,10,1
平乡,1,1
平乡一中,2,1
平乡中学,4,1
平凉,2,1
平凉一中高一上学期开学考,3,1
平凉一中高一开学考,3,1
平凉上,1,1
平凉四中2026年中考仿真模拟考试题,10,1
平凡小人物微光 话题议论文,4,1
平原一中,6,1
平原县高二上期中数学,4,1
平台千千2025至2026学年度第二学期期末检测卷高一年级数学学科,1,1
平和六中,1,1
平均速度,2,1
平均速度教科版,3,1
平定一中,1,1
平定一中高一,1,1
平定一中高二开学考,7,1
平山县,12,1
平度一中,5,1
平房区,26,1
平抛,9,1
平抛运动,5,1
平抛运动基础习题,2,1
平抛运动题目,6,1
平方差公式 完全平方公式,3,1
平方根华东师大算术平方根,2,1
平方根华东师范,1,1
平方根华师,2,1
平江一中,1,1
平泉,11,1
平湖市开学考初一,15,1
平湖市经开中学分班考,1,1
平潭一中高一开门考试卷,22,1
平潭城关小学,6,1
平潮高级中学,4,1
平移圆旋转圆放缩圆,3,1
平移齐次化,2,1
平罗中学2025到2026学年度第二学期第五次模拟考试,3,1
平行四边形,3,1
平行四边形动点问题,9,1
平行四边形存在性问题,3,1
平行四边形检测卷,1,1
平行四边形的判定,5,1
平行四边形，三角形,10,1
平行线,9,1
平行线专题训练,2,1
平行线分线段成比例基本事实及其推论,4,1
平行线定理,1,1
平行线性质与与判定综合应用题,12,1
平行线拐点问题,9,1
平行线的判定与性质专题训练,6,1
平行线的判定与性质专题训练人教版,5,1
平衡转化率导学案,1,1
平谷中学,1,1
平谷中学二零二五到二零二六学年度第二学期高一期末化学试卷,3,1
平谷区2023-2024学年度第二学期教学质量监控试卷高二英语,6,1
平谷区2025年8年级上学期数学期中试卷,1,1
平谷区2025年8年级上学期数学期末试卷,3,1
平谷区2025年8年级上学期英语期中试卷,3,1
平邑一中西校区,1,1
平邑中西校区,2,1
平阳县实验中学,2,1
平阳县新纪元小升初真题,1,1
平阴,4,1
平阴县实验高级中学,1,1
平阴实验,1,1
平面 向量单元测试,1,1
平面几何八大模型,6,1
平面向量 培优,7,1
平面向量 培优 拔尖培优专,2,1
平面向量一轮复习,3,1
平面向量中档题,9,1
平面向量及其运算,3,1
平面向量培优,11,1
平面向量奔驰定理,6,1
平面向量期末复习人教版,4,1
平面向量期末复习试卷人教版,4,1
平面向量测试,3,1
平面向量测试人教B版,3,1
平面向量竞赛题,2,1
平面向量综合复习,1,1
平面向量综合复习一轮复习,10,1
平面向量试卷,1,1
平面向量难题,6,1
平面向量高考真题,1,1
平面直角坐标系题型分类,1,1
平顶山2025至2026学年高三年级开学考,6,1
平顶山七年级,1,1
平顶山八年级下学期英语,6,1
平顶山市2025一2026学年高三开学考,6,1
平顶山市下学期期末调研试卷,1,1
平顶山市小升初卷子数学,5,1
平顶山市小升初卷子数学卫东区,1,1
平顶山高三开学考虑,10,1
平顶山，五年级下册英语期末,4,1
年度热点,6,1
年泰安市高二上学期期末考试,3,1
年黑龙江省哈尔滨市尚志中学、五常,2,1
年黑龙江省哈尔滨市尚志中学、五常中学、阿城中学、宾县中学、双城中学六校联考,1,1
并列复合句,3,1
幼儿园,1,1
幼儿园10以内加减法练习,3,1
幼儿园数学明个接我放学的,1,1
幼儿园数学题,1,1
幼小 衔接数学,6,1
幼小 衔接数学100以内加减法,6,1
幼小衔接数学,1,1
幼小衔接数学题,4,1
幼小链接20,1,1
幼小链接20以内,2,1
广 东 2 0 2 6高考,2,1
广 东 2 0 2 6高考 一模,1,1
广 东 2深圳市,1,1
广 东省 2026中考试卷,8,1
广 州 026高三 二模,5,1
广 州 市普通高考毕业班,2,1
广 西 2 0 2 6中考,1,1
广 西 2 0 2 6届 第一次模拟考试,1,1
广 西 中考,3,1
广东 二模 2026,5,1
广东2022年中考,5,1
广东2022年高一期中考试,8,1
广东2025,1,1
广东2026-2027 学年高二学期上学期开学英语模拟卷,8,1
广东2026年7月学考,1,1
广东2026开学考试物理,1,1
广东25-26学年下学期八年级英语期末试卷,30,1
广东8上物理,1,1
广东一模,1,1
广东一模2025,1,1
广东一模英语高三,4,1
广东七年级下学期期中,1,1
广东三加证书试卷,1,1
广东三水,7,1
广东上进联考2025-2026学年领航高中联盟高三12月生物试卷,5,1
广东专版《创新设计》,6,1
广东专版万维黑白卷,1,1
广东专版创新设计金榜苑,1,1
广东专版化学一轮复习各个考点模拟题,9,1
广东东山中学2025,7,1
广东东莞8上物理,3,1
广东东莞高三九月份,1,1
广东东莞高三开学考,4,1
广东中山大湾区2026届高三模拟测试 二 英语,2,1
广东中考2025,1,1
广东中考2026历史,2,1
广东中考2026数学,2,1
广东中考2026物理,2,1
广东中考2026英语,2,1
广东中考2026语文,2,1
广东中考2026道法,2,1
广东中考历史选择题专练,3,1
广东中考数学,5,1
广东中考数学2025,1,1
广东中考数学真题,3,1
广东中考真题,3,1
广东中考真题2026,2,1
广东九上单元卷,4,1
广东九上数学期末,4,1
广东二模,1,1
广东二模英语高三,4,1
广东云浮,1,1
广东五年级上学期阶段检测,6,1
广东五年级下学期升学模考,1,1
广东五年级下学期期中,3,1
广东今年2026年广州市天河区中考数学,2,1
广东会考,1,1
广东佛山,6,1
广东佛山南海区2026高一上数学,5,1
广东佛山市2025-2026学年普通高中教学质量检测（二）高三英语试,2,1
广东佛山市荣山中学,4,1
广东佛山第一中学,1,1
广东光正集团联考,1,1
广东光正集团高中联考,5,1
广东八年级上学期期中,3,1
广东八年级上学期期末,1,1
广东八年级下学期期末,1,1
广东八校联盟,9,1
广东六校联盟高三,4,1
广东六校联盟高三第一次联考,2,1
广东六校联考数学,1,1
广东六校联考第一次数学,1,1
广东初升高开学考,1,1
广东化学,1,1
广东化学新高考真题,4,1
广东化学自招,4,1
广东化学试卷,2,1
广东化学选择 19 大专题汇编,6,1
广东化学高三,25,1
广东化学高考真题,15,1
广东华南师范大学附属中学物理必修三,3,1
广东南山二模,21,1
广东历史惠州惠城区25,13,1
广东合格,1,1
广东合格性考试,15,1
广东合格考生物,6,1
广东听说免费真题,14,1
广东听说免费真题音频,3,1
广东听说真题,9,1
广东吴川第三中学初中去年分班考试卷,1,1
广东四校,23,1
广东大湾区10月联考,1,1
广东大湾区高30月联考写作闯入者指导,6,1
广东大湾区高三10月联考写作闯入者指导,3,1
广东学考英语1800词汇清单,5,1
广东完形填空专练,1,1
广东实验中学八上期末卷,4,1
广东师大附中月考,7,1
广东广州2026高三,1,1
广东广州2026高三一模英语,5,1
广东广州华南碧挂园八上,1,1
广东广州华南碧挂园八上期中英语,3,1
广东广州增城期末七上英语,3,1
广东广州市,1,1
广东广州市三校联考 2025~2026学年高一下学期 7月期末考试数学试题,1,1
广东广州市培正,1,1
广东广州市广东实验中学2027届高三上学期开学考预测卷数学试题,1,1
广东广州市越秀区2025 2026学年高一下学期 期期末诊断性调研物理试题,1,1
广东广州市越秀区2025 2026学年高一第一学 期期末诊断性调研物理试题,1,1
广东广州白云期中七上英语,2,1
广东惠城六上数学二单元,5,1
广东惠州一中8年级2026年语文试卷,11,1
广东惠州八上物理测试卷,20,1
广东惠州市2024-2025学年高1下学期数学期末,3,1
广东惠州惠城七上数学试卷,15,1
广东惠州高2上,7,1
广东惠州高2上第一次月考,2,1
广东惠州高2上第一次月考第8中学,1,1
广东揭阳市2025—2026学年高二下学期期末教学质量测试地理试题,1,1
广东数学中考二模,7,1
广东数学信息卷,8,1
广东春季高考,14,1
广东春季高考数学,1,1
广东春季高考数学2027,55,1
广东春季高考英语,4,1
广东春考,4,1
广东春考数学,2,1
广东月考,7,1
广东梅县东山中学九月月考,9,1
广东汕头七下数学期末,1,1
广东汕头七下数学期末金平,1,1
广东汕头市潮南区2026高二下期末,1,1
广东汕尾数学中考,3,1
广东汕尾高一下册化学统考期末,3,1
广东汕尾高一下册数学统考期末,4,1
广东汕尾高一下册物理统考期末,3,1
广东汕尾高一下册生物统考期末,2,1
广东汕尾高一下册英语统考期末,2,1
广东江门,8,1
广东江门中考,3,1
广东江门市第一中学,9,1
广东江门高三一模语文,1,1
广东河源高一联考,4,1
广东深切市龙岗,5,1
广东深圳,2,1
广东深圳中学,1,1
广东深圳北师大附中小升初语，数，英入学考试卷,1,1
广东深圳实验学校等校2025-2026学年第二学期期末 初二年级英语试卷,3,1
广东深圳市光明区2025-2026学年八年级下学期期末语文学业水平调研测试,3,1
广东深圳高三一模考,13,1
广东深圳高三二模考,2,1
广东深圳龙岗区2026高中期末化学,5,1
广东清远市2025～2026学年第二学期高二年级供题训练日语试卷,3,1
广东湖南省24年高考生物电子版,6,1
广东湛江8年级分式方程,12,1
广东湛江8年级分式方程专题卷,3,1
广东湛江一中,5,1
广东湛江市高三下学期二模历史试题2026届,5,1
广东湛江开发区东山中学,4,1
广东湛江第一次月考,3,1
广东湛江高一第二学期数学期末,6,1
广东湛江高二,7,1
广东物理一轮,1,1
广东物理中考,10,1
广东物理必修三,17,1
广东物理高考答题卡,1,1
广东珠海文园,3,1
广东珠海横琴七下英语期末,3,1
广东生物,1,1
广东生物上学期月考卷高一,2,1
广东生物上学期月考卷高一11月,1,1
广东电白区三年级英语卷,3,1
广东省,1,1
广东省 2026 高中学业水平合格性考试,4,1
广东省 鱼窝头 旭升学校,2,1
广东省2024~2025学年高三上学期8月联考试卷,3,1
广东省2024年英语中考题,4,1
广东省2025中考数学试卷,4,1
广东省2026届高三上学期综合能力测试一,2,1
广东省2026年中考数学真题,5,1
广东省2026物理,9,1
广东省2026第二届高一合格考试卷,2,1
广东省2026高一合格考试卷,2,1
广东省2026高三综合,1,1
广东省2026高三综合能力,8,1
广东省2026高考适应,1,1
广东省2026高考适应考试英语试题,4,1
广东省一模卷,11,1
广东省东莞市中考,1,1
广东省中山,4,1
广东省中山市2027届,4,1
广东省中山市小榄中学物理卷,3,1
广东省中山市横栏镇七年级期末,1,1
广东省中山市烟洲中学化学,4,1
广东省中考英语试题,1,1
广东省九年级上册禾学二,1,1
广东省人教材新教材，初中英语中考2500个词汇大全。,7,1
广东省佛山市,8,1
广东省佛山市2025—2026学年普通高中教学质量检测一,9,1
广东省佛山市2026,7,1
广东省佛山市25~26学年上进联考9月联考试题,5,1
广东省佛山市25~26学年高三上学期9月联考试题,9,1
广东省佛山市开学模拟卷,2,1
广东省佛山市物理月考试卷,5,1
广东省佛山市禅城区7年级下册期末数学考试,1,1
广东省佛山市禅城区8年级上册物理期末卷,1,1
广东省佛山市高一物理,1,1
广东省佛山第一中学数学一模,1,1
广东省八年级上册物理竞赛梅州,4,1
广东省兴宁市第一中学,4,1
广东省兴宁市第一中学2024 2025学年高一上学期开学考,1,1
广东省兴宁市第一中学2024-2025学年高一上学期开学考,2,1
广东省初中学业水平考试,1,1
广东省化学,6,1
广东省北师大7年级下册单元测试卷,16,1
广东省北师大7年级下册数学考试试卷,3,1
广东省华中附中,1,1
广东省华附联考,1,1
广东省合格性考试试题,7,1
广东省合格性考试试题2026A卷,13,1
广东省合格性考试试题2026历史,44,1
广东省四校联考,5,1
广东省实验中学教育集团2024‑2025学年九年级上学期期中数学试卷,1,1
广东省广州市2023~2024学年高三上学期阶段性训练8月摸底考试是调研考,4,1
广东省广州市2024~2025学年高三上学期8月联考生物试卷,6,1
广东省广州市2025届普通高中毕业班模底考试数学试题,10,1
广东省广州市2026高三一模英语,1,1
广东省广州市2026高三质量检测英语,1,1
广东省广州市南沙区2024‑2025学年九年级上学期期中数学试卷,2,1
广东省广州市南沙区2026高一期末化学考试卷,2,1
广东省广州市南沙执信中学2024-2025 学年九年级上学期期中数学考试试卷,3,1
广东省广州市天河区一模,10,1
广东省广州市市一模,4,1
广东省广州市执信中学2024-2025 学年九年级上学期期中数学考试试卷,2,1
广东省广州市执信中学高一上开学考数学试卷,2,1
广东省广州市执行中学高一上开学考数学试卷,1,1
广东省广州市普通高中毕业班综合测试,13,1
广东省广州市普通高中毕业班综合测试（一）,10,1
广东省广州市海珠区中山大学附属中学2025‑2026学年初二期中考英语试卷,3,1
广东省广州市省实二中执信广雅六中,4,1
广东省广州市荔湾区广东广雅中学2025-2026学年第一学期高一年级期末考试,4,1
广东省惠城区初一开学考,1,1
广东省惠城区开学考,1,1
广东省惠城区第五中学初一上学期开学考,7,1
广东省惠州一中8年级2026年英语试卷,4,1
广东省惠州市2022年高一期末考试英语科目,1,1
广东省惠州市惠阳区7年级上册开学试卷,1,1
广东省惠州市惠阳区7年级上册试卷,1,1
广东省惠州市惠阳区7年级金澳上册开学试卷,6,1
广东省惠州市惠阳区八下数学试卷,1,1
广东省惠州市高一上学期期末物理,3,1
广东省惠州市高一下学期期末物理,11,1
广东省揭阳市2025‑2026学年高二下学期期末教学质量测试 地理试题,1,1
广东省揭阳市普宁市小升初试卷,9,1
广东省揭阳市榕城,3,1
广东省揭阳市榕城4年级下册期末2026语文,1,1
广东省数学,4,1
广东省新高考一卷,4,1
广东省月考,2,1
广东省梅州市 同福小学,7,1
广东省汕头市和平区,1,1
广东省汕头市潮阳区,1,1
广东省汕头市潮阳区数学初二,6,1
广东省汕头市潮阳区铭星,10,1
广东省汕头市潮阳区铭星小升初,4,1
广东省汕头市潮阳实验学校,9,1
广东省汕头市金平区月考,23,1
广东省汕头市龙湖区初二上册期末考试,6,1
广东省汕尾市2023-2024学年八年级下学期期末考试物理试题,10,1
广东省汕尾市一模语文,1,1
广东省汕尾市澎湃中学,5,1
广东省江门市中考卷,1,1
广东省河源市,1,1
广东省河源市碧桂园初中部,1,1
广东省河源市紫金中学,1,1
广东省深圳中学2025～2026年九年级上册数学期末试卷,1,1
广东省深圳市 2025 至 2026 高三英语试卷,4,1
广东省深圳市2024～2025年九年级上册化学期中试卷,2,1
广东省深圳市2024～2025年九年级上册化学期末试卷,6,1
广东省深圳市2024～2025年九年级上册物理期末试卷,1,1
广东省深圳市2025~2026初二下语文试卷。,1,1
广东省深圳市2025至2026高三数学试卷,2,1
广东省深圳市2025～2026年九年级上册化学期中试卷,1,1
广东省深圳市2025～2026年九年级上册数学期中试卷,10,1
广东省深圳市2025～2026年九年级上册数学期末试卷,19,1
广东省深圳市2025～2026年九年级上册物理期末试卷,1,1
广东省深圳市2025～2026年九年级上册语文期中试卷,36,1
广东省深圳市2025～2026年九年级上册语文期末试卷,4,1
广东省深圳市2026-2027学年高三数学上学期开学模拟卷,7,1
广东省深圳市光明区2025—2026学年第二学期学业水平调研测试八年级数学期末试卷,2,1
广东省深圳市南山区2024～2025年九年级上册物理期末试卷,5,1
广东省深圳市南山区高三开学考化学,3,1
广东省深圳市宝安区新安中学（集团）,9,1
广东省深圳市宝安区新安中学（集团）2024-2025学年八年级上学期期中考试数学试卷(无答案),1,1
广东省深圳市深圳中学2025～2026年九年级上册数学期末试卷,2,1
广东省深圳市罗湖区2024~2025年五年五年级数学练习英语下册,3,1
广东省深圳市聚龙科学中学等校2026届高三上学期10月阶段联考（一模）数学试题,2,1
广东省深圳市龙岗区2025~2026学年第二学期高一期末质量检测,1,1
广东省清远市期末九上,3,1
广东省清远市期末九上历史,1,1
广东省清远市期末八下道法,1,1
广东省湛江市,5,1
广东省湛江市化学,5,1
广东省湛江市霞山区,6,1
广东省潮州市九年级上册期末,16,1
广东省潮州市潮安区开学考,24,1
广东省物理,1,1
广东省物理信息卷,1,1
广东省物理金卷高三,6,1
广东省珠海市九年级上册禾学二,1,1
广东省珠海市香洲区九上数学,10,1
广东省生地会考,6,1
广东省生物,3,1
广东省生物期中,3,1
广东省生物期中调研,2,1
广东省白塔高级中学,1,1
广东省肇庆市封开县2025 2026 02 八年级下期末,3,1
广东省肇庆市封开县2026年八年级模拟考试地理,3,1
广东省茂名市中考语文,3,1
广东省高三模考卷,6,1
广东第二次合格考试2026年,5,1
广东罗定,32,1
广东罗定两塘镇,4,1
广东联考,1,1
广东肇庆中学,2,1
广东英语中考听说发音易错总结,1,1
广东英语听说发音易错总结,1,1
广东英语语法选择,7,1
广东茂名3年级,3,1
广东茂名3年级英语,6,1
广东茂名8年级上册数学期中试卷,4,1
广东韶关南雄2025一2026七年级人教数学第二学期末统考卷,3,1
广东韶关南雄2025一2026初一数学期末考试卷,2,1
广东韶关高二数学,3,1
广东领航高中联盟,23,1
广东高一上册物理第三次月考,20,1
广东高一上学期期末,1,1
广东高一上学期阶段检测,4,1
广东高一下学期学考,5,1
广东高一下学期物理期中,16,1
广东高一下英语试卷,3,1
广东高一开学考试语文,3,1
广东高一期末数学,12,1
广东高一第一次段考龙川一中,2,1
广东高三,4,1
广东高三下学期期末,2,1
广东高三下学期阶段检测,2,1
广东高三八月调研,30,1
广东高三综合,1,1
广东高三语文试卷,7,1
广东高二上学期学考,3,1
广东高二上学期期中,1,1
广东高二上学期期末,2,1
广东高二上学期第一次月考,11,1
广东高二上学期第一次月考数学,8,1
广东高二下学期期末,4,1
广东高考2010年,2,1
广东高考卷含答题卡,7,1
广东高考地理真题2026年,6,1
广东高考地理试卷,3,1
广东高考数学试卷2026,3,1
广东高考满分作文,3,1
广东高考物理一轮复习2027,4,1
广东高考物理免费,1,1
广东高考英语,3,1
广东高考英语听说,6,1
广东高考语文,4,1
广东鹤山小学三年级期末考试,3,1
广东龙岗,20,1
广二模,3,1
广信中学,6,1
广元中学,1,1
广元市 数学,6,1
广元市2026年春季5年级英语义务教育阶段学生学业水平监测,3,1
广元市初升高入学考试试卷,4,1
广元市场2026年春季5年级英语义务教育阶段学生学业水平监测,7,1
广元市高一期末考试,3,1
广元高一期末下,9,1
广全学校,2,1
广大附中,1,1
广大附中九年级大联盟试卷,25,1
广安,7,1
广安 2诊,1,1
广安2025高一春季期末测试,7,1
广安二中开学考,2,1
广安友实学校,2,1
广安友实学校2025~2026学年,1,1
广安友实学校2025~2026学年初一下册期末试题,1,1
广安友实学校七年级下学期期末考试试题,5,1
广安友谊,1,1
广安友谊中学,1,1
广安岳池中学八年级上册语文开学测试,6,1
广安岳池中学八年级上册语文第一次月考,3,1
广安第二中学开学考,7,1
广州2020地理高二期末,9,1
广州2025八上历史期末考,8,1
广州2026中考,3,1
广州2026八下期末真卷,3,1
广州2026八下海珠区,1,1
广州2026地理卷,3,1
广州2026届高三12月调研政治,5,1
广州2026高一,5,1
广州2026高一上册,6,1
广州2026高二上册圆锥,1,1
广州8月摸底,2,1
广州8月调研考,9,1
广州一模英语,3,1
广州七下期末生物,2,1
广州七下期末语文,2,1
广州三校,4,1
广州中学高二上,6,1
广州中山大学附属中学,2,1
广州中考2025,9,1
广州中考2026,3,1
广州中考2026试卷,1,1
广州中考2028,1,1
广州九上,3,1
广州九年级物理期中,10,1
广州九年级物理期末,13,1
广州二中2025学年第二学期期末考试物理,1,1
广州二模英语,3,1
广州五校联考,1,1
广州五校联考高三,1,1
广州八上期末,1,1
广州八上语文期末考试,10,1
广州八下期末历史,1,1
广州八下期末道法,3,1
广州八区联考高一下学期,2,1
广州八十六中,3,1
广州八年级上学期期中数学,4,1
广州六十五中,1,1
广州分班测,4,1
广州初三期中考试物理卷子,2,1
广州华师附中自招考试试卷,3,1
广州华成理工职业技术学院,1,1
广州华美英语实验学校,3,1
广州华美英语实验学校分班测,3,1
广州华美英语实验学校数学,1,1
广州南沙期末数学,23,1
广州名徳,1,1
广州名校期末真题卷（七年级上册）,1,1
广州增城八上期末考试,1,1
广州增城八上期末考试数学,3,1
广州大塘中学,6,1
广州大学附属中学,4,1
广州大学附属中学九年级开学考,2,1
广州大学附属中学八下,1,1
广州大学附属中学开学考,7,1
广州天河九上英语期末考,2,1
广州天河区。统考,1,1
广州天河区。高三,1,1
广州天河区一模,5,1
广州市从化区,6,1
广州市八年级生物会考真题试卷,1,1
广州市南沙数学,5,1
广州市南沙数学0模,4,1
广州市南沙高,1,1
广州市名徳实验,1,1
广州市增城区一年级数学试卷,3,1
广州市天河区8年级上册数学期末考试真题,2,1
广州市天河区七年级下册英语期末试卷,4,1
广州市天河区七年级数学上册一二单元试检测,8,1
广州市天河区二年级语文下册期末考试检测,9,1
广州市天河区五年级数学下册期末考试检测,2,1
广州市天河区区一模化学考试,3,1
广州市市调研,10,1
广州市广雅中学高一10月月考物理卷,4,1
广州市执信小学四下数学单元卷,10,1
广州市数学,5,1
广州市海珠区2023-2024年南武中学高一年级上学期10月月考物理,1,1
广州市海珠区2023-2024年南武中学高一年级上学期10月月考物理试题,3,1
广州市海珠区2023-2024年南武中学高一年级上学期第一次月考物理,1,1
广州市海珠区2023-2024年南武高一年级上学期第一次月考物理,1,1
广州市海珠区2023年南武高一年级上学期第一次月考物理,1,1
广州市海珠区2023年南武高一年级上学期第一次月考物理质量检测,2,1
广州市海珠区2024-2025年南武中学高一年级上学期10月月考物理试题,2,1
广州市海珠区2024年南武高一年级上学期第一次月考物理质量检测,1,1
广州市海珠区2025年南武中学岭南画派高一年级上学期第一次月考物理质量检测,1,1
广州市海珠区2025年南武中学岭画高一年级上学期第一次月考物理质量检测,1,1
广州市海珠区2025年南武中学高一年级上学期第一次月考物理质量检测,5,1
广州市海珠区2025年南武岭南画派高一年级上学期第一次月考物理质量检测,1,1
广州市海珠区2025年岭南画派高一年级上学期第一次月考物理质量检测,2,1
广州市海珠区2026年南武中学高一年级上学期第一次月考物理质量检测,1,1
广州市海珠区2026年高一年级上学期第一次期末物理质量检测,1,1
广州市海珠区广雅中学高一10月月考物理卷,1,1
广州市白云区65中桃园校区,5,1
广州市真光中学,4,1
广州市第七中学,3,1
广州市花都区六年级期末数学,6,1
广州市花都区期末,1,1
广州市花都区期末七年级,1,1
广州市花都区高一下学期期末物理考试,1,1
广州市英语中考2026真题,2,1
广州市荔湾2026语文八上期末考,7,1
广州市荔湾区24-25语文期末,1,1
广州市荔湾区24-25语文期末八上,10,1
广州市荔湾区25-26英语期末八上,1,1
广州市荔湾区25-26语文期末八上,7,1
广州市荔湾区第四中学,1,1
广州市西关外国语,2,1
广州市语文八上期末考,4,1
广州市铁一中学初三开学,4,1
广州市高一上学期期末物理考试,3,1
广州市高一下学期期末物理考试,5,1
广州市高一期,1,1
广州市黄埔区八年级上册数学期末考试真题,5,1
广州市黄埔区八年级上册语文期末考试真题,2,1
广州开学考,2,1
广州开学调研考,5,1
广州执信小学四下单元卷,1,1
广州执信小学四下数学单元卷,2,1
广州教科版,1,1
广州教科版六上,2,1
广州教科版英语六上,3,1
广州明德,1,1
广州海珠九上英语期末考,3,1
广州海珠九下英语期末考,1,1
广州海珠八上历史期末考,2,1
广州海珠区八上物理,4,1
广州海珠我,1,1
广州物理一模,12,1
广州物理中考,2,1
广州物理中考一模,6,1
广州物理期中,8,1
广州省实,7,1
广州花都区七年级开学考,2,1
广州英语,1,1
广州荔湾2026八上历史期末考,7,1
广州荔湾2826八上历史期末考,1,1
广州荔湾八上历史期末考,1,1
广州解三角形,3,1
广州语文现代文阅读八年级第一次月考,4,1
广州调研考,1,1
广州越秀区 七年级上册数学 有理数单元卷,4,1
广州越秀各区七下语文期末考,1,1
广州道法,17,1
广州钦州市,4,1
广州零模数学,2,1
广州零模数学高考,2,1
广州高一下期末,3,1
广州高一下期末2026,8,1
广州高一下期末八区联考英语,5,1
广州高三一模英语,1,1
广州高三八月市调研考,1,1
广州高二上65中,1,1
广州高二上生物10月,1,1
广州高二上生物65中,8,1
广州高二上生物海珠区,1,1
广州高二开学考,6,1
广州高考数学模拟2026,1,1
广州黄埔初二数学期末,1,1
广州黄埔初二数学期末广附,1,1
广州黄埔广附实验学校,1,1
广州黄埔广附实验学校八年级,1,1
广德,2,1
广水市,1,1
广汉中学,5,1
广河中学,4,1
广海中学,1,1
广海中学八年级上册第一次月考考卷,1,1
广渠门,2,1
广西2023高考历史,1,1
广西2025年高中联赛数学,4,1
广西2025年高考英语真题,1,1
广西2025高考历史,2,1
广西2026高考历史,5,1
广西2026高考数学,1,1
广西26秋历史新课程配套试卷电子版,4,1
广西七年级下册语文期中试题,8,1
广西三年級下册,3,1
广西三年級下册数学2024到2025试卷,1,1
广西三年级上学期期中,7,1
广西三美学校八年级上学期期中,4,1
广西中考,3,1
广西中考数学分类汇编,7,1
广西中考数学真题分类汇编,1,1
广西中考生物,1,1
广西中考真题,7,1
广西中职,1,1
广西中职语文,7,1
广西九年级上册数学期末,1,1
广西九年级名校课堂物理答案,3,1
广西二年级上学期期末,13,1
广西二年级上学期阶段检测,2,1
广西二年级下学期悟州岑溪市古兰小学,2,1
广西二年级下学期阶段检测,1,1
广西人教版204到2025三年级数学,3,1
广西八市联考,3,1
广西八年级下学期期末,2,1
广西六年级下学期升学模考,9,1
广西北流中学等校2026届高三下学期5月诊断政治试题（玉林5月三模）选择题1‑15完整答案+解析,3,1
广西北部湾高级中学,5,1
广西单招职业适应性测试模拟卷,2,1
广西南宁初中三美学校八年级上学期期中,2,1
广西南宁天桃九年级化学,2,1
广西南宁天桃九年级物理,1,1
广西南宁市天桃实验学校2025-2026学年下学期八年级期末质量检测语文试题（八年级下册期末语文试卷）,3,1
广西南宁市天桃实验学校2025-2026学年下学期八年级期末道德与法治试卷,1,1
广西地生中考,1,1
广西大学附属中学分班,5,1
广西学考,4,1
广西学考信息技术,6,1
广西学考卷,9,1
广西宾阳中学2026,1,1
广西师范大学考研,2,1
广西师范大学附属中学,2,1
广西开学考,1,1
广西报纸试卷,1,1
广西接班人教育,7,1
广西智桂大联考,6,1
广西智桂大联考数学,2,1
广西柳州三江中学联考高一下期末数学试卷,1,1
广西桂林高二上开学考,3,1
广西桂林高二上开学考物理,2,1
广西梧州,3,1
广西梧州三月联考,1,1
广西横州七下数学,6,1
广西横州八上,5,1
广西横州八上数学,14,1
广西横州八上数学期中,1,1
广西横州八上期中数学,12,1
广西横州八上英语 期中,3,1
广西河池市都安瑶族自治县2025-2026学年八年级下学期阶段学情教情调研英语试卷,8,1
广西物理,1,1
广西物理预赛,3,1
广西玉林市九年级上册数学期末,1,1
广西玉林市兴业县,1,1
广西玉林市兴业县2025-2026学年统编版2016六年级下学期期末检测数学,10,1
广西玉林市兴业县2025-2026学年统编版2016六年级下学期期末检测数学试题,6,1
广西玉林期末,3,1
广西玉林高一下期末,17,1
广西玉林高一下期末化学,2,1
广西省河池市罗城县2025年秋季学期期末学业质量监测七年级英语,12,1
广西英语开学考,1,1
广西英语高三开学考,1,1
广西语文学考卷,6,1
广西贵港高一下学期地理政治2026,3,1
广西贵港高一下学期期末历史,3,1
广西贵港高一下学期期末历史2026,5,1
广西贵港高一下学期期末政治2026,3,1
广西贵港高一下学期语文2026,4,1
广西邕衡联考,5,1
广西金太阳,4,1
广西金太阳2026届高三8月开学考 ）,10,1
广西金太阳2026届高三8月开学考试卷,17,1
广西钦州市2024年高二数学,4,1
广西钦州市2024年高二物理,1,1
广西钦州市2024年高二英语,4,1
广西钦州市2025-2026学年春季学期高二期末教学质量监测政治试卷,5,1
广西钦州市2026年化学春期期末测试卷,1,1
广西钦州市2026年高二化学,3,1
广西钦州市2026年高二物理,2,1
广西钦州市2026年高二语文,2,1
广西钦州高二期末,10,1
广西钦州高二期末数学,1,1
广西预赛,4,1
广西高一下学期阶段检测,2,1
广西高三,27,1
广西高三上学期阶段检测,3,1
广西高三开学考,2,1
广西高二期末,1,1
广西高二期末2026化学,16,1
广西高二期末2026钦州化学,1,1
广西高二期末下2023钦州化学,7,1
广西高二期末下2024钦州化学,4,1
广西高二期末下2025,1,1
广西高二期末下2025钦州化学,3,1
广西高二期末下2026钦,24,1
广西高二期末下2026钦州化学,1,1
广西高二期末数学,20,1
广西高二期末数学下,25,1
广西高二期末数学下2024,3,1
广西高二期末数学下2026,3,1
广西高二期末数学下2026钦,2,1
广西高二期末数学下2026钦州,13,1
广西高考,1,1
广西高考2026地理,1,1
广西高考化学,1,1
广西高考化学2026,3,1
广西高考化学真题,6,1
广西高考真题,5,1
广赋,3,1
广铁一中,3,1
广附九年级大联盟试卷,1,1
广陵,4,1
广雅,11,1
广雅中学高一10月月考物理卷,1,1
广雅高一期末,3,1
广饶,1,1
庄子 二则,5,1
庄河市第二高级中学,2,1
庄河高中,3,1
庄浪一中2026年高一新生入学监测考试试题,1,1
庄浪县2026年质量监测试卷,4,1
庄浪县第一中学,5,1
庄浪县第四中学2025新高一开学分班考试卷,3,1
庄浪县第四中学2025新高一开学分班考试卷英语,4,1
庄浪县第四中学2025新高一开学分班考试卷语文,11,1
庄浪县第四中学2026新高一开学分班考试卷,1,1
庄边中学题目,5,1
庆云六年级,1,1
庐江三中,3,1
庐江中学,4,1
庐江县,1,1
庐江县高二,4,1
庐江期末考试高一下学期,13,1
庐江期末考试高一下数学,1,1
庐阳中学八上,1,1
庐阳区,14,1
庐阳区八年级数学,1,1
庐阳区八年级数学上册期中,1,1
庐阳区期中,4,1
库仑定律,1,1
库伦定律 四川,1,1
库伦定律 教科版,6,1
库尔勒,5,1
库车,7,1
库车市三中,1,1
应城,3,1
应用文三段式素材,3,1
应用文范文,4,1
应用物理竞赛,7,1
应用题一年级,1,1
应用题专项,8,1
庭妇女法律,3,1
康一中,5,1
康德 2025重庆高一下期末,1,1
康德 2025重庆高二下期末,1,1
康德 2026重庆高二上期末数学,3,1
康德卷高二上,3,1
康德卷高二上物理,2,1
康杰,3,1
廉江 小升初入学摸底试卷,5,1
廊坊,1,1
廊坊一中,1,1
廊坊小升初,3,1
廊坊小升初分班考,1,1
廊坊小升初英语考试,2,1
廊坊市四上期末卷,1,1
廊坊市固安县四上期末卷,1,1
廊坊市固安县四上期末数学卷,5,1
廊坊市固安县四下期末数学卷,4,1
廊坊市固安县新初一分班考试卷,3,1
廊坊市固安县新初一分班考语数英试卷,1,1
廊坊市第一中学,2,1
廊坊市第六中学,6,1
廊坊市育人学校,27,1
廊坊市育人小学二模难度,49,1
廊坊生物中考一模,6,1
延二,1,1
延吉市一中,2,1
延吉市四中,1,1
延安2026,17,1
延安市新区第一中学,2,1
延平,5,1
延平第三中学,3,1
延平第三中学七年级,1,1
延平第三中学七年级入学考,1,1
延津县玉成中学,3,1
延津县玉成中学分班考试,8,1
延边二中,9,1
延边二中2025~2026学年度期中高一物理,3,1
延边二中英语学科核心素养竞赛,4,1
延边州2025—2026学年度上学期高三9月期初考试 卷,4,1
延边州高三开学考2023-2024,1,1
延边朝鲜族自治州2024-2025高三零模数学,12,1
延边朝鲜族自治州2024-2025高三零模物理,1,1
延边朝鲜族高三数学2026,1,1
延边朝鲜族高三数学2026一模,9,1
建三江一中,3,1
建兰中学,11,1
建宁实验中学,4,1
建平中学,6,1
建平县初三物理期中考卷,6,1
建平县实验中学,7,1
建昌县,1,1
建模破模,11,1
建湖县高级中学高一上学期,5,1
建立函数模型解决实际问题,1,1
建系,2,1
建议信,1,1
建设法治中国,2,1
建邺 调研,5,1
建邺期末,10,1
建阳一中,5,1
建阳一中入学考试,2,1
开,1,1
开侨中学,8,1
开元,1,1
开原,12,1
开原高中,7,1
开县,1,1
开发区2025小升初,2,1
开发区2025小升初免费,2,1
开学 2026 开学第一英语课,1,1
开学 2026 开学第一英语课PPT,1,1
开学 第一课,1,1
开学二中,5,1
开学分班,5,1
开学分班考 高一上册株洲,10,1
开学分班考 高一株洲,2,1
开学分班考 高一麓山国际学校,1,1
开学分班考 高一麓山国际昌济学校,9,1
开学分班考初一,4,1
开学卷,9,1
开学季,1,1
开学摸底全国通用02,1,1
开学摸底卷 （江西南昌专用）2026-2027学年 人教版 七年级英语上册,3,1
开学摸底卷 （福建南平专用）2026-2027学年 仁爱科普版七年级英语上册,4,1
开学摸底卷(全国通用02),4,1
开学摸底考试高三,10,1
开学收心测,13,1
开学检测,8,1
开学河北九年级上,15,1
开学测深圳实验,1,1
开学测试新高一,1,1
开学第一中学,1,1
开学第一课,1,1
开学考 分班考 高一上邵阳,6,1
开学考 分班考 高一湖南英语,1,1
开学考 分班考 高一湖南英语长沙市,1,1
开学考 分班考 高一湖南英语长沙市南雅,1,1
开学考 分班考 高一湖南英语长沙市雅礼中学,3,1
开学考 分班考 高一青岛市莱西市,3,1
开学考 初中部,2,1
开学考 巴蜀,2,1
开学考 深中,38,1
开学考2025 2026,38,1
开学考9月,3,1
开学考九年级上,3,1
开学考九年级上河北,4,1
开学考五中,1,1
开学考五四制,10,1
开学考分班考长郡,1,1
开学考分班考长郡中学,3,1
开学考初三上学期,6,1
开学考初三北京三十五,1,1
开学考初二,33,1
开学考化学试卷,1,1
开学考化学高二,1,1
开学考强基联盟,1,1
开学考暑假高二上学期,15,1
开学考浙江,9,1
开学考浙江高二上,11,1
开学考物理试卷,3,1
开学考物理高二,1,1
开学考物理高二必修1至11章,1,1
开学考生物,6,1
开学考福田外国语学校,3,1
开学考肥东县,9,1
开学考试卷高一上学期英语,4,1
开学考试卷高一直升班,1,1
开学考试山西,1,1
开学考试山西收心,2,1
开学考试山西联盟,1,1
开学考试成绩,2,1
开学考试题,1,1
开学考试高一,3,1
开学考试高二上,31,1
开学考高一上册,5,1
开学考高一下,3,1
开学考高一数学,3,1
开学考高三上安徽,7,1
开学考高三上济南,6,1
开学考高三广东,10,1
开学考高三广东免费,2,1
开学考高三数,2,1
开学考高三数学,8,1
开学考高三炎德,1,1
开学考高三聊城,3,1
开学考高二上,11,1
开学考高二上学期数学,1,1
开学考高二上学期物理,4,1
开学考高二上山大附,13,1
开学考高二上山大附化学,3,1
开学考高二上山大附数学,8,1
开学考高二物理,3,1
开学考高二物理龙东地区物理,1,1
开学考高二省实验数学,2,1
开学试卷,17,1
开学试卷数学,8,1
开学调研,3,1
开学高二,1,1
开封一模,2,1
开封今明初一分班考,1,1
开封分班,1,1
开封初中分班,4,1
开封市25,1,1
开封市中考卷,3,1
开封市五县联考,8,1
开封市初中部开学考,3,1
开封市祥符高级中学,7,1
开封市祥符高级中学高三,5,1
开封市祥符高级中学高三上学期开学考,2,1
开封市祥符高级中学，高三开学考,6,1
开封市第二十五中学,2,1
开封市高中,3,1
开封武校2025~2026学年上学期期中联考高一物理,6,1
开封立洋,1,1
开封金明,1,1
开封金明中学分班考,1,1
开封金明初一分班考,4,1
开封高中,2,1
开封高中黄河路校区初中部 新初一分班考,3,1
开州区2025 2026学年度下7年级期末质量监测数学试题,3,1
开州区2025 2026学年度下7年级期末质量监测语文试题,2,1
开州德阳中学,1,1
开平市第一中学,13,1
开心,1,1
开心教辅图书,5,1
开心活页阅读,4,1
开江中学,1,1
开江第二中学,1,1
开滦一中,11,1
开门考试卷,5,1
开门考试卷福州九年级上9月份,5,1
开鲁一中,4,1
弋江区,8,1
弋阳县第一中学,1,1
弘毅高级中学开学考试,2,1
弘玉,1,1
弘益,7,1
张家口一中,7,1
张家口一中 高二,1,1
张家口一中 高二上学期,1,1
张家口一中 高二上学期 数学,15,1
张家口一中 高二上学期月考 数学,3,1
张家口一中高 二 0 026 高二上学期月考 数学,1,1
张家口中学高二数学上学期第二次月考,13,1
张家口二模物理,3,1
张家口启臻数学,1,1
张家口启臻数学高二,2,1
张家口小升初分班模拟卷,1,1
张家口市桥西区七年级,18,1
张家口市桥西区八年级上册,52,1
张家口市桥西区十九中,3,1
张家港市2026届高三上学期十二月阶段性调研,3,1
张家界小升初分班试卷,1,1
张家界永定区,1,1
张家窝中学,19,1
张店七年级上册期末真挺,1,1
张店七年级上册期末真题数学,11,1
张店八中,3,1
张店区2025-2026五年级数学期末试卷,4,1
张店区2025-2026五年级英语期末试卷,2,1
张店区2025-2026五年级语文期末试卷,6,1
张店区九年级,2,1
张店区五年级英语试卷,6,1
张店区八上数学,10,1
张店区八上数学期末,3,1
张店区八上数学重庆路,2,1
张店区四年级英语期末试卷,6,1
张店区第八中学,2,1
张店重庆路小学,1,1
张窝中学高二上第一次月考地理,11,1
张范中学八年级暑假作业,3,1
张范中学暑假作业,13,1
弦长公式,3,1
弱电解质的电离平衡,2,1
弹力,7,1
弹力平衡图特殊情况练习,11,1
弹力画图,1,1
弹力画图題,1,1
弹簧必修一,1,1
弹簧滑块,3,1
弹簧相撞,5,1
弹簧端点位移,1,1
弹簧练习题,1,1
强基卷数学,3,1
强基卷数学成都,8,1
强基数学,3,1
强基班高二上物理,5,1
强基班高二上物理必修三,5,1
强基真题,1,1
强基联盟2025 2026,3,1
强基联盟2025 2026高三上学期10,1,1
强基英语,1,1
强基计划 英语,4,1
强基计划化学,4,1
强基计划化学回忆版试题,2,1
强基计划化学试题,1,1
强基计划数学,2,1
强基计划数学备考系列讲座,1,1
强基计划数学试题,1,1
强基，2026学年高三五月二模思想政治试题,1,1
强壮的英语,1,1
强调句,4,1
强调句型,1,1
归因分析,2,1
归因分析 江苏专用,2,1
归园田居,4,1
归园田居理解性默写突破三关,3,1
当代国际政治与经济期末复习综合模拟试卷,4,1
当涂一中,3,1
彝海中学,2,1
形容词做状语,1,1
形容词比较级,3,1
形式主语,1,1
形式主语练习题,1,1
形成测试,3,1
彩虹中学,1,1
彭山一中,1,1
彭山一中26届九月入学考,1,1
彭山一中26届九月入学考化学,4,1
彭山一中九月入学考,1,1
彭山一中二六届高三上学期九月入学考试化学试题,2,1
彭程杯直题,4,1
彰州2026年高三开学考,3,1
很少的语文卷子,2,1
徐区区初三物理一模2026,1,1
徐州2025~2026第二学期第二次检测,2,1
徐州2026中考卷,16,1
徐州23年中考语文题目,1,1
徐州一中中学高一上10月数学月考,3,1
徐州一中中学高一上10月月考,2,1
徐州七年级英语期末,54,1
徐州三中,4,1
徐州中学,4,1
徐州中考2026,1,1
徐州九上物理期末考,8,1
徐州九年级上期英语,1,1
徐州八上历史月考,3,1
徐州八上历史期中,1,1
徐州八上数学第一次月考,13,1
徐州八上英语第一次月考,10,1
徐州八中,1,1
徐州地理中考,3,1
徐州小升初,1,1
徐州市2024年四大民办校一分班卷,2,1
徐州市2025 2026学年度 高三二模,1,1
徐州市2025 2026学年度 高三二模化学,1,1
徐州市2025 2026学年度第二学期期末抽测高二年级英语试题,1,1
徐州市2025～2026学年度第二学期期末抽测高二年级英语试题,1,1
徐州市2926念期末娟,1,1
徐州市31中小升初分班考试卷英语真题,6,1
徐州市9年级上册历史期中试卷,12,1
徐州市三十一中学小升初分班试卷,2,1
徐州市三十七中学高一上学期第一次月考试卷,5,1
徐州市中考试卷,14,1
徐州市九年级上册数学期末试卷,5,1
徐州市亚东,2,1
徐州市亚东中等职业学校,1,1
徐州市初一开学测试,11,1
徐州市初中开学测试,3,1
徐州市大学路实验学校2024七年级开学测试,10,1
徐州市开学测试,14,1
徐州市沛县八上期中,3,1
徐州市沛县八上期末,10,1
徐州市第三十一中学,1,1
徐州市第三十六中学,2,1
徐州市铜山区郑集高级中学月考,4,1
徐州市高一下二学期学期末英语试卷真题,1,1
徐州市高三开学摸底考试,1,1
徐州找规律真题,4,1
徐州携秀新初一试卷,2,1
徐州撷秀新初一试卷,7,1
徐州树德七上分班考,1,1
徐州沛县,3,1
徐州泉山区,3,1
徐州生物中考,1,1
徐州英语,1,1
徐州英语第一次月考,4,1
徐州贾汪七年级期末英语试卷,17,1
徐州贾汪区2024 2025学年度第一学期期末考试,1,1
徐州铜山区八年级上册历史,1,1
徐州铜山区八年级上册数学,1,1
徐州高一上学期期末,2,1
徐州高一上开学第一次月考试卷,5,1
徐州高一月考试卷数学,2,1
徐州高一期中数学,4,1
徐州高一期中语文,10,1
徐州高一期末语文,1,1
徐州高三期中数学,8,1
徐悲鸿,2,1
徐汇中学,2,1
徐汇区,14,1
徐汇区2026年八年级统考试卷,2,1
徐汇区初三物理一模2026,2,1
徐汇南洋,4,1
徐汇第二中学,1,1
微专题导数新定义,9,1
微专题拓展,2,1
微山一中开学高三授信试卷,3,1
微积分 高中数学,1,1
微积分初步,4,1
微积分初步 大学,2,1
微积分学,1,1
微粒的模型与符号试卷,11,1
微课堂,2,1
德化,4,1
德化一中,6,1
德化县2026年八年级下册英语期末考卷,14,1
德国,6,1
德城区七年级下期末,8,1
德城区三年级语文,4,1
德城区九年级上册期中考试数学,1,1
德城区八年级上期中,5,1
德州 2024 2025 高一 期末数学,9,1
德州 20252026高一期末高一 期末,1,1
德州 20252026高一期末高一 期末数学,3,1
德州 20252026高一期末高一 期末数学上,2,1
德州2025 2026高二期末下学期英语,1,1
德州2025-2026天衢新区初二期末卷子,1,1
德州2026高一数学期末试卷,8,1
德州2026高二期中考试,1,1
德州一中,3,1
德州一中高一,4,1
德州一中高一期末考试生物,7,1
德州一中高二上开学考数学,1,1
德州一模,1,1
德州三模,1,1
德州九月联考,11,1
德州二中,4,1
德州二中自主招生,1,1
德州二中自主招生物理,6,1
德州五中2025-2026九年级上册数学第一次月考,1,1
德州五中2025-2026九年级上册第一次月考,1,1
德州五中九年级上册第一次月考,3,1
德州八年级下册物理期末,4,1
德州同济中学八年级上册数学,6,1
德州夏津,3,1
德州市2025年高三上学期期中化学,11,1
德州市2025开学考试,1,1
德州市2025高三开学考试,18,1
德州市2026年高二下学期英语,4,1
德州市九年级上册物理第一次月考题,1,1
德州市四年级上册数学期中测试卷,1,1
德州市天衢新区2025-2026九年级上册期中物理,1,1
德州市德城区一中高一开学考,3,1
德州市第一中学,2,1
德州市第九中学,4,1
德州市第五中学2025-2026九年级上册期中,1,1
德州市第五中学2025-2026九年级上册期中物理,2,1
德州市第五中学2025-2026九年级上册物理,4,1
德州市第五中学九年级上册期中,1,1
德州市第十中学2025-2026九年级上册期中物理,2,1
德州市经济技术开发区长河小学,6,1
德州市高三上学期地理期中试题,4,1
德州市高三下学期地理期中试题,1,1
德州庆云三年级语文,7,1
德州开学考,9,1
德州开学考高三,20,1
德州德城区四年级上册期末科学卷,2,1
德州期末,21,1
德州武城三年级语文,4,1
德州禹城高一开学考,3,1
德州禹城高三开学考,1,1
德州第九中学,2,1
德州英语期末高二,3,1
德州跃华学校高二开学考,3,1
德州陵县三年级语文,2,1
德州陵城一中高一,6,1
德州陵城一中高一开学考,8,1
德州陵城三年级语文,3,1
德州陵城区2025-2026九年级上学期第一次月考物理,6,1
德州高一上开学考,5,1
德州高一开学考,1,1
德州高一期末化学,2,1
德州高一期末生物,4,1
德州高三开学考统考2025届,10,1
德州高二上期中,16,1
德州高二上期末,9,1
德州高二开学考,3,1
德州高二期末,4,1
德州高二期末化学,2,1
德州高二期末物理,5,1
德州高二英语,5,1
德州齐河2025-2026九年级上学期第一次月考物理,4,1
德强 2025 2026,1,1
德强 初中2025 2026月考,6,1
德强2025-2026物理期中考试,4,1
德强2025-2026高一上物理期中考试,10,1
德强开学测,1,1
德强开学考,1,1
德强开学考试,1,1
德强期中,5,1
德强高一九月,5,1
德强高三上开学考,1,1
德强高二,1,1
德强高二开学考,2,1
德强高级中学,1,1
德恒,1,1
德惠三中,4,1
德惠三中2021至2022学年度第一学期阶段练习七年级数学,11,1
德惠实验中学高一期末,8,1
德普,3,1
德清求是,1,1
德语,2,1
德阳,3,1
德阳2026中考,3,1
德阳一中,1,1
德阳一中九上数学月考,1,1
德阳一中九上数学期中,5,1
德阳七年级上册英语,4,1
德阳中学,1,1
德阳中考,1,1
德阳初一下册英语,2,1
德阳初一英语,4,1
德阳初二上册英语,1,1
德阳初二英语,1,1
德阳外国语,2,1
德阳市2023,1,1
德阳市2026年八年级下册英语试卷,6,1
德阳市第一中学2025年9月数学月考试卷,8,1
德阳市第五中学2025年9月月考试卷,3,1
德阳市高一下期末考试,5,1
德阳市高中2022级第一次诊断考试英语,8,1
德阳英语高二上,1,1
德阳高中二年级下学期期末化学,2,1
徽县,1,1
徽县三中,1,1
徽县第一中学,1,1
徽州一中8年级2026年物理试卷,1,1
心理健康,9,1
必修,1,1
必修 上册 16篇 必背古诗文理解性默写,6,1
必修1unit2重点单词变形词组短语句型练习知识点全覆盖,7,1
必修1函数,2,1
必修1历史,1,1
必修1第一单元,2,1
必修2期末复习,1,1
必修2期末复习生物,5,1
必修—《中国特色社会主义》综合模拟试题,11,1
必修一4单元,5,1
必修一专题,7,1
必修一专题模块好题,1,1
必修一二数学北京期末卷,14,1
必修一全书综合测,7,1
必修一公式背诵,2,1
必修一函数的概念与性质单元卷,4,1
必修一前三章,5,1
必修一前三章知识点,4,1
必修一前三章知识点填空,1,1
必修一化学 离子反应 专题练习,3,1
必修一化学与量有关离子方程式,1,1
必修一化学导学案,1,1
必修一化学少量多量离子方程式,8,1
必修一化学竞赛题,1,1
必修一化学第一章第一节练习卷,3,1
必修一化学第一章试卷,6,1
必修一化学量离子方程式,1,1
必修一单词,1,1
必修一单词人教1-5单元,5,1
必修一单词测试,5,1
必修一单词默写,1,1
必修一单词默写测试,2,1
必修一单词默写表,10,1
必修一受力分析和运动学,1,1
必修一受力分析和运动学习题,13,1
必修一强基数学,3,1
必修一必修三单词测试,1,1
必修一必修二化学实,9,1
必修一必背单词,2,1
必修一政治,1,1
必修一政治第一课选择题,1,1
必修一政治第二课选择题,5,1
必修一政治高三一轮复习,4,1
必修一数学人教版,2,1
必修一数学单元同步试卷,11,1
必修一数学期末,2,1
必修一数学知识框架,5,1
必修一数学第一单元,1,1
必修一数学第一单元吉林,1,1
必修一数学第一单元课件,1,1
必修一数学第一章检测卷,3,1
必修一数学第一章知识梳理,6,1
必修一数学第一章知识难点,4,1
必修一数学重难点手册,11,1
必修一数学集合课件,1,1
必修一期末测试,1,1
必修一物理,3,1
必修一物理 测试卷,9,1
必修一物理强基,3,1
必修一物理强基试卷,6,1
必修一物理第一章,2,1
必修一生物一轮复习,3,1
必修一第二单元,1,1
必修一组成细胞的分子,11,1
必修一英语,1,1
必修一英语第六单元单词知识点,4,1
必修一语文课本,8,1
必修一，必修二选b1345综合测试题。,2,1
必修一，选必二选必三,2,1
必修三 第一章 静电场,1,1
必修三 第一章 静电场河北,4,1
必修三全册基础卷,1,1
必修三全册测试卷 人教数学b版,1,1
必修三全册测试卷 数学b版,8,1
必修三单词表,1,1
必修三历史,1,1
必修三套卷,3,1
必修三政治第四课,22,1
必修三数学,2,1
必修三数学书,2,1
必修三测试卷,24,1
必修三测试卷辽宁,19,1
必修三物理第一章,4,1
必修三第三单元单词,3,1
必修三第三单元物理,1,1
必修三英语单词,1,1
必修三辽宁,4,1
必修上册,1,1
必修上册教材课下注释,2,1
必修上劝学理解性默写,1,1
必修上语文理解性默写,3,1
必修二 期末必备清单,1,1
必修二 第1章思维导图,6,1
必修二 第1章遗传因子的发现 思维导图 精简,4,1
必修二 选修一,1,1
必修二全程设计英语,7,1
必修二全程设计英语人教版,2,1
必修二化学,5,1
必修二化学期末,2,1
必修二化学试题单元卷,2,1
必修二化学陇南,1,1
必修二单词表,4,1
必修二平面向量单元卷,4,1
必修二政治,2,1
必修二政治与经济,2,1
必修二数学,15,1
必修二有机化学,4,1
必修二期末测试卷2022-2023学年高一下学期生物人教版必修2,4,1
必修二期末测试卷高一下学期生物人教版必修2,3,1
必修二每日默写【小青化学】2024-2025学年上学期高一化学必修二（人教版2019）.doc,1,1
必修二物理,5,1
必修二生物期末试卷,4,1
必修二生物第1章,2,1
必修二经济与社会,27,1
必修二经济与社会主观题,5,1
必修二经济图表题,1,1
必修二英语教材,3,1
必修二课件,2,1
必修四政治选择题,3,1
必修第一册 Unit 1 Teenage Life-【衡中学案】2024年新高考英语一轮总复习(人教版),9,1
必修第一册单词,1,1
必修第一册高一英语单词,3,1
必修课下注释回扣精选,1,1
必刷 题 2026 电子版数学,1,1
必刷卷 2026年普通高等学校招生全国统一考试全国二卷,1,1
必刷卷2025年全国高考名校名师联席名制,1,1
必刷小题,1,1
必刷小题2026,1,1
必刷题 8年级上册物理,1,1
必刷题 8年级上册生物,1,1
必刷题九下,1,1
必刷题八上科学浙教,4,1
必刷题八年级物理,1,1
必刷题初三上册第2单元二次函数,3,1
必刷题北师大数学选修一,1,1
必刷题狂K重点单词,7,1
必刷题英语七年级,2,1
必刷题选择题专题,1,1
必备古诗词,10,1
必背公式➕几何模型➕解题技巧,8,1
必背名著知识点,2,1
必背文言文,3,1
必背文言文古诗文,3,1
志·名师测控】贵州专版 八年级下册英语 的单元抓分小卷  《名师测控》练习册，书后面/夹页就是全部「单元抓分小卷」纸质原版 鸿鹄志 名师测控 八年级下册英语 贵州专版 单元抓分小卷,11,1
志丹县毕业,1,1
志达,1,1
志达中学,2,1
志达开学,5,1
志鸿优化训练,3,1
快乐假期考练测,4,1
快乐学习,1,1
快乐教育,1,1
快乐暑假,5,1
念奴娇 过洞庭,2,1
念奴娇赤壁怀古理解性默写突破三关,6,1
念奴娇过洞庭,1,1
忻一中,1,1
忻州市高级中学,1,1
忻州市高级中学校,1,1
忻州第一中学,2,1
怀仁一中高三上学期摸底考试,4,1
怀化八下数学期末,1,1
怀化市宏宇中学新初一入学考试试卷,1,1
怀化市第三中学入学考试,3,1
怀化市第三中学分班考,1,1
怀化市雅礼,1,1
怀化湖天中学,1,1
怀化湖天中学高一分班,4,1
怀文九年级上册,9,1
怀文九年级上月考卷,18,1
怀铁一中,1,1
思想政治,3,1
思想政治知识点,1,1
思政历史教材,1,1
思明区,15,1
思源实验学校,1,1
思維导图,10,1
思维导图化学,8,1
思维导图历史,1,1
思维导图道法,8,1
思维导图（思政必修1）,1,1
思维的图,1,1
思而优 全程突破 八年级物理下册 人教版,1,1
思而优 全程突破 物理,4,1
思而优·全程突破 八年级物理下册,1,1
思而优·全程突破 八年级物理下册 人教版,10,1
思而优·全程突破 八年级物理下册 人教版2024,1,1
思辨政治资料库,1,1
怡海中学,1,1
性质判断,4,1
总复习手册,1,1
总复习手册高三,3,1
恒一中学,1,1
恒定加速度启动,1,1
恒定电流专题中难题,14,1
恒定电流，必修三,6,1
恒成立 存在性问题,7,1
恒盛,1,1
恒盛实验学校,1,1
恩施9月,15,1
恩施州数学,5,1
恩施州清江外国语学校,5,1
恩施州清江外国语学院,2,1
恩施高一第一次月考上学期,3,1
息县下学期期末25-26,5,1
情境古诗,2,1
情境古诗小升初,2,1
情态动词,10,1
情态动词can,9,1
情态动词练习,1,1
情态动词练习高二,1,1
情绪有关作文,1,1
惟德外国语,2,1
惠东县,8,1
惠东县八年级下册期末考试物理试卷,3,1
惠东县期中,21,1
惠东县期末考试八年级,3,1
惠东县高一下学期期末,1,1
惠城区2025年到2026年学年度第二学期期末数学教学质量检测8年级历史试题,1,1
惠城区惠州市第五中学,2,1
惠城区惠州市第五中学升学考,1,1
惠城区第五中学升学考,3,1
惠城区第五中学数学升学考,4,1
惠城区第五中学语文升学考,30,1
惠州 高一 期中,7,1
惠州 高一 期末,10,1
惠州 高一 生物 期末,1,1
惠州9年级物理期中,6,1
惠州一中8年级2026年物理试卷,1,1
惠州一中九年级化学期末,3,1
惠州一中化学期末,1,1
惠州一中教育集团九年级期末试卷,3,1
惠州一中教育集团高一期末试卷,3,1
惠州一中月考,3,1
惠州一中钱学森招生,5,1
惠州七年级,1,1
惠州九年级化学期中,10,1
惠州五校联考,8,1
惠州仲恺实验学校,3,1
惠州初一,1,1
惠州初中二模物理卷,1,1
惠州大亚湾一中，高三各科试卷,9,1
惠州市2025 2026学年高一下期末联考,1,1
惠州市九年级上册物理期中,1,1
惠州市博罗县七年级,2,1
惠州市四年级下册,6,1
惠州市惠城区九年级上册物理期中,3,1
惠州市惠城区联考,38,1
惠州市惠阳区日新,2,1
惠州市模拟考,14,1
惠州市第一中学2021-2022高二上学期10月英语测试,3,1
惠州市第一中学2022高二上学期10月惠珠联考英语测试,4,1
惠州市第一中学2022高二上学期10月英语测试,4,1
惠州市第一中学英语,5,1
惠州市第一中学高上学期期中考试语,1,1
惠州市第一中学高二上学期期中考试英语,1,1
惠州市第一中学高二上学期期中考试语,1,1
惠州市第二次调研,9,1
惠州市综合高级中学,1,1
惠州市综合高级中学高二,6,1
惠州市高三英语,1,1
惠州市，调研,3,1
惠州田家炳,5,1
惠来一中,3,1
惠来一中高一第一次阶段性测试,1,1
惠来县第一中学月考,14,1
惠来滨海学校,1,1
惠民,9,1
惠阳一中,3,1
愉快的暑假,1,1
感恩,3,1
感悟类作文初中语文,1,1
慈利,6,1
慈利一中,2,1
慈利一中化学讲义,3,1
慈利县七上数学期中,3,1
慈溪,4,1
慈溪 期末,35,1
慈溪 期末小学毕业考,1,1
慈溪2026语文,3,1
慈溪中学,2,1
慈溪六年级毕业考试数学真题,7,1
慈溪市小升初分班考试卷,7,1
慈溪提前招生数学试卷,1,1
慈溪期末卷,1,1
慕联教育,1,1
成人高考,1,1
成列五中学 高一 入学,1,1
成华区五下,3,1
成华嘉祥,2,1
成大附中,3,1
成对数据的统计分析一轮复习,11,1
成州中学,5,1
成武,9,1
成武一中,1,1
成武一中八年级上册,2,1
成武一中八年级上册第一次月考数学,1,1
成田高级中学,4,1
成石室中学 高一 入学,1,1
成绩 查询入口,2,1
成語 2025成语积累初中,1,1
成语 练习题专项训练,1,1
成语词语辨析,5,1
成都 0诊英语高三,4,1
成都 1 诊英语高三,1,1
成都 七中0 026高三 零诊英语,6,1
成都 七中0 026高三化学,2,1
成都 七中0 026高三数学,3,1
成都 七中0 026高三物理,3,1
成都 七中0 026高三生物,1,1
成都 育才 七上,2,1
成都 零诊 2024级,1,1
成都0诊地理,1,1
成都2024级定时训练,1,1
成都2025 2026历史,2,1
成都2025-2026物理,3,1
成都2025高一下定时练习,4,1
成都2026中考数学,5,1
成都2026期末思想政治,3,1
成都2026期末试题,8,1
成都2诊,1,1
成都36中,1,1
成都7中高三开学考,3,1
成都一诊物理,4,1
成都七中 2024~2025学年度高二（下）零诊模拟考试,17,1
成都七中 2025‑2026 高一下期末 2028届,1,1
成都七中 七上,4,1
成都七中 七上 数学,1,1
成都七中0 026高三生物,2,1
成都七中2002十五届高一生物期末,1,1
成都七中2024～2025学年度高二下,1,1
成都七中2024～2025学年度高二下零零诊模拟考试,5,1
成都七中2025 2026学年下期高2025级半期考试化学试题,1,1
成都七中2027届零诊,5,1
成都七中2027届零诊模拟考试,2,1
成都七中2027届零诊模拟试题,8,1
成都七中2027年新高三零诊,7,1
成都七中2824,1,1
成都七中万达学校,2,1
成都七中万达学校 高一新生入学分班质量检测 数学,7,1
成都七中万达学校 高一新生入学分班质量检测 物理,4,1
成都七中万达学校 高一新生入学分班质量检测 英语,17,1
成都七中万达学校 高一新生入学分班质量检测 英语听,1,1
成都七中万达学校 高一新生入学分班质量检测 英语听力,3,1
成都七中万达高一入学考,1,1
成都七中中考物理一模,1,1
成都七中九上物理,1,1
成都七中九年级化学,1,1
成都七中八一学校,1,1
成都七中初一下册数学期末真题卷,5,1
成都七中初一分班考试卷,11,1
成都七中初三英语一诊,6,1
成都七中初三英语模拟,1,1
成都七中初中学校2025一2026,1,1
成都七中初中学校数学,2,1
成都七中化学初中,1,1
成都七中学,7,1
成都七中数学高三开学考,3,1
成都七中月考,1,1
成都七中期末试卷高一下,3,1
成都七中期末试卷高一下数学,6,1
成都七中林荫,2,1
成都七中物理,4,1
成都七中育才,5,1
成都七中育才中考模拟试卷,3,1
成都七中育才外地自主招生测试题,1,1
成都七中育才外地自主招生物理测试题,16,1
成都七中育才水井坊,3,1
成都七中育才试卷,1,1
成都七中英语,1,1
成都七中英语二诊,8,1
成都七中英语高二,1,1
成都七中零诊,5,1
成都七中高2025级高一生物期末,9,1
成都七中高一,12,1
成都七中高一上册第一次月考,2,1
成都七中高一上学期期中数学,12,1
成都七中高一下政治,1,1
成都七中高一下期末,4,1
成都七中高一入学开学考,14,1
成都七中高一入学考试,4,1
成都七中高一化学,1,1
成都七中高一数学月考,5,1
成都七中高一月考数学,1,1
成都七中高三10月,3,1
成都七中高三数学,1,1
成都七中高三英语,1,1
成都七中高三英语期末考试,3,1
成都七中高三零诊,12,1
成都七中高三零轸,1,1
成都七中高二入学,1,1
成都三中高一月考数学,6,1
成都三十六中,6,1
成都三十六中高一月考数学,3,1
成都中学初三入学考,10,1
成都中考10年真题,1,1
成都中考化学,3,1
成都中考数学,9,1
成都中考生物,1,1
成都中考英语,3,1
成都九上化学月考,2,1
成都九上化学期中考试,8,1
成都九上数学北师大版期末,3,1
成都九上数学期中考试,7,1
成都九上数学第一次月考,4,1
成都九上月考数学,1,1
成都九上物理月考,2,1
成都九上第一次月考数学,4,1
成都九年级语文10月,6,1
成都二十中小升初,1,1
成都二诊物理,5,1
成都二零二四级英语高二下学期定时练习,6,1
成都会考2,1,1
成都会考2026,5,1
成都八上物理,2,1
成都八上物理期中,51,1
成都八中,2,1
成都分班考,1,1
成都分班考高中,1,1
成都初中二诊,3,1
成都初中二诊数学,1,1
成都初升高招生考,11,1
成都北二外,7,1
成都十七中,1,1
成都十二中,4,1
成都十八中,1,1
成都华城区中考英语,1,1
成都华城区中考英语2026,1,1
成都华西中学 入学,1,1
成都华西中学 高一,1,1
成都华西中学初一入学数学分班考试,1,1
成都华西中学高一,1,1
成都双流区七年级上期末英语   原卷,4,1
成都合格考,6,1
成都嘉祥,18,1
成都嘉祥政治,1,1
成都嘉祥高中政治,1,1
成都四中,1,1
成都四中高三开学考,1,1
成都地区20268年级下册期末考考试试卷,9,1
成都外国语,1,1
成都外国语学校2025-2026学年度下期零诊模拟考试高二英语试题,4,1
成都外国语学校2025至2026年高一上学期10月月考英语试卷,1,1
成都外国语学校分班考,1,1
成都外国语学校小升初分班考,9,1
成都天府新区2025-2026 7年级下册英语,4,1
成都天府新区7年级下册英语,1,1
成都天府新区七年级上期末英语   原卷,4,1
成都天府新区七年级上期末语文   原卷,1,1
成都实验外国语学校,5,1
成都小升初,3,1
成都川师附中初一分班考,3,1
成都市,1,1
成都市 0诊2027,3,1
成都市2022级高中毕业班摸底测试,2,1
成都市2023级成都一诊化学高中毕业班化学第一次诊断性检测,4,1
成都市2023级高中毕业班化学第一次诊断性检测,5,1
成都市2023级高中毕业班第一次诊断性检测,8,1
成都市2024~2025外国语学校,1,1
成都市2024~2025外国语学校入学考试,1,1
成都市2024级高二下学期定时练习,3,1
成都市2026届高三下学期定时练习,1,1
成都市2026届高中毕业班摸底测试,5,1
成都市一诊,6,1
成都市一诊考试。,9,1
成都市七中育才学校东湖校区,10,1
成都市中考实验操作考试,4,1
成都市北二外,1,1
成都市北京市第二外国语学校,1,1
成都市定时练习,1,1
成都市实验外国语学校,1,1
成都市实验外国语学校2025~2026学年第二学期期末模拟考试化学试题,1,1
成都市开学考,24,1
成都市政治模拟卷,1,1
成都市文科综合试卷,3,1
成都市文科综合试卷，高,1,1
成都市新都区数学二模2022,1,1
成都市新高三2026零诊,5,1
成都市新高三2027届零诊,5,1
成都市武侯区2026七下英语期末听力,7,1
成都市武侯区2026九年级模拟考试试卷,6,1
成都市第一次监测,9,1
成都市第七,1,1
成都市第七中学林荫校区,3,1
成都市金牛区八年级上期数学期末考试,3,1
成都市金牛区八年级数学期末考试,1,1
成都市金牛区第二十中,4,1
成都市青羊区,10,1
成都市高一上学期期中物理考试,1,1
成都市高一上数学,2,1
成都市高一上数学阶段,9,1
成都市高一入学考试试卷,2,1
成都市高一入学考试试卷上,1,1
成都市高一入学考试试卷上册。,2,1
成都市高三2026届一诊,3,1
成都市高三下学期定时训练,2,1
成都市高中2026零诊,1,1
成都市高新区 九年级,25,1
成都成华区中考英语,1,1
成都招生考,2,1
成都数学 七年级上册期末,1,1
成都数学高三,1,1
成都数学高三开学考,4,1
成都新航中学,2,1
成都新都一中高一第二学期物理期末考试卷,1,1
成都期末,5,1
成都期末考试,1,1
成都林中学,3,1
成都林萌中学,6,1
成都树德中学高一开学考,1,1
成都树德外国语中学,1,1
成都武侯区七年级上期末英语   原卷,2,1
成都武侯区七年级上期末语文   原卷,4,1
成都武侯区中考英语,1,1
成都温江区七年级上期末英语   原卷,7,1
成都物理九年级12月考,1,1
成都田家炳,3,1
成都田家炳中学高一月考数学,19,1
成都田家炳高中,2,1
成都盐道街中学校,3,1
成都盐道街高一入学考,4,1
成都石室中学2022-2023学年度下期高2025届期末考试英语试卷,2,1
成都石室中学2025 2026高二半期英语,6,1
成都石室中学2025.2026高三上学期期中数学试卷,2,1
成都石室中学2025.2026高三上学期英语期中数学试卷,3,1
成都石室中学高2027届定时训练,2,1
成都石室中学高一分班考题,2,1
成都石室中学高三上学期期中数学试卷,5,1
成都石室中学高三上学期期中试卷,1,1
成都石室中学高三期中试卷,2,1
成都石室成飞,2,1
成都石室蜀都2025高一入学数学分班考试真题含答案,7,1
成都石室蜀都中学分班考,2,1
成都石室高三开学考,4,1
成都第一次模拟考试。,1,1
成都第七,1,1
成都第七中学,2,1
成都西北中学,2,1
成都西川七年级数学,4,1
成都西川小升初,1,1
成都西川小升初数学,1,1
成都西川数学分班考,1,1
成都西川数学小升初,1,1
成都试卷英语,5,1
成都语文12月 月考考九年级,4,1
成都语文12月 月考锦城一中,1,1
成都语文12月 月考锦城一中九年级,3,1
成都语文12月树德,1,1
成都语文12月考,1,1
成都语文12月考九年级,3,1
成都语文1月九年级棕北,2,1
成都语文九年级期末,1,1
成都语文九年级期末七中,2,1
成都语文九年级期末天府七中,1,1
成都语文九年级期末教科院,1,1
成都语文九年级语文1月,1,1
成都语文九年级语文1月万达,1,1
成都金牛区2025-2026 7年级下册数学,13,1
成都金牛数学二诊,3,1
成都金苹果高一上数学,2,1
成都金苹果高一上数学考,1,1
成都铁中,1,1
成都锦江区中考化学,1,1
成都锦江区初一英语期末考试题,2,1
成都锦江区嘉祥外国语九上入学考试,1,1
成都锦江区嘉祥外国语八下入学考试,1,1
成都锦江区嘉祥外国语高2024 2025高一数学入学考试,1,1
成都零诊物理,2,1
成都青羊区2025-2026 7年级下册英语听力,2,1
成都高一上学期化学月考考试卷,3,1
成都高一上数学周考,1,1
成都高一上数学月考,1,1
成都高一上数学考,1,1
成都高一上月考化学,2,1
成都高一上月考数学,6,1
成都高一上月考物理,3,1
成都高一上月考英语,7,1
成都高一上期末物理,1,1
成都高一下册英语,3,1
成都高一下期末考试 化学,1,1
成都高一数学月考,1,1
成都高一春历史考试试卷,5,1
成都高三,1,1
成都高三下学期定时训练,4,1
成都高三开学联考,1,1
成都高二上英语期中,10,1
成都高二期末,2,1
成都高新实验中学,2,1
成都高新实验分班考试试卷,9,1
成长故事,2,1
我们呼吸的空气，这叫版八下课。,2,1
我国的根本政治制度,2,1
我是中国人,1,1
我的假期,1,1
我要搜东台各高中相关物理试卷,18,1
我要搜索漳州一中的高一年级的数学学科的试卷有吗,6,1
我要搜索漳州市的第一中学的高一年级的数学学科的试卷有吗,1,1
我需要生物的细胞内的真题,2,1
截长补短,7,1
截长补短模型,5,1
截长补短练习题,7,1
截面,7,1
截面问题,2,1
房山,4,1
房山三中,1,1
房山八年级下英语试卷,12,1
房山区2025 2026学年度第二学期数学期末考试试卷,1,1
房山区2025年8年级上学期数学期中试卷,2,1
房山区2025年8年级上学期英语期中试卷,6,1
房山区2025年8年级上学期语文期中试卷,3,1
房山区2025年8年级上学期语文期末试卷,5,1
房山区2025至2026学年度第一学期期末考试试卷七年级道德与法治,31,1
房山区中考,1,1
房山区区初三数学期中,3,1
房山区期中物理高一,1,1
房山区期中物理高二,13,1
房山区高三开学考,1,1
房山数学高一下期中22-23,1,1
房山高三入学考,1,1
房山高三入学考物理,1,1
所以嗯嗯广州市初中学业水平考试数学,2,1
扇形的面积,4,1
扇形面积,3,1
手′,5,1
手拉手模型,1,1
手机使用利与弊与方法作文,3,1
扎兰屯九上,17,1
打印,1,1
托县三中八年级下册期末物理卷子,1,1
执业药师资格证,1,1
执信,1,1
执信中学数学,1,1
执信中学期中化学,8,1
扩句,3,1
扬中市第二高级中学,2,1
扬中市高级中学高二期末,2,1
扬大附中2025年升班考试卷,1,1
扬大附中2025年综合素养评价,7,1
扬大附中本2025年综合素养评价,1,1
扬大附中淮海路总部分班考试试卷,1,1
扬大附中高一上学期期中数学,2,1
扬大附中高一分班,1,1
扬大附中高一分班考,3,1
扬子石化杯 2024年第38届中国化学奥林匹克 江苏赛区 初赛试卷,1,1
扬州七上数学第二次月考,4,1
扬州七上数学高邮,5,1
扬州七上英语,5,1
扬州七上语文,5,1
扬州七年级开学测,7,1
扬州中学 高一10月 月考,2,1
扬州中学中学生英才计划选拔,4,1
扬州中学八年级上英语试卷,1,1
扬州中学文昌集团初一入学,2,1
扬州中学竞赛选拔,1,1
扬州中学高一,1,1
扬州中学高一 月考数学,3,1
扬州中学高一10月 月考,1,1
扬州中学高一上月考,2,1
扬州中学高一上月考10月,4,1
扬州中学高一上期末数学,2,1
扬州中学高一上第一次月考,1,1
扬州中学高一下期末生物,7,1
扬州中学高三化学试卷,4,1
扬州中学高中一 月考数学,1,1
扬州中学高中第一次 月考数学,1,1
扬州中学高中第一次一月考,4,1
扬州中学高二下期末物理试卷6月,1,1
扬州中考2026,3,1
扬州中考化学模拟,1,1
扬州中考数学,4,1
扬州中考数学试卷,3,1
扬州九上化学期中,28,1
扬州九上化学期中邵樊片,9,1
扬州九上化学第一次化学考试邵樊片,3,1
扬州九年级上册文昌教育集团期末考试,2,1
扬州九年级上册英语文昌教育集团期末考试,19,1
扬州九年级上册英语期中试卷卷,3,1
扬州九年级月考物理,4,1
扬州京华梅岭初一入学,1,1
扬州六年级语文,3,1
扬州六年级语文上,8,1
扬州六年级语文下学期,2,1
扬州初二上册期中试卷数学,9,1
扬州初二上册第一次月考试卷数学,1,1
扬州化学,2,1
扬州化学第一次月考,3,1
扬州圆的练习,1,1
扬州大学附属中学东部分校2023‑2024 数学,4,1
扬州大桥高级中学,2,1
扬州宝应期初,12,1
扬州市,4,1
扬州市五年级上学期期中试卷,11,1
扬州市小数,2,1
扬州市扬大附中25∽26高二上语文期中试卷,3,1
扬州市文津中学,6,1
扬州市树人学校八年级下册期末试卷,6,1
扬州市梅岭中学八年级下册期末试卷,8,1
扬州市生地会考会考,1,1
扬州市统考期末考试,11,1
扬州市邗江区第一中学,2,1
扬州市高一期末统考第一学期,3,1
扬州市高三数学开学考,5,1
扬州市高二期末,1,1
扬州市，高三，开学考，政治试卷,5,1
扬州扬大附中2025~2026高二语文10月月考试卷,1,1
扬州扬大附中淮海路总部分班考卷,2,1
扬州扬大附中淮海路总部分班考试试卷,1,1
扬州数学七上,1,1
扬州新华中学,2,1
扬州树人,1,1
扬州树人七上数学,2,1
扬州梅岭,14,1
扬州梅岭中学2025-2026学年,2,1
扬州梅岭中学2025-2026学年七年级新生入学英语调查试卷,2,1
扬州梅岭中学2025-2026学年七年级新生入学语文调查试卷,5,1
扬州梅苑,2,1
扬州江都中学高一上英语,2,1
扬州物理统考高一下学期,2,1
扬州生物,4,1
扬州统考,1,1
扬州虹桥中学,2,1
扬州邗江七上数学,4,1
扬州邗江中学,11,1
扬州邗江区,8,1
扬州邗江实验小升初卷,6,1
扬州高一上化学第一次月考,3,1
扬州高一上历史,3,1
扬州高一上历史第一次月考,1,1
扬州高一上数学,4,1
扬州高一上月考物理,1,1
扬州高一上月考物理10月,4,1
扬州高一上期末考试,3,1
扬州高一上物理期末考试,2,1
扬州高一上英语,3,1
扬州高一上语文,2,1
扬州高一分班考,1,1
扬州高一化学第一次月考,1,1
扬州高一政治下期末考试卷,4,1
扬州高一数学下期末试卷,5,1
扬州高一数学阶段练习,3,1
扬州高一月考物理,1,1
扬州高一期末考试,1,1
扬州高一物理,1,1
扬州高一物理上,3,1
扬州高一语文,1,1
扬州高中数学阶段练习,1,1
扬州高二下学期期末生物,1,1
扬州高二期末,3,1
扬州高二期末下学期,1,1
扬州高二期末英语,3,1
扬州高邮六升七分班卷真题卷,1,1
扬州高邮分班卷真题卷,1,1
扶余,6,1
扶沟县高中  高一 开学考,5,1
找规律 初一专题训练,6,1
承德县2023-2024年第一学期物理期末考试题,3,1
承德县一中高一,1,1
承德县第一中学,2,1
承德县第二中学入学分班,2,1
承德县高一上学期月考试卷,6,1
承德县高一月考,2,1
承德市二中,1,1
承德市第二中学,5,1
技巧性计算,3,1
技术,4,1
技术学校,1,1
技术高考浙江,6,1
技能高考,2,1
把伊诺是20252026学年第二学期高二期末考试,2,1
投影求数量积,5,1
抖音,3,1
折叠类大题,3,1
折叠类题目,13,1
折解数学,3,1
抚州十校期末联考,1,1
抚州市临川一中高新校区的开学考试卷,11,1
抚州省2026年六年级毕业素质测试卷,7,1
抚州省2026年毕业素质测试卷,1,1
抚顺 高二,3,1
抚顺一中高中,10,1
抚顺中考,5,1
抚顺中考历史,1,1
抚顺中考道法,2,1
抚顺八下数学,12,1
抚顺市,1,1
抚顺市二中,2,1
抚顺市新抚区八年级上册上,15,1
抚顺市模拟考试,10,1
抚顺高中,1,1
抛体运动专项练,4,1
抛体运动，圆周运动，单元测,7,1
抛物线上教版,3,1
抢分专练,1,1
抢分专练深圳文学阅读,1,1
报刊,1,1
报纸试卷,1,1
报纸试卷广西专用,3,1
抽像函数 拔高高三,5,1
抽屉问题,3,1
抽象函数专项练习,1,1
抽象函数累加,1,1
抽象函数综合问题,2,1
拉,3,1
拉格朗日乘数法,1,1
拉格朗日点,17,1
拉萨中学,3,1
拉萨五年级数学,4,1
拉萨市2026年江苏实验中学八年级下册真题卷,4,1
拉萨市江苏实验中学,5,1
拉萨市第八中学,3,1
拉萨月考,19,1
拉萨期末,3,1
拉萨期末考试,17,1
拉萨江苏实验中学,5,1
拉萨江苏实验中学2026年八下期末真题卷,11,1
拉萨高三三模语文,1,1
拉萨高三二模语文,5,1
拉萨高三数学,1,1
拉萨高二下数学,5,1
拔尖,1,1
拔尖  沪科  七年级,1,1
拔尖  沪科  七年级  数学,1,1
拔尖 特训,7,1
拔尖创新,11,1
拔尖卷,5,1
拔尖培优专题,1,1
招生考试数学六下,16,1
拜泉,25,1
拜泉一中,3,1
拱墅区新生素质测试,12,1
拼音,6,1
拼音 1 年级,5,1
拼音专项练习,3,1
拼音练习,2,1
拾懿创新联盟,10,1
拿满基础分自主小练,13,1
指南针,1,1
指南针 课程优化,3,1
指南针历史一轮复习,6,1
指南针历史高考一轮复习,1,1
指南针教辅,1,1
指南针高考,1,1
指对函数,1,1
指对同构,1,1
指对同构 2025 常考题型归纳,1,1
指对幂函数 0 1 函数一轮复习,1,1
指对幂函数培优,7,1
指对幂构造,1,1
指对幂比大小,2,1
指对数函数中的恒成立与存在问题,5,1
指对运算,2,1
指对运算一轮复习,3,1
指对运算计算题,2,1
指数与对数的运算与转化,6,1
指数函数与对数函数,1,1
指数函数和对数函数,3,1
指数对数单元,3,1
指数对数单元测试卷,1,1
指数对数复合函数,1,1
指数对数大小比较,1,1
按规律填数小学奥数教案,5,1
挖空练习,2,1
挖空默写,3,1
振声,1,1
振声选拔数学题,10,1
捕灵手,1,1
损坏的七段数码管 推理题,4,1
换元法,1,1
据释义填成语1000例,1,1
排列与组合,2,1
排列组合与二项式定理,1,1
排列组合与概率统计,8,1
排列组合与概率统计。大题训练,1,1
排列组合和二项式定理,3,1
排序,1,1
探秘花园,2,1
探究在线,3,1
探究在线英语,1,1
探究在线英语八下,2,1
探究在线英语八下冀教版,7,1
探究电流与电阻关系的选择题,3,1
探究电流与电阻关系的题,6,1
接力版英语,1,1
推杯换盏,4,1
推理性英语,1,1
提优检测卷,3,1
提优检测卷B卷,1,1
提优检测卷物理,2,1
提前招,4,1
提前招生数学,1,1
提前招生数学试卷,14,1
提前招生英语,8,1
提升卷,5,1
提招,17,1
提纲,1,1
揠苗助长,1,1
揭东一中,3,1
揭东三中,1,1
揭东二中,3,1
揭阳,3,1
揭阳华侨高级中学,3,1
揭阳市,28,1
揭阳市高二地理期末考,6,1
揭阳第一中学,4,1
揭阳统考期末卷,2,1
揭阳高二数学期末考,1,1
搜一下24年6月浙江高考生物第21题答案,13,1
搜一套大连市干净的区域的有几个名校一起良好的一张语文卷积累填空包含无题赤壁酬乐天水调歌头文言文比如是岳阳楼记,1,1
搜一套大连市甘井子区有几个名校一起良好的一张语文卷积累填空包含无题赤壁酬乐天水调歌头文言文比如是岳阳楼记,4,1
搜关键词复制：长沙市长郡中学2023‑2024学年高二上学期入学考试 英语听力,1,1
搜图：2019全国2卷理综化学12题 浓度时间图像,1,1
搜学校全称：人大附中 /,2,1
搜学校全称：人大附中 / 华师一附中 / 长郡中学 / 上海中学 / 西工大附中,10,1
搜学校全称：人大附中 / 华师一附中 / 长郡中学 / 西工大附中,1,1
搜索关键词：2025广州中考化学真题 pdf,1,1
搜索关键词：2026中考化学真题 pdf,6,1
搜索关键词：2026广州中考化学真题 pdf,3,1
搜索标题： 八上语文暑假预习名著《红岩》阅读任务单 ，有整套截图，可以保存后打印,9,1
搜索资源     必修二期末测试卷2022-2023学年高一下学期生物人教版必修2,1,1
搜索资源 打开APP 浙江省温州市2025届高三一模作文“动机评判和结果评判哪个更合理”导写（真题呈现+审题立意+素材积累+写作示例+高分范文）,6,1
搜： 雅礼中学 新高一分班考试英语,1,1
摆线,1,1
摩擦力 10大考点习题专题,3,1
摩擦力专项练习,4,1
摩擦力练习题,1,1
摩擦力练习题必修一,1,1
摩擦力练习题必修一教科版,1,1
摸底全国通用02,2,1
摸底卷,5,1
摸底测试石家庄英语,11,1
摸底考高三,3,1
撷秀,3,1
操你妈,1,1
擢英,6,1
擢英中学,1,1
攀枝花七中,3,1
攀枝花中考,1,1
攀枝花第三中学,6,1
攀枝花高一 期末试卷,6,1
攀枝花高一上册英语,4,1
支持复盘卡,1,1
收心四年级数学,7,1
收心考,14,1
攸县一中,2,1
攸县一中开学考,1,1
改病句,3,1
改革开放与社会主义现代化建设新时期,2,1
放缩,1,1
放缩 导数证明不等式,6,1
政和,1,1
政和九数学,3,1
政和县,5,1
政和县三中九年级月考,1,1
政哥化学2027,1,1
政治 八下期末试卷,21,1
政治 真题高三,5,1
政治2025年高考试题,4,1
政治2026高考,3,1
政治25年高考试题,1,1
政治一月首考,1,1
政治一月首考浙江,1,1
政治一轮复习必修三知识点,2,1
政治一轮知识点,3,1
政治与法治,2,1
政治与法治主观题,6,1
政治与经济真题,5,1
政治专有名词,1,1
政治专题大题,2,1
政治中特,1,1
政治九上开学考,4,1
政治九上背诵,6,1
政治二五年高考试题,4,1
政治人教版必修四哲学与文化第六课实现人生的价值课件PPT。,4,1
政治八上题纲,3,1
政治八下期末试卷,6,1
政治北京卷,1,1
政治北京卷高考,3,1
政治合格考,8,1
政治名词,1,1
政治哲学与文化,3,1
政治哲学与文化哲学重点知识必背,12,1
政治哲学与文化考试卷,2,1
政治哲学二轮,2,1
政治大题专练,6,1
政治学考2023浙江,1,1
政治学考2024浙江,1,1
政治山东高考,3,1
政治建设,1,1
政治开学考,3,1
政治必修1第1课知识笔记,2,1
政治必修4 唯物论,1,1
政治必修4第一单元,9,1
政治必修一一轮,3,1
政治必修一全书,4,1
政治必修一卷子,1,1
政治必修一必修二,18,1
政治必修三知识点,6,1
政治必修三试卷,5,1
政治必修二传导题一轮复习,2,1
政治必修二复习试卷,11,1
政治必修二经济与社会综合测试,5,1
政治必修二课件,1,1
政治必修二高中经济与社会综合测试,5,1
政治必修四,1,1
政治必修四主观题,2,1
政治必修四步步高,3,1
政治必修四第二单元,14,1
政治必修四试卷,5,1
政治思维导图,2,1
政治提纲,2,1
政治文化大题,1,1
政治新考案,3,1
政治新考案金太阳,1,1
政治期末长沙,3,1
政治期末长沙九上,2,1
政治期末长沙九上长沙,2,1
政治期末长沙九上长沙雅礼,13,1
政治法律,7,1
政治湖南,1,1
政治湖南期中,1,1
政治湖南期中九上,3,1
政治真题卷高二,6,1
政治等级测评卷,1,1
政治等级测试卷,1,1
政治答案模版,4,1
政治经济大题,1,1
政治结构图,5,1
政治背诵,3,1
政治课件,4,1
政治选修二,2,1
政治选必3选择题专练,2,1
政治选必二选择题,4,1
政治选必二选择题专练,2,1
政治选择必修一,8,1
政治选择性必修三一二单元。,5,1
政治选择题,1,1
政治选择题100道黑吉辽蒙,3,1
政治选择题高考,1,1
政治逻辑与思维第4单元测试卷,1,1
政治金太阳,2,1
政治高一上学期期末,1,1
政治高一下册期末考,3,1
政治高一必修3期末考,6,1
政治高中各种主观题类型答题模板讲解课件,1,1
政治高二,1,1
政治高考2026全国一卷,2,1
政治高考卷江苏,1,1
政治高考必考题型,1,1
故乡,1,1
效实中学,2,1
教学教资真题,1,1
教学设计,1,1
教师资格证真题,5,1
教师资格证真题吉林省,4,1
教材 2024人教版电子版教材,1,1
教材 电子版,12,1
教材习题答案,11,1
教材笔记,1,1
教材解读,3,1
教材词汇,6,1
教材课本,3,1
教案英语,5,1
教科书,2,1
教科书电子版,1,1
教科版必修2物理,1,1
教科版必修2物理书,5,1
教科版必修2物理书电子书,2,1
教科版（2024）九上«1.2.2内能和热量（第2课时）»学案,5,1
教程1日语,2,1
教考链接05治国之道下,3,1
教考链接语文,1,1
教育城初中8年级试卷,2,1
教资笔试真题,1,1
教辅,3,1
敬业中学,1,1
敬业中学初一摸底考,2,1
数 学,1,1
数与代数,9,1
数与式 01专题一轮复习,11,1
数列 0 一轮复习 专题基础2026,4,1
数列 一轮复习 2026,1,1
数列 单元测试卷,3,1
数列 单元测试卷人教版,4,1
数列一轮专题练习,2,1
数列一轮复习,3,1
数列不动点,3,1
数列不等式,2,1
数列专项,6,1
数列专项卷,3,1
数列二级结论,2,1
数列人教版,7,1
数列单元卷,12,1
数列单元测试,1,1
数列压轴,6,1
数列基础版,6,1
数列基础班,1,1
数列导学案,5,1
数列导数二项式定理概率统计集合不等式,3,1
数列性质,2,1
数列拔高,2,1
数列放缩4大题型 微专题,1,1
数列新定义,5,1
数列最值范围,1,1
数列求和,7,1
数列练习,1,1
数列职教,1,1
数列讲义,3,1
数列递推,4,1
数列题,4,1
数列高考总复习压轴题,14,1
数化学2026高考,3,1
数学 100篇专项训练华东版,5,1
数学 8 上压轴题,4,1
数学 8月摸底考高三,4,1
数学 公式 2026新高考公式汇总,5,1
数学 学业水平,1,1
数学 知识点2025汇总,1,1
数学 高一,2,1
数学01,2,1
数学01一轮,1,1
数学01一轮重难点,3,1
数学02一轮,5,1
数学02一轮不等式,31,1
数学03一轮,1,1
数学03一轮不等式,9,1
数学10月月考,4,1
数学2024全国一卷,1,1
数学2024年北京高考题,3,1
数学2025.8.25南师大分班考试卷江苏盐城新初一,3,1
数学2025高考真题,5,1
数学2025－2026二次函数提升卷临沂市,1,1
数学2026,8,1
数学2026中考南通,10,1
数学2026新高考卷,3,1
数学2026物理广东,1,1
数学2026物理广东中考,2,1
数学2026物理广东八年级,2,1
数学2026高考1卷,1,1
数学2027届,5,1
数学t8,6,1
数学一元一次方程不等式,2,1
数学一元一次方程纯计算,4,1
数学一元二次方程,5,1
数学一元二次方程计算题,9,1
数学一诊,2,1
数学一轮复习,3,1
数学一轮复习2027,1,1
数学一轮复习前两章,1,1
数学一轮复习数列,5,1
数学一轮复习第一章到第二章卷子,1,1
数学七上期中 清华,6,1
数学七下盐池县,3,1
数学七下知识点,4,1
数学七年级上册2025年到2026年年度七年级期中练习,1,1
数学七年级上册中高难度的题,4,1
数学七年级上册人教版五单元,1,1
数学七年级上册试卷,1,1
数学七年级下册试题卷,1,1
数学七年级下册试题卷安徽,3,1
数学三年级下册第三单元,1,1
数学三年级下册第三单元人教版,4,1
数学三年级冀教版,2,1
数学三年级冀教版上,3,1
数学三模,2,1
数学三角函数,4,1
数学三角函数题目,3,1
数学三角形几何证明专项,4,1
数学三角形几何证明综合运用专项,19,1
数学不等式,3,1
数学不等式专题,4,1
数学专题举一反三讲义全国通用,4,1
数学专题卷高考,5,1
数学专题复习,2,1
数学专题练习,29,1
数学中考,12,1
数学中考一模模拟,9,1
数学中考专项,1,1
数学中考专项复习,1,1
数学中考模拟,16,1
数学中考真题,6,1
数学九上,4,1
数学九上开学测,10,1
数学九上旋转,4,1
数学九上旋转第一课,1,1
数学九上期中,11,1
数学九上济南,1,1
数学九下期末,4,1
数学九年上册1，2单元,8,1
数学九年级上册二元一次方程练习,7,1
数学九年级上册二次函数3.2,3,1
数学九年级上册反比例函数人教版课程,4,1
数学九年级上册阶段检测试卷,4,1
数学九年级上册阶段检测试卷北师大版,7,1
数学九年级上册题型,13,1
数学九年级上册题型29.,1,1
数学九年级人教版上册期中考试卷濮阳市2025-2026,1,1
数学九年级辅助,1,1
数学九年级辅助资料,4,1
数学书必修二,1,1
数学书必修二第八章,1,1
数学书必修二答案,1,1
数学书电子教材人教版,2,1
数学二卷,1,1
数学二年级三区九县试卷,4,1
数学二年级下册试卷,9,1
数学二次函数最值,3,1
数学二级结论,4,1
数学云南,2,1
数学云南高中,2,1
数学五,2,1
数学五上冀教版,4,1
数学人教a版 选修一,1,1
数学作业七年级下册,7,1
数学作业七年级下册 上海市教委,1,1
数学入学考,21,1
数学全国二卷2025,1,1
数学八上,4,1
数学八上全等三角形,12,1
数学八上函数,3,1
数学八上函数北师大,3,1
数学八上函数北师大难,1,1
数学八上单元卷北京朝阳区,2,1
数学八上期中卷,1,1
数学八上期中罗湖,3,1
数学八上期末深圳,2,1
数学八上期末深圳罗湖,2,1
数学八上期末重庆,7,1
数学八下,2,1
数学八下大连金普新区期末,1,1
数学八下期末福建,3,1
数学八下期末重庆,10,1
数学八年级下册,21,1
数学八年级下册期未试卷温州,9,1
数学八年级人教版下册期末考试卷濮阳市2025-2026,1,1
数学公式,1,1
数学公式大全,2,1
数学公式汇总高中,14,1
数学六年级下册平行线比例试题泰安,7,1
数学六年级期末,1,1
数学几何证明专项,4,1
数学函数,1,1
数学函数 2026 常考题型归纳 高三一轮复习辽宁,4,1
数学函数性质,9,1
数学函数高三,3,1
数学分数三年级,3,1
数学分部分,1,1
数学创新,6,1
数学创新班,5,1
数学初一下期末,17,1
数学初中,1,1
数学初中压轴综合,5,1
数学初中数学竞赛讲座嗯九年级朱华伟,3,1
数学初中相似形模型,3,1
数学初二上期末福建,3,1
数学前两章一轮,1,1
数学动图,7,1
数学动点问题,13,1
数学北京二中,9,1
数学北京园,1,1
数学北京圆,7,1
数学北师大教材习题答案,2,1
数学北师大版,20,1
数学北师大版教材八年级上册,3,1
数学华师大版,3,1
数学华师大版八上,5,1
数学南京一中4月,1,1
数学南京一中高一下4,1,1
数学南京一中高一下4月,3,1
数学卷 初三,1,1
数学卷四川,1,1
数学卷四川总复习,1,1
数学卷四川高考总复习,1,1
数学压轴题,2,1
数学及九年上册12单元,1,1
数学反比例函数模型,6,1
数学反比例函数模型文字加证明,3,1
数学向量,1,1
数学含参不等式的计算,2,1
数学四年级单元卷蓟州区,1,1
数学四月阶段练习,1,1
数学四边形,7,1
数学圆,9,1
数学圆锥曲线,1,1
数学圆面积,3,1
数学培优卷华东师范二次根式二次函数,19,1
数学基础单元,1,1
数学大题,10,1
数学大题高考,6,1
数学天天练 三年级上,4,1
数学天河城,11,1
数学天津和平八上期末,4,1
数学天津市,4,1
数学学习诊断,2,1
数学导学案,3,1
数学导数专项,1,1
数学导数专题,9,1
数学导数大题,2,1
数学导数求参数取值范围,1,1
数学导数，函数专题卷,2,1
数学小升初分班卷,14,1
数学小升初试卷云南,4,1
数学小升初试卷安徽,2,1
数学小游戏,2,1
数学小题,6,1
数学巴蜀,9,1
数学幂运算,3,1
数学平行线的判定与性质专题训练人教版,1,1
数学开学考试,5,1
数学开学考试甘肃省,1,1
数学开学考试甘肃省高中,1,1
数学开学考试甘肃省高中高三,4,1
数学开学考高三,2,1
数学开学自测,1,1
数学开门测,26,1
数学强基,8,1
数学必修1,1,1
数学必修一人教A版期末测试,1,1
数学必修一人教A版测试,8,1
数学必修一人教版单元测试卷成才之路,4,1
数学必修一其中考试卷,6,1
数学必修一卷子,18,1
数学必修一检测卷,1,1
数学必修一第一次月考深圳中学,13,1
数学必修一第一次月考潮州金山中学,7,1
数学必修一第一次月考金山中学,2,1
数学必修一第一章单元测试卷,6,1
数学必修一绵阳,17,1
数学必修一绵阳2024,1,1
数学必修一绵阳2024期末,1,1
数学必修一绵阳2025期末,2,1
数学必修一绵阳中学,8,1
数学必修一绵阳部分,4,1
数学必修一试卷,6,1
数学必修二人教版单元测试卷成才之路,16,1
数学必修二教材答案,1,1
数学必修二章末检测卷人教版,5,1
数学必修二章末检测卷人教版成才之路,6,1
数学必修二答案,2,1
数学必修第二册第1单元,1,1
数学必修第二册第1单元，人教版,3,1
数学授课,1,1
数学教材电子版,1,1
数学新一轮,1,1
数学新疆期末考试,1,1
数学新课标 1 1卷 高考2024,1,1
数学新课标一卷25,5,1
数学新高二2026年开学考。,2,1
数学新高考二卷,6,1
数学旋转,1,1
数学时间,1,1
数学春季高考,13,1
数学暑假作业答案,1,1
数学月考,7,1
数学月考九上,53,1
数学望城,5,1
数学期中,2,1
数学期中八上。,2,1
数学期中八上泰山区,10,1
数学期中八上泰山区 2024,3,1
数学期中八上泰山区2020,19,1
数学期中八上泰山区。,16,1
数学期中八上泰山区。2024,6,1
数学期中卷高一第一学期,1,1
数学期中泰山区八上,1,1
数学期中泰山区八上。,7,1
数学期中真题,2,1
数学期中￥qu0dgGizWg2￥/ HU7405,2,1
数学期初,3,1
数学期末海门,1,1
数学期末海门高二上学期,5,1
数学极值点偏移,3,1
数学模拟测试卷六初中,5,1
数学求w范围,3,1
数学沈阳高一下期末,4,1
数学沪科版最小值问题，八年级下册,5,1
数学沪科版（一）,5,1
数学济南七上期中考试,5,1
数学济南七上期末考试,3,1
数学浙江省中考试卷,9,1
数学湘教版课本,1,1
数学炎德英才,1,1
数学的数乘运算较难,2,1
数学直线和圆,6,1
数学直线方程,3,1
数学相似三角形,6,1
数学相似三角形北师大,2,1
数学相似三角形构造辅助线,4,1
数学相似三角形模型,5,1
数学相似三角形模型(江西专用)。,1,1
数学相似三角形模型。,8,1
数学真题,4,1
数学真题2026,7,1
数学真题专,1,1
数学真题专题,1,1
数学知识点,1,1
数学福州高考卷,3,1
数学竞赛 2023高中预赛试题,4,1
数学竞赛 八年级,4,1
数学竞赛 希望联盟,3,1
数学竞赛8升9试题,3,1
数学竞赛八上,3,1
数学竞赛八年级,3,1
数学竞赛八年级福建,1,1
数学竞赛初中长沙,2,1
数学竞赛真题25年合集,32,1
数学竞赛讲座二次函数知识描述,3,1
数学竞赛讲座二次函数知识描述朱华伟,4,1
数学竞赛试卷,3,1
数学竞赛试卷宁波市,1,1
数学竞赛预赛,2,1
数学竞赛题高中,3,1
数学笔记,5,1
数学第一单元检测有理数,1,1
数学第一章道第三章,1,1
数学第一章道第三章高考,1,1
数学第七单元,1,1
数学第八章知识点,2,1
数学绵阳中学,12,1
数学考卷,1,1
数学自测卷,1,1
数学花园探秘,6,1
数学苏州市高二下册统考期末,2,1
数学苏州市高二统考qil,2,1
数学苏州市高二统考期末,3,1
数学苏教版六上,1,1
数学苏教版六上期中,2,1
数学苏教版选择性必修2,2,1
数学行知期中,3,1
数学解三角形大题专题练,1,1
数学计算一元二次方程,6,1
数学计算七年级,1,1
数学计算天天练 三年级上,1,1
数学计算题七年级上册,1,1
数学计算题七年级上册人教版,1,1
数学试卷2026,29,1
数学试卷答题卡,15,1
数学试卷高三,3,1
数学课本,1,1
数学资料,7,1
数学选修2答案,2,1
数学选修3全书单元卷,1,1
数学选修3全书卷,3,1
数学选修一第一章北师大版,12,1
数学选修一第二章测试卷,8,1
数学选必一,1,1
数学选必一单元检测,5,1
数学选必一第一单元,18,1
数学选必一课本,1,1
数学选必三,3,1
数学选必二第一单元,1,1
数学选择性必修一人教B版,3,1
数学选择题,5,1
数学陈琳,4,1
数学陕西中考卷24届,1,1
数学集合,8,1
数学集合高一,9,1
数学青岛八年级下册北师大版期末,20,1
数学题库,3,1
数学题混合,1,1
数学高 考1 2026年全国高考卷,1,1
数学高3开学考试卷,3,1
数学高一上,1,1
数学高一上册,1,1
数学高一上期末卷,1,1
数学高一下学期必修二期末安徽版,1,1
数学高一下学期期末复习真题精选压轴80题16类题型专练,6,1
数学高一下学期期末试卷,1,1
数学高一下学期第一次宝坻一中,1,1
数学高一下期末考试辽宁,8,1
数学高一专题训练,5,1
数学高一基本不等式试卷,9,1
数学高一月考,1,1
数学高一月考第一学期,4,1
数学高一期中考第一学期,2,1
数学高一第一次月考,37,1
数学高一第一章试卷,4,1
数学高一选填,5,1
数学高三9月,21,1
数学高三一轮复习,1,1
数学高三一轮复习资料,3,1
数学高三上学期第1次月考,4,1
数学高三上学期第一次月考,6,1
数学高三上第一次月考,4,1
数学高中,7,1
数学高中一轮复习知识点,1,1
数学高中分班考试卷,8,1
数学高中含参不等式的计算,3,1
数学高中模拟,5,1
数学高中集合及常用逻辑用语,2,1
数学高二,1,1
数学高二上 月考,1,1
数学高二上 月考 广大附中,1,1
数学高二上基础题,3,1
数学高二上基础题四川,1,1
数学高二上学期期中,9,1
数学高二上学期第一章空间向量与立体几何题,6,1
数学高二上期中考试题,4,1
数学高二下期末考试辽宁,1,1
数学高二下期末考试题,13,1
数学高二第一章,4,1
数学高二选择性必修一第一章检测卷,4,1
数学高考专题,2,1
数学高考专题复习,2,1
数学高考卷,1,1
数学高考卷全国一卷,5,1
数学高考卷全国一卷2024,2,1
数学高考卷全国一卷2025,4,1
数学高考卷四川,1,1
数学高考数列,1,1
数学高考模拟考卷,1,1
数学（北师大版）试题﹣【1号卷·A10联盟】2024届高二上学期12月学情检测,5,1
数学，高一入学考,13,1
数学，高一长郡智谷入学考,2,1
数学：南京外国语学校2026届高三适应性训练,3,1
数据的收集 整理与描述,1,1
数据谷,1,1
数理化合卷,1,1
数理报,8,1
数理报.升级突破,1,1
数理报七年级下册,2,1
数理报七年级下册华东师大,1,1
数理报七年级下册期末复习考试卷,4,1
数理报七年级下册期末复习考试卷华东师大版,7,1
数的开方与二次根式计算题,4,1
数竞初赛,10,1
数竞章鱼杯,2,1
数线段数量,1,1
数线段根数,1,1
数轴 动点12大题型,3,1
数轴上的动点问题详解,4,1
数轴专题训练,2,1
数量积,6,1
整个初中的短语,1,1
整体隔离法,2,1
整式乘法,2,1
整式乘法 100计算题,2,1
整式乘法 100道混合计算题,5,1
整式乘法单元卷,7,1
整式乘法计算,8,1
整式乘除 100道混合计算题北师大版,1,1
整式乘除的化简求值,1,1
整式加减,1,1
整式口算,1,1
整式混合运算,5,1
整式的乘法,2,1
整式的加减乘除,6,1
整式的加减乘除练习,2,1
整式的运算,10,1
整本书阅读,1,1
數列,1,1
文,1,1
文化常识,3,1
文华学校,3,1
文园中学,1,1
文园中学数学,4,1
文园中学英语,9,1
文园中学语文,5,1
文学类文本阅读,12,1
文学类文本阅读原卷,1,1
文学阅读深圳专用抢分专练,2,1
文山州丘北县,1,1
文山州高中,40,1
文山开学摸底卷,1,1
文山高一上开学摸底卷,1,1
文德学校,3,1
文昌市华侨中学,41,1
文档：【好题汇编】备战2025-2026学年 高一生物下学期期未真题分类汇编（人教版）,1,1
文汇,1,1
文津中学小升初试卷,2,1
文海大联考 2026届G20高三起点考试  新疆,10,1
文海大联考 2026届G20高三起点考试 物理 新疆,2,1
文海大联考 2026届G20高三起点考试 英语 新疆,3,1
文海大联考 2026届G20高三起点考试 语文 新疆,7,1
文清外国语,4,1
文澜中学,10,1
文澜中学八年级期末科学卷,2,1
文澜中学期中科学卷,8,1
文澜中学期末,10,1
文理,7,1
文科数学,12,1
文科综合试卷高考,5,1
文苑2026小升初试卷,1,1
文言 实词 100个单选题,6,1
文言 文100个实词虚词翻译文段,3,1
文言 文120个实词,2,1
文言 文实词 整理和文言虚词,19,1
文言 文实词120 整理和文言虚词,2,1
文言文 0026一轮复习,5,1
文言文 0026一轮复习默写,6,1
文言文 整篇默写,10,1
文言文 默写,10,1
文言文一轮,3,1
文言文专项练习,9,1
文言文全解,1,1
文言文原文,4,1
文言文句式,6,1
文言文句式语法,4,1
文言文实虚词的释义,6,1
文言文实词与虚词,3,1
文言文实词虚词 2026复习专题高考,1,1
文言文山东,3,1
文言文必背虚词实词,2,1
文言文断句,9,1
文言文答题技巧,1,1
文言文练习,1,1
文言文练习初中,1,1
文言文练习初中语文,9,1
文言文练习语文,2,1
文言文练习题,6,1
文言文选择题,5,1
文言文阅读专项,18,1
文言文高中练习语文,2,1
文言文高考,1,1
文言百练,1,1
文言组词,2,1
文言虚词,3,1
斜抛 典型例题习题,1,1
斜抛运动,1,1
斜率,5,1
断魂枪,4,1
新 高一 2026年暑假衔接数学,3,1
新 高一人教a版 2026年暑假衔接数学,2,1
新 高二 2026年暑假衔接数学,2,1
新2026六月三十年湖南省永州市东安县的试卷，六年级期末语文,5,1
新一卷语文,2,1
新三年级数学暑假自学课(北师大版·新教材),2,1
新三年级数学暑假自学课(北师大版·新教材)导学,33,1
新中高级中学,1,1
新丰,10,1
新丰一中,6,1
新乡 获嘉县 七年级 第一初级中学,1,1
新乡 获嘉县 第一初级中学,2,1
新乡 获嘉县 第一初级中学七年级开学摸底,1,1
新乡 获嘉县 第一初级中学七年级摸底,1,1
新乡一中2023-2024年八上数学期末,1,1
新乡一中2024年八上数学期末,3,1
新乡一模,3,1
新交际二上英语,1,1
新交际英语,2,1
新人教七上英语,5,1
新人教九上词汇分类循环练,7,1
新人教版三角形,1,1
新人教版九上第二次月考,2,1
新人教版九上英语词汇分类循环练,3,1
新人教版九年级上册4-6,1,1
新人教版九年级上册数学期末试卷,4,1
新人教版九年级上册第二次,1,1
新人教版九年级上册第二次模拟,1,1
新人教版九年级上圆,1,1
新人教版九年级下册化学常见的盐一轮复习,3,1
新人教版九年级下册化学常见的盐提优试题,1,1
新人教版九年级下册化学溶液中考一轮复习,1,1
新人教版九年级下册化学溶液提优,3,1
新人教版九年级下册化学溶液竞赛题,3,1
新人教版九年级下册电功率培优,1,1
新人教版九年级物理电功率专题提优,4,1
新人教版九年级英语上册4-6,1,1
新人教版九年级英语上册5,1,1
新人教版九年级英语上册U5,1,1
新人教版九年级英语上册测试,1,1
新人教版九年级英语上册第二次,1,1
新人教版九年级英语上册第二次月考,1,1
新人教版八下英语单词短语,8,1
新人教版八下英语单词短语默写,1,1
新人教版数学 8 上三角,11,1
新人教版数学八上三角形旋转问题,3,1
新人教版数学八上关于三角形的模型,13,1
新人教版数学锐角三角函数竞赛题,7,1
新人教版物理九年级下册电功率培优,1,1
新人教版物理九年级下册电功率竞赛题,1,1
新人教版英语单词短语默写,3,1
新人教英语七上,3,1
新人教英语七上资料,1,1
新会一中数学,5,1
新会第一中学,2,1
新余一中2026新高一数学第一次月考,1,1
新余一中高一下,24,1
新八年级物理人教版,3,1
新八校联考,1,1
新兴逸夫中学,1,1
新农大,1,1
新农大附中,1,1
新初一,1,1
新初一入学分班模拟卷 人教版 拔高,5,1
新初一入学考试,1,1
新初一入学考试沈阳,1,1
新初一分班卷,1,1
新初一分班考数学真题北师大版,4,1
新初一分班考武汉语文,6,1
新初一分班考武汉语文作文,5,1
新初一分班考英语,1,1
新初一分班考试,1,1
新初一分班考试卷,32,1
新初一分班考语文试卷,11,1
新初一沈阳,1,1
新初一科巴入学考,8,1
新初二数学开学测,4,1
新力量联盟,2,1
新北师大版2026年七年级数学下册第五章图形的轴对称知识归纳与题型突破,8,1
新区一中,1,1
新华中学,8,1
新华中学开学考,3,1
新华中学语文期中七上,1,1
新华初,3,1
新华区,8,1
新华区2026期末,5,1
新坐标,1,1
新坐标 生物选择性必修3 青海专用 章末过关检测,5,1
新坐标物理选择性必修二,1,1
新坐标物理选择性必修二配套分层作业,3,1
新城初中,5,1
新城初中入学考试,1,1
新外研版2026英语九年级上册一到三单元短语,2,1
新外研社英语,1,1
新大一新生英语开学考试试卷,1,1
新安县2025-2026九上化学期末试卷,2,1
新安县实验初中,1,1
新安县实验初中新安县2025-2026九上化学期末试卷,1,1
新定义 1 七下数学,1,1
新定义 1 七下数学题型,1,1
新定义 1 数学压轴,3,1
新定义 高一上,5,1
新定义 高中数学,1,1
新定义共心,1,1
新定义题型,7,1
新密市六年级上册期中考试,7,1
新川中学,6,1
新市区期末考试卷,5,1
新教材 高考真题按章分类,4,1
新教材九年级语文必背古诗词,2,1
新教材八上英语第六单元教学设计,7,1
新教材政治九上第一课练习,3,1
新教材精创,8,1
新教材语文必背古诗词,1,1
新新考案,1,1
新时代高中,1,1
新是2023年初中毕业生学生水平考试数学,12,1
新月虚拟创新联盟高三年级第1次联考数学试题卷,1,1
新月虚拟创新联盟高三年级第1次联考语文试题卷,3,1
新未来2025-2026高三9月生物,5,1
新未来七月,1,1
新未来高二上开学考,1,1
新概念02,1,1
新概念1,7,1
新民市公主屯学校初中英语8上月考试卷,13,1
新民市高级中学,5,1
新沂市阿湖中学,1,1
新沂月考试卷高一,6,1
新河实验学校,2,1
新泰8下期末语文,2,1
新泰一中月考,11,1
新泰市,5,1
新泰市七年级上册数学期中,6,1
新泰市实验中学,4,1
新洲一中高三一轮物理,8,1
新海,1,1
新海高级中学高一,2,1
新海高级中学高一期中数学,1,1
新海高级中学高一英语,3,1
新淮高级,4,1
新版人教版九年级物理电功率培优,2,1
新版人教版九年级物理电功率提优,4,1
新版人教版九年级物理电功率竞赛题,6,1
新版北师大版数学九年级一二单元测试卷,1,1
新版北师大版陕西数学九年级一二单元测试卷,1,1
新版外研版英语,3,1
新班联考高二英语,1,1
新生,1,1
新生入学考试,5,1
新生开学分班考 高一,23,1
新田一中入学考试卷,7,1
新田一中入学考试卷数学,1,1
新田一中入学考试卷数学2026,6,1
新田二中入学考试卷,2,1
新疆 中考 听力 MP3,13,1
新疆2024到2025六年级数学下册期末检测质量卷,1,1
新疆2025年地理高考题（7月,2,1
新疆2025年高考题（7月,3,1
新疆2026高考一模,2,1
新疆2026高考理科一模,5,1
新疆70中,1,1
新疆七年级上学期阶段检测,4,1
新疆七年级下学期期末,1,1
新疆七年级分班,2,1
新疆中考复习,1,1
新疆乌鲁木齐2025至2026学年度上学期12月份试卷,14,1
新疆乌鲁木齐市第一中学2024-2025学年高一下学期开学考试语文试题,1,1
新疆乌鲁木齐市第一中学入校衔接开学考试数学,1,1
新疆乌鲁木齐市第一中学新高一开学入校衔接开学考试数学,1,1
新疆乌鲁木齐市第一中学高一入校衔接开学考试数学,1,1
新疆乌鲁木齐市第一中学高一入校衔接开学考试语文试题,1,1
新疆乌鲁木齐数学八年级期末试卷,1,1
新疆乌鲁木齐联考卷2026高二,3,1
新疆五年级下学期期末,2,1
新疆人教版必修二地理每日默写小纸条 试卷及答案,1,1
新疆人教版高一必修二地理每日默写小纸条 及答案,5,1
新疆人教版高一必修二地理每日默写小纸条 及答案知识点,4,1
新疆人教版高一必修二地理每日默写小纸条 试卷及答案,3,1
新疆伊宁县英塔木镇中学,4,1
新疆伊犁哈萨克自治州2025‑2026学年第二学期期末学情质量监测 高一,1,1
新疆伊犁州2025至2026学年第二学期期中英语测试卷，高一,4,1
新疆伊犁州2026期末试卷,4,1
新疆伊犁维吾尔自治区七年级上学期阶段检测,3,1
新疆伊犁维吾尔自治区七年级上学期阶段检测 道法,7,1
新疆伊犁维吾尔自治区七年级上学期阶段检测 道法 12月份 阶段测试,2,1
新疆八年级上学期期末,2,1
新疆八年级英语,3,1
新疆八年级语文,3,1
新疆六年级下学期升学真题,4,1
新疆六年级下学期阶段检测,6,1
新疆兵团八年级下册期末历史试卷2025,3,1
新疆兵团高一下学期阶段检测,4,1
新疆农业大学附属中学中考模拟试卷2026,1,1
新疆农大附属中学中考模拟试卷,1,1
新疆农大附属中学中考模拟试卷2026,1,1
新疆分班数学,1,1
新疆创班九年级开学摸底,3,1
新疆初一分班数学,3,1
新疆初中分班数学,2,1
新疆升学模考,5,1
新疆华山中学开学测,1,1
新疆华山中学摸底,1,1
新疆华山创班摸底,1,1
新疆名校高一下数学期末考试卷,1,1
新疆和静高一下学期阶段检测,3,1
新疆喀什8年级下册语文期末卷子,7,1
新疆喀什六年级数学,1,1
新疆喀什分班,3,1
新疆喀什初中分班,1,1
新疆喀什地区八年级下册期末历史试卷2025,1,1
新疆四年级下册试卷,1,1
新疆四年级下学期阶段检测,5,1
新疆实验中学高一期末卷,6,1
新疆库尔勒四年级下册试卷,4,1
新疆数学,1,1
新疆数学七下期末试卷,3,1
新疆数学高一,6,1
新疆昌吉市高一期中卷,1,1
新疆昌吉市高一期中卷历史,1,1
新疆期末,5,1
新疆第89中学高二联考卷,1,1
新疆维吾尔族2026中考,3,1
新疆维吾尔自治区,1,1
新疆维吾尔自治区吐鲁番市2024 2025第二学期期末测试卷 语文 吐鲁番 统考,1,1
新疆维吾尔自治区吐鲁番市初一分班考,8,1
新疆维吾尔自治区库尔勒市第八小学四年级下册试卷,5,1
新疆维吾尔自治区新疆生产建设兵团2025年初中学业水平考试,9,1
新疆维吾尔自治区新疆生产建设兵团2026年初中学业水平考试语文试卷题,3,1
新疆维吾尔自治区高中学业水平考试,5,1
新疆联考卷,12,1
新疆联考卷奇台,1,1
新疆联考卷昌吉,3,1
新疆英语,1,1
新疆英语中考听力,3,1
新疆阿拉尔市,1,1
新疆阿拉尔市第一师九团中学,4,1
新疆高一下学期期末,3,1
新疆高一下学期阶段检测,1,1
新疆高一分班,1,1
新疆高一分班八中,1,1
新疆高中分班,1,1
新疆高二上学期阶段检测,3,1
新疆高考2026年真题卷子,1,1
新罗区2024-2025学年八年级上册期末试卷,4,1
新罗区2025-2026学年八年级上册试卷,4,1
新苏教四上,3,1
新观察,1,1
新观察 九上数学 湖北,3,1
新观察人教版八年级上册,9,1
新课堂A B卷,1,1
新课堂AB卷,1,1
新课标 1 1卷 高考,1,1
新课标 1 1卷 高考2025,1,1
新课标一卷,1,1
新课标一卷26,5,1
新课标同步练习册地理选3,1,1
新课标外研版英语试卷中考,1,1
新课标英语八年级下册试卷,4,1
新课程学案,3,1
新课程能力培养,8,1
新课程能力培养精通,14,1
新课程能力培养精通单元,4,1
新课程能力培养选择性必修二,3,1
新起点,1,1
新起点考试,6,1
新起点考试9月联考,9,1
新邵,1,1
新邵八年级数学,1,1
新邵县三中,1,1
新闻知识点清单,10,1
新阵地,5,1
新阵地联盟,2,1
新风港高级中学,1,1
新高一9月分班考试卷,18,1
新高一上学期 开学考,27,1
新高一九月开学考,12,1
新高一人教A版数学暑假预科讲义,3,1
新高一假期质量数学卷,21,1
新高一入学考,3,1
新高一入学考深圳实验高中园入学考试,2,1
新高一分班考深圳,1,1
新高一分班考深圳实验高中园入学考试,2,1
新高一分班考深外高中园入学考试,3,1
新高一分班考深外高中园入学考试、深圳实验高一摸底,4,1
新高一分班考试卷,5,1
新高一初升高衔接卷,1,1
新高一历史开学考,3,1
新高一开学分班考试,3,1
新高一开学摸底考试,2,1
新高一开学考化学试卷,1,1
新高一开学考试卷,4,1
新高一开学考试卷湖北,15,1
新高一强基测试,1,1
新高一政治开学考,5,1
新高一物理课本,1,1
新高一英语,3,1
新高一英语开学考,3,1
新高一英语必背单词,1,1
新高一高二作文,1,1
新高三,2,1
新高三2025年开学摸底考山东泰安,3,1
新高三上学期开学考,36,1
新高三开学摸底考,1,1
新高三开学摸底考2025年,1,1
新高三开学摸底考山东泰安,3,1
新高三数学,1,1
新高三数学开学考,1,1
新高三秋季入学摸底考试,7,1
新高三秋季入学摸底考试江西萍乡！,3,1
新高三第一学期开学考,1,1
新高二,2,1
新高二化学暑假作业,1,1
新高二开学考,31,1
新高二收心考,8,1
新高二苏教版化学暑假预习讲义,3,1
新高考 1,1,1
新高考 2卷2026,2,1
新高考1卷2026,1,1
新高考1卷数学2026,1,1
新高考1卷语文,3,1
新高考2022,4,1
新高考2022一卷,2,1
新高考2卷,1,1
新高考2卷数学,6,1
新高考2卷语文,3,1
新高考AI方案,1,1
新高考i卷高频词词形转换,7,1
新高考一卷2022语文,2,1
新高考一卷数学,1,1
新高考二卷,1,1
新高考二卷2025,1,1
新高考二卷2025年各科,6,1
新高考二卷数学二五年,1,1
新高考二卷物理,1,1
新高考二卷英语,1,1
新高考二卷语文,4,1
新高考全国一卷,5,1
新高考备考资料 常见成语1000例 据释义填成语,1,1
新高考备考资料常见成语1000例,4,1
新高考备考资料常见成语1000例释义填成语,12,1
新高考方案,1,1
新高考方案2027高三总复习生物,1,1
新高考方案2027高三总复习生物PPT,3,1
新高考方案2027高三总复习英语,7,1
新高考方案生物,1,1
新高考物理答题卡,3,1
新高考英语专项突破,5,1
新高考语文,5,1
新高考语文必背60篇理解性默写,1,1
新高考语文必背60篇诗文突破,3,1
新高考重庆历史试卷,5,1
新鲁教八上英语听力,10,1
新鲁教英语八上听力,12,1
新鲁科版八上英语听力,2,1
新鲁脚英语八上听力,1,1
方位介词,3,1
方城,7,1
方城一高,4,1
方城县2026七年级下册期末英语卷子,3,1
方城县末,13,1
方城县第一高中开学考试,3,1
方城县第一高级中学2025高二开学预习效果检测化学,6,1
方城县第一高级中学高一下第一次月考数学,1,1
方城县第一高级中学高二上第一次月考数学,4,1
方城月考,2,1
方程专项,3,1
方程八年级,3,1
方程式,1,1
方程式书写,2,1
方程式配平,3,1
方程组与不等式,10,1
旅游,1,1
旅游方案,1,1
旅顺中学,8,1
旋转三角形问题人教版,3,1
旋转全等型是手拉手模型吗,1,1
旋转对称,13,1
旋转提升,3,1
旋转难题,1,1
无,1,1
无为中学,2,1
无人机,2,1
无忧小卷,10,1
无机化学考试真题,1,1
无棣县七上期中地理,4,1
无理数,2,1
无锡0 202 6 高三 三模语文,4,1
无锡0 202 6 高三 语文,6,1
无锡三校联考听力,2,1
无锡东林中学,11,1
无锡中考,3,1
无锡中考2023,1,1
无锡中考2026,1,1
无锡中考数学,18,1
无锡中考物理,5,1
无锡中考语文,2,1
无锡九上期中语文,1,1
无锡侨谊中学2026八年级下册期末英语试卷,1,1
无锡侨谊中学2026八年级下册英语试卷,3,1
无锡八上月考数学,2,1
无锡八上期中数学考试,19,1
无锡八上物理第一次月考,3,1
无锡八上语文期中测试卷,1,1
无锡初一分班考试,1,1
无锡初一分班考试数学,4,1
无锡初三语文卷,3,1
无锡单招,1,1
无锡小升初分班,1,1
无锡小升初分班考试,1,1
无锡市2025年中考历史,10,1
无锡市2025年中考英语,2,1
无锡市2026八年级下册语文期末考试,1,1
无锡市2026年中考历史,3,1
无锡市八下数学期末考,4,1
无锡市天一中学,4,1
无锡市市北,20,1
无锡市惠山区2026中考卷,1,1
无锡市普通高中2025年春学期高一期终调研考试试题,7,1
无锡市洛社高级中学。,2,1
无锡市英语中考真题,1,1
无锡市锡山高级中学,7,1
无锡市锡山高级中学中考模拟,1,1
无锡市高一期末数学试卷,2,1
无锡数学,20,1
无锡数学藕塘,8,1
无锡期末,1,1
无锡期末八年级数学,3,1
无锡期末八年级数学上学期,1,1
无锡期末联考,29,1
无锡物理,42,1
无锡英语中考2026,1,1
无锡锡山高级中学,5,1
无锡高一期模,2,1
无锡高一生物,7,1
无限碰撞,11,1
日坛,4,1
日新中学,1,1
日本,1,1
日照2022级高三开学考,8,1
日照2022级高三开学考数学,1,1
日照2023级高三开学考,10,1
日照2025-2026高三开学考政治,3,1
日照2025小升初青苗考试题,2,1
日照2025青苗考试题,1,1
日照2026高一,1,1
日照2026高一生物,1,1
日照一中,4,1
日照一中数学第一单元检测,3,1
日照一中高一上学期化学月考试题,4,1
日照一中高三开学考上学期,21,1
日照中考,1,1
日照实验高一上月考,1,1
日照实验高一下,3,1
日照实验高一下月考,7,1
日照实验高二,4,1
日照市2023级高三上学期校际联合开学考,5,1
日照市2026高一下学期,3,1
日照市七年级试卷,1,1
日照市北京路中学,1,1
日照市小升初试卷,3,1
日照市新营中学,11,1
日照市校际联合开学考,3,1
日照市校际联合开学考高二,1,1
日照市校际联合开学考高二上学政治25,1,1
日照市校际联合开学考高二上学期,3,1
日照市校际联合开学考高二上学期25,38,1
日照市校际联合开学考高二上学期政治25,3,1
日照市校际联合开学考高二历史,3,1
日照市校际联合开学考高二历史25,1,1
日照市校际联合开学考高二政治25,1,1
日照市第三中学,2,1
日照市经开区六年级下册数学期末试卷2025到2026,1,1
日照市高一下学期期末数学2025,1,1
日照市高一下学期期末物理2025,6,1
日照市高一期末,8,1
日照市高三上学期化学校际联合考试,4,1
日照市高三上学期政治校际联合考试,2,1
日照市高三上学期物理校际联合考试,2,1
日照市高中,2,1
日照开学校际联考,10,1
日照开学考化学,3,1
日照开学考试高三,1,1
日照新营中学九年级上册道德与法治10月月考,1,1
日照新营中学九年级上册道德与法治第一次月考试题,7,1
日照新营中学九年级下册化学一模,5,1
日照新营中学九年级下册化学二模,2,1
日照新营中学九年级下册化学二模试卷,1,1
日照新营中学九年级物理二模试卷,2,1
日照校际联考,6,1
日照物理模拟,6,1
日照物理高考模拟,3,1
日照青苗班2025年试卷,1,1
日照青苗计划试卷,2,1
日照高一上学期期中联合考试,9,1
日照高一下学期期中物理,3,1
日照高一开学考,1,1
日照高一期末校际联考,1,1
日照高一校际联考,1,1
日照高三上期中化学,2,1
日照高三开学考数学,3,1
日照高三开学考语文,9,1
日照高二上期末化学,1,1
日照高二下期末,1,1
日照高二下期末政治,1,1
日照高二化学,4,1
日照高质量卷子,19,1
日语2026高一期末试卷,5,1
日语Z20,13,1
日语Z202026,3,1
日语Z202026界,1,1
日语七年级同步练习册,1,1
日语免费,3,1
日语八年级,7,1
日语初级1,2,1
日语初级1总考,3,1
日语卷子,3,1
日语四级,2,1
日语学科五音试答,3,1
日语广州高三一模25,12,1
日语必修一,1,1
日语教程1总考,1,1
日语新高二2026年开学考。,5,1
日语河南,9,1
日语深圳25一模,5,1
日语深圳25高三下学期,1,1
日语深圳调研,1,1
日语深圳调研25,1,1
日语深圳高三下学期25,3,1
日语第五课七年级,1,1
日语第六课,1,1
日语高一,4,1
日语高考,3,1
早背晚默,3,1
早背晚默小纸条,12,1
旬邑,25,1
时事热点,3,1
时代精神的精华,4,1
时代精神的精华练习题,2,1
时光的刻度,1,1
时差计算,4,1
时差计算地理高考,4,1
时态 100题,5,1
时态专项训练,1,1
时文 2006阅读英语,6,1
时文阅读八年级,18,1
时文阅读八年级译林,1,1
时评2026 时事热点素材,7,1
时钟计算,1,1
时间,2,1
昆一,1,1
昆一中2024-2025年度下学期期中考高一英语,1,1
昆一中西山学校2025年秋季学期1月月考试卷高一生物,1,1
昆一高一数学,4,1
昆三中分班考,1,1
昆三中分班考卷,2,1
昆三中分班考高一,1,1
昆三中创新班真题卷,5,1
昆三中高一开学考,1,1
昆中高一数学,8,1
昆八中分班考试,1,1
昆八中开学考,6,1
昆八中高三数学,1,1
昆区三中八上物理期中真题,2,1
昆区三中物理期中真题,2,1
昆十中,4,1
昆十四中开学考高一,1,1
昆山 分班考,1,1
昆山3年级数学下学期江苏,5,1
昆山4年级数学下学期,2,1
昆山4年级数学下学期江苏,3,1
昆山5年级数学上学期,3,1
昆山6年级数学小升初考试卷,12,1
昆山6年级英语,2,1
昆山一中,1,1
昆山七上期中,3,1
昆山七上英语试卷,5,1
昆山七年级上学期期中,1,1
昆山七年级期中,1,1
昆山七年级秋季开学分班,6,1
昆山中学,4,1
昆山中学高一上学期,1,1
昆山四市,9,1
昆山小升初,1,1
昆山小升初英语2026,11,1
昆山市,5,1
昆山市初中分班考,119,1
昆山市小升初英语试卷,16,1
昆山开发区实验学校,1,1
昆山开发区实验学校七年级,1,1
昆山期中,1,1
昆山期末,23,1
昆山柏庐高级中学,9,1
昆山震川,2,1
昆山震川中学,1,1
昆山震川中学物理,1,1
昆山震川中学高一,1,1
昆山震川中学高一物理,3,1
昆山震川高二上,1,1
昆明七年级下册生物期末测试卷,4,1
昆明三中/十中九年级开学考英语真题,2,1
昆明东川,3,1
昆明安宁中学,1,1
昆明安宁华清中学,3,1
昆明市2022～2023高二期末英语试卷,3,1
昆明市2027届高三语文质量检测,11,1
昆明市九年级上学期开学考试语文真题,2,1
昆明市五华区2025,10,1
昆明市五华区2026-2027,1,1
昆明市五华区2026-2027分班考,2,1
昆明市五华区小升初分班考,15,1
昆明市五华区钟英实验,2,1
昆明市五华区钟英实验六年级,12,1
昆明市昆三中,25,1
昆明市盘龙区初一分班考试卷数学,1,1
昆明市第三中学,4,1
昆明市第三中学物理,1,1
昆明市第三中学高2026届高三年级上学期10月月考考试,1,1
昆明市第三中学高一分班考真题卷,4,1
昆明市第八中学高一上学期数学期中考试试卷,5,1
昆明市统测,1,1
昆明市统测化学,1,1
昆明市统测化学高二,1,1
昆明市西山区,1,1
昆明市高一市统测,5,1
昆明晋宁,1,1
昆明晋宁一,1,1
昆明晋宁一中,1,1
昆明统测,1,1
昆明统测高一,1,1
昆明重点中学九年级开学考数学真题,2,1
昆明高三,1,1
昆明高三数学,4,1
昆虫记阅读任务单,10,1
昆虫记阅读任务的,1,1
昌吉州高二下期末,1,1
昌吉州高二期末,1,1
昌图,4,1
昌平区,7,1
昌平区2025 2026第二学期期末考试,3,1
昌平区2025年8年级上学期数学期中试卷,1,1
昌平区第二学期高二年级期末质量检测,4,1
昌济高一入学考,2,1
昌黎 开学,1,1
昌黎一中,1,1
昌黎县八年级下册英语试卷2026年,1,1
明光三中高三开学考,1,1
明德,1,1
明德中学开学考试,1,1
明德中学高一入学考试,3,1
明德中学高一分班考试,1,1
明德教育集团,7,1
明德雨花,2,1
明德高三开学考,8,1
明心,4,1
明清中国版图的奠定与面临的挑战,1,1
易金卷八上期中数学,4,1
易错一考点专练八年级上册英语人教版,7,1
易错易考点专练，八年级上册,1,1
易错点,10,1
易错点01 物理,1,1
易错点物理,12,1
昔有大长者子,1,1
昔阳中学,1,1
昔阳中学高三八月考,3,1
星城教育,1,1
星海,1,1
星海20252026高一上学期,3,1
星海20252026高一上学期化学期中,2,1
星海实验中学,9,1
星湖学校,2,1
星湾中学,1,1
星耀,6,1
春 2025教学设计,1,1
春季高级英语试卷广东,2,1
春季高考3+证书,3,1
春季高考数学真题广东,3,1
春江花月夜/张若虚,3,1
春江花月夜理解性默写,10,1
春申中学月考卷,6,1
春考2025年语文卷,8,1
春考广东,2,1
春考护理妇产练习题型,2,1
春考真题,2,1
春雨鸡油菌,5,1
昭一中,3,1
昭一中联盟高二上学期期末物理卷,3,1
昭一中高二上学期期末物理卷,1,1
昭通,12,1
昭通一中教研联盟2026年春季学期高二年级期末考试数学（B卷）,2,1
昭通市2025届高中毕业生诊断性检测 思想政治试卷,4,1
昭通市2026春季学期期末试卷,3,1
昭通市四年级下册试卷,4,1
昭通市盐津县,19,1
昭通市盐津县2026春季学期期末试卷,1,1
昭通市第一中学教研联盟,3,1
昭通市第一中学教研联盟2026秋季化学期末A卷,2,1
昭通市第一中学教研联盟A卷,9,1
昭通语文,3,1
昭阳区一中,1,1
是2026版武汉勤学早直播课堂八年级上册数学人教版,3,1
晋中市2026年第一次高考模拟考试,5,1
晋城一中2024年开学考,5,1
晋城一中开学考,2,1
晋城一中（南岭）2023‑2024学年高二上学期开学测试数学,2,1
晋城市城区初一期中,8,1
晋城市城区初一期中语文,1,1
晋城市第一中学校,2,1
晋州市,9,1
晋教版七年级上册地理导学方案电子课本,3,1
晋文源,2,1
晋江一中 高二数学周测卷,7,1
晋江一中七年级,2,1
晋江七年级上开学考英语,6,1
晋江七年级开学考英语,1,1
晋江七年级开学考语文,3,1
晋江九月统考,1,1
晋江初中分班考试卷,3,1
晋江南侨,1,1
晋江子江,1,1
晋江季延期中物理,1,1
晋江学校,1,1
晋江学校 高二数学周测卷,3,1
晋江学校九年级上册期末模拟卷 2025~2026年,1,1
晋江学校九年级上册期末模拟卷 2025~2026年 数学,3,1
晋江安海镇五校七年级开学考语文答案卷,1,1
晋江小学升初一分班考试卷,2,1
晋江小学毕业考语文,1,1
晋江小学毕业考语文下学期,1,1
晋江小学毕业考语文六年级下学期,1,1
晋江市深沪中心小学,3,1
晋江平山,1,1
晋江毓英,3,1
晋江罗山中学,3,1
晋江英林,1,1
晓升中学,2,1
普兰店区八年级上册数学期末,4,1
普宁2027,1,1
普宁一中,1,1
普宁二实学校,3,1
普宁华美实验学校,2,1
普宁小学毕业考试小考,16,1
普宁市,6,1
普宁市7年级上册英语英语期中,8,1
普宁市。,4,1
普宁市七上入学考,1,1
普宁市华侨中学,7,1
普宁市华南实验学校九年级数学,2,1
普宁市华美九年级,2,1
普宁市华美九年级数学,3,1
普宁市华美实验中学,10,1
普宁市潮实高级中学,3,1
普宁市第一中学,18,1
普宁市第三中学,3,1
普宁市第二中学,7,1
普宁市鸣岗初级中学,2,1
普宁市鸣岗小学,1,1
普宁统考,16,1
普洱中学,1,1
普通高中2025-2026学年（下）高二年级期中考试试题,3,1
普通高中合格性考试,4,1
普通高中学业水平考试,11,1
普通高中学业水平选择性考试 化学 河北卷 2025,1,1
普通高中摸底考高三,2,1
普通高中春季,9,1
普通高等学校全国统一卷生物,2,1
普陀,1,1
普陀区,1,1
普集高级中学,2,1
景德镇,1,1
景德镇2024～2025上年度九年级上册,8,1
景德镇2025～2026上年度九年级上册,5,1
景贤学校,5,1
晶体,2,1
晶体结构与晶体性质,4,1
晶胞,2,1
晶胞常识及有关计算,1,1
晶胞的计算,6,1
晶胞高考,8,1
晶胞高考化,1,1
晶胞高考题综合,10,1
智信中学,1,1
智考真题网,4,1
智考真题罔,1,1
智能组题,1,1
暑,1,1
暑假,1,1
暑假 作业,1,1
暑假 化学 九年级上 学案,5,1
暑假 自学课,14,1
暑假专题练习02二次函数,5,1
暑假作业01平面向量的概念及计算,11,1
暑假作业02,9,1
暑假作业03,1,1
暑假作业04 电磁振荡、电磁波、传感器(巩固培优) 高二物理,6,1
暑假作业08暑假作业特殊四边形几何模型与证明其题型70题,1,1
暑假作业08特殊四边形几何模型与证明7题型70题,1,1
暑假作业10定语从句,3,1
暑假作业天天练,14,1
暑假作业概率与统计综合,3,1
暑假作业每日一练,6,1
暑假作业特殊四边形几何模型与证明其题型70题,3,1
暑假八年级,5,1
暑假分层作业 01,7,1
暑假分班考 初一,1,1
暑假培优练,3,1
暑假复习讲义,5,1
暑假复习讲义动量,1,1
暑假学习成果检测 （1~7单元）新九年级化学新教材人教版,3,1
暑假提升方案,2,1
暑假收心卷01(暑假测试),3,1
暑假收心卷02(暑假测试)新高二,3,1
暑假收心卷二语文,1,1
暑假结业测试卷基础篇人教A版,5,1
暑假自学课化学碳和碳的氧化物,1,1
暑假自学课物理,4,1
暑假自学课物理电能 电工,1,1
暑假自学课精品人教版视频课九年级数学,3,1
暑假英语,3,1
暑假计算能手二升三,4,1
暑假预习成果验收卷,11,1
暑假预习成果验收卷02（1~6章）（暑假测试）新九年级化学新教材沪教版,3,1
暑期,7,1
曲江一中,1,1
曲江一中九年级上册,5,1
曲江三中,15,1
曲线运动专题,6,1
曲阜市小升初分班考,4,1
曲阳县,7,1
曲阳永宁高一,1,1
曲靖,1,1
曲靖一中2027级期末数学检测卷,1,1
曲靖一中卓立,2,1
曲靖一中麒麟学校,3,1
曲靖五年级上册语文期末试卷,2,1
曲靖市2025年初三上学期物理期末测试卷,2,1
曲靖市2025年初二F学期语文期末试卷,1,1
曲靖市2025年初二下学期语文期末试卷,6,1
曲靖市七上历史,1,1
曲靖市新高一分班模拟卷,4,1
曲靖市新高一分班模拟卷。,1,1
曲靖市新高一分班考试,11,1
曲靖民族中字,2,1
曲靖麒麟区五年级上册语文期末试卷,2,1
曹刿论战字词解释,1,1
曹县期末物理,1,1
曹县期末生物,6,1
曹操,2,1
曹杨二中 数学,6,1
曹杨二中 物理,4,1
曹阳二中,1,1
曾都区,4,1
曾都区五年级上册数学期末,2,1
曾都区五年级上册语文期末,2,1
曾都区五年级下学期语文试卷,4,1
曾都区初一上册英语,3,1
最值,4,1
最值 12种模型 专练,1,1
最值和不等式相关,2,1
最值最不利构造,1,1
最值问题 奥数,1,1
最值问题阿氏圆,2,1
最后一卷,1,1
最后一题,2,1
最小公倍数,1,1
最新,8,1
最新2026唐山七下统考卷在这里，有试卷+听力音频，少量储值下载，下载完直接打印 。,5,1
最新真题分类特训,9,1
最爱,1,1
最难的,3,1
月相,5,1
月相  高中地理真题,1,1
月相 变化 规律 高中地理真题,1,1
月相地理,3,1
月考 化学,9,1
月考 南京,12,1
月考 第一次数学九上人教版临沂,28,1
月考 第一次数学九上人教版临沂罗庄区,9,1
月考 第一次数学高一上册,10,1
月考 第一次物理高一上册,3,1
月考10月物理,4,1
月考42中,3,1
月考九年级,1,1
月考八上,3,1
月考八上重庆一中,45,1
月考卷 九上第一次月考,1,1
月考卷数学八上第一次,1,1
月考卷物理八上第一次,1,1
月考卷，九上第一次月考,25,1
月考卷，九上第一次月考134,1,1
月考四十二中学,4,1
月考大连,10,1
月考定陶,9,1
月考数学,2,1
月考第一 次邳州二零二五到二零二六年月考试卷物理八年级上册,1,1
月考英语,12,1
月考试卷,2,1
月考重庆八中,1,1
月考题,5,1
有。天津市南开区高三一模,1,1
有。天津市南开区高三一模英语,2,1
有一套数学七下信阳市2024一2025,10,1
有丝减数,2,1
有丝分裂与减数分裂,5,1
有丝分裂与减数分裂的比较及显微图像分析,1,1
有丝分裂和减数分裂,3,1
有丝分裂和减数分裂 2026一轮专题,6,1
有关于土豆模型的题。,8,1
有关平均速度,2,1
有关硫的实验题,5,1
有提示词,4,1
有机 化学,1,1
有机 化学1轮 反应方程式,4,1
有机 化学专题,8,1
有机 化学基础专题,1,1
有机 北京,3,1
有机专项,1,1
有机化合推断题,15,1
有机化学 知识点汇总,1,1
有机化学基础高一,1,1
有机化学大题江西,2,1
有机化学必修2,1,1
有机化学知识点,4,1
有机化学高一,8,1
有机化学高一重庆,1,1
有机合成 10年真题 有机合成,5,1
有机合成大题,2,1
有机合成推断大题,1,1
有机合成新疆,1,1
有机实验大题,4,1
有机物,16,1
有机物命名,4,1
有机练习题,5,1
有机练习题化学,1,1
有机结构,4,1
有理数zuoxuan运算,1,1
有理数七上人教版2024版课程,9,1
有理数专项,5,1
有理数乘除,4,1
有理数乘除专训,6,1
有理数人教版,2,1
有理数北师大,1,1
有理数北师大试卷,3,1
有理数及其运算基础,4,1
有理数及其运算，整式及其加减,1,1
有理数混合运算100题,6,1
有理数混合运算专题,6,1
有理数混合运算天津,5,1
有理数的100混合运算练习,7,1
有理数的加减法,1,1
有理数的加减混合运算,2,1
有理数的混合运算,4,1
有理数的混合运算练习,10,1
有理数的计算,1,1
有理数简便计算,3,1
有理数计算,1,1
有理数计算题,3,1
有理数计算题专练,1,1
有理数试卷,6,1
有理数运算,1,1
有理数，整式测试卷,3,1
有答案,3,1
有答题卡配套,8,1
服装设计,4,1
服装设计理论,1,1
望一入学考试试卷,1,1
望六,3,1
望城,1,1
望城一中,1,1
望城区期末2026年八下,8,1
望城区第二中学,2,1
望城区第六中学,3,1
朝华夕拾 10篇练习题,15,1
朝华夕拾 10篇练习题中考,2,1
朝华夕拾 1和西游记的名著阅读问答题,15,1
朝花夕拾,1,1
朝花夕拾试卷,13,1
朝阳一中,4,1
朝阳一高高一开学考,2,1
朝阳二高,1,1
朝阳八上数学,2,1
朝阳初三数学期中,1,1
朝阳初二数学2025 2026,1,1
朝阳初二物理,1,1
朝阳区2025~2026第二学期期末考试,6,1
朝阳区七下,1,1
朝阳区七下24-25,1,1
朝阳区期末,3,1
朝阳外国语,2,1
朝阳市二高中高三暑假数学学科自学检测试卷,4,1
朝阳期末,6,1
朝阳高一下期末物理,3,1
期 末测试卷,23,1
期中 南京,4,1
期中 高二上学期  语文  无锡,2,1
期中.,2,1
期中2024-2025济南槐荫区,5,1
期中21到22,3,1
期中卷 烟台 高二上,12,1
期中卷子,7,1
期中复习八上,1,1
期中复习八上物理,1,1
期中复习知识清单（第一~三单元）-2025-2026学年统编版道德与法治八年级下册.docx,10,1
期中复习讲义,3,1
期中数学,10,1
期中数学高一上育明2025,2,1
期中数学高一育明2025,3,1
期中月考,1,1
期中沈河八上,6,1
期中测试题（二）-【新课程能力培养】2025-2026学年八年级上册数学人教版,5,1
期中考试沪科,7,1
期中考试生物高二上学期,5,1
期中考试英语高一湖南,3,1
期中英语,2,1
期中试卷,9,1
期中试卷八上物理,1,1
期初 高三 调研 9月,1,1
期初 高三 调研 9月盐城,6,1
期初上学期考试高二化学辽宁,1,1
期初上学期考试高二名校联盟生物,1,1
期初上学期考试高二物理辽宁,8,1
期初上学期考试高二生物辽宁,2,1
期初考试高二,1,1
期初考试高二名校联盟物理,3,1
期望,1,1
期望的叠加和递推,1,1
期末 2025 2026七下期末测试卷,8,1
期末 复习,5,1
期末 考试 2025 2026 高一 下,6,1
期末 试卷,6,1
期末 高二上学期  数学  无锡,3,1
期末 高二上学期  语文  无锡,1,1
期末.,1,1
期末2026年7下数学湖北,1,1
期末2026年7下数学湖北咸宁,1,1
期末七年级英语学业质量检测试题,1,1
期末三年级英语学业质量检测试题,12,1
期末三年级英语学业质量检测试题王朝霞,2,1
期末八下,4,1
期末八年级物理,4,1
期末冲刺选择题快速练,3,1
期末单词表 每日默写小纸条,6,1
期末单词表每日默写小纸条 中英互默(共27天)‑2025‑2026学年仁爱科普版英语八年级上册,8,1
期末卷冲刺卷三,3,1
期末卷子,2,1
期末卷数学人教五下专项分类卷,48,1
期末历史义乌市,2,1
期末压轴80题,18,1
期末地理试卷,6,1
期末地理高一下,1,1
期末复习,5,1
期末复习专题九上物理,1,1
期末复习卷,1,1
期末复习卷三,4,1
期末复习资料,5,1
期末必刷卷,1,1
期末必刷卷八年级下册数学,1,1
期末必备清单,1,1
期末怀化,13,1
期末数学试卷,17,1
期末模拟卷,2,1
期末沈河七下,1,1
期末沈河八上,1,1
期末物理,1,1
期末生物联考试卷江苏,1,1
期末生物联考试卷江苏省着点,3,1
期末生物联考试卷江苏省着点25-26,1,1
期末真题,12,1
期末综合测试,3,1
期末综合测试勤径学升,2,1
期末综合测试勤径学升人教版,3,1
期末考试化学高一下学期江苏南通,1,1
期末考试卷2025 2026,14,1
期末考试卷陕西,7,1
期末考试科学,19,1
期末考试长郡中学,4,1
期末联考高一下册地理仙桃湖北（质量检测）,3,1
期末联考高一下册地理仙桃（质量检测）,1,1
期末英语,10,1
期末试卷数学,3,1
期末试卷数学高一下,1,1
期末资料,18,1
期末铜盘,9,1
期末高一,9,1
期末高一下,30,1
期来,1,1
木板与滑块,3,1
木牍人教版英语七年级下册期末试卷,15,1
未央区二模,6,1
未来城,7,1
未知起始位置的w范围问题,1,1
本溪,3,1
本溪一中高三上数学,2,1
本溪三模,11,1
本溪九上期中,19,1
本溪市小升初卷纸,1,1
本溪市第一高级中学,1,1
本溪市第十二中学,2,1
本溪市高级中学,2,1
本溪高三上数学,5,1
朴,1,1
机械振动,4,1
机械振动与机械波,4,1
机械效率,2,1
机械波专题,1,1
机械波专题粤教版,6,1
机械波和简谐运动图像专题专题粤教版,5,1
机械能和动量定理,9,1
机械能守恒 2025专题一轮复习,9,1
机械能守恒定律 能量守恒定律,4,1
机械能守恒实验,3,1
机械能手稳定。,1,1
机械能月考,2,1
机械能试卷,3,1
机电一体化,1,1
机车启动,2,1
权威考卷,1,1
杆在磁场中运动,3,1
杆旋转,2,1
李亲顾镇初级中学,1,1
李政,1,1
李易峰,2,1
李梅,5,1
李沧区七年级上学期数学月考试卷,1,1
李沧区七年级上学期数学试卷,1,1
李沧区七年级上学期英语月考试卷,1,1
材料作文审题,3,1
杞县第一高级中学,2,1
杠杆,8,1
杠杆 滑轮,8,1
杠杆原理,2,1
杠杆同步练习,1,1
杠杆实验题,5,1
条件概率,3,1
条形统计图,3,1
杨家坪,11,1
杨家坪中学,2,1
杨州,2,1
杨思高级中学,1,1
杨村一中2024到2025高一第一次月考数学试卷,11,1
杨村一中月考英语,1,1
杨村第一中学,2,1
杨村第一中学25年高一第一次月考试卷,3,1
杨村第一中学25年高一第一次月考试卷物理,1,1
杨村第一中学高三年级2025~2026数学开学考试,1,1
杨柳青二中,1,1
杨柳青第一中学,2,1
杨正中学教育集团,1,1
杨洲中学,1,1
杨浦,14,1
杨浦区2023‑2024学年度第一学期期末质量调研 初三英语（2023.12）,4,1
杨浦区2023‑2024学年度第一学期期末质量调研 初三英语（2023.12）。,3,1
杨浦区初三物理一模2026,3,1
杨浦区初三英语第一学期期末,6,1
杭二,2,1
杭二中,7,1
杭二中高考模拟最后一卷物理,2,1
杭二入学考试卷,1,1
杭二滨江,5,1
杭二高一入学考试卷,1,1
杭十三中,7,1
杭外,1,1
杭州,1,1
杭州14中,1,1
杭州2026年中考试卷,1,1
杭州一模英语,3,1
杭州七下英语,1,1
杭州七县市期末数学,1,1
杭州七年级上英语期中,9,1
杭州二中2026年1月浙江省普通高校招生考试模拟卷,1,1
杭州二中5月,1,1
杭州二中高一上学期地理,6,1
杭州二中高一上学期地理期中,1,1
杭州二模高三试卷语文,1,1
杭州十四中物理,8,1
杭州周边联盟,11,1
杭州四中,1,1
杭州外国语学校,5,1
杭州学军中学试卷,2,1
杭州学军中学高二上月考试卷数学,1,1
杭州市,2,1
杭州市2025 2026,1,1
杭州市东方区,3,1
杭州市余杭区2020-2021九年级上册数学月,6,1
杭州市保俶塔申花实验学校,2,1
杭州市保俶塔申花实验学校2026,4,1
杭州市保俶塔申花实验学校2026七年级,10,1
杭州市浙江省临平区2026年语文学科6年级下册测试,6,1
杭州市第二中学试卷,1,1
杭州市西湖区2025-2026第二学期七年级期末历史与社会道德与法治,3,1
杭州市西湖区2025期末七上,1,1
杭州市西湖区2026期末七上,7,1
杭州市高一统一,3,1
杭州市高二年级教学质量检测,5,1
杭州市高二年级教学质量检测英语试卷,2,1
杭州期末八年级余杭区,1,1
杭州物理一模,3,1
杭州第二中学,9,1
杭州第二中学2026开学考,1,1
杭州第二中学强基班,11,1
杭州第二中学试卷,11,1
杭州重点及周边,2,1
杭州重点及周边高二开学英语,2,1
杭州重点及周边高二开学英语24年8月,7,1
杭州重点及周边高二开学返校考英语24年8月,9,1
杭州重点及周边高二返校考,3,1
杭州重点及周边高二返校考英语,8,1
杭州高一月考,1,1
杭州高一期中2023,1,1
杭州高三质量检测,1,1
杭州高三质量检测地理,2,1
杭州高三质量检测地理第二学期,3,1
杭州高中一模数学,3,1
杭州高中二模,6,1
杭州高二英语,1,1
杭州高级中学 杭高 贡院,3,1
杭州高级中学 杭高 贡院开学考,1,1
杭州高级中学试卷,2,1
杭州高级中学（杭高）贡院,4,1
杭州高考二模,10,1
杭师大附中2025学年第一学期高二年级期中考试英语试卷,1,1
杭高,1,1
杭高开学考,5,1
松原中考,13,1
松原市滨江中学,1,1
松山湖北,1,1
松山湖北区,3,1
松柏中学,3,1
松柏中学入学考,8,1
松柏中学入学适应性,3,1
松柏中学入学适应性练习,7,1
松江,7,1
松江一中,4,1
松江一中期末考试,27,1
松江二中,1,1
松江区中考语文,1,1
松江区中考语文质量抽查,1,1
松阳一中,1,1
松雷,3,1
松雷中学开学测,6,1
松雷高一,2,1
板 块模型 2025复习专题物理大题,10,1
板-块模型,6,1
板块传送带模型物理,3,1
板块模型传送带模型,1,1
板块问题,11,1
板木二中,3,1
极值点偏移,10,1
极化恒等式,3,1
构造辅助函数,2,1
林口四中,1,1
林埭中学,5,1
林州市九年级上册月考试卷化学,50,1
林州市九年级上册月考试卷物理,18,1
林州市九年级上册期中 试卷化学,3,1
林州市八年级下册数学期中,2,1
林虑中学,3,1
林虑中学2026级,2,1
林虑中学2026级阶段性测评,1,1
林远轩2025年八年级数学竞赛,1,1
枞阳七年级,3,1
枣庄2026年高二下学期英语期末考试,3,1
枣庄中考语文试卷,1,1
枣庄二中,2,1
枣庄二中名校联考,1,1
枣庄八中自主招生,9,1
枣庄八中高三月考,2,1
枣庄八年级上册数学期末考试卷,1,1
枣庄北辛中学初一上,6,1
枣庄北辛中学初一月考上,2,1
枣庄十五中新初一入学试卷,6,1
枣庄山亭区三年级语文,3,1
枣庄市中区三年级语文,3,1
枣庄市九年级,13,1
枣庄市八年级上册物理期末考试卷,2,1
枣庄市市中区第十三中学,1,1
枣庄市滕州市,6,1
枣庄市第一中学,1,1
枣庄市第三中学,2,1
枣庄期末,5,1
枣庄期末2024到2025,1,1
枣庄滕北中学初一,1,1
枣庄滕州市三年级语文,2,1
枣庄高三开学摸底考,3,1
枣庄高二期末下英语,3,1
枫林,6,1
某校100名学生参加竞赛,5,1
某校100名学生参加竞赛(深圳),3,1
某车间为了规定工时定额，需要确定加工零件所花费的时间，为此进行了5次试验，由最小二乘法求得回归直线方程为,4,1
柘城县,11,1
查莉,2,1
查莉的成长日记,1,1
查阅7下政治书里边的名言释义并记录。,8,1
柯桥,5,1
柯桥中学,1,1
柯桥区,32,1
柯桥区小学期末学业评价考试,7,1
柯桥区鲁迅中学入学考高一上英语,1,1
柯桥小升初英语,13,1
柯桥小学,7,1
柯桥适应性,5,1
柯西不等式,3,1
柳州一模,3,1
柳州市,1,1
柳州市2026中考试卷英语,1,1
柳州市2026届新高三摸底考试,1,1
柳州市2026届高三第一次模拟考试物理,4,1
柳州市听力,1,1
柳州市听力摸底,3,1
柳州市听力摸底2025,2,1
柳州市听力摸底2025新高三,1,1
柳州市听力摸底2025英语,6,1
柳州市摸底2025新高三,9,1
柳州市柳高化学模拟,1,1
柳州市柳高高一下化学模拟,3,1
柳州市铁一中学,3,1
柳州市高一下册物理期末考试,4,1
柳州市高中,2,1
柳州市高中开学考,3,1
柳州数学三下,3,1
柳州语文三下,3,1
柳州铁一中学,2,1
柳州高三一模,2,1
柳州高中,2,1
柳州高级中学,5,1
标志重捕法,2,1
标点符号,1,1
标点符号的使用,1,1
标点符号的使用高考,1,1
树人小学,6,1
树德,2,1
树德中学2023级 初三上学期,1,1
树德中学2025级高一下学期班级考试数学试题,2,1
树德中学开学考,1,1
树德中学开学考高三上,3,1
树德光华,1,1
树德外国语中学高一开学分班考题,3,1
树德实验,3,1
树德实验九上语文,2,1
校外初一四五单元月考,3,1
校本,4,1
株洲一模,2,1
株洲二中拔尖创新,2,1
株洲二中英才学院考试,1,1
株洲市十三中,2,1
株洲市十三中新高一开学考,2,1
株洲市景炎,4,1
株洲市景炎中学,2,1
株洲市第一中学2025－2026学年高一入学质量检测,1,1
株洲市第五中学,2,1
株洲拔尖创新,1,1
株洲高中创新,4,1
株洲高中拔尖创新,1,1
株洲高中自主招生,8,1
核心单词,1,1
核心微练,1,1
核心模型：圆形磁场、矩形磁场、临界极值问题、多解问题,1,1
核心突破,1,1
核心突破空间向量,1,1
核心素养,1,1
核心考点中考数学,3,1
核心语法精炼,5,1
核按钮,3,1
核能的计算,3,1
根与系数的关系,4,1
根式 因式分解 解方程 分式化简 配方法 专项计算题,6,1
根式化简,3,1
根式计算题,3,1
根心,1,1
根据三视图画正等轴测图,2,1
根的判别式,9,1
格尔木一中,11,1
格楠,4,1
格致中学,1,1
桂林,2,1
桂林2026高三,3,1
桂林十八中,1,1
桂林国龙,2,1
桂林市2024 2025,2,1
桂林市2025-2026高一12月份,1,1
桂林市2025-2026高一12月份数学,14,1
桂林市五中小升初试卷,1,1
桂林市五中试卷,8,1
桂林市普通高中2026届毕业年级第一次适应性模拟考试,3,1
桂林市期末高二,3,1
桂林市期末高二数学,4,1
桂林市期末高二物理,1,1
桂林市灵川县五中小升初试卷,1,1
桂林市物理高一期末,1,1
桂林市物理高一期末模拟卷,1,1
桂林市高二下,12,1
桃城区,1,1
桃江一中,4,1
桃江县第四中学,4,1
桃江四中,1,1
桃源,2,1
桐中,1,1
桐乡市求是,8,1
桐乡市邵逸夫初中,3,1
桐城市第二中学,1,1
桐柏,4,1
桐梓县第二高级中学,1,1
桓台一中2025~2026学年数学,1,1
桓台一中2025~2026学年第一学期高一期中,1,1
桓台一中2025~2026学年高一数学,1,1
桓台一中高一数学,6,1
桓台七上语文期中,8,1
桓台县七上语文期中,2,1
桥兴中学,7,1
桥头,1,1
桥山中学,2,1
桥山中学高三,3,1
桦南,1,1
桦南三中,1,1
桦南二中,4,1
梁山八年级上物理期末,1,1
梁平中学,1,1
梁平区,4,1
梅县东山中学,6,1
梅县区华侨中学,10,1
梅县区月考,6,1
梅县高级中学,6,1
梅山,1,1
梅山中学,1,1
梅山高级,3,1
梅岭,10,1
梅岭中学初一入学,1,1
梅岭中学初一入学 语文,2,1
梅州,7,1
梅州东山学校,1,1
梅州东山学校小升初,4,1
梅州中学高二上月考数学试卷,14,1
梅州中学高二上月考试卷,3,1
梅州兴宁高三,3,1
梅州市东山高二期末下学期,43,1
梅州市丰顺县开学考,1,1
梅州市九月月考,1,1
梅州市兴宁市七年级分班考试试卷,10,1
梅州市兴宁高三上生物期末,1,1
梅州市华侨中学开学考物理,1,1
梅州市开学考兴宁一中,1,1
梅州市开学考兴宁第一中学,2,1
梅州市开学考兴宁第一中学物理,1,1
梅州市开学考物理,7,1
梅州市梅县区丙村中学2025至2026年学年度高一下期中考试卷,5,1
梅州市梅县区八上物理人教版第一次月考,12,1
梅州市梅县区高级中学,3,1
梅州市高三上期末,1,1
梅州市高三市统考,1,1
梅州市高三开学,1,1
梅州市高三开学上,3,1
梅州市高三级,97,1
梅州市高二上月考数学试卷,6,1
梅州市高级,1,1
梅州英语,1,1
梅州英语高一,4,1
梅州英语高一听力,16,1
梅州英语高一学考,1,1
梅州高三,3,1
梅州高三调研考试,1,1
梅州高二上期末数学试卷,6,1
梅村空港化学,4,1
梅村空港数学,1,1
梅村空港物理,4,1
梅河口,3,1
梅河口实验中学,1,1
梅湾,2,1
梅湾小学,2,1
梧州高级中学,4,1
梨树县育才中学,2,1
梯子模型,4,1
检测1空间向量与立体几何基础卷-2025-2026学年高二上学期数学寒假作业之单元检测（人教A版专用）,3,1
检验,2,1
棉湖二中,2,1
棉湖第二,1,1
棉湖第二中学,1,1
棕北中学,2,1
棠中,1,1
棠湖中学2025-2026八年级物理,2,1
棠湖中学2025-2026八年级物理答案,2,1
椭圆 双曲线 2026一轮复习 专题,5,1
椭圆人教版,2,1
椭圆基础练习,5,1
椭圆大题,3,1
椭圆大题专项练习高考,11,1
椭圆小题,6,1
椭圆抛物线双曲线高考大题,1,1
椭圆曲线,6,1
椭圆曲线定点定值问题,11,1
椭圆等比定理,3,1
椭圆练习,1,1
椭圆结论,2,1
楚天协作,5,1
楚天协作体2026年物理期末试卷试卷,1,1
楚天协作体2026年高一下学期物理期末试卷试卷,4,1
楚天协作体9月,9,1
楚天协作组织,12,1
楚天教科研,7,1
楚天联盟高一地理联考质量检测,2,1
楚雄州2025～2026高一下学期物理试卷,10,1
楚雄州八年级期末试卷,4,1
楞次定律,8,1
楞次定律讲义,2,1
概念,6,1
概括,1,1
概括内容理解,4,1
概率与统计,19,1
概率与统计专题,1,1
概率与统计专题04,6,1
概率专项训练,8,1
概率专题2026,3,1
概率专题复习,2,1
概率专题训练,5,1
概率压轴题,4,1
概率压轴题多选,5,1
概率和数列结合的题,12,1
概率和统计,2,1
概率复习专题,3,1
概率新定义,3,1
概率的进一步认识九上,1,1
概率统计,3,1
概率统计的压轴难题,4,1
概率频率,3,1
概率麦穗问题,1,1
概要 补全,1,1
概要补全,1,1
概要补全九上,1,1
榆林,1,1
榆林中学,11,1
榆林定边县第七中学2025～2026七年级下册芙英语期末,1,1
榆林市2025～2026第二学期七下数学期末,3,1
榆林市榆阳区大河塔乡中学2025～2026学年下学期七年级数学期末,1,1
榆林市第一中学分校,2,1
榆林市第三中学,1,1
榆林市绥德县2025～2026七下数学期末,3,1
榆林市靖边县2025～2026七下数学期末试卷,3,1
榆林市靖边县二中2025～2026七下数学期末,3,1
榆林高一期末考试下,11,1
榆树实验,4,1
榆树市期末,2,1
榆树市第二中学,2,1
榆树市第二实验中学,1,1
榆树第一高级中学,5,1
榆树第一高级中学分班考试卷,2,1
榆次三年级,3,1
榆次三年级期中,2,1
榆社中学,3,1
樟树中学,7,1
樟树中学27届月考物理,3,1
樟树中学27届月考物理高一,2,1
樟树中学27届高二开学考,5,1
樟树中学月考物理高一,1,1
樟树中学高二开学考上学期,2,1
樟树市滨江中学27届高二上学期开学考,5,1
樟树市滨江中学27届高二开学考,4,1
模,4,1
模块四单元测试,4,1
模块复习试题,1,1
模块检测5生物技术与工程,5,1
模块检测卷1分子与细胞,22,1
模型,4,1
模拟卷,3,1
模拟卷重难突破,6,1
模拟基础练,2,1
模拟考,1,1
模拟考试,8,1
模拟考试试卷,1,1
模拟题汇编,1,1
横山中学高一期末考试,2,1
横峰中学,6,1
横峰中学开学考,5,1
横州市茉莉中学,12,1
横林高中,5,1
横琴七下数学考卷,1,1
横琴七下英语,11,1
横琴七下英语期末,1,1
橘子哥圆锥曲线,2,1
橘子学学霸。,1,1
橙子学,7,1
欢乐暑假,1,1
欣竹,10,1
欧姆,3,1
欧姆定律,6,1
欧姆定律 1 2专题计算练习,3,1
欧姆定律专项,6,1
欧姆定律内容的理解,1,1
欧姆定律在串联电路中的应用,5,1
欧姆定律的应用,6,1
欧姆定律的应用（高效培优教义),1,1
欧姆定律计算,7,1
歙县五年级,1,1
正交分解,1,1
正交分解和动态平衡,2,1
正交分解物理专项训练,5,1
正余弦函数图像的伸缩变换,1,1
正余弦函数图像的收缩,1,1
正余弦函数的图像,1,1
正余弦定理,3,1
正余弦定理拔高,1,1
正余弦定理解三角形,10,1
正余弦边角化简问题,5,1
正四面体与正方体,1,1
正多边形和圆,4,1
正宗十三县数学五年级,1,1
正定一中高二物理,11,1
正定县,3,1
正弘,2,1
正弦函数的图像与性质,4,1
正弦函数的图像与性质练习题,2,1
正比例,4,1
正比例函数,1,1
正源,3,1
正禾一本通,1,1
正禾一本通英语晨诵晚默,3,1
正禾大教育,2,1
正禾高三一轮数学,1,1
正道中学,5,1
正阳县7年级英语试卷,8,1
此刻，我读懂了责任,5,1
此刻，我读懂了责任中考作文,3,1
步步为赢,3,1
步步高 2027单元主题组合练英语,1,1
步步高 2027单元主题组合练英语高三,4,1
步步高 2027大一轮复习72,3,1
步步高 2027大一轮复习化学答案,6,1
步步高 2027大一轮复习讲义化学,1,1
步步高 2027大一轮复习讲义化学答案,2,1
步步高 2027大一轮复习讲义电子档,5,1
步步高 2027大一轮复习讲义电子档语文,1,1
步步高 2027大一轮复习讲义英语,2,1
步步高 2027大一轮复习讲义英语第一单元检测,2,1
步步高 大一轮复习讲义,9,1
步步高 语文一轮,5,1
步步高化学,9,1
步步高双练一测必修一生物学,6,1
步步高地理高二,1,1
步步高复习大一轮,1,1
步步高大一轮复习讲义,3,1
步步高大一轮复习讲义语文,2,1
步步高学习笔记,1,1
步步高物理,2,1
步步高物理大一轮,5,1
步步高物理试卷,1,1
步步高精准备考物理试卷,1,1
步步高英语课时精练,8,1
步步高课时精练,1,1
步步高高考总复习考点精练,7,1
武,8,1
武 汉,2,1
武 汉调研,1,1
武冈市2026年上学期八年级期末检测试卷,1,1
武冈市2026年上学期八年级期末检测试卷数学,6,1
武功县普集高中高二上学期,1,1
武功县普集高中，高二上学期,1,1
武夷山市第二中学,1,1
武威一中2025-2026学年度第二学期期中检测试卷高二英语,3,1
武威一中2025年,1,1
武威一中2026年春季学期高二年级开学检测试卷,1,1
武威一中高一,5,1
武威一中高一开学考,1,1
武威二中,3,1
武威第一z,1,1
武威第九中学,2,1
武威第九中学九年级开校考试卷子,1,1
武威第二十六中学,3,1
武威第十三中学,3,1
武威第十中学,2,1
武威第十中学9年级开学考试,2,1
武安联考卷了,1,1
武安联考卷八上,1,1
武安联考卷团城乡八上,10,1
武安联考卷第五中学八上,1,1
武安联考卷西苑中学与第五中学第二中学八上,2,1
武当山,1,1
武昌,9,1
武昌区元调化学试卷,1,1
武昌区元调试卷,1,1
武昌区数学七上期中统考试卷,3,1
武昌区英语七上期末统考试卷,1,1
武昌区英语七上期末统考试卷南湖中学,5,1
武汉 0 9月调考,4,1
武汉 0 9月调考物理,7,1
武汉 3月 调研 2026数学,2,1
武汉 9月 调研 2026,5,1
武汉 五调 2026,5,1
武汉 月 调研 2026,6,1
武汉04月调研语文,1,1
武汉04月调研语文2023,1,1
武汉09月调研,3,1
武汉2025四月调研,2,1
武汉2026中考物理,1,1
武汉2026高三英语,1,1
武汉2026高三英语5月,11,1
武汉8月,5,1
武汉9年级物理试卷,14,1
武汉9月调考,10,1
武汉9月调考化学,1,1
武汉一中,3,1
武汉一中数学,3,1
武汉一高,3,1
武汉一高高一物理期末,2,1
武汉七年级上册,1,1
武汉七年级上册数学,1,1
武汉七年级上册数学期中,3,1
武汉三月调研,2,1
武汉东湖高新区七上英语期中考试,5,1
武汉东湖高新区八上物理期中考试,15,1
武汉东湖高新区初二下数学期末,1,1
武汉中学,2,1
武汉中学高三7月阶段检测英语试题,1,1
武汉中学高二上英语期中,5,1
武汉中考2026语文,8,1
武汉中考语文,6,1
武汉九上期中数学,1,1
武汉九师联盟,3,1
武汉九年级数学,2,1
武汉九年级数学压轴题,2,1
武汉九年级期末数学,3,1
武汉九月调研,10,1
武汉九月调考,13,1
武汉九调2026数学高三,1,1
武汉九调25年9月历史答案,7,1
武汉九调高三历史,1,1
武汉二中九月英语,2,1
武汉二中九月英语高二,1,1
武汉二中九月靠,1,1
武汉二中英语9月考,1,1
武汉二调圆锥曲线,2,1
武汉八上历史期中考试试卷,11,1
武汉八年级物理,1,1
武汉八年级物理期中,18,1
武汉八年级物理第一单元,1,1
武汉六年级下学期,3,1
武汉六校联考英语2025～2026,1,1
武汉六校联考英语2025～2026期末,4,1
武汉六校联考英语期末,7,1
武汉初三四调真题,6,1
武汉升学考试,1,1
武汉华一初七年级分班考试卷,6,1
武汉华一初分班考试卷,3,1
武汉华一寄七年级第一单元,15,1
武汉华大,4,1
武汉华大鸿图,1,1
武汉南湖中学,12,1
武汉南湖中学英语,8,1
武汉南湖中学英语中考,1,1
武汉南湖中学语文,3,1
武汉四月调研,11,1
武汉圆创8月联考,5,1
武汉圆创数学,3,1
武汉外国语学校,1,1
武汉外校,1,1
武汉外校高一十月月考数学试卷答案,1,1
武汉外高高一十月月考数学试卷答案,1,1
武汉大学,1,1
武汉市,76,1
武汉市 2026 届高三 9 月调研,1,1
武汉市 2026 届高三年级五月供题,4,1
武汉市 2026选择性考试,1,1
武汉市2025一2026八年级上册十月数学考试卷数学,8,1
武汉市2025一2026八年级上册历史期中考试卷,5,1
武汉市2025一2026八年级上册历史期末考试卷,5,1
武汉市2025一2026八年级上册数学期中考试卷,3,1
武汉市2025一2026年八上历史期中考试卷,1,1
武汉市2025一2026年八上道法期中考试卷,3,1
武汉市2025届高中毕业生3月调研考试,10,1
武汉市2025届高中毕业生9月调研考试,13,1
武汉市2025届高中毕业生二月调研考试,1,1
武汉市2025至2026八年级上学期末道法试卷,4,1
武汉市2026届高三年级五月供,1,1
武汉市2026届高三年级四月调研考试,3,1
武汉市2026届高中毕业生2月调研考试,3,1
武汉市2026届高中毕业生3月调研考试,10,1
武汉市2026年高三四月供题,2,1
武汉市2026选择性考试,1,1
武汉市东湖高新区2025中考元调语文试卷,1,1
武汉市东湖高新区2025元调语文试卷,1,1
武汉市中考语文,8,1
武汉市九月调研考试物理,1,1
武汉市二零二五届高三年级五月,6,1
武汉市二零二五届高三年级五月模拟训练试题,1,1
武汉市八下期末洪山区语文,1,1
武汉市初中毕业生学业考试,3,1
武汉市十一中学,1,1
武汉市华一寄2025一2026年八年级上册数学月考10月卷考试卷,6,1
武汉市华一寄2025一2026年八年级上册数学期中考试卷,1,1
武汉市华一寄2025一2026年八年级上册期中考试卷,2,1
武汉市外国语学校,2,1
武汉市江汉区小升初分班考试卷,2,1
武汉市洪山区2024一2025八年级上册数学期中考试卷,2,1
武汉市洪山区2024一2025八年级上册数学期末考试卷,6,1
武汉市洪山区2025一2026八上期中考试,2,1
武汉市洪山区2025一2026八上期中考试卷,3,1
武汉市洪山区2025一2026八上物理十月考试卷,3,1
武汉市洪山区2025一2026八上英语期中考试卷,2,1
武汉市洪山区2025一2026年八年级上册英语试卷,4,1
武汉市洪山区2025至20268年级上学期历史期中试卷,5,1
武汉市洪山区2025至2026八年级上学期末历史试卷,2,1
武汉市洪山区2025至2026八年级上学期末数学试卷,2,1
武汉市洪山区2025至2026八年级上学期末物理试卷,2,1
武汉市洪山区2025至2026八年级上学期末英语试卷,2,1
武汉市洪山区2025至2026八年级上学期末语文试卷,2,1
武汉市洪山区2025至2026八年级上学期末道法试卷,2,1
武汉市洪山区2025至2026八年级上学期物理期中试卷,2,1
武汉市洪山区2025至2026八年级上学期英语期中试卷,2,1
武汉市洪山区2025至2026八年级上学期道法期中试卷,5,1
武汉市洪山区九年级期中化学测试卷,4,1
武汉市洪山区八上2025一2026期中考试卷,2,1
武汉市洪山区八上数学期中数学试卷,3,1
武汉市洪山区杨春湖2025一2026八年级上册10月月考试卷,2,1
武汉市第一中学,2,1
武汉市第三中学,2,1
武汉市第十一中学,2,1
武汉市选择性考试押题,1,1
武汉市部分学校高三9月,5,1
武汉市部分学校高三九月调考,1,1
武汉市部分学校高三年级九月调研考试化学试卷,1,1
武汉市部分学校高二年级期末联考模拟训练物理,3,1
武汉市部分重点中学2024 2025学年度上学期期中联考,12,1
武汉市部分重点中学2024-2025学年度下学期期末联考高一数学,3,1
武汉市部分重点中学2025 2026学年度上学期期中联考,2,1
武汉市部分重点中学2025-2026学年度上学期期中联考,1,1
武汉市重点中学六校联考高一期末试卷英语真卷,10,1
武汉市重点高中数学期末试卷,3,1
武汉市重点高中高一数学期末试卷,3,1
武汉市高三上学期9月调研考试,23,1
武汉市高二上数学期中考,8,1
武汉市高二上期中考,3,1
武汉收心,51,1
武汉收心考,2,1
武汉月考,1,1
武汉模拟,3,1
武汉模拟数学,2,1
武汉模拟数学高三,2,1
武汉武昌2026高三五月供题,1,1
武汉武珞路中学,1,1
武汉武珞路中学七年级上学期数学试卷,4,1
武汉武珞路中学七年级数学试卷,1,1
武汉汉阳,12,1
武汉江夏区九上数学期中考试试卷,5,1
武汉江汉区九上数学期中考试试卷,7,1
武汉江汉区高一物理期末,1,1
武汉洪山区九上期中化学,3,1
武汉理工大学,1,1
武汉第七协作体高二上期中数学卷,6,1
武汉英语join in4上，有关一般现在时、现在进行时、一般将来时，中文句子翻译成英语句子，相关题目,10,1
武汉起点考试,1,1
武汉起点考试英语,1,1
武汉高一上期中英语试卷,4,1
武汉高一上英语,1,1
武汉高一九月月考数学,3,1
武汉高一化学期末试卷,7,1
武汉高一物理期末,3,1
武汉高三九调,1,1
武汉高三年级调研,13,1
武汉高三第2次调研圆锥曲线,1,1
武汉高二上,1,1
武汉高二上期中数学,1,1
武汉高二上期末数学,2,1
武汉高考,1,1
武汉高考押题卷,1,1
武汉黄陂,1,1
武江市中考数学试卷,4,1
武清区五六年级学期数学期末考试试卷,1,1
武清区五年级下学期数学期末考试试卷,1,1
武清区高一上期中考试,3,1
武珞路2025至20269上期中,1,1
武珞路中学,4,1
武穴五上期末数学,3,1
武穴五年级数学,3,1
武训,14,1
武邑宏达,5,1
武都,5,1
武钢三中,2,1
武钢三中高一物理月考,8,1
武钢实验,1,1
武钢实验12月,1,1
武陟一中,2,1
武陟一中开学考,1,1
段落作用分析,3,1
殷汇中心小学,1,1
每周一练,4,1
每周去,1,1
每天100题 20以内的加减法,3,1
每日一练,3,1
每日计算30天,4,1
毒药是2026年4月初中学业水平模拟样卷初中数学试题卷,1,1
毓文,1,1
毓英中学,6,1
比修,1,1
比大小,4,1
比武考试,1,1
比热容、热值的理解和应用,3,1
比较做功的快慢,2,1
比较功的快慢,7,1
比较级,1,1
比较级 最高级 八年级练习题专题练习知识点总结,1,1
比较级和最高级,6,1
毕业,1,1
毕节市2026届高三年级高考第三次适应考试,1,1
毕节市2026高一下期末考试卷,5,1
毕节市2027期末考试卷,3,1
毕节市实验高级中学高三上册第一次月考,5,1
毕节市第一中学,6,1
毕节市高三上册第一次月考数学,5,1
毕节市高三上册第一次月考物理,3,1
毕节期末,1,1
毕节期末2026生物,7,1
毕节民族中学,2,1
毛坦厂中学2027暑假托管,2,1
毛坦厂中学东城校区,1,1
毛坦厂中学东城校区物理,2,1
毛毡厂中学2027暑假托管,1,1
毫州一中,11,1
民办,1,1
民大附中,12,1
民权鲲鹏,1,1
民治中学教育集团,2,1
气体,5,1
气体 20226复习专题一轮复习,2,1
气旋,9,1
气缸和液柱模型,6,1
气缸问题,1,1
氧化物,1,1
氧化还原 反应配平方程式练习,6,1
氧化还原反应方程式的配平,2,1
氧化还原反应方程式的配平与书写,7,1
氧化还原反应方程式配平与计算,6,1
氧化还原反应规律,3,1
氧化还原反应配平,6,1
氧化还原和离子反应方程式练习专项,2,1
氧化还原方程式配平与计算,6,1
氧气的性质,1,1
氯,4,1
氯代烃练习题,1,1
氯及其化合物,1,1
氯气,3,1
水平圆物块打滑题型,1,1
水果湖二中九上期中,1,1
水浒传 100回试题及答案,4,1
水浒传 分章节练习题 2025 2026学年统编版语文九年级上册,6,1
水浒传知识点及考点,1,1
水溶液中离子反应与平衡,2,1
水磨沟区,3,1
水调歌头,9,1
水运动思维导图,5,1
永丰中,6,1
永丰二中,5,1
永兴中学,1,1
永兴树德中学,7,1
永兴第一中学,4,1
永和荔城仙村派潭高级五校联考卷,12,1
永城一模英语,4,1
永城四中10月份联考,20,1
永城四中小升初考试真题,4,1
永宁三沙源,1,1
永安中学,3,1
永安九中,1,1
永安九中高一数学,1,1
永安九中高二,1,1
永川,1,1
永川七上数学期末,3,1
永川中学高一上开学考,1,1
永川中学高一上数学,2,1
永川中学高一数学入学考,3,1
永川文昌中学,2,1
永川文昌中学数学,2,1
永州2025年上期高一期末生物,3,1
永州2026英语二模,1,1
永州一中入学考试,3,1
永州一中高二英语期中,6,1
永州一模2o24年数学,5,1
永州七下,4,1
永州二中高一入学考试数学,4,1
永州二模,4,1
永州八中,3,1
永州八中入学英语,1,1
永州冷水滩4中,2,1
永州冷水滩区二中分班考试试卷,5,1
永州四中入学测试,12,1
永州四中冬令营,3,1
永州四中冬令营英语试题,4,1
永州四中开学考试卷2025,1,1
永州四中提前招生,1,1
永州四中物理高一入学考试,12,1
永州四中自主招生,1,1
永州四中高一入学测试,8,1
永州四川物理高一入学考试,9,1
永州市2018年学业水平监测,1,1
永州市2019年8年级英语,6,1
永州市2019年英语,1,1
永州市一中,3,1
永州市一模,2,1
永州市一模英语高考,2,1
永州市一模高考,1,1
永州市冷水滩区四中入学,1,1
永州市冷水滩区四中入学考试,2,1
永州市冷水滩区四中入学考试2026,5,1
永州市天成,1,1
永州市新田一中入学考试,1,1
永州市新田县一中入学考试,1,1
永州市新田县一中高一入学考试,1,1
永州市新田县一中高一试卷,1,1
永州市新田县第一中学入学,1,1
永州市新田县第一中学入学高一,1,1
永州市新田县高一入学,2,1
永州市江华县,4,1
永州市第一中学2025年入学考试,8,1
永州市第一次模拟考试,1,1
永州市第一次模拟考试高考,3,1
永州市英语试题,4,1
永州市英语试题听力,1,1
永州市高二英语其中,11,1
永州第二中学,9,1
永州零陵区一中入学考试,2,1
永州高一入学分班卷,23,1
永年一中,1,1
永昌一中高一下生物试卷,1,1
永春一中新高一素养,4,1
永春一中高一,5,1
永春一中高一月考,1,1
永福中学,1,1
求二面角,2,1
求反比例函数的解析式,5,1
求反比例函数的解析式人教版,1,1
求是,1,1
求比一个数少几的数列式计算一年级,3,1
求精中学入学,1,1
求职信范文,6,1
汇口中学,3,1
汇文,12,1
汇文学校,1,1
汇文高一上期中,2,1
汇景,4,1
汇编,4,1
汇编武汉专用,1,1
汉中,4,1
汉中市南郑区龙岗中学高一上学期化学第一次月考。,3,1
汉中市汉台区,4,1
汉中市汉台区2026年小升初期末考试真题,4,1
汉中市汉台区2026年第二学期期末考试,6,1
汉中市龙岗学校分班考,7,1
汉中龙岗,1,1
汉南区,3,1
汉寿县,5,1
汉川一中,3,1
汉川二中,1,1
汉川市第二高级中学,1,1
汉川市高三起点考数学,1,1
汉川市高级中学,5,1
汉沽一中,1,1
汉沽一中高三,1,1
汉沽一中高三上第一次月考,13,1
汉沽第一中学,2,1
汉滨区茨沟,1,1
汉铁高中,1,1
汉阳一中高一上学期,2,1
汉阳区2024-2025学年度第一学期期末九年级语文试卷,10,1
汉阳区2026春期末考试七年级数学试卷,3,1
汉阳区九上,12,1
汉阳道,5,1
汉阳道中学,1,1
汕头一中,2,1
汕头一模,4,1
汕头二模,1,1
汕头市七年级下数学期末,1,1
汕头市模拟,5,1
汕头市潮阳区第一中学,2,1
汕头市潮阳实验学校八年级上册,1,1
汕头市潮阳实验学校八年级上册数学,1,1
汕头市潮阳实验学校八年级上册数学期末,5,1
汕头市潮阳第一中学,4,1
汕头市澄海,10,1
汕头市第一次模拟考试,7,1
汕头市第二次,1,1
汕头市第二次模拟考试,8,1
汕头市金中海湾学校,1,1
汕头市龙湖实验,6,1
汕头潮南陈店,3,1
汕头潮阳实验,1,1
汕头金中,6,1
汕头铜,1,1
汕头龙湖区,1,1
汕尾2026高二期末试卷,5,1
汕尾2026高二期末试卷日语下学期,1,1
汕尾华大实验学校,19,1
汕尾市,1,1
汕尾市2023,7,1
汕尾市2025-2026年第一学期五年级数学期末考试,5,1
汕尾市2025至2026学年度第二学期六年级下册期末,1,1
汕尾市五年级上册数学期末考试试卷,6,1
汕尾市五年级下册道德与法治期末考试试卷,7,1
汕尾市六年级下学期数学学科素养水平监测试卷,3,1
汕尾市华大实验,9,1
汕尾市四下一单元数学试卷,6,1
汕尾市四下单元数学试卷,3,1
汕尾市四下数学期末试卷,3,1
汕尾市四下期末数学试卷,1,1
汕尾市四下第1单元数学试卷,2,1
汕尾市期末2026化学,1,1
汕尾市海丰2单元数学试卷,5,1
汕尾市海丰华大,2,1
汕尾市海丰华大四下数学,1,1
汕尾市海丰华大四下数学单元卷,5,1
汕尾市海丰华附,3,1
汕尾市海丰四下期末数学试卷,1,1
汕尾市海丰四下第1单元数学随堂练习,3,1
汕尾市海丰海城镇中心小学,3,1
汕尾市海丰海城镇中心小学四下数学,5,1
汕尾市海丰第1单元数学随堂练习,1,1
汕尾市高一下学期化学,2,1
汕尾市高三开学考,6,1
汕尾市高三摸底考,4,1
汕尾市高二下学期期末,5,1
汕尾竞赛,13,1
汕尾高一期末考试试卷物理,1,1
汕尾高一期末英语,3,1
汕尾高一生物,1,1
汕尾高一生物期末,1,1
汝阳县八年级数学期末,3,1
汝阳县实验高中,6,1
江准十校,1,1
江准十校高三第一次联考,1,1
江北区新城外国语学校,3,1
江华2018年学业水平监测,5,1
江华县2015年学业水平测试,3,1
江华县2016年学业水平测试,2,1
江华县2018年学业水平监测,1,1
江华瑶族自治县,2,1
江华瑶族自治县英语,25,1
江南,1,1
江南  十校,1,1
江南 十校 03月份 2026数学高三,6,1
江南10校,6,1
江南10校高一,1,1
江南十校202510月,10,1
江南十校2026届高三9月份,16,1
江南十校2026届高三综合素质检测9月份,3,1
江南十校2026年数学,1,1
江南十校2026年高三数学,10,1
江南十校8月份,1,1
江南十校大联考,3,1
江南十校期末,1,1
江南十校物理开学考,1,1
江南十校物理高三第一次,4,1
江南十校高一下期末,1,1
江南十校高一五月物理,1,1
江南十校高三,1,1
江南十校高三9月份,4,1
江南十校高三物理,3,1
江南十校高三物理开学,1,1
江南十校高三物理开学考,3,1
江南十校高二上,4,1
江南十校高二英语,1,1
江夏一中,13,1
江宁秦淮中学0模,1,1
江宁秦淮中学高三0模,1,1
江宁秦淮中学高三上,1,1
江岸 期中,1,1
江岸 期中上学期数学,1,1
江岸 期中数学,3,1
江岸区二十中,8,1
江岸小学,4,1
江川一中试卷,1,1
江汉区,4,1
江汉区七上期中,1,1
江油市江高入学考试卷,1,1
江油市江高高一入学考试卷,1,1
江油市江高高一数学入学考试卷,1,1
江津中学七年级2024~2025年度下期期中考试,1,1
江津中学校,2,1
江津二中,2,1
江津高三上开学考,3,1
江津高三上开学考物理,3,1
江津高三开上学考,1,1
江津高三开学考,1,1
江淮,4,1
江淮2026届高三上学期8月底学情调研,11,1
江淮十校2026届高三第一次联考 英语,6,1
江淮十校2026届高三第一次联考数学试题。,3,1
江淮十校2026届高三第一次联考生物,1,1
江淮十校物理,6,1
江淮协作区,31,1
江淮名校,6,1
江淮学校,1,1
江科开学考,3,1
江科附中开学考,2,1
江科附中月考,5,1
江科附中高一,1,1
江苏 025期末真题,1,1
江苏 2 0 2 5高考真题,8,1
江苏 2 0 2 6高考真题,10,1
江苏 202 6中考,1,1
江苏 小升初 二中试卷,10,1
江苏 必修一 细胞呼吸 光合作用 解答题 专题,26,1
江苏 普通高中学业水平合格性考试 英语,2,1
江苏 物理,6,1
江苏13市2025小升初真题卷,3,1
江苏2005化学,4,1
江苏2026物理九上,3,1
江苏2026语文七年级下学期期末质检,1,1
江苏26年,2,1
江苏26年高考卷,7,1
江苏一模,4,1
江苏七年级上学期期末,2,1
江苏七年级上学期阶段检测,1,1
江苏七年级分班考试,13,1
江苏七年级分班考试免费,2,1
江苏七年级数学上册期末,3,1
江苏东台中学2025~2026学年高一下学期3月份阶段考试物理试,3,1
江苏中考,2,1
江苏中考 数学,1,1
江苏中考历史,4,1
江苏中考宾语从句专项练习,6,1
江苏中考政治,8,1
江苏中考模考,2,1
江苏中考真题,2,1
江苏中考真题镇江,1,1
江苏二模,8,1
江苏五年级下学期阶段检测,1,1
江苏八上试卷学易金卷,49,1
江苏八年级上学期期中盐都,2,1
江苏八年级上学期阶段检测,9,1
江苏八年级下册数学期末试卷,4,1
江苏八年级下册期末数学考试卷,47,1
江苏八年级下学期期末,11,1
江苏八年级下学期期末试题数学,3,1
江苏八年级第二学期期末学科分析卷数学,2,1
江苏初三数学选填,3,1
江苏初中语文议论文专题,7,1
江苏单招校测,1,1
江苏南京,8,1
江苏南京中华中学高二上学期数学月考,2,1
江苏南京中华中学高二数学月考,3,1
江苏南京中华中学高二月考,4,1
江苏南京八上联合体数学期中试卷,10,1
江苏南京八上联合体物理期中试卷,19,1
江苏南京八年级上册物理期中试卷,3,1
江苏南京市第二十九中学2027届高三上学期综合测试1数学试卷,1,1
江苏南京建邺区2024至2025年英语,8,1
江苏南京江宁区八年级上册物理期中试卷,8,1
江苏南京江宁区物理期中试卷,1,1
江苏南京江宁物理期中试卷,3,1
江苏南京附属中学高一英语期末,3,1
江苏南通20二六届高三第二次调研英语试卷,1,1
江苏南通九上期末语文,1,1
江苏南通八下第四单元政治试卷,3,1
江苏南通小学五年级上英语,3,1
江苏南通小学四年级下英语,1,1
江苏南通市暨苏北,6,1
江苏南通海安市,7,1
江苏南通海安高二上学期数学期末考试,2,1
江苏南通英语高一上学期,1,1
江苏南通英语高一上学期纯阅读理解,1,1
江苏南通高三上学期期初,1,1
江苏南通高三上学期期初物理,2,1
江苏南通高二上数学,5,1
江苏南通高二数学,1,1
江苏卷,3,1
江苏卷高考英语,1,1
江苏历史高考,4,1
江苏县中学2026年八下期末真题卷,1,1
江苏合格性考试,13,1
江苏合格考,7,1
江苏合格考2026学业水平测试卷真题化学,21,1
江苏合格考2026学业水平测试卷真题物理,33,1
江苏合格考2026学业水平测试卷真题生物,9,1
江苏合格考生物,1,1
江苏启东中学,4,1
江苏启东中学期中,4,1
江苏启东蝶湖小学,3,1
江苏圆锥曲线,2,1
江苏圆锥曲线试卷,8,1
江苏地理学业水平,2,1
江苏地理高考分类模拟,3,1
江苏天一中学大联考2026届高三上学期8月学情调研数学试题,3,1
江苏天一大联考2026届高三上学期8月学情调研数学试题,1,1
江苏宿迁高一语文书,2,1
江苏对口,1,1
江苏小升初分班考,3,1
江苏小升初数学,1,1
江苏师范大学,1,1
江苏常州2026中考数学,6,1
江苏常州市2025-2026学年第二学期高二期末质量调研语文试题,7,1
江苏常州期末,4,1
江苏常州武进2026中考数学,2,1
江苏常州高级中学,3,1
江苏开学昆山七年级分班数学考试卷,7,1
江苏开学昆山七年级分班英语考试卷,11,1
江苏开学考,4,1
江苏开学考高三数学,1,1
江苏徐州二模数学,3,1
江苏徐州市睢宁县,1,1
江苏徐州市高三开学摸底考试,5,1
江苏扬州,6,1
江苏扬州期中,2,1
江苏扬州维扬,12,1
江苏数学,15,1
江苏数学南京,9,1
江苏数学高考分类模拟,1,1
江苏数学高考真题,4,1
江苏无锡,9,1
江苏无锡初一语文阅读理解答题模板资源,1,1
江苏无锡市高二数学期中,5,1
江苏无锡惠山小学,4,1
江苏无锡期末考试,3,1
江苏无锡期末考试2026,2,1
江苏昆山语文四年级上学期,5,1
江苏昆山语文四年级下学期,1,1
江苏春季高考,3,1
江苏模考高三生物,5,1
江苏浦口小题狂做配套试卷期中卷,6,1
江苏淮安中学2025期中,3,1
江苏淮安市2025-2026 学年高一,5,1
江苏淮安清江浦区2025年期中考试卷,1,1
江苏淮安清江浦区2025年期中考试卷开明中学,8,1
江苏物化生合格性考试真题,6,1
江苏物理合格考,4,1
江苏生物竞赛初赛,2,1
江苏生物选修一,1,1
江苏百校大联考,4,1
江苏盐城2025-2026,3,1
江苏盐城2025-2026学年度,1,1
江苏盐城2025-2026学年度第二学期,1,1
江苏盐城2025-2026学年度第二学期高一,4,1
江苏盐城2025-2026学年度第二学期高一年级期终,1,1
江苏盐城2025-2026学年高一,1,1
江苏盐城2025-2026第二学期,1,1
江苏盐城专用,6,1
江苏盐城数学,2,1
江苏盐城滨海陈涛中学,32,1
江苏省12月高考英语完形填空合集,3,1
江苏省2022年普通高中学业水平合格性考试生物试题,1,1
江苏省2022年普通高中学业水平合格性考试试卷生物,4,1
江苏省2023年普通高中学业水平合格性考试试卷生物,5,1
江苏省2023年普通高中学业水平合格性考试调研历史试题,53,1
江苏省2024年普通高中学业水平合格性考试试卷生物,2,1
江苏省2025 2026学年宿迁市沭阳县第一学期高三年级考试,3,1
江苏省2025 2026学年宿迁市沭阳县第一学期高三考试,3,1
江苏省2025 2026学年第二学期高三年级高考适应性考试,1,1
江苏省2025-2026学年普通高中学业水平合格性考试调研卷 生物,5,1
江苏省2025年学业水平合格性考试,2,1
江苏省2025年学业水平合格性考试历史,1,1
江苏省2025年学业水平合格性考试政治,5,1
江苏省2025年普通高中学业水平合格性考试信息技术试题,13,1
江苏省2025年普通高中学业水平合格性考试化学试题,3,1
江苏省2025年普通高中学业水平合格性考试历史试题,5,1
江苏省2025年普通高中学业水平合格性考试地理试题,2,1
江苏省2025年普通高中学业水平合格性考试政治,2,1
江苏省2025年普通高中学业水平合格性考试调研思想政治卷,16,1
江苏省2026地理高考试卷,1,1
江苏省2026年合格考,1,1
江苏省2026年普通高中学业水平合格性考生物,2,1
江苏省2026年普通高中学业水平选择性历史考试,4,1
江苏省2026年普通高中学业水平选择性考试,15,1
江苏省2026年普通高中学业水平选择性考试历史,11,1
江苏省202年,1,1
江苏省丹阳高级中学,5,1
江苏省仪征中学高三开学考数学,2,1
江苏省仪征中学高三开学考物理,1,1
江苏省侯集高级中学试卷,6,1
江苏省兴化中学高一下学期物理,2,1
江苏省凤凰小学五年级上册期中试测试,4,1
江苏省前黄中学2026届高三,8,1
江苏省前黄高级中学,5,1
江苏省南京外国语学校2025~2026学年上学期10月月考九年级数学试题,1,1
江苏省南京市,1,1
江苏省南京市2023到2024年高二第一学期六校联合体期末调研语文考,5,1
江苏省南京市2024~2025学年第二学期六校联合体期末调研高一语文高一语文,5,1
江苏省南京市2024到2025年第二学期语文六校联考,1,1
江苏省南京市2024到2025年高一第二学期六校联合体期末调研语文考,14,1
江苏省南京市2024到2025年高一第二学期语文六校联考,1,1
江苏省南京市2024到2025年高二第一学期六校联合体期末调研语文考,17,1
江苏省南京市2025至2026学年第二学期高一期末物理试题,1,1
江苏省南京市2025至2026学年第二学期高一期末物理试题。,4,1
江苏省南京市2025至2026学年第二学期高一语文期末质量检测,1,1
江苏省南京市2026届高三上学期9月数学试卷,2,1
江苏省南京市七校联合体,4,1
江苏省南京市南京师范大学附属中学高二上学期12月月考物理,5,1
江苏省南京市师大附中,2,1
江苏省南京市建邺区期中,2,1
江苏省南京市建邺区致远中学第一次月考,13,1
江苏省南京市建邺期中物理,5,1
江苏省南京市栖霞区期中物理,2,1
江苏省南京市江宁区期中物理,13,1
江苏省南京市玄武区,8,1
江苏省南京市玄武区2022-2023学年高二下学期英语期末试卷,6,1
江苏省南京市玄武区期中,2,1
江苏省南京市玄武期中物理,2,1
江苏省南京市盐城市高三下英语第一次模拟,5,1
江苏省南京市盐城市高三下英语考试,4,1
江苏省南京市盐城市高三第一学期期末调研测试,5,1
江苏省南京市盐城市高三第一次模拟英语,6,1
江苏省南京市盐城市高三第一次模拟英语考试,7,1
江苏省南京市秦淮期中,3,1
江苏省南京市秦淮期中物理,2,1
江苏省南京市第一中学高一化学月考,1,1
江苏省南京市第二十九中学2024-2025学年高二上,1,1
江苏省南京市第二十九中学2024-2025学年高二上学期9月阶段性检测数学试题,1,1
江苏省南京市第二十九中学2024-2025学年高二上学期9月阶段考试,1,1
江苏省南京市高三英语第一次模拟,4,1
江苏省南京市鼓楼区,10,1
江苏省南京市鼓楼期中物理,7,1
江苏省南京师大附中,3,1
江苏省南通,1,1
江苏省南通中学,7,1
江苏省南通市2026届高考英语四年冲刺模拟卷,1,1
江苏省南通市如皋市江苏省如皋中学,7,1
江苏省南通市芦蒿是江苏省芦蒿中学,1,1
江苏省南通市通州区,42,1
江苏省南通市通州区期中,1,1
江苏省南通，泰州，镇江,3,1
江苏省合格性考试英语,1,1
江苏省四市,4,1
江苏省四市英语,2,1
江苏省外国语,2,1
江苏省天一中学高一期末考试,1,1
江苏省天星湖中学,1,1
江苏省太仓市T8英语联考,1,1
江苏省太仓市初二上学期数学期中考试试卷,2,1
江苏省太仓市初二上学期物理期中考试试卷,1,1
江苏省太仓市初二上学期英语期中考试试卷,2,1
江苏省太仓市初二上学期语文期中考试试卷,2,1
江苏省姜堰中学南新中学金陵中学前黄中学,1,1
江苏省学业水平合格性考试英语,4,1
江苏省宜兴中学,3,1
江苏省宜兴市宜城中学2025-2026学年九年级上学期第二次练习物理试卷,3,1
江苏省实验小学二年级上学期期中,6,1
江苏省宿迁市宿豫区政治历史八年级上册期中试卷,3,1
江苏省宿迁市宿豫区数学八年级上册期中试卷,1,1
江苏省宿迁市宿豫区语文八年级上册期中试卷,3,1
江苏省宿迁市沭阳县六年级下学期数学期末考试试卷,3,1
江苏省宿迁市沭阳县六年级下学期期末考试试卷,4,1
江苏省宿迁市沭阳县六年级下学期英语听力试卷,9,1
江苏省宿迁市沭阳县六年级下学期英语期末考试试卷,6,1
江苏省宿迁市沭阳县初一上学期期中考试卷,4,1
江苏省宿迁市沭阳县初一上学期英语期中考试试卷,8,1
江苏省宿迁市沭阳县初一上学期语文期中考试试卷,2,1
江苏省小学语文五年级下册,13,1
江苏省常州市2014~2015学年高三上学期期中地理,1,1
江苏省常州市2023学年高三上学期期中地理,6,1
江苏省常州市2025到2026九上期中英语考试卷,1,1
江苏省常州市8年级上册物理期中试卷,17,1
江苏省常州市8年级上册语文期中试卷,5,1
江苏省常州市钟楼实验五上数学,2,1
江苏省常州高级中学高一下学期期末物理,2,1
江苏省常熟市,5,1
江苏省常熟市八年级上册数学期中卷,1,1
江苏省徐州市2026高一下学期英语期末试卷,3,1
江苏省徐州市中考试卷,5,1
江苏省徐州市沛县,10,1
江苏省徐州市沛县合格考,9,1
江苏省扬州中学2022-2023高一期末英语试卷,23,1
江苏省扬州中学2025~2026高二第一学期检测,2,1
江苏省扬州中学2025至2026学年第一学期10月自主学习效果评估高一化学,9,1
江苏省扬州中学高一上生物第一章,1,1
江苏省扬州中学高一期中化学,3,1
江苏省扬州中学高一期中数学,1,1
江苏省扬州中学高一期末化学,1,1
江苏省扬州市2025-2026学年度第二学期高二期末调研英语试卷,3,1
江苏省扬州市树人集团2025~2026学年高一下学期6月期末地理试题,2,1
江苏省扬州市高一下学期期末试卷生物,1,1
江苏省扬州市高一下学期期末试卷英语,6,1
江苏省政治2026高考,3,1
江苏省数学期中考试,2,1
江苏省数学期中考试高一,1,1
江苏省数学期中考试高一上,11,1
江苏省无锡市宜兴市2025-2026学年九年级上学期期中测试物理试题,1,1
江苏省无锡市宜兴市宜兴外国语学校2025-2026学年九年级上学期12月月考物理试题,7,1
江苏省无锡市宜兴市铜峰中学2025-2026学年九年级上学期物理 第一次月考试题,3,1
江苏省无锡市江南中学,10,1
江苏省无锡市高三上学期,3,1
江苏省昆山中学,2,1
江苏省昆山中学高二上数学月考,2,1
江苏省普通高中学业水平合格性考试数学,17,1
江苏省普通高中学业水平合格性考试试卷,7,1
江苏省曲塘高级中学高一2025至2026年度月考考试,1,1
江苏省月考第一 次邳州二零二五到二零二六年月考试卷物理八年级上册,1,1
江苏省月考第一 次邳州二零二五到二零二六年月考试卷生物八年级上册,1,1
江苏省木渎高级中学2025-2026学年第二学期阶段性测试物理,15,1
江苏省沛县 徐州市2025~2026六年级下册小升初试卷语文,2,1
江苏省沛县徐州市2025至2026七年级上册生物试卷,8,1
江苏省沭阳县六年级试卷,9,1
江苏省沭阳县广宇学校,1,1
江苏省沭阳县张圩中心小学,2,1
江苏省沭阳县张圩中心小学六年级,1,1
江苏省泰兴市七年级上学期初一期末数学试卷,1,1
江苏省泰兴市七年级上学期初一英语试卷,6,1
江苏省泰兴市七年级上学期初一英语试卷剂川北校,1,1
江苏省泰兴市七年级上学期初一英语试卷济川北校,2,1
江苏省泰兴市七年级语文实验中学期中考试,2,1
江苏省泰兴市七年级语文泰兴实验中学期中考试,6,1
江苏省泰州中学二零一二五到二零二六学年第一学期第二次质量检测,1,1
江苏省泰州市二附中,5,1
江苏省泰州市二附院,1,1
江苏省泰州市姜堰区2025-2026学年九年级上期中化学练习卷,16,1
江苏省泰州市姜堰区2025-2026学年九年级期中化学练习卷,17,1
江苏省泰州市省附中,2,1
江苏省泰州市高一期末,1,1
江苏省泰州市高一期末数学,5,1
江苏省泰州市高一期末数学下学期,2,1
江苏省淮北中学200二六届高三下学期4月模拟练习一,1,1
江苏省淮安,3,1
江苏省淮安市初1分班卷,18,1
江苏省淮安市初一上学期第一次月考卷,17,1
江苏省淮安市淮安区楚州去年期中考试,2,1
江苏省溧阳中学,4,1
江苏省物理合格考真题卷,6,1
江苏省物理月考,2,1
江苏省物理月考高一,15,1
江苏省物理月考高一10月,3,1
江苏省物理期中考试,2,1
江苏省物理期中考试高一上学期,18,1
江苏省百校联考,5,1
江苏省盐城市射阳县初级中学九年级,7,1
江苏省盐城市建湖县湖阳路小学,3,1
江苏省盐城市滨海县明达中学2025~2026 高一上学期第1次阶段性检测,9,1
江苏省盐城市高一期末试卷,3,1
江苏省盐城市鹿鸣路初级中学九上化学第一次月考试卷,17,1
江苏省苏北七市2026,6,1
江苏省苏北七市2026高三调研,1,1
江苏省苏州中学高一上英语,4,1
江苏省苏州实验中学教育集团2025至2026学年第一学期期中考试高一化学试卷,4,1
江苏省苏州工业园区星海高级中学 2025‑2026学年（2024级）高二年级10月学情调研测试 高二物理,1,1
江苏省苏州市2025~2026学年八年级下学期6月期末试题,1,1
江苏省苏州市2026初一下册期末英语试卷,1,1
江苏省苏州市2026初二下册期中数学试卷,8,1
江苏省苏州市2026初二下册期末数学试卷,1,1
江苏省苏州市吴江区高二上册化学期中调研,5,1
江苏省苏州市昆山市陆家中学2023-2024学年六年级下学期小升初分班考试数学卷,2,1
江苏省苏州市昆山市陆家中学小升初,1,1
江苏省苏州市高三上学期开学考试,1,1
江苏省苏州市高二上册化学期中调研,5,1
江苏省苏州市高二上册化学期末调研,5,1
江苏省苏州市高二上册数学期中调研,9,1
江苏省苏州市高二上册数学期末调研,3,1
江苏省苏州市高二上册物理期中调研,13,1
江苏省苏州市高二上册物理期末调研,5,1
江苏省苏州市高二上册生物期中调研,3,1
江苏省苏州市高二上册生物期末调研,3,1
江苏省苏州市高二下册化学期中调研,5,1
江苏省苏州市高二下册化学期末调研,3,1
江苏省苏州市高二下册数学期中调研,1,1
江苏省苏州市高二下册数学期默调研,3,1
江苏省苏州市高二下册物理期中调研,4,1
江苏省苏州市高二下册物理期末调研,5,1
江苏省苏州市高二下册生物期中调研,4,1
江苏省苏州市高二下册生物期末调研,3,1
江苏省英语高三,4,1
江苏省西安交通大学苏州附属中学高一物理,2,1
江苏省语文A卷2024到2025学年高一下学期期末迎考卷常州市,5,1
江苏省运河中学,6,1
江苏省运河中学0模,1,1
江苏省运河中学2025 2026年第二学期高二期末考试地理试题,1,1
江苏省运河中学2025~2026年第二学期高二期末考试地理试题,1,1
江苏省运河中学地理,2,1
江苏省运河中学摸底,2,1
江苏省运河中学陈志成,3,1
江苏省连云港分班考试卷,1,1
江苏省连云港小升初分班考试卷,2,1
江苏省连云港市全国中学生物理竞赛,1,1
江苏省连云港市全国中学生第四十二届物理竞赛,5,1
江苏省连云港市新海高中物理,4,1
江苏省连云港市新海高中高一数学上学期第二章练习,2,1
江苏省连云港市新海高级中学高一上学期数学第一章集合试卷,8,1
江苏省连云港市海州区七年级分班考试卷,3,1
江苏省连云港市赣榆区2025至2026年五年级上册期末语文试卷,6,1
江苏省连云港市赣榆区海头高中,3,1
江苏省连云港市高二数学,20,1
江苏省连云港市高二第二学期期末考试试卷生物,11,1
江苏省连云港海州区小升初分班考试卷,7,1
江苏省通州区高一上期中,5,1
江苏省邗江一中,1,1
江苏省邗江中学,2,1
江苏省邗江区第一中学,1,1
江苏省锡山市2024-2025,1,1
江苏省锡山高级中学2024 2025学年高一上学期期中英语试题,5,1
江苏省锡山高级中学（省锡中）,2,1
江苏省镇江市2025-2026学年度第二学期高二下学期六月期末统考英语试卷,2,1
江苏省镇江市句容市片区2025~2026学年度上学期八年级英语10月月考试卷,4,1
江苏省镇江零模数学,3,1
江苏省高一上英语,1,1
江苏省高一英语,1,1
江苏省高三下学期数学二模,6,1
江苏省高二上学期英语试卷里哪篇完形填空是Long ago开头的,1,1
江苏省高二合格考,1,1
江苏省高二合格考物理,1,1
江苏立达中学,2,1
江苏职教高考数学必刷题,1,1
江苏联合体期中,19,1
江苏苏中中学高三上学期期初生物试卷,1,1
江苏苏州,5,1
江苏苏州中学高三上学期期初物理,4,1
江苏苏州中学高三上学期期初生物试卷,10,1
江苏苏州中考英语2026,2,1
江苏苏州太仓小学数学五年级下册期末试卷,5,1
江苏苏州市2025-2026学年第二学期高二期末质量调研语文试题,3,1
江苏苏州市吴江区,4,1
江苏苏州物态变化,2,1
江苏苏州苏教版,14,1
江苏苏州苏教版物体运动,5,1
江苏苏州苏教版运动,1,1
江苏苏锡常镇高三二模英语,1,1
江苏西交大苏州附中,6,1
江苏西交大苏州附中数学,2,1
江苏西交大苏州附中高一上数学,1,1
江苏财经职业学院,1,1
江苏财经职业技术学院,1,1
江苏连云港市2025-2026学年度第一学期期末学业质量检测九年级数学试卷,5,1
江苏连云港市东海县高二上期中试卷,1,1
江苏连云港市地理合格考,3,1
江苏通州区高一上期中,3,1
江苏通州区高一期中,1,1
江苏通州联考,4,1
江苏通州高级中学,2,1
江苏邳州市九年级上学期期中,2,1
江苏重点高中提前招生,1,1
江苏零模试卷,7,1
江苏高一上物理月考,3,1
江苏高一上生物第一次月考,3,1
江苏高一物理,1,1
江苏高一物理月考,1,1
江苏高一生物,9,1
江苏高一生物期末,3,1
江苏高三上学期开学,1,1
江苏高三上学期开学物理,51,1
江苏高三上学期期初化学试卷,7,1
江苏高三上学期期初物理试卷,1,1
江苏高三上学期期初生物试卷,1,1
江苏高三下学期期中,2,1
江苏高三下学期期末,4,1
江苏高三期初生物试卷,1,1
江苏高三生物,3,1
江苏高三第一学期月考数学,3,1
江苏高二上学期期末,8,1
江苏高二上学期阶段检测,8,1
江苏高二上抛物线,7,1
江苏高二上数学第一次月考,1,1
江苏高二上物理月考,6,1
江苏高二上物理月考10月,11,1
江苏高考化学,1,1
江苏高考卷,3,1
江苏高考模拟卷,3,1
江苏高考模拟考,4,1
江苏高考生物真题,3,1
江苏高考真题,2,1
江苏高考高频词汇,2,1
江西 0 2026 高三 金太阳,1,1
江西 2024高考真题,1,1
江西 2026高考真题地理,3,1
江西 九江市六校,3,1
江西 拖船,5,1
江西2025一模,5,1
江西2025中考,4,1
江西2025八年级上学期数学期中测试卷,9,1
江西2025八年级上学期数学期末测试卷,3,1
江西2025高三下学期5月联考,9,1
江西2025高三零模,1,1
江西2026中考,2,1
江西2026届高三下学期5月,36,1
江西2026高一临川二中,3,1
江西2026高三5月联考,18,1
江西2026高三下学期5月联考,9,1
江西6月高二数学训练,5,1
江西一次函数,1,1
江西七年级下册数学期末试卷,2,1
江西七年级下学期阶段检测,1,1
江西七年级下数学专题练习,6,1
江西三模,1,1
江西上饶鄱阳县鄱阳一中2025-2026学年高一上学期开学考,3,1
江西上饶高二期末考试,1,1
江西上饶高二期末考试数学,5,1
江西中考english卷,1,1
江西中考真题试卷,2,1
江西中考英语,7,1
江西中考英语卷,5,1
江西丰城2025年到2020年学年度七年级期中,2,1
江西丰城二中高一开学分班考试,1,1
江西丰城高一二中开学分班考试,1,1
江西丰城高一开学分班考试,4,1
江西临川一中七年级下册数学试卷,4,1
江西乐安县福州市,9,1
江西九师联盟物理期末高二,2,1
江西九师联盟物理期末高二上,3,1
江西九年级上学期期中,9,1
江西九江2025高三零模,1,1
江西九江修水七年级下册期末考试,4,1
江西九江市同文期末八下,1,1
江西九江联盟高三开学考,3,1
江西九江高三开学考,6,1
江西二年级上学期阶段检测,1,1
江西人教版2019必修第二册数学12单元试卷,7,1
江西人教版2019必修第二册数学卷12试卷,2,1
江西人教版2019必修第二册第七单元测试卷,1,1
江西人教版2019必修第二册英语12单元试卷,2,1
江西人教版2019必修第二册高一下学期英语12单元试卷,3,1
江西免费,2,1
江西免费数学,9,1
江西八上历史期末,4,1
江西八年级下学期期末,6,1
江西八年级下学期阶段检测,1,1
江西八校联考物理高二上卷,1,1
江西初衔高,1,1
江西化学,1,1
江西化学专项,1,1
江西化学专项高三,3,1
江西十校协作体,2,1
江西十校协作体物理期末,2,1
江西十校协作体物理期末高二,7,1
江西十校协作体，物理,3,1
江西十校期末联考,2,1
江西南昌26年化学一模卷,2,1
江西南昌二中2025高一下月考数学,1,1
江西南昌初一上学期期中数学试卷,4,1
江西卷,1,1
江西历年英语高考真题,4,1
江西吉安八年级上册物理第一次月考,3,1
江西吉安市吉安县2025数学八年级上册第1次月考,5,1
江西吉安市吉安县2025期末考试,2,1
江西吉安市吉安县2025期末考试八年级上,3,1
江西吉安市吉安县道法期末考试八年级上,4,1
江西吉安白鹭洲,3,1
江西吉安高一2026数学期中,1,1
江西四年级上学期期中,1,1
江西学考,5,1
江西定南县期中数学试卷,2,1
江西定南县期中物理试卷,2,1
江西定南县期中语文试卷,1,1
江西师大附中2025高二期中,6,1
江西师大附中中考模考,1,1
江西师大附中八年级物理期末测试卷,4,1
江西师大附中分班卷,10,1
江西师大附中初三,6,1
江西师大附中初中模考,1,1
江西师大附中开学考,1,1
江西师大附中高一下学期英语期末考试,8,1
江西师大附中高一下期末,22,1
江西师大附中高一分班考化学答案,1,1
江西师大附中高一月考,5,1
江西师大附中高二英语期末,4,1
江西师范大学,1,1
江西师范大学附属中学七下期中考数学试卷,3,1
江西师范大学附属中学三模,3,1
江西师范大学附属中学初中模考,1,1
江西开学考高三,1,1
江西抚州十校期末联考,1,1
江西数学一次函数,1,1
江西数学中考,1,1
江西数学中考二模,2,1
江西数学联考,3,1
江西数学联考九江市,1,1
江西数学联考九江市高三,2,1
江西数学联考高三,7,1
江西数学联考高三修水,5,1
江西数学高三上学期,1,1
江西景德镇珠山区7年级上册语文开学考真题,1,1
江西景德镇珠山区一中7年级上册语文开学考真题,5,1
江西景德镇珠山区小学7年级上册语文开学考真题,1,1
江西景德镇珠山区小学六年级上册语文期中真题,1,1
江西景德镇高一期末2025,3,1
江西景德镇高期末2025,2,1
江西期中数学试卷,10,1
江西期中英语试卷,3,1
江西期中试卷,15,1
江西期中语文试卷,5,1
江西期中高一上试卷,33,1
江西期末,1,1
江西樟树中学,3,1
江西瓢泉,4,1
江西生物,13,1
江西省2020中考试卷,13,1
江西省2026兴国县兴国中学,1,1
江西省2026兴国县兴国中学高一月考物理试卷,4,1
江西省2026初中学业水平考试,3,1
江西省2026年高三生物，物理，化学。试卷,3,1
江西省“红色十校”26届高三第一次联考生物学试卷,5,1
江西省上进联考高三10月,1,1
江西省上进联考高三10月物理,3,1
江西省上饶市广丰区叔夜中学,9,1
江西省上饶市广信区第七中学地理试卷试题八年级上册,1,1
江西省上饶市横峰中学,3,1
江西省临川2025 2026学年高一下学期6月阶段检测生物,1,1
江西省临川2025 2026学年高一下学期6月阶段检测语文.,3,1
江西省临川一中高一质量检测物理试卷,12,1
江西省临川一中，高一物理自主复习作业,3,1
江西省九江市2024-2025学年下学期期末七年级数学,1,1
江西省九江市况如星汉高级中学 2025~2026年上学期2月期末高二英语试卷,1,1
江西省九江市矿炉新翰高级中学2025~2020学年上学期二月期末高二英语试卷,3,1
江西省南昌市2025~2026八年级上册期末物理试卷,2,1
江西省南昌市2025届高三下学期第一次模拟测试（一模）英语试题,1,1
江西省南昌市2026届高三英语,1,1
江西省南昌市中考,28,1
江西省南昌市九上外国语教育集团12月月考考试卷数学,1,1
江西省南昌市外国语高二下学期六月月考,1,1
江西省南昌市新建区第五中学,27,1
江西省南昌市高三英语,3,1
江西省吉安市吉安市10校联盟2026年数学八年级下册期中考试,3,1
江西省吉安市吉安市10校联盟2026年数学八年级下册期末考试,2,1
江西省吉安市遂川县2026年数学八年级下册期中考试,1,1
江西省吉安市遂川县2026年数学八年级下册期末考试,8,1
江西省吉安市遂川县2026年物理八年级上册期末考试,1,1
江西省吉安市遂川县七下期末卷历史,6,1
江西省吉安市遂川县七年级下册期末考试二零二四年到二零二五年,5,1
江西省吉安市遂川县七年级下册期末考试数学,2,1
江西省吉安市遂川县七年级下册期末考试物理二零二四年到二零二五年,1,1
江西省吉安市遂川县九年级上册期末考试数学,1,1
江西省吉安市遂川县九年级上册期末考试数学试卷,3,1
江西省吉安市遂川县九年级下册期末考试数学试卷,2,1
江西省吉安市遂川县全江中学数学竞赛题。,3,1
江西省吉安市遂川县八年级上册期末考试数学,11,1
江西省吉安市遂川县八年级上册期末考试物理,6,1
江西省吉安市遂川县八年级上册期末考试物理二零二四年到二零二五年,11,1
江西省吉安市遂川县八年级下册期末考试数学试卷,3,1
江西省吉安市遂川县八级上册期末考试数学试卷,7,1
江西省宜春市第一中学,1,1
江西省景德镇市2026届高三第一次质量检测,16,1
江西省景德镇市高三1️⃣检,5,1
江西省红色十校26届高三第一次联考生物,2,1
江西省红色十校26届高三第一次联考生物学,1,1
江西省红色十校26届高三第一次联考生物学试卷,1,1
江西省萍乡市高三,5,1
江西省赣三中高一第一次月考,8,1
江西省赣州三中,1,1
江西省赣州三中2025年到2026学年高二第一次月考,1,1
江西省赣州中学高一英语,11,1
江西省赣州市,12,1
江西省赣州市会昌中学,1,1
江西省赣州市惠昌中学,1,1
江西省赣州市赣州中学高一物理,4,1
江西省进贤市中考,3,1
江西省部分学校2026届高考全真模拟英语试卷,3,1
江西省重点中学协作体二模,2,1
江西省重点中学盟校2025‑2026学年下学期高二年级期末测试,9,1
江西省重点中学门校20二七届高二年级下学期期末,1,1
江西省高一上学期期末试卷物理,1,1
江西省高一下学期期中生物试卷,1,1
江西省高一下学期期末生物试卷,1,1
江西省高考化学真题,2,1
江西省高考物理,10,1
江西省高考物理真题,4,1
江西真题试卷,1,1
江西科技学院附属中学,2,1
江西科技师范附属八上期中英语,8,1
江西第四章数学,1,1
江西第四章数学八上,1,1
江西英语八年级下期末考试,5,1
江西英语卷高二开学考,1,1
江西萍乡2025一模,7,1
江西萍乡市,1,1
江西萍乡市七年级,5,1
江西语文,16,1
江西赣州市2026高二下学期数学期末,1,1
江西赣州市赣县第三中学周考试卷1,6,1
江西赣州高一上学期数学期末试卷,6,1
江西赣州高一下学期数学期末试卷,3,1
江西遂川七年级,3,1
江西重点中学协作体物理高二上卷,3,1
江西阶段第一次月考,6,1
江西高一下数学期末试卷,9,1
江西高一入学分班考,1,1
江西高一数学月考,9,1
江西高三下学期学考,3,1
江西高三赣抚吉联考,7,1
江西高中联盟物理高二上卷,4,1
江西高中联盟物理高二卷,1,1
江西高二,1,1
江西高二上学期学考,6,1
江西高二上第一次月考数学,16,1
江西高二上第一次月考江科,2,1
江西高二期末考试,1,1
江西高考,1,1
江西高考化学,4,1
江西高考地理,5,1
江西高考政治,1,1
江西高考物理2026,3,1
江西高考英语,3,1
江都七上数学第一次月考,1,1
江都七上语文,1,1
江都七上语文期末,2,1
江都中学,5,1
江都中学高三化学,1,1
江都区育才中学高一阶段测试数学,1,1
江都华君七上语文,4,1
江都物理中考复习6,9,1
江门一模生物,2,1
江门中考数学,2,1
江门市培英,1,1
江门市外海中学,9,1
江门市外研版九年级上学期英语试卷,6,1
江门市外研版九年级英语试卷,1,1
江门市棠下,7,1
江门市第一中学景贤学校,1,1
江门广雅中学高一月考卷,3,1
江门期末,2,1
江门调研,4,1
江门调研测试卷,4,1
江阴九上数学期末,6,1
江阴南菁英语,2,1
江阴市华士,3,1
池州2025年开学分班卷高一,6,1
池州2025高一开学考,2,1
池州2026模拟,3,1
池州一中2025高一开学考,1,1
池州一中高一上学期,4,1
池州八中,1,1
池州八中2025年开学分班卷高一,1,1
池州市,1,1
池州市第一中学,6,1
汤原县七年级上册,4,1
汤原县七年级上册语文,1,1
汤原是七年级上册语文,1,1
汤阴县,9,1
汨罗,1,1
汨罗一中开学考,1,1
汨罗一中高一上开学考,2,1
汨罗市一中高一开学考英语,4,1
汨罗市第二中学,18,1
汪清,8,1
汶上中考数学卷,2,1
汶上九下期末试卷,3,1
汶上县26年数学中考试卷,4,1
汶上县七上地理期中试卷,1,1
汶上县七年级生物,1,1
汶上县八上生物期中试卷,2,1
汶上县第二实验中学,3,1
汶上县第二实验中学。七下英语不规则动词与时态每日一练,1,1
汶上县第二实验中学七下英语不规则动词与时态每日一练,1,1
汶上县第二实验中学暑假作业,1,1
汶城,1,1
汶城中学,1,1
汽六,2,1
汽开区期末,1,1
沁园春长沙,2,1
沁园春长沙学案,5,1
沁园春长沙课件,1,1
沁阳市第一中学物理高一上册,1,1
沁阳市第一中学英语高一上册,1,1
沂南英语中考,1,1
沂水县小学一年级上册期末考试,9,1
沂源,3,1
沂源县六年级第二学期期中考试,1,1
沅澧共同体,1,1
沅澧共同体英语,1,1
沅澧共同体英语24-25高一下,1,1
沅邵联盟,4,1
沈一三四中学数学期中,1,1
沈丘,3,1
沈丘二初中七年级入学监测卷,1,1
沈丘二初中入学监测卷,1,1
沈北新区2025 2026''七上英语,3,1
沈北新区2025 2026八上期末考试语文,1,1
沈北新区2025-2026学年度上学期期中测试七年级英语试卷听力题,2,1
沈北新区2025到2026学年度上学期期中测试七年级英语卷北师大版,5,1
沈北新区2025至2026学年度上学期期中测试学习级英语卷儿一年级英语卷儿,1,1
沈北新区八年级,8,1
沈师二校,2,1
沈师二校七上,1,1
沈抚示范区,3,1
沈文联盟,4,1
沈河,20,1
沈河区,4,1
沈河区九上语文期末,1,1
沈铁实验,1,1
沈阳107中学,3,1
沈阳120高二上月考数学,3,1
沈阳1268上英语10月考试卷,4,1
沈阳126中学,3,1
沈阳126中学8年级25年 8年,8,1
沈阳126中学期中九上数学,3,1
沈阳126九上数学,1,1
沈阳126月考七年级,3,1
沈阳134中学地生模拟考试,1,1
沈阳20中学,4,1
沈阳23年中考题,1,1
沈阳26届皇姑化学期末卷,3,1
沈阳26届铁西化学期末卷,2,1
沈阳2中,2,1
沈阳43中,4,1
沈阳43中学8年英语10月考试卷,5,1
沈阳5年级2026年上学期数学末卷,4,1
沈阳一二六中学,2,1
沈阳一摸,4,1
沈阳一模,1,1
沈阳七上英语期末考试,3,1
沈阳七中九年级上开学考试,1,1
沈阳七中九年级开学考试,4,1
沈阳七中八下七中数学卷,1,1
沈阳七中八下期末物理2026年,8,1
沈阳七年级期末语文,3,1
沈阳三十一中学,1,1
沈阳二中 2825-2026学年度下学期六月月考,3,1
沈阳二中2025-2026学年度下学期期末,1,1
沈阳二中25025到2026学年度下学期模拟考试高三二六届,3,1
沈阳二中28届,4,1
沈阳二中28届2025-2026学年度下学期阶段能力测试物理试题,4,1
沈阳二中二七届2024至2025学年度上学期10月学科检测英语试题,12,1
沈阳二中化学2026高三,1,1
沈阳二中化学2026高二下,1,1
沈阳二中开学考,1,1
沈阳二中英语,4,1
沈阳二中英语高二下,1,1
沈阳二中高一下期末,8,1
沈阳二中高二期末,7,1
沈阳二中，化学,10,1
沈阳二十,3,1
沈阳二十中学,1,1
沈阳二十中学高一上物理,1,1
沈阳五校联考2025 2026学年度下学期期末考试高一试题,5,1
沈阳五校联考下学期期中考试高一英语试题,4,1
沈阳五校联考下学期期末考试高一数学试题,9,1
沈阳五校联考下学期期末考试高一英语试题,3,1
沈阳五校联考下学期期末考试高一试题,1,1
沈阳五校联考数学,12,1
沈阳八上10月月考卷,2,1
沈阳八上数学南昌,2,1
沈阳八上月考,1,1
沈阳八上英语,1,1
沈阳八下数学期末,30,1
沈阳兴华实验学校,1,1
沈阳农业大学,1,1
沈阳初一入学考,3,1
沈阳南昌中学,6,1
沈阳南昌中学九上物理2023年11月8日,4,1
沈阳南昌中学期末,2,1
沈阳南昌化学九上,6,1
沈阳南昌新初一入学考,1,1
沈阳同泽,1,1
沈阳和平期末语文九上,2,1
沈阳回中月考,3,1
沈阳回民中学,2,1
沈阳回民中学高一数学,4,1
沈阳外国语日语课程,1,1
沈阳实验数学,17,1
沈阳实验数学月考,2,1
沈阳市11中学9月月考,4,1
沈阳市120中学,1,1
沈阳市120中学高一下化学期末卷,3,1
沈阳市120高一上开学考试,6,1
沈阳市120高一上第一次月考,9,1
沈阳市126九上化学,1,1
沈阳市134中学数学期中考试卷纸,3,1
沈阳市176中学,4,1
沈阳市1中高一物理,3,1
沈阳市43中2025—2026八下期末数学能力,1,1
沈阳市一三四中学,8,1
沈阳市一三四中学数学期中,1,1
沈阳市一三四中学数学期中卷纸,1,1
沈阳市一三四中学数学期中考试卷纸,3,1
沈阳市一二六,4,1
沈阳市三十一中高一上物理第一次月考卷,1,1
沈阳市九年级化学上学期第一次月考,7,1
沈阳市二中高一上物理第一次月考卷,8,1
沈阳市二十中学,1,1
沈阳市二十中高一上物理第一次月考卷,2,1
沈阳市五校协作体高一期末,22,1
沈阳市南昌中学 九年级上学期开学考试、南昌中学 初三期初摸底,3,1
沈阳市和平区八年级下期末数学调研卷2025 2026 01 八年级下册数学期末试卷,1,1
沈阳市回中,1,1
沈阳市回民中学开学摸底,1,1
沈阳市回民中学新高一,1,1
沈阳市大东区七上语文摸底考试,12,1
沈阳市大东区期末卷纸,2,1
沈阳市大东区期末数学,4,1
沈阳市大东去,1,1
沈阳市大连中山区历史卷,2,1
沈阳市大连中山区历史卷七下,3,1
沈阳市新民市高级中学2023~2024高三上学期9月份开学考试数学,2,1
沈阳市沈河区八年级下期末数学调研卷2025 2026 01 八年级下册数学期末试卷,1,1
沈阳市法库县七下数学,3,1
沈阳市法库县高级中学,2,1
沈阳市浑南初级中学物理九上月考,7,1
沈阳市浑南区2026七年级下期末数学,6,1
沈阳市皇姑区43中学八下期末数学能力,3,1
沈阳市第10中学月考,1,1
沈阳市第11中学生物高一下期末卷,4,1
沈阳市第20中学,3,1
沈阳市第20中学月考,5,1
沈阳市第31中学,1,1
沈阳市第36中学,1,1
沈阳市第二十七中学,3,1
沈阳市第二十中学化学期末卷,4,1
沈阳市第二十中学英语期末卷,3,1
沈阳市第五中学开学考试,1,1
沈阳市第五中学高一开学考试,4,1
沈阳市第四十三中学七年级上期末检测,9,1
沈阳市翔宇中学,3,1
沈阳市育才小学期末考试卷子,1,1
沈阳市虹桥中学,19,1
沈阳市虹桥中学2025~2026学年度九年级上册数学月考,3,1
沈阳市郊联体2025 2026高一上学期10月月考,1,1
沈阳市郊联体高一下学期期末考试题,1,1
沈阳市铁西区五年级下期末卷,3,1
沈阳市铁路实验中学,6,1
沈阳数学,5,1
沈阳数学月考,1,1
沈阳数学高一下期末,7,1
沈阳物理,3,1
沈阳物理期末,4,1
沈阳皇姑区初一入学考试试卷,3,1
沈阳皇姑区初一入学考试试卷上学期,3,1
沈阳省实验,3,1
沈阳省重点五校联盟,3,1
沈阳第120中学,12,1
沈阳第120中学2025-2026高一下学期数学,3,1
沈阳第20高中,10,1
沈阳第43中学入学考试试卷,1,1
沈阳第43中学初一入学考试试卷,1,1
沈阳育才,4,1
沈阳育才双语,1,1
沈阳英语2026,13,1
沈阳虹桥中学,6,1
沈阳虹桥中学2025-2026八下数学月考,5,1
沈阳虹桥八上10月考数学,1,1
沈阳虹桥八上11月考数学,2,1
沈阳虹桥八上数学月考,3,1
沈阳道法八年级期末真题,1,1
沈阳郊联体,1,1
沈阳铁中,1,1
沈阳铁西区,4,1
沈阳铁西区八下期中考试卷子,1,1
沈阳零模,8,1
沈阳高一数学开学考,3,1
沈阳高二期中,12,1
沉淀,3,1
沉淀溶解平衡,2,1
沉淀溶解平衡图像,3,1
沉淀物,3,1
沉淀转化,9,1
沉默的荣耀,3,1
沐川县,6,1
沐彬往年分班考试卷,1,1
沐韵,1,1
沙县区第三中学,16,1
沙坪坝初一分班数学,3,1
沙坪坝初一分班考,2,1
沙坪坝区树人小学,10,1
沙坪坝，初一分班考,1,1
沙峰,1,1
沙市中学七月,1,1
沙市区八上期中考试,3,1
沙河,1,1
沙河一中,3,1
沙河口,18,1
沛县歌风中学分班考,12,1
沛县湖西中学,2,1
沧,3,1
沧县小升初数学试卷,9,1
沧州市2026届高三毕业班第一次教学质量检测英语试题,1,1
沧州市新华区5年级下册数学2020至2021年试卷王朝霞测试卷试卷冀教版,4,1
沧州市第一中学,1,1
沧州市第二中学,2,1
沧州市第十七中学,7,1
沧衡,6,1
沧衡2025,4,1
沪教五年上单元提升卷,1,1
沪教五年上提升卷,3,1
沪教八上英语课计划,5,1
沪教版5年级,5,1
沪教版5年级教材,1,1
沪教版7年级数学,3,1
沪教版7年级英语单词表,4,1
沪教版9年级化学,1,1
沪教版七年级五四制,1,1
沪教版七年级五四制教材电子版,7,1
沪教版五四制九年级上册 第26章 二次函数 基础单元卷 预习,2,1
沪教版八年级上册 基础阅读 带翻译,3,1
沪教版化学,3,1
沪教版化学第二单元,8,1
沪教版英语八上单词表默写,6,1
沪教版选必三英语应音频,1,1
沪教版选择性必修第一册词汇表,5,1
沪教版高中地理必修二,9,1
沪教牛津版,1,1
沪教牛津版英语,1,1
沪教英语五年上提升卷,1,1
沪教英语八上单词表,9,1
沪教高一数学月考,3,1
沪教高一数学第一第二章,1,1
沪版的高中数学纯例题,5,1
沪科版七年级 ·困难卷/拔尖卷,2,1
沪科版九年级物理物态变化测试题,1,1
沪科版五四制 九年级上册 第11章 静电与电流 单元预习检测卷,9,1
沪科版五四制2024 九年级全一册 专题7 溶液 基础单元测试卷,3,1
沪科版数学八年级上册第一单元,1,1
沪科版数学八年级下册期末试卷,21,1
沪科版高中化学必修二,2,1
沪粤版物理 实验探究 专项”,5,1
沪粤版物理九上11章,5,1
沭阳县如东中学创新班试卷,9,1
沭阳县如东中学新高一选拔性考试试卷,2,1
沭阳县如东学校初二上册第1次月考卷,11,1
沭阳县实验学校初二上册第1次月考卷,3,1
沭阳县钱集中学分班考试试卷,1,1
沭阳县钱集中学新初一分班考试试卷,1,1
沭阳如东,5,1
沭阳自招,15,1
河北 秦皇岛,9,1
河北 秦皇岛市第一中学,3,1
河北2026七年语文级期末考试,1,1
河北2026开学考模拟题,3,1
河北2026高考地理真题,3,1
河北NT20高三开学考试题,3,1
河北一 轮 复习 2026,2,1
河北七年级上学期阶段检测,1,1
河北万全区第六小学,3,1
河北三河市2026小升初,14,1
河北三河市七年级上册数学第一次月考,25,1
河北上学期,1,1
河北中考,2,1
河北中考作文,4,1
河北中考数学,5,1
河北中考生物,3,1
河北中考真题分类,13,1
河北中考真题汇总,1,1
河北五个一,8,1
河北五个一联盟,1,1
河北五年级下学期期末,5,1
河北五年级下学期阶段检测,3,1
河北作文,5,1
河北保定1+3考试,3,1
河北保定2024,1,1
河北保定2024-2025上学期生物月考,1,1
河北保定2024-2025必修一上学期生物月考,4,1
河北保定2024-2025生物,1,1
河北保定2024-2025生物月考,1,1
河北保定2024生物,1,1
河北保定六校联考期末高一,2,1
河北保定十校高二十月月考英语,1,1
河北保定市竞秀区七年级下册期末学业质量检测,4,1
河北保定期末高一,1,1
河北保定第一中学,3,1
河北保定第三中学高一上期中,3,1
河北保定第三中学高一上期中数学,1,1
河北保定高一上月考数学2026,3,1
河北保定高一上期中,1,1
河北保定高一上期中三中,1,1
河北保定高一上期中数学2026,3,1
河北保定高一下开学考,4,1
河北保定高一下期末考试,2,1
河北保定高二上开学考,4,1
河北保定高二开学考,5,1
河北八年级下学期期末,7,1
河北六年级上学期期中,69,1
河北六年级上学期阶段检测,2,1
河北六年级下学期升学模考,1,1
河北区,3,1
河北区2025~2026学年度第二学期期末练习八年级物理,2,1
河北区八下数学,9,1
河北区期中,3,1
河北区期末,5,1
河北华冠图书有限公司,3,1
河北单招,3,1
河北卷物理,1,1
河北卷物理高三,8,1
河北卷物理高三一模,3,1
河北卷英语2025高考,3,1
河北历史开学测高三,4,1
河北各校期末考试卷,4,1
河北唐山2026七年语文期末考试,5,1
河北唐山26年期中,1,1
河北唐山三年级下册数学期末试卷,3,1
河北唐山三年级下学期期末英语试卷试卷,3,1
河北唐山八年级上期末考试卷,1,1
河北唐山各校期末考试卷,1,1
河北唐山外国语学校,8,1
河北唐山外国语学校高一数学26年期中,1,1
河北唐山市丰润区七上数学期中真题卷,4,1
河北唐山市玉田县小升初分班考,5,1
河北唐山市玉田县小升初分班考数学,4,1
河北唐山数学上学期期末,10,1
河北唐山期末考试卷,2,1
河北唐山玉田县三中分班考试卷,6,1
河北唐山玉田数学上学期期末,15,1
河北唐山路北区26年期中,1,1
河北唐山路北区高一上数学26年期中,1,1
河北唐山路北区高一数学26年期中,2,1
河北四年级上学期阶段检测,3,1
河北四年级数学上冀教版总合试题,9,1
河北地理,1,1
河北威县第一中学,2,1
河北学考,1,1
河北安国市七上数学期末考试卷,12,1
河北定兴中学,1,1
河北定州,6,1
河北定州高三上学期9月考试,10,1
河北宜昌第一中学2025至2026学年高三年级第四次模拟考试语文试卷,1,1
河北宜黎第一中学2025至2026学年高三年级第四次模拟考试语文试卷,6,1
河北小升初邢台,5,1
河北工业大学,3,1
河北廊坊,8,1
河北开学考试,5,1
河北承德2025‑2026高一化学下学期期末试卷,3,1
河北文综学考,11,1
河北昌黎第一中学2025至2026学年高三年级第四次模拟考试语文试卷,3,1
河北易县中学,2,1
河北期中,3,1
河北沧州九上数学,12,1
河北湘教版选修1第1课地球的公转与自转,1,1
河北物理一模,1,1
河北省2025的高考语文题,3,1
河北省2026届高三年级开学学情检测,13,1
河北省2026年高考卷,5,1
河北省26年九年级一模,24,1
河北省一模,1,1
河北省东光县,3,1
河北省保定市2025至2026学年度七年级下册历史期末,14,1
河北省保定市唐县,38,1
河北省保定市唐县2026年小升初考试数学试卷,1,1
河北省保定市定州市2022至2023学年度第一学期期中质量监测八年级数学,13,1
河北省保定市定州市2023至2024学年度第一学期期中质量监测八年级数学,8,1
河北省保定市定州市2023至2024学年度第一学期期中质量监测八年级英语,1,1
河北省保定市定州市2024至2025学年度第一学期期中质量监测八年级数学,8,1
河北省保定市定州市2025至2026学年度第一学期期中质量监测八年级英语,2,1
河北省保定市定州市2025至2026学年度第一学期期中质量监测，八年级数学,8,1
河北省保定市定州市2025至2026学年度第一学期期末质量检测per,2,1
河北省保定市定州市2025至2026学年度第一学期期末质量检测八年级语文,3,1
河北省保定市定州市2025至2026学年度第一学期期末质量监测八年级语文,3,1
河北省保定市易县2025至2026年学年八下物理期末测试卷,9,1
河北省保定市易县八下物理期末测试卷,3,1
河北省保定市清苑区数学卷子八年级上册,1,1
河北省保定市语文爱河城,1,1
河北省保定市部分高中2025-2026学年高一上学期12月月考英语试题,2,1
河北省保定市阜平县2024年期末英语试题,1,1
河北省保定市阜平县2024年期末英语试题六年级,2,1
河北省八年级语文期末试卷,8,1
河北省卓越联盟2026届高三数学试卷,3,1
河北省唐县八下数学期末卷子2025 2026,1,1
河北省唐县八下数学期末卷子2025-2026,5,1
河北省唐山市2025-2026学年高三上学期9月摸底演练 数学试题+答案,1,1
河北省唐山市丰润区七上数学期中真题卷,5,1
河北省唐山市丰润区数学初一期中真题,5,1
河北省唐山市丰润区数学期中真题,1,1
河北省唐山市丰润区英语七上期中真题,13,1
河北省唐山市丰润区语文七上期中真题,18,1
河北省唐山市丰润区语文期中真题,4,1
河北省唐山市古冶区2023数学七年级期中,3,1
河北省唐山市古冶区2024数学,1,1
河北省唐山市古冶区2024数学七年级,1,1
河北省唐山市古冶区2025数学,1,1
河北省唐山市玉田县2025小升初考试,3,1
河北省多校2024-2025学年高一下学期7月期末物理试题,4,1
河北省定兴县七年级期末考试试卷英语,10,1
河北省定兴县五年级期末考试试卷语文,24,1
河北省定兴实验高级中学,1,1
河北省定州市2026高二期末生物,3,1
河北省廊坊市三河市八下期末数学考试,10,1
河北省廊坊市英语中考卷,9,1
河北省张北德志中学2019~2020学年高一下学期俄语4月月考,1,1
河北省张北德智中学2019~2020学年高一下学期俄语4月月考,7,1
河北省张家口7月高一期末巩固训练,1,1
河北省张家口市宣化区2024到2025 11月初七年级下学期数学试卷,1,1
河北省张家口市宣化区2024到2025 11月初八年级上学期数学试卷,6,1
河北省张家口市宣化区2025到202611月初八年级上学期数学试卷,5,1
河北省张家口市桥西区张家口市第一中学2025-2026学年高一上学期10月月考英语试题,3,1
河北省张家口市高二上学期期中考,6,1
河北省张家口市高二期中考,1,1
河北省强基联盟2025-2026学年高二上学期12月期中英语试题,6,1
河北省承德,1,1
河北省承德四上,1,1
河北省承德宽城四上,3,1
河北省承德市,3,1
河北省承德市兴隆县八年级数学,1,1
河北省承德市双桥区,3,1
河北省承德市双滦区,2,1
河北省承德市双滦区计数原理与概率统计,7,1
河北省数学竞赛试卷,5,1
河北省昌黎第一中学暑假英语作业,11,1
河北省昌黎第一中学高三暑假英语作业,1,1
河北省昌黎第一中学高三英语暑假作业,4,1
河北省沧州市,6,1
河北省沧州市生物上学期第一次月考,2,1
河北省沧州市高一期末,4,1
河北省河北昌黎第一中学高三英语暑假作业,1,1
河北省滦南县物理期中考试测试卷,4,1
河北省物理一模,3,1
河北省生物,6,1
河北省生物七年级下期末试题,6,1
河北省石家庄市2024-2025学年高一下学期期末测试物理试题,3,1
河北省石家庄市2025届普通高中,4,1
河北省石家庄市2025高一下期末物理,7,1
河北省石家庄市第42中学八年级上数学月考试卷,3,1
河北省石家庄市第二中学,8,1
河北省石家庄市第二中学2024-2025学年高一上学期期末英语模拟试题二,10,1
河北省石家庄第二中学实验学校2024-2025学年高一下学期6月月考物理试卷,3,1
河北省石家庄高三九月摸底考试,1,1
河北省英语中考考,1,1
河北省衡水中学2025一2026学年,23,1
河北省邢台市9年级月考物理,4,1
河北省邢台市威县七级,4,1
河北省邢台市宁晋县,1,1
河北省邢台市襄都区,2,1
河北省邢台市襄都区英华学校,1,1
河北省邯郸市丛台区,16,1
河北省邯郸市武安县联考,6,1
河北省邯郸市永年区第一中学2025高三9月份摸底考试,4,1
河北省邯郸市永年区第二中学2026,4,1
河北省邯郸市物理摸底检测,6,1
河北省邯郸市路北区,15,1
河北省邯郸市魏县,1,1
河北省邯郸市魏县。,4,1
河北省邯郸市魏县第六中学,3,1
河北省高一下语文试题,1,1
河北省高二上语文试题,3,1
河北石家庄一 轮 复习 2026,1,1
河北石家庄二中,4,1
河北石家庄二中高二上,4,1
河北石家庄市,14,1
河北石家庄市2025-2026学年高一下学期7月期末物理试题,3,1
河北石家庄市二中，高一上期中卷,5,1
河北石家庄期末考试六年级,10,1
河北石家庄正中高二上,1,1
河北石家庄精英中学,1,1
河北石家庄高三一 轮 复习 2026,16,1
河北石家庄高考模拟,6,1
河北石家庄高考模拟预测,2,1
河北示范性高中高三上学期9月考试,6,1
河北第一次月考,1,1
河北考试阅读检测卷,1,1
河北联考,6,1
河北衡水,1,1
河北衡水中学2024-25届高三考前综合测试,2,1
河北衡水中学2025-2026学年度高二年级上学期期末英语试题,3,1
河北语文三模,2,1
河北语文八年级考试阅读检测卷,3,1
河北语文开学测高三,6,1
河北语文高二,1,1
河北语文高考三模,4,1
河北辛集中学,1,1
河北辛集六年级科学试卷,3,1
河北辛集六年级语文试卷,7,1
河北辛集六年级道法试卷,6,1
河北迁安2026七年语文级期末考试,2,1
河北邢台,3,1
河北邢台7.8高一下语文期末试卷,4,1
河北邢台7.8高二下语文期末试卷,1,1
河北邢台一中2026高一月考,2,1
河北邢台一中高三月考数学,8,1
河北邯郸2026年中考数学卷,2,1
河北邯郸2026年中考物理卷,2,1
河北邯郸2026年中考英语卷,7,1
河北邯郸初二语文,2,1
河北邯郸大名八上开学考试,8,1
河北邯郸市扬帆学校2025-2026学年第一学期七年级,1,1
河北邯郸市扬帆学校2025-2026学年第一学期七年级英语分班试卷,2,1
河北邯郸市扬帆学校分班,1,1
河北邯郸新高三开学考,5,1
河北邯郸新高三开学考物理,2,1
河北金太阳高一期末,1,1
河北金太阳高一期末英语,5,1
河北金科大联考九月,2,1
河北隆尧第一中学,8,1
河北雄安新区2026届高三年级模拟考试题语文,10,1
河北雄安新区2026届高三年级语文模拟考试题（部编人教版）,1,1
河北高一上学期,3,1
河北高一上学期 第1次月考,2,1
河北高一上学期学考,5,1
河北高一上学期阶段检测,1,1
河北高三上学期期中,2,1
河北高三九月摸底考试,5,1
河北高中湘教版选修1第1课地球的公转与自转,1,1
河北高中语文二模,5,1
河北高二上学期学考,4,1
河北高二下学期生物24级创新班期末质量检测,3,1
河北高考 2026高考真题,4,1
河北高考化学,2,1
河北高考化学真题,3,1
河北高考物理二模各地综合卷合集,4,1
河北高考物理各学校二模,4,1
河北高考生物,1,1
河北高考生物基因工程,1,1
河北高考生物选必三专练,2,1
河北高考真题,1,1
河北黄骅中学高一月考化学试卷,2,1
河北黄骅中学高一月考物理试卷,5,1
河北黄骅中学高一月考生物试卷,5,1
河南2023~2026中考真题试卷,3,1
河南2023中考 试卷 数学,2,1
河南2026 中考真题,2,1
河南2026五下期末数学,1,1
河南2026年地理高考真题,3,1
河南2026年高一第一单元卷,2,1
河南top20英语,7,1
河南top20英语9,2,1
河南top20高三上英语9,1,1
河南、四川、陕西等八省（区）2025年高考综合改革适应性演练,2,1
河南专用,3,1
河南中招,1,1
河南中考真题,6,1
河南中考英语,3,1
河南九上完形15空244,4,1
河南五市联考,2,1
河南五年级上学期阶段检测,2,1
河南五年级下学期阶段检测,1,1
河南人教版九上英语书,4,1
河南人教版九上英语书26,2,1
河南信阳,12,1
河南信阳罗山七年级上册英语试卷,4,1
河南八年级下册期末英语,1,1
河南八年级下学期期末,5,1
河南六年级上学期期中,3,1
河南六年级期末试卷,1,1
河南化学2026高考,1,1
河南南阳2025高一期中物理试卷,1,1
河南南阳2025高二期中英语试卷,1,1
河南南阳2025高期中英语试卷,3,1
河南南阳2026八下数学期末试卷,5,1
河南南阳2026小学四年级下期数学学习评价,8,1
河南南阳中学,1,1
河南南阳人教版四年级上册第五单元数学测试题,10,1
河南南阳升学模考,5,1
河南南阳市方城县第三初级中学等校2025 2026学年七年级下学期数学6月学情调研作业,3,1
河南南阳市方城县第三初级中学等校2025 2026学年八年级上学期数学6月学情调研作业,5,1
河南南阳市方城县第三初级中学等校2025 2026学年八年级上学期数学6月学情调研作业月考,5,1
河南南阳市镇平县2025-2026学年八年级下学期6月期末政治试题,1,1
河南南阳市镇平县2025-2026学年八年级下学期6月期末物理试题,1,1
河南南阳市镇平县2025-2026学年八年级下学期6月期末道德与法治试题,2,1
河南名校大联考日语,2,1
河南名校联盟,22,1
河南周口市沈丘县县直数学真题,1,1
河南周口市沈丘县县直高级中学数学真题,1,1
河南周口淮阳9年级数学期末考试试卷,5,1
河南周口淮阳9年级英语期末考试试卷,3,1
河南商丘高三第一次月考,3,1
河南地理，高考，2026,3,1
河南外国语中学入学分班考,1,1
河南外国语学校,2,1
河南天一,3,1
河南天一大联考,14,1
河南天一高三,9,1
河南学考,1,1
河南安阳2025届高三调研考试卷,14,1
河南安阳高三调研考试卷,31,1
河南小升初人教版数学课程,1,1
河南小升初英语分班考试真题,1,1
河南小升初诗句 题型,3,1
河南师范大学附属中学七年级分班考,1,1
河南师范大学附属中学小升初,1,1
河南开学考,3,1
河南政治高考,3,1
河南数学高考真题,1,1
河南新乡,1,1
河南新乡市2027届新高一,3,1
河南新初一,1,1
河南新未来物理,11,1
河南新未来高三 9,1,1
河南新未来高三九月,3,1
河南新高中创新联盟,6,1
河南方城县第一高级中学 2025‑2026学年高三上学期1月第3次周考英语试题,2,1
河南期中,1,1
河南期中鹤壁,6,1
河南期末,2,1
河南期末鹤壁,5,1
河南焦作,7,1
河南物理高考真题2026,3,1
河南省,3,1
河南省  高一新生开学考分班考试卷,10,1
河南省026年普通高中学业水平考试,1,1
河南省2025~2026学年青桐鸣期末考试,1,1
河南省2025~2026学年高一下学期青桐鸣期末考试数学A卷,3,1
河南省2025~2026学年高一下学期青铜鸣期末考试数学A卷,3,1
河南省2025年普通高中学业水平合格性考试,1,1
河南省2025年普通高中学业水平选择性考试历史,4,1
河南省2025年普通高中学生学业水平合格性考试,3,1
河南省2025年高考综合改革适应性演练（物理）,14,1
河南省2026分班考,27,1
河南省2026届普通高中学生第1次适应性考试,6,1
河南省2026届第1次适应性考试,1,1
河南省2026年初中学业水平检测,3,1
河南省2026年初中学业水平检测数学,1,1
河南省8年级下册期末英语真题卷,2,1
河南省一高高一上第一次月考,1,1
河南省三门峡市,8,1
河南省三门峡市灵宝市2024-2025学年部编版八年级上学期1月期末历史试题,1,1
河南省中招考试,4,1
河南省人教版八年级数学期末试卷,2,1
河南省信阳市,1,1
河南省信阳市固始县一高二高联考上期 高一历史,1,1
河南省信阳市固始县高级中学第一中学、第二中学,3,1
河南省信阳市固始县高级中学第一中学、第二中学高一历史,1,1
河南省信阳市高中,1,1
河南省信阳高级中学新校 贤岭校区 2024 2025子学年高一下学期期末测试英语试题,1,1
河南省信阳高级中学新校 贤岭校区 2025-2026学年高一下学期期末测试英语试题,1,1
河南省信阳高级中学新校 贤岭校区 2025-2026学年高一下期04月测试英语试题,4,1
河南省信阳高级中学新校 贤岭校区 2025-2026学年高二上期02月期末测试英语试题,1,1
河南省信阳高级中学高一上期10月测试,5,1
河南省信阳高级中学高一上期10月测试英语试题,1,1
河南省八年级下册期末物理,5,1
河南省分班卷,6,1
河南省初中分班卷,5,1
河南省南召县2025年数学期末测试卷,1,1
河南省南召县2026年数学期末测试卷,1,1
河南省南阳市2023高二上数学期中试卷,2,1
河南省南阳市2024,4,1
河南省南阳市2024六校模拟,1,1
河南省南阳市2024六校模拟高二上数学,1,1
河南省南阳市2024六校模拟高二上数学期中试卷,1,1
河南省南阳市2025-2026学年上学期高一11月份期中,5,1
河南省南阳市2026年春期高一期末考试,1,1
河南省南阳市8年级下册期末,9,1
河南省南阳市8年级下册期末竞赛,27,1
河南省南阳市五年级下册期末,9,1
河南省南阳市六校2024-2025学年高一下学期期末英语试题 | 学科网 | 精品解析版图片卷，含完整试题、答案解析、听力原文与音频，文件格式为ZIP | ⭐⭐⭐⭐⭐ 非常高 | | 2026南阳高一下学期期末考试卷及答案(九科全) | 教习网 | 汇总了近3年南阳高一期末全科试卷，其中河南省南阳地区2025-2026学年高一上学期12月阶段考试英语试题,2,1
河南省南阳市唐河县2023到2024学年七年级上册期末考试数学试题,3,1
河南省南阳市唐河县20242025学年七年级上学期期末考试数学试题,28,1
河南省南阳市唐河县20242025学年七年级上学期期末考试英语试题,52,1
河南省南阳市唐河县20242025学年七年级上学期期末考试语文试题,33,1
河南省南阳市唐河县2024学年七年级上学期期末考试数学试题,5,1
河南省南阳市唐河县2025 2026学年七年级上学期11月期中考试数学试题,3,1
河南省南阳市宛城区2026,1,1
河南省南阳市方城县期末期末上册数学,5,1
河南省南阳市淅川县,8,1
河南省南阳市西峡县2025-2026期末真题,3,1
河南省南阳市镇平县2025-2026年下学期七年级第二学期期末考试地理试题6月题,5,1
河南省南阳市镇平县2025-2026年下学期七年级第二学期期末考试生物试题6月题,1,1
河南省南阳市镇平县2025-2026年下学期八年级第二学期第三学月考试历史试题5月题,2,1
河南省南阳市镇平县2025-2026年下学期八年级第二学期第三学月考试地理试题5月题,6,1
河南省南阳市镇平县2025-2026年下学期八年级第二学期第三学月考试物理试题5月题,1,1
河南省博物院,1,1
河南省名校大联考,1,1
河南省名校大联考2025-2026学年,1,1
河南省名校大联考2025-2026学年高二年级6月学业质量检测,1,1
河南省名校大联考2025-2026学年高二年级6月学业质量检测日语试题,1,1
河南省名校联盟上学期高一第一次月考,5,1
河南省名校联考高一上学期11月数学,1,1
河南省周口市2025一2026学年高二上学期青同明联考试卷,5,1
河南省周口市太康县2025年分班考试试卷,1,1
河南省周口市太康县第一高级中学2025年分班考试试卷,2,1
河南省周口市太康县第一高级中学2025年分班考试试卷 开学,3,1
河南省周口市西华县,3,1
河南省周口市郸城一中,2,1
河南省周口市郸城县一中,2,1
河南省商丘市虞城县小升初,1,1
河南省商丘市虞城县贾寨镇,1,1
河南省商丘市高一必修一物理第一次月考次月考,3,1
河南省安阳市,12,1
河南省安阳市文峰25年市区初中学校七年级学情调研测试试卷,4,1
河南省安阳市文峰26年市区初中学校七年级学情调研测试试卷,3,1
河南省安阳市文峰数学25年市区初中学校七年级学情调研测试试卷,1,1
河南省安阳市第八中学2023-2024学年七年级上学期第一次月考测试试卷,1,1
河南省实验 2026期末,2,1
河南省实验 2026期末语文,3,1
河南省实验 2026期末语文高一下,1,1
河南省实验中学2023年初一数学测试卷,5,1
河南省实验中学2025到2026学年下学期期末试卷卷高二生物,4,1
河南省实验中学七年级分班考语文,8,1
河南省实验中学下期末,1,1
河南省实验中学八年级上,3,1
河南省实验中学八年级上学期开学考试 语文,1,1
河南省实验中学八年级上学期开学考试，语文,1,1
河南省实验中学高一数学期末考试,5,1
河南省实验月考卷数学,2,1
河南省实验高一上第一次月考,2,1
河南省巩义市小升初,2,1
河南省平顶山汝州市八年级生物一调,4,1
河南省开封市,4,1
河南省开封市尉氏县七年级上册,1,1
河南省开封市尉氏县七年级上册期末,4,1
河南省开封市尉氏县七年级上册期末2025-2026,1,1
河南省开封市尉氏县七年级上册期末2025-2026英语,6,1
河南省开封市尉氏县七年级上册语文,1,1
河南省开封市尉氏县分班考试自主招生,3,1
河南省开封市尉氏县分班考试自主招生小升初,2,1
河南省开封市尉氏县小升初试卷,1,1
河南省开封市开封高中黄河路校区初中部,2,1
河南省扶沟县一中 七年级开学考,2,1
河南省扶沟县一中 开学考试卷,1,1
河南省新未来2025—2026 学年高三年级，月联合测评,1,1
河南省方城县20242025年七年级下册期中考试数学试卷,1,1
河南省方城县2026年七年级下册期末考试语文试卷,3,1
河南省方城县2026年度8年级下册数学测试卷,7,1
河南省方城县2026年度九上化学期中试卷,3,1
河南省杞县高中,1,1
河南省林州市九上第1次月考,5,1
河南省濮阳市分班卷,1,1
河南省濮阳市华龙区分班卷,1,1
河南省濮阳市华龙区初中分班卷,1,1
河南省濮阳市华龙区小升初分班卷,1,1
河南省濮阳市小升初分班卷,1,1
河南省濮阳市油田十八中分班卷,1,1
河南省焦作市,7,1
河南省焦作市示范区分班考,8,1
河南省焦作市示范区分班考七年级,1,1
河南省焦作市示范区分班考真题,2,1
河南省焦作市示范区实验中学分班考七年级,2,1
河南省物理阿基米德原理基础计算题,1,1
河南省示范区分班考真题,2,1
河南省示范区实验中学分班考真题,1,1
河南省自主招生,1,1
河南省虞城县贾寨镇,1,1
河南省许昌市2025到2026年期末考试数学卷,3,1
河南省许昌市高二上学期金太阳,5,1
河南省许昌市高二数学期末考试卷,8,1
河南省豫北名校2025-2026高二上学期检测英语,2,1
河南省豫西北教研联盟2025至2026学年高三年级,1,1
河南省豫西北教研联盟2025至2026学年高三年级第二次质量监测化学试题,12,1
河南省郑州实验外国语中学,10,1
河南省郑州市20252026学年下期期末考试高一数学试题卷,3,1
河南省郑州市8年级下册期末英语真题卷,3,1
河南省郑州市一高高一上第一次月考,2,1
河南省郑州市八校联考2025~2026学年高二下学期期末考试语文试题。,3,1
河南省郑州市八校联考2025~2026学年高二下学期期末考试语文试题答案,2,1
河南省郑州市共同体 2025~2026学年 高一下学期阶段考试 生物试题4,3,1
河南省郑州市实验中学,22,1
河南省郑州市第二初级中学,5,1
河南省郑州市第四初级中学,6,1
河南省郑州市郑州外国语学校,4,1
河南省郑州市高中自主招生,1,1
河南省郑州第一中学,4,1
河南省部分学校2025‑2026学年高二上学期开学英语试题,3,1
河南省金太阳2026春季高一年级阶段性学情评估,3,1
河南省长垣县,3,1
河南省陕州区,1,1
河南省陕州区语文,7,1
河南省青铜鸣期末考试数学A卷,5,1
河南省驻马店市,13,1
河南省驻马店市北师大版数学期末试卷试题,6,1
河南省驻马店市开学,1,1
河南省驻马店市正阳县2024-2025学年六年级下学期期末科学试卷》,2,1
河南省驻马店市第一高级中学2026高一新生学科素养测试,5,1
河南省驻马店市第二初级中学,1,1
河南省驻马店西平县2026六年级卷子数学,1,1
河南省高一期末,1,1
河南省高一第一次月考英语试卷,3,1
河南省高二上学期名校联盟。,6,1
河南省高二上学期金太阳,2,1
河南省高考数学,4,1
河南省高考适应性训练,3,1
河南省鹤壁市,8,1
河南省鹤壁市淇滨区湘江中学分班试卷,8,1
河南睢中,1,1
河南睢县中,7,1
河南自主招生数学,3,1
河南舞钢,9,1
河南许昌市九师联盟,1,1
河南许昌市九师联盟生物,3,1
河南许昌期末数学,20,1
河南郑州 郑州外国语中学,1,1
河南郑州中原区外国语中学7年级入学分班考,1,1
河南郑州中原区外国语中学入学分班考,1,1
河南郑州外国语学校一模英语,2,1
河南郑州市2025 2026学年高一下学期期末考试数学试卷,10,1
河南郑州市2025 2026学年高一下学期期末考试英语试卷,4,1
河南郑州市2025-2026学年高二下学期期末考试,7,1
河南郑州市外国语学校2026年高三下学期一模考试数学测试题。,1,1
河南部分学校高三上学期模拟预测物理,3,1
河南郸城,7,1
河南驻马店名校,1,1
河南驻马店市第一高级中学2026至2027年高一上学期开学语文试卷,17,1
河南高一,1,1
河南高一上学期11月数学,1,1
河南高一上学期学考,1,1
河南高一上学期期末,1,1
河南高一上语文,4,1
河南高一化学期末考试,10,1
河南高一数学,1,1
河南高一数学真题,3,1
河南高三上学期期末考试,4,1
河南高三专用,3,1
河南高三英语,1,1
河南高三调研考试,1,1
河南高三青铜鸣开学考,6,1
河南高中学业水平测试2023数学真题,4,1
河南高二上学期第一次月考卷,4,1
河南高考化学,3,1
河南高考卷,1,1
河南高考政治试卷,3,1
河南高考物理,1,1
河南高考真题,8,1
河南鹤壁,1,1
河南鹤壁三家村,4,1
河南鹤壁鹿鸣小升初人教版语文数学英语试卷,4,1
河南鹿邑小升初人教版数学课程,1,1
河南鹿鸣小升初人教版语文数学英语试卷,1,1
河大附中2026年九年级第一次模拟考试英语试卷,14,1
河池市小升初期末考,2,1
河池市期末,5,1
河洛芸汐,10,1
河洛芸汐河南专版,16,1
河源南山,4,1
河源南山实验学校,1,1
河源市供提卷,3,1
河源市市统考数学,7,1
河源市第一实验学校,2,1
河源市统考,1,1
河源市高二,1,1
河源广赋,3,1
河西,1,1
河西22到23物理期中,1,1
河西22到23物理期中高一,1,1
河西22到23物理期中高一上,1,1
河西一模,13,1
河西区,3,1
河西区2025-2026高一化学期中”,4,1
河西区2025届总复习质量调查,2,1
河西区期中数学,1,1
河西区期中数学高一,4,1
河西区高二上期中,2,1
河间英华,3,1
沸腾英语,1,1
油田实验,4,1
沽源一中,2,1
沾益清原,5,1
泉山学校,4,1
泉州 2026一模,7,1
泉州2023届一模,1,1
泉州2024届一模,3,1
泉州2025高三质检,2,1
泉州一中2023届高一新生入学测英语,3,1
泉州一中泉州八年级上册期未英语,8,1
泉州一检,1,1
泉州一模,8,1
泉州九上期末市质检数学,7,1
泉州二检,5,1
泉州五中 高二数学 周练 2025-2026,10,1
泉州五中2024~2025学年下学期初一年期末考试英语试卷,1,1
泉州五中2025届高一上学期,1,1
泉州五中2026届初三年下学期适应性练习化学试题,1,1
泉州五中2027届高一英语,1,1
泉州五中下学期初一期中考试英语试卷,7,1
泉州五中初三上数学周考一,5,1
泉州五中小升初,8,1
泉州五中第一学期期末考,1,1
泉州五中语文,3,1
泉州五中高1月考卷，运动学,1,1
泉州五中高1物理月考卷运动学,1,1
泉州五中高一分班考,2,1
泉州五中高一月考化学,3,1
泉州五中高三开学考,2,1
泉州五中高中,6,1
泉州五中高中期末,1,1
泉州入学考试,6,1
泉州八上政治试卷,1,1
泉州八上数学试卷,3,1
泉州八上物理试卷,4,1
泉州八年级上册期中英语,6,1
泉州六中泉州八年级上册期中英语,1,1
泉州凌霄中学,2,1
泉州凌霄中学小升初,2,1
泉州初一分班考数学,1,1
泉州培元中学2025-2026学年下学期泉州市初中英语校本作业 八年级下册 Unit 9单元检测,4,1
泉州实验中学数学,5,1
泉州实验中学英语,3,1
泉州实验八年级上册期中英语,4,1
泉州市,4,1
泉州市2024届高三上学期质检(一)历史试题,4,1
泉州市2026初一下册数学期末卷,3,1
泉州市2026届高中毕业班质量检测。,6,1
泉州市2026届高中毕业班质量检测一日语,6,1
泉州市2026届高中毕业班质量检测一模生物,6,1
泉州市2026届高中毕业班质量检测一语文,1,1
泉州市2026届高中毕业班质量监测,4,1
泉州市一检,3,1
泉州市一检英语,3,1
泉州市中考一模,2,1
泉州市中考二模,2,1
泉州市惠安县,6,1
泉州市惠安县七年级上册,3,1
泉州市泉港区七年级,6,1
泉州市科技中学2025级初一新生入学考,1,1
泉州市质检,25,1
泉州市高一物理月考卷,7,1
泉州市高三,3,1
泉州市高三年级第一次质量检测,3,1
泉州市高三第一次质检 一检,2,1
泉州市高中毕业班质量监测,3,1
泉州市高中毕业班质量监测一,2,1
泉州市鲤城区八下物理期末考试,1,1
泉州开学测,6,1
泉州开学考,1,1
泉州德化一中2024-2025高二上学期第一次地理,2,1
泉州惠安,9,1
泉州模拟,3,1
泉州监测二,5,1
泉州石狮,9,1
泉州第七中学,4,1
泉州第五中学,2,1
泉州附属,7,1
泉州高一入学考试分班考试,11,1
泉州高三,5,1
泉州高三一模,1,1
泉州高二期末政治,1,1
泉州鲤城区,1,1
泉州鲤城区2024~2025学年下学期七年级英语期末测试,3,1
泉引桥开学测,6,1
泉港一中开学考。,3,1
泉港二中2024年高一年上学期,1,1
泉港五中开学考。,1,1
泊头市第一中学,4,1
法兰克王国和西欧封建制度练习题目历史,9,1
法向量,1,1
法库县四年级上册语文期末考试试题,9,1
法治专项习18道,1,1
法语,1,1
泗县一中,10,1
泗洪中学,2,1
泗洪县九年级上册月考,3,1
泗洪县九年级上学期月考,3,1
泗洪县八下期末,9,1
泗洪育才启明,3,1
泗阳县2024年高一上期中考试,1,1
泗阳县2024年高一上期中考试数学试卷,1,1
注册会计师考试,1,1
泰兴八年级上学期数学期中考试,1,1
泰兴小升初分班考试,3,1
泰兴高二上数学,5,1
泰勒展开,4,1
泰和,21,1
泰宁一中,7,1
泰宁县八年级,3,1
泰安一中高二上物理期中,2,1
泰安一模,1,1
泰安一模物理,2,1
泰安七年级上册数学期末,12,1
泰安东平九上数学第二章，第一小节练习题,2,1
泰安中考,9,1
泰安中考历史,3,1
泰安市2025高三期末,1,1
泰安市东平高一月考,11,1
泰安市九年级期末数学,3,1
泰安市会考试卷,1,1
泰安市泰山区,1,1
泰安市泰山区六中新校七年级数学,3,1
泰安市泰山区六中新校七年级数学2024,5,1
泰安市泰山区第六中学七年级数学,1,1
泰安市泰山区第六中学初二,1,1
泰安市泰山区第六中学初二数学,1,1
泰安市泰山区英语中考题2022,3,1
泰安市泰山区英语中考题2023,1,1
泰安市泰山区高一,1,1
泰安市泰山区高一上,3,1
泰安市第六中学,1,1
泰安市第六中学初二,1,1
泰安市迎春学生,3,1
泰安市高一,1,1
泰安市高一上学期期末考试化学试卷,3,1
泰安市高一上学期期末考试物理试卷,5,1
泰安市高一期中,4,1
泰安市高三上学期期中考试生物,2,1
泰安市高三年级开学考,1,1
泰安市高三开学考数学,1,1
泰安市高二上学期期中考试物理,1,1
泰安市高二下学期英语期末考试,4,1
泰安市高二年级下学期期末考试英语试卷答案。,1,1
泰安肥城,4,1
泰安高一上学期期末化学,4,1
泰安高一期末,1,1
泰安高一物理第2章练习题,4,1
泰安高三10月化学,4,1
泰安高三数学,2,1
泰安高三数学一模,7,1
泰安高三期中化学,2,1
泰安高二上10月第一次月考,5,1
泰安高二上10月第一次月考数学,4,1
泰安高二上10月第一次月考物理,2,1
泰安高二上学期数学期中,1,1
泰安高二上期中化学,6,1
泰安高二上期中物理,3,1
泰安高二上期末化学,1,1
泰安高二上期末物理,2,1
泰安高二上期末统考,4,1
泰安高二上物理期中,3,1
泰安高二期中化学,3,1
泰山区七年级上册数学期中,1,1
泰山区八下化学,3,1
泰山区八下期末物理,13,1
泰山区八下物理,10,1
泰山外国语,7,1
泰州七年级上学期第一次月考试卷,5,1
泰州七年级第一次月考试卷,1,1
泰州三中高二上学期,1,1
泰州三中高二月考数学,1,1
泰州中学,4,1
泰州中学 期中 生物 卷,6,1
泰州中学 期中 生物 卷 高一 下,2,1
泰州中学高二数学,7,1
泰州会考,16,1
泰州兴化,5,1
泰州市,1,1
泰州市姜堰区八年级上册语文期中测试卷,3,1
泰州市姜堰区教育集团八年级上册语文月考,2,1
泰州市民兴实验中学,10,1
泰州市海陵区,2,1
泰州市海陵区七年级下期末,5,1
泰州市高三上学期第一次月考数学试卷,7,1
泰州市高三第一次月考生物试卷,6,1
泰州市高港区2024～2025年七年级下册数学期末试卷,1,1
泰州暑假,1,1
泰州月考,1,1
泰州泰兴市,5,1
泰州泰兴市期中,10,1
泰州高二数学,6,1
泸州2023级一诊,6,1
泸州2024级高二下期末统考,3,1
泸州2024高二下学期期末统考化学,1,1
泸州十二中,1,1
泸州市 第一中学校开学考,5,1
泸州市2025年高一下册,5,1
泸州市2025高三一诊,3,1
泸州市2026年数学高一下期末测试卷,2,1
泸州市第十二中,3,1
泸州市第十二中数学,2,1
泸州市第十二中数学九上,2,1
泸州市高2024级高二年级上学期质量监测试题数学答案,5,1
泸州市高2024级高二年级上学期质量监测试题英语听力,1,1
泸州市高一上开学,9,1
泸州市高一上开学分班考试。,1,1
泸州市高二上历史期末考试,1,1
泸州市高二下历史期末考试,1,1
泸州市高级中学校2026年春季到2024级期末考试高二化学试题,3,1
泸州市龙马潭区,1,1
泸州市龙马高中高一上开学,2,1
泸州市龙马高中高一开学,3,1
泸州本地民办校小升初分班,1,1
泸州本地民办校小升初分班模拟卷,4,1
泸州高中二年级下学期期末化学,1,1
泸州高中初中初三期末卷,4,1
泸州高级中学校2026年春期高2024级期末化学,2,1
泸高初三期末卷,2,1
泾县,1,1
洛伦兹力 带电粒子在匀强磁场中的运动 专项训练,1,1
洛伦兹力冲量法,1,1
洛伦兹力大题,1,1
洛伦兹力的特点理解,1,1
洛平许济2025—2026学年高三年级1月第二次质量检测 生物学,3,1
洛社高中,10,1
洛阳,4,1
洛阳市,2,1
洛阳市2 25到2 26学年下学期期末考试试卷高二,3,1
洛阳市2 26到2 27学年下学期期末考试试卷高二,6,1
洛阳市2024-2025学年第二学期数学7年纪下期末考试试卷,1,1
洛阳市2024-2025学年第二学期期末考试试卷,1,1
洛阳市2024-2025河南省洛阳市7年级下学期期末数学试卷年纪下期末考试试卷,4,1
洛阳市20252026高三9月,1,1
洛阳市20252026高三9月开学摸底,8,1
洛阳市洛龙区东城学校,1,1
洛阳市涧西区七年级,4,1
洛阳市涧西区七年级2025~2026,1,1
洛阳市高二上数学期中考试,3,1
洛阳市高二上数学期末考试,2,1
洛阳市高二上物理,6,1
洛阳市高二上物理期中考试,3,1
洛阳市高二上物理期末考试,4,1
洛阳市高二下数学期中考试,3,1
洛阳市高二下物理期中考试,2,1
洛阳市高二物理,2,1
洛阳强基联盟高二10月检测,12,1
洛阳期中考试,9,1
洛阳理工学院附属高级,2,1
洛阳高一数学期末考试,3,1
洛阳高一期中考试,7,1
洛阳高一期末考试,20,1
洞头一中,3,1
津衡,2,1
洪山区光谷实验中学,11,1
洪山区八年级上册数学期末,1,1
洪泽,5,1
洪泽区期末,212,1
洪洞第二中学,9,1
洪洞第二中学校,2,1
洪马中学,8,1
洮北区,10,1
活杆专题,3,1
活杆死杆问题高考,4,1
活结与死结动杆与定杆,2,1
流体冲量模型,11,1
流水行船问题,3,1
浆水一中,2,1
浆水中学,2,1
浉河中学,4,1
测一测mbti,2,1
测电阻,2,1
测电阻11种题型,2,1
测电阻复习讲义,9,1
测试卷,9,1
测量电源电动势和内阻,6,1
济北中学,1,1
济南 0 2026检测,5,1
济南 2026高三,2,1
济南 一模 2026,1,1
济南 一模 2026物理,7,1
济南 二模 2026,1,1
济南2024八年级下学期数学,9,1
济南2024八年级下学期英语,2,1
济南2025高一上数学期中,3,1
济南2025高一数学期中,1,1
济南2026一模英语,1,1
济南2026中考真题数学,2,1
济南2026八下期末数学考试试卷,457,1
济南2026期末数学,13,1
济南一中高一期中考试,1,1
济南一中高一期中考试上,1,1
济南一模物理,12,1
济南一模英语,1,1
济南一模英语高三,3,1
济南三模,1,1
济南中学,4,1
济南中学开门测,1,1
济南中考数学,9,1
济南中考数学2026,1,1
济南中考真题,4,1
济南中考语文,1,1
济南九年级化学期中,4,1
济南二中,2,1
济南二模,6,1
济南二模数学,2,1
济南二模数学高考,5,1
济南八上历下区物理期末,4,1
济南八上物理期中,6,1
济南八上物理期中市中区,4,1
济南八上物理期中测试卷,13,1
济南八下高新物理期末,6,1
济南初一期末考试英语,1,1
济南初二,130,1
济南升学班考试试卷,1,1
济南商河一中高二上开学测,5,1
济南地理会考,3,1
济南地理会考真题,2,1
济南外国语,13,1
济南外国语初三贯通班,1,1
济南外国语贯通班,1,1
济南小学四年级语文上册期中试卷,6,1
济南市,9,1
济南市 026三二模,1,1
济南市 026三模,2,1
济南市2022年九年级学业水平考试    英语,13,1
济南市2025 2026学年高中三年级摸底考试,4,1
济南市2025-2026学年高中三年级摸底考试,2,1
济南市2025—2026学年高中三年级摸底考试,27,1
济南市2025年高一开学考,1,1
济南市2026届高三针对性训练,4,1
济南市2026年九年级学业水平考试 数学试题,8,1
济南市2026年期末考试高一下学期语文,1,1
济南市2026年针对训练,7,1
济南市2026年高一春季学期期末学情检测政治,3,1
济南市2026高三针对性训练化学,1,1
济南市2026高中三年级摸底考试,2,1
济南市2026高中三年级摸底考试英语,1,1
济南市20二六届高三第二次模拟考试,1,1
济南市七年级下册语文期末考试卷,12,1
济南市七年级下学期期末英语考试卷,4,1
济南市中区,1,1
济南市中区七年级上学期数学,6,1
济南市中区七年级上学期英语,4,1
济南市九年级上册物理期中试卷,8,1
济南市八年级上册物理期中测试卷,1,1
济南市八年级上数学期中,5,1
济南市八年级上物理期中,2,1
济南市八年级上英语,1,1
济南市八年级上英语历下区,1,1
济南市八年级上英语历下区期中,11,1
济南市八年级英语,1,1
济南市初中会考题,1,1
济南市化学鲁教版9年级上。,12,1
济南市历下区7下数学期末试题,2,1
济南市历下区7下数学试题,1,1
济南市历下区七中,1,1
济南市历下区九年级学业水平第三次模拟考试,1,1
济南市历城二中高一化学月考卷,29,1
济南市历城第二中学,2,1
济南市地理会考真题,1,1
济南市天山实验学校,3,1
济南市天桥区宝华中学,5,1
济南市实验中学数学科学营试卷,1,1
济南市市中区7下数学期末试题,2,1
济南市平阴县,11,1
济南市平阴县期末,2,1
济南市平阴县，期末,13,1
济南市明德中学,5,1
济南市槐荫区语文中考,15,1
济南市济南一中高一期中考试上,2,1
济南市章丘区,24,1
济南市英语中考题,1,1
济南市英语中考题2026,3,1
济南市莱芜区八上,1,1
济南市莱芜区六年级下册试卷,1,1
济南市莱芜区地理会考,6,1
济南市莱芜区期末七下,1,1
济南市长清区区期中,16,1
济南市高一上期中,2,1
济南市高三上学期开学考生物,5,1
济南市高三开学考,8,1
济南市高二上期末考试数学,3,1
济南市高二上期末考试物理,3,1
济南市高二上期末考试生物,2,1
济南市高二期末,1,1
济南市高二期末上学期,3,1
济南市高新区6年级,5,1
济南市高新区7下数学期末试题,2,1
济南市高新区九年级上册物理期中试卷,4,1
济南市高新区九年级上册英语期中试卷,2,1
济南市高新区八年级上册英语期中试卷,2,1
济南开学,3,1
济南开学考试,3,1
济南摸底,6,1
济南数学高二期末考试,4,1
济南期中,6,1
济南槐荫,1,1
济南济钢,4,1
济南济钢直升班高一月考,1,1
济南版八年级生物上册 填空版知识清单,6,1
济南生物会考真题,2,1
济南第二十七中,5,1
济南统考,1,1
济南统考，初二,8,1
济南语文高二下期末考试,4,1
济南长清小升初直升班真题,1,1
济南长清直升班,1,1
济南高一上学期,2,1
济南高一数学,1,1
济南高三2026一模英语,5,1
济南高三上学期开学考,1,1
济南高三上开学考生物,1,1
济南高三上月考,4,1
济南高三上期末,4,1
济南高三开学考政治,7,1
济南高三开学考生物,1,1
济南高中化学2025-2026合格考试题,1,1
济南高二上学期期中数学,3,1
济南高二上学期期末数学,3,1
济南高二上学期期末数学卷子,2,1
济南高二上学期期末物理质量检测,4,1
济南高二上学期物理,6,1
济南高二上开学测,1,1
济南高二下学期期末数学,1,1
济南高二九月份开学考,1,1
济南高二九月份开学考商河一中试卷,5,1
济南高二数学上学期,3,1
济南高二数学上学期直线的方程,5,1
济南高新区八年级上册英语期中试卷,2,1
济宁2023-2024期末高二数学,1,1
济宁2025-2026高三第一次联考政治,2,1
济宁2026高二期中,8,1
济宁一中,7,1
济宁一中高三开学测,5,1
济宁七年级英语期末考试,1,1
济宁中考,14,1
济宁八年级上册物理期末2025,5,1
济宁八年级上册物理期末2025期末,4,1
济宁化学高一上学期期中,3,1
济宁嘉祥,8,1
济宁嘉祥小升初分班真题数学试卷,13,1
济宁嘉祥期末,2,1
济宁学院附属中学收心考,3,1
济宁市2025 2026年度第二学期质量检测高二政治试题,3,1
济宁市2025 2026年度第二学期质量检测高二物理试题,7,1
济宁市2025 2026年度第二学期质量检测高二英语试题,1,1
济宁市2025~2026年度第二学期质量检测高二英语试题,4,1
济宁市2025~2026高一,2,1
济宁市2025~2026高一数学,4,1
济宁市2025开学考,2,1
济宁市2025高二期中上册,1,1
济宁市2026高二期末数学,11,1
济宁市2026高二期末生物,2,1
济宁市2026高二期末英语,1,1
济宁市中考,2,1
济宁市九年级数学期末考试,7,1
济宁市五年级上册期中,6,1
济宁市八年级上册开学考试,4,1
济宁市八年级上册数学,1,1
济宁市八年级上册数学期末,9,1
济宁市八年级上册物理期末,8,1
济宁市嘉祥县2025嘉祥一中月考生物上册,1,1
济宁市嘉祥县2025嘉祥一中高二月考上册,6,1
济宁市嘉祥县2025嘉祥一中高二月考生物上册,2,1
济宁市实验中学2022级高一上学期10月考试,5,1
济宁市实验中学高三开学考,23,1
济宁市数学前三单元的题,16,1
济宁市期末,8,1
济宁市期末考试题,1,1
济宁市第一中学,4,1
济宁市育才中学2025‑2026高一上10月月考化学人教版2019,3,1
济宁市邹城市月考,2,1
济宁市邹城市期中,56,1
济宁市高二上学期期中数学卷子,3,1
济宁市高二下学期24-25期末英语,3,1
济宁市高二期末考试,2,1
济宁市高考2026年第一次模拟考试,4,1
济宁数学高一上学期期中,6,1
济宁数学高二期末,3,1
济宁期末,3,1
济宁语文,4,1
济宁邹城高三10月,7,1
济宁附中开学分班考,1,1
济宁附中开学分班考小升初,1,1
济宁附属中学,1,1
济宁高三10月,1,1
济宁高三9月份联考,1,1
济宁高三开学考统考,7,1
济宁高三摸底,18,1
济宁高三期中数学,3,1
济宁高三联考,2,1
济宁高二上学期期末化学,3,1
济宁高二上学期期末数学,1,1
济宁高二期末,3,1
济源,20,1
济源一中,3,1
济源市实验中学分班考试语文,5,1
济源市沁园中学八上数学期中真题,7,1
济源市济水一中八上数学期中真题,3,1
济源市济水一中八上语文期中真题,3,1
济源市济源一中附中八上语文期中真题,9,1
济钢高中2025年开学考试,1,1
济钢高级中学,12,1
济阳,3,1
浏阳中考生物,15,1
浏阳十中2025开学考,1,1
浏阳市田家炳中学开学考,4,1
浏阳市高一,7,1
浏阳市高一月考,4,1
浏阳田家炳开学考试卷,4,1
浏阳高一月考,1,1
浑南,10,1
浑南区2025-2026年六年级下册数学,1,1
浑南区2025-2026年六年级下册语文考试,1,1
浙北五校高二全年考试练习卷,3,1
浙南2026开学考,1,1
浙南2026开学考高三,1,1
浙南名校联盟返校考2025,1,1
浙南名校联盟高三化学联考（2025–2026学年）,2,1
浙南联盟化学,5,1
浙南联盟第一次联考高三化学,1,1
浙南联盟高二,8,1
浙南联盟高二上学期返校,2,1
浙南高三,4,1
浙南高三开学考,4,1
浙大附中,3,1
浙教九上数学,11,1
浙教版七年级数学单元检测,1,1
浙教版七年级数学针对性训练单元检测,2,1
浙教版九上科学,3,1
浙教版八下复习题目,1,1
浙教版八下复习题目科学,3,1
浙教版八下复习题目科学电与磁,2,1
浙教版科学,1,1
浙教版科学卷,3,1
浙教版科学卷8年级。下次期末。,1,1
浙教版科学卷8年级下期末。,5,1
浙教版科学卷8年级期末。,6,1
浙江 1月 2025高考,1,1
浙江 2025高三化学,1,1
浙江 2025高三第一次联考化学,1,1
浙江 2026 1 月 高考 英语试卷,3,1
浙江 Z20 2026 届高三第三次联考,4,1
浙江 学考,1,1
浙江 日语  学考,3,1
浙江1月高考卷,4,1
浙江2024年Z20英语试卷,4,1
浙江2025-2026学年第一学期期末检测高二英语,4,1
浙江2025年Z20英语试卷,1,1
浙江2025年Z20高三8月第一次联考,10,1
浙江2025年z20高三8月第一次联考,2,1
浙江2025年六年级上册期中考试,10,1
浙江2025英语高考1月试卷,16,1
浙江2025返七彩阳光政治,1,1
浙江2026-2027学年9年级科学第二章,1,1
浙江2026-2027学年9年级科学第二章预习,1,1
浙江2026-2027学年高一生物,3,1
浙江2026中考,5,1
浙江2026名校协作,1,1
浙江2026名校协作提高三开学考,3,1
浙江2026高考化学,1,1
浙江26年1月首考物理,1,1
浙江6月选考政治,2,1
浙江6月高考,4,1
浙江6月高考英语,2,1
浙江7年级数学数据与统计单元练习,5,1
浙江7年级科学期末试卷,2,1
浙江7年级科学期末试卷下学期,7,1
浙江7年级科学期末试卷数据与统计,1,1
浙江9+1联盟2025-2026学年第二学期高一英语,2,1
浙江9年级科学,1,1
浙江G12联盟高中物理卷,6,1
浙江Z20 高三,3,1
浙江Z20名校联考,9,1
浙江Z20数学,3,1
浙江Z20第一次考试,2,1
浙江ZDB联盟考试,20,1
浙江z20高三第一次联考地理,1,1
浙江一 模,1,1
浙江一年级上学期阶段检测,3,1
浙江七年级上册数学浙教版强基模拟试卷,3,1
浙江七彩联盟高三上学期返校考,4,1
浙江七校,2,1
浙江七校五月高三联考,1,1
浙江七校联盟2026年6月普通高等学校招生选考科目模拟物理考试,8,1
浙江七校联盟五月高三联考,8,1
浙江中考2026,3,1
浙江中考卷,9,1
浙江中考数学2026,1,1
浙江中考科学2026,4,1
浙江丽水市2026日语,3,1
浙江丽水高一期中,6,1
浙江之江学盟2027届高三上学期第一次学情调研语文试题,9,1
浙江九上期末语文,1,1
浙江九年级下学期期末,4,1
浙江二年级下学期阶段检测,12,1
浙江五年级下学期升学真题,2,1
浙江五校,1,1
浙江八年级上学期期中,4,1
浙江六年级上学期阶段检测,1,1
浙江六年级下学期升学模考,1,1
浙江六校联盟2025学年高二期中英语,8,1
浙江六校联盟2025年第一学期英语,5,1
浙江六校联盟2025年第一学期高二,1,1
浙江六校联考高三,4,1
浙江北斗星盟高三联考,5,1
浙江升学模考,3,1
浙江卓越计划,6,1
浙江卷 1月 2026 英语真题,7,1
浙江卷数列,1,1
浙江卷数列压轴,3,1
浙江卷数学,2,1
浙江历史返校考,4,1
浙江县域教研联盟2025学年第一学期12月高三模拟考试 化学,8,1
浙江县域联盟,6,1
浙江台州市仙居县2025-2026学年第一学期期末教学质量监测八年级社会卷,9,1
浙江名校2026-2027学年英语综合测试卷,3,1
浙江名校2026学年通用技术综合测试卷,1,1
浙江名校协作体2026,14,1
浙江名校协作体开学考,1,1
浙江名校协作体开学考高二上英语,6,1
浙江名校协作体联考,1,1
浙江名校联盟,10,1
浙江名校联盟Z20+,2,1
浙江地理高考,3,1
浙江大学2026强基计划,1,1
浙江大学附属中学,3,1
浙江天域联盟,8,1
浙江宁波2026九校高一期末考试英语,3,1
浙江宁波慈溪2025 2026高一地理期末试题,1,1
浙江小升初七年级分班科学试卷开学考,13,1
浙江小升初七年级分班科学试卷考试,1,1
浙江小升初七年级分班考科学试卷,15,1
浙江开学考英语,1,1
浙江开学考英语2027高三上学期,1,1
浙江强基联盟2025~2026学年,6,1
浙江强基联盟2025年12月高一联考英语试题,1,1
浙江强基联盟2025年8月高三联考英语,3,1
浙江强基联盟20二五届高30月联考,5,1
浙江强基联盟8月,4,1
浙江强基联盟8月高三联考英语,13,1
浙江数学 2026高考,3,1
浙江数学中考,13,1
浙江数学中考二模,7,1
浙江新初一分班考。,3,1
浙江新月,3,1
浙江新月联盟,10,1
浙江新阵地2026届第一次联考,2,1
浙江新阵地教育联盟2026届高三化学二模试卷,3,1
浙江新阵地语文2026,3,1
浙江月清市高一期末考数学试卷,15,1
浙江期中,2,1
浙江杭州 中考试卷数学2024,1,1
浙江杭州 中考试卷数学2025,4,1
浙江杭州 中考试卷语文,4,1
浙江杭州 中考试卷语文2025,2,1
浙江杭州 中考试卷语文2026,2,1
浙江杭州中考模拟语文,4,1
浙江杭州余杭区2026年高二6月期末日语,15,1
浙江杭州学军,10,1
浙江杭州学军模拟,1,1
浙江杭州市2025-2026学年第二学期杭州S9联盟期中联考高一年级英语学科试题,1,1
浙江残疾联盟2022年12月高一联考英语试题,1,1
浙江温州市2025-2026学年第二学期高一期末质量评价题库英语a类试卷,8,1
浙江温州市2025小升初,13,1
浙江温州新力量2026日语,3,1
浙江温州第二学期高一期末考试题英语,1,1
浙江温州高一数学,1,1
浙江温州高一期末考数学试卷,16,1
浙江温州高一英语期末,15,1
浙江湖州,6,1
浙江湖州2025 2026高一地理期末试题,1,1
浙江湖州无兴区中考二模语文,3,1
浙江物理,1,1
浙江物理2026高考,3,1
浙江物理6月高考真题卷2026,3,1
浙江物理高考,3,1
浙江省2023年1月普通高中学业水平考试物理试题,31,1
浙江省2024年1月普通高中学业水平考试政治试题,7,1
浙江省2024年1月普通高中学业水平考试物理试题,16,1
浙江省2025年7月普通高中学业水平考试历史试题,1,1
浙江省2026Z20名校联盟,1,1
浙江省2026年1月普通高中学业水平考试政治试题,13,1
浙江省2026年中考,9,1
浙江省2026年中考全景复习指导（三）,3,1
浙江省2026年中考统考语文试题,7,1
浙江省2026年临安区数学卷期末六年级,10,1
浙江省2026年临安区数学卷期末六年级下册,6,1
浙江省2026年临安区英语卷期末六年级下册,1,1
浙江省2026年临安区语文卷期末六年级下册,4,1
浙江省2026数学中考,1,1
浙江省A9协作体暑假返校联考高三数学试题研究,13,1
浙江省G20,1,1
浙江省G20联盟,2,1
浙江省Z20名校联盟,4,1
浙江省Z20名校联盟（浙江省名校协作体）高三化学联考试卷,11,1
浙江省Z20高三英语试卷,3,1
浙江省七彩阳光,1,1
浙江省七彩阳光新高考研究,2,1
浙江省七彩阳光新高考研究联盟2025—2026学年高三上学期开学化学试卷,2,1
浙江省七校联盟高三英语试卷,2,1
浙江省中考数学,10,1
浙江省丽水市2025-2026学年高二下期末物理试卷,2,1
浙江省丽水市下学期期中数学期中考试,6,1
浙江省丽水市丽水中学创新班提前批考试试卷,9,1
浙江省九年级上册数学其中测试卷,8,1
浙江省九年级上册英语期中测试卷,19,1
浙江省六校联盟,6,1
浙江省六校联盟杭州,2,1
浙江省创新教育初中协作体 七年级 创新素养,3,1
浙江省创新教育初中协作体 七年级 科学,7,1
浙江省创新班提前批考试试卷,3,1
浙江省卓越计划新高三选拔卷,1,1
浙江省台州市八年级下册期末试卷,1,1
浙江省台州市椒江区等5地2026届高三上学期一模化学试题,1,1
浙江省名校2026-2027学年通用技术综合测试卷,2,1
浙江省名校协作G12,1,1
浙江省名校协作G12联盟高三英语练习,1,1
浙江省名校协作体2024高二上学期开学考试,4,1
浙江省名校协作体2025高二上学期开学考试,5,1
浙江省名校协作体G12,1,1
浙江省名校协作体G12联盟2026届高三下学期二模英语试题,8,1
浙江省名校协作体高二数学开学考,2,1
浙江省名校协作体高二语文,13,1
浙江省名校协作体高二语文开学考,1,1
浙江省名校协作体（Z20名校联盟高三化学,46,1
浙江省名校联盟创新班,3,1
浙江省嘉兴市26年期末测试卷,1,1
浙江省嘉兴市。期末英语8年级下册。,12,1
浙江省嘉兴市下学期期中数学期中考试,8,1
浙江省嘉兴市二年级下册期末测试卷,6,1
浙江省嘉兴市嘉善县期末检测卷,20,1
浙江省学军中学高一下英语,4,1
浙江省学考,4,1
浙江省宁波2模,1,1
浙江省宁波2模生物试卷,1,1
浙江省宁波2模生物试卷高三,1,1
浙江省宁波九校高一政治,1,1
浙江省宁波市2026届高三第一学期11月高考一模语文试题,3,1
浙江省宁波市下学期期中数学期中考试,9,1
浙江省宁波市宁波九校2024 2025学年高一下学期6月期末英语试题,3,1
浙江省宁波市宁波九校2024-2025学年高一下学期6月期末英语试题,1,1
浙江省宁波市宁海县跃龙中学九年级上册的课,9,1
浙江省宁波市慈溪市,3,1
浙江省宁波市甬江实验学校,1,1
浙江省宁波市象山县二模,2,1
浙江省山海联盟2025,5,1
浙江省强基联盟,1,1
浙江省强基联盟2025 2026高二上返校考,4,1
浙江省强基联盟2025 2026高二上返校考数学,2,1
浙江省强基联盟B组 2025,5,1
浙江省强基联盟高二上学期月考,11,1
浙江省慈溪市2025-2026学年高二下期末物理试卷,1,1
浙江省提前批考试试卷,1,1
浙江省新月联盟2027届高三上学期8月语文,1,1
浙江省期末外研版8年级下册。语法填空专,2,1
浙江省杭州市2025-2026S9,1,1
浙江省杭州市2025-2026学年第二学期杭州,3,1
浙江省杭州市2025-2026学年第二学期杭州S9联盟,2,1
浙江省杭州市上城区二零二五中考二模,1,1
浙江省杭州市上城区二零二五中考二模语文,2,1
浙江省杭州市下学期期中数学期中考试,36,1
浙江省杭州市下学期期末高一数学期中考,6,1
浙江省杭州市滨江区2023到2024学年上学期新学期新七年级分班考试科学试卷,1,1
浙江省杭州第二中学,6,1
浙江省杭州第二中学2025到2026学年高三上学期12月热身考英语试卷,3,1
浙江省浙江大学附属中学2025 2026学年高一上 学期12月月考英语试题,1,1
浙江省温州九校2019,1,1
浙江省温州市2025-2026学年一模英语试卷,5,1
浙江省温州市2025届高三一模作文“动机评判和结果评判哪个更合理”导写（真题呈现+审题立意+素材积累+写作示例+高分范文）,2,1
浙江省温州市2025年科学中考试卷,2,1
浙江省温州市下学期期中数学期中考试,8,1
浙江省温州市瑞安市二零二五年中考一模,3,1
浙江省湖州市2025年到2026年学年第二学期高一数学期末阶段练习,18,1
浙江省湖州市下学期期中数学期中考试,12,1
浙江省绍兴市,8,1
浙江省绍兴市 2025-2026学年高,11,1
浙江省绍兴市下学期期中数学期中考试,7,1
浙江省绍兴市元培中学2024-2025学年七年级开学分班考试数学试题,1,1
浙江省绍兴市诸暨市2026年8年级下册英语考试。,2,1
浙江省舟山市下学期期中数学期中考试,6,1
浙江省衢州市下学期期中数学期中考试,6,1
浙江省衢州市衢州,1,1
浙江省衢州市衢州一中,4,1
浙江省诸暨市小升初试卷,3,1
浙江省选考科目化学考试 绍兴市适应性考试,1,1
浙江省金华市下学期期中数学期中考试,6,1
浙江省金华市婺城区,7,1
浙江省金华市金东区,1,1
浙江省金华市金东区20262026,1,1
浙江省金华市高三英语一模试题,4,1
浙江省高一下政治试卷,1,1
浙江省高三Z20英语试卷,10,1
浙江省高三历史新高考适应性模拟卷,1,1
浙江省高三历史新高考适应性模拟卷部编版,2,1
浙江社会中考材料题,2,1
浙江科学,1,1
浙江科学小什初,1,1
浙江绍兴上虞区,10,1
浙江绍兴市新昌县2025-2026学年七年级下学期6月期末语文试题,4,1
浙江绍兴市鲁迅中学2025-2026学年第二学期高一数学限时训练（4.4）,3,1
浙江考试卷,5,1
浙江舟山市,3,1
浙江舟山市2025-2026学年七年级下学期6月期末语文试题,1,1
浙江英语,9,1
浙江英语2027高三上学期开学考试,1,1
浙江英语高三试卷,1,1
浙江衢州市2025至2026高一上学期末英语考试,3,1
浙江衢州暑假作业,4,1
浙江选考模拟、湖北圆创联盟、湖南长沙四大名校、华南师大附中、宁波二模、江苏新高考联考,2,1
浙江金华十校,13,1
浙江金华十校高一2026,1,1
浙江金华十校高二2026,5,1
浙江金砖联盟,4,1
浙江阶段检测,1,1
浙江静电场综合题,2,1
浙江首考卷,2,1
浙江高一下化学,1,1
浙江高一下物理期末,4,1
浙江高一不等式单元测试,6,1
浙江高一期末考数学试卷,13,1
浙江高三,36,1
浙江高三9月份考试,1,1
浙江高三七彩阳光,1,1
浙江高三七彩阳光9月,3,1
浙江高三下学期期末,2,1
浙江高三九月名校协作体政治2026答案,1,1
浙江高中化学人教版2019必修一+必修二,1,1
浙江高中化学必修一必修二,8,1
浙江高中历史大题提纲背诵,6,1
浙江高二上学期学考,2,1
浙江高二期中考试数学,5,1
浙江高二期中考试数学上学期,22,1
浙江高二期中考试英语,17,1
浙江高考化学2026真题,1,1
浙江高考南京二模物理物理2025,1,1
浙江高考技术,1,1
浙江高考政治6月,2,1
浙鳌,1,1
浙鳌中学,2,1
浚县实验中学,1,1
浚县实验中学开学考试卷。,1,1
浚县实验中学考试卷。,4,1
浣江,12,1
浦东二模,5,1
浦东新区初三一模卷数学2026,2,1
浦东新区初三一模卷（2026）数学,1,1
浦江汇秀小学,2,1
浮力专题,1,1
浮力专题6大题型,1,1
浮力压强,4,1
浮力压强 2026专题复习,2,1
浮力压轴,3,1
浮力压轴专题一,1,1
浮力试卷,1,1
浮力题型,3,1
浮力题型专题,3,1
浮力题型自招,1,1
浮山中学,1,1
海东二中,5,1
海东市2025‑2026学年度第二学期学业质量评估七年级英语 听力mp3,3,1
海东联考卷数学,7,1
海中2025年开学考,1,1
海二中,1,1
海二中贯通班试题,1,1
海亮,1,1
海伦一中2024 2025,1,1
海伦学考卷,1,1
海伦高一月考卷,1,1
海南一年级英语考试试卷,4,1
海南万宁北师大万宁实验学校高二上学期第一次月考,3,1
海南三年级下册英语期末,3,1
海南中学 入学,4,1
海南中学2025年开学考,1,1
海南中学初一分班考,4,1
海南中学月考生物,7,1
海南中学第0次月考。@,1,1
海南中学第零次月考,4,1
海南中学高一,1,1
海南中学高一分班考,4,1
海南中学高三9月月考化学,8,1
海南中学高三9月月考生物,1,1
海南中学高三9月考,2,1
海南中学高三9月考生物,1,1
海南中学高三第0.次月考,1,1
海南中学高三第0次月考,1,1
海南中学高三第零次月考物理,6,1
海南中学高三第零次月考生物,4,1
海南中考历史真题,2,1
海南中考数学,4,1
海南中考数学2026,1,1
海南中考数学近五年真题合集 2021 2025 pdf,2,1
海南中考英语2026,3,1
海南九年级下学期期末,1,1
海南人教版三年级下册数学,3,1
海南侨中高一物理,1,1
海南八年级下册期末数学试卷,14,1
海南八年级下学期阶段检测,10,1
海南分班考,1,1
海南初一开学测试,17,1
海南化学,1,1
海南化学高三,6,1
海南华中,11,1
海南华中师大数学,1,1
海南华侨中学政治高三,1,1
海南博雅中学,1,1
海南学考,1,1
海南小升初,1,1
海南小升初真题卷,3,1
海南小学六年级,19,1
海南昌茂花园学校,2,1
海南澄迈,1,1
海南澄迈高一,3,1
海南物理九年级上学期第1单元测试卷,7,1
海南生物知识点,1,1
海南生物知识点初中,7,1
海南生物知识点，初中,1,1
海南省,10,1
海南省2022年普通高中学业选择性考试政治试卷,3,1
海南省2026历史合格考试卷,2,1
海南省2026年,1,1
海南省2026年高考,1,1
海南省中考,1,1
海南省乐东县。2026年。中考。语文试题,5,1
海南省儋州市2026年全市统考政治高一,4,1
海南省农垦中学第一次月考高二上生物,18,1
海南省北京师范大学万宁附属中学，高二上学期数学试卷,3,1
海南省天一联考,2,1
海南省文昌市九年级上册沪科版物理第1单元测试卷,2,1
海南省文昌市八年级上册数学,5,1
海南省文昌市开学学情自测卷,10,1
海南省海南中学2024‑2025学年高三上学期开学考试（第0次月考）,35,1
海南省海南中学2024‑2025学年高三上学期第0次月考,5,1
海南省海口市高三数学模拟题,4,1
海南省海口市高三调研考试,3,1
海南省澄迈县高一化学下学期期末考试天一联考,1,1
海南省澄迈县高一英语下学期听力,1,1
海南省澄迈县高一英语下学期期末考试天一联考,4,1
海南省高中化学竞赛,1,1
海南英语,3,1
海南语文中考题,4,1
海南高一上学期期中,4,1
海南高三联考题,3,1
海南高三联考题数学,1,1
海南高三联考题数学 开学联考,1,1
海南高中政治,4,1
海南高中英语,2,1
海南高二下学期期末,6,1
海南高考,4,1
海南高考化学卷,1,1
海南高考卷,7,1
海南高考物理试卷,3,1
海南高考真题2024,2,1
海南高考真题2025,3,1
海原县,2,1
海口,2,1
海口一中2026届高三全真模拟卷一,2,1
海口中学分班考试,5,1
海口侨中,1,1
海口侨中高一物理,1,1
海口初一分班模拟卷,1,1
海口华侨物理,2,1
海口实验中学,3,1
海口小 升初2025分班考,4,1
海口市,10,1
海口市2024-2025高二年级期末考试化学,3,1
海口市2025+2026学年第一学期九年级期末考试物理,3,1
海口市期末化学,3,1
海口市期末化学九年级,3,1
海口市期末化学九年级上,2,1
海口市期末数学九年级上,3,1
海口市期末物理九年级上,3,1
海口市海南中学,8,1
海口市海联中学,5,1
海口市灵山中学，高二上册各科试卷,12,1
海口市物理高一,2,1
海口市第一中学,9,1
海口市第四中学,4,1
海口市统考,4,1
海口市高一历史试卷,1,1
海口市高三九月,26,1
海口市高三九月初统考,2,1
海口市高三摸底考试,5,1
海口物理,6,1
海口第二中学,26,1
海口绿城实验学校,3,1
海城初一上期末数学,2,1
海城初一数学期末,4,1
海城初一第一学期期末,1,1
海头开学测试,7,1
海宁初中分班考试卷,3,1
海宁市静安高中新高一摸底考试卷,3,1
海宁市静安高级中学新高一摸底考试卷,1,1
海宁高级中学新高一摸底考试卷,1,1
海安中学26届高三上学期开学考,2,1
海安中学化学10月月考,3,1
海安中学高一上期中,1,1
海安中学高一数学,1,1
海安中学高一数学期中,1,1
海安中学高一物理,4,1
海安中学高二语文期中卷,7,1
海安中学，物理,3,1
海安实验中学高二上学期语文月考,12,1
海安市高级中学,1,1
海安曲塘中学新高一开学考试卷,1,1
海安期初物理,5,1
海安期初物理高三,1,1
海安海陵中学,9,1
海安种虚荣,1,1
海安高一数学期中,5,1
海安高级中学开学,9,1
海州区,1,1
海拉尔二中,8,1
海拉尔二中2026贯通班试题,3,1
海拉尔第二中学,5,1
海拉尔第五中学,1,1
海沧实验中学往年开学分班考试卷物理。,2,1
海河中学,1,1
海河中学月考英语,1,1
海河中学月考英语高一,1,1
海淀101,1,1
海淀一模,4,1
海淀八上期末语文,5,1
海淀初三上数学期中,4,1
海淀区,1,1
海淀区人大附中分班考,1,1
海淀区人大附中初二上学期数学试卷,2,1
海淀区八年级,1,1
海淀区八年级练习,2,1
海淀区初一下数学期末,10,1
海淀区初一下英语期末,3,1
海淀区初二上物理期中,1,1
海淀区初二上物理期末,1,1
海淀区首都师大,7,1
海淀区首都师大附中,7,1
海淀区高二下期末英语,1,1
海淀单元测试七年级数学上册沪科版,3,1
海淀单元测试卷七数学,1,1
海淀期末,8,1
海淀高三化学期中,3,1
海港中学期中考试卷子,2,1
海港中学期末考试卷子,6,1
海湖中学2025年9月新初一开学考试卷,9,1
海湖中学七年级上学期开学考,1,1
海湖中学七年级开学考,1,1
海湾,3,1
海滨实验小学,1,1
海珠,10,1
海珠区24~25年八上数学,1,1
海珠区24~25年八上数学期末,1,1
海西州,3,1
海边度假,1,1
海门一中,4,1
海门实验,3,1
海门开学八,6,1
海门开学八年级,1,1
海门数学,2,1
海门月考,4,1
海门海南中学初一分班考,3,1
海门高一下学期化学,10,1
海门高一下学期物理,4,1
海门高一下学期生物,13,1
海门高二上学期数学,9,1
海阳市八年级数学期中考试试卷,9,1
海陆分布对气压带的影响 高一期末真题汇编,2,1
海陵中学初三 上学期第1次月考,1,1
海陵中学初三上学期第1次月考,6,1
浽化一中,8,1
涂色问题,4,1
涂色问题 排列组合,2,1
消声,1,1
消声 吸声,4,1
消毒,5,1
涞水波峰中学,3,1
涟水县文成双语学校,2,1
涟水县期末,13,1
涟水期末,20,1
涡阳,4,1
涪陵五中,2,1
涪陵区实验中学,3,1
涪陵十四中,2,1
涪陵十四中一模,1,1
液位变化专题,1,1
液体与固体的密度测量,4,1
涿州市七下,4,1
涿州市六年级下册语文,19,1
淄博,1,1
淄博 0 202 6高二下学期期末,7,1
淄博2024年历史中考题,1,1
淄博一中,4,1
淄博一中高一化学月考题2025.10答案,1,1
淄博一中高一数学月考题2025.10答案,1,1
淄博一中高一月考题,1,1
淄博三模英语,10,1
淄博中考2026,3,1
淄博六中高一上月考,3,1
淄博六中高一上期中,3,1
淄博六中高一入学考试,3,1
淄博六年级上册,23,1
淄博十一中,2,1
淄博四中高一上学期期中数学,1,1
淄博四中高一上学期期中语文,5,1
淄博实验中学2024.10月考,2,1
淄博实验中学高一第一学期,11,1
淄博实验中学高三开学考,17,1
淄博实验中学高二上月考,13,1
淄博实验中学高二上第一次月考,3,1
淄博实验中学高二上第一次月考数学,1,1
淄博实验中学高二上第一次月考生物,4,1
淄博实验高一数学,1,1
淄博市2025-2026六年级上学期期中数学,1,1
淄博市2025-2026初一数学期中,3,1
淄博市2026年中考,7,1
淄博市2026高二生物期末,13,1
淄博市六年级英语月考试卷,2,1
淄博市化学中考,1,1
淄博市张店区2022~2023第二学期数学八年级期末,1,1
淄博市张店区2023~2024第二学期数学八年级期末,3,1
淄博市数学中考,3,1
淄博市沂源县高一数学上学期期中,5,1
淄博市沂源县高一物理上学期期中,5,1
淄博张店,1,1
淄博张店上学期七年级期中数学,3,1
淄博数学,3,1
淄博数学高二上,10,1
淄博第十一中学,3,1
淄博高一数学,3,1
淄博高一数学期中,1,1
淄博高二,7,1
淄博高二上学期期末物理,4,1
淄博高二上期末数学,5,1
淄博高二期末,32,1
淄博高新区2025-2026化学,1,1
淄博高新区第一中学八上化学期末,1,1
淄川区八上数学期末,3,1
淄川区八下数学期末,3,1
淅川,1,1
淅川八上政治,7,1
淅川县第三小学,15,1
淮北,1,1
淮北一中,1,1
淮北市十二中新高一分班数学试卷,6,1
淮北市十二中新高一开学试卷,3,1
淮北市十二中高一考试试卷,3,1
淮北市实验高级中学,2,1
淮北市第二中学,6,1
淮北市高中分班考试,1,1
淮北师范大学附属中学,1,1
淮北煤师院小升初,1,1
淮北附中,7,1
淮北附中小升初,2,1
淮南一模,8,1
淮南三模,10,1
淮南二中,7,1
淮南二中高三开学考,2,1
淮南二模,9,1
淮南市周一,10,1
淮南市寿县三中,5,1
淮南市寿县第三中学,2,1
淮南市寿春中学,5,1
淮南市龙湖中学九年级上册数学期中考试卷,10,1
淮安 2024-2025 生物,1,1
淮安 2024-2025 生物 期末,3,1
淮安七上期末试卷,7,1
淮安中学,10,1
淮安中学 生物 期中 高一,4,1
淮安二模,1,1
淮安分班考试,1,1
淮安小升初分班考,1,1
淮安市,1,1
淮安市新安小学,2,1
淮安市统测,10,1
淮安红军中学,3,1
淮安高三期中,5,1
淮安高二上开学考,6,1
淮安高二上月考,7,1
淮安高级实验,3,1
淮河中学,5,1
淮阳,3,1
淮阳是英语译林版,19,1
淮阴中学2025-2026学年第一学期期中考试高一化学,1,1
淮阴中学科技特长生自主招生考试,1,1
淮阴中学高一上化学,3,1
淮阴中学高一上英语,3,1
淮阴中学高一英语,4,1
深 圳,12,1
深 圳  2026 一模,1,1
深 圳 中学0 2026 二模 数学,1,1
深 圳0,1,1
深中20258下数学,6,1
深中八上期末数学,1,1
深中高二上期中化学,1,1
深二外,2,1
深二模,2,1
深刻理解两个结合的重大意义,2,1
深圳 2026中考试卷,1,1
深圳 一模,1,1
深圳 一模2026,5,1
深圳 一模数学,2,1
深圳 一模数学高考,2,1
深圳 二模,1,1
深圳 新高一分班考、深外高中园入学考试、深圳实验高一摸底,3,1
深圳 英语 2026中考,2,1
深圳 高一 物理第一次月考,4,1
深圳 高一上 物理第一次月考,2,1
深圳 高一上 英语第一次月考,1,1
深圳 高一上物理第一次月考,7,1
深圳2019九年级数学上学期开学考,3,1
深圳2025一2026南山区数学八年级第二学期质量监测,4,1
深圳2026,2,1
深圳2026一模,1,1
深圳2026中考,12,1
深圳2026中考试卷,1,1
深圳2026年生地会考卷子,6,1
深圳2026数学,1,1
深圳2026高一开学考,3,1
深圳26八下数学试卷,1,1
深圳7年级上册语文专项阅读,3,1
深圳7年级上册阅读题目,4,1
深圳一中,1,1
深圳一中高三上开学考试,5,1
深圳一模,3,1
深圳一调,1,1
深圳一调高三日语25,1,1
深圳一调高三语文,2,1
深圳七下期末,3,1
深圳中学 02 6 高三 模考,2,1
深圳中学2022,1,1
深圳中学27届,2,1
深圳中学分班考,2,1
深圳中学分班考2025,2,1
深圳中学初一开学考,39,1
深圳中学初中部数学九下,4,1
深圳中学月考,2,1
深圳中学物理必修三,5,1
深圳中学省实广雅,6,1
深圳中学自主招生,33,1
深圳中学英语,2,1
深圳中学高一下期末数学,8,1
深圳中学高二,1,1
深圳中学高二上,12,1
深圳中学高二上数学,1,1
深圳中学龙岗学校,7,1
深圳中考历史,8,1
深圳中考数学一模、二模、三模,5,1
深圳中考真题,1,1
深圳中考英语2023真题,1,1
深圳中考英语一模,3,1
深圳中考英语三模,3,1
深圳中考英语六选五进阶版练习,2,1
深圳中考英语时态练习,3,1
深圳中考英语模拟,1,1
深圳中考道法,1,1
深圳九年级数学,1,1
深圳九年级数学下册,9,1
深圳九年级数学期中考试,5,1
深圳二高,1,1
深圳光明区六年级上册英语moudle1-3试卷,5,1
深圳八上期中,7,1
深圳八上物理,1,1
深圳八上英语六选五进阶版练习,14,1
深圳八下物理,1,1
深圳八年级下学期数学期末,6,1
深圳六下期末语文,5,1
深圳六年级上册英语moudle1-3试卷,2,1
深圳六年级上册英语月考试卷,5,1
深圳六年级上期中数学,5,1
深圳六年级级上册模块练,1,1
深圳六年级级上册英语摸底,1,1
深圳六年级级上册英语月考试卷,10,1
深圳六年级级上册英语模块练,2,1
深圳六年级级上册英语试卷,2,1
深圳准初一开学考,1,1
深圳准初一英语,3,1
深圳初三上册数学期中,22,1
深圳初三上册期末,1,1
深圳初三上册英语期中,11,1
深圳初三上册英语期末,1,1
深圳初三上册语文期,1,1
深圳初三上册语文期中,24,1
深圳初升高入学分班考,3,1
深圳化学一模,2,1
深圳北师大附中小升初语，数，英入学考试卷,5,1
深圳华南,1,1
深圳南山八下期末卷,1,1
深圳南山区,6,1
深圳南山麒麟中学,2,1
深圳外国语学校七年级上册道法试卷,5,1
深圳外国语高二上数学,3,1
深圳宝安20268八下物理,3,1
深圳宝安中学八上期末数学,1,1
深圳宝安区七年级上册英语开学考,6,1
深圳宝安区七年级上册英语月考试卷,8,1
深圳宝安区九上英语月考试卷,17,1
深圳宝安区八年级上册英语开学考试,8,1
深圳宝安区八年级上册英语月考试卷,7,1
深圳宝安区沙井七年级上册英语月考试卷,1,1
深圳宝安区沙井中学七年级上册英语月考试卷,1,1
深圳宝安高三上学期教学质量监测,8,1
深圳实验中学高二上数学,1,1
深圳实验光明高中,2,1
深圳实验光明高中部,1,1
深圳实验光明高中部模拟卷,1,1
深圳实验学校初中部2025~2026九年级上册期中道法,8,1
深圳实验学校初中部，数学，九下,10,1
深圳实验学校高中园,16,1
深圳实验学校高中园入学分班考,1,1
深圳实验学校高中园分班考,1,1
深圳实验学校高中园第一阶段入学考,2,1
深圳实验学校高中部2025-2026学年高一上第一阶段考试化学试卷,1,1
深圳实验学校高中部2025-2026学年高一上第二阶段考试数学试卷,3,1
深圳实验学校高中部2025~2026学年度第一学期第二阶段考试高一物理,1,1
深圳实验饶平县第二中学,3,1
深圳实验高中园初高分班考,3,1
深圳市2025初中学业水平考试英语,4,1
深圳市2025历史,1,1
深圳市2025历史高一上10,10,1
深圳市2026中考英语卷子,3,1
深圳市2026初二下,1,1
深圳市2026初二下语文,3,1
深圳市七年级上册英语第三单元测试,1,1
深圳市七年级上册英语第三单元测试卷,10,1
深圳市七年级道法试卷,5,1
深圳市七年级道法试卷上学期,2,1
深圳市九年级下册上册语文期末2026,7,1
深圳市光明高级中学高一上学期期中数学试卷,7,1
深圳市八上期末物理,4,1
深圳市初中学业水平考试数学,2,1
深圳市南山区八年级下册期末数学,2,1
深圳市南山外国语学校2025~2026九年级期中历史试卷,4,1
深圳市各区/校一模现代文阅读分析,5,1
深圳市宝安中学,5,1
深圳市宝安中学九年级其中道法2025~2026,6,1
深圳市宝安区一模物理,1,1
深圳市宝安区一模生物,2,1
深圳市宝安区中考三模卷,2,1
深圳市宝安区中考数学2024,5,1
深圳市宝安区八年级上册期中物理,21,1
深圳市宝安区八年级下册期末数学,10,1
深圳市宝安区八年级下册期末语文,1,1
深圳市宝安区南科大附中,6,1
深圳市宝安区南科大附中开学考,10,1
深圳市宝安区数学中考三模卷,7,1
深圳市宝安区生地会考,1,1
深圳市实验学校高中部,1,1
深圳市弘毅高级中学,3,1
深圳市弘毅高级中学 衔接,1,1
深圳市松岗中学,4,1
深圳市格致中学,17,1
深圳市生地会考,1,1
深圳市福田区八年级下册期末数学,2,1
深圳市福田区深圳高级中学南校区,10,1
深圳市福田区高级中学,2,1
深圳市福田区高级中学南校区,1,1
深圳市科学高中,2,1
深圳市罗湖区2025‑2026学年八年级上学期学业质量检测物理试卷,1,1
深圳市罗湖区2025‑2026学年第一学期八年级上期末英语试卷(含答案),3,1
深圳市联考,7,1
深圳市适应性考试,7,1
深圳市高一上学期期中数学试卷,4,1
深圳市高一上学期期中生物试卷,2,1
深圳市高一上学期期中英语试卷,6,1
深圳市高三,4,1
深圳市高三开学考试,7,1
深圳市高二上学期数学第1张练习卷,3,1
深圳市高二化学上期中测试,2,1
深圳市高二数学上期中测试,1,1
深圳市高二物理上期中测试,6,1
深圳市高级中学文博高中2025到2026学年暑假作业,2,1
深圳市高级中学高中园2025届高三下学期第一次模拟考试物理试卷,6,1
深圳市龙岗区八年级上册期中英语,28,1
深圳开学考模拟卷,7,1
深圳开学考高三,9,1
深圳数学一模,1,1
深圳数学三模,6,1
深圳数学八下,3,1
深圳新华中学语文期中七上,1,1
深圳新高一开学分班考,10,1
深圳新高一开学分班考数学试卷卷,7,1
深圳新高三开学考,1,1
深圳春季高考试卷,2,1
深圳期中南山区,2,1
深圳期末,12,1
深圳桥头,1,1
深圳深中数学期中考试卷,1,1
深圳物理一模,3,1
深圳物理中考,2,1
深圳科学高中,1,1
深圳科学高中数学,1,1
深圳科学高中数学高二上,3,1
深圳第二外国语,2,1
深圳第二实验开学,1,1
深圳第二实验开学考试,1,1
深圳红岭中学,7,1
深圳红岭中学高一分班考试卷,1,1
深圳红岭新高一开学考,5,1
深圳自主招生考试,23,1
深圳英语,2,1
深圳英语中考,15,1
深圳语文一模,9,1
深圳调研,2,1
深圳高1上分班考试卷,1,1
深圳高1分班考试卷,2,1
深圳高一上学期开学考,6,1
深圳高一上政治期中,1,1
深圳高一下期末数学,2,1
深圳高一数学,1,1
深圳高一英语,1,1
深圳高三开学考卷子,1,1
深圳高三数学,1,1
深圳高三生物深圳,1,1
深圳高三第一次调研考试数学,1,1
深圳高三英语深圳,1,1
深圳高三语文一模,1,1
深圳高中深圳实验光明高一开学考试卷,6,1
深圳高中高一上开学考试卷,6,1
深圳高二上期中数学,5,1
深圳高二数学,1,1
深圳高二英语,1,1
深圳高级中学初一上,1,1
深圳高级中学集团2024~2025学年第二学期高一化学期末考试,6,1
深圳高级中学高二上物理,2,1
深圳高级中学高二上英语,3,1
深圳龙华1年级数学,3,1
深圳龙华1年级语文,2,1
深圳龙华二年级语文,2,1
深圳龙华区期中九年级物理试卷,1,1
深圳龙华区高二期末第二学期考试数学试卷,9,1
深圳龙华区高二期末考试数学试卷,1,1
深圳龙华小升初,1,1
深圳龙华教育科学,1,1
深圳龙华教育科学研究院附属外国语学校,3,1
深圳龙岗五下北师大数学期末试卷,1,1
深圳龙岗八下历史期末,3,1
深圳龙岗区,14,1
深圳龙岗语文八下,3,1
深圳龙岗龙城高级中学高二上,4,1
深外高二上期中化学,1,1
深实验光明校区 2024-2025 高二上学期期中英语,3,1
深实验高中园高一分班考试卷,1,1
混合运算两位数,4,1
混合运算两位数小学,9,1
添增项,1,1
添增项分解因式,11,1
清北班,7,1
清北自主招生题,1,1
清华大学丘成桐领军计划,12,1
清华大学附属中学分班,5,1
清华自主招生题,1,1
清华附中天府学校,1,1
清华附九上期末试卷2026答案,3,1
清华附小,1,1
清岛2中,5,1
清江中学,1,1
清江中学科技特长生自主招生考试,1,1
清江外国语学院,1,1
清河志臻中学,5,1
清潭中学,2,1
清苑中学,2,1
清远,11,1
清远市2024到2025学年第二学期高中期末教学质量检测,1,1
清远市2025到2026学年第一学期高一期末教学质量检测,1,1
清远市2025到2026学年第一学期高一期末教学质量检测数学,4,1
清远市2025到2026学年第一学期高中期末教学质量检测,1,1
清远市清新区历史八年级上册期中,3,1
清远市清新区数学八年级上册期中,31,1
清远市清新区物理八年级上册期中,7,1
清远市第一,1,1
清远市连州市,4,1
清远期末,17,1
清远高二,2,1
清远高二上,1,1
清远高二下物理,2,1
清远高二物理,2,1
渌口五中,1,1
渌口五中入学考,6,1
渐进线问题,7,1
渝东九校,1,1
渝中区人和街小学,1,1
渝北一中,1,1
渝高中学,10,1
渠县第三中学,2,1
渡乌江,1,1
渡乌江课文批注,4,1
渤大附中,10,1
温州 二模 2026英语,1,1
温州1.5模,3,1
温州2025高三第一次,9,1
温州一模政治,12,1
温州七年级上册数学翰林卷第四单元,3,1
温州七年级上册翰林卷第四单元,1,1
温州中学2026,3,1
温州中学自主招生,6,1
温州中学试卷,2,1
温州中学高一上期中地理。,9,1
温州二模语文,1,1
温州二高,1,1
温州人文高中,1,1
温州动机,1,1
温州十校,1,1
温州十校高三,3,1
温州实验中学,12,1
温州小升初分班考,13,1
温州市七年级上册分班考,1,1
温州市实验中学,6,1
温州市普通高中2026届高三第二次适应性考试,2,1
温州市第二高级中学,5,1
温州新 高一 上分班考试试卷,1,1
温州新力量英语,1,1
温州普通高中2026高三第二次适应考试地理,1,1
温州洞头一中分班考试卷,3,1
温州环大罗山联盟 高二化学联考试卷（高二下，物质结构+有机综合）,16,1
温州环大罗山联盟高三化学,15,1
温州环大罗山联盟高三化学2025,10,1
温州环大罗山联盟高二化学2025,35,1
温州环大罗山联盟高二化学期中/期末联考试卷。,7,1
温州第二中学九年级开学考,11,1
温州第二高级中学,2,1
温州翰林卷,2,1
温州自主招生。,4,1
温州自主招生。数学,4,1
温州高一地理期末卷,4,1
温州高三二模英语试卷,4,1
温州高三英语二模试卷,4,1
温州高中分班考,2,1
温州高中地理期末卷,1,1
温州高中开学考,8,1
温州鹿城区期末八下,8,1
温度与物态变化,18,1
温度及其测量练习题,9,1
温江,6,1
温洲新力量联盟,1,1
温洲新力量联盟日语,3,1
渭初七下期末测评,1,1
渭南市一模数学,3,1
渭南市一模数学高考,2,1
渭南市临渭区中学物理,6,1
渭南市临渭区瑞泉中学2025-2026物理,1,1
渭南市临渭区瑞泉中学2025～2026物理,1,1
渭南市临渭区瑞泉中学物理,1,1
渭南市八年级数学下学期期末考试,3,1
渭南市高新区2025~26学年度七年级下册期末测评数学,14,1
渭南高级中学第一次月考,2,1
渭城中学,2,1
港湾,5,1
港澳,1,1
港澳台华兴分班考,1,1
港澳台华兴教育,2,1
港澳台联考2025年真题试卷,1,1
游标卡尺,1,1
游标卡尺 和螺旋测微器读数题,7,1
游标卡尺和螺旋测微器,3,1
游记作文,3,1
湄江中学,1,1
湄江高级中学,2,1
湄潭中学,2,1
湄潭县建国中学,1,1
湄潭县湄江中学,1,1
湄潭县湄江高级中学,2,1
湄潭建国中学,1,1
湖北11校联考,7,1
湖北2024高中名校联盟,8,1
湖北2025-2026学年高一必修一地理第一章单元检测卷,11,1
湖北2025到20206调研卷,1,1
湖北2025到2026联考,1,1
湖北2026中考卷,2,1
湖北2026中考真题,3,1
湖北2026中考试卷,1,1
湖北2026八月,1,1
湖北2026圆创联盟8月高三数学题,1,1
湖北2026届8月新8校联考,3,1
湖北2026届新8月联考历史,4,1
湖北2026届新8月联考数学,3,1
湖北2026届新8校联考,1,1
湖北2026届新8校联考数学,1,1
湖北2026年圆创联盟8月高三数学题,2,1
湖北2027,1,1
湖北2027高三,6,1
湖北27届高三8月圆创联盟,1,1
湖北5调,3,1
湖北5调数学,2,1
湖北七年级上学期阶段检测,1,1
湖北七年级下数学,46,1
湖北专用,3,1
湖北专用中考分类汇编,3,1
湖北中考数学,1,1
湖北中考生物,4,1
湖北中考英语,4,1
湖北九师联盟数学,3,1
湖北九师联盟高三,1,1
湖北云学联盟,1,1
湖北云学联盟2025 8月,2,1
湖北云学联盟2025 8月月考,5,1
湖北云学联盟2026年高二7月期末日语卷,11,1
湖北云学联盟高二上9月,1,1
湖北五上期末数学,7,1
湖北五年级上学期阶段检测,1,1
湖北人教版九年级上册语文书,1,1
湖北入学,2,1
湖北八年级上学期阶段检测,2,1
湖北八月考,5,1
湖北六年级上学期升学模考,2,1
湖北分班考,4,1
湖北初一上期中,1,1
湖北初一上期中数学,7,1
湖北十堰茅箭区,9,1
湖北十校高二下,1,1
湖北升学模考,2,1
湖北升学真题,8,1
湖北华师一语文五调,1,1
湖北华师一附中,3,1
湖北华师附中,1,1
湖北卷,1,1
湖北卷期末试题,13,1
湖北名校2025 2026学年数学综合测试卷一,1,1
湖北听力,1,1
湖北听力高考真题,5,1
湖北四年级下学期阶段检测,2,1
湖北圆创联盟27高,4,1
湖北圆创联盟27高三上学期开学考试英语,1,1
湖北圆创联盟数学,4,1
湖北圆创联盟日语,1,1
湖北圆创联盟日语上学期,1,1
湖北圆创联盟日语上学期8月,1,1
湖北圆创联盟高三上学期开学考试物理,1,1
湖北圆创联考,4,1
湖北地理中考,4,1
湖北地理高考,10,1
湖北大冶一中入学,2,1
湖北大冶市小升初分班考,1,1
湖北大学附属中学,4,1
湖北大学附属中学高二,1,1
湖北大学附属中学高二上数学,5,1
湖北大学附属中学高二上数学也,1,1
湖北大学附属中学高二语文,1,1
湖北孝感楚天教科研协作体高中高一期末试卷,3,1
湖北宜昌高新区九年级上册9月月考,2,1
湖北小升初分班考试,16,1
湖北市高二上学期开学考,3,1
湖北市高二开学考,5,1
湖北恩施建始县高一下数学联考,1,1
湖北恩施建始县高一下期末数学联考,1,1
湖北恩施建始县高一末数学联考,6,1
湖北政治高考,3,1
湖北数学九年级上,3,1
湖北新风港高级中学,2,1
湖北新高三8月圆创联盟,1,1
湖北新高级中学,4,1
湖北新高考写作题,1,1
湖北新高考联考协作体2021 2022高三上学期数学,43,1
湖北新高考联考协作体2021-2022高三,1,1
湖北新高考联考协作体2021-2022高三上学期化学,1,1
湖北新高考联考协作体2021-2022高三上学期数学,3,1
湖北期末,2,1
湖北武汉27届高三联考,9,1
湖北武汉九师联盟,5,1
湖北武汉八月考,11,1
湖北武汉华中师范大学第一附属中学初中部,4,1
湖北武汉圆创,1,1
湖北武汉圆创 8月联考,7,1
湖北武汉市2025年高中毕业生调研考试,8,1
湖北武汉市东湖西湖区2025至2026年学期下学期期末8年级数学试卷,3,1
湖北武汉市江岸区六年级上册期中试卷,7,1
湖北武汉市江岸区六年级上册试卷,1,1
湖北武汉市重点中学武进联合体,1,1
湖北武汉市高三九调,1,1
湖北武汉收心考物理,2,1
湖北武汉数学,4,1
湖北物理联考,5,1
湖北物理高三,9,1
湖北生物,1,1
湖北省,7,1
湖北省2023七市3月,3,1
湖北省2023七市州3月,3,1
湖北省2024-2025学年下学期八校期末联考高一数学,2,1
湖北省2024年数学合格,4,1
湖北省2025届高三起点考试数学,1,1
湖北省2025届高三起点考试英语,1,1
湖北省2025年中考题,6,1
湖北省2026中考英语,4,1
湖北省2026九年级二次函数,2,1
湖北省2026九年级二次函数第二十六章周测数学(二),1,1
湖北省2026九年级第二十六章周测,1,1
湖北省2026九年级第二十六章周测数学,7,1
湖北省2026九年级第二十六章周测数学(二),1,1
湖北省2026九年级第二十六章周测树学,1,1
湖北省2027届圆创联盟高三8月化学试卷,3,1
湖北省2027届圆创联盟高三8月生物试卷,6,1
湖北省2027届圆创联盟高三8月英语试卷,1,1
湖北省2027届圆创联盟高三化学试卷,1,1
湖北省2027届高三8月圆创联盟化学试卷,4,1
湖北省2027届高三圆创联盟化学试卷,7,1
湖北省2027年高山上学期生物开学考试,7,1
湖北省26届高三开学返校《圆创》考试卷,2,1
湖北省27届高三开学返校《圆创》考试卷,20,1
"湖北省“新八校协作体2025-2026学年高三上学期10月月考数学试题,1,1
湖北省“新八校协作体2025-2026学年高三上学期10月月考试题",3,1
湖北省乡一名校联考2025至2026学年高二上学期11月期中英,1,1
湖北省云学联盟,12,1
湖北省云学联盟期末,11,1
湖北省仙桃中学 期末,3,1
湖北省仙桃市期末考试卷,3,1
湖北省仙桃市高一下学期教学质量检测高一地理,9,1
湖北省仙桃市高一教学质量检测高一地理,10,1
湖北省全国英语试卷高考,3,1
湖北省化学高考,3,1
湖北省十堰市2025高一上月考,13,1
湖北省华中,6,1
湖北省华中师范,3,1
湖北省华师一,1,1
湖北省合格考,7,1
湖北省合格考语文试卷高中,1,1
湖北省名校联盟,1,1
湖北省名校联盟圆创2027届高三第一次联合测评数学,12,1
湖北省咸宁市赤壁市八上期中数学,15,1
湖北省咸宁市赤壁市八上期中物理,40,1
湖北省咸宁市赤壁市必修一人教版化学期中试卷,5,1
湖北省咸宁市赤壁市必修一人教版数学期中试卷,72,1
湖北省咸宁市赤壁市必修一人教版物理期中试卷,83,1
湖北省孝南区2025 2026七年级下册期末,2,1
湖北省孝感市,1,1
湖北省孝感市孝南区,19,1
湖北省孝感高级中学高一,17,1
湖北省宜昌市、十堰市的中考地理生物合卷,1,1
湖北省宜昌市长阳第一高级中学,6,1
湖北省实验,1,1
湖北省实验 2026,1,1
湖北省建始县第一中学,1,1
湖北省建始县第一中学开学考,2,1
湖北省新八校协作体,2,1
湖北省新高考协作体，2025~2026年学年高三下学期5月质检教学,5,1
湖北省武昌实验中学,1,1
湖北省武昌实验中学2025 2026学年高2,8,1
湖北省武昌实验中学2025 2026学年高一,1,1
湖北省武昌实验中学分班考,1,1
湖北省武昌实验中学高一上学期语文,2,1
湖北省武汉中学20262027届高三7月阶段检测英语,1,1
湖北省武汉中学高一开学分班考试,4,1
湖北省武汉市2025 2026学年度9月份高一入学考,1,1
湖北省武汉市2025~2026学年度9月份高一上入学考,1,1
湖北省武汉市2025~2026学年度9月份高一上学期9月份月考数学卷子,1,1
湖北省武汉市2025~2026学年度9月份高一上学期入学考,1,1
湖北省武汉市2025~2026学年度9月份高一入学考,1,1
湖北省武汉市2026届高三5月联考英语试题,6,1
湖北省武汉市武昌区七上语文武昌期中卷,2,1
湖北省武汉市武昌区七上语文武昌期末卷,3,1
湖北省武汉市武汉中学,2,1
湖北省武汉市武汉中学七年级,2,1
湖北省武汉市武珞路2025—2026九年级上学期期中考,1,1
湖北省武汉市武珞路化学2025—2026九年级上学期期中考,6,1
湖北省武汉市江岸区高二下期末考试,16,1
湖北省武汉市江岸区高二生物期中考试,11,1
湖北省武汉市第二中学2025至2026学年高一上学期12月语文周练卷六,3,1
湖北省武汉市部分学校2022-2023高三九月调研,2,1
湖北省武汉市部分学校2025-2026学年高三上学期9月调研考试数学试题,6,1
湖北省武汉市部分学校2025-2026学年高三上学期九月调研考试数学试卷,8,1
湖北省武汉市部分学校2025—2026学年高三上学期九月调研考试数学试卷,3,1
湖北省武汉市部分高中2027届高三上学期收心联考试卷,13,1
湖北省武汉市重点中学5G,10,1
湖北省武汉市高三,10,1
湖北省武汉市高三8月,5,1
湖北省武汉市高三下学期四月调研（二模）语文试题,4,1
湖北省武汉市高中毕业生三月调研考试,3,1
湖北省汉川市第一高级中学,4,1
湖北省汉川市第二高级中学,2,1
湖北省沙市中学摸底考试卷,2,1
湖北省湘一名校联考2025至2026学年高二上学期11月期中英,3,1
湖北省湘一名校联考2025至2026学年高二上学期11月期中英语,9,1
湖北省腾云联盟2056届高三8月联考联考试卷,4,1
湖北省荆州市2025 2026高一下学期7月质量检测数学试卷,1,1
湖北省荆州市公安,1,1
湖北省荆州市公安区,1,1
湖北省荆州市沙市区,9,1
湖北省荆州市监利市玉沙小学,1,1
湖北省荆州市高三9月起点考,3,1
湖北省荆州市高三9月起点考物理,2,1
湖北省荆门市龙泉杯,1,1
湖北省荆门市龙泉杯自主招生,6,1
湖北省襄阳市樊城区二十中数学七上第一单元月考试卷,1,1
湖北省试卷,5,1
湖北省部分学校高一上语文期中试卷,3,1
湖北省部分省级示范高中,5,1
湖北省部分高中高一上语文期中试卷,2,1
湖北省鄂南高中,1,1
湖北省鄂南高级中学,3,1
湖北省鄂州高中,1,1
湖北省重点高中智学联盟,1,1
湖北省高一上九月月考,35,1
湖北省高一下册期末2026,2,1
湖北省高三上学期8月联考,17,1
湖北省高三下学期开学考试,5,1
湖北省高中2027届上学期八月联考,20,1
湖北省高中2027届上学期八月联考生物,2,1
湖北省高中2027届上学期八月联考英语,2,1
湖北省高中名校联盟,9,1
湖北省高中名校联盟2025届高三第一次联合测评,1,1
湖北省高中名校联盟2026届高三第一次联合测评 B卷,10,1
湖北省高中名校联盟2027,14,1
湖北省高中名校联盟2027届英语,1,1
湖北省高中名校联盟2027届高三8月联合测评,1,1
湖北省高中名校联盟2027届高三一模,2,1
湖北省高中名校联盟2027届高三上学期8月联考卷,9,1
湖北省高中名校联盟2027届高三上学期9月联考卷,7,1
湖北省高中名校联盟2027届高三上学期联考卷,2,1
湖北省高中名校联盟2027届高三第一次联合测评化学,2,1
湖北省高中学业合格性考试卷地理,3,1
湖北省高中学业合格性考试卷数学,3,1
湖北省高中学业合格性考试卷物理,1,1
湖北省高二上学期开学考,31,1
湖北省高二年级2026年期末考试,1,1
湖北省高二开学考,3,1
湖北省高考2027模拟,2,1
湖北省高考2027模拟数学,1,1
湖北省黄冈中学2026届五月高三模学,2,1
湖北省黄冈市9月调考,8,1
湖北省黄冈市高三9月份调研,9,1
湖北省黄石市2025 2026高一下学期期末考试,1,1
湖北省黄石市大冶市大冶一中分班,4,1
湖北省黄石港区初一分班考,4,1
湖北联考2027,4,1
湖北育才中学,4,1
湖北英语八下期中,3,1
湖北英语高三,2,1
湖北荆州,1,1
湖北荆州监利网市,6,1
湖北荆州车胤中学高一测试卷,4,1
湖北蕲春,10,1
湖北襄‑随联考2024‑2025高二下期末数学,7,1
湖北襄阳,8,1
湖北襄阳四中第一次月考,3,1
湖北襄阳四中第一次月考物理,3,1
湖北襄阳市小升初分班考试卷,1,1
湖北襄阳市小升初数学分班考试卷,3,1
湖北语文联考卷,2,1
湖北部分名校2025‑2026学年高二年级下学期7月核心素养测评英语试题,1,1
湖北部分学校收心考,7,1
湖北阳新县历年小升初入学英语考试卷,1,1
湖北随州2025-2026,1,1
湖北随州市曾都区第一高级中学,3,1
湖北风高级感,1,1
湖北高一下学期学考,2,1
湖北高一下期末物理,1,1
湖北高一数学期末,3,1
湖北高一期末物理,3,1
湖北高三2025到2026联考,1,1
湖北高三8月原创,1,1
湖北高三9月考物理,3,1
湖北高三上学期8月份8校联考,3,1
湖北高三上学期学考,2,1
湖北高三上学期返校8校联考,2,1
湖北高三上学期阶段检测,2,1
湖北高三下学期期末,1,1
湖北高三原创联盟,4,1
湖北高三新起点,6,1
湖北高三联考,2,1
湖北高二下学期返校8校联考,1,1
湖北高二下学期返校考试,1,1
湖北高二期末咸宁,7,1
湖北高考化学,1,1
湖北高考题,2,1
湖北黄冈,6,1
湖北黄冈2025中考物理,2,1
湖北黄冈中学2025届高三5月第三次模拟考试,1,1
湖北黄冈中学2025届高三5月第三次英语模拟考试,2,1
湖北黄冈中学2026届高三,2,1
湖北黄冈市2025至2026学年下学期高二年级期末考试英语试题。,1,1
湖北黄冈市浠水县第二实验初级中学党校2025至2026学年春季8年级期中综合素质监测数学试题,4,1
湖北黄冈市黄梅县,1,1
湖北黄冈市黄梅县育才高级中学2025-2026学年高一上学期12月月考英语,3,1
湖北黄冈开学考,15,1
湖北黄石2025七月份高一期末,5,1
湖北黄石大冶一中入学,1,1
湖北黄石大冶一中入学分班卷,2,1
湖北黄石大冶一中分班卷,1,1
湖北黄石市2025 8月月考,9,1
湖北，高三考,8,1
湖南 0 2025中考题,1,1
湖南 02 6 届 九校联盟2026届高三3月,1,1
湖南 2026 2027 七年级 数学 入学 学情检测,2,1
湖南 2026 2027 数学 入学 学情检测,6,1
湖南 2026-2027 七年级 数学 入学 学情检测,2,1
湖南2024-2025,1,1
湖南2024-2025小学,6,1
湖南2024-2025小学数学,10,1
湖南2024-2025小学数学五年级下,15,1
湖南2025年高考化学,1,1
湖南2025政治高考,1,1
湖南2025英语 高考1卷全国一卷,11,1
湖南2026年对口升学考试,1,1
湖南2026年对口高考,2,1
湖南2026年对口高考医务类,3,1
湖南2026年对口高考考试,1,1
湖南2026级新高一入学考试,5,1
湖南2026级新高一入学考试浏阳市第一中学,4,1
湖南2026高三,12,1
湖南2027炎德英才入学考试,10,1
湖南25-26生物,1,1
湖南25-26生物高一必修一,19,1
湖南3年级数学考试,8,1
湖南专用,1,1
湖南专用 七年级 期末真题分类汇编 默写,11,1
湖南专用 七年级名句名篇默写,5,1
湖南中考数学,6,1
湖南中考期末,2,1
湖南九年级上学期阶段检测四大名校,6,1
湖南九年级试卷,2,1
湖南九校联盟,2,1
湖南九校联盟联考,2,1
湖南五年级下学期阶段检测,27,1
湖南八上古文清单,3,1
湖南八年级上学期期中,3,1
湖南八年级下册数学期末考试试卷,17,1
湖南八年级下册物理期末考试试卷,14,1
湖南初升高入学考试试卷,1,1
湖南勇永州市道县小升初 分班测试数英语,7,1
湖南化学,1,1
湖南化学高考,3,1
湖南卷,1,1
湖南历史中考,1,1
湖南名校联合体,1,1
湖南名校联合体2026届,9,1
湖南名校联盟高12月联考,11,1
湖南名校联盟高一12月联考,10,1
湖南四大名校数学上第一次月考,7,1
湖南四大名校英语高一上第一次月考,2,1
湖南四大名校高一上英语第一次月考,8,1
湖南四大名校高一英语第一次月考,3,1
湖南四年级上学期阶段检测,5,1
湖南四年级下学期升学真题,3,1
湖南地理高考,3,1
湖南天一大联考（天壹联考）2025-2026学年高三上学期12月联考试卷,7,1
湖南天一高一期末数学,1,1
湖南天壹联考2026届高三,2,1
湖南天壹联考2026届高三5月模考试题,2,1
湖南娄底三中,7,1
湖南学考生物真题卷,1,1
湖南小升初,12,1
湖南小升初分班试卷,3,1
湖南小学低年级拼音试卷,1,1
湖南岳阳,18,1
湖南岳阳市华容县,9,1
湖南师大附中 2 0 26届高三 月考卷 三,7,1
湖南师大附中2020,2,1
湖南师大附中2024‑2025学年高三上学期月考（五）语文,5,1
湖南师大附中2024届高三月考试卷（五）,4,1
湖南师大附中2025年高二上学期期中,1,1
湖南师大附中2025年高二下期末考试化学,3,1
湖南师大附中九年级上,1,1
湖南师大附中九年级上数学,1,1
湖南师大附中学生高二上学期物理入学卷,1,1
湖南师大附中月考,2,1
湖南师大附中集团,13,1
湖南师大附中高一,1,1
湖南师大附中高一入学考试,4,1
湖南师大附中高三入学,1,1
湖南师大附中高二下学期期末考试地理,2,1
湖南师大附属中学生高二上学期化学入学卷,10,1
湖南师大附属中学生高二上学期物理入学卷,6,1
湖南师大附属中学生高二上学期生物入学卷,4,1
湖南师大附师高一,11,1
湖南师范大学,1,1
湖南师范大学附属中学 2026届高三下学期考前学情自测,2,1
湖南师范大学附属中学 高三二模,1,1
湖南师范大学附属中学2025 2026学年高三开学考,1,1
湖南师范大学附属中学2025 2026学年高二,1,1
湖南师范大学附属中学2025-2026学年高二,1,1
湖南师范大学附属中学高二下学期期末考试地理,1,1
湖南师范大学附属贵安学校,1,1
湖南常德,1,1
湖南常德5月,7,1
湖南常德七中25年,1,1
湖南常德七中25年地理,6,1
湖南常德二中,2,1
湖南常德市汉寿县第一中学2025-2026学年高一下学期6月,1,1
湖南常德汉寿县,1,1
湖南常德高三,4,1
湖南常德高三上学期,2,1
湖南张家界英语三模,1,1
湖南怀化,51,1
湖南怀化中考期末语文,8,1
湖南怀化分班考试,3,1
湖南怀化分班考试试卷,1,1
湖南怀化初升高入学考试试卷,1,1
湖南怀化初升高开学考试试卷,3,1
湖南怀化历史中考期末,1,1
湖南怀化期末,1,1
湖南怀化高一开学考试卷,8,1
湖南怀化高二上册期中英语,1,1
湖南数学期中,1,1
湖南数学竞赛试题,4,1
湖南数学竞赛试题高中,1,1
湖南新高考教学教研联盟,26,1
湖南新高考教学教研联盟2026届高三四月第二次联考,3,1
湖南明德中学2025-2026高一期末真题,4,1
湖南普高专用职测题库,1,1
湖南期末,1,1
湖南水利水电职业技术学院,1,1
湖南永州市第四中学开学考试卷,4,1
湖南永州开分考,3,1
湖南浏阳期中考试,6,1
湖南湘东教学联盟,6,1
湖南湘乡东台,4,1
湖南湘乡东台小升初,1,1
湖南湘乡东台小升初入门,1,1
湖南湘乡东台小升初入门口,1,1
湖南湘西州六年级下册科学期末考试2026,6,1
湖南湘西自治州高一下学期期末数学,1,1
湖南炎德英才,2,1
湖南炎德英才1月联考2026届,8,1
湖南炎德英才2026届,2,1
湖南炎德英才开学考高三,3,1
湖南炎德英才英语,1,1
湖南物理9年级第二次,1,1
湖南百师联盟,7,1
湖南百校联盟高一第一次月考,12,1
湖南益阳,1,1
湖南益阳安化,1,1
湖南益阳安化县思源实验学校,1,1
湖南益阳安化县思源实验学校2023,1,1
湖南益阳安化县思源实验学校2023八年级,1,1
湖南省202512月亮,1,1
湖南省202512月考,1,1
湖南省2025年数学竞赛试题及答案,1,1
湖南省2025年数学竞赛高中试题及答案,4,1
湖南省2025普通高中学业水平选择性考试化学,16,1
湖南省2025物理竞赛,1,1
湖南省2026中考英语,2,1
湖南省2026中考试卷物理,1,1
湖南省2026中考试卷英语,3,1
湖南省2026届高三九校联盟第一次联考,5,1
湖南省2026届高三九校联盟第一次联考英语,1,1
湖南省2026届高三入学考试(8.28)数学答案,4,1
湖南省2026届高三入学考试(8.28)数学答案天壹,6,1
湖南省2026年普通高中学业水平考试,2,1
湖南省2026年普通高中学业水平选择性考试,1,1
湖南省2026年普通高中学业水平选择性考试化学,3,1
湖南省20二三届9月联盟第二次联考语文,18,1
湖南省26届高考政史地试卷,9,1
湖南省中考试卷,7,1
湖南省冷水滩市2026年八年级下册数学期末考试试卷学,8,1
湖南省化学竞赛初赛,6,1
湖南省历史,3,1
湖南省历史长郡,2,1
湖南省名校大联考,17,1
湖南省名校联合体2027届高三入学检测数学试题,1,1
湖南省名校联考联合体2025-2026学年高三上学期1月联考生物,4,1
湖南省名校联考联合体2026届高三上学期第一次联考语文 英语,1,1
湖南省名校联考联合体2026届高三上学期第一次联考语英语,3,1
湖南省名校联考联合体2027届高三上学期第一次联考语英语,2,1
湖南省天一壹联校联盟高二上学期期末,6,1
湖南省娄底市2025年高二上学期期末,6,1
湖南省娄底市涟源市2024—2025,1,1
湖南省娄底市第二中学,7,1
湖南省对口升学,7,1
湖南省岳阳县一中2025-2026学年高一上学期新生学科素养,5,1
湖南省岳阳市岳阳县第一中入学考试试卷,7,1
湖南省岳阳市岳阳县第一中学,1,1
湖南省岳阳市岳阳县高1分班考,3,1
湖南省岳阳市岳阳县高一上,2,1
湖南省师大附中高三,4,1
湖南省师范附属中学中学2025年高二上学期期中,6,1
湖南省师范附属中学中学2025年高二上学期期末,1,1
湖南省常德市一中,2,1
湖南省常德市五年级数学上册,4,1
湖南省常德市汉寿县第一中学 20252026学年 高一下学期5月,1,1
湖南省常德市汉寿县第一中学 20252026学年 高三上学期期末考试英语试题,7,1
湖南省常德市汉寿县第一中学2024 2025学年 高三上学期期末考试英语试题,1,1
湖南省怀化市,13,1
湖南省怀化市第三中学入学考试试卷,2,1
湖南省怀化市第三中学新高一入学考试试卷,6,1
湖南省怀化市芷江一中,5,1
湖南省怀化市麻阳苗族自治县麻阳一中,1,1
湖南省政治,6,1
湖南省数学期末试卷,7,1
湖南省新高一摸底考,3,1
湖南省新高考教学教研联盟2026届高三年级12月联考数学试卷,5,1
湖南省株洲市,3,1
湖南省株洲市2026—2027高一上学期化学自测卷,5,1
湖南省株洲市一中2025年开学考,1,1
湖南省株洲市一中新高一开学考,1,1
湖南省株洲市天元区2022年，六年级上册，数学期末真题卷,1,1
湖南省株洲市第13中学,3,1
湖南省株洲市第一中学高一入学,14,1
湖南省株洲市第一十三中学,1,1
湖南省株洲市第二中学2024‑2025学年高一上学期开学考试物理试题,4,1
湖南省株洲市第二中学2024‑2025学年高一上学期开学考试英语试题,6,1
湖南省株洲市菱溪同学,17,1
湖南省株洲市醴陵市一中开学考2025,2,1
湖南省株洲市醴陵市第一中学开学考2025,1,1
湖南省株洲市醴陵市醴陵一中开学考2025,3,1
湖南省永州市2026年三年级下册数学期末考试试卷,1,1
湖南省永州市一中开学考试高一,4,1
湖南省永州市二中开学考试高一,14,1
湖南省永州市冷水滩区四年级上册数学试卷,5,1
湖南省永州市四中开学考试高一,15,1
湖南省永州市开学考试高一八中,9,1
湖南省永州市江华瑶族自治县2019年英语听力,2,1
湖南省永州市第4中学开学考试高一,1,1
湖南省永州市第四中学开学考试高一,7,1
湖南省沅澧共同体2024‑2025学年高一下学期期末考试英语试题 听力音频,1,1
湖南省湘一名校联考2025至2026学年高二上学期11月期中英语,2,1
湖南省湘潭地区,1,1
湖南省湘潭地区8月,1,1
湖南省湘潭市重点中学2023学年高三下学期一模物理试卷,26,1
湖南省益阳市2025‑2026学年高三上学期9月教学质量监测政治试题,2,1
湖南省衡阳市岳云中学考前模拟高三英语,2,1
湖南省语文中考,3,1
湖南省邵阳市初中英语中考试卷,1,1
湖南省邵阳市第五中学七年级下册期末卷,8,1
湖南省邵阳市高三考试物理,13,1
湖南省郴州市宜章县2025年八年级上物理,2,1
湖南省郴州市永兴县八年级下期期末试卷,3,1
湖南省醴陵市第四中学,1,1
湖南省长沙市2024-2025学年九年级上学期入学英语试,1,1
湖南省长沙市2025-2026学年八年级下学期7月期末英语试题,3,1
湖南省长沙市2025-2026学年八年级下学期期末英语试,3,1
湖南省长沙市2025-2026学年八年级下学期期末英语试题,1,1
湖南省长沙市2025-2026学年长郡双语八年级下学期期末数学试卷,1,1
湖南省长沙市2025年高二上学期期末,4,1
湖南省长沙市下学期八年级期末数学压轴题,1,1
湖南省长沙市下学期八年级期末考试题型分类汇编,4,1
湖南省长沙市师大附中高一下学期期末考试化学试题,2,1
湖南省长沙市师大附中高一下学期期末考试生物试题,8,1
湖南省长沙市湘俊培粹实验中学2025到2026学年九年级上学期入学考试英语试卷,1,1
湖南省长沙市第一中学2023-2024学年高三上学期月考卷（四）英语,4,1
湖南省长沙市长郡中学,3,1
湖南省长沙市长郡中学2024-2025学年高一化学,8,1
湖南省长沙市长郡中学2026-2027学年高一上学期开学综合能力检测数学试卷,4,1
湖南省长沙市长郡中学2026届高三月考试卷,1,1
湖南省长沙市长郡中学2026届高三月考试卷英语,3,1
湖南省长沙市长郡中学2026新高一分班考,3,1
湖南省长沙市长郡中学高二 入学,7,1
湖南省长沙市长郡教育集团初中课程中心2019-2020学年度初三第一次限时检测数,16,1
湖南省长沙市长郡雨花外国语第三次知识竞赛数学试题,7,1
湖南省长沙市雨花区,1,1
湖南省长沙市雨花区2025-2026学年下学期期末质量检测试卷八年级道德与法治,1,1
湖南省长沙市高一上学期开学学情自测卷语文,6,1
湖南省长沙市高一上学期第一次月考数学卷,6,1
湖南省长沙市高一上学期第一次月考英语卷,7,1
湖南省长沙市高一下学期期末考试生物试题,2,1
湖南省长郡中学,5,1
湖南省雅礼中学,1,1
湖南省高一下期末,8,1
湖南省高二下学期期末考试,61,1
湖南省高二联考试卷期中考试,1,1
湖南科技,1,1
湖南职业技能测试试卷,1,1
湖南职高,1,1
湖南职高对口升学,1,1
湖南职高对口升学语文,1,1
湖南职高财会专业,1,1
湖南职高财会专业对口升学,7,1
湖南英语中考,1,1
湖南衡阳市耒阳,1,1
湖南衡阳市耒阳市第二中学,2,1
湖南衡阳第一中学2026届高三一模试题,2,1
湖南衡阳船山实验,2,1
湖南语文中考,3,1
湖南语文开学考,1,1
湖南语文模拟,3,1
湖南道县,7,1
湖南邵阳市沅邵联盟 2025-,4,1
湖南邵阳市邵东市三校 联,7,1
湖南邵阳市邵阳县2025-2026学年七年级下学期学期监测,16,1
湖南邵阳第五中学,1,1
湖南郴州一中物化生开学考试成绩,4,1
湖南郴州高一开学考,4,1
湖南长沙 物理,4,1
湖南长沙2025一模,11,1
湖南长沙2025一模物理,1,1
湖南长沙8年级上册2025年物理卷子，长沙县长沙市统考卷,5,1
湖南长沙一中2025高一段考,1,1
湖南长沙五年级数学期末考试,3,1
湖南长沙市2025-2026学年下学期八年级期末语文,9,1
湖南长沙市2025-2026学年下学期八年级期末道德与法治,2,1
湖南长沙市2025-2026学年八年级下学期7月期末英语试题,3,1
湖南长沙市2025-2026学年八年级下学期期末数学试卷,2,1
湖南长沙市2025-2026学年八年级下学期期末模拟考试英语试卷,7,1
湖南长沙市2025-2026学年第二学期高一期末考试数学试卷,4,1
湖南长沙市一模卷,2,1
湖南长沙市华益中学2025-2026学 年九年级上学期期末考试化学试卷,1,1
湖南长沙市望城区,4,1
湖南长沙市浏阳天加炳开学考的试卷,1,1
湖南长沙市浏阳市第一中学 2025‑2026 学年高一下学期 7 月期末物理试题（2026 上学期期末质量监测试卷高一物理）,1,1
湖南长沙市浏阳田家炳,1,1
湖南长沙市浏阳田家炳开学考的试卷,3,1
湖南长沙市浏阳田家炳开学考试卷,2,1
湖南长沙市省雅礼中学2024-2025学年高一下学期,1,1
湖南长沙市省雅礼中学2024-2025学年高一下学期期末考试化学试题,12,1
湖南长沙市第一中学2025,1,1
湖南长沙市第一中学2025高二英语期末,4,1
湖南长沙市长郡中学2026届高三下学期模拟卷二化学,2,1
湖南长沙市雅礼中学2025-2026学年高二下学期7月期末考试 化学试卷,3,1
湖南长沙市雅礼中学2025高二英语期末,3,1
湖南长沙市雅礼中学2026届高三下学期考前学情自测,2,1
湖南长沙市雅礼中学化学试卷,12,1
湖南长沙长郡教育集团初中课程中心2020年九年级暑假作业检测语文,1,1
湖南长沙长郡教育集团初中课程中心2020年初三暑假作业检测,2,1
湖南长沙雅礼中学2026高三英语模拟卷二,4,1
湖南长沙高一分班考试试卷,4,1
湖南长郡中学,12,1
湖南长郡二十校联考,10,1
湖南长郡收假试卷,1,1
湖南长郡教育集团初中课程中心2019——2020学年第一学期九年级第1次限时训练试卷,6,1
湖南长郡教育集团初中课程中心2020学年九年级第1次限时训练试卷,3,1
湖南长郡浏阳,1,1
湖南阶段检测,1,1
湖南附中,1,1
湖南雅礼中学高三,8,1
湖南雅礼中学高三模拟,3,1
湖南高一 分班考试卷,3,1
湖南高一上学期期末,13,1
湖南高一下学期期末考试试卷,12,1
湖南高一怀化市开学考试卷,1,1
湖南高一物理第一次月考,8,1
湖南高一生物,2,1
湖南高一百校联盟语文第一次月考,19,1
湖南高一语文,1,1
湖南高一语文开学考,1,1
湖南高一语文病句练习,3,1
湖南高三入学考试炎德英才,3,1
湖南高三入学考试炎德英才数学,1,1
湖南高三入学联考英语,2,1
湖南高三开学考数学,2,1
湖南高三炎德英才,1,1
湖南高中入学考试试卷,3,1
湖南高二,1,1
湖南高二上学期期中,1,1
湖南高二下学期期中考试,1,1
湖南高二下学期期中考试数学,13,1
湖南高二下学期期末考试地理,55,1
湖南高二地理,4,1
湖南高二语文,2,1
湖南高二语文二,7,1
湖南高考英语,1,1
湖南高速,1,1
湖大附中,6,1
湖大附中语文,2,1
湖大附中高一期中质量检测,2,1
湖大附中高一语文,4,1
湖天中学入学分班考高一,1,1
湖州,3,1
湖州一中,7,1
湖州中学2025分班考试卷,2,1
湖州市2025-2026学年第二学期高二英语教学质量检测卷,3,1
湖州数学,8,1
湖师大,1,1
湖师大附中,2,1
湖心,1,1
湖心学校,2,1
湖湘名校联盟,5,1
湖湘教育,1,1
湖滨,5,1
湖畔,11,1
湘一南湖学校,2,1
湘乡一中,1,1
湘乡市东高学校,5,1
湘教版,1,1
湘教版八上数学,1,1
湘教版八上数学单元测试卷,4,1
湘教版图形的相似,6,1
湘教版数学一轮复习一二单元复习卷,1,1
湘教版最新八年级上第一单元数学试卷,1,1
湘教版最新八年级上第一单元试卷,1,1
湘教版选修二地理,4,1
湘教版高一地理必修一,6,1
湘教版高一必修二物理配套测试卷,11,1
湘教版高中地理必修第一册 1.1 地球的宇宙环境 知识点讲义,18,1
湘教版高中选修一,2,1
湘教考苑,1,1
湘机中学,1,1
湘机中学2026年上学期高一年级检测,1,1
湘机中学5月高一英语,2,1
湘潭,3,1
湘潭县,6,1
湘潭大学附属实验学校 2025 创新人才实验班,1,1
湘潭市湘乡市第四中学,6,1
湘潭市高三开学摸底/9月高三联考数学,3,1
湘科版科学六下试卷,17,1
湘西,46,1
湘西州2025届高三第三次质量检测试卷。,3,1
湘西州2026高一期末,5,1
湘豫大联考,3,1
湘豫联考高三开学考,22,1
湛江,14,1
湛江2025~2026高二上学期开学考,2,1
湛江一中2025 2026月考,1,1
湛江一中高一月考,7,1
湛江一模,2,1
湛江二中,2,1
湛江二中高一第1次月考试卷数学,1,1
湛江二中高一英语周测,18,1
湛江二十一中,1,1
湛江分班考,1,1
湛江市,3,1
湛江市2025 2026学年度八校联考第一学期期中高中调研考试,1,1
湛江市2025 2026学年度第一学期期中高中调研考试,14,1
湛江市20252026学年度第二学期期末调研测试,4,1
湛江市2025‑2026学年第二学期期末调研 高一语文,1,1
湛江市坡头区小升初2025数学,2,1
湛江市恒盛实验学校,1,1
湛江市才,1,1
湛江市材小学,1,1
湛江市第二中学开学考,4,1
湛江市赤坎区,3,1
湛江市赤坎区培材小学,1,1
湛江廉江,4,1
湛江第二十一2025~2026高二上学期开学考,4,1
湛江第二十一中学2025~2026高二上学期分班考,1,1
湛江第二十一中学2025~2026高二上学期开学去,4,1
湟中一中,3,1
湟川2022高一考试题,2,1
湟川三模英语,1,1
溧,5,1
溧水,1,1
溧水区2024~2025学年第二学期小学语文六年级期末质量调研,1,1
溧阳七年级数学上册期末,2,1
溧阳九上数学月考卷,1,1
溧阳市20242025学年第一学期期中质量调研测试,5,1
溧阳市20242025学年第一学期期中质量调研测试五年级,3,1
溧阳市光华高级中学,3,1
溧阳市南渡高级中学,2,1
溧阳市译林版三起11月期中质量调研测试五年级,3,1
溧阳市高级中学,1,1
溱州中学,6,1
溶液人教版,1,1
溶液人教版九年级下,10,1
溶液沪教版,1,1
溶解平衡难题,1,1
滁州中学,2,1
滁州市初中期末试卷,10,1
滁州市小学期末试卷,38,1
滇中引 水工程,1,1
滑动临界,2,1
滑县一中,2,1
滑县第一高级中学,2,1
滑块木板模型,15,1
滑块木板模板模型,4,1
滑轮和机械效率,7,1
滕南中学九年级期中考试,22,1
滕州,2,1
滕州一中2025年10月高一模拟训练,3,1
滕州一中高三上学期,1,1
滕州一中高二上学,1,1
滕州二中,1,1
滕州六年级下册期末题 小升初,1,1
滕州市八年级,19,1
滕州市八年级上册物理期末考试卷,2,1
滕州市尚贤中学,2,1
滕州市第一中学,2,1
滕州枣庄期末,3,1
滕州滕南中学小升初,10,1
滕州第一单元练习,4,1
滕州高一期中数学试卷,3,1
滕州高二上学期期中,1,1
滕王阁序 原文及翻译,2,1
滕王阁序原文,13,1
滚,1,1
满分金试卷,1,1
满泥睿嵩名联2027篇嵩芝 正学头8月联筹要学改（,1,1
滨城区九年级上册期末,1,1
滨城区八下期末,4,1
滨城区八下期末数学,1,1
滨城区八下期末数学2025-2026,2,1
滨城区八下期末数学25-26,1,1
滨城联盟数学月考卷,10,1
滨城联盟月考卷,4,1
滨城联盟物理月考卷,2,1
滨城高中联盟2024-2025学年度上学期高二期中考试化学,1,1
滨州物理高一期中,7,1
滨州阳信,5,1
滨江,3,1
滨江中学27届高二开学考,1,1
滨江区,17,1
滨江期中,6,1
滨河 一,2,1
滨海中学,6,1
滨海县育才高级中学,4,1
滨海新区25-26高二物理,7,1
滨海新区25-26高二物理上学期期中,5,1
滨海新区七年级上学期期中,4,1
滨海新区七年级下学期期中,2,1
滨海新区五上期末数学,14,1
滨海新区五上期末语文,21,1
滨海新区四下期末语文,3,1
滨海新区四年级上册,5,1
滨海新区高一上,2,1
滨海新区高一上期末,3,1
滨海新区高一期末试卷,3,1
滨海新区高三上第一次月考,23,1
滨海新区高二期末考试,2,1
滨海高三语文三模,1,1
滨湖新区,1,1
滴定,3,1
演绎推理,2,1
漯河,4,1
漯河三中八年级试卷,2,1
漯河初一分班考试卷,1,1
漯河实验高级中学2023级高三年级质量检测,1,1
漯河实验高级中学2023级高三年级质量英语检测,1,1
漯河小升初分班考试卷,1,1
漯河市召陵区裴王小学,3,1
漯河市实验中学,22,1
漯河市实验中学七下政治期末,1,1
漯河市实验中学八上数学期末,2,1
漯河市高一期末卷子数学,5,1
漳州2024 2025化学,3,1
漳州2024 2025数学,12,1
漳州2026一质检生物,4,1
漳州2026年高三开学考,1,1
漳州2026年高三开学考化学,1,1
漳州一中数学第一单元检测,1,1
漳州一中碧湖校区,2,1
漳州一中西湖校区,3,1
漳州一中高一上英语月考,5,1
漳州一检,7,1
漳州七年级上期中数学,5,1
漳州二中,2,1
漳州五中高一九月份月考卷,1,1
漳州化学一模,1,1
漳州双语高级中学,1,1
漳州外国语,1,1
漳州市2022届高三毕业班第2次教学质量检测,4,1
漳州市2023至2024年上学期期末,3,1
漳州市2024-2025学年（下）期末高中教学质量检测,4,1
漳州市2024-2025学年（下）期末高中教学质量检测高一英语试题,9,1
漳州市2025届高三毕业班第四次教学质量检测,4,1
漳州市2025届高中毕业班第一次教学质量检测,6,1
漳州市2025至2026学年高31质检学年一质检高中,2,1
漳州市2026一质检,1,1
漳州市2026一质检物理,3,1
漳州市2026届高三毕业班第一次教学质量检测化学试题,5,1
漳州市2026届高三毕业班第一次教学质量检测英语试题,4,1
漳州市2026高一,1,1
漳州市2026高三一质检物理,2,1
漳州市9月第一次质量监测高三政治,3,1
漳州市市质检英语试卷,1,1
漳州市日语2026届高三毕业班第一次质检,1,1
漳州市统考,12,1
漳州市质检卷,3,1
漳州市高一下期末数学试卷,1,1
漳州市高一下期末语文试卷,1,1
漳州市高三毕业班第一次,1,1
漳州市高三第一次市质检,5,1
漳州市高三质检卷,5,1
漳州市高三质检数学,26,1
漳州市高中市质检英语试卷,10,1
漳州市高二期末考数学,5,1
漳州市龙海区九年级上册语文期中,1,1
漳州数学第一单元,8,1
漳州数学高一,4,1
漳州期末,15,1
漳州高一下学期答案,2,1
漳州高三一质检,8,1
漳州高三九月,5,1
漳州高三第一次教学质量检测,1,1
漳州高三第一次质检,8,1
漳州高二上数学期中,35,1
漳州高二上语文,1,1
漳州高二历史,6,1
漳州高二历史第一单元,2,1
漳州高考化学一模,1,1
漳平,6,1
漳平一中高一开学考,3,1
漳平一中，开学考,1,1
漳平开学考,1,1
漳平高一开学考,1,1
漳洲市,1,1
漳洲市高二上,1,1
漳洲市高二上数学,2,1
漳洲高二上语文,4,1
漳洲高二上语文期中,1,1
漳浦一中高一英语,1,1
漳浦一中高中物理,1,1
漳浦县七上语文期末测试卷,1,1
漳浦县七下语文期末测试卷,5,1
潍坊2+4考试试卷,1,1
潍坊2026年高一期末考试,3,1
潍坊2026年高一期末考试数学,2,1
潍坊2026年高二期末考试,1,1
潍坊一模,2,1
潍坊一模物理,2,1
潍坊一模物理高中,4,1
潍坊二模,5,1
潍坊六年级上册数学期末试卷,1,1
潍坊化学高三开学,1,1
潍坊历史中考真题,1,1
潍坊市2025-2026学年高三上学期开学调研监测,16,1
潍坊市2026年高一下学期数学期末检测试题。,1,1
潍坊市中考,3,1
潍坊市诸城市2024到2026年高一期末试题数学,3,1
潍坊市高三开学考,3,1
潍坊市高二下学期期末考试,1,1
潍坊开学考,10,1
潍坊数学开学,6,1
潍坊潍城,2,1
潍坊潍城英语,8,1
潍坊物理开学,5,1
潍坊诸城市2024高二下学期期末考试物理试题,3,1
潍坊诸城市2025高一上学期期中考试数学试题,3,1
潍坊诸城市2025高三上学期期中考试数学试题,4,1
潍坊高三开学考,4,1
潍坊高三语文模拟试题,4,1
潍坊高二语文,4,1
潍坊高新区北海学校分班考题,1,1
潜奥数六年级,8,1
潜山市七年级下学期,1,1
潜山野寨中学,3,1
潜江市七年级上册试卷,18,1
潜江市七年级英语,17,1
潜江市六年级 下学期数学期末,3,1
潜江市六年级下册期末数学,1,1
潜江市六年级下册期末语文,4,1
潜江市六年级下学期期末,1,1
潜江市小升初,5,1
潞城中学,5,1
潞河中学,1,1
潞河中学高三,6,1
潮南区,6,1
潮南区八上,1,1
潮南区统考,3,1
潮南区高一统考2026,9,1
潮南阳光实验学校,9,1
潮安区七年级期末数学,1,1
潮安区八年级期末数学,7,1
潮安区实验中学,5,1
潮州,2,1
潮州市,5,1
潮州市九年级上册数学月考试卷,1,1
潮州市九年级上册物理月考试卷,6,1
潮州市湘桥区,9,1
潮州市潮安区实验学校,1,1
潮州市潮安区江海实验学校,4,1
潮州市金山中学,1,1
潮州暨南实验学校,2,1
潮州暨实,3,1
潮阳,1,1
潮阳一中明光学校,4,1
潮阳区统考,1,1
潮阳实验五校联考,6,1
潮阳实验学校物理,6,1
潮阳期末统考高一下,5,1
潼南七年级上册数学,6,1
潼南区,1,1
澄海区初一下册数学期末考试,4,1
澄海集贤,3,1
澧县一中,1,1
激活思想,1,1
濂溪区,7,1
濉溪中学,2,1
濮阳市华龙区小升初期末考试试卷,6,1
濮阳市油田第一中学,2,1
濮阳市第一高级中学高二上开学考试,15,1
濮阳市迎春中学,2,1
濮阳市迎春中学期末考试试卷,3,1
瀚德,2,1
瀚德外国语,4,1
瀚文,2,1
瀚文外国语,2,1
灌南县高二上学期数学期中考试,3,1
灌南县高二上学期物理期中考试,5,1
灌南惠泽,7,1
火影忍者,3,1
火星巅峰听力,3,1
火箭反冲,3,1
火车用英语怎么说,1,1
火车过桥问题物理,3,1
灵台县高一期末,6,1
灵宝市2023 2024学年九上年级期中试题语文,17,1
灵宝市2023 2024学年九上年级期末试题,12,1
灵宝市2023 2024学年九上年级期末试题语文,13,1
灵宝市2025 2026学年九上年级期末试题,1,1
灵活因式分解100题,12,1
灵璧一中,4,1
灵璧县第六中学七年级上册有理数第二单元卷,14,1
灿烂在六月,2,1
炎徳2026届高三,1,1
炎徳大联考2026届高三,1,1
炎徳英才大联考,3,1
炎徳英才大联考高三八月开学考,2,1
炎徳英才高三8月16.17号考试,1,1
炎德 英才名校联考联合体2027届高三入学检测 数学,1,1
炎德·英才名校联考联合体2027届高三入学检测 数学,6,1
炎德英才名校联合体,1,1
炎德英才名校联合体2027,1,1
炎德英才大联考2026届高一月考一,1,1
炎德英才高三入学测评八月,1,1
炎德英才高三开学考湖南,3,1
炎陵一中,5,1
炔烃,1,1
炮车,6,1
炳辉中学,1,1
炷之武退秦师 2026 课件,3,1
炷之武退秦师 翻译,1,1
点乘双根,4,1
点到点的距离公式，光反射问题,5,1
点石 沈阳 高一,3,1
点石 高三 9月,3,1
点石成金系列物理,2,1
点石联盟 高三 9月,1,1
点石联考 高三 9月,13,1
点石联考2025高三九月,1,1
点石联考2026高三九月,1,1
点石联考数学卷,1,1
点石联考数学卷高二下学期,3,1
点石高一下期末,2,1
烛之武退秦师,3,1
烟台2026中考试物理五四,3,1
烟台7上英语,5,1
烟台一中,1,1
烟台一中高一期中,1,1
烟台三中,3,1
烟台中考化学,5,1
烟台九上数学期中,5,1
烟台九上物理期中,6,1
烟台九上英语期中,9,1
烟台二中,3,1
烟台二中开学考试答案,3,1
烟台二中高三开学考试,1,1
烟台二模,7,1
烟台五四制化学中考题,1,1
烟台五四制数学中考题,2,1
烟台五四制数学九下年级期末,5,1
烟台五四制数学九年级下年级期末,12,1
烟台五四制数学九年级期末,1,1
烟台八年级上册物理期末,1,1
烟台八年级下学期语文期末试卷,1,1
烟台六年级上册数学期中考试,6,1
烟台化学开学考,1,1
烟台市2024 2025六年级期末英语题,1,1
烟台市2025-2026高三上学期期中英语试卷,1,1
烟台市2025-2026高三上学期期中试卷,1,1
烟台市2025—2026英语,1,1
烟台市2025—2026英语高三,7,1
烟台市2025—2026英语高二期末,1,1
烟台市2025高三暑假开学联考,1,1
烟台市2026年高考第2次适应性测试,4,1
烟台市七年级下册语文期末考试卷,5,1
烟台市九年级上册数学期末,13,1
烟台市数学中考,3,1
烟台市海阳市24到25学年度高一化学期中考试上册,1,1
烟台市海阳市24到25学年度高一必修一化学期中考试,1,1
烟台市海阳市24到25学年度高一必修一数学期中考试,1,1
烟台市烟台市24到25学年度高一化学期中考试上册,3,1
烟台市牟平区2023～2024年期末检测八年级下语文,1,1
烟台市牟平区2025～2026年期中检测9年级上物理,14,1
烟台市牟平区化学八下,1,1
烟台市福山区九年级上学期化学期中考试,1,1
烟台市芝罘区九年级数学10月份月考卷上学期2022 2023,5,1
烟台市芝罘区九年级数学期末卷上学期2022 2023,1,1
烟台市高一化学期末,5,1
烟台市高二下学期期末,3,1
烟台开发区高一上学期月考,1,1
烟台开发区高一期中,1,1
烟台开发区高级中学高一上学期月考,6,1
烟台期末,7,1
烟台海阳九年级上册物理期中,3,1
烟台海阳六年级上册英语期中,2,1
烟台爱华,2,1
烟台牟平7上英语,5,1
烟台牟平六年级英语期中,4,1
烟台第一中学高一上期中试卷,3,1
烟台经济技术开发区,3,1
烟台经济技术开发区第八初级中学,2,1
烟台经济技术开发区自主招生,2,1
烟台经济技术开发区高级中学,6,1
烟台自主招生卷,4,1
烟台芝罘7上英语,1,1
烟台芝罘区,5,1
烟台芝罘区七年级上册2025–2026历史期中考试,3,1
烟台芝罘区七年级上册2025–2026历史期中考试答案,1,1
烟台芝罘区七年级下册期中生物2019-2020,1,1
烟台芝罘区七年级下册期中生物2023-2024,4,1
烟台芝罘区九上24—25期中数学,1,1
烟台芝罘区九年级上册期中语文2024-2025,3,1
烟台芝罘区九年级上册期末中语文2024-2025,1,1
烟台芝罘区九年级上册期末数学2019-2020,2,1
烟台芝罘区九年级上册期末数学2020-2021,2,1
烟台芝罘区九年级上册期末语文2020-2021,1,1
烟台芝罘区九年级上册期末语文2023-2024,2,1
烟台芝罘区九年级上册期末语文2024-2025,7,1
烟台芝罘区八上化学,5,1
烟台芝罘区八年级下学期语文期末试卷,1,1
烟台高一,1,1
烟台高一上物理期中,4,1
烟台高三期中,2,1
烟台高二上期中数学,1,1
烟台高二上期中物理,3,1
烟台高二上期中语文,1,1
烟台高二上期末数学,3,1
烟台高二下学期期末语文,1,1
烟台高二下期末物理,3,1
烟台高二期中上第一学期,13,1
烟台龙口一年级上学期数学期末测试卷,4,1
烟台龙口一年级数学期中测试卷,5,1
烟台龙口一年级语文期末测试卷,2,1
烤包子,4,1
烧芭,3,1
热值,3,1
热力学大题,12,1
热力学第一定律和气体实验定律的综合应用,2,1
热化学反应方程式,4,1
热反应方程式,7,1
热学大题,2,1
热学综合题,2,1
热学，光学，近代物理,4,1
热机效率及热效率计算,8,1
热点01,4,1
热点话题,1,1
热现象实验30题,4,1
烯烃炔烃,5,1
焓变与反应热,3,1
焦作,9,1
焦作2026 中考真题,2,1
焦作小升初,1,1
焦作市期中考试,2,1
焦作市期中考试高二,3,1
焦作市示范区,1,1
焦作市示范区城乡一体化实验小学,9,1
焦作市示范区实验小学六年级期末试卷,1,1
焦作武陟九上数学,5,1
焦耳定律,4,1
熔化和凝固物理知识点,1,1
熵焓,3,1
燃烧与燃料,3,1
燕南小学,8,1
燕山大学,1,1
燕山大学毕业论文,1,1
燕川中学,3,1
燕郊八中,3,1
爱丽丝漫游仙境黑布林,1,1
爱丽丝漫游仙境黑布林练习,5,1
爱和城高一下期中试卷,2,1
爱尖子,1,1
爱莲说,5,1
爸爸,3,1
牙克石林业第一中学,3,1
牙林一中,1,1
牛三,1,1
牛二实验,1,1
牛津,1,1
牛頓第二定律 10题型板块专题,2,1
牛頓第二定律10题型,1,1
牛顿三定律,6,1
牛顿力学大题一轮专项,10,1
牛顿定律,4,1
牛顿定律2027高考专题一轮复习物理,8,1
牛顿定律应用,4,1
牛顿第3定律,1,1
牛顿第二定律习题,4,1
牛顿第二定律全国通用,1,1
牛顿第二定律的理解和初步应用,5,1
牛顿第二定律练习,3,1
牛顿第二定律高31轮复习全国通用,1,1
牛顿第二定律高三1轮复习全国通用,1,1
牛顿运动定律,4,1
牡一中,1,1
牡一中25期末,1,1
牡丹区北师版7年级上册数学,9,1
牡丹江一中2,1,1
牡丹江一中2025,1,1
牡丹江一中2025届,5,1
牡丹江一中25期末,1,1
牡丹江一中高一上第一次月考,3,1
牡丹江一中高一英语,1,1
牡丹江一中高二上月考,1,1
牡丹江二中,2,1
牡丹江八上数学期中试卷,4,1
牡丹江八上数学期末试卷,10,1
牡丹江市第一高级中学2025年高一月考数学,3,1
牡丹江市第一高级中学2025年高一月考物理,4,1
牡丹江市第一高级中学2025年高一月考英语,1,1
牡丹江市第一高级中学2025年高一期中化学,2,1
牡丹江市第一高级中学2025年高一期中物理,2,1
牡丹江市第二高级中学高三,5,1
牡丹江市第二高级中学高三学年开学考,1,1
牡丹江市第二高级中学高二下学期期末,1,1
牡丹江第三高级中学,1,1
牡丹江第四子联盟七年级下历史期末,11,1
牡丹江第四子联盟八年级上英洪期末,31,1
物体的密度,1,1
物化学九上厦门期末市质检,1,1
物化生合格考知识点,2,1
物态变化 苏科,4,1
物态变化单元测试卷,10,1
物态变化物理,3,1
物态变化竞赛题,4,1
物态和温度中考一轮,6,1
物流,1,1
物理 专题,1,1
物理 八下,12,1
物理 必修一 1 2 3 4章复习知识点,4,1
物理 必修二,8,1
物理 必修二 1 期末卷,4,1
物理 滑轮组,3,1
物理 电学,2,1
物理02一轮,6,1
物理1-2章,6,1
物理1-2章人教版,5,1
物理1-7章,1,1
物理10月,5,1
物理10月月考,2,1
物理1，2章,1,1
物理2018一2018,4,1
物理2024二模上海,4,1
物理2025-2026必修一单元测试卷,4,1
物理2025高考真题,4,1
物理2026九上期末基础复习卷,1,1
物理2026九上物理基础复习卷,6,1
物理2026八上第二单元,3,1
物理2026北师大版九年级上册,1,1
物理2026高考,2,1
物理8上第3单元,4,1
物理8上第二单元,9,1
物理F,4,1
物理jingsai,1,1
物理一轮复习,2,1
物理一轮试卷,1,1
物理一轮试卷贵州,1,1
物理一轮试卷贵州高三,3,1
物理万有引力,4,1
物理专项练习,1,1
物理专项练习传送带,9,1
物理专题,1,1
物理专题是指,1,1
物理专题试卷,5,1
物理中考复习,1,1
物理中考复习扬州,115,1
物理中考题,1,1
物理九上厦门市质检,1,1
物理九上厦门期末市质检,5,1
物理九上月考,9,1
物理九上期中福州,4,1
物理九上期中考试厦门,3,1
物理九下成都,3,1
物理九年级,3,1
物理九年级《电流和电路》暑假预习,1,1
物理九年级《电流和电路》暑假预习卷,1,1
物理九年级《电流和电路》暑假预习学案,3,1
物理九年级上册期中试卷,8,1
物理九年级上开学考,1,1
物理人教版必修三优化学案,6,1
物理人教版必修三第九章,2,1
物理人教版必修三第十章,3,1
物理人教版必修三第十章章末综合检测,1,1
物理人教版教材,30,1
物理人教版电学,2,1
物理人教版第四单元九上,1,1
物理免费课程,5,1
物理入学考,2,1
物理全国通用牛顿第二定律,3,1
物理八上人教,1,1
物理八上月考苏科版,4,1
物理八上期中,4,1
物理八上第一单元,3,1
物理八上第一单元声音,3,1
物理八上第一单元声音卷子,5,1
物理八上襄阳,3,1
物理八下压轴计算题。,9,1
物理八下沪科,2,1
物理八下沪粤版7.107@2,2,1
物理八下竞赛,1,1
物理八年级下册压轴题,5,1
物理八年级竞赛,3,1
物理八年级综合题,3,1
物理八年级综合题巨难,1,1
物理公式,2,1
物理公式大全,4,1
物理共点力平衡,7,1
物理初高中衔接,3,1
物理刹车模型多程或单向,4,1
物理力学临界极值问题,4,1
物理力学动态平衡,1,1
物理力学压轴,3,1
物理力的合成与分解专项全国通用,6,1
物理力的合成与分解全国通用,1,1
物理力的合成与分解全国通用高三复习,2,1
物理功率,4,1
物理动能定理,5,1
物理动量大题专练广东,2,1
物理北师版八上四单元检测卷,1,1
物理单元卷,7,1
物理卷,3,1
物理卷初二,1,1
物理卷子,11,1
物理双棒模型,9,1
物理受力分析,1,1
物理受力分析正弦定理法,3,1
物理受力分析相似三角形法,1,1
物理合力,3,1
物理合格 考2025年 普通高中学业水平真题,3,1
物理含容,7,1
物理四川高考,5,1
物理圆周临界,4,1
物理声学运算,1,1
物理声学运算八年级上,5,1
物理多段运动,1,1
物理多段运动高中,3,1
物理奥林匹克竞赛初赛真题。,1,1
物理奥林匹克竞赛真题。,1,1
物理学海风暴,1,1
物理学考真题,1,1
物理小胖子,1,1
物理平面镜成像习题,3,1
物理广东,1,1
物理弹性碰撞圆盘和小球,2,1
物理微专题,5,1
物理必修一 第三章1到3节,1,1
物理必修一九十五中学,3,1
物理必修一匀变速压轴,2,1
物理必修一复习试卷,1,1
物理必修一实验题,2,1
物理必修一期末总复习试卷,7,1
物理必修一期末考试,6,1
物理必修一测试卷,2,1
物理必修一第一章,16,1
物理必修一第二单元单元测试,1,1
物理必修一第二章单元检测,15,1
物理必修一课本电子版,7,1
物理必修一高考,1,1
物理必修三 9 10章测试,3,1
物理必修三9章知识网络图,1,1
物理必修三专题,1,1
物理必修三专题拓展,3,1
物理必修三串并联电路,1,1
物理必修三串并联电路拓展,1,1
物理必修三人教版,1,1
物理必修三拔高拓展,2,1
物理必修三电势与等势面,5,1
物理必修三电容器,2,1
物理必修三电路,2,1
物理必修三电路及其应用专题练,5,1
物理必修三电路及其应用专题练人教版,3,1
物理必修三第一章测试,1,1
物理必修三第一章测试人教版,1,1
物理必修三第九章第十章第11章,1,1
物理必修三第十章,2,1
物理必修三第十章章末综合检测,2,1
物理必修三综合,2,1
物理必修三课时练,2,1
物理必修三课时训练,3,1
物理必修二单元卷,27,1
物理必修第一册第二单元单元测试,3,1
物理必修第一册第二单元单元测试人教版,4,1
物理怪怪怪,10,1
物理成都九上12月,2,1
物理折射率计算题,1,1
物理拔高训练题,4,1
物理推导,2,1
物理摩擦力,6,1
物理教材 电子版,3,1
物理新高二开学考2026年,4,1
物理无锡中考,1,1
物理无锡中考2026,3,1
物理暑假作业4（暑假作业04 电磁振荡、电磁波、传感器(巩固培优)）,2,1
物理月考卷高一下期末,1,1
物理朝阳区2025~2026第二学期期末考试,5,1
物理期中九上,7,1
物理期中八上,5,1
物理期中八上泰山区。,3,1
物理期中八上泰山区。2024,8,1
物理期中泰山区八上,4,1
物理期未试卷,5,1
物理期末卷子高一,4,1
物理期末考试卷高一下学期,4,1
物理期末考试试卷,3,1
物理期末考试试卷高一下,10,1
物理期末试题,16,1
物理机械能守恒,31,1
物理机械能守恒专项,1,1
物理机械能守恒动量守恒专项,4,1
物理杠杆相关练习题,7,1
物理杠杆相关练习题苏科版,4,1
物理杯,3,1
物理板块模型 一轮复习,3,1
物理板块运动,1,1
物理正交分解,2,1
物理步步高高三一轮复习,1,1
物理每日一练,4,1
物理比例式,3,1
物理水平圆物块打滑题型,1,1
物理沈阳高一下期末,18,1
物理沈阳高一下期末大连王府,1,1
物理沪科八上第一单元声音卷子,3,1
物理沪科版九年级,6,1
物理沪粤版,2,1
物理油膜法估测油酸分子大小,3,1
物理油膜的实验方法,1,1
物理泉州高三一检,4,1
物理泉州高三八月质检,3,1
物理泉州高三质检,4,1
物理测混合物体密度,1,1
物理浙江z20,7,1
物理浙江省,3,1
物理浙江省九校联考,1,1
物理浙江省十校,1,1
物理浙江省十校联考,1,1
物理浙江省新阵地联盟,4,1
物理浮力压轴题,3,1
物理浮力测密度,13,1
物理浮力测混合物体密度,2,1
物理浮力液位变化专题,1,1
物理滑轮,2,1
物理滑轮试卷,4,1
物理热学一轮高考,5,1
物理热学一轮高考气实验定律,2,1
物理热学中考,2,1
物理热学高考,1,1
物理热机,3,1
物理热血,1,1
物理父修三,1,1
物理理想状态，气体方程,2,1
物理用电流表测量电流,1,1
物理电功率,2,1
物理电势,8,1
物理电场专项,1,1
物理电场测试,2,1
物理电学九上,1,1
物理电学初中,2,1
物理电学电功率,1,1
物理电磁感应专项,6,1
物理电磁感应专题训练,4,1
物理电荷在三维空间运动,2,1
物理电路,11,1
物理电路图,3,1
物理真题,10,1
物理真题山西高一,4,1
物理真题山西高一上,1,1
物理知识点,1,1
物理知识点总结,3,1
物理磁场,1,1
物理磁场专题,15,1
物理磁场对电荷的作用,1,1
物理磁学典型题目,3,1
物理磁感线,3,1
物理离九年级上册阶段测试卷北大师版,6,1
物理离九年级上册阶段测试卷被十大版,4,1
物理竞赛 2024年第41届高中初赛真题,2,1
物理竞赛 2025年第42届复赛真题,5,1
物理竞赛42,1,1
物理竞赛一试,1,1
物理竞赛全国,1,1
物理竞赛实验题,4,1
物理竞赛湖南,2,1
物理竞赛真题,1,1
物理竞赛讲义,1,1
物理竞赛长沙,5,1
物理竞赛预赛试卷,4,1
物理竞赛题,1,1
物理第10章,2,1
物理第一单元测试,7,1
物理第一次期中高一上,8,1
物理第一章机械运动单元测试卷,3,1
物理第一章测试,3,1
物理第一章测试初二上,1,1
物理第一章质点加速度速度匀变速直线运动,5,1
物理第一节,2,1
物理第二张abg,1,1
物理第二章,3,1
物理第二章单元检测,1,1
物理等比数列,8,1
物理等级,2,1
物理等级考,5,1
物理简谐受迫振动计算题,1,1
物理简谐计算题,3,1
物理简谐运动单摆受迫振动,4,1
物理简谐运动计算题,1,1
物理精品,3,1
物理自招青岛市2026,1,1
物理自招青岛市2026真题,3,1
物理自测,4,1
物理自测力学,17,1
物理苏州市高二上册统考期中,8,1
物理苏州市高二上册统考期末,5,1
物理苏州市高二下册统考期中,4,1
物理苏州市高二下册统考期末,4,1
物理衡中学案,1,1
物理衡中学案第十五讲微点突破五,7,1
物理计算题2026计算专题训练,1,1
物理计算题2026计算专题训练高考,4,1
物理论述,6,1
物理试卷高二下,1,1
物理课件,2,1
物理课时练,2,1
物理课本,2,1
物理课本电子版,3,1
物理质点,5,1
物理运动图像专题,2,1
物理运动学专题,8,1
物理运动学周练,1,1
物理远距离输电题目,1,1
物理选修一,2,1
物理选修一第一二章,4,1
物理选修三第一单元,6,1
物理选修三第三四章卷子,4,1
物理选择性必修一光,4,1
物理选择性必修一光知识点,2,1
物理选择性必修一月考卷,1,1
物理选择性必修一试题,22,1
物理选择性必修三,8,1
物理选择性必修三课本,1,1
物理速度专题,14,1
物理配速,3,1
物理重构,1,1
物理金版教程,4,1
物理金版教程大一轮复习,1,1
物理青岛中考自招,2,1
物理静摩擦和动摩擦,8,1
物理静电场,4,1
物理静电场专题,1,1
物理静电场及其应用,8,1
物理题型自测,4,1
物理高,1,1
物理高一A9,2,1
物理高一A9协作体期末,1,1
物理高一A9期末,1,1
物理高一G12期末,2,1
物理高一上专题,1,1
物理高一上学期期末试卷,11,1
物理高一上期末华师一,1,1
物理高一上期末宜昌,1,1
物理高一上期末宜昌一中,1,1
物理高一上期末湖北,3,1
物理高一下期末,19,1
物理高一下期末考试辽宁,1,1
物理高一下期末考试辽宁辽南,6,1
物理高一八校,4,1
物理高一宁波九校联考,9,1
物理高一宁波联考,1,1
物理高一必修一，二综合卷,9,1
物理高一必修二期末卷,62,1
物理高一整本书检测卷,1,1
物理高一期末石门,1,1
物理高一期末石门中学,6,1
物理高一期末联考,3,1
物理高一金华十校,1,1
物理高一金华十校联考,1,1
物理高三一轮复习,6,1
物理高三一轮复习安徽,1,1
物理高三上学期一轮复习,1,1
物理高三开,1,1
物理高三开学考名校联盟,3,1
物理高三开学考点石联考,6,1
物理高三模考试卷,1,1
物理高三浙江,1,1
物理高三浙江十校联盟,3,1
物理高三浙江十校联考,2,1
物理高三第一次月考,5,1
物理高三联考卷,8,1
物理高中暑假作业,3,1
物理高中题型公式知识点,6,1
物理高二上,4,1
物理高二上学期第一章检测卷,6,1
物理高二上期中,6,1
物理高二期末,2,1
物理高考,4,1
物理高考卷2026,1,1
物理高考基础题,3,1
物理高考模拟卷,5,1
物理高考试卷,3,1
物理默写小纸条,7,1
物理龙岩市一级校联盟2025到2026学年第一学期半期考联考,9,1
物理，整理高中阶段所有的知识点,1,1
物理，高一入学考,4,1
物竞,1,1
物竞42届,2,1
物质及其反应的分类,6,1
物质及其变化,6,1
物质及其变化专项练习,1,1
物质在 水中的溶解,4,1
物质推断题,3,1
物质的分类及转化,5,1
物质的变化与性质,3,1
物质的变化和性质,5,1
物质的形态及其变化,3,1
物质的性质与转化,6,1
物质的检验,3,1
物质的比热容,1,1
物质的量  一轮专题复习,1,1
物质的量  专题,2,1
物质的量 1 一轮专题复习,1,1
物质的量浓度,2,1
物质的量计算,1,1
物质组成分类转化,3,1
物质结构与性质,1,1
物质结构与性质专题,7,1
特别理解你着急做题的心情，但这个网站本身是不合规的色情站点，我这边没办法访问、抓取页面里的听力原文，打开还容易让手机中病毒、泄露隐私，千万别点开哈。   给你三个靠谱可行的办法，任选一个就能拿到原文：   方法1：拍照纸质版听力原文   试卷背面/末尾一般都会印刷完整听力文稿，把那一页拍清晰发给我，我逐题给你对应答案。   方法2：手动打字输入   把听到的或者卷子印的英文对话、独白逐行打出来，我立刻帮你匹配每道题选项。   方法3：七年级下册英语 Unit 1 Animal Friends 听力测试（21世纪教育网）,2,1
特招考试,9,1
特殊函数,1,1
特殊四边形几何模型与证明7题型70题,2,1
特殊平行四边形,1,1
特殊平行四边形与最值问题,4,1
特殊平行四边形动点问题,3,1
特殊平行四边形的判定,5,1
特殊的平行四边形 18大题型,1,1
特色高中教研联谊会,8,1
状元桥,3,1
状元桥·优质课堂,5,1
状语从句练习题,1,1
独坐敬亭山,3,1
独山县2025年高二月考,4,1
猪猪,1,1
献县一中高三模拟考试语文,5,1
猿辅导七年级下册数学,5,1
猿辅导单元冲a综合卷七年级下册数学,3,1
玄武,7,1
玄武区外国语,1,1
玄武外国语学校,8,1
玄武高级中学,1,1
玉岩中学,2,1
玉林北流2026八年级下册数学,13,1
玉林市2026年春季期高二年级期末教学质量检测,37,1
玉林市兴业县北市镇,2,1
玉林市兴业县北市镇小学数学,8,1
玉林市兴业县北市镇小学英语,6,1
玉林市北市镇小学六年级语文,4,1
玉林市高二下,6,1
玉林数学一模,21,1
玉沙小学,5,1
玉溪,9,1
玉溪一中,3,1
玉溪一中开学考高二上学期,6,1
玉溪一中试卷,1,1
玉溪实验,2,1
玉溪市2025 2026八年级下学期市统测历史,1,1
玉溪师院附中,4,1
玉溪师院附中开学考,1,1
玉溪数学,9,1
玉溪民中,1,1
玉燕杯,1,1
玉环市2026年小学四年级期末试卷,2,1
玉环市2026年小学毕业生水平考试,4,1
玉田县七上月考,3,1
玉田县七上期中,4,1
玉田县七上第一次月考,1,1
玉田县九上期中,4,1
玉田县八上期中,8,1
玉田县六上期末,6,1
玉田县六下期末,4,1
玉田县第三中学分班考试,2,1
玉田镇中学,1,1
王朝霞 202 5 2025八年级下册试卷,9,1
王朝霞 六下册试卷,2,1
王朝霞 河北专版 初中 期中 冀教版,3,1
王朝霞2026,6,1
王朝霞【河北专版·各地期末试卷精选】2026‑2027新版,11,1
王朝霞三上数学,72,1
王朝霞中考名师预测卷2024河南版语文,32,1
王朝霞中考真题2024语文,1,1
王朝霞二次函数,6,1
王朝霞各地期末试卷精选江西专版初中,20,1
王朝霞培优100分,1,1
王朝霞小升初试卷2026新版,3,1
王朝霞思维训练,2,1
王朝霞河北,3,1
王朝霞河北专版·各地期末试卷精选2026‑2027新版,6,1
王朝霞河北各地,1,1
王朝霸,1,1
王朝霸 2025年春季8年级数学质量评估南阳市,3,1
王朝霸 2025年春季期末八年级数学质量评估南阳市,4,1
王朝霸8年级,1,1
王朝霸8年级南阳市,1,1
王朴中学,2,1
王者,4,1
王者荣耀,2,1
环县一中2025 2026学年度第二学期期末考试高一英语试题,8,1
环县一中2025—2026学年度第二学期期末考试高一英语试题,3,1
环城初中八下期末试卷,1,1
环境描写特点小哥儿俩是在怎样的家庭环境中成长的请简要分析,1,1
环江,5,1
现代文,2,1
现代文阅读专项,7,1
现代文阅读专项全国,1,1
现代文阅读各种题型的解答方法,3,1
现代文阅读理解题目,6,1
现在完成时 100道,1,1
现在完成时外研版八年级,2,1
现在完成时期中复习版,1,1
现在完成时期中复习版外教版,1,1
现在完成时期中复习版外研版,2,1
现在完成时期中复习版外研版八年级,2,1
现在完成时的练习,13,1
现在完成时课件,2,1
现在完成时，过去进行时if引导条件状语从句，形容词副词比较级，最高级，每类10道小题。,1,1
现在时态专项训练,7,1
珊瑚,1,1
珊瑚实验,15,1
珊瑚实验小学,2,1
珠三角,8,1
珠海一中,3,1
珠海九年级英语开学考,3,1
珠海二中真题卷,13,1
珠海二中英才班真题卷,1,1
珠海华中师范大学开学考,5,1
珠海华中开学考,1,1
珠海华附开学考,10,1
珠海市2024～20257年级第二学期期末数学,3,1
珠海市2025～2026年级第二学期期末数学,4,1
珠海市七年级,2,1
珠海市九洲中学新初一入学考试,2,1
珠海市凤凰中学,3,1
珠海市北京师范大学附属中学,2,1
珠海市北京师范大学附属中学入学考,1,1
珠海市北京师范大学附属中学新高一入学考,5,1
珠海市平沙第一中学平沙校区,13,1
珠海市文园中学八年级上册期中考物理,4,1
珠海市文园中学，八年级上册语文,3,1
珠海市斗门区2025-2026,1,1
珠海市斗门区2025-2026七年级下册英语,3,1
珠海市第9中学开学七年级上册开学考试,2,1
珠海市第9中学开学七年级开学考试,3,1
珠海市第三中学英语段考,9,1
珠海市第三中期末,2,1
珠海市第二中学,2,1
珠海市金湾区,7,1
珠海市香洲区,8,1
珠海市香洲区七年级下册数学期末卷,1,1
珠海市香洲区九上数学,3,1
珠海市香洲区八年级下册数学期末,4,1
珠海市香洲区八年级下学期物理期末,3,1
珠海市香洲区初一,3,1
珠海市香洲区初一语文,3,1
珠海市香洲区第一学期七年级初一,5,1
珠海文园中学,2,1
珠海文园中学八上语文期中,1,1
珠海文园八上语文,1,1
珠海新高一开学摸底考试,5,1
珠海期中,1,1
珠海横琴七年级下册,9,1
珠海田家炳中学,2,1
珠海第一中学,1,1
珠海第三中学,5,1
珠海第四中学,1,1
珠海高一下期中生物,1,1
珠海高二上数学,3,1
珠海高二上生物,3,1
珠海麒麟,6,1
珲春,8,1
珲春一高中高一第一次月考试卷数学,3,1
球中,2,1
球壳,2,1
球壳球体,1,1
球的切 接问题,4,1
球的立体几何专题,5,1
理化课代表精品中心,13,1
理工大,1,1
理想树高中,2,1
理水,1,1
理解型默写,6,1
理解型默写 2026二轮总复习,7,1
理解性默写必修下,2,1
琢名小渔,6,1
琢名小鱼,6,1
琵琶行 理解性默写,6,1
琵琶行并序,1,1
琵琶行并序理解性默写,10,1
琵琶行并序理解性默写突破三关,8,1
琵琶行并序白居易,3,1
琼山中学,2,1
琼海华侨中学,2,1
琼海数学九年级上册期中卷,1,1
瑞安安阳,5,1
瑞安安阳返校考,2,1
瑞景中学,2,1
瑞泉中学,1,1
瑞泉中学2025-2026高一上学期开学考试,6,1
瑶海八下期末物理,1,1
璧山中学,3,1
璧山中学开学考,1,1
璧山中学高一上学期开学考,7,1
璧山中学高一开学考,1,1
瓜斗原理,1,1
瓜豆 原理2026中考复习,8,1
瓜豆原理相关题目,5,1
瓢泉学校2023,5,1
瓦房店市高级中学,3,1
瓮安一中,4,1
瓮安九中,4,1
瓯海中学,2,1
瓶子倒扣问题,6,1
瓶子倒置专项问题,15,1
瓶子刀扣问题,1,1
甘南藏族自治州2025年中考卷,1,1
甘南藏族自治州2025年中考卷数学,5,1
甘南藏族自治州中考数学,1,1
甘孜州一年级,1,1
甘孜州中考化学,6,1
甘孜州中考数学,4,1
甘孜州中考语文,6,1
甘孜州中考语文八,1,1
甘孜州高一下泉州统一调研考试历史期末试题,5,1
甘孜州高一下泉州统一调研考试历史期末试题答案,2,1
甘旗卡二中高一数学,1,1
甘肃,19,1
甘肃2024新二卷,1,1
甘肃2025新高考I卷英语真题 答案 2024新高考I卷英语真题 答案 2023新高考I卷英语真题 答案,1,1
甘肃2025物理,1,1
甘肃七年级下学期阶段检测,3,1
甘肃临夏回族自治州2025一2026学年度春季学期期末质量检测七年级英语,1,1
甘肃八下至九上数学过渡套题,5,1
甘肃八下至九上熟悉过渡套题,1,1
甘肃六年级下学期期末,2,1
甘肃兰州市第59中学,10,1
甘肃兰州市西北师范大学附属中学2026年高三模拟考试试题语文,3,1
甘肃合格考,3,1
甘肃合格考数学,6,1
甘肃合格考英语,2,1
甘肃地理期末卷,2,1
甘肃地理高考真题,5,1
甘肃天水一中分校,3,1
甘肃天水市第一中学高一入初高中衔接语文,1,1
甘肃天水市麦积区部分校2025—2026学年高一下学期7月期末语文试题,7,1
甘肃学考,5,1
甘肃定西一中,2,1
甘肃平凉一中高一期末化学,3,1
甘肃平凉一中高一期末物理,3,1
甘肃武威古浪三中等多校2025‑2026学年高三第七次诊断考试（,2,1
甘肃省兰州市2026年八年级下册道法试题,4,1
甘肃省兰州市高三模拟考试,14,1
甘肃省兰州第一中学2024-2025学年高二上学期开学阶段检测数学试题,2,1
甘肃省天水市化学,5,1
甘肃省天水市数学,11,1
甘肃省天水市数学中考试卷,6,1
甘肃省天水市麦积区八下历史试卷,7,1
甘肃省天祝县第一中学开学卷,24,1
甘肃省天祝县第一中学开学考,9,1
甘肃省定西,1,1
甘肃省定西市安定区2026届。中考卷,5,1
甘肃省定西市安定区2026年中考卷,1,1
甘肃省定西第一中学,12,1
甘肃省永昌一中高一下生物试卷,2,1
甘肃省泾川一中,4,1
甘肃省物理奥林匹克竞赛初赛真题。,3,1
甘肃省甘南藏族自治州中考数学,1,1
甘肃省白银市,2,1
甘肃省白银市会宁县中考化学,4,1
甘肃省白银市会宁县中考物理,4,1
甘肃省白银市会宁县中考英语,10,1
甘肃省白银市会宁县四年级下册语文期末试卷,1,1
甘肃省白银市四年级下册语文期末试卷,1,1
甘肃省白银市靖远县第一中学 2024‑2025学年高三上学期12月月考语文试题,4,1
甘肃省白银市靖远县第一中学2024-2025学年高三上学期12月月考 化学试题,3,1
甘肃省陇南市礼县,16,1
甘肃省陇西县巩昌中学,15,1
甘肃省高三上学期开学模拟卷,21,1
甘肃省高中,5,1
甘肃省高中一模,2,1
甘肃省黄南藏族自治州,2,1
甘肃阶段检测,2,1
甘肃高一入学测试,2,1
甘肃高一物理,3,1
甘肃高一物理下学期,8,1
甘肃高三,1,1
甘肃高三上学期阶段检测,1,1
甘肃高三数学,5,1
甘肃高三数学卷,17,1
甘肃高考化学卷子,3,1
甘谷县模范中学,10,1
甘谷西关中学,18,1
生 物,7,1
生地会考,10,1
生地会考真题,3,1
生态城一中,6,1
生活中的分段计费,8,1
生物  一轮复习默写,4,1
生物 0 一轮复习必修二,4,1
生物 2026中考真题安徽,4,1
生物 PCR专题,1,1
生物 必修一1 1必背知识清单,3,1
生物 必修二,4,1
生物 必修二必背知识清单人教版,4,1
生物 必修二第一单元,1,1
生物 必修二第一单元第二单元,3,1
生物 必背知识清单人教版,1,1
生物 月考高一上第一次,4,1
生物100篇专项训练,11,1
生物2026高考真题四川,4,1
生物2026高考真题安徽,1,1
生物8上月考,1,1
生物8上月考黑龙江省齐齐哈尔市龙江县,1,1
生物renjiaoban必修一思维导图,1,1
生物。南京,9,1
生物一轮,1,1
生物一轮复习,1,1
生物一轮复习 必修一,6,1
生物一轮复习知识清单,2,1
生物七年级上册教案,7,1
生物上学期月考卷,1,1
生物上学期月考卷高一,7,1
生物专题02遗传的细胞基础,3,1
生物二模模拟学易金卷 2026年高考第2次模拟考试生物试卷,4,1
生物会考云南,1,1
生物八上北师大版,1,1
生物八上北师大版背诵,8,1
生物八上预习专题,1,1
生物分类依据,4,1
生物卷,1,1
生物合格考试卷2026年四川遂宁,6,1
生物合格考资料,4,1
生物合格讲义必修一,3,1
生物合格讲义必修一第I讲,4,1
生物四月模拟,17,1
生物地理,9,1
生物复习资料,2,1
生物大分子、合成高分子,2,1
生物大题训练,4,1
生物学业水平测试,9,1
生物学必修二综合,7,1
生物学知识点总结,1,1
生物学联赛选拔赛 江苏,4,1
生物学联赛（江苏赛区）选拔赛,1,1
生物开学,4,1
生物开学考期末,3,1
生物开学考试检测一,5,1
生物开学考高三,3,1
生物必修一。,1,1
生物必修一人教版思维导图,4,1
生物必修一全册思维导图,4,1
生物必修一单元自测2026-2027,2,1
生物必修一单元自测2026-2027第四章细胞的物质输入和输出,1,1
生物必修一卷子,6,1
生物必修一期中,1,1
生物必修一期中新疆,4,1
生物必修一期末新疆,3,1
生物必修一知识点填空,8,1
生物必修一第一章单元测试卷,6,1
生物必修一第二章,2,1
生物必修一第二章人教版,4,1
生物必修一第二章人教版组成细胞的分子,1,1
生物必修一背诵默写知识点,1,1
生物必修二人教版单元测试卷,1,1
生物必修二单元测试卷,1,1
生物必修二思维导图,7,1
生物必修二第一章,4,1
生物必修二联考高一,2,1
生物必修二遗传专项,2,1
生物必修二，溧阳,2,1
生物必备知识点,9,1
生物必背知识清单人教版,7,1
生物提纲八上,1,1
生物易错点集锦,4,1
生物月考卷,1,1
生物期中.,6,1
生物期中月考高二上,9,1
生物期末 必背知识清单人教版,3,1
生物期末月考高二上,1,1
生物期末考试高二下成都七中,5,1
生物期末试卷高一下学期,2,1
生物期第三次月考高二上,5,1
生物沈阳期末高一下,7,1
生物济南版,5,1
生物浙南联盟,1,1
生物烟台期末,2,1
生物真题试卷,1,1
生物知识点,1,1
生物稳态与调节,2,1
生物第3章人教版 基因工程（专项训练）（原卷版）,5,1
生物第3章人教版基因工程（专项训练）（原卷版）,1,1
生物第一次月考高二上,11,1
生物第一章单元测试卷,1,1
生物第一章单元测试卷必修一,4,1
生物第十讲高中,1,1
生物联考试卷,1,1
生物联考试卷山东,1,1
生物联考试卷江苏,1,1
生物蛋白质工程知识点,2,1
生物课本,3,1
生物调查,1,1
生物选修一一二章综合卷,1,1
生物选修一第1章综合素质检测,1,1
生物选修一第1章综合素质检测全品,1,1
生物选修一第一二章综合卷,6,1
生物选修一第二章,3,1
生物选修一综合,15,1
生物选修一题型总结,5,1
生物选修三知识点,1,1
生物选必一技巧,5,1
生物选择必修二,9,1
生物选择性必修一人教版,1,1
生物选择性必修一电子教材,1,1
生物选择性必修一知识清单,1,1
生物选择性必修一神经冲动,1,1
生物选择性必修一章末检测卷,4,1
生物选择性必修一章末检测卷人教版,1,1
生物选择性必修一预习导学案,1,1
生物选择性必修三检测卷 金考卷,4,1
生物选择性必修二综合,4,1
生物选择性必修章末检测卷,1,1
生物遗传,1,1
生物遗传与进化,3,1
生物遗传专项,5,1
生物遗传专题高三一轮复习,12,1
生物遗传题专项训练一轮,1,1
生物高一,1,1
生物高一上期中,2,1
生物高一上期中山东,9,1
生物高一上期中滨州,6,1
生物高一上期末,4,1
生物高一下期末,5,1
生物高一下期末沈阳,9,1
生物高一必修一二综合卷,8,1
生物高三上开学考,3,1
生物高三上第一次月考,3,1
生物高三开学考,1,1
生物高三开学考名校联盟,5,1
生物高三开学考点石联考,2,1
生物高三第一次质检生物福建漳州,4,1
生物高二上学期期中考试试卷,2,1
生物高二上开学考,6,1
生物高二上期末,6,1
生物高二下期中吉林,1,1
生物高考二卷,3,1
生物高考二轮复习,4,1
生物高考二轮复习生态,1,1
生物高考卷,1,1
生物高考卷浙江,7,1
生物高考真题试卷,1,1
生物高考真题试卷安徽,4,1
生物高考真题试卷安徽细胞类分类题,1,1
生物黑龙江省哈师大附中2025~2026高二下学期期中考试卷,6,1
生物默写,3,1
生物默写必修二,1,1
用不等式性质判断不等式是否正确题型,18,1
用百分数解决问题课时练,2,1
用空间向量研究直线平面的位置关系,4,1
甪直高级中学,2,1
甬江实验学校,1,1
田家炳中学,2,1
田家炳分班考,3,1
田家炳开学分班考,2,1
田林三中,6,1
由递推公式求数列的项,2,1
甲亢哥,1,1
甲卷,2,1
申请信,4,1
电功,4,1
电功率 重难点训练 原卷版,3,1
电功率重难点训练,7,1
电势差,4,1
电势能,7,1
电化学 025年全国各省份高考真题分类汇编,2,1
电化学复习,4,1
电压,1,1
电压与电阻,3,1
电场 电场强度,1,1
电场与恒定电流综合练习,1,1
电场专题,3,1
电场专题卷,4,1
电场中的功能关系及图像问题,8,1
电场单元练习,4,1
电场压轴题,1,1
电场叠加,9,1
电场强度,7,1
电场强度电场线,4,1
电场强度，电场线,1,1
电场综合练习,2,1
电场综合题,5,1
电场轨迹问题,3,1
电子 教材 2024人教版,1,1
电子 课本 2019人教版教材,4,1
电子书,1,1
电子信息技术,7,1
电子排布式专题,4,1
电子教材,4,1
电子版 教材 2026人教版,1,1
电子版教材,1,1
电子科技大学实验,2,1
电学专题,2,1
电学中三大观点的综合应用,1,1
电学图像,2,1
电学实验专题,5,1
电学实验基础,6,1
电学实验基础仪器仪表的使用,2,1
电学磁学综合,6,1
电学试卷,4,1
电学选器材,3,1
电学难题合集,1,1
电学黑,1,1
电学黑箱,1,1
电容器 带电粒子在电场中的运动,12,1
电容器、电容及平行板电容器的动态分析,8,1
电桥,1,1
电池,1,1
电池电动势和内阻的测量,3,1
电流为什么从正极流出,1,1
电流和电路,2,1
电流的微观表达式,3,1
电源和电流,3,1
电白区三年级英语卷,6,1
电磁动量,1,1
电磁学,7,1
电磁感应100道难题。,2,1
电磁感应一轮专题,2,1
电磁感应一轮好题,6,1
电磁感应一轮好题汇编,2,1
电磁感应专题,2,1
电磁感应专题高考,13,1
电磁感应高考专题,7,1
电磁有效长度,3,1
电磁波,2,1
电磁波及其传播,8,1
电磁组合场,8,1
电磁继电器,4,1
电离平衡,7,1
电解池专题,11,1
电解考点清单鲁科版2019,5,1
电解质复习一轮,1,1
电路串并联,5,1
电路习题,3,1
电路初探,12,1
电路及其应用,4,1
电路和电路图,1,1
电路图 串并画图练习 专题,3,1
电路图专题,5,1
电路图多状态,3,1
电路图练习题,6,1
电路图转实录图,4,1
电路安全,1,1
电路安全取值范围,6,1
电路故障,5,1
电路故障人教版,4,1
电路故障分析与检测专题九上,4,1
电路极值问题,3,1
电路设计专题江苏,4,1
电路设计专题江苏高中,2,1
电路试卷,1,1
电车,1,1
电阻变阻器,2,1
男生,3,1
男生尿尿的地方,2,1
男篮亚洲杯上澳大利亚这支篮坛独角兽的横空出世搅动一池春水争论其去留之际实则叩问什么,3,1
男通一模,1,1
甸柳一小,3,1
界首,25,1
番禺区2025年八年级下册物理期末卷,5,1
番禺区一模历史2022,3,1
番禺区广铁一中,1,1
疃里二中分班考试卷,12,1
疆域默写小纸条,6,1
疏勒县实验学校高二英语暑假作业学生版,1,1
疏附县高一（2025/2026）下学期期末考试语文试卷,4,1
病 句,3,1
病句修改高考真题2025,1,1
登泰山记,3,1
登高,3,1
登高理解性默写突破三关,2,1
白云,2,1
白云区65中桃园校区,1,1
白云区四上数学,1,1
白云区四上语文月考,4,1
白塔中学高二上,4,1
白塔高级中学,1,1
白蒲中学,8,1
白鹭洲中学,2,1
百分数,7,1
百分数习题,1,1
百分比,1,1
百合,1,1
百外期中考试数学,12,1
百川,2,1
百师联盟广东,1,1
百师联盟广东物理,3,1
百师联盟广西,1,1
百师联盟广西适应性考试,1,1
百师联盟广西适应性考试高三,2,1
百师联盟开学摸底联考,14,1
百师联盟物理必修一,2,1
百度一下,3,1
百度网盘,2,1
百强名校,7,1
百强校  高一新生入学分班考试卷,4,1
百强校  高一新生开学考分班考试卷,4,1
百强校八上期末卷,1,1
百悦成龙,2,1
百校,20,1
百校联考中考数学试卷,4,1
百汇大课堂高考总复习物理,7,1
百色九年级数学四月,4,1
百色高二下学期期末物理,3,1
皇姑区,1,1
皇姑区 四年级上学期,3,1
皇姑期末,3,1
皇姑期末语文,1,1
皇姑期末语文九上,2,1
皇姑期末语文八下,3,1
皇镇中学,1,1
皋城中学,9,1
皖中,1,1
皖中高二上学期期中化学,1,1
皖北协作区联考,7,1
皖北县中联盟,3,1
皖南八校 2026届高三,1,1
皖南八校 2026届高三上八月,1,1
皖南八校 2026届高三开学考,1,1
皖南八校开学考,1,1
皖南八校摸底,1,1
皖南八校摸底大联考,3,1
皖南八校高二第一学期期中考试政治试题,1,1
皖智 安徽第一卷2025安徽,1,1
皖智A10联盟物理期末,1,1
皖智化学,1,1
皖江名校联盟高三上开学检测语文,3,1
皖西七校,7,1
皖豫联盟,12,1
皖豫联考gamer,1,1
皖豫联考高二,1,1
益,1,1
益中学校25-26-1阶段性调研,1,1
益智中学,2,1
益阳,14,1
益阳医专单招真题卷,1,1
益阳市2025届高三9月教学质量,2,1
益阳市2025届高三9月教学质量检测 物理,5,1
益阳市2025届高三9月教学质量物理,1,1
益阳市2026届高三9月教学质量检测,9,1
益阳市一中新高一,1,1
益阳市九月考试高三,3,1
益阳市高一,4,1
益阳市高三九月,4,1
益阳市高三九月物理,15,1
益阳市高三九月生物,17,1
益阴市南县一中,3,1
盐城2025届高三考前指导卷,1,1
盐城2025高一五校联考,1,1
盐城25年高一月考,18,1
盐城25年高一期末,1,1
盐城中学高一上10月月考,3,1
盐城中学高一期中试卷,1,1
盐城中学高二上期中试卷,10,1
盐城中学高二期中试卷,2,1
盐城中考,15,1
盐城中考2026,3,1
盐城五校联考高二上学期期末考试,12,1
盐城五校联考高二上学期第二次月考,4,1
盐城分班考,4,1
盐城初一分班考,5,1
盐城小升初分班,1,1
盐城市大丰区月考卷,1,1
盐城市大丰区月考卷数学,1,1
盐城市大丰区月考卷数学高中,3,1
盐城市射阳县初级中学,4,1
盐城市鹿鸣路,2,1
盐城市鹿鸣路七上期末考试试卷,1,1
盐城建湖塘河书院,2,1
盐城建湖秀夫初中,31,1
盐城建湖鹿名路,2,1
盐城建湖鹿铭路,1,1
盐城建湖鹿鸣路,7,1
盐城开学模拟考,1,1
盐城开学考,1,1
盐城月考,7,1
盐城滨海县高二开学模拟考,3,1
盐城滨海县高二数学开学模拟考,2,1
盐城高一期中,5,1
盐城高二上数学月考,1,1
盐城高考,3,1
盐城鹿鸣路,7,1
盐城鹿鸣路月考,2,1
盐湖区实验小学,6,1
盐田高级中学,2,1
盐类水解,1,1
盐类的水解,34,1
盐道街中学,1,1
盐道街中学分班考,5,1
盐酸和碳酸钠反应化学式,3,1
监利实验高中,1,1
盖斯定律,6,1
盘锦中北,2,1
盘锦市,3,1
盘锦市高中高一上,1,1
盘锦市高高级中学高一,2,1
盘龙区2025 2026七年级数学,9,1
盘龙区5年级上学期数学,3,1
盱眙县期末,25,1
直播课堂,1,1
直线与双曲线,24,1
直线与双曲线的位置关系,3,1
直线与圆 培优专项 中档难题,36,1
直线与圆专项测试,2,1
直线与圆单元测试卷,6,1
直线与圆同类型,3,1
直线与圆培优,13,1
直线与圆基础题,3,1
直线与圆的方程单元测试卷,9,1
直线与圆练习,1,1
直线与圆练习单元检测,2,1
直线与圆练习卷子,1,1
直线与圆过定点,1,1
直线与直线的方程,3,1
直线和圆最值,10,1
直线和圆的方程 测试卷,2,1
直线和圆的方程真题,1,1
直线和圆的方程章节测试,17,1
直线方程,12,1
直线的方程,1,1
直线的方程高二,3,1
直线解析,2,1
直线距离公式最值问题,2,1
直线运动,2,1
直线运动2027一轮,2,1
直角三角形讲义,4,1
相互作用,1,1
相互作用 力,2,1
相互作用 力2027一轮复习,1,1
相互作用力第三章大题专项,8,1
相互作用力试卷练习,2,1
相似三角型,1,1
相似三角形与几何综合,4,1
相似三角形八大模型,5,1
相似三角形判定的，常见类型，平行线型斜交型母子型手拉手型133等小型,4,1
相似三角形北师版,27,1
相似三角形北师版辅助线构造,1,1
相似三角形单元测试卷,3,1
相似三角形模型13个模型,5,1
相似三角形模型练习,3,1
相似三角形的几个模型,13,1
相似三角形的几个模型，母子型,1,1
相似三角形的判定,7,1
相似三角形的判定 知识模块一平行线分线段成比例 知识模块二相似三角形的判定,4,1
相似三角形的性质,1,1
相似三角形的性质练习,15,1
相似三角形练习,4,1
相似三角形综合专题练习。,8,1
相似三角形试卷,2,1
相似三角形辅助线构造,7,1
相似三角形预习,3,1
相似八大模型举一反三专项训练,1,1
相似单元测,1,1
相似单元的,1,1
相似图形单元测试卷,11,1
相似形,10,1
相似形单元检测卷,12,1
相似模型 八大题型,8,1
相似模型 常见题型,8,1
相城,2,1
相城区小升初2025分班考,3,1
相对分子质量,2,1
相对原子质量,1,1
相等算式题型,6,1
省10联考,1,1
省丹中,2,1
省丹中提招,1,1
省二高新,2,1
省二高新小升初考试,1,1
省五校联考,5,1
省十教育,4,1
省十联考,1,1
省十联考卷,4,1
省十联考高三,3,1
省实,1,1
省实验e,1,1
省实验月考卷数学,1,1
省实验期末,9,1
省实验高中,2,1
省常中,4,1
省示范高中协作,7,1
省锡中,5,1
省锡中2024九上数学期中试卷,2,1
省锡中中考模拟,1,1
省附新生,5,1
眉山仁寿 八上数学期末卷,6,1
眉山仁寿 八下数学期末卷,2,1
眉山分班考试卷小升初,5,1
眉山分班考试卷小升初分班考,4,1
眉山县学校高一年级期末联考生物试题。,1,1
眉山县级学校高一年级期末联考生物试题。,2,1
眉山县高一年级期末联考生物试题,2,1
眉山市2026中考,2,1
眉山市东坡区2024年数学中考试卷。,3,1
眉山市东坡区2024年物理中考试卷。,4,1
眉山彭山一中26届九月入学考化学,1,1
眉山彭山一九月入学考化学,4,1
眉山高2027届第四学期期末化学,4,1
看图写话练习,5,1
看拼音写汉字,1,1
看拼音写词语,10,1
真光,1,1
真光中学,1,1
真光八上语文,3,1
真实情境,5,1
真实情景,1,1
真题分类,8,1
真题分类汇总,10,1
真题分类汇编,3,1
真题分类汇编25含答案,1,1
真题化学,1,1
真题圈,3,1
真题圈北京,3,1
真题圈小升初,1,1
真题圈数学八下人教版第19章学情调研,9,1
真题期末测试卷,5,1
真题核心词组,2,1
真题汇编,6,1
真题精选,18,1
真题重组卷,8,1
睢中,1,1
睢县高级中学（睢中）一本（特控线）上线率   2026没数据,1,1
睢宁县高级中学南校创培班招生物理试卷,15,1
睢宁高级中学南校创培班招生数学试卷,2,1
瞬时性问题,1,1
矛盾,7,1
矢量三角形,1,1
知行中学,1,1
知识 清单,1,1
知识卡片,3,1
知识填空,11,1
知识复习,8,1
知识扫雷,1,1
知识梳理,1,1
知识清单 素养手册,7,1
知识点历史九上,8,1
知识点梳理,3,1
知识点汇总,23,1
矩形性质与判定复习,5,1
短填,1,1
短填练习,1,1
短填联系,1,1
短文两篇练习题,4,1
短文选词填空,2,1
短歌行理解性默写,17,1
短歌行理解性默写突破三关,3,1
短语,1,1
短语动词,5,1
短语类型,3,1
短语表,1,1
石予小学2023年期末考试试卷,6,1
石光中学,9,1
石化一中,3,1
石嘴山市第一中学,4,1
石嘴山市第一中学2025 2026学年高一年级下,2,1
石嘴山市第三中学,3,1
石嘴山市第九中x,3,1
石室中学二模,2,1
石室中学二诊,3,1
石室分班考,3,1
石室天府,5,1
石室天府中学,3,1
石室天府中学分班考,1,1
石室天府中学小升初,4,1
石室联合,4,1
石室联合中学化学,11,1
石室蜀都分班考,1,1
石家庄2025-2026学年高二第二学期期末,4,1
石家庄2025-2026学年高二第二学期质量检测期末,4,1
石家庄2026,5,1
石家庄2026届普通高中学校毕业年级教学质量检测摸底检测英语,2,1
石家庄2026期末考试试题高二下,3,1
石家庄2026第一次月考,3,1
石家庄24中高一上期末数学试题,4,1
石家庄2中学高二数学上学期第二次月考,6,1
石家庄43中,5,1
石家庄43中第一次月考卷,5,1
石家庄43中英语,1,1
石家庄81中,3,1
石家庄9中数学七年级,1,1
石家庄上学期阶段测,5,1
石家庄东风西路小学三年级上,1,1
石家庄中学高二数学上学期第二次月考,1,1
石家庄二中 英语,1,1
石家庄二中2025 2026期末考试卷,10,1
石家庄二中2025－2026期末考试卷,12,1
石家庄二中2026高一下期末物理,10,1
石家庄二中二模卷,7,1
石家庄二中教育集团20252026学年高一年级下学期期末考试英语试卷,1,1
石家庄二中教育集团西校区,11,1
石家庄二中西,1,1
石家庄二中西校区2025-2026,1,1
石家庄二中西校区2025-2026学年度第二学期6月月考,1,1
石家庄二中高一上一月份期末,1,1
石家庄二中高一期末,7,1
石家庄二中高一物理上学期,3,1
石家庄二中高二数学上学期第二次月考,3,1
石家庄二十八中七上开学考,1,1
石家庄二十八中小升初,1,1
石家庄二十八中开学考,4,1
石家庄二十四,22,1
石家庄各县九月份开学模拟卷,3,1
石家庄各县高二下学期九月份开学模拟卷,8,1
石家庄各县高二升高三九月份开学模拟卷,1,1
石家庄四十中,1,1
石家庄四十中八下,1,1
石家庄四十中八下物理,2,1
石家庄市2025届普通高中毕业年级教学质量检测,7,1
石家庄市2026届普通高中学校毕业年级教学质量摸底检测英语,20,1
石家庄市2026届普通高中学校毕业年级教学质量摸底检测英语听力,6,1
石家庄市2026届普通高中学校毕业年级教学质量摸底检测英语听力音频,48,1
石家庄市二十八中学开学考,4,1
石家庄市八十一中初中分班考小升初试卷数学,3,1
石家庄市新华区,7,1
石家庄市新华区第42中学初一月考卷,5,1
石家庄市第42中初三月考卷,7,1
石家庄市第一中学,2,1
石家庄市第一中学期中,3,1
石家庄市第四十,1,1
石家庄市第四十二中,3,1
石家庄市第四十八中学,2,1
石家庄市精英中学,1,1
石家庄市精英中学开学考,1,1
石家庄市裕华区三年级上,8,1
石家庄开学摸底,1,1
石家庄开学魔都,1,1
石家庄摸底,1,1
石家庄摸底检测英语,3,1
石家庄摸底检测英语高中,2,1
石家庄政治,1,1
石家庄新高二数学开学测,2,1
石家庄新高二英语开学测,3,1
石家庄神兴小学三年级期末,1,1
石家庄第一中学高二数学上学期12月考,18,1
石家庄第一中学高二数学上学期第二次月考,5,1
石家庄精英中学高一上,17,1
石家庄精英中学高一期末,1,1
石家庄精英高一上一月份期末,4,1
石家庄英语,1,1
石家庄英语高二,2,1
石家庄裕华区三年级上期末,2,1
石家庄裕华区三年级期末,3,1
石家庄赵县九上月考卷,1,1
石家庄高考自主招生,1,1
石屏县第一中学,1,1
石岩外国语,6,1
石景山区 2025~2026 第二学期期末政治答案,2,1
石景山区2026年初三统一,2,1
石景山高一上期末数学,1,1
石河子2025年初中学业水平试卷生物,2,1
石港中学,7,1
石狮一中,3,1
石狮一中高一上物理期末试卷,1,1
石狮市,5,1
石碣中学,1,1
石芽岭学,1,1
石英,8,1
石钟山记,6,1
石门,12,1
石门中学集团高要学校,2,1
石门县第一中学,3,1
石门大沥,2,1
石门期末,16,1
石首市文昌小学一年级上册语文期中,13,1
石首市文昌小学一年级上册语文期中试卷,1,1
砀山中学,2,1
砀山县,11,1
砀山四中2024级高二年级上学期期中考试·思想政治,4,1
研究生测试,1,1
研究生高等数学试题,1,1
砚山,6,1
破十法,6,1
破十法专练,2,1
破解空间几何外接球内切球即能切球12体系,3,1
硒锡碲镝,1,1
硚口区10月调考,6,1
硫,1,1
硫一轮复习,3,1
硫的实验题,1,1
碑,1,1
碑林区2025‑2026学年八年级下学期期末语文,3,1
碣石中学,14,1
碳单质的多样性（一）,8,1
磁场人教版,12,1
磁场大题,3,1
磁场对运动电荷的作用力,4,1
磁场物理,1,1
磁场的偏转,3,1
磁场运动,3,1
磁必修三,1,1
磁流体发电机,1,1
磁聚焦与磁发散,2,1
示波器图像,1,1
礼嘉,6,1
社会,1,1
社会主义从空想到科学 从理论到实践的发展练习,5,1
社会主义建设的艰辛探索与曲折发展,8,1
社会主义建设的艰辛探索与曲折发展大题专练,7,1
社会主义的理论与实践,4,1
社会历史的决定性基础,3,1
社会历史的决定性基础语文,4,1
社会现象模拟作文,9,1
社旗县小升初数学试卷,4,1
祁东县七年级,27,1
祁东县初一入学摸底考试,11,1
祁东县摸底考试,1,1
祁东县新初一入学摸底考试,1,1
祁东县新初一入学考试,22,1
祁东县清源中学,108,1
祁阳一中,8,1
祈使句,9,1
神州智达,6,1
神州路,4,1
祥和,11,1
福九,4,1
福九联盟,1,1
福九联盟2025‑2026学年高二第二学期期末适应性练习 英语,3,1
福九联盟物理,1,1
福九联盟物理高一上,2,1
福安2425学年下教学质量阶段抽测除二,10,1
福山区九年级上学期期中考试化学试卷,3,1
福州 02 026 5月质检,4,1
福州 8月市质检高三,6,1
福州 开门测,1,1
福州 数学开门测,1,1
福州 期中,5,1
福州19中,1,1
福州20252026,33,1
福州2025数学第一次质检,1,1
福州2025数学第一次质检高3,1,1
福州2025数学第一次质检高中,1,1
福州2025高三第一次质检英语,3,1
福州3月,1,1
福州一中 2025 2026高三上,5,1
福州一中 2025 2026高三上数学期末,3,1
福州一中 2025 2026高三上物理,6,1
福州一中 2025 2026高三下物理,1,1
福州一中开学考,8,1
福州一中开门考卷,5,1
福州一中自主招生考试试卷,3,1
福州一中高一期末试卷,14,1
福州一中高二,2,1
福州一中高二上学期卷,1,1
福州一中高二上学期数学卷,9,1
福州一中高二上学期期中数学卷,2,1
福州一检作文,1,1
福州一检化学,1,1
福州一检化学2023,3,1
福州一检生物,1,1
福州一检语文,7,1
福州一检语文作文,3,1
福州一检高三上生物,2,1
福州一检高三上英语,5,1
福州一模英语,1,1
福州七年级下册数学期末,6,1
福州七年级下册数学期末适应性练习,4,1
福州七年级入学考试,1,1
福州三中2025,3,1
福州三中2025 2026学年第二学期期末考试,1,1
福州三中s,1,1
福州三中英语.,1,1
福州中考一模英语,1,1
福州中考一模英语2026,1,1
福州中考二检英语2025,1,1
福州中考语文模拟,3,1
福州九上化学开学,1,1
福州九上化学期中考,5,1
福州九上期中考,1,1
福州九上期中考数学,7,1
福州九上期中考物理,3,1
福州九上期末市质检数学,5,1
福州九上期末市质检物理,2,1
福州九下英语一模,1,1
福州二中,1,1
福州二中数学,1,1
福州二中月考,1,1
福州二中高一上物理期中试卷,7,1
福州二中高二上数学,3,1
福州二中高二月考,1,1
福州二中高二第一次月考,1,1
福州二检,3,1
福州二模,2,1
福州五五说质检英语,3,1
福州五月质检,13,1
福州仓山卷,6,1
福州作文,8,1
福州入学考试,1,1
福州八上英语开门考,2,1
福州八年级上学期期中数学真题卷,2,1
福州八年级英语开门考,4,1
福州初一,3,1
福州初三英语,3,1
福州初二期中,21,1
福州初二期中 福清,1,1
福州初二期末,5,1
福州初二英语开门考,1,1
福州十九中,1,1
福州厦门六上期末数学卷,10,1
福州四中高二,1,1
福州小升初试卷,2,1
福州屏东中学,24,1
福州屏东中学2025~2026学年第二学期期中试卷八年级语文答案,1,1
福州市2024 2025高三第一次质量检测化学,1,1
福州市2024-2025高三第一次质量检测化学,9,1
福州市2025 2026高三质检语文上学期第一次,3,1
福州市2025高三第一次质检英语,1,1
福州市2026届高三毕业班4月适应性练习英语,6,1
福州市2026届高中适应性练习,2,1
福州市一中,1,1
福州市一检,1,1
福州市三十九中初二下学期数学试卷,1,1
福州市九年级上学期化学期中,1,1
福州市九年级上学期数学期中,3,1
福州市九年级物理十五章,1,1
福州市数学市质检,1,1
福州市第一次质检,1,1
福州市第一次质量检测,8,1
福州市第三中学,4,1
福州市质检数学初三,1,1
福州市质检英语,1,1
福州市质检高三,3,1
福州市金山中学第一次月考,1,1
福州市金山中学高一数学第一次月考,2,1
福州市马尾区九年级期初道法,1,1
福州市马尾区八年级下册期初道法,7,1
福州市马尾区初三学初,1,1
福州市马尾区初三期初道法,1,1
福州市高三8月质检,3,1
福州市高三上质检,5,1
福州市高三化学,1,1
福州市高三化学25,2,1
福州市高三化学25质量检测.,1,1
福州市高三年级第一次质量检测8月,1,1
福州市高三数学第一次质量检测,1,1
福州市高三质检,4,1
福州市高三质检一,1,1
福州市高中毕业班第二次质量检测 物理,1,1
福州市高中毕业班质量检测 物理,3,1
福州市高级中学,1,1
福州市高级中学高二数学试卷,10,1
福州师范大学附属中学,1,1
福州延安,14,1
福州延安九上英语期中卷,7,1
福州摸底考,6,1
福州数学中考一检,2,1
福州数学中考一模,11,1
福州数学质量检查考试,1,1
福州时代,4,1
福州时代中学,4,1
福州格致中学,12,1
福州格致中学8月,1,1
福州格致中学高一月考卷,2,1
福州清华附中物理,6,1
福州物理市一检,6,1
福州生物,9,1
福州省福州市第一中学2022-2023九年级上学期数学期末试卷,1,1
福州福九联盟 高一 期中 期末,15,1
福州福九联盟 高一 期末,2,1
福州福九联盟 高一上学期 期末,4,1
福州第11中学2025到2026学年第二学期高二年级期末考试物理试卷,13,1
福州第一中学,1,1
福州第七中学琴亭校区,1,1
福州第八中学,2,1
福州第十中学2024学年高一年级第一次月考,5,1
福州第四中学,1,1
福州罗源2025—2026,3,1
福州罗源民族小学,5,1
福州质量检测,1,1
福州金山中学,2,1
福州闽侯县七年级上册数学期中试卷,1,1
福州闽侯县七年级上册英语期中试卷,2,1
福州闽侯县七年级上册语文期中试卷,1,1
福州闽侯新生分班考试,2,1
福州高一上第一次月考数学高新区第一中学,2,1
福州高一上第一次月考英语,1,1
福州高三8月份,9,1
福州高三一检,1,1
福州高三一检8月份质检,1,1
福州高三一模,1,1
福州高三年级第一次质量检测生物,1,1
福州高三数学8月一检,3,1
福州高三数学一检,1,1
福州高三第一次质检,3,1
福州高新区,1,1
福建 英语 单元测评 满分150 听力三节 健康,3,1
福建2024 2025高三第一次质量检测化学,9,1
福建2024-2025高三第一次质量检测化学,3,1
福建2024年6月学业水平合格性考试政治真题,2,1
福建2025年1月学业水平合格性考试语文真题,3,1
福建2025年6月学业水平合格性考试政治真题,1,1
福建2025年6月学业水平合格性考试语文真题,1,1
福建2025年学业水平合格性考试语文真题,1,1
福建20269年级下册期末数学试卷,3,1
福建2026中考,5,1
福建2026九年级下册期末数学试卷,7,1
福建2026年1月学业水平合格性考试语文真题,2,1
福建8年级数学,4,1
福建8年级数学综合测试卷,29,1
福建8年级物理期末试卷,51,1
福建8年级物理综合卷,1,1
福建一模,3,1
福建一模试卷英语,2,1
福建七下欢乐暑假作业,2,1
福建七年级上学期阶段检测,1,1
福建三年级下学期期末,2,1
福建三明,3,1
福建三明化学,4,1
福建三明市一检2015真题和答案,1,1
福建三明市高三市一检2015真题和答案,2,1
福建专用,9,1
福建中考物理,1,1
福建中考语文2021年,8,1
福建中考语文模拟,2,1
福建中考语文质检,1,1
福建中考语文阅读专项,2,1
福建九上英语期中卷,1,1
福建九年级上学期阶段检测,8,1
福建九年级物理,1,1
福建五年级下册数学,1,1
福建八年级上学期期末,9,1
福建六年级上学期升学模考,2,1
福建化学2026高考真题,3,1
福建化学质检卷,1,1
福建化学质检卷高三,13,1
福建北京师范大学附属中学,1,1
福建北大附中,1,1
福建北附学校,14,1
福建南平2026语文七下期末备考,7,1
福建厦门一中高一上物理月考,2,1
福建厦门市2025‑2026学年第二学期高二年级期末阶段性练习 物理（2026.7）,3,1
福建厦门湖里,2,1
福建名校联盟2026届高中毕业班适应性练习数学试,1,1
福建地理高考卷,1,1
福建宁德2025-2026物理,1,1
福建宁德2025-2026物理高二期末,1,1
福建宁德2026,5,1
福建宁德七年级下学期期末  数学,8,1
福建宁德七年级下学期期末  语文,3,1
福建宁德七年级下学期期末  道法,9,1
福建师范大学仙游附属学校,3,1
福建平潭一中九年级物理电学,3,1
福建开学	福建省部分学校2026届高三上学期9月 开学考试数学试卷,1,1
福建政治开学考,1,1
福建政治高三,1,1
福建期末考试高二,4,1
福建模块复习试题,6,1
福建永春第一中学,1,1
福建永春第一中学本部,2,1
福建泉州外国语学校2026~2027高一上,2,1
福建泉州市2022-2023学年下学期期末高一参考试题数学,2,1
福建泉州市2023-2024学年下学期期末高一参考试题数学,2,1
福建泉州市2024-2025学年下学期期末高一参考试题数学,2,1
福建泉州市八年级数学,5,1
福建泉州市永春县2026年春八年级期末质量检测,1,1
福建泉州泉港区物理期末卷2026,1,1
福建泉州百校联考,1,1
福建泉州百校联考9月,3,1
福建清华附中,5,1
福建漳州 八年级上册 语文,1,1
福建漳州 八年级上册 语文教案,1,1
福建漳州2025届高三毕业班第一次质量检测物理,5,1
福建漳州9月份一检政治,1,1
福建漳州9月份一检政治高中,4,1
福建漳州市2025-2026学年上学期期末高中教学质量检测+高三化学试题,1,1
福建漳州高三第一次质检物理2025,6,1
福建漳州高三第一次质检生物2025届,6,1
福建漳州高三第一次质量检测生物2022,1,1
福建物理,1,1
福建物理质检卷高三,9,1
福建生物质检卷高三,5,1
福建省 2024年6月 高一合格性考试 生物,6,1
福建省 2026届高中毕业班4月适应性练习,1,1
福建省 2026年1月 高一合格性考试 化学,3,1
福建省2026届高中毕业班4月适应性练习,7,1
福建省2026届高中毕业班适应性测试,1,1
福建省4月,5,1
福建省一模,2,1
福建省三明市化学,2,1
福建省三明市沙县区2024~2025第一学期。8年级上册期中考卷子地理。,6,1
福建省中考2026年试卷,1,1
福建省中考模拟一模数学,39,1
福建省中考英语试卷,1,1
福建省中职学考,5,1
福建省九年级上开学考数学,1,1
福建省九年级上开学考物理,6,1
福建省八年级上册语文期中模拟考卷,4,1
福建省六地市2026届高三上学期高中毕业班模拟测试政治试题,2,1
福建省六地市2026届高三上学期高中毕业班模拟测试政治试题 未下载 ｜ 共2份附件 单卷购买6元 会员免费  题目  答案  马上登录下载试卷和答案,1,1
福建省初中分班考2026,1,1
福建省化学顶尖课课练,1,1
福建省化学顶尖课课练九年级上册,1,1
福建省化学高考,2,1
福建省南平市2025 2026学年高一下学期期末质量检测,11,1
福建省南平市九上数学第一章卷子试题,1,1
福建省厦门市科技中学九年级英语上期中考试,6,1
福建省厦门市翔安区诗坂中学2025至2026学年七年级下册期末考试卷数学,1,1
福建省厦门市翔安区诗坂中学2025至2026学年八年级上册期末考试卷数学,3,1
福建省厦门市集美中学高一上开学考,8,1
福建省厦门市集美中学高一开学考,1,1
福建省厦门市高一上册化学第一次月考试题,4,1
福建省厦门市高一上册期中英语试题,3,1
福建省厦门市高一上册期末英语试题,1,1
福建省厦门市高一上册物理第一次月考试题,2,1
福建省厦门市高一上册生物第一次月考试题,3,1
福建省厦门市高一上册笫一中学物理第一次月考试题,4,1
福建省厦门第一中学2025-2026学年高三(下)校适应性练习,6,1
福建省厦门第一中学2025到2026学年上学期10月月考高三化学,3,1
福建省厦门第六中学高二上10月考,5,1
福建省厦门第六中学高二上9月考,1,1
福建省厦门第六中学高二月上考,3,1
福建省宁德市初一入学真题试卷,2,1
福建省宁德市高级中学,1,1
福建省宁德市高级中学日语,4,1
福建省普通高中政治学业水平考试,6,1
福建省普通高中数学学业水平考试,6,1
福建省永春县第一中学,10,1
福建省泉州市,4,1
福建省泉州市 2026年数学质检,2,1
福建省泉州市2024～2025学年高一下学期期末考试语文试卷,5,1
福建省泉州市2026～2026学年高三上学期第一次质量检测英语试卷,2,1
福建省泉州市二年级单元测,1,1
福建省泉州市晋江学校九年级上册期末模拟卷 2025~2026年 数学,6,1
福建省泉州市晋江市晋江一中教育集团2025~2026学年七年级下学期末数学试题,1,1
福建省泉州市泉港区,1,1
福建省泉州市泉港区 入学,3,1
福建省泉州市泉港区入学测,1,1
福建省泉州市第五中学,10,1
福建省泉州市试卷,4,1
福建省泰宁县的自然环境,1,1
福建省漳州市2025届高三毕业班第一次教学质量检测,2,1
福建省漳州市2025届高三毕业班第一次教学质量检测物理试题,7,1
福建省漳州市2026届高三上学期第一次教学质量检测化学试题,6,1
福建省漳州市2026届高三第一次质量检测 物理,3,1
福建省漳州市2026届高三第一次质量检测 生物,4,1
福建省漳州市2026～2026学年高三上学期第一次质量检测英语试卷,1,1
福建省漳州市2026～2026学年高三第一次质量检测英语试卷,1,1
福建省物理,18,1
福建省百强校高一期末试卷,3,1
福建省省检,1,1
福建省省检高三数学,1,1
福建省福州一中,4,1
福建省福州一中高二,1,1
福建省福州外国语学校2026届高三模拟预测英语试题（2025‑2026校模拟卷）,1,1
福建省福州市,2,1
福建省福州市2025到2026学年高三上学期第一次质量检英语,2,1
福建省福州市2026～2026学年高三上学期第一次质量检测英语试卷,3,1
福建省福州市一模,13,1
福建省福州市中学高三10月份月考数学试卷,9,1
福建省福州市五年级下学期语文基础训练,5,1
福建省福州市笫一中学试卷,2,1
福建省福州市第一中学,1,1
福建省福州市高三上学期第一次质量检测,1,1
福建省福州第一中学高三开门考,8,1
福建省福州第十六中学教育集团,5,1
福建省第一次高三质检,9,1
福建省考化学高三统考,2,1
福建省考化高三统考,1,1
福建省考数学,11,1
福建省考物理高三统考,2,1
福建省考生物高三统考,2,1
福建省莆田哲理,11,1
福建省莆田市哲理,1,1
福建省莆田市第四中学,2,1
福建省质检,4,1
福建省高三市质检,7,1
福建省高三质检数学2026,4,1
福建省高考物理,1,1
福建省高考物理2026,3,1
福建省龙岩市2025-2026学年高一下学期 期末监测化学试题,2,1
福建省龙岩市2025-2026学年高一下学期 期末监测物理试题,4,1
福建省龙岩市2025-2026学年龙岩二中第一次数学考试卷,7,1
福建省龙岩市2025-2026学年龙岩二中第一次物理考试卷,9,1
福建省龙岩市新罗区2024-2025学年七年级上学期11月期中考试数学试题,2,1
福建省龙岩市新罗区八上月考锦山,1,1
福建省龙岩市新罗区八上英语试卷,3,1
福建省龙岩市新罗区小升初分班考,1,1
福建省龙岩市新罗区新初一分班考,1,1
福建省龙岩市新罗区龙岩二中第一次月考2025到2026学年八年级上册,43,1
福建福州一中2025‑2026学年高一必修三模块检测卷英语,16,1
福建福州一中期中,10,1
福建福州期中,2,1
福建福州福清,8,1
福建福州连江一中开学考,3,1
福建福州马尾区生物初一试卷,1,1
福建福州高三第一次调研,1,1
福建福州高三第一次质量检测英语,7,1
福建福州高级中学2026-2027学年高三上学期8月适应性考试数学试题,1,1
福建第一轮,2,1
福建第一轮安溪,5,1
福建英语,1,1
福建英语中考,1,1
福建英语高二,11,1
福建莆田市2026届高三第2次质量检测生物,8,1
福建莆田市2026届高三第2次质量检测生物学,7,1
福建莆田市初二上,3,1
福建莆田市初二上数学期中,1,1
福建莆田第四中学,11,1
福建莆田高三一月质量检测,6,1
福建语文质检,6,1
福建语文高中模拟高考,29,1
福建连城期末复习,1,1
福建闽侯六中八年级上册,7,1
福建闽侯六中八年级上册数学,5,1
福建阶段检测,3,1
福建高一上学期undefined,8,1
福建高一上学期学考,1,1
福建高一下学期期末,12,1
福建高一下学期期末英语试卷,1,1
福建高一入学分班考,1,1
福建高三,8,1
福建高三上物理,1,1
福建高三上生物,1,1
福建高三地理,3,1
福建高三期末统考数学,1,1
福建高三第一次质量检测,2,1
福建高中 学业考试数学,1,1
福建高中学业水平合格考物理,1,1
福建高中学业水平合格考语文,1,1
福建高中政治学业水平题纲,8,1
福建高中毕业班,5,1
福建高中毕业班三模,4,1
福建高中物理会考知识点,1,1
福建高中语文学考,1,1
福建高中语文学考试卷,1,1
福建高二上学期期中,11,1
福建高考历史,1,1
福建高考历史2026,1,1
福建高考物理,1,1
福清,7,1
福清一检,1,1
福清市,1,1
福清市20205-2026生物八上期中,14,1
福清市2024-2025生物八上期中,4,1
福清市2024-2025生物八上期末,3,1
福清市2025-2026八年级上册数学期中卷,2,1
福清市2025-2026学年第二学期高二英语,1,1
福清市八年级上期中,3,1
福清市八年级上期中语文,2,1
福清市长乐20205-2026生物八上期中,3,1
福清市长乐20205-2026生物八上期末,2,1
福清市闽侯20205-2026生物八上期中,2,1
福清开门考,6,1
福清期末,2,1
福田中学开学考,1,1
福田八上期末数学,3,1
福田区,9,1
福田区外国语,2,1
福田区数学,5,1
福田区红岭中学深圳市2025~2026九年级上期中道法,12,1
福田区英语,2,1
福田区英语中考,7,1
福田区英语模拟考试,7,1
福田区英语适应性考试,7,1
福田外国语,9,1
禹城一中开学考,3,1
禹城一中月考,1,1
禹城高三开学考,2,1
禹王台实验中学分班考试试卷,2,1
离子 反应2025 复习一轮,2,1
离子 反应2025 必修一高一,4,1
离子化合物,1,1
离子反,3,1
离子反应2026,7,1
离子反应、离子方程式,5,1
离子反应、离子方程式题目,2,1
离子反应一轮复习,2,1
离子反应方程式,1,1
离子反应方程式的书写,3,1
离子反应综合练习,2,1
离子平衡,3,1
离子方程式判断正误,8,1
离子方程式正误判断,3,1
离子检验,2,1
离心率,12,1
离心率专题,8,1
离心率的求解以及范围问题,5,1
离骚,5,1
离骚一轮复习,3,1
秀屿区毓英中学,1,1
秀屿区毓英中学八上物理,3,1
秀峰,1,1
私立广厦,3,1
种树郭橐驼传,1,1
种树郭橐驼传理解性默写,3,1
科创,2,1
科学书,1,1
科学八年级下册期未试卷温州,25,1
科学期末八下诸暨,5,1
科技中学,2,1
科技实验中学,10,1
科技高中,1,1
科普版七年级英语词组,3,1
科特,1,1
科粤版九年级上册化学第七元《溶液》单元检测一,11,1
科粤版九年级上册化学第七元《溶液》单元检测一试卷,1,1
科粤版九年级上册第七元《溶液》单元检测一,7,1
科粤版（2024）九年级上册《第七单元 溶液》2025年单元测试卷（1）,11,1
秒表读数,11,1
秦淮一中,4,1
秦淮中学,8,1
秦皇岛  开学考,6,1
秦皇岛  高一 道法,3,1
秦皇岛 开学考,1,1
秦皇岛 生物,1,1
秦皇岛 生物 高一,5,1
秦皇岛 高一上,2,1
秦皇岛实验中学,6,1
秦皇岛市抚宁区分班考,1,1
秦皇岛市抚宁区分班考卷子,1,1
秦皇岛市抚宁区小升初考试试卷,1,1
秦皇岛海港区七中七年级下学期期末2023,1,1
秦皇岛海港区七中八年级上学期期末2023,4,1
秦皇岛海港区八年级下学期英语试卷,6,1
秦皇岛那天20,1,1
程集中学,2,1
税务师,1,1
稳态与调节,4,1
稷山县,1,1
稼轩初中八下期末摸拟,22,1
稼轩初中八下期末考试,2,1
稼轩初中分班考,2,1
空气与氧气,1,1
空气和氧气单元检测,1,1
空气和氧气预习,26,1
空间几何,15,1
空间几何体,1,1
空间几何体 表面积体积,5,1
空间向量 0 一轮复习基础专题,3,1
空间向量与几何立体,9,1
空间向量与立体几何基础篇,1,1
空间向量与立体几何基础篇人教B,4,1
空间向量与立体几何章末检测,4,1
空间向量与立体几何章末检测（基础篇）-2022-2023学年高二数学上学期同步知识梳,1,1
空间向量人教B版,5,1
空间向量公式,3,1
空间向量及运算,2,1
空间向量及运算题目,2,1
空间向量基础题,1,1
空间向量大题,10,1
空间向量大题专练,11,1
空间向量大题专题汇编 PDF,4,1
空间向量拔高,2,1
空间向量讲义,3,1
空间向量证明平行和垂直与距离,4,1
空间向量贵州,1,1
空间向量距离,1,1
空间向量难题,3,1
空间角的概念及其计算,4,1
空间证明题,5,1
突破三关,1,1
突破课堂,3,1
窗外作文,3,1
立人八上七中,1,1
立体几何 专题大题,5,1
立体几何与空间向量专项,2,1
立体几何与空间向量专项（选一,4,1
立体几何与空间向量复习,3,1
立体几何与空间向量角度和距离,5,1
立体几何专项,7,1
立体几何专项练习,3,1
立体几何专题免费,2,1
立体几何专题免费复习,7,1
立体几何中的体积,1,1
立体几何中的内切球问题,3,1
立体几何体积,1,1
立体几何向量,2,1
立体几何向量大题,1,1
立体几何向量方法练习,11,1
立体几何和空间向量重难题,3,1
立体几何垂直证明,9,1
立体几何复习,3,1
立体几何复习题,5,1
立体几何大题五种高考常见考法归类,10,1
立体几何小题,3,1
立体几何平行daei,1,1
立体几何平行大题,6,1
立体几何平行大题综合,2,1
立体几何正余弦定理,3,1
立体几何的位置关系,8,1
立体几何的判定和性质,4,1
立体几何空间角,4,1
立体几何竞赛大题,3,1
立体几何证明题,4,1
立体几何难题,2,1
立体几何高一,3,1
立体几何高考真题,3,1
立体图形,1,1
立体图形分析,1,1
立信2026年初一模拟卷,6,1
立信2026年初三模拟卷,1,1
立信中学,1,1
立志,4,1
立志中学,9,1
立达,15,1
立达中学八年级数学,1,1
竖直上抛,16,1
竖直上抛专项练习,2,1
竖直上抛的规律和应用,2,1
竖直上抛运动期末复习,3,1
竖直上抛运动物理期末复习,1,1
竖直圆周临界,1,1
竖直圆周运动 绳模型 恰好通过最高点 动能定理 高一 大题,2,1
竖直平抛体,1,1
竖直平面圆周运动 绳杆临界 动能定理综合大题 高一,3,1
站稳人民立场,3,1
竞赛 202 5 年初一数学,1,1
竞赛 202 5 年高中数学,4,1
竞赛 2026学年初中数学竞赛,1,1
竞赛 2026学年初中数学竞赛八,4,1
竞赛 2026学年初中数学竞赛八年级,4,1
竞赛 三年级下 数学,1,1
竞赛 四年级上 数学,3,1
竞赛 学年初中数学竞赛,7,1
竞赛专题,3,1
竞赛专题讲义,1,1
竞赛化学高中,7,1
竞赛卷,7,1
竞赛数学初中,4,1
竞赛题初中数学,7,1
竞赛高中数学,7,1
竟然2026妄想期末数学考试试卷,1,1
章丘四中学校,1,1
章丘第四中学四中学校,2,1
章末检测,1,1
章节选题,1,1
章贡,11,1
章贡区赣州市七上语文期末,2,1
章贡区赣州市期末七下,1,1
童年,1,1
童年动画测试卷,2,1
端州,9,1
端州区,17,1
端点效应,4,1
端点效应（先猜后证-必要性探索）在导数中的应用,5,1
竹山中学分班考,5,1
竹溪县第二高级中学,3,1
第 1 章 高二上学期物理人教 A 版 选择性必修二,6,1
第 1 章 高二物理人教 A 版 选择性必修二,2,1
第 10 章 高二物理人教 A 版 选择性必修一,2,1
第 39 届奥林匹克竞赛化学初赛,2,1
第 四单元4单元 测试卷,20,1
第01讲,17,1
第01讲 神经调节的结构基础,8,1
第01讲神经调节的结构基础,5,1
第02,4,1
第02练 匀变速直线运动基本规律 积累整合 基础过关练,6,1
第02讲 神经调节的结构基础,1,1
第02讲匀变速直线运动的规律及应用,13,1
第02讲醉翁亭记解析版,1,1
第02课 1千米有多长(导学案)新三年级数学暑假自学课(北师大版·新教材),2,1
第03讲,3,1
第03讲 5.3不同价态含硫物质的转化,6,1
第04讲抛物线,4,1
第04讲数列的通项公式,3,1
第04讲状语从句,4,1
第04讲状语从句试题,1,1
第05讲,5,1
第06讲函数的图像适应性联系练习,3,1
第07讲,4,1
第07讲陈,1,1
第07讲陈涉世家,1,1
第08讲,3,1
第08讲 命题、定义、定理与证明(知识梳理+3课本习题典例+9题型+过关检测)（暑假预习讲义）新八年级数学新教材华东师大版,1,1
第09讲,4,1
第09讲常见的天气系统和天气（专项训练）（全国通用）高考地理一轮复,4,1
第09讲诗词曲五首,1,1
第10讲,1,1
第10讲沁园春,1,1
第11章 电路、电流,1,1
第12章整本书阅读唐诗三百首,3,1
第13章三角形章末检测卷,6,1
第14讲,2,1
第14讲 热机与内能暑假自测版物理九上,1,1
第16讲,1,1
第18讲,1,1
第19讲整本阅读之红星照耀中国,4,1
第1单元语文,1,1
第1单元语文九上,3,1
第1次月考,33,1
第1章空间向量与立体几何（16考点+7易错）,1,1
第1讲指导思想习近平新时代中国特色社会主义思想课件,5,1
第1讲物质的组成、性质和转化,2,1
第1讲物质的组成性质和转化,1,1
第2.3节声的利用,2,1
第20讲 功和功率（复习讲义）（广东专用）2027年高考物理一轮复习讲练测,3,1
第21章二次函数与反比例函数单元卷2026-2027学年数学沪科版九年级上册,9,1
第21讲机械能守恒定律,3,1
第22讲,4,1
第22讲 生物变异,6,1
第22讲 碳单质的多样性（一）（暑假培优讲义）新九年级化学新教材,2,1
第22讲碳单质的多样性（一）,8,1
第29章圆,1,1
第2单元综合素养提优卷，一年级下册,3,1
第2单元英语四年级下册,1,1
第2章组成细胞的分子单元自测高效培优,1,1
第31—32课期末练习试卷2024-2025高中日语新标准日语初级下册,9,1
第31—32，课期末练习试卷高中日语新标准日语初级下册,1,1
第33,4,1
第33讲静电场中力的性质,3,1
第38届中国奥林匹克（初赛）暑假全真模拟测1,1,1
第39-42物理奥林匹克竞赛复赛试卷和答案,10,1
第39届中国奥林匹克（初赛浙江省赛区联考1,7,1
第3章 2交变电流的描述,2,1
第3章基因工程（专项训练）（原卷版）,2,1
第3章基因工程（知识清单）,4,1
第42届全国中学生物理竞赛复赛试题,4,1
第43届全国中学生物理竞赛决赛,1,1
第49讲带电粒子在组合场中的运动,1,1
第4单元,2,1
第4节 电阻的串联和并联（高效培优讲义）物理沪科版（五四学制）2024九年级上册,1,1
第55讲,3,1
第66讲  二项式定理,1,1
第66讲二项式定理,3,1
第一个月考试卷,1,1
第一中学一段考,3,1
第一单元a卷.,1,1
第一单元八上道德与法治,2,1
第一单元初二上册数学,1,1
第一单元化学九年级上册,1,1
第一单元化学九年级上册课件,1,1
第一单元化学高一上,1,1
第一单元数学九上,5,1
第一单元测试卷,2,1
第一单元测试卷-【新课程能力培养】高中语文选择性必修上册(统编版),1,1
第一学期期末,6,1
第一学期浙江省七彩阳光,3,1
第一学期浙江省七彩阳光高三,5,1
第一张空间向量与立体几何强化（原卷版）,12,1
第一教育新高一假期质检数学,1,1
第一次 月考新疆,1,1
第一次市质检,9,1
第一次月考九年级成都,1,1
第一次月考北师大,1,1
第一次月考卷,26,1
第一次月考模拟卷,15,1
第一次月考综合完形填空,5,1
第一次月考高二上学期,10,1
第一次质量检测,6,1
第一次阶段检测,10,1
第一章  三角形初步知识易错提分练,1,1
第一章  三角形初步知识易错提分练浙教版,2,1
第一章  三角形初步认识,8,1
第一章 空间向量与立体几何 高二数学人教 A 版选择性必修一,12,1
第一章 空间向量与立体几何章末检测（基础篇）-2022-2023学年高二数学上学期同步知识梳,10,1
第一章 走进物理世界 2025-2026学年沪粤版（2024）物理八年级上册,18,1
第一章分子动理论单元检测,15,1
第一章到第八章,2,1
第一章数学,10,1
第一章数学高一,23,1
第一章空间向量与立体几何,2,1
第一章空间向量与立体几何强化（原卷版）,1,1
第一章空间向量与立体几何章末检测（基础篇）-2022-2023学年高二数学上学期同步知识梳,13,1
第一章，空间向量与立体几何，高二数学人教 A 版选择性必修一,1,1
第一讲地球与地图,7,1
第一讲平方根与立方根,11,1
第一讲平方根与立方根三大知识点与七大题型,2,1
第一试卷,2,1
第一轮质检,5,1
第七协作体高二上期中数学卷,1,1
第七章 复数（高效培优单元自测·强化卷）数学人教A版高一必修第二册,4,1
第七章万有引力与航天,7,1
第三单元 课内成语与作文素材背诵 2025-2026学年统编版高一语文必修下册,2,1
第三单元语文,3,1
第三章 圆 高效培优单元自测强化卷 数学新教材苏科版九年级上册,7,1
第三章 圆锥曲线 高二数学人教 A 版选择性必修一,15,1
第三章 圆锥曲线的方程 高二数学人教 A 版选择性必修一,5,1
第三章 金属及其重要化合物鲁科版钠,2,1
第三章位置与坐标单元测试卷,4,1
第三章函数的概念与性质,3,1
第三章基因工程（专项训练）,3,1
第三章相互作用力 章节复习,10,1
第三章金属及其化合物,3,1
第三章金属及其化合物（综合训练）,4,1
第九中学,1,1
第九章,1,1
第九章专项练习,1,1
第九章：静电场及其应用单元检测（A卷）,9,1
第九章：静电场及其应用单元检测（A）,1,1
第二,1,1
第二三,1,1
第二中学,5,1
第二中学高二上化学第一次月考,2,1
第二十一章 四边形,1,1
第二十一章 电磁波及其应用,1,1
第二十七章 反比例函数,8,1
第二十三届中国东南地区奥林匹克数学竞赛,4,1
第二十二章 二次函数,9,1
第二十五章一元二次方程单元,1,1
第二单元 三角形的再认识,2,1
第二单元 圆的认识#小程序://学科网/gHZc9T7v7AaHTre#小程序://学科网/gHZc9T7v7AaHTre,5,1
第二单元 圆的认识（一）,2,1
第二单元 圆的认识（一）（同步练习）,6,1
第二单元 空气和氧气,4,1
第二单元北师大,1,1
第二单元名著导读《红星照耀中国》训练周计划 2025-2026学年统编版语文八年级上册,7,1
第二单元核心素养,1,1
第二单元核心素养能力练习,2,1
第二南开,1,1
第二南开学校,3,1
第二学期期末,6,1
第二学期期末综合练习,6,1
第二次学业质量检测,1,1
第二次月考,26,1
第二次调研考试,2,1
第二章 一元二次函数、方程和不等式,2,1
第二章 函数与基本初等函数,4,1
第二章 函数与基本初等函数 综合训练,1,1
第二章 直线和圆的方程 单元检测卷,1,1
第二章 直线和圆的方程 单元检测卷（新高考，苏教版适配）,1,1
第二章 直线和圆的方程 高二数学人教 A 版选择性必修一,5,1
第二章声现象单元单元测,2,1
第二章声现象单元单元测试卷,4,1
第二章组成细胞的分子·高效培优,10,1
第二章组成细胞的分子单元自测,2,1
第二节椭圆的简单几何性质及,1,1
第二节椭圆的简单几何性质及应用,2,1
第二讲 多项式原卷版,2,1
第二高级中学深山汕实验学校,1,1
第二高级中学深汕实验学校,3,1
第五单元 第3课时 比的化简,3,1
第五单元 第3课时 比的化简（分层作业）,10,1
第五单元！ 第3课时,1,1
第五子联盟,1,1
第五子联盟数学,9,1
第五子联盟数学期中,4,1
第五章测试,5,1
第五章环境与发展,1,1
第五章环境与发展考点通关,5,1
第八章力和运动基础卷,8,1
第八章立体几何初步,8,1
第六次作业《过秦论》,9,1
第六章平面向量及其应用,1,1
第六章平面向量及应用复习课件，高一数学人教a版必修第二册,1,1
第六章平面向量及应用，复习课件,1,1
第六章平面向量及应用，复习课件，,1,1
第六章测试,3,1
第十一章,1,1
第十一章物理,6,1
第十一章物理人教版,6,1
第十一章空间向量,5,1
第十七中,1,1
第十三章,1,1
第十二章,4,1
第十八中学,12,1
第十八中学分班,3,1
第十四章,5,1
第十四章 全等三角形,6,1
第四单元欧姆定律,9,1
第四单元欧姆定律专项,1,1
第四单元知识清单,3,1
第四子联盟数学,23,1
第四子联盟数学期中,3,1
第四实验中学,1,1
第四章交通运输布局与区域发展,1,1
第四章交通运输布局与区域发展靶向提分,1,1
第讲椭圆,5,1
等体积法,2,1
等体积法数学,1,1
等和点,1,1
等和线定理,1,1
等和线定理专题,5,1
等差数列湖南,3,1
等差等比数列基本量,5,1
等效重力,2,1
等比定理,1,1
等比数列,2,1
等级测评卷,1,1
等腰三角形及常见模型,2,1
等量电荷,1,1
等高线,1,1
答司马谏议书理解性默写,4,1
答案2025云南高考化学,1,1
答案及解析,1,1
答谢中书书,3,1
答题卡数学,1,1
答题卡模板数学,9,1
答题卡语文,6,1
答题卡语文高考,3,1
答题模板,6,1
答题模板14数列通项公式构造解题技巧有关的12类核心题型,4,1
答题模板外接球,2,1
答题模版,15,1
简,2,1
简 爱,4,1
简便计算 100道4年级下册,5,1
简便计算专练,1,1
简便计算题专练,1,1
简便运算,4,1
简单几何体外接圆内切圆,6,1
简单机械单元测试卷,2,1
简单机械机械能单元测试卷,14,1
简单的三角恒等变换,3,1
简爱 分章节阅读训练,1,1
简爱第23章全文阅读,1,1
简爱考点,2,1
简爱阅读完成下题,3,1
简谐受迫振动计算题,1,1
简谐运动 专项训练,6,1
简谐运动专题练习,1,1
简谐运动相关专题,1,1
算数,1,1
算术,6,1
管理类联考综合,1,1
箱式八大模型举一反三专项训练,1,1
米勒圆,2,1
米和厘米进度转换,4,1
类文阅读,3,1
类竖直上抛,1,1
粒子在电场磁场中的运动,3,1
粗盐中难溶性杂质的去除,7,1
粤东四校联考数学,6,1
粤教版衡水金卷先享题高一物理同步周测,1,1
粤教版衡水金卷高一物理同步周测,1,1
粤教版高一物理必修一,4,1
粤教版高一物理必修一课时练习,1,1
精准学,4,1
精华学校,4,1
精品专辑,1,1
精品解析 浙江绍兴市柯桥中学,4,1
精品解析: 浙江省杭州市上城区2025学年第二学期期末学业水平监测7年级英语试卷-2,1,1
精品解析四川省成都市彭州市7年级上册数学期末2024至2025,4,1
精品解析山东新高考2022,1,1
精品解析山东新高考2022-2023,1,1
精品解析山东新高考2022-2023学年高一上学期化学,1,1
精品解析山东济南市2025-2026,1,1
精品解析：天津市滨海新区塘沽第一中学2023-2024学年九年级上学期期中数学试题,7,1
精品解析：宁夏回族自治区银川市永宁县第二小学2024-2025学年人教版六年级下学期期末数学试题,1,1
精品解析：山东济南市2025-2026,2,1
精品解析：山东济南市2025-2026高一下学期,1,1
精品解析：山东省济宁市任城区天立学校2025-2026,10,1
精品解析：江苏省常州市第一中学、溧阳中学2026届高三上学期数学联考试卷,3,1
精品解析：江苏省苏州市苏州大学附属中学2025-2026学年高一上学期10月阶段诊断物理试,1,1
精彩三年,3,1
精彩三年英语素养检测卷,4,1
精彩三年选必一,4,1
精彩练习浙教版八年级下册单元质量评价作业，数学科目,1,1
精彩练习浙教版量评价作业，数学科目,1,1
精彩练习浙教版，八年级下册单元质量评价作业，数学科目,1,1
精英中学8年级收心测,4,1
精诚联盟高三开学考第一学期,3,1
精通版,5,1
糖,1,1
糖水,1,1
糖类、油脂、蛋白质,3,1
紅星照耀中国 2026年知识点梳理,2,1
紅星照耀中国知识点梳理,7,1
紅星照耀中国练习题,4,1
紅楼梦,3,1
素养卷,4,1
素养年,1,1
素养监测,1,1
素材,1,1
索资源 打开APP     精品解析：江西省上饶市弋阳县 2025-2026学年下学期期末学业质量监测八年级 数学,3,1
紫云中学,8,1
組卷 网,1,1
組卷网,1,1
綦江区七年级下册期末试卷,9,1
網址鏈接,2,1
繁体,1,1
繁体字biang,2,1
繁华中学,2,1
繁昌一中,5,1
繁昌一中开学考,1,1
繁昌区第一中学,13,1
繁昌区第一中学自招,1,1
繁昌区第一中学自招2024,1,1
繁昌区自主招生考试,2,1
红中,1,1
红军,3,1
红塔中学,3,1
红塔区2025~2026下学期期末七年级历史,1,1
红安一中,1,1
红对勾 2026版大一轮复习物理,9,1
红对勾 2026版大一轮复习物理电子版,2,1
红对勾 2027版,1,1
红对勾 2027版复习,1,1
红对勾 2027版大一轮复习语文34篇文言文一遍过,5,1
红对勾 2027版大一轮复习语文知识清单,4,1
红对勾 2027版大一轮复习语文知识清单60篇必背,4,1
红对勾 2027版高三一轮复习语文,5,1
红对勾2027化学 课时作业,4,1
红对勾2027化学课时作业11,1,1
红对勾讲与练 2026高考英语大一轮复习全新方案 人教版 选择性必修第二册 Unit4 / Unit5,2,1
红对勾语文,2,1
红对勾高考 2026版大一轮复习物理电子版,4,1
红对勾高考一轮复习金卷,8,1
红岩观后感,2,1
红岭教育2025~2026九年级上册期中历,2,1
红岭教育2025~2026九年级上册期中历史,7,1
红岭数学高二,21,1
红岭新高一开学考,1,1
红星照耀中国,3,1
红星照耀中国每一章每一小节的主要内容,5,1
红星照耀中国简介,5,1
红星照耀中国阅读任务单,7,1
红桥,1,1
红桥区,4,1
红桥区九年级上,7,1
红桥区九年级上学期期末化学,1,1
红桥区九年级上开学考,17,1
红桥区期中,6,1
红桥区期末,13,1
红桥区高一上,6,1
红桥区高一上51,1,1
红桥区高一上五十一,1,1
红桥区高一上河北工业大学附属红桥中学,3,1
红桥高三,4,1
红桥高三英语,1,1
红棉,3,1
红楼梦 01 05回 小练卷,1,1
红楼梦 知识点梳理,1,1
红楼梦关键情节,1,1
红楼梦导读 高中专用,11,1
红楼梦情节,6,1
红楼梦改编剧本,1,1
红楼梦诗社评比阅读理解,2,1
红河州,30,1
红河州2023级高一,8,1
红河州2028届高一下期末数学,2,1
红河州、文山州2026届高中毕业生第三次复习统一检测,2,1
红河数学,1,1
红色小说,4,1
红花岗,1,1
红花岗八年级上册月考数学,1,1
约分,1,1
纪雅,3,1
纲要上24课高考真题,3,1
纳溪高中入学分班考试卷,16,1
纵横语文,5,1
纵横语文高考,3,1
线上练,1,1
线平行面,1,1
线性回归方程,3,1
线性规划,3,1
线段动点问题,6,1
线段和最值,6,1
线段数量,1,1
线面平行题,6,1
练专题,5,1
练习,1,1
练习13~14选择性必修第二册第一单元1，2节,5,1
练习15,5,1
练习15(选必1第3节预习课),9,1
练习册,3,1
练字,17,1
练案,5,1
练测考六上鲁科,1,1
练测考六上鲁科英语,4,1
组卷中心,1,1
组卷网e卷通,1,1
细胞代谢专题考试,3,1
细胞代谢专题试卷,2,1
细胞呼吸和光合作用的综合应用,12,1
细胞学说作为生物学大厦的基石,4,1
细胞工程,5,1
细胞工程难度高,1,1
细胞生命历程单元测试卷,1,1
细胞的物质输入和输出,5,1
绍兴七年级数学分班考,1,1
绍兴元培分班考,8,1
绍兴入学分班考,5,1
绍兴八上期中,1,1
绍兴小 升初分班考,2,1
绍兴小升初分班考,4,1
绍兴市2025学年第二学期高中期末调测高一英语,4,1
绍兴市柯桥区期末统考卷七年级下英语,28,1
绍兴市第一中学,11,1
绍兴市鲁迅中学入学考高一上数学,5,1
绍兴市鲁迅中学入学考高一上物理,4,1
绍兴市鲁迅中学入学考高一上英语,3,1
绍兴市鲁迅中学入学考高一上语文,2,1
绍兴第一初级中学,3,1
绍兴第一初级中学 八年级上,1,1
绍兴高一期末,2,1
绍兴高一期末数学,3,1
绍初八上数学,3,1
绍初分班考,5,1
经典几何,2,1
经开,7,1
经开区扬帆,7,1
经志俊,9,1
经济,3,1
经济与社会结构图,1,1
经纬度和经纬网练习,2,1
经纬线,2,1
结业考试生物,3,1
结合直线出10道历年高考真题,3,1
结合能和比结合能,1,1
结构,5,1
结构图,2,1
结课考,12,1
结课考试卷,10,1
绘制电路图,13,1
给我2026秋季学期新人教版九年级上册英语课本电子书,1,1
绝地鱼,5,1
绝对值 12大题型 七上数学 压轴大题,3,1
绝对值不等式,1,1
绝对值与相反数可课件,1,1
绝对值与相反数课件,2,1
绝对值专题训练,5,1
绝对值习题,2,1
绝对值化简求值,4,1
绝对值化简高一,1,1
绝对值题,2,1
统练,7,1
统编版九年级上道德与法治知识清单笔记,1,1
统编版四年级语文上册第一单元试卷,5,1
统编版小升初语文,4,1
统编版高三政史地主观题答题模板,7,1
统编版高中政治必修四知识点,4,1
统编版高中政治知识点,3,1
统编版高中语文选择性必修上册 第5课 《论语》十二章 导学案,10,1
统考卷,1,1
统计,3,1
统计 一轮复习,3,1
统计 套题,1,1
统计与概率,4,1
统计与概率 2025一轮复习,8,1
统计与概率 2025专题突破,1,1
统计概率 2025一轮复习 专题,1,1
统计概率大题,5,1
绣湖中学,1,1
绣湖中学八年级上册,1,1
绣湖中学八年级上册数学期末,1,1
绥化一中,4,1
绥化安达七年级下册数学期末真题,3,1
绥化市,6,1
绥化市七年级下册英语人教版期末试卷,3,1
绥化市北林区2026年8年级下册物理期末测试卷,4,1
绥化市北林区2026年物理期末测试卷,1,1
绥化市实验中学九上期中试卷,6,1
绥化市望奎高一期末物理,1,1
绥化市青冈县,2,1
绥化市高二上开学考试,9,1
绥化第七中学,6,1
绥棱县九月份开学考试,5,1
绥芬河,8,1
维护宪法权威初高中衔接直通车,3,1
绵中开学考,1,1
绵竹初一上册英语,4,1
绵阳 0诊,4,1
绵阳 初升高 高一上入学摸底考试 化学,1,1
绵阳 初升高 高一上入学考试 化学,3,1
绵阳 初升高 高一入学摸底考试 化学,1,1
绵阳 高一上 语文,5,1
绵阳2026期末,1,1
绵阳一诊英语,36,1
绵阳七年级下册数学,4,1
绵阳三诊,62,1
绵阳东辰七下,1,1
绵阳东辰七下假期学情,2,1
绵阳东辰七下假期秋季学情,2,1
绵阳东辰七下秋季学情分析,2,1
绵阳东辰五年级升六年级分班,1,1
绵阳东辰五年级年级分班,1,1
绵阳东辰六年级分班,2,1
绵阳东辰学校2025秋季初2024级学期调查,2,1
绵阳东辰学校2026秋季初2025级学期调查,3,1
绵阳东辰新高一入学考,4,1
绵阳东辰预备年级分班,1,1
绵阳东辰高一下,2,1
绵阳东辰高一分班数学,5,1
绵阳中学2024级高一上期末模拟试卷数学,3,1
绵阳中学历史试卷,1,1
绵阳中学实验学校,2,1
绵阳中学实验学校高一分,5,1
绵阳中学高三月考,6,1
绵阳中考模拟题,4,1
绵阳中考真题,49,1
绵阳初三一诊,7,1
绵阳初三化学试卷,2,1
绵阳南山中学实验学校,1,1
绵阳南山中学实验学校2024级高一下期末模拟测试,3,1
绵阳南山中学月考卷,9,1
绵阳南山中学高2023级高考熟手考试,1,1
绵阳南山实验,6,1
绵阳四年级上册英语,9,1
绵阳外国语初1分班考试,2,1
绵阳实验高级中学,10,1
绵阳实验高级中学入学考试,1,1
绵阳市,5,1
绵阳市2024七下期末统考,16,1
绵阳市2024级高二下期末考试的语文,5,1
绵阳市2025七下期末统考,1,1
绵阳市2025高一下期末,3,1
绵阳市2026七下期末统考,3,1
绵阳市2026七下期末统考英语,1,1
绵阳市富乐实验中学,1,1
绵阳市涪城区,7,1
绵阳数学必修一,3,1
绵阳月考,11,1
绵阳第一中学,2,1
绵阳第一次月考,43,1
绵阳零诊历史,1,1
绵阳高2024,1,1
绵阳高一,7,1
绵阳高一上入学考,8,1
绵阳高一期末物理,2,1
绵阳高三上,3,1
绵阳高三数学,2,1
绵阳高三月考,1,1
绵阳高二英语期末考试,1,1
综合,2,1
综合实验,1,1
综合性理解性默写,2,1
综合检测卷 百事联盟,12,1
综合素养提分卷,2,1
综合素养提分卷2027年高考总复习,7,1
综合练习一,1,1
综合运用提公因式法和公式法分解因式,5,1
绿园,7,1
绿园区2025年至2026年6年级下册期末试卷语文。,11,1
绿园期末,2,1
绿色通道,3,1
缙云中学,7,1
缙云中学自主招生数学,2,1
网络安全英语小作文,2,1
罗定2025-2026七年级期末质量检测英,7,1
罗定市2025-2026七年级期末质量检测英,20,1
罗庄8年级期中考试,8,1
罗庄数学,8,1
罗村高中,15,1
罗湖,1,1
罗湖八上期末数学,4,1
罗湖区七年级数上册数学期考卷北师大,2,1
罗湖区八上数学期末卷,2,1
罗湖区物理八上期末,4,1
罗湖外语学校,1,1
罗湖高级,2,1
羊毫毛笔尖,4,1
美女,1,1
美好杯,1,1
美好杯物理竞赛,1,1
美好杯物理竞赛初中,1,1
美好杯物理竞赛初中浙江杭州市临平,3,1
美术开学第一课,1,1
美术教学设计,1,1
美术鉴赏,1,1
美达菲,7,1
美达菲津英高二上英语,1,1
群哥数学,1,1
翔宇 梅江,1,1
翔宇中学,1,1
翔宇弘德,3,1
翔宇弘德期初,1,1
翠园中学,5,1
翠屏区龙文学校8年级期中,6,1
翰文,1,1
翰文外国语,1,1
翰林卷,3,1
翻折,12,1
翻折特训专题联习,1,1
翻折问题,5,1
翻译105句,1,1
翻译题,1,1
翻身实验学校,6,1
耀华,2,1
耀华 入学考,1,1
耀华 高一,4,1
耀华 高一 入学考,1,1
耀华 高一 升班考,1,1
耀华 高一 进门考,1,1
耀华中学 高一,2,1
耀华中学高三,5,1
耀华中学高三物理上学期,7,1
耀华滨城,2,1
老唐说题 MST新思路,3,1
老子 四章,4,1
老子四章,2,1
老板，2026经人民教育出版社偶演两次到绝招三年级下语文,3,1
老板，经人民教育出版社偶演两次到绝招三年级下语文,2,1
老版三年级下欧元两次到绝招考试题,3,1
老版三语文年级下欧元两次到绝招考试题,3,1
老猫猴,3,1
老舍散文,7,1
考公,1,1
考公真题,2,1
考前必背,1,1
考前必背抢分结论,14,1
考卷,1,1
考向04构造齐次方程求离心率,7,1
考教衔接必备手册,1,1
考案3,1,1
考案3第九章,3,1
考案4第九章,3,1
考案5第十章,1,1
考点梳理,15,1
考点通,1,1
考研,1,1
考研中文,2,1
考研真题,1,1
考研英语,3,1
考试范围选择性必修3和必修一,1,1
考试范围：动量、动量定理、动量守恒、弹性碰撞,1,1
考试阅读检测卷,1,1
耒阳市格楠,2,1
聊城2025年高二上学期物理试卷,17,1
聊城一中老校区高一下学期第一次阶段性测试,4,1
聊城一年级语文,3,1
聊城七年级上册数学期中,1,1
聊城七年级上册数学期中联考,1,1
聊城三年级语文,22,1
聊城东昌中学,1,1
聊城东阿三年级,1,1
聊城东阿三年级语文,1,1
聊城临清三年级语文,8,1
聊城初三化学月考试卷,5,1
聊城初三数学,12,1
聊城初三数学月考,1,1
聊城初三数学第一,4,1
聊城市文轩,3,1
聊城市沙镇中学,15,1
聊城市第一实验学校,4,1
聊城市高三开学考,5,1
聊城文轩,2,1
聊城第九中学2025级第一次月考地理试卷,5,1
聊城高一开学考数学,1,1
聊城高一开学考数学2026,4,1
聊城高二,1,1
聊城高二月考,4,1
聊城高二期中,9,1
职一,1,1
职中,2,1
职教高考2026,6,1
职教高考医务类,1,1
职教高考数学,1,1
职教高考班英语卷,1,1
职高 2025 数学单招考试,1,1
职高数学书高二上,5,1
联正实验学校,6,1
联盟,8,1
联考二十一,2,1
联考卷生物,3,1
联考大兴安岭,3,1
联考腾云,1,1
联考高一月考试卷,4,1
聚焦思维,1,1
聚焦思维数学,1,1
聚焦思维数学高三一轮复习,1,1
聚龙科技中心10月份模拟考试,2,1
肇庆2026高一第二学期期末,4,1
肇庆2026高一第二学期期末数学,4,1
肇庆二校2025,3,1
肇庆市中学,1,1
肇庆市宣,3,1
肇庆市宣卿中学高一,3,1
肇庆市第一中学,3,1
肇庆市第二中学,2,1
肇庆市第四小学,2,1
肇庆市高要区第二中学,3,1
肇庆高中月考试卷。,3,1
肇庆龙涛,3,1
肖东中学,1,1
肖广德,1,1
肥东,2,1
肥东一中,3,1
肥东三中,1,1
肥东三中月考卷,2,1
肥城八下物理,2,1
肥城市九年级上册化学期中测试卷，2024到2025学,9,1
肥城市九年级期中卷子,4,1
肥城数学2025~2026学年度上学期末考试七年级试题,3,1
肥城高一期中考试英语试题,1,1
育华中学,1,1
育华亲亲,2,1
育婴师考试题,1,1
育才25,1,1
育才一中开学考试卷,4,1
育才中学化学高一下,4,1
育才期中,2,1
育才蛇口开学考试卷,5,1
育才语文月考,2,1
育明高三模拟,4,1
育明高中化学,4,1
育生中学2024~2025八年级物理,4,1
育红小学,1,1
育英中学,1,1
育英小学,1,1
育贤,2,1
背书,1,1
背单词,3,1
背单词短文,1,1
背单词艾宾浩斯,4,1
背单词艾宾浩斯表格,3,1
背课文,2,1
胜利第一初级中学,2,1
胜利镇初级中学初三化学1   2单元测试题,1,1
胡不归,1,1
胡不归模型,19,1
胡克定律的理解和应用,3,1
胶南二中,1,1
胶州高三上学期开学考,1,1
能力培养,1,1
能力培养与测试,1,1
能力培养与测试 语文必修下册 第一单元测评卷,18,1
能量动量,1,1
能量流动,4,1
脱式计算,2,1
腾云联盟开学考,7,1
自主,22,1
自主学习作业本答案,2,1
自主招生、初升高,16,1
自主招生、初升高、指标到校,1,1
自主招生八年级,9,1
自主招生初升高,8,1
自主招生必刷题,4,1
自主招生滕州市第一中学,2,1
自主招生物理,3,1
自主招生英语泰安山东,4,1
自主招生语文山东,1,1
自主招生语文泰安山东,2,1
自制制氧机,3,1
自动控制,1,1
自动控制原理,3,1
自动控制电磁,3,1
自学考试,1,1
自定义题目,1,1
自招,10,1
自招卷试卷,6,1
自招真题,5,1
自招考试,11,1
自测卷高一,2,1
自然拼读,3,1
自然拼读练习,1,1
自然数 有理数,7,1
自然界中的碳循环,3,1
自然界的水,10,1
自由组合 2025一轮复习题型归纳,7,1
自由组合定律专题,6,1
自由落体,3,1
自由落体与竖直上抛,15,1
自由落体竖直上抛一轮复习,3,1
自由落体竖直上抛多过程问题，匀变速直线运动。,5,1
自由落体运动和竖直上抛运动综合问题,11,1
自贡,16,1
自贡一中,2,1
自贡中考,1,1
自贡二中,1,1
自贡嘉祥,2,1
自贡蜀光,3,1
自贡解中,16,1
臭脚丫,1,1
至臻高二数学上学期期末,1,1
致云雀  练习,1,1
舒城中学,5,1
舜耕中学,3,1
舟山,1,1
舟山2026,1,1
舟山2026七下数学,4,1
舟山2026七下试卷,8,1
舟山2026七年级,6,1
舟山2026七年级期末,3,1
舟山市七校联盟,2,1
舟山市五校联盟,9,1
舟山期末,7,1
航天一中,2,1
航天城,1,1
船山杯,8,1
艾青中学,2,1
艾麦思,1,1
芒市第一中学2026年春季学期期末考试高二数学试卷,3,1
芜湖27中,2,1
芜湖一中2025新高一开学考,1,1
芜湖一中2025高一开学考,1,1
芜湖九上数学,3,1
芜湖市安徽师范大学附属中学,12,1
芜湖市安徽师范大学附属学校,1,1
芜湖市第12中学,1,1
芜湖市第十二中学,3,1
芜湖育红小学,2,1
芜湖育红小学四年级上册英语卷,6,1
芜湖荟萃中学,2,1
芜湖高三开学考江南十校,3,1
芜湖高三江南十校,3,1
芜湖高三江淮十校,1,1
芝罘中学,2,1
芝罘区九年级上学期化学期中考试,4,1
芝罘区历史,3,1
芦台一中桥北校区高一月考,7,1
芦台一中高一月考,1,1
花木兰对比阅读,3,1
花桥小学,1,1
花都,3,1
花都区,13,1
花都区六年级期末数学,1,1
芷兰2025年高二,2,1
芷兰2026七年级数学,1,1
苍南中学第二次月考,6,1
苍南中学高二开学考数学,5,1
苍溪县六年级期末,14,1
苏北 七市2026高三,1,1
苏北 七市2026高三二模,1,1
苏北四市一模,18,1
苏大附中2025-2026高一物理月考试卷,4,1
苏大附中2025至2026学年第一学期期中诊断高一年级化学试卷,1,1
苏大附中2025至2026学年第一学期期中高一年级化学试卷,1,1
苏学精品,1,1
苏家屯区,1,1
苏家屯区八年级下册,1,1
苏州 开学考,11,1
苏州 高一上英语10月月考卷,6,1
苏州 高一上英语10月月考卷甪直,16,1
苏州0 202 6 高三 语文,3,1
苏州2025～2026西附高二物理月考试卷,3,1
苏州2026届高三期初阳光调研,4,1
苏州2026年高二期中调研试卷,1,1
苏州一中,3,1
苏州中学20252026高一上学期,3,1
苏州中学伟长班七年级,2,1
苏州中学园区校,17,1
苏州中学小升初,3,1
苏州中学政治,2,1
苏州中学高一上学期期中数学,10,1
苏州中学高一上月考10月,2,1
苏州中学高二数学期末,1,1
苏州中学高二物理,5,1
苏州中考2024,1,1
苏州中考2026,2,1
苏州中考历史,1,1
苏州中考英语,3,1
苏州中考英语2024,2,1
苏州中考题,6,1
苏州九上化学,1,1
苏州九上化学第一次月考,1,1
苏州九年级物理期中,8,1
苏州九年级物理期末,4,1
苏州九校联考,1,1
苏州八上月考数学,2,1
苏州八年级上期中,7,1
苏州初二上学期期末数学,3,1
苏州初二下,16,1
苏州化学,1,1
苏州十中,4,1
苏州吴县中学2025～2026高二10物理月考卷,3,1
苏州大学附属中学,2,1
苏州实验中学高一化学,4,1
苏州实验中学高一物理,3,1
苏州小升初数学,5,1
苏州市 开学考,1,1
苏州市2017年中考真题,10,1
苏州市2025届高三期初阳光调研卷,3,1
苏州市2025届高三期初阳光调研卷数学,4,1
苏州市2026届高三上学期期初阳光调研 2025 09 最新一套 苏州市2025届高三期初阳光调研 2024 09上一届,2,1
苏州市2026届高三上学期期初阳光调研（2025‑09，最新一套） 苏州市2025届高三期初阳光调研（2024‑09上一届）,16,1
苏州市2026期末高一下物理,1,1
苏州市2026高一下物理,1,1
苏州市上学期9月高三期初考,31,1
苏州市太仓市初二期末考试试卷,6,1
苏州市期初开学考,1,1
苏州市木渎高级中学2024到2025高一物理月考试卷,1,1
苏州市第一中学高二化学10月月考试卷,1,1
苏州市第一中学高二数学10月月考试卷,4,1
苏州市第三中学2026～2026高二物理月考卷,2,1
苏州市第二学期学业质量阳光指标调研卷期末高一下,1,1
苏州市苏州中学,1,1
苏州市苏州大学附属中学高二上学期12月阶段诊断物理,9,1
苏州市英语2026届高三上学期期初阳光调研,1,1
苏州市零模物理,5,1
苏州市高一期中,3,1
苏州市高三期初开学考,2,1
苏州新区一中,1,1
苏州新草桥,3,1
苏州新高一暑期打卡,6,1
苏州星海,2,1
苏州星海高二化学月考卷,9,1
苏州月考,1,1
苏州期中,5,1
苏州期初语文,1,1
苏州物理期中,1,1
苏州立达中学,8,1
苏州第一中学2025～2026高二物理月考试卷,1,1
苏州第十中学2025,5,1
苏州第十中学2025高一10月,3,1
苏州苏大附中2025至2026学年第一学期期中高一年级化学试卷,3,1
苏州西交大苏州附中高一上数学,1,1
苏州西交大苏州附中高一上数学10月,5,1
苏州西交大附中,2,1
苏州西安交通大学附属中学2025～2026高二物理月考试卷,1,1
苏州零模,2,1
苏州高一十月考,1,1
苏州高三期初语文,13,1
苏州高三期初阳光调研生物,6,1
苏州高三第一学期数学第一次月考试卷,1,1
苏州高三第一学期期初考,8,1
苏州高二上学期开学考,4,1
苏州高二上学期开学考生物,3,1
苏州高二上期末数学,5,1
苏州高二生物,6,1
苏州高新区第一中学,1,1
苏德昌,2,1
苏教数学第七单元,4,1
苏教版,1,1
苏教版 八年级上册数学第一次月考,2,1
苏教版2026物理,1,1
苏教版一年级下册综合测评数学,3,1
苏教版一年级数学排队,3,1
苏教版一年级数学排队系列题,6,1
苏教版七上数学计算题,4,1
苏教版二上,1,1
苏教版二上期末试卷,5,1
苏教版二年级上册数学,7,1
苏教版二年级上册数学第5单元厘米和米单元检测,1,1
苏教版二年级上册数学表内乘法,10,1
苏教版二年级上册综合测评数学,3,1
苏教版二年级厘米和米,4,1
苏教版五年级上册数学第一单元电子版教案,1,1
苏教版八年级上册数学计算题,18,1
苏教版初一三元一次方程计算训练,1,1
苏教版初一二元一次不等式计算加强训练题,1,1
苏教版四升五,5,1
苏教版数学,1,1
苏教版数学七年级下册整式乘除加减混合计算专项训练,2,1
苏教版数学下册整式乘除加减混合计算专项训练,1,1
苏教版数学初一下册整式乘除加减混合计算专项训练,1,1
苏教版数学初一整式乘除加减混合计算专项训练,3,1
苏教版选择性必修2,2,1
苏省南通市名校小升初新初一数学分班考试检测卷,2,1
苏科版,1,1
苏科版 八年级下册 物理 计算题 专项训练 含解析,3,1
苏科版九上物理专题,13,1
苏科版九上物理杠杆滑轮,7,1
苏科版九上物理欧姆定律,23,1
苏科版九上物理滑轮,1,1
苏科版九上物理电路图,17,1
苏科版八年级期末数学试卷,2,1
苏科版八年级期末数学试卷沭阳2026,1,1
苏科版八年级期末试卷,3,1
苏科版月考卷,1,1
苏科版本2026版数学..,3,1
苏科版生物八上,7,1
苏辙中学,10,1
苏辙中学开学考,7,1
苏锡常镇一模化学,6,1
苏锡常镇二模,6,1
苯,3,1
英 语江西听力,3,1
英华实验学校开学考,2,1
英塔木镇中学2025-2026 月考,13,1
英塔木镇中学2025-2026学情检测,7,1
英山县三年级下期末数学2025-2026,3,1
英才学校,5,1
英文单词,1,1
英杯,1,1
英语 0 2 6 学 年 度,1,1
英语 2025 高考真题,3,1
英语 2027语法填空专项,4,1
英语 单词 1500背诵版初中,8,1
英语 听力,4,1
英语 听力2025 含听力音频,2,1
英语 山东 期末 高二,6,1
英语 带听力,4,1
英语 时文阅读,4,1
英语 衡水体范文,4,1
英语 衡水体范文字帖,1,1
英语 衡水体范文练习模板,6,1
英语 语法2025专项讲解,4,1
英语 读后续写23个万能句式高考,3,1
英语 读后续写高考,1,1
英语 高一入学考,5,1
英语 高中衡水体范文,1,1
英语 高考1卷全国一卷试卷,4,1
英语01一轮,3,1
英语02一轮,3,1
英语1,10,1
英语12选108年级下册成都,5,1
英语12选108年级下册简阳,2,1
英语12选18年级下册,1,1
英语1基础模块 第三版,1,1
英语2025年度高一分班考试,1,1
英语2025年度高一分班考试长郡集团,1,1
英语2026,6,1
英语2026中考,1,1
英语2026中考浙江,4,1
英语2026全国一卷,2,1
英语2026届石家庄普通高中学校毕业年级教学质量检测 一,7,1
英语2026年高考二卷,2,1
英语2026高考真题,1,1
英语2026高考范文,4,1
英语2027高考一轮复习培优调研检测卷,2,1
英语25-26年八年级期末考试,3,1
英语3500,1,1
英语3500 词汇背诵,4,1
英语3500 词汇背诵word版,1,1
英语3500 词汇背诵word版高中正序,5,1
英语3600词乱序,3,1
英语3600词乱序高中,2,1
英语688词汇,1,1
英语7选5专项高一人教版,7,1
英语】2025-2026：长郡外国语七年级上学期入学考试英语试卷含答案,1,1
英语一单元练习,10,1
英语一模,6,1
英语七上,2,1
英语七上作业第一单元,10,1
英语七上作文专项练习,4,1
英语七下暑假,1,1
英语七年级下册听力试题,10,1
英语七选五,8,1
英语三年2023~2025中考分类汇集,3,1
英语三年级,5,1
英语下学期第一次月考02,7,1
英语专题,5,1
英语中考3000词,5,1
英语中考听力,3,1
英语中考培优题,9,1
英语中考模拟卷哈尔滨,2,1
英语中考湖南省,3,1
英语中考真题济南,2,1
英语中考真题深圳,1,1
英语九上元调武汉,8,1
英语九上期中卷宿迁专用,6,1
英语九上期未武汉,3,1
英语九年级上册,4,1
英语九年级第一单元,4,1
英语九年级试卷,1,1
英语书,2,1
英语书电子,12,1
英语二卷,4,1
英语人教版九年级Unit 8,1,1
英语人教版九年级Unit 8单元测试卷,1,1
英语人教版八下所有单元单词,5,1
英语人教版必修二弟四单元派生词,1,1
英语仁爱版,1,1
英语仁爱版重点知识清单,1,1
英语优秀作文,3,1
英语优秀范文,1,1
英语作文八上,3,1
英语作文答题模板,11,1
英语作文素材,1,1
英语作文素材高中,3,1
英语作文高中,8,1
英语信息提取题八年级,1,1
英语信息摘录题,1,1
英语信息摘录题八年级,5,1
英语入学考,9,1
英语八上,7,1
英语八上人教单词汉译英,6,1
英语八上单元,3,1
英语八上的描红单词,2,1
英语八上第一单元,1,1
英语八下外研社单词,1,1
英语八年级上册他们那时多有趣,1,1
英语八年级上册他们那时都有趣课文，原文,5,1
英语八年级下册期未试卷温州,4,1
英语八年级第一次,2,1
英语八年级第一次重庆,3,1
英语八年级试卷,1,1
英语八年级试卷期末考试,5,1
英语六年级上册冀教版,3,1
英语六年级上册冀教版第4课,3,1
英语六年级上册冀教版第一单元第4课,4,1
英语六年级上北京版第5课,7,1
英语冀教版作文2单元,4,1
英语冀教版小升初,12,1
英语农安实验,7,1
英语农安实验期末,1,1
英语分班考试卷,2,1
英语初一,3,1
英语初一上册教材,1,1
英语初二,3,1
英语初二上练习题,3,1
英语初升高,1,1
英语初升高意林,1,1
英语动词练习,1,1
英语动词联系,1,1
英语助动词练习题,2,1
英语北京2026期末,3,1
英语北京2026期末丰台区,1,1
英语北京朝阳听口,2,1
英语单测卷第一单元,3,1
英语单词初中,3,1
英语单词大全初高中版,7,1
英语单词循环练,3,1
英语单词必修二,1,1
英语单词看英语写汉语外研版必修二,14,1
英语单词表,4,1
英语单词表必修一,1,1
英语单词表汇总,1,1
英语单词表默写,4,1
英语单词跟读,1,1
英语单词选修1,1,1
英语单词高中重点,1,1
英语单词高频,1,1
英语卷子,1,1
英语卷子高三,1,1
英语卷江西,1,1
英语卷江西高一开学考,1,1
英语卷赣州江西高一开学考,2,1
英语卷高二开学考九月,1,1
英语反义疑问句练习,4,1
英语句型汇总,5,1
英语句子成分划分的专项练习题,8,1
英语合格性考四川,1,1
英语合格性考广东,2,1
英语听力 2025～2026学年第一学期高二年级期末检测,2,1
英语听力 七年级,2,1
英语听力2026辽宁中考,4,1
英语听力人教版,1,1
英语听力人教版七年级下册,7,1
英语听力扫码,4,1
英语听力训练,2,1
英语听力训练高三,18,1
英语听口,6,1
英语听说13年C套,1,1
英语周报八下,1,1
英语周报高二阅读综合第3836期,2,1
英语哈尔滨高一期末,1,1
英语唐山统考,11,1
英语四 级 2025 年 6月,1,1
英语四级,1,1
英语四级真题,3,1
英语四级词汇,1,1
英语回答问题,4,1
英语回答问题长春,5,1
英语固定搭配,6,1
英语基础,6,1
英语复习资料,2,1
英语外研一起4上练习册,6,1
英语外研单词,1,1
英语外研版,1,1
英语外研版卷子,6,1
英语外研版必修三,1,1
英语外研版必修三单词默写,1,1
英语外研版必修三知识点,2,1
英语外研社七年级上册,3,1
英语外研社七年级上册质量,1,1
英语外研社七年级上册质量检测,1,1
英语外研社七年级作文,3,1
英语天津,3,1
英语奥数小升初题,1,1
英语字帖,7,1
英语学业水平测试卷,3,1
英语学科核心素养竞赛,1,1
英语学科试卷题,1,1
英语学考,1,1
英语完型When a 14 years old,1,1
英语完型填空 100篇 专项训练英语2026,1,1
英语完型填空When a 14 years old,1,1
英语完型填空专项练习,1,1
英语完形,5,1
英语完形填空,1,1
英语完形填空专项八年级,5,1
英语完形填空高中,10,1
英语定语从句,2,1
英语定语从句专题,2,1
英语定语从句练习,1,1
英语定语从句翻译,5,1
英语宿迁九上期中卷,22,1
英语小升初2021年,3,1
英语小升初2021年香皂,15,1
英语小奥英语题,1,1
英语就近原则就远原则总结,4,1
英语带答题卡,6,1
英语广东 高考模拟,3,1
英语应用文,7,1
英语张雪,2,1
英语循环练,3,1
英语必修一,1,1
英语必修一 单词表,2,1
英语必修一单词,1,1
英语必修一单词表,3,1
英语必修一第4单元单词,5,1
英语必修一课本,1,1
英语必修三,58,1
英语必修二单词表,4,1
英语必修二单词表U1,2,1
英语感叹句xing,4,1
英语成都树德,1,1
英语成都树德分班考,6,1
英语成都树德升学,1,1
英语描红单词八上,2,1
英语教材,8,1
英语新教材九年级第一单元,1,1
英语新教材八年级周报,1,1
英语新教材第一单元,1,1
英语新高考一卷2025,1,1
英语时态专项训练,5,1
英语春考卷,10,1
英语暑假作业,3,1
英语暑假作业外研版,3,1
英语暑假作业外研版高一年级,1,1
英语暑假作业外研版高一年级第一周,4,1
英语月考九年级上册,7,1
英语望城,1,1
英语期中九上,43,1
英语期中单元测试,5,1
英语期未试卷,40,1
英语期末卷,4,1
英语期末卷子七年级下学期,1,1
英语期末试卷,5,1
英语核心900词,3,1
英语模拟卷,1,1
英语模板作文,3,1
英语每日一练,1,1
英语江苏宿迁,15,1
英语江苏高考试卷,5,1
英语沪教版选择性必修第一册词汇表,2,1
英语济南一模,1,1
英语济南二模,1,1
英语温州二模,6,1
英语热点,4,1
英语状语从句,3,1
英语状语成句专项,1,1
英语现在完成时,9,1
英语电子版教材,3,1
英语真题,9,1
英语短语固定搭配,5,1
英语科技类阅读,4,1
英语第,1,1
英语第一单元,1,1
英语第一次月考,3,1
英语第二单元语法填空,1,1
英语答题模板作文,1,1
英语精彩三年,5,1
英语练习题人教版,3,1
英语细节推断题,4,1
英语翻译,2,1
英语翻译105,1,1
英语背单词,3,1
英语表示人的词缀,4,1
英语训练卷七,3,1
英语词形变化,2,1
英语词性转换,1,1
英语词性运用,1,1
英语词汇分类循环练,3,1
英语词汇必修,5,1
英语词组,6,1
英语词缀,1,1
英语词语运用,3,1
英语译林九上,6,1
英语试卷九年级,1,1
英语试卷九年级外研社,8,1
英语试卷含听力,2,1
英语试卷含有听力,1,1
英语试卷﹣【1号卷．A10联盟】2026届高三上学期8月底学情调研,3,1
英语试题明德雨花中,2,1
英语试题明德雨花高一分班考,2,1
英语语法中考,7,1
英语语法填空  专项训练,1,1
英语语法填空 100篇 专项训练山东通用高考,4,1
英语语法填空高三,5,1
英语语法填空高考专项,5,1
英语语法练习,10,1
英语语法选择,4,1
英语语法高一,6,1
英语读后续写高三,5,1
英语课文高中听力,5,1
英语课本九年级上,1,1
英语课本初三,9,1
英语课本初二上册,3,1
英语课本高中,3,1
英语过去时,8,1
英语选修一,1,1
英语选修二课本,3,1
英语选择性必修1,1,1
英语选择性必修4,1,1
英语选择性必修一单词,3,1
英语选择题,7,1
英语配套精炼,4,1
英语长难句,3,1
英语长难句 100句分析及练习 2026,2,1
英语长难句分析及练习,2,1
英语阅读 100篇 专项训练英语2026,2,1
英语阅读专项,2,1
英语阅读专项中考,1,1
英语阅读九上,1,1
英语阅读九上人教版,3,1
英语阅读帮,2,1
英语阅读帮河南专版,4,1
英语阅读理解专项,4,1
英语阅读理解专项八年级,1,1
英语阅读理解专题训练,4,1
英语阅读理解五四制六下英语 100篇专项训练,6,1
英语阅读理解初一上学期译林版,2,1
英语阅读理解沪教版广州专项,1,1
英语阅读理解高一上,1,1
英语阅读理解高一上译林版,4,1
英语阅读理解高三,2,1
英语阅读真题,1,1
英语阅读高一,1,1
英语音标,3,1
英语题目,1,1
英语首字母填空,13,1
英语高一上第一次月考,5,1
英语高一下期末测试卷,4,1
英语高一下期末试卷,1,1
英语高一听力是第一题是b选项是gift stop,3,1
英语高一听力是第一题是b选项是？那个gift stop,3,1
英语高一必修一单词表,3,1
英语高一必修一单词默写表,2,1
英语高一必修一课本,1,1
英语高一摸底测试,2,1
英语高三上沈阳开学,2,1
英语高三上海,6,1
英语高三模拟卷,5,1
英语高三沈阳,1,1
英语高三沈阳上开学,1,1
英语高三浙江,11,1
英语高三浙江镇海,18,1
英语高中入学考试卷,1,1
英语高中词汇,1,1
英语高中读后续写作文资料,2,1
英语高中阅读理解CD篇技巧,2,1
英语高二上苏州调研期中,3,1
英语高二上苏州调研期末,2,1
英语高二下,1,1
英语高二下学期期末考试,1,1
英语高二开学考,9,1
英语高二期末,1,1
英语高二苏州调研,5,1
英语高二苏州调研期中,1,1
英语高考1200,3,1
英语高考一卷2024,3,1
英语高考卷,3,1
英语高考复习,5,1
英语高考复习ppt,1,1
英语高考必备知识点,3,1
英语高考模拟题,4,1
英语高考真题全国甲卷,3,1
英语高考翻译,3,1
英语高考领航,7,1
英语高频词1500,1,1
英语高频词汇高中,4,1
英语，八年级下册期末试卷人教版,12,1
英语，高一入学考,11,1
英雄山中学2025年到2026年期中数学试卷,2,1
茂名,3,1
茂名2026初二期末考试试卷,2,1
茂名一中,5,1
茂名市八年级上期末物理,4,1
茂名市市直属学校七年级下册地理期末考试,1,1
茂名市田家炳中学2025-2026第二学期高一级6月月考,1,1
茂名市电白区南海中学,5,1
茂名期末,3,1
茂名高二年级期末质量抽测,8,1
范文10篇,1,1
范文高中,2,1
范进中举,4,1
荆州2026高三三月调考,3,1
荆州2026高三起点考试,3,1
荆州七年级上册英语期中,7,1
荆州七年级上册英语期末,3,1
荆州中学 高二,1,1
荆州中学 高二上数学,1,1
荆州中学七月,1,1
荆州中学八月,3,1
荆州中学生物,4,1
荆州中学生物。,5,1
荆州市2025-2026学年度高一年级质量检测日语试卷,1,1
荆州市2026届9月高三,1,1
荆州市重点高中提前招生,9,1
荆州市高中提前招生,1,1
荆楚中学,4,1
荆门九年级上第一次月考,4,1
荆门九年级第一次月考,1,1
荆门外校,7,1
荆门外校九年级上第一次月考,1,1
荆门市2024 2025学年度上学期期末质量检测七年级数学答案,1,1
荆门市2024 2025学年度下学期期末质量检测七年级数学答案,3,1
荆门市九年级数学月考,3,1
荆门市外语学校,1,1
荆门高三9月起点考试,9,1
荔景中学,1,1
荔景中学分班考,10,1
荔浦中学 高二下学期,1,1
荔浦中学 高二下学期 期末,1,1
荔浦市滨江小学,1,1
荔湾,3,1
荔湾区,1,1
荔湾区七年级下册数学,5,1
荔湾区高一下期末,2,1
荟萃中学,14,1
荣县数学,15,1
荣德基,4,1
荣昌,1,1
荣昌中学数学,1,1
荣昌区数学,7,1
荣昌区物理,1,1
荧光淬灭,3,1
莆田2025新高一开学第1次月考,1,1
莆田2026新高一开学,13,1
莆田5月化学,3,1
莆田一中 高一,1,1
莆田一中 高一新生入学考语文,2,1
莆田一中林兰英试卷,4,1
莆田一中高一上学期开学考语文,6,1
莆田一中高一下期末化学,5,1
莆田一中高一新生入学考数学,1,1
莆田七年级下2025-2026生物期末,1,1
莆田七年级下2025-2026英语期末,1,1
莆田九年级,27,1
莆田五中,1,1
莆田八中2025～2026学年下学期高一期中考语文试卷,1,1
莆田初一开学考,1,1
莆田化学,1,1
莆田华侨中学,6,1
莆田南门中学,2,1
莆田哲理中学,2,1
莆田四中,1,1
莆田小升初,11,1
莆田市2022至2023学年下学期期末质量检测卷。,18,1
莆田市2025到2026学年下学期期末质检监测高二 物理,1,1
莆田市2025到2026学年下学期期末质检监测高二 生物,3,1
莆田市20269年级上册期末数学试卷,1,1
莆田市20269年级下册期末数学试卷,3,1
莆田市2026届高三开学考,1,1
莆田市2026届高三开学考数学,1,1
莆田市2026届高三开学考数学质量检测,1,1
莆田市2026届高中开学考,1,1
莆田市2026届高中毕业班适应性练习,4,1
莆田市7年级入学考试,3,1
莆田市七年级下册道法期末考,1,1
莆田市七年级分班考试卷子,1,1
莆田市中山中学,25,1
莆田市六年级英语知识测试,1,1
莆田市小升初分班考,1,1
莆田市擢英中学2025-2026八下历史期末考,1,1
莆田市擢英中学2025-2026八下期末考,6,1
莆田市擢英中学2025-2026八下物理期末考,14,1
莆田市擢英中学2025-2026八下英语期末考,1,1
莆田市擢英中学2025-2026八下语文期末考,2,1
莆田市擢英中学2025-2026历史期末考,1,1
莆田市期末统考卷,3,1
莆田市第一中学2024 2025高一下学期期中物理,1,1
莆田市高三一检,5,1
莆田市高二考试卷,12,1
莆田擢英中学数学夏令营,1,1
莆田擢英高中上学期开学考语文,1,1
莆田擢英高中高一上学期培优班语文开学考试,2,1
莆田擢英高中高一上学期开学考语文,1,1
莆田擢英高中高一培优班语文考试,4,1
莆田第八中学,3,1
莆田第十五中学2025-2026高二上学期第一次历史,3,1
莒县一中,3,1
莘光中学,2,1
莘县王奉小升初分班考试试卷,2,1
莘县聊城数学月考,3,1
莘县聊城物理月考,17,1
莱克英语听力,3,1
莱州,2,1
莱州一中,3,1
莱州一中开学考,2,1
莱州市第六中学,5,1
莱芜一中高三开学考,9,1
莱芜中考,1,1
莱芜九上期中考试,1,1
莱芜九上第一次月考,3,1
莱芜九上第一次月考数学,7,1
莱芜九上第三次月考,4,1
莱芜九下圆,2,1
莱芜九下期中考试数学,2,1
莱芜九下第一次月考,2,1
莱芜区八年级上册期中考试化学,4,1
莱芜区数学七上,10,1
莱芜区数学七上胜利中学,2,1
莱芜区英语七年级,1,1
莱西一中,5,1
莱西市2025五四制七年级英语上册期中卷,10,1
莱西市中考,5,1
莱西市高二下学期期末,1,1
莲一,2,1
莲塘一中,9,1
获嘉,1,1
获嘉 一初 分班,2,1
菏泽 2月 2025期末考试高二下,3,1
菏泽一中2024--2025高二10月,1,1
菏泽一中2024--2025高二上学期10月,1,1
菏泽一中开学考,6,1
菏泽一中高三开学,2,1
菏泽一中高三开学考,1,1
菏泽一中高二上期末卷子,10,1
菏泽一中高二上期末数学卷子,8,1
菏泽一年级上期中,34,1
菏泽一模化学,1,1
菏泽一模物理,1,1
菏泽二模,1,1
菏泽小升初,1,1
菏泽市2026高三一模考试,2,1
菏泽市五下数学期末试卷,3,1
菏泽市巨野县高三月考,3,1
菏泽市牡丹区21中学,1,1
菏泽市高三一模地理,9,1
菏泽市高三月考,3,1
菏泽数学高考模拟,4,1
菏泽期末化学,3,1
菏泽期末化学试卷曹县,1,1
菏泽期末数学,1,1
菏泽期末生物,1,1
菏泽期末高一,3,1
菏泽期末高一数学,1,1
菏泽期末高一生物,4,1
菏泽郓城一中高三开学考,4,1
菏泽高一下期中生物,8,1
菏泽高一下期末,1,1
菏泽高一下期末生物,8,1
菏泽高一下期末生物答案,1,1
菏泽高三开学联考,17,1
菏泽高二上期末数学,26,1
菏泽高二下学期期末考试化学,1,1
菏泽高二下学期期末考试英语,1,1
菏泽高二期中上学期,1,1
菏泽高二期中上学期数学,16,1
菏泽高二期中上学期物理,3,1
菩萨蛮 小山重叠金明灭,3,1
菱形 的的性质与判定,2,1
菱形性质与判定复习,1,1
萍乡市高三上学期9月,1,1
萍乡市高三上学期上进联考,2,1
萍乡市高三上学期上进联考9月,11,1
萍乡市高三上学期上进联考开学考,1,1
萍乡市高三上学期金太阳,1,1
营口,6,1
营口二模,1,1
营口八上数学期末答题卡,3,1
营口市十七中学,10,1
营口市十七中学七年级月考,8,1
营口市第29中学,2,1
营口市第二十九中学,10,1
萧县,16,1
萧县2024~2025学年度第二学期期末质量监测九年级数学试卷,1,1
萧县城东初级中学2025~2026学年第一学期九年级第1次错题整理,10,1
萧山三中,1,1
萧山中学,9,1
萧山区,1,1
萧山区2025六年级第二学期科学卷,3,1
萧山区2025第二学期数学卷,3,1
萧山区城南初级中学,3,1
萧山区第10高级中学,1,1
萧山区高一,4,1
萧山区高桥初级中学,2,1
萧山十中,1,1
萧红中学8下英语,13,1
萧红中学九上知识点,1,1
萨尔蓝色和蓝色家里来人了配件夸夸pppppppplmkbycfxrxtcuvyvybuvy群,1,1
萨尔蓝色和蓝色家里来人了配件夸夸群,1,1
葫芦岛2021八年级上学期期中物理,1,1
葫芦岛2021八年级上学期期末物理,23,1
葫芦岛2023一模物理,2,1
葫芦岛2023中考数学,4,1
葫芦岛一模,29,1
葫芦岛市一高中,9,1
葫芦岛市建昌县宁东高中,8,1
葫芦岛市第一高级中学,1,1
葫芦岛市第一高级中学高二上数学期末卷,3,1
葫芦岛市高二上数学期末卷,1,1
葫芦岛市高二下期末数学卷,1,1
葫芦岛期末,3,1
葫芦岛期末考试,1,1
葫芦岛期末考试物理,3,1
葫芦岛期末考试物理高二,3,1
蒙古,5,1
蒙古族,3,1
蒙城,1,1
蒙城一中,4,1
蒙城三义路,13,1
蒙城县,6,1
蒙城实验永兴中学高二,6,1
蒙城月考,18,1
蒙文,1,1
蒙自华清中学,3,1
蒙语,1,1
蓉城名校联盟高一,1,1
蓉城名校联盟高一上,4,1
蓉城名校联盟高一上数学,1,1
蓉城名校联盟高三,4,1
蓉城联盟,1,1
蓉城联盟历史,7,1
蓉城联盟高一上数学,1,1
蓉城联盟高三入学考试数学,3,1
蓉城联盟高三入学考试物理,2,1
蓝天,1,1
蓝山二中,1,1
蓟州,1,1
蓟州一中,7,1
蓟州一中化学,1,1
蓟州上仓数学月考,11,1
蓟州区实验小学,4,1
蓟州区第一中学初中部,1,1
蓬朗中学,6,1
蔗糖,1,1
蕲春一中,2,1
蕲春一中数学月考2027届,1,1
蕲春一中数学月考高三8月,3,1
蕲春县第一高级中学,1,1
蕲春县第一高级中学数学月考,2,1
蕲春县高级中学,2,1
蕲春实验高级中学,4,1
蕲春实验高级中学月考,6,1
蕲春实验高级中学月考数学,2,1
蕲春实验高级中学月考数学2024,1,1
薄弱检测报告物理,1,1
薛城,2,1
薛城区八年级上册物理期末,6,1
薛城区八年级上册物理期末卷,3,1
薛城区八年级物理上册期末考试卷,2,1
藁城一中,1,1
藤县中学物理提招考试,1,1
藤县八中,6,1
藤县自学物理提招考试,1,1
虎山中学,10,1
虎门外语学校,7,1
虚拟语气,6,1
虚词,8,1
虹口2024英语一摸,1,1
虹口2024高三英语一摸,4,1
虹口区中考语文质量抽查,1,1
虹口区中考语文质量抽查试,3,1
虹口区初三一模卷（2026）,1,1
虹口区初三一模卷（2026）数学,7,1
虹口区期中,9,1
虹桥中学2025-2026初三学年英语期中x,1,1
虹桥中学物理,10,1
虹桥小升初考试,3,1
蚌埠,1,1
蚌埠2026届高三8月调研,6,1
蚌埠三县一区,4,1
蚌埠二中,4,1
蚌埠二中2025 2026高一上期中质量检测,1,1
蚌埠八年级下册物理,5,1
蚌埠八年级下册英语,2,1
蚌埠八年级物理,3,1
蚌埠市 2024 2025高二下学期生物期末试卷,1,1
蚌埠市2002十五届高三调研性考试,1,1
蚌埠市2024年高三入学调研性考试数学,7,1
蚌埠市2025 2026学年高三开学调研性测试,10,1
蚌埠市2025届高三调研性检测,13,1
蚌埠市2025届高三调研性考试,6,1
蚌埠市2025年高三入学调研性考试数学,22,1
蚌埠市2025至2026八年级第一次月考卷,7,1
蚌埠市2026届高三8月调研性监测 化学,3,1
蚌埠市2026届高三8月调研性监测 生物,3,1
蚌埠市2026届高三8月调研性监测 语文,1,1
蚌埠市2026届高三调研性监测物理,5,1
蚌埠市2026届高三调研性监测生物,3,1
蚌埠市高三一质检,4,1
蚌埠市高三摸底考试,1,1
蚌埠市高二下学期期末考试化学,3,1
蚌埠市高山一质检,1,1
蚌埠调研性检测,3,1
蚌埠高一下期末考试,5,1
蚌埠高一期中考试上学期,3,1
蚌埠高一期中考试上学期B层,11,1
蚌埠高三调研,7,1
蚌埠高二上开学考,4,1
蚌埠高二开学考,2,1
蚌埠高二物理,9,1
蛋白质,7,1
蛋白质专项练习,6,1
蛋白质和核酸,2,1
蛋白质生命活动的承担者专项练习,1,1
蛋白质的合成,1,1
蛟川,1,1
蛟川书院,4,1
蛟川书院八上数学,4,1
蛟川书院八上数学期中,9,1
蛟川书院初三年级科学综合模拟二,1,1
蛟川书院甬江校区数学,3,1
蜀光中学,12,1
蜡笔小新,3,1
蝶湖中学,2,1
蝶湖小学,1,1
融通联盟高二,1,1
行唐一中高一开学考,6,1
行测,1,1
行知中学,1,1
行路难,9,1
行路难理解性默写。,5,1
衔接,13,1
衔接点06诗歌鉴赏之炼字炼句。七年级升八年级,2,1
衔接课程,1,1
衔接课程语文,1,1
衡中,1,1
衡中假期2026暑假物理,2,1
衡中假期2026暑假物理作业,1,1
衡中学案 2026化学一轮,1,1
衡中学案 2026年,1,1
衡中学案 2026年化学,2,1
衡中学案 2026年化学一轮,3,1
衡中学案英语,12,1
衡中学案英语词汇拓展记忆,4,1
衡中预录考试,1,1
衡二,1,1
衡南县初二下学期期末考试试卷,3,1
衡南县小升初入学考试卷,1,1
衡水 02024 先享题 2026试卷,2,1
衡水2025－2026期末考试卷,4,1
衡水一中,1,1
衡水中学2025-2026高一语文,5,1
衡水中学2025-2026高一语文必修下综合测试卷,4,1
衡水中学八年级期中考试卷,6,1
衡水中学实验学校,3,1
衡水中学高一上,12,1
衡水中学高一下学期,63,1
衡水中学高二上单元培优卷,4,1
衡水中学高二数学上学期期末,4,1
衡水中学高二物理上学期月考,9,1
衡水中学高二物理上学期第二次月考,6,1
衡水主城区小升初分班,1,1
衡水二中2025新高一开学考试卷,1,1
衡水二中学考试卷,6,1
衡水二调,10,1
衡水体描红,3,1
衡水初二下册数学,6,1
衡水十三中,9,1
衡水实验预录考试,1,1
衡水市桃城中学八年级下册期末试卷英语,7,1
衡水市第七中学,3,1
衡水市第七中学西校区,1,1
衡水市第四中学,2,1
衡水至臻高二数学上学期期末,1,1
衡水金卷 先享题 2026年高考一轮复习40分钟单元检测卷 L版,2,1
衡水金卷 先享题2025-2026学年高一生物必修第二册同步周测卷（人教版））,13,1
衡水金卷 先享题二,3,1
衡水金卷2026,1,1
衡水金卷2026届高三9月联考,1,1
衡水金卷2026届高三9月联考化学卷,1,1
衡水金卷·先享题 40分钟周测卷（B）数学1–22套,1,1
衡水金卷·先享题 拿满基础分自主小练 物理,3,1
衡水金卷先享题2026英语一轮复习单元检测卷,1,1
衡水金卷先享题高一物理周测,1,1
衡水金卷先享题高一物理必修同步周测粤教版,3,1
衡水金卷先享题高二暑假作业,3,1
衡水金卷周测题（粤教版）高一物理,1,1
衡水金卷高一物理周测,5,1
衡水金卷高一物理必修粤教版,1,1
衡水预录考试,1,1
衡水高一上一月份期末,2,1
衡水高二数学上学期期末,14,1
衡水高二数学上学期第二次月考,3,1
衡水高考模拟,1,1
衡阳一中教育集团七年级第一次月考（集团联考卷）,1,1
衡阳八中,5,1
衡阳县五中2026年春高一模块综合测评卷,4,1
衡阳县五中高一英语,1,1
衡阳县高一创新班期末统测,7,1
衡阳市2026届高考模拟试卷,5,1
衡阳市一中分班考试,1,1
衡阳市八中八下,4,1
衡阳市八中八下物理,3,1
衡阳市八中集团,42,1
衡阳市分班考试,18,1
衡阳市成章实验中学八年级上册月考数学,1,1
衡阳市成章实验中学八年级上册月考物理,4,1
衡阳市第一中学分班考试卷,1,1
衡阳市第九中学,4,1
衡阳市第八中学,2,1
衡阳模拟预测,10,1
衢州二中高三开学考试卷,1,1
衢州市,8,1
衢州市2025-2026学年第二学期高二英语教学质量检测卷答案,1,1
衢州高一政治,1,1
补鞋子的人,2,1
表现手法,32,1
表现手法及作用,4,1
袁准圆锥,3,1
被动 语态100题,5,1
被动 语态补全对话,5,1
被动语态中考,2,1
被动语态人教版初三,11,1
襄‑随联考2024‑2025高二下期末数学,1,1
襄四襄五模考卷,1,1
襄城县实验高级中学,4,1
襄城高中2025分班考,1,1
襄州七中,3,1
襄樊高三数学,1,1
襄阳8上,14,1
襄阳8上英语,9,1
襄阳‑随州部分高中 2024‑2025学年高二下学期期末联考,1,1
襄阳初一分班考,4,1
襄阳四中2024级高二年级6月质量检测英语试题,5,1
襄阳四中2026届高三政治质量检测,4,1
襄阳四中27届8月月考数学,5,1
襄阳四中五中特长生联合招生试卷数学试题,9,1
襄阳四中五中特长生联合招生试卷英语试题,9,1
襄阳四中数学,1,1
襄阳四中高三一轮物理,4,1
襄阳四中高二,1,1
襄阳四中，五中2026特长生自主招生数学试卷,5,1
襄阳小升初名校试卷,29,1
襄阳市,1,1
襄阳市2025年7月高一期末统一调研测试数学,4,1
襄阳市8年级上册物理机械运动试题,5,1
襄阳市七年级,1,1
襄阳市七年级上册人教版,1,1
襄阳市七年级上册人教版单元卷数学,4,1
襄阳市七年级分班考,2,1
襄阳市分班考试卷,3,1
襄阳市南漳县一中高一上学期试卷,4,1
襄阳市历史,11,1
襄阳市田家炳中学,3,1
襄阳市第三中学高一,7,1
襄阳市第五中学,3,1
襄阳市第十九中 2025~2026期中语文 七年级,1,1
襄阳市第十九中学,1,1
襄阳市第四中学,2,1
襄阳市第四中学高一9月数学月考,3,1
襄阳市第四中学高一9月月考,9,1
襄阳市第四中学高一月考,11,1
襄阳市襄州区八年级上册数学试卷,8,1
襄阳市襄州区八年级上册数学试卷2024-2025,7,1
襄阳起点考,2,1
襄阳高一,5,1
襄阳高一上期中测试,3,1
襄阴四中2026~2027年高一语文必修下数学,1,1
西乡塘区,4,1
西交,6,1
西关中学,3,1
西北工业大学,3,1
西北工业大学附中收心考,1,1
西北工业大学附中高三收心考,2,1
西北工业大学附属中学高一入学,2,1
西北工业大学附属中学高一入学检测,2,1
西北工业大学附属中学高一入学物理,2,1
西北师大附中,1,1
西北师大附中2025-2026年高一第二学期末政治试卷,2,1
西北师大附中2025年高一第二学期末z试卷,1,1
西北平安2025求学期期中考试试卷初二物理,1,1
西北狼联盟,15,1
西华师大巴附中2025-2026学年10月月考试卷,20,1
西华师大附中,2,1
西华师大附中高一地理卷,1,1
西南大学,1,1
西南大学 附属中学,4,1
西南大学 附属中学化学,1,1
西南大学 附属中学高一下,1,1
西南大学临高实验中学,10,1
西南大学附中高一期末地理试卷2025—2026,12,1
西南大学附属中学开学考,1,1
西南大学附属中学校高一期末生物,5,1
西南大学附属中学高一,1,1
西南大学附属中学高一开学考,1,1
西南财经大学金融学经管国际化创新实验班大一上期末高数试卷,1,1
西双版纳,1,1
西双版纳高一,7,1
西城,10,1
西城 七年级 英语,3,1
西城 七年级 英语 上学期 期中,1,1
西城 新初一,1,1
西城2024-2025七下数学期末,1,1
西城一模初三英语,3,1
西城八上数学,5,1
西城八上期末语文,3,1
西城初三数学期中,2,1
西城初三数学期末,3,1
西城区 七年级 英语 上学期 期中,1,1
西城区一模,7,1
西城区高三二模,6,1
西城区高三统一测试,2,1
西城外国语学校,1,1
西城外国语学校 高中,2,1
西城期中,10,1
西城物理八下,7,1
西城高一期末英语,1,1
西大附中重庆初三英语一模,1,1
西宁八年级上册语文期中试卷,3,1
西宁市2024-2025八年级上册语文期中试卷,13,1
西宁市2026年中考物理,5,1
西宁市七中,13,1
西宁市八,1,1
西宁市小升初分班考,4,1
西宁市小升初升学考试,3,1
西宁市第七中学七年级新生分班考,1,1
西宁市虎台中学,4,1
西宁市高一英语期末,1,1
西宁海湖中学7年级分班考模拟卷,1,1
西安82中数学七年级分班考,1,1
西安82中数学分班考,1,1
西安一中,3,1
西安七年级分班,1,1
西安三中,3,1
西安中学2025~2026学年度第二学期期末考试高一年级生物试题,1,1
西安中学2025月考高一上,2,1
西安九上数学,3,1
西安九年级上册化学期末,1,1
西安九年级上册期末,1,1
西安二十六中,6,1
西安交大少年班录取卷,8,1
西安交大附中,3,1
西安交通大学开学考,1,1
西安交通大学附属中学,4,1
西安八十二中,4,1
西安分班考,1,1
西安华清中学,7,1
西安小升初分班,6,1
西安市三中,1,1
西安市三中物理高一,1,1
西安市中学2025-2026学年下学期七年级期末道德与法治试题,3,1
西安市临潼区华清中学高二,1,1
西安市交大附中2025~2026第二学期期末考试七下数学试题,1,1
西安市八下期末,9,1
西安市曲江一中,6,1
西安市第十,1,1
西安市经开区小升初历年分班考真题,10,1
西安市经开区期末,1,1
西安市铁一中,10,1
西安市铁一中学,3,1
西安市铁一中学2025-2026学年下学期七年级期末政治试题,1,1
西安市铁一中学2025-2026学年下学期七年级期末语文试题,2,1
西安市铁一中学2025-2026学年下学期七年级期末道德与法治试题,2,1
西安市铁一中湖滨,1,1
西安市高新一中,2,1
西安市高新一中2025~2026第二学期期末考试七下数学试题,6,1
西安市高新一中学2025-2026学年下学期七年级期末语文试题,10,1
西安数学小升初,2,1
西安数学高一上月考第一次,3,1
西安新高一开学分班考,4,1
西安滨河,2,1
西安滨河学校,15,1
西安滨河开学考,5,1
西安碑林小升初分班,1,1
西安西工大附中2025高一分班考物理,1,1
西安西工大附中一中,1,1
西安西铁一中,1,1
西安语文小升初分班考语文卷子,3,1
西安铁一 分班考 高一,5,1
西安铁一 分班考 高一 物理,1,1
西安铁一中分班考试,2,1
西安铁一中国际课程班,1,1
西安铁一中高一,2,1
西安铁一中高二物理期末,9,1
西安铁一中高级中学,5,1
西安阎良区西飞一中,3,1
西安高新一中高一第一次月考试卷真题卷,3,1
西安高新十一初七年级分班考,2,1
西安高新十一初分班考,3,1
西安高新十一初小升初,3,1
西安高新十一初数学分班考,2,1
西安高新十一初数学小升初,16,1
西安高新第一小学,6,1
西安高新第二学校,3,1
西安高级中学,2,1
西安高薪十一初,1,1
西山区2025 2026七年级数学,5,1
西山区2025 2026学年上学期期末考试试卷卷,7,1
西岗中学卜慧敏,1,1
西峡,6,1
西峡县,1,1
西川中学,3,1
西川中学九上九上语文,1,1
西川实验,2,1
西川实验学校九上语文,1,1
西工大,9,1
西工大2022三模,9,1
西工大收心考,1,1
西工大附中20,5,1
西工大附中2025高一,1,1
西工大附中2025高一分班考,1,1
西工大附中2026届高三化学一轮复习综合检测卷 新高考通用,1,1
西工大附中2026届高三化学一轮复习综合检测卷（新高考通用）,12,1
西工大附中2026高中高二上,1,1
西工大附中2026高中高二上数学,4,1
西工大附中大练习,2,1
西工大附中月考,2,1
西工大附中第一次月考,4,1
西师附中,1,1
西按铁一中,1,1
西昌一中,1,1
西昌市2025 2026年下学期未试卷高中语文,3,1
西昌市2025 2026年八年级下学期未试卷,1,1
西欧的城市和大学历史练习题目,1,1
西江月夜行黄沙道中,1,1
西海岸,3,1
西海岸新区2024-2025学年度期中考试,3,1
西海岸新区2024-2025学年度期中考试高二,1,1
西海岸新区第二中学,1,1
西海岸新区第二中学月考,1,1
西海岸新区第二中学月考高一,1,1
西海岸新区第二中学高一,1,1
西海岸自招专项,10,1
西游记选择题,1,1
西省赣州市 赣三中高一化学,2,1
西省赣州市 赣三中高一物理,2,1
西航港第一初级中学,6,1
西藏2 025中考真题试卷,5,1
西藏中考2026,2,1
西藏中考生物,7,1
西藏中考藏语文,4,1
西藏八年级上学期阶段检测,3,1
西藏四年级下册,11,1
西藏期末,1,1
西藏民族大学附属中学,2,1
西藏阶段检测,2,1
西附月考西南大学附属中学,1,1
西附纳米12月考,4,1
西附高二十月月考数学卷,1,1
西附高二开学考,3,1
西附高二开学考数学,1,1
西陵区,3,1
西陵区九月,1,1
西陵区九月月考,1,1
西青区期中,2,1
西青区期末,3,1
西青语文,5,1
西飞一中,1,1
西飞一中开学考试,5,1
西飞一中第一次月考,14,1
见面考,4,1
观后感,5,1
观山湖区第七中学信息技术,1,1
观山湖区第七中学初二信息技术,3,1
观山湖第一高级中学,2,1
观庙高中2025高一数学期中卷,2,1
观沧海,1,1
观沧海 2026课件,3,1
规则考试,8,1
规范使用化学用语,7,1
角分线模型,5,1
角平分线,8,1
解 一元二次方程100道,2,1
解 一元二次方程100道计算,2,1
解 一元二次方程100道计算专练,1,1
解 三角 形 0 基础 专题大题,1,1
解 方程100道五年级,3,1
解一元一次方程不等式,3,1
解一元一次方程不等式纯计算,4,1
解一元一次方程纯计算,1,1
解一元一次方程题目,1,1
解三角形专题,1,1
解三角形二级结论,3,1
解三角形大题 2026 高考专题练习,14,1
解三角形大题专练,5,1
解三角形大题综合归类,4,1
解三角形高中大题,5,1
解不等式组 100道计算题,6,1
解不等式组 计算题,3,1
解二元一次方程,3,1
解二元一次方程纯计算,3,1
解决问题,11,1
解多三角,1,1
解放路小学,3,1
解方程应用题,4,1
解方程组,1,1
解方程计算,1,1
解析几何 0 3轮复习专题大题2026,1,1
解析几何一轮,8,1
解析几何二级结论,9,1
解析几何入门,1,1
解析几何全国通用,4,1
解析几何卷子,2,1
解析几何复习,4,1
解析几何小全国通用,6,1
解直角三角形,3,1
解答题,17,1
解题策略科学表述能力高考预测2026年高考生物二轮专项突破,1,1
言蹊,1,1
言蹊联考,3,1
語法填空,1,1
論語十二章2 理解性默写,4,1
计,1,1
计数原理排列与组合,12,1
计算专练,3,1
计算专练二年级,3,1
计算专项,5,1
计算专项分式,4,1
计算专项分数,4,1
计算专项练,3,1
计算化学,1,1
计算化学高一,3,1
计算化学高一产率,2,1
计算天天练 三年级上,2,1
计算天天练六年级上册苏教版,9,1
计算练习,2,1
计算能手,1,1
计算题专练,23,1
计算题的解题技巧,1,1
议论文-阅读单选,2,1
议论文专题,1,1
议论文写作练习,1,1
议论文阅读,2,1
议论文阅读基础知识点,1,1
议论文阅读基础知识点辽宁中考,3,1
记叙文 02025一轮复习专题 现代文阅读,12,1
记叙文答题技巧,1,1
记叙文答题技巧辽宁,5,1
记叙文阅读理解,4,1
记承天寺夜游,1,1
讲义一轮复习,1,1
讲义一轮复习高考,4,1
讲义八上数学,2,1
讲义八上数学人教,15,1
讲义初中数学人教版,4,1
讲义初中数学人教版一次函数复习,1,1
讲义动量,2,1
讲义语文标题,2,1
讲精练,1,1
讲解视频,3,1
讲课,8,1
讷河,1,1
讷河市育才学校2025年摸底考试卷,1,1
许昌,10,1
许昌实验高中新高一开学考,4,1
许昌市2025至2026学年第一学期期末教学素质检验高二数学,3,1
许昌市十二中学,2,1
许昌市建安区第三高级中学,3,1
许昌长葛市四年级下册英语试卷期末,1,1
许昌高一期末数学卷子2024到2025,2,1
许昌高一期末物理卷子,7,1
许昌高一期末物理卷子2024到2025,3,1
许昌高一第二学期期末英语,3,1
许昌高中,1,1
许洛平济,2,1
论语12章基础知识,1,1
论语十二章,9,1
论语十二章导学案,1,1
论语十二章文言知识,1,1
证明,4,1
证明/判断函数的零点个数,3,1
评论卷,1,1
识别字音,1,1
词形变化,2,1
词性专练,3,1
词性变化,6,1
词文必备,1,1
词汇,5,1
词汇专项过关,5,1
词汇分类练,2,1
词汇填空,6,1
词汇语法专项练习,7,1
词语的理解,6,1
诏安县,1,1
诏安县中杨英才高二期末考,1,1
诏安县高二期末考,3,1
译林九上课本,1,1
译林九上课本朗读,1,1
译林出版社英语默写清单,1,1
译林新版,4,1
译林版三上英语第一单元,5,1
译林版八上音频2025,7,1
译林版单词选修二完整版,3,1
译林版小学单词,1,1
译林版必修一Unit1 Back to school Wendy Stephen采访视频,3,1
译林版必修二单词,2,1
译林版必修二单词表,1,1
译林版暑假作业,3,1
译林版英语,6,1
译林版英语预习资料,1,1
译林版选修1词汇表,2,1
译林版高一单词默写版,1,1
译林版高一单词默写版必修二,3,1
译林版高中,1,1
译林版高中语法.,3,1
译林社英语必修三第一单元和第二单元,6,1
试卷三年级上册,1,1
试卷三年级上册泰州,1,1
试卷三年级上册泰州数学,4,1
试卷三年级上册泰州数学期末,1,1
试卷内蒙古初三,3,1
试卷名称：湖南省汨罗市第二中学2024‑2025学年高一上学期开学（新生入学）物理试题,3,1
试卷名称：湖南省汨罗市第二中学2024‑2025学年高一上学期开学（新生入学）英语试题,6,1
试卷名称：辽宁省葫芦岛市绥中县2025‑2026学年七年级下学期第二次质量监测历史试卷,11,1
试卷小升初,5,1
试卷山东,1,1
试卷山东临清聊城,7,1
试卷山东聊城,2,1
试卷数学,3,1
试卷期中六年级数学,1,1
试卷读卡器,4,1
试题优化,1,1
试题卷,19,1
试题汇编,1,1
试题汇编江西,1,1
试题研究,2,1
试题调研,4,1
诗化小说,1,1
诗化小说 2026 高考一轮复习,9,1
诗歌鉴赏练习资料,5,1
诗经,3,1
诚成试题优化,1,1
语 文,23,1
语体,1,1
语体色彩,1,1
语发填空,1,1
语句衔接,1,1
语填,5,1
语境提示填空,1,1
语数外,1,1
语文  句子成分和句子结构,1,1
语文 01 172024 2024年九年级上语文期末真题,1,1
语文 01 172024 2026六年级上语文期末真题,9,1
语文 阅读2026答题技巧,3,1
语文 阅读2026答题技巧讲义,7,1
语文0模,15,1
语文10篇阅读理解,2,1
语文2025年江苏合格考,4,1
语文2026辽宁一模考试卷,5,1
语文Z20,5,1
语文Z20高三,1,1
语文Z20高三！,4,1
语文一轮复习,5,1
语文一轮强基手册,5,1
语文七下期末试卷,1,1
语文万能模板,6,1
语文三年,2,1
语文三年级上册,4,1
语文上册必背篇目,3,1
语文下册 第3单元素材,6,1
语文专项训练,12,1
语文专题,9,1
语文专题07名词默写（情景式）,6,1
语文专题复习成语日积月累,2,1
语文世界赠与我的,1,1
语文中考卷,3,1
语文中考备用卷,1,1
语文中考满分作文,1,1
语文中考满分作文 2026范文整理,1,1
语文中考试卷,1,1
语文中考试卷江西,7,1
语文中考试卷江西真题,3,1
语文九上必备古诗词,6,1
语文九年级上册期末,2,1
语文九年级上册期末济南,2,1
语文九年级必背,1,1
语文九年级必背文言文,3,1
语文书,1,1
语文二卷,2,1
语文二年级拼音,1,1
语文五年级上,1,1
语文五年级上册,1,1
语文五年级上册人教,2,1
语文五年级上安国,6,1
语文五年级上安国人教,1,1
语文人教版,4,1
语文作业,1,1
语文作文 2026年感动中国十大人物,1,1
语文作文世界赠与我的,3,1
语文作文人间共鸣,4,1
语文作文开头结尾精选,3,1
语文作文模考题目,3,1
语文作文范文,4,1
语文作文范文高中,6,1
语文作文题,1,1
语文作文题思辨,3,1
语文作文题目,1,1
语文假期,3,1
语文假期作业,1,1
语文入学考,2,1
语文八上字词,2,1
语文八上字词专练,3,1
语文八下必备古诗词,1,1
语文六年级下册期末考试真题2026年,17,1
语文分班,6,1
语文则徐中学,1,1
语文创新设计,3,1
语文初一人教归类,3,1
语文初三知识点,3,1
语文初中阅读 100篇专项训练,1,1
语文北京卷高考,1,1
语文十月月考,17,1
语文古代文言文古诗默写，理解,1,1
语文古诗默写,3,1
语文句子排序,5,1
语文句子补写,1,1
语文各层次答题模板总结,1,1
语文合格性考试,4,1
语文合格性考试广东,2,1
语文合格考四川,3,1
语文唐诗三百首名著练习题,3,1
语文四年级上册学霸笔记,5,1
语文四年级下,1,1
语文四年级下江苏,4,1
语文园,1,1
语文基础知识,1,1
语文复习,9,1
语文字帖,1,1
语文实词,1,1
语文实词积累,8,1
语文实词积累高中,1,1
语文对比,4,1
语文小升初,1,1
语文小升初试卷,1,1
语文小说,3,1
语文开学考,1,1
语文必修一,1,1
语文必修一默写,2,1
语文必修上下册文言文字词翻译汇总,1,1
语文必修二,2,1
语文必修二第三单元素材,1,1
语文必备60篇古诗文,3,1
语文必高一默写,5,1
语文成语,6,1
语文抢答小游戏,1,1
语文拼音专项练习,4,1
语文排序,4,1
语文排序专利,1,1
语文排序专练,1,1
语文排序训练,4,1
语文教考链接05治国之道下,1,1
语文教考链接治国之道,4,1
语文教考链接治国之道下,2,1
语文散文,5,1
语文散文专项,2,1
语文文言文,1,1
语文文言文 100篇专项训练,2,1
语文文言文 100篇专项训练高考,4,1
语文文言文初中五四制,5,1
语文文言文实词高中,8,1
语文文言文对比,1,1
语文文言文答题技巧,2,1
语文文言文选择题,5,1
语文新高二开学考2026年,8,1
语文新高二开学考。,1,1
语文昆山,13,1
语文昆山四市,6,1
语文暑假测试作业一,3,1
语文最后一卷,1,1
语文月考,9,1
语文望城,4,1
语文期中昆山,4,1
语文期中￥qu0dgGizWg2￥/ HU7405,1,1
语文期初,8,1
语文期末,5,1
语文期种,1,1
语文模拟卷,2,1
语文模板,4,1
语文江苏,3,1
语文济南一模,1,1
语文现代文,2,1
语文现代文阅读,1,1
语文现代文阅读专题,3,1
语文现代文阅读专题九年级,4,1
语文现代文阅读八年级第一单元,1,1
语文现代文阅读八年级第一次月考,1,1
语文病句训练,3,1
语文短语类型,1,1
语文竞赛湖南,3,1
语文竞赛长沙,4,1
语文第一单元A卷,7,1
语文第一次月考,14,1
语文答题模板 高中,2,1
语文答题模板答题技巧 高中,3,1
语文简爱名著练习题,3,1
语文自招,2,1
语文英语合格考,3,1
语文英语阅读试卷七年级上册,15,1
语文范文,15,1
语文范文10篇,3,1
语文解答题,7,1
语文议论文写作练习,1,1
语文议论文阅读,13,1
语文记叙文,2,1
语文词性,5,1
语文词性专练,1,1
语文试卷 2026年高三,2,1
语文试卷 答案,6,1
语文语言艺术题,5,1
语文课,1,1
语文课后素养评价选择性必修中册,1,1
语文课后素养评价选择性必修中册电子版,7,1
语文课本电子版,1,1
语文选修三,1,1
语文选修下,1,1
语文选必上,1,1
语文选必下期末,3,1
语文选择性必修中册文言文原文,1,1
语文部编版,1,1
语文长沙,3,1
语文阅渎理解10篇！,7,1
语文阅读 100篇专项训练高中,4,1
语文阅读理解 100篇专项训练,2,1
语文阅读理解 初中,4,1
语文阅读理解20篇,1,1
语文阅读理解现代文,5,1
语文阅读理解现代文专项练习,4,1
语文阅读理解答题技巧,8,1
语文阅读真题哈尔滨,19,1
语文非连续性文本阅读,1,1
语文高一上月考,3,1
语文高一下期末测试卷例文,2,1
语文高一我卷,6,1
语文高一月考,8,1
语文高一阅读理解,3,1
语文高三上学期开学考,39,1
语文高三作文范文,1,1
语文高三模拟题,1,1
语文高三模拟题辽宁,4,1
语文高三第一次模拟卷,8,1
语文高三范文10篇,2,1
语文高中分班考试卷,9,1
语文高中虚词,4,1
语文高中诗歌答题模板,5,1
语文高中阅读材料专项训练,2,1
语文高二,5,1
语文高二下期末吉林 考试卷,3,1
语文高考2025全国二卷,1,1
语文高考一模,7,1
语文高考一轮,1,1
语文高考专项练习,4,1
语文高考二卷,1,1
语文高考二模,1,1
语文高考写作名言名句和事例,6,1
语文高考模拟,2,1
语文高考模拟卷,5,1
语文高考领航大一轮复习资料,2,1
语文默写,9,1
语文，高一入学考试试卷,2,1
语文：搞定120个文言文常用实词,6,1
语法-句法,15,1
语法专项全套,1,1
语法专项全套八年级上册,1,1
语法专项练习,3,1
语法专题,5,1
语法仁爱版,4,1
语法初中,1,1
语法初中练习卷子,3,1
语法单选,4,1
语法填空 100篇专项训练,1,1
语法填空 100篇专项训练高三,2,1
语法填空 专项训练高三,3,1
语法填空 英语高考真题,4,1
语法填空 高一,12,1
语法填空一轮复习,2,1
语法填空一轮复习整篇练习,2,1
语法填空专练,2,1
语法填空专项词汇高二,10,1
语法填空专项题高中,3,1
语法填空之无提示词,1,1
语法填空人教版,4,1
语法填空整篇练习,1,1
语法填空整篇练习高三,1,1
语法填空整篇练习高三复习,1,1
语法填空练习,5,1
语法填空解题技巧,3,1
语法填空题,2,1
语法填空高一,1,1
语法填空高一。上海户外教版。英语。,15,1
语法填空高三,3,1
语法填空高中,3,1
语法详解,2,1
语法详解2026九年级上册人教版,15,1
语病搭配不当,1,1
语病搭配不当ppt,3,1
语篇填空26,3,1
语篇填空谓语和非谓语,16,1
语篇填空题,2,1
语言文字运用3年汇编,1,1
语言艺术题,1,1
语言表达连贯,6,1
诱导公式练习,2,1
说明文答题模板,16,1
诸侯纷争与变法运动,5,1
诸城市中考,3,1
诸城市六年级,5,1
诸城市合格考,6,1
诸城市贯通,1,1
诸暨,5,1
诸暨小升初分班数学,3,1
诸暨市,7,1
诸暨市2025年12月高三诊断性考试试题化学,1,1
诸暨市2025年高三诊断性考试.,2,1
诸暨市分班考,22,1
诸暨市开学分班考,27,1
诸暨数学九年级上,1,1
诸暨英语九年级上,1,1
诸神韩高级中学高一2025至2026年度月考考试,1,1
诸葛亮与出师表,2,1
诸葛亮舌战群儒,3,1
诺曼底号遇难记,1,1
读后续写专题,1,1
读后续写翻译,7,1
读后续写语,1,1
读后续写语言描写,1,1
读后续写金句意大利体,1,1
读后续语言,1,1
读后续语言写,1,1
课下注释回扣精选,1,1
课下注释回扣精选精编,3,1
课件PPT,5,1
课内,3,1
课内古诗文复习册,8,1
课内阅读,1,1
课后单词表,4,1
课后培优分级练物理必修第1册,4,1
课后素养评价选择性必修中册电子版,1,1
课堂过关循环练8年级上册英语2026年,3,1
课外古诗词诵读,1,1
课改班,5,1
课文,6,1
课文整体感知,1,1
课文电子版,2,1
课文音频,1,1
课时11正午太阳高度的变化,5,1
课时作业本7上,1,1
课时提优作业本,1,1
课时提优作业本九上化学沪教,4,1
课时数智作业,1,1
课时数智作业高中,4,1
课时训练,3,1
课本 20024八年级上册英语,1,1
课本 20024电子,2,1
课本 2026八年级上册,1,1
课本 2026八年级上册语文,4,1
课本2024版九上政治,4,1
课本习题,13,1
课本例题,2,1
课本八上数学,3,1
课本单词表 电子版,1,1
课本必修二,1,1
课本必修二英语跟读,1,1
课本数学,1,1
课本生物,2,1
课本高一,2,1
课课帮,8,1
调查,1,1
调研考8月,8,1
调研考试,7,1
谊华实验学校,3,1
谓语动词和非谓语动词,3,1
谓语动词思维导图,1,1
谓语非谓语,4,1
谢家湾,7,1
谢家湾小学,9,1
谢明波,6,1
谷城初一分班考,2,1
豆,1,1
豆花儿三开,3,1
豫西北教研联盟第四次检测,4,1
豫西北教研联盟第四次资料检测,1,1
豫西北教研联盟（洛平许济）2025—2026学年高三年级第四次质量检测生物,5,1
责任与担当作文,2,1
货币政策与财政正常,1,1
质心,1,1
质心机构卷,2,1
质心机构物理竞赛卷,3,1
质心法,3,1
质检卷,1,1
质检卷2026福建高三,3,1
质点真题,4,1
质量与密度 2026专题复习,6,1
质量与密度 专练,1,1
质量天平,3,1
质量守恒定律练习,6,1
质量概念,6,1
购物,20,1
贯通班 八年级 数学,1,1
贵 百 河,12,1
贵 阳 市 2 0 2 6 届 三 年 级 9月,1,1
贵 阳 市 2 0 2 6 届 三 年 级 七校联考生物,4,1
贵 阳 市 2 0 2 6 届 三 年 级 摸 底 考 试 试 卷,2,1
贵 阳 市 2 0 2 6 届 三 年 级 模拟考试,3,1
贵州 高一数学 基础题,2,1
贵州2025年高二,1,1
贵州2025年高二月考,1,1
贵州2025政治,1,1
贵州2025高考化学真题,3,1
贵州2026年中考物理,1,1
贵州2026黔东南数学,4,1
贵州25年语文会考卷,1,1
贵州一年级上学期阶段检测,2,1
贵州中考,3,1
贵州中职,18,1
贵州九年级上学期阶段检测,6,1
贵州二模,4,1
贵州六盘水市高三开学市一模，零诊,2,1
贵州化学竞赛,2,1
贵州师范大学附属中学,11,1
贵州期中,4,1
贵州期末,50,1
贵州期末考题,1,1
贵州期末考题高一,6,1
贵州期末考题高第二学期一,5,1
贵州毕节一模,5,1
贵州毕节市2025 2026学年高二下学期期末质量检测 化学试卷,1,1
贵州省,7,1
贵州省2024年数学高考二卷,1,1
贵州省2024年新高考“大数据赋分”诊断性联合测试高一语文试题,1,1
贵州省2025-2026高三,1,1
贵州省2025-2026高三上学期,1,1
贵州省2025-2026高三上学期8月联考政治,1,1
贵州省2025-2026高三上学期9月联考,1,1
贵州省2025-2026高三上学期9月联考政治,1,1
贵州省2025-2026高三第一次模拟考试,3,1
贵州省2025年初中学业水平考试,5,1
贵州省2025年初中学业水平考试试题卷,9,1
贵州省2025年数学高考,1,1
贵州省2025年数学高考二卷,3,1
贵州省2025年普通高中地理,1,1
贵州省2026 期末遵义市联考高二 语文,1,1
贵州省2026中考,4,1
贵州省2026年7月普通高中学业水平合格性考试历史试卷,1,1
贵州省2026年高考,1,1
贵州省六盘水市2025至2026学年高二年级下学期期末质量检测生物学试卷,3,1
贵州省六盘水市盘州市,5,1
贵州省凯里市第一中学2025-2026学年高三第一学期周测（十一）试卷,3,1
贵州省初中历史卷,2,1
贵州省化学合格性测试,1,1
贵州省北京师范大学附属中学,4,1
贵州省台江一中化学,1,1
贵州省安顺市2025第一次模拟考试,1,1
贵州省毕节市部分县区2024至2025学年高二下学期期末生物试题,2,1
贵州省毕节市金沙县2024-2025,4,1
贵州省毕节市金沙县2024-2025中小学教学质量检测卷,6,1
贵州省清华中学,3,1
贵州省贵阳市2025-2026高二下学期物理期末,7,1
贵州省贵阳市2025-2026高二物理期末,13,1
贵州省贵阳市2025—2026高二下学期物理期末,13,1
贵州省贵阳市2026年高二年级上册圆锥曲线专项测试卷,10,1
贵州省贵阳市云岩区二年级下学期期末考试试卷,1,1
贵州省贵阳市云岩区二年级期末考试试卷,1,1
贵州省贵阳市入门考,1,1
贵州省贵阳市第一中学,4,1
贵州省遵义市2024至20258上数学期中卷,1,1
贵州省遵义市2025至202六七年级数学期末统考卷。,12,1
贵州省遵义市分班考,5,1
贵州省遵义市播州区分班考,4,1
贵州省遵义市航天中学2025小升初卷子,2,1
贵州省铜仁市2026年7月份期末考试测试卷,6,1
贵州省铜仁市2026年7月份期末考试测试卷数学,2,1
贵州省铜仁市2026年7月份期末质量监测高一化学,2,1
贵州省铜仁市2026年7月份期末质量监测高一物理,1,1
贵州省铜仁市2026年7月份期末质量监测高一生物,5,1
贵州省高三2025第一次模拟考试,1,1
贵州省黔东南五年级下册数学试卷,6,1
贵州省黔东南台江一中化学,5,1
贵州省黔东南天柱县五年级下册数学试卷,5,1
贵州省黔南州2023-2024高二上物理期末卷子,1,1
贵州省黔南州2024~2025学年六年级下册期末检测语文试卷,1,1
贵州省黔南州2025-2026学年度第二学期地理期末卷子,1,1
贵州省黔南州2025-2026高二下地理期末卷子,6,1
贵州省黔南州2025-2026高二下物理期末卷子,3,1
贵州省黔南州2026~2027学年六年级下册期末检测语文试卷,7,1
贵州贵阳市2025—2026学年高二下学期物理期末测试模拟试卷,2,1
贵州贵阳市2025—2026学年高二下学期物理期末测试模拟试卷（02）,12,1
贵州遵义2026高一下数学期末试卷,1,1
贵州遵义市2025~2026 学年八年级 下学期期末 英语试题,6,1
贵州遵义市高二期末数学卷,2,1
贵州遵义高一下数学期末试卷,1,1
贵州遵义高一数学期末试卷,1,1
贵州遵义高一期末试卷,1,1
贵州铜仁,3,1
贵州高一上学期学考,1,1
贵州高一下学期学考,3,1
贵州高考,3,1
贵州高考 2025高考真题,1,1
贵州高考卷,1,1
贵州黔东南2025-2026五下期末卷,4,1
贵州黔东南九年级上学期第一次月考,1,1
贵州黔东南九年级上学期阶段检测,1,1
贵州黔南九上,1,1
贵港八上八人教版英语第一单元试卷,3,1
贵港市,6,1
贵港市江南中学,5,1
贵港市浔州高级中学,2,1
贵港市玉林,1,1
贵港市覃塘区八年级上册数学,12,1
贵港市覃塘区高级中学,1,1
贵阳,5,1
贵阳2024届,1,1
贵阳2025届.摸底,5,1
贵阳一中高三生物模拟考,1,1
贵阳七年级道德与法律课件,1,1
贵阳实验三中,2,1
贵阳市,13,1
贵阳市2025届高三年级历史摸底考试试卷,7,1
贵阳市2026中考,12,1
贵阳市2026会考,1,1
贵阳市2026年中考,21,1
贵阳市2026高三物理摸底卷,3,1
贵阳市2026高三适应性考试化学,3,1
贵阳市2027届高一年级联合考试（一）物理试卷,2,1
贵阳市20二六届高三年级摸底考试数学,4,1
贵阳市乌当区为明中学,14,1
贵阳市初一入学分班考试卷,1,1
贵阳市初一入学考试卷,1,1
贵阳市初一分班考试卷,1,1
贵阳市小升初分班考试卷,2,1
贵阳市普通中学2023-2024学年度第一学期期末监测 高一物理（统考原卷）,5,1
贵阳市泽诚中学,9,1
贵阳市第一中学,4,1
贵阳市第十七中七年级上册考试试卷,8,1
贵阳市重点中学入学考试卷,1,1
贵阳市高三年级8月摸底历史考试试卷,7,1
贵阳市高三年级8月摸底政治考试试卷,5,1
贵阳市高三年级8月摸底数学考试试卷,16,1
贵阳市高三年级8月摸底考试试卷,3,1
贵阳市高三年级8月摸底英语考试试卷,9,1
贵阳市高三年级8月摸底语文考试试卷,12,1
贵阳市高三年级摸底考试试卷,2,1
贵阳市高三年级适应性考试二,3,1
贵阳市高三开学考数学试卷,5,1
贵阳观一高9月份第一次月考数学试卷,3,1
贵阳高三第1次。适应性考试,11,1
贵阳高三第1次模拟考试,1,1
费县,13,1
费孝通在乡土中国,1,1
费马 点八年级专题,4,1
费马点及加权费马点,1,1
贺州市,93,1
贾桂龙,4,1
资中县社区工作者,3,1
资料ID45551563,1,1
资料ID59147956,19,1
资阳市,10,1
资阳市中考,9,1
资阳市中考数学,1,1
资阳市中考数学试卷,1,1
资阳市中考生物地理,2,1
资阳市安岳县数学中考,1,1
资阳市安岳数学,1,1
资阳市安岳数学2026年,1,1
资阳市安岳数学2026年，初二,4,1
资阳市高一下册期末数学,6,1
资阳高一期末,4,1
资阳高中二年级下学期期末化学,2,1
赏析艺术技巧,2,1
赏析语言,2,1
赔偿损失,1,1
赢,1,1
赢在中考黄金八,1,1
赢在微点 2026大1轮复习,3,1
赢在微点 2027大1轮复习,3,1
赢在微点数学,1,1
赢在微点课堂小练英语,1,1
赢在高考2027,4,1
赢在高考黄金八卷,1,1
赣三中高一物理,2,1
赣县,14,1
赣吉抚,11,1
赣州一模,4,1
赣州三中,1,1
赣州三中高二第一次月考,1,1
赣州中学,1,1
赣州中学高一上学期第一次化学月考,1,1
赣州中学高一上学期英语月考,2,1
赣州会昌,5,1
赣州四年级下学期期末考试,1,1
赣州市 2025 2026第二学期期末考试,6,1
赣州市18县24小2024到2025年高二上学期11月期中联考物理,22,1
赣州市2026年高三年级适应阶段性考试地理试卷,1,1
赣州市八年级上学期期末数学,3,1
赣州市厚德外国语学校高一上学期英语月考英语月考,2,1
赣州市基础学科拔尖创新人才培养样本数据采集测试,3,1
赣州市章贡区七上语文期末,7,1
赣州市章贡区七上语文期末2025至 2026,5,1
赣州市高一上学期期中考试,7,1
赣州市高一上学期期末考试,2,1
赣州市高一下学期期中考试,1,1
赣州数学中考,3,1
赣抚吉26年开学考试,5,1
赣榆区苏教版,1,1
赣榆高级中学高一上学期第一次数学期中考试,10,1
赤 壁 赋,12,1
赤壁市,15,1
赤壁市第五初级中学,3,1
赤壁赋PPT,10,1
赤壁赋一轮复习,4,1
赤壁赋填空,5,1
赤壁赋复习,3,1
赤壁赋生字词,5,1
赤峰,1,1
赤峰二中,2,1
赤峰二中2025 2026,1,1
赤峰四中2025，9月份试卷,4,1
赤峰巴林左旗,6,1
赤峰市,1,1
赤峰市2025 2026 高二下期末考试,1,1
赤峰市2026联考,9,1
赤峰市中考,1,1
赤峰红山去,1,1
赤峰红旗中学高二上第1次月考数学,3,1
赤峰高一下期末,9,1
赫山区八上物理2025期中,14,1
赫山区八上物理2025期末,1,1
赫行小升初,11,1
赫行语文,1,1
赫行语文小升初,8,1
走班,3,1
走近国家机构,3,1
走近细胞,1,1
走进化学世界测试卷,3,1
走进化学世界预习,2,1
走进化学的世界,31,1
走进化学的世界单元卷,7,1
走进国家机构,1,1
赵东峰,1,1
超级考卷江西专版语文答案,10,1
超级考卷江西八下答案,1,1
超级课堂,2,1
超越函数,3,1
超越函数八大图像,2,1
超越函数图像,1,1
越城区,2,1
越看,1,1
越秀区 七年级上册数学 月考,1,1
越秀区区统考高一,2,1
越秀区十六中期中,2,1
越秀区期中,4,1
越秀区期中十六中,2,1
越秀区育才,2,1
越秀区育才分班考,1,1
越秀区育才学校分班入学考,1,1
越秀区育才学校分班测英语试卷,5,1
越秀区育才学校分班测试卷,1,1
距离,3,1
跟读音频,1,1
跨学科26年一模,1,1
跨学科26年一模徐汇,1,1
路北区,3,1
路北区2025-2026五年级上册期中测试卷,3,1
车城中学,11,1
轩,1,1
转换参考系,1,1
轴对称,3,1
轻轻松松学英语,1,1
载望,5,1
辅仁中学,4,1
辅仁高一上2025,4,1
辅仁高一上2025数学期中,2,1
辅仁高一上2025数学第一次月考,2,1
辅仁高一上2025语文,5,1
辅助线,3,1
辅助角高一,3,1
辅轮中学,3,1
辉县一中,1,1
输电动态分析,1,1
辰溪县第一中,2,1
辰溪县第一中分班考试,6,1
边界,1,1
边界场,3,1
辽南 高一 英语,3,1
辽南 高二 英语,3,1
辽南协作体,5,1
辽南协作校,14,1
辽南协作校高二9月份开学考,16,1
辽吉黑内蒙古高考题,1,1
辽宁 中考英语 2026,2,1
辽宁2025 2026学年度第二学期期末教学质量检测,4,1
辽宁2025-2026高二上9月月考,3,1
辽宁2025-2026高二上开学初,5,1
辽宁2025-2026高二开学初,1,1
辽宁2026中考,4,1
辽宁2026中考英语,1,1
辽宁2026高考真题,3,1
辽宁24中高一上化学期末题,1,1
辽宁5上期末卷,11,1
辽宁7年级上数学期末题,1,1
辽宁7年级上英语期末题,4,1
辽宁9月开学考,2,1
辽宁cuyi,2,1
辽宁七年级上学期期末,17,1
辽宁七年级上学期阶段检测,2,1
辽宁七校协作体2025-20267高一下5月,1,1
辽宁七校协作体高一上学期10月物理试题,5,1
辽宁东北育才高二,4,1
辽宁东北育才高二9月,4,1
辽宁中考123,4,1
辽宁中考2025地理,3,1
辽宁中考化学2025,6,1
辽宁中考卷2026,5,1
辽宁中考听力,3,1
辽宁中考总复习,3,1
辽宁中考物理真题,1,1
辽宁中考英语,7,1
辽宁丹东,1,1
辽宁丹东市,4,1
辽宁九年级下学期期末,1,1
辽宁二年级上学期阶段检测,5,1
辽宁二模,1,1
辽宁五校联盟2025‑2026学年度下学期期末试卷 高二英语,3,1
辽宁五校联考2025 2026高二上月考,2,1
辽宁五校联考2025-2026高一下,1,1
辽宁五校联考2025-2026高二上月考,5,1
辽宁八下物理期末题,7,1
辽宁八年级上册语文期中考试卷,8,1
辽宁八年级上学期期中,27,1
辽宁八年级上学期阶段检测,3,1
辽宁八年级下学期期末,26,1
辽宁八年级下学期阶段检测,3,1
辽宁初一数学题,5,1
辽宁初一数学题计算题,12,1
辽宁初升高9月开学月考数学,7,1
辽宁协作体,3,1
辽宁协作体2025-20267高一下5月,3,1
辽宁合格考,1,1
辽宁合格考英语,3,1
辽宁合格考语文,2,1
辽宁名校联盟2025-2026高二上,2,1
辽宁名校联盟2025联考,10,1
辽宁名校联盟9月高三生物,5,1
辽宁名校联盟化学高二上,4,1
辽宁名校联盟数学,1,1
辽宁名校联盟数学9月份,6,1
辽宁名校联盟生物高二上,8,1
辽宁名校联盟高三上学期开学考,22,1
辽宁名校联盟高三上开学考试,1,1
辽宁名校联盟高三下开学考试,1,1
辽宁名校联高一上数学,4,1
辽宁地生中考真题,1,1
辽宁大连24中高一上化学期末题,2,1
辽宁大连二十四中高一上开学考试,1,1
辽宁大连市2025~2026学年7年级下学期7月期末道德与法治试题,7,1
辽宁大连市重点学校2025~2026开学考免费,9,1
辽宁大连市重点学校2025~2026月考题,2,1
辽宁学业水平,1,1
辽宁学业水平测试,3,1
辽宁学易金卷高一物理,4,1
辽宁宁名校联盟高二上2024~2025数学9点月份,2,1
辽宁宁名校联盟高二上2024~2025物理不9月份,7,1
辽宁宁点石联盟高二上2024~2025生物9月份,5,1
辽宁宁点难石联盟高二上2024~2025数学9月份,1,1
辽宁实验中学高一上化学期末题,1,1
辽宁实验中学高二数学,1,1
辽宁实验中学高二数学上,3,1
辽宁实验中学高二数学上第一次月考,2,1
辽宁实验学校高二考试数学卷子,5,1
辽宁实验英语,2,1
辽宁开学考试,14,1
辽宁必修一期末测试,1,1
辽宁必修一期末测试物理,1,1
辽宁抚顺第一中学3025-2026高一下学期4月,3,1
辽宁数学,1,1
辽宁数学2026,3,1
辽宁数学2026二卷,1,1
辽宁数学八上,4,1
辽宁月考数学,2,1
辽宁朝阳二高,1,1
辽宁朝阳二高期中,1,1
辽宁朝阳北票中考,5,1
辽宁朝阳市朝阳一中燕都分校期末道法试卷,2,1
辽宁朝阳市重点高中 2025年到2026 To年度下学期期末高一英语试卷,1,1
辽宁朝阳市重点高中，2025年到2026，To年度下学期期末高一英语试卷,4,1
辽宁朝阳高三一轮复习,1,1
辽宁期中数学,1,1
辽宁期末,8,1
辽宁期末考试卷,1,1
辽宁本溪六年级上学期阶段检测,2,1
辽宁本溪市2025~2026学年7年级下学期7月期末道德与法治测试题,3,1
辽宁本溪市2025~2026学年7年级下学期7月期末道德与法治测试题答案,1,1
辽宁本溪市2025~2026学年下学期7月期末,3,1
辽宁沈阳市东北育才学校2025~2026学年高三下学期第二阶段考试数学试题,4,1
辽宁沈阳市省重点高中五校联考英语,3,1
辽宁沈阳市第一二0中学2025-2026学年高二下学期第三次质量检测语文试卷,3,1
辽宁沈阳市辽中区2025-2026学年八年级下学期7月期末语文试题,1,1
辽宁沈阳高三英语,3,1
辽宁沈阳，中考大东区,10,1
辽宁海城小学5年级数学期末,3,1
辽宁滨城高中联盟2024-2025学年度上学期高二期中考试化学,4,1
辽宁点石联盟高二上2024~2025物理9月份,7,1
辽宁点石联考,9,1
辽宁物理2026,3,1
辽宁物理2026二卷,7,1
辽宁物理2026二卷高考,3,1
辽宁物理2026高考,1,1
辽宁物理真题,2,1
辽宁生地会考,2,1
辽宁盘锦一模语文,1,1
辽宁盘锦市高级中学高一上学期期末数学试卷,1,1
辽宁省,6,1
辽宁省 0222023名校 联盟2026,1,1
辽宁省 2026 年普通高等学校招生选择性考试化学,7,1
辽宁省 名校 联盟2025化学,1,1
辽宁省 名校 联盟2025化学高三九,7,1
辽宁省2024年中考数学试卷,4,1
辽宁省2025年高三上开学考9月名校联盟,5,1
辽宁省2025年高三上开学考9月名校联盟数学,26,1
辽宁省2025年高三上开学考化学9月名校联盟,4,1
辽宁省2025至2026数学中考,5,1
辽宁省2026年5月份高一年级学情调研物理,4,1
辽宁省2026年中考英语试卷,2,1
辽宁省2026年期末历史七年级下册,4,1
辽宁省2026年期末地理七年级下册,3,1
辽宁省2026年期末政治七年级下册,3,1
辽宁省2026年期末数学七年级下册,12,1
辽宁省2026年期末生物七年级下册,1,1
辽宁省2026年期末英语七年级下册,3,1
辽宁省2026年期末语文,2,1
辽宁省2026年期末语文七年级下册,10,1
辽宁省2026年高考化学试卷,1,1
辽宁省7校,1,1
辽宁省7校协作体,1,1
辽宁省7校协作体高一上,1,1
辽宁省七校,3,1
辽宁省七校协作体11月高一联考化学试题,6,1
辽宁省七校协作体高一上,1,1
辽宁省七校协作体高一上10月,3,1
辽宁省七校协作体高二期初,1,1
辽宁省东北育才中学,13,1
辽宁省中考化学卷,1,1
辽宁省中考历史卷,1,1
辽宁省丹东市24-25初三期末化学,4,1
辽宁省丹东市24-25初三期末化学答案,2,1
辽宁省丹东市25-26期末化学,1,1
辽宁省丹东市东港市第三中学,5,1
辽宁省丹东市凤城市凤城三中上学期期中测试,19,1
辽宁省丹东市凤城市第二中学2025-2026学年高二上学期第一次月考物理试题,1,1
辽宁省丹东市初三25-26期末化学,1,1
辽宁省丹东市第二中学2015~2016学年高一上说71月月考物理试题,2,1
辽宁省丹东市高三上学期期二轮测试数学考试试卷,4,1
辽宁省九师联盟,2,1
辽宁省九师联盟 地理,1,1
辽宁省九师联盟 物理高二,4,1
辽宁省九师联盟 高二,1,1
辽宁省九师联盟 高二 物理,6,1
辽宁省五校联盟 2027 届高二下学期期末考试英语试题,1,1
辽宁省五校联考,1,1
辽宁省五校联考化学,4,1
辽宁省五校联考高三,3,1
辽宁省人教版数学小升初考试,3,1
辽宁省八上数学期中考试,6,1
辽宁省八上物理期中考试,4,1
辽宁省八上英语期末考试,9,1
辽宁省八上语文,7,1
辽宁省八年级上册数学期末,3,1
辽宁省十月联考,1,1
辽宁省单招考试科目,7,1
辽宁省吉林长春市,1,1
辽宁省吉林长春市德,1,1
辽宁省吉林长春市德惠市,4,1
辽宁省名校联盟2024年高三9月份联合考试,1,1
辽宁省名校联盟2024高三九月,1,1
辽宁省名校联盟2024高三九月生物,3,1
辽宁省名校联盟2025-2026学年高三上学期9月,4,1
辽宁省名校联盟2025年高10月份联考试卷,1,1
辽宁省名校联盟2025年高三九月,1,1
辽宁省名校联盟2025年高考模拟卷信息卷物理,4,1
辽宁省名校联盟2025年高考模拟卷押题卷物理一,13,1
辽宁省名校联盟2026,3,1
辽宁省名校联盟2026年高考模拟卷（调研卷）,15,1
辽宁省名校联盟9月,4,1
辽宁省名校联盟二模,9,1
辽宁省名校联盟高三9月开学考试,13,1
辽宁省名校联盟高三上学期开学联合考试,4,1
辽宁省名校联盟高三开学考,3,1
辽宁省名校联盟高二上9月联合考试,6,1
辽宁省名校联盟高二上数学月考,4,1
辽宁省大连市2025-2026中考语文,8,1
辽宁省大连市2026年高三一模,6,1
辽宁省大连市2026年高三双基模拟考试数学试题,2,1
辽宁省大连市中山区2025八年级上期中考试,8,1
辽宁省大连市中山区2026年八年级上期末考试数学,5,1
辽宁省大连市期末学情质量检测2025-2026学年八年级数学下学期7月期末.pdf,16,1
辽宁省大连市瓦房店市2025——2026学年八年级下学期7月期末…,1,1
辽宁省大连市甘井子区七年级下册语文期末考试,3,1
辽宁省大连市第24中学高三年级模拟考试。,11,1
辽宁省大连市第七十六中学七年级下册语文,2,1
辽宁省大连市第七十六中学七年级下册语文期末考试,3,1
辽宁省大连市第七十六中学八年级上册数学月考试卷10月,1,1
辽宁省大连市第八中学,2,1
辽宁省大连市第八中学高三下学期生物,4,1
辽宁省大连第二十四中学2026届高三上学期适应性测试数学试题,2,1
辽宁省大连育明高级中学,6,1
辽宁省大连育明高级中学2025-2026学年高二下学期7月期末考试试题,1,1
辽宁省实验 东北师大附中,1,1
辽宁省实验26年高三英语,5,1
辽宁省实验中学2025-2026学年高三年级下学期模拟预测数学试卷,3,1
辽宁省实验中学期中考试,2,1
辽宁省实验中学高一上月考数学,2,1
辽宁省实验中学高三数学10月考,2,1
辽宁省实验中学高三数学月考,1,1
辽宁省实验中学高二上学期开学考试,2,1
辽宁省实验中学高二上期中数学,3,1
辽宁省实验中学高二上期中物理,1,1
辽宁省实验中学高二期中数学,1,1
辽宁省实验高一上第一次月考,1,1
辽宁省实验高一数学,2,1
辽宁省实验高一数学第一次月考,12,1
辽宁省实验高一物理期末,1,1
辽宁省实验高一生物期末,1,1
辽宁省实验高二上期初,4,1
辽宁省新民市高三上学期开学考数学,11,1
辽宁省新民市高三上学期开学考物理,8,1
辽宁省新民市高三上学期开学考生物,6,1
辽宁省普通高中学业水平合格性考试数学,3,1
辽宁省朝阳市,4,1
辽宁省朝阳市一中试卷,1,1
辽宁省朝阳市双塔区一中七中英语卷,4,1
辽宁省朝阳市双塔区一中英语八年级其中试卷,5,1
辽宁省朝阳市双塔区其中考试试卷,1,1
辽宁省朝阳市双塔区第一中学八年级上学期期中考试,1,1
辽宁省朝阳市建平县实验中学2024-2025学年上学期高三12月月考数学试题,1,1
辽宁省朝阳市建平县第二高级中学,4,1
辽宁省朝阳市第一高级中学,3,1
辽宁省朝阳市第一高级中学期初,1,1
辽宁省朝阳市英语八年级上学期其中考试试卷,3,1
辽宁省本溪市明山区学校,2,1
辽宁省模拟考试,31,1
辽宁省沈阳东北育才高中2015~2016学年高一上学期第一次月考物理试题,2,1
辽宁省沈阳大连高三英语,3,1
辽宁省沈阳市 2025~2026语文卷子期中 七上,1,1
辽宁省沈阳市 2025~2026语文卷子期中 九上,1,1
辽宁省沈阳市东北育才学校2024至2029年高三上期第一次模拟考试及假期质量这是数学试卷答案,3,1
辽宁省沈阳市东北育才学校2025至2026学年高三上学期第二次周练数学数试卷答案,5,1
辽宁省沈阳市东北育才学校2026届高三上学期第一次周练物理试卷,6,1
辽宁省沈阳市中考题,9,1
辽宁省沈阳市于洪区沈师二校七上,18,1
辽宁省沈阳市五校协作体高一上学期期中考试数学试题,13,1
辽宁省沈阳市和平区考卷儿,1,1
辽宁省沈阳市四十三中学2025-2026学年八年级上学期数学10月月考试题,1,1
辽宁省沈阳市小三校2023-2024学年高三上10月联考,9,1
辽宁省沈阳市沈师二校,4,1
辽宁省沈阳市沈师二校七上,1,1
辽宁省沈阳市沈河区2025-2026学年8年级下学期期末试卷,1,1
辽宁省沈阳市沈河区2025-2026学年9年级上学期期末试卷,3,1
辽宁省沈阳市沈河区2025-2026学年9年级下学期期末试卷,1,1
辽宁省沈阳市法库县东湖一中9月月考卷七年级上册数学,2,1
辽宁省沈阳市皇姑区2025-2026学年9年级上学期期末试卷,1,1
辽宁省沈阳市虹桥初级中学试卷,3,1
辽宁省沈阳市虹桥初级中学试卷月考,5,1
辽宁省沈阳市铁西区 2025~2026数学卷子期中 七上,1,1
辽宁省沈阳市铁西区 2025~2026语文卷子期中 七上,5,1
辽宁省沈阳市铁西区一二七中学八年级上学期摸底测试,3,1
辽宁省沈阳市铁西区一二七中学八年级上学期期末数学,4,1
辽宁省沈阳市高三上学期期初考试化学试题,1,1
辽宁省点石联考高三9月,3,1
辽宁省点石联考高三9月数学,1,1
辽宁省点石联考高三期初,4,1
辽宁省盘锦市辽河油田第一高级中学2025-2026学年高一上学期10月月考(数学),6,1
辽宁省联盟2025高三12月份联考,8,1
辽宁省联盟高三12月份联考,30,1
辽宁省营口市,1,1
辽宁省营口市初中,3,1
辽宁省葫芦岛市第六初级中学2025-2026学年七年级上学期分班考试语文试卷,3,1
辽宁省辽宁省部分学校2025-2026学年高三上学期9月开学联考数学试题,6,1
辽宁省辽西部分高中协作体高一上学期期中考试化学,20,1
辽宁省辽西重点高中2025 2026,6,1
辽宁省辽西重点高中2025 2026学年高二上学期开学考,2,1
辽宁省郊联体,3,1
辽宁省重点高中沈阳市教联体25~26高三上10月数学,5,1
辽宁省重点高中沈阳市郊体2025—2026学年度上学期期初考试高三年级试题物理,4,1
辽宁省重点高中沈阳市郊联体 2026届高三上学期期初考试,1,1
辽宁省重点高中沈阳市郊联体2025 2026学年高三上学期10月月考化学试题,3,1
辽宁省铁岭市部分校2025到2026学年高一上学期十一月阶段性测试数学卷,7,1
辽宁省锦州市,6,1
辽宁省锦州市2024-2025期末道德与法治试卷,1,1
辽宁省锦州市八上历年期末考试卷,5,1
辽宁省锦州市八上历年语文期末考试卷,2,1
辽宁省锦州市高二上学期化学期末,4,1
辽宁省鞍山市岫岩县小升初2026,1,1
辽宁省鞍山市岫岩满族自治县二中,3,1
辽宁省鞍山市岫岩满族自治县月考,6,1
辽宁省鞍山市铁东区2024-2025学年六年级下学期期末考试语文试卷,1,1
辽宁省鞍山市铁东区2024-2025学年小升初英语试卷,3,1
辽宁省高一上10月,29,1
辽宁省高一下学期物理期末考试卷,4,1
辽宁省高三上学期名校联盟2021,2,1
辽宁省高三上学期名校联盟2022化学,4,1
辽宁省高三上开学考生物卷,1,1
辽宁省高三名校联盟,1,1
辽宁省高三名校联盟2022化学,1,1
辽宁育明期中数学高一上2025,5,1
辽宁英语中考,1,1
辽宁英语卷高三,1,1
辽宁英语卷高二,1,1
辽宁英语高三,4,1
辽宁营口二模,6,1
辽宁营口高二9月开学考,8,1
辽宁营口高二开学考,1,1
辽宁葫芦岛九上期末物理,1,1
辽宁葫芦岛化工,7,1
辽宁葫芦岛化工初级中学2025至2026,7,1
辽宁葫芦岛市2025-2026学年高一数学下学期期末复习卷四,2,1
辽宁葫芦岛市普通高中2025‑2026高一下期末英语,6,1
辽宁葫芦岛市绥中县东戴河新区实验学校八年级上学期月考,1,1
辽宁葫芦岛市绥中县八年级上学期月考,1,1
辽宁葫芦岛期末复习卷四,5,1
辽宁辽阳市2025-2026学年八年级下学期期末物理试题.pdf,2,1
辽宁辽阳市2025~2026英语高一下,1,1
辽宁辽阳市第一中学（西藏班）2025-2026学年第二学期期末八年级英语质量监测试卷,1,1
辽宁部分重点高中2025-2026学年上学期高二12月联考 英语试题,1,1
辽宁金华联盟,1,1
辽宁锦州高二上期中化学,10,1
辽宁锦州高二下期中化学,3,1
辽宁鞍山小升初2025,7,1
辽宁鞍山小升初试卷,1,1
辽宁鞍山数学第一次月考八上,1,1
辽宁鞍山立山区小升初,1,1
辽宁高一10月考试卷,2,1
辽宁高一上化学期末题,18,1
辽宁高一上学期期中锦州中学,4,1
辽宁高一上学期物理第三次月考,5,1
辽宁高一上学期阶段检测,3,1
辽宁高一上期中数学试卷,4,1
辽宁高一上期中物理题,4,1
辽宁高一下学期物理期末,13,1
辽宁高一下学期物理期末卷,8,1
辽宁高一下期末化学,4,1
辽宁高一下语文期末试卷,1,1
辽宁高三9月开学考,9,1
辽宁高三上化学卷,7,1
辽宁高三上学期化学,10,1
辽宁高三上学期学考,1,1
辽宁高三上学期开学考物理,10,1
辽宁高三上物理9月考试卷,8,1
辽宁高三名校联盟,1,1
辽宁高三名校联盟9月,5,1
辽宁高三英语,3,1
辽宁高二上学期三月,1,1
辽宁高二上学期期中,1,1
辽宁高二上学期期中化学,5,1
辽宁高二上学期期中生物,7,1
辽宁高二上学期第一次月考化学,11,1
辽宁高二上学期第一次月考化学锦州,2,1
辽宁高二上学期第一次月考数学,3,1
辽宁高二上学期第一次月考物理,17,1
辽宁高二上学期第一次月考物理锦州,3,1
辽宁高二上学期第一次月考生物,2,1
辽宁高二上期中化学,2,1
辽宁高二上期中化学联合体,5,1
辽宁高二下学期期末,1,1
辽宁高二下学期期末数学,2,1
辽宁高二下学期期末试卷,12,1
辽宁高二下期中化学,3,1
辽宁高二下物理期末考试卷,6,1
辽宁高二开学考点石联考,1,1
辽宁高二物理期末,7,1
辽宁高考,3,1
辽宁高考 2026高考真题,3,1
辽宁鸿飞,3,1
辽宁鸿飞教育研究中心,4,1
辽宁，2025到2026七下数学期末卷,1,1
辽宋夏金多民族政权的并立与元朝的统一,1,1
辽师版，六年级下册英语期末复习卷子，含答题卡,1,1
辽师附中,5,1
辽师附属高中,2,1
辽河油田实验中学,1,1
辽联盟,1,1
辽阳,1,1
辽阳市期末考试卷,1,1
辽阳月考,18,1
辽阳期中,32,1
辽阳期末,64,1
达川区期末考试,9,1
达州市,3,1
达州市2026年春季学期高中一年级教学质量监测 选用卷,9,1
达州市普高会考,7,1
达州市达川区2025到2026英语试卷八下,1,1
达州市高三,2,1
达州开江高一新生入学模拟,2,1
达州生物地理初二会考,1,1
达拉特旗第二中学,3,1
达旗一中分校,14,1
达旗三中,1,1
达旗三中2025-2026第一学期高二年纪期末考试试题历史,14,1
达权店数学,4,1
达权店高级中学,3,1
迁安7年级分班考试,9,1
迁安一中,1,1
迁安市,13,1
迁安市第一中学,2,1
迁安第三高中高一,2,1
迁安第三高中高一第一次月考,3,1
迁安第三高中高一英语,1,1
迁安高一上学期期中考试,10,1
迁安高二上学期化学第一次月考,6,1
迁西县,9,1
过去完成时,6,1
过去将来时,10,1
过去时标志,1,1
过去进行时,3,1
过氧化氢,1,1
过点的切线,1,1
过秦论文中概括秦始皇派遣大疆，蒙恬，北族匈奴获得胜利。,1,1
过秦论译文,1,1
过秦论，古诗文理解性默写,5,1
过秦论，古诗文理解性默写专题,2,1
过课本,3,1
过量少量问题,4,1
迎春中学,2,1
迎春杯竞赛题,9,1
迎春杯高年级决赛,6,1
迎江区2026年六年级数学期末试卷,1,1
迎江区2026年六年级期末试卷,6,1
运中创新班,1,1
运动与力的关系,3,1
运动和位置必修一,1,1
运动和力,2,1
运动图像,1,1
运动学 2025 一轮复习题,2,1
运动学一轮复习专题,2,1
运动学一轮复习题,4,1
运动学周练,1,1
运动学图像专题,2,1
运动学大题,1,1
运动的合成与分解,2,1
运动的快慢,3,1
运城,28,1
运城一中2024年开学考,2,1
运城实验中学高三开学考,1,1
运城市2025-2026英语七年级上学期期中考试,15,1
运城市2025年高一年级11月份期中调研检测英语试题,3,1
运城市2025年高一年级上期中调研检测英语试题,1,1
运城市实验中学2025-2026英语七年级上学期,1,1
运城市实验中学2025-2026英语七年级上学期期中考试,2,1
运河中学摸底,1,1
运算律,2,1
运西中学,2,1
近5年高考地理真题,8,1
近三年政治中考试卷 安徽,3,1
近五年数学高考试卷,1,1
近五年高考真题山东,3,1
近代物理,3,1
近似数,3,1
近几年的生物卷甘肃省的,10,1
近年来，我国科技取得长足进步，许多方面已是世界前列,3,1
近年高考物理真题,3,1
这套资料专辑名字：2026年七升八年级语文暑期衔接课堂（全国通用）,2,1
这是人教版（2024新版）七年级下册英语 Unit1 Animal friends《Test for Unit1》单元测试卷 。   - 单元主题：动物朋友 - 有配套答题卡，满分120分，考试时间100分钟 - 阅读A篇是“A Wonderful Night at DA YANG Aquarium（大洋海洋馆奇妙夜）”，是这套卷子标志性文章 。   你要我帮你把这套卷子的答案整理出来吗？,6,1
这类教育资源文件我没法直接发，不过我可以“2026人教版七年级下册数学 每章压轴题 带图”，选标注“PDF可打印”的专题,1,1
这道是北京市东城区2023‑2024学年高二下期，化学期末考试,1,1
进北,1,1
进华,11,1
进去搜：宿迁市2024-2025学年高二下学期期末考试,1,1
进度转换,2,1
进才中学分班考英语,1,1
进才中学英语,2,1
进才中学高三英语,6,1
进阶12定语从句,3,1
远安一高2026届九月起点考试,3,1
远程书店动态分析,1,1
远程电路分析,2,1
远程输电动态分析,2,1
连云七年级上册期中,9,1
连云港  中考指南,1,1
连云港中考数学,3,1
连云港市2025-2026学年度第二学期末八年级,7,1
连云港市海州区七年级入学分班考,1,1
连云港市海州区七年级分班考试,1,1
连云港市赣榆区2024至2025七年级下期末数学,1,1
连云港市高二上期中物理,6,1
连云港新海gaoz,4,1
连云港连云港市海州区七年级分班考试,1,1
连云港高二期末,9,1
连城一中2026届高三8月暑假月考,1,1
连城县,5,1
连城县第一次月考,5,1
连城县第二中学,1,1
连山区,1,1
连山区2026,3,1
连接体问题,4,1
连江一中,1,1
连江县九年级上册期中考语文,4,1
连江县八下期末2026,4,1
连江黄如论中学,4,1
连词复句,2,1
连词的用法,6,1
追光中学,1,1
追击相遇,1,1
追击相遇物理微突破2,1,1
追击相遇问题高考物理,2,1
追及刹车问题,4,1
追逐,1,1
适应性考试,11,1
选B1 选B2 选B3,1,1
选三化学知识点,3,1
选三化学知识点填空,9,1
选修1英语u4,1,1
选修1英语u4外研,1,1
选修一,10,1
选修一化学第一章试卷,6,1
选修一化学第三章人教版第三节盐类的水解,4,1
选修一化学第三章第三节盐类的水解,1,1
选修一化学第二章第二课时,1,1
选修一化学鲁科版试卷,6,1
选修一北师大,4,1
选修一北师大数学,2,1
选修一单词,20,1
选修一地理默写,1,1
选修一数学,1,1
选修一数学复习,1,1
选修一数学直线和圆习题专项训练,3,1
选修一物理,1,1
选修一第一章练习,4,1
选修一语文名句默写,4,1
选修三生物,1,1
选修三知识点,1,1
选修二英语单词词性转换,8,1
选修化学学习笔记,3,1
选填压轴专练,10,1
选必1,3,1
选必2政治书,1,1
选必一 第一章 人体稳态维持的生理基础,14,1
选必一二,1,1
选必一二综合卷,3,1
选必一数学圆锥曲线,3,1
选必一数学圆锥曲线综合卷,1,1
选必三物理试卷,3,1
选必上古诗词,1,1
选必二,1,1
选必二化学期末,3,1
选必二数学教材,1,1
选必修一生物,1,1
选必修一生物卷子,1,1
选择型必修一1 2 34章总复习,3,1
选择必修一直线与圆题,1,1
选择性必修,1,1
选择性必修1,4,1
选择性必修1数学第一章,3,1
选择性必修1英语,3,1
选择性必修1英语单词,1,1
选择性必修4词汇表单词英译汉默写(新人教版),7,1
选择性必修一人教版化学反应原理第一章章末复习试卷,19,1
选择性必修一数学呃第一二章浙江,1,1
选择性必修一数学呃第一次月考,6,1
选择性必修一数学呃第一，二单元,7,1
选择性必修一数学呃第二次月考,6,1
选择性必修一数学呃第二次月考浙江,5,1
选择性必修一数学直线与圆,29,1
选择性必修一数学第一次月考浙江,1,1
选择性必修一数学题,1,1
选择性必修一生物,3,1
选择性必修一生物第一章人教版,1,1
选择性必修一生物第一章人教版生物,6,1
选择性必修一生物预习讲义,6,1
选择性必修一英语,1,1
选择性必修一英语单词表默写,3,1
选择性必修一英语单词默写,6,1
选择性必修一英语教材,1,1
选择性必修一词汇表背默版,2,1
选择性必修一语文,3,1
选择性必修一语文书,2,1
选择性必修一课本词汇表,3,1
选择性必修三化学,5,1
选择性必修三政治逻辑学部分试题及答案,3,1
选择性必修三逻辑学部分试题及答案,1,1
选择性必修上册文言文挖空练习,2,1
选择性必修上册，语文书,1,1
选择性必修中册,4,1
选择性必修二单词,10,1
选择性必修二物理卷子,1,1
选择性必修二轨道杂化理论判断杂化方式混合,3,1
选择性必修四英语单词过关,1,1
选择性必修四英语同步测试卷,2,1
选择性必修第二册第一单元单词,2,1
选择新必修第三册全部公式,5,1
选择疑问句,6,1
选择题专练,5,1
选题,1,1
逍遥游,1,1
透镜作图,8,1
透镜及其应用,7,1
透镜成像,6,1
透镜成像拔高练习,6,1
递归,1,1
递推型概率模型,1,1
通分,1,1
通化,10,1
通化一中,4,1
通州初三期中数学,9,1
通州区2021 2022学年第二学期高一年级期末质量检测答案,3,1
通州区2021~2022学年第二学期高一年级期末质量检测,8,1
通州区2023-2024学年第一学期九年级期末质量检测,1,1
通州区2025 2026第二学期期末考试,4,1
通州区育才中学,1,1
通州区育才中学七年级,1,1
通州期末,1,1
通州期末化学,1,1
通州期末试卷2026化学,1,1
通州期末试卷2026化学高二下,1,1
通州联考,3,1
通州高级中学,17,1
通成学典运算,1,1
通江中学,1,1
通济实验2025级新初一入学摸底考试试题,4,1
通济实验新初一入学摸底考试试题,2,1
通海,2,1
通海中学,4,1
通滩中心小学校,15,1
通用技术云南,1,1
通辽二中英语,1,1
通辽五中,1,1
通辽四中,7,1
通辽高一数学联考,8,1
通项,4,1
速度选择器,3,1
速率和速度的区别,1,1
造词,1,1
逻辑与思维,1,1
逻辑与思维第4单元测试卷,3,1
逻辑与思维第三第4单元测试卷,1,1
逻辑思维的基本要求,2,1
遂宁2026年中考物理试卷,1,1
遂宁九下,3,1
遂宁初二英语,7,1
遂宁市,1,1
遂宁市中考压轴,1,1
遂宁市九上期末试卷,5,1
遂宁市九上真题2026,1,1
遂宁市入学分班考试,12,1
遂宁市初生高入学考试,1,1
遂宁市安居育才中学校,6,1
遂宁市安居育才中学校高2025级,1,1
遂宁市高二上册期末英语,2,1
遂宁市高二期末英语,3,1
遂宁高2027届高二下期末化学,3,1
遂宁高一上册数学期末,3,1
遂宁高一下数学,1,1
遂川,4,1
道县,17,1
道德与法治八上课本,1,1
道德与法治八下知识点总结,3,1
道德与法治答题技巧,4,1
道法7年级下册期末测试卷深圳,3,1
道法中考知识点,1,1
道法九上第一单元坚持党的全民领导知识点,2,1
道法九上第一单元坚持党的全面领导知识清单,6,1
道法九上第一单元知识点,7,1
道法九下书,1,1
道法北京八下,1,1
道法北京海淀八下,5,1
道法必修三大题,5,1
道法期末真题,22,1
道法核心知识点,1,1
道法核心知识点九年级,4,1
道法第一单元知识点,1,1
道里一中,3,1
遗传与进化专题,1,1
遗传与进化五年高考真题,3,1
遗传专项,14,1
遗传专题。一轮复习,16,1
遗传专题生物,9,1
遗传单元测试,1,1
遗传学,3,1
遗传学 026 专项 大题,3,1
遗传定律,1,1
遗传定律大题,1,1
遗传生物,2,1
遗传的分子基础一轮,1,1
遗传的分子基础山东专用,2,1
遗传的分子基础山东专用2021-2025,8,1
遗传的基本规律,10,1
遗传计算,3,1
遗传计算题,1,1
遗传题型汇总,15,1
遵义,12,1
遵义2024-2025高二英语,3,1
遵义市,2,1
遵义市2026年高一年级卷库试卷二,10,1
遵义市七年级下册英语听力,5,1
遵义市七年级期末数学,3,1
遵义市九年级上学期期中考试,1,1
遵义市九年级上学期期中考试数学,6,1
遵义市分班考试,1,1
遵义市初一分班考试真题,2,1
遵义市十一中,7,1
遵义市南白中学,4,1
遵义市南白中学，政治,1,1
遵义市南白中学，政治，资料,3,1
遵义市汇川区,3,1
遵义市第一初级中学,1,1
遵义市第一初级中学分班考,2,1
遵义市第二初级中学,2,1
遵义市第二初级中学 2026~2027学年度分班考试试卷,9,1
遵义市第十一中学,6,1
遵义市航天高级中学,2,1
遵义市航天高级中学高二半期考数学,3,1
遵义数学决赛,2,1
遵义红花岗区期末试卷2026,2,1
遵义航天高级中学高二下第二次月考,3,1
遵义高一期末数学,10,1
遵义高一自主招生,1,1
遵义高一自主招生数学,3,1
遵义高中自主招生数学,2,1
邓州市2025-2026学年第2学期期末考试七年级,10,1
邓州市2025至2026小升初考试期末卷数学,3,1
邓州市2025至2026小升初考试期末卷英语,7,1
邓州市2026年小升初数学,2,1
邓州市2026年小升初英语,2,1
邓州市小升初考试卷子,3,1
邓州市高中,6,1
邓州市高中期中,3,1
邕衡教育,8,1
邗江一中,6,1
邗江实验,4,1
邗江实验入学,1,1
邗江实验小升初卷,4,1
邗江实验小学升初卷,1,1
邗江实验新盛分校,1,1
邢台,22,1
邢台一中,8,1
邢台一中上学期高二开学考试卷,7,1
邢台一中高三月考数学,2,1
邢台五岳联考,3,1
邢台卓越联盟,19,1
邢台太行中学,4,1
邢台市三中高新区,1,1
邢台市三中高新区初一,1,1
邢台市三中高新区初二,1,1
邢台市第一中学期中,1,1
邢台市第十九中学,7,1
邢台市追光中学,1,1
邢台物理中考卷,1,1
邢台精英中学,6,1
邯郸一中高一上一月份期末,1,1
邯郸二中,1,1
邯郸分班考,4,1
邯郸分班考数学,3,1
邯郸分班考语文初一,15,1
邯郸县第一高级中学,7,1
邯郸小升初,2,1
邯郸小升初分班考,3,1
邯郸小升初分班考2026,3,1
邯郸市2,1,1
邯郸市2026届高三上学期第一次调研监测,5,1
邯郸市2026届高三第一次模拟测试,1,1
邯郸市2026年高二统考,4,1
邯郸市一调考试,1,1
邯郸市二外,25,1
邯郸市小升初分班考试卷,1,1
邯郸市小升初英语分班考,2,1
邯郸市开学,16,1
邯郸市永年区2026年5月中考一模语文试卷,2,1
邯郸市永年区2026年5月中考一模语文试卷含答案,1,1
邯郸市第二中学,3,1
邯郸市第二十五中学七年级下册期末,11,1
邯郸市精英中学,1,1
邯郸市精英中学8年级收心测,1,1
邯郸市精英中学分班,2,1
邯郸市高三第一次模拟测试数学,1,1
邯郸市高三第一次模拟测试生物,8,1
邯郸市高三第一次调研测试数学,1,1
邯郸恒一中学,2,1
邯郸扬帆分班,3,1
邯郸扬帆学校分班,4,1
邯郸扬帆小升初,2,1
邯郸精英中学,1,1
邯郸育华,15,1
邯郸育华中学培优AB卷,12,1
邯郸高一,1,1
邯郸高一上一月份期末,1,1
邯郸高一上月考数学,1,1
邯郸高一月考数学,1,1
邯郸高二期末联考统考上2,2,1
邳州市月考第一 次二零二五到二零二六年月考试卷地理八年级上册,2,1
邳州市月考第一 次二零二五到二零二六年月考试卷物理八年级上册,92,1
邳州市月考第一 次二零二五到二零二六年月考试卷生物八年级上册,60,1
邳州市本地的2026~2025的物理试卷其中,7,1
邳州市第二高级中学,1,1
邳州运中,4,1
邳州运中创新班,3,1
邵东4中,5,1
邵东市第三中学,2,1
邵东振华,11,1
邵逸夫初中,1,1
邵阳,1,1
邵阳市,27,1
邵阳市2026上学期高二,1,1
邵阳市9校联考,1,1
邵阳市9校联考高一物理,5,1
邵阳市五中2026,1,1
邵阳市期末考试,14,1
邵阳市第二中学开学考,3,1
邵阳市第二中学数学高二下学期期末考试,2,1
邵阳市第五中学2026,2,1
邵阳市统考2026上学期高二数学,1,1
邵阳市联考2026上学期高二,3,1
邵阳市联考2026上学期高二数学,2,1
邵阳新宁,1,1
邵阳高三,1,1
邵阳高三上学期联考,3,1
邵阳高三九月联考,3,1
邹城2025到2026第一学期期末卷,4,1
邹城一,1,1
邹城一中,1,1
邹城一中高一上学期期中数学,1,1
邹城一中高一下学期期中数学,3,1
邹城二中高一上学期期中数学,2,1
邹城五中分班考,3,1
邹城六中七年级分班考,1,1
邹城分班考,7,1
邹城分班考八中,1,1
邹城十一中中七年级分班考,1,1
邹城小学毕业考,2,1
邹城市八年级上册数学真题,7,1
邹城市孟庄八年级上册,1,1
邹城新初一分班考,1,1
邹城高一上学期期中数学,4,1
邹城高三开学考,4,1
邹忌讽齐王纳谏,2,1
邻水九龙开学考,3,1
邻水县八年级下册英语听力,3,1
郊联体,1,1
郊联体2025 2026学年,8,1
郊联体2025 2026学年10月,5,1
郊联体2025 2026学年高一下学期期末,1,1
郏县,14,1
郏县小升初,2,1
郑东新区外国语,3,1
郑中基,1,1
郑州2025-2026五下期末语文,3,1
郑州2025-2026高一下学期数学,1,1
郑州2026年高中毕业第二次预测英语,2,1
郑州47中分班,1,1
郑州一中月考卷,1,1
郑州一中高一上学期数学期中数学,3,1
郑州一中，期中试卷，高一上学期,1,1
郑州七中七年级,3,1
郑州七中七年级学情,2,1
郑州七中小升初,3,1
郑州三模,6,1
郑州东外七年级下学期期末英语试卷,4,1
郑州中学七年级分班考语文,1,1
郑州中学分班考语文,1,1
郑州中学新初一分班考语文,1,1
郑州中招一模,1,1
郑州中招第一次适应,14,1
郑州九上数,20,1
郑州九上物理期末卷,3,1
郑州八年级上册数学期末考试,31,1
郑州六年级上册期中考试,38,1
郑州分班考试卷,1,1
郑州外国语6升7,2,1
郑州外国语中学2025-2026七下期末语文,1,1
郑州外国语中学2025-2026五下期末语文,4,1
郑州外国语学校2025‑2026学年高三上学期调研1考试（9月）数学试题,2,1
郑州外国语学校保送生考试,1,1
郑州外国语学校附属小学,1,1
郑州外国语月考卷数学,2,1
郑州外国语月考高二上数学,4,1
郑州外国语高一卷子,2,1
郑州外国语高三上学期调研一,3,1
郑州外国语高三第一次模拟,5,1
郑州外国语高中,1,1
郑州市,8,1
郑州市2025 2026学年高一下学期期末质量监测化学,7,1
郑州市2025 2026学年高一下学期期末质量监测历史,1,1
郑州市九校联考,10,1
郑州市入学考试,1,1
郑州市分班考卷,2,1
郑州市分班考语文试卷,4,1
郑州市初级中学44,1,1
郑州市实验月考卷数学,1,1
郑州市实验高中月考卷数学,1,1
郑州市惠济区小升初分班考真题卷,6,1
郑州市毕业年级第三次质量检测,6,1
郑州市第七中学,1,1
郑州市第七中学分班考,3,1
郑州市第二次质量检测,5,1
郑州市第六高级中学,1,1
郑州市第六高级中学高1分班考,4,1
郑州市第四十七中学分班考,1,1
郑州市金水区八下期末,1,1
郑州市金水区八下期末数学,16,1
郑州市高一下,3,1
郑州市高一下数学,2,1
郑州市高一下语文,1,1
郑州期中物理高二,11,1
郑州期末,1,1
郑州第一次月考,3,1
郑州第二次质量预测,10,1
郑州郑东新区2025-2026五下期末语文,1,1
郑州郑州月考,2,1
郑州高一期末语文,4,1
郑州高三三测,5,1
郑州高二下学期月考,1,1
郑旺🏫,2,1
郑集,1,1
郓城,14,1
郓城一中,2,1
郓城一中高一第一次月考,1,1
郓城县2020年初一政治下学期期末试卷,2,1
郓城县2026年下学期政治试卷,1,1
郓城实验中学高三开学考,1,1
郓城英才学校,35,1
郧阳中学学科特长数学,16,1
郧阳区第一中学,2,1
部分区一模数学,1,1
部分区天津,1,1
部分区英语,1,1
部分区高三下学期,11,1
部编九年级上册 字音字形 文学常识专项,11,1
部编版,3,1
部编版五年级上册素质评估试题,11,1
部编版初中语文课本,1,1
郫都一中,3,1
郫都二中高一入学,1,1
郫都二中高一分班,1,1
郭全,8,1
郯城一中,6,1
郯城县一中,1,1
郯城县第一中学,36,1
郯城县第二中学,14,1
郯城县美澳学校,11,1
郴州二中开学考,1,1
郴州八年级下册道法,7,1
郴州市2024年高一下学期期末教学质量监测试卷高一语文,1,1
郴州市2025年高二上册期末教学质量监测试卷生物,1,1
郴州市2025年高二上学期期末教学质量监测试卷生物,5,1
郴州市一北新高一入学考试,1,1
郴州市高中一年级,3,1
郸城一高高一,1,1
郸城一高高一化学上学期,2,1
郸城一高高二上学期试卷,1,1
郸城县三年级上册期中测试卷,3,1
郸城求真中学八升九,3,1
郸城第二实验中学,1,1
郸城英语译林版,20,1
都匀一中,12,1
都匀一中2025~2026高一上教学质量监测,2,1
都匀三中,1,1
都匀市 第二学期数学期末检测,14,1
都江堰数学,1,1
都江堰数学九年级,1,1
都江堰数学九年级上期,3,1
郾城区期末考试试卷,10,1
鄂北六校,7,1
鄂北六校2023‑2024学年高二下学期期末联考,3,1
鄂北六校期末,1,1
鄂南高中,4,1
鄂尔多斯,1,1
鄂尔多斯一中,2,1
鄂尔多斯市康巴什第一中学北校区,19,1
鄂州小升初入学考试,4,1
鄂托克旗综合,1,1
鄂托克旗综合职业中心,1,1
鄄城一中初中自主招生,1,1
鄄城一中自主招生,1,1
鄞州中学,2,1
鄞州实验中学,7,1
鄱阳一中,4,1
酉阳县,45,1
配 速 法,6,1
配位数,4,1
配套问题,5,1
配平,3,1
配方法,4,1
配方法 九上,2,1
配方法 的八种应用,4,1
配方法解方程,4,1
酒泉2025年八月份,3,1
酒泉市第二中学,17,1
酒泉市第六中学,5,1
酒泉市肃州区,4,1
酯化反应练习,4,1
酶和ATP近五年高考题汇编卷黑龙江专用,14,1
酶的本质与特性,3,1
酸 碱 盐 202 6初中专题,3,1
酸碱溶液,4,1
酸碱盐浙江,6,1
醴陵一中,3,1
醴陵一中开学考2025,1,1
醴陵一中自主招生,1,1
醴陵市第一中学2026年高三下学期一模检测试题,1,1
里水南海双语,7,1
重力 弹力 摩擦力,4,1
重师大附中,5,1
重师附中,1,1
重庆 0224南开,4,1
重庆 0224巴蜀高三下册,2,1
重庆 一中，高一上册第一次周考,3,1
重庆 三中 初升高 自招,1,1
重庆 八中宏帆,1,1
重庆 八中，月考,1,1
重庆 南开中学,2,1
重庆 南开开学考,12,1
重庆 巴蜀,6,1
重庆 巴蜀 一中 八中 三中 初升高 自招,1,1
重庆 巴蜀 初升高 自主招生,1,1
重庆 巴蜀 初升高 自招,1,1
重庆 巴蜀高二下学期,3,1
重庆11,1,1
重庆11中,3,1
重庆2022中考英语卷真题,2,1
重庆2023到2026高考历史题,1,1
重庆2024渝北,1,1
重庆2024渝北数学,19,1
重庆2024物理,1,1
重庆2024高考物理,1,1
重庆2025 2026,2,1
重庆2025 2026一诊模拟考试物理,18,1
重庆2025-2026,2,1
重庆2025-2026必修二,16,1
重庆2025中考数学,1,1
重庆2025到2026学年度高一第二学期期末考试试卷，高一化学试卷,2,1
重庆2026 高考真题,6,1
重庆2026中考,6,1
重庆2026中考数学答案,9,1
重庆2026八年级上册题目,3,1
重庆2026届高三一模数学试卷,2,1
重庆2026届高三一模数学试题,1,1
重庆2026年高考,4,1
重庆25年求精七上英语开学考,1,1
重庆29中,8,1
重庆8中,1,1
重庆95中,5,1
重庆一中 20 26高二下期末,3,1
重庆一中 八下数学期末,1,1
重庆一中 高二 开学,1,1
重庆一中2025 2026七上秋季开学考,5,1
重庆一中2025到2026年期末试卷,1,1
重庆一中2026九月月考数学,1,1
重庆一中2028届上册第一次月考,1,1
重庆一中七年级上英语期末,2,1
重庆一中九上月考,3,1
重庆一中九年级上册半期化学,5,1
重庆一中八年级上英语期末考试,2,1
重庆一中初2027,1,1
重庆一中初2027届初二下期期末定时作业语文试卷,8,1
重庆一中初一期末,2,1
重庆一中数学,4,1
重庆一中期末试卷,2,1
重庆一中自主招生物理,4,1
重庆一中英语,6,1
重庆一中英语初三,9,1
重庆一中语文九上期中试卷,2,1
重庆一中高2026届高二上期中考试,1,1
重庆一中高2028届高一下英语期末考试,3,1
重庆一中高一上10月月考,4,1
重庆一中高一上册第一次月考,1,1
重庆一中高一上数学月考,1,1
重庆一中高一上月考化学2028届,3,1
重庆一中高一上期末数学,1,1
重庆一中高一上物理月考,7,1
重庆一中高一下期末物理,2,1
重庆一中高一下英语,1,1
重庆一中高一第一次月考,2,1
重庆一中高三上开学,3,1
重庆一中高三九月,1,1
重庆一中高三九月月考数学,1,1
重庆一中高三开学,1,1
重庆一中高二上期中考试数学,3,1
重庆一元二次方程试卷,4,1
重庆一双七年级上英语期末,2,1
重庆一双初一上英语期末,1,1
重庆一外高一上数学,1,1
重庆一外高一上物理,1,1
重庆七上英语,6,1
重庆七上英语期末,10,1
重庆七上英语期末复习,1,1
重庆七年级开学分班考试卷,2,1
重庆七校联盟 高一 入学,1,1
重庆七校联盟 高一上,5,1
重庆七龙珠九上开学考数学试卷,2,1
重庆七龙珠九上开学考物理试卷,3,1
重庆七龙珠九上开学考英语试卷,1,1
重庆七龙珠九上开学考试卷,1,1
重庆七龙珠九上开学考试语文试卷,1,1
重庆七龙珠九年级下半期考试试卷,1,1
重庆七龙珠九年级开学考试卷,1,1
重庆三中高一上册,1,1
重庆三年级下学期期末,12,1
重庆上渝北区2025年8上数学期末考试卷,6,1
重庆上渝北区2025年8上期末考试卷,1,1
重庆中考数学分类,1,1
重庆中考数学真题,4,1
重庆中考真题卷,1,1
重庆中考英语真题,1,1
重庆主城七校高二下学期期末考试英语试题,1,1
重庆主城七校高二下期末,3,1
重庆主城区七校联考数学,3,1
重庆九上月考数学,3,1
重庆九上期中语文试题高难度,7,1
重庆九龙坡区2027届高二,2,1
重庆九龙坡区高一下英语试题,3,1
重庆使用的单元测试卷,1,1
重庆八下英语,3,1
重庆八中 2026,3,1
重庆八中2025 2026初一下英语,1,1
重庆八中2025-2026,1,1
重庆八中2025-2026初一上期末数学,1,1
重庆八中2025-2026初一上期末语文,1,1
重庆八中2025-2026学年度（下）期末考试高二年级物理试题）,1,1
重庆八中2025-2026学年度（下）期末考试高二年级语文试题）,1,1
重庆八中2025-2026高二上物理,6,1
重庆八中2026~2027学年度上高三年级周考一化学试题,2,1
重庆八中2026级初三下强化练习四,1,1
重庆八中2026级初三下数学强化练习四,5,1
重庆八中2026高二下期末数学,3,1
重庆八中2027届专练,4,1
重庆八中七年级下语文,3,1
重庆八中中考临考模拟化学,1,1
重庆八中中考临考模拟化学26,3,1
重庆八中中考模拟一,1,1
重庆八中九上月考,4,1
重庆八中九下第二次模拟,6,1
重庆八中九年级上,3,1
重庆八中入学考试,4,1
重庆八中八上期末物理试卷,3,1
重庆八中八年级上学期期中英语,3,1
重庆八中八年级上学期英语,1,1
重庆八中八年级下,1,1
重庆八中八年级下数学,3,1
重庆八中八年级下物理,3,1
重庆八中八年级下英语,3,1
重庆八中八年级下语文,3,1
重庆八中初一,2,1
重庆八中初三上物理期末考试,1,1
重庆八中初三期中.,1,1
重庆八中初二周考,1,1
重庆八中初二数学周考,6,1
重庆八中初二数学周考定时练习6,5,1
重庆八中化学期中,1,1
重庆八中化学期中高一上,14,1
重庆八中周考四,1,1
重庆八中小升初,6,1
重庆八中广安官盛学校,1,1
重庆八中开学,10,1
重庆八中开学考,5,1
重庆八中开学考物理,3,1
重庆八中必修一化学,1,1
重庆八中数学强化练习三,9,1
重庆八中数学强化训练三,7,1
重庆八中月考,3,1
重庆八中期中,3,1
重庆八中期末数学,1,1
重庆八中物理,16,1
重庆八中高2027届,11,1
重庆八中高2027届。数学专练一,2,1
重庆八中高2027届。高三上数学专练一,7,1
重庆八中高2027级高二下化学学科自习6习了,7,1
重庆八中高2028级高一上数学周考,4,1
重庆八中高2028级高一上数学周考三答案,1,1
重庆八中高2028级高一上数学周考三答案解析,1,1
重庆八中高2028级高一上数学周考三试题及答案,2,1
重庆八中高2028级高一上数学周考四,6,1
重庆八中高一上化学考试2028届,1,1
重庆八中高一上数学周考,1,1
重庆八中高一上数学考试2028届,3,1
重庆八中高一上期末数学,2,1
重庆八中高一上物理半期,1,1
重庆八中高一上物理第一次月考,1,1
重庆八中高一上物理考试2028届,5,1
重庆八中高一下期末数学,1,1
重庆八中高一期末数学,3,1
重庆八中高三年级2025-2026周考一英语试题,5,1
重庆八中高三年级周考一英语试题,3,1
重庆八中高三生物定时训练,3,1
重庆八中高二2025 2026,9,1
重庆八中高二上物理,6,1
重庆八中高二上英语,3,1
重庆八中高二下数学,1,1
重庆八中高二期末英语考试,3,1
重庆八中高二物理,1,1
重庆八年级下学期期中,2,1
重庆六校,3,1
重庆六校高一,2,1
重庆兼善中学,4,1
重庆初2上期中数学试卷,3,1
重庆初一下册期中数学试卷,1,1
重庆初一分班考数学,3,1
重庆初三上册数学,7,1
重庆初三英语,3,1
重庆初中化学,3,1
重庆初中化学一中,3,1
重庆初中化学南开,1,1
重庆北碚区中考试卷,1,1
重庆十一中,3,1
重庆十一中高一,7,1
重庆十一中高三生物,2,1
重庆南岸七下期末数学卷,5,1
重庆南岸七下期末语文卷,5,1
重庆南开2026数学,1,1
重庆南开2026数学高一,1,1
重庆南开中学初中,3,1
重庆南开中学第1次月考,1,1
重庆南开中学高2026届高三第八次质量检测政治试题,3,1
重庆南开中学高三月考数学,3,1
重庆南开中学高三模拟数学,4,1
重庆南开九年级下半期考试试卷,2,1
重庆南开初中化学,1,1
重庆南开开学考语文第一次质量检测,3,1
重庆南开月考,2,1
重庆南开第一次质量检测,1,1
重庆南开高一上数学,2,1
重庆南开高一上期中数学,2,1
重庆南开高一下期末语文,3,1
重庆南开高一下生物期末,1,1
重庆南开高一下英语期末,2,1
重庆南开高三开学考,5,1
重庆南开高三英语,1,1
重庆卷,4,1
重庆名校,8,1
重庆名校联中语文九上期中试卷,2,1
重庆四大金刚九年级开学考试卷,1,1
重庆四年级下学期阶段检测,2,1
重庆外国语,2,1
重庆大渡口,4,1
重庆大渡口95中,25,1
重庆大足中学初一分班考试题,2,1
重庆大足五年级上册,1,1
重庆大足五年级下册考试原题,4,1
重庆大足六年级上册,1,1
重庆字水中学,3,1
重庆学考,4,1
重庆完型填空,4,1
重庆小升初分班考数学,4,1
重庆小升初数学,9,1
重庆巴中开学考,1,1
重庆巴南区数学,1,1
重庆巴南育才实验中学初一开学分班考试卷真题数学,3,1
重庆巴川,12,1
重庆巴川中学,2,1
重庆巴蜀2025-2029高一上数学期中,5,1
重庆巴蜀2025-2029高一数学期末,3,1
重庆巴蜀2026届高三9月月考地理试卷,1,1
重庆巴蜀中八上开学测考试卷,3,1
重庆巴蜀中学2+4,4,1
重庆巴蜀中学20265月适应考,1,1
重庆巴蜀中学20265月适应考英语,8,1
重庆巴蜀中学初二数学期中,1,1
重庆巴蜀中学高一上期末化学,16,1
重庆巴蜀九上数学开学考,3,1
重庆巴蜀期中高一下,1,1
重庆巴蜀期末高一下,1,1
重庆巴蜀科学城2025~2026初一上入学调研英语,4,1
重庆巴蜀科学城出2028届七上语文入学测试,3,1
重庆巴蜀科学城出2028届初一上入学调研数学,9,1
重庆巴蜀英语初二期末,1,1
重庆巴蜀高一期末,25,1
重庆巴蜀高三上,9,1
重庆巴蜀高三数学,3,1
重庆巴蜀高三英语,1,1
重庆市 红帆初一分班考试题,6,1
重庆市20,2,1
重庆市2022年初中学业,1,1
重庆市2022年初中学业暨高中招生考试,8,1
重庆市2024年普通高等学校招生统一考试化学试卷,5,1
重庆市2025年指标到校考试数学,5,1
重庆市2025高考地理卷,1,1
重庆市2026年中考,1,1
重庆市2026年全国高考政治二卷,2,1
重庆市2026年高二下期末考试英语试题,8,1
重庆市2026高考数学卷,2,1
重庆市2026高考语,2,1
重庆市8年级上册数学期末试卷,1,1
重庆市8年级上册语文期末试卷,1,1
重庆市bs中学 化学试题,1,1
重庆市一中,1,1
重庆市一中开学考英语试卷,3,1
重庆市七校联考高一下第三次月考2025～2026,3,1
重庆市三十二中,17,1
重庆市两江新区2026年适应性考试,4,1
重庆市中考语文,3,1
重庆市九龙坡区2025—2026学年8年级上数学期末考试卷,3,1
重庆市九龙坡区2025—2026年8年级上数学期末试卷,5,1
重庆市九龙坡区2025—2026数学期末考试卷,1,1
重庆市九龙坡区重庆实验外国语学校2025年高一开学考,7,1
重庆市八下 数学期末测试卷,2,1
重庆市八中 学,3,1
重庆市八中2025一2026高三上入学考试,1,1
重庆市八中2025一2026高二下7日期末生物考试,1,1
重庆市兼善中学,3,1
重庆市初升高自主招生物理,7,1
重庆市北碚区2025 2026高一下期期末数学,3,1
重庆市十一中,10,1
重庆市十一中月考,3,1
重庆市南华中学,2,1
重庆市南坪,7,1
重庆市南岸区2024_2025七下期末监测数学试卷北师版,4,1
重庆市南岸区2025-2026学年下学期期末测试英语,1,1
重庆市南岸区8年级下册语文,5,1
重庆市南岸区七年级上册数学试卷,4,1
重庆市南岸区指标到校,1,1
重庆市南川区2026年春季期期末八年级学业质量监测测试题数学,1,1
重庆市南川区2026年春季期期末八年级学业质量监测测试题物理,1,1
重庆市南开中学 化学试题,3,1
重庆市南开中学 数学试题,6,1
重庆市南开中学 物理试题,1,1
重庆市南开中学九年级上册化学期中测试,3,1
重庆市南开中学校2025至2026年高二下学期7月期末语文试题,3,1
重庆市南开中学高2026届高三上学期第一开学考试,2,1
重庆市南开中学高2027级化学周练,3,1
重庆市南开中学高一上学期期中数学试题,5,1
重庆市南开教共体,3,1
重庆市双桥中学,4,1
重庆市合川区,10,1
重庆市启航新课堂,8,1
重庆市垫江县,12,1
重庆市大学城第一中学高二下2026,1,1
重庆市大足区城南初级中学,1,1
重庆市大足区城西中学,2,1
重庆市大足区大足中学初一分班考试题,1,1
重庆市好教育2026届高三联盟二诊测试 生物,1,1
重庆市实验外国语学校2026年高一上学期第1次月考,5,1
重庆市巴南区2026年指标到校考试数学,13,1
重庆市巴南区实验中学教育集团,12,1
重庆市巴南区第十四章月考,2,1
重庆市巴蜀中学 化学试题,10,1
重庆市巴蜀中学 数学,2,1
重庆市巴蜀中学 物理,4,1
重庆市巴蜀中学 生物试题,7,1
重庆市巴蜀中学2020-2021学年高一下学期期末物理试题,1,1
重庆市巴蜀中学2020学年高一下学期期末物理试题,3,1
重庆市巴蜀中学初二上物理第一次月考,1,1
重庆市巴蜀中学教育集团2025~2026学年。届高二下学期期末考试语文试题。,6,1
重庆市巴蜀中学教育集团初20二七届初二上半学期物理试卷,6,1
重庆市巴蜀中学教育集团高二026届高二下学期期末考试语文试题。,6,1
重庆市巴蜀中学校 2025-2026 学年高三上学期 8 月月考物理试题,9,1
重庆市巴蜀中学校2025-2026学年高三上学期12月月考英语,1,1
重庆市巴蜀中学校2025学年第一学期期末考试八牟级物理,5,1
重庆市巴蜀中学校高三下学期五月,5,1
重庆市巴蜀中学高一上学期期中数学试题,1,1
重庆市巴蜀中学高三8月开学考,1,1
重庆市巴蜀中学高三一模,1,1
重庆市巴蜀中学高二上学期适应性考试,5,1
重庆市巴蜀学校,8,1
重庆市忠县 2024~2025 学年八年级下学期 期末考试数学试题,1,1
重庆市朝阳中学校,8,1
重庆市树德八中,6,1
重庆市梁平区,3,1
重庆市梁平区2025年三年级下册语文期末质量检测,3,1
重庆市永川中心,1,1
重庆市永川区北山中学,4,1
重庆市江津中学,2,1
重庆市江津中学2025学年上学期八年级期中物理试卷,8,1
重庆市江津二中 联盟八下数学期末,3,1
重庆市江津五校联考,5,1
重庆市江津五校联考期中2026,1,1
重庆市江津五校联考期中2026 八年级下,15,1
重庆市江津五校联考期未2026 八年级下,24,1
重庆市江津区2024至2025学年6年级下册语文卷,3,1
重庆市涪陵区,6,1
重庆市涪陵区高中,3,1
重庆市涪高中,1,1
重庆市渝北中学,2,1
重庆市渝北区,5,1
重庆市渝北区2024,8,1
重庆市第18中学,2,1
重庆市第29中学,2,1
重庆市第一中学开学考,1,1
重庆市第一中学月考,5,1
重庆市第一中学校2025 2026学年高三下学期5月阶段检测物理试题,1,1
重庆市第一中学校2026届高三下学期数学周考10,4,1
重庆市第一中学校开学考,3,1
重庆市第一中学校高二下英语卷子周考,1,1
重庆市第一中学高二上学期适应性考试,2,1
重庆市第七中学,4,1
重庆市第二十九中学,2,1
重庆市第二外国语学校,8,1
重庆市第八中学2025-2026,1,1
重庆市第八中学2025-2026学年八年级下期末物理,1,1
重庆市第八中学2025-2026学年八年级下期末物理2,1,1
重庆市第八中学2025-2026学年八年级下期末物理模拟卷2,10,1
重庆市第八中学周考一英语,1,1
重庆市第八中学周考英语,3,1
重庆市第八中学校,1,1
重庆市第八中学校2025 2026上学期周考 一 英语试题,1,1
重庆市第八中学校2025 2026高三上学期周考 一 英语试题,3,1
重庆市第八中学校2025-2026学年高一下学期7月期末语文试题,1,1
重庆市第八中学校2025-2026高三上学期周考（一）英语,6,1
重庆市第八中学校九年级下册化学 期中考试试卷,6,1
重庆市第八中学高三周考一英语,2,1
重庆市第十一中,8,1
重庆市第十一中学校,4,1
重庆市第十八中学,2,1
重庆市綦江区2025‑2026学年下学期期末考试七年级,28,1
重庆市綦江区2025‑2026学年下学期期末考试八年级,3,1
重庆市育才中学开学考试,2,1
重庆市育才中学校高20二五届2022至2023学年上期末考试英语试题试卷,8,1
重庆市育才中学西南大学附属中学2026届高三上学期9月开学考,1,1
重庆市育才中学高20252023年至2024年英语试题,1,1
重庆市育才中学高一上,3,1
重庆市西南附属中学,37,1
重庆市辅仁中学,2,1
重庆市铜梁区2026年春季期末考试七年级 数学卷,2,1
重庆市铜梁区2026年春季期末考试七年级 生物试卷,9,1
重庆市长寿中学校,10,1
重庆市长寿区2025年九年级指标到校考试数学,5,1
重庆市长寿区长中期末化学试卷,5,1
重庆市长寿区长中期末生物试卷,2,1
重庆市高一上学期开学考,7,1
重庆市高二上学期期末数学试题,21,1
重庆市高二上学期期末物理试题,1,1
重庆市高新区七下期末考试,2,1
重庆市鲁能巴蜀中学校2027届高三上学期第一次学情检测,1,1
重庆康德卷高一下期末,10,1
重庆康德高一下期末试卷2026,5,1
重庆开州区2025—2026七年级上册数学期末试卷,4,1
重庆政治卷,1,1
重庆数学一中,2,1
重庆数学中考真题卷,2,1
重庆数学八中,13,1
重庆数学初二,3,1
重庆数学巴蜀,4,1
重庆数学育才,1,1
重庆数学育才期末,2,1
重庆朝阳中学,6,1
重庆期中,29,1
重庆杨家坪中学九年级三模,2,1
重庆杨家坪中学高一上物理,4,1
重庆梁平五年级下册,14,1
重庆概要补全,1,1
重庆概要补全中考,6,1
重庆求精中学,16,1
重庆沙区实验校,1,1
重庆渝北一中,3,1
重庆渝北中学期末考试,2,1
重庆生物竞赛,6,1
重庆礼嘉中学,2,1
重庆第11中学高一下数学,1,1
重庆第11中学高一下数学期末,6,1
重庆第11中高一下数学期末,6,1
重庆第6次,1,1
重庆第6次联考,1,1
重庆第6次质量检测,1,1
重庆第一,1,1
重庆第一中学七下数学期末,3,1
重庆第一中学高三月考数学,6,1
重庆第三次月考,9,1
重庆第八中学期中,1,1
重庆第八中学期中考试,1,1
重庆第八中学高三下学期期末考试化学,5,1
重庆第八中学高三第一学月,1,1
重庆第十一中学,5,1
重庆第十一中学高一下数学期末,19,1
重庆第十一中学高一下物理期末,14,1
重庆联考,6,1
重庆育才中学九上开学考,13,1
重庆育才高三上,1,1
重庆育才高三上开学,7,1
重庆自主招生,1,1
重庆英语中考,1,1
重庆西南大学附属中学2023-2024学年八年级下学期数学试题4,1,1
重庆西南大学附属中学2025 2026校初二上数学,4,1
重庆西南大学附属中学2025 2026校初二数学,5,1
重庆西附高二十月月考数学卷,1,1
重庆西附高二开学考数学,4,1
重庆语文九上期中试卷,1,1
重庆语文期末考试,2,1
重庆部分区高三上开学考物理,2,1
重庆青木关中学,2,1
重庆非连续性文本阅读,2,1
重庆高一上学期期中,2,1
重庆高一上数学半期考试,15,1
重庆高一下期末化学,3,1
重庆高一下期末物理,10,1
重庆高一下期末生物,1,1
重庆高一下期末英语,6,1
重庆高一下英语期末,12,1
重庆高一期末,14,1
重庆高三上学期阶段检测,5,1
重庆高三上开学,16,1
重庆高中物理,1,1
重庆高中物理期末,3,1
重庆高中自主招生考试,1,1
重庆高中自主招生考试数学,5,1
重庆高二上开学考,1,1
重庆高二上开学考英语,4,1
重庆高二下开学考,1,1
重庆高二开学考,1,1
重庆高新区小升初卷,4,1
重庆高等职业,1,1
重庆高考,2,1
重庆高考政治,6,1
重庆高考政治卷,3,1
重庆高考物理,1,1
重庆高考物理真题,1,1
重庆鲁能巴蜀,3,1
重庆鲁能巴蜀中学2027届高三上第一次月考物理卷,9,1
重捕法,1,1
重点,2,1
重点中学,5,1
重点校高二期末英语,3,1
重点高中单词,9,1
重难点,11,1
重难点11,22,1
重难点突破,3,1
重难点突破 函数,25,1
重难点突破函数,1,1
量词,3,1
金 华 1 0 校,2,1
金 华 十校 2 0 2 6 年 高二期末,6,1
金 考卷 2026 版 45 套语文,1,1
金三中,11,1
金中,2,1
金中海湾学校,16,1
金乡二中,1,1
金华,5,1
金华 分班 开学考,1,1
金华10校,1,1
金华10校2025年4月,1,1
金华一中提前招生科学,1,1
金华七年级入学考试英语,1,1
金华九中,1,1
金华二模,4,1
金华五中,2,1
金华十校2024 2025学年高一第二学期期末,1,1
金华十校英语,4,1
金华十校高三语文试题期末,2,1
金华四中,1,1
金华四中小升初分班考。,3,1
金华小升初,3,1
金华小升初入学数学分班,1,1
金华小升初入学考试数学,2,1
金华小升初入学考试英语,2,1
金华小升初数学分班,1,1
金华市,11,1
金华市2025年4月高三英语模拟考试,1,1
金华市第五中学,2,1
金华市金东区分班考试卷,2,1
金华市金东区实验中学分班考试卷,2,1
金卷先享题 高二暑假作业 语文 2026 海南出版社,2,1
金台区期中,16,1
金台区第一次月考,5,1
金坛一中,1,1
金坛一中物理暑假作业,1,1
金坛区第一中学,4,1
金坛第一中学,5,1
金太阳 02026金太阳试卷辽宁,4,1
金太阳 湖南 高一下 期末 数学,8,1
金太阳2025高一三月联考,6,1
金太阳26-414A英语试卷,1,1
金太阳联考2025到2026年江西,2,1
金太阳联考2025到2026年语文卷子,4,1
金太阳联考高一下,2,1
金太阳联考高一下数学,2,1
金太阳试卷,3,1
金属,3,1
金属及其化合物,2,1
金属材料,7,1
金属滤液滤渣复习讲义,6,1
金属矿物及铁的冶炼,5,1
金属矿物铁的冶炼,2,1
金属考点清单鲁科版2019,5,1
金山中学高一下,1,1
金平区高二,1,1
金广附,1,1
金德,6,1
金德实验学校,5,1
金德实验学校第一次月考,7,1
金昌市第六中学,4,1
金易金卷,1,1
金晨,1,1
金晨联盟,1,1
金普新区,4,1
金桂2024分班数学摸底卷,8,1
金桂2024分班英语摸底卷,9,1
金榜苑,1,1
金沙湾一中,1,1
金海,1,1
金溪县2026年小学数学毕业素质测试卷,1,1
金版 2027高考一轮复习,1,1
金版学案英语必修一,5,1
金版教程 2026,3,1
金版教程 2026年高考化学一轮复习解决方案全书word 经典版,1,1
金版教程 2027高考一轮复习,9,1
金版教程 2027高考一轮复习数学,4,1
金版教程 2027高考科学复习解决方案一轮复习,2,1
金版教程 2027高考科学复习解决方案物理一轮复习,1,1
金版教程2027英语,1,1
金版教程创新导学案思想政治选择性必修三Word,5,1
金版教程化学,4,1
金版教程化学反应热,1,1
金版教程化学必修二鲁科版,10,1
金版教程学生版,1,1
金版教程导学案政治选必三,5,1
金版教程选择性必修一,3,1
金版新学案,4,1
金版新学案 2027高考一轮复习,10,1
金版新学案高中历史选必一,10,1
金版英语必修一,1,1
金牛二诊,2,1
金牛区,2,1
金牛区七上,1,1
金牛区七上期末考试,6,1
金牛区期末考试2025 2026,4,1
金砖联盟,3,1
金科大联考,5,1
金立群,1,1
金立群.,2,1
金考卷2027,1,1
金考卷2027物理,1,1
金考卷单元测试卷,1,1
金考卷单元测试卷选必1化学人教版,1,1
金考卷单元测试卷选必1生物人教版,1,1
金考卷安徽,1,1
金考卷山西,5,1
金考卷活页题选高一下物理人教版期末,2,1
金考卷活页题选高中生物学选择性必修一人教版,3,1
金考卷特快专递电子版,4,1
金考卷高二同步特刊,7,1
金色花语文课件,3,1
金色花课件,2,1
金苹果锦城一中,1,1
金苹果锦城一中9年级上学期,1,1
金郊,4,1
金阶梯,2,1
金陵汇文2025至2026，九上期末试卷,3,1
钟吾初中,6,1
钟吾国际,1,1
钟表计算,1,1
钠和氯,6,1
钠和铁的题,1,1
钠练习题化学,1,1
钠练习题化学高三,1,1
钦州二中,4,1
钦州二中分班考,1,1
钦州二中开学考,1,1
钦州市 高二下期末,8,1
钦州市2023年高一期末监测试卷,1,1
钦州市2025生物期末,3,1
钦州市2025秋季学期高二期末生物,3,1
钦州市2025高二期末,1,1
钦州市2026秋季学期高二期末生物,3,1
钦州市二中小升初语文试卷,2,1
钦州市外国语,2,1
钦州市外国语入学考试,7,1
钦州市大寺,2,1
钦州市期末,2,1
钦州市钦南区一中小升初,8,1
钦州高一物理上期末,1,1
钦州高二期末,5,1
钱学森,3,1
铁,4,1
铁一 分班考,1,1
铁一 分班考 高一,1,1
铁一中2025年八年级上册数学考试真题,2,1
铁一中分班考,2,1
铁一中学,1,1
铁一中学高二第一次,1,1
铁一中陆港中学,2,1
铁一湖滨分班考卷,3,1
铁与酸的反应,6,1
铁东区小学升初中分班考试,5,1
铁中,3,1
铁中鹿岗中学,1,1
铁人,16,1
铁人中学物理高一,5,1
铁人中学生物高一下,3,1
铁佛中学,10,1
铁力一中开学考,2,1
铁及其重要化合物,1,1
铁岭,3,1
铁岭县小升初考试试卷,7,1
铁岭县莲花中学,3,1
铁岭县莲花中学试卷,8,1
铁岭市,1,1
铁岭市银州区五年级的下册数学20252026,1,1
铁西区,1,1
铁路中学,1,1
铁路中学重庆,2,1
铁路实验中学,2,1
铁路职工子弟,2,1
铜仁市一中,1,1
铜仁市物理竞赛,6,1
铜官区入学,1,1
铜官区初一入学,3,1
铜山一中高一上9月份月考,10,1
铜山区第一中学上月考,6,1
铜山区郑集城区分校高一10月月考,7,1
铜山区郑集高中高一上10月月考,4,1
铜梁中学,2,1
铜梁区指标,6,1
铜梁联考,2,1
铜盘中学期末,6,1
铜陵一中实验班选拔考试试题,1,1
铜陵一中高二开学考,1,1
铜陵市,1,1
铜陵市2024至2025年学年度第一学期高一期末考试化学试卷,3,1
铜陵市义安区第三中学八上数学期末考试试卷,2,1
铜陵市第一中学高二开学考,13,1
铜陵市第三中学,2,1
铜陵市第十中学,2,1
铜陵市铜官区第十五中学八上期中试卷,3,1
铜陵数学高一,1,1
铝及其重要化合物,1,1
铧镪,1,1
铭选中学,1,1
银川,1,1
银川一中2026二模历史,9,1
银川一中2026二模地理,1,1
银川一中2026二模英语,4,1
银川一中2026二模语文,2,1
银川一中2026年数学期末卷,2,1
银川一中二模英语2026。,4,1
银川一中物理,2,1
银川一中高一期末,4,1
银川一中高一第一次月考化学,2,1
银川一中高三上学期物理,4,1
银川一中高三上期末化学,1,1
银川一中高三下,3,1
银川一中高二第一次月考,3,1
银川九中,3,1
银川二中高三,1,1
银川二中高三开学考,3,1
银川初二物理北塔中学,2,1
银川初二物理期末,9,1
银川北塔,2,1
银川四十二中,4,1
银川外国语七年级数学,1,1
银川市一中月考高一,1,1
银川市一中高一,1,1
银川市一中高一月考,4,1
银川市七下简单的语法填空,4,1
银川市三十一中月考,1,1
银川市三十一中月考高一,1,1
银川高三开学考,1,1
银高一物理,1,1
锂离子电池,1,1
锋与天气,1,1
锋与天气人教版,3,1
锐角三角函数预习解析版,6,1
锐角三角比,1,1
错题,1,1
错题小印,3,1
错题本,1,1
错题集,1,1
锡东高级中学,11,1
锡北片2025求学期期中考试试卷初二物理,9,1
锡山,24,1
锡林郭勒盟,5,1
锦中名校联盟第一次月考,1,1
锦城一中,1,1
锦州2024～2025九上期末数学试卷,3,1
锦州5上期末卷,5,1
锦州5下期末卷,3,1
锦州6.下期末卷,1,1
锦州6下期末卷,5,1
锦州7上卷,1,1
锦州7上月考,5,1
锦州7上期末卷,6,1
锦州7上英语期末卷,3,1
锦州7上黑山月考,1,1
锦州三下期末卷,10,1
锦州中学20201月考化学,6,1
锦州中学2025年高一上月考,2,1
锦州中学名校联盟第一次月考,1,1
锦州八上期中考试,1,1
锦州八上物理期中,11,1
锦州八中月考,1,1
锦州八中物理月考,1,1
锦州凌海2024～2025九上期中数学试卷,2,1
锦州凌海2024～2025九上期末数学试卷,2,1
锦州勃海大学附属高级中学2025一2026学年高一上学期化学试卷,1,1
锦州北师四上数学期末,6,1
锦州四上,13,1
锦州四上数学,8,1
锦州四上数学期末,24,1
锦州四上期末语文卷,67,1
锦州四上英语期末卷,2,1
锦州四上语文卷,26,1
锦州小升初卷,7,1
锦州市2025高一第一学期期中卷,9,1
锦州市锦阳,2,1
锦州铁中,1,1
锦州高一下数学期末,3,1
锦州黑山三下语文卷,2,1
锦江,1,1
锦江区,1,1
锦江区九年级上期末数学试卷,1,1
锦江嘉祥,2,1
锦江师一,3,1
锦江师初一2024级分班测评,18,1
镇中高一月考卷,1,1
镇宁高中教育集团,6,1
镇安,3,1
镇安县,16,1
镇安慧源,1,1
镇平,2,1
镇平县第一高级中学,6,1
镇江2026中考,2,1
镇江2026届地理高三期初考试,5,1
镇江2026届地理高三第一学期期初考试,9,1
镇江一中,7,1
镇江一中高三英语卷。,3,1
镇江中学高一月考卷,1,1
镇江中考 数学,1,1
镇江中考2026,5,1
镇江二模,6,1
镇江实验学校小升初考试,14,1
镇江市六下毕业卷,15,1
镇江市初三上化学期中卷,1,1
镇江市第一中学,1,1
镇江市第一中学高一语文,4,1
镇江市第一外国语中学语文分班考,5,1
镇江开学考,8,1
镇江高一上化学,1,1
镇江高一上化学月考第一次,5,1
镇江高一上数学月考第一次,4,1
镇江高一上数学第一次月考,4,1
镇江高一上物理月考第一次,5,1
镇江高一上英语第一次月考,5,1
镇江高一上语文第一次月考,6,1
镇江高一数学,3,1
镇江高一期中数学,1,1
镇江高二上期中物理,3,1
镇海中学2025高二期末数学,1,1
镇海中学2026 届高三下模拟预测,1,1
镇海中学2026 届高三下模拟预测 语文,5,1
镇海中学初中,6,1
镇海中学开学考。,4,1
镇海中学新高一开学考,1,1
镇海中学新高一数学,1,1
镇海中学月考,2,1
镇海中学期中考,4,1
镇海中学高一期中考试,1,1
镇海中学高二数学上学期月考,1,1
镇海中学高二数学上学期第二次月考,2,1
镇海区仁爱中学,22,1
镇海区仁爱中学期中试卷,19,1
镇海高二数学上学期期中,2,1
镇海高二数学上学期第二次月考,3,1
镇雄,9,1
镇雄县第二中学,5,1
镜子能放门上吗,1,1
長沙市第六中學,2,1
長沙市第六中學開學,2,1
长丰下塘中学,2,1
长丰下塘中学高一上学期数学期末考试,5,1
长乐一中华侨,1,1
长乐二中,3,1
长乐第一中学2025—2026学年第二学期期中阶段反馈练习 八年级英语,1,1
长兴中学,3,1
长兴中学往年创新班选拔真题,3,1
长出一地的好荞麦,5,1
长垣,11,1
长城中学,2,1
长子县张源中学,1,1
长宁区,3,1
长宁区中考语文质量抽查,1,1
长安一中,6,1
长安十二中高语文署假zy,1,1
长安的荔枝读后感,1,1
长寿实验,7,1
长岭县实验小学'四年级下册,3,1
长度单位,4,1
长德市一中高一第一次英语月考,1,1
长方体 和正方体表面积,1,1
长方体 和正方体表面积和体积,11,1
长方体 和正方体表面积和体积知识清单,1,1
长方形周长,6,1
长方形面积基础题,2,1
长春11高,2,1
长春26年语文中考真题,22,1
长春一模,1,1
长春一模高中,3,1
长春东北师范大学附属中学高 一 0 上学期月考,1,1
长春中学,4,1
长春二实验中学,3,1
长春二模,5,1
长春八上英语月考,4,1
长春六中,1,1
长春十一高高一上学期期末数学,1,1
长春南湖实验中海小学,1,1
长春吉林,3,1
长春外五县2025‑2026学年高二下学期期末,3,1
长春外国语,6,1
长春小升初,1,1
长春市,3,1
长春市2025届高三质量,3,1
长春市2025届高三质量检测4,16,1
长春市2026初中学业水平考试网上阅卷模式模拟练习,4,1
长春市2026初中学业水平考试网上阅卷模拟练习语文,3,1
长春市2026届高三下学期第三次模拟考试,3,1
长春市2026年八年级生物,1,1
长春市2026生地,1,1
长春市2026生地会考,1,1
长春市2026生物,1,1
长春市2026高三质量检测,1,1
长春市一模,11,1
长春市农安高级中学,1,1
长春市农安高级中学2026-2027高二期末,1,1
长春市分班考试,3,1
长春市博硕,6,1
长春市吉林大学附属中学,29,1
长春市实验第一次月考,1,1
长春市文理高中高一上学期数学,1,1
长春市文理高中高一上学期第一学程,2,1
长春市文理高中高一上学期第一学程数学,1,1
长春市真题数学卷100套,8,1
长春市第一0八,1,1
长春市第一0八七年级上,1,1
长春市第一0八七年级上 10 月数学,1,1
长春市第一五零中学,1,1
长春市第二中学,1,1
长春市第二中学高二上,9,1
长春市第八中学,9,1
长春师大明珠真题卷,5,1
长春师大附中,4,1
长春文理学校,6,1
长春新区期末,2,1
长春汽车经济技术开发区第二实验学校,7,1
长春第二中学,2,1
长春预高一英语,3,1
长春高 一  上学期月考,7,1
长春高 一 0 上学期月考,7,1
长春高 一 上学期 第一次月考,5,1
长春高一上,1,1
长汀一中,3,1
长沙 025中考真题卷,3,1
长沙2025长郡分班考卷子,1,1
长沙26高三模拟数学,3,1
长沙9年级上册化学期中试卷,18,1
长沙9年级上册数学期中考试试,5,1
长沙一中分班考,6,1
长沙一中城南分班考,2,1
长沙一中教育集团,4,1
长沙一中高三英语试卷,4,1
长沙一中高二期中英语,4,1
长沙一中高二英语,2,1
长沙一模,9,1
长沙一模英语,1,1
长沙七上数学期中,1,1
长沙七上英语,4,1
长沙七年级上册数学月考,10,1
长沙七年级上册数学月考长郡,4,1
长沙七年级上册数学长郡,2,1
长沙七年级上册月考,3,1
长沙七年级上册期中,2,1
长沙七年级师大附中数学,1,1
长沙中考一模英语,1,1
长沙中考英语,1,1
长沙中职,3,1
长沙中职高一数学,1,1
长沙九上政治,2,1
长沙九上期中数学雅礼,2,1
长沙九上物理期末考试,6,1
长沙九年级上数学期末考试卷,8,1
长沙九年级第一次数学月考,3,1
长沙八年级上册数学期末,1,1
长沙八年级上册期中限时数学,1,1
长沙八年级期末数学试卷,11,1
长沙分班考试卷,8,1
长沙初三化学,1,1
长沙初升高入学分班测试卷2026,3,1
长沙初升高分班数学,4,1
长沙南雅中学,1,1
长沙南雅中学小升初选拔数学试卷,2,1
长沙四大集团,5,1
长沙四校化学,1,1
长沙四校化学高三,1,1
长沙外国语学校高一年级入学分班,4,1
长沙大学附属中学2025入学考,1,1
长沙大学附属中学2025开学分班考试卷,1,1
长沙大学附属中学往年高一开学分班考试卷,11,1
长沙市2025 2026学年八年级下学期期末考试数学试卷,5,1
长沙市2025-2026学年八年级下学期期末考试数学试卷,1,1
长沙市2026年高三年级模拟考试英语,4,1
长沙市一中2025年新高一入学分班考物理试卷答案,4,1
长沙市一中2025年新高一入学分班考语文试卷,3,1
长沙市一中2025年新高一入学分班考语文试卷答案,3,1
长沙市一中2025年高二上学期期中,6,1
长沙市一中2025年高二上学期期末,1,1
长沙市一中2026年新高一入学,6,1
长沙市一中2026年高二上学期期末,1,1
长沙市一中2027届,1,1
长沙市一中广,1,1
长沙市一中广雅,2,1
长沙市一中集团,15,1
长沙市一中高一025级新生入学考试语文,4,1
长沙市一中高一入学考试,4,1
长沙市一中高二025级新生入学考试语文,5,1
长沙市七年级下册期中试卷,1,1
长沙市中考,1,1
长沙市中考真题2026,6,1
长沙市九上数学第一次月考,1,1
长沙市入学考试,1,1
长沙市入学考试高中,4,1
长沙市八下数学期末,5,1
长沙市六中,1,1
长沙市六年级下学期期末考试卷,8,1
长沙市初二下数学,7,1
长沙市初二下英语,9,1
长沙市初二物理,36,1
长沙市初二英语,20,1
长沙市十五中高一分班考试卷,2,1
长沙市南雅中学,2,1
长沙市南雅中学高一上学期入学考试,3,1
长沙市南雅中学高一入学考试,2,1
长沙市南雅中学高一开学分班考2025,8,1
长沙市周南中学2025—2026新高一上学期入学考卷,8,1
长沙市周南中学2025新高一上学期入学考卷,7,1
长沙市周南中学高一入学考试,17,1
长沙市实验,2,1
长沙市师大附中高一入学考试,3,1
长沙市弘益高级中学 2025‑2026高一上期末英语 听力原文,8,1
长沙市怡海中学,1,1
长沙市怡海中学分班,1,1
长沙市明德中学高一入学考试,3,1
长沙市石燕湖中学,18,1
长沙市立信中学,7,1
长沙市第一中学2025一2026,5,1
长沙市第一中学2025年新生入学考试语文,5,1
长沙市第一中学2025高一第一学期入学分班考试,3,1
长沙市第一中学2025－2026,4,1
长沙市第一中学2025－2026学年高一入学质量检测,7,1
长沙市第一中学开学,10,1
长沙市第一中学语文,1,1
长沙市第一中学高三2026年8月考试,2,1
长沙市第一中学高二下学期期末考试地理,2,1
长沙市第六中学,3,1
长沙市第六中学入学考,1,1
长沙市第六中学，入学考,1,1
长沙市第十一中学高一入学分班考试卷,3,1
长沙市金海,2,1
长沙市金海谷郡高级中学 高一上期末英语 含听力,7,1
长沙市金海谷郡高级中学 高一上期末英语 译林版,5,1
长沙市长郡中学高一下学期期末考试,5,1
长沙市长郡集团,8,1
长沙市高一上学期入学考试语文,3,1
长沙市高一下期末,5,1
长沙师大附中星城八上期中,3,1
长沙师大附中梅溪湖,14,1
长沙师大附中梅溪湖入学考,7,1
长沙开学卷,7,1
长沙开学考,4,1
长沙数学高二开学,2,1
长沙新高一入学分班考试卷,3,1
长沙新高一分班考,2,1
长沙新高一开学考,3,1
长沙新高一怡海入学分班考,1,1
长沙明德中学,4,1
长沙明德中学高一月考数学,4,1
长沙明德雨花,1,1
长沙明德雨花 中学,1,1
长沙模考,4,1
长沙田家炳,2,1
长沙石燕湖中学,10,1
长沙第一中学,2,1
长沙航天,4,1
长沙航空职业技能测试试卷,1,1
长沙长郡中学2025 2026入学分班考试,3,1
长沙长郡中学高三一模数学,2,1
长沙雅礼,7,1
长沙雅礼中学,6,1
长沙雅礼中学高一上学期入学考试试卷,1,1
长沙高一上分班考试卷,1,1
长沙高一入学分班卷,22,1
长沙高一入学分班考试,4,1
长沙高一入学分班考试语文,4,1
长沙高一分班考,1,1
长沙高一分班考试卷,1,1
长沙高一开学考分班考试,33,1
长沙高三上开学考,1,1
长沙高三上开学考化学,9,1
长沙高三上开学考物理,9,1
长沙高三上开学考生物,5,1
长沙高三数学,7,1
长河小学,4,1
长治市,21,1
长清中学开学考,2,1
长生桥中学,2,1
长群中学2026年高一下学期生物月考,4,1
长葛一高,1,1
长葛市实验中学,1,1
长葛市第一高级中学高一,1,1
长葛市第三高级中学,1,1
长葛市第二高级中学,2,1
长郡 02 026 二十校 期末,1,1
长郡 20校,10,1
长郡 卫星远程学校 高一数学 必修二 学案,2,1
长郡2025高一上学期期末数学,2,1
长郡2026年高一下学期期末试卷N卷,7,1
长郡2026高三上暑假检测卷英语,3,1
长郡2026高三上月考卷一英语,5,1
长郡2026高三二轮模考,8,1
长郡2026高三月考卷一英语,7,1
长郡2027届高三入学考,1,1
长郡七下期末,3,1
长郡七年级,1,1
长郡七年级期末,2,1
长郡中学 026高一,5,1
长郡中学 物理卷高二上,3,1
长郡中学10,4,1
长郡中学2024 2025学年高一上学期入学考试数学,1,1
长郡中学2024 2025学年高一上学期入学考试语文,1,1
长郡中学2024年高二暑假作业检测试卷数学,1,1
长郡中学2024级高一入学考试试卷语文,2,1
长郡中学2024级高一综合能力检测试卷语文,10,1
长郡中学2025年高二上学期期中,5,1
长郡中学2025年高二上学期期末,8,1
长郡中学2026一2027高一年级入学,10,1
长郡中学2026届高三考式卷英语,3,1
长郡中学2026开学考数学,4,1
长郡中学2026新高一分班考,1,1
长郡中学2026高一下期末考试,6,1
长郡中学2026高三开学考,5,1
长郡中学26年高二下月考,1,1
长郡中学入学,3,1
长郡中学分班考,6,1
长郡中学听力,4,1
长郡中学小题训练,4,1
长郡中学新高一分班考,1,1
长郡中学暑假作业,8,1
长郡中学校考,2,1
长郡中学语文,9,1
长郡中学高一下学期期末语文,1,1
长郡中学高一入学考,4,1
长郡中学高一入学考试,1,1
长郡中学高一入学考试试卷语文,5,1
长郡中学高一数学期末,1,1
长郡中学高一英语,10,1
长郡中学高三下学期期末试卷政治2026,2,1
长郡中学高三下学期期末试卷政治2026七月,1,1
长郡中学高三开学考英语,3,1
长郡中学高三第一次月考,1,1
长郡中学高中综合能力测试卷语文,1,1
长郡中学高二,1,1
长郡中学高二上入学考试数学,1,1
长郡中学高二上学期开学考历史,4,1
长郡中学高二上学期开学考地理,4,1
长郡中学高二上学期开学考政治z,4,1
长郡中学高二上学期开学考英语,3,1
长郡中学高二上开学考,1,1
长郡中学高二上开学考化学,1,1
长郡中学高二上数学,6,1
长郡中学高二上暑假作业化学,1,1
长郡中学高二上暑假作业检查,1,1
长郡中学高二上暑假作业检测生物,3,1
长郡中学高二上暑假化学,1,1
长郡中学高二下学期期末考试地理,3,1
长郡中学高二数学上学期第二次月考,2,1
长郡中学高二期末,9,1
长郡中学（一）,2,1
长郡二十校联考,3,1
长郡入学,15,1
长郡入学分班,1,1
长郡历史高一,5,1
长郡双语,14,1
长郡教育集团 2025‑2026 学年七年级下学期期末限时检测,1,1
长郡教育集团初三化学第一次限时检测,12,1
长郡教育集团初三化学第一次限时检测答题卡,6,1
长郡教育集团初三第一次限时检测,4,1
长郡教育集团初中课程中心2020学年九年级第1次限时训练试卷,2,1
长郡智谷,2,1
长郡智谷初升高,1,1
长郡梅溪湖入学考试,3,1
长郡理实班,1,1
长郡语文,1,1
长郡集团七年级数学,4,1
长郡集团九年级,4,1
长郡集团拔尖创新人才选拔卷,12,1
长郡集团高一,1,1
长郡集团高一数学,1,1
长郡集团高一数学上学期,1,1
长郡集团高一物理第一次月考,8,1
长郡高,1,1
长郡高一上分班考真题,3,1
长郡高一上学期期中数学,2,1
长郡高一入学考,2,1
长郡高一入学考试试卷,8,1
长郡高一分班考真题,2,1
长郡高一开学,1,1
长郡高一数学入学考,1,1
长郡高一数学第一次月考,5,1
长郡高一物理第一次月考,4,1
长郡高二上入学考,6,1
长郡高二上开学考化学,1,1
长阳一中,1,1
长雅,11,1
门头沟区2025年8年级上学期数学期中试卷,3,1
门罗主义,1,1
闫芳,3,1
闭合回路的欧姆定律,11,1
问津联盟,17,1
闯者利云系统故闭门谢客生机穷,1,1
闵行六校联考,5,1
闵行区2026年八年级统考试卷,4,1
闵行区初三数学一模2026,3,1
闵行区初三物理一模2026,4,1
闵行区浦江汇秀小学,1,1
闹钟模型,10,1
闻王昌龄左迁龙标遥有此寄,1,1
闻王昌龄左迁龙标遥有此寄课件,1,1
闽侯,5,1
闽侯二中高一期中卷,7,1
闽侯六中八年级上册,1,1
闽侯县 七年级下册期末考,1,1
闽南师范大学,1,1
闽教版,2,1
闽教版三年级上英语试卷第一单元,1,1
闽教版三年级下英语试卷第一单元,1,1
闽教版六年级,6,1
闽清第一中学,5,1
阅卷,2,1
阅渎理解20篇,11,1
阅读C,10,1
阅读三年级语文,4,1
阅读填词,3,1
阅读完型短文填空阅读专项,34,1
阅读理解15篇,7,1
阅读理解D卷,4,1
阅读理解Go for it! 八年级上册英语,2,1
阅读理解小说语文高考,2,1
阅读理解应用文,2,1
阅读理解答题模板,10,1
阅读理解答题模板语文,7,1
阅读理解语文初中,1,1
阅读理解语文高考,1,1
阅读练习,1,1
阅读表达,7,1
阅读还原,2,1
阅读高频词汇,6,1
阆中中学高三开学考,4,1
阜南一中期末考试高二数学,1,1
阜南一中期末考试，高二,2,1
阜南一中期末考试，高二数学,5,1
阜宁,1,1
阜宁中学,2,1
阜宁县2020年小升初数学试卷,1,1
阜宁县东沟中学,4,1
阜宁县第一高级中学,4,1
阜宁县陈集中学,1,1
阜新市实验中学,9,1
阜新市第二十六中学。真题卷,7,1
阜新部分,1,1
阜阳 界首七年级上数学期末,1,1
阜阳一中,11,1
阜阳一中高一第一次月考试卷,1,1
阜阳七下期中,4,1
阜阳七年级上数学期末,6,1
阜阳七年级上期中数学,2,1
阜阳七年级数学期末,3,1
阜阳七年级期末,1,1
阜阳三中,3,1
阜阳八年级物理第一次,2,1
阜阳市2025到2026质量监测卷,1,1
阜阳市2025到2026高三质量监测卷,1,1
阜阳市2025到2026高三质量监测卷物理,2,1
阜阳市2026届高三一模物理,1,1
阜阳市九年级上册数学第一次月考卷,14,1
阜阳市九年级上册物理第一次月考卷,16,1
阜阳市红旗中学,6,1
阜阳界首七年级上数学期末,1,1
防倒吸的装置,3,1
防城港市,9,1
阳信县四年级上册英语,1,1
阳信县第一实验学校,4,1
阳光,4,1
阳新六分班考试卷,1,1
阳新六年级分班考试卷,1,1
阳新分班考试卷,2,1
阳新县 初一分班考 英语 历年真题,3,1
阳新县分班考试卷,1,1
阳新县历年小升初入学英语考试卷,1,1
阳新县历年小升初分班考英语卷,1,1
阳新小升初分班考试卷,2,1
阳江市五年级下册数学期末试卷,1,1
阳江市第一中学,2,1
阳江市第一中学高一上期中,3,1
阳江市第一中学高一期中,1,1
阳江市统考,1,1
阳江江城,1,1
阳泉,9,1
阳泉一中化学，月考,2,1
阳泉一中高一化学，月考,3,1
阳泉市2025 2026学年度第二学期期末教学质量监测试题,4,1
阳泉市2025-2026学年度第一学期期末教学质量监测试题高二数学,12,1
阳泉市高三一模,1,1
阴影面积相关计算,8,1
阶段性练习,5,1
阶段检测,3,1
阶段练习1细胞的概述及其分子组成,4,1
阶段质量测评生物必修二,5,1
阿伏伽德罗常数,7,1
阿勒泰区二开学考试卷,1,1
阿勒泰地区一中,4,1
阿勒泰地区二中,1,1
阿勒泰地区二中开学考试卷,1,1
阿勒泰地区第二高级中学2025年开学考试试卷,3,1
阿坝州2025春季2027届期末质量监测,1,1
阿坝州2025春季2027届期末质量监测生物试题,2,1
阿城二中,1,1
阿城区第二,1,1
阿城区第二中学,3,1
阿基米德,2,1
阿宏老师,2,1
阿氏圆-最值问题,16,1
阿氏圆-最值问题北京,6,1
阿氏圆-最值问题安徽,3,1
附中 福建,2,1
附中人大,4,1
附属初级中学,1,1
陆丰五峰中学,3,1
陆丰小学,6,1
陆丰市南塘镇中心小学,7,1
陆丰市小学数学三年级单元测试,3,1
陆丰湖东中学,2,1
陆丰高一联考,3,1
陆家中学分班考,1,1
陆家中学分班考试卷,4,1
陇南,2,1
陇南市高一下学期物理期末考试,1,1
陇县崇文中学,1,1
陈仓区,2,1
陈分,1,1
陈太丘与友期行,1,1
陈家中学,4,1
陈店镇,2,1
陈情表,11,1
陈毅中学,5,1
陈毅中学开学考试,10,1
陈毅中学第一次月考,2,1
陈琳,3,1
陈经纶中学九上开学摸底考试卷,8,1
