keywords,pv,uv
开学考,1477,107
物理,811,99
高考,294,81
数学,1407,80
英语,528,73
期中,1000,53
分班考,500,52
化学,329,49
中考,320,47
期末,1087,47
免费,100,46
月考,658,46
高 考 2026高考真题,224,45
三角函数,257,40
语文,290,38
圆锥曲线,226,37
免费专区,151,34
第一次月考,266,33
成都七中,169,32
长郡中学,177,32
二次函数,156,31
解三角形,138,30
2026 0 01卷 高考数学,118,29
听力,120,29
小升初,296,29
深圳中学,120,29
函数,184,28
人大附中,139,27
导数,216,27
巴蜀中学,127,27
开学考 分班考 高一,293,27
镇海中学,151,27
一模,163,25
生物,178,25
立体几何,115,25
地理,232,24
试卷,422,24
分班考 初一,502,23
数列,149,23
雅礼中学,114,23
基本不等式,105,22
日语,153,22
竞赛,499,22
衡水中学,109,22
长郡,165,22
集合,138,22
作文,123,21
开学测,265,21
T8联考,207,20
哈三中,133,20
开学,333,20
重庆八中,202,20
高考真题,108,20
高 考 2026高考真题全国一卷,142,19
高三开学考,360,19
圆,59,18
开学考试,262,18
读后续写,86,18
辽宁省实验中学,209,18
Z20,176,17
八省联考,135,17
分班,58,17
历史,132,17
月考卷,174,17
高 考 2025高考真题,71,17
2026 0 0 1卷 全国高考 语文,79,16
2026 0 01卷 高考,79,16
东北师大附中,70,16
成都 七中,56,16
政治,175,16
2026 0 0 1卷 全国英语高考,42,15
反比例函数,88,15
联考,257,15
语法填空,85,15
阅读理解,119,15
雅礼,69,15
高二开学考,125,15
一元二次方程,82,14
入学考,288,14
全等三角形,51,14
华中师范大学第一附属中学,76,14
合肥一中,80,14
巴蜀,104,14
强基计划,76,14
自主招生,75,14
高考卷,72,14
2026 0 0 1卷 全国高考,94,13
专题,144,13
入学考试,206,13
华师一附中,89,13
河北,119,13
福州一中,64,13
空间向量,58,13
2026 0 0 1卷 全国高考 数学,47,12
一次函数,54,12
上好课,66,12
中考真题,89,12
入学,75,12
南开中学,40,12
南通,90,12
定语从句,100,12
小升初分班考,105,12
有机化学,53,12
江南十校,108,12
浙江,69,12
高 考 2026高考真题全国二卷,46,12
高考物理,66,12
10月,199,11
2 二次函数,45,11
南京,79,11
天一中学,69,11
学易金卷,448,11
山东省实验中学,53,11
师大附中,29,11
泉州五中,64,11
海南中学,99,11
深圳,95,11
湖南师大附中,63,11
高 考,44,11
高一,108,11
高三数学,75,11
2026,65,10
9月,35,10
z20,45,10
一中,44,10
一轮复习,77,10
不等式,56,10
免费试卷,53,10
入学考试 高中 高一,73,10
单词,83,10
南开,60,10
厦门,55,10
厦门一中,36,10
名校联盟,95,10
因式分解,44,10
圆创联盟,50,10
大连24中,21,10
杭州二中,38,10
板块模型,60,10
武汉,73,10
济南,110,10
组卷网,43,10
辽宁名校联盟,83,10
辽宁阶段检测,69,10
重庆一中,29,10
金太阳,48,10
高一上学期阶段检测,34,10
高一分班考,59,10
高一开学考,85,10
高一数学,88,10
高一物理,52,10
高三,147,10
高三开学考9月,100,10
高考数学,30,10
2025,64,9
2026高考,26,9
A10联盟,97,9
Z20名校联盟2026届高三第一次联考,55,9
七中,52,9
二中,31,9
人教版,95,9
免费的试卷,46,9
分班考 高一,61,9
匀变速直线运动,47,9
北师大版,73,9
华师一附中圆锥曲线专题,54,9
单元卷,81,9
合格考,85,9
合肥168中学,18,9
大庆实验中学,48,9
大连,53,9
奥林匹克数学竞赛,41,9
学军中学,48,9
平面向量,57,9
广州,140,9
文言文,26,9
月考10月,41,9
炎德英才大联考,31,9
生物必修一,48,9
相似三角形,44,9
省实验,35,9
知识点,44,9
自主招生数学,92,9
苏州中学,36,9
辽宁中考,41,9
高考1卷,32,9
2.2（1）化学平衡有关计算,50,8
40106618,52,8
PPT,21,8
Z20 02026届高三第一次联考英语,29,8
www zxxk com,24,8
上海,44,8
东北师范大学附属中学,22,8
东北育才,57,8
中考英语,46,8
全国1卷,28,8
八中,71,8
八年级上册,25,8
北京,61,8
厦门双十中学,78,8
双曲线,31,8
古诗,17,8
哈尔滨师范大学附属中学,22,8
圆创,37,8
圆锥曲线大题,55,8
天一大联考,21,8
天津市第一中学,24,8
安徽六校联考,71,8
导学案,87,8
广东实验中学,43,8
开学考 分班考 高一上,40,8
教材,27,8
新高考1卷,28,8
暑假作业,47,8
期中考试,64,8
概率,28,8
步步高 2027大一轮复习讲义,47,8
江西,69,8
浙江中考,19,8
湖北,50,8
物理期末,152,8
物理电学专题,30,8
生物 01 一轮复习,41,8
电学,35,8
石家庄精英中学,49,8
立体几何中的动点及截面，交线问题,23,8
第一单元,49,8
西工大附中,80,8
解析几何,24,8
语文作文,34,8
语法,47,8
郑州外国语学校,25,8
重庆南开,28,8
金山中学,48,8
长沙市一中,28,8
青岛,67,8
非谓语动词,28,8
高 一 0 上学期 人教版 必修一数学,29,8
高 考 2025高考真题全国一卷,32,8
高三上学期开学考,153,8
高二,57,8
高考英语,18,8
高考语文,18,8
10月月考,109,7
2.1.2 基本不等式,29,7
2024 0 0 1 1卷 全国数学高考,19,7
2026 0 0 1卷 高考 化学,24,7
3500 词汇背诵word版,39,7
9月月考,50,7
A10 联盟 8月 安徽 开学考,25,7
Z20名校联盟,80,7
三中,43,7
三角恒等变换,30,7
上海中学,24,7
九省联考,31,7
乡土中国,29,7
云南,78,7
会考,28,7
传送带模型,31,7
八上,34,7
八中 重庆,16,7
六校联考,101,7
函数 0 1 函数一轮复习专题高三,20,7
动量,58,7
厦门第一中学,17,7
合格考真题,28,7
合肥,142,7
合肥168,37,7
名词性从句,67,7
哈 三 中,18,7
哈尔滨,35,7
哈尔滨2026中考,16,7
哈尔滨市第三中学,21,7
圆锥曲线中常用的二级结论,40,7
基因工程,30,7
复旦大学附属中学,19,7
大连二十四中,52,7
大连市第二十四中学,50,7
天津,102,7
安徽,33,7
宪法专项基础选择15道,71,7
小 升 初 2026分班试卷,37,7
广州市第二中学,37,7
广西,51,7
开学考高三,37,7
强基,50,7
强基计划数学,22,7
思维导图,41,7
成都七中林荫,32,7
日语2025高考考日语卷,40,7
期初,54,7
期末考试,180,7
武汉 3月 调研 2026,21,7
武汉中考,40,7
江西师大附中,39,7
沈阳二中,16,7
浮力,27,7
物理专题,33,7
百强校,17,7
离子反应,26,7
立体 几何2026年大题汇编,25,7
答题卡,25,7
育才,55,7
苏州,88,7
英语1600词背诵版,22,7
英语作文,34,7
英语作文 100篇范文,28,7
英语听力,50,7
英语语法,25,7
英语语法填空,29,7
蛟川书院,41,7
襄阳四中,24,7
西安高新一中,34,7
讲义,384,7
课本,48,7
贵阳一中,11,7
辽宁,100,7
重庆,94,7
重庆 0224八中,16,7
重庆南开中学,55,7
金华十校,20,7
银川一中,39,7
阅读,64,7
高 二 0 026 高二上学期 数学,37,7
高一函数2026专题,22,7
高一第一次月考,76,7
高三 开学 2026 摸底 上,40,7
高三英语,23,7
1 一元二次方程,22,6
2024 2025,13,6
2025 0 1全国1数学真题,14,6
2025 2026 01 七年级下册期末试卷,21,6
2026 0 01卷 高考 数学全国真题,9,6
2026 高考 语文 1卷试卷,14,6
2026全国二卷数学,38,6
2026山东高考生物,12,6
A10,66,6
T8,36,6
中国人民大学附属中学,30,6
九师联盟,76,6
九年级上学期期中,21,6
二模,64,6
二次函数压轴题,46,6
入学分班考,47,6
入学考试 高中 高一分班考试,42,6
全国甲卷,48,6
八上数学,18,6
八年级上学期期中,26,6
八年级数学上册,9,6
六校联盟,73,6
分班考高一新生入学,79,6
力学综合试卷,53,6
动态平衡,41,6
化学020化学专题工艺流程大题,52,6
化学平衡,32,6
化学方程式,21,6
北京高考,25,6
华南师范大学附属中学,41,6
南京师范大学附属中学,31,6
厦门外国语学校,63,6
哈尔滨三中,54,6
哈尔滨第三中学,40,6
四校联考,33,6
四级英语真题,11,6
圆周运动,36,6
大连育明高级中学,30,6
天一,32,6
安徽六校教育研究会,50,6
完形填空,50,6
实验中学,24,6
山东,84,6
山东合格考,33,6
广东,16,6
开学考 分班考,26,6
必刷题,25,6
成都0诊,26,6
成都市第七中学,18,6
扬州,52,6
扬州中学,38,6
摸底,38,6
政治必修一,31,6
数学期末,107,6
数学竞赛,41,6
数学试卷,55,6
无锡,87,6
晋江一中,29,6
月 考,50,6
有理数,22,6
有理数 1000道混合运算计算题,41,6
期末卷,27,6
机械运动,24,6
步步高,26,6
水溶液中的离子反应与平衡,22,6
江西阶段检测,27,6
河北衡水中学,23,6
泉州七中,31,6
泰州,72,6
济南市2026届高三第一次模拟考试,20,6
深 圳 0 2026 一模,23,6
清华大学附属中学,11,6
湖南长郡中学,42,6
潍坊,35,6
物理一轮复习,15,6
物理期中,22,6
物理竞赛,60,6
状语从句,30,6
直线与圆,25,6
石家庄,118,6
简爱,21,6
组卷,14,6
英語,46,6
英语 听力2025 含听力材料及录音,53,6
英语 高考1卷全国一卷试卷,23,6
襄阳五中,24,6
解三角形大题,30,6
计算,20,6
计算题,32,6
语言文字运用,38,6
辽宁10名校联盟,25,6
辽宁省名校联盟,26,6
遗传,47,6
郸城一高,33,6
重庆市第八中学,35,6
阅渎理解20篇,65,6
集合专题,66,6
青岛二中,32,6
高一下学期期末,129,6
高一化学,29,6
高一数学期末考试,69,6
高一第一次月考数学,33,6
高三9月开学考,138,6
高三一轮复习,60,6
高三上学期开学考试,212,6
高三物理,24,6
高二上数学期中,110,6
高考化学,29,6
高考模拟卷,28,6
黑龙江,30,6
龙东十校联盟,35,6
1 不等式及其基本性质,27,5
12 《论语》十二章,26,5
2.1 全等三角形的判定,18,5
2023年全国乙卷,26,5
2024,17,5
2025 0 1 1卷 数学,11,5
2025 0 1全国1一卷英语卷高考,9,5
2025 1卷 全国高考 语文,17,5
2025学年第二学期杭州市高三年级教学质量检测,25,5
2026 0 01卷 高考数学全国一卷,25,5
2026 高考数学,11,5
2026 高考数学1卷,22,5
2026北京中考物理,28,5
2026年高考,19,5
2026高考语文,10,5
2027 2027高三一轮,16,5
26年 1卷 高考,33,5
3500词,11,5
T8联考数学,40,5
ppt,22,5
《红星照耀中国》,31,5
一 元二次方程,11,5
一 模,39,5
一模2026,46,5
七年级上册,23,5
三年级上学期阶段检测,19,5
三角形,18,5
上海中考,13,5
专项,21,5
东北育才学校,44,5
中 考,18,5
中考 真题,49,5
临川一中,28,5
九上化学,26,5
九年级上册,13,5
俄语,20,5
俄语 2025高考试卷真题,19,5
信阳高中,17,5
信阳高级中学,36,5
免费20245高考真题,19,5
免费下载,19,5
免费专区试卷,23,5
八上物理,26,5
八上物理期中,32,5
八下英语期末,91,5
八年级上学期阶段检测,7,5
八年级下册,43,5
八年级下学期期末,27,5
六年级上学期阶段检测,20,5
函数 0 1 函数一轮复习专题,34,5
分段函数,22,5
分班 开学考,52,5
分班考 初一数学,20,5
分班考试卷初升高,35,5
力学,14,5
力的合成与分解,19,5
加速度,19,5
动能定理,38,5
动量守恒定律,20,5
化学 1轮复习,19,5
化学 1轮复习知识点记背,17,5
化学有机,28,5
化学选修一,20,5
北京中考,14,5
北京四中,25,5
华东师范大学第二附属中学,13,5
华中师大一附中,26,5
单元测试,34,5
单元测试卷,22,5
南京市 盐城市2026届高三年级第一次模拟考试,23,5
南安一中,31,5
南开中学重庆,12,5
南昌二中,21,5
南通中考,14,5
即墨,24,5
历城二中,26,5
厦门双十,18,5
双十中学,14,5
受力分析,40,5
合肥八中,22,5
吉大附中,15,5
吉林,19,5
名校联盟 2026 辽宁,40,5
哈尔滨第六中学,22,5
唐山摸底考试,26,5
嘉积中学,64,5
四川 0 2026 高考真题,16,5
四川省2026年6月普通高中学业水平合格性考试,44,5
四川省成都市第七中学,20,5
四平市第一高级中学,13,5
圆创八月联考,15,5
圆创联盟八月,21,5
圆锥曲线专题,27,5
地理 01 一轮复习,20,5
复数,25,5
大庆铁人中学,26,5
天津高考,33,5
孝感高级中学,18,5
宝安区,26,5
导数大题,31,5
小 升初,41,5
小 升初2025分班考,51,5
小 升初2025数学试卷,24,5
山东七年级上学期期中,26,5
山西,36,5
广东期末,9,5
广州二中,39,5
广西中考,9,5
应用文,48,5
康德卷,57,5
开学考试卷,40,5
开学考高二上学期,78,5
强基联盟,32,5
徐州,38,5
徐汇,38,5
德州一中,24,5
德强,56,5
必修一,6,5
成都,22,5
成都七中林荫校区,28,5
摩擦力,25,5
摸底考试,81,5
数学期末试卷,75,5
数学高三,41,5
文言 文120个实词 整理和文言虚词,16,5
新 高一 2025年分班考试,12,5
新海高级中学,26,5
旋转,21,5
日照,100,5
时态,31,5
昭通一中教研联盟,25,5
有机合成,23,5
期中卷,39,5
期中测试,26,5
期初考试,37,5
桐城中学,24,5
椭圆,18,5
欧姆定律,33,5
武汉九调,28,5
武汉调研,118,5
氧化还原反应,23,5
水浒传名著导读,19,5
永春一中,41,5
汕头市金山中学,17,5
河南省实验中学,21,5
济宁2026高二期末,46,5
浙江省名校协作体,14,5
海南中考真题,24,5
淄博实验中学,33,5
深圳高级中学,40,5
清华附中,18,5
温州,37,5
湖北学考,19,5
烟台,34,5
牛顿第二定律,17,5
物理九上期中,38,5
物理动量守恒定律练习题,24,5
物理必修一,15,5
物理月考,11,5
物理电学,19,5
物理选择性必修一,35,5
物质的量,22,5
生物遗传专题,22,5
生物遗传题专项训练,26,5
电磁感应,23,5
电路图和实物图互画,28,5
知数杯,11,5
知识清单,32,5
石家庄二中,41,5
磁场,14,5
福州,37,5
福建省厦门第一中学,58,5
离子共存、离子的检验与推断,24,5
科学,34,5
空间向量与立体几何,47,5
红楼梦,44,5
绵阳中学,20,5
育才中学,10,5
英 语,28,5
英语中考试卷四川巴中,17,5
英语单词表,19,5
英语完形填空,14,5
英语试卷,43,5
英语语法填空 100篇 专项训练,20,5
英语阅读 100篇专项训练,26,5
衡水二中,15,5
西南大学附属中学,16,5
西安铁一中,33,5
语文答题模板,22,5
语文阅读理解,17,5
课件,53,5
贵州,51,5
赢在微点,25,5
辽宁名校联盟高三上开学考试,38,5
辽宁省实验中学期末考试,20,5
道德与法治,38,5
重庆 巴蜀,16,5
重庆巴蜀,25,5
重庆市南开中学,16,5
重庆市第一中学,25,5
重庆第一中学,36,5
金考卷,29,5
钠及其重要化合物,24,5
镇海,24,5
长郡中学 026高三,21,5
长郡二十校,26,5
集合与常用逻辑用语,88,5
零模,41,5
高 考卷 2026年真题,26,5
高一上10月月考,127,5
高一下期末,66,5
高一下物理期末,30,5
高一开学考分班考试,26,5
高一期末,75,5
高一物理必修一,29,5
高一英语,45,5
高三上开学考,57,5
高三入学考试,39,5
高三开学测,57,5
高三第一次月考,41,5
高中,31,5
高二上开学考,78,5
高二上期中,62,5
高二上第一次月考,13,5
高二数学,26,5
高考化学2026,16,5
高考地理,24,5
高考政治,35,5
高考日语真题,14,5
高考试卷,19,5
1 不等式,6,4
1.1.1椭圆定义及其焦点三角形问题,13,4
18.6 相似三角形的性质,11,4
2.2 三角函数的计算,14,4
2.3 直线与圆的位置关系,14,4
2003 高考数学试卷,8,4
2018 0 全国统一高考1卷英语,6,4
2020 0 1 0卷 数学高考 真题 全国 1 卷,23,4
2022 0 1全国1 数学高考,7,4
2022 1卷 高考真题,9,4
2024 0 0 1卷 全国高考 语文,13,4
2025 0 0 1卷 全国高考,17,4
2025 0 1 1卷 数学 真题高考,14,4
2025学年第二学期杭州市高二年级教学质量检测,38,4
2026全国一卷数学,9,4
2026北京中考数学,6,4
2026北京高考数学,7,4
2026山东中考,30,4
2026年地理高考试卷,74,4
2026年普通高等学校招生全国统一考试,13,4
2026年高考1卷英语,7,4
2026年高考数学,6,4
2026年高考生物卷,15,4
2026新高考一卷语文,7,4
2026重庆中考数学,20,4
2026高考化学,11,4
2026高考物理,13,4
2026高考英语,5,4
2027 2027高三一轮数学,12,4
26年语文高考全国一卷,8,4
3. 动量守恒定律,24,4
3500 词汇默写,20,4
688高考高频核心词汇,11,4
mst,9,4
www zxxk com参考答案,24,4
《乡土中国》,20,4
《红岩》,7,4
《红楼梦》,23,4
一,17,4
一年级上学期阶段检测,16,4
一次函数讲义,17,4
七宝中学,19,4
七年级上学期期中,13,4
七年级上学期阶段检测,31,4
七年级下册,7,4
三角 函数025一轮专题测,10,4
三角函数专题,25,4
三角函数图像,25,4
上 好课,43,4
上海交通大学附属中学,12,4
上海大同中学,18,4
上海英语一模,7,4
东营,62,4
中考 数学,19,4
中考2026,34,4
中考数学,14,4
中考物理,12,4
临川一中高一上学期开学考试,35,4
丽水市2025学年第二学期普通高中教学质量监控,12,4
乌鲁木齐市第一中学,34,4
九上 第1章 一元二次方程,19,4
九上 第1章 二次函数,7,4
九年级上学期阶段检测,60,4
九江,35,4
二中开学考,18,4
二年级上册,18,4
二次根式,10,4
云南师范大学附属中学,13,4
人大附中2026,11,4
仓山区月考,26,4
佛山,25,4
佛山一模,19,4
佳木斯一中,20,4
俄语 2026高考试卷真题,19,4
俄语一轮复习,14,4
信息类文本阅读,15,4
儋州市2026年春季学期高二期末学业质量监测题,14,4
免费专区数学,28,4
兖州区,64,4
全国一卷,22,4
全等三角形压轴题,10,4
八上历史必背知识点,46,4
八上数学期中,21,4
八上物理期末,70,4
八下物理期末,37,4
八下语文期末,11,4
八年級 2025 2026年下册期末考试,32,4
八年级上册数学,27,4
八年级上册数学北师大版,26,4
八年级数学,19,4
兵团一中,9,4
内能,23,4
函数专题,26,4
分数,15,4
分班考 初一南京,33,4
分班考试,15,4
分离定律,10,4
初一入学分班考试,15,4
初一分班考,37,4
初三化学,35,4
初二,26,4
初二物理,15,4
初升高自主招生数学,53,4
力,7,4
化学卷子,12,4
化学实验,13,4
化学平衡常数及其相关计算,10,4
北京中考2026,7,4
北仑中学,19,4
十字相乘法-分解因式,17,4
华师1附中,13,4
单元侧试卷,8,4
单元卷 测试卷人教版,15,4
南京一中,24,4
南京市2026届高三年级第二次模拟考试,14,4
南宁市2026届高中毕业班摸底测试,11,4
历史01一轮复习知识点归纳,15,4
压轴题,21,4
原创,11,4
厦门科技中学,7,4
县中联盟,32,4
合肥 1中,20,4
合肥一中 2025 2026 学年度第二学期期末,10,4
吉林一中,13,4
吉林市第一中学,16,4
吉林阶段检测,37,4
听力检测,20,4
周测卷,19,4
咸阳实验中学,20,4
哈三中高一下期末,15,4
哈九中,16,4
哈尔滨第九中学,21,4
哈师大附中,23,4
唐山,34,4
唐山初一数学,16,4
嘉定,23,4
四川省2025年9月普通高中学业水平合格性考试,17,4
圆幂定理,9,4
圆锥曲线定点 定值 定线问题专题,11,4
地理必修一,13,4
均值不等式,13,4
基因工程大题,21,4
基本 不等式12种题型,36,4
基本不等式专题,32,4
塘沽一中,16,4
复旦附中,6,4
大同中学,5,4
天 一大联考,14,4
天津 0 2026 期末考部分区,55,4
天津一中,16,4
天津中考,23,4
奥数,17,4
奥林匹克,17,4
学考 20 2 5 年 学业水平考试,10,4
宁波市镇海中学英语模拟试题,9,4
安庆一中,24,4
安徽期末,46,4
安徽省,22,4
安徽省六校联考入学考试,36,4
完型填空,7,4
实数,12,4
对数,24,4
导数 023专题一轮复习,11,4
导数 2025 常考大题归纳综合一轮复习,25,4
导数 大题2025常考题大题汇总,10,4
导数练习题,14,4
将军饮马-最值问题,16,4
小 升初2025数学真题卷,13,4
小升初分班考英语试题,22,4
小升初考试试卷,12,4
山 东 2 0 2 6高考真题,15,4
山东九年级上学期期中,39,4
山东合格考真题,45,4
山东名校考试联盟,36,4
山东师范大学附属中学,16,4
山东期中,26,4
山东阶段检测,25,4
山东高一下学期期末,19,4
岳阳市一中,7,4
工业流程题,35,4
工艺流程,17,4
巴中零诊,23,4
巴属中学,8,4
师说,13,4
希望杯,13,4
广东中考,13,4
延安中学,29,4
开学测试,99,4
开学考安徽徽高二上,33,4
开学考试卷高一上学期,28,4
开学考高三上,63,4
弘毅高级中学,15,4
德州,45,4
必修一数学,14,4
必修二,13,4
情态动词,9,4
惠州,34,4
惠州一中,39,4
惠州中学,8,4
成才之路,14,4
指数函数,15,4
摸底考,22,4
政治必修二,11,4
政治试卷市质检,29,4
政治高一期末,29,4
教材帮,8,4
数 学,45,4
数列 0 一轮复习 专题,10,4
数列求和,19,4
数学专题,31,4
数学中考,29,4
数学必修二,8,4
数学期中卷,47,4
数学立体几何,13,4
数学选修一,33,4
数学高考真题,37,4
新初一分班考试,32,4
新高一分班考,27,4
新高一初升高衔接卷,24,4
新高考一卷数学,16,4
新高考一卷英语,14,4
无锡中考,7,4
星海实验中学,26,4
春季高考,21,4
曲靖市第一中学,9,4
有理数 1000道混合运算计算题七年级,31,4
期 中,33,4
期中复习,26,4
本溪市高级中学,9,4
机械能守恒定律 能量守恒定律,13,4
枣庄,35,4
树人中学,20,4
树德中学,22,4
梅州市高二期末下学期,88,4
概率大题,27,4
模拟,19,4
步步高 2027大一轮复习讲义电子档,10,4
武汉二中,13,4
汕头市第一中学,7,4
江南十校2026届高三综合素质检测,24,4
江南十校联考,24,4
江苏,31,4
江苏合格考2026学业水平测试卷真题,13,4
江苏学考,12,4
江苏省2025年学业水平合格性考试,33,4
江苏高考,25,4
沈阳市第二十中学,21,4
河南,52,4
河南省实验,5,4
泉州,19,4
浙南名校联盟,25,4
浙江大学,7,4
浙江强基联盟,21,4
浙江镇海中学,13,4
海南,24,4
海南中学分班考,15,4
海安,32,4
海安海陵中学,21,4
海安高级中学,27,4
海淀,33,4
海门中学,16,4
淮阴中学,9,4
深圳一模,17,4
深圳中考,37,4
清华,46,4
清华大学,26,4
湖北期末,6,4
湖北省高中名校联盟2026届高三第一次联合测评,33,4
湖南,78,4
湖南师范大学附属中学,18,4
湖南高一上学期入学考试,16,4
潍坊市2026届高三开学调研监测考试,36,4
牛顿第二定律的综合应用,12,4
物理2026高考真题,11,4
物理光学现象与应用,12,4
物理八下,14,4
物理力学专题复习,16,4
物理实验,7,4
物理第一章测试必修一,17,4
物理高一期末,40,4
物理高考真题,12,4
现在完成时,12,4
生物 必修一1 1必背知识清单,28,4
生物 遗传大题专练,14,4
生物基因工程大题专题训练,14,4
生物必修二,19,4
生物遗传,10,4
电场,9,4
电学实验,11,4
电路图,23,4
直线与方程,19,4
相似,18,4
省实,19,4
福建中考,27,4
福建学考,20,4
福建师范大学附属中学,21,4
空间向量单元测试卷,32,4
立体几何大题,18,4
竞赛 2023 2024学年初中数学竞赛,26,4
第一中学,22,4
第一次,57,4
第一次月考模拟卷,14,4
答案,7,4
答题卡模板,9,4
绵阳,57,4
美术,10,4
耀华中学,10,4
自主招生物理,13,4
苏锡常镇一模,20,4
英语2026,8,4
英语阅读,19,4
英语阅读 100篇 专项训练英语2026,35,4
英语阅读理解,23,4
英语高考,9,4
英语高考卷2026,8,4
荆州中学,80,4
莆田一中,37,4
虹桥,26,4
襄阳五中高一,14,4
西安铁一中学,21,4
西附,19,4
解方程,20,4
议论文,61,4
译林版,26,4
语文中考,13,4
语文作文素材,8,4
语文文言文,16,4
诱导公式,11,4
贵州高考 2026高考真题,12,4
贾桂龙,26,4
资料,18,4
赤峰二中,44,4
辽南协作体,38,4
辽宁中考数学,34,4
辽宁期中,14,4
运动,22,4
运动的描述,18,4
选择性必修1,24,4
郑州外国语,13,4
郸城,17,4
重庆 0224巴蜀,40,4
重庆2026 高考真题,19,4
重庆中考,21,4
重庆南开中学2026 2027高三第一次月考,46,4
重庆外国语学校,32,4
重庆实验外国语学校,16,4
重庆育才,103,4
金 考卷 2026 版,12,4
金版教程,16,4
钠,8,4
铁一中,11,4
银川一中2026年期中卷,21,4
长春十一高,10,4
长沙市第一中学,13,4
长沙市雅礼中学2026年高一期末,10,4
长沙雅礼中学,39,4
长沙高一入学分班考试,17,4
长郡中学2024 2025学年高一上学期入学考试数学,32,4
阅读理解 100篇专项训练,50,4
雅礼 中学,15,4
青桐鸣,19,4
韦达定理,13,4
顺德,26,4
马尔科夫链,21,4
马鞍山二中,20,4
高 一 0 上学期 人教版 必修一,28,4
高 一 0 上学期 人教版 必修一数学试卷,11,4
高 一 物理 1 章综合测试卷人教版,8,4
高 三,6,4
高 考数学2026新高考卷,12,4
高一10月月考,43,4
高一上9月月考,25,4
高一上化学期末,22,4
高一上月考,31,4
高一下,18,4
高一下学期学考,24,4
高一下数学期末试卷,38,4
高一入学分班卷,45,4
高一入学考,14,4
高一月考,38,4
高一月考10月,33,4
高一物理必修一第三章,8,4
高三10月,22,4
高三开学,36,4
高中化学方程式汇总,14,4
高中学业水平合格性考试,49,4
高中数学,14,4
高中数学竞赛题,21,4
高中生物,11,4
高中英语阅读理解,14,4
高二上10月第一次月考,48,4
高二上学期开学考,31,4
高二上学期期中,11,4
高二开学考试,21,4
高二月考数学,13,4
高考作文,14,4
高考高频词汇,7,4
高联一试,8,4
鲁能巴蜀,20,4
麓山国际,9,4
麓山国际实验学校新 高一 分班2024年分班考试,20,4
1 一次函数,10,3
1 因式分解,10,3
1 空间向量及其运算,33,3
1 锐角三角函数,21,3
1+3,24,3
1.1 化学反应与能量变化,8,3
1.1 集合,5,3
1.2 勾股定理的实际应用,13,3
1.2 有理数,12,3
1.3 等差数列前n项和的性质及其最值,4,3
1.圆和扇形的认识,9,3
11月,25,3
126中学 沈阳,16,3
14 唐诗五首,6,3
2 二次根式的乘法和除法,12,3
2 空间向量及其运算,10,3
2. 动量定理,8,3
2.1.3 基本不等式的应用,27,3
2.2 直线与圆的位置关系,11,3
2.2（1）氧化还原反应,8,3
2.2（2）化学平衡的移动,15,3
2.3三角函数的叠加及其应用,8,3
2023全国一卷,4,3
2024学年第二学期杭州市高二年级教学质量检测技术,50,3
2024年高考二卷英语,5,3
2025 2026学年度第二学期期末教学质量检测,9,3
2025 年 0 1卷 全国 1 卷 数学 高考 真题,23,3
2025-2026学年第二学期期末考试八年级英语试卷,8,3
2025全国1卷,8,3
2025全国2卷语文,4,3
2025全国一卷数学,5,3
2025八省联考英语,5,3
2025四川物理高考,16,3
2025年1月八省联考,8,3
2025年全国一卷数学,9,3
2025年山东卷历史高考真题,11,3
2025年普通高等学校招生全国统一考试语文,6,3
2025广东地理高考,4,3
2025潍坊高三开学学情调研统考,27,3
2025物理 1卷高考全国卷真题,25,3
2025英语 高考1卷全国一卷,9,3
2025高三上学期开学考,14,3
2025高考化学,7,3
2026 0 0 1卷 高考 化学山东,19,3
2026 0 0 2卷 全国高考 数学,7,3
2026 0 0 2卷 全国高考 英,6,3
2026 0 02卷 高考数学,8,3
2026 年高考真题,17,3
2026 高考 01 卷 高考真题 英语,8,3
2026中考,10,3
2026九师联盟下学期期末,16,3
2026全国一卷,6,3
2026全国二卷,10,3
2026全国二卷英语真题解析,10,3
2026北京中考语文,4,3
2026地理高考真题,10,3
2026安徽中考数学,7,3
2026山东中考语文,7,3
2026山东历史高考真题,8,3
2026山东合格考生物,10,3
2026山东高考物理,7,3
2026年化学高考真题,20,3
2026年山东省普通高中学业水平等级考试,41,3
2026年普通高中学业水平选择性考试,30,3
2026年潍坊中考一模数学,4,3
2026年英语 高考1卷全国一卷试卷,6,3
2026年英语高考真题,6,3
2026年重庆中考数学,6,3
2026年高考语文一轮复习检测卷,6,3
2026广东高考生物,6,3
2026普通高中学业水平选择性考试,8,3
2026暑假作业,13,3
2026济南中考,23,3
2026浙江中考,19,3
2026深圳中考,11,3
2026湖北高三圆创联考,13,3
2026湖南卷高考物理,5,3
2026湖南高考,8,3
2026玄武二模南京,10,3
2026生物,54,3
2026福建中考数学,4,3
2026贵州高考物理,5,3
2026高一数学,23,3
2026高考二卷,6,3
2026高考历史,9,3
2026高考地理,4,3
2026高考地理真题,10,3
2026高考数学,7,3
2026高考数学二卷,9,3
2026高考数学全国一卷,11,3
2026高考物理真题,12,3
2026高考语文二卷,5,3
2026黑吉辽蒙高考生物,4,3
2027,9,3
22年1卷 高考卷数学,14,3
24 年1卷高考数学,6,3
3 上好科学课,9,3
3500,14,3
3500词汇,9,3
4.1（1）元素周期表,10,3
43中学,25,3
7年级下册期末英语,13,3
8年级下册数学试卷,17,3
9月份,20,3
A 课件,4,3
A10联盟2026届高三8月份,15,3
A9,19,3
A9协作体,10,3
CMO奥林匹克数学竞赛,7,3
G12名校协作体,30,3
MST,4,3
MST2026版二轮复习数学,10,3
T8联考12月份2026,9,3
Z20名校联盟2026届高三第二次联考,16,3
Z20数学,15,3
Z20高三第一次,22,3
g12,6,3
https://www.zxxk.com/soft/59111763.html,7,3
一 次函数八年级专项复习,6,3
一中月考,12,3
一数,3,3
一本,6,3
一模卷,121,3
一次函数压轴题,15,3
一线三等角,11,3
一般过去时,14,3
一诊,18,3
七上数学期中试卷,13,3
七上数学期末试卷,18,3
七上英语期末试卷,26,3
七年级下册数学期末,23,3
七年级下册数学期末试卷,16,3
七年级下册语文试卷,85,3
七年级数学,14,3
七彩阳光高三上开学考试,35,3
七选五,19,3
万有引力,6,3
三湘名校教育联盟,9,3
三角 函数 025 一轮 专题,10,3
三角函数一轮复习,15,3
三角函数公式,16,3
三角函数大题,13,3
三角形模型 常见模型 归纳汇总,29,3
上海中考2026,14,3
上海中考数学,8,3
上海高考英语,24,3
下关一中见面考,14,3
不等式专题,13,3
专升本2025年真题,10,3
专项学习,8,3
专项练习,20,3
专题01,8,3
专题04,17,3
丘成桐少年班选拨真题,19,3
东华高级中学,4,3
东山中学,44,3
东莞,6,3
中考 1600词汇背诵,7,3
中考 2026中考真题,39,3
中考1600词汇带短语完整版,5,3
中考卷子,18,3
中考试卷,24,3
中职,18,3
中职数学,20,3
九上,20,3
九上2026古诗默写,7,3
九上数学,36,3
九年级,33,3
九年级上册数学期末,10,3
九年级英语 2026 人教版,14,3
九校联考,13,3
九江市同文中学,12,3
二元一次方程,14,3
二十四中,7,3
二年级上学期阶段检测,18,3
二次 函数 025 一轮 专题中考,21,3
二次 函数 025 二轮 专题中考,13,3
二次函数试卷,11,3
云南省2026年三校联考试卷,32,3
云南阶段检测,23,3
五三,22,3
五年级上册数学,24,3
五年级下学期阶段检测,9,3
人大附中分班考,6,3
人大附中新高一分班考试全套真题,4,3
人文地理选择题,7,3
仁爱,8,3
仁爱版八年级上册 单元单词表 默写版 docx,8,3
代数,7,3
传送带问题,5,3
佛山市第一中学2026年高三一模检测,7,3
作文 素材,22,3
佳木斯市第一中学,10,3
信阳高中高一上开学考,20,3
倍长中线,5,3
充要条件,6,3
免费专题,11,3
兖州,35,3
入学测试,15,3
全品学练考,15,3
全国1卷英语,5,3
全国中学生物理竞赛,28,3
全国二卷,11,3
全国二卷语文,36,3
全国初中数学联赛,9,3
全国初中数学联赛真题,5,3
全国高中数学联赛一试,4,3
全等三角形八大模型 辅助线专题,13,3
全等三角形压轴题人教版数学,20,3
八一中学,5,3
八上外研版英语半期考试,14,3
八上数学北师大版,5,3
八上数学压轴题,16,3
八上数学期末,27,3
八上物理月考卷,8,3
八上英语期末,8,3
八下 英语 2026期末测试 卷,7,3
八下英语长沙,4,3
八年级,3,3
八年级上册北师大版,3,3
八年级上册物理,8,3
八年级下册2025到2026数学期末考试试卷山东省兰陵县临沂市答案亽答案答案,15,3
八省联考数学,12,3
公主岭一中,12,3
六校联考入学考,21,3
兰州市第一中学,13,3
兰州市第五十八中学,4,3
兴化中学,12,3
兴宁市第一中学,19,3
养正中学,18,3
内江,20,3
内蒙古高一下学期期末生物,35,3
内蒙古高一期末生物,23,3
几何 02 专题大题,8,3
凤鸣山中学,18,3
函数 0 1 函数一轮复习,6,3
函数 0 1 函数一轮复习专题高三题目,23,3
函数 压轴题 专项训练 解析版,18,3
函数专题卷,14,3
函数单调性,5,3
函数零点问题,12,3
分班 初一 南京,8,3
分班卷,15,3
分班卷真题卷,5,3
分班考 高一北京,12,3
分班考 高一长沙,4,3
分班考试卷,35,3
分班考试卷小升初,7,3
分班考试卷小升初南京名校,36,3
初 高 衔接2026,21,3
初 高 衔接2026数学,5,3
初一分班考数学,12,3
初升高分班考,37,3
初高中衔接直通车,8,3
力学综合,53,3
劝学,8,3
动点,15,3
动角 初一压轴题,11,3
动量定理,12,3
匀变速直线运动 12种题型高一物理习题,22,3
化学 1轮复习知识点,7,3
化学 必修一 1必背知识点清单总结,7,3
化学2026高考真题,21,3
化学一模,11,3
化学一轮复习,4,3
化学反应原理,4,3
化学反应平衡,5,3
化学必修一,10,3
化学有机大题综合练,18,3
化学真题分类汇编,12,3
化学第一单元,5,3
化学结构,9,3
化学试卷,29,3
化学高一上期末,9,3
北京101中学,8,3
北京交通大学附属中学,77,3
北京十二中,5,3
北京市,26,3
北京师范大学附属中学,14,3
北京阶段检测,9,3
北京高考数学,9,3
北海中学,10,3
十一学校,10,3
十八中,30,3
十堰市第一中学自主招生考试,11,3
十月份月考,79,3
华中师范大学第一附属中学高一期末,11,3
华师1附中圆锥曲线专题,11,3
华罗庚中学,7,3
单元,8,3
单招,24,3
南京中考,6,3
南京初一分班考试卷,20,3
南京外国语,7,3
南京师大附中,5,3
南充市 2 026期末试卷高一,20,3
南充高一期末,8,3
南充高级中学,13,3
南安,95,3
南康中学,5,3
南开区期中,17,3
南昌,21,3
南昌二十八中,29,3
南沙区,27,3
南通一模,16,3
南雅,20,3
即墨统考,12,3
历史时间轴,13,3
历史时间轴及大事年表,12,3
历史时间轴及大事年表总结,9,3
历史答题模板,15,3
原始社会与阶级社会演进,35,3
厦门一中高一入学考试,52,3
厦门六中,40,3
厦门外国语石狮分校,12,3
双菱中学,12,3
反比例 函数,5,3
台州市2025学年第二学期高一年级期末质量评估试题,15,3
合格 考2025年 普通高中学业水平,22,3
合肥 一中,19,3
合肥2026期末检测,27,3
合肥45中,21,3
合肥六中,10,3
合肥市第一中学,4,3
合肥生物,11,3
吉林省best合作体,11,3
吉林省延边第一中学,11,3
同构,15,3
同行学案,21,3
名校协作体开学考,16,3
名校联盟9月,47,3
名校联盟开学考,20,3
名词,8,3
向量,8,3
听力 100篇专项训练,32,3
吴忠中学,16,3
周南中学高一上学期入学考试,20,3
周测,11,3
和平,24,3
哈尔滨2026中考数学,10,3
哈尔滨市第三中学高二上化学,11,3
唐山初一语文,13,3
唐山市高三开学摸底考试,76,3
唐山高三开学摸底,13,3
商丘,35,3
四川2025年物理高考,9,3
四川省成都市2026年高中毕业班模底测试英语,12,3
四年级,26,3
四年级上学期阶段检测,10,3
四年级升五年级,18,3
四年级奥数,8,3
四级,3,3
四边形,9,3
因 式 分 解100道练习题,3,3
图形的运动,20,3
圆锥曲线压轴题精选,15,3
在线练,8,3
培优,43,3
培优专题,12,3
培优专题4解析几何,7,3
基础知识综合练,13,3
复合函数,11,3
夏津县,33,3
外接球,23,3
大庆,30,3
大庆一模,5,3
大庆实验中学高一上学期第一次月考,12,3
大连24中学,7,3
大连金普新区,36,3
天 一 大联考 1 2026安徽,7,3
天一联考,11,3
天体运动,35,3
天水市第一中学开学考试,12,3
天津市实验中学,11,3
天津市河西区海河博爱学校,11,3
天津市第四十三中学,9,3
天津市部分区,16,3
天津第一中学,11,3
天津高考10年真题,18,3
太和中学,26,3
奥 数,4,3
如东县,12,3
威宁县高二下学期期末,14,3
威海,10,3
孝感高中,8,3
孝感高级中学分班考,11,3
孝高高一分班考试,7,3
学业水平合格性考试,50,3
学业水平考试真题,20,3
学军,15,3
学考,18,3
宁夏中考,11,3
宁德,51,3
宁波,18,3
宁波 十校 2026届高三3月联考,7,3
宁波2025九校联考语文高一,4,3
宁波九校联盟物理试题,12,3
宁波分班考,24,3
安庆二模,17,3
安徽 A 10联盟高三开学考,10,3
安徽A10联盟,27,3
安徽中考,20,3
安徽九年级上学期阶段检测,9,3
安徽六校,11,3
安徽六校联考高一入学,9,3
安徽高三上开学考,16,3
安徽高三开学考,4,3
宏帆八中,5,3
官渡一中2025至2026上学期期中考,40,3
定西第一中学,19,3
宜昌市 伍家岗区 小升初分班测 历年真题,16,3
宜昌市伍家岗区小升初分班测历年真题,9,3
宝安中学,10,3
宝安区期末,41,3
实验,21,3
宿州二中,14,3
导数 大题2025高三题型归类,12,3
导数一轮复习,10,3
导数专题,12,3
导数大题专练,18,3
射影定理九年级,6,3
小 升 初 2026,4,3
小升初分班,19,3
小升初分班考2026,12,3
小升初分班考数学,67,3
小升初分班试卷,20,3
小升初考试,19,3
小升初计算题专项练习,9,3
小升初试卷,30,3
小学二年级数学下册期末试卷,8,3
小学毕业考数学模拟,9,3
尺规作图,18,3
山 东 2 0 2 6,3,3
山东 高考真题2026年,10,3
山东一年级上学期阶段检测,21,3
山东中考数学,7,3
山东临沂,9,3
山东八年级上学期阶段检测,5,3
山东化学,5,3
山东合格考地理,14,3
山东学考,7,3
山东济南高三开学考语文,7,3
山东省 0 2026初三中考,7,3
山东省2026年夏季普通学业水平合格考试,14,3
山东省合格考真题2026,15,3
山东省济南市英语八年级下册试卷,7,3
山东高一上学期阶段检测,41,3
山大附中,21,3
山大附中2025 2026学年第二学期期末考试,12,3
山师附中,11,3
山师附中物理期中考试高一上学期,7,3
山西专用,26,3
山西大学附属中学,11,3
山西大学附属中学高一,5,3
山西山大附中高三八月份月考试卷,8,3
工程问题,9,3
巴蜀中学开学考,13,3
巴蜀中学英语,16,3
市一模卷,27,3
市质检卷,25,3
师大附中高一,18,3
带电粒子在电场中的运动,9,3
常州,7,3
平谷,17,3
平面几何,6,3
平面向量及其应用,9,3
广 州,19,3
广 州 2 0 2 6 一模,49,3
广东专用,17,3
广东中考2026,6,3
广东惠州八上物理测试卷,44,3
广东省佛山市高明区德恒,24,3
广东阶段检测,13,3
广大附中,18,3
广安,28,3
广安市,39,3
广州大学附属中学,9,3
广州市,19,3
广西四年级上学期升学真题,5,3
广西期末,8,3
库仑定律,15,3
廉江中学,20,3
廊坊,11,3
建平中学,9,3
开学测试题,567,3
开学考安徽,4,3
开学考试卷高一,25,3
开学考高二,16,3
开学考高二开学考,42,3
张家窝中学地理月考,6,3
形容词和副词,12,3
德州一中高一开学考,5,3
必刷 题 2026 电子版,21,3
忻州市第一中学,12,3
怀化,23,3
思維导图,11,3
惠来县第一中学,29,3
惠民,41,3
成才之路学案,46,3
成语积累,12,3
成都七中育才,20,3
成都外国语学校,12,3
执信中学,4,3
扬州市梅岭中学,15,3
抛体运动,12,3
报任安书,6,3
揭阳市2025 2026学年度高中二年级教学质量测试英语,14,3
攀枝花七中,7,3
政治必修三免费,8,3
政治选必3判断,10,3
数 学2026高考,7,3
数学 100篇专项训练,23,3
数学专项训练 高考,14,3
数学书电子教材,10,3
数学函数,6,3
数学开学考,39,3
数学必修一,77,3
数学必修一期末,7,3
数学月考,22,3
数学第一次月考,8,3
数学选修一第二章测试卷,13,3
数学集合与逻辑用语,12,3
数学高一集合单元测试卷,14,3
数学高二上期中,16,3
数学高考,13,3
数学高考卷,5,3
数论,10,3
新华中学,12,3
新定义题型,30,3
新洲一中,12,3
新解放,3,3
新课标1卷,7,3
新都一中实验学校,14,3
新高一开学考,4,3
新高三开学考,45,3
新高三开学考试,28,3
新高二,11,3
新高考2卷,9,3
方程式,13,3
方程式配平,11,3
日照一中2025 2026学年高一上学期第一次质量检测数学学科试题,5,3
日照市新营中学,18,3
日语0基础五十音图,7,3
时文阅读,6,3
昆三中分班考卷,7,3
明德中学,4,3
春季 高考1月 2026年广东数学 真题,10,3
春考,14,3
晶体,13,3
暑假自学课,49,3
暑假衔接,15,3
曲靖一中麒麟学校,4,3
月考9月,33,3
月考数学试卷,32,3
月考试卷,11,3
有机化合物,32,3
有机合成与推断,19,3
有理数的混合运算练习,3,3
期 末,63,3
期中试卷,29,3
期末考试卷,11,3
期末试卷,15,3
朱家角中学,11,3
机械能,10,3
杠杆,17,3
杨村一中,34,3
杨柳青一中,32,3
杭州,21,3
杭州外国语学校,5,3
杭州学军中学,71,3
杭州第二中学,15,3
杭州第二中学2026年5月高三年级适应性检测英语,6,3
板块模型专题,13,3
极值点偏移,13,3
构造全等三角形,17,3
树德,12,3
椭圆压轴大题,15,3
概率统计,15,3
模拟题2026高三,19,3
武汉 0 9月调,11,3
武汉04月调研,14,3
武汉外国语学校,16,3
武钢三中,16,3
武陟县实验中学小升初入学考试,7,3
毓文,12,3
比热容,15,3
永州四中,10,3
永州市第一中学,5,3
永州市第四中学,4,3
汉阳区,13,3
江南 10 十校,51,3
江宁竹山中学,12,3
江津中学,8,3
江苏南京,36,3
江苏南京大学附属中学2025 2026学年高一下学期英语期末 听力 mp3,4,3
江苏合格考,8,3
江苏期末,30,3
江苏省2024年普通高中学业水平合格性考试试卷化学,16,3
江苏省天一中学,5,3
江苏省常州高级中学,8,3
江苏省普通高中学业水平合格性考试试卷,27,3
江苏高二上数学期中,14,3
江苏高考化学,8,3
江西中考,9,3
江西师范大学附属中学,10,3
江西期末,9,3
江西高考,19,3
池州,24,3
沂水县期末,28,3
沈河,25,3
沈阳,19,3
沈阳市沈河区,21,3
沈阳铁路实验中学,10,3
河北高考真题,7,3
河南中考,10,3
河南青铜鸣高三,3,3
泉 州 五 中,11,3
泉州一检,19,3
泉州市2026届高中毕业班质量检测一,11,3
泉州高一下物理期末考卷,18,3
法语,10,3
泰州中学,11,3
济南一模,19,3
济南中考,10,3
济南市2025 2026学年高中三年级摸底考试,20,3
济南开学考高三,17,3
济南摸底,8,3
浙江20 名校联 第一次联考,14,3
浙江中考2026,9,3
浙江九年级上学期期中,15,3
浙江名校协作体开学考26届高三上9月,24,3
浙江大学强基计划,5,3
浙江学考,7,3
浙江期末,3,3
浙江阶段检测,9,3
浙江首考,11,3
海伦一中2024 2025学年度第二学期期末考试高一年级化学试题,21,3
海南华侨中学,5,3
海南省农垦中学,9,3
海南高考真题2026,6,3
海淀一模,9,3
淄博,46,3
淄博高二期末英语,6,3
淮安,35,3
深中试卷,17,3
深圳 02 6 高三 二模,6,3
深圳中考2026,11,3
深圳中考数学,12,3
深圳中考英语2026,3,3
深圳实验,5,3
深圳开学考,30,3
深圳期末,21,3
清澈的小溪,13,3
渝北中学高一上期末试卷,7,3
温州高一期末数学,6,3
湖北2026中考真题,13,3
湖北专用,10,3
湖北九师联盟2025 2026学年高二下学期期末英语试题,7,3
湖北八年级上学期期中,16,3
湖北圆创联盟,10,3
湖北省2026初中学业水平考试,5,3
湖北省2026年中考数学,8,3
湖北省新八校联考,32,3
湖北高三,57,3
湖北高三上学期8月份8校联考,6,3
湖北高考真题,9,3
湖北黄冈试卷,60,3
湖南2026级新高一入学考试,11,3
湖南中考,10,3
湖南小升初,12,3
湖南省邵阳市隆回县高一期末试题,50,3
湖南长沙一中,12,3
湖南雅礼中学,32,3
湖南高二英语,11,3
湘潭,19,3
湛江,15,3
湛江一中自主招生真题,18,3
湛江期末,7,3
湛江第一中学,21,3
湟川中学,30,3
滨江,25,3
滨海新区,20,3
漯河市实验中学,12,3
漳州市2026届高三教学质量检测,24,3
潍坊市2026届高三开学调研监测考试英语,11,3
点石联考,8,3
物态变化,14,3
物理 01 新中考 卷 新题 型 结构 学易金卷 2024 年 中考 考前 押题 密卷 2025 零一 二零二四 二零二五,3,3
物理 2025高考真题,10,3
物理 必修一,5,3
物理一轮复习讲义,13,3
物理学史,9,3
物理实验题,19,3
物理必修一测试卷,23,3
物理必修三 9 10章测试,17,3
物理板块模型 一轮复习,12,3
物理电路分析电路图专题,27,3
物理竞赛预赛,10,3
物理第一次月考,10,3
物理试卷,29,3
物理高一,14,3
物理高一上,6,3
物理高一下期末,9,3
物理高三试卷,9,3
物理高二上,16,3
现在进行时,44,3
珠海一中,12,3
理解性默写检测清单,19,3
琼山中学,18,3
甘肃,172,3
甘肃2026高考化学,11,3
甘肃八年级下学期阶段检测,4,3
生物一轮复习,24,3
生物一轮复习遗传,10,3
生物基因工程,27,3
生物必修一期末,25,3
生物期末试卷,7,3
生物高一下期末,29,3
电动势,6,3
电子书2024教材 人教版,9,3
电磁,3,3
电解池,34,3
电路,16,3
电路图 串并画图练习,28,3
界首,14,3
病句,13,3
盐城,13,3
盐城中学,12,3
直线与方程单元测试,23,3
直线和圆的方程,18,3
直线方程,11,3
真题圈,17,3
真题汇编,13,3
石室中学,4,3
石狮一中,6,3
石狮市石光中学,19,3
石狮市第一中学,19,3
石门一中,5,3
石门中学,18,3
硫及其化合物,16,3
磁场大题,12,3
神经调节,16,3
福九联盟,14,3
福州三中,15,3
福州八中,14,3
福州市2025 2026高三质检,13,3
福州市高三年级第一次质量检测,31,3
福州延安中学,28,3
福州高级中学,7,3
福建九年级上学期期中,12,3
福田区,13,3
离心率,4,3
秦皇岛,10,3
稻田中学入学分班考试,4,3
空间向量大题专练,8,3
立体 几何,17,3
立体几何与空间向量,10,3
立体几何初步,12,3
第02讲,9,3
第04讲,12,3
第1次月考,5,3
第一次 月考,29,3
第一章,10,3
第二章,35,3
第十三章 三角形,15,3
等效平衡,13,3
简谐运动,13,3
精英中学,13,3
素材,26,3
红对勾,8,3
红对勾 2027版大一轮复习,10,3
红岩,9,3
红岩 导读,11,3
细胞的分子组成,17,3
绝对值不等式,5,3
统计概率,6,3
绵阳2026高一下期末,10,3
罗湖区,20,3
耀华,13,3
职教高考,21,3
联合体,19,3
自主招生英语,14,3
自然地理,13,3
芜湖一中,9,3
苏州高三期初,74,3
英语 0 2 6 学 年 度 三模,12,3
英语 单词 3500背诵版高中,19,3
英语 单词 3500背诵版高中 带音标,7,3
英语1基础模块 第三版,7,3
英语2026全国一卷,14,3
英语仁爱新版课件,14,3
英语作文模板,3,3
英语作文模板高考,9,3
英语全国二卷,8,3
英语句子成分划分的专项练习题,17,3
英语完型填空,21,3
英语完形填空专项,7,3
英语必修一 单词表,9,3
英语真题,4,3
英语短文填空专项,16,3
英语高三,14,3
英语高中,11,3
英语高考真题,19,3
范文,15,3
莱芜一中,11,3
菏泽2026高二下期末,18,3
菏泽高二下学期期末语文,7,3
葫芦岛,8,3
蓉城联盟,38,3
虹桥中学,21,3
行路难,8,3
衡水中学高三上学期,24,3
被动语态,19,3
襄阳四中高一,22,3
西北工业大学附属中学,8,3
西北狼高三开学考,14,3
西安中学,12,3
西川中学,11,3
角的度量,5,3
解析几何大题,24,3
解题觉醒电子版,11,3
语文2025 1 卷高考真题,3,3
语文2026 1 卷高考真题,4,3
语文月考卷,13,3
语文试卷,18,3
语文高三2026联考试卷,11,3
语法专项,9,3
质点,13,3
质量与密度,29,3
贯通班 八年级 数学,31,3
贵州2026高考物理,9,3
贵阳2026届高三8月摸底考,18,3
贵阳市2025届高三年级摸底考试试卷,9,3
赢在微点 2027大1轮复习,26,3
赣榆高级中学,3,3
辽南协作体高一下期末,14,3
辽南协作校高一下期末,14,3
辽宁专用,5,3
辽宁中考英语,7,3
辽宁师范大学附属中学,9,3
辽宁省 0222023名校 联盟2026,40,3
辽宁省名校联盟高三9月开学考试,30,3
辽宁省高三上开学考数学,15,3
达拉特旗第一中学,6,3
运动学,24,3
运城,32,3
近代物理,29,3
进才中学,18,3
选修一数学直线和圆的方程试卷,11,3
遵义四中,13,3
邢台一中,12,3
邯郸市第一中学,10,3
邵东一中,10,3
邵阳市第二中学,6,3
邹城分班考八中,11,3
郑州一中,17,3
郑州八年级上册数学期末考试,17,3
鄂尔多斯市第一中学,11,3
鄱阳中学,7,3
重庆 八中,10,3
重庆一外,12,3
重庆八年级上学期期中,9,3
重庆巴蜀中学,9,3
重庆巴蜀开学考,10,3
重庆市2026年高一下期末考试英语试题,8,3
重庆市八中中学高一数学周考试卷百分卷,21,3
重庆市巴蜀小升初奥数题,16,3
重庆市第八中学校,23,3
重庆第八中学,12,3
重庆第八中学校,16,3
重庆西南大学附属中学,9,3
重庆阶段检测,5,3
金 考卷 2026 版 45 套,3,3
金太阳联考,27,3
金山中学汕头,4,3
锦州中学2025年高一上数学月考,9,3
镇江,7,3
镇江中考2026,3,3
镇海中学 20026 年最后一卷,8,3
长春,9,3
长春中考,9,3
长沙中考,8,3
长沙市,11,3
长郡2026届高三入学考,8,3
长郡双语入学考试,18,3
长郡高一入学考试试卷,23,3
阜宁,30,3
阜新市实验中学,16,3
阿勒泰地区二中入校摸底考,13,3
陕西学考,6,3
陕西期中,7,3
随机变量及其分布,17,3
雅思,4,3
雅思2026真题,7,3
雅礼中学2024 2025学年高一上学期入学考试数学,12,3
雅礼书院新高一分班考试试卷,14,3
雅礼入学,8,3
雅礼入学考试高一,19,3
集合一轮复习,9,3
雨花区八年级期末,14,3
青 桐 鸣,13,3
青大附,23,3
青岛市2025高三期初考试试题,37,3
青桐鸣大联考,41,3
青海省高中学业水平合格性测试,16,3
非渭语 动词100单句填空,7,3
非连续性文本阅读,39,3
韶关,70,3
顺德华侨中学,10,3
预习,10,3
领航高中联盟,19,3
颐丰杯,11,3
题型,36,3
香港期末,26,3
高 一 0 上学期,17,3
高 一 下学期期末,5,3
高 一 数学,14,3
高 一 数学 1 0 上学期 期末,5,3
高 二,3,3
高 考 2025高考真题全国二卷,11,3
高 考 2026高考真题全国一卷语文,10,3
高 考 语文2026高考全国2卷真题,5,3
高39月开学考,21,3
高一 下学期期末测试卷,27,3
高一上学期入学考试,13,3
高一上学期数学期末卷,8,3
高一上学期期末,12,3
高一上学期第一次月考,17,3
高一上数学月考,17,3
高一上月考数学,11,3
高一上物理期中考试,11,3
高一上第一次月考,12,3
高一上第一次月考数学,16,3
高一上第一次月考物理,6,3
高一下册数学期末试卷,17,3
高一入学分班考试,22,3
高一入学考试,66,3
高一入学考试 分班考试,10,3
高一分班考试卷,21,3
高一化学期末,34,3
高一历史,27,3
高一开学分班考试卷,29,3
高一开学考试卷,24,3
高一数学必修一第一章检测卷,12,3
高一数学集合,17,3
高一有机化学,16,3
高一期中,19,3
高一期末化学,14,3
高一期末数学,15,3
高一期末物理,29,3
高一期末物理试卷,13,3
高一物理追及相遇问题试卷,9,3
高一第一次月考上学期,40,3
高一英语单词表,10,3
高一语文期末,15,3
高三上学期9月开学考,27,3
高三下学期期末,30,3
高三质检卷福建,19,3
高中 1必修1,14,3
高中 政治025一轮复习全部知识清单 七本书,16,3
高中 英语 3500词,19,3
高中作文,11,3
高中化学有机化合物专题训练,6,3
高中开学考试卷,27,3
高中政治2026高考答题模板,14,3
高中数学竞赛,11,3
高中文言文,19,3
高中物理,7,3
高中自主招生数学,10,3
高中英语 语法 必备知识大全超详细,28,3
高中英语作文范文,13,3
高中英语默写训练,15,3
高中英语默写训练译林,15,3
高中语文作文,8,3
高二上,27,3
高二上学期期中化学试题,30,3
高二上学期期末,13,3
高二上学期第一次月考,27,3
高二上学期阶段检测,29,3
高二上开学考试,14,3
高二上数学第一次月考,19,3
高二上重庆英语,19,3
高二下,25,3
高二下学期期末考试,7,3
高二化学开学考,6,3
高二必背古诗文,14,3
高二日语,53,3
高二期末,12,3
高二期末考试,24,3
高二物理第一次月考,13,3
高二英语,16,3
高二语文,9,3
高新一中,18,3
高考 英语听力10年真题全国卷及音频可下载,8,3
高考 语文 1 卷,10,3
高考卷子,6,3
高考历史,14,3
高考听力,12,3
高考日语,8,3
高考真题2025,8,3
高考真题2026,6,3
高考英语真题,13,3
高考英语语法填空,18,3
高考语法填空真题,9,3
高考领航 2027 大一轮,9,3
高考题,16,3
高考高频词汇 1000背诵版2026最新,23,3
鲁迅,3,3
鲁迅外国语学校,8,3
鹤山市第一中学,19,3
鹤岗一中,7,3
黄石市,37,3
黑龙江省高一下学期期末语文,27,3
黔东南州2025 2026学年度第二学期期末文化水平测试,20,3
鼎尖教育,23,3
齐齐哈尔第六中学,4,3
龙东地区,23,3
龙岩一中,8,3
*数学广角：植树问题,2,2
1 一元二次方程和它的解,6,2
1 不等式及其性质,6,2
1 不等式高中,4,2
1 全等三角形及其性质,4,2
1 函数,3,2
1 命题、定理、定义,11,2
1 因式分解的意义,6,2
1 幂的运算,15,2
1 电流,2,2
1. 动量,2,2
1. 匀变速直线运动的研究,3,2
1. 圆,2,2
1. 电势能和电势,6,2
1. 简谐运动及其图像,2,2
1. 质点　参考系,4,2
1.1 一次函数的图象与直线的方程,10,2
1.1 勾股定理,6,2
1.1 数列的概念,6,2
1.1.3 集合的交与并,14,2
1.2 三角函数计算,16,2
1.2 整式的乘法,7,2
1.2 集合的基本关系,18,2
1.2减数分裂和受精作用分层作业,10,2
1.2导数的概念及其几何意义,11,2
1.6.2 点到直线距离公式,3,2
1.7 有理数的加减混合运算,9,2
1. 2021新高考I卷数学 原卷版 ​ 2. 2022新高考I卷数学 原卷版 ​ 3. 2023新高考I卷数学 原卷版 ​ 4. 2024新高考I卷数学 原卷版 ​ 5. 2025新高考I卷数学 原卷版,3,2
1. 2025‑2026雄安新区六年级下册科学（冀人版）学业水平检测卷【学科网，付费】 ​,5,2
1. 2025永康小升初语文题库：字音字形、古诗文默写、阅读理解、作文（本地常考家乡/成长类作文）,11,2
1. 2026年山东省普通高中学业水平等级考试地理,3,2
1.  烟台市2024‑2025学年六年级下学期期末数学 五四制,4,2
1.  直角三角形HL全等证明大题 含二次全等,11,2
1.  福建省龙岩市2025‑2026学年高二上学期期末教学质量检查地理试题  ​,3,2
1. 第一章运动描述单元测（基础卷）,5,2
1. 绵阳市2025高一下期末英语真题（本地真题，必修1‑3）,3,2
1. 芜湖市2025-2026学年第二学期期末考试高一数学试题,3,2
1. 雅礼2026届高三下学期模拟卷（一）：带听力MP3音频、听力原文、整套试卷+答案,4,2
10 往事依依/于漪,4,2
10年真题分类汇编生物,5,2
10月份月考,31,2
11 三峡/郦道元,5,2
11 岳阳楼记/范仲淹,8,2
11月考,7,2
12,2,2
120,6,2
19*航天员写给孩子的信,7,2
19.1 二次函数,15,2
2 一次函数,10,2
2 二次函数100道,3,2
2 反比例函数的图象和性质,5,2
2 等可能条件下的概率,6,2
2 解一元一次方程,4,2
2 解一元二次方程,13,2
2. 向心力,2,2
2. 库仑定律,9,2
2. 金考卷高一数学必修二湘教版活页题选,3,2
2.1 二次函数y=ax²的图象和性质,9,2
2.1 电路和电路图,6,2
2.1 随机变量与分布,4,2
2.1.2 基本不等式题,6,2
2.2 函数的实际应用,4,2
2.2（3）氧化还原反应规律,6,2
2.3 因式分解法,6,2
2.4 边边边,7,2
2003年高考物理,4,2
2008山东物理高考,10,2
2009年高考卷,7,2
2012年高考数学试卷,6,2
2013年普通高等学校招生全国统一考试 新课标全国卷 I 理科数学高考真题,4,2
2015 1卷 全国 数学,2,2
2016 1 卷全国卷真题,2,2
2016年湖南高考政治真题,4,2
2017-2025南京小升初分班考真题卷,5,2
2017年,5,2
2020-2021安徽阜阳太和一中,3,2
2020年全国二卷,8,2
2020年数学高考,3,2
2020年高一下学期期末考英语泉州五中级,8,2
2021-2022高一上半学期数学期中考试试卷,39,2
2021/2022,15,2
2021到2026高考数学真题四川卷,7,2
2021年哈尔滨中考数学,22,2
2021年高考一卷,34,2
2021浙江6月高考物理,9,2
2021至2025年河南中数学物理压轴题,11,2
2022,5,2
2022T8联考,6,2
2022北京高考模拟数学,6,2
2022年全国乙卷高考真题数学,4,2
2022年到2025年山东普通高中学业水平合格考试 历史真题,10,2
2022年山东高考政治,4,2
2022年巴蜀,19,2
2022年文科高考,10,2
2022年江西省初中名校联盟九年级学习效果检测（二模）数学试题,8,2
2022年福建省福州市语文一检原卷,13,2
2022至2026，中考语文真题分类汇编,11,2
2022英语高考二卷,4,2
2022～2023武汉市部分重点中学高二上期末物理,4,2
2023 0 1 1卷 数学 全国一卷高考,12,2
2023云南中考数学试卷,2,2
2023全国乙卷,5,2
2023全国乙卷数学,16,2
2023全国二卷,9,2
2023四省联考英语,13,2
2023天津市部分区高三上期末,8,2
2023山东生物高考卷,7,2
2023年全国甲卷,3,2
2023年新课标高考试卷数学,3,2
2023年新高考一卷语文,3,2
2023年普通高等学校招生全国统一考试,10,2
2023年普通高等学校招生全国统一试卷新课标全国二卷语文,27,2
2023年浙江省名校协作体,20,2
2023年金山高三数学统考一模,3,2
2023海南高考物理卷子,3,2
2023英语高考一卷答案,7,2
2023高考,3,2
2023～2024武汉市部分重点中学高二上期末物理,11,2
2024  天津河东一模,6,2
2024 0 0 1卷 全国英语高考,7,2
2024 0 0 1卷 高考 数学,5,2
2024 0 0 2卷 高考 数学,4,2
2024 1卷 全国英语高考,4,2
2024 年 0 1卷 1英语高考真题,3,2
2024-2025学年青海省西宁市统编版六年级上册期末考试语文试卷,5,2
2024-2025福清九年级上册物理期中考,4,2
20242025福州市高三一质检,2,2
2024~2025期末考试肥城六年级数学,11,2
2024‑2025学年四川省泸州市江阳区天府中学附属长江学校八年级上期末数学试卷,3,2
2024‑2026新高考Ⅰ卷语文,5,2
2024∽2025年湖北省武汉市汉阳区语文八年级下册期末,5,2
2024全国甲卷语文,5,2
2024到2025数学七年级上下册期末试卷,12,2
2024化学高考,7,2
2024学年杭州市高三年级英语教学质量检测,10,2
2024届呼和浩特市高三年级第一次质量检测物理试卷➕答案,9,2
2024年 四川省遂宁市 六年级 英语 真题 答案,6,2
2024年1月浙江选考信息技术,2,2
2024年1月浙江选考化学,2,2
2024年6月浙江省普通高校招生选考科目考试技术,14,2
2024年全国一卷英语真题,3,2
2024年全国二卷数学,9,2
2024年天津物理高考,8,2
2024年山东省生物中考真题,7,2
2024年徐州市高二上学期期中。,12,2
2024年数学全国高考卷新课标一卷答案,14,2
2024年新课标一卷英语,12,2
2024年春高一下期末联合检测试卷英语,11,2
2024年普通高等学校招生全国统一试卷英语,17,2
2024年柯桥鲁迅外国语学校新生摸底考语文,4,2
2024年语文中考试卷,9,2
2024年贵州地理高考真题,6,2
2024年高考卷,3,2
2024新高考一卷英语,3,2
2024武汉四调,14,2
2024温州高一物理期末,3,2
2024湖北荆州模拟,2,2
2024辽宁物理高考,4,2
2024高一数学期中,15,2
2024高考,8,2
2024，到2025学年黑龙江省大庆中学高二下期末语文试卷,5,2
2024～2025学年度彭州中学高2024级高一上册期末考试物理,10,2
2025 0 0 1卷 全国高考 物理,7,2
2025 0 0 1卷 新课标英语高考,3,2
2025 0 1全国新高考一卷数学真题,3,2
2025 1卷 数学 真题高考,8,2
2025 2026 01 八年级下册数学期末试卷,20,2
2025 2026学年河南省高一下学期期末,6,2
2025 2026学年福州市高三年级五月质量检测,9,2
2025 2026学年第一学期杭州市高三年级教学质量检测,10,2
2025 2026高二下学期期末考试,10,2
2025 年高考数学1卷全国卷真题,3,2
2025 数学 1卷全国1卷,6,2
2025 高一 入学考,17,2
2025 高考 1卷,7,2
2025-2026 英语八年级上册李沧期中考试,3,2
2025-2026东北育才高一第一次月考卷子,6,2
2025-2026二上期末语文试卷,12,2
2025-2026学年度第一学期期中考试高一数学试题(A),5,2
2025-2026学年浙江省宁波市慈溪市高一下学期物理期末试卷,3,2
2025-2026学年第二学期高一年级综合素养测评化学学科试卷,7,2
2025-2026学年辽宁省沈阳市虹桥中学九年级上开学试卷数学,3,2
2025-2026学年高二英语下学期期中真题重组卷02（人教版） 文档ID：57210953,12,2
2025-2026安徽合肥八中高一上学期期中英语,6,2
2025-2026宝安物理,5,2
2025-2026山东省济南市高三上开学数学,6,2
2025-2026年天津市南开区高二年级下学期物理试卷,2,2
2025-2026广东省华南师范大学附属中学高一,7,2
2025-2026斗门区八下期末真题数学,3,2
2025-2026甘肃庆阳镇原县八上数学期中,4,2
2025-2026第二学期期末考试高二地理试卷,16,2
2025-2026语文试卷高一,6,2
2025-2026高一下生物期末,12,2
20252026山东省济宁市曲阜高二上学年物理试卷,3,2
20252026景德镇九上期中数学试卷,7,2
2025~2026学年度第一学期高二期末检测题数学内江,6,2
2025~2026年年度第二学期学业质量检测卷5年级数学,11,2
2025~2026年，兴化市泰州市。第二次数学月考试卷，八年级上册。,8,2
2025~2026广安市期末高一下教学质量检测数学,4,2
2025~2026星城数学期中测试卷,3,2
2025‑2026 黄岩区八年级上册期末数学 浙教版   浙教版八上数学 走进重高 期末测试卷,5,2
2025‑2026学年山东省烟台市芝罘区八年级（上）期中化学试卷 鲁教版五四制,11,2
2025‑2026学年度武汉市部分学校高三九月调研（武汉调研）英语试卷。,7,2
2025‑2026学年辽宁省营口市部分校高一（下）期末数学试卷,3,2
2025‑2026学年陕西省商洛市镇安中学高一（上）月考数学试卷（10月份）,7,2
2025上学期江南十校物理高一上,10,2
2025中考英语真题,7,2
2025临沂高二期中历史,3,2
2025全国1卷英语,9,2
2025全国一卷,3,2
2025全国一卷英语,4,2
2025全国二卷数学,11,2
2025全国甲卷数学真题,4,2
2025全国语文高考一卷真题,4,2
2025八省联考,7,2
2025八省联考数学,9,2
2025到2022年遵义市七年级语文期末测试卷,3,2
2025到20268年级上册滕州物理卷,4,2
2025到20268年级上学期统考期中试卷,12,2
2025到2026学年蚌埠市a层高中第三次联考高二英语,4,2
2025到2026年香坊区七下英语期末考试试题,9,2
2025到2026福州市高三上学期第一次质量监测,34,2
2025到2026高一第二学期期末考试生物卷桦南县第一中学,5,2
2025北京卷高考语文,4,2
2025南京中考,3,2
2025南通八年级上期中物理,9,2
2025哈三中开学测,33,2
2025培英高中高一新生入学考试试卷,3,2
2025学年第一学期扬州完高中发展共同体高三年级10月联考浙江卷,3,2
2025学年第二学期北斗联盟联考高一年级政治学科,5,2
2025学年第二学期期末训练高一化学,8,2
2025学年第二学期杭州市高一年级教学质量检测,33,2
2025安徽省10校联考,7,2
2025小升初数学无忧衔接,7,2
2025届天津市十二区县高三期末联考一数学,5,2
2025届惠州高三第二次调研,6,2
2025届益阳市高三上学期9月教学质量监测 数学,3,2
2025届福建省漳州市高三第1次市质检语文,4,2
2025届贵州省高三适应性考试,8,2
2025山东政治高考真题,3,2
2025年10月浙江强基政治,7,2
2025年1月普通高等学校招生全国统一考试适应性测试,4,2
2025年东营地理中考真题,4,2
2025年全国一卷语文,9,2
2025年全国一卷语文真题,5,2
2025年全国一卷，全国二卷高考真题英语,3,2
2025年全国二卷数学,5,2
2025年全国高中数学联赛一试,8,2
2025年全国高考二卷,5,2
2025年八省联考数学,5,2
2025年到2026年广东省茂名市高州市七年级下册数学卷,8,2
2025年化学南宁市高一上册期末考试统考,11,2
2025年南通市中考物理化学,4,2
2025年四川乐山八年级下册数学,3,2
2025年天津生物等级考真题试卷,5,2
2025年天津高考化学,17,2
2025年广州市中考数学,6,2
2025年新高考一卷英语,4,2
2025年梅岭八年级上册期中试卷英语,4,2
2025年武汉二高高一上期中化学试卷,2,2
2025年泗阳县高二上学期期中试卷,41,2
2025年济南市中考英语试卷,5,2
2025年浙江省杭州市上城区二模卷,17,2
2025年温州十校联盟高二上学期历史试卷,8,2
2025年湖北省普通高中学业水平选择性考试思想政治,14,2
2025年湖南郴州道法中考试卷,2,2
2025年福建高考政治,3,2
2025年秋季高三开学摸底考试模拟卷,12,2
2025年苏州期中物理,3,2
2025年语文全国一卷,7,2
2025年语文全国一卷真题,6,2
2025年语文全国二卷真题,8,2
2025年语文高考真题,3,2
2025年贵州省高考化学真题,5,2
2025年辽宁朝阳二高月考题,5,2
2025年长沙市周南教育集团新高一入学考试语文试卷,9,2
2025年陕晋宁青卷思政,11,2
2025年陕西省中考物理真题（A卷,3,2
2025年高考物理真题,12,2
2025年高考语文,2,2
2025年龙东10校联盟高一上10月份月场。化学,7,2
2025广东生物高考真题,5,2
2025广东省潮州市第一次模拟考试,4,2
2025广东短文填空专项练习,3,2
2025广东高考生物学,3,2
2025广州一模,5,2
2025数学全国二卷,4,2
2025新疆喀什市六年级内初班招生测试卷真题卷,2,2
2025新高考IⅠ卷数学,7,2
2025新高考二卷,6,2
2025暑假预习化学沪教初三,5,2
2025杭州期末物理,8,2
2025松江一模试卷答案,5,2
2025梅州市高三年级调研语文,3,2
2025武汉四调,19,2
2025武汉市5月调考卷武昌区,8,2
2025河北地生中考,6,2
2025河南中考,6,2
2025河南南阳期中考试生物高一,7,2
2025河南高考政治,2,2
2025济南九年级数学上册期中考试,7,2
2025浙江强基联盟物理三模,3,2
2025清华大学强基计划数学试题（回忆版）,3,2
2025湖北历史卷,3,2
2025湖北历史卷高考,3,2
2025湖南开学考试语文试卷,3,2
2025湖南长郡中学10月月考数学卷,4,2
2025湛江市滨海奖励考试试卷,13,2
2025潍坊高三上期中,16,2
2025潍坊高三九月开学考英语,7,2
2025肥城高三开学考,2,2
2025肥城高三开学考上学期,9,2
2025至2026初中物理沪粤版九年级上册期末复习11章功与机械能基础卷,17,2
2025至2026学年下学期期末学业质量监测四年级数学官渡区我,5,2
2025至2026学年四年级山东省济南市市中区人教版第一学期数学期末测试试卷,5,2
2025至2026学年扬州中学高二上期中考试英语,5,2
2025至2026年海淀区数学期末卷五年级,17,2
2025至2026龙湖区数学七下统考卷,4,2
2025苏北八市三模地理。,14,2
2025苏州高三期初阳光调研物理,11,2
2025英语全国二卷,6,2
2025英语八省联考,10,2
2025英语高考真题,3,2
2025菏泽高二期中,15,2
2025语文新高考二卷,10,2
2025语文高考全国一卷,6,2
2025贵州高考政治,6,2
2025辽宁五校高二下期末,4,2
2025邵阳市高一期末考试,11,2
2025长郡英语高一入学测试,3,2
2025陕晋宁青高考真题,9,2
2025陕晋青宁卷历史高考真题,11,2
2025高一上册江南十校物理,8,2
2025高三福州一检8月,13,2
2025高考,11,2
2025高考全国2卷语文,15,2
2025高考卷,4,2
2025高考物理真题,5,2
2025高考真题 官方答案 无水印,8,2
2025高考英语甲卷,2,2
2025高考语文真题,9,2
2025－2026下学期东北师大附中高一期中考试语文,7,2
2026 0 0 1卷 全国高考 物理,2,2
2026 0 0 1卷 全国高考 英,8,2
2026 0 0 1卷 全国高考卷,4,2
2026 0 0 1卷 高考 数学,7,2
2026 0 0 2卷 全国英语高考,7,2
2026 0 0 2卷 全国高考 语文,12,2
2026 0 01卷 中考数学广西,3,2
2026 0 01卷 高考江苏,3,2
2026 0 01卷 高考语文,4,2
2026 一模上海数学,14,2
2026 八下开学考 安徽安庆望江 沪科版,11,2
2026 内蒙古 中考,12,2
2026 化学 高考 真题,2,2
2026 天津高考,3,2
2026 届高三 10 月大联考,10,2
2026 年云南 5 月高三适应性考试,7,2
2026 年河南南阳高三上学期 10 月 月考数学,4,2
2026 新高考1卷 数学,4,2
2026 济宁高二期末,12,2
2026 物理 1卷 高考全国卷真题,6,2
2026 语文 1卷高考卷,4,2
2026 重庆卷 高考数学,3,2
2026 高考,5,2
2026 高考 01 卷数学,8,2
2026 高考 英语 01 卷,3,2
2026 高考2卷 数学,9,2
2026 高考物理山东,4,2
2026-2027高一英语分班学情自测,33,2
20260年邓州市数学中考试卷,11,2
2026上海高考语文,3,2
2026中考 浙江,3,2
2026中考卷,17,2
2026中考数学,2,2
2026中考英语听力,8,2
2026中考英语济南,2,2
2026中考英语重庆,4,2
2026中考试卷原卷,16,2
2026中考语文深圳,3,2
2026丰台区高三开学考物理,7,2
2026丰台期末语文,19,2
2026乐山高一期末考试,9,2
2026九上人教英语成都,18,2
2026九龙坡八下期末试卷,4,2
2026云南3+3+3,3,2
2026云南高考生物,3,2
2026人教版8年级上册单词表,28,2
2026优化探究,2,2
2026全国一卷语文真题,9,2
2026全国二卷英语,2,2
2026全国高考二卷,8,2
2026全国高考政治试卷,9,2
2026全国高考数学2卷,4,2
2026六校联考安,6,2
2026初二下册数学青岛版,5,2
2026化学河北高考真题,2,2
2026化学高考,6,2
2026化学高考真题,8,2
2026北京中考,4,2
2026北京中考道德与法治,5,2
2026北京大学强基计划,4,2
2026北京高考,5,2
2026北京高考英语卷,3,2
2026北京高考语文真题,6,2
2026南京中考,3,2
2026南充八年级下册数学期末考试,4,2
2026卷地理山东高考,5,2
2026历史中考试卷临沂,5,2
2026历史高考卷,7,2
2026四川卷,3,2
2026四川广元市高二期末卷,4,2
2026四川政治高考,3,2
2026四川高考生物,6,2
2026地理高考真题jx,4,2
2026地生会考地理试题辽宁,8,2
2026大庆中考数学真题,11,2
2026天津中考,6,2
2026天津中考语文,3,2
2026天津高考英语卷,7,2
2026宁夏中考数学卷,5,2
2026安徽中考英语,7,2
2026安徽省合肥市英语高中一模,2,2
2026安徽省淮南市八年级下册,23,2
2026安徽高考生物真题,6,2
2026宝山一模,8,2
2026小升初数学期末曹县,9,2
2026小升初数学期末雨花区,3,2
2026小升初英语重点校各地真题精编卷（王朝霞）,16,2
2026届 成都市高三零诊摸底,3,2
2026届12月t8联考,15,2
2026届t8联考,6,2
2026届宜宾市高三第一次诊断性测试 物理 原卷 答案 PDF,3,2
2026届广东省部分高中联合考试,9,2
2026届武汉市高三四月调研考试英语,7,2
2026届第一次t8联考,11,2
2026届贵阳市高三8月摸底考,7,2
2026届高三年级期初阳光调研卷物理,5,2
2026届高考物理一轮复习讲义 2 3匀变速直线运动的图像类问题,16,2
2026山东中考化学,4,2
2026山东中考数学,10,2
2026山东化学合格考,2,2
2026山东化学高考真题,2,2
2026山东合格考,2,2
2026山东高考,4,2
2026山东高考化学,9,2
2026巴蜀英语高二下期末试卷,4,2
2026年 全国二卷 数学,14,2
2026年 六年级下册 小升初 测试卷,17,2
2026年 高考化学真题,3,2
2026年1 月1号浙江高考 英语,7,2
2026年1月浙江省普通高校招生考试模拟卷,11,2
2026年中考数学试卷,14,2
2026年中考试卷,4,2
2026年中考语文试卷,5,2
2026年临渭区八年级下册数学期末卷,6,2
2026年五月杭州二中高三年级适应性检测,3,2
2026年全国1卷数学,4,2
2026年全国一卷数学卷高考真题,3,2
2026年全国一卷英语,3,2
2026年全国一卷语文,3,2
2026年全国二卷英语,4,2
2026年全国高考政治,3,2
2026年八下数学新疆和田洛浦县数学期末卷。,5,2
2026年兰州一中高一数学期末卷,21,2
2026年兰州市七里河区高一夏季期末考试英语试卷,5,2
2026年内蒙古语文高考卷,3,2
2026年北京市西城区试卷四年级上册数学,2,2
2026年历史会考,6,2
2026年合格考生物试卷山东,3,2
2026年吉林省中考,20,2
2026年四川中考,6,2
2026年四川高考化学卷,12,2
2026年四月高三适应性考试数学,4,2
2026年地理高考真题,4,2
2026年学军中学高二上期中考试化学试卷,6,2
2026年安徽省高考试卷,3,2
2026年山东历史高考真题,9,2
2026年山东省中考数学试题,4,2
2026年山东省高考题,11,2
2026年山西省中考英语试卷,6,2
2026年广东历史高考真题,11,2
2026年广东第二次合格考历史,5,2
2026年广东高考真题,10,2
2026年广州中考道法,2,2
2026年广州市普通高中毕业班综合测试 一,9,2
2026年广西政史中考真题,8,2
2026年当阳八年级下册期末试卷,6,2
2026年德州市高一下学期化学期末考试期末,4,2
2026年成都中考试卷,5,2
2026年新高考一卷数学,4,2
2026年新高考一卷英语,2,2
2026年新高考一卷语文,2,2
2026年春河南红卷模拟预测,4,2
2026年普通 高等学校招生选择性考试东北三省历史试题,6,2
2026年普通高中学业水平等级考试山东卷化学,2,2
2026年普通高等学校招生全国统一考试全国II卷语文,10,2
2026年普通高等学校招生全国统一考试语文,19,2
2026年普通高等学校春季招生考试上海卷语文,5,2
2026年期末试卷,2,2
2026年武汉市普通高中高三九月份调研考试生物,5,2
2026年永康七年级测试卷,14,2
2026年江苏省中考语文试卷,4,2
2026年江苏高考化学,3,2
2026年河南省中考语文试题,6,2
2026年河南省驻马店市遂平县7年级下册数学卷子,11,2
2026年河南省高考试卷,8,2
2026年河南高考化学卷,6,2
2026年泰安市泰山区八年级下册期末数学,16,2
2026年泰州二模政治,6,2
2026年泸州中考语文真题,3,2
2026年济南一模,3,2
2026年济南市高一,25,2
2026年济宁中考语文,6,2
2026年济宁高二化学期末,11,2
2026年浙江宁波英语一模,32,2
2026年浙江省中考试卷,7,2
2026年湖北省武汉市中考数学试题,4,2
2026年湖北高考生物学答案,7,2
2026年湖南中考数学试卷,3,2
2026年湖南长沙中考真题卷及答案,5,2
2026年福建高考数学,4,2
2026年秋季九年级开学学情自测卷01英语,2,2
2026年秋季高一开学学情自测卷,12,2
2026年语文7年级下册期末南京玄武区,6,2
2026年语文高考真题,4,2
2026年贵州省普通高中学业水平选择性考试,17,2
2026年贵州省桐梓县遵义市数学初一期末测试卷,6,2
2026年辽宁中考英语,9,2
2026年连云港市高一期末数学,3,2
2026年重庆一中初20二六届初三下期第一次模拟测试，数学试题,3,2
2026年长沙市九年级上册期中语文,10,2
2026年青岛中考,6,2
2026年青岛中考数学,4,2
2026年青铜铭语文开学考,10,2
2026年驻马店市高二下学期地理,3,2
2026年高一上学期第1单元,21,2
2026年高一下学期综合水平测试卷,10,2
2026年高一数学下学期期末枣庄市,8,2
2026年高考1卷,2,2
2026年高考2卷英语,4,2
2026年高考历史真题四川,2,2
2026年高考四川卷化学高考真题,8,2
2026年高考地理,4,2
2026年高考政治真题,7,2
2026年高考政治试卷,6,2
2026年高考生物黑吉辽,8,2
2026年高考真题,8,2
2026年高考真题数学,8,2
2026年高考英语,2,2
2026年高考英语全国二卷,7,2
2026年黄石市高一下学期英语试卷,8,2
2026年黑吉辽生物试题,4,2
2026广东历史高考,4,2
2026广东物理高考,5,2
2026广东高考数学,5,2
2026广东高考物理,14,2
2026广州中考,5,2
2026广西中考语文,5,2
2026德州高二下学期期末语文,6,2
2026政治高考,6,2
2026数学中考,2,2
2026数学北京卷,3,2
2026数学高中杭州一模,3,2
2026新高考1卷,2,2
2026新高考2卷英语,8,2
2026新高考二卷,2,2
2026新高考数学1卷,5,2
2026新高考数学2卷,4,2
2026无锡中考数学,5,2
2026日语高考真题,5,2
2026模考数学西安,9,2
2026永州高三二模,29,2
2026江苏连云港中考试题,4,2
2026江西高考物理,5,2
2026河北卷物理高考,3,2
2026河北高考,6,2
2026河南中考英语驻马店,8,2
2026河南高考物理卷,8,2
2026济南中考数学,12,2
2026济南天桥区八年级下册数学期末,7,2
2026济南市高一期末考试,9,2
2026济宁中考真题,4,2
2026浙江中考语文,6,2
2026浙江高考物理,4,2
2026涟源市期末检测试卷五年级,9,2
2026淄博高二期末考试英语,3,2
2026深圳一模,5,2
2026深圳市高三二调,14,2
2026深圳高三一模英语,3,2
2026湖北中考语文真题,3,2
2026湖北八年级语文期末考试卷,2,2
2026湖北高三圆创联考8月,22,2
2026湖北高三第一次圆创联盟考试,3,2
2026湖南省长沙市高三一模,6,2
2026湖南高中学业水平考试,9,2
2026物理高考山东,4,2
2026甘肃省高三第一次模拟考试数学试题  -,3,2
2026生物沈阳教联体,9,2
2026生物高考安徽,3,2
2026福建中考,4,2
2026福建中考英语,3,2
2026福建宁德中考英语,4,2
2026秋四年级英语第一单元测试卷人教,3,2
2026秋季开学学情,9,2
2026英语高三河北联考试卷,4,2
2026英语高二第一学期期末烟台,4,2
2026荔湾区九上期末考数学卷,18,2
2026菏泽一模,6,2
2026西藏拉萨市普通高中高一生物期末联考卷,6,2
2026语文新高考二卷,6,2
2026语文高考一卷,2,2
2026贵州高考,10,2
2026贵州高考英语,4,2
2026贵港高一期末生物试卷,9,2
2026越秀区高一政治期末考试,3,2
2026重庆九上化学期末,27,2
2026长郡高一月考数学,9,2
2026陕西中考数学真题,5,2
2026陕西高考,6,2
2026青岛二中高三,3,2
2026青岛二模,2,2
2026青岛高三化学开学考,5,2
2026高三唐山语文二模,8,2
2026高三开学考,10,2
2026高三英语各地联考卷,6,2
2026高二上学期数学月考,4,2
2026高考2卷,7,2
2026高考一轮复习考点专题精练,16,2
2026高考卷贵州,4,2
2026高考地理卷湖南,3,2
2026高考政治真题,2,2
2026高考模拟卷,17,2
2026高考生物真题,8,2
2026高考真题,33,2
2026高考真题语文,3,2
2026高考英语全国一卷,3,2
2026高考重庆,7,2
2026高考领航高中同步测试卷语文必修下册,5,2
2026黄冈中考数学,4,2
2026黄冈高二下期末,16,2
2026黄浦区高三一模数学敬业中学免费,3,2
2026黑龙江中考,2,2
2026黑龙江普通高等学校招生选择性考试,10,2
2026黑龙江高考历史,2,2
2027届湖北圆创联盟高三上8月联考,12,2
2027届高三化学一轮复习讲义,6,2
2027届高三英语人教版全单元词汇双用（同步巩固+高考一轮）集,17,2
2027年高考英语一轮复习培优收官卷(全国一卷),3,2
2027高考语文文言文课内知识点,4,2
20中学月考,2,2
20二七届镇海中学高38月开学考语文,3,2
20二五届巴中零诊,15,2
20二六届新高考一卷英语和数学卷,8,2
21年到25年中考题,23,2
23* 马说/韩愈,6,2
23-24沈河期末八下物理,4,2
23-24苏州中学高二上学期期中卷,4,2
23年天津物理高考,3,2
24 点比赛 小学版,10,2
24内江数学高一期末,7,2
24到25年的雅安中学九上期中,12,2
24年河北省中考英语听力,3,2
24年济南开学考,2,2
24年语文高考卷,9,2
24烟台高二期末地理,5,2
25~26莱芜高二期末考试题,3,2
25年1卷高考地理,9,2
25年全国一卷数学,2,2
25年全国二卷语文,3,2
25年滨州生物中考,3,2
25年重庆高一上英语康德卷,5,2
26 06月高考真题,16,2
26 年 0 1卷 全国 1 卷 英语高考真题,5,2
26 年，辽宁中考,6,2
26 高考政治,7,2
26北京高考数学,5,2
26年 1卷 高考英语,5,2
26年06生物会考卷,16,2
26年2卷数学,3,2
26年七年级下册郴州市统考,7,2
26年全国二卷英语,3,2
26年四川巴中市中考原卷,13,2
26年山东高考,3,2
26年广东省化学一模,13,2
26年广西高考卷,4,2
26年梅州高一物理联考,5,2
26年河北中考真题 英语,7,2
26年深圳中考数学试卷,3,2
26年物理高考卷,8,2
26年语文,7,2
26年辽吉黑内蒙高考,9,2
26年驻马店教研高一,5,2
26年高考卷子全国二卷,3,2
26数学奥林匹克高中联赛,3,2
26硚口八下期中卷文言文,3,2
3 一元二次方程的判别式,9,2
3. 牛顿第二定律,6,2
3. 电场 电场强度,5,2
3.2 正弦型函数的性质与图像,4,2
3. 2025： 2025黑吉辽蒙思想政治选考真题试卷及答案,5,2
3500 词汇,17,2
3500单词,6,2
3500词 2026 40篇搞定3500词,4,2
36865991,16,2
38445281,2,2
3年高考2年模拟2027山西生物一轮复习学案,6,2
4 二次函数与一元二次方程的关系,5,2
4 合并同类项,14,2
4 欧姆定律在串、并联电路中的应用,4,2
4 跨学科实验 风,10,2
4. 串联电路和并联电路,3,2
4.1 一元一次方程的实际应用（上）,5,2
4.3 化学方程式,4,2
4年级数学,4,2
53,11,2
54204340,17,2
57210953,7,2
58中高一月考,5,2
5年中考 3年模拟,13,2
6. 天津市红桥区2025‑2026学年高一下学期期末考试 化学,5,2
6.1（1）化学反应速率,5,2
688词汇,7,2
688高频词,15,2
688高频词汇 高考,6,2
6年级上册人教版数学 期中测试卷,11,2
6年级苏教版第二阶段数学期末测试卷,19,2
6选5八年级英语贵州,8,2
7年级上册数学期中考,9,2
7年级上册期中数学2025年徐州市睢宁县,9,2
7年级下册兖州区2025-2026的生物期末试卷,5,2
7年级下册期中历史,10,2
81中,9,2
87中,14,2
8上英语作文,2,2
8年级上册2024~2025英语徐州市邳州期末试卷,3,2
8年级上册物理人教山西,9,2
8年级张店区物理期末试卷,3,2
8年级物理期末试卷,4,2
8月,12,2
8省联考,8,2
9. 带电粒子在电场中的运动,10,2
9上2次函数练习双十卷子,28,2
9上古诗理解性默写,3,2
9上数学月考卷,10,2
9年级上 语文期末南京,3,2
9年级二次函数试卷,29,2
A,2,2
A10 联盟,9,2
A10 联盟宿州市13校2024级高二上学期11月期中考试,16,2
A10联盟2026届高三数学8月份,4,2
A10联盟高一上,5,2
ABAC,8,2
BEST合作体,6,2
C20教育联盟中考模拟卷数学安徽,57,2
DNA的复制,2,2
DSE数学,2,2
G12,4,2
IMO,5,2
NT20,14,2
NT20名校联合体,37,2
PCR专题,13,2
PET,2,2
T 8 12月联考,42,2
T8联考语文,10,2
Unit 9 Power of Nature第一阶段综合测试卷、,6,2
YMO,25,2
Z20 名校联盟,5,2
Z20名校联盟2025届高三第一次联考,4,2
Z20名校联盟2026届高三开学考,10,2
Z20名校联盟2026届高三第一次联考数学,3,2
Z20高三第1次联考,10,2
_2016年全国高中数学联合竞赛一试（B卷）答案,6,2
a,2,2
be动词练习,2,2
dungc,6,2
f x 杯,9,2
https://m.zxxk.com/soft/39493442.html,2,2
https://m.zxxk.com/soft/54422934.htmlhttps://m.zxxk.com/soft/54422934.html,2,2
https://m.zxxk.com/soft/54844952,4,2
https://m.zxxk.com/soft/59044675.html#,3,2
https://m.zxxk.com/zxxk/openApp,3,2
https://www.zxxk.com/soft/53366656.html,5,2
https://www.zxxk.com/soft/57079684.html,5,2
kumada,4,2
kumada偶联,3,2
qinianji1 七年级下册 数学 期末测试卷,12,2
shifan870513,2,2
unit2,12,2
z20 2026届高三数学,7,2
z20生物,10,2
z20考试英语,4,2
z20高三浙江数学2026届第一次联考,8,2
zuowen1初二素材开头与结尾,4,2
z 20,12,2
●       推荐搜索关键词： 四川省宜宾市南溪区 六年级下学期 语文 毕业检测  或  南溪区 六年级下册 语文 期末,3,2
。南白初级中学,14,2
《唐诗三百首》,5,2
《成才之路·衡中学案 高考一轮总复习 数学（2027新高考版）集合》,10,2
《西游记》,4,2
「四川内江市六中2025-2026高一上期末地理试题」，含PDF原题、答案解析,6,2
【上好课】2026年高一数学暑假作业（人教A版）,7,2
【上好课】2026年高二英语寒假作业 人教版,4,2
【创新教程】2027版高考地理大一轮总复习（人教版）,3,2
一 二单元测试卷,36,2
一 轮 复习 2026,4,2
一 轮 复习 2027,3,2
一七一,6,2
一中新校区,21,2
一元一次方程应用题,11,2
一元二次方程单元测试,12,2
一元二次方程应用,20,2
一年级上册数学,3,2
一年级下册数学易错题,5,2
一年级下册数学期末试卷,7,2
一年级数学思维导图,8,2
一年级期中语文,3,2
一年级期末考试拔高卷,4,2
一年级英语语法,18,2
一年级路北区数学2016-2017期末试卷,22,2
一数100讲高考数学,8,2
一数2027基础版,6,2
一月考,13,2
一模 2026,15,2
一模分类汇编,15,2
一模卷上海宝山高三,14,2
一模英语,10,2
一次 函数 025 一轮 专题,3,2
一次函数专题,12,2
一次函数知识点,8,2
一百中学月考,12,2
一般将来时,36,2
一调,7,2
一轮,8,2
一轮函数,10,2
一轮复习数学,7,2
丁一杯7年级,5,2
七上 0 古诗 4课理解性默写,2,2
七上全套单词默写,7,2
七上地理期末卷,24,2
七上地理湘教版卷临高县,5,2
七上数学,6,2
七上数学期末,13,2
七上第一单元,7,2
七上英语,2,2
七上英语人教版新教材预备单元第三单元,6,2
七上英语单词,7,2
七上英语长沙期中,2,2
七下53试卷,7,2
七下地理,6,2
七下地理默写小纸条 商务星球版,6,2
七下数学,2,2
七下暑假数学作业,5,2
七下生物思维导图,2,2
七下章丘区英语期末试卷,7,2
七下英语长沙,25,2
七宝,18,2
七年级,15,2
七年级 数学,2,2
七年级2026小升初开学考,16,2
七年级上下册综合版华师大版模拟摸底试卷,7,2
七年级上册人教版历史期末试卷,15,2
七年级上册动点问题,3,2
七年级上册北师大版数学第一单元练习题,3,2
七年级上册数学,5,2
七年级上册数学单元测试卷,21,2
七年级上册数学第一单元测试卷,4,2
七年级上册新定义,3,2
七年级上册月考题,10,2
七年级上册盈亏问题,3,2
七年级上册英语单词,12,2
七年级上学期入学分班考试 数学,22,2
七年级下册人教版数学第七章单元测试卷文件,18,2
七年级下册人教版英语第六七八单元试卷基础,9,2
七年级下册人教版英语阅读理解,14,2
七年级下册华东师大版期末考试试卷,5,2
七年级下册历史,14,2
七年级下册数学卷子,5,2
七年级下册英语,4,2
七年级下册英语期末试卷,19,2
七年级下册英语阅读理解,8,2
七年级下册语文北京,11,2
七年级下册语文期末,3,2
七年级几何,18,2
七年级分班考,7,2
七年级分班考试,6,2
七年级分班考试卷,35,2
七年级分班考试试卷,9,2
七年级数学上册,11,2
七年级数学北师大版七年级下学期期末试题,2,2
七年级英语阅读理解专项练习,8,2
七年级道德与法治调研测试，开学考,19,2
七彩联盟高三上学期返校考,12,2
七彩阳光,6,2
七校联考 重庆,15,2
万唯,6,2
万唯 2026中考黑白卷,3,2
万州第二高级中学,2,2
万州第二高级中学校八年级下,4,2
万州纯阳中学,10,2
万有引力与航天,6,2
万有引力专题,7,2
三上英语译林版期中考试南通,5,2
三下译林英语期末试卷,8,2
三创自招浙江湖州,6,2
三十四中第1次月考九上物理,2,2
三升四暑假每日一练,4,2
三原县八上物理月考,6,2
三峡,2,2
三年级上册英语语法,4,2
三年级下三年级上那个数学,8,2
三年级下册数学期末卷北师大版,3,2
三年级作文,7,2
三年级奥数竞赛题,20,2
三年级苏教版,3,2
三教函数,8,2
三明一中,10,2
三明二中高一,6,2
三明市2025 2026学年第二学期高二期末适应性练习,5,2
三校联考,13,2
三模,5,2
三清必刷,5,2
三维设计 2026人教版高中物理,4,2
三角,18,2
三角之道,3,2
三角函数 公式大全,10,2
三角函数26一轮,8,2
三角函数一轮,5,2
三角函数一轮复习2027 专项训练数学,5,2
三角函数与解三角形,6,2
三角函数图像与性质,5,2
三角函数思维导图,2,2
三角函数求参数w范围,17,2
三角函数解三角形,6,2
上好课 2026年,8,2
上好课 暑假轻松学,5,2
上学期,13,2
上海 02 6 高三三模,7,2
上海一月高考,8,2
上海七年级下学期期末,31,2
上海中学 高一下 数学,2,2
上海中学周周爽,2,2
上海中考物理2026,3,2
上海九年级上学期期中,5,2
上海九年级上学期阶段检测,8,2
上海卷 2026高考真题,6,2
上海市初中物理竞赛,4,2
上海市实验学校,11,2
上海市张江集团,5,2
上海杨浦八上化学期中,3,2
上海沪科版生物 必修1+必修2+选择性必修1 综合测试卷,3,2
上海浦东新区,29,2
上海物理二模,6,2
上海生物,8,2
上海英语,17,2
上海英语听力高中,7,2
上海英语高考一模,8,2
上海英语高考考秋考,6,2
上海青浦,15,2
上海高一联考,15,2
上海高中模卷,4,2
上海高二数学,9,2
上海高考,4,2
上进联考,18,2
上饶2025期末数学,3,2
上饶中学,13,2
下关一中,2,2
下关一中2025-2026高一上学期段考二数学,3,2
不定冠词,2,2
专升本,3,2
专项 练习,14,2
专项复习,12,2
专项突破,42,2
专题01 集合及集合知识压轴型应用12大题型 培优题型清单 全国通用,9,2
专题10 名句名篇默写,8,2
专题10流程图类,3,2
专题11统计与概率,3,2
专题4.6 指、对数函数的综合应用,11,2
专题7.2三角函数概念,16,2
专题动量守恒,28,2
专题卷,2,2
专题四：平面向量的综合运用,11,2
专题高三,3,2
世界地理,4,2
世界地理填图训练,17,2
世界杯,4,2
世界的物质性,6,2
东北 师大附中,4,2
东北三省,16,2
东北三省三校,5,2
东北三省四市,8,2
东北师大附中 2 0 25 2026 高三年级五月模拟考试,15,2
东北师大附中高二,8,2
东北师大高二上期中,18,2
东北师大高二上期中20242025,7,2
东北育才高三开学考试,6,2
东北育才高三语文第九次,4,2
东北育才高中高一上第二次月考化学,8,2
东台市实验中学,10,2
东坡区新初一分班考试卷,11,2
东山高级中学,5,2
东明,13,2
东明一模卷,7,2
东明县第一初级中学,5,2
东港,17,2
东湖高新区小学5年级2026年英语期末试卷。,42,2
东省德州市德城区2025~2026第二学年期末测试数学题七下,8,2
东莞2025 2026期末,6,2
东莞2026,5,2
东莞2026高一下期末,41,2
东莞七年级下册期末,10,2
东莞市2024~2025八年级上学期期中历史测试,6,2
东莞市东莞中学高一,10,2
东莞期末数学,13,2
东莞高二上物理第一月考海德双语学校,3,2
东营市2025年地理中考,6,2
东营市东营区胜利第十一中学,3,2
中加,6,2
中华中学高一分班考试数学,2,2
中国古代史,14,2
中国科学技术大学强基计划,3,2
中山八上期末数学,4,2
中山八年级下期末,4,2
中山初二上学期月考英语,3,2
中山市光正实验学校,10,2
中山市初二数学素养邀请赛 模拟真题（八年级上册）,5,2
中山市坦洲中学期末物理,6,2
中山市纪念中学,13,2
中山纪念中学高一开学考,8,2
中山高二期末考英语,3,2
中科大少年班数学试题,2,2
中考 2025,11,2
中考 2026,7,2
中考 词汇 1600,4,2
中考 试卷2026,12,2
中考 语文 2026,4,2
中考2026年山东省统考英语卷子,13,2
中考二次函数大题综合题,13,2
中考优秀作文范文100篇,13,2
中考化学湖北,6,2
中考卷,9,2
中考历史,8,2
中考压轴题好题汇编,10,2
中考地理,7,2
中考数学 2026年真题,22,2
中考数学函数压轴题,9,2
中考数学压轴题,11,2
中考数学计算题,4,2
中考模拟卷,30,2
中考满分作文,5,2
中考满分作文 2026范文整理,6,2
中考物质提纯和分离的练习,4,2
中考英语外研版 阅读,3,2
中考词汇,8,2
中考试卷英语,5,2
中考语文2026年真题,20,2
中考语法定语从句,6,2
中考题,9,2
中职数学同步《一课一练》配套练习册,6,2
中职语文,28,2
中职高考语文信息类文本阅读,5,2
中雅培粹第一次月考,15,2
丰台区一模,5,2
丰台区初中一模,7,2
丰城,6,2
临城中学,19,2
临川一中 2025 2026 学年下学期期末考试,13,2
临川一中分班,7,2
临川一中数学,4,2
临沂,14,2
临沂 2026 高二期末,8,2
临沂一中,6,2
临沂六中2026期末,18,2
临沂市三区九县2025-2026数学六年级下册,15,2
临泉一中,6,2
临邑县,12,2
丹东二中,6,2
丹东二中高一上数学,3,2
丹阳中学,4,2
主谓一致,3,2
丽水26物理,3,2
丽水卷2026期末高三,3,2
丽水市2025学年第二学期普通高中教学质量监控物理,42,2
丽江市高二期末,7,2
举一反三,8,2
举一反三拔尖卷,5,2
义乌二中高一分班考,13,2
义务教育七上新生水平测试,10,2
乌兰浩特一中,12,2
乌鲁木齐,10,2
乌鲁木齐一中,3,2
乌鲁木齐地区,19,2
乌鲁木齐市外国语学校,2,2
乌鲁木齐第七十中学2025-2026高一月考物理,10,2
乐安中学,4,2
乐平市九年级化学模拟试卷,4,2
九上 二次函数练习题,4,2
九上 第1,4,2
九上2026新教材知识清单道德与法治,11,2
九上化学元素,2,2
九上化学期中考试,6,2
九上化学第三章测试题（人教版）,10,2
九上华东师大二次根式,25,2
九上南京,15,2
九上历史,13,2
九上政治2026知识点提纲,3,2
九上数学南京,4,2
九上数学期中,31,2
九上数学期中考试,17,2
九上期中,2,2
九上期中数学,45,2
九上期中物理,13,2
九上期中物理人教版,9,2
九上期末,12,2
九上物理,17,2
九上物理巴蜀中学中学,5,2
九上物理期中,13,2
九上物理期中考试,5,2
九上物理试卷成都树德实验,7,2
九上电学作图题,8,2
九上电学电路图和实物实物图转换专项练习,6,2
九上碱的性质课件,4,2
九上英语,2,2
九上英语单词,10,2
九上英语单词表,11,2
九上语文新教材第3单元第6单元附录诗,6,2
九中,16,2
九中期末,2,2
九中高三上学期开学考,4,2
九十二中学,14,2
九师联盟的开学考,12,2
九师联盟高三,6,2
九年级三角函数,5,2
九年级上册化学第一次月考重庆,11,2
九年级上册开学考试,25,2
九年级上册数学,11,2
九年级上册数学二次函数试卷,17,2
九年级上册数学北师大版,13,2
九年级上册数学期中学情调研卷,146,2
九年级上册数学期末考试,12,2
九年级上册数学第1次月考,8,2
九年级上册数学联合体期中学情调研卷,43,2
九年级上册期中,36,2
九年级上册物理第一章试卷,2,2
九年级上册物理试卷北师大版,3,2
九年级上册第一次月考,11,2
九年级上册第一课时1.2弘扬伟大建党精神,24,2
九年级上册英语单词表,2,2
九年级上册英语单词表最新版,6,2
九年级上册语文2026年新版,10,2
九年级下册锐角三角函数基本内容,3,2
九年级下学期期末,11,2
九年级全一册北师大版物理电路的连接,14,2
九年级化学中考测试卷,10,2
九年级化学人教版导学案,11,2
九年级化学淇滨,8,2
九年级物理,14,2
九年级语文上学期期末考卷（扬州专用） 标签： 精品解析文字版答案,6,2
九年级阅读专项语文 含答题技巧,3,2
九月,2,2
九江市 2025 2026 学年度下学期期末考试,6,2
九龙坡八下期末试卷,12,2
乡土中国 02026 复习资料,13,2
乾县第一中学,7,2
乾县第一中学高三开学摸底考,10,2
二中航天班初升高,7,2
二五至2026学年度高一下学期期末物理试题哈三中,3,2
二十一中,4,2
二十中学,2,2
二南开,9,2
二卷,5,2
二年級下册期末测试卷语文,5,2
二年級期末测试卷数学,11,2
二年级,14,2
二年级上册第二单元测,19,2
二年级奥数,6,2
二年级奥数20讲,3,2
二年级期末数学测试，人教版,25,2
二次 函数 025 一轮专题,4,2
二次函数 等腰三角形,4,2
二次函数 练习题,2,2
二次函数北京版,21,2
二次函数单元测试卷,5,2
二次函数压轴,9,2
二次函数最值问题,15,2
二次根式计算,19,2
二级结论,8,2
二项式定理,15,2
云南2026初中学业水平考试测试卷,3,2
云南2026高考物理,5,2
云南八年级下学期阶段检测,10,2
云南学考,3,2
云南师范大学附属中学（2024-2025上）七年级 期中试卷数学,7,2
云南昆明五华,9,2
云南昆明市2025 2026学年高二下学期7月期末考试物理试题,3,2
云南期末,4,2
云南省东川区物理,10,2
云南省历年高考真题,4,2
云南省昆明市民大附中2027届4月联考英语试卷,3,2
云南省普洱市2025-2026学年高二下学 期期末统测英语试卷,3,2
云南省曲靖市麒麟区,11,2
云南省玉溪市2025~2026下学期七年级生物,6,2
云南西双版纳景洪市八上数学期中考试卷,4,2
云南高一摸底考,7,2
云南高考真题,6,2
云学联盟,10,2
五十七中,20,2
五十中东,2,2
五十中西,5,2
五年級 2026年下册期末语文,10,2
五年級语文 2025年下册,7,2
五年级上册人教版,9,2
五年级上册人教版数学,7,2
五年级上册数学 第1单元 导学案 人教版,10,2
五年级上数学第一单元测试西师版,11,2
五年级下册海南文昌26年,4,2
五年级数学列方程,11,2
五年级数学思维题可打印,11,2
五年级数学题下册,19,2
五年级苏教版平行四边形面积,13,2
五年级语文上册,4,2
五年级语文上册生字预习,12,2
五校,6,2
五校联考,40,2
五育分班考试题,9,2
交通大学附属中学,3,2
人教B版,12,2
人教B版 必修第三册 必修第四册 选择性必修一1.1 综合卷 150分 120分钟,6,2
人教PEP四年级下册英语共15套试卷,10,2
人教a版必修一第一章单元测试广东数学,10,2
人教七上英语期中测试卷,7,2
人教版2019化学必修第1册完整版知识点全册清单,5,2
人教版2024八年级上册英语全套mp3,9,2
人教版七年级下册英语语法单项选择500题（含答案）,5,2
人教版九年级上册语文说明文阅读,14,2
人教版九年级数学 一课一练 基础版,15,2
人教版八年级物理上,6,2
人教版六年级英语阅读理解,6,2
人教版初中英语词形转换,10,2
人教版必修一化学2025版第一章第一节练习题,10,2
人教版物理课本,4,2
人教版直线与圆测试卷,21,2
人教版英语,20,2
人教版选择性必修一英语单词表,7,2
人教版高一物理第一章习题,2,2
人教版，九年级 物理卷,13,2
人民日报时评,4,2
人称代词,4,2
人船模型,2,2
仁寿九上期末卷,18,2
仁爱 八上 单词 表 默写,3,2
仁爱版七年级英语单词表,3,2
仁爱科普版七至九年级英语单词表全六册,5,2
介休一中十月月考试题高二,11,2
从句,27,2
从句混合练习,10,2
仓山,5,2
代数式单元测试,7,2
仪征,16,2
仪征中学,3,2
仪征市实验中学分班考试试卷,5,2
仲元高一期末,6,2
伊犁州2025-2026高一第二学期期末考试卷物理,17,2
伏安法测电阻,2,2
优化探究,9,2
优化探究 2027 英语 一轮 人教版电子版,23,2
优化设计 2026电子版,4,2
会考 20 25年普通高中学业水平考试,2,2
会考 20 26年普通高中学业水平考试,9,2
会考地理,10,2
会考数学,8,2
会考真题数学,11,2
传送带模型习题,12,2
位育中学,6,2
体育 单招 2025英语真题,5,2
体育单招,2,2
体育生单招题,4,2
佛山 022026一模,18,2
佛山市实验学校真题,18,2
佛山市顺德区2026年八年级下册英语期末试卷,12,2
佛山高一生物,8,2
作文句式,17,2
作文素材,20,2
作文纸,8,2
作文范文,12,2
佳木斯,21,2
保定,9,2
保定一中高一上月考,8,2
保定一中高一上期末物理,2,2
保定市高三十月摸底,15,2
信息技术 2025 学业水平测试,9,2
信阳20260807,3,2
信阳信高高一开学考试2024、2025真题,4,2
信阳市高一,7,2
信阳市高二期末调研,7,2
信阳市高级中学2025到2026学年高一上学期开学考试试卷,8,2
倍长中线 八年级专题,4,2
倍长中线压轴题,10,2
倍长中线模型,12,2
倒数,3,2
儋州,4,2
儋州市2025年高一期末学业质量监测题,3,2
儋州市高二期中数学试卷,6,2
儒林外史,2,2
儿童视角,6,2
元素化合物 2025一轮复习,28,2
元调,11,2
光,4,2
光合作用,6,2
光合作用习题,2,2
光学,5,2
光明区,22,2
光电效应,2,2
克州二中,18,2
免费2024,6,2
免费区,9,2
免费课件,4,2
兖州一中,5,2
兖州区期末,56,2
兖州英语六年级下,3,2
入学分班,21,2
入学测,22,2
入学测试初一,12,2
入学考试7年级,9,2
全品作业本,4,2
全品学练考八下物理,3,2
全囯1卷,6,2
全囯1卷2025高考,4,2
全囯二卷2026高考英语,6,2
全国 1 高考卷,2,2
全国1卷2025年高考语文,3,2
全国1卷语文,4,2
全国一卷 语文2026,3,2
全国一卷2026,3,2
全国一卷语文,10,2
全国一轮复习,22,2
全国一轮复习数学,11,2
全国中考数学压轴题分类汇编,8,2
全国初中生数学竞赛,32,2
全国单元练习集合,24,2
全国名校联盟2026届高三联合语文开学摸底考试,5,2
全国重点高中提前招生全真试卷 物理 奥赛王,18,2
全国高中数学竞赛联赛一试A卷,20,2
全国高中数学联赛,13,2
全国高中数学联赛一试二试,36,2
全国高考1卷,7,2
全国高考一卷数学2025,4,2
全国高考卷一卷数学,2,2
全等三角形八大模型,6,2
全等三角形单元测试,12,2
全等三角形的判定,4,2
八上 0古诗理解性默写,5,2
八上 期中西山区,11,2
八上全等三角形几何模型培优,10,2
八上历史 背诵知识点总结,6,2
八上历史0复习背诵知识清单,5,2
八上吉州卷,4,2
八上吉林吉林市第一学期数学期中考试试卷,9,2
八上吉林吉林市第十六中学第一学期数学期中考试试卷,20,2
八上地理2026知识点总结,12,2
八上地理期末考试,10,2
八上地理第一章练习题,4,2
八上宝应期中英语,4,2
八上必背,2,2
八上政治背诵核心知识点,4,2
八上月考卷,12,2
八上期中,3,2
八上物理单元测试,10,2
八上物理声现象合肥,5,2
八上物理月考,25,2
八上物理第一单元专项,6,2
八上物理第一单元检测,4,2
八上物理第二单元检测,5,2
八上现代文阅读理解真题（中考难度),31,2
八上生物期中,3,2
八上第一次月考数学,11,2
八上英语期中冠县,5,2
八上英语期中考试,16,2
八上英语第一次月考长沙,6,2
八上语文期末试卷,11,2
八上道法,6,2
八上道法期中,22,2
八下 期末2026语文,5,2
八下 语文期末测试卷,3,2
八下数学暑假作业,6,2
八下数学期末,82,2
八下数学期末卷子立德,8,2
八下物理期末考试题青岛,10,2
八下物理综合,11,2
八下英语哈尔滨,3,2
八下语文深圳龙华,8,2
八中初中 重庆,3,2
八中期末,4,2
八中福州,16,2
八年級下册物理 2025 2026年期末考试,4,2
八年级 上册01 古诗文汇总,13,2
八年级 上册01 古诗文背诵专题理解性默写习题,5,2
八年级 物理期末测试,2,2
八年级上册人教版物理,5,2
八年级上册全等三角形,11,2
八年级上册数学广东,24,2
八年级上册数学月考数学月考,29,2
八年级上册数学期中,6,2
八年级上册物理期中,10,2
八年级上册物理沪科版,3,2
八年级上册语文期末试卷,14,2
八年级上册通许县 数学,9,2
八年级下册2025到2026英语期末考试试卷山东省兰陵县蒙阴县答案答案答案答案,9,2
八年级下册2025年期末物理卷子唐河县,17,2
八年级下册2026年湖南真卷数学,9,2
八年级下册人教版数学期末考试卷,8,2
八年级下册北师大版数学书,9,2
八年级下册数学期末试卷免费,22,2
八年级下册数学试卷2单元平面直角坐标系,3,2
八年级下册物理期末试卷,4,2
八年级下学期期末数学,13,2
八年级下学期英语新郑,7,2
八年级下学期阶段检测,4,2
八年级入学考试,11,2
八年级几何复习专题,8,2
八年级数学 期末测试卷,14,2
八年级数学 期末测试卷焦作,7,2
八年级数学上册核心素养问答,9,2
八年级数学上册第一单元,5,2
八年级期末英语,5,2
八年级物理人教版山西,9,2
八年级物理卷子,3,2
八年级白银市2025至2026统考试卷英语,6,2
八年级第一学期期中考试试卷语文,9,2
八年级第一次月考,2,2
八年级英语单词背诵及默写单 上册 人教版,2,2
八年级英语语法,7,2
八月,27,2
八月摸底考,27,2
六上 2026新教材,2,2
六升七分班考试卷,4,2
六安一中,8,2
六安第一中学,3,2
六年级 奥数测试卷,9,2
六年级上册,9,2
六年级上册人教版数学期中测试卷,28,2
六年级上册数学期中 卷,5,2
六年级上册数学第三单元,7,2
六年级上册语文,2,2
六年级上学期期中,49,2
六年级上英语卷子，第1单元,14,2
六年级下册数学期末试卷,29,2
六年级下册知识点汇总,5,2
六年级下册语文期末卷,9,2
六年级下学期升学模考,30,2
六年级下学期期末,3,2
六年级升初中计算题,3,2
六年级奥数,9,2
六年级数学第二学期期末考试卷,3,2
六年级期末试卷,7,2
六年级毕业考试卷数学,7,2
六年级计算专项训练,35,2
六校联考开学考,12,2
兰州一中,12,2
兰州中考物理,9,2
兰州大学附属中学2024,6,2
兰州市北师大版物理九上期末试卷,16,2
兰州树人中学,3,2
兰溪市实验,4,2
兰生复旦,15,2
兰考县联考,6,2
兰陵县九年级上册数学，试卷期中,6,2
共点力平衡,15,2
关于二次函数的真题卷,18,2
兴义八中,5,2
兴义八中高素班试卷,21,2
兴化中学高一开学考,2,2
兴城市,2,2
兴隆台区六上数学期末真题,16,2
兵团二中,5,2
冀教版,10,2
冀教版八年级下册英语期末,17,2
内乡四小二年级上期中巩固与练习,5,2
内江六中试卷,7,2
内江天立八年级下册,8,2
内江市2025‑2026学年高一下学期期末检测数学试题,5,2
内江市高2024 2025二上学期物理期末统考试题,18,2
内环境的稳态,10,2
内能与热机,27,2
内蒙古,8,2
内蒙古2026高考卷子,9,2
内蒙古专用,9,2
内蒙古呼伦贝尔市莫力达瓦自治旗,9,2
内蒙古呼和浩特市2026届高三一模语文试题,3,2
内蒙古学考,4,2
内蒙古巴彦淖尔市2025-2026高二语文,3,2
内蒙古红旗中学,8,2
农安县实验中学,6,2
冠县2025二年级上册数学期中,3,2
凉山州2025 2026年下学期未试卷,28,2
凉山洲2023_2024学年度下期期末检测试卷,19,2
减数分裂和受精作用,4,2
减数分裂异常情况分析,4,2
几何,6,2
几何光学考察全反射解答题,14,2
几何思维锻炼,2,2
几何模型与辅助线,9,2
凤凰县,18,2
凤台一中2025到2026学年上学期开学考试卷,4,2
凯里一中,3,2
凯里一中黄金,15,2
凸透镜成像,7,2
出师表,3,2
函数 0 1 高考复习专题,3,2
函数 单调性9种常见题型,7,2
函数与基本初等函数,5,2
函数专项,5,2
函数专项练,5,2
函数专题 2026届高三一轮复习,10,2
函数专题卷人教,4,2
函数专题卷基础,12,2
函数专题训练,3,2
函数值域,11,2
函数周期性 对称性,10,2
函数奇偶性,5,2
函数定义域和值域专题,6,2
函数对称性,2,2
函数对称性周期性,3,2
函数概念,5,2
函数的对称性与周期性,7,2
函数综合,7,2
函数高一,4,2
函数高考一轮复习,14,2
分式,15,2
分式函数求值域,3,2
分数加减法,7,2
分数简便运算,8,2
分段函数10种常考题型总结一轮复习,10,2
分段函数含参,6,2
分班模拟卷,14,2
分班测 七年级入学,5,2
分班测试,3,2
分班考 初一入学分班考，椒江,12,2
分班考初一数学,10,2
分班考初一语文,19,2
分班考卷子,19,2
创新教程高考生物总复习大一轮讲义人教版,24,2
创新班,3,2
初 高 衔接2026数学巨野县,6,2
初一,15,2
初一上数学,6,2
初一入学考试试卷,3,2
初一全年总复习语文卷,15,2
初一分班,3,2
初一成都七中期末,4,2
初一数学,17,2
初一数学上册北师版整式及其加减,5,2
初一数学期末试卷,11,2
初一数学竞赛初赛试题,6,2
初一英语短语人教版,9,2
初一西安重点中学期末考试,14,2
初一试卷,6,2
初三,130,2
初三 中考备考,28,2
初三 竞赛 浙江 数学,5,2
初三上册数学,6,2
初三上塘中学数学第一次月考厦门,3,2
初三北师大版第一单元试题,16,2
初三物理,3,2
初三电学,8,2
初中 化学01 一轮复习人教版核心记背资料带图题核心必背,5,2
初中三角函数,7,2
初中二次函数专项练习题,10,2
初中八大时态练习题,16,2
初中函数专题,3,2
初中函数知识点,17,2
初中分班考试,12,2
初中化学,5,2
初中地理经纬网大题,3,2
初中必刷题数学,15,2
初中数学,3,2
初中物理八年级上册讲义,15,2
初中物理竞赛,13,2
初中电学,4,2
初中英语作文,9,2
初中语文文言文每日一篇课外,10,2
初中语文比喻,7,2
初中语文选择题专项,35,2
初二 023 21 上学期 半期 考 数学,2,2
初二 数学 2025 2026八年级下册期末,9,2
初二下学期数学,27,2
初二下学期菱形四边形专项训练,6,2
初二开学考,7,2
初二数学,9,2
初二数学上册第一单元试题,8,2
初二物理期末南通,3,2
初升 高数学 衔接2026,6,2
初升高分班考试,18,2
初升高物理暑假衔接每日一练,4,2
初赛,2,2
初高中衔接直通车道德与法治,11,2
初高衔接,7,2
力与运动,6,2
力学综合题,10,2
劝 学,5,2
功率,6,2
加速度的理解和计算,5,2
动力学中的热点问题与模型,6,2
动态三角形,12,2
动态电路分析与计算,8,2
动态电路计算,4,2
动画片,2,2
动能,5,2
动角问题,3,2
动量 守恒定律15种模型大题,5,2
动量定理 动量守恒定律,7,2
动量类模型,6,2
匀速直线运动,3,2
包头八上英语,21,2
包头自主,5,2
包河区,6,2
化 学,6,2
化合价,14,2
化合价配比,5,2
化学2025真题卷,3,2
化学2026高考真题一卷,3,2
化学一轮复习单元卷金属及其化合物,13,2
化学专题,33,2
化学专题复习,2,2
化学九上,16,2
化学九上期末,19,2
化学元素化合物,8,2
化学元素及其化合物,9,2
化学初三上学期,2,2
化学卷有机专题人教版,4,2
化学原电池电解池,5,2
化学反应与电能,8,2
化学反应原理综合,5,2
化学反应的热效应,7,2
化学反应速率与化学平衡,11,2
化学实验大题专题,13,2
化学实验的常用仪器和基本操作,5,2
化学导学案,25,2
化学平衡图像,17,2
化学平衡大题专题,10,2
化学平衡常数及其相关计算高二,3,2
化学平衡有关计算,4,2
化学式,3,2
化学必修一第一次月考卷长沙,3,2
化学必修二学习资料,4,2
化学方程式配平,5,2
化学月考,13,2
化学有机2026高三专题,10,2
化学有机合成与推断,14,2
化学有机大题,4,2
化学期中考试九年级上册,3,2
化学期末,24,2
化学期末考试,17,2
化学水溶液离子平衡有关计算,5,2
化学溶液平衡选择题,9,2
化学物质的分类和转化,5,2
化学生物大分子思维导图,6,2
化学竞赛,13,2
化学竞赛初赛试题,10,2
化学第1单元走进化学世界,4,2
化学第一单元测试,7,2
化学第二单元,15,2
化学选择性必修三,10,2
化学速率平衡,5,2
化学遵义一模高考卷,5,2
化学金属,2,2
化学高一下期末,17,2
化学高一下期末必修二,9,2
化学高一试卷下,4,2
化学高三开学考,5,2
化学高考,5,2
化学高考卷福建,3,2
化学高考真题,4,2
化州市,16,2
化州市第一中学,6,2
北京 中考,13,2
北京2021海淀高考一模语文,4,2
北京26年生物,18,2
北京一零一中学,14,2
北京中考题,2,2
北京丰台区初三数学资料,8,2
北京二中教育集团,5,2
北京人大附中,4,2
北京八下期末地理,6,2
北京八中高一分班考,6,2
北京初中一轮复习,10,2
北京十一学校,4,2
北京卷2026数学,2,2
北京地区初三数学资料,13,2
北京大学,2,2
北京大学强基计划,8,2
北京大学附属中学,9,2
北京市2024中考,2,2
北京市人民大学附属中学,2,2
北京市十一学校,4,2
北京市房山区高二下期末2025到2026政治,8,2
北京市朝阳区2023~2024学年高二下学期期末考试物理试卷,8,2
北京市朝阳区2025-2026学期高一上期末试卷生物,7,2
北京市第二中学,5,2
北京市第二中学航班,4,2
北京市第五中学,6,2
北京市第五十四中学,5,2
北京市第四中学2025-2026学年高 一第二学期期中考试物理试题,3,2
北京市西城区2025到2026学年度高一下学期英语期末考试,3,2
北京房山高一数学下人教版B,14,2
北京新高一分班考试卷,3,2
北京朝阳,15,2
北京期末,14,2
北京汇文中学,16,2
北京海淀2025年高一数学秋季月考,2,2
北京海淀区,24,2
北京生物,16,2
北京生物高二开学分班考试,20,2
北京石景山生物高二,5,2
北京第十三中学,6,2
北京第十二中学开学考,6,2
北京股份有限公司,8,2
北京通州26高一期末,14,2
北京顺义牛栏山一中高二期末,17,2
北京首师大附中高一开学考,18,2
北京高一分班考试卷,17,2
北京高二上学期期中考试丰台,3,2
北京高二上数学期末,9,2
北京鲁迅中学2025-2026下学期高一地理期末,3,2
北仑中学2026年校考强基班冲刺真题,15,2
北大附中,10,2
北师大8年级上册第一章测试卷,8,2
北师大一次函数复习,11,2
北师大二年级下册数学综合应用题,4,2
北师大二附中,2,2
北师大庆阳实验学校新高一分班考试题,9,2
北师大数学三上,3,2
北师大版 02023 2024 八上 数学 听课,2,2
北师大版四年级上册数学一课一练,8,2
北师大版数学基础模块上册一课一练第45练 诱导公式,17,2
北斗星盟,7,2
北辛中学,28,2
北镇中学高一月考数学,2,2
北雅中学,5,2
区域地理,6,2
十一,11,2
十一中,3,2
十中,4,2
十五从军征,3,2
十堰市张湾区东风高中分班考,6,2
十堰张湾区2026六下,10,2
升学分班考,43,2
半角 模型八年级半角模型专题,10,2
华一高,2,2
华东师大版数学七年级上册第一章测试卷,10,2
华东师范大学附属张江实验中学26年英语期末考卷,16,2
华中师范大一附中，2026夏季高三,17,2
华中师范大学第一附属中学2025-2026高二上数学期中,4,2
华中师范大学附属息县高级中学,10,2
华二,6,2
华侨中学,10,2
华侨港澳台,10,2
华南师大附中高三,22,2
华南师范大学附属潮州学校,12,2
华山中学,11,2
华师一附中自主招生考试试卷,16,2
华新实验中学八上语文,3,2
华罗庚,6,2
华辰,4,2
协作校,5,2
单 词背默,4,2
单元 测试卷,14,2
单元卷子,30,2
单县,30,2
单县一中,4,2
单招 数学,11,2
单招体育,5,2
单词 表,2,2
单词拼写-根据汉语及首字母提示填单词,3,2
单词默写,11,2
单调性的定义与证明,2,2
南京0模,26,2
南京一中数学,14,2
南京八下联合体,4,2
南京初中分班考,3,2
南京外国语学校,12,2
南京大学,7,2
南京大学附属中学2025 2026学年高一下学期期末考试英语试题,12,2
南京市2026高三 零模,22,2
南京市26届高三摸底考试,7,2
南京市初一分班,6,2
南京市扬子中学,15,2
南京市期中,9,2
南京市盐城市2025-2026高三上期末英语,6,2
南京市盐城市2026届高三年级第一次模拟考试英语试题,11,2
南京市金陵汇文学校八年级上月考,5,2
南京市零模2026届高三年级物理,7,2
南京市鼓楼区2025-2026学年八年级下学期期末物理试题 苏科版,16,2
南京市鼓楼区2025到2026学年八年级下册期末物理试卷真题,5,2
南京师范大学附属中学高中,3,2
南京建邺区新城初中分班,2,2
南京求真中学七上,4,2
南京英语高二,3,2
南京雨花台区六年级期末试卷,20,2
南京雨花外国语小学,7,2
南充中考数学,5,2
南充嘉陵南高,14,2
南充市2025到2026数学期末考试卷,12,2
南充市高级中学2025年高一上册数学月考试卷一,15,2
南充高中,10,2
南充高中入学考试题,3,2
南外河西小升初,5,2
南大附中,11,2
南宁三中,25,2
南宁三中2025~2026学年度上学期高一月考一数学试题,10,2
南宁二中,10,2
南宁二中2025-2026学年度上学期高一10月月考 英语,2,2
南宁市14中小升初分班考,5,2
南宁市第三中学,5,2
南宁市第三中学试卷,20,2
南宁市第二中学,13,2
南安鹏峰中学,3,2
南山外国语,22,2
南师附中,12,2
南师附中高一,9,2
南平,19,2
南平一中自主招生,15,2
南康中学开学考试卷,18,2
南开 重庆,8,2
南开中学重庆入学,13,2
南开二模,4,2
南开区,10,2
南开区高二上学期期末化学,7,2
南开区高二上学期期末政治,40,2
南开区高二上期中,27,2
南开区高二下期末生物,3,2
南昌一模英语,8,2
南昌二中2024 2025高一下期末考试,4,2
南昌外国语保送考试全科真题试卷,35,2
南昌市2024‑2025学年上学期七年级数学期末考试,31,2
南昌市2026届高三年级测试,11,2
南昌市外国语,34,2
南汇中学,6,2
南渝中学,9,2
南菁,11,2
南通 2026 中考,3,2
南通2025年高二上学期期中数学,21,2
南通2025高二上学期 期中数学,8,2
南通中学2025 2026学年高一上学期,37,2
南通中学2025-2026学年第二学期高一阶段,5,2
南通初三上物理期中考,3,2
南通如皋期初,2,2
南通崇川物理 高一期末试卷,4,2
南通市八上期中物理期中试卷,13,2
南通市通州区平潮高级中学,5,2
南通高一上学期数学月考,5,2
南通高三期初,30,2
南门,2,2
南阳,19,2
南阳一中,3,2
南阳九师联盟,7,2
南阳六校联考高三第一次月考,17,2
南阳卧龙区七年级第一次月考,4,2
南阳市八年级下册语文,15,2
南阳市十九中,2,2
南阳市油田市七年级下册2024数学试卷,5,2
南阳市西峡县，小升初历年真题,21,2
南阳市高一期末物理2026,4,2
南雅中学,2,2
南雅中学高一上学期入学考试,12,2
南雅中学高三试卷,3,2
南雅星沙,4,2
南高冬令营,5,2
博山实验中学,3,2
博罗县初中试卷,13,2
博雅学校,3,2
卤素,2,2
即墨八上数学期中试卷,5,2
卷子,2,2
历下区,8,2
历下区八年级下学期数学,5,2
历下区期中,9,2
历史 0 一轮复习,13,2
历史九上天津,11,2
历史合格考,23,2
历史地图题专项,11,2
历史漫画选择题,6,2
历史辛亥革命,2,2
历史辛亥革命默写纸,8,2
历史选择题专项,12,2
历史高考,5,2
历史高考真题,7,2
历城一中,14,2
历城二中 2026 2027学年数学综合测试卷,6,2
历城二中2025 2026综合测试卷1,7,2
历城二中2025 2026综合测试卷1英语,5,2
历年山东卷高考物理热学,4,2
压轴,3,2
压轴 题,28,2
原电池和电解池专题,4,2
原电池电解池,8,2
厦门 02 026 5月质检,2,2
厦门 高一期末数学复数,3,2
厦门一中高一,5,2
厦门一中高一上市质检,3,2
厦门一中高一上期末数学,4,2
厦门一中高一下期末数学,3,2
厦门五年级上册数学期末卷,4,2
厦门六中高一入学考,9,2
厦门双十中学开学考,6,2
厦门双十中学高三上开学物理,6,2
厦门双十八年级上册,9,2
厦门外国语,6,2
厦门大学附属实验中学九年级月考卷,6,2
厦门大学附属科技中学九年级月考卷,3,2
厦门市2025届高中毕业班第二次质量检测,2,2
厦门市海沧区,28,2
厦门市第一中学,13,2
厦门市集美中学 高一期中考卷,20,2
厦门湖滨中学高一入学考,5,2
双棒模型,6,2
双流区七年级上期中期末数学试卷,15,2
双线桥单线桥,3,2
双语报,2,2
反比例 025 一轮 专题 习题,12,2
反比例函数初中,7,2
发酵工程,14,2
变质量问题,6,2
古冶区物理,3,2
古诗 词202 6届一轮复习古诗词专题练习,4,2
古诗文,3,2
古诗文背诵,6,2
句容市实验高级中学,11,2
可克达拉市镇江高级中学高一地理,20,2
台商投资区,15,2
台州,30,2
台州2025 2026第二学期,17,2
台湾中考,10,2
台湾中考道法,2,2
台湾阶段检测,5,2
叶县高级中学,3,2
各省地理高考卷,17,2
合挌考山东,2,2
合格 考2025年 合格考真题,6,2
合格性考试,15,2
合格性考试高三，数学重庆,7,2
合格考真题分类汇编,66,2
合肥 0 202 6一模,44,2
合肥 二模 2026,5,2
合肥168 2026高一期末,7,2
合肥168九上数学第一次月考卷子,4,2
合肥38中期中数学试卷答案,3,2
合肥一中24~25学年期末试卷物理高二,3,2
合肥一中物理,9,2
合肥一中生物,15,2
合肥一中高一上学期月考,9,2
合肥一模,27,2
合肥六中2024 2025学年下学期高一期末,3,2
合肥六校联考高一上2025届期中,5,2
合肥化学,3,2
合肥学业水平测试试卷25,5,2
合肥市45中2025至2026学年七年级第二学期期末考试英语,3,2
合肥市第八中学,6,2
合肥市第四十五中学八年级上册英语去年期中考试,4,2
合肥物理,3,2
合集,13,2
吉安一中,6,2
吉林best,11,2
吉林专用,11,2
吉林九年级上学期阶段检测,31,2
吉林四平市第一高级中学2025-2026年度上学期第一次月考高一物理,3,2
吉林市普通中学2024—2025学年度高中毕业年级第一次模拟测试（高三一模）,3,2
吉林市高三化学第一次调研,6,2
吉林油田高级中学,22,2
吉林油田高级中学2026第二学期期末考试高一生物试卷,2,2
吉林省BEST合作体,25,2
吉林省G35,20,2
吉林省吉林市八年级物理期中考试卷,17,2
吉林省高二上第一次月考试卷,6,2
吉林语文高考真题,3,2
同步,11,2
同步一课一练,6,2
同步练习册,13,2
同济大学第一附属中学,6,2
名师导学,8,2
名师测控,20,2
名师测控九年级上册数学,2,2
名校,4,2
名校 联盟,7,2
名校协作体,10,2
名校协作体开学考浙江,24,2
名校联盟物理高二上学期辽宁省大连市月考,10,2
名校调研系列卷八年级物理期末小综合,16,2
向量复习,10,2
听力 100篇,5,2
听力 100篇 音频,11,2
启东七年级蝶湖中学月考,8,2
启东中学高一上第一次月考,10,2
启秀中学,7,2
吴兴区,4,2
吴桥中学,2,2
吴淞中学,4,2
周周清,7,2
周周清八上科学光学,7,2
周周练,11,2
周浦中学,10,2
周练,28,2
呼和浩特八上月考,13,2
和田地区二中,7,2
和田地区皮山县,10,2
咸水沽一中,10,2
咸水沽第一中学,11,2
咸阳九年级开学考,11,2
咸阳启迪中学,9,2
咸阳市八年级下物理期末试卷,14,2
咸阳市实验中学高二,10,2
咸阳秦都区,3,2
咸阳秦都区期末,12,2
哈三中2025 2026学年度下学期高二学年期末考试语文试卷,4,2
哈三中2025 2026年度下学期高二期末考试,3,2
哈三中语文,6,2
哈三中高一上,5,2
哈三中高一上数学期中,2,2
哈三中高一上期中,18,2
哈九中2025 2026学年度下学期高二学年期末考试语文试卷,2,2
哈九中9月月考,16,2
哈六中,6,2
哈尔滨 47 中,9,2
哈尔滨九中,8,2
哈尔滨六校联考卷,15,2
哈尔滨市九年级上9月份 月考数学卷,3,2
哈尔滨市哈三中高二静电力试卷,2,2
哈尔滨市第七十三中学,9,2
哈尔滨市第三中学高一历史月考,4,2
哈尔滨师大附中,17,2
哈尔滨师大附中2025 2026高一期末化学,11,2
哈尔滨师范大学附属中学高二期末考试语文试题,5,2
哈尔滨师范大学高二物理,2,2
哈尔滨德强,2,2
哈尔滨德强中学,6,2
哈尔滨方正,4,2
哈尔滨第一中学,4,2
哈尔滨第九中学高三9月份,6,2
哈尔滨第六中学生物,2,2
哈尔滨高一下英语,5,2
哈师大青冈实验中学,12,2
响肠,13,2
哲理中学七年级上,5,2
唐山22-23十县联考高二上物理期中卷,9,2
唐山25开学考,2,2
唐山中考英语,7,2
唐山市,2,2
唐山市2024 2025学年高三上学期开学摸底演练,9,2
唐山市玉田九上语文期中试卷,12,2
唐山市路南,7,2
唐山市高新区六年级上册数学期中,3,2
唐山模拟,18,2
唐山高一期末化学,26,2
唐山高三开学摸底考试,23,2
唐山高三开学考,8,2
唐河,18,2
唐河县，小生初,19,2
商丘博雅,12,2
商丘市一高分班考试卷,7,2
商城,5,2
商城 高一入学考试,5,2
商城县,21,2
喀什二中,12,2
喀什二中2026年高一下学期期末数学试卷原卷,8,2
喀什英吉沙、莎车、喀什二中今年高二期末真题,8,2
嘉兴市2024到2025学年第二学期期末测试卷,15,2
嘉兴市2025 2026学年第二学期期末检测高二物理试题卷,4,2
嘉兴市2026年高三教学测试英语试卷,2,2
嘉祥一中高一第一次月考,7,2
嘉祥祥城,11,2
四上期末数学试卷瑞安,4,2
四上期末语文试卷十堰,29,2
四中,4,2
四十三中学,18,2
四十中,3,2
四川,27,2
四川2026年期末试卷,2,2
四川七年级2026年期末试卷,5,2
四川七年级入学摸底数学,6,2
四川乐山市第二中学2024级,9,2
四川乐山高一化学期末2026春,5,2
四川内江,5,2
四川南充,3,2
四川合格考,12,2
四川合格考日语,10,2
四川大数据智学领航联盟2025 2026学年高三 秋季入学摸底考试,4,2
四川大数据智学领航联盟2025—2026学年高三 秋季入学摸底考试,30,2
四川字节精准教育联盟2026高二日语,8,2
四川巴中2026一模数学,5,2
四川德阳,7,2
四川成都数学中考,14,2
四川攀枝花地理会考卷子高中,8,2
四川泸州市2025-2026学年五年级下学期期末学情调研数学试题,3,2
四川物理八年级期末,5,2
四川省内江市八上期中数学,5,2
四川省南充市2026年中考数学模拟卷中考拐点,15,2
四川省宜宾市二五届高一下期末卷,14,2
四川省宜宾市，2026初二下学期期末试卷,12,2
四川省巴中中学高一,14,2
四川省巴中市恩阳区恩阳中学的初一分班卷子。,4,2
四川省广元市外国语学校开学考,15,2
四川省广元市宝轮中学开学入学考试,3,2
四川省广元市高一开学入学考试,17,2
四川省开学考,13,2
四川省成都市2025到2026高一下化学期末,3,2
四川省成都市七中高中,6,2
四川省成都市第七中学招生考试,4,2
四川省成都市第七中学高一下学期期末考试高途优卷英语,4,2
四川省普通高校对口招生统一考试数学试题,4,2
四川省泸州市合江县 合江中学,13,2
四川省绵阳市2025届高三高考考前适应性检测语文试题,4,2
四川省达州中学,6,2
四川省达州市开江县高一生物会考试卷,51,2
四川省高一下,7,2
四川绵阳,14,2
四川语文高考真题,3,2
四川阶段检测,12,2
四川高考真题,8,2
四平一中,8,2
四年级 奥数测试,9,2
四年级上册数学,7,2
四年级上册数学期末湖南郴州,28,2
四年级下册期末英语,6,2
四年级下册期末语文,6,2
四年级下册英语陕旅版期末试卷,13,2
四年级下册语文期末,16,2
四年级下学期升学模考,4,2
四年级专项练习,2,2
四年级人教版上饶,4,2
四年级数学上册大数认识,6,2
四年级数学下册方程应用题,4,2
四年级数学题,12,2
四年级英语上册,12,2
四年级英语广州,6,2
四年级语文下册阅读练习,15,2
四要素,7,2
四边形几何证明专练,22,2
因式分解 100道,13,2
因式分解100道练习题,2,2
固原一中,11,2
固原市弘文中学小升初分班考试题,8,2
固始高级中学,10,2
图形面积综合问题小升初,5,2
圆专题,3,2
圆创联盟数学起点,6,2
圆创联盟起点,18,2
圆创联盟高三数学试卷,12,2
圆初三常考题型,8,2
圆锥 025 专题 大题,5,2
圆锥 曲线 专题2026 复习大题 压轴,10,2
圆锥曲线 大题,17,2
圆锥曲线专题练,32,2
圆锥曲线中焦半径、焦点弦公式的应用,9,2
圆锥曲线二级结论,11,2
圆锥曲线切线问题,4,2
圆锥曲线大题专项,6,2
圆锥曲线测试,4,2
圆锥曲线测试卷,8,2
圆锥曲线的方程,11,2
在2024年中考一轮复习考点,8,2
地球的自转,3,2
地球的自转及其地理意义,18,2
地球运动,10,2
地理 01 一轮复习高考经纬网,9,2
地理专题复习知识点,7,2
地理中考2025真题,13,2
地理中考真题,2,2
地理位置,8,2
地理常见天气系统,16,2
地理常见天气系统习题,2,2
地理必修一卷子新疆,4,2
地理必修一必修二广东深圳,4,2
地理真题,9,2
地理等高线选择小题,6,2
地理选择性必修1,9,2
地理高考卷,3,2
地理默写小纸条,14,2
地生中考,7,2
均匀带电圆弧 圆心场强叠加,7,2
城固县高一期末第一中学,3,2
城阳区,9,2
培优卷期末真题重组卷（四）,3,2
培优小状元八年级下语文,10,2
培优讲义,8,2
基因 工程2026专题复习,4,2
基因在染色体上,2,2
基因工程 026 专项 大题,17,2
基因工程大题专练,6,2
基本 不等式12种题型及解析一轮复习,3,2
基本 不等式一轮复习,5,2
基本不等式17种,3,2
基本不等式竞赛,10,2
基础,4,2
基础卷,4,2
基础情景练,23,2
基础题,6,2
声音和沪粤版,3,2
复兴中学,3,2
复数 023 专题 一一 轮 复习,9,2
复旦中学,4,2
复旦大学强基计划,3,2
外国语,9,2
外国语学校,6,2
外接球，内切球问题,4,2
外研版 1必修一 单词默写,9,2
外研版八上英语,12,2
外研版八年级上册单词默写,3,2
外研版四上练习,10,2
外研版小学五年级英语题,24,2
外研版英语七年级上册2024新,4,2
外研社8年级上册英语单词默写本英译汉2026秋季,2,2
外研社九年级,10,2
多次碰撞问题,8,2
多边形的面积,15,2
大东区九上数学,4,2
大丰南阳中学分班考试卷,7,2
大兴 七年级下英语试卷,7,2
大兴区语文高一下期末,4,2
大冶市2026,9,2
大同一中分班考,3,2
大学数学,6,2
大庆实验,2,2
大庆实验中学2025高一上学期期中,2,2
大庆实验中学实验一部2023级高一,13,2
大庆实验中学高二下6月物理,4,2
大庆市实验中学高一上第一次月考语文试卷,9,2
大庆市第十六中学等升学模拟大考卷一,3,2
大庆市铁人中学,16,2
大庆铁人中学2024级高二年级下学期期末考试,5,2
大庆铁人中学2024级高二年级下学期期末考试数学2026.07,4,2
大庆铁人中学高一上语文,11,2
大数的认识,9,2
大梦杯福建省初中数学竞赛,4,2
大气运动中心,4,2
大湾区二模,6,2
大湾区期末,19,2
大理州2024 2025学年度下学期期末考数学,7,2
大石桥六上数学,4,2
大荔县高二上期末考试,76,2
大荔县高二上第三次月考考试,15,2
大连23中2026期末考试物理,4,2
大连24中高一下期末,7,2
大连中山区第九中学,11,2
大连九年级物理,3,2
大连二十四中学,4,2
大连八中,8,2
大连市滨城高中联盟,5,2
大连市第24中学,4,2
大连市第八中学,3,2
大连市育明高级中学,6,2
大连第二十四中学,8,2
大通县第二中学,7,2
大靖初级中学七年级下册数学试卷,5,2
天 一大联考安徽高三,2,2
天一中学高一,21,2
天一大联考2025－2026高三上9月开学考试,5,2
天一大联考高三上开学考,3,2
天体运动 10大题型,4,2
天利38套,9,2
天利38套 2027,17,2
天域联盟,11,2
天壹,26,2
天水一中入学考试真题,7,2
天水九中,4,2
天水市一中双十班选拔性考试试卷,2,2
天水市九中,4,2
天水市第二中学,16,2
天水市逸夫实验中学,10,2
天津2026历史中考,10,2
天津2026地生会考,8,2
天津一中月考,3,2
天津一中高一,3,2
天津一中高一期中数学,10,2
天津中考数学,9,2
天津九年级化学试卷,7,2
天津五区县联考,19,2
天津五校联考高二语文,8,2
天津南开中学高三,13,2
天津卷,11,2
天津卷高考数学真题,7,2
天津各区八年级语文期末真题,19,2
天津和平区,6,2
天津外国语大学附属外国语学校,21,2
天津外国语大学附属外国语学校 七年级上 数学 期末试卷,3,2
天津市,20,2
天津市2021-2022部分区高二上期中物理试卷,4,2
天津市2026年高一部分区期末联考,4,2
天津市2026年高一部分区期末联考语文,3,2
天津市25年数学高考卷子,11,2
天津市七年级下学期期末历史试题,74,2
天津市南开中学,11,2
天津市南开区2026年生物高二期末,4,2
天津市南开翔宇,6,2
天津市河北区2024-2025学年七年级下学期期末道德与法治试题,5,2
天津市耀华中学,5,2
天津市西青区,8,2
天津市西青区2025-2026学年度第二学期数学期末考试,8,2
天津市部分区2024-2025学年度高二第一学期期中物理,9,2
天津市部分区2024-2025高二下期末,21,2
天津市部分区一模,16,2
天津市部分区三年级英语试卷2025-2026,20,2
天津市部分区八年级上册语文,4,2
天津市部分区八年级第一学期期中考试物理2026,3,2
天津政治必修一,4,2
天津泰达一中考试小卷,8,2
天津滨海新区高一期中,6,2
天津经济技术开发区第一中学,10,2
天津耀华中学高一月考,3,2
天津语文高考文言文默写,3,2
天津部分区2024-2025学年度第二学期期末练习,8,2
天津部分区2025 2026期末,11,2
天津高一上学期阶段检测,77,2
天津高一下学期期末数学期末,5,2
天津高考真题数学,3,2
天津高考语文真题,6,2
天省实验学校八上月考卷,4,2
天长中学高一开学考,4,2
天门市2025四下数学期末测试卷,5,2
太原2025 2026高一下学期期末数学考试,12,2
太原五中,5,2
太原小升初分班考,18,2
太原小升初分班考12中,5,2
太原市2026数学中考二模,10,2
太原新希望招生试卷2025,12,2
太平村中学,8,2
太湖中学,15,2
奉节中学,3,2
奉贤,8,2
奋进新征程,13,2
奥数5年级,12,2
奥数6年级,5,2
奥林匹克数学竞赛决赛,4,2
奥林匹克数学竞赛高中,7,2
如东七年级上册数学期中试卷,10,2
如皋中学,13,2
如皋初级中学,8,2
姜堰,14,2
威宁县,9,2
威海高二期末生物下学期,3,2
娄江历年真题,6,2
婺源县三年级上册期中卷子,17,2
孝感,8,2
孝感二模,8,2
孝感高中上学期开学考生物,3,2
孝感高级中学分班考试,2,2
孝感高级中学高一数学,16,2
孝昌县第一初级中学,7,2
孝高分班考试,5,2
孟德尔遗传定律,7,2
孟德尔遗传定律与概率计算,3,2
学业水平,9,2
学业水平考试,5,2
学习笔记,2,2
学军中学周末练,34,2
学军开学考,3,2
学初考式,44,2
学情自测,5,2
学案,25,2
学海风暴,13,2
学海风暴 2026江西,17,2
学科网,3,2
学练优,4,2
学练优2026,9,2
学练测（人教版数学）九年级上下册25年版电子书,4,2
学霸4星七下苏科版数学,4,2
宁乡期末,16,2
宁夏,14,2
宁夏六盘山高级中学,6,2
宁夏六盘高级中学2025－2026上学期数学,5,2
宁夏同心县七年级下册期末卷,3,2
宁夏育才中学,6,2
宁夏贺兰县八年级物理卷子,11,2
宁夏银川北塔中学2025到2026学年，第二学期期末语文测试卷,7,2
宁德2025——2026学年第二学期高一年级期末考试,3,2
宁晋中学,10,2
宁波九校联考,26,2
宁波九校联考英语高二,2,2
宁波九校高一下数学,7,2
宁波二模,3,2
宁波八下期末,10,2
宁波八下期末英语卷,6,2
宁波市2024学年期末九校联考高二物理,9,2
宁波市2025 2026,31,2
宁波市2025学年第二学期期末九校联考,12,2
宁波市2025学年第二学期期末九校联考高二英语试题,6,2
宁波市2025第二学期期末九校联考高二英语,3,2
宁波市镇海中学,5,2
宁波慈溪市高二下册历史学科,7,2
宁波新初一分班考,11,2
宁波海曙外国语,13,2
宁波第七中学,3,2
宁波镇海中学,18,2
宁波高二期末,6,2
安乡县2025年下学期七年级上册语文期中监测试卷,9,2
安师大附中,6,2
安平志臻,2,2
安平志臻高三学案,7,2
安庆一中月考,10,2
安康市2024,7,2
安徽 0 2025 中考 试卷 数学,2,2
安徽 0 2025 中考试卷语文,4,2
安徽 02026高考试卷 数学,5,2
安徽 2026高考 物理卷,2,2
安徽 A 10联盟,10,2
安徽2025年高考物理真题,3,2
安徽入学测试 高一,4,2
安徽八年级上学期期中,3,2
安徽六校教育研究会2026届高三年级入学素质测试,12,2
安徽六校教育高一入学,6,2
安徽六校联考入学考试,18,2
安徽合格考历年真题,7,2
安徽合肥市多校联考2026年春季学期期中考试高二年级英语试卷,4,2
安徽合肥市第一中学2025‑2026学年度第二学期期末教学质量监测高一物理试题,3,2
安徽开学考,15,2
安徽期中,7,2
安徽江南十校,33,2
安徽淮北,18,2
安徽物理必修三试卷第一章,7,2
安徽省2026年中考数学试卷,5,2
安徽省A10联盟,26,2
安徽省六安市霍邱县,14,2
安徽省六校教育研究会,11,2
安徽省六校联考,13,2
安徽省合肥市第一中学2025到2026学年度高一上,5,2
安徽省合肥市高三模考,6,2
安徽省桐城中学高一上学期,6,2
安徽省阜阳市2025至2026学年高一上学期11月期中联考卷数学试题c卷。,4,2
安徽省马鞍山市2025至2026数学,8,2
安徽省高一上学期期中数学卷,6,2
安徽省高一下学期期中合肥一中,5,2
安徽舒城县二中9月份物理试卷九上,20,2
安徽阶段检测,7,2
安徽高一上学期江南十校数学,6,2
安徽高一英语上学期期中试卷,5,2
安徽高三上学期开学考,10,2
安徽高三上学期数学试卷开学考,3,2
安徽高三上学期阶段检测,27,2
安徽高三上开学考六校,6,2
安徽高三上开学考江南十校,16,2
安徽高中学业水平测试卷,26,2
安徽高中学考历年真题,10,2
安徽高二上学期物理第一次月考,5,2
安徽高考数学卷,3,2
安新中学,14,2
安阳 新初一 分班考 数学 答题卡,3,2
安阳市2025年七年级学情调研测试试卷,21,2
安阳市七年级上册数学第一次月考试卷,20,2
安阳高三9月摸底,7,2
安顺市高二物理,5,2
完形填空九年级下,9,2
宏八能力测,2,2
定州市初一数学第一学期期中卷,3,2
定州市高一数学第一学期期中卷,5,2
定襄中学校,21,2
定西市高一开学考,10,2
定语从句天津,2,2
定轴动区间二次函数专题取值范围,15,2
宜宾,14,2
宜宾市 高二上学期 学业质量监测 数学 （全市统考期末）,7,2
宜宾市月考数学高二上册数学,4,2
宜州区2024初一下册期末试卷,8,2
宜昌,8,2
宜昌一中,6,2
宝中,2,2
宝坻一中,5,2
宝坻区八下期末数学,5,2
宝安中学外国语学校,16,2
宝安区一模,35,2
宝安区数学八上期中期末试卷,15,2
宝安区高三一模,6,2
宝山,27,2
宝山实验,8,2
宝应县2024～2025上学期英语月考卷,8,2
宝鸡中学,12,2
宝鸡市南山中学高一开学考,7,2
宝鸡高一英语期末卷子,4,2
实验班提优训练PDF,5,2
实验题,6,2
实验高中,12,2
客服,4,2
宣化7年级数学下册期末试卷,2,2
宪法专项基础选择,7,2
宿城一中,4,2
宿州十一中学,24,2
宿迁,21,2
宿迁2025 2026学年第二学期期末试卷,7,2
宿迁期末物理,5,2
宿迁钟吾,11,2
密度,4,2
对勾函数,7,2
对数函数,26,2
对数函数与指数函数混合运算,2,2
对数函数及对数型复合函数的图像精选题,9,2
导数 专 题,8,2
导数 大题,13,2
导数基础题,3,2
导数基础题型专项训练,7,2
导数极值点偏移,6,2
导数的概念、导数的运算,8,2
导数综合题,2,2
导数零点问题,2,2
射影定理,4,2
射影定理张角定理,6,2
射洪中学高2025级强实班综合素质测评,10,2
射洪初二下期期末卷,24,2
将军饮马问题,13,2
小 升 初,4,2
小 升 初 2025 人教版 英语,2,2
小 升 初 2025 英语,8,2
小 升 初 2026四川南江中学七年级上册分班题,3,2
小 升 初2026数学河南省,5,2
小 升初2025数学人教版,14,2
小 升初分班考,31,2
小 升初数学,7,2
小 升初数学试卷,4,2
小升初 数学 2025 人教版专项训练,4,2
小升初 试卷,19,2
小升初 语文,13,2
小升初专项练习,8,2
小升初云南,10,2
小升初入学分班考,7,2
小升初分班测,28,2
小升初分班考山东省枣庄市,3,2
小升初分班考试卷数学,22,2
小升初升学考试,4,2
小升初数学北师大版,9,2
小升初数学复习几何模型专练,5,2
小升初湖南试卷,13,2
小升初考试卷,4,2
小升初考试试卷江苏南通,7,2
小升初英语,4,2
小升初英语暑假天天练,12,2
小升初英语试卷,30,2
小升初语文,2,2
小升初语文复习,2,2
小升初语文知识点汇总,7,2
小升初语文试卷,11,2
小升初长沙数学,4,2
小学三年级奥数,7,2
小学三年级阅读理解专项词汇,9,2
小学五年级数学,4,2
小学奥数5年级,7,2
小数分数四则混合运算,5,2
小说,10,2
尚品,5,2
尚品数学,8,2
尚德,7,2
山 东 2 0 2 5高考真题,9,2
山 东 2 0 2 6中考,5,2
山 东 2 0 2 6中考真题,17,2
山东2024物理高考,6,2
山东2026数学统考中考,14,2
山东一模,3,2
山东七年级上学期阶段检测,12,2
山东专用,16,2
山东专用 中考英语,8,2
山东中考,3,2
山东中考满分作文,16,2
山东八年级上学期期中,6,2
山东兰陵,6,2
山东历史高一下学期期末考试,3,2
山东合格考2026,6,2
山东合格考2026生物,6,2
山东名校考试联盟高三英语试题,7,2
山东实验中学,2,2
山东德州2025 2026学年7年级下学期数学期末测试题,2,2
山东德州三年级上册期中数学真题卷,5,2
山东新高一开学摸底考,7,2
山东日照期末,10,2
山东期末,4,2
山东枣庄,6,2
山东枣庄尚贤,8,2
山东泰安市高二历史第二学期期末学业水平检测,11,2
山东济南历城二中推荐生2026真题,24,2
山东济宁,5,2
山东淄博实验中学2026高一下学期期末英语试卷,4,2
山东淄博张店区2025-2026年六年级期末数学试卷,3,2
山东潍坊2025_2026,9,2
山东潍坊中学2025-2026高二上10月数学试题,3,2
山东潍坊奎文区八下期末统考卷数学青岛版,4,2
山东烟台2025 2026高二期末答案,7,2
山东烟台中考,3,2
山东烟台市2025-2026学年第二学期高一期末考试物理试卷（含精品解析）,6,2
山东省 2026 年中考统考语文试题,3,2
山东省2020年高考真题,6,2
山东省2020年高考真题历史,15,2
山东省2026中考原题,5,2
山东省中考英语试卷,3,2
山东省临沂第一中学高一上学期入学考试,4,2
山东省临清市2026年七年级下册期末考试试卷,8,2
山东省乐陵2026八年级下册期末考试,13,2
山东省实验中学10月份高一化学月考,6,2
山东省实验中学2026届高三暑假学习质量检测,8,2
山东省实验中学高二上学期化学第一次阶段性检测,3,2
山东省德州市2024年中考数学,17,2
山东省德州市武城县八年级,3,2
山东省日照市东港区北京路中学2025八上英语期中,8,2
山东省日照市五莲县 2024至2025学年 8年级上册 数学期中考试,2,2
山东省日照市高三开学考政治,14,2
山东省日照市高二开学考,5,2
山东省枣庄市2025年高二物理10月月考,3,2
山东省泰安市新泰市五四制九年级上册数学期中考试真题,22,2
山东省泰安市肥城市2025‑2026学年八年级上学期期末物理 五四制,56,2
山东省济南市高 一  上学期 物理 期末,18,2
山东省济南第一中学2025-2026学年高一上学期期中英语试题,5,2
山东省济宁市嘉祥县2025年高三上学期第一次月考,8,2
山东省淄博市淄川区第一学期期末,14,2
山东省淄博第七中学,3,2
山东省滨州市2026高一下期末,3,2
山东省烟台市期中考试高一,16,2
山东省烟台市蓬莱区化学九年级上学期期中2023-2024,5,2
山东省罗庄区八年级下册英语期末考试试题2025-2026,7,2
山东省聊城市阳谷县化学高一第1次月考,19,2
山东省莱州市2025-2026八年级下学期期末物理,2,2
山东省菏泽市2025 2026高二下学期期末试题,13,2
山东省菏泽市曹县7年级上册2025至2026学年数学期末试题,3,2
山东省菏泽市牡丹区2026初二下册期末试卷,11,2
山东省通用技术合格考模拟,3,2
山东省青岛市,9,2
山东省高一上学期期末考试生物聊城,4,2
山东省高一期末数学试卷,5,2
山东省高考真题2024,21,2
山东聊城东昌府区英语七年级下册期末测试题,5,2
山东育博苑《假期作业》高一化学暑假作业（新教材人教版必修第二册）,2,2
山东菏泽一模,3,2
山东菏泽一模2025数学,3,2
山东菏泽二十一中,10,2
山东菏泽合格考真题,21,2
山东菏泽成武23-2024初二上物理期中试卷,14,2
山东青岛市北区2025‑2026学年度第二学期期末学业水平质量检测七年级数学试题,5,2
山东高一上学期期中,22,2
山东高一上学期期末,7,2
山东高一数学期末考试,11,2
山东高一期末,25,2
山东高二上期中,21,2
山东高考卷子,4,2
山大附,2,2
山大附中入学分班考,8,2
山海联盟,7,2
山西太原分班,12,2
山西省2020至202一年高一下学期期末考试,29,2
山西省实验中学高一上期中数学卷子,8,2
山西省数学2026中考,5,2
山西省晋中市介休一中高二上学期十月月考试题,12,2
山西运城高月考,4,2
山西部分学校2025 2026学年高二下学期7月期末考试,4,2
山西高一上学期期末,6,2
山西高一下学期期末,10,2
岚山区六年级期末统考,9,2
岱岳区2026期末六下数学,3,2
岳阳入学考试卷,11,2
岳阳县一中分班考试试卷,11,2
岳阳市一中入学考,45,2
岳阳市第一中学,4,2
崇川区分班考,3,2
崇川区小升初,7,2
崇明二模英语,6,2
嵊州,16,2
嵩明县高二上学期期末,16,2
川沙中学,3,2
工业流程题 2026 高三专题复习,11,2
工业流程题解题策略,8,2
工大附中,10,2
工艺流程题,5,2
巨野县2025年九年级上册数学期中卷,3,2
巨野县第一中学,8,2
巨野实验中学,9,2
巨野实验中学开学考,3,2
巨野实验中学开学考模拟练习题,4,2
已知函数f(x-1)(x-b)(x-c),5,2
巴东一中,13,2
巴中,3,2
巴中中学英语,4,2
巴中二中入学分班考试真题,5,2
巴中市2026年中考数学卷,4,2
巴中市平昌县2025年七年级上册期末数学,5,2
巴中市恩阳,19,2
巴中第三小学,2,2
巴彦淖尔市2025 2026学年第二学期高二期末考试物理答案卷,4,2
巴彦淖尔市2025-2026学年第二学期高二期末考试数学卷,3,2
巴蜀中学2026届高考适应性月考卷,7,2
市中区,6,2
市北中学,3,2
市西中学,4,2
师大附中026高一,3,2
师大附中高一期末考试试卷,2,2
师大高二下期末,25,2
师说 复习,5,2
带电粒子在叠加场中的运动,6,2
帮我根据七年级下unit2整理本单元核心句型并翻译,9,2
常州外国语,11,2
常州市北郊高级中学,4,2
常德市物理中考卷,2,2
常德市芷兰实验学校2026年初二下册数学期末试卷,9,2
常用逻辑用语 2027届高三数学一轮复习,4,2
常见天气系统,6,2
常见天气系统练习,2,2
常见的酸碱盐,3,2
幂函数,3,2
平凉一中实验班考试试卷,4,2
平凉实验中学高一开学考试卷,6,2
平抛运动,14,2
平方根,7,2
平潭一中,6,2
平潮高级中学,5,2
平行线,3,2
平行线拐点模型专项训练真题,3,2
平行线的判定,2,2
平面向量专题培优,20,2
平面向量难题,13,2
平面直角坐标系,5,2
平顶山市十六中,7,2
平顶山期中试卷七年级上学期,29,2
幼小衔接期末复习数学试卷,12,2
广 东 2 0 2 6 一模,2,2
广 州 市2 0 2 6届 一模,5,2
广 西 2 0 2 6届 第一次模拟考试,6,2
广一模,2,2
广东2025高考,3,2
广东2026高考物理,6,2
广东中考数学,5,2
广东仲元中学,11,2
广东佛山市三水区2025-2026学年七年级上学期期末语文试题,8,2
广东八年级上学期期中,5,2
广东八年级上学期阶段检测,20,2
广东兴宁五年级语文核心素养卷,6,2
广东四校联考,6,2
广东学考2026,12,2
广东实验中学期末卷,4,2
广东实验学校附属茂名实验学校,5,2
广东广雅中学,25,2
广东江门高二数学期中2026,7,2
广东物理,19,2
广东省 2026 高中学业水平合格性考试,2,2
广东省东莞市嘉荣外国语学校2025-2026高一上学期期中化学试卷,2,2
广东省中山市第一中学2025-2026学年七年级上学期新生开学考试数学试题,3,2
广东省实验中学,32,2
广东省惠州市惠阳区五年级下册数学期末试卷,4,2
广东省惠州市第一中学2025‑2026学年高一上学期10月月考化学试题,9,2
广东省揭阳市2025-2026学年下学期高二期末考试语文试题,3,2
广东省春季高考,16,2
广东省汕头市潮阳区金堡中学,4,2
广东省深圳市2025 2026年八上物理期中罗湖区,14,2
广东省深圳市2025至2026年度高三英语试卷,9,2
广东省高考真题,6,2
广东茂名8年级上册数学期中试卷,18,2
广东茂名市2025-2026学年度第二 学期质量监测五年级数学试卷,5,2
广东茂名市电白,11,2
广东领航高中联盟,4,2
广东高一上册物理第三次月考,6,2
广东高考,2,2
广大附中黄埔实验学校九年级第一学期开学测,19,2
广安一中8年级下册,7,2
广安中考数学市,4,2
广安八年级下册期末考试,3,2
广州2026,22,2
广州中考真题2026,6,2
广州二模,5,2
广州二模语文,5,2
广州八上数学期末,7,2
广州八年级上册数学,16,2
广州八年级道法历史期末试卷,9,2
广州华附,3,2
广州南沙九上数学,8,2
广州外国语学校,8,2
广州市八年级上册物理期末考试卷,4,2
广州市前八期中,13,2
广州市增城区增城中学2025年高一第一学期数学期中考试卷,15,2
广州市天河区七年级下,17,2
广州市天河区中学初一入学测试考试卷,8,2
广州市第七中学高一月考,18,2
广州市第二中学初三上学期期中完形填空2018到2025,4,2
广州市第二中学高二上学期数学,9,2
广州市第六中学,8,2
广州市高一下政治期末卷,4,2
广州开学考,3,2
广州花都中考物理一模,4,2
广州调研考试,4,2
广州调研考试8月,4,2
广州高一下物理期末,6,2
广州高三数学八月市调研考,9,2
广汉,28,2
广西2026年高考物理卷,10,2
广西北流数学期末考试卷,3,2
广西南宁市第三十一中学,3,2
广西四年级下学期阶段检测,3,2
广西数学,13,2
广西桂平小学四年级上册语文,4,2
广西省河池市都安中学八年级下册,4,2
广西钦州高二期末数学,3,2
广西高一下学期崇左市期末数学试卷,4,2
广西高一下学期期末,7,2
广西高二下学期期中,15,2
广西高考,9,2
广西高考英语,3,2
广铁一中,2,2
广附开学分班测,6,2
庄河市第二高级中学,17,2
庄浪县第一中学,5,2
庄浪县第四中学,4,2
庄浪县紫荆中学,5,2
庐江县,10,2
库车市七中,2,2
应用文作文,2,2
廉实,8,2
廉江高二上月考,13,2
廊坊市第一中学,8,2
廊坊英语初一,3,2
延边中考,9,2
延边二中,38,2
延边州2025 2026高三9月开学考试,3,2
延边州高三开学考,17,2
建阳区2025-2026八年级上册期中考数学试题,3,2
开学分班考 高一,15,2
开学分班考 高一麓山国际学校,7,2
开学分班考南京,4,2
开学摸底考,12,2
开学测江苏初一,10,2
开学测试卷,14,2
开学测试新高一,29,2
开学考 分班考 高一宁波中学,5,2
开学考 分班考 高一长沙,3,2
开学考 高一,10,2
开学考九年级,37,2
开学考初三上学期,5,2
开学考昭通市第一中学,11,2
开学考物理,11,2
开学考物理高二,5,2
开学考试初一,14,2
开学考高一上,9,2
开学考高二上学期数学,5,2
开封,9,2
开平市第一中学,6,2
张家口市高一上学期数学期中试卷,18,2
张家口市高一数学期中试卷,6,2
张家口高一数学期中,18,2
张家口高一数学期末,7,2
张家口高二期末考试物理试卷,7,2
张家港期初考数学,5,2
张店区物理,8,2
弹簧模型,5,2
强 基 2 0 2 6 年初中数学,3,2
强基数学,11,2
强基联盟2025 2026,2,2
强基联盟返校,5,2
当代国际政治与经济期末检测,16,2
徐州 26年高二期末下学期历史,4,2
徐州2024至20258年级下册数学期末考试,5,2
徐州2026高一期末数学,5,2
徐州中考,8,2
徐州入学,4,2
徐州小升初分班考试卷,5,2
徐州市大学路实验学校2024七年级开学测试,15,2
徐州市第一中学高二,15,2
徐州高一上月考试卷数学,4,2
徐汇区,6,2
徐汇高三英语,11,2
德州 2024 2025 高一 期末数学,10,2
德州2025 2026高一期末下学期,7,2
德州市九中2026年七下期末英语试卷,3,2
德州市庆云县八年级上册数学试卷,4,2
德州市第一中学,11,2
德州开学考,18,2
德州武城,23,2
德州第九中学,4,2
德惠实验高中,8,2
德惠市实验中学高一上学期数学第一次月考,10,2
德惠市第一中学,11,2
德胜,6,2
德语2025高考考日语卷,4,2
德阳,6,2
必修一化学期末试卷,2,2
必修一单词默写,2,2
必修一必修二化学实,8,2
必修一政治第一课,7,2
必修一数学卷子,23,2
必修一期末数学,15,2
必修一期末测试卷,18,2
必修一期末物理高一上,51,2
必修一物理,12,2
必修一物理期中,17,2
必修一生物期中,8,2
必修一第一章 单元测试,16,2
必修一第一章 数学,5,2
必修一英语单词 背默写清单,7,2
必修三物理第11章练习题,12,2
必修三译林版英语,4,2
必修上册所有必背篇目默写挖空,8,2
必修二数学立体几何,4,2
必修二生物卷子,5,2
必修四政治河北,18,2
必刷 题 2026 电子版数学,4,2
必刷题 2025电子版,2,2
必刷题 2026电子版,4,2
必备知识清单,14,2
必背120个文言实词,6,2
必背古诗文,7,2
志诚小学,24,2
忻州一中2027届高三导向卷三,9,2
忻州市高级中学校2025年高一先修考试题,8,2
怀化三中,8,2
怀化市2025年高二上学期期末考试试巻,6,2
怀化市第三中学,3,2
怀化市鹤城区2026年二年级下册数学期末考试试卷,12,2
怀集中学,6,2
思想政治,13,2
思源实验学校,4,2
思维导图历史,6,2
思维导图生物,5,2
恒定电流,10,2
恩施,27,2
恩施高一第一次月考上学期,4,2
惠州市,21,2
惠州市 期末考试高一上,7,2
惠州市第一中学,27,2
惠泽高级中学,11,2
慈溪,9,2
慈溪新初1分班考,9,2
成对数据的统计分析,7,2
成才之路学案必修三,3,2
成才之路英语必修三,3,2
成武一中,5,2
成都 0 023高三 三诊,4,2
成都 1 诊,6,2
成都 一诊数学,10,2
成都 七中 027高二零诊,10,2
成都 二诊 2026,2,2
成都0诊2027,3,2
成都2024中考数学试卷,3,2
成都一诊,5,2
成都七中2025 2026学年高一下学期半期考试,4,2
成都七中万达学校,5,2
成都七中高三,6,2
成都中考数学,4,2
成都中考数学试卷,2,2
成都九上数学北师大版期末,33,2
成都九上物理月考,6,2
成都嘉祥,17,2
成都市,7,2
成都市2026届青羊区期末考试题,3,2
成都市一诊,4,2
成都市中考,3,2
成都市新都区四中小升初分班考试,13,2
成都市期末化学,16,2
成都市武侯区2025-2026七年级下期期末数学试卷,4,2
成都市盐道街中学2024~2025年学年下年整模拟考试,4,2
成都市第七中学2025 2026学年度下期高2027届零诊模拟考试数学试题,9,2
成都市高一下期末统考,7,2
成都市高二下期末考试历史,3,2
成都成华区,14,2
成都成华区物理第一次月考,15,2
成都零诊数学,5,2
成都高一期末,25,2
我们周围的空气,11,2
房山,2,2
房山区2025 2026学年度第二学期数学期末考试试卷,18,2
手拉手模型,7,2
执信,10,2
扬中市第二高级中学,14,2
扬大附中淮海路总部分班考试试卷试卷,3,2
扬州中学2025-2026学年高一10月,2,2
扬州中学高一,8,2
扬州八上第一次月考,3,2
扬州大学附属中学,8,2
扬州大学附属中学高一上学期分班考试卷,5,2
扬州新华中学,9,2
扬州树人初二上册第一次月考试卷数学,2,2
扬州梅岭中学2026初一下学期数学期末试卷,3,2
抚顺七校协作体,12,2
抚顺市新抚区七年级上,2,2
抛体运动测试题,13,2
抛物线,15,2
护理,6,2
抽象函数综合,3,2
拉萨中学,18,2
拉萨市高一化学期末联考卷,4,2
拉萨高三数学,6,2
拍照答疑,2,2
拓展创新学程 第一册 译林版,11,2
拔尖创新人才,7,2
拼音 1 年级,7,2
拿满基础分自主小练,21,2
指数函数与对数函数,9,2
指数函数与对数函数单元测试卷,10,2
指数对数,21,2
振声中学选拔济南,3,2
振声附高选拔,18,2
排列 组合,4,2
排列组合,9,2
排列组合特殊元素优先考虑,5,2
推荐广西普通高中学业水平合格性考试模拟试卷数学的2026,3,2
提前招生,21,2
提纲,4,2
揭阳市2025至2026,69,2
摇篮杯,2,2
摩尔质量,3,2
摩擦力 10大考点,4,2
摩擦力 10大考点习题专题,5,2
摩擦力专题,2,2
摸底考试卷分班考试卷,11,2
政治 必修1 中国特色社会主义 单元测试 政治必修一 基础巩固卷,16,2
政治 必修一1高考必背核心知识点,3,2
政治学考,3,2
政治必修4,5,2
政治必修一卷子,4,2
政治必修一第一课易错,5,2
政治必修二主观题,5,2
政治必修二的试卷,5,2
政治试卷,13,2
政治选必3,3,2
教习网,6,2
教案,5,2
教科书,2,2
数列专题复习,4,2
数列通项训练,4,2
数学 必修一1必考知识点整理,8,2
数学2026高考真题,8,2
数学9月,6,2
数学一 轮 复习 2026,11,2
数学一元二次方程,7,2
数学一模试卷,11,2
数学一轮复习,7,2
数学一轮复习2027,2,2
数学专项训练,10,2
数学专题复习,8,2
数学中考压轴题,10,2
数学九上,11,2
数学九上期中,21,2
数学二级结论,3,2
数学人教版必修1单元卷,11,2
数学人教版必修2第1章平面向量的对应练习题专题及试卷,21,2
数学八上,13,2
数学八下,8,2
数学八下期末,20,2
数学八年级上册期中试卷,49,2
数学函数 2026 常考题型归纳 高三一轮复习,14,2
数学单元试卷,8,2
数学压轴题,5,2
数学压轴题专项训练高中,3,2
数学培优,15,2
数学培优大题,20,2
数学小学六年级考试,11,2
数学必修一第一章 单元测试,6,2
数学新定义,2,2
数学新课标,18,2
数学期末卷,10,2
数学期末高二上,41,2
数学模拟,5,2
数学模拟卷河北,3,2
数学浙南联盟期末,18,2
数学盘锦大洼期末卷,15,2
数学相似三角形,4,2
数学相遇问题与追及问题,2,2
数学空间向量单元测53,2,2
数学竞赛一试,5,2
数学计算题,15,2
数学试卷四年级,6,2
数学试卷市质检,14,2
数学质检,10,2
数学选必一第一单元,6,2
数学集合,2,2
数学高一上,5,2
数学高一下期末,24,2
数学高三上摸底,24,2
数学高中一轮复习知识点,7,2
数学高二上月考,17,2
数学高考圆锥曲线大题,10,2
数轴动点,18,2
文园,20,2
文园中学,6,2
文学类文本阅读,5,2
文山州各校八下期末卷、九年级开学摸底卷,9,2
文枢高级中学,2,2
文清外国语,44,2
文言文 0026一轮复习,7,2
文言文挖空练习,10,2
文言文练习,18,2
文言文练习题,4,2
文言文阅读,9,2
斗门一中,7,2
斜抛,10,2
新 高一 2026年暑假衔接数学,25,2
新九年级物理暑假提升精品讲义,7,2
新人教版七年级上册英语期中测试卷,5,2
新人教版八下英语单词及短语,5,2
新初一分班考试数学试卷,2,2
新初一开学分班，学情自测,19,2
新场中学,47,2
新定义,4,2
新情境下陌生方程式的书写,16,2
新概念,11,2
新概念 01,2,2
新概念高效英语,4,2
新泰一中,13,2
新泰市新汶汶城实验小学,8,2
新海初级中学,16,2
新海高级中学高一第一次期中考试,7,2
新生入学考试,3,2
新疆中考道德与法治真题卷,8,2
新疆伊犁州2025-2026期末高一卷子,15,2
新疆伊犁州2026高一期末考英语,11,2
新疆六年级下学期升学真题,21,2
新疆北屯初二暑期期末的语数英卷子,20,2
新疆和田地区,13,2
新疆和田地区于田县2026年8年级下册历史期末试卷,4,2
新疆维吾尔自治区乌鲁木齐市天山区2024-2025年五年级上学期综合评价样卷语文试卷,6,2
新疆莎车2024-2025高一数学,6,2
新疆莎车高三模一,7,2
新课标Ⅱ卷 高考 2025,3,2
新课程学习与测评,4,2
新质生产力,10,2
新题型,12,2
新风向英语听力音频,6,2
新高一9月分班考试题,6,2
新高一入学考试卷英语长沙,5,2
新高一分班考试卷,17,2
新高一分班考试卷长沙,5,2
新高一开学考试卷,14,2
新高一衔接英语,6,2
新高考一卷,12,2
新高考一卷数学2026,3,2
新高考二卷数学,3,2
新高考二卷数学2026,3,2
新高考二卷英语,5,2
新高考英语阅读理解abcd篇专题刷题,5,2
新高考语文必背60篇诗文突破,4,2
无棣县,23,2
无棣县车王镇中心小学,208,2
无锡中考数学,15,2
无锡市高二期末考试,7,2
日照2023级高三开学考,6,2
日照一中,8,2
日照一中高一下生物期末,17,2
日照一中高一启学测试,9,2
日照市2026年高一下学期化学期末考试,4,2
日照市北京路中学,6,2
日照市北京路中学七年级,5,2
日照市北京路中学七年级上,62,2
日照市北京路中学八年级数学,9,2
日照港中学,14,2
日照港中学八下数学,4,2
日照高三开学考数学试卷,4,2
日语听力,9,2
日语必修一,12,2
日语高考,2,2
早背晚默,12,2
时差计算地理高考,7,2
时文,30,2
昆三中,2,2
昆区,7,2
昆山亭林中学初一分班考试卷,7,2
昆山市花桥中学,5,2
昆明市,11,2
昆明市2026,12,2
昆明市官渡区2025至2020学年下学期期末学业质量监测7年级道德与法知识题卷,3,2
昆明市第八中学,6,2
昌平区,10,2
明德中学入学考试,18,2
明德高一分班考试,2,2
易错题专项练习,23,2
星海,7,2
星海中学,4,2
星海实验高级中学,5,2
星源,4,2
春季高考数学复习专题资料,3,2
春考数学,3,2
昭通语文,19,2
晋江一中初中入学考,3,2
晋江一中期中物理,7,2
晋江市2025年小升初分班。测试卷,7,2
普洱,7,2
普通高中地理合格考山东省,10,2
普通高中学业水平合格性考试,16,2
景德镇高一上学期期末,4,2
暑假,8,2
暑假预习讲义数学,12,2
暑假预习课 涣散了眼眸 语文   暑假预习课 学生版 七上语文全套,9,2
暑期免费,14,2
曲靖一中,4,2
曲靖市初一下期数学试卷,8,2
曲靖市麒麟区,9,2
曹县2026年中考,15,2
曹县一中高三开学考,12,2
曹县七年级下册英语期末卷,3,2
曹县三年级,19,2
曹县八年级上册期中考试,2,2
曹县第一中学高一上学期化学月考卷,5,2
曹县第一中学高一化学月考卷,10,2
曹杨二中,3,2
最值问题,8,2
最后一卷,10,2
月城学校,28,2
月城学校2023至2022下77年级数学期末模拟试考,15,2
月夜忆舍弟,4,2
月相 变化 规律,2,2
月相2026 一轮复习,3,2
月考 南,10,2
月考试卷八上数学,10,2
月考连云港高二,5,2
月考高一,85,2
有关呼吸大题,3,2
有机,3,2
有机化学名称练习,9,2
有机化学基础,10,2
有机合成题,6,2
有机大题,7,2
有机推断大题贵州高中化学,7,2
有机综合,9,2
有机高考大题,4,2
有理数七上人教版2024版,5,2
有理数混合运算100题,6,2
有理数的100混合运算练习,10,2
有理数的运算,6,2
有理数计算 100专项训练计算专项,10,2
朝阳,9,2
期中地理,12,2
期中皇姑,17,2
期初 高三 调研,23,2
期初考,27,2
期初考试数学青岛,16,2
期末 考试 2025 2026 高一 下,6,2
期末八下,11,2
期末复习,10,2
期末复习之语法填空20篇,16,2
期末测试卷,30,2
期末物理,4,2
期末考,3,2
期末英语,32,2
期末试卷2025 2026,14,2
期末试卷物理八年级下册苏科版陕西省,10,2
期末重庆南开20242055,9,2
本溪市,5,2
本溪市2025至2026学年下学期期末考试七年级英语,3,2
本溪市七下历史,3,2
本溪市第十二中学,3,2
机械能守恒定律,8,2
机械运动 20225复习专题,5,2
杠杆 滑轮,7,2
杠杆作图,5,2
条件概率和全概率公式,15,2
来宾市兴宾区八年级英语期来大作业,25,2
杨子中学,2,2
杨村第一中学25年高一第一次月考试卷,14,2
杨浦,14,2
杨浦区高三一模语文,6,2
杭二,4,2
杭二中,5,2
杭十四凤起,8,2
杭州 0 2026 高三 二模,7,2
杭州 二中,5,2
杭州二中高三数学,3,2
杭州二模英语,3,2
杭州市滨江区2024-2025学年七年级上学期期末科学试题 浙教版,12,2
杭州市高二年级教学质量检测,5,2
杭州期末八年级余杭区,21,2
杭州滨江区,10,2
杭州高二数学期末,4,2
松山区,8,2
松江,9,2
松莞,4,2
松雷,6,2
板 块模型,6,2
板块问题,4,2
构造函数 导数,7,2
枣庄七年级英语,3,2
枣庄市中区开学摸底考,15,2
枣强中学,4,2
柘城县,8,2
柯西不等式,13,2
柳州城中区物理,7,2
标题的作用,26,2
树人,12,2
树人分班考,24,2
树德中学高一下化学期末,7,2
株洲一中新高一入学考,5,2
核心词汇,4,2
根式 因式分解 解方程 分式化简 配方法 专项计算题,12,2
根式计算,3,2
格致中学,17,2
桂林2 0 2 6届 第一次模拟考试数学,3,2
桂林市2025~2026学年度下学期非毕业年级日常考试题库卷,3,2
桂林市八年级下册期末历史试卷,7,2
桂林市期末高二,8,2
桂林市期末高二数学,2,2
桃江四中,4,2
桃源县2025期末七上调研考试,18,2
桐乡市高级中学,10,2
桑珠子区第三中学8年级下册期末试卷物理的。,7,2
桦南一中,6,2
梅县区宪梓中学,7,2
梅州市,13,2
梅州高一上语文期末试卷,3,2
梅苑,13,2
梦游天姥吟留别,6,2
植物细胞工程,25,2
椭圆 01 专题,4,2
椭圆大题,3,2
椭圆大题专项练习高考,8,2
楚天协作体9月,7,2
楚水实验学校,25,2
概要写作,5,2
榆次一中,10,2
模拟卷,10,2
模拟卷 2026高三,6,2
模考,10,2
模考 2026高三,10,2
横州七年级下学期期末,7,2
横州市横州镇第五初级中学,13,2
欧姆定律 1 2专题计算练习,6,2
正阳县,13,2
步步高 2027大一轮复习讲义物理,17,2
步步高 2027大一轮答案,16,2
步步高 大一轮复习讲义2027,12,2
步步高一轮复习68版答案,11,2
步步高一轮复习讲义,5,2
步步高同步练习2026选择性必修四英语最后一单元,5,2
步步高大一轮,2,2
步步高选择性必修3英语,8,2
武冈市第二中学,9,2
武威一中,9,2
武威市凉州区物理试卷高一下册,5,2
武昌七校联考，2023—2024，八上期中语文试卷,7,2
武昌区,6,2
武汉 5月 调研 2026,5,2
武汉2025年学九月考,8,2
武汉三调,3,2
武汉中学,10,2
武汉中考2026,6,2
武汉二调,2,2
武汉市,3,2
武汉市2026届高三9月调研考试语文试卷,4,2
武汉市东西湖区2026年九年级上册期中物理,3,2
武汉市第二中学,4,2
武汉市第六中学,4,2
武汉市部分重点中学,3,2
武汉江夏区2025-2026年九分班考,31,2
武汉调研数学,7,2
武汉高三 9月调数学,5,2
武清区期中考试高一,8,2
武珞路七上数学期中,14,2
比乐中学,6,2
比和比例,5,2
毕节,12,2
毕节市2025届四诊,15,2
毕节市2026期末考试卷英语,17,2
毕节市高一下地理期末卷,4,2
毛坦厂中学东城校区,4,2
氧化还原,18,2
氧化还原 反应10配平专练,8,2
氧化还原反应方程式的配平,5,2
氧气,8,2
氯及其化合物,10,2
水浒传 0 100回试题及答案,7,2
水的净化,2,2
水的电离和溶液的PH,5,2
水解平衡的移动,3,2
永川中学,13,2
永川中学高一上数学,8,2
永州一中,4,2
永州一模,12,2
永州二中高一入学考试数学,31,2
永州二中高一入学考试语文,10,2
永州四中入学测试,7,2
永州四中开学考试卷,7,2
永州四中高一入学测试,9,2
永州市2026年高一期末考试,3,2
永州市第四中学入学测试,2,2
永春一中初二质量,30,2
永春县一中初一上学期数学期中试卷,5,2
汇文中学天津,10,2
汉中市西乡县第三中学2025-2026七年级下册数学期末卷子,3,2
汉阳区理综,2,2
汕头入学考,16,2
汕头分班考,5,2
汕头市潮阳实验学校,19,2
汕头市金中海湾学校,3,2
汕头市金平区数学期末试卷,7,2
汕头金山中学高一期末,3,2
汕尾市2025 2026年期末考试,23,2
汕尾市高二下学期期末,6,2
汝阳县2025～2026学年第一学期期末学科素养检测卷九年级英语,19,2
江北新区,24,2
江南10校高三开学考,7,2
江南十校2026届高三第一次素质检测,7,2
江南十校高一五月物理,11,2
江宁区2025新七年级新生学情检测卷,3,2
江宁区分班考,10,2
江宁区新初一,12,2
江宁开发区,5,2
江宁竹山中学英语,14,2
江汉区期末,10,2
江津 八下期末试卷,8,2
江津五中,9,2
江海名师零距离高考一轮复习,9,2
江淮十校,5,2
江淮十校2026届高三8月第一次联考,2,2
江淮十校2026届高三8月第一次联考物理,3,2
江科附中高二上数学,7,2
江苏 0 2026 中考 试卷 数学,13,2
江苏 0 2026 中考 试卷 物理,8,2
江苏 2026 中考 试卷 数学,7,2
江苏 如皋 高二数学期中卷,4,2
江苏2026语文七年级下学期期末质检,3,2
江苏G4联考,8,2
江苏一年级上学期阶段检测,3,2
江苏七年级上学期期中,5,2
江苏专用,9,2
江苏化学高考,4,2
江苏南京大学附属中学2025-2026学年高三熟手练1英语试题,3,2
江苏南通,11,2
江苏南通通州小学五年级,4,2
江苏扬州,9,2
江苏扬州维扬,6,2
江苏扬州高二上学期10月考试卷生物,8,2
江苏新初一开学摸底考,8,2
江苏无锡高一市级期末考试模拟/真题,7,2
江苏期中,7,2
江苏松陵一中博雅书院2025,7,2
江苏淮阴中学高中数学试卷,4,2
江苏版恩波38套高考模拟试卷,21,2
江苏物理合格考真题,7,2
江苏省,94,2
江苏省2023年普通高中学业水平合格性考试生物试题,5,2
江苏省2023年普通高中学业水平合格考调研化学,5,2
江苏省2025年普通高中学业水平合格性考试生物试题,4,2
江苏省2026年一模英语,5,2
江苏省2026年普通高中学业水平选择性考试历史,16,2
江苏省G4联盟2026届高三年级测试卷,31,2
江苏省三年级上册语文期中考试卷,6,2
江苏省丹阳高级中学,9,2
江苏省凤凰小学五年级上册期中试测试,3,2
江苏省初中月考数学 宿迁,9,2
江苏省南京市、盐城市高三一模数学,3,2
江苏省南菁高级中学 2025‑2026学年第二学期高二年级期中考试 物理试卷,10,2
江苏省南通市等苏北青市2026届高三第一次调研测试二模,5,2
江苏省南通市通州区2024高三期初调研地理,13,2
江苏省南通市通州区七下,6,2
江苏省南通市高一下期末考化学,7,2
江苏省合格考,3,2
江苏省地理高二下,3,2
江苏省学业水平合格性考试英语,6,2
江苏省实验小学二年级上学期期中,17,2
江苏省宿迁市2025‑2026学年高一下学期期末考试生物试题,6,2
江苏省射阳中学,14,2
江苏省常州市新北实验中学七上月考数学卷（十月份）,7,2
江苏省徐州市经济开发区,17,2
江苏省怀仁中学,19,2
江苏省扬中高级中学,11,2
江苏省扬州中学,7,2
江苏省泰州中学,7,2
江苏省泰州中学附属初级中学 分班考,4,2
江苏省泰州数学函数练习,4,2
江苏省淮安市初1分班卷,18,2
江苏省淮安市第一高级中学中学,9,2
江苏省盐城市滨海县中考语文试卷,5,2
江苏省盐城市高三化学试卷,8,2
江苏省盱眙中学,2,2
江苏省苏州市高三上学期期中阳光调研,14,2
江苏省苏州市高二上册生物期中调研,7,2
江苏省英语中考,3,2
江苏苏州,2,2
江苏苏州初二数学,7,2
江苏苏州市2025-2026学年高一下学期期末考试语文试题,10,2
江苏阶段检测,7,2
江苏高一上学期期中,5,2
江苏高考化学2026真题,8,2
江西 0 2026,22,2
江西 0 2026 高三 金太阳,2,2
江西上饶高一期末考,7,2
江西中考数学,4,2
江西九年级上学期期中,19,2
江西南昌一模,7,2
江西南昌市三校,6,2
江西南昌市高中二十三中,4,2
江西学考,5,2
江西数学中考,4,2
江西新高三秋季开学考,11,2
江西景德镇期中测试卷,13,2
江西物理,12,2
江西省南昌市2025-2026年七年级下册数学期末考试,3,2
江西省吉安市阶段测试卷,15,2
江西省吉安市青原区2025-2026八年级下册期末考试试卷,21,2
江西省新余市分宜县八年级下册期末物理试卷,6,2
江西省萍乡市七年级下册期末,3,2
江西省赣三中高一第一次月考,6,2
江西科技学院附属中学,10,2
江西科技师范附属八年级上11月期中英语,6,2
江西赣州高一期末,7,2
江都育才,4,2
江门,12,2
江阴,13,2
汨罗一中开学考,2,2
沁园春长沙,6,2
沂南县,4,2
沂南县卧龙,16,2
沈河区,13,2
沈阳120中学,10,2
沈阳2026中考,5,2
沈阳七中,4,2
沈阳七中八下七中数学卷,5,2
沈阳七年级上第一次月考,7,2
沈阳二中高二下学期化学六月月考,4,2
沈阳二模,4,2
沈阳各区八年级英语期末考试卷,4,2
沈阳大东区2025-2026八上期末考试卷,7,2
沈阳市,12,2
沈阳市120中学期末考试,16,2
沈阳市五校协作体,35,2
沈阳市南昌初级中学物理九上月考,5,2
沈阳市和平区数学调研卷2025 2026 01 八年级下册数学期末试卷,3,2
沈阳市第20中学,12,2
沈阳市郊联体,6,2
沙坪坝区八下期末物理,3,2
沙河口区，2025到2026学年度第二学期期末试卷,11,2
沛县,15,2
沛县2026年五年级第二学期期末调研,4,2
沧州鸿臻,7,2
沪教版七下全等三角形整套专题,2,2
沪科版 八年级全一册第五章质量与密度,5,2
沪科版八年级,5,2
沪科版电与电路,6,2
沭阳县如东实验,5,2
河北一模,7,2
河北专用,3,2
河北中考,18,2
河北中考试卷,6,2
河北中考语文,8,2
河北九年级上学期期中,13,2
河北六年级上学期期中,68,2
河北初一沧州市,25,2
河北区七下道德,3,2
河北南宫中学,3,2
河北唐山摸底考试,5,2
河北安国关汉卿七年级上册数学期末考试卷,31,2
河北定州中学高一上学期数学试卷,16,2
河北期中,32,2
河北期末,4,2
河北沧州名校联盟日语高二,3,2
河北物理一模,5,2
河北省中考数学真题,12,2
河北省保定市定州市2025至2026学年度第一学期期中质量监测八年级物理,9,2
河北省保定市定州市2025至2026学年度第一学期期中质量监测八年级英语,14,2
河北省初一分班卷,14,2
河北省唐山市2025至2026学年高三上学期摸底考试语文,3,2
河北省唐山市丰润区三十八中分班考试卷子语数英科,8,2
河北省唐山市丰润区八下期末试卷,14,2
河北省沧州市联考高一物理,5,2
河北省石家庄市翰林学校七年级第一学期期中卷,3,2
河北省石家庄市藁城区,54,2
河北省石家庄市藁城区10月,48,2
河北省秦皇岛市昌黎县六年级下册期末英语 冀教版三起,14,2
河北省衡水中学2026年高三联合质量检测,2,2
河北省邢台市八年级期末,2,2
河北省邯郸市八年级上册数学期中试卷,35,2
河北省部分示范高中2025-2026学年 高三上学期10月期中日语试题,3,2
河北省高考,3,2
河北秦皇岛市海港区2025至2026学年度七年级下册第二学期期末质量检测英语卷,11,2
河北衡水,2,2
河北衡水中学2025高二期中,8,2
河北衡水中学高一上10月,15,2
河北语文三模,2,2
河北语文高考三模,4,2
河北邯郸,35,2
河北邯郸市部分学校2025‑2026学年高二下学期7月期末考试化学试题,6,2
河北阶段检测,5,2
河北高三下学期期末,5,2
河南 2026高考真题,8,2
河南2025,16,2
河南2026 高三开学考,19,2
河南2026届高三暑假开学考,34,2
河南2026第一 次周考,22,2
河南七年级下册 数学 期末测试卷,5,2
河南专用,2,2
河南中考模考,10,2
河南中考英语,4,2
河南信阳罗山七年级上册英语试卷,18,2
河南八年级上学期期末,11,2
河南初升高自主招生数学真题,5,2
河南名校联考,2,2
河南安阳小升初,12,2
河南期中,10,2
河南期末,5,2
河南省2026高三青铜鸣9月,3,2
河南省信阳市英语高一下学期期末考试,4,2
河南省南阳市2026年春期高二期终质量测评,3,2
河南省实验中学 高一,5,2
河南省实验中学高一上第一次月考,3,2
河南省实验中学高一分班考试,3,2
河南省新乡嗯，新乡市小升初的真题卷,8,2
河南省新乡市 小升初2025,6,2
河南省方城县2026年度8年级下册数学测试卷,21,2
河南省焦作市小升初分班考,3,2
河南省许昌市2025到2026年期末考试数学卷,11,2
河南省许昌市建安区 2025至2026年 8年级上册学期11月 期中英语试题,3,2
河南省郑州市第七十三中学,4,2
河南省陕州区六年级,4,2
河南许昌2025-2026期末试卷英语,8,2
河南许昌2026高一期末试卷,5,2
河南郸城,4,2
河南高一,3,2
河南高一上学期学考,6,2
河南高考,2,2
河西区期中,14,2
泉州 2025高二上学期期末试卷数学,3,2
泉州 2025高二下学期期末试卷生物,4,2
泉州 2026一模,2,2
泉州2024-2025高一下期末物理,4,2
泉州25一检,23,2
泉州一中,8,2
泉州城东中学高一入学考,4,2
泉州培元中学,9,2
泉州实验中学,8,2
泉州市2025届高中毕业班质量监测1,7,2
泉州高一历史期末考卷,3,2
泉港二中高一开学考,7,2
泌阳县九年级上册月考,10,2
法治专项习题18道,25,2
泗洪县语文八年级,7,2
泗阳高二致远上学期月考数学,5,2
泰安,9,2
泰安2026高一期末生物,3,2
泰安一中新校,13,2
泰安一中新校区,2,2
泰安市岱岳区,8,2
泰安市肥城市六年级上册月考,9,2
泰安开学考高三,4,2
泰安英语2022中考,4,2
泰安高三上期中物理,2,2
泰安高二期末,16,2
泰山区2025年数学期中考试真题,19,2
泰州中考,72,2
泰州二附中小升初分班考,12,2
泰州入学,5,2
泰州初三数学,10,2
泰州第二中学附属,3,2
泸州,15,2
泸州2026八年级期末,14,2
泸州天府,10,2
泸州高中高二上月考卷子数学,8,2
洪山高级中学,4,2
洪泽区期末试卷,43,2
洪湖一中高2上期中物理,13,2
测量,2,2
济南2026期末数学,41,2
济南2026期末物理,8,2
济南市,7,2
济南市2026届高三上学期开学摸底考试 历城二中高三开学考 山东省实验中学高三期初试卷 四,10,2
济南市2026届高三针对性训练,9,2
济南市中区2026英语,8,2
济南市商河县新航实验学校八年级物理期末试卷,8,2
济南市市中区 2025-2026学年 七年级下学期期末,3,2
济南市高三开学考,4,2
济南开学考,24,2
济南育英中学,9,2
济南英语高一,4,2
济南高三上开学考,4,2
济南高二上学期期末英语,3,2
济南高新区东城逸家小学,6,2
济宁+八年级+英语+期末,3,2
济宁2026中考真题,9,2
济宁2026中考真题化学,10,2
济宁一中,10,2
济宁一中高二期中,14,2
济宁中考地理,12,2
济宁嘉祥高三月考,11,2
济宁市育才中学2025‑2026高一上10月月考英语人教版2019,15,2
浙北湖州市2026八年级学业水平监测英语期末试卷,5,2
浙南名校,23,2
浙南联盟高二返校,8,2
浙江 1 2026高考,2,2
浙江1月,4,2
浙江2026年中考数学,2,2
浙江中考2026语文,7,2
浙江历年中考卷,5,2
浙江台州初升高衔接,6,2
浙江台州高一分班考,10,2
浙江名校协作体,10,2
浙江小升初七年级分班考试卷,13,2
浙江小学科学期末考试卷五年级下册,3,2
浙江强基联盟2025年10月高三联考,17,2
浙江强基联盟2025年8月高三联考,2,2
浙江强基联盟2026年3月高三联考,3,2
浙江新高一分班考试卷,4,2
浙江期中,9,2
浙江杭州二中,3,2
浙江物理,2,2
浙江物理高三,5,2
浙江省,4,2
浙江省名校协作体2025,3,2
浙江省名校协作体高三上学期,5,2
浙江省名校新高考研究联盟,5,2
浙江省名校联盟高三第一次联考,5,2
浙江省宁波市9+1联盟,3,2
浙江省技术高考,47,2
浙江省新阵地教育联盟2026第一次联考,3,2
浙江省杭州二中,5,2
浙江省杭州市七年级下册数学期末试卷,3,2
浙江省杭州市临平区2026,11,2
浙江省杭州第二中学,2,2
浙江省温州十校2025至2026学年高二下学期6月期末英语试题听力音频,2,2
浙江省物理初赛,5,2
浙江金华十校,5,2
浙江金华市2025-2026高一下6月期末,12,2
浙江高二英语杭州期末卷,3,2
浙江高考历史,5,2
浮力单元测试卷,11,2
浮力压轴题,4,2
海东,13,2
海二中贯通班试题,6,2
海伦城镇选调教师初中语文,8,2
海伦市2026年物理期末测试,8,2
海南中学2025-2026学年第二学期期末考试,4,2
海南中学真题,6,2
海南中学第零次月考,2,2
海南中学综合测试真题试卷,7,2
海南中学高一,4,2
海南中学高一数学第一学期,10,2
海南中考,10,2
海南中考数学2026,4,2
海南初二英语上,19,2
海南省政治中考真题2025年,3,2
海南高一试卷,6,2
海南高考,5,2
海南高考化学试卷,2,2
海南高考物理试卷,5,2
海南高考真题,18,2
海口初中八年级期末试卷,9,2
海口市华东版八年级上册数学月考试卷,14,2
海城高中2026高一下学期六月物理,2,2
海头开学测试,7,2
海头高一上开学考试,10,2
海安中学,4,2
海安新高一开学考试卷,6,2
海安海陵中学初一分班考试卷,9,2
海拉尔第二中学,4,2
海拉尔第二中学贯通班试题,4,2
海淀考王 四年级数学 下 QD,14,2
海淀高一下期末英语,4,2
海湖中学2025年9月新初一开学考试卷,7,2
海门,14,2
海门中学化学高二,6,2
海门中学高一,13,2
海陵中学初一分班考试卷英语,8,2
涂色问题专项练习,6,2
涂色问题专项练习高三,4,2
涣散了眼眸,4,2
淄博实验中学高一第一学期,10,2
淄博市2026年高一下学期期末化学试题,3,2
淄博市高二下期末考试生物,3,2
淄博市高二下期末考试英语,3,2
淄博高二上学期期末数学,10,2
淮北一中,16,2
淮北第一中学第一次月考,5,2
淮南二中,18,2
淮南高一期末考试卷,3,2
淮安市八上数学期中考试,8,2
淮安市淮安外国语,15,2
深中,2,2
深圳 02 6 高三 一模,6,2
深圳 一模2026,10,2
深圳 二模,2,2
深圳一模数学,5,2
深圳一模英语,7,2
深圳中学八下期末,3,2
深圳入学考,13,2
深圳八年级上册9月份语文月考试卷,5,2
深圳初三上学期入学考试卷数学,5,2
深圳初中数学,5,2
深圳外国语学校,2,2
深圳外国语高三上开学,4,2
深圳实验中学,2,2
深圳实验学校,39,2
深圳实验学校初中部2025,3,2
深圳小学五年级英语,10,2
深圳市中考,6,2
深圳市二高深汕,5,2
深圳市弘毅,2,2
深圳市弘毅高级中学有限公司,7,2
深圳市福田区实验教育集团侨香学校,2,2
深圳市第二高级中学,7,2
深圳市第二高级中学新高一入学分班考试数学,11,2
深圳市龙岗区八年级下册物理期末,13,2
深圳开学考高三,2,2
深圳高一下生物期末,5,2
深圳高一分班考,8,2
深圳高三数学,2,2
深圳高三语文,5,2
深圳高二六校英语,5,2
深圳龙华区2026年高二下期末试卷,14,2
深圳龙华区高一期末,9,2
深圳龙城高级开学考试卷,4,2
清单,14,2
清源高级中学高一开学考试,5,2
温州一模,10,2
温州一模英语,8,2
温州一模英语高中,7,2
温州中学,6,2
温州二模,2,2
温州市普通高中2026届高三第二次适应性考试,10,2
温州摇篮杯数学,5,2
温州期末考物理高一下A卷,6,2
温州鹿城八下期末,3,2
温度,2,2
温泉中学,18,2
渭南市一模数学,4,2
渭南高级中学,8,2
湖北一年级上学期阶段检测,57,2
湖北一模,3,2
湖北七年级下学期阶段检测,10,2
湖北中考2023数学恩施,6,2
湖北九调,3,2
湖北云学联盟,53,2
湖北六年级上学期阶段检测,27,2
湖北化学,27,2
湖北十堰茅箭区,15,2
湖北华宜寄宿学校2025-2026学年,3,2
湖北华师一附中,8,2
湖北卷,3,2
湖北名校2026到2027学年英语综合试卷一,10,2
湖北名校联盟,15,2
湖北圆创联考高三,7,2
湖北大学附属中学高二,5,2
湖北孝感安陆初一数学期末试卷,3,2
湖北武汉,7,2
湖北武汉九师联盟,7,2
湖北武汉九调,15,2
湖北武汉九调新洲区,3,2
湖北省2026中考试卷真题,6,2
湖北省2026年数学中考真卷,2,2
湖北省云名校联盟,11,2
湖北省云学联盟,7,2
湖北省十堰市郧阳区,17,2
湖北省开学考,11,2
湖北省松滋市2025~2026上学期九年级第一次月考数学试卷,9,2
湖北省石首市文昌小学三年级上册数学期中试卷,9,2
湖北省鄂州高中,10,2
湖北省随州英语高,8,2
湖北省高三数学开学考,8,2
湖北省高中名校2026届高三第一次联合测评（联考）,7,2
湖北省高中名校（圆创）联盟2026届高三第一次联合测评（联考）,11,2
湖北腾云联盟,8,2
湖北襄阳七年级上数学期中试卷,11,2
湖北重点高中自主招生,7,2
湖北高一期末云学联盟,6,2
湖北高一期末英语试卷,3,2
湖北高三九月调考,80,2
湖南 0 2025中考题,11,2
湖南 02 6 届 九校联盟2026届高三3月,8,2
湖南2026中考试卷,2,2
湖南2026初中学业水平考试模拟试卷,5,2
湖南2026初中学业水平考试试卷,5,2
湖南七年级上学期阶段检测,16,2
湖南中考 试卷2026,9,2
湖南中考 试卷2026数学,4,2
湖南中考数学,14,2
湖南中考语文2026,3,2
湖南五年级上学期阶段检测,9,2
湖南八年下册第一章四边形湘教版试卷,6,2
湖南地区期末真题卷,113,2
湖南天壹名校,12,2
湖南学考,3,2
湖南岳阳楼区,6,2
湖南师大附中 2 0 26届高三 月考卷 三,44,2
湖南师大附中 2025 高一入学分班考试,9,2
湖南师大附中2025级新高一入学考试,12,2
湖南师大附中高一,7,2
湖南师范大学附属中学高一上学期数学试卷,5,2
湖南师范大学附属中学高二上入学,2,2
湖南师范大学附属中学高二下学期期末考试化学,3,2
湖南期末,2,2
湖南永州一模卷初三数学,4,2
湖南永州中考地理,3,2
湖南永州市四中高一入学试卷英语,2,2
湖南永州市第四中学开学考试卷,4,2
湖南省 20 26年普通高中毕业学业水平考试语文真题,5,2
湖南省2026初中学业水平考试数学试卷,2,2
湖南省七年级上册,9,2
湖南省天一壹联校联盟高二上学期期末,7,2
湖南省常德市汉寿县第一中学2024-2025学年 高三上学期期末考试英语试题,12,2
湖南省开学考化学高三上,5,2
湖南省怀化市2025-2026高三上入学考试,2,2
湖南省怀化市2026年下学期期末七年级教学质量抽测卷数学,10,2
湖南省永州市零陵区,22,2
湖南省祁阳市2025八上数学期中考试真题,3,2
湖南省郴州市,16,2
湖南省郴州市安仁县七年级下册数学试卷,5,2
湖南省长沙市长郡中学2025~2026学年高一上学期综合能力检测,9,2
湖南省长沙市雅礼教育集团七下期末考试,4,2
湖南省长沙市高二上学期开学考试政治卷,10,2
湖南郴州市2025‑2026学年下学期期末教学质量监测试题卷七年级数,7,2
湖南长沙第二十六中学高三语文,4,2
湖南长沙长郡,2,2
湖南长郡浏阳,5,2
湖南高三上学期期末,5,2
湖南高三入学考试,7,2
湖南高考物理卷2026,4,2
湖州一中,10,2
湖州二中往年创新班选拔真题,9,2
湖州市,2,2
湖州市2025 2026学年第二学期期末高一,7,2
湖州市竞赛,8,2
湖州衢州丽水,9,2
湘教版英语5年级下册,9,2
湘潭县江声中学初一入学考试试卷,7,2
湛江二中,5,2
湛江农垦实验中学暑假高二物理试卷答案,8,2
湛江第一中学高一月考,4,2
溆浦县第一中学,4,2
滕南,5,2
滕州,11,2
滕州一中自主招生,5,2
滕州八年级上册语文试卷,7,2
滕州市,6,2
滕州市八年级,13,2
滨州,11,2
滨州2025-2026,6,2
滨州市惠民县,10,2
滨州市高一期中考试,20,2
滨州高一上学期期中考试物理,10,2
滨河,26,2
漯河三中七年级数学,3,2
漳州一中,4,2
漳州一检,4,2
漳州八年级,7,2
漳州历史质检卷,4,2
漳州市2026一质检,3,2
漳浦一中,3,2
潍坊9月质量检测,5,2
潍坊中考,7,2
潍坊市2025-2026学年高三上学期开学调研监测,12,2
潍坊开学烤,8,2
潍坊期末英语高一下学期,17,2
潍坊物理,7,2
潍坊神龙教育科技有限公司,5,2
潍坊第一中学,3,2
潍坊高三开学考,2,2
潍坊高三开学考2025,3,2
潍坊高三开学考2025及第,6,2
潜山是2025到2026学年度第二学期期末教学质量检测八年级英语期末测试卷，听力部分,4,2
潮州市金山中学,3,2
潮阳一中明光学校,2,2
潮阳实验学校,3,2
潼南区八下英语期末,6,2
澄海区七年级第一学期期末考,4,2
澄海区六年级期末考,8,2
濮阳市油田一中,2,2
濮阳市油田一中高二开学考,6,2
濮阳市第一高级中学,12,2
瀛海,15,2
灵山县,5,2
炎德英才,7,2
炎德英才大联考2026届高一月考一,6,2
点石,7,2
点石联考9月,10,2
烟台2023一2024高二上学期期中考试物理试题解析版,8,2
烟台海阳九年级上册化学期中,10,2
烟台海阳九年级上册数学期中,10,2
烟台海阳六年级上册数学期中,8,2
烟台芝罘区七年级上册2025–2026历史期中考试,5,2
烟台高一上物理期中,5,2
烟台高一期中,5,2
热力学,3,2
热学,7,2
熟词生义,18,2
燕子矶中学分班考,14,2
牛山一中,5,2
牛栏山一中2025入学考,3,2
牡丹江8年级数学上册期中试卷,15,2
物 理,9,2
物理 2026,3,2
物理 实验题高中专题,11,2
物理2026,2,2
物理2026运动的描述质点参考系,8,2
物理8下期末,8,2
物理一模专题考向,6,2
物理三模,3,2
物理专题复习,5,2
物理专题练习,5,2
物理专题运动和力的关系,8,2
物理九上月考卷,16,2
物理八下压强试题,2,2
物理八下期中,6,2
物理八年级,5,2
物理八年级上册,3,2
物理力学,2,2
物理力学专题复习高中,11,2
物理力学复习专题,21,2
物理动能定理,11,2
物理动量大题专练,6,2
物理匀变速直线运动,6,2
物理卷子,5,2
物理压轴题,27,2
物理受力分析,16,2
物理合格 考2025年 普通高中学业水平,6,2
物理培优,9,2
物理培优复习讲义,3,2
物理天体运动,20,2
物理实验专题,8,2
物理平抛专题,10,2
物理平抛实验,3,2
物理必修一第二章,3,2
物理必修二单元卷,35,2
物理旋转圆题目,3,2
物理期中九上,11,2
物理机械能守恒,6,2
物理模拟卷,11,2
物理欧姆定律试卷,6,2
物理沈阳五校联考高一上期中,6,2
物理浮力专项训练,4,2
物理电磁学专题,3,2
物理相互作用,5,2
物理知识点总结,7,2
物理竞赛 2024年第41届初赛真题,9,2
物理计算题2026计算专题训练,6,2
物理试卷市质检,10,2
物理试卷高一下,10,2
物理运动学专题,12,2
物理运动的描述初中测试卷,10,2
物理追及相遇问题,11,2
物理选修二,7,2
物理选修二综合,2,2
物理选必三综合试卷,11,2
物理选择性必修一步步高同步教材,7,2
物理选择性必修三,5,2
物理选择性必修二,7,2
物理选择题训练,10,2
物理透镜,3,2
物理速度专题,8,2
物理高 考 2026高考真题,4,2
物理高一1下期期末,6,2
物理高一必修一，二综合卷,20,2
物理高三开学考,6,2
物理高二上第二单元检测,2,2
物理高二期末,11,2
物理高考,6,2
物理高考卷,10,2
物质变化,9,2
物质推断,5,2
物质的分类及转化,8,2
物质的变化及物质的分类,34,2
物质的量 1 一轮专题复习,2,2
物质的量在化学方程式计算中的应用,7,2
物质转化与材料利用,3,2
牵手重高 科学综合,3,2
特殊疑问句,5,2
特殊的平行四边形,10,2
状物阅读,5,2
独立性检验,3,2
玉城中学高一上开学考试卷,12,2
玉山县第一中学,3,2
玉林市高中,3,2
玉林附中政治试卷,15,2
玉溪市高二期末语文,4,2
玉环新高一上暑期综合素质测试,11,2
王朝霞,14,2
王朝霞 202 5 2025八年级下册试卷,24,2
现在完成时外研版,9,2
珠海,18,2
珠海九上英语,7,2
珠海八上英语,7,2
珠海市香洲区,33,2
珠海联考试卷高二,3,2
理解性默写,9,2
琢名小渔,2,2
琥珀中学琥珀山庄校区,10,2
琼海数学九年级上册期中卷,17,2
瑞景小学,6,2
瑞泉中学,5,2
瓜州中学,6,2
甘井子区,103,2
甘井子区2025到2026学年度第二学期期末学习质量检测试卷,36,2
甘肃2026高考物理,3,2
甘肃兰州大学附属中学高一,3,2
甘肃天水一中高一下学期期末,4,2
甘肃生物高一,6,2
甘肃省兰州第一中学高三上学期11月月考英语试题,6,2
甘肃省冀教版8年级下册英语试卷积分,7,2
甘肃省天祝县第一中学开学卷,22,2
甘肃省庆阳市华池县第一中学2025‑2026学年高一下学期7月期末考试生物试题,3,2
甘肃省白银市2024-2025学年第二学期期末考试,8,2
甘肃省陇南市武都区两水中学,9,2
甘肃阶段检测,14,2
甘肃陇南市学业水平合格考,11,2
甘肃高一期末语文,11,2
生活中的圆周运动 火车转弯,5,2
生物 一轮复习,5,2
生物 必修一1 1必背知识清单人教版,2,2
生物 月考,3,2
生物 遗传大题专练高中,3,2
生物2026高考真题,4,2
生物一轮复习2027全国,6,2
生物一轮复习必修一,4,2
生物七上,3,2
生物专题,7,2
生物会考复习,13,2
生物发酵工程,16,2
生物合格 考2026年 普通高中学业水平,13,2
生物基因工程大题,2,2
生物大练习,41,2
生物必修一 一轮复习,4,2
生物必修一前四个单元整合卷,10,2
生物必修一复习卷子,4,2
生物必修一复习小测,6,2
生物必修一知识点,5,2
生物必修一第一章单元测试卷,4,2
生物必修一试卷一,7,2
生物模拟综合卷2026,2,2
生物湖南高考,3,2
生物知识清单,16,2
生物细胞器,6,2
生物选修一单元卷,12,2
生物选修一知识点小测,11,2
生物选修一课本,4,2
生物配子题 高一 计算题,5,2
生物高一上期中,5,2
生物高考真题,4,2
生物默写小纸条必修一人教版,12,2
用反比例函数解决问题,5,2
田家炳中学,7,2
田家炳学校,3,2
电功,8,2
电功率,9,2
电化学,9,2
电场强度及其叠加和计算,5,2
电场线、等势面与运动轨迹的综合问题,17,2
电子书,3,2
电容器,9,2
电磁感应大题,11,2
电离方程式,10,2
电能,2,2
电能 能量守恒定律,9,2
电能电功,4,2
电负性,3,2
电路 故障2026复习专题,6,2
电路分析,35,2
电路及其应用,21,2
电路图 串并画图练习 专题,4,2
电路故障分析,8,2
留云小学,2,2
疑问句,8,2
病句辨析,6,2
白云区,4,2
白银市会宁县语文中考题,14,2
百分数,6,2
百强名校,33,2
百数表,20,2
百校联盟,3,2
百校联考,5,2
皇姑,5,2
皇姑区,13,2
皖西大联考2026届高三下学期第一次模拟检测英语听力mp3,3,2
盐城市七年级开学考英语试卷,3,2
盐城市鹿鸣路七上期末考试试卷,6,2
盐城高二上数学月考,3,2
盐类的水解,4,2
盖斯定律,6,2
盘锦中北,4,2
盘锦小升初,4,2
盘锦市高级中学,12,2
直线,9,2
直线与圆、圆与圆的位置关系,2,2
直线与圆单元测试卷,6,2
直线与圆的方程,5,2
直线的交点与距离,7,2
直线运动2027一轮,5,2
直角三角形,21,2
相似 025 一轮 专题 习题,10,2
相似三角形单元测试卷,16,2
相似三角形模型练习,7,2
相似单元,2,2
省十联考,27,2
省实验 2026,2,2
眉山市2026级七年级试卷,21,2
眉山市仁寿县中考卷,15,2
眉山市高2026届第四学期期末教学质量检测语文,14,2
看图写话,7,2
看图写话练习,7,2
真题,4,2
真题分类,14,2
真题卷,3,2
矛盾,8,2
知识清单生物,6,2
知识点 背诵版,8,2
短文二篇 第二课时 记承天寺夜游 基础专练 能力专练,12,2
短文填空专项练习,9,2
石光中学,10,2
石家庄2026,18,2
石家庄一模,14,2
石家庄市第17中学20242025学年度第二学期7年级期末适应性练习政治试卷,10,2
石门一中数学,11,2
硚口区,11,2
硫 氮 无机非金属,23,2
硫及其重要化合物,6,2
社会历史的决定性基础,6,2
祁阳市浯溪二中小升初分班试卷,6,2
祈使句,16,2
福州一中高一,5,2
福州八年级上学期期中数学真题卷,68,2
福州台江区025~2026年第二学期高二年级数学期末练习卷,5,2
福州屏东中学高一政治试卷,3,2
福州屏东八上期中英语,9,2
福州市一检高三,6,2
福州市质检,39,2
福州格致中学,3,2
福州格致中学高一月考卷,12,2
福州清华附中物理,4,2
福州第一中学 开学考试,20,2
福州第一中学第四学段,3,2
福州第一中学高三开门考,4,2
福州高一期末英语,3,2
福州高三一检,8,2
福州高三一检8月份质检,6,2
福州高三上学期第一次质量检测 化学,3,2
福建,6,2
福建一年级上学期阶段检测,8,2
福建中考英语听力音频,11,2
福建八年级上学期阶段检测,9,2
福建化学质检卷高三,14,2
福建南安水头一年级下册数学期末卷,9,2
福建宁德霞浦真题卷八下期末,14,2
福建尤溪县2025-2026八下物理,12,2
福建师大附中,16,2
福建师范大学泉州附属学院,11,2
福建春季高考历年真题,24,2
福建物理高考,2,2
福建省七地市2026毕业班模拟测试,8,2
福建省中考2024年语文卷子,2,2
福建省南平市2025-2026学年高一下学期期末质量检测,15,2
福建省南平市顺昌县,8,2
福建省南平市顺昌第一中学2025~2026学年八年级下英语期末模拟练习卷,4,2
福建省厦门双十中学,55,2
福建省厦门第六中学,20,2
福建省名校联盟,17,2
福建省恒一教育集团2025—2026学年高三上学期开门联考数学试题(A1),5,2
福建省晋江第一中学,3,2
福建省普通高中学业水平合格性考试 语文,17,2
福建省泉州市,6,2
福建省泉州市丰泽区2025-2026学年七年级下学期期末数学试题,3,2
福建省福州市2023至2024学年高三上学期第一次质量检测生物试题,4,2
福建省福州市2025-2026学年高三第一次质量检测语文试题及参考答案,9,2
福建省福州第一中学,38,2
福建省福州第一中学高三开门考,42,2
福建省联考,6,2
福建省莆田市一中,3,2
福建省高中学业水平合格性考试,11,2
福建省高中学业水平考试语文,7,2
福建省龙岩市连城县冠豸中学,32,2
福建福安市第二中学2024-2025学年高二第一学期12月月考英语试题,3,2
福建阶段检测,2,2
福建高一上化学,3,2
福建高中学考,4,2
福建高考,4,2
福清,20,2
福清一中,7,2
福清八上物理,4,2
福清市,31,2
福鼎,8,2
离子 反应,5,2
离子共存,2,2
离子反应方程式,6,2
科学营,4,2
科学计数法,3,2
科学试卷,4,2
秒表读数,10,2
稼轩,8,2
空间向量与立体几何 026专题一轮复习,11,2
空间向量单元卷,7,2
空间向量单元测试卷人教版A版,5,2
空间向量大题,5,2
空间向量解决立体几何问题,10,2
立体几何专题,4,2
立体几何中的外接球与内切球问题,4,2
立体几何高一,13,2
竞赛培优,19,2
竞赛数学,2,2
竞赛物理,15,2
竞赛题,8,2
第01讲,7,2
第02讲匀变速直线运动的规律及应用,9,2
第03讲,21,2
第05讲,7,2
第06讲,13,2
第09讲 介词和介词短语（专项训练）（全国通用）2026年高考英语一轮复习讲练测,7,2
第1单元走进化学世界,3,2
第22章相似性数学新教材沪科版培优冲刺卷,5,2
第40届物理竞赛复赛题,3,2
第46届全国中学生物理竞赛,8,2
第一二单元历史,7,2
第一单元检测卷,14,2
第一学期期中,7,2
第一次月考语文,12,2
第一章有理数,5,2
第二次月考,7,2
第二章等式性质与不等式性质,2,2
第六子联盟,7,2
第十四章 全等三角形,11,2
第四中学,9,2
等时圆模型,4,2
等高线,6,2
答题卡语文,6,2
策勒县第一中学,8,2
简单机械,13,2
简单机械复习,6,2
类似2026高考二卷语文真题,15,2
精准学,4,2
精华学校,7,2
精品解析:山西运城市2025‑2026学年高一下学期期末考试政治试题,5,2
精品解析：2026年山东省济南市历下区九年级学业水平第一次模拟考试英语试题,3,2
精品解析：浙江省宁波市镇海蛟川书院2025-2026学年九年级上学期学科素养大比拼数学试卷,3,2
精品解析：长沙市2025-2026学年八年级下学期期末考试数学试卷,3,2
精品质检，云南省昆明市西山区2025至2026学年,13,2
精英新课堂·三点分层作业,10,2
索资源 打开APP     精品解析：江西省上饶市弋阳县 2025-2026学年下学期期末学业质量监测八年级 数学,2,2
紫云中学,11,2
紫荆,24,2
組卷 网,4,2
红对勾 2026版大一轮复习,9,2
红岭,28,2
红岭中学,38,2
红岭中学 新高一分班考试,4,2
红星照耀中国,5,2
红楼梦导读,11,2
红楼梦必背知识点,5,2
红河州,31,2
约数是什么,4,2
纲要上第一课,3,2
线段的比,3,2
练习,7,2
练测考,10,2
细胞中的糖类和脂质,3,2
绍兴一中,7,2
绍兴市 2025学年第二学期高中期末调测,10,2
绍兴市2024学年第二学期高中期末调测高二技术,4,2
绍兴市元培中学小升初分班考试卷,14,2
经典遗传题目,6,2
经开,21,2
结构大题,7,2
绝对值,8,2
绝对值 12大题型 七上数学 压轴大题,5,2
统考,7,2
统考卷,6,2
统计,10,2
统计 套题,13,2
绥化一中,6,2
绵阳2026高二下期末,3,2
绵阳东辰中学,5,2
绵阳中学实验学校高一入学考,11,2
绵阳六年级上英语,3,2
绵阳市2026高一下期末,17,2
网课,19,2
网课讲授,2,2
美丽沙,7,2
美女,4,2
翔宇,5,2
翠园中学,13,2
耀华 高一,7,2
耀华中学高三物理上学期,18,2
老子四章,2,2
考前押题02,21,2
考前押题03,26,2
考研,6,2
考科学复习创新方案（含册子）高中英语全册通用版,5,2
考高真题全国二卷,9,2
聊城 高二 2026期末考试,10,2
聊城一中,9,2
聊城三中,3,2
聊城市7年级上册期末考试语文卷,3,2
聊城市一模,11,2
聊城市东昌府区8年级上册期中,34,2
聊城高一开学考,7,2
职业教育,21,2
联合体期中,14,2
联盟,6,2
肇庆,12,2
肇庆市,26,2
肇源县,24,2
肇源县第五中学,7,2
肥城六下历史,10,2
肥城市九年级上册化学期中测试卷，2024到2025学,12,2
育才九下,8,2
育才九下三月月考,6,2
育明,3,2
育明高二下物理期末,2,2
背,55,2
胡不归,7,2
胡不归-最值问题,5,2
胡克定律专项,9,2
胡克定律物理,3,2
能量守恒,25,2
腾云联盟,2,2
自主招生 物理,5,2
自主招生数学试卷,14,2
自招,7,2
自招 数学,23,2
自招物理,3,2
舟山,13,2
舟山市2025学年第二学期高二数学期末检测考,2,2
船山实验中学,5,2
芜湖市第一中学,5,2
芝罘区,10,2
花都区高一上册语文期末考试,3,2
苏大附中,9,2
苏州2026届高三上学期期初阳光调研,19,2
苏州中学园区校,12,2
苏州中学高二物理,4,2
苏州中考,3,2
苏州工业园区星浦实验中学,9,2
苏州工业园区星海实验高级中学,4,2
苏州工业园区青剑湖实验中学,36,2
苏州西附10月月考,14,2
苏州重点初中新初一分班考试卷,5,2
苏教版一年级下册综合测评数学,24,2
苏教版八年级上册数学,3,2
苏教版化学必修一专题一专题二真题,7,2
苏教版数学5年级上册小数复习,3,2
苏科版八年级上册 1.3三角形全等的判定（1）到（8）导学案」,8,2
苏锡常镇二模,3,2
英吉沙县多校联考2025-2026高一下学期期末数学,5,2
英吉沙县多校联考2025年到2026年高一。下学期期末考试数学,5,2
英吉沙县高一下学期期末卷化学,4,2
英才,8,2
英才大联考,10,2
英才大联考长郡,3,2
英语 0 2 6 学 年 度,2,2
英语 0 2 6 学 年 度 三模中考,2,2
英语 中考 2026试卷,12,2
英语 单词,2,2
英语 听力10年真题,60,2
英语 时文阅读2026,3,2
英语 语法 必备知识大全,11,2
英语 语法2025专项讲解,10,2
英语 高考全国一卷试卷,15,2
英语2023高考卷,3,2
英语2026全国二卷,4,2
英语3500词,12,2
英语688词汇,3,2
英语688词背诵版,8,2
英语一轮复习,4,2
英语七选五,8,2
英语七选五2026届专项练习,16,2
英语不规则动词表,15,2
英语专项训练,4,2
英语专题,2,2
英语九年级上册第一讲知识全梳理,5,2
英语书,3,2
英语二模卷,6,2
英语人教版 电子书,6,2
英语仁爱新版,6,2
英语任务型阅读,2,2
英语全国一卷,5,2
英语单词表汇总,9,2
英语单项选择100道,9,2
英语卷,6,2
英语听力训练,8,2
英语周报,2,2
英语哈尔滨高一期末,5,2
英语字帖 衡水体,9,2
英语学考,7,2
英语完型填空 100篇 专项训练英语2026,17,2
英语完形填空20篇,9,2
英语应用文写作,10,2
英语必修一,4,2
英语必修一 单词默写,7,2
英语必修二单词表,11,2
英语时态练习,4,2
英语月考,7,2
英语期末考试,14,2
英语模考卷,3,2
英语短语,5,2
英语考纲3500,13,2
英语试卷市质检,24,2
英语语法填空高三,5,2
英语读后续写,12,2
英语读后续写从头到脚部位的描写,4,2
英语重庆八年级下册,7,2
英语阅读理解20篇,17,2
英语阅读理解与完形填空专训,5,2
英语阅读理解研究报告里说明文,5,2
英语高 考 真题 2021至2025全国,14,2
英语高一,7,2
英语高中必备词汇,7,2
英语高中词汇,8,2
英语高考卷,5,2
英语高考真题听力音频,19,2
英语高考读后续写,4,2
英语高频词汇,3,2
英语高频词汇高中,10,2
茂名市化州市第九中学,9,2
茂名开学考高三,5,2
茂名期末高二数学。,8,2
荆州市2025 2026学年度高一年级质量检测试卷日语,3,2
荆州市2025至2026学年度高二年级质量检测,7,2
荔湾区,7,2
荣恒全能练考卷 周末小卷 七年级数学人教版,10,2
莆田一中 高一新生入学考,14,2
莆田一模,18,2
莆田八上数学第一次月考,3,2
莆田市2025 2026学年下学期期末质量调研试卷,6,2
莆田市2026届高中毕业班适应性练习英语,3,2
莆田市2026年高中毕业班适应性练习英语,7,2
莆田第一中学,6,2
莆田第一中学开学考,10,2
莆田第一中学高一,21,2
莆田第一中学高一开学考,7,2
莆田高三,11,2
莎车县,12,2
莱西市济南路中学,8,2
莱阳,15,2
莲花中学高一上期月考卷,8,2
菁华,5,2
菏泽,31,2
菏泽2026高一下期末,3,2
菏泽定陶万福实验学校,9,2
菏泽市八年级上册英语试卷,6,2
菏泽市巨野县第二学期期末考试真题,18,2
菏泽市高一下学期期末英语试卷2026,5,2
菏泽高三上期中考试,2,2
菏泽高二下学期期末,6,2
萍乡市,10,2
萍乡市高三上学期九月,6,2
营口,9,2
营山县城北实验学校,2,2
萧县七上期末考试试卷,5,2
萧山,10,2
萧山区,5,2
萧红,35,2
葫芦岛期末,14,2
葫芦岛连山区小升初考试卷,23,2
蒙城县2025至2026第二学期期末测试卷,7,2
蓟州区,11,2
虎门成才实验学校 九上期中数学,4,2
虚拟语气,3,2
虚拟语气初中,5,2
蚌埠A层高中 高二10月联考物理（往年）,45,2
蚌埠二中开学考试,2,2
蚌埠市2024 2025第一学期高一A层第二次联考数学,12,2
蚌埠市2024 2025第一学期高一A层第二次联考物理,12,2
蚌埠市2024~2025高二期末英语,3,2
蚌埠市2025届高三调研性检测,14,2
蚌埠市2026届高三一模 语数英物化生,29,2
蚌埠市2026届高三年级适应性考试,4,2
蚌埠市2026届高三调研性检测,9,2
蚌埠市2026年高三8月份调研性监测化学,5,2
蚌埠市20二六届高三调研性检测,4,2
蚌埠市高三开学摸底考,23,2
蛋白质计算,4,2
蛟川书院甬江校区,7,2
蛟川书院甬江校区 小升初分班数学,2,2
衔接点,2,2
衔接试卷高中,16,2
衡中2025-2026高一上学期英语综合素质评价四,4,2
衡水,4,2
衡水金卷 先享题,2,2
衡水金卷 先享题 2026 拿满基础分 自主小练 英语 答案,5,2
衡水金卷高三一轮复习生物走进生物,3,2
衡阳八中,4,2
衡阳市一中,13,2
衡阳市一中2025年下学期高一期中考试英语试题,18,2
衡阳市一中2025第一学期入学分班考试,7,2
衡阳市第一中学分班考试卷,2,2
衡阳市船山实验中学八上开学考语文,4,2
衢州市柯城区,17,2
衢州高二期末,10,2
补集,5,2
裂项,7,2
裂项相消法,23,2
襄阳五中高一上数学月考,8,2
襄阳四中卓越班,3,2
襄阳四中第一次月考,12,2
襄阳市,5,2
襄阳市第五中学附属中学九上数学第一次月考,5,2
襄阳市第四中学,4,2
西光中学,10,2
西北师大附中,12,2
西北师大附中2025年高二第一学期第一次月考,6,2
西北师范大学附属中学,16,2
西北狼联盟考试开学高三物理,3,2
西南大学附中高一期末地理试卷,5,2
西南大学附属中学开学考,6,2
西城一模,10,2
西城区七年级下期末数学,4,2
西城区五年级下册数学期末试卷,21,2
西城区地理,4,2
西大附中,4,2
西安,3,2
西安89中分班考卷子,7,2
西安七年级上册第一次月考,4,2
西安中学2025开学考,6,2
西安中学2025月考,12,2
西安交通大学附属中学,6,2
西安小升初分班考模拟灞桥区右岸中学历年分班考试,5,2
西安市期末试卷2026最新语文,31,2
西安市铁一中,3,2
西安市高新区第11初级中学分班考数学2025,6,2
西安滨河学校,12,2
西安铁一中高一上学期,2,2
西峡小升初,18,2
西工大附中2025高一,3,2
西昌市2025 2026年高一下英语学期试卷,3,2
西藏期中,7,2
西藏期末,21,2
西附月考西南大学附属中学5月,2,2
西青区期末,6,2
角,23,2
解三角形专项训练,6,2
解三角形专题复习,9,2
解三角形中三角形的面积、周长、边的最值与范围问题,22,2
解三角形中的中线，角平分线，线段比的解决策略,7,2
解决问题,22,2
解直角三角形,6,2
解题觉醒,2,2
计数原理,5,2
计算 100专项训练计算专项,5,2
计算题专项训练,9,2
让我们走进地理,12,2
议论文写作,4,2
议论文素材积累,11,2
议论文范文,5,2
记叙文阅读,14,2
记承天寺夜游,16,2
许昌市2026学年第二学期期末教学质量检测高一,11,2
词性转换,9,2
诏安桥东中学,11,2
译林版五年级完形填空,5,2
试卷国土开发与保护,3,2
语 文,19,2
语文20252卷高考真题,2,2
语文一轮复习,4,2
语文一轮复习讲练测,12,2
语文专项训练,12,2
语文九上专题练习,12,2
语文书电子版,11,2
语文作文 2026备考素材作文,5,2
语文作文答题卡,5,2
语文必修上,3,2
语文必修上 下 选择必修上 中 下的文言文和古诗必背,4,2
语文文言文120个实词和虚词,10,2
语文期末考试,5,2
语文病句训练,7,2
语文答题模板 高中,9,2
语文答题模板答题技巧 高中,10,2
语文联考,18,2
语文试卷人教版,10,2
语文课本,6,2
语文近五年高考真题,3,2
语文阅读散文题,10,2
语文阅读理解 100篇专项训练,4,2
语文阅读真题,2,2
语文高一下期末测试卷,7,2
语文高考,7,2
语文高考全国一卷,5,2
语文高考模拟卷,9,2
语文高考真题,3,2
语文高考语言文字运用h,2,2
语法填空专项,9,2
语法填空高三,6,2
语法填空高三练习,14,2
说明文,5,2
诸暨,24,2
诸暨浣江中学2025-2026分班考试卷,3,2
读 后 续写10句5定法课件,6,2
课 件,7,2
课件PPT,10,2
课时作业本九上,8,2
课本 20024电子,2,2
课标,3,2
调和点列,6,2
谏太宗十思疏,4,2
贞白中学,23,2
质点习题,15,2
贯通班,6,2
贯通班初升高选拔试题,6,2
贵州26届八月摸底考试题,8,2
贵州中考,3,2
贵州中考数学,5,2
贵州安顺市开发区五年级下册2025-2026数学,15,2
贵州师范大学附属中学,4,2
贵州期末,14,2
贵州毕节市2025-2026学年高二下学期期末质量检测 化学试卷,3,2
贵州省‑思想政治‑学业合格考专,3,2
贵州省合格性考试模拟卷免费,8,2
贵州省贵定县八年级统考期末试卷,43,2
贵州省铜仁市2026年7月质量监测试题高一生物学,6,2
贵州遵义市高二期末数学卷,7,2
贵州高三适应性考试数学,3,2
贵州高中化学试卷,4,2
贵阳,12,2
贵阳2026高三摸底考试,52,2
贵阳一中高一开学考试,2,2
贵阳市2026届高三年级摸底考试试卷,22,2
贵阳市2026届高三年级摸底考试试卷语文,9,2
贵阳市2026年高一历史市统测试卷,4,2
贵阳市南湖实验中学,10,2
贵阳市普通中学2025‑2026学年度第二学期期末监测考试 七年级,3,2
贵阳市高三开学考,15,2
贾贵龙,5,2
赢在微点背多分,7,2
赢在微点语文,4,2
赢在微点语文60天过教材一轮,4,2
赣县,8,2
赣州一模,6,2
赣州市章贡区八年级上册,29,2
赣抚吉,2,2
赣榆区数学期中试卷中试卷,9,2
赤壁赋,9,2
走进化学世界,6,2
起点考,6,2
超级考卷八年级下册英语,3,2
越秀区七年级下册数学,12,2
跨学科,88,2
路南区2025 年友谊中学九上第一次月考数学试卷,7,2
辅助角公式,10,2
辉县高一英语,3,2
辽中区2026期末,12,2
辽中区地理,7,2
辽宁10名校联盟高三上学期开学考,2,2
辽宁2026年9月,10,2
辽宁七年级上学期阶段检测,17,2
辽宁丹东省七校联考,12,2
辽宁九年级上学期期中,5,2
辽宁九年级上学期阶段检测,16,2
辽宁八年级上学期阶段检测,13,2
辽宁名校联盟9月,6,2
辽宁名校联盟数学,5,2
辽宁名校联盟高三上学期9月份试题考,19,2
辽宁大连二十四中,7,2
辽宁师范大学附属高中,3,2
辽宁开学考试,61,2
辽宁朝阳北票中考,12,2
辽宁期末,6,2
辽宁本溪2026年八下期末卷子,7,2
辽宁省,14,2
辽宁省9月开学考高三,22,2
辽宁省中考英语2026,2,2
辽宁省五校联考,6,2
辽宁省五校联考高一期末,12,2
辽宁省名校联盟2025年高三9月份联合考试数学,8,2
辽宁省大连市普兰店,8,2
辽宁省实验,13,2
辽宁省实验 2026,5,2
辽宁省实验中学2024-2025上学期第一次月考高三生物学试卷,3,2
辽宁省实验学校,10,2
辽宁省实验高一物理期末,3,2
辽宁省沈阳市五校协作体,8,2
辽宁省沈阳市沈河区英语2025~2026七年级下学期期末考试卷,3,2
辽宁省沈阳市法库县东湖一中9月月考卷七年级上册数学,23,2
辽宁省营口市期末考试,4,2
辽宁省葫芦岛市历史期末九上,5,2
辽宁省重点高中沈阳市郊联体2025-2026学年高三上学期10月月考化学试题,3,2
辽宁省黑山县初中八年级语文期末,10,2
辽宁葫芦岛,16,2
辽宁锦州黑山初中八年级数字,15,2
辽宁阜新九年级数学上学期月考,4,2
辽宁鞍山物理模拟高中,7,2
辽宁高一上学期期中,10,2
辽宁高一下期末数学,6,2
辽阳期末,33,2
达一中,2,2
达州中学,4,2
达州市2026年春季学期高中一年级教学质量监测 选用卷,10,2
达州高三零诊数学,3,2
达拉特旗第二中学,5,2
达权店高级中学,5,2
迁安一中,3,2
过去完成时,7,2
运动的描述初中,5,2
运河中学,2,2
近十年的高考语文试卷高考二卷,3,2
近年高考真题语文,8,2
进入新时代,14,2
连云港,29,2
连云港东海县,9,2
连云港中考,5,2
连城县,6,2
连接体问题,7,2
连江县7年纪上册数学期中考,3,2
追及相遇问题,13,2
适应性训练1‑13,8,2
选修1,2,2
选修一化学,5,2
选修二政治选择题,7,2
选修课数学导学案,4,2
选必一 第一章 内环境与稳态,8,2
选必三,2,2
选择性必修1 英语,4,2
选择性必修1化学鲁科版,13,2
选择性必修一数学第一张检测,2,2
选择性必修一生物,28,2
选择性必修一生物第一次月考,10,2
选择性必修二数学,58,2
选择题,8,2
选词填空,23,2
通州区育才中学,3,2
通辽五中25年新生入学考试英语试卷,2,2
速率平衡,2,2
逻辑与思维,2,2
逻辑与思维模块检测试卷,8,2
遂宁,7,2
遂宁东辰的英语卷子,9,2
遂宁中考2025英语,3,2
遂宁初一下期期末考试,39,2
遂宁市中考真题2026,12,2
道德与法治同步单元卷,4,2
道德与法治知识清单,24,2
道法九上,2,2
道法九上天津,3,2
遗传 026 专项 大题,10,2
遗传与进化,11,2
遵义中考英语,3,2
遵义五中2026届高三信息质量监测,8,2
遵义兀节zymc1,3,2
遵义市2026高一年级卷库试卷二,12,2
遵义市南白南白中学2022-2023,5,2
邓州市,11,2
邗江一中,63,2
邢台8年级下学期考试卷,7,2
邢台市信都区2025一2026学年度第二学期数学期末测试卷七年级下册,5,2
邢台市第一中学,8,2
邢台市第十九中学,7,2
邯郸一中高一上学期分班测,41,2
邯郸市20二六届高三第一次模拟检测,8,2
邯郸市开学开学考试卷,11,2
邯郸市高三第一次,7,2
邯郸市高三第一次模拟测试,4,2
邯郸新初一杨帆分班考,7,2
邯郸远航新初一分班考试卷,3,2
邳州,7,2
邳州市五年级下册数学期末考试卷,5,2
邵阳市2026年三模生物,6,2
邵阳市一模,10,2
邹城,18,2
邹城实验中学,7,2
邹城小升初分班考,8,2
邹城市八年级上册数学真题,5,2
邹城市新一中,6,2
邹平,17,2
邹平市,13,2
邻水,5,2
郑东新区外国语新初一分班考试卷,12,2
郑州外国语高一下期末数学试卷,3,2
郑州外国语高二上期末,8,2
郑州小升初,3,2
郑州小升初分班英语真题,8,2
郑州郑东新区外国语分班考试卷,6,2
郓城,38,2
郧阳区第一中学,7,2
部分区,7,2
郯城一中高一月考,4,2
郯城县小升初,10,2
郸城一高高一,3,2
郸城求真中学,12,2
鄂东南联考,16,2
鄂尔多斯康巴什七年级期末外研版英语,10,2
鄱阳一中,3,2
酸碱中和滴定PHV图像,3,2
酿造狼牙台酒必备 五种粮食 高粱 大米 糯米 小米 玉米,13,2
重庆 0 2025 初三数学,4,2
重庆 一中,2,2
重庆 八中高一月考,8,2
重庆 南开,10,2
重庆1中,7,2
重庆2025政治两江新区七年级下次,4,2
重庆2026七下期末考试卷新巴川,6,2
重庆8下物理,4,2
重庆一中 20 26高二下期末,5,2
重庆一中 英语,8,2
重庆一中、三中、八中高三上学期开学考,23,2
重庆一中八年级上册 英语,10,2
重庆一中月考,19,2
重庆一中高一上月考物理,3,2
重庆中考数学,8,2
重庆九龙坡八年级下期数学考试卷子,3,2
重庆二年级上学期语文试卷,6,2
重庆八中2025 2026,28,2
重庆八中2025 2026八下期末,16,2
重庆八中2026届高三强化训练 历史类 重庆八中2026届5月全真模拟 文综 重庆八中高三适应性月考 政治/历史/地理 重庆八中 树人挹青苑 历史类数学 重庆八中高三英语读后续写范文,5,2
重庆八中26届9月数学,3,2
重庆八中初中数学,8,2
重庆八中化学入学考试,6,2
重庆八中宏帆中学,13,2
重庆八中渝北,3,2
重庆八中高一上数学考试2028届,8,2
重庆南开中学2026-2027高三第一次月考,6,2
重庆南开中学八月联考,4,2
重庆南开中学高三英语试卷,3,2
重庆南开初二期末物理试卷,7,2
重庆南开数学高一上,25,2
重庆南开第一次月考,12,2
重庆南开英语,7,2
重庆名校高三上总含复习试卷,6,2
重庆巴蜀中学校,6,2
重庆巴蜀高三生物,14,2
重庆市2021届高三第一次联合诊断检测（康德卷）生物试题（解析版）,3,2
重庆市2025-2026学年高一上学期期末模拟卷英语,3,2
重庆市2026届高三第一次联合诊断,5,2
重庆市2026届高三第一次联合诊断数学,7,2
重庆市2026年中考,6,2
重庆市2026年高一下期末考试,10,2
重庆市九龙坡区2025‑2026学年八年级下学期期末学业质量测评,24,2
重庆市九龙坡区2025—2026年8年级上数学期末试卷,4,2
重庆市九龙坡区高一教育质量全面监测（改编）,8,2
重庆市九龙坡区高一期末试卷,8,2
重庆市云阳县双江中学,7,2
重庆市实验中学,2,2
重庆市巴蜀中学,4,2
重庆市江津区9年级上册数学期中真题卷,13,2
重庆市第一中学校,55,2
重庆市第二外国语学校2025~2026学年度高二025级高一上期末物理学科试题,4,2
重庆市育才中学,8,2
重庆市西北狼教育联盟2023~2024学年高三上学期。,8,2
重庆市长寿区2025年九年级指标到校考试数学,3,2
重庆强基英语,10,2
重庆渝北八中九上开学考数学,11,2
重庆第一中学高三月考数学,10,2
重庆育才中学,4,2
重庆西南大学附属中学2024-2025校初二上数学,6,2
重庆西南大学附属中学2025-2026校初二上数学,5,2
重庆高一上英语,11,2
重庆高一下期末数学,7,2
重庆高一下期末数学康德,16,2
重庆高一化学试卷,5,2
重庆高三化学复习卷,6,2
重庆高二英语,12,2
重庆高考物理,5,2
重点校2025-2026,14,2
重点高中提前招生,5,2
金 华 十校 2 0 2 6 年 高二期末,2,2
金华十校2025年11月高三模拟考试,9,2
金华十校2026年4月高三模拟,6,2
金华十校第二学期期末考试高一物理试题卷,4,2
金卷2026版,28,2
金太阳2025高一三月联考生物,9,2
金太阳2026河北省邢台高一期末,18,2
金山,8,2
金普新区2025到2026学年度第二学期期末质量检测,20,2
金普新区三年级下册英语期末卷,4,2
金沙县第一中学,18,2
金海,12,2
金海分班考,2,2
金版新学案 2027高考一轮复习,2,2
金牌题库快乐假期复习计划,6,2
金考卷选择性必修一,2,2
金苹果锦城第一中学,12,2
金陵中学,4,2
金陵中学高一数学期中,4,2
钟英中学,8,2
钠及其化合物,4,2
钠及其重要化合物练习题,6,2
铁一中学,4,2
铁岭市,11,2
铜仁一中,5,2
铜山一中高一上9月份月考,8,2
铜陵高一入学测试卷,10,2
银川一中生物,4,2
银川二中,6,2
锐角三角函数,3,2
锦州中学,7,2
锦江区一诊英语,6,2
镇平,13,2
镇平县,12,2
镇江市2026年高二下数学期末考试,8,2
镇江市七年级下期终数学试卷,3,2
镇海中学2025学年期末试题高一下化学,5,2
镇海区仁爱中学期中试卷,19,2
长安一中,7,2
长寿,8,2
长春外国语,12,2
长春外国语学校,5,2
长春市第二实验中学,7,2
长春第二中学,9,2
长春预高一英语,7,2
长春高一下期末数学,6,2
长沙2025分班考卷子,9,2
长沙一中2026高一,4,2
长沙一中高一学前考,6,2
长沙县一中,8,2
长沙县一中中学,2,2
长沙县高一化学试卷入学考试,4,2
长沙四大名校九年级上数学期中,4,2
长沙四大名校联考,10,2
长沙市一中2025高一第一学期入学分班考试,5,2
长沙市一中2026高一期末,4,2
长沙市南雅中学,6,2
长沙市南雅中学八年级下册期末试卷,36,2
长沙市周南中学2025新高一分班考卷,4,2
长沙市实验中学入学考试卷,17,2
长沙市第一中学开学考,25,2
长沙市第一中学高一,5,2
长沙市长郡,3,2
长沙市长郡中学,15,2
长沙市长郡中学初升高分班,7,2
长沙市雅礼15中入学考试试卷,4,2
长沙市雅礼中学,17,2
长沙市高一入学分班考试卷'语文,3,2
长沙师大附中,2,2
长沙新高一入学分班考,45,2
长沙雅礼中学高一下学期2026期末英语试卷,3,2
长沙雅礼教育集团期末,12,2
长沙高一入学考,8,2
长沙高一入学考数学,4,2
长治市2025-2026学年度八年级学情期末调研,13,2
长群语文卷,2,2
长郡 2026高二期末考,7,2
长郡2025 2026新高一上入学考,2,2
长郡2026高三上暑假检测卷英语,5,2
长郡8月开学考,11,2
长郡中学 026高三数学期末,4,2
长郡中学2024 2025学年高中入学分班考试,2,2
长郡中学2024年高二暑假作业检测试卷数学,27,2
长郡中学2025下学期地理,9,2
长郡中学入学分班,20,2
长郡中学开学考,6,2
长郡中学高一上学期入学考试,13,2
长郡中学高一分班考,6,2
长郡二十校高三四月,8,2
长郡入学,11,2
长郡入学分班,18,2
长郡化学,22,2
长郡外国语,15,2
长郡斑马湖,5,2
长郡生物,8,2
长郡集团,7,2
长郡集团七下期中,6,2
长郡高一上学期入学分班考试英语,2,2
长郡高一上期中,6,2
长郡高二下期末,6,2
长郡高二期末,2,2
闽教版四年级Unit2 单元练习卷,2,2
闽教版四年级上册单元练习卷,8,2
闽教版英语三年级上册第三单元试卷,3,2
阅读 100篇专项训练,12,2
阅读理解小说,6,2
阅读还原,6,2
阜新市,5,2
阜新市实验高中,27,2
阜阳一中,12,2
阜阳太和,13,2
阜阳实验中学,10,2
阜阳市第一中学2026年期末考试高一,8,2
阳春,17,2
阳泉,22,2
阶段提能七三角函数的图像与性质,5,2
阶段检测,10,2
阿勒泰地区二中,3,2
阿坝州中考语文,14,2
阿城九上期中数学,7,2
阿拉尔,4,2
阿拉尔中考,19,2
陈经纶,18,2
限度,6,2
陕晋宁青卷政治高考真题,4,2
陕西,12,2
陕西师范大学附属中学,8,2
陕西榆林,5,2
陕西省榆林市一中高一物理卷子,3,2
陕西省渭南市澄城县，历史卷,12,2
陕西高二开学数学,4,2
陕西高考试卷,8,2
除数的是小数的除法,13,2
随州9月月考,18,2
隐圆模型,7,2
隐圆问题,3,2
雅琳思政,12,2
雅礼2025高二上学期期中考试物理,4,2
雅礼中学2026届高三月考试卷(一)数学,8,2
雅礼中学2026届高三月考试卷物理,4,2
雅礼中学2026年上学期期末考试试卷数学,14,2
雅礼中学高一上学期入学考试,31,2
雅礼中学高一入学考,3,2
雅礼中学高中入学考,6,2
雅礼教育集团2025年下学期期末考试试卷高一英语,2,2
雅礼集团,7,2
集合 常用逻辑用语 不等式,7,2
集合 考点,5,2
集合2027届一轮,11,2
集合不等式,10,2
集合培优,7,2
集合大题,4,2
集合测试卷 高一,11,2
集合练习题,5,2
集美中学高中开学考,41,2
霍邱一中长周班考试,2,2
霍邱县第三中学英语,5,2
青大附中高中,10,2
青岛 0 2026初三期末下,15,2
青岛七上历史,4,2
青岛中考,2,2
青岛中考数学,8,2
青岛九中第一次月考化学,5,2
青岛二中物理2025高一上期末,10,2
青岛二中自招,5,2
青岛八年级上册西海岸期中英语,5,2
青岛小学五年级期末语文,5,2
青岛市,12,2
青岛市2024‑2025学年高三上学期期初调研检测,8,2
青岛市初一上册数学第一单元测试题,7,2
青岛市城阳区第十中学,14,2
青岛市市南区2026期末八年级数学考试卷,5,2
青岛市期初,6,2
青岛市统一考试数学高一下期末,8,2
青岛市高三期初调研检测,4,2
青岛烹饪职业学校,28,2
青岛高三开学考,27,2
青岛高三期初,2,2
青桐鸣大联考高三开学考,37,2
青桐鸣联考,16,2
青浦高级,6,2
青海2026年高考,12,2
青海七年级下学期阶段检测,5,2
青海模拟高考卷,32,2
青海省西宁市五年级下册,14,2
青海高一上学期阶段检测,13,2
静安区,9,2
静电力及电场全面题型,6,2
静电场及其应用,25,2
非渭语,2,2
非渭语 100单句填空高一,8,2
非渭语动词,10,2
非谓语,7,2
面积,6,2
鞍山一中,4,2
鞍山一模,4,2
鞍山高三一模,3,2
韦达定理综合应用,6,2
音标,16,2
音标 0基础 48 个音标 PPT,4,2
音频,2,2
音频 1 单词录音 课文录音,8,2
韶关物理,15,2
预习高二英语选择性必修一知识点笔记总结,3,2
频率直方图题,4,2
风华,4,2
首字母填空,11,2
首都师范大学附属中学,21,2
香港阶段检测,12,2
马鞍山市2025-2026学年第二学期期末教学质量检测高一思想政治试题,3,2
马鞍山市和县小升初语文分班考试模拟卷,17,2
马鞍山市第二中学2025-2026高二上学期10月教学质量监测数学试题,3,2
马鞍山第八初级中学,8,2
驻马店2024 2025下学期期末试卷,12,2
驻马店市一高高一入学分班考试,8,2
高 1 必修1语文,24,2
高 一 0 上学期 人教版 必修一月考,17,2
高 一 0 上学期 化学,4,2
高 一 化学,8,2
高 一 数学 上学期 期中,7,2
高 一 英语1 0 上学期 期末试卷,11,2
高 一化学期末测试卷下学期,17,2
高 二数学,16,2
高 考 2025高考真题英语,32,2
高 考 2026高考卷,4,2
高 考 2026高考真题全国一卷英语,5,2
高 考 2026高考真题全国二卷语文,6,2
高 考 2026高考真题湖南,2,2
高 考 2026高考真题英语,5,2
高 考 化学2026高考,5,2
高 考 物理1卷 2026全国真题,6,2
高 考 英语2026高考全国1卷真题,9,2
高 考 英语2026高考全国2卷,6,2
高 考 语文2026高考全国1卷真题,8,2
高 考卷 2025年真题,8,2
高 考卷1卷真题,15,2
高2026届高三年级质量检测英语试题,10,2
高一 10 月考,2,2
高一 10 月考江苏扬州,3,2
高一 上 1 期末,3,2
高一 下生物期末测试卷,5,2
高一 分班考,12,2
高一 分班考试卷,2,2
高一 数学期末测试卷,16,2
高一 期末,45,2
高一 期末数学 试卷 下学期,6,2
高一 语文 必背古诗词上册,5,2
高一上,28,2
高一上2025文山州期末考试,15,2
高一上入学考,9,2
高一上入学考试 分班考试,39,2
高一上入学英语,7,2
高一上册分班考试试卷,29,2
高一上册数学 期中试卷,10,2
高一上册物理期中卷,6,2
高一上册物理期中试卷,15,2
高一上册物理期末试卷,4,2
高一上分班考试,12,2
高一上化学,6,2
高一上化学月考,11,2
高一上化学选择性必修一,3,2
高一上学期入学考试试卷师大附中数学,3,2
高一上学期其中考试,7,2
高一上学期学考,7,2
高一上学期开学考,12,2
高一上学期开学考试,5,2
高一上学期数学月考,12,2
高一上学期数学期末卷安溪,3,2
高一上学期月考化学,12,2
高一上学期月考数学梅县东山中学,11,2
高一上学期月考物理,24,2
高一上学期期末英语学易金卷,4,2
高一上学期第一次月考数学,3,2
高一上学期第一次月考物理试卷,5,2
高一上学期英语月考卷昆山高级中学,4,2
高一上开学分班考试,40,2
高一上开学考,6,2
高一上数学,4,2
高一上数学函数,9,2
高一上数学期末,31,2
高一上期中,21,2
高一上期中广州数学,2,2
高一上期中物理,17,2
高一上期末物理,8,2
高一上物理,6,2
高一上物理月考,3,2
高一上物理第一单元测试卷,6,2
高一上英语,11,2
高一上英语一月考,8,2
高一下册期末历史试卷,5,2
高一下册生物期末试卷,4,2
高一下册语文高考真题,7,2
高一下化学期末考试卷,22,2
高一下北京,4,2
高一下半学期期末英语试卷,3,2
高一下学期,21,2
高一下学期数学期末,12,2
高一下学期数学立体几何试卷,11,2
高一下学期数学试卷,17,2
高一下学期期末卷,11,2
高一下学期期末考试试卷物理,7,2
高一下学期生物期末,8,2
高一下学期第一次数学月考卷2026湖南,3,2
高一下学期阶段检测,8,2
高一下开学考2025,11,2
高一下开学考物理,24,2
高一下数学四川,8,2
高一下数学期末考试,5,2
高一下期末 数学试卷,4,2
高一下期末数学试卷,12,2
高一下期末数学试卷江苏,7,2
高一下期末物理试卷江苏,12,2
高一下期末考物理齐齐哈尔,5,2
高一下生物期末,4,2
高一下生物期末考试卷,10,2
高一人教版必修期末卷,14,2
高一入学摸底测试,6,2
高一入学数学长郡,4,2
高一入学检测,3,2
高一入学考试试卷,37,2
高一入学英语,4,2
高一内蒙古期末物理,4,2
高一函数,14,2
高一函数专题,4,2
高一函数单调性,14,2
高一函數恆成立問題,4,2
高一分班考试,9,2
高一化学10月月考卷子,26,2
高一化学入学考试,26,2
高一化学必修一,4,2
高一化学第五章试卷,6,2
高一升高二开学考,11,2
高一单元卷,7,2
高一历史期末,15,2
高一地理,10,2
高一地理必修一,6,2
高一山东菏泽,3,2
高一开学考分班考试河南鹿邑,15,2
高一开学考分班考试深圳,6,2
高一必修一数学期末卷,5,2
高一必修一相互作用力大题,7,2
高一指数幂的运算,9,2
高一政治试卷,5,2
高一数学  三角恒等变换,6,2
高一数学三角函数练习题,6,2
高一数学人教A版南京市必修一,3,2
高一数学函数2026专题,15,2
高一数学函数的概念与性质练习题,10,2
高一数学向量几何,3,2
高一数学必修一,2,2
高一数学必修二,18,2
高一数学月考卷,14,2
高一数学月考济宁,3,2
高一数学期中,10,2
高一数学第一次月考,8,2
高一数学第一次月考卷,13,2
高一数学课本,6,2
高一新生入学分班考,43,2
高一日语,4,2
高一月考数学上册,4,2
高一期末英语试卷,4,2
高一期末试卷2026,33,2
高一期末语文,7,2
高一期末青岛,13,2
高一物理上学期,7,2
高一物理上学期期中，淄博,25,2
高一物理力学综合题,6,2
高一物理加速度试题,4,2
高一物理动能定理大题,7,2
高一物理必修一综合测试卷,10,2
高一物理期末必刷一百题,8,2
高一物理江苏省泰州市泰兴市,4,2
高一生物必修二第二学期,14,2
高一立体几何测试卷,15,2
高一第一次月考物理,16,2
高一第一次月莆田十八中化学,3,2
高一聊城市2025到2026学年高一生物期末试题,9,2
高一联考,12,2
高一英语听力,42,2
高一英语听力训练,9,2
高一英语期末,7,2
高一英语第一次月考,9,2
高一英语试卷,4,2
高一英语阅读理解20篇,3,2
高一译林版必修一单词表,6,2
高一试卷,20,2
高一语文,5,2
高一语文卷子,4,2
高一语文试卷,32,2
高一长郡中学,13,2
高一集合,9,2
高一，入学考分班考,34,2
高三 地理 1轮复习 模拟,5,2
高三 开学 2026 开学考,3,2
高三 语文,4,2
高三0模,28,2
高三1月质检英语,4,2
高三2026湖北8月圆创政治,9,2
高三8月份入学模拟考试,17,2
高三8月开学考,57,2
高三9月份数学模拟卷,3,2
高三一模英语,7,2
高三一轮复习英语语法填空,4,2
高三上10月月考,15,2
高三上10月月考济南,4,2
高三上9月,23,2
高三上学期8月份8校联考,2,2
高三上学期开学考数学,15,2
高三上学期开学联考,29,2
高三上学期期中,8,2
高三上期中考试物理,5,2
高三九月份考试,18,2
高三九月开学考,19,2
高三八月,26,2
高三八月联考,21,2
高三化学,6,2
高三化学一轮复习,11,2
高三化学有机大题,9,2
高三听力,3,2
高三基因工程大题,3,2
高三学情检测,19,2
高三年级8月份,9,2
高三年级8月份过程素质评价服务,5,2
高三年级期初调研,34,2
高三开学考卷子,15,2
高三开学考宿州,17,2
高三开学考试卷,9,2
高三摸底考试,19,2
高三数学一模鄂尔多斯,3,2
高三数学模拟卷,13,2
高三数学模拟试卷,3,2
高三数学金版新学案,13,2
高三期初,9,2
高三期初考,48,2
高三期初考试,9,2
高三期初考试数学苏州,3,2
高三期末,8,2
高三模拟英语辽宁,3,2
高三武汉部分学校调研考试,4,2
高三物理一轮复习,18,2
高三物理开学考,4,2
高三物理直线运动,9,2
高三物理磁场,4,2
高三甘肃上学期开学考,4,2
高三生物,6,2
高三第一轮复习地理卷子,7,2
高三联考,28,2
高三联考9月,13,2
高三英语听力强化训练,4,2
高三英语完形填空,12,2
高三语文,14,2
高三语文卷子,7,2
高三起点考试物理试题,6,2
高中 数学 1 一轮复习,3,2
高中 英语 3500词背记版,8,2
高中3500 词汇背诵word版,16,2
高中三角函数综合题,25,2
高中入学考试试卷,10,2
高中分班考,18,2
高中化学反应的热效应试卷,7,2
高中化学奥林匹克竞赛,14,2
高中化学方程式,5,2
高中化学水溶液的离子平衡大题,15,2
高中单词默写训练,21,2
高中历史01一轮复习知识点归纳,8,2
高中历史大事年表,17,2
高中历史时间轴,7,2
高中历史阶段特征,6,2
高中复数练习题,6,2
高中学业水平合格考英语 真题 模拟卷,6,2
高中完形填空,16,2
高中必修一数学第一章提升卷,4,2
高中必修一物理试卷,3,2
高中必修课1数学卷考试,4,2
高中必刷题 2026电子版,13,2
高中政治,27,2
高中数学圆锥曲线,9,2
高中数学复数北师版,5,2
高中数学必修四知识点总结,7,2
高中数学截面问题,5,2
高中数学湘教版必修一到必修二综合期末卷,5,2
高中数学立体几何,12,2
高中数学联赛一试,20,2
高中数学联赛二试,12,2
高中法律与生活大题真题,3,2
高中热化学,8,2
高中物理一轮复习专题,19,2
高中物理一轮复习讲义,5,2
高中物理人教版必修第三册第九章综合检测题,13,2
高中物理传送带,8,2
高中物理动态平衡,17,2
高中物理奥林匹克竞赛,5,2
高中物理必修3动态电路专题,17,2
高中物理电磁学试卷,4,2
高中物理竞赛,7,2
高中物理竞赛初赛真题,3,2
高中物理第九章章测试卷,3,2
高中物理第十一章章测试卷,5,2
高中物理试卷,5,2
高中生物光合作用与呼吸作用,3,2
高中生物图文知识,27,2
高中生物必修一第一章单元测试卷人教版,6,2
高中生物新人教版思维导图,6,2
高中生物选择题,7,2
高中真題汇编2026,10,2
高中短填,7,2
高中立体几何专题,11,2
高中竞赛,5,2
高中英语作文,16,2
高中英语划分重点句,3,2
高中英语北师大版选择性必修二单词,8,2
高中英语听力,10,2
高中英语固定搭配,5,2
高中英语外研版单词,6,2
高中英语语法,2,2
高中英语非渭语动词100题试卷真题,8,2
高中英语，抽空帮我搜非谓语的特殊结构，就是非谓语的固定句型和结构（用法）,12,2
高中语文,4,2
高中语文120个常见文言实词2026,17,2
高中语文古诗词理解性默写,17,2
高中语文必备篇目60篇 原文,3,2
高中语文现代文信息筛选基础小题专项训练,5,2
高中语文诗歌鉴赏满分答题模板100个,12,2
高二上10月月考,7,2
高二上册数学,9,2
高二上册物理,4,2
高二上化学,5,2
高二上化学月考卷子,19,2
高二上化学期末卷,12,2
高二上学期,43,2
高二上学期单元卷数学,12,2
高二上学期开学考浙江,17,2
高二上学期开学考试,18,2
高二上学期数学第一单元,6,2
高二上学期数学第一次月考,7,2
高二上学期月考,13,2
高二上学期期中烟台,14,2
高二上学期期中物理,8,2
高二上学期生物期末真题分类（黑吉辽）,18,2
高二上开学考物理,2,2
高二上扬州期中,23,2
高二上数学,12,2
高二上数学开学考,4,2
高二上月考,3,2
高二上期中化学,3,2
高二上期中物理青桐鸣,9,2
高二上生物第一次月考,4,2
高二上第一次月考数学,12,2
高二上第一次月考物理,7,2
高二下数学广元,2,2
高二下数学期末,31,2
高二下期末,54,2
高二下生物期末试卷辽宁,7,2
高二下英语期末,11,2
高二化学,27,2
高二化学开学测,6,2
高二开学考数学,15,2
高二政治必修三第一课选择题,3,2
高二数学下学期期末宿迁,3,2
高二数学单元速记,2,2
高二数学第一单元卷检测卷,4,2
高二暑假物理,2,2
高二月考数学9月,3,2
高二期末嘉峪关,17,2
高二期末联考化学,12,2
高二河北邯郸2025年期末,21,2
高二物理月考,2,2
高二物理期中考试上学期,5,2
高二综合卷英语,3,2
高二英语期末考试,11,2
高二英语金太阳九月,10,2
高二语文试卷,5,2
高二长郡期末数学,5,2
高台一中,16,2
高州中学,6,2
高数学2026新高考卷1卷,3,2
高新陆港,4,2
高校培优卷测试卷空间向量,26,2
高桥中学,2,2
高碑店2025-2026九年级数学10月份,10,2
高碑店八上物理月考,3,2
高考 2026,4,2
高考 2026浙江.地理,3,2
高考 2026生物卷,10,2
高考 3500背诵单词,14,2
高考 一轮 2026复习,14,2
高考 作文 10大主题2026范文合集,4,2
高考 真题,27,2
高考 英语3500背诵单词表,4,2
高考 英语完型填空 专项练习,9,2
高考 英语语法填空 100篇专项练习26年,6,2
高考 高频词688,11,2
高考 高频词688 背诵与练习 任务单,4,2
高考1200核心高频词,12,2
高考2026,5,2
高考一卷,4,2
高考一模,8,2
高考一轮,17,2
高考二卷,4,2
高考二卷2026年英语真题,4,2
高考分类,7,2
高考化学实验,17,2
高考化学平衡100题,6,2
高考历史卷,5,2
高考原卷,3,2
高考圆锥曲线专项训练,9,2
高考地理2026,3,2
高考地理2026年真题,2,2
高考培优讲义数学,8,2
高考完形填空高频词汇,3,2
高考成都 一诊数学,4,2
高考政治2016,6,2
高考数学2016,5,2
高考数学真题,2,2
高考模拟卷 2026届,10,2
高考满分作文2026带批注,3,2
高考物理压轴题大题汇编,11,2
高考物理实验专题,14,2
高考生物安徽,3,2
高考真题2024,2,2
高考真题2026生物,14,2
高考真题分类汇编,8,2
高考真题工艺流程汇编,3,2
高考英语2022年,5,2
高考英语2026,2,2
高考英语作文,2,2
高考英语听力,3,2
高考英语完形填空,4,2
高考英语必背1400短语,5,2
高考英语答题卡,19,2
高考英语语法训练,12,2
高考英语阅读理解,11,2
高考语文2026,5,2
高考语文作文,8,2
高考语文全国一卷,8,2
高考语文文言文实词,11,2
高考语文真题分类汇编,3,2
高考高频词汇 12002026最新,11,2
高考高频词汇1200,5,2
高考高频词汇200词2027,10,2
高联一试数学,10,2
高质量发展,8,2
高青一中开学考,5,2
高青县2025-2026五年级下册期末数学,10,2
高频词688,7,2
鲁教版七年级上英语,12,2
鲁科版必修一第一章和第二章试卷,9,2
鸿门宴,4,2
鸿门宴课件,3,2
鸿鹄志 名师测控,14,2
鹤山期中八上数学,11,2
鹰潭市第二中学,10,2
鹿邑8年级期中,7,2
鹿邑八上历史期中试卷,3,2
鹿鸣路,4,2
麓山国际入学考高一上,23,2
麓山国际实验学校新 高一 分班2025年分班考试,2,2
黄冈六年级数学,14,2
黄岛数学2025期末,3,2
黄广中学,4,2
黄梅县第一中学,3,2
黄石十六中分班,5,2
黄金8卷,14,2
黑龙江八年级上学期阶段检测,5,2
黑龙江十校联盟,26,2
黑龙江哈尔滨,4,2
黑龙江哈尔滨一中2026阶段性测试,8,2
黑龙江小升初,5,2
黑龙江省佳木斯市第八中学2025~2026学年高二下学期7月期末考试数学试题,4,2
黑龙江省哈尔滨市第三中学学校2025-2026学年高一下学期6月月考语文,5,2
黑龙江省大庆铁人中学 2023学年 高一 10月月考 数学,4,2
黑龙江省牡丹江市第一高级中学2025-2026生物卷,6,2
黑龙江省齐齐哈尔市2026年八下数学期末试卷,12,2
黔东南,8,2
黔东南州2025至2026学年度第二学期高一数学期末文化水平测试卷,6,2
黔东南州数学高二,12,2
黔西南册亨一中高二基础款,10,2
默写,3,2
鼓楼二模考试,17,2
齐齐哈尔中考语文,13,2
龙东十校2025-2026期末考数学试题,3,2
龙东十校联盟高一下期末试题,2,2
龙东十校联盟高一学年度期中考试,10,2
龙东开学,10,2
龙东高三上开学考,9,2
龙华,28,2
龙华区,3,2
龙华区八下数学期末,24,2
龙岗区,8,2
龙岩二中,13,2
龙岩市一级校联盟 2025—2026 学年第一学期半期考联考高二生物,3,2
龙岩市新罗区6下期末考试卷,18,2
龙岩质检统考,3,2
龙岩高二下,4,2
龙湖实验学校,8,2
，武汉二中高一上学期11月期中试卷,16,2
：2026届高考物理二轮复习 选择题易错点专项突破（陕晋青宁,10,2
：贵阳市普通中学2025—2026学年度第二学期期末监测 高一历史,3,2
MN-S·数学（一） 2026 高三 江西,4,1
第一单元 图 形旋转(动画) 2026-2027 苏教版,2,1
第一单元 图形旋转(动画) 2026-2027 苏教版,6,1
鸿鹄志 名师测控 英语 七下 / 名师测控 七年级下册 英语 2024 / 名师测控 英语 七年级 人教版,7,1
(16)有机化合物的结构与性质-【衡水金卷·先享题】2026年高考化学一轮复习单元检测卷（N）,2,1
*4.4 数学归纳法,5,1
*数学广角：鸡兔同笼,1,1
- 2025贵州新高考历史真题（本省最重要） ​ - 2024全国甲卷文综历史真题 ​ - 2023全国甲卷文综历史真题,2,1
-  2026兰州市高三第一次模拟数学试卷,2,1
-  2026新高考全国新课标II卷数学真题,4,1
-  新高考全国Ⅱ卷语文2016‑2026真题解析,3,1
- 「恒定电流 动态电路+伏安特性曲线 专项拔高」,10,1
- 「闭合电路欧姆定律 功率最值 中档计算题汇编」,21,1
- 人教版八年级上册英语衡水体字帖PDF,5,1
- 山东省济宁市、聊城市、临沂市2025‑2026学年高三上学期期中教学质量检测 数学,14,1
- 搜索关键词： 武汉市 2025-2026 高二上 10月联考 化学 选择性必修1,1,1
- 数学： 伊犁州部分校2025‑2026高一下7月期末物理试题,2,1
- 数学： 伊犁州部分校2025‑2026高一下7月期末试题,1,1
- 衡水体 26个英文字母 四线三格 可打印,8,1
-ing 作宾语和表语,1,1
.2026中考数学试卷浙江,7,1
.高一英语试卷,4,1
/59044675.html#精品解析：广东广雅中学2025-2026学年高一第二学期期末英语试卷,2,1
0.5+3,10,1
023年九下道德与法治东部新区,6,1
024~2025学年湖北省武汉市江汉区8年级下期中历史试卷,1,1
024~2025高三下学期山东开学考试政治试卷,9,1
025年嗯高三上学期开学考试数学试卷辽宁省,9,1
025至2026高三上学期9月联考数学卷子,7,1
026年数学徐州中考试卷数学,1,1
02中国沦为半殖民地半封建社会,5,1
05立体几何,4,1
06年安徽高考物理真题,1,1
0v0模型,2,1
0点问题专项,2,1
1,1,1
1 1 1 物质的分类,1,1
1 1 集合总复习,3,1
1 1000以内数的认识,1,1
1 1~5的认识,4,1
1 一元二次方程计算题,4,1
1 一元二次方程重庆,3,1
1 一次函数难题,4,1
1 三角形,13,1
1 二元一次方程和它的解,1,1
1 二次函数,8,1
1 光的直线传播,3,1
1 全等三角形八上,1,1
1 函数与它的表示法,2,1
1 函数的概念,3,1
1 函数高中,1,1
1 力及其描述,1,1
1 动能定理,1,1
1 反比例函数,15,1
1 向量,2,1
1 圆,1,1
1 圆柱和圆锥的认识,2,1
1 基本不等式,2,1
1 导数的概念及意义,2,1
1 导数运算,13,1
1 小数加减法,3,1
1 小数的意义及大小比较,10,1
1 平面直角坐标系,1,1
1 平面直角坐标系测试卷.,3,1
1 指,3,1
1 指数幂及其运算,1,1
1 探索勾股定理,2,1
1 整式,4,1
1 春/朱自清,1,1
1 机械功,2,1
1 机械能,7,1
1 杠杆,9,1
1 比例线段,2,1
1 浮力,1,1
1 消息二则/毛泽东,5,1
1 热量 比热容,6,1
1 电磁感应现象,2,1
1 相交线,1,1
1 空气占据空间吗,1,1
1 统计的初步认识,3,1
1 认识一元二次方程,7,1
1 负数,5,1
1 邓稼先/杨振宁,1,1
1. 2025-2026 学年广东省深圳中学高三上学期开学考试英语试题,1,1
1. 2026 年深圳市高三年级第一次调研考试英语试卷 含答案解析,1,1
1. Welcome Unit 基础知识排查 课件‑2027届高三英语人教版必修第一册,13,1
1. 参考系 时间 质点,8,1
1. 天体运动,4,1
1. 宜宾南溪区六年级下册期末语文,1,1
1. 深圳市高级中学 2026 届高三上学期开学考试英语试卷,2,1
1. 生长发育的信息,6,1
1. 电荷,1,1
1. 磁场 磁感线,1,1
1. 磁场对通电导线的作用力,4,1
1. 计算器,1,1
1. 质点　参考系练习题,3,1
1.1 一次函数的图象,7,1
1.1 一次函数的图象 八上北师大版,5,1
1.1 一次函数的图象 八上北师大版 画图,2,1
1.1 函数,2,1
1.1 圆的概念,1,1
1.1 直线与圆相离、相切、相交,5,1
1.1 空间向量及其运算,3,1
1.1 认识三角形,2,1
1.1 轴对称及其性质,1,1
1.1.1 集合,1,1
1.1.1 集合的概念,1,1
1.1.2化学同步练,2,1
1.1.2椭圆的标准方程,3,1
1.11 有理数的混合运算,3,1
1.1地球的自转和公转,4,1
1.1地球的自转和公转 默写小纸条,1,1
1.1空间向量及其线性运算,6,1
1.1细胞生活的环境,1,1
1.2 三角形三边关系、内角和定理,1,1
1.2 三角形中的重要线段,3,1
1.2 向量数量积的运算律,3,1
1.2 数列的函数特性,3,1
1.2 有理数培优练习,1,1
1.2 有理数苏科教版,4,1
1.2 空间向量基本定理,3,1
1.2 等差数列的前n项和,10,1
1.2.2函数单调性的应用,1,1
1.2.2数轴课件2026-2027学年人教版数学七年级上册,4,1
1.2.3等差数列的前n项和,7,1
1.2.3等差数列的前n项和练习,5,1
1.2减数分裂和受精作用分层作业基础巩固加能力提升加拓展培优三维训练,8,1
1.2正弦函数的性质,6,1
1.2细胞生活的环境,1,1
1.2选择性必修一,3,1
1.3 三角形中线、高线和角平分线,1,1
1.3 物质的变化,1,1
1.3.1等比数列及其通项公式练习,2,1
1.4 圆与圆的位置关系,3,1
1.4 概率的基本性质,2,1
1.4.2 正方形的性质与判定 课件 2026-2027学年北师大版九年级数学上册,8,1
1.4诱导公式,12,1
1.5 平面上的距离,2,1
1.5 绝对值,2,1
1.6,1,1
1.6反冲现象火箭,1,1
1.6反冲现象火箭上好卷,1,1
1. 2024 高考数学 新课标Ⅱ卷,9,1
1. 2024新高考全国Ⅱ卷 语文、数学、英语、政、史、地（新疆用卷,5,1
1. 2024新高考全国Ⅱ卷 语文（新疆用卷,7,1
1. 2025‑2026雄安新区六年级下册语文学业水平检测卷【学科网，付费】 ​,1,1
1. 2025‑2026雄安新区六年级下册语文（部编版）学业水平检测卷【学科网，付费】 ​,5,1
1. 2026届山西省高三一模化学试题 完整试卷,1,1
1.  2023‑2024学年湖南省湘西州吉首市七年级(下)学科竞赛数学试卷,4,1
1.  2023吉林省中考语文真题（省卷）含答案,3,1
1.  人教A版必修一 知识清单,11,1
1.  潍坊市2025‑2026高一下学期期末学业质量监测 英语,1,1
1.  福建省龙岩市2025‑2026学年高 龙岩市2024‑2025学年第一学期期末高二教学质量检查地理试题（含答案）,1,1
1.  福建省龙岩市2025‑2026学年高二上学期 龙岩市2024‑2025学年第一学期期末高二教学质量检查地理试题（含答案）,3,1
1.  福建省龙岩市2025‑2026学年高二上学期期 ​ 2.  龙岩市2024‑2025学年第一学期期末高二教学质量检查地理试题（含答案）,5,1
1.  集宁一中榆树湾 新高一分班考试,11,1
1. 《高考必背64篇古诗文+情景默写挖空版（带易错字）》docx,5,1
1. 专题05 直线与圆 三年高二月考真题汇编（全国外省版）,31,1
1. 全国中学生物理竞赛（初中组）,3,1
1. 初中数学解题技巧思维导图 八年级上册,6,1
1. 历史： 高二历史统编版选择性必修一 知识清单 PDF,3,1
1. 复旦附中 2023‑2024 高一上期末,3,1
1. 学科网搜索标题：江西南昌市三校(一中、十中、行知)2025‑2026学年高二下学期期末考英语试卷,5,1
1. 数学： 2024-2025 深圳市南山区九年级上期末数学 北师大版,1,1
1. 苏州市区重点初中七升八开学摸底语文拔尖卷（统编）,10,1
1. 运动学、匀变速直线运动基础计算题,8,1
1. 锦州市2022–2023 高一上期末生物试题,1,1
1. 长沙市雷锋学校 新高一新生分班考试 语文,2,1
1.二次函数,1,1
1.二次函数中考压轴,3,1
1.加、减法计算,10,1
1.化学实验探究+物质推断专项汇编,7,1
1.化学实验探究专项汇编,5,1
1.小数加、减法计算,5,1
1.平行与垂直,1,1
1.江西中考二次函数,2,1
1.江西中考二次函数压轴专题汇编,1,1
1.江西中考完形+阅读CD篇专项汇编,2,1
1.江西中考材料大题答题范式汇编（材料怎么对接书本知识点）,1,1
1.江西中考物理实验大题专项汇编,2,1
1.现代文阅读主观题答题范式汇编,17,1
1.球的反弹高度,3,1
1.立体图形的认识,4,1
1.线段、射线与直线,2,1
1.认识时间,24,1
1.语文： 山东省青岛市2024‑2025学年高三上学期期初调研检测 语文,1,1
1.负数的认识,4,1
1.鸡兔同笼,5,1
10,20,1
10. Z20°名校联盟（浙江省名校新高考研究联盟）2026届高三第三次学情诊断,18,1
100 道100以内的加减法口算,4,1
100 道100以内的加减法混合练习,10,1
100以内的加减法,4,1
10day,1,1
10中学月考,1,1
10年真题,2,1
10年真题分类,1,1
10年真题分类数学,3,1
10年真题分类汇编物理,4,1
10年真题分类汇编物理高考,8,1
10年高考数学全国卷专项突破,3,1
10月份,8,1
10月月考高一,1,1
10月月考高一上,5,1
10月月考高一上语文,1,1
10月沈阳郊联体试卷,21,1
10月浙江高一上,5,1
10月考,21,1
10讲直线,4,1
11* 核舟记/魏学洢,4,1
11. 天津市武清区、宝坻区、宁河区、静海区、蓟州区2025‑2026高一下期末化学,1,1
11084 2026高考语文总复习 高考议论文十大高分开头结构（模版填空,13,1
113中,3,1
113中数学,1,1
11~12章八上函数平面直角坐标系测试,1,1
11~13章八上数学沪科版,22,1
11中,1,1
11月份月考,9,1
11讲直线,5,1
12 《论语》十二章选修一。,6,1
12 《论语》十二章高中,1,1
12 《论语》十二章高中讲义,1,1
120中学,3,1
120中学数学高一下,2,1
120中学月考,4,1
120中学英语,2,1
120文言实词语段串记,1,1
122,1,1
122中学,2,1
126,3,1
126中学九年级上化学其中,1,1
126摸底考,1,1
12月,7,1
12月考,3,1
12讲直线,4,1
13.2 人体免疫,1,1
13124,2,1
134中学数学八年级上册2025年到2026年,17,1
14中,1,1
15.2 电功率,3,1
15. 黄山市2026届高三上开学统一检测化学,1,1
159,3,1
15中西校七年级开学测,2,1
15到17章物理九上综合卷,4,1
16.2026年河北中考预测题,1,1
1600必背单词,2,1
17 地球,1,1
17 地球上的昼与夜,1,1
171,4,1
18 我的白鸽/陈忠实,1,1
1800词,1,1
18个文言虚词,4,1
18题,5,1
19 古诗三首,3,1
19 地球上的大气,2,1
19 地球上的自然资源,2,1
1984年河南省信阳市全国高考预考试卷,1,1
1984年高考数学卷,1,1
1996重庆中考数学,1,1
19年36届物理竞赛预赛浙江省区。,6,1
19年之前的高考真题,3,1
19年天津卷物理,4,1
1~2单元,1,1
1 石家庄市2025届高三一模生物（解析版）,2,1
1一次函数难题,1,1
1三四中学,12,1
1元二次不等式及其基本性质,1,1
1元二次不等式含参大题高一数学。,7,1
1元二次不等式含参问题高一数学。,1,1
1元二次不等式寒酸问题高一数学。,2,1
1元二次函数，方程，不等式,2,1
1匀变速直线运动的研究,1,1
1号键安徽省2026年9月高三秋季检测生物,1,1
1基本不等式人教版,11,1
1宜宾南溪区六年级下册期末语文,3,1
1实验探究专项汇编,5,1
1平面直角坐标系测试卷.,1,1
1物理实验大题专项汇编,6,1
2 一元一次不等式,4,1
2 一元一次不等式苏教版七下,2,1
2 了解电路,1,1
2 二倍角的三角函数,2,1
2 二次函数压轴,13,1
2 二次函数基础,2,1
2 二次函数常考题型,2,1
2 二次函数的图象,2,1
2 二次函数综合,7,1
2 从有理数到实数,5,1
2 全等三角形,1,1
2 函数,2,1
2 双曲线,3,1
2 因数和倍数,8,1
2 平行线分线段成比例,3,1
2 整式乘法,1,1
2 整式的乘法,2,1
2 木头,1,1
2 概率及运算,1,1
2 概率的简单应用,1,1
2 欧姆定律,3,1
2 正弦定理与余弦定理的应用,4,1
2 济南的冬天/老舍,1,1
2 热机效率,1,1
2 热机效率北京,3,1
2 电路,2,1
2 直角三角形的性质,4,1
2 空间向量及其运算习题人教版,2,1
2 算术平方根,2,1
2 解直角三角形,3,1
2 解直角三角形及其应用,1,1
2 运动的描述,3,1
2. 光电效应,5,1
2. 全等三角形 SAS 基础证明大题 苏科版八上,4,1
2. 热力学第一定律,4,1
2. 焦作 高二数学 北师大版 期中联考,5,1
2. 电势差,1,1
2. 电磁场与电磁波,4,1
2. 磁感应强度 磁通量,1,1
2.1 一元一次不等式及一元一次不等式组的求解,1,1
2.1 函数的奇偶性,3,1
2.1 函数的概念及其表示精练 2027高考一轮复习,3,1
2.1 反比例函数的图像,1,1
2.1 图形的旋转,5,1
2.1 圆心角、弧、弦之间的关系,4,1
2.1 圆的方程,4,1
2.1 基本不等式的证明,1,1
2.1 实数,1,1
2.1 指数函数对数函数,3,1
2.1 指数函数的定义与图像,1,1
2.1 相似三角形,10,1
2.1 相似三角形判定,1,1
2.1 等腰三角形,5,1
2.1 算术平方根,2,1
2.1 细胞的基本结构和功能,1,1
2.1.2 基本不等式北师大版,2,1
2.1化学反应的方向,13,1
2.1神经调节,1,1
2.1随机变量及其分布列,3,1
2.1（2）氯气的性质,1,1
2.2,1,1
2.2 一次函数的性质,1,1
2.2 充分条件和必要条件,2,1
2.2 光合作用,3,1
2.2 全称量词与存在量词,2,1
2.2 全等三角形性质判定综合,1,1
2.2 全等三角形的判定综合,1,1
2.2 函数的单调性,4,1
2.2 函数的单调性同步练习,3,1
2.2 实数的运算,1,1
2.2 直线和圆的方程,2,1
2.2 离散型随机变量的分布列,1,1
2.2 脊椎动物,2,1
2.2 音调,3,1
2.2.1对数函数的图象，定义域，值域,5,1
2.2.2对数函数的单调性及应用,2,1
2.2（1）化学水溶液离子平衡有关计算,3,1
2.2（3）氧化还原反应练习,4,1
2.3 一元二次不等式的解法,1,1
2.3 二次函数与一元二次方程,1,1
2.3 二次函数与一元二次方程不等式同步练习,11,1
2.3 二次函数与一元二次方程不等式同步练习2026~2027,1,1
2.3 平行线的判定及综合,4,1
2.3 等比数列及其前n项和,3,1
2.3 等比数列的前n项和,1,1
2.3二次函数与一元二次方程,1,1
2.3卤代烃,2,1
2.3数学练习题高二选b1,1,1
2.3（2）影响化学反应速率的因素,1,1
2.4 点到直线的距离,1,1
2.4 直线关于直线的对称直线,3,1
2. 2025-2026学年高一下学期期末模拟卷数学人教A版必修第二册,1,1
2.  淄博周村区2024‑2025七年级下学期期末数学（五四制,13,1
2.  潍坊市2024‑2025高一下期末质量监测英语,2,1
2.  高一上 动力学临界极值问题 专题训练,1,1
2.  高中化学方程式完整汇总 学生版,1,1
2. 专题09：动态电路分析 + 含容电路 + 电路故障,6,1
2. 六安市2025-2026学年高一下学期期末测试数学试题,3,1
2. 受力分析+牛顿运动定律基础题型,18,1
2. 宣城市2025-2026学年高一下学期期末测试数学试题,2,1
2. 德阳市2024‑2025高一下期末英语试卷,2,1
2. 政治： 高二政治选择性必修1当代国际政治与经济 考点汇总,1,1
2. 湖北省云学联盟2025‑2026学年高二下期末英语试卷,11,1
2. 铜陵市2025-2026学年高一下学期期末测试数学试题,6,1
2.中考化学易混淆概念、方程式细节专题,5,1
2.电学综合大题专题,6,1
2.细胞的基本结构教案,4,1
2.问题解决,1,1
20 2 5 年 学业水平考试西藏,3,1
20 2 5 年 学业水平考试西藏政治,5,1
20 26年普通高中毕业学业水平考试化学真题,4,1
2001年高考数学试卷,1,1
20022湖北八市数学,3,1
2002十五届湖南省长沙市雅礼中学高三模拟试卷英语,7,1
2002年高考全国一卷文综,1,1
2003,1,1
2003 高考数学试卷全国卷,1,1
2003年高考数学真题,1,1
2005上海高考数学,2,1
2005初一数学苏州,1,1
2006高考理综,1,1
2006高考理综辽宁,1,1
2007年广东高考政治,2,1
2008全国二卷,1,1
2008山东物理,1,1
2008江苏高考数学,1,1
2009,1,1
2009山东数学,1,1
2009山东高考数学真题,3,1
2009山东高考物理,3,1
2009年高考卷，语文,3,1
2009江西数学,2,1
2009江西数学高考,1,1
2010上海历史高考,1,1
2010年上海高考物理,1,1
2011安徽高考,5,1
2011海南地理,1,1
2011海南地理画图,1,1
2011海南秘籍,1,1
2011高考海南地理,1,1
2012高考,1,1
2013年新课标1卷生物,1,1
2013年新课标2卷生物,2,1
2013年普通高等学校招生全国统一考试（新课标全国卷 I）理科数学高考真题,3,1
2013年江西高考英语卷,2,1
2013江苏数学,1,1
2013江苏数学高考卷,1,1
2014 全国统一高考1卷英语,2,1
20140 全国统一高考1卷英语,1,1
2014北京高考数学,1,1
2014北京高考数学试卷,1,1
2014广州中考,2,1
2014数学,2,1
2014数学高考,1,1
2014福建高考数学,1,1
2014高考,1,1
2015 全国统一高考1卷英语,1,1
2015~2016学年度第二学期期末教学质量检测试卷七年级英语,5,1
2015~2026年高二化学单元检测第一章化学反应的热效应基础卷,1,1
2015全国统一高考1卷英语,1,1
2015初三数学月考卷,5,1
2015年枣庄中考,1,1
2015年重庆中考数学试卷,6,1
2015年重庆渝中区数学中考题,1,1
2015浙江物理,3,1
2015湖北理,1,1
2015至2016学年九年级上学期数学一月阶段性练习,7,1
2015高考数学真题,1,1
2016,1,1
2016 2025,5,1
2016 全国统一高考1卷英语,1,1
201620162016安徽省高考英语真题卷,3,1
20165全国统一高考1卷英语,1,1
2016中考,2,1
2016到2023甲卷理综,1,1
2016到2023甲卷理综贵州,1,1
2016山西晋中,1,1
2016山西晋中期中历史,3,1
2016年全国初中数学联赛,1,1
2016年初中数学联赛,1,1
2016年安徽省英语高考真题,1,1
2016年新课标I卷,2,1
2016年高考新课标I卷,1,1
2016年高考英语 全国一卷,3,1
2016语文全国一卷,1,1
2016高考,3,1
2017 01 全国卷1高考理科数学真题,1,1
2017 2026年高考数学真题分类汇编,1,1
2017安徽初中,3,1
2017山东高考卷,1,1
2017年全国Ⅲ卷,1,1
2017年全国Ⅲ卷数学,1,1
2017年厦门数学一检,2,1
2017年天津高考英语6月,1,1
2017年安徽省中考英语听力,14,1
2017年高考,8,1
2017河源丰源小学,1,1
2017高考理科数学甲卷,3,1
2018,1,1
2018 0 全国统一高考1卷数学,3,1
2018上海英语高考,1,1
2018全国初中数学联赛,1,1
2018全国卷一,1,1
2018全国卷一语文高考真题,2,1
2018化学,3,1
2018安徽初中,5,1
2018安徽高考试卷,3,1
2018年,2,1
2018年--2026年高考I卷,4,1
2018年全国一卷数学,1,1
2018年天津高考地理,6,1
2018年高考I卷,2,1
2018泰安中考数学,1,1
2018皖西南名校联盟,5,1
2018青羊区一诊英语,3,1
2018高考化学,2,1
2018高考生物,1,1
2018高考生物全国卷,1,1
2019 0 全国统一高考1卷数学,1,1
2019 0 全国统一高考2卷数学,4,1
2019人教A版数学必修第二册教材习题答案」,6,1
2019全国2卷,2,1
2019全国二卷物理,3,1
2019北京高考,1,1
2019哈尔滨中考数学一模,4,1
2019哈尔滨中考数学压轴题,1,1
2019年2月,1,1
2019年2月根源杯,5,1
2019年全国一卷语文,1,1
2019年全国一卷语文，高考真题,1,1
2019年全国二卷化学,1,1
2019年北京高考化学,7,1
2019年华东师范大学第二附属中学高三英语周考,2,1
2019年华二高三英语周考,1,1
2019年山东省临沂市沂水县三年级期末试卷,14,1
2019年新高考一卷英语,7,1
2019年浙江9加1,6,1
2019年海南省中考化学试卷,2,1
2019年温州市摇篮杯生物竞赛,4,1
2019成都高一期末物理,33,1
2019数学根源杯,2,1
2019新高考一卷语文,1,1
2019根源杯,1,1
2019河南中考,5,1
2019生物必修一挖空默写,14,1
202 5辽宁省中考语文,1,1
2020  数学高考 真题 全国 1 卷,3,1
2020 0 1 0卷 数学高考 真题 全国 2 卷,2,1
2020 0 1 0卷 英语高考 全国1卷,1,1
2020-2021安徽阜阳,4,1
2020-2021届上海市高三青浦区一模英语试题,9,1
2020-2025学年高一物理下学期期末模拟试卷,26,1
202026年长沙市长郡集团九上数学,9,1
202026年长沙市长骏集团九上数学,1,1
20206年重庆高考生物卷,1,1
20206年陕西高考真题化学,3,1
20206年高考真题化学,1,1
2020~2021学年10月河南省郑州市中原区郑州外国语中学 八年级上学期月考数学试卷,8,1
2020~2021苏州张家港市数学五年级下学期期末试卷,12,1
2020~2026数学全国高考一二卷,4,1
2020‑2025 高考XX学科真题分类汇编,1,1
2020全国高考一卷英语,3,1
2020到2026高考全国二卷,1,1
2020到2026高考全国二卷语文,3,1
2020安徽省高一下学期,5,1
2020安徽省高一下学期字业水平,1,1
2020年-2021年深圳初三上学期入学考试卷数学,6,1
2020年-2021年深圳初三上学期入学考试卷数学开学考,4,1
2020年6月浙江高考,6,1
2020年中考数学,1,1
2020年临高县六年级下册,8,1
2020年全国I卷,3,1
2020年全国i卷,3,1
2020年全国二卷数学,1,1
2020年北京高二上期中考试物理,22,1
2020年大连中考化学,2,1
2020年天津高考语文卷,1,1
2020年宜宾中考数学,1,1
2020年山东菏泽市中考一模地理试卷,1,1
2020年山东高考,3,1
2020年新课标一卷数学,1,1
2020年新高考二卷,1,1
2020年新高考全国乙卷政治试卷及答案,6,1
2020年普通高等学校招生全国统一考试新高考一卷,4,1
2020年江苏卷物理,1,1
2020年河北省中考数学试卷,1,1
2020年浙江卷,1,1
2020年浙江卷语文,2,1
2020年浙江卷语文高中,1,1
2020年浙江卷语文高考,4,1
2020年高考数学,2,1
2020年高考新课标一卷数学,6,1
2020年高考物理真题,1,1
2020年高考物理真题全国二卷,3,1
2020新课标一卷数学,1,1
2020江苏高考物理,4,1
2020河南中考,1,1
2020河南英语高考卷,2,1
2020海淀生物适应性练习,5,1
2020深圳八年级下学期数学期末,17,1
2020菏泽高三期中历史试卷,1,1
2020贵州高考物理,4,1
2020～2021苏州张家港市数学五年级下学期期末试卷,3,1
2021  T8,2,1
2021 - 2022学年度连江县八年级数学第一学期期末测试卷,13,1
2021 0 1 0卷 全国1卷语文高考真题,1,1
2021 级高三开学校际联考数学试题,9,1
2021--2026湖北高考化学真题分类,1,1
2021--2026湖北高考化学真题分类汇编,1,1
2021-2022合肥瑶海八上物理期中试卷,5,1
2021-2022学年河南省郑州市中原区桐柏一中八年级（上）开学数学试 卷,7,1
2021-2022学年高一下学期化学人教版出册期末模拟卷,1,1
2021-2022重庆市高二上学期生物八中期末卷子,9,1
2021-2022高二上学期生物八中期末卷子,1,1
2021-2022高二上学期生物巴蜀期末卷子,2,1
2021/2022学年度第二学期期末质量检测卷,5,1
20216年6月浙江省浙江七校思想政治,1,1
2021T8,1,1
2021~2026全国二卷数学 立体几何和空间向量,1,1
2021~2026全国二卷数学 立体几何和空间向量真题,1,1
2021‑2022学年四川省南充市营山县七年级下学期期末数学,3,1
2021‑2022湖北九师联盟高三上10月质检,1,1
2021‑2025全国甲卷英语高考真题原卷版、解析版,2,1
2021–2025 新课标新高考Ⅰ卷、新课标新高考Ⅱ卷2021–2025 新课标新高考Ⅰ卷、新课标新高考Ⅱ卷,1,1
2021东部新区七上期末语文,6,1
2021全国一卷英语,2,1
2021全国乙卷,1,1
2021全国乙卷理科数学,13,1
2021八省联考,11,1
2021到20262卷高考数学真题word可打印,1,1
2021到2026高考二卷数学真题word可打印,3,1
2021到2026高考全国二卷语文,4,1
2021到2026高考数学真题,1,1
2021十二校,2,1
2021十二校地理,3,1
2021届上海市高三青浦一模,4,1
2021届上海市高三青浦区一模英语试题,1,1
2021届全国普通高等学校招生统一考试上海英语模拟试卷五,3,1
2021届石家庄市高中毕业班教学质量检测（一）,14,1
2021届高一实验班选拔考试数学,1,1
2021年东部新区7上期末,8,1
2021年东部新区七上,7,1
2021年临沂市莒南县历史八年级下册,7,1
2021年全国乙卷,1,1
2021年全国乙卷语文,1,1
2021年北京市西城区高一下期末数学试卷,1,1
2021年安徽省初中学业水平考试物理,1,1
2021年广东中考数学卷,1,1
2021年广东广州天河区华南师范大学附属中学中考二模物理试卷和答案,3,1
2021年广东广州天河区华南师范大学附属中学中考二模物理试卷附属中学中考二模物理试卷和答案,1,1
2021年广东省普通高中学业水平选择性考试,1,1
2021年成都中考,3,1
2021年成都中考zhenti,1,1
2021年数学,4,1
2021年数学新高考一卷,1,1
2021年数学高考,1,1
2021年数学高考2卷,18,1
2021年数学高考卷,1,1
2021年新高考一卷,1,1
2021年新高考二卷数学,1,1
2021年新高考二卷的第四题 第五题,3,1
2021年春季浙江高考物理,1,1
2021年海南数学万唯试题研究,1,1
2021年温州市摇篮杯化学竞赛,7,1
2021年湖北省学业水平选择性考试生物,2,1
2021年湖北省普通高中学业水平选择性考试,1,1
2021年白云九上数学期末考卷。,1,1
2021年白云区九上数学期末考卷。,1,1
2021年高考全国乙卷语文,1,1
2021数学三卷,1,1
2021数学全国一卷,13,1
2021数学高考,10,1
2021新课标一卷化学,9,1
2021新高考1卷英语,5,1
2021普通高等学校招生全国统一考试,11,1
2021江苏化学,5,1
2021沈阳市中考数学,1,1
2021河北中考数学真题及答案 PDF,3,1
2021浙江镇海,8,1
2021浙江高考数学,9,1
2021海南高考化学,1,1
2021至2026新疆真题卷数学,1,1
2021至2026高考英语试卷,2,1
2021英语,1,1
2021英语高考卷真题,3,1
2021辽宁八区联考。,4,1
2021辽宁化学,1,1
2022  高考真题,5,1
2022 2023,11,1
2022 7月黑龙江普通高中学业,1,1
2022 7月黑龙江普通高中学业数学,4,1
2022 7月黑龙江普通高中学业语文,8,1
2022 年 0 1卷 全国 1 高考数学,2,1
2022-2023四川成都龙泉驿区七年级下册期末数学卷子,1,1
2022-2023学年人教版物理九年级全一册,3,1
2022-2023学年广东省广州市天河区八年级（下）期末数学试卷,7,1
2022-2023学年第一学期福州市九年级适应性练习数学试题,1,1
2022-2023年路北区九上月考数学物理试卷,11,1
2022-2023年路北区九上期中数学试卷,2,1
2022-2023年路南区九上月考数学物理试卷,1,1
2022-2023沂水六年级下册数学试卷,4,1
20226高三年级12月检测训练,8,1
20228省联考,1,1
2022~2023 学年河南省郑州五十七中八年级（上）开学数学试卷,4,1
2022~2023苏州张家港市数学五年级下学期期末试卷,3,1
2022‑2023学年 广州市第八十九中学 九年级上期中数学试卷，第17题。   学科网搜关键词： 广州市第八十九中学2022‑2023九年级上期中,1,1
2022上海一模数学,1,1
2022上海中考一模,2,1
2022上海中考一模数学,1,1
2022上海高考闵行区高三二模听力,1,1
2022上海高考闵行区高三二模英语听力,3,1
2022上海高考静安区高三二模英语听力,1,1
2022中考一模,8,1
2022全国一卷英语,1,1
2022全国一卷英语真题,1,1
2022全国乙卷政治,1,1
2022全国乙卷英语,1,1
2022全国名校自主招生高中,1,1
2022全国甲卷,1,1
2022全国甲卷语文,1,1
2022全国自主招生,1,1
2022八年级南宁英语,5,1
2022八省联考,6,1
2022内蒙古呼和浩特市中考语文.试卷,1,1
2022北京高考数学,6,1
2022安阳模拟高考,16,1
2022届九师联盟数学,7,1
2022届九师联盟数学理科安徽,4,1
2022届考前冲刺210个必备高频短语,6,1
2022届考前冲刺必备 210个高频短语,5,1
2022山东物理,1,1
2022山东物理高考,1,1
2022年1月浙江高考读后续写,4,1
2022年上海市高三春考卷,3,1
2022年上海高三春考卷,11,1
2022年全国乙卷,6,1
2022年全国乙卷数学,3,1
2022年全国二卷二卷,1,1
2022年全国二卷数学,1,1
2022年全国新高考一卷答案,3,1
2022年全国新高考一卷语文答案,6,1
2022年全国新高考二卷,1,1
2022年全国甲卷化学,1,1
2022年吉林省中考地理,2,1
2022年学科素养测试数学试卷题浙江省绍兴市,1,1
2022年数学高考2卷,11,1
2022年数学高考题,1,1
2022年文科,8,1
2022年新二卷数学,2,1
2022年新疆语文中考卷,4,1
2022年新高考2卷,1,1
2022年普通高中一些测试历史题,4,1
2022年普通高等学校全国统一考试数文科数学卷,1,1
2022年普通高等学校招生全国统一考试甲卷英语,1,1
2022年浙江一月高考日语,6,1
2022年海南地理高考,1,1
2022年湖南,1,1
2022年湖南中考,3,1
2022年湖南高考卷,6,1
2022年的语文中考作文,2,1
2022年的语文中考试卷,13,1
2022年福建漳州高三第一次质量检测生物,3,1
2022年英语中考试卷,2,1
2022年英语全国新高考二卷,4,1
2022年郑州市管城区小升初数学真,1,1
2022年雅礼中学入学考高一,1,1
2022年高三春考卷,6,1
2022年高考,1,1
2022年高考数学,1,1
2022年高考数学全国新高考1卷,1,1
2022年高考试题精校版,11,1
2022年高考语文,1,1
2022年高考语文真题,6,1
2022年，新高考一卷语文,1,1
2022广州中考数学,1,1
2022广州中考数学一模,2,1
2022广州中考数学真题,4,1
2022开学摸底考试卷,1,1
2022新高考一卷,1,1
2022新高考一卷数学,3,1
2022新高考一卷英语真题,4,1
2022新高考二卷,5,1
2022武侯区一诊英语,3,1
2022江西初三名校联盟数学,2,1
2022江西初三数学零模,1,1
2022江西英语高考卷,3,1
2022河南洛阳统考,2,1
2022河南洛阳统考物理,1,1
2022浙江卷1月,1,1
2022淄博初中物理,1,1
2022生物高考试卷,4,1
2022甲卷数学,1,1
2022福建省厦门市集美区初一上数学期末考试,10,1
2022福建省厦门市集美区初一下学期数学期末考试,1,1
2022至2023江苏省宿迁市宿城区八年级上册中牟初中数学试卷,4,1
2022苏锡常镇高三英语一模,5,1
2022苏锡常镇高三英语二模,5,1
2022英语高考听力部分,1,1
2022语文,9,1
2022语文新高考,1,1
2022辽宁地理,3,1
2022重庆一中物理高2024届高二上期中,5,1
2022青羊区一诊英语,4,1
2022高考,3,1
2022高考全国一卷英语真题,1,1
2022高考全国乙卷英语,6,1
2022高考数学二卷,2,1
2022高考数学全国一卷,4,1
2022高考数学全国甲卷,4,1
2022高考甲卷数学,1,1
2023,3,1
2023 - 2024学年度连江县八年级数学第一学期期末测试卷,3,1
2023 7月黑龙江普通高中学业语文,2,1
2023 一模上海数学虹口,2,1
2023 地理高考二卷,3,1
2023 宁波期末信息技术试卷,1,1
2023 年 0 1卷 全国 1 卷 英语 高考 真题,1,1
2023 年人教版数学佛山地区三年级下册期末卷,11,1
2023 数学 全国一卷高考,2,1
2023 数学 浙江高考,1,1
2023 杭州期末信息技术试卷,4,1
2023 杭州高二期末信息技术试卷,5,1
2023-2024七年级6月,1,1
2023-2024厦门高二上期末化学试卷质检,1,1
2023-2024厦门高二上期末卷,1,1
2023-2024大连八十中,1,1
2023-2024学年度上学期期中考试高二试题生物沈阳期中,10,1
2023-2024学年河南省郑州市管城外国语中学七年级（下） 第一次月考数学试卷,3,1
2023-2024学年福建省厦门高二上期末化学试卷质检,1,1
2023-2024学年贵州省铜仁市高二下学期数学期末试卷,8,1
2023-2024学年贵州省黔西南州高二下学期数学期末试卷,8,1
2023-2024学年陕西省西安市二十六中八下期末数学试卷和答案,6,1
2023-2024学年高一数学秋季讲义（人教A版2019必修第一册,8,1
2023-2024年友谊中学九上英语月考试卷,5,1
2023-2024年珠海市香洲区期末,1,1
2023-2024年路北区九上英语月考试卷,8,1
2023-2024年路南区九上英语月考试卷,5,1
2023-2024沂水六年级下册数学试卷,4,1
2023-2024福州市高三年第一次质量检测化学试题,7,1
2023-2024福清九年级上册物理期中考,1,1
2023-2024福清高一上期中,3,1
2023-2024苏州高三第一学期期初阳光调研数学,1,1
2023-2024蒙阴的六年级下册数学试卷,5,1
2023.12.24宁中、海中大讲堂数学试卷,2,1
20230809,6,1
20232024,1,1
202323年宁波一模物理,1,1
2023T8联考数学,2,1
2023~2024学福建省福州市仓山区,4,1
2023~2024学福建省福州市仓山区福建师范附中,1,1
2023~2024宁德市8下,1,1
2023~2024宁德市八下,1,1
2023~2024宁德市八下英,6,1
2023~2024苏州张家港市数学五年级下学期期末试卷,2,1
2023中考数学试卷,1,1
2023全国一卷数学,2,1
2023全国一卷语文,1,1
2023全国一卷高考,5,1
2023全国乙卷数学高考,2,1
2023全国甲卷英语,3,1
2023全国高考二卷英语,1,1
2023到2024如皋高三数学,1,1
2023到2024学年九年级上册期中测试物理舞阳,3,1
2023到2026高考历史题,1,1
2023北京卷物理,1,1
2023华一高动量守恒定律,1,1
2023华一高动量守恒定律，巩固训练,1,1
2023厦门英语中考,1,1
2023名校联盟,1,1
2023嘉定区高三一模数学,2,1
2023四省联考,1,1
2023四省联考语文,4,1
2023国美数学,1,1
2023国美附中数学,1,1
2023大连八十中,3,1
2023大连八十中初二上学期月考数学试卷,1,1
2023学年高三数学嘉定一模,5,1
2023宁中冬令营,2,1
2023宁夏高考生物,5,1
2023届上海市高三奉贤一模,8,1
2023届上海市高三崇明二模,6,1
2023届南京高三零模,1,1
2023届广东省佛山市南海区高三摸底测试,1,1
2023山东生物,1,1
2023山东聊城高二上学期期末数学,3,1
2023山东高考物理,4,1
2023岳阳三模数学,8,1
2023崇明一模数学,1,1
2023年1月浙江卷,8,1
2023年1月福建省普通高中学业水平合格性考试数学,1,1
2023年上海英语高三二模,1,1
2023年中国化学奥林匹克竞赛初赛,2,1
2023年中国化学奥林匹克竞赛初赛试题,9,1
2023年中国化学竞赛初赛试题,4,1
2023年中考试卷,12,1
2023年九年级中考英语语法专题,3,1
2023年九年级中考英语语法专题（时态+被动语态+简单句）,1,1
2023年全国数学乙卷文科真题,6,1
2023年全国新高考2卷,1,1
2023年全国高中数学联赛一试加试,12,1
2023年全金,1,1
2023年到2024年学年辽宁省沈阳市皇姑区七年级下期末数学试卷,6,1
2023年嘉兴中考,3,1
2023年天津中考真题,1,1
2023年天津市红桥区三模试卷,1,1
2023年天津西青区初一数学期中考试,1,1
2023年宁波一模物理,1,1
2023年宁波高考一模物理,1,1
2023年山东卷政治,1,1
2023年山东卷政治高考,3,1
2023年广东省普通高中生物学业水平合格性考试和答案,4,1
2023年广东高考历史,9,1
2023年数学,12,1
2023年新课标一卷数学,1,1
2023年新课标卷数学,1,1
2023年日照开学考化学,5,1
2023年春 广西南宁9年级南宁二中校考期末,1,1
2023年普通高等学校招生全国统一考试数学,3,1
2023年普通高等学校招生全国统一考试（全国新课标I卷））,20,1
2023年武汉重点高中调研,5,1
2023年江苏省普通高中学业水平选择考试,5,1
2023年浙江嘉兴中考真题英语试卷。,2,1
2023年浙江数学高考,1,1
2023年海南地理高考,4,1
2023年湖北省初中学业水平考试文档,2,1
2023年玉林高一下期末统考物理试卷,1,1
2023年生物山东卷,1,1
2023年福建省福州市初三语文一检原卷,5,1
2023年秋季期末教学质量检测六年级,6,1
2023年英语真题中考卷,3,1
2023年英语真题中考卷福建,10,1
2023年英语真题中考福建,4,1
2023年西藏自治区初中班(校)招全区统一考试小升初综合试题,1,1
2023年西藏自治区初中班(校)招全区统一考试小升初语文试题,1,1
2023年语文高考1卷,3,1
2023年重庆高考化学,1,1
2023年金山统考一模,2,1
2023年鞍山市立山区小升初英语,8,1
2023年高考生物山东卷,5,1
2023年高考英语,3,1
2023广东第一次生物合格考,2,1
2023广东高考历史,1,1
2023广东高考听说E卷,3,1
2023广州市中考数学,11,1
2023效东大讲堂选拔测试,3,1
2023效实中学冬令营,7,1
2023数学竞赛,1,1
2023数学竞赛预赛,1,1
2023新课标一卷数学,1,1
2023新高考1卷,5,1
2023新高考1卷语文,2,1
2023普通高等学校招生,4,1
2023普通高等学校招生全国统一考试高考真题广东生物试题,1,1
2023江苏高考,8,1
2023江西初三数学零模,10,1
2023河南新乡多校联考高三下数学,2,1
2023河南省五市高考第一次联考,4,1
2023河南省五市高考第一次联考数学,3,1
2023泗阳考试数学初一,11,1
2023济南中考数学,1,1
2023浙江物理6月,1,1
2023浙江物理高考,3,1
2023浙江英语,1,1
2023浙江高考英语,1,1
2023温江区数学,10,1
2023湖北5G联合体高二期中数学,5,1
2023湖南高考生物,3,1
2023炎德高三上数学,4,1
2023炎德高三数学,1,1
2023物理福建,1,1
2023物理福建卷,1,1
2023生物合格考北京,4,1
2023福建泉州市二模物理,4,1
2023福建英语中考,1,1
2023级日照校际联考,3,1
2023级日照校际联考化学,2,1
2023级高二学年学业质量检测试卷,2,1
2023级高二学年学业质量检测试卷物理,4,1
2023至20246校协作体高一联考,8,1
2023至2024学年度上六校协作体高一联考英语试题,9,1
2023至2024学年度上沈阳市第20中学阶段测试高一年级英语试卷,10,1
2023苏州高二英语期中试卷,11,1
2023苏锡常镇高三英语一模,6,1
2023英语高考一卷,2,1
2023英语高考乙卷,8,1
2023英语高考甲卷答案,1,1
2023辽宁,1,1
2023辽宁数学竞赛,1,1
2023辽宁高考英语二卷,1,1
2023鄂东南,2,1
2023鄞州冬令营,5,1
2023重庆中考B卷,1,1
2023金山一模数学,13,1
2023长春四模,11,1
2023静安一模数学,7,1
2023高三数学嘉定一模,2,1
2023高考全国2卷语文,7,1
2023高考数学科学复习创新方案,1,1
2023高考浙江政治,3,1
2023高考生物,3,1
2023高考英语,4,1
2024  2025年七月高一期末统一调研卷,5,1
2024  临沂模拟  化学,2,1
2024 0 0 1卷 高考 数学解析,1,1
2024 0 0 2卷 全国高考 语文,2,1
2024 2025 01 七年级下学期期末,1,1
2024 2025 2026高考英语2卷,2,1
2024 2025 七年级下学期期末,7,1
2024 2025化学期中试卷9年级,3,1
2024 2025合肥一中高一上册期末考试化学,1,1
2024 2025四年级语文期中考试,2,1
2024 2025扬州梅岭10月月考试卷八上英语,1,1
2024 2025数学期中试卷,2,1
2024 2025昆明高一上学期数学期末试卷,4,1
2024 2025昆明高一上学期期末试卷,1,1
2024 2025期初调研,8,1
2024 2025物理期中试卷,2,1
2024 2025物理期中试卷9年级,2,1
2024 2025礼泉县第二学期期末,3,1
2024 2025礼泉县第二学期期末五年级,1,1
2024 2025礼泉县第二学期期末五年级数学,4,1
2024 2025青岛期初调研,9,1
2024 2025高一 化学,1,1
2024 2025高一下数学期末试卷三明,1,1
2024 2025高一下物理期末试卷三明,2,1
2024 2025高一下英语期末试卷三明,3,1
2024 2025高一期末地理试卷三明,1,1
2024 数学 1卷高考卷真题,3,1
2024 新高考  数学,9,1
2024 新高考 1卷 高考 数学,1,1
2024 新高考 1卷 高考 语文,1,1
2024 浙江 01月 英语首考真题,7,1
2024 浙江1月首考英语,3,1
2024 英语高考,1,1
2024--2025黑龙江齐齐哈尔高二九师联盟,3,1
2024-2025上学期烟台市芝罘七年级期中数学考卷,2,1
2024-2025下数学五校协作体,1,1
2024-2025中考数学,1,1
2024-2025临沂高二上学期期末数学试卷,3,1
2024-2025丹东高一下期末物理,2,1
2024-2025伊犁哈萨克自治州 六年级下册 语文 期末试卷,4,1
2024-2025南开区英语一模,2,1
2024-2025南开区英语一模高三,1,1
2024-2025唐山高二上数学物理化学生物期末试卷,5,1
2024-2025四十八中期末物理卷子,3,1
2024-2025天津市和平区高三上期末试卷,3,1
2024-2025天津市部分区高三上月考试卷,7,1
2024-2025天津市部分区高三上期中试卷,4,1
2024-2025天津市部分区高三上期末试卷,2,1
2024-2025学年10月天津河西区天津新华中学高一上学期月考,2,1
2024-2025学年三年级第一次质量检测化学试题,4,1
2024-2025学年四川省达州市渠县中学八年级（下）期中数学试卷,3,1
2024-2025学年度上学期期中考试高二试题生物沈阳期中,6,1
2024-2025学年度第一学期七年级数学,1,1
2024-2025学年度第一学期沧州黄骅八年级上册语文期末考试试卷,17,1
2024-2025学年度第二学期学业质量评价七年级语文试卷,37,1
2024-2025学年江苏省苏州市常熟市高一（上）期中数学书卷,5,1
2024-2025学年河南省郑州市二七区八年级上册八校联考数学试卷,1,1
2024-2025学年河南省郑州市二七区八年级八校联考数学试卷,3,1
2024-2025学年河南省郑州市二七区八校联考数学试卷,1,1
2024-2025学年河南省郑州市二七区八校联考（上）第一次月考数学试卷,27,1
2024-2025学年浙江省衢州市高一（下）期末物理试卷,4,1
2024-2025学年福州市高三年级第一次,1,1
2024-2025学年辽宁省沈阳七中八年级调研物理试卷,1,1
2024-2025学年闽侯县九上期中试卷,14,1
2024-2025山东省烟台市开发区八年级上册期末测试卷,11,1
2024-2025年 广东省 深圳市 九年级 上学期 期末 物理 试卷,3,1
2024-2025年仁寿县7年级上册数学期末试卷,6,1
2024-2025年友谊中学九上第一次月考英语试卷,7,1
2024-2025年友谊中学九上英语月考试卷,19,1
2024-2025年广东省深圳市九年级上学期期末物理试卷,1,1
2024-2025年广东省深圳市龙岗区九年级上学期期末物理试卷,3,1
2024-2025广东省东莞市东华高级中学高一上学期期末物理复习题,7,1
2024-2025成都盐道街高二上半期英语,1,1
2024-2025成都石室天府9上半期物理试卷,3,1
2024-2025昆明市高一下学期期末试卷,1,1
2024-2025汕尾市高一上册物理期末质量监测,2,1
2024-2025汕尾市高一上化学期末质量监测,3,1
2024-2025汕尾市高一上数学期末质量监测,2,1
2024-2025汕尾市高一上生物期末质量监测,3,1
2024-2025江苏省常州市小学语文四年级下册期中学习评价,5,1
2024-2025深高级高一上期中物理,11,1
2024-2025滕州北辛中学八年级月考试卷,3,1
2024-2025盐道街高二上半期英语,1,1
2024-2025石家庄市四十八中期末物理卷子,1,1
2024-2025福清八年级上册物理期末考,1,1
2024-2025第一学期第一次阶段学科训练题八年级数学科北师大版普宁市,8,1
2024-2025第二学期期末重点校联考,7,1
2024-2025英语高二第一学期期末烟台,3,1
2024-2025辽宁省高三上名校联盟化学九月考试,7,1
2024-2025重庆市高二上学期八中物理月考卷子,2,1
2024-2025重庆市高二上学期巴蜀物理月考卷子,4,1
2024-2025重庆市高二八中物理月考卷子,1,1
2024-2025钟英九年级第一次月考数学,1,1
2024-2025高一下学期期末试卷,1,1
2024-2025高二10月联考数学,10,1
2024-2025高二9月联考数学,1,1
2024-2026高考语用题汇编,1,1
2024-2028上学期期中真题必刷卷辽宁卷高二地理A,3,1
2024-2小学语文四年级下册期中学习评价,1,1
2024.7.18鄞州大讲堂阶段测试数学卷,2,1
20241卷 全国高考 语文,1,1
20242025九年级数学,5,1
20242025福州市高三一质检化学,1,1
20242025福州市高三年级第一次质量检测化学,3,1
20242025锦州市八中九年级上学期10月份月考,4,1
20246年广州市中考数学真题,1,1
2024ss,1,1
2024~2025 聊城市高二下期末俄语试题,1,1
2024~2025七年级上册数学期末,8,1
2024~2025学年7年级英语下册单元模板模块儿满分必刷卷人教版2024第一次月考七下1~2,1,1
2024~2025学年9月天津滨海新区天津开发区第一 中学高一上学期月考数学试卷,14,1
2024~2025学年度第二学期期末四校联考高二生物学,10,1
2024~2025学年度第二学期期末质量检测高二英语试题,19,1
2024~2025学年度第二学红桥区高二生物学,7,1
2024~2025学年福建省福州市鼓楼区高一下学期期末质量检测,1,1
2024~2025学年福建省福州市鼓楼区高一下学期期末质量检测语文,10,1
2024~2025学年第二学期高一年级期末考试,2,1
2024~2025学年第二学期高一年级期末考试莎车县,1,1
2024~2025学年重庆市北墅区朝阳中学教育集团八年级下月考语文试卷3月份月,3,1
2024~2025学年重庆市长寿区川维中学八年级下期语文期中试卷,9,1
2024~2025广东省汕尾市九上数学,3,1
2024~2025期末考试肥城,1,1
2024~2025苏州张家港市数学五年级下学期期末试卷,5,1
2024~2025高一期末生物内蒙古,3,1
2024~2026生物甘肃高考真题免费,3,1
2024~2026生物高考真题免费,1,1
2024‑2025学年四川省泸州市江阳区八年级上期末数学试卷,4,1
2024‑2025学年四川省泸州市江阳区天府中学附属长江学校八年级上期末物理试卷,3,1
2024‑2025学年四川省泸州市江阳区天府中学附属长江学校八年级上期末英语试卷,2,1
2024‑2025学年福州市高三第二次质量检测,1,1
2024‑2025学年福州市高三第二次质量检测（福州二检）数学,2,1
2024‑2025学年福州市高三第二次质量检测（福州二检）数学，第7题,1,1
2024‑2025学年陕西省商洛市镇安中学高一（上）月考数学试卷（10月份）,9,1
2024—2025区阜数学,1,1
2024—2025曲阜数学,12,1
2024—2025海港区七上数学期中考试卷,2,1
2024。年西宁市期末调研试卷高一,7,1
2024一2025邓州市期末测试卷8年级,11,1
2024一2026这3套山东省生物中考试卷,2,1
2024一月普通高等学校招生全国统一考试,1,1
2024一模上海数学奉贤,2,1
2024七中,1,1
2024上海生物一模浦东,7,1
2024上海英语一模闵行区,1,1
2024东城,1,1
2024东城一模,1,1
2024中考数学平顶山试卷,1,1
2024乐山市9年级上册期末考试,6,1
2024九省联考,1,1
2024二卷语文,1,1
2024人教版七年级上册英语衡水体字帖,1,1
2024全国一卷数学高考,1,1
2024全国一卷语文,1,1
2024全国乙卷数学,1,1
2024全国乙卷语文,1,1
2024全国二卷数学,1,1
2024全国数学联赛重庆预赛,12,1
2024全国新课标1卷语文,3,1
2024全国甲卷英语,3,1
2024全国高考二卷,2,1
2024八上南岗语文期末,1,1
2024到2025南京金陵中学,1,1
2024到2025南京金陵中学，高一上10月月考卷,8,1
2024到2025学年度，高一年级上学期期末测试物理试题,1,1
2024到2025学年高三年级第一次质量检测,10,1
2024到2025年年度第一学期六年级的合肥试卷合肥学课网组卷网的试卷,1,1
2024到2025年，九年级上册数学联合体期中数学试卷,36,1
2024到2025，南京29中，高一上数学10月月考卷,6,1
2024到二2025年初中开学考卷纸,1,1
2024到二零二五十月份物理学业质量检测,13,1
2024化学全国高考,3,1
2024北京东城高三一模语文,1,1
2024北京初三化学学业水平考试,1,1
2024北京朝阳高三上期中地理,1,1
2024北京海淀初三化学学业水平考试,1,1
2024南宁第一次适应性考试,7,1
2024南开9月联考,15,1
2024历史海南中考,1,1
2024历史高考卷,20,1
2024四川高考政治卷,3,1
2024四川高考政治卷子,1,1
2024地理广西卷,1,1
2024天津和平一模,4,1
2024天津市部分区一模,3,1
2024天津市部分区中考一模,1,1
2024天津市部分区中考一模语文,1,1
2024学年第一学期七彩阳光,8,1
2024学年第一学期八年级数学期中课堂练习,8,1
2024学年第一学期浙江省名校协作体试题,5,1
2024学年第二学期温州市第二中学八年级期中检测数学试题,3,1
2024学年第二学期温州市高一下语文,1,1
2024学年第二学期温州市高一期末教学质量统一检测语文,4,1
2024学年第二学期高二年级教学质量检测技术,1,1
2024宁德一模,3,1
2024安徽高考物理,1,1
2024宜宾市中考英语卷,1,1
2024届“皖南八校”高三第二次大联考物理,2,1
2024届南京市高三期初调研,3,1
2024届嘉定区高三一模数学,5,1
2024届奉贤区高三一模数学,4,1
2024届广东省佛山市南海区高三摸底测试,2,1
2024届江苏省南通市高三下学期三模英语试题‌,5,1
2024届贵阳市高三8月摸底考,1,1
2024届辽宁沈阳高三一模语文,9,1
2024届高三大联考新疆,2,1
2024届高三生物二轮复习微专题4：光呼吸、C4植物、CAM植物等特殊代谢类型课件》，,15,1
2024山东,1,1
2024山东化学高考,3,1
2024山东地理高考卷,4,1
2024山东政治高考真题,2,1
2024山东生物,1,1
2024山东省实验中学期中高一上学期期末数学,6,1
2024山东省实验中学期中高一上学期物理,2,1
2024山东省实验中学高一上学期期末数学,3,1
2024山东省泰安市模拟物理,12,1
2024山东省济南市高一上学期期末数学,9,1
2024山东省济南市高一上学期期末物理,13,1
2024山东省青岛市期初检测化学,2,1
2024山东聊城高二上学期期末数学,2,1
2024山东青岛城阳区一模,6,1
2024山东青岛高三期初调研检测,3,1
2024山东高考生物,4,1
2024山东高考生物真题,2,1
2024年 四川省遂宁市 大英县六年级 英语 真题 答案,4,1
2024年 四川省遂宁市 小升初 英语 真题 答案,5,1
2024年1月浙江选考物理,1,1
2024年2卷英语,3,1
2024年8月辽宁省部分重点高中高三阶段性测试数学,3,1
2024年9月,4,1
2024年9月浙江省杭州市,11,1
2024年9月浙江省杭州市周边重点中学高二上学期开学联考,7,1
2024年一月浙江选考信息技术,6,1
2024年上海英语高三一模,25,1
2024年中国化学奥林匹克竞赛初赛,9,1
2024年中考物理,1,1
2024年中考物理河南,1,1
2024年中考物理河南西峡县,5,1
2024年九省联考,10,1
2024年全国一卷数学,3,1
2024年全国乙卷,3,1
2024年全国二卷语文,1,1
2024年全国卷数学,1,1
2024年全国甲卷政治,6,1
2024年全国甲卷英语,7,1
2024年全国高中数学联赛一试加试,22,1
2024年八年级上册邹城期中考试,1,1
2024年八年级上册邹城期中考试数学,3,1
2024年六年级下册期末考试三明市,1,1
2024年初中,1,1
2024年初中期中学情检测初三生物试题,1,1
2024年南京9月调研语文,3,1
2024年南京9月调研语文高三,2,1
2024年卷霸高中同步测试卷（有机化学基础）高中化学选择性必修3全册人教版,1,1
2024年历史高考卷,10,1
2024年四川合格考生物试卷,8,1
2024年四川合格考生物试卷高中,3,1
2024年地理高考真题全国卷,2,1
2024年大英县六年级毕业考试卷,4,1
2024年大英县毕业考试卷,1,1
2024年天津武清地理会考试卷,1,1
2024年天津生物等级考真题试卷,3,1
2024年安徽高考化学试卷,5,1
2024年安徽高考生物,1,1
2024年山东中考考数学试卷,2,1
2024年山东临沂中考考数学试卷,1,1
2024年山东省日照市高二上学期开学考试,2,1
2024年山东省菏泽市生物中考真题,5,1
2024年广东省深圳市中考生物真题,1,1
2024年广州市中考数学真题,1,1
2024年广州市中考语文真题,6,1
2024年数学全国高考卷一卷答案,5,1
2024年数学高考1卷,3,1
2024年新高考1卷,2,1
2024年新高考一卷语文,1,1
2024年新高考全国一卷,2,1
2024年新高考全国一卷 数学,1,1
2024年新高考全国一卷河南,1,1
2024年新高考语文二卷作文高分范文,1,1
2024年日照初中学业水平考试,7,1
2024年普通高中学业水平选择题考试广西卷物理物理,6,1
2024年普通高校招生全国统一考试数学试卷新高考二卷,6,1
2024年普通高等学校招生全国统一考试,4,1
2024年普通高等学校招生全国统一考试（I卷）语文,12,1
2024年普通高考适应性测试九省区联考英语,2,1
2024年普通高考适应性测试九省联考英语,7,1
2024年杭州市西湖区8年级下册期末教学质量调研,2,1
2024年武咯路中学九年级上册物理期中,1,1
2024年河南中考,4,1
2024年河南省中考物理 第9题（原题完整文本）,1,1
2024年河南省西峡中考物理 第9题（原题完整文本）,3,1
2024年河南英语中考卷子,2,1
2024年河南高三三模英语,1,1
2024年泗阳县高二上学期期中数学试卷,26,1
2024年泗阳县高二上学期期中试卷,3,1
2024年浙江省学业水平考试,4,1
2024年浙江省普通高校招生选考科目考试技术,2,1
2024年海南地理高考,1,1
2024年海南省普通高中学业水平选择性考试 地理,1,1
2024年淄博市中考历史,14,1
2024年淄博市中考生物,1,1
2024年温州市高一下语文,1,1
2024年温州市高一语文,1,1
2024年温州环大罗山联盟期末联考,1,1
2024年温州环大罗山联盟期末联考历史,6,1
2024年湖北省五市州高期末联考数学试卷,3,1
2024年湖北省原创高三政治8月,1,1
2024年湖北省圆创高三政治8月,1,1
2024年湖北部分市州春季高二日语期末,6,1
2024年湖南化学,1,1
2024年湖南化学高考,1,1
2024年湖南省中考数学试卷,4,1
2024年甘肃生物卷,2,1
2024年白云九上数学期末考卷。,1,1
2024年白云区中考一模语文,1,1
2024年福建厦门大学附属科技中学高中创新班招生考试数学试卷,6,1
2024年福建生物高考,1,1
2024年第2次广东省普通高中学业水平合格性考试生物,3,1
2024年第二学期温州市高一下语文,1,1
2024年芜湖市安徽师范大学附属中学自主招生,2,1
2024年芜湖师范大学附属中学自主招生,4,1
2024年语文一卷,4,1
2024年语文全国一卷,1,1
2024年语文八上期中考试试卷,19,1
2024年语文浙江卷,1,1
2024年贵州化学高考真题,1,1
2024年越秀区一模,3,1
2024年辽宁物理试卷。,1,1
2024年辽宁省中考化学省模试题,1,1
2024年辽宁省沈阳市高中三年级教学质量监测（一）语文试卷,3,1
2024年邵阳市高三第二次联考试题卷物理,5,1
2024年邹城期中考试,1,1
2024年重庆市普通高中学业水平选择性考试物理,1,1
2024年重庆高考化学,4,1
2024年长沙市周㇏南教育集团新高一入学考试数学试卷,1,1
2024年闵行英语高三一模,3,1
2024年陕西省渭南市大荔县中考数学三模试卷,1,1
2024年青岛中考真题,1,1
2024年青岛市市南一模数学,5,1
2024年高三丰台期末物理,4,1
2024年高三零模,8,1
2024年高考全国一卷英语真题,2,1
2024年高考化学,1,1
2024年高考化学真题,1,1
2024年高考卷化学,1,1
2024年高考物理第二轮百强名校优化组合卷,1,1
2024年高考试卷浙江卷,3,1
2024年高考语文一卷,1,1
2024年高考语文全国各地模拟考作文汇编【原题+审题+立意+例文】第12辑,9,1
2024年高考贵州化学,1,1
2024年高考贵州化学真题,1,1
2024广东一模英语,1,1
2024广东东莞市石龙中学月考,4,1
2024广东佛山一模英语,6,1
2024广东佛山顺德一模英语,2,1
2024广东惠州博罗高一期中,2,1
2024广州一模物理,2,1
2024广州二模英语,6,1
2024广州市中考数学,9,1
2024广西卷,1,1
2024成都七中高一期中数学,5,1
2024成都中考化学,1,1
2024成都天府新区高三数学,6,1
2024扬大附中东部分校语文10月月考,2,1
2024抚顺市六校联考高一物理期末,1,1
2024抚顺市六校联考高一生物期末,3,1
2024数学,3,1
2024数学全国乙卷,1,1
2024数学镇安中学高二上月考,9,1
2024数学高二上月考,1,1
2024数学高考真题,6,1
2024新课标一卷,7,1
2024新课标一卷数学,5,1
2024新高考 2卷,1,1
2024新高考一卷,1,1
2024新高考一卷数学,2,1
2024新高考二卷,3,1
2024新高考二卷高分范文,1,1
2024新高考物理2卷,2,1
2024新高考英语北京卷,2,1
2024新高考语文二卷高分范文,1,1
2024日照语文中考试卷,1,1
2024普通高中学业水平选择考试江西,11,1
2024普通高等学校招生全国统一考试新高考二卷,2,1
2024普通高考适应性测试九省联考,12,1
2024普通高考适应性测试英语九省联考,4,1
2024江苏高考化学真题,1,1
2024河东区高三第一学期语文,1,1
2024河东区高三第一学期语文期末卷,3,1
2024河北卷,2,1
2024河北生物高考题,4,1
2024河北衡水期中,4,1
2024河南物理,1,1
2024河南物理高考,21,1
2024浙江,1,1
2024浙江1月,3,1
2024浙江6月,1,1
2024浦东新区区统考高二上期中,32,1
2024浦东新区期中,3,1
2024浦东新区期中区统考,9,1
2024浦东新区期中区统考高二上,2,1
2024海南,2,1
2024海曙中学大讲堂数学测试卷,2,1
2024海港区七上数学期中考试卷,4,1
2024淄博实验,12,1
2024淄博实验中学,1,1
2024深圳二模,8,1
2024清华强基化学,4,1
2024温州高一物理,6,1
2024湖北省石首市文昌小学一年级上册数学期中试卷,2,1
2024湖北省石首市文昌小学一年级上册语文期中试卷,5,1
2024湖南中考统考语文试卷,3,1
2024湖南卷,3,1
2024湖南历史高考,1,1
2024湖南省普通高中学业水平选择性考试‑物理,4,1
2024湖南高考化学答案,1,1
2024湖天中学入学考试高一,1,1
2024滨州中考,1,1
2024物理竞赛预赛,2,1
2024物理高考山东,6,1
2024玉汝于成高考真题精选物理答案,3,1
2024福州一检数学初三,11,1
2024福建泉州市二模,3,1
2024福建泉州市二模物理,7,1
2024秋季省级示范高中,1,1
2024秋季省级示范高中鄂东南,3,1
2024第一学期期末九年级自适应练习,9,1
2024级初二下学期阶段性检测作业语文,3,1
2024至2025学年度上期校协作体12月高一联考英语试题,11,1
2024至2025学年度下学期期末考试,15,1
2024至2025学年高一下期末考点大串讲外研版七选五,5,1
2024至2025年 高一上学期山西大学附属中学化学第一次月考,1,1
2024至2025年福建福州第二次质检,1,1
2024苏州高三期初阳光调研数学,3,1
2024英语,6,1
2024英语 高考1卷全国一卷,2,1
2024英语高考真题北京卷,3,1
2024菏泽一模数学,4,1
2024语文九省联考,4,1
2024语文全国甲卷,1,1
2024贵州高考化学,10,1
2024贵州高考物理真题,8,1
2024辽宁物理,1,1
2024辽宁物理高考答案,3,1
2024进才中学高一期中数学,4,1
2024郧阳中学学科特长生招生考试英语试卷,6,1
2024部分区一模,1,1
2024鄂东南,3,1
2024鄂东南高一,1,1
2024重庆八中,37,1
2024陕西高考政治真题,14,1
2024青岛三模,1,1
2024青岛三模生物,1,1
2024青岛数学一摸,2,1
2024青岛数学一模,4,1
2024高一期中,2,1
2024高三数学嘉定一模,4,1
2024高州市八年级学科素养抽样监测,11,1
2024高考2卷,2,1
2024高考二卷英语,3,1
2024高考化学,1,1
2024高考物理2卷,2,1
2024高考英语,3,1
2024高考英语试卷全国甲卷,3,1
2024高考语文,4,1
2024～2025学年度彭州中学高2024级高一上册期末考试,4,1
2024～2025学年度彭州中学高2024级高一下册期末考试物理,4,1
2024～2025江苏省南京市高二上期中,2,1
2025 - 2026学年度连江县八年级数学第一学期期末测试卷,1,1
2025 0 0 1卷 全国英语高考,1,1
2025 0 0 1卷 全国高考英语,2,1
2025 0 1全国1数学真题高考,1,1
2025 0 全国高考英语一卷,2,1
2025 1卷 全国生物高考,3,1
2025 1卷 全国高考 数学,4,1
2025 1卷 数学,1,1
2025 2026 01 七年级下册期末试卷枣阳,5,1
2025 2026 01 七年级下册期末试卷道里区,1,1
2025 2026 01 七年级下册期末试卷道里区英语,2,1
2025 2026 武汉市部分学校高三九月调研考试,4,1
2025 2026 武汉市部分学校高三调研考试,1,1
2025 2026 第二学期八年级期末模拟,12,1
2025 2026六年级下册期末科学,8,1
2025 2026学年上初二期中学业水平质量检测数学,7,1
2025 2026学年八年级上册物理单元检测卷,1,1
2025 2026学年度下学期期末考试高一试题,2,1
2025 2026学年度第二学期期末历史质量检测,6,1
2025 2026学年度第二学期高一物理期末教学质量检测,1,1
2025 2026学年福州市高三年级第一次质量检测,4,1
2025 2026学年高一化学下学期期末模拟卷,4,1
2025 2026学年高一化学下学期期末模拟卷（15+4）,33,1
2025 2026年度第二学期期末考试质量检测,5,1
2025 2026福州市高三年级第一次质量检测,5,1
2025 2026第二学期天津市部分区九年级,5,1
2025 2026第二学期天津市部分区高二英语期末考试试,3,1
2025 2026第二学期天津市部分区高二英语期末考试试卷,1,1
2025 2026长沙市长郡集团九上化学,2,1
2025 2026高一下学期期末数学考试,4,1
2025 2026高二下学期期末英语南通市,2,1
2025 2026高二下学期期末英语南通市airy,1,1
2025 7年级下册数学江苏东台,2,1
2025 Z20 8月联考通用,2,1
2025 Z20 8月联考通用技术,1,1
2025 Z20联考通用,4,1
2025 一模上海数学松江,4,1
2025 上海高考英语押题卷,10,1
2025 全国1一卷英语卷高考,2,1
2025 全国一卷 语文 高考真题,10,1
2025 全国一卷英语卷高考,6,1
2025 初三 英语期末考试,6,1
2025 历史高三唐山九月摸底考,2,1
2025 天津市河东区第七中学,3,1
2025 宁波期末信息技术试卷,10,1
2025 山东高考数学试卷,1,1
2025 山东高考物理,3,1
2025 年 02 卷 全国 高考 英语真题,22,1
2025 年 1 月浙江政治学业水平卷,4,1
2025 年 1 月浙江政治学业水平卷答案,1,1
2025 年 新高考一卷数学试卷,1,1
2025 年云南政治高考试卷,2,1
2025 年将通商等学校招生全国纷一考试（新商考全限1考）,1,1
2025 年语文高考1全国卷 真题,4,1
2025 年高考真题,4,1
2025 年高考英语 1卷全国1卷,4,1
2025 年高考英语 1卷全国1卷真题,1,1
2025 广州中考,3,1
2025 数学全国1卷,1,1
2025 数学唐山九月摸底考,5,1
2025 数学高三唐山九月摸底考,5,1
2025 数学高考新一卷,1,1
2025 新高考全国卷1数学,6,1
2025 杭州调考,1,1
2025 杭州调考数学,3,1
2025 杭州调考高三数学,1,1
2025 生物中考,12,1
2025 语文高三唐山九月摸底考,13,1
2025 辽宁省名校联盟,2,1
2025 辽宁省名校联盟12月,9,1
2025 辽宁省实验期中,2,1
2025 邯郸市高三上学期第一次调研监测,2,1
2025 高一 桂阳八中入学考,1,1
2025 高三 第一次适应性,9,1
2025 高考数学全国1卷,12,1
2025 高考综合改革适应性演练 八省联考,1,1
2025--2026南阳市一年级上学期语文试卷语文,14,1
2025--2026学年度下学期期末质量测查八年级数学试题,4,1
2025--2026学年度下学期期末质量测查八年级物理试题,3,1
2025--2026学年度河南省许昌市高一第二学期期末质量检测,4,1
2025--2026学年高一物理（必修2）周周练,3,1
2025-2026,1,1
2025-2026 伊犁哈萨克自治州 七年级下册 语文 期末试卷,1,1
2025-2026 伊犁哈萨克自治州 八年级上册 数学 期末试卷,2,1
2025-2026 伊犁哈萨克自治州 八年级上册 物理期中试卷,2,1
2025-2026 伊犁哈萨克自治州 八年级上册 物理期末试卷,3,1
2025-2026 伊犁哈萨克自治州 八年级上册 语文 期末试卷,3,1
2025-2026 李沧八年级上册数学北师大版期中,1,1
2025-2026 李沧八年级上册数学期中,5,1
2025-2026=-1学年度高一下学期期末模拟考试化学试题（二）,8,1
2025-2026七下本溪市英语卷子,6,1
2025-2026七年级上册数学期中考题宝丰县,4,1
2025-2026七年级生物,7,1
2025-2026七年级英语下学期期末押题卷郑东新区,5,1
2025-2026上学期八年级烟台期中考试卷,2,1
2025-2026上学期烟台八年级期中数学考试卷,11,1
2025-2026上海七年级,1,1
2025-2026上海七年级上,6,1
2025-2026下学期期末质量检测八年级数学试题,11,1
2025-2026东丽区华新共同体,4,1
2025-2026九年级上册期末语文,13,1
2025-2026保定市第一学期期末调研考试高一语文试卷,3,1
2025-2026八上道法,13,1
2025-2026八下期末真题,1,1
2025-2026八下道法,16,1
2025-2026八年级下册人教版教材英语期末模拟卷,13,1
2025-2026八年级下册人教版教材英语期末模拟卷湖北专用期末模拟卷,12,1
2025-2026八年级下册人教版物理单元测试卷,3,1
2025-2026八年级中山市,2,1
2025-2026公道中学,1,1
2025-2026化学,1,1
2025-2026化学下学期高二期末考试,6,1
2025-2026南通市通州1模数学九下,1,1
2025-2026南阳市春季高一期中末质量评估数学,4,1
2025-2026南阳市春季高一期中末质量评估物理,1,1
2025-2026南阳市春季高一期中末质量评估生物,5,1
2025-2026南阳市秋季高一上期中质量评估物理,1,1
2025-2026南阳市秋季高二上期中质量评估数学,20,1
2025-2026南阳市秋季高二上期中质量评估物理,2,1
2025-2026即墨高二下学期期末语文试卷答案,4,1
2025-2026周南实验高一入学考试,30,1
2025-2026周南梅溪湖初二上物理期末考试试卷,6,1
2025-2026周梅溪湖初二上物理期末考试试卷,2,1
2025-2026哈尔滨市第三中学校,4,1
2025-2026四川省成都市高新区7年级下期期末英语试卷,1,1
2025-2026塘沽十三中高三上第一次月考,1,1
2025-2026大连24中高二下期中考试英语试卷,1,1
2025-2026大连市第一中学高二期末语文试卷,4,1
2025-2026天津一中八上数学第一次月考,3,1
2025-2026天津塘沽十三中高三上第一次月考,4,1
2025-2026天津市和平区高三上期末试卷,4,1
2025-2026天津市部分区高三上期末试卷,3,1
2025-2026天津河北区高三第三次数学,1,1
2025-2026学业水平质量检测试题山东省临沂市七年级语文千钧重负浩瀚无际,6,1
2025-2026学年,6,1
2025-2026学年上学期期中考试高二试题化学,3,1
2025-2026学年上学期期末综合练习卷,4,1
2025-2026学年上海市曹杨二中高二（下）3月段考化学试卷,3,1
2025-2026学年下学期 东北师大附中 化学,4,1
2025-2026学年下学期 东北师大附中 高一年级期中考试（化学）,3,1
2025-2026学年下期期末教学质量检测高一年级政治,8,1
2025-2026学年下期期末教学质量检测高一年级政治贵州,3,1
2025-2026学年九上物理全一册单元检测卷,1,1
2025-2026学年九年级上册物理章节检测卷,1,1
2025-2026学年九年级第一学期数学期末考试,6,1
2025-2026学年九年级第一学期期中学业质量监测,31,1
2025-2026学年人教版七年级下学期期末模拟试卷,1,1
2025-2026学年仁爱科普版七年级英语下册《Unit12第二阶段综合检测卷（综合检测卷十三 Unit12 B）》,3,1
2025-2026学年八年级上册数学单元检测卷第二章实数,3,1
2025-2026学年八年级上学期数学期中模拟卷,1,1
2025-2026学年八年级上学期期中模拟卷,1,1
2025-2026学年八年级下册晋教版地理知识点,5,1
2025-2026学年八年级下册金太阳关联考江西,1,1
2025-2026学年八年级下册金太阳关联考江西鄱阳,7,1
2025-2026学年八年级下物理单元自测卷,2,1
2025-2026学年八年级第一学期数学期中试题,1,1
2025-2026学年初中物理沪粤版九年级上册期末复习单元卷,2,1
2025-2026学年吉林省长春市净月高新技术产业开发区七年级下学期数学期末试卷,3,1
2025-2026学年吉林省长春市南关区七年级（上）期末英语试卷,2,1
2025-2026学年吉林省长春市绿园区七年级（上）期末英语试卷,3,1
2025-2026学年山西晋中市平遥县八年级下学期期末数学试题。,37,1
2025-2026学年岷县第一中学第二中学第三中学第四中学高二下学期期末考试语文试卷,4,1
2025-2026学年度上学期高二年级期中考试化学试题,5,1
2025-2026学年度下学期期末高一数学试题,12,1
2025-2026学年度下期质量监测四年级数学,1,1
2025-2026学年度东北育才学校高中高三第一次模拟考试,6,1
2025-2026学年度丹东二中物理期末考试卷,1,1
2025-2026学年度第一学期期末考试七年级英语学科试卷甘肃,12,1
2025-2026学年度第二学期七年级下册期中适应性练习英语2025-2026学年度第二学期七年级下册期中适应性练习英语,3,1
2025-2026学年度第二学期期末学情调研三年级英语试题,1,1
2025-2026学年度第二学期质量检测高一物理试题,1,1
2025-2026学年度第二学期高二年级第二阶段质量检测物理,6,1
2025-2026学年度高三9月调研考试,10,1
2025-2026学年新教材八年级上册数学活页同步练习（冀教版2024）,2,1
2025-2026学年江苏省南通市八年级第一学期数学期中试题,1,1
2025-2026学年江苏省南通市市值校联考八年级第一学期数学期中试题,5,1
2025-2026学年江苏省南通市通州区金郊初级中学七年级（上）月考数学试卷（12月份）,3,1
2025-2026学年江苏省苏州市高一上期末物理试卷,3,1
2025-2026学年河南省新未来高二6月联考,2,1
2025-2026学年河南高一10月联考英语,1,1
2025-2026学年浙教版八年级数学上册期末综合复习课件,7,1
2025-2026学年浙江省9+1历史,1,1
2025-2026学年浙江省宁波市九校联考高一下学期物理期末试卷,1,1
2025-2026学年浙江省宁波市慈溪市高二（下）期末物理试卷,3,1
2025-2026学年浙江省湖州市高一下学期物理期末试卷,1,1
2025-2026学年浙江省衢州市高一下学期物理期末试卷,1,1
2025-2026学年浙江省金华市高一（下）期末物理试卷,4,1
2025-2026学年湖北省武汉市江岸区八年级下学期期中试卷物理,5,1
2025-2026学年潍坊市高一下学期期末统考数学真题,1,1
2025-2026学年福州市高三年级三月质量检测,4,1
2025-2026学年福州市高三年级第一次质量检测,1,1
2025-2026学年福州市高三年级第二次质量检测,9,1
2025-2026学年福建省莆田市八年级（上）期末数学试卷,2,1
2025-2026学年第一学期天域全国名校协作体联考高三化学,1,1
2025-2026学年第一学期期末考试,5,1
2025-2026学年第一学期鼎尖名校联考,1,1
2025-2026学年第二学期昭通市高一英语,15,1
2025-2026学年第二学期期末检测,1,1
2025-2026学年第二学期期末检测八年级数学,2,1
2025-2026学年第二学期期末检测八年级英语,3,1
2025-2026学年第二学期杭州市高三年级教学质量检测通用技术,3,1
2025-2026学年第二学期质量检测（6月）,17,1
2025-2026学年第二学期高二年级期末考试政治试题,2,1
2025-2026学年英语综合测试卷,1,1
2025-2026学年辽宁省沈阳市虹桥中学九年级上开学试卷,2,1
2025-2026学年高一10月联考英语,13,1
2025-2026学年高一化学单元自测,5,1
2025-2026学年高一化学单元自测第六章化学反应与能量,8,1
2025-2026学年高一必修一年级物理单元测试卷,5,1
2025-2026学年高一必修一年级物理单元测试卷第二章,1,1
2025-2026学年高一数学下学期单元自测,1,1
2025-2026学年高一数学下学期单元自测概率能力提升,2,1
2025-2026学年高一物理下学期期末模拟卷,4,1
2025-2026学年高二化学上学期第一次月考卷,5,1
2025-2026学年高二生物第三次月考模拟卷,1,1
2025-2026学年高二生物第三次月考模拟卷上海,4,1
2025-2026届高三数学一轮复习·函数零点专项训练,4,1
2025-2026届高三数学一轮复习·导数专项训练,1,1
2025-2026山东中考数学,1,1
2025-2026山东省德州市七年级下册英语,2,1
2025-2026山东省德州市天衢新区七年级下册英语,4,1
2025-2026山东省德州市天衢新区八年级上册英语,2,1
2025-2026山东省德州市德城区七年级下册英语,2,1
2025-2026山东省德州市德城区七年级期末下册英语,1,1
2025-2026山东省德州市德城区八年级上册英语,1,1
2025-2026山东省德州市德城区八年级上册英语第一次月考,1,1
2025-2026山西省现代双语学校联考高一下期末英语试题,1,1
2025-2026年九年级上册深圳市坪山区第三次月考数学题,1,1
2025-2026年山东省东营市广饶县九年上册语文期末限时作业,5,1
2025-2026年山东省烟台市第一学期期中考试,16,1
2025-2026年山东省菏泽市高一下学期期末考试数学试题,4,1
2025-2026年沂南九上化学期中的试卷附答案,1,1
2025-2026广东省博罗县中学高一,8,1
2025-2026徐州期末,1,1
2025-2026成都市成华区7年级下期末英语试卷,3,1
2025-2026成都市武侯区七年级下期末英语试卷,2,1
2025-2026成都市金牛区7年级下期末英语试卷,5,1
2025-2026成都市锦江区7年级下期末数学试卷,3,1
2025-2026成都市高新区7年级下期期末英语试卷,1,1
2025-2026成都市高新区7年级下期末英语试卷,1,1
2025-2026扬州市中考,3,1
2025-2026扬州高2英语期末考试,3,1
2025-2026日照市高二数学开学考,6,1
2025-2026日照市高二语文开学考,1,1
2025-2026昆山初一上学期语文期末,1,1
2025-2026曲阜市8年级期末考试数学试卷,1,1
2025-2026期中高二A佳联考,5,1
2025-2026期末,1,1
2025-2026枣阳数学七年级下册,1,1
2025-2026枣阳英语七年级下册,1,1
2025-2026枣阳英语七年级下册2025-2026,1,1
2025-2026江西省南昌市第二中学高三,1,1
2025-2026江西省南昌市第二中学高三10月,2,1
2025-2026沈阳市沈河区七上期末卷纸,1,1
2025-2026沧州市高二,2,1
2025-2026沧州市高二上学期,1,1
2025-2026河南省开封市五校联考高一下学期期末,2,1
2025-2026河南省开封市五校联考高一下学期期末考试,1,1
2025-2026河南省驻马店市期末,5,1
2025-2026河西化学九年级化学上第一次月考天津,4,1
2025-2026河西化学九年级数学上第一次月考天津,1,1
2025-2026河西实验物理九年级化学上第一次月考天津,2,1
2025-2026河西滨湖物理九年级化学上第一次月考天津,3,1
2025-2026河西物理九年级化学上第一次月考天津,1,1
2025-2026济宁市第二学期期末质量检测,12,1
2025-2026浙江北斗星盟阶段性考试高三英语,1,1
2025-2026深圳外国语学校高三开学考,1,1
2025-2026清华附中永丰学校,1,1
2025-2026烟台中考物理,1,1
2025-2026福州市第三中学,11,1
2025-2026福州市高三年级第一次质量检测化学,4,1
2025-2026福建高三第一次质检,26,1
2025-2026福清市八年级上册期中物理卷子,3,1
2025-2026福清高一上期中,4,1
2025-2026福清高一上期中物理,1,1
2025-2026英语七年级下册2025-2026,1,1
2025-2026英语七年级下册2025-2026人教版,1,1
2025-2026英语七年级下册2025-2026人教版枣阳,6,1
2025-2026西宁八年级上册语文期末试卷,2,1
2025-2026语文试卷,1,1
2025-2026银川一中化学高一化学,4,1
2025-2026高一上学期月考试卷,3,1
2025-2026高一下学期期末模拟卷,2,1
2025-2026高一下学期期末模拟数学卷,25,1
2025-2026高一下期末物理,5,1
2025-2026高一年级期末质量检测化学,6,1
2025-2026高一必修一物理单元检测卷,18,1
2025-2026高一物理必修一第一章运动的描述基础单元测试卷 含答案 可打印,2,1
2025-2026高一英语下学期期末模拟练习卷北师大版,32,1
2025-2026高二下物理期末,1,1
2025-2026高二下物理期末北京,11,1
2025-2026高二下物理期末大兴,1,1
2025-广东省,1,1
2025.2026数学全国I卷和全国Ⅱ卷打印版,5,1
2025.3天域联盟,1,1
2025.3天域联盟英语,1,1
20250 0 1卷 全国高考,6,1
20250 01卷 高考数学,1,1
20251卷数学,1,1
20252026三明尤溪县高二上册期中,11,1
20252026三明高二上册月考,1,1
20252026三明高二上册期中,12,1
20252026三明高二上册期中五校联考,1,1
20252026启东名校高三第二学期期初调研测试。,4,1
20252026学年第二学期期末10套练习题，高一化学试题,1,1
20252026学年第二学期高二技术,8,1
20252026学年高一英语综合测试卷,1,1
20252026年山东省临沂市高三上政治试卷期中,3,1
20252026年山东省临沂市高二上政治试卷期中,1,1
20252026年山东省日照市高三上学期期中校际联合考试,2,1
20252026景德镇九上期中化学试卷,1,1
20252026景德镇九上期中试卷,1,1
20252026景德镇期中试卷,1,1
20252026重庆八中八上物理期末,5,1
20252卷数学,1,1
20259月开学考,4,1
2025A佳教育高二期中联考化学,3,1
2025IMO,1,1
2025_2026学年五年级数学冀教版沧州市运河区期末试卷,12,1
2025~2026 9校联考卷,3,1
2025~2026 深圳福田外国语数学期中九年级,4,1
2025~2026 深圳福田第二外国语数学期中九年级,4,1
2025~2026 高一上河南郑州,3,1
2025~2026。泰州江苏的英语试卷。,1,1
2025~2026上学期期中阶段质量检测八年级物理,5,1
2025~2026东莞九上期中语文,3,1
2025~2026丹东市高一下期末数学试卷,7,1
2025~2026九年级上册数学期中试卷,15,1
2025~2026九年级上册期中试卷,10,1
2025~2026养正中学9年级数学试卷,1,1
2025~2026南通高二英语质量检测,4,1
2025~2026南通高二英语质量检测 a  couple  and  two  childrens,3,1
2025~2026南通高二英语质量检测下学期,5,1
2025~2026南通高二英语质量检测下学期 a  couple  and  two  childrens,3,1
2025~2026学年八年级数学下册下学期期末真题重组卷,5,1
2025~2026学年四川省内江市威远中学高二上第一次月考数学试卷,4,1
2025~2026学年四川省内江市高二上期末化学试卷,1,1
2025~2026学年四川省成都七中高二上第一次月考数学试卷,1,1
2025~2026学年四川省重庆八中高二上第一次月考数学试卷,6,1
2025~2026学年四川省重庆八中高二上第一次月考生物试卷,4,1
2025~2026学年师大附中高三上月考数学试卷,2,1
2025~2026学年度下学期期末真题必刷卷高二地理c卷,7,1
2025~2026学年度广东省高三八校联盟质量检测二语文,2,1
2025~2026学年度武汉市常青第一学校,11,1
2025~2026学年度第一学期期中质量自测七年级英语试题,14,1
2025~2026学年度第一学期高一期末检测题化学化学内江江,3,1
2025~2026学年度第二学期学业质量监测卷5年级语文,16,1
2025~2026学年度第二学期期中7月水平检测初四英语莱阳,4,1
2025~2026学年度第二学期期末检测试题高二语文原卷版（陕西）,2,1
2025~2026学年度第二学期海口市八年级期末检测题数学,2,1
2025~2026学年度第二学期海口市八年级期末检测题物理,2,1
2025~2026学年成都市青羊区泡桐树中学7年级上册期中数学试卷。,7,1
2025~2026学年河南新未来高考入学英语检测试卷Q卷,4,1
2025~2026学年第二学期五年级期末数学测试卷。聊城高唐地区的,22,1
2025~2026学年第二学期期末测试.,20,1
2025~2026学年第二学期期末考试。,64,1
2025~2026学年第二学期期末考试试卷初二年级数学学科,1,1
2025~2026学年第二学期期末质量监测试题（巻）,2,1
2025~2026学年第二学期高一年级共体训练清远,8,1
2025~2026学年第二学期高二年级供题训练,1,1
2025~2026学年第二学期高二年级供题训练日语,5,1
2025~2026学年第二期期末考试七年级英语试卷,5,1
2025~2026学年菏泽高二上学期期末日语试卷,3,1
2025~2026学年金华市第二学期期末质检,8,1
2025~2026学年高一生物下学期期末真题重组卷,1,1
2025~2026学年高一生物下学期期末真题重组卷内蒙古,3,1
2025~2026学年高一英语暑假作业,8,1
2025~2026学年高三上学期陕西省部分学校9月联考数学试卷,13,1
2025~2026年 第二学期期末检测试卷,10,1
2025~2026年8年级第二学期期末道法,13,1
2025~2026年上海市高二下学期期末语文,4,1
2025~2026年岷县第一中学高二下学期期末考试语文,8,1
2025~2026年河南省实验中学七上入学试卷,1,1
2025~2026年河南省实验中学七上入学试卷数学,3,1
2025~2026年河南省实验中学七上入学试卷数数,1,1
2025~2026年福建省泉州市惠安县 第一教研联盟九年级上 期中数学试卷,5,1
2025~2026年高二下学期生物单元检,1,1
2025~2026广安市期末高一下教学质量检测化学,4,1
2025~2026广安市期末高一下教学质量检测物理,2,1
2025~2026晋江市养正中学9年级数学试卷,1,1
2025~2026晋江市安海镇养正中学9年级数学试卷,2,1
2025~2026泰兴英语试卷七下。,1,1
2025~2026济南市历城区八年级上册语文期中考试试题,2,1
2025~2026深圳市南山区外国语集团学府中学九年级上期末数学试卷,2,1
2025~2026深圳市南山区第二外国语集团学府中学九年级上期末数学试卷,3,1
2025~2026生物枣庄期末,1,1
2025~2026生物枣庄期末高一,3,1
2025~2026福州市高三语文5月质量检测,3,1
2025~2026第二学期期中质量检测,8,1
2025~2026第二学期期末质量检测,5,1
2025~2026蚌埠市期末英语,1,1
2025~2026蚌埠市高一期末英语,3,1
2025~202。兴化市八年级上册语文第二次月考试卷。,1,1
2025·北京市中考一模英语试卷精选,1,1
2025‑2026 人教A版必修第二册 第八章立体几何初步 单元测试 基础,3,1
2025‑2026初中物理沪粤版九年级上册期末复习‑11章功与机械能基础卷,3,1
2025‑2026学年 四川天府新区 七年级下学期期末数学 统考 含答案解析,1,1
2025‑2026学年 昆山、太仓、张家港、常熟市七年级（上）期末数学试卷,1,1
2025‑2026学年 江西省新十校协作体 高三上学期第一次联考·物理试卷,3,1
2025‑2026学年山东省烟台市芝罘区七年级（上）期中化学试卷 鲁教版五四制,1,1
2025‑2026学年福州市高三年级第一次质量检测 化学试题,1,1
2025‑2026学年第一学期期中调研考试 高三英语 连云港,1,1
2025‑2026学年高一英语下学期期末模拟卷4（人教版专用）河南,4,1
2025–2026学年度初中英语期末考试卷,5,1
2025–2026菏泽市高二上期中数学A卷（官方统考卷）,3,1
2025—2026人教生物,7,1
2025—2026唐山市高一第二学期期末政治,4,1
2025—2026学年广东省佛山市普通高中教学质量检测一数学试卷,2,1
2025—2026学年度上学期高三9月期初考试 数学试卷,1,1
2025—2026学年度上学期高三9月期初考试 生物试卷,1,1
2025—2026学年度下学期抚顺七校协作体,4,1
2025—2026学年度八年数学期中考卷,5,1
2025—2026学年度沙城中学高二下学期数学假期作业,4,1
2025—2026学年度第二学期期末考试高一语文,9,1
2025—2026学年度苏锡常镇高三教学情况调研一数学试卷,2,1
2025—2026学年福建省福州市高三年级五月质量检测数学试卷,1,1
2025—2026学年第一学期高二月考地理,1,1
2025—2026学年第一学期高二月考英语,5,1
2025—2026学年高一下学期期末质量抽测 茂名,4,1
2025—2026学年高三上学期浙江省温州市期末质量检测数学试卷,1,1
2025—2026年四川省成都市第七中学高二下零诊模拟数学试卷,4,1
2025—2026第一学期杭州市高三年级教学质量检测,23,1
2025—2026辽宁学年度八年数学期中考卷,8,1
2025—2026高三淮北一模,8,1
2025—2026高三淮北二模,2,1
2025——2026年天津市部分区英语期末考试试卷,7,1
2025∽2026年七年级上学期期中数学试卷,1,1
2025∽2026年七年级下学期数学试卷,1,1
2025一'2026学年度安徽省亳州市蒙城县高一第二学期期末考试,5,1
2025一2026亳州市第二中学开学考,10,1
2025一2026亳州市第二完全中学开学考,11,1
2025一2026八下数学期末测试卷,2,1
2025一2026内江,5,1
2025一2026学年度第二学期期末学业水平测试七年级数学,26,1
2025一2026学年甘肃省陇南市武都区七年级下学期7月数学期末试卷,7,1
2025一2026学年甘肃省陇南市武都区七年级下学期7月英语期末试卷,4,1
2025一2026学年甘肃省陇南市武都区七年级下学期7月语文期末试卷,2,1
2025一2026济宁高二英语试题答案,6,1
2025一2026邓州市期中测试卷9年级,21,1
2025一卷英语,1,1
2025一卷英语高考,4,1
2025一月济南高一期末化学,1,1
2025一模卷,44,1
2025一模卷听力,3,1
2025上学期江南十校物理,5,1
2025上海中考,3,1
2025上海奉贤三模,3,1
2025上海高考真题化学,3,1
2025东北三省一区高三化学试卷,15,1
2025中考,1,1
2025中考卷,3,1
2025中考数学,2,1
2025临沂一模物理,1,1
2025临沂高一上期末物理,3,1
2025临沂高三一模物理,4,1
2025临沂高二期末历史,2,1
2025丹东二中高一上英语月考,2,1
2025乐山市9年级上册期末考试,1,1
2025九年级上册期末试卷望城区,7,1
2025九省联考,2,1
2025九省联考物理,11,1
2025二卷英语听力,2,1
2025二试数学,6,1
2025会泽县期末,7,1
2025佛山一模,15,1
2025信阳模拟测试,9,1
2025信阳模拟预测,3,1
2025全国1卷语文,3,1
2025全国2卷,1,1
2025全国2卷英语,1,1
2025全国一卷语文,1,1
2025全国乙卷,1,1
2025全国二卷,3,1
2025全国卷,3,1
2025全国招生高等学校全国统一卷,2,1
2025全国招生高等学校全国统一卷生物,6,1
2025全国数学高考,1,1
2025全国数学高考答案,1,1
2025全国甲卷化学,12,1
2025全国甲卷理综 化学部分,2,1
2025全国甲卷英语,6,1
2025全国语文1卷,2,1
2025全国语文高考一卷,2,1
2025全国语文高考二卷真题,2,1
2025全国高考一卷,3,1
2025全国高考一卷英语,2,1
2025全国高考二卷,3,1
2025全国高考语文,1,1
2025八下历史期末试卷长汀县,1,1
2025八年级上册新冀教版单词短语表,1,1
2025八省联考数学试题,8,1
2025八省联考英语试题,2,1
2025分班试卷,1,1
2025初中学业水平考试物理试题 聊城 菏泽 临沂 枣庄,5,1
2025到2026学年度下学期期末考试高二试题语文,10,1
2025到2026学年度武汉市部分学校高三年级九届调研考试,6,1
2025到2026学年福州市高三年级第一次质检思想政治试题,3,1
2025到2026学年第一学期期初高三质量检测,6,1
2025到2026学年第二学期八年级综合性练习,9,1
2025到2026学年第二学期校内期末进阶练习八年级数学仓山区,3,1
2025到2026学年第二学期校内期末进阶练习八年级物理仓山区,9,1
2025到2026学年第二学期校内期末进阶练习八年级英语仓山区,6,1
2025到2026学年高一10月联考,1,1
2025到2026学年高一10月联考英语,4,1
2025到2026学年高一上学期第一次月考生物试题,1,1
2025到2026学年高一下学期期末考试生物学试题,25,1
2025到2026学年高二下学期第三次阶段检测,3,1
2025到2026学年高二化学上学期第一次月考卷,25,1
2025到2026年江西省九江市都昌县八年级上期中数学试卷,7,1
2025到2026年高二下学期六月期末语文试题,1,1
2025到2026济宁高二地理试题答案,2,1
2025到2026烟台高一上学期月考,7,1
2025到2026烟台高一上学期期中,2,1
2025到2026烟台高一上学期期中英语,9,1
2025到2026烟台高一上学期期末,1,1
2025到2026福建省龙岩市半期考试卷,6,1
2025到2026第十五章 电流和电路 第十六章 电压 电阻 第十七章 欧姆定律 阶段评价卷‑2025‑2026学年人教版九年级物理全一册,9,1
2025到2029学年第一学期期中七校联合调研试题,17,1
2025化学,1,1
2025化学高三期中,1,1
2025化学高三期中，江苏,45,1
2025北京中考物理,6,1
2025北京北大附中高二上期中英语,3,1
2025北京北师大实验中学初三上期中,2,1
2025北京卷,1,1
2025北京卷语文,1,1
2025北京四中初三,2,1
2025北京师大附中初三上期中,1,1
2025北京师大附中初三上期中语文,3,1
2025北京师大附中初二上期中语文,6,1
2025北京平谷中学高二上期中英语,7,1
2025北京延庆高一上期中英语,2,1
2025北京朝阳北京中学高二上期中,2,1
2025北京模拟预测,1,1
2025北京第五中学高二上期中英语,3,1
2025北京第十五中学高二上期中英语,2,1
2025北京重点校高二上期中英语汇编语法填空,6,1
2025北京铁路第二中学高二上期中英语,5,1
2025北京高三上英语期末,13,1
2025北京高中学业水平考试,2,1
2025北京高二上英语期末,1,1
2025北京高考化学,1,1
2025北京高考数学,3,1
2025北京高考真题化学,5,1
2025北京高考真题学,1,1
2025北京高考英语,6,1
2025北海七中高一分班考,8,1
2025南开9月联考,4,1
2025南通市高二学年度质量测试化学,4,1
2025南通海安九年级上期中物理试卷,1,1
2025南通高中英语质量检测 BAA,5,1
2025南通高中英语质量检测 a  couple  and  two  childrens,2,1
2025南通高二英语下学期期末,5,1
2025南通高二英语质量检测,11,1
2025南通高二英语质量检测 a  couple  and  two  childrens,1,1
2025南阳市秋季高一上期中质量评估物理,3,1
2025历史中考日照,4,1
2025历史高考卷,1,1
2025吉林市中考语文卷,1,1
2025吉林期中高二上数学,2,1
2025吉林期中高二数学,3,1
2025吴江区高一上化学期中试卷,9,1
2025周南实验高一入学考试,6,1
2025周南教育集团高一入学考试,1,1
2025和2026年高考试卷卷,3,1
2025唐山高三开学考,9,1
2025唐山高三开学考数学,1,1
2025四下数学期末测试,1,1
2025四川广元市中考试卷,5,1
2025四川高考模拟卷,1,1
2025四川高考模拟卷 衡水金卷,3,1
2025地理高考真题,2,1
2025大庆中考,1,1
2025大连市106中学分班考试,7,1
2025大连市一模,4,1
2025天河区中考一模英语试卷答案,1,1
2025天津6月高考试卷,1,1
2025天津中考数历史,1,1
2025天津中考数学,1,1
2025天津卷数学真题,1,1
2025天津卷数学真题高考,1,1
2025天津市春季高考英语,2,1
2025天津市春季高考英语第一次,1,1
2025天津市高考试卷,1,1
2025天津普通高中,5,1
2025天津泰达一中,1,1
2025天津泰达一中高一上学期开学考,1,1
2025天津泰达一中高一上学期强基考试,4,1
2025天津高考,1,1
2025天津高考数学,1,1
2025太和中学分班考试数学,3,1
2025学年 2026学年第二学期杭州市高二年级教学质量检测,4,1
2025学年 第二学期 六年级下册 第3次练习,1,1
2025学年中学期末,2,1
2025学年台州期末,10,1
2025学年学军期末,1,1
2025学年广州市番禺区八年级上册期末考试英语试卷,3,1
2025学年广州市番禺区八年级上册期末考试语文试卷,1,1
2025学年期末,3,1
2025学年杭州期末,7,1
2025学年第一学期富阳区五年级语文期末试卷,1,1
2025学年第一学期扬州完高中发展共同体高三年级10月联考,4,1
2025学年第一学期杭州市高三年级教学质量检测,1,1
2025学年第一学期杭州市高三年级教学质量检测语文,4,1
2025学年第一学期杭州高三年级教学质量检测物理,4,1
2025学年第一学期浙南名校联盟十月联考,11,1
2025学年第一学期浙江省七彩阳光新高考研究联盟返校联考,12,1
2025学年第一学期浙江省七彩阳光新高考研究联盟返校联考 日语试题卷,1,1
2025学年第一学期浙江省精诚联盟适应性联考高三日语,1,1
2025学年第一学期温州市第二中学九年级开学考试语文试题,2,1
2025学年第一学期高二杭州市市统测期末,7,1
2025学年第一学期，浙江省级在阳光新高考研究联盟返校联考,7,1
2025学年第二学期八年级科学学业质量检测,65,1
2025学年第二学期台州卷高二,1,1
2025学年第二学期嘉兴高二年级教学质量检测,3,1
2025学年第二学期嘉兴高二年级教学质量检测政治,1,1
2025学年第二学期期末,6,1
2025学年第二学期期末训练,5,1
2025学年第二学期期末调研卷高一生物,1,1
2025学年第二学期期末调研测试卷高一生物,6,1
2025学年第二学期期末调研测试卷高一生物浙江湖州,2,1
2025学年第二学期杭州市高二期末教学质量检测,4,1
2025学年第二学期高一期末测试卷物理,28,1
2025学年第二学期高二年级期末测试化学,6,1
2025学情诊断物理高三,11,1
2025宁夏中考数学卷,3,1
2025宁夏吴忠二模,1,1
2025安徽六校联考,7,1
2025安徽化学高考真题,4,1
2025安徽天一八月高三,4,1
2025安徽物理,1,1
2025安徽物理高考,1,1
2025安徽省10校联考高三下学期一模联合考试,1,1
2025安徽省10校联考高三下学期一模联考试,3,1
2025安徽芜湖镜湖中考物理三模,4,1
2025宿迁中考物理,3,1
2025宿迁宿豫区九年级上册期中数学试卷,2,1
2025宿迁宿豫区九年级上册期中物理试卷,5,1
2025宿迁宿豫区九年级上册期末数学试卷,2,1
2025宿迁宿豫区九年级期末数学试卷,1,1
2025小宁德一模,10,1
2025小宁德二检,6,1
2025小宁德二模,16,1
2025届 浙江省北斗星盟 高三下学期三模 英语试题（浙江新高考）,2,1
2025届z20第一次联考技术卷,6,1
2025届上海市高三杨浦一模,7,1
2025届中考复习专题：八大最值问题汇总,1,1
2025届呼和浩特市高山三通高等学校招生二模,3,1
2025届呼和浩特市高山普通高等学校招生二模,4,1
2025届天津市十二区县高三期末联考一英语,8,1
2025届天津市十二区县高三期末联考一语文,3,1
2025届天津市十二区县高三期末联考二生物,1,1
2025届天津市十二区县高三期末联考二英语,2,1
2025届天津市十二区县高三期末联考二语文,1,1
2025届年浙江杭州高三二模英语,2,1
2025届广东二模,3,1
2025届广东省普通高中毕业班综合测试（二,9,1
2025届广东省深圳市高三一模考试语文试卷,6,1
2025届数学中考复习专题：八大最值问题汇总,13,1
2025届新县中小升初,13,1
2025届普通高校名校联考信息卷模拟一英语,6,1
2025届浙江省温州市高三一模拟考,3,1
2025届湖北省十一校高三下学期第二次联考物理试题,1,1
2025届湖南省长沙市雅礼中学高三模拟试卷（三）答案,4,1
2025届漳州高三毕业班第一次教学质量检测,1,1
2025届漳州高三毕业班第一次教学质量检测地理,10,1
2025届福州市高三一质检地理,1,1
2025届福州高三毕业班第一次教学质量检测地理,9,1
2025届联考(五),5,1
2025届贵阳市高三8月摸底考,1,1
2025届贵阳市高三年级摸底考试试卷英语,2,1
2025届闵行区高三英语一模（2024学年第一学期闵行高三质量调研）,3,1
2025届高三总复习质量检测（一）物理,14,1
2025届高三湖北省十一校第2次联考,1,1
2025届高三湖北省十一校第2次联考 数学试题,10,1
2025届高考仿真模拟卷（样卷）物理试卷）,5,1
2025届龙岩一中高三上学期开学考,1,1
2025届龙岩一中高三上学期开学考化学,1,1
2025山东冬季合格考,2,1
2025山东冬季普通高中学业水平合格考,1,1
2025山东卷地理,2,1
2025山东卷物理,1,1
2025山东卷物理高中,1,1
2025山东名校考试联盟4月,3,1
2025山东普通高中学业水平合格考,1,1
2025山东潍坊历史一模,1,1
2025山东潍坊市九上数学期末测试卷,21,1
2025山东潍坊市九上期末测试卷,1,1
2025山东生物高考真题,4,1
2025山东省中考,3,1
2025山东省实验一模物理,5,1
2025山东省青岛市期初检测化学,1,1
2025山东聊城三模高三政,4,1
2025山东聊城期末测试卷,24,1
2025山东聊城高二上学期期末数学,1,1
2025山东高考,2,1
2025山东高考化学,2,1
2025山东高考地理真题,1,1
2025山东高考生物,6,1
2025山东高考生物真题,3,1
2025山西初中学业水平考试历史,3,1
2025山西省太原市中考一模,4,1
2025山西省实验模考英语,5,1
2025山西省忻州市附中分班考试试卷,1,1
2025山西高中学业合格性水平考试生物试题。,1,1
2025师大附中高一英语月考,1,1
2025年,1,1
2025年 忻州一中,7,1
2025年11月深圳市高二多校联考试卷及答案,6,1
2025年11月稽阳联谊学校高三联考,5,1
2025年11月绍兴市,1,1
2025年11月绍兴市高考英语,14,1
2025年1卷语文答案,1,1
2025年1月普通高等学校招生全国统一考试英语,1,1
2025年1月浙江省普通高校招生选考科目考试技术,6,1
2025年2026年山东省滨州市惠民县高三上11月期中英语试卷,1,1
2025年2026年山东省青岛58中高校校区高三上期中数学试卷,2,1
2025年4年级期中,1,1
2025年5月强基联盟,10,1
2025年7月浙江省普通高中学业水平考试生物,1,1
2025年8月a10联盟安徽省开学考试,1,1
2025年8月化学,4,1
2025年8月圆创联考,4,1
2025年8月浙江省名校协作体高二上学期开学考试化学试卷,1,1
2025年9月份高一邹平月考,1,1
2025年9月四川省普通高中学业水平合格考考试,1,1
2025年9月月考卷淮安,1,1
2025年“江南十校新高三第一次综合素质检测高三语文”,44,1
2025年一卷英语,1,1
2025年一月英语,1,1
2025年一月高中英语,10,1
2025年三明市三元区八年级上册半期考,9,1
2025年上学期长沙市雅礼集团八年级期中考试数学卷子,5,1
2025年上期义务教育期末学业质量监测,31,1
2025年下学期高一生物期末考试,154,1
2025年下学期高一生物期末考试，ARC基因，心肌细胞,29,1
2025年东营高一下学期物理期末考试,3,1
2025年中国化学奥林匹克竞赛初赛,1,1
2025年中江高一月考,1,1
2025年中考数学卷,1,1
2025年中考数学卷岳阳,3,1
2025年中考考题英语,1,1
2025年中考考题英语真题,2,1
2025年临沂市兰山区其中,1,1
2025年临沂市兰山区月考,10,1
2025年临沂市兰山区期中,2,1
2025年临沂市兰山区高一期中,11,1
2025年临沂市兰山区高一期中物理,5,1
2025年临高县六年级下册,1,1
2025年义乌中学提前批考试试卷卷数学,2,1
2025年乌鲁木齐兵团八年级物理下册期末试卷,2,1
2025年云南省8省联考,5,1
2025年仁寿县7年级上册数学期末试卷,9,1
2025年仁寿县九年级物理期末试卷,5,1
2025年修订高中历史总复习手册答案,4,1
2025年全国1卷,1,1
2025年全国2卷数学真题,3,1
2025年全国2卷英语真题,1,1
2025年全国2卷语文,6,1
2025年全国一卷,2,1
2025年全国一卷卷物理,1,1
2025年全国一卷数学真题,1,1
2025年全国一卷物理,1,1
2025年全国一卷真题,3,1
2025年全国一卷英语,4,1
2025年全国一卷高考数学真题,2,1
2025年全国初中应用物理创新思维测评,4,1
2025年全国新课标卷地理试题,1,1
2025年全国新课标卷高考地理试题,1,1
2025年全国统一高考数学试卷,1,1
2025年全国高中数学联赛,1,1
2025年全国高中数学联赛一试加试,19,1
2025年全国高考二卷语文,1,1
2025年全国高考卷语文,1,1
2025年全国高考英语一卷真题,1,1
2025年八上硚口数学期末试卷,3,1
2025年八年级上册期中数学,8,1
2025年八省联考数学 四川,2,1
2025年六年级语文统考试卷泰州海陵区,1,1
2025年内蒙古高考政治真题,4,1
2025年内蒙古高考物理卷,1,1
2025年初中学业水平考试试题语文,1,1
2025年到2026年九年级上册数学单元测试,5,1
2025年到2026年五年级东城期末语文期末考试,1,1
2025年到2026年全年第二学期地理期末检测加息,8,1
2025年到2026年四十一中第1次月考,1,1
2025年到2026年年度第一学期高一年级期中考试物理试卷,1,1
2025年到2026年广东省广州市七年级下册期末数学卷,2,1
2025年到2026年广东省深圳市七年级下册数学卷,1,1
2025年到2026年广东省深圳市七年级下册期末数学卷,8,1
2025年到2026年我年级期末语文期末考试,5,1
2025年化学高考卷安徽卷,11,1
2025年北京三模高中数学,6,1
2025年北京市朝阳区陈经纶中学下学期中考零摸,1,1
2025年北京市朝阳区陈经纶中学九年级下学期中考物理零摸,3,1
2025年北京市朝阳区陈经纶中学九年级下学期中考零摸,1,1
2025年北京昌平二模高中数学,9,1
2025年北京昌平高中数学,1,1
2025年北京海淀区9年级上册期中试卷数学,2,1
2025年北京海淀区9年级上册期末试卷数学,1,1
2025年北京海淀区八年级下册期末试卷数学,1,1
2025年北镇高一英语月考,1,1
2025年华侨城中学高三三模英语,1,1
2025年南京中考数学试卷,6,1
2025年南京高31模英语试卷,5,1
2025年南通市中考化学,3,1
2025年南通市期末物理,4,1
2025年南阳一中第1次月考数学试题,9,1
2025年南阳市高一月考,1,1
2025年历史济宁市初中学水平考试真题,1,1
2025年历史高考各省选择题汇总,4,1
2025年合肥市高三第一次教学质量检测英语,8,1
2025年吉林省联考,1,1
2025年吉林省联考高三,8,1
2025年名校课堂7年级英语上册人教版答案,5,1
2025年周南中学高一入学考试英语,9,1
2025年呼伦贝尔市期末生物,1,1
2025年呼市8月起点考语文,4,1
2025年呼市八月起点考,2,1
2025年呼市八月起点考语文,4,1
2025年呼市高三起点考,1,1
2025年和平区二模数学试卷,1,1
2025年四川卷,1,1
2025年四川卷物理,1,1
2025年四川卷物理真题,2,1
2025年四川卷生物,5,1
2025年四川巴中中考物理,1,1
2025年四川巴中中考物理真题,9,1
2025年四川物理高考卷,15,1
2025年四川英语合格考试卷,7,1
2025年四年级上册语文笫一和笫二单元检测试卷,4,1
2025年塘沽一中教育集团数学期中考试,1,1
2025年塘沽一中教育集团数学第一学期期中考试,9,1
2025年增城九上数学期末考卷。,1,1
2025年夏季世界少年奥林匹克数学一年级,22,1
2025年夏季世界少年奥林匹克数学竞赛（中国区）选拔赛省级选拔模拟卷（一）,12,1
2025年大连市高三第一次模拟考试物理,9,1
2025年天一大联考高三卷,1,1
2025年天一联考,4,1
2025年天水一中麦积校区新高一分班考试卷,1,1
2025年天津市十二区县高三期末联考一物理,5,1
2025年天津市十二区县高三期末联考二英语,3,1
2025年天津市第一中学分班考试语文,1,1
2025年天津市第一中学高一分班考试语文,1,1
2025年天津高考生物,5,1
2025年婺源县三年级期中卷子,12,1
2025年宁夏中考语文试卷,1,1
2025年安徽历史,2,1
2025年安徽天一大联考,1,1
2025年安徽高考生物真题,4,1
2025年宿迁市高二上学期期末试卷,9,1
2025年寒八年级上册期中试卷英语,1,1
2025年寒实八年级上册期中试卷英语,1,1
2025年寒食八年级上册期中试卷英语,1,1
2025年小升初分班考黄冈密卷,1,1
2025年山东卷物理,1,1
2025年山东卷高考物理,1,1
2025年山东春考语文,3,1
2025年山东模拟预测题高考,8,1
2025年山东济宁语文,1,1
2025年山东潍坊二模,4,1
2025年山东物理高考试题,5,1
2025年山东省中考,2,1
2025年山东省中考初中学业水平,6,1
2025年山东省数学,1,1
2025年山东省日照市高二上学期开学考试,3,1
2025年山东省日照市高二上学期开学考试数学试题,1,1
2025年山东省沂水县沂水县第二中学开学考试卷,10,1
2025年山东省济南市上实验中学高二上学期英语期中考试试卷,1,1
2025年山东省淄博市英语中考试卷,4,1
2025年山东省青岛市高一期中化学,4,1
2025年山东菏泽高一上学期期中政治,5,1
2025年山东高考,1,1
2025年山东高考政治模拟预测题,2,1
2025年山大附中高一上学期第一次月考化学,2,1
2025年山西中考物理卷子,5,1
2025年山西中考题,1,1
2025年山西大学附属中学高一上学期第一次月考化学,1,1
2025年常州中考英语,1,1
2025年广东省深圳市中考生物真题,1,1
2025年广东省茂名市龙岩学校教育共同体中考考三模语文试题,3,1
2025年广东高考化学真题,2,1
2025年广州中考数学,2,1
2025年广州市中考语文真题,6,1
2025年广州市增城区中考数学零模,9,1
2025年广州市增城区数学零模,1,1
2025年广州市天河区8年级上册数学试卷期末考试,3,1
2025年广州市天河区8年级下册数学试卷期末考试,2,1
2025年广德中学科创夏令营语文,1,1
2025年广西信息技术,3,1
2025年广西地理高考真题,8,1
2025年广西生物高考,1,1
2025年广西高考地理真题,6,1
2025年广西高考真题,4,1
2025年延边第二中学高一上学期期中考试化学,3,1
2025年延边第二中学高一上学期期中考试数学,4,1
2025年建瓯市高一上册期中考物理试题,2,1
2025年德州中考,1,1
2025年德州中考英语卷,2,1
2025年成华区7年级下英语期末考试,4,1
2025年政治高考试卷全国二卷,10,1
2025年数学全国二卷,2,1
2025年数学全国二卷试卷,1,1
2025年数学全国高考卷新课标一卷答案,1,1
2025年数学全国高考卷答案,2,1
2025年数学卷答案,2,1
2025年数学台湾中考试题,1,1
2025年数学高一陕西月考卷,10,1
2025年数学高考卷答案,1,1
2025年新高一化学暑假衔接讲练,6,1
2025年新高一化学暑假衔接讲练人教版,3,1
2025年新高一期末考试题,1,1
2025年新高考一卷,1,1
2025年新高考一卷数学,1,1
2025年新高考一卷数学 真题卷,2,1
2025年新高考一卷物理,4,1
2025年新高考二卷英语真题,2,1
2025年无锡市初中学业水平考试数学试卷,5,1
2025年昌平九上期末数学,1,1
2025年星沙中学八年级上册第一次月考物理,31,1
2025年春季7年级期末质量监测历史试题。,35,1
2025年春季黄冈市期末质量监测高一年级,2,1
2025年昭通市八年级物理试卷,1,1
2025年普通高中学业水平选择性考试 思想政治（湖南卷）,3,1
2025年普通高中学业水平选择性考试湖北卷,5,1
2025年普通高中学业水平选择性考试贵州卷,8,1
2025年普通高校招生统一考试广西壮族自治区普通高中学业水平选择性考试物理物理,3,1
2025年普通高等学校招生全国统一考试,4,1
2025年普通高等学校招生全国统一考试 英语,7,1
2025年普通高等学校招生全国统一考试全国一卷,10,1
2025年普通高等学校招生全国统一考试全国一卷英语,2,1
2025年普通高等学校招生全国统一考试全国一英语,4,1
2025年普通高等学校招生全国统一考试数学,4,1
2025年普通高等学校招生全国统一考试英语,3,1
2025年普通高等学校招生全国统一考试英语学科一,10,1
2025年普通高等学校招生全国统一考试英语学科一卷的听力,4,1
2025年普通高等学校招生全国统一考试（I卷）语文,4,1
2025年普通高等学校招生全国统一考试（新高考I卷）‌,4,1
2025年曹县八年级上册数学期中,4,1
2025年曹县八年级上册数学期末,2,1
2025年期中考试试卷八年级上册历史平邑县,1,1
2025年期中考试试卷八年级上册数学平邑县,3,1
2025年期中考试试卷八年级上册物理平邑县,6,1
2025年期中考试试卷八年级上册英语平邑县,6,1
2025年期中考高二数学,13,1
2025年期末考试试卷八年级上册地理平邑县,3,1
2025年期末考试试卷八年级上册多了平邑县,3,1
2025年期末考试试卷八年级上册生物平邑县,3,1
2025年杭州市高三年级教学质量检测,1,1
2025年杭州高二第二学期期末英语,2,1
2025年松喜中学八上地理期末卷,11,1
2025年松喜中学八上数学期中卷,6,1
2025年松喜中学八上数学期末卷,1,1
2025年林州期中化学卷,13,1
2025年枣阳市7年级下册地理统考试题,3,1
2025年柘城县数学第一次月考,2,1
2025年柘城县物理第一次月考,3,1
2025年柘城县英语第一次月考,2,1
2025年柳州市柳铁一中九年级上数学,1,1
2025年柳州市柳铁九年级上数学,3,1
2025年柳铁九年级上数学,1,1
2025年桂林市十八中九上数学,1,1
2025年桂林市国龙九上数学,2,1
2025年梁邹实验中学八年级英语月考,1,1
2025年梅岭八年级上册期中试卷,3,1
2025年武安一中高一上学期期中试卷,7,1
2025年武汉三调,1,1
2025年武汉调研,17,1
2025年江苏卷历史高考真题,2,1
2025年江苏省中考英语卷,1,1
2025年江苏省普通高中学业水平选择考试,5,1
2025年江苏省泰州中学高二第一次月考试卷上学期,8,1
2025年江苏省泰州中学高二第一次月考试卷下学期,1,1
2025年江苏省泰州市海陵区 中考一模数学试卷,11,1
2025年江苏苏州高三三模英语,3,1
2025年江苏高考物理合格性考试,3,1
2025年河北历史高考真题,1,1
2025年河北物理,1,1
2025年河北物理高考,2,1
2025年河北省唐山市9月份高三摸底考试,30,1
2025年河北省物理高考试卷,1,1
2025年河北省物理高考试卷真题,1,1
2025年河北省石家庄新华区八下期中考试,1,1
2025年河北省石家庄新华区八下期末试卷,1,1
2025年河南省南阳市唐河县七年级下册期末道法试卷,4,1
2025年河南郑州高三上学期第一次质量预测英语,1,1
2025年泉州九月一检政治高三,3,1
2025年泉州九月市一检政治高三,6,1
2025年泗阳县高二上学期期末试卷,2,1
2025年泰安一模物理,1,1
2025年泰安一模物理高三,1,1
2025年泰安市宁阳县,1,1
2025年泰安市高二上学期第一次月考数学,1,1
2025年济南市高三第一次模拟考试化学试卷,4,1
2025年浙江杭州萧山区杭州市萧山区第二高级中学高三下学期高考模拟物理试卷（七彩阳光新高考研,4,1
2025年浙江杭州高三二模英语,6,1
2025年浙江省学业水平考试物理试题,1,1
2025年浙江省绍兴市嵊州市二模卷,4,1
2025年浙江省镇海中学高一年上册期末考试数学试卷,3,1
2025年浦东新区.高三语文二模,4,1
2025年海南高考试题,1,1
2025年海南高考试题生物,4,1
2025年淮安中考试卷,3,1
2025年深圳市高三年级第一次调研考试,3,1
2025年深圳市高三年级第二次调研考试,11,1
2025年深圳市高三年级第二次调研考试二模,2,1
2025年湖北省初中学业水平考试文档,6,1
2025年湖北省襄阳市襄城区八年级下册物理期末考试试卷,1,1
2025年湖北高考化学答案,6,1
2025年湖北高考真题化学试题。,1,1
2025年湖南中考。,2,1
2025年湖南省初中学业水平考试历史,1,1
2025年湖南省普通高中学业水平选择性考试,14,1
2025年湖南省邵阳市武冈市高二上期中考试卷语文,19,1
2025年湖南省邵阳市武冈市高二上期末考试卷数学,8,1
2025年湖南省高一分班考试卷,1,1
2025年湖南高二下英语期末考试,1,1
2025年滨州北镇高一数学月考,2,1
2025年滨州北镇高一英语月考,3,1
2025年滨江一模,12,1
2025年漳州高中第1次市质检语文,6,1
2025年潍坊9月开学考高三,4,1
2025年潍坊中考考地理,1,1
2025年澄迈数学二模,1,1
2025年澄迈高一期中考试,3,1
2025年濮阳市生地会考试卷,7,1
2025年田家炳中学8年级上册第一次月考。,1,1
2025年番禺九上数学期末考卷。,5,1
2025年白云九上数学期末考卷。,1,1
2025年社会浙江卷,1,1
2025年福州市高三一质检地理,11,1
2025年福州长乐区高级中学新高中分班考试试卷,1,1
2025年福建中考数学试卷,6,1
2025年福建宁化中考试卷,1,1
2025年福建省建瓯市高一期中考数学试题,14,1
2025年福建省物理一模试卷,4,1
2025年福建省物理高三10联考,2,1
2025年福建省物理高三开学百校联考,1,1
2025年福建省物理高三百校联考,8,1
2025年福建省物理高中9月试卷,2,1
2025年福建省物理高中一模试卷,1,1
2025年福建高考历史,3,1
2025年秋季9年级上册期中月考,1,1
2025年秋季七年级第一次错题回练,1,1
2025年秋季新高一开学摸底考试模拟卷,2,1
2025年秋季湖北省部分高中联考协作体期中考试高一数学,5,1
2025年秋季第一次错题回练,1,1
2025年秋季高三开学摸底考试模拟卷02,5,1
2025年秋学期九年级期中学情调查语文试题,11,1
2025年第09讲 介词和介词短语（专项训练）（全国通用）2026年高考英语一轮复习讲练测,6,1
2025年第2次广东省普通高中学业水平考试历史卷,1,1
2025年第一学期浙江名校协作体高三9月数学,3,1
2025年第一学期浙江名校协作体高三9月英语,3,1
2025年第一学期浙江名校协作体高三数学,2,1
2025年第一次广东省普通高中学业水平合格性考试数学真题,2,1
2025年第一次广西省普通高中学业水平合格性考试数学真题,3,1
2025年第二学期温州新力量联盟期末联考高二年级日语,7,1
2025年第二次广东省普通高中学业水平合格性考试历史,1,1
2025年绍兴高考语文科目诊断性,1,1
2025年肥城市高三开学考试,8,1
2025年肥城市高三开学考试化学,2,1
2025年肥城市高三开学考试数学,2,1
2025年肥城市高三开学考试物理,2,1
2025年腾麟文化一本必刷题（上下册）高一语文必修全册人教版,23,1
2025年至2026年八年级下册数学单元自测,4,1
2025年至2026年广东省深圳市高三英语试卷,1,1
2025年苏州期中试卷。,2,1
2025年苏州期中试卷。物理,1,1
2025年萧山中学提前批考试试卷卷数学,3,1
2025年萧山中学科创班考试试卷卷数学,2,1
2025年蚌埠市a层高中第一次月考,13,1
2025年蚌埠市高三调研,3,1
2025年西宁市期末调研试卷高一,1,1
2025年试吧联盟高三年纪8月份,3,1
2025年语文中考试卷,1,1
2025年语文全国二卷,8,1
2025年语文全国二卷真题及答案免费,4,1
2025年语文高考试卷一卷,4,1
2025年课标新卷八年级数学下册北师大版,5,1
2025年赣州市高一上学期第一次月考,6,1
2025年赣州市高一开学考,2,1
2025年赣州市高一开学考赣州中学,8,1
2025年赣州市高一第一次月考,1,1
2025年越秀九上数学期末考卷。,1,1
2025年越秀区一模,10,1
2025年辽宁省中考数学,2,1
2025年辽宁省沈阳市中考一模 英语,7,1
2025年邹城七下期末数学试卷,7,1
2025年邹平二中新高一化学试题,2,1
2025年邹平二中新高一历史试题,2,1
2025年邹平二中新高一地理试题,2,1
2025年邹平二中新高一政治试题,2,1
2025年邹平二中新高一数学试题,2,1
2025年邹平二中新高一月考英语,3,1
2025年邹平二中新高一物理试题,2,1
2025年邹平二中新高一生物试题,2,1
2025年邹平二中新高一英语试题,2,1
2025年邹平二中新高一语文试题,2,1
2025年邹平梁邹实验中学七年级月考题,3,1
2025年邹平梁邹实验中学八年级月考题,1,1
2025年邹平梁邹实验中学八年级英语月考题,4,1
2025年邹平高一第一次月考各科试题,1,1
2025年邹平高一英语月考,2,1
2025年郓城县7年级下册语文期末试题,3,1
2025年重庆一中,1,1
2025年重庆市永川区九年级上册期末物理试卷,4,1
2025年镇平县第二高级中学校内检测,4,1
2025年镇江中考数学试卷,4,1
2025年长沙市周南教育集团新高一入学考试英语试卷,8,1
2025年长沙市实验中学,5,1
2025年长沙市实验中学高一,6,1
2025年长沙市长郡中学高一上学期入学分班考试,3,1
2025年长沙市长郡中学高一上学期综合能力检测（入学考试）,9,1
2025年长沙市长郡中学高一入学分班考试,1,1
2025年长沙市雅礼教育集团新高一入学考试英语试卷,3,1
2025年长沙市高一入学分班考试,1,1
2025年长郡中学,1,1
2025年长郡中学分班考试,1,1
2025年长郡中学高一分班考试,2,1
2025年长郡中学高一开学考,3,1
2025年陕晋青宁卷化学,2,1
2025年陕晋青宁政治高考卷,3,1
2025年陕西地生中考试卷,6,1
2025年陕西模考,9,1
2025年隆东10校联盟高一上10月份月场。化学,1,1
2025年青岛即墨区小升初数学分班考试卷,5,1
2025年青岛即墨区小升初数学卷,1,1
2025年高2数学金华十校联考,6,1
2025年高39月份嗯名校联盟辽宁省高三考试数学试卷,10,1
2025年高一10月份联合考试七校辽宁.,6,1
2025年高一下物理金华十校联考,2,1
2025年高一分班考,1,1
2025年高一分班考厦门,1,1
2025年高一数学秋季开学摸底考,4,1
2025年高一数学秋季月考,1,1
2025年高一数学金华十校联考,6,1
2025年高一数学金华十校联考期末,5,1
2025年高一物理金华十校联考,2,1
2025年高一语文秋季开学摸底考,3,1
2025年高三年级第一次适应,1,1
2025年高三年级部分学生调研检测数学,1,1
2025年高考1卷英语,1,1
2025年高考一卷语文,5,1
2025年高考二卷语真题,3,1
2025年高考全国 卷语文,1,1
2025年高考全国一卷数学高考真题文档版,1,1
2025年高考全国一卷语文高考真题,4,1
2025年高考卷,3,1
2025年高考安徽历史,4,1
2025年高考快递高考5年真题高中英语,26,1
2025年高考政治甘肃卷,1,1
2025年高考数学复习解答题提优秘籍,6,1
2025年高考生物山东卷,4,1
2025年高考第三次模拟思政,4,1
2025年高考考英语,2,1
2025年高考英语1卷,1,1
2025年高考英语全国二卷,10,1
2025年高考语文新,6,1
2025年黄冈九月调考历史,1,1
2025年黄冈市九月调考物理,1,1
2025年黄冈市高三九月调考物理,6,1
2025年黄石港区第十四中学新初一分班考试真题,19,1
2025年黑龙江联考,1,1
2025广东中考数学,3,1
2025广东中考数学真题,1,1
2025广东中考省卷,1,1
2025广东中考省卷原卷,3,1
2025广东中考语文真题,1,1
2025广东深圳一模,7,1
2025广东深圳一调,14,1
2025广东深圳语文三模,83,1
2025广东省大湾区高二期末考试,8,1
2025广东第一次生物合格考,10,1
2025广元天立试卷,1,1
2025广州一模化学,1,1
2025广州南沙区高一下数学期末,5,1
2025广州市南沙区天元二中数学第一次月考卷,2,1
2025广州毕业综合测试,6,1
2025广州高中毕业综合测试,5,1
2025广西历史高考卷,3,1
2025广西柳州高中一模历史,1,1
2025张家口市高2上学期期中,7,1
2025张家口市高2上学期期末,4,1
2025张家口物理,9,1
2025徐州八年级上物理期中,3,1
2025徐州地理生物中考,1,1
2025徐州市中考,6,1
2025徐州市中考数学,2,1
2025徐汇8下数学期末考,1,1
2025徐汇语文二模,1,1
2025德州市开学考试,35,1
2025德州高二下学期期末英语,1,1
2025德强中学九年级上数学开学测试卷,5,1
2025怀化市期末考试试卷高二下,6,1
2025成人高考数学,1,1
2025成都中考化学,2,1
2025成都市中考,9,1
2025房山区高一上学期物理期中,1,1
2025房山区高一上学期物理期末,18,1
2025扬大附中高一上数学第一次月考试卷,1,1
2025扬州大学附中高一上数学第一次月考试卷,4,1
2025扬州新华中学高一上数学第一次月考试卷,5,1
2025数学中山初三区模,1,1
2025数学中山区模,1,1
2025数学中考苏州市,2,1
2025数学乙卷,1,1
2025数学乙卷高考,1,1
2025数学大连中山初三区模,11,1
2025数学真题高考,1,1
2025数学福建中考,3,1
2025新冀教版单词短语表,5,1
2025新华中学高一上数学第一次月考试卷,1,1
2025新疆中考卷,2,1
2025新疆内初班真题卷,1,1
2025新疆喀什市六年级内初班真题卷,1,1
2025新疆喀什市内初班真题卷,1,1
2025新高一分班考试卷福州,6,1
2025新高考1卷,2,1
2025新高考2卷,2,1
2025新高考II卷语文,5,1
2025新高考Ⅱ卷（陕晋宁青）数学真题（仅试题，去掉全部答案）,7,1
2025新高考一卷,5,1
2025新高考一卷 数学,1,1
2025新高考二卷数学,1,1
2025方城县第一高级中学高二上学期预习效果检测,1,1
2025方城县第一高级中学高二上学期预习效果检测化学,6,1
2025日照二模,1,1
2025日照高三开学考数学试卷,1,1
2025昆山初一上学期语文期末,2,1
2025昆山初一语文期末,5,1
2025春季学期 Week1 外刊语法填空 黄金段位,3,1
2025春季学期高中英语外刊语法填空专项电子资料（周更练习卷）,1,1
2025昭通市高一英语,4,1
2025普通高等学校招生,4,1
2025普通高等学校招生全国统一考试全国一卷语文,2,1
2025普通高等学校招生全国统一考试数学学科一卷,9,1
2025普通高等学校招生全国统一考试英语学科一卷,5,1
2025普通高等学校招生全国统一考试语文,2,1
2025普陀化学一模,1,1
2025曲师大附中入学,4,1
2025曲师大附中入学考试真题,1,1
2025杭州一模,2,1
2025杭州一模高三,1,1
2025杭州学军海创自主招生数学试卷,1,1
2025杭州市高二化学期末,1,1
2025杭州模拟,1,1
2025杭州模拟考试,2,1
2025杭州模拟考试高三,6,1
2025杭州自主招生数学,2,1
2025杭州高二,2,1
2025杭州高考一模,1,1
2025松江一模试卷,5,1
2025武汉九月调考,4,1
2025武汉九调,11,1
2025武汉九调化学,1,1
2025武汉九调数学高三,1,1
2025武汉二高高一上学期iz,1,1
2025武汉二高高一上学期期中,1,1
2025武汉四调二模,7,1
2025武汉四调化学,1,1
2025水果湖高级中学,3,1
2025江苏南京中考三模英语,1,1
2025江苏学业水平测试,1,1
2025江苏小高考,1,1
2025江苏省泰州市海陵区五校联考的中考数学一模卷,5,1
2025江苏高三二模物理,1,1
2025江西中考数学,4,1
2025江西师大附中高一英语月考,4,1
2025池州一中高一上学期,6,1
2025河北模拟,2,1
2025河北生物高考题,3,1
2025河北高考,3,1
2025河北高考物理,1,1
2025河南省化学高考卷,3,1
2025河南高务英语卷子,1,1
2025河南高考英语试卷,1,1
2025泉州一模地理,4,1
2025泗阳桃源路中学高一周测试卷,3,1
2025泰安中考数学,1,1
2025泸州数学选修一,4,1
2025泸州数学选修一练习,1,1
2025泸州数学选修一练习金兰,2,1
2025泸州数学选修一高二上练习金兰,2,1
2025泸州数学高二上12月月考,4,1
2025泸州数学高二上期中试卷,3,1
2025济南一模,3,1
2025济南中考数学,5,1
2025济南中考物理,4,1
2025济南九年级数学上册第一次月考,5,1
2025济南九年级物理册期中考试,6,1
2025济南八年级数学上册期中考试,1,1
2025济南市9月开学高三考试语文试卷,1,1
2025济南市高三开学考,3,1
2025济南模考,7,1
2025济南高一年级数学上册第一次月考,2,1
2025济宁市高二上学期期末数学,3,1
2025济宁高三开学摸底考试,15,1
2025济宁高三开学摸底考试历史,4,1
2025浙江一月地理,3,1
2025浙江七彩阳光数学高三,1,1
2025浙江卷,1,1
2025浙江地理,1,1
2025浙江地理高考,1,1
2025浙江大学强基计划,2,1
2025浙江强基,1,1
2025浙江强基政治,4,1
2025浙江强基联盟物理,1,1
2025浙江强基联盟物理三模答案,1,1
2025浙江数学中考,5,1
2025浙江省绍兴市柯桥区八上期中数学,5,1
2025浙江省绍兴市柯桥区江桥中学八上期中数学,1,1
2025海南中考卷,1,1
2025海南中考真题政治,1,1
2025海南自考大专,1,1
2025淄博中考数学,2,1
2025淄博市中考数学,1,1
2025淮安中考,2,1
2025深圳一模,22,1
2025深圳一调,1,1
2025深圳实验学校九年级第一学期开学考,1,1
2025深圳实验学校九年级第一学期开学考英语,1,1
2025深圳市高三年级第二次调研试卷生物学,4,1
2025深圳高级中学物理高一上期中卷,10,1
2025深圳高级中学物理高一期中卷,4,1
2025湖北中考真题,1,1
2025湖北孝感新高一分班考试,3,1
2025湖北新八校2月联考,1,1
2025湖北新八校2月联考数学,4,1
2025湖北省中考真题,1,1
2025湖北省高三8月圆创联盟政治,2,1
2025湖北省高三原创联盟,1,1
2025湖北省高三圆创联盟政治,1,1
2025湖南一中开学考试语文试卷,2,1
2025湖南中考英语真题,3,1
2025湖南历史高考,4,1
2025湖南株洲市高一上学期开学考试语文试卷,3,1
2025湖南省永州市四中入学考试卷,1,1
2025湖南省永州市第四中学入学考试卷,1,1
2025湖南长郡开学考试语文试卷,1,1
2025湖南高一上学期开学考试数学试卷,18,1
2025湖南高一上学期开学考试物理试卷,13,1
2025湖南高一上学期开学考试语文试卷,22,1
2025湖南高考政治,2,1
2025湖南高考生物,4,1
2025湖南高考真题,3,1
2025滕州高三第一次月考,6,1
2025漳州一质检,1,1
2025漳州一质检高三,1,1
2025漳州一质检高三英语,1,1
2025漳州第一次市质检高三英语,4,1
2025潍坊一模,20,1
2025潍坊中考,8,1
2025潍坊市高三上学期开学考试,3,1
2025潍坊市高三开学考试,3,1
2025潍坊高三九月开学考,1,1
2025潍坊高三九月开学考英语听力,3,1
2025潍坊高三开学考,2,1
2025潍坊高三统考,3,1
2025濮阳市中考一模试卷,1,1
2025烟台芝罘化学.九年级上册期中真题,1,1
2025烟台芝罘化学九年级上册期中真题,10,1
2025烟台芝罘化学九年级上册期末真题,12,1
2025烟台芝罘政治九年级上册期中真题,3,1
2025烟台芝罘政治九年级上册期末真题,18,1
2025烟台芝罘数学九年级上册期中真题,21,1
2025烟台芝罘数学九年级上册期末真题,29,1
2025烟台芝罘物理九年级上册期中真题,6,1
2025烟台芝罘物理九年级上册期末真题,24,1
2025烟台芝罘英语九年级上册期中真题,16,1
2025烟台芝罘英语九年级上册期末真题,14,1
2025烟台芝罘语文九年级上册期中真题,33,1
2025烟台芝罘语文九年级上册期末真题,11,1
2025烟台高二期中英语,1,1
2025物理自招,1,1
2025物理高考山东,2,1
2025玉田一中,1,1
2025生物高考真题,2,1
2025界合肥一模卷,2,1
2025白云区中考一模英语试卷答案,1,1
2025盐城化学二模,3,1
2025福州一检,1,1
2025福州市8月质检,4,1
2025福州市高三质检,1,1
2025福州高三,1,1
2025福州高三市质检,1,1
2025福建中考语文一轮复习,1,1
2025福建卷,1,1
2025福建宁化中考试卷,1,1
2025福建省厦门市高三生物第一次质检,8,1
2025禹州一模,1,1
2025秋 外研版七年级上册 同步听力音频 原版,6,1
2025秋 外研版七年级上册 同步听力音频 原版 MP3打包,1,1
2025秋期中语文试卷,19,1
2025第09讲 介词和介词短语（专项训练）（全国通用）2026年高考英语一轮复习讲练测,1,1
2025第一学期七彩阳光新高考研究联盟,3,1
2025第一学期七彩阳光新高考研究联盟返校高三物理,2,1
2025第一学期浙江发展共同体高三10月联考,4,1
2025第二学期教学质量监测试卷,17,1
2025第二学期高二技术,1,1
2025第二学期高二杭州,3,1
2025紫金县九年级上册期中,6,1
2025级政治暑假抢先练,6,1
2025级湖南新高一,1,1
2025级高一下学期定时练习巴中,9,1
2025级高一下学期数学期末模拟考试二，数学试题,1,1
2025级高一下学期数学期末模拟考试二，数学试题山东潍坊。,3,1
2025级高一学年下学期期末考试数学试题,1,1
2025级高一学期定时训练,2,1
2025级高一学期定时训练巴中,4,1
2025级高一年级10月星海英语测试卷,6,1
2025级高一第一学期第一阶段生物试卷,5,1
2025肥城高三上开学考化学,2,1
2025肥城高三上开学考数学,3,1
2025自考大专,1,1
2025自贡中考,3,1
2025至2026 六年级 烟台市 牟平区 数学测试卷期末,14,1
2025至2026七年级下册期末历史福建,1,1
2025至2026七年级下册期末历史福建龙岩,3,1
2025至2026七年级下册期末数学试卷福建,1,1
2025至2026三年级上册吉林省吉林市烟筒山镇期末考试,2,1
2025至2026初中物理五月版九年级上册期末复习11章功与机械能基础卷,1,1
2025至2026四年级下册德州市德城区英语,12,1
2025至2026学年七年级数学,1,1
2025至2026学年七年级数学上学期期中模拟卷,1,1
2025至2026学年七年级数学下学期期末模拟卷,6,1
2025至2026学年七年级数学沪科版,6,1
2025至2026学年八年级下册物理单元自测卷第十章浮力,6,1
2025至2026学年八年级下册物理单元自测卷第十章福利即时通关,3,1
2025至2026学年六年级下学期数学5月学情自测卷冀教版,1,1
2025至2026学年四川省成都市实验外国语学校高二下零诊数学试题,3,1
2025至2026学年四年级人教版第一学期数学期末测试试卷,2,1
2025至2026学年广东省中山市石碁中学中初三数学11月月考试卷,3,1
2025至2026学年度湛江一中高中部开学考,11,1
2025至2026学年度第二学期期末学业质量检测八年级道法,4,1
2025至2026学年度第二学期期末学业质量检测八年级道法滨城中学,4,1
2025至2026学年度第二学期期末学情分析样题八年级英语,9,1
2025至2026学年度第二学期期末学情分析样题八年级语文,7,1
2025至2026学年度第二学期期末质量检测七年,3,1
2025至2026学年度第二学期期末阶段作业，8年级英语,4,1
2025至2026学年度辽宁省营口市部分学校历史学科高一第二学期期末考试试卷及答案,3,1
2025至2026学年扬州中学高二期中考试英语,6,1
2025至2026学年春季学期期末质量监测高一化学，保山市,1,1
2025至2026学年江苏省淮安市高三上期中数学试卷,4,1
2025至2026学年江苏省淮安市高三上期中试卷,1,1
2025至2026学年江苏省盐城市高二上期中物理试卷卷,3,1
2025至2026学年浙江嘉兴南湖区初三上学期期中英语试卷绿城裕华集团联考。,4,1
2025至2026学年第二学期期末模拟试卷六年级英语,21,1
2025至2026学年雄安新区政治高二,1,1
2025至2026学年高一上学期阳光测评40联考,1,1
2025至2026学年高一生物下学期期末模拟卷,6,1
2025至2026学年高三期中考试思想政治试题,6,1
2025至2026学年高二上期中考试英语学情检测,6,1
2025至2026学年高二上期中考试英语阳光学情检测,3,1
2025至2026学年高二上期中英语学情检测,11,1
2025至2026学年高二下学期期末模拟卷01人教版,7,1
2025至2026学年高二下学期期末模拟卷零一人教版,1,1
2025至2026学年高二化学上学期第一次月考卷,7,1
2025至2026学年高二年级必修三物理单元检测卷。,9,1
2025至2026学年高二年级必修三物理单元检测卷。第10章,15,1
2025至2026学年，浙江嘉兴海宁市浙江省海宁中学初三上学期期中英语试卷。,1,1
2025至2026学期期中质量监测高二化学,12,1
2025至2026年 江苏省连云港市第一学期 期末水平质量检测统考,9,1
2025至2026年度皇姑区一模语文试卷,5,1
2025至2026年松山湖未来月考真题卷,10,1
2025至2026年海淀区数学期末卷,1,1
2025至2026年长沙市师大梅溪湖九上化学期中考试卷,5,1
2025至2026年长沙市师大附中集团九上数学期中考试卷,4,1
2025至2026年长沙市明德九上化学期中考试卷,3,1
2025至2026年长沙市明德九上化学第一次月考考试卷,9,1
2025至2026年长沙市明德集团九上数学第一次月考,8,1
2025至2026年长沙市长郡集团九上化学期中考试卷,2,1
2025至2026年长沙市雅礼集团九上化学期中考试卷,11,1
2025至2026年长沙市雅礼集团九上数学期中考试卷,7,1
2025至2026年高一上学期晋城一中化学,11,1
2025至2026的数学试卷,10,1
2025至2026秋季高一入学分班检测卷甘肃漳县。,1,1
2025至2026辽宁北师大版七下期末试卷,10,1
2025至2026部分区三年级下册数学考试试卷,4,1
2025至2026高二下学期英语期末试卷,5,1
2025苏州市高一上化学期中试卷,5,1
2025苏州高三上期初阳光调研物理,1,1
2025苏科版九上化学期末试题,6,1
2025英语,1,1
2025英语浙江1月,2,1
2025英语高二第一学期期末烟台,1,1
2025莱西高二上学期化学期中考试卷,31,1
2025莱西高二上学期物理期中考试卷,4,1
2025蚌埠第二中学,1,1
2025蚌埠第二中学开学考,1,1
2025襄阳四中高三期末语文,5,1
2025西宁城区中考英语,3,1
2025语文中考,2,1
2025语文全国一卷,4,1
2025语文北京卷,1,1
2025语文青岛一模,12,1
2025语文高一下期末,8,1
2025语文高考一卷,3,1
2025语文高考全国二卷,1,1
2025贵州模拟物理,5,1
2025贵州高考化学,2,1
2025贵州高考物理,4,1
2025贵阳市高三年级摸底考试试卷英语,1,1
2025辽宁沈阳高三三模英语,6,1
2025辽宁省中考,1,1
2025辽宁省大连市高三第一次模拟考试物理,2,1
2025遂宁中考英语试卷,5,1
2025邯郸一模,2,1
2025醴陵一中开学考试语文试卷,5,1
2025醴陵一中自主招生考试语文试卷,1,1
2025重庆中考,3,1
2025重庆中考数学,1,1
2025重庆数学中考,1,1
2025重庆第一次南开联考,1,1
2025重庆高考化学真题,1,1
2025重点校期中,27,1
2025金乡一中,1,1
2025金塔入学测试,1,1
2025金塔高中开学测试,11,1
2025金山区英语一模,7,1
2025铜仁市高一期末考试化学,1,1
2025长郡集团高一入学测试,1,1
2025阳新分班,2,1
2025阳新小升初,3,1
2025陈经纶中学初三上期中,3,1
2025陕甘宁青卷,3,1
2025陕西中考数学,4,1
2025陕西高中学业水平考试,2,1
2025青岛二中丘成桐,1,1
2025青岛市自招,1,1
2025青岛期初调研性欲,1,1
2025青岛期初调研英语,1,1
2025青岛物理自招,4,1
2025青岛高三期初考试,4,1
2025青岛高三期初调研英语,1,1
2025青岛高三英语期初调研,1,1
2025高一上学期期中数学试卷,8,1
2025高一数学16中期中考试,1,1
2025高一数学青岛16中期中考试,3,1
2025高一数学青岛16中高一上期中考试,1,1
2025高三上学期第一次月考,3,1
2025高三化学一模,1,1
2025高三化学一模上海,6,1
2025高三化学一模上海徐汇,3,1
2025高三化学一模上海普陀,2,1
2025高三化学一模上海长宁,1,1
2025高三嘉兴基础测试,2,1
2025高三嘉兴基础测试数学,3,1
2025高三日照一模物理,1,1
2025高三福州一检,1,1
2025高三联考六区,11,1
2025高中黄埔数学一模,4,1
2025高中黄浦数学一模,4,1
2025高二上学期第一次月考,11,1
2025高二上湘教联考英语,1,1
2025高二上湘教联考英语联考,3,1
2025高二上金太阳联考英语,7,1
2025高二数学上期末,19,1
2025高二湘考金太阳英语联考,5,1
2025高二炎德英才英语联考,4,1
2025高新一中分班试卷,5,1
2025高新中学分班试卷,3,1
2025高新中学开学卷子,1,1
2025高新中学开学考卷子,1,1
2025高新区中考二模语文,14,1
2025高考 物理全国卷,1,1
2025高考二卷数学,1,1
2025高考二卷英语,1,1
2025高考全国二卷英语答题卡,21,1
2025高考历史卷,5,1
2025高考数学,1,1
2025高考文科综合全国历史试题,3,1
2025高考湖北历史卷,1,1
2025高考物理山东卷,3,1
2025高考物理山西卷,1,1
2025高考生物真题,6,1
2025高考福建卷,1,1
2025高考英语全国一卷,1,1
2025高考试卷,1,1
2025高考试卷政治云南,1,1
2025高考试题新高考全国卷一数学,17,1
2025高考语文,1,1
2025高考语文全国一卷,1,1
2025高联二试数学,1,1
2025黄冈市九月调考,13,1
2025黄冈市九月调考物理,2,1
2025黄冈期末,1,1
2025黄浦一模数学,1,1
2025黑吉辽蒙选择考,6,1
2025黑吉辽高考卷,3,1
2025黑高考卷,1,1
2025黑龙江省高考历史,2,1
2025龙岩一中化学开学考,1,1
2025龙岩一中高三化学开学考,2,1
2025－2026学年第二学期期末质量监测（四）八年级英语 甘肃,3,1
2025－2026学年第二学期质量监测（四）八年级数学 甘肃,1,1
2025－2026学年第二学期质量监测（四）八年级英语 甘肃,8,1
2025－2026芜湖市八年级下期末物理试卷,9,1
2025－2026部分区三年级下册数学试卷册数学,6,1
2025～2026 湖南省长沙市青竹湖湘一外国语学校8年级上期中生物试卷。,1,1
2025～2026 湖南省长沙市青竹湖湘一外国语学校8年级上第一次月考历史试卷。,2,1
2025～2026 湖南省长沙市青竹湖湘一外国语学校8年级上第一次月考地理试卷。,2,1
2025～2026 湖南省长沙市青竹湖湘一外国语学校8年级上第一次月考政治试卷。,1,1
2025～2026 湖南省长沙市青竹湖湘一外国语学校8年级上第一次月考物理试卷。,5,1
2025～2026 湖南省长沙市青竹湖湘一外国语学校8年级上第一次月考生物试卷。,2,1
2025～2026 湖南省长沙市青竹湖湘一外国语学校8年级上第一次月考英语试卷。,3,1
2025～2026下学期英语期末考试普宁地区,1,1
2025～2026大庆一中化学,3,1
2025～2026学年南开区七年级下学期历史期末试卷,1,1
2025～2026年上海市洋泾中学高二下学期期末语文,1,1
2025～2026年上海市高二下学期期末化学,1,1
2025～2026年上海市高二下学期期末数学,2,1
2025～2026年上海市高二下学期期末英语,1,1
2025～2026年上海市高二下学期期末语文,4,1
2025～2026年天津市南开区高二下学期期末物理,2,1
2025～2026武汉市华师一附中高二上期末物理,3,1
2025～2026湖南省娄底市七年级下期末语文试卷,2,1
2025～2026重庆市入学高三上数学七校联考,3,1
2026  1卷 全国高考 英语,4,1
2026  IHC 5培训题,6,1
2026  化学 全国一卷,1,1
2026  合肥  二模  生物,4,1
2026  孝感市高一,17,1
2026  高考,3,1
2026  高考 化学,3,1
2026  高考化学题,2,1
2026  高考真题 英语,2,1
2026 0 0 1卷 中考 语文,2,1
2026 0 0 1卷 全国语文高考,1,1
2026 0 0 1卷 全国高考 数学试卷,3,1
2026 0 0 1卷 全国高考 英语,3,1
2026 0 0 1卷 全国高考 英语广东,1,1
2026 0 0 1卷 全国高考 语文答案,1,1
2026 0 0 1卷 全国高考化学,1,1
2026 0 0 1卷 全国高考答案,2,1
2026 0 0 1卷 高考 化学河南,1,1
2026 0 0 1卷 高考 物理,1,1
2026 0 0 2卷 全国语课文高考,1,1
2026 0 0 2卷 全国高考,2,1
2026 0 0 2卷 全国高考 化学,1,1
2026 0 0 2卷 湖北高考 化学,1,1
2026 0 01卷,1,1
2026 0 01卷 中考数学,1,1
2026 0 01卷 高考 英语,1,1
2026 0 01卷 高考化学题,2,1
2026 0 01卷 高考历史,3,1
2026 0 01卷 高考地理,6,1
2026 0 01卷 高考河南,6,1
2026 0 2卷 全国高考 语文,2,1
2026 06湖州信息技术试卷,3,1
2026 06湖州技术试卷,3,1
2026 1卷 山东高考真题,2,1
2026 2027学年九上第一次阶段性检测数学,8,1
2026 7月黑龙江普通高中学业,1,1
2026 T8联考,9,1
2026 一模上海,1,1
2026 东丽一模,2,1
2026 中考,1,1
2026 中考 数学,38,1
2026 乙卷 全国高考 物理,1,1
2026 九年级秋季开学学情自测卷 安徽 沪科版,12,1
2026 九年级秋季开学学情自测卷 安徽安庆 沪科版,3,1
2026 九年级秋季开学学情自测卷 安徽安庆望江 沪科版,2,1
2026 二卷 全国高考 数学,1,1
2026 二卷 高考数学,1,1
2026 云南 生物,1,1
2026 云南 生物 高中,3,1
2026 全国 01卷 高考数学真题,1,1
2026 全国 02卷 高考数学,2,1
2026 全国 02卷 高考数学真题,4,1
2026 全国 1卷,2,1
2026 全国 1卷 高考卷语文真题,3,1
2026 全国 2卷 高考卷语文真题,1,1
2026 全国一卷,1,1
2026 全国乙卷 文综地理,1,1
2026 全国乙卷 文综地理；,3,1
2026 全国数学二卷,3,1
2026 八省联考语文卷,9,1
2026 内蒙古 期末,1,1
2026 初二 英语期末考试,1,1
2026 化学,3,1
2026 地理高考卷,8,1
2026 天津,1,1
2026 天津中考,4,1
2026 安徽高考化学真题,2,1
2026 安徽高考化学试卷,2,1
2026 山东一模,1,1
2026 山东菏泽一模,8,1
2026 山东高考化学真题,3,1
2026 山东高考物理 山东卷真题,5,1
2026 年 0 1卷 全国 1 高考,14,1
2026 年 0 1卷 全国 高考,2,1
2026 年 1 月浙江政治学业水平卷,2,1
2026 年 1 月浙江政治学考卷,1,1
2026 年1月浙江 1首考英语试卷,3,1
2026 年河南南阳高三上学期月考数学,9,1
2026 年河南南阳高三上学期第一次月考数学,1,1
2026 年浙江省单独考试招生文化考试 语文试题卷及答案,1,1
2026 年陕西省商洛市高考数学模拟,3,1
2026 年高考语文 全国1卷,1,1
2026 广州市高三年级调研英语,3,1
2026 成都 02卷 高考数学,1,1
2026 成都一诊,7,1
2026 数学 1卷高考卷真题,4,1
2026 数学 2卷高考卷真题,1,1
2026 新疆卷 高考 数学,1,1
2026 新疆卷内 高班考 试卷子数学,6,1
2026 新疆高考卷 理综,4,1
2026 新高考一卷数学,4,1
2026 柳州一模 语文 试卷,3,1
2026 济宁高二,1,1
2026 湖北物理高考真题,4,1
2026 物理 2卷 高考全国卷真题,5,1
2026 物理高考全国卷,1,1
2026 物理高考卷真题,1,1
2026 英语 1卷 高考全国卷真题,1,1
2026 英语 2卷,5,1
2026 英语二模上海闵行,1,1
2026 高三 第一次适应性,8,1
2026 高二 数学,1,1
2026 高二 物理,2,1
2026 高考 湖北卷,3,1
2026 高考 物理全国卷,3,1
2026 高考 语文 2卷试卷,1,1
2026 高考 语文 2卷试卷解析,4,1
2026 高考1卷 数学,1,1
2026 高考1卷 语文,4,1
2026 高考化学江苏,1,1
2026 高考历史江苏,1,1
2026 高考地理,2,1
2026 高考数学 1卷全国1卷,1,1
2026 高考数学 湖北卷,1,1
2026 高考物理,1,1
2026 高考真题,1,1
2026 高考真题甘肃,7,1
2026 高考英语,10,1
2026 高考试卷,7,1
2026-2026烟台高二上政治期中考试,1,1
2026-2027 学年高一必修第一册英语单元自测 Unit 2 Let's Talk Teens 基础通关,3,1
2026-2027历史拿满基础分自主小练,1,1
2026-2027学年九上第一次阶段性检测,3,1
2026-2027学年九上第一次阶段性检测数学,6,1
2026-2027学年九年级英语上册单元重点易错题精练（新教材译林版,1,1
2026-2027学年九年级英语上册单元重点易错题精练（新教材译林版),5,1
2026-2027学年人教版英语九年级上册 单词朗读音频,3,1
2026-2027学年北师大版数学九年级上册期末质量评估,5,1
2026-2027学年外研版九年级英语上册单词表（英译中）,4,1
2026-2027学年新高一开学摸底考试,1,1
2026-2027学年新高一开学摸底考试山西,1,1
2026-2027学年新高一开学英语摸底考试山西,4,1
2026-2027学年译林版英语单词表,2,1
2026-2027学年迭择性必修一数学单元自测,43,1
2026-2027学年高一必修第一册英语单元自测 Unit 2 Let’s Talk Teens 能力提升,3,1
2026-2027学年高一英语必修第一册单元测试（江苏专用） Unit 1•培优卷,1,1
2026-2027学年高一英语必修第一册单元测试（江苏专用） Unit 2.基础过关,4,1
2026-2027拿满基础分自主小练,6,1
2026-2027深圳一模,2,1
2026.%3,1,1
2026.6月分合格考历史试卷,2,1
2026.6月分合格考历史试卷山东省,1,1
2026.6月分合格考历史试卷山东省菏泽市,1,1
2026.7抚顺实验八年数学期末试卷+答案.pdf,21,1
2026.7朝阳一中联盟校八年数学期末试卷.pdf,11,1
20260201,1,1
20260812,4,1
20261月普通高等学校招生全国统一考试英语,12,1
20262027,2,1
202627学年九年级上册数学单元自测第2章一元二次方程基础通关,4,1
20262卷数学,4,1
20262卷数学答题卡,4,1
20262卷语文,1,1
20265月高三模拟考试物理,15,1
20267月贵港高一期末生物试卷,4,1
20268下海淀区一零一期末卷,1,1
20268下海淀区一零一期末数学卷,7,1
20268省联考,1,1
2026A10八月份考试卷,1,1
2026A10安徽八月份考试卷,1,1
2026T8联考,4,1
2026X版初高中衔接学案,3,1
2026t八联考,1,1
2026~2027兴化市朝阳湖数学考第二次月考,1,1
2026~2027导与练一轮复习,6,1
2026·浙江省绍兴市高三选考科目诊断性考试,1,1
2026‑2027 译林版九年级上册英语单词表Unit1‑8,3,1
2026–2027学年外研版（三起）六上英语单词清单,7,1
2026∽ 2027年重庆名校物理综合测试题,3,1
2026《法律与生活》综合考试,7,1
2026一1991二,1,1
2026一2027学年人教版九年级英语前四单考试题元,7,1
2026一摸,5,1
2026一模上海数学,6,1
2026七年级下册一遍过配套卷子,1,1
2026三升四,1,1
2026三明市高一下学期半期物理,1,1
2026上学期,1,1
2026上学期高一期末,1,1
2026上学期高一期末数学,1,1
2026上海中考,7,1
2026上海初三嘉定一模,1,1
2026上海初三嘉定一模英语,1,1
2026上海化学中考卷,3,1
2026上海嘉定育才中学高三数学一模卷免费,5,1
2026上海嘉定育才中数学一模卷免费,1,1
2026上海徐汇育才中学数学一模卷免费,2,1
2026上海春招,1,1
2026上海静安育才中学数学一模卷免费,1,1
2026上海高考,1,1
2026上海高考英语卷,1,1
2026东台市第一中学开学检测物理,4,1
2026东城生物高一,1,1
2026东莞高三年级调研,2,1
2026东营中考数学,1,1
2026东营中考数学毕业考试,1,1
2026东营二模政治高考,2,1
2026东营数学毕业考试,1,1
2026东蓝数学奥林匹克竞赛,2,1
2026中华诗词美育大赛小学低年级组模拟试题,3,1
2026中孝英语真题深圳,2,1
2026中考内蒙古,2,1
2026中考北京物理,1,1
2026中考南通,3,1
2026中考卷 湖南,1,1
2026中考卷山东泰安英语,4,1
2026中考历史真题临沂,1,1
2026中考古诗文默写,1,1
2026中考古诗文默写集训,3,1
2026中考地理辽宁卷,1,1
2026中考数学卷答案,1,1
2026中考数学安徽,3,1
2026中考数学江苏南京,3,1
2026中考数学江苏南京统考,5,1
2026中考数学江苏扬州,3,1
2026中考数学湖北,2,1
2026中考数学湖南,5,1
2026中考数学试卷题,2,1
2026中考数学贵州,1,1
2026中考数学连云港,9,1
2026中考数学重庆,4,1
2026中考浙江英语,4,1
2026中考物理,2,1
2026中考英语,3,1
2026中考英语真题,1,1
2026中考英语试卷,1,1
2026中考试卷,2,1
2026中考语文卷,4,1
2026中考辽宁,3,1
2026中考长春,4,1
2026中考题徐州,1,1
2026临沂高二期中数学试卷下学期学期,2,1
2026临沂高二期末数学试卷,4,1
2026临沂高二期末数学试卷上学期,8,1
2026临清期末生物,1,1
2026临清期末生物高一,7,1
2026临高县小学六年级学业水平测试卷,15,1
2026九上人教英语,1,1
2026九上全品数学湘教版基本功,1,1
2026九上英语教科书电子版,1,1
2026九师下学期期末,1,1
2026九师联盟高一期末考试,11,1
2026九师联盟高三下学期4月联考,14,1
2026九年级人教版英语书,1,1
2026九年级物理13章内能至14章内能的利用综合模拟练习卷,12,1
2026九年级英语上海,2,1
2026九年级英语大连,22,1
2026九年级英语大连嘉汇,1,1
2026九年级英语大连模拟,1,1
2026九龙坡八下期末试卷物理,2,1
2026二卷数学,7,1
2026二模数学天津,1,1
2026云南3+3+3五月联考英语,2,1
2026云南卷高考地理,4,1
2026云南师范大学附属中学高三上学期,2,1
2026云南师范大学附属中学高三上学期适应性测试第一次语文试卷,3,1
2026云南昭通A卷高一数学答案试卷,1,1
2026云南昭通A卷高一语文答案试卷,3,1
2026云南省初中学业水平考试地理卷,7,1
2026人教版七年级下册期末综合检测卷,1,1
2026人教版七年级数学下册期末综合检测卷,14,1
2026伊犁州统考八年级下册期末物理卷,7,1
2026优化学案,1,1
2026优化探究一轮高考总复习英语,1,1
2026佛山高一下期末,1,1
2026保定高一下期末六校联考,14,1
2026保定高新区九年级上册物理期中考试,6,1
2026保定高新区九年级上化学期中考试,1,1
2026全国1卷,2,1
2026全国2,1,1
2026全国2卷,1,1
2026全国2卷英语,3,1
2026全国一卷语文作文,1,1
2026全国一卷高考历史,1,1
2026全国中考题,7,1
2026全国乙卷,3,1
2026全国乙卷地理,2,1
2026全国乙卷英语,1,1
2026全国二卷政治,1,1
2026全国二卷语文,2,1
2026全国卷,5,1
2026全国文综真题试卷（适用新疆）,1,1
2026全国新一卷,1,1
2026全国英语一卷,1,1
2026全国英语二卷,1,1
2026全国英语二捐,1,1
2026全国语文1卷,4,1
2026全国高二上学期化学期末考试二卷,9,1
2026全国高考1卷英语,1,1
2026全国高考数学1卷,1,1
2026全国高考生物,3,1
2026全国高考真题卷二卷,3,1
2026全国高考英语1卷,5,1
2026全国高考英语2卷,2,1
2026全国高考语文二卷,1,1
2026全国高考语文试卷,2,1
2026全科中考试卷电子版,1,1
2026八上电白期中历史,7,1
2026八下宝山物理卷,1,1
2026八下期末数学,1,1
2026八下期末数学吉林七中,4,1
2026八下期末数学吉林期末,1,1
2026八年级上册期中考试卷唐山丰润区,1,1
2026八年级下册期末,1,1
2026八省联考英语卷,11,1
2026六上数学黄冈卷,1,1
2026六上数学黄冈卷人教版,1,1
2026六上数学黄冈卷人教版新疆,3,1
2026六上数学黄冈卷人教版新疆第三单元,1,1
2026六安徽省生物高考,1,1
2026六校联考,1,1
2026内江语文中考试题,1,1
2026内蒙中考卷,1,1
2026分班考,16,1
2026初一下大兴道法期末,7,1
2026初一下西城道法期末,1,1
2026初一仁爱版英语,2,1
2026初一数学,1,1
2026初一期末,1,1
2026初一期末数学,1,1
2026初一期末江西数学,6,1
2026初一雨田数学答案,1,1
2026初中分班试卷人教版,15,1
2026初中分班试卷人教版数学,6,1
2026初中地理学业水平考试,1,1
2026初中地理学业水平考试云南,1,1
2026初升高,3,1
2026初高中衔接必刷题数学入门检测卷,3,1
2026利辛县年六年级下册数学真题,1,1
2026化学,1,1
2026化学T8联考,1,1
2026化学中考真题,11,1
2026化学山东,1,1
2026化学山东卷,4,1
2026化学江苏考试,8,1
2026化学江苏高考,3,1
2026化学济南一模,3,1
2026北京,1,1
2026北京6月高考,1,1
2026北京中考数学试卷,1,1
2026北京中考物理真题,3,1
2026北京中考试卷,2,1
2026北京初二下期末,4,1
2026北京卷数学,3,1
2026北京四中检测,4,1
2026北京市学业水平物理中考,1,1
2026北京数学二模汇编,4,1
2026北京海淀高一上期末物理,11,1
2026北京牛栏山一中高一下期末语文,1,1
2026北京真题,1,1
2026北京真题语文,1,1
2026北京英语中考试卷,1,1
2026北京西站高考,1,1
2026北京首都师大附中初二下期末物理,3,1
2026北京高一数学,2,1
2026北京高中学业水平考试,2,1
2026北京高考模拟,11,1
2026北京高考真题,1,1
2026北京高考真题学,3,1
2026北京高考英语,2,1
2026北京高考语文卷,1,1
2026北京高考语文试题完整版,4,1
2026北大强基,4,1
2026北师大版数学三年级上册,3,1
2026北师大版数学三年级上册第六单元,2,1
2026南京中考数学,1,1
2026南京中考语文,1,1
2026南京市零模,3,1
2026南京市高考零模,1,1
2026南京盐城高三二模英语,3,1
2026南京盐城高三二模语文,5,1
2026南京联合体七年级第二学期语文期末试题,5,1
2026南安毕业考试卷真题,5,1
2026南平,1,1
2026南平期末试卷,7,1
2026南昌一模数学,6,1
2026南昌二模英语,1,1
2026南明区,6,1
2026南海区数学八年级期末考试,4,1
2026南通中考试卷,1,1
2026南通如皋中考英语一模卷,2,1
2026南通如皋初三英语2模卷,1,1
2026南通如皋初三英语一模卷,3,1
2026南通如皋期初化学试卷,1,1
2026南通市中考试卷,3,1
2026南阳市高一期末数学卷子,1,1
2026即墨高二下期末政治卷,1,1
2026即墨高二下期末语文试卷,10,1
2026卷地理,1,1
2026历史中考试卷,1,1
2026历史山东卷,1,1
2026历史黑吉辽高考,1,1
2026历城二模数学试卷,1,1
2026厦门英语中考,1,1
2026台州三门二模,2,1
2026台州市高二期末考物理试卷,3,1
2026台州高考一模试卷,2,1
2026合格考山东,1,1
2026合肥,2,1
2026合肥八中,2,1
2026合肥八中物理模拟,1,1
2026合肥市高三第一次教学质量检测,1,1
2026吉林高考模拟,1,1
2026名师测控英语九年级,2,1
2026名师测控英语九年级贵州专版,1,1
2026呼和浩特高三二模英语,1,1
2026呼和浩特高考英语,2,1
2026和平区九年级第一学期期中考试•,1,1
2026哈尔滨市高考第一次模拟考试,3,1
2026哈尔滨市高考第一次模拟考试数学,2,1
2026嘉兴高三下物理二模,3,1
2026嘉兴高三二模数学,3,1
2026嘉兴高三二模语文,2,1
2026四川中考数学,1,1
2026四川化学,1,1
2026四川化学高考,3,1
2026四川成都高三模考,4,1
2026四川政治,1,1
2026四川省全国高考二卷数学,1,1
2026四川绵阳三诊,6,1
2026四川达州期末生物试卷高一,5,1
2026四川高考,5,1
2026地理高考卷,1,1
2026复旦大学附中八上数学期末,3,1
2026夏季合格考地理,9,1
2026天津中考一模,1,1
2026天津中考一模语文,10,1
2026天津中考化学,3,1
2026天津中考化学真题,3,1
2026天津中考数学,3,1
2026天津中考数学真题,1,1
2026天津八下地理生物会考,4,1
2026天津北辰区8年级期末,1,1
2026天津和平一模,9,1
2026天津和平二模,13,1
2026天津市南开中学,18,1
2026天津市南开区高三一模,1,1
2026天津市和平区高三一模,6,1
2026天津市和平区高三第一学期期末英语,2,1
2026天津市河北区高三第一学期期中英语,2,1
2026天津市河西区高三一模,7,1
2026天津市河西区高三第一学期期中英语,1,1
2026天津市河西区高三第一学期期中语文,1,1
2026天津市河西区高三第一学期期末英语,1,1
2026天津市津南区高三第一学期期中语文,1,1
2026天津市语文高考试卷,2,1
2026天津市部分区初一下册数学试卷,4,1
2026天津市部分区初一数学试卷,1,1
2026天津市高考试卷,5,1
2026天津年历史中考,3,1
2026天津生地会考,3,1
2026天津英语高考,3,1
2026天津高中学业水平合格性考试,3,1
2026天津高考,1,1
2026天津高考化学,1,1
2026天津高考历史试卷,1,1
2026天津高考数学真题,1,1
2026天津高考英语,2,1
2026如皋期初化学试卷,5,1
2026威海中考,6,1
2026威海八年级下册数学,1,1
2026威海八年级下册数学环翠区,3,1
2026威海市高二下期末物理,1,1
2026学年九年级语文期末考试试卷,6,1
2026学年八年级期中徐州市邳州市,2,1
2026学年度上学期高三9月起点考试,10,1
2026学考 7月浙江,2,1
2026学考物理,3,1
2026宁阳县七年级下册地理期末试卷,2,1
2026宁阳县七年级下册语文期末考试试卷,3,1
2026宁阳县七年级下册语文期末考试试卷含答案,5,1
2026安康高二期末,7,1
2026安微合肥高新区,1,1
2026安微合肥高新区六中创新,2,1
2026安微物理,1,1
2026安徽中考,4,1
2026安徽六安八年级上册，第11章试卷，Pbf 含答案,9,1
2026安徽历史,1,1
2026安徽物理真题,1,1
2026安徽物理高考,1,1
2026安徽省A10联盟高三上开学考英语,4,1
2026安徽省yy一模,1,1
2026安徽省一模,1,1
2026安徽省中考试卷数学,1,1
2026安徽省初中学业水平考试数学,10,1
2026安徽省合肥市英语一模,4,1
2026安徽省淮南市八年级下册山南实验,21,1
2026安徽省淮南市，八年级下册,3,1
2026安徽省生物高考,4,1
2026安徽省皖南八校高三上开学考数学,2,1
2026安徽省芜湖市安徽师范大 自主招生,3,1
2026安徽省芜湖市安徽师范大学附属中学自主招生高一数学,1,1
2026安徽省英语一模,3,1
2026安徽省高一期末化学试卷,8,1
2026安徽高考,1,1
2026安徽高考化学真题,5,1
2026安徽高考历史,1,1
2026安徽高考历史真题,3,1
2026安徽高考政治试卷,3,1
2026安徽高考物理真题解析,3,1
2026宜宾中考数学,1,1
2026宜宾合格考化学,5,1
2026宜宾高一上物理,2,1
2026宜宾高一物理,5,1
2026宜昌九月,2,1
2026宜昌九月起点,1,1
2026宜昌市高三元月调研,2,1
2026宜昌当阳八下,4,1
2026宝应桃园小学5年级数学卷子,1,1
2026宣威七下,2,1
2026宿豫区九年级上册期中数学试卷,11,1
2026宿迁宿豫区,9,1
2026宿迁宿豫区中考模拟数学试卷,11,1
2026宿迁宿豫区九年级上册期中物理试卷,3,1
2026小升初数学期末,1,1
2026小学毕业班毕业学历考试,2,1
2026小宁德二检,6,1
2026小考西藏,1,1
2026屈广东深圳市高三一模考前适应性训练英语,1,1
2026届 海南 高三 语文 联考模拟卷 整套 解析,1,1
2026届4月模拟考试语文,7,1
2026届5月高二阶段学业检测原卷版(泉州卷),2,1
2026届T8第一次联考数学试卷,4,1
2026届Z20,4,1
2026届上学期模拟考试高三英语试题,4,1
2026届东北三校(哈师大附中、东北师大附中、辽宁实验)一模,4,1
2026届东北三省一区高三第一次模拟考试,7,1
2026届南昌二模化学,3,1
2026届吉林省长春市高三上学期一模地理,1,1
2026届唐山9月摸底演练,5,1
2026届四川九市联考一诊 物理试题与解析 PDF,3,1
2026届四川省成都市高三二模测试,2,1
2026届四川省成都市高三二模测试历史试题,8,1
2026届天河区普通高中毕业班化学综合测试,3,1
2026届天津市十二区县高三期末联考一英语,3,1
2026届安徽合肥市第八中学高三下学期3月模拟预测语文试题（,2,1
2026届安徽皖南八校高三上学期摸底大联考（2025.8.28-8.29）,11,1
2026届安徽省省十教育高三最后一卷,5,1
2026届山东省高三第一次学业水平联合检测,3,1
2026届广东深圳市高三下学期二模语文试题,6,1
2026届广东省六校联盟高三年级第一次联考,1,1
2026届广东省广州市高三8月调研考试,2,1
2026届广东省广州市高三年级调研测试数学试卷,7,1
2026届广东省高三四校联考数学,4,1
2026届广东省高三年级六校联盟第一次联考,1,1
2026届广东高三 一模,4,1
2026届广西高考试卷,1,1
2026届新高三,2,1
2026届新高三学情,15,1
2026届新高三学情摸底考,8,1
2026届新高三学情摸底考（新高考,8,1
2026届新高三学期摸底考（新高考卷）,13,1
2026届新高考高三通用联考类语文模拟汇编卷,12,1
2026届杭州一模,2,1
2026届杭州一模免费,4,1
2026届武汉九调,1,1
2026届武汉市高三四月,1,1
2026届武汉腾云联盟八调,2,1
2026届江苏南通一模试卷,1,1
2026届江苏南通一模试卷英语,1,1
2026届江苏泰州市高三下学期考前模拟物理试题3,4,1
2026届江苏省盐城市中考试题,6,1
2026届江苏省部分学校高三上学期,8,1
2026届江门市高三高考适应性测试（江门二模）,1,1
2026届河北张家口市第二中学高三下学期考前模拟预测语文试题,3,1
2026届河北省衡水中学高三上学期检测三物理试题,4,1
2026届河北省邢台市高三第二次模拟考试物理试题,9,1
2026届河南省华大新高考联盟高三下学期5月联考历史试题,4,1
2026届河南省郑州市高三一模语文,3,1
2026届河南高三语文适应性训练（一）语文试卷,2,1
2026届河南高三适应性训练(一)语文试卷（学科网编号：57982232）,3,1
2026届浙江z20,1,1
2026届浙江z20数学,4,1
2026届浙江省天域全国名校协作体高三一模英语试题,5,1
2026届浙江省浙江强基联盟高三上学期10月联考语文试题,3,1
2026届浙江省绍兴市高三上学期11月选考科目历史,1,1
2026届浙江绍兴市诸暨市高三下学期5月适应性考试（二 模）英语试题听力.,1,1
2026届海南省文昌中学中考模拟考试道德与法治科测试题 二,2,1
2026届深圳一模俄语试题,4,1
2026届湖北八校高三上学期一模联考数学试题,2,1
2026届湖北十一校联考质检,1,1
2026届湖北十一校联考质检语文,1,1
2026届湖北省八校联考一模数学试题,2,1
2026届湖北省八校联考一模试题,7,1
2026届湖北省八校联考一模试题数学,13,1
2026届湖北省十堰市高三年级元月调研考试一模语文试题,4,1
2026届湖北荆州中学高三下学期考前模拟语文试卷,1,1
2026届湖南长沙市雅礼中学高三模拟卷一英语试题,1,1
2026届甘肃省高三高考诊断,1,1
2026届甘肃省高三高考诊断语文,6,1
2026届皖北协作英语,1,1
2026届福建泉州高中毕业班质量检测2,1,1
2026届福建泉州高中毕业班质量检测2英语,4,1
2026届福建省泉州市高中毕业班质量检测一日语试题,1,1
2026届福建省漳州市高三第1次市质检语文,3,1
2026届禹州市部分学校高三仿真模拟 【学科】,2,1
2026届禹州市高三5月冲刺模拟 【学科】,1,1
2026届稽阳联谊学校11月高三联考,4,1
2026届绍兴市选考科目诊断性考试,2,1
2026届考前预测卷语文全国一卷,9,1
2026届考前预测卷语文全国一卷广西,2,1
2026届苏州市高三年级期初阳光调研试卷,15,1
2026届贵州省贵阳市高考一模,1,1
2026届辽宁22校高三下学期四月高考模拟考试物理试卷,13,1
2026届辽宁省点石联考九月联合考试英语试题,5,1
2026届邯郸一调数学卷,6,1
2026届邯郸市部分学校高三上学期调研监测,4,1
2026届邯郸高三上学期调研,5,1
2026届重庆八中高三一模英语,4,1
2026届重庆八中高三英语,3,1
2026届重庆市高三12月调研测试（一）英语,1,1
2026届陕西省高三下学期冲刺,1,1
2026届陕西省高三下学期冲刺历史试题,14,1
2026届高三5月名校模拟修改病句冲刺电,3,1
2026届高三9月月考,2,1
2026届高三9月金科大联考物理河北HB,3,1
2026届高三一轮复习知识清单,6,1
2026届高三华师联盟,5,1
2026届高三华师联盟10月,6,1
2026届高三四月模拟考试,7,1
2026届高三年级四月阶段练习,7,1
2026届高三年级期初阳光调研卷,3,1
2026届高三年级期初阳光调研卷生物,5,1
2026届高三年级第3次质量检测,21,1
2026届高三数学函数解析式专项训练,1,1
2026届高三第一学期第二次质量检测,8,1
2026届高三第一次T8联盟12月化学考试卷学,8,1
2026届高三第一次T8联盟12月考试卷化学,2,1
2026届高三第一次T8联盟12月考试卷数学,7,1
2026届高三第一次T8联盟考试卷,1,1
2026届高三第一次T8联盟考试卷数学,2,1
2026届高三第二次联考,5,1
2026届高三质检试题数学,15,1
2026届高三适应性训练,14,1
2026届高三适应性训练三,7,1
2026届高三适应性训练语文,2,1
2026届高三适应性训练语文卷,2,1
2026届高三通用联考类语文模拟卷,5,1
2026届高考b卷,1,1
2026届高考b卷语文,1,1
2026届高考仿真模拟卷样卷,1,1
2026届高考仿真模拟卷样卷语文,1,1
2026届高考全国乙卷语文,1,1
2026届高考备考练习题语文,2,1
2026届高考物理一轮复习讲义,14,1
2026届高考物理一轮复习讲义：2.3匀变速,1,1
2026届高考物理一轮复习讲义：2.3匀变速直线运动的图像类问题,6,1
2026届高考生物一轮单元复习卷黑吉辽蒙专用单元检测二,17,1
2026届高考生物一轮单元复习卷黑吉辽蒙专用单元检测二　细胞的基本结构和物质的运输,32,1
2026届高考语文专题复习：30天掌握·高考诗歌鉴赏术语·小纸条,5,1
2026届高考语文常考130个错别字·50天打卡训练,1,1
2026届高考语言文字,1,1
2026届高考语言文字标点符号,4,1
2026山东,1,1
2026山东一模试题分类汇编 物理,4,1
2026山东中考数学试卷题,5,1
2026山东中考英语,6,1
2026山东中考语文真题,5,1
2026山东中考道法,1,1
2026山东化学,4,1
2026山东卷化学,1,1
2026山东卷化学高考,4,1
2026山东卷地理高考,3,1
2026山东卷物理,1,1
2026山东卷物理，高考,2,1
2026山东历史中考,1,1
2026山东合格考地理,5,1
2026山东地理高考真题,2,1
2026山东夏季地理合格考,3,1
2026山东学业水平等级考试,8,1
2026山东枣庄高一物理,4,1
2026山东泰安三模数学,13,1
2026山东泰安地理合格试卷,1,1
2026山东济南中考数学试卷题,3,1
2026山东济南市高三,3,1
2026山东济南省实验高三模拟生物,1,1
2026山东淄博实验中学高一期中,12,1
2026山东物理高考,5,1
2026山东生物合格考,1,1
2026山东生物高考真题,2,1
2026山东省合格考,1,1
2026山东省合格考化学,1,1
2026山东省合格考历史,4,1
2026山东省政治高考,2,1
2026山东省济宁市中考试卷,4,1
2026山东省淄博市桓台县中考数学试卷,1,1
2026山东省菏泽市曹县一中月考,20,1
2026山东省菏泽市高一期中,4,1
2026山东聊城二模高三数学卷,1,1
2026山东聊城高二上学期期末数学,3,1
2026山东青岛调研,12,1
2026山东高一下学期枣庄市数学期末考试,3,1
2026山东高考历史真题,1,1
2026山东高考地理,2,1
2026山东高考真题,1,1
2026山东高考真题 生物,1,1
2026山东高考试卷答案,1,1
2026山西中考学情调研卷,6,1
2026山西省高三上学考,4,1
2026山西高中学业合格性水平考试生物试题。,4,1
2026山西高中学业合格性水平考试试题,1,1
2026山西高考,10,1
2026山西高考真题,1,1
2026巴中中考数学,5,1
2026年,1,1
2026年 6年级下册科学试卷人教版,11,1
2026年 临夏州统考历史期末考试,6,1
2026年 山东中考数学,5,1
2026年02卷数学高考,1,1
2026年1 月1号浙江高考首考,8,1
2026年1 月浙江高考 英语,2,1
2026年1月政治,5,1
2026年1月政治首考,1,1
2026年1月浙江省普通高校招生选考科目考试,8,1
2026年1月浙江高考地理试题,4,1
2026年1黑龙江省牡丹江市普通高中学业水平合格考试考试政治卷,2,1
2026年2月山东省青岛第二实验初级中学,1,1
2026年2月山东省青岛第二实验初级中学 山海卓越,1,1
2026年34校模考语文,1,1
2026年34校模考语文深圳,4,1
2026年4月襄阳市高三,3,1
2026年5年级下册英语期末试卷答案 九江市,6,1
2026年5月浙江省七校联盟高三政治,3,1
2026年6月份英语4级,2,1
2026年6月姑苏区七下语文试卷,3,1
2026年6月姑苏区七下语文试卷期末试卷,8,1
2026年6月浙江省浙江七校思想政治,2,1
2026年6月浙江高考数学,2,1
2026年6月诸暨市,4,1
2026年6月青海省海东市民和县第二中学的语文试卷,3,1
2026年6月高考浙江卷,3,1
2026年7月份主要时政归纳,7,1
2026年7月期末联考高二日语,68,1
2026年7月浙江省普通高中学业水平考试,3,1
2026年7月浙江省普通高中学业水平考试生物,3,1
2026年7月贵州六盘水合格考试卷物理,1,1
2026年7月贵州合格考试卷物理,2,1
2026年7月黑龙江省普通高中学业水平合格性考试,1,1
2026年7贵州六盘水合格考试卷物理,1,1
2026年8月,1,1
2026年8月7日物理作业,2,1
2026年8月云联盟联盟考试高三,4,1
2026年8月份新生新初一学生分班考语文数学英语试卷,4,1
2026年8月创联盟考试高三,13,1
2026年8月圆创联盟考试高三,17,1
2026年8月浙江省新月虚拟创新联盟高三年级第一次联考,2,1
2026年8月湖北,1,1
2026年8月湖北圆创,3,1
2026年9年级武汉市语文五调,6,1
2026年9月,1,1
2026年T8联考数学,6,1
2026年。高一下期末生物试卷,1,1
2026年三亚入学考,10,1
2026年三亚第一中学高一秋季入学考,3,1
2026年三亚高一秋季入学考,1,1
2026年上学期期中练习五年级语文,1,1
2026年上学期期中练习五年级语文汉寿县,2,1
2026年上学期高二期末检测语文,18,1
2026年上海中考数学试卷,2,1
2026年上海中考英语,3,1
2026年上海市高考英语一模听力,3,1
2026年上海高考春季卷,4,1
2026年专升本英语,1,1
2026年世界数学奥林匹克竞赛,9,1
2026年中国化学奥林匹克竞赛初赛模拟试题,5,1
2026年中考,2,1
2026年中考一模 崂山 语文,8,1
2026年中考兴化市物理试卷,5,1
2026年中考南京数学,1,1
2026年中考南京数学试卷,5,1
2026年中考历史,2,1
2026年中考压轴题,1,1
2026年中考压轴题数学,1,1
2026年中考广东省佛山市顺德区英语,3,1
2026年中考数学,15,1
2026年中考数学一轮,9,1
2026年中考江西省数学,1,1
2026年中考江西试卷地理,2,1
2026年中考江西试卷语文,4,1
2026年中考满分作文,1,1
2026年中考物理电学压轴题知识点总结与技巧说明,5,1
2026年中考真题,2,1
2026年中考真题山东数学,3,1
2026年中考社会浙江卷,1,1
2026年中考英语专项复习难点 语法八大状语从句,3,1
2026年中考英语真题,5,1
2026年中考英语试卷,1,1
2026年临沂化学一模,2,1
2026年临沂市高一期末题,4,1
2026年九上道法书,1,1
2026年二卷语文,1,1
2026年二月青岛二中山海卓越杯,1,1
2026年云南历史高考真题,2,1
2026年云南物理,4,1
2026年云南省中考道德与法治试卷,2,1
2026年云南省普洱市思茅区中考道德与法治试卷,8,1
2026年云南省道德与法治试卷,1,1
2026年云南高考物理,1,1
2026年云霄一中高二下学期物理期末试卷,1,1
2026年五年级下册期末质量检测,8,1
2026年人教九年级上册英语书单词表,1,1
2026年人教六年级上册数学百分比的应用,1,1
2026年人教数学百分比的应用,1,1
2026年仁寿县中考数学试题,5,1
2026年仁寿县九年级上册数学期末试卷,8,1
2026年仁寿县九年级上册物理期末试卷,1,1
2026年仁寿县九年级物理期末试卷,1,1
2026年仁寿县八下生物结业考试试题,3,1
2026年仁寿县塈高中学业中考数学试题,1,1
2026年佛山市中考试卷,1,1
2026年佛山市小升初,3,1
2026年俄语新高考一卷,1,1
2026年全国1卷,3,1
2026年全国2卷,1,1
2026年全国2卷数学,3,1
2026年全国2卷语文,1,1
2026年全国一卷政治,7,1
2026年全国一卷数学卷高考真题解析,4,1
2026年全国一卷标杆作文,4,1
2026年全国一卷语文真题,3,1
2026年全国二卷,9,1
2026年全国二卷作文,2,1
2026年全国二卷历史,3,1
2026年全国二卷数学,1,1
2026年全国二卷英语试题,2,1
2026年全国二卷语文,1,1
2026年全国初中应用物理创新思维复赛题,1,1
2026年全国卷,2,1
2026年全国卷二高考地理题,1,1
2026年全国统一考试物理卷一,2,1
2026年全国英语高考卷,3,1
2026年全国高,1,1
2026年全国高考一卷政治答案解析,1,1
2026年全国高考一，二卷,6,1
2026年全国高考二卷数学,1,1
2026年全国高考英语一卷,1,1
2026年全国高考语文一卷,1,1
2026年全国高考课标卷（地理）【,8,1
2026年八年级下册数学期末测试卷浙江,4,1
2026年八年级下册数学期末考试试卷,15,1
2026年八年级下册英语素养能力精准练六,3,1
2026年八年级下虹口区期末统考卷数学,2,1
2026年八年级下黄浦区期末统考卷,3,1
2026年八年级下黄浦区期末统考卷数学,2,1
2026年八年级山东济宁高新区附属中学下学期期末考试数学试卷,1,1
2026年八年级山东济宁高新区附属中学期末考试数学试卷,4,1
2026年八年级山东济宁高新区附属中学期末考试试卷,3,1
2026年六年级下册期末素养评估卷,16,1
2026年六年级下册期末素养评估卷秋季,9,1
2026年六月份合格考,2,1
2026年兰州市一诊物理试卷,5,1
2026年兰州市中考物理试卷,1,1
2026年兰州市高一夏季期末考试英语试卷,1,1
2026年兰州市高一第二学期期末考试英语试卷,10,1
2026年内江市九年级上册,4,1
2026年内蒙古中考数学试卷,1,1
2026年内蒙古中考物理试卷,4,1
2026年冬季数学8年级上册人民教育出版社数学书 数学书 原书,1,1
2026年创新班考试卷。,1,1
2026年创新班考试卷安徽。,4,1
2026年创新班考试卷安徽高中。,2,1
2026年初升高衔接测试卷,5,1
2026年初升高衔接进阶检测卷,2,1
2026年到2027六月份合格考,6,1
2026年前8个月的的时政,5,1
2026年前8隔音,1,1
2026年北京中考数学真题,7,1
2026年北京市石景山高二下期末政治,1,1
2026年北京市西城区试卷四年级上册,4,1
2026年北京市西城区试卷四年级上册数学答案,4,1
2026年北京市西城区试卷四年级下册,1,1
2026年北京市西城区高二下期末数学试卷,2,1
2026年北京市顺义区高二下期末数学试卷,3,1
2026年北京海淀区期末八上生物,4,1
2026年北京生物卷,9,1
2026年北京高考政治试卷,1,1
2026年北京高考数学试题,3,1
2026年北师大版三年级英语上册第一单元测试卷,1,1
2026年北师大版五年上数学期中,1,1
2026年南充市8年级物理期末,20,1
2026年南开区高一期中考,14,1
2026年南海区六年级卷子,11,1
2026年南海区六年级英语卷听力,2,1
2026年南海区期末数学八年级下册,1,1
2026年南海区期末语文八年级下册,3,1
2026年历史吉林高考真题,5,1
2026年历史四川高考真题,2,1
2026年历史学科初中学业水平考察天津。,1,1
2026年历史河南高考真题,2,1
2026年历史湖北高考真题,2,1
2026年历史高中会考,11,1
2026年合格考生物试卷,1,1
2026年吉林卷历史高考真题,3,1
2026年吉林历史高考真题,8,1
2026年吉林历史高考真题答案,3,1
2026年吉林省中考语文试题,10,1
2026年吉林省普通高中学业水平合格考试生物,1,1
2026年呼和浩特中考数学卷,1,1
2026年呼和浩特市中考真题,2,1
2026年和平区初中毕业生学业考试模拟一,1,1
2026年哈三中高一下生物期末考试,4,1
2026年嘉善中学开学考试卷,19,1
2026年嘉定区高三语文一模,1,1
2026年四川历史高考真题,2,1
2026年四川合格考地理试卷,4,1
2026年四川合格考生物试卷,3,1
2026年四川宜宾期末英语试卷,1,1
2026年四川宜宾期末高一下英语试卷,3,1
2026年四川宜宾期末高一英语试卷,1,1
2026年四川数学高考,1,1
2026年四川省广安市武胜县八年级下册历史,3,1
2026年四川省成都市锦江区中考数学二诊试卷,1,1
2026年四川省高考历史试卷,1,1
2026年四川省高考生物学试题,1,1
2026年四川省高考英语试卷,7,1
2026年四川高考化学试卷,3,1
2026年四川高考数学二卷,1,1
2026年四川高考物理试卷,1,1
2026年四川高考真题,1,1
2026年地理中考试卷,2,1
2026年地理会考真题,8,1
2026年地理江西卷,1,1
2026年外研版九上单词默写表,7,1
2026年大连市高三综合模拟考试,3,1
2026年天一语文开学考,1,1
2026年天津12校一模化学,5,1
2026年天津一中高一下语文期末试卷,1,1
2026年天津中考语文试卷,3,1
2026年天津市中考,1,1
2026年天津市和平区初中毕业生学业考试模拟一,5,1
2026年天津市河西区二模英,2,1
2026年天津市河西区高一下期末英语试卷,3,1
2026年天津市河西区高三英语,2,1
2026年天津市河西区高三英语二模,2,1
2026年天津市道德与法治中考原题,1,1
2026年天津市高三河东区一模英语,3,1
2026年天津河北区初一下道法期末,3,1
2026年天津河西三模数学高三,3,1
2026年天津生物等级考真题试卷,4,1
2026年天津生物等级考真题试卷高考,1,1
2026年如皋市物理期中考试期末考试试卷,10,1
2026年宁夏高考真卷,3,1
2026年宁夏高考语文试卷,2,1
2026年宁波市上学期期末高一数学期末卷,7,1
2026年安徽中考试卷,2,1
2026年安徽中考试卷地理,5,1
2026年安徽中考试卷地生,1,1
2026年安徽亳州市七下期末考试（英语|）,9,1
2026年安徽亳州语文中考真题,1,1
2026年安徽化学,1,1
2026年安徽物理高考试卷,1,1
2026年安徽省合肥市高三第二次教学质量检测,3,1
2026年安徽省普通高中学业水平选择性老师,4,1
2026年安徽省普通高中学业水平选择性考试,1,1
2026年安徽省高考物理试卷,1,1
2026年安徽高考地理真题,3,1
2026年安徽高考物理真题,2,1
2026年定西八年级下册期末质量检测,21,1
2026年定西高一上期末质量检测图版,46,1
2026年宜宾中考数学,4,1
2026年宜宾中考数学答案,2,1
2026年宜宾中考物理,1,1
2026年宜宾中考物理答案,1,1
2026年宜宾中考英语,1,1
2026年宝山高三语文一模,1,1
2026年富阳一模卷,6,1
2026年小升初数学分班考试高频易错点全真模拟卷二通用版。,1,1
2026年小升初结业考试数学试卷,1,1
2026年小升初结业考试数学试卷山东省滕州市,1,1
2026年山东会考山东德州题化学,3,1
2026年山东卷化学,1,1
2026年山东卷历史高考真题,1,1
2026年山东历史合格考试卷,3,1
2026年山东合格考化学真题,5,1
2026年山东地理临沂中考,4,1
2026年山东地理高考真题,3,1
2026年山东济宁高新区附属中学期末考试试卷,1,1
2026年山东物理合格考试卷,3,1
2026年山东省东营市生物中考真题,2,1
2026年山东省中考,3,1
2026年山东省中考语文试题,1,1
2026年山东省会考,3,1
2026年山东省学业水平考试,14,1
2026年山东省普通高中学业水平等级考试物理,4,1
2026年山东省济钢中学高三历史模拟试题,1,1
2026年山东省淄博市英语中考试卷,1,1
2026年山东省滕州市小升初数学结业考试试卷试卷,1,1
2026年山东省潍坊市中考语文试题,1,1
2026年山东省烟台市莱山区八年级上册数学期中考试,25,1
2026年山东省阳谷县中考一模,5,1
2026年山东省青岛市初三历史,1,1
2026年山东省高考题俄语,7,1
2026年山东菏泽市中考一模地理试卷,4,1
2026年山东菏泽市高二下学期期末考试,4,1
2026年山东语文中考,1,1
2026年山东高考,1,1
2026年山东高考试卷原题,6,1
2026年山西北辰中学数学考试卷,1,1
2026年山西忻州模拟预测高三数学,7,1
2026年山西数学考试卷,1,1
2026年山西省高考物理卷子,1,1
2026年平凉市静宁县六年级升七年级语文卷子,1,1
2026年平凉市静宁县小升初语文卷子,1,1
2026年广东卷历史高考真题,2,1
2026年广东历史高考卷,3,1
2026年广东江门期末,7,1
2026年广东深圳高三模拟预测数学,6,1
2026年广东省佛山市顺德区中考真题,10,1
2026年广东省政治高考真题,6,1
2026年广东省普通高中学业水平选择性考试（A卷）,12,1
2026年广东省深圳市中考生物真题,1,1
2026年广东省茂名市高一下学期期末测试,10,1
2026年广东省高考试卷物理,3,1
2026年广东第二次合格考地理,4,1
2026年广东高考卷,2,1
2026年广东高考卷生物,3,1
2026年广东高考历史,9,1
2026年广元,1,1
2026年广元物理,1,1
2026年广州一模,1,1
2026年广州一模化学,3,1
2026年广州中考,4,1
2026年广州中考数学,1,1
2026年广州中考语文,1,1
2026年广州中考道法卷,2,1
2026年广州二模,1,1
2026年广州市中考数学真题,3,1
2026年广州市中考语文真题,8,1
2026年广州市普通高中毕业班综合测试 二,2,1
2026年广西中考,2,1
2026年广西生物高考,1,1
2026年广西贵港市港北区荷城三中九年级上册,7,1
2026年广西贵港市港北区荷城三中八年级下册,1,1
2026年廊坊市联考卷,2,1
2026年徐汇高三英语二模,5,1
2026年德州中考英语卷,1,1
2026年德州市高一下学期政治期末考试期末,3,1
2026年德州市高一下学期语文期末考试期末,2,1
2026年惠州英语中考,2,1
2026年成都中考物理,1,1
2026年成都中考物理试题,1,1
2026年成都市青羊区二诊,14,1
2026年成都零诊考试,2,1
2026年摇篮杯,4,1
2026年摸底测试新初三,5,1
2026年政治高考试卷全国二卷,1,1
2026年政治高考试卷青海,3,1
2026年数学中考真题黑龙江,4,1
2026年数学全国高考卷新课标一卷答案,7,1
2026年数学开学考,3,1
2026年数学真题 四年级,1,1
2026年数学高考真题,2,1
2026年文山州州统测小学三年级试卷,8,1
2026年新教材政治九上课本,5,1
2026年新版教材政治九上,4,1
2026年新课标,4,1
2026年新课标1卷,5,1
2026年新课标一卷地理,2,1
2026年新高一开学考,27,1
2026年新高考一卷,2,1
2026年新高考一卷英语真题,6,1
2026年新高考二卷数学,3,1
2026年新高考二卷语文,4,1
2026年新高考地理答题模版完整版,12,1
2026年日照市中考二模数学真题,9,1
2026年日照市高2下学期期末政治题,3,1
2026年春天无锡高二期末考试英语试卷,4,1
2026年春季学期高一年级期末模拟试题四,11,1
2026年春季学期高一年级期末模拟试题四英语,25,1
2026年春季广元市义务教育阶段五年级学业,3,1
2026年春季期高二年级质量检测数学试题,4,1
2026年春季高考语文卷,5,1
2026年春无锡市高二英语期末考试试卷,1,1
2026年春期期中8年级阶段性调研英语,3,1
2026年春期期终8年级阶段性调研英语,3,1
2026年春河南红卷模拟预测2,4,1
2026年春，河南rj,4,1
2026年春，河南rj红卷,5,1
2026年春，河南rj红卷数学,6,1
2026年晋江高一上数学期末试卷,9,1
2026年普通 高等学校招生选择性考试东北三省一区卷历史试题,4,1
2026年普通高中学业水平选择性考试上海卷,2,1
2026年普通高中学业水平选择性考试四川化学,10,1
2026年普通高中学业水平选择性考试生物广东卷,10,1
2026年普通高中学业水平选择性考试生物湖南卷,7,1
2026年普通高中学业水平选择性考试陕晋宁清卷,3,1
2026年普通高中学业水平选择性考试陕青宁晋化学卷,1,1
2026年普通高等学校招生“圆梦杯”统一模拟考试（十）数学试题”,22,1
2026年普通高等学校招生全国统一考试 全国I卷,5,1
2026年普通高等学校招生全国统一考试 新高考Ⅰ卷 语文,1,1
2026年普通高等学校招生全国统一考试上海数学试卷,1,1
2026年普通高等学校招生全国统一考试二卷语文,5,1
2026年普通高等学校招生全国统一考试全国2卷,7,1
2026年普通高等学校招生全国统一考试全国II,1,1
2026年普通高等学校招生全国统一考试全国一卷,5,1
2026年普通高等学校招生全国统一考试全国一卷语文,1,1
2026年普通高等学校招生全国统一考试北京卷,8,1
2026年普通高等学校招生全国统一考试（全国1卷）英语,1,1
2026年普通高等学校招生全国统一试卷,3,1
2026年普通高等学校招生全国统一试语文卷,3,1
2026年普通高等学校招生选择性考试东北三省以取决历史试题,3,1
2026年普通高等学校招生选择性考试化学,7,1
2026年普通高等学校招生选择性考试地理,1,1
2026年普通高等学校招生选择性考试物理,1,1
2026年普通高等学校招生选择性考试生物,3,1
2026年普通高等学校春季招生考试上海卷,2,1
2026年普通高考适应性检测,29,1
2026年普陀高三语文二模,3,1
2026年曹县八年级上册数学期期中,1,1
2026年曹县八年级下册数学期期中,2,1
2026年期末试卷河北,1,1
2026年期末试卷河北张家口市,1,1
2026年期末试卷河北张家口市高一政治,2,1
2026年期末试卷河北张家口市高一数学,1,1
2026年期末试卷河北张家口市高二,3,1
2026年杭州学军英语首考模拟考,4,1
2026年杭州市上学期期末高一数学期末卷,9,1
2026年杭州市源清中学中学高二上期中考试化学试卷,1,1
2026年杭州市西湖区7年级下册期末教学质量调研,17,1
2026年栖霞区中考考模考,9,1
2026年桂林市八下英语期末,3,1
2026年桂林市高一下数学期末,1,1
2026年桂林市高一下物理期末,4,1
2026年模考卷,3,1
2026年武冈市七年级,3,1
2026年武咯路中学九年级下册六月数学试卷,1,1
2026年武汉五年级下册 期中试卷,8,1
2026年武汉五月调考数学,4,1
2026年武汉五调,1,1
2026年武汉五调数学,1,1
2026年武汉市东湖高新区八年级下期末数学考试试卷,1,1
2026年武汉市洪山区八年级下期末考试数学考试试卷,10,1
2026年武汉武咯路中学九年级下册六月数学试卷,1,1
2026年武汉武珞路中学九年级下册六月数学试卷,4,1
2026年永兴县树德中学九年级模拟考试,11,1
2026年永康小升初考试卷,1,1
2026年江苏,1,1
2026年江苏历史,1,1
2026年江苏历史高考卷,2,1
2026年江苏历史高考真题,5,1
2026年江苏合格性考试,3,1
2026年江苏合格性考试历史,1,1
2026年江苏物理,3,1
2026年江苏物理高三,3,1
2026年江苏省南京市玄武区中考一模考试物理试题,1,1
2026年江苏省徐州市中考数学试卷,3,1
2026年江苏省数学四年级上册书本,1,1
2026年江苏省普通高中学业水平合格性考试试卷生物,9,1
2026年江苏省盐城市历史中考试题,3,1
2026年江苏省盐城市地理中考试题,5,1
2026年江西省高考历史,1,1
2026年江门市高二下学期化学期末,1,1
2026年江门市高二下学期语文期末考试,1,1
2026年沈阳中考数学试卷,5,1
2026年河北中考一模数学,15,1
2026年河北物理中考真题,1,1
2026年河北省中考数学试卷,2,1
2026年河北省中考物理试卷,3,1
2026年河北省普通高中学业水平选择性考试思想政治试题及答案,3,1
2026年河北省模拟英语,1,1
2026年河北省模拟英语高考,7,1
2026年河北高考化学卷,1,1
2026年河南中招英语试卷,4,1
2026年河南中考数学真题,1,1
2026年河南中考真题,7,1
2026年河南中考真题 免费,1,1
2026年河南中考考,4,1
2026年河南中考语文中考,1,1
2026年河南信阳息县中考一模,4,1
2026年河南信阳息县中考二模,1,1
2026年河南卷历史高考真题,8,1
2026年河南历史高考真题,13,1
2026年河南历史高考真题答案,4,1
2026年河南濮阳市人教版7年级下册数学期末试卷,3,1
2026年河南省八年级下册历史,2,1
2026年河南省高二语文选择性必修一阅读理解专项练习,10,1
2026年泉州高三第一次质检生物,4,1
2026年泰安一中高一月考卷,5,1
2026年泰安市中考历史,3,1
2026年泰安市中考生物,1,1
2026年泰安市化学中考真题,3,1
2026年泰安市岱岳区八年级下册期末数学,2,1
2026年泰安市泰山区八年级下册期末英语,2,1
2026年泰州市初三英语中考试卷,3,1
2026年泰江苏省泰州市,2,1
2026年泰江苏省泰州市地生中考,3,1
2026年泰江苏省泰州市泰兴市,3,1
2026年洛阳市中考语文卷,3,1
2026年济南中考数学真题,1,1
2026年济南市市中区数学期末考试,4,1
2026年济南市英语市三模,3,1
2026年济宁中考英语,1,1
2026年浙江1月历史高考真题,7,1
2026年浙江6月历史高考真题,2,1
2026年浙江中考数学卷,2,1
2026年浙江中考数学试卷,2,1
2026年浙江历史高考真题,5,1
2026年浙江地理高考,5,1
2026年浙江地理高考一月,1,1
2026年浙江省中考社会真题,1,1
2026年浙江省六校联盟高三5月联考英语学科试题卷,2,1
2026年浙江省宁波市奉化区中考卷,4,1
2026年浙江省杭州市学军中学等校高考化学复习试卷,7,1
2026年浙江省杭州市西湖区初中新生素质学业教研,14,1
2026年浙江省高三上学期名校协作体,5,1
2026年浦东新区.高三英语二模,1,1
2026年浦东新区.高三语文二模,1,1
2026年海南中考,1,1
2026年海淀一模数学真题,3,1
2026年淄博市中考,3,1
2026年淄博市中考数学,2,1
2026年淮安中考试卷,7,1
2026年深圳一模数学,8,1
2026年深圳中学高一上期末考试,1,1
2026年深圳中学高三第一阶段考试数学,3,1
2026年深圳市中考生物真题,1,1
2026年清徐北辰数学小升初卷,14,1
2026年温州二模,3,1
2026年温州市上学期期末高一数学期末卷,10,1
2026年温州市摇篮杯,7,1
2026年湖北中考,3,1
2026年湖北中考物理,4,1
2026年湖北历史高考卷,3,1
2026年湖北历史高考真题,8,1
2026年湖北历史高考真题答案,5,1
2026年湖北省学业水平考试真题,5,1
2026年湖北省学考合格考试卷,3,1
2026年湖北省武汉市汉口区八年级下册数学期末考试试卷,1,1
2026年湖北省高一学业水平考试真题,2,1
2026年湖北省黄冈市高一期末物理,9,1
2026年湖北省黄冈市高一期末生物,1,1
2026年湖南历史高考真题,1,1
2026年湖南湘潭高三上学期二模语文试卷,2,1
2026年湖南省中考数学卷,6,1
2026年湖南省普通高中性考试化学,3,1
2026年湖南省普通高中性考试地理,5,1
2026年湖南省普通高中性考试生物,1,1
2026年湖南省普通高中性考试英语,6,1
2026年湖南省郴州市物理卷，高一,1,1
2026年湖南省长沙市高三一模,3,1
2026年湖南高三下英语期末考试,1,1
2026年湖南高三英语期末考试,3,1
2026年湖南高考数学,3,1
2026年湖南高考生物真题,2,1
2026年滁州市安徽第一卷皖智试卷,1,1
2026年滨州市高一下学期化学期末考试期末,3,1
2026年滨海新区数学期中试卷,3,1
2026年滨海新区数学期末试卷,14,1
2026年漳州市初中毕业班适应性训练一,25,1
2026年漳州市数学初中毕业班试应性训练,5,1
2026年潍坊中考一模物理,2,1
2026年潍坊市物理,6,1
2026年物理 高考全国一卷试卷,5,1
2026年物理一模,10,1
2026年物理中考,4,1
2026年物理全国二卷,1,1
2026年物理高考试卷四川卷,1,1
2026年物理高考试卷，浙江卷,3,1
2026年玉林市高一上学期物理期中,1,1
2026年甘肃生物高考真题,1,1
2026年生物高考湖南卷,1,1
2026年盐城市英语中考试卷,2,1
2026年石家庄第二十八中学入学测试考试题,1,1
2026年福州初二生物,2,1
2026年福建中考数学试卷,7,1
2026年福建泉州高三数学模拟,4,1
2026年福建省通用技术学考,3,1
2026年福建高考历史,2,1
2026年福建高考物理,1,1
2026年福建高考英语,4,1
2026年福建高考语文卷,1,1
2026年秋初二开学学情自测,1,1
2026年秋季七年级分班,4,1
2026年秋季九年级开学学情自测卷02英语,1,1
2026年秋季九年级开学检测,1,1
2026年秋季新改版的浙教版九年级数学,1,1
2026年秋季新改版的浙教版九年级数学电子书,4,1
2026年秋季高二开学学情自测卷（浙江专用）,5,1
2026年秋新五年级上册写字表字帖帖,9,1
2026年秋新版九年级上册道德与法治知识点全面梳理,7,1
2026年第一学期南海区数学卷子,7,1
2026年绍兴市上学期期末高一数学期末卷,3,1
2026年老河口市7年级下册地理试题,3,1
2026年聊城地区一模,1,1
2026年聊城市高一下学期化学期末考试期末,6,1
2026年聊城市高一下学期期中英语试卷,18,1
2026年聊城高二,2,1
2026年芜湖一中自主招生考试试题,1,1
2026年苏州9月生物,1,1
2026年苏州期初调研生物,1,1
2026年英语高考,1,1
2026年荆州市中考试卷,4,1
2026年菏泽市中考语文,1,1
2026年薪火文化假期必刷题（暑 假期 必刷题 假）高二数学全册通用版南京出版社,8,1
2026年虹口区八年级下数学统考试卷,3,1
2026年蚌埠市高三调研,14,1
2026年蚌埠市高二期末地理试卷,1,1
2026年襄阳四中五中自主招生,17,1
2026年襄阳市春季中小学学科素养综合作业生物试题7年级下册,5,1
2026年襄阳市相城区八年级下册期末考试试卷数学,1,1
2026年襄阳市襄城区，8年级下册数学期末考试试卷,3,1
2026年西宁市期末调研试卷高一,8,1
2026年西宁市期末调研试卷高二,4,1
2026年西安滨河初级中学模考试题,4,1
2026年西藏自治区生物 地理中考真题,1,1
2026年语文1卷,3,1
2026年语文全国一卷,7,1
2026年语文全国一至,1,1
2026年语文全国二卷,8,1
2026年语文广东联考,1,1
2026年语文真题中考卷,4,1
2026年语文选择性必修一阅读理解专项练习,3,1
2026年语文高考真题山东,3,1
2026年诸暨市八下期末科学考试。,3,1
2026年诸暨市八下语文考试。,2,1
2026年贵州省兴义市中考全科试卷,8,1
2026年贵州省普通高中学业水平,1,1
2026年贵州省普通高中学业水平选择性考试物理,5,1
2026年贵州省普通高中学业水平选择性考试生物学,3,1
2026年贵州省高考历史,1,1
2026年贵州高三英语试卷,3,1
2026年赣州市高一下学期期末考试,8,1
2026年赣州市高一下学期期末考试答案,1,1
2026年赤峰市高一年级学年考试试题地理,5,1
2026年赤峰高二年级学年联考,2,1
2026年辽宁中考地理,3,1
2026年辽宁中考物理,2,1
2026年辽宁中考物理试卷,1,1
2026年辽宁小中考,3,1
2026年辽宁抚顺市望花区中考二模语文试题答案,1,1
2026年辽宁省初中学业水平考试语文,2,1
2026年辽宁省普通高中生学业水平考试,1,1
2026年辽宁省高二下学期英语期末试题,6,1
2026年通辽市数学统考卷子,1,1
2026年通辽市高二年级教学质量监测,1,1
2026年邵阳市高三一模数学,8,1
2026年郑州小学一年级里月考卷子,1,1
2026年郑州市金水区文化路第三小学一年级里月考卷子,7,1
2026年郴州市英语七下统考。,3,1
2026年金华市上学期期末高一数学期末卷,6,1
2026年金太阳新考案,2,1
2026年金考卷,2,1
2026年锦江区初初中二诊数学试卷,1,1
2026年长沙中考语文试卷,3,1
2026年长沙市中考数学试卷,1,1
2026年长沙市九年级上册其中语文,4,1
2026年长沙市九年级上册期中化学,6,1
2026年长沙市九年级上册期中历史,6,1
2026年长沙市九年级上册期中政治,2,1
2026年长沙市九年级上册期中数学,7,1
2026年长沙市九年级上册期中物理,6,1
2026年长沙市九年级上册期中英语,6,1
2026年长沙市九年级上册第一次月考语文,1,1
2026年长沙市高三上学期一模物理试卷,4,1
2026年闵行高三语文二模,1,1
2026年阜宁初三一模英语试卷,3,1
2026年阜宁初三期中英语试卷,5,1
2026年陕西省宝鸡市高三上学期开学考数学试卷,4,1
2026年陕西省宝鸡市高三上学期开学考物理试卷,5,1
2026年陕西省普通高中学业水平选择性考试,6,1
2026年陕西英语高考二卷,9,1
2026年青岛中考化学,1,1
2026年青岛中考道法,2,1
2026年青岛市一模,3,1
2026年青岛市中考政治,7,1
2026年青岛市中考数学,2,1
2026年青岛市中考英语,3,1
2026年青岛市中考语文,2,1
2026年青海省西宁市中考卷子,2,1
2026年静宁县小升初语文卷子,1,1
2026年静宁县语文卷子,1,1
2026年高一下学期化学期末考试期末,2,1
2026年高一下期末生物试卷,13,1
2026年高一下淄博市期末学业水平测试,1,1
2026年高一作文汇编,1,1
2026年高一年级暑假作业,2,1
2026年高一数学下学期期末倒数第二道是三角函数,1,1
2026年高一物理暑假作业,2,1
2026年高一物理期末试卷答案,12,1
2026年高一英语作文汇编,1,1
2026年高三一模,10,1
2026年高三上学期名校协作体,1,1
2026年高三年级第一次适应,1,1
2026年高三数学,4,1
2026年高三数学秋季开学学情自测卷01,7,1
2026年高三聊城地区一模,3,1
2026年高三英语徐汇区一模,2,1
2026年高三英语松江区一模,4,1
2026年高三英语试卷,1,1
2026年高三语文五月份适应性考试,4,1
2026年高中数学,1,1
2026年高中月考试卷,13,1
2026年高二下学期常考题型归纳,2,1
2026年高二下学期语文语文会考补考语文试题,1,1
2026年高二年级部分学生调研物理,1,1
2026年高二期末新乡市联考卷历史,3,1
2026年高二期末新乡市联考卷数学,2,1
2026年高二英语寒假作业,1,1
2026年高二语文选择性必修一阅读理解专项练习,2,1
2026年高考 山东省物理真题,1,1
2026年高考1卷化学,1,1
2026年高考2卷,1,1
2026年高考2卷化学,1,1
2026年高考2卷地理,1,1
2026年高考东北历史卷,3,1
2026年高考云南历史,5,1
2026年高考云南地理,3,1
2026年高考作文,5,1
2026年高考全国一卷,1,1
2026年高考全国一卷数学,4,1
2026年高考全国一卷数学高考真题,1,1
2026年高考全国一卷语文答案,2,1
2026年高考卷,1,1
2026年高考卷全国二卷,4,1
2026年高考历史,1,1
2026年高考历史真题,1,1
2026年高考历史真题河北卷,5,1
2026年高考四川卷物理高考真题,2,1
2026年高考地理主观题万能模板,2,1
2026年高考地理四川,1,1
2026年高考安徽卷,3,1
2026年高考安徽数学几何专题,3,1
2026年高考山东,3,1
2026年高考山东卷化学,1,1
2026年高考山东卷生物,3,1
2026年高考广东卷化学高考真题,4,1
2026年高考政治一卷真题,3,1
2026年高考数学2卷,2,1
2026年高考数学一卷,1,1
2026年高考数学一轮复第01讲函数的概念及其表示专项训练全国通用,4,1
2026年高考数学二卷,2,1
2026年高考数学卷。,4,1
2026年高考数学试卷,2,1
2026年高考数学试卷全国一卷,2,1
2026年高考数学试卷全国二卷,1,1
2026年高考江苏语文试卷,1,1
2026年高考河北卷政治高考真题,1,1
2026年高考湖南卷化学高考真题,3,1
2026年高考物理真题汇编,2,1
2026年高考甘肃英语真题,1,1
2026年高考生物一轮复习讲练测,10,1
2026年高考生物一轮复习讲练测 全国通用,5,1
2026年高考生物试题,1,1
2026年高考考前最后一卷01湖南专用生物,4,1
2026年高考考前最后一卷浙江专用思想政治,3,1
2026年高考英语一轮复习验收卷（全国一卷02）,6,1
2026年高考英语二卷,1,1
2026年高考英语全国一卷,2,1
2026年高考英语真题,1,1
2026年高考英语试卷,4,1
2026年高考试卷全国一卷,4,1
2026年高考语文,1,1
2026年高考语文一卷,1,1
2026年高考语文一轮复习,1,1
2026年高考语文一轮复习检测,3,1
2026年高考语文二模作文导写,6,1
2026年高考语文全国I卷的现代文阅读II,1,1
2026年高考语文全国一卷,2,1
2026年高考语文四川,4,1
2026年高考语文模拟预测卷02仿全国二卷,9,1
2026年高考语文模拟预测卷02（仿全国二卷,9,1
2026年高考语文模拟预测卷仿全国二卷,9,1
2026年高考语文真题完全解读,1,1
2026年高考贵州卷生物高考真题,1,1
2026年高考适应性考试,1,1
2026年高考适应性考试语文,14,1
2026年高考陜晋青宁卷化学高考真题,1,1
2026年高考题,3,1
2026年黄石市高一联考物理期末试卷,1,1
2026年黑龙江普通高中学业水平选择性考试物理,2,1
2026年黑龙江省普通高中学业水平合格考试,2,1
2026年黔东南中考数学试卷,2,1
2026年，和平区初中毕业生学业考试模拟英语一,2,1
2026年，天津市河西区二模英语,2,1
2026年，成都七中8年级下册期末,4,1
2026年，河南省信阳县，七年级下期末平桥区,34,1
2026年，河南省信阳县，全县联考，七年级下期末,1,1
2026年，河南省正阳县，全县联考，七年级下期末,1,1
2026年，高一新泰期中上学期英语,8,1
2026广东一模,8,1
2026广东中考化学,3,1
2026广东中考化学试卷,3,1
2026广东中考数学,1,1
2026广东中考英语,3,1
2026广东中考语文,1,1
2026广东卷地理高考,2,1
2026广东历史高考真题,1,1
2026广东实验中学中学高一期中,2,1
2026广东广州执信中学期末质检测,3,1
2026广东汕头市潮阳区,7,1
2026广东汕尾高三期末考,11,1
2026广东物理中孝,1,1
2026广东物理中考,4,1
2026广东省中考数学真题试卷,1,1
2026广东省中考数学试卷,1,1
2026广东省中考英语,3,1
2026广东省华南师范大学附属,8,1
2026广东省普通高中学业水平选择性考试模拟一,7,1
2026广东肇庆德庆县香山中学,3,1
2026广东英语真题,7,1
2026广东见地理高考,3,1
2026广东高一期末考试题,4,1
2026广东高三阶段训练,1,1
2026广东高考化学,3,1
2026广东高考化学卷,1,1
2026广东高考化学真题,3,1
2026广东高考历史,3,1
2026广东高考英语,1,1
2026广州中考化学,3,1
2026广州中考数学,1,1
2026广州中考数学卷,2,1
2026广州中考语文,4,1
2026广州中考语文真题,1,1
2026广州中考道法,4,1
2026广州二模,4,1
2026广州南沙区高一下数学期末,1,1
2026广州市中考数学,10,1
2026广州市中考英语回忆版真题,1,1
2026广州市南沙区天元二中数学第一次月考卷,2,1
2026广州市数学一模高考,4,1
2026广州市数学高一下期末考卷,4,1
2026广州广州市番禺区英语期末,1,1
2026广州番禺区,1,1
2026广州番禺区英语,2,1
2026广州番禺区英语期末,1,1
2026广西中考数学真题,3,1
2026广西中考物理,2,1
2026广西中考英语,3,1
2026广西南宁部分高中高二下期末考试数学试题,4,1
2026广西历史高考卷,2,1
2026广西柳州一模历史,3,1
2026广西柳州高中一模历史,2,1
2026广西桂林数学高三模拟预测卷,4,1
2026广西梧州高三月考,17,1
2026当代学生中学生古诗文阅读专辑,1,1
2026徐州中考数学,8,1
2026徐汇一模,1,1
2026徐汇数学一模,3,1
2026徐闻七下数学期末,3,1
2026徐闻八上数学期末,2,1
2026徐闻八上物理期末,5,1
2026德州一模,8,1
2026德州三模,5,1
2026德州中考数学,1,1
2026德州中考数学试卷题,1,1
2026德州二模,4,1
2026怀化高三开学考,3,1
2026惠州小升初,4,1
2026成都七中高一上期中,7,1
2026成都中考,1,1
2026成都中考化学,2,1
2026成都二模,10,1
2026成都八上数学期末,1,1
2026成都天府新区八上数学期末,2,1
2026成都市高一下学期期末化学,4,1
2026成都市高一下学期期末物理,6,1
2026成都市高一下学期期末生物,4,1
2026成都数学一诊锦江区,1,1
2026成都树德实验中学八上数学期中,5,1
2026成都泡桐树中学八上数学期中,1,1
2026成都泡桐树中学八上数学期末,2,1
2026成都石室中学八上数学期末,1,1
2026成都语文一诊锦江区,3,1
2026成都零诊试卷,1,1
2026成都高新区八上数学期末,1,1
2026承德高二期末,15,1
2026政治 高考真题,5,1
2026政治 高考真题全国一卷,1,1
2026政治高一期末,7,1
2026数学,17,1
2026数学上海,1,1
2026数学中考卷,4,1
2026数学全国二卷,1,1
2026数学全国高考一二卷,3,1
2026数学哈尔滨中考,1,1
2026数学山东中考试卷,6,1
2026数学期末考卷,1,1
2026数学杭州一摸,3,1
2026数学江苏考试,6,1
2026数学湖北,1,1
2026数学竞赛,1,1
2026数学竞赛新疆,3,1
2026数学高考,2,1
2026数学高考上海,1,1
2026数学高考二卷,2,1
2026新人教七年级下册英语暑假每日一练,5,1
2026新人教版九年级上册英语单词,1,1
2026新人教版九年级上册英语单词表,7,1
2026新人教版八年级上册英语单词背诵版、中英文默写PDF,5,1
2026新人教版英语初中词汇应用,2,1
2026新余四中高三四月测试,1,1
2026新余四中高三四月测试物理,6,1
2026新初一开学分班考英语真题（一）,4,1
2026新处一开学分班考英语真题（一）,1,1
2026新教材新疆乌鲁木齐七年级下册数学期末试卷,4,1
2026新教材统编版九上道德与法治知识清单,3,1
2026新版九上道法课本,7,1
2026新版人教版9年级上册数学。25章，26章，27章综合内容试卷,1,1
2026新版人教版九年级上册英语Unit1-Unit4单词高清图片,3,1
2026新疆三模化学,5,1
2026新疆中考,3,1
2026新疆中考英语听力真题音频,4,1
2026新疆中考语文,3,1
2026新疆高中学业水平考试,4,1
2026新译林版六年级上册英语单词默写表,7,1
2026新高一分班考,1,1
2026新高考1卷 数学,1,1
2026新高考2卷 数学,1,1
2026新高考Ⅰ卷语文,7,1
2026新高考Ⅰ卷语文真题完整word,5,1
2026新高考一卷卷 高考 数学,1,1
2026新高考一卷数学,1,1
2026新高考二卷生物,4,1
2026新高考全国Ⅱ卷 语文 原卷版,7,1
2026新高考全国新课标II卷数学真题,2,1
2026新高考化学2卷,2,1
2026无锡三模英语,1,1
2026无锡中考,6,1
2026无锡中考英语,2,1
2026无锡高三三模语文,4,1
2026日照一中高一上期末,5,1
2026日照一中高一期末,3,1
2026日照二模高三政治,1,1
2026日语,1,1
2026昌平高一下期末英语,8,1
2026易金卷,3,1
2026春 王朝霞活页英语默写 三年级下册 PEP,16,1
2026春三年级下册配PP版少儿精活页英语默写王朝霞，,6,1
2026春十堰高中仁特长生提前招语文卷,3,1
2026春十堰高中特长生提前招英语试卷,13,1
2026春季高考,4,1
2026春学期小学6年级巴州区英语听力,1,1
2026普通高中学业水平选择性考试广东卷,1,1
2026普通高中学业水平选择考模拟训练,4,1
2026普通高等学校招生全国统一考试,1,1
2026普通高等学校招生全国统一考试语文,1,1
2026普通高等学校招生选择性考试历史试题,1,1
2026暑假作业外研版新高2,5,1
2026暑假作业答案,1,1
2026暑假作业答案仁爱,6,1
2026暑假作业答案延边教育B版,2,1
2026暑期政治练习册,1,1
2026暑期政治练习册乌拉特前旗,9,1
2026期七下会泽卷,2,1
2026期下会泽,2,1
2026期下会泽地理卷,4,1
2026期下会泽生物卷,2,1
2026期末考试,8,1
2026期末英语试卷听力,1,1
2026期末高二下学期,3,1
2026杭州二中期末,7,1
2026杭州学军中学高一上期末物理,1,1
2026杭州高三三模数学,2,1
2026杭州高三三模英语,3,1
2026杭州高三三模语文,3,1
2026杭州高三二模,1,1
2026杭州高三二模物理,2,1
2026松江语文高三一模,1,1
2026枣庄模拟,5,1
2026栖霞二模南京,6,1
2026桂林期末试卷,1,1
2026桂林期末试卷五年级下册英语,5,1
2026梅州高一历史期末试卷,6,1
2026梅州高一期末联考试卷,1,1
2026武昌高二期末生物,5,1
2026武汉三月,5,1
2026武汉三月调研考试,3,1
2026武汉三调,3,1
2026武汉二调,1,1
2026武汉二调数学,4,1
2026武汉圆创,3,1
2026毕节市高中期末质量检测,19,1
2026江南十校9月开学考,4,1
2026江南十校开学考,1,1
2026江淮十校9月开学考,10,1
2026江苏中考语文,3,1
2026江苏八校,12,1
2026江苏卷,4,1
2026江苏卷物理,1,1
2026江苏历史高考卷,4,1
2026江苏徐州市高二上数学期中,4,1
2026江苏徐州质检,9,1
2026江苏徐州高三一模化学,5,1
2026江苏徐州高三期中抽测,1,1
2026江苏徐州高三期中抽测化学,1,1
2026江苏数学合格考,3,1
2026江苏期初,1,1
2026江苏物理高考,3,1
2026江苏省常州市溧阳市小升初语文,2,1
2026江苏省连云港市海州区历史九上期中,9,1
2026江苏省连云港市海州区语文九上期中,1,1
2026江苏苏州检测,4,1
2026江苏高考化学,8,1
2026江苏高考物理,1,1
2026江苏高考生物,1,1
2026江苏高考试卷,11,1
2026江西中考物理,1,1
2026江西中考语文,8,1
2026江西吉安市统考地理,7,1
2026江西省高三12月联考,4,1
2026江西高考,2,1
2026江西高考数学,4,1
2026江西高考生物,2,1
2026江门调研考高二,3,1
2026沈阳初一雨田数学答案,1,1
2026河北中考生物卷,3,1
2026河北保定三模,8,1
2026河北化学高考题,1,1
2026河北卷物理,1,1
2026河北卷高考地理,6,1
2026河北历史学科卷,1,1
2026河北历史学考卷,7,1
2026河北物理高考真题,8,1
2026河北省T8联盟高三上学期12月检测训练,2,1
2026河北省T8联考,1,1
2026河北省中考数学卷答案,2,1
2026河北省中考英语模拟卷,3,1
2026河北省化学高考试卷,1,1
2026河北省地理生物中考,6,1
2026河北高三一模,1,1
2026河北高三英语一模,5,1
2026河北高中历史学业水平考试卷,3,1
2026河北高中历史学考卷,1,1
2026河北高考政治,1,1
2026河北高考生物,3,1
2026河南,1,1
2026河南中考数学,4,1
2026河南中考英语,1,1
2026河南南阳高二期未,3,1
2026河南卷高考地理,3,1
2026河南历史天一开学考上学期,3,1
2026河南历史青铜明开学考上学期,1,1
2026河南历史青铜鸣开学考上学期,1,1
2026河南名校联盟高二下学期,51,1
2026河南地理天一开学考上学期,3,1
2026河南地理青同鸣开学考上学期,1,1
2026河南天一数学开学考,1,1
2026河南天一数学开学考上学期,3,1
2026河南天一语文开学考,2,1
2026河南政治天一开学考上学期,3,1
2026河南政治青同鸣开学考上学期,1,1
2026河南省三门峡,17,1
2026河南省政治 高考真题,3,1
2026河南省重点地市初中生学情分析与测评（二）英语 ZYM-01,7,1
2026河南英语天一开学考上学期,1,1
2026河南英语青铜鸣开学考上学期,1,1
2026河南青同铭数学开学考上学期,1,1
2026河南青同鸣数学开学考上学期,2,1
2026河南青桐鸣联考高三,2,1
2026河南青桐鸣联考高三上,2,1
2026河南青桐鸣联考高三上9月,1,1
2026河南高考历史,4,1
2026河南高考地理,2,1
2026河南高考物理,4,1
2026河南高考生物,2,1
2026河南高考英语答案,1,1
2026河南高考语文卷和答案,2,1
2026河西一模,23,1
2026泉州高中毕业班质检,5,1
2026泉州高中毕业班质检一,8,1
2026泉州高中毕业班质检地理,1,1
2026泰安中考,2,1
2026泰安高一上学期期末考试生物,1,1
2026泰安高一下学期期末考试生物,1,1
2026泰州中考数学,3,1
2026泰州市中考试卷,1,1
2026济南一模历史高三,2,1
2026济南一模地理高三,2,1
2026济南一模政治高三,2,1
2026济南一模数学高三,2,1
2026济南一模英语高三,2,1
2026济南一模语文高三,3,1
2026济南中考语文,7,1
2026济南二模,1,1
2026济南二模数学,3,1
2026济南化学一模,3,1
2026济南天桥区八年级下册期末,1,1
2026济南市中区初一期末数学试卷,5,1
2026济南市高二物理下学期期末物理试卷,2,1
2026济南高一下期末地理,1,1
2026济南高一下期末英语,8,1
2026济南高二期末物理,3,1
2026济南高二期末英语,5,1
2026济南高考英语,6,1
2026济宁下学期高二数学,1,1
2026济宁中考化学,2,1
2026济宁中考物理,1,1
2026济宁中考英语,1,1
2026济宁中考语文,4,1
2026济宁学期高三数学期中考试,10,1
2026济宁市高一下化学期末考试,2,1
2026济宁政治,3,1
2026济宁高考政治,1,1
2026浙江,10,1
2026浙江中考社会试卷,3,1
2026浙江中考科学,1,1
2026浙江中考试卷数学试卷,1,1
2026浙江中考语文真题,3,1
2026浙江中考语文试卷,1,1
2026浙江奉化中考,4,1
2026浙江宁波奉化中考,1,1
2026浙江省中考语文试卷,5,1
2026浙江省镇海中学高二下学期期末数学试卷,3,1
2026浙江首考,5,1
2026浙江首考1月英语,2,1
2026浙江高三一模物理,3,1
2026浙江高考历史,1,1
2026浙江高考地理,1,1
2026浙江高考物理真题,1,1
2026浙江高考生物,2,1
2026浙江高考英语卷,4,1
2026海南中考,1,1
2026海南中考语文,12,1
2026海南文昌小升初英语试卷,5,1
2026海南海口八上数学期末,3,1
2026海南省政治高考,2,1
2026海南省政治高考真题,1,1
2026海安高级中学高一期末,8,1
2026海淀一模,1,1
2026海淀一模化学,3,1
2026海港区八下期中数学考试,9,1
2026涟源市期末检测试卷,1,1
2026涟源市期末检测试卷五年级数学,2,1
2026淄博中考数学,3,1
2026淄博市中考数学,3,1
2026淮安中考数学,1,1
2026深圳中考数学,3,1
2026深圳中考英语真题,1,1
2026深圳九年级开学考,2,1
2026深圳二模,5,1
2026深圳初中生物中考真题,4,1
2026深圳初中生物学业水平考试,1,1
2026深圳初中生物学业水平考试真题,1,1
2026深圳高三一模数学,3,1
2026深圳高三年级第二次调研考试,2,1
2026温州市九年级二模英语卷,9,1
2026温州市九年级学生学科素养检测英语卷,3,1
2026温州高二期末考试,4,1
2026湖北,1,1
2026湖北中考数学真题,1,1
2026湖北十一校联考,5,1
2026湖北卷,1,1
2026湖北卷地理,2,1
2026湖北卷地理高考,2,1
2026湖北卷高考,1,1
2026湖北历史高考真题,1,1
2026湖北数学,3,1
2026湖北数学中考,7,1
2026湖北武汉高三调研英语,13,1
2026湖北生物高考真题,1,1
2026湖北省合格考,1,1
2026湖北省高三原创联盟,1,1
2026湖北荆州一模数学试卷,1,1
2026湖北高三,4,1
2026湖北高三云学联盟考试,7,1
2026湖北高三第一次圆创联盟考试物理,2,1
2026湖北高三第一次圆创联盟考试生物,2,1
2026湖南七下数学期末试卷,3,1
2026湖南中考数学,3,1
2026湖南中考数学真题完整PDF,3,1
2026湖南卷,1,1
2026湖南卷地理高考,3,1
2026湖南学业,1,1
2026湖南政治高考,3,1
2026湖南普通高中学业水平合格性考试,1,1
2026湖南株洲一模,2,1
2026湖南省中考试卷,2,1
2026湖南省省考中考试卷,3,1
2026湖南省长沙市高三一模物理,10,1
2026湖南省长沙市高三一模生物,4,1
2026湖南考生物,1,1
2026湖南高中学业,2,1
2026湖南高中学业水平选择性考试,1,1
2026湖南高考地理,2,1
2026湖南高考生物,3,1
2026滨州高一期末,1,1
2026漳州市数学试应性训练（一）,7,1
2026潍坊,12,1
2026潍坊4月政治高考模拟,5,1
2026潍坊一模,1,1
2026潍坊一模数学模拟,3,1
2026潍坊一模数学模拟高中,3,1
2026潍坊三模,4,1
2026潍坊二模,1,1
2026潍坊市高一下化学期末考试,4,1
2026潍坊市高二期末数学考试卷子,1,1
2026潍坊数学模拟高中5月份,3,1
2026潍坊高三开学考,1,1
2026潍坊高三开学调研,1,1
2026潍坊高二下期末化学,1,1
2026潍坊高二下期末物理,1,1
2026潮南区,1,1
2026潮南区期末,4,1
2026版九上语文书,1,1
2026版红星照耀中国考点知识清单,4,1
2026物理八年级下册,3,1
2026物理合格考补考山东,1,1
2026物理山东,1,1
2026物理山东二模,1,1
2026物理广东,1,1
2026物理广东高考,1,1
2026物理江苏考试,2,1
2026物理济南二模,3,1
2026物理补考,1,1
2026物理补考山东,1,1
2026物理高效进阶训练选修一,1,1
2026物理高考,3,1
2026物理高考湖北卷,2,1
2026猜题信息卷,3,1
2026猜题信息卷数学123,6,1
2026玄武二模南京数学,2,1
2026甘肃一模卷,1,1
2026甘肃兰州一模卷,8,1
2026甘肃张掖模拟预测地理卷,2,1
2026甘肃省张掖民乐县第一中学高二英语上册期末试卷,3,1
2026甘肃省高三第一次模拟考试数学试题    2026新高考全国新课标II卷数学真题,1,1
2026甘肃省高三第一次模拟考试数学试题  -  2026兰州市高三第一次模拟数学试卷  -  2026新高考全国新课标II卷数学真题,1,1
2026甘肃高考化学,3,1
2026甘肃高考物理回忆卷,1,1
2026甘肃高考物理回忆版,5,1
2026甘肃高考生物,6,1
2026生地会考,1,1
2026生物中考,6,1
2026生物合格考北京,1,1
2026生物教联体,1,1
2026生物江苏考试,5,1
2026生物济南一模,1,1
2026生物高考,1,1
2026生物高考安徽答案,1,1
2026生物高考广西,1,1
2026生物高考河南,2,1
2026生物高考真题,1,1
2026盐城中考,1,1
2026石家庄高一上期末物理,1,1
2026石景山区八年级语文期末卷,4,1
2026福州3月质检,5,1
2026福州4月质检,1,1
2026福州5月质检,5,1
2026福州市英语七年级期末考,3,1
2026福建中考卷,1,1
2026福建中考物理,1,1
2026福建中考语文一轮复习,1,1
2026福建合格考,1,1
2026福建学考,4,1
2026福建宁化中考试卷,2,1
2026福建宁化全科中考试卷电子版,10,1
2026福建宁化数学中考卷卷子,3,1
2026福建宁化物理中考卷卷子,4,1
2026福建春考,7,1
2026福建普通合格考,4,1
2026福建省普通高中学业水平考试通用技术,1,1
2026福建省质检卷,13,1
2026福建高考生物,1,1
2026福清小升初数学卷,1,1
2026秋人教版六年级上册新教材同步预习,5,1
2026秋四上语文必背,4,1
2026秋季高一入学分班检测卷甘肃漳县。,1,1
2026秋季高三开学学情自测英语,5,1
2026秋季高二开学学情自测卷,2,1
2026秋学期初三数学暑假学案,1,1
2026秋数学,1,1
2026秋数学教材,7,1
2026第一次广东省普通高中学业水平合格性考试物理,4,1
2026第一次月考+期中考高二上数学卷,5,1
2026第一次月考高二上数学卷,3,1
2026第二次广东省普通高中学业水平合格性考试生物,1,1
2026结构,1,1
2026统考,11,1
2026绥化中考物理,3,1
2026绥化中考物理化学,1,1
2026绵阳中考,1,1
2026绵阳中考试卷,1,1
2026考研,1,1
2026聊城二模高三政治,1,1
2026聊城期末,15,1
2026聊城高一下学期期末,4,1
2026联合体二模南京,2,1
2026联合体二模南京数学,4,1
2026联盟卷,1,1
2026育才中学数学一模卷免费,1,1
2026育甲高考高中生物回归课本填空,1,1
2026自贡中考,3,1
2026至2027物理邳州市邳州市八下，八下,12,1
2026苏州中考,1,1
2026苏州中考语文真题,3,1
2026苏州松陵第一中学小升初英语入学测评试卷,3,1
2026苏州语文中考卷,2,1
2026苏州高三期初阳光调研数学,3,1
2026苏州高二下学期期末,4,1
2026苏科版九上化学课件,4,1
2026苏科版九上化学课堂笔记,4,1
2026苏科版八上数学期末试题,23,1
2026苏科版八上物理期末试题,7,1
2026苏科版八下物理期末试题,53,1
2026苏锡常镇高三三模语文,1,1
2026英语三诊成都九下,3,1
2026英语二诊七中育才,2,1
2026英语二诊七中育才考前,1,1
2026英语二诊泡桐树中学,1,1
2026英语二诊泡桐树中学九下,1,1
2026英语全国二卷,3,1
2026英语八省联考试卷,3,1
2026英语川师附中,1,1
2026英语川师附中成都,1,1
2026英语川师附九年级,1,1
2026英语师一,1,1
2026英语成都二诊,1,1
2026英语成都二诊九下,2,1
2026英语成都川附,2,1
2026英语河北联考试卷,1,1
2026英语盐道街,4,1
2026英语素材,3,1
2026英语考前成外,1,1
2026英语考前成都九下,1,1
2026英语西川中学九下,1,1
2026英语锦城一中,1,1
2026英语锦城一中九年级,1,1
2026英语锦城一中模拟,1,1
2026英语青羊实验,1,1
2026英语青羊实验九下,1,1
2026英语高一上学期河北试卷,1,1
2026英语高一河北试卷,1,1
2026英语高二期末,1,1
2026英语高二期末烟台,1,1
2026英语高二期末英语,1,1
2026英语高考2卷听力,1,1
2026英语高考二卷,4,1
2026茂名一模,1,1
2026荆州中考试卷,9,1
2026荔湾区八上期末考数学卷,1,1
2026菏泽一模历史,2,1
2026菏泽一模地理,3,1
2026菏泽一模政治,2,1
2026菏泽一模英语高三,2,1
2026菏泽一模语文,1,1
2026菏泽一模语文高三,2,1
2026菏泽市高一下学期化学期末考试期末,2,1
2026菏泽期末高二,1,1
2026虹口语文一摸,1,1
2026虹口语文高三一模,2,1
2026蚌埠市高二下学期期末考试数学,3,1
2026蚌埠市高二下学期期末考试物理,2,1
2026蚌埠市高二下学期期末考试英语,1,1
2026衡水金卷先享题调研卷  思想政治练习册卷(1一6套)GD版,2,1
2026衡水金卷先享题调研卷 思想政治练习册卷 1一6套 GD版,1,1
2026衡水金卷数学,1,1
2026衡水金卷高一期中历史,20,1
2026衡水金卷高一期中地理,7,1
2026衡水金卷高一期历史,2,1
2026西宁中考,1,1
2026西工大五模英语音频听力。,4,1
2026西师版五下数学暑假作业40天每日一练,1,1
2026西藏拉萨市普通高中期末联考卷,1,1
2026西藏拉萨市普通高中联考卷,2,1
2026西藏拉萨市普通高中高一下学期化学期末联考卷,1,1
2026西藏拉萨市普通高中高一下学期生物期末联考卷,2,1
2026许昌高一下物理期未试卷,3,1
2026语文Ⅰ卷,5,1
2026语文中考深圳真题,4,1
2026语文二卷,1,1
2026语文二模,4,1
2026语文全国二卷,5,1
2026语文全国高考真题卷二卷,2,1
2026语文北京卷,4,1
2026语文模拟,3,1
2026贵州省高考试卷,1,1
2026贵州高考化学卷,6,1
2026贵州高考数学,1,1
2026贵港高一生物试卷,4,1
2026贵阳中考,1,1
2026贵阳中考语文真题,1,1
2026资阳期末英语,1,1
2026越秀区高一期末数学考试,2,1
2026越秀区高一期末考试,3,1
2026越秀区高一期末语文考试,2,1
2026辽宁,4,1
2026辽宁一模,6,1
2026辽宁中考数学,1,1
2026辽宁中考英语,2,1
2026辽宁中考英语真题,3,1
2026辽宁教版初二语文期末卷子,1,1
2026辽宁生物中考卷,3,1
2026辽宁省中考,1,1
2026辽宁省中考语文,5,1
2026辽宁辽阳一模语文,6,1
2026辽宁高中一模,17,1
2026辽宁高考物理,3,1
2026连云港中考,6,1
2026通州高一下期末英语,6,1
2026遂宁语文中考试题,1,1
2026邢台市高二下学期,4,1
2026郑州高一上期末物理,7,1
2026郑州高一下期末考试,6,1
2026鄂东南高一下学期数学试卷,1,1
2026重庆中考,9,1
2026重庆中考数学试卷,1,1
2026重庆中考真题,7,1
2026重庆八中高一期末,3,1
2026重庆市一诊,1,1
2026重庆市高三一诊,3,1
2026重庆政治高考卷,3,1
2026重庆检测,3,1
2026重庆沙坪坝区八上数学期末,2,1
2026重庆高考,3,1
2026重庆高考卷,4,1
2026金太阳试卷初二,1,1
2026金太阳试卷初高衔接,1,1
2026金考卷百校联盟高考抢分卷,1,1
2026金考卷百校联盟高考抢分卷语文,5,1
2026钦州市高三一模化学,6,1
2026铜仁市期末考试高一下,1,1
2026铜仁市期末考试高二上,16,1
2026铜仁市期末考试高二下,4,1
2026长春地生中考,6,1
2026长春市中考一模,6,1
2026长春市中考一模二模卷,3,1
2026长沙中考,2,1
2026长沙中考数学,3,1
2026长沙中考真题,1,1
2026长沙中考英语,1,1
2026长沙中考语文试卷,4,1
2026长沙市中考试卷,1,1
2026长沙市中考语文试卷,6,1
2026长沙市高三模拟,7,1
2026长沙高三模拟,1,1
2026长郡高一月考,1,1
2026门头沟数学八下期末试卷,5,1
2026闵行语文高三一模,3,1
2026陕晋宁青高考政治卷,3,1
2026陕晋青宁卷历史高考真题,1,1
2026陕晋青宁卷地理,3,1
2026陕晋青宁物理卷,6,1
2026陕晋青宁高考生物,3,1
2026陕甘宁生物高考真题,6,1
2026陕甘宁轻化学卷,3,1
2026陕西省衡水联考高三上12月模拟预测英语试题,3,1
2026陕西高考物理,1,1
2026陕西高考真题,1,1
2026雅礼高一第一学期入学考试,3,1
2026青岛一模,4,1
2026青岛中考,4,1
2026青岛中考数学试卷题,1,1
2026青岛中考英语真题,31,1
2026青岛二中高三二模,3,1
2026青岛二中高三第二次适应性检测,8,1
2026青岛初一数学上册期中试卷,1,1
2026青岛初一数学上册期中试卷，西海岸新区,6,1
2026青岛化学开学考,1,1
2026青岛英语一模,1,1
2026青岛英语一模高中,4,1
2026青岛语文三模,4,1
2026青岛高二下期中考试生物,6,1
2026青岛高二期中考试生物,3,1
2026青岛高二期末物理,3,1
2026青岛高二期末英语,6,1
2026青岛高考化学一模,34,1
2026青海省中考化学试卷,6,1
2026青海省中考试卷,16,1
2026静安数学一模,2,1
2026鞍山数学一模,1,1
2026首考,1,1
2026首考英语,7,1
2026高一上学期石家庄期中化学,3,1
2026高一上学期石家庄期中数学,3,1
2026高一上学期第一次生物湖南长沙月考,2,1
2026高一上河南省青铜名大联考数学试卷,12,1
2026高一下学期深圳,16,1
2026高一全市联考,4,1
2026高一化学月考试卷,12,1
2026高一化学第一次月考试卷,14,1
2026高一合格性考试,1,1
2026高一山东德州期末考试题数学,7,1
2026高一开学分班学情自测卷,3,1
2026高一开学分班学情自测卷英语,7,1
2026高一数学上学期北京大兴,2,1
2026高一数学上学期北京大兴期中,3,1
2026高一数学北京大兴,5,1
2026高一数学第一次月考试卷,2,1
2026高一期末数学,1,1
2026高一物理月考试卷,3,1
2026高一物理第一次月考试卷,1,1
2026高一英语第一次月考试卷,15,1
2026高一语文第一次月考试卷,7,1
2026高三,22,1
2026高三一模考试徐州,2,1
2026高三一模考试徐州英语,1,1
2026高三下学期四月浙江物理,1,1
2026高三化学上海模考 是盐类水解,5,1
2026高三四省,9,1
2026高三四省南,4,1
2026高三广州,3,1
2026高三广州市调研,1,1
2026高三开学,2,1
2026高三开学考陕西,8,1
2026高三武汉二调数学,3,1
2026高三物理模拟,4,1
2026高三秋季开学考,22,1
2026高三综合卷数学,5,1
2026高三语文二模,1,1
2026高中生物知识点总结,4,1
2026高二下学期期末考试,1,1
2026高二暑假数学精选卷（1）,1,1
2026高二期末英语 深圳,7,1
2026高二杭州市统测,1,1
2026高二杭州市统测英语,1,1
2026高二聊城期末生物,6,1
2026高二藏语文试题,1,1
2026高考m,1,1
2026高考一轮复习讲练山东2026高考一轮复习讲练测测,1,1
2026高考一轮复习讲练测,5,1
2026高考全国 一卷 1卷 物理,2,1
2026高考全国一卷,1,1
2026高考全国二卷,4,1
2026高考全国二卷物理,3,1
2026高考全国二卷答案,1,1
2026高考全国二卷语文,1,1
2026高考全国卷,4,1
2026高考化学仪器名称书写,4,1
2026高考化学北京卷,1,1
2026高考化学卷,7,1
2026高考化学真题,4,1
2026高考北京数学卷,8,1
2026高考卷,2,1
2026高考卷化学,1,1
2026高考卷语文,1,1
2026高考历史卷,1,1
2026高考历史湖北真题卷,1,1
2026高考历史湖南,1,1
2026高考历史真题,1,1
2026高考四川卷地理。,3,1
2026高考地理山东卷,1,1
2026高考地理湖北,1,1
2026高考地理真题四川,2,1
2026高考地理真题海南,5,1
2026高考地理真题甘肃,2,1
2026高考地理真题贵州,2,1
2026高考地理真题重庆,4,1
2026高考地理辽宁卷,3,1
2026高考天津卷子,9,1
2026高考山东生物卷,1,1
2026高考政治,1,1
2026高考政治真题新疆,1,1
2026高考数学北京卷,3,1
2026高考数学卷,1,1
2026高考江苏地理试卷,1,1
2026高考河南化学,1,1
2026高考浙江,1,1
2026高考物理北京,2,1
2026高考物理广西,3,1
2026高考物理真题贵州,7,1
2026高考物理福建省,4,1
2026高考生物,2,1
2026高考真题 物理,2,1
2026高考真题物理,4,1
2026高考真题语文答案,2,1
2026高考第三次模拟考试上海卷,14,1
2026高考英语一卷,3,1
2026高考英语二卷,1,1
2026高考英语全国二卷,1,1
2026高考英语全国甲卷,1,1
2026高考英语卷,2,1
2026高考英语听力及音频,4,1
2026高考英语浙江,1,1
2026高考英语试卷,3,1
2026高考试卷二次开发卷,1,1
2026高考试卷江苏,1,1
2026高考语文2卷,1,1
2026高考语文上海,6,1
2026高考语文范文,3,1
2026高考语文试卷,3,1
2026高考语文语言文字运用板块复习,4,1
2026高考重庆卷,16,1
2026高考重庆物理,2,1
2026鲁教版五四制八年级上册全册高清电子课本,3,1
2026鲁教版五四制八年级上册数学全册高清电子课本,9,1
2026黄冈高一期末考试,1,1
2026黄冈高二期末,4,1
2026黄浦区高三一模数学敬业中学,3,1
2026黑吉辽九师联盟高一下学期英语期末考试,4,1
2026黑吉辽化学,1,1
2026黑吉辽蒙政治高考,5,1
2026黑吉辽蒙高考地理,2,1
2026黑龙江会考地理,1,1
2026黑龙江大庆中考英语,6,1
2026黑龙江大庆中考英语试卷,1,1
2026黑龙江省a卷高考,2,1
2026黑龙江省普通高等学校招生选择性考试,1,1
2026黑龙江省高考历史,2,1
2026黑龙江高考,1,1
2026黑龙江高考政治,1,1
2026黑龙江鹤岗高一上测试卷,8,1
2026黔南中考语文真题,1,1
2026鼓楼二模南京,10,1
2026龙东地区高考数学真题,1,1
2026龙泉杯,1,1
2026，7月贵港高一下册期末生物试卷,2,1
2026，人教版，九年级上册道法,2,1
2026，山东青岛中考数学试卷,1,1
2026－2027学年人教版第一学期九年级数学暑假检测卷,1,1
2026－2027学年人教版第一学期九年级数学暑假检测卷25－27章,1,1
2026～2027年青岛市市北区小学毕业考试数学,4,1
2027 2027高三一轮生物,2,1
2027 2027高三一轮生物河北,1,1
2027 2027高三一轮英语,1,1
2027 2027高三一轮英语全国二卷,3,1
2027 2027高三数学第四单元,1,1
2027 优化探究 高考总复习 数学 课时作业,4,1
2027 导与练 历史 广西 教师用书,2,1
2027 年高考化学一轮复习月度滚动测试,3,1
2027 步步高大一轮复习讲义 数学 答案,1,1
20279济宁市实验中学高三语文模拟试题10,3,1
2027一轮复习生物,3,1
2027中考,14,1
2027中考复习,1,1
2027全国高考二卷创新卷,1,1
2027创新设计高考总复习语文部编版,3,1
2027南明区,1,1
2027吉林市实验中学高三语文,3,1
2027吉林市实验中学高三语文模拟试题10,8,1
2027名师对话高三大一统复习,3,1
2027名师对话高三大一统复习生物,1,1
2027名校名卷高一数学必修一,1,1
2027和平区九年级第一学期期中考试•,12,1
2027届南通市地生中考,4,1
2027届吉林市实验中学高三模拟卷,6,1
2027届吉林市实验中学高三模拟卷语文,7,1
2027届外研版高三英语一轮复习试题,1,1
2027届高一下七校联盟化学,6,1
2027届高三一轮复习回归教材版讲义,1,1
2027届高三一轮复习物理限时练02：运动图像 追及相遇问题,6,1
2027届高三一轮复习立体几何回归教材版讲义,4,1
2027届高三上学期开学考试英语学科,1,1
2027届高三作文专练,4,1
2027届高三化学一轮复习,1,1
2027届高三化学一轮复习第1讲物质的组 成、性质及分类复习目标思维导图易错提 炼,15,1
2027届高三单元定向检测卷,1,1
2027届高三定向检测卷,4,1
2027届高三开学模拟测试（四）,13,1
2027届高三英语一轮复习,17,1
2027届高三英语一轮复习模拟卷（三）,8,1
2027届高三英语人教版全单元词汇双用,2,1
2027届高三语文作文专练,5,1
2027届高中毕业班摸底调查,1,1
2027届高中毕业班摸底调查 数学,3,1
2027届高二年级下学期期中考试,20,1
2027届高考政治,2,1
2027届高考数学模拟,4,1
2027届高考物理前冲刺一必背知识点,16,1
2027届高考物理必背知识点,2,1
2027届高考英语高频700词汇:原词+拓展词+默写版+高考题碎片化记忆,3,1
2027年,2,1
2027年初中学水平考试地理,6,1
2027年步步高,1,1
2027年步步高大一轮数学江苏专版,9,1
2027年步步高大一轮数学江苏专版电子版,1,1
2027年浙江省高考第一次模拟考试,3,1
2027年浙江省高考第一次模拟考试英语,4,1
2027年英语高考一轮复习培优收官检测卷全国二卷,4,1
2027年高考一轮复习培优收官卷全国一卷,11,1
2027年高考化学一轮复习讲练测,1,1
2027年高考化学一轮复习讲练测物质的分类及其转化,3,1
2027年高考数学一轮复习：考点考法大通关（全国I卷）,6,1
2027年高考第一次模拟考试,2,1
2027年高考英文复习评优所贯穿全部一卷,1,1
2027年高考英语一轮全国一卷,3,1
2027年高考英语一轮复习培优收官卷 全国一卷,3,1
2027年高考英语一轮复习培优阶段性检测卷（全国二卷02,5,1
2027年高考英语一轮复习知识清单,5,1
2027广州高三9月开学,1,1
2027成都七中零诊,1,1
2027成都市高三摸底考试,3,1
2027数学高考应用题预测,3,1
2027新高考全科一轮复习知识点大全（9科完整版PDF,5,1
2027步步高大一轮复习讲义英语话题版听力,3,1
2027步步高数学大一轮,5,1
2027步步高数学大一轮 新高考人教A,4,1
2027武汉高三四月供题训练英语,3,1
2027武汉高三英语,1,1
2027江苏 南方凤凰台5A新考案物理基础版 第1-3章,8,1
2027江苏省高考英语第一次模拟测试,8,1
2027江苏省高考英语第一次模拟考试,8,1
2027江西高考,11,1
2027河南地理天一开学考上学期,1,1
2027版红对勾数学,5,1
2027版高考地理大一轮总复习,3,1
2027级物理,1,1
2027级生物,3,1
2027自主学习能力测评导与练 高考总复习 历史,2,1
2027重庆一中高一月考,1,1
2027金榜宛步步高大一轮复习72练高中语文,7,1
2027金榜苑《步步高大一轮复习·语文72练》答案,4,1
2027金考卷。,1,1
2027高三一轮历史,1,1
2027高三一轮生物河北,6,1
2027高考一轮英语培优,2,1
2027高考化学一轮复习月度滚动测试1,4,1
2027高考地理,1,1
2027高考总复习优化方案物理,7,1
2027高考英语介词专项训练,3,1
2027高考英语大一轮复习讲义译林版主题写作答案,3,1
2027高考英语阅读理解,4,1
2027高考语文语言文字运用板块复习,1,1
2027高考调研复习讲义答案是,4,1
2027高考调研我们习讲义我么答案我是,1,1
2027高考调研高考总复习讲义,1,1
2028届普通高等学校全国统一考试青桐鸣大联考（高一）,3,1
2028年1月浙江首考,1,1
2028级,1,1
2028级生物,7,1
2028高考历史专项练,2,1
2029,1,1
202六安徽省生物高考,1,1
202年8月a10联盟安徽省开学考试,3,1
202年8月a10联盟安徽省开学考试生物,2,1
202年山东菏泽市中考一模地理试卷,1,1
20中学,1,1
20中学开学考,1,1
20二一届答高中秋季通川区小学六年级半期检测,2,1
20二一届达高中秋季通川区小学六年级半期检测,9,1
20二五届益阳市数学联考试卷,2,1
20二五届高三，生物五本课本课本黑体字，汇总,4,1
20二六届广东深圳市盐田高级中学,3,1
20二六届江西吉安市第一中学高三下学期全真模拟一物理试题,1,1
20二六届浙江省绍兴市诸暨市高三下学期二模物理试题,1,1
20二六届高三年级化学学科试卷,1,1
20二四届高三南京市盐城市一模,2,1
20分钟6山东省济宁市汶上县中考真题化学,2,1
20天背完高考英语1000高频,3,1
20年,3,1
20年全国二卷,4,1
20年甘肃生物卷,1,1
20篇语篇填空,5,1
21 《庄子》二则,2,1
21 《庄子》二则翻译,3,1
21.1~221.4数学,1,1
21.1南京国民政府的统治,1,1
21世纪出版,1,1
21世纪教育网,1,1
21年1卷 高考卷数学,5,1
21年四川普高单招英语试卷,4,1
21年山东模拟,8,1
21年山东生物,1,1
21年广东省普通高中学业水平选择性考试,1,1
21年物理中考,5,1
21年生物高考卷,2,1
21年生物高考卷新一卷,4,1
21年语文高考全国一卷,4,1
22,1,1
22-23辽宁省实验五校联考数学期末高二下,4,1
226临沂高考一模,5,1
22中,2,1
22年全国一卷英语,3,1
22年全国中学生物理竞赛预赛,2,1
22年理科数学,1,1
22年重庆高一英语康德卷,2,1
22年青岛高三期初地理,5,1
22年高三期初地理,1,1
22题,1,1
22高考,1,1
22高考一卷,1,1
23 年四省联考,1,1
23-14海珠七下数学,7,1
23-14花都七下数学,2,1
23-14荔湾七下数学,3,1
23-14越秀七下数学,2,1
23-14黄埔七下数学,3,1
23-24九年级上册物理四川宜宾期中,4,1
23-24北京通州期末考数学,7,1
23-24年厦门湖滨中学七年级上,1,1
23-24扬州中学高二上学期期中卷,3,1
23cpho,2,1
23cpho物理竞赛,8,1
23p3348134,5,1
23中,1,1
23中26年初二期末试卷语文,2,1
23到24学年第二学期台州期末卷高二英语,12,1
23年,1,1
23年Cpho预赛,13,1
23年一卷,2,1
23年全国一卷语文,7,1
23年全国中学生物理竞赛预赛,3,1
23年宁波一模物理,1,1
23年数学高考,1,1
23年新高考一卷数学,1,1
23年温州高一下语文检测,7,1
23年英语卷,1,1
24 05 578A,1,1
24* 他们那时候多有趣啊/阿西莫夫,1,1
24* 邹忌讽齐王纳谏/《战国策》,1,1
24-25九上大连沙河口期中物理,6,1
24-25呼和浩特八下数学,8,1
24-25天津新华高一上第一次月考英语,3,1
24-25武汉江汉区八下数学期末卷,3,1
24-25沈北物理期末八下,6,1
24全国一卷英语,1,1
24到25年的雅安中学期中,2,1
24和平一模,1,1
24学年上海长宁区初中数学一模,1,1
24学年第一学期杭州北斗联盟期中联考,3,1
24年 1卷 高考卷 数学,1,1
24年一模物理宝山,3,1
24年二模化学嘉定,2,1
24年二模化学奉贤,2,1
24年二模化学崇明,2,1
24年二模化学松江,3,1
24年二模化学金山,3,1
24年二模化学长宁,3,1
24年二模化学闵行,2,1
24年二模化学青浦,2,1
24年二模物理嘉定,2,1
24年二模物理宝山,3,1
24年二模物理崇明,4,1
24年云南省中考数学,1,1
24年全国一卷,6,1
24年内蒙物理,10,1
24年北京卷生物,2,1
24年数学中考,3,1
24年新高考一卷 英语,1,1
24年新高考一卷英语,1,1
24年新高考一卷英语听力,1,1
24年新高考二建,1,1
24年济南开学考高三,12,1
24年浙江一模,6,1
24年物理湖南,5,1
24年珠海市香洲区期末,1,1
24年甘肃卷数学,2,1
24年重庆高一下英语康德卷,1,1
24年青岛三模化学,5,1
24数学一模,25,1
24数学新一卷,1,1
24杨浦一模,3,1
24语文新高考一卷,2,1
24青浦一模,3,1
24高考二卷语文,4,1
24高考英语全国一卷,2,1
24高考英语新高考一卷,2,1
25 广西高考卷,1,1
25-26九年级上.江苏扬州月考,1,1
25-26九年级上安徽宿州月考,30,1
25-26九年级上江苏苏州语文期中考试,13,1
25-26九年级上河南平顶山期中语文,8,1
25-26九年级上湖南长沙语文期中考试,16,1
25-26九年级上语文.江苏扬州月考,9,1
25-26九年级上语文河南平顶山期中,3,1
25-26九年级上重庆沙坪坝语文月考,9,1
25-26于洪物理期末八下,1,1
25-26天津市重点校联考,10,1
25-26天津杨村一中英语高一上第一次月考,2,1
25-26天津杨村一中高一上第一次月考,5,1
25-26天津杨村一中高一上英语第一次月考,1,1
25-26惠州市高二下英语期末,1,1
25-26滨州市数学八上期末,6,1
25-26滨州市邹平市数学八上期末,1,1
25-26滨州市阳信县数学,12,1
25-26滨州市阳信县数学八上期末,4,1
25-26烟台高三上学期化学期中,1,1
25-26烟台高二下学期语文期末,1,1
25-26英语,1,1
25-26高一下浙江衢州,1,1
2506暑假作业答案,4,1
2526东北师大附中高一下期末物理,9,1
25中,3,1
25中学,1,1
25九上大连沙河口期中,1,1
25九上大连沙河口期中物理,1,1
25全国1卷,3,1
25全国高中数学联赛初赛,1,1
25全国高中数学联赛复赛,4,1
25到26年高二下期中数学福建莆田,2,1
25四川高考生物,1,1
25届一轮联考,19,1
25届上海长宁区初中数学一模,3,1
25届嘉定区初中数学一模,3,1
25届奉贤区初中数学一模,4,1
25届宝山区初中数学一模,5,1
25届崇明区初中数学一模,3,1
25届徐汇区初中数学一模,3,1
25届普陀区初中数学一模,3,1
25届杨浦区初中数学一模,3,1
25届松江区初中数学一模,3,1
25届浦东初中数学一模,1,1
25届浦东区初中数学一模,1,1
25届浦东新区初中数学一模,1,1
25届福州一中8月开门卷,2,1
25届虹口区初中数学一模,3,1
25届金山区初中数学一模,3,1
25届长宁区初中数学一模,1,1
25届闵行区初中数学一模,4,1
25届青浦区初中数学一模,3,1
25届静安区初中数学一模,3,1
25届黄浦区初中数学一模,3,1
25山东高考生物,2,1
25年 1卷 高考 数学,3,1
25年一卷,1,1
25年一卷英语,2,1
25年七年级下册郴州市统考,2,1
25年七月高一下学期济南期中生物,1,1
25年七月高二下学期济南期末英语,1,1
25年中考数学,4,1
25年中考数学河北,3,1
25年九年数学动点,7,1
25年二检,5,1
25年二模 生物,1,1
25年云南省中考数学,3,1
25年人大附开学考,1,1
25年全国1卷高考语文,4,1
25年八省联考数学,2,1
25年北京卷,1,1
25年北京卷高考真题,1,1
25年北京卷高考真题语文,1,1
25年南开英语天津高三二模,4,1
25年和平区英语,1,1
25年和平区英语天津,1,1
25年和平区英语天津高三一模,3,1
25年唐山9月份开学联考,1,1
25年地理,1,1
25年地理安徽,1,1
25年地理安徽中考,2,1
25年安中考,2,1
25年宝山区初中数学一模,3,1
25年宝山区数学一模,1,1
25年宿迁初一上册数学期中试卷,1,1
25年宿迁初一上册物理月考试卷,13,1
25年宿迁初一上册物理期中试卷,8,1
25年宿迁初三上册化学,11,1
25年宿迁初三上册化学月考试卷,6,1
25年宿迁初三上册数学期中试卷,3,1
25年数学新一卷,5,1
25年新高考一卷数学,5,1
25年新高考全国1卷,3,1
25年武汉二调,7,1
25年河北真题中考,2,1
25年河西英语天津高三二模,3,1
25年淄博高二其中化学,1,1
25年淄博高二期中化学,1,1
25年淄博高二第一学期期中化学,3,1
25年淄博高二第一学期期末化学,2,1
25年淄博高二第一学期期末数学,3,1
25年湖南怀化市会同县高一入学考试卷,26,1
25年湖南高考假,2,1
25年滕州初一上册期中地理,4,1
25年物理广东,2,1
25年物理广东高考,1,1
25年物理河北真题中考,3,1
25年甘肃生物卷,4,1
25年甘肃省一,1,1
25年甘肃省一zheng,6,1
25年生物高考试卷,1,1
25年石家庄二中高二上期中考试,1,1
25年福州一检,1,1
25年福州市第1次市质检,1,1
25年福州市第1次质检,1,1
25年福州市高三第1次市质检化学,5,1
25年福建数学中考卷,6,1
25年重庆高一下英语康德卷,2,1
25年长郡中学期中考试,1,1
25年陕西数学中考,1,1
25年陕西数学中考卷子,1,1
25年高二期中物理卷,2,1
25年高二第一次月考物理卷,14,1
25年高考,2,1
25年高考全国2卷答题卡,6,1
25广州化学高考,1,1
25新课标一卷数学,3,1
25泰安高三期中物理,7,1
25浙江英语,1,1
25浙江英语高考,7,1
25温州期中,4,1
25真光七年级英语12月,5,1
25真光七年级语文10月,4,1
25荔湾数学七上,1,1
25荔湾数学七上期末,6,1
25高考,6,1
25高考英语,6,1
25高考英语2卷,1,1
26,1,1
26 06月高考卷,2,1
26 个英文单个字母,3,1
26 出师表/诸葛亮,1,1
26 广西高考卷,1,1
26 英语二卷,3,1
26 高考1卷数学,6,1
26 高考2卷数学,5,1
26-27九年级上．全国课后作业,3,1
26-27初二下册数学期末考试广东省汕头市澄海区,3,1
26-L659-B,1,1
26.5山东济南高三三模英语,1,1
2626-2027学年第二学期北师大版数学期末质量检测,75,1
26上海一模,1,1
26上海一模数学,1,1
26东西湖八上期末卷文言文,6,1
26东西湖八下期中卷文言文,3,1
26中,1,1
26全国1卷,3,1
26全国2卷,1,1
26全国高中数学联赛复赛,1,1
26八下期末,4,1
26初二下册政治期末考试广东省汕头市澄海区,1,1
26初二下册数学期末考试广东省汕头市澄海区,1,1
26四校自招,3,1
26届中考河北,6,1
26届物理,3,1
26山东高考生物,1,1
26年 1卷 高考数学,3,1
26年 2卷 高考英语,4,1
26年1月重庆八中高三月考英语,5,1
26年3月巴蜀中学高三英语月考,6,1
26年6月浙南名校联盟期末质检高二英语试题,5,1
26年一模化学闵行,6,1
26年上海语文卷,1,1
26年中考数学,1,1
26年中考数学河北卷,3,1
26年中考语文卷,1,1
26年丹东市地生中考试卷,3,1
26年二模化学奉贤,2,1
26年二模化学普陀,2,1
26年二模化学浦东,2,1
26年二模化学金山,3,1
26年二模化学长宁,2,1
26年二模化学青浦,2,1
26年云南数学真题卷,5,1
26年云南数学真题卷高考,1,1
26年全国二卷数学,1,1
26年全国英语预测卷,5,1
26年北京中考英语,1,1
26年北京朝阳一模英语,4,1
26年四川巴中中考原卷,1,1
26年四川巴中市化学中考原卷,2,1
26年四川巴中市南江县中考原卷,2,1
26年四川巴中市物理中考原卷,6,1
26年四川预赛,2,1
26年四川高考地理,2,1
26年山东省各地市化学模拟题反应原理,1,1
26年山东省各地市模拟题化学反应原理,2,1
26年山东省实验中学高考地理模拟卷,1,1
26年山东省高中各地市化学模拟题反应原理,1,1
26年山东省高考化学,1,1
26年广东化学一模,5,1
26年广东春季高考数学,1,1
26年德州中考英语真题,1,1
26年政治山东高考真题,1,1
26年政治期末,1,1
26年数学新高考二卷,4,1
26年新课标二高考卷,1,1
26年新课标二高考卷语文,2,1
26年新高考语文全国一卷,1,1
26年江苏宿迁中考试卷,1,1
26年江苏高一生物期末,14,1
26年河北中考数学,1,1
26年河北高考卷,5,1
26年浙江首考,1,1
26年深圳生地会考试题,1,1
26年湖南怀化市入学考试,1,1
26年福建中考语文卷,4,1
26年福建高考历史,1,1
26年英语试卷河北,1,1
26年英语试卷河省,1,1
26年贵州中考数学,1,1
26年辽吉黑内蒙,6,1
26年辽宁中考英语,1,1
26年连州八下数学,2,1
26年重庆物理高考卷,2,1
26年重庆生物高考卷,5,1
26年重庆高考卷,1,1
26年长春语文中考真题卷,1,1
26年青岛高三一模政治,4,1
26年驻马店教研,1,1
26年高一生物期末,1,1
26年高考1卷数学,3,1
26年高考2卷数学,2,1
26年高考化学卷子,2,1
26年高考卷,2,1
26年高考卷子全国二卷化学物理生物,1,1
26年高考卷贵州,1,1
26年高考卷贵州真题,1,1
26年高考天津真题,3,1
26年高考湖北地理卷子,4,1
26年高考湖南物理卷,3,1
26年高考真题卷,1,1
26年，河北省中考英语试卷,7,1
26数学奥林匹克高中联赛复赛,1,1
26数学奥林匹克高联,1,1
26数学江苏,1,1
26数学江苏高考,1,1
26数学高联,1,1
26日语高考真题,1,1
26梧州高二期末数学试卷,5,1
26武汉中考,1,1
26江苏高 一 下学期期末生物,5,1
26河北高考数学,3,1
26浙江数学夏令营,3,1
26浙江数学夏令营测试题,1,1
26物理江苏,1,1
26考研政治真题卷,1,1
26陕西政治高考,1,1
26青山八上期末卷文言文,6,1
26青岛中考英语,2,1
26高考,3,1
26高考数学,5,1
26高考数学试卷,1,1
26高考数学试卷2卷,1,1
26高考物理真题,2,1
26高考英语,1,1
26高考英语全国一卷,3,1
26高考英语单词,6,1
26高考英语新高考一卷,1,1
26高考语文试卷,1,1
27-T-005C,1,1
27届圆创,1,1
27届高考答题模板语文,5,1
27年中考样卷,1,1
2826福建中考英语,1,1
28天分类词汇正文,5,1
29120450,3,1
2924北京朝阳高三上期中地理,1,1
2926年八年级下数学虹口区统考卷,1,1
2万5千里等于多少公里,1,1
2元一次方程,3,1
2元一次方程与一次函数的图像,1,1
2元一次方程组a卷提升卷,1,1
2元一次方程组a卷提升卷第10章,1,1
2反比例函数,2,1
2年级倍数相关训练题,6,1
2年级数学期末考试题,1,1
2年纪倍数相关,1,1
2正比例函数,1,1
2河南中考,1,1
2热机效率,3,1
2热机效率人教版,2,1
2福州一中8月开门卷,1,1
2级结论,3,1
2高考,1,1
3 上好课交互,2,1
3 代数式的值,7,1
3 大气压强,3,1
3 完全平方公式与平方差公式,1,1
3 比热容,1,1
3 比热容练习题,6,1
3 珍珠鸟,5,1
3 电路的连接,6,1
3 磁场对通电导线的作用,1,1
3 诱导公式,16,1
3 静电场 电场强度和电场线,8,1
3+2,3,1
3. 2 026 届广东深圳市高三年级第一次调研考试数学试 题 （ 2026 深圳一模）,2,1
3. 2025-2026 学年度深圳外国语学校高三上学期阶段性考试英语试题,1,1
3. 匀变速直线运动位移与时间的关系,2,1
3. 匀变速直线运动位移与时间的关系练习题,4,1
3. 变压器,5,1
3. 波的反射、折射和衍射,3,1
3. 波的多解问题,2,1
3. 热力学第二定律,5,1
3. 热力学第二定律-重难点,1,1
3. 电势差与电场强度的关系,6,1
3. 电场 电场强度课后练习,6,1
3. 解方程,4,1
3.1  圆的相关概念(2),3,1
3.1 一元二次方程实际应用（上）,1,1
3.1 乘方,3,1
3.1 全等三角形的判定,8,1
3.1 函数关系的建立,2,1
3.1 向量基本定理,2,1
3.1 解一元一次不等式,6,1
3.1.1 椭圆的标准方程,1,1
3.1.1 椭圆的标准方程（精讲）,18,1
3.1.1抛物线的定义,1,1
3.1温度,1,1
3.2 DNA的结构分层作业基础巩固加能力提升加拓展培优三维训练,5,1
3.2 匀速直线运动与平均速度,1,1
3.2.2 函数的奇偶性,3,1
3.2半角公式,2,1
3.2带电粒子在磁场中运动的多解问题、动态圆,11,1
3.2（1）弱电解质的电离平衡,5,1
3.2（3）醛类与酮,2,1
3.4离子反应同步练,4,1
3.5 圆锥曲线的应用,1,1
3. 晋江一中、侨中七年级上册期中联考数学卷（摸清本校出题风格）,3,1
3.列方程解决实际问题,6,1
3024到二五学年第二学期高一化学试卷卷期末,10,1
3026英语初三杨浦一模,5,1
30天掌握高考诗歌鉴赏答题术语小纸条,4,1
3100词 2025年新课程标准,2,1
32.1 随机事件与概率,2,1
324%12,1,1
33067264,1,1
3500 单词,1,1
3500 单词背诵,1,1
3500 单词背诵 高中,2,1
3500 词汇背诵,7,1
3500 词汇背诵版检测版,4,1
3500 词汇自测,8,1
3500 词汇自测  SECTION 31 plastic~prepare,5,1
3500字,2,1
3500词汇各种题型专练,4,1
3500词汇自测,4,1
35466139,2,1
35天全面突破高考英语3500词考官核心高频词,4,1
3686591,2,1
3700词,1,1
37662755,1,1
37届化学竞赛初赛试题,11,1
38中学25到26学年度第一学期期中考试高一数学测试卷,1,1
39_届Cpho复赛,10,1
39届全国中学生物理竞赛,11,1
3S技术,1,1
3变压器,1,1
3年级练习题,5,1
3年高考2年模拟 电子版2027,5,1
3点共线,4,1
4 冀中的地道战,2,1
4 古代诗歌四首,2,1
4 向量的应用,2,1
4 机械效率,3,1
4 焦耳定律,2,1
4. 串联电路和并联电路的画图题,5,1
4. 加速度,4,1
4. 单摆,1,1
4. 河南高二选择性必修一 北师大版 联考真题,1,1
4. 波的干涉,1,1
4. 电容器的电容,3,1
4.(2025白云区)如图是由小正方形组成的网格，△ABC的三个顶点A，B，C都在小正方形的顶点上，则△ABC是 ______ 三角形.,4,1
4.2 质量守恒定律,3,1
4.2在实践中追求和发展真理同步练习,2,1
4.3牛顿第二定律,2,1
4.4.2 对数函数的图象与性质 微专题难点训练 高一上 人教A版,9,1
4.5 函数模型及其应用,3,1
4. 数学隐圆模型 定点定长 定弦定角 四点共圆 讲义,3,1
4. 隐圆模型 定点定长 定弦定角 四点共圆 讲义,1,1
4.不规则图形的面积,3,1
4.亿以上数的认识与读写,1,1
4.光,5,1
4.光人教版,1,1
4.初中 数学隐圆模型 定点定长 定弦定角 四点共圆 讲义,2,1
4.电容,1,1
40 篇短文3500词高考单词,4,1
40008619,8,1
40008620,1,1
40101439,4,1
40140780,3,1
40358694,3,1
40中学石家庄市,1,1
40中学石家庄市数学二模,3,1
40届全国中学生物理竞赛,4,1
41届全国中学生物理竞赛,10,1
43中期中数学,1,1
4500,1,1
45697297,4,1
45中,1,1
45中英语新初一分班考试卷,1,1
46779941,3,1
47561596_59028068,1,1
4756159_59028068,1,1
49142652,1,1
49中,3,1
4上计算,3,1
4年级上册作文,1,1
4年级下册数学期末试卷,2,1
4年级下册数学青岛版脱试计算题,4,1
4年级奥数,7,1
4年级算角,4,1
4年级角的长短,8,1
4月辽宁高中二模,10,1
4月辽宁高中月考,25,1
4月辽宁高中模拟,22,1
5 6的乘法口诀,6,1
5 6的乘法口诀-【黄冈名师·天天练】 2025-2026 学年新教材二年级上册数学（青岛版2024,5,1
5 二次函数的应用,1,1
5 狼牙山五壮士,2,1
5.1 二次函数实际应用,5,1
5.1 杨辉三角形和二项式定理,1,1
5.1.2倍角公式,1,1
5.21次函数的概念。,2,1
5.2一次函数的概念,2,1
5.2速度专题训练十大题型,2,1
5.3 反比例函数的应用,1,1
5.3 生殖器官的生长,5,1
5.3（3）原电池的应用及电解池,3,1
50中东校八上期中数学,1,1
52274327,2,1
52511419,1,1
53 2025版语文,1,1
532026年版,2,1
53231974,1,1
53513034,2,1
53957158,1,1
53B版,1,1
53全优卷 英语高一下 河北,1,1
53化学,5,1
53知识清单,8,1
53知识清单2027,1,1
53英语选择性必修三 配套检测卷 单词拼写，,4,1
53难题版,1,1
54687186,3,1
54727243,1,1
54861691,5,1
54949786,2,1
54中学 月考,1,1
54制地区九年级上册新版历史,6,1
54制地区九年级上册新版历史，课件,1,1
555,1,1
555集成电路,5,1
55611446,1,1
55960181,1,1
56165156,4,1
56459741,10,1
57461213,1,1
57594611,6,1
57717835,1,1
57888874,5,1
57991232,1,1
58060742,1,1
58125639,4,1
58230145,1,1
58380905,2,1
58436824,7,1
58538310,1,1
58577089,5,1
58598288,6,1
58680755,4,1
58719300,1,1
58725087,1,1
58725364,3,1
58753993,1,1
58841437,2,1
58877345,1,1
58中,3,1
59007219,1,1
59014245,3,1
59037755,3,1
5年中考三年模拟9年级上册人教版,1,1
5年中考三年模拟9年级上册人教版数学,1,1
5年中考三年模拟化学北京课改版北京版,2,1
5年中考，三年模拟,5,1
5年级,2,1
5年级2026年期末卷,1,1
5年级上下册英语单词,5,1
5年级上册数学,3,1
5年级上册数学1-5单元测试,3,1
5年级上册数学卷子,7,1
5年级上册数学卷子函数,1,1
5年级上册新人教版,3,1
5年级下册语文人教版期末测试卷,4,1
5年高考3年模拟,1,1
5年高考专题汇编详解英语,1,1
5年高考真题分类汇编,1,1
5年高考真题分类汇编物理,3,1
5年高考真题分类汇编物理力学,5,1
5月辽宁高期中,1,1
5点半五年级下电子书,1,1
5电势,6,1
5的绝对值,3,1
6,2,1
6 会摇尾巴的狼,2,1
6. 反冲现象 火箭,6,1
6. 反冲现象 火箭同步练习卷,6,1
6. 西安市2025-2026学年高一上学期期末市级质量检测历史试题,4,1
6.1 直线和圆的位置关系,5,1
6.2民主政治不断发展,4,1
6. 元素周期表推断题,2,1
60篇名句篇目,4,1
60篇目默写,4,1
61中,1,1
65中,1,1
688词汇 高考背诵默写监测,3,1
688话题词汇循环单,5,1
688高考高频核心,1,1
688高频词汇,4,1
688高频词汇，高考,1,1
690,2,1
6升7分班考。,9,1
6年级|上册人教版英语单词书写练习册,1,1
6年级上册鲁教版五四制黑标单词,3,1
6年级下册数学期末卷,1,1
6年级英语阅读理解,6,1
6月辽宁高中三模,23,1
7.1.1角的推广,2,1
7.5 运动和力,7,1
7008C,1,1
79,10,1
7上周测考试,55,1
7上德强周测,7,1
7上期末测试哈尔滨,52,1
7上英语期末测试哈尔滨,10,1
7下临平试卷,8,1
7下数学吉安遂川县期末,4,1
7中一诊数学,2,1
7中九上数学,1,1
7中九上数学成都,4,1
7升八数学暑假每日练习。,6,1
7年级上册动点压轴题,3,1
7年级上册思维导图,1,1
7年级上册思维导图全本课本,5,1
7年级上册期中数学2025年徐州市,4,1
7年级上册期末考试语文卷,1,1
7年级上册武汉卷第一单元有理数,10,1
7年级上册生物学资料,4,1
7年级上学期历史科适应性练习。,18,1
7年级下册人教版数学,1,1
7年级下册地理中图版,7,1
7年级下册外研版孟建平英语卷,13,1
7年级下册外研版孟建平英语期末卷义乌,6,1
7年级下册数学期末测试卷云南,27,1
7年级下册数学期末测试卷云南2024,1,1
7年级下册数学期末考试试卷日照五莲,2,1
7年级下册期末数学徐州,3,1
7年级下册期末英语徐州,6,1
7年级下册电子版书,6,1
7年级下册英语期末广州市海珠区,1,1
7年级下册英语期末广州市海珠区。,1,1
7年级数学,1,1
7年级数学山东省中考真题,7,1
7年级数学试题六,21,1
7年级数学，湖南,6,1
7年级计算题,2,1
7年级语文阅读理解专项训练课现在,7,1
7月8日,1,1
7选5,4,1
7选5 2026 专练,3,1
8.1同底数的幂,1,1
8.1同底数的幂沪科版课件,1,1
8.1坚守公平,4,1
8.4立体几何,3,1
80,1,1
80中,2,1
81中学,1,1
887高考英语核心词汇,3,1
8上 语文 三峡,1,1
8上1 8单元单词表背诵默写清单,7,1
8上作文,1,1
8上历史期末考试试卷,7,1
8上物理期中考试试卷,8,1
8上物理沈阳,2,1
8上物理第3单元,1,1
8上英语人教词性练习,2,1
8上英语词性练习,3,1
8上语文作文,9,1
8下课本单词,1,1
8下课本单词外研版,4,1
8年级上册2024~2025生物徐州市邳州期末试卷,3,1
8年级上册历史,3,1
8年级上册历史预习,4,1
8年级上册培优试卷,12,1
8年级上册数学北师大版期中卷,4,1
8年级上册数学北师大版期中考试试卷,3,1
8年级上册数学北师大版第1单元试卷,1,1
8年级上册数学期末河南省武陟县,1,1
8年级上册数学试卷人教版,6,1
8年级上册数学试卷月考乐陵市,2,1
8年级上册数学试卷第一次月考乐陵市,10,1
8年级上册期中试卷,7,1
8年级上册物理人教,1,1
8年级上册物理期中考卷,1,1
8年级上册物理期中考卷上海,3,1
8年级上册物理江苏南京2024~2025年度第一学期期中,6,1
8年级上册物理江苏南京2024~2025年度第一学期期中练习卷,1,1
8年级上册生物苏科版必背知识点,1,1
8年级上册英语人教版课本。,5,1
8年级上学期物理作业本,1,1
8年级上部编版语文书,1,1
8年级下册广东数学试卷,1,1
8年级下册数学,1,1
8年级下册数学几何,3,1
8年级下册数学几何综合题,3,1
8年级下册数学期末考试卷,1,1
8年级下册期中,17,1
8年级下册期末广东数学试卷,24,1
8年级下册物理试卷期末考试,3,1
8年级下册英语期末广州市海珠区。,4,1
8年级乘法公式,7,1
8年级保定中学1+3真题,1,1
8年级数学卷子,1,1
8年级数学综合测试卷,2,1
8年级期末化学,7,1
8年级物理下人教山西,2,1
8年级物理人教山西,1,1
8年级语文阅读理解,3,1
8年级阅读理解,1,1
8月份,1,1
8月入学考,4,1
8月底,13,1
8月底学情调研,2,1
8月开学摸底考试,7,1
8月开学考,3,1
8月高三,11,1
9 从百草园到三味书屋/鲁迅,2,1
9 从百草园到三味书屋导学案,3,1
9 鱼我所欲也/《孟子》,1,1
9+1,4,1
9.4 调和点列与极点极线论 讲义-2025届高三数学一轮专题复习,6,1
978-7-5709-2991-7,3,1
99件事,1,1
9上历史课本,4,1
9上古诗默写,10,1
9上和平期中语文,3,1
9上数学电子书,2,1
9中,1,1
9年级2元一次方程,1,1
9年级上册人教版新版英语单词表,5,1
9年级上册人教版物理 教材书,3,1
9年级上册人教版语文,1,1
9年级上册化学期中试卷。,8,1
9年级上册化学第2单元试卷,3,1
9年级上册单词表人教版,3,1
9年级上册历史第一课。,1,1
9年级上册政治知识点,6,1
9年级上册数学,7,1
9年级上册数学1元二次方程1.2,1,1
9年级上册数学1元二次方程1.2预习课,2,1
9年级上册数学书第26章二次函数人教版电子书,5,1
9年级上册数学沪科版第22章相似三角形测试卷,24,1
9年级上册月考卷,12,1
9年级上册物理期中试卷。,7,1
9年级上册物理第14章内能的利用测试卷,4,1
9年级上册物理第1单元试卷,7,1
9年级上册第一单元英语,11,1
9年级上册英语知识点。,3,1
9年级上册语文课本2026,1,1
9年级上册语文课本最新版,1,1
9年级上册青岛版数学1元二次方程1.2预习课,2,1
9年级开学,5,1
9年级物理上册,3,1
9年级物理公式,3,1
9年级英语,28,1
9年级语文,1,1
9年纪物理,1,1
9月开学考,3,1
9月月考 新海,3,1
9月考,45,1
9月联考,1,1
9月辽宁开学考试,9,1
9月高二数学返校考,3,1
9省,1,1
A-026,2,1
A10 联盟 1号 安徽 高三上学期开学考,2,1
A10 联盟 8月 安徽 开学考高三,11,1
A10 联盟宿州市13校,10,1
A10 联盟开学考,2,1
A10开学考高三,1,1
A10联盟2024届高三上学期八月底开学摸底考,5,1
A10联盟2025届高三数学8月份,3,1
A10联盟安徽高三开学考,1,1
A10联盟高一下期末,4,1
A7联盟,7,1
A9协作体2025暑期,8,1
A9协作体高三,1,1
A9协作体高三英语,3,1
A9高三,7,1
AI研修,1,1
AI研修平台,3,1
AI问在哪里,1,1
AMC8,4,1
Amc10真题,1,1
A|,2,1
A三角函数,1,1
A名校课堂,3,1
A安徽高三开学考,3,1
A层联考,11,1
A计划,1,1
BEST联考,5,1
Best,5,1
Be动词,5,1
Be动词练习题,3,1
Be动词练习题小学,3,1
C20教育联盟中考模拟卷数学,9,1
C20教育联盟中考模拟卷数学安徽界首,2,1
C20教育联盟中考模拟安徽物理,1,1
C2零名校联盟2024届高三第二次联考技术试题卷,1,1
CMC数学竞赛真题,2,1
CMO,6,1
Congruent,1,1
Cpho复赛,9,1
C篇,2,1
DSE,3,1
DSE英语,6,1
EK图像,1,1
EK图像物理,4,1
First day of school,3,1
G0数学高二上返校考,1,1
G12名校协作体高二开学考上学期,1,1
GVC,2,1
Gap,1,1
Gesp,1,1
Gesp c++,4,1
HK,6,1
HN2020607,2,1
Holiday,2,1
How many times,1,1
Imo 2008年数学奥林匹克试题,1,1
It is you还不发覅好看别人都发不出客户idfbckuhdsuxfc就好地方,1,1
J2026_2027学年高一英语必修二、必修三综合测试卷3,4,1
JP ZXXK COM,7,1
Jerry climber collect samples for scientists,1,1
Junior high school English reading 150 3 +1 intensive training (seventh grade)(Chinese Edition),3,1
KET,1,1
Korenc‑Karel 高一英语听力,11,1
M=4kg，R=0.5m，μ=0.5，θ=30°，m=3kg。求：地面摩擦力；球质量最大值；临界距离L。,3,1
MP3,3,1
MST2026版一轮复习数学,1,1
MST2027版高三一轮复习数学,6,1
MWO,1,1
Master of the second class,2,1
Mp3音频,1,1
NAMEN,2,1
NETPS,1,1
NT20名校联合体9月,1,1
OMC,1,1
P C R的常考类型和应用,3,1
PCR,5,1
PCR融合,2,1
PPT1 免费,2,1
Reading,3,1
S,4,1
SAT,1,1
SFLM高一英语学科期末练习,1,1
SSP,1,1
SSP外刊阅读上海,3,1
T 8(美音、英音)-【一本】2026年高一英语听力模拟考场,2,1
T8 联考,2,1
T8压轴训练,10,1
T8压轴训练政治,1,1
T8压轴训练数学,2,1
T8压轴训练湖北,7,1
T8压轴训练英语,1,1
T8压轴训练语文,7,1
T8物理,1,1
T8第二次联考,2,1
T8联考2021届高三,1,1
T8联考物理,7,1
TFBOYS,3,1
Tianjinjuanlinian,1,1
Unit 2 Meet My Family(单元测试·福建专用)，仁爱科普版（2024）七年级上册英语单元测试卷。,4,1
Unit 2 Success 重点单词变形，词组，短语，句型练习（知识点全覆盖）,2,1
Unit 2 Success 重点短语练,2,1
Unit 2 Success 重点短语，句型练习（知识点全覆盖）,1,1
Unit 4 Changing and Growing 知识清单背默单 仁爱科普版八年级上册,10,1
Unit 7 Outdoor fun单项选择专练译林版七下,10,1
Unit one life choices高中英语北师大版重点语言背记清单,3,1
Unit1,1,1
Unit1 The Changing World 写作专练 2026-2027学年人教版九年级英语上册,2,1
Unit1-Unit 8四会重点单词,14,1
Unit1-Unit 8四会重点单词+词性转换+短语+重点句子 2025-2026学年人教版（2024）,1,1
Unit1-Unit 8四会重点单词+词性转换+短语+重点句子 2025-2026学年人教版（2024）八年,4,1
Unit10、Unit11第一阶段综合测试卷,1,1
Unit12(B) 第2页,1,1
Unit12第二阶段综合检测卷-2025-2026学年仁爱科普版七年级英语下册,5,1
Unit1评价工具,7,1
Useto 用法,3,1
VIP,3,1
WMO奥林匹克数学竞赛真题,1,1
Welcome unit,1,1
What does the man覆盖的速度,1,1
X t v t图像专题,3,1
YMO复赛,1,1
Z 20,6,1
Z20 02025届高三第一次联考技术,10,1
Z20 02026届高三第一次联考,2,1
Z20 02026届高三第一次联考物理,4,1
Z20 2026届高三第一次联考物理,4,1
Z202025届,1,1
Z202026届第1次联考,2,1
Z202零名校联盟2024届高三第二次联考技术试题卷,5,1
Z20化学,5,1
Z20名校联盟2023届高三第一次联考化学,4,1
Z20名校联盟2024届高三第二次联考技术试题卷,3,1
Z20名校联盟2026届高三暑假开学联考,1,1
Z20名校联盟2026届高三第一次联考化学,4,1
Z20名校联盟2026届高三第一次联考政治,1,1
Z20名校联盟2026届高三第三次地理联考,1,1
Z20名校联盟2026届高三第三次联考,1,1
Z20名校联盟2026届高三联考,9,1
Z20名校联盟25届,1,1
Z20名校联盟这家20二六届高三第二第三次学情分析,2,1
Z20数学高二上返校考,3,1
Z20数学高二返校考,4,1
Z20物理,4,1
Z20第二次联考政治,1,1
Z20联盟2026数学,3,1
Z20语文,11,1
Z20返校考,16,1
Z20高三化学试卷,1,1
Z20高三第1次,3,1
Z20高三第1次联考英语,1,1
Z20高二返校考,1,1
Z名校联盟,3,1
Z名校联盟高三,2,1
Z名校联盟高三语文,11,1
[文件] 2026年八年级下暑假专题复习（特殊平行四边形专题）.docx,1,1
[文件][58680755]U1-U6单元主题完型（专项训练）2025-2026学年外研版英语七年级下册(1).docx,1,1
\boldsymbol{21-\frac{(x+2)(x+4)}{8}+10x=148},1,1
^qUxJg$c8d26fc99793dd16cc1d77a0c234303c3b65548c2,2,1
a an the冠词,2,1
a an the冠词 100真题初中,1,1
a an the冠词100真题初中真题,2,1
a10,1,1
a10安徽2025年8月开学考,2,1
a10安徽2025年8月开学考高三化学,10,1
a1联盟高三8月,18,1
a1高三8月,2,1
any和some,4,1
ap,5,1
a阅读,2,1
a阅读高考一轮,2,1
b,4,1
bah,1,1
bbghy0120260601216101,1,1
best,2,1
best高一下,8,1
bilibili,3,1
c30,5,1
ccho,4,1
chemy,2,1
chinese central teeth found surprised difference in the almost of better on the two sides of the move,3,1
chusan,3,1
cmo,4,1
cpho复,1,1
cpho复赛,14,1
cpho预赛,12,1
dianku电路画图题,1,1
djiu,1,1
dna复制,3,1
dna复制转录和翻译,1,1
dse,1,1
e卷家校通,1,1
e卷通,4,1
e卷通家校服务,8,1
e的ax次幂➖a的ex次幂➖ax 有且只有一个零点 求a的范围,2,1
fence,1,1
g,1,1
g30,1,1
gei,1,1
gesp,2,1
gesp c,1,1
gesp c+,1,1
gg,2,1
good fun farm,1,1
growing up,20,1
hptts://www.baidu.com/,2,1
http://www.17zuoye.com/view/mobile/common/listening_practice/index.vpage?url=%2Ftts_downloadMP3.vpage%3Fid%3D6a60be9b1b8af1f1cb15c6f4,2,1
http://xkw.com/zrEv62bM,5,1
https://2273.rkjpg.com/h5/#/pages/search/nlist?key=%E7%81%AB%E5%BD%B1,2,1
https://66.ql3cbvj2.work/mobile,1,1
https://c.xkw.com/doc-detail/40419323,1,1
https://c.xkw.com/doc-detail/53688817?tag=%E5%8E%9F%E5%8D%B7,1,1
https://c.xkw.com/doc-detail/53688840?tag=%E5%8E%9F%E5%8D%B7,1,1
https://c.xkw.com/doc-detail/54099538?tag=%E5%8E%9F%E5%8D%B宾开学考,5,1
https://c.xkw.com/doc-detail/55480974?tag=%E8%A7%A3%E6%9E%90,8,1
https://c.xkw.com/doc-detail/57459452?tag=%E5%8E%9F%E5%8D%B7,1,1
https://c.xkw.com/doc-detail/58470141?resourceType=1&tag=%E8%AE%B2%E4%B9%89,1,1
https://c.xkw.com/doc-detail/58707816?tag=%E5%8E%9F%E5%8D%B7,1,1
https://c.xkw.com/doc-detail/58786438?tag=%E5%8E%9F%E5%8D%B7,1,1
https://c.xkw.com/doc-detail/58943673?tag=%E5%8E%9F%E5%8D%B7,1,1
https://files.zxxk.com/app?mkey=1786360599-167461141-14186974,1,1
https://m.51jiaoxi.com/doc-18215294.html,1,1
https://m.zxxk.com/docpack/3033257.html,2,1
https://m.zxxk.com/docpack/3585771.html,1,1
https://m.zxxk.com/docpack/3687961.html,3,1
https://m.zxxk.com/docpack/3697807.html,1,1
https://m.zxxk.com/payment/Y2026080918343556847977227,3,1
https://m.zxxk.com/soft/52160928.html,3,1
https://m.zxxk.com/soft/58131610.html?f_link_type=f_linkinlinenote&flow_extra=eyJpbmxpbmVfZGlzcGxheV9wb3NpdGlvbiI6MCwiZG9jX3Bvc2l0aW9uIjowLCJkb2NfaWQiOiJkOWZmODMzYTYyNTU3NjZlLTcwMDA1MWQxYWNmNTIzMzIifQ%3D%3D&use_xbridge3=true&loader_name=forest&need_sec_link=1&sec_link_scene=im&theme=light,3,1
https://m.zxxk.com/soft/58435559.html,3,1
https://m.zxxk.com/soft/58466968.html,1,1
https://m.zxxk.com/soft/58805348.html,2,1
https://m.zxxk.com/soft/58811115.html,4,1
https://pan.quark.cn/s/bfe6dee1fd55?pwd=7zR6,1,1
https://pgeqd.calmawakening.life/lessons/68890,2,1
https://sso.zxxk.com/login?service=https%3A%2F%2Fauth.zxxk.com%2Fcallback%3Fcurl%3Dhttps%3A%2F%2Fm.zxxk.com%2Fsoft%2F58911024.html,4,1
https://sx.zxxk.com/h/papers-sce420101-g10/city511400,2,1
https://weidian.com/?userid=1824699041  学科网网址：https://shop.xkw.com/501239,2,1
https://www.hjq78.cc:9999/,1,1
https://www.zxxk.com/activity/mianfei/,1,1
https://www.zxxk.com/docpack/154174.html,1,1
https://www.zxxk.com/organ/40/,4,1
https://www.zxxk.com/soft/51466054.html,1,1
https://www.zxxk.com/soft/53816066.html,2,1
https://www.zxxk.com/soft/55289952.html,12,1
https://www.zxxk.com/soft/55706489.html,1,1
https://www.zxxk.com/soft/58454445.html,11,1
https://www.zxxk.com/soft/58731692.html,1,1
https://www.zxxk.com/soft/58773288.html?theme=light&appTheme=light,1,1
https://www.zxxk.com/soft/58775496.html,1,1
https://www.zxxk.com/soft/59090994.html,1,1
https://www.zxxk.com/soft/59111763.html第一单元测试题，有需要可以做一下,1,1
https://www.zxxk.com/soft/59124824.html,2,1
https://zujuan.xkw.com/thematiclist/11pt7957ct26143n964633.html,1,1
hxc,1,1
i can help,2,1
imo,5,1
it形式主语,2,1
j12,1,1
jai,1,1
jcgz,1,1
jdhsdsiawijjajdhjljhafljhwuajkaa,1,1
j长春十一高中,2,1
ket,5,1
leg,4,1
living with technology,1,1
living with technology利用短文背诵单元单词,6,1
living with technology默写,2,1
mingxiao.zxxk.com,1,1
nt,3,1
nt20,1,1
pdf,1,1
pet,1,1
plastic~prepare,1,1
p p t,1,1
qNWM7LJ z5DECAB fExvGPw mBhflThm RgmfmV6 UMyjYym FVTM TCA KB3rcdc3 aLExEJm zhsukHW h6eGFx5 cWJbX9R 4CupM2H nnSw3Rf,1,1
qinianji1 七年级上册 数学,1,1
quaanzhiu泉州,1,1
ring,1,1
sd非常1+1备考专用,12,1
shizuku,1,1
sinB,1,1
ssp,3,1
stay healthy,15,1
suzhou,2,1
tai,2,1
the wonder of nature,14,1
the 比较级 the 比较级和最高级练习题,4,1
think3第一单元,1,1
two box are human depend don’t Corbould robot that never get the city with the help off panda strange Day encounter,2,1
u,1,1
unit1relationships,5,1
unit1relationships重难词汇精练,10,1
unit1英语知识全梳理考点精准练,1,1
unit7art,2,1
unit7art单元词句检测,1,1
vt图像,5,1
what will the man do on Saturday evening,2,1
whether和if,4,1
wmo,3,1
www.dengfengpi,1,1
www.dengfengpibgtai.com,2,1
www.dengfengpingtai.com,6,1
www.dengfengpingtaicom,4,1
wwwdengfengpingtaicom,4,1
wwwdengfrlengpingtai.com,6,1
w的取值范围,5,1
x-t、v-t图像的理解和应用,7,1
x-t、v-t图像练习,1,1
xs7,1,1
y,1,1
y=(X1-x)+(X2-x),1,1
y=Asin(ωx+φ)图像变换,9,1
y等于x的三次方,1,1
z20s生物,1,1
z20化学,3,1
z20开学考,5,1
z20模拟2025语文高三,8,1
z20考试英语高三第一次,1,1
z20英语,1,1
z20高三数学2026届第一次联考,1,1
z20高三数学2026第一次联考,1,1
z20高三第一次语文浙江省,1,1
zk,1,1
zxxk com,1,1
z 20高三返校考,3,1
π节,4,1
ദ്ദി ༎ຶ‿༎ຶ ),1,1
“第01讲 函数的概念及其表示专项训练全国通用。,3,1
“英语进阶阅读 八年级 安徽专版 第2年第2版,1,1
“重庆 高一升高二 暑假开学考试,1,1
“重庆七校联盟 高一 入学,4,1
“重庆巴蜀中学高一升高二 暑假开学考试,1,1
…2026扬州数学中考试卷,5,1
① 长沙市 高一入学考试 语数英物,1,1
①汉滨初中2023、2024分班考（回忆版）,3,1
①汉滨初中2024、2025分班考（回忆版）,1,1
①英语课外阅读：简易英文读物/英语短文，每周完成4篇阅读理解；,7,1
◦ ​​ 云南中考  真题 含答案 解析 ​,3,1
☃️⛄☃️⛄☃️⛄☃️⛄☃️⛄☃️⛄☃️⛄☃️☃️⛄☃️⛄⛄☃️,1,1
✅搜索关键词：倍长中线、倍长类中线、中点构造全等,5,1
。2025至2020,4,1
。2026山西晋城三模,4,1
。2026年吉林省四平市双辽市物理期末。,13,1
。24年高考一卷。,4,1
。26年高考一卷。,5,1
。宁波市2024年九校联考高一下语文,4,1
。山东省青岛市崂山区九年级上册语文期中考试卷子2025~2026,3,1
。山东省青岛市市南九年级上册语文期中考试卷子2025~2026,3,1
。成都七中2025至二月二六学年下期高一2025级半期考试的政治试卷,2,1
。沈阳虹桥2025~2026学年度下科综合模拟。,6,1
。河南郑州市外国语学校2025至2026学年高一下学期5月期中语文试题,4,1
。浙江高二上物理化学期中卷,5,1
。滑县8年级下册期末考试卷。,1,1
。滑县8年级下册期末考试卷。英语,3,1
。高考卷,2,1
《1号卷·A10联盟2026届高三上学期8月底学情调研 数学学》,2,1
《1号卷·A10联盟2026届高三上学期8月底学情调研 物理学》,5,1
《1号卷·A10联盟2026届高三上学期8月底学情调研 生物学》,4,1
《2026届高考英语语法填空分类强化100题》,4,1
《Unit 2 课本配套标准音频 译林版九年级上册》,1,1
《创新教程·2027年高考数学总复习大一轮讲义（人教A版）》,4,1
《创新教程·高考数学总复习大一轮讲义》（2027版，人教A版）,6,1
《创新方案 2027版 高三总复习 化学》,14,1
《割草》,1,1
《备战2024年高考英语一轮复习查漏补缺大闯关100道必刷题——专题21 语法填空（中国元素传统文化练）》,2,1
《宁波“十校”2025届高三3月联考英语试题,5,1
《成才之路·衡中学案 高考一轮总复习 数学（2027新高考版）》,1,1
《成才之路·衡中学案 高考一轮总复习 数学（2027新高考版）周期》,3,1
《成才之路·衡中学案 高考一轮总复习 数学（2027新高考版）基本不等式》,3,1
《成才之路·衡中学案 高考一轮总复习 数学（2027新高考版）对称,1,1
《新课程能力培养》人教版数学八上十四章章末测试卷,1,1
《普通高中教科书 英语 必修第一册》（2019人教版，高一上册课本） 辅导练习册.,2,1
《有一套》信阳市2024-2025学年下期期末质量调研试卷,11,1
《水浒传》,1,1
《水浒传》分章节练习题（2025‑2026学年统编版语文九年级上册）,2,1
《红星照耀中国》怎样读红色经典作品,4,1
《红星照耀中国》阅读计划与任务单,2,1
《经典常谈》,11,1
《苏教版高中化学选择性必修1 化学反应原理》配套练习册/导学案,1,1
《高分-突破》,4,1
《高分突破》,1,1
「2026新课标Ⅱ卷文综政治 原卷版,3,1
「全国100所名校单元测试示范卷英语第六套 Unit5 First aid」，含完整试卷、听力原文、答案解析,1,1
「四川内江市2025-2026高一上期末地理试题」，含PDF原题、答案解析,10,1
【02‑新课预习】第01讲 物质的分类及转化‑2025年新高一化学暑假衔接讲练 (人教版),2,1
【02‑新课预习】第01讲 物质的分类及转化（2025年新高一化学暑假衔接讲练 人教版） 分为两个版本：学生填空版（就是你手上这份，共13页）、教师版（带全部标准答案） 来源：学科网/原创力文档付费电子资源，没有纸质实体书，是网上的Word/PDF讲义，不是市面书店卖的教辅。 ⚠️我没办法直接把完整文档文件发给你（受平台限制，不能传输外部文档）。 ✅两种解决办法 你继续一页一页截图发给我，我帮你把整本13页所有填空、选择题全部填完+解析。 你直接拍下一张，我继续做胶体之后剩下的内容。 如果你想要完整原文文档： 去学科网/原创力文档搜完整标题： 【02‑新课预习】第01讲 物质的分类及转化‑2025年新高一化学暑假衔接讲练 (人教版)教师答案版。,2,1
【上好课】2025年初升高数学无忧衔接（通用版）衔接点01 乘法公式 学生版,8,1
【上好课】2025年高考一轮复习知识清单（讲案）,6,1
【上好课】2026年高二英语寒假作业,5,1
【上好课】2026年高考英语一轮复习讲练测（全国通用）,5,1
【九上HK数学】 九年级数学 试题卷共4页 答题卷共6页 满分150分 考试120分钟,6,1
【假期作业】2026年高一化学暑假假期作业（人教A版·新教材）,9,1
【勤径千里马】脑写同步字帖（2025-2026新教材）,8,1
【暑假自学课】新九年级物理暑假提升精品讲义,8,1
【步步高】大一轮复习讲义 化学 人教版新高考 广东专用 教师用书,2,1
【福建省普通高中学业水平合格性考试 语文】,3,1
【绿卡初中创新题（河北专版,5,1
【衡中学案】2026年高考语文一轮总复习练案（统编版）,9,1
【衡水真题密卷】2024-2025全学年高一物理学科素养周测评(人教版),2,1
【金版教程】2027高考科学复习解决方案物理一轮复习,15,1
【金版新学案】2027年高考数学高三总复习大一轮复习讲义,6,1
え,1,1
一 中,6,1
一 中国戏法和杂技——表内乘法（一）,1,1
一 二章,1,1
一 二章测试卷,5,1
一 元2次方程,3,1
一 元一次方程,7,1
一 元一次方程 100道初中数学一元一次方程应用专项练,3,1
一 元一次方程应用题典型专题,4,1
一 元二次方程 100道初中数学专项练,4,1
一 元二次方程河北,3,1
一 元二次方程的概念,13,1
一 元二次方程预习,5,1
一 模山东,1,1
一 模广东,4,1
一 模深圳,3,1
一 模潍坊,3,1
一 次函数八年级专项复习人教版数学,7,1
一 次函数八年级专项复习广州,7,1
一 次函数八年级专项复习辽宁,6,1
一 轮 2027 高三 一轮复习数学,3,1
一 轮 2027 高三 一轮复习数学随机变量及其分布,3,1
一 轮 复习 2026 按单元,3,1
一 轮 复习 2026资料,4,1
一 轮 复习 2027物理临界极值问题,1,1
一七一中学,5,1
一个2026年7月八年级下学期数学期末考试卷，武汉东湖高新卷。我,3,1
一个2026年7月八年级下学期数学期末考试卷，武汉卷。我,1,1
一个2026年7月八年级数学期末考试卷，武汉卷。我,2,1
一个2026年7月八年级数学期末考试卷，武汉或襄阳卷。我,3,1
一个2026年7月八年级数学考试卷，武汉或襄阳卷。我,1,1
一个分数，分子和分母除以同一个数,5,1
一中2025年12月份,1,1
一中分班考,1,1
一中分班考试,1,1
一中天津,1,1
一中月,1,1
一中期中考试,1,1
一中期末,1,1
一中模拟,1,1
一中物理九年级天津,1,1
一中等七校,3,1
一中贯通班,27,1
一中贯通班选拔,5,1
一中集团开学考试,3,1
一二六,2,1
一二单元,1,1
一二单元复习,3,1
一什么之什么,1,1
一件战袍,1,1
一元一次不等式与不等式组,2,1
一元一次不等式与不等式组同步练习,1,1
一元一次不等式人教版,7,1
一元一次不等式单元测试,5,1
一元一次方程,11,1
一元一次方程专项练习人教版,11,1
一元一次方程人教版,19,1
一元一次方程含参问题,13,1
一元一次方程算式,4,1
一元一次方程题,6,1
一元二次不等式,6,1
一元二次不等式双变量问题,2,1
一元二次不等式恒成立问题,3,1
一元二次函数 方程和不等式,9,1
一元二次函数参变分离,4,1
一元二次函数和不等式练习,8,1
一元二次函数和不等式练习一轮复习,3,1
一元二次函数应用题,1,1
一元二次方程 二次函数测试卷,2,1
一元二次方程 单元测试卷,7,1
一元二次方程、方程和不等式,11,1
一元二次方程与黄金分割数,4,1
一元二次方程专题,1,1
一元二次方程习题分类,1,1
一元二次方程二次函数高一衔接课,3,1
一元二次方程北京,1,1
一元二次方程单元测试卷,20,1
一元二次方程单元测试卷人教版,21,1
一元二次方程压轴题,5,1
一元二次方程基础卷,8,1
一元二次方程基础题,1,1
一元二次方程数学作业,1,1
一元二次方程根与系数的关系作业,3,1
一元二次方程根的分布讲义,15,1
一元二次方程沪科版,3,1
一元二次方程河北,1,1
一元二次方程的判别式,4,1
一元二次方程的基础,9,1
一元二次方程的定义,8,1
一元二次方程的实际应用,1,1
一元二次方程的应用,5,1
一元二次方程的应用习题,1,1
一元二次方程的应用作业,16,1
一元二次方程的应用试卷,6,1
一元二次方程的根,2,1
一元二次方程的概念,3,1
一元二次方程章节检测试卷,8,1
一元二次方程计算题,1,1
一元二次方程计算题混合,1,1
一元二次方程题型总结,4,1
一元函数的导数及其应用单元测试卷,5,1
一元函数的导数及其应用测试题,4,1
一元议论文,2,1
一六八,2,1
一六八期中联考,3,1
一到五年级的。基础测试,1,1
一刷卷儿卷儿五河南省郑州市2026年高中毕业年级第一次质量检测,2,1
一化儿,1,1
一升二乘法口诀表练习,2,1
一升二年级,7,1
一单元,2,1
一单元数学,1,1
一单元测试卷,2,1
一卷成名,17,1
一卷搞定,1,1
一卷英语,1,1
一外,1,1
一外2026八上数学入学考试,10,1
一年级,1,1
一年级 拼音 1年级 汉语拼音习题,5,1
一年级 数学 1 年级 下册期末,6,1
一年级上册 1年级上册数学期末试卷,18,1
一年级上册数学应用题,1,1
一年级上册数学易错题,1,1
一年级下册 二年级上册卷子,4,1
一年级下册应用题,6,1
一年级下册数学期末拔尖试卷,1,1
一年级下学期阶段检测,1,1
一年级奥数,8,1
一年级年级数学看图列式,3,1
一年级情景题,4,1
一年级拼音总复习试卷,5,1
一年级数学,1,1
一年级数学应用题,1,1
一年级数学期末试卷,17,1
一年级数学看图列式,4,1
一年级数学第二学期期末考试,4,1
一年级数学附加题。,3,1
一年级新版语文,1,1
一年级新版语文书电子版,1,1
一年级暑假语文乐学手册,3,1
一年级期中数学,6,1
一年级期中语文试卷,1,1
一年级期中语文试卷上学期,3,1
一年级期末考试数,4,1
一年级武汉,1,1
一年级武汉光谷二小,3,1
一年级比谁多谁少的应用题,6,1
一年级比较的应用题,3,1
一年级英语语法专项卷,1,1
一年级语文字帖,14,1
一年级语文资料,3,1
一年级路北区数学2016-2017试卷,1,1
一年级附加题。,3,1
一年级青蛙跳类型题,3,1
一战成名2026,2,1
一数微专题,1,1
一数微专题全套,1,1
一数最后十课,4,1
一数最后十课视频,1,1
一本 高考真题,1,1
一本 高考真题语文,2,1
一本听力,1,1
一本听力test8,8,1
一本英语听力高一,2,1
一本超越训练八年级上册物理人教版辽宁专用,4,1
一本通,1,1
一本阅读理解2026新版,1,1
一本阅读真题80篇,1,1
一本阅读训练五合一七年级,1,1
一本阅读题,1,1
一本阅读题预备三年级,3,1
一本预备一年级,2,1
一本预备一年级数学,2,1
一检数学,45,1
一模 2026上海,10,1
一模 上海,2,1
一模 最难,1,1
一模二模分类汇编,1,1
一模二模福建,15,1
一模化学陕西省,29,1
一模卷 2025,5,1
一模卷上海,1,1
一模卷上海宝山,1,1
一模历史,2,1
一模数学,9,1
一模数学江苏苏州,1,1
一模汇总,1,1
一模汇编,13,1
一模真题集,12,1
一模道法,14,1
一次函数 压轴题 专项训练 解析版,3,1
一次函数 特殊四边形,5,1
一次函数 矩形菱形正方形 综合大题,4,1
一次函数专题复习,3,1
一次函数二次函数和反比例函数的图像和性质,2,1
一次函数人教版,3,1
一次函数八年级专项复习,1,1
一次函数参变分离,3,1
一次函数沪科版,5,1
一次函数特殊四边形,16,1
一次函数的图形和性质,7,1
一次函数练习题,9,1
一次函数试卷,1,1
一次函数难题,1,1
一次函数，二次函数，反比例函数，正比例函数,2,1
一次性函数,7,1
一类卷范文,7,1
一线三等角相似,1,1
一线调研,7,1
一线高考 2025大一轮复习学案 物理,2,1
一般将来时初中,3,1
一般现在时,2,1
一般现在时 现在进行时,4,1
一般现在时和现在进行时,4,1
一般现在时，一般过去时与现在完成时辨析,8,1
一般过去式,2,1
一般过去时中what和why引导的特殊疑问句,2,1
一行复制（直接粘贴搜索）   邯郸市2026届高三第一次模拟检测 语文 数学 英语 历史 政治 地理 含答案   分科单独复制（搜单科用）   1.邯郸市2026届高三第一次模拟检测 语文（含答案） 2.邯郸市2026届高三第一次模拟检测 数学（含答案） 3.邯郸市2026届高三第一次模拟检测 英语（含答案听力） 4.邯郸市2026届高三第一次模拟检测 历史（含答案） 5.邯郸市2026届高三第一次模拟检测 政治（含答案） 6.邯郸市2026届高三第一次模拟检测 地理（含答案）   提示：学科网/教习网粘贴即可搜；公众号搜时可加后缀：百度网盘。 ⚠️避开关键词：9月调研监测（上学期卷，不是一模）。,3,1
一试A卷,1,1
一课一练unit2英语听力练习,1,1
一轮化学,2,1
一轮化学上海,1,1
一轮基础过关,1,1
一轮复习 物理动量,3,1
一轮复习专题,16,1
一轮复习专题高三题目,3,1
一轮复习函数,2,1
一轮复习利用几何运算求参数,1,1
一轮复习力,4,1
一轮复习化学,1,1
一轮复习卷子,1,1
一轮复习地理水,3,1
一轮复习复数,4,1
一轮复习平面向量,16,1
一轮复习平面向量数量积,1,1
一轮复习平面向量的概念与线性运算,16,1
一轮复习新动力课件,1,1
一轮复习物理ppt,5,1
一轮复习生物真题,3,1
一轮复习联考,13,1
一轮复习解三角形,5,1
一轮复习选必一外研版u1语法非限制性定语从句,5,1
一轮复习选择性必修三政治练习,2,1
一轮复习遗传,1,1
一轮复习金考卷,1,1
一轮对点89练,2,1
一轮总复习手册,1,1
一轮物理周测卷,1,1
一轮考点通关卷,3,1
一轮考点通关卷向量,5,1
一遍过,4,1
一遍过2026人教版,1,1
一遍过2026年化学,1,1
一遍过化学,1,1
一重,1,1
一长为5m的圆柱空心圆桶A,2,1
一零一,7,1
一零一中学,6,1
一零一分班考,2,1
一飞冲天,7,1
一飞冲天  2026年 天津专版,8,1
一飞冲天 2025 2026年 天津专版,10,1
一飞冲天 2026年 天津专版,1,1
一飞冲天 2026年 天津专版单元检测一,1,1
一飞冲天 2026年单元检测一,1,1
一飞冲天2027,1,1
一飞冲天七年级下册 2026 年历史小复习,1,1
一飞冲天七年级下册历史试卷,1,1
一飞冲天七年级下册天津历史小复习,1,1
一飞冲天九年级上册数学,5,1
一飞冲天地理,1,1
一飞冲天数学,1,1
一飞冲天高考模拟汇编英语PDF,3,1
一飞冲天高考汇编,1,1
丁卯,1,1
七 025 2026 年 七年级下 学期 期末数学试卷,3,1
七上 02 古诗文复习默写,1,1
七上 期中测试卷,1,1
七上 期末测试卷,8,1
七上 英语,1,1
七上 西游记 整本书阅读资料,6,1
七上011单元理解性默写,4,1
七上1单元测试,1,1
七上2025期末数学浏阳,2,1
七上一课一练unit2英语听力练习,6,1
七上代数式,3,1
七上北师大数学期中卷,18,1
七上北师大月考卷,13,1
七上北师大期中卷,14,1
七上单词默写,3,1
七上历史期末卷,3,1
七上历史期末试卷,6,1
七上历史知识点总结,8,1
七上周练,6,1
七上和七下生物知识点2025,1,1
七上地理,5,1
七上地理人教版试卷,1,1
七上地理卷子,16,1
七上地理期末试卷,12,1
七上地理湘教版卷,6,1
七上地理第一章,1,1
七上必刷题五四制鲁教版数学,4,1
七上必背古诗文,2,1
七上必背古诗文语文,5,1
七上数学乘方的计算题,2,1
七上数学人教版月考期中试卷,14,1
七上数学人教版月考试卷,1,1
七上数学动点,13,1
七上数学北师大一单元测试,3,1
七上数学培优,4,1
七上数学有理数乘方的计算题,2,1
七上数学期末仙游县统考,6,1
七上数学期末卷,16,1
七上数学正数与负数教案,1,1
七上数学正数与负数教案人教版,3,1
七上数学江油,2,1
七上数学第一章测试,1,1
七上月考,1,1
七上月考数学,11,1
七上有理数单元卷,6,1
七上期中,4,1
七上武冈生物期中,1,1
七上浙江省慈溪市学期阶段检测,2,1
七上温州期中卷,22,1
七上理解性默写,1,1
七上生物人教版期中复习必背知识清单,3,1
七上生物期中卷,1,1
七上生物期末武汉,17,1
七上生物期末秦皇岛,5,1
七上生物期末试卷,15,1
七上生物期末随州市曾都区,1,1
七上第一单元数学,3,1
七上第一次月考,7,1
七上第二次月考英语,3,1
七上英语 unit4 my favourite subject,9,1
七上英语unit1,2,1
七上英语unit4,1,1
七上英语人教版,2,1
七上英语人教版 unit4,1,1
七上英语人教版24新版单词表,4,1
七上英语人教英语,1,1
七上英语单词表,1,1
七上英语单词词性转化,3,1
七上英语天桥,9,1
七上英语山西名校课堂,1,1
七上英语早背晚墨小纸条,1,1
七上英语期中卷,1,1
七上英语知识点,3,1
七上英语第一次月考,3,1
七上英语课文,1,1
七上英语长期,1,1
七上英语长沙,1,1
七上计算练习,1,1
七上计算练习人教版,1,1
七上语文月考卷,1,1
七上语文期末仙游县统考,12,1
七上语文期末莆田市统考,5,1
七上语文第一次月考卷,1,1
七上调兵山英语,1,1
七上道法期末试卷,12,1
七下 单词默写表全册,2,1
七下 数学2026 期末测试 卷,5,1
七下 数学期末测试卷,7,1
七下 语文期末测试卷,12,1
七下 语文期末测试卷免费,7,1
七下仁爱英语期末测试卷,1,1
七下凤阳数学期末考试2026,3,1
七下历史期末,5,1
七下地理期末,3,1
七下地理默写小纸条,3,1
七下地理默写小纸条 星球版,5,1
七下开学测验,4,1
七下数学单元卷,1,1
七下数学卷,1,1
七下数学提升题,2,1
七下数学期中考,1,1
七下数学期中考贵州,4,1
七下数学期末北京卷,2,1
七下数学期末西城卷,1,1
七下数学直角坐标系,5,1
七下数学直角坐标系简单,3,1
七下数学等我 只,1,1
七下数学考卷期末,1,1
七下数学试卷期中,3,1
七下数学，期末卷,2,1
七下期末巴蜀,2,1
七下期末数学试卷东城区,1,1
七下期末汇总版必背清单,4,1
七下期末英语试卷,1,1
七下期末英语试卷重庆,7,1
七下期末试题,3,1
七下期末语文考试,7,1
七下现代文练习,6,1
七下生物期末,11,1
七下生物考试,11,1
七下章丘区英语期中试卷,4,1
七下第一单元,2,1
七下第三章真题卷,2,1
七下英语单词默写人教版,6,1
七下英语期末,18,1
七下英语期末真题卷,1,1
七下英语长沙期中考试,5,1
七下英语长沙第三次月考,4,1
七下语文期末,6,1
七下语文期末试卷广西来宾,3,1
七下语文试卷,6,1
七下道法期末考试答案山东滨州,7,1
七下道法期末试卷,2,1
七下高密语文2024~2025,2,1
七中2019-2020高一期末,1,1
七中一诊 地理,1,1
七中初中一模,1,1
七中初中一诊,1,1
七中初中年级期末物理,1,1
七中天环数学,1,1
七中教育集团,13,1
七中林荫,3,1
七中育才一模,2,1
七中育才九年级半期,1,1
七中育才九年级半期数学,1,1
七中育才九年级数学,3,1
七中育才九年级期中,1,1
七中育才九年级期中数学,3,1
七中育才九年级期末,1,1
七中育才九年级期末数学,1,1
七中育才九年级期末物理,1,1
七中育才半期数学九年级,3,1
七中育才数学九上,1,1
七中育才数学九上七中,1,1
七中育才数学九上期中,1,1
七中育才语文九年级半期,2,1
七中高一月考,1,1
七八年级综合,3,1
七初九年级期末物理,1,1
七升八 2026年八年级语文暑期衔接讲义,1,1
七升八数学郑州,17,1
七升八数学郑州期末,1,1
七台河一中,1,1
七夕2024至2025期中质量监测七年级上册数学,4,1
七大校联考,15,1
七宝高三下数学,8,1
七年新生,9,1
七年級历史 2025 2026年七年级下册期末,2,1
七年级 下册,21,1
七年级 数学 方程组,2,1
七年级 新人教 语法,1,1
七年级上下册数学试卷,1,1
七年级上下册综合数学试卷,2,1
七年级上册人教版地理期末试卷,10,1
七年级上册人教版生物期末试卷,4,1
七年级上册人教版语文书,3,1
七年级上册北师大版数学练习题,5,1
七年级上册地理生物期末,24,1
七年级上册必背古诗文,5,1
七年级上册数学人教版相关练习题,1,1
七年级上册数学前4单元测试,3,1
七年级上册数学北师大版,14,1
七年级上册数学整式专题,6,1
七年级上册数学整式加减法专题,3,1
七年级上册数学期中测试卷,1,1
七年级上册数学期末,1,1
七年级上册数学期末考试,1,1
七年级上册数学第一单元,2,1
七年级上册数学第一单元第二课识,1,1
七年级上册数学第二单元试卷,4,1
七年级上册数学青岛版期末,1,1
七年级上册数学，月考卷,7,1
七年级上册整式加减题,8,1
七年级上册有理数乘法第一课时练习,1,1
七年级上册期末语文,15,1
七年级上册期末语文默写,7,1
七年级上册沪教压轴题,3,1
七年级上册生物试卷,9,1
七年级上册知识点,1,1
七年级上册第一单元测试卷数学免费,2,1
七年级上册第一学期月考,6,1
七年级上册第一章数学试卷,30,1
七年级上册英语书电子版,1,1
七年级上册英语人教版,4,1
七年级上册英语单词表,4,1
七年级上册英语月考,7,1
七年级上册英语第3单元,1,1
七年级上册英语语法,1,1
七年级上册英语配套音频,5,1
七年级上册角的旋转压轴题,1,1
七年级上册译林牛津版英语必刷题P 53页,1,1
七年级上册语文单元试卷,7,1
七年级上册语文第一单元测试卷,15,1
七年级上册语文第期中测试卷,9,1
七年级上册语文试卷,1,1
七年级上册语法,3,1
七年级上册连江县数学期中考,1,1
七年级上册道法书,3,1
七年级上册重点复习,3,1
七年级上册预习数学,2,1
七年级上地理龙岩,2,1
七年级上地理龙岩新罗区,4,1
七年级上学期 期中测试卷,11,1
七年级上学期地理期末卷,5,1
七年级上学期第一次月考,7,1
七年级上学期英语完形填空,6,1
七年级上学期英语期末卷,21,1
七年级上开学英语,2,1
七年级上数学,1,1
七年级上数学宝安外国语,3,1
七年级上数学计算 100专项训练计算专项有理数,4,1
七年级上数学计算 100专项训练计算专项有理数人教版,2,1
七年级上数学计算 100专项训练计算专项负数,3,1
七年级上数学龙岩,2,1
七年级上期数学有理数人教版,3,1
七年级上期数学有理数加减人教版,5,1
七年级上第一次月考数学,1,1
七年级上第一次月考数学龙岩,8,1
七年级上第一次月考龙岩,2,1
七年级上英语,5,1
七年级上英语期末,1,1
七年级下人教版数学计算题,3,1
七年级下人教版数学计算题专项,2,1
七年级下人教版计算题,1,1
七年级下册 期末测试卷,5,1
七年级下册2024~2025生物徐州市邳州期末试卷,1,1
七年级下册人教版,1,1
七年级下册人教版数学书答案,1,1
七年级下册人教版数学答案,1,1
七年级下册人教版英语,1,1
七年级下册人教版英语完型填空,3,1
七年级下册人教版英语期末,1,1
七年级下册人教版英语期末湖北,4,1
七年级下册人教版英语期末湖北2025-2026,2,1
七年级下册人教版英语枣阳,6,1
七年级下册人教版英语第六七八单元试卷,2,1
七年级下册人教版语文期末考试题,2,1
七年级下册几何专项练习题150道,9,1
七年级下册北师大版数学书知识点,3,1
七年级下册北师大版数学学海风暴,1,1
七年级下册地理中图板期末卷,14,1
七年级下册地理期末试卷,2,1
七年级下册地理，2025年人教版福建省福州市延安中学,1,1
七年级下册岳池县2026年数学,8,1
七年级下册德清县数学期末,2,1
七年级下册拓展阅读,6,1
七年级下册数学书,2,1
七年级下册数学六大题型解答题PDF 免费,1,1
七年级下册数学北师大版,1,1
七年级下册数学期中考试,1,1
七年级下册数学期末卷,9,1
七年级下册数学期末温州,1,1
七年级下册数学综合试卷,3,1
七年级下册数学综合试卷重庆卷,5,1
七年级下册每日一道数学几何图形压轴题,6,1
七年级下册每日一道数学几何模型压轴题,2,1
七年级下册每日一道数学压轴题,1,1
七年级下册江西景德镇,6,1
七年级下册江西景德镇答案,1,1
七年级下册江西省吉安市泰和县期末历史试卷,3,1
七年级下册江西省吉安市泰和县期末试卷,2,1
七年级下册生物思维导图,1,1
七年级下册第七章,4,1
七年级下册第七章单元检测,2,1
七年级下册统编版语文书,3,1
七年级下册英语专项 人教版,2,1
七年级下册英语书,15,1
七年级下册英语人教版,7,1
七年级下册英语人教版免费视频,1,1
七年级下册英语人教版期末安徽宿州埇桥,3,1
七年级下册英语冀教版期末考试卷难题,12,1
七年级下册英语冀教版陕西期末考试卷难题,1,1
七年级下册英语单词,3,1
七年级下册英语听力试卷,2,1
七年级下册英语拓展阅读,2,1
七年级下册英语拓展阅读人教版,4,1
七年级下册英语暑假每日一练,12,1
七年级下册英语期未听力,1,1
七年级下册英语期末试卷山东省临沂市,3,1
七年级下册英语词汇,14,1
七年级下册英语课外专项,2,1
七年级下册英语课外专项 人教版,4,1
七年级下册英语阅读填词人教版,2,1
七年级下册语文,1,1
七年级下册语文 期末测试卷南昌,2,1
七年级下册语文全国质量抽测,9,1
七年级下册语文期末试卷,86,1
七年级下册语文期末试卷 2026,5,1
七年级下册语文试卷7页,25,1
七年级下册课外阅读 人教版,6,1
七年级下学期期末烟台英语,1,1
七年级下学期期末考试英语,1,1
七年级下学期期末考试英语江苏,8,1
七年级下学期期末考试试卷,1,1
七年级下学期阶段检测,1,1
七年级下数学,5,1
七年级下数学专题练习,4,1
七年级下数学南岸,2,1
七年级下语文所有篇目,1,1
七年级下语文试卷,3,1
七年级下道德与法治南岸,4,1
七年级下道法南岸,4,1
七年级中国近代史思维导图或者时间轴,1,1
七年级人教版,4,1
七年级人教版提升卷,1,1
七年级人教版英语试卷,9,1
七年级入学分班考,7,1
七年级入学分班考英语,8,1
七年级入学分班考试 数学,1,1
七年级入学考试,1,1
七年级全册,9,1
七年级几何 大题型提分练,2,1
七年级几何专题,2,1
七年级分开,1,1
七年级分班考山东省枣庄市,1,1
七年级分班考昆明,2,1
七年级分班考试河南,10,1
七年级分班考试英语,3,1
七年级励才,1,1
七年级北师大版,2,1
七年级单位,1,1
七年级单元测试卷,37,1
七年级单词,1,1
七年级单词，沪教牛津版,11,1
七年级历史,1,1
七年级历史卷子,1,1
七年级历史默写,3,1
七年级地理北师大版,6,1
七年级小四门综合训练题,3,1
七年级平泉地理期末考试卷,1,1
七年级开学,3,1
七年级开学考,2,1
七年级提升卷,6,1
七年级数学上册举一反三系列,9,1
七年级数学上册华东师大版,1,1
七年级数学上册高效培优讲义,1,1
七年级数学几何重点难点,2,1
七年级数学动角类,1,1
七年级数学北京出版社,1,1
七年级数学北师大版,15,1
七年级数学北师大版七年级期末试题,8,1
七年级数学卷子,1,1
七年级数学压轴,1,1
七年级数学压轴动角,1,1
七年级数学压轴题,3,1
七年级数学暑假素养导学,2,1
七年级数学期末考试,1,1
七年级数学期末试卷,1,1
七年级数学第一次月考,1,1
七年级数学第二次月考,8,1
七年级数学联合杯数学竞赛,10,1
七年级数学计算 100专项训练计算专项,1,1
七年级数学计算100题,1,1
七年级数学计算专题,30,1
七年级新生,28,1
七年级昆明分班考卷,1,1
七年级暑假作业快乐度暑假答案,8,1
七年级暑假作业快乐度暑假答案宿迁市沭阳县,3,1
七年级暑假作业本答案,3,1
七年级有理数加减法专项训练100题,13,1
七年级有理数混合运算100题,4,1
七年级期末,5,1
七年级期末卷,1,1
七年级期末卷陕西,13,1
七年级期末试卷,17,1
七年级河北区第二学期历史期末试卷,2,1
七年级河北区第二学期历史期末试卷道法,1,1
七年级测试,6,1
七年级生物人教版,5,1
七年级生物北师大版,16,1
七年级第一二单元,4,1
七年级第一次月考,5,1
七年级综合,1,1
七年级英语,10,1
七年级英语上册,1,1
七年级英语上册月考,1,1
七年级英语上册期末考试,1,1
七年级英语人教版阅读理解,6,1
七年级英语免费试卷,4,1
七年级英语单词 背默新人教版,5,1
七年级英语外研版上册知识点,8,1
七年级英语字帖 衡水体,9,1
七年级英语完形填空,1,1
七年级英语新仁爱版,6,1
七年级英语第一单元测试卷,2,1
七年级英语调研测试，开学考,6,1
七年级英语鲁科版,1,1
七年级角动点,3,1
七年级计算,3,1
七年级计算100题,1,1
七年级计算100题 计算专项,3,1
七年级计算专题,6,1
七年级译林上册第四单元,5,1
七年级试卷,8,1
七年级语文期末试卷,1,1
七年级语法专项练习,4,1
七年级语法填空专项练习,3,1
七年级雄安,10,1
七彩联盟,5,1
七彩联盟开学考,3,1
七彩联盟高三返校考,1,1
七彩阳光2025,3,1
七彩阳光新高考,7,1
七星关区第一实验学校姨夫,15,1
七树庄初中开学模拟考卷子,15,1
七校,4,1
七校协作体,13,1
七校联考,13,1
七选五 100篇,2,1
七选五专题,1,1
七选五外研版,1,1
万中,3,1
万位以上的数,3,1
万全区2023到2024年学年第二学期学业水平测试五年级数学试卷,4,1
万唯初三,1,1
万唯地理填图,1,1
万唯地理填图湘教,3,1
万唯大小卷,3,1
万唯大小卷相似三角形,4,1
万唯试题研究,1,1
万宁北师大，高一上册各科试卷,4,1
万州七下华师大数学区统考,1,1
万州七下地理区统考,3,1
万州上海中学,2,1
万州二中,3,1
万州二中实验中学高一上学期物理,2,1
万州二中实验中学高二上学期物理,2,1
万州二中英语,8,1
万州八上华师大数学区统考,6,1
万州八年级下期末,2,1
万州区2025年8年级上册数学期末试卷,15,1
万州区6年级上册真题卷,5,1
万州区初一,2,1
万州区初一文德,5,1
万州合格性考试的数学,1,1
万州第二高级中学校八年级下期末,1,1
万州结业考试,4,1
万州高三合格性考试数学,3,1
万有引力与宇宙航行测试卷,4,1
万福路中学,1,1
万维基础卷,1,1
万象新天初一分班考,6,1
万达,1,1
三 年级,5,1
三上四会单词表,5,1
三上英语译林版期中考试,4,1
三上英语香坊区2021,29,1
三上语文期末卷长沙,7,1
三下期末,1,1
三中月考,8,1
三中期末,1,1
三中漳州,13,1
三中点模型,5,1
三中高三英语,4,1
三二政治,2,1
三亚人大附中高二期末,1,1
三亚人民大学附属中学,1,1
三亚市八年级上地理考试,4,1
三余阅读（跨越智慧语文），全新编写适配统编教材同步拓展阅读资源。,1,1
三元一次方程组,9,1
三创自招,1,1
三十七中,4,1
三十四,1,1
三十四中,1,1
三十四师魏巍全文,6,1
三千五,4,1
三千五百词乱序,6,1
三升四语文暑假阅读理解,3,1
三升四语文暑假阅读理解 三颗银杏树,2,1
三升四语文阅读理解和答案,5,1
三升四语文阅读理解暑假每日一练,7,1
三升四阅读理解和答案,2,1
三原县东郊中学八上物理月考,15,1
三原县八上物理东郊中学月考,7,1
三原县八上物理月考东郊中学,1,1
三台县七年级上册语文试卷,12,1
三国演义,4,1
三堆,4,1
三大从句,2,1
三大从句高考核心,1,1
三大从句高考真题,1,1
三大从句高考真题 高考,1,1
三小,1,1
三帆中学,1,1
三年(2023-2025)高考数学真题分类汇编 复数 全国通用,4,1
三年真题,1,1
三年真题分类汇编,1,1
三年真题分类汇编物理,1,1
三年真题碳规律,1,1
三年级 奥数,7,1
三年级上,1,1
三年级上册,4,1
三年级上册人教版英语语法,3,1
三年级上册数学教导视频,2,1
三年级上册数学第一单元,3,1
三年级上册数学计算题,9,1
三年级上册第1单元鲁湘版测试卷,4,1
三年级上册英语人教版本ppt,3,1
三年级上册英语课本,1,1
三年级上册语文课文背诵重点,3,1
三年级上学期期中汶上县,5,1
三年级上期中考试,1,1
三年级上英语试卷,1,1
三年级上英语试卷译林版,1,1
三年级下人教版数学第六单元测试卷,4,1
三年级下册人教版英语语法,17,1
三年级下册北师大版期末考竞赛难题,5,1
三年级下册北师大版期末考试试卷数学,25,1
三年级下册数学,1,1
三年级下册数学期末,1,1
三年级下册数学期末卷人教版,1,1
三年级下册数学竞赛,1,1
三年级下册期末试卷,1,1
三年级下册英语期末卷安徽芜湖,6,1
三年级下册语文期末试卷,9,1
三年级下学期期末,2,1
三年级下学期阶段检测,1,1
三年级人民教育出版社上册英语语法,6,1
三年级单位换算表。,2,1
三年级口算题,1,1
三年级教材,4,1
三年级数学,1,1
三年级数学上北师大,2,1
三年级数学应用题,8,1
三年级数学期末题库,6,1
三年级数学求面积补形,3,1
三年级数学混合运算,3,1
三年级数学第一单元,4,1
三年级英语,16,1
三年级英语上册第一单元,7,1
三年级英语单词,3,1
三年级英语单词跟读,6,1
三年级英语课件,2,1
三年级译林版英语上册音频下载,1,1
三年级语文上册五单元试卷,3,1
三年高考两年模拟2027云南版生物,1,1
三年高考两年模拟2027云南版生物 单元检测卷,1,1
三年高考两年模拟生物 单元检测卷,2,1
三年高考数学真题,4,1
三年高考真题分类汇编,5,1
三新联考,4,1
三新联考高三数学,6,1
三明,69,1
三明8年级数学,59,1
三明八年级下学期数学,3,1
三明市,4,1
三明市2024-2025高二下学期期末数学,1,1
三明市2025 2026,5,1
三明市2025-2026高二下学期期末数学,1,1
三明市三元区,1,1
三明市中考数学考卷,2,1
三明市二中,3,1
三明市数学,11,1
三明市物理,5,1
三明物理,1,1
三明物理八年级,14,1
三明物理八年级期末考卷,4,1
三星,1,1
三星模型,1,1
三晋,2,1
三林中学,3,1
三校联考广大附高一下,2,1
三校联考语文,5,1
三校联考高一下,1,1
三次函数,3,1
三次多项式的因式分解,2,1
三步备战中考记叙文,1,1
三步备战中考记叙文 良师三步作文,8,1
三步备战记叙文,3,1
三段论推理,1,1
三段论推理政治,2,1
三江实验,1,1
三河市,2,1
三河市第二实验中学,2,1
三湘名校教育联盟2024,8,1
三灶,1,1
三灶学校,1,1
三点分层,1,1
三点分层作业,5,1
三点分层试卷,3,1
三省,3,1
三省四市,3,1
三线八角,4,1
三经路,7,1
三维物理,5,1
三维设计,17,1
三维设计 2026人教版高中政治,1,1
三维设计 2026人教版高中正主,1,1
三维设计 2027高中总复习 物理（广东新高考专版/人教版提升版）,5,1
三维设计 2027高中总复习》（江苏JS专用版,3,1
三维设计 2027高中总复习物理》（江苏JS专用版,3,1
三维设计 物理,6,1
三维设计2027化学,1,1
三维设计2027数学,3,1
三维设计思想政治必修三,1,1
三维设计英语,1,1
三维设计选,1,1
三维设计选修三,1,1
三角函数 专题复习,3,1
三角函数 专题复习 一轮,1,1
三角函数 专题训练,3,1
三角函数 题型大全,2,1
三角函数2,3,1
三角函数27一轮,1,1
三角函数w单位,3,1
三角函数一轮复习2027 备考专题数学,1,1
三角函数一轮复习2027 数学,5,1
三角函数三角恒等变换,4,1
三角函数与解三角形试卷,3,1
三角函数专项,1,1
三角函数专项卷子,1,1
三角函数专题卷,6,1
三角函数买家秀,1,1
三角函数公式高中,5,1
三角函数化简,3,1
三角函数单元测试卷,6,1
三角函数卷,3,1
三角函数压轴题,3,1
三角函数取值范围,8,1
三角函数周测,5,1
三角函数和解三角形,19,1
三角函数图像与性质 复习 一轮复习,4,1
三角函数图像变换,2,1
三角函数复习,3,1
三角函数多解问题,4,1
三角函数大题 2026 专题练习,1,1
三角函数定义基础题,4,1
三角函数对偶式,1,1
三角函数恒等变化一轮复习,7,1
三角函数恒等变换公式,5,1
三角函数情意伸缩变化,4,1
三角函数拔高,6,1
三角函数拔高高一,2,1
三角函数教案,15,1
三角函数求w的范围,6,1
三角函数测试卷,4,1
三角函数的图像与性质,3,1
三角函数的平移变换,6,1
三角函数练习题,3,1
三角函数综合题,1,1
三角函数计算题,27,1
三角函数诱导公式,4,1
三角函数重难点,2,1
三角函数题,1,1
三角函数高中,1,1
三角函数高考一轮复习,6,1
三角函数，相似,5,1
三角形与角有关的四种模型,4,1
三角形中的经典模型,1,1
三角形人教版,3,1
三角形全等,3,1
三角形全等 拔高 培优常考模型,3,1
三角形内角和与外角的应用,4,1
三角形动点问题,4,1
三角形单元测试,13,1
三角形同一顶点角平分线和高线 角度探究 高分线模型 动点 F在AD延长线上 FE垂直BC,5,1
三角形基础,1,1
三角形截长补短,2,1
三角形最值,8,1
三角形模型,4,1
三角形模型证明,16,1
三角形的中线定理,1,1
三角形的中线定理，角平分线定理，斯库顿定理,14,1
三角形的倒角模型,5,1
三角形的倒角模型6大基本模型,12,1
三角形的四心,1,1
三角形相似,1,1
三角形第一单元测试,16,1
三角形角平分线,8,1
三角形角度计算基础解答题,1,1
三角形证明全等,3,1
三角形辅助线,3,1
三角恒等变换一模,1,1
三角恒等变换一轮复习,2,1
三角恒等变换培优,4,1
三角恒等变换选填题,1,1
三角恒等变换题目,6,1
三角恒等变换题目人教版,2,1
三角恒等变换高考真题,3,1
三角换元,1,1
三角换元方法函数求值域,7,1
三角换元求最值,1,1
三鑫学校高一第一学期月考,9,1
三鑫学校高一第一学期英语月考,1,1
三鑫学校高一第一学期语文月考,2,1
三钉非常1+1备考专用 高三英语模拟试题（三）,3,1
三门峡,1,1
三门峡市2022  2023学年下学期期末考试七年级,12,1
三门峡市2023  2024学年下学期期末考试七年级,14,1
三门峡市2026初中学业水平考试生物地理会考,1,1
三门峡期末统考,1,1
三门峡英语,3,1
上 好 课,2,1
上 好课八年级科学,1,1
上 好课八年级科学上册,2,1
上 好课北师大版,29,1
上 好课北师大版高二上册期末试卷,6,1
上 好课科学,2,1
上 好课系列,1,1
上交附中,6,1
上分卷,2,1
上分卷八年级英语,1,1
上分攻略,1,1
上地实验,2,1
上城区,3,1
上外附中,3,1
上好 课,1,1
上好卷,1,1
上好棵,1,1
上好课 2026年新七年级数学暑假自学课,1,1
上好课 2026年高二英语寒假作业,1,1
上好课 2027年高考数学,2,1
上好课 2027年高考数学一轮复习讲练测,1,1
上好课 2027年高考数学一轮复习讲练测 全国通用,6,1
上好课 2027年高考数学一轮复习高考培优系列,3,1
上好课 2027高考复习知识清单,3,1
上好课 高考复习知识清单,1,1
上好课2025高考英语,1,1
上好课2026年高二英语寒假作业 人教版,8,1
上好课2026高一语文暑假作业,3,1
上好课2026高考英语,1,1
上好课同步精品课堂,5,1
上好课高一下学期期末模拟卷数学,1,1
上学期期中,6,1
上学期期末试卷,4,1
上学期第一次,6,1
上宝中学,1,1
上实东滩,1,1
上师附外,7,1
上杭一中,3,1
上杭县,2,1
上杭县2024至2025学年第二学期期末质量检查七年级英语试题,3,1
上栗中学2027届高三英语学科暑期检测卷,2,1
上海  数学,4,1
上海 02 6 初三 一模,5,1
上海 02 6 初三 三模,1,1
上海 一模 2026,3,1
上海 二模卷,1,1
上海 初中 分班考,3,1
上海 圆 中考压轴,1,1
上海 高考 波粒二象性,3,1
上海 高考 波粒二象性 难点,2,1
上海 高考物理 波粒二象性 难点,5,1
上海2024年崇明区高三一模英语,3,1
上海2024年青浦区高三一模英语,7,1
上海2024年静安区高三一模英语,1,1
上海2026年中考卷化学,4,1
上海2026年中考卷物理,3,1
上海2026年高考英语试卷,3,1
上海2026朱泾小学,4,1
上海2026高三一模,4,1
上海2026高考语文卷,2,1
上海27年中考样卷,1,1
上海一模,3,1
上海一模卷,1,1
上海七上语文月考卷,4,1
上海七下期末英语,14,1
上海七宝中学期中,1,1
上海七年级上册数学张江高科,4,1
上海七年级上学期期末,2,1
上海七年级下学期期中语文,1,1
上海七年级数学,5,1
上海专用   一卷搞定,4,1
上海东滩实验高级中学,2,1
上海中医药,2,1
上海中学  化学,7,1
上海中学  物理,3,1
上海中学 数学,1,1
上海中学 高一下,2,1
上海中学 高一下 物理,12,1
上海中学东校,1,1
上海中学东校2025高一数学期中质量,1,1
上海中学物理,15,1
上海中学英语,1,1
上海中学高一,4,1
上海中学高三,6,1
上海中学高三数学,2,1
上海中学高三英语,1,1
上海中学高中数学,1,1
上海中学高中英语,2,1
上海中学高二化学,6,1
上海中学高二数学,3,1
上海中考 一模 2026,2,1
上海中考一模数学真题汇编,2,1
上海中考一模真题汇编,1,1
上海中考化学公式,3,1
上海中考数学2026,5,1
上海中考真题,1,1
上海中考英语,1,1
上海中考英语 2026,1,1
上海中考英语2026,6,1
上海中考语文,1,1
上海九上期中考试,1,1
上海九年级化学知识点总结,3,1
上海九年级英语,3,1
上海二年级上学期阶段检测,6,1
上海五年级下学期期中,9,1
上海五年级下学期期末,1,1
上海五年级下学期阶段检测,3,1
上海交通大学,1,1
上海交通大学化学强基试题,1,1
上海交通大学附属中学 9月,15,1
上海交通大学附属中学 阶段,1,1
上海位育,5,1
上海免费高三一模卷数学,3,1
上海八上期末物理,3,1
上海八下历史,8,1
上海八下历史期末,7,1
上海八年级上学期期中,2,1
上海八年级数学周测,2,1
上海八年级数学第一次月考,2,1
上海六年级上学期阶段检测,1,1
上海六年级地理期末下,1,1
上海六年级数学,1,1
上海六年级数学期末,3,1
上海初一语文试卷,1,1
上海初中古诗文,1,1
上海初中古诗文汇总,10,1
上海初二语文试卷,1,1
上海化学,5,1
上海化学教材,1,1
上海化学高一试卷,3,1
上海化学高一试卷市市,1,1
上海化学高一试卷市市北,1,1
上海化学高一试卷硫,3,1
上海升学真题,1,1
上海华东师范大学第二附属中学,8,1
上海华二 数学,1,1
上海华二英语试卷,2,1
上海华师大 数学,3,1
上海华育,13,1
上海单元练习,7,1
上海压轴题,2,1
上海复兴中学,1,1
上海复兴初三中学,1,1
上海复旦 数学,5,1
上海复旦二附校,2,1
上海复旦附  化学,4,1
上海复旦附中高一上期末试题及答案,5,1
上海复附,6,1
上海复附  化学,6,1
上海复附  数学,7,1
上海外国语大学三亚附属中学,4,1
上海外国语大学附属外国语学校,2,1
上海外国语大学附属浦东外国语学校,2,1
上海大学 高二上 物理期末,1,1
上海奉贤七下期末英语,1,1
上海学生英文报,1,1
上海实验学校东滩高级中学,3,1
上海实验小学,2,1
上海小学,5,1
上海川沙高一上月考,10,1
上海川沙高一上英语月考,6,1
上海市上海中学,11,1
上海市中考道法历史试卷,12,1
上海市八年级上册物理期中试卷,12,1
上海市初三一模,5,1
上海市初三二模,10,1
上海市华东师范大学第二附属中学2024-2025学年高三上学期9月月考语文试题 （原卷版+解析版）,3,1
上海市复旦附中,8,1
上海市复旦附中2025-2026学年高三上开学考语文,6,1
上海市实验 高三上 摸底 英语,3,1
上海市实验学校东滩高级中学,1,1
上海市实验学校东滩高级中旬,1,1
上海市崇明区2023年到2024学年五年级下学期期末英语试卷,2,1
上海市延安中学高一历史,6,1
上海市普陀区2025届高三第二学期质量调研 化学（二模）,13,1
上海市曹杨二中2025-2026学年高三上开学考数学,8,1
上海市曹杨二中2025-2026学年高三上开学考数学试卷和答案,2,1
上海市曹杨二中2025-2026学年高三上开学考语文,9,1
上海市格致中学二零二五学年度第二学期期末考试高二年级英语试卷,3,1
上海市格致初级中学2025-2026学年九年级（五四学制）上学期第一次月考语文试题（学科网收录）,10,1
上海市梅陇中学九年级上,4,1
上海市梅陇中学九年级上物理期中试卷,3,1
上海市浦东新区2025-20266学年六年级期末,1,1
上海市浦东模范中学2025-2026学年第二学期期末试卷,1,1
上海市竹园中学,1,1
上海市第一中学语文八下,6,1
上海市第一中学语文八下期末卷,1,1
上海市英语初三,2,1
上海市英语初三复习,4,1
上海市英语初三补考,9,1
上海市虹口区2014高三二模,1,1
上海市虹口区2014高三二模英语,7,1
上海市进才中学20242025年英语,4,1
上海市进才中学2025-2026学年高一 上学期12月考试物理试卷,1,1
上海市闵行区七上,3,1
上海市闵行区六年级下册数学,1,1
上海市闵行区田园外国语中学,7,1
上海市闵行区田园外国语中学八下数学卷子,4,1
上海市静安区,2,1
上海市高中 分班考,2,1
上海市高桥中学,9,1
上海市高桥中学 分班,2,1
上海延安中学,5,1
上海延安高三英语,1,1
上海建平,2,1
上海建平中学,2,1
上海开学,15,1
上海强基考试题,5,1
上海徐汇,3,1
上海徐汇八上数学,6,1
上海徐汇高三语文试卷,4,1
上海思想政治合格考,9,1
上海思源,3,1
上海教育出版社五年级上册英语书新课标,1,1
上海数列专项练习,1,1
上海数学,3,1
上海数学一模,2,1
上海数学竞赛,6,1
上海文来中学,5,1
上海春考英语,1,1
上海期中,5,1
上海期末,1,1
上海杨浦一模,1,1
上海杨浦区存志中学七上数学月考,3,1
上海杨浦语文一模,1,1
上海模考水解专题,2,1
上海模考真题盐类水解,3,1
上海浦东小升初,4,1
上海物理合格考,3,1
上海生物合格考,20,1
上海田林中学,2,1
上海真题汇编,1,1
上海第二工业大学附属龚路中学,4,1
上海紫阳中学,4,1
上海联考,1,1
上海育才中学,2,1
上海英语完形填空,10,1
上海英语期中,2,1
上海英语高考十一选十,1,1
上海英语高考十一选十专项,3,1
上海英语高考考秋考学习资料专辑,6,1
上海行知,4,1
上海语文2026一模,2,1
上海进才,2,1
上海金山中学,2,1
上海长宁高三数学试卷,6,1
上海长宁高三语文试卷,3,1
上海闵行区小学语文阅读理解,4,1
上海闵行区小生初语文真题,2,1
上海阶段检测,3,1
上海陆行中学,8,1
上海青浦区朱家角中学,2,1
上海高一,3,1
上海高一上期中数学,2,1
上海高一上期末数学,8,1
上海高一上英语月考,1,1
上海高一下学期数学,1,1
上海高一下学期数学期末考试,1,1
上海高一下学期物理期末考试,5,1
上海高一下数学期末,1,1
上海高一化学,1,1
上海高一历史月考,5,1
上海高一学习资料,3,1
上海高一数学向量,6,1
上海高一数学向量专题练习,4,1
上海高一数学向量综合练习题,1,1
上海高一数学期中试卷,4,1
上海高一英语月考,1,1
上海高三下学期期末,1,1
上海高三二模精品解析,7,1
上海高三二模精品解析物理,2,1
上海高三卷,2,1
上海高三历史,2,1
上海高三市重点卷,4,1
上海高三英语,11,1
上海高三英语一模考,5,1
上海高三英语二模,49,1
上海高三英语卷,3,1
上海高三语文试卷,4,1
上海高中,3,1
上海高中数列,10,1
上海高中数列专题,1,1
上海高中数列基础题,2,1
上海高中数列求和类题目,1,1
上海高中数学2026一模,6,1
上海高中数学空间向量定理,3,1
上海高中联考,1,1
上海高中英语,3,1
上海高二上10月月考数学育才,7,1
上海高二上学期期中,4,1
上海高二上月考数学育才,1,1
上海高二下期中试卷,1,1
上海高二物理建平,7,1
上海高桥中学,4,1
上海高考 英语一模 听力,1,1
上海高考函数与导数,2,1
上海高考化学,3,1
上海高考化学2025,1,1
上海高考卷英语,4,1
上海高考政治,3,1
上海高考数学,1,1
上海高考模拟卷202届年iread合集1-5（PDF含答案和听力和作文范,3,1
上海高考物理分类汇编,1,1
上海高考物理模拟试卷,4,1
上海高考真题汇编,2,1
上海高考英语一模,2,1
上海高考语文,1,1
上海高考语文作文,1,1
上海黄浦中考,1,1
上海黄浦区2026模拟考,6,1
上蔡一高,6,1
上蔡县,5,1
上虞区五上语文期末卷,3,1
上饶,1,1
上饶市2026高一下学期期末考试,1,1
上饶市一中,5,1
上饶市弋阳县华师高中数学暑假作业,2,1
上饶市联考,10,1
上饶期末数学,1,1
下关一中高一,3,1
下关一中高一见面,1,1
下午大战六学年 湖南省长沙市。青竹湖湘一外国语学校8年级上第一次月考语文试卷。,3,1
下堡中心校,6,1
下学,2,1
下学期佛山市普通高中高二日语,6,1
下载初二下册的对应的习题,16,1
不准温度计题,1,1
不动点数列,1,1
不动点法和特征根法求数列通项公式,1,1
不定代词,3,1
不定冠词和定冠词,6,1
不定项,3,1
不等式与不等式组,4,1
不等式专练,4,1
不等式专项练习,4,1
不等式及其性质,4,1
不等式复杂,1,1
不等式应用题专题训练,3,1
不等式应用题高一,3,1
不等式性质的应用,4,1
不等式的性质,2,1
不等式组计算题,4,1
不等式计算题,4,1
不等式进阶练习题,1,1
不能忘记的一面之识,2,1
不限高一下学期期末,6,1
与三角形有关的线段,9,1
与量有关的离子反应方程式的书写,3,1
丑,1,1
专升本2024年真题,6,1
专升本2025年真题英语,3,1
专升本2026年真题,1,1
专转传范文,1,1
专題,7,1
专项3函数,2,1
专项提升训练：分数除法（一）（专项练习）-2026-2027学年数学六年级上册（北师大版）,1,1
专项数学,1,1
专项数学必修一,2,1
专项突破结构,21,1
专项训练,5,1
专项训练有知识点和解题方法圆锥自学圆锥曲线解析几何一体几何,3,1
专项训练高一,1,1
专项高考试题,2,1
专题 0 1,1,1
专题 0 1 全国通用,3,1
专题 12 自学 人教,2,1
专题 15 中考二轮复习,1,1
专题 15 电流和电路 电压 电阻,1,1
专题 阅读理解 七选五,9,1
专题01  轻松破解函数解析式的十大题型,2,1
专题01 三角函数(7大题型63题) 期末真题汇编 江西专用 高一下,3,1
专题01 地球与地图（填图速记）【上好课】高中区域地理填图速记与演练手册（全国通用,1,1
专题01 知识点2：集合的基本运算 专项训练-2027届高三数学一轮复习,3,1
专题01 集合及集合知识压轴型应用12大题型（培优题型清单,3,1
专题01 集合及集合知识压轴型应用12大题型（培优题型清单）（全国通用）,6,1
专题01古代史·选择题,3,1
专题01古代史·选择题河南省,8,1
专题01抽象函数问题,3,1
专题01描述运动的基本概念,15,1
专题01描述运动的基本概念，全国一轮复习,6,1
专题02 不等式（专项训练）2026年高考数学真题题源解密,3,1
专题02 不等式（专项训练）（上海专用）2026年高考数学真题题源解密,1,1
专题02 世界地理概况（填图速记）【上好课】高中区域地理填图速记与演练手册（全国通用,1,1
专题02 函数（专项训练）2026年高考数学真题题源解密,6,1
专题02 必修第三册Unit1~Unit3（期末复习知识清单）（原卷版）.,1,1
专题02 期末复习易错题47个考点（举一反三期末专项训练）七年级数学下学期新教材华东师大版,3,1
专题02 离子反应(知识清单)(全国通用)2027年高考化学一轮复习讲练,3,1
专题02 第六章 解三角形,9,1
专题02 遗传的理论基础,8,1
专题02三国两晋南北朝,7,1
专题02基因的理论基础,1,1
专题02基因的表达,3,1
专题02期末复习易错题47个考点,3,1
专题02期末复习易错题47个考点 参考答案,2,1
专题02理论基础,4,1
专题02的理论基础,1,1
专题02解三角形,7,1
专题02解三角形山东,1,1
专题02遗传的理论基础,2,1
专题03 三角函数与解三角形,6,1
专题03生物变异,4,1
专题03速度测量。,2,1
专题03遇到中点如何添加辅助线模型,5,1
专题04 圆,1,1
专题04 圆13知识,1,1
专题04 填空,1,1
专题04 填空压轴题,9,1
专题04 统计（期末复习讲义）,1,1
专题04生物的变异与育种,10,1
专题04统计（期末复习讲义）,1,1
专题05,1,1
专题05 动能定理及其应用（7大题型）（期末专项训练）高一物理下学期人教版,3,1
专题05 直线与圆,6,1
专题05 遗传的基本规律（10年汇编）（全国通用）2017-2026年高考生物真题分,4,1
专题05 阅读理解——议论文（专项训练）（全国通用）2027年高考英语一轮复习讲练测,4,1
专题05直线与圆三年汇编,2,1
专题06三角函数,1,1
专题06完形填空,4,1
专题06有理数的混合运算,4,1
专题06有理数的混合运算强化训练,4,1
专题06有理数的混合运算强化训练（计算专项训练）,28,1
专题07 解三角形,23,1
专题07 解三角形5年汇编,2,1
专题07 解三角形（5年汇编）（全国通用）2022-2026年高考数学真题分类汇编,3,1
专题08 Unit 4,2,1
专题08 Unit 4Exploring,1,1
专题08 动物生命活动的,1,1
专题08 动物生命活动的调节,1,1
专题08几何,1,1
专题08几何重庆,3,1
专题08：串并联电路、动态电路分析,10,1
专题09：动态电路分析 + 含容电路 + 电路故障,6,1
专题10,3,1
专题10 化学与人类社会进步,1,1
专题10对比阅读,1,1
专题10诗词文言文对比阅读,1,1
专题11,3,1
专题14 完形填空（新高考15空）（3年汇编）（全国通用）2024-2026年高考英语真,4,1
专题14有机合成与推断,15,1
专题15 引语式材料作文,5,1
专题15中国的自然环境,1,1
专题15热学,16,1
专题17中,1,1
专题17中国的地理差异,1,1
专题21 语法填空 | 语法填空,1,1
专题21语法填空,7,1
专题3.2.2非谓语动词之-ed分词,3,1
专题3.3 解三角形大题归纳（培优热点专练）（全国通用）（解析版）.docx,11,1
专题3.3解三角大题归纳,5,1
专题35最值模型之非马点模型。,2,1
专题36最值模型之逆等线模型。,2,1
专题38 导数的隐零点问题必刷100题,16,1
专题3常见无机物机以及应用,2,1
专题4.6,1,1
专题4.6 指、对数函数的综合应用大题专项训练,8,1
专题41,2,1
专题41 电磁波 原子 星系 能源与电源,9,1
专题41 电磁波 原子 星系 能量与能源,6,1
专题4组成细胞的分子,7,1
专题5,1,1
专题5 阅读理解,3,1
专题5对数对数函数,1,1
专题5政治选择题,1,1
专题7.3  三角函数的图像和性质,3,1
专题8离子方程式的书写及正误判断,1,1
专题8离子方程式的书写及正误判断化学,4,1
专题9英语,1,1
专题一中国古代史选择题汇编,6,1
专题一中国古代史选择题汇编 山东专用,9,1
专题一教材经典实验---溯源回归与变式迁移精研,1,1
专题七有理数,1,1
专题七有理数加减,5,1
专题二一元,1,1
专题二举一反三专项训练,5,1
专题二形容词副词,3,1
专题动量守恒练习,4,1
专题化学平衡,7,1
专题化学平衡人教版,16,1
专题卷数学,3,1
专题四五大常考话题英语,4,1
专题四平面向量的综合运用,2,1
专题培优,1,1
专题对数对数函数,1,1
专题强化3,3,1
专题恒定电流,8,1
专题数学,1,1
专题机械,2,1
专题椭圆,1,1
专题演练,2,1
专题物理中考,1,1
专题物理中考复习,1,1
专题物理中考复习知识清单,5,1
专题直线与圆,2,1
专题直线与圆三年汇编,1,1
专题直线与圆三年编会,1,1
专题研究:对数型函数图象问题专练-2025-2026学年高一上学期数学人教A版必修第一册,3,1
专题训练,1,1
专题训练立体几何。解析几何 圆锥曲线求导函数,4,1
专题阅读理解 7 选 5,3,1
专题集训卷,12,1
专题零三集合培优归类,3,1
专题高三数学,4,1
专题高三数学函数,4,1
专题（4）函数性质综合,1,1
世外中学,1,1
世界图书出版社,1,1
世界图书出版社高分突破,1,1
世界地理填空专练,3,1
世界地理模拟题,1,1
世界少年奥林匹克,19,1
世纪金榜2026全程复习方略,4,1
世说新语 二则,2,1
丘成桐,11,1
东三省三校,4,1
东丽100中,4,1
东兴实验学校,7,1
东北,1,1
东北三校数学试卷,2,1
东北三省 内蒙古全校高一上第一次月考试卷,1,1
东北三省一区,1,1
东北三省一区政治,1,1
东北三省三校一模2026,3,1
东北三省三校二模2026,4,1
东北三省三校联考,25,1
东北三省精准教学联盟,1,1
东北三省精准教学联盟10月,1,1
东北三省联考,10,1
东北塘中学试卷,4,1
东北师大,1,1
东北师大附中 2 0 25 2026下学期语文 高三年级5月模拟考试,2,1
东北师大附中 2 0 25 2026下学期语文 高三年级五月模拟考试,2,1
东北师大附中 2 0 25 2026语文 高三年级五月模拟考试,1,1
东北师大附中、哈师大附中、辽宁省实验中学2026届高三第一次联合模拟考试数学,1,1
东北师大附中哈尔滨师大附中辽宁省实验中学,2,1
东北师大附中附属实验学校初中部,3,1
东北师大附中高一,7,1
东北师大附中高一上数理化生所有试卷电子版及答案,6,1
东北师大附中高一上月考,7,1
东北师大附中高一下,3,1
东北师大附中高一下学期期中,1,1
东北师大附中高一下学期期末,1,1
东北师大附中高一下期中语文,1,1
东北师大附中高一下期末考试生物,8,1
东北师大附属小学,6,1
东北师范大学,2,1
东北师范大学附属中学高二下学期期末考试语文试题,4,1
东北精准联盟,17,1
东北育才一轮复习数学,1,1
东北育才中学,5,1
东北育才学校高二上物理周练,1,1
东北育才少儿班,10,1
东北育才数学,1,1
东北育才数学高一下,2,1
东北育才高一下学期期中语文,4,1
东北育才高三第一次模拟,15,1
东北育才高中,1,1
东北育才高中20252026学年度下学期高二年级物理科期中考试试卷,4,1
东北育才高中20252026学年度下学期高二年级生物科期中考试试卷,1,1
东北育才高中2025至2026学年度下学期高二年级语文科第二次月考试卷,3,1
东北育才高中2025至2026学年度下学期高二年级语文课第二次月考试卷,1,1
东北育才高二英语,5,1
东北高考政治,12,1
东升,2,1
东升三中,2,1
东升二中,1,1
东升二中初一分班考试试卷,3,1
东华中学 九上期中数学,6,1
东华初级中学,1,1
东台市实验中学2023数学期中考试试卷,1,1
东城八年级上学期开学考,21,1
东城区,4,1
东城区2024-2025学年度第二学期期末统一检测高二思想政治,14,1
东城区2025-2026第二学期高一地理期末,3,1
东城区20252026英语高一下,1,1
东城区七下数学卷,3,1
东城实验,1,1
东山,1,1
东山中学日语,5,1
东山中学梅州,7,1
东山中学高一月考,1,1
东师大,2,1
东平,38,1
东平高级中学2024到2025年高二上学期第一次月考物理试题,4,1
东明数学卷子高一,1,1
东明期中九上,3,1
东洲中学,4,1
东海县连云港市答案,49,1
东港三中,4,1
东港市2022-2023年度数学高二期中,2,1
东湖,1,1
东滩实验高级中学,1,1
东瓯,5,1
东至一中,1,1
东至二中,12,1
东莞2025 2026期末长安实验中学,12,1
东莞七年级下期末试卷,16,1
东莞东华高级中学,10,1
东莞中学,2,1
东莞中学广州二中惠州一中深圳实验珠海一中中山纪念中学高三第2次六校联考试题英语,3,1
东莞中学期末考试英语试卷2026,6,1
东莞中学松山湖学校高三第一次六校联考,1,1
东莞中学松山湖学校高三第一次六校联考数学,4,1
东莞中考,1,1
东莞九上语文,1,1
东莞市2024~2025八年级上学期期末历史测试,1,1
东莞市2025 2026期末,20,1
东莞市2025~2026七年级下学期期末历史测试,4,1
东莞市东莞中学,2,1
东莞市八上卷子,4,1
东莞市八下期末,6,1
东莞新高一分班考试卷,1,1
东莞期中,7,1
东莞松山湖未来学校,2,1
东莞第一中学,7,1
东莞统考,8,1
东莞高一上册第一次月考,1,1
东莞高一上册第一次月考数学,6,1
东莞高二上数学第一月考海德双语学校,8,1
东营八下数学期末,10,1
东营地理,7,1
东营实验学校,1,1
东营小学数学路程题目,5,1
东营市,4,1
东营市九年级上册数学期中,11,1
东营市历史试题高一期末,10,1
东营市河口区仙河镇七年级第一学期第一次月考历史,1,1
东营市河口区仙河镇七年级第一学期第一次月考生物,7,1
东营市胜利,5,1
东营市高二期末考试,3,1
东营市高二期末考试化学,17,1
东营模拟考,5,1
东营胜利一中,4,1
东营英语中考,6,1
东西湖区历史九上期中,3,1
东西湖区英语三年级,6,1
东辰,2,1
东部新区入学考试,21,1
东部新区期末考试,4,1
东阳模拟2025语文高三,3,1
东阿县,1,1
东阿县实验高中,5,1
东雅中学入学分班考试,3,1
两小儿辩日,1,1
两水中学,3,1
两江南开7年级上册开学考,1,1
两江南开7年级上册数学期中考,1,1
两江巴蜀,3,1
两江巴蜀升学,6,1
两江巴蜀开学卷,3,1
两江新区 八下数学,2,1
两江新区育才高一物理,2,1
两江新区高二,4,1
两种电荷,1,1
个旧一中,5,1
中 考晋城,2,1
中位线 拔高培优,1,1
中加马鞍山,3,1
中医药,1,1
中华中学地理,1,1
中华中学高一上学期化学期末,5,1
中华人民共和国成立前各种政治力量,3,1
中华人民共和国成立和社会主义革命与建设,4,1
中华传统文化专题研讨,9,1
中华入学分班考,1,1
中华分班考,1,1
中华初升高分班考,1,1
中华新高一分班考,1,1
中华民族的抗日战争和人民解放战争,2,1
中华经典诵读,8,1
中华高一分班考,2,1
中华高中入学分班考,1,1
中卫市中宁县2025~2026学年检测卷,25,1
中原街,2,1
中参语文,2,1
中嘉,2,1
中国,1,1
中国人名大学,1,1
中国人民大学,1,1
中国人民大学附属中学物理,7,1
中国人民大学附属中学高三暑假自主复习,6,1
中国人民站起来了,8,1
中国人民警察大学,1,1
中国共产主义青年团团员登记表电子档表格,1,1
中国共产党成立和新民主主义革命兴起,9,1
中国共产党的领导,2,1
中国化学奥林匹克竞赛决赛,5,1
中国历史纲要,3,1
中国古代史专题,1,1
中国古代史专题整理,6,1
中国古代土地赋税制度,1,1
中国古代政治制度演变线,1,1
中国古代边疆治理,3,1
中国史选择题目,5,1
中国地理,9,1
中国女子数学奥林匹克,30,1
中国建筑是中华优秀传统文化的鲜活载体,2,1
中国开始沦为半殖民地半封建社会历史背诵默写小纸条,2,1
中国数学奥林匹克2025,41,1
中国沦为半殖民地半封建社会第二讲,6,1
中国消防救援学院,1,1
中国特色社会主义,1,1
中国特色社会主义 选择题专练-2027届高考政治一轮复习统编版必修一,6,1
中国特色社会主义知识清单,1,1
中国特色社会主义高考真题,6,1
中国美术学院,5,1
中国近代史,1,1
中国近代史专题,6,1
中国近代史思维导图,1,1
中国近代史思维导图或者时间轴,1,1
中国近代时间轴和阶段特征,1,1
中国近代时间轴和阶段特征高考,3,1
中外历史,1,1
中外历史时间轴,3,1
中外历史纲要上第三单元第九课两宋的政治和军事测试题,3,1
中外历史纲要上第三单元第十课辽夏金元的统治测试题,2,1
中天实验,3,1
中央民族大学,4,1
中好数学最后一道小题刷题,1,1
中学2025-2026学年高一上学期1月期末物理试题,5,1
中学分班考,1,1
中学化学自招,1,1
中学四川省南充市2025-2026学年七年级下学期期末考试数,1,1
中学梅州,1,1
中学生世界,1,1
中学生数学一试,3,1
中学生数学竞赛,2,1
中学生物理竞赛,2,1
中学生物理竞赛预赛,4,1
中宁一中高二物理期末考试卷,2,1
中山,6,1
中山一中八上期中,6,1
中山一中八上期中数学,4,1
中山一职,1,1
中山三乡,1,1
中山中专,1,1
中山中学,3,1
中山习思,2,1
中山习思能力,5,1
中山习思能力能,2,1
中山二,1,1
中山二模,2,1
中山八年级下期中,30,1
中山初二上学期月考,1,1
中山初二上学期期中英语,2,1
中山区2025到2026学年度第二学期期末试卷,9,1
中山区2025到2026，学年度第二学期，质量检测,4,1
中山历史,1,1
中山学,1,1
中山市2026二模,3,1
中山市九年级上册英语期末,8,1
中山市华侨中学,77,1
中山市第一中学,2,1
中山期末,3,1
中山纪念中学高一上学期化学,4,1
中山高一,1,1
中山高一期末,10,1
中心中学,1,1
中新中学,2,1
中方县一中,4,1
中江,5,1
中江高一月考,8,1
中点专题,4,1
中点四边形,5,1
中科大少年班,2,1
中科大少年班物理,1,1
中科大强基,3,1
中等职业学校数学基础模块上册,3,1
中考 2025数学,1,1
中考 2026上海,1,1
中考 单词 1600 背诵版和默写版,12,1
中考 卷2026,3,1
中考 完型填空2025专项,2,1
中考 数学 026 冲刺模拟卷,5,1
中考 数学计算题2025计算专题训练,3,1
中考 数学计算题2026计算专题训练,4,1
中考 模拟,1,1
中考 物理,1,1
中考 词汇 1600 2026年中考英语,2,1
中考 语文作文 10大主题2026 范文,1,1
中考1600词,1,1
中考18篇课外文言文,2,1
中考2026青海西宁,1,1
中考53,1,1
中考sh,1,1
中考一千六百词,3,1
中考一模,4,1
中考一轮函数,1,1
中考一轮复习,5,1
中考临沂,8,1
中考二轮复习2026化学,2,1
中考二轮复习2026数学,11,1
中考二轮复习2026物理,9,1
中考二轮复习讲练测,1,1
中考仿写句子,1,1
中考优秀作文,2,1
中考传送带专题物理,2,1
中考传送带物理,2,1
中考体育,3,1
中考体育笔试卷,3,1
中考作文,3,1
中考八大时态练习题,9,1
中考八大时态训练,2,1
中考几何压轴,1,1
中考函数,1,1
中考函数专题,2,1
中考初中英语,3,1
中考利剑,1,1
中考化学公式,5,1
中考化学实验 2026复习专题实验专题,4,1
中考化学沪教版新题型,8,1
中考化学真题,4,1
中考单词带音标,1,1
中考卷2026,2,1
中考卷化学,3,1
中考卷子2026,1,1
中考卷子2026数学,3,1
中考卷广东东莞,1,1
中考卷数学重庆,5,1
中考卷苏州英语,1,1
中考历史真题,1,1
中考古诗文汇总,3,1
中考古诗文默写吉林,5,1
中考圆,9,1
中考完形+阅读CD篇专项汇编,7,1
中考定语从句,2,1
中考宝典,9,1
中考巴中,1,1
中考必备单词,1,1
中考必备单词1600,2,1
中考必考1600英语词汇,1,1
中考数学13中模考,5,1
中考数学一模,35,1
中考数学一模试卷,2,1
中考数学一模试卷乌鲁木齐市202,1,1
中考数学一模试卷乌鲁木齐市2026,28,1
中考数学一轮,3,1
中考数学一轮天津,7,1
中考数学二次函数真题,6,1
中考数学动点最值模型压轴专练,2,1
中考数学压轴,6,1
中考数学压轴专练,13,1
中考数学图形变换压轴专练,6,1
中考数学复习,11,1
中考数学数与式模块总复习练习,9,1
中考数学模拟,1,1
中考数学模拟辽宁,14,1
中考数学湖南,1,1
中考数学湖南2026,1,1
中考数学福建,5,1
中考数学计算,1,1
中考数学运算,1,1
中考文言文,3,1
中考文言文广东,2,1
中考文言文广东语文,4,1
中考文言文虚实词,6,1
中考文言文词汇,7,1
中考新定义题型,11,1
中考时态,4,1
中考模拟,3,1
中考模拟试卷,7,1
中考模考,22,1
中考浙江,7,1
中考满分作文 2026范文整理深圳,3,1
中考物理真题2026,2,1
中考物理试卷,3,1
中考物理题目分类汇编,1,1
中考电学,12,1
中考电学实验专题,4,1
中考真题2026,5,1
中考真题中的平面基本图形,11,1
中考真题优秀作文,3,1
中考福州语文,3,1
中考科学浙江,1,1
中考综合卷,3,1
中考考纲单词,6,1
中考苏州英语,1,1
中考英文,6,1
中考英语 完型填空2025专项,15,1
中考英语 语法 必备知识大全,5,1
中考英语专项训练,1,1
中考英语作文范文,4,1
中考英语作文范文2026必背主题,3,1
中考英语卷,3,1
中考英语复习资料,1,1
中考英语外研版 阅读理解,7,1
中考英语模拟卷,1,1
中考英语模拟卷湖南,2,1
中考英语湖南,1,1
中考英语湖南长沙,1,1
中考英语湖南长沙模拟,3,1
中考英语真题2022福建,1,1
中考英语真题2023福建,4,1
中考英语福州,2,1
中考英语福州模拟,1,1
中考英语语法专项训练,1,1
中考英语语篇填空一星 二星,13,1
中考英语阅,1,1
中考英语阅读理解,1,1
中考词汇英语,1,1
中考试卷数学,19,1
中考试卷数学安徽,22,1
中考语文,2,1
中考语文2026山东德州,2,1
中考语文2026年真题深圳,4,1
中考语文2026年真题辽宁,1,1
中考语文2026江苏,4,1
中考语文作文,3,1
中考语文作文题目,16,1
中考语文复习专题,4,1
中考语文病句,8,1
中考语文真题汇编,7,1
中考语文知识点总结,4,1
中考语文记叙文阅读,3,1
中考语文语病专项练习,4,1
中考语文阅读,1,1
中考语文阅读理解,2,1
中考语文阅读答题模板,8,1
中考语法,1,1
中考语病专项练习,1,1
中考辽宁,1,1
中考运动学力学,1,1
中考选择填空陷阱易错题汇编,7,1
中考道法,3,1
中考重难点突破物理,6,1
中考长沙,1,1
中考长沙雅礼集团,1,1
中考长沙雅礼集团数学,3,1
中考长沙雅礼集团输血,1,1
中考阅读,1,1
中考非谓语动词,1,1
中考非谓语动词 沈阳,1,1
中考题型,3,1
中考，数学,9,1
中考，数学2022,4,1
中职  电子技术,1,1
中职英语基础模块1外研版,2,1
中译英,1,1
中雅培粹,4,1
丰南,1,1
丰南一中,6,1
丰南六年级,6,1
丰南六年级下学期语数英试卷,4,1
丰台初三上语文期未,1,1
丰城中学,9,1
丰城九中,8,1
丰城九中高二上学期开学考,3,1
丰泽区,6,1
丰源小学,1,1
丰都,2,1
丰集,24,1
串 并联电路的辨别专题,6,1
串联与并联作图专项,7,1
串联电路和并联电路,10,1
临城实验中学,2,1
临安区英语期末考,6,1
临安区英语期末考八年级,1,1
临川一中2025~2026学年高一化学必修一综合测试卷二,14,1
临川一中入学考试,2,1
临川一中高一入学摸底考试,1,1
临川一中高一入学考试,1,1
临川一中高一分班,1,1
临川一中高二上学期物理,3,1
临川一中高二上学期物理第一次月考,3,1
临川一中高二下学期,1,1
临川二中,6,1
临川二中高三,15,1
临川二中高三开学,7,1
临朐县新初一分班考,5,1
临汾市尧都区可幻实验学校,4,1
临沂 2026 高二期中,4,1
临沂 2026 高二期中兰山,8,1
临沂2024高三上学期期中测试,5,1
临沂2025,6,1
临沂2025高一上学期数学期末试卷,1,1
临沂2025高二上学期数学期中试卷,9,1
临沂2025高二上学期数学期末试卷,1,1
临沂一中北,5,1
临沂一中北校区高一开学适应考试,1,1
临沂一本,8,1
临沂七上期中,1,1
临沂七上期中数学,5,1
临沂七上期中数学平邑,14,1
临沂七下期末英语,1,1
临沂七年级分班考语数英全套试卷,4,1
临沂三十五中,2,1
临沂三十四中,3,1
临沂中考英语,2,1
临沂光耀实验学校,1,1
临沂十八中高一第一次月考试卷,1,1
临沂四中,6,1
临沂培元,1,1
临沂小升初分班考语数英全套试卷,15,1
临沂市,19,1
临沂市2024到2025年高二下学期期末数学卷,3,1
临沂市2025到2026年高二下学期期末数学卷,2,1
临沂市2026年高一下学期化学期末考试,3,1
临沂市2026年高一期末考试数学,3,1
临沂市2026高二期末,3,1
临沂市三区九县2025-2026英语六年级下册,1,1
临沂市兰山区小升初分班考试,24,1
临沂市兰陵县八年级下册数学期末试卷,1,1
临沂市兰陵县八年级下册期末试卷,3,1
临沂市小升初历年真题,1,1
临沂市沂水县2025-2026英语六年级下册,7,1
临沂市沂水县2025-2026语文六年级下册,9,1
临沂市罗庄七年级入学摸底试题,1,1
临沂市罗庄七年级入学模拟考试真题,2,1
临沂市蒙阴县2025-2026数学六年级下册,2,1
临沂市重点中学2025届高三模拟考试,3,1
临沂市重点中学2025届高三模拟考试物理,6,1
临沂市高一下上化学期末,2,1
临沂市高一下学期期末生物,7,1
临沂市高一期末生物,1,1
临沂市高二上学期期中生物,4,1
临沂市高二下学期期中生物,3,1
临沂市高二下学期期末日语,3,1
临沂市高二下生物期末,1,1
临沂数学,1,1
临沂数学月考,9,1
临沂期中,5,1
临沂期中联考物理,1,1
临沂期末,2,1
临沂物理月考,20,1
临沂英语月考,12,1
临沂郯城培元,2,1
临沂郯城培元小升初真题,1,1
临沂高一期中联考物理,5,1
临沂高二英语期末,3,1
临河,6,1
临泉三中,11,1
临洮中学,1,1
临淄区,3,1
临清,8,1
临清一中,4,1
临清市第一中学,3,1
临渭区2025至2026学年度第二学期期末教学质量调研高二语文,3,1
临渭区2026至2027学年度第二学期期末教学质量调研高二语文,1,1
临澧八下期末考试,2,1
临西实验中学,13,1
临邑一中,3,1
临邑县期末考试,5,1
临高,3,1
临高县中考2026年试卷,2,1
临高县六年级下册,7,1
临高县地理期末试卷,4,1
丹东17中学,3,1
丹东二中摸底考试,1,1
丹东二中数学,28,1
丹东二中高一上化学,1,1
丹东二中高一上物理,13,1
丹东二中高一期末,1,1
丹东六中,13,1
丹东四中,1,1
丹东实验,3,1
丹东市2026年高二下学期数学期末考试卷,3,1
丹东市期末,6,1
丹东市第二中学高一下,1,1
丹东市第二中学高二上第一次数学月考,3,1
丹东市第二中学高二上第一次月考,1,1
丹东期中,48,1
丹东期末,7,1
丹东省七校联考,1,1
丹东高一下学期期末数学,1,1
丹德林双球模型,2,1
丹水二初中,1,1
丹阳市中考,4,1
丹阳高级中学,1,1
为“某材料放置如图，在竖直墙壁的左侧水平地面上放置一个边长为a、质量为M=4kg的正方体ABCD...”。,3,1
主从联动-最值问题,4,1
主从联动-最值问题 曲线型,4,1
主格宾格代词形容词性物主代词知识点,4,1
主次矛盾主次方面区分,6,1
主系表,2,1
主系表英语,3,1
主系表语法,2,1
主要矛盾次要矛盾主要方面次要方面,3,1
主观能动性,1,1
主观题,18,1
主视频谓一致,4,1
主语从句练习,1,1
主谓一致高中英语,2,1
主谓一致高考英语,2,1
丽景,5,1
丽水26物理答案,4,1
丽水中学创新班 提前批,1,1
丽水卷,1,1
丽水卷2026,1,1
丽水市2024学年第二学期普通高中教学监控高一下语文,1,1
丽水市2025学年第二学期,4,1
丽水市2025学年第二学期普通高中教学质量监控高二物理,2,1
丽水市2025学年第二学期普通高中教学质量监测物理,6,1
丽水市2025学年第二学期高二,4,1
丽水市2025学年第二学期高二生物,3,1
丽江市,7,1
丽江市古城区祥和中心校,4,1
丽江市古城区祥和初中,4,1
举一反三专项训练,4,1
久久乘法表,4,1
久隆模范,3,1
义乌9+1联盟,1,1
义乌9+1联盟高一上开学考,3,1
义乌中学,1,1
义乌中学高二上学期,3,1
义乌中学高二上学期第一次,4,1
义乌八年级下册期末历史,2,1
义乌小升初试卷,4,1
义乌市义亭中学,3,1
义乌市义亭中学开学分班考试卷,3,1
义乌市八年级下册期末,1,1
义乌市八年级下册期末历史,2,1
义乌市开学分班,3,1
义乌期末,1,1
义乌期末历史,3,1
义乌期末道德与法治,4,1
义乌柯桥模拟高三政治,4,1
义乌柯桥模拟高三政治，2026年5月,6,1
义乌高一分班考,1,1
义务,11,1
义务教育2022年版2025年课程标准,1,1
义教版八年级下英语课文翻译译,2,1
义物教育英语课程标准,2,1
之江学盟,3,1
之江学盟2026年8月高一年级线上周测联考,5,1
之江学盟28届高二寻海杯线上联考数学,7,1
乌鲁木齐29中学,1,1
乌鲁木齐58中学,4,1
乌鲁木齐一中 高一下学期 期中考试数学,13,1
乌鲁木齐八一中学,1,1
乌鲁木齐八中,2,1
乌鲁木齐八年级物理,1,1
乌鲁木齐八年级物理期末,4,1
乌鲁木齐六十八中,1,1
乌鲁木齐六十八中月考物理,2,1
乌鲁木齐十三中,6,1
乌鲁木齐市126中学,5,1
乌鲁木齐市126中学开学考,13,1
乌鲁木齐市2025-2026学年,5,1
乌鲁木齐市一中,2,1
乌鲁木齐市一中高一期中,5,1
乌鲁木齐市二十,3,1
乌鲁木齐市五十八中学,5,1
乌鲁木齐市六十八中,7,1
乌鲁木齐市分班考,1,1
乌鲁木齐市十九,2,1
乌鲁木齐市数学高一上学期第一次月考,1,1
乌鲁木齐市数学高一第一次月考,1,1
乌鲁木齐市数学高一试卷,1,1
乌鲁木齐市沙依巴克区九上第一学期化学期末测试卷,4,1
乌鲁木齐市第16中学2025至2026学年第二学期9年级英语第三次模拟测试问卷,3,1
乌鲁木齐市第41中学,2,1
乌鲁木齐市第七十中学高一期中数学,1,1
乌鲁木齐市第七十中学高一期中物理,1,1
乌鲁木齐市第九中学,4,1
乌鲁木齐市第二中学,2,1
乌鲁木齐市第八,1,1
乌鲁木齐市第十九中学,2,1
乌鲁木齐市第四十一中学,2,1
乌鲁木齐市高一开学考,4,1
乌鲁木齐新初一分班考试真题,1,1
乌鲁木齐第一中学,1,1
乌鲁木齐高一下化学,6,1
乌鲁木齐高一英语试卷,9,1
乐亭一中,1,1
乐山2026八年级期末,2,1
乐山一中,5,1
乐山一中高二上物理半期考试,7,1
乐山中考,8,1
乐山中考2026,5,1
乐山中考2026政治,1,1
乐山市中考,8,1
乐山市八上外研版英语半期考试,2,1
乐山市沙湾区八上外研版英语半期考试,5,1
乐山市零诊,3,1
乐山期末,4,1
乐山高一英语,4,1
乐平一中,9,1
乐平八下,1,1
乐平八下数学,3,1
乐平八下数学中考,2,1
乐平市2025-2026数学,8,1
乐平市九年级化学中考模拟试卷,1,1
乐平市六年级下册期末考试试卷英语,4,1
乐平物理九年级试卷,8,1
乐清中学,5,1
乐知源同步作业集英语沪教版,13,1
乐至,4,1
乘法口诀表,5,1
乘法竖式谜,3,1
乘法竖式谜小学奥数,1,1
乘法竖式谜小学奥数真题3-4,2,1
乘法表练习,4,1
九上 0 古诗 文理解性期末默写带答案,5,1
九上 02 古诗文,7,1
九上 二次函数,1,1
九上 二次函数人教版,6,1
九上 南京语文期末,1,1
九上 压轴题人教版,2,1
九上 第1章 一元二次方程单元测试人教版,8,1
九上 第1章 二次函数练习题,1,1
九上2026古诗,2,1
九上unit1ThechangingWord,8,1
九上一单元试卷,1,1
九上中山区,7,1
九上二次函双十,3,1
九上人教版化学单元测评,12,1
九上人教版数学2027领跑作业第二十九章试卷,4,1
九上人教版物理第十六章试卷,1,1
九上公益中学,1,1
九上化学一课一练,1,1
九上化学分层练习,6,1
九上化学单元测试卷,1,1
九上化学单元测试卷人教版,3,1
九上化学基础题,4,1
九上化学天津第一次月考,2,1
九上化学开学,1,1
九上化学方程式汇总,5,1
九上化学期中卷宜宾市,1,1
九上化学期中山西,5,1
九上化学期中试卷,6,1
九上化学期中试卷安徽,2,1
九上化学期末卷,6,1
九上化学期末知识点总结,2,1
九上化学期末知识点总结沪教版,1,1
九上化学期末考试试卷 随州市曾都区,1,1
九上化学期末遂宁,8,1
九上化学氧气同步练习,2,1
九上化学泰州,1,1
九上化学泰州期中,1,1
九上化学第1单元,1,1
九上化学第1次月考试卷,1,1
九上化学第一单元测试卷,4,1
九上化学第三章测试题,1,1
九上化学讲义,4,1
九上化学讲义氧气,2,1
九上化学课件,5,1
九上北师大数学教材最新版,3,1
九上北师大版数学第一章练习题,4,1
九上北师大版数学第一章练习题分课时,1,1
九上十月,20,1
九上历史导学案,7,1
九上历史必备,3,1
九上历史提纲,4,1
九上历史知识点,15,1
九上历史第16课笔记,1,1
九上历史第一次月考西北工业大学附属中学,18,1
九上反比例函数单元卷,4,1
九上名著,1,1
九上圆专项单元练习人教版,7,1
九上圆单元浙,7,1
九上圆单元练习人教版,1,1
九上外研版英语短语,4,1
九上外研版英语短语2026,5,1
九上多分英语unit2,1,1
九上天津模范,5,1
九上天津模范期中,5,1
九上开学测,1,1
九上开学考,5,1
九上开学考试,6,1
九上开学考语文,10,1
九上必刷题物理,1,1
九上政治2026知识点汇总,7,1
九上数学二次函数，专题练,2,1
九上数学人教版弧长与扇形面积,5,1
九上数学北师大版,5,1
九上数学北师大版一章,1,1
九上数学北师大版压轴题,1,1
九上数学圆的专项练习,1,1
九上数学圆的练习卷,1,1
九上数学广东广州期末考,3,1
九上数学广东期末考,4,1
九上数学弧长与扇形面积,1,1
九上数学月考,5,1
九上数学月考卷,9,1
九上数学月考第一次,26,1
九上数学期中遂宁,2,1
九上数学期末,1,1
九上数学湛江期末考,4,1
九上数学电子版人教版,1,1
九上数学第一单元测试卷,1,1
九上文言文书下注释默写,7,1
九上新教材电子版,1,1
九上旋转,3,1
九上月考,15,1
九上期中化学天津,2,1
九上期中历史,7,1
九上期中天津,2,1
九上期中英语,4,1
九上期中语文,6,1
九上期中语文惠来县,8,1
九上期末物理卷,8,1
九上本溪英语,3,1
九上本溪英语月考,3,1
九上机械能,3,1
九上沪粤版物理期中试卷,13,1
九上牛津版英语课本,9,1
九上物理全册知识点人教版,17,1
九上物理月考第一次,16,1
九上物理期中测试,16,1
九上物理期中考试134,1,1
九上物理期中试卷,3,1
九上物理期中试卷安徽,3,1
九上物理期末遂宁,2,1
九上物理欧姆定律专练,1,1
九上物理沪粤版试卷,2,1
九上物理电子课本,7,1
九上物理电学,1,1
九上物理第1单元物态变化济南,4,1
九上物理试卷,1,1
九上物理阶段,2,1
九上电学专项练习暑假预习,1,1
九上福州数学期中考,50,1
九上福州物理月考,1,1
九上科学,1,1
九上科学第三章,3,1
九上第1单元 反比例函数单元测试A卷,6,1
九上第1章特殊平行四边形,3,1
九上第一次月考,11,1
九上第二单元基础卷,2,1
九上粤沪物理期末卷纸,1,1
九上考试,41,1
九上英语 单词默写表译林版2026秋,9,1
九上英语仁爱版,8,1
九上英语冀教版课本音频,4,1
九上英语单词表人教版,1,1
九上英语成都期末,3,1
九上英语教材,1,1
九上英语期中遂宁,1,1
九上英语第一次月考,6,1
九上英语译林版2026,2,1
九上英语遂宁,1,1
九上语文中遂宁,1,1
九上语文书,1,1
九上语文南京,1,1
九上语文岳阳楼记,1,1
九上语文必背,4,1
九上语文必背古诗文和文言文,2,1
九上语文教科书,1,1
九上语文教科书的,1,1
九上语文新教材,1,1
九上语文新教材第6单元附录诗,2,1
九上语文新教材，俘虏史,1,1
九上语文期中遂宁,4,1
九上语文期末,3,1
九上语文期末遂宁,4,1
九上语文目录,1,1
九上语文，新教材,3,1
九上辽宁月考物理2026,2,1
九上道德与法治,3,1
九上道法天津市河北区期末,1,1
九上道法第一单元,4,1
九上道法背默,2,1
九下 第24章 圆,1,1
九下三角函数,4,1
九下人教版化学,6,1
九下化学期末考试试卷 随州市曾都区,22,1
九下化学知识点,7,1
九下化学知识点金属和金属材料,5,1
九下数学人教江西期末,16,1
九下英语,4,1
九下英语教材电子版,2,1
九下锐角三角函数试卷,3,1
九中高三,1,1
九九乘法表,5,1
九九乘法表可打印,3,1
九十五地理月考,2,1
九十八中乌鲁木齐市第九十八中,2,1
九台一中,2,1
九台三十一中学,1,1
九台第三十一中学,1,1
九师联盟11月份联考高一,1,1
九师联盟2026高三上开学考数学,3,1
九师联盟2026高三开学考,1,1
九师联盟2026高三开学考数学,2,1
九师联盟开学考,6,1
九师联盟高三数学,1,1
九年数学中考总复习,3,1
九年数学动点,1,1
九年級,1,1
九年级 上册,2,1
九年级 上册数学二次函数 人教版,5,1
九年级 上册数学期末,1,1
九年级 上册数学期末石家庄,4,1
九年级 上册数学相似,1,1
九年级 化学,12,1
九年级 数学名校模拟真题,1,1
九年级 数学名校模拟真题七龙珠,8,1
九年级万唯大小卷,4,1
九年级三角函数苏科,1,1
九年级上人教版英语,3,1
九年级上册 第2章 空气与水资源,6,1
九年级上册 第4章 认识化学反应,4,1
九年级上册 鲁教版 宿迁 化学,1,1
九年级上册12单元仁爱版英语试卷,9,1
九年级上册12单元仁爱版英语试卷作文题目为加油站,11,1
九年级上册一元二次方程,3,1
九年级上册万唯化学试卷,1,1
九年级上册中学同步全练,3,1
九年级上册中学同步全练天津,1,1
九年级上册中学同步全练天津专用,1,1
九年级上册人教版数学课时练习,1,1
九年级上册仁爱版新版词组表,7,1
九年级上册化学人教版第一单元,1,1
九年级上册化学人教版第三单元,1,1
九年级上册化学人教版第二单元,2,1
九年级上册化学元素第习题山东省,1,1
九年级上册化学期末,8,1
九年级上册化学知识点背诵,5,1
九年级上册化学第一次月考,8,1
九年级上册化学第一次月考北京,2,1
九年级上册北师大版数学第一次月考试卷,11,1
九年级上册华新共同体语文,5,1
九年级上册圆,5,1
九年级上册外研版英语单词表,5,1
九年级上册天津期中,5,1
九年级上册天津期张家窝中学,2,1
九年级上册屏南,5,1
九年级上册巴蜀物理10月考,1,1
九年级上册开学考,12,1
九年级上册政治2026年新版知识点,16,1
九年级上册政治书,4,1
九年级上册政治课本,4,1
九年级上册数学10月月考,9,1
九年级上册数学人教版,1,1
九年级上册数学人教版课本,1,1
九年级上册数学几何动点,6,1
九年级上册数学动点与图像问题,2,1
九年级上册数学北师大版月考,4,1
九年级上册数学北师大版第一个月,5,1
九年级上册数学北师大版第一次月考,5,1
九年级上册数学华师大版二次函数,10,1
九年级上册数学单元自测,17,1
九年级上册数学月考,4,1
九年级上册数学期中试卷,1,1
九年级上册数学期中试卷甘肃临夏,7,1
九年级上册数学期末考试河大附中,1,1
九年级上册数学第21章一元二次方程测试题,25,1
九年级上册数学第一次月考,9,1
九年级上册数学第一章试卷北师大版,2,1
九年级上册数学第二次涵数方程测试题,1,1
九年级上册数学联合体期中数学练习卷,1,1
九年级上册数学青岛版答案,2,1
九年级上册数学，期中考试试卷,1,1
九年级上册数学，期中考试试卷，联合体,1,1
九年级上册新版英语教材,3,1
九年级上册新课标2026必备知识连总结单词词性转换短语搭配加句子,19,1
九年级上册期中物理,14,1
九年级上册期中物理化学,5,1
九年级上册期中物理试卷郓城县,1,1
九年级上册期中考物理试卷深圳,10,1
九年级上册期中英语,5,1
九年级上册期中试卷,1,1
九年级上册期中重组卷,1,1
九年级上册期末,6,1
九年级上册期末考,8,1
九年级上册沪教版,5,1
九年级上册沪科版物理上分卷,1,1
九年级上册物理卷子,6,1
九年级上册物理夺冠课课练,3,1
九年级上册物理教科版导学案,3,1
九年级上册物理月考,2,1
九年级上册物理沪粤版第13张,1,1
九年级上册物理沪粤版第三单元,5,1
九年级上册物理第一次月考,5,1
九年级上册物理第一次月考题,39,1
九年级上册物理第一章试卷教科版,9,1
九年级上册物理课时练,4,1
九年级上册第一单元语文,1,1
九年级上册第一单元语文人教版,15,1
九年级上册第一次月考化学,4,1
九年级上册第三课时坚强的领导核心,4,1
九年级上册第三课时坚持和加强党的全面领导,8,1
九年级上册英语 Unit1《The Changing World》「综合一能力评价（综合素质评价一）」单元检测卷,4,1
九年级上册英语unit 1,5,1
九年级上册英语东湖高新区,1,1
九年级上册英语东湖高新区期末,2,1
九年级上册英语同步记背本,3,1
九年级上册英语第一章试卷人教版,5,1
九年级上册英语试卷,3,1
九年级上册讲义,11,1
九年级上册译林版第二单元英语听力部分音频,4,1
九年级上册语文2026年新版教材,4,1
九年级上册语文文言文,7,1
九年级上册语文文言文汇总,3,1
九年级上册语文期末,21,1
九年级上册语文第一单元诗歌仿写,5,1
九年级上册重组卷,8,1
九年级上册青岛版锐角三角函数专练题,3,1
九年级上化学一二单元检测题青岛,5,1
九年级上化学月考,1,1
九年级上学期人教版最新英语课本,7,1
九年级上学期分班考试卷,4,1
九年级上学期期中测试化学试卷,5,1
九年级上学期期末,2,1
九年级上学期物理,30,1
九年级上学期物理期末试卷,16,1
九年级上期中 上海,15,1
九年级上期末模拟考试,2,1
九年级上英语单词,3,1
九年级下册一元二次方程,2,1
九年级下册新课标2026必备知识连总结单词词性转换短语搭配加句子,9,1
九年级下册磁体和磁场,3,1
九年级下册锐角三角函数,4,1
九年级下学期中考模考,1,1
九年级专项练习广州专用,4,1
九年级中考模拟压轴卷,11,1
九年级九年级上册英语书单词译林版,3,1
九年级二次函数单元测,3,1
九年级人教版物理月考题,1,1
九年级人教版物理月考题青岛,3,1
九年级人教英语,4,1
九年级仿写句子,1,1
九年级仿写句子语文呢,4,1
九年级冀教版新教材,3,1
九年级化学全一册单元速记,2,1
九年级化学原子结构,3,1
九年级化学基础知识,3,1
九年级化学学情了解姜堰励才阶段性测试,13,1
九年级化学导学案,5,1
九年级化学月考鞍山,4,1
九年级化学第一次月考九上,1,1
九年级历史,1,1
九年级历史上册,2,1
九年级圆,5,1
九年级圆练习题,1,1
九年级外研版上册英语秋季,1,1
九年级外研版上册英语秋季讲义,4,1
九年级外研版上册英语讲义,5,1
九年级宾语从句练习,3,1
九年级开学考,8,1
九年级开学考试,4,1
九年级托勒密模型题,11,1
九年级政治历史资料,4,1
九年级政治同步作业,6,1
九年级数学,3,1
九年级数学三模试卷,1,1
九年级数学上册电子课本,2,1
九年级数学二次函数压轴,11,1
九年级数学北京,1,1
九年级数学北京上册其中,1,1
九年级数学圆,3,1
九年级数学圆单元测试卷,7,1
九年级数学新版期中测试卷上册人教版,1,1
九年级数学检测,4,1
九年级数学检测学易金卷,1,1
九年级数学模考题,1,1
九年级数学模考题陕西,1,1
九年级数学沪科版二次函数,2,1
九年级数学第一次月考,19,1
九年级数学第一次月考试卷,5,1
九年级数学解三角形,1,1
九年级数学长春,1,1
九年级数学长春中考,3,1
九年级数学长春中考2025,1,1
九年级检测学易金卷,8,1
九年级毕业会考模拟卷英语,8,1
九年级江夏区上学期分班考试卷,1,1
九年级浙教版数学试卷,1,1
九年级浙教版数学试卷嘉兴,3,1
九年级浙教版数学试卷嘉兴期末,3,1
九年级物理1314章测试卷,4,1
九年级物理内容,1,1
九年级物理内能,10,1
九年级物理导学案,6,1
九年级物理期末,4,1
九年级物理沪科版,5,1
九年级物理电路故障分析,9,1
九年级物理课本,1,1
九年级白银市上学期期中物理试卷,2,1
九年级白银市物理试卷上学期其中,1,1
九年级竞赛,46,1
九年级第一单元,5,1
九年级第一次月考,3,1
九年级第一次月考卷,26,1
九年级第一次月考检测学易金卷,1,1
九年级统编版语文教材,6,1
九年级英语,3,1
九年级英语 试卷共10页 满分120分 考试时间100分钟 听力理解20小题每小题1分 What is Lucy's hobby,7,1
九年级英语上册冀教版,1,1
九年级英语完形填空安徽,6,1
九年级英语期初考,1,1
九年级英语第二次月考,7,1
九年级英语语法,2,1
九年级计算题,2,1
九年级记叙文阅读,3,1
九年级语文,9,1
九年级语文上册辽宁月考卷,5,1
九年级语文必背古诗文,7,1
九年级语文试卷,1,1
九年级课时掌控物理,2,1
九年级质量检测,5,1
九年级道德与法治新教材开学第一课,1,1
九年级阅读专项语文,2,1
九年级阅读理解,2,1
九年级阅读理解语文,2,1
九年级青海西宁上册数学,5,1
九月份开学考试,14,1
九月月考,1,1
九月月考江汉区,1,1
九月月考江汉区九年级,1,1
九月月考江汉区九年级上数学,1,1
九月联考,6,1
九月联考江苏,11,1
九月调武汉,7,1
九月调考,7,1
九月调考高三,10,1
九校,2,1
九校 联考宁波2026,2,1
九校联盟黑龙江,2,1
九校联考开学考,1,1
九江7年级,5,1
九江7年级上,4,1
九江市2024‑2025学年上学期七年级数学期末考试,1,1
九江市修水县七年级上册语文期中试卷,3,1
九江市初中复习试卷,17,1
九江市外国语学校,5,1
九江市第三,1,1
九江市第三中学,2,1
九江市第十一中学,2,1
九江第一次模拟考试化学卷,4,1
九江第二次模拟考试化学卷,3,1
九省,3,1
九调,10,1
九调武汉,9,1
九龙坡八下期末试卷 数学,6,1
九龙坡区数学,4,1
九龙坡区高二生物,1,1
习思能力,1,1
习思能力竞赛,7,1
习考点帮,1,1
习题课,3,1
习（26硚口八下期中卷文言文,1,1
乡土中国 02026 一轮复习ppt,3,1
乡土中国知识点,4,1
乡村中国,1,1
乡村中国考点,2,1
书,2,1
书本电子版,4,1
书生,1,1
书生中学月考试卷科学,12,1
书生八上,3,1
书虫整本书阅读,2,1
书面表达,15,1
乳山,13,1
乳山一中高一开学考,2,1
乳山市高一开学考,12,1
乳山市高一考题,1,1
乳山期中,5,1
乾县杨汉初级中学,2,1
了,1,1
事件与可能性能力提升,1,1
二七届高考英语高频单词乱序版,7,1
二三年新高考一卷数学,1,1
二上期末语文试卷,1,1
二下册期末测试卷语文,2,1
二中10月月考,1,1
二中教育集团,1,1
二中期中,10,1
二中自招,1,1
二中航天班,3,1
二中资中,2,1
二中，化学,1,1
二五到二六学年八年级下册数学单元自测,1,1
二五年安徽省中考,6,1
二五年漳州第1次市质检语文,1,1
二元一次方程人教版,8,1
二元二次项因式分解,3,1
二元元议论文,2,1
二六届江南十校,1,1
二六年宁波市中考卷,1,1
二十七中,1,1
二十中,6,1
二十九,1,1
二十五中,1,1
二十五物理八年级卷子,2,1
二十八中,1,1
二十六中,6,1
二十六二七学年九年级上册数学单元自测第一章特殊拼音四边形基础通关,6,1
二十四中期中一考试,2,1
二十四中高一月考数学,1,1
二十四中高三上期中,10,1
二十校联考,1,1
二升3暑假数学,1,1
二升三语文,1,1
二升三语文试卷,11,1
二卷2026,2,1
二卷英语,1,1
二四至2025学年第二学期期末调研七年级山东省聊城市临清市,28,1
二外,1,1
二完小,2,1
二师,1,1
二年級 1 2 单元测试卷数学,1,1
二年級上册 期中试卷数学,9,1
二年級上册 期中试卷数学应用题,2,1
二年级上册专项,4,1
二年级上册仿写句子专项训练,17,1
二年级上册数学乘法计算试题,11,1
二年级上册数学人教版,2,1
二年级上册数学人教版单元试卷,4,1
二年级上册数学计算题,4,1
二年级上册第二单元测语文,1,1
二年级上册语文,7,1
二年级上册语文人教版期中,24,1
二年级上册语文期中,4,1
二年级上学期期中,2,1
二年级上数学卷,1,1
二年级上数学卷第一单元,9,1
二年级下册,1,1
二年级下册数学应用题,1,1
二年级下册数学竞赛,29,1
二年级下册数学综合中高难度应用题,1,1
二年级下册数学综合应用题,1,1
二年级下册期末,1,1
二年级下册经典诵读书,1,1
二年级下学期阶段检测,4,1
二年级专项,1,1
二年级乘法的初步认识,4,1
二年级人教版新教材,5,1
二年级口算天天练,4,1
二年级奥数竞赛题,3,1
二年级小学生练拼音,3,1
二年级年级数学看图列式,2,1
二年级数学思维题,4,1
二年级约数,5,1
二年级计算题下册,6,1
二年级近似数,2,1
二新华,3,1
二模英语,1,1
二模调研,119,1
二次 函数 01一轮 专题中考,2,1
二次 函数 025 一轮 专题中考试卷,1,1
二次 函数 025 一轮 专题试卷,1,1
二次函数 专题 初三培优,4,1
二次函数 单元测试卷,3,1
二次函数100道,1,1
二次函数与一元二次方程 不等式培优专题,1,1
二次函数专项练习题,1,1
二次函数专题,6,1
二次函数中的最值,5,1
二次函数中的最值问题,2,1
二次函数人教版,7,1
二次函数人教版总预习,13,1
二次函数人教版总预习资料,1,1
二次函数人教版预习,2,1
二次函数值域问题,3,1
二次函数动点问题,5,1
二次函数北师大版,3,1
二次函数单元考试,3,1
二次函数压轴专题汇编,9,1
二次函数压轴天津,5,1
二次函数压轴题 练习题,6,1
二次函数压轴题专项,3,1
二次函数含参问题,4,1
二次函数和一元二次方程,8,1
二次函数图像和性质综合专项练习,5,1
二次函数基础,4,1
二次函数基础卷,5,1
二次函数基础练习,18,1
二次函数多结论问题,1,1
二次函数多结论问题北京,4,1
二次函数学案,1,1
二次函数恒成立问题,2,1
二次函数最值及函数值的取值范围,1,1
二次函数最值问题专题,5,1
二次函数求三角形面积,5,1
二次函数江西,7,1
二次函数的图像变换,2,1
二次函数的概念,1,1
二次函数真题卷,1,1
二次函数知识点,2,1
二次函数知识点总结,5,1
二次函数综合,3,1
二次函数解答,4,1
二次函数试卷苏教版,6,1
二次函数辽宁,9,1
二次函数面积,3,1
二次函数题型专练,16,1
二次方程根练习,3,1
二次根式专项练习,9,1
二次根式专项计算,6,1
二次根式乘法和除法计算题,3,1
二次根式化简,17,1
二次根式单元自测卷9年级上册,10,1
二次根式基础训练,1,1
二次根式基础过关,9,1
二次根式实数基础的计算题,1,1
二次根式的乘法和除法计算题,1,1
二次根式的乘除法加减法计算题,2,1
二次根式的计算,3,1
二次根式的计算题,4,1
二次涵数方程测试题,1,1
二次涵数方程预习,2,1
二氧化碳的性质,2,1
二诊英语,6,1
二零一二年广东高考数学卷,3,1
二零一八年高考生物,3,1
二零一四二零一四二零一四安徽省英语高考真题卷,5,1
二零二三四二零二四扬州高二日三月阶段,9,1
二零二三至二零二四扬州高二日语三月阶段测试,3,1
二零二五到二零二六学年江苏省苏州市新海实验中学高一上学清调研数学试卷十月份,3,1
二零二五到二零二六学年江苏省西安交通大学苏州附属高一上月考数学试卷十月份,6,1
二零二五到二零二六年期中试卷地理,3,1
二零二五学年第二学期杭州市高二年级教学,3,1
二零二六届上学期模拟考试高三英语试题,1,1
二零二六年辽宁省中考卷,1,1
二零五到二零二六学年江苏省苏州市星海实验中学高一上学勤调研数学试卷十月份,6,1
二零五到二零二六学年江苏省苏州市辛海实验中学高一上学勤调研数学试卷十月份,1,1
二面角,1,1
二面角 常见几何法 专题高一,3,1
二面角练习题,1,1
二项式习题,4,1
二项式学案,1,1
二项式定理套卷,2,1
于洪区,4,1
云南2025中考卷,8,1
云南2025年小升初分班考试卷数学,1,1
云南2025高考,1,1
云南2025高考生物,1,1
云南undefined,1,1
云南一年级上学期期末,3,1
云南一轮,4,1
云南一轮联考,9,1
云南临沧市一中,3,1
云南五华,4,1
云南五年级下学期阶段检测,6,1
云南历年学考答案,4,1
云南大学附属中学,4,1
云南大学附属星耀高中,1,1
云南大学附属星耀高中选拔,1,1
云南大学附属星耀高中选拔卷,3,1
云南学业水平合格考真题,4,1
云南师大附中,8,1
云南师大附中2026届高考备考练习题（语文）,2,1
云南师大附中呈贡学校,1,1
云南师大附中月考,4,1
云南师范大学实验中学本部七年级上2024 2025第一次数学月考试卷,1,1
云南师范大学实验中学（2024-2025上）七年级期末试卷数学,1,1
云南师范大学附属中学2026七年级下册数学期末,1,1
云南师范大学附属中学2026七年级期末,3,1
云南开学考,2,1
云南政治,1,1
云南政治高考,1,1
云南数学,1,1
云南新高一开学摸底卷,12,1
云南昆明实验中学,1,1
云南昆明市2025 2026学年高二下学期7月期末考试历史试题,1,1
云南星耀,12,1
云南曲靖,21,1
云南物理九年级上册,2,1
云南物理九年级上册电子课本,3,1
云南省2026 2026学年普通高中学业水平考试,1,1
云南省2026届历史高考真题,1,1
云南省2026年普通高中学业水平选择性考试,14,1
云南省2026普通高中学业水平选择性考试,1,1
云南省东川区2025-2026学年下学期期末质量检测九年级下册物理,14,1
云南省东川区2025-2026学年下学期期末质量检测数学,5,1
云南省东川区2025—2026学年下学期期末检测物理,5,1
云南省中考地理卷,1,1
云南省临沧市凤庆县,26,1
云南省临沧市凤庆县凤三中,1,1
云南省保山市施甸县2026年数学高一下学期,2,1
云南省八年级信息技术会考真题,3,1
云南省八年级大理州统测,1,1
云南省八年级大理州统测数学,1,1
云南省初中八年级下册数学函数题,1,1
云南省初中八年级下册数学压轴题,1,1
云南省怒江傈僳族自治州民族中学2024~2025学年高一下学期期末质量检测数学试卷,5,1
云南省新高考 一轮基础过关、曲靖高三月考 基础题、云南物理类 基础专项,6,1
云南省新高考自主命题冲刺金卷,2,1
云南省昆明市 2025 2026 学年下学期化学统测,2,1
云南省昆明市2024~2025学年高一下学期期末质量检测数学试卷,1,1
云南省昆明市东川区,9,1
云南省昆明市西山区2026年小升初考试,10,1
云南省昭通一中教研联盟2024~2025学年高一下学期期末质量检测数学试卷(A卷),8,1
云南省曲靖市卓立,9,1
云南省泸西县建设第二小学,3,1
云南省玉溪市2025~2026下学期七年级历史,2,1
云南省玉溪市2025~2026下学期期末七年级历史,2,1
云南省生物竞赛,3,1
云南省生物联赛,7,1
云南省红河哈尼彝族自治区弥勒市第五中学,1,1
云南省职教高考,3,1
云南省近五年新课标历政生组合卷子,7,1
云南省高考历史试卷,3,1
云南省高考试卷,8,1
云南西双版纳景洪市八上数学期中间考试卷,1,1
云南西双版纳景洪市八上数学期末考试卷,1,1
云南高一上学期学考,3,1
云南高一下学期学考,6,1
云南高一下学期期末,1,1
云南高三数学,4,1
云南高三英语上学期期末试卷,15,1
云南高二上学期阶段检测,1,1
云南高考真题政治,3,1
云大附中,7,1
云学联盟高二,1,1
云学联盟高二上9月,2,1
云师大化学,9,1
云师大地理,12,1
云师大实验数学,5,1
云师大附中英语,1,1
云校,1,1
云浮,1,1
云溪,1,1
云贵川百师联盟,2,1
云贵川百师联盟高三,3,1
云附星耀,5,1
云龙长郡,1,1
互动游戏,3,1
互动课文,4,1
互对称,3,1
互补测验,1,1
互补测验，判断突变基因是否位于等位基因,1,1
五三2025数学,1,1
五三2026数学,4,1
五三2027英语北京专版,3,1
五三化学必修一,3,1
五三金卷2026物理,2,1
五上,5,1
五上U六单词英译汉,10,1
五上数学,9,1
五上数学人教版,1,1
五上数学方程,1,1
五上第一单元译林,4,1
五上语文书,5,1
五下仓山区英语期末卷,1,1
五下数学,6,1
五下数学名校真题,6,1
五下数学名校真题苏教版,7,1
五下数学期末,1,1
五下数学期末苏教版,17,1
五下数学苏教版,11,1
五下期中,8,1
五下语文期中,1,1
五下语文期末,1,1
五下课外阅读,1,1
五中分班考,1,1
五代史伶官传序,2,1
五十八中,1,1
五十八中期中,2,1
五十八中期末,14,1
五十六中学,2,1
五十四中,1,1
五升六 2026年暑假衔接数学,1,1
五升六语文暑假学习30日计划每一日练,5,1
五华中英文学校,2,1
五华区,1,1
五华区八年级上开学考试卷,1,1
五华区八年级期末统考卷,4,1
五华区八年级期末统考卷政治,1,1
五华区期末,2,1
五华区期末八年级下学期,1,1
五华区物理期末考,1,1
五华区物理期末考初二下.,4,1
五华县中英文学校,2,1
五四制一年级下册数学期末卷,1,1
五四制九年级上册鲁科版,6,1
五四制二年级上册数学期末卷,1,1
五四制八年级上册数学第一单元检测卷提优,4,1
五四制六年级上册生物第一单元第一章认识生物知识点总结元,5,1
五四制六年级下册数学期末试卷,4,1
五四制化学中考题,4,1
五四制数学中考题,1,1
五四制生物结业考复习资料,1,1
五四制青岛版一年级上册青蛙跳类型题,1,1
五四制鲁教版八年级上册数学第一章因式分解基础通关,5,1
五四制鲁教版八年级上册数学第二章测试卷,22,1
五年中考三年模拟,1,1
五年中考三年模拟2026,1,1
五年中考三年模拟2026试卷,1,1
五年中考三年模拟初中数学试卷七下2026春,1,1
五年中考三年模拟初中数学试卷八上2026秋,10,1
五年真题分类汇编,6,1
五年級 2026年下册数学,3,1
五年級 2026年下册期末数学,27,1
五年級 下册期末测试卷,1,1
五年級英语 2026年下册期末模拟卷,6,1
五年級语文 2025年上册,6,1
五年级,4,1
五年级上册,8,1
五年级上册上册人教版数学期末卷,1,1
五年级上册上册人教版数学期末卷安徽芜湖,11,1
五年级上册人教版数学课本,3,1
五年级上册小数乘法简便运算,1,1
五年级上册小数乘法简便运算计算题,2,1
五年级上册小数乘法简便运算计算题库,2,1
五年级上册小数乘法计算,3,1
五年级上册必背,1,1
五年级上册数学多边形面积专项题,8,1
五年级上册数学小数乘法计算,3,1
五年级上册数学期末卷,1,1
五年级上册数学课本,1,1
五年级上册数学青岛版小数乘法算式题,3,1
五年级上册数学青岛版小数乘法计算,7,1
五年级上册语文,1,1
五年级上册语文字词单,12,1
五年级上册语文必背,4,1
五年级上册语文期末,2,1
五年级上册语文阅读理解,5,1
五年级上学期期末,6,1
五年级上学期阶段检测,1,1
五年级上学案,4,1
五年级上数学第一单元测试,1,1
五年级上旋转,3,1
五年级上阅读理解,11,1
五年级下册2026年期中试卷,7,1
五年级下册北师大版数学第2单元,3,1
五年级下册岳池县2026年数学,5,1
五年级下册数学期末,14,1
五年级下册数学期末2025-2026,6,1
五年级下册数学期末麻城市统考卷,5,1
五年级下册文昌26年数学,1,1
五年级下册文昌海南26年,3,1
五年级下册期末,18,1
五年级下册期末考试卷数学,1,1
五年级下册期末考试卷数学衡水,4,1
五年级下册海南文昌,3,1
五年级下册海南文昌26年数学,2,1
五年级下册英语书,1,1
五年级下册语语文试卷以及答案。期末。,1,1
五年级下册闽教英语,8,1
五年级下册闽教英语期末,1,1
五年级下学期升学模考,1,1
五年级下学期期中,1,1
五年级北师大版2026年改版后期中试卷分析,3,1
五年级北师大版数学半期,16,1
五年级奥数,1,1
五年级小数乘法易错题试卷,15,1
五年级小数乘法混合简便运算计算题,1,1
五年级小数混合运算的简算,3,1
五年级小数混合运算的简算专项训练,2,1
五年级小数简便运算,1,1
五年级小数简便运算计算题,1,1
五年级开学考,2,1
五年级数学上册第一单元试卷,8,1
五年级数学下册思维题,7,1
五年级数学卷子,4,1
五年级数学卷子期末,11,1
五年级暑假生活,1,1
五年级竞赛试卷,8,1
五年级英语单词,3,1
五年级计算,7,1
五年级语文单元卷,2,1
五年级语文期中卷,3,1
五年级语文阅读理解,1,1
五年级语文阅读理解 100篇专项训练,5,1
五年级青岛版小数混合运算的简算专项训练,2,1
五年高考三年模拟,2,1
五年高考三年模拟化学必修一,1,1
五年高考数学,5,1
五年高考真题汇编,1,1
五显中学,3,1
五柳学校,4,1
五校协作体,3,1
五校协作体信阳,4,1
五校联考2025 2026学年度下学期期末考试高一试题,3,1
五石之瓠,3,1
五选四,4,1
亚桥,2,1
交互式动画,10,1
交互式动画课件,3,1
交变电流,1,1
交大附20268下数学,1,1
交大附中,7,1
交大附中 高一 物理,4,1
交通大学附属中学嘉定分校,2,1
交附,7,1
交附 高一 物理,4,1
交附嘉分,1,1
交集并集补集,3,1
京华梅岭,2,1
京华梅岭中学,1,1
京口北固亭怀古,1,1
京口北固亭怀古理解性默写,2,1
京口北固亭怀古课件,5,1
京师,1,1
京师励耘,12,1
京源学校2025-2026八年级下册英语期末卷子,5,1
京源学校八年级下册英语期末卷子,2,1
亮点给力 提优九上数学试卷,6,1
亳州一中分班考试,12,1
亳州一中开学考试,3,1
亳州三年级,3,1
亳州三年级数学,7,1
亳州二中,2,1
亳州二中二五年分班考试,9,1
亳州二中二五年分班考试数学试卷,2,1
亳州分班考,1,1
亳州市谯城区,7,1
人型机器狗,20,1
人大,1,1
人大服务中,1,1
人大附,1,1
人大附中 2024 2025 高一上 创新班期末英语试卷,1,1
人大附中2024届高三暑假自主复习,6,1
人大附中2025-2026学年度第一学期高二年级期末练习,2,1
人大附中2025届高三数学寒假自主复习检测练习,1,1
人大附中分班考试卷真题,1,1
人大附中小升初分班考试卷,3,1
人大附中小升初分班考试试,1,1
人大附中期末,1,1
人大附中经开,1,1
人大附中高一分班数学考试,2,1
人大附中高一分班考试,3,1
人大附中高一期末,5,1
人大附中高一期末考试,2,1
人大附中高三,1,1
人大附中高三开学考,3,1
人大附中高三暑假自主复习,14,1
人大附中高二地理,1,1
人大附分班考,1,1
人大附苏州校 分班考,1,1
人工智能,1,1
人工智能（时政热点专题训练+主观题答题攻略）2026年高考政治时热点专题训练,1,1
人教,1,1
人教A,1,1
人教A版,1,1
人教A版 高二数学上开学考试,2,1
人教A版专题05椭圆,18,1
人教A版必修第一册 第一章基础测试数学,3,1
人教A版暑假作业,3,1
人教A版选择性必修第一册 1.3 空间向量及其运算的坐标表示,10,1
人教A版高一,1,1
人教A版高一数学必修一基础单元测试卷,2,1
人教A版高一数学必修第一册 知识清单,8,1
人教A版高中数学等差数列前n项和,4,1
人教PP版英语七年级下册考试卷,4,1
人教a版必修一，数学第三章单元测试,7,1
人教a版必修一，第三章单元测试,1,1
人教a版选择性必修一优化学案,1,1
人教a版高中数学，知识点和公式大全,3,1
人教b版化学选择性必修2,1,1
人教b版化学选择性必修2课本,1,1
人教八上数学第一次月考试卷,1,1
人教八上计算,1,1
人教数学百分比的应用,1,1
人教数学第二章,1,1
人教数学试卷,7,1
人教版 七年级下册 同步解析与测评 期末,5,1
人教版 同步解析与测评 七年级下册语文期末测试卷,1,1
人教版 英语 8年级上学期 单元阅读题,3,1
人教版2018,1,1
人教版2019化学必修第1册,3,1
人教版2019化学必修第1册第1章,4,1
人教版2019化学必修第1册第2章,1,1
人教版2019化学必修第1册第2章单元测试卷,1,1
人教版2019化学必修第1册第2章新高考同样月考试卷,1,1
人教版2019化学必修第1册第2章新高考通用月考试卷,3,1
人教版2019物理必修一课后习题答案,1,1
人教版2019物理必修全册课后习题答案,1,1
人教版2019高中物理必修1/2/3完整版课后习题+官方答案,1,1
人教版2024九年级全一册物理,3,1
人教版2024八年级上册英语课文录音mp3,1,1
人教版2024版物理,6,1
人教版4年级上册作文,1,1
人教版7‑9年级中考英语必背短语 哈尔滨,3,1
人教版7年级上册数学期末试卷,1,1
人教版7年级下册数学期末试卷,2,1
人教版8年级下册数学书答案,3,1
人教版9上一单元英语作文,1,1
人教版A专题椭圆,6,1
人教版一元二次方程单元测试,26,1
人教版一年级期末考试拔高卷,3,1
人教版七上数学,6,1
人教版七上英语unit1,7,1
人教版七上英语unit2,6,1
人教版七下英语单词默写版,3,1
人教版七下英语竞赛题,6,1
人教版七年级上册有理数混合运算100到,2,1
人教版七年级上册第一单元测试卷数学免费,3,1
人教版七年级上册角的旋转压轴题,1,1
人教版七年级上册计算,1,1
人教版七年级上数学,7,1
人教版七年级下册甘肃省数学卷子,4,1
人教版七年级下册英语期末,3,1
人教版三上语文课本,1,1
人教版三年级上册英语,1,1
人教版三年级人教版新起点上册英语,1,1
人教版三年级期末拔高卷,2,1
人教版三年级期末考试拔高卷,2,1
人教版中考道德与法治试卷,2,1
人教版九上道法提纲,16,1
人教版九下英语单词及短语,4,1
人教版九年级上册期中测试,2,1
人教版九年级上册英语 Unit1 The Changing World 书面表达专项训练,8,1
人教版九年级上册英语单词表,5,1
人教版九年级上册英语第2单元 孙颖莎 作文 试卷,3,1
人教版九年级上册英语课本,2,1
人教版九年级化学上册课件,5,1
人教版九年级数学上册电子课本,1,1
人教版九年级数学旋转,21,1
人教版九年级物理,2,1
人教版九年级物理同步,1,1
人教版九年级物理欧姆定律培优,5,1
人教版九年级物理欧姆定律竞赛题,4,1
人教版九年级物理第一单元,4,1
人教版九年级英语单词表,4,1
人教版二年级上册数学,49,1
人教版二次函数单元练习,19,1
人教版八上Unit2HomeSweetHome音标版学案,14,1
人教版八上听力专项卷。,13,1
人教版八上数学第一次月考试卷,12,1
人教版八上物理 第1 2 3单元 4 2阶段性测试卷,4,1
人教版八上物理第1单元提升卷,10,1
人教版八上第一单元试卷英语,4,1
人教版八下 数学期末测试卷,12,1
人教版八下物理期末试卷,14,1
人教版八年级上册数学因式分解计算题专练,22,1
人教版八年级上册数学计算题专练,2,1
人教版八年级上册英语第1单元试卷安徽省宿州市任桥区,4,1
人教版八年级上册英语第1单元试卷安徽省宿州市埇桥区,9,1
人教版八年级上册英语第一单元测试卷,1,1
人教版八年级上册道德与法治 早读背诵知识点 河北唐人,1,1
人教版八年级上册道德与法治 早读背诵知识点 河北唐山,6,1
人教版八年级下册数学计算题100道,5,1
人教版八年级数学上册全等三角形判定,1,1
人教版八年级数学上册全等三角形判定课件,3,1
人教版八年级数学上册课件全等三角形判定,1,1
人教版八年级数学下册期末模拟卷02,8,1
人教版六上期末数学卷,1,1
人教版六上语文前四单元预习单,3,1
人教版初一数学,2,1
人教版初中英语1600课标词汇（2024版）,3,1
人教版初中语文必背古诗词原文,1,1
人教版初二数学计算题100道,2,1
人教版初二语文期末卷子,1,1
人教版化学必修一全套知识点,2,1
人教版化学必修一核心考点清单,4,1
人教版化学必修一知识点,1,1
人教版化学必修二有机化学,3,1
人教版化学必修第1册第2章单元测试卷,2,1
人教版化学必修第1册第四章单元测试卷,3,1
人教版化学必修第一册第一章知识点总结 化学实验安全,4,1
人教版化学选择性必修一,1,1
人教版化学选择性必修一默写清单,3,1
人教版压强重难点培优卷,7,1
人教版四年级期末考试拔高卷,1,1
人教版地理8年级上册,3,1
人教版地理8年级上册教材,2,1
人教版地理必修2电子书,3,1
人教版地理必修一试卷,4,1
人教版小学,3,1
人教版小学五年级数学下册,1,1
人教版小学五年级数学下册暑假特训（0—30）.pdf,3,1
人教版小学数孝六上中的工程问问,3,1
人教版必修一Welcome Unit单词朗读音频,4,1
人教版必修一生物知识点填空,3,1
人教版必修一英语,1,1
人教版必修一英语思维导图,1,1
人教版必修三物理第10章第一节练习,12,1
人教版必修三物理第10章练习题,2,1
人教版必修三物理第十章练习题,6,1
人教版必修单词串记短文,1,1
人教版数学9上教材,1,1
人教版数学七年级上下册期末测试题,2,1
人教版数学七年级上册,14,1
人教版数学七年级上册不定角问题,6,1
人教版数学七年级上册禅城,1,1
人教版数学七年级上册禅城三中,1,1
人教版数学七年级上册禅城第三中学,6,1
人教版数学七年级上册角的旋转,3,1
人教版数学七年级上册角的旋转压轴题,4,1
人教版数学五年级上册期末卷,1,1
人教版数学八上一单元试卷,8,1
人教版数学初中二次函单元卷,1,1
人教版数学初中二次函数单元卷,6,1
人教版数学初中第25章,2,1
人教版数学必修一,2,1
人教版数学高一,4,1
人教版数学高一单元,4,1
人教版数学高一单元集合,7,1
人教版数学高二，期末练,1,1
人教版新疆八下物理压轴题,6,1
人教版日语选择性必修第一册音频,1,1
人教版普通高中日语选择性必修第一册,4,1
人教版物理,4,1
人教版物理九年级,1,1
人教版物理九年级13章和14章测试卷,2,1
人教版物理八年级上册,3,1
人教版物理八年级上册长度和时间的测量,2,1
人教版物理必修一第一和第二章试卷及答案,4,1
人教版物理必修二第一章试卷及答案,1,1
人教版生物必修一PPT,4,1
人教版生物必修一教材习题答案,1,1
人教版生物必修一第1-2章试卷及答案,3,1
人教版生物必修二教材习题答案,6,1
人教版生物选必一第一二章知识网络,6,1
人教版生物默写小纸条必修一,5,1
人教版生物默写必修一,3,1
人教版空间向量与立体几何,4,1
人教版第一单元九年级英语语法,3,1
人教版英语七升八任务型和概要补全题,29,1
人教版英语七升八任务型阅读及概要补全,4,1
人教版英语七年级上册,3,1
人教版英语九上核心知识点背诵,1,1
人教版英语九年级上册单词表新版,1,1
人教版英语九年级第1单元练习题,14,1
人教版英语九年级练习题,9,1
人教版英语五年级上册,1,1
人教版英语初三英语练习题,1,1
人教版英语单词表,2,1
人教版英语四会重点单词,1,1
人教版英语四会重点单词八年级上,6,1
人教版英语必修一unit3课件,1,1
人教版英语必修一单句语法填空练习,8,1
人教版英语必修一衡水体字帖,1,1
人教版语文三年文言文字词练习,1,1
人教版课时数智作业四十六化学,1,1
人教版选择性必修1 1.1.1焓变反应热 导学案,5,1
人教版选择性必修一英语单词,11,1
人教版选择性必修第一册单词表原版图片,9,1
人教版道法书九上,4,1
人教版高一下学期期末,9,1
人教版高一物理第一章试卷,6,1
人教版高一英语核心词汇表,3,1
人教版高一语文必修,4,1
人教版高一语文必修电子课本,1,1
人教版高中化学必修一,1,1
人教版高中化学必修一专题,5,1
人教版高中化学必修一测试,7,1
人教版高中物理必修一课后习题,1,1
人教版高中物理必修三,8,1
人教版高中物理必修三电磁感应与电磁波初步,3,1
人教版高中物理必修三静电场,1,1
人教版高中英语课文音频,4,1
人教版高中英语选必四unit1 被动语态教学设计,2,1
人教版高中英语选必四unit1被动语态教学设计,2,1
人教版高中英语选必四unit1被动语态教案,4,1
人教版高中英语选必四unit2 课件,6,1
人教版高二教材,2,1
人教版，九年级 物理原卷,2,1
人教版，英语，选择性必修一,6,1
人教版，英语，选择性必修一，单词,2,1
人教精通版（精通英语） 的2025‑2026学年第二学期期末毕业考前预测模拟卷,6,1
人教英语必修一单词默写,1,1
人教英语版高中英语必修1- 3词汇过关,5,1
人文地理,4,1
人文地理选择题.,2,1
人民大学附属中学,2,1
人民教育出版社,1,1
人民日报,1,1
人民日报金句,3,1
人物素材2026一例十用,5,1
人物通讯,1,1
人称代词主格宾格,5,1
人称代词和物主代词,6,1
人类的故事PPT,1,1
人耳听不到的声音(新教材),5,1
什邡中学开学考,5,1
仁和,1,1
仁和中学,3,1
仁寿一中南校区,11,1
仁寿一中南校区2025 2026学年度高2023级高三下第一次高考模拟考试地理学科试题,4,1
仁寿八下数学期末卷,5,1
仁寿南一中入学分班,6,1
仁寿县北一中中考卷,1,1
仁寿新科高中,4,1
仁怀市人教版数学五年级上册期末卷,8,1
仁怀市第九中学期末,5,1
仁爰版七年级下册单元语法梳理和专项练习,5,1
仁爱 八上 阅读,3,1
仁爱中学,1,1
仁爱八上,1,1
仁爱数学,1,1
仁爱数学八上期中,7,1
仁爱版七下,30,1
仁爱版七年级上册单词表,2,1
仁爱版七年级上册英语单词表汇总电子版,6,1
仁爱版九年级上册单词,1,1
仁爱版八年级上册英语第四单元,5,1
仁爱版英语九上单词表,3,1
仁爱版音素与音标复习资料,3,1
仁爱科普版九年级上册英语 Unit1《The Changing World》「综合一能力评价（综合素质评价一）」单元检测卷,19,1
仁爱科普版八年级上册英语单词表,4,1
仁爱英语七下期末测试卷,4,1
仁爱英语知识清单,6,1
今年2026年广州市天河区8年级上册数学试卷期末考试,1,1
今年2026年广州市天河区8年级上册物理试卷期末考试,2,1
今年2026年广州市天河区8年级下册物理试卷期末考试,2,1
今年高考政治试卷,1,1
今年高考真题英语。,1,1
今年高考题,5,1
今年鱼台七年级下册地理期末真题,1,1
今年鱼台七年级下册生物期末真题,3,1
从句 100题,2,1
从句上海,7,1
从句专练,3,1
从句综合练习,4,1
从圈层看地貌与土壤,3,1
从地形角度,1,1
从地球圈层看地球环境,3,1
从百草园到三味书屋导学案,2,1
仓山区五年级期末考语文,1,1
仙城,2,1
仙桃市高一期末考试语文试卷,3,1
仙桃高一物理期末,8,1
仙游一中,7,1
仙游一中开学考,9,1
仙游私立一中,4,1
代词,3,1
以往的单招真题,1,1
仪器识别及基本实验操作,5,1
仪征八上1月月考,1,1
仪征八上第二次月考,10,1
仪征市实验中学初1分班考试试卷,2,1
仪征市实验中学数学试卷,6,1
仪征精诚中学,8,1
仪征精诚中学期中,2,1
仪征高一上,18,1
仪征高一月考卷,7,1
仪征高一精诚中学,8,1
仲元,7,1
价格革命,1,1
任务型专项,14,1
任务型阅读,3,1
任务型阅读、补全对话与情景运用,10,1
任务型阅读与补全对话,1,1
任务型阅读八年级,2,1
任务型阅读海南专用,1,1
任城市2025-2026学年高二上学期11月期中考试数学试题,2,1
任意角,3,1
伊春市伊美区第八中学,6,1
伊春市第一中学,3,1
伊犁州2025至2026第二学年8年级下册物理,6,1
伊犁州高一期末考试卷,1,1
伊犁州高一第二学期期末考试卷生物,5,1
伏安法测电功率,5,1
优佳学案,1,1
优佳学案一轮,4,1
优加密卷,1,1
优化学案,3,1
优化学案英语必修三,1,1
优化探究2027数学高考总复习,7,1
优化探究数学,6,1
优化探究数学，一轮复习,1,1
优化探究数学，一轮复习，黑龙江,2,1
优化方案,1,1
优化方案 2026电子版,2,1
优化方案 2027,9,1
优化方案高中总复习2027数学,5,1
优化设计,2,1
优化设计精讲,1,1
优可,12,1
优秀作文,2,1
优秀作文福建,6,1
优翼,7,1
会元小学考试题,1,1
会同县一中高一入学考试卷,3,1
会唱歌的水井,5,1
会宁中学,2,1
会宁第一中学高一诊断考试,2,1
会泽县 2025 2026学年下学期高一期末试卷,17,1
会考 20 25年计算机,1,1
会考 2026年 普通高中学业水平考试 地理,9,1
会考万唯地理填图湘教,1,1
会考卷,5,1
会考真题,18,1
会考英语,14,1
会计,1,1
传导题,2,1
传统无机非金属材料,5,1
传送带,2,1
传送带模型 滑块木板模型,6,1
传送带模型与板块模型结合,3,1
伴性遗传和人类遗传病专项训练,2,1
但是高二期末语文,4,1
但高二期末语文,1,1
位移与速度的关系,1,1
位育,1,1
体会认识发展的历程,3,1
体育单招 语文 2026试卷,1,1
体育单招测试题,1,1
体育单招真题,2,1
体育单招题,6,1
余姚七上分班考试,3,1
余干中学,5,1
余干县七年级上册数学试卷,3,1
余干县七年级下册数学期末测试卷,10,1
余杭区中考试卷,3,1
余江一中,3,1
佛山 022026二模,3,1
佛山 二模 2026,3,1
佛山 二模 2026  高三,1,1
佛山2026质量检测一,8,1
佛山2026高三二,4,1
佛山一中开学考试卷,1,1
佛山一中月考试卷,4,1
佛山一中高一上学期化学,1,1
佛山七下期中语文,3,1
佛山七下期末历史,3,1
佛山七下期末数学,1,1
佛山七下期末语地理,1,1
佛山七下期末语文,8,1
佛山七下期末语生物,3,1
佛山七下期末语英语,3,1
佛山七下期末道法,1,1
佛山三中初中部,5,1
佛山三水一模,7,1
佛山中学,1,1
佛山九上数学,3,1
佛山八下期末历史,1,1
佛山八下期末数学,5,1
佛山八下期末物理,1,1
佛山八下期末英语,1,1
佛山八下期末语文,6,1
佛山八下期末道法,1,1
佛山十门中学,3,1
佛山南海区2025∽2026四年级上册语文,1,1
佛山南海区2025∽2026四年级上册语文综合练习一,24,1
佛山南海狮山2025-2026三年级春季英语期末考试,9,1
佛山市2021 2022高一下学期统考卷,5,1
佛山市下学期日语,4,1
佛山市华英学校真题,15,1
佛山市南海区七上语文期末试卷,7,1
佛山市实验中学开学考试卷,4,1
佛山市数学试卷,40,1
佛山市普通高中日语,10,1
佛山市普通高中高二日语,5,1
佛山市禅城区第三中学,3,1
佛山市禅城区第三中学初中部,5,1
佛山市顺德区高三教学质量检测,17,1
佛山市高明区初一新生分班考试语文/数学/英语,1,1
佛山市高明区小升初考试语文/数学/英语,1,1
佛山市高明区小升初试卷语文/数学/英语,5,1
佛山市高级中学,9,1
佛山期末,5,1
佛山石门中学,7,1
佛山第一中学,11,1
佛山第一中学2026年高二下学期期中考试政治,3,1
佛山第一次高考,1,1
佛山高31模,1,1
佛山高一上学期化学,3,1
佛山高一上学期化学二段,1,1
佛山高一上学期化学第二次段考,1,1
佛山高一上月考,1,1
佛山高一上期中,7,1
佛山高一上期末,3,1
佛山高三一模数学,17,1
佛高,2,1
作业01 一般过去式,7,1
作业01 一般过去时,5,1
作业06平级的比较,7,1
作业一,1,1
作业十二名句默写➕文言文阅读,1,1
作业本,1,1
作品主题,6,1
作文 例文,2,1
作文 素材 026 年 一句多用,2,1
作文 素材 026 年 人物一材多用,1,1
作文 素材 026 年 人物汇总,2,1
作文 素材 026 年 高考,7,1
作文 纸 800 打印版电子,4,1
作文仿写,1,1
作文仿写 每日训练,4,1
作文做更好的自己,3,1
作文分论点,11,1
作文号高考,1,1
作文应用素材,3,1
作文模版,3,1
作文模版英语.,1,1
作文素材积累,7,1
作文纸语文,1,1
作文美文,2,1
作文询问信,1,1
作文金句积累,16,1
作文难忘的小学生活,3,1
作文高考,2,1
作文高考素材,2,1
作文：我心中的一把尺,1,1
你也可以直接搜索这张卷子里辨识度比较高的题目，比如第6题干支纪年法 2035年 七年级 数学，也能定位到这份试卷。,16,1
你好,6,1
你想江苏高中合格性考试语数英模拟试卷,1,1
你打开学科网，在搜索框输入“外研版英语四年级下册 Unit4 Plant life 素养评估A 单元测试卷”，搜索出来后筛选带答案的文档，就能找到这份试卷的完整答案了。,1,1
你是高二上物理月考试卷，9月份2022到2023,1,1
你知道吗 生活中的进位制,1,1
佰圣,14,1
佳一中2025-2026学年度高一下学期期末考试英语试卷,5,1
佳木斯一中2025‑2026高一下期末物理,2,1
佳木斯一中2025高一下数学,13,1
佳木斯一中政治,1,1
佳木斯一中高三,1,1
佳木斯上学期,1,1
佳木斯十一中,3,1
佳木斯市第十一中学,4,1
佳木斯期末高一上,1,1
佳木斯期末高一下,4,1
佳木斯第二中学,2,1
依安县实验中学,7,1
依安县实验中学九月考试,3,1
侨声中学,5,1
侯集高级中学,3,1
俄罗斯,2,1
俄罗斯高考,3,1
俄语七,1,1
俄语七年级,13,1
俄语七年级菏泽,5,1
俄语三格,1,1
俄语三格学案,5,1
俗称,2,1
保俶塔申花实验一模,7,1
保定一中,1,1
保定三中,1,1
保定中学1+3入学考试题目,9,1
保定中学1+3真题,4,1
保定中学1+3考试选拔题目,2,1
保定地理,6,1
保定学院,4,1
保定安国,2,1
保定安国九年级期末,5,1
保定安国九年级期末2526,5,1
保定市初二1+3,2,1
保定市清苑中学期末考试,1,1
保定市清苑中学期末考试数学,1,1
保定市高一期末化学,1,1
保定市高一期末数学,5,1
保定高一下期末联考,5,1
保定高三上期末联考数学,3,1
保定高二上期末生物,5,1
保定高二上期末联考,7,1
保山市隆阳区高一上学期数学月考,5,1
保山市隆阳区高一上学期英语,1,1
保税一中,1,1
信丰中学,3,1
信丰八年级英语,3,1
信宜市教育城八年级竞赛,2,1
信息,8,1
信息对比,1,1
信息技术,17,1
信息技术 2025 山东省学业水平测试,1,1
信息技术 2025 山东省荣成市学业水平测试,3,1
信息技术合格考,22,1
信息技术合格考真题,16,1
信息方程式配平,1,1
信息筛选,2,1
信息筛选高考,3,1
信息筛选高考练习,4,1
信息类 文本阅读 20026一轮复习,4,1
信息类文本,6,1
信息类文本阅读“与费孝通有关”的高二语文试卷,15,1
信息类文本阅读一轮,1,1
信息类文本阅读话题形容和专项训练,9,1
信息类阅读,5,1
信纸,1,1
信阳五校协作,5,1
信阳信高高一入学考试2024、2025真题,4,1
信阳大别山高级中学,1,1
信阳市商城县2025 2026下学期语文期末卷,1,1
信阳市平桥区英语,1,1
信阳市平桥区英语八年级,8,1
信阳市期末,5,1
信阳市羊山中学新八年级上册和下册的期末卷数学,2,1
信阳市羊山中学新八年级下册的期末卷数学,2,1
信阳市高一下学期期末试卷英语,6,1
信阳市高一期末,10,1
信阳市高二期末,6,1
信阳市高级中学2025到2026学年高一开学考试试卷,1,1
信阳淮滨2026年高二下期末,3,1
信阳高中数学,5,1
信阳高级中学 高一上学期开学考试,2,1
信高贤岭开学测高一试卷,3,1
修改病句,1,1
修改病句练习,2,1
修改病句练习题专项训练,3,1
修水,1,1
倍长中线 角平分线 AB=2AE 全等三角形,7,1
倍长中线专题,4,1
倒装句,1,1
倒角 练习,2,1
倒角模型,7,1
假日之新八下语文,3,1
假日拾光假期评估一,3,1
假期之友答案,1,1
假期伙伴,1,1
假设你是高三学生李华。你的美国笔友Peter在来信中提到，他对你们学校上周组织的去郊区植物园开展“观鸟研学”旅行很感兴趣。请你给他写一封回信，内容包括：,6,1
偷车贼,1,1
偷车贼阅读理解,1,1
傲游数学,4,1
傻逼,1,1
儋州市2025 2026学年高二下学期期末学业质量监测 数学,6,1
儋州市2026年春季学期高二学期末学业质量监测,5,1
儋州市2026年春季学期高二期末学业质量监测 数学,4,1
儋州市2026年春季学期高二期末学业质量监测题数学,1,1
儋州市2026年高二数学,1,1
儋州市2026年高二期末学业质量监测题,1,1
儋州市2026年高二期末学业质量监测题数学,4,1
儋州市八年级上册期中试卷,3,1
儋州市八年级期末测试,5,1
儋州市期中八年级上册,3,1
儋州市第一中学,1,1
儋州市高二下学期期末,1,1
儋州市高二期末数学,3,1
儋州市高二期末质量监测数学,6,1
儋州高二期末,1,1
儋州黄冈实验学校,6,1
儒林外史年章回,4,1
儒林外史年章回问题,1,1
元培中学第一单元,8,1
元本物理,3,1
元洪中学,6,1
元素,2,1
元素化合物,3,1
元素周期 表表格,1,1
元素周期表,7,1
元素周期表打印,4,1
元素和化合物,7,1
元素推断,1,1
元素推断 2025 二轮专题化学,1,1
元素推断 2026专题训练,3,1
元素推断题,7,1
充分必要条件双变量,1,1
充分必要条件双变量，一轮复习专题,1,1
充放气,4,1
充放气问题,8,1
先修,4,1
先修测试,4,1
先秦时期,1,1
先秦跟秦汉时期,3,1
光 1 光的全反射 折射,2,1
光合作用一轮,5,1
光合作用与呼吸作用,2,1
光合作用试题,3,1
光合呼吸单元卷,8,1
光合呼吸大题,3,1
光启高三政治联考,2,1
光呼吸、C4植物、CAM植物等特殊代谢类型课件》，,3,1
光学 电磁波,3,1
光学复习,2,1
光学复习高中,2,1
光山县八年级上册第一次月考,5,1
光山县八年级期末调研A卷,1,1
光敏色素,7,1
光明中学,4,1
光明道中学,1,1
光现象,3,1
光电效应 2024一轮复习专题 物理,1,1
光的反射和折射,4,1
光的折射,5,1
光的色彩,1,1
光谷实验,4,1
光谷实验中学,7,1
克勒玛依第五中学,2,1
克州,4,1
克州2025-2026学年度第二学期期末质量检测卷,3,1
克拉玛依市小升初考试,4,1
免费PPT,2,1
免费下载地理,3,1
免费下载试卷,1,1
免费下载试卷专区,3,1
免费专区政治,1,1
免费专区数学专题,1,1
免费专区数学函数,8,1
免费专区英语,5,1
免费听课,1,1
免费试卷数学,7,1
免费试卷高三,1,1
免费试卷高三河南,4,1
免费选必一化学第三章,9,1
免费高一试卷,3,1
兖州区八上物理2025-2026期末试卷,1,1
兖州区期中,14,1
兖州区第一中学,2,1
党八股第一,1,1
入团,3,1
入学分班考南雅,1,1
入学分班考物理,7,1
入学分班考雅礼,3,1
入学卷,15,1
入学测试卷,5,1
入学测试英语试卷高一,1,1
入学测试英语试卷高一长沙,3,1
入学考 初一,1,1
入学考 高一,1,1
入学考试 高中 高一 同升洲,2,1
入学考试 高中 高一 同升湖,4,1
入学考试 高中 高一上分班考试,21,1
入学考试 高中 高一上学期分班考试,44,1
入学考试初一,1,1
入学考试化学,3,1
入学考试化学上学期,1,1
入学考试化学高一,4,1
入学考试卷,39,1
入学考试试卷,3,1
入学考高一怀化,12,1
全2卷2026年真题,5,1
全品,2,1
全品8年级吉林英语。,1,1
全品作业本2027版八年级上册物理,6,1
全品作业本数学,1,1
全品作业本数学八上苏科版2026第三章单元测试卷,6,1
全品作业本答案,4,1
全品学练考 九年级物理全一册上 人教版 学业水平评价(一),3,1
全品学练考八下物理课堂反馈,6,1
全品数学湘教版基本功,1,1
全品高考复习方案,6,1
全品高考复习方案数学,1,1
全品高考复习方案生物2027,1,1
全品高考复习方案生物2027福建省,1,1
全品高考总复习,1,1
全善,1,1
全囯01卷 2026 高考数学真题,1,1
全囯1卷高考试卷,1,1
全囯2卷2025高考,2,1
全囯2卷2026高考,3,1
全囯2卷历史高考,3,1
全囯二卷,1,1
全国 一卷 数学2026,1,1
全国 一卷 数学2026真题,1,1
全国100所名校高考模拟示范卷,12,1
全国1卷含答案,2,1
全国1卷英语26,1,1
全国2022年英语二卷~2026年,8,1
全国2卷,4,1
全国一卷 2026高考真题,7,1
全国一卷 数学2026真题,4,1
全国一卷历史,3,1
全国一卷政治,2,1
全国一卷数学,15,1
全国一卷英语,1,1
全国一卷英语听力,1,1
全国一等奖手抄报,1,1
全国一轮复习化学知识清单,22,1
全国一轮复习数学专题,1,1
全国一轮复习数学专题01,2,1
全国一轮复习数学知识清单,3,1
全国一轮复习英语,3,1
全国一轮复习英语第03讲,4,1
全国一轮复习英语第04讲,2,1
全国一轮复习语句衔接,6,1
全国三轮冲刺,2,1
全国中学生数学奥林匹克竞赛,10,1
全国中学生物理竞赛41,6,1
全国中学生物理竞赛实验,1,1
全国中学生生物学联赛,1,1
全国中学生生物学联赛选拔赛,3,1
全国中学生英语竞赛,8,1
全国中学生英语能力测评 高三 初评,3,1
全国中学生英语能力测评 高三 初评竞赛,1,1
全国中学生英语能力测评竞赛,6,1
全国中学生英语能力测评（NEPTS),5,1
全国乙卷语文,4,1
全国二卷 2025,7,1
全国二卷 答案,1,1
全国二卷 语文2026,4,1
全国二卷2025学易金卷,1,1
全国二卷2025学易金卷语文,16,1
全国二卷2026年数学,3,1
全国二卷数学,2,1
全国二卷数学圆锥曲线题型,3,1
全国二卷物理,3,1
全国二卷英语,1,1
全国二卷语文2023,4,1
全国二卷语文2027,2,1
全国二卷高考数学,1,1
全国二轮专题,4,1
全国初中数学竞赛,11,1
全国初中生物理模拟卷,1,1
全国初中生物理竞赛模拟卷,1,1
全国单元练习,1,1
全国单元练习集合与逻辑用语,1,1
全国卷2,1,1
全国卷2  地理,4,1
全国各省市高考模拟试题汇编英语,4,1
全国名校联盟2026届高三联合开学摸底考试,3,1
全国奥林匹克竞赛,8,1
全国导游,2,1
全国开学高一新生分班考试实验考试,1,1
全国数学竞赛一试,3,1
全国数学竞赛高联,3,1
全国数学联赛,4,1
全国文综,1,1
全国文综Ⅱ,13,1
全国新一卷2026,1,1
全国新二卷2026英语,3,1
全国新课改省区T8联考2021届高三上学期第一次联考语文试题,2,1
全国暑假,12,1
全国暑假专题,1,1
全国暑假专题数学,2,1
全国期末,4,1
全国模拟仿真卷一 第一轮巩固,4,1
全国物理知识竞赛,2,1
全国物理知识竞赛第十一章,11,1
全国物理竞赛初赛,1,1
全国生物联赛,2,1
全国甲卷理综,4,1
全国甲卷贵州,1,1
全国竞赛,66,1
全国第一轮复习英语,2,1
全国统一考试英语试题,1,1
全国联赛,3,1
全国联赛二试,1,1
全国重点高中提前招生,8,1
全国重点高中提前招生考试全真试卷,3,1
全国重点高中自主招生试卷,2,1
全国高三一轮复习数学向量,1,1
全国高三一轮复习数学直线与圆,3,1
全国高中数学联赛二试,7,1
全国高中数学联赛决赛,3,1
全国高中数学联赛加试2025,1,1
全国高中数学联赛江西,1,1
全国高中数学联赛真题,1,1
全国高中数学联赛预赛,18,1
全国高考1卷语文,6,1
全国高考1卷语文2025,7,1
全国高考一卷,2,1
全国高考一卷数学,1,1
全国高考一卷英语2025,1,1
全国高考一卷英语从2008年到2026年的试题卷及答案及译文,7,1
全国高考一卷语文,1,1
全国高考数学卷子,2,1
全国高考真题卷,2,1
全国高考英语模拟卷二,2,1
全州,1,1
全州县城西中学,3,1
全市各普通高中2025 2026学年第一学期期末教学质量,4,1
全市普通高中2025-2026 学年第二学期期末教学质量监测,15,1
全平智能作业浙江省版化学,1,1
全椒期末英语,4,1
全等,8,1
全等 三角形,2,1
全等 三角形1 全等模型,3,1
全等三角形与勾股定理练习,15,1
全等三角形专题,12,1
全等三角形举一反三单元自测,1,1
全等三角形八上练习题,1,1
全等三角形北师大,1,1
全等三角形单元检测,2,1
全等三角形大模型,3,1
全等三角形尺规作图,11,1
全等三角形模型,10,1
全等三角形模型 八大题型,5,1
全等三角形测试卷,21,1
全等三角形讲义,13,1
全能练考卷 周末小卷 七年级下册数学人教版,6,1
全解,7,1
全部,1,1
全面推进依法治国的总目标与原则,1,1
八 上,3,1
八 中国的世界遗产——分数四则混合运算,1,1
八↑合肥物理,1,1
八一,1,1
八上 0 古诗文言文理解性默写,3,1
八上 数学 期中 深圳南山,3,1
八上 数学期末测试卷长沙,6,1
八上 期中,8,1
八上 物理期中测试卷长沙,3,1
八上 物理期中测试卷长沙期中,6,1
八上 语文期末测试卷,1,1
八上 语文期末测试卷长沙,8,1
八上14课课件,3,1
八上九月,4,1
八上人教版,1,1
八上人教版历史时间轴,1,1
八上人教版数学电子课本,1,1
八上人教版数学第一单元课时练,1,1
八上人教版物理第一单元难点专项,3,1
八上人教版英语第四单元知识清单背诵版,3,1
八上人教物理光现象,4,1
八上人教物理第四章实验题,1,1
八上人教物理第四章实验题单元卷,8,1
八上体育与健康,1,1
八上全程导练生物期中卷,2,1
八上全等三角形的概念及性质,21,1
八上冀教版英语,9,1
八上冀教版英语单词,7,1
八上冀教版英语第1单元句子成分主谓宾练习题,10,1
八上冀教版英语第三单元,1,1
八上冀教版英语课本,2,1
八上内蒙古包头市期末卷,1,1
八上内蒙古包头市贯通班,2,1
八上几何,1,1
八上几何压轴,2,1
八上几何等腰三角形,4,1
八上函数计算题,1,1
八上分式测试提升卷,1,1
八上分班考,2,1
八上化学九月份,15,1
八上北师大版数学第2单元检测卷,7,1
八上华师大数学全等三角形,3,1
八上华师数学平方根立方根测试,3,1
八上南开期中物理试卷,1,1
八上南开期中物理试卷重庆,5,1
八上历史,7,1
八上历史1，2单元试卷,1,1
八上历史思维导图,4,1
八上历史月考,2,1
八上历史期中,3,1
八上合肥物理,4,1
八上合肥物理易错题,1,1
八上合肥物理综合易错8页卷,9,1
八上吉林第一学期数学期中考试试卷,1,1
八上名著知识点,2,1
八上地理2026知识点,1,1
八上地理中国的自然环境,2,1
八上地理必背知识点,7,1
八上地理期末,3,1
八上地理第一章,1,1
八上外研版时态专练,10,1
八上外研版时态专练语法填空,3,1
八上外研版英语课文,4,1
八上年级平泉物理期末考试卷,8,1
八上开学考,12,1
八上开学考数学,9,1
八上开学考数学郑州,6,1
八上必背语文,5,1
八上必背语文古诗,1,1
八上情景运用,6,1
八上政治知识点,1,1
八上数学10月份月考,15,1
八上数学一二单元,1,1
八上数学三角形,1,1
八上数学三角形习题,3,1
八上数学二次全等的HL大题,1,1
八上数学人教2024版16章测试题,6,1
八上数学人教版,6,1
八上数学人教版13章三角形单元测试,10,1
八上数学人教版14章全等三角形单元测试,4,1
八上数学入学考四川安岳,1,1
八上数学全等三角形第一次,8,1
八上数学几何,2,1
八上数学北师大版一次函数的应用,1,1
八上数学北师大版二次根式,2,1
八上数学北师大版二次根式的应用,8,1
八上数学北师大版实验班,5,1
八上数学北师大版平方根根式的应用,7,1
八上数学北师大版平方根根式的应用2025年,2,1
八上数学北师大版平方根根式的应用2026年,1,1
八上数学北师大版期末,1,1
八上数学北师版一次函数 单元题目,21,1
八上数学华东师大,3,1
八上数学压轴,14,1
八上数学因式分解计算,4,1
八上数学宁波第七中学,6,1
八上数学实数,1,1
八上数学平方根立方根测试,3,1
八上数学必刷题人教版,1,1
八上数学新课程能力培养,1,1
八上数学朝阳区,4,1
八上数学期中卷,20,1
八上数学期中卷赣州中学,8,1
八上数学期末测试卷,4,1
八上数学期末西北工业大学附属中学,1,1
八上数学期末试卷,2,1
八上数学期末阿鲁科尔沁旗,10,1
八上数学沪科版,17,1
八上数学浙教压轴题,1,1
八上数学第2单元,1,1
八上数学第2单元卷,3,1
八上数学第一单元测试卷,1,1
八上数学第一单元课时练,1,1
八上数学第一次月考,7,1
八上数学第一次月考辽宁鞍山,5,1
八上数学第四单,1,1
八上数学第四章试卷,3,1
八上数学练习册一本试卷,14,1
八上数学考试无锡期中考,15,1
八上数学计算题,4,1
八上数学计算题苏科版,6,1
八上数学靖远县期中卷子,4,1
八上新秋五四制2026数学,3,1
八上新秋五四制2026数学课本,5,1
八上期中卷,13,1
八上期中数学,3,1
八上期中试题。,6,1
八上期末卷2024板,2,1
八上期末卷2024板广州区,1,1
八上期末卷2024板湛江区,5,1
八上期末地理,3,1
八上期末政治考试,6,1
八上期末试题。,5,1
八上期末语文,35,1
八上材料题,10,1
八上杨辉三角,3,1
八上永城市,12,1
八上沪科版数学第一单元,1,1
八上测试提升卷分式,3,1
八上济南长清,3,1
八上济南长清期中,1,1
八上浙教版地理知识小测,5,1
八上深圳道法,3,1
八上深圳道法期末,4,1
八上湘教版第一章重难点专训,7,1
八上物理1 1习题,5,1
八上物理一二章知识点,5,1
八上物理人教版练习题,1,1
八上物理人教版练习题汶上县,4,1
八上物理公式应用,1,1
八上物理北师大版,4,1
八上物理声,4,1
八上物理声学,1,1
八上物理声现象光现象透镜综合易错8页卷JKZY,1,1
八上物理学考,1,1
八上物理易错题,1,1
八上物理有答案,31,1
八上物理期中卷,10,1
八上物理期中卷江苏省宿迁市泗洪县,5,1
八上物理期中卷江苏省泗洪县,8,1
八上物理期中济宁,12,1
八上物理期末济宁,11,1
八上物理每单元试卷,16,1
八上物理沪科版期中测试,1,1
八上物理沪科版期末考试,2,1
八上物理知识点,4,1
八上物理第1单元提升卷,1,1
八上物理第1单元提升卷辽宁,3,1
八上物理第一次月考,2,1
八上物理第一章,8,1
八上物理第三单元检测,2,1
八上物理第三单元检测人教版,8,1
八上物理第二单元检测人教版,10,1
八上物理综合易错8页卷,1,1
八上物理计算题,2,1
八上物理速度,4,1
八上生物实验视频,3,1
八上生物必背知识点,7,1
八上生物期末,2,1
八上真光期中,12,1
八上社会,3,1
八上科学期末卷,1,1
八上科学电路探秘,8,1
八上科学第三章预习,1,1
八上科学课件浮力第一课时,1,1
八上科学课时1,8,1
八上科普版英语汉译英单词默写表,23,1
八上竞赛,7,1
八上章丘区英语期末试卷,1,1
八上第一单元道法知识点 背诵清单,5,1
八上第一次月考,1,1
八上英语,3,1
八上英语 单词背诵默写2026,2,1
八上英语2单元,1,1
八上英语2单元人教版,13,1
八上英语2单元知识清单人教版,14,1
八上英语书虫整本书阅读,7,1
八上英语单元测试卷,1,1
八上英语单元测试卷人教,3,1
八上英语单元测试卷人教湖北,1,1
八上英语单词,10,1
八上英语单词运用,5,1
八上英语外研社题,1,1
八上英语天津,1,1
八上英语必背知识点,1,1
八上英语惠州一中,3,1
八上英语月考,8,1
八上英语朝阳区,3,1
八上英语期中译林版,1,1
八上英语期末人教版,12,1
八上英语第一单元,1,1
八上英语第一单元沪教版,5,1
八上英语第一单元测试卷,2,1
八上英语第一单元课件,1,1
八上英语第三单元测试,8,1
八上英语练习仁爱版,6,1
八上英语词组,3,1
八上英语试卷,9,1
八上英语课文,1,1
八上英语课课练,1,1
八上英语课课练译林版,1,1
八上西湖区科学,3,1
八上计算,1,1
八上语文 必背古诗文,5,1
八上语文 必背古诗文原文,4,1
八上语文习题,2,1
八上语文习题大数据,1,1
八上语文书,1,1
八上语文古诗文背诵内容及诗文翻译理解,4,1
八上语文古诗文言文,2,1
八上语文名著,3,1
八上语文字帖,1,1
八上语文必背,4,1
八上语文必背知识点,6,1
八上语文教材,3,1
八上语文期末,2,1
八上语文期末大连,4,1
八上语文期末考试,6,1
八上语文第一次月考,12,1
八上语文第一次月考辽宁鞍山,1,1
八上语文练习册,9,1
八上语文背诵,7,1
八上语文课本,5,1
八上语文阅读理解,13,1
八上道德与法治知识点,1,1
八上道德与法治课时A计划练习,12,1
八上道法 背诵清单,14,1
八上道法月考,1,1
八上道法第9课,13,1
八上道法第二单元试卷,5,1
八上道法第二单元试卷山西,4,1
八上道法第二单元试卷山西晋城,6,1
八上钱塘区八上科学,2,1
八上长郡物理第一次月考试卷,1,1
八上阅读填空,3,1
八下 政治期末测试卷,7,1
八下 数学 2026期末测试,1,1
八下 数学 2026期末测试 卷,11,1
八下 数学 2026期末测试恩施,2,1
八下 数学2026期末测试恩施,4,1
八下 数学期末测试卷,1,1
八下 数学期末测试卷人教版,3,1
八下 期末2026,1,1
八下 期末2026数学,5,1
八下 期末2026英语,5,1
八下 物理,8,1
八下 物理 2025 26期末测试 卷人教版,2,1
八下 物理 2026期末测试恩施,2,1
八下 物理2025 26期末测试,6,1
八下 英语,1,1
八下 英语 2026期末测试 恩施,10,1
八下 英语 2026期末测试恩施,3,1
八下 语文 2026期末测试恩施,5,1
八下 道法 2026期末测试恩施,2,1
八下人教版数学四边形单元检测,6,1
八下人教版数学正方形压轴题,6,1
八下人教版新思维名师卷第一次月考测试卷,3,1
八下仁爱英语期末卷,5,1
八下单元数学卷,3,1
八下单词表,2,1
八下历史,3,1
八下历史期末卷长沙,5,1
八下地理期末,5,1
八下宝安区期末物理,1,1
八下德法思维导图,1,1
八下政治第一单元,6,1
八下政治第三单元,4,1
八下政治第二单元,4,1
八下数学,1,1
八下数学200道不同类型填空题,7,1
八下数学从化区,1,1
八下数学勾股定理与面积法题,1,1
八下数学北师大版,13,1
八下数学单元试卷,2,1
八下数学教材,1,1
八下数学期末试卷,8,1
八下数学概念汇总,4,1
八下数学沈阳沈河区,1,1
八下数学画图题,1,1
八下数学试卷期末永州,5,1
八下数学试卷期末祁阳,3,1
八下数学试卷永州,1,1
八下数学试卷永州期末,4,1
八下数学陕西,3,1
八下文言文书下注释默写,1,1
八下期末,1,1
八下期末2026,1,1
八下期末2026北京市丰台区数学,1,1
八下期末考试卷湖南永州数学,4,1
八下期末考试卷湖南长沙数学,1,1
八下期末语文,4,1
八下正方形压轴题,3,1
八下浮力大题,1,1
八下物理,1,1
八下物理期中,3,1
八下物理期末卷,5,1
八下物理期末复习 人教版力和运动,10,1
八下物理期末复习 力和运动,3,1
八下物理期末复习 易错精选127题,13,1
八下物理期末复习力和运动,1,1
八下物理期末湖南,1,1
八下物理期末湖南长沙,1,1
八下物理期末龙华区,8,1
八下物理沪科版,14,1
八下物理浮力单元测试,6,1
八下物理浮力大题,4,1
八下特殊平行四边形专题,11,1
八下特殊平行四边形专题试卷,11,1
八下生物,4,1
八下英语,3,1
八下英语三点分层,3,1
八下英语人教  默写,8,1
八下英语人教新版  默写,5,1
八下英语期末人教学海风暴,1,1
八下英语期末龙华区,11,1
八下英语深圳龙华,3,1
八下英语综合卷,1,1
八下英语试卷,2,1
八下英语语法每日一练,3,1
八下英语阅读20篇,1,1
八下语文期末曲阜卷,1,1
八下道法,5,1
八下道法书,4,1
八下道法必背,12,1
八下道法知识点,3,1
八下道法第三单元试卷及答案山西,4,1
八下道法第五单元试卷及答案山西,13,1
八下道法第四单元试卷及答案山西,2,1
八下道法龙华,2,1
八下龙华区2025~2026物理试卷,1,1
八中 重庆开学考,1,1
八中 重庆第一次月考高中物理,1,1
八中 重庆高一上第一次月考高中物理,4,1
八中 重庆高一第一次月考高中物理,1,1
八中2025届期中,1,1
八中九上月考,1,1
八中入学,1,1
八中月考,1,1
八中福州高一数,1,1
八中高2028届高一（上）化学学月考试,1,1
八中高2028届高一（上）学月考试,2,1
八中高一2025届期中,1,1
八义集,1,1
八义集高级中学,2,1
八十六,5,1
八升九 2025年新九年级数学暑期衔接讲义,1,1
八县市协作校,4,1
八土语文,3,1
八字模型,6,1
八年上册第一单元测试卷,1,1
八年下册第一章,1,1
八年下册第一章四边形,1,1
八年級 2025 2026年下册期末考试青海,8,1
八年級 2026年上册期末考试,1,1
八年級 2026年下册期末考试花丛中学,2,1
八年級 下册数学2025 2026期末考试真题卷,15,1
八年級 下册英语2025 2026期末考试真题卷,9,1
八年級下冊期末考,10,1
八年级 上册01 古诗文 每课默写,7,1
八年级 下期物理期末测试湖南,14,1
八年级 数学,2,1
八年级 物理期末测试湖南,1,1
八年级上,1,1
八年级上人教版语文书,1,1
八年级上册 物理 苏科版 同步课,1,1
八年级上册1 3单元综合测试,3,1
八年级上册10月份物理学质量检测,5,1
八年级上册1~3单元单词,2,1
八年级上册1~3单元单词音频,11,1
八年级上册2025—2026年信丰县道德与法治期中考试卷,12,1
八年级上册2o25一2026数学湖南期中,1,1
八年级上册2o25一2026数学湖南期末,6,1
八年级上册2o25一2026数学湖南期末一中,1,1
八年级上册东湖高新区实验中学数学考试,13,1
八年级上册临沂英语月考,21,1
八年级上册人教教材,4,1
八年级上册人教版历史背诵默写小纸条,1,1
八年级上册人教版地理默写小纸条,2,1
八年级上册人教版地理默写纸条,4,1
八年级上册人教版数学单元侧试卷,19,1
八年级上册人教版数学期中试卷,8,1
八年级上册人教版数学电子版教材,3,1
八年级上册人教版物理光学画图题,7,1
八年级上册人教版物理半期,4,1
八年级上册人教版物理第二章学业质量评价,1,1
八年级上册人教版物理默写小纸条,1,1
八年级上册人教版生物第一单元试卷,3,1
八年级上册人教版英语第一单元,4,1
八年级上册人教版英语第一单元思维导图,1,1
八年级上册人教版英语第一单元维道,1,1
八年级上册人教版课文跟读MP3版,4,1
八年级上册仁爱版英语教学视频,1,1
八年级上册全科开学考试试卷,1,1
八年级上册冀少版生物默写小纸条,5,1
八年级上册冀教版数学14.1,1,1
八年级上册冀教版数学14.1课程讲解,2,1
八年级上册函数试卷,27,1
八年级上册函数试卷2025-2026,10,1
八年级上册函数试卷2025-2926,1,1
八年级上册分式与分式方程分解基础卷,1,1
八年级上册分式与分式方程基础卷,2,1
八年级上册分式基础卷,3,1
八年级上册分式提高卷,1,1
八年级上册初中数学优品单元与期末试卷,5,1
八年级上册北师大版数学第一单元卷子,5,1
八年级上册北师大版数学第二章练习,3,1
八年级上册南京期中2024~2025物理联合体,12,1
八年级上册历史人教版资料,15,1
八年级上册历史总结,1,1
八年级上册历史提纲,3,1
八年级上册历史知识人教版,4,1
八年级上册历史知识清单人教版,4,1
八年级上册因式分解基础卷,3,1
八年级上册地理知识点总结,1,1
八年级上册复习,2,1
八年级上册复习提纲,9,1
八年级上册学期数学华东师大版期中考试卷,8,1
八年级上册张家口市桥西区,7,1
八年级上册必背内容语文,5,1
八年级上册政治思维导图,3,1
八年级上册政治思维导图第一课,3,1
八年级上册数学2.4 线段的垂直平分线,5,1
八年级上册数学人教版,3,1
八年级上册数学人教版第2单元测试卷,1,1
八年级上册数学人教版第一单元,5,1
八年级上册数学北师大版勾股定理,14,1
八年级上册数学北师大版期中,1,1
八年级上册数学北师大版期末考卷,9,1
八年级上册数学华东师范大学出版社第一单元测试卷,7,1
八年级上册数学华师大版,1,1
八年级上册数学单元考,2,1
八年级上册数学卷子,3,1
八年级上册数学开学考试试卷,4,1
八年级上册数学开学考试试卷冀教版,3,1
八年级上册数学德州10月,1,1
八年级上册数学德州月考,1,1
八年级上册数学期中浙教版,4,1
八年级上册数学期中考试试卷,6,1
八年级上册数学海淀区期末,1,1
八年级上册数学课堂作业本,2,1
八年级上册数学长清区,4,1
八年级上册数学题纲,1,1
八年级上册月考试卷,2,1
八年级上册期中数学 浙教版,24,1
八年级上册期中语文试卷长沙,8,1
八年级上册期末数学 浙教版,29,1
八年级上册期末数学 浙教版宁波镇海,15,1
八年级上册期末测试数学长沙,1,1
八年级上册期末考试英语,11,1
八年级上册沂南期中试卷数学,6,1
八年级上册沂水历史期中试卷,10,1
八年级上册沂水地理期中试卷,12,1
八年级上册沂水政治期中试卷,10,1
八年级上册沂水生物期中试卷,7,1
八年级上册湘教版地理教材解读,5,1
八年级上册物,2,1
八年级上册物体人教版试卷,4,1
八年级上册物理人教版名校课堂第一章,2,1
八年级上册物理其中考,4,1
八年级上册物理名校课堂,6,1
八年级上册物理名校课堂第一章,3,1
八年级上册物理声的选择综合题,8,1
八年级上册物理学案,4,1
八年级上册物理教科版,3,1
八年级上册物理教科版声现象,1,1
八年级上册物理教科版期中卷子,3,1
八年级上册物理期中兰山区,4,1
八年级上册物理期中考卷,1,1
八年级上册物理汕尾市,3,1
八年级上册物理湖南长沙,6,1
八年级上册物理第1课,4,1
八年级上册物理第1课福建,2,1
八年级上册物理第一单元知识点,6,1
八年级上册物理第一章,12,1
八年级上册物理质量与密度,4,1
八年级上册生物济南版第一章知识点,11,1
八年级上册第1单元地理测试,1,1
八年级上册第1单元数学试卷人教版,6,1
八年级上册第1单元测试卷数学,3,1
八年级上册第1单元测试卷数学三角形,3,1
八年级上册第一单元课件,1,1
八年级上册第一次数学月考,9,1
八年级上册第一次月考,2,1
八年级上册第四单元光现象人教,7,1
八年级上册第四单元语文,7,1
八年级上册英语,1,1
八年级上册英语仁爱版,3,1
八年级上册英语单词表人教版2026,1,1
八年级上册英语单词表牛冿版2026,1,1
八年级上册英语卷纸,2,1
八年级上册英语开学考,4,1
八年级上册英语月考,1,1
八年级上册英语第一单元测试卷,1,1
八年级上册英语第一单元测试卷人教版,1,1
八年级上册试卷,18,1
八年级上册语文人教版文言文对比阅读,4,1
八年级上册语文人教版新课标语文文言文翻译及词语注解,2,1
八年级上册语文开学考试试卷,7,1
八年级上册语文月考卷,7,1
八年级上册语文期中考考试巨野,5,1
八年级上册语文期中考试卷,4,1
八年级上册语文第三课校本作业,4,1
八年级上册语文阅读,2,1
八年级上册语文阅读理解模板,3,1
八年级上册语文阅读第一个月考试,1,1
八年级上册通许县 数学期中,5,1
八年级上册通许县历史期中,6,1
八年级上册通许县地理期中,6,1
八年级上册通许县生物期中,20,1
八年级上册通许县英语期中,7,1
八年级上册通许县语文期中,10,1
八年级上册道德与法治专项,4,1
八年级上册道法知识点,5,1
八年级上册道法知识点框架,7,1
八年级上册阅读填词 英语人教版,1,1
八年级上册阶段测试卷,4,1
八年级上册鲁教版英语,5,1
八年级上册鲁教版英语课件,3,1
八年级上历史2025 2026知识默写清单总结,3,1
八年级上学期2025至2026学年物理试卷晋宁区,1,1
八年级上学期数学北师大版期末试题,11,1
八年级上学期期末,1,1
八年级上学期珠海市香洲区数学,9,1
八年级上学期第一次月考生物试卷滕州,1,1
八年级上学期英语月考,8,1
八年级上数学,1,1
八年级上数学书,2,1
八年级上数学开学考,3,1
八年级上数学期中平度,3,1
八年级上第一单元,16,1
八年级上英语人教,4,1
八年级上英语人教unit,1,1
八年级上英语人教版四会重点单词,3,1
八年级上英语阅读理解,4,1
八年级下册2025到2026数学期末考试试卷山东省兰陵县临沂市答案亽答案,5,1
八年级下册2025到2026物理期末考试试卷山东省兰陵县临沂市答案亽答案答案,3,1
八年级下册2025到2026英语期末考试试卷山东省兰陵县临沂市答案亽答案答案,3,1
八年级下册2025到2026英语期末考试试卷山东省兰陵县临沂市答案亽答案答案答案,11,1
八年级下册2025到2026英语期末考试试卷山东省兰陵县罗庄区答案亽答案答案答案,3,1
八年级下册2025到2026语文期中考试试卷山东省兰陵县临沂市,1,1
八年级下册2025到2026语文期末考试试卷山东省兰陵县临沂市答案亽答案,1,1
八年级下册2025年期中物理卷子唐河县,1,1
八年级下册2026年湖南真卷物理,4,1
八年级下册2026年湖南真卷英语,5,1
八年级下册2026年湖南真卷语文,4,1
八年级下册20章,1,1
八年级下册21章,2,1
八年级下册21章拔高卷,2,1
八年级下册23章拔高卷,2,1
八年级下册人教版物理单元测试卷,1,1
八年级下册人教版英语期末考试卷,8,1
八年级下册全科，免费,3,1
八年级下册六盘水数学,1,1
八年级下册六盘水期末道德,4,1
八年级下册六盘水英语听说,1,1
八年级下册六盘水语文,2,1
八年级下册化学期末化学,7,1
八年级下册历史期末考,1,1
八年级下册嘉兴市,5,1
八年级下册数学入学测试卷,25,1
八年级下册数学期末考试,4,1
八年级下册数学期末试卷,3,1
八年级下册数学第4单元试卷江苏版,1,1
八年级下册数学第4单元试卷苏教,1,1
八年级下册数学综合探究题集合,2,1
八年级下册数学试卷,4,1
八年级下册数学试卷第3单元一次函数,7,1
八年级下册晋教版地理知识清单,5,1
八年级下册晋教版地理知识点,4,1
八年级下册期末物理,1,1
八年级下册期末考试卷,1,1
八年级下册期末考试卷贵阳市,1,1
八年级下册期末考试卷贵阳市 英语,1,1
八年级下册期末语法复习,5,1
八年级下册沪科版数学,7,1
八年级下册浙江省杭州市上城区社会期末考试,1,1
八年级下册湖南知识点,5,1
八年级下册物理分层作业新疆专用版电子版,4,1
八年级下册物理汕尾市,3,1
八年级下册物理汕尾市统考,1,1
八年级下册物理沪科版.,1,1
八年级下册物理沪科版期末考试试卷,3,1
八年级下册物理真题期末卷,3,1
八年级下册第六单元平行四边形专题试卷,27,1
八年级下册英语人教版阅读理解,5,1
八年级下册英语单元自测提升卷,1,1
八年级下册英语单元自测提升卷Unit 1,3,1
八年级下册英语单元自测提升卷Unit2,3,1
八年级下册英语单元自测提升卷Unit3,5,1
八年级下册英语单元自测提升卷Unit4,2,1
八年级下册英语单元自测提升卷Unit5,3,1
八年级下册英语句型转换,4,1
八年级下册英语知识点,5,1
八年级下册英语试卷,3,1
八年级下册英语默写单,1,1
八年级下册语文期中考考试巨野,4,1
八年级下册语文期末考考试巨野,3,1
八年级下册语文期末试卷,6,1
八年级下册语文期末试卷重庆市,7,1
八年级下册语文课本,2,1
八年级下册语文阅读理解训练题 30篇答案题分开,4,1
八年级下册道法思维导图以课,1,1
八年级下册道法期末卷子,1,1
八年级下历史,1,1
八年级下学期人教版英语优加学案,8,1
八年级下学期期末考试黄冈数学,6,1
八年级下学期物理期末模拟测试,2,1
八年级下学期物理期末考试黄冈,1,1
八年级下学期物理汕尾市统考,2,1
八年级下学期物理试卷,6,1
八年级下学期英语,3,1
八年级下期末数学试卷,1,1
八年级下物理眉山,8,1
八年级下英语期末 泰安 岱岳区,5,1
八年级下语文期末试卷,3,1
八年级人教版数学暑假作业答案,6,1
八年级人教版英语单词,6,1
八年级全册数学,3,1
八年级全年期末模拟,6,1
八年级全年期末模拟青羊区,2,1
八年级几何模型,3,1
八年级化学期末,1,1
八年级化学期末上海,5,1
八年级华师大版,2,1
八年级华师大版数学第一单元,13,1
八年级华师旋转,3,1
八年级历史上册知识点背诵,1,1
八年级历史第一单元知识点,3,1
八年级厦门英语卷,3,1
八年级周周练,1,1
八年级基础数学试卷,1,1
八年级基础数学试卷简单,5,1
八年级声单元测试卷,2,1
八年级大冶市临空初级中学期末,4,1
八年级大冶期末,1,1
八年级快乐过暑假,1,1
八年级数学 几何焦作,3,1
八年级数学上册期末试卷,6,1
八年级数学上册浙教版竞赛卷,5,1
八年级数学上册第一单元测试卷,6,1
八年级数学上册试卷,6,1
八年级数学上学期第一次月考,5,1
八年级数学下册,1,1
八年级数学乐山华东师大,4,1
八年级数学冀教版开学考,11,1
八年级数学北师大版,1,1
八年级数学压轴题专项练习,16,1
八年级数学压轴题大集,1,1
八年级数学复习,5,1
八年级数学完全平方公100道计算,1,1
八年级数学完全平方公式 100道计算,2,1
八年级数学完全平方公计算,2,1
八年级数学成都,2,1
八年级数学期中考试试卷人教版,1,1
八年级数学期中考试试卷人教版第一学期,9,1
八年级数学期末,4,1
八年级数学期末试卷,7,1
八年级数学竞赛,1,1
八年级数学第一次月考,1,1
八年级数学翠园中学,6,1
八年级新教材英语,1,1
八年级新教材英语译林出版社,7,1
八年级旋转,2,1
八年级旋转压轴,2,1
八年级暑假作业,1,1
八年级月考上学期第一次,1,1
八年级月考上学期第一次江苏,1,1
八年级期末,11,1
八年级期末考试题,1,1
八年级期末英语 北京,6,1
八年级期末英语山东,4,1
八年级期末英语山东临清,6,1
八年级期末英语山东聊城,4,1
八年级浮力单元练,1,1
八年级物态变化与温度单元测试卷,1,1
八年级物理,19,1
八年级物理上册,7,1
八年级物理上长度距离,2,1
八年级物理下册沪科版,9,1
八年级物理下测试卷中山期末,4,1
八年级物理人教版,2,1
八年级物理单元测试卷,1,1
八年级物理教科版光的世界知识点,4,1
八年级物理教科版物态变化知识点,3,1
八年级物理教科版第一单元,1,1
八年级物理教科版第三单元,3,1
八年级物理教科版第三单元声,4,1
八年级物理教科版第三单元测试卷,5,1
八年级物理教科版第四单元,3,1
八年级物理教科版第四单元知识点,1,1
八年级物理暑假作业,6,1
八年级物理期中吉林省吉林市,11,1
八年级物理期中考试卷,1,1
八年级物理期末,4,1
八年级物理沪科版,16,1
八年级物理测试卷,1,1
八年级物理测试卷中山,1,1
八年级物理测试卷中山期末,1,1
八年级物理讲义,1,1
八年级物理讲义人教版,2,1
八年级物理讲义沪科版,1,1
八年级物理试卷,2,1
八年级物理长度与时间,3,1
八年级特殊平行四边形旋转,4,1
八年级甘肃清水县,27,1
八年级生物,7,1
八年级生物2026,4,1
八年级生物结业考试,6,1
八年级白银12025至2026统考试卷物理,3,1
八年级白银市20252026期末统考语文卷,3,1
八年级白银市2025至2026期末统考卷数学,1,1
八年级白银市2025至2026统考试卷数学,3,1
八年级福建物理,4,1
八年级第一单元知识点,1,1
八年级第一次月考天津,17,1
八年级苏教版第一次月考物理,6,1
八年级英文期末试卷,3,1
八年级英语,3,1
八年级英语上学期第一次月考,3,1
八年级英语人教版,1,1
八年级英语单词背诵及默写单 上册 译林版,1,1
八年级英语单项选择题专项训练,6,1
八年级英语试卷,4,1
八年级英语试卷超级考卷,2,1
八年级词组,7,1
八年级试卷,5,1
八年级语文上册第一单元课件,1,1
八年级语文期末,15,1
八年级语文期末考试,1,1
八年级语文虹桥,3,1
八年级道法上册第四单元单元设计,12,1
八年级长江暑假作业,1,1
八月底高三,11,1
八校联考,6,1
八省,5,1
八省八校t8联考2026届高三4月阶段练习,1,1
八省八校联考,1,1
八省联考T8,13,1
八省联考联考,4,1
八省联考英语,4,1
八省联考英语试卷,6,1
公主岭三中,1,1
公主岭市,2,1
公主岭市期末,4,1
公共基础课．期末考点大串讲,3,1
公共角模型,1,1
公切线,9,1
公切线 导线 微专题,1,1
公式类,5,1
公式类计算综合,1,1
公顷和平方千米,2,1
六上 数学比,1,1
六上 数学第四单元比,2,1
六上单元习作范文,1,1
六上圆,1,1
六上山东东营期中,9,1
六上数学期末卷,16,1
六上数学节约用水笔记,3,1
六上有哪些习作,1,1
六上第二单元PPT,3,1
六上译林版新版英语,5,1
六下 数学期末测试卷,19,1
六下数学期末试卷云南文山,13,1
六下英语词汇,2,1
六中,12,1
六中三模语文试卷,1,1
六中九年级上册历史开学考,1,1
六中珠江中学,6,1
六十八中月考物理,4,1
六十六中,4,1
六升七分班考真题,1,1
六升七分班考真题信阳,1,1
六升七分班考试卷河南,4,1
六升初数学试卷,2,1
六国伦,1,1
六国论,3,1
六国论理解性默写,5,1
六安一中周测,1,1
六安一中数学第三章,1,1
六安一中第三章,1,1
六安一中高一数学第三章,4,1
六安市九中2025-2026年数学试卷,7,1
六安市独山中学,5,1
六安第九中学,1,1
六年下册期末测试卷,21,1
六年級 2025 2026年下学期期末,6,1
六年级,1,1
六年级上,2,1
六年级上册外研版英语阅读理解,6,1
六年级上册展开与折叠,1,1
六年级上册数学,1,1
六年级上册数学期中,2,1
六年级上册数学期末麻城市统考卷,4,1
六年级上册数学桂城街道综合一,19,1
六年级上册数学桂城街道试卷第一单元,81,1
六年级上册数学的期末试卷,1,1
六年级上册数学第一单元试卷,2,1
六年级上册期末,3,1
六年级上册第一单元数,5,1
六年级上册第一单元测试卷,3,1
六年级上册英语单词,5,1
六年级上册语文免费期中试卷,3,1
六年级上册鲁教版五四制英语期末卷,15,1
六年级上学期升学模考,2,1
六年级上学期期末,3,1
六年级上学期高考模考,2,1
六年级上完形填空,1,1
六年级下册数学小升初每日计算练习题这本书的电子完整版,6,1
六年级下册数学期中 卷,32,1
六年级下册数学期末,1,1
六年级下册知识点汇总语文古诗,19,1
六年级下册英语期末卷,43,1
六年级下册语文期末考试,1,1
六年级下学期英语,1,1
六年级下学期阶段检测,4,1
六年级下期末语文真题,8,1
六年级五四制,1,1
六年级公式,3,1
六年级分数除法,2,1
六年级升初中数学题,2,1
六年级南海区卷子答题卡,7,1
六年级完形填空,2,1
六年级小升初四川省卷子,14,1
六年级应用题专项,1,1
六年级应用题综合专项,1,1
六年级应用题训练,3,1
六年级数学,2,1
六年级数学上册第二单元分数乘法提高卷,5,1
六年级数学分数乘法易错题试卷,1,1
六年级数学应用题综合专项,4,1
六年级数学应用题综合专项题,4,1
六年级数学暑假提升,5,1
六年级数学期末,5,1
六年级数学计算题专项,6,1
六年级数学题,3,1
六年级易错题,7,1
六年级期末试卷数学,2,1
六年级比的练习题,8,1
六年级练习题,1,1
六年级苏教版数学单元测试卷最新版本,8,1
六年级英语下册期末考试卷,101,1
六年级英语作业,1,1
六年级英语期末,1,1
六年级英语期末广东,4,1
六年级英语译林版,1,1
六年级英语译林版试卷,3,1
六年级英语阅读,1,1
六年级译林版期末卷,3,1
六年级译林版期末卷英语,2,1
六年级语文小升初文学常识专项,3,1
六年级语文小升初文学常识专项书法,3,1
六校,3,1
六校教育研究会,15,1
六校联考高一上2025届期中,1,1
六盘水,4,1
六盘水市,5,1
六盘水市2026年中考卷子,16,1
六盘水市2026高二质量检测卷,3,1
六盘水市2026高二质量检测卷物理,5,1
六盘水市八年级数学上学期期末,3,1
六盘水市六枝特区第九中学,9,1
六盘水市期中,4,1
六盘水市第十二中学期末,5,1
六盘水期末,1,1
六盘水高一,1,1
六级英语,1,1
六级试卷,1,1
六都中学,2,1
兰化一校,2,1
兰州,6,1
兰州27中,1,1
兰州7中期中,31,1
兰州一中第一次月考,1,1
兰州一中高一数学期末卷,2,1
兰州一中高一第一次月考,1,1
兰州七下数学,19,1
兰州七中八上数学期中,11,1
兰州三中,3,1
兰州中考物理树人中学,2,1
兰州四中,5,1
兰州大学附中,1,1
兰州大学附属中学 兰州市第三十三中学,6,1
兰州大学附属中学2024-2025,3,1
兰州大学附属中学（兰州市第三十三中学）,1,1
兰州市,12,1
兰州市2026年语文中考试卷,4,1
兰州市五十一中高一数学试卷,1,1
兰州市地理中考,8,1
兰州市安宁区交大附中,4,1
兰州市某中学,7,1
兰州市第七中学八上数学期中,2,1
兰州市第五十九中学,7,1
兰州市第五十九中学2025 2026学年第二学期期末考试试题高二数学,1,1
兰州市第八十一中学,15,1
兰州市西固区兰化一校,3,1
兰州市附属中学,1,1
兰州市附属中学1-03,3,1
兰州市附属中学兰州市第33中学,1,1
兰州市附属中学兰州市第三十三中学,3,1
兰州市附属中学（兰州市第三十三中学）,1,1
兰州师大附中,5,1
兰州高一数学试卷,1,1
兰州高三建标,7,1
兰州高二数学,5,1
兰炼一中,1,1
兰生,2,1
兰生七上数学,8,1
兰考县星河中学,8,1
兰陵县志成中学,2,1
共乐初中,4,1
共和制,4,1
共点力的平衡,3,1
共轭复数,3,1
共青城博雅学校2024—2025学年度第一学期第二次半月考,3,1
关于功率方面试卷,8,1
关于存在和任意有关的双变量问题,1,1
关于导数和不等式证明,4,1
关于时态的练习,1,1
关于桥的事,2,1
关于英语时态的练习,1,1
关晓彤,13,1
关系代词关系副词,2,1
关系代词关系副词北京,2,1
关联词,4,1
关联速度,4,1
关联速度 必修二,2,1
关键词,3,1
兴义,2,1
兴化中学新高一开学摸底考,7,1
兴化中学新高一开学考,1,1
兴化中学高一期中,7,1
兴化中学高三上学期开学考试数学模拟练习卷,1,1
兴化中学高三上学期开学考试数学模拟练习卷2026-2027,1,1
兴化中学高二期末,2,1
兴化九上化学第一次月考试卷,3,1
兴化市,5,1
兴化市楚水高中摸底测试2025,1,1
兴化市高二开学考,9,1
兴化统考七下期末政治,7,1
兴国三中,5,1
兴国中学,1,1
兴国初级,1,1
兴城市九上第一次月考,11,1
兴宁市第一中学第一次月考。,2,1
兴邺高一期末考试,3,1
兵一,4,1
兵团一中中考数学一模试卷,2,1
兵团一中九年级数学期初考试卷,5,1
兵团一中模考,3,1
其中,4,1
具体函数的单调性与最直接有性周期性与对称性,1,1
典中点 2026 九年级上册英语,3,1
典中点 2026 电子版数学,4,1
典中点冀教版,1,1
典型习题,1,1
典学文化领跑初三,1,1
养,1,1
冀中的地道战,2,1
冀少版,9,1
冀教数学口算,2,1
冀教版八年级上课件儿教案习题,1,1
冀教版八年级下英语课文翻译,4,1
冀教版数学九年级下,1,1
冀教版数学九年级下二次函数同步练习,5,1
冀教版英语八年级上册听力,2,1
冀教版英语八年级上册期中考试试卷,6,1
冀教版英语八年级上册课文翻译,1,1
冀教版课本,1,1
内乡四小二年级上期语文中巩固与练习,3,1
内切球,1,1
内初班,1,1
内初班真题卷,3,1
内地西藏班物,367,1
内地西藏班物理,6,1
内容概括,3,1
内容概括与理解,3,1
内江0模2027届,3,1
内江2026中考,3,1
内江2026中考地理,1,1
内江2026中考物理,2,1
内江一中高2026届高二上学期入学考试数学试题,7,1
内江中考,3,1
内江九年级上册册物理开学考,4,1
内江入学考,1,1
内江八年级下册物理,4,1
内江八年级下册物理期末,3,1
内江六中,2,1
内江六中分班考试,1,1
内江六中小升初,3,1
内江天立,5,1
内江天立八年级下册英语.,4,1
内江市2023中考数学卷,8,1
内江市2024 2025 7年级下学期期末考试数学,1,1
内江市2025 2026学年度第二学期高一期末检测题,1,1
内江市2025 2026学年度第二学期高二期末检测题,2,1
内江市2025 2026高一上册期末,4,1
内江市2025 2026高一下期末,2,1
内江市2026八下期末数学,4,1
内江市2026化学中考卷,4,1
内江市2026语文中考,2,1
内江市2026高一上册期末卷,6,1
内江市中考英语真题2026,2,1
内江市第六中学,1,1
内江市第六中学高二化学,4,1
内江市语文九上期末,5,1
内江市语文八下期末,1,1
内江市高一数学统考,1,1
内江市高一数学统考上学期,4,1
内江市高一期末上学期数学20,8,1
内江市高一期末上学期数学2020,3,1
内江市高一期末上学期数学2021,2,1
内江市高一期末上学期数学23,4,1
内江市高一期末数学上,9,1
内江市高一期末数学上24,3,1
内江物理九年级开学考,3,1
内江物理八下期末,1,1
内江物理八年级期末,1,1
内江高一下数学期末,1,1
内江高二上数学期末,13,1
内能和内能利用测试卷,3,1
内蒙八上英语,11,1
内蒙古 新高一入学摸底,2,1
内蒙古中考2026,2,1
内蒙古中考数学模拟,18,1
内蒙古乌兰察布集宁一中高一下学期英语,1,1
内蒙古乌兰察布集宁一中高一下学期英语期末考试,1,1
内蒙古全国名校联盟2026届高三上学期联合开学摸底考试数学试题,1,1
内蒙古八年级下学期阶段检测,1,1
内蒙古八年级下学期阶段检测乌兰浩特,1,1
内蒙古八年级下学期阶段检测前旗五中,1,1
内蒙古八年级下学期阶段检测科,4,1
内蒙古八年级下学期阶段检测科右前旗,2,1
内蒙古八年级下学期阶段检测科右前旗数学,2,1
内蒙古八年级地生,1,1
内蒙古包头市2025到2016高一下学期政治期末,6,1
内蒙古化学竞赛,9,1
内蒙古呼伦贝尔市八下数学期末卷,4,1
内蒙古呼伦贝尔市莫力达瓦达斡尔族自治旗 2025-2026八上物理期末试,2,1
内蒙古呼伦贝尔市莫旗八下数学期末卷,2,1
内蒙古呼伦贝尔市高一期末物理,2,1
内蒙古呼和浩特1中,1,1
内蒙古呼和浩特2中,1,1
内蒙古呼和浩特市中考试卷2022年语文,3,1
内蒙古和辽宁联考卷,1,1
内蒙古学易金卷高一生物下学期期末,3,1
内蒙古对口,4,1
内蒙古巴彦淖尔市2025-2026高二物理,10,1
内蒙古巴彦淖尔市2025-2026高二英语,3,1
内蒙古巴彦淖尔物理八下,4,1
内蒙古自治区2022年普通高等学校全国统一考试数文科数学卷,1,1
内蒙古自治区包头市2025-2026学年八年级下学期期末数学试题,1,1
内蒙古自治区呼和浩特市高二第一学期期末考试,8,1
内蒙古自治区高三年级开学考,1,1
内蒙古英才计划,1,1
内蒙古赤峰,2,1
内蒙古赤峰市2024-2025八上物理卷子？,9,1
内蒙古赤峰市2025-2026八上英语,20,1
内蒙古赤峰市巴林左旗2025 2026学年第二学期期末检测题八年级数学,8,1
内蒙古赤峰市巴林左旗2025~2026学年第二学期期末检测题八年级数学,4,1
内蒙古通辽市科尔沁区八下数学,2,1
内蒙古通辽市第五中学25025开学测试,5,1
内蒙古通辽市第四中学八下物理,3,1
内蒙古鄂尔多斯市西四旗2023‑2024学年高一下学期期中联考英语试题,4,1
内蒙古鄂尔多斯康巴什七年级下学期期末数学试题,4,1
内蒙古阶段检测,4,1
内蒙古阿荣旗7月16日高一联考数学卷子,1,1
内蒙古阿荣旗第四中学2026,4,1
内蒙古阿荣旗第四中学2026地理,5,1
内蒙古高一上学期期中,2,1
内蒙古高一下学期期末化学,3,1
内蒙古高一数学期末卷,2,1
内蒙古高一期末数学卷子,1,1
内蒙古高一期末物理,7,1
内蒙古高一期末生物卷,15,1
内蒙古高一第4章第5章生物,2,1
内蒙古高三物理,11,1
内蒙古高二上学期阶段检测,7,1
内蒙古高考,8,1
内蒙高二物理期末,8,1
写作素材,3,1
写景状物,6,1
写景状物散文阅读,5,1
农垦,1,1
农垦中学考,3,1
农垦总局中考,1,1
农安县,13,1
农安县2025至2026学年度第二学期期中学情调研七年级下册,2,1
农安县新阳,14,1
冠县2026一年级下册语文期末,1,1
冠县2026语文期末,3,1
冠县2026语文期末七年级,5,1
冠词,13,1
冠词 100习题,2,1
冠词 100真题,2,1
冠词、零冠词,1,1
冠途金科,1,1
冠途金科2025年至2026年高一第一学期期中数学,5,1
冲刺抢分清单,8,1
冲量,3,1
决胜新高考,1,1
决胜新高考数学,1,1
决胜高考数学 8 4 4 小题强化训练 4 不等式的性质 基本不等式,3,1
决胜高考数学“8+4+4”小题强化训练（4）不等式的性质、基本不等式,9,1
冷水滩七下地理期末,3,1
准高三,3,1
凉山,1,1
凉山七下数学,1,1
凉山州2018至2019年度下期期末检测,20,1
凉山州2022至2023学年度下期期末检测试卷,51,1
凉山州2025到2026学年高一下期末,5,1
凉山州六年级下册语文,1,1
凉山州学业水平考试,2,1
凉山州期末,2,1
减数分裂,3,1
减数分裂和有丝分裂,1,1
几何七年级上,1,1
几何专项,2,1
几何专题,3,1
几何光学考察全反射,1,1
几何八下,5,1
几何压轴,3,1
几何压轴题,2,1
几何大题,1,1
几何展开,6,1
几何意义,1,1
几何最值模型,1,1
几何模型,1,1
几何模型 2025年中考数学常见几何模型全归纳之模型解读与提分精练,5,1
几何第一章前三小节专项练,3,1
几何计算,7,1
凤凰县第一中学,1,1
凤凰新思维,1,1
凤凰湖南湘西七年级下册数学期末卷,5,1
凤凰湖南湘西七年级下册英语期末卷,7,1
凤台一中,1,1
凤台一中2025到2026学年开学考试卷,1,1
凤城中学,3,1
凤城市七年级上册期末政治,1,1
凤山,15,1
凹槽模型,1,1
出修三第九章检测卷,1,1
出修三第九章检测卷物理,2,1
出修三第九章检测卷物理里,1,1
出除法的原理,3,1
函数 0 1 函数一轮复习专题高三培优,12,1
函数 0 1 函数一轮复习江苏,6,1
函数 0 1 函数复习专题,1,1
函数 0 1 函数奇偶性复习专题,2,1
函数 0 1 函数高考一轮复习专题,9,1
函数 0 1 高考一轮复习专题,1,1
函数 单调性区间,5,1
函数 周期性,5,1
函数 新定义,4,1
函数.讲义,4,1
函数一次函数,1,1
函数一轮,2,1
函数一轮复习,4,1
函数一轮复习专题,9,1
函数一轮复习专题高三,2,1
函数一轮复习专题高三题目,5,1
函数一轮复习高考,3,1
函数与一次函数,1,1
函数与一次函数沪科,3,1
函数与几何的综合题,12,1
函数与基本初等函数思维导图,4,1
函数与导数 2026高三一轮专题复习,7,1
函数与导数专题训练卷,4,1
函数专项练习,6,1
函数专题卷人教版,2,1
函数专题练习,1,1
函数中的最值,5,1
函数人教a版,2,1
函数单元卷,1,1
函数单元测试,6,1
函数单调性的卷子,7,1
函数卷,1,1
函数及其性质,2,1
函数及其性质高考一轮复习,9,1
函数双对称,2,1
函数周期性 单调性 奇偶性及对称性特性综合应用培优,6,1
函数周期性对称旋,1,1
函数图像,2,1
函数图像大全,1,1
函数图像总结,4,1
函数基础题,1,1
函数复习,1,1
函数复习高中,19,1
函数多解问题,1,1
函数大招。,8,1
函数奇偶性 单调性 周期性,3,1
函数奇偶性求值,3,1
函数存在性,5,1
函数定义域,12,1
函数定义域 解析式 值域,2,1
函数定义域值域单调性基础题,10,1
函数定义域和值域知识点,4,1
函数对称性 单调性 周期性 奇偶性的综合高三,8,1
函数对称性与周期性,7,1
函数导数大题,5,1
函数应用题,3,1
函数性质的综合问题,10,1
函数恒成立问题,2,1
函数恒成立问题高一,1,1
函数新定义,2,1
函数构造问题,9,1
函数检测,5,1
函数模型,7,1
函数求值域,10,1
函数求值域专题,1,1
函数渐进线,1,1
函数的1 单调性 奇偶性及对称性 周期性,1,1
函数的单调性与最值 函数的奇偶性 周期性与图像的对称性,3,1
函数的奇偶性,13,1
函数的奇偶性和周期性,22,1
函数的平移变换,1,1
函数的性质,1,1
函数的性质 2025高三一轮数学专题复习,1,1
函数的性质 2026高三一轮数学专题复习,3,1
函数的概念与性质,2,1
函数的概念及其表示,3,1
函数的渐进线,1,1
函数的零点问题,8,1
函数真题汇编,10,1
函数第三章,2,1
函数表达式,1,1
函数解题技巧,1,1
函数计算,3,1
函数问题,7,1
函数零点问题高三,13,1
函数题,1,1
函数题型,1,1
函数高一复习,4,1
函数高一突破,2,1
函数高中,4,1
分号,1,1
分子,4,1
分子和原子,5,1
分子练习题,2,1
分子结构,4,1
分层作业,11,1
分层作业冀教版,1,1
分层卷,9,1
分层练习,7,1
分层训练,1,1
分层验收,7,1
分式 方程100道计算题,4,1
分式 方程计算题,11,1
分式函数,1,1
分式化简求值,1,1
分式基础过关,5,1
分式方程,4,1
分式方程应用题,4,1
分式方程题,8,1
分式求值域,4,1
分式测试,1,1
分式的加减乘除混合运算,5,1
分式约分通分,1,1
分式计算,1,1
分式计算 100道混合专项练习,8,1
分数 01专题一分数五年级计算题,1,1
分数专项,13,1
分数乘法,5,1
分数乘法易错题试卷,4,1
分数乘除法计算,3,1
分数加减法混合运算和简算,1,1
分数化小数，图形面积,2,1
分数单元专项,5,1
分数实际应用,4,1
分数应用题,8,1
分数视频,2,1
分数计算,5,1
分数除法二,1,1
分数除法二数学北师大,3,1
分数除法（一）（专项练习）-2026-2027学年数学六年级上册（北师大版）,1,1
分标,1,1
分段函数10种常考题型总结,6,1
分段函数高三,3,1
分母有理化,1,1
分班 初一,1,1
分班测,55,1
分班测试高二上,27,1
分班测试高二上英语,2,1
分班考 2024杭州初一,1,1
分班考 七年级,3,1
分班考 初一 京口,6,1
分班考 初一 京只,1,1
分班考 初一44中,1,1
分班考 初一京,1,1
分班考 初一入学分班考,1,1
分班考 初一南京栖霞,2,1
分班考 初一嘉兴桐乡,1,1
分班考 初一西安益新中学,1,1
分班考 小升初,1,1
分班考 开学考,1,1
分班考 数学,6,1
分班考 数学 昆明,1,1
分班考 新初一,8,1
分班考 毓文,5,1
分班考 毓文高一,4,1
分班考 高一  上学期,10,1
分班考 高一上福建省龙岩英语,1,1
分班考 高一昆明市第三中学,3,1
分班考 高一福建省龙岩英语,2,1
分班考 高一郑州,8,1
分班考 高一镇海,2,1
分班考 高一长沙市麓山国际昌济中学,3,1
分班考中江,5,1
分班考初升高,11,1
分班考北京高一,8,1
分班考南京,15,1
分班考卷子浏阳第一中学,5,1
分班考小升初,6,1
分班考广海,2,1
分班考新高一,1,1
分班考模拟卷,1,1
分班考模拟卷新初一数学,4,1
分班考浙江宁波余姚市肖东中学试卷2025 2026,1,1
分班考真题,1,1
分班考真题卷,1,1
分班考试 高中 高一,2,1
分班考试 高中 高一桂东,1,1
分班考试卷初一,19,1
分班考试卷小升初分班考试,5,1
分班考试卷小升初南京,5,1
分班考试卷高一,2,1
分班考试浙江省宁波市余姚市,1,1
分班考试试卷,1,1
分班考试题,7,1
分班考长郡,4,1
分班考高一,1,1
分班考高一福建,1,1
分班考高一铁一中,5,1
分离参数法在恒（能）成立问题中的应用,2,1
分离定律和自由组合定律,7,1
分离定律异常情况分析,1,1
分类讨论题,1,1
分组问题,7,1
分解因式 2026专题练习计算,2,1
分配律,4,1
切比雪夫不等式,5,1
划线学习笔记练习册,1,1
划线步步高学习笔记练习册,3,1
刘克庄贺新郎 国脉微如缕 课件ppt,1,1
刘克庄贺新郎（国脉微如缕）课件ppt,2,1
刘文彩,1,1
刘河中学七年级下册数学试卷,1,1
刘河中学七年级下册试卷,1,1
刘河中学学七年级下册试卷,1,1
刘皎莉,3,1
创作者中心,1,1
创作者中心入口,4,1
创新,1,1
创新人才,15,1
创新思维,11,1
创新思维同步导学案,1,1
创新思维同步导学案英语必修三,5,1
创新思维地理,2,1
创新教程 高考数学总复习大一轮讲义 也叫创新教程高考数学一轮复习,4,1
创新班试卷,11,1
创新班选拔考试,1,1
创新设计,1,1
创新设计 20 26大一轮数学,6,1
创新设计2027新高考一轮生物,5,1
创新设计2027版一轮复习,6,1
创新设计2027版一轮复习电子版生物,3,1
创新设计化学高考总复习,5,1
创新设计数学选必一,4,1
创新设计高考总复习,2,1
创新设计高考总复习2027,1,1
创新设计高考总复习2027版一轮复习,3,1
创新设计高考总复习地理配人教版,5,1
创科,3,1
创科贤才,2,1
初 一 0 上学期 数学,2,1
初 高 衔接,1,1
初 高 衔接2026数学巨野县实验中学,1,1
初 高中2026年数学衔接,16,1
初一 北京听力,2,1
初一 听力,1,1
初一 英语,1,1
初一一元一次方程习题,1,1
初一一元一次方程习题 华师版,1,1
初一上册初中数学遵义期末,3,1
初一上册数学浙江,6,1
初一上册月考,4,1
初一上册月考第一次,8,1
初一上册月考第一次双十中学,3,1
初一上册期末英语包短文填空,5,1
初一上北师大版数学教材全解,1,1
初一上学期期中英语烟台,1,1
初一上学期期中英语烟台6年级,1,1
初一上数学月考卷 沈阳,7,1
初一上数学期末,3,1
初一下册150道几何题,6,1
初一下数学知识点,8,1
初一下期末复习语文,6,1
初一下期末试卷,1,1
初一下期末试卷数学,2,1
初一下知识点,3,1
初一人教计算题,1,1
初一仁爱版,1,1
初一入学分班卷,2,1
初一分数四则,2,1
初一分数四则运算,4,1
初一分班考南京,11,1
初一分班考英语试卷,3,1
初一分班考试,5,1
初一分班考试卷,1,1
初一分班考试卷数学人教版,1,1
初一分班考试数学,6,1
初一北师大版入学考试试卷,3,1
初一古诗默写,1,1
初一地理知识点,5,1
初一年级语文试卷,1,1
初一开学考,5,1
初一数学上册北师版整式及其加减测试题,1,1
初一数学上册北师版有理数加减。,2,1
初一数学上册日照市新营中学其中考试题,7,1
初一数学上册日照市新营中学期末考试题,4,1
初一数学卷子,9,1
初一数学第一单元,8,1
初一新,1,1
初一新生分班考,27,1
初一月考,29,1
初一月考英语试卷,18,1
初一有理数,1,1
初一期末考试,3,1
初一期末试卷,4,1
初一生物地理,9,1
初一生物地理复习,7,1
初一福建数学,1,1
初一福建数学期中,1,1
初一英语上期中考试安徽,6,1
初一英语短语,5,1
初一英语绘本,3,1
初一英语试卷,8,1
初一英语语篇填空,7,1
初一语文入学摸底,10,1
初一语文古诗默写,3,1
初一语文月考,1,1
初一语文第一次月考,5,1
初一语文试卷,8,1
初一课外阅读题,1,1
初一课外阅读题语文,1,1
初一过渡云南,1,1
初一过渡云南文山,2,1
初三 023 21 上学期 半期 考 数学,4,1
初三 数学,9,1
初三 物理,15,1
初三 竞赛,1,1
初三 竞赛 浙江,3,1
初三上册数学开明中学,6,1
初三上塘中学数学第一次月考,1,1
初三上学期启迪开学收心考,2,1
初三上学期咸阳开学收心考,16,1
初三上学期开学收心考,3,1
初三上学期开学收心考陕西,12,1
初三上学期开学考,6,1
初三上开学考物理,5,1
初三上数学密云,11,1
初三上数学延庆,4,1
初三上数学月考卷,1,1
初三二次函数,5,1
初三二次函数复习讲义,2,1
初三任务型阅读理解,21,1
初三化学知识点,1,1
初三历史,4,1
初三大练,4,1
初三年级开学质量检测,6,1
初三开学考,1,1
初三成都市一诊,19,1
初三提前招生英语试卷湖北黄冈中学,4,1
初三数学,3,1
初三数学期中,1,1
初三数学计算,2,1
初三比较简单的数学压轴题。,3,1
初三物理13章14章测试卷,7,1
初三物理卷子,11,1
初三物理欧姆定律,6,1
初三物理欧姆定律计算题,1,1
初三物理武汉,2,1
初三物理武汉试卷东西湖区,1,1
初三物理武汉试卷东西湖区期中,3,1
初三物理电学,1,1
初三物理电学专项练习,6,1
初三物理电路图专项练习,1,1
初三物理第一次学情测试,34,1
初三物理第一次学情测试泰兴,1,1
初三电学实验专题,2,1
初三福州一检,1,1
初三第一次月考,2,1
初三英语时态练习,3,1
初三英语真题,7,1
初三语文基础,5,1
初三语文基础病句,4,1
初三语文漳州,3,1
初三语法,1,1
初三预习必背,4,1
初中  圆,2,1
初中 化学,1,1
初中 化学 方程式 2025必背方程式汇总默写,4,1
初中 单词1600词汇表 分类记 28天,4,1
初中 物理 公式2026汇总清单,3,1
初中 英语 1轮复习 单词,2,1
初中 英语 1轮复习 单词1000词语,3,1
初中 英语单词1600 背诵版和默写人教版,1,1
初中 英语语法2025英语全套,2,1
初中1600词,1,1
初中1600词汇表,7,1
初中2026初必刷题,1,1
初中2026初必刷题练习册,3,1
初中七年级根号题,1,1
初中上册同步练习题,8,1
初中上分卷,1,1
初中上分卷九年级英语,1,1
初中中考复习力学总复习,1,1
初中中考英语高频词688词21天记背,4,1
初中二次函数压轴,8,1
初中二次函数知识点,3,1
初中二次函数练习题,2,1
初中仁爱版,1,1
初中作图题,1,1
初中信息技术,9,1
初中入学分班考,7,1
初中入班测试,1,1
初中几何48个模型及题型,1,1
初中几何性质,1,1
初中几何性质归纳,3,1
初中几何模型汇总,3,1
初中函数,2,1
初中函数专题练习,1,1
初中函数内容,5,1
初中函数大全,2,1
初中函数汇总,5,1
初中分班考,9,1
初中分班试卷,6,1
初中创新练,4,1
初中化学 0 化学必记化学人教版,5,1
初中化学九上期中,1,1
初中化学方程式默写,2,1
初中化学知识点总结,6,1
初中化学第一章测试题,22,1
初中化学选择压轴难题,4,1
初中北师版一元二次方程,2,1
初中北师版一次函数图像,5,1
初中受力分析,2,1
初中古诗文全文默写,3,1
初中古诗文汇总,1,1
初中古诗文默写,8,1
初中同步练习册,3,1
初中名著,5,1
初中名著 12本基础知识梳理,1,1
初中名著试卷,3,1
初中回声测距,1,1
初中圆,1,1
初中声学相关习题,1,1
初中外研版单词英汉互译,6,1
初中大气压,3,1
初中学霸冲A卷,1,1
初中定语从句,1,1
初中开学分班,7,1
初中开学分班考,5,1
初中开学分班考济源,1,1
初中必刷题,2,1
初中必刷题 九上历史,1,1
初中必刷题 九上历史 第2单元综合集训,11,1
初中必刷题七年级上册科学浙教版,1,1
初中必刷题七年级上册科学浙教版全册解析,1,1
初中必刷题九年级上数学,2,1
初中必记单词,2,1
初中总复习手册,4,1
初中折叠型问题,3,1
初中拔高题,1,1
初中数学不等式计算,5,1
初中数学二次函数有关对称轴的取值范围问题 压轴大题,4,1
初中数学作图题,1,1
初中数学公式专项,4,1
初中数学公式大全,4,1
初中数学函数内容,1,1
初中数学含参,7,1
初中数学圆,4,1
初中数学圆圆,1,1
初中数学基础题,7,1
初中数学混合运算题,4,1
初中数学竞赛,7,1
初中数学组合专题,2,1
初中文言文,5,1
初中易错字词,4,1
初中易错字词分类默写,5,1
初中易错字词知识点总结,8,1
初中易错字词默写,6,1
初中最值问题,6,1
初中期末,6,1
初中物理,1,1
初中物理全一册,3,1
初中物理八年级上册,1,1
初中物理八年级上册第一章,1,1
初中物理八年级上册预习讲义,3,1
初中物理公式大全,5,1
初中物理力学填选压轴,4,1
初中物理压强压轴,1,1
初中物理压轴,3,1
初中物理学史,1,1
初中物理实验,4,1
初中物理数量级计算,3,1
初中物理期末,9,1
初中物理比热容,3,1
初中物理电路图,1,1
初中物理相遇问题,1,1
初中物理竞赛题,5,1
初中物理过桥问题,4,1
初中物理难题,1,1
初中生物地理会考,1,1
初中生物实验报告单,5,1
初中电学大题,8,1
初中电学极值问题,2,1
初中知识大全,2,1
初中科学计数法,3,1
初中自招数学,5,1
初中英语1000,1,1
初中英语1000个词语,1,1
初中英语1600词汇,3,1
初中英语1600词背诵版,1,1
初中英语3000词,7,1
初中英语动词的过去式和过去分词,4,1
初中英语句子练习,2,1
初中英语名词冠词代词,1,1
初中英语固定搭配汇总背诵,5,1
初中英语外研版 阅读,1,1
初中英语福州模拟中考,6,1
初中英语语法汇总,3,1
初中英语语法知识点总结,7,1
初中英语阅读竞赛,13,1
初中英语高频词汇,6,1
初中行程问题,3,1
初中计算题,2,1
初中议论文,4,1
初中试卷初一上册新郑市数学卷子,4,1
初中语文思維导图,9,1
初中语文竞赛,3,1
初中语文阅读,7,1
初中语文阅读专项训练,6,1
初中语文阅读理解,1,1
初中语文阅读真题,4,1
初中语法导图,1,1
初中语法汇总,1,1
初中说明文,3,1
初中课时a计划数学,3,1
初中进阶版,1,1
初中阅读理解,2,1
初中高频短语,1,1
初二 2026 年人教版数学,1,1
初二 2026 年人教版数学武安西苑,1,1
初二 数学,4,1
初二上册初中数学遵义期中,1,1
初二上册初中数学遵义期末,4,1
初二上册数学一次函数拔尖题压轴题,1,1
初二上册数学拔尖题压轴题,1,1
初二上册期中物理,1,1
初二上册期中物理遵义,3,1
初二上册期末数学遵义,2,1
初二上册期末英语遵义,1,1
初二上册期末遵义数学,5,1
初二上册物理月考,1,1
初二上册物理月考遵义,2,1
初二上历史书电子版,1,1
初二上学期月考,1,1
初二上学期物理期中考试,7,1
初二上月考,5,1
初二上期英语,1,1
初二上期英语重庆,1,1
初二上饶四中月考数学,8,1
初二下册数学,6,1
初二下册数学青岛版,3,1
初二下册期末英语,1,1
初二下册期末英语遵义,4,1
初二下期期末卷,1,1
初二下沪教版物理,8,1
初二下沪教版物理计算浮力,1,1
初二下物理期末,2,1
初二东城期末,7,1
初二人教版物理上册,8,1
初二北师大版材料,1,1
初二四边形证明与计算题,5,1
初二政治八年级上册月考,1,1
初二数学及初三数学上册第1单元知识内容卷子,3,1
初二数学湘教版第一章数列周考试卷,10,1
初二数学竞赛,3,1
初二数学计算题,1,1
初二数学计算题100道,8,1
初二月考,4,1
初二物理光学专项练习,1,1
初二物理八年级上册月考,11,1
初二物理期末江苏,4,1
初二物理眉山,2,1
初二物理练习,23,1
初二物理考试试卷,1,1
初二生物八年级上册月考,1,1
初二生物地理复习,2,1
初二统考,1,1
初二英语情景对话,3,1
初二英语情景对话河北,2,1
初二英语期末,5,1
初二道法八年级上册月考,2,1
初二道法八年级上册第一次月考,10,1
初升 高数学 衔接2026试卷,5,1
初升高,3,1
初升高 2025 初升高 暑假衔接,4,1
初升高 衔接2026,9,1
初升高 衔接2026东源中学,4,1
初升高 衔接2026河源市东源中学,1,1
初升高乌鲁木齐八一分班考,1,1
初升高分班入学卷,3,1
初升高分班考真题卷,1,1
初升高分班考试卷,1,1
初升高分班考试卷真题,5,1
初升高分班重难点突破,6,1
初升高分班重难点突破物理,4,1
初升高创新班试卷,33,1
初升高受力分析专题练习,5,1
初升高安徽分班考,5,1
初升高小测物理,8,1
初升高数学,4,1
初升高物理开学考,5,1
初升高物理开学考岳阳,5,1
初升高物理开学考岳阳市13中,1,1
初升高物理暑假衔接每日一练 人教版,1,1
初升高物理暑假衔接每日一练 郑州,1,1
初升高物理暑假衔接每日一练（人教版必修第一册）,1,1
初升高物理衔接,1,1
初升高自主招生考试,1,1
初升高英语无忧衔接通用版,1,1
初始家用电器和电炉,23,1
初始家用电器和电炉暑假,1,1
初始家用电器和电路,12,1
初步立体几何,5,1
初联组合,1,1
初识家用电器和电路,10,1
初速度,3,1
初速度和位移大小,1,1
初高中 衔接直通车,4,1
初高中·衔接直通车,4,1
初高中衔接,7,1
初高中衔接2026年数学,12,1
初高中衔接测试卷语文,1,1
初高中衔接直通车思想政治,7,1
初高中衔接考试的试卷,4,1
初高数学衔接,4,1
初高衔接数学人教版不等式练习,4,1
初高衔接物理,1,1
初高衔接物理试卷,3,1
初高衔接直通车,7,1
初高衔接试卷,4,1
判别式,12,1
判断东西经度和东西半球的题目,4,1
判断力的方向,1,1
判断突变基因是否位于等位基因,3,1
利利日语,1,1
利用导数证明不等式,2,1
利用短文背诵,2,1
利用短文背诵单元单词,1,1
利辛,2,1
利辛中学,2,1
制备乙酸乙酯若干问题的实证与教学分析,1,1
刷 中2025–2026 学年高一上学期10月月考数学卷,1,1
刷 南菁高中 2025–2026 学年高一上学期10月月考数学卷,12,1
刷真题,1,1
刷题,1,1
刷题鸭,1,1
刹车,3,1
前二章,1,1
前缀后缀,3,1
前黄中学的月考卷,19,1
剑声,1,1
剑桥三中,9,1
剑桥雅思,1,1
剑阁中学,4,1
副词比较级,1,1
割草 阅读理解,3,1
割草 高考阅读理解题,3,1
力 学20224复习专题,4,1
力与空间探索,12,1
力与运动2025~2026学年物理八年级下册书刻板,67,1
力与运动的关系,1,1
力与运动综合,1,1
力与运动综合高考,4,1
力学专项,1,1
力学专项训练八下物理,6,1
力学专项训练高一,1,1
力学专项训练高一物理,2,1
力学专项高中,1,1
力学人教版,3,1
力学压轴题,6,1
力学压轴题的解题策略,3,1
力学受力分析,1,1
力学和运动学,2,1
力学和运动学综合,5,1
力学大题,1,1
力学实验题高中,11,1
力学模型,2,1
力学模型专题,8,1
力学的题目,2,1
力学综合 2026 一轮复习题,3,1
力学综合练,4,1
力学综合试卷高中,3,1
力学高中,1,1
力旺实验中学2025 2026七上数学,2,1
力旺开学考,12,1
力朗,2,1
力的专题卷,1,1
力的分解,3,1
力的分解和合成,16,1
力的分解和合成 一轮复习,5,1
力的动态平衡,3,1
力的动态平衡力的合成与分解,2,1
力的单位制,4,1
力的提升单元卷,1,1
力第三章,1,1
力第三章高一必修一物理,1,1
力第三章高一必修一物理试卷,4,1
劝学复习,1,1
劝学教学设计,1,1
劝学新说,1,1
功,2,1
功与机械能,1,1
功与机械能浙教版,4,1
功和功率 机械能 简单机械 物体的内能,5,1
功略,1,1
功能关系,1,1
功能关系与能量守恒的理解应用,3,1
功能关系基础题,3,1
功词时态,1,1
加乐中心小学,1,1
加减混合运算,4,1
加练半小时,4,1
加练半小时高考英语第二十四练,2,1
加速,9,1
加速度2026物理,6,1
加速度推论,9,1
加速度练习,1,1
动与静,4,1
动与静练习,1,1
动作描写从头到脚的各个部位,3,1
动力学,1,1
动力学综合题,1,1
动态分析,7,1
动态平衡 2026专题,8,1
动态平衡 2026专题高中物理,9,1
动态平衡专项,5,1
动态平衡压轴题,10,1
动态平衡经典题型,4,1
动态平衡课后提升训练,4,1
动态平衡问题,3,1
动态平衡问题习题,3,1
动态电路,3,1
动态电路电功率,8,1
动态电路电功率电功,1,1
动态电路计算题,9,1
动点 1 七上数学动点问题,2,1
动点与图象分析问题（长度、面积）,6,1
动点习题,2,1
动点几何,2,1
动点力的平衡,1,1
动点最值,1,1
动点最值初中,2,1
动点最值问题,5,1
动点轨迹,7,1
动点问题,3,1
动点问题 7上专题压轴动点问题,2,1
动点题,13,1
动物百科视频,1,1
动物的类群考试题,4,1
动物细胞工程,67,1
动能 定理7大题型归纳习题,3,1
动能定理及其应用,7,1
动能定理大题,9,1
动角 初一下,3,1
动词,1,1
动词、代词、形容词、副词,3,1
动词变化,1,1
动词形式,5,1
动词时态和语态,6,1
动词时态和语态专项练习,4,1
动词的不同时态造句,1,1
动词语态初高考点差异及衔接,8,1
动量、冲量,3,1
动量与冲量,5,1
动量专题卷,1,1
动量专题复习,1,1
动量单元检测,5,1
动量压轴,2,1
动量大题,3,1
动量守恒,8,1
动量守恒 15个模型 培优,3,1
动量守恒 15个模型 培优综合题,6,1
动量守恒定律实验,1,1
动量守恒定律模型,1,1
动量守恒定律题型,2,1
动量定理 15种模型,3,1
动量定理的应用,1,1
动量导学案,10,1
动量机械能联立综合运算计算题,1,1
动量题型,2,1
励志高级中学2025-2026年度高一年级第二学期第四次调研考试政治试卷,1,1
勐腊一中,2,1
勐腊县第一中学,2,1
勤学早大培优,6,1
勤径千里马·随堂小练10分钟,8,1
勾股三角形,2,1
勾股定率的探究,1,1
勾股定理,2,1
勾股定理 01 同步练习,1,1
勾股定理专项,3,1
勾股定理专项天津版,1,1
勾股定理专项练人教版八下,7,1
勾股定理单元测试,4,1
勾股定理培优,3,1
勾股定理应用题,2,1
勾股定理的探究,5,1
匀加速,1,1
匀加速直线运动,1,1
匀变速直接用了两个推论,4,1
匀变速直线运动人教版,1,1
匀变速直线运动位移公式练习题,5,1
匀变速直线运动单元测试,2,1
匀变速直线运动所有题型,8,1
匀变速直线运动推论,2,1
匀变速直线运动的两个推论,7,1
匀变速直线运动的比例式,9,1
匀变速直线运动的研究,1,1
匀变速直线运动的规律,2,1
匀变速直线运动的规律培优复习讲义,3,1
匀变速直线运动练习题,3,1
匀变速直线运动鲁科版,7,1
包29中期中考试,1,1
包一中贯通班选拔,9,1
包九十五中,1,1
包含初一初二所有内容的一张数学卷子,1,1
包含初二所有内容的一张数学卷子,3,1
包含答题卡的试卷,1,1
包含答题卡的试小学自贡高新区卷,43,1
包头,5,1
包头 市025 2026期末考试,6,1
包头一中,1,1
包头九,2,1
包头九中,1,1
包头八上英语月考,3,1
包头市 2026 高二期末数学,1,1
包头市29中期中考试,3,1
包头市八年级数学统考,3,1
包头市昆都仑区期末七年级,2,1
包头市第九中学外国语初中部,6,1
包头市第九十五中学高一月考,2,1
包头市青山区七年级上,4,1
包头市青山区七年级上数学,8,1
包头市青山区七年级上物理,2,1
包头市青山区八年级上数学,1,1
包头市青山区八年级上物理,12,1
包头第九中学外国语学校,5,1
包头自主第九十五中学,3,1
包头高二卷数学,3,1
包河区二模,4,1
包頭市第九十五中學,2,1
化 学工艺流程,3,1
化学 一轮复习2026讲义,4,1
化学 反应原理 2025二轮大题专练,6,1
化学 必修一,4,1
化学 期末教学质量检测,11,1
化学 电化学,5,1
化学 酸碱性,3,1
化学1 2单元,1,1
化学2024年高考山东卷,2,1
化学2024高考题,3,1
化学2026中考,2,1
化学2026高考真题全国一卷,4,1
化学24年高考,8,1
化学24高考,3,1
化学2单元,1,1
化学一物质的分类及转化,4,1
化学一轮,7,1
化学一轮01,8,1
化学一轮01物质的分类,6,1
化学一轮复习专题,1,1
化学一轮复习单元卷,8,1
化学一轮复习物质的分类,2,1
化学一轮复习物质的分类及其转化,5,1
化学三模,2,1
化学三段式计算 专题训练,15,1
化学与STSE   化学用语专练,4,1
化学与STSE化学用语专练,11,1
化学与STSE及化学用语专练,8,1
化学与健康,6,1
化学与农业生产,2,1
化学与材料研制,2,1
化学与环境保护,1,1
化学与生活,3,1
化学与社会发展,2,1
化学与能源开发,2,1
化学专题工艺流程大题,2,1
化学中考模拟卷,1,1
化学中考题,17,1
化学中考题江苏无锡,1,1
化学九上合肥市其中真题,3,1
化学九上合肥市期中真题,5,1
化学九上月考,13,1
化学九上第一单元测试卷,3,1
化学九年级,2,1
化学九年级上册,3,1
化学九年级上册1-5单元测试,16,1
化学九年级上册PPT,1,1
化学九年级上册PPT人教版,2,1
化学九年级上册江苏徐州,6,1
化学九年级上册鲁教版54制,5,1
化学九年级书本上册PPT人教版,2,1
化学人教,3,1
化学价,1,1
化学价九上,1,1
化学价练习,3,1
化学信息方程式配平,7,1
化学元素周期表,2,1
化学元素周期表电子版,2,1
化学元素周期表背诵 九年级,3,1
化学元素背诵表,1,1
化学元素默写,1,1
化学八下,5,1
化学公式,1,1
化学初三,1,1
化学初三上册期末考试,1,1
化学初三上册期末考试哈尔滨香坊,1,1
化学初三上学期1-3,7,1
化学制备实验,1,1
化学制备实验综合题,1,1
化学刷题高一,3,1
化学单元卷,1,1
化学单双线桥表示方法,1,1
化学单选,12,1
化学卷有机专题,1,1
化学厦门三检,7,1
化学厦门二检,2,1
化学反应与热能,4,1
化学反应与能量变化大题,2,1
化学反应初中,2,1
化学反应原理综合题,1,1
化学反应原理综合题山东,3,1
化学反应和能量,9,1
化学反应平衡判断,1,1
化学反应平衡高二,7,1
化学反应平衡高二山东,1,1
化学反应方程计算质量分数,2,1
化学反应机理,10,1
化学反应热专项,2,1
化学反应热效应,7,1
化学反应的定量关系,1,1
化学反应的定量关系浙教版,9,1
化学反应的方向,21,1
化学反应的热效应试卷,1,1
化学反应的热效应试卷长郡中学试题卷,3,1
化学反应的限度,1,1
化学反应的限度第二课时,8,1
化学反应速率,2,1
化学反应速率及其影响因素,1,1
化学反应速率及其影响因素寒假预习,4,1
化学反应速率和化学平衡,7,1
化学合格考真题,4,1
化学四川期末,2,1
化学奥林匹克竞赛决赛,1,1
化学奥赛试题山东,1,1
化学奥赛试题山东竞赛,5,1
化学守恒法高考计算,2,1
化学官能团,22,1
化学实验一轮,2,1
化学实验与科学探究,1,1
化学实验判断正误图像,7,1
化学实验基本操作,13,1
化学实验基础,4,1
化学实验大题,5,1
化学实验总结,1,1
化学实验探究,1,1
化学实验探究一轮,1,1
化学实验探究高考,1,1
化学实验操作,3,1
化学实验综合题,3,1
化学实验装置,2,1
化学实验题,3,1
化学实验高三,5,1
化学实验高考,1,1
化学导学案人教版,3,1
化学小课堂,2,1
化学小课堂 默写小纸条,3,1
化学工业流程专题,6,1
化学工业流程大题专题,9,1
化学工业流程离子方程式陌生化学,1,1
化学工流程练习题高中化学,2,1
化学工艺流程综合,1,1
化学工艺流程综合全国二卷。,3,1
化学工艺流程题,10,1
化学平衡 练习,10,1
化学平衡图像分析,1,1
化学平衡图像选择题,4,1
化学平衡大题,1,1
化学平衡常数,3,1
化学平衡常数人教版,2,1
化学平衡条件,1,1
化学平衡状态选择题,1,1
化学平衡的影响因素图像,3,1
化学平衡的影响因素图像题,1,1
化学平衡的移动,4,1
化学平衡选择题,2,1
化学广西,1,1
化学开学摸底考。,9,1
化学开学考,13,1
化学必修一人教版,3,1
化学必修一方程式,1,1
化学必修一期末试卷,3,1
化学必修一期末试卷湖南,4,1
化学必修一知识点,5,1
化学必修一第一次月考卷,1,1
化学必修一第三章,1,1
化学必修一试卷,4,1
化学必修一阶段检测,9,1
化学必修二卷子,1,1
化学必修二第五章第一节习题,13,1
化学必修二综合试卷,3,1
化学必修第1册第2章单元测试卷,1,1
化学必刷题试卷,1,1
化学思维课堂,3,1
化学总结,1,1
化学方程式 默写 汇总,4,1
化学方程式书写,1,1
化学方程式大全,2,1
化学方程式汇总,1,1
化学方程式配平练习,1,1
化学月考试卷,1,1
化学有机知识点,3,1
化学有机综合,2,1
化学有机题,9,1
化学有机高考大题,1,1
化学期中,15,1
化学期中考试九年级上册厦门,5,1
化学期末试卷高二,1,1
化学期末试卷高二贵阳,6,1
化学期末高一内蒙古,4,1
化学模拟题,1,1
化学氧化还原,2,1
化学水的电离,1,1
化学水解专项,3,1
化学河北,3,1
化学河北高中模考,2,1
化学济南,4,1
化学浙南联盟,1,1
化学浙南联盟期末,3,1
化学溶液平衡粒子曲线,1,1
化学溶液平衡粒子曲线题型,4,1
化学热力学,5,1
化学物质及其变化,9,1
化学物质及其变化章节,5,1
化学物质及其变化综合检测卷,4,1
化学物质的量,2,1
化学物质的量专题,5,1
化学物质结构与性质,19,1
化学生产中的重要非金属元素,18,1
化学用语,4,1
化学用语高中,6,1
化学电解池,4,1
化学的第一单元卷子,6,1
化学真奇妙,13,1
化学真题山西高一上,1,1
化学知识清单,3,1
化学知识点,5,1
化学硫氯氮,1,1
化学离子共存,1,1
化学离子共存与方程式正误判断,2,1
化学离子方程式,2,1
化学离子检验大题,9,1
化学竞赛 2024年第41届初赛真题,4,1
化学竞赛 2024年第41届初赛真题深圳,7,1
化学竞赛初赛试题安徽省,1,1
化学竞赛试题,1,1
化学竞赛试题山东,1,1
化学竞赛试题山东奥数,1,1
化学第1单元,1,1
化学第一次月考,2,1
化学第七章,3,1
化学第五章,1,1
化学第四章章末检测,8,1
化学结构大题,14,1
化学结构知识点,3,1
化学综合,2,1
化学能与电能的转化，选择性必修一人教版,7,1
化学自招,1,1
化学自招模拟卷,4,1
化学苏教版,1,1
化学苏教版必修一必备知识,2,1
化学苏教版选择性必修2,4,1
化学苏教版选择性必修2基础填空,2,1
化学表格题,5,1
化学计算及应用,3,1
化学计量及应用,1,1
化学讲义,1,1
化学讲义二氧化碳的性质,1,1
化学讲义二氧化碳的性质课题二,4,1
化学讲义二氧化碳的性质课题二第二课时,1,1
化学试卷九年级上册,1,1
化学试卷市质检,7,1
化学试卷高一,2,1
化学课件,3,1
化学课本,4,1
化学课本电子版,3,1
化学贵州,3,1
化学贵州高二上册,6,1
化学资源评价必修二,4,1
化学选修一化学反应的方向,1,1
化学选修一试卷,13,1
化学选修三期末试卷,3,1
化学选修二,3,1
化学选必一课本,2,1
化学选择专项训练,3,1
化学选择性必修一,2,1
化学遵义一模高考卷摸底,1,1
化学酸碱盐,1,1
化学金属非金属,6,1
化学钠及其化合物,2,1
化学钠及其化合物练习题,5,1
化学错题,1,1
化学键分子结构晶体,22,1
化学题高三,3,1
化学高1上学期,24,1
化学高一上。,7,1
化学高一上第一次月考,8,1
化学高一下册期末考试卷山东聊城,1,1
化学高一下学期,1,1
化学高一下期期末广东,2,1
化学高一下西青,6,1
化学高一试卷,1,1
化学高三,14,1
化学高三上学期开学考,19,1
化学高三开学考贵州,5,1
化学高三模拟,20,1
化学高中反应方程式,2,1
化学高中反应方程式大全,9,1
化学高二上学期开学考试,15,1
化学高二上学期期中,4,1
化学高二上学期，开学考试,2,1
化学高二上期末,2,1
化学高二下学期期末,11,1
化学高二下期末考试辽宁,18,1
化学高二反应热,4,1
化学高考 2025真题,3,1
化学高考备考,5,1
化学高考题,4,1
化学默写,1,1
化学默写挖空,7,1
化州一模,3,1
化州市五年级数学,1,1
化州市文楼中学,1,1
化州市文楼小学,6,1
化工流程练习题。,2,1
化工流程练习题。高中化学,3,1
化工流程题,1,1
化简求值,5,1
化解,4,1
北,1,1
北一中中考卷,1,1
北二外九年级期末一诊模拟,1,1
北二外九年级期末语文实,2,1
北京 中考2026,1,1
北京101中2025 2026第二学期期末考试题,4,1
北京101中2025-2026第二学期期末考试题,9,1
北京101中学 2025‑2026学年第二学期 初二数学期末,1,1
北京101中学2025,1,1
北京101中学初二,1,1
北京101中学初二数学,2,1
北京101中学高一上数学,1,1
北京101中学高一下学期期末卷,1,1
北京101中学高一下学期生物期末卷,13,1
北京12中,2,1
北京2021海淀高三一模语文,2,1
北京2021海淀高考一模,1,1
北京2025年4年级上学期期中数学,4,1
北京2025年4年级上学期期中数学朝阳区,1,1
北京2025年4年级期中,1,1
北京2025年4年级期中数学,1,1
北京2025年高一数学秋季月考,1,1
北京2025高考政治,3,1
北京2026中考,3,1
北京2026八下数学,4,1
北京2026年高考政治试卷,1,1
北京2中分校,2,1
北京2中分校七年级上数学,10,1
北京一年级上学期阶段检测,2,1
北京一模,1,1
北京一轮k高三物理汇编,1,1
北京一轮复习,1,1
北京一轮物理汇编,1,1
北京一零一中,11,1
北京一零一中学期末,10,1
北京一零一中学高中分班考,1,1
北京一零一分班考,1,1
北京七上外研版英语语法讲义,3,1
北京七上英语语法讲义,1,1
北京七下期末英语,1,1
北京七下期末语文,3,1
北京七年级上册数学,1,1
北京七年级上册期末数学,3,1
北京三年级上人教数学第一单元,3,1
北京三年级上数学第一单元,1,1
北京三角函数,1,1
北京三角函数高考,1,1
北京东城2023届高三一模数学试题,3,1
北京东城25-26期末高二下化学,1,1
北京东城26八年级数学,3,1
北京东城26六十五高一语文,1,1
北京东城26高一语文,1,1
北京东城26高二下期末数学,3,1
北京东城区,6,1
北京东城区 在2025 2026学年七年级期末历史试卷,1,1
北京东城区2025—2026学年度第二学区高三语文,2,1
北京中国人民大学附属中学,1,1
北京中学,1,1
北京中学集团,1,1
北京中考数学,1,1
北京中考数学题,3,1
北京中考试卷,1,1
北京中考语文2026,1,1
北京丰台2025高二下期末考试英语,1,1
北京丰台一模英语,1,1
北京丰台二模英语,9,1
北京丰台区2025-2026八年级下学期,5,1
北京丰台区八年级下学期,1,1
北京丰台区八年级下学期数学,1,1
北京丰台区初二数学,1,1
北京丰台区初二数学资料,4,1
北京丰台区地区初三数学资料,1,1
北京丰台区高三上学期期末考试物理2022-2023,1,1
北京九上化学,1,1
北京九上期中语文,2,1
北京九上海淀期末,4,1
北京九年级上学期阶段检测,1,1
北京九年级下学期期末,2,1
北京二中,1,1
北京二中七下数学,5,1
北京二中分班考,3,1
北京二中教育集团八年级,1,1
北京二中高一,1,1
北京二中高一上二学段段考,1,1
北京二年级下学期期末,8,1
北京二次函数最值问题,4,1
北京五年级上学期期末试卷,25,1
北京五年级下学期期末,9,1
北京五年级下学期阶段检测,3,1
北京交大附20268下数学,1,1
北京交大附中化学,8,1
北京交大附中化学期末试卷,3,1
北京交通大学附属中学2026初二下期末数学试卷及答案,3,1
北京交通大学附属中学高一下期末物理,4,1
北京京西八中高一分班考,3,1
北京人大附中分班考,9,1
北京人大附中新高一分班考试全套真题,9,1
北京人大附中高一下学期期末检测卷,1,1
北京人民大学附属中学,3,1
北京八上期中考试卷2024—2025,6,1
北京八下期末历史,2,1
北京八下期末英语,7,1
北京八下期末语文,5,1
北京八下期末道法,5,1
北京八中,7,1
北京八中乌兰察布分校,10,1
北京八中分班考,1,1
北京八中数学高三开学考,1,1
北京八年级上册期末数学,2,1
北京六上期末数学卷,1,1
北京六年级上学期阶段检测,6,1
北京准高一分班考,8,1
北京初三上数学新定义真题,1,1
北京初三上期末数学新定义真题,4,1
北京初中必背单词,4,1
北京初中期末真题,4,1
北京化学高二开学分班考试,8,1
北京北大附属中学新高一,1,1
北京北师大实验中学,2,1
北京北师大实验中学语文,1,1
北京十一中学分班考,2,1
北京十一学校八年级上开学考,3,1
北京十七中,2,1
北京十二中高一分班考试卷,4,1
北京十八中开学考,1,1
北京卷2026数学高考,1,1
北京厂股份有限公司,3,1
北京各区有机推断,2,1
北京各区高三有机推断,2,1
北京各区高三有机推断汇编,2,1
北京名师密压卷化学,1,1
北京四中分班考,1,1
北京四中初三开学考,1,1
北京四中实验班九年级英语试卷,2,1
北京四中检测,2,1
北京外国语大学,3,1
北京外国语大学附属外国语学校,2,1
北京大兴初一下道法2026,3,1
北京大兴区2026初二下期末数学试卷及答案,4,1
北京大兴高二上语文,1,1
北京大学强基,3,1
北京大学附属中学高一上数学,1,1
北京天竺中学,1,1
北京学考,2,1
北京密压卷,1,1
北京密压卷化学,1,1
北京小升初分班考数学,13,1
北京市-海淀区-中国人民大学附属中学2024-2025学年七年级上学期分,1,1
北京市2025年普通高中学业水平等级性考试,10,1
北京市2026年普通高中学业水平等级性考试,1,1
北京市东城区2025至2026学年高一第二学期化学期末考试,1,1
北京市东城区高三第一学期期末考试,4,1
北京市中国人民大学附属中学,1,1
北京市中国人民大学附属中学2025届高三数学寒假自主复习检测练习,3,1
北京市丰台区25年中考试卷,1,1
北京市丰台区中考试卷,2,1
北京市丰台区九年级学业水平考试综合练习,1,1
北京市丰台区九年级学业水平考试综合练习物理,1,1
北京市丰台区九年级学业水平考试综合练习物理2026,3,1
北京市丰台区九年级统一测试物理2026,1,1
北京市丰台区初二数学,1,1
北京市丰台区数学,1,1
北京市九年级上册期中试卷,5,1
北京市五十中学学业水平考试,5,1
北京市人大附中,1,1
北京市化学中考卷,3,1
北京市回民学校分班考,3,1
北京市大兴区2025-2026学年高二上学期期中质量检测数学试题,2,1
北京市大兴区高一物理下学期期末测试,4,1
北京市学考,1,1
北京市房山区2025到2026政治,1,1
北京市房山区2025年高二期中物理试卷,3,1
北京市房山区高一英语,3,1
北京市数学八年级下册期末,2,1
北京市昌平2026初一下期末数学,6,1
北京市昌平区高一物理期末,5,1
北京市昌平区高一语文期末,1,1
北京市朝阳区,1,1
北京市朝阳区2025-2026学年高一 下学期期末检测物理试题,2,1
北京市朝阳区九年级学业水平考试综合练习物理2026,2,1
北京市朝阳区五年级期末卷子,1,1
北京市朝阳区五年级期末卷子数学,4,1
北京市朝阳区六年级期末卷子数学,2,1
北京市朝阳区数学,3,1
北京市朝阳区物理2025~2026年期末试卷八年级下,1,1
北京市朝阳区高三年级,1,1
北京市朝阳区高三年级第二学期,2,1
北京市朝阳区高三年级第二学期语文,4,1
北京市朝阳区高三年级第二学期质量检测一,4,1
北京市期中考试高一上学期,17,1
北京市期末高二下,12,1
北京市海淀区2025-2026学年期中练习,1,1
北京市海淀区2025-2026学年期末练习,1,1
北京市海淀区2025-2026学年练习,1,1
北京市海淀区2025-2026学年高二上学期期中质量检测数学试题,1,1
北京市海淀区2025‑2026学年上学期八年级期末数学试题,2,1
北京市海淀区2025‑2026学年下学期八年级期末数学试题,1,1
北京市海淀区九年级第二学期期中练习2026,2,1
北京市海淀区九年级第二学期期中练习2026物理,2,1
北京市海淀区人大附中高二下期末地理,6,1
北京市海淀区第二学期七年级期末练习,5,1
北京市海淀外国语学校,2,1
北京市海淀实验外国语学校,2,1
北京市清华附中,1,1
北京市牛栏山一中,4,1
北京市第44中,7,1
北京市第二十二中学,2,1
北京市第二十二中学开学考,1,1
北京市第五中学开学考,5,1
北京市第五中学高一开学考,1,1
北京市第五十七中学2025~2026学年第二学期期中试卷25级1+3英语,7,1
北京市第五十中学,5,1
北京市第六十六中学,2,1
北京市英语中考真题,4,1
北京市西城区,6,1
北京市西城区2023-2024学年度第一学期期末试卷高二历史,4,1
北京市西城区2023-2024学年度第二学期期末试卷高二历史,4,1
北京市西城区2025一2026第一学期高一上期末试卷,1,1
北京市西城区2025到2026学年度高一上学期英语期末考试,1,1
北京市西城区七年级下数学,1,1
北京市西城区九年级统一测试物理202,1,1
北京市西城区九年级统一测试物理2026,3,1
北京市西城区数学,1,1
北京市西城区用于九年级,1,1
北京市西城区英语,1,1
北京市西城区英语九年级,1,1
北京市西城区英语高三第一学期,4,1
北京市西城区高三第一学期期末考试,4,1
北京市通州区2025-2026学年高二上学期期中质量检测数学试题,6,1
北京市通州区高三上学期开学考,3,1
北京市门头沟区大峪中学高三上开学测政治,1,1
北京市门头沟区大峪中学高三上开学测数学,8,1
北京市顺义区,1,1
北京市顺义区2025‑2026学年第二学期（初二下）期末物理练习   试卷官方名称：顺义区2025—2026学年度第二学期期末练习 八年级物理 考试信息：共8页，30道题，满分100分，考试时间90分钟，北京八年级下册（力学：力、压强、浮力、简单机械、功和机械能）   ⚠️说明：教育局官网不对外公开发布真题文件，完整PDF/Word存储在学科网、七彩学科网等第三方题库网站，需要登录、积分下载，我不能直接提供下载文件 。   试卷部分预览（开篇）   第一部分 单项选择题（共30分，每小题2分）   1. 在国际单位制中，用焦耳作为单位的物理量是（） A.功率  B.质量  C.压强  D.功 2. 如图所示的实例中，为了减小摩擦的是（） A.用力捏自行车车闸 B.给车轴加润滑油 C.自行车轮胎上刻有花纹 D.脚蹬面做的凹凸不平 3. 下面所示的实例中，为了增大压强的是（） A.铁轨铺在枕木上 B.骆驼的脚掌宽大 C.书包的背带较宽 D.刀刃磨得很薄 4. 关于重力和重心，下列说法正确的是（） A.高空中的飞机不受重力 B.重力的方向一定垂直接触面向下 C.物体所受的重力跟它的质量成反比 D.质地均匀、形状规则的物体的重心在其几何中心上   获取完整试卷可行途径   1. 问本班物理老师：学校一般留存本区期末练习原卷+参考答案，最省事无费用。 2. 第三方  北京市海淀区2025—2026学年度第二学期期末练习 八年级物理,2,1
北京市顺义区牛栏山一中,1,1
北京市顺义区牛栏山一中质检,1,1
北京市顺义区牛栏山一中高二,1,1
北京市顺义区牛栏山一中高二下学期期末,3,1
北京市顺义区牛栏山第一中学质检,4,1
北京市高一上昌平区数学期末,5,1
北京市高一上生物期末,4,1
北京市高三数学,6,1
北京市高中合格考,8,1
北京市高中学考,3,1
北京市高二数学,2,1
北京师大附中,2,1
北京师范东营实验学校,3,1
北京师范大学,10,1
北京师范大学天津附属学校七年级分班考试,1,1
北京师范大学海口附属学校,11,1
北京师范大学第二附属中学 2025-2026学年高一下学期期末测试物理试,1,1
北京师范大学贵安附属中学,4,1
北京师范大学贵阳附属中学,7,1
北京师范大学附属中学高一开学考,2,1
北京师范大学附属实验中学2024年到2025年学年九年级上学期10月月考数学试题,12,1
北京师范大学附属实验中学，2024到2025学年九年级上学期10月,7,1
北京师范大学集宁附属中学,2,1
北京德馨,3,1
北京房山七年级上学期期末考试数学,11,1
北京房山中考二模物理2025,1,1
北京房山高一下期末,1,1
北京房山高一下期末生物,4,1
北京政治高考题,1,1
北京数学高一分班考,19,1
北京数学高二开学分班考试,3,1
北京昌平高二下英语期末,1,1
北京智教众创教育,4,1
北京朝阳2024届高三上学期数学期末,3,1
北京朝阳2026期末八年级数学,1,1
北京朝阳25-26期末高二下化学,1,1
北京朝阳26八年级数学,2,1
北京朝阳中考一模数学2025,5,1
北京朝阳初一下道法2026,1,1
北京朝阳区,5,1
北京汇文,19,1
北京海淀2024届高三上学期数学期末,1,1
北京海淀2024高二下期末考试英语,4,1
北京海淀2025年高一上学期数学秋季月考,6,1
北京海淀中考一模数学2025,5,1
北京海淀初一下道法2026,4,1
北京海淀区8上,8,1
北京海淀区高一上期末物理,2,1
北京海淀区高三上学期期末考试数学2023,3,1
北京海淀区高三上学期期末考试物理2022-2023,5,1
北京海淀区高三上学期期末考试物理2023,3,1
北京海淀外国语实验学校期中,6,1
北京海淀高三一模数学2026,1,1
北京海淀高三上数学开学考,3,1
北京版数学,9,1
北京版英语五年级上,2,1
北京物理中考真题,1,1
北京物理新高一分班考,5,1
北京物理高二开学分班考试,9,1
北京物理高考真题,3,1
北京生物会考,1,1
北京石景山,3,1
北京石景山高二生物,1,1
北京第二中学,6,1
北京第十二中学高一上开学考数学,1,1
北京第十二中学高一开学考,1,1
北京第十二中学高一开学考数学,1,1
北京第四中学,2,1
北京股份有限公司2025至2026初中物理沪粤版九年级上册期末复习11章功与机械能基础卷,1,1
北京股份有限公司期末复习,3,1
北京育才学校开学测,2,1
北京英语初三,3,1
北京英语高二,11,1
北京西城2023届高三一模数学试题,2,1
北京西城2024高二下期末考试英语,3,1
北京西城2025高二下期末考试英语,4,1
北京西城2026八下数学,1,1
北京西城初三上英语,3,1
北京西城区一模英语,5,1
北京西城区三模英语,1,1
北京西城区二模英语,4,1
北京西城区初一上数学期末,1,1
北京西城区高一上期末物理,1,1
北京西城区高一下期末物理,1,1
北京西城区高一生物,1,1
北京西城高二下数学,4,1
北京西城高二下物理期末2026,1,1
北京语文,1,1
北京语文中考,1,1
北京语文初一,10,1
北京语文初三,5,1
北京语文初二,3,1
北京语文高二,9,1
北京课改版九年数学上册,10,1
北京课改版九年数学上学期,10,1
北京路中学开学,1,1
北京通州运河高中,2,1
北京道法初三开学,1,1
北京道法初二,8,1
北京顺义,1,1
北京顺义区7年级上册历史期末卷,15,1
北京顺义牛栏山一中,1,1
北京顺义牛栏山一中高二下学期期末,5,1
北京高一上分班考英语,8,1
北京高一上分班考语文,3,1
北京高一下学期期末,5,1
北京高一下学期期末考试化学,3,1
北京高一下期末英语,1,1
北京高一历史学案,2,1
北京高一开学考,1,1
北京高一数学下人教版,1,1
北京高一期中英语一零一,1,1
北京高一期末,2,1
北京高一期末英语,5,1
北京高三,3,1
北京高三一模汇编,1,1
北京高三上学期丰台期末语文,4,1
北京高三下学期期末,1,1
北京高三丰台一模英语,4,1
北京高三丰台期末,1,1
北京高三丰台期末语文,1,1
北京高三开学定位考,5,1
北京高三模拟,3,1
北京高三英语,1,1
北京高二上学期期中考试,4,1
北京高二上学期期中考试数学,1,1
北京高二上学期期末,1,1
北京高二上数学,1,1
北京高二上第一次月考化学,5,1
北京高二上第一次月考数学,4,1
北京高二上第一次月考语文,3,1
北京高二下期末英语,3,1
北京高考 物理2026,1,1
北京高考2023,5,1
北京高考2024生物,6,1
北京高考2025,1,1
北京高考2025数学,1,1
北京高考专用一轮复习讲义,2,1
北京高考东城一模数学,1,1
北京高考历史,1,1
北京高考历史真题,1,1
北京高考地理,2,1
北京高考政治卷子2026,3,1
北京高考数学卷子,2,1
北京高考文言文,4,1
北京高考物理,5,1
北京高考生物试卷,3,1
北京高考英语,4,1
北京高考记叙文,4,1
北京高考语文卷子,1,1
北京）2027年高考语文一轮,1,1
北仑区八下英语期末2024学年卷,3,1
北仑区八年级上册第一单元数学试卷,1,1
北仑泰河中学,3,1
北仓2025,1,1
北塔中学,1,1
北大,4,1
北大物理强基,1,1
北大自主招生题,1,1
北师,3,1
北师大,1,1
北师大4下数学期末总复习,1,1
北师大5上数学期末总复习,9,1
北师大一次函数,1,1
北师大一次函数复习专题,3,1
北师大七上数学期中卷,24,1
北师大七年级三角形专题,4,1
北师大七年级下册同步训练,10,1
北师大三年级上册数学,6,1
北师大九上一二单元数学,1,1
北师大九上数学书,3,1
北师大二年级下,7,1
北师大二年级下册奥数应用题,3,1
北师大二年级下册数学应用题,3,1
北师大二年级下册数学综合中高难度应用题,1,1
北师大二附中未来科学城,6,1
北师大二附中高一分班考,2,1
北师大八下数学,7,1
北师大八年级上册第一章测试卷,12,1
北师大实验中学八上开学考,3,1
北师大实验中学分班考试,3,1
北师大庆阳,1,1
北师大庆阳实验学校分班考试题,1,1
北师大必修一 Unit1 Lesson2 listening,3,1
北师大必修一Unit3lesson3,2,1
北师大数学,1,1
北师大数学中考计算专项训练,5,1
北师大月考卷,1,1
北师大期末,4,1
北师大期末七上数学,8,1
北师大版 02023 2024 八上 数学 培优,3,1
北师大版 选择性必修一 专题 圆锥曲线定点定值 / 空间向量二面角专项,2,1
北师大版 选择性必修第一册 第六章 概率 高效培优单元测试 强化卷,5,1
北师大版8年级下册真题英语试卷,4,1
北师大版unit1英语单词,4,1
北师大版三年级上册数学,1,1
北师大版九年级上册数学,4,1
北师大版五年级,1,1
北师大版五年级第一学期,14,1
北师大版八上,7,1
北师大版八上数学月考,1,1
北师大版八年级下册数学,2,1
北师大版八年级下册数学书,1,1
北师大版八年级数学上册第二章测评卷,1,1
北师大版初中试卷,1,1
北师大版压轴题,2,1
北师大版必修一期末,8,1
北师大版必修一综合卷，数学,11,1
北师大版数学,1,1
北师大版数学八上,11,1
北师大版数学基础模块第45练 诱导公式,9,1
北师大版数学必修二第一章试卷及答案,3,1
北师大版数学选择性必修一 练与测2026,1,1
北师大版新教材8年级下册综合试卷,1,1
北师大版新高一衔接分班考试,3,1
北师大版英语必修一单词,1,1
北师大版英语必修一课文音频,5,1
北师大版锐角三角函数,5,1
北师大版高一,6,1
北师大版高一对数,5,1
北师大版高中英语必修六到9单元单词附录表,2,1
北师大版高二上册期末试卷,8,1
北师大英语初一,12,1
北师大贵安,1,1
北师大贵阳,1,1
北师大附中高一摸底考试,7,1
北师大附属中学贵安,1,1
北师大集宁附中,5,1
北师数学8年级上册月考,2,1
北师版七年级下册数学暑假复习,4,1
北师版九年级函数,14,1
北师版函数,1,1
北师版数学必修二,9,1
北师版高中数学三角函数,2,1
北师版高中数学三角恒等边,2,1
北斗星盟数学高二下,1,1
北斗联盟期中联考,37,1
北斗高三,1,1
北斗高三物理,1,1
北方大学,15,1
北方数学邀请赛,6,1
北方联合出版社,5,1
北海,9,1
北海八年级上册,11,1
北海市,3,1
北海市2026年7月期末教学质量检测高一答案,7,1
北海民附,4,1
北碚区,6,1
北碚区指标到校真题,3,1
北票市尹湛纳希,2,1
北票市高级中学,3,1
北辛中学八年级上学期月考英语试卷,5,1
北辛中学，八年级上册，物理期中考试试卷,4,1
北辛中学，八年级上册，物理第三次考试试卷,1,1
北辰区南仓中学2025-2026,3,1
北辰区南仓中学2025-2026期末,1,1
北辰区实验中学数学期中九上,4,1
北辰区期中,1,1
北辰区期中九上,1,1
北郊,9,1
北郊化学,5,1
北镇市高级中学,2,1
北雅中学2025-2026学年上学期八年级入学数学试卷,2,1
匡堰,1,1
匡堰初级中学,1,1
匡堰实验小学,3,1
区域 地理 2024 一轮复习,2,1
区域 地理 高考知识点总结,4,1
区域地理填图训练,1,1
区域地理填空专练,1,1
区域地理填空专练：世界地理,1,1
区实,1,1
区时,1,1
区时计算,4,1
区统,2,1
医生百事联盟2025到2026学年高二上学期12月联考英语A卷,3,1
十一中学分班考,1,1
十一怀柔分班考,1,1
十一晋元,6,1
十一高英语,2,1
十七,10,1
十七中,1,1
十七小,1,1
十三,1,1
十三中,1,1
十三中中考数学一模试卷,2,1
十三中物理期末试卷,1,1
十九,1,1
十二中,10,1
十二中分班考,12,1
十二中物理月考2006九年级,1,1
十二校联考,1,1
十八,1,1
十六,7,1
十六中学,1,1
十四中,1,1
十四中初二物理期中考试,3,1
十堰2026七下期末道法,3,1
十堰2026六下,8,1
十堰2026六下期末,3,1
十堰2026六下期末道法,4,1
十堰一中,1,1
十堰五下数学,4,1
十堰化学,1,1
十堰化学高一,4,1
十堰市,3,1
十堰市2026年实验中学模拟中考卷英语,5,1
十堰市东风高级中学自招题,3,1
十堰市实验中学九上期中考卷英语,11,1
十堰市期末考试,3,1
十堰市郧阳中学自主招生试卷,31,1
十堰招生考试,11,1
十大词性,1,1
十字相乘法-分解因式高一衔接,4,1
十字相乘法的计算,4,1
十年真题,4,1
十年真题分类汇编,4,1
十年高考真题,1,1
十年高考真题分类汇编,5,1
十强校,1,1
十月月考高二上,3,1
十校联盟，南昌,9,1
十校联考,13,1
千流人物李白,1,1
升六,1,1
升学e网通,1,1
升学考试卷,1,1
升学考试宽,1,1
升班考试,2,1
升高三英语专练,3,1
升高二,4,1
升高二摸底考,2,1
升高二摸底考山大,1,1
升高二摸底考山大附中,1,1
半圆形金属导轨,1,1
半对角线,4,1
半角公式,1,1
华一,1,1
华一初,1,1
华一寄宿,5,1
华东师同步训练2024数学七上1.92,7,1
华东师大二附中,4,1
华东师大版数学九年级上册22.5.1备课教案,3,1
华东师范大学七下,1,1
华东师范大学澄迈实验中学,10,1
华东师范大学闵行,3,1
华东师范大学附属中学,3,1
华东师范大学附属天山,2,1
华东师范小学,7,1
华中师大一附中2022一2023学年度上学期高一期末检测语文试题,2,1
华中师大一附中圆锥曲线专题,1,1
华中师大一附中物理动量守恒定律,6,1
华中师大一附中自测卷,1,1
华中师大一附中自测卷高一,2,1
华中师大第一附中,1,1
华中师范大学,2,1
华中师范大学第一附属中学2026届五月适应性试,7,1
华中师范大学第一附属中学初中部,4,1
华中师范大学高二上期中,29,1
华二初,1,1
华二高中,12,1
华伦,2,1
华伦数学,2,1
华南师大附中,2,1
华南师大附中初二,4,1
华南师大附中汕尾学校,1,1
华南师范大学南沙附属中学,3,1
华南师范大学附属中学物理,12,1
华南师范大学附属中学高一十月月考,6,1
华士高中,9,1
华外,1,1
华大新高考联盟2026届高三9月教学质量测评数学试卷,1,1
华安,1,1
华安一中,2,1
华安县,12,1
华宜寄宿,3,1
华师一,1,1
华师一附,2,1
华师一附中 高一上学期期末考试题,3,1
华师一附中丘少班,1,1
华师一附中英语,8,1
华师一附中长飞班选拔,8,1
华师一附中高一上期中数学试卷,1,1
华师一附中高一下期末考试数学试题,5,1
华师一高一上,1,1
华师大,1,1
华师大二附中,1,1
华师大二附中高二月考,9,1
华师大版,1,1
华师大版九上数学,1,1
华师大版九上数学第一次月考,1,1
华师实数练习,1,1
华师数学八年级旋转压轴,22,1
华师版七上,1,1
华师版七上 计算,1,1
华师版七下,1,1
华师版八年级旋转,7,1
华师附中,3,1
华新实验中学七下语文,1,1
华新实验中学八上语文第一次月考,1,1
华杯赛,5,1
华池一中,1,1
华池第一中学化学,3,1
华池第一中学生物,2,1
华海,7,1
华清中学2025～2026,1,1
华清中学2025～2026学年度第一学期周末考质量检测,6,1
华益,10,1
华盛达,4,1
华育,1,1
华育中学,3,1
华育中学物理,15,1
华育中学物理八下,9,1
华育初级中学,2,1
华育初级中学物理八下,4,1
华英学校真题,1,1
华蓥市,3,1
华蕴,16,1
华附,1,1
华附 省实 广雅 深中2026届高三四校联考,1,1
华附高一上数学,4,1
协作,1,1
协高二下物理期末,1,1
卓越,7,1
卓越联盟高一下数学期末,3,1
卓越联盟高一第一次月考,1,1
单 词 背 默,1,1
单 词表背默版本,4,1
单位制,9,1
单元卷 测试卷人教版必修一,5,1
单元双测卷,6,1
单元双测卷必修2生物人教版,3,1
单元双测卷必须2生物人教版,3,1
单元学习指导与练习,2,1
单元学习指导与练习 科学八年级,1,1
单元拔高卷,10,1
单元检测卷,4,1
单元测,6,1
单元测试卷九年级上册物理电流和电路,7,1
单元知识点归纳,13,1
单元素材及写作任务合集 2025—2026学年统编版高一语文必修上册,5,1
单元考,13,1
单元词句检测unit7art,3,1
单元过关与拓展训练,4,1
单元通关练八年级英语上册英语听力,5,1
单元金卷,5,1
单县一中高一开学考试,8,1
单县一中高一期中,1,1
单句语法填空,7,1
单句语法填空 2025 错题整理,8,1
单招  2025英语四川,3,1
单招 1 2025英语四川,1,1
单招 英语2025 真题试卷,8,1
单招 语文 2026复习资料,1,1
单招安徽,9,1
单招数学,4,1
单招考试,1,1
单招考试卷,3,1
单招考试数学试题,1,1
单招考试数学试题山东,2,1
单招英语,1,1
单杆 导轨 模型,6,1
单棒 导轨 模型专题电磁感应,10,1
单线桥双线桥法训练，,1,1
单线桥和双线桥练习,1,1
单词 默写,2,1
单词 默写冀教版,4,1
单词 默写冀教版中考单词,2,1
单词 默写冀教版八年级上册,2,1
单词 默写表,2,1
单词3500,5,1
单词串记,1,1
单词初中,8,1
单词变形,7,1
单词拼写,1,1
单词比赛,1,1
单词汉译英,2,1
单词游戏,2,1
单词背默表,1,1
单词英译汉,2,1
单词英译汉外研版,2,1
单词衡水体,3,1
单词表,3,1
单词表人教版,2,1
单词重点高中,1,1
单词高频,1,1
单词高频高考一轮,1,1
单词默写表,1,1
单调性与最大小值,1,1
单调性与最大小值举一反三讲义,4,1
单调性奇偶性,11,1
单调性的证明,11,1
单选题100题,6,1
单项式,1,1
南乡子 登京口北固亭有怀,2,1
南京  2026高三 0模,3,1
南京 0 202 6 二模,1,1
南京 0 2026高三 0模,2,1
南京 入学,3,1
南京 分班考试,4,1
南京 新初一,3,1
南京12月 七校联考,3,1
南京2025年零模,1,1
南京2025英语一模试卷,1,1
南京2025英语一模试卷高三,5,1
南京2026,8,1
南京2026届高三年级上学期9月学情调研,1,1
南京2026高三二模,4,1
南京25,1,1
南京29中,1,1
南京8上数学试卷期中,2,1
南京一中2025-2026第二学期数学期末考试,3,1
南京一中2025-2026第二学期物理期末考试,1,1
南京一中2025-2026高一第二学期数学期末考试,1,1
南京一中分班考试卷,3,1
南京一中实验小学,3,1
南京七年级入学分班考,3,1
南京七校联合体,2,1
南京中华中学,1,1
南京中学高二期中考试2026,2,1
南京中考2026英语,1,1
南京中考数学,1,1
南京中考语文,1,1
南京九下物理,3,1
南京九中2024级高二期末物理卷,1,1
南京九中2025到2026十年物理高一期末,4,1
南京九中高二期末物理卷,1,1
南京二十九中,5,1
南京二十九中高3期末,7,1
南京二模,4,1
南京五下数学名校真题,3,1
南京五下数学期末,13,1
南京入学分班考,2,1
南京八下物理,2,1
南京六合南师大小升初分班模拟卷,1,1
南京六合苏教版小升初分班模拟卷,1,1
南京初一分班考,1,1
南京化学九下,2,1
南京南外河西,3,1
南京南外河西初一第一次月考,1,1
南京南外河西小升初,1,1
南京南大附中,1,1
南京四方小学,1,1
南京外国语小学,1,1
南京外国语河西,2,1
南京大学附属中学2025-2026学年高一下学期期末考试英语试题,1,1
南京市,13,1
南京市 盐城市2025至2026学年度高三年级第一次调研考试语文,10,1
南京市 盐城市2026届高三年级第一次模拟考试语文,7,1
南京市2024 ～2025八年级上册联合体期末数学,1,1
南京市2024 ～2025八年级上册联合体物理期中,3,1
南京市2025-2026高三10月七校,1,1
南京市2025-2026高三12月七校,2,1
南京市2025届高三学情调,1,1
南京市2025届高三年级学情调研,1,1
南京市2025届高三年级学情调研英语,3,1
南京市2025高32模,1,1
南京市2025高三学情调研,3,1
南京市2026化学期末高二六校,2,1
南京市2026届高三年级学情调研历史,4,1
南京市2026届高三年级第一次模拟考试,6,1
南京市2026届高三年级第二次模拟考试英语,1,1
南京市2026届高三年级第二次模拟考试语文试卷（2026年5月南京高三二模语文）,2,1
南京市2026届高三年级语文,1,1
南京市2026高三 零模数学,5,1
南京市25年高三摸底考试,3,1
南京市一模2025届高三年级物理,4,1
南京市中华中学2025至2026学年第一学期九届调研试卷,5,1
南京市中考2026年数学试卷,1,1
南京市中考政治二模卷联合体,4,1
南京市二十九中,1,1
南京市八上语文期中测试卷,5,1
南京市六校联合体,14,1
南京市大厂高级中学,3,1
南京市天印高级中学,1,1
南京市天印高级中学。,1,1
南京市天印高级中学高二上数学,3,1
南京市小升初分班考试卷,1,1
南京市小升初试卷,4,1
南京市板桥中学,1,1
南京市求真中学,15,1
南京市求真中学2024到2025年七年级第一学期开学试卷,1,1
南京市求真中学2024到2025年第一学期开学试卷,5,1
南京市江宁全区统一新七年级学情摸底英语试卷,6,1
南京市江宁区,1,1
南京市江宁区上元中学,5,1
南京市江宁区新七年级学情检测 数学 分班考试,3,1
南京市江宁区新七年级学情检测 语文 分班考试,4,1
南京市物理合格性考试,5,1
南京市玄武区2025-2026学年八年级下期期末物理试题 苏科版,10,1
南京市玄武区2025到2026学年八年级下册期末物理试卷真题,1,1
南京市玄武区科利华中学七年级分班考试测试,2,1
南京市盐城市,1,1
南京市盐城市2025高三第一次模拟考试,6,1
南京市盐城市2026届高三年级期末统考真题,4,1
南京市秦淮区初中,3,1
南京市秦淮区小学,1,1
南京市第二十九中学生物,8,1
南京市第二十九中学生物必修二,6,1
南京市第二十九中学生物高一下必修二,6,1
南京市第二十九中学生物高一下必修二多选,2,1
南京市第二十九中学高一下学期期中生物,14,1
南京市第二十九中学高二上学期期中,8,1
南京市第二十九中学高二上学期期中化学,5,1
南京市第二十九中学高二上学期期中数学,6,1
南京市第二十九中学高二上学期期中生物,3,1
南京市第二十九中学高二下学期期中生物,3,1
南京市第五十四中学小升初分班考试,11,1
南京市第十二中学,3,1
南京市联合体。八年级下册期末语文试卷,4,1
南京市金陵中学,2,1
南京市金陵中学 分班考,4,1
南京市金陵中学 新高一分班考试,4,1
南京市金陵中学 新高一分班考试 2025,2,1
南京市金陵中学2024-2025,3,1
南京市金陵中学高二上学期期中化学,8,1
南京市金陵汇文中学八年级上月考,3,1
南京市雨花台中学,3,1
南京市零模2024届高三年级化学,12,1
南京市零模2025届高三年级物理,1,1
南京市零模2026届高三年级化学,6,1
南京市零模2026届高三年级数学,8,1
南京市零模物理,4,1
南京市零模高三年级物理,1,1
南京市高一上数学月考,1,1
南京市高三25摸底考试,2,1
南京市高三第二次,2,1
南京市高二上物理月考试卷，9月份2022到2023,12,1
南京市鼓楼区2026年数学期末测试卷,1,1
南京市鼓楼区2026年期末测试卷,8,1
南京师大附中2025-2026学年,3,1
南京师大附中2025至2026学年第二学期高一年级期末考试英语试卷,1,1
南京师大附中2026届高三 数学备忘录,1,1
南京师大附中2026届高三三轮 数学备忘录,3,1
南京师大附中2026届高三年级模拟考试数学试题,3,1
南京师范大学,1,1
南京师范大学附属中学高二第一次月,5,1
南京建邺区分班考试卷,1,1
南京建邺区小升初,2,1
南京数学九下,3,1
南京新高一分班考,2,1
南京求真中学七上数学,3,1
南京江北新区,1,1
南京江北新区浦口外国语小升初,8,1
南京江北新区浦口外国语新生,1,1
南京江宁全区统一新七年级学情摸底语文试卷,3,1
南京江宁小升初毕业统考卷,2,1
南京江宁数学六年级上册四五单元,3,1
南京河西外国语,1,1
南京河西外国语学校,4,1
南京河西金陵河西分校,1,1
南京燕子矶,4,1
南京物理九下,1,1
南京田家炳中学分班考试卷,1,1
南京盐城2026,7,1
南京秦淮外国语,8,1
南京秦淮外国语第一次月考,1,1
南京第九中学,4,1
南京育英二外七年级期中卷子,4,1
南京育英八上,8,1
南京育英第二外国语学校七年级,4,1
南京育英第二外国语学校七年级数学,2,1
南京航空航天大学附属高级中学,6,1
南京英语,15,1
南京英语九下,37,1
南京英语高二上,2,1
南京英语高二上统考,2,1
南京调研,6,1
南京调研25,6,1
南京附中雨花,1,1
南京雨花外国语学校,1,1
南京零模高三,18,1
南京高一,8,1
南京高一上册12月考英语,3,1
南京高一上册月考英语,3,1
南京高一上册期中,22,1
南京高一上册期中物理,9,1
南京高一上册期中英语,1,1
南京高一上册物理,2,1
南京高一上册英语,30,1
南京高一上册语文,3,1
南京高一上学期期中试卷,16,1
南京高一语文,1,1
南京高三2025届零模,21,1
南京高三2025年零模,3,1
南京高三生物一模试卷,2,1
南京高三生物三模,2,1
南京高三生物零模试卷,3,1
南京高三英语一模试卷,3,1
南京高三英语综合套卷,3,1
南京高中分班考试卷,1,1
南京高二数学同步练,2,1
南京鼓楼区八年纪上期中,13,1
南仓,5,1
南充一中2025年高一上册数学月考试卷一,1,1
南充一诊化学,1,1
南充八年级下册数学,5,1
南充冬令营,2,1
南充冬令营强基卓越,2,1
南充市2024到2025数学期末考试卷,1,1
南充市新版期末,2,1
南充市新版期末高二下学期,2,1
南充市高2026届高三适应性考试,1,1
南充市高2026届高三适应性考试一诊化学,3,1
南充市高一下期末考试题,4,1
南充市高二上地理期末考试题,4,1
南充市高二上期末考试题,13,1
南充第一中学2025年高一上册数学月考试卷一,2,1
南充道鑫双语学校,2,1
南充道鑫双语学校2025年高一上册数学月考试卷一,2,1
南充高一下英语,7,1
南充高中冬令营强基卓越数学,4,1
南充高中高2025级高一上学期第一次月考,1,1
南充高中高2025级高一上学期第一次月考英语,20,1
南充高级中学九年级中考,1,1
南召县,22,1
南和二中,1,1
南城,17,1
南外,2,1
南外河西,2,1
南外河西分校小升初,4,1
南外河西分班考,6,1
南外物理,1,1
南大,1,1
南大附中2024至2025学年化学,6,1
南头中学,1,1
南头中学物理,1,1
南宁 三中,1,1
南宁三中2024~2025年年度上学期高一第一次月考数学试卷,13,1
南宁三中2025,1,1
南宁三中2025 2026学年度上学期高一月考一数学试题,19,1
南宁三中2025二试,1,1
南宁三中2025年5月二试,1,1
南宁三中2025年5月第二次适应性,1,1
南宁二中高一,1,1
南宁初三化学,17,1
南宁市14中,1,1
南宁市2026年高一春季期中适应性检测历史试题,5,1
南宁市中考试卷化学,3,1
南宁市二十四中初一上试卷,7,1
南宁市十四中2025年到2026年九年级化学一模,1,1
南宁市第三中学试卷免费,5,1
南宁市第三十七中学2023-2024英语分班考试题,6,1
南宁市第三十七中学英语分班考试题,5,1
南宁市第二中学高一上英语月考,5,1
南宁市语文2023-2024,3,1
南宁生物,1,1
南宁高一化学五月联考,6,1
南宁高三化学五月联考,33,1
南宁高三毕业班适应性测试化学,6,1
南宁高二化学五月联考,3,1
南宁高二化学邕衡,1,1
南宁高二化学邕衡5月,2,1
南安一中高一上,1,1
南安一中高一上开学考,4,1
南安国光中学,2,1
南安市七年级,29,1
南安市八下历史期末试卷,1,1
南安市八下历史试卷,1,1
南安市华侨中学,6,1
南安市国光中学,1,1
南安市第一中学,2,1
南安第一中学,4,1
南安高一下期末物理,1,1
南宫中学,7,1
南山区,3,1
南山区九上期末,13,1
南山区期末,2,1
南山实验,6,1
南山期末,5,1
南岗,25,1
南岗三中,1,1
南岗区,9,1
南岸区2022一2023下学期,1,1
南岸区2022一2023下学期数学,1,1
南岸区2o26七年级下册数学期末卷,8,1
南岸区2o26五年级下册数学期末卷,1,1
南岸区七下数学期末,1,1
南岸区八下数学期末,3,1
南川区,5,1
南师大,1,1
南师大附中,3,1
南师大附中2025至2026学年第二学期高一年级期末考试英语试卷,1,1
南师大附中高一上期中,1,1
南师大附中高一上期中数学,13,1
南师扬子新高一分班考,1,1
南师附中 天一中学 海门中学 海安中学2026届高三第一学期联考试卷,3,1
南师附中新城,1,1
南师附中雨花,1,1
南师附中高一下生物期末,10,1
南师附中高一数,2,1
南师附中高一数学,3,1
南师附中高一数学第一次月考,1,1
南师附中高一第一次月考,12,1
南师附中高二上学期第一次月考,7,1
南平2023八年级下册期末政治,5,1
南平2026高二期末,8,1
南平一中,1,1
南平三模,3,1
南平剑津中学,3,1
南平市,1,1
南平市20242025高二下学期末日语,1,1
南平市2024~2025年第二学期七年级期末质量抽测,1,1
南平市2025-2026七年级下册期末考历史试题,3,1
南平市20252026高二下学期末,6,1
南平市20252026高二下学期末日语,1,1
南平市2025到2026学年第二学期八年级综合性练习,6,1
南平市2026届高三年级第一次适应性考试,8,1
南平市2026高二上学期数学月考考,2,1
南平市2026高二语文,1,1
南平市政和县九年级,12,1
南平市数学期末试卷,6,1
南平市期末考,2,1
南平市高一期末,3,1
南平市高一期末政治,1,1
南平市高一期末数学,2,1
南平市高一期末语政治,7,1
南平市高一期末语文,1,1
南平市高二期末,4,1
南平顶山市2025～2026学年第二学期校内学业质量检测 八年级英语,1,1
南平高级中学,5,1
南平高考三模,2,1
南康区八下期末卷,2,1
南开2026-2027高三第一次月考,1,1
南开一模,4,1
南开一模高三,1,1
南开七年级上,10,1
南开中学2024-2025学年度第二学期质量监测,8,1
南开中学八月联考,1,1
南开中学自主招生,1,1
南开中学高二,8,1
南开为明,1,1
南开二模重庆,2,1
南开区 八下数学期中,1,1
南开区2022-2023,3,1
南开区八下英语,1,1
南开区八下英语2024-2025,3,1
南开区八下英语2024-2025期末,14,1
南开区期末,1,1
南开区道德与法治,6,1
南开区高一期末数学,3,1
南开区高中会考模拟,3,1
南开区高中会考模拟地理,7,1
南开区高中合格性考试,6,1
南开区高二上学期期中化学,24,1
南开区高二上学期期中政治,11,1
南开区高二下期末,1,1
南开大学附属中学津南校区,4,1
南开学科能力,1,1
南开学科能力测试,1,1
南开开学联考,6,1
南开月考,4,1
南开期中,22,1
南开期中测试,12,1
南开物理一模,6,1
南开第一次月考,2,1
南开翔宇七年级上,12,1
南开联考,4,1
南开能力,1,1
南开高一期末,1,1
南开高三开学考,1,1
南方凤凰台,9,1
南方凤凰台 2027 化学 广东专版 5A新考案,1,1
南方凤凰台 2027高考一轮复习化学,4,1
南方凤凰台 2027高考一轮复习数学,1,1
南方凤凰台教师用书,6,1
南方凤凰台粤教版,1,1
南昌  2026届二模数学,4,1
南昌10月月考语文，,2,1
南昌2025-2026七年级下册期末历史,5,1
南昌2025-2026七年级下册期末政治,4,1
南昌2026届高三四月检测,1,1
南昌23中月考卷,6,1
南昌28中高新实验学校10月月考语文，,6,1
南昌28中高新实验学校七年级数学期末,4,1
南昌28中高新实验学校八年级上册第一次语文月考,1,1
南昌28中高新实验学校八年级上册第一次语文月考，2025,8,1
南昌一中,3,1
南昌一中高一上学期开学考试,7,1
南昌一中高一上开学,19,1
南昌一中高一化学,1,1
南昌一中高一化学实验,3,1
南昌一模,1,1
南昌一模语文,1,1
南昌一模语文高考,3,1
南昌七年级数学,3,1
南昌七年级数学期中测试卷,2,1
南昌七年级数学期末,2,1
南昌中学,1,1
南昌二中2024 2025高一下物理期末考试,13,1
南昌二中2025 2026高一下期末考试,1,1
南昌二中2025 2026高二上,6,1
南昌二中2025 2026高二上期末考试,1,1
南昌二中2025~2026学年度上学期高一英语期中试卷听力音频,8,1
南昌二中七年级2026年期末测试卷,6,1
南昌二中八上期中英语,3,1
南昌二中分班考,1,1
南昌二中初一,1,1
南昌二中期末,1,1
南昌二中高一下学期期末,5,1
南昌二中高一期末,1,1
南昌八年级上册数学10月考月,10,1
南昌八年级上册数学12月考月,3,1
南昌八年级上册数学期中试卷,1,1
南昌八年级上册英语月考10月,2,1
南昌八年级上册语文月考10月,10,1
南昌八年级上册语文月考12月,1,1
南昌初三数学零模,5,1
南昌十中,12,1
南昌南师附小,6,1
南昌县2025-2026学年度第一学期期中考试八年级英语试题,1,1
南昌县七年级下册语文,1,1
南昌县中考,3,1
南昌县中考英语,1,1
南昌县南昌市城东学校,1,1
南昌外国语高一,1,1
南昌市2025-2026学年高一下学期期末统一考试历史试题,5,1
南昌市2025届高三摸底考试,1,1
南昌市2025年高三年级测试,2,1
南昌市2026届高三年级四月检测,4,1
南昌市2026高三年级测试,1,1
南昌市外国语直升,4,1
南昌市小学,7,1
南昌市心远中学,2,1
南昌市立体几何初步,1,1
南昌市第十中学,1,1
南昌市高二10月月考,5,1
南昌师大附中,1,1
南昌师大附中八上期中英语,1,1
南昌师范大学附属大附中八上期中英语,1,1
南昌数学竞赛,1,1
南昌物理期末,1,1
南昌百树,1,1
南昌高一英语,2,1
南昌高二上学日期中试卷,1,1
南昌高二上学期期中试卷,24,1
南昌高二期中试卷,4,1
南昌高二期末,4,1
南明区,6,1
南明区下,1,1
南明区下学期,1,1
南明区第二学期,14,1
南极星杯,4,1
南模,3,1
南模中学高一数学初态考,13,1
南武中学,1,1
南江小学六年级下册期末真题卷,4,1
南洋模范,2,1
南浦实验,1,1
南浦实验中学小升初,11,1
南海区2024届高三摸底测试,29,1
南海区七年级下语文期末,1,1
南海区三水区2023至2024五年级语文卷子,7,1
南海区三水区2023至2024六年级语文卷子,7,1
南海区八年级上数学试卷.,4,1
南海区八年级上语文,3,1
南海区六年级上册数学期中测试题,8,1
南海汉文外国语学校6年级,5,1
南海汉文外国语学校6年级上,1,1
南海汉文外国语学校6年级强基,3,1
南海汉文外国语学校6年级强基上,6,1
南渝,2,1
南湖一中,1,1
南溪一中外国语实验学校 初一分班考试,2,1
南白中学化学,6,1
南白中学物理二模中考,3,1
南菁数学七年级上,3,1
南菁高级中学 高二下期中 化学 王霞艳 王佳佳,2,1
南菁高级中学2025‑2026学年第二学期高二期中·语文  命题人：杨慧芳 审题人：张奇男,11,1
南通 2025 中考,1,1
南通 2026 中考试卷,4,1
南通 二模 2026,4,1
南通 高三 2026,3,1
南通2.5模,3,1
南通2025-2026零模,1,1
南通2025年高一第一次月考,13,1
南通七年级上期中英语,1,1
南通七年级上期中英语启秀,1,1
南通七年级上第一次月考英语,11,1
南通七年级上第一次月考英语启秀,6,1
南通七年级上第一次月考英语海安,6,1
南通三年级上期中考试,1,1
南通三年级上期中考试英语,5,1
南通三年级上英语试卷译林版,3,1
南通三年级上英语试卷译林版期中,1,1
南通三模,4,1
南通中学高一上学期期中数学考试卷,2,1
南通中学高一上学期期中考试卷,2,1
南通中学高一上第一次月考,13,1
南通中学高一第一次月考,5,1
南通中考2026历史,6,1
南通中考化学,8,1
南通中考模考卷,1,1
南通中考试卷,2,1
南通八年级上册物地理,2,1
南通八年级上册物物理,7,1
南通八年级上册物理,19,1
南通八年级上第一次月考英语,3,1
南通地理,5,1
南通如东2025~2026学年度七年级上学期期末调研测试生物,2,1
南通如东七年级上册英语期中试卷,3,1
南通如东实验七上,4,1
南通如皋高三年级第一学期教学质量调研二,2,1
南通如皋高三期初,4,1
南通小升初分班考 英语,1,1
南通崇川一模历史,3,1
南通市2022年高二上学期期中化学,33,1
南通市2025届高三第二次调研测试,5,1
南通市2026届高三,4,1
南通市2026届高三第一次调研测试,1,1
南通市2026届高三第二次调研测试,1,1
南通市2026年6月高二学期期末英语试卷,26,1
南通市2026高三一模试卷,28,1
南通市2026高三物理二模试卷,10,1
南通市八年级上学期期中,2,1
南通市区八上期中,5,1
南通市启东中学,3,1
南通市崇川区八年级上学期期中,1,1
南通市崇川区统考试卷数学八,4,1
南通市崇川区统考试卷数学八期中,1,1
南通市海陵中学2025~2026学年新初一入学语文摸底卷,1,1
南通市海陵中学2025~2026学年新初一新生入学调查数学试卷,3,1
南通市田家炳,10,1
南通市田家炳中学,1,1
南通市田家炳中学数学,4,1
南通市田家炳初级中学,2,1
南通市田家炳高中,1,1
南通市能达中学,9,1
南通市通州区育才中学,2,1
南通市高三第二次,1,1
南通市高三第二次调研,4,1
南通市高三第二次调研测试,5,1
南通政史中考试卷,3,1
南通期中九上数学,7,1
南通海安中考模考卷,1,1
南通海安英语中考模考卷,3,1
南通海安高一上月考卷数学,2,1
南通海门中学高一物理第一学期十二月份学情调研,3,1
南通海门高一物理第一学期十二月份学情调研,2,1
南通海门高一物理第一学期十月份学情调研,8,1
南通海门高一物理第一月考试卷,1,1
南通海陵中学2025~2026学一年新初一新生入学调查二数学试卷,5,1
南通物理中考,1,1
南通联考,3,1
南通英语中考,4,1
南通质量检测,3,1
南通高一上10月月考,9,1
南通高一上12月月考,8,1
南通高一上1月月考,4,1
南通高一上学期数学周测,6,1
南通高一上期末,22,1
南通高一上英语第一次月考,5,1
南通高一数学周考,7,1
南通高一数学月考,1,1
南通高三下4月,3,1
南通高三开学,4,1
南通高二上学期,4,1
南通高二上学期物理,3,1
南通高二物理,3,1
南通高考模拟,1,1
南通高考零模,11,1
南郑区,4,1
南阳2026高一上学期期中,3,1
南阳2026高一期中,6,1
南阳一中2025高二第一次月考数学,2,1
南阳一中高二2025,1,1
南阳一中高二2025-2026高二英语,2,1
南阳一中高二2025-2026高二英语（二）,2,1
南阳一中高二2028,1,1
南阳三完八年级上册数学历年卷,17,1
南阳九中七年级月考,1,1
南阳二中,2,1
南阳二十一学校,3,1
南阳五中,2,1
南阳八年级,1,1
南阳八年级三中,14,1
南阳八年级期中,6,1
南阳六校联考高二下第二次月考,1,1
南阳卧龙区七年级月考,10,1
南阳卧龙区九中七年级月考,4,1
南阳宛城区,5,1
南阳市2025年高二上学期月考试数学,8,1
南阳市2026高一年级下学期期末考试,5,1
南阳市三中分班考试,1,1
南阳市三中小升初,1,1
南阳市五中,1,1
南阳市八年级2026数学期末卷,4,1
南阳市八年级2026物理期末卷,1,1
南阳市宛城区,5,1
南阳市建设路三中,1,1
南阳市建设路三中小升初,2,1
南阳市春季高一下期中质量评估生物,2,1
南阳市春季高一下期末质量评估数学,3,1
南阳市春季高一下期终质量评估生物,8,1
南阳市秋季高一上期中质量评估物理,1,1
南阳市秋季高一上期终质量评估物理,1,1
南阳市第三中学,1,1
南阳市第三完八上数学历年卷,13,1
南阳市第五中学校,1,1
南阳开元,3,1
南阳月考,6,1
南阳第六完全,2,1
南阳高一下六校联考,1,1
南阳高一期末,2,1
南阳高一生物,4,1
南阳高二上月考,4,1
南阳高二下期末数学,10,1
南阳高二期中数学,6,1
南陵,7,1
南陵县2025-2026学年度第二学期义务教育阶段期末考试八年级英语,3,1
南雅中学入学考,1,1
南雅中学高一分班考,1,1
南雅星沙实验中学,3,1
南雅梅溪湖,3,1
南靖一中,3,1
南高,1,1
南高一,4,1
博乐市高级中学,1,1
博乐市高级中学开学考,2,1
博乐市高级中学模拟,1,1
博伦,1,1
博山一中,6,1
博山区实验中学,2,1
博罗县七年级试卷,1,1
卢雅婷,1,1
卤素元素,1,1
卫星变轨,4,1
印度理工,1,1
危房时数学八年级上学期不等式压轴题,1,1
即墨一中,4,1
即墨五中,1,1
即墨八上物理期中试卷,2,1
即墨开学考,1,1
即墨生物,1,1
厄尔尼诺,2,1
历下一模中考英语,2,1
历下二中期中考试卷2025,19,1
历下二模中考英语,1,1
历下二模中考语文,12,1
历下区 期中,2,1
历下区 期末,5,1
历下区2025学年度七下地理 期末试题,3,1
历下区2025学年度七下数学 期末试题,5,1
历下区2026学年度七下地理 期末试题,2,1
历下区2026学年度七下地理 期末试题济南,1,1
历下区2026学年度七下生物 期末试题,1,1
历下区数学八上期中测试卷,9,1
历史 高二上 山东,3,1
历史 高二上 山东 期中,1,1
历史2025 2026学年度第二学期期末教学质量检测,4,1
历史2026高考,4,1
历史22年一模,20,1
历史24年一模虹口,3,1
历史24年一模静安,1,1
历史25年一模,4,1
历史25年二模,62,1
历史25年二模奉贤,8,1
历史25年二模虹口,2,1
历史26年二模,10,1
历史26年崇明,2,1
历史26年杨浦,12,1
历史26年长宁,8,1
历史26年长宁二模,2,1
历史27年一模,3,1
历史8下,3,1
历史一检,2,1
历史一轮复习,3,1
历史与社会,11,1
历史专项训练,1,1
历史中考真题,19,1
历史九上期中真题卷合肥市,2,1
历史九上背诵内容人教版,8,1
历史事件大全及时间表,6,1
历史人教版前12课试卷,9,1
历史八上,5,1
历史八上导学案,1,1
历史卷,2,1
历史合格考山东2026,1,1
历史四大文明,1,1
历史地图册,8,1
历史填空题,6,1
历史天一,1,1
历史天一大联考,3,1
历史宁波海曙,1,1
历史宁波海曙区,2,1
历史宁波海曙区初一上学期,3,1
历史必修,10,1
历史思维导图,9,1
历史期中,5,1
历史期末,8,1
历史河北,1,1
历史特点,1,1
历史特点大题,6,1
历史特点题,2,1
历史知识点,7,1
历史第1单元9上,1,1
历史第1单元9上合肥,3,1
历史第3单元,3,1
历史第3单元9上合肥,1,1
历史第3单元安徽合肥,1,1
历史第5单元,3,1
历史第一单元,1,1
历史第一单元试卷,3,1
历史第一次月考,3,1
历史第一课,6,1
历史第六讲复习课件,4,1
历史纲要上,1,1
历史纲要上下补充知识点,2,1
历史纲要上时间轴,4,1
历史纲要上第二单元练习题,4,1
历史试卷,5,1
历史资料,3,1
历史近代史练习,1,1
历史选必一知识点总结,1,1
历史选择性必修三知识点,4,1
历史选择题目,2,1
历史选择题选择性必修一,1,1
历史阶段特征,1,1
历史题型,9,1
历史题纲,12,1
历史题高三,2,1
历史高一期末,11,1
历史高三,3,1
历史高中答题模板,6,1
历史高考漫画题,2,1
历史高考真题全国二卷,1,1
历史高考选择题,7,1
历城一中高一月考化学,8,1
历城三中济南物理第1次月考九上,4,1
历城二中 2026 2027,2,1
历城二中 2026 2027学年英语综合测试卷,1,1
历城二中 2026 2027学年语文综合测试卷,7,1
历城二中2,2,1
历城二中2025—2026,2,1
历城二中2025—2026学年英语综合测试卷3,1,1
历城二中2025推荐生试题,6,1
历城二中2025推荐生试题化学,3,1
历城二中2025推荐生试题物理,7,1
历城二中2025至2026学年必修一 必修二 必修三 政治模拟题,2,1
历城二中数学高一上期中,3,1
历城二中数学高一期中,1,1
历城二中高一上月考,6,1
历城二中高一期中,7,1
历城区,13,1
历城区期末,10,1
历城区第二中学,2,1
历城第一中学,1,1
历城第二中学,2,1
历年安徽高考数学圆锥曲线,1,1
历年山东卷高考物理,7,1
历年成人本科考试试卷,1,1
历年日语高考真题卷,3,1
历年日语高考真题卷吗,1,1
历年职教高考真题,13,1
压,2,1
压强,6,1
压强与流速的关系,3,1
压强与流速的关系天津,3,1
压强与流速的关系天津人教版,5,1
压强和浮力,9,1
压强培优卷,1,1
压强浮力计算题,1,1
压强综合,5,1
压强重难点培优卷,1,1
压轴专题,13,1
压轴专题恩施,13,1
压轴专题湖北恩施,8,1
压轴大题物理,3,1
压轴真题,7,1
压轴精选,2,1
压轴练习,7,1
压轴练习人教A版,7,1
压轴题专练,11,1
压轴题专项训练,5,1
压轴题浙教版九年级上册,1,1
压轴题的,1,1
压轴题的解题策略,10,1
原创新课堂,1,1
原创物理,4,1
原子共面,1,1
原子核,3,1
原子结构,4,1
原子结构与性质,3,1
原子结构与性质试卷,1,1
原子结构知识点,5,1
原电池,3,1
原电池 电解池,1,1
原电池 电解池高考,3,1
原电池 电解池高考题,1,1
原电池和电解池,1,1
原电池西专题,1,1
厦外,3,1
厦外入学考,6,1
厦大附中九年级物理月考卷,10,1
厦大附中创新班选拔试题，漳州市,3,1
厦门 一中,1,1
厦门 高一,1,1
厦门 高一期末,3,1
厦门 高一期末。数学,2,1
厦门2025高二质检,7,1
厦门一中 2025 2026高三上数学期末,3,1
厦门一中初二数学,5,1
厦门一中学校九年级上册数学第一次月考,2,1
厦门一中思明分校,1,1
厦门一中集美分校灌口中学,2,1
厦门一中高一上期末,1,1
厦门一中高一上期末物理,1,1
厦门一中高三上开学,2,1
厦门七上英语期中卷,4,1
厦门七年级压轴题,2,1
厦门中考市质检,3,1
厦门九年级英语,1,1
厦门二中 高一期中考卷,3,1
厦门二中集美校区入学考,1,1
厦门二中高一考卷,3,1
厦门五缘实验,2,1
厦门六中分班,1,1
厦门六中高一入学考试,1,1
厦门初一分班考,1,1
厦门初二 下 物理,3,1
厦门初二下数学,4,1
厦门初二数学,1,1
厦门初二英语,3,1
厦门化学,14,1
厦门化学第一次月考,3,1
厦门十中,4,1
厦门华侨中学,2,1
厦门华侨中学七年级压轴题,4,1
厦门双十2024,1,1
厦门双十2025,2,1
厦门双十中学 2025 2026高三上数学期末,1,1
厦门双十中学 2025 2026高三上期末,6,1
厦门双十中学思明分校,3,1
厦门双十中学数学,8,1
厦门双十中学高一上学期期末数学试卷,1,1
厦门双十中学高三上开学,3,1
厦门双十中学高二上学期期中考数学,5,1
厦门双十中学高二数学月考卷,6,1
厦门双十八,3,1
厦门地理,41,1
厦门外国语 2025~2026 学年化学试题,1,1
厦门外国语 2025~2026 学年高三化学试题,2,1
厦门外国语学校 2025~2026 学年高三第一学期 9 月月考化学试题,7,1
厦门外国语学校九年级上册数学第一次月考,5,1
厦门外国语学校入学考,2,1
厦门外国语学校期末考英语,2,1
厦门外国语石狮分校小升初综合语言素养,1,1
厦门外国语高一分班考,1,1
厦门大学附属科技中学,1,1
厦门大学附属科技中学分班考,1,1
厦门实验中学,2,1
厦门市,5,1
厦门市2024～2025学年第二学期高一年级生物质量检测,3,1
厦门市2025-2026学年第二学期高二年级期末数学,4,1
厦门市2025-2026学年第二学期高二年级质量检测政治试卷,6,1
厦门市2025届高中毕业班第一次质量检测,2,1
厦门市2026届高中毕业班模拟测试,3,1
厦门市五年级上册数学期末试卷,2,1
厦门市五年级上册数学期末试卷（免费）,2,1
厦门市五年级上册期末试卷,3,1
厦门市双十中学高三开门考,13,1
厦门市槟郎中学九年级上英语开学考试卷,1,1
厦门市湖滨中学2025年高一分班考,1,1
厦门市第一中学高三开门考,7,1
厦门市第二中学,1,1
厦门市第二中学入学考试,4,1
厦门市第六中学新高一,1,1
厦门市第六中学新高一入学,1,1
厦门市音乐学校,9,1
厦门市高一下期末考,18,1
厦门恒一,9,1
厦门月考,1,1
厦门沧江,17,1
厦门沧江 周测,1,1
厦门海沧实验中学,7,1
厦门海沧实验中学入学考试,3,1
厦门湖滨中学新高一入学考,2,1
厦门第一中学 2025 2026高三上期末,7,1
厦门第一中学开学考,1,1
厦门第二中学入学考试,1,1
厦门第六中学,2,1
厦门第六中学新生入学水平测试,6,1
厦门第六中学高一入学考,2,1
厦门第十中学,5,1
厦门英才,2,1
厦门音乐学校,2,1
厦门高一下学期期末英语试卷,4,1
厦门高三8月质检,5,1
厦门高三质检,1,1
厦门高三质检生物,3,1
厦门高新学校,2,1
去年八上化学宁阳县期中,1,1
去年八上物理宁阳县期末,3,1
去年江苏省泰州市海陵区五校联考的中考数学一模卷,5,1
去年泰安市东平县七年级上册第一次月考试题,6,1
县中联盟8月摸底考试,1,1
县中联盟三月,14,1
县中联盟高三开学考,6,1
参数,4,1
参考答案衡水金卷先享版,2,1
及时雨,1,1
双中点倍长中线,3,1
双十,3,1
双十中学高一物理月考,11,1
双十初一,1,1
双十初一月考,4,1
双十初中初一月考数学,4,1
双十数学,4,1
双十英语,7,1
双变量,3,1
双变量存在与任意性问题,4,1
双变量问题,4,1
双台子一中,13,1
双台子区,9,1
双基,2,1
双峰一中,1,1
双曲线 专题高三一轮复习,7,1
双曲线单元测试,2,1
双曲线大题,7,1
双曲线学案,3,1
双曲线高考题,4,1
双杆,3,1
双桥区,1,1
双桥区六上,3,1
双棒,8,1
双流区2022_2023七年级上期末语文   原卷,1,1
双流区七年级上期中期末语文试卷,9,1
双流区七年级上期中语文试卷,1,1
双流区七年级上期末语文   原卷,7,1
双流区八年级上册期末试题,4,1
双流区六年级下期末数学试卷,1,1
双流区棠湖外国语学校七年级上期中语文试卷,2,1
双滦区七上,7,1
双滦区六年级下册期末试卷,7,1
双牌县年高二下学期期末统考数学试卷,1,1
双线桥,1,1
双练一测,1,1
双菱,5,1
双语,4,1
双鸭山市第一中学,2,1
双鸭山翔宇,1,1
反冲现象,1,1
反冲现象高考题,1,1
反应原理,1,1
反应原理大题,3,1
反应热 分层作业,1,1
反应热 焓变,4,1
反应热分层作业,3,1
反应热第一课时,1,1
反比例,5,1
反比例 函数 025 一轮 专题,3,1
反比例函数K的几何意义,2,1
反比例函数k的几何意义,1,1
反比例函数专题,2,1
反比例函数单元测试,1,1
反比例函数单元测试卷,6,1
反比例函数压轴题,4,1
反比例函数定义,1,1
反比例函数提升卷,5,1
反比例函数概念,4,1
反比例函数测试卷,6,1
反比例函数画图,1,1
反比例函数画图题,1,1
反比例函数画图题专项,7,1
反比例函数知识点,9,1
反比例函数苏教版,6,1
反比例函数视频,3,1
反比例对勾飘带,2,1
反比例对勾飘带高三,1,1
反身代词练习题,10,1
发酵工程 1轮 复习 2026,5,1
发酵工程大题,5,1
发酵工程选择题,6,1
取值范围,19,1
受力 分析,1,1
受力 分析 100图 高一物理,6,1
受力分析 共点力平衡,3,1
受力分析专题练习,1,1
受力分析作图,4,1
受力分析基础练习,4,1
受迫振动,3,1
变压器,3,1
变压器的基础规律,7,1
变换句式,2,1
变质量气体问题,1,1
变阻器,3,1
叙事,1,1
叙事视角,11,1
叙州区2021～2022学年下期期末学业监测七年级数学 完整参考答案（匹配你图片试卷）,5,1
口岸中学,3,1
口算,3,1
口算天天练,2,1
口算小达人,3,1
口算练习,4,1
古书有云王孙兮归来山中兮不可救留,1,1
古云中学,5,1
古代两河流域 古代印度练习题目历史,2,1
古代亚非文明,2,1
古代埃及,3,1
古代欧洲文明,2,1
古代边疆,2,1
古代边疆治理,2,1
古文100篇专项训练,4,1
古文填空,7,1
古文观止 50 篇高考文言文训练,4,1
古田一中临江分校,8,1
古田县第一中学高二下月考,1,1
古诗对比,13,1
古诗小学,7,1
古诗文一点通,4,1
古诗文吧,1,1
古诗文对比阅读,9,1
古诗文汇总,1,1
古诗文背诵语文高二,4,1
古诗文言文对比阅读,5,1
古诗文阅读,5,1
古诗文阅读练习,8,1
古诗词曲鉴赏,1,1
古诗词练习,2,1
古诗阅读,2,1
句型,1,1
句型变换,3,1
句型练习,9,1
句子成分,8,1
句子成分和句子结构,3,1
句子成分语法练习,4,1
只有社会主义才能救中国,7,1
叮咛店镇初级职业中学,4,1
可克达拉市镇江高级中学高一202512月月考物理,1,1
可幻学校,2,1
可数名词和不可数名词,8,1
可直接复制的学科网试卷链接  https://www.zxxk.com/soft/58454445.html,1,1
可调和集合,1,1
台儿庄,8,1
台儿庄八年级物理上期未试卷,1,1
台商投资区七年级下学期期末数学,7,1
台州2025学年第一学期期八年级,2,1
台州一模试卷,1,1
台州七年级上分班考,1,1
台州二模,6,1
台州市,3,1
台州市2024学年第二学期高一下语文,2,1
台州市2025学年第一学期高二英语,1,1
台州市2025学年第二学期高一年级期末质量评估试题英语,5,1
台州市2025学年第二学期高二年级期末质量评估试题地,4,1
台州市2025学年第二学期高二期末质量评估物理试卷答案解析,4,1
台州市2026高三英语,3,1
台州市期末考试,3,1
台州市科学,8,1
台州市英语,26,1
台州市英语自主招生,3,1
台州市高二期末,1,1
台州市高二期末化学,1,1
台州期末,1,1
台州期末高三浙江,1,1
台州高二期末,3,1
台州高二期末化学,1,1
台江,3,1
台江数学,1,1
台江数学七年级,3,1
台湾中考历史,2,1
台湾中考社会,3,1
台湾九年级下学期期中,1,1
台湾高一上学期阶段检测,2,1
台湾高考,4,1
叶城县八年级期末考试试卷,1,1
司马浦中学,2,1
各物质浓度,1,1
各类小作文英语,3,1
合川区2026八年级,5,1
合川区2026初三数学,3,1
合川区2026年初中结业水平考试,6,1
合并同类项,6,1
合并同类项 100道计算题,8,1
合格 考2025年 合格考真题山东,1,1
合格 考2026年 普通高中学业水平,12,1
合格性考试化学,3,1
合格性考试高三，数学,2,1
合格考 20 25年山东,40,1
合格考四川,3,1
合格考四川dili,1,1
合格考四川地理讲义,2,1
合格考山东,25,1
合格考徐州,2,1
合格考数学,15,1
合格考江苏,25,1
合格考生物试卷高一,1,1
合格考真题分类汇编信息,2,1
合格考真题山东,3,1
合格考词汇,2,1
合格考资料,19,1
合江中学,1,1
合江县,2,1
合江县七年级上册,1,1
合江县七年级上册。2024,3,1
合肥 1中高三期末考,1,1
合肥 一中高三期末考,2,1
合肥 一中高二期末考,3,1
合肥 一模 2026,2,1
合肥 第一中学,1,1
合肥 高一入学考,3,1
合肥168中学入学分班考试,1,1
合肥168中学开学考,1,1
合肥168中学期末,3,1
合肥168中学自主招生数学,1,1
合肥168中学高一上数学,3,1
合肥168中学高二上学期期中考数学试卷,1,1
合肥168九上数学月考卷子,5,1
合肥168开学考,1,1
合肥168数学,3,1
合肥168月考,7,1
合肥2卷数学沪科版九年级上第一章暑假卷,3,1
合肥2校数学沪科版九年级上暑假卷,5,1
合肥2校数学沪科版九年级上第一章暑假卷,3,1
合肥8年级几何压轴,4,1
合肥8年级数学几何压轴,10,1
合肥8年级数学易错题,3,1
合肥一中 2025 2026 学年度第一学期期末,1,1
合肥一中 2025 2026 学年度高一第二学期期末英语,4,1
合肥一中 2025-2026政治,5,1
合肥一中 2026高一第二学期期末英语,2,1
合肥一中2024级高二上学期期中教学质量测评,3,1
合肥一中2025 2026 学年度第二学期期末,2,1
合肥一中2026 2027学年高一英语必修二必修三综合测试卷,1,1
合肥一中一模,1,1
合肥一中最后一卷,1,1
合肥一中最后一卷英语,1,1
合肥一中高一上学期数学期中考试,2,1
合肥一中高一上学期期中数学,1,1
合肥一中高一下数学,3,1
合肥一中高一下数学期末考试,5,1
合肥一中高一月考,1,1
合肥一中高一期末数学,1,1
合肥一中高一期末英语,14,1
合肥一中高一期末英语考试,4,1
合肥一中高一英语,2,1
合肥一中高三开学考,1,1
合肥一中高三最后一卷,14,1
合肥一中高二下学期末数学,3,1
合肥一中高二下期末考试,5,1
合肥一中高二期末数学,1,1
合肥一中高二物理期末,1,1
合肥一中高二第二次月考,7,1
合肥一中高第一学期月考,1,1
合肥一中高考,1,1
合肥一六八中学本部 新高一入学分班考试,4,1
合肥一六八中学高二周考,3,1
合肥一六八中学高二期末数学,3,1
合肥七中第一次月考试卷,1,1
合肥三年级数学期末试卷,1,1
合肥九年级上数学期末考试卷,7,1
合肥二中,2,1
合肥二模,1,1
合肥五十中西,9,1
合肥八中匡河,2,1
合肥八中本部,1,1
合肥八中高一2025届期中,1,1
合肥八中高一上2025届期中,4,1
合肥八中高一上学期期中卷,1,1
合肥八中高一上学期期中数学卷,6,1
合肥八中高二,3,1
合肥八中高二年级,3,1
合肥八中高二年级2025-2026,2,1
合肥六中2026届高三最后一卷语文答题卡电子版,4,1
合肥六中期末,1,1
合肥六校联考,7,1
合肥四十五中八下期末,1,1
合肥四十五中八年级下册数学期末,8,1
合肥天鹅湖,12,1
合肥学业水平测试试卷26,1,1
合肥市2025‑2026学年高一下学期期末教学质量检测历史,1,1
合肥市45中,6,1
合肥市一模,7,1
合肥市三十八,9,1
合肥市三年级数学期末试卷,1,1
合肥市九上物理期中真题,1,1
合肥市九上英语其中真题,6,1
合肥市九上英语期中真题,4,1
合肥市九上语文期中真题,3,1
合肥市六校联考,4,1
合肥市包河区,26,1
合肥市瑶海区行知中学2025年到2026年期末试卷,1,1
合肥市第45中学,7,1
合肥市第45中学七上数学第一章,2,1
合肥市第三次质量检查,1,1
合肥市蜀山区,10,1
合肥市郎溪路小学,1,1
合肥市高三2026年第三次质量检查,10,1
合肥市高三开学调研考试试卷,12,1
合肥暑假收心卷九上数学沪科版,2,1
合肥月考,3,1
合肥期中,3,1
合肥沪科版八年级上册期末考试卷,4,1
合肥物理一中,6,1
合肥第一一中 2026高一第二学期期末英语,4,1
合肥第一中学高一英语期末考试,2,1
合肥统测,1,1
合肥英语初中,6,1
合肥蜀山区,5,1
合肥蜀山区五年级,1,1
合肥蜀山区五年级下数学,9,1
合肥高一上合肥六中,5,1
合肥高一物理,4,1
合肥高三,1,1
合肥高三数学,6,1
合肥高三英语,3,1
合金材料,3,1
吉安,3,1
吉安市高三开学考,3,1
吉州卷,1,1
吉林2026中考语文试卷,9,1
吉林9月联考,1,1
吉林best9月联考,5,1
吉林best合作体,15,1
吉林一中分班考试,1,1
吉林一中月考,1,1
吉林一中高一第一次月考,3,1
吉林一中高三第一次月考,3,1
吉林一中高三第一次月考生物,1,1
吉林一调,1,1
吉林专用初二数学,2,1
吉林专用初二数学下学期,1,1
吉林东北师大附中高一下,1,1
吉林东北师大附中高一下期中,1,1
吉林东北师范大学附属,2,1
吉林中考地理2022,1,1
吉林中考地理2022年,1,1
吉林中考语文记叙文阅读,4,1
吉林五中,1,1
吉林八年级上学期期中,13,1
吉林初中七年级根号题,5,1
吉林友好学校,4,1
吉林友好学校英语听力,9,1
吉林四平市第一高级中学,1,1
吉林四平市第一高级中学高 一 生物,2,1
吉林四平市高 一 生物,1,1
吉林地区普通中学20252026第二次调研测试,1,1
吉林实验中学,9,1
吉林市 新初一分班考试,2,1
吉林市实验中学高三总复习试卷,5,1
吉林市普通中学2024—2025学年度高中毕业年级第一次模拟测试（高三一模）语文答案,2,1
吉林市毓文中学,1,1
吉林市第一中学2025~2026年度高10月考试题,7,1
吉林市第一中学英语月考,4,1
吉林市第七中学,10,1
吉林市第九中学,7,1
吉林市第九中学七下数学,2,1
吉林市第九中学七下数学物理考试卷,1,1
吉林市第九中学八上物理考试卷,1,1
吉林市近三年中考语文真题,1,1
吉林市高一,35,1
吉林师大附中,2,1
吉林师范大学,2,1
吉林教育出版社 名师指津高中英语一轮复习默写答案,9,1
吉林松原油田十二中第一次月考,12,1
吉林松原第十二中学初三期期中语文,10,1
吉林油田高级中学2026第二学期期末考试高二生物试卷,1,1
吉林物理高考,1,1
吉林田家炳中学,10,1
吉林省,5,1
吉林省2024年初中学业水平考试,3,1
吉林省Best合作体,3,1
吉林省Best合作体高三,4,1
吉林省Best合作体高三一摸,1,1
吉林省Best合作体高三一模,2,1
吉林省Best合作体高三第一次考试,9,1
吉林省best合作体高一上学期期末数学,8,1
吉林省best合作体高一上学期期末物理,1,1
吉林省best联合体,7,1
吉林省best高二上期末,8,1
吉林省bst联合体,2,1
吉林省一轮复习,1,1
吉林省东北师范大学附属学校 2025~2026学年高1第一学期数学月考测试题,2,1
吉林省九师联盟,11,1
吉林省九师联盟5月评估试题,3,1
吉林省九年级上化学月考,3,1
吉林省九年级上第一次化学月考,1,1
吉林省亚桥,3,1
吉林省亚桥中学,1,1
吉林省八年级物理期中考试卷,1,1
吉林省初中一轮复习,2,1
吉林省初中数学一轮,7,1
吉林省吉林一中,1,1
吉林省吉林市小升初,3,1
吉林省四平,2,1
吉林省延边第一次月考,3,1
吉林省普通高中友好学校联合体高一地理上,4,1
吉林省普通高中友好学校联合体高一地理月考上,2,1
吉林省普通高中友好学校联合体高一地理期中上,5,1
吉林省普通高中友好学校联合体高一地理期中下,6,1
吉林省普通高中友好学校联合体高一数学上,14,1
吉林省普通高中学业水平合格性考试,5,1
吉林省松原市宁江区,2,1
吉林省松原市宁江区吉林油田,1,1
吉林省松原市宁江区吉林油田第二中学,4,1
吉林省白城市大安市 人教版 同步解析与测评 七年级下册语文期末测试卷,8,1
吉林省白山市高三上学期2025~2026学年数学9月份开学考试,2,1
吉林省白山市高三上学期2025~2026学年数学9月份开学考试联考,3,1
吉林省白山市高三上学期2025~2026学年数学9月份考试,2,1
吉林省白山市高三上学期2025~2026学年数学第一次月考考试,14,1
吉林省第一次月考,2,1
吉林省第二实验学校七年级第一阶段语文学习达标检测,6,1
吉林省第二实验高新学校,2,1
吉林省英语高考题2026,1,1
吉林省通化市梅河口第五,7,1
吉林省长春市,36,1
吉林省长春市2026届高三质量检测一,3,1
吉林省长春市2026高三质量检测一,1,1
吉林省长春市东北师范大学附属中学2025 2026学年下学期高三年级5月模拟考试语文试题 2026届高三5月模考语文,11,1
吉林省长春市东北师范大学附属中学2025-2026学年下学期高三年级5月模拟考试语文试题（2026届高三5月模考语文）,2,1
吉林省长春市六年级上册英语月考卷,1,1
吉林省长春市六年级上册英语期中卷,4,1
吉林省长春市农安县六年级上册英语期中,2,1
吉林省长春市农安县六年级上册英语期中卷,6,1
吉林省长春市外国语学校2025~2026学年高一上学期10月月考语文,1,1
吉林省长春市榆树市普通高中学业水平合格性考试地理2026,4,1
吉林省长春市高一复数,2,1
吉林省高一上学期数学期末试卷,7,1
吉林省高一上学期数学期末试卷毓文中学,4,1
吉林省高一期末试卷,2,1
吉林省高三月考,3,1
吉林省高三模考,1,1
吉林省高考生物卷,1,1
吉林语文一模,1,1
吉林语文高考一模,3,1
吉林语文高考三模,5,1
吉林语文高考二模,9,1
吉林长春十一中高一学年下学期期末考试,4,1
吉林长春第一次月考八上,3,1
吉林长春高三二模,4,1
吉林高三上学期阶段检测,7,1
吉林高三上学期高考模考,5,1
吉林高新区恒山路学校,2,1
吉林高考真题,4,1
吉水外国语,8,1
吉首市 七年级 数学 竞赛 2023 、 湘西州 七年级 数学 学科竞赛 、 溶江中学 新初一 分班 数学,5,1
同分异构体,3,1
同升湖第一次月考卷子,4,1
同安,11,1
同安一中,3,1
同安实验中学,10,1
同构函数,6,1
同步100分背默单,10,1
同步冲刺,1,1
同步检测,3,1
同步测评,1,1
同步练习,1,1
同步练习册语文必修一,1,1
同步练习：北师大版数学基础模块上册一课一练,3,1
同步训练九年级,4,1
同步训练九年级数学,6,1
同步课,1,1
同步课件,1,1
同步课堂,2,1
同步默写小纸条七年级上册生物,3,1
同步默写小纸条七年级生物,1,1
同济中学,6,1
同济杯,1,1
同煤一中,7,1
名句默写,13,1
名句默写➕文言文阅读,1,1
名师 测控,2,1
名师伴你行,5,1
名师原创,5,1
名师大考卷,4,1
名师学案,2,1
名师学案七年级上册英语,1,1
名师学案七年级上册英语试卷,5,1
名师导航,2,1
名师测控 2026年化学九年级上卷子 答案,13,1
名师测控 九年级上册化学 人教版 综合评价,5,1
名师测控 贵州,3,1
名师测控七年级上册,1,1
名师测控七年级上册数学,1,1
名师测控七年级上册英语,2,1
名师测控人教版八名师测控人教版八上英语甘肃版。,2,1
名师测控英语,8,1
名师测控英语九年级,3,1
名师测控英语九年级贵州专版,1,1
名师测控，贵州,1,1
名师视频,4,1
名校二年级下册数学期末卷,10,1
名校协作,21,1
名校协作体开学考26届,3,1
名校协作体开学考数学浙江,1,1
名校协作题返校考,5,1
名校在招手上海市金山区2024高三英语第一学期期末质量抽查卷答案,2,1
名校大联盟,22,1
名校学案,1,1
名校科学卷子,4,1
名校联盟摸底,2,1
名校联盟期中高三,7,1
名校联盟物理,1,1
名校联盟物理高二上学期,1,1
名校联盟物理高二上学期辽宁省大连市,1,1
名校联盟联考,1,1
名校自主招生,6,1
名校课堂,1,1
名校课堂七下英语,2,1
名校课堂七下英语背记手册,4,1
名校课堂九年级上册安徽,18,1
名校课堂化学鲁教版,1,1
名校课堂化学鲁教版9年级上册,3,1
名校调研,1,1
名次变复数,2,1
名次性从句100练习,3,1
名篇佳句默写,3,1
名篇佳句默写选择性必修三,1,1
名篇佳句默写选择性必修下,2,1
名篇古诗挖空以及实词,2,1
名篇古诗词挖空以及实词,2,1
名篇古诗词默写挖空以及实词,1,1
名著 100题中考,10,1
名著 红岩 章节知识点,3,1
名著解读一点通,6,1
名词 代词 形容词 介词等题型,1,1
名词变复数,2,1
名词性从句上海,2,1
名词百题斩,1,1
吐鲁番市2026-2027年八年级期末考试卷,1,1
吐鲁番市2026年八年级期末考试卷,3,1
吐鲁番市2027年八年级期末考试卷,3,1
吐鲁番市实验中学,2,1
向心力,3,1
向心力演示仪,4,1
向量 023 专题 一轮复习,3,1
向量三角形,1,1
向量数量积,2,1
君主立宪制,1,1
含参,4,1
含参不等式问题,5,1
含参导数,2,1
含参导数题目,2,1
含听力,1,1
含有听力满分150九年级上册12单元仁爱版英语试卷作文题目为加油站,5,1
含有听力满分150九年级上册第2单元仁爱版英语试卷作文题目为加油站,3,1
含有河北省的八省联考卷,8,1
含电容器的电磁的分析与计算,2,1
含电容器的电路的分析与计算,2,1
含电流表和电压表的串并联电路和两表测量范围分析,10,1
听力 100篇高一人教版,1,1
听力 训练英语,3,1
听力 训练英语高中,2,1
听力/单项选择,2,1
听力/词汇,8,1
听力八下,3,1
听力原创试练,1,1
听力基础卷01 校园生活（全国通用）,8,1
听力录音,1,1
听力材料,3,1
听力考点综合训练,1,1
听力聊城,1,1
听力训练,4,1
听力音频,3,1
听力音频 材料,1,1
听力高中,2,1
听填,5,1
听方,1,1
听说练习,5,1
听说问答题翻译,3,1
听课记录,4,1
启东七年级上学前月考,1,1
启东七年级月考,5,1
启东七年级蝶湖中学,1,1
启东七年级蝶湖中学数学月考,2,1
启东中学,5,1
启东名校高三第二学期期初调研测试。,1,1
启东市汇龙中学高一上第一次月考,2,1
启东市第一中学高一上第一次月考,2,1
启东第一次月考,2,1
启东蝶湖中学月考,1,1
启文引路化学九上,7,1
启秀中学九年级开学试卷,1,1
启秀中学分班考试,4,1
吴Ⅲ英语六下,1,1
吴兴区八年级,1,1
吴兴实验,3,1
吴县,1,1
吴县中学,6,1
吴县中学10月,2,1
吴堡中学,2,1
吴堡县第二中学,3,1
吴川市实验学校8年级上册数学期末卷,10,1
吴川市广大,1,1
吴川市金沙,1,1
吴忠中学高一,4,1
吴江区生物期末考试,5,1
吴江震泽中学,3,1
吴江高级中学,10,1
吴老师工作室,2,1
吴老师工作室举一反三,6,1
呃 江苏省华罗庚中学2025至2026学年高一上学期10月月考数学试卷,1,1
呃 江苏省苏州市2024至2025学年高一上学期阳光测评四市联考,4,1
呃 江苏省苏州市2025至2026学年高一上学期阳光测评40联考,1,1
呃 江苏省苏州市2025至2026学年高一上学期阳光测评四市联考,3,1
呈贡区,12,1
呈贡区2025 2026学年上学期期末考试试卷卷,3,1
呈贡区2025 2026学年下学期期末考试试卷卷,2,1
周南中学2024-2025学年高一上学期入学考试英语,4,1
周南中学2024-2025学年高一上学期月考考试英语,1,1
周南高一入学考试试卷,2,1
周口市太康县王朝霞 各地期末试卷精选 河南专版 英语 五年级下册 PEP,1,1
周口市郸城县第一高级中学,1,1
周口市郸城县第一高级中学高三,8,1
周口市郸城县第一高级中学高三上学期,4,1
周口市郸城县第一高级中学高三上学期英语,2,1
周口市郸城县第一高级中学高三上学英语期,1,1
周口新星,2,1
周周练。,1,1
周周练化学,1,1
周宁县2020到2021学年下学期八年级期中质量检测,9,1
周期函数和对称性专题,6,1
周末练,2,1
周村五年级下册,5,1
周村区九年级上册期中物理,2,1
周村区九年级上册期中语文,8,1
周考,9,1
周至县二中数学高一月考卷,3,1
周长和面积三年级下册,1,1
呼伦贝尔中考物理模拟,1,1
呼伦贝尔阿荣旗2026 2027六年级下册数学期末试卷,3,1
呼伦贝尔阿荣旗2026 2027六年级下册语文期末试卷,2,1
呼吸,4,1
呼和浩特2025-2026七年级下数学期末试卷,1,1
呼和浩特2中,1,1
呼和浩特八上数学月考,3,1
呼和浩特实验中学,8,1
呼和浩特市二中高一月考卷,5,1
呼和浩特市二中高音乐跑去玩高一月考卷,1,1
呼和浩特市八上数学第1次月考,4,1
呼和浩特市新城区七年级上,7,1
呼和浩特市新城区七年级上英语,3,1
呼和浩特市新城区七年级上语文,2,1
呼和浩特市月考试卷,7,1
呼和浩特市期中试卷,10,1
呼和浩特市期末试卷,1,1
呼和浩特市第三十九中学,2,1
呼和浩特市第二中学,2,1
呼和浩特市高三上学期开学考,1,1
呼和浩特市高三年级开学考,1,1
呼和浩特市高三年级起点考,1,1
呼和浩特市高三第一次质量监测,3,1
呼和浩特新城区七年级上英语,4,1
呼和浩特新城区七年级上语文,2,1
呼市二中数学高一期末,10,1
呼市新城区七年级上英语,1,1
呼市第十九,1,1
呼市第十九中学,3,1
命题,1,1
命题人：杨慧芳 审题人：张奇男,1,1
和好多好多话跟打野金额么来打几把饿好哒好哒VR还等哈发哈哈牛肉块大本额角度都不和等哈给任何疙瘩花呗,2,1
和差倍问题,10,1
和平 四年级,5,1
和平 四年级上学期,10,1
和平区,7,1
和平区2025年秋九年级道德与法治第二次月考试卷,15,1
和平区期末,3,1
和平区期末2025-2026七年英语,1,1
和平区期末2025-2026七年英语上,3,1
和平区高二上学期期末化学,2,1
和平区高二上期中,4,1
和平南昌,4,1
和平益中开学考,4,1
和平高一数学,1,1
和林一中,1,1
和林一中2025年新高入学检测卷,1,1
和林民中,5,1
和田地区,6,1
和田地区二中免费,4,1
和田地区二中数学函数,2,1
和田地区第二中学,2,1
咏雪,2,1
咸丰县第一中学假期作业,2,1
咸宁市温泉中学九年级上册第1次月考试卷,2,1
咸宁市温泉中学九年级上册第1次月考试卷数学,12,1
咸安区咸宁实验外国语学校2024到2025数学九上,1,1
咸阳八上数学第一次月考,4,1
咸阳启迪中学开学考,2,1
咸阳市实验中学,2,1
咸阳市实验中学九年级模考,23,1
咸阳秦都区期末答案,4,1
咸阳陕科大附中,5,1
哈 3 中,1,1
哈 三 中 生物期末,1,1
哈113中学2026届毕业学年,16,1
哈一一三中学2026届毕业学年,7,1
哈三,2,1
哈三中 2024‑2025 高一下期末生物,3,1
哈三中10月月考,4,1
哈三中2025 2026年度下学期高一期末考试,7,1
哈三中2025 2026高二下期生物,1,1
哈三中2025 2026高二下期英语,4,1
哈三中2025-2026学年度上学期高三学年第一次验收考试化学试卷,6,1
哈三中2025-2026高一学年六月月考,3,1
哈三中2025-2026高二下期末考数学试题,3,1
哈三中2025~2026学年度下学期高一去年期末考试化学试卷,12,1
哈三中2025~2026学年度下学期高一学年期末考试生物试卷,4,1
哈三中2025~2026学年度下学期高一学年期末考试语文试题,4,1
哈三中2025~2026学年度下学期高一英语期末,1,1
哈三中2025年期中,1,1
哈三中2025年期中化学,1,1
哈三中2025年期中化学上,1,1
哈三中2025至2026学年度高二学期学中考试英语,1,1
哈三中2025至2026学年度高二学期学末考试英语,1,1
哈三中2026年高三学年第二次模拟考试,1,1
哈三中2026年高三学年第二次模拟考试英语,1,1
哈三中2026年高三学年第四次模拟考试,4,1
哈三中2026年高三第一次模拟考试,3,1
哈三中8月月考,3,1
哈三中9月月考,2,1
哈三中六月月考,1,1
哈三中四模,4,1
哈三中开学考,3,1
哈三中数学期末,1,1
哈三中数学期末测试,3,1
哈三中期末高一,15,1
哈三中物理高三8月月考,7,1
哈三中第四次模拟,11,1
哈三中英语,2,1
哈三中语文2025,3,1
哈三中语文2025期末,3,1
哈三中语文高一,5,1
哈三中高一上数学,1,1
哈三中高一下学期物理卷子,3,1
哈三中高一下数学期末考试2026年,1,1
哈三中高一下生物期末考试2026年,1,1
哈三中高一期末,2,1
哈三中高一物理10月,1,1
哈三中高二上学期期中物理,1,1
哈三中高二上月考,1,1
哈三中高二上月考10月,4,1
哈三中高二上月考数学期中,10,1
哈三中高二上月考生物十月份月考,7,1
哈三中高二上期末化学,1,1
哈三中高二上物理期中考试,1,1
哈三中高二上物理期末考试,1,1
哈三种,1,1
哈九中2024级高二上学期9月月考英语,2,1
哈九中2025 2026学年度下学期高三学年期第四次模拟考试语文试卷,2,1
哈九中2025 2026学年度高三下学期第四次模拟考试语文试卷,4,1
哈九中2025 2026高二下期英语,1,1
哈九中2025-2026学年度高一下学期	 6月份考试语文学科试卷,1,1
哈九中2025-2026学年度高一下学期 6月份考试语文学科试卷,1,1
哈九中2025-2026学年度高一下学期6月份考试语文学科试卷,2,1
哈九中2025~2026学年度高一下学期6月份考试,14,1
哈九中英语,1,1
哈九中高一下学期6月份考试,4,1
哈九中高二下期末生物,1,1
哈六中2025 2026高二下期英语,1,1
哈哈哈哈学校,2,1
哈尔九中202,1,1
哈尔滨 47 中数学九年级,5,1
哈尔滨122中,2,1
哈尔滨13中,1,1
哈尔滨13中高中,1,1
哈尔滨13开学考,1,1
哈尔滨14中,6,1
哈尔滨18中,2,1
哈尔滨18中高中,1,1
哈尔滨2024七下南岗区期末考试数学,4,1
哈尔滨2025中考数学,3,1
哈尔滨2026中考卷数学,3,1
哈尔滨2026中考语文,1,1
哈尔滨49中七年级上,1,1
哈尔滨49中六年级下册,1,1
哈尔滨5/4制数学8年级套卷,16,1
哈尔滨一中2026阶段性测试,1,1
哈尔滨三中一模数学,3,1
哈尔滨三中高一数学,2,1
哈尔滨中考数学,1,1
哈尔滨中考数学2026,1,1
哈尔滨中考真题,3,1
哈尔滨中考英语,3,1
哈尔滨九中2024-2025英语开学测,1,1
哈尔滨九中月考,3,1
哈尔滨九月,2,1
哈尔滨八上物理期中,1,1
哈尔滨八上物理第一次月考,1,1
哈尔滨六校联考（兆麟、阿城一中等）高一下期末化学,1,1
哈尔滨初三英语时态练习,1,1
哈尔滨化学九上月考,5,1
哈尔滨十三中开学考,1,1
哈尔滨十四中,2,1
哈尔滨小升初开学测,9,1
哈尔滨工业大学,1,1
哈尔滨工业大学附属中学七年级上册数学,22,1
哈尔滨工大附中,5,1
哈尔滨工大附中语法,5,1
哈尔滨市2025年中考模拟,1,1
哈尔滨市2026年中考数学,3,1
哈尔滨市中考英语试卷,1,1
哈尔滨市九年级上 数学卷,1,1
哈尔滨市九年级下9月份 月考数学卷,2,1
哈尔滨市师附中学高一历史月考9月,1,1
哈尔滨市开学测高中,1,1
哈尔滨市旭东中学2024-2025七年级上册期中英语,7,1
哈尔滨市旭东中学2024-2025期中英语,2,1
哈尔滨市旭东中学七年级上册英语期中考试试题2024-2025,1,1
哈尔滨市第一中学,1,1
哈尔滨市第七十三中学答案,3,1
哈尔滨市第三中学2025-2026高二下学期英语,4,1
哈尔滨市第三中学历史10月月考,1,1
哈尔滨市第三中学高一上历史,1,1
哈尔滨市第三中学高一下期末数学,2,1
哈尔滨市第三中学高一下期末物理,5,1
哈尔滨市第三中学高一历史10月月考,4,1
哈尔滨市第三中学高一历史月考10月,1,1
哈尔滨市第三中学高一历史月考9月,4,1
哈尔滨市第三中学高一历史期中,1,1
哈尔滨市第三中学高一政治月考9月,3,1
哈尔滨市第三中学高三英语,1,1
哈尔滨市第三中学高二上,1,1
哈尔滨市第九中学,7,1
哈尔滨市第九中学2025至2026年度高一上学期第一次月考生物学科试卷,1,1
哈尔滨市第九中学开学考,4,1
哈尔滨市第九中学高一历史月考9月,2,1
哈尔滨市第九中学高二上化学,2,1
哈尔滨市第九中学（哈九中）2025-2026学年度高三下学期第四次模拟考试语文试卷（2026届高三四模语文）,2,1
哈尔滨市第六中学2024级高二下学期英语,1,1
哈尔滨市第六中学高二下学期期末考试语文试卷,2,1
哈尔滨市第六十九中学2025~2026新年度上学期八年级化学学科实验学科活动,1,1
哈尔滨市高一上学期开学测试,1,1
哈尔滨市高一上学期开学测试语文,3,1
哈尔滨市高一上期末考试数学,4,1
哈尔滨市高一下学期期末数学,5,1
哈尔滨市高一下学期期末生物,1,1
哈尔滨市高二 上学期开学考生物,1,1
哈尔滨市高二 上学期期初生物,4,1
哈尔滨师大,1,1
哈尔滨师大附中2025 2026高一下期末物理,4,1
哈尔滨师开学考,1,1
哈尔滨师范大学附属中学10月月考,1,1
哈尔滨师范大学附属中学2025-2026学年度第二学期期末语文试卷,6,1
哈尔滨师范大学附属中学2025~2026学年度下学期高二期末考试。,2,1
哈尔滨师范大学附属中学2025到2020学年度下学期高二期末考试数学试题,1,1
哈尔滨建筑科技职业大学,1,1
哈尔滨开学测,1,1
哈尔滨开学考,3,1
哈尔滨德强2025‑2026高一9月验收考试,1,1
哈尔滨德强学校九年级质量检测,8,1
哈尔滨德强开学考,1,1
哈尔滨德强开学考高额上,2,1
哈尔滨德强高级中学2024 2025学年下学期期末测试卷一卷高一年级化学试题,6,1
哈尔滨数学,1,1
哈尔滨数学九年级月考,5,1
哈尔滨数学十七中,10,1
哈尔滨物理月考,16,1
哈尔滨物理月考萧红,4,1
哈尔滨第九中学七月数学,3,1
哈尔滨第九中学生物,3,1
哈尔滨第九中学高一,5,1
哈尔滨第九中学高三,1,1
哈尔滨第九中学高三8月份,3,1
哈尔滨第九中学高三上学期,1,1
哈尔滨第二十四,1,1
哈尔滨第二十四中学,5,1
哈尔滨英语中考,1,1
哈尔滨语文,4,1
哈尔滨道里,5,1
哈尔滨道里期中,3,1
哈尔滨阿城区,4,1
哈尔滨风华,1,1
哈尔滨风华小升初,1,1
哈尔滨风华小升初六年级开学测,5,1
哈尔滨风华小升初开学测,3,1
哈尔滨高一上,1,1
哈尔滨高一下学期化学期末试卷,6,1
哈山中二零二五至二零二六去年度下学期物理试体,11,1
哈山中二零二五至二零二六学年度高一下学期期末化学试卷,5,1
哈工大附中2025~2026年度上初三12月阶段性测试物理试卷,3,1
哈工大附中八年级化学导学案,1,1
哈工附数学,1,1
哈师大附中2023级十月月考数学卷,3,1
哈师大附中2025 2026学年度下学期高一英语期末,1,1
哈师大附中2025 2026高一下期末,1,1
哈师大附中2025 2026高一下期末物理,1,1
哈师大附中2025~2026学年度下学期高一英语期末,1,1
哈师大附中2025~2026学年度下学期高二期末考试英语试卷,5,1
哈师大附中2026化学期末,2,1
哈师大附中2026高一期末化学,1,1
哈师大附中2526高一下期末物理,11,1
哈师大附中化学期末,1,1
哈师大附中化学试卷,7,1
哈师大附中化学试卷期末考试,1,1
哈师大附中化学试卷期末考试24,2,1
哈师大附中期末考试哈三中哈师大附中英语试题,1,1
哈师大附中期末考试哈师大附中英语试题,1,1
哈师大附中期末考试英语试题,7,1
哈师大附中的化学,1,1
哈师大附中语文,1,1
哈师大附中高一下2025-2026化学期末卷,1,1
哈师大附中高二下学期7月语文试卷,4,1
哈师大青冈实验中学地理周测,3,1
哈师大青冈实验中学高二上学期期中,2,1
响水县清源高级中学高一上学期开学考试,3,1
响水县珠江路实验学校,6,1
哔哩哔哩,4,1
哔哩哔哩官网,4,1
哩学,1,1
哲学,5,1
哲学与文化,1,1
哲学与文化选择题,3,1
哲理中学七年级分班考,8,1
唐二26年高二下学期期末数学试卷,3,1
唐冶中学,1,1
唐冶中学分班考,2,1
唐县第一中学,9,1
唐县第一中学开学考试,6,1
唐县第一中学高一上开学考试,1,1
唐山 0 2026第一次模拟试卷,3,1
唐山 数学高考第一次模拟试卷,2,1
唐山2025年摸底考试,1,1
唐山22-23十县联考高二物理期中卷,1,1
唐山一中,2,1
唐山一中高一上期中,2,1
唐山一中高一二上期中,4,1
唐山一模,1,1
唐山东方教育集团高一年级3,1,1
唐山东方教育集团高一年级3月联考英语试卷,3,1
唐山中考,6,1
唐山二中,9,1
唐山二中高二期中物理24-25上学期,7,1
唐山五十四中,1,1
唐山五十四中七下生物,8,1
唐山初一英语,2,1
唐山化学,1,1
唐山名校联合体高二上,2,1
唐山市2024-2025,5,1
唐山市2024-2025高三上开学摸底,4,1
唐山市2024‑2025学年高三上学期开学摸底演练,7,1
唐山市2025-2026学年度高三年级摸底演练,3,1
唐山市2026高三摸底考试,4,1
唐山市2026高三摸底考试语文,1,1
唐山市一模,1,1
唐山市一模数学高三,1,1
唐山市丰南区,8,1
唐山市丰南区第二中学,2,1
唐山市模底考试,2,1
唐山市玉田九上化学期中试卷,1,1
唐山市玉田九上数学期中试卷,7,1
唐山市玉田数学期末试卷,10,1
唐山市路北区,1,1
唐山市路北区七年级下册数学期末试卷,1,1
唐山市路北区七年级下册生物期末试卷,4,1
唐山市路北区八年级期末道德,1,1
唐山市迁西县第二中学模拟预测物理试卷,1,1
唐山市高一下数学期末试卷,1,1
唐山市高三九月份摸底考试,3,1
唐山市高三九月摸底,1,1
唐山市高三模底考试,2,1
唐山市高二上数学期末试卷,6,1
唐山市高二上期末,1,1
唐山市高新区六年级上册语文期中,1,1
唐山摸底,5,1
唐山物理高一下期末考试,1,1
唐山物理高二上期中考试,4,1
唐山联考,8,1
唐山联考27,1,1
唐山英语七上期中,1,1
唐山路北区七年级上册数学期中测试卷,6,1
唐山路北区初一下学期地理,9,1
唐山路北区初一下学期生物,5,1
唐山路北区初一下学期英语,3,1
唐山路北区初一下学期语文,7,1
唐山高一下期末统考卷,1,1
唐山高一期末,7,1
唐山高一期末生物,3,1
唐山高三上开学考,1,1
唐山高三下,1,1
唐山高三开学摸底日语,6,1
唐山高三摸底演练,5,1
唐山高三摸底考试,4,1
唐山高中化学,3,1
唐山高中摸底考试,1,1
唐山高二上期中,5,1
唐山高考,2,1
唐徕中学，语文八年级下册，期末考试,2,1
唐河一高,4,1
唐河县，三初中,1,1
唐诗300首,4,1
唐诗300首配套习题及答案,5,1
唐诗三百首,1,1
唐诗三百首 2025名著中考知识点,1,1
唐诗三百首 2026名著中考知识点,1,1
唐诗三百首 中考知识点记化,1,1
唐诗三百首 中考知识点记忆,3,1
唐诗三百首中考知识点记忆,1,1
商丘兴华,3,1
商丘博雅学校,11,1
商丘市永城市9年级实验中学2024至2025期中物理,2,1
商丘市永城市二零二四至二零二5学年9年级上学期11月期中,11,1
商丘市永城市实验中学2024至2025期中物理,3,1
商丘市高级中学高三开学考试卷卷,7,1
商城县2025高一,4,1
商城县高级中学,2,1
商城县高级中学2025高一,5,1
商城开学前考试,1,1
商城高级中学,5,1
商山早行,2,1
商师联盟,4,1
商师联考,3,1
商师联考民权县,1,1
啊2024-李沧区八上期中考试2025,1,1
啊，崇左市2025年高二期末考物理卷。,10,1
喀什二中2026年高一下学期期末物理原卷,3,1
喀什二中2026年高一下学期期末生物原卷,8,1
喀什二中高一下学期期末生物原卷,4,1
喀什六中,8,1
喀什市二中,3,1
喀什市月考八年级九月,2,1
喀什疏勒县一中高二期末试卷,5,1
喀喇沁旗锦山二中九年级,1,1
喀喇沁旗锦山第二中九年级,1,1
喀喇沁旗锦山镇第二中学九年级,5,1
嗯个初一英语包短文填空,3,1
嗯嗯妈妈好,3,1
嗯英语所有的嗯过去分词形式,3,1
嘉一实验,1,1
嘉兴 2025 2026学年 下学期 期末,20,1
嘉兴一中,1,1
嘉兴一中入学考,2,1
嘉兴市2024到2025学年第二学期期末检测高二英语,13,1
嘉兴市2024高一下语文,4,1
嘉兴市2025 2026学年第二学期期末检测高二物理学科练习,4,1
嘉兴市2025 2026学年第二学期期末检测高二物理试题卷答案解析,3,1
嘉兴市2025 2026学年第二学期期末检测高二英语学科练习,1,1
嘉兴市2025学年第二学期高二年级期末测试化学,3,1
嘉兴市2025年高三二模英语试卷,3,1
嘉兴市2025至2026学年科学7年级下册期末测试卷,3,1
嘉兴市2025～2026学年第二学期期末测试高二物理,6,1
嘉兴市2026学年第一学期期末检测物理,3,1
嘉兴市2026学年第二学期期末检测英语,1,1
嘉兴市2026年高三教学测试数学试卷,3,1
嘉兴市2026高三教学测试,2,1
嘉兴市六年级上册,79,1
嘉兴市平湖市六年级下册期末试卷2024年6月,6,1
嘉兴市教学测试,1,1
嘉兴市期末检测卷,1,1
嘉兴市高一上第一次月考,21,1
嘉兴市高一第一次月考,7,1
嘉兴期末6下2024,4,1
嘉兴英语二模,3,1
嘉兴英语高考二模,3,1
嘉兴语文模拟,7,1
嘉定一中,2,1
嘉定八年级上学期道法统考,1,1
嘉定八年级下学期道法统考,2,1
嘉定区数学一模,1,1
嘉定区第一中学24~25学年高三上学期数学测试卷三,1,1
嘉定高三二模英语,3,1
嘉祥,7,1
嘉祥2026英语三诊,1,1
嘉祥2026英语三诊成都,1,1
嘉祥一中,8,1
嘉祥一中高三第一次月考,4,1
嘉祥县一中2026年6月份期末,1,1
嘉祥县七年级开学分班考试卷,1,1
嘉祥县六下数学期末,1,1
嘉祥县六下英语期末,4,1
嘉祥县六下语文期末,2,1
嘉祥县第一中学,3,1
嘉祥小升初,3,1
嘉祥祥城中学,1,1
嘉祥祥城中学小升初,4,1
嘉荣外国语 下学期 期末考答题卡 2026,1,1
嘉陵一中,39,1
四 2026年暑假每日一练计算,1,1
四上数学,5,1
四上数学第一单元,2,1
四上数学角的度量练习题,10,1
四上期末数学试卷,1,1
四上期末英语试卷十堰,2,1
四上期末语文试卷,1,1
四上英语人教版pep单元试卷,12,1
四下2026年金华市永康市英语期末卷,4,1
四下数学黄冈全优达标卷,16,1
四中分班考,22,1
四中初中部生物今年考试卷,4,1
四中北京,4,1
四中开学考,1,1
四中高一上期中,4,1
四中高一新生入学分班考,2,1
四书五经是什么时候的,1,1
四会市小升初,3,1
四会重点单词,5,1
四则运算习题,6,1
四力三角形,5,1
四十一,1,1
四十一中分班测试,3,1
四十七,1,1
四十七中,12,1
四十七中三模,2,1
四十九,1,1
四十五天一轮,3,1
四十四高级中学,2,1
四升五 2026年暑假每日一练,10,1
四升五 2026年暑假每日一练计算,17,1
四升五暑假每日一练30篇阅读理解,1,1
四升五语文每日一练30篇阅读理解,1,1
四字成语专项,4,1
四字词语,3,1
四川 0 2026 中考真题,1,1
四川2025年6月生物合格考试卷,9,1
四川一诊,4,1
四川七年级入学摸底,3,1
四川中考,5,1
四川中考1600词汇带短语完整版,1,1
四川中考满分作文,5,1
四川二年级上学期阶段检测,3,1
四川二模,1,1
四川二模2026,1,1
四川五年级上学期阶段检测,2,1
四川八下英语期末试卷,4,1
四川八年级上学期中考模考,2,1
四川六年级上学期阶段检测,2,1
四川六年级下学期升学模考,4,1
四川六年级五四制,10,1
四川内江2025,7,1
四川内江中考,6,1
四川内江高一化学期末2026春,3,1
四川凉山州2025-2026学年下学期八年级期末数学试题,1,1
四川凉山彝族自治州,4,1
四川化学高一上南江中学,2,1
四川单招,7,1
四川南充七年级2026年期末试卷,1,1
四川南充市高坪中学2025-2026学年八年级上学期第一次质量监测英语,2,1
四川南充营山县,11,1
四川南充高一化学期末2026春,2,1
四川南江中学,7,1
四川南江小升初分班题,1,1
四川卷化学,10,1
四川历史高中合格性考试,2,1
四川合格考地理,3,1
四川合格考生物试卷,2,1
四川合格考生物试卷高一,24,1
四川合格考英语,2,1
四川名校联盟语文,3,1
四川名校英语,1,1
四川外国语大学附属外国语学校,1,1
四川外国语大学附属外国语学校2024-2025,1,1
四川外国语大学附属外国语学校2024-2025 10月检测数学,4,1
四川外国语大学附属外国语学校2024-2025 11月检测数学,1,1
四川外国语大学附属外国语学校2024-2025月考数学,1,1
四川外国语大学附属外国语学校204-2025,1,1
四川大学附属中学物理月考2006九年级,3,1
四川大学附属中学西区学校入学卷,4,1
四川大数据智学领航联盟2025 2026学年高三 秋季入学摸底考试化学,6,1
四川学考,3,1
四川宜宾高一化学期末2026春,2,1
四川对口招生,1,1
四川射洪城西,4,1
四川射洪小学英语卷,6,1
四川小学英语卷,1,1
四川巴中市巴州区,1,1
四川巴中零诊,3,1
四川巴中高一化学期末2026春,3,1
四川巴蜀,2,1
四川师大附中分班考,6,1
四川师大附中高中分班考,1,1
四川师范大学附属中学,1,1
四川师范大学附属中学初升高分班考,1,1
四川师范大学附属中学十年级分班考,1,1
四川师范大学附属中学高一分班考,5,1
四川广元,11,1
四川广元川师大万达中学高一入学考试,5,1
四川广元市2025-2026学年八年级下学期期末考试物理试题,1,1
四川广元市川师大万达中学2026春入学考试高一2026,1,1
四川广元高一化学期末2026春,3,1
四川广安高二英语期末考试题,11,1
四川彭州,4,1
四川德阳高一,1,1
四川德阳高一化学期末2026春,4,1
四川成都0诊试卷,1,1
四川成都一诊,10,1
四川成都七中育才九年级期中数学,1,1
四川成都七中育才学校九年级,11,1
四川成都初一分班考,2,1
四川成都市2025 2026学年高一下学期定时练习数学试卷,1,1
四川成都市2025 2026学年高二下学期定时练习数学试卷,1,1
四川成都市石室中学2025至2026学年级下期高二期中考试语文试卷,3,1
四川成都彭州彭州中学2023至2024期末考7年级上,1,1
四川成都彭州彭州中学202三至2024期末考,1,1
四川成都彭州彭州中学202三至2024期末考7年级上,5,1
四川成都高一化学期末2026春,3,1
四川摸底,1,1
四川摸底英语毕业班,8,1
四川攀枝花地理会考卷子,1,1
四川攀枝花高一化学期末2026春,3,1
四川教育实践与探究丛书,3,1
四川数学2025真题卷,1,1
四川数学八年级期末,5,1
四川数学高一上,2,1
四川数学高一上南江中学,6,1
四川数学高一上月考,7,1
四川数学高一上期末南江中学,1,1
四川期末,1,1
四川期末生物试卷高一,1,1
四川泸州市泸县2025-2026学年八年级下学期7月期末语文卷,1,1
四川泸州龙马潭区 2025-2026八年级下期末物理试题,3,1
四川物理,1,1
四川物理2025真题卷,2,1
四川物理2026高考真题,15,1
四川物理高一上,21,1
四川物理高一上期末,8,1
四川生物高考卷,3,1
四川省,6,1
四川省2022普通高等学校高职单独招生文化考试,28,1
四川省2024年9月普通高中学业水平合格性考试,1,1
四川省2024年9月普通高中学业水平合格性考试英语,2,1
四川省20259月开学考,1,1
四川省2025年9月合格考试试卷,3,1
四川省2025年普通高中学业水平选择性考试,1,1
四川省2025年普通高中学业水平选择性考试政治,3,1
四川省2025年高等职业教育单独考试招生 电子信息类 （中职类）,1,1
四川省2025普通高等学校高职单独招生文化考试,1,1
四川省2026年6月普通初中学业水平合格性考试,1,1
四川省2026成都中考物理,1,1
四川省2026高二藏语文试题,3,1
四川省6月合格考英语,1,1
四川省专升本,3,1
四川省内江市2024-2025学年高一下学期期末考试物理试卷,4,1
四川省内江市八上期中物理,2,1
四川省内江市第六中学高二上生物入学考试,6,1
四川省初中物理竞赛,1,1
四川省合格考英语,1,1
四川省大数据智学领航联盟2026,1,1
四川省大数据智学领航联盟2026入学考试,4,1
四川省天府新区,3,1
四川省安岳中学,5,1
四川省宜宾市2025－2026学年第二学期期末考试模拟试题仿真卷（一）.docx,8,1
四川省宜宾市叙州区育才中学,1,1
四川省宜宾市数学卷子,1,1
四川省巴中市2024年高三零诊考试,6,1
四川省巴中市2025年高三零诊考试,3,1
四川省巴中市2025年高二下学期期末考试,1,1
四川省广元2025到2026高一下化学期末,1,1
四川省广元市利州区,2,1
四川省广元市外国语中考模拟,1,1
四川省广元市外国语模拟,1,1
四川省广元市广外中考模拟,2,1
四川省广元市广外初升高分班考试题,1,1
四川省广元市广外高一分班考试题,2,1
四川省成都七中2026高三期末,1,1
四川省成都市2025到2026高一下化学,1,1
四川省成都市2026届高三第一次诊断性检测数学试卷,2,1
四川省成都市2026年高中毕业班数学,1,1
四川省成都市2026年高中毕业班测试数学,2,1
四川省成都市七中,1,1
四川省成都市嘉祥外国语,3,1
四川省成都市招生,13,1
四川省成都市石室中学 2025‑2026学年 高二上学期 10月月考 物理 含解析,2,1
四川省成都市石室中学2026届高考适应性考试（演练）语文试题,3,1
四川省成都市第七中学2024 2025高一10月月考试卷,3,1
四川省成都市第七中学2025-2026学年高一上学期1月期末物理试题,4,1
四川省成都市第七中学2025-2026学年高二下学期零诊模拟数学试题,3,1
四川省成都市第七中学校,1,1
四川省成都市第七中学高一下学期期末考试高途优卷英语四川省成都市第七中学高一下学期期末考试英语,1,1
四川省成都市第七中学高中试题,4,1
四川省成都市第七中学高二下零诊模拟数学试卷,8,1
四川省成都市高中毕业班,9,1
四川省攀枝花市高二上物理,5,1
四川省数学中考真题卷,1,1
四川省数学模拟卷高考,8,1
四川省普通高中2025年语文合格考,1,1
四川省毕业水平合格考,9,1
四川省泸州市古蔺县,17,1
四川省泸州市期末考2026高一数学试卷,1,1
四川省泸州市泸县2025-2026学年八年级下学期7月期末数学试题,1,1
四川省物理预赛,7,1
四川省眉山中学,3,1
四川省眉山中学2026入学考试,2,1
四川省眉山市2024 2025学年高一下学期1月期末考试生物试题,4,1
四川省绵阳市2024-2025学年高一下学期7月期末地理试题,1,1
四川省绵阳市2026届高三第二次诊断考试数学试卷,1,1
四川省绵阳市创新中学2026义务教育质量监测,1,1
四川省绵阳市创新中学期末数学试卷,3,1
四川省绵阳市初中数学教学质量检测卷,1,1
四川省绵阳市初中数学教学质量检测卷创新中学,5,1
四川省绵阳市富乐国际学校小升初试卷,5,1
四川省绵阳市高一期末数学试卷,6,1
四川省绵阳市高一期末数学试卷2026,2,1
四川省蜀光中学,6,1
四川省蜀光中学开学考,3,1
四川省蜀光中学试卷,1,1
四川省西充中学数学试卷,8,1
四川省语文合格考,1,1
四川省语文普通高中学业水平合格性考试,1,1
四川省资阳市安岳县安岳中学七年级下册2022-2023数学期末卷子,1,1
四川省资阳市安岳县安岳中学七年级下册2025-2026地理期末卷子,3,1
四川省资阳市安岳县强基班,6,1
四川省资阳市资阳中学,2,1
四川省达州市开江县生物会考,5,1
四川省达州市开江县高一生物会考,1,1
四川省邻中高一下册地理期末试卷,4,1
四川省部分地区20二七届毕业班摸底考试零诊语文,3,1
四川省锦江区嘉祥外国语,3,1
四川省高一上开学考试卷,13,1
四川省高一学业水平考试,22,1
四川眉山,5,1
四川眉山一模,10,1
四川石室中学,5,1
四川竞赛题,1,1
四川简阳,3,1
四川精准教育联盟2026,3,1
四川精准教育联盟2026日语,4,1
四川绵阳2025-2026学年高一下期末,1,1
四川绵阳一模,8,1
四川绵阳中学,2,1
四川绵阳市一模,1,1
四川绵阳模考,10,1
四川绵阳高一化学期末2026春,7,1
四川职教,3,1
四川职教高考,1,1
四川英语卷,34,1
四川英语高一上期末,2,1
四川英语高一上期末南江中学,6,1
四川英语高一下,4,1
四川资阳安岳中学,25,1
四川资阳市2026年期末试卷,9,1
四川达州期末生物试卷高一,20,1
四川达州渠县三汇中学,5,1
四川达州高一化学期末2026春,4,1
四川雅安高一化学期末2026春,2,1
四川雅礼中学,2,1
四川零诊成都物理2027届,1,1
四川高一上学期阶段检测,1,1
四川高一下学期期末,6,1
四川高一英语下,10,1
四川高三,7,1
四川高三上学期期末,2,1
四川高三历史一诊,1,1
四川高三地理一诊,14,1
四川高三数学,1,1
四川高中合格性考试,4,1
四川高中物理运动学检测卷,13,1
四川高中物理运动学试卷,4,1
四川高中竞赛题,17,1
四川高二上10月月考,2,1
四川高二下数学期末试卷,6,1
四川高二下期末生物试卷,14,1
四川高二人教版化学选择性必修一《化学反应原理》第章末复习试卷5套,6,1
四川高考,1,1
四川高考历史,1,1
四川高考招生统一考试试卷,1,1
四川高考政治,1,1
四川高考数学,1,1
四川高考数学2025真题卷,2,1
四川高职单招考试,5,1
四川，语文八年级下册真题,2,1
四市统考,11,1
四平,1,1
四平市第一高级中学高一上学期期末考试,1,1
四平市第三中学,1,1
四平市第三中学七上数学,1,1
四年级 奥数测试举一反三专题,2,1
四年级pep英语,5,1
四年级pep英语月考,1,1
四年级上册,1,1
四年级上册数学 2026新版人教版,1,1
四年级上册数学2013版北师大版第一单元测试卷福建南平武夷山,1,1
四年级上册数学期末,1,1
四年级上册数学期末湖南,1,1
四年级上册数学第1单元测试卷,15,1
四年级上册数学第一单元,1,1
四年级上册数学第二单元,1,1
四年级上册新版本嗯乘以的视频,1,1
四年级上册期中卷,1,1
四年级上册期末卷,28,1
四年级上册沪教版英语课本电子版。,2,1
四年级上册第一单元测试卷,2,1
四年级上册第一单元测试卷英语,1,1
四年级上册苏教版数学第1单元测试卷,1,1
四年级上册英语期末卷安徽芜湖,3,1
四年级上册语文阅读,1,1
四年级上册阅读,1,1
四年级上学期期中,2,1
四年级下册,1,1
四年级下册数学填空题,4,1
四年级下册数学填空题人教版,3,1
四年级下册数学试卷,2,1
四年级下册数学试卷北师大,3,1
四年级下册数学试巷,1,1
四年级下册科学试题,2,1
四年级下册英语,4,1
四年级下册英语WY版,6,1
四年级下册英语人教版衡水体字帖可打印,4,1
四年级下册英语期末试题,5,1
四年级下册英语武汉,1,1
四年级下册英语真题,6,1
四年级下册西南师大数学试卷,15,1
四年级下册计算天天练北师大版,8,1
四年级下册语文人教版,1,1
四年级下册语文期末试卷,28,1
四年级下册语文阅读理解30篇,4,1
四年级下学期升学模考a,2,1
四年级下学期阶段检测,14,1
四年级人教版,2,1
四年级人教版上饶数学,36,1
四年级几何,2,1
四年级南山区,1,1
四年级口算天天练,3,1
四年级奥数试卷,1,1
四年级数学一元一次方程专项,1,1
四年级数学单元测试,4,1
四年级数学太原,1,1
四年级数学方程专项,2,1
四年级数学方程应用题,1,1
四年级数学期中,3,1
四年级数学期末,4,1
四年级汉寿,1,1
四年级混合运算应用题,4,1
四年级竞赛试卷,7,1
四年级脱式计算专项练习,3,1
四年级英语,1,1
四年级英语上册期中,7,1
四年级英语上学期期中素养测评外研版三起,7,1
四年级英语下册,1,1
四年级英语下册期中基础,1,1
四年级英语下册期中基础检测卷译林,8,1
四年级英语下学期期末模拟卷（四川省成都市）2025-2026外研三起,9,1
四年级英语填空式作文,4,1
四年级英语广州期末,3,1
四年级英语广州期末番禺,3,1
四年级英语广州番禺,1,1
四年级计算专项练习,3,1
四年级语文上册,1,1
四年级语文下册阅读专题,3,1
四年级语文暑假作业,1,1
四年级语文第二单元,4,1
四年级运算定律专项练习,5,1
四心 的向量结论证明,6,1
四心问题,11,1
四校,11,1
四校联考广东,3,1
四校联考高二数学,2,1
四级1500核心词,4,1
四级真题,1,1
四级英语,1,1
四级英语2021年听力,1,1
四级词汇,8,1
四级试卷,1,1
四边形沪科版,2,1
四边形综合大题,10,1
四边形证明题专练,3,1
四边形证明题大题专练,13,1
四边形证明题证明证明证明证明证明证明大题专练,1,1
回中,1,1
回中月考,1,1
回声测速,3,1
回民中学,13,1
回民六中新初一小升初,1,1
因 式 分 解,1,1
因 式 分 解100道,4,1
因 式 分 解练习题,1,1
因式分解 初高中衔接数学,4,1
因式分解习题,7,1
因式分解十字相乘法,10,1
因式分解法,4,1
因式分解练习题,1,1
因式分解计算,1,1
因式分解，三次多项式的因式分解，四项式的因式分解,4,1
因数与倍数,1,1
因数与倍数专项,2,1
因数是什么？,1,1
团员,2,1
团锥曲线讲义和习题,1,1
园周边运动复习专题,7,1
固体压强真题训练,3,1
固原一中高三开学考,1,1
固原三中,11,1
固原初一分班,4,1
固原初一分班考英语,1,1
固原小升初,1,1
固原市小升初五原语文分班考试卷,1,1
固始县,7,1
固始高中,1,1
固始高级中学高一,5,1
固始高级中学高一数学,5,1
固定搭配,1,1
固定搭配 2026第一轮复习,3,1
固镇一中,2,1
固镇毛钽实验中学,1,1
国光中学,21,1
国家制度与社会治理,3,1
国考公务员,1,1
国防科技大学,3,1
国防科技大学附属中学七上,1,1
国龙,3,1
图为平板划线分离法接种示意图,1,1
图像问题物理,2,1
图像问题物理EK,1,1
图像问题物理动能,2,1
图形的相似,8,1
图形的相似 单元测试,9,1
图形的移动,1,1
图形的轴对称,1,1
图形的轴对称青岛版,1,1
图形面积,1,1
图案美,1,1
图片地图类,2,1
图片地图类 大题专练 历史冲刺,3,1
图解思维导图,1,1
圆 九上,11,1
圆 的14种题型归纳 一轮复习,1,1
圆一箭穿心模型例题,1,1
圆与直线,3,1
圆专项,1,1
圆专项练习,8,1
圆创联盟8,6,1
圆创联盟8月,3,1
圆创联盟八月化学,3,1
圆创联盟高三上第一次,12,1
圆创高三,15,1
圆单元培优复习,5,1
圆单元测试卷,4,1
圆压轴,1,1
圆压轴题,3,1
圆周角与圆心角相关试卷,14,1
圆周运动 14大考点 14题型,1,1
圆周运动复习,8,1
圆周运动的临界问题,2,1
圆周运动题型,9,1
圆周运动高三复习,4,1
圆和圆的位置关系,1,1
圆和圆的位置关系及其应用,1,1
圆复习,1,1
圆幂,2,1
圆幂定理 割线 切割线 相交线知识清单,2,1
圆曲,1,1
圆柱与圆锥,6,1
圆柱圆锥基础应用题,6,1
圆梦杯,8,1
圆椎曲线,8,1
圆椎曲线高考真题,1,1
圆的一般方程,3,1
圆的专题,4,1
圆的切线与切线长问题,2,1
圆的参数方程什么时候用,1,1
圆的基本性质,7,1
圆的标准方程,5,1
圆的概念,9,1
圆的综合体,1,1
圆的综合题,2,1
圆的计算,1,1
圆的认识同步训练,5,1
圆的证明和计算 中考复习湖北,1,1
圆的面积 （重难点讲解+知识点总结+同步练习+答案解析）,4,1
圆盘临界,3,1
圆盘模型,4,1
圆轨迹,6,1
圆锥 曲线025 一 轮,2,1
圆锥 曲线025 一 轮 复习中档大题,14,1
圆锥 曲线025 一 轮 复习中档大题北师大,3,1
圆锥 曲线025 一 轮 复习基础,1,1
圆锥 曲线025 一 轮复习,6,1
圆锥 曲线大题2026专题 二轮大题,3,1
圆锥 曲线素养拓展,4,1
圆锥 曲线素养拓展6,13,1
圆锥摆,1,1
圆锥摆临界模型专题,4,1
圆锥摆模型专题,5,1
圆锥曲线 大题2025高三题型归类,15,1
圆锥曲线 定点定值,1,1
圆锥曲线 小题,1,1
圆锥曲线 小题常见题型大全,11,1
圆锥曲线一百讲,1,1
圆锥曲线与其他知识的交汇问题,1,1
圆锥曲线专练,22,1
圆锥曲线专项,4,1
圆锥曲线专题训练,5,1
圆锥曲线中平移齐次化,6,1
圆锥曲线中点乘双根法,2,1
圆锥曲线中的定点、定值及定线问题,2,1
圆锥曲线光学性质,6,1
圆锥曲线切线练习题,5,1
圆锥曲线单元卷,2,1
圆锥曲线单元测试卷,2,1
圆锥曲线单切线,1,1
圆锥曲线厦门一中,3,1
圆锥曲线取值范围,1,1
圆锥曲线同构法,10,1
圆锥曲线培优,3,1
圆锥曲线多选题,4,1
圆锥曲线大题专题,1,1
圆锥曲线定值问题,5,1
圆锥曲线定点问题,3,1
圆锥曲线常考定值定点问题,3,1
圆锥曲线弦长问题,3,1
圆锥曲线往年高考真题,2,1
圆锥曲线昭通,1,1
圆锥曲线椭圆,3,1
圆锥曲线汇编,1,1
圆锥曲线特征三角形内切球问题,1,1
圆锥曲线的方程专题练习,2,1
圆锥曲线解答题,4,1
圆锥曲线讲义和习题,4,1
圆锥曲线重难点突破,4,1
圆锥曲线预习讲义,7,1
圆锥曲线题型思维导图,1,1
圆锥曲线高考真题,7,1
土默特,1,1
土默特中学,6,1
圣贤,3,1
在△ABC中，AD平分∠BAE，E为CD的中点，AB=2AE，求证∠DAC=∠ADC,1,1
在竖直墙壁的左侧水平地面上放置一个边长为a”  “正方体与水平地面的动摩擦因数”。,8,1
在线,1,1
地,1,1
地 理,15,1
地化学合格考真题,1,1
地区二中,1,1
地图的阅读,4,1
地图背诵,1,1
地壳运动,4,1
地方时和区时,4,1
地方时计算,3,1
地方时，区时,5,1
地球,4,1
地球上的大气,1,1
地球与地图 2026 一轮复习 专题练习,1,1
地球与地图的综合训练 2026 一轮复习 专题练习,4,1
地球与地图的综合训练 一轮复习2027,1,1
地球与地图（填图速记）,1,1
地球与地图（填图速记）【上好课】高中区域地理填图速记与演练手册,1,1
地球历史课件,3,1
地球的自转及其地理意义免费,8,1
地球的运动,1,1
地球运动 综合大题 新高考真题,14,1
地球运动专项,7,1
地球运动的地理意义,2,1
地球运动题,5,1
地理 01 一轮复习地球自传和公转,1,1
地理 合格考,1,1
地理 合格考真题,1,1
地理 高中一轮复习,1,1
地理一轮复习,1,1
地理专项,1,1
地理专题,4,1
地理专题复习,4,1
地理东营,3,1
地理优化学案,1,1
地理会考会考真题,3,1
地理全国新高考大题,3,1
地理八上,1,1
地理八上期中,1,1
地理八上期中河北邯郸,5,1
地理八校联考天津,4,1
地理初中水平,3,1
地理区域,2,1
地理区时,2,1
地理十二校天津,3,1
地理十二校联考天津,6,1
地理卷,6,1
地理合格考,2,1
地理周测,1,1
地理地方时和区时,4,1
地理地方时和区时专项,1,1
地理地方时和区时计算,6,1
地理地球,1,1
地理地球自转,14,1
地理地球自转与公转,6,1
地理填图湘教,7,1
地理填图速记,1,1
地理大一轮复习讲义,1,1
地理大气活动中心,1,1
地理大气活动中心专题,5,1
地理太阳活动,2,1
地理开学考庐江县人教版高三,3,1
地理徐州中考,1,1
地理必修一习题训练,4,1
地理必修一卷子,1,1
地理必修一必修二广东,1,1
地理必修一高考真试卷,4,1
地理必修二,3,1
地理早读内容,1,1
地理月考西青区,2,1
地理期末卷,3,1
地理期末综合测试卷（三）,1,1
地理气压中心,3,1
地理水,1,1
地理济南,3,1
地理海沟画图,3,1
地理清单,1,1
地理知识点,7,1
地理第一单元,4,1
地理等高线,8,1
地理答题模板,3,1
地理答题模板高考,2,1
地理答题模版必修二,1,1
地理结业卷2026,5,1
地理试卷,2,1
地理课本,1,1
地理资料,8,1
地理近5年高考卷,1,1
地理近5年高考卷青海省,10,1
地理近5年高考卷青海省2021,2,1
地理选修一第一单元,1,1
地理选修一第一单元鲁教版,1,1
地理选必一习题训练,7,1
地理选必一习题训练第1章地球的运动,19,1
地理选择性必修一,2,1
地理选择性必修一湘教版学习笔记,3,1
地理选择性必修一知识点,3,1
地理选择性必修一知识点人教版,2,1
地理选择题选择性必修一,11,1
地理高一,3,1
地理高一上期末,5,1
地理高一期末,14,1
地理高一期末黑龙江,3,1
地理高一湘教版,1,1
地理高一湘教版课本,3,1
地理高一答题模版,5,1
地理高三上天津,1,1
地理高三上天津一中,2,1
地理高三上天津南开中学,7,1
地理高三上天津新华,3,1
地理高三上天津第一中学,6,1
地理高三上天津耀华,5,1
地理高三下天津南开,23,1
地理高三下天津塘沽,2,1
地理高三下天津新华,5,1
地理高三下天津第一中学,3,1
地理高三下天津耀华,6,1
地理高三下天津联考,3,1
地理高三复习题,5,1
地理高三天津杨村,8,1
地理高三天津第一中学,1,1
地理高二上第一次月考,6,1
地理高二下教学质量检测,1,1
地理高二下教学质量检测浙江,5,1
地理高考,3,1
地理高考真题,6,1
地理高考试卷，湖南,2,1
地生会考,1,1
地生资料,1,1
地表形态变化试卷,6,1
地表形态的塑造,4,1
地质中学2025分班考卷子,2,1
场州中学,1,1
坦埠镇,2,1
垂径定理,5,1
垂径定理实际应用,1,1
垂直平分线与角度结合、需要分类讨论的填空题大题,10,1
垂直平分线角平分线,3,1
城关中学,8,1
城区,1,1
城区一初中,4,1
城区二初中,8,1
城固县高一期末,1,1
城港小学同学,7,1
城西,1,1
城西中学,1,1
城里中学,8,1
城阳区第二高级中学,2,1
培优 拔尖培优专题,9,1
培优01,1,1
培优01直线和圆,3,1
培优02,1,1
培优02 圆锥,1,1
培优专题4,1,1
培优专题4立体几何,1,1
培优卷期末真题重组卷（四）八下,1,1
培优卷期末真题重组卷（四）八下语文,15,1
培优小状元,2,1
培优小状元八年级下册英语,1,1
培优小状元卷期末真题重组卷（四）八下语文,1,1
培优小状元重组八下语文,10,1
培优小状元重组卷（四）八下语文,1,1
培优试卷18,6,1
培优调研卷,2,1
培佳,3,1
培元,1,1
培正,6,1
基因,3,1
基因 工程2026专题复习大题,3,1
基因工程一轮复习,6,1
基因指导蛋白质的合成过程是一个极其复杂的过程,6,1
基本不等式 培优,4,1
基本不等式 求最值,15,1
基本不等式 求最值高一,5,1
基本不等式专项练习,1,1
基本不等式专项训练,1,1
基本不等式培优,3,1
基本不等式复习,9,1
基本不等式常考题型,5,1
基本不等式提升,2,1
基本不等式新高一,13,1
基本不等式测试卷,2,1
基本不等式练习,1,1
基本不等式练习题,9,1
基本不等式高一,4,1
基本初等函数,3,1
基江八下期末试卷,1,1
基础专题训练,7,1
基础卷数学,2,1
基础卷数学高中,1,1
基础数学,4,1
基础知识排查 倍悦英语,1,1
基础知识综合练高中物理,3,1
基础题数学,1,1
基础题数学高中,28,1
塑造地表形态的力量,15,1
塔脚初级中学,7,1
塘沟,3,1
塘沽,4,1
塘沽一中高一上期中,2,1
塘沽一中高一上第一次月考,7,1
填句补文,1,1
填空压轴题,2,1
增城区,3,1
增城区初三,4,1
增城外国语,2,1
墨池新学堂,1,1
墨玉县第一中学期末试卷,3,1
声声慢,2,1
声学相关习题,1,1
声现象,3,1
声进阶,1,1
声音,1,1
声音与环境,6,1
声音传播计算,2,1
声音和,1,1
声音和沪粤,1,1
声音和环境,2,1
声音的分类与应用课后,6,1
壹学知道,6,1
备战浙江2026英语完形填空专题,4,1
复习,13,1
复习06讲 立体几何中的平行和垂直问题（精讲＋精练）-2024年高二数学暑假预习（人教A版2019选择性必修第一册）,6,1
复习08讲,1,1
复习08讲 立体几何中外接球问题的六大常见类型（精讲＋精练）-2024年高二数学暑假预习（人教A版2019选择性必修第一册）,5,1
复习专题,4,1
复习卷,5,1
复习提纲,4,1
复习联考,12,1
复习计划,1,1
复习资料,4,1
复合函数专题,3,1
复合函数单调性,14,1
复合函数单调性问题,10,1
复合函数综合,2,1
复合函数题型专练,3,1
复数人教版,4,1
复数的概念,1,1
复数的概念人教版,4,1
复数的题目,1,1
复旦,3,1
复旦大学,1,1
复旦大学附属中学英语,6,1
复旦大学附属中学高一上数学月考,7,1
复旦附中2025-2026高三上第一次测验,5,1
复旦附中中学2025-2026高三上第一次测验,1,1
复旦附中英语,7,1
复旦附中高一,2,1
复旦附中高一下学期,3,1
复杂分式方程,5,1
夏令营,3,1
夏令营初二,3,1
夏令营提前招生物理试卷,3,1
夏季高中学业水平地理山东,1,1
夏远景,2,1
外刊英语阅读汇编-2027届高三英语二轮阅读理解专项练习（十一）,4,1
外国语总校,13,1
外国语无锡,11,1
外国语集美校区高一,1,1
外研,6,1
外研七上英语单词词性转变,3,1
外研三起六上英语实验班提优训练,3,1
外研八下单词默写,1,1
外研版,4,1
外研版 单词,1,1
外研版 选择性必修四 单词默写,4,1
外研版2027年初三一轮复习英语,3,1
外研版7下英语语法,1,1
外研版7选五专项练习,1,1
外研版七上语法综合训练练习,17,1
外研版七下语法综合训练练习,3,1
外研版七年级上册英语,5,1
外研版三年级上册单元同步练习题,1,1
外研版九上,6,1
外研版九年级上册,2,1
外研版九年级上册英语期末试卷,6,1
外研版八上单词默写单,4,1
外研版八年级上册单词,1,1
外研版八年级上册同步课,2,1
外研版八年级上册语法填空,7,1
外研版六年级下册期末试卷,3,1
外研版六年级英语下册期末试卷,5,1
外研版初三英语,6,1
外研版初中7-9年级全套词汇,8,1
外研版初中英语课本七年级下册,4,1
外研版单词,2,1
外研版小学英语单词表,4,1
外研版小学英语国测卷,3,1
外研版小学英语国测卷期末,5,1
外研版英语七年级上册2024新音频,6,1
外研版英语三年级期末,1,1
外研版英语四年级下册 Unit4 Plant life 素养评估A 单元测试卷,6,1
外研版英语必修二,2,1
外研版英语必修二听力,4,1
外研版高一必修一衡水体描红字帖PDF,1,1
外研版高中必修一英语单词,6,1
外研版高中英语必修第二册 课文听力mp3,4,1
外研社,2,1
外研社   初中单词,5,1
外研社初中英语,2,1
外研社版英语选b1单词默写,1,1
外研社高中选择性必修一,5,1
外研社高中选择性必修一单词听,3,1
外角,3,1
外角一模题,4,1
多三角的有关定理,1,1
多个开关,9,1
多伦县,4,1
多分培优九年级四川,1,1
多分培优九年级四川成都,1,1
多巴高级中学,1,1
多平衡问题,1,1
多平衡问题物理,1,1
多彩的活动,4,1
多彩童年,3,1
多校联考,11,1
多次多项式的因式分解,1,1
多省联考,2,1
多边形面积,4,1
多项式100道计算专项练习,2,1
多项式除法,1,1
夜书所见,2,1
大一轮复习测试卷,2,1
大专,1,1
大专a级,1,1
大东,6,1
大东区,41,1
大丰中学,3,1
大丰南阳高中,1,1
大丰南阳高中高一分班试卷,7,1
大乔,1,1
大余中学分班考,4,1
大兴,4,1
大兴区2025数学高二上期中,1,1
大兴区2025数学高二上期末,1,1
大冶一中,1,1
大冶市,1,1
大冶市2026年八年级下学期数学试卷,4,1
大冶市2026年八年级数学试卷,1,1
大冶市物理试题,6,1
大冶市第一中学,2,1
大单元4专题3多池多室电化学装置分析,4,1
大单元四 专题三 “多池、多室”电化学装置的分析【精讲精练】-2026届高三化学二轮复习●大,6,1
大卫化学,4,1
大卫科波菲尔探究小说主题,1,1
大口屯高中,8,1
大同一中,4,1
大同一中2025~2026学年第二学期期末综合素养评价七年级语文,5,1
大同一中初升高分班考,8,1
大同一中初升高衔接分班考,7,1
大同中学2025-2026高三上第一次测验,4,1
大同中学上海,2,1
大同六中集团校25年八上物理月考卷,6,1
大同六中集团校八上物理卷子,3,1
大同六中集团校八年级数学卷子,4,1
大同六中集团校八年级数学期未卷子,1,1
大同六中集团校八年级语文卷子,8,1
大同市一中九上数学期中卷子,2,1
大同市高三,15,1
大同市高三第一次,1,1
大同市高三第一次质量,5,1
大同高1分班考试,4,1
大同高1分班考试模拟卷和真题,6,1
大团中学,1,1
大城第一中学,6,1
大学,4,1
大学4级英语,2,1
大学之道,6,1
大学英语6级真题,2,1
大学英语四级2025真题,3,1
大寨中学,1,1
大庆69,3,1
大庆中学高一期末,4,1
大庆中学高一期末答案,3,1
大庆中学高二上开学,13,1
大庆中学高二上开学2024,1,1
大庆中学高二开学,1,1
大庆中学高二期末,6,1
大庆中考2026,2,1
大庆九年级上期末数学,1,1
大庆八年级下期末数学,6,1
大庆初中数学,1,1
大庆实验中学2024级高二下学期期末考试英语,5,1
大庆实验中学高一上学期,2,1
大庆实验中学高一上学期10,12,1
大庆实验中学高一上学期月考,17,1
大庆实验中学高一下期末数学,4,1
大庆实验中学高一期中化学试卷,11,1
大庆实验中学高二上化学,5,1
大庆实验中学高二下6月,2,1
大庆实验中学高二下期中,6,1
大庆实验高三物理8月月考试卷,1,1
大庆实验高二上学期开学测,5,1
大庆实验高二开学测,1,1
大庆市2025届高三一模数学题,1,1
大庆市2026中考一模数学,1,1
大庆市2026中考数学,12,1
大庆市2026届高三二模数学题,1,1
大庆市中考数学,14,1
大庆市初四数学,2,1
大庆市大庆中学2025-2026学年高二下学期7月期末考试生物试题,1,1
大庆市实验中学第一次月考语文试卷,1,1
大庆市实验中学高一上期中数学试卷,2,1
大庆市实验中学高一上期中语文试卷,5,1
大庆市实验中学高一上期末数学试卷,6,1
大庆市实验中学高一上第一次月考数学试卷,4,1
大庆市肇源县数学八年级,4,1
大庆市靓湖2025-2026初三英语期末,16,1
大庆铁人中学2025 2026学年高一下学期期末考试化学试题,2,1
大庆铁人中学2025-2026学年高二下学期期末考试试题,4,1
大庆铁人中学2025‑2026学年高一下学期期末考试化学试题,1,1
大庆铁人中学2025‑2026高一下期末生物,3,1
大庆铁人中学数学期末考试,1,1
大庆铁人中学高一上,4,1
大庆铁人中学高一下语文,1,1
大庆铁人中学高二下期中,3,1
大庆铁镇中学2025级高一年级下学期期末考试数学,1,1
大庆靓湖初三英语,4,1
大庆靓湖初三英语期末,3,1
大庆高一上物理月考,3,1
大庆高三一模,7,1
大庆高三三模,4,1
大庆高三开学测,10,1
大弯中学,4,1
大弯中学初中学校,4,1
大悟县七下,4,1
大数据化学答案,2,1
大数据建模 高考化学 高二027级 郭小渠,4,1
大数据建模高考化学答案,3,1
大方县听力,1,1
大桥中学,1,1
大桥高级中学分班考,1,1
大气压,4,1
大气压自招题,6,1
大渡口区,9,1
大渡口区九年级第二次适应性检测,3,1
大港,6,1
大港一中化学,1,1
大港六中,1,1
大港第一中学,2,1
大湾区,2,1
大湾区2024——2025学年高二下七月期末日语,3,1
大湾区联考,8,1
大猫英语分级阅读,9,1
大猫英语分级阅读 big cat,2,1
大理州民族中学,1,1
大田县初一上册数学月考,9,1
大田县初一上册物理月考,2,1
大石桥三上数学,1,1
大石桥六上语文,1,1
大石桥市第三高级中学,2,1
大石桥市第二高级中学,3,1
大石桥市第四高级中学,1,1
大石桥市高级中学,2,1
大竹数学,7,1
大竹数学八年级,3,1
大竹物理,5,1
大竹英语,5,1
大纲卷,5,1
大练习六,1,1
大罗山联盟高二上期中考,1,1
大罗山联盟高二上期中考数学,1,1
大联考长郡,2,1
大自然的水,2,1
大良中学高三月考数学试卷,2,1
大英中学初一,2,1
大英中学初一数学,3,1
大英中学小升初,1,1
大英县,3,1
大荔中学高二上月考考试,1,1
大荔县2023+2024高二上期末考试,3,1
大荔县2024-2025高二上期末考试,26,1
大荔县城郊中学高二上月考考试,7,1
大荔县城郊中学高二上期中考试,2,1
大荔县大荔中学高二上月考考试,14,1
大荔县大荔中学高二上期中考试,21,1
大荔县高一下期末考试,1,1
大荔县高二上月考考试,7,1
大荔县高二上期中考试,30,1
大荔县高二上第一次期中考试,30,1
大荔县高二上第三次考试,2,1
大藤峡,1,1
大西大学附中2026-2027高三年级八月份第一次测试,10,1
大许,6,1
大许高,2,1
大许高级中学,3,1
大象版,1,1
大赛,12,1
大足区四年级,3,1
大足区四年级语文数学试卷,2,1
大连 九年级上 语文期末,1,1
大连 期中,1,1
大连 期中 数学,1,1
大连 期中 数学 七年级上册,6,1
大连24,2,1
大连24中高1上月考数学,3,1
大连24中高1上月考物理,2,1
大连24中高1上月考语文,5,1
大连24中高一下期末数学卷,6,1
大连24中高二上学期期中生物,2,1
大连24月中其中生物,1,1
大连24月中期中生物,3,1
大连36中,1,1
大连8中,3,1
大连一模 高考英语,1,1
大连一模语文,1,1
大连三十六中,2,1
大连三十四,4,1
大连中山,3,1
大连中山区数学第一次月考试卷,1,1
大连中山区数学试卷,8,1
大连九下月考,5,1
大连九中学,2,1
大连九年级化学单元测,3,1
大连二十二中,4,1
大连二十四,2,1
大连二十四中历史月考高一上,8,1
大连二十四中历史期中考试高一上,1,1
大连二十四中数学,1,1
大连二十四中期末,1,1
大连二十四中高一下期末,1,1
大连二十四中高一下期末数学,3,1
大连二十四中高一月考数学,3,1
大连二十四中高二上物理期中考试,9,1
大连二十四高三上期中二,1,1
大连二十四高二下数学期末,3,1
大连五校联考数学,6,1
大连八十中,1,1
大连八十中初二上学期月考数学试卷,1,1
大连八十中数学,1,1
大连十月,8,1
大连双基数学,3,1
大连名校,5,1
大连名校联盟七上数学期末,1,1
大连市2026届高三第一次模拟考试（教学质量调研一）,1,1
大连市2026届高三第二次模拟考试（教学质量调研二）,2,1
大连市24中学,2,1
大连市24中学期末,1,1
大连市三十六中学高一下学期期末试卷2026年,3,1
大连市三十六高一下期末英语试卷2025-2026,4,1
大连市五校联考,3,1
大连市名校联盟,7,1
大连市期末考试,2,1
大连市王府井,13,1
大连市甘井子区,16,1
大连市第36中学2025~2026第二学期期末高二生物试题,3,1
大连市第一中学,1,1
大连市第八中学物理,4,1
大连市育明中学,1,1
大连市金州高级中学,4,1
大连市高三开学考,3,1
大连市高三教学质量调研(一),1,1
大连市高三教学质量调研(一)英语,1,1
大连市高三教学质量调研(二,1,1
大连市高三第一次模拟考试（大连市高三教学质量调研(一)）,1,1
大连市高三第二次模拟考试,1,1
大连市高三第二次模拟考试 英语,1,1
大连市高二上期中考试数学,5,1
大连开发区高一上学期数学月考卷,14,1
大连数学,5,1
大连期末,10,1
大连瓦房店2026期末物理卷八下,7,1
大连甘井子区三上英语期末卷,3,1
大连甘井子区八上生物期末卷,6,1
大连甘井子区八下生物期末卷,2,1
大连甘井子区四上英语期末卷,2,1
大连甘井子区四上语文期末卷,2,1
大连甘井子区英语中考模拟,4,1
大连第九中due,1,1
大连第八中学,5,1
大连第八十中学,1,1
大连育才,1,1
大连育明高中,8,1
大连育明高级中学。,5,1
大连英语中考模拟,4,1
大连西岗区，2024至2025，七下数学期末卷,2,1
大连高一上,2,1
大连高一上期末,1,1
大连高三双基测卷,1,1
大连高三数学双基测卷,1,1
大连高中各校月考卷,2,1
大连高二上期中考试,2,1
大连高二上期中考试数学,5,1
大通二中高二下学期期中考试,1,1
大通二中高二下学期期末考试,2,1
大道之行也,2,1
大题08,1,1
大题08 图片地图类（大题专练）) （全国通 用)2026年高考历史终极冲刺讲练测,9,1
大题08图片地图类,1,1
大题专练,5,1
天 一 大联考安徽,2,1
天1大联考,2,1
天1大联考高一下,2,1
天一 大联考,3,1
天一中学化学,3,1
天一中学物理,3,1
天一中学联考,10,1
天一中学高一化学,2,1
天一中学高一化学必修一,1,1
天一中学高一化学必修一综合测试卷,4,1
天一中学高三联考,1,1
天一中学高二上数学10月月考,8,1
天一大,9,1
天一大联考 2026届 高三上9月素质评价,1,1
天一大联考2024,2,1
天一大联考2024~2025学年下高一年级期末考试语文,1,1
天一大联考2025年8月高三秋季检测生物,1,1
天一大联考7月7日,1,1
天一大联考安徽2024,1,1
天一大联考安徽2025年8月高三秋季检测物理,4,1
天一大联考安徽2025年8月高三秋季检测语文,1,1
天一大联考安徽2026,2,1
天一大联考安徽2026开学考,1,1
天一大联考安徽省2025年8月高三秋季检测生物开学考,5,1
天一大联考河南,1,1
天一大联考河南省联考2025-2026学年高一下学期3月阶段检测,4,1
天一大联考河南英语高三,5,1
天一大联考河南高一,1,1
天一大联考皖豫名校联盟2021到2022学年安徽新高考高一期中考的数学卷答案,1,1
天一大联考高三秋季检测,1,1
天一实验,1,1
天一开学考,3,1
天一强化班,6,1
天一数学,1,1
天一联考开学考,4,1
天一高三开学考,5,1
天体,1,1
天体物理与宇宙航行测试卷,1,1
天体运动专题,5,1
天体近地卫星与同步卫星,5,1
天体近地卫星与同步卫星比较,3,1
天元中学,3,1
天利,1,1
天利 38 套,3,1
天利 38 套2026,1,1
天利 38 套专题,1,1
天利38套五年高考真题汇编,2,1
天原杯化学竞赛,3,1
天壹三月联考,1,1
天壹名校联盟2026高三3月质量检测,6,1
天壹联盟,4,1
天大附中,1,1
天天特卖,1,1
天学听力书,3,1
天安门,1,1
天官赐福,1,1
天山中学,2,1
天府,7,1
天府前沿,1,1
天府前沿八上物理,1,1
天府新区,16,1
天府新区第五中学,3,1
天心区长郡中学高考生物模拟试卷三,4,1
天星 2026 版 45 套卷,30,1
天星一遍过,3,1
天星单元双测卷,1,1
天星教育,2,1
天星教育2027金考卷,3,1
天星高一,1,1
天桥20268下期末考试,1,1
天水一中,2,1
天水一中开学考英语,2,1
天水九中高一新生入学考试,2,1
天水二中,2,1
天水二中高一新生入学考试,5,1
天水分班考,1,1
天水市,9,1
天水市一中入学考试,1,1
天水市一中双师班选拔性考试试卷,4,1
天水市一中开学考,6,1
天水市八中,2,1
天水市第一中学入学考试,3,1
天水市第一中学入学考试语文,3,1
天水市第一中学新高一开学分班考,3,1
天水市第一中学高一入学检测初高中衔接,2,1
天水市第七中学,1,1
天水市高一下学期期末,5,1
天水新生入学考试,3,1
天水零模,1,1
天水高一新生入学考试,1,1
天水高二下期末数学,7,1
天水高二期末,1,1
天河区2026化学高二下,5,1
天河区2026学年期末生物,1,1
天河区七年级下册数学,3,1
天河区期末,1,1
天河区期末生物,4,1
天河区高一下期末考试,1,1
天河历史,2,1
天河省实月考卷,1,1
天津 一中,1,1
天津 南开区 七年级,5,1
天津202,1,1
天津2025 2026武清区期末八下,5,1
天津2025-2026武清区期中九上,1,1
天津2025-2026武清区期末八下,1,1
天津2025中考,4,1
天津2025年中考历史卷模拟,1,1
天津2025生物高考,2,1
天津2026历史,1,1
天津2026地理,1,1
天津2026年7年级期末考试数学试卷,8,1
天津24高考,1,1
天津24高考数学,4,1
天津9上期末,1,1
天津一中2024-2025高三年级五月考历史卷子,1,1
天津一中2025秋九年级第一次月考试卷，英语,4,1
天津一中2025秋九年级道德与法治第一次月考,4,1
天津一中九年级物理,1,1
天津一中九年级物理期末,1,1
天津一中九年级物理穷,1,1
天津一中化学其中,1,1
天津一中化学期中,1,1
天津一中学案,1,1
天津一中月考数学高一,2,1
天津一中物理,1,1
天津一中物理九年级,2,1
天津一中第一次月考卷物理,12,1
天津一中高三年级语文学科第四次月考,6,1
天津一中高三数学总复习,1,1
天津一中高三第五次质量检测25-26化学,1,1
天津一中高二上,9,1
天津一模 椭圆 右焦点F，MF垂直x轴，直线AB交椭圆于A、B，延长AB交x轴于P，Q在AF上，求三角形APQ面积,5,1
天津七上历史期中,1,1
天津七上历史期末,5,1
天津七下历史期末,6,1
天津七下期末,6,1
天津七下道法期末,11,1
天津七中,1,1
天津七年级上学期阶段检测,16,1
天津七年级下册河北区英语期末,3,1
天津三中月考,3,1
天津三中月考九年级,3,1
天津三中月考初三,1,1
天津三年级上学期阶段检测,4,1
天津专版全品,2,1
天津专用,1,1
天津东丽高三上月考,1,1
天津中学高二上第一次月考,8,1
天津中考专项数学人教版一元一次方程,3,1
天津中考勾股定理专项,6,1
天津中考勾股定理专项人教版,7,1
天津中考数学2025,4,1
天津中考数学模型,4,1
天津中考数学相似三角形,3,1
天津中考物理,1,1
天津中考英语单词2600,2,1
天津中考道法,1,1
天津为明学校集团考试卷,5,1
天津九上物理第一次月考,3,1
天津九年级下学期中考模考,9,1
天津九年级二次函数,3,1
天津九校联考地理,4,1
天津二十中学,11,1
天津二十五中,2,1
天津二南开高一数学月考,5,1
天津二新华数学,3,1
天津五十五中高一数学月考,40,1
天津五年级下学期期末,8,1
天津五校联考,1,1
天津五校联考高二,1,1
天津人教版数学三年级上,1,1
天津人教版数学三年级上单元卷,3,1
天津人教精通版,5,1
天津倒数第二题,1,1
天津八下2026地生会考,6,1
天津八下2026地生会考卷,3,1
天津八中,4,1
天津八年级上南开区,7,1
天津八年级上南开区期中,25,1
天津八年级上学期期中,4,1
天津券数学高考真题,11,1
天津券数学高考真题解析版,2,1
天津化学,10,1
天津化学必修一,2,1
天津化学高中笔记,1,1
天津化学高二上学期,1,1
天津化学高二上学期月考,3,1
天津北辰区人教版数学三年级上单元卷,2,1
天津十二校联考,1,1
天津十二校联考化学,3,1
天津南开中学2026质量检测,1,1
天津南开中学2026质量检测数学,3,1
天津南开区,7,1
天津南开区一模语文,1,1
天津南开区八上,1,1
天津南开区八上数学,4,1
天津南开区八上期中,17,1
天津南开区八上物理,6,1
天津南开区高三上学期期末英语,2,1
天津南开区高三英语,1,1
天津博文中学,3,1
天津卷 2026高考真题,1,1
天津卷 2026高考真题语文,9,1
天津卷24年英语首考,4,1
天津卷大题,1,1
天津历史七上,1,1
天津历史七上期末,5,1
天津和平区 2025～2026九上历史,4,1
天津和平区2024 2025九上,1,1
天津和平区25-26九上数学期中试卷,15,1
天津和平区八下,1,1
天津和平区数学,5,1
天津和平区统考,3,1
天津和平区语文考前,5,1
天津和平区高三上学期期末英语,3,1
天津和平高一数学期中,1,1
天津四中,5,1
天津四十二高一数学月考,3,1
天津四年级上学期阶段检测,2,1
天津塘沽题,1,1
天津塘沽题八年级下册,2,1
天津塘沽题八年级下册期末,2,1
天津塘沽题八年级下册期末政治,1,1
天津填空压轴题,11,1
天津外国语大学滨海高二物理第一次物理,1,1
天津外国语大学附属外国语学校英语高二,6,1
天津大学附属中学,5,1
天津天津离子图像体,1,1
天津学业水平合格性考试化学,43,1
天津学考,4,1
天津宝坻一中,1,1
天津宝坻第十一中学,3,1
天津实验中学,1,1
天津市2024-2025中考数学,1,1
天津市2024-2025高二下学期期末数学,1,1
天津市2024到2025学年度七年级下册地理期末,1,1
天津市2025-2026年高一物理第一章,1,1
天津市2025~2026数学七年级下册期末试卷,1,1
天津市2025~2026数学八年级上册期中试卷,3,1
天津市2025年高考试卷,8,1
天津市2026中考考卷化学,1,1
天津市2026二十五中物理八年级上月考卷子,1,1
天津市2026年普通高等学校招生全国统一考试 全国I卷,1,1
天津市2026年高一上学期物理,1,1
天津市2026年高考试卷,1,1
天津市25-26南开区期末,3,1
天津市9年级化学上册第一次月考试卷,3,1
天津市七上历史期中,2,1
天津市七下政治期末2025-2026,1,1
天津市七年级上学期数学月考,1,1
天津市七年级下学期期末试题,3,1
天津市为明学校,1,1
天津市二十一中学,1,1
天津市五区县2009-2010第二学期期末七年级历史,2,1
天津市五区县2010-2011第二学期期末七年级历史,2,1
天津市五区县2011-2012第二学期期末七年级历史,1,1
天津市五区县2024-2025高二下学期期末数学,1,1
天津市八下历史期中,4,1
天津市八下历史期末,12,1
天津市八下英语期中,5,1
天津市八下英语期末,11,1
天津市八下道法期中,1,1
天津市八下道法期末,2,1
天津市八下道法第一次月考,3,1
天津市八年级上册第一次月考模拟卷,10,1
天津市八年级上学期期中练习道德与法治2025是2026年,19,1
天津市八年级第一次月考模拟卷,2,1
天津市化学,2,1
天津市化学九上,1,1
天津市化学九上期中,1,1
天津市化学九上期中红桥区,7,1
天津市北辰区2025一2026学年度第二学期九年级笫一次模拟考试语文,3,1
天津市北辰区47中高一十月份月考,11,1
天津市南开中学数学,2,1
天津市南开中学高三语文试题,13,1
天津市南开区2024-2025学年七年级下学期期末道德与法治试题,3,1
天津市南开区2024一2025学年度第一学期九年级语文检测试卷,1,1
天津市南开区2025-2026学年高二下学期期末物理试卷,5,1
天津市南开区2026年生物高三期中,7,1
天津市南开区高一上学期英语,1,1
天津市南开区高一英语,1,1
天津市南开日新,1,1
天津市南开翔宇七年级,3,1
天津市历史2025年中考原卷,1,1
天津市和平区2025一2026学年度第二学期九年级一模,1,1
天津市和平区2025一2026学年度第二学期九年级一模语文,4,1
天津市和平区2025一2026学年度第二学期九年级笫一次质量调查语文试卷,28,1
天津市和平区2026年九年级一模语文试卷,12,1
天津市和平区七下语文期末试卷,2,1
天津市和平区数学,11,1
天津市和平区耀华中学九上化学,7,1
天津市和平区高一数学期中,1,1
天津市和平区高一期中数学,5,1
天津市和平区高二期末考试生物,6,1
天津市咸水沽一中2025‑2026学年高二上第一次月考物理,3,1
天津市四十一,2,1
天津市塘沽紫云中学高三上开学考,4,1
天津市天津一中2025秋，九年级第一次月考试卷，英语,4,1
天津市宝坻区第一学期,1,1
天津市宝坻区高一第一学期,2,1
天津市宝坻区高一语文,1,1
天津市宝坻区高一语文 第一学期,1,1
天津市新华中学,8,1
天津市期中考试,1,1
天津市杨村一中高三一模语文试题,10,1
天津市杨村一中高三二模语文试题,4,1
天津市杨村第一中学2025~2026学年高二上学 期第三次学业质量检测物理试题,2,1
天津市武清区光明道中学,3,1
天津市武清区光明道中学语文月考,3,1
天津市武清区杨村第一中学2025‑2026学年高一上学期第一次月考化学,1,1
天津市武清区杨村第一中学2025‑2026学年高一上学期第一次月考物理,3,1
天津市河东区2025一2026学年度第二学期九年级语文检测试卷,14,1
天津市河东区32,1,1
天津市河东区32中学,3,1
天津市河东区高一期中,3,1
天津市河北二模,1,1
天津市河北二模2024,1,1
天津市河北二模2025年,2,1
天津市河北区2025-2026第二月年八年级道法期末,1,1
天津市河北区2025一2026学年度9年级总复习质量检测(一),3,1
天津市河北区2025一2026学年度9年级总复习质量检测(一)语文,9,1
天津市河北区2025一2026学年度第二学期九年级质量调查语文试卷,2,1
天津市河北区2026年语文九年级结课调查,3,1
天津市河北区2026年语文结课调查,1,1
天津市河北区25至26学年度高三年级总复习质量检测一,1,1
天津市河北区25至26学年度高三年级总复习质量检测一英语,3,1
天津市河西区,1,1
天津市河西区2025一2026学年度第二学期九年级语文检测试卷,5,1
天津市河西区2025一2026学年度第二学期九年级质量调查语文试卷,14,1
天津市河西区2026年语文结课调查,19,1
天津市河西区九年级期末,2,1
天津市河西区友谊路,25,1
天津市河西区梅江中学2025‑2026学年九年级上册第一次月考数学,7,1
天津市滨海七年级上学期数学月考,1,1
天津市滨海新区18到19年物理九上期末试卷,2,1
天津市滨海新区2025~2026数学八年级上册期中试卷,2,1
天津市滨海新区2025一2026中考卷,1,1
天津市滨海新区七下语文期末卷,3,1
天津市滨海新区七年级上学期数学月考,3,1
天津市滨海新区九年级上数学期中考试,2,1
天津市滨海新区九年级数学,3,1
天津市滨海新区二4到二5年化学九上期末试卷,1,1
天津市滨海新区八年级下册道法期末卷子,3,1
天津市滨海新区高一上期中物理,3,1
天津市滨海新区高一下学期英语老师,5,1
天津市滨海新区高一下期末,1,1
天津市滨海新区高二上期中,4,1
天津市滨海新区高二下,1,1
天津市滨海新区高二下英语,1,1
天津市第一中学期末,3,1
天津市第一中月考数学,1,1
天津市第一中月考数学高一,3,1
天津市第一次月考模拟卷,2,1
天津市第一百中学数学月考,3,1
天津市第一百中学月考,4,1
天津市第三中学,1,1
天津市第九十五中,4,1
天津市第二中学,2,1
天津市第二耀华中学,8,1
天津市第五十五中学初三,1,1
天津市第五十五中学高一下学期英语,1,1
天津市第五十五中学高三开学考,1,1
天津市第六十三中学,1,1
天津市第四十七中学,1,1
天津市第四十五中学月考,13,1
天津市第四十五中高一月考试卷,1,1
天津市第四十五中高一第一次月考试卷,4,1
天津市红桥区2026七年级下册道法,4,1
天津市红桥区九上化学期中,4,1
天津市红桥区月考,2,1
天津市红桥区月考高一上,1,1
天津市红桥区第三中学开学考,3,1
天津市红桥区高一上期末,7,1
天津市红桥区高一期中,15,1
天津市红桥区高一期末,5,1
天津市红桥区高三二模,3,1
天津市红桥区高二期中,3,1
天津市育贤中学,18,1
天津市英语一模2026年,3,1
天津市英语高一预新课,4,1
天津市西青区2023年七年级数学期中考试,4,1
天津市西青区2023年七年级期中考试,1,1
天津市西青区张家窝中学高一期中,9,1
天津市语文一模2026,3,1
天津市部分区2019~2020学年度高二年级第一学期期中考试历史,5,1
天津市部分区2020~2021学年度高二年级第一学期期中考试数学,3,1
天津市部分区2021~2022学年度高二年级第一学期期中考试历史,2,1
天津市部分区2021~2022学年度高二年级第一学期期中考试数学,2,1
天津市部分区2021～2022学年度高二年级第一学期期中考试历史,4,1
天津市部分区2022~2023学年度高二年级第一学期期中考试政治,2,1
天津市部分区2022~2023学年度高二年级第一学期期中考试数学,4,1
天津市部分区2023-2024学年度高二第一学期期中物理,3,1
天津市部分区2023~2024学年度高二年级第一学期期中考试历史,1,1
天津市部分区2023~2024学年度高二年级第一学期期中考试政治,6,1
天津市部分区2023~2024学年度高二年级第一学期期中考试数学,4,1
天津市部分区2023～2024学年度高二年级第一学期期中考试历史,1,1
天津市部分区2024~2025学年度高二年级第一学期期中考试数学,3,1
天津市部分区2024~2025学年度高二年级第一学期期中考试英语,2,1
天津市部分区2024~2025学年度高二年级第一学期期中考试语文,3,1
天津市部分区2024–2025年高三,1,1
天津市部分区2024–2025年高三化学,6,1
天津市部分区2025 2026第一学期期中,3,1
天津市部分区2025 2026第二学期期中八年级数学,1,1
天津市部分区2025~2026学年度高二年级第一学期期中考试历史,1,1
天津市部分区2025~2026学年度高二年级第一学期期中考试英语,3,1
天津市部分区2025~2026第二学期期中八年级历史,1,1
天津市部分区2025~2026第二学期期中八年级数学,12,1
天津市部分区2025~2026第二学期期中八年级物理,9,1
天津市部分区2025～2026学年度第一学期期中练习七年级道德与法治,4,1
天津市部分区2026年高三质量调查试卷一 英语,4,1
天津市部分区一模2025数学,3,1
天津市部分区一模2025数学高三,13,1
天津市部分区三年级英语试卷2025-2026含听力,13,1
天津市部分区学年度初一第一学期期末考试七年级上册外研版英语,5,1
天津市部分区学年度初一第二学期期末考试七年级下册外研版英语,2,1
天津市部分区学年度初二第第学期期末考试八年级上册外研版英语,7,1
天津市部分区期中,4,1
天津市部分区期中考试,9,1
天津市部分区期末,1,1
天津市部分区期末高二,1,1
天津市部分区期末高二语文,3,1
天津市部分区物理,5,1
天津市部分区英语,7,1
天津市部分区高一期中,6,1
天津市部分区高三质量,1,1
天津市部分区高二数学,1,1
天津市高一化学期末,2,1
天津市高一物理月考,2,1
天津市高一物理期末,9,1
天津市高三英语南开二模2024,2,1
天津市高三英语河东二模2024～2025,3,1
天津市高三英语河北二模2024,4,1
天津市高三英语河北二模2024～2025,1,1
天津市高三英语河北二模2025,1,1
天津市高三英语河西三年模2024～2025,1,1
天津市高三英语河西三模2024～2025,3,1
天津市高三英语红桥二模2024～2025,3,1
天津市高二,1,1
天津市高二上南开中学,6,1
天津市高二上期中物理河西区,2,1
天津市高二上期末物理和平区,1,1
天津市高二上期末物理河西区,1,1
天津市高二南开中学,1,1
天津师范大学附属实验中学,2,1
天津建华,1,1
天津建华中学七下期末英语卷子,1,1
天津建华中学七年级下期末英语卷子,1,1
天津政治,1,1
天津政治必修三试卷,1,1
天津政治必修二,5,1
天津政治必修二范围,2,1
天津政治必修二范围试卷,5,1
天津政治高二,1,1
天津政治高二上学期,1,1
天津政治高二上学期期中,2,1
天津数学,3,1
天津数学向量培优,1,1
天津数学试卷中考,1,1
天津数学高三上月考,6,1
天津数学高三上期中,6,1
天津数学高三上第一次月考,11,1
天津期中,27,1
天津武清区高一,1,1
天津武清区高二下20 2 6期末,2,1
天津武清区高二下20 2 6期末数学,1,1
天津民办初中第一次月考,4,1
天津河东八下期末历史,2,1
天津河东八下期末语文,2,1
天津河东区区高三上学期期末英语,2,1
天津河东区高一统考,2,1
天津河北区2025-2026学年度第二学期高一年级期末质量检测英语试题（原卷版）.docx,1,1
天津河北区学业水平合格性考试化学,48,1
天津河北区高一数学期中,7,1
天津河西区高一上期末数学,1,1
天津油田第三中学高高二上第一次月考物理,6,1
天津油田第三中学高高二第一次月考物理,1,1
天津津南2026物理八下,1,1
天津海河博爱,4,1
天津海河教育园区南开中学,11,1
天津港保税区第一中学,2,1
天津滨海新区2022-2023,5,1
天津滨海新区2024数学高考模拟,1,1
天津滨海新区2025年到2026年小学四年级上语文期末考试试卷,3,1
天津滨海新区2025数学高考模拟,1,1
天津滨海新区2026数学高三上期末,1,1
天津滨海新区八下物理,1,1
天津滨海新区实验滨海高一上期中,1,1
天津滨海新区数学,3,1
天津滨海新区数学高考模拟,5,1
天津滨海新区耀华高一期中,3,1
天津滨海新区耀华高一期中化学,2,1
天津滨海耀华高一期中,1,1
天津滨海耀华高一期中数学,1,1
天津物理,1,1
天津物理专项,1,1
天津物理中考内能的利用专项,5,1
天津物理河西,1,1
天津物理河西2019年8下,1,1
天津物理河西2020,1,1
天津物理河西2020年8下,2,1
天津物理连通器相关练习题,3,1
天津物理高考,10,1
天津理工大学,1,1
天津理工大学英语,1,1
天津益中,1,1
天津益中九年级物理期末,2,1
天津真题阅读,3,1
天津第二十中学,9,1
天津第二耀华中学,1,1
天津第二耀华中学高一,1,1
天津第二耀华中学高一月考,1,1
天津第八中学,4,1
天津第四十五,3,1
天津答题卡,5,1
天津紫云,1,1
天津红桥八下期末数学,2,1
天津红桥八下期末道法,1,1
天津经济技术开发区,1,1
天津美食APP,2,1
天津耀华中学,9,1
天津耀华红桥,7,1
天津耀华红桥高一数学月考,15,1
天津英华实验学校第一次月考,8,1
天津英语专练,8,1
天津英语单词2600,1,1
天津英语高三,28,1
天津英语高三阅读A,19,1
天津西青八下期末历史,3,1
天津觉民中学,2,1
天津路,1,1
天津选修一化学,1,1
天津部分区一模英语高三,5,1
天津部分区八上物理,1,1
天津部分区八上物理期中,1,1
天津重点校期中,7,1
天津鉴开,1,1
天津阶段检测,5,1
天津高一上学期期中,6,1
天津高一下学期期末,1,1
天津高一下学期期末英语期末,2,1
天津高一下学期期末语文期末,3,1
天津高一化学第一次月考,1,1
天津高一数学下册期末测试卷,4,1
天津高一数学月考,19,1
天津高一数学第一次月考,6,1
天津高一期中数学,4,1
天津高一期中物理,2,1
天津高一第一学期期中数学,6,1
天津高三,2,1
天津高三上学期学考,10,1
天津高三化学,7,1
天津高三英语,17,1
天津高中化学模考,2,1
天津高二上学期期中,1,1
天津高二上学期第1次月考,1,1
天津高二上学期第1次月考数学滨海新区,2,1
天津高二上学期第1次月考物理,5,1
天津高二上学期第1次月考物理油田,1,1
天津高二上学期第1次月考物理滨海新区,4,1
天津高二英语,5,1
天津高二英语高频词测试卷,3,1
天津高考2025数学,3,1
天津高考化学,11,1
天津高考历史一飞冲天专题,4,1
天津高考听力,7,1
天津高考数学,5,1
天津高考模拟考作文,2,1
天津高考模拟考作文范文,2,1
天津高考物理2024,1,1
天津高考物理2026,1,1
天津高考生物真题,2,1
天津高考真题,1,1
天津高考答题卡,2,1
天津高考英语必背高频词汇,1,1
天津高考英语真题,1,1
天津高考英语高频词汇,10,1
天省一中,1,1
天立,1,1
天立集团,2,1
天立集团20,1,1
天立集团2024集团联测,2,1
天籁英语高中英语听力专项训练,3,1
天舟高考衡水同卷,1,1
天舟高考衡水同卷高三一轮复习周测卷,2,1
天衢新区七年级下期中,5,1
天衢新区七年级下期末,11,1
天衢新区七年级下期末答题卡,1,1
天衢新区八年级上期中,1,1
天衢新区八年级上期末,7,1
天衢新区八年级上期末答题卡,4,1
天衢新区八年级下期中,1,1
天长,4,1
天长市历届高考试卷,6,1
天长高一开学考,2,1
天门华斯达学校,4,1
天门市,1,1
天门市2025四下数学期末测试,4,1
太仓小学数学五年级下册期末试卷,4,1
太原2025 2026高一上学期期末数学考试,1,1
太原十二,4,1
太原小升初分班考杏岭,1,1
太原市,1,1
太原市2026年高三年级模拟考试二,2,1
太原市六十一中,5,1
太原市外国语学校,8,1
太原市外国语学校分班考试题,7,1
太原市新希望初中入学考试题,4,1
太原市第三十七中学校,2,1
太原市高一下物理期中考试,4,1
太原市高三,9,1
太原市高三一模2026,8,1
太原师范学院附属中学,3,1
太原新希望小升初招生试卷2025,10,1
太原语文高考,1,1
太原语文高考真题卷,1,1
太和,3,1
太和县八中上册第一次月考,1,1
太和县八年级上册第一次月考,16,1
太宗十思疏,1,1
太康三中,2,1
太康县工业小学,3,1
太湖高级中学,1,1
太湖高级中学高一下12月,1,1
太行中学,3,1
失败的滋味,4,1
头同尾合十,2,1
头同尾合十的计算,3,1
头屯河区,4,1
夷陵区,1,1
奇偶性,5,1
奇偶性 对称性 周期性专题,1,1
奇偶性与单调性专题,1,1
奇偶性专题,2,1
奇台一中,3,1
奇台一中期末考试,11,1
奇台一中期末考试数学,8,1
奇妙的世界,2,1
奇点计划自主招生八年级,6,1
奇点计划英语自主招生八年级,1,1
奉化区,6,1
奉贤中学,2,1
奉贤二模24年化学,4,1
奉贤二模24年数学,3,1
奉贤二模24年物理,3,1
奉贤二模24年语文,4,1
奉贤区数学一模,1,1
奉贤区英语二模,1,1
奋斗中学,3,1
奥数 1 2年级,1,1
奥数 1 2年级人教版,1,1
奥数 1 2年级苏教版,12,1
奥数八年级数学免费,4,1
奥数六年级,5,1
奥数培优讲义,8,1
奥数训练2,1,1
奥数题,2,1
奥林匹克化学竞赛,1,1
奥林匹克化学竞赛模拟,1,1
奥林匹克小丛书,1,1
奥林匹克数学竞赛河南,2,1
奥林匹克数学竞赛高二,5,1
奥林匹克物理竞赛高中,2,1
奥林匹克物理竞赛高二,4,1
奥林匹克生物竞赛决赛,3,1
奥林匹克竞赛试卷决赛,10,1
奥林匹克竞赛题,4,1
奥赛王,4,1
奥运中的数学,1,1
女,1,1
女娲补天,3,1
她,2,1
她皎然由小优兔j山。New People's Education Edition English Grade 8 Volume 1.Unit 4 stratified homework in the second class.,3,1
好024学年第一学期杭州北斗联盟期中联考,4,1
好课件 上好课,1,1
好题汇编,4,1
好题汇编202-2026高考化学真题分类编绘,5,1
好题汇编，高考分类汇编,10,1
如东,9,1
如东七上,2,1
如东七上数学,9,1
如东七上英语第一次月考,2,1
如东七年级上册数学期末考试卷,2,1
如东七年级上册数学第二次月考试卷,6,1
如东七年级上册英语期中试卷,4,1
如东中学,1,1
如东九上数学第一次月考,6,1
如东高级中学,2,1
如东高级中学九月,1,1
如东高级中学高三九月,8,1
如何发展壮大国有经济题目,1,1
如图所示质量为0.3千克右端由挡板的木板壁放在水平地面上,3,1
如图是定义在区间上的函数,3,1
如皋,8,1
如皋中学高二上学期,7,1
如皋实验初中分班,3,1
如皋市,1,1
如皋市 期初,1,1
如皋市白蒲中学,3,1
如皋市第一中学,3,1
姑苏区七下语文期末试卷,3,1
姜堰中学,14,1
姜堰中学高一上,6,1
姜堰中学高物理一上,4,1
姜堰二中学必修一数学,1,1
姜堰二中必修一数学,4,1
姜堰励才,4,1
姜堰励才7年级英语试卷,6,1
姜堰区励才,3,1
姜堰四中,1,1
姜堰四中九年级物理作业,5,1
姜堰第二中学必修一数学,1,1
姜堰，如东四校,4,1
威宁,1,1
威宁八中,2,1
威宁县2025年至2026年第二学期质量监测,3,1
威宁彝族回族苗族自治县东风镇,25,1
威海六上,7,1
威海地区五四制六年级数学下册期末历年试卷,3,1
威海市2025 2026高一下学期期末化学,6,1
威海市九年级化学上册期中,6,1
威海市九年级数学上册期末,3,1
威海市文登区七年级下册数学,1,1
威海市第一中学高三生物,7,1
威海市高二下期末考试英语,1,1
威海高二,1,1
威海高二期末,1,1
威海高二期末生物,1,1
威远中学校,5,1
娄底三中,2,1
娄底二中,1,1
娄底二中入学考试 高中 高一,3,1
娄底高一分班考,1,1
婺源县三年级上册,7,1
婺源县三年级下册期中考试,3,1
婺源县三年级下册期末考试,6,1
婺源县二年级下册,6,1
婺源县二年级下册期末考试,3,1
婺源县初一月考,5,1
嫩江,4,1
嫩江高一数学上期中,7,1
嫩江高一英语上月考,2,1
子墨说语文,1,1
字帖,6,1
字帖 1 6年级下册语文字帖 免费,9,1
字帖英语,1,1
字水中学,1,1
字水中学八下,1,1
字节精准教育联盟2026英语,11,1
字词,3,1
字词专项,3,1
字词检测,2,1
字音字形,10,1
存志,5,1
孝义市2015至2016第二学期期末学情分析八年级,3,1
孝义市2025至2026第二学期期末学情分析八年级,4,1
孝感一般高中协作体,3,1
孝感一般高中协作体九月,1,1
孝感九月,3,1
孝感二模英语,1,1
孝感市联考卷子,1,1
孝感英语,3,1
孝感高中上学期开学考,3,1
孝感高中上学期开学考生物高三,2,1
孝感高中开学考,1,1
孝感高中高一期末试卷,4,1
孝感高级中学数学分班考,7,1
孝感高级中学数学分班考高1,5,1
孝昌县八年级下册期末数学卷子,1,1
孟子三章,3,1
孟子三章 对比,1,1
孟子三章 对比阅读,3,1
孟德尔,7,1
季延初级中学分班卷,2,1
学 易 金卷2025 2026,7,1
学 易 金卷八上数学期中考试卷,1,1
学 易金卷,9,1
学 易金卷统编,2,1
学2026易金卷,1,1
学业合格性考试,25,1
学业水平合格性考试江苏,31,1
学业水平测试,8,1
学业水平考试2026,1,1
学业水平选择性考试,5,1
学业考试物理,1,1
学业考试物理黑龙江,3,1
学丞,5,1
学习之星真题的逻辑,1,1
学习之星课课帮8上物理,1,1
学习之星课课帮8上物理人教版,5,1
学习之星课课帮八上物理人教版辽宁,1,1
学习指导,8,1
学习探究诊断,1,1
学军小学,5,1
学军数学,4,1
学军数学高二上,2,1
学军紫金港,5,1
学军高三历史联考,2,1
学军高三政治联考,3,1
学军高三数学联考,3,1
学军高二上月考1月,2,1
学年中学期末,3,1
学情调研,6,1
学易优,1,1
学易优物理,2,1
学易金,1,1
学易金卷 真题重组卷 人教A 版 必修第一二册,6,1
学易金卷 真题重组卷 高二上学期 期中,9,1
学易金卷 第1‑2章月考提高卷,20,1
学易金卷九年级上册数学,1,1
学易金卷九年级上册数学单元自测,3,1
学易金卷九年级第一章二次函数能力提升,1,1
学易金卷人教A版,10,1
学易金卷人教版,4,1
学易金卷人教版第一次月考,6,1
学易金卷内蒙古真题重组卷生物,1,1
学易金卷高一政治下学期期末模拟卷01新高考专用,3,1
学易金卷高一生物下学期期末,1,1
学易金卷：九年级数学上学期期末模拟卷,5,1
学易金卷：高一数学上学期第一次月考02【测试范围：人教A版2019必修第一册第一章~第二章,1,1
学校,4,1
学案七年级上册数学,5,1
学物理学习方法,12,1
学生笔记本,3,1
学科 网,1,1
学科竞赛,4,1
学科网 组卷网 2025—2026学年度下学期教学质量检测题 高一化学,4,1
学科网3500词汇自测section 31 plastic到prepare,5,1
学科网上好课,4,1
学科网上好课四边形热烤九种模型,8,1
学科网原创,7,1
学科网原创模拟真题100道,8,1
学科网命卷大赛,6,1
学科网精准搜索这份试卷关键词（3套方案，从易到难）  方案1：最强精准关键词（直接复制粘贴）  完整搜索词 九年级英语 试卷共10页 满分120分 考试时间100分钟 听力理解20小题每小题1分 What is Lucy's hobby 精简版（推荐） 九年级英语 满分120分 考试100分钟 听力What is Lucy's hobby 方案2：按试卷特征拆分搜索逻辑  1. 核心固定参数（独属于这套卷）  • 年级科目：九年级英语  • 规格：10页、满分120分、考试时长100分钟  • 听力开篇题：What is Lucy's hobby? A.Going cycling B.Reading books C.Playing the piano  2. 学科网操作技巧  • 关键词之间用空格隔开，系统自动匹配同时包含所有内容的试卷；  • 搜索结果页左侧筛选：学段→初中、科目→英语、资料类型→试卷；  方案3：如果搜不到原题的备用办法  1. 只搜听力句子 What is Lucy's hobby?（英文加引号，强制精确匹配原文）；  2. 若还是找不到，大概率是学校自制卷/内部月考卷，学科网无上传资源，这时可以：  ◦ 直接拍照，用搜题APP搜单题答案；  ◦ 把整张卷子拍照发给我，我帮你逐题解答。  补充打印小提示  在学科网找到对应PDF后，优先下载高清原版PDF文件，比图片版打印更清晰、不会字体模糊。,1,1
学科网精品频道全力推荐,5,1
学科网首页,1,1
学科网：搜关键词：仙桃市 高一下学期期末质量监测 语文,2,1
学科诊断,17,1
学练优物理八年级下册,5,1
学考 20 2 5 年 学业水平考试浙江,11,1
学考2025年广东省普通高中政治学业水平合格性考试真题,3,1
学考一本通,1,1
学考减分学考测试,4,1
学考减分学考测试高二物理,2,1
学考卷,1,1
学考合格考,1,1
学考尖峰学考测试,3,1
学考模拟,2,1
学考模拟卷,1,1
学考试卷,2,1
学考试卷物理,1,1
学考试卷贵州,1,1
学而思,2,1
学而思英语必修三,6,1
学英语周报,6,1
学英语报,13,1
学课网组卷网,10,1
学课网组卷网'合肥,14,1
学课网组卷网的试卷,1,1
学霸4星,8,1
学霸4星七下苏科版,9,1
学霸提优大试卷,7,1
学霸笔记同步精讲高中英语PPT,2,1
学霸背记手册,7,1
孩儿立志出乡关,1,1
宁中、海中大讲堂数学试卷,5,1
宁中海中大讲堂数学试卷,1,1
宁乡,19,1
宁乡一中,5,1
宁国中学开学考,4,1
宁国中学高一入学考试试卷,4,1
宁国中学高一燕津书院试卷,1,1
宁国市开学考 高一,1,1
宁城县2025 2026职高高一下期末数学,3,1
宁城县2025 2026高一下期末数学,2,1
宁夏2026人教版小升初,2,1
宁夏五年级下学期阶段检测,2,1
宁夏八年级下学期期末,3,1
宁夏分班考试,7,1
宁夏初一分班考英语,3,1
宁夏历史,3,1
宁夏历史高考,2,1
宁夏回族,1,1
宁夏回族自治区银川市第25中学2024 2025学年7年级期末数学试卷,3,1
宁夏回族自治区银川市第25中学2024~2025学年7年级期末数学试卷,6,1
宁夏固原市初一分班考英语,2,1
宁夏期中,36,1
宁夏期末,4,1
宁夏竞赛,11,1
宁夏贺兰县八年级上册物理卷子,2,1
宁夏银川一中,2,1
宁夏阶段检测,7,1
宁夏青铜峡市宁朔中学2024-2025学年第二学期期末考试,4,1
宁夏高一物理试卷上学期,1,1
宁夏高一物理试卷上学期期末,6,1
宁夏高二英语会考模拟卷,6,1
宁德 2 0 2 5 2 0 2 6 高二第二学期期末质量检测,1,1
宁德一中,3,1
宁德一中开门考,3,1
宁德培文,3,1
宁德市,10,1
宁德市2023 2024学年第二学期期末高一化学,3,1
宁德市2025 2026学年高二下学期7月期末质量检测,5,1
宁德市2025~2026下学期期末考试,12,1
宁德市2025到2026学年第二学期期末高二历史,2,1
宁德市2025到2026学年第二学期期末高二地理,4,1
宁德市2025到2026学年第二学期期末高二英语,2,1
宁德市2025到2026学年第二学期期末高二语文,5,1
宁德市半期,3,1
宁德市周宁县,8,1
宁德市数学,3,1
宁德市福宁古五校2024-2025生物质量检测数学试卷,2,1
宁德市福宁古五校2024-2025高二上学期期末物理质量检测数学试卷,4,1
宁德市福宁古五校2024-2025高二上学期生物质量检测数学试卷,2,1
宁德市福宁古五校2024-2025高二生物质量检测数学试卷,2,1
宁德市福宁古五校2024-2025高学期期末物理质量检测数学试卷,1,1
宁德市统考期末卷,2,1
宁德市英语七年级下册,5,1
宁德市高一下学期期末,3,1
宁德市高三上期末考,1,1
宁德市高二,4,1
宁德数学,11,1
宁德福鼎,17,1
宁德蕉城区,4,1
宁晋一中,2,1
宁晋一中月考,3,1
宁晋县第一中学,2,1
宁朔,5,1
宁波 二中,1,1
宁波 初一分班考试,1,1
宁波2025年九校联考高一英语试题,1,1
宁波2025年九校联考高二英语试题,4,1
宁波七中提高班,2,1
宁波中学大讲堂测试,4,1
宁波九校,3,1
宁波九校联盟,2,1
宁波九校联盟物理试题高一下,1,1
宁波九校高一下化学,3,1
宁波九校高一下物理,2,1
宁波九校高一下语文,2,1
宁波二中行为规范手册试卷,1,1
宁波六校联考,10,1
宁波初中分班测,1,1
宁波初中分班测数学,10,1
宁波初中分班测数学七年级,4,1
宁波前湾新区分班考,4,1
宁波奉化中学初升高强基试卷,2,1
宁波市2023学年第一学期期末九校,15,1
宁波市2023物理,4,1
宁波市2024学年第一学期高二数学期中试卷,21,1
宁波市2024学年第二学期期末九校联考高一政治,1,1
宁波市2024学年第二学期高一数学期末试卷,1,1
宁波市2025‑2026学年高三第二学期高考模,3,1
宁波市2025学年第二学期期末九校联考高一历史,1,1
宁波市2025学年第二学期期末九校联考高一政治,4,1
宁波市2025学年第二学期期末考试高二英语试卷,6,1
宁波市2026届高三二模数学,9,1
宁波市九校2025‑2026学年高二下学期期末联考 通用技术试卷,4,1
宁波市联考,6,1
宁波市部分学校联考2023-2024学年新高一入学分班英语测试卷,5,1
宁波市镇海中学英语,5,1
宁波市镇海中学英语模拟试题18,7,1
宁波市镇海中学英语模拟试题28,1,1
宁波市高三十校联考,20,1
宁波市高校联考,77,1
宁波慈溪2025到2026物理期末高一,6,1
宁波慈溪徐福小学,1,1
宁波期中,1,1
宁波期末试卷七下数学,1,1
宁波海曙小升初分班考试卷,5,1
宁波镇海,1,1
宁波镇海数学,2,1
宁波镇海竞赛,2,1
宁波高三一模,1,1
宁波高三二模,3,1
宁波高三期末,7,1
宁波高二期末地理,2,1
宁津一中月考,2,1
宁津县,14,1
宁远一中2025届高考临门模拟考,1,1
宁远一中2025年高一分班考,6,1
宁阳县，七年级上册，数学期末卷,3,1
安丘市2025-2026学年第一学期四年级数学期末考试卷,1,1
安丘市东埠中学,4,1
安为什不出师叫声器风华中学今年吉祥册委英语试卷零二六年,1,1
安化县三上语文2025,3,1
安培力和左手定则,6,1
安娜卡列尼娜后四编主要内容,1,1
安宁中学,6,1
安宁中学高一,2,1
安宁中学高一入学考试,1,1
安定区期末试卷,16,1
安岳县2026物理,2,1
安岳高一期末,2,1
安师大附中高一选科化学试卷,1,1
安师大附中高三一模数学考试,1,1
安平志臻中学,1,1
安庆,1,1
安庆a10,4,1
安庆一中2025年高一第一次月考,1,1
安庆一中诚毅书院招生考试试题,1,1
安庆一中高一,1,1
安庆二中,5,1
安庆六校联考,1,1
安庆十中,4,1
安庆四中九年级上册第一次月考数学,9,1
安庆市,3,1
安庆市外国语学校2025年物理,9,1
安康市2024高一上学期,1,1
安康市2024高一上学期期末,1,1
安康市2025 2026高一第二学期期末联考,10,1
安康市期末联考物理,1,1
安康市期末联考物理高一,1,1
安康市高新中学,7,1
安康高新中学,1,1
安微A10联盟,1,1
安微省,1,1
安微省芫湖市南陵县,9,1
安微省芫湖市南陵昙,1,1
安徽 0 2026 中考 试卷 数学,4,1
安徽 0 2026中考 试卷 数学,1,1
安徽 0 2026高考试卷 数学,1,1
安徽 02026高考试卷,1,1
安徽 2026 中考 试卷 数学,1,1
安徽 2026高考 物理,5,1
安徽 A 10联盟高三,1,1
安徽 A 10联盟高三上学,1,1
安徽 A 10联盟高三上学期9月,1,1
安徽 重点高中 自主招生,2,1
安徽 重点高中 自主招生 新高一,5,1
安徽 高考化学2025年真题,1,1
安徽 高考化学2026年真题,1,1
安徽2025年8月化学,2,1
安徽2025年政治高考卷,3,1
安徽2025高三六校,6,1
安徽2026A10八月份高三考试卷,1,1
安徽2026中考数学答案,1,1
安徽2026年中考试卷,5,1
安徽2026开学考,6,1
安徽2026语文中考,3,1
安徽2026高考化学,1,1
安徽2026高考物理试卷,3,1
安徽A10联盟2025-2026学年高三上开学考语文试题,1,1
安徽A10联盟2025-2026学年高三开学考语文试题,6,1
安徽A10联盟2026届高三8月份开学考,6,1
安徽A10联盟2026质检,1,1
安徽A10联盟高三,1,1
安徽a10开学考高三上学期八月底学情调研,4,1
安徽七上数学试卷,7,1
安徽七年级上学期阶段检测,1,1
安徽三年级上学期期中,15,1
安徽专,1,1
安徽专升本,1,1
安徽专用物理一轮复习,2,1
安徽中考一模考,3,1
安徽中考冲刺,1,1
安徽中考化学,4,1
安徽中考压轴数学,3,1
安徽中考原卷,1,1
安徽中考数学真题,1,1
安徽中考模考,1,1
安徽九上试卷,2,1
安徽九年级 物理沪粤,7,1
安徽九年级上册沪科数学期中,9,1
安徽九年级上学期期中,2,1
安徽九年级上学期期中物理琥珀中学,15,1
安徽九年级上学期期末物理四十五中,16,1
安徽九年级上学期期末物理琥珀中学,16,1
安徽人教版八下政治作业,1,1
安徽人教版八下政治作业暑假,1,1
安徽会考地理,1,1
安徽信息2025信息技术合格考,1,1
安徽八年级上学期阶段检测,10,1
安徽六安,7,1
安徽六校入学考,3,1
安徽六校教育研究会2026届高三年级入学素质测试英语,6,1
安徽六校教育研究会新高一入学册,3,1
安徽六校联考入学,1,1
安徽六校联考高三入学,9,1
安徽初赛,1,1
安徽化学中考,1,1
安徽十校联盟,11,1
安徽十校联盟高三9月份数学模拟卷,1,1
安徽卓越县中联盟2025–2026学年高三下学期五月联考（一）语文试题,2,1
安徽卷2024化学。,1,1
安徽卷2024化学高考真题。,1,1
安徽卷2024年高考化学真题,3,1
安徽历史高考卷,1,1
安徽历史高考题,1,1
安徽合肥,5,1
安徽合肥一中2026届高三综合素质检测数学试卷,20,1
安徽合肥一中高一上学期学期期中物理,1,1
安徽合肥一中高一上学期学期期中英,1,1
安徽合肥一中高一上学期学期期中英语,1,1
安徽合肥一中高一下学期物理期末考试试卷2025,1,1
安徽合肥一中高二上期中,6,1
安徽合肥一六八中高一上学期学期期中物理,3,1
安徽合肥七中高二,1,1
安徽合肥三十八中,3,1
安徽合肥八中高一上学期学期期中物理,2,1
安徽合肥八中高一上学期期中英语,1,1
安徽合肥六中高一上学期学期期中物理,2,1
安徽合肥六中高一上学期学期期中英语,6,1
安徽合肥四十五中,12,1
安徽合肥市多校联考2026年春季学期期中考试高 二年级英语试卷,3,1
安徽合肥市第一中学2026届高三下学期5月模拟演 练二英语试题,3,1
安徽合肥市第六中学2026届高三最后一卷英语,5,1
安徽合肥庐江中学,2,1
安徽合肥庐江二学,1,1
安徽合肥庐江汤池开学考试试卷,6,1
安徽合肥皖智高级中学等校2025-2026学年高二4 月期中质量检测英语试题,1,1
安徽合肥皖智高级中学等校2025-2026学年高二4月期中质量检测英语试题,2,1
安徽名校化学2024-2025,1,1
安徽天一大联考高三秋季检测,2,1
安徽学考,3,1
安徽安庆市生物会考八下期末,1,1
安徽安庆市第二中学 安庆市第一中学2025‑2026学年度第二学期期中考试高二英语试题,5,1
安徽安庆怀宁新安中学,3,1
安徽宣城六中九年级数学第一次限时训练,1,1
安徽宣城六中期中考试,1,1
安徽宿州七年级人教版提优卷,5,1
安徽宿州七年级人教版提升卷,1,1
安徽小升初数学,1,1
安徽小高考,2,1
安徽师范大学附属中学,3,1
安徽师范大学附属中学高三一模数学考试,3,1
安徽庐江二中,13,1
安徽庐江二学,1,1
安徽当涂一中高三上学期开学考数学,1,1
安徽必修一试卷,1,1
安徽必修三试卷,2,1
安徽数学,1,1
安徽数学必修一,11,1
安徽数学必修一二,3,1
安徽数学高一上册,2,1
安徽数学高一下册,4,1
安徽数学高一全测,4,1
安徽数学高一期末,2,1
安徽文科分数,1,1
安徽新高一入学考英语,1,1
安徽日语高考,6,1
安徽春季招生试卷,1,1
安徽江南10校联考,10,1
安徽江南10校英语,3,1
安徽江淮十校2026届高三第一次联考,2,1
安徽淮南,5,1
安徽淮南一模,1,1
安徽物理2026高考,1,1
安徽物理初赛,3,1
安徽物理必修三试卷,2,1
安徽物理模拟卷,1,1
安徽物理高三,3,1
安徽物理高考模拟卷,4,1
安徽生物学合格考,7,1
安徽电子试卷,1,1
安徽皖江名校联盟,12,1
安徽省 025年普通高中学业水平合格性考试,1,1
安徽省 安庆市 2024 2025 中考英语,3,1
安徽省 宿州市  砀山县,1,1
安徽省 宿州市  砀山县 砀城第一小学南校区,9,1
安徽省026年中考,3,1
安徽省2025六校联考,2,1
安徽省2025六校联考芜湖一中,1,1
安徽省2026历史原卷,1,1
安徽省2026年中考英语试卷,2,1
安徽省8年级下册卷子,1,1
安徽省8年级下册卷子合肥,12,1
安徽省9年级数学上册上册,1,1
安徽省9年级数学上册上册资料,3,1
安徽省C10联盟,5,1
安徽省C10联盟化学,2,1
安徽省七年级上册数学试卷,1,1
安徽省九师联盟2025/2026学年高三上学期9月开学联考地理,1,1
安徽省九年级第一次月考,12,1
安徽省亳州市谯城区风华中学七下英语期末试卷,1,1
安徽省六安市舒城县第二中学,4,1
安徽省六校,1,1
安徽省六校教育研究会20252026学年高一上学期新生入学素质测试,9,1
安徽省六校教育研究会20252026学年高一上学期新生入学素质测试。,12,1
安徽省六校教育高一入学考试,6,1
安徽省六校联考高一入学考试,1,1
安徽省化学竞赛初赛试题,1,1
安徽省十教育,1,1
安徽省十教育高三,1,1
安徽省十教育高三第一次,1,1
安徽省十教育高三第一次教学质量,1,1
安徽省十教育高三第一次教学质量测评,1,1
安徽省县中联盟化学,5,1
安徽省合肥一中,2,1
安徽省合肥一中江南十校2026届高三综合素质检测语文试卷,6,1
安徽省合肥一中高一上学期学期期中数学,1,1
安徽省合肥一中高一上学期学期期中英语,1,1
安徽省合肥一中高一上学期学期期中英语试卷,1,1
安徽省合肥市2024-2025学年高一下学期期末考试物理试卷,3,1
安徽省合肥市九年级上册第一学期月考其中英语,1,1
安徽省合肥市九年级上册第一学期月考期中英语,5,1
安徽省合肥市九年级上册第一学期月考英语,1,1
安徽省合肥市八年级上册第一学期期中英语,1,1
安徽省合肥市包河区2025到2026学年度48中九年级第一学期,1,1
安徽省合肥市十四五中,11,1
安徽省合肥市第42中学2025至2026学年8年级上学期期末数学试卷。,5,1
安徽省合肥市第45中2025至2026学年8年级上学期期末数学试卷。,11,1
安徽省合肥市第一中学2025到2026学年度高一,4,1
安徽省合肥市第一中学年度高一物理,1,1
安徽省合肥市第一中学年度高一英语,2,1
安徽省合肥市第四十五,4,1
安徽省合肥市第四十五中学2025-2026学年第二学期七年级数学期末试卷,5,1
安徽省合肥物理,10,1
安徽省合肥物理八中高二期中,13,1
安徽省天一大联考2024-2025学年高二下学期7月期末考试语文试题,16,1
安徽省天一大联考高三5月2英语,3,1
安徽省安庆市怀宁县八年级2025 2026学年度第一学期期末考试,1,1
安徽省安庆市怀宁县八年级2025 2026学年度第二学期期中考试,1,1
安徽省安庆市怀宁县八年级2025 2026学年度第二学期期末考试,7,1
安徽省安庆市潜山市,3,1
安徽省安庆市第一中学2025-2026学年度第二学期期中考试高二英语试题,1,1
安徽省安庆市英语中学水平考试试卷,1,1
安徽省安庆市英语中考试卷,1,1
安徽省宿州市 9月份试题,5,1
安徽省宿州市泗县,6,1
安徽省宿州市泗县 9月份试题,1,1
安徽省宿州市泗县中学,1,1
安徽省宿州市泗县中学七年级第一次月考,1,1
安徽省宿州市皖北十三校高二,8,1
安徽省宿州市萧县部分校2025‑2026学年高二下学期6月月考语文试题 （皖北十三校2025‑2026学年高二下学期6月阶段检测语文试题）,1,1
安徽省小学四年级数学期终,3,1
安徽省巢湖一中2025-2026学年高二上学期第一次月考历史试卷,1,1
安徽省师范大学附属高中高一选科考试化学,9,1
安徽省庐巢联盟2025-2026学年高二上学期第一次月考历史试卷,3,1
安徽省庐巢联盟2025-2026学年高二上学期第一次月考语文试卷,2,1
安徽省政治高一上学期期末试卷,12,1
安徽省数学竞赛,6,1
安徽省新高一自主招生,13,1
安徽省新高一自主招生名校,2,1
安徽省桐城2025-2026学年高二上学期第一次月考历史试卷,4,1
安徽省桐城一中2025-2026学年高二上学期第一次月考历史试卷,1,1
安徽省桐城中学2025‑2026学年度上学期第三次学情调研高一英语试题,8,1
安徽省桐城中学高二上学期,1,1
安徽省桐城市第二中学,3,1
安徽省歙县2025至2026数字期末卷,8,1
安徽省淮南市寿县一中,4,1
安徽省淮南市寿县高二下学期期末考试卷,1,1
安徽省淮南市寿县高二期末考试卷,1,1
安徽省滁州市2025-2026学年七年级下学期数学期末试卷,14,1
安徽省滁州市高一第一次月考试卷,9,1
安徽省特色高中教研,6,1
安徽省皖智七年级教学质量检测(四)试卷,3,1
安徽省皖智七年级阶段评估(七)试卷,30,1
安徽省皖智七年级阶段评估(八)试卷,10,1
安徽省皖智七年级阶段评估(六)试卷,4,1
安徽省皖江名校高三开学考物理,4,1
安徽省示范高中培优联盟2025-2026学年高一下学期春季联赛试题,1,1
安徽省芜湖市南陵八年级上册人教版数学第一次月考,7,1
安徽省英语中考试卷,1,1
安徽省蚌埠市2025到2026学年高一上学期期中考试语文试题,1,1
安徽省蚌埠市A层高一上联考2024 2025,27,1
安徽省蚌埠市A层高一上联考2024年物理,1,1
安徽省蚌埠市A层高一上联考2025年数学,6,1
安徽省蚌埠市五河县八年级下学期阶段检测,2,1
安徽省蚌埠市五河县四年级下学期阶段检测,18,1
安徽省蚌埠市怀远县2024 2025学年高二上学期11月,7,1
安徽省蚌埠市高三开学考试,2,1
安徽省蚌埠市高二下期末2025~20265英语,3,1
安徽省重点高中高一实验班入学考试自主招生,6,1
安徽省重点高中高一自主招生,7,1
安徽省阜阳市2023至2024学年高一上学期中化学试题,1,1
安徽省阜阳市太和县马集中心学校,5,1
安徽省阜阳市第一中学2025到2026高一下学期期末考试数学试题,8,1
安徽省阜阳市阜南实验中学2025~2026学年高一上学期12月期中化学试题。,4,1
安徽省阜阳市颍州区,4,1
安徽省霍邱县第三中学九年级上册8月月考试卷,6,1
安徽省马鞍山市2025至2026,1,1
安徽省马鞍山市部分学校,4,1
安徽省高一入学考试,6,1
安徽省高一数学卷,4,1
安徽省高三物理试卷,38,1
安徽省高二上学期期中合肥一中,1,1
安徽省高二上数学选修一第1~4章期末,3,1
安徽省高二上期中英语,1,1
安徽省高二期末县中联盟,6,1
安徽省高考,6,1
安徽省高考地理,2,1
安徽省黄山市屯溪区第四中学,6,1
安徽省黄山市屯溪区第四中学英语8年级上册,1,1
安徽省黄山市屯溪区第四，中学英语8年级上册,1,1
安徽第一卷,14,1
安徽第一卷皖智试卷,2,1
安徽职教高考语文,1,1
安徽联考,3,1
安徽联考高三9月份数学模拟卷,7,1
安徽舒城县二中2024-2025 九年级上开学考,1,1
安徽舒城县二中2024-2025 九年级开学考,2,1
安徽舒城县二中九上开学考,5,1
安徽舒城县二中八下开学考,2,1
安徽舒城县二中期末物理试卷九上,4,1
安徽舒城县二中期末物理试卷九下,4,1
安徽舒城县二中期末物理试卷八下,11,1
安徽芜湖一中六校联考,4,1
安徽芜湖六校联考,1,1
安徽芜湖安徽师范附属大学自主招生,4,1
安徽芜湖镜湖中考物理,1,1
安徽芜湖镜湖中考物理三模,1,1
安徽英语中考,3,1
安徽蚌埠高二,7,1
安徽蚌埠高二月考,12,1
安徽试卷,7,1
安徽语文江南十校,1,1
安徽铜陵高一入学测试卷,1,1
安徽高一上10月月考,10,1
安徽高一上册物理第一二单元检测,4,1
安徽高一上学期学考,1,1
安徽高一上学期数学,3,1
安徽高一上学期数学单元测试卷,5,1
安徽高一上学期期中,5,1
安徽高一上学期江南十校,1,1
安徽高一上学期江南学校数学,1,1
安徽高一上第一次月考物理C10联盟,7,1
安徽高一下册期末考试物理,1,1
安徽高一下县中联盟期中,9,1
安徽高一下学期期末,2,1
安徽高一下物理期末测试卷,8,1
安徽高一数学单元测试卷,1,1
安徽高一第一次月考物理C10联盟,1,1
安徽高一自主招生,7,1
安徽高三8月联考,1,1
安徽高三8月联考数学,7,1
安徽高三9月份数学模拟卷,2,1
安徽高三上学期10月生物联盟卷,1,1
安徽高三上学期学考,3,1
安徽高三上学期开学考a10试联盟,1,1
安徽高三上学期开学考a10试联盟化学,3,1
安徽高三上学期开学考a10试联盟数学,5,1
安徽高三上学期开学考天一,1,1
安徽高三上学期开学考天一数学,1,1
安徽高三上学期开学考数学,2,1
安徽高三上学期开学考数学A10,8,1
安徽高三上学期开学考数学江南十校,3,1
安徽高三上学期开学考试联盟,1,1
安徽高三上学期期中,4,1
安徽高三上学期江淮十校,1,1
安徽高三上学期生物卷,3,1
安徽高三上学期生物联盟卷,1,1
安徽高三上开学考A10,1,1
安徽高三上开学考多下载,1,1
安徽高三上开学考天一,1,1
安徽高三上开学考江南十校数学,2,1
安徽高三上开学考江淮,1,1
安徽高三上期中考思想政治必修一到必修三,6,1
安徽高三下学期学考,4,1
安徽高三下物理模拟卷,4,1
安徽高二上学期化学第一次月考,1,1
安徽高二上学期数学第一次月考,5,1
安徽高二上学期物理动量,5,1
安徽高二上学期阶段检测,3,1
安徽高二期末下学期数学试卷,1,1
安徽高二期末下学期数学试卷开学考,1,1
安徽高考2026年物理卷,7,1
安徽高考化学,1,1
安徽高考历史试卷,1,1
安徽高考历史试卷2025,3,1
安徽高考地理,1,1
安徽高考地理回忆版,1,1
安徽高考数学几何专题,5,1
安徽高考物理2026,3,1
安徽高考物理真题,1,1
安徽高考真题,4,1
安徽高考英语作文真题汇总,2,1
安新,6,1
安新一中3 1,1,1
安新一中3+1,3,1
安新雄安,3,1
安溪县铭选中学高一上册第一次月考卷,15,1
安溪县高一上册第一次月考卷,3,1
安溪县高一上册第一次期末考,20,1
安生,1,1
安达市高级中学,2,1
安达市高级中学高一下学期期末考试化学试题,3,1
安阳一中,2,1
安阳七年级学情调研测试试卷,3,1
安阳小升初,1,1
安阳市2025年市区初中学校七年级学情调研测试试卷,6,1
安阳市七年级入学学情调研测试试卷语数英三科,1,1
安阳市第一中学,3,1
安阳市第一中学周练,70,1
安阳市第一中学安阳鹤壁新乡联考,8,1
安阳市第一中学阶段一,6,1
安陆市,5,1
安陆市第一高级中学,8,1
安陆德安,14,1
安顺九中,6,1
安顺市七年级数学,3,1
安顺市第一高级中学,6,1
安顺市第九中学,2,1
宋濂尝与客饮,1,1
宋老师数学图文制作室,4,1
宋诏桥中学,2,1
完全平方公式 100道计算,2,1
完全平方公式与平方差公式计算题,7,1
完型词汇,1,1
完形填空+选词填空,1,1
完形填空+选词填空八年级英语人教版,3,1
完形填空/选词填空,1,1
完形填空专项,4,1
完形填空外研版,1,1
完形填空外研版高中,5,1
完形填空常考词,2,1
完形填空词汇,1,1
完形填空高频词,6,1
完形填空，免费,5,1
完整预习高三一能复习全部考点,1,1
宏八,5,1
宏帆八中能力测,3,1
宏远,2,1
宏道中学校,1,1
官庄二中,1,1
官渡一中,1,1
官渡区2023~2024,11,1
官渡区2025~2026学年六年级上册,20,1
官渡区2025至2020学年下学期期末学业质量监测7年级道德与法知识题卷,2,1
官渡区师大实验,3,1
官渡区师大实验2025年,1,1
官渡区师大实验七年级,2,1
官渡区师大实验巫家坝2025年,1,1
官能团性质,4,1
定向士官,2,1
定州市,1,1
定州市2026七年级上数学,3,1
定州市2026七年级上英语,2,1
定州市2026七年级上语文,9,1
定州市初一数学,1,1
定州市初一数学第一学期,1,1
定州市高一数学上学期期中卷,2,1
定州市高一数学少学期期中卷,1,1
定心卷,4,1
定比点差,5,1
定海一中开学,1,1
定襄县宏道中学校,2,1
定襄县定襄中学校,4,1
定西市一中月考题,1,1
定西市高一期中考数学,1,1
定语从句 高中,1,1
定语从句专项练习,1,1
定语从句习题,1,1
定语从句初二习题,5,1
定语从句北京,1,1
定语从句的填空,1,1
定语从句练习题,18,1
定轴定区间,1,1
宛城,2,1
宜兴,5,1
宜兴2025期中八上数学,15,1
宜兴2025期中八上数学无锡,27,1
宜兴2025期末八上数学,20,1
宜城,30,1
宜城志达,1,1
宜宾三中,3,1
宜宾中考,12,1
宜宾中考数学2026,1,1
宜宾中考英语卷2024,3,1
宜宾南溪区六年级下册期末语文,3,1
宜宾叙州区二中高一上学期第一次月考,1,1
宜宾叙州区二中高一上学期第一次月考数学,3,1
宜宾市2020年秋季四年级科学试卷,5,1
宜宾市2025年数学初一下期期末,5,1
宜宾市八下期末,24,1
宜宾市第一中学高一上学期第一次月考数学,7,1
宜宾市高一上册物理,2,1
宜宾市高一下册物理,3,1
宜宾生物,1,1
宜宾英语中考卷2025,4,1
宜州区2024初一下册期末试卷数学,5,1
宜州区2025初一下册期末试卷,1,1
宜昌伍家区,11,1
宜昌市   小升初分班测 历年真题,1,1
宜昌市  西陵区 小升初分班测 历年真题,3,1
宜昌市 小升初分班测历年真题,1,1
宜昌期末,9,1
宜春,5,1
宜春九中高一物理,1,1
宜章县第八中学小升初英语分班考,2,1
宜章县第八中学英语分班考,2,1
宜良实验,5,1
宜荆荆恩,8,1
宜阳县镇中卷子数学八下25到26,9,1
宜黄,8,1
宝一中数学,17,1
宝中外国语学校深圳宝安数学,1,1
宝中外深圳宝安数学,1,1
宝中深圳宝安,1,1
宝中深圳宝安数学,3,1
宝坻,3,1
宝坻区期末考试高一数学,9,1
宝坻四中,2,1
宝安,3,1
宝安22校联考,1,1
宝安中学外国语学校深圳宝安数学,2,1
宝安区2024到2025年化学调研,4,1
宝安区2024到2025年第一学期化学调研,6,1
宝安区一模物理,6,1
宝安区八下数学期末,3,1
宝安区化学统考,34,1
宝安区化学调研,6,1
宝安区地理统考,13,1
宝安区物理八上期中期末试卷,9,1
宝安区物理统考,10,1
宝安区统考,1,1
宝安区英语阅读理解,1,1
宝安区高三,15,1
宝山24年二模历史,10,1
宝山24年二模物理,15,1
宝山24年二模语文,13,1
宝山中学,9,1
宝山区,5,1
宝山听力,1,1
宝应,4,1
宝应一年级上学期阶段检测,1,1
宝应县2024～2025上学期英语卷,1,1
宝应县2024～2025英语卷,1,1
宝应县2025-2026八上英语12月月考,1,1
宝应实验中学,3,1
宝鸡市南山中学,3,1
宝鸡市南山高级中学,1,1
宝鸡市南山高级中学高一,2,1
宝鸡市南山高级中学高一上,3,1
宝鸡市南山高级中学高一开学考,1,1
宝鸡市市一检,3,1
宝鸡市联考,7,1
宝鸡新希望,1,1
实战补给站·基础巩固,5,1
实数二次根式,1,1
实数人教版,1,1
实数北师大版,8,1
实数基础的计算题,1,1
实数复习,2,1
实数的运算,1,1
实数的运算100道,10,1
实数的运算习题,14,1
实数运算,1,1
实数运算 计算题,6,1
实数部分计算题,3,1
实物图和电路图互画,4,1
实物图改错,6,1
实用作文素材积累,1,1
实用作文素材积累09,3,1
实用作文素材积累46,2,1
实词,3,1
实词空解题,1,1
实词空解题英语,2,1
实词虚词,4,1
实词虚词 2026复习专题高考,3,1
实际问题与一元二次方程的解和专项练习数学,10,1
实验04探究凸透镜成像规律,4,1
实验11,1,1
实验中学2025~2026高一下学期语文试卷,12,1
实验中学暑假作业,2,1
实验中学高三物理上学期,2,1
实验初中,14,1
实验器材化学,2,1
实验外国语,1,1
实验外国语物理,1,1
实验外国语物理成都,4,1
实验学校,2,1
实验室制氧气,5,1
实验室制法,5,1
实验探究题,8,1
实验滨海高一上期中,1,1
实验班,1,1
实验班分班,1,1
实验班大参考,1,1
实验班提优大考卷,1,1
实验育华,12,1
实验题的解题技巧解析,1,1
宣城中学二零二四到奥零二五学年读第一学期高一年级十月月考数学卷,2,1
宣城二中,1,1
宣城六中九年级上册历史开学考,3,1
宣城市2023 2024年高二下期末考试物理,1,1
宣城市2024中考一模,1,1
宪梓中学,23,1
宪法专项基础选择15,2,1
宪法专题基础选择,1,1
宪法专题基础选择15道,1,1
家国情怀,5,1
容斥问题,2,1
容桂外国语,2,1
容闳学校,3,1
宽城满族自治县第四中学,1,1
宾县一中,5,1
宾格,4,1
宾王月考9月,5,1
宾语 从句 100 题,1,1
宾语 从句 100 题英语,1,1
宾语从句、状语从句、定语从句,5,1
宿州一中初中部,1,1
宿州大泽乡中心校,2,1
宿州市2026届高三教学质量检测政治试题,3,1
宿州市埇桥区博睿学校,2,1
宿州市省、市示范高中2024-2025学年第二学期期末教学质量检测 高一思想政治试题,5,1
宿州市萧县2025~2026学年度第一学期期中质量监测八年级数学试卷,3,1
宿州灵璧县六升七语数英试卷,4,1
宿州第一中学,2,1
宿迁2026中考卷,1,1
宿迁中考,4,1
宿迁中考 2026,10,1
宿迁八上英语周测,1,1
宿迁八上英语第一单元试卷,3,1
宿迁六升七分班考试卷,1,1
宿迁化学中考,1,1
宿迁南京,9,1
宿迁南京师范大学八年级上册数学期中,1,1
宿迁宿豫区,2,1
宿迁宿豫区九年级一模,11,1
宿迁宿豫区九年级期末数学试卷,12,1
宿迁宿豫区期中,3,1
宿迁崇文,2,1
宿迁崇文初级中学 第一次学情调研 数学,1,1
宿迁市钟吾初级中学中学,2,1
宿迁市钟吾初级中学中学2024-2025,1,1
宿迁钟吾分班考,1,1
宿迁钟吾月考,3,1
宿迁马陵新高一8月份开学测试,7,1
宿迁马陵新高一8月份开学测试分班考,5,1
宿迁马陵新高一上学期8月份开学测试分班考,17,1
宿迁高二数学,6,1
密云,1,1
密度大题,3,1
密度练习,20,1
密度计,4,1
寇建斌,2,1
寇建斌 语文试卷,2,1
富阳中学,2,1
富阳中学分班考,1,1
富顺二中,1,1
寒假,1,1
寒风沙,1,1
对偶式,1,1
对勾函数和飘带函数,3,1
对口招生,2,1
对抗赛,7,1
对数 100 道 运算,8,1
对数公式,2,1
对数函数 2026高三一轮专题复习,10,1
对数函数的新定义,1,1
对数均值不等式,5,1
对数型复合函数，图像题,4,1
对数对数函数期末复习知识,5,1
对数概念与对数运算,3,1
对数比大小,3,1
对数计算练习,16,1
对称性,4,1
对角线,1,1
导 数,3,1
导与练,5,1
导与练2027一轮地理,1,1
导与练教师用书,1,1
导体的电阻,3,1
导函数 2026年高考数学一轮复习高频考点题型归纳,2,1
导函数的化简,3,1
导函数的运算,7,1
导子,3,1
导学案化学选修一步步高,1,1
导学案化学选修一步步高人教版,3,1
导学案空间向量,1,1
导敉,3,1
导数 一轮复习2025 常考题型,2,1
导数 专 题 2025 高三一轮,1,1
导数 专题,5,1
导数 专题 免费,8,1
导数 专题免费,11,1
导数 二轮复习,2,1
导数 二轮复习2025 常考题型,1,1
导数 单调性 参数讨论,1,1
导数 比值代换,1,1
导数不等式放缩,9,1
导数不等式的分离参数法,1,1
导数不等式的分离参数法端点效益和分类讨论,3,1
导数不等式证明,1,1
导数与三角函数的综合,2,1
导数与函数单调性,7,1
导数专题卷,15,1
导数专题卷基础,4,1
导数中的不等式证明,7,1
导数切线倾斜角,7,1
导数双变量 恒成立 极值点偏移 切割放缩,4,1
导数双变量12种题型全归纳,4,1
导数同构,4,1
导数和解三角形训练,5,1
导数和解三角形训练大题,4,1
导数大题压轴题,1,1
导数对数均值不等式,1,1
导数小题,3,1
导数恒成立,1,1
导数恒成立求参,4,1
导数放缩,5,1
导数求导,7,1
导数的极最值,7,1
导数的运用,1,1
导数知识点总结,4,1
导数竞赛,7,1
导数练习,3,1
导数结合奇偶性,1,1
导数综合,3,1
导数解题技巧,2,1
导数证明不等式,10,1
导数逆向构造原函数,6,1
导数逆运算构造函数,6,1
导数重难点培优,1,1
导数难,5,1
导数高三,7,1
导数高三双变量,2,1
导数高三同构,2,1
导数高三含参分类讨论,2,1
导数高三恒成立,3,1
导数高三恒成立零点,7,1
导数高三方程根,2,1
导数高三方程跟,1,1
导数高考,25,1
导数高考真题,3,1
导数高考重难点培优,13,1
导游基础,1,1
导管,1,1
导轨,1,1
寿光一中,2,1
寿县一中,4,1
封丘县七年级下册期末,7,1
射洪2024年中考卷,5,1
射洪20年中考卷,1,1
射洪23年中考卷,1,1
射洪24年中考卷,1,1
射洪中学九年级上试卷,27,1
射洪中考卷,10,1
射洪初中卷子,12,1
射洪模拟,1,1
将军饮马 最值问题,3,1
将台,18,1
尉氏三高,2,1
尉氏县第一高级中学,2,1
尉氏县第三高级中学,2,1
小 升 冲刺 试卷,1,1
小 升 初 2025 人教版,5,1
小 升 初 2025 人教版 英语河北省辛集市,1,1
小 升 初 2026四川南江中学分班题,1,1
小 升 初 2026四川南江县,1,1
小 升 初2026数学,9,1
小 升初2025数学试卷分班考,7,1
小 升初2025数学试卷分班考湖南株洲,1,1
小 升初2026分班考,1,1
小 升初2026数学真题卷,1,1
小 升初数学真题卷,1,1
小 升初英语,1,1
小 升初英语人教版,5,1
小 升初英语人教版入学,3,1
小 升初试卷,9,1
小 贺 老师,4,1
小 贺 老师课件 省心备课,4,1
小五升小六,5,1
小初衔接数学,4,1
小初衔接数学资料,1,1
小力学办,1,1
小升初 七年级分班考,2,1
小升初 信阳,1,1
小升初 分班考,1,1
小升初2025分班考,11,1
小升初2025数学试卷分班考试南阳市,1,1
小升初2026,3,1
小升初2026人教版,7,1
小升初2026福建龙岩长汀,5,1
小升初26,1,1
小升初3,1,1
小升初36,1,1
小升初临沂分班考试,22,1
小升初云南文山,4,1
小升初优佳好名校直通车,4,1
小升初入学测试考陕西延安,3,1
小升初入学直通车优加好,8,1
小升初入学直通车分优加好,2,1
小升初入学考试,15,1
小升初几何,2,1
小升初分班考 真题,2,1
小升初分班考云南,3,1
小升初分班考南京,8,1
小升初分班考摸底考,5,1
小升初分班考数学四川,2,1
小升初分班考试,1,1
小升初分班考试卷,5,1
小升初分班考试数学,4,1
小升初分班考试数学试卷太原市,2,1
小升初分班考陕西延安,3,1
小升初奥数培优11 工程问题的深度解析 2025 2026学年六年级下册数学人教版,1,1
小升初奥数培优11 工程问题的深度解析 2025 2026学年六年级下册数学青岛6.3教版,1,1
小升初奥数培优讲义,4,1
小升初密考试卷,1,1
小升初广益,8,1
小升初开学考,6,1
小升初数学,5,1
小升初数学云南,3,1
小升初数学口算,4,1
小升初数学图形与几何,2,1
小升初数学图形专项题,7,1
小升初数学求面积图形题,8,1
小升初数学求面积图形题郑州,3,1
小升初数学苏教版,3,1
小升初数学计算,2,1
小升初数学计算北师大版,1,1
小升初每日一练,2,1
小升初毕业统考卷,1,1
小升初测试卷,11,1
小升初海口,1,1
小升初湘教版英语真题卷,13,1
小升初直升班,1,1
小升初福建,9,1
小升初第1次考试,2,1
小升初考试试卷数学,1,1
小升初考试语文,6,1
小升初苏科版,1,1
小升初苏科版南京市历年真题,3,1
小升初英语分班考,8,1
小升初英语单词,2,1
小升初英语单词 背默表,3,1
小升初英语暑假天天练 新七年级衔接卷,3,1
小升初英语知识点,2,1
小升初英语练习题,4,1
小升初英语词汇,5,1
小升初英语试卷安徽合肥,1,1
小升初英语试卷安徽合肥庐江,1,1
小升初英语语法,3,1
小升初英语语法总结,4,1
小升初衔接,11,1
小升初计算,1,1
小升初计算题,1,1
小升初试卷数学,4,1
小升初语文分班考试卷,22,1
小升初语文复习讲练测,1,1
小升初语文暑假天天练,15,1
小升初语文阳江,4,1
小升初语法复习,2,1
小升初资料,3,1
小升初过渡初一,1,1
小升初过渡初一云南数学,1,1
小升初过渡初一云南数学衔接,2,1
小升初选拔,6,1
小升初道德与法治,5,1
小升初道德与法治选择判断专项练,1,1
小升初长沙英语,1,1
小升初，小升初分班测试卷试题,40,1
小卷,1,1
小学 奥数6年级,1,1
小学 奥数6年级竞赛,1,1
小学 英语,1,1
小学 英语单词800默写三到六年级,4,1
小学5,5,1
小学6年级复杂年龄问题,1,1
小学一年级,3,1
小学三年级下册阅读理解专项词汇译林版,1,1
小学三年级英语,6,1
小学三年级英语人教版电子版教材。,1,1
小学二年级下册数学奥数题,3,1
小学五年级三起五下外研版英语课本,4,1
小学五年级奥数题,2,1
小学六上圆的练习题,5,1
小学六年级北师大第一单元,4,1
小学六年级数学上册,24,1
小学分数,1,1
小学升初中分班考试,4,1
小学四年级上册语文,1,1
小学四年级数学亿以上数零的训练题目,9,1
小学四年级英语,1,1
小学四年级英语湘鲁版,1,1
小学基础测试,1,1
小学奥数,3,1
小学奥数6年级,1,1
小学奥数数学,9,1
小学奥数行程问题,3,1
小学实际问题,5,1
小学总复习,7,1
小学总复习乌鲁木齐,3,1
小学所有古诗,3,1
小学排列,1,1
小学数学5年级小数的简便运算,1,1
小学数学六年级上册北师大教版课堂精练,4,1
小学数学六年级上册北师教版课堂精练,3,1
小学数学竞赛,3,1
小学数学裂项求和的讲解课程,10,1
小学时态综合,6,1
小学至初中数学公式,5,1
小学英语,4,1
小学英语 语法 必备知识大全,23,1
小学英语1000词,1,1
小学英语五年级下册期末考,1,1
小学英语六上课文讲解视频2013人教版,10,1
小学英语单词汇总,5,1
小学英语卷,3,1
小学英语听力,2,1
小学英语语法,4,1
小学英语语法课,6,1
小学英语课本,1,1
小学行程问题,1,1
小学行程问题奥数,1,1
小学裂项,2,1
小学裂项求和课程,7,1
小学计算题,1,1
小学诗词,1,1
小学语文3,1,1
小学语文3年级上册,7,1
小学语文72篇古诗词,2,1
小学语文卷子,5,1
小学语文四年级下册,1,1
小学语文四年级下册期中学习评价,2,1
小学语文素养,3,1
小学除法,1,1
小店区第九中学,7,1
小数,7,1
小数乘整数,3,1
小数乘法小数除法综合,2,1
小数乘法小数除法综合人教版,1,1
小数乘法测试,5,1
小数乘法计算专项,4,1
小数乘除法,10,1
小数乘除法苏教版,2,1
小数的乘除法,3,1
小数的乘除法试卷,1,1
小数的认识试卷,2,1
小数简便运算,1,1
小数除法,1,1
小数除法的计算,3,1
小数除法简便运算,3,1
小杨老师,3,1
小猫钓鱼,1,1
小猫钓鱼英语专项练习,6,1
小纸条系列,3,1
小纸条系列晨读晚练,10,1
小考,1,1
小船渡河,1,1
小船过河,2,1
小船过河专题,6,1
小船过河模型、关联速度问题,3,1
小论文题目,2,1
小试牛刀,2,1
小说知识点,8,1
小辛老师,4,1
小题狂做,2,1
小高 考 2024 2025 江苏 学业水平 合格性考试复习,2,1
小高考,1,1
小高考试卷,1,1
少年素质教育报英语,1,1
少科班,4,1
尖,3,1
尚德实验,5,1
尚智,5,1
尚贤中学，八年级上册，物理期中考试试卷,2,1
尧山,1,1
就剩化学期中山西,1,1
就近原则和就远原则,2,1
尼勒克县第二小学,1,1
尼尔基第三中学,2,1
屏南九年级上册,8,1
屏南九年级上册2025-2026,3,1
屏南县实验小学,1,1
展开与折叠,8,1
屯溪一中物理,1,1
山 东 2 0 2 6高考,1,1
山 东 2 0 2 6高考真题地理,1,1
山 东 2 0 2 6高考试卷,1,1
山 东 中考2 0 2 6真题,4,1
山东 5 月供题,1,1
山东 青岛,1,1
山东.21年生物高考,14,1
山东2022物理,1,1
山东2022物理高考,2,1
山东2024,2,1
山东2024历史选择题专项,4,1
山东2024模拟考,11,1
山东2025合格考,4,1
山东2025物理高考,3,1
山东2026合格考,1,1
山东2026数学统考,1,1
山东2026高考一轮复习讲练测测,1,1
山东2026高考真题,1,1
山东26年高考,1,1
山东26语文,1,1
山东26语文高考,1,1
山东一摸,1,1
山东七年级上分班英语,4,1
山东七年级上学情英语,1,1
山东七年级上学期期中潍坊,7,1
山东七年级上开学情英语,1,1
山东七年级上开学英语,23,1
山东七年级下学期期末,1,1
山东七年级下学期阶段检测,2,1
山东三年级下册期末试卷,6,1
山东专升本,1,1
山东专用 政治一轮复习讲义,1,1
山东东平,1,1
山东东营垦利一小小升初,4,1
山东东营垦利五下期末25 一26,7,1
山东东营省第一中学期中测试卷历史,2,1
山东东营省第一中学期中测试历史,1,1
山东中考2026,9,1
山东中考历史,5,1
山东中考数学数学,1,1
山东中考数学试卷题,3,1
山东中考真题,1,1
山东中考试卷16,1,1
山东中考试卷26,1,1
山东中联韩联教育科技有限公司,3,1
山东临沂七年级上册,2,1
山东临沂二十四中地理高二月考,1,1
山东临沂市2025-2026学年第二学期高一期末考试物理试卷,5,1
山东临沂市2025-2026学年第二学期高一期末考试物理试卷（含精品解析）,3,1
山东临沂市河东区2025-2026学年度上学期期末学业水平质量调研,3,1
山东临沂数学,3,1
山东临沂数学月考,3,1
山东临沂第一中学期末测试卷历史,3,1
山东临沂高二数学期末,1,1
山东临沂高二英语月考,4,1
山东九五协作体,1,1
山东九五协作体一模,1,1
山东九年级上学期,15,1
山东九年级上学期期末,1,1
山东九年级下学期期末,2,1
山东九年级数学毕业试卷题,8,1
山东五四制中考1600,1,1
山东五年级上学期阶段检测,2,1
山东五年级下学期升学模考,2,1
山东五年级下学期期末,1,1
山东会考,6,1
山东八年级下学期阶段检测,5,1
山东六年级上学期阶段检测,10,1
山东六年级下册语文期末考试,4,1
山东六年级下学期期末,3,1
山东冬季普通高中学业水平合格考,11,1
山东初一分班考试卷,3,1
山东化学元素知识点总结,1,1
山东卷地理,1,1
山东卷地理高中,3,1
山东卷英语,1,1
山东卷英语高三,3,1
山东卷英语高考,1,1
山东历史,1,1
山东历史免费,7,1
山东历史高二期末,2,1
山东历史高考,1,1
山东合格考真题数学,3,1
山东同济中学,3,1
山东名校考试联盟12月考,3,1
山东名校考试联盟12月考政治,2,1
山东名校考试联盟物理,3,1
山东名校考试联盟物理高三,3,1
山东名校考试联盟高三上学期9月开学考,2,1
山东名校考试联盟高三上学期9月开学考试,7,1
山东名校联盟9月开学考,1,1
山东名校联盟开学考,4,1
山东四年级上学期阶段检测,1,1
山东地区高一1月,2,1
山东地理会考,1,1
山东地理高一下学期期末考试,1,1
山东夏季化学合格考,3,1
山东夏季普通高中合格考化学,12,1
山东夏季物理合格考真题,2,1
山东大学数学强基,1,1
山东大学附属中学,3,1
山东大附属中学选拔考,1,1
山东威海乳山七年级上册数学,4,1
山东威海乳山高二上学期期中物理,5,1
山东威海乳山高二上学期期末物理,11,1
山东威海五上数学,7,1
山东威海初四,2,1
山东威海初四期中,3,1
山东威海期中初四,1,1
山东威海期末2026物理,8,1
山东威海高二上学期期末数学,11,1
山东威海高二上学期期末物理,5,1
山东实验,2,1
山东师大附中,12,1
山东师范大学附属中学2023级高三高考前适应性训练,2,1
山东强基计划语文真题,17,1
山东德州中考试卷26,2,1
山东德州市2025-2026学年高一下学期期末考试语文试题,5,1
山东德州市2025至2026高一上学期期末生物,3,1
山东德州数学十以内的加减法计算题,4,1
山东德州第九中学,3,1
山东德州高三历史试题期中,3,1
山东德州高三历史试题期末,6,1
山东德州高三地理试题期中,1,1
山东政治21年高考,1,1
山东文科高考数学,1,1
山东日照,1,1
山东日照化学,2,1
山东日照市2025-2026学年第二学期高一期末考试物理试卷,14,1
山东日照期中,1,1
山东日照期末物理,1,1
山东日照期末英语,7,1
山东日照模拟,3,1
山东日照英语试卷人教版七上,1,1
山东月考物理,3,1
山东枣庄10月月考,13,1
山东枣庄峄城,4,1
山东枣庄市2025-2026学年第二学期高一期末考试物理试卷（含精品解析）,11,1
山东枣庄滕州市往年语数英三科小升初分班考试真题卷,5,1
山东正禾,2,1
山东泰安2023模拟物理,13,1
山东泰安八年级下学期化学期末,3,1
山东泰安八年级下学期数学期末,1,1
山东泰安市历史第二学期期末学业水平检测,1,1
山东泰安高一上学期期中考试题,9,1
山东济南,3,1
山东济南2025-2026六年级下册语文期末考试,2,1
山东济南2026六年级下册语文期末考试,1,1
山东济南八上化学月考试卷,1,1
山东济南八上化学期中考试试卷,2,1
山东济南六年级下册语文期末考试,1,1
山东济南历城二中,1,1
山东济南市市中区2025-2026学年四年级下学期数学,1,1
山东济南数学,20,1
山东济南期末2025,9,1
山东济南期末2025语文,2,1
山东济南高三三模英语,3,1
山东济宁历史,2,1
山东济宁地理,9,1
山东济宁地理三模,1,1
山东济宁市2025-2026学年第二学期高一期末考试物理试卷,10,1
山东济宁数学,6,1
山东济宁生物,1,1
山东济宁高一期末试卷,1,1
山东济宁高三三模英语,1,1
山东淄博2015~2016学年高一下学期期期末英语试题,1,1
山东淄博2024中考题,2,1
山东淄博2024诊断,7,1
山东淄博2025中考题,10,1
山东淄博临淄区六年级下学期末英语试卷,7,1
山东淄博九年级上册期中物理真题,4,1
山东淄博实验中学2026高一下学期七月期末英语试卷,3,1
山东淄博实验中学高二年级开学考试,5,1
山东淄博市周村区2025-2026学年九年级上册数学期末考试试卷,6,1
山东淄博张店区,1,1
山东淄博期中,3,1
山东滕州市2025-2026学年第二学期高一期末考试物理试卷（含精品解析）,2,1
山东滨州期末物理,2,1
山东滨州期末英语,7,1
山东潍坊,4,1
山东潍坊2025-2026高二上10月数学试题,3,1
山东潍坊2025_20626,1,1
山东潍坊一模,6,1
山东潍坊学考,2,1
山东潍坊安丘63制七年级上册数学期末试卷,9,1
山东潍坊市2025-2026学年第二学期高一期末考试物理试卷（含精品解析）,4,1
山东潍坊市高二历史第二学期期末学业水平检测,3,1
山东烟台2025初一期中检测题,1,1
山东烟台市2025一2026高二期末历史试卷,8,1
山东烟台数学开学考,1,1
山东烟台语文高一必修一2025年上学期期中考试试卷,4,1
山东物理2026高考,3,1
山东物理合格考,1,1
山东理工职业,1,1
山东生物2026初赛,6,1
山东生物2026高考真题,4,1
山东生物遗传专题,7,1
山东省,1,1
山东省 0 2026初三中考历史,3,1
山东省2025冬季合格考,1,1
山东省2025冬季普通高中合格补考,2,1
山东省2025冬季普通高中通用技术合格考,1,1
山东省2025冬季普通高中通用技术合格补考,2,1
山东省2025到2026年高二英语,2,1
山东省2025年冬季普通高中学业水平合格试数学,4,1
山东省2025德润学校10月份阶段性诊断,3,1
山东省2025德润学校10月份阶段性诊断7年级,7,1
山东省2025普通高中通用技术合格考,1,1
山东省2026年历史中考,6,1
山东省2026年地理中考,1,1
山东省2026年高一英语作文汇编,3,1
山东省2026生物初赛,7,1
山东省2026高中3月水平调研高三地理,5,1
山东省2026高中3月水平调研高三地理济南,3,1
山东省2026高二上学期数学月考,4,1
山东省2027届高三第一次适应性考试,1,1
山东省东营市东营区三年级下册学期期末,5,1
山东省东营市实验中学2025~2026学年七年级上册期中考试化学试卷,3,1
山东省东营市实验中学2025~2026学年六年级上册期中考试数学试卷,2,1
山东省东营市实验中学2025一2026学年七年级上学期期中考试历史试卷,3,1
山东省东营市实验中学2025一2026学年七年级上学期期中考试政治试卷,1,1
山东省东营市实验中学2025一2026学年七年级上学期期中考试语文试卷,1,1
山东省东营市实验中学2025一2026学年七年级上学期期中考试道法试卷,1,1
山东省东营市胜利中学2025~2026学年七年级上册期中考试数学试卷,1,1
山东省东营市胜利中学2025~2026学年七年级上册期中考试英语试卷,1,1
山东省临沂区八年级下册英语期末考试试题2025-2026,2,1
山东省临沂市2026初三中考,4,1
山东省临沂市2026高二上学期数学月考,2,1
山东省临沂市兰山区2024 2025学年九年级上学期期中考试物理试题,1,1
山东省临沂市兰山区七年级上册,1,1
山东省临沂市兰山区七年级上册开学考,3,1
山东省临沂市兰陵县八年级下册数学期末试卷,2,1
山东省临沂市兰陵县八年级下册英语期末试卷,6,1
山东省临沂市沂南县2025-2026八年级下册数学期末试卷,1,1
山东省临沂市河东区,21,1
山东省临沂市罗庄八年级上学期期中2025-2026数学,1,1
山东省临沂市蒙阴县 数学2025至2026期末试卷六下,4,1
山东省临沂市蒙阴县2024-2025学年六年级下学期,1,1
山东省临沂第一中学月考,1,1
山东省乐陵2026八年级下册其中考试,1,1
山东省乐陵2026八年级下册期中考试,6,1
山东省乐陵2026八年级下册期中考试数学,3,1
山东省乐陵2026八年级下册期末考试英语,5,1
山东省乐陵市2026小学毕业考试试题,13,1
山东省信息技术合格考模拟,1,1
山东省兖州市2025-2026学年高二上学期11月期中考试数学试题,1,1
山东省八年级,1,1
山东省八年级上册期中数学,6,1
山东省八年级上册期末数学,14,1
山东省八年级下册数学期末考试试题2025-2026,1,1
山东省八年级物理卷,1,1
山东省兰陵县临沂市八年级下册数学期末考试试题2025-2026,4,1
山东省兰陵县罗庄区市八年级下册数学期末考试试题2025-2026,5,1
山东省冬季,4,1
山东省冬季普通高中学业水平合格考,20,1
山东省冬季普通高中学业水平合格考试语文试题,11,1
山东省初中学业水平考试,10,1
山东省初二,1,1
山东省初二英语,5,1
山东省化学合格考,2,1
山东省北镇中学高一,12,1
山东省北镇中学高一 开学考,2,1
山东省合格考真题2026化学,1,1
山东省合格考真题2026化学高中,1,1
山东省合格考真题思想政治,9,1
山东省名校考试联盟9月开学考试,3,1
山东省名校考试联盟高一上学期期末物理,3,1
山东省名校联盟9月开学考试,4,1
山东省夏季普通高中学业水平合格考,5,1
山东省夏季普通高中学业水平合格考试历史试题,4,1
山东省威海市文登区五四制六年级上册数学试卷,1,1
山东省威海市文登区五四制六年级上学期末历年试卷,2,1
山东省威海市文登区五四制六年级数学下册期末历年试卷,1,1
山东省实验,2,1
山东省实验中学 0 2026考前模拟预测,2,1
山东省实验中学 科学营,7,1
山东省实验中学10月份高一物理月考,4,1
山东省实验中学2025届高三第一次模拟考试,1,1
山东省实验中学2025高一上必修一地理期中考试,2,1
山东省实验中学2025高一上必修一政治期中考试,4,1
山东省实验中学2026高一上必修一历史期中考试,1,1
山东省实验中学2026高一上必修一地理期中考试,1,1
山东省实验中学2027届高三暑假学习质量检测,1,1
山东省实验中学20二二届高32模历史试题,2,1
山东省实验中学周测,2,1
山东省实验中学期中,9,1
山东省实验中学物理高二月考,2,1
山东省实验中学科学营,4,1
山东省实验中学语文,4,1
山东省实验中学高一上期末物理,2,1
山东省实验中学高一下期末,1,1
山东省实验中学高一下期末物理,1,1
山东省实验中学高二上学期物理期中,1,1
山东省实验中学高二上学期生物第一次阶段性检测,1,1
山东省实验中学高二月考,8,1
山东省实验语文,1,1
山东省实验高中,1,1
山东省山海卓越杯,1,1
山东省市2025-2026学年高二上学期11月期中考试数学试题,1,1
山东省德州市2026中考,3,1
山东省德州市德城区,5,1
山东省德州市武城县,1,1
山东省德州市禹城市,1,1
山东省德州市禹城市自主招生试卷,1,1
山东省德州市陵城区五年级,1,1
山东省德州市陵城区高三,1,1
山东省德州市陵城区高三9月,1,1
山东省德州普通高中学业合格考,3,1
山东省怕八年级下册数学期末考试试题2025-2026,2,1
山东省怕八年级下册英语期末考试试题2025-2026,2,1
山东省新泰市2026至20277年级上学期期中检测,2,1
山东省新泰市2026至20277年级上学期期中检测英语试题,4,1
山东省日照市,2,1
山东省日照市2022级高三开学校际联合,8,1
山东省日照市2022级高三开学考试,1,1
山东省日照市2022级高三开学考试数学,2,1
山东省日照市2026年期末考试,1,1
山东省日照市五莲县 2024至2025学年 8年级上册人教版 8年级上册期中考试,2,1
山东省日照市五莲县 2025至2026学年 8年级上册人教版 8年级上册期中考试,3,1
山东省日照市八年级下册压强试题,1,1
山东省日照市新营中学,6,1
山东省日照市第一中学2025 2026学年高一上学期第一次质量检测数学学科试题,2,1
山东省日照市莒县,1,1
山东省日照市莒县初二,1,1
山东省日照市莒县贯通班,4,1
山东省日照市高三开学考,9,1
山东省日照市高二上学期开学考试数学,10,1
山东省日照市高二期末,4,1
山东省普通高中学业水平等级考试历史,3,1
山东省曲阜市2025-2026学年高二上学期11月期中考试数学试题,8,1
山东省曲阜市普通高中2025-2026学年高一上学期11月期中考试数学试题,3,1
山东省曲阜市普通高中2025-2026学年高一上学期11月期中考试英语试题,9,1
山东省曲阜市普通高中2025-2026学年高二上学期11月期中考试数学试题,1,1
山东省枣庄市高二下学期期末考试语文试题,9,1
山东省枣庄市高二期末考数学卷,5,1
山东省桓台第一中学高二上学期月考物理,9,1
山东省模拟卷,1,1
山东省汶上县,6,1
山东省沂南第一中学,7,1
山东省沂水区八年级下册英语期末考试试题2025-2026,1,1
山东省泰安市2025到2026学年度第一学期期中质量监测八年级上册历史试题,10,1
山东省泰安市2025到2026学年高一上学期期中考试语文试题,15,1
山东省泰安市2026年高一下期末考试数学,3,1
山东省泰安市2026高二下学期期末,2,1
山东省泰安市初中语文选择题专项山东省泰安市初中语文,12,1
山东省泰安市宁阳县四上期中试卷,20,1
山东省泰安市岱岳区五四制九年级上册数学期中考试真题,6,1
山东省泰安市新泰市五四制九年级数学期中考试真题,3,1
山东省泰安市新泰市青云中学,11,1
山东省泰安市泰山区第六中学,4,1
山东省泰安市第六中学,1,1
山东省泰安市高二,6,1
山东省泰安第一中学（新校区）2025-2026学年高二上学期10月学情检测数学试题,3,1
山东省泰安第一中学（新校区）2025-2026学年高二上学期10月学情检测物理试题,2,1
山东省泰安第一中学（新校区）2025-2026学年高二上学期10月学情检测生物试题,5,1
山东省泰安第一中学（新校区）2025-2026学年高二上学期12月学情检测数学试题,1,1
山东省泰安第一中学（新校区）2025-2026学年高二上学期12月学情检测生物试题,2,1
山东省济南实验中学10月份高一化学月考,1,1
山东省济南市2025-2026学年高一上学期期中化学试题,1,1
山东省济南市2025~2026高二上学期期末数学,4,1
山东省济南市2025‑2026学年下学期高二期末学情检测历史试题,1,1
山东省济南市2025‑2026学年下学期高二期末学情检测地理试题,2,1
山东省济南市2025‑2026学年下学期高二期末学情检测政治试题,3,1
山东省济南市2025年高三模拟考试,1,1
山东省济南市2025年高三模拟考试英语,1,1
山东省济南市2026届高三第二次模拟考试数学试卷,2,1
山东省济南市2026年八年级下学期期末数学章丘区真题,1,1
山东省济南市2026高一期末考试,8,1
山东省济南市二零二五至二零二六学年高一上学期英语学科,3,1
山东省济南市历下区2026年三模,5,1
山东省济南市历下区济南西城实验中学2025‑2026学年高二上学期英语1月份月考试题,1,1
山东省济南市名校,1,1
山东省济南市市中区2025至2026学年四年级第一学期数学期末测试试卷,1,1
山东省济南市开学考,1,1
山东省济南市第一中学高考地理二模,3,1
山东省济南市第一中学高考地理二模，2026年,1,1
山东省济南市育秀中学七年级上册开学考分班考,1,1
山东省济南市育秀中学开学考,1,1
山东省济南市莱芜区六上数学,3,1
山东省济南市莱芜区六上英语,3,1
山东省济南市莱芜区六上语文单元测试,19,1
山东省济南市高三开学摸底考试,5,1
山东省济南市高三开学考试,5,1
山东省济南西城实验中学高二上学期期中数学检测,4,1
山东省济宁2025年高三期中,1,1
山东省济宁2025年高二期末,8,1
山东省济宁2026年高三上学期期中,12,1
山东省济宁2026年高三期中,25,1
山东省济宁市2024数学高二上期末,7,1
山东省济宁市2025数学高二上期末,1,1
山东省济宁市八年级上册数学第一次月考,23,1
山东省济宁市嘉祥县2022-2023学年四年级下学期期中学业水平测试硬笔书法试卷,1,1
山东省济宁市嘉祥县2025年高三上学期10月月考,7,1
山东省济宁市曲阜市2026学年三年级下册语文期末试卷,2,1
山东省济宁市曲阜市三年级下册语文期末试卷,10,1
山东省济宁市汶上县中考真题化学,7,1
山东省济宁市汶上县第一中学2025-2026高三开学收心考,6,1
山东省济宁市第一中学,4,1
山东省济宁市育才中学,7,1
山东省济宁市育才中学2025‑2026学年高一上学期10月月考化学试题,3,1
山东省济宁市邹城市,1,1
山东省济宁市邹城市第一学期,1,1
山东省济宁市邹城市第一学期化学,1,1
山东省济宁市高一上学期,1,1
山东省济宁市高一上学期期末,3,1
山东省济宁市高二上学期第一次月考,9,1
山东省济宁市鱼台县八年级上册十二县是的期中,1,1
山东省济宁市鱼台县十二县是的期中,2,1
山东省济宁微山2026年高三期中,4,1
山东省淄博市2025 2026高二上学期期末数学,1,1
山东省淄博市2025~2026年 高二上学期质量检测英语试题,4,1
山东省淄博市2025~2026年 高二质量检测英语试题,1,1
山东省淄博市2025~2026高二上学期期末数学,1,1
山东省淄博市周村区八下期末物理试卷,1,1
山东省淄博市张店区2025-2026七年级下学期道德与法治试题,1,1
山东省淄博市张店区初一上学期道德与法治试题,1,1
山东省淄博市张店区初二下学期道德与法治试题,3,1
山东省淄博市淄博实验中学高二上学期期中考试试卷2025,2,1
山东省淄博市淄川区七年级上册数学试卷期中,3,1
山东省淄博市淄川区第二学期期末,1,1
山东省淄博高二上学期月考物理,5,1
山东省滕州市,12,1
山东省滕州市小升初数学结业考试试卷试卷,1,1
山东省滨州市2026 2027高二下学期语文期末考试原题,6,1
山东省滨州市北镇中学高一 开学考,1,1
山东省滨州市北镇中学高一月考数学,2,1
山东省滨州市博兴县2024-2025八年级,10,1
山东省滨州市沾化区2024 2025下学期七年级下册数学惠民期末测试卷,5,1
山东省滨州市沾化区2025~2026上学期8年级上册数学期末真卷,3,1
山东省滨州市滨城区第四小学,1,1
山东省潍坊市2025‑2026学年高三上学期开学英语试题,2,1
山东省潍坊市2025到2026学年高二下学期质量检测语文试题,3,1
山东省潍坊市2025年中考数学,1,1
山东省潍坊市2026届高三开学调研监测,3,1
山东省潍坊市四年级上册小数和面积的单元卷。,1,1
山东省潍坊市奎文区,42,1
山东省潍坊市安丘市高一上学期期中数学期中,5,1
山东省潍坊市寒亭区初三,9,1
山东省潍坊市寿光市第一中学高一上学期化学,9,1
山东省潍坊市寿光市第一中学高一上学期期中物理期中,7,1
山东省潍坊市寿光市第一中学高一上学期期末物理,1,1
山东省潍坊市寿光第一中学高一上学期数学期中,6,1
山东省潍坊市寿光第一中学高一上学期期中数学期中,3,1
山东省潍坊市寿光第一中学高一数学单元测,2,1
山东省潍坊市市区高一,3,1
山东省潍坊市新四年级上册小数的认识单元卷,2,1
山东省潍坊市昌邑第一中学高一上学期期末物理,1,1
山东省潍坊市昌邑高一上学期期末物理,8,1
山东省潍坊市高三开学调研监测,1,1
山东省烟台市2025-2026学年九年级（五四学制）上学期期末考试化学试题,4,1
山东省烟台市九年级上期中化学试卷,3,1
山东省烟台市海阳市九上语文期中考试试卷,18,1
山东省烟台市海阳市初四期中考试语文,4,1
山东省烟台市芝罘区2020-2021学年九年级上学期期中数学试卷 解析版,6,1
山东省烟台市芝罘区2025-2026学年上学期九年级期末数学试卷（五四学制）,8,1
山东省烟台市芝罘区2025-2026学年九年级上学期期中语文试卷 解析版,1,1
山东省烟台市芝罘区九年级数学期中卷上学期2020-2021,2,1
山东省烟台市莱山区2025-2026学年 （五四学制）九年级上学期期中数学试题,4,1
山东省烟台市蓬莱区化学九年级期中2023-2024,1,1
山东省烟台市蓬莱区物理八年级下学期期末2023-2024,1,1
山东省烟台市高一下学期期末数学,1,1
山东省烟台市高一下学期期末物理,3,1
山东省烟台市，2025到2026年高一第一学期期中考试数学,5,1
山东省罗庄区八年级下册数学期末考试试题2025-2026,1,1
山东省聊城市2025 2026学年度高二下学期期末质量检测英语,1,1
山东省聊城市2025 2026学年第一学期期末学业水平检测语文高一上,3,1
山东省聊城市2025-2026学年高一上学期11月期中教学质量检测数学试题,1,1
山东省聊城市2025-2026学年高三上学期期中教学质量检测数学试题（2026届聊城高三期中统考数学）,3,1
山东省聊城市7年级上册数学期末,4,1
山东省聊城市东昌府区东昌中学,3,1
山东省聊城市东昌府区实验中学,1,1
山东省聊城莘县实验高中月考,9,1
山东省自招,2,1
山东省自招数学,3,1
山东省芝粟区2025～2026八上化学期中考试,2,1
山东省芝粟区2025～2026化学期中考试,1,1
山东省莱州市2025-2026八年级下学期期中物理,1,1
山东省菏泽一中,3,1
山东省菏泽一中自招,1,1
山东省菏泽信息技术合格考模拟,6,1
山东省菏泽市,12,1
山东省菏泽市2025 2026高二下学期 期中数学试卷,1,1
山东省菏泽市2025 2026高二下学期期末试题答案,15,1
山东省菏泽市2025-2026学年高二上学期期中化学试题,4,1
山东省菏泽市2025-2026学年高二上学期期中物理试题,3,1
山东省菏泽市2025-2026学年高二上学期期中考试化学试题,4,1
山东省菏泽市2025~2026学年第一学期期中考试高二日语试题,6,1
山东省菏泽市2026届高三下学期二模考试语文试题（2026.05菏泽高三二模语文）,2,1
山东省菏泽市25~2025~2026年高三学期英语。,6,1
山东省菏泽市25~2025~2026年高二下学期。,1,1
山东省菏泽市5年级 上册期末卷,3,1
山东省菏泽市七年级上册数学青岛版期末,9,1
山东省菏泽市东明县,4,1
山东省菏泽市九年级上册月考,1,1
山东省菏泽市单县自助招生,1,1
山东省菏泽市定陶区,8,1
山东省菏泽市巨野县2026中考试卷,1,1
山东省菏泽市巨野县2026初一期末考试答案,11,1
山东省菏泽市巨野县第二中学高三上学期期中考试,7,1
山东省菏泽市巨野县高一物理试卷,6,1
山东省菏泽市曹县一中,2,1
山东省菏泽市曹县一中2025高一上学期第一次月考物理,5,1
山东省菏泽市曹县七年级上册数学青岛版期末,3,1
山东省菏泽市曹县庄寨镇桃源集镇下寨中学,24,1
山东省菏泽市牡丹区2026年高一七月期末考试数学卷,1,1
山东省菏泽市第一中学2025-2026学年高二上学期10月月考化学试题,5,1
山东省菏泽市第一中学2025-2026学年高二上学期10月质量检测,1,1
山东省菏泽市第一中学2025-2026学年高二上学期期中数学试题,3,1
山东省菏泽市第一中学2025-2026学年高二上学期期中物理试题,3,1
山东省菏泽市第一中学2025-2026学年高二上学期期中考化学试题,5,1
山东省菏泽市第一中学2025-2026学年高二上学期期中英语试题,3,1
山东省菏泽市第一中学2025-2026高二上学期10月质量检测,1,1
山东省菏泽市郓城县2026八年级期末,9,1
山东省菏泽市郓城小升初试卷,2,1
山东省菏泽市郓城英才学校,3,1
山东省菏泽市高三开学考,1,1
山东省菏泽市高三考试语文试卷,6,1
山东省菏泽市高二期末,1,1
山东省菏泽第二中学,9,1
山东省菏泽通用技术合格考模拟,3,1
山东省邹城市2025-2026学年高二上学期11月期中考试数学试题,5,1
山东省邹城市2025到2026第二次月考试卷数学,3,1
山东省青岛市2025~2026高二上学期期末数学,6,1
山东省青岛市2025~2026高二下学期期末数学,2,1
山东省青岛市2025年高三年级调研检测,5,1
山东省青岛市2026届高三年级第二次适应性检测（青岛高三二模）语文试题,2,1
山东省青岛市2026届高三第一学期期末考试数学试题,7,1
山东省青岛市中考英语2025,5,1
山东省青岛市即墨区2025至2026学年度期末质量检测,3,1
山东省青岛市即墨区即墨一中,1,1
山东省青岛市市北区2023-2024学年八年级上学期期中语文试卷,6,1
山东省青岛市胶南八下物理期末试卷,8,1
山东省青岛市胶州市实验中学2024‑2025学年高一上学期10月阶段性检测 数学,16,1
山东省青岛市莱西市2024至2025学年度七年级下册期末考试试题,1,1
山东省青岛市莱西市南京路中学,1,1
山东省青岛市莱西市南京路中学九年级鲁教版五四制,1,1
山东省青岛市莱西市济南路中学2024至2025学年度七年级上册期末考试试题,14,1
山东省青岛市莱西市济南路中学2024至2025学年度七年级下册期末考试试题,8,1
山东省青岛市西海岸新区八下物理期末试卷,4,1
山东省青岛市高三上学期期初调研检测,11,1
山东省青岛第一中学,2,1
山东省青岛第二中学,1,1
山东省青岛第二中学2024-2025学年下学期丘成桐少年班6月数学体验营试题,3,1
山东省青岛第二中学高二上期初考试,1,1
山东省青岛鲁教版五四制南京路中学。2025年9年级第一学期月考数学试卷。,4,1
山东省高 一 0 上学期 物理 期末,3,1
山东省高一上学期10月份阶段检测 月考物理卷,3,1
山东省高一上学期第一次阶段性测试,2,1
山东省高一上期中英语,3,1
山东省高一下学期期末考试,1,1
山东省高一下学期期末考试生物聊城,2,1
山东省高一英语期末考试试卷,7,1
山东省高三一模,6,1
山东省高中数学合格考,1,1
山东省高中数学合格考真题,11,1
山东省高中物理合格考真题,7,1
山东省高中英语合格考真题,5,1
山东省高中语文合格考真题,13,1
山东省高二上学期10月月考,2,1
山东省高二上学期月考,3,1
山东省高考生物,1,1
山东省高考真题2023,1,1
山东省齐鲁大联考9月开学考试,7,1
山东省齐鲁联考9月开学考试,3,1
山东统招专升本,1,1
山东统考2026中考化学真题,3,1
山东统考英语一模,5,1
山东聊城2024-2025高三开学考,1,1
山东聊城市2025-2026学年第二学期高一期末考试物理试卷,11,1
山东聊城市东昌府区第三中学高一,10,1
山东聊城高一期末化学,3,1
山东聊城高一期末语文,6,1
山东聊城高二上学期期中,3,1
山东聊城高二上学期期末,13,1
山东聊城高考,1,1
山东聊城高考试题,1,1
山东聊城高考试题2025,1,1
山东联考,6,1
山东肥城新高一开学摸底考,11,1
山东英语试卷人教版,5,1
山东英语试卷人教版七上,4,1
山东菏泽,1,1
山东菏泽一中,1,1
山东菏泽一模2025,2,1
山东菏泽二十一中八上数学,2,1
山东菏泽市2023数学一模,5,1
山东菏泽市2025-2026学年第二学期高一期末考试物理试卷,2,1
山东菏泽市2025-2026学年第二学期高一期末考试语文试卷,4,1
山东菏泽市成武县,24,1
山东菏泽市牡丹区七下期末,10,1
山东菏泽市牡丹区八上数学,3,1
山东菏泽市牡丹区八上数学期中,16,1
山东菏泽数学2025一模高三,3,1
山东菏泽曹县八年级上册数学试卷,1,1
山东菏泽曹县八年级上册数学试卷2025,3,1
山东菏泽曹县八年级上册英语试卷,3,1
山东菏泽曹县八年级上册试卷2025,2,1
山东菏泽曹县八年级上册试卷2025物理,2,1
山东菏泽曹县英语试卷,1,1
山东菏泽鄄城一中高二数学第二次月考试卷,3,1
山东菏泽高3化学2025一2026期中上学期,1,1
山东菏泽高3物理2025一2026期中上学期,1,1
山东选修二第1，2章化学综合卷,2,1
山东选修二第1，2章综合卷,1,1
山东郓城实验中学上高二10月第一次月考数学,2,1
山东鄄城一中高二数学第二次月考试卷,1,1
山东金榜苑传媒有限公司,5,1
山东青岛2025调研,8,1
山东青岛一模,1,1
山东青岛市南区2025‑2026学年度第二学期期末学业水平质量检测七年级数学试题,3,1
山东青岛市市南区2025-2026学年第二学期七年级期末考试历史试题 标签： 普通图片版答案,5,1
山东青岛市李沧区,12,1
山东青岛期初调研高三,5,1
山东青岛高三二模英语,5,1
山东预赛2025,3,1
山东高一10月份阶段检测,1,1
山东高一6月期末模拟试卷,3,1
山东高一6月期末模拟试卷英语,37,1
山东高一上10月份阶段检测,2,1
山东高一上数学,20,1
山东高一上物理,32,1
山东高一下学期期末山东,2,1
山东高三下学期期末,1,1
山东高三下学期阶段检测,1,1
山东高三九月开学考,6,1
山东高三生物,4,1
山东高三生物开学,30,1
山东高三生物月考,27,1
山东高中物理合格考,1,1
山东高中物理合格考真题,1,1
山东高中物理竞赛,3,1
山东高中物理竞赛初赛,1,1
山东高中物理竞赛初赛真题,3,1
山东高中高考英语真题,1,1
山东高二上学期期中,3,1
山东高二上学期阶段检测,2,1
山东高二上开学考化学,3,1
山东高二上开学考数学,3,1
山东高二上开学考物理,10,1
山东高二上第一次月考,16,1
山东高二上第一次月考聊城,1,1
山东高二下学期化学第一次月考,1,1
山东高二开学考化学鲁科版,32,1
山东高二生物,9,1
山东高考历史,4,1
山东高考政治知识点,1,1
山东高考政治讲义,1,1
山东高考数学,10,1
山东高考数学模拟试题,1,1
山东高考物理,1,1
山东高考物理真题,4,1
山东高考生物2025,3,1
山东高考生物2026,3,1
山东高考试卷2026,1,1
山东齐鲁名校2026联考,6,1
山东齐鲁名校大联考,1,1
山东齐鲁名校大联考第一次,1,1
山丹一中高二期末,1,1
山丹三中,1,1
山坡羊 潼关怀古,5,1
山坡羊潼关怀古,4,1
山大实验,1,1
山大附中10月月考八上,1,1
山大附中2025 2026学年第二学期期末考试物理,1,1
山大附中卧龙学校,2,1
山大附中月考8上语文,1,1
山大附中选拔考,1,1
山大附中高一期末,1,1
山大附中高二第一学期期末考试,1,1
山师大,3,1
山师附中化学第一次月考10月,1,1
山海关第一中学,1,1
山海关第一中学2025-026学年高三下学期第一次模拟考试英语听力音频试卷,5,1
山海关第一中学2025-026学年高三下学期第一次模拟考试英语试卷,5,1
山海卓越杯,1,1
山西2026,2,1
山西2026会考,4,1
山西2026初一,8,1
山西2026年中考物理真题,2,1
山西一模,20,1
山西七年级上学期阶段检测,11,1
山西中考英语二零二六届听力,8,1
山西中考英语听力,7,1
山西临汾适应考,7,1
山西六年级下学期升学模考,13,1
山西初一语文月考,10,1
山西初二英语,4,1
山西升学真题,1,1
山西名校课堂,3,1
山西地区2025~2026年度。七年级下册期末数学卷子,4,1
山西大同,1,1
山西大同七年级上册英语期末试卷,1,1
山西大学附中,2,1
山西大学附中 2025~2026 学年第二学期高二五月月考物理试题,1,1
山西大学附中 2026~2027 学年第一学期高三 8 月模块诊断,3,1
山西大学附中2025 2026学年第二学期高一5月政治,1,1
山西大学附中2025 2026学年第二学期高一5月语文,1,1
山西大学附中2025—2026学年第二学期高三开学考试生物试卷,14,1
山西大学附属中学2025‑2026学年高一下学期7月期末数学试题 山西大学附属中学2025‑2026学年高一下学期期末,2,1
山西大学附属中学2025‑2026学年高一下学期7月期末数学试题 山西大学附属中学2025‑2026学年高一下学期期末英语试题,1,1
山西大学附属中学校2025~2026学年高一第二学期期中考试英语试题,5,1
山西大学附属中学高一分班老,1,1
山西大学附属中学高一分班考,1,1
山西太原2025到2026学年高三9月质量检测卷化学,7,1
山西太原202高三年级期中学业诊断英语,1,1
山西太原八年级上册物理,3,1
山西太原八年级下册课课练物理,2,1
山西太原初一分班考数学,1,1
山西太原市2026年高一下历史市统测试卷,3,1
山西太原师范附属中学,1,1
山西太原高一物理同步练习册,1,1
山西学业水平考试2026,1,1
山西学考,1,1
山西寿阳一中高一数学,1,1
山西小升初统考题,7,1
山西山大附中数学七年级,1,1
山西山大附中语文八年级上册,1,1
山西山大附中语文八年级上册月考,1,1
山西开学考试,6,1
山西数学,1,1
山西晋中平遥中学2025年高一上月考物理,3,1
山西晋中高二上学期,13,1
山西晋城市高平一中实验校等校2026高三,2,1
山西普通高中学业水平考试2026,3,1
山西期末,5,1
山西省,11,1
山西省2025~2026学年九年级第一学期开学摸底考试试卷及答案,13,1
山西省2026数学中考二模,5,1
山西省2027届高三8月份过程性素质评价,8,1
山西省临汾市,5,1
山西省临汾市2020至2021高一下期末数学。,1,1
山西省八上数学期未卷子,4,1
山西省化学2026中考,3,1
山西省大同市2026届高三上学期第一次学情调研（高三一模）化学试题,6,1
山西省大同市九年级数学期中卷子,5,1
山西省太原市七年级英语期末考试卷,7,1
山西省太原市新希望学校真题,1,1
山西省太原市阳曲县新希望六年级真题,2,1
山西省太原市阳曲县新希望分班考试真题,1,1
山西省实验中学,1,1
山西省实验中学高一分班考,1,1
山西省实验中学高一期末,2,1
山西省实验中学高一第一学期期中数学卷子,3,1
山西省平城双语学校七年级英语期中考试卷,2,1
山西省平城双语学校英语期中考试卷,1,1
山西省忻州市2025到2026年学年高一年级期末测试卷,1,1
山西省忻州市第一中学校,11,1
山西省忻州市高级中学,4,1
山西省忻州高级中学,4,1
山西省晋中市2026年5月高三年级模拟高考测试（晋中三模）语文试题,2,1
山西省晋中市介休一中高二上学期十月检测题,21,1
山西省晋中市介休市介休市第二中学阶段测试段测试八年级上册2025~2026第一阶段测试,15,1
山西省晋中市平遥县平中学,8,1
山西省晋中市高一上数学月考,7,1
山西省晋中市高一数学上月考,4,1
山西省晋中市高二第一学期第一次月考试题,4,1
山西省晋城市阳城县 初三2026中考一模 英语（整套试卷、原版听力、全部答案,1,1
山西省运城市薛辽,1,1
山西省高一开学考试卷,2,1
山西省高一数学上月考,1,1
山西省高三语文下学期模拟测试统编版,8,1
山西第二学期二年级下册期末试卷,13,1
山西语文期末 2025 2026七年级期末测试卷下学期,4,1
山西运城,15,1
山西运城高期,1,1
山西长治市联考2025-2026学年高一下学期7月期末质量监测,7,1
山西长治市部分学校2025-2026学年高一下学期7月期末物理试题（文字版，带答案和解析）,1,1
山西阶段检测,3,1
山西高一物理同步练习册,1,1
山西高中学业水平考试2026,1,1
山西高考,5,1
山西高考数学,5,1
山西高考语文,6,1
岑巩四中,4,1
岑溪中学,2,1
岩层经历了从晚古生代泥盆纪、石炭记、二叠纪到中生代,3,1
岱岳区2026期末八下数学,7,1
岳各庄,1,1
岳庙高级中学,2,1
岳池中学,3,1
岳阳七下期末,1,1
岳阳七下期末数学,5,1
岳阳二模2026,1,1
岳阳八上入学,4,1
岳阳县三中开学考数学高二,6,1
岳阳县三中开学考数高二,1,1
岳阳县三中开学考物理高二,4,1
岳阳市2026年高二下期末化学,5,1
岳阳市2026年高二教学质量监测数学,1,1
岳阳市县一中入学考试数学试卷,3,1
岳阳市期末联考,1,1
岳阳市第一中学语文入学考试,3,1
岳阳市第十三中学,1,1
岳阳市第十五中学,5,1
岳阳市第十五中学开学考,1,1
岳阳市第十五中学高三物理,3,1
岳阳市重点中学,2,1
岳阳市重点中学入学考,1,1
岳阳楼区高一物理,12,1
岳阳楼记,1,1
岳阳楼记对比阅读,1,1
岳阳高三,4,1
岳阳高三二模,3,1
峄城七年级上册英语期末,1,1
峄城七年级上册英语期末考试卷,3,1
峄城七年级下册数学期末考试卷,1,1
峄城七年级下册英语期末考试卷,2,1
峄城区2025~2026学年度第一学期期末考试9,1,1
峄城期末七年级下册,4,1
峡西省2026届高三五校联考,2,1
崇仁一中 广昌一中,5,1
崇仁县高一英语,4,1
崇川区入学分班,5,1
崇庆中学期末数学九年级,4,1
崇明一模物理26年,7,1
崇明一模语文26年,3,1
崇明一模跨学科26年,3,1
崇明一模道法26年,5,1
崇明二模,1,1
崇明二模物理26年,1,1
崇明区二模,3,1
崇明区二模英语,1,1
崇明区二模语文,1,1
崇明区杨子中学,1,1
崇明区民本中学,1,1
崇明高三一模数学2024,3,1
崔颖,1,1
嵌套函数,9,1
川沙中学高一,1,1
川沙中学高一入学摸底考,1,1
州省毕节市2025‑2026学年高二下学期期末质量检测,7,1
巢湖七中,3,1
巢湖七年级上英语期末,10,1
巢湖人教版七年级上英语期末,3,1
工业流程大题,3,1
工业流程题安徽,4,1
工商学校,1,1
工大八模语文,7,1
工大大练习,1,1
工大附中月考,1,1
工大附中高一下期末,4,1
工程问题 6年级 奥数,4,1
工艺流程专题,1,1
工艺流程综合题,1,1
工艺流程综合题（6年汇编） (重庆专用) 2021-2026年高考化学真题分类汇编,1,1
工艺流程贵阳,1,1
工艺流程贵阳高考,4,1
工艺流程高考,5,1
左手定则,9,1
左迁至蓝关至侄孙湘,2,1
巨野县2025至2026期末考试,1,1
巨野县七下数学期末试卷,1,1
巨野数学试卷,5,1
巨野期末数学试卷,7,1
巨鹿中学,16,1
巩义,4,1
差倍问题,4,1
已知直线y=kx+2经过点,3,1
已知直线y=kx+2经过点（1，a）,3,1
巴一中,1,1
巴东,1,1
巴东7年纪,4,1
巴东县,4,1
巴东县语文2023年期未考试,4,1
巴东神农溪小学,2,1
巴东红军小学,2,1
巴中0这么,1,1
巴中2诊,1,1
巴中一中入学分班考试真题,8,1
巴中一诊,6,1
巴中临诊考试,2,1
巴中市2022级0诊,1,1
巴中市2023级零诊考试,4,1
巴中市2025,1,1
巴中市2025级高一下学期英语定时训练,6,1
巴中市2025级高一下数学学期定时练习,3,1
巴中市2026年初中学业水平,1,1
巴中市2026年初中学业水平考试数学试卷,4,1
巴中市2026期末数学,2,1
巴中市2026期末物理,2,1
巴中市2026期末生物,3,1
巴中市2026物理,1,1
巴中市20二五届高一下语文定时练习,3,1
巴中市小升初模拟卷,2,1
巴中市小升初模拟卷语文,9,1
巴中市平昌中学七年级上册,3,1
巴中市平昌中学四年级上册,1,1
巴中市平昌县新一中25年秋分班考试试卷,1,1
巴中市平昌新一中七年级上册,2,1
巴中市恩阳区2023年英语试卷六年级下册,2,1
巴中市普通高中2021级零诊考试英语,5,1
巴中市高一上册,1,1
巴中市高一上册英语,3,1
巴中恩阳高一起数学月考9月,1,1
巴中恩阳高一起物理月考9月,6,1
巴中棠湖外语实验学校,6,1
巴中零诊数学,1,1
巴南区2025-2026半期,3,1
巴城高级中学,7,1
巴州二中,5,1
巴彦呼舒第七小学期末,5,1
巴彦淖尔市,4,1
巴彦淖尔市2025 2026学年第二学期高二期末考试数学答案卷,1,1
巴彦淖尔市2025 2026年春季第二学期期末考试,3,1
巴彦淖尔市2025-2026学年第二学期高二期末考试数学答案卷,5,1
巴彦淖尔市2025-2026学年第二学期高二期末考试物理答案卷,1,1
巴彦淖尔市2025~2026年春季第二学期期末考试,8,1
巴彦淖尔市第一中学,4,1
巴蜀 中学,1,1
巴蜀26级九上入学考试数学,2,1
巴蜀中学2023届高考适应性,2,1
巴蜀中学2023届高考适应性英语,1,1
巴蜀中学2026届高考适应性月考卷十,3,1
巴蜀中学入学考试,11,1
巴蜀中学初2028级七下数学期末测试卷,3,1
巴蜀中学周练,4,1
巴蜀中学周练9月,1,1
巴蜀中学导数,3,1
巴蜀中学提前招生,3,1
巴蜀中学数学,3,1
巴蜀中学物理,10,1
巴蜀中学高一下学期期末,5,1
巴蜀中学高三一模,8,1
巴蜀九上化学第一次月考,1,1
巴蜀九上开学考数学,3,1
巴蜀云校,1,1
巴蜀八上数学,1,1
巴蜀八上物理,11,1
巴蜀八下期中英语,8,1
巴蜀八下期末,1,1
巴蜀周测,2,1
巴蜀周练卷,12,1
巴蜀数学八下期末试卷,11,1
巴蜀期末,1,1
巴蜀期末测试卷,2,1
巴蜀科学城中学,3,1
巴蜀高三开学考,2,1
市一中,3,1
市一模调研卷,16,1
市中区2025-2026学年四年级下学期数学,1,1
市中物理8上,1,1
市二模调研卷,24,1
市北,4,1
市北初级,1,1
市北初级中学,4,1
市十,1,1
市四,2,1
市固始县2024年附中真题,1,1
市统考,3,1
市质检卷开门考,6,1
市重点,8,1
布吉中学,1,1
师一英语九年级月考,1,1
师一英语九年级月考10月,1,1
师大七模,1,1
师大博,1,1
师大附中25-26八下,1,1
师大附中入学考,1,1
师大附中双语,2,1
师大附中大练习六语文,1,1
师大附中数学,1,1
师大附中新高一入学考试,1,1
师大附中星城实验,2,1
师大附中梅溪湖中学开学考试卷,1,1
师大附中江西,6,1
师大附中芙蓉中学,1,1
师大附中集团开学考题,1,1
师大附中高一分班考,2,1
师梅,1,1
师范,2,1
师范大学附属实验中学,2,1
师范大学附属实验中学分班考,1,1
师说必修一,2,1
师说必修一英语,3,1
师说必修一英语人教版,5,1
希望,1,1
希望学,1,1
希望杯一般,1,1
带电粒子,1,1
带电粒子在交变电场中的运动图像问题,1,1
带电粒子在周期性变化电场中的运动,4,1
带电粒子在磁场中的运动一轮复习,3,1
带电粒子在磁场中运动的临界和多解问题,3,1
帮我出一下高考地理题关于锋面气旋的题,3,1
帮我找厦门第一中学2024年高一数学入学考试,3,1
帮我找厦门第一中学2024年高一物理入学考试,2,1
常州2026中考,2,1
常州2026数学,1,1
常州七年级,44,1
常州中天实验,2,1
常州中学,4,1
常州中考,1,1
常州化学高二,1,1
常州市北郊高级中学高一月考,2,1
常州市武进区2025一2026上学期期中考试试卷,3,1
常州市武进区实验中学,4,1
常州市武进区西园,1,1
常州市清潭中学七年级下期中考试,1,1
常州市金坛区第四中学,2,1
常州市高二上期中考试卷，数学,5,1
常州数学高二,1,1
常州新北实验,9,1
常州期中高一物理,6,1
常州武进,5,1
常州溧阳中考26届,3,1
常州溧阳六年级下册期末数学2026,3,1
常州物理高二期末,1,1
常州物理高二期末质量调研,6,1
常州第一中学.,2,1
常州英语期中卷,1,1
常州英语真题,3,1
常州英语真题八上,1,1
常州高一期中化学,6,1
常州高中英语期中卷,6,1
常州高级中学,2,1
常微分方程,1,1
常德一中提前招生,1,1
常德市中考物理,1,1
常德市五中,8,1
常德市外国语中学2026年初二下册数学期末试卷,4,1
常德市外国语中学2026年初二下册物理期末试卷,4,1
常德市外国语中学2026年初二下学期物理期末试卷,11,1
常德市通用模拟卷初一入学分班卷,1,1
常德芷兰实验七下期末生物,3,1
常德芷兰高一上学期期末考试,1,1
常数高二开学考,1,1
常熟中学2024年高一期中数学,1,1
常熟中学高二月考,1,1
常熟市昆承中学,3,1
常熟市高三期初考,2,1
常熟高三期初考,2,1
常熟高二开学考,1,1
常见动词过去式,1,1
常见动词过去式高中,3,1
常见化合物及其化学式,4,1
常见天气系统人教,1,1
常见天气系统人教练习,4,1
常见的物质同步卷,2,1
常青,1,1
常青一高,1,1
常青藤英语,1,1
常青藤英语听力高二,2,1
幂函数基础题,3,1
幂函数指数函数等综合题,2,1
幂运算,4,1
干货01,1,1
平南县中学,4,1
平原一中,9,1
平原县第一中学,1,1
平均数,1,1
平均数与方差,4,1
平塘县金伯乐高级中学,2,1
平塘县高二,3,1
平山县,41,1
平形四边形证明题专练,3,1
平抛实验 专题,3,1
平抛运动 单元测试卷,6,1
平抛运动圆周运动,5,1
平方分米到平方米的率是多少,1,1
平方根和立方根,14,1
平方根立方根计算,2,1
平昌县第二中学高一期末,5,1
平民,8,1
平江县,2,1
平江县高一期末数学,1,1
平江颐华2024 2025学年高中入学分班考试,18,1
平湖市黄姑中学,4,1
平潭一中高一,1,1
平移动齐化,3,1
平行 八种模型人教版,3,1
平行与垂直一轮复习,3,1
平行与垂直一轮复习必修四,4,1
平行四边形,5,1
平行四边形判定题目基础,3,1
平行四边形判定题目基础大题,2,1
平行四边形动点问题,5,1
平行四边形综合问题,2,1
平行四边形翻转,3,1
平行性质证明,3,1
平行线与相交线,2,1
平行线与相交线压轴题,1,1
平行线的判定与性质,4,1
平行，定理练习,1,1
平衡常数计算,8,1
平衡态受力分析,2,1
平衡染色体,3,1
平谷八年级下册数学,3,1
平谷初三一模数学,1,1
平遥县,5,1
平遥县2025 2026期末考试答案,16,1
平邑试卷数学九上,1,1
平面1向量,1,1
平面上两点距离,10,1
平面几何专项训练,1,1
平面几何专题卷,4,1
平面几何八大模型,1,1
平面几何动点问题,8,1
平面几何复习,6,1
平面向量与复数,2,1
平面向量专题,10,1
平面向量单元复习,2,1
平面向量单元测试,5,1
平面向量及其线性运算,5,1
平面向量及应用,2,1
平面向量取值,5,1
平面向量基本定理,2,1
平面向量基本定理培优,2,1
平面向量基础题型,3,1
平面向量最值,5,1
平面向量画图法求最值,1,1
平面向量综合应用,1,1
平面向量，高考专题培优,2,1
平面直角坐标系初步,4,1
平面直角坐标系动点问题,3,1
平面直角坐标系图,1,1
平面解析几何,6,1
平面解析几何初步,6,1
平顶山,34,1
平顶山 八年级下册英语 仁爱科普版 期末,3,1
平顶山市,2,1
平顶山市四十一中,1,1
平顶山市期中,1,1
平顶山市期中真题,3,1
平顶山市高一,4,1
平顶山市高一期中考试,7,1
平高教育集团,6,1
平高教育集团高一上学期期中数学,1,1
平高松雅湖,2,1
年五 当年六学年 湖南省长沙市青竹湖湘一外国语学校8年级上第一次月考生物试卷。,1,1
年四川省成都市第七中学高二下零诊模拟数学试卷,6,1
年度热点,8,1
幸运常伴我左右,1,1
幸运常伴我左右作文,1,1
幼儿园,2,1
幼儿园生字,2,1
幼儿生字,8,1
幼儿生字练,2,1
幼升小,5,1
幼小衔接数学题,1,1
广 东 0226初三中考,3,1
广 东 2 0 2 6高考 一模,10,1
广 东 省 2 0 2 6届 一模,3,1
广 州 026高三 二模,5,1
广 西 2 0 2 6中考,1,1
广一模日语,1,1
广一模日语26,2,1
广一测,1,1
广东 中考,5,1
广东20211模。,4,1
广东2021一模。,7,1
广东2024-2025高二日语,6,1
广东2025,2,1
广东2025第一次调研,5,1
广东2025语文,1,1
广东2025语文一模,3,1
广东2026中考,1,1
广东2026中考数学,3,1
广东2026学业水平,3,1
广东2026届广东省六校联盟高三年级六校联盟第一次,1,1
广东2026年中考卷化学,2,1
广东2026高考化学,2,1
广东2026高考真题,3,1
广东2026高考英语高频词3500,1,1
广东8年级上册物理试卷。,8,1
广东8年级数学奥数题,21,1
广东一年级上学期阶段检测,2,1
广东一模 2026 英语,1,1
广东一模2026,2,1
广东一模2026化学,3,1
广东一模。,1,1
广东一模数学,2,1
广东七年级上学期期末,1,1
广东七年级上学期阶段检测,1,1
广东东莞市常平镇2025-2026学年六年级下学期期末语文试题,4,1
广东东莞市，2025-2026,36,1
广东中考2026历史,1,1
广东中考化学,1,1
广东中考卷,9,1
广东中考地理,1,1
广东中考数学真题,3,1
广东中考数学真题2026,2,1
广东中考答题卡,3,1
广东中考英语,3,1
广东中考语文,3,1
广东中考语文真题,3,1
广东九年级上学期期中,2,1
广东九年级上学期期末,1,1
广东九年级下学期undefined,2,1
广东人教版,1,1
广东人教版六年级,1,1
广东人教版高考日语语法大全,11,1
广东佛山一中高一上学期化学,2,1
广东佛山一模,2,1
广东佛山市,1,1
广东佛山市2025 2026学年高一下学政治期末模拟卷,10,1
广东佛山市2025 2026学年高一下学期历史期末模拟卷,2,1
广东佛山市2025 2026学年高一下学期数学期末模拟卷,12,1
广东佛山市2025 2026学年高一下学期英语期末模拟卷,3,1
广东佛山市第一中学,2,1
广东佛山市第一中学2026,2,1
广东佛山市第二中学2026年高三一模,1,1
广东佛山市第二中学高三一模,4,1
广东佛山市高三一模,5,1
广东佛山高三一模,1,1
广东依学考英语,10,1
广东八年级上册语文阅读,2,1
广东八年级上册语文阅读第一个月考试,3,1
广东八年级上学期期中麻章区,7,1
广东八年级上学期阶段检测10月,23,1
广东八年级下学期期末,6,1
广东六年级上学期阶段检测,5,1
广东六校,32,1
广东六校2025,3,1
广东六校2025 高二,1,1
广东六校2025 高二 英语,2,1
广东六校2025英语,1,1
广东六校联盟,1,1
广东六校联盟高三,1,1
广东六校联盟高三第一次,1,1
广东六校联盟高三第一次数学,1,1
广东六校联考,4,1
广东六校联考地理,5,1
广东六校英语时间,1,1
广东六校英语试卷,2,1
广东兴宁一中八上北师大版数学第一次月考卷,2,1
广东兴宁一中八上物理第一次月考卷,8,1
广东兴宁一中八上英语第一次月考卷,2,1
广东兴宁一中八上语文第一次月考卷,5,1
广东创新班选拔考试,3,1
广东创新班选拔考试数学,1,1
广东创新班选拔考试数学八上,2,1
广东化学,2,1
广东化学六校,14,1
广东化学华附,1,1
广东化学深中,2,1
广东升学模考,2,1
广东华附化学,1,1
广东南海六年级上,1,1
广东卷高考,1,1
广东古诗文,1,1
广东古诗文一点通,1,1
广东四年级下册期末,4,1
广东四校,9,1
广东四校联考 华附 省实 广雅 深中,7,1
广东四校联考 华附 省实 广雅 深中2026,2,1
广东地理,2,1
广东地理选修一第一章,3,1
广东地理高三,1,1
广东大湾区2024——2025学年高二下七月期末日语,1,1
广东学考,29,1
广东学考英语1800词汇清单,3,1
广东实验中学英语2025高二,3,1
广东实验中学高二下期末,3,1
广东实验中学高二期中数学2026,4,1
广东小高考专用英语专题,12,1
广东广州市,3,1
广东广州市越秀区2025-2026学年高一第一学 期期末诊断性调研物理试题,3,1
广东惠州八上化学期末,1,1
广东惠州八上物理期末,8,1
广东惠州八上物理测试卷实验,1,1
广东惠州八下物理期末,1,1
广东惠州八下物理期末实验,1,1
广东惠州八下物理期末实验中学,2,1
广东惠州大亚湾,1,1
广东惠州大亚湾七年级下册期末试卷,3,1
广东惠州市八上化学期末,1,1
广东惠州高一 博罗县下学期期末考,4,1
广东惠州高中学考真题2026,1,1
广东揭阳普宁六年级期末考,1,1
广东新高一开学考,6,1
广东春季高考2026,1,1
广东春季高考数学2026真题卷,1,1
广东春季高考试卷,1,1
广东春招真题,1,1
广东春考英语,2,1
广东梅州东中试卷,1,1
广东梅州东中试卷2027年,1,1
广东模拟高三语文2026年,11,1
广东汕头高一,6,1
广东江门,1,1
广东江门联考,1,1
广东江门高一月考卷,6,1
广东江门高二上学期数学期中2026,7,1
广东深圳,1,1
广东深圳2026高三二模语文,5,1
广东深圳实验学校初中部二零二五至二零二六学廿八年级下学期期末道德与法治,1,1
广东深圳生物选择性必修 1月考,1,1
广东深圳生物选择性必修 期末练习题,5,1
广东深圳生物选择性必修 期末考,3,1
广东深圳高三,3,1
广东深圳高三一模考,8,1
广东深圳高三开学,2,1
广东湛江八校2026届联考,3,1
广东湛江八校2026届联考数学,3,1
广东湛江高一第二学期数学期末,3,1
广东潮州,10,1
广东潮州2025~2026年第二学期高二年级数学期末练习卷,3,1
广东潮州饶平小升初试卷,1,1
广东物理2026,1,1
广东物理2026高考,1,1
广东物理阶段检测佛山市,4,1
广东珠海三中高二,2,1
广东珠海小升初初摸底考试,4,1
广东珠海市广东实验中学,1,1
广东珠海香洲小升初初摸底考试,3,1
广东珠海高二,6,1
广东珠海高二上学期,5,1
广东珠海高二第一学期,7,1
广东电白中学,5,1
广东番禺中学,1,1
广东番禺象贤高一期末卷子,2,1
广东省2024年英语中考题,1,1
广东省2025—2026高三9月月考卷,1,1
广东省2025到2026学年高一上学期第一次月考生物试题,1,1
广东省2026届高三9月月考,3,1
广东省2026届高三上学期9月月考,4,1
广东省2026届高三第二次模拟测试数学试卷,7,1
广东省2026年一模化学试卷,3,1
广东省2026年一模英语,2,1
广东省一模卷,1,1
广东省七下语文期末考试,1,1
广东省东莞市2025到2026学年度第二学期教学质量自查高二数学,1,1
广东省东莞市2025到2026学年度第二学期教学质量自查高二物理,1,1
广东省东莞市东华高级中学2024-2025学年高一上学期期末物理复习题一,1,1
广东省东莞市中考,3,1
广东省东莞市语文试卷高中,8,1
广东省中地理水平测试2026年,1,1
广东省中山市2025到2026学年度下学期期末水平测试卷八年级语文,2,1
广东省中山市地理水平测试2026年,9,1
广东省中山市横栏镇七年级期末,3,1
广东省中山市第一中学2025-2026学年七年级上学期新生开学考试英语试题,2,1
广东省中山市高一下学期数学期末,1,1
广东省中山市高二上学期英语一段考,5,1
广东省中考语文,2,1
广东省佛山市南海区七年级下册期末考试英语,1,1
广东省佛山市南海区八年级下册数学期末考试,1,1
广东省佛山市南海区八年级下册期末考试,1,1
广东省佛山市顺德区八下期末卷,3,1
广东省佛山市顺德区桂州中学高一分班考,11,1
广东省信宜市教育城八年级竞赛,1,1
广东省信宜市教育城八年级竞赛泻2o25,1,1
广东省信宜市教育城八年级竞赛泻2o28,1,1
广东省八下期末拔尖模拟卷,1,1
广东省八下期末拔尖模拟卷数学,6,1
广东省八年级上册物理,2,1
广东省六校联盟2026届高三年级第5次联考,3,1
广东省六校联盟2026届高三年级第二次联考,5,1
广东省六校联盟2026届高三年级第五次联考,1,1
广东省初二生物会考真题试卷,4,1
广东省南海区二年级数学下册,5,1
广东省实验中学期中,7,1
广东省广州市广雅中学2024~2025学年高一下学期英语试题,3,1
广东省广州市白云区高一下学期物理期末卷子,2,1
广东省广州市省实,1,1
广东省广州市省实二中执信广雅六中,15,1
广东省广州市越秀区8年级上学期数学期末2025~2026。,1,1
广东省广州市越秀区8年级下学期数学期末2025~2026。,1,1
广东省广州市黄埔区高一上学期地理期末考试,3,1
广东省广州市黄埔区高一上学期道德与法治期末考试,3,1
广东省廉江实验中学,1,1
广东省惠州,8,1
广东省惠州市2025年七年级上册语文第1单元月考检测卷,4,1
广东省惠州市2025年七年级上册语文第1单元检测卷,4,1
广东省惠州市八上化学期末,1,1
广东省惠州市八上化学期末2025-2026,2,1
广东省惠州市高一上学期期末化学,1,1
广东省惠州市高一上学期期末物理,3,1
广东省揭阳市2025-2026高一下学期期末考试数学,3,1
广东省揭阳市2025-2026高一下学期期末考试物理,1,1
广东省揭阳市2025-2026高二下学期期末考试物理,1,1
广东省揭阳市揭西县,30,1
广东省揭阳市普宁市2025年八年级数学上册北师大版第一次阶段性考试,27,1
广东省揭阳市榕城区6年级下册期末,1,1
广东省揭阳市榕城区七年级上学期,13,1
广东省普通高中学业水平合格性考试,16,1
广东省普通高中学业水平合格性考试 语文答题卡 A3,5,1
广东省普通高中学业水平合格性考试2024英语,1,1
广东省普通高中学业水平合格性考试2025数学,3,1
广东省普通高中学业水平合格性考试2025英语,1,1
广东省汕头市汉海区三年级下学期数学期末卷,1,1
广东省汕头市潮阳实验学校,3,1
广东省汕头市金平区2024 2025七下道法,1,1
广东省汕头市金平区2025 2026七下历史,8,1
广东省江门市2025‑2026学年高二下学期调研测试（二）英语,1,1
广东省江门市江海区2026八下英语期末卷,1,1
广东省江门市蓬江区培英高级中学，二零二五高一新生入学考试试卷,3,1
广东省深圳市2023-2024学年,9,1
广东省深圳市2024～2025年九年级上册化学期末试卷,11,1
广东省深圳市2024～2025年九年级上册物理期末试卷,10,1
广东省深圳市2024～2025年九年级上册语文期中试卷,2,1
广东省深圳市2025 2026年八上物理期中,3,1
广东省深圳市2025年至2026年高三数学试卷,3,1
广东省深圳市2025～2026年九年级上册化学期末试卷,3,1
广东省深圳市2025～2026年九年级上册历史期末试卷,3,1
广东省深圳市2025～2026年九年级上册数学期中试卷,67,1
广东省深圳市2025～2026年九年级上册数学期末试卷,4,1
广东省深圳市2025～2026年九年级上册物理期末试卷,9,1
广东省深圳市2025～2026年九年级上册语文期中试卷,27,1
广东省深圳市2026年六年级下册英语考试,2,1
广东省深圳市南山区2024～2025年九年级上册语文期中试卷,2,1
广东省深圳市多校高一物理,3,1
广东省深圳市盟校2025至2026年度高三试卷,2,1
广东省深圳市罗湖区八下英语,3,1
广东省深圳市联盟校,6,1
广东省湛江二中,4,1
广东省湛江市,10,1
广东省湛江市2025-2026学年高二下学期期末测试语文试题,1,1
广东省湛江市滨海学校,9,1
广东省湛江市麻章区2025年八年级上册生物期中,5,1
广东省潮州市饶平县英才实验中学开学考,1,1
广东省珠海市华中师范大学附属中学,2,1
广东省生物初赛,1,1
广东省肇庆市封开县2025   2026  02  九年级上册期末,1,1
广东省肇庆市封开县2025 2026 02 八年级下期末,1,1
广东省肇庆市怀集县,18,1
广东省肇庆市怀集县招生考试,7,1
广东省茂名市,3,1
广东省茂名市2025~2026学年度九年级上册期末考试英语,7,1
广东省茂名市2025至2026年。8年级下册期末英语质检测试,1,1
广东省茂名市信宜市2026物理期末考试,7,1
广东省茂名市化州市2025-2026学年五 年级下学期7月期末试题,3,1
广东省茂名市电白区九年级上册数学期中考试,6,1
广东省茂名市电白区九年级上册数学期中考试2024,3,1
广东省茂名市电白区九年级上册期中考试,12,1
广东省茂名市电白区九年级上册物理期中考试2025,8,1
广东省茂名市茂南区九年级上册期中考试,5,1
广东省金太阳2026届高三上学期8月开学联考26‑05C,11,1
广东省阳春市第一中学,2,1
广东省阳江市,4,1
广东省阳江市第一中学,5,1
广东省阳江市第二中学,30,1
广东省韶关市南雄市2025年高一下物理期末考试卷末,3,1
广东省韶关市南雄市高一下化学期末考试卷,3,1
广东省高一上,19,1
广东省高三八月阶段评测,2,1
广东省黄埔区八年级上册物理,2,1
广东省龙岗区,4,1
广东省龙岗平安里,3,1
广东石门期末,3,1
广东第二师范番禺附属中学高一期末卷子,7,1
广东肇庆中学,2,1
广东肇庆中考数学,4,1
广东肇庆金渡镇华侨初级中学,5,1
广东自主招生真题卷,2,1
广东英语中考真题,4,1
广东茂名,10,1
广东茂名一模,7,1
广东茂名市2025-2026学年度第二 学期质量监测五年级英语试卷,3,1
广东茂名市化州市2025-2026学年度第二学期质 量监测五年级数学试卷,5,1
广东茂名市化州市2025-2026学年度第二学期质 量监测五年级英语试卷广东茂名市化州市2025-2026学年度第二学期质量监测五年级英语试卷,3,1
广东茂名市化州市2025-2026学年度第二学期质量监测五年级数学试卷,1,1
广东茂名市地理试卷,1,1
广东茂名市电白高分,1,1
广东茂名市高州市2025-2026学年度第二学期期末七年级英语试题,1,1
广东茂名市高考地理试卷,1,1
广东茂名高二上册数学试卷。,19,1
广东衡水金卷 先享题 2026 拿满基础分 自主小练 英语 答案,1,1
广东韶关乐昌市第一中学,5,1
广东领航高中联盟物理,9,1
广东高一上学期阶段检测,8,1
广东高一下学期学考,1,1
广东高一数学笫一章,1,1
广东高三一模9月1,4,1
广东高三上学期,1,1
广东高三上学期六校联盟,1,1
广东高三上学期六校联盟第一次,6,1
广东高三上学期六校联考,3,1
广东高三上学期开学测,2,1
广东高三下学期undefined,2,1
广东高三下学期阶段检测,9,1
广东高三六校联盟第一,1,1
广东高三六校联盟第一次,5,1
广东高三六校联盟第一联考,1,1
广东高三化学中学,1,1
广东高三地理,3,1
广东高三数学卷,3,1
广东高三数学卷深圳中学,2,1
广东高三深圳实验学校,1,1
广东高三深圳实验学校物理,2,1
广东高三物理卷深圳中学,3,1
广东高三生物,2,1
广东高三生物百强校,1,1
广东高中学业水平合格性考试,2,1
广东高中短语,4,1
广东高中英语听力,2,1
广东高中英语短语,4,1
广东高中高三短语,3,1
广东高中高三短语综合,1,1
广东高中高三短语综合英语,4,1
广东高二下日语听力,3,1
广东高二下期末日语,8,1
广东高二下期末日语听力,1,1
广东高二日语,1,1
广东高州中学初中校区2025年只2026年度第一学期四校联考月考,5,1
广东高州中学初中校区2025年只2026年度第一学期四校联考月考，第一次,8,1
广东高考历史,1,1
广东高考政治,1,1
广东高考物理,6,1
广东高考物理2026真题卷,1,1
广东高职高考英语,1,1
广中杯,1,1
广丰,4,1
广丰一中,2,1
广丰一中初中,1,1
广丰中学开学考,1,1
广丰区,3,1
广丰区2025-2026学年第二学期期末质量检测四年级数学卷,3,1
广信区综合高级中学,2,1
广元,1,1
广元2026中考,10,1
广元2026高一期末,1,1
广元2026高二期末,2,1
广元外国语学校,2,1
广元外国语学校，高一开学分班考试,5,1
广元市中考数学2026,3,1
广元市中考英语,3,1
广元市川师大万达中学初升高衔接分班考试。,4,1
广华初中,1,1
广外,1,1
广外高一分班考试题,1,1
广大附中九年级大联盟试卷,5,1
广大附中入学,22,1
广大附中黄埔实验学校九年级开学测,1,1
广安 2 026期末,12,1
广安2024级高一期末物理,7,1
广安2025高一春季期末测试,2,1
广安一中,1,1
广安中学,3,1
广安二中入学分班,1,1
广安友谊中学,5,1
广安市中考,1,1
广安武胜,1,1
广安高一,1,1
广安高三零诊,10,1
广州2024英语作文,1,1
广州2025学年第二学期期末训练,1,1
广州2025学年第二学期期末训练高一化学,3,1
广州2026八下期末真卷,14,1
广州2026增城,1,1
广州2026增城数学,3,1
广州2026年中考卷化学,3,1
广州2026年中考真题,2,1
广州22-23二中物理,1,1
广州22-23二中物理期中考,2,1
广州22-23八下二中物理期中考,2,1
广州26高三二模语文,1,1
广州8月调研考,3,1
广州8月调研考数学,1,1
广州DWZX月考,1,1
广州一中,1,1
广州一模,5,1
广州一模日语,4,1
广州七中高一月考,1,1
广州七年级上学期数学期中,29,1
广州七年级英语作文,1,1
广州三校联考语文,13,1
广州三校联考语文高一下,3,1
广州三模物理,3,1
广州中学,3,1
广州中学高一数学期中测试卷,1,1
广州中考,3,1
广州中考2026,2,1
广州中考一模2026,3,1
广州中考一模2026英语,1,1
广州中考五模,1,1
广州中考历年试卷,3,1
广州中考考,1,1
广州中考语文,1,1
广州二模语文高三,1,1
广州五中月考,1,1
广州从化九上数学,1,1
广州佛山六年级上英语,5,1
广州佛山六年级上语文,2,1
广州佛山碧桂园六年级,1,1
广州八上越秀数学期末,4,1
广州八下,2,1
广州八下期末历史,8,1
广州八下物理,1,1
广州八下物理期中考,3,1
广州八下物理期末考试,1,1
广州八区联考高一下期末卷,3,1
广州八年级上册,3,1
广州八年级上册物理,4,1
广州八年级上册英语,17,1
广州八年级下册,1,1
广州初二英语,1,1
广州华师附中学高一上学期数学10月考试卷,5,1
广州华师附中学高一上学期物理10月考试卷,1,1
广州南沙2025九上数学,6,1
广州南沙高一下数学期末,2,1
广州地区2026年8月开学改编卷,7,1
广州外国语,1,1
广州外国语学校七年级下册数学期中考试,2,1
广州小升初密考试卷,1,1
广州市2026-2027学年高三上学期开学模拟测试（四）语文试卷,2,1
广州市2026年白云区数学八下期末试题汇编,1,1
广州市2026年白云区语文八下期末试题汇编,1,1
广州市七中高一月考,1,1
广州市七十五中,1,1
广州市八年级上册数学考试卷,1,1
广州市八年级生物会考真题,2,1
广州市八年级生物会考真题试卷,4,1
广州市初二上考卷,3,1
广州市初二上考卷数学,3,1
广州市前八,1,1
广州市华南师范大学附属中学高一物理必修一,5,1
广州市华南师范大学附属中学高一物理必修一月考,2,1
广州市各区四年级下学期数学真题,25,1
广州市各区四年级下学期英语真题,22,1
广州市各区四年级下学期语文真题,9,1
广州市增城区,1,1
广州市增城区增城中学2025年数学期中考试卷,1,1
广州市天河区89中学新初一分班考试卷,4,1
广州市天河区七年级下 数学,1,1
广州市天河区中学新初一入学测试考试卷,1,1
广州市天河区中学新初一分班考试卷,6,1
广州市天河区中学新初一开学考试卷,1,1
广州市天河区初一入学测试考试卷,1,1
广州市属重点高中广州新高1分班模拟,1,1
广州市广东实验中学八年级期末考语文试卷,5,1
广州市广州中学 9月,1,1
广州市开学摸底考,1,1
广州市执信中学,2,1
广州市执信中学2021-2022学年度历史卷,4,1
广州市执信中学2021-2022学年度第二学期期末演练七年级历史卷,4,1
广州市新初一分班考,1,1
广州市新初一分班考ceshij,1,1
广州市新初一分班考测试卷,1,1
广州市普通高中毕业班综合测试,8,1
广州市海珠区2026年南武中学高一年级上学期第一次月考物理质量检测,8,1
广州市海珠区2026年高一年级上学期期末物理质量检测,1,1
广州市海珠区2026年高一年级上学期第一次月考物理质量检测,2,1
广州市海珠区2026年高一年级上学期第一次期末物理质量检测,4,1
广州市玉岩中学,4,1
广州市真光中学,13,1
广州市第三中学,17,1
广州市荔湾区八下物理期末卷,3,1
广州市调研测,30,1
广州市调研考,4,1
广州市调研考试8月,3,1
广州市越秀2026语文八上期末考,1,1
广州市越秀区2025-2026学年七年级英语期末调研参考资料,20,1
广州市越秀区2025-2026学年第二学期八年级数学期末调研参考资料,1,1
广州市越秀语文八上期末考,1,1
广州市铁一中学,4,1
广州市铁一高一物理必修一月考,7,1
广州市高一下学期英语期末考试,58,1
广州市高一下学期英语期末考试卷,1,1
广州市高一下学期语文期末考试,52,1
广州市高一年级第1次月考,3,1
广州市高二上学期数学期末考,3,1
广州市黄埔区高一下期末数学,3,1
广州广雅,7,1
广州广雅中学,1,1
广州广雅中学高三生物,1,1
广州惠州模拟,3,1
广州执信中学,3,1
广州执信中学2025-2026第二学期高一数学期末考试,2,1
广州摸底考数学,1,1
广州新高1入学摸底试语数英,11,1
广州新高1入学模拟试语数英,1,1
广州新高1分班模拟,1,1
广州新高1分班考试,1,1
广州新高1分班考试语数英,6,1
广州明珠中英文,6,1
广州版,2,1
广州物理,8,1
广州物理八下压强这章,1,1
广州物理八下压强这章单元测试卷,3,1
广州物理高一上,2,1
广州理工学校,1,1
广州番禺八下物理,8,1
广州白云区,1,1
广州白云区九上数学,4,1
广州省实,2,1
广州省广州市广雅中学,2,1
广州省广州市广雅中学花都校区,1,1
广州碧桂园六年级,1,1
广州第二中学,3,1
广州第五中学月考,1,1
广州英语,5,1
广州英语作文,3,1
广州荔湾区真题,6,1
广州调研,1,1
广州零模,2,1
广州零模数学,1,1
广州高一上数学,2,1
广州高一上数学执信,6,1
广州高一下八区期末联考,3,1
广州高一下六十五中语文月考,1,1
广州高一下化学期末,8,1
广州高一物理,8,1
广州高三八月市调研考,4,1
广州高三数学一轮复习,10,1
广州高二上化学,6,1
广州高二上学期数学,1,1
广州高二上学期数学五校联考,1,1
广州高考模拟试卷,1,1
广德中学夏令营,3,1
广德中学夏令营八年级夏令营,2,1
广洲一模,1,1
广益中学,3,1
广益中学入学考试,16,1
广绕化学自招模拟卷,3,1
广西2025中考,1,1
广西2026中考,5,1
广西2026八下物理期末试卷,2,1
广西2026高考,1,1
广西2027,3,1
广西9月月考试卷,13,1
广西9月月考试卷南宁第二中学,9,1
广西一模,17,1
广西上学期,11,1
广西中考真题,3,1
广西九年级下学期期末,2,1
广西二模,3,1
广西八年级上学期阶段检测,7,1
广西兴业县第一中学,22,1
广西升学模考,2,1
广西南宁三美学校阶段考试,8,1
广西南宁天桃九年级物理,1,1
广西南宁小升初入学分班考,34,1
广西南宁市宾阳中学2025—2026学年高一上学期10月考试数学试题,6,1
广西南宁市第三中学,4,1
广西历史,7,1
广西四年升五年,3,1
广西四年级下学期阶段检测2026,6,1
广西四年级升五年级试题,6,1
广西地生中考,3,1
广西壮族自治区来宾市八一中学,12,1
广西奥林匹克,6,1
广西学考,5,1
广西抗洪,3,1
广西教育出版社,1,1
广西柳州市壶西实验中学2024－2025学年七年级上学期,1,1
广西桂平小学四年级上册数学,2,1
广西桂林2025-2026学年期末,8,1
广西桂林市全州县全州第一中学 开学考试,1,1
广西桂林市全州县全州高级中学 开学考试,1,1
广西桂林市全州高中新高一开学考试摸,1,1
广西桂林市国龙外国语学校2026年3月高考月考考,1,1
广西桂林高一入学检测,3,1
广西桂林高一开学考,3,1
广西武鸣区2025 2026学年的五年级下册数学期末卷,1,1
广西河池天峨县小考英语试卷,6,1
广西河池市2025 2026学年春季学期高一期末数学,7,1
广西河池市2025 2026学年春季学期高一期末英语答案,3,1
广西河池市2026届高三三模,1,1
广西河池市十校2025年秋 必一第一章至第二章 人人文档 季学期高二第一次联考,1,1
广西河池市十校2025年秋季学期高二第一次联考,5,1
广西玉林2026年高一期末,1,1
广西玉林新世纪,1,1
广西玉林，四年级下册,12,1
广西玉林，四年级下册期末,29,1
广西生物,1,1
广西生物模考,1,1
广西生物高考模考,3,1
广西百色,1,1
广西百色天立,3,1
广西百色高一上物理期中考试听力,6,1
广西省河池市,1,1
广西艺术学院,4,1
广西英语中考,3,1
广西贵港市港北区六下数学,2,1
广西贵港市港北区数学,1,1
广西钦州市2024年高二英语,1,1
广西钦州市高二期末,3,1
广西钦州期末,3,1
广西钦州高二期末数学下,4,1
广西防城港防城区,1,1
广西阶段检测,1,1
广西高一下学期学考,3,1
广西高三下学期学考,2,1
广西高三下学期期中,4,1
广西高三下学期期末,2,1
广西高三数学,2,1
广西高二上学期期中,12,1
广西高二上学期末,5,1
广西高二下学期期末,2,1
广西高考 2026真题,1,1
广西高考2026,1,1
广西高考化学,1,1
广西高考卷,1,1
广西高考卷2026,1,1
广铁一中九上月考化学,4,1
广铁一中八下英语期末,4,1
广铁一中外国语,15,1
广铁一中外国语学校,3,1
广附,3,1
广附杯,1,1
广附杯2026,1,1
广附高一分班测,5,1
广雅中学,4,1
广雅分班考高一,2,1
广雅高一期末,2,1
广饶县实验中学试卷,14,1
庄子与惠子游于濠梁之上,3,1
庄河市高级中学,6,1
庄浪一中,1,1
庄浪一中试卷,1,1
庄浪一中高一新生入学考试,5,1
庄浪县第二中学,2,1
庆一中,1,1
庆云县2025 2026第一学期七年级数学期未试卷,6,1
庆云县第一中学高一开学考,1,1
庆阳一中,2,1
庆阳市北师大,5,1
序数词,4,1
庐江2023-2024七年级数学期末,1,1
庐江七年级数学第二单元试卷,1,1
庐江中学,4,1
庐江县八年级上册人教版英语第一单元测试卷,2,1
庐阳区期末,7,1
库仑定律 动态平衡,4,1
库仑定律平衡,1,1
库伦定律,1,1
库伦定律基础题练习,1,1
库克学考,2,1
库尔勒二中,1,1
库尔勒华山中学,6,1
库尔勒四中,2,1
库尔勒第四中学,2,1
库车市,1,1
库车市七,4,1
库车市三中,2,1
库车市二,1,1
库车市二中,1,1
应城市八年级下册期未试卷,11,1
应用文写作,6,1
应用文句型翻译,2,1
应用文标准格式,11,1
应用文格式,1,1
应用题专项,10,1
应用题专项突破,5,1
应用题高一,1,1
庖丁解牛,1,1
店压表的测量,1,1
康复技术,6,1
康德,1,1
康德2026高一下册期末重庆,17,1
廉江实验中学,3,1
廊坊中考英语短文填空,3,1
廊坊十五中,1,1
廊坊小 升 初 2026分班试卷,1,1
廊坊精英期末检测卷,4,1
廊坊育人小 升 初 2026分班试卷,3,1
廊坊英语,1,1
延安,6,1
延安市,3,1
延安新区高级中学,6,1
延平,1,1
延平七年级英语,3,1
延庆生物,27,1
延边,4,1
延边二中高一上学期第一次月考卷数学,8,1
建兰中学,4,1
建华,6,1
建太宗十思疏,1,1
建安区,3,1
建平县,13,1
建平县实验中学,1,1
建平县实验中学二模语文,1,1
建平县第二高级中学,11,1
建平县高级中学,8,1
建平西路中学英语试卷,6,1
建水二中初二期末考,1,1
建水县初二期末考,4,1
建水实验中学,4,1
建湖县高级中学,1,1
建湖县高级中学高一,3,1
建湖县高级中学高一上学期,3,1
建瓯一中,3,1
建科院成都九年级期末数学,2,1
建科院成都九年级期末数学2026,1,1
建系大题,3,1
建系法,3,1
建议信,10,1
建设路三中,1,1
建阳,2,1
建阳区2025-2026八年级上册期中考历史试题,1,1
建阳区2025-2026八年级上册期中考物理试题,6,1
建阳外国语,4,1
建阳外国语入学考试,1,1
建阳外国语入学考试七年级,2,1
建阳期末,1,1
建陵,4,1
开侨中学,7,1
开关,1,1
开关电路分析,19,1
开卷考,4,1
开学 2026 开学第一课,1,1
开学 北京,1,1
开学分班考,1,1
开学分班考 高中,2,1
开学分班，初一,1,1
开学学情自测,19,1
开学摸底卷福建厦门专用,1,1
开学摸底卷福建厦门专用仁爱科普版,7,1
开学摸底卷福建厦门专用仁爱科普版2026-2027,1,1
开学摸底考试,3,1
开学期考试,1,1
开学检测,8,1
开学测江苏初一英语,3,1
开学测试题同泽女子高中,1,1
开学测高三,3,1
开学第一次月考,1,1
开学第一课,2,1
开学考 八上,15,1
开学考 分班考 数学,1,1
开学考 分班考 数学 昆明,1,1
开学考 分班考 高一上第一次,5,1
开学考 分班考 高一上语文,7,1
开学考 分班考 高一南头中学,1,1
开学考 分班考 高一数学,1,1
开学考 分班考 高一昆明,1,1
开学考 分班考 高一物理,2,1
开学考 分班考 高一福建厦门,6,1
开学考 分班考 高一福建省,6,1
开学考 分班考 高一福建省英语,3,1
开学考 分班考 高一福建省龙岩英语,1,1
开学考 分班考 高一福田中学,3,1
开学考 分班考 高一衡阳,4,1
开学考 分班考 高一镇海,2,1
开学考 分班考初一,1,1
开学考 开学考 新高一,2,1
开学考 开学考 高一,5,1
开学考2025 2026,12,1
开学考22中,1,1
开学考九年级上,6,1
开学考八上,5,1
开学考冀教版,1,1
开学考初一,16,1
开学考初三,1,1
开学考初三上学期咸阳,5,1
开学考化学高二,3,1
开学考安徽池州高二上,1,1
开学考安徽高中,12,1
开学考安徽高二上,10,1
开学考成都,2,1
开学考成都七中,1,1
开学考数学,9,1
开学考新高三,1,1
开学考浙江高二九月,3,1
开学考试卷高一上学期北川,2,1
开学考试卷高三,12,1
开学考试高一,4,1
开学考试高一下,4,1
开学考试高一下数学,3,1
开学考试高二,4,1
开学考试高二上,21,1
开学考铜盘,5,1
开学考高三上安徽,34,1
开学考高三梅州,2,1
开学考高三物理江西,3,1
开学考高二上,4,1
开学考高二上学期宣城,1,1
开学考高二上学期长郡,3,1
开学考高二上学期附中,2,1
开学质量检测,4,1
开封五县,4,1
开封市祥符区第四高级中学,4,1
开封市祥符区集慧初级中学,14,1
开封市第十三中,6,1
开封市第十三中七年级,1,1
开封市第十三中七年级小升初,3,1
开封市第十三中新生,1,1
开封市第十三中新生学情,1,1
开封市第十四中学,1,1
开封高中,3,1
开封高中初中部,1,1
开封高级中学初中部,1,1
开封高级高中初中部,1,1
开州五上数学期未试卷,3,1
开州区五上语文期未试卷,5,1
开平一中,2,1
开平市一中,1,1
开平市开侨中学,2,1
开平市忠原纪念中学,3,1
开平市长师中学,3,1
开心就好1017,18,1
开方,1,1
开普勒三大定律,2,1
开普勒三大定律课件,1,1
开福区开学考,5,1
开福区立信中学期中,1,1
开门考试卷,3,1
开门考试卷福州九年级上9月份,25,1
弋阳县第一中学,2,1
弋阳第一次月考,8,1
引号,3,1
弘毅,1,1
弘毅中学,2,1
弘毅新华中学,8,1
弘毅高级中学有限公司,1,1
弘济学校,10,1
张北县八年级上学期第一次月考,3,1
张北县八年级上学期第一次月考数学,59,1
张学远,1,1
张家口与衡水部分学校,7,1
张家口历史7年级上册人教版新课标月考题目,2,1
张家口宣化,4,1
张家口市桥东区,5,1
张家口市桥东区历史7年级上册人教版新课标月考题目,1,1
张家口市桥东区历史人教版新课标月考题目,1,1
张家口市桥西区七年级,3,1
张家口市桥西区八年级上册,10,1
张家口市桥西区十九中,2,1
张家口市第一中学2025高一数学第一次月考,8,1
张家口市第四中学,5,1
张家口高一化学,1,1
张家口高一政治期中,10,1
张家口高一物理期中,21,1
张家川2O25年春季期末调研卷(七年级数学),9,1
张家川县2025年春季期末调研卷(七年级数学),11,1
张家港市第二中学,4,1
张家界2026,6,1
张家界雨露学校,2,1
张家窝中学,6,1
张家窝中学地理月考高二,1,1
张店五年级上学期数学期中考试试卷,4,1
张店小升初,5,1
张掖一中,1,1
张掖市,5,1
张掖市期末联考高一上,3,1
弥勒市第五中学,1,1
弦长公式,1,1
弹性碰撞和非弹性碰撞,2,1
弹簧两次受力问题,1,1
弹簧模型专题,3,1
强 基 2 0 2 6 年,2,1
强基北京大学2025,1,1
强基物理,2,1
强基联盟2025 2026高三上学期,2,1
强基联盟2025 2026高三上学期10,2,1
强基联盟2025 2026高三上学期返校,2,1
强基联盟20265月,2,1
强基联盟化学,2,1
强基联盟浙江,22,1
强基英语,1,1
强基计划中科大,3,1
强基计划数学同济,1,1
强基计划数学试题,12,1
强基计划物理,20,1
强基计划真题,1,1
强基训练营,6,1
归去来,1,1
归园田居理解性默写,10,1
归纳串记120个文言实词+成语助记+经典例句+语段串记,3,1
当城中学,2,1
当成,1,1
当成中学,1,1
形容词,2,1
形容词比较级,3,1
形容词的同级比较和不定代词语法课件,3,1
形容词的同级比较语法课件,11,1
彩田,6,1
彩虹,7,1
彩虹开学考,2,1
彭州,1,1
彭州2023至2024期末考7年级上册人教版,1,1
彭州2023至2024期末考7年级上册北师大版数学,2,1
彭州中学,4,1
彭水,4,1
彭湃中学,4,1
彭燕,2,1
彼得潘课外阅读任务单,1,1
彼得潘课外阅读任务单语文,1,1
待定系数法,1,1
徐州 025年高一下学期期末,9,1
徐州 23-24年高二期末下学期,1,1
徐州 26年高二期末下学期英语,2,1
徐州2025-2026学年度第二学期期末学情调研三年级英语试题,11,1
徐州2026高一,1,1
徐州2026高一入学,1,1
徐州2026高一数学,1,1
徐州23年中考语文题目,5,1
徐州9月高三开学考试,3,1
徐州一中高一月考,1,1
徐州一中高二,2,1
徐州七上英语,1,1
徐州七上语文,1,1
徐州专版万唯 2026中考地生黑白卷,1,1
徐州中考2023,1,1
徐州中考专刊,6,1
徐州丰县2025-2026学年度第二学期期末学情调研三年级英语试题,14,1
徐州九年级上期英语,10,1
徐州二零二五到二零二六年期中试卷生物,1,1
徐州云龙区真题试卷,1,1
徐州分班考 小升初,4,1
徐州分班考云龙区历年真题,1,1
徐州分班考初一,4,1
徐州地生会考,1,1
徐州大学路实验中学小升初分班英语,3,1
徐州小升初七年级分班考试卷,4,1
徐州市2024年四大民办校一分班卷,1,1
徐州市2026年高一上期末考试物理试卷,7,1
徐州市中考数学真题卷,2,1
徐州市中考试卷,1,1
徐州市地生中考,3,1
徐州市新沂市初三期末物理化学试卷,13,1
徐州市树人中学,3,1
徐州市棠张中学,6,1
徐州市沛县八上期中,1,1
徐州市第三十一中学,2,1
徐州市第三十五中学,7,1
徐州市第三十六中学,2,1
徐州市第三十四中学,2,1
徐州市第十中学,2,1
徐州市铜山区夹河高中,6,1
徐州市铜山区第一中学上学期9月份月考,13,1
徐州市高二期中,16,1
徐州撷秀中学初一入学分班考试,1,1
徐州新高一分班考试,1,1
徐州期中化学,9,1
徐州期中化学高三,3,1
徐州期末,5,1
徐州树人中学,4,1
徐州生物中考,2,1
徐州百校联考,4,1
徐州贾汪七年级期末英语试卷,3,1
徐州邳州,1,1
徐州邳州百校联考,5,1
徐州高一上开学第一次月考试卷,7,1
徐州高一上开学考数学来,2,1
徐州高一入学,1,1
徐州高一月考试卷,1,1
徐州高一月考试卷数学,3,1
徐州高一期中数学,1,1
徐州高三期中数学,20,1
徐州高二上期中地理,1,1
徐州高二上期中数学,1,1
徐州高二期中数学,1,1
徐州高二第一学期中数学,1,1
徐州高入学,4,1
徐汇 地理,3,1
徐汇 生物,3,1
徐汇中学高一下,8,1
徐汇数学一模,1,1
徐闻,18,1
微,2,1
微专题5-14 导数的同构问题11种常考题型总结,1,1
微专题一动力学中的连接题问题和连接及时问题,2,1
微专题物理一轮,17,1
微元法,2,1
微分方程,4,1
微积分初步,1,1
微积分初步 大学,6,1
微积分初步 高中数学,3,1
微粒的模型与符号,5,1
微粒的模型与符号试卷,6,1
德,5,1
德兴金桥,1,1
德化第六中学,1,1
德国,6,1
德城区七年级上学期数学期中,8,1
德城区七年级上学期物理期中,3,1
德城区七年级物理期中,3,1
德城区六年级上学期数学期中,2,1
德城区六年级上学期英语期中,3,1
德城区六年级数学期中,5,1
德城区第九中学八年级第一学期语文期末试卷,6,1
德威,7,1
德安,2,1
德州 2024 2025 高一 期末,1,1
德州2025 2026高二期末下学期,1,1
德州2026高一数学期末试卷,3,1
德州一中七年级期末考试数学试卷,4,1
德州一中高二上学期10月月考地理,3,1
德州一中高二上学期10月月考数学,2,1
德州一中高二上学期10月月考考数学,1,1
德州一中高二上学期月考数学,1,1
德州一中高二上开学考数学,8,1
德州一中高二开学考,1,1
德州一模,3,1
德州夏津八年级数学上册期末试卷,4,1
德州小一,3,1
德州市2025年历史高三开学考,1,1
德州市2025年语文高三开学考,4,1
德州市2025年高三上学期月考物理,3,1
德州市2025年高三上学期期中化学,2,1
德州市2025年高三上学期期末化学,3,1
德州市2025年高三开学考,4,1
德州市2026年语文高二期末题,1,1
德州市2026年高一下学期化学期末考试,2,1
德州市七年级上语文真题,3,1
德州市中考,1,1
德州市九年级上册物理第一次月考题,11,1
德州市优高联盟2026届9月开学考,7,1
德州市初一数学真题,1,1
德州市初一第一学期数学真题,10,1
德州市开学考试,21,1
德州市德城区2025~2026八年级上册五校联盟期中语文,6,1
德州市德城区2025至2026八年级上册 10月份阶段性检测,8,1
德州市德城区黄河涯一中,4,1
德州市第15中,15,1
德州市高一上学期数学期中考试,1,1
德州市高一上学期数学期末考试,7,1
德州市高一下学期,3,1
德州市高一下学期数学期中考试,2,1
德州市高一下学期数学期末考试,3,1
德州市高一下学期期中,1,1
德州市高一下学期期末语文试题2026学年,1,1
德州市高一下期末,4,1
德州市高三上学期9月开学考,8,1
德州市高二下期末考试英语,2,1
德州开学考高三,13,1
德州德城区八上数学期末,1,1
德州德城区高一第1次月考,3,1
德州第一中学,2,1
德州第一中学高一第1次月考,3,1
德州跃华学校高二开学考,1,1
德州高一,1,1
德州高一下期末,4,1
德州高一开学考,1,1
德州高一月考,4,1
德州高三开学考,4,1
德州高三物理,3,1
德州高三物理上学期,3,1
德州高二上期中,9,1
德州高二开学考,2,1
德州高二数学试题,3,1
德州高二期末下学期,9,1
德州高二期末下学期英语,8,1
德强6年级,1,1
德强6年级开学,1,1
德强六上,1,1
德强六上开学,1,1
德强分班考,3,1
德强开学测,1,1
德强开学测六上,4,1
德强开学测六上英语,3,1
德强期末,6,1
德强高级中学开学,15,1
德强高级中学开学验收,1,1
德恒,1,1
德惠一中,2,1
德惠三中20202021学年度第一学期月考七年级数学试卷,4,1
德惠二十九,2,1
德惠二十九中,8,1
德惠市实验中学,2,1
德惠市实验高级中学,1,1
德惠市第五中学七年级上册入学考试语文学科试卷,9,1
德惠市第五中学七年级入学考试语文学科试卷,5,1
德惠市第四中学,2,1
德意志,2,1
德旺杯,1,1
德清县自主招生,1,1
德胜中学,12,1
德远高级中学,3,1
德阳三诊,8,1
德阳中考,4,1
德阳五中高一月考,3,1
德阳初一下册英语,18,1
德阳初二上册英语,7,1
德阳外国语,1,1
德阳外国语高一上,1,1
德阳天立,3,1
德阳市2026年中考,5,1
德阳市2026年八年级下册期末数学试卷,7,1
德阳市2026年八年级下册期末语文试卷,11,1
德阳市高二下期末物理试卷,6,1
德阳英语初三,3,1
德阳高一上,3,1
德阳高一月考,4,1
心和脑,4,1
心悦虚拟创新联盟高三年级第1次联考语文试题卷,1,1
心源性猝死又称心脏性猝死,3,1
心田花开2026升班,1,1
必修 一1 2,1,1
必修 二,2,1
必修1教材答案,4,1
必修1数学课本答案,5,1
必修1第1单元,2,1
必修1第1张到第4章,2,1
必修1第1张到第4章数学,2,1
必修1第1章,4,1
必修2期中测试,10,1
必修3 9～13章,10,1
必修3政治大题,1,1
必修3英语译林版单词表,1,1
必修一上学期期末数学卷,1,1
必修一人教数学第二章,3,1
必修一人教版化学,1,1
必修一人教版高一物理课程,1,1
必修一函数专题,10,1
必修一化学,4,1
必修一化学实验总结,3,1
必修一化学必刷题,1,1
必修一化学章节题,1,1
必修一化学苏教版,1,1
必修一化学苏教版试题,5,1
必修一化学试卷,1,1
必修一化学金考卷单元双测卷 第1单元,8,1
必修一半期考,2,1
必修一半期考化学,3,1
必修一单词外研版,3,1
必修一单词默写表,5,1
必修一历史,3,1
必修一历史第一单元,2,1
必修一和二高中政治,10,1
必修一地理思维导图,1,1
必修一基础卷,2,1
必修一填空,10,1
必修一外研版英译汉,1,1
必修一情景默写,5,1
必修一政治,1,1
必修一政治填空,3,1
必修一政治第一课选择题,4,1
必修一教学综合,1,1
必修一教学综合青海,7,1
必修一数学基本不等式,13,1
必修一数学基础,4,1
必修一数学对数,8,1
必修一数学提高,4,1
必修一数学期中,3,1
必修一数学立体几何,2,1
必修一数学第一单元,5,1
必修一数学集合,5,1
必修一数学集合课件,5,1
必修一期末,2,1
必修一期末物理,15,1
必修一期末物理高一上期末,6,1
必修一期末物理高一上期末试卷,6,1
必修一测试,1,1
必修一测试卷,1,1
必修一测试卷辽宁,1,1
必修一测试卷辽宁物理,1,1
必修一物理 测试卷,1,1
必修一物理 测试卷辽宁,2,1
必修一物理弹簧弹力难题,2,1
必修一物理月考,1,1
必修一物理月考沈阳,3,1
必修一物理练习题,1,1
必修一生物,3,1
必修一生物光合作用的题目十道,3,1
必修一生物判断题,1,1
必修一生物考点青单,2,1
必修一生物考点青单五,1,1
必修一第一章,1,1
必修一第一章物理练习题,3,1
必修一综合检测,9,1
必修一综合题,1,1
必修一综合题高一,1,1
必修一英语,1,1
必修一英语单词默写,4,1
必修一英语同步,1,1
必修一语文古诗课件,8,1
必修一语文期末试卷,1,1
必修一语文课件,1,1
必修一，生物,3,1
必修三,18,1
必修三 第一章 静电场,6,1
必修三 第九章 静电场,5,1
必修三Unit2Morals  and Virtues教材考点精练单元重点单词短语句型语法,4,1
必修三单词默写,1,1
必修三向量,8,1
必修三复习资料,2,1
必修三政治,2,1
必修三政治与法治全册综合测试三,9,1
必修三政治第三单元,4,1
必修三整本复习,1,1
必修三测试,13,1
必修三测试卷,23,1
必修三物理上好课人教版,24,1
必修三物理培优,9,1
必修三物理强基,2,1
必修三物理电势能培优,1,1
必修三物理电学电路,6,1
必修三物理笔记,3,1
必修三物理第十章练习题,4,1
必修三电学,1,1
必修三第11章,1,1
必修三第11章物,1,1
必修三第11章物理,1,1
必修三第九章十三章,4,1
必修三第九章检测卷物理,1,1
必修三综合卷,24,1
必修三英语短语外研,3,1
必修三英语短语识记,3,1
必修三英语翻译,1,1
必修三译林版,1,1
必修三译林版听力,1,1
必修三课时练英语,3,1
必修三课本词汇表,1,1
必修下册理解性默写,5,1
必修二 化学 期末试卷,18,1
必修二 期末测试卷,11,1
必修二三英语,1,1
必修二习题,1,1
必修二化学,3,1
必修二化学原电池,3,1
必修二化学方程式,4,1
必修二化学方程式汇总,5,1
必修二单词,5,1
必修二单词 背默写清单,1,1
必修二复习,3,1
必修二政治试卷,8,1
必修二数学,7,1
必修二数学书,4,1
必修二期末复习,2,1
必修二物理,12,1
必修二物理书,3,1
必修二物理抛体运动 单元检测 基础卷,5,1
必修二生物专题,9,1
必修二第二章生物,5,1
必修二第二章生物卷子,5,1
必修二第二章生物试卷,4,1
必修二练习,4,1
必修二非选择题,3,1
必修二高一生物卷子,13,1
必修二，化学，期末试卷,2,1
必修四政治,2,1
必修四政治河北枣强,9,1
必修四政治试卷,3,1
必修物理,2,1
必修物理一,6,1
必修物理电势能培优,3,1
必修第一册数学第1单元试卷,4,1
必刷卷,2,1
必刷卷英语,1,1
必刷精选,3,1
必刷题 2026,1,1
必刷题2027物理动量守恒定律,1,1
必刷题九年级上册数学第二单元,1,1
必刷题二轮生物,5,1
必刷题八年级下册英语,1,1
必刷题八年级下册英语江西,4,1
必刷题八年级物理上,13,1
必刷题八年级物理上长度,3,1
必刷题初三,3,1
必刷题数学电子版,1,1
必刷题物理,1,1
必刷题物理动量守恒定律,6,1
必刷题物理必修三,3,1
必刷题科学七上浙教版,1,1
必剧卷卷三 2025年1月 普通高等学校招生全国统一考试 全国一卷·淅江 英语,3,1
必备,1,1
必备120个文言诗词,1,1
必备2026必背古诗,1,1
必备古诗文72篇,3,1
必考知识清单归纳串记,13,1
必背,5,1
必背单词688,1,1
必背文言文古诗文,7,1
必背清单,1,1
必背知识,1,1
必背短语800组,8,1
必须记忆的沉淀,3,1
忠原纪念中学,2,1
忠县,4,1
快乐学习,1,1
快乐学习物理,4,1
快递放门口不会丢,2,1
忻一中,1,1
忻州一中,1,1
忻州一中2027届方向卷高三数学,3,1
忻州一中2027届高三,1,1
忻州一中2027届高三导向卷,1,1
忻州一中2027届高三导向卷六数学,7,1
忻州一中2027届高三导向卷数学,3,1
忻州一中2027届高三方向卷高三数学,3,1
忻州一中导向卷,4,1
忻州一中高三导向卷六,1,1
忻州一中高三导向卷六数学,3,1
忻州市师院附中,1,1
忻州市师院附中初一新生模拟考,1,1
忻州市高级中学校,5,1
忻州附中初一新生模拟考,3,1
怀仁,4,1
怀仁一中,1,1
怀仁一中高三上学期摸底考试,8,1
怀仁七年级英语上册期末考试,6,1
怀仁学堂少年班数学真题」,1,1
怀仁市2025~2026学年度第二学期期末七年级学情调研,1,1
怀仁市2025~2026学年度第二学期期末七年级学情调研语文,6,1
怀化2025八年级八县九校联考,11,1
怀化市,9,1
怀化市2023-2024高二下册物理期末试卷,1,1
怀化市2024年4月义务教育教学质量调研测试五年级数学试卷,3,1
怀化市2024年4月义务教育教学质量调研测试试卷,3,1
怀化市2024年语文五年级期末试卷,4,1
怀化市2024年语文期末试卷,1,1
怀化市2026年二年级下册数学期末考试试卷,3,1
怀化市2026年高二下学期期末考试试巻,1,1
怀化市九年级上学期物理市统考,5,1
怀化市二年级下册数学期末考试试卷,2,1
怀化市分班考,2,1
怀化市开学考,9,1
怀化市期末,1,1
怀化市第三中学开学考,2,1
怀化市雅礼实验,3,1
怀化市鹤城区二年级下册数学期末考试试卷,1,1
怀化市，,7,1
怀化高一期末,1,1
怀化高一期末物料,1,1
怀化高一期末物理,1,1
怀宁中学,2,1
怀市，,1,1
怀揣羊羔的老人,3,1
怀文七上,5,1
怀文七上第一次月考,1,1
怀文七上英语,20,1
怀文七上英语期末模拟卷,4,1
怀文七上英语第一次月考,3,1
怀文七年级上册数学期末考试卷,2,1
怀文七年级上册英语期末考试卷,7,1
怀文七年级期中,7,1
怀文九上数学第一次月考,2,1
怀柔一中,8,1
怀远县,2,1
怀集一中,3,1
怀集县,1,1
怎么上传试卷,1,1
思,1,1
思念家乡面线糊作文,4,1
思想政治联考,7,1
思源学校,2,1
思韵味,1,1
思韵复习手册,2,1
思韵手册,1,1
性教育,7,1
总复习,3,1
总复习手册,1,1
总复习知识点,12,1
总结,3,1
恒一中学,1,1
恒定电流与交变电流,2,1
恒定电流专题中难题,21,1
恒成立问题,2,1
恒等变换,1,1
恩平一中,1,1
恩平黄冈,2,1
恩施州2026届高三第一次质量监测暨9月起点考试,8,1
恩施州高三第一次质量监测暨9月起点考试,2,1
恩施市第一中学,1,1
恩施市语文,7,1
恩施数学,4,1
恩施物理,19,1
恩施物理八下,4,1
息县文景实验学校,13,1
悟理,1,1
情境题与中考新考法,6,1
情态动词高三复习,6,1
情景对话,5,1
情景对话 2025专项训练,6,1
情景题,1,1
惠一调,2,1
惠东,1,1
惠东县期中,9,1
惠城区考上惠州一中有奖励吗,1,1
惠安初一期中考,1,1
惠安县,71,1
惠安县八年级,10,1
惠安县期末,4,1
惠安嘉惠,5,1
惠安嘉惠期末,5,1
惠安惠安物理第一阶段测试八上,8,1
惠安惠安生物第一阶段测试八上,5,1
惠安第一中学,4,1
惠山,8,1
惠州 开学,3,1
惠州 新生,1,1
惠州 高一  期中,5,1
惠州 高一 期中,5,1
惠州 高一 期中 英语,2,1
惠州 高一 英语 期中,4,1
惠州中学期末,8,1
惠州中考,6,1
惠州五中教育集团,1,1
惠州博罗高中校本卷《高二练习册 思想政治三》,6,1
惠州市 期末考试高一下,1,1
惠州市2027届高三第一次调研考试,3,1
惠州市博罗县,20,1
惠州市惠阳区数学,7,1
惠州市惠阳区数学月考,2,1
惠州市物理调研卷,1,1
惠州市物理高二调研卷,1,1
惠州市第一中学2025-2026高一上化学月考卷子,2,1
惠州市第一中学高二期末考数学,4,1
惠州市第一次调研考试,4,1
惠州物理试卷,1,1
惠州物理试卷高一期末,4,1
惠来一中,1,1
惠来一中七年级下册期中,1,1
惠来一中八年级上册,7,1
惠来县第二中学,5,1
惠来县高一上册数学,2,1
惠来县高一上册数学笫一次,3,1
惠民物理,9,1
惠民致远实验学校,3,1
惠泽高级中学物理,2,1
惠泽高级中学高二上学期数学月考考试,2,1
惠阳,8,1
惠阳区,19,1
惯性系,1,1
感叹句,1,1
感叹句初中,1,1
感生电动势,1,1
慈云实验,3,1
慈云实验高一,5,1
慈云实验高一上册,1,1
慈云实验高一上册数,1,1
慈云实验高一上册数学,1,1
慈云实验高一上学期月考数学试卷,2,1
慈溪六年级毕业考试数学真题,6,1
慈溪市2024高一下语文,4,1
慈溪市七上历史,1,1
慈溪市文锦中学,9,1
慈溪市文锦中学开学素养考,1,1
慕联 初中完全同步系列浙教版科学七年级下册 视,1,1
慧仁,10,1
成七中初中学校物理一模2025,1,1
成人学校升大专,5,1
成人高考,5,1
成人高考试卷高起专,6,1
成化,1,1
成化高中,1,1
成华区七下英语期末,3,1
成华区五下,6,1
成华区期末,12,1
成外实验九年级期末物理,1,1
成实外2024~2025高一入学考试英语,1,1
成实外2024~2025高一新生入学考试英语,1,1
成实外一模,1,1
成实外一诊,1,1
成实外教育集团2024~2025高一新生入学考试英语,3,1
成实外教育集团高2023级新生入学统一考试物理,1,1
成才之路中华人民共和国成立前,3,1
成才之路中华人民共和国成立前各种政治力量,1,1
成才之路学案第二章,4,1
成才之路学案选必三,1,1
成才之路必修三政治,2,1
成才之路英语必修第三册人教版,3,1
成武县八年级期中数学试卷,4,1
成武县第一中学,2,1
成武县第一中学 小升初试卷,3,1
成武县第二实验小学,13,1
成绩 查询入口,5,1
成考,1,1
成语辨析,4,1
成都 0 023高三 三诊英语,2,1
成都 0诊,1,1
成都 2023级高中毕业第二次诊断,3,1
成都 一 诊,1,1
成都 七中 027高三零诊,3,1
成都 七中 高一 上 期末 物理,2,1
成都 七中 高一 上 期末 物理 2025,1,1
成都 七中高中英语,3,1
成都 中学高中英语,1,1
成都 中考 2024 物理,6,1
成都 新初一,1,1
成都 新初一分班,9,1
成都 新初一分班石室,3,1
成都 第七 高一 上 期末 物理 2025,1,1
成都12中物理月考,1,1
成都12中的语文九年级二模,1,1
成都18中,2,1
成都18中物理,1,1
成都2006数学九年级,1,1
成都2006数学九年级月考,1,1
成都2006数学九年级月考10月,3,1
成都2024级定时训练,1,1
成都2024级高二下,1,1
成都2026中考数学,7,1
成都2026年高二零诊,1,1
成都2027届期末,1,1
成都2027届零诊,3,1
成都2诊,1,1
成都7下期末,1,1
成都7下英语期末,1,1
成都8下英语期末试卷,1,1
成都9月分适应性考试,4,1
成都9月分适应性考试英语,4,1
成都一诊化学,1,1
成都一诊数学,1,1
成都一诊物理,2,1
成都七下数学期末,4,1
成都七中2019-2020高一期末,7,1
成都七中2019期末卷高一,2,1
成都七中2020期末卷高一,2,1
成都七中2024至2025学年度下,3,1
成都七中2024至2025学年度下2027届高一下6月考试,8,1
成都七中2024至2025学年度下2027届高一下6月考试语文试卷,1,1
成都七中2025-2026学年下期高2025级半期考试化学试题,11,1
成都七中2025至2026全年假期到2025级半期考试,4,1
成都七中2025至2026全年假期到2025级半期考试化学,3,1
成都七中2026高三上学期入学考试数学,1,1
成都七中2026高二上学期期末物理,1,1
成都七中七中九年级期末物理,2,1
成都七中万达,13,1
成都七中万达学校2025到2026学年下期高2024级半期考试语文试卷,4,1
成都七中中考一模,2,1
成都七中中考一模物理,1,1
成都七中中考一模物理2006,1,1
成都七中中考一模物理2026,3,1
成都七中中考物理一模,4,1
成都七中九年级一诊,1,1
成都七中初一分班考试卷,6,1
成都七中初中九年级数学,2,1
成都七中初中天环,2,1
成都七中开学考试卷,11,1
成都七中月考物理九年级,4,1
成都七中月考物理九年级12月份,1,1
成都七中林,1,1
成都七中林荫区,9,1
成都七中物理,2,1
成都七中物理卷,3,1
成都七中高2026届高三入学考试生物,9,1
成都七中高一,3,1
成都七中高一上入学分班考试卷,1,1
成都七中高一上册期中考试,1,1
成都七中高一上册期中考试数学,2,1
成都七中高一上物理,6,1
成都七中高三一轮复习,2,1
成都七中高中,1,1
成都七中高二11周,4,1
成都七中高二月考卷,1,1
成都七初天环数学,1,1
成都七林,1,1
成都七林荫,1,1
成都三诊,3,1
成都东部新区2020至2021学年九年级上期末数学,6,1
成都中学,2,1
成都中学高中英语,1,1
成都中考,1,1
成都中考二模,2,1
成都中考化学,1,1
成都中考英语,9,1
成都九上化学月考,5,1
成都九上数学,1,1
成都九上数学北师大版期末试卷,11,1
成都九上数学月考,1,1
成都九上数学第一次月考,3,1
成都九上期末考试数学,1,1
成都九下物理,3,1
成都九下物理2006,4,1
成都九下物理2006第七中学,11,1
成都九下物理期中,3,1
成都九年级化学10月,7,1
成都九年级化学3月,4,1
成都九年级化学4月,5,1
成都九年级化学期中,3,1
成都九年级数学期末,15,1
成都九年级数学期末2026,7,1
成都九年级期中语文,6,1
成都九年级期末数学2026,1,1
成都九年级期末物理,2,1
成都九年级期末语文,3,1
成都九年级期末语文实验外国语,1,1
成都九年级物理四川师范附中,6,1
成都九年级物理成外期末,12,1
成都九年级物理期末,1,1
成都九年级物理期末1月,3,1
成都九年级物理期末七中,1,1
成都九年级物理期末七中育才,4,1
成都九年级物理期末考试,7,1
成都九年级物理期末考试西川,2,1
成都九年级物理棕北期末,5,1
成都九年级语文,5,1
成都九年级语文1月,4,1
成都九年级语文七中万达,1,1
成都九年级语文川师附中,2,1
成都二十中,2,1
成都二诊,13,1
成都八年级下册,1,1
成都八年级下册英语,1,1
成都初一入学前分班考,4,1
成都化学10月,3,1
成都化学九年级月考,1,1
成都化学期末,2,1
成都化学期末九上,10,1
成都化学期末九上12月,5,1
成都化学期末初三,4,1
成都十二中九年级期末物理,1,1
成都十二中九年级期末盐道街,1,1
成都十二中物理月考,1,1
成都十二中物理月考2006,1,1
成都十二中物理月考2006九年级,1,1
成都十八物理,1,1
成都历年中考数学试卷,3,1
成都嘉祥七上数学,1,1
成都嘉祥九年级期末物理,1,1
成都嘉祥物理九年级期末,1,1
成都嘉祥物理九年级期末盐道街,1,1
成都四十九,1,1
成都四十九中高一,1,1
成都地区20268年级下册期末考考试试卷,5,1
成都外国语2025 2026高二下零诊模拟,3,1
成都外国语9月分适应性考试英语,6,1
成都外国语学校高2025~2026年学度上期,1,1
成都外国语学校高2025~2026年学度上期高三,3,1
成都天府七中九年级期末物理,1,1
成都实验外国语,2,1
成都小升初分班考,1,1
成都川师,1,1
成都市 二模,20,1
成都市 高一 入学分班考,1,1
成都市2025-2026学年高二下,2,1
成都市2025-2026高一下期末英语,1,1
成都市2025‑2026学年高一下期期末考试历史试题,3,1
成都市2026届青羊区期末考试题数学,1,1
成都市2026届高中毕业班摸底测试,7,1
成都市2026年中考物理,2,1
成都市2026年高中毕业班摸底考试数学,1,1
成都市2026年高中毕业班数学,1,1
成都市2026高一下学期定时训练,2,1
成都市2026高一下学期期末考试,17,1
成都市中和中学,3,1
成都市九上英语月考,1,1
成都市九年级期末数学,4,1
成都市双流区七年级下英语期末试卷,5,1
成都市四年级下册期末英语,2,1
成都市定时练习,14,1
成都市成都七中2020高一期末考试,3,1
成都市教科院附属学校,9,1
成都市新都区,9,1
成都市新都区小升初分班考试,4,1
成都市新都区高一下学期化学期末测卷,1,1
成都市期末生物,2,1
成都市期末生物高二上,4,1
成都市期末生物高二上学期期末考试生物试题,2,1
成都市树德中学高一下六月月考,1,1
成都市玉林中学高三开学考试,3,1
成都市玉林中学高三开学考试生物,1,1
成都市第七中,1,1
成都市第七中学 2025‑2026学年 高二上 数学 月考 含解析,1,1
成都市第七中学 2025‑2026学年 高二上 数学 第一次月考 含解析,3,1
成都市第七中学 期末 物理,2,1
成都市第七中学 高一 上 期末 物理,7,1
成都市第七中学2025-2026学年高一上学期1月期末物理试题,5,1
成都市第七中学林荫校区,2,1
成都市第七中学高2027届零诊模拟考试英语,5,1
成都市锦江区师一月考,1,1
成都市锦江区师大一中初一月考,1,1
成都市零诊,3,1
成都市青羊区树德实验,3,1
成都市高一下期末统考数学,2,1
成都市高三开学考试数学,11,1
成都市高三摸底考试,1,1
成都开学考,10,1
成都成华区化学第一次月考,4,1
成都成华区月考,5,1
成都数学10月月考,1,1
成都数学10月月考九年级,14,1
成都数学10月月考九年级2006,3,1
成都数学10月月考九年级西川,2,1
成都数学九年级一诊七中育才,1,1
成都数学九年级期末,1,1
成都数学九年级期末七中育才,1,1
成都新都一中高一上月考试卷,2,1
成都新都一中高一上物理期中考试卷,1,1
成都新都一中高一上物理期中考试真题,1,1
成都新都一中高一下学期物理期末考试卷,1,1
成都新都一中高一第二学期物理期末考试卷,3,1
成都新都一中高一语文分班考试卷,1,1
成都新都一中高一语文分班考试真题,1,1
成都新都区高一下学期化学期末考试卷,1,1
成都期中考试,11,1
成都期末考试,28,1
成都林荫,1,1
成都某嘉祥外国语学校,1,1
成都某嘉祥外国语学校小升初,6,1
成都某石室联合中学,1,1
成都某石室联合中学初2025,1,1
成都某石室联合中学初2025级新初一,6,1
成都树德,11,1
成都树德一诊模拟四,3,1
成都树德一诊模拟四高中,1,1
成都树德中学,6,1
成都树德中学开学考,9,1
成都树德中学高三开学考,16,1
成都棠外转学真题,2,1
成都棠湖外国语学校,6,1
成都汽车职业技术学校,1,1
成都物理10月月考,1,1
成都物理10月月考九年级,1,1
成都物理一模,1,1
成都物理一模中考,9,1
成都物理一模川师附,3,1
成都物理三诊,6,1
成都物理上学期期末,1,1
成都物理中考,1,1
成都物理九年二模,2,1
成都物理九年级,1,1
成都物理九年级12月,2,1
成都物理九年级12月考,1,1
成都物理九年级2026,2,1
成都物理九年级2026  1月,1,1
成都物理九年级2026  月考,1,1
成都物理九年级一模,1,1
成都物理九年级一诊,8,1
成都物理九年级月考,2,1
成都物理九年级月考2026,1,1
成都物理九年级月考26,1,1
成都物理九年级月考七中,2,1
成都物理九年级月考树德实验,1,1
成都物理九年级期中,1,1
成都物理九年级期中2026,3,1
成都物理九年级期末,21,1
成都物理九年级期末嘉祥,1,1
成都物理九年级期末树德,3,1
成都物理九年级期末棕北,2,1
成都物理九年级期末盐道街,1,1
成都物理九年级期末石室,3,1
成都物理九年级期末石室天府,1,1
成都物理九年级期末西川,2,1
成都物理九年级期末西川实验,10,1
成都物理九年级期末青羊实验,1,1
成都物理九年级物理期末,1,1
成都物理九年级物理期末2026,1,1
成都物理九年级物理期末2026树德,2,1
成都物理九年级锦城,1,1
成都物理九年级锦城一中,1,1
成都物理九年级青羊实验,2,1
成都物理二模,2,1
成都物理二诊,1,1
成都石室中学2024-2025学年上期高2025届省模模拟英语试卷,1,1
成都石室中学2025-2026,3,1
成都石室中学2025-2026期末,1,1
成都石室天府9上半期物理试卷,5,1
成都石室蜀都中学,2,1
成都石室蜀都中学分班考,1,1
成都石室高三上学期期中试卷,6,1
成都第七中学高中英语,4,1
成都第十七中学,4,1
成都英语九年级月考10月,3,1
成都英语九年级月考10月  2006,1,1
成都英语九年级期末,12,1
成都英语期末,1,1
成都西川中学实验九年级期末物理,4,1
成都语文一诊模拟,3,1
成都语文一诊模拟九初三,1,1
成都语文九年级,1,1
成都语文九年级12月,7,1
成都语文九年级1月,3,1
成都语文九年级一模,5,1
成都语文九年级一诊模拟,4,1
成都语文九年级棕北,2,1
成都语文九年级石室,2,1
成都语文二诊棕北,1,1
成都语文二诊西川,1,1
成都语文二诊西川中学,1,1
成都语文初三期末,4,1
成都调研考试,14,1
成都锦江区嘉祥外国语高2024-2025高一数学入学考试,1,1
成都零诊,1,1
成都青羊区新初一 分班,1,1
成都高2024级定时训练,1,1
成都高2024级期末考试,1,1
成都高2027,4,1
成都高一 上 1 期末,6,1
成都高一上入学考化学复习题,2,1
成都高一上期半期考试卷物理,1,1
成都高一上期半期考试卷英语,11,1
成都高一上期半期考试卷语文,6,1
成都高一下学期期末全市调研,2,1
成都高一入学考化学复习题,2,1
成都高一开学考,4,1
成都高三开学考试,1,1
成都高三开学考试数学,1,1
成都高二下期末,2,1
成都高新,7,1
成都高新区数学期末试卷,19,1
成都龙泉驿区,9,1
成都，八下数学,2,1
成都，高一下学期期末全市调研,3,1
我不要,1,1
我九年级上册期中物理,1,1
我们怎样学地理检测,10,1
我儿子是gay还是搜不到的,1,1
我嘞个豆,1,1
我在教丁香树开花,3,1
我想要1000中考1600个单词是新版的盖着篷布课文排序,3,1
我把最值钱的东西、最见不得光的秘密、最丢人的样子，全都一股脑堆在你面前，然后倒头就睡。这不是冒险，这是我确定你绝不会让我输。,1,1
我的世界,1,1
我的小学,1,1
我的小学阅读,1,1
我真的真的好喜欢你啊，我爱你有这般爱的可能嗯，你是我梦想的终点站，举起梦的诗篇，拥抱彩虹夏天，再次重逢 这世界~,1,1
我要搜索南安一中的高一年级的数学学科的试卷有吗,1,1
截长补短模型,1,1
截面 高一立体几何截面专题,1,1
房县,3,1
房县竞赛,3,1
房山一模,3,1
房山初三期末数学,3,1
房山区2024至2025学年度第一学期期末考试试卷七年级地理,8,1
房山区2024至2025学年度第一学期期末考试试卷七年级道德与法治,4,1
房山区2025至2026学年度第一学期期末考试试卷七年级生物,4,1
房山区2025至2026学年度第一学期期末考试试卷七年级英语,7,1
房山区2025至2026学年度第一学期期末考试试卷七年级道德与法治,45,1
房山区2025至2026学年度第二学期期末考试试卷六年级数学,2,1
房山区2025至2026学年度第二学期期末考试试卷六年级语文,3,1
房山区中考,1,1
房山区期中,16,1
房山月,10,1
房山期末,5,1
所有名篇古诗词,1,1
所有方程式,1,1
手抄报,1,1
手拉手 模型八年级全等,7,1
手拉手模型压轴题,3,1
手法题,4,1
扎兰屯一中贯通,3,1
扎兰屯九上,6,1
扎赉诺尔区第七中学,4,1
打,1,1
打开APP     追梦第16章 章末复习 轴对称和中心对称-【追梦之旅·大先生2025-2026学年新教材八年级上册数学活页同步练习（冀教版2024）,1,1
打点计时器 测加速度和瞬时速度专题,9,1
托勒密不等式,1,1
托勒密定理,8,1
托勒密模型题,1,1
托勒密练习题,4,1
执信中学七年级上月考,1,1
执信中学七年级上月考数学,5,1
执信中学七年级月考数学,1,1
扫描,1,1
扬中会考,1,1
扬中市,3,1
扬中市高级中学,4,1
扬大附中,1,1
扬大附中东部分校,1,1
扬大附中初中部,3,1
扬大附中淮海路总部分班考试试卷,2,1
扬州 026中考,1,1
扬州8上数学试卷期中,13,1
扬州8上英语试卷期中,1,1
扬州一模,14,1
扬州专用,9,1
扬州中学2025月考物理,3,1
扬州中学2025月考物理高一,3,1
扬州中学2025月考物理高一上,1,1
扬州中学生物第一阶段 2025-2026,3,1
扬州中学生物选择性必修一 2025-2026,1,1
扬州中学阶段练习,3,1
扬州中学高一下学期期末,3,1
扬州中学高中第一次一月考,4,1
扬州中学高二上数学月考,1,1
扬州中学高二上数学期中,4,1
扬州中考,4,1
扬州中考数学2017,3,1
扬州中考数学试卷,1,1
扬州中考数学试卷2026,1,1
扬州中考语文试卷,1,1
扬州九上化学期中,4,1
扬州八年级上学期 期末物理试卷。,1,1
扬州八年级上期末物理试卷。,1,1
扬州八年级下期末物理试卷。,1,1
扬州八年级英语上册文昌集团第一次月考,2,1
扬州六年级语文上学期,16,1
扬州六年级语文上学期期中,12,1
扬州初二上册第一次月考试卷数学,6,1
扬州大学,1,1
扬州大学附属中学分班考试卷,1,1
扬州市2025年中考,6,1
扬州市2026中考历史真题,1,1
扬州市2026年高二下学期期末化学试卷,1,1
扬州市仪征市七上英语试卷2023-2024,4,1
扬州市刊江实验八上英语期中试卷,1,1
扬州市南门街树人中学,1,1
扬州市宝应县实验初中2025-2026八上英语12月月考,3,1
扬州市宝应县实验初中2025-2026八下英语3月月考,10,1
扬州市广陵区刊江实验八上英语期中试卷,11,1
扬州市广陵区梅苑双语八上英语期中试卷,5,1
扬州市扬大附中25∽26高二上语文期中试卷,6,1
扬州市扬州中学,6,1
扬州市新华中学2025 2026学年高一上学期10月,2,1
扬州市树人八上英语期中试卷,5,1
扬州市树人学校,20,1
扬州市第二高级中学,3,1
扬州市统考期末考试,6,1
扬州市语文书高二,1,1
扬州市调研试卷,7,1
扬州市邗江中学,1,1
扬州市高一下期末试卷,5,1
扬州文昌集团,4,1
扬州新华中学高一上,3,1
扬州新华开学考,15,1
扬州期中试卷数学,3,1
扬州期末,19,1
扬州树人,16,1
扬州树人九上,1,1
扬州树人初三上册第一次月考试卷数学,4,1
扬州梅岭中学初一下学期数学期末试卷,1,1
扬州第一次月考试卷数学,20,1
扬州第一次月考试卷英语,1,1
扬州第一次调研,9,1
扬州第一次调研化学试卷,3,1
扬州语文9月考卷,29,1
扬州语文中考,1,1
扬州高一化学,3,1
扬州高三七月份,1,1
扬州高三八月,1,1
扬州高三期末,2,1
扬州高三物理月考,3,1
扬州高二上10月月考,2,1
扬州高邮,2,1
扬州高邮六升七分班考试,1,1
扬州高邮分班考试,1,1
扬帆中学 小升初分班英语,4,1
扶沟中学2024-2025学年度下期高一期末考试物理试题,3,1
扶沟高中2024 2025学年下期高一期末考试化学试题,1,1
扶沟高中2024-2025学年度下期高一期末考试物理试题,2,1
扶沟高中2024至2025学年度下期高一期末考试语文,1,1
扶沟高中2024至2025学年度下期高一期末考试语文试题,1,1
批改试卷,2,1
找到2026年呼和浩特中考数学卷,5,1
找规律,6,1
承德初一入学分班卷,1,1
承德县,3,1
承德县7年级月考,46,1
承德县初一入学分班卷,34,1
承德县第二中学入学分班,5,1
承德市双桥区7年级上册,8,1
承德市双桥区六下,4,1
承德市通用模拟卷,1,1
承德市通用模拟卷初一入学,4,1
技能高考,15,1
把关题,1,1
把关题高一,1,1
抑郁症,1,1
投影与视图,7,1
投影向量,3,1
投影向量专题,1,1
投影向量和投影数量,1,1
折叠,2,1
折叠专题,1,1
折叠问题,4,1
折叠问题八下,7,1
抚州一中高一上学期开学考试,14,1
抚州期末,1,1
抚松县第一中学,2,1
抚松县第一中学2025~2026高二下学期政治,1,1
抚顺,1,1
抚顺二中,1,1
抚顺八下数学,7,1
抚顺实验中学,11,1
抚顺市二中,20,1
抚顺市北新抚区北台小学琏级上,9,1
抚顺市新抚区七年级上第一次,1,1
抚顺市新抚区七年级上第一次质量检测,1,1
抚顺市新抚区五十中七年级上第一次质量检测,2,1
抚顺市新抚区八年级上册上,51,1
抚顺新宾26届7下期末考试卷纸数学,1,1
抚顺新宾26届7下期末考试卷纸英语,3,1
抛体运动和圆周运动,2,1
抛体运动测试题高一,1,1
抛体运动练习题,4,1
抛体运动练习题必修二,4,1
抛物线学案,1,1
抛物运动,4,1
抢分清单,1,1
抢分清单高中,35,1
报仁安书,2,1
抱石高级中学,1,1
抽像函数 拔高高三,7,1
抽像函数 拔高高三数学,18,1
抽屉问题,3,1
抽象函数,3,1
抽象函数与导函数,3,1
抽象函数对称周期问题,5,1
抽象函数对称性,4,1
抽象函数的求值,1,1
抽象函数的求值人教版,2,1
抽象函数综合问题,3,1
抽象函数问题,4,1
抽象函数题,17,1
拉格朗日中值定理,1,1
拉窗帘,1,1
拉萨,27,1
拉萨中学高三数学,3,1
拉萨中学高二下期中考试试卷,1,1
拉萨五年级数学,2,1
拉萨五年级语文,4,1
拉萨四高,13,1
拉萨城关区中考模拟试卷,11,1
拉萨江苏实验中学,3,1
拍试卷重组,1,1
拔尖创新,8,1
拔尖创新人才数学,6,1
拔尖卷,4,1
招生考试数学六下,19,1
招远,3,1
拼音,9,1
拼音练习,8,1
拾光诵读,1,1
拾懿创新联盟,6,1
指对函数综合题,4,1
指对函数问题专项,2,1
指对同构,3,1
指对同构问题,6,1
指对幂大小比较,7,1
指对幂比大小,6,1
指对幂运算,5,1
指对数,9,1
指数,3,1
指数 对数 幂函数,1,1
指数 对数 幂函数比大小,1,1
指数与对数运算,6,1
指数与对数运算法则,6,1
指数与对数运算练习,3,1
指数与对数运算计算题,6,1
指数人教B版,1,1
指数函数和对数函数,2,1
指数函数本溪市高级中学,2,1
指数函数的图象进阶,3,1
指数对数函数,1,1
指数对数函数专题,1,1
指数对数函数高三,15,1
指数对数大小比较,1,1
指数对数幂函数,8,1
指数对数幂函数人教版高考真题基础中档,1,1
指数运算,1,1
指数运算 初中,8,1
指标到校,1,1
指标到校2025,1,1
指标到校2026,10,1
挠痒痒,4,1
振动与波动的综合应用,5,1
振华,3,1
振声中学济南,2,1
振声选拔数学题,1,1
振声选拔数学题选拔,3,1
振声附高选拔物理,2,1
换底公式,3,1
排列 组合 10类高考复习,4,1
排列与组合,2,1
排列与组合+概率,5,1
排列组合与概率统计,11,1
排列组合测,1,1
排列组合测试,1,1
排列组合测验,2,1
探究世界的本质试卷,2,1
探究使用机械是否省功,1,1
探究凸透镜成像规律,4,1
探究小车速度随时间变化的规律,3,1
探究电路,5,1
探索,8,1
探索运算中的规律,5,1
接力出版社,1,1
控江中学,2,1
推理性英语,1,1
推荐一本好书，作文,5,1
描红,1,1
描绘运动的基本概念,1,1
描述运动的基本概念,9,1
提交作业,3,1
提优大考卷第一单元达标自主训练,4,1
提优大试卷,1,1
提优大试卷江苏,1,1
提分宝典,7,1
提前招生初升高,1,1
提前招生初升高数学物理,6,1
提前招生数学,5,1
提前招生英语试卷,1,1
提前招生英语试卷湖北,3,1
提前招生英语试卷湖北黄冈中学,2,1
提升模拟卷,7,1
提升模拟卷贵州卷高三地理,8,1
提升，培优,1,1
提取公因数,10,1
提取公因数练习题,1,1
提招卷,6,1
插入铁芯,1,1
插班考,2,1
揭阳一中,3,1
揭阳一中榕江新城,4,1
揭阳一中榕江新城入学考,13,1
揭阳二中,5,1
揭阳华侨高级中学,2,1
揭阳市 2026学年度高中1年级期末下,30,1
揭阳市2025 2026学年度高中1年级教学质量测试英语,1,1
揭阳市2025 2026学年度高中二年级期末生物,7,1
揭阳市2025 2026学年度高中二年级期末英语,4,1
揭阳市2025 2026学年度高二年级期末生物,1,1
揭阳市2025 2026学年度高第二学期中二年级期末生物,2,1
揭阳市。,7,1
揭阳市榕城区2026英语期末考试,11,1
揭阳市榕城区高一数学试卷,3,1
揭阳新华中学,2,1
揭阳期末,5,1
揭阳榕城区实验学校八下物理月考,1,1
揭阳歧山,1,1
揭阳高一上册,1,1
揭阳高一期中,1,1
搜北京课改版九年数学上册——成套劵,12,1
搜大学,8,1
搜学校,1,1
搜索关键词（直接复制粘贴搜索）  1. 宜宾南溪区六年级下册期末 语文  2. 宜宾六年级毕业统考 数学 西师大版  3. 南溪一中外国语实验学校 初一分班考试  4. 四川宜宾人教PEP六年级英语期末,1,1
搜索关键词：2026新人教版八年级上册英语单词背诵版、中英文默写PDF，大部分资料免费预览，整套可下载打印，和老师发的格式高度匹配。,2,1
搜试卷,9,1
摄影模型,3,1
摩尔质量习题,3,1
摩尔质量练习题,3,1
摩擦力专项练习,2,1
摸底考新高三,1,1
摸底考新高三福建,3,1
摸底考试卷,1,1
摸底考高一,1,1
摸底考高一北海北师大,4,1
摸底考高三,1,1
播州区,9,1
播州区2024数学七年级,2,1
撷秀,9,1
擢英中学初一上册数学试卷,5,1
攀枝花,1,1
攀枝花中考,8,1
收心卷,10,1
收藏,1,1
改革开放与社会主义现代化建设新时期,3,1
放缩,5,1
放缩法,2,1
放缩法在函数与导数中的应用,6,1
政史地答题模板,3,1
政治 0 一轮复习,1,1
政治 八下期末试卷,11,1
政治 合格考,1,1
政治 必修四 2026必背核心知识点梳理,6,1
政治2023,1,1
政治2023高考真题,2,1
政治2025年杭州市高三年级教学质量检测,3,1
政治一轮复习,3,1
政治与法治100,10,1
政治与法治100题,6,1
政治与法治主观题,1,1
政治与法治主观题模板必修三,1,1
政治专题,3,1
政治九上期中真题卷,1,1
政治九上期中真题卷合肥市,3,1
政治传导题,1,1
政治卷子,7,1
政治合格考,4,1
政治哲学高考真题主观题,3,1
政治外国语,1,1
政治大题,2,1
政治大题的高铁红丝飘带那道题,7,1
政治学考2023浙江,1,1
政治学考高中,1,1
政治广东一轮复习,1,1
政治广东一轮复习2027,3,1
政治开学考庐江县人教版高三,1,1
政治必修一卷子期末高一,2,1
政治必修一填空,2,1
政治必修一第一课思维导图,4,1
政治必修一课本,3,1
政治必修三,13,1
政治必修三免费甘肃,4,1
政治必修三免费甘肃临夏,3,1
政治必修三课本,10,1
政治必修二主观题大题,1,1
政治必修二选择汇编,11,1
政治必修二选择汇编专题卷,4,1
政治必修二高考选择汇编,8,1
政治必修四PPT,1,1
政治必修四单元测试,3,1
政治必修四哲学20道选择题,13,1
政治必修四选择,6,1
政治必修四选择题,2,1
政治必修四，高考领航高中同步核心辅导与测评,1,1
政治必背知识点,1,1
政治必背知识点2027届高考广东,3,1
政治思维导图,10,1
政治提纲,3,1
政治时政热点2026中考资料,4,1
政治月考,1,1
政治期中,2,1
政治期末试卷,1,1
政治步步高一轮复习70练,2,1
政治步步高一轮复习70练浙江大学出版,1,1
政治江阴市高一下学期期末考试,4,1
政治漫画题,3,1
政治真题汇编,3,1
政治知识点,5,1
政治知识点总结背诵,1,1
政治第一次月考,4,1
政治第一次检查,12,1
政治答题模版必修四,4,1
政治资料高考,1,1
政治资料高考江苏,4,1
政治选修2,1,1
政治选修一二主观题,1,1
政治选修三,11,1
政治选修二教材,3,1
政治选修二的试卷,4,1
政治选修四,6,1
政治选修四试卷,2,1
政治选必三教材,4,1
政治选必三试题,5,1
政治选必三试题内蒙古,5,1
政治选必修二知识,2,1
政治选择性必修一单元测试卷,2,1
政治选择性必修三,7,1
政治选择性必修三名校学案,1,1
政治选择性必修三第一单元框架图,4,1
政治选择题,1,1
政治选择题100道,7,1
政治选择题专题5,1,1
政治逻辑与思维,1,1
政治逻辑与思维主观题,1,1
政治高考真题,4,1
政治高考真题主观题,3,1
政治高考真题分类汇编,1,1
政治高考试题,2,1
效实中学,1,1
敕勒草原,3,1
教学常规管理培训PPT,1,1
教学设计,4,1
教学质量检测,2,1
教师,1,1
教师合作,1,1
教师测控,1,1
教师版,1,1
教师资格,2,1
教师资格证,2,1
教师遴选,1,1
教师遴选高中数学,1,1
教材 2026人教版电子版图书人教,4,1
教材2026数学,1,1
教材习题答案,3,1
教材全解,1,1
教材划重点生物,3,1
教材单词自测,2,1
教材变式,9,1
教材变式三角形,3,1
教材听力,4,1
教材宏观把控，系统知识，明确方向,11,1
教材帮2026数学,1,1
教材帮立体几何,1,1
教材英语,3,1
教材英语七下,1,1
教材英语七下人教版,4,1
教案英语,1,1
教科书电子版人教版,1,1
教辅,1,1
散文游专练,1,1
散文游记专练,2,1
散文游记练,2,1
散文考点,3,1
散文阅读,9,1
敬业,3,1
敬业中学,4,1
数 列,1,1
数列  一轮复习,3,1
数列  一轮复习 专,1,1
数列 专题,7,1
数列 专题 2026题型大题,2,1
数列 单元测试卷,2,1
数列一轮复习,15,1
数列一轮复习重难点,2,1
数列与函数,3,1
数列专项,8,1
数列人教版,6,1
数列创新型压轴题。,9,1
数列大题,2,1
数列最值范围,5,1
数列求和专题,7,1
数列的,3,1
数列的概念,18,1
数列的概念等差数列,11,1
数列的通项公式,3,1
数列福建,1,1
数列竞赛题,1,1
数列等差与等比数列判定与性质,6,1
数列裂项相消,3,1
数列裂项相消错位相减题,5,1
数列解题技巧,5,1
数列讲义,3,1
数列通项与求和,8,1
数列通项公式,9,1
数列预习,6,1
数列高考,5,1
数列高考复习,3,1
数学 0 一轮复习,1,1
数学 三角函数专项,4,1
数学 初一 下册 期末,1,1
数学 初二 上册期末,6,1
数学 必修一1必考知识点整理浙教版,9,1
数学 月考高一上第一次,2,1
数学 期末,3,1
数学 直线,3,1
数学 第二c章 函数与基本初等函数（综合训练）,1,1
数学 高一人教A版 指数对数函数 基础专项练习题,1,1
数学02一轮,3,1
数学02一轮不等式,6,1
数学1000基础题,5,1
数学10月月考,8,1
数学2022新高考一卷,10,1
数学2023新高考,1,1
数学2023新高考I卷,4,1
数学2024全国一卷,3,1
数学2025,6,1
数学2025-2026八下期末试卷,4,1
数学2025-2026八下期末试卷内蒙古,5,1
数学2025-2026学年人教版七年级下学期期末模拟试卷,2,1
数学2026,4,1
数学2026新高考卷1卷,2,1
数学2026湖北八下期末,13,1
数学2026高考,5,1
数学24年二模嘉定,6,1
数学24年二模宝山,13,1
数学24年二模长宁,2,1
数学26年山东模拟,1,1
数学B版,1,1
数学B版必修一课本课后习题答案,4,1
数学B版高二教材,1,1
数学t8,6,1
数学一 轮复习2026,2,1
数学一元二次方程试卷,5,1
数学一单一元,2,1
数学一年级,6,1
数学一模,1,1
数学一轮三角函数,10,1
数学一轮复习2027高考,2,1
数学一轮复习2027高考函数,8,1
数学一轮复习78练江苏,4,1
数学一轮复习函数,3,1
数学七上普陀区,6,1
数学七上武汉,3,1
数学七上武汉市硚口区,16,1
数学七下天津,1,1
数学七下平面直角坐标系压轴题,3,1
数学七下平面直角坐标系大压轴题2026,2,1
数学七下沈阳,2,1
数学七年级上册单元,3,1
数学七年级上册单元评价十,1,1
数学七年级上册单元评价期中复习A,3,1
数学七年级下册期末考试卷贵阳市南明区,3,1
数学三维设计,2,1
数学三角函数,1,1
数学三角函数专项卷子,1,1
数学三角函数卷子,6,1
数学三轮复习,1,1
数学上册第二单元分数乘法提高试卷,2,1
数学上册第二单元分数乘法易错题试卷,5,1
数学上学期,1,1
数学不等式,1,1
数学不等式与不等式组,15,1
数学不等式与不等式组知识请单,4,1
数学中线题,7,1
数学中考北京,3,1
数学中考卷,8,1
数学中考及一模，二模,3,1
数学中考大题压轴题,5,1
数学中考试卷,3,1
数学乘方的计算题,3,1
数学九上月考,7,1
数学九上济南,5,1
数学书,2,1
数学书必修二答案,5,1
数学书高二,1,1
数学二次函数,3,1
数学二次函数专项,9,1
数学二次函数第一次月考,1,1
数学五年级下册,4,1
数学五年级计算题,5,1
数学人教 A 版选修一  课后习题答案,3,1
数学人教 A 版选修一  课后习题答案」,3,1
数学人教 A 版选修一 课后习题答案,1,1
数学人教A版 必修1教学大纲,1,1
数学人教A版 答案,1,1
数学人教A版选必一,4,1
数学人教八上计算,5,1
数学人教版,6,1
数学人教版选必一试卷,10,1
数学人教版选必须,1,1
数学做图题,1,1
数学全国,1,1
数学全国二卷,1,1
数学全国卷试卷,1,1
数学全等三角形练习题,6,1
数学八上月考,4,1
数学八上期中,6,1
数学八上期末,3,1
数学八上青岛版,2,1
数学八上鲁教版,1,1
数学八上鲁教版第一章,5,1
数学八上鲁教版第一章免费,8,1
数学八下大连西岗区期末,1,1
数学八下大连金普新区期末,3,1
数学八下期中,6,1
数学八下期末金普新区,1,1
数学八年级上册,1,1
数学八年级上册全等三角形单元检测卷,5,1
数学八年级上册期中卷温州,1,1
数学八年级上册期末卷温州,1,1
数学八年级下册期中试卷,1,1
数学八年级下册期中试卷温州,3,1
数学八年级下册期未试卷温州,12,1
数学八年级下册期末考试卷贵阳市南明区,2,1
数学八年级下册试卷第4单元,6,1
数学公式全部,2,1
数学六年级期末,4,1
数学几何专题,1,1
数学几何体积和表面积公式,1,1
数学几何卷,16,1
数学函数一轮复习,11,1
数学函数一轮复习专题,1,1
数学函数与基本初等函数（综合训练）,1,1
数学函数归纳一轮,4,1
数学函数第二单元,1,1
数学函数试卷,1,1
数学函数题型归纳一轮,2,1
数学函数高中,5,1
数学分析,4,1
数学分班考,1,1
数学分班考高一,3,1
数学分离参数法端点效益和分类讨论,5,1
数学初一,4,1
数学初一下期末,6,1
数学初三相似三角形,1,1
数学初中,2,1
数学初中二次函数单元卷,4,1
数学割补题型,1,1
数学北京中考,3,1
数学北京昌平五年级下册,3,1
数学北师大版,1,1
数学卓越联盟期末,2,1
数学单位换算,1,1
数学单元,1,1
数学单元测试,2,1
数学卷,1,1
数学卷八下期末永州,6,1
数学卷子,1,1
数学卷子高三,9,1
数学压轴,2,1
数学压轴题专项训练高中江苏,4,1
数学压轴题八上,7,1
数学口算题,3,1
数学史选修3-1,1,1
数学合格性考广东,2,1
数学名校联盟高二上学期月考,8,1
数学周测,8,1
数学周测卷,1,1
数学四年级计算,3,1
数学圆锥曲线大题专练专题1,3,1
数学圆锥曲线大题专练专题3,10,1
数学培优 拔尖培优专题,1,1
数学培优专题,8,1
数学培优高考,15,1
数学基本不等式,3,1
数学基础模块,1,1
数学基础模块上册,6,1
数学基础题,2,1
数学基础题高考,1,1
数学天津市,1,1
数学天津市第四十五中高一第一次月考试卷,3,1
数学太原,1,1
数学奥林匹克竞赛,12,1
数学导数,3,1
数学导数 大题专题,3,1
数学导数分离参数法端点效益和分类讨论,1,1
数学导数必要性探路,3,1
数学导数综合题,1,1
数学导数试卷,3,1
数学小升初,3,1
数学小学六年级考试浙江,2,1
数学山东烟台八上期中,4,1
数学工具,2,1
数学市质检,1,1
数学广东湛江市,7,1
数学应用题,3,1
数学开学考庐江县,1,1
数学开学考庐江县人教版,2,1
数学开学考庐江县人教版准高三,1,1
数学开学考庐江县人教版高三,13,1
数学必修一必刷题,1,1
数学必修一第一单元测试卷,5,1
数学必修一第一单元高考真题,3,1
数学必修一第一次月考,15,1
数学必修一第五章,1,1
数学必修一练习题,5,1
数学必修一绵阳中学,4,1
数学必修一集合测试卷,8,1
数学必修三,1,1
数学必修二大题,2,1
数学必修二概率,1,1
数学必修四知识点总结,1,1
数学必刷题选择性必修一,3,1
数学新高一上册分班考试真题试卷,9,1
数学新高一开学分班考试真题试卷,2,1
数学日照开学考,1,1
数学日照开学考高三,1,1
数学曲线判别式,2,1
数学月考九上,11,1
数学月考试卷,1,1
数学有关质量单位换算练习题,1,1
数学期中,1,1
数学期中七上,1,1
数学期中九上,14,1
数学期中八上泰山区。,21,1
数学期末初一,1,1
数学期末初一长沙,5,1
数学期末高一内蒙古,3,1
数学核心考点七上,1,1
数学概率,1,1
数学概率转向,2,1
数学模型归纳,2,1
数学模拟卷,2,1
数学模拟卷高三,1,1
数学模拟试卷,3,1
数学民政,1,1
数学沈阳开学考,2,1
数学济南,3,1
数学浙南联盟,3,1
数学浙江省中考试卷,2,1
数学湖南第三章一次函数单元试卷,23,1
数学湖南第四章数据分析单元试卷，湘教版2026新版本,15,1
数学瓜豆模型,2,1
数学画图题,1,1
数学百分卷,1,1
数学盘锦大洼,2,1
数学盘锦大洼附属中学期末卷,12,1
数学相似三角形构造辅助线,2,1
数学相似三角形构造辅助线青岛版,1,1
数学相似三角形辅助线,3,1
数学真题2026,1,1
数学石泉县迎风,4,1
数学空间向量单元测,3,1
数学立体几何二面角,2,1
数学立体几何北师大版,3,1
数学立体几何证明题北师大版,3,1
数学竞赛八上,3,1
数学竞赛真题25年合集,2,1
数学竞赛训练,11,1
数学竞赛讲义,1,1
数学第1套：九上第1单元 反比例函数单元测试A卷（鲁教版五四制）,1,1
数学第一单元,3,1
数学第一单元人教版,3,1
数学第二章 函数与基本初等函数（综合训练）,4,1
数学组合专题,1,1
数学统计 套题,1,1
数学综合测试卷,1,1
数学联赛,1,1
数学能力培养,3,1
数学自主招生考试试题,1,1
数学自主招生试卷,10,1
数学英文复习78练,1,1
数学解三角形,1,1
数学解三角形习题,4,1
数学解三角形大题专题练,12,1
数学计数原理,7,1
数学计算100题 每日一练,6,1
数学计算题七年级上册,3,1
数学计算题七年级上册人教版,2,1
数学计算题高中,5,1
数学讲义,6,1
数学讲义人教版,2,1
数学试卷2025 2026数学,1,1
数学试卷成武小升初,5,1
数学试卷高三,1,1
数学试题,182,1
数学课时精炼,5,1
数学课本选修一,2,1
数学质量单位换算,1,1
数学资料,5,1
数学选修,1,1
数学选修一专题,15,1
数学选修一专题免费,3,1
数学选修一人教A第三章培优卷,9,1
数学选修一人教B,1,1
数学选修一在线课堂,2,1
数学选修一第一章,7,1
数学选修一第三章培优卷,2,1
数学选修一第二章,6,1
数学选修二,7,1
数学选择性必修一向量,5,1
数学选择性必修一空间向量,1,1
数学选择性必修一空间向量人教A版,12,1
数学重量单位换算,1,1
数学长春中考2025,1,1
数学集合高考真题,2,1
数学集合高考真题分类,6,1
数学零诊,4,1
数学青海省西宁市2025‑2026学年第二学期期末调研测试卷 八年级物理,2,1
数学题型归纳,6,1
数学高2,4,1
数学高一上册期中考试试卷,3,1
数学高一上学期第一次月考,2,1
数学高一上月考,5,1
数学高一上期末,1,1
数学高一上海试卷,4,1
数学高一上第一单元,4,1
数学高一下学期期末试卷,24,1
数学高一下期末卷,4,1
数学高一压轴题精选,13,1
数学高一基本不等式练习卷,3,1
数学高一基本不等式试卷,13,1
数学高一暑假作业,12,1
数学高一期末,6,1
数学高一第1章,2,1
数学高一第1章集合,1,1
数学高一集合,1,1
数学高中,3,1
数学高中基础题,27,1
数学高中必修二几何,3,1
数学高中数学母题,3,1
数学高二,2,1
数学高二上10月月考,4,1
数学高二上册数学人教版,1,1
数学高二上册数学人教版真题卷,5,1
数学高二上学期月考,5,1
数学高二上阶段考,1,1
数学高二导数综合题,21,1
数学高二开学考,8,1
数学高二江苏扬州上学期26,1,1
数学高二江苏扬州上学期26月考,3,1
数学高二考试月考滨海新区大港油田上学期,1,1
数学高考2025高考真题,10,1
数学高考2卷,6,1
数学高考卷全国一卷,4,1
数学高考微专题复习，复合函数,7,1
数学高考试卷,1,1
数学鲁教版相交线与平行线的知识点,3,1
数学，高一入学考,10,1
数学：南京外国语学校2026届高三适应性训练,3,1
数学：南京外国语学校2026届高三适应性训练 英语：第11套,1,1
数学：空间向量及其线性运算 同步基础练习,4,1
数心,1,1
数据分析,3,1
数据的分析 八下 人教版,10,1
数据的收集 整理与描述,9,1
数栋,1,1
数独,3,1
数独 100题,1,1
数理科研室,3,1
数竞初赛,1,1
数论 专题,1,1
数论 奥数,3,1
数词英语,7,1
数转动点,1,1
数轴,14,1
数轴上的动点九大模型讲义带完整解题逻辑链,3,1
数轴上的动点问题,10,1
数轴动点中考,14,1
数轴动点问题,2,1
数轴动点问题七上动点,6,1
数轴练习题,6,1
数轴，绝对值,2,1
数量级计算,2,1
数阵,2,1
数阵新定义,3,1
数集,1,1
整体法与隔离法,4,1
整体隔离,6,1
整合课堂回归教材,2,1
整式,12,1
整式与合并同类项,1,1
整式乘除 100道混合计算题初中数学北师大版,6,1
整式乘除的化简求值,1,1
整式的乘除,7,1
整式的加减,13,1
整式的化简求值,1,1
整式的除法,1,1
整数根问,1,1
整数的四则运算与应用题,5,1
整数的四则运算与应用题单元自测,2,1
整数除法,5,1
文件名称：精品解析：2026届广东深圳市高三下学期二模语文试题,1,1
文单元素材及写作任务.docx,1,1
文园中学数学,5,1
文园中学英语,4,1
文园中学语文,13,1
文学常识,29,1
文学文化常识,10,1
文学类,1,1
文学类文本阅读 广州,10,1
文山,1,1
文山州,16,1
文山州2024年高二期末数学,13,1
文山州2025年高二期末数学,3,1
文山州2026年高二期末,9,1
文峰中学,1,1
文昌实验中学,2,1
文昌集团,1,1
文曲星,1,1
文本一将楼上母亲的咳嗽声与楼下客人的谈话交织在一起写，这种安排有何妙处？请结合文本简要分析,2,1
文汇,7,1
文海大联考,7,1
文澜中学,7,1
文理高中,3,1
文理高中分班,1,1
文登初二英语上学期期末考试考试,7,1
文科数学,3,1
文章,4,1
文绮中学,4,1
文综,14,1
文言 文120个实词,3,1
文言文一轮,5,1
文言文实词,9,1
文言文对比阅读,10,1
文言文对比阅读重庆,2,1
文言文常识,5,1
文言文断句,17,1
文言文的实词虚词,3,1
文言文练习2026 高考,3,1
文言文训练,4,1
文言文阅读一轮,4,1
文言文阅读高考,2,1
文言文陈涉世家,3,1
文言文默写,15,1
文言文，实词小题两篇。,4,1
文言文，实词小题两篇。高中,2,1
文言文，诗词小题两篇。,2,1
文轩,3,1
文锦中学,9,1
斗半匠初中数学训练册,1,1
斗罗大陆,1,1
斗门,7,1
斜抛 典型例题习题,1,1
斜抛运动,3,1
断路、通路判断,1,1
新 高一 2025年分班考试英语,1,1
新 高一 2026年暑假衔接数学完全平方,2,1
新 高一 2026年暑假衔接数学计算题,3,1
新 高一上 分班考试试卷,8,1
新 高一上 新生分班考试试卷,9,1
新9年级电学专项练习暑假预习讲义,1,1
新9年级电学练习,1,1
新一中,1,1
新一卷英语,1,1
新七年级入学分班测试 数学,28,1
新七年级入学分班测试 科学,7,1
新七年级入学分班考试 数学,3,1
新东方分班考,4,1
新东方高二,1,1
新九年级物理暑假提升精品讲义答案,4,1
新乡获嘉,1,1
新二89课课堂笔记,4,1
新五年级英语暑假自学课 北京,4,1
新交际二上英语,4,1
新人教九下英语单词,2,1
新人教九下英语教材电子版,1,1
新人教版七年级上册数学,7,1
新人教版七年级上册数学有理数,4,1
新人教版八下英语单元作文,2,1
新人教版八下英语重点知识点,6,1
新人教版初中词汇应用,2,1
新人教版英语初中词汇应用,1,1
新人教精通版五年级上册英语,3,1
新会一中数学,2,1
新会一中物理,5,1
新余市第一中学九年级上数学段考数学试卷,2,1
新八校联考,1,1
新八省通用化学,4,1
新创造教育集团 九上期中数学,7,1
新初一分班考,6,1
新初一分班考试数学试卷太原市,1,1
新初一外国语分班,1,1
新初一小升初分班考试数学模拟卷,1,1
新初一开学去学考试试卷,1,1
新初一开学摸底考,1,1
新初一开学考试试卷,1,1
新初一数学第一单元测试卷,6,1
新初一第一次月考,11,1
新初二开学摸底考试,2,1
新力量联盟,7,1
新力量联盟化学,15,1
新动力,1,1
新动力高考突破,1,1
新动力高考突破生物,2,1
新化县,12,1
新北实验,1,1
新北师大版2026年七年级数学下册第五章图形的轴对称知识归纳与题型突破,6,1
新区,2,1
新区实验高中10月月考,1,1
新华区,10,1
新坐标,2,1
新城中学,1,1
新城中学二零二四到奥零二五学年读第一学期高一年级十月月考数学卷,1,1
新城初级,3,1
新外研版九年级上册英语单元综合卷,8,1
新外研版英语七下,3,1
新安一高,1,1
新安中学,1,1
新定义 1 数学压轴,2,1
新定义 高中数学,3,1
新定义中的最值函数,2,1
新定义数阅读题,3,1
新川中学,3,1
新干,3,1
新建二中,2,1
新情境下陌生方程式的书写一轮复习,1,1
新旧一天占比,1,1
新时代九校联盟2025期中考试题,4,1
新星,1,1
新月虚拟创新联盟高三年级第1次联考语文试题卷,3,1
新概念 01 1 03新概念第一册,1,1
新概念 第一册,1,1
新概念二L24~28考试卷,1,1
新概念第一册 前40课 习题,2,1
新概念第二册第89课课堂笔记,1,1
新概念英语73-108测试卷,1,1
新概念英语73-108练习题,2,1
新概念英语三,1,1
新概念英语第三册,7,1
新款浙教版八年级上册科学第1单元1.4第3课时光的折射视频,1,1
新民市八上期中,2,1
新民市八上，数学,1,1
新民市高级中学,3,1
新泰,4,1
新泰一中2020-2021,4,1
新泰一中东校月考,1,1
新泰一中东校月考地理,2,1
新泰一中学科竞赛,1,1
新泰一中选优考,1,1
新泰中学,2,1
新泰中学暑假,1,1
新泰市2024 2025 7下地理期末,1,1
新泰市2024 2025 7下数学期末,1,1
新泰市2024 2025 8上数学期末,10,1
新泰市新泰一中,7,1
新泰市汶城实验小学,1,1
新泰月考,4,1
新洲一中 2026 高二下 英语 期末,1,1
新洲区 生物,1,1
新海,12,1
新海实验中学,2,1
新海高中,4,1
新海高级中学高一化学,6,1
新海高级中学高二上学期物理期中试卷,12,1
新版九上历史书,10,1
新版九上英语单词,7,1
新版九年级历史,1,1
新版人教pep六年级上册 单元测试卷 三年级起点带答案,6,1
新生,15,1
新生社会实践活动,2,1
新田一中开学考,4,1
新疆 1 2024 中考试卷,5,1
新疆2026中考,4,1
新疆2026八年级,3,1
新疆2026高考真题,4,1
新疆27届一轮复习,14,1
新疆七年级上册,1,1
新疆七年级上册克州地区,6,1
新疆七年级上学期阶段检测,1,1
新疆中考,3,1
新疆中考2 022年的物理试,1,1
新疆中考2 022年的试卷。,1,1
新疆中考2025年英语,1,1
新疆中考政治历史,1,1
新疆乌鲁木齐七年级下册数学期末试卷,1,1
新疆乌鲁木齐分班考,1,1
新疆乌鲁木齐新初一分班考,1,1
新疆五家渠查分数入口,2,1
新疆伊犁,1,1
新疆伊犁哈萨克自治州2025-2026学年高一下学期质量检测卷,22,1
新疆伊犁州2025-2026期末卷子,1,1
新疆伊犁州2026高一期末考,5,1
新疆伊犁州尼勒克县2025-2026期末高一卷子,9,1
新疆六年级下学期期末,8,1
新疆六年级下学期阶段检测,1,1
新疆兵团第二中学物理高三一轮复习卷高考,2,1
新疆内初中,1,1
新疆内初中班,1,1
新疆内初班,1,1
新疆内初班数学真题,9,1
新疆内初班考试,1,1
新疆初三外研版英语,2,1
新疆升学真题,5,1
新疆吐鲁番市2025年物理初二上学期,16,1
新疆和田地区于田县2026年8年级下册物理期末试卷,1,1
新疆地区二中,1,1
新疆天山职业技术大学,1,1
新疆实验中学高一期末卷,3,1
新疆小升初 2026分班试卷,6,1
新疆师大附中直升班考试,3,1
新疆建设兵团第一中学,4,1
新疆开学,1,1
新疆新初一小升初分班考试数学模拟卷,1,1
新疆昌吉回族自治州第一中学,3,1
新疆期中,1,1
新疆期末,1,1
新疆生产建设兵团,2,1
新疆生产建设兵团二中,2,1
新疆生产建设兵团二中小升初,1,1
新疆生产建设兵团第二中,1,1
新疆生产建设兵团第二中学,9,1
新疆生产建设兵团第二中学自主招生,5,1
新疆生物会考 20 26年初中学业水平考,5,1
新疆维吾尔自治区,6,1
新疆维吾尔自治区乌鲁木齐地区2024-2025学年高三上学期第一次质量监测数学试题,6,1
新疆维吾尔自治区乌鲁木齐市天山区2024-2025学年四年级下学期综合评价样卷语文试卷,1,1
新疆维吾尔自治区乌鲁木齐市天山区2024-2025年五年级上学期数学综合评价样,2,1
新疆维吾尔自治区喀什地区莎车县2024~2025年。数学。,6,1
新疆维吾尔自治区喀什地区莎车县2024~2025年期间高一上学期数学期中试卷。,5,1
新疆维吾尔自治区喀什地区莎车县2024~2025年期间高一上学期期中试卷。,3,1
新疆维吾尔自治区喀什地区莎车县2024~2025年期间高一期数学高一数学期中期末试卷。,2,1
新疆维吾尔自治区喀什地区莎车县2024~2025高一数学下学期期中试。。,19,1
新疆莎车,1,1
新疆莎车2024-2025高一,1,1
新疆莎车期末,1,1
新疆莎车高一,1,1
新疆语文2017,6,1
新疆阿克苏地区二中,10,1
新疆高一下学期期末,3,1
新疆高一期末语文,1,1
新疆高三上学期期末,2,1
新疆高中学业水平测试7月,3,1
新疆高考2026年真题卷子,6,1
新疆高考文科2026年真题,6,1
新航路开辟,2,1
新航路开辟了,1,1
新苏教版小升初全部知识梳理 3-6年级科学知识点,2,1
新英才,1,1
新营2025年初一真题卷,1,1
新营2025年新生入学调查问卷语文数学英语,5,1
新营中学,5,1
新课标 1 1卷 高考 2026,1,1
新课标 1 卷 高考,3,1
新课标1600词,3,1
新课标1卷2024,1,1
新课标Ⅱ卷 高考 2026,1,1
新课标一卷语文2026,1,1
新课标历史课本,1,1
新课标大象版五年级上册,4,1
新课标生物,1,1
新课标能力培养生物,5,1
新课标能力培养生物选择性必修一,1,1
新课标高考3500词带音标word，,3,1
新课标，中考九年级必背单词加短语,1,1
新课程初中复习指导丛书,1,1
新课程学习与测评历史高考复习第一轮,4,1
新起点考试,3,1
新都,8,1
新都区2025年小升初数学分班考,1,1
新野县,1,1
新野县八年级,1,1
新野县八年级英语,1,1
新野县八年级英语下学期,3,1
新闻报道,3,1
新题型 2026,3,1
新风向,1,1
新风向英语听力,6,1
新高1分班考试卷,15,1
新高一,6,1
新高一 分班考,2,1
新高一 初高衔接 英语阅读理解 基础,6,1
新高一上学期 开学考,4,1
新高一人教A版数学暑假预科讲义,7,1
新高一入学考,1,1
新高一入学考试,1,1
新高一入学考试卷,1,1
新高一入学考试卷英语,1,1
新高一入学考试数学,1,1
新高一分班考试,5,1
新高一分班考试卷明德,1,1
新高一分班考试试卷,1,1
新高一分班考试选拔试卷,4,1
新高一分班考试题,2,1
新高一分班考长沙,2,1
新高一分班考长沙湖南大学附属中学,2,1
新高一初升高衔接卷长沙,1,1
新高一化学,1,1
新高一地理教材,3,1
新高一开学摸底/初升高衔接卷,1,1
新高一开学摸底考试,2,1
新高一必修一英语月考芷兰 一中试卷,23,1
新高一新生入学分班卷,3,1
新高一氧化还原反应苏教版,3,1
新高一物理第一章卷子带答案,1,1
新高一青岛西海岸第1次月考,17,1
新高三,1,1
新高三数学,1,1
新高三第一学期开学考,6,1
新高二开学摸底考试,9,1
新高二开学考,1,1
新高二开学考试,10,1
新高二摸底考试,4,1
新高二苏教版化学暑假预习讲义,4,1
新高考,1,1
新高考 2卷,1,1
新高考1500必备单词,1,1
新高考15空,3,1
新高考1卷数学,1,1
新高考1卷数学2026,2,1
新高考1卷英语,1,1
新高考2024,2,1
新高考I卷英语阅读A篇真题汇编,9,1
新高考I卷英语阅读理解A篇历年真题分类汇编,4,1
新高考Ⅰ卷数学2023‑2026,2,1
新高考一卷2022,4,1
新高考一卷数学2023,1,1
新高考一卷英语真题,7,1
新高考一卷英语真题汇编,4,1
新高考一卷语文2026,1,1
新高考一卷语文真题,3,1
新高考一轮复习,14,1
新高考二卷2022,1,1
新高考二卷英语2026,1,1
新高考二卷语文,1,1
新高考作文,8,1
新高考全国Ⅱ卷数学2021‑2025,3,1
新高考全国一卷英语,1,1
新高考化学,1,1
新高考卷,1,1
新高考必背古诗文,5,1
新高考方案一轮复习物理,1,1
新高考方案物理,1,1
新高考标杆作文,3,1
新高考联盟12月联考,26,1
新高考英语写作,1,1
新高考英语范文,7,1
新高考英语阅读,1,1
新高考英语阅读理解专题刷题,4,1
新高考英语阅读理解刷题,1,1
新高考语文二卷,22,1
新高考语文必背60篇理解性默写,5,1
新高考语文必背60篇理解性默写考前冲刺60天,1,1
新高考辽宁,1,1
方位介词,3,1
方向向量测试,1,1
方向向量立体几何测试,7,1
方城县第一高级中学,3,1
方城县第一高级中学2025高二开学预习效果检测化学,18,1
方城县第一高级中学高二开学预习效果检测化学,5,1
方城县第五高级中学,1,1
方差,5,1
方程不等式,3,1
方程式书写,1,1
方程式书写高中,4,1
方程式打印,1,1
方程式汇总,1,1
方程式配平训练题,8,1
旅顺,8,1
旅顺中学,2,1
旋转 025一轮专题压轴习题,4,1
旋转 025一轮专题压轴习题数学中考真题,4,1
旋转9年级上册,3,1
旋转全等,5,1
旋转全等几何综合,4,1
旋转动点最值初中,3,1
旋转和动点问题,15,1
旋转最值,1,1
旋转最值问题,1,1
无为市第十一中学,2,1
无情未必真豪杰,1,1
无机化学,1,1
无机化学方程式汇总,11,1
无机非金属材料,2,1
无理数,2,1
无衣 春江花月夜 将进酒 江城子,2,1
无衣/《诗经·秦风》,2,1
无衣课件,4,1
无衣课件教案,5,1
无锡2025试卷,1,1
无锡2025试卷高三化学,3,1
无锡2025试卷高三化学，期中,1,1
无锡七上单元卷,4,1
无锡七上第一次月考英语,15,1
无锡中考化学,1,1
无锡中考物理,10,1
无锡八下英语,8,1
无锡八年级上册地理,2,1
无锡八年级上册物理,4,1
无锡八年级上学期期末语文,12,1
无锡八年级期末语文,1,1
无锡大桥中学,6,1
无锡天一,6,1
无锡天一八上英语,1,1
无锡市20252026八年级下册语文期末试题,1,1
无锡市天一中学,10,1
无锡市惠山区2026中考卷,1,1
无锡市惠山区玉祁八年级周周练同步试卷,3,1
无锡市第一中学,1,1
无锡市第三高级中学,1,1
无锡市辅仁高级中学高一上期中,8,1
无锡市锡南高中,1,1
无锡市锡南高中2025届分班考数学卷,2,1
无锡市锡山区七下语文期末卷,3,1
无锡市高二上学期语文月考,1,1
无锡市高二期末,10,1
无锡期中,13,1
无锡第一次月考,1,1
无锡第一次月考英语,1,1
无锡运河中学,1,1
无锡运河新高二,5,1
无锡运河暑假,1,1
无锡锡东25年期中英语卷,3,1
无锡锡东25年高一上英语期中考试卷,1,1
无锡锡东高一25年期中英语卷,1,1
无锡锡东高一上25年期中英语卷,2,1
无锡高一下,5,1
无锡高一数学辅仁,1,1
无锡高一辅仁,10,1
无锡高三期中,4,1
无锡高三期末,8,1
日喀则市桑珠自区第三中学。8年级下册期末物理试卷。,4,1
日有所诵 一年级,1,1
日有所诵 一年级必读科目,1,1
日本,8,1
日本广中杯,1,1
日本语。,9,1
日照2023级高三开学考政治,3,1
日照2023高二上期末数学,3,1
日照2024,1,1
日照2024语文中考试卷,1,1
日照2024高二上期末数学,5,1
日照2025-2026高三开学考政治,4,1
日照2025高二上期中数学,16,1
日照2025高二上期中物理,3,1
日照2025高二上期末数学,1,1
日照9年级上学期开学考,3,1
日照一中高中,5,1
日照七年级上,40,1
日照七年级上分班数学,14,1
日照七年级上分班英语,55,1
日照七年级上历史,15,1
日照七年级上地理,10,1
日照七年级上数学,15,1
日照七年级上物理,3,1
日照七年级上生物,14,1
日照七年级上英语,8,1
日照七年级上语文,11,1
日照七年级上道德,8,1
日照七年级开学考,1,1
日照九年级上学期10月月考,1,1
日照九年级上学期10月月考数学,2,1
日照九年级上学期开学考,3,1
日照九年级上学期月考,2,1
日照二中,1,1
日照八年级化学期末,1,1
日照初中学业水平考试2024年,1,1
日照初中生物,1,1
日照初中生物会考题,3,1
日照北京路中学,3,1
日照实验,2,1
日照实验中学,2,1
日照实验高中,1,1
日照小升初,2,1
日照市,1,1
日照市2025高三开学考,11,1
日照市2026高三,2,1
日照市七年级上开学,11,1
日照市七年级开学,1,1
日照市东港区济南路小学,6,1
日照市北京路中学7年级数学,3,1
日照市北京路中学7年级数学期末,4,1
日照市北京路中学七年级上学期,4,1
日照市北京路中学七年级上开学,1,1
日照市北京路中学七年级开学,1,1
日照市北京路中学小升初,3,1
日照市北京路中学开学,1,1
日照市北京路中学语文七年级,3,1
日照市实验高中,1,1
日照市实验高中高一物理,1,1
日照市实验高中高一物理期末考试,1,1
日照市实验高中高二,1,1
日照市实验高中高二上学期,1,1
日照市小升初,1,1
日照市小升初英语,1,1
日照市开学考,1,1
日照市新营中学七年级上,1,1
日照市新营中学中学七年级上,90,1
日照市日照港中学七年级上,18,1
日照市泰安路中学七年级,2,1
日照市济南路小学,2,1
日照市经开区六年级下册数学期末试卷2025到2026,3,1
日照市金海岸中学八上开学考,5,1
日照市高一上学期,4,1
日照市高一下学期期末数学2025,1,1
日照市高中开学考,3,1
日照开学考,1,1
日照开学考化学,2,1
日照开学考试,3,1
日照开学考试高三,7,1
日照开学考高二地理,17,1
日照开学考高二数学,12,1
日照新营七年级下册数学期末考试,1,1
日照新营七年级下学期物理,4,1
日照新营中学中考一模,1,1
日照新营中学中考一模数学试卷,4,1
日照新营中学九年级上册11月月考数学试卷,1,1
日照新营中学九年级上册数学期中考试,3,1
日照新营中学九年级上册数学期中试卷,8,1
日照新营中学九年级上册数学第一次月考,4,1
日照新营中学九年级上册物理12月月考,3,1
日照新营中学九年级上册第一次月考,1,1
日照新营中学九年级数学开学考,2,1
日照新营中学九年级数学第一次月考,2,1
日照新营中学九年级物理开学考,3,1
日照新营中学九年级物理第一次月考,4,1
日照期中化学,3,1
日照期末八上,13,1
日照期末物理,1,1
日照港中学7年级下册,8,1
日照港中学七年级上,20,1
日照港中学七年级上学期,1,1
日照港中学八上,6,1
日照港中学八下化学,3,1
日照港中学八下物理,6,1
日照生物会考题,1,1
日照语文中考试卷,1,1
日照青苗计划,2,1
日照高一期末物理,3,1
日照高三开学考,5,1
日照高二上期中化学,3,1
日照高二上期末化学,2,1
日照高二下学期期末,1,1
日照高二下期末,1,1
日记的格式,1,1
日语 高考 2026真题,1,1
日语2026高考考日语卷,9,1
日语。,3,1
日语全国一卷,4,1
日语单元,1,1
日语单词,1,1
日语深圳一调研,1,1
日语深圳调研,1,1
日语语法  复习,1,1
日语高一,2,1
日语高三,2,1
日语高考真题,8,1
日语高考真题卷,1,1
早背晚默（大气）,1,1
早茶老师课件,3,1
旭川中学,2,1
时事热点,4,1
时代华威,3,1
时代周刊,4,1
时代杯数学竞赛,18,1
时差计算,6,1
时差计算湘教版,3,1
时态 100题,1,1
时态天津,1,1
时态练习,1,1
时态练习题,14,1
时态综合,3,1
时态语态练习,10,1
时态辨析,2,1
时文 2006阅读英语,4,1
时文阅读理解,3,1
时文阅读理解英语,1,1
时文阅读理解英语高三,3,1
时文阅读英语,1,1
昆一中学贯,3,1
昆一中学贯高一分班考,7,1
昆一中西山学校2025年秋季学期1月月考试卷高一生物,1,1
昆一中高一上分班考,3,1
昆一中高一开学考,3,1
昆一中高一期中考,1,1
昆三,2,1
昆三中创新班真题卷,1,1
昆三中高一分班考卷,1,1
昆三滇池分班考卷,1,1
昆八中,1,1
昆八中分班考试,1,1
昆八中考试,1,1
昆八中高一 月考,13,1
昆十中,2,1
昆山,8,1
昆山4年级数学,28,1
昆山4年级数学下学期,4,1
昆山4年级英语,5,1
昆山5年级数学,11,1
昆山6年级数学下册卷,14,1
昆山中学,1,1
昆山中学高一上学期,2,1
昆山中考,1,1
昆山中考数学,1,1
昆山九上化学期中卷,6,1
昆山二次函数,6,1
昆山亭林中学分班考试卷,5,1
昆山小升初分班考试卷,3,1
昆山小升初数学,3,1
昆山小升初英语,3,1
昆山小升初英语2026,2,1
昆山小学数学毕业练习题,4,1
昆山市,18,1
昆山市初中分班考,55,1
昆山市巴城高级中学,11,1
昆山开发区实验学校,3,1
昆山秀峰,5,1
昆山秀峰中学,2,1
昆山通海,1,1
昆山通海二次函数,2,1
昆山震川高级中学,6,1
昆山青阳港,1,1
昆山青阳港开学考,6,1
昆明,7,1
昆明分班考卷,1,1
昆明初升高分班考真题卷,1,1
昆明实验中学,2,1
昆明市一模,5,1
昆明市五华区八年级上学期开学考,1,1
昆明市八校联考七下期末模拟卷,9,1
昆明市六年级下期末语文真题,7,1
昆明市盘龙区七下数学,1,1
昆明市第一中学,7,1
昆明市第一中学高2023届高一新生新科标入学测试,4,1
昆明市第三中学初三开学考,7,1
昆明市第三中学高一上学期开学考真题卷,3,1
昆明市第三中学高一分班考,6,1
昆明市第三中学高一分班考真题卷,1,1
昆明市第三中学高一开学考真题卷,1,1
昌乐二中,2,1
昌乐六年级数学期中,2,1
昌平,7,1
昌平二中,3,1
昌平二模,1,1
昌平区2024~2025七年级下册英语期末,2,1
昌平区2025~2026学年第二学期高二年级期末质量抽测 政治,1,1
昌平区2025年八下英语期末试卷,1,1
昌平区2026年八下英语期末试卷,6,1
昌平区2026年八下英语期末试卷第二组,1,1
昌平数学期末,3,1
昌平数学期末八下,7,1
昌平期末,14,1
昌济开学考,1,1
昌黎县宏兴实验中学,3,1
明光中学,5,1
明德,3,1
明德中学开学考试,2,1
明德学校,7,1
明德教育集团,15,1
明德新高一入学考,1,1
明德新高一入学考语文,4,1
明新中学,1,1
明月,1,1
明月几时有,1,1
明远,3,1
明远中学,4,1
明远数学,1,1
易修上教材文言文挖空练习加重点知识归纳,7,1
易考点,1,1
易考点核心语法,1,1
易考点核心语法期末100题,5,1
易蓓阅读训练,1,1
易错,16,1
易错字词,1,1
易错题,4,1
昔阳中学,3,1
昕弘,13,1
星火教育,2,1
星火教育高一英语,6,1
星火英语,12,1
星火英语听力,1,1
春,8,1
春华,1,1
春城中学,7,1
春季 高考 广东数学,1,1
春季 高考 广东语文,7,1
春季高考历年真题,1,1
春季高考烹饪,3,1
春季高考英语,15,1
春季高考英语广东,1,1
春季高考语文古诗,1,1
春考数学广东,1,1
春考数学广东揭阳,1,1
昭通一中教研联盟2026 高二期中,7,1
昭通市联盟镇雄县第一中学期末考卷语文,5,1
昭通期末,1,1
晋元高级中学,5,1
晋安区2025到2026学年第一学期期中适应性练习初二物理试卷,4,1
晋江一中七上,11,1
晋江一中七年级,4,1
晋江一中高中,1,1
晋江七校八上期中全套,12,1
晋江二中,6,1
晋江入学老师,2,1
晋江六下,11,1
晋江学校,2,1
晋江小升初,1,1
晋江市 北师大版 六年级 数学,1,1
晋江市 北师大版 六年级 数学  单元,4,1
晋江市 北师大版 六年级 数学  单元卷,1,1
晋江市 北师大版 六年级上 数学,1,1
晋江市 北师大版 六年级上 数学  单元卷,2,1
晋江市小升初分班。测试卷,1,1
晋江市第一中学,6,1
晋源,1,1
晚清时期的内忧外患与救亡图存,16,1
晟才,6,1
晟才学校,1,1
晨宁,2,1
晨昏线,8,1
晨昏线的判读与应用,2,1
晨背晚练,2,1
晨背晚练地理,8,1
晨背晚默地理,14,1
晨读晚默,2,1
晨读晚默英语,18,1
普宁,4,1
普宁2026八下历史期末考试卷,1,1
普宁2026八下数学期末考试卷,6,1
普宁市,28,1
普宁市7年级上册英语英语期中,7,1
普宁市。,33,1
普宁市八年级上册,8,1
普宁市八年级上册数学开学考试卷,2,1
普宁市华侨中学,2,1
普宁统考,12,1
普安中学,2,1
普洱中学,4,1
普通高中2025到2026年下高二期末考试数学A卷,1,1
普通高中2025到2026年下高二期末考试生物,26,1
普通高中2025到2026年下高二期末考试生物青桐鸣,4,1
普通高中六校联盟,9,1
普通高中六校联盟开学考,7,1
普通高中六校联盟期末,1,1
普通高中学业水平考试,3,1
普通高中学业水平选择性考试物理模拟检测试,4,1
普通高中教科书 英语 必修第一册,1,1
普通高中教科书 英语 必修第一册》（2019人教版，高一上册课本）,3,1
普通高中英语课程标准,6,1
普通高等学校全国统一卷生物,15,1
普陀区,2,1
普陀数学,3,1
普陀数学初三,2,1
普陀数学初三统考,1,1
景县,6,1
景山,1,1
景德镇,1,1
景德镇中考,4,1
景德镇高一下学期期末,2,1
景洪市第五中学 八年级上册,3,1
晶体 2026一轮复习,2,1
晶体 2026复习,3,1
晶体类型及性质,8,1
晶体计算,2,1
晶格能,5,1
晶胞计算,5,1
晶胞选择题,3,1
智学大联考皖中名校联盟合肥八中,5,1
智慧熊,1,1
晾衣绳模型练习,4,1
暑假 2026,1,1
暑假 2026高三,3,1
暑假作业 01,13,1
暑假作业 05 分子动理论,1,1
暑假作业 12,1,1
暑假作业01 现在完成时 暑假分层作业 2025年八年级英语暑假培优练 人教版,1,1
暑假作业01导数的概念及计算,6,1
暑假作业05分子动理论,1,1
暑假作业07解三角形解答题专题,6,1
暑假作业09语法选择,1,1
暑假作业09语法选择英语,2,1
暑假作业12 空间直线、平面的垂直,7,1
暑假作业13 高一入学模拟试卷01（巩固培优）高一英语外研版,1,1
暑假作业20 随机变量及其概率分布、正态分布,6,1
暑假作业数列,2,1
暑假作业数列练习,1,1
暑假作业数学,4,1
暑假作业数学数列,1,1
暑假作业每日一练,7,1
暑假作业每日一练2026_2027,10,1
暑假作业答案,1,1
暑假作业答案仁爱,3,1
暑假八上物理检测,1,1
暑假八升九,6,1
暑假必刷题,1,1
暑假必刷题北师大版数学,1,1
暑假自主学习作业本高二物理2025,2,1
暑假自主学习作业本高二物理2025长郡中学,1,1
暑假衔接物理八上,1,1
暑假衔接物理八上讲义,5,1
暑假讲义,1,1
暑假趣事周记,1,1
暑假预习,12,1
暑假预习专题,7,1
暑假预习奖励,1,1
暑假预习讲义,16,1
暑假题型突破（完形填空）2026~2027学年人教版英语,4,1
暑假题型突破（完形填空）2026~2027学年人教版英语九年级上册,3,1
暑期生物高中必修一,3,1
暑期生物高中必修一必备知识点填空,2,1
暑期衔接,1,1
曲周县 2025 2026 八年级下册数学期末,3,1
曲周县 2025-2026 八年级下册数学期末,7,1
曲周县 2025-2026 八年级下册英语期末,1,1
曲线判别式,1,1
曲阜,14,1
曲阜数学,5,1
曲阜数学24-25,5,1
曲阳一中,5,1
曲阳中学,1,1
曲阳永宁高一,14,1
曲靖,4,1
曲靖2025—2026学年秋季学期期末考试,3,1
曲靖一中2027级期末数学检测卷,1,1
曲靖一中沾益清源高级中学高一年级2026年春季学期期末考试数学,1,1
曲靖一中沾益清源高级中学高一年级2026年春季学期期末考试生物,1,1
曲靖市,1,1
曲靖市第七中学,2,1
曲靖民中,1,1
曲高一中科技部高一语文暑假作业,1,1
曲高一中，科技部，高一语文暑假作业一,1,1
曹县,6,1
曹县一中高一月考卷,3,1
曹县一中高二上学期中试卷,3,1
曹县小升初考试,3,1
曹杨第二中学,5,1
曹阳二中,1,1
曾都区初一分班期末考试,17,1
最值几何,9,1
最值函数,2,1
最值压轴内江市,11,1
最值模型,5,1
最值电功率,5,1
最值问题北京,5,1
最大公因数和最小公倍数,1,1
最新时文,11,1
最新版,5,1
最新苏教版八年级物理上册单元测试卷第一章声现象,22,1
最短路径 八年级专题,1,1
最短路径问题,4,1
最短路径问题将军饮马,4,1
最高考假期作业答案,1,1
月,8,1
月城,1,1
月城中学,1,1
月城学,2,1
月城学校2022-2023下期七年级数学期末模拟试题,1,1
月相,4,1
月相 变化 规律 高中地理真题,4,1
月相变化,4,1
月考 外国语,2,1
月考 新海高中,4,1
月考 第一次,15,1
月考10,9,1
月考10月数学,10,1
月考10月江苏,4,1
月考10月江苏八年级,2,1
月考10月物理,8,1
月考9月8年级,4,1
月考专项高二上生物,1,1
月考九上化学,1,1
月考八上,17,1
月考八上语文,1,1
月考八上重庆一中,10,1
月考卷 九上第一次月考,2,1
月考卷人教版,3,1
月考卷数学八上第一次,1,1
月考卷，九上第一次月考,10,1
月考复习,5,1
月考大连,16,1
月考物理,8,1
月考第一 次邳州二零二五到二零二六年月考试卷生物八年级上册,11,1
月考试卷10月,8,1
月考试卷2025-2026太原初二上学期10月份,3,1
月考试卷太原初二上学期10月份,1,1
月考语文,1,1
月考连云港,1,1
月考题,43,1
月考高一天科,1,1
有丝分裂,2,1
有丝分裂与减数分裂,4,1
有丝分裂和减数分裂怎样才能搞懂？,3,1
有关卤代烃醇酚性质的思维导图,4,1
有关节日的英语作文,3,1
有关蛋白质结构计算规律,2,1
有关质量单位换算,4,1
有关质量单位换算练习题,2,1
有外力的板块模型,3,1
有机 化学1轮 反应方程式默写,4,1
有机共面,8,1
有机化合物命名,5,1
有机化学反应,2,1
有机化学名称,2,1
有机化学基础 必背知识点清单,30,1
有机化学大题,3,1
有机化学大题2026高考训练,3,1
有机化学实验,1,1
有机化学方程式汇总,3,1
有机合成大题 10年真题,10,1
有机合成推断,6,1
有机合成推断大题,1,1
有机合成知识点,4,1
有机合成路线,1,1
有机合成题海南,1,1
有机推断,5,1
有机推断大题贵州高中,1,1
有机推断大题贵州高中化学贵师大附中,1,1
有机推断题,4,1
有机方程,10,1
有机方程式,6,1
有机方程式 2025 必背化学方程式默写,5,1
有机物,6,1
有机物 2025专题一轮复习高三,2,1
有机物中碳原子成键特点和结构,1,1
有机物必修二,10,1
有机物的结构与性质,7,1
有机物的结构与性质专题01,5,1
有机物结构特点,2,1
有机综合大题,4,1
有机缩聚反应,1,1
有机缩聚缩合反应,1,1
有点英语,1,1
有理数 带乘方的混合运算计算题,3,1
有理数七上人教版2024版课程,2,1
有理数乘方,1,1
有理数减法计算题,14,1
有理数分类,1,1
有理数加减,1,1
有理数加减法,1,1
有理数加减法混合运算,4,1
有理数单元测试,9,1
有理数单元测试卷,9,1
有理数培优练习题,3,1
有理数易错,3,1
有理数混合运算专题,3,1
有理数的4则混合运算,10,1
有理数的加减混合运算,3,1
有理数的概念,2,1
有理数的混合运算,7,1
有理数计算七年级 100专项训练计算专项,5,1
有理数计算题混合,1,1
有理数计算题混合运算,2,1
有理数计算题混合运算专题训练,6,1
望奎,7,1
望奎县第一中学,8,1
望花区五年级下册期末题,4,1
望花区六年级下册期末卷,3,1
朝花夕拾,4,1
朝花夕拾练习,5,1
朝花夕拾练习卷,1,1
朝阳二模,1,1
朝阳八年级数学期末,1,1
朝阳初一下道法2026,1,1
朝阳区物理2025~2026年期末试卷八年级下,1,1
朝阳区英语期中考试,9,1
朝阳县二中英语,1,1
朝阳国际小升初,1,1
朝阳市。,1,1
朝阳市富民,1,1
朝阳市第一,1,1
朝阳市第一高中,3,1
朝阳高一上期末,9,1
期中 莘松,3,1
期中专项高二上生物,3,1
期中九上数学,25,1
期中五校,7,1
期中化学试卷,1,1
期中卷 烟台,1,1
期中卷 烟台 高二上,12,1
期中卷九上化学五四制,2,1
期中卷九上数学五四制,4,1
期中卷九上物理五四制,2,1
期中卷子,1,1
期中天衢,36,1
期中数学试卷,8,1
期中数学试卷免费,4,1
期中模拟卷,2,1
期中测试卷,11,1
期中测试题（二）-【新课程能力培养】2025-2026学年八年级上册数学人教版,11,1
期中生物高一上,1,1
期中综合试卷,4,1
期中考试八年级物理,1,1
期中考试八年级物理上册吉林,1,1
期中考试八年级物理上册吉林市,10,1
期中考试生物高二上学期,5,1
期中英语,6,1
期中训练卷二选必三《逻辑与思维》第四、五课,8,1
期中试卷信阳市,25,1
期初考试山东,5,1
期未,8,1
期末 考试  数学高一 下,3,1
期末 考试 2025 2026 高一,8,1
期末三中,3,1
期末九上数学,7,1
期末九上数学嘉祥,1,1
期末九上数学成实外,1,1
期末九上数学成都,13,1
期末九上数学成都嘉祥,1,1
期末九上数学成都棕北,2,1
期末九上物理,8,1
期末优秀作文,3,1
期末化学,3,1
期末化学高一下,29,1
期末卷九上化学五四制,3,1
期末卷九上物理五四制,3,1
期末卷哈三中,2,1
期末卷哈尔滨,1,1
期末卷子,6,1
期末卷成,1,1
期末卷成的,1,1
期末卷成都,1,1
期末卷成都高一下,3,1
期末卷辽宁,6,1
期末卷高一下,8,1
期末复习：带电粒子在直边界磁场中的运动、带电粒子在圆（弧）形边界磁场中的运动专项训练,5,1
期末小综合,1,1
期末押题卷(河南省郑州二七区卷)-2025-2026学年人教版八年级英语下册,4,1
期末提分卷人教版英语八下湖北卷,5,1
期末教学质量检测卷,6,1
期末教学质量检测卷 和林,1,1
期末教学质量检测卷 和林民中,1,1
期末数学七年级下册,10,1
期末检测嘉兴,7,1
期末测试,4,1
期末测试卷一 2026-2027学年人教版地理八年级上册,4,1
期末状元卷八年级下语文,8,1
期末真题,7,1
期末真题优选卷（1）·【金牌题库 快乐假期复习计划】,4,1
期末真题优选卷（一）,10,1
期末真题百练通关,6,1
期末真题百练通关 真题实战 百炼通关,10,1
期末练习卷,3,1
期末综合测试卷,1,1
期末综合测试卷地理,2,1
期末考 三中,11,1
期末考之重点单词、短语、语法、,6,1
期末考之重点单词、短语、语法、句型综合练习新教材仁爱科普,2,1
期末考优秀作文,3,1
期末考试卷数学高三，河南商丘，,7,1
期末考试卷数学高三，河南商丘，九师联盟,6,1
期末考试卷物理高三，河南商丘，九师联盟,8,1
期末考试卷生物高三，河南商丘，九师联盟,1,1
期末考试政治,5,1
期末考试科学,18,1
期末考试试卷,9,1
期末英语2026张家界市,10,1
期末试卷2026,1,1
期末试卷2026广西,1,1
期末试卷2026广西北流,1,1
期末试卷2026广西北流八年级下册,1,1
期末试卷物理,1,1
期末试卷物理八年级下册苏科版,1,1
期末试卷统考,22,1
期末试卷高一下,12,1
期末辽宁营口市普通高中高一下2025到2026，英语卷,2,1
期末高一,5,1
期末高一下,40,1
木风,4,1
未来之星,1,1
未来之星青岛,2,1
未知数,1,1
本溪,8,1
本溪 高一 入学考试,5,1
本溪 高一 第一次月考,4,1
本溪一中,1,1
本溪县高级中学高一,1,1
本溪实验中学入学考试,4,1
本溪市2025-2026,1,1
本溪市2025-2026历史,4,1
本溪市2025-2026历史七下,1,1
本溪市2025年实验中学，初一入学考试卷，语文,6,1
本溪市2025至2026学年下学期期末考试七年级语文,5,1
本溪市一中,1,1
本溪市实验中学,2,1
本溪市实验中学初一入学考试英语卷,2,1
本溪市第一中学,2,1
本溪市第二高级中学,2,1
朱唐庄,1,1
朱家角,5,1
朱高小学,5,1
机械效率专题,19,1
机械效率单元,8,1
机械效率单元测试卷,3,1
机械波 10年高考真题汇编物理,1,1
机械波及传播特点,14,1
机械能一轮复习,7,1
机械能单元卷,1,1
机械能及其守恒定律,4,1
机械能守恒,11,1
机械能守恒定律能量守恒定律,4,1
机械能守恒定律能量守恒定律动量守恒定律,2,1
机电类考纲百套卷,7,1
机车启动,2,1
杂化轨道,1,1
权方和不等式,3,1
李惠利中学,1,1
李沧八年级上册数学北师大版期中,1,1
李沧八年级上册物理期中,7,1
李现打鸟,1,1
李述志,5,1
材料大题答题范式汇编（材料怎么对接书本知识点）,12,1
材料大题答题范）,3,1
材料题 2025年材料题做题技巧,6,1
杜威期末,2,1
杠杆基础练习测试卷,1,1
杠杆的动态平衡分析,3,1
杠杆练习,5,1
来宾市六年级数学下册,6,1
来宾市兴宾区2026八年级下册数学期来大作业,16,1
来宾市兴宾区2026八年级下册物理期来大作业,11,1
来宾市兴宾区2026八年级数学期来大作业,6,1
来宾市兴宾区2026八年级英语期来大作业,8,1
来宾市第一中学,2,1
来宾高级中学,2,1
杨家坪中学,2,1
杨家坪中学数学第一次月考,4,1
杨州一模,1,1
杨州中考,1,1
杨帆分班考,1,1
杨庄镇第二初级中学,2,1
杨思高级中学,2,1
杨晓红,2,1
杨村三中,6,1
杨村三中高一第1次月考,1,1
杨村光明道中学，八年级上册第一次月考,9,1
杨村第一中,14,1
杨村第一中学,2,1
杨村第一中学25年高一上第一次月考试卷,2,1
杨村第一中学高一第一次月考,2,1
杨村第一中学高一第一次月考试卷,2,1
杨村第三中学,2,1
杨村第八中学九年级月考,5,1
杨浦区存志,1,1
杨浦区质量调研英语学科试卷,3,1
杨集小学,1,1
杭中2025学年第一学期期末模拟测试一八年级,1,1
杭二中数学竞赛班训练,13,1
杭二南师大长郡,2,1
杭二南师大长郡联考,5,1
杭二周末练,2,1
杭二高一英语,6,1
杭二高二上月考1月,3,1
杭十四,1,1
杭四,1,1
杭外,1,1
杭州 0 2026 高三 一模,1,1
杭州一中,4,1
杭州一模,3,1
杭州七县市期末数学,13,1
杭州中考真题,4,1
杭州二中2025 2026高一英语,4,1
杭州二中2026年1月浙江省普通高校招生考试模拟卷,2,1
杭州二中5月,1,1
杭州二中英语八年级期末,1,1
杭州二模,1,1
杭州八年级上册英语第一单元测试卷,1,1
杭州六年级数学上册分数乘法提高卷,2,1
杭州六年级数学上册第二单元分数乘法提高卷,1,1
杭州六年级数学分数乘法易错题试卷,1,1
杭州六年级第二单元数学分数乘法易错题试卷,1,1
杭州周边联盟,8,1
杭州四年级上册语文期中检测,5,1
杭州小学英语五年级下册期末考,3,1
杭州市,4,1
杭州市2025 2026,45,1
杭州市2025年到2026年第二学期生物高二期末,3,1
杭州市2025第二学期高二年级教学质量检测,5,1
杭州市2026年中考语文,2,1
杭州市七上,1,1
杭州市学军五月,1,1
杭州市学军五月化学,3,1
杭州市教学质量,1,1
杭州市第二中学,1,1
杭州市高三年级教学质量检测,3,1
杭州期末,3,1
杭州期末2026数学八下,4,1
杭州期末八年级,4,1
杭州期末考,6,1
杭州第二中学2026年5月三年级适应性检测英语,10,1
杭州第二中学2026年5月高三年级适应性检测英语学科试卷题,5,1
杭州第二中学5月,6,1
杭州萧山区2026四年级语文下册期末考试试卷,8,1
杭州萧山区四年级语文上册期末考试试卷,1,1
杭州萧山区四年级语文下册期末考试试卷,4,1
杭州萧山第二高级中学分班考试,1,1
杭州金州文化金卷精练浙江省新学考调研检测模拟卷,5,1
杭州高一,1,1
杭州高一上学期,4,1
杭州高一教学质量检测,1,1
杭州高一教学质量检测语文试题,3,1
杭州高三三模英语,1,1
杭州高三三模语文,5,1
杭州高级中学,4,1
杭州高级中学初三拔尖营自招卷,7,1
杭州高级中学（杭高）「美好杯」初二拔尖营自招卷,2,1
杯赛,1,1
松原市实验高级中学,2,1
松哥讲历史,3,1
松山外国语,1,1
松岗,1,1
松昌,8,1
松昌初一,2,1
松树桥中学,1,1
松树桥中学高中,7,1
松棱一中小升初开学考英语,1,1
松江一模,10,1
松江二中,2,1
松江八年级物理期末2024-2025,3,1
松江区高三英语,3,1
松江物理期末2024-2025,1,1
松莞月考,1,1
松雷中学,1,1
松雷周测,2,1
松雷期中化学,4,1
板 块模型 2025复习专题物理大题,3,1
板 块模型 2026复习专题物理,1,1
板-块模型,2,1
板块,3,1
板块模型 2026复习专题物理,1,1
板块模型传送带模型,2,1
板桥,2,1
极值点偏移问题,1,1
极值问题,1,1
极化恒等式专题卷,6,1
极有深度的历史高考真题,1,1
极点极线,1,1
构建选择性必修3《生物技术与工程》第一章思维导图,7,1
构词法,3,1
构造函数,4,1
构造函数解不等式,4,1
林冲棒打洪教头,2,1
林州市九年级上册期中 试卷化学,4,1
林百欣中学,5,1
林荫,1,1
林西县第一中学,2,1
枣庄三中,5,1
枣庄三中高一,1,1
枣庄东方学校,2,1
枣庄中考试卷,4,1
枣庄九年级上学期10月月考,16,1
枣庄九年级上学期月考,1,1
枣庄五中薛城第一次数学月考卷高一,3,1
枣庄八中,3,1
枣庄八年级上册数学期末考试卷,4,1
枣庄十五中,2,1
枣庄市2023年英语学业水平考试,1,1
枣庄市中区统考试卷,5,1
枣庄统考,11,1
枣庄薛城区分班考 初一,2,1
枣庄高二上期中考试,8,1
枣庄高二期末,8,1
枣庄高二期末英语,5,1
枫杨外国语,3,1
枫杨外国语开学考,5,1
染色问题,1,1
查分数入口,1,1
查成绩,1,1
查看全文,20,1
柯桥区实验中学新初一分班考试卷,1,1
柯桥区小学期末学业评价考试,25,1
柯桥区鲁迅中学入学考,1,1
柯桥区鲁迅中学入学考高一上,2,1
柯桥区鲁迅中学入学考高一上英语,12,1
柯桥鲁外七年级上期中考试,3,1
柯桥鲁外八年级上期中考试,2,1
柯西,4,1
柯西不等式三维,3,1
柯西不等式必修一,1,1
柯西不等式讲义,1,1
柳州 分班考 初中,4,1
柳州三十中,3,1
柳州中考,2,1
柳州六年级上册,6,1
柳州地区民族高中,1,1
柳州城中区,5,1
柳州市 2024-2025学年度七年级(下)期末质量监测试题 数学,2,1
柳州市 高二下期末,1,1
柳州市壶西中学,2,1
柳州市壶西中学初一,5,1
柳州市壶西中学初一分班,3,1
柳州市湾小,1,1
柳州市铁一中学,7,1
柳州市零模,3,1
柳州数学三下,3,1
柳州物理,2,1
柳州英语三下,3,1
柳州英语五下,1,1
柳州语文三下,5,1
柳州高中,12,1
柴胡中学,2,1
标日1-24 课听力,1,1
标日中级默写表,1,1
标点符号,4,1
标点符号专项题及答案,6,1
标点符号的使用,6,1
标题为《2024届高三生物二轮复习微专题4：光呼吸、C4植物、CAM植物等特殊代谢类型课件》，,6,1
树人八中,1,1
树德中学高 2023 级高考适应性考试英语试题,6,1
树德中学高一下六月月考,1,1
树德中学高一下化学开学考,2,1
树德九年级期末数学,3,1
树德九年级期末物理,1,1
树德实验一诊,4,1
树德实验一诊数学,4,1
树德实验九上物理,1,1
校园体育节,2,1
校园小农场,2,1
校园成长类作文范文,5,1
校园比赛,3,1
校园比赛剧本,2,1
校园生活主题中考作文范文,3,1
校园生活主题作文范文,2,1
校园生活类满分作文,6,1
校园生活类满分作文范文,4,1
校考,3,1
株洲一中新高一入学口,1,1
株洲二中,7,1
株洲二中高一,3,1
株洲市一中2025级新高一入学质量检测,5,1
株洲市二中,4,1
株洲市二中数学,1,1
株洲市云龙长郡,1,1
株洲市第一中学开学,11,1
株洲市第一中学拔尖创新人才,5,1
株洲物理第一章测试必修一,1,1
株洲陶艺体验,1,1
核心,1,1
核心二,1,1
核心考点,1,1
核心考点01,1,1
核心考点01 高考作文,1,1
核心考点01 高考作文材料作文审题,1,1
核心考点01 高考作文材料作文审题立意速成法,1,1
核心词汇3500,1,1
核心词汇3500第三周,1,1
核按钮,2,1
根号计算,2,1
根式,7,1
根式方程的求解,5,1
根的分布,1,1
格致中学2025-2026高三上第一次测验,1,1
栾川,13,1
桂平六年级下册数学,7,1
桂平市六年级下册语文,10,1
桂林中学,23,1
桂林临桂区四年级期末考试题,4,1
桂林临桂四年级期末考试题,2,1
桂林小升初入学分班考卷子,1,1
桂林小升初分班考卷子,5,1
桂林市,15,1
桂林市 2024 2025 学年度下学期期末调研试卷,1,1
桂林市 2025 2026学年度下学期非毕业年级日常考试题库卷,5,1
桂林市2026年下学期期末数学高一,1,1
桂林市2026年下学期期末高一,6,1
桂林市8年级上册数学期末考试,4,1
桂林市期末,1,1
桂林市高一开学摸底考试的试卷,10,1
桂林市高一期末考,4,1
桂江二中,1,1
桂江二中初一分班考,3,1
桂花雨,2,1
桃李园,6,1
桃江一中,4,1
桃江县第四中学,8,1
桃源一中,1,1
桃源县2026七下调研考试,4,1
桃源县2026期末七下初中调研考试莲花中学,2,1
桐乡,7,1
桐乡一中,1,1
桐城2025-2026学年高二上学期第一次月考历史试卷,1,1
桐城八中,3,1
桐城六中,1,1
桐柏一中,1,1
桐柏一中四模,15,1
桐柏四模,1,1
桐梓二中,1,1
桐梓县第,1,1
桐梓县第二高级中学,10,1
桑植县,5,1
桓台七上数学期中,7,1
桓台五年级上学期数学期中考试试卷,6,1
桓台六上地理期中,5,1
桓台六上地理期末,1,1
桓台六下历史期末,1,1
桓台县2025-2026年度第二学期期末考试数学初三,3,1
桓台第一中学高二上学期月考,3,1
桓台第一中学高二上学期月考物理,4,1
桥口区10月调考,1,1
桥西区7年级数学下册期末试卷,5,1
桦南,5,1
梁丰,4,1
梁作贤,4,1
梁山,3,1
梁山八年级,1,1
梁溪一模,3,1
梅县分班考,1,1
梅县区东山中学,12,1
梅县区外国语学校,19,1
梅县区宪梓中学9月,7,1
梅县区月考,7,1
梅县区高级中学,3,1
梅岭,1,1
梅岭中学,3,1
梅岭九上化学,9,1
梅岭九上物理,6,1
梅岭八下物理,1,1
梅岭化学月考,1,1
梅岭期中,7,1
梅峰小学,4,1
梅州,13,1
梅州2024,8,1
梅州东山中学高一上第一章,1,1
梅州东山中学高一月考,1,1
梅州东山市高二期末下学期,21,1
梅州中学,9,1
梅州中学日语,1,1
梅州市东山高二期末下学期,8,1
梅州市开学高三,6,1
梅州市日语,8,1
梅州市高一下期末,7,1
梅州市高三,10,1
梅州市高三上开学,1,1
梅州市高三开学上,4,1
梅州市高三总复习质检,7,1
梅州市高三期末,3,1
梅州市高三调研,1,1
梅州日语,1,1
梅州日语高一,3,1
梅州联考,14,1
梅州高一语文期末试卷,2,1
梅州高一语文期末试卷25.1,1,1
梅州高三调研考试,2,1
梅州高三调研考试开学考,1,1
梅州高二期末下学期,4,1
梅村空港,1,1
梅村空港物理,1,1
梅村高级中学,1,1
梅涅劳斯定理,3,1
梅陇,20,1
梅陇实验,1,1
梅雁中学,1,1
梧州,10,1
梧州市泸州高中初中部本部,4,1
梧州市龙圩实验中学,5,1
梯形的中位线定理,3,1
检测2+2热学2024年高考物理第二轮百强名校优化组合卷,2,1
棕北中学12月月考,1,1
棕北中学12月月考英语,1,1
棕北中学九年级期末物理,1,1
棕北中学九年级英语月考,1,1
棕北中学化学,4,1
棕北中学数学,4,1
棕北中学物理,5,1
棕北中学语文,3,1
棕北中学语文12月,3,1
棕北中学语文一诊,1,1
棕北中学语文九年级,1,1
棕北中学语文九年级二模,1,1
棕北中学语文九年级二诊,1,1
棕北英语中考二诊,2,1
棕北英语九年级,3,1
棠湖中学,5,1
棠湖外国语学校,2,1
棱柱体积,2,1
植物工程大题,2,1
植物细胞工程的应用,1,1
椒江二中,1,1
椒江二中，分班考,1,1
椒江区八上期中科学,1,1
椒江区八上科学,2,1
椭圆 专题高三一轮复习,2,1
椭圆中的焦点三角形问题,4,1
椭圆基础,3,1
椭圆复习,3,1
椭圆大题专练,3,1
椭圆大题专项练习,1,1
椭圆大题复习,16,1
椭圆大题高三数学二轮复习,1,1
椭圆大题高二三轮,3,1
椭圆弦长问题,1,1
椭圆第二定义,1,1
椭圆解答题专项练习高考,1,1
楚天协作体,3,1
楚天协作体期中,1,1
楷书字帖,7,1
概率 0 1轮复习专题2026,13,1
概率与统计,1,1
概率单元测试卷,2,1
概率复习专题,3,1
概率数学专题,3,1
概率有序无序抽样,3,1
概率频率基础通关,6,1
概要补全 2026重庆中考新题型,4,1
概要补全高频词同意句转换,2,1
概要补全高频词同意词转换,4,1
榆林中学,7,1
榆林分班考,2,1
榆林分班考 初一,2,1
榆林市刘千河乡中学2025一2026学年下学期七年级英语期末,3,1
榆林市巴拉素镇中学2025-2026学年度第二学期期末七年级英语,1,1
榆林市府谷县2024一2025学七下英语,3,1
榆林市府谷县2025-2026学年七年级下册数学期末,3,1
榆林市横山区2025-2026学年七年级上册数学期末,1,1
榆林市横山区2025-2026学年度第二学期期末七年级英语,3,1
榆林市神木市2025～2026第二学期期末七年级英语下册,3,1
榆林市第14中学,5,1
榆林市第14中学期末检测高一物理试题,4,1
榆林市第一中学,2,1
榆林府谷县2025-2026上学期七年级数学期末,3,1
榆林开卷考,1,1
榆林榆阳区一中开卷考,1,1
榆林榆阳区开卷考,4,1
榆林榆阳区西交大开卷考,1,1
榆林高一数学期末试卷,1,1
榆树市实验高级中学,3,1
榆树市慧望初级中学,1,1
榆树市教育联盟2025-2026学年八年级10月月考数学,4,1
榆树西校,1,1
榆树西校分班考试,1,1
榆次一中李金虎,1,1
榆次初三第一学期期中测试题,3,1
榆次初中,1,1
榆阳区,1,1
榆阳区一中开卷考,1,1
榆阳区高新四中,2,1
榕城区,12,1
榕城区实验学校2026二年级期末试卷,1,1
榕城区实验学校2026八年级数学期末试卷,3,1
榕城区实验学校2026八年级期末试卷,3,1
槐荫区,6,1
槟郎中学九年级上英语开学考试卷,1,1
模卷,1,1
模块测试三一元二次方程的实际应用,6,1
模型建构专题,19,1
模拟卷圆锥曲线,1,1
模拟卷数列奇偶并项求和,6,1
模拟卷数列求和,3,1
模拟卷：2027重庆高职对口数学考纲百套卷第20卷,2,1
模拟基础演练,4,1
模拟考试,1,1
模拟考语文,1,1
模拟题,5,1
模范,4,1
横峰中学,11,1
横州市,1,1
横店四中,4,1
横店四中开学考,8,1
横栏镇七年级期末,1,1
横琴七下数学考卷,1,1
橙子学,17,1
欣弘,1,1
欧姆定律 专题计算,3,1
欧姆定律专练,1,1
欧姆定律专练人教版,4,1
欧姆定律专题复习,1,1
欧姆定律专题复习其中,1,1
欧姆定律专题复习期中,5,1
欧姆定律人教版,1,1
欧姆定律人教版初中,1,1
欧姆定律初中,16,1
欧姆定律测试卷,1,1
欧姆定律计算,20,1
欧姆定律讲解,1,1
欧姆定律预习讲义苏科版,5,1
欹器的原理,2,1
歙县,12,1
正交分解专项题,2,1
正交分解物理专项训练,2,1
正余弦定理,4,1
正余弦定理 025一轮专题,3,1
正余弦定理解三角形,2,1
正余弦定理解三角形一轮复习,5,1
正反比例,3,1
正定中学,3,1
正定县,11,1
正态分布,1,1
正方体、长方体的表面积,3,1
正方形 10大模型,1,1
正方形中的旋转,1,1
正方形旋转,11,1
正禾一本通,6,1
正负数加减法口算100道,13,1
步步高 2026大一轮复习讲义,1,1
步步高 2027大一轮复习讲义数学,2,1
步步高 2027大一轮复习讲义电子档化学,1,1
步步高 2027大一轮复习讲义英语,9,1
步步高 2027大一轮复习讲义英语话题版音频,1,1
步步高 2027大一轮复习讲义语文,1,1
步步高 2027大一轮试卷地理,1,1
步步高 地理 大一轮复习讲义 人教版,12,1
步步高 地理 大一轮复习讲义 人教版答案,1,1
步步高 复习讲义2027,1,1
步步高 大一复习讲义2027,1,1
步步高 大一轮,1,1
步步高 大一轮复习讲义,5,1
步步高 必修第一册 人教A版 PPT,4,1
步步高 数学,1,1
步步高2024大一轮复习,1,1
步步高2024大一轮复习化学第三章,2,1
步步高2024大一轮复习化学第三章第九讲,2,1
步步高一轮复习68版,3,1
步步高一轮复习89练物理,2,1
步步高人教版英语必修三,3,1
步步高周卷,1,1
步步高大一轮复习2025,2,1
步步高大一轮复习讲义,8,1
步步高大一轮复习讲义物理人教版,1,1
步步高大一轮复习讲义物理（2027）,5,1
步步高学习笔记英语,6,1
步步高学习笔记高一必修二,3,1
步步高学案,1,1
步步高学案导学,7,1
步步高数学,2,1
步步高数学大一轮精准复习（基础版））,1,1
步步高物理大一轮,1,1
步步高物理大一轮复习2025,1,1
步步高物理必修2人教版学案导学学习笔记全书,3,1
步步高练习册,1,1
步步高英语,1,1
步步高英语练透,1,1
步步高英语选必三,3,1
步步高选修一练习册,6,1
步步高选必三,1,1
步步高选择性必修一人教版A数学,7,1
步步高选择性必修四英语,3,1
步步高高一物理必修22026电子版,6,1
步步高黑龙江出版社,1,1
武侯区2022九年级上期末数学试卷,3,1
武侯区2022九年级上期末数学试卷 A18,1,1
武冈一中七年级生物期中,1,1
武冈市8年级创新人才竞赛,1,1
武城二中高三下学期第一次月考,12,1
武城县,16,1
武夷山市第二中学,1,1
武威一中2026年春季学期高二年级开学检测英语试卷,3,1
武威中考,2,1
武威中考2024,1,1
武威六中开学考试卷高一,1,1
武威六中开学考试卷高一上化学必修一开学考,3,1
武威六中开学考试卷高一上必修一开学考,1,1
武威第二十六中,11,1
武安一中高一上学期期中联考试卷,10,1
武安一中高一上学期期中试卷,1,1
武安市七年级下册历史,4,1
武山县第一高级中学,1,1
武山县第二高级中学,3,1
武平三中,3,1
武昌区2025五月质量检测化学,1,1
武昌实验中学,1,1
武汉 3月 调研 2026数学,1,1
武汉 4月 调研 2026,1,1
武汉 9月,6,1
武汉 9月调数学,2,1
武汉 三调 2026 数学,1,1
武汉 九调,4,1
武汉 九调2025 2026数学高三,2,1
武汉 五调 2026,13,1
武汉 四调 2026,3,1
武汉 四调 物理,2,1
武汉 调研,24,1
武汉04月调研高三,2,1
武汉2025年九月考,2,1
武汉2025年四十九中学九月考,1,1
武汉5月供题,10,1
武汉9月调研,4,1
武汉一中,4,1
武汉一中高一月考,1,1
武汉一模,5,1
武汉一高,1,1
武汉七年级第一单元,3,1
武汉东湖高新八年级下物理期末,3,1
武汉东湖高新区九上数学期中考试试卷,14,1
武汉东湖高新区初二下物理期末试,1,1
武汉东西湖区九上数学期中考试试卷,6,1
武汉中学高一上,4,1
武汉中学高二上英语期中,1,1
武汉中考数学,1,1
武汉中考理综,1,1
武汉中考理综真题,2,1
武汉中考语文,1,1
武汉九师联盟,4,1
武汉九调数学,6,1
武汉九调数学2025,1,1
武汉二调物理,1,1
武汉二调高三数学,1,1
武汉二高,3,1
武汉五月供题,8,1
武汉八年级物理第一单元,1,1
武汉六中,7,1
武汉华一初九上月考化学,1,1
武汉华一初九上月考化学2024-2025,2,1
武汉华一寄七年级第一单元,7,1
武汉华师一高一上,1,1
武汉南湖中学,15,1
武汉外国语,4,1
武汉实验中学,1,1
武汉市 2026 届高三年级五月供题,7,1
武汉市2026届高三年级五月供题,3,1
武汉市2026届高三年级五月供题语文试卷,3,1
武汉市2026届高中毕业生三月调研考试,1,1
武汉市20二六届高三调研英语,4,1
武汉市一中,1,1
武汉市九月调考,19,1
武汉市八上历史期中考试试卷,3,1
武汉市六校高一下六月期末英语试题,5,1
武汉市初二英语,4,1
武汉市十二高,5,1
武汉市圆创联盟数学,5,1
武汉市圆创联盟数学8月,2,1
武汉市圆创联盟数学八月,1,1
武汉市外国语,1,1
武汉市常青第一学校2025~2026,15,1
武汉市新洲一中,1,1
武汉市新洲第一中学,3,1
武汉市枫叶,1,1
武汉市枫叶国际,1,1
武汉市武昌区高二下学期期末考试,1,1
武汉市武钢三中 2023-2024年度上学期月考试卷,1,1
武汉市汉南第一中学,2,1
武汉市汉阳区2025-2026年6月适应性测试语文试卷,1,1
武汉市江夏区第一初级中学,2,1
武汉市江岸区五年级下册期末,5,1
武汉市江汉区九上月考,4,1
武汉市江汉区九上期中全科,2,1
武汉市江汉区九年级上9月月考,3,1
武汉市江汉区九年级上9月月考数学,3,1
武汉市江汉区九年级上适应性考,3,1
武汉市洪山区专题数学七下,3,1
武汉市洪山区和平中学数学七年级下册,7,1
武汉市洪山区数学七年级下册试卷,3,1
武汉市部分学校2024 2025学年高三上学期9月调研物理试题,1,1
武汉市部分学校2025-2026学年高三上学期9月调研生物学试题,3,1
武汉市部分重点中学2024-2025学年度上学期期中联考,2,1
武汉市青山区九年级英语期末,1,1
武汉市高三四月,1,1
武汉市高三四月调研英语,1,1
武汉市高三年级五月份,1,1
武汉市高二下期末,6,1
武汉市，20二六届高中毕业生英语,1,1
武汉武昌区九上数学期中考试试卷,16,1
武汉武珞路中学,2,1
武汉武珞路中学第一单元,1,1
武汉汉市高一上数学期中,2,1
武汉汉市高一上英语期中,1,1
武汉汉阳区九上数学期中考试试卷,8,1
武汉江夏区2025-2026年八升九分班考,4,1
武汉江夏区九上数学期中考试试卷,4,1
武汉江岸区九上数学期中考试试卷,12,1
武汉江汉区九上数学期中考试卷,3,1
武汉江汉区九上数学期中考试试卷,5,1
武汉江汉区数学,16,1
武汉江汉区数学期末,2,1
武汉洪山区2024-2025九上期中考试物理和化学试卷,4,1
武汉洪山区九上数学期中考试试卷,19,1
武汉洪山区九上期中2024-2025英语试卷,12,1
武汉洪山区九上期中考试2024-2025,1,1
武汉洪山区九上期中考试化学2024-2025,7,1
武汉洪山区九上期中考试数学2024-2025,7,1
武汉洪山区九上期中考试语文2024-2025,6,1
武汉洪山区期中物理化学考试2024-2025,3,1
武汉洪山区期中物理化学考试九上2024-2025,1,1
武汉洪山区武汉洪山区2024-2025九上期中考试数学试卷,2,1
武汉洪山区武汉洪山区2024-2025九上期中考试语文试卷,3,1
武汉物理,4,1
武汉物理动量单元检测,2,1
武汉物理第一单元,1,1
武汉理工大学开学考,1,1
武汉省实验高一,1,1
武汉硚口区九上九月考试卷,1,1
武汉硚口区九上元调真题,1,1
武汉硚口区九上数学九月月考试卷,6,1
武汉硚口区九上数学九月考试卷,9,1
武汉硚口区九上数学元调真题,9,1
武汉硚口区九上数学十月月考试卷,3,1
武汉硚口区九上数学十月考试卷,8,1
武汉硚口区九上数学月考真题,56,1
武汉硚口区九上数学月考试卷,28,1
武汉硚口区九上数学期中考试卷,9,1
武汉硚口区九上数学期中考试试卷,4,1
武汉硚口区九上数月考试卷,3,1
武汉硚口区九上英语九月考试卷,2,1
武汉英语,4,1
武汉调研考试,1,1
武汉部分学校高三年级调研组考试,9,1
武汉长沙,6,1
武汉问津职业学校,11,1
武汉青山区九上数学期中考试试卷,5,1
武汉高一上数学期末,5,1
武汉高一上英语期末,9,1
武汉高三 9月调语文,4,1
武汉高三 生物9调,1,1
武汉高三5,1,1
武汉高三九月调研数学,2,1
武汉高三年级调研,1,1
武汉高三腾云联盟2025年八月数学,6,1
武汉高三腾云联盟2025年八月英语,8,1
武汉高三腾云联盟2025年八月语文,6,1
武汉高三英语,1,1
武汉高二上期末数学,5,1
武汉高二下月考数学,3,1
武汉高二下期中数学,5,1
武汉黄陂区九上数学期中考试试卷,3,1
武清城关中学2025~2026学年度高二上学期第1次月考政治,1,1
武清城关中学2025~2026学年度高二上学期第1次月考数学,2,1
武清重点校联考,5,1
武清重点校联考免费,3,1
武珞路七上数学,4,1
武穴市2025年秋季八年级数学,5,1
武进区淹城初级中学,4,1
武邑,9,1
武邑中学,1,1
武邑高一,1,1
武邑高一期末,14,1
武钢,5,1
武钢实验学校,2,1
段落的作用,1,1
母亲欧美,1,1
母题 数学,7,1
每日 1测数学,5,1
每日 1测数学正方形,2,1
每日一练1数学,1,1
每日一练阅读训练,1,1
每日一道压轴题,1,1
每日一道数学压轴题,1,1
每日一道难题,1,1
毓文分别考试,1,1
毓文分班考试,1,1
毓英,4,1
比例,5,1
比例、百分数、圆柱圆锥基础和简单行程的应用题,1,1
比例、百分数应用题,2,1
比例应用,4,1
比例应用题,4,1
比例线段,19,1
比值,1,1
比值数学八年级下册,2,1
比大小专题,1,1
比大小函数,2,1
比热容20225专题习题,2,1
比热容20225专题习题浙江,1,1
比热容大题,1,1
比热容计算,5,1
比热容题型,4,1
比较器,1,1
比较级,3,1
比较级 最高级 八年级练习题专题练习知识点总结,2,1
比较级和最高级,2,1
毕节初一 英语,1,1
毕节市2026期末考试卷,4,1
毕节市七星关区第一实验学校,6,1
毕节市八上期中卷,3,1
毕节市地理期末卷,4,1
毕节市大方县八上期中卷,9,1
毕节市长坝初级中学,1,1
毕节梁才,2,1
毕节民族中学,2,1
毛坦厂,3,1
毛坦厂中学东城校区开学考试卷,10,1
毛莉毛,1,1
民主政治不断发,1,1
民主政治不断发展,1,1
民乐,1,1
民勤一中,5,1
民大附中,5,1
民大附中2027届4月联考英语试卷,1,1
民族与聚落,3,1
民族与聚落知识点,4,1
气候专题,3,1
氧化还原 反应10专项训练,2,1
氧化还原 反应10大题型专项训练,1,1
氧化还原反应单线桥双线桥配平,4,1
氧化还原反应培优习题,2,1
氧化还原反应的基本概念和规律,10,1
氧化还原反应的配平,4,1
氧化还原反应苏教版,11,1
氧化还原反应配平,2,1
氧化还原方程,2,1
氧化还原方程 一轮,2,1
氧化还原方程式的配平,4,1
氧化还原方程配平,4,1
氯气的性质大题,10,1
氯气的性质实验大题,5,1
氯水,1,1
氯的性质实验大题,3,1
水,5,1
水东江,1,1
水平学业测试,5,1
水果湖二中九上期中,1,1
水浒传,4,1
水浒传 分章节练习题 2025 2026学年统编版语文九年级上册,9,1
水浒传人物,2,1
水浒传暑假作业,2,1
水浒传考题,1,1
水浒传重点默写,6,1
水溶液,4,1
水溶液中的离子平衡,3,1
水溶液中离子平衡,2,1
水溶液中离子平衡图像,3,1
水溶液中离子平衡图像天津复习,5,1
水的电离,5,1
水的运动,2,1
水经注,1,1
水解,6,1
水调歌头,4,1
水调歌头 明月几时有,2,1
水调歌头题,1,1
水都中学,9,1
永丰,8,1
永丰期末,2,1
永丰期末复习题一,1,1
永兴中学,2,1
永兴县文昌小升初分班考,4,1
永和,1,1
永城市2024至2025学年期中联考9年级上册物理,6,1
永城市2025年秋季9年级上册数学月考,5,1
永城市2025年秋季9年级上册期中月考,4,1
永城市2025年秋季9年级上册物理月考,11,1
永城市9年级上册数学月考,4,1
永城市第七初级中学,9,1
永宁上游高级中学,2,1
永川区四年级下册,4,1
永川区四年级下册语文,8,1
永州,1,1
永州2022级新生入学考试试卷,7,1
永州一中高一,1,1
永州一中高一入学分班卷语文,1,1
永州一中高一月考,1,1
永州七下地理期末,7,1
永州二中,4,1
永州二中高一入学考试,15,1
永州八,6,1
永州八中,6,1
永州八答案,1,1
永州四中入学,1,1
永州四中开学考试卷2026,1,1
永州四中拔尖创新人才共建班测试,8,1
永州四中自主招生,8,1
永州宁远县九年级上册数学期末考试,22,1
永州市,4,1
永州市2025届高三一模,4,1
永州市2025届高三第一次模拟考试,3,1
永州市2026届第一次模拟考试,4,1
永州市2026年第一次模拟考试,5,1
永州市2026年高一月考试,4,1
永州市2026年高二下学期期末统考数学试卷,3,1
永州市一模,1,1
永州市一模数学,1,1
永州市一模数学高考,10,1
永州市双牌县年高二下学期期末统考数学试卷,1,1
永州市第一次模拟考试,7,1
永州市第二中学2025年秋季高一入学检测,8,1
永州市第四中学冬令营,1,1
永州市高二期末试卷,6,1
永州物理高一期末,7,1
永州高一入学考试,22,1
永年,2,1
永年一中,3,1
永年二中,9,1
永新县,1,1
永昌县第一高级中学2025~2026期末考试。语文,1,1
永春,6,1
永春一中2025~2026学年初一年上学期12月限时训练生物试题,1,1
永春一中初一上学期数学期中试卷,1,1
永春一中初一数学期中试卷,1,1
永春一中初二,8,1
永春一中高一,1,1
永春三中九年级月考,8,1
永春县一中初一上学期数学期末试卷,2,1
永春第一中学,2,1
求二面角,3,1
求参数方程时常用场景,1,1
求知报,1,1
求通项公式,7,1
汇川区,5,1
汇川区小学,8,1
汇文中学,1,1
汇文中学七年级分班考,1,1
汇景,6,1
汇编,1,1
汇编 2023-2026 年全国高考语文一卷、二卷名篇名句默写真题,6,1
汇龙中学,4,1
汉中市杨河学校,6,1
汉中市西乡县第三中学2025-2026七年级下册数英语期末卷子,5,1
汉中市龙岗中学,1,1
汉中市龙岗中学九年级第一次月考,7,1
汉堡模型,1,1
汉寿一中,4,1
汉寿一中新生开学试卷,1,1
汉川,2,1
汉川2026年五年级下期末科 学,9,1
汉川一中,6,1
汉滨初中小升初真题,6,1
汉滨初级中学 七年级入学分班考试,3,1
汉译英,5,1
汉阳一中,1,1
汉阳一中高一上学期,3,1
汉阳九年级元调,1,1
汉阳区2023-2024八下期末考试语文,3,1
汉阳区2023—2024学年度第一学期期中九年级英语试卷,1,1
汉阳区九上,3,1
汉阳区九年级元调,1,1
汉阳区期末,1,1
汉阳区物理,1,1
汉阳区理综中考,1,1
汉阳道中学,3,1
汕头,2,1
汕头一中高二数学试卷,1,1
汕头一中高二期末,1,1
汕头一模,1,1
汕头一模物理试卷,1,1
汕头一模物理试卷高三,4,1
汕头小学四年级,8,1
汕头市,2,1
汕头市2025-2026年度普通高中毕业班教学质量监测,10,1
汕头市数学6年级期末,11,1
汕头市深圳中学,1,1
汕头市潮阳区实验学校,4,1
汕头市潮阳实验学校七下,1,1
汕头市潮阳实验学校八上,1,1
汕头市潮阳实验学校八下,7,1
汕头市潮阳实验学校八年级上册,15,1
汕头市潮阳第一中学,2,1
汕头市澄海区,3,1
汕头市第一中学高二期末,1,1
汕头市聿怀中学,1,1
汕头市金中海湾,1,1
汕头市金园实验中学,10,1
汕头市金堡中学,1,1
汕头市金平区物理期末试卷,8,1
汕头市龙湖区数学期末试卷,11,1
汕头期末,10,1
汕头期末上学期,2,1
汕头潮南陈店期末,1,1
汕头潮阳区镇二小学,24,1
汕头潮阳数学,12,1
汕头濠江区2026,1,1
汕头私立分班考,1,1
汕头第一次模考,1,1
汕头第一次高考,3,1
汕头第一次高考模考,1,1
汕头语文期中,15,1
汕头金山中学,2,1
汕头高三生物,2,1
汕尾市2025 2026年期末考试高一,1,1
汕尾市2025 2026年期末考试高一数学,3,1
汕尾市2025 2026年期末考试高一答案数学,5,1
汕尾市2025 2026年期末考试高一答案英语,3,1
汕尾市2025到2026学年第二学期期末试卷英语高一,3,1
汕尾市六年级下学期数学学科素养水平监测试卷,4,1
汕尾市城区六年级,1,1
汕尾市城区六年级质量监测,1,1
汕尾市城区小考,5,1
汕尾市小考,3,1
汕尾市期末统考七年级下学期道德与法治,2,1
汕尾市林伟华中学,2,1
汕尾市高一上期末数学,1,1
汝南一高,2,1
汝城四中2026八下期中考试,6,1
汝州市高一青桐鸣,1,1
江华,2,1
江华创新,1,1
江南 10 十校高一上数学,8,1
江南 十校,1,1
江南10校,2,1
江南10校英语,1,1
江南10校高一,4,1
江南十校2026届高三,2,1
江南十校2026届高三一模,1,1
江南十校一模,1,1
江南十校化学高三,5,1
江南十校开学考高三,3,1
江南十校生物,3,1
江南十校联考数学,4,1
江南十校英语,8,1
江南十校高一数学,3,1
江南十校高三联考,8,1
江南十校高三联考三月,2,1
江城子密州出猎,4,1
江夏区第一小学,2,1
江孜闵行中学,4,1
江孜高级中学,5,1
江宁七年级分班考试,1,1
江宁全区统一新七年级学情摸底英语试卷,1,1
江宁全区统一新七年级学情摸底语文试卷,1,1
江宁初中入学,1,1
江宁初中分班考试,1,1
江宁区七年级新生,2,1
江宁区新七年级新生,1,1
江宁区新七年级新生学情检测卷,3,1
江宁区新初一英语,1,1
江宁小升初入学,5,1
江宁竹山中学初一,1,1
江宁竹山中学初一分班考,2,1
江安中学,2,1
江岸,3,1
江岸 期中,10,1
江岸区,12,1
江岸区七上,12,1
江岸区七上期中,3,1
江岸区数学四下,1,1
江岸区期末,6,1
江汉油田,8,1
江河高中,2,1
江津,2,1
江津中学八下,1,1
江津中学八下数学期末试卷,5,1
江津中学期中卷化学,1,1
江津中学期中卷化学初三,6,1
江津中学自主招生,2,1
江津中学语文分班卷,6,1
江津中学高三0诊考试,1,1
江津中学高三上期一阶考试,1,1
江津中学高三上期考试,5,1
江津六中,4,1
江津北师大,1,1
江津四中,1,1
江津实验中学,5,1
江津第六中学,2,1
江津金砖五校,4,1
江津金砖四校,10,1
江浙皖高中发展共同体2025-2026学年高三上学期10月联考技术试卷,3,1
江淮10校高二期末联考,2,1
江淮十校2026届高三第一次联考,1,1
江淮十校2027届高三第一次联考物理试卷,1,1
江淮名卷,1,1
江淮高一上数学期中简单,2,1
江淮高数学高一,5,1
江湾中学,3,1
江科,3,1
江科附中,15,1
江科附中八上期中英语,4,1
江科附中南昌市2024~2025学年第一学期高一年级10月月考英语试卷,2,1
江科附中高一数学,1,1
江科附中高二上数学期中考试,3,1
江科附中高复部名师训练,1,1
江科高二上数学期中考试,1,1
江苏 0 1月 调研 2026 高三 数学三模,7,1
江苏 0 2026 中考 试卷 英语,4,1
江苏 2 0 2 6高考真题,13,1
江苏 。南通 高三,5,1
江苏 七上 英语,1,1
江苏 七上 英语 期末,2,1
江苏 如皋 高二第一学期数学期中卷,2,1
江苏 如皋 高二第一学期数学期中卷上学期,3,1
江苏 高三 精品基础专项题,75,1
江苏 高三 语文 文言文古诗,4,1
江苏 高考 2026,3,1
江苏13大,1,1
江苏2025政治高考,1,1
江苏2026年中考,1,1
江苏2026年中考物理真题,3,1
江苏2026高考生物,2,1
江苏26年合格考试真题,1,1
江苏5年高考真题政治,3,1
江苏9月,5,1
江苏G4,1,1
江苏七上数学10月考,1,1
江苏七上期中数学,2,1
江苏七上期中数学南通市,3,1
江苏七年级下学期期末,1,1
江苏七年级下学期期末数学,1,1
江苏七年级下学期期末考试试卷,4,1
江苏七年级下学期期末道德与法治,5,1
江苏专用 圆几何模型,1,1
江苏中考数学,3,1
江苏中考模考,1,1
江苏中考英语真题,8,1
江苏中职数学,1,1
江苏丹阳,4,1
江苏九上数学圆的练习卷,6,1
江苏九上期中语文,1,1
江苏九上期末语文,3,1
江苏九年级上学期阶段检测,6,1
江苏二年级上学期期末,1,1
江苏二年级上学期阶段检测,5,1
江苏二年级下学期阶段检测,1,1
江苏五年级下学期英语,4,1
江苏会考,1,1
江苏八上数学10月考,6,1
江苏八上数学月考,3,1
江苏八年级上学期期中,3,1
江苏八年级上学期期末,1,1
江苏八年级下册数学期末试卷,4,1
江苏八年级下册英语期末试卷,4,1
江苏八年级下历史,8,1
江苏八年级下学期期末,9,1
江苏八年级下学期阶段检测,4,1
江苏八年级数学,4,1
江苏八年级数学几何,5,1
江苏八年级翻译句子,1,1
江苏六年级上学期期中,2,1
江苏六年级上学期阶段检测,1,1
江苏六年级下学期undefined,2,1
江苏六年级下学期升学模考,9,1
江苏六年级下学期期末,4,1
江苏六年级下学期英语,38,1
江苏农牧科技职业学校单招真题,3,1
江苏农牧职业学校单招真题,1,1
江苏函数,1,1
江苏分班考试卷,6,1
江苏十三市中考真题,8,1
江苏升学模考,5,1
江苏单招,1,1
江苏单招英语,5,1
江苏南京2025到2026学年第一学期期中七校联合调研试题,6,1
江苏南京2025到2026学年第一学期期中七校联合调研试题 英语,1,1
江苏南京师范大学附属中学雨花台,1,1
江苏南京师范大学附属中学高中,3,1
江苏南京玄武八上期中卷,1,1
江苏南京玄武八上期中卷2024-2025,4,1
江苏南京玄武期中卷,1,1
江苏南京金陵中学,4,1
江苏南师大附中,9,1
江苏南师大附中高三9月物理素质检测试卷,2,1
江苏南师附中、天一中学、海门中学、海安中学2025-2026学年高二下学期6月份学科测试英语试题（解析版）,3,1
江苏南通 二模,1,1
江苏南通2026届高三上学期期初,1,1
江苏南通2026届高三期初,1,1
江苏南通27高二英语期末,3,1
江苏南通二模,5,1
江苏南通小学五年级,1,1
江苏南通小学四年级下数学,7,1
江苏南通小学四年级下英语,8,1
江苏南通小学四年级下语文,6,1
江苏南通数学,8,1
江苏南通暨苏北七市高三调研英语,3,1
江苏南通田家炳初级中学,15,1
江苏南通通州区小学五年级,1,1
江苏南通高三上学期期初,3,1
江苏卷,1,1
江苏历史合格考,3,1
江苏历史知识点,1,1
江苏合格考2025学业水平测试卷真题,3,1
江苏合格考2026学业水平测真题,1,1
江苏合格考2026学业真题,1,1
江苏合格考20真题,3,1
江苏合格考历史,4,1
江苏合格考生物,3,1
江苏合格考真题,15,1
江苏启东,18,1
江苏四年级上册语文,3,1
江苏四年级上册语文，徐州丰县,8,1
江苏四年级下学期期末,30,1
江苏地理知识点,2,1
江苏外国语,1,1
江苏天一,6,1
江苏太高,1,1
江苏如皋高二第一学期期中,4,1
江苏学业水平合格性考试化学,5,1
江苏学业水平合格性考试真题,8,1
江苏宿迁九年级上册译林版英语,8,1
江苏宿迁沭阳如东初中,3,1
江苏小升初分班考试卷,31,1
江苏常州期末,8,1
江苏常州高级中学,3,1
江苏常镇高二上期中,1,1
江苏往年合格考真题,16,1
江苏徐州,1,1
江苏徐州2025高二上期末物理,6,1
江苏徐州丰县四年级上册英语4单元,5,1
江苏徐州八年级上数字期中,10,1
江苏徐州八年级上数字期末,5,1
江苏徐州小学六年级上册数学的期末试卷,11,1
江苏徐州市,1,1
江苏徐州市分班考试卷,4,1
江苏徐州市撷秀初级中学入学分班考,7,1
江苏徐州市撷秀初级中学分班考,1,1
江苏徐州市撷秀初级中学分班考试卷,1,1
江苏徐州撷秀中学,4,1
江苏徐州沛县八上数学期中,4,1
江苏徐州沛县八上数学期末,3,1
江苏徐州沛县八年级上数学期中,6,1
江苏徐州沛县八年级上数学期末,6,1
江苏徐州高一,11,1
江苏徐州高一上大许,5,1
江苏徐州鼓楼区,1,1
江苏徐州鼓楼区数学,6,1
江苏扬州八年级上物理期末试卷。,5,1
江苏扬州期中,6,1
江苏扬州高一下学期期末试卷化学,1,1
江苏扬州高二上学期10月考试卷物理,5,1
江苏扬州高二上学期期末试卷生物,1,1
江苏扬州高二上学期第一次月考试卷生物,1,1
江苏摸底,5,1
江苏撷秀分班考试卷,3,1
江苏政治复习资料,5,1
江苏政治知识点,1,1
江苏数列 0 一轮复习 专题,7,1
江苏数学中考,3,1
江苏数学合格考真题,1,1
江苏数学高二上月考,1,1
江苏新基地,1,1
江苏新基地4,2,1
江苏无锡2023-2024,2,1
江苏无锡2023-2024高二上期中,3,1
江苏无锡天一中学,11,1
江苏无锡天一中学期中,9,1
江苏无锡太湖高级中学,2,1
江苏无锡太高,1,1
江苏无锡市市北高级中学2026高二下学期六月阶段检测语文试题,3,1
江苏昆山语文四年级,8,1
江苏昆山语文四年级下学期,10,1
江苏期末真题分类汇编,8,1
江苏松棱一中小升初开学考英语,1,1
江苏泰州兴,1,1
江苏泰州生物期末考试2026,11,1
江苏淮安名校合体高一,1,1
江苏淮安名校合体高二,6,1
江苏淮安名校合体高二期中,3,1
江苏淮安淮阴中学高一上月考试卷,2,1
江苏淮阴中学,1,1
江苏物理高二上,1,1
江苏物理高考卷,3,1
江苏物理高考真题,3,1
江苏百校大联考,1,1
江苏盐城10月,8,1
江苏盐城市2025-2026学年度语文,3,1
江苏盐城市2025-2026学年度语文高中,4,1
江苏盐城市大丰区2025-2026学年高二下学期6月期末英语试卷,1,1
江苏盱眙中学,2,1
江苏省 2026 年中考统考语文试题,3,1
江苏省2022合格考生物,6,1
江苏省2022年普通高中学业水平合格性考试生物试题,1,1
江苏省2023年普通高中学业水平合格性考试调研历史试题,3,1
江苏省2024到2025学年高一下学期期末迎考卷常州市,1,1
江苏省2024年普通高中学业水平合格性考试地理,4,1
江苏省2024年普通高中学业水平合格性考试试卷数学,8,1
江苏省2025年普通高中学业水平合格性考试化学试题,3,1
江苏省2025年普通高中学业水平合格性考试历史试题,2,1
江苏省2025年普通高中学业水平合格性考试地理试题,3,1
江苏省2025年普通高中学业水平合格性考试政治试题,2,1
江苏省2025年普通高中学业水平合格性考试物理试题,1,1
江苏省2025年普通高中学业水平合格性考试试卷政治,5,1
江苏省2026中考,5,1
江苏省2026年普通高中学业水平合格性考,2,1
江苏省2026年普通高中学业水平合格性考试化学,1,1
江苏省2026年普通高中学业水平合格性考试历史,1,1
江苏省2026年普通高中学业水平合格性考试地理,6,1
江苏省2026年普通高中学业水平合格性考试政治,5,1
江苏省2026年普通高中学业水平合格性考试数学,3,1
江苏省2026年普通高中学业水平合格性考试物理,3,1
江苏省2026年普通高中学业水平合格性考试生物,2,1
江苏省2026年普通高中学业水平合格性考试语文,2,1
江苏省2026年普通高中学业水平合格性考试调研历史试题,17,1
江苏省2026年普通高中学业水平选择性考试,6,1
江苏省2026年物理高考试卷,1,1
江苏省2036年物理高考试卷,1,1
江苏省26中,1,1
江苏省8年级下册数学期末考试卷,1,1
江苏省三年级上册数学月考试卷,2,1
江苏省三年级上册英语月考试卷,22,1
江苏省三年级上册语文月考考试卷,1,1
江苏省三年级上册语文月考试卷,3,1
江苏省九年级下册期末试卷,8,1
江苏省八年级上册数学月考试卷,1,1
江苏省八年级上册英语月考试卷,14,1
江苏省六年级下册英语期末,3,1
江苏省前黄中学,6,1
江苏省前黄高级中学,15,1
江苏省化学竞赛,1,1
江苏省华罗庚中学嗯 高一10月数学试卷,4,1
江苏省单招,2,1
江苏省南京外国语学校2025-2026学年高三上学期8月月考,1,1
江苏省南京市2024至2025学年第一学期高一期中质量监测物理试题,1,1
江苏省南京市2025-2026学年高一上学期期末模拟,2,1
江苏省南京市2025年六市高三英语联考,3,1
江苏省南京市2025至2026学年第二学期高一思想政治质量检测,6,1
江苏省南京市2025至2026学年第二学期高一期末物理试题。,4,1
江苏省南京市、盐城市高三一模,3,1
江苏省南京市七校联合体,3,1
江苏省南京市七校联合体2025—2026学年第二学期期末调研高二语文,27,1
江苏省南京市五校联盟,3,1
江苏省南京市江宁区竹山中学2025~2026学习八年级上学期10月份月考英语试题,4,1
江苏省南京市玄武高级中学2025至2026学年英语高一下学期期末试卷,3,1
江苏省南京市重点中学2026年六年级毕业升学选拔考试（分班考）数学试卷一,1,1
江苏省南京市高淳区2025至2026学年度第二学期期末学情分析样题八年级语文,2,1
江苏省南京师范大学附属中学2025-2026学年高一上学期10月阶段性测试物理试卷,1,1
江苏省南师大附中,35,1
江苏省南通中学2025-2026学年第二学期6月阶段考试高二语文,3,1
江苏省南通中学英才班,8,1
江苏省南通市2024~20258上物理田家炳中学第1次月考试卷,1,1
江苏省南通市2024~2025上物理田家炳中学第1次月考试卷,9,1
江苏省南通市2025-2026学年七年级上学期第一次月考数学模拟试卷（人教版,1,1
江苏省南通市2025-2026学年高一上学期期中质量监测数学试题,5,1
江苏省南通市2025~2026上物理田家炳中学第1次月考试卷,2,1
江苏省南通市2026届高三学业质量监测数学试卷,2,1
江苏省南通市2026届高三第二次调研测试数学试卷,1,1
江苏省南通市2026年6月高二学期期末英语试卷,2,1
江苏省南通市海安高级中学2024高三期初检测（地理）,4,1
江苏省南通市海门区七年级上期中数学试卷,1,1
江苏省南通市通州区2025至2026语文小升初真题,6,1
江苏省南通市高一下期末考化学多选题,4,1
江苏省合格性考试英语,5,1
江苏省合格考2025年政治卷子,3,1
江苏省启东中学2025-2026学年高一上学期第一次月考数学试卷,1,1
江苏省启东八上,3,1
江苏省地理,1,1
江苏省地理高二下期末,8,1
江苏省大港中学,5,1
江苏省天一中学高三数学月考,2,1
江苏省如皋中学,2,1
江苏省如皋中学高三年级考前综合卷,2,1
江苏省如皋市,3,1
江苏省如皋市七年级,10,1
江苏省学业水平合格性考试,1,1
江苏省学业水平合格性考试化学,1,1
江苏省学业水平合格性考试试卷,42,1
江苏省宿豫区2025～2026年,9,1
江苏省宿豫区2025～2026年数学,23,1
江苏省宿豫区2025～2026年期中数学,1,1
江苏省宿迁市2025至2026高一下学期试,7,1
江苏省宿迁市宿豫区数学八年级上册期中试卷,3,1
江苏省宿迁市沭阳华冲高级中学,2,1
江苏省宿迁市沭阳县2025至2026高一下学期试,5,1
江苏省宿迁市沭阳县二模试卷,1,1
江苏省宿迁市沭阳县沭中高级中学,12,1
江苏省小高考,4,1
江苏省常州市2014~2015学年高三上学期期中,1,1
江苏省常州市2014~2015学年高三上学期期中地理,6,1
江苏省常州市2014~2015学年高三上学期期中数学,6,1
江苏省常州市2023~2024学年高三上学期期中数学,6,1
江苏省常州市2023~2024学年高三下学期期中数学,5,1
江苏省常州市2023~2024学年高二下学期期中数学,7,1
江苏省常州市8年级上册物理期中试卷,4,1
江苏省常州市8年级上册道德与法治期中试卷,9,1
江苏省常州市武进区湖塘人民路初中,4,1
江苏省常州市第一中学,3,1
江苏省常州市金坛区，其中套卷,6,1
江苏省常州市高级中学,10,1
江苏省常熟中学,2,1
江苏省徐州市2025到2026高2期中数学试卷,1,1
江苏省徐州市2025届高三下学期模拟预测化学,1,1
江苏省徐州市撷秀初级中学,3,1
江苏省徐州市树人,4,1
江苏省徐州市沛县2025 2026学年八年级上学期数学期中试题 含答案,8,1
江苏省徐州市沛县2025 2026学年六年级下学期数学期末试题 含答案,1,1
江苏省徐州市沛县2025一2026学年度第一学期八年级上册政治试卷,5,1
江苏省徐州市矿大附中,1,1
江苏省徐州市邳州市2023 2024学年度5下第二学期期末语文,6,1
江苏省徐州市铜山区2025—2026学年上学期期中质量自测八年级上册,4,1
江苏省扬中市高级中学,1,1
江苏省扬州中学2022-2023高一期末英语试卷,8,1
江苏省扬州中学高一上生物第一章,4,1
江苏省扬州中学高一期末化学,8,1
江苏省扬州市2026年嗯 梅岭 树人 邢江123模语文试卷卷九年级,1,1
江苏省扬州市2026年嗯 梅岭 树人 邢江123模语文试卷卷高一年级,11,1
江苏省扬州市中考2026,1,1
江苏省扬州市扬州中学树人教育集团2025学年秋学期期中考试八年级英语,9,1
江苏省扬州市树人集团2025‑2026学年九年级上学期12月月考语文试题（学科网）,4,1
江苏省扬州市江都区八年级上册英语期中测试卷,4,1
江苏省扬州市江都区期中试卷八年级上册,2,1
江苏省扬州市高一10月阶段性测试,6,1
江苏省政治2026高考,3,1
江苏省新海高级中学2025届高一月考,1,1
江苏省新海高级中学2025届高一月考语文,1,1
江苏省新高考基地学校2026届高三上学期12月第一次大联考,5,1
江苏省无锡市2026-2026高三上学期期初检测,6,1
江苏省无锡市2026年高三期中教学质量调研测试,3,1
江苏省无锡市天一中学,3,1
江苏省无锡市第一中学,9,1
江苏省无锡市（或江阴市）2026届高三的模拟考试卷。,3,1
江苏省昆山中学,3,1
江苏省昆山中学历史,4,1
江苏省昆山中学历史高二,11,1
江苏省普通高中学业水平考试,10,1
江苏省月考第一 次邳州二零二五到二零二六年月考试卷生物八年级上册,5,1
江苏省梅村高级中学空港分校期中,3,1
江苏省沭阳如东高一数学,3,1
江苏省沭阳如东高一物理,2,1
江苏省泰州2026一模二模三模卷数学,1,1
江苏省泰州中学附属初中,1,1
江苏省泰州中学附属初级中学,2,1
江苏省泰州中学附属初级中学 入学 测试,2,1
江苏省泰州中学高一期中数学,3,1
江苏省泰州中学高二月考,7,1
江苏省泰州市海陵区2025年五校联考中考模拟卷,1,1
江苏省泰州市第二中学附属初中小升初分班考,6,1
江苏省泰州市高一下学期化学期末统考,4,1
江苏省泰州数学高中函数练习,8,1
江苏省海州高级中学高一数学,17,1
江苏省淮安市2024-2025八上第一次月考,13,1
江苏省淮安市八上第一次月考,2,1
江苏省淮安市新城淮中2024-2025七下期中,1,1
江苏省淮安市淮安区,3,1
江苏省淮安市淮阴中学,4,1
江苏省淮阴中学,4,1
江苏省溧阳中学,2,1
江苏省的近10年英语高考题,3,1
江苏省盐城市,1,1
江苏省盐城市2025-2026学年高一下学期6月期末物理试题,2,1
江苏省盐城市东台第四教育联盟2025~2026学年上学期七年级期末数学试卷,1,1
江苏省盐城市五校联考,3,1
江苏省盐城市单招,3,1
江苏省盐城市响水县清源高级中学,2,1
江苏省盐城市射阳初级中学2025~2026上学期七年级期末数学试卷,1,1
江苏省盐城市射阳县,6,1
江苏省盐城市景山中学,4,1
江苏省盐城市滨海县中考数学文试卷,7,1
江苏省盐城市滨海县单招,1,1
江苏省省丹中高一物理,1,1
江苏省统一学业水平合格性考试化学,1,1
江苏省苏北七市高三第二次调研数学试卷,2,1
江苏省苏北七市（南通为主考城市）2026届高三第三次调研测试（高三三模）语文试题,2,1
江苏省苏州中学20252026下学期期中考试,4,1
江苏省苏州市,5,1
江苏省苏州市2024学年高一上学期阳光测评,25,1
江苏省苏州市2024学年高一上学期阳光测评四市联考,1,1
江苏省苏州市2026中考,1,1
江苏省苏州市2026初中学业,6,1
江苏省苏州市2026初二上册期末英语试卷,6,1
江苏省苏州市高三上学期期中阳光调研日语,7,1
江苏省苏州市高二上册化学期中调研,4,1
江苏省苏州市高二上册物理期中调研,3,1
江苏省英语合格考,8,1
江苏省语文A卷2024到2025学年高一下学期期末迎考卷常州市,6,1
江苏省运河中学,2,1
江苏省连云港市2025至2026年六年级下学期期末综合试卷,26,1
江苏省连云港市新海高中上学期数学第一章练习,1,1
江苏省连云港市新海高中高一上学期数学第一章练习,5,1
江苏省连云港市赣榆区初1分班考试试卷,10,1
江苏省连云港市赣榆区高三开学考,3,1
江苏省邳州市 月考第一 次邳州二零二五到二零二六年月考试卷生物八年级上册,9,1
江苏省锡山高级中学,5,1
江苏省锡山高级中学2024-2025学年高一上学期期中英语试题,1,1
江苏省锡山高级中学数学月考高三,3,1
江苏省锡山高级中学数学月考高三12月,2,1
江苏省锡山高级中学高三化学月考,1,1
江苏省镇江市句容市,3,1
江苏省镇江市句容市实验高级中学,2,1
江苏省镇江市开学考试,10,1
江苏省镇江零模,1,1
江苏省镇江零模数学,4,1
江苏省阜宁中学,7,1
江苏省阴江市全国小学升学试卷,1,1
江苏省靖江市七校九年级上学期联考物理试卷,2,1
江苏省靖江高级中学,3,1
江苏省高三下学期数学二模,15,1
江苏省高中会考,2,1
江苏省高中学业水平合格性考试.,3,1
江苏省高考历史,1,1
江苏省高考政治,3,1
江苏苏北七市高三上学期,1,1
江苏苏北七市高三期初,1,1
江苏苏州2026届高三年级期初阳光调研试卷英语,6,1
江苏苏州六校2025高二联考,3,1
江苏苏州六校2025高二联考数学,2,1
江苏苏州初二,3,1
江苏苏州初二苏州,1,1
江苏苏州太仓小学数学五年级下册期末试卷,1,1
江苏苏易常镇高二上期中,2,1
江苏苏锡常镇高三二模英语,3,1
江苏英语一模,1,1
江苏英语八年级翻译句子,3,1
江苏英语单词表7上,1,1
江苏译林高一阅读理解,1,1
江苏连云港,11,1
江苏连云港市东海县高一下期末试卷,1,1
江苏连云港市东海县高二上期中试卷,3,1
江苏连云港英语,1,1
江苏金陵中学高三9月物理素质检测试卷,3,1
江苏高一上册英语单词默写,3,1
江苏高一上学期期末,3,1
江苏高一上数学期中,3,1
江苏高一上数学期中简单,2,1
江苏高一上期末英语,1,1
江苏高一上第一次月考,20,1
江苏高一下学期期末,5,1
江苏高一下学期期末化学试卷卷,5,1
江苏高一历史,1,1
江苏高一数学上学期,5,1
江苏高一数学上学期期中,64,1
江苏高一第二学期期中生物试卷期中,14,1
江苏高一英语,1,1
江苏高三一轮复习物理滑块木板专题,3,1
江苏高三上学期学期9月物理月考,14,1
江苏高三上开学考试,16,1
江苏高三物理,2,1
江苏高三物理月考,6,1
江苏高三第一学期9月物理月考,1,1
江苏高中会考,1,1
江苏高中合格性考试语数英模拟试卷,1,1
江苏高中学业水平,1,1
江苏高二上,4,1
江苏高二上学期期中,3,1
江苏高二上学期阶段检测,2,1
江苏高二月考直线与圆94练,1,1
江苏高二第一学期期中,1,1
江苏高二语文课本,1,1
江苏高考10年真题,7,1
江苏高考2026年化学,2,1
江苏高考2026年物理,7,1
江苏高考2026年物理答案,3,1
江苏高考化学2024,2,1
江苏高考化学2025,2,1
江苏高考化学2026,1,1
江苏高考化学归因分析题,1,1
江苏高考化学计算大题,2,1
江苏高考物理,14,1
江苏高考物理真题,5,1
江苏高考生物,1,1
江苏高考生物真题,1,1
江苏高考真题,3,1
江西 0 2026 高三 金太阳数学,11,1
江西 初升高分班考试 宜春 新高一摸底,1,1
江西 初升高分班考试 宜春新高一摸底,1,1
江西 初升高分班考试、宜春 新高一摸底,5,1
江西 初升高分班考试、樟树新高一摸底,2,1
江西0模,1,1
江西undefined,1,1
江西七年级上学期期末,1,1
江西七年级上学期阶段检测,2,1
江西三新联考,8,1
江西上饶,1,1
江西上饶八年级物理单元测试卷,2,1
江西上饶八年级生地会考卷,1,1
江西上饶市2025到2026学年高二上学期期末数学测试,1,1
江西上饶往年生地会考卷,1,1
江西中考数学2026,1,1
江西中考英语听力,1,1
江西九年级上学期阶段检测,5,1
江西二中,1,1
江西二模数学,21,1
江西信丰初二英语,1,1
江西入学考,8,1
江西六年级下学期升学真题,2,1
江西六年级下学期期末,8,1
江西初中数学联赛,2,1
江西化学,4,1
江西化学专项,6,1
江西升学模考,1,1
江西南昌,9,1
江西南昌二十三中,1,1
江西南昌二模,5,1
江西南昌物理一模二模,4,1
江西南昌高一,5,1
江西吉安八年级上册物理第一次月考,3,1
江西师大附中 七八年级,1,1
江西师大附中。,5,1
江西师大附中九年级开学考,3,1
江西师大附中开学考九年级,3,1
江西师大附中期中八上英语1月期中英语,1,1
江西师大附中高一下学期期末,3,1
江西师大附中高一下数学期末,1,1
江西师大附中高一下期末,1,1
江西师大附中高一分班考,1,1
江西师大附中高三英语,1,1
江西建设职业技术学院,1,1
江西抚州七年级下册数学期末试卷,3,1
江西摸底,1,1
江西摸底江科,1,1
江西数学高一集合单元测试卷,9,1
江西数学高三,10,1
江西新余市2025 2026学年上学期期末质量检测高二物理试题,7,1
江西新高三开学考,4,1
江西江科,1,1
江西江科附中,3,1
江西江科附中高一数学,3,1
江西物理2026高考,3,1
江西物理答题卡,16,1
江西物理赣州,1,1
江西省,8,1
江西省2027,1,1
江西省2027一轮复习,12,1
江西省三新教研共同体协同考试,24,1
江西省上饶市四年级下册,4,1
江西省上饶市四年级下册期末测试卷,19,1
江西省上饶市广丰中学,2,1
江西省上饶市广信中学2023-2024学年高二上学期11月月考数学试题,1,1
江西省上饶市高一上学期期末化学基础知识检测,2,1
江西省上饶市高三摸底考,1,1
江西省上饶市高三摸底考数学,3,1
江西省上高县,2,1
江西省临川2025-2026学年高一下学期6月阶段检测生物,4,1
江西省九江市都昌县东湖中学,7,1
江西省九江第一中学,3,1
江西省初中英语作文,1,1
江西省南昌市2025‑2026学年高三上学期9月第一次调研测试物理试卷（南昌零模）,3,1
江西省南昌市2025高三模拟考试,14,1
江西省南昌市2026届高三年级三月测试数学试卷,2,1
江西省南昌市中考,3,1
江西省南昌市九上外国语教育集团12月月考考试卷数学,8,1
江西省南昌市南昌三中教育集团八年级上册期中考试,4,1
江西省吉安县八年级上册第1单元地理测试,10,1
江西省吉安市遂川县2026年物理八年级上册期中考试,3,1
江西省吉安市遂川县2026年物理八年级上册期末考试,1,1
江西省吉安市遂川县2026年物理八年级上册第二次月考。,4,1
江西省吉安市遂川县八年级下册期末考试数学试卷,2,1
江西省同步练习,6,1
江西省宜春市高安市城区学校联考 七年级 期中,4,1
江西省抚州市2023-2024语文七下期末,4,1
江西省数学竞赛试卷,3,1
江西省新余市分宜县八年级下册期末英语试卷,3,1
江西省新余市第一中学2025-2026地理模拟考,4,1
江西省新余市第一中学2025-2026生物模拟考,3,1
江西省物理金太阳联考高三10月联考,6,1
江西省赣州市,6,1
江西省赣州市信丰一中,3,1
江西省赣州市南康区数学九上月考试卷,7,1
江西省赣州市章贡区二四至二五学年九年级上册七期中数学试卷,6,1
江西省赣州市章贡区第一中学,11,1
江西省赣州市章贡区赣州市三中高一第1次月考,3,1
江西省进贤市中考,5,1
江西省附属中学,13,1
江西省高一上学期化学基础知识检测,4,1
江西省高一上学期期末化学基础知识检测,1,1
江西省高三模拟试卷,1,1
江西省，2020南丰九年级一模,1,1
江西科技学院附属中学化学,14,1
江西科技师范附属八上期中英语,3,1
江西英语,1,1
江西萍乡,3,1
江西萍乡市2025‑2026学年第二学期高一期末英语试卷。,3,1
江西萍乡高二期中数学,4,1
江西赣州,1,1
江西高一下数学期末试卷,8,1
江西高三,6,1
江西高三上学期阶段检测,1,1
江西高三永新,23,1
江西高三物理模拟试卷,7,1
江西高二,11,1
江西高二上学期物理第一次月考,3,1
江西高二上第一次月考,1,1
江西高二下学期学考,3,1
江西高安7年级,1,1
江西高考化学,4,1
江都,5,1
江都中学,2,1
江都中学第一次月考模拟卷,2,1
江都区 25 26九年级数学试卷,1,1
江门一中,4,1
江门一中 第一学期,3,1
江门一中物理,1,1
江门二中八年级上册开学考,1,1
江门二模物理,4,1
江门培英第一次月考,10,1
江门市2024普通高中高二调研测试,3,1
江门市培英高级中学,30,1
江门市外海中学,4,1
江门市新会区名冠实验学校,1,1
江门市新会区名冠实验学校初一分班考,3,1
江门市礼乐中学,2,1
江门市第一中学,10,1
江门市第一中学景贤学校,21,1
江门市第二中学,29,1
江门市蓬江区初中毕业生学业水平调研测试2023化学,1,1
江门广雅,5,1
江门第二中学八年级上册开学考,1,1
江门高二上,3,1
江门高二上期末考,2,1
江门高二上期末考2026,2,1
江门高二上期末考2026物理,2,1
江阴一中2025–2026 学年高一上学期10月月考数学卷,4,1
江阴南菁英语,4,1
江阴南菁高中,1,1
江阴南菁高中七上,1,1
江阴南菁高中七上数学,1,1
江阴市2025年五年级统考,2,1
江阴市2025年五年级统考语文,2,1
江阴市2026年五年级统考,5,1
江阴市利港实验小学,8,1
江阴市第一中学高一数学,1,1
江阴市高一下册期末考试政治,4,1
江阴成化,2,1
江阴澄要片,2,1
江阴青阳,1,1
池州一中,14,1
池州一中2025到2026学年度高一下学期期末考试政治试卷,6,1
池州一中高一上学期,1,1
池州市,4,1
池州月亮湖,3,1
汨罗一中,1,1
汨罗一中入学考,2,1
汨罗入学考,1,1
汨罗入学考试 高中 高一,1,1
汨罗市第一中学,2,1
汶上一中,5,1
汶上中考数学卷,2,1
汶上县三年级上学期期中数学卷子,2,1
汶上县三年级上学期期中英语卷子,8,1
汶上县八上期中地理试卷,1,1
汶上县八上期中英语试卷,4,1
汶上县八上物理期中试卷,1,1
汶上县八上物理试卷,7,1
汶上县八上物理试卷学易金卷,7,1
沁园春 长沙,5,1
沁园春 雪,2,1
沁园春长沙PPT,5,1
沁阳市第一中学物理高一上册,1,1
沂水,14,1
沂水八年级上册物理期中试卷,1,1
沂水县,16,1
沂水县高庄镇初级中学,4,1
沂源县六年级第二学期期中考试,1,1
沅陵一中,2,1
沈北新区2025 2026八上期末考试语文,9,1
沈北新区2025到2026学年度上学期期中测试卷，要听力,1,1
沈本新区2024-2025学年度上学期质量检测一,12,1
沈阳 120中学 高一上 月考 数学,2,1
沈阳 八年级语文,2,1
沈阳 实验 高一上 2026 化学 期中,3,1
沈阳11中学,1,1
沈阳120中学2026期末考试物理,2,1
沈阳120中学2026高一下学期期末考试物理,2,1
沈阳120高中,4,1
沈阳120高中四模模拟卷子,14,1
沈阳126中学,1,1
沈阳126中学小升初摸底考,1,1
沈阳126中学摸底考,1,1
沈阳126九年级上学期物理其中,4,1
沈阳126九年级物理其中,3,1
沈阳2024-2025下数学五校协作体,1,1
沈阳2024七中,2,1
沈阳2026一模英语,1,1
沈阳20中学月考,2,1
沈阳20中学高一上学期数学月考,5,1
沈阳20中学高一上学期月考,1,1
沈阳26届铁西化学期末卷,1,1
沈阳43中学,1,1
沈阳43中期中数学,1,1
沈阳5年级2026年上学期数学末卷,24,1
沈阳5年级2026年上学期末卷,2,1
沈阳5年级2026年上期末卷,2,1
沈阳5年级2026年期末卷,5,1
沈阳一中高一上2026期中期末卷纸,7,1
沈阳一模数学,7,1
沈阳七下数学,1,1
沈阳七年级期末语文,2,1
沈阳三十四,5,1
沈阳东北育才高三8模,7,1
沈阳九上物理期中考试134,3,1
沈阳二中 2026届第四高中物理第四季次模拟,3,1
沈阳二中 2026物理第四季次模拟,3,1
沈阳二中 第4次模拟,1,1
沈阳二中2025-2026学年度下学期模拟考试 高三（26届）语文试题,3,1
沈阳二中28届,1,1
沈阳二中化学六月月考,3,1
沈阳二中数学,16,1
沈阳二中期末,3,1
沈阳二中英语,4,1
沈阳二中语文,3,1
沈阳二中高一下,3,1
沈阳二中高一下期末,3,1
沈阳二中高一生物,2,1
沈阳二中高一生物期末,6,1
沈阳二中高三化学最后一次模拟,4,1
沈阳二中，化学,2,1
沈阳二中，化学高一上月考,3,1
沈阳二模英语,6,1
沈阳于洪区2025-2026八年级下期末数学试卷,3,1
沈阳五校联考2025 2026学年度下学期期末考试高一试题,5,1
沈阳五校联考2025 2026学年度高一下学期期末考试高一试题,1,1
沈阳五校联考2025 2026学年度高一英语下学期期末考试高一试题,9,1
沈阳五校联考高一学年下学期期末考试,5,1
沈阳八上数学10月,4,1
沈阳八上数学北师大版第一章,1,1
沈阳八上物理月考,7,1
沈阳八下数学期末,3,1
沈阳八年级期中语文,2,1
沈阳兴华实验中学小升初分班考试,1,1
沈阳兴华实验新初一入学考,1,1
沈阳兴华实验新初一分班考,5,1
沈阳分班考试卷,1,1
沈阳初中分班考试卷,1,1
沈阳初中期末,1,1
沈阳各区英语期末考试卷,1,1
沈阳和平九上期末语文,2,1
沈阳和平区2025-2026八上数学期末考试卷,3,1
沈阳和平区2025-2026八上期末考试卷,1,1
沈阳和平区2025-2026八上英语期末考试卷,3,1
沈阳和平区期末2025-2026七年英语上听力,2,1
沈阳四十三中期中数学,7,1
沈阳四十三中期中数学2024-2025,1,1
沈阳回中,1,1
沈阳市120中学,8,1
沈阳市120中学第三次质量监测期末考试,2,1
沈阳市2019年小升初入学考试数学模拟试题及答案,4,1
沈阳市2026教联体,6,1
沈阳市42中,1,1
沈阳市七年级上册入学考试,3,1
沈阳市七年级上学期入学考试,1,1
沈阳市七年级入学考试,1,1
沈阳市二中高一上物理月考卷,3,1
沈阳市二中高一上物理第一次月考卷,1,1
沈阳市五十六中学,1,1
沈阳市五校协作体高一期末,33,1
沈阳市五校联考,6,1
沈阳市初中入学考试,1,1
沈阳市南昌中学,9,1
沈阳市和平区2025至2026学年度第一学期期末,5,1
沈阳市和平区八下期末,6,1
沈阳市和平区八年级下期末数学调研卷2025 2026 01 八年级下册数学期末试卷,6,1
沈阳市四十三中学,3,1
沈阳市四十三中学九上数学能力训练,3,1
沈阳市四十三中期中数学2024-2025,7,1
沈阳市回民中学高二期末考试生物,1,1
沈阳市小升初入学考试,6,1
沈阳市普通高中,14,1
沈阳市普通高中期末,2,1
沈阳市浑南初级中学物理九上月考,2,1
沈阳市皇姑区2020-2021年五下英语期末试卷,1,1
沈阳市第10中学月考,13,1
沈阳市第120中学2025-2026学年度下学期,4,1
沈阳市第120中学2025-2026学年度下学期高一化学,2,1
沈阳市第120中学2025-2026学年度下学期高一物理,4,1
沈阳市第120中学2025—2026学年度上学期高三年级第二次质量检测,3,1
沈阳市第124中学,1,1
沈阳市第一二六中学,1,1
沈阳市第七中学初一新生摸底考试卷,5,1
沈阳市第二中学,6,1
沈阳市第二中学高二上物理月考,5,1
沈阳市第二十中学第一次模拟,1,1
沈阳市第四十二中,1,1
沈阳市第四十二中学,5,1
沈阳市育才高一上物理月考卷,3,1
沈阳市虹桥中学2025~2026学年度九年级上册数学月考,15,1
沈阳市虹桥九年级化学,2,1
沈阳市郊联体2025-2026高一上学期10月月考,15,1
沈阳市重点高中联合体,3,1
沈阳市高中三年级教学质量监测（一）,3,1
沈阳市高中三年级教学质量监测（二）,3,1
沈阳数学高一下期末,1,1
沈阳期中卷,1,1
沈阳期初考,1,1
沈阳沈河九九上期末语文,1,1
沈阳沈河区东北育才,1,1
沈阳沈河区，数学期中八上,4,1
沈阳皇姑,1,1
沈阳皇姑七年级分班,1,1
沈阳皇姑九九上期末,1,1
沈阳皇姑九九上期末语文,3,1
沈阳皇姑入学,1,1
沈阳皇姑分班,1,1
沈阳皇姑区2023-2024五上期末试卷数学,1,1
沈阳皇姑区2023年期末试卷六年级上学期数学,9,1
沈阳皇姑区2024年期末试卷六年级上学期数学,6,1
沈阳皇姑区期末试卷六年级上学期数学,12,1
沈阳皇姑小升初,2,1
沈阳省实验,3,1
沈阳第一次月考,4,1
沈阳第七中学,7,1
沈阳虹桥8年英语10月考试卷,10,1
沈阳虹桥中学九上数学10月考卷,6,1
沈阳虹桥中学九上数学11月考卷,6,1
沈阳虹桥中学九上数学12月考卷,5,1
沈阳虹桥中学九上数学9月考卷,1,1
沈阳虹桥中学九上数学月考卷,3,1
沈阳虹桥中学八上数学月考卷,2,1
沈阳虹桥中学八上物理12月考卷,3,1
沈阳虹桥中学八上物理月考卷,14,1
沈阳虹桥中学八上物理期末考卷,9,1
沈阳虹桥八上10月考,3,1
沈阳虹桥八上10月考数学,4,1
沈阳虹桥八上物理,3,1
沈阳虹桥八上英语,2,1
沈阳郊联体高二月考试卷,38,1
沈阳重点高中联合体,6,1
沈阳铁西区八年级下学期数学,5,1
沈阳铁路实验中学入学考试,1,1
沈阳高三化学模拟,1,1
沈阳高二上学期,11,1
沈阳高二五十六中学期中考试,2,1
沈阳高二期中,34,1
沈阳高考,1,1
沉淀,5,1
沉淀溶解平衡,11,1
沙坪坝区八上2026期末,1,1
沙坪坝区期末,4,1
沙坪坝科学城巴蜀中学,1,1
沙河口,19,1
沙河口区2025到2026，学年度第二学期期末试卷,2,1
沙洋中学,3,1
沙海中学,6,1
沙漏模型,1,1
沙漏模型 教用版 小升初数学复习几何模型专练,1,1
沛县2026年五年级下册期末调研语文,1,1
沛县2026年五年级第二学期期末调研语文,3,1
沛县高二上学期第一次月考,5,1
沧州市2024高二期末数学试卷,10,1
沧州市第 8 中学,1,1
沧州市第一中学2025 2026高一上学期期中考试卷,1,1
沧州市第一中学2025 2026高一上学期期末考试卷,3,1
沧州市第十七中学,3,1
沧州市第十三中学,3,1
沧州市第十三中学小升初分班考,1,1
沧州市第十四中学,5,1
沧州鸿臻高一,2,1
沪教版,8,1
沪教版2025-2026学年九年级上册物理章节检测卷,1,1
沪教版7年级数学,6,1
沪教版9年级数学相似三角形,1,1
沪教版9年级数学相似三角形单元测试卷,7,1
沪教版二次根式,4,1
沪教版整式的加减,13,1
沪教版新九上化学,3,1
沪版七上数学期中试卷,1,1
沪科版,1,1
沪科版 八年级全一册第六章,1,1
沪科版 八年级全一册第六章预习,1,1
沪科版 八年级全一册第熟悉又陌生的力预习,1,1
沪科版。八年级全一册第五章质量与密度。,3,1
沪科版七年级,1,1
沪科版七年级数学,3,1
沪科版九年级上册,1,1
沪科版九年级上册物理,3,1
沪科版九年级物理第一单元,1,1
沪科版九年级物理第十三章温度与物态变化黄冈单元测试卷,7,1
沪科版二次函数单元卷,1,1
沪科版八年级物理。,2,1
沪科版八年级物理探究凸透镜成像规律。,1,1
沪科版八年级物理神奇的透镜。,6,1
沪科版八年级选择题训练。,9,1
沪科版合肥45中八上月考,3,1
沪科版合肥45中八上月考橡树湾,1,1
沪科版数学,4,1
沪科版物理14章单元卷九上,4,1
沪科版物理14章单元卷九上热机,1,1
沪科版物理14章单元卷热机,1,1
沪科版物理14章单元卷热机效率,8,1
沪科版物理8年级上册5.2速度专题训练十大题型,4,1
沪科版物理必修三电子书,2,1
沪粤八上期中,5,1
沭阳ny,5,1
沭阳七年级分班考试,2,1
沭阳县,6,1
沭阳县如东实验4年级,13,1
沭阳县如东实验4年级第一学期,1,1
沭阳县如东实验4年级第一学期数学,26,1
沭阳县高级中学,1,1
沭阳外国语新初一分班试卷,3,1
沭阳如东,1,1
沭阳如东中学,2,1
沭阳如东高二,1,1
沭阳怀文,5,1
沭阳新初一分开试卷,3,1
沭阳新初一分班,4,1
沭阳新初一分班考试,2,1
沭阳新初一外国语分班,2,1
河东区,11,1
河东区24秋高三期末试卷,5,1
河东高三,7,1
河北 0 2026 中考,5,1
河北 初二,3,1
河北2026中考,1,1
河北2026高考,7,1
河北2026高考七,6,1
河北2026高考化学真题,4,1
河北NT,2,1
河北NT20 2025 2026高一下七月期末答案,8,1
河北NT20 2025 2026高二下七月期末答案,10,1
河北NT20名校联合体 7月高一期末巩固训练 物理二,12,1
河北NT20高三开学考试题,47,1
河北nt20,8,1
河北undefined,11,1
河北万卷文化有限公司,1,1
河北三模,1,1
河北三河七年级上册数学第一次月考,18,1
河北三河七年级数学第一次月考,1,1
河北三河七年级第一次月考,4,1
河北中考专题,13,1
河北中考分类汇总,1,1
河北中考真题2026,2,1
河北中考真题语文,10,1
河北中考真题语文2026,1,1
河北中考英语,3,1
河北九年级上学期期中化学,2,1
河北九年级上学期期末,8,1
河北二模,2,1
河北二模英语,1,1
河北二模英语天津,1,1
河北二模英语天津高三,1,1
河北二模英语天津高三2025,1,1
河北保定2025年高三摸底考试,1,1
河北保定2025至2026学年唐县小学毕业考试六年级下册,8,1
河北保定徐水六年级下学期升学考试,2,1
河北保定莲池区高二期末考试下学期,1,1
河北入学分班卷,14,1
河北八下英语2025-2026,1,1
河北八年级下学期期末,10,1
河北六年级上学期阶段检测,6,1
河北六年级下学期阶段检测,7,1
河北六校,4,1
河北初一,1,1
河北初三下学期期末数学,3,1
河北初二语文,5,1
河北区2025-2026物理期末,7,1
河北区2025至2026学年度高三年级总复习质量检测一英语笔试,12,1
河北区一模英语,2,1
河北区七下,1,1
河北升学模考,1,1
河北卷物理,1,1
河北卷生物,1,1
河北唐县第一中学2025~2026年学年高二下学期期中考试5月份的试卷,3,1
河北唐县第一中学2025~2026年学年高二下学期期中考试5月份的试卷英语试题,4,1
河北唐山丰南八上数学期中,1,1
河北唐山丰南期中,7,1
河北唐山市第二中学2025-2026学年高二第二学期期末考试数学试题,1,1
河北唐山曹妃甸25年八年级上英语期中卷子,1,1
河北唐山期末,1,1
河北唐山迁安期末,6,1
河北唐山迁安期末历史,3,1
河北唐山迁西县,5,1
河北唐山迁西县期末卷,1,1
河北唐山高三上学期摸底考试,10,1
河北学考,2,1
河北安国关汉卿七年级上册英语期末考试卷,7,1
河北定州,9,1
河北定州七年级上册数学期末考试卷,30,1
河北平山中学,4,1
河北廊坊分班,2,1
河北张家口,7,1
河北承德市双滦区实验中学 2024-2025 学年高一暑假数学网上测试卷（1）,27,1
河北数学衡水,3,1
河北新高1分班考试,1,1
河北期中卷子,13,1
河北枣强,3,1
河北沧州人教版小升初真题,4,1
河北沧州市2025--2026学年度第一学期期末教学质量评估七年级英语试题(冀教版),10,1
河北沧州市任丘,6,1
河北沧州肃宁育英中学,2,1
河北满城中学,3,1
河北物理人教版必须三,3,1
河北生物中考题,3,1
河北的保定市唐县,5,1
河北省2024级高二年级大数据应用调研阶段性联合测评,10,1
河北省2025高考历史试卷,3,1
河北省2026高考历史试卷,1,1
河北省2026高考数学试卷,1,1
河北省26年中考数学,1,1
河北省七校,4,1
河北省中考数学2026年,1,1
河北省中考语文2024年,3,1
河北省保定一中,1,1
河北省保定市,1,1
河北省保定市唐县六年级下册数学期末考,4,1
河北省保定市安国市第一学期期末九年级 2025~2026,1,1
河北省保定市安国市第一学期期末九年级英语 2025~2026,11,1
河北省保定市定州市2025至2026学年度第一学期期末质量监测八年级物理,4,1
河北省保定市定州市2025至2026学年度第二学期期末质量监测八年级英语,1,1
河北省保定市定州市，2023至2024学年度第一学期期中质量检测八年级数学,5,1
河北省保定市曲阳中学,5,1
河北省保定市期末测评,7,1
河北省保定市竞秀区2025年期末考试卷,16,1
河北省保定市雄安新区,1,1
河北省八校联考2025-2026,4,1
河北省唐县八下数学期末卷子2025-2026,4,1
河北省唐山市2023-2024学年度高三摸底演练,7,1
河北省唐山市2024 2025学年度高三摸底演练,13,1
河北省唐山市2024-2025学年度高三摸底演练,14,1
河北省唐山市2025-2026学年度高三摸底演练,4,1
河北省唐山市2025至2026学年高三上学期摸底考试,1,1
河北省唐山市2025至2026学年高三上学期摸底考试数学,3,1
河北省唐山市丰润区七上数学期中真题卷,28,1
河北省唐山市丰润区英语七上期中真题,10,1
河北省唐山市丰润区语文七上期中真题,207,1
河北省唐山市摸底考试,11,1
河北省唐山市曹妃甸区六年级期末考试卷,5,1
河北省唐山市期末,1,1
河北省对口会计,2,1
河北省张家口,11,1
河北省张家口市第一中学,1,1
河北省张家口市第一中学物理,10,1
河北省承德市兴隆县2025-2026七年级下册数学期末卷,1,1
河北省承德市兴隆县七年级下册数学期末卷,9,1
河北省承德市双桥区,17,1
河北省承德市承德县7年级,1,1
河北省沧州市联考,1,1
河北省沧州市联考物理,2,1
河北省沧州市肃宁县育英中学,2,1
河北省海兴中学高三开学考,1,1
河北省海港区2024小升初数学试卷,6,1
河北省滦南县物理期中考试测试卷,9,1
河北省石家庄20269月摸底,8,1
河北省石家庄市一中2024~2025学年高二下学期期末语文。,10,1
河北省石家庄市一中2024~2025训练高二下学期期末语文试题。,14,1
河北省石家庄市桥西区,6,1
河北省石家庄市第22中学2025-2026学年度第一学期月考测试卷英语,7,1
河北省石家庄质检,7,1
河北省示范性高中2024~2025年高一上册英语期中听力,3,1
河北省秦皇岛市昌黎县六年级下册期末数学 人教版,12,1
河北省秦皇岛市第一中学,4,1
河北省翰林学校七年级第一学期期中卷,2,1
河北省衡水中学,1,1
河北省衡水中学2026年高三联合质量检测数学,5,1
河北省衡水市2026高三上学期二模物理,3,1
河北省衡水市2026高三二模化学,5,1
河北省衡水市2026高三二模物理,4,1
河北省衡水市2026高三数学第二次调研考试,3,1
河北省衡水市武强县衡水街关中学2025-2026学年高一下学期6月阶段检测地理试题,1,1
河北省邢台市八年级期末数学,2,1
河北省邢台市冀教版,2,1
河北省邢台市冀教版四年级下册,3,1
河北省邯郸市,1,1
河北省邯郸市2024年高三,1,1
河北省邯郸市2024年高三下学期一模,3,1
河北省邯郸市数学一模,1,1
河北省邯郸市高一下学期期末,1,1
河北省邯郸市高二,2,1
河北省邯郸市高二上学期,1,1
河北省邯郸市高考数学一模,3,1
河北省阜城县,8,1
河北省雄安新区,13,1
河北省雄安新区安新县白洋淀中学,7,1
河北省高一上金太阳联考,7,1
河北省高三上学期百校联盟,3,1
河北省高考物理,2,1
河北石家庄二中2024届数学,9,1
河北石家庄市2026语文高一下学期,1,1
河北石家庄市二中2024届数学,6,1
河北石家庄市二中2025数学,4,1
河北石家庄市第九中学2025-2026学年高一上学期第一次阶段检测,1,1
河北石家庄市第二中学数学,3,1
河北石家庄市第二中学数学高三,4,1
河北石家庄市藁城区第一中学高一英语,1,1
河北石家庄数学二模,3,1
河北秦皇岛市海港区2025至2026学年度第二学期期末质量检测英语卷,1,1
河北英语高考卷,2,1
河北衡水中学实验,1,1
河北衡水中学高一上,1,1
河北衡水中学高一上月考,5,1
河北衡水中学高一上第一次,1,1
河北衡水中学高一上第一次月考,3,1
河北衡水中学高二期末考试,11,1
河北衡水期中,9,1
河北衡水阜城县,3,1
河北语文高中三模,1,1
河北辛集中学,2,1
河北辛集市,3,1
河北邢台,4,1
河北邯郸 2024‑2025学年高二上政治月考模拟题,9,1
河北邯郸 24‑25学年高二上月考模拟题,2,1
河北邯郸初二语文,12,1
河北邯郸大名县期末七年级下地理,3,1
河北邯郸大名县期末七年级下英语,3,1
河北邯郸邱县启智中学,1,1
河北部分名校,3,1
河北隆尧第一中学,5,1
河北雄安2025到2026,1,1
河北高一上学期学考,1,1
河北高一语文下学期期末测试,12,1
河北高三 二模生物试题合集,2,1
河北高三下学期期末数学,3,1
河北高二,1,1
河北高二上学期期中,6,1
河北高二上期中英语,5,1
河北高二下学期生物期末豆汁儿,43,1
河北高二数学,1,1
河北高二物理,1,1
河北高考,1,1
河北高考 2026高考真题,1,1
河北魏县一中,4,1
河北魏县十中,1,1
河北默写古诗,1,1
河南 0 2026 中考真题,2,1
河南 0 2026 中考真题含答题卡,3,1
河南 2025高考真题,5,1
河南 2026年中考试,1,1
河南 2026年中考试数学,1,1
河南 中考,7,1
河南2026 高三暑假开学考,2,1
河南2026届高三上开学摸底卷,3,1
河南2026第一 开学考,7,1
河南2026青铜鸣高三4.28联考英语听力,27,1
河南8年级数学卷子,3,1
河南top20,3,1
河南top20数学,7,1
河南七年级下学期期末,1,1
河南七年级下学期阶段检测,5,1
河南中考10年真题,2,1
河南中考数学,1,1
河南中考数学2026,3,1
河南中考物理,3,1
河南中考试卷,9,1
河南九师联盟2026六月,1,1
河南九师联盟2026期末化学,16,1
河南九年级上学期期中,2,1
河南九年级下学期期末,2,1
河南九校联考2025,1,1
河南九校联考2025高一上,1,1
河南会考物理试卷,1,1
河南信阳一模,1,1
河南信阳信阳市小升初附中真题,6,1
河南信阳市五县一区2025‑2026学年高一下学期期末考试数学试题,2,1
河南信阳市五县一区2025‑2026学年高一下学期期末考试英语试题,3,1
河南信阳市罗山县2025-2026六年级下册语文期末,1,1
河南信阳数学七下,1,1
河南信阳普通高中高三第一教学质量检测,3,1
河南信阳高二期末物理,6,1
河南信阳高级中学,1,1
河南信阳高级中学2025至2026学年高一下学期5月阶段测试二历史,1,1
河南信阳高级中学2025至2026学年高一下学期期末测试语文试题,6,1
河南八年级上学期期中,4,1
河南化学有机,11,1
河南升学模考,1,1
河南升学模考初一,1,1
河南单元卷子,7,1
河南南阳七年级数学上册月考,1,1
河南南阳市2025-2026学年高二下学期7月期末考试 化学试题,1,1
河南南阳市2025‑2026学年下学期高中二年级期终质量评估英语试卷,3,1
河南南阳市2025‑2026学年下学期高中二年级期终质量评估语文试卷,2,1
河南南阳市方城县第一高级中学 2025-2026学年高二下学期第一次月考英语试题,13,1
河南南阳方城县教材,1,1
河南南阳高三上期中地理,1,1
河南南阳高三上期中数学,4,1
河南南阳高三上期末数学,4,1
河南卷,1,1
河南卷高考,1,1
河南各部分名校2026高一上学期期中历史,1,1
河南周口川汇区第四初级中学试卷,3,1
河南商丘中招考试,3,1
河南商丘市梁园区2025 至2026 学年度第二学期 期末质量检测八年级物理,4,1
河南天一联考作文,4,1
河南天一联考作文、河南高三一模、郑州外国语月考作文、骐骥杯联考,12,1
河南学考,3,1
河南安阳分班考,2,1
河南师范大学附属中学,8,1
河南平顶山分班测试,2,1
河南平顶山初中入班测试,2,1
河南平顶山市2025 2026,1,1
河南平顶山市2025～2026学年第二学期校内学业质量检测 八年级英语,2,1
河南开封高级中学高一新生入班考试分班考试,2,1
河南新乡一中2025高一月考,3,1
河南新乡多校联考高三下数学,3,1
河南新乡市 2025~2026 学年下学期 6 月，学期自测高二化学试卷,4,1
河南新乡市2026届高三下学期模拟预测化学试题,4,1
河南新乡市2027届新高一,6,1
河南新乡市多校联考,4,1
河南新未来Q,2,1
河南新未来Q卷,2,1
河南新未来五月测评,3,1
河南新未来高二开学,2,1
河南新未来高考入学英语检,5,1
河南期末考试,3,1
河南期末鹤壁,13,1
河南汤阴,47,1
河南漯河市高级中学2025-2026学年下学期高一期末质量监测生物试题,5,1
河南濮阳2026高一会考化学卷,1,1
河南濮阳市 2025~2026 学年高二下学期学业质量检测，数学试题,3,1
河南濮阳市人教版7年级下册数学期末试卷,3,1
河南物理2026高考真题,1,1
河南省2024到二2025年七年级上册开学考卷纸,3,1
河南省2024到二2025年初中开学考卷纸,3,1
河南省2024级学业水平合格考试试卷,4,1
河南省2025~2026学年上学期期末中试卷九上物理,10,1
河南省2025~2026学年上学期期末模拟试卷八上数学,1,1
河南省2025年开封市八年级上册月考卷,10,1
河南省2025年开封市八年级上册月考卷北师大版,1,1
河南省2025级学业水平合格考试试卷,10,1
河南省2026年中考语文试题,4,1
河南省2026年普通高中学业水平选择性考试化学,13,1
河南省2026年普通高中学业水平选择性考试生物,1,1
河南省2026高三青铜鸣,1,1
河南省2026高二期末天一卷,2,1
河南省26年地理,3,1
河南省8年级期末试卷,1,1
河南省8年级期末试卷郑州外国语中学,14,1
河南省top20名校大联考,15,1
河南省七年级上册数学试卷,2,1
河南省七年级上册数学试卷，郑州,7,1
河南省七年级下册数学试卷新乡,5,1
河南省中原名校联盟,3,1
河南省中考数学,1,1
河南省信阳市2026高二期末,5,1
河南省信阳市十二县一区,1,1
河南省信阳市固始高级中学高一上学期,3,1
河南省信阳市固始高级中学高一数学,2,1
河南省信阳市平桥区二高,1,1
河南省信阳市平桥区第二高级中学,14,1
河南省信阳市淮滨县滨城高级中学2025‑2026学年高一上10月月考英语试题,1,1
河南省信阳市羊山中学2025年新九年级入学测试数学卷,2,1
河南省信阳市羊山中学历年新九年级，入学测试,1,1
河南省信阳市高级中学国际部高考班,7,1
河南省信阳高级中学2024至2025学年高一下学期期末测试语文,2,1
河南省信阳高级中学2024至2025学年高一下期期末测试语文试题,4,1
河南省信阳高级中学高一上,4,1
河南省信阳高级中学高一上期末,32,1
河南省八年级下册数学试卷开封,3,1
河南省八年级下册数学试卷新乡,1,1
河南省八年级下册期末物理,2,1
河南省八年级下册期末英语,3,1
河南省南阳市,12,1
河南省南阳市2024-2025年下学期七年级期中考试历史试题,1,1
河南省南阳市2024-2025年下学期七年级期中考试英语试题,3,1
河南省南阳市2024九师联盟高二上数学期中试卷,6,1
河南省南阳市2024高二上数学期中试卷,1,1
河南省南阳市2025‑2026学年下学期高二期终质量评估语文试题,2,1
河南省南阳市2025九师联盟高二上数学期中试卷,2,1
河南省南阳市2026年春期高一下学期期末考试,3,1
河南省南阳市2026年春期高一下学期期终考试,4,1
河南省南阳市2026年春期高一期末考试,5,1
河南省南阳市五中开学考语数英,1,1
河南省南阳市内乡县2024-2025年下学期七年级期中考试英语试题,4,1
河南省南阳市唐河县2025一2026学年八年级上学期11月期中数学试题,4,1
河南省南阳市方城县九年级上册数学卷子第一次月考,1,1
河南省南阳市期末考试,11,1
河南省南阳市淅川县七年级生物试卷,2,1
河南省南阳市淅川县，七年级数学试卷,3,1
河南省南阳市社旗县第一高级中学,8,1
河南省南阳市第一中学校高一,5,1
河南省南阳市西峡县九上数学月考,1,1
河南省南阳市西峡县九上数学期末,6,1
河南省南阳市西峡县九上物理,1,1
河南省南阳市西峡县九上物理月考,4,1
河南省南阳市西峡县九上物理期中,10,1
河南省南阳市镇平县2024-2025年下学期七年级期中考试历史试题,5,1
河南省南阳市镇平县2024-2025年下学期七年级期中考试地理试题,1,1
河南省南阳市镇平县2025-2026年下学期七年级期中考试地历史试题,4,1
河南省南阳市镇平县2025-2026年下学期七年级期中考试地历地理试题,1,1
河南省南阳市镇平县2025-2026年下学期七年级期中考试地理试题,1,1
河南省南阳市镇平县2025-2026年下学期七年级期中考试数学试题,3,1
河南省南阳市镇平县2025-2026年下学期七年级期中考试生物试题,2,1
河南省南阳市镇平县2025-2026年下学期七年级第三学月月考试数学试题,2,1
河南省南阳市镇平县2025-2026年下学期七年级第三学月月考试英语试题,2,1
河南省南阳市镇平县2025-2026年下学期七年级第三学月月考试英道德与法治试5月题,3,1
河南省南阳市镇平县2025-2026年下学期七年级第三学月月考试英道德与法治试题,6,1
河南省南阳市镇平县2025-2026年下学期七年级第二学期第二次月考试历史试题5月题,2,1
河南省南阳市镇平县2025-2026年下学期七年级第二学期第二次月考试地理试题5月题,5,1
河南省南阳市镇平县2025-2026年下学期七年级第二学期第二次月考试道德与法治试5月题,2,1
河南省南阳市镇平县2025-2026年下学期七年级第二次月考试数学试题,1,1
河南省南阳市镇平县2025-2026年下学期七年级第二次月考试语文试题,2,1
河南省南阳市镇平县2025-2026年下学期八年级学业质量监测期中考试物理试题,2,1
河南省南阳市镇平县2025-2026年下学期八年级期中考试物理试题,1,1
河南省南阳市镇平县2025-2026年下学期八年级第二学期第三学月考试物理试题5月题,2,1
河南省南阳市镇平县2025-2026年下学期八年级第二学期第二次月考试物理试题5月题,3,1
河南省南阳市镇平县2026年春七年级期中考试数学试题,1,1
河南省南阳市镇平县2026年春九年级一模考试历史试题,1,1
河南省南阳市高一年级上册期中考试,5,1
河南省周口,32,1
河南省周口市19 中八年级上册第一次月考,5,1
河南省周口市商水县,4,1
河南省周口市小升初联盟真题卷,8,1
河南省周口市项城市小升级真题卷,16,1
河南省周口市高一上学期化学试卷,2,1
河南省周口市高一上学期鹿邑县化学试卷,2,1
河南省周口市鹿邑县高一上学月考试题,1,1
河南省周口市鹿邑县高一上学期试题,4,1
河南省周口市鹿邑县高一试题,7,1
河南省商丘市城乡一体化示范区,4,1
河南省商丘市永城市名校联考期中物理9年级上册,3,1
河南省商丘市永城市实验中学期中物理9年级上册,2,1
河南省商丘市示范区,8,1
河南省商丘市联盟,5,1
河南省安阳市文峰区,2,1
河南省安阳市滑县,2,1
河南省安阳市滑县道口镇火车站初级中学,4,1
河南省安阳市第八中学2023-2024学年七年级上学期第一次月考测试试卷,21,1
河南省实验中学2025~2026学年上期第一次月考高一数学,1,1
河南省实验中学高一开学考分班考试,2,1
河南省实验中学高一领军班,1,1
河南省实验九年级开学,4,1
河南省实验开学,1,1
河南省小升初分班考,1,1
河南省平顶山市宝丰县,6,1
河南省平顶山市宝丰县第一高级中学,1,1
河南省平顶山市郏县数学期末试卷,4,1
河南省开封市 新世纪,3,1
河南省开封市十四中,6,1
河南省开封市尉氏县,13,1
河南省开封市第十三中学2024-2025七年级小升初,1,1
河南省开封市第十三中学2024-2025学年七年级上学期,4,1
河南省开封市第十三中学2024-2025学年七年级小升初,2,1
河南省必修一上学期期末数学卷,2,1
河南省政治必修四，高考领航高中同步核心辅导与测评,4,1
河南省新乡市,9,1
河南省新乡市。嗯，小升初的试卷,3,1
河南省新密市2025一2026八下数学统考试卷,1,1
河南省洛阳市西苑中学七年级2025分班考,1,1
河南省洛阳市西苑中学七年级分班考,1,1
河南省洛阳市西苑中学小升初分班考,1,1
河南省洛阳市高一数学期末试卷,2,1
河南省洛阳市高一物理期末试卷,3,1
河南省济源市济水街道2024到二2025年初中开学考卷纸,1,1
河南省漯河市召陵区裴王小学,3,1
河南省漯河市召陵区青年一中九年级上册真题卷,9,1
河南省漯河市召陵区青年中学,22,1
河南省濮阳市2025一2026学年高一下学期期末考,9,1
河南省濮阳市期末考试卷子卷子和,16,1
河南省濮阳市高一数学试卷。,1,1
河南省濮阳市高二期末考试,13,1
河南省焦作市人教版小升初分班考,2,1
河南省生物高考试卷2026,4,1
河南省禹州市第四高级中学等校2025‑2026学年高三下学期仿真模拟(三),3,1
河南省第八共同体,2,1
河南省联考2025-2026学年高一下学期3月阶段检测,2,1
河南省许昌市202 6年语文期末下第二学期检测八年,1,1
河南省许昌市2025年,7,1
河南省许昌市2025年语文,4,1
河南省许昌市2025年语文期末下第二学期检测,1,1
河南省许昌市2025年语文期末下第二学期检测八年,1,1
河南省许昌市魏都区2025年,8,1
河南省豫北名校2025-2026高二上学期检测英语,4,1
河南省邓州市2026年七年级下册语文期末考试卷,1,1
河南省郑州实验外国语中学,3,1
河南省郑州室2025一2026八下数学统考试卷,3,1
河南省郑州市2025-2026高一下学期,1,1
河南省郑州市2026年高中毕业年级,1,1
河南省郑州市2026年高中毕业年级第一次质量预测,1,1
河南省郑州市2026年高中毕业生年级第二次质量检测数学试卷,1,1
河南省郑州市七中,1,1
河南省郑州市七中学,1,1
河南省郑州市七中高级中学,6,1
河南省郑州市四十七中,12,1
河南省郑州市实验中学,12,1
河南省郑州市期末,5,1
河南省郑州市第十八中学高二数学,5,1
河南省郑州市郑州外国语学校,1,1
河南省郑州市金水区文化路第三小学期中考试,5,1
河南省部分名校202届高三上学期第一次联考物理试卷,3,1
河南省镇平一高,3,1
河南省镇平县九上数学卷子第一次月考2025,1,1
河南省镇平县九上物理卷子第一次月考2025,3,1
河南省陕州区,3,1
河南省驻马店市正阳县2024-2025学年六年级下学期期末科学试卷》,3,1
河南省驻马店市汝南县2025至2026期中考试卷八年级,1,1
河南省驻马店市汝南县2025至2026期末考试卷七年级,1,1
河南省驻马店西平县2026六年级卷子数学,1,1
河南省高一上学期化学试卷,3,1
河南省高一化学试卷,1,1
河南省高三上学期百校联盟,1,1
河南省高三开学检测,4,1
河南英语中考,2,1
河南许昌2026高一期末试卷答案,3,1
河南许昌高一第二学期,1,1
河南许洛平济（许昌、洛阳、平顶山、济源）四市2025~2026学年高三5月质量检测联考语文试卷,2,1
河南语文模考卷,1,1
河南语文模考卷商丘,5,1
河南语文模考卷商丘2025,4,1
河南郑州一测,5,1
河南郑州分班考高一,1,1
河南郑州初中拔高题,5,1
河南郑州回民六中新初一小升初,6,1
河南郑州外国语学校,6,1
河南郑州外国语学校高二下学期五月月考化学试卷,2,1
河南郑州市外国语学校2025至2026学年高一下学期五六期中语文,1,1
河南郑州新初一小升初,3,1
河南郑州新高一分班考,1,1
河南郑州物理高一下期末考试,1,1
河南郑州高一,1,1
河南郑州高三一模,1,1
河南镇平一高,4,1
河南陕州区三年级,8,1
河南青铜鸣高三4.28,1,1
河南青铜鸣高三上期末,9,1
河南高 考 2026高考真题,1,1
河南高一上学期期中,10,1
河南高一下学期学考,1,1
河南高一化学期末考试,12,1
河南高一数学期末考试,8,1
河南高一物理期末考试,21,1
河南高三,4,1
河南高三暑假开学考,21,1
河南高考卷2025,1,1
河南高考历史,3,1
河南高考物理,3,1
河南高考真题,4,1
河南高高一方城县第五高级中学,1,1
河南鹤壁,9,1
河南鹤壁期末,2,1
河口区2026数学期末试卷,1,1
河师大附中,11,1
河池市2026年春季学期高二期末学业水平质量检测,1,1
河田中学,9,1
河西,5,1
河西一模,11,1
河西区2026结课考,2,1
河西区期末,5,1
河西区高一期末数学,1,1
河西区高二上期中,1,1
河阳中学,3,1
油田第一中学,1,1
油田第三中学,1,1
油田第三中学高高二第一次月考,3,1
油田第三中学高高二第一次月考物理,1,1
油田第二中学,2,1
油田第十二中学,3,1
沿河第二高级中学,2,1
泉 州五中,1,1
泉州 2 026 5月质检,1,1
泉州 2 026 8月质检,5,1
泉州 2025高二下学期期末试卷数学,1,1
泉州 2026一模日语,9,1
泉州2025 2026年高三质量,2,1
泉州2025-2026年高三质量,21,1
泉州2025-2026高二上期末物理,4,1
泉州2025-2026高二下期末物理,1,1
泉州2025一检,1,1
泉州2025一检高三,1,1
泉州2025一检高三数学,5,1
泉州24年高一下期末物理,2,1
泉州25一检数学,7,1
泉州25年高一下期末物理,3,1
泉州一中高二期末历史,3,1
泉州一中高二期末历史试题,1,1
泉州一检物理,7,1
泉州丰泽区,1,1
泉州丰泽区初二,8,1
泉州丰泽区初二期中,1,1
泉州丰泽区数学八上,1,1
泉州九中数学八上,1,1
泉州九中月考数学八上,1,1
泉州九月一检,1,1
泉州九月一检政治,1,1
泉州五中2024~2025学年下学期初一年期末考试英语试卷,6,1
泉州五中2025-2026unit1,1,1
泉州五中2025-2026高一上,1,1
泉州五中2025-2026高一上英语,11,1
泉州五中2027届高一英语,9,1
泉州五中2027届高一英语开学考,1,1
泉州五中unit1,5,1
泉州五中七年级上册期末考试卷,4,1
泉州五中初三上物理期中卷子25年,1,1
泉州五中初三上物理期中考试卷答案,1,1
泉州五中数学八年级上册期末考,3,1
泉州五中物理,2,1
泉州五中物理八年级,5,1
泉州五中物理八年级上册期末卷,6,1
泉州五中语文试卷,1,1
泉州五中高一上数学,2,1
泉州五中高一期末英语,3,1
泉州五中高三开门考,3,1
泉州八上物理期中考,2,1
泉州八上物理期末考,3,1
泉州六中 2025年到2026学年 下学期八年级英语科期末测试,7,1
泉州凌霄中学,2,1
泉州初二上册10月考试英语,1,1
泉州十一中分班考试卷2025,2,1
泉州南安,3,1
泉州城东中学入学考,2,1
泉州实,1,1
泉州实验中,2,1
泉州实验中学2026,8,1
泉州实验中学初三上物理期中考试卷答案,3,1
泉州实验中学数学八年级上册期末考,2,1
泉州实验中学物理八年级,1,1
泉州小升初分班考真题卷,7,1
泉州州24~25年数学期末,8,1
泉州市,2,1
泉州市2024 2025学年高一期末,2,1
泉州市2024届高中毕业班质量监测（一）,1,1
泉州市2024届高中毕业班质量监测（一）高三化学,5,1
泉州市2024界高中毕业班质量检测（一）高三物理）,2,1
泉州市2025届一检,1,1
泉州市2026届高中毕业班模拟考试二,8,1
泉州市2026届高中毕业班质量检测一日语,12,1
泉州市25-26年物理期中考卷,2,1
泉州市一中分班考试卷2025,1,1
泉州市外研版五下英语期末台商区,3,1
泉州市惠安县初二期末物理,3,1
泉州市泉港区,1,1
泉州市泉港区七年级,2,1
泉州市泉港区八年级上学期,1,1
泉州市福建省分班考小升初试卷,2,1
泉州市福建省分班考小升初试卷英语,5,1
泉州市质检,41,1
泉州市高三一检,2,1
泉州市高三市统考,4,1
泉州市高中毕业班质量监测,1,1
泉州晋江一中,6,1
泉州石狮,21,1
泉州科技中学,1,1
泉州第一中学,4,1
泉州第七中学,4,1
泉州第五中学,1,1
泉州第五中学物理八年级,1,1
泉州第五五中语文试卷,1,1
泉州英语分班考试卷,3,1
泉州高一下期末物理,2,1
泉州高一数学,1,1
泉州高一数学上学期,1,1
泉州高一数学上学期a卷,6,1
泉州高中入学考试卷,3,1
泉港二中,6,1
泌园春雪,1,1
泌阳县,3,1
泌阳县九年级,2,1
泌阳县八上月考,7,1
泓远教育,1,1
法库县四年级上册语文期末考试试题,6,1
法考,5,1
泗县2019一2020学年度第一学期一年级数学试卷,6,1
泗县一上数学期末试卷,1,1
泗县一中,3,1
泗县三中,3,1
泗县中学,6,1
泗县六下数学期末试卷,1,1
泗县数学,3,1
泗汾中学期中,11,1
泗洪县八上数学,4,1
泗洪县语文八年级上学期,5,1
泗洪县语文月考,1,1
泗阳县高一期末地理试卷,7,1
泗阳县高二期中数学试卷,3,1
泗阳高一数学,5,1
泗阳高二上学期月考数学,6,1
泗阳高考模拟,2,1
泡桐树中学1月月考,3,1
泡桐树中学1月月考物理,2,1
波形图,1,1
波的干涉,3,1
波的衍射,2,1
波粒二象性,3,1
泰兴市实验初中教育集团初三化学阶段试题,6,1
泰兴市实验初中教育集团初三阶段试题,10,1
泰兴市第一高级中学,2,1
泰兴市高一期末物理上学期,1,1
泰兴市高一物理上学期,4,1
泰兴市高一英语上学期,1,1
泰兴物理,14,1
泰兴物理十月,2,1
泰勒,1,1
泰勒公式,1,1
泰勒公式 麦克劳林公式比大小,1,1
泰勒展开式微专题,6,1
泰安 中考2026,6,1
泰安2025高一下期末,1,1
泰安2025高一下期末英语,4,1
泰安2025高三一模数学,4,1
泰安2025高三上学期期中,2,1
泰安2026高一下期末,1,1
泰安2026高一下期末历史,3,1
泰安2026高一数学,1,1
泰安2026高一期末化学,5,1
泰安2026高一期末英语,2,1
泰安2026高二期末,1,1
泰安一中,7,1
泰安一中新校区高三上开学考,2,1
泰安一中新校区高二,1,1
泰安一中新校区高二上学期,4,1
泰安一中期末,8,1
泰安七上数学期中,7,1
泰安七年级上册数学期中,8,1
泰安七年级上册数学期末,4,1
泰安八上数学期中,3,1
泰安八下数学期末,2,1
泰安市,13,1
泰安市2025 2026高一下学期期末化学,3,1
泰安市2025—2026七年级上册数学期期中考试,4,1
泰安市2025高三期末,9,1
泰安市2026中考,1,1
泰安市七下期末数学,3,1
泰安市中考数学,3,1
泰安市九年级数学上册期中,1,1
泰安市宁阳县六年级上册数学,3,1
泰安市泰山2025到2026语文期中考试真题,1,1
泰安市泰山区 六年级下学期数学计算题 鲁教版五四制,1,1
泰安市泰山区英语中考题2023,1,1
泰安市第六中学,7,1
泰安市肥城市六中第一次阶段考试,10,1
泰安市高一上学期期末考试物理试卷,17,1
泰安市高三上学期期中2025,3,1
泰安市高三期中,1,1
泰安市高三期中物理,2,1
泰安市高二上学期期中地理,14,1
泰安市高二下学期期末考试数学试题,4,1
泰安市高二下期末考试英语,2,1
泰安市高二期末语文,1,1
泰安开学考,1,1
泰安数学,1,1
泰安数学六下,1,1
泰安数学六下期末,5,1
泰安新泰开学考高三,1,1
泰安期中,42,1
泰安英语2022,10,1
泰安高一下学期期末化学,3,1
泰安高一下学期期末生物,1,1
泰安高三上9 10月考物理,2,1
泰安高三上月考物理,4,1
泰安高二,5,1
泰安高二上期末统考,24,1
泰安高二下学期期中数学,1,1
泰安高二下学期期末生物,3,1
泰山区,18,1
泰山区2026期末六下数学,7,1
泰山区2026期末六年级历史考试,1,1
泰山区七年级上册数学期中,7,1
泰山区六年级下册2026年数学期末,1,1
泰山学院附属中学,12,1
泰州七年级上分班考,1,1
泰州中学徐丰一中六校,6,1
泰州中学附属初级中学,6,1
泰州中考数学,1,1
泰州初中分班考,2,1
泰州实验中学,7,1
泰州市二年级下数学,14,1
泰州市兴化市2024~2025年，去年新初一上册道法第二次月考卷子。,1,1
泰州市姜堰区,1,1
泰州市姜堰区2023-2024英语七上,1,1
泰州市姜堰区2023-2024英语七上期末,1,1
泰州市姜堰区八年级上册期中数学,12,1
泰州市姜堰区必修一数学,3,1
泰州市姜堰区第四中学八年级上册期中数学,2,1
泰州市泰州中学2025年高一上10月月考,2,1
泰州市省泰中附属初级中学,1,1
泰州市高一,6,1
泰州市高一下学期,7,1
泰州市高一政治,12,1
泰州泰兴市,6,1
泰州省泰中附属初中,1,1
泰州省泰中附属初中分班考,1,1
泰州省附入学考试初一分班,5,1
泰州高三期初数学,1,1
泸州2024高二上学期期末统考化学,4,1
泸州2024高二下学期期末统考化学,5,1
泸州一诊数学,3,1
泸州三校,8,1
泸州中考数学,1,1
泸州叙县2025年5上语数英期末测评试卷,1,1
泸州天立,1,1
泸州市2025 2026年高一下学期期末考试物理试卷,3,1
泸州市2025 2026年高一下学期期末考试试卷,1,1
泸州市2026中考,3,1
泸州市2026年义务教育学情调研卷八年级下,5,1
泸州市叙永县第三中学校高一2026年期末卷,8,1
泸州市第一次教学质量诊断性考试,45,1
泸州数学选修一,2,1
泸州数学选修一a版练习,1,1
泸州数学选修一试卷,4,1
泸州数学选修一高二上,3,1
泸州数学选择性必修一,1,1
泸州高2025级期末,15,1
泸州高一数学,1,1
泸州高三一诊考试,9,1
泸州高三三诊考试,1,1
泸州高三二诊考试,4,1
泸溪一中,3,1
洋务运动和边疆危机默写纸,4,1
洋县城南5年级期末考试,3,1
洋泾中学,2,1
洛伦兹力大题,2,1
洛宁县,5,1
洛必达法则和端点效应,13,1
洛阳2026高二下学期期末考试,3,1
洛阳2026高二下学期期末考试数学,1,1
洛阳七年级，英语,1,1
洛阳市,12,1
洛阳市2024至2025学年高一质量检测历史试卷,3,1
洛阳市东升第二初级中学 新初一分班考试,2,1
洛阳市地矿双语小升初分班考试卷,4,1
洛阳市洛龙区2024 2025英语,1,1
洛阳市涧西区2024 2025第一学期期中检测六年级,1,1
洛阳市涧西区东升二小四年级下册英语质量评估卷,5,1
洛阳市高一英语,3,1
洛阳市高二语文期末,3,1
洛阳强基联盟高一6月检测,7,1
洛阳强基联盟高二一月检测英语,3,1
洛阳强基联盟高二音乐检测英,1,1
洛阳期末,9,1
洛阳高二上期末物理,1,1
洛阳高二下期末物理,1,1
洞口县摸底考,4,1
洞口县第三中学,8,1
洞口县第三中学 摸底考,2,1
洞口县第三中学摸底考,1,1
洞山中学,6,1
洞山中学九年级上第一次月考试卷,1,1
洞山中学九年级上第一次月考试卷数学,7,1
洞山中学九年级上第一次月考试卷物理,7,1
洪山,2,1
洪山区，和平中学,3,1
洪山高中,1,1
洪山高中高二上英语,1,1
洪江市黔阳一中,1,1
洪江市黔阳一中入学考试,1,1
洪泽区,9,1
洪泽区期末,29,1
洪湖一中高2上期中,1,1
洪湖联考高2上期中,1,1
洪都中学,6,1
洮北区,4,1
洲心中学,2,1
活页检测九年级物理,1,1
流水行船,12,1
流程图,3,1
流程问题,3,1
浉河中学,1,1
浉河中学物理初三试卷,1,1
测与练,1,1
测电阻,6,1
测电阻11种题型,2,1
测电阻高中,7,1
测试卷,6,1
测量 浙教,2,1
测量电源电动势和内阻,1,1
济南 0 202 6 高三一模,2,1
济南 一模 2026,3,1
济南 一模 2026数学,8,1
济南2024八年级下学期数学,1,1
济南2025九年级学业水平考试,8,1
济南2026,1,1
济南2026九年级学业水平考试,2,1
济南2026模拟考试,15,1
济南2026高一期末,4,1
济南25秋期末考试,1,1
济南一中,1,1
济南一摸,1,1
济南七年级上册数学期末,3,1
济南七年级上开学英语,2,1
济南七年级下册数学期末,2,1
济南七年级开学,1,1
济南七年级开学英语,2,1
济南三十四中第1次月考九上物理,1,1
济南三模,1,1
济南中考数学,3,1
济南中考真题,3,1
济南中考语文卷,2,1
济南二模,6,1
济南八上历下区数学期末,3,1
济南八上历下区物理期末,5,1
济南八上物理期中,5,1
济南八年级下学期数学,1,1
济南初一山东省下册期末考试,1,1
济南初二,6,1
济南十八中初二月考,5,1
济南历下八上物理期中,1,1
济南历下区一模中考数学,1,1
济南历下去数学八上期中,7,1
济南历城二中2025推荐生试题化学,5,1
济南历城区八上物理,13,1
济南外国语,6,1
济南外国语保送考试,1,1
济南小升初英语,1,1
济南市2024-2025学年高三摸底考试英语,1,1
济南市2024∽2025学年度第二学期期末高一化学,3,1
济南市2025 2026学年高三年级摸底考试,5,1
济南市2025 2026学年高三年级摸底考试 英语,1,1
济南市2025 2026高一下学期期末,1,1
济南市2025 2026高二上学期期末物理,1,1
济南市20252026学年高中三年级摸底考试,3,1
济南市2025到2026高一开学考,3,1
济南市2025年高一开学考,3,1
济南市2025语文第三次模拟考试,8,1
济南市2025高三上学期开学,5,1
济南市2025高三开学,1,1
济南市2025高三第一次模拟考试,4,1
济南市2026届高三第一次模拟考试英语试卷,6,1
济南市2026届高三第一次模拟考试语文,4,1
济南市2026年英语中考题,1,1
济南市七年级下册语文期末考试卷,25,1
济南市七年级下学期期末英语考试卷,7,1
济南市七年级下学期期末语文考试卷,1,1
济南市中区2026英语一模,1,1
济南市八年级上,1,1
济南市八年级上册物理期中测试卷,4,1
济南市八年级上数学期中,9,1
济南市八年级上物理期中,12,1
济南市八年级上英语,1,1
济南市八年级上英语期中,1,1
济南市八年级上英语期中历城,6,1
济南市化学鲁教版9年级上。,3,1
济南市历下区2025 2026学年七年级下学期期末试题,2,1
济南市历下区2026八年级第一学期期末数学试题,1,1
济南市商河县新航实验学校八年级数学试卷,6,1
济南市商河县新航实验学校八年级物理数学试卷,19,1
济南市天桥区,1,1
济南市天桥区2025-2026,1,1
济南市天桥区2025-2026学年八年级下,1,1
济南市天桥区2025-2026学年八年级下学期英语,4,1
济南市市中区2026八年级期末考试数学试卷,8,1
济南市市中区小升初真题,3,1
济南市新高一开学考,2,1
济南市期末,1,1
济南市育英中学九年级开学测,1,1
济南市英语中考题,1,1
济南市莱芜第二中学2025‑2026学年第二学期【期末】高二英语试题,4,1
济南市起步区，期中,9,1
济南市高2，上学期期中考试，英语试卷,8,1
济南市高一上册月考,1,1
济南市高一上册期中考试试卷物理,2,1
济南市高一上册期末考试试卷物理,3,1
济南市高一下学期英语期末考试2026试卷真题,4,1
济南市高三摸底,17,1
济南市高二上学期期末,4,1
济南市高二期末,3,1
济南市高考一轮学情考试卷,1,1
济南振声附高选拔物理,3,1
济南旅游学校,3,1
济南期末,1,1
济南模考,10,1
济南海川中学,5,1
济南物理2025九上期中,1,1
济南物理第1次月考,3,1
济南物理第1次月考九上,3,1
济南物理第1次月考九上华山中学,1,1
济南生物山东省实验,3,1
济南生物高三,1,1
济南生物高二,1,1
济南生物高二期末,1,1
济南第一中学,2,1
济南英语,1,1
济南英语期末,3,1
济南西城实验,5,1
济南西城实验高二上学期,1,1
济南西城实验高二上学期期中考试,1,1
济南西城实验高二上学期期中考试数学,1,1
济南西城实验高二期中考试,1,1
济南语文,1,1
济南高一,2,1
济南高一25秋期末考试,1,1
济南高一上化学期中考试,1,1
济南高一期末,5,1
济南高一期末英语23,1,1
济南高三上开学考数学,4,1
济南高三考前针对性训练,3,1
济南高中三年级摸底考试,32,1
济南高二,1,1
济南高二上学期,2,1
济南高二上学期期末数学,5,1
济南高二下期末考试英语,2,1
济南高二开学考,3,1
济南高二数学,1,1
济南高二数学上学期,7,1
济南高二期末,1,1
济南高二期末英语,3,1
济南高二英语期末,2,1
济南高新区实验中学,2,1
济宁 0 2026高三 三模,16,1
济宁202 5中考真题化学,1,1
济宁2026,1,1
济宁2026中考真题英语,3,1
济宁2026中考语文,1,1
济宁2026开学考,2,1
济宁2026高一期末数学,2,1
济宁2026高二期末数学,9,1
济宁一中月考,7,1
济宁一中期中,1,1
济宁一中高二1月,5,1
济宁中考,1,1
济宁中考试卷山东,3,1
济宁中考试卷山东2026,1,1
济宁九年级数学上册期中,1,1
济宁二模数学,1,1
济宁八年级下数学,2,1
济宁八年级下语文,2,1
济宁六年级上册数学期中,1,1
济宁嘉祥月考,1,1
济宁地理,1,1
济宁地理结业,1,1
济宁学院附属中学,4,1
济宁学院附属中学一模,1,1
济宁学院附属中学九年级月考,6,1
济宁学院附属中学九年级期末物理,5,1
济宁学院附属中学模考,1,1
济宁学院附属中学语文,2,1
济宁市026金乡县,6,1
济宁市中考数学,1,1
济宁市中考物理试卷,3,1
济宁市任城区六年级上册数学期中,3,1
济宁市初中学业水平考试地理真题,1,1
济宁市汶上县中考化学真题二模,4,1
济宁市泗水县八年级地理,1,1
济宁市第十五中学,2,1
济宁市育才中学,1,1
济宁市育才中学2025‑2026高一上10月月考化学人教版2019,2,1
济宁市育才中学2025‑2026高一上10月月考物理人教版2019,12,1
济宁市邹城市,3,1
济宁市邹城市期中,45,1
济宁市附属中学红星校区2024小升初英语卷卷,1,1
济宁市高二上学期期中数学卷子,5,1
济宁市高二期末,8,1
济宁市高新区实验学校2026年期中考试英语试卷,3,1
济宁开学考,1,1
济宁新英才职业高中试卷,1,1
济宁月考物理,1,1
济宁育才高三上开学考,5,1
济宁阅卷报告,10,1
济宁附属中学入学考试,4,1
济宁高三月考,1,1
济宁高三期中,10,1
济宁高三期中化学,2,1
济宁高二下期中数学,5,1
济宁高二下期末数学,8,1
济源一中,1,1
济源市沁园中学八上数学期中真题,4,1
济钢,3,1
济钢高三开学考,1,1
济钢高中2025年开学考试,3,1
浏阳一中高一,3,1
浏阳市,9,1
浏阳市八下数学,1,1
浑南化学,5,1
浑南化学月考,2,1
浓度问题,3,1
浓液配比,7,1
浙东北联盟,5,1
浙北湖州市2026八年级学业水平监测数学期末试卷,3,1
浙北湖州市2026八年级学业水平监测科学期末试卷,2,1
浙北联盟高一,4,1
浙北联盟高一期中考试数学,12,1
浙北高一上月考,17,1
浙南地区高三11月化学2025,1,1
浙南地区高三期末化学模拟,1,1
浙南联盟,1,1
浙南联盟开学考试高二上,1,1
浙南联盟高二上学期返校,33,1
浙南联盟高二开学考,6,1
浙教化学反应中质量关系,1,1
浙教大气压强,6,1
浙教版七年级上册数学第五单元,3,1
浙教版全等三角形八上,3,1
浙教版八上数学,1,1
浙教版八上数学作业本① 3.3一元一次不等式第2课时 空白原题,2,1
浙教版八上数学第一章,6,1
浙教版八上数学飞镖模型,1,1
浙教版初中必刷题,3,1
浙教版初中必刷题教辅,1,1
浙教版科学教科书,1,1
浙教电磁感应,3,1
浙教电磁感应九年级,1,1
浙江 1 2026高考真题,1,1
浙江 1月 2025高考,7,1
浙江 1月 2026高考,1,1
浙江 中考,1,1
浙江 中考 2025 数学,2,1
浙江2024年普通高等学校招生全国统一考试,1,1
浙江2025中孝,1,1
浙江2025中考,1,1
浙江2026届高三4月模拟考试语文试题,30,1
浙江2026年中考物理真题,3,1
浙江2026年中考科学,3,1
浙江2026语文七年级下册期末质检,14,1
浙江6月选考政治,1,1
浙江7年级科学下第二单元,7,1
浙江A9协作体。,18,1
浙江G12名校,4,1
浙江G12名校26届高三9月化学,2,1
浙江G12名校26届高三9月物理,1,1
浙江G12名校26届高三9月英语,1,1
浙江S9联盟,3,1
浙江T20,1,1
浙江Z20名校联考,6,1
浙江Z20第一次考试,34,1
浙江Z20高中联盟英语必修一全册+必修二第一单元,1,1
浙江z10,1,1
浙江z20,1,1
浙江z20英语,1,1
浙江一模物理,4,1
浙江一轮物理,1,1
浙江一轮物理周测卷,1,1
浙江七上期中,5,1
浙江七上期中温州,1,1
浙江七下期末,4,1
浙江七年级上册真题试卷,3,1
浙江七年级上册试卷,1,1
浙江七年级上册语文真题作文,1,1
浙江七年级数学试卷,3,1
浙江七年级语文真题作文,2,1
浙江七彩,1,1
浙江七彩阳光联盟,9,1
浙江七校联盟联盟高三联考英语试卷语,12,1
浙江中考2026分,2,1
浙江中考2026科学,1,1
浙江中考卷,22,1
浙江中考数学,4,1
浙江中考数学试卷,2,1
浙江中考模考,1,1
浙江中考社会,4,1
浙江中考英语试卷,4,1
浙江中考语文,3,1
浙江临平,8,1
浙江临平九年级,5,1
浙江义乌,10,1
浙江九上期末语文,1,1
浙江九年级上学期阶段检测,2,1
浙江九年级下学期期中,12,1
浙江九年级期初,1,1
浙江九年级期初独立作业,6,1
浙江九校,13,1
浙江二次函数,3,1
浙江五年级下学期阶段检测,2,1
浙江五月高一强基联考,1,1
浙江五月高一强基联考英语,3,1
浙江余姚,8,1
浙江余杭,6,1
浙江信息技术,2,1
浙江八上宁波科学期末卷,7,1
浙江八上科学期末卷,4,1
浙江八年级下学期期末,1,1
浙江八年级数学试卷,8,1
浙江八年级科学试卷,7,1
浙江六年级上学期期中,4,1
浙江六年级数学分数乘法易错题试卷,1,1
浙江六校联盟,5,1
浙江分班考,1,1
浙江化学一轮复习分专题练,1,1
浙江北斗星盟2025 2026高二下学期4月英语文,1,1
浙江北斗星盟2025 2026高二下学期5月语文,1,1
浙江北斗星盟高三4月联考英语,4,1
浙江北斗星盟高三联考英语,1,1
浙江单元练习,5,1
浙江单元练习卷,10,1
浙江县域联盟,1,1
浙江台州市椒江区初二提前批真卷,3,1
浙江名校20252026英语,4,1
浙江名校协作体开学考26届,20,1
浙江名校联盟,9,1
浙江嘉兴5年级下册,56,1
浙江嘉兴分班考 初一,2,1
浙江嘉兴市2025-2026学年下学期期末统考七年级社会试卷,6,1
浙江嘉兴市2025-2026学年第二学期期末检测,2,1
浙江嘉兴市2025-2026学年第二学期期末检测 高二技术试题,19,1
浙江嘉兴市小升初考试,5,1
浙江嘉兴高中英语,6,1
浙江四年级数学上册大数认识,5,1
浙江圆的基本性质,2,1
浙江外国语学院附属镇雄,9,1
浙江外研版七上语法综合训练练习,6,1
浙江外研版七下语法综合训练练习,12,1
浙江大学强基,1,1
浙江大学！,1,1
浙江学军中学,58,1
浙江学考2026,1,1
浙江宁波,5,1
浙江宁波市九校2025 2026学年高二下学期6月期末语文试题,1,1
浙江宁波市九校2025-2026学年高二下学期6月期末语文试题,3,1
浙江小升初七年级分班考科学试卷,2,1
浙江小升初分班考,1,1
浙江小升初考试,1,1
浙江小学四年级数学第一单元测试卷,4,1
浙江师范大学附属中学,2,1
浙江强基2025强基联盟,1,1
浙江强基联盟 4月,3,1
浙江强基联盟2025年10月化学高三联考,5,1
浙江强基联盟2025年10月数学高三联考,10,1
浙江强基联盟2025年10月物理高三联考,8,1
浙江强基联盟2025年10月高三联考技术,1,1
浙江强基联盟2025年10月高三联考日语,1,1
浙江强基联盟2025年3月高三联考,10,1
浙江强基联盟2025年5月高三联考,8,1
浙江强基联盟20263月高三联考,2,1
浙江强基联盟2026年5月高三联考,1,1
浙江政治高考,1,1
浙江数学,1,1
浙江数学中考,2,1
浙江数学初中中考卷,4,1
浙江新中考,1,1
浙江新中考语文字词,4,1
浙江新昌市,3,1
浙江新阵地,1,1
浙江新阵地英语,4,1
浙江新高一分班考数学,5,1
浙江新高考联盟高二上联考物理,1,1
浙江杭州,1,1
浙江杭州2023滨江区,1,1
浙江杭州二中初中,1,1
浙江杭州余杭,5,1
浙江杭州余杭区2026年高二6月期末日语,7,1
浙江杭州六校英语学科试题库,1,1
浙江杭州市2025-2026学年第二学 期高二年级期末教学质量检测英语试题,1,1
浙江杭州市2025-2026学年第二学 期高二年级期末教学质量检测英语试题（解...,1,1
浙江杭州市2025-2026学年第二学期杭州S9联盟 期中联考高一年级英语学科试题,1,1
浙江杭州市2025-2026学年第二学期杭州S9联盟期中联考高一年级英语学科试题,2,1
浙江杭州滨江区,6,1
浙江杭州第二中学,5,1
浙江杭州第二中学，2025到2026学年第二学期，高三热身考试,1,1
浙江桐乡小升初数学2025分班考,4,1
浙江模拟预测2027,1,1
浙江模拟预测2027届,1,1
浙江江苏语文中考模拟阅读试题,7,1
浙江浮力,1,1
浙江浮力基础,3,1
浙江海量分班考试卷,9,1
浙江温州,4,1
浙江温州市十校联盟2025‑2026学年高一下学期6月期末考试 化学试题,4,1
浙江温州市十校联盟2025到2026,1,1
浙江温州市新力量2026高二期末日语,1,1
浙江温州新力量,1,1
浙江温州新力量日语,1,1
浙江温州新力量联盟高三,1,1
浙江温州新力量联盟高三上学期开学考,2,1
浙江温州新力量联盟高三开学考,1,1
浙江温州期中,11,1
浙江物理2026高考,1,1
浙江物理专题,2,1
浙江物理力学基础知识总复习,1,1
浙江生物高三,14,1
浙江生物高三实验题,2,1
浙江生物高三胚胎工程,3,1
浙江省 026届 1月真题,1,1
浙江省 2026 年中考统考语文试题,1,1
浙江省 高一开学考,8,1
浙江省2025学年第二学期杭州S9联盟期中联考高二年级英语学科试题,5,1
浙江省2025学年第二学期杭州市高二年级教学质量检测数学试题卷,21,1
浙江省2026Z20联考卷化学,3,1
浙江省2026年中考,1,1
浙江省2026联盟卷,1,1
浙江省2026联考卷,2,1
浙江省2026联考卷化学,1,1
浙江省2026高三联考卷,1,1
浙江省2027届,4,1
浙江省26届九月起点考数学,15,1
浙江省A9,21,1
浙江省A9协作体2025,4,1
浙江省A9协作体暑假返校联考,4,1
浙江省G12名校26届高三9月数学,1,1
浙江省G12名校协作体2024 2025物理,3,1
浙江省G12名校协作体2024-2025,1,1
浙江省G12名校协作体2024-2025物理,4,1
浙江省G12名校协作体26届9月高三物理,5,1
浙江省G12名校协作体9月高三物理,2,1
浙江省G12名校协作体高三物理,1,1
浙江省Z20,7,1
浙江省Z20名校联盟2026届高三第三次学情诊断数学试卷,3,1
浙江省Z20名校联盟2026年高三语文试题,1,1
浙江省Z20名校联盟高三第一次联考化学,1,1
浙江省七校2026五月高三联考英语,4,1
浙江省七校五月高三联考英语,47,1
浙江省七校联盟2026五月高三联考英语,14,1
浙江省七校联盟2026年5月高三联考,26,1
浙江省专用,1,1
浙江省中考卷,3,1
浙江省中考数学试卷2026,5,1
浙江省中考语文试卷,1,1
浙江省丽水市七年级下册数学期末考卷,3,1
浙江省义乌中学高二上学期第一次,1,1
浙江省义乌中学高二上学期第一次阶段性测试,8,1
浙江省优质试卷,2,1
浙江省分班考,2,1
浙江省分班考 高一,2,1
浙江省初中物理自主招生专题,9,1
浙江省化学选必一 水溶液中的离子反应与平衡,2,1
浙江省化学选必一。水溶液中的离子反应与平衡,5,1
浙江省北斗星盟2026,2,1
浙江省北斗星盟高三一模,1,1
浙江省县域教研联盟高三模拟历史,3,1
浙江省县域教研联盟高三模拟英语,1,1
浙江省台州市,11,1
浙江省台州市2023到2024学年期末质量评估,7,1
浙江省台州市2025-2026学年高二下期末物理试卷,3,1
浙江省台州市2025学年第二学期高二年级期末质量评估试题,1,1
浙江省台金七校2024-2025学年高一下学期5月期中物理试题,4,1
浙江省名校协作体2025-2026高三上学期开学摸底考试技术试题,1,1
浙江省名校协作体2026届高三开学联考,3,1
浙江省名校协作体2026届高三开学联考数学,2,1
浙江省名校协作体20二六届高三上学期开学联考数学试题,1,1
浙江省名校协作体G12联盟2026届高三下学期二模英语试题,1,1
浙江省名校联合体2025学年第一学期12月份学情诊断高一年级英语试题卷,2,1
浙江省名校联盟高三第一次联考化学,11,1
浙江省嘉兴市2026届高三上学期教学测试（嘉兴一模,3,1
浙江省嘉兴市2026届高三上学期教学测试（嘉兴一模）化学试卷（2025.12）,1,1
浙江省嘉兴市嘉善县期末检测卷,23,1
浙江省天域全国名校协作体,8,1
浙江省宁波2026高二期末考试英语试题,5,1
浙江省宁波九校,2,1
浙江省宁波市 2026 高三模拟,3,1
浙江省宁波市2025,4,1
浙江省宁波市2025第二学期期末考试,6,1
浙江省宁波市2026高三一模,3,1
浙江省宁波市2026高三二模,1,1
浙江省宁波市2026高三二模语文,2,1
浙江省宁波市9+1联盟生物,1,1
浙江省宁波市9+1联盟生物高一上,1,1
浙江省宁波市奉化区2023-2024学年高一下学期期末考试英语试题,3,1
浙江省宁波市宁波九校2024-2025学年高一下学期6月期末英语试题,3,1
浙江省宁波市鄞州区宋诏桥中学2024到2025学年七年级上册返校测试卷,4,1
浙江省宁波市镇海中学2026届高三上学期三模化学,3,1
浙江省宁波市镇海中学2026届高三下学期语文模拟预测试卷,3,1
浙江省宁波市高二下学期历史,1,1
浙江省宁波高三摸底考试,1,1
浙江省宁波高三数学摸底考试,5,1
浙江省平湖中学分班考,2,1
浙江省平湖市黄姑中学,1,1
浙江省强基联盟,23,1
浙江省强基联盟 2026 年高二 5 月,2,1
浙江省强基联盟A卷2025-2026学年高二上学期11月期中数学试题,4,1
浙江省慈溪市2025-2026学年高二下期末物理试卷,3,1
浙江省新学考调研检测模拟卷地理,2,1
浙江省新阵地教育联盟2026第一次联考高三化学,4,1
浙江省普通高中学业水平考试 思想政治仿真模拟试卷A,13,1
浙江省普通高中学业水平考试思想政治仿真模拟试卷八,12,1
浙江省杭州二中2026高三,5,1
浙江省杭州二中2026高三最后一卷,4,1
浙江省杭州二中高一下数学期末考试,1,1
浙江省杭州二中高一数学期末,3,1
浙江省杭州市 2026 年高三教学质量监测,9,1
浙江省杭州市2025-2026学年高二下期末英语试卷,1,1
浙江省杭州市2025学年第二学期期末生物试题,1,1
浙江省杭州市2025第二学期,3,1
浙江省杭州市2025第二学期教学质量检测,8,1
浙江省杭州市六校2025~2026英语,7,1
浙江省杭州市第二中学高三三月月考,2,1
浙江省杭州第二中学高一下数学期末考试,3,1
浙江省杭州高级中学2024-2025学年高三第一学期12月阶段性检测英语试题,3,1
浙江省桐浦富兴教研联盟2025‑2026学年高二下学期5月阶段检测,3,1
浙江省桐浦富兴教研联盟2025‑2026学年高二下学期5月阶段检测（技术试卷）,7,1
浙江省桐浦富兴教研联盟2025‑2026学年高二下学期5月阶段检测（英语）,4,1
浙江省桐浦富兴教研联盟2025‑2026学年高二下学期5月阶段检测（通用技术）试卷,3,1
浙江省浙江大学附属中学2025-2026学年高一上 学期12月月考英语试题,1,1
浙江省浙江大学附属中学2025-2026学年高一上学期12月月考英语试题,3,1
浙江省温州十校联合体2025—2026学年高二数学学科练习,27,1
浙江省温州十校联合体2025—2026学年（新高三）检测数学试题））,12,1
浙江省温州十校英语,7,1
浙江省温州市2025年科学中考试卷,10,1
浙江省温州市乐清市2025至2026学年语文期末测试卷,14,1
浙江省湖州2025高二下学期技术,3,1
浙江省湖州市8年级上册素养测试期末,3,1
浙江省物理必一必二必三综合,3,1
浙江省物理竟赛初赛,2,1
浙江省精诚联盟高二下学期3月,1,1
浙江省绍兴市2024-2025学年高一下学期期末调测物理试卷,2,1
浙江省绍兴市上虞区2024-2025学年六年级期末考试试题,1,1
浙江省绍兴市上虞区2025-- 2026,1,1
浙江省绍兴市上虞区2025--2026,15,1
浙江省绍兴市嵊州,7,1
浙江省绍兴市诸暨市,18,1
浙江省绍兴市诸暨市2026年8年级下册英语考试。,3,1
浙江省英语自主招生提前批,3,1
浙江省衢州市2,5,1
浙江省衢州第二中学高三二模化学,1,1
浙江省选考科目考试绍兴市适应性试卷通用技术,2,1
浙江省镇海中学,2,1
浙江省镇海中学2026年5月高考模拟测试英语,3,1
浙江省高一下期末英语试卷,6,1
浙江省高一英语试卷,7,1
浙江省高考数学试卷2026,2,1
浙江科学七年级,5,1
浙江科学七年级化学,10,1
浙江科学七年级化学专项,3,1
浙江绍兴,12,1
浙江职高东博联合体考试,1,1
浙江自主招生,3,1
浙江舟山,1,1
浙江苜考英语,1,1
浙江英语中考,3,1
浙江英语初二下卷子,1,1
浙江诸暨,1,1
浙江诸暨20265月,1,1
浙江诸暨20265月高三,4,1
浙江重点高中高二上期中,3,1
浙江重点高中高二期中,1,1
浙江金兰教育,1,1
浙江金华十校一模,4,1
浙江金华十校高三联考英语,2,1
浙江金华十校高二2026,1,1
浙江金华十校高二2026英语,1,1
浙江金华卓越联盟2025高一联考,8,1
浙江金华市,5,1
浙江金华市2025-2026学年高一6月期末数学,1,1
浙江金华市2025-2026学年高一下学期6月期末英语试题,1,1
浙江金华市2025-2026高一下6月期末英语答案,4,1
浙江高一上学期学考,1,1
浙江高一下学期学考,2,1
浙江高一数学第二学期期末考试试卷,3,1
浙江高一期末,2,1
浙江高一物理上学期,5,1
浙江高三上学期期末,3,1
浙江高三上学期阶段检测,2,1
浙江高三开学考,1,1
浙江高三模拟数学,35,1
浙江高中 1月 2026高考,19,1
浙江高中Z20联盟数学是必修一和必修二的前面两章,5,1
浙江高中化学离子方程式,2,1
浙江高中数学是必修一和必修二的前面两章,5,1
浙江高中物理分专题练,6,1
浙江高中英语必修一全册+必修二第一单元,1,1
浙江高二名校开学考,4,1
浙江高二期中,1,1
浙江高二期中考试,3,1
浙江高二期中考试数学,14,1
浙江高二英语各地期末卷,2,1
浙江高二英语温州期末卷,1,1
浙江高二英语湖州期末卷,3,1
浙江高考,1,1
浙江高考2026年数学一模,1,1
浙江高考2026年英语一模,7,1
浙江高考一轮物理专题练周测卷,3,1
浙江高考化学一轮复习分专题练,3,1
浙江高考化学一轮复习讲练测,1,1
浙江高考数学,1,1
浙江高考日语,5,1
浙江高考日语2026,1,1
浙江高考模拟数学,3,1
浙江高考物理2026真题,1,1
浙江高考物理一轮周测卷,1,1
浙江高考物理专题练,6,1
浙江高考物理专题练周测卷,2,1
浙鳌,11,1
浦东25年化学一模,5,1
浦东二模,13,1
浦东新区,8,1
浦东新区中考英语,3,1
浦口外国语,2,1
浦口外国语小升初,1,1
浦外,1,1
浮力压强 2026专题复习,6,1
浮力压强 上海,1,1
浮力压强竞赛难度,1,1
浮力压强计算题,5,1
浮力及其计算,2,1
浮力及其计算压轴,5,1
浮力复习,8,1
浮力的题目,4,1
海三中暑假作业,2,1
海东七年级下册,2,1
海中,4,1
海伦,3,1
海伦一中,1,1
海伦一中学期初,3,1
海伦历史试卷,1,1
海伦城镇选调教师,1,1
海兴中学高三开学考,1,1
海南2024物理高考,1,1
海南2026中考卷,1,1
海南2026高一天一,10,1
海南三亚高三下学期学业水平,4,1
海南中学2025-2026高一上学期入学测试夏令营测试化学试卷,1,1
海南中学中考地理模拟试卷,1,1
海南中学九年级,1,1
海南中学分班考试,2,1
海南中学初三,2,1
海南中学四校联考,3,1
海南中学新中一上学期入学能力测试夏令营测试物理试卷,11,1
海南中学月考,8,1
海南中学第0次月考,3,1
海南中学高一上学期入学能力测试夏令营测试数学试题综合测试真题试卷,13,1
海南中学高一上学期入学能力测试夏令营测试物理试卷,2,1
海南中学高一上学期入学能力测试夏令营测试英语试卷,5,1
海南中学高一上学期入学能力测试夏令营测试语文试卷,4,1
海南中学高一入学,3,1
海南中学高一数学,3,1
海南中学高一数学第一学期期中,3,1
海南中学高三第零次月考,5,1
海南中学高二第一次月考,4,1
海南中考历史真题,5,1
海南中考数学真题2026,3,1
海南九年级下学期期末,3,1
海南儋州市高一数学试卷期末,4,1
海南儋州市高一物理试卷期末,1,1
海南儋州市高一语文试卷期末,1,1
海南八年级上学期阶段检测,2,1
海南八年级下学期期末,2,1
海南初中生物2025中考卷,3,1
海南初中生物地理会考,3,1
海南北大附中,3,1
海南合格考,2,1
海南大学,1,1
海南天一联考,4,1
海南数学真题2026,1,1
海南数学竞赛,3,1
海南文昌中学、嘉积中学，等七校2025至2026学年高一下学期期末,5,1
海南昌茂花园学校,2,1
海南月考八上语文,1,1
海南海南中学,2,1
海南海口,8,1
海南物理第五章,2,1
海南琼山华侨中学高一上学月考,12,1
海南琼山华侨中学高一上学期期中考试,5,1
海南生地中考,1,1
海南生物2025中考卷,1,1
海南生物2026中考卷,1,1
海南省2025高二上天一期末考试,1,1
海南省2026年中考,4,1
海南省2026年高考,7,1
海南省中考,1,1
海南省中考真题,1,1
海南省中考题,1,1
海南省初一上学期期中考试,7,1
海南省初中学业水平考试,4,1
海南省初中学业水平考试试题,1,1
海南省初二上学期物理考试,4,1
海南省历史中考真题2025年,1,1
海南省定安县高三二模,1,1
海南省定安县高三二模数学,2,1
海南省海口市,7,1
海南省海口市历史中考真题2025年,1,1
海南省海口市历史中考真题2026年,1,1
海南省海口市海南中学,1,1
海南省海口市高三政治模拟题,5,1
海南省琼海市第一小学小升初试卷,2,1
海南省高三,4,1
海南省高三上学期,1,1
海南省高中物理,3,1
海南省，海口市美兰区,13,1
海南阶段检测,7,1
海南高考政治,3,1
海南高考真题2024,6,1
海南高考真题2025,4,1
海南高考真题2025地理,2,1
海口一中高二,1,1
海口一中高二期末考,3,1
海口中学,1,1
海口中学七年级下册数学期末测试卷,7,1
海口中学七年级下册英语期末测试卷,4,1
海口初中八年级期末试卷北师大附中,16,1
海口华侨新埠中学,16,1
海口市华东八年级上册数学10月月考卷,2,1
海口市海南中学,2,1
海口市灵山中学，高二上册各科试卷,2,1
海口市秀峰实验学校,3,1
海口市龙华区四年级语文上册第二次月考,4,1
海口期末,10,1
海口永兴中学八年级上册数学第一次月考卷,5,1
海口滨江中学物理,1,1
海口物理动能定理,7,1
海口第二中学,2,1
海口高一上学期数学第一次月考,3,1
海口高一数学第一次月考,1,1
海头开学,5,1
海头高一上,2,1
海头高一开学考试试卷,2,1
海宁中学,2,1
海安一模,2,1
海安中学明远班语文,2,1
海安中考英语模考卷,3,1
海安二次函数单元考试,1,1
海安市海陵中学初一分班考试卷语文,1,1
海安开发区实验学校初一分班考试卷,2,1
海安曲塘中学新高一开学考试卷,1,1
海安曲塘高级中学新高一开学考试卷,1,1
海安海陵中学初一分班考试卷英语,5,1
海安海陵中学新初一英语摸底卷,4,1
海安海陵中学新初一英语试卷,1,1
海安海陵中学英语试卷,1,1
海安海陵初一新生暑期调研,2,1
海安海陵新初一英语分班试卷,2,1
海安高三第二学期,7,1
海安高级中学2025-2026高二上英语期中,1,1
海安高级中学高二,1,1
海安高级中学高二上英语期中,4,1
海安高级中学高二上英语期中考考试,4,1
海安高级中学高二英语期中考考试,1,1
海山,1,1
海州区二模2026模拟,1,1
海州高中,1,1
海州高级中学,9,1
海州高级中学高一数学,4,1
海师附中,1,1
海底油气开采,2,1
海拉尔,35,1
海拉尔二中 高一入学,1,1
海拉尔二中贯通,1,1
海拉尔区第三中学暑假作业,3,1
海拉尔第三中学,1,1
海拉尔第二中学贯通,3,1
海拉尔第五中学,11,1
海曙区,1,1
海曙区外国语学校,1,1
海曙区外国语学校第一学期,1,1
海曙区外国语学校第一学期七上,4,1
海曙区外国语学校第一学期七上数学,2,1
海水运动,6,1
海沟画图,1,1
海沧中学2026初二下物理,3,1
海河,7,1
海河博爱,3,1
海洋化学资源的利用化学专项练习鲁教版,8,1
海淀一模中考数学,1,1
海淀一模中考物理,1,1
海淀中考真题,1,1
海淀八年级下期末试卷,14,1
海淀区2026年八年级增值评价调研 数学（202.01）,1,1
海淀区人大附中分班考,1,1
海淀区八下期末物理,7,1
海淀区初一下数学期末,5,1
海淀区初二上物理期末,4,1
海淀区物理2025~2026年期末试卷八年级下,5,1
海淀区高三上期中,1,1
海淀区高三上期中数学,3,1
海淀区高三上期末数学,2,1
海淀考王,1,1
海淀高二下,1,1
海港区2025~2026学年度第二学期期末质量检测八年级英语试题,1,1
海湖中学七年级试卷,1,1
海湖中学新初一开学考试卷,1,1
海珠,11,1
海珠八下期末考试,8,1
海董玉英实验学校中考语文名著阅读复习汇总,3,1
海蛟川,6,1
海西,1,1
海西州,2,1
海量分班考试卷,3,1
海门七年级,2,1
海门中南中学八年级上十二月份独立,7,1
海门中南中学八年级上数学,5,1
海门中学化学,1,1
海门中学四校联考,4,1
海门中学考前模拟,3,1
海门中学高一上期中数学,2,1
海门九年级上数学期中试卷,6,1
海门九年级上英语期中试卷,3,1
海门八年级上数学,1,1
海门八年级数学,1,1
海门化学高二,1,1
海门化学高二期末,2,1
海门区初三二模历史,1,1
海门四年级上数学期中,4,1
海门四年级上英语期中,3,1
海门实验初中七年级分班考试,1,1
海门实验初中分班考试试题,5,1
海门小升初分班考,1,1
海门数学,6,1
海门附校,2,1
海门高一下学期化学,2,1
海门高一下学期生物,1,1
海门高一化学,3,1
海阳市八年级数学期中考试试卷,8,1
海陵中学分班考试卷,1,1
海陵中学初一分班考试卷,4,1
海陵中学初一分班考试卷语文,4,1
海陵区五校第一学期10月份学科测试九年级物理,3,1
涂色问题,3,1
涂色问题 排列组合,2,1
涉县二中,2,1
涞水县,11,1
涞水县五年级,1,1
涞水县王村五年级,5,1
涞水王村,2,1
涞水王村五年级,2,1
涪陵五中,2,1
涪陵实验中学,4,1
液体压 强 2026典型题,2,1
液体压力、压强的比较与计算,4,1
液体压强,7,1
涵数初中汇总,1,1
涿州,5,1
涿州市六年级下册语文,15,1
淄博 0 202 6高二下学期期末,1,1
淄博 高一英语,1,1
淄博2025-2026学年度第二学期高二教学质量检测,10,1
淄博2025-2026英语高二下学期,3,1
淄博一模,2,1
淄博七上数学期中,10,1
淄博中考英语真题,1,1
淄博二模,1,1
淄博八下数学期末,14,1
淄博十一中,4,1
淄博实验中学高三期末考试,2,1
淄博实验中学高三期末考试数学,13,1
淄博实验中学高二上,1,1
淄博实验中学高二上第一次月考,2,1
淄博实验中学高二上第一次月考数学,7,1
淄博实验中学齐盛高级中学 2025高一10月物理月考,2,1
淄博市2025-2026五年级下册期末英语,2,1
淄博市2025-2026五年级下册期末语文,5,1
淄博市2026年高一下学期期末物理试题,3,1
淄博市五年级下册2025-2026期末英语,9,1
淄博市化学中考,4,1
淄博市各区县六下英语测试题,1,1
淄博市实验中学,2,1
淄博市实验中学禀赋班,1,1
淄博市数学中考,1,1
淄博市物理中考,18,1
淄博市高一物理期末,1,1
淄博市高二下期末考试生物答案,8,1
淄博张店区八年级期末数学试卷,5,1
淄博期末数学真题,1,1
淄博第七中学高三九月份开学考,1,1
淄博第八中学,3,1
淄博高一物理,10,1
淄博高一物理上学期10份月考卷,6,1
淄博高二上学期期中数学,1,1
淄博高二英语期末,3,1
淄博高新区一中六年级入学测试,1,1
淄博高青五年级下册期末考试卷,4,1
淄川区八下数学期末,3,1
淅川县2022年九上语文期中考试,7,1
淞谊,7,1
淮三角联考,19,1
淮上区 2025-2026 学年度八年级第二学期教学质量抽测,1,1
淮北一中2025年高一期末数学卷,6,1
淮北一中开学考,1,1
淮北一模,1,1
淮北中学,8,1
淮北二中第一次月考试卷,1,1
淮北二中第一次月考试卷数学,3,1
淮北二模,1,1
淮北市2026届高三第二次质量检测,1,1
淮北市实验高级中学,20,1
淮北市第一中学,2,1
淮北市第一中学开学考,1,1
淮北市第一中学高一第一次月考,17,1
淮北市第二中学,4,1
淮北市第二中学九上第一次月考试卷,1,1
淮北市第二中学九上第一次月考试卷数学,2,1
淮北师范大学附属中学,3,1
淮南二中2025-2026学年高二,6,1
淮南二中2025-2026学年高二物理,6,1
淮南市十九中,5,1
淮南矿一中月考卷,6,1
淮南西部地区,11,1
淮安中学,2,1
淮安中考,3,1
淮安二次函数,4,1
淮安二次函数真题卷,2,1
淮安分班考试,1,1
淮安市,1,1
淮安市2024年初中学业水平考试,1,1
淮安市2024年初中物理中考试卷,1,1
淮安市七年级上学期数学,3,1
淮安市七年级数学,1,1
淮安市中考,5,1
淮安市八上数学期末考试,1,1
淮安市协作体 高二上英语期中考试,2,1
淮安市小升初试卷,4,1
淮安市开明中学,2,1
淮安市统考试卷,5,1
淮安市金湖县2025‑2026学年第二学期五年级英语期末质量检测,3,1
淮安市金湖县八上数学期中考试,11,1
淮安市高一数学期末,1,1
淮安浦东,1,1
淮安高一市统测,14,1
淮阳,5,1
淮阳中学国际班分班考,2,1
淮阳中学高一试卷,2,1
淮阳是英语译林版,5,1
淮阴,12,1
淮阴中学高一上期末物理,4,1
淮阴中学高二上物理第一次月考,6,1
淮阴中学高二上英语第一次月考,2,1
深 圳  2026 一模,2,1
深 圳 0 2026 一模数学,4,1
深 圳 02026 一模,1,1
深 圳 2026 一模数学,1,1
深 圳一模语文,1,1
深一模,2,1
深中化学自招,1,1
深圳 025 高三 一模,4,1
深圳 高一 物理第一次月考,1,1
深圳 高一上 物理第一次月考,3,1
深圳2025,2,1
深圳2025一模,18,1
深圳2025生物真题初中学业水平考试,3,1
深圳2025第二次调研,12,1
深圳2025调研,2,1
深圳2026数学一摸,13,1
深圳2026物理自招,6,1
深圳2026高一宝安,11,1
深圳2026高一宝安历史,2,1
深圳2026高一物理,1,1
深圳25年中考英语真题,1,1
深圳26年中考英语真题,5,1
深圳一中,2,1
深圳一模语文高三,3,1
深圳七下数学,5,1
深圳七下期末,44,1
深圳七下期末数学,1,1
深圳七下期末生物,2,1
深圳七下期末英语,3,1
深圳七下期末语文,22,1
深圳七下英语,3,1
深圳七下语法填空,4,1
深圳中学 02 6 高三 模考,2,1
深圳中学 026二轮,9,1
深圳中学2025届高一上物理月考卷,5,1
深圳中学2026届高一上物理月考卷,1,1
深圳中学2026届高一月考卷,3,1
深圳中学2026届高一物理月考卷,1,1
深圳中学2026届高三适应性考试,64,1
深圳中学七下期末英语,6,1
深圳中学九年级三模试卷，语文,4,1
深圳中学八年级上册,2,1
深圳中学初中,2,1
深圳中学化学自招,6,1
深圳中学南山创新学校,2,1
深圳中学摸底考试,6,1
深圳中学期末,1,1
深圳中学高一上数学月考,4,1
深圳中学高一下期末数学,5,1
深圳中学高一开学考,1,1
深圳中学高一月考,22,1
深圳中学高三,7,1
深圳中学高二上学期物理月考,2,1
深圳中学高二月考,1,1
深圳中考2026物理化学真题,1,1
深圳中考作文,4,1
深圳中考历史选择题专项,4,1
深圳中考数学2026,1,1
深圳中考数学压轴汇编,3,1
深圳中考数学选填压轴汇编,1,1
深圳中考深圳2026,1,1
深圳中考物理,1,1
深圳中考物理真题,1,1
深圳中考电学实验,3,1
深圳中考电学实验专题,2,1
深圳中考英语2023,1,1
深圳九上历史,3,1
深圳九上历史统考,5,1
深圳九年级上册月考试卷,2,1
深圳九年级上册英语月考试卷,3,1
深圳九年级数学,6,1
深圳九年级数学三模试卷,3,1
深圳九年级月考化学,7,1
深圳五下数学,2,1
深圳光明区高级中学高二下期末考试,4,1
深圳光明区高级中学高二下期末考试语文,3,1
深圳八上,25,1
深圳八上期中,6,1
深圳八下数学期末,20,1
深圳八下数学期末2025,8,1
深圳八下期末,4,1
深圳八下期末数学,1,1
深圳八下期末物理,1,1
深圳八年级上册数学,6,1
深圳八年级下册数学选填压轴汇编,2,1
深圳八年级下册英语考试卷,6,1
深圳八年级下学期数学期末,3,1
深圳八年级数学上学期期末,11,1
深圳六年级下册英语,7,1
深圳初一,5,1
深圳初三上册期末,43,1
深圳初中生物学业水平考试,2,1
深圳初中英语过去式默写,1,1
深圳化学,2,1
深圳化学九下,6,1
深圳化学九下金属,2,1
深圳化学自招,7,1
深圳南山,4,1
深圳南山人教,5,1
深圳历史,1,1
深圳地理,4,1
深圳外国语,2,1
深圳外国语学校物理,1,1
深圳外国语学校物理高一上,3,1
深圳外国语高三上,4,1
深圳天骄文化传播有限公司,2,1
深圳宝安中学,1,1
深圳宝安中考模考,6,1
深圳宝安区九年级上册英语月考,1,1
深圳宝安区九年级上册英语月考试卷,5,1
深圳宝安区八年级上册英语开学考试,7,1
深圳宝安区八年级上册英语月考试卷,1,1
深圳宝安模考,2,1
深圳宝安高三上学期教学质量监测,8,1
深圳宝安高中,3,1
深圳实验学校光明部高二下,2,1
深圳实验学校初中部,1,1
深圳实验学校初中部历史,3,1
深圳实验学校高中园,2,1
深圳实验学校高中园 高一第一阶段考试,9,1
深圳实验学校高中园入学分班考,5,1
深圳实验学校高中园分班考,1,1
深圳实验学校高中园第一阶段入学考,4,1
深圳实验学校高中部 高一新生入学测试,4,1
深圳实验学校高中部2025-2026学年高一上第一阶段考试化学试卷,11,1
深圳实验学校高二下,1,1
深圳实验学校高二下学期六校期末考试英语,1,1
深圳实验学校高二下学期期末考试英语,1,1
深圳实验学校高二下期末考试英语,1,1
深圳实验高中部高一新生入学测试英语,1,1
深圳实高二下期末考试英语,1,1
深圳小升初数学,11,1
深圳小学五年级数学,1,1
深圳小学五年级数学上册期末试卷,4,1
深圳小学五年级数学下册期末试卷,2,1
深圳小学六年级数学下册期末试卷,1,1
深圳小学四年级数学下册期末试卷,1,1
深圳市,16,1
深圳市026二模,4,1
深圳市2025~2026学年第二学期期末调研考试 政治,3,1
深圳市2026八年级数学期末测试,13,1
深圳市2026数学中考卷,7,1
深圳市九年级下册上册语文期末2026,1,1
深圳市九年级英语二模,1,1
深圳市二高,2,1
深圳市八年级下册语文期末2026,4,1
深圳市华侨城中学高三三模英语,1,1
深圳市南山区七上分班考试题,4,1
深圳市博伦,2,1
深圳市宝安区一模物理,8,1
深圳市宝安区八年级上册期中物理,3,1
深圳市弘毅学校,1,1
深圳市弘毅高级中学,1,1
深圳市技师学院,1,1
深圳市新高一入学分班考试卷,1,1
深圳市第二实验学校,2,1
深圳市第二高级中学开学考,5,1
深圳市第二高级自学,1,1
深圳市红岭中学新高一入学分班考模拟卷,1,1
深圳市红岭高中新高一入学分班考试卷,6,1
深圳市统考数学,5,1
深圳市高一上学期化学期末试卷,1,1
深圳市高一上学期期末试卷,1,1
深圳市高二上学期数学第1张练习卷,3,1
深圳市高二数学,4,1
深圳市高级中学20二六届高三第一次诊断考试,3,1
深圳市高级中学创新高中开学化学分能考试,1,1
深圳市高级中学数学,10,1
深圳市高级中学英语,4,1
深圳市高级中学英语10月考,1,1
深圳市高级中学英语月考,2,1
深圳市高级中学高一上化学期中,1,1
深圳市龙华区2025至2026学年第一学期水科素养形成七年级语文期末,16,1
深圳市龙岗区2025到20269年级上册第一学期质量检,9,1
深圳数学,1,1
深圳数学八下,3,1
深圳数学选填压轴汇编,1,1
深圳新华中学,2,1
深圳明远数学,2,1
深圳期中,12,1
深圳期末考高一,5,1
深圳杭州潍坊,1,1
深圳湾一年级,1,1
深圳湾一年级上,2,1
深圳物理八上期中,1,1
深圳百合外国语学校,2,1
深圳百合外国语学校小升初,6,1
深圳科学高中,3,1
深圳第二实践,4,1
深圳第二实验学校,2,1
深圳第二高级中学,3,1
深圳红岭zx,1,1
深圳红岭中学高一分班考试卷,5,1
深圳红岭高中,2,1
深圳红高中,1,1
深圳翠园初级中学八年级上册,14,1
深圳育才中学,1,1
深圳育才中学深云,1,1
深圳育才二中八年级上册数学测试卷,2,1
深圳英语一模,1,1
深圳英语语法填空,4,1
深圳语文,2,1
深圳高一开学考,7,1
深圳高一开学考科学高中,2,1
深圳高一物理开学考,1,1
深圳高一英语,4,1
深圳高三一模,3,1
深圳高三开学考,1,1
深圳高三物理,6,1
深圳高三生物深圳,1,1
深圳高三英语一模,4,1
深圳高三语文二模,1,1
深圳高二上历史,8,1
深圳高二上政治,4,1
深圳高二下六校英语,2,1
深圳高二下学期六校期末考试英语,4,1
深圳高二英语,2,1
深圳高级中学物理二模,3,1
深圳高级中学物理第二阶段二模,2,1
深圳高级中学物理高三第二阶段,2,1
深圳高考,1,1
深圳高考预测卷,1,1
深圳高考预测卷历史,4,1
深圳龙华区,2,1
深圳龙华区2026年高二期末试卷,1,1
深圳龙华区物理九年级月考试卷,3,1
深圳龙华区高一下期末生物,2,1
深圳龙华区高一期末下册,1,1
深圳龙华区高一期末生物,5,1
深圳龙华紫金灾,2,1
深圳龙岗八下历史期末,3,1
深圳龙岗区,6,1
深圳龙岗宏扬学校九年级上期末阅读匹配,1,1
深圳龙岗弘扬学校九年级上期末阅读匹配,2,1
深实验 分班考 初升高,1,1
深实验高中园高一分班考试卷,2,1
深高级高一,2,1
混合密度,5,1
添加孩子,1,1
清北班,10,1
清华大学2026年强基数学笔试真题,2,1
清华大学强基计划,1,1
清华大学物理真题试卷,14,1
清华大学附属小学,3,1
清华强基计划数学试题,7,1
清华附,1,1
清华附中 高一上学期期末数学试卷,3,1
清华附中分班考,1,1
清华附中房山,1,1
清华附中朝阳学校,5,1
清华附中永丰学校,2,1
清华附将台路,1,1
清单02,6,1
清单02-04,1,1
清单03,4,1
清名了不要姓名快家，妈妈出来了，五岁,3,1
清江中学,1,1
清江中学新高一分班考试题,1,1
清河志臻中学,2,1
清浦中学,21,1
清源,8,1
清源开学,1,1
清源高级中学高一上学期开学考试,1,1
清苑区七年级下册期末测试卷,4,1
清远,1,1
清远。高中语文试卷,4,1
清远市六年级,17,1
清远市清城区数学205—2026八年级下期末试卷,4,1
清远市清新区数学七年级下册期末,1,1
清远市清新区数学八年级上册期中,14,1
清远市清新区第一中学,1,1
清远市第一中学,1,1
清远市连州第二中学中考三模,1,1
清远市高一期末考,1,1
清远市高二期末考,6,1
清远高中语文试卷2025~2026第一学期,3,1
清远高中语文试卷2025~2026高二第一学期适应性考试,3,1
清远高二期末考,1,1
渐进线,1,1
渐进线问题,1,1
渔夫阅读,2,1
渝北区,5,1
渠县,24,1
渠县琅琊中学,2,1
渤海附中高一上学期第一次月考化学,9,1
温 丽 衢高三化学,1,1
温丽衢地区高三化学,1,1
温丽衢地区高三期末化学,1,1
温丽衢地区高三期末化学模拟,1,1
温丽衢高三11月化学2025,1,1
温丽衢高三化学,3,1
温岭,13,1
温州 物理 期末 A,1,1
温州2025届高三第二次适应性考试,8,1
温州中学2026～2027,1,1
温州中学提前招,2,1
温州中学自主招生,2,1
温州中学高一上期中地理。,1,1
温州九校高二上学期返校,5,1
温州二模数学,1,1
温州八下期末,2,1
温州六中三模语文试卷,1,1
温州初升高分班考,6,1
温州初升高分班考鹿城,2,1
温州十校,1,1
温州十校 2026高二下期末,3,1
温州卷2025,5,1
温州地区提前招生数学试卷初中,22,1
温州实验中学三模语文试卷,3,1
温州市,1,1
温州市1.5模,8,1
温州市2025一模,1,1
温州市2025届高三第二次适应性考试,3,1
温州市啸秋中学,1,1
温州市实验中学七上期中数学测试,5,1
温州市实验中学七上期中数学测试2025,2,1
温州市普通高中2025届高三第一次适应性考试,1,1
温州市普通高中2025届高三第一次适应性考试生物,10,1
温州市普通高中2026届高三第一次适应性考试,1,1
温州市普通高中2026届高三第二次适应性考试（温州二模）物理试题卷,1,1
温州市第五十一中学,2,1
温州摇篮杯数学2025,6,1
温州摇篮杯数学2025竞赛,4,1
温州数学,1,1
温州数学七年级上册单元,1,1
温州数学七年级上册单元评价期中复习A,12,1
温州新 高一 2025年分班考试,1,1
温州新质教育联盟七年级数学期中素养检测,1,1
温州新质教育联盟七年级期中素养检测,3,1
温州新高一分班考试,1,1
温州普通高中2026届高三第一次适应性考试,3,1
温州期末考物理高一下B卷,1,1
温州环大罗山,2,1
温州高一,3,1
温度与物态变化,4,1
温度计不准,1,1
温度计算问题,1,1
温暖的烤炉,1,1
温暖的烤炉 熊红久,1,1
温江中学,17,1
温江区2025年月考卷,1,1
温江区2025年高一上第一个月考卷物理,7,1
渭南市一模物理,1,1
渭南市临渭区,1,1
渭南市临渭区六年级,1,1
渭南市临渭区六年级数学上,4,1
渭南市蒲城县2025至2026学年度二年级下学期期末测试,1,1
渭南市高二上第一次月考考试,8,1
渭南高级中学高二上期中考试,4,1
渭州学校,10,1
港南区六年级下学期英语,5,1
港澳台,3,1
港澳台2026港澳台联考,2,1
港澳台联考,1,1
游山西村,3,1
游府西街小学,3,1
游戏,1,1
游记,3,1
湄潭县求是中学,1,1
湄潭县求是高级中学,3,1
湄潭县茶城中学,1,1
湄潭县茶城初级中学,2,1
湄潭县茶城高级中学,6,1
湖丽衢,4,1
湖创,5,1
湖北 0 2026,1,1
湖北 0 2026中考试卷,7,1
湖北11校联考,11,1
湖北2025,1,1
湖北2026,8,1
湖北2026中考数学,5,1
湖北2026年普通高等学校招生全国统一考试全国一卷语文,4,1
湖北2027高三,4,1
湖北一年级下学期阶段检测,9,1
湖北三年级上学期阶段检测,9,1
湖北中考2023数学,1,1
湖北中考卷,1,1
湖北中考数学,8,1
湖北中考数学试卷,1,1
湖北中考语文真题,3,1
湖北九师联盟2025-2026高二下学期英语,3,1
湖北九师联盟2025‑2026学年高二下学期期末英语试题,5,1
湖北九年级上学期期中,10,1
湖北九年级下学期期末,6,1
湖北九月考,1,1
湖北九月调考,5,1
湖北二年级下学期期中,6,1
湖北二年级下学期阶段检测,23,1
湖北云学联盟2026年高一下学期期末化学试卷,12,1
湖北云学联盟2026年高一下学期期末物理试卷,19,1
湖北云学联盟2026年高一下学期期末生物试卷,9,1
湖北云学联盟2026年高二7月期末日语卷,6,1
湖北云学联盟高一下期中考试,7,1
湖北云学联盟高二上,3,1
湖北云学联盟高二上9月,11,1
湖北五年级下学期期末,1,1
湖北五年级下学期阶段检测,11,1
湖北八市高二英语考试,1,1
湖北八市高二英语考试2026年3月,4,1
湖北六年级上学期升学真题,2,1
湖北初一上期末,1,1
湖北十一校第一次联考,1,1
湖北十校联考英语,6,1
湖北升学真题,1,1
湖北升学通,1,1
湖北华中师大一附中,1,1
湖北华师一附中24,2,1
湖北华师一附中二模,2,1
湖北卷 2025高考真题,6,1
湖北卷化学,1,1
湖北卷期末试题,7,1
湖北合格性考试,7,1
湖北名校2025 2026学年数学综合测试卷一,6,1
湖北名校2025 2026学年英语综合测试卷一,1,1
湖北名校2026~2027学年地理综合测试卷2,11,1
湖北名校联盟2027届高三上学期一模语文试题,5,1
湖北名校联盟2027届高三上学期一模语文试题校,1,1
湖北名校联盟2027届高三上学期一模语文试题校联考,4,1
湖北名校联盟一模,3,1
湖北名校联盟高三,5,1
湖北咸宁高二期末,4,1
湖北圆创联盟27,1,1
湖北圆创联盟3月物理,4,1
湖北大学附属中学,1,1
湖北天门2026数学六年级,3,1
湖北孝感孝高开学分班考试卷,2,1
湖北孝感安陆,4,1
湖北孝感安陆德安,1,1
湖北孝感市下学期物理期末试卷,2,1
湖北孝感德安,1,1
湖北孝感德安中学,1,1
湖北孝感新高一分班考试,4,1
湖北孝感楚天教科研协作体高中高一期末试卷,2,1
湖北孝感高中高一下学期物理期末,3,1
湖北小升初分班考试,5,1
湖北小升初英语分班试卷,6,1
湖北恩施,1,1
湖北恩施中考,1,1
湖北恩施巴东中考,22,1
湖北恩施施2024-2025年高一期末考试物理,7,1
湖北新起点考试生物学,1,1
湖北新高考协作体2023年高一期末联考,5,1
湖北新高考英语真题,4,1
湖北日语,7,1
湖北日语2024,1,1
湖北日语2024高二,16,1
湖北日语高二,2,1
湖北期中,4,1
湖北楚天协作体月考高三12月,1,1
湖北楚天协作体高一下学期物理期末,4,1
湖北武汉2026三月调研,1,1
湖北武汉一模,2,1
湖北武汉中学2026,5,1
湖北武汉市第二中学,1,1
湖北武汉市高一,4,1
湖北武汉部分学校2022～2023高一期中联考化学高一上,1,1
湖北武汉青山区数学2025—2026九年级期末考,3,1
湖北武汉高一物理,3,1
湖北武汉高一物理上学期期末,2,1
湖北省2022年物理高考,3,1
湖北省2024 2025学年秋季学期高二期末联考,9,1
湖北省2024年数学合格,1,1
湖北省2025届高三起点考试生物,1,1
湖北省2025届高三起点考试英语,1,1
湖北省2025襄阳四中高一上学期11月月中考化学试卷,4,1
湖北省2026中考试卷,3,1
湖北省2026年地理生物中考试卷,9,1
湖北省2026高一下八校联考,2,1
湖北省2026高一下新八校联考数学试卷,6,1
湖北省26年高三八月联考,3,1
湖北省26年高三圆创八月联考,15,1
湖北省七市州高三下学期3月联合统一调研测试物理,3,1
湖北省九月,1,1
湖北省云学联盟9,1,1
湖北省云学联盟9月,1,1
湖北省仙桃市2026年中考数学卷,3,1
湖北省利川市忠路镇小河初级中学,5,1
湖北省十一校2026届第一次联考,8,1
湖北省十一校高三下学期第二次联考物理试题,3,1
湖北省十堰市,6,1
湖北省十堰市七中入学考试卷,1,1
湖北省十堰市十二中分班考试卷,3,1
湖北省十堰市十考试卷,1,1
湖北省十堰市实验中学入学考试卷,2,1
湖北省十堰市竹山,4,1
湖北省华中师大一附中2025年高三核心素养试卷,9,1
湖北省原创联盟高三下学期3月联合测评,2,1
湖北省合格考,3,1
湖北省名校联盟圆创2027届高三第一次联合测评数学,3,1
湖北省咸宁市赤壁市八上期中数学,1,1
湖北省咸宁市赤壁市八上期中物理,11,1
湖北省咸宁市赤壁市八上期中英语,6,1
湖北省咸宁市赤壁市必修一人教版化学期中试卷,10,1
湖北省咸宁市赤壁市必修一人教版化学理期中试卷,1,1
湖北省咸宁市赤壁市必修一人教版数学期中试卷,39,1
湖北省咸宁市赤壁市必修一人教版物理期中试卷,24,1
湖北省圆创8月,1,1
湖北省圆创第一次,1,1
湖北省孝感高级中学高一,18,1
湖北省宜昌市2025年高三起点考,18,1
湖北省实验,1,1
湖北省实验中学,2,1
湖北省实验高一,3,1
湖北省小学五年级奥数题,1,1
湖北省小学奥数题,1,1
湖北省恩施州2026年八年级语文期末考试,4,1
湖北省新八校26届高三10月联考试卷,1,1
湖北省新八校26届高三上学期第一次联考试卷,10,1
湖北省新八校26届高三联考试卷,1,1
湖北省新八校联考数学,2,1
湖北省武昌实验中学,5,1
湖北省武汉,2,1
湖北省武汉 高三,1,1
湖北省武汉中学2025~2026学年度高一学年级上学期10月月考英语,2,1
湖北省武汉中学2025到2026学年高三上学期元月月考英语,3,1
湖北省武汉中学20262027届高三7月阶段检测英语,5,1
湖北省武汉市.实验,1,1
湖北省武汉市2025—2026学年下学期高一英语期末自编模拟试卷二,7,1
湖北省武汉市2026中考试题,1,1
湖北省武汉市2026届高中毕业生三月调研考试数学,2,1
湖北省武汉市化学期末九年级上册,4,1
湖北省武汉市华中师大一附中2022一2023学年度上学期高一期末检测语文试题,5,1
湖北省武汉市华师一附中高一上期中数学试卷,4,1
湖北省武汉市武昌,3,1
湖北省武汉市武昌区七上语文武昌期末卷,5,1
湖北省武汉市武昌区武汉中学2025到2026学年度高三年级上学期期末考试英语试卷,3,1
湖北省武汉市武珞路2025—2026九年级上学期期中考,1,1
湖北省武汉市武珞路2025—2026九年级期末考,1,1
湖北省武汉市江岸区高一上期中考试,43,1
湖北省武汉市省实验,1,1
湖北省武汉市第二中,1,1
湖北省武汉市第二中学,2,1
湖北省武汉市部分学校2025-2026高三上学期9月调研,7,1
湖北省武汉市黄陂区四年级上册语文单元检测试卷,6,1
湖北省武汉市黄陂区四年级上册语文第一单元和第二单元课堂作业检测试卷,3,1
湖北省武汉调考,3,1
湖北省武汉高三,3,1
湖北省武穴中学,2,1
湖北省汉川市第一中学,4,1
湖北省沙市中学,2,1
湖北省石首市文昌小学一年级上册数学期中试卷,2,1
湖北省联考卷,8,1
湖北省腾云联盟2056届高三8月联考联考试卷,25,1
湖北省荆州市2025~2026高一下学期7月质量检测数学试卷,4,1
湖北省襄阳市五中,1,1
湖北省襄阳市五中数学,1,1
湖北省襄阳市五中数学自主招生,4,1
湖北省襄阳市八上数学期末试卷,1,1
湖北省襄阳市数学七上第一单元月考试卷,3,1
湖北省襄阳市数学七上第一单元试卷,1,1
湖北省襄阳市樊城区二十中数学七上第一单元月考试卷,13,1
湖北省襄阳市第四中学高一下册期末,3,1
湖北省襄阳市襄城区数学七上第一单元月考试卷,4,1
湖北省襄阳市高新区数学七上第一单元月考试卷,6,1
湖北省通山一中开学考,1,1
湖北省通山县,7,1
湖北省部分省级示范高中2025-2026学年高二上学期期中测试数学试卷,5,1
湖北省部分重点中学2026届高三第一次联考,8,1
湖北省部分重点中学高三第二次联考物理试题,7,1
湖北省部分重点中学（六校）2026届高三年级第二次联考,1,1
湖北省部分高中联考,7,1
湖北省随州,1,1
湖北省随州英语期末,2,1
湖北省高一上九月月考,19,1
湖北省高一下新八校联考数学试卷,1,1
湖北省高一数学期末试卷,7,1
湖北省高三9月调研考试,1,1
湖北省高三9调武汉,1,1
湖北省高三圆创联盟2027,2,1
湖北省高三数学9月考试,2,1
湖北省高三武汉调考,4,1
湖北省高三英语开学考,3,1
湖北省高三起点,1,1
湖北省高三起点考试,1,1
湖北省高中名校联盟(圆创)第一次2026届高三联考物理试,2,1
湖北省高中名校联盟(圆创)第一次2026届高三联考试,6,1
湖北省高中名校联盟(圆创)第一次2026届高三联考试卷,2,1
湖北省高中名校联盟2025届高三第一次联合测评,16,1
湖北省高中名校联盟2025届高三第一次联合测评 物理,10,1
湖北省高中名校联盟2025届高三第一次联合测评 物理 试卷+答案,5,1
湖北省高中名校联盟2026届高三第一次联考物理试卷,3,1
湖北省高中名校联盟2026届高三第一次联考英语试卷,4,1
湖北省高中名校联盟2026届高三第一次联考试卷,6,1
湖北省高中名校联盟（即圆创联盟）2026届第一次联考,1,1
湖北省高中名校联盟（圆创）2026届第一次联考,3,1
湖北省高中学业合格性考试卷化学,2,1
湖北省高中学业合格性考试卷地理,6,1
湖北省高中学业合格性考试卷地理2026,3,1
湖北省高中学业合格性考试卷政治,7,1
湖北省高中学业合格性考试卷数学,6,1
湖北省高中学业合格性考试卷物理,9,1
湖北省高中自主招生考试,3,1
湖北省高二上学期入学检测,5,1
湖北省高二数学A,3,1
湖北省高二数学人,1,1
湖北省高二期末数学A,1,1
湖北省黄冈中学,2,1
湖北省黄冈市高一下期末考试,1,1
湖北省黄冈市高一下期末考试化学,1,1
湖北省黄冈市高三9月份调研,6,1
湖北省黄冈市高三调研,1,1
湖北省黄冈市高二下学期期末质量检测,1,1
湖北省黄石市2025 2026高一下学期期末考试,1,1
湖北省黄石市20254月调考,2,1
湖北省黄石市大冶市2025年7年级上册期末考试卷数学,8,1
湖北联合检测,9,1
湖北英语,1,1
湖北襄阳四中2023级高三,2,1
湖北襄阳四中2023级高三上学期质量检测,2,1
湖北襄阳四中2023级高三上学期质量检测物理,3,1
湖北语文,4,1
湖北阶段检测,1,1
湖北随州九年级上学期物理,7,1
湖北随州高二下学期期末语文,11,1
湖北高一上学期学考,2,1
湖北高一上学期期中,2,1
湖北高一上学期期末化学试卷,3,1
湖北高一上学期统考生物,5,1
湖北高一下学期期末,90,1
湖北高一学期期末英语试卷,1,1
湖北高一物理作业,1,1
湖北高一统考生物,5,1
湖北高三8月份8校联考,3,1
湖北高三8月份T8联考,5,1
湖北高三9月考试卷,2,1
湖北高三三模24,2,1
湖北高三上学期返校8校联考,2,1
湖北高三上学期阶段检测,3,1
湖北高三下学期期末,3,1
湖北高三八月调考,4,1
湖北高三四调24,3,1
湖北高三圆创,1,1
湖北高三开学考,2,1
湖北高三新八校物理,3,1
湖北高三新起点考试生物学,1,1
湖北高三楚天协作体新起点考试数学,3,1
湖北高三楚天协作体新起点考试生物学,3,1
湖北高三武汉二调物理,3,1
湖北高三语文,2,1
湖北高二上学期学考,2,1
湖北高二下学期学考,2,1
湖北高八月调考,1,1
湖北高考打包,3,1
湖北高考物理真题,6,1
湖北高考真题2025,2,1
湖北麻城,1,1
湖北麻城九年级期初考,1,1
湖北麻城八年级期末考,4,1
湖北麻城八年级期末考数学,2,1
湖北黄冈七年级下册数学试卷,4,1
湖北黄冈自主招生卷,1,1
湖北黄冈自主招生数学卷,1,1
湖北黄梅  2026,4,1
湖北黄梅2026年8年级期末数学卷,1,1
湖南.朝阳国际小升初,4,1
湖南2024物理高考,3,1
湖南2025年高考化学,1,1
湖南2026初一下册数学期末试卷,18,1
湖南2026初一下册期末试卷,1,1
湖南2026初一下册永州市数学期末试卷,2,1
湖南2026届雅礼中学物理起点考试,1,1
湖南2026届雅礼中学语文,6,1
湖南2026级新高一上入学考试,2,1
湖南2026高三模考,3,1
湖南2026高三模考一,2,1
湖南2026高三模考一化学,10,1
湖南25年高考卷,1,1
湖南A佳中考联考,5,1
湖南A佳联考,1,1
湖南一年级下学期阶段检测,3,1
湖南七下数学期末试卷,1,1
湖南七下期末试卷,1,1
湖南专用,5,1
湖南中考 试卷2026物理,3,1
湖南九年级试卷,1,1
湖南九年级试卷2026物理,1,1
湖南九校联盟,6,1
湖南九校联盟联考,1,1
湖南二年级上学期阶段检测,2,1
湖南二年级下学期阶段检测,2,1
湖南八年下册第一章四边形,1,1
湖南八年下册第一章四边形湘教版,3,1
湖南八年下册第三章一次函数湘教版试卷,1,1
湖南八年级下册数学期末考试试卷,5,1
湖南八年级下册第三章一次函数数学湘教版试卷章节试卷,4,1
湖南八年级下册，数学湘教版新版第一章四边形对应试卷,9,1
湖南出社版地理,1,1
湖南初一上册第1单元检测卷,2,1
湖南初二 数学 2025 2026八年级下册期末,3,1
湖南初二 物理 2025 2026八年级下册期末,2,1
湖南卷,1,1
湖南卷高考,1,1
湖南历史高考,2,1
湖南名校,1,1
湖南名校联盟共同体,1,1
湖南名校联考联合体,4,1
湖南四年级下学期阶段检测,2,1
湖南地理,4,1
湖南地理模考,1,1
湖南多校联考2025‑2026学年高二下学期5月期中语文试题,3,1
湖南大学自主招生,1,1
湖南天一,1,1
湖南天壹,2,1
湖南天壹三月联考,15,1
湖南天壹名校2026高三8月入学,1,1
湖南天壹高三下学期,1,1
湖南学业,4,1
湖南学考 20 2 6 年 学业水平考试真题,2,1
湖南学考 生物,7,1
湖南学考生物真题卷,18,1
湖南宁乡,1,1
湖南对口升学数学,1,1
湖南岳阳初中物理竞赛试卷,4,1
湖南岳阳楼区初中期末八下2023,3,1
湖南市雅礼中学,1,1
湖南市雅礼中学2026届,7,1
湖南师大教育集团七年级上册期中试卷,1,1
湖南师大附,4,1
湖南师大附2024二模,2,1
湖南师大附中2024届高三月考数学,7,1
湖南师大附中2024至2025年读高一第二学期期中考试。,1,1
湖南师大附中2025年高二下期末考试化学,3,1
湖南师大附中20二五届高3月考试卷六英语语,3,1
湖南师大附中联考英语,1,1
湖南师大附中集团入学测试,5,1
湖南师大附中集团开学考题,5,1
湖南师大附中雨花,1,1
湖南师大附中雨花入学测,4,1
湖南师大附中雨花学校,7,1
湖南师大附中雨花开学考,1,1
湖南师大附中高一数学试卷,1,1
湖南师大附中高三上学期联考英语,1,1
湖南师大附中高三月考,11,1
湖南师大附中高三联考英语,1,1
湖南师大附中高二,4,1
湖南师大附中高二数学期末,8,1
湖南师大附中高二语文,3,1
湖南师大附二模,3,1
湖南师范大学附属中学2024-2025学年高三上学期月考试卷（一）英语试题,1,1
湖南师范大学附属中学2025~2026学年第二学期7年级期末数学,1,1
湖南师范大学附属中学20二五届高3月考试卷六英语语,10,1
湖南师范大学附属中学高一下期末,1,1
湖南师范大学附属中学高一数学试卷,3,1
湖南师范大学附属中学高二上开学,1,1
湖南常德八年级数学上册,3,1
湖南数学七年级上学期第1单元检测卷,1,1
湖南数学初一上册第1单元检测卷,1,1
湖南普通高中学业水平学业选择性考试,1,1
湖南望城区七上期末试卷,4,1
湖南期中,1,1
湖南株洲英语学考试卷,2,1
湖南株洲高中英语学考试卷,1,1
湖南桃源一中,1,1
湖南永州,9,1
湖南永州2025高二月考,7,1
湖南永州一中语文,2,1
湖南永州一中语文高一月考,4,1
湖南永州一模卷,1,1
湖南永州四中高一上学期入学考试,2,1
湖南永州地理,1,1
湖南永州市冷水滩区第四中学开学考试卷,6,1
湖南永州市四中高一上入学试卷,1,1
湖南永州市四中高一上学期入学试卷,1,1
湖南永州市四中高一入学试卷,1,1
湖南永州市四中高一期中试卷,6,1
湖南永州市四中高一期中试卷数学,5,1
湖南永州市四中高一期中试卷英语,3,1
湖南永州第二中学语文,4,1
湖南永州第八中学,12,1
湖南浏阳二中,1,1
湖南湘东教学联盟,14,1
湖南湘潭期末,8,1
湖南湘西州六年级下册科学期末考试2026,9,1
湖南湘西州六年级下册科数学期末考试,6,1
湖南湘西自治州2025-2026学年下学期高一年级期末试卷历史试题,3,1
湖南湘西自治州2025-2026学年下学期高一年级期末试卷英语试题,1,1
湖南湘西自治州2026期末考试地理试卷,2,1
湖南湘西自治州202期末考试 历史试卷,3,1
湖南湘西自治州202期末考试 地理试卷,1,1
湖南湘西自治州202期末考试 物理试卷,1,1
湖南湘西自治州202期末考试 英语试卷,4,1
湖南湘西自治州202期末考试地理试卷,2,1
湖南炎德,3,1
湖南炎德英才,3,1
湖南炎德英才大联考高二物理下学期期末试卷,1,1
湖南炎德英才英语,3,1
湖南物理高考,1,1
湖南生物高三学业水平考试卷,1,1
湖南百师联盟,6,1
湖南益阳沅江高一上学期入学考试,1,1
湖南省 20 25年普通高中毕业学业水平考试化学真题,1,1
湖南省 20 25年普通高中毕业学业水平考试语文真题,2,1
湖南省2023年普通高中学业水平选择性考试,1,1
湖南省2023年普通高中学业水平选择性考试思想政治,3,1
湖南省2025年高考物理,4,1
湖南省2025年高考物理压轴题,4,1
湖南省2025普通高中学业水平选择性考试 化学试卷,1,1
湖南省2026届高三九校联盟第一次联考英语,1,1
湖南省2026年中考,11,1
湖南省2026年中考数学试卷,3,1
湖南省2026年初中学业水平考试,6,1
湖南省2026年普通高中学业水平选择性考试历史试题,1,1
湖南省2026年普通高中学业水平选择性考试思想政治,6,1
湖南省2026普通高中学业水平选择性考试,1,1
湖南省2026普通高中学业水平选择性考试化学,1,1
湖南省七年级考试数学试卷,1,1
湖南省九年级上册化学2单元试卷,3,1
湖南省名校联合体2024-2025高三上入学摸底数学,7,1
湖南省天一联考卷,1,1
湖南省天一联考卷高三,5,1
湖南省天一联考卷高三长郡,1,1
湖南省天一联考高三卷子数学,3,1
湖南省天壹高二,1,1
湖南省天壹高二上,3,1
湖南省天壹高二上10月,1,1
湖南省天壹高二上月考,2,1
湖南省娄底市九上数学湘教版第一单元重难点附加题,2,1
湖南省娄底市双峰一中高一 上 期末物理试卷,3,1
湖南省娄底市娄星区九上数学湘教版第一单元重难点附加题,11,1
湖南省娄底市新化县2024-2025学年八年级下学期期末物理试题,3,1
湖南省娄底市涟源一中2025高一上册入学考试数学试卷,2,1
湖南省娄底市涟源一中2025高一新生入学考试数学试卷,3,1
湖南省娄底市涟源一中高一入学考试数学试卷,7,1
湖南省宁乡市2023~2024学年高三上学期11月调研考试物理试题。,4,1
湖南省安乡县第一中学高一上学期开学考,1,1
湖南省安乡县第一中学高一上开学考,2,1
湖南省安乡县第一中学高一开学考,1,1
湖南省岳阳市2026届高三下学期5月信息模拟数学试题,3,1
湖南省岳阳市一中,1,1
湖南省岳阳市一中高一入学考试试卷,1,1
湖南省岳阳市岳阳楼区2025-2026期末质量检测,11,1
湖南省师大附中,10,1
湖南省师大附中20二五届高3月考试卷五,6,1
湖南省师范大学附属中学,3,1
湖南省常德市安乡县第一中学高一上开学考,5,1
湖南省常德市安乡县高一上开学考,1,1
湖南省常德市武陵区2026常德市第五中学初一入学模底测试,5,1
湖南省常德市鼎城区淮阳,1,1
湖南省开学考数学高三上,4,1
湖南省怀化市,2,1
湖南省怀化市2026年下学期期末七年级教学质量抽测卷生物,3,1
湖南省怀化市会同县高一入学考试卷物理,5,1
湖南省怀化市高一入学考试卷,3,1
湖南省怀化市麻阳,3,1
湖南省新高考教学教研联盟2025到2026学年高二上学期12月联考数学A卷,6,1
湖南省新高考教学教研联盟2026届高三年级12月联考数学试卷,2,1
湖南省望城六中,1,1
湖南省株洲市茶陵县云阳中学,3,1
湖南省永州市,12,1
湖南省永州市2026年,17,1
湖南省永州市2026年英语,1,1
湖南省永州市江华二中,2,1
湖南省永州市江华二中入学高三考试,1,1
湖南省永州市第四中学,3,1
湖南省永州市第四中学入学考,1,1
湖南省汉寿县,4,1
湖南省溆浦七年级考试数学试卷,8,1
湖南省益阳市桃江县第一中学2025至2026学年第二学期高一期末。,1,1
湖南省祁阳市2025八上期中考试真题,1,1
湖南省联考,18,1
湖南省衡阳县2025-2026学年高一期末检测日语,1,1
湖南省衡阳市 四校联考2025~2026七年级 数学试卷,1,1
湖南省邵阳市石门一中高一期末试题数学,1,1
湖南省邵阳市隆回县高一期末试题数学,2,1
湖南省郴州市2022‑2023学年九年级上学期期末学业质量监测数学试卷,5,1
湖南省郴州市临武县,2,1
湖南省郴州市临武县第二中学,1,1
湖南省郴州市临武县第二中学分班考,1,1
湖南省郴州市临武县高中,1,1
湖南省郴州市临武县高中①,1,1
湖南省郴州市永兴县树德中学,18,1
湖南省郴州市永兴县树德中学入学卷,29,1
湖南省郴州永兴,4,1
湖南省醴陵市,5,1
湖南省长沙市 雅礼 11月 数学,1,1
湖南省长沙市 雅礼 高一 11月 数学,3,1
湖南省长沙市南雅中学高一数学试卷,3,1
湖南省长沙市师范大学附属中学,5,1
湖南省长沙市望城六中,1,1
湖南省长沙市第一中学2024—2025学年高一化学试题,4,1
湖南省长沙市第二十六中学（湖南师大附中雨花学校）,3,1
湖南省长沙市第二十六中学（湖南师大附中雨花学校）2025-2026,14,1
湖南省长沙市衡阳市第八中学等校2026届高三下学期5月学情自测数学试题,2,1
湖南省长沙市长郡中学,7,1
湖南省长沙市长郡中学2024-2025学年高一化学,9,1
湖南省长沙市雅理教育集团2021至2022学年8年级上学期期中联考物理试卷,3,1
湖南省长沙市雅礼中学2025-2026学年高一上学期11月期中考试数学试题,2,1
湖南省长沙市雅礼中学2025-2026学年高一上学期11月期中考试物理试题,1,1
湖南省长沙市雅礼中学高一上学期11月期中考试化学试题,3,1
湖南省长沙市雅礼中学高一上学期11月期中考试物理试题,1,1
湖南省长沙市雅礼教育集团,1,1
湖南省长沙市雅礼教育集团二零二五至二零二六学年高一上学期期中考试数学试卷,2,1
湖南省长沙市雅礼教育集团八上数学期末考试,11,1
湖南省长沙市雅礼教育集团八上数学期末考试2024到2025,13,1
湖南省长沙市高一下学期政治期末卷,10,1
湖南省长沙市高一下学期数学期末卷,10,1
湖南省长沙市高一下学期期末地理卷,1,1
湖南省长沙市高一下学期期末政治卷,6,1
湖南省长沙市高一下学期期末数学卷,5,1
湖南省长沙市高二上学期开学考试历史卷,4,1
湖南省长沙市麓山国际实验学校,2,1
湖南省长郡中学2025到2026高一7月期末考试物理,1,1
湖南省雅礼中学好2026年高二上学期期末考试英语试卷,10,1
湖南省高一上期末,10,1
湖南省高一下期末,16,1
湖南省高一下期末张家界数学,1,1
湖南省高一化学入学分班考试,4,1
湖南省高一语文入学考试,1,1
湖南联考,4,1
湖南英语中考,3,1
湖南衡阳8年级下册英语免费真题卷,4,1
湖南衡阳市衡阳县第四中学2025-2026学年下学期期中考试高一英语,5,1
湖南郴州2026学年下学期期末教学质量监测试题卷七年级数,6,1
湖南郴州市2025-2026学年下学期期末数学质量监测高二数学,1,1
湖南郴州市2025-2026学年下学期期末数学质量监测高二英语,1,1
湖南郴州市2025-2026学年下学期期末英语质量监测高二英语,4,1
湖南郴州物理一轮模拟,4,1
湖南郴州物理一轮模拟高中,5,1
湖南长沙2024调研物理,5,1
湖南长沙2025-2026学年下学期八年级期末英语卷,1,1
湖南长沙2025一模,5,1
湖南长沙市2025-2026学年八下期末英语,1,1
湖南长沙市2026年高三年级模拟考试数学试卷,2,1
湖南长沙市周南中学2026届高三下学期仿真演练数学卷(二),1,1
湖南长沙市周南中学2026届高三仿真演练数学卷(二),1,1
湖南长沙市雅礼中学,5,1
湖南长沙市雨花区八年级期末,9,1
湖南长沙期末高一下化学,5,1
湖南长沙期末高一化学,4,1
湖南长沙高三语文,1,1
湖南长群中学中考,2,1
湖南长群中学模拟语文卷,4,1
湖南长郡,7,1
湖南阶段检测,1,1
湖南雅礼期中,1,1
湖南雅礼期中初三,3,1
湖南雅礼期中初三上化学,2,1
湖南雅礼期中初三上学期,1,1
湖南高 一 下 202 4 2025年期未卷数学,6,1
湖南高一上册物理,1,1
湖南高一上学期学考,1,1
湖南高一上学期阶段检测,2,1
湖南高一下册物理,1,1
湖南高一下册物理长郡中学,4,1
湖南高一下学期期中,2,1
湖南高一下学期期末,8,1
湖南高一下学期省示范卷数学,2,1
湖南高一开学考上学期,2,1
湖南高一新生入学考试,3,1
湖南高三入学考试炎德英才,5,1
湖南高三入学考试炎德英才长沙,1,1
湖南高中学业水平考试,3,1
湖南高二上学期学考,3,1
湖南高二上学期期末,1,1
湖南高二下册物理长郡中学,4,1
湖南高二下学期期中考试语文,4,1
湖南高考历史2026,1,1
湖南高考模考,14,1
湖南高考生物,1,1
湖大附中,3,1
湖天中学,6,1
湖州,3,1
湖州4月化学,2,1
湖州一中分班考,2,1
湖州丽水,3,1
湖州五中,3,1
湖州卷,6,1
湖州市2025-2026学年第二学期高二英语教学质量检测卷,1,1
湖州市吴兴区,1,1
湖州市吴兴区六上,1,1
湖州市吴兴区六下,1,1
湖州市第二,1,1
湖州生物,40,1
湖州贯通班真题,4,1
湖州高中贯通班,1,1
湖州高中贯通班考试卷,2,1
湖湘教育,2,1
湘一南湖学校,1,1
湘一南湖学校初二物理,3,1
湘东教学联盟,1,1
湘东教学联盟地理,1,1
湘东教学联盟数学,1,1
湘少版,1,1
湘教版,1,1
湘教版八年级上册地理,8,1
湘教版六年级上册音乐电子课本,3,1
湘教版六年级下册语文,4,1
湘教版地理,5,1
湘教版数学八年级上册重难点专训,4,1
湘教版数学课本,6,1
湘教版数学高中,2,1
湘教版相似三角形试卷,1,1
湘教版选修一高二数学,3,1
湘教版选择性必修一优化学案,5,1
湘教版选择性必修一地理地球运动,5,1
湘教版选择性必修一导学案,8,1
湘江版高一数学必修一课本习题答案,7,1
湘潭大学附属中学拔尖创新人才,1,1
湘潭市 2025 年高2第一次统考,3,1
湘潭市 2025 年高三一模,4,1
湘潭市 2025 年高三第一次统考,1,1
湘潭市 2025 年高中一模,1,1
湘潭市 2025 年高二第一次重合统考,1,1
湘潭市一中,1,1
湘版2026年八年级上册地理知识点总结,1,1
湘版地理,1,1
湘西2025-2026高一期末英语听力,4,1
湘西2025-2026高一期末英语听力音频,7,1
湘豫名校2026届,3,1
湘豫联考高三,4,1
湘豫联考高三开学考,4,1
湘郡礼德学校,2,1
湛江一中,13,1
湛江一中2025-2026月考,4,1
湛江一中高一月考,2,1
湛江农垦,1,1
湛江市2024 2025学年第1学期期末调研考试,28,1
湛江市2024 2025学年第二学期期末调研考试,2,1
湛江市区统考卷,1,1
湛江市博雅学校,1,1
湛江市博雅学校8年级,1,1
湛江市坡头区第一中学,3,1
湛江市开发区实验学校,3,1
湛江市开发区实验学校分班考试,1,1
湛江市第一中学,18,1
湛江市第二中学,2,1
湛江市经济开发区实验,1,1
湛江市经济开发区实验学校分班考试,1,1
湛江市经济开发区实验学校初一,1,1
湛江市经济开发区实验学校小升初,1,1
湛江市霞山区2024年滨海学校招生考,5,1
湛江恒盛初一分班考,2,1
湛江滨海,3,1
湛江第九中学,1,1
湛江高一上月考,3,1
湛江高一下物理联考,6,1
湛江高二上月考,2,1
湾塘路小学,4,1
溆浦,3,1
溆浦一中,2,1
源清,3,1
溧水高级中学,1,1
溪西中学,3,1
溶度积,5,1
溶江中学初一分班考,3,1
溶液,5,1
溶液 2024 单元复习专题,1,1
溶液中离子浓度大小关系练习题,7,1
溶液共存,6,1
溶液的酸碱性,13,1
滁州天长历届中考数学,4,1
滁州市八年级上册语文第一次月考试卷,7,1
滁州市初中期末试卷,20,1
滁州市小学期末试卷,41,1
滁州高一,3,1
滑动变阻器范围,3,1
滑动摩擦力,2,1
滑块 板块 传送带 模型模板,5,1
滑块木板,3,1
滑板滑块模型,1,1
滑轮专项练习,3,1
滑轮组专项,2,1
滕州.统考,1,1
滕州一中,25,1
滕州一中2025高二月考,1,1
滕州一中2026高二月考,4,1
滕州一中高一,6,1
滕州一中高一25,1,1
滕州一中高二月考,1,1
滕州八年级语文试卷,1,1
滕州北辛新初一分班考,3,1
滕州实验小学,8,1
滕州小学三年级,4,1
滕州尚贤小升初,3,1
滕州市2024一2025八年级上册数学六合学校月考试卷,1,1
滕州市2024一2025八年级上册数学北辛月考试卷,1,1
滕州市大坞镇大坞中学,16,1
滕州市育才中学,2,1
滕州木石统考,6,1
滕州统考,28,1
滕王阁序,5,1
滕王阁序 2026 课件,1,1
滕王阁序 2原文 注音版 及翻译,1,1
滕王阁序 原文及翻译,4,1
滚动训练,1,1
满分150九年级上册12单元仁爱版英语试卷作文题目为加油站,8,1
满分为150,4,1
满分作文 2026范文集锦,9,1
滦南一中,1,1
滨城中学,1,1
滨城区第四小学,7,1
滨城联盟高三上10月,42,1
滨城高中联盟,3,1
滨城高中联盟试卷,5,1
滨州2024中考数学,2,1
滨州2025中考数学,7,1
滨州202中考数学,1,1
滨州五年级数学压轴题,1,1
滨州博兴县八年级下学期期末,1,1
滨州市2023年初中英语学业水平考试,3,1
滨州市2023年英语学业水平考试,3,1
滨州市七年级下册语文期末考试卷,12,1
滨州市六年级下册期末英语,6,1
滨州市北镇中学高一月考物理,5,1
滨州市北镇中学高一月考生物,1,1
滨州市北镇中学高一月考英语,2,1
滨州市惠民县八上,2,1
滨州市滨城区北镇中学,3,1
滨州期末,2,1
滨州高一上学期期中考试化学,5,1
滨州高三上期末,1,1
滨江区,1,1
滨河 一,3,1
滨海中学,1,1
滨海大套中学,1,1
滨海新区八上期末,4,1
滨海新区八下数学,3,1
滨海新区八年级上数学,7,1
滨海新区八年级上物理,6,1
滨海新区八年级下册数学期末,3,1
滨海新区期末,6,1
滨海新区第一学期高一期末上2025,4,1
滨海新区第一学期高一期末上2026,4,1
滨海新区高一期末上2025,5,1
滨海耀华高一期中,1,1
滩上,4,1
滴定,5,1
滴定实验,4,1
演讲稿,4,1
漯河,3,1
漯河七年级上册分班考试,2,1
漯河七年级上册分班考试数学,11,1
漯河七年级分班考试,1,1
漯河三中七年级,1,1
漯河三中七年级分班考试卷,3,1
漯河三中分班考试卷,1,1
漯河三中小升初分班考试卷,1,1
漯河市第三初级中学,6,1
漯河市第三初级中学分班考,1,1
漯河市第二实验小学,2,1
漯河市第五初级中学,2,1
漯河市高一期末卷子数学,7,1
漯河本地中学真题,5,1
漯河汇源区六年级下期末试卷,2,1
漯河高中2024-2025学年下学期高一期末质量检测物理试题,6,1
漳州2024质检卷,2,1
漳州2024质检卷历史,1,1
漳州2025质检卷,7,1
漳州2025高三毕业班第一次教学质量检测,7,1
漳州2025高三英语第三次质检,1,1
漳州24~25年数学期末,1,1
漳州一中九年级月考卷,1,1
漳州一中九年级物理月考卷,1,1
漳州一中高一数学考,7,1
漳州三中,42,1
漳州二检,5,1
漳州八中八年级上册单元卷,5,1
漳州八中单元卷,3,1
漳州八年级单元试卷,3,1
漳州厦大附中贯通试卷,3,1
漳州实验中学开学考,1,1
漳州实验中学自主招生卷子,4,1
漳州市,4,1
漳州市2024-2025学年乙丙校联盟高一（上）期中质量检测联考物理试卷,6,1
漳州市2026一质检物理,1,1
漳州市2026第一次质量检测检物理,1,1
漳州市云霄县2026年历史七下期末,4,1
漳州市物理高三2026市二检,4,1
漳州市质检,1,1
漳州市高一下期末语文试卷,2,1
漳州市高三一质检,2,1
漳州市高三二检物理2026,5,1
漳州市高三第一次市质检,8,1
漳州市高三质检数学,6,1
漳州市高二期末考数学,1,1
漳州市龙海区九年级化学期中,1,1
漳州市龙海区九年级物理上册期中,2,1
漳州政治质检卷,3,1
漳州数学一质检,13,1
漳州立人,8,1
漳州英语,1,1
漳州英语初二上,4,1
漳州英语初二上第一次月考,2,1
漳州高三第一次质检,3,1
漳州高二上数学期中,8,1
漳浦一中自主招生,2,1
漳浦七上英语期末考试,3,1
潍坊2026年高二期末考试,1,1
潍坊2026高二期末,10,1
潍坊9月开学调研,9,1
潍坊9月质量检测统考,17,1
潍坊一中,2,1
潍坊一模,1,1
潍坊一模英语高中,3,1
潍坊一模语文,18,1
潍坊中考真题,3,1
潍坊二模,4,1
潍坊二模英语,5,1
潍坊二模语文,3,1
潍坊五年级小数压轴题,5,1
潍坊六下语文期末,1,1
潍坊六年级上册数学期末试卷,7,1
潍坊六年级数学期中,2,1
潍坊六年级数学第一学期期中,2,1
潍坊化学高三,2,1
潍坊化学高三开学,3,1
潍坊四年级上册小数和面积的试卷。,3,1
潍坊奎文,6,1
潍坊威海市第一中学,1,1
潍坊市2025 2026高一下学期期末化学,1,1
潍坊市2026届高三开学考试英语,1,1
潍坊市2026高三第一次模拟,1,1
潍坊市2026高考第一次模拟,12,1
潍坊市八年级数学上学期期末真题卷,4,1
潍坊市数学八年级上学期不等式压轴题,3,1
潍坊市玉清中学,1,1
潍坊市玉清小学,1,1
潍坊市玉清小学六年级,1,1
潍坊市高二上期中数学,10,1
潍坊市高二上期末数学,29,1
潍坊数学,1,1
潍坊数学开学,2,1
潍坊数学期中卷,6,1
潍坊期中,1,1
潍坊期末2026高一,8,1
潍坊期末2026高二,1,1
潍坊物理开学,1,1
潍坊玉清小学,1,1
潍坊玉清小学六年级,1,1
潍坊玉清小学六年级上,1,1
潍坊诸城市2025高二上学期期中化学,4,1
潍坊诸城市2025高二上学期期中数学,2,1
潍坊辰星,1,1
潍坊辰星高级中学,1,1
潍坊青州六年级上册数学期末试卷,7,1
潍坊高一下期末英语,5,1
潍坊高一月考卷,1,1
潍坊高一期末英语,2,1
潍坊高三上开学考2025,3,1
潍坊高二,2,1
潍坊高二下期末考试英语,3,1
潍坊高二期末考试,1,1
潍坊高二期末英语,3,1
潍坊高二英语期末,2,1
潍坊高新区五下期末,8,1
潘集区,2,1
潜山四中,4,1
潜山市,33,1
潜山市 七年级下学期,3,1
潜山市七年级下学期,3,1
潜山市期中,6,1
潜江中学,4,1
潜江高中,4,1
潞河中学,3,1
潢川中学期中试卷,3,1
潢川县 七年级 入学分班 、,3,1
潢川县 七年级 入学分班 、 信阳 淮滨城关中学 分班数学,1,1
潮城高级中学,1,1
潮安区,42,1
潮安区八上,3,1
潮安区八上英语,1,1
潮安区八下英语,4,1
潮安区八年级期末数学,7,1
潮安区开学考,4,1
潮安区期末,31,1
潮实,5,1
潮实8年级上册,2,1
潮实入学考,1,1
潮州市,2,1
潮州市九年级上册物理月考试卷,15,1
潮州市湘桥区2024-2025学年第二学期期末教学质量检查七年级英语,3,1
潮州市饶平县英才实验中学初一开学考,2,1
潮州市饶平县英才实验中学开学考,1,1
潮州湘桥区2025~2026七下期末统考,3,1
潮州湘桥区2025年七下官方期末统考真题,2,1
潮州韩文公庙碑,1,1
潮阳一中,3,1
潮阳中学,1,1
潮阳实验,1,1
潮阳实验中学,2,1
潮阳实验学,2,1
潮阳实验学校八上期末,1,1
潮阳文光镇二,10,1
潮阳第一中学,2,1
澄迈中学,2,1
澄迈县,1,1
澳门,4,1
激素与分泌系统,1,1
濉溪一中自主招生真题,1,1
濮阳市,7,1
濮阳市油田一中分班试卷,1,1
濮阳市油田第一中学,1,1
濮阳市物理,13,1
瀚声国际学校,5,1
瀚文,6,1
瀛海学校高一年级上学期物理第一次月考试卷,3,1
灌南二模,1,1
灌南惠泽高中分班考试卷,1,1
灌南惠泽高级中学高一语文试卷,10,1
灌南高级中学高一英语试卷,1,1
火枪手,1,1
火柴棒专项专题,1,1
火柴棒游戏奥数专项专题,9,1
火焰杯,1,1
火车转弯,4,1
火车转弯模型,6,1
灯塔市二高中高一开学考试卷,9,1
灯泡亮度与电功率,1,1
灵宝市2024 2025学年九上年级期中试题语文,6,1
灵宝市2025 2026学年九上年级期中试题,5,1
灵宝市2025 2026学年九上年级期中试题语文,4,1
灵宝市2025 2026学年九上年级期未试题,1,1
灵宝市2025 2026学年九上年级期末试题,22,1
灵宝市2025-2026学年七上年级期中试题,11,1
灵宝市2025-2026学年九上年级期中试题,2,1
灵宝市七年级上册期中测试,12,1
灵宝市市2024  2025学年九年级期末试题,1,1
灵宝市数学,3,1
灵山书院分班考,1,1
灵武市第三中学,2,1
灵武市第五中学,3,1
灵璧县第六中学七年级上册有理数单元卷,3,1
灵璧县第六中学七年级上册有理数第二单元卷,6,1
炎徳英才,1,1
炎徳英才大联考2026届高三,8,1
炎德英,1,1
炎德英才2026届高三第一次联考,1,1
炎德英才一月,3,1
炎德英才大联考湖南,1,1
炎德英才英语,1,1
炎德英才雅礼高三模考一,11,1
炎德英才高三开学考,11,1
炎德英才高三第一次联考,1,1
炎德英语,1,1
炎德高三上学期八月,3,1
炎陵一中,4,1
炳辉,1,1
点,1,1
点对点试题领航,9,1
点拨,6,1
点石4月联考,6,1
点石联考期末,1,1
点石联考物理试卷,12,1
点石联考高三上十月,1,1
点石联考高三上十月生物,4,1
点石联考高二9月,13,1
点石联考高二上期中,8,1
点石高二期末,11,1
点线距离,2,1
点集合数,1,1
烃,16,1
烃思维导图,1,1
烃的衍生物,2,1
烃的衍生物思维导图,1,1
烃类,1,1
烟台2021 2022高二下期末,1,1
烟台2025 2026高一下期末试卷,4,1
烟台2025 2026高二上学期期末试卷,7,1
烟台2025～2026学年度第二学期期末高二数学,1,1
烟台一中,1,1
烟台一中开学考,1,1
烟台一模,6,1
烟台中考2026,1,1
烟台中考语文真题,4,1
烟台九上化学期中,2,1
烟台九上数学期中,6,1
烟台九上物理期中,4,1
烟台九上英语期中,8,1
烟台九上语文期中,2,1
烟台二中,1,1
烟台五四制数学中考题,1,1
烟台初一,1,1
烟台初一上数学期中,2,1
烟台市九年级上册数学期末,2,1
烟台市九年级化学上册期中,5,1
烟台市九年级化学下册期中,3,1
烟台市九年级数学期末,1,1
烟台市牟平区 九年级上册22~23期中考试数学,4,1
烟台市牟平区 九年级上册23~24期中考试数学,1,1
烟台市福山区九上,6,1
烟台市芝罘区,4,1
烟台市芝罘区2026五四制数学六年级下册期末考试卷,1,1
烟台市芝罘区2026五四制英语七年级上册第一单元,8,1
烟台市芝罘区2026生物中考卷,8,1
烟台市芝罘区九年级化学期中卷上学期2020-2021,1,1
烟台市芝罘区九年级化学期中卷上学期2021-2022,1,1
烟台市芝罘区九年级化学期末卷上学期2019-2020,7,1
烟台市芝罘区九年级化学期末卷上学期2020-2021,2,1
烟台市芝罘区九年级数学期中卷上学期2020-2021,2,1
烟台市芝罘区九年级数学期中卷上学期2023-2024,7,1
烟台市芝罘区九年级数学期末卷上学期2022-2023,9,1
烟台市芝罘区九年级数学期末卷上学期2024-2025,5,1
烟台市芝罘区九年级数学期末卷上学期2025-2026,2,1
烟台市芝罘区九年级数学期末卷下学期2022-2023,5,1
烟台市芝罘区九年级物理期末卷下学期2022-2023,8,1
烟台市芝罘区八下期末物理,10,1
烟台市芝罘区生物中考卷,5,1
烟台市高一期中上册,1,1
烟台开发区九上化学期末,1,1
烟台开发区九上数学期末,3,1
烟台开学考,3,1
烟台期末,2,1
烟台期末数学,5,1
烟台某重点高中2024-2025高一上学期数学12月月考,4,1
烟台海阳七年级上册数学期中,5,1
烟台海阳九年级上册物理期中,2,1
烟台海阳八年级下册化学期末,1,1
烟台第一中学,2,1
烟台第二学期期末高二数学,1,1
烟台芝罘八年级上册2024～2025数学期中,1,1
烟台芝罘区2024–2025七年级上册英语期中卷,3,1
烟台芝罘区七年级上册2025 2026数学期中语文,1,1
烟台芝罘区七年级上册2025--2026政治期中考试,5,1
烟台芝罘区七年级上册2025-2026地理期中考试,2,1
烟台芝罘区七年级上册2025-2026数学期中考试,6,1
烟台芝罘区七年级上册2025-2026数学期中语文,2,1
烟台芝罘区七年级上册2025-2026生物期中考试,3,1
烟台芝罘区七年级上册2025-2026英语期中考试,3,1
烟台芝罘区九年级上册期中数学2021-2022,2,1
烟台芝罘区九年级上册期中数学2025-2026,4,1
烟台芝罘区九年级上册期末化学2024-2025,1,1
烟台芝罘区九年级上册期末数学2020-2021,2,1
烟台芝罘区九年级上册期末数学2023-2024,7,1
烟台芝罘区九年级上册期末语文2020-2021,1,1
烟台英语高二期末,1,1
烟台高一下期末数学,4,1
烟台高一期末,1,1
烟台高一期末数学,1,1
烟台高三上2025～2026化学数学考试试卷,1,1
烟台高三上2025～2026化学期中考试试卷,2,1
烟台高三上2025～2026数学期中数学考试试卷,9,1
烟台高三上2025～2026期中物理考试试卷,3,1
烟台高三上2025～2026期中生物考试试卷,3,1
烟台高三上2025～2026物理期中化学考试试卷,3,1
烟台高三上2025～2026物理期中数学考试试卷,4,1
烟台高三上化学期中考试试卷,1,1
烟台高三化学期中考试试卷,1,1
烟台高三开学考,1,1
烟台高二上政治期中考试,5,1
烟台高二上期中物理,3,1
烟台高二上期中英语,3,1
烟台高二上期中语文,3,1
烟台高二上期末数学,2,1
烟台高二下期末考试英语,2,1
烟台高二期中上,3,1
烟台高二期中上第一学期,11,1
烟台高二英语期末,3,1
热力学充放气问题,1,1
热化学,1,1
热化学与能量专题,4,1
热学三年汇编,4,1
热学充放气问题,4,1
热机效率人教版,3,1
热点新闻素材,5,1
热点话题2026,2,1
热量比热容同步练,2,1
烯烃炔烃化学反应,5,1
烹饪专业营养提纲,7,1
焦作,19,1
焦作高二,1,1
熟悉而陌生的力,5,1
燃料的燃烧,3,1
燃烧与燃料,2,1
燃烧的条件,2,1
燕子,5,1
燕尾模型,1,1
爱上地理课,2,1
爱疯英语,4,1
爱知,4,1
父爱之舟,1,1
牛,4,1
牛二定律,11,1
牛吃草问题,4,1
牛栏山一中2023入学考,7,1
牛栏山一中2025-2026期中数学,4,1
牛栏山一中2025-2026期中数学高一,2,1
牛頓第二定律,2,1
牛頓第二定律 10题型板块专题,1,1
牛頓第二定律寒假讲义,2,1
牛顿定律2027高考专题一轮复习物理,5,1
牛顿第二,1,1
牛顿第二定律一轮复习,1,1
牛顿第二定律的理解和初步应用,5,1
牟平一中,1,1
牟平宁海中学,1,1
牡丹区,7,1
牡丹江,10,1
牡丹江16中,1,1
牡丹江16中小升初,1,1
牡丹江一中,3,1
牡丹江一中2025‑2026高一下期末物理,3,1
牡丹江一中高二上2023－2024月考卷,3,1
牡丹江二中,8,1
牡丹江五子联盟七下,1,1
牡丹江八上数学期中试卷,1,1
牡丹江小升初,1,1
牡丹江市8年级上册语文期中试卷,15,1
牡丹江市一中联盟,3,1
牡丹江市七年级上学期地理试卷,6,1
牡丹江市八年级上学期地理期中,42,1
牡丹江市八年级上学期数学卷子,3,1
牡丹江市八年级上学期生物期中试卷,18,1
牡丹江市第一高级中学,1,1
牡丹江市第二中学高二下学期期末考试化学卷子,5,1
牡丹江期中,1,1
牡丹江期中数学,7,1
牡丹江期中英语,5,1
牡丹江第四子联盟七年级下历史期末,29,1
牡丹江第四子联盟八年级上英洪期末,73,1
牡丹江英语七年级,7,1
物体的内能浙教版,3,1
物体的动态平衡,4,1
物体的动态平衡必修一,1,1
物体的动态平衡高一,8,1
物态变化人教版,5,1
物态变化单元卷,2,1
物态变化检测卷,1,1
物态计算,1,1
物流理竞赛,1,1
物理 10月,5,1
物理 2024高考真题,3,1
物理 一模 2025,5,1
物理 一轮复习,1,1
物理 八下,1,1
物理 南开区一模,7,1
物理 实验2026汇总,4,1
物理 实验2026汇总 高考,1,1
物理 必修一 1,1,1
物理 必修一 1 2 3 4章复习知识点,1,1
物理 必修三,1,1
物理 汇编 北京,1,1
物理 知识点 2026新中考知识点考背,3,1
物理 知识点 2026新高考物理知识点梳理,1,1
物理 知识点2025汇总清单,4,1
物理 第1章动量题,7,1
物理 考题复习,14,1
物理01,3,1
物理01一轮,7,1
物理02,1,1
物理02一轮,10,1
物理2021雅礼同考期末,21,1
物理2024二模,11,1
物理2024二模上海,16,1
物理2024五校联考,3,1
物理2025,20,1
物理2025真题卷,1,1
物理2025高考真题,1,1
物理2026年,1,1
物理2026泰安一模,1,1
物理2026运动的描述及位移,1,1
物理2026高考真题东北卷,1,1
物理20的描述质点参考系,1,1
物理22,1,1
物理24年高考卷,4,1
物理8上,3,1
物理8上无锡月考,8,1
物理8上第一单元,1,1
物理8上第一单元声学,3,1
物理8年级上册,1,1
物理8年级上册人教版,1,1
物理8年级上册宿松期中卷,1,1
物理9年级上电学,2,1
物理一 轮 复习 2026,1,1
物理一 轮 复习 2026 备考专题,3,1
物理一诊,1,1
物理一诊中考,2,1
物理一诊中考成都,7,1
物理一诊中考成都20025,1,1
物理一诊中考成都2025,8,1
物理一诊中考成都期末,3,1
物理一诊中考成都期末金牛区,2,1
物理一轮,1,1
物理一轮专题,6,1
物理一轮复习力学,1,1
物理一轮复习运动学,1,1
物理一轮复习高考,5,1
物理万有引力,4,1
物理三模河北,1,1
物理上学期第一次,2,1
物理上学期第一次高二,1,1
物理专项,8,1
物理专项训练,5,1
物理专项训练力学,2,1
物理专题全国练习,1,1
物理专题期中复习,18,1
物理专题质点,1,1
物理专题高一,12,1
物理专题高一粤科版,6,1
物理中考,2,1
物理中考真题,1,1
物理中考真题马鞍山,2,1
物理临界问题,1,1
物理九上,1,1
物理九上15到17章综合卷,3,1
物理九上入学考,5,1
物理九上月考,16,1
物理九上期中考试厦门,5,1
物理九上期末,7,1
物理九上笫二周周测,1,1
物理九上第15章学业质量综合评价卷,1,1
物理九年级上册天津,4,1
物理九年级上册天津七中,9,1
物理九年级上册天津七中期中,1,1
物理九年级上册天津期中,17,1
物理九年级上册月考,2,1
物理九年级上册月考巴蜀,3,1
物理九年级上册鲁教版54制,7,1
物理九年级上册鲁教版54制内能与热机,3,1
物理九年级上册鲁教版54制物态变化,2,1
物理九年级上册鲁教版54制简单电路,1,1
物理九年级上册鲁科版54制专题,1,1
物理九年级上册鲁科版54制欧姆定律专题,4,1
物理九年级上册鲁科版54制电流电压电阻专题,4,1
物理九年级上册鲁科版54制简单电路,4,1
物理九年级上册鲁科版54制简单电路专题,6,1
物理九年级上册鲁科版专题,2,1
物理九年级电路,4,1
物理九年级电路拔高,2,1
物理九年级第十三章,1,1
物理九年级第十三章内能,2,1
物理九年级鲁科版专题,2,1
物理书,1,1
物理二模,16,1
物理二轮复习2026专题,3,1
物理人教版,5,1
物理人教版必修一,6,1
物理人教版必修一第二章学案,3,1
物理人教版第四单元测试题,5,1
物理人教版第四单元测试题八年级上册,6,1
物理优加密卷九上第二单元,7,1
物理优化设计必修三答案,2,1
物理假期作业,3,1
物理假期作业高一,1,1
物理光现象作图。,4,1
物理光现象选择题训练,2,1
物理光现象选择题训练沪科版。,4,1
物理免费视频,1,1
物理免费课程,6,1
物理全国练习,1,1
物理八上,3,1
物理八上人教,3,1
物理八上光学透镜,7,1
物理八上宜城,1,1
物理八上期中,1,1
物理八上期末,1,1
物理八上期末苏州,7,1
物理八上机械运动,6,1
物理八上机械运动计算专题,2,1
物理八上机械运动计算题,1,1
物理八上第一单元卷,3,1
物理八上襄阳,2,1
物理八上运动计算题,3,1
物理八下上海闵行区卷子,8,1
物理八下上海闵行区田园外国语中学卷子,6,1
物理八下华育初级,1,1
物理八下期末,2,1
物理八下期末苏州,6,1
物理八下期末试卷,14,1
物理八年级上册人教版,6,1
物理八年级下册2026真题,4,1
物理八年级速度,2,1
物理公式,10,1
物理初三,3,1
物理刹车陷阱,1,1
物理力学专题高中,2,1
物理力学临界问题,4,1
物理力学压轴,2,1
物理力学压轴大题,2,1
物理力学基础,3,1
物理力学大题,5,1
物理力学必修一,5,1
物理力学综合题,2,1
物理力的合成与分解,7,1
物理功,2,1
物理功率,2,1
物理功的例题,3,1
物理功的题型,3,1
物理动量守恒定律,8,1
物理动量练习,2,1
物理匀变速,2,1
物理化学十月月考,27,1
物理北京高二期末答案,3,1
物理北师大九年级上册,1,1
物理南开期末八年级,1,1
物理南方凤凰台,2,1
物理卷,6,1
物理卷八下期末永州,9,1
物理卷呢,9,1
物理压轴,1,1
物理压轴专题,2,1
物理压轴题汇编,2,1
物理受力分析专题,4,1
物理台江,10,1
物理同步练习册,1,1
物理含容,2,1
物理和平区,1,1
物理图像,1,1
物理圆周运动专题,10,1
物理培优讲义,2,1
物理培优难题,3,1
物理声学计算,1,1
物理声的现象,6,1
物理声计算,1,1
物理复习试卷,3,1
物理复杂电路分析专题,8,1
物理复杂电路化简专题,1,1
物理复杂电路化简专题，高考,6,1
物理复杂电路图分析专题,3,1
物理多过程运动学专练,1,1
物理大题专练,8,1
物理大题专练秘籍,6,1
物理大题常考模型,17,1
物理奥赛,1,1
物理奥赛初赛,1,1
物理学习资料,3,1
物理学考,8,1
物理安培力,11,1
物理安培力复习讲义,2,1
物理安徽,3,1
物理安徽合肥,2,1
物理实验11,6,1
物理宿州市十三洲,4,1
物理导体切割,1,1
物理导体棒,3,1
物理崇州一诊,2,1
物理平衡力学专项,5,1
物理库仑定律,5,1
物理开学学情,1,1
物理开学考,12,1
物理弹力,3,1
物理弹力练习高一,5,1
物理强基,8,1
物理徐汇,4,1
物理必修3章节11测试卷,3,1
物理必修一 二复习,6,1
物理必修一一二章,1,1
物理必修一上册人教版练习题,4,1
物理必修一专题,27,1
物理必修一人教版,4,1
物理必修一人教版练习题,1,1
物理必修一匀速直线运动的研究,10,1
物理必修一同步习题,1,1
物理必修一必修二,3,1
物理必修一必修二 复习讲义,3,1
物理必修一必修二 复习资料,3,1
物理必修一成才之路学案第二章,5,1
物理必修一所有知识点,3,1
物理必修一第三章 单元测试,6,1
物理必修一第二章学案,3,1
物理必修一第二章第一章,1,1
物理必修一练习题,5,1
物理必修一，二，选修一前3章实验题,8,1
物理必修三,9,1
物理必修三 9 章测试,2,1
物理必修三11 12测试,1,1
物理必修三11 12章测试,13,1
物理必修三单元检测卷,20,1
物理必修三培优,3,1
物理必修三培优拓展,1,1
物理必修三复习资料,1,1
物理必修三拔高拓展,1,1
物理必修三整本复习,1,1
物理必修三电学实验,1,1
物理必修三电路,1,1
物理必修三知识点,7,1
物理必修三第九章,4,1
物理必修三第十章章末综合检测,7,1
物理必修三课件,2,1
物理必修三金考卷电子版,3,1
物理必修二,3,1
物理必修二习题,3,1
物理必修二单元卷抛体运动,6,1
物理必修二圆周运动,5,1
物理必修二抛体运动,10,1
物理必修二第六章章节卷,9,1
物理必修二运动的描述,13,1
物理必刷题 一轮复习,3,1
物理思导图,1,1
物理成都树德中学高一,1,1
物理担保等效加速度,4,1
物理教材 电子版,4,1
物理教科版九上单元思维导图,1,1
物理教科版必修一,3,1
物理暑假作业,2,1
物理暑假作业01,3,1
物理期中九上沈阳,7,1
物理期中九上沈阳126,2,1
物理期中八上,2,1
物理期中高二,3,1
物理期末试卷,4,1
物理期末高二,2,1
物理期末高二上,3,1
物理机械杠杆,2,1
物理机械能守恒专项,1,1
物理板块运动专题训练,9,1
物理板块问题,4,1
物理树德中学,1,1
物理树德中学高一,3,1
物理模型,3,1
物理模型108个模型总结,8,1
物理模型108个模型总结高中,9,1
物理模拟卷高考,9,1
物理欧姆定律,4,1
物理步步高,4,1
物理步步高高三一轮复习,1,1
物理武汉武昌区,1,1
物理武汉武昌区八年级上册,1,1
物理武汉武昌区八年级上册期中试卷,2,1
物理武汉武昌区初二,1,1
物理沈阳,1,1
物理沈阳五校联考,4,1
物理沈阳五校联考高一上,2,1
物理沈阳初二,3,1
物理沪科版月考,3,1
物理河南,1,1
物理河南卷,3,1
物理河南商丘,2,1
物理河西区结课考,1,1
物理泸州八年级上,3,1
物理洛伦兹力与现代科技,4,1
物理洛伦兹力与现代科技高考题总结,1,1
物理浙南联盟,5,1
物理浮力压强,5,1
物理深圳高级中学期末,3,1
物理深高级期末,1,1
物理热学高考大题,5,1
物理牛顿,3,1
物理牛顿力学综合题高考真题汇编,3,1
物理牛顿定律,3,1
物理牛顿定律滑块传送带,2,1
物理电,1,1
物理电压电阻,3,1
物理电场专题,6,1
物理电场力专项,6,1
物理电场卷,2,1
物理电学图像题,5,1
物理电学画图题,3,1
物理电学知识梳理清单,4,1
物理电学随堂练,6,1
物理电池电动势与电阻测量,3,1
物理电磁,2,1
物理电磁学讲义,9,1
物理电磁感应,3,1
物理电磁感应专题训练,7,1
物理电路图,2,1
物理电路图练习,4,1
物理电路故障分析,26,1
物理电路故障分析上海,2,1
物理直线运动,2,1
物理真题,4,1
物理真题全刷,1,1
物理真题卷,1,1
物理真题山西高一,15,1
物理真题山西高一上,4,1
物理真题的逻辑,1,1
物理瞬时性,1,1
物理知识点梳理,2,1
物理福建,6,1
物理秒表读数,2,1
物理竞赛一轮,3,1
物理竞赛初赛,1,1
物理竞赛预赛试卷,2,1
物理竞赛高中,1,1
物理竞赛高中广东,2,1
物理第21讲,3,1
物理第2单元高音仗义。,1,1
物理第一单元知识点,3,1
物理第一单元练习,16,1
物理第一次月考人教版,11,1
物理第一章测试必修一人教版,1,1
物理第三章,1,1
物理第三章人教版,2,1
物理第十三章,2,1
物理第十章章测试卷,5,1
物理第十章粒子在电场中运动练习题,3,1
物理练习,2,1
物理结课考,1,1
物理脱轨问题,2,1
物理自招,3,1
物理自由落体,2,1
物理融化,5,1
物理融化初中,4,1
物理襄阳八上,3,1
物理襄阳八上宜城,18,1
物理西青期末高一,26,1
物理讲义,4,1
物理试卷2026八下,7,1
物理试卷2026八下六页,4,1
物理试卷九年级上册,3,1
物理试卷高一下四大,2,1
物理试题研究,3,1
物理质点参考系,1,1
物理质量练习题,1,1
物理贵州,7,1
物理轻绳轻杆,6,1
物理辽宁卷,1,1
物理运动,1,1
物理运动图像专题,3,1
物理运动的快慢,2,1
物理运动的描述初中,8,1
物理运动计算题,1,1
物理选修一,1,1
物理选修一机械振动,12,1
物理选修三,4,1
物理选修二综合卷,2,1
物理选必三,4,1
物理选必三高考题,5,1
物理选择必修二,2,1
物理选择必修修二,2,1
物理选择性必修一第一章,4,1
物理选择性必修三名校学案鲁科版,1,1
物理选择性必修三导与学,1,1
物理选择性必修三导与学鲁科版,1,1
物理选择性必修二前两章,1,1
物理选择题训练高中,2,1
物理选择题训练高中静电场,2,1
物理金版教程选必一,1,1
物理静电场专题,4,1
物理题型,3,1
物理题高三,4,1
物理高一上册期中考试试卷,8,1
物理高一上匀变速直线运动,3,1
物理高一上单元卷,10,1
物理高一上南开,1,1
物理高一上期中,1,1
物理高一上期中山西运城,4,1
物理高一上期末试卷,9,1
物理高一上期末试卷2025,4,1
物理高一上贵州毕节期末试卷2025,21,1
物理高一下大题,6,1
物理高一下期期末广东,13,1
物理高一下期末上海,2,1
物理高一下河南,4,1
物理高一压轴,1,1
物理高一培优第一,4,1
物理高一必修一，二期末试卷2025,1,1
物理高一月考卷,7,1
物理高一期末卷子,15,1
物理高一期末衡水,1,1
物理高一期末长郡,7,1
物理高一期末雅礼,4,1
物理高一期联考,1,1
物理高一模板练习,1,1
物理高一第一章综合测试人教版,5,1
物理高三一轮复习,3,1
物理高三一轮知识点,2,1
物理高三专题复习,2,1
物理高三专题复习天津,2,1
物理高三专题复习热学,6,1
物理高三压轴题,2,1
物理高三必修一测试卷,2,1
物理高三试卷周测,4,1
物理高三试卷山东,2,1
物理高三试卷山东泰安,4,1
物理高二,3,1
物理高二。,8,1
物理高二。单元专项。,2,1
物理高二单元,5,1
物理高二期末长郡,4,1
物理高二江苏扬州上学期26月考,2,1
物理高二考试月考滨海新区大港油田上学期,11,1
物理高二考试月考滨海新区大港油田上学期第1次,5,1
物理高考专题复习,22,1
物理高考专题复习微专题,2,1
物理高考专题练习,1,1
物理高考卷全国一卷,4,1
物理高考基础卷,1,1
物理高考复习微专题,31,1
物理高考必刷题,1,1
物理高考模拟卷,1,1
物理高考电动势磁场综合一轮复习,7,1
物理高考真题山西,3,1
物理高考真题山西高一,1,1
物理高考题,1,1
物理鲁科版54制欧姆定律专题,6,1
物理鲁科版54制欧姆定律专题期中专项练习,6,1
物理鲁科版54制简单电路专题,7,1
物理鲁科版必修3单元卷,6,1
物理，高一入学考,5,1
物质分类及转化,5,1
物质及其变化,3,1
物质及其变化专项练习,4,1
物质及其变化试卷,2,1
物质提纯和分离的练习,1,1
物质用途,3,1
物质的分,1,1
物质的分类,5,1
物质的分类与转化讲义,6,1
物质的分类及其转化,2,1
物质的分类及计量,15,1
物质的分类及转化专项训练,14,1
物质的分类及转化（2025年新高一化学暑假衔接讲练 人教版） 分为两个版本：学生填空版（就是你手上这份，共13页）、教师版（带全部标准答案） 来源：学科网/原创力文档付费电子资源，没有纸质实体书，是网上的Word/PDF讲义，不是市面书店卖的教辅。 ⚠️我没办法直接把完整文档文件发给你（受平台限制，不能传输外部文档）。 ✅两种解决办法 你继续一页一页截图发给我，我帮你把整本13页所有填空、选择题全部填完+解析。 你直接拍下一张，我继续做胶体之后剩下的内容。 如果你想要完整原文文档： 去学科网/原创力文档搜完整标题： 【02‑新课预习】第01讲 物质的分类及转化‑2025年新高一化学暑假衔接讲练 (人教版)教师答案版。,1,1
物质的分类和转化,2,1
物质的分类检测,1,1
物质的变化,5,1
物质的结构与性质,3,1
物质的输入和输出,6,1
物质的酸碱性,5,1
物质的量测试卷,3,1
物质组成的表示,1,1
物质组成的表示课件,1,1
物质结构,3,1
物质结构与性质综合,2,1
物质转化,1,1
牵手重高 科学综合版,3,1
牵手重高 科学综合版 第一分册,6,1
特异性免疫,3,1
特殊三角形,5,1
特殊平行四边形,30,1
特殊平行四边形 13个题型讲练,2,1
特殊平行四边形与最值问题,1,1
特殊平行四边形中最值问题,1,1
特殊平行四边形习题,3,1
特殊疑问句和形容词,1,1
特殊疑问句课件,11,1
特殊的四边形,1,1
特殊的平行四边形 18大题型,1,1
特殊的平行四边形单元自测卷。,3,1
特殊的平行四边形暑期练习,6,1
特种作业危险化学品培训大纲,1,1
特长生,2,1
特长生真题,14,1
状元100,1,1
状元慕课堂,1,1
状元笔记,2,1
状物,5,1
狂K重点,3,1
狂k重点,3,1
狮山镇2025-2026学年三年级春季英语期末考试,1,1
狮岭,2,1
猜想信息卷,2,1
玄武区,1,1
玄武外国语学校物理九上,1,1
玉城中学高一上开学考分班考理综卷,4,1
玉城中学高一上开学考试卷理综卷,6,1
玉城中学高一开学考试卷,2,1
玉带湾学校,1,1
玉林启华高中,2,1
玉林实验中学,2,1
玉林新世纪高级中学,2,1
玉林现代高级中学,1,1
玉林育辉高级中学,2,1
玉林通才高中,4,1
玉林高中,2,1
玉林高二上期末统考物理试卷,3,1
玉溪一中,12,1
玉环新高一暑期综合素质检测,1,1
玉环暑期综合素质检测,1,1
玉田县,1,1
玉田县七上月考,7,1
玉田县七上期中,1,1
玉田县八下期末卷,4,1
玉田县六上期末,2,1
玉田县高三模拟,1,1
王,1,1
王台中学,1,1
王庆坨中学,4,1
王朝霞 各地期末试卷精选 河南专版周口太康县 英语 五年级下册 PEP,3,1
王朝霞2026小升初真题,3,1
王朝霞七下历史,3,1
王朝霞七下历史个单元测试卷,3,1
王朝霞中考名师预测卷2024河南版语文,43,1
王朝霞活页默写,1,1
王朝霸,1,1
王朝霸八年级下册冀教版英语2026春河北期末二模卷,6,1
王朝霸八年级下册冀教版英语试卷五,1,1
王朝霸八年级下册冀教版英语试卷五邯郸市2026春期末新教材素养卷,12,1
王朝霸河北,3,1
王村店,2,1
王村店中学物理,1,1
王村店物理,1,1
王者荣耀,4,1
玩转假期暑假作业,4,1
环县一中高一开学检测,3,1
环县第一中学化学,1,1
现代文 阅读02026一轮复习专题,7,1
现代文主观阅读答题规范,8,1
现代文阅读,3,1
现代文阅读专项复习,3,1
现代文阅读复习,1,1
现代文阅读重点语句含义习题,2,1
现代文阅读重要语句含义,4,1
现在完成时专项练习,1,1
现在完成时专项练习高中,14,1
现在完成时专项练习高中100题,15,1
现在完成时态,1,1
现在完成时练习,6,1
现在完成时题目练习,6,1
现在时态专项训练,8,1
珠海一中高一上学期化学,1,1
珠海三中高二,1,1
珠海九上英语凤凰,1,1
珠海九上英语月考,1,1
珠海九洲中学数学八年级上试卷,3,1
珠海二中,5,1
珠海凤凰,1,1
珠海凤凰中学培优,1,1
珠海凤凰小学培优,2,1
珠海凤凰英语,1,1
珠海华附,5,1
珠海市九洲中学,3,1
珠海市文园中学八上英语期中考,13,1
珠海市文园中学八年级上册数学,6,1
珠海市第一中学,1,1
珠海市青鸟北府,3,1
珠海市香洲区十中开学考,6,1
珠海市香洲区期末语文,13,1
珠海市高一,1,1
珠海市高一下学期数学期末考试试卷,8,1
珠海文园中学,3,1
珠海第十中学开学考七年级,1,1
珠海联考试卷高二数学,1,1
珲春一高中高一第一次月考试卷数学,1,1
珲春一高中高一第一次月考试卷语文.,3,1
珺琟,11,1
珺琟新高一入学测试卷,5,1
球槽模型,2,1
球溪高级中学,8,1
球的切 接问题,3,1
球穿桶,3,1
理想树高中,2,1
理想气体,4,1
理想气体状态方程,2,1
理想气体状态方程的应用,3,1
理解型默写 2026二轮总复习60篇压轴,2,1
理解性默写必修上,4,1
理解性默写检测,1,1
理解性默写练习,9,1
琢名小渔承德期末考高二,3,1
琢名小鱼,1,1
琢名小鱼开学考,17,1
琥珀中学,1,1
琥珀中学期末,2,1
琵琶行,7,1
琼山区海南中学,1,1
琼山华侨中学,8,1
瑞中提前招试试卷,2,1
瑞安中学提前招,1,1
瑞安中学提前招试试卷,1,1
瑞安市2026学年第二学期初中英语8年级下册期末素养测试卷,42,1
瑞安市中考试卷,3,1
瑞安市中考试卷英语,1,1
瑞安市九年级中考试卷英语,1,1
瑞景,1,1
瑞泉,2,1
瑞泉中字,1,1
瑶海区,5,1
璧中,1,1
璧中学校,1,1
璧山中学,3,1
瓜豆模型,6,1
瓢泉学校2023-2024学年高三政治补课用卷一,6,1
甘井子区2025到2026学年度第二学期期末学习质量检测试卷八年级物理,7,1
甘孜州、阿坝州2025年初中学业考试,5,1
甘孜州中考化学,3,1
甘孜州中考数学,13,1
甘肃2025年数学中考,1,1
甘肃2025年数学中考真题,1,1
甘肃2025高考,1,1
甘肃2025高考语文,4,1
甘肃2025高考语文卷二,4,1
甘肃2026高考生物,3,1
甘肃七年级上学期阶段检测,7,1
甘肃中考生地,2,1
甘肃中考生物学地理综合试卷,79,1
甘肃二年级下学期阶段检测,9,1
甘肃五年级下学期阶段检测,3,1
甘肃八年级下册数学期末考,1,1
甘肃八年级下学期期中,15,1
甘肃兰州大学附属中学,1,1
甘肃化学高考真题,1,1
甘肃多校高三第一次联考,3,1
甘肃学业水平合格考,1,1
甘肃学考,2,1
甘肃定西漳县,5,1
甘肃庆阳宁县,1,1
甘肃清水县,9,1
甘肃清水县试卷,7,1
甘肃物理学业水平,1,1
甘肃物理学考,4,1
甘肃生地会考,1,1
甘肃白银八年级下册数学期末考,8,1
甘肃白银市第一中学,2,1
甘肃省2026,4,1
甘肃省2026高三一模,2,1
甘肃省一诊断,1,1
甘肃省临洮中学高二年级期末考试卷 一,6,1
甘肃省五校2023-2024 学年高二下学期7月期末考试物..,3,1
甘肃省五校2023-2024 学年高二下学期7月期末考试物理卷,2,1
甘肃省兰州大学附属中学 兰州市第三十三中学 2024 2025学年高一下学期期末考,5,1
甘肃省兰州大学附属中学（兰州市第三十三中学）,7,1
甘肃省兰州大学附属中学（兰州市第三十三中学）2024‑2025学年高一下学期期末考…,7,1
甘肃省兰州市安宁区交通大学附属中学总校与分校联考2025~2026 七年级下册期末考试 数学卷子,12,1
甘肃省兰州市安宁区交通大学附属中学第一分校2025~2026七年级下册期末数学考试卷,13,1
甘肃省兰州市西北师范大学附属中学,7,1
甘肃省兰州第一中学2023-2024-1期中英语试题,1,1
甘肃省天水市秦州区期末试卷,1,1
甘肃省天水市秦州区期末试卷高一,1,1
甘肃省天水市第一中学2019-2020学年高一上学期分班考试试题,4,1
甘肃省天水市第七中学2,1,1
甘肃省天水市第七中学七下2024-2025期末生物卷,1,1
甘肃省天水市第九中学2024 2025学年高一新生入学检测,5,1
甘肃省天水市第九中学高一新生入学检测,5,1
甘肃省平凉市中考物理试卷,3,1
甘肃省庄浪一中,1,1
甘肃省庄浪一中高一上学期期中考试试卷,1,1
甘肃省庆阳市华池县第一中学2024,3,1
甘肃省张掖市2024-2025学年高二下学期期末物理卷,9,1
甘肃省张掖市某校2024‑2025学年高一下学期3月阶段性评估英语试题,7,1
甘肃省白银市2024-2025,1,1
甘肃省白银市2025-2026学年高二下学期期末联考英语试题,7,1
甘肃省白银市会宁县中考英语,7,1
甘肃省白银市市2025-2026学年高二下学期期末英语卷,1,1
甘肃省白银市平川区2025-2026学年高二下学期期末英语卷,6,1
甘肃省选择性必修三物理同步解析与测评,3,1
甘肃省选择性必修三物理同步解析与测评电子书,1,1
甘肃省酒泉市2025-2026学年高一下学期7月期末语文试卷,5,1
甘肃省陇南市成县城关中学,18,1
甘肃省陇南市成县城关初中,1,1
甘肃省陇南市成县城管初中,3,1
甘肃省高一上数学联考期中考试试卷真题,1,1
甘肃省高一下数学,5,1
甘肃省高考,4,1
甘肃西北师大附中2025 2026学年第二学期期末考试试题高二数学,6,1
甘肃酒泉市2025-2026学年高二下学期7月期末语文试题,5,1
甘肃陇南市武都区学业水平合格考,15,1
甘肃高一期末语文免费,3,1
甘肃高三诊断考试,3,1
甘肃高三诊断考试数学,3,1
甘肃高考,3,1
生命的稳态与调节,2,1
生地 会考2026年真题试卷,2,1
生地会考,4,1
生字词,1,1
生殖系统的组成,3,1
生物 0 一轮复习,3,1
生物 10月,5,1
生物 PCR专题,5,1
生物 一轮质量检测,4,1
生物 必修一1,2,1
生物 必修一1 1期末必背知识清单人教版,6,1
生物 必修一第一单元,1,1
生物 必修二必背知识清单,1,1
生物 月考高一上,2,1
生物 月考高一上14章,6,1
生物 月考高一上1到4章,1,1
生物 月考高一上第一次,2,1
生物 遗传大题讲解专练高中,2,1
生物 高中一轮复习,4,1
生物2024-2025,1,1
生物2024-2025山东,21,1
生物2024-2025山东高三,35,1
生物2026高考真题江苏,5,1
生物25年湖南卷,14,1
生物一模,1,1
生物一调,2,1
生物一轮,1,1
生物一轮复习 必修一,1,1
生物一轮复习9月开学考,1,1
生物一轮复习卷长沙四大名校,8,1
生物一轮复习四川,2,1
生物一轮复习学案,3,1
生物一轮复习学案填空高中人教版,2,1
生物一轮复习学案高中人教版,5,1
生物一轮复习开学考,1,1
生物七上南通,1,1
生物七上南通期中,1,1
生物七上南通期末,5,1
生物七上南通海安期中,1,1
生物七上知识清单,3,1
生物七上知识清单人教版,6,1
生物七下思维导图,10,1
生物与地理,45,1
生物专项,4,1
生物临沂选必一,3,1
生物九调,17,1
生物会考 20 25年初中学业水平考,1,1
生物会考会考真题,1,1
生物会考真题,7,1
生物八上,1,1
生物分层训练,2,1
生物初中水平,25,1
生物初赛,1,1
生物发酵工程大题,10,1
生物变异,3,1
生物合格考,4,1
生物和细胞,2,1
生物和细胞知识清单,3,1
生物四川,1,1
生物基因工程专题,6,1
生物大题,8,1
生物大题专练,3,1
生物学25年湖南高考卷,5,1
生物学高中总复习,14,1
生物安徽,3,1
生物实验报告,3,1
生物山东一模,3,1
生物工程,1,1
生物开学考,1,1
生物开学考陕西,4,1
生物微专题视频,4,1
生物必修一 一轮复习资料,3,1
生物必修一 必修二一轮复习,5,1
生物必修一前五个单元整合卷,6,1
生物必修一复习,2,1
生物必修一测试卷,2,1
生物必修一的题,2,1
生物必修一第一单元,2,1
生物必修一第一章单元测试卷人教版,1,1
生物必修一考点青单,8,1
生物必修一题,1,1
生物必修二学习与评价,1,1
生物必修二思维导图,1,1
生物必修二第二单元测试卷,3,1
生物必修二联考,2,1
生物必修二联考高一,17,1
生物必修二题型总结,6,1
生物思维导图,1,1
生物总复习,3,1
生物拔高知识点,7,1
生物朝阳区期末,1,1
生物期末考试,7,1
生物期末考试题,2,1
生物期末高一内蒙古,4,1
生物根据配子的概率计算,4,1
生物植物细胞工程习题,7,1
生物植物细胞工程大题,6,1
生物模拟综合卷河北,1,1
生物模拟题综合卷河北,3,1
生物河北各年份综合12模,7,1
生物济南版,1,1
生物济南版讲解视频,1,1
生物浙南联盟,4,1
生物的特征与生物圈,1,1
生物的特征与生物圈习题,3,1
生物知识点,1,1
生物知识点填空,1,1
生物神经调节,1,1
生物竞赛,1,1
生物第14种健康的生活方式手抄报,3,1
生物细胞七上,3,1
生物细胞初中,5,1
生物综合卷,1,1
生物综合卷2026,1,1
生物膜内外压稳态,1,1
生物自由组合定律练习题,6,1
生物蛋白质,3,1
生物试卷,4,1
生物试卷单元测,3,1
生物试题,1,1
生物调节,10,1
生物进化,1,1
生物进化相关题型突破,1,1
生物选修一,4,1
生物选修一前两章,2,1
生物选修一必背,4,1
生物选修一知识点总结,2,1
生物选修一第一章,4,1
生物选修一题型总结,3,1
生物选修三,6,1
生物选修三填空手册,1,1
生物选修二综合试卷,3,1
生物选必一,4,1
生物选必三,1,1
生物选必三单元卷,3,1
生物选必三综合卷,3,1
生物选择性必修 思维导图 黑白留白,6,1
生物选择性必修一,1,1
生物选择性必修一期中测试,6,1
生物选择性必修一练习册,1,1
生物选择性必修三检测卷,1,1
生物选择性必修三检测卷，金考卷,1,1
生物选择性必修二,14,1
生物选择性必修二综合,5,1
生物遗传专项,18,1
生物遗传病,2,1
生物遗传题,3,1
生物配子,3,1
生物配子题,1,1
生物配子题 高一,3,1
生物重难,4,1
生物重难细胞分裂,1,1
生物重难细胞分裂与遗传衔接,1,1
生物错题,12,1
生物限时卷,1,1
生物陕青模拟卷,3,1
生物难题,3,1
生物高2,6,1
生物高一下册期末考试卷山东聊城,1,1
生物高三一调,1,1
生物高三上开学考,4,1
生物高三实验题,2,1
生物高三开学考,4,1
生物高二,4,1
生物高二上期中,1,1
生物高二上期中北京,1,1
生物高二下,9,1
生物高二下册2单元自测,13,1
生物高二下期中吉林,1,1
生物高二下期末考试辽宁,21,1
生物高考,4,1
生物高考真题分类汇编,11,1
生物黑吉辽近三年高考卷,1,1
生物默写小纸条,1,1
用化学物理方法做一个简易冰箱,5,1
田家炳,3,1
田家炳中日班,2,1
田林三中,3,1
田林中学,1,1
由宋夏金多民族政权的并立与元朝的统一,5,1
甲基苯丙胺,1,1
甲声音波形如图所示把音调比甲高的,1,1
申论,1,1
申请信,2,1
电,4,1
电 场 2025 高三专题训练,6,1
电 学 0223一轮复习专题电学,1,1
电与电路,9,1
电与电路专项训练,16,1
电功率图像,1,1
电功率图像与比值,1,1
电功率练习,1,1
电势能,10,1
电化学专练,3,1
电化学原理的综合应用,4,1
电化学知识点,5,1
电压 电流与电阻的关系,4,1
电压专项,1,1
电压专项天津,2,1
电压电阻,1,1
电压表的测量,6,1
电场 带电粒子在电场中的运动,11,1
电场一轮,1,1
电场功能势综合问题,3,1
电场加磁场习题,2,1
电场图像问题,3,1
电场大题,1,1
电场大题专题,12,1
电场线,7,1
电场线 等势面 以及运动轨迹问题,2,1
电场练习,1,1
电子,1,1
电子书高中物理人教版必修三,1,1
电子教材,4,1
电子版 教材 2026人教版,2,1
电子版教材,3,1
电子版课本,1,1
电子转移练习,1,1
电学专项,3,1
电学专题,1,1
电学周测,7,1
电学基础,5,1
电学大题,4,1
电学实验专题,1,1
电学平衡,1,1
电学极值问题,2,1
电学试卷,3,1
电学难题,1,1
电容器、电容及平行板电容器的动态分析,7,1
电容器的动态分析,3,1
电容的变化,1,1
电容的变化模型,3,1
电工,1,1
电摆问题,1,1
电极反应式,3,1
电极反应式书写,3,1
电极电势,2,1
电流,1,1
电流与电路,1,1
电流和电路,4,1
电流电功率,3,1
电流电压,3,1
电流电压电阻,5,1
电流电压电阻单元练习,7,1
电流表内接法,5,1
电流表内接法测电阻,2,1
电流表练习题,16,1
电源与电动势,4,1
电源与电动势专题,1,1
电电磁学基础,1,1
电磁 感应026届高考一轮复习,13,1
电磁.,5,1
电磁场,6,1
电磁大题,2,1
电磁学,3,1
电磁学基础,4,1
电磁感应一轮复习,2,1
电磁感应专项,1,1
电磁感应双棒模型,1,1
电磁感应试卷,14,1
电磁波 原子 星系 能量与能源,5,1
电磁高考真题,3,1
电离常数计算,2,1
电荷及其守恒,1,1
电荷量,1,1
电表串并联,9,1
电表串并联卡片,1,1
电表测量,1,1
电表测量对象,12,1
电表的校准,1,1
电表读数练习,6,1
电解,11,1
电解池 苏教版,3,1
电解池原电池复习题,3,1
电解池的选择题,2,1
电解池综合题,2,1
电解池金属的腐蚀与防护-【衡水金卷·先享题】2026年高考化学一轮复习周测卷(G),5,1
电路与电能,2,1
电路中的电能,3,1
电路中的电能浙教版,4,1
电路分析卡片,2,1
电路分析辽宁,8,1
电路和电流,4,1
电路图 串连并连画图 专题,8,1
电路图与实物图互化 专项训练,3,1
电路图和实物图互画习题,1,1
电路图和实物图互画免费,12,1
电路图改错练习,3,1
电路图画图,1,1
电路图的转化,1,1
电路实验,1,1
电路故障,2,1
电路欧姆,1,1
电路画图练习,3,1
电路的构成知识点,2,1
电路综合计算题,4,1
电路能量守恒,1,1
电路选择,1,1
电路高中,2,1
电路黑盒问题,3,1
电阻,4,1
画图题,2,1
界首中考数学模拟,4,1
界首数学模拟,2,1
留云,1,1
番中,2,1
番禺中学,2,1
番禺区 2025  2026八年级下学期期中 英语,2,1
番禺区 2025  2026八年级下学期期末 物理,10,1
番禺区 2025  2026八年级下学期期末 英语,1,1
番禺区2024~2025年八上数学期末卷,2,1
番禺区2025高三,4,1
番禺区2025高二,1,1
番禺区高二上学期教学质量检测数学,1,1
番禺区高二上学期教学质量检测物理,5,1
疏菜英文,3,1
病句专题练习,3,1
病句八年级上册,2,1
病句初中专题,3,1
病句的辨析与修改,11,1
病句练习,3,1
病句辨析与修改,2,1
病句辨析八年级,3,1
病句辨析八年级上册,1,1
白云区七年级下册数学,9,1
白云华师一,3,1
白城毓才,2,1
白洋淀中学,1,1
白皮书,1,1
白蒲,1,1
白蒲中学,3,1
白银区郑州路,3,1
白银市数学卷子九年级上册,4,1
白银市语文中考题,1,1
白银平川中学,5,1
白雪歌送武判官归京,2,1
白鹭,1,1
百万联考卷，高二限时训练,7,1
百中,6,1
百事版六年级数学上册与下册,3,1
百分数基础运算,6,1
百分数的基础运算,1,1
百师联盟2024届高三一轮复习联考（二）新高考卷数学试题,1,1
百师联盟2024届高三一轮复习联考（二）的新高考数学模拟试题,4,1
百师联盟2025,1,1
百师联盟联考,1,1
百度,3,1
百强校 高一上学期开学考分班考试英语,6,1
百校,2,1
百汇大课堂暑假作业高二语文作业,5,1
百汇大课堂高考总复习历史,3,1
百色民族高中,1,1
的多彩人生,1,1
皇姑区八上语文,1,1
皇姑区期末八上2025 2026语文,2,1
皇姑区英语,7,1
皇姑物理,3,1
皖北协作,1,1
皖北协作28T联考,5,1
皖北协作区2025,3,1
皖北协作区联考,1,1
皖北协作英语26届,6,1
皖北协作英语二六届,1,1
皖南八校 2026届高三第一次大联考,3,1
皖南八校2025-2026高一第一学期期中考,3,1
皖南八校2025-2026高一第一学期期中考数学,4,1
皖南八校2025-2026高一第一学期期中考物理,3,1
皖南八校2026届高三开学联考,12,1
皖南八校联考,11,1
皖南八校高三开学联考,9,1
皖南八校高二第一学期期中考试,1,1
皖南八校高二第一学期期中考试政治试题,5,1
皖智 安徽第一卷,7,1
皖西中学,7,1
皖西当代,1,1
盈亏问题,1,1
盈利方程问题,7,1
盈利问题,2,1
盈利问题数学,1,1
盈江,6,1
盈江民族,1,1
益中,3,1
益中开学考,1,1
益阳市,6,1
益阳市一中,1,1
益阳市一中入学分班考试试卷,1,1
益阳市一中高一,1,1
益阳市九月考试高三,30,1
益阳市九月考试高三质检,3,1
益阳市第六中学,2,1
益阳市第十七中学,2,1
益阳市金太阳,1,1
益阳市高三9月,6,1
益阳市高三第一次统考,1,1
益阳桃江高中入学分班考,4,1
益阳沅江一中,2,1
益阳沅江一中9月底月考,2,1
益阳沅江一中入学分班考试,2,1
益阳质检,5,1
益阳高中入学分班考,1,1
盐中,1,1
盐城2026期中,24,1
盐城25-26高二 第二学期期终试卷,4,1
盐城中学八年级期中,3,1
盐城中学淮阴,5,1
盐城中考,4,1
盐城中考2026,1,1
盐城中考生物地理,6,1
盐城九上期中物理,16,1
盐城二模,1,1
盐城二模化学,10,1
盐城二模化学2026,18,1
盐城八年级第一次月考数学,1,1
盐城化学二模,1,1
盐城化学二模高三,5,1
盐城化学二模高三2025,1,1
盐城小学,7,1
盐城市,1,1
盐城市25-26高二 第二学期英语期终试卷,6,1
盐城市一中,4,1
盐城市中考物理试卷,1,1
盐城市大丰区实验初级中学,1,1
盐城市大丰区实验初级中学暑假作业,1,1
盐城市滨海,2,1
盐城市第一中学,3,1
盐城市高一下期末卷,29,1
盐城市高三模拟考试,46,1
盐城市鹿鸣路七上期末考试试卷英语,2,1
盐城市鹿鸣路初二,2,1
盐城市鹿鸣路数学七上期末考试试卷,2,1
盐城康居路,2,1
盐城景山中学八年级10月月考,1,1
盐城景山中学八年级上第一次月考,5,1
盐城景山中学八年级上第一次月考数学,2,1
盐城景山中学八年级第一次月考,1,1
盐城期末考试,1,1
盐城本地试卷免费,3,1
盐城物理高一，五校两考,21,1
盐城英语2025/2026,2,1
盐的水解,3,1
盐道中学,3,1
盐道街,3,1
盐道街中学,2,1
盐道街分班考,5,1
盖斯定律 反应热的计算,10,1
盘州市八年级数学上学期期中,1,1
盘州市八年级数学上学期期末,3,1
盘锦,1,1
盘锦中考卷,1,1
盘锦六年级测试卷,4,1
盘锦市育才学校,5,1
盘锦市高期末考试数学,1,1
盘锦油田实验中学,1,1
盘龙区2025~2026,5,1
盟,1,1
盟校区,6,1
直升班,4,1
直接搜这两个就行：一是“甘肃兰州五十九中2025-2026高二下数学期末,3,1
直线 与圆2026一轮专题复习,1,1
直线与双曲线的位置关系,1,1
直线与圆专题专练,2,1
直线与圆北师大,5,1
直线与圆北师大卷,2,1
直线与圆单元测试卷适中版,1,1
直线与圆拓展,6,1
直线与圆测试,8,1
直线与圆的位置关系 8种常见考法归类,3,1
直线与圆的关系,5,1
直线与圆的方程单元测试卷,4,1
直线与圆的最值与范围问题,3,1
直线与圆章末自测,2,1
直线与圆，圆锥曲线,4,1
直线与平行垂直,2,1
直线与方程题型总结。,11,1
直线与椭圆的位置关系,5,1
直线与直线的方程,4,1
直线与部分圆交点问题,8,1
直线专练,1,1
直线专练高二,2,1
直线参数方程,2,1
直线及其方程专练,1,1
直线和原的位置关系高2,1,1
直线和圆,12,1
直线和圆的方程 人教版A版 基础卷,4,1
直线和圆的方程 测试卷,4,1
直线和圆的方程章节测试,1,1
直线和圆的方程章节测试 人教A版.强化版,6,1
直线和圆试卷,2,1
直线方程专题,6,1
直线方程培优专项,2,1
直线的倾斜角和斜率,4,1
直线的方程,5,1
直线的方程北师大,1,1
直线运动,3,1
直角三角形斜边中点倍长,1,1
直角边,1,1
相互作用,5,1
相互作用专项天津高考,8,1
相互作用力,6,1
相互作用力极值,2,1
相互作用极值,4,1
相互成全作文600字,1,1
相交线与 平行线40道压轴题,3,1
相交线与平行线专项练习七年级下册,5,1
相交线中的角度计算,2,1
相似、反比例,1,1
相似三角形 竞赛,1,1
相似三角形单元,1,1
相似三角形单元测试,24,1
相似三角形单元视频课,1,1
相似三角形复习,1,1
相似三角形复习试卷,3,1
相似三角形有哪些判定方法,2,1
相似三角形模型,2,1
相似三角形浙教版,4,1
相似三角形的判定（题型专练）（浙教版）,10,1
相似三角形的判断,7,1
相似三角形的判断专题,7,1
相似三角形的基础练习,3,1
相似三角形的应用,5,1
相似三角形练习,5,1
相似三角形题目,1,1
相似专项,2,1
相似小测,1,1
相册,1,1
相对论,2,1
相思湖,1,1
省七校联考,1,1
省丹中高一物理,1,1
省二高新,1,1
省十联考卷,7,1
省十联考高三,3,1
省十联考高三上学期,1,1
省实26年高考模拟试卷,4,1
省实、华附第四校联考2026高三物理,3,1
省实验高一,1,1
省实验高一上第一次月考,2,1
省实验高一下数学,6,1
省实高二下期末考试英语,1,1
省泰中,7,1
省泰中高一期中数学,3,1
省泰中高二数学,1,1
省泰中高二月考,1,1
省锡中,7,1
眉山,5,1
眉山东辰,15,1
眉山中职,2,1
眉山分班考试卷小升初,22,1
眉山市中等职业学校,2,1
眉山市九上期末数学,8,1
眉山市八下期末数学,2,1
眉山市八年级下册物理期末考试题,1,1
眉山市八年级下册道法期末考试题,1,1
眉山市初二物理,10,1
眉山市彭山区第一中学,3,1
眉山市高2026届第四学期期末语文教学质量检测,10,1
眉山市高2027届第二学期期末教学质量检测生物,2,1
眉山甜锡周报,10,1
眉山田锡周报,2,1
眉山统考,4,1
眉山统考中职,3,1
看图 写画202 5二年级上册,8,1
看图写话二年级,4,1
看图列式,1,1
看看我们的地球,1,1
真,2,1
真光七年级英语12月,4,1
真光七年级语文10月,1,1
真光中学,8,1
真題圈,1,1
真題汇编2026,2,1
真题分类汇编,6,1
真题卷八上英语,1,1
真题听力,3,1
真题圈北京,6,1
真题圈河北名校练考试卷,11,1
真题圈辽宁,3,1
真题汇编江西,2,1
真题精选,67,1
睢县高级中学,2,1
睢宁县七年级上册数学月考,1,1
瞬时性,3,1
瞬间性 延续性动词 现在完成时态,1,1
知行智学课堂,3,1
知识 清单,2,1
知识卡片,2,1
知识复习,1,1
知识总结,8,1
知识整理,2,1
知识清单生物第八讲酶和ATP,4,1
知识清单背默单,2,1
知识清单高中数学,3,1
知识点中考,1,1
知识点合集,7,1
知识点复习,18,1
知识点复习归纳,1,1
知识点大全,4,1
知识点归纳,5,1
知识点必修一,3,1
知识点讲义,1,1
短文续写,1,1
短歌行原文+翻译,3,1
石台,7,1
石嘴山市第一中学,1,1
石嘴山市第一中学2025-2026学年高一年级下,7,1
石室,3,1
石室一模,4,1
石室中学2026二模数学,5,1
石室中学25~26第1次检测物理,5,1
石室中学二模数学,1,1
石室中学高2027届高二下期零诊数学,10,1
石室中学高2027届高二下期零诊数学综合卷一,1,1
石室中学高一下化学期末,3,1
石室中学高一下期中数学,1,1
石室中学高一下期末,1,1
石室中学高一下期末数学,3,1
石室中学高二上学期物理卷月考,2,1
石室中学高二物理卷月考,1,1
石室天府12月月考努力,1,1
石室天府12月月考物理,1,1
石室联中,4,1
石家庄2026届普通高中学校毕业年级教学质量检测摸底检测英语,16,1
石家庄23中八年级期末试卷,1,1
石家庄24中高一上期中数学试题,11,1
石家庄24中高一上期末数学试题,3,1
石家庄43中,2,1
石家庄81中,2,1
石家庄七年级数学期末考试,3,1
石家庄七年级数学期末考试免费,2,1
石家庄二中教育集团,5,1
石家庄二中教育集团2024-2025学年度高一年级下学期期末考试历史试卷,1,1
石家庄二中教育集团高一,6,1
石家庄二中高一期末考试,2,1
石家庄二中高二上学期10月月考,4,1
石家庄二十一中,1,1
石家庄二十三,1,1
石家庄二十三中,4,1
石家庄二十四中,6,1
石家庄八十一中,3,1
石家庄八十中,1,1
石家庄四中,5,1
石家庄四十三,1,1
石家庄四十三中,4,1
石家庄四十中,4,1
石家庄外国语,14,1
石家庄外国语学校,10,1
石家庄实验中学,4,1
石家庄实验中学 2025届高三年级,1,1
石家庄实验中学 2025届高三年级 第1次调研,5,1
石家庄市2026届普通高中学校毕业年级教学质量摸底检测,8,1
石家庄市2026届普通高中学校毕业年级教学质量摸底检测英语,4,1
石家庄市一模,2,1
石家庄市二十七中,2,1
石家庄市八十中,2,1
石家庄市外国语,1,1
石家庄市外国语学校,1,1
石家庄市新华区第42中学初一摸底考,1,1
石家庄市桥西区2025~2026学年第一学期初二年级英语试卷,2,1
石家庄市桥西区2025~2026学年第一学期阶段性学业质量评价初二年级英语试卷,3,1
石家庄市桥西区八上10月月考,13,1
石家庄市桥西区八上作业诊断,5,1
石家庄市桥西区八上月考,8,1
石家庄市桥西区八上期中,8,1
石家庄市桥西区八上期中历史,3,1
石家庄市桥西区八上期中政治,7,1
石家庄市桥西区四十一中2025~2026学年第一学期阶段性学业质量评价初二年级英语试卷,6,1
石家庄市第17中学2024~2025学年度第二学期7年级期中历史试卷,2,1
石家庄市第22中学2025-2026学年度第一学期,1,1
石家庄市第22中学2025-2026学年度第一学期月考测试卷英语,1,1
石家庄市第24中学,12,1
石家庄市第41中学2025~2026学年第一学期初二年级英语试卷,4,1
石家庄市第一中学2024~2025学年高二下学期期末考试。,7,1
石家庄市第一中学2024~2025学年高二下学期期末考试数学,1,1
石家庄市精英中学,4,1
石家庄新华区,11,1
石家庄栾城区八下冀教版数学期末,1,1
石家庄第二中学,3,1
石家庄第二十八中学入学卷,3,1
石家庄第四十二中学,12,1
石家庄赵县九上月考卷,1,1
石家庄高一期末考,4,1
石景山2022-2023期末试卷,3,1
石景山区2022至2023期末试卷,11,1
石景山区高一数学,2,1
石景山区高一英语,3,1
石景山区高一语文,1,1
石景山高一下期末英语,5,1
石河子一中,2,1
石狮,27,1
石狮七年级,14,1
石狮八中,2,1
石狮八年级,5,1
石狮市第八中学,2,1
石狮第八中学,2,1
石门中学高一数学,4,1
矿附联考,1,1
砀山2025 2026学年七年级数学下学期期末,30,1
砀山四中2024级高二年级上学期期中考试·思想政治,5,1
砀山高一上学期数学试卷,9,1
研究物质的基本方法,4,1
研究物质的基本方法苏教版,5,1
研究生,1,1
研究生考研卷,1,1
研究自由落体运动的规律实验题,9,1
破十,1,1
破十法,2,1
破十法专练,3,1
破阵子 为陈同甫赋壮词以寄之,3,1
硕士招生,3,1
硚口区10月调考,1,1
硫,2,1
硫及其重要化合物方程式,3,1
硫氮,1,1
硫氮无机非金属,6,1
硫的工业流程题,1,1
硫酸和蔗糖的反应,1,1
确,1,1
确山,7,1
确山一初,2,1
确山一高,3,1
碗中爬虫临界问题,6,1
碧华实验学校,15,1
碳,1,1
碳和碳的氧化物,1,1
磁,5,1
磁 场,8,1
磁 场 2025复习,1,1
磁场 磁感线 磁感应强度,5,1
磁场单元试卷,5,1
磁场对通电导线的作用,34,1
磁场练习题,1,1
磁场练习题高二,1,1
磁导轨,4,1
磁感线,1,1
磁通量,3,1
礼县实验中学,5,1
社会主义从空想到科学、从理论到实践的发展,16,1
社会生活类作文范文,9,1
社旗县八年级上册数学,4,1
祁县中学,1,1
祁县中学2025~2026学年期末考试复习题,3,1
祁阳一中,1,1
祁阳一中入学考,8,1
祁阳一中新高一入学摸底考试,3,1
祁阳一中沃土计划,1,1
祁阳市,1,1
祁阳市浯溪二中分班试卷,1,1
祈使句练习,4,1
祝桥中学,1,1
神农中小学,1,1
神圣罗马帝国,4,1
神经体液调节,2,1
神达,1,1
神鸟之志,1,1
祥城中学小升初模拟考,1,1
禀赋班,4,1
禅城区七年级下数学试卷.,5,1
福九,1,1
福九联盟高一下学期期末试卷,8,1
福宁古五校2024-2025高二上学期期末物理质量检测数学试卷,2,1
福宁古五校2024-2025高二上学期期末质生物量检测数学试卷,5,1
福宁古五校2024-2025高二上学期期末质量检测数学试卷,5,1
福宁古五校教学联合体高三上学期,10,1
福安实验中学,2,1
福安实验中学分班考试卷,3,1
福实翰林学校,8,1
福州 8月质检,11,1
福州 8月质检2025,1,1
福州 开门测,2,1
福州 高三上学期第一次质量检测 化学,3,1
福州 高三上学期第一次质量检测 化学 2023-2024,1,1
福州2026 质检,1,1
福州24 25年高三上学期质量检测,1,1
福州一中 2025 2026高三上,1,1
福州一中 2025 2026高三上数学期末,1,1
福州一中 2025 2026高三上物理,1,1
福州一中 2025 2026高三下物理,1,1
福州一中2026届高三第一学期第二次质量检测,2,1
福州一中八上英语试卷,3,1
福州一中化学,1,1
福州一中物理,1,1
福州一中物理高一上册,9,1
福州一中自主招生考试试卷,1,1
福州一中高一数学,4,1
福州一中高一数学月考,2,1
福州一中高一期末,3,1
福州一中高中数学,1,1
福州一中高二下期末,1,1
福州一年级,1,1
福州一年级数学,1,1
福州一检,5,1
福州一检数学,8,1
福州一模,5,1
福州一模 化学,5,1
福州三中2025,7,1
福州三中2025 2026学年第二学期期末考试,4,1
福州三中2026高一期中英语,1,1
福州三中高一上化学期末,7,1
福州三中高一化学期末,1,1
福州三模,1,1
福州三牧中学2024~2025学年第二学期期末试卷七年级英语学科,3,1
福州中考,1,1
福州九上化学开学,1,1
福州二检化学,1,1
福州亭江中学,2,1
福州人教版六上期末数学卷,1,1
福州人教版化学九年级上册单元卷子,1,1
福州仓山区九校联考,4,1
福州八年级上学期期中英语真题卷,18,1
福州八年级上期中,35,1
福州八月份高三年级第一次质量检测,2,1
福州八月质检,1,1
福州初中历史一检卷,1,1
福州初中英语名词冠词代词,1,1
福州化学高三,1,1
福州化学高三质量检查第一次,1,1
福州十九中九上,3,1
福州半期考,3,1
福州华伦,2,1
福州华伦中学,2,1
福州华桥中学,1,1
福州历史一检卷,1,1
福州厦门六上期末数学卷,29,1
福州台江六上期末数学卷,31,1
福州四中,3,1
福州四十中学,2,1
福州外国语学校,6,1
福州屏东中学2025 2026学年九年级第二学期适应性练习一 3月,5,1
福州屏东中学初二下数学期中考试,10,1
福州屏东中学高一政治试卷期末,1,1
福州屏东八上数学,4,1
福州屏山中学初二下数学期中考试,1,1
福州市 2023-2024,1,1
福州市 2023-2024 高三上学期,1,1
福州市2,1,1
福州市2023-2024学年高三上学期第一次质量检测 化学,1,1
福州市2025 2026高三五月质检,5,1
福州市2025 2026高三质检语文上学期第一次,1,1
福州市仓山区2026我年级上期中数学试卷,5,1
福州市入学测试卷英语,3,1
福州市入学测试卷英语初一,7,1
福州市八县市协作教2023~2024学年第二学期期中联考高二生物试卷,1,1
福州市八县联考2025-2026第二学期期中联考英语,1,1
福州市八月质量检测,11,1
福州市华威中学,3,1
福州市历史质检卷,3,1
福州市屏东中学初一上学期数学期中,3,1
福州市晋安区小升初开门考分班语文试卷,3,1
福州市晋安区开门考分班语文试卷,1,1
福州市晋安区新初一开门考分班语文试卷,1,1
福州市格致中学高二上学期第一次月考数学卷,3,1
福州市福九联盟,3,1
福州市第1次质量检测,3,1
福州市第一次质量检测,1,1
福州市高一数学期中,5,1
福州市高三年级8月质量检测,1,1
福州市高三年级五月质量检测,4,1
福州市高三年级八月质量检测,7,1
福州市高三年级质量检测,1,1
福州市高三第一次质量检测,12,1
福州市高二上学期期中考试,3,1
福州市高二上学期期中考试历史,23,1
福州市高二上学期期中考试地理,21,1
福州市高二上学期期中考试政治,18,1
福州师大附中期末,1,1
福州师范大学附属中学,1,1
福州延安中学数学,1,1
福州恒一,3,1
福州恒一教育集团高三开门考,2,1
福州教院第二附属中学,2,1
福州数学中考一检,5,1
福州数学中考一模,8,1
福州月考,10,1
福州琅岐中学,3,1
福州福九联盟地理高二下,3,1
福州福九联盟英语高二下,1,1
福州立志中学,4,1
福州第一中学,3,1
福州第一中学 开学,1,1
福州第一中学下第二学段,2,1
福州第一中学下第四学段,6,1
福州第一次质量检测,1,1
福州第七中学琴亭校区,2,1
福州第三中学期末,2,1
福州第二附属中学,2,1
福州第八中学,1,1
福州第十九中学数学,2,1
福州第十九中学物理,3,1
福州第十六中学开门口,9,1
福州第四中学,2,1
福州质检,2,1
福州铜盘中学,10,1
福州附中,2,1
福州高一上,3,1
福州高一开门考,5,1
福州高三8月,4,1
福州高三8月质检,1,1
福州高三第一次质检,4,1
福州高三质量,1,1
福州高级中学高一数学卷,1,1
福州高级中学高二数学上学期,3,1
福州鼓楼人教版六上期末数学卷,1,1
福州鼓楼六上期中数学卷,13,1
福州鼓楼六上期末数学卷,26,1
福建 物理,3,1
福建 物理 高一上,4,1
福建 物理 高一上 月考,1,1
福建2025漳州数学质检卷,2,1
福建2025漳州生物质检卷,15,1
福建2025漳州生物质监局,3,1
福建2025漳州高二下物理期末卷,1,1
福建2026模考,4,1
福建2026适应性训练,3,1
福建2026高考,1,1
福建2026高考政治,3,1
福建25年语文中考卷,2,1
福建4月,3,1
福建4月英语,1,1
福建8年级数学综合测试卷,4,1
福建8年级物理期末试卷,3,1
福建一年级上学期单元检测,3,1
福建一模,18,1
福建一模试卷,4,1
福建一模试卷英语,1,1
福建一模高中,2,1
福建七上人教版语文,1,1
福建七上人教版语文期中卷,1,1
福建七年级上学期期中,2,1
福建七年级上学期阶段检测,1,1
福建七年级初一入学英语分班考摸底考,5,1
福建七年级初一入学语文分班考摸底考,3,1
福建七年级语文期末试卷,1,1
福建专用,3,1
福建专用   模拟卷  备考资源包,1,1
福建专用备考资源包,1,1
福建中考2026物理,2,1
福建中考2026英语,1,1
福建中考45套语文,1,1
福建中考命题趋势卷,3,1
福建中考命题趋势卷初中,1,1
福建中考命题趋势卷初中语文,2,1
福建中考命题趋势卷初中语文莆田,1,1
福建中考数学,2,1
福建中考数学模拟,2,1
福建中考真题,1,1
福建中考语文2026中考卷,3,1
福建中考运动学力学,3,1
福建会考 20 26年普通高中学业水平考试化学,1,1
福建八下物理期末试卷,27,1
福建八年级上学期期中,33,1
福建六年级下学期升学模考,3,1
福建初三一检卷子,1,1
福建初三上数学月考卷,1,1
福建初二,1,1
福建初二数学,1,1
福建初二数学宁德,1,1
福建初二数学宁德月考,1,1
福建化学竞赛,3,1
福建化学竞赛初赛,1,1
福建化学质检卷,5,1
福建南安市高三语文一检,4,1
福建南平一中武夷校区自主招生数学试题,1,1
福建南平市2025-2026学年第二学期七年级综合性练习 英语,1,1
福建南平市2025—2026学年第二学期五年级期末练习英语A卷,1,1
福建南平市2025—2026学年闽教版五年级期末练习英语,4,1
福建南平市2025—2026学年闽教版（2012）第二学期五年级期末练习英语A卷,1,1
福建南星中学语文一检,2,1
福建南星中学高三语文一检,2,1
福建卷化学,1,1
福建卷高考真题,1,1
福建卷，高考真题,1,1
福建历史中考,10,1
福建厦门一中高一上物理月考,3,1
福建厦门三中高一,1,1
福建厦门三中高一入学数学考,7,1
福建厦门三中高一数学,2,1
福建厦门人教版六上期末数学卷,6,1
福建厦门成毅中学,2,1
福建厦门第二中学高中入学考,3,1
福建各市七上期末压轴题,12,1
福建名校联盟全国优质校2026届高三二月大联考,3,1
福建宁德市高一物理,1,1
福建小升初分班考摸底考,5,1
福建师大附中2025 2026学年下学期期末考试,1,1
福建师大附中期末,1,1
福建师范大学泉州附属学院分班考试卷,1,1
福建师范大学附属中学高二,1,1
福建师范大学附属中学高二上,3,1
福建开学考,1,1
福建必修一物理期中,3,1
福建必修三第一二单元练习,1,1
福建数学合格性考试,5,1
福建数学期中七上,1,1
福建数学质检卷高三,6,1
福建春季,1,1
福建春考,5,1
福建普通高中学考数学,5,1
福建月考,11,1
福建期末,1,1
福建期末考试高二,5,1
福建校联考,13,1
福建校联考2025-2026英语,27,1
福建泉州2026高二期末历史试题,2,1
福建泉州中考,1,1
福建泉州五中,3,1
福建泉州五中七年级初一入学数学分班考摸底考,1,1
福建泉州市语文一检,1,1
福建泉州语文一检,1,1
福建泉州高一开学摸底卷,5,1
福建漳州2023届高三毕业班质量检测生物,3,1
福建漳州2023高三一质检生物,1,1
福建漳州2026高三一质检物理,1,1
福建漳州2026高三第一次质量检测物理,6,1
福建漳州一质检,1,1
福建漳州初一下数学卷子,1,1
福建漳州初一下生物卷子,3,1
福建漳州初一下生物试卷,3,1
福建漳州第一次质量检测生物,1,1
福建漳州高三一模,1,1
福建漳州高三一模物理,5,1
福建漳州高三教学质量检测物理,7,1
福建漳州高三毕业班第一次质量检测生物,14,1
福建漳州高三毕业班质量检测生物2023,6,1
福建漳州高三第一次质量检测生物,5,1
福建漳州高三第一次质量检测生物2022,1,1
福建物理,1,1
福建物理奥赛初赛,1,1
福建物理竞赛,1,1
福建物理竞赛初赛,1,1
福建物理高一下期末,9,1
福建省,1,1
福建省2024年6月学业水平考试英语,10,1
福建省2024年6月学业水平考试通用,1,1
福建省2024－2025福州市期末试卷,1,1
福建省2025年6月生物学业水平考试,1,1
福建省2025年6月语文学业水平考试,1,1
福建省2026届高中毕业班适应性测试,15,1
福建省2026高三英语,1,1
福建省2026高三英语4月,1,1
福建省20二六届高中毕业班4月适应性练习,1,1
福建省七上生物期中卷,1,1
福建省三明市2024-2025学年高一下学期7月期末质量检测化学试题,1,1
福建省三明市2024-2025学年高一下学期7月期末质量检测生物试题,6,1
福建省三明市新高三开门考,8,1
福建省三明市沙县区高砂中心学校,1,1
福建省三明市沙县区高砂镇高沙中心学校,1,1
福建省三明市沙县区高砂镇高砂中心学校,5,1
福建省中考2026年试卷,3,1
福建省八年级上册人教版生物第一单元试卷,2,1
福建省分班考试卷,1,1
福建省南平一中自主招生数学试题,3,1
福建省南平市2025-2026学年高一上学期期末质量检测,1,1
福建省南平市英语期末卷高二下23 24,3,1
福建省厦门市2024-2025学年高一下学期7月期末质量检测数学试题,2,1
福建省厦门市2024-2025学年高一下学期7月期末质量检测生物试题,7,1
福建省厦门市2026高三5月,3,1
福建省厦门市五年级上册数学期末试卷,3,1
福建省厦门市科技中学七年级英语下期末,1,1
福建省厦门市科技中学九年级英语上期中考试,3,1
福建省厦门市第一中学2025～2026,1,1
福建省厦门市集美区初一下学期数学期末考试,1,1
福建省厦门市高一上册月考试题,7,1
福建省厦门市高一上册期末英语试题,4,1
福建省厦门市高一上册物理月考试题,8,1
福建省厦门市高一上册物理第一次月考试题,3,1
福建省厦门市高一下册期末英语试题,5,1
福建省市2024-2025学年高一下学期7月期末质量检测生物试题,9,1
福建省师范大学附属中学,3,1
福建省惠安广海中学,30,1
福建省惠安广海中学八年级上册数学，其中2025至2026学年,1,1
福建省晋江市泉州市八年级上册语文古诗文理解性默写,11,1
福建省晋江市雀州市八年级上册英语,11,1
福建省普通高中学业水平合格性考试,4,1
福建省永春第一中学,8,1
福建省永春第一中学高中部,1,1
福建省永春第一中学高二上学期12月月考数学,2,1
福建省泉州五,2,1
福建省泉州五中,3,1
福建省泉州五中。,2,1
福建省泉州市2025-2026学年高一下学期期末质量检测,2,1
福建省泉州市23-24市质检,1,1
福建省泉州市南侨中学2026年考试，英语期末考,1,1
福建省泉州市市质检,12,1
福建省泉州市惠安县辋川中学,6,1
福建省泉州市第五中学九上数学。,2,1
福建省泉州市第五中学高三开门考,7,1
福建省泉州市高一期中考,1,1
福建省泉州市高一期中考英语,6,1
福建省泉州第五中学,7,1
福建省泉港第一中学。九上数学。,2,1
福建省漳州市2021—2022年高一下期末生物答案,1,1
福建省漳州市2023至2024学年高三上学期第一次质量检测生物试题,5,1
福建省漳州市2024-2025学年高一下学期7月期末质量检测生物试题,6,1
福建省漳州市2026届高三第一次质量检测 物理,1,1
福建省漳州市第一中学九年级物理月考卷,4,1
福建省漳州市高三上学期期末教学质量检测数学试卷,1,1
福建省漳州市龙海区2024～2025英语八年级,6,1
福建省漳州市龙海区2024～2025语文,1,1
福建省漳州市龙海区2025～2026英语八年级,2,1
福建省漳州第一中学九年级物理月考卷,4,1
福建省漳州第一中学气七年级下学期期中考试语文试题,1,1
福建省物理中考,1,1
福建省百校,7,1
福建省福州市2024-2025学年高一下学期7月期末质量检测生物试题,4,1
福建省福州市2025-2026学年高三第一次质量检测数学试卷,1,1
福建省福州市三牧中学2024-2025学年七年级下学期英语,1,1
福建省福州市中学高三10月份月考数学试卷,7,1
福建省福州市中学高三九月份月考数学试卷,1,1
福建省福州市中学高三九月份月考物理试卷,11,1
福建省福州市九县一中2024-2025学年高一下学期期末联考,1,1
福建省福州市九县一中2024-2025学年高二上学期期末联考,9,1
福建省福州市届高三上学期第一次质量检测,67,1
福建省福州市永泰县清凉镇清凉中学,1,1
福建省福州市闽侯县2024-2025学年七年级期末练习生物,1,1
福建省福清市第一中学,4,1
福建省莆田市2025年市质检7年级下册,1,1
福建省莆田市八年级上册数学期中考,1,1
福建省莆田市第五中学,3,1
福建省莆田第一中学 2025–2026学年 高二上学期开学摸底英语真题卷,2,1
福建省金太阳,1,1
福建省高三4月,1,1
福建省高三4月适应性练习英语,3,1
福建省高三省统考,4,1
福建省高中2023年6月语文学业水平考试,1,1
福建省高中学业水平考试会考语文,1,1
福建省高中学业水平考试会考语文真题卷,1,1
福建省高中学业水平考试数学,2,1
福建省龙岩市2024-2025学年高一下学期7月期末质量检测生物试题,2,1
福建省龙岩市数学,17,1
福建省龙岩市新罗八上英语半期考试卷。,4,1
福建省龙岩市新罗八上英语半期考试卷。锦山,1,1
福建省龙岩市新罗区八上,4,1
福建省龙岩市新罗区八上月考,1,1
福建省龙岩市新罗区八上月考锦山,32,1
福建省龙岩市新罗区八上期末,16,1
福建省龙岩市新罗区月考2024到2025学年七年级下册期末考,1,1
福建省龙岩市新罗区月考2025到2026学年八年级上册,5,1
福建省龙岩市新罗区龙岩二中第一次月考2025到2026学年八年级上册,23,1
福建福州,17,1
福建福州2026高三数学第一次质量,7,1
福建福州信息技术三年级下册,2,1
福建福州地方三年级下册,1,1
福建福州市2025-2026学年度高一上学期期末适应性练习,3,1
福建福州语文一年级上册,2,1
福建福州语文三年级下册期末,4,1
福建莆田四年级数学,2,1
福建莆田沙堤中学八上数学卷,3,1
福建莆田高中一模,17,1
福建语文合格性考试,10,1
福建语文高中模拟高考,10,1
福建马尾区高一数学期中,6,1
福建高一上笫一次月考试卷物理,4,1
福建高一下学期期末,1,1
福建高一下学期期末英语试卷,11,1
福建高一物理知识清单,2,1
福建高三,4,1
福建高三下学期学考,1,1
福建高三市质检,4,1
福建高三开学考,5,1
福建高中学考数学,1,1
福建高中语文学考,3,1
福建高二上学期月考,11,1
福建高二上学期第一次月考物理,2,1
福建高二上笫一次月考试卷物理,3,1
福建高二上第一章试卷物理,9,1
福建高二期末,1,1
福建高考化学,1,1
福建高考化学厦门,1,1
福建高考历史,1,1
福建高考物理,1,1
福建鼓楼人教版六上期末数学卷,1,1
福建龙岩,2,1
福建龙岩七上人教版语文期中卷,1,1
福泉,14,1
福清二中六校联考试卷,11,1
福清市2024-2025地理八上期中,2,1
福清市2024-2025生物八上期中,3,1
福清市2024-2025生物八上期末,3,1
福清市2024-2025英语八上期中,8,1
福清市2025-2026八上生物期末,2,1
福清市20252026学年第二学期七年级校内期末质量检测数学,2,1
福清市20252026学年第二学期八年级校内期末质量检测数学,1,1
福清市八年级上期中,4,1
福清市高一期末适应性练习,5,1
福源中学小升初历年试卷,1,1
福田区2024年二模物理,10,1
福田区2025-2026第二学期数学六年级答案,3,1
福田区2026八年级下册英语期末,6,1
福田卷六年级2025～2026学年第一学期素养练习期中,10,1
福鼎初一期末考,2,1
福鼎高二2026第二学期期末考试,6,1
福鼎高二2026第二学期期末考试数学,3,1
禹城一中,1,1
禹城一中开学考,8,1
禹城一中数学高一,2,1
禹城一中自主招生试卷,8,1
禹城外国语实验,3,1
离子,1,1
离子 共存,3,1
离子 反应2025 复习一轮,1,1
离子共存与方程式正误判断,4,1
离子反应与氧化还原反应,3,1
离子反应过量少量问题,4,1
离子晶体,1,1
离子检验实验操作,2,1
离子浓度,1,1
离心率的求解以及范围问题,13,1
离心率的求解及范围,12,1
秀全中学,2,1
秀屿区,1,1
秀屿区丙仑中学,1,1
秀屿区丙仑初级中学,1,1
秀屿区毓英中学,2,1
秀屿区秀山初级中学,9,1
秀峰,1,1
秀州中学,3,1
秀州中学高中,2,1
秋季第一次错题回练,1,1
种子的结构,7,1
科创中学,1,1
科大附中,2,1
科学8年级上册浙教版第一单元第四节课件,5,1
科学8年级上册浙教版第一单元课件,10,1
科学七上 1单元试卷,5,1
科学七上，1单元试卷,6,1
科学作业本,2,1
科学八上丽水期末卷,2,1
科学八上温岭,1,1
科学八上温岭期末卷,1,1
科学八上第一章对环境的观察同步练习,1,1
科学八上衢州期末卷,2,1
科学发展观思维导图,7,1
科学城巴蜀中学,2,1
科学实验题,10,1
科学小升初,12,1
科学测量,4,1
科学浙教版,2,1
科学浙江,5,1
科学浮力,1,1
科学第1单元试卷,1,1
科学第1单元试卷八上科学,2,1
科学计数法 50题,4,1
科学计算法计算题,3,1
科学计算法题目,3,1
科学课,5,1
科学课件浮力第一课时,1,1
科尔沁区通辽五中25年新生入学考试英语试卷,1,1
科技中学,3,1
科技中学2024 2025学年第二学期高一期末,10,1
科技中学徐州市,14,1
科技革命价格革命,6,1
科教版必修二,3,1
科普版,10,1
科普版四年级下册练习册听力,8,1
科特,5,1
科目一驾照,1,1
秦宁中学,7,1
秦皇岛一中,1,1
秦皇岛七下历史期末卷,1,1
秦皇岛七下期末英语试卷,3,1
秦皇岛八年级第一学期期中考试试卷语文,2,1
秦皇岛市八年级数学期中考试卷子,4,1
秦皇岛期末,6,1
秦皇岛阿那亚,1,1
秦陵中学,1,1
秦陵中学分班考卷子,3,1
秦陵中学分班考卷子7年级上临潼区,4,1
秦陵中学分班考卷子7年级上临潼区2023~2024,3,1
秦陵中学分班考卷子临潼区,8,1
秭归,3,1
积余,8,1
程委中学,1,1
稠州中学,3,1
稠州中学分班,1,1
稠州中学分班考,2,1
稳态与调节,1,1
稳态与调节习题,2,1
稻田中学高中入学分班考试,6,1
稼轩初中分班考,1,1
穆棱一中,1,1
空气和氧气,25,1
空气和氧气单元检测,17,1
空气的力量,4,1
空气的成分,5,1
空燃比,2,1
空缺率,1,1
空间中的距离,4,1
空间向星,3,1
空间向星专题,6,1
空间向量 0 一轮复习基础专题,2,1
空间向量与立体几何 7大重难题型 大题专练,1,1
空间向量与立体几何单元测试卷,7,1
空间向量人教a版,10,1
空间向量人教版,6,1
空间向量人教版a,1,1
空间向量加直线和圆加圆锥曲线,13,1
空间向量动点,9,1
空间向量单元基础测试卷,3,1
空间向量和概率,1,1
空间向量和概率单元测试卷,1,1
空间向量和立体几何,1,1
空间向量在立体几何中的应用,3,1
空间向量培优专项,3,1
空间向量大题专练高二,2,1
空间向量大题专题汇编 PDF,2,1
空间向量数学试卷,2,1
空间向量检测,6,1
空间向量解决立体几何问题基础练习,1,1
空间向量难题,10,1
空间直角坐标系,7,1
空间直角坐标系的构建,1,1
空间立体向量与立体几何,5,1
空间角,3,1
空间距离,4,1
空集,1,1
立人,1,1
立人中学,1,1
立体几何 专题大题,1,1
立体几何 知识点归纳总结,2,1
立体几何 高考大题真题汇编,3,1
立体几何 高考真题5年汇编,7,1
立体几何与空间向量高二上册,1,1
立体几何专项,9,1
立体几何专项小题,6,1
立体几何专项真题,3,1
立体几何专项训练,5,1
立体几何专项题,1,1
立体几何中外接球,3,1
立体几何体积表面积,3,1
立体几何初步 14考点清单 知识导图 17个考点清单,1,1
立体几何初步单元测试,4,1
立体几何动态问题,8,1
立体几何十年考情,2,1
立体几何基本事实,1,1
立体几何大,1,1
立体几何大题专练,12,1
立体几何大题天津卷,1,1
立体几何夹角,4,1
立体几何小题,3,1
立体几何小题压轴,3,1
立体几何平行证明,1,1
立体几何截面问题,3,1
立体几何测试卷,4,1
立体几何空间向量,7,1
立体几何空间向量培优,15,1
立体几何解答题专练,6,1
立体几何证明,5,1
立体几何证明大题,3,1
立体几何证明大题提试卷,2,1
立体几何证明线面垂直,3,1
立体几何证明题,1,1
立体几何难题,3,1
立方根,3,1
立达中学,1,1
竖式计算,6,1
竖直上抛运动,2,1
竞秀区七年级下,5,1
竞赛一试,6,1
竞赛培优专项训练,5,1
竞赛培优讲义,1,1
竞赛培优讲义数学初中,5,1
竞赛培优讲义数学初中圆,8,1
竞赛希望杯,8,1
竞赛数学八下,3,1
竞赛真题,7,1
竞赛组合,3,1
竞赛讲义,1,1
竞赛高中物理,1,1
章丘,7,1
章丘区英语期末试卷,1,1
章丘双语学校,3,1
章末整合,30,1
章节测试,2,1
章节测试卷,1,1
章节质量评估,6,1
章节选题,2,1
章贡,8,1
童年,2,1
童年整本阅读,1,1
童年高尔基,10,1
童年高尔基练习,2,1
端午演变过程,3,1
端点效应,1,1
竹山一中,4,1
竹山中学,1,1
竹溪初一,3,1
竹西中学,8,1
笔顺,3,1
笔顺字帖,2,1
符合云南的高二期末物理卷,3,1
第 1单元测试卷,7,1
第 1单元测试卷英语八上,5,1
第 一单元测试卷,2,1
第01讲 文本概念理解（复习讲义）（北京专用）2027年高考语文一轮复习讲练测,4,1
第01讲 物质的分类及转化（专项训练）（浙江专用）2027年高考化学一轮复习讲练测,5,1
第01讲 硫及其,1,1
第01讲 运动的描述（原卷版）,7,1
第01讲多项式的因式分解与提公因式法,1,1
第02讲 诸侯纷争与变法运动,7,1
第02讲光现象,2,1
第02讲匀变速直线运动的规律及应用（原卷版）,3,1
第02讲诸侯纷争与变法运动,4,1
第03讲自由落体运动与竖直上抛运动,4,1
第03讲透镜及其应用,2,1
第03讲透镜及其运用,1,1
第04讲二次根式。,2,1
第04讲数列,3,1
第05讲 从国共合作到农村革命根据地的建立-【暑假自学课】2025年新八年级历史暑假提升答案,3,1
第06讲 化学反应的调控,4,1
第06讲 化学反应的调控（培优讲义）（解析版）,4,1
第06讲 化学反应的调控（暑假培优讲义）新高二化学人教版,1,1
第07讲,4,1
第07讲光的折射光的色散,6,1
第08讲,2,1
第09讲,1,1
第09讲 介词和介词短语（专项训练）,15,1
第09讲 介词（专项训练）,1,1
第09讲 介词（专项训练）（全国通用）2026年高考英语一轮复习讲练测,6,1
第09讲 （专项训练）,1,1
第11讲历史专项训练,3,1
第12讲,2,1
第12讲细胞的增殖,3,1
第12讲细胞的增殖知识清单,1,1
第12讲细胞的增殖（知识清单）,5,1
第13章简单电路,6,1
第13讲,1,1
第13讲减数分裂,9,1
第14讲,3,1
第15讲,4,1
第19讲  中国的位置、疆域和行政区划  专项训练 一、选择题 下图为中国在地球上的位置示意图，读图完成下面小题。  1．下列关于中国疆域和位置的说法正确的是（   ）,2,1
第1单元试卷八上数学,13,1
第1张第1节物质的分类及转化,9,1
第1章 反比例函数,7,1
第1章 物质及其变化,3,1
第1章反比例函数章末检测卷-2026-2027学年数学九年级上册苏科版（2024）,26,1
第20章二次根式单元自测卷,27,1
第23讲,1,1
第24讲,1,1
第24题,1,1
第2章一元二次方程单元自测券,7,1
第35届全国中学生物理竞赛决赛,7,1
第37届中国化学奥林匹克竞赛初赛模拟试题,5,1
第38届中国奥林匹克（初赛）暑假全真模拟测1,1,1
第38届中国奥林匹克（初赛）模拟试题,2,1
第39届全国中学生物理竞赛预赛试题,2,1
第3章 1交变电流,2,1
第3章 2交变电流的描述,1,1
第40届中国化学奥林匹克初赛暨2026年江苏赛区复赛试题,1,1
第40届中国化学奥林匹克竞赛初赛模拟试题,7,1
第40届全国中学生物理竞赛实验,2,1
第42届全国中学生物理竞赛复赛试题,5,1
第42届全国中学生物理竞赛预赛,10,1
第42届全国中学生物理竞赛预赛试题,15,1
第42届全国中学生物理竞赛预赛试题（河北赛区）,1,1
第47届中国化学奥林匹克竞赛初赛模拟试题,1,1
第49讲带电粒子在组合场中的运动,1,1
第4讲,11,1
第5章 单元综合拓展卷,1,1
第8讲 解析几何 椭圆大题 2026届高三数学二轮复习,1,1
第8讲 解析几何 椭圆大题讲义 2026届高三数学二轮复习,1,1
第8讲解析几何椭圆大题,1,1
第8讲解析几何椭圆大题2026届高三数学二轮复习,1,1
第8讲解析几何椭圆大题高3第2轮,1,1
第8讲解析几何椭圆大题高三数学二轮复习,1,1
第9届,1,1
第一,2,1
第一中学初中部,1,1
第一二六中学,1,1
第一二单元世界历史,6,1
第一单元  集合,1,1
第一单元 全等三角形,1,1
第一单元 细胞的概述及其分子组成 综合训练 江苏专用 2026年高考生物一轮复习讲练测,7,1
第一单元测试卷,1,1
第一单元物理八上人教检测,6,1
第一单元综合题,4,1
第一单元青岛版数学,11,1
第一场雪,1,1
第一学期期中模拟训练,18,1
第一学期期末,6,1
第一学期杭州市高三年级教学质量检测,9,1
第一次 月考五中,3,1
第一次学情检验,2,1
第一次月考人教版,1,1
第一次月考卷,1,1
第一次月考数学,23,1
第一次月考物理高一上,3,1
第一次月考试卷,13,1
第一次月考黑吉辽蒙高一,4,1
第一次期中卷,1,1
第一次模考,1,1
第一次调研考试,14,1
第一次质检,33,1
第一次质量,6,1
第一次质量检测,4,1
第一百中学,6,1
第一章 地球的运动 综合检测试卷,1,1
第一章 地球的运动 综合检测试卷。2025~2026年。地理人教版,1,1
第一章 地球的运动 综合检测试卷。2025~2026年。高二地理人教版,2,1
第一章 物质及其变化,9,1
第一章 特殊平行四边形 单元检测题 2026--2027学年北师大版九年级数学上册,3,1
第一章 特殊平行四边形 单元检测题 2026--2027学年北师大版九年级数学上册 2026-08-06 | 2份 | 15页 | 241人阅读 | 7,5,1
第一章 直线和圆(高效培优单元测试-强化卷)数学北师大版2019选择性必修第一册,5,1
第一章 第二节 内环境,2,1
第一章 走进物理世界 2025-2026学年沪粤版（2024）物理八年级上册,5,1
第一章 集合与常用逻辑用语 举一反三单元自测 拔尖卷 人教A版 出自学科网专辑 上好课 高一数学举一反三系列 人教A版必修第一册 题型 共19题 单选8道 多选3道 填空3道 解答5道 满分150分 考试120分钟 有两个版本 原卷版 试卷 解析版 答案详解 这份是学科网付费资源 网上公开免费渠道不能直接下载完整PDF文件 豆丁网有这份文档预览 但完整查看需要会员权限 两种方案 1 学科网 第一章 集合与常用逻辑用语 举一反三单元自测 拔尖卷 高一数学人教A版必修第一册,2,1
第一章 集合与常用逻辑用语 举一反三单元自测 拔尖卷 高一数学人教A版必修第一册,13,1
第一章思维导图,4,1
第一章特殊的平行四边形单元自测卷,1,1
第一章特殊的平行四边形单元自测卷新教材北师大版。,3,1
第一章运动的描述单元检测试卷,5,1
第一章集合,11,1
第一章集合与函数的概念集合与集合的运算,1,1
第一章集合与常用逻辑用语举一反三,2,1
第一章集合与常用逻辑用语知识归纳（人教A版2019必修第一册）,1,1
第一章集合与常用逻辑用语（知识归纳+题型突破）高一数学单元速记巧练（人教A版2019必修第一册）,10,1
第一章集合与逻辑用语人教版知识归纳加题型突破,7,1
第一章集合与逻辑用语知识归纳加题型突破,1,1
第一章集合和逻辑用语,3,1
第一章集合和逻辑用语知识归纳+题型突破,4,1
第一章集合和逻辑用语知识归纳和题型突破,2,1
第一章集合和逻辑用语知识点,4,1
第一章集合知识归纳+题型突破,6,1
第一章集）,1,1
第七中学,1,1
第七中学2025-2026学年高一上学期1月期末物理试题,2,1
第七单元检测卷 生物的变异和进化（综合训练）（江苏专用）,3,1
第七单元检测卷 生物的变异和进化（综合训练）（江苏专用）2027年高考生物一轮复习讲练测,1,1
第七届优,1,1
第七章 复数 章末小结及测试,5,1
第七章复数知识归纳加题型突破,1,1
第三单元  自学 人教,7,1
第三单元基础卷,2,1
第三次月考,1,1
第三次月考兰州,1,1
第三章,2,1
第三章一次函数单元试卷,2,1
第三章函数的单元测试卷,4,1
第三章函数的性质与概念和幂函数知识梳理,4,1
第三章函数的性质与概念知识梳理,17,1
第三章高考物理一轮复习讲练测,6,1
第九届,1,1
第二,1,1
第二中学,1,1
第二十二章 二次函数（原卷版）（优质类型）-2025-2026学年九年级数学上册考点解惑【基础•中等•优质】题型过关专练（人教版）,1,1
第二十次与地面碰撞,3,1
第二十次与地面碰撞，圆桶,2,1
第二单元,8,1
第二南开学校,5,1
第二外国语学校,1,1
第二外语学校,1,1
第二学期,1,1
第二学期普通高中非毕业班日语,5,1
第二学期期末,1,1
第二学期期末高一化学,12,1
第二学期高中非毕业班日语,2,1
第二师华山中学,21,1
第二新华中学,5,1
第二次世界大战,7,1
第二次次月考,11,1
第二次适应性考试,5,1
第二章 一元二次函数、方程和不等式,1,1
第二章 一元二次函数、方程和不等式知识归纳和,2,1
第二章 一元二次函数、方程和不等式知识归纳和题型,4,1
第二章 不等式知识归纳,4,1
第二章 不等式讲义,7,1
第二章 函数与基本初等函数（综合训练）,1,1
第二章 直线与圆的方程,1,1
第二章 直线与圆的方程 单元测试卷,17,1
第二章二次函数方程 不等式单元速记,14,1
第二章二次函数方程 不等式知识归纳,11,1
第二章二次函数方程 不等式讲义,5,1
第二章区域发展,1,1
第二章基本不等式知识点,1,1
第二章实数,2,1
第二讲匀变速直线运动的规律及应用,4,1
第二讲匀变速直线运动的规律及应用原卷版,1,1
第二讲离子反应离子方程式,5,1
第二课堂卷,1,1
第五中学,1,1
第八中8下英语,1,1
第八中学,16,1
第八章解析版,3,1
第八讲椭圆,8,1
第八讲椭圆大题高三数学二轮复习,2,1
第八讲椭圆高三数学二轮复习,6,1
第八讲解析几何椭圆高三数学二轮复习,1,1
第六中学,10,1
第六章圆周运动单元检测2025到2026学年高一物理人教版必修二。,1,1
第六章圆周运动单元训练2025到2026学年第一下学期物理人教版必修第二册,14,1
第六章圆周运动训练2025到2026学年人教版2019必修第二册物理。,4,1
第十一电路及其应用,5,1
第十七章 因式分解（单元测试·基础卷）人教版(2024)八年级上册,4,1
第十七章 欧姆定律,2,1
第十九章二次根式培优卷,1,1
第十二章,2,1
第十二章试卷物理能量,9,1
第十五章 电流和电路 第十六章 电压 电阻 第十七章 欧姆定律 阶段评价卷‑2025‑2026学年人教版九年级物理全一册,19,1
第十八章 分式与分式方程（单元测试·基础卷）人教版(2024)八年级上册,2,1
第十八章 分式（单元测试·基础卷）人教版(2024)八年级上册,2,1
第十八章 因式分解（单元测试·基础卷）人教版(2024)八年级上册,8,1
第十四章 全等三角形相关证明题,8,1
第十章概率,8,1
第十章浮力,1,1
第十章浮力基础版,4,1
第四十五中学月考,1,1
第四单元,3,1
第四单元测试卷人教,1,1
第四届玄符杯全国学科竞赛,2,1
第四届玄符杯全国学科竞赛广东省分赛,1,1
第四章,11,1
第四章测试,17,1
等价无穷小,1,1
等势,2,1
等和线定理,3,1
等差 数列,2,1
等差数列,24,1
等差数列 0 一轮复习基础练习,13,1
等差等比数列,3,1
等式,7,1
等效单摆,5,1
等效平衡 化学,1,1
等效平衡 化学练习题,1,1
等效替代法,1,1
等效电路图,4,1
等效重力场,7,1
等时圆,6,1
等时返回模型,1,1
等比数列,6,1
等比数列前n项和,7,1
等比数列活动单,3,1
等比数列的概念及练习,9,1
等比数列的概念学案人教版,3,1
等比数列的概念学案知识点加提醒,1,1
等比数列的概念学案知识点加题型,2,1
等比数列的概念学案知识点加题型人教版,14,1
等比数列的概念知识点加题型加跟踪训练,4,1
等比数列预习,1,1
等腰三角形,6,1
等腰三角形与全等三角形综合,4,1
等腰三角形和全等三角形打卡练习,11,1
等腰三角形和全等三角形综合复习,5,1
等腰三角形综合压轴题,7,1
答司马谏议书,7,1
答司马谏议书理解性默写,10,1
答案2026,1,1
答案2026广东高考,1,1
答谢中书书,15,1
答谢中书书师大二附中,6,1
答谢中书书必备手册,3,1
答谢中书书陶弘景,10,1
答谢中书赋陶弘景,1,1
答题卡模板数学,1,1
答题卡模板语文,3,1
答题卡英语,5,1
答题卡试卷.,3,1
答题卡语文中考,4,1
答题卡语文中考福建,6,1
答题模板,1,1
答题模板外接球,1,1
答题模版,8,1
答题模版语文,4,1
策勒县第一中学2026届开学,4,1
筷子放在碗中受力恰好平衡,2,1
简便运算四年级奥数,3,1
简化电路,7,1
简单句 5种基本句型,3,1
简单句 5种基本句型初中,1,1
简单句句型,5,1
简单复合函数的导数运算,3,1
简单指对幂比大小,10,1
简单推理,1,1
简单推理，政治,2,1
简单机械和功难题,1,1
简单机械和机械效率,6,1
简单机械细解巧练答案,1,1
简单电路,9,1
简单行程应用题,6,1
简易方程,1,1
简易方程人教版,3,1
简爱 中考真题,15,1
简爱 分章节阅读训练,5,1
简谐运动 2015 2024 高考物理真题汇编简谐运动大题,2,1
简谐运动 2025一轮复习,1,1
简谐运动 专项训练,1,1
简谐运动与力,2,1
简谐运动大题,2,1
算数题,2,1
算法,1,1
算法语文试卷,13,1
管,3,1
箴言中学,2,1
米东区2024、2023年小升初全区统一结业考试真题（语数英带答案）,4,1
米哈游,5,1
类碰撞,4,1
粒子在电场中的运动,2,1
粒子在电场中的运动综合题,6,1
粤东南联考,1,1
精准学炼,1,1
精准定名：陕西省2026年高三年级第二次适应性检测（二检）语文试卷（2026.05陕西高三二检）,2,1
精准教学通,1,1
精品,1,1
精品专区,6,1
精品解析,4,1
精品解析四川省成都市彭州市7年级上册数学期末,15,1
精品解析，湖北省部分省级示范高中2025到2026学年下学期期末测试，高一数学试卷。,3,1
精品解析：2026年海南三亚市中考二模地理试卷,3,1
精品解析：四川绵阳普明中学2025-2026学年第二学期期末模拟考试英语试题（原卷版）.docx,1,1
精品解析：四川雅安市田家炳中学高2025-2026学年高一年级下期第二次联考英语试题（原卷版）.docx,1,1
精品解析：安徽省合肥市五十中天鹅湖校区2025-2026学年上学期学情调研七年级数学试题,1,1
精品解析：福建省泉州市2026届高三一模考试生物试题,1,1
精品解析：福建龙岩市长汀县2025-2026学年人教版四年级下学期期末数学试题,2,1
精品解析：黑龙江绥化市绥棱县第一中学2025-2026学年度第,1,1
精品解析：黑龙江绥化市绥棱县第一中学2025-2026学年度第二年度期末考试物理,3,1
精彩三年,1,1
精彩三年化学必修一,1,1
精彩三年必修一,4,1
精彩三年必修三,1,1
精彩三年数学,6,1
精彩三年英语素养检测卷,1,1
精彩练习,1,1
精彩练习 浙教版八上 3.3 第2课时,2,1
精彩练习 浙教版八上科学3.3电压 第2课时 下载Word原卷版，删掉答案，直接拿去打印店打印即可。,1,1
精彩练习科学八下答案,1,1
精彩练习道法,2,1
精武中学,11,1
精确到位数,1,1
精练与拓展,1,1
精选经典型,3,1
精通六年级下册英语,7,1
紅岩 2024 2025 知识点汇总,2,1
紅岩 2024 2025 知识点汇总分层练习,1,1
紅星照耀中国 2026年知识点,6,1
紅星照耀中国 2026年知识点梳理,2,1
紅星照耀中国知识点梳理,10,1
紅楼梦,21,1
素养大赛,1,1
素养大赛语文,5,1
素养拓展,31,1
紫金,18,1
紫金中学,3,1
組卷网,1,1
綦江,1,1
綦江中学,3,1
綦江中学初2026届分班考试卷子,1,1
綦江中学初2028届分班考试卷子,1,1
綦江中学高2026届分班考试卷子,1,1
繁昌,6,1
繁昌一中,1,1
繁昌区第一中学,2,1
繁昌区自招,10,1
红安县第一中学,4,1
红对勾2024版讲与练一轮,1,1
红对勾高考一轮复习金卷,2,1
红山区,3,1
红岩 导读单,4,1
红岩 整本书阅读,2,1
红岩名著 导读,1,1
红岩整本书读书笔记,17,1
红岩第34章的阅读笔记,5,1
红岩第3四，张,2,1
红岭数学高一下册期中,4,1
红岭数学高二,15,1
红岭期末,9,1
红旗中学,1,1
红星照耀中国提纲,6,1
红星照耀中国，红岩提纲,4,1
红楼梦 01 05回 小练卷,75,1
红楼梦10,1,1
红楼梦判词,9,1
红楼梦整本书阅读,3,1
红楼梦考点,3,1
红楼梦考试知识点总结,3,1
红楼梦联系,1,1
红楼梦选择题,3,1
红河,2,1
红河州文山州2014,3,1
红领巾,27,1
红领巾期中考,1,1
红领巾期末考,1,1
级步猫高一升高二暑假作业,4,1
级英语9年级英语上册的知识点。,4,1
纪元中学,1,1
纪念中学高一上学期化学,1,1
纲要上,2,1
线平行面,2,1
线性方程,1,1
线性方程检验,1,1
线段垂直平分线的判定,5,1
线索,7,1
线面距离,6,1
练习、小升初音标15讲,3,1
练习册,5,1
练习册八上,1,1
练透,1,1
练闯考,3,1
练题考,3,1
组件网,1,1
组合,1,1
组成细胞的分子,8,1
细胞,1,1
细胞与分子基础,2,1
细胞中的元素和无机化合物,13,1
细胞器,1,1
细胞生活的环境,3,1
细胞的物质输入和输出,8,1
细胞的生命历程,9,1
细胞结构及拓展,4,1
细解巧练,1,1
绍一中,8,1
绍兴,2,1
绍兴2025高三上学期11月选考,6,1
绍兴一中高二英语月考卷,4,1
绍兴七年级数学分班考,1,1
绍兴二模,6,1
绍兴入学分班数学,1,1
绍兴入学分班考数学,14,1
绍兴入学分班考语文,1,1
绍兴入学数学,1,1
绍兴分班考,3,1
绍兴初中入学分班考语文,16,1
绍兴市,10,1
绍兴市 2025学年第二学期高中期末调测英语,6,1
绍兴市2023学年第二学期高中期末调测高二物理答案,1,1
绍兴市2024学年第二学期高中期末调测高一物理,27,1
绍兴市2024学年第二学期高中期末调测高二物理答案,1,1
绍兴市2025‑2026学年第二学期高二期末调测英语参考答案,8,1
绍兴市2025学年第二学期高中期末调测高二数学。,6,1
绍兴市2025学年第二学期高二期末调测,4,1
绍兴市2025年高二第二学年,1,1
绍兴市2025年高二第二学年英语,1,1
绍兴市九年级创新班提前批分类评价,1,1
绍兴市元培中学小升初入学检测,1,1
绍兴市小升初入学检测,1,1
绍兴市小升初英语入学检测,1,1
绍兴市柯桥区鲁迅中学月考,1,1
绍兴市柯桥区鲁迅中学高一月考,28,1
绍兴市第一中学,9,1
绍兴市马山中学入学检测,1,1
绍兴期末英语,1,1
绍兴期末英语高二,2,1
绍兴第一初级中学,1,1
绍兴第一初级中学 八年级上,7,1
绍兴高一期末物理,11,1
绍兴鲁迅中学,1,1
绍初,18,1
绍初分班,4,1
绍初分班考,4,1
经义成长,2,1
经义成长营,1,1
经开区,1,1
经济与社会,12,1
经济与社会主观题,3,1
经济与社会政治必修二大题答题模板,1,1
经济与社会知识清单,1,1
经济传导题,2,1
经济技术开发区外国语学校,1,1
经济重心南移,6,1
经略边疆,5,1
经纬网,4,1
经纬网与地图,1,1
经纬网的应用,4,1
经纬网练习题,4,1
结合空间向量求距离，出10道历年高考真题,3,1
结尾段作用,1,1
结构,4,1
结构 2025高考分类汇编,1,1
绕平入学考,1,1
给我出五到二年级下册比较难的数学应用题,1,1
给我找一套从向量到负数乘、除法运算的真题卷,4,1
给我找一套从向量到负数乘、除法运算的高一真题卷,8,1
给我生成一篇人教版八上英语第三单元作文,1,1
给阿嬷的情书,3,1
绝对值 12大题型 七上数学,6,1
绝对值 苏科版,1,1
绝对值不等式初高中衔接,1,1
绝对值数轴专项练,11,1
统编八回家,1,1
统编版语文必修上语文文言文,9,1
统编版高三历史一轮通史导学案 选必融合,3,1
统考历史,8,1
统计 023 一轮复习,1,1
统计与概率 2025专题突破,11,1
统计概率单元测试卷,1,1
统计概率单元测试卷人教A版,1,1
绥化市,4,1
绥化市中考前测试,6,1
绥棱县第一中学,4,1
续写作文模板高考,1,1
维克多听力,2,1
维克多听力训练,1,1
维拉帕米,2,1
绵中,19,1
绵竹4年级下册英语,7,1
绵竹4年级英语,5,1
绵竹5年级上册英语,3,1
绵竹5年级下册英语,4,1
绵竹5年级英语,3,1
绵竹初中部分班考真题,2,1
绵阳 0诊,5,1
绵阳 二诊,2,1
绵阳2026高一下期末物理,1,1
绵阳2026高一全市期末统考史政地,1,1
绵阳一诊 2026,6,1
绵阳三江实验七下,2,1
绵阳三诊,40,1
绵阳三诊数学,22,1
绵阳三诊科学,1,1
绵阳三诊英语,12,1
绵阳三诊语文,17,1
绵阳东辰,8,1
绵阳东辰四年级语文上册,4,1
绵阳中学20252026高一下政治历史地理期末考试卷,5,1
绵阳中学实验学校,1,1
绵阳中学开学考,3,1
绵阳中考,4,1
绵阳中考模拟,23,1
绵阳中考物理,1,1
绵阳中考真题,5,1
绵阳二模,4,1
绵阳二诊英语,8,1
绵阳六年级上英语七种,1,1
绵阳六年级上英语期中,6,1
绵阳六年级上英语第1单元,1,1
绵阳初一英语,6,1
绵阳初二英语,4,1
绵阳南山中学实验学校,4,1
绵阳南山中学选拔,5,1
绵阳南山实验中学,6,1
绵阳南山实验中学分班考,5,1
绵阳四中,1,1
绵阳外国语中学,1,1
绵阳外国语学校,2,1
绵阳外国语学校开学考,3,1
绵阳实验高级中学,3,1
绵阳实验高级中学入学考试,2,1
绵阳市,1,1
绵阳市 二次诊,9,1
绵阳市 二诊,4,1
绵阳市2026八下期末数学,1,1
绵阳市2026八下期末物理,2,1
绵阳市2026高一上期期末,5,1
绵阳市2026高一上期期末物理,2,1
绵阳市九年级第一次诊断性检测,1,1
绵阳市南山中学,2,1
绵阳市四年级上册数学,9,1
绵阳市四年级上册英语,4,1
绵阳市四年级上册语文,2,1
绵阳市高二期末,3,1
绵阳市高二期末 数学,1,1
绵阳慈济,4,1
绵阳期末考试,2,1
绵阳游仙中考模拟,31,1
绵阳经开区,5,1
绵阳经开区初二开学,1,1
绵阳英语中考,4,1
绵阳高一上入学考,1,1
绵阳高一上数学,14,1
绵阳高一入学考,7,1
绵阳高一全市期末统考史政地,3,1
绵阳高一数学,4,1
绵阳高三模考卷,9,1
绵阳高中2024级,1,1
绵阳高中第二期末,2,1
综合卷,1,1
综合检测一高二生物学人教版2019暑假提升练,1,1
综合训练01空间向量与立体几何,4,1
综合试题,2,1
综合题高三,1,1
绿色通道,2,1
缤纷阅读四年级,1,1
缩合反应,1,1
网2026-2027学年《2027届高三化学一轮复习,4,1
网课哈尔滨,3,1
网链共享第17链2025 2026学年下期质量监测试题初一,4,1
网链共享第17链2025 2026学年下期质量监测试题初一英语试题,3,1
罗布林一中,1,1
罗湖区2026年二模,1,1
罗源,3,1
羊山中学,1,1
羊山中学新九年级入学调研卷,1,1
羊山中学新八年级上册和下册的期末卷数学,2,1
美,1,1
美好杯,3,1
美术开学第一课,1,1
美术教学设计,1,1
美术鉴赏,1,1
美达菲物理卷子,3,1
群落的主要类型及群落的演替,6,1
群落的演替,2,1
羧酸及其衍生物,5,1
翁牛特旗2026历史,4,1
翁牛特旗九年级上册历史,1,1
翟艳丽,1,1
翠园初二,1,1
翠岗中学,2,1
翠苑,2,1
翻译练习,6,1
翼云,4,1
耀华中学二三年数学高一,7,1
耀华中学月考,7,1
耀华中学高三物理,1,1
耀华中学高二数学,4,1
耀正优高,1,1
耀正优高高一,1,1
耀正优高高一168,4,1
老人与海,3,1
老人与海人物关系图,1,1
老冢二中,1,1
老子四章PPT,4,1
老师,1,1
老王,1,1
老王撸题,1,1
老高考文言文,2,1
考,4,1
考公,1,1
考前押题03语法填空常考话题,2,1
考前押题03语法填空常考话题（期末复习专项训练）,1,1
考前押题03语法填空常考话题（期末复习专项训练）（原卷）,6,1
考向卷,4,1
考向标,1,1
考情分析,12,1
考法归类,3,1
考点94边形若考九种模型,9,1
考点培优练,5,1
考点练习册,2,1
考点青单,2,1
考点高中物理上册,1,1
考研英语,1,1
考科学复习创新方案高中英语全册通用版,1,1
考试卷,1,1
耒阳,10,1
聊城,9,1
聊城2025 2026高一期末下学期,1,1
聊城2025开学考,4,1
聊城8年级月考,3,1
聊城8年级月考数学,2,1
聊城8年级月考英语,2,1
聊城一中政治卷,5,1
聊城一中高一,2,1
聊城一中高一第一次月考,1,1
聊城一中高三开学考,3,1
聊城七下数学期末2025,1,1
聊城东昌东校,4,1
聊城东昌中学,1,1
聊城二中高一开学考,2,1
聊城二模,5,1
聊城八年级英语试题,4,1
聊城分班考,9,1
聊城市,8,1
聊城市2025-2026第二学期高一化学试题,5,1
聊城市2025-2026第二学期高一物理试题,4,1
聊城市26年高三上学期,18,1
聊城市8年级上册期中考试,9,1
聊城市东昌府区第三中学高一,4,1
聊城市二模,7,1
聊城市实验中学,10,1
聊城市第一实验学校,4,1
聊城开学考高三,3,1
聊城开学考高三上,6,1
聊城高一上学期第一次月考,5,1
聊城高一开学考数学,3,1
聊城高二期中下学期数学,5,1
职,1,1
职业高中数学,2,1
职教,1,1
职教高考2026,3,1
职教高考数学,1,1
职教高考英语高频短语,1,1
职校高考,1,1
职高,6,1
职高数学,8,1
职高语文,6,1
职高高考卷,1,1
联合体期末,8,1
联合模拟考试,4,1
联正,2,1
联盟山西,3,1
联考(五),12,1
联考best吉林,9,1
联考wu,1,1
联考卷,3,1
联考模拟,3,1
联考试卷,3,1
联考高一,12,1
联考（五）,7,1
聚落专题,2,1
聚落专题知识点,2,1
聚落知识点,5,1
聚龙外国语学校贯通班考试,5,1
聿明真题,1,1
肇东,6,1
肇东一中高一,4,1
肇庆中学,2,1
肇庆市第六中学,1,1
肇庆市统考,5,1
肇庆市高三,12,1
肇庆市高二日语下,2,1
肇庆市高二期末统考化学下学期,5,1
肇庆第一中学,2,1
肇庆龙涛,2,1
肇源县小考,3,1
肇源县第三小学,4,1
肇源第一中学,1,1
肇源第一中学数学,1,1
肖东中学,1,1
肥东凯悦中学数学期末卷子高一上学期,4,1
肥东凯悦中学高一上学期数学试卷,1,1
肥东县高一上学期数学试卷,8,1
肥东考学考,2,1
肥东联考,1,1
肥城,9,1
肥城26中考语文试卷,3,1
肥城一中开学考,1,1
肥城市九年级上册物理期中测试卷，2024到2025学,14,1
肥城市八年级下册化学期未测试卷，2024到2025学,1,1
肥城开学考,4,1
肥城高一期中考试数学试题,5,1
肥城高一期中考试英语试题,2,1
肥西,14,1
肥西小升初,4,1
肥西小升初六年级,1,1
肯德基,2,1
育人廊坊,7,1
育华中学2025,6,1
育德中学,1,1
育才一模,18,1
育才中学上海,1,1
育才中学中考模拟,2,1
育才中学中考模拟数学,3,1
育才中学九上第二次考试数学,4,1
育才双语,1,1
育才双语2025 2026学年度下学期期末考试高一试题,3,1
育才期中,1,1
育才高一,1,1
育才高一数学,1,1
育才高一数学月考,19,1
育才高三,1,1
育才高三上开学考,1,1
育明高中,4,1
育源,4,1
育英中学,6,1
育英二外七年级期中卷子,1,1
育贤中学,1,1
背单词,4,1
背多分,1,1
背诵,2,1
背诵岳阳楼记,2,1
背诵清单,1,1
背诵版,1,1
胚胎工程,24,1
胚胎工程技术习题,5,1
胚胎工程技术及其应用,1,1
胜利五十八中,4,1
胜利第一初级中学,2,1
胡不归模型,11,1
胡不归问题,1,1
胡克定律难题,1,1
胡克定律难题物理,1,1
胶南一中,1,1
胶州一中高二月考,7,1
能找到王朝霞活页默写的软件/小程序（分4类，按好用程度排序）  一、学科网APP（你刚才问的这个）  1. 下载：手机应用商店搜「学科网」安装  2. 搜索关键词（直接复制）： 2026春 王朝霞活页英语默写 三年级下册 PEP  3. 操作技巧：  ◦ 顶部搜索框输入，左侧筛选：小学三年级、英语、人教PEP  ◦ 缺点：大部分高清可打印PDF需要充值储值下载，免费资源很少  4. 适合：长期找各类教辅资料的家长  二、微信小程序（不用下载APP，最省事）  1. 王朝霞试卷网（官方）  • 微信顶部搜索小程序名字即可  • 优势：官方配套资源，买过纸质书扫书上二维码能免费领电子版；没买书部分资源要看广告领取  • 搜索词：王朝霞活页默写三下英语PEP  2. 教辅学园、试卷库类小程序  • 搜“教辅学园”，里面有网友分享的整套王朝霞PDF，看10秒广告就能保存图片打印，完全免费  三、浏览器网页（免费，不用装软件）  1. 打开手机自带浏览器，搜：第一试卷网 王朝霞活页默写三年级下册英语  2. 打开网页直接保存图片/PDF，无充值，全部免费打印  3. 夸克浏览器还能保存网盘全套王朝霞合集，一次性存整册  四、刷题类APP（只能搜答案，不能下载整套打印）  刷刷题APP、小猿搜题：只能拍照搜单题答案，没法导出整页默写打印，不推荐用来补作业 最快免费方案（你现在急用打印）  打开微信→顶部搜索小程序「教辅学园」，复制关键词王朝霞活页英语默写三年级下册PEP,1,1
能的转化与能量守恒,6,1
能量速率平衡电化学,3,1
脚拉脚,6,1
脚拉脚模型,5,1
脱轨问题,5,1
腾云联盟8月,5,1
腾云联盟八月,1,1
腾远2026化学,1,1
自主,3,1
自主 招生,1,1
自主学习能力测评导与练数学必修第一册配人教版A,5,1
自主学英语,1,1
自主招生 安徽 高一,1,1
自主招生九年级数学,9,1
自主招生八年级,9,1
自主招生夏令营,13,1
自主招生夏令营湖南,3,1
自主招生山东省,30,1
自主招生必刷题,1,1
自主招生真题卷,33,1
自主招生科学,8,1
自主招生语文,26,1
自主英语,1,1
自主预习 自主训练,1,1
自主预习 自主训练高二语文,5,1
自学 人教,1,1
自学 人教 unit 4,2,1
自学课,26,1
自找物理,1,1
自找物理青岛,1,1
自招 数学试卷山东,3,1
自招化学23,17,1
自招题,4,1
自测,2,1
自然地理卷子,15,1
自然地理陕甘宁,7,1
自然拼读2级第六,3,1
自然拼读2级第六单元视频,2,1
自然拼读发音规则表完整版,3,1
自然拼读法,1,1
自然环境的整体性与差异性,8,1
自由组合定律练习题,3,1
自由落体的两种典型情况和数字上报运动成才之路学案,3,1
自由落体运动与竖直上抛运动,2,1
自由落体运动和竖直上抛运动,5,1
自由落体运动和竖直上抛运动一轮,5,1
自贡,4,1
自贡一诊,2,1
自贡八上期末,2,1
自贡市2026地理中考,1,1
自贡市2026年中考,1,1
自贡市七年级上期数学期末测试卷,1,1
自贡高二上开学,1,1
至善教育,2,1
至臻,1,1
致死问题,2,1
舒城中学2025年开学考试卷,3,1
舒城二中,5,1
舒城二中九年级开学考,3,1
舜耕中学,2,1
舞阳县,42,1
舞阳县文峰一中,11,1
舞阳县第二高级中学,2,1
舟山中学,2,1
舟山市2025学年,11,1
舟山市2025学年第二学期高二历史期末检测考,4,1
舟山市七校联盟,5,1
舟山市高二,1,1
舟山期末,21,1
舟山期末高二期末,3,1
舟山期末高二英语,1,1
航天交大分班考试卷,2,1
航天创新大赛,3,1
良乡三中,1,1
良乡二中,1,1
良乡附属中学,1,1
艾宾浩斯英语3500词打卡,2,1
艾宾浩斯遗忘曲线,1,1
节约用水笔记,1,1
节能减排,4,1
芜湖,46,1
芜湖29中,8,1
芜湖一中高一必修一期中考试物理2025,2,1
芜湖一中高二英语,4,1
芜湖十二中高一入学考,3,1
芜湖安师大附中六校教育研究会化学试卷,2,1
芜湖安师大附中六校教育研究会高一化学试卷,3,1
芜湖安师大附中高一选科化学试卷,9,1
芜湖市,1,1
芜湖市二十七中,9,1
芜湖市南陵县许镇镇中心初中8年级上开学考,4,1
芜湖市安师大附中,3,1
芜湖市第十二中学,1,1
芜湖市自主招生,1,1
芜湖市高一下,4,1
芜湖湾子,4,1
芜湖高三开学考试数学,1,1
芜湖高三开学考试数学上学期,1,1
芝罘区一模初中数学,1,1
芣苢,10,1
芣苢诗经周南,1,1
芦台一中,5,1
芦台二中,9,1
芦溪中学开学考试卷,1,1
芦溪县2025高一上学期月考,6,1
花都 黄广,4,1
花都区,41,1
花都区八年级上册期中,6,1
花都区高一上册数学期末考试,3,1
花都广雅,1,1
苍南中学提前招,25,1
苍南中学高二开学考数学,10,1
苍梧,6,1
苍溪中学,1,1
苍溪天立,2,1
苏北七市二模,3,1
苏北八市联考数学二模,5,1
苏北初升高摸底卷,4,1
苏北四市2026届高三年级第一次调研考试,8,1
苏堤清明即事,2,1
苏家屯区,1,1
苏家屯区7年级,3,1
苏家屯区7年级下学期,2,1
苏州 八年级下册 期中 英语 译林版,14,1
苏州 开学考,14,1
苏州 高一上 语文试卷,1,1
苏州 高一上英语10月月考卷,3,1
苏州 高一上英语单元测试卷,10,1
苏州 高三 期初阳光调研 化学,2,1
苏州 高三 期初阳光调研 数学,2,1
苏州 高三 期初阳光调研 物理,2,1
苏州 高三 期初阳光调研 生物,5,1
苏州 高三 期初阳光调研 试卷,1,1
苏州 高三期初调研卷,3,1
苏州2025-2026高二期末英语试卷,3,1
苏州2025届高三上学期期初阳光调研,5,1
苏州2026年中考数学试卷,1,1
苏州2026年中考试卷数学,2,1
苏州2026年中考题,2,1
苏州2026年高二期中调研试卷,8,1
苏州26年中考试卷,1,1
苏州26年中考试卷数学,1,1
苏州一中,3,1
苏州一模,1,1
苏州三模,1,1
苏州中学2025～2026高二数学第一次月考卷,2,1
苏州中学2025～2026高二英语第一次月考卷,3,1
苏州中学小升初,1,1
苏州中学高一上学期,7,1
苏州中学高二数学,1,1
苏州中学高二数学期末,1,1
苏州中学高二月考数学,1,1
苏州中心小升初,1,1
苏州中考一模,2,1
苏州中考英语,4,1
苏州九上化学期中卷,1,1
苏州九上数学,9,1
苏州五中,2,1
苏州五中英语,1,1
苏州五中英语月考,2,1
苏州八年级上期中,1,1
苏州八年级上期中历史,1,1
苏州八年级上期末,4,1
苏州分班考 初一,1,1
苏州初二期末数学,1,1
苏州十中,3,1
苏州吴县中,8,1
苏州吴县中学10月,11,1
苏州大学,1,1
苏州大学大一试卷,1,1
苏州天成中学,1,1
苏州实验中学,3,1
苏州市2025～2026苏中中学高二化学第一学期,2,1
苏州市2025～2026苏中中学高二化学质量评估,4,1
苏州市2026年中考数学试卷,1,1
苏州市上学期9月高三期初考,2,1
苏州市初一期中,5,1
苏州市十中,1,1
苏州市工业园区星海中学,10,1
苏州市昆山2025～2026学年第二学期六年级英语期末考试试卷,4,1
苏州市昆山市,15,1
苏州市星海中学,1,1
苏州市木渎,1,1
苏州市苏州中学,1,1
苏州市苏苑,2,1
苏州市迎春中学,1,1
苏州市高三上期初考试,6,1
苏州市高二下期末考试,1,1
苏州市高新区高新一中高一上月考试卷12月份,2,1
苏州新区实验高中10月月考,7,1
苏州昆山八年级试卷英语月考考试试卷,4,1
苏州昆山八年级试卷英语期中考试试卷,1,1
苏州星海高二化学月考卷,11,1
苏州星海高二月考卷,4,1
苏州期初,10,1
苏州物理八年级下册,4,1
苏州秋季分班考试,16,1
苏州秋季开学,4,1
苏州英语中考作文范文,1,1
苏州英语月考,1,1
苏州英语月考高一,1,1
苏州英语月考高一2024-2025,7,1
苏州英语月考高一2024-2025 3月,1,1
苏州英语月考高三,1,1
苏州英语月考高二,2,1
苏州西安交通大学纳米,8,1
苏州零模,2,1
苏州高三三模语文,3,1
苏州高三上期初考试物理,4,1
苏州高三期中,4,1
苏州高三期初物理,15,1
苏州高三期初生物,1,1
苏州高三期初生物2023-2024,1,1
苏州高三期初生物2024-2025,5,1
苏州高三期初生物2025,1,1
苏州高三期初生物考试试卷,4,1
苏州高三期初英语,7,1
苏州高三期末,5,1
苏州高三英语,9,1
苏州高三零模试卷,3,1
苏州高二上学期期末数学,12,1
苏州高二上期末数学,1,1
苏州高二下期末数学,3,1
苏州高二期末英语,4,1
苏教版,4,1
苏教版7上生物 1.2.3多细胞生物,4,1
苏教版七年级上册生物多细胞生物课件,2,1
苏教版七年级上册生物多细胞生物课件PPT,2,1
苏教版七年级上册生物课件,2,1
苏教版七年级生物,2,1
苏教版五年级下册数学试卷,3,1
苏教版八年级上册数学第一课,4,1
苏教版八年级上册数学第一课练习题,11,1
苏教版八年级上册数学计算题,29,1
苏教版八年级物理上册,2,1
苏教版八年级物理上册单元测试,3,1
苏教版八年级物理上册单元测试第一章,10,1
苏教版八年级物理上册单元测试第一章声现象,6,1
苏教版八年级物理上册第一章声现象单元测试,6,1
苏教版六年级下册英语试卷,2,1
苏教版化学必修一,1,1
苏教版化学必修一卷,1,1
苏教版化学必修一卷期末,5,1
苏教版化学必修一方程式,1,1
苏教版化学必修一方默写,1,1
苏教版化学必修一默写,1,1
苏教版化学高一,1,1
苏教版化学高一下学期试卷,9,1
苏教版化学高一试卷,1,1
苏教版四年级上册数学同步视频,6,1
苏教版小升初数学试卷,4,1
苏教版小升初英语试卷,1,1
苏教版小升初语文试卷,3,1
苏教版小学三年级,3,1
苏教版小学英语试卷,1,1
苏教版数学,4,1
苏教版数学5年级上册,1,1
苏教版数学五年级下册期未试卷,11,1
苏教版数学选择性必修二电子书,1,1
苏教版物理8年级上册5.2速度专题训练十大题型,5,1
苏教版物理声现象,7,1
苏教版高中生物遗传知识点,7,1
苏科七下期末计算专项,1,1
苏科八上物理第五章,4,1
苏科版,1,1
苏科版九上数学单元测试卷,3,1
苏科版数学几何分层练习,5,1
苏科版物理,4,1
苏锡常 2026 高三一模,9,1
苏锡常镇,8,1
苏锡常镇025高三一模,5,1
苏锡常镇025高三二模,3,1
苏锡常镇四市高三教学情况调研,2,1
苏锡常镇模拟,6,1
英华实验学校,4,1
英华实验学校开学考,2,1
英华高一下学期期末考试卷,2,1
英吉沙县,6,1
英吉沙县多校联考2025-2026高一下学期期末物理,2,1
英吉沙县多校联考2025-2026高一下学期期末生物,1,1
英吉沙县高一下学期期末卷,2,1
英山县三年级下期末数学2025-2026,1,1
英山县三年级下期末数学2025-2026英山县,4,1
英才大联考2026届初三,1,1
英才班,5,1
英才计划,1,1
英文字帖练习,1,1
英文字母练习,3,1
英文报,1,1
英译汉 单词 默写,2,1
英译汉 汉译英,1,1
英语 0 2 6 学 年 度八下期末,2,1
英语 0 2 6 学 年 度期末,5,1
英语 0 2 6 学 年 度期末德州,7,1
英语 0 一轮复习,1,1
英语 2025 高考真题,5,1
英语 2027语法填空专项,1,1
英语 作文2025必背句型,2,1
英语 作文高中,3,1
英语 单词 自测,5,1
英语 听力10年真题全国卷及听力音频,4,1
英语 听力10年真题全国卷及听力音频2020 2024音频,10,1
英语 听力2025 含听力及录音,1,1
英语 听力2025 含听力录音,2,1
英语 听力2025 含听力材料及录音58380905,1,1
英语 听力听力材料及录音,1,1
英语 山东 期末 高二,4,1
英语 带听力,16,1
英语 时文阅读2026世界杯,1,1
英语 读后续写 2026分类模板,6,1
英语 读后续写23个万能句式,3,1
英语 选择题,2,1
英语 高考江苏全国一卷试卷,4,1
英语16时态,1,1
英语16时态专项,2,1
英语16时态练习,3,1
英语16时态语法填空专项,1,1
英语1800,1,1
英语2024年1月全国新课标一卷浙江,1,1
英语2026中考河北省,1,1
英语2026安徽中考真题卷,3,1
英语2026山东省实验,1,1
英语2026年二卷,1,1
英语2026年高考二卷,1,1
英语2026济南,3,1
英语2026版九上单词表,5,1
英语24高考,2,1
英语3500,1,1
英语3500 词汇背诵word版,5,1
英语3500字,1,1
英语3500字小,1,1
英语3500词汇,11,1
英语4,1,1
英语4级,4,1
英语6选5专项练习题,5,1
英语9上外研版教材,8,1
英语A篇阅读专项训练,4,1
英语ketn,1,1
英语mp3短语,4,1
英语七上作业,1,1
英语七上作业第一单元,1,1
英语七上期末考试卷,5,1
英语七年级下册贵阳市期末考试卷南明区,1,1
英语七年级时刊,10,1
英语七年级讲义,3,1
英语七选五12字满分口决,3,1
英语七选五2026届专项练习高三,19,1
英语七选五外研版,2,1
英语七选五近五年真题,3,1
英语三大从句高考核心,1,1
英语三模,3,1
英语上海高考资料,4,1
英语不规则动词全纬度表,1,1
英语专项突破,13,1
英语专项练习题,1,1
英语专项训练外研版,2,1
英语中考,1,1
英语中考专项,2,1
英语中考作文范文,1,1
英语中考培优题,10,1
英语中考新题型,8,1
英语中考试卷,5,1
英语中考试卷南开,6,1
英语中考阅读理解,7,1
英语中高考研究站,3,1
英语丶,1,1
英语九上教材,3,1
英语九上期中,7,1
英语九上期末,1,1
英语九上期末成都,3,1
英语九年级上册,3,1
英语九年级上册第一讲知识全梳理&考点精准练,3,1
英语九年级上试卷,5,1
英语书九上,1,1
英语书虫整本书阅读,1,1
英语二十四中,3,1
英语二模,1,1
英语二模2022,5,1
英语二诊,7,1
英语五年级,4,1
英语五年级人教版,3,1
英语人教版3年级 四年级单词,1,1
英语人教版七升八任务型阅读暑衔接,7,1
英语人教版任务型阅读暑衔接,9,1
英语人教版必修一unit3课件,6,1
英语人教版衡水体字帖,1,1
英语人教版选择性必修一,2,1
英语人教版选择性必修一课文,1,1
英语人教版选择性必修一课本,1,1
英语代词基础练习,4,1
英语任务型阅读哈尔滨,4,1
英语伴学笔记,2,1
英语作业,1,1
英语作文 100篇范文timetorelax,1,1
英语作文初中,3,1
英语作文好句,2,1
英语作文练习,1,1
英语作文题目,9,1
英语作文高考,3,1
英语作文，我整理我的房间,4,1
英语元音，辅音相关学习视频,1,1
英语免费,5,1
英语兔,1,1
英语入学考,2,1
英语全国二卷2026电子版,3,1
英语全国模拟仿真卷一,1,1
英语全球二卷2026电子版,1,1
英语八上,3,1
英语八下试卷,1,1
英语八年级上册人教版课文跟读MP3版,1,1
英语六年级下册试卷带音频,12,1
英语冀教版八年级上册课文翻译,2,1
英语分班考试卷,3,1
英语初中介词专练,7,1
英语初中语法,2,1
英语初二,3,1
英语初二上,1,1
英语北京昌平五年级下册,6,1
英语单招试卷,10,1
英语单词,1,1
英语单词听力,1,1
英语单词填词必修一,9,1
英语单词找重音,1,1
英语单词高一,16,1
英语单词默写,3,1
英语单词默写八年级上册,1,1
英语单项选择进阶练,4,1
英语卷子，高中营口,4,1
英语句子成分,1,1
英语台江,8,1
英语各地期末考试完形填空,3,1
英语合格性考广东,7,1
英语名词百题斩,6,1
英语后缀词前缀词,5,1
英语听力 100篇 音频,2,1
英语听力2826一摸,2,1
英语听力三上,1,1
英语听力三上外研版,15,1
英语听力练习,2,1
英语听力训练重庆初二,1,1
英语听说,8,1
英语哈尔滨二十四中,5,1
英语四级真题,2,1
英语四级真题电子版,2,1
英语固定搭配,1,1
英语固定搭配初中,4,1
英语基础2000词,1,1
英语基础模块1外研版 上好课,3,1
英语填句补文,11,1
英语填词,3,1
英语外研九上第三单元测试题,5,1
英语外研必修三单词默写,1,1
英语外研版。语法选择,1,1
英语外研版八上单词默写单,10,1
英语外研版八上词汇默写单,12,1
英语外研版八下,1,1
英语外研版必修三单词默写,1,1
英语外研版必修二听力,1,1
英语外研版语法,1,1
英语外研版选修一语法,1,1
英语外研版选修一语法unit3,8,1
英语外研版选修一语法unit3提纲,3,1
英语外研版选修一语法unit3知识点,5,1
英语外研版选修一语法提纲,21,1
英语好句,1,1
英语学程单词表,4,1
英语完型填空 高一期末 专项训练英语2026,4,1
英语完形,16,1
英语完形填空专项突破,2,1
英语定语从句,1,1
英语定语从句练习,3,1
英语宾语从句,3,1
英语小游戏,3,1
英语市模拟卷2026,12,1
英语平时练习,2,1
英语平时练习人教版,2,1
英语必修一 单词人教版表,2,1
英语必修一 单词表外研版,5,1
英语必修一unit3,10,1
英语必修一unit3课件,2,1
英语必修一单词,3,1
英语必修一单词默写,1,1
英语必修一单词默写本,7,1
英语必修一课本,3,1
英语必修三单词默写,6,1
英语必修二,7,1
英语必修二译林版,1,1
英语必修二译林版，单词,2,1
英语情景交际,13,1
英语扬州,8,1
英语拉网,6,1
英语提前招生真题,1,1
英语摩斯密码的题,3,1
英语教学设计,3,1
英语教科视频,5,1
英语教辅《测与练》,1,1
英语文章抄写,1,1
英语新外研版,1,1
英语新教材同步课,7,1
英语新题型概全补要,1,1
英语时态,1,1
英语时态 100题 分类基础练习,3,1
英语时态一轮复习,5,1
英语时态基础专项,7,1
英语时态造句,3,1
英语时文阅读,6,1
英语期中,5,1
英语期中九上,16,1
英语期未,6,1
英语期末卷,1,1
英语期末考,8,1
英语期末考试卷五年级下册英语拍PEP,11,1
英语朱博士887高频词,1,1
英语模拟卷高三,3,1
英语河北中考,2,1
英语河北中考2027,8,1
英语河北高考卷2026,7,1
英语测与练,4,1
英语济南一模,6,1
英语游戏,5,1
英语游戏高一,1,1
英语湘少版,43,1
英语满分作文,1,1
英语满分素材,1,1
英语真题2026,4,1
英语知识全梳理考点精准练,7,1
英语知识清单,2,1
英语知识点,3,1
英语短文,3,1
英语短文填空,10,1
英语短语固定搭配,9,1
英语竞赛,17,1
英语第一次月考,3,1
英语素材,1,1
英语练习,8,1
英语练习卷,1,1
英语练习题外研版,4,1
英语练习题幻影版,3,1
英语续写作文模板高考,3,1
英语综合卷,1,1
英语网课2026,1,1
英语网课2026人教版,1,1
英语网课2026人教版六年级上册,3,1
英语考纲单词默写,1,1
英语考纲词汇,1,1
英语自招,4,1
英语自然拼读视频,4,1
英语范文,3,1
英语范文高中,3,1
英语虚拟语气,2,1
英语衡水体字帖PDF,1,1
英语西青期末高一,1,1
英语视频教学,3,1
英语词形变化,3,1
英语词性转换,4,1
英语词性运用,4,1
英语词汇专项,7,1
英语词汇变形,3,1
英语词汇变形高考,3,1
英语词组,5,1
英语译林版必修三新编高中同步作业,3,1
英语试卷九年级上册,5,1
英语试卷人教版,1,1
英语试题第一个单词完型当中的第一个单词的第一个选项，第一个单词是brick,9,1
英语语法填空 100篇,8,1
英语语法填空 100篇 专项训练山东通用,1,1
英语语法填空 100篇 专项训练山东通用高考,3,1
英语语法填空 100篇 基础,4,1
英语语法填空专项练习,3,1
英语语法填空高三没有提示词,8,1
英语语法导图,2,1
英语语法沪教版,4,1
英语语法知识,5,1
英语读后续写比赛竞争类,12,1
英语读后续写通用句子。,3,1
英语课本,1,1
英语课本初三,1,1
英语课表单词3500个,2,1
英语进阶阅读 八年级 安徽专版 第2年第2版,2,1
英语进阶阅读 文心出版社 答案,4,1
英语进阶阅读 第2年 第2版,1,1
英语选修一,4,1
英语选修一人教版最新版单词表,9,1
英语选句填空,2,1
英语选必一单词,3,1
英语选必修一单词表,6,1
英语选择性必修一,1,1
英语选择性必修一单词,7,1
英语选择性必修一单词填空,7,1
英语选择性必修一教材,1,1
英语选择性必修默写,3,1
英语重庆高中零诊,4,1
英语闽教版知识清单,2,1
英语阅读 1,1,1
英语阅读专练。,3,1
英语阅读专项训练,4,1
英语阅读沪教版广州专项,1,1
英语阅读沪教版广州专项训练,4,1
英语阅读沪教版广州专项训练九年级,3,1
英语阅读猜词,8,1
英语阅读理解 100篇专项训练,12,1
英语阅读理解 100篇专项训练高中,9,1
英语阅读理解技巧,7,1
英语阅读理解沪教版广州,1,1
英语阅读理解沪教版广州专,1,1
英语阅读理解沪教版广州专项,7,1
英语阅读理解高考,2,1
英语阅读重庆,4,1
英语雷州,2,1
英语非谓语动词,2,1
英语音频,1,1
英语高一上,2,1
英语高一下期末,8,1
英语高一必修一统编版语法练习,3,1
英语高一期末,3,1
英语高一衡水体字帖,3,1
英语高三哈三中,4,1
英语高三复习卷,3,1
英语高三语法填空,3,1
英语高二,6,1
英语高二期末,9,1
英语高分突破这本书,1,1
英语高考2024,1,1
英语高考2024全国一卷,2,1
英语高考688核心词汇,4,1
英语高考专项复习,4,1
英语高考作文,3,1
英语高考卷2021到20205,1,1
英语高考卷2025,1,1
英语高考卷2026全国一卷,5,1
英语高考卷2026新一卷,1,1
英语高考卷语法填空,3,1
英语高考真题2026,1,1
英语高考真题听力,2,1
英语高考词汇,10,1
英语高考长难句,7,1
英语高频词,1,1
英语默写,1,1
英语，河南省，高二，试题,4,1
英语，河南省，高二，试题，上学期,3,1
英语，语法填空高三,2,1
英语，选修一，北师大,1,1
英语，高一入学考,6,1
英雄山,34,1
茂名,6,1
茂名2026初二期末考试试卷,1,1
茂名中考卷,1,1
茂名市 高一 期末监测 2026,9,1
茂名市电白区部编版一年级语文上册期中试卷,1,1
茂名市第十中学,13,1
茂名高一2026统考答案物理,3,1
茂名高二质量,2,1
茂名高州2026初二数学期末考试试卷,2,1
范水镇中心初级中学2022年的语文中考试卷,8,1
茅屋为秋风所破歌,8,1
茶陵县三中,2,1
荆山中学,2,1
荆州中学 高二上数学,1,1
荆州中学2026年物理,2,1
荆州中学高一上,3,1
荆州中学高三8月考,1,1
荆州市2024-2025学年高一质量检测,11,1
荆州市2025 2026学年度高一年级质量检测试卷日语答案,2,1
荆州市2025 2026学年高一年级质量检测化学,1,1
荆州市2025 2026学年高一年级质量检测生物,1,1
荆州市2025-2026学年度高一年级质量检测语文试卷,1,1
荆州市2025—2026学年度高一年级质量检测试卷日语,4,1
荆州期末,12,1
荆州联考,1,1
荆州联考高2上期中,5,1
荆州英语六年级,1,1
荆州高一统考生物,1,1
荆荆襄宜,8,1
荆门九年级第一次月考,1,1
荆门初三月考,1,1
荆门高三9月起点考试,4,1
荆门龙泉杯,1,1
荔广实验,2,1
荔浦中学第一次开学考,4,1
荔湾区25初一摸底考,11,1
荔湾区25摸底考,1,1
荔湾区七年级下册数学,4,1
荟萃中学,3,1
荣县,3,1
荥阳,6,1
荷阳中学,1,1
莆,1,1
莆田一中林兰英数学,1,1
莆田一中高二开学考,1,1
莆田中山中学,21,1
莆田九年级,3,1
莆田二中,7,1
莆田二中开学考,3,1
莆田二检,4,1
莆田八上数学,1,1
莆田八上数学月考,1,1
莆田初一上册数学单元考试卷,2,1
莆田初二数学,3,1
莆田十中,2,1
莆田哲理中学高三地理期中考试,4,1
莆田巴萨,1,1
莆田市2022-2023化学,9,1
莆田市2022至2023学年上学期期末质量调研试卷八年级地理,2,1
莆田市2024 至2025学年上学期期末质量调研试卷八年级地理,4,1
莆田市2024 至2025学年下学期期末质量调研试卷七年级地理,1,1
莆田市2025 2026学年下学期期末质量调研试卷七年级地理,9,1
莆田市2025市统考,4,1
莆田市2025年八年级上册数学试卷,3,1
莆田市2025年八年级上册期末数学试卷,2,1
莆田市20269年级上册期末数学试卷,3,1
莆田市2026届高中,1,1
莆田市2026届高中毕业班,7,1
莆田市2026届高中毕业班第三次,6,1
莆田市2026年八年级上册期末数学试卷,2,1
莆田市8年级上册物理,1,1
莆田市七下市统考试卷,7,1
莆田市七年级分班考,5,1
莆田市上学期七年级地理期末,7,1
莆田市二十五中,16,1
莆田市分班考,1,1
莆田市初中学科能力测试,3,1
莆田市四年级试卷,5,1
莆田市小升初分班考,1,1
莆田市秀山初级中学,10,1
莆田市第一中学,1,1
莆田市统考,14,1
莆田市质检八年级上册物理,1,1
莆田市高二考试卷,12,1
莆田擢英中学,2,1
莆田擢英高一,1,1
莆田擢英高一上学期分班考试卷,1,1
莆田擢英高一上学期返校考试卷,3,1
莆田擢英高一返校考试卷,1,1
莆田第一中学考学考,1,1
莆田第十一中学,4,1
莆田第十中学,9,1
莆田高一上学期分班考试卷,4,1
莆田高三质量检测,7,1
莎车县2025-2026,4,1
莎车县第九中学期中试卷高一下学期第一次月考数学,4,1
莎车县第九中学期中试卷高二上学期第一次月考生物学,5,1
莎车教育局高一数学,3,1
莒南,2,1
莒县一中,8,1
莘光中学,6,1
莘县,7,1
莘县一中,4,1
莘县一中高一2025九科联考,12,1
莘县一中高一期末语文,1,1
莘县中考英语,1,1
莘县实验,1,1
莘县实验高级中学,8,1
莘县期中,3,1
莘县王奉小升初分班考试试卷,10,1
莘县聊城数学月考,4,1
莘松中学,1,1
莞初,13,1
莞初数学,1,1
莞初集团,4,1
莫斯科,2,1
莱州一中去年高一第一次月考真题物理。,11,1
莱芜凤城高中,3,1
莱西,5,1
莱西初四,3,1
莱西实验中学,3,1
莱西市中,1,1
莱西市中考,3,1
莱西市实验中学,5,1
莱西市实验学校,3,1
莱西市高二上学期期中试卷,3,1
莱西市高二上学期期中试卷数学,2,1
莱阳七年级,15,1
莱阳市第一中学,2,1
莲塘一中,6,1
莲塘一中2024-2025高一下期末考试试卷,2,1
莲塘一中高一入学考试试卷,3,1
莲塘一中高二10月月考,1,1
莲湖区,22,1
莲花中学,1,1
莲花中学期中,1,1
莲花中学高一上物理月考卷,11,1
菁华中英文实验学校,1,1
菏泽2024高一上期末,3,1
菏泽一中,13,1
菏泽一中准高一月考,3,1
菏泽万福实验学校,2,1
菏泽东明数学卷子高一,1,1
菏泽国花高三开学考试,5,1
菏泽市 2025 2026 学 年 高一下学期 期末,1,1
菏泽市 2025 2026 学 年 高二学期 期末,3,1
菏泽市七下历史期末2026,8,1
菏泽市八下语文期末2024,1,1
菏泽市八年级上册英语试卷2025,1,1
菏泽市四年级下学期期末考试英语,3,1
菏泽市定陶区第二学期期末考试,2,1
菏泽市定陶区第二学期期末考试真题,1,1
菏泽市小升初试卷,8,1
菏泽市牡丹区,8,1
菏泽市牡丹区2026年八年级上册物理考试期中,5,1
菏泽市郓城县八年级上册数学2025,4,1
菏泽市郓城县八年级上册英语期中试卷2022,3,1
菏泽市郓城县八年级上册英语试卷2022,3,1
菏泽市郓城县八年级上册英语试卷2025,4,1
菏泽市高一下学期期末英语试卷2025,3,1
菏泽市高二上学期10月第一次月考,25,1
菏泽市高二上学期第一次月考,1,1
菏泽市鲁西新区新初一分班考试,1,1
菏泽数学卷子,1,1
菏泽数学卷子高一,1,1
菏泽语文二模,4,1
菏泽高一开学考试,2,1
菏泽高三上学期开学考,1,1
菏泽高三开学考,1,1
菏泽高三开学考试东明一中,1,1
菏泽高二下学期期中语文,4,1
菏泽高二下学期期末语久,1,1
菏泽高二期中上学期,4,1
菏泽高二期中上学期数学,12,1
菏泽高二期中上学期物理,1,1
菏泽高二期末政治试卷,1,1
菱形性质与判定复习,3,1
萍乡市2026,9,1
萍乡市期末,2,1
萍乡市莲花中学,1,1
萍乡市莲花中学高一开学考,3,1
萍乡市高一数学月考,4,1
萍乡市高一物理月考,7,1
萍乡市高三上学期九师联盟,4,1
萍乡市高三上学期九校联盟,2,1
萍乡市高三上学期金太阳,4,1
萍乡市高二下学期期末考试,1,1
营口实验中学,3,1
营口市十七中学,3,1
营口市十七中学八年级,4,1
营口市期末,1,1
营口市第25中学,4,1
营口市第一中学,12,1
营口市第七中学,2,1
营口高一物理,3,1
萧县2025~2026学年度第一学期期中质量监测八年级数学试卷,6,1
萧县七下期末考试试卷,6,1
萧县期末英语试卷,5,1
萧山区统考,8,1
萧山期末卷,1,1
萧山第十高级中学,1,1
萧红数学哈尔滨九年级上,4,1
葫芦岛2023高一期末数学,6,1
葫芦岛2024高一期末数学,5,1
葫芦岛2024高二期末数学,8,1
葫芦岛一高中第一次月考卷,4,1
葫芦岛一高中高一,1,1
葫芦岛一高中高一上,1,1
葫芦岛九上物理,3,1
葫芦岛市一高中,2,1
葫芦岛市第一高级中学,2,1
葫芦岛数学,3,1
葫芦岛连山,2,1
葫芦岛高一,8,1
蒙城小升初,4,1
蒙阴县2025招2026学年度八年级上学期物理期末考试,4,1
蒙阴县坦埠镇中心小学,1,1
蒲公英六年级上学期英语期中,1,1
蒲城县2025 2026学年下学期期末检测,6,1
蒲城县对抗赛,9,1
蒲城县第三高级中学,6,1
蓉城名校联盟,8,1
蓉城名校联盟 2024-2025,6,1
蓉城联盟考试高二下学期期末,1,1
蓉城联盟高三入学考试,19,1
蓉城联盟高三数学,8,1
蓝天实验学校,2,1
蓝思值,1,1
蓝海,1,1
蓝海南天海,3,1
蓟州,12,1
蓟州区上仓中学,2,1
蓟州区第一中学初中部,9,1
蓟州区第二中学,3,1
蓬莱,8,1
蓬莱区2024 2025六下数学期末,1,1
薛城七年级上册期中考试卷,1,1
薛城七年级上册英语期末考试卷,2,1
薛城区,10,1
薛城区七年级上册英语期末考试卷,1,1
薛城区七年级上学期期末试卷,1,1
薛城区七年级上学期期末试卷英语,2,1
薛城区七年级上期末试卷,1,1
薛城区七年级上期末试卷英语,1,1
薛城区九上化学,3,1
薛城区九上数学,3,1
薛城区九上物理,7,1
薛城区英语七年级上期末试卷,4,1
薛城期末七年级下册,3,1
薛金星全解,7,1
藁城区七下期末考试,5,1
藏在碎碎念里的爱,5,1
藏文,3,1
藏语文,1,1
藤野先生,4,1
藤野先生教学设计,1,1
虎跳峡,2,1
虚拟语态,5,1
虚拟语气与现在,2,1
虚拟语气练习,6,1
虚词,5,1
虢镇中学,4,1
虹中,1,1
虹口,8,1
虹口一模化学,1,1
虹口区多校联考,4,1
虹桥中学七上,1,1
虹桥中学七上英语,1,1
虹桥中学八上物理月考卷,3,1
虹桥八上数学月考,4,1
虹桥八上月考,1,1
虹桥八上物理月考,1,1
虹桥小升初考试,2,1
虽有嘉肴,4,1
蚌埠,1,1
蚌埠2026届高三8月调研,6,1
蚌埠A层联考高一数学,1,1
蚌埠七年级期中,1,1
蚌埠七年级期中数学,1,1
蚌埠九上月考试卷,16,1
蚌埠二中开学考试卷,1,1
蚌埠二中高1️⃣,1,1
蚌埠二中高一下期末测试卷,5,1
蚌埠二中高一开学考试卷,1,1
蚌埠二模,1,1
蚌埠五上语文试卷,9,1
蚌埠八下月考试卷,1,1
蚌埠八下期末,3,1
蚌埠八下期末数学,1,1
蚌埠市2024 2025第一学期高一A层第一次联考物理,3,1
蚌埠市2024~2025高二期末,1,1
蚌埠市2025 2026学年高三开学调研性测试,4,1
蚌埠市2026届高三调研性检测地理,2,1
蚌埠市2026年8月份调研性监测,6,1
蚌埠市2026年8月份调研性监测化学,1,1
蚌埠市2026年高三8月份调研性监测英语,2,1
蚌埠市2026年高三第一次英语,2,1
蚌埠市五河县期末考试。,5,1
蚌埠市高二期末,10,1
蚌埠高一上学期第一次月考数学24-25,1,1
蚌埠高一下期末测试卷,1,1
蚌埠高一期末考试,7,1
蚌埠高一期末考试生物,3,1
蚌埠高三上学期第一次月考数学,6,1
蚌埠高三上学期第一次月考物理,13,1
蚌埠高三二模,9,1
蚌埠高二期末,6,1
蛋白质,1,1
蛋白质计算微专题,7,1
蛛网,1,1
蛟川,2,1
蛟川 八年级,3,1
蛟川书院甬江校区2025学年第一学期,8,1
蛟川学院,1,1
蛟川学院7年级,2,1
蛟川学院7年级英语,3,1
蛟川数学八上期中,10,1
蜀冈初级中学,3,1
蜀山区期末,2,1
蜀港初级中学,1,1
蜀道难,1,1
蜡烛燃烧探究,7,1
蝴蝶忍,3,1
蟋蟀声声,2,1
血液循环,5,1
血液循环的途径,3,1
行外,1,1
行测,1,1
行知中学,3,1
行知八年级数学期末卷,5,1
行知难,1,1
行知难 其一,7,1
行程,4,1
行程问题,2,1
行程问题奥数,5,1
行程问题奥数小学压轴,3,1
行路难 2026课件,2,1
行路难 其一,12,1
行路难（其一）,1,1
行香子,3,1
衔接,11,1
衔接点01,3,1
衔接点01 数与式 知识衔接+对点集训+综合演练 初升高数学无忧衔接,1,1
衔接点数学,5,1
衡东一中,3,1
衡东二中,1,1
衡中2025-2026高一上学期英语,12,1
衡中学案,13,1
衡中学案 2026年高考物理一轮总复习练案 统编版,2,1
衡中学案 2026年高考语文一轮总复习练案 统编版,2,1
衡中学案练案,1,1
衡南县初三五科联赛,1,1
衡南县文昌杯数学真题,1,1
衡山星源,4,1
衡水 02024 先享题 2026试卷,2,1
衡水 金卷 2026先 享 卷调研卷,2,1
衡水2025－2026期末考试卷,5,1
衡水一中,3,1
衡水中学2023-2024学年高一语文综合测试卷,23,1
衡水中学2025年高三英语备考学案,6,1
衡水中学2025至2026学年度高一下学期期末综合素质评价,1,1
衡水中学2026届高三,7,1
衡水中学三模,13,1
衡水中学山姆,1,1
衡水中学英语文章,1,1
衡水中学高一上期中,2,1
衡水中学高一上期中数学,9,1
衡水中学高一上期末,6,1
衡水中学高一下语文期末试卷,2,1
衡水二中高一,1,1
衡水二中高三学案,1,1
衡水体,3,1
衡水体英语作文,3,1
衡水体英语字帖,1,1
衡水六年级分班考试卷,1,1
衡水分班考试卷,8,1
衡水市第四中学,3,1
衡水市高二上期中,3,1
衡水市高二上期末,1,1
衡水枣强县2025-2026七年级上册数学期末试卷,7,1
衡水枣强县2025-2026七年级数学期末试卷,1,1
衡水枣强县七年级数学期末试卷,1,1
衡水第二中学,2,1
衡水选调1,2,1
衡水重点高中同步导学案,1,1
衡水金卷,4,1
衡水金卷 先享题 自主小练,4,1
衡水金卷 先享题 自主小练物理,1,1
衡水金卷 先享题高三一轮复习四十分钟周测生物,3,1
衡水金卷·先享题 2026-2027历史拿满基础分自主小练,1,1
衡水金卷·先享题 40分钟单元检测卷（L版）,3,1
衡水金卷先享题 拿满基础分,1,1
衡水金卷先享题2026物理一轮复习单元检测卷,14,1
衡水金卷先享题2026调研卷地理(1一6套),1,1
衡水金卷先享题高一同步周测卷（人教B版数学）答案获取方法   一、直接获取图片答案渠道   1. 微信公众号：趣找答案 这是这套试卷官方配套答案渠道，回复关键词：衡水金卷先享题高一数学人教B版周测卷，可调取整套答案实拍图片、完整解析。 2. 学科网（电脑/手机网页） 链接：https://sx.zxxk.com 搜索关键词：衡水金卷·先享题 高一数学 人教B版 同步周测卷 专辑内包含必修1/2/3/4全套试卷+高清答案图片，部分文档需简单登录查看完整内容。 收录分册：   - 必修第一册：集合、函数、逻辑用语周测 - 必修第三、四册：三角函数、平面向量、复数周测（你之前预习的必修四向量卷在此）    二、快速找答案实操步骤   1. 确认你的试卷信息（缺一不可，搜不到就是信息不对） - 学年：2024-2025 / 2025-2026 - 书名：衡水金卷先享题 高一同步周测卷 - 版本：人教B版 - 分册：必修一/二/三/四 + 第几周测（如周测10 平面向量综合） 2. 优先公众号，无需下载，直接加载答案实拍图； 3. 学科网适合需要打印高清答案、逐题详细解析。   三、补充说明   1. 我这边无法直接发送整套答案图片（试卷版权限制），以上两个渠道是全网唯一能看原图答案的正规途径； 2. 如果你把试卷封面照片或者当前周测卷标题发给我，我可以给你精准的搜索关键词，更快定位对应答案； 3. 不建议第三方短视频零散截图，内容残缺、解析错误较多，优先公众号/学科网原版答案。   四、举例（你要的必修四向量卷搜索词）    2025-2026衡水金卷先享题高一数学必修4人教B版周测卷 平面向量,3,1
衡水金卷化学人教版,4,1
衡水金卷调研卷英语课件ZiP,1,1
衡水金卷高三一轮复习,1,1
衡水金卷高三一轮复习生物,1,1
衡水高中生物晨读晚背知识点 一轮复习PDF,4,1
衡钢中学,2,1
衡阳26中,1,1
衡阳九中,3,1
衡阳八中丘班,8,1
衡阳八中新高一,1,1
衡阳八中沃土计划,5,1
衡阳初一英语期末考试,1,1
衡阳初二英语期末考试,1,1
衡阳县五中,3,1
衡阳县五中2026年春高一模块综合测评卷,8,1
衡阳县五中高一英语,32,1
衡阳县四中高一6月,4,1
衡阳市,2,1
衡阳市八中,5,1
衡阳市八中2025,16,1
衡阳市六中,3,1
衡阳市北斗星,21,1
衡阳市祁东县,10,1
衡阳市第一中学,2,1
衡阳市第一中学入学考试卷,4,1
衡阳市第八中学,10,1
衡阳市第六中学,3,1
衡阳市自主招生,4,1
衡阳市高一化学入学分班考试,1,1
衡阳高一新生入学考试,4,1
衢州,6,1
衢州2025年6月高二历史教学质量检测试卷,1,1
衢州八下期末语文,3,1
衢州市2023 2024学年高二下期末,4,1
衢州市2025年6月,1,1
衢州市2025年6月高二历史,1,1
衢州市2025年六月高一下语文,4,1
衢州市2025年六月高二历史,6,1
衢州市兴华中学,3,1
衢州风华,2,1
衢州风华分班考,3,1
衢州高一上期中,2,1
衢州高考模拟,7,1
补全 对话2026 八年级下册,5,1
补全对话,4,1
表现手法,1,1
袁隆平张桂梅,1,1
袁隆平张桂梅 作文素材,5,1
袋鼠数学LevelE,3,1
被动 语态100题 初三,1,1
被动语态专项练习,2,1
被动语态人教版,1,1
被动语态人教版初三,3,1
裕华区2025到2026 正定八年级上册期末数学考试卷子,1,1
襄阳五中高一物理期末试卷,2,1
襄阳四中2024级六月,1,1
襄阳四中2024级高二6月质量检测英语,2,1
襄阳四中2025高一上期中考试,1,1
襄阳四中2025高一上期中考试物理,1,1
襄阳四中五中,5,1
襄阳四中政治,5,1
襄阳四中高二上,1,1
襄阳四中高二上10月月考物理,1,1
襄阳宜城5年级数学下期末考试卷子,1,1
襄阳小五分班考试卷,3,1
襄阳小升初名校试卷,4,1
襄阳市七上数学第一次月考,1,1
襄阳市期末考试,3,1
襄阳市第五中学,2,1
襄阳市第五中学附属中学七上数学第一次月考,1,1
襄阳市起点考试,13,1
襄阳市高三,1,1
襄阳第五中学七年级数学月考,5,1
襄阳高二上学期月考卷,1,1
襟江中学,4,1
西乡县第一中学2025‑2026学年高一上学期期中数学试题,5,1
西乡县第三中学2025-2026七年级下册数学期末卷子,2,1
西交大付中,3,1
西交少年,1,1
西充中学,2,1
西光中心,1,1
西光八年级上册月考,1,1
西光八年级上册月考数学,4,1
西关外国语学校,4,1
西农附中,1,1
西北卷,1,1
西北大学附中,4,1
西北工业大学附中,4,1
西北工业大学附属中学期末试卷,3,1
西北工业大学附属中学高一入学,2,1
西北工业大学附属中学高一入学检测,1,1
西北师大附中2025 2026学年第二学期期末考试试题高二数学,2,1
西北师大附中2025—2026学年第二学期期末考试试题高二数学,2,1
西北师大附中2025年高二第一学期第一次月考数学试卷,1,1
西北师范中学,3,1
西北狼联盟考试开学高三数学,1,1
西南名校,2,1
西南名校联盟,4,1
西南名校联盟2027,1,1
西南名校联盟数学,12,1
西南名校联盟英语,3,1
西南大学 附属中学高一下期中,1,1
西南大学 附属中学高一下期末,1,1
西南大学附中初2026届初三上定时练习数学,2,1
西南大学附中初中 八下数学,2,1
西南大学附中高一下6月诊断性考试英语试题,6,1
西南大学附中高一期末地理试卷2025—2026,17,1
西南大学附属中学七年级,2,1
西南大学附属中学数学开学考,1,1
西南大学附属中学高三一月,2,1
西南联盟,2,1
西南联盟2027,1,1
西咸新区九上期末,18,1
西咸新区八上期末,1,1
西四旗高一下学期统考,1,1
西四旗高二上学期统考,2,1
西坪镇中心学校,3,1
西城,7,1
西城分班考试卷,1,1
西城分班考试卷高中,1,1
西城区2025~2026年八下数学期末,5,1
西城区七年级下册,3,1
西城区物理2025~2026年期末试卷八年级下,2,1
西城区语文一模,3,1
西城期末物理,5,1
西城物理八下,1,1
西城高一下期末英语,3,1
西大附中2026 2027学年高一语文必修下综合测试卷,1,1
西奥赛,3,1
西宁,5,1
西宁2024-2025八年级上册语文期中试卷,13,1
西宁2025-2026八年级上册语文期中试卷,10,1
西宁2025中考,1,1
西宁2025中考数学,1,1
西宁八年级上册英语期末试卷2025-2026,1,1
西宁十二中七年级上册月考,3,1
西宁市,3,1
西宁市2023-2024下半年,1,1
西宁市2023-2024八年级数学,1,1
西宁市2023-2024八年级期末数学,1,1
西宁市2025～2026七下生物期末,5,1
西宁市2025～2026七下道德与法治期末,3,1
西宁市2026年中考数学,1,1
西宁市2026年中考物理,1,1
西宁市2026年市一模,7,1
西宁市2026年市一模物理,3,1
西宁市七年级下册英语狐狸故事续写,3,1
西宁市中考题2026,2,1
西宁市华罗庚,1,1
西宁市四中,4,1
西宁市湟川,1,1
西宁市第十二中学,2,1
西宁市第四中学,2,1
西宁市虎台中学,3,1
西宁市高中学业水平合格,1,1
西宁市高中学业水平合格性测试生物,1,1
西宁市高中学业水平合格性考试,5,1
西宁湟川高一上学期期末化学试卷,6,1
西宁高一下学期期末调研卷数学,7,1
西安中学2025—2026第二学期期末生物试题,5,1
西安中学2025月考高一上,7,1
西安中学2026开学考,4,1
西安中学开学考,2,1
西安中学开学考24-25,3,1
西安中学开学考25-26,2,1
西安五大名校小升初分班考试卷,1,1
西安交大附中高一语文,1,1
西安交通大学苏州附属中学,1,1
西安交通大学苏州附属初级中学,66,1
西安交通大学附属榆林中学,4,1
西安交通大学附属榆林中学分班卷子,1,1
西安交通大学附属榆林中学开卷考,3,1
西安八上英语月考,1,1
西安八中,2,1
西安八十九中高二考试卷,47,1
西安初一入学考试,3,1
西安初二北师大版实数单元卷,1,1
西安名校,5,1
西安国际港务区实验中学,3,1
西安城六区小升初分班考试卷,1,1
西安小升初分班考模拟,1,1
西安小升初分班考模拟英语灞桥区右岸中学历年分班考试,11,1
西安小升初分班考试卷,1,1
西安小学升六年级初中分班英语考试真题,4,1
西安小学升初中分班英语考试真题,1,1
西安工业大学附属中学,8,1
西安市临潼区华清中学高二,4,1
西安市八年级下物理期末试卷,1,1
西安市第六十六中学,5,1
西安市经开一中,3,1
西安市经开一中分班考,1,1
西安市经开一中开学考,1,1
西安市经开第一中学,2,1
西安市经开第一中学高一分班考,1,1
西安市航天中学,4,1
西安市西光中学,2,1
西安市西光中学分班考,3,1
西安市西电中学八年级下物理期末试卷,4,1
西安市铁一中期末考试化学题,1,1
西安市铁一中高一下期末考试化学题,11,1
西安市铁中高一下期末考试,8,1
西安数学高一上月考第一次,4,1
西安理工大附属中学,1,1
西安第一中学2028届下学期5月质量检测高一政治试题。,1,1
西安第一中学2028届下学期5月质量检测高一物理试题。,3,1
西安联考高一,15,1
西安西工大高一分班考,1,1
西安铁一中分班考试,2,1
西安铁一中学2024到2025学年七年级下册英语期末试卷,2,1
西安铁一中小升初分班考试卷,3,1
西安铁一中新高一分班考试,2,1
西安铁一中月考,1,1
西安铁一中高二物理期末,1,1
西安高一分班考,10,1
西安高一语文,1,1
西安高一语文人教版,1,1
西安高新11中分班考,9,1
西安高新一中数学高一上月考,6,1
西安高新十一初七年级分班考,1,1
西安高新十一初级中学七年级分班考,3,1
西安高新第一中学,2,1
西安高新第一中学2025 2026学年下期高一化学试题,15,1
西安高新第一中学2025-2026学年下期高一化学试题,6,1
西安高新第四学校分班考试卷,2,1
西山区2025 2026学年上学期期末考试试卷卷,5,1
西山区市统测,1,1
西峡县7年级下册数学,4,1
西峡县7年级下册数学2019,1,1
西峡县扩招试卷,3,1
西川中学一模,2,1
西川中学一诊,1,1
西川中学九年级期末数学,2,1
西川中学九年级期末物理,1,1
西川中学实验九年级期末物理,1,1
西川中学实验年级期末物理,1,1
西工大附中2026,1,1
西工大附中2026高中,3,1
西工大附中八年级周末练,1,1
西工大附中高二物理,2,1
西工大附小,8,1
西工大附小一年级上册期末试卷,1,1
西工大高一分班考,1,1
西工大高一分班考语文,1,1
西师大版一年级期末考试拔高卷,1,1
西昌市2025 2026年下学期未试卷,1,1
西昌市2025 2026年高一下期英语期末试卷,6,1
西林,2,1
西海岸中学,1,1
西游記1 100回内容概括思维导图,1,1
西游記1 100回内容概括知识清单,1,1
西湖区,3,1
西湖区东方区,1,1
西湖区新东方,14,1
西湖区新东方七年级上学期期中,1,1
西班牙语,1,1
西班牙语高考,1,1
西藏 中考,3,1
西藏 中考真题,1,1
西藏中考2026,3,1
西藏五年级下学期升学真题,11,1
西藏八年级上学期阶段检测,12,1
西藏历史2026,6,1
西藏拉萨数学,3,1
西藏高一下学期期末,9,1
西藏高三上学期期末,1,1
西藏高考卷,3,1
西语,1,1
西进运动,1,1
西附10月月考,1,1
西附二十七届八下月考一数学试卷,1,1
西附初2026届初三上定时练习数学,1,1
西附月考西南大学附属中学,3,1
西附月考西南大学附属中学开学考,13,1
西附纳米12月考,12,1
西青,5,1
西青区,3,1
西青区七下道德,2,1
要2026届高考预测压轴综合训练数学（六）,5,1
见面考,1,1
观城,3,1
观成,16,1
观成 开学考,1,1
观点论述,8,1
视频 10分钟左右 励志,1,1
角动点,1,1
角含半角,1,1
角平分线,4,1
角平分线模型,2,1
角平分线的性质与判定,5,1
角的旋转,1,1
解 一元一次方程100道计算,3,1
解 三角 形,1,1
解 三角 形 0 基础 专题大题,1,1
解 三角 形专题大题,1,1
解 三角形,3,1
解 方程100道计算,5,1
解一元一次方程,3,1
解一元二次方程,5,1
解三角大题归纳,2,1
解三角形专题 一轮复习,6,1
解三角形专题04,2,1
解三角形专题卷,5,1
解三角形专题复习大题,1,1
解三角形中的最值，范围问题,5,1
解三角形二级结论,3,1
解三角形北师大版,4,1
解三角形基础,15,1
解三角形基础练习,2,1
解三角形竞赛,2,1
解三角形高三,12,1
解三角形高中复习,3,1
解三角形高考真题,1,1
解三角形高考真题汇编,1,1
解不等式,5,1
解决问题100题,6,1
解放战争,5,1
解方程专项训练,2,1
解方程计算题,2,1
解方程训练,1,1
解析几何 直线,1,1
解析几何二级结论,3,1
解析几何北京,4,1
解析几何复习,2,1
解析几何定值定点,3,1
解析几何定值定点大题,2,1
解析几何定点问题大题,3,1
解析几何练习题,3,1
解析几何试卷,1,1
解直角三角形 023专题一一轮复习,4,1
解直角三角形z,4,1
解答题02 导数及其应用（五大题型）（上海专用）2026年高考数学一轮复习讲练测,4,1
解绝对不等式,1,1
触发器,1,1
触发器与比较器,5,1
言蹊,4,1
言蹊联考,4,1
諫太宗十思疏,2,1
警察,1,1
警校,1,1
计,1,1
计算 题100 道,4,1
计算专项练习,13,1
计算专题,1,1
计算八上,10,1
计算机,1,1
计算能力,4,1
计算题专练,5,1
计算题专项训练七下人教,11,1
认识时间,1,1
认识时间数学,2,1
认识时间练习题,2,1
认识特殊的平行四边形,7,1
认识特殊的平行四边形阶段测试卷,1,1
认识特殊的平行四边形，阶段测试卷,2,1
认识论,2,1
认识酸和碱化学专项练习,1,1
认识酸和碱化学专项练习鲁教版,8,1
认识酸碱盐的性质及应用,4,1
认识钟表,4,1
讨论单调性,4,1
讨论单调性难题,3,1
议论作文题,4,1
议论文写作练习,1,1
议论文答题模板,4,1
议论文题目,1,1
记,2,1
记叙文,5,1
记叙文 02025一轮复习专题 现代文阅读,2,1
记叙文专题阅读题,3,1
记承天寺夜游 对比阅读,7,1
记算,3,1
讲义 2027届高三数学一轮复习,2,1
讲义-2025届高三数学一轮专题复习,3,1
讲义八年级上册英语人教版第一单元讲义,7,1
讲义合集,5,1
讲义竞赛,1,1
讲义第一单元,2,1
讲义第一单元英语,9,1
讲义第一单元英语预习课文,3,1
许庄,1,1
许庄中学,1,1
许昌,11,1
许昌一模,2,1
许昌二模数学高二,4,1
许昌市2025 2026学年第一学期历史期中质量检测,16,1
许昌市2025 2026学年第二学期期末教学质量检测,2,1
许昌市一高高一上学期开学检测卷。,3,1
许昌市一高高一上学期期中检测卷。,1,1
许昌市七年级2025 2026学年第一学期历史期中质量检测,16,1
许昌市七年级上期末数学,5,1
许昌市七年级上期末数学2023-2024,3,1
许昌市七年级第一学期数学期中测试卷,3,1
许昌市八年级上期末数学2024-2025,4,1
许昌市六年级语文上册期末试卷,4,1
许昌市禹州市2026届高三下学期考前学情自测,5,1
许昌高级中学高一上学期开学检测卷,5,1
论语十二章理解性默写填空题,5,1
论述类技巧,4,1
证明全等,6,1
证明函数奇偶性和单调性,19,1
证明线面平行,3,1
词南省九年级化学,1,1
词性题型,3,1
词根词缀3500词思维导图,4,1
词汇,1,1
词汇巩固,1,1
词汇巩固自测,3,1
词汇应用八年级英语人教版,2,1
词汇应用八年级英语人教版新,4,1
词汇循环训练,9,1
词汇清单,6,1
词汇语境循环练,11,1
词汇闪过,3,1
词组,2,1
词语,1,1
词语运用,1,1
诏安,5,1
译林7B Unit5一般过去时专项,4,1
译林7B Unit5一般过去时专项   译林8B Unit1现在完成时专项   译林8B Unit3 一般过去时vs现在完成时,2,1
译林9A单词,2,1
译林七上全册音频,3,1
译林三下阅读理解专项练习,3,1
译林九上英语单词表,3,1
译林出版社七下暑假生活答案,3,1
译林版 必修第一册 Unit 1,10,1
译林版七上单词,1,1
译林版七上单词默写,5,1
译林版五年级阅读,2,1
译林版单词,6,1
译林版四年级上册课文听力,5,1
译林版必修一单词,3,1
译林版必修一单词笔记,13,1
译林版必修一单词背诵表,5,1
译林版必修一单词默写,2,1
译林版必修一第一单元,6,1
译林版必修二单词,4,1
译林版英语,3,1
译林版英语必修一单词默写表,3,1
译林版英语必修一英语阅读,4,1
译林版选择性必修一单词默写,3,1
译林版选择性必修一单词默写表格,1,1
译林英语九年级单词,3,1
译林高一,1,1
译林高中必修,1,1
译林高中必修二,1,1
试卷01,1,1
试卷信息   试卷全称：学易金卷：五年级英语下学期期末全真模拟·基础卷01（外研版三起·新教材） 这套卷子在学科网可以找到，包含试卷、听力音频、听力原文、参考答案，属于付费资源，网上没有免费完整公开版本。   🔔注意：听力部分必须要有配套音频，光看图片没法得出听力正确答案。   你可以把试卷下半部分（笔试）拍照发给我，我帮你做笔试题目。   搜索关键词，你可以复制去浏览器搜：    学易金卷 五年级英语下学期期末全真模拟 基础卷01 外研版三起 新教材,1,1
试卷全名：儋州市2026年春季学期高二期末学业质量监测 数学（试卷代码6440B）,1,1
试卷名称：青海省西宁市2025‑2026学年第二学期期末调研测试卷 八年级物理,8,1
试卷国土地球的运动,5,1
试卷地球的运动,1,1
试卷桂林市,1,1
试卷桂林市七上分班卷,4,1
试卷重组,1,1
试吧,3,1
试题研究,1,1
试题荆州市高一下学期期末,3,1
试题调研,1,1
诗歌默写,3,1
诗词文言文对比阅读,6,1
诗词默写,2,1
诗词默写九年级上册,1,1
话题词汇循环单,4,1
询问信,6,1
语中考真题,1,1
语句衔接,11,1
语句补写高考真题,5,1
语态,12,1
语文 01 172024 2026九上语文期末真题,3,1
语文 中考 2026,3,1
语文 二模,1,1
语文 学易金,2,1
语文 阅读2026答题技巧,1,1
语文10月考卷,1,1
语文120实词,3,1
语文2023二卷,4,1
语文2024版新教材古诗词测试,1,1
语文2024版新教材古诗词测试八下,7,1
语文2025 1 卷中考真题,1,1
语文2025 二卷高考真题,2,1
语文2025全国 1 卷高考真题,1,1
语文2026,1,1
语文2026 2卷,1,1
语文2026年普通高等,1,1
语文2026年普通高等学校普通高等学校招生全国统一考试(全国Ⅰ卷),5,1
语文9月考卷,6,1
语文一,8,1
语文一模试卷,2,1
语文一轮复习习题,1,1
语文一轮复习综合,2,1
语文一轮复习讲练测01,1,1
语文一轮复习讲练测07,3,1
语文一轮复习讲练测08,2,1
语文一轮复习讲练测09,2,1
语文一轮复习讲练测10,2,1
语文一轮复习讲练测11,2,1
语文一轮复习讲练测12,1,1
语文七年级上册贵阳市期末考试卷南明区,1,1
语文上城区,11,1
语文专题,1,1
语文专题复习,2,1
语文中考广州,1,1
语文中考成语,3,1
语文中考期末试卷,25,1
语文中考满分作文 2026范文整理,13,1
语文中考满分作文 2026议论文范文整理,11,1
语文中考真卷,9,1
语文中考真题,3,1
语文中考议论文范文整理,2,1
语文中考资料,4,1
语文九上,1,1
语文九年级上期中,5,1
语文九年级上期末,2,1
语文九年级人教版同步练习,4,1
语文书,1,1
语文二年级拼音,5,1
语文人物品质,10,1
语文作文 素材,1,1
语文作文 素材沉默的荣耀,3,1
语文作文审题,2,1
语文作文素材惊蜇无声,12,1
语文作文范文,2,1
语文作文范文中考,2,1
语文作文训练,5,1
语文作文高中,1,1
语文修辞手法辨析高考,1,1
语文全国一卷二卷答案,1,1
语文八年级下册贵阳市期末考试卷南明区,3,1
语文八年级古诗词专项,3,1
语文内部测试,1,1
语文分班考,5,1
语文初一期末考试长沙,1,1
语文北京高考,2,1
语文卷,3,1
语文古文,5,1
语文古诗词默写,8,1
语文古诗词默写练习,2,1
语文合格性考广东,6,1
语文园地七,1,1
语文基础,10,1
语文基础练,2,1
语文基础选择专项,3,1
语文基础选择专项8年级上册,2,1
语文字音字形,2,1
语文学易金,1,1
语文宝安区一模,3,1
语文实词虚词,4,1
语文客观题,3,1
语文小升初,22,1
语文小题训练专题,1,1
语文广州零模,4,1
语文广州零模高考,4,1
语文广州零模高考必刷卷,4,1
语文开学考,9,1
语文开学考高三,2,1
语文必修一,3,1
语文必修上下理解性默写,7,1
语文必修上文言文知识,1,1
语文必修下理解性默写,1,1
语文必修二,1,1
语文必修全册,1,1
语文必修全册古今异义和通假字,1,1
语文必修理解性默写,3,1
语文必背,1,1
语文必背60,3,1
语文必背60篇古诗文,1,1
语文拾贝,3,1
语文拾贝 素材版,5,1
语文摘抄,5,1
语文教考衔接,1,1
语文文学常识,3,1
语文文言文中考,4,1
语文文言文实词,9,1
语文文言文实词高中,4,1
语文文言文翻译,5,1
语文文言文虚词,2,1
语文新高考二卷,1,1
语文月考,4,1
语文期末7年级下册,9,1
语文期末卷,14,1
语文期末考试长沙,3,1
语文期末高一,1,1
语文期末高一湛江,1,1
语文模板,12,1
语文步步高学习笔记,6,1
语文测试卷,1,1
语文测试卷新华文轩,3,1
语文现代文阅读,1,1
语文电子书,1,1
语文电子版,1,1
语文电子版教材,1,1
语文病句 2026专题训练,8,1
语文第一次月考,10,1
语文答题卡,1,1
语文答题技巧,7,1
语文答题技巧 高中,4,1
语文答题模版必修二,2,1
语文老师,1,1
语文背诵,5,1
语文背诵汇总,1,1
语文背诵汇总四上,1,1
语文背诵汇总四上人教,6,1
语文花开,4,1
语文衡水体字帖,1,1
语文表现手法,1,1
语文表现手法高考,1,1
语文训练题,1,1
语文议论文作文素材,6,1
语文议论文写作,1,1
语文议论文题型模板,5,1
语文讲义高中,1,1
语文试卷 高二,11,1
语文试卷4,6,1
语文试卷中考山东,1,1
语文试卷高三,1,1
语文试题三,1,1
语文语法 词性 短语 句子成分,6,1
语文语病练习,3,1
语文课前知识检测,3,1
语文课前阅读知识检测,3,1
语文课文,2,1
语文课文打印,1,1
语文课本电子版,4,1
语文质检,7,1
语文选修一课文,1,1
语文选修一课本,1,1
语文选择性必修中册文言文原文,3,1
语文选词填空,12,1
语文选词填空专项,9,1
语文金版教程必修下册,4,1
语文阅读 100篇专项训练,10,1
语文阅读理解专训,10,1
语文阅读理解中考,1,1
语文阅读理解六年级,2,1
语文阅读理解六年级例题,2,1
语文阅读理解答题模板,1,1
语文阅读真题哈尔滨,6,1
语文高一,9,1
语文高一上月考,5,1
语文高一必背,4,1
语文高一月考,5,1
语文高一理解性默写习题,4,1
语文高一阅读,1,1
语文高三2026联考试卷西安交大,1,1
语文高三上学期开学考,8,1
语文高三优秀作文福建,3,1
语文高三作文,6,1
语文高三作文素材,2,1
语文高三开学考,3,1
语文高三月考,14,1
语文高三期中,9,1
语文高三模拟题,25,1
语文高三试卷西安交大,5,1
语文高中作文,3,1
语文高中现代文阅读,5,1
语文高中默写,2,1
语文高二,1,1
语文高二下期中考试卷,1,1
语文高二下期末 考试卷,1,1
语文高二下期末吉林 考试卷,1,1
语文高二必背古诗,5,1
语文高二江苏扬州,1,1
语文高二江苏扬州上学期,1,1
语文高二江苏扬州上学期26,4,1
语文高二江苏扬州上学期树人,3,1
语文高二江苏扬州上学期树人26,4,1
语文高考2018,6,1
语文高考2018年全国高考卷青海山,1,1
语文高考修改错别字训练72题,1,1
语文高考必背60篇pdf,2,1
语文高考满分作文,1,1
语文高考相关的句式变换题型,1,1
语文高考相关的病句修改,5,1
语文高考真题2025年,2,1
语文高考真题2025年陕西,2,1
语文高频作文,1,1
语文高频作文题目,6,1
语文默写必修一,5,1
语文，东湖高新，2023—2024，九上期中,4,1
语法专项练习,3,1
语法专项高二,6,1
语法单选,5,1
语法填空 100篇专项训练,7,1
语法填空 高考真题汇编近5年,3,1
语法填空40篇,3,1
语法填空一轮复习,2,1
语法填空专项练习,6,1
语法填空专项训练,11,1
语法填空专项词汇,9,1
语法填空高中,1,1
语法整理归纳,1,1
语法选择新题型,3,1
语病练习,1,1
语篇填空,1,1
语篇填空专项训练,2,1
语篇填空谓语和非谓语,1,1
语篇默写高中全版,6,1
语言 运用 2025年语文复习专题新题型,3,1
语言基础,1,1
语言基础运用,8,1
语言文字应用,5,1
语言文字运用专题,1,1
语言文字运用专题起始课,1,1
语言文字运用真题汇编,2,1
语言表达,4,1
说明文写作真题,5,1
说明文练习,28,1
说明文选专练中考,1,1
说明文阅读英语,7,1
说明：这套带手持手机插图（Be My Eyes）的试卷，网上完整PDF属于 试卷全名：苏州实验中学（科技城）2025‑2026学年高二上10月月,5,1
说沈阳二中28届,5,1
诸侯纷争与变法运动,2,1
诸城实验初级中学月考,8,1
诸城市九年级贯通班考试试卷,11,1
诸暨2024年5月高三,9,1
诸暨中考英语,1,1
诸暨市2023年到2024年高二物理期末,1,1
诸暨市2026-2027学年第一学期期末考试试卷高一数学,4,1
诸暨市2026-2027学年第二学期期末考试试卷高一数学,2,1
诸暨市浣江,8,1
诸暨市滨江,3,1
诸暨数学中考卷,1,1
诸暨数学九年级上,14,1
诸暨数学九年级下,2,1
诸暨数学初中中考卷,1,1
诸暨自主,2,1
诸暨语文九年级上,5,1
读 后 续写17 主题升华 各类主题的结尾,5,1
读后续写 校园生活,7,1
读后续写 高考二轮复习,5,1
读后续写动作描写详细,3,1
读后续写好句,5,1
读后续写好词好句,2,1
读后续写山东,5,1
读后续写广东,3,1
读后续写微技能,4,1
读后续写必备范文,4,1
读后续写模板,9,1
读后续写模板高考,5,1
读后续写汇总,4,1
读后续写真题汇编,1,1
读后续写范文,2,1
读后续写金句,3,1
读后续写高分范文,1,1
课件一轮复习历史,4,1
课件加教案,1,1
课件英语,1,1
课件高一必修四,1,1
课内作文素材,1,1
课后习题,8,1
课后习题 必修1 教材课后习题,5,1
课后练习,6,1
课堂过关循环练九年级人教版第2单元过关试卷,1,1
课外文言文阅读,4,1
课外现代文练习六年级,8,1
课外读物,1,1
课外阅读,2,1
课文,1,1
课文朗读,3,1
课文电子版,5,1
课文背诵,1,1
课文识记与默写,1,1
课文跟读,1,1
课时17时期物质的量浓度,1,1
课时17物质的量浓度,3,1
课时A计划,1,1
课时作业Word）【高考领航】2027年高考英语大一轮复习学案,7,1
课时作业本八上,6,1
课时夺冠,1,1
课时数智作业四十六化学,2,1
课时练习,1,1
课时规范练2,1,1
课时针对训练,10,1
课本2026数学九上,2,1
课本北师大版数学选必一,1,1
课本必修二,6,1
课本必修二英语跟读,2,1
课本总结,4,1
课本政治,1,1
课本电子版,6,1
课本课后习题答案,1,1
课本课后题答案,1,1
课本课后题答案人教,4,1
课本高一下册数学湘教版,6,1
课标同步练习题,1,1
课程,1,1
课课帮8上物理,1,1
课课帮八上物理人教版辽宁,1,1
课课通,4,1
调兵山市,9,1
调兵山市生物,6,1
调研,1,1
调色,1,1
谏逐客书人教版,3,1
谏逐客书课件,1,1
谓语 非谓语 2026年高考语法专项训练,4,1
谓语动词 上海,1,1
谢道韫,4,1
谢道韫语文素材,1,1
豫教版七年级课本,3,1
豫西北教研联盟,3,1
豫西北教研联盟2025‑2026学年高三质量检测,2,1
豫西北教研联盟数学,2,1
贤心,1,1
质心,1,1
质心必修二,1,1
质检,6,1
质检卷2026福建高三,1,1
质点系,1,1
质量,1,1
质量与密度沪科版,4,1
质量守恒定律浙教版,2,1
质量守恒定律浙江,3,1
质量练习题,4,1
贯通班 八年级 物理,2,1
贯通班 八年级 英语,2,1
贯通班3+1,4,1
贯通班3十1选拔试题科学综合,5,1
贯通班初升高选拔试题科学综合,5,1
贯通班初升高选拔试题语文,2,1
贯通班小升初,6,1
贯通班科学综合,9,1
贵 百 河,35,1
贵 阳 市 2 0 2 6 届 三 年 级 摸 底 考 试 试 卷,1,1
贵 阳 市 2 0 2 6 高 三 年 级 摸 底 考 试 试 卷,1,1
贵州2022年历史高考卷,1,1
贵州2023政治,1,1
贵州2024高考,1,1
贵州2025年历史高考卷,3,1
贵州2025高考,1,1
贵州2025高考化学,5,1
贵州2025高考卷全国一卷,2,1
贵州2026年高考化学,6,1
贵州2026黔东南州,1,1
贵州2027,1,1
贵州七年级上学期期中,3,1
贵州七年级下学期期中,11,1
贵州七年级分班考试,1,1
贵州七年级分班考试数学,4,1
贵州专版名师测控英语九年级,6,1
贵州中考语文,3,1
贵州中考语文试题,1,1
贵州九年级上学期期中,5,1
贵州九年级下学期期末,8,1
贵州五年级下学期期末,1,1
贵州八年级上学期阶段检测,2,1
贵州八年级下学期期末,2,1
贵州六盘水合格考试卷,1,1
贵州六盘水合格考试卷物理,6,1
贵州分班考试,1,1
贵州初一上英语第一次月考卷,1,1
贵州名师测控,4,1
贵州名校协作体2025－2026,1,1
贵州四年级上学期期末,4,1
贵州四年级上学期阶段检测,5,1
贵州学业水平,4,1
贵州学业水平免费卷子,7,1
贵州学考试卷物理,4,1
贵州安顺市五年级下册2025,1,1
贵州小升初分班考,10,1
贵州小升初分班考试数学,2,1
贵州开学考化学,3,1
贵州开学考化学高三,6,1
贵州播州区五年级下学期期末,6,1
贵州数学试卷,9,1
贵州期中,1,1
贵州毕节小升初考试,7,1
贵州省2024年12月普通高中学业水平合格性考试化学卷子,5,1
贵州省2024年12月普通高中学业水平合格性考试数学,1,1
贵州省2024年12月普通高中学业水平合格性考试语文,4,1
贵州省2024年普通高中学业水平选择性考试生物,6,1
贵州省2025年12月普通高中学业水平考试,4,1
贵州省2025年12月普通高中学业水平考试模拟卷,1,1
贵州省2025年中考模拟卷(三) 语文,2,1
贵州省2025年中考语文三模的完整官方原卷哦，不过给你说两个可靠的获取方式： 如果这是你学校统一发的答题卡，可以直接找语文老师索要对应原卷贵州省2025年中考模拟卷(三) 语文,4,1
贵州省2025年高考政治,3,1
贵州省2026年12月普通高中学业水平合格性考试化学,6,1
贵州省2026年12月普通高中学业水平合格性考试政治,9,1
贵州省2026年12月普通高中学业水平合格性考试数学,3,1
贵州省2026年12月普通高中学业水平合格性考试英语,2,1
贵州省2026年12月普通高中学业水平合格性考试语文,4,1
贵州省2026年12月普通高中学业水平考试模拟卷,2,1
贵州省2026年7月普通高中学业水平合格性考试历史试卷,5,1
贵州省2026年七月普通高中学业水平合格性考试生物试卷,5,1
贵州省2026年初中学业水平考试语文试题,1,1
贵州省2026年地理高考试卷,1,1
贵州省2026年普通高中学业水平测试,3,1
贵州省2026高三适应性考试,1,1
贵州省2026高考数学试卷,2,1
贵州省‑思想政治‑学业合格考专2023,1,1
贵州省‑思想政治‑学业合格考专2024,3,1
贵州省‑思想政治‑学业合格考专区，2022‑2025真题、,4,1
贵州省中考数学,1,1
贵州省九师联盟高三,5,1
贵州省六盘水市初二数学下学期,11,1
贵州省六盘水市十九中,1,1
贵州省六盘水市盘州市,8,1
贵州省六盘水市盘州市第一中学,3,1
贵州省凯里市中考真题2025,10,1
贵州省合格性考试模拟卷,3,1
贵州省威宁县，九上化学期末卷,4,1
贵州省师范大学附属中学,5,1
贵州省普通高中学业水平考试模拟卷,1,1
贵州省毕节市。七星关区第一实验学校。5年级下册期末考试数学试卷,1,1
贵州省毕节市七星关区第一实验学校,2,1
贵州省毕节市威宁县八下期末卷物理,2,1
贵州省毕节市物理高一下末试卷2025,7,1
贵州省毕节市赫章县乌蒙山学校开学分班考,4,1
贵州省毕节市赫章县乌蒙山学校新初一开学分班考,8,1
贵州省物理高一下末试卷2025,8,1
贵州省物理高一必修一，二期末试卷2025,1,1
贵州省省实验分班考试,4,1
贵州省贵阳、安顺市等2025-2026学年高三上学期8月月考物理试题,3,1
贵州省贵阳市,6,1
贵州省贵阳市2025-2026学年高三上学期8月月考物理试题,1,1
贵州省贵阳市八年级上册语文期中检测卷,3,1
贵州省贵阳市地生会考试卷,9,1
贵州省贵阳市第一中学,11,1
贵州省贵阳市，半期,6,1
贵州省遵义市2023至2024七上数学期末考试,1,1
贵州省遵义市2024 2025七上数学期末试卷,5,1
贵州省遵义市2024 2025七下数学期中卷子,1,1
贵州省遵义市2024~2025七上数学期末试卷,4,1
贵州省遵义市2024‑2025学年高二下学期7月期末学业水平监测 化学试题,7,1
贵州省遵义市2024至20257下数学期末试卷,14,1
贵州省遵义市2024至20258上数学期末试题卷,2,1
贵州省遵义市2024至2025七下数学期末计,6,1
贵州省遵义市2025至20268上数学期末试卷,2,1
贵州省遵义市2025至20268下数学期末试卷,3,1
贵州省遵义市2025至2026八上期末试卷,3,1
贵州省遵义市十一中2024 20257下数学期中卷子,6,1
贵州省遵义市十一中2024 2025七上数学期末模拟试卷,2,1
贵州省遵义市十一中2024至20257下数学期中卷,4,1
贵州省遵义市十一中2024至2025上数学期中试卷,8,1
贵州省遵义市十一中2024至2025八上数学期中试卷,6,1
贵州省遵义市十一中2024至2025八上数学期末模拟,7,1
贵州省遵义市小学,27,1
贵州省遵义市第四十二中学,6,1
贵州省铜仁市20267月，质量监测是提高一数学,6,1
贵州省高二上册数学第2单元测试卷,5,1
贵州省高考试卷,1,1
贵州省高考试卷数学,1,1
贵州省黔东南州 期末测试卷语文,20,1
贵州省黔东南州2025 2026学年度第二学期期末学业水平测试三年级数学试卷,1,1
贵州省黔东南州2025 期末学业水平测试三年级数学试卷,4,1
贵州省黔东南州物理,5,1
贵州省黔南州2月,8,1
贵州遵义2026年中考卷,10,1
贵州铜仁玉屏 2026年普通高中高一政治期末考试卷及答案,5,1
贵州铜仁玉屏，2026年普通高中高一政治期末考试卷及答案,9,1
贵州阶段检测,2,1
贵州高一下学期学考,4,1
贵州高一必修一 必修二物理试卷期末复习专用,3,1
贵州高三下学期期末遵义,5,1
贵州高三下学期期末遵义道真中学,11,1
贵州高三数学,3,1
贵州高三适应性考试,3,1
贵州高考 2025年高考真题化学,9,1
贵州高考 2025高考真题,1,1
贵州高考2025历史,1,1
贵州黔东南苗族侗族自治州2025-2026学年第二学期期末学业水平测试高一英语试卷,8,1
贵州黔东南苗族侗族自治州2025-2026学年第二学期期末学业水平测试高一语文试卷,4,1
贵州黔南州2026届高三年级语文,1,1
贵州黔南州高三年级摸底考试语文,4,1
贵港,1,1
贵港2026年春季期期末学科素养检测高一年级级生物学,3,1
贵港市,8,1
贵港市覃塘三中,5,1
贵港市覃塘区,36,1
贵港市覃塘区覃塘街道第三初级中学,7,1
贵港市覃塘区覃塘街道第三初级中学。,1,1
贵港桂平,7,1
贵溪一中,7,1
贵百河,61,1
贵百色,3,1
贵阳2026,9,1
贵阳2026届高三8月物理摸底考,2,1
贵阳2026高三摸底考贵州省贵阳、安顺市等2025-2026学年高三上学期8月月考物理试题试,1,1
贵阳一中2026高一期末试卷,3,1
贵阳一中入门,1,1
贵阳一中高一上期末,2,1
贵阳一中高三,1,1
贵阳一中高三期末试卷,1,1
贵阳一中高三期末试卷化学,17,1
贵阳八年级上,6,1
贵阳南湖中学,16,1
贵阳市,109,1
贵阳市2025届高三年级上摸底考试数学试卷,1,1
贵阳市2025届高三年级摸底考试数学试卷,3,1
贵阳市2026届高三上学期摸底考试,3,1
贵阳市2026届高三年级上摸底考试数学试卷,1,1
贵阳市2026届高三年级上摸底考试英语试卷,2,1
贵阳市2026届高三年级摸底考试试卷英语,3,1
贵阳市2026届高三年级摸底考试试卷英语听力,2,1
贵阳市2026届高中毕业班摸底测试,2,1
贵阳市2026年中考,9,1
贵阳市2026年高三年级适应性考试,4,1
贵阳市2026年高三年级适应性考试 2,4,1
贵阳市2026高三摸底考试,8,1
贵阳市二零二六届高三上学期摸底考试,3,1
贵阳市云岩区七年级下学期期末考试中天中学,3,1
贵阳市八年级期中考试,27,1
贵阳市数学竞赛,3,1
贵阳市普通中学七年级下册数学试卷,1,1
贵阳市清华中学,1,1
贵阳市清华中学开学考,3,1
贵阳市第一,5,1
贵阳市第一中学,7,1
贵阳市第一中学高中试题,4,1
贵阳市第一高级中学,2,1
贵阳市花溪区出了信息,2,1
贵阳市高一数学上册第一单元测试卷,4,1
贵阳市高三年级摸底考试试卷物理,1,1
贵阳市高三年级摸底考试试卷英语,6,1
贵阳第一中学,2,1
费县,1,1
费县月考,2,1
费县月考高一,5,1
费县月考高一第一次,3,1
费马,3,1
费马 数学八年级专题,1,1
费马 点八年级专题,1,1
费马定理,1,1
费马定理 数学八年级专题,1,1
费马模型,7,1
费马点模型,8,1
贺州数学高中,8,1
贺新郎 国脉微如缕,3,1
资中一中,1,1
资中一中期末生物卷子,5,1
资中二中,3,1
资中县第一中学,1,1
资源编号:23751673衡水真题密卷:衡水金卷先享题2026年调研卷语文(五),2,1
资阳,4,1
资阳中学,6,1
资阳中学高一期末化学,17,1
资阳安岳期末,1,1
资阳市,9,1
资阳市中考数学,4,1
资阳市雁江区高一第二学期语文期末试卷,1,1
资阳高一安岳期末,1,1
资阳高一安岳期末数学,4,1
资阳高一安岳期末物理,7,1
资阳高一期末,1,1
赏析叙述技巧,13,1
赛罕区银河小学,5,1
赞中,1,1
赞皇第一中学,8,1
赢在中考黄金八,1,1
赢在中考黄金八卷,2,1
赢在中考黄金八卷2025,11,1
赢在中考黄金八卷2025英语,1,1
赢在中考黄金八卷2025英语黄金卷六,6,1
赢在微点 2026大1轮复习,5,1
赢在微点 2026大1轮复习答案,1,1
赢在微点 2026大1轮复习语文,2,1
赢在微点 2026大1轮复习语文电子版教材,9,1
赢在微点 2027大1轮复习历史,4,1
赢在微点 2027答案,2,1
赢在微点2026英语大一轮 背多分音频,3,1
赢在微点2027,1,1
赢在微点2027物理,1,1
赢在微点数学,3,1
赢在微点英,1,1
赢在微点英语,4,1
赢在微点英语2027大一轮,7,1
赢在微点语文60天过教材,2,1
赢在高考,1,1
赣三中高一第一次月考,1,1
赣县小升初,1,1
赣州2025-2026高三第一学期期末生物,1,1
赣州九月高三开学考,21,1
赣州二模2024,10,1
赣州二模2025,1,1
赣州二模2026,7,1
赣州厚德外国语,2,1
赣州地理,1,1
赣州市 2025 2026第二学期期末考试,5,1
赣州市兴国中学,18,1
赣州市南康区第三中学,1,1
赣州市南康区第二中学,3,1
赣州市章贡区,21,1
赣州市章贡区2025-2026学年八年级数学期末考试试卷,1,1
赣州市章贡区2025-2026学年第一学期八年级数学期末考试试卷,2,1
赣州期末生物,2,1
赣抚吉26年开学考试,3,1
赣榆,6,1
赣榆区数学期中试卷中试卷九年级,7,1
赣榆区高级中学,3,1
赣榆怀仁学堂少年班数学真题」,1,1
赣榆高级中学高一上学期第一次数学期中考试,1,1
赣榆高级中学高一开学考,1,1
赤坎区统考卷,2,1
赤壁,2,1
赤壁 赋2025 理解性默写,3,1
赤壁市,1,1
赤壁市第一高级中学,1,1
赤壁赋理解性默写,1,1
赤山,1,1
赤山小学,1,1
赤峰,1,1
赤峰七年级,1,1
赤峰七年级上,7,1
赤峰七年级上10月,1,1
赤峰七年级上数学,2,1
赤峰七年级小升初英语,1,1
赤峰二中 高一上 第一次月考,4,1
赤峰二中2025 2026,3,1
赤峰二中国际,1,1
赤峰二中国际实验中学,1,1
赤峰二中国际实验中学七年级,1,1
赤峰二中国际实验中学七年级上,3,1
赤峰二中高一,1,1
赤峰初一数学第一单元测试卷,3,1
赤峰喀喇沁旗七年级上,1,1
赤峰小升初英语,1,1
赤峰市2025高一,3,1
赤峰市2025高一联考,9,1
赤峰市2025高二期末联考物理,1,1
赤峰市2026高一下学期,1,1
赤峰市2026高二期末联考生物,19,1
赤峰市中考,5,1
赤峰市八年级数学上册,1,1
赤峰市八年级数学上册月考松山区,7,1
赤峰市初三,3,1
赤峰市锦山镇第二中学九年级,1,1
赤峰市高二下期末生物,3,1
赤峰市高二下期末英语,1,1
赤峰松山中学七年级上,1,1
赤峰松山区七年级上,27,1
赤峰松山区七年级上开学考,4,1
赤峰松山区七年级上英语,15,1
赤峰松山四中七年级上开学考,1,1
赤峰金山二中,1,1
赤峰锦山中学,1,1
赤峰锦山二中,2,1
赤峰锦山二中九年级,1,1
赤峰集团七下地理卷子期末,2,1
赤峰高一下期末考试,1,1
赤峰高二下联考,4,1
赤水一中,4,1
赫山区八上物理2025期末,3,1
走美杯,14,1
走进化学世界2026第一单元测试卷2026年新版,1,1
走进化学世界测试卷,4,1
走遍美国,10,1
赵墩,4,1
赵庄镇初级中学,4,1
赵转闲途,1,1
起步区,1,1
起点考试。,3,1
起点考试高三,3,1
超声波测速,1,1
超级考卷,3,1
超级考卷八年级上册英语答案,3,1
超越训练,1,1
越城区2025学年第一学期期末学业质量诊断卷,1,1
越城区四下英语期末试卷,7,1
越秀区,5,1
越秀区八年级上册数学,5,1
越秀区八年级上册物理,4,1
跟读,1,1
跟读课文,5,1
跨学科 徐汇,5,1
跨学科21年一模,3,1
跨学科24年一模,3,1
跨学科24年一模徐汇,2,1
跨学科24年一模杨浦,2,1
跨学科24年一模静安,2,1
跨学科26年,3,1
跨学科26年一模,39,1
跨学科26年一模徐汇,1,1
跨学科26年二模,26,1
跨学科26年二模河西,6,1
跨学科中考真题,9,1
路北区2022年九上第一次月考数学试卷,3,1
路北区2024年九上10月月考英语试卷,7,1
路北区期中考试数学试卷八上,6,1
路南区2023年友谊中学九上第一次月考数学试卷,12,1
路南区2023年友谊中学九上第一次月考物理试卷,5,1
路南区2024 年友谊中学九上第一次月考语文试卷,3,1
路南区2024-2025年九上月考英语听力,10,1
路南区2024年友谊中学九上第一次月考化学试卷,3,1
路南区2025 年友谊中学九上第一次月考化学试卷,3,1
路南区2025 年友谊中学九上第一次月考物理试卷,21,1
路南区2025 年友谊中学九上第一次月考语文试卷,2,1
路南区2025年九上10月月考英语试卷,2,1
路南区2025年九上10月月考语文试卷,2,1
路南区2025年友谊中学九上10月月考数学试卷,3,1
路南区2025年友谊中学九上10月月考英语试卷,9,1
路南区2025年友谊中学九上10月月考语文试卷,10,1
路南区2025年友谊中学九上第一次月考化学试卷,8,1
路南区2025年友谊中学九上第一次月考数学试卷,4,1
路南区2025年友谊中学九上第一次月考英语试卷,1,1
路南区2025年友谊中学九上第一次月考语文试卷,4,1
路南区友谊中学2023-2024年九上月考英语听力,3,1
路南区友谊中学2024-2025年九上月考英语听力,1,1
路南区友谊中学2025-2026年九上月考英语听力,1,1
路易斯,3,1
路易斯酸碱理论,1,1
路程、时间与速度,2,1
踏上强国之路,1,1
车城中学,2,1
车高2上期中物理,1,1
轨迹方程,9,1
轴三中,1,1
轴对称,1,1
轴对称和勾股,7,1
轴对称章节检测,5,1
轻享会员连续包月,1,1
轻测,3,1
轻绳轻杆,2,1
载望,2,1
辅助线,8,1
辅助线 八年级下册专题,4,1
辅助线15种方法,4,1
辅助角,3,1
辉县市胡桥乡,7,1
辉县高一,2,1
辉县高一物理,5,1
辛亥革命 任务型导学案,4,1
辛亥革命 任务型导学案 原卷版,1,1
辛亥革命与中华民国的建立,4,1
辛亥革命任务型导学案,1,1
辛亥革命的默写纸,3,1
辛集中考试卷,1,1
辩证思维,1,1
辩证思维与创新思维,2,1
边角关系计算,2,1
辽中区,2,1
辽南协作体2025-2026高二下数学期末试卷,5,1
辽南协作体2025—2026高一下,7,1
辽南协作体物理高二下期末,1,1
辽南协作校,1,1
辽南协作校高一下期末化学,2,1
辽南高二上开学考,1,1
辽吉黑蒙高考化学,1,1
辽宁 中考,5,1
辽宁 中考 2026,1,1
辽宁 中考英语 2026,3,1
辽宁 名校联盟,1,1
辽宁2026中考,3,1
辽宁9年级期末英语,1,1
辽宁9月份高三联考,13,1
辽宁七上数学月考卷,2,1
辽宁七中7年级上学期数学期末题,1,1
辽宁七年级上学期期末,2,1
辽宁七校协作2025~2026英语高一下5月,3,1
辽宁三下期末,1,1
辽宁三下期末卷,1,1
辽宁三年级上学期期中,13,1
辽宁专版高一上册英语阅读理解,4,1
辽宁专用高二,1,1
辽宁专用高二数学,1,1
辽宁东北育才,1,1
辽宁东北育才学校2025-2026,4,1
辽宁东戴河志臻,1,1
辽宁中考物理,2,1
辽宁中考真题,7,1
辽宁中考语文,9,1
辽宁丹东省七校联考期中,4,1
辽宁丹东高一上英语试卷,11,1
辽宁丹东高一省七校联考,4,1
辽宁九上数学第一单元测试卷,3,1
辽宁九年级上期末卷,4,1
辽宁九年级下学期期末,5,1
辽宁二中,1,1
辽宁五年级,7,1
辽宁五校联考,12,1
辽宁五校联考数学,1,1
辽宁八年级上册语文期中考试卷,185,1
辽宁八年级上学期期中,8,1
辽宁八年级下学期期末,4,1
辽宁初一上数学期末试卷,1,1
辽宁初三物理13章14章测试卷,4,1
辽宁化学,2,1
辽宁升学模考,6,1
辽宁升学真题,1,1
辽宁单元卷,7,1
辽宁历史高考真题,1,1
辽宁合格性考试,4,1
辽宁名校开学考,6,1
辽宁名校新高考3+1+2模拟试题,4,1
辽宁名校联盟2025~2026高一物理是,2,1
辽宁名校联盟5月,1,1
辽宁名校联盟9月高三,2,1
辽宁名校联盟东北三省三校,2,1
辽宁名校联盟东北三省三校高三上9月,2,1
辽宁名校联盟东北三省三校高三上9月化学,2,1
辽宁名校联盟开学考,5,1
辽宁名校联盟数学高二下学期期末,4,1
辽宁名校联盟高三,1,1
辽宁名校联盟高三10月,1,1
辽宁名校联盟高三9月份学考试,8,1
辽宁名校联盟高三上开学,3,1
辽宁四上,18,1
辽宁四上北师,1,1
辽宁多校联考,4,1
辽宁大连二十四中高一上开学分班考试,2,1
辽宁大连二十四中高一上开学考试,1,1
辽宁大连二十四中高一开学考试,2,1
辽宁大连格致中学，2025到2026学年度第二学期期末学习质量检测试卷,4,1
辽宁实验中学,7,1
辽宁教版初二语文期末卷子,3,1
辽宁新高一上物理第一章卷子,8,1
辽宁新高一数学集合第一章卷子,7,1
辽宁新高一物理第一章卷子,1,1
辽宁普通高中,6,1
辽宁朝阳北票八年级,1,1
辽宁朝阳市建平县高一期末英语,1,1
辽宁朝阳市重点高中，2025年到2026，To年度下学期期末高一英语试卷,3,1
辽宁朝阳新高一物理第一章卷子,1,1
辽宁本溪市,3,1
辽宁本溪高三上开学考,3,1
辽宁模拟卷,1,1
辽宁沈阳,5,1
辽宁沈阳东北育才,3,1
辽宁沈阳东北育才高二物理,1,1
辽宁沈阳高二下学期试卷,11,1
辽宁沈阳高二月考,57,1
辽宁海城六上期末数学,3,1
辽宁海城小升初,3,1
辽宁海城小升初数学,2,1
辽宁点石,1,1
辽宁点石联考,2,1
辽宁点石联考高一期末,4,1
辽宁点石联考高二9月份物理,4,1
辽宁省2023数学中学生竞赛预赛,1,1
辽宁省2023数学竞赛预赛,2,1
辽宁省2024-2025学年高一下学期7月期末联考数学试题,1,1
辽宁省2025年中考,2,1
辽宁省2025年高三上开学考9月名校联盟,1,1
辽宁省2025年高三上开学考化学9月名校联盟,3,1
辽宁省2025年高三上开学考物理9月名校联盟,3,1
辽宁省2026年中考英语试卷,1,1
辽宁省2026年普通高等学校招生选择性考试,4,1
辽宁省20中学开学考,1,1
辽宁省26年中考试卷,5,1
辽宁省8年级英语卷,31,1
辽宁省9年级英语卷,4,1
辽宁省9月份高一月考试卷,1,1
辽宁省9月开学考高三数学,1,1
辽宁省七校,1,1
辽宁省中考历史卷,4,1
辽宁省丹东市东港市2025-2026五年级下学期7月末语文期末试卷,3,1
辽宁省丹东市凤城市2025~2026,1,1
辽宁省丹东市凤城市2025~2026六年级,3,1
辽宁省丹东市高三上学期期一轮测试数学考试试卷,3,1
辽宁省丹东市高三上学期期二轮测试数学考试试卷,6,1
辽宁省丹东市高三下学期期轮测试数学考试试卷,6,1
辽宁省九上物理月考卷,1,1
辽宁省五校联考2025 2026学年度高一英语下学期期末考试高一试题,4,1
辽宁省五校联考化学,18,1
辽宁省五校联考化学期末,5,1
辽宁省五校联考高一下学期期末数学试卷,7,1
辽宁省五校联考高三,5,1
辽宁省五校联考高三10月月考,4,1
辽宁省八上数学期中考试,6,1
辽宁省八上物理期中考试,4,1
辽宁省八上物理第一次月考,1,1
辽宁省初中学业水平考试,8,1
辽宁省协作体高一上,2,1
辽宁省协作体高一上学期期中考试,19,1
辽宁省县域重点高中协作体高二下学期期末考试,7,1
辽宁省县域高中高三上学期试卷,1,1
辽宁省县域高中高二下学期试卷,6,1
辽宁省名校2025年高三联合考试,19,1
辽宁省名校5月评估试题,1,1
辽宁省名校联盟2024年高三9月份联合考试化学,10,1
辽宁省名校联盟2024年高二9月份联考考试,3,1
辽宁省名校联盟2025‑2026学年高三上学期12月联合考试物理试卷，第15题（物理压轴）。   模型：光滑水平面，弹簧连接两个物块（弹簧双振子），碰撞之后弹簧发生压缩、拉伸；设问：求第三次恢复原长对应的时间，要用折合质量（约化质量）求相对振动周期。   核心模型回顾（这道题的关键）   弹簧双振子，两物体质量m_1、m_2，弹簧劲度系数k 折合质量： \boldsymbol{\mu=\frac{m_1m_2}{m_1+m_2}} 两物体相对振动周期（弹簧从原长→压缩最短→原长→拉伸最长→原长，完整一个循环）： \boldsymbol{T=2\pi\sqrt{\frac{\mu}{k}}}   每经过一个T，弹簧两次恢复原长。   - t=0：初始原长（不算） - 第一次恢复原长：\dfrac T2 - 第二次恢复原长：T - 第三次恢复原长：\boldsymbol{\dfrac{3}{2}T}   注意：质心一直匀速直线运动；相对振动的周期才是上面这个T，不是单振子周期，这是这张卷子这道题最容易错的坑。   原题条件回忆（考场版本）   两个物块，一个有初速度，另一个初始静止，水平面光滑；发生弹簧相互作用，动量守恒、机械能守恒。   1. 第一小问求两个物块某次的速度； 2. 第二小问求弹簧最大弹性势能； 3. 第三小问：求第三次恢复弹簧原长的时刻。   易错点   很多同学直接套普通弹簧振子T=2\pi\sqrt{\dfrac{m}{k}}，直接丢大半分数；必须用折合质量算相对振动周期。   时间逻辑（必背）   - 从初始原长出发：   1. 压缩到最短：\dfrac T4 2. 第一次恢复原长：\dfrac T2 3. 拉伸到最长：\dfrac{3T}{4} 4. 第二次恢复原长：T 5. 压缩到最短：\dfrac{5T}{4} 6. 第三次恢复原长：\boldsymbol{\dfrac{3T}{2}}   也就是：第三次恢复原长时间\boldsymbol{t=\dfrac32\cdot 2\pi\sqrt{\dfrac{\mu}{k}}=3\pi\sqrt{\dfrac{m_1m_2}{k(m_1辽宁省名校联盟2025‑2026学年高三上学期12月联合考试物理,1,1
辽宁省名校联盟2025年9月份联合考试,1,1
辽宁省名校联盟2025年高一10月份联合考试,6,1
辽宁省名校联盟2026,23,1
辽宁省名校联盟2026年三月,3,1
辽宁省名校联盟2026年三月高三,12,1
辽宁省名校联盟2026年高三5月份联合考试（辽宁名校联盟2026届高三5月联考）语文试卷,2,1
辽宁省名校联盟27届,5,1
辽宁省名校联盟5月评估试题,5,1
辽宁省名校联盟数学试卷高一,8,1
辽宁省名校联盟月评估试题,2,1
辽宁省名校联盟高一下期末,1,1
辽宁省名校联盟高一下期末数学,1,1
辽宁省名校联盟高三9月份联合考试化学,11,1
辽宁省地理,9,1
辽宁省多校2025—2026学年高三上学期9月份联合考试,2,1
辽宁省大石桥市小学四年级下册期末考试卷2025-2026,11,1
辽宁省大石桥市第一初级中学,5,1
辽宁省大石桥市第一初级中学期中卷,14,1
辽宁省大连市中山区2025八年级上期中考试,11,1
辽宁省大连市甘井子区2025到2026学年度第二学期期末学习质量检测试卷,6,1
辽宁省大连市甘井子区八年级上册数学月考试卷,19,1
辽宁省大连市甘井子区八年级上册数学月考试卷10月,15,1
辽宁省大连市甘井子区八年级上册英语月考试卷,6,1
辽宁省大连市甘井子区八年级上册英语期中考试卷,5,1
辽宁省大连市甘井子区八年级上册语文期中考试卷,179,1
辽宁省大连市甘井子区学年下学期期末质量抽测试卷八年级数学2025到2026,8,1
辽宁省大连市甘井子区英语初二上册,16,1
辽宁省大连市第七十六中学八年级上册数学月考试卷10月,7,1
辽宁省大连市第八中学2027届高三上学期8月阶段测物理试题,1,1
辽宁省大连育明高级中学2025-2026学年高二下学期7月期末考试数学试题,3,1
辽宁省大连育明高级中学2025-2026学年高二下学期7月期末考试试题,8,1
辽宁省学校,2,1
辽宁省实验 高一上 2026 化学 期中,3,1
辽宁省实验2024到2025高一下学期第一次月考英语试题,2,1
辽宁省实验中学 2026,17,1
辽宁省实验中学2024-2025上学期第一次月考高三语文试卷,1,1
辽宁省实验中学东戴河分校高二2025年期中考试卷,6,1
辽宁省实验中学期末考试英语,3,1
辽宁省实验中学期末考试英语高三,1,1
辽宁省实验中学期末考试英语高二,7,1
辽宁省实验中学校内考前,2,1
辽宁省实验中学高一上第一次月考,2,1
辽宁省实验中学高一上第一次月考数学卷,2,1
辽宁省实验中学高二,4,1
辽宁省实验物理试卷,1,1
辽宁省实验第一月考,5,1
辽宁省实验高一数字期末,1,1
辽宁省实验高一数学期末,5,1
辽宁省实验高一生物期末,1,1
辽宁省抚顺市六校协作体高三上学期英语试题,10,1
辽宁省新民市高三上学期开学考数学,1,1
辽宁省新民市高三上学期开学考物理,4,1
辽宁省新民市高三开学考数学,5,1
辽宁省普通高中联考,14,1
辽宁省普通高等学校政治,1,1
辽宁省朝阳市九上化学月考卷,12,1
辽宁省朝阳市九上物理月考卷,7,1
辽宁省朝阳市九上英语月考卷,9,1
辽宁省本溪市12中学,3,1
辽宁省本溪市2025~2026学年七年级上英语,5,1
辽宁省本溪市第一高级中学2024到2025入学考试试卷,1,1
辽宁省本溪市第一高级中学入学考试,1,1
辽宁省沈阳市 2025~2026语文卷子 九上,5,1
辽宁省沈阳市 2025~2026语文卷子期中 九上,8,1
辽宁省沈阳市2025‑2026学年高三教学质量监测（一）,1,1
辽宁省沈阳市2026届高三下学期教学质量监测（二）,1,1
辽宁省沈阳市东北育才中学高一上期中,6,1
辽宁省沈阳市九上物理月考卷,22,1
辽宁省沈阳市九上英语月考卷,1,1
辽宁省沈阳市二十中学,1,1
辽宁省沈阳市沈河区2025~2026七年级下学期期末考试卷,3,1
辽宁省沈阳市法库县,2,1
辽宁省沈阳市法库县东湖一中初一开学考,5,1
辽宁省渤海大学附属高级中学2025-2026学年高二下学期期末考试,1,1
辽宁省点石联考数学高三,5,1
辽宁省物理竞赛,3,1
辽宁省葫芦岛市,3,1
辽宁省葫芦岛市历史期末,1,1
辽宁省葫芦岛市政治期末九上,2,1
辽宁省辽东南普通高中协作校高三下学期第1次模考英语试题,3,1
辽宁省辽南协作体2025 2026学年度下学期期末考试高二试题英语答案,15,1
辽宁省辽西重点高中2025-2026,2,1
辽宁省重点中学协作校,7,1
辽宁省重点高中沈阳市郊体高一年级期末考试,4,1
辽宁省铁岭市2023-2024开学考试,1,1
辽宁省铁岭市昌图县2023-2024七上开学考试,4,1
辽宁省铁岭市昌图县2023-2024开学考试,4,1
辽宁省铁岭市昌图县2024-2025七上分班考试,1,1
辽宁省铁岭市昌图县2024-2025七上培优班考试,2,1
辽宁省铁岭市昌图县2024-2025七上开学考试,4,1
辽宁省锦州八中期中卷,1,1
辽宁省锦州市,5,1
辽宁省锦州市锦州中学高一月考,7,1
辽宁省锦州市黑山县七年级上册,3,1
辽宁省鞍山市海城市2025至2026期末监测试卷六下,2,1
辽宁省鞍山市海城市南台镇2025至2026期末监测试卷六下,3,1
辽宁省鞍山市铁东区小升初英语试卷,6,1
辽宁省鞍山市铁东区小升初试卷,1,1
辽宁省鞍山模拟高中物理,3,1
辽宁省高三上学期开学考物理,6,1
辽宁省高三上开学化学,15,1
辽宁省高三上开学考,1,1
辽宁省高三上开学考数学25-26,1,1
辽宁省高三上开学考物理卷,5,1
辽宁省高三上开学考生物卷,9,1
辽宁省高二上数学,3,1
辽宁省高二上数学期中,4,1
辽宁省高二上数学第二次,4,1
辽宁省鸿飞教学研究中心,1,1
辽宁营口,3,1
辽宁营口市上学期七年级期末质量检测英语,1,1
辽宁营口市上学期期末,1,1
辽宁营口市上学期期末质量检测,1,1
辽宁营口市普通高中高一下2025到2026，英语卷,4,1
辽宁葫芦岛化工,5,1
辽宁辽宁省语文马说文言文阅读,1,1
辽宁重点高中2025—2026高一下,24,1
辽宁重点高中协作校,1,1
辽宁重点高中协作校高一下期末,1,1
辽宁锦州三下期末卷,6,1
辽宁阜新,1,1
辽宁阜新九年级,1,1
辽宁阜新九年级数学上学期,4,1
辽宁阜新市海州区,27,1
辽宁鞍山,1,1
辽宁鞍山七月份化学,5,1
辽宁鞍山七月份物理,4,1
辽宁鞍山小升初试卷,15,1
辽宁高一10月考试卷,1,1
辽宁高一上学期数学期中,5,1
辽宁高一上学期期中物理,1,1
辽宁高一上学期物理期中,1,1
辽宁高一上学期阶段检测,4,1
辽宁高一上开学分班考试,1,1
辽宁高一上期中化学,5,1
辽宁高一上期中数学试卷,6,1
辽宁高一上期中物理,2,1
辽宁高一上期末数学试卷,1,1
辽宁高一下学期数学试卷,4,1
辽宁高一下学期数学试卷期中,13,1
辽宁高一下学期期末,3,1
辽宁高一下数学,5,1
辽宁高三上学期开学考,1,1
辽宁高三上学期阶段检测,4,1
辽宁高三上开学考,9,1
辽宁高三开学考,3,1
辽宁高三开学考数学,3,1
辽宁高三模拟,4,1
辽宁高中模拟,4,1
辽宁高二上学期数学,8,1
辽宁高二上学期期中,2,1
辽宁高二上学期物理,3,1
辽宁高二上学期阶段检测,6,1
辽宁高二下,3,1
辽宁高二下期末化学,3,1
辽宁高二下期末考试化学,4,1
辽宁高二下期末考试生物,6,1
辽宁高二第一次月考,9,1
辽宁高考英语,3,1
辽宁鸿飞,1,1
辽宁，2025到2026七下数学期末卷,10,1
辽师附属高中,1,1
辽蒙联考,2,1
辽阳,12,1
辽阳人教版初二语文期末卷子,1,1
辽阳市,5,1
辽阳市2025-2026,3,1
辽阳市第二中学。,2,1
辽阳高二下期末考试,6,1
达一中招生真卷小升初,4,1
达川区期末考试,3,1
达州,1,1
达州一,1,1
达州一中,2,1
达州中学初中化学暑假作业2026,3,1
达州市2025年春季高一期末教学质量监测,1,1
达州市2025年普通高中二年级春季学期教学质量监测化学,4,1
达州市2026年春季高一期末教学质量监测,1,1
达州市2026年春季高一期末教学质量监测数学,1,1
达州市2026年高二下数学,1,1
达州市一,1,1
达州市一中,1,1
达州市中考,1,1
达州市第一中学,2,1
达州高一期末,8,1
达州高三零诊,3,1
达州高三零诊物理,4,1
达拉特旗第一中学高三上学期开学考试,2,1
达拉特旗第一中学高三开学考试,2,1
迁一中,1,1
迁安,10,1
迁安7年级分班考试,21,1
迁安一中新高二月考,4,1
迁安市2024-2025学年度高二结业考试生物试卷,1,1
迁安第四初级中学7年级分班考试,8,1
过去完成时初三,1,1
过去完成时的被动语态,1,1
过去进行时,3,1
过某点求斜率,3,1
过课本,4,1
过零丁洋,9,1
迎春中学,1,1
迎春杯,7,1
运动和力的关系,12,1
运动图像,6,1
运动学 12种题型高一物理专题,2,1
运动学 2025 一轮复习题,1,1
运动学公式,1,1
运动学图像,2,1
运动学图像专题,1,1
运动学图像专题练习,3,1
运动学图像成才之路学案,2,1
运动学高考真题,2,1
运动的描述人教版,14,1
运动的描述初中测试卷,2,1
运动的描述单元检测试卷,6,1
运动的描述（专项练习）,9,1
运城中考,1,1
运城二模,9,1
运城市2023—2024学年第二学期期末调研测试,2,1
运城市2025 2026学年第二学期期末调研测试,3,1
运城市高二 月考,9,1
运河高中联盟2026届高三期中化学,5,1
近10年高考数学真题,1,1
近5年中安徽中考数学试卷,1,1
近5年高考作文,1,1
近三年高考文综试卷,1,1
近两年小升初,5,1
近义词、反义词,9,1
近五年中考满分作文,3,1
近代历史,1,1
近代物理试卷,2,1
近似数,1,1
近似数练习,5,1
近几年高考数学圆锥曲线大题,1,1
近十年的语文中考作文题目,1,1
近十年高考英语听力,1,1
近现代史,6,1
返校卷英语高二上,7,1
返校卷高二上,1,1
还有80%初中内容20%的高中必修一上的内容的分班考试试卷,3,1
这份资料不是市面正式出版的教辅书（如五三、步步高、金版新学案、创新设计这类实体教辅），它是学科网出品的《2027年高考化学一轮复习讲练测》配套复习讲义,6,1
这份资料完整名称分3个层级（精准对应你手里的暑假作业）   1、文档完整原名（老师发你的Word/PDF标题）   Unit 4 Changing and Growing 单元核心知识（背诵默写任务单） 副标题：第1课时 Listening & Speaking（仁爱科普版2024修订 八年级上册） 行业通用别称：知识清单背默单 / 词汇短语过关任务单   2、所属整套教辅大书名（整本合集名字）   官方合集全称：   【考点跟踪】仁爱科普版（2024）八年级上册英语 单元知识清单（学案） 配套全套包含：每个单元课时默写卷、基础达标卷、培优评价卷，你这份是其中的课时背诵默写专项部分。   市面上通俗叫法（淘宝/学生圈）   1. 八上仁爱英语 早背晚默知识清单 2. 八年级上册仁爱版英语 课时过关默写小练 3. 暑假预习专用：仁爱八上Unit4预习讲义+默写卷   3、关键补充说明（解释为什么没有实体书本封面）   1. 它不是市面售卖的厚练习册实体书，是老师从学科网下载的线上电子学案任务单，无统一印刷封面，只有分单元分课时的文档； 2. 你图片右上角的「音频扫一扫」、题型（单词过关+词组过关+看图写话）、全部词汇，都和这份《单元核心知识背诵默写任务单》完全匹配； 3. 搜  Unit 4 Changing and Growing 单元核心知识（背诵默写任务单）仁爱科普版八年级上册,1,1
这套全称：【微训练】二十天 背默填 玩转60篇（高语名默循环练）,5,1
这套是2025‑2026学年度武汉市部分学校高三九月调研（武汉调研）英语试卷。,1,1
这道题原题出处：  浙江杭州市2026届高三下学期教学质量检测（二模）历史试题（杭州二模）,1,1
进才中学分班考,3,1
进才中学高三英语,1,1
进阶练,2,1
远航学校,2,1
连云港026 期末高二,1,1
连云港026 期末高二下学期生物,1,1
连云港026 期末高二生物,1,1
连云港2025年到2026年年度第一学期高一年级期中考试物理试卷,3,1
连云港2026期中,33,1
连云港七上海州区,1,1
连云港七上海州区数学,3,1
连云港七年级开学考试,1,1
连云港七年级用的是什么版本的书,1,1
连云港东海县期末,4,1
连云港中考地理,2,1
连云港八上数学外国语,6,1
连云港六年级下册数学,4,1
连云港六年级下册英语,6,1
连云港外国语,3,1
连云港实验学校,6,1
连云港市,12,1
连云港市2025-2026学年度第二学期末八年级,27,1
连云港市七年级开学考,1,1
连云港市海头,2,1
连云港市海头高级中学,4,1
连云港市灌云实验中学七年级开学考,4,1
连云港市赣榆区,30,1
连云港市赣榆区2025-2026第一学年度七年级数学试卷,2,1
连云港市赣榆区2025-2026第一学期七年级数学试卷,5,1
连云港新海初级中学七年级,2,1
连云港新海初级中学七年级开学考试,1,1
连云港海州区九年级上学期期中考试化学试卷,8,1
连云港灌云2025年到2026年年度第一学期高一年级期中考试物理试卷,1,1
连云港高一上学期地理,1,1
连云港高级中学,3,1
连云港高级中学高一上学期试卷,38,1
连接体问题系统性答题模板,2,1
连接实物图,3,1
连续体,1,1
连续性文本阅读,3,1
连词,7,1
连读弱读轻读,1,1
连通器 大气压强 流体压强,20,1
追击及相遇问题,1,1
追击相遇 2026练习,3,1
追击相遇问题相遇几次,10,1
追梦之旅,7,1
追梦之旅 2025 2026 期末,8,1
追梦之旅八上数学冀教练习册,1,1
追梦之旅八上数学冀教练习册第16章,7,1
追梦第16章 章末复习 轴对称和中心对称,6,1
追梦第16章 章末复习 轴对称和中心对称 追梦之旅 大先生2025 2026学年新教材八年级上册数学活页同步练习 冀教版2024,1,1
追梦第16章 章末复习 轴对称和中心对称-【追梦之旅·大先生2025-2026学年新教材八年级上册数学活页同步练习（冀教版2024）,2,1
追梦第16章章末复习,1,1
适当形式填空,1,1
适当形式填空100题,4,1
逆等线模型,2,1
选一生物,3,1
选修1生物,10,1
选修2数学第一章,3,1
选修一,1,1
选修一化学上好课,1,1
选修一化学上好课人教版,4,1
选修一化学导学案,13,1
选修一北师大概率统计培优,1,1
选修一单词表,3,1
选修一地理默写,6,1
选修一数学北师大立体几何,1,1
选修一数学北师大立体几何培优,7,1
选修一数学直线和圆培优,17,1
选修一数学隐圆,7,1
选修一物理专题,1,1
选修一物理题型,2,1
选修一生物,1,1
选修一生物第一课学案,1,1
选修一生物背诵资料,6,1
选修一语文背诵篇目,1,1
选修一课数学,4,1
选修一课数学高中,8,1
选修三 1 2 3 4单元综合 复习卷,2,1
选修三专题,1,1
选修三生物期末卷,10,1
选修上语文书,1,1
选修上语文理解性默写,1,1
选修二,1,1
选修二化学,2,1
选句子型,6,1
选填专练,3,1
选大学,1,1
选必一 第2章,2,1
选必一化学第三章,2,1
选必一化学第三章免费,13,1
选必一历史单元卷,7,1
选必一历史期中卷,2,1
选必一地理,1,1
选必一地理第二章,1,1
选必一数学笔记,4,1
选必一数学笔记人教b,1,1
选必一物理上好课,3,1
选必一生物,4,1
选必一英语,2,1
选必三 第六章计数原理,2,1
选必三英语单词,5,1
选必三英语单词默写,2,1
选必三逻辑与思维,3,1
选必三逻辑与思维试卷,3,1
选必二地理,5,1
选必二地理分层作业,3,1
选必二物理上好课,2,1
选折性必修一,3,1
选拔考试,1,1
选拔考试宿迁,3,1
选拔考试宿迁七年级,1,1
选择,3,1
选择 题,11,1
选择型必修一1 2 34章总复习,3,1
选择填写恰当的词语卷子,6,1
选择填写恰当的词语卷子八上,2,1
选择填空高一上,1,1
选择填空高一上数学,1,1
选择必修一,8,1
选择性必修1 英语 词汇专练,2,1
选择性必修1《当代国际政治与经济》综合检测卷（二）,9,1
选择性必修1化学,1,1
选择性必修1化学第一章,3,1
选择性必修1化学鲁科版同步练,2,1
选择性必修1数学,2,1
选择性必修1第一章数学练习,11,1
选择性必修2,3,1
选择性必修2英语外研版,2,1
选择性必修3《生物技术与工程》第一章思维导图,3,1
选择性必修一,2,1
选择性必修一 数学 单元卷+月考+期中期末 江苏专用,3,1
选择性必修一化学优化学案,4,1
选择性必修一化学基础计算题,9,1
选择性必修一化学精准讲练,3,1
选择性必修一和必修二的,4,1
选择性必修一地理,1,1
选择性必修一地理精彩三年,1,1
选择性必修一地理高效作业本,1,1
选择性必修一数学,3,1
选择性必修一生物教材,1,1
选择性必修一生物知识点默写,5,1
选择性必修一生物第一章,8,1
选择性必修一生物第一，二，三试卷,2,1
选择性必修一课本,1,1
选择性必修一课本政治,1,1
选择性必修一课本词汇表,1,1
选择性必修三单词,2,1
选择性必修三政治,3,1
选择性必修三政治练习,2,1
选择性必修三第一单元框架图,2,1
选择性必修上册文言文,11,1
选择性必修中册语文课本,1,1
选择性必修二地理思维导图,1,1
选择性必修二数学答案,3,1
选择性必修单词自测清单,1,1
选择性必修词汇巩固,1,1
选择题专练,5,1
选词填空/单句语法填空,2,1
透镜及其应用,3,1
逐差法,1,1
逐差法求加速度,1,1
逐方差,7,1
通川区五年级下册数学,1,1
通川区六年级上册,4,1
通州区2025-2026学年第二学期期末,1,1
通州月考,5,1
通州联考,6,1
通江中学,2,1
通用,1,1
通用技术,4,1
通用技术模拟题,1,1
通用技术试题,7,1
通讯,3,1
通辽,7,1
通锦,1,1
通锦入学考,2,1
速度,8,1
速度图像,2,1
速度图像判读,13,1
速度图像判读专题,18,1
速度的测量,4,1
逸夫中学,1,1
逸夫小学,9,1
逻辑 20226必背知识整理最新版,1,1
逻辑与思维专题练,3,1
逻辑与思维专题练政治,2,1
逻辑与思维题目,2,1
遂宁中考2025英语听力,6,1
遂宁市中考,1,1
遂宁市中考真题,1,1
遂宁市高二期末物理,1,1
遂宁市高级实验学校,3,1
遂宁高一上册数学,7,1
遂宁高一上册数学期末,3,1
遂宁高一数学,1,1
遂宁高一数学上学期,1,1
遂宁高一数学上学期期中,4,1
遂宁高一数学上期第三次月考,3,1
遂平一高,1,1
遇到中点问题如何添加辅助线模型,1,1
道县高一物理期中试卷,7,1
道德与法制,1,1
道德与法治九上一轮复习,1,1
道德与法治八上材料题,3,1
道德与法治分班考试,1,1
道法,10,1
道法23年二模普陀,3,1
道法24年二模杨浦,6,1
道法26年一模,3,1
道法26年一模嘉定,2,1
道法26年一模崇明,3,1
道法26年一模长宁,2,1
道法26年二模,3,1
道法26年二模嘉定,2,1
道法26年二模奉贤,2,1
道法26年二模徐汇,2,1
道法26年二模普陀,10,1
道法26年二模杨浦,2,1
道法26年二模浦东,2,1
道法26年二模金山,2,1
道法26年二模长宁,2,1
道法26年二模青浦,2,1
道法26年二模黄浦,3,1
道法中考真题,13,1
道法八上必背,2,1
道法八年级,2,1
道法模板,2,1
道法模板八年级,2,1
道法知识点总结,5,1
道法知识点总结人民教育出版社,2,1
道法背诵单,6,1
道理,11,1
道里,12,1
遗传  专项,1,1
遗传专项,10,1
遗传图解,1,1
遗传大题,1,1
遗传学,2,1
遗传定律,1,1
遗传提优专项,7,1
遗传生物,2,1
遗传的分子基础,4,1
遗传的基本规,6,1
遗传的基本规律（10年汇编）（全国通用）2017-2026年高考生物真题分,3,1
遗传的细胞基础,1,1
遗传系谱图和电泳图,3,1
遗传题,2,1
遗传题型归纳,1,1
遵义,21,1
遵义一中,3,1
遵义七年级上册数学第一单元测试卷,4,1
遵义七年级上册数学第一次月考,2,1
遵义中考,1,1
遵义中考2022物理,5,1
遵义习水,16,1
遵义二中,4,1
遵义南白初级中学七年级上数学第一单元,1,1
遵义南白初级中学七年级数学第一单元,1,1
遵义南白初级中学数学第一单元,1,1
遵义四初中,7,1
遵义小升初分班考试卷,4,1
遵义市 节数学竞赛ZYMC3八年级,1,1
遵义市20242025学年度第二学期学业水平监测,5,1
遵义市2024—2025学年度第二学期学业水平监测,10,1
遵义市2024至2025学年度第二学期学业水平监测8年级数学试题卷,5,1
遵义市2026届高三英语第一次适应性考试答案,4,1
遵义市2026年高一年级卷库试卷二,3,1
遵义市2026年高一年级卷库试卷二 语文答案,2,1
遵义市2026高二年级卷库试卷二,3,1
遵义市2026高二年级卷库试卷二数学,1,1
遵义市七年级上册数学期末,1,1
遵义市九年级期中考试数学,6,1
遵义市南白中学,4,1
遵义市南白南白中学2022-2023高一下学期第一次联考数学,3,1
遵义市南白南白中学2024-2025高一下学期第二次联考数学,3,1
遵义市播州区九年级期中考试数学,1,1
遵义市第中,1,1
遵义市第二中学,2,1
遵义市第二十一中学,1,1
遵义市第二十二中学,1,1
遵义市第五中学,2,1
遵义市第十一中学,2,1
遵义市第十一中学八年级,3,1
遵义市第十四中学,1,1
遵义市第四中学,1,1
遵义市第四初级中学,2,1
遵义市红花岗区三年级数学期末考试,8,1
遵义高 一 数学 上学期 期中,1,1
遵义高一 数学 上学期 期中,8,1
遵化2025 2026,3,1
邓修全,1,1
邓州,5,1
邓州一高,5,1
邓州城区一初中,2,1
邓州市2025 2026第一学期七年级期末 英语试卷,1,1
邓州市2025～2026八年级第一学期中语文,5,1
邓州市2026年四年级春季期末考试试卷,5,1
邓州市四高中,9,1
邕宁民中,4,1
邕衡教育,4,1
邗江中学,12,1
邗江中学高三九月检测,1,1
邗江区实验学校,2,1
邛崃2026年八下期末,1,1
邛崃市七年级下册,5,1
邛崃市七年级下册数学,24,1
邛崃文昌中学,2,1
邢台,21,1
邢台一中高一第一次月考,1,1
邢台三中八年级上册物理期中试卷,9,1
邢台三中高新校区小升初考试卷,16,1
邢台下学期考试卷,1,1
邢台二中,1,1
邢台市信都区2024 2025学年度第二学期数数期末测试卷七年级下册,1,1
邢台精英中学,2,1
邢台高一第一次月考,2,1
邯郸一中,6,1
邯郸一中高一,2,1
邯郸一中高二上期中,4,1
邯郸一中高二上期末,1,1
邯郸中考二模,3,1
邯郸八校,3,1
邯郸定心二,3,1
邯郸小升初分班考2026,7,1
邯郸小升初分班考试卷,3,1
邯郸市2025届高三上学期第一次调研监测,3,1
邯郸市2026届高三第一次模拟测试,16,1
邯郸市2026届高三第一次调研监测,6,1
邯郸市2026高一联考,12,1
邯郸市nt20,2,1
邯郸市一调考试,1,1
邯郸市开学,19,1
邯郸市开学开学考试卷免费,4,1
邯郸市曲周县八下期末考试卷,3,1
邯郸市曲周县八下期末考试卷2025~2026,1,1
邯郸市武安一中高三9月开学考物理,1,1
邯郸市武安一中高三9月开学考试化学,1,1
邯郸市第二十三中学八年级上册数学第一次月考试卷,8,1
邯郸市第二十五中学2024年八年级上册语文期中考试试卷,2,1
邯郸市第二十五中学2025年八年级上册语文期中考试试卷,1,1
邯郸市第二十五中学八年级上册英语期中考试试卷,4,1
邯郸市第二十五中学八年级上册语文期中考试试卷,3,1
邯郸市第二十五中学英语八年级上册期中考试试卷,1,1
邯郸市第五中学开学开学考试卷,1,1
邯郸市联考,17,1
邯郸市育华中学八年级上册数学第一次月考试卷,24,1
邯郸市高三9月开学考物理,1,1
邯郸市高三第一次模拟测试数学,5,1
邯郸市魏县一中高三9月开学考物理,1,1
邯郸恒一中学,7,1
邯郸新七年级杨帆分班考,1,1
邯郸新初一分班考试卷,1,1
邯郸杨帆分班考,4,1
邯郸经开区扬帆中学,1,1
邯郸经开区扬帆中学 初一分班考试卷 也可以分开搜单科,11,1
邯郸经开区扬帆中学分班考,4,1
邯郸高一数学期末模拟卷,5,1
邯郸高二期末联考统考上,6,1
邯郸高二期末联考统考上2,8,1
邯郸高二期末联考统考下,3,1
邳州二零二五到二零二六年月考试卷生物,1,1
邳州二零二五到二零二六年月考试卷生物八年级上册,10,1
邳州二零二五到二零二六年期中试卷生物,8,1
邳州市二零二五到二零二六年期中试卷地理,3,1
邵东一中高一10月考试卷,1,1
邵东一中高一上学期月考试卷,3,1
邵东一中高一月考试卷,1,1
邵东创新,1,1
邵东创新开学考,1,1
邵东创新高二上,1,1
邵东振华,2,1
邵阳,30,1
邵阳九校拔尖,7,1
邵阳市,1,1
邵阳市一模物理,1,1
邵阳市七上历史期中,1,1
邵阳市七上生物期中,2,1
邵阳市七生物期中,1,1
邵阳市三模2026,1,1
邵阳市二中,2,1
邵阳市二中奥林匹克,5,1
邵阳市拔尖创新人才,8,1
邵阳市拔尖创新人才早期培养知识竞赛,2,1
邵阳市新邵县一中高二下学期英语入学考试卷,1,1
邵阳市新邵县一中高二下学期英语学试卷,3,1
邵阳市新邵县一中高二下学期英语期末考试试卷,7,1
邵阳市第二中学数学高二下学期期末考试,9,1
邵阳市高一下物理,3,1
邵阳新宁,1,1
邵阳新宁解放,2,1
邹城 期中,3,1
邹城五中新七年级分班考,3,1
邹城分班考,5,1
邹城实验中学高一上学期中英语试卷,1,1
邹城市,7,1
邹城市2025-2026学年高二上学期11月期中考试数学试题,5,1
邹城市八年级数学真题,1,1
邹城高一上学开学考数学试卷,1,1
邹城高一上学月物理学试卷,5,1
邹城高一上学月考数学试卷,5,1
邹城高一上学期中英语试卷,10,1
邹平一中集团新高一化学试题,2,1
邹平一中集团新高一数学试题,2,1
邹平一中集团新高一物理试题,4,1
邹平一中集团新高一英语试题,3,1
邹平一中集团新高一试题,3,1
邹平无听力,4,1
邹平梁邹实验初中八年级英语试题,4,1
邻水二中,1,1
郊联体高二下期末物理,1,1
郊联体高二下期末英语,1,1
郊连体,2,1
郎溪路小学,6,1
郑东新区外国语,6,1
郑州,3,1
郑州45中英语新初一分班考试卷,10,1
郑州47中,1,1
郑州一中 高一,1,1
郑州一中初升高竞赛数学,2,1
郑州七中,7,1
郑州中学,2,1
郑州九上开学测,9,1
郑州十九中八年级上册数学期末考试,1,1
郑州十二中,3,1
郑州外国语中学,3,1
郑州外国语中学期末考试卷子七年级,1,1
郑州外国语中学期末考试卷子七年级英语 2025-2026,7,1
郑州外国语学校2025至2026学年高一下学期期中试题历史,3,1
郑州小升初分班语文真题,3,1
郑州市 2024~2025 学年下学期期末考试高二化学试题卷,6,1
郑州市2024-2025学年下期期末考试高二化学试题卷,12,1
郑州市2024-2025学年下期期末考试高二物理试题卷,1,1
郑州市2024-2025学年下期期末考试高二生物试题卷,20,1
郑州市2025 2026学年下学期高一期末考数学试卷卷四,7,1
郑州市2025 2026学年下学期高一期末考试语文卷三,1,1
郑州市2025‑2026学年高一下学期期末质量监测历史,2,1
郑州市七下数学期末卷,16,1
郑州市二七区外国语中学东分,7,1
郑州市二七区外国语中学东分2025~2026,1,1
郑州市八年级上册期中考试各科试卷,11,1
郑州市六年级上册语文试卷,5,1
郑州市十九中,2,1
郑州市四十七中,7,1
郑州市桐柏一中,6,1
郑州市第47高级中学,5,1
郑州市第五高级中学,1,1
郑州市第六高级中学,2,1
郑州市第六高级中学高1分班考,4,1
郑州市第十一中学,2,1
郑州市第四中学,5,1
郑州必修二,1,1
郑州期中,3,1
郑州期末,7,1
郑州第一次月考,18,1
郑州第十一高级中学,4,1
郑州第四十七中,3,1
郑州经开区外国语,5,1
郑州重点高中新高一入学分班模拟卷,7,1
郑州高二上10月第一次月考,1,1
郑州高二上10月第一次月考数学,3,1
郑楼实验学校,4,1
郑良梅学校,6,1
郓城一中,2,1
郓城县2025.2026期末考试卷,6,1
郓城实验中学,3,1
郓城开学考,1,1
郡中学分班好开学化学,1,1
郡永,6,1
郧阳中学,2,1
郧阳中学数学,8,1
郧阳中学数学高二下,6,1
郧阳中学高二下学期数数学期末卷子,3,1
郧阳中学高二下学期物理期末卷子,1,1
郧阳区二中,1,1
郧阳区第二中学,4,1
部分区一模英语高三,1,1
部分区期中,1,1
部分区期末,10,1
部分区高三二模语文2024,9,1
部分酸碱盐的溶解性表20℃,3,1
部编版五年级上册语文教案,6,1
部编版六年级上册语文期中,1,1
部编版高一语文必修上册教材作文材料,4,1
郫县,3,1
郫都,8,1
郯城一中,5,1
郯城二中,1,1
郯城县第二中学,1,1
郯城县美澳学校,2,1
郯城县高二下学期期末日语,2,1
郴州一中2026年高一入学分班考数学,11,1
郴州一中高一入学分班考,22,1
郴州市2026七年级下数学期末卷,1,1
郴州市2026下数学期末卷,1,1
郴州市二中新高一入学考试,2,1
郴州市六中九年级上册第1次月考试卷,6,1
郴州市初二英语,1,1
郴州市北湖区2026七年级下数学期末卷,2,1
郴州市北湖区十八中学2026七年级下数学期末卷,1,1
郴州市十八中学2026七年级下数学期末卷,1,1
郴州市安仁县中考真题,12,1
郴州市宜章县思源实验学校英语小升初分班考,2,1
郴州市宜章县新生入学考数学,4,1
郴州市宜章县新生入学考语文,1,1
郴州市宜章县新生入学语文分班考,5,1
郴州市宜章县语文分班考,1,1
郴州市小升初英语分班考,1,1
郴州市永兴一中分班数学,2,1
郴州市永兴县树德中学七年级入学考试数学,1,1
郴州市第一中学分班卷,4,1
郴州市第二中学新高一入学考试,1,1
郴州市英语分班考,9,1
郴州市英语小升初分班考,5,1
郴州市语文分班考,2,1
郴州市语文小升初分班考,1,1
郴州高二期末数学2024,3,1
郸城一高物理期末,3,1
郸城一高高一化学,2,1
郸城一高高一化学上学期。,4,1
郸城中学分班考,3,1
郸城光明,2,1
郸城初中分班考,1,1
都匀一中,3,1
都是2026高三第一届教学第一次教学质量检测,16,1
郾城中学,2,1
郾城中学分班考试卷,2,1
郾城实验中学,4,1
鄂东南,3,1
鄂南高中自主招生,3,1
鄂南高中自主招生数学试卷答案,1,1
鄂尔多斯,10,1
鄂尔多斯1中,1,1
鄂尔多斯东胜区七上试卷,4,1
鄂尔多斯市三中,1,1
鄂尔多斯市第二中学,3,1
鄂州,1,1
鄂州小升初入学考试,1,1
鄂州小升初考试数学,1,1
鄄城一中高二上学期期中考英语,1,1
鄄城一中高二数学第二次月考试卷,4,1
鄄城三年级下册期末考试题目,4,1
鄄城三年级下册期末🏀考试题目,1,1
鄄城四年级上册期中考试,4,1
鄞州中学2025学年第一学期期中考试高一年级英语学科试题,1,1
鄞州区,10,1
鄞州区八年级上期末英语试卷,4,1
鄞州第二实验中学,2,1
鄞州第二实验中学2025年入选好试卷,1,1
酉阳县,37,1
配 速 法,5,1
配套精练历史,3,1
配套练习,4,1
配子不完全致死专题,7,1
配子不育和合子致死,8,1
配方法,8,1
酒泉2022年中考真题试卷,1,1
酬乐天扬州初逢席上见赠,5,1
酶和ATP,1,1
酶和ATP 细胞呼吸 光合作用 细胞代谢综合分析,1,1
酸 碱 盐,5,1
酸碱中和,2,1
酸碱中和反应图像,1,1
酸碱盐,9,1
重力弹力摩擦力,2,1
重力摩擦力弹力正交分解相关知识题,5,1
重力，弹力和摩擦力,1,1
重力，弹力和摩擦力的经典题型。,9,1
重叠延伸PCR,7,1
重外,2,1
重庆 南开中学,3,1
重庆 南开开学考,7,1
重庆 巴蜀8下物理,4,1
重庆 育才,9,1
重庆 高一上 七校联考 语文作文真题,1,1
重庆1八年级上数学开学考,1,1
重庆2023到2026高考历史题,2,1
重庆2025物理高考真题,3,1
重庆2025高中高一上数学必修一人教版凤鸣山中学月考试卷,4,1
重庆2025高考真题,1,1
重庆20265高考真题,1,1
重庆2026中考 物理,1,1
重庆2026八中,2,1
重庆2026届高三,1,1
重庆2026届高三一,2,1
重庆2026届高三第一次,1,1
重庆2026届高三第一次联合诊断,13,1
重庆2026年中考真题A卷,7,1
重庆2026年中考真题联招区卷,1,1
重庆2026物理真题,3,1
重庆2026物理真题中考,3,1
重庆2026语文真题中考,4,1
重庆8下期末物理,4,1
重庆一2026届高三,2,1
重庆一中 八下数学期末,2,1
重庆一中 双语20 26高二下期末,1,1
重庆一中2025高三上开学考试卷,12,1
重庆一中2027届高二期末生物,1,1
重庆一中2028届高一下期期末考试思想政治试题卷,4,1
重庆一中2028高一上,4,1
重庆一中8下期末数学,1,1
重庆一中8下物理,1,1
重庆一中三中八中巴蜀模拟高考,6,1
重庆一中上学期阶段性自主消化九年级数学试卷,1,1
重庆一中上学期阶段性自主消化九年级数学试卷四,4,1
重庆一中上学期阶段性自主消化数学试卷,1,1
重庆一中九上数学阶段性消化,2,1
重庆一中九上数学阶段性消化四试卷,8,1
重庆一中九上阶段性消化数学试卷,2,1
重庆一中九上阶段性自主消化数学试卷,3,1
重庆一中八下物理期末,2,1
重庆一中初一期末,2,1
重庆一中到20二八届高一下期期末考试思想政治试题卷,6,1
重庆一中化学,1,1
重庆一中化学开学考,1,1
重庆一中学高三上开学考试,9,1
重庆一中我8下期末数学,2,1
重庆一中物理八上,14,1
重庆一中生物期末高二,3,1
重庆一中高一,2,1
重庆一中高一上数学考试2028届,6,1
重庆一中高一上月考化学,6,1
重庆一中高一上月考化学2028届,3,1
重庆一中高一上月考数学,1,1
重庆一中高一上月考数学2028届,4,1
重庆一中高一上月考数学2028届解析,5,1
重庆一中高一上物理月考,13,1
重庆一中高一上英语,4,1
重庆一中高一下物理期末,2,1
重庆一中高一期末,1,1
重庆一中高一物理月考,1,1
重庆一中高三下,1,1
重庆一中高三下最后一卷,3,1
重庆一中高二上数学,5,1
重庆一中高二上数学周考,2,1
重庆一中高二上数学答案,1,1
重庆一中高二下物理10月月考,2,1
重庆一外8下期末数学,3,1
重庆一外8下期末英语,1,1
重庆一模,1,1
重庆七上,1,1
重庆七下英语,6,1
重庆七下英语暑假,1,1
重庆七年级上册数学第二单元试卷,11,1
重庆七校联考,2,1
重庆三中,2,1
重庆三中8下物理,1,1
重庆三中高三开学考,1,1
重庆三十七中,4,1
重庆三十七中学校初2025级2025-2026学年度12月,1,1
重庆三十七中学校初2025级2025-2026学年度12月英语测试,2,1
重庆三诊,1,1
重庆专题5新变动,2,1
重庆专题6记叙文阅读,1,1
重庆两江南开中学,6,1
重庆中考数学卷2020B卷,1,1
重庆中考物理,2,1
重庆中考语文试卷,5,1
重庆主城七校联考高一下数学期末,1,1
重庆主城四区高一下联考,2,1
重庆九上期中语文试题高难度,3,1
重庆九年级上学期期末,2,1
重庆九年级上学期阶段检测,10,1
重庆九年级上期中试卷,2,1
重庆九校数学,1,1
重庆九校高二下数学,1,1
重庆九龙坡八年级下期数学考试卷子答案,3,1
重庆九龙坡区八年级下期,3,1
重庆二十九中,11,1
重庆二外,1,1
重庆二年级下学期升学模考,4,1
重庆二年级下学期期末,6,1
重庆二年级语文试卷,1,1
重庆云阳县八年级期末考试,7,1
重庆八上物理,6,1
重庆八中2025 2026高一上化学,5,1
重庆八中2025-2026初一上期末语文,5,1
重庆八中2025-2026学年度（下）期末考试高二年级物理试题）,1,1
重庆八中2025~20269下二模,1,1
重庆八中2025~2026二模,1,1
重庆八中2025~2026二模英语,1,1
重庆八中2025年到2026年高二下数学期末试卷,1,1
重庆八中2025至2026学年度上高一年级二月月考,15,1
重庆八中8下期末数学,2,1
重庆八中七上,4,1
重庆八中七上英语,7,1
重庆八中九上月考,7,1
重庆八中九年级上期开学考语文,1,1
重庆八中入学,6,1
重庆八中八上数学,6,1
重庆八中八上数学期中,2,1
重庆八中八上数学期末,2,1
重庆八中八上物理,7,1
重庆八中八下期中,4,1
重庆八中八下期中英语,2,1
重庆八中八下期末,2,1
重庆八中八下期末数学,3,1
重庆八中八年级物理期末试卷,4,1
重庆八中化学,3,1
重庆八中化学模拟题,1,1
重庆八中化学高三模拟题,5,1
重庆八中学高三上开学考试,4,1
重庆八中开学考数学,1,1
重庆八中期末,1,1
重庆八中期末英语,1,1
重庆八中期末英语初一上,3,1
重庆八中期末试卷,1,1
重庆八中渝北校区,1,1
重庆八中物理期末试卷,1,1
重庆八中英语高中,2,1
重庆八中高一上数学周考,6,1
重庆八中高一上月考,1,1
重庆八中高一上月考数学,1,1
重庆八中高一上月考数学2028届,3,1
重庆八中高一上物理,8,1
重庆八中高一下册开学考试,2,1
重庆八中高一期末,2,1
重庆八中高一期末数学,3,1
重庆八中高一第1次月考化学,2,1
重庆八中高一（上）化学,52,1
重庆八中高一（上）化学学月考试,6,1
重庆八中高三上开学考,6,1
重庆八中高三开学考,1,1
重庆八中高三开学考生物,3,1
重庆八中高二上学期,2,1
重庆八中高二上学期开学考试,1,1
重庆八中高二上开学数学,6,1
重庆八中高二上开学考试,3,1
重庆八中高二下英语定时训练6,4,1
重庆八中高二化学,11,1
重庆八中高二开学数学,1,1
重庆八中高二开学考试,6,1
重庆八八下期末,1,1
重庆八年级上数学开学考,9,1
重庆八年级下学期期末,2,1
重庆八高,2,1
重庆八高2028级,5,1
重庆初三化学,4,1
重庆北碚区西南大学附属中学校初二下数学期中,8,1
重庆北碚区西南大学附属中学校初二下物理期中,10,1
重庆十八中,42,1
重庆十八中两江实验,3,1
重庆十八中高二下期末,1,1
重庆升学模考,1,1
重庆南岸区2022一2023下学初二期数学,1,1
重庆南岸区2022一2023下学期初二数学,1,1
重庆南岸区2022一2023下学期数学,2,1
重庆南开8下数学,2,1
重庆南开8下英语,1,1
重庆南开一模,1,1
重庆南开七上英语,10,1
重庆南开七下英语,1,1
重庆南开七年级数学期末试卷,2,1
重庆南开中学八上数学,9,1
重庆南开中学八上物理,9,1
重庆南开中学数学2025年初三一模试卷,5,1
重庆南开中学期初,1,1
重庆南开中学高三,1,1
重庆南开中学高三上,1,1
重庆南开中学高三上开学考试,9,1
重庆南开中学高三开学考,5,1
重庆南开中学高二下,5,1
重庆南开八年级数学期末试卷,1,1
重庆南开八年级物理期末试卷,10,1
重庆南开学校8下数学,1,1
重庆南开学校8下英语,1,1
重庆南开开学,21,1
重庆南开开学考,12,1
重庆南开开学联考,1,1
重庆南开数学模拟,2,1
重庆南开联考,6,1
重庆南开联考八月历史,3,1
重庆南开高三开学考,1,1
重庆南开高三开学联考,1,1
重庆南开高三生物月考,1,1
重庆南开高三英语,4,1
重庆南开高三英语卷,2,1
重庆南开高二化学,23,1
重庆南开高二物理,11,1
重庆卷高考,2,1
重庆名校2026到2027学年英语综合测试卷一,1,1
重庆名校联盟,2,1
重庆名校高三总含复习试卷,2,1
重庆外国语学校8下英语,3,1
重庆外国语学校8下英语期末考试,3,1
重庆外语8下期末英语,3,1
重庆外语8下英语,1,1
重庆大足中学,5,1
重庆大足中学开学考,3,1
重庆宏八,1,1
重庆宏八八年级上期英语,2,1
重庆实验外国语学校九下二,40,1
重庆实验外国语学校九下二模,1,1
重庆实验外国语学校数学分班试卷,11,1
重庆小升初分班考数学,1,1
重庆小升初数学,9,1
重庆川外附中八上物理期末,1,1
重庆巴南阶段检测,1,1
重庆巴蜀8下期末物理,2,1
重庆巴蜀七上英语,1,1
重庆巴蜀中学选拔考试题,8,1
重庆巴蜀五十七中高二上学期,8,1
重庆巴蜀化学,10,1
重庆巴蜀学校高三月考英语,3,1
重庆巴蜀桂花园高二上学期,1,1
重庆巴蜀高三上开学考试,5,1
重庆巴蜀高三数学,2,1
重庆巴蜀高三英语,3,1
重庆巴蜀高二上学期,5,1
重庆市2020高二期末,17,1
重庆市2025-2026学年高一上学期期末模拟英语,1,1
重庆市2025-2026学年高一上学期期末考试英语试题,4,1
重庆市2025-2026学年高一下学期7月 期末物理试题,1,1
重庆市2025-2026学年高二下学期7月 期末物理试题,3,1
重庆市2026中考数学,1,1
重庆市2026年全国高考物理二卷,4,1
重庆市2026年全国高考英语二卷,1,1
重庆市2026年初中学业水平考试,1,1
重庆市2026年康德卷数学，高一上,4,1
重庆市2026年康德卷物理，高一上,1,1
重庆市2026年高一下数学试题,1,1
重庆市2026年高一末康德卷,3,1
重庆市一中,1,1
重庆市七中初二期末英语,1,1
重庆市七校联盟2026届,3,1
重庆市七校联盟开学考,11,1
重庆市两江新区2026年适应性考试,6,1
重庆市中考,3,1
重庆市中考初中,1,1
重庆市中考初中英语,1,1
重庆市九龙坡,3,1
重庆市九龙坡区,12,1
重庆市九龙坡区2025 2026学年八年级下学期期末学业质量测评,2,1
重庆市九龙坡区高一教育质量全面监测 改编,4,1
重庆市云阳县初二试卷数学,1,1
重庆市兼善中学,1,1
重庆市兼善中学高二,1,1
重庆市初一数学,3,1
重庆市十八中,1,1
重庆市南川区2026年春季期期末八年级学业质量监测测试题数学,1,1
重庆市南川区2026年春季期期末八年级学业质量监测测试题物理,6,1
重庆市南川区2026年春季期期末八年级学业质量监测测试题英语,1,1
重庆市南川区2026年春季期期末八年级学业质量监测测试题语文,1,1
重庆市南开中学2025届个高三上学期9月开学联考数学试题,18,1
重庆市南开中学化学,1,1
重庆市南开中学数学8下,1,1
重庆市南开中学校2025-2026高三上学期开学考生物试卷,1,1
重庆市南开中学英语,4,1
重庆市南开中学英语期末,4,1
重庆市南开中学高2026届高三年级5月质量检测物理试题,1,1
重庆市南开中学高2026届高三第一次质量检测生物试题,14,1
重庆市南开高一期末,8,1
重庆市名校联盟高二上期中,3,1
重庆市复旦中学,10,1
重庆市大渡口七年级下册期末试卷,1,1
重庆市大足区城西中学,1,1
重庆市大足区大足中学 初中考试分班,2,1
重庆市巴南区八下物理,1,1
重庆市巴南区小学五下数学期未卷,1,1
重庆市巴蜀中学2025到2026学年高二下学期五月期中语文试题,3,1
重庆市巴蜀中学教育集团 2026 届高二下期末考试数学试题,13,1
重庆市巴蜀中学教育集团高二2026借高二下学期期末考试数学。,9,1
重庆市巴蜀中学校2026届高三5月模拟考试数学试题,3,1
重庆市巴蜀中学高一上学期期中数学试题,4,1
重庆市巴蜀中学高二上学期适应性考试,3,1
重庆市巴蜀中学高二适应性考试,1,1
重庆市开州中学,4,1
重庆市朝阳中学校,7,1
重庆市杨家坪中学高二上学期物理,3,1
重庆市永川北山中学校,6,1
重庆市永川区2025-2026学年九年级下学期质量监测数学试卷,11,1
重庆市永川区凤凰湖中小学,1,1
重庆市江津8下数学,16,1
重庆市江津一中,1,1
重庆市江津五校联考,10,1
重庆市渝北,3,1
重庆市渝北中学,9,1
重庆市礼嘉中学,4,1
重庆市秀山,3,1
重庆市第一中2025-2026高三上学期开学考生物试卷,6,1
重庆市第一中2025-2026高二下学期7月期末生物试卷,1,1
重庆市第一中学校2025 2026学年高三下学期5月阶段检测物理试题,1,1
重庆市第一中学高二上物理,6,1
重庆市第一中学高二上物理10月月考,7,1
重庆市第一中学高二下物理10月月考,1,1
重庆市第七中学,1,1
重庆市第八中8下英语,2,1
重庆市第八中学校 2026届高三下学期开学考试试卷,2,1
重庆市第八中学校 2026届高二上学期开学考试试卷,1,1
重庆市第八中学校英才竞赛,3,1
重庆市第八中学高二上物理,2,1
重庆市第十八中,1,1
重庆市第南开中学高二上物理,2,1
重庆市第巴蜀中学高二上物理,2,1
重庆市育才中学8下,3,1
重庆市育才中学8下期末,3,1
重庆市育才中学8下期末数学,2,1
重庆市育才中学高二526届高三上一诊复习四,2,1
重庆市育才中学高二上,2,1
重庆市育才中学高二上数学期中,1,1
重庆市育才中学高二上期中数学,3,1
重庆市西南大学附属中学,3,1
重庆市西南大学附属中学中学高二上物理,3,1
重庆市西南大学附属中学高一下期末物理,2,1
重庆市西南大学附属中学高二上期中,12,1
重庆市长寿中学,2,1
重庆市长寿区2025初3 指标到校考试历史,2,1
重庆市长寿区2025初3 指标到校考试数学,1,1
重庆市长寿区2025指标到校考试数学,1,1
重庆市长寿区长中期末化学试卷,5,1
重庆市高2025届高三第一次质量检测物理试题,10,1
重庆市高2026届高三第五次,4,1
重庆市高2026届高三第五次诊断,4,1
重庆市高一上学期期末模拟卷英语,3,1
重庆市高二025届高三第一次质量检测物理试题,3,1
重庆市高二025届高三第一次质量检测物理试题命审单位 重庆南开中学,3,1
重庆市高二上学期期末物理试题,10,1
重庆市高新区大学城第一中学校,2,1
重庆康德三诊,1,1
重庆康德卷政治高一下册,1,1
重庆康德卷政治高一下册2026,7,1
重庆康德高二下期末考试,1,1
重庆强基,1,1
重庆散文游记专练,11,1
重庆数学二诊,2,1
重庆新东方,2,1
重庆杨家坪中学九年级三模,4,1
重庆江八下期末试卷,2,1
重庆江津2023-2024,1,1
重庆江津2023-2024八年级,6,1
重庆沙坪坝八中,1,1
重庆渝中区初三数学中考题,5,1
重庆渝中区数学中考题,1,1
重庆渝八,1,1
重庆渝北八中,1,1
重庆渝北八中九年级上期开学考物理,5,1
重庆渝北八中九年级上期开学考语文,2,1
重庆渝北八中九年级上期期中考数学,2,1
重庆渝北八中八年级下期期末考数学,3,1
重庆渝北八中八年级期末考物理,2,1
重庆璧中,1,1
重庆真题,1,1
重庆科学城西永中学校,4,1
重庆第11中学高一下数学,1,1
重庆第一中,1,1
重庆第一中学八上,1,1
重庆第一中学八上数学,3,1
重庆第一中学八上物理,6,1
重庆第一中学高一上数学,3,1
重庆第一中学高一数学,2,1
重庆第一中学高三月考,1,1
重庆第一中学高二下期末物理,1,1
重庆第一外国语学校,1,1
重庆第一次南开联考,10,1
重庆第二外国语,3,1
重庆第二外国语学校,10,1
重庆第二外语学校,1,1
重庆第八中学校 期末,1,1
重庆育才中学8上,3,1
重庆育才中学8下物理期末,1,1
重庆育才中学九上数学第七次自主作业,3,1
重庆育才中学八上数学,2,1
重庆育才中学八上数学期末,2,1
重庆育才九上英语,14,1
重庆育才期中,9,1
重庆育才高考化学复习卷,5,1
重庆融侨南开中学,8,1
重庆西南医,1,1
重庆西南大学附属中学2024-2025校初二上期末物理,8,1
重庆西南大学附属中学八上数学,3,1
重庆西南大学附属中学八上数学期末,1,1
重庆西南大学附属中学八上物理,4,1
重庆西南大学附属中学八上物理期末,4,1
重庆西附英语高中,3,1
重庆西附高三上开学考试,2,1
重庆重难点10,2,1
重庆高一上化学10月月考,5,1
重庆高一上学期期末,1,1
重庆高一上学期第一次月考数学,1,1
重庆高一上数学,3,1
重庆高一上数学半期考试,3,1
重庆高一上期末物理,3,1
重庆高一上物理,1,1
重庆高一上物理月考,4,1
重庆高一下物理期末考试,4,1
重庆高一化学,1,1
重庆高一数学,6,1
重庆高一物理试卷,5,1
重庆高三上学期阶段检测,2,1
重庆高三上开学,8,1
重庆高三上开学考试,15,1
重庆高三上开学西北狼,4,1
重庆高三下学期期末,3,1
重庆高三下英语开学考,4,1
重庆高三下英语语法填空,1,1
重庆高三开学考,11,1
重庆高三英语卷,1,1
重庆高中英语培优,2,1
重庆高二下学期期末,1,1
重庆高二下巴蜀英语,1,1
重庆高二开学数学,9,1
重庆高二英语免费,3,1
重庆高考 2026高考真题,1,1
重庆高考化学复习卷,2,1
重庆高考卷,1,1
重庆高考生物卷,1,1
重点中学中考数学,5,1
重点招生考试,3,1
重点速记考点聚焦学以致用,8,1
重点高中提前招生备考指南,12,1
重组PCR,1,1
重难点,27,1
重难点013角形中，七大角度模型。,2,1
重难点06动量,13,1
重难点07,1,1
重难点08,6,1
重难点专训02 函数性质的综合应用（单调性+奇偶性+周期性+对称性综合）（专项训练）（北京专用）2027年高考数学一轮复习讲练测,5,1
重难点培优,10,1
重难点培优02,3,1
重难点培优03,2,1
重难点培优04,1,1
重难点培优04圆锥,3,1
重难点培优06,1,1
重难点培优06 二级结论,2,1
重难点手册,3,1
重难点高中英语十一选十,1,1
野寨开学考,4,1
量子中学2024—2025春期期末考试英语,1,1
量程,3,1
量词,1,1
金,1,1
金 华 1 0 校,1,1
金 华 十校 2 0 2 6 年 高一期末,1,1
金 华 十校 2 0 25高三,1,1
金 考卷 2025 版 45 套普高高等学校招生全国统一考试II卷,3,1
金 考卷 2026 版 45 套英语,1,1
金 考卷 2026 版 45 套语文,3,1
金 考卷 2027 版 45 套,6,1
金三练,1,1
金中仙林,2,1
金丽 衢高三化学,3,1
金丽衢,1,1
金丽衢十二校2023学年高三第一次联考,3,1
金丽衢十二校2025学年高三第一次联考,1,1
金乡县八年级下册期末,3,1
金乡县初二数学,1,1
金乡县初二物理,13,1
金兰,2,1
金典同步练9年级物理上册,7,1
金华,3,1
金华七校第二学期期末考试高一物理试题卷,1,1
金华义乌市绍兴柯桥区2026年5月浙江省普通高中适应性考试。,3,1
金华十校2024 2025物理高一期末,3,1
金华十校2024-2025学年第一学期期末调研考试高一化学试题卷,3,1
金华十校2024-2025学年第二学期期末调研考试语文,15,1
金华十校2024-2025学年第二学期期末调研考试高二英语试题卷,19,1
金华十校2024高一语文,2,1
金华十校2025~2026学年地理高二,5,1
金华十校2025年11月,1,1
金华十校2025高三英语,3,1
金华十校模拟2025语文高三,2,1
金华十校物理,1,1
金华十校高一,1,1
金华十校高三语文试题期末,2,1
金华卷,9,1
金华小升初数学分班,3,1
金华小升初科学,1,1
金华市,8,1
金华市中考,9,1
金华市丽泽中学,4,1
金华市模拟2025语文高三,2,1
金华市金东区小升初试卷,1,1
金华时效2024 2025物理高一期末,1,1
金华模拟2025,1,1
金华模拟2025语文,3,1
金华模拟2025语文高三,3,1
金卷2026版高考真题卷,1,1
金卷2026版高考考卷,1,1
金台区,7,1
金园实验中学,5,1
金坛八上,3,1
金坛八上月考,5,1
金坛八上限时,2,1
金坛区第一中学,5,1
金堂县六年级上册语文,5,1
金塔,1,1
金太阳 26‑35B 河北 高二英语 选择性必修一,2,1
金太阳2025高一三月联考,1,1
金太阳2026河北省高一,2,1
金太阳九年级数学单元测,3,1
金太阳云南,5,1
金太阳导学案,2,1
金太阳教育，试卷编码26-1001C（GS甘肃专用）,3,1
金太阳新考案,4,1
金太阳最后一卷,3,1
金太阳期末,1,1
金太阳联考2025到2026年江西,2,1
金太阳联考2025到2026年江西高二,11,1
金太阳联考江西高二,1,1
金太阳高一下,12,1
金太阳高二上第一次月考,2,1
金太阳黑吉辽蒙9月开学考,15,1
金字塔,7,1
金学案,1,1
金属,11,1
金属与酸反应图像分析及计算,17,1
金属及其化合物2026一轮,5,1
金属及其化合物方程式,13,1
金属的腐蚀与防护,1,1
金山中学潮州市,4,1
金山区数学一模,1,1
金山高三,1,1
金山高三二模,4,1
金州高级中学,5,1
金斯伯格,1,1
金斯伯格作文,1,1
金斯伯格作文素材,1,1
金易金卷,12,1
金星,1,1
金普新区,8,1
金桥,1,1
金桥外国语,13,1
金榜卷,1,1
金榜新学案,1,1
金水外国语,2,1
金沙中学,2,1
金沙县,1,1
金沙县实验高级中学,6,1
金沙高级中学,2,1
金海岸中学八上开学考,5,1
金海英语,2,1
金港实验小学,1,1
金燕,2,1
金版,1,1
金版学案,2,1
金版教学生物学2027版,1,1
金版教程 2027高考一轮复习,1,1
金版教程 2027高考一轮复习英语,2,1
金版教程2027数学,3,1
金版教程2027数学答案,3,1
金版教程·高考语文一轮总复习（解决方案）,5,1
金版新学案,8,1
金版新学案 2026高三物理大一轮复习 广东专版,1,1
金版新学案 2027高考一轮复习 数学,1,1
金版新学案数学,6,1
金牌夺冠,6,1
金牌每课通,11,1
金牛区2024小升初语文/数学、二十中花照分班考,9,1
金牛区八下数学期末试卷,6,1
金牛区八年级下册物理期末试卷,5,1
金砖,2,1
金砖联盟,1,1
金科大联考,8,1
金科大联考2026届高三英语11月,1,1
金箔金,1,1
金考卷 2026 版数学,3,1
金考卷45套,1,1
金考卷·活页题选 名师名题单元双测卷神经调节B版,4,1
金考卷·活页题选 名师名题单元双测卷练习册神经调节B版,1,1
金考卷一模,1,1
金考卷一模语文,2,1
金考卷一模语文南京市 盐城市,2,1
金考卷单元双侧,1,1
金考卷单元测试卷,1,1
金考卷单元测试卷选必1化学人教版,10,1
金考卷单元测试卷选必1化学第一章物质及其变化,3,1
金考卷单元测试卷选必1数学人教版,2,1
金考卷高中物理必修三,1,1
金试卷,1,1
金钥匙科技竞赛小学组真题,1,1
金门,3,1
金陵中学河西分校,2,1
金陵中学高一数学期末,1,1
金陵中学高三9月物理素质检测试卷,1,1
金陵中学高三第一次物理素质检测试卷,6,1
金陵河西小升初试卷,4,1
钓鱼卷,2,1
钓鱼的医生,1,1
钙离子,1,1
钝角三角形,2,1
钝角三角形的高怎么做,3,1
钟公庙学校,5,1
钟吾初中,8,1
钟某人,2,1
钟祥一中,4,1
钠一轮复习,3,1
钠的性质,1,1
钠铁氯,6,1
钦州三中入学考试,13,1
钦州市,1,1
钦州市 高二下期末,16,1
钦州市高二上数学,1,1
钦州市高二上月考,1,1
钦州市高二上月考数学,1,1
钦州市高二上期末,3,1
钦州高一物理上期末,5,1
钱塘永真初中九年级测试卷,3,1
钱塘永真初中九年级测试卷英语,8,1
钱塘湖春行,3,1
钱塘甬真英语情景剧,3,1
铁一中 高二下期末,1,1
铁一中期末考试化学题,1,1
铁中,1,1
铁中入学考试,1,1
铁人,4,1
铁人中学,6,1
铁人中学分班,2,1
铁人入学考试,9,1
铁人高中入学考试,4,1
铁及其化合物,2,1
铁及其化合物课后习题,4,1
铁及其重要化合物,1,1
铁及其重要化合物计算,3,1
铁岭县莲花中学,6,1
铁岭市高级中学,5,1
铁岭市高级中学9月,3,1
铁英外国语学校,9,1
铜仁一中2026自主招生数学,1,1
铜仁市2026 7月份质量监测,13,1
铜仁市2026年7月高二数学测试,3,1
铜仁市2026高三适应性考试,1,1
铜仁市2026高三适应性考试1生物,3,1
铜仁市高三3月模拟考试地理,6,1
铜仁第一中学,1,1
铜山一中高一9月份月考,1,1
铜山区第一中学,1,1
铜山区第一中学上月考,6,1
铜川,4,1
铜梁中学,5,1
铜陵一中,3,1
铜陵一中实验班选拔考试试题,1,1
铜陵中学,1,1
铜陵十五中,5,1
铜陵市分班考试,1,1
铜陵市实验中学,1,1
铜陵市第一中学,1,1
铜陵市第三中学,1,1
铜陵市第十中学,3,1
铝及其重要化合物,1,1
银川一中2025新高一分班考试，有完整英语、语文、数学真题,5,1
银川一中物理试卷高一,1,1
银川一中生物高一下,1,1
银川一中第一次月考生物,1,1
银川一中高三上学期物理,5,1
银川一中高三第一次月考数学,6,1
银川一中高三第一次月考生物,4,1
银川一中高三第一次月考英语,8,1
银川三十一中,2,1
银川六盘高级中学,1,1
银川北塔中学,4,1
银川外国语,3,1
银川外国语实验学校2023至2024学年第二学期阶段性检测初二数学试卷,5,1
银川市、石嘴山市 2026年高三年级质量检测,4,1
银川市唐徕中学2023~2024学年第二学期期末考试。试卷及答案,25,1
银川市唐徕中学南校区2023~2024学年度第二学期期末考试初一数学试卷试卷及答案,6,1
银川市唐徕中学南校区2023~2024学年第二学期期末考试试卷及答案,10,1
银川市唐徕中学西校区,9,1
银川市新庆区第十七小学,5,1
银川景博学校2022~2023年第二学期7年级期末试卷及答案,4,1
银川阅海湾高级中学,1,1
银帆学校升学考,6,1
链接：https://m.zxxk.com/soft/57948229.html,1,1
销售问题,4,1
锐角三角 函数025一轮专题大题,10,1
锐角三角比,1,1
锐角的三角比,2,1
错中求解,5,1
错别字 1000个练习,4,1
错题,5,1
错题整理,2,1
错题本,3,1
锡中,2,1
锡山高级中学,4,1
锦山二中,1,1
锦山二中九年级,1,1
锦山蒙古族中学,4,1
锦山蒙古族中学九年级,1,1
锦山镇第二中学九年级,1,1
锦州2024～2025九上期末数学试卷,1,1
锦州三下,15,1
锦州中学2025年高一上月考,9,1
锦州中学2025高一上期末,2,1
锦州中学2026届高二年级10月份学情检测化学试卷,3,1
锦州市第四中学2025－2026九上月考卷,14,1
锦江区一诊语文,5,1
锦江区九年级上期末数学试卷,2,1
锦江嘉祥,6,1
锦江师一,2,1
镇中,1,1
镇安县五年级 下册语文期末测试卷,7,1
镇江2026中考,1,1
镇江七年级均衡分班,5,1
镇江七年级均衡调研分班,2,1
镇江中考 数学,1,1
镇江中考2025化学,1,1
镇江中考2026化学,3,1
镇江中考2026数学,9,1
镇江中考化学卷,1,1
镇江会考,1,1
镇江八上期末数学,5,1
镇江八下期末数学,1,1
镇江化学2026,6,1
镇江化学2026期中！,9,1
镇江化学2026期初,1,1
镇江化学卷,1,1
镇江外国语,3,1
镇江外国语学校,1,1
镇江外国语学校九上,1,1
镇江外国语学校九上物理,10,1
镇江市2026年高二数学期末考试,1,1
镇江市京口区,7,1
镇江市京口区7年级新生入学考试摸底,1,1
镇江市京口区初一入学语文考试,1,1
镇江市实验高级中学高二期中,1,1
镇江市扬中第二高级中学高一下数学期,13,1
镇江市第一中学,4,1
镇江市第三中学,2,1
镇江市第三中学入学考试,2,1
镇江生物,1,1
镇江高一上数学月考第一次,1,1
镇江高一下学期期末物理,1,1
镇海 026高三二模,2,1
镇海2025第二学年期末高二数学,1,1
镇海中学 2025 2026 高一下期末 数学,5,1
镇海中学 2026 年,5,1
镇海中学初中分班考,4,1
镇海中学台州分校,1,1
镇海中学蛟川,20,1
镇海中学通用技术,10,1
镇海中学高一下期末数学,3,1
镇海中学高一分班考物理,1,1
镇海中学高三开学考,6,1
镇海中学高二下期末,1,1
镇海区立人中学期中试卷,2,1
镇海数学零模,1,1
镇海高三,10,1
长乐,12,1
长乐2024-2025英语八上期中,2,1
长乐一中九年级上册,5,1
长乐一中九年级上册第一次月考数学2025-2026,7,1
长兴中学往年创新班选拔真题,1,1
长句子分析,2,1
长坝中学,1,1
长垣,8,1
长垣银河,2,1
长外,1,1
长宁区,8,1
长宁区一模,3,1
长安一中高一上月考,5,1
长安一中高一月考,4,1
长安一中高一期末,1,1
长安一中高二月考,1,1
长安一中高二期末,2,1
长安区一模,2,1
长寿中学,6,1
长寿区六年级数学期末,1,1
长岭县,6,1
长方体正方体专项,5,1
长春2025-2026九上数学,6,1
长春25-26九上,1,1
长春25年中考语文真题,10,1
长春26年语文中考真题,8,1
长春一模,2,1
长春东北师范大学附属中学,1,1
长春东北师范大学附属中学明珠,9,1
长春中考1600词,1,1
长春中考2026,1,1
长春中考地生,1,1
长春二中,2,1
长春六下数学,3,1
长春分班考试,4,1
长春力旺七下期末英语,1,1
长春力旺八上期中,1,1
长春力旺八年级上期中物理试卷,3,1
长春力旺小学四年级上期末数学试卷,1,1
长春十一高高一上学期期末数学,1,1
长春外国语南关净月学校20252026学年第一学期第一次月考初一年级数学试卷,49,1
长春外国语学校20252026学年第一学期第一次月考初一年级数学试卷,2,1
长春小升初,9,1
长春市2025‑2026学年第二学期高二期末质量检测 文科 语文｜文科数学｜英语｜思想政治｜历史｜地理,10,1
长春市2026高三质量检测,12,1
长春市中考数学24题,1,1
长春市中考数学24题函数压轴,1,1
长春市今年期中考试卷52中,1,1
长春市今年期末考试卷,1,1
长春市今年期末考试卷52中,1,1
长春市八下期末数学,4,1
长春市六年级上册北师大数学期末考试卷,14,1
长春市六年级上册北师大数学期末考试题,7,1
长春市六年级上册语文期中考试题,3,1
长春市十一高中高一上学期期末数学,2,1
长春市去年期末考试卷,4,1
长春市实验中学,1,1
长春市朝阳区希望中学,1,1
长春市汽开区六中,13,1
长春市第二中学2026年高二下,11,1
长春市第二中学高二上期末,6,1
长春市第八中学,16,1
长春市第六十八中学单元测试卷,8,1
长春市经开区八年级上学期数学期中考试,3,1
长春市经开区数学期初考试卷,10,1
长春市高三一模,3,1
长春师大附中25-26九上,1,1
长春师大附中25-26八下,1,1
长春数学一模,4,1
长春本地华东师大版九年级上册新版，月考卷,5,1
长春汽车经济技术开发区第二实验学校,5,1
长春绿园区九上期末,1,1
长春绿园区九上期末数学,1,1
长春绿园区期末,1,1
长春长沈路,1,1
长春高一下期中物理,4,1
长春高一下期末物理,3,1
长春高一下期末英语,2,1
长春高三一模,4,1
长春高二上物理月考卷子,1,1
长水,4,1
长汀一中,6,1
长汀一中 英才中学,1,1
长汀一中 英才中学 生物,1,1
长汀六年级毕业考,1,1
长汀毕业考,6,1
长汀高一上期中考,2,1
长汀高一期中考,2,1
长沈路,1,1
长沙,7,1
长沙 025四大名校7年级下,1,1
长沙 025四大名校初一数学,4,1
长沙 025四大名校初一毕业数学,3,1
长沙 10月 长郡 2025 2026月考卷,5,1
长沙2025年秋季七年级第一次错题回练,9,1
长沙2025长郡分班考卷子,3,1
长沙9年级上册化学期中试卷,8,1
长沙一中,1,1
长沙一中2023—2024高一入学,1,1
长沙一中2023高一入学,1,1
长沙一中2024 2025学年高一上学期入学考试数学,4,1
长沙一中2025~2026高二下学期,1,1
长沙一中2025~2026高二下学期期末考试,9,1
长沙中考2026,1,1
长沙九年级数学二次函数压轴,5,1
长沙九年级数学二次函数综合题,1,1
长沙九年级物理期末考试,8,1
长沙八下数学,7,1
长沙分班考,3,1
长沙分班考试卷,2,1
长沙县,4,1
长沙县新高一化学试卷入学考试,1,1
长沙县第一中学新高一入学测试,5,1
长沙县高一,14,1
长沙县高一化学试卷,1,1
长沙县麓山昌济,3,1
长沙周南梅溪湖高一入学考数学,2,1
长沙四大名校九上物理期中,4,1
长沙四大名校提前招生初升高,7,1
长沙四大名校生物高二下学期期末考试,7,1
长沙大学附属中学2026届高三全真模拟是考试生物,4,1
长沙大学附属中学往年高一开学分班考试卷,1,1
长沙小学三年级下数学期末考试卷,5,1
长沙市 高一上新生入学考试 语文数学英语物理,5,1
长沙市 高一新生入学考试 语文数学英语物理,9,1
长沙市2025-2026学年八年级下学期期末考试数学试卷,1,1
长沙市2025‑2026高一下学期期末统考历史,2,1
长沙市2026中考物理试卷,1,1
长沙市2026年长郡七年级下册期末语文试卷,4,1
长沙市2026年高三年级模拟考试,2,1
长沙市一中2024,2,1
长沙市一中2026年新高一入学,1,1
长沙市一中分班考,8,1
长沙市一中生物高二下学期期末考试,4,1
长沙市一中高一上期中考试数学,6,1
长沙市一中高一开学考,1,1
长沙市一中高一新生入学考分班摸底试卷2025到2026年化学,4,1
长沙市一模试卷,9,1
长沙市中南博才高级中学高一学业水平测试地理试题,3,1
长沙市中考数学答题卡,1,1
长沙市九上数学第一次月考,7,1
长沙市六中,1,1
长沙市初二英语,20,1
长沙市十一中开学考数学,1,1
长沙市十一中新高一上开学考数学,8,1
长沙市十一中高一开学考数学,3,1
长沙市南雅梅溪湖中学,5,1
长沙市周南中学2025新高一入学,6,1
长沙市周南中学2026届高三仿真演练数学卷,3,1
长沙市地质中学2025分班考卷子,4,1
长沙市师大附中,1,1
长沙市数学必修一第一次月考,2,1
长沙市数学高一第一次月考,3,1
长沙市明德高一分班考试,4,1
长沙市望城区六年级下学期期末试卷,1,1
长沙市稻田中学新高一分班考,6,1
长沙市第一中学2025~2026高二下学期期末考试,2,1
长沙市第一中学2025高一第一学期入学分班考试,21,1
长沙市第一中学2026届高三一模生物考试,3,1
长沙市第一中学高一期末,3,1
长沙市第一中学高二数学期末,2,1
长沙市第一中学高二语文,6,1
长沙市第十一中学入学,2,1
长沙市耀华物理试卷,3,1
长沙市长群中学2026年高一期末,7,1
长沙市长郡中学高一上期中数学,5,1
长沙市长郡中学高一上第一次数学,8,1
长沙市长郡中学高一上第一次月考数学,1,1
长沙市长郡集团联考2024年秋季八年级期中限时检测试卷物理,8,1
长沙市雅礼15中新高一入学考试试卷,3,1
长沙市雅礼集团2025到2026年高一上学期入学考试物理试题,4,1
长沙市雨花区2025至2026学年高一下学期物理,12,1
长沙市雨花区七上历史,4,1
长沙市雨花区八上历史,3,1
长沙市雷锋学校,2,1
长沙市雷锋学校 新高一新生分班考试,2,1
长沙市高一上期中考试数学,4,1
长沙市高一上第一次月考数学,7,1
长沙市高一入学分班考试卷,2,1
长沙市高一入学分班考试卷'历史,1,1
长沙市高一入学分班考试卷'历史十一中,1,1
长沙市高一入学分班考试卷'数学,5,1
长沙市高一分班考试卷,1,1
长沙市高一英语期末,1,1
长沙市麓山滨江,5,1
长沙市麓谷高级中学,2,1
长沙师大附中入学考试,1,1
长沙师大附中新高一入学考试,3,1
长沙师大附中星城八上期中,3,1
长沙师大附中本部八上开学考,3,1
长沙师大附中梅溪湖,2,1
长沙师大附中梅溪湖入学考,2,1
长沙开学卷,3,1
长沙开学考,3,1
长沙弘文,2,1
长沙弘毅,1,1
长沙弘益高一入学,3,1
长沙弘高一入学,1,1
长沙怡海中学,1,1
长沙怡海中学小升初,3,1
长沙新高一入学测,2,1
长沙新高一入学测试卷,3,1
长沙明德,9,1
长沙期末九年级物理,6,1
长沙浏阳二中,4,1
长沙浏阳二中分班卷,3,1
长沙物理,1,1
长沙物理25分班考,5,1
长沙第一中学,1,1
长沙过贾宜宅,1,1
长沙过贾谊宅,2,1
长沙长郡中学2025~2026入学分班考试,3,1
长沙长郡八下数学,1,1
长沙长郡高一入学考数学,1,1
长沙雅礼中学高一上学期入学考试试卷,8,1
长沙雅礼中学高一下学期2026期末英语试卷听力,2,1
长沙雅礼八下数学,1,1
长沙雅礼教育集团高三数学,2,1
长沙雅礼教育集团高考,1,1
长沙雅礼教育集团高考数学,1,1
长沙雅礼系往年高一入学分班考试卷,1,1
长沙雅礼系往年高一入学分班考试卷数学,6,1
长沙雅礼系往年高一开学分班考试卷,2,1
长沙雅礼系往年高一开学分班考试卷语文,3,1
长沙高一上入学考数学,3,1
长沙高一入学分班卷,20,1
长沙高一入学考语文,1,1
长沙高一分班考,1,1
长沙高一分班考试卷,3,1
长沙高一分班考语文,5,1
长沙高一数学入学考,4,1
长沙高一物理入学考,1,1
长沙高一语文入学考,5,1
长沙高三8月,9,1
长沙高三9月,3,1
长沙麓山国际实验学校2025级高一入学分班考试,2,1
长治市2025—2026学年高三9月质量监测,12,1
长治市2025年高二期末化学卷,1,1
长治市六年级数学,9,1
长海高中,3,1
长纱,1,1
长葛,12,1
长葛市8下期末,10,1
长葛期末,8,1
长郡 02 026 二十校 期末,1,1
长郡 分班 高二,1,1
长郡 竞赛选拔试卷,6,1
长郡 高二 分班,2,1
长郡.,1,1
长郡2025 2026新高一上入学考英语,3,1
长郡2025-2026新高一上入学考,5,1
长郡2025-2026新高一入学考,1,1
长郡2026届高三入学分班考,8,1
长郡2026高三上暑假检测卷,1,1
长郡24届物理检测试卷,6,1
长郡·雅礼 2026届11月联考,10,1
长郡一中,5,1
长郡中午,1,1
长郡中学 02 5 高三 月考5,3,1
长郡中学 026高三化学期末,2,1
长郡中学 026高三物理期末,4,1
长郡中学 2025 分班考,1,1
长郡中学 2025 高一分班考,2,1
长郡中学 高三一模,1,1
长郡中学2020到2021,1,1
长郡中学2020到2021数学高一开学考,3,1
长郡中学2024 2025学年高一上学期入学考试化学,1,1
长郡中学2024 2025学年高中上学期入学分班考试,1,1
长郡中学20242025学年高一上学期入学考试,5,1
长郡中学2024年下学期高一期中考试英语,2,1
长郡中学2024年下学期高一期末考试,8,1
长郡中学2025-2026新高一上入学考,3,1
长郡中学2025上学期地理,1,1
长郡中学2025上学期期中,1,1
长郡中学2025年高三开学考,6,1
长郡中学2025高一期末,2,1
长郡中学2026届高三月考物理试卷三,1,1
长郡中学26年3月高三英语第一次调研,3,1
长郡中学26年f月高三第一次调研,1,1
长郡中学分班好开学化学,2,1
长郡中学初升高入学分班考,1,1
长郡中学初升高拔尖创新人才,2,1
长郡中学考前模拟测试二,3,1
长郡中学高一上入学考,3,1
长郡中学高一上学期期末2024,1,1
长郡中学高一上学期期末2024物理,6,1
长郡中学高一上学期物理试卷,3,1
长郡中学高一下学期期末英语,1,1
长郡中学高一下期末试卷,5,1
长郡中学高一下语文期末试卷,2,1
长郡中学高一入学考,1,1
长郡中学高一综合能力检测卷,5,1
长郡中学高二上入学考,15,1
长郡中学高二上学期开学考地理,3,1
长郡中学高二上学期期中,3,1
长郡中学高二下学期期末,2,1
长郡中学高二数学期末,3,1
长郡中学高二语文,4,1
长郡中学高考生物模拟试卷三,4,1
长郡二十3月联考,4,1
长郡二十4月联考,6,1
长郡二十校三月联考,2,1
长郡二十校十二月联考,1,1
长郡二十校四月联考,2,1
长郡二十校联考,16,1
长郡会展中学,1,1
长郡兑泽,2,1
长郡入学考卷子,5,1
长郡入学考试,1,1
长郡入学考试高一,7,1
长郡八年级,11,1
长郡分班考数学,1,1
长郡历史高一,1,1
长郡双语,1,1
长郡双语实验中学九年级毕业会考模拟卷英语,3,1
长郡开学考卷子,5,1
长郡智谷,8,1
长郡月亮岛,5,1
长郡期中,4,1
长郡梅溪湖,3,1
长郡梅溪湖入学考试,5,1
长郡浏阳实验学校新高一开学考,2,1
长郡理实班,3,1
长郡生物高二下学期期末考试,4,1
长郡集团2026年七年级地理,1,1
长郡集团2026年七年级数学,1,1
长郡集团7上数学第一次月考,3,1
长郡高一上学期入学,3,1
长郡高一上学期入学分班考试语文,3,1
长郡高一上第一次月考,3,1
长郡高一上第二次月考,3,1
长郡高一入学分班考试,1,1
长郡高一分班,1,1
长郡高一期中试卷,1,1
长郡高一期未试卷,30,1
长郡高一综合素质测试,6,1
长郡高三开学考,7,1
长郡高三月考,10,1
长郡高中入学考,3,1
长郡高二上学期期中物理,2,1
长郡高二下学期期末考试,2,1
长郡高二期末数学,3,1
长除法,4,1
长难句,1,1
长难句 1000句分析 2025 高中英语,4,1
门头沟一模数学,5,1
闪过高考词汇 补充词,5,1
闪过高考词汇 补充词1201,2,1
闭合电路,4,1
闭合电路欧姆定律,18,1
问,3,1
问津,38,1
问津 化学,4,1
问津 数学,28,1
问津 数学 期末,3,1
问津 期末,10,1
问津 物理,4,1
问津 物理 月考,4,1
问津 生物,4,1
问津联盟,48,1
闵中东,2,1
闵华二,1,1
闵可夫不等式,3,1
闵可夫斯基不等式,1,1
闵可夫斯基不等式三维,1,1
闵行,7,1
闵行区联,1,1
闽侯县,2,1
闽侯县七里学校,1,1
闽侯县八年级上册,1,1
闽侯县八年级上册数学期中,3,1
闽北中高招,1,1
闽教版,2,1
闽教版三年级上册第三单元试卷,1,1
闽教版三年级上英语试卷第一单元,1,1
闽教版五年级阅读题,1,1
闽教版四年级上册Unit2单元练习卷,6,1
闽教版四年级上册练习,1,1
闽教版小学英语六年级上册 Unit1 同步学习,1,1
闽教版小学英语六年级上册 Unit1 同步教学视频,5,1
闽教版英语单词,6,1
阅卷报告,1,1
阅海第二中学,7,1
阅渎理解,8,1
阅读D篇,3,1
阅读专项训练,2,1
阅读专项训练高中,8,1
阅读回填,1,1
阅读散文,4,1
阅读材料,2,1
阅读理解7.29,1,1
阅读理解专项,32,1
阅读理解专项练习,9,1
阅读理解专项训练,14,1
阅读理解专项词汇,2,1
阅读理解中考,4,1
阅读理解执信九年级学期期中2019到2025,2,1
阅读理解答题模板,3,1
阅读理解语文初中,18,1
阅读理解题,6,1
阅读练习小升初,3,1
阅读还原七选五,9,1
阅读还原中考,12,1
阅读题,9,1
阅读题七下,2,1
阅读题七下贵州,2,1
阅读题练习,1,1
阆,1,1
阆中东风中学,2,1
阆中中学高三开学考,4,1
阆中中学高三开学考8月,1,1
阜宁中学,1,1
阜宁期末,29,1
阜新市实验中学高一,3,1
阜新市实验高中高一,2,1
阜阳,3,1
阜阳一中2025级期末考试数学试卷答案,1,1
阜阳一中2025级期末考试高一上数学试卷答案,1,1
阜阳市,2,1
阜阳市十中分班考试,3,1
阜阳市第三中学,4,1
防城港市期末七下地理试卷,3,1
防城港市第二中学期末数学试卷,2,1
阳东二中,3,1
阳光同学分层设计期中测评,1,1
阳城县第四中学,2,1
阳城四中,1,1
阳山中学新九年级入学调研卷,1,1
阳新,6,1
阳新一中,1,1
阳新县2026年六年级下期末英语试卷,1,1
阳新县2026年四年级下期末数学试卷,3,1
阳新县2026年四年级下期末英语试卷,2,1
阳新县2026年四年级下期末语文试卷,9,1
阳春中考真题,3,1
阳朔中学,2,1
阳朔具外语实验中学,1,1
阳朔县外语实验中学,5,1
阳江,1,1
阳江分班考试,1,1
阳江四年级,1,1
阳江市第一中学高二期末考,1,1
阳泉一中,1,1
阳泉十五中,1,1
阳泉期中,18,1
阳泉高一上学期分班考,1,1
阳泉高一分班考,1,1
阳泉高一开学考,1,1
阳谷县第一初级中学2026年下学期初二第一次月考试卷,5,1
阴圆 202 5专题模型,1,1
阶段性练习,8,1
阶段检测卷,4,1
阿克苏地区中小学2025~2026学年第二学期质量监测6年级数学,11,1
阿克苏市第三高级中学,4,1
阿克苏高一上期末数学,2,1
阿坝州中考,8,1
阿坝州中考化学,1,1
阿坝州中考历史,1,1
阿坝州中考政治,1,1
阿坝州中考数学,1,1
阿坝州中考物理,4,1
阿城区八上化学,3,1
阿城区八上数学,18,1
阿房宫赋,5,1
阿氏圆-最值问题,2,1
阿氏圆高中,4,1
阿波罗尼斯园,5,1
阿波罗尼斯圆、向量隐圆问题,3,1
阿福丢牛,5,1
阿荣旗7月16日联考数学卷子,3,1
阿荣旗7月16日高一联考数学卷子,4,1
附中雨花,1,1
附属中学,14,1
陆圈二中,1,1
陆河外国语学校,2,1
陆良县2024~2025学年下学期高一期末考试生物学,3,1
陆行中学,4,1
陇南市高二上期中化学,9,1
陇南市高二年级统考题,18,1
陇县英语试题,9,1
陈太丘与友期行,5,1
陈梦云,2,1
陈毅中学九年级第一次月考英语,1,1
陈毅九年级第一次月考英语,2,1
陈经纶中学,14,1
陈经纶高三,4,1
陈经纶高三开学考,17,1
陌生方程式书写,38,1
陌生方程式的书写,3,1
陌生晶体,1,1
陌生氧化还原反应方程式,1,1
陌生电极方程式书写,4,1
限时练习,1,1
陕师大附中2025 2026学年度第二学期末考试 八年级物理试题及答案,1,1
陕师大附中2025 2026学年度高一第二学期末考试,5,1
陕师大附中2025-2026学年度第二学期末考试  八年级物理试题及答案,2,1
陕晋 2026高考真题,3,1
陕晋宁青,1,1
陕晋宁青卷地理高考真题,2,1
陕晋宁青卷政治,1,1
陕晋宁青卷政治高考真题2025,2,1
陕晋青宁 2026高考真题,1,1
陕晋青宁政治高考卷,1,1
陕甘宁化学高考卷,1,1
陕甘宁自然地理卷子,2,1
陕西 新高一分班考试卷,1,1
陕西 新高一分班考试卷延安中学,6,1
陕西14,1,1
陕西2024地理高考题,1,1
陕西2026年物理高考,3,1
陕西一年级上学期阶段检测,1,1
陕西七年级上学期阶段检测,4,1
陕西三年级下学期阶段检测,5,1
陕西专用,7,1
陕西中考,1,1
陕西中考2026,12,1
陕西中考数学,3,1
陕西中考综合卷,1,1
陕西九年级 物理期末测试,4,1
陕西九年级上 化学期末测试,2,1
陕西九年级上册开学考试,2,1
陕西九年级上学期期末,1,1
陕西九年级数学期末,6,1
陕西八年级 物理期末测试,1,1
陕西初一分班考试题,6,1
陕西历史合格考真题,2,1
陕西咸阳,10,1
陕西咸阳市,1,1
陕西咸阳市2025-2026,4,1
陕西安康市部分校2024至2025,4,1
陕西安康高新中学2025-2026学年高二下学期6月月考语文试卷,3,1
陕西宝鸡风翔区中考地生真题卷,1,1
陕西宝鸡风翔区八年级上册期中考试卷,49,1
陕西宝鸡风翔区八年级地生会考卷,1,1
陕西宝鸡风翔区八年级地生会考真题卷,1,1
陕西师大附中,9,1
陕西师大附中七模,1,1
陕西师大附中高2028十月月考,3,1
陕西师大附中高2028十月月考物理,2,1
陕西师范大学附属中学2025 2026学年度高一第二学期末考试,4,1
陕西师范大学附属中学物理八上,9,1
陕西师范大学附属中学物理八上第一次月考,3,1
陕西师范大学陆港中学,3,1
陕西榆林市榆阳区2025 ~ 2026学年度第二学期学科素养评价四年级英语,7,1
陕西汉中八年级下期末数学考试,9,1
陕西汉中八年级下期末物理考试,2,1
陕西汉中八年级下期末英语考试,5,1
陕西汉中八年级下期末语文考试,2,1
陕西汉中八年级期末物理考试,3,1
陕西物理中考综合卷,1,1
陕西省,1,1
陕西省2025 2026学年高三上学期摸底考,4,1
陕西省2025-2026学年,2,1
陕西省2025-2026学年高三上学期摸底考,6,1
陕西省2025年学业水平合格考试,1,1
陕西省2025年学院士兵,1,1
陕西省2025年普通高中学业水平合格考试,1,1
陕西省2025年至2026年七年级下册英语试题冀教版,4,1
陕西省2025年英语高考试卷,3,1
陕西省2026届五校联考,28,1
陕西省2026届高三五校联考,9,1
陕西省2026年英语高考试卷,4,1
陕西省2026年高三年级第二次适应性检测（二检）语文试卷（2026.05陕西高三二检）,5,1
陕西省2026年高考适应性检测（二）语文试卷（2026届陕西高考适应性二检语文）,2,1
陕西省七年级下册语文人教版期末试题,8,1
陕西省中考英语,8,1
陕西省合格考,8,1
陕西省名校联盟2026届高三上学期期末考试数学试题,1,1
陕西省咸阳市武功县普集高级中学 2024‑2025学年高二下学期5月月考数学,3,1
陕西省安康市部分校2025‑2026学年高二下学期期末考试语文试题,3,1
陕西省宝鸡市,3,1
陕西省府谷中学高二期末考试数学卷,1,1
陕西省普通高中学业水平合格考试,4,1
陕西省榆林市,1,1
陕西省榆林市西安交通大学,1,1
陕西省榆林市高一物理卷子,1,1
陕西省榆林市高新区,7,1
陕西省汉中市西乡县2023 2024学年七年级上册期中数学试题,1,1
陕西省汉中市西乡县七年级上册地理月考一,1,1
陕西省汉中市西乡县七年级上册英语第二阶段测试,3,1
陕西省汉中市西乡县七年级上册语文月考一,3,1
陕西省汉中市西乡县学年七年级上册期中数学试题,12,1
陕西省汉中市西乡县学年七年级上册期中语文试题,9,1
陕西省汉中市西乡县第三中学2025-2026七年级下册数英语期末卷子,1,1
陕西省汉中市西乡县第三中学2025-2026七年级下册数语文期末卷子,2,1
陕西省汉中市西乡县第三中学2025到2026学年上学期第一阶段试卷,15,1
陕西省汉中市西乡县第三中学2025到2026学年上学期第二阶段试卷,28,1
陕西省渭南市澄城县高一期末卷政治,6,1
陕西省渭南市澄城县高一期末卷，历史,2,1
陕西省渭南市白水县高一期末化学,3,1
陕西省渭南市白水县高一期末物理,4,1
陕西省渭南市白水县高一期末考试卷,4,1
陕西省西安中学,2,1
陕西省西安中学开学考,3,1
陕西省西安市,6,1
陕西省西安市2025—2026学年高二第二学期期末英语试卷,7,1
陕西省西安市西工大高一分班考语文,3,1
陕西省西安市长安区兴国初级中学,7,1
陕西省西安市高新第一中学高二（下）期末物理试卷,1,1
陕西省韩城市2025-2026物理高二第一次学期第一次月考试卷,4,1
陕西省韩城市象山中学培优部2025-2026物理高二上学期第一次月考试卷,4,1
陕西省韩城市象山中学培优部2025-2026物理高二第一次学期第一次月考试卷,2,1
陕西省高三语文下学期模拟测试统编版,1,1
陕西省高职院校分类招生考试,5,1
陕西西安,2,1
陕西西安九年级培优试卷,6,1
陕西西安五大名校分班考语文试卷新高一,1,1
陕西西安五大名校分班考语文试卷新高一上,1,1
陕西西安八下数学期末试卷,10,1
陕西西安八下物理期末试卷,6,1
陕西西安八下英语期末试卷,10,1
陕西西安六年级培优试卷,1,1
陕西西安新高一上入学分班考试卷,7,1
陕西西安新高一上入学分班考试卷物理内内招,1,1
陕西西安新高一上入学分班考试卷物高新一中理内内招,2,1
陕西西安新高一物理分班考试卷,3,1
陕西西安西工大分班考语文试卷新高一上,1,1
陕西西安西工大化学试卷九下,2,1
陕西西安西工大化学试卷九下2026,2,1
陕西西安西工大新高一上分班考试化学卷,1,1
陕西西安西工大新高一上分班考试卷,4,1
陕西西安西工大新高一上分班考试语文卷,1,1
陕西西安西工大新高一物理分班考试卷,1,1
陕西西安西工大附中新高一入学分班考试卷,3,1
陕西西安西工大高一上分班考试卷,1,1
陕西西安长安一中2025高一质量检测,2,1
陕西西安长安一中2025高一质量检测数学,2,1
陕西西安高一上学期第一次月考试卷,19,1
陕西西安高一语文,3,1
陕西西安高新第一中学2025~2026学年高二下学期5月月考。,3,1
陕西西安高级中学,1,1
陕西西安高级中学二模,1,1
陕西西安高级中学二模数学,5,1
陕西西安高级中学高考数学模拟卷二,2,1
陕西语文合格考真题,3,1
陕西高一分班考试题,1,1
陕西高三,6,1
陕西高二开学,1,1
陕西高考卷2026,3,1
陕西高考历史,3,1
陕西高考语文,2,1
除数的是小数的除法知识点,2,1
除法 自学,2,1
除法 自学 人教,12,1
除法 自学 人教.,3,1
陵城区七年级物理期中,1,1
陵城区六年级上学期数学期中,2,1
隆冬十校联盟高二学年数学期末试题,1,1
隆回一中,3,1
隆回二中,3,1
隆回县,8,1
隆回县期末三年级,28,1
隆安,4,1
随县七年级试题,9,1
随县七年级试题无答案版,3,1
随县八年级试题,9,1
随堂笔记,2,1
随堂练习化学,1,1
随州市高二上,1,1
随机事件与概率,5,1
随机变量及其分布高考题,8,1
随机过程中的马尔科夫链问题,12,1
隐圆,4,1
隐零点,19,1
隐零点 2025一轮专题复习,5,1
隐零点专题习题练,5,1
难度0.6,3,1
难度很大,4,1
难题 培优 拔尖压轴题,1,1
雁塔区新初一分班考试真题卷,4,1
雁塔区期末英语,5,1
雁塔区期末英语高二,8,1
雄安新区,4,1
雅,1,1
雅安,2,1
雅安一诊数学高中,3,1
雅安中学,1,1
雅安市2026～2027学年下册高一期末考试地理试卷,1,1
雅思2025真题剑桥,2,1
雅思2025真题英语,1,1
雅礼2025高二上学期期中考试,1,1
雅礼2025高二上学期期末考试物理,1,1
雅礼2026届高三月考试卷答案,2,1
雅礼一模,1,1
雅礼丘班,2,1
雅礼中学2026届,1,1
雅礼中学2026届高三上学期月考试卷物理,2,1
雅礼中学2026届高三月考试卷,2,1
雅礼中学2026届高三月考试卷(一)英语,3,1
雅礼中学2026届高三月考试卷(一)语文,6,1
雅礼中学2026年上学期期末考试试卷高一化学,7,1
雅礼中学2026年入学考,2,1
雅礼中学2026年入学考高一上,1,1
雅礼中学入学,5,1
雅礼中学入学考,2,1
雅礼中学开学,1,1
雅礼中学提前招生理科实验班,6,1
雅礼中学期中,3,1
雅礼中学模拟,9,1
雅礼中学理科实验班,3,1
雅礼中学考前模拟测试二,2,1
雅礼中学自主招生,1,1
雅礼中学语文,3,1
雅礼中学集团八校2026年上学期高一期末考试化学试卷,6,1
雅礼中学高一,6,1
雅礼中学高一上学期12月考试,4,1
雅礼中学高一上学期入学考,5,1
雅礼中学高一上学期期中数学,2,1
雅礼中学高一上期中试卷,9,1
雅礼中学高一综合能力检测卷,2,1
雅礼中学高二入学考,3,1
雅礼中学高二数学期末,2,1
雅礼中学高二语文,3,1
雅礼中考模拟,4,1
雅礼九年级期中考试,5,1
雅礼入学考,1,1
雅礼分班考,1,1
雅礼开学考,8,1
雅礼教育集团2025年下学期期中考试试卷高一英语,14,1
雅礼教育集团2025年下学期期末考试试卷高一,1,1
雅礼教育集团2025年开学考高一试卷卷,3,1
雅礼教育集团新高一入学考试试卷2025到2026年,2,1
雅礼新高一年级入学考试试卷,41,1
雅礼月考,2,1
雅礼期中九上政治,3,1
雅礼期末,3,1
雅礼生物高二下学期期末考试,3,1
雅礼稻田中学入学考试卷,1,1
雅礼集团 初二 历史期末考试,2,1
雅礼集团，初二，历史期末考试,6,1
雅礼高一,4,1
雅礼高一上开学考,4,1
雅礼高一分班考,1,1
雅礼高一开学考,2,1
雅礼高一数学期末考,2,1
雅礼高三四月月考试卷答案,27,1
雅礼高三月考一,2,1
雅礼高三模考一,7,1
雅礼高二上学期期中物理,2,1
雅礼高二期末,9,1
雅礼高二期末数学,1,1
雅礼高级中,2,1
集合 不等式 常用的逻辑用语测试卷,2,1
集合 考点 题,1,1
集合 高考真题汇编,1,1
集合2027,1,1
集合2027届一轮湖南,5,1
集合与常用逻辑用语、不等式,6,1
集合与常用逻辑用语举一反三,1,1
集合与常用逻辑用语知识点,4,1
集合与常用逻辑用语综合检测卷,5,1
集合与逻辑,6,1
集合与逻辑用语,6,1
集合专项,6,1
集合专项练习,6,1
集合专题培优,7,1
集合交并补运算A版,6,1
集合单元测试卷,5,1
集合单元测试卷人教版,6,1
集合卷子,4,1
集合命题专项训练,2,1
集合基本运算,4,1
集合填空题,5,1
集合容斥原理,1,1
集合思维导图,1,1
集合所有题型,3,1
集合检测卷,1,1
集合的练习,1,1
集合知识点,4,1
集合竞赛,7,1
集合第一章题,1,1
集合第一节题,1,1
集合综合练习,1,1
集合逻期中复习,3,1
集合逻辑,6,1
集合逻辑专项体验,3,1
集合难题,14,1
集合题型,2,1
集合高三,3,1
集合高考真题,6,1
集合高考真题专练,7,1
集合，专项,4,1
集宁一中,1,1
集宁师范学院附属实验中学,2,1
集美区,9,1
雨天分班英语测试题,1,1
雨田分班英语测试题,1,1
雨田实验中学,4,1
雨田实验中学2025-2026分班考试,1,1
雨田实验中学2025-2026分班考试七年级,1,1
雨花区八年级期末语文,5,1
雨花区广益中学,2,1
雨花台外国语,2,1
雨花台实验,6,1
零V零模型,1,1
零威零模型,1,1
零模数学,7,1
零点,3,1
零点 2026一轮专题复习,1,1
零点个数问题,1,1
零点问题,3,1
零点问题专项,2,1
零诊小专题—有机化学实验基础,1,1
零诊小专题—有机化学实验基础成都七中,2,1
零诊英语,3,1
零陵,17,1
零陵七下地理期末,2,1
零陵八上数学,1,1
雷州八中,18,1
雷州八中开学考,4,1
雷式九上月考卷,14,1
雷阳,4,1
雷阳七年级分班,11,1
雷阳六年级,3,1
雷阳小考,1,1
需要背的,1,1
霍邱一中,7,1
霍邱一中初中部九年级悬停调研,6,1
霍邱县三中九上,4,1
霍邱县三中九上第一次日考,1,1
霍邱县三中九上第一次月考,2,1
霍邱县三中八下期末,1,1
霍邱县九上政治,5,1
霍邱县第一中学政治,1,1
霍邱县第一中学英语,2,1
霍邱县第三中学九年级英语,2,1
霍邱政治,1,1
霞浦,1,1
霞浦一中,3,1
青 桐 鸣1高一6月联考2026,2,1
青云书院,2,1
青冈,6,1
青冈实验中学,2,1
青口,5,1
青奥村小学,2,1
青山区,1,1
青山区2025-2026学年第一学期期中质量检测,1,1
青山区2025—2026九年级期末考,1,1
青山区六年级上册单元习作范文,6,1
青山区数学2025—2026九年级期末考,1,1
青山区期末,4,1
青岛 0 202 6 高三 三模,1,1
青岛 0 2026高二期末下,1,1
青岛 1中,8,1
青岛19中,1,1
青岛2022开学摸底考试卷,2,1
青岛2022开学摸底考试卷高三,7,1
青岛2025年高三一模历史,6,1
青岛2025至2026学年度第二学期期末试卷七年级答案青岛2025至2026学年度第二学期期末试卷七年级答案青岛2025至2026学年度第二学期期末试卷七年级答案青岛2025至2026学年度第二学期期末试卷七年级答案青岛2025至2026学年度第二学期期末试卷七年级答案青岛2025至2026学年度第二学期期末试卷七年级答案青岛2025至2026学年度第二学期期末试卷七年级答案青岛2025至2026学年度第二学期期末试卷七年级答案青岛2025至2026学年度第二学期期末试卷七年级答案青岛2025至2026学年度第二学期期末试卷七年级答案青岛2025至2026学年度第二学期期末试卷七年级答案青岛2025至2026学年度第二学期期末试卷七年级答案青岛2025至2026学年度第二学期期末试卷七年级语文市南答案,7,1
青岛2025高一下期末英语,1,1
青岛2026届高三期初调研检测卷,4,1
青岛2026届高三期初调研检测卷英语,4,1
青岛2026高一下期末历史,6,1
青岛58中,2,1
青岛一模,3,1
青岛一模物理,4,1
青岛七下数学一单元,7,1
青岛七下数学期中,2,1
青岛七下数学期末,1,1
青岛七下期末地理,2,1
青岛七下期末数学,2,1
青岛七下期末英语,3,1
青岛七下期末语文,13,1
青岛七下期末道法,2,1
青岛中考历史,2,1
青岛中考数学2025,2,1
青岛中考数学2026,5,1
青岛中考真题,1,1
青岛中考英语,1,1
青岛中考道法,3,1
青岛九下历史,1,1
青岛九中第一次月考物理,3,1
青岛二中少年训练营,1,1
青岛二中高一上数学第一次月考,1,1
青岛二中高二上10月份考试,1,1
青岛二中高二上10月份考试生物试题,1,1
青岛二中高二上1学期考试生物试题,3,1
青岛二中高二上期初考试,3,1
青岛二模化学,3,1
青岛二模物理,6,1
青岛五十八中,1,1
青岛五四一年级数学上学期期中,2,1
青岛五四一年级期中,1,1
青岛五四一年级期中数学,1,1
青岛八上数学期中,1,1
青岛八下期末化学,1,1
青岛八下期末数学,3,1
青岛八下期末物理,1,1
青岛八下期末生物,1,1
青岛八下期末英语,3,1
青岛八下期末语文,13,1
青岛八下期末道法,1,1
青岛八下生物,1,1
青岛六上期中考试,1,1
青岛六上期中考试语文,1,1
青岛初一数学上册北师版整式及其加减测试题,6,1
青岛初三一模英语2026,1,1
青岛北师大版八上数学月考,1,1
青岛十七中,3,1
青岛十七中2025,6,1
青岛十九中自招,3,1
青岛四年级,1,1
青岛四年级上册数学期中,4,1
青岛城阳区九年级物理2025～2026,1,1
青岛大学5加3一体化,1,1
青岛少年训练营,1,1
青岛市2025年高三年级部分学生调研检测数学,15,1
青岛市2025年高三年级部分学生调研检测物理,8,1
青岛市2025年高三年级部分学生调研检测生物,3,1
青岛市2025高三起初考试试题,1,1
青岛市2026中考英语,1,1
青岛市2026八下期末,3,1
青岛市2026年高三年级部分学生调研检测化学,6,1
青岛市2026年高三年级部分学生调研检测物理,2,1
青岛市一模,4,1
青岛市七上语文,6,1
青岛市七上语文期中,10,1
青岛市中考,3,1
青岛市北八年级上册物理期末,1,1
青岛市北区九上化学期中,6,1
青岛市南期末,1,1
青岛市城阳区2026八下期末,9,1
青岛市城阳区七下期末2026,8,1
青岛市城阳区期末高二上期末,4,1
青岛市城阳区第十中学22025-2026,1,1
青岛市城阳区第十中学22025-2026七年级上册,2,1
青岛市小升初分班考试数学试卷,5,1
青岛市小学升初中,4,1
青岛市崂山区期末物理8下试题,4,1
青岛市市北区九年级英语期中考试,1,1
青岛市市北区期中考试,1,1
青岛市市北区英语期中考试,3,1
青岛市市南区2026期末数学考试卷,1,1
青岛市期中,1,1
青岛市统一考试高一上物理期末,2,1
青岛市胶州市2026八下期末,8,1
青岛市西海岸新区开发区第一高级中学高一化学月考,6,1
青岛市西海岸新区胶南第一高级中学高一化学月考,2,1
青岛市西海岸新区胶南第一高级中学高一第一次化学月考,2,1
青岛市西海岸新区高一上学期,3,1
青岛市西海岸新区高一上学期期末,8,1
青岛市西海岸新区高一化学月考,1,1
青岛市西海岸新区高一英语月考,1,1
青岛市高二下期末考试英语,2,1
青岛市黄岛区高一上学期,5,1
青岛市黄岛区高一上学期期末,5,1
青岛开学考,3,1
青岛期初考试,1,1
青岛期初调研检测卷,3,1
青岛期初调研检测卷26,1,1
青岛期末,2,1
青岛期末物理,9,1
青岛期末英语,1,1
青岛版63制二年级上册数学,3,1
青岛版数学九年级上,5,1
青岛版高一期末,4,1
青岛科技大学,1,1
青岛科技大学大一,1,1
青岛第65中,1,1
青岛胶州高二上数学,6,1
青岛自招,4,1
青岛自招物理,13,1
青岛英语中考,7,1
青岛英语期初,14,1
青岛英语高一,1,1
青岛西海岸新区胶南一中,2,1
青岛西海岸新区高一,1,1
青岛西海岸新区高一上,2,1
青岛西海岸新区高二地理,16,1
青岛高一下期末英语,4,1
青岛高一期中,1,1
青岛高一期末物理,7,1
青岛高三,7,1
青岛高三历史,14,1
青岛高三地理期初,4,1
青岛高三政治期初,3,1
青岛高三期末英语,1,1
青岛高三英语期初调研,1,1
青岛高三语文期初,17,1
青岛高二下期末考试化学,5,1
青岛高二下期末考试英语,5,1
青岛高二期末考试化学,3,1
青岛黄岛区高一上学期,1,1
青林,2,1
青林乡,3,1
青桐鸣大联考河南高一,3,1
青桐鸣大联考河南高一上学期,3,1
青桐鸣开学考,1,1
青桐鸣高二上12月联考数学 北师大版,6,1
青桐鸣高二期末,18,1
青浦一年级数学试卷,6,1
青浦高三一模数学2025,9,1
青海,7,1
青海2025年高考全国二卷,4,1
青海2026思想政治高考真题,2,1
青海中考,1,1
青海期中,1,1
青海期末,4,1
青海油田第一中学,4,1
青海湟川中学,3,1
青海潢川中学期中试卷,1,1
青海物理预赛,1,1
青海生物高考真题,1,1
青海省,10,1
青海省2025年7月高中学业水平合格性测试,2,1
青海省2025年政治高考试卷,3,1
青海省2025高考卷,1,1
青海省2026年中考,2,1
青海省中考数学,3,1
青海省五年级下册,1,1
青海省地理高考卷,2,1
青海省物理第一轮复习,4,1
青海省西宁市2023-2024下半年,1,1
青海省西宁市2023-2024学年下学期,1,1
青海省西宁市2023-2024学年下学期期末调研测试,1,1
青海省西宁市2023-2024学年下学期期末调研测试八年级,1,1
青海省西宁市2026年八年级下册英语卷子,1,1
青海省高中学业水平合格性测试生物,1,1
青海阶段检测,3,1
青海高一下学期阶段检测,3,1
青海高三下学期期末,3,1
青田七年级上册试卷,16,1
青田期中试卷七年级上册,4,1
青田期末2026,1,1
青田期末2026数学,1,1
青田期末2026数学八下,23,1
青田期末考26,5,1
青白江为明中学,8,1
青羊,5,1
青羊区九年级上期末数学试卷,2,1
青羊实树德中学语文九年级半期,3,1
青羊实验1月语文,1,1
青羊实验九年级英语,4,1
青羊实验九年级英语月考,1,1
青羊实验九年级语文,2,1
青羊实验化学,4,1
青羊实验语文,1,1
青羊实验语文九年级,3,1
青铜明10月,3,1
青铜鸣,5,1
靖江,41,1
靖江3模,10,1
靖江七上数学月考试卷,4,1
靖江七上英语月考试卷,7,1
靖江七上语文月考试卷,3,1
靖江小升初,3,1
靖江小升初模拟卷,1,1
靖江市外国语,3,1
靖江英语试卷,1,1
靖江英语试卷八年级,3,1
靖西市,3,1
静力学,2,1
静夜思,1,1
静宁一中,2,1
静安,10,1
静安二模,4,1
静安区2025到2026学年第一学期期中适应性练习初二物理试卷,1,1
静安区市北数学,4,1
静安数学一模,3,1
静文,3,1
静海,7,1
静海一中2025-2026,10,1
静海六中高一期末数学试卷,2,1
静海六中高一期末数学试卷天津市,3,1
静电场,7,1
静电场 2025 专题训练,3,1
静电场 2025 专题训练中难题,6,1
静电场中的能量物理必修3,3,1
静电场及其应用 单元检测卷,6,1
静电场及其应用 单元测试,1,1
静电场图像类定性选择题,1,1
静电场图像类定性选择题物理,5,1
非对称韦达定理,1,1
非氧化还原返应,1,1
非谓语动词 上海,6,1
非谓语动词 上海高考,1,1
非谓语动词上海,1,1
非谓语动词专项练习,3,1
非谓语动词强化专练,21,1
非谓语动词高中,3,1
非谓语单选,1,1
非连阅读专练中考,1,1
非连阅读专练中考深圳,5,1
非金属元素及其化合物,3,1
面包中学,1,1
面积割补法,11,1
面积，周长,1,1
鞍山市普通高中2025—2026学年度高三第一次质量检测化学,15,1
鞍山市第一中学,2,1
鞍山市铁西区九年级上期初考试试卷,10,1
鞍山高三开学,1,1
鞍山高三第一次摸底考试,1,1
韩国,3,1
韩祉文,1,1
韩语,2,1
韩语2025高考考日语卷,5,1
韩语2025高考考韩语卷,2,1
音乐鉴赏,1,1
音标 0基础,1,1
音标 0基础 48 个音标 PPT 带读音,3,1
音标练习题可打印,1,1
音标训练,4,1
音素与音标,6,1
音调,2,1
音频 1 单词录音 课文录音mp3,1,1
音频解析黑龙江省东联盟2025到2026学年高二上学期开学考试数学试题,3,1
韶关七下,1,1
韶关七下语文期末,1,1
韶关八下,3,1
韶关历史,1,1
韶关市浈江区九年级期中,4,1
韶关数学,5,1
韶关物理一中期中,15,1
顶尖课课练,8,1
顶尖课课练物理选择性必修第三册鲁科版,4,1
项城三高2025～2026学年度下期期中考试高二生物试卷,12,1
顺义,4,1
顺义八年级下册数学,1,1
顺义区,24,1
顺义牛栏山第一中学,1,1
顺义高二下期末数学,3,1
顺德一中,3,1
顺德一中高二上学期数学期中考试,17,1
顺德七上数学期末,1,1
顺德八上历史期中,3,1
顺德区2025八年级上册期末物理试卷,3,1
顺德区十三校高一上数学测试卷,9,1
顺德区十三校高一上物理测试卷,7,1
顺德高三一模,16,1
顾国和外国语,5,1
预习三部曲,1,1
预习八年级,1,1
预习单,1,1
预习航标,1,1
预习讲义,18,1
预习选修一数学,3,1
预习题,4,1
预习高二,4,1
预备知识,7,1
预案,1,1
预防抑郁症,1,1
预高,4,1
预高一英语,1,1
领航,1,1
领跑初三,1,1
领跑高中,3,1
领跑高中.二轮,1,1
领跑高中.高考英语二轮,2,1
领跑高中.高考英语二轮棉花糖,1,1
颍上三中,12,1
频率直方图大题,1,1
题1：江苏·苏锡常镇2024高三一模 第20题,6,1
题2 黄埔区2024-2025九上期末真题,1,1
题型三、一元一次方程的含参数问题,4,1
题型全解,1,1
题库,1,1
题黄埔区2024-2025九上数学期末真题,6,1
题：2026届河南豫南名校高三下学期模拟预测试题,1,1
风之歌,1,1
风之歌语文,1,1
风华中学,1,1
风华小升初分班考,2,1
风吹过来,1,1
风筝模型,2,1
飞影,5,1
飞镖模型,2,1
飞镖模型 八字模型,3,1
飞镖模型 八字模型 和角平分线模型,3,1
饶平小升初,1,1
饶平期末卷,5,1
馆陶一中,3,1
馆陶二中,4,1
馆陶县实验中学,8,1
首字母,5,1
首字母 100篇 7年级下英语专项训练,4,1
首师附,1,1
首选卷,1,1
首选卷化学,1,1
首都,6,1
首都师大附中2025至2026学年第二学期期末考试初二物理,1,1
首都师大附中初二下期末2026,1,1
首都师大附中初二下期末2026语文,1,1
首都师范附属密云地理,1,1
首都师范附属密云政治,1,1
香坊,4,1
香山中学,5,1
香山道中学,8,1
香洲区,13,1
香洲区，2025至2026第一学期,4,1
香港2026年中考原题,4,1
香港、澳门,1,1
香港中学,4,1
香港二年级上学期阶段检测,2,1
香港高考模考,1,1
香港高考物理,1,1
香菇好的好久发货v电话多喝黑恶果然不然好哒吧大V好,3,1
马儿可夫概率数列大题,4,1
马儿可夫链,1,1
马儿可夫链专项,3,1
马安山二中,7,1
马尾区2025-2026学年第二学期期末试卷 七年级英语,1,1
马集中学,1,1
马鞍山6年级下册数学期末卷,5,1
马鞍山6年级数学考试卷,2,1
马鞍山一模,4,1
马鞍山二中雏鹰班分班考试,10,1
马鞍山小升初数学试卷,1,1
马鞍山市第二中学2025-2026高二上学期10月教学质量监测数学试题答案,3,1
马鞍山市第二中学七月,2,1
马鞍山市第八高级中学,2,1
马鞍山市语文小升初,1,1
马鞍山沪粤版八年级物理,4,1
马鞍山沪粤版八年级物理免费,1,1
驻马店,7,1
驻马店中考试卷,5,1
驻马店九年级开学,2,1
驻马店二中,3,1
驻马店实验中学八上,3,1
驻马店实验中学八上试卷,1,1
驻马店市区八年级试卷,4,1
驻马店市名校高三上开学考,11,1
驻马店市实验中学八上试卷,7,1
驻马店市汝南县,22,1
驻马店市汝南县五年级期末语数英,3,1
驻马店市第八中学,1,1
驻马店市第四中学八上开学考,3,1
驻马店期末,1,1
驻马店正阳二高,1,1
驻马店正阳县第二高级中学,6,1
驻马店第四中学八上开学测,2,1
驻马店第四中学小班考,2,1
驻马店高二期末考试历史试卷,1,1
驻马店高级中学,4,1
高 1 必修1,2,1
高 1 必修1数学,1,1
高 1 必修1物理期末考试卷湖南省,1,1
高 一,17,1
高 一  上学期数学四川,1,1
高 一  上学期数学四川南高,3,1
高 一  数学四川南高,16,1
高 一 0 上学期 人教版 必修一数学思维导图,3,1
高 一 0 上学期 人教版 必修一数学第三章函数,6,1
高 一 0 上学期 人教版 必修一江苏,3,1
高 一 0 上学期 人教版 必修一江苏南京,2,1
高 一 0 上学期 人教版 必修一物理,1,1
高 一 0 上学期 人教版 必修一物理上饶市,7,1
高 一 0 上学期 人教版 必修一物理上饶市2025,2,1
高 一 0 上学期 人教版 必修一物理上饶市204,1,1
高 一 0 上学期 人教版 必修一英语,1,1
高 一 0 上学期 人教版 必修一英语江苏,1,1
高 一 0 上学期 人教版 必修二数学,1,1
高 一 0 上学期 化学 期末,7,1
高 一 0 上学期 北师大版 必修一数学,3,1
高 一 0 上学期 物理 期末,1,1
高 一 0 下学期 人教版 必修一物理,10,1
高 一 0 下学期 人教版期末 化学,9,1
高 一 0 下学期 人教版期末 必修一物理,5,1
高 一 1 盐城数学卷,5,1
高 一 上学期,17,1
高 一 下 202 4 2025年期未卷数学,1,1
高 一 下 202 5 2026年期未卷,10,1
高 一 下学期 年期未卷生物海伦,4,1
高 一 下学期 期末考试化学,5,1
高 一 下学期期末生物,1,1
高 一 下学期物理 2025 2026的期末考试题,3,1
高 一 化学 1 0 高一下学期 期末考试卷 试卷,4,1
高 一 化学期末 2026试卷,2,1
高 一 数学  上学期 期中,15,1
高 一 数学 1 0 上学期 专题训练,1,1
高 一 数学 1 0 上学期 期末复习,3,1
高 一 数学 上学期 月考,15,1
高 一 数学 专题训练,5,1
高 一 物理,1,1
高 一 物理 1 章综合测试卷人教版甘肃,1,1
高 一 物理上学期 期中,6,1
高 一 生物,1,1
高 一 第一次月考化学,20,1
高 一 第一次月考数学,6,1
高 一 英语下学期 期末试卷,5,1
高 一 语 文 1 2月 2025 2026 语文试卷下学期,2,1
高 一 语文上学期 期中,7,1
高 三 英语 1 0 月 大联考试卷 2026,1,1
高 三 语文 1 1 月 高三语文大联考 2026 试卷,18,1
高 三模拟2026模拟卷数学,5,1
高 三海南数字,1,1
高 二 0 026 高二上学期 化学,1,1
高 二 0 026 高二上学期期末 数学,4,1
高 二 0 2024 2025 026 高二下学期期末 数学,1,1
高 二英语,7,1
高 考 2022高考真题全国一卷,2,1
高 考 2022高考真题全国一卷数学,2,1
高 考 2022高考真题全国甲卷,5,1
高 考 2024高考真题语文,1,1
高 考 2025河北高考真题,7,1
高 考 2025河北高考语文真题,2,1
高 考 2025高考真题语文,1,1
高 考 2026高考,10,1
高 考 2026高考真题全化学国二卷,1,1
高 考 2026高考真题全国一卷语文作文,3,1
高 考 2026高考真题天津,1,1
高 考 2026高考真题答案,1,1
高 考 2026高考真题西藏,8,1
高 考 化学2026高考江苏,1,1
高 考 数学2025高考真题,2,1
高 考 数学真题1卷 2020至2025全国,1,1
高 考 甘肃2026高考真题全国二卷,1,1
高 考 英语2026高考全国2卷真题,3,1
高 考2003,1,1
高 考2025新高考卷英语听力,1,1
高 考2026新高考卷英语,6,1
高 考卷,1,1
高 考数学2026新高考卷1卷,7,1
高 考试卷,1,1
高 考试卷2026年全国二卷真题,2,1
高 考题,1,1
高1分班考试广元,2,1
高1分班考试，甘肃,3,1
高1数学,5,1
高1数学必刷题,1,1
高2026届高三年级质量检测,1,1
高2027届“同胚杯”高考模物理测试（一）数学”,24,1
高2028届高一 上 学月考试,3,1
高2028届高一（上）学月考试,2,1
高210月份数学,3,1
高2历史期末考试题,7,1
高2日语,6,1
高67级月考,6,1
高san,1,1
高一 10 月考数学,12,1
高一 10 月考江苏,3,1
高一 10 月考江苏扬州中学数学,1,1
高一 10 月考江苏扬州中学数学上,1,1
高一 上 月考,3,1
高一 上 月考压题,2,1
高一 下 数学 期末,3,1
高一 下学期 期末 徐州 英语,2,1
高一 下物理期末测试卷,5,1
高一 丹阳物理,3,1
高一 分班考 物理,1,1
高一 化学,4,1
高一 开学分班考试卷,1,1
高一 月考,9,1
高一 有机大题,15,1
高一 期中,31,1
高一 期末 南师附中,1,1
高一 期末 天一,1,1
高一 期末 数学,1,1
高一 期末 新海,1,1
高一 期末 新海高级中学,2,1
高一 期末南通,2,1
高一 立体几何8 章章末复习,2,1
高一 英语听力100篇专项训练,3,1
高一 英语阅读理解2026专项练习,3,1
高一 语文 古诗词情境默写上册,2,1
高一 语文 必备古诗词,2,1
高一10月数学2025月考,4,1
高一12月数学2025月考,5,1
高一2024~2025年期末A卷常州语文,6,1
高一2024~2025年期末A卷省常中语文,1,1
高一2025年呼伦贝尔市期末生物,2,1
高一2028届期末生物试卷,1,1
高一2028届期末生物试卷眉山,1,1
高一3500词,3,1
高一67级月考,2,1
高一7月质量检测,15,1
高一7月质量检测百师联盟,23,1
高一9月月考,21,1
高一yunw,1,1
高一一二单元,1,1
高一一整年物理题型分类的知识点基础题中档题,3,1
高一上 动力学临界极值问题 专题训练,7,1
高一上10月月考A10,14,1
高一上10月考模拟卷,14,1
高一上2025文河州期末,7,1
高一上2025红河州期末,2,1
高一上2025红河州期末考试,1,1
高一上下册古诗文言文,12,1
高一上不等式,2,1
高一上不等式拔高,2,1
高一上专题,11,1
高一上入学分班考物理,2,1
高一上入学考试,9,1
高一上册,5,1
高一上册入学考试试卷,4,1
高一上册分班卷,1,1
高一上册分班考试试卷，湘阴一中分班考试试卷,3,1
高一上册化学期中试卷,7,1
高一上册化学期末试卷,1,1
高一上册化学课件,2,1
高一上册历史“中国特色社会主义进入新时代思维导图”,16,1
高一上册德阳,3,1
高一上册德阳英语,9,1
高一上册数学三角函数,7,1
高一上册数学期末试卷,1,1
高一上册数学期末试卷云南,3,1
高一上册数学第一章试卷人教版,5,1
高一上册期中山东,26,1
高一上册期末卷,3,1
高一上册期末山东,24,1
高一上册期末山东菏泽数学,1,1
高一上册期末数学,5,1
高一上册期末数学江西,7,1
高一上册法治专项习题,3,1
高一上册物理期末卷,1,1
高一上册物理牛二专题,1,1
高一上册物理牛顿第三定律,3,1
高一上册物理牛顿第三定律试卷,4,1
高一上册生物,7,1
高一上册生物章末练习,3,1
高一上册英语 7选5,9,1
高一上册英语7选5,3,1
高一上册英语听力,7,1
高一上册英语完形填空,2,1
高一上册英语应用文写作,5,1
高一上册英语应用文写作人教版,2,1
高一上册英语试卷,8,1
高一上册英语语篇填空,4,1
高一上册英语读后续写,6,1
高一上册英语阅读理解,31,1
高一上函数常考题型,2,1
高一上函数常考题型数学,6,1
高一上分班考,1,1
高一上化学大庆,1,1
高一上化学期中考,1,1
高一上化学期末考试卷,5,1
高一上化学期末联考,1,1
高一上化学知识点总结,2,1
高一上化学选择性必修一第一单元,5,1
高一上外研版 a new start,10,1
高一上学分班考,1,1
高一上学期,5,1
高一上学期10月份物理月考卷,1,1
高一上学期9月月考,7,1
高一上学期9月月考免费,2,1
高一上学期入学考物理试卷,3,1
高一上学期入学考试试卷,2,1
高一上学期入学考试试卷师大附中,4,1
高一上学期入学考试试卷师大附中物理,2,1
高一上学期入学考试试卷师大附中英语,1,1
高一上学期函数试卷,4,1
高一上学期化学,8,1
高一上学期化学方程式,1,1
高一上学期化学期末,1,1
高一上学期化学第1单元试卷,1,1
高一上学期化学第1单元试卷，人教版,1,1
高一上学期化学试卷,1,1
高一上学期古诗词默写,16,1
高一上学期听力,5,1
高一上学期和平区期末地理,4,1
高一上学期定语从句练习,5,1
高一上学期广州市,2,1
高一上学期开学摸底考,4,1
高一上学期开学考分班考试,17,1
高一上学期开学考分班考试英语,5,1
高一上学期怀化入学考,11,1
高一上学期政治开学考分班考试,15,1
高一上学期政治课本,1,1
高一上学期政治课本。,1,1
高一上学期数学,2,1
高一上学期数学卷子第一单元,3,1
高一上学期数学广东省实,7,1
高一上学期数学月考卷淄博,19,1
高一上学期数学月考省实,1,1
高一上学期数学期中试卷,2,1
高一上学期数学期末卷梧桐中学,2,1
高一上学期数学期末卷泉州,1,1
高一上学期数学沈阳120月考试卷,4,1
高一上学期数学第1单元试卷,1,1
高一上学期数学第1单元试卷，人教版a版,1,1
高一上学期月考数学,1,1
高一上学期月考数学东山中学,1,1
高一上学期月考数学河北,5,1
高一上学期期中物理卷子,6,1
高一上学期期中考,3,1
高一上学期期中考试数学,3,1
高一上学期期末历史学易金卷,2,1
高一上学期期末考。,1,1
高一上学期期末考试,13,1
高一上学期物理xt图像和vt图像的联系,9,1
高一上学期物理期末试卷,3,1
高一上学期生物期末,15,1
高一上学期生物知识点,1,1
高一上学期生物知识点汇总清单,11,1
高一上学期生物阶段检测2025-2026,29,1
高一上学期第1次,1,1
高一上学期第1次月考数学,11,1
高一上学期第一次月考雅礼,1,1
高一上学期第一次阶段性测试,1,1
高一上学期英语,4,1
高一上学期英语单词默写,3,1
高一上学期英语德州月考,5,1
高一上学期英语德州期中,4,1
高一上学期英语月考卷,7,1
高一上学期英语月考卷昆山一高级中学,1,1
高一上学期英语月考卷昆山第一高级中学,6,1
高一上学期英语月考卷昆山震川高级中学,2,1
高一上学期英语第一次月考南充高中,1,1
高一上学期语文文言文知识总结,4,1
高一上学期集合,6,1
高一上宁波三锋,6,1
高一上年段数学科第一次月考试卷。,22,1
高一上年段物理科第一次月考试卷。,2,1
高一上广州,1,1
高一上广州数学,1,1
高一上广西玉林试卷,36,1
高一上开学考试卷,4,1
高一上必修一人教b版一元二次不等式解法,1,1
高一上摸底,5,1
高一上政治期中,3,1
高一上政治期末,7,1
高一上数学份济宁,9,1
高一上数学公式,10,1
高一上数学单元检测卷,1,1
高一上数学数学第一单元卷,1,1
高一上数学期中,1,1
高一上数学期中试卷,10,1
高一上数学期中试卷河北,5,1
高一上数学期末山东实验,5,1
高一上数学期末德州,4,1
高一上数学期末江南十校,3,1
高一上数学期末联盟,3,1
高一上数学期末试卷,1,1
高一上数学第一次月考,6,1
高一上数学集合,3,1
高一上数学集合与不等式综合检测卷,4,1
高一上月考卷,2,1
高一上月考物理,4,1
高一上月考英语长沙,3,1
高一上期中化学大庆,8,1
高一上期中卷江苏数学,5,1
高一上期中山东卷,7,1
高一上期中考试,2,1
高一上期中考试安徽合肥,14,1
高一上期入学考化学,2,1
高一上期期末考试,1,1
高一上期末南昌数学,2,1
高一上期末数学,1,1
高一上期末数学必修一期末,10,1
高一上期末物理必修一期末,4,1
高一上期末物理深圳中学,1,1
高一上期末物理深圳实验,7,1
高一上期末物理深圳实验本部,2,1
高一上期末物理深圳实验罗湖,4,1
高一上期末物理深实验,1,1
高一上期末试卷,1,1
高一上漳州,2,1
高一上漳州实验,1,1
高一上漳州实验高级中学,3,1
高一上漳州高级实验,2,1
高一上物理10月月考,2,1
高一上物理八中第一次月考,1,1
高一上物理第一次月考,3,1
高一上物理第一章检测题青岛,4,1
高一上物理重庆八中第一次月考,9,1
高一上生物,1,1
高一上生物学,6,1
高一上生物学第一次月考,8,1
高一上生物期末,7,1
高一上第一次月考模拟卷,27,1
高一上第二次月考试卷,9,1
高一上语文必背篇目 打印,8,1
高一上课件,3,1
高一下 期末,1,1
高一下 期末化学,3,1
高一下2026,1,1
高一下2026成都,1,1
高一下2026成都市数学调研,1,1
高一下2026成都数学,1,1
高一下2026成都数学调研,1,1
高一下上化学期末,5,1
高一下人教版,1,1
高一下免费英语期末,5,1
高一下免费英语期末基础,1,1
高一下册免费物理卷2026,5,1
高一下册匀速圆周,6,1
高一下册历史论证题,3,1
高一下册数学,2,1
高一下册数学期末试卷北师大版,1,1
高一下册数学立体几何,3,1
高一下册期末,11,1
高一下册期末考试政治,1,1
高一下册期末考试政治江阴,3,1
高一下册物理期末试卷,3,1
高一下册物理课时练电子版,1,1
高一下册语文期末试卷,1,1
高一下册语文资料赢在微点里面的知能小卷第8单元素养评价卷,7,1
高一下册高考真题,1,1
高一下化学,3,1
高一下化学第一次月考,28,1
高一下化学试卷人教版凉山洲,2,1
高一下南京期末,2,1
高一下南京期末一中,1,1
高一下南京期末金中,3,1
高一下学期2024~2025年期末A卷常州语文,3,1
高一下学期2024~2025年期末卷常州语文,2,1
高一下学期2025~2026年期末卷,1,1
高一下学期2025~2026年期末卷常州语文,3,1
高一下学期2025~2026年期末卷苏州,1,1
高一下学期2025~2026年期末卷语文,2,1
高一下学期2025~2026年期末卷语文无锡,7,1
高一下学期2025~2026年期末卷语文苏州,8,1
高一下学期2025~2026年期末卷语苏州,1,1
高一下学期三角函数,4,1
高一下学期八中,3,1
高一下学期八中衡阳,2,1
高一下学期化学,2,1
高一下学期化学期末试卷,1,1
高一下学期十七中生物期末长春,1,1
高一下学期扬州市生物期末试卷,1,1
高一下学期数学几何,1,1
高一下学期数学立体几何试卷专门求图形体积和面积的,5,1
高一下学期月考辽阳,2,1
高一下学期期中考试模拟试卷物理,1,1
高一下学期期末内蒙古生物,2,1
高一下学期期末数学长春,1,1
高一下学期期末模拟卷,1,1
高一下学期期末模拟卷数学,23,1
高一下学期期末物理试卷辽宁辽宁语文,7,1
高一下学期期末考试物理,4,1
高一下学期期末考试生物,1,1
高一下学期期末英语,2,1
高一下学期期末试卷及答案,4,1
高一下学期期末语文,2,1
高一下学期期末辽阳,7,1
高一下学期物理,1,1
高一下学期物理人教版,4,1
高一下学期物理期末,8,1
高一下学期物理期末永,1,1
高一下学期物理期末永州,3,1
高一下学期物理期末试卷,6,1
高一下学期物理试卷扬州市期末考试,10,1
高一下学期生物单元卷,4,1
高一下学期生物期末长春,1,1
高一下学期第一次数学月考卷2026湖南长沙,4,1
高一下学期第二次校内质量检测数学试题,1,1
高一下学期语文期末试卷及答案,4,1
高一下开学考黑吉辽,4,1
高一下数学,12,1
高一下数学专题练习,1,1
高一下数学解三角形,6,1
高一下月考试卷,7,1
高一下期中,1,1
高一下期中试卷,19,1
高一下期历史人教版试卷,3,1
高一下期期末历史人教版试卷,2,1
高一下期期末历史人教版试卷四川,4,1
高一下期末 数学试卷浙江,3,1
高一下期末2026成都市数学调研,3,1
高一下期末化学,8,1
高一下期末化学成都,3,1
高一下期末化学试卷江苏,5,1
高一下期末数学,3,1
高一下期末数学成都,5,1
高一下期末数学湖北,3,1
高一下期末数学试卷哈三中,3,1
高一下期末数学试卷龙东十校,26,1
高一下期末数学辽宁,13,1
高一下期末数学青桐鸣,1,1
高一下期末物理,1,1
高一下期末物理成都,4,1
高一下期末生物试卷,7,1
高一下期末考试朝阳数学,2,1
高一下期末考试石景山数学,4,1
高一下期末英语,1,1
高一下期末英语山东,3,1
高一下期末衡水,2,1
高一下期末试卷,6,1
高一下正余弦定理,5,1
高一下沈阳英语,3,1
高一下物理,1,1
高一下物理拔尖培优,6,1
高一下物理期末北京通州2026,2,1
高一下物理期末卷辽宁,3,1
高一下物理期末卷辽宁2024,1,1
高一下物理期末测试卷,10,1
高一下物理第一单元测试卷,3,1
高一下物理第一单元测试卷天星,1,1
高一下物理试卷人教版,1,1
高一下物理试卷人教版凉山洲,2,1
高一下生物期末北京通州2026,5,1
高一下生物期末考试宽,1,1
高一下综合测试卷地理,6,1
高一下英语,13,1
高一下语文期末试卷,1,1
高一下语文试卷苏州统考卷,10,1
高一下重庆九龙坡区政治,1,1
高一下长沙英语语文试卷,1,1
高一下，必修二物理，第五章抛体运动单元检测练习,11,1
高一不等式,4,1
高一专题,3,1
高一中外历史一二单元,2,1
高一二物理竞赛试卷,13,1
高一人教版,1,1
高一人教版化学方程式,4,1
高一人教版物理辽宁,2,1
高一人教版物理辽宁专项,4,1
高一人教版物理辽宁专项重力摩擦力弹力正交分解,3,1
高一人教版英语单词默写,4,1
高一作文,1,1
高一作文语文,3,1
高一信息技术,12,1
高一入学分班考物理,2,1
高一入学分班考试试卷,12,1
高一入学分班试卷,21,1
高一入学数学长郡2024,1,1
高一入学测试,1,1
高一入学考湖南,5,1
高一入学考湖南长沙,9,1
高一入学考英语,4,1
高一入学考试卷,20,1
高一入学考试秦皇岛,10,1
高一入学试卷,19,1
高一入门考,6,1
高一全公式。,3,1
高一全年考,2,1
高一公式。,2,1
高一内蒙古期末生物,3,1
高一函数专项训练,9,1
高一函数单元检测卷,1,1
高一函数性质专题复习,1,1
高一函数恒成立问题,1,1
高一函数题型,2,1
高一函数题型专题,1,1
高一分班考广州,1,1
高一分班考新生入,2,1
高一分班考物理,5,1
高一分班考试数学,2,1
高一分班考试数学指对函数之前,3,1
高一分班试,1,1
高一分班试卷,22,1
高一分班重难点突破,1,1
高一初高衔接自测卷,1,1
高一前三章,11,1
高一化学7月质量监测,16,1
高一化学一定物质的量浓度，溶液配置的综合实验。,6,1
高一化学上册第一次月考,18,1
高一化学专题,7,1
高一化学入学分班考试,1,1
高一化学卷子,1,1
高一化学多种离子检验及推断题,1,1
高一化学大题,2,1
高一化学工艺流程图专题,1,1
高一化学必修 一1 必背知识,3,1
高一化学必修一 教材,1,1
高一化学必修一开学考,14,1
高一化学必修二有机化合物综合测试卷 含解析,5,1
高一化学所有方程式,1,1
高一化学月考卷子,4,1
高一化学期末试卷,3,1
高一化学氧化还原反应,1,1
高一化学氧化还原反应难题,1,1
高一化学江苏,3,1
高一化学江苏赣榆,1,1
高一化学流程图专题,1,1
高一化学物质及其变化,1,1
高一化学物质的量浓度,6,1
高一化学物质的量计算,3,1
高一化学电解质,3,1
高一化学电解质分类题,8,1
高一化学相关计算,8,1
高一化学第一学期,4,1
高一化学第一章综合测试必修一,7,1
高一化学试卷,1,1
高一北京分班考,6,1
高一北师大版unit1英语单词,2,1
高一北师大版英语单词朗读,5,1
高一升高二数学暑假讲义,4,1
高一单元卷数学,3,1
高一历史书。,1,1
高一历史必修一,3,1
高一历史知识点,1,1
高一历史纲要上第11单元思维导图,4,1
高一历史纲要下综合卷,6,1
高一历史选择性必修一第4单元第12课课件,3,1
高一压轴题精选,1,1
高一名校联考汇编卷,4,1
高一商师联盟,23,1
高一地理人教版地球的历史,1,1
高一地理从宇宙看地球,3,1
高一地理期末,1,1
高一培优 拔尖培优,1,1
高一基本不等式的应用,4,1
高一复习讲义,7,1
高一天一期末试卷。,1,1
高一天壹期末试卷。,1,1
高一天津,1,1
高一学业合格考试,25,1
高一实验班分班,4,1
高一对数函数测试,1,1
高一山东菏泽答案,4,1
高一常州期末,2,1
高一平行垂直证明,2,1
高一平面向量,1,1
高一年期末内蒙,1,1
高一年期末内蒙物理试卷,1,1
高一年期末辽宁,1,1
高一年级必修一物理单元检测卷,22,1
高一年级必修二,1,1
高一年级必修二物理单元检测卷,20,1
高一年级数学结合练习,1,1
高一年级数学集合练习,1,1
高一年级生物学科12月月考试卷,4,1
高一年级考试数学试题,2,1
高一广州,1,1
高一开学入学考,9,1
高一开学分班考,16,1
高一开学分班考 高中,11,1
高一开学分班考试,12,1
高一开学摸底卷,1,1
高一开学模拟卷,15,1
高一开学考分班考试河南,1,1
高一开学考分班考试英语,1,1
高一开学考物理试卷,1,1
高一开学考物理试卷，湖南,1,1
高一开学考物理试卷，湖南，株洲,4,1
高一开学考试,5,1
高一强基,1,1
高一必修一,1,1
高一必修一 必修二物理试卷,1,1
高一必修一 必修二物理试卷期末复习专用,6,1
高一必修一上册数学月考卷,79,1
高一必修一二次函数值域,9,1
高一必修一人教版化学第12章综合,5,1
高一必修一人教版物理,25,1
高一必修一人教版第1单元电子版课本,2,1
高一必修一力学,1,1
高一必修一力学专项,2,1
高一必修一化学,1,1
高一必修一化学期中考,4,1
高一必修一化学，第3单元第一课时,3,1
高一必修一历史第6课从隋唐盛世到5代十国,12,1
高一必修一抽象函数,5,1
高一必修一政治知识点,3,1
高一必修一政治知识点广西,3,1
高一必修一数学人教a版第一章测试卷,5,1
高一必修一数学月考,5,1
高一必修一数学月考10月,4,1
高一必修一数学第一章,1,1
高一必修一数学第一章，测试卷,6,1
高一必修一数学苏教版,3,1
高一必修一期中考试卷子,4,1
高一必修一物理,1,1
高一必修一物理打点计时器,4,1
高一必修一物理第一章,1,1
高一必修一物理第一章人教版,3,1
高一必修一英语译林出版社语法,6,1
高一必修一英语语法,1,1
高一必修一语文文言文知识点总结,9,1
高一必修一运动,1,1
高一必修二化学题,1,1
高一必修二化学题四川,1,1
高一必修二生物同步练习册配套练习卷,4,1
高一必备古诗文汇总版,1,1
高一所有单词,8,1
高一扬州,1,1
高一指数函数测试,4,1
高一揭阳期末物理,1,1
高一政治下学期期末模拟卷01新高考专用,3,1
高一政治必修一人教版全部知识点,1,1
高一政治提纲,3,1
高一政治期末,4,1
高一数学  三角恒等变换  免费,7,1
高一数学 集合,1,1
高一数学10月份济宁,1,1
高一数学一二章综合检测卷,29,1
高一数学一单元,1,1
高一数学一章综合检测卷,1,1
高一数学上册第6章,2,1
高一数学上册第6章新疆,1,1
高一数学下学期期末真题重组卷学易金卷,7,1
高一数学不等式拔高题,1,1
高一数学人教A版,1,1
高一数学人教A版南京市,1,1
高一数学人教版,3,1
高一数学假期综合巩固提升四,2,1
高一数学公式,1,1
高一数学公式全部,4,1
高一数学公式汇总,9,1
高一数学函数,1,1
高一数学函数专题,3,1
高一数学函数培优提升,7,1
高一数学函数大题,3,1
高一数学函数练习题,3,1
高一数学华盛达,4,1
高一数学单元卷,3,1
高一数学卷子期末,57,1
高一数学原卷,5,1
高一数学向量,4,1
高一数学嘉祥一中月考,1,1
高一数学嘉祥县2026月考,3,1
高一数学基本模型和公式,1,1
高一数学奇偶性,3,1
高一数学奇偶性练习,1,1
高一数学必修一一到三章,2,1
高一数学必修一函数2026专题,6,1
高一数学必修一期中,9,1
高一数学必修一期末复习卷,4,1
高一数学必修一第一章单元检测,8,1
高一数学必修一第三章,1,1
高一数学必修一第二章,12,1
高一数学必修一第二章检测卷,3,1
高一数学必修一综合检测卷,8,1
高一数学暑假作业,1,1
高一数学月考,2,1
高一数学期末下学期,13,1
高一数学期末免费下载,3,1
高一数学期末卷,11,1
高一数学期末卷宁夏育才,3,1
高一数学期末卷育才,1,1
高一数学期末考试卷,3,1
高一数学期末试卷,3,1
高一数学知识,2,1
高一数学笔记,1,1
高一数学第一章,2,1
高一数学第一章培优,3,1
高一数学第一章综合检测卷,1,1
高一数学第一章集合与常用逻辑用语举一反三拔尖卷,5,1
高一数学第一课,4,1
高一数学第一课集合,1,1
高一数学选择,3,1
高一新生入学分班卷,14,1
高一新生入学分班考四中,2,1
高一新生分班全国通用实验考试,7,1
高一新生分班实验考试全国通用,9,1
高一新生分班实验考试卷,4,1
高一新生分班实验考试语文卷,3,1
高一新疆英语真题卷,3,1
高一新疆英语高考真题卷,3,1
高一日语试卷,7,1
高一暑假政治试卷,2,1
高一月相 习题,1,1
高一月考9月,21,1
高一月考数学上,1,1
高一月考数学上册江西,3,1
高一月考数学上册江西南昌中学,2,1
高一月考数学上册江西南昌中学9月,5,1
高一月考数学上莆田,1,1
高一月考数学辽南协作体,4,1
高一月考英语,1,1
高一月考英语长沙,1,1
高一月考试卷,6,1
高一期中卷,1,1
高一期中卷江苏数学,3,1
高一期中复习,13,1
高一期中无锡期末卷语文,13,1
高一期中物理,5,1
高一期中考上学期,11,1
高一期中考上学期官二,1,1
高一期中考数学试卷,4,1
高一期中考试,8,1
高一期中考试烟台英语第一学期,6,1
高一期末 广东省,3,1
高一期末 广东省 中山,1,1
高一期末云学联盟,1,1
高一期末内蒙古生物,1,1
高一期末化学青岛,3,1
高一期末卷,57,1
高一期末卷子,19,1
高一期末历史宁波,1,1
高一期末历史杭州,3,1
高一期末嘉峪关,2,1
高一期末复习,1,1
高一期末复习数学,3,1
高一期末常州市语文考卷,3,1
高一期末必刷一百题,3,1
高一期末数学人教版试卷,1,1
高一期末数学几何证明题,3,1
高一期末数学卷,1,1
高一期末数学四川,1,1
高一期末数学湖南,8,1
高一期末数学立体几何证明题,1,1
高一期末数学试卷济南,9,1
高一期末无锡期末卷语文,10,1
高一期末江苏,43,1
高一期末物理人教版试卷,7,1
高一期末物理黑龙江,5,1
高一期末生物,2,1
高一期末真题汇编,1,1
高一期末考试2026惠民科创,4,1
高一期末考试卷,1,1
高一期末考试卷 下学期,1,1
高一期末英语听力,4,1
高一期末质量检测试卷英语,5,1
高一期终调研卷26年语文无锡,4,1
高一期终调研考试无锡期末卷语文,4,1
高一杨村,2,1
高一江门数学期中2026,3,1
高一河南开学考试卷,2,1
高一河南数学期末考试,3,1
高一泰安期末,9,1
高一滨州数学第一学期期中考试,7,1
高一牛顿第二定律,3,1
高一物理 必修一第二章综合测试卷,3,1
高一物理 必修二第二章综合测试卷,3,1
高一物理 必修二第八章综合测试卷,2,1
高一物理v-t直线图像题,1,1
高一物理二,1,1
高一物理人教版下学期期末试卷,5,1
高一物理作业,1,1
高一物理分班考,5,1
高一物理前两章,10,1
高一物理力学,3,1
高一物理卷子,3,1
高一物理同步练习册,1,1
高一物理图像问题,1,1
高一物理大题,11,1
高一物理学考,4,1
高一物理实验作用背诵,4,1
高一物理必修一习题,1,1
高一物理必修一人教版第一章,3,1
高一物理必修一人教版第二章,6,1
高一物理必修一开学考,1,1
高一物理必修一知识点总结,8,1
高一物理必修一第一单元单元试卷,1,1
高一物理必修一第一章,1,1
高一物理必修一第三单元,1,1
高一物理必修一综合卷,12,1
高一物理必修一课本,2,1
高一物理必修第1册第2册综合卷,11,1
高一物理思维模型导学,4,1
高一物理期中考试上学期,6,1
高一物理期中，淄博,1,1
高一物理期末,8,1
高一物理期末考试,13,1
高一物理期末试卷,2,1
高一物理汕尾,1,1
高一物理测试二,1,1
高一物理牛二专题,1,1
高一物理竞赛,33,1
高一物理第2单元讲义,5,1
高一物理第一单元测试卷,6,1
高一物理第一章单元测试,2,1
高一物理综合,1,1
高一物理自由落体应用题,4,1
高一物理自由落体运动应用题,6,1
高一物理自由落体题,10,1
高一物理试卷人教版,1,1
高一物理试卷必修一第二单元,3,1
高一物理试卷必修一第二单元免费下载,3,1
高一物理运动综合题,2,1
高一物理追及相遇问题试卷苏科版,2,1
高一物理重庆,9,1
高一物理（必修2）周周练,3,1
高一物理，必修二综合检测卷,1,1
高一生物,9,1
高一生物 必修一1第一单元,3,1
高一生物复制与遗传,5,1
高一生物学科练习,7,1
高一生物必修一,3,1
高一生物知识点,5,1
高一生物知识点人教版,1,1
高一生物知识点汇总清单,1,1
高一生物试卷人教版,2,1
高一画导图历政地,2,1
高一画维导图历政地,3,1
高一立体几何,3,1
高一立体几何章末,1,1
高一立体几何题,1,1
高一第1单元物理。,3,1
高一第1次月考所有计算题,10,1
高一第一单元测试,5,1
高一第一学期入学适应性测试卷,1,1
高一第一学期月考物理,2,1
高一第一学期期中模拟训练 数学试题,14,1
高一第一学期期末考试,1,1
高一第一学期期末考试物理,1,1
高一第一次化学月考上学期,2,1
高一第一次月考化学,1,1
高一第一次月考合肥六中,3,1
高一第一次月考数学安徽,1,1
高一第一次月考数学第一学期,15,1
高一第一次月考数学第一学期期中,9,1
高一第一次月考模拟卷,2,1
高一第一次月考物理试卷,1,1
高一第一次月考雅礼,3,1
高一第一次期中考试,2,1
高一第一次期中考试试卷,4,1
高一第二册十篇完形填空,3,1
高一第二册完形填空,4,1
高一第二学期期中生物试卷期中,2,1
高一统计概率单元测试卷人教A版,1,1
高一综合卷,1,1
高一综合试卷,3,1
高一综合试卷英语免费,2,1
高一联考数学,3,1
高一自测卷,31,1
高一英语6月练习,5,1
高一英语人教版 电子书,3,1
高一英语入学考试卷,3,1
高一英语分班考试,8,1
高一英语单词音频,1,1
高一英语单词默写表,6,1
高一英语卷,13,1
高一英语卷子,1,1
高一英语外研Unit1,1,1
高一英语学科期末练习,1,1
高一英语完型填空,1,1
高一英语必修一,3,1
高一英语必修一初升高衔接考试试卷,4,1
高一英语必修一单词表,3,1
高一英语必修一开学考,3,1
高一英语暑假作业,5,1
高一英语月考,22,1
高一英语期中北辰区,2,1
高一英语期中北辰区第一学期,1,1
高一英语期末模拟卷03（新高考通用）学易金卷：2024~2025学年高中下学期期末模拟试卷,4,1
高一英语期末考试,3,1
高一英语期末试卷,13,1
高一英语核心词汇表,1,1
高一英语第一次月考南充高中,2,1
高一英语衔接训练,1,1
高一英语试卷期末,2,1
高一英语试卷期末辽宁本溪,1,1
高一英语音频,1,1
高一译林版必修一单词默写表,1,1
高一语文上学期专项练,9,1
高一语文下学期期末测试,5,1
高一语文人教版,1,1
高一语文北京,1,1
高一语文卷子北京,1,1
高一语文必修一开学考,8,1
高一语文必修上册乡土中国必备核心考点,7,1
高一语文必修下册人教版单元检测卷,11,1
高一语文必备60篇古诗文篇目,1,1
高一语文必备60篇古诗文篇目原文及翻译,11,1
高一语文必备古诗文汇总版,1,1
高一语文月考,29,1
高一语文期末试卷,25,1
高一语文自主学习反馈练习,6,1
高一语文试卷中华,19,1
高一语文重点实词,2,1
高一语文阶段测试,1,1
高一语文，中关村中学,2,1
高一语法填空,7,1
高一资料,5,1
高一运动学,1,1
高一重难点,1,1
高一重难点数学,1,1
高一长郡中学试卷,3,1
高一长难句,11,1
高一集合不等式,7,1
高一集合专题,4,1
高一集合单元检测卷,7,1
高一集合检测卷,3,1
高一零点个数问题,5,1
高一预习,2,1
高一预习数学,3,1
高一预习数学专题,2,1
高三 2026,22,1
高三 一模 2026,20,1
高三 上学期开学 2026 摸底 上数学,9,1
高三 化学 1轮复习 模拟,3,1
高三 化学离子共存与离子推断,1,1
高三 化学离子反应,1,1
高三 化学离子反应氧化还原,1,1
高三 听力2026 含听力材料及录音,4,1
高三 开学 2026 摸底 上数学,4,1
高三 开学 2026 摸底 上辽宁,1,1
高三 开学 2026 摸底 上辽宁物理,3,1
高三 开学摸底 测试上,1,1
高三 数学 开学考,8,1
高三 物理,4,1
高三 英语,1,1
高三 语法填空 2026高考专练名校真题,1,1
高三0模山东数学,3,1
高三10月物理,2,1
高三12月质量检测,8,1
高三2026,98,1
高三2026强基联盟,9,1
高三2026第一次联考,16,1
高三2026联考,13,1
高三27-T-005C,1,1
高三2轮遗传专题,3,1
高三3月二语文,11,1
高三5月题库,8,1
高三5月题库地理试题,1,1
高三5月题库地理试题浙江,4,1
高三5月题库英语试题地理,1,1
高三5月题库英语试题浙江,2,1
高三5月题库试题浙江,1,1
高三5月题库语文试题,1,1
高三5月题库语文试题浙江,3,1
高三8月质检卷,15,1
高三8校联考,1,1
高三9月质检,2,1
高三A10安徽英语,3,1
高三A9协作体暑假返校,4,1
高三一检化学,11,1
高三一模,1,1
高三一模。,9,1
高三一模数学,19,1
高三一模汇编,1,1
高三一模物理陕西省,20,1
高三一轮化学上海,5,1
高三一轮复习政治,1,1
高三一轮复习政治单元检测卷,3,1
高三一轮复习数学基本不等式导学案,7,1
高三一轮复习数学导学案,5,1
高三一轮复习物理讲义,4,1
高三一轮复习联考,2,1
高三一轮复习课件,1,1
高三一轮复习集合,5,1
高三一轮数学专题卷,1,1
高三一轮数学函数复习题,5,1
高三上24东城数学一模,2,1
高三上24朝阳数学一模,8,1
高三上24朝阳数学期末,1,1
高三上24西城数学一模,8,1
高三上化学考试,5,1
高三上学期,14,1
高三上学期10月阶段监测,1,1
高三上学期10月阶段监测数学,2,1
高三上学期2025~2026学年数学9月份开学考试联考,1,1
高三上学期8月份开学考,2,1
高三上学期8月开学考,7,1
高三上学期8月起点考试,9,1
高三上学期8校联考,1,1
高三上学期8，月起点,1,1
高三上学期9月份开学考试英语黑龙江,5,1
高三上学期临沂河东区期中考试,6,1
高三上学期临沂河东区期中考试试,1,1
高三上学期九月份月考,11,1
高三上学期入学考试,2,1
高三上学期兴化市期初考试,4,1
高三上学期兴化市第一次调研考试,8,1
高三上学期学考,2,1
高三上学期山东省临沂期中考试,4,1
高三上学期山东省临沂河东区期中考试,1,1
高三上学期开学考德州数学,9,1
高三上学期开学考德州英语,6,1
高三上学期开学考池州市,9,1
高三上学期开学考物理,1,1
高三上学期开学考试卷山东,8,1
高三上学期德州数学10月,4,1
高三上学期德州数学开学考,4,1
高三上学期政治开学考,3,1
高三上学期政治开学考湖南,2,1
高三上学期数学开学考辽宁,4,1
高三上学期数学第一次,17,1
高三上学期数学第一次月考,26,1
高三上学期日语,1,1
高三上学期期中天津市第一中学,3,1
高三上学期期中考试物理,1,1
高三上学期期中考试物理辽宁地区,1,1
高三上学期期初考试辽宁,3,1
高三上学期期末,4,1
高三上学期期末数学统考,4,1
高三上学期期末物理统考,1,1
高三上学期期末物理统考汕头,1,1
高三上学期泰州期初考试,1,1
高三上学期第一次,5,1
高三上学期第一次月考咸阳实验,6,1
高三上学期英语开学考湖南,4,1
高三上学期阶段检测,9,1
高三上家长会课件,9,1
高三上开学考9月,5,1
高三上开学考数学试卷,5,1
高三上开学考物理,7,1
高三上开学考试,2,1
高三上开学考试卷,8,1
高三上开学考试沈阳大连,20,1
高三上月考,1,1
高三上期初开始镇江数学,1,1
高三上期初考试,13,1
高三上期初考试化学辽宁,3,1
高三上期初考试数学,3,1
高三上期初考试数学辽宁,3,1
高三上期初考试物理沈阳二中,3,1
高三上期初考试物理辽宁,2,1
高三上期初考试英语辽宁,4,1
高三上期末,4,1
高三上莆田市9月质检,7,1
高三上葫芦岛市第一次月考,6,1
高三上西城英语,3,1
高三下学期阶段检测,2,1
高三下学期高考适应性测试,17,1
高三下期末,1,1
高三东明一中开学考试,4,1
高三九月,1,1
高三九月份考试内蒙,2,1
高三九月开学考数学,1,1
高三九月开学考数学辽宁,2,1
高三九月新海,11,1
高三九月联考,7,1
高三九月调考,3,1
高三九月调考历史试卷,4,1
高三九月调考数学试卷,1,1
高三二轮复习英语语法填空专项练习,2,1
高三作文训练,3,1
高三八月开学考,11,1
高三八月第一次物理质检,10,1
高三八月调考历史试卷,2,1
高三函数总复习试卷,6,1
高三化学一轮复习元素推断题专项练习,7,1
高三化学一轮复习物质的分类及其转化,10,1
高三化学图像,5,1
高三化学基础卷,10,1
高三化学物质分类,7,1
高三化学离子的反应,2,1
高三化学试卷,10,1
高三化学资料,1,1
高三化学资料云南,2,1
高三北斗星联盟地理,4,1
高三十月,2,1
高三单元卷,1,1
高三南昌  2026届二模,6,1
高三南昌  2026届二模数学,6,1
高三历史,5,1
高三历史 先秦秦汉 选择题 基础 时空观念专项训练,7,1
高三历史安徽,2,1
高三历史小论文,1,1
高三历史小论文模板,5,1
高三历史小论文模版,6,1
高三合肥 二模 2026,4,1
高三合肥市 二模 2026物理,2,1
高三四月月考,6,1
高三圆创联盟,1,1
高三圆创联盟起点考8月,8,1
高三地理试卷,2,1
高三地理试卷第一卷,3,1
高三基础卷无压轴题,1,1
高三基础卷无压轴题化学,7,1
高三复习物理专题动力学中的连接体极值问题,3,1
高三复习物理专题板块模型,1,1
高三复习物理牛二力学,1,1
高三复习第1单元,3,1
高三复习第1单元，集合,4,1
高三复习英语语法填空专项练习,7,1
高三复习资料,5,1
高三天河区10月调研考,3,1
高三天河区10月调研考英语,2,1
高三天河区9月调研考英语,3,1
高三学案,2,1
高三安徽物理开学考,7,1
高三完形填空,27,1
高三山东名校联盟,4,1
高三山东名校联盟开学考,1,1
高三年级,1,1
高三年级12月检测训练,31,1
高三年级8月份27-T-005C,1,1
高三年级五月适应性考试语文,3,1
高三年级思想政治北斗星,5,1
高三开学全国通用,5,1
高三开学化学试卷,5,1
高三开学考历史,9,1
高三开学考数学,1,1
高三开学考物理安徽省池州市,4,1
高三开学考联考,3,1
高三开学考试,9,1
高三开学考试东明一中,1,1
高三开学考试卷山东,1,1
高三开学联考,2,1
高三开学质检,9,1
高三强基,15,1
高三总复习单元滚动演练,1,1
高三总复习英语阅读理解20篇,5,1
高三摸底,1,1
高三摸底考,5,1
高三数学0,3,1
高三数学一模,1,1
高三数学一模大连第二十四中学,1,1
高三数学一轮复习2027,2,1
高三数学一轮复习专题,3,1
高三数学一轮复习知识+典型例题,5,1
高三数学一轮复习题集,1,1
高三数学专题,3,1
高三数学二轮,2,1
高三数学创新题,4,1
高三数学创新题圆,2,1
高三数学南京试卷,1,1
高三数学南京试卷三模,7,1
高三数学卷子,63,1
高三数学四大名校,3,1
高三数学复习,1,1
高三数学开学考辽宁,2,1
高三数学抽象函数专题,2,1
高三数学摸底,9,1
高三数学新高考一卷,2,1
高三数学普通班,1,1
高三数学普通班广东,1,1
高三数学模考卷,13,1
高三数学竞赛题,1,1
高三数学统计,8,1
高三数学试卷,39,1
高三数学试卷卷,2,1
高三数学金版新学案电子版,2,1
高三数学题练习,1,1
高三新力量联盟,1,1
高三新定义题,6,1
高三暑假开学考,1,1
高三期中考试烟台,7,1
高三期初数学,14,1
高三期初考试数学,3,1
高三期末数学,5,1
高三模拟,22,1
高三模拟卷,9,1
高三模拟英语,3,1
高三每周一测2027,1,1
高三物理 连续体模型,3,1
高三物理2025质量检测,1,1
高三物理2025质量检测福建漳州,3,1
高三物理一轮复习讲义,1,1
高三物理一轮复习阶段性检测,4,1
高三物理开学考辽宁,4,1
高三物理第二单元静力学,3,1
高三物理运动学,5,1
高三物理选修三+必修一,2,1
高三物理选修三+必修一辽宁,6,1
高三物理静力学,1,1
高三物理静力学测试卷,1,1
高三生物二轮复习微专题4：光呼吸、C4植物、CAM植物等特殊代谢类型课件》，,1,1
高三生物基因工程大题,3,1
高三生物必修一第1章复习卷,3,1
高三生物综合卷,3,1
高三知识点,3,1
高三知识点向量,8,1
高三知识点数学,10,1
高三磁场,6,1
高三福建漳州一质检政治,1,1
高三禹州一模,1,1
高三第一学期学情调研,12,1
高三第一次六校联考,1,1
高三第一次月考武汉,1,1
高三第一次质检,6,1
高三第一轮复习地理卷子简单,5,1
高三第七单元语文,4,1
高三综合卷数学,1,1
高三综合卷英语,5,1
高三考前提升,1,1
高三联考山东,5,1
高三联考山东菏泽,2,1
高三腾云联盟,1,1
高三腾云联盟8月,10,1
高三英语 语法填空 2026高考专练名校真题,5,1
高三英语一模,1,1
高三英语一模山东,1,1
高三英语三大从句语法练习,8,1
高三英语二模上海,9,1
高三英语二模杨浦区,1,1
高三英语名词性从句100题,12,1
高三英语名词性从句定语从句语法练习,5,1
高三英语完形填空练习,6,1
高三英语试卷,10,1
高三英语语法填空练习,4,1
高三英语语法填空练习题,11,1
高三英语辽宁,4,1
高三西南大学附属中学数学开学考,3,1
高三计数原理专项测试卷,4,1
高三试题,11,1
高三试题含听力,8,1
高三语文会考,1,1
高三语文小题训练专题,6,1
高三语文福州第一中学,3,1
高三语文联考,3,1
高三语法填空,4,1
高三课本黑体字汇总生物,5,1
高三调研性测试,1,1
高三质检,1,1
高三质检卷莆田,2,1
高三起点考试,19,1
高三起点考试物理试题黄冈,9,1
高三辽宁开学,6,1
高三辽宁开学考,1,1
高三辽宁开学考数学,6,1
高三辽宁开学考数学上学期,1,1
高三辽宁开学考数学上学期丹东,9,1
高三进才中学月考,9,1
高三金考,4,1
高三阅读高频词,5,1
高三零诊,1,1
高三青岛期初调研检测卷26,1,1
高三龙东,4,1
高三龙岗区期末化学,1,1
高中 1必修1加速度,2,1
高中 函数一轮复习专题,1,1
高中 化学1必修1,3,1
高中 历史025一轮复习全部知识清单,8,1
高中 历史纲要上复习,2,1
高中 必刷题数学必修一练习答案加解析,4,1
高中 数学 基础知识,1,1
高中 数学必背 公式大全,3,1
高中 物理,7,1
高中 物理1必修1,10,1
高中 物理1必修1相互作用,7,1
高中 物理1必修1运动的题,2,1
高中 物理期中,2,1
高中 英语 3500词按课本顺序,9,1
高中 英语 3500词背记版全部,1,1
高中 英语 3500词背记版正序,5,1
高中 英语应用文邀请信,4,1
高中 英语语法填空2026专项练习,10,1
高中 阅读理解2026专项练习,2,1
高中120个文言实词,10,1
高中2026年山东省普通高中学业水平等级物理考试,4,1
高中2026政治二模北京,1,1
高中2026高考数学,1,1
高中2026高考语文,4,1
高中2027语文创新设计电子版,2,1
高中3500 词汇,4,1
高中3500 词汇背诵word版带音标,4,1
高中3500词重点,3,1
高中一年级数学暑假作业版本为湖北教育出版社出版的大薄本,1,1
高中一年级英语试卷期末,1,1
高中一模,1,1
高中一模历史,1,1
高中一般将来时练习,1,1
高中一般将来时练习英语,1,1
高中三年化学方程式,3,1
高中三年级,5,1
高中三年级摸底考试,1,1
高中三角函数一轮复习,10,1
高中不等式专题复习,15,1
高中世界史,6,1
高中云南高考,1,1
高中人教版必修一生物知识点填空,1,1
高中人教版英语单词自测,1,1
高中人教版英语单词默写,3,1
高中人教版英语必修一单词表,2,1
高中优秀衡水体作文,1,1
高中会考物理,2,1
高中作文素材,6,1
高中作文素材速查,1,1
高中作文范文,6,1
高中修改病句,7,1
高中入学考试卷,1,1
高中全国通用一轮复习生物选择性必修三,3,1
高中其中考试,2,1
高中几何题一轮复习,1,1
高中函数,2,1
高中函数 0 1 函数一轮复习专题,3,1
高中函数基础题,3,1
高中函数新定义,6,1
高中函数综合,3,1
高中力学压轴题,13,1
高中力学综合试卷,3,1
高中力学综合题,2,1
高中力的计算,1,1
高中化学,1,1
高中化学 方程式 202 5必考化学方程式大全总结,3,1
高中化学 知识点 2026高考知识点每日背诵,1,1
高中化学专题六第一单元知识点,7,1
高中化学人教版化学公式,2,1
高中化学公式,1,1
高中化学同分异构体推断题,15,1
高中化学基础,4,1
高中化学基😢,1,1
高中化学奥林匹克预赛,5,1
高中化学奥林匹克预赛江西赛区,4,1
高中化学实验 1轮知识清单,3,1
高中化学必修 一必背知识清单,6,1
高中化学必修 二必背知识清单,5,1
高中化学必修一《必刷题》,1,1
高中化学必修一练习,2,1
高中化学必修第二册配人教版新课程同步练习册分层作业电子版答案,2,1
高中化学方程式完整汇总,9,1
高中化学方程式总结,2,1
高中化学有机化合物,1,1
高中化学有机化合物专题练,1,1
高中化学有机大题,2,1
高中化学有机试卷,1,1
高中化学水溶液的平衡大题,1,1
高中化学物质的量计算,3,1
高中化学电化学,4,1
高中化学知识点总结完整版,9,1
高中化学离子方程式,3,1
高中化学竞赛29届,3,1
高中化学竞赛卷,5,1
高中化学笔记,5,1
高中化学综合,3,1
高中化学表格题专项,3,1
高中化学计算公式,1,1
高中化学计算题专题训练,3,1
高中化学选修一化学平衡,10,1
高中化学选修一原电池、电解池,9,1
高中化学选修一电能,3,1
高中化学选修一电解池,5,1
高中化学选修一第二单元测试卷,5,1
高中化学选修三,17,1
高中单词3500汇总,1,1
高中单词3500汇总英语,3,1
高中单词默写训练译林版20232024,5,1
高中卷子,4,1
高中历史,4,1
高中历史02一轮复习知识点归纳,4,1
高中历史03一轮复习知识点归纳,2,1
高中历史04一轮复习知识点归纳,3,1
高中历史05一轮复习知识点归纳,2,1
高中历史06一轮复习知识点归纳,1,1
高中历史2模题,6,1
高中历史@2模题,1,1
高中历史一模题,16,1
高中历史一轮复习,1,1
高中历史中外双线时间轴,1,1
高中历史古代史选择题,5,1
高中历史教材,2,1
高中历史旧版教材电子版,2,1
高中历史纲要上第二单元试卷,5,1
高中历史纲要下,1,1
高中历史选必一知识点总结,1,1
高中历史选择性必修一教材,1,1
高中历史选择题,14,1
高中历史选择题精选,5,1
高中受力分析专题训练,6,1
高中古文,2,1
高中古诗阅读思维导图,4,1
高中同步测控全优设计优佳学案 地理必修第一册鲁教版,7,1
高中哈尔滨,1,1
高中哲学与文化大题,9,1
高中因式分解,5,1
高中因式分解专项练习题,12,1
高中固定搭配,2,1
高中地理,3,1
高中地理单元测试第一章地球的运动,5,1
高中地理单元测试第一章地球的运动（较易版01）,5,1
高中地理大气试卷,8,1
高中地理必修,1,1
高中地理必修二,2,1
高中地理必修二湘教版,2,1
高中地理核心概念应用手册,1,1
高中地理河北省,4,1
高中地理背诵知识清单,2,1
高中地理背诵知识清单人教版,1,1
高中地理选择题,1,1
高中地理选择题专练,13,1
高中基本不等式,3,1
高中基本不等式练习题,3,1
高中基础知识,1,1
高中复合句划分,3,1
高中复数练习,4,1
高中外研社英语必修一基础期末模拟巷,10,1
高中外研社英语必修一基础期综合期末卷,6,1
高中大一轮,1,1
高中学业合格性测试,1,1
高中学业合格性测试物理,3,1
高中学业水平合格考英语 真题 模拟卷河南,20,1
高中学业水平考 2026生物卷,6,1
高中学业质量模块测试,2,1
高中学业质量模块测试甘肃教育出版社,1,1
高中学业质量模块测试甘肃教育出版社必修二,1,1
高中学习指导,1,1
高中学测试卷,3,1
高中完形填空/选词填空,3,1
高中完形短语,2,1
高中定语从句,12,1
高中导数选择题,1,1
高中常值代换法求值,1,1
高中常值代换法求值练习题,1,1
高中开学考,3,1
高中开学考试,2,1
高中强基计划,23,1
高中必修1物理加速度,5,1
高中必修2物理,6,1
高中必修一数学第四章提升卷,4,1
高中必修一期中卷,3,1
高中必修一期中生物,7,1
高中必修一生物知识点填空,1,1
高中必修一生物第一章试卷,1,1
高中必修一试卷,6,1
高中必修二化学,3,1
高中必修二化学有机化学,5,1
高中必修二政治,4,1
高中必修二数学第六章提升卷,3,1
高中必修二数学第六章提升卷人教版,1,1
高中必修第一册同步练习,3,1
高中必修课1物理卷考试,3,1
高中必修课1英语卷考试,3,1
高中必刷题,1,1
高中必备古诗,3,1
高中必备古诗文72篇,3,1
高中必背语文古诗文默写,2,1
高中必记英语短语,3,1
高中思想政治必修三整套试卷,1,1
高中思想政治必修四素养检测卷,5,1
高中总复习导与练英语整本答案,7,1
高中所有名篇,1,1
高中所有名篇默写,1,1
高中手法题,1,1
高中攻略,6,1
高中政治上海,4,1
高中政治必修一,1,1
高中政治必修一一轮复习,1,1
高中政治必修一必修二知识结构图,1,1
高中政治必修一易错易混点总结,4,1
高中政治必修一试卷,1,1
高中政治必修三,12,1
高中政治必修三思维导图一课一页,5,1
高中政治必修三知识点,2,1
高中政治必修三知识点文件,3,1
高中政治必修二,1,1
高中政治必修四课本,1,1
高中政治必备框架,1,1
高中政治答题模板,12,1
高中政治背诵,2,1
高中政治选修三专题,4,1
高中政治选择材料题万能答题逻辑,3,1
高中政治选择答题逻辑,4,1
高中教材英语单词,11,1
高中数列,5,1
高中数列常考,5,1
高中数学一轮复习专题,1,1
高中数学一轮复习专题基本不等式,4,1
高中数学不等式提升练习题,1,1
高中数学不等式进阶练习题,8,1
高中数学专题复习,10,1
高中数学九月高三,2,1
高中数学二级结论,5,1
高中数学几何专题,3,1
高中数学几何专题高三复习基础证明,4,1
高中数学函数专题练习,9,1
高中数学函数试卷,8,1
高中数学北师大版三角恒等变换,1,1
高中数学北师大版例题几何初步,2,1
高中数学单元测试,1,1
高中数学单元测试第二章直线与圆,5,1
高中数学压轴题,7,1
高中数学合格考,1,1
高中数学四川竞赛题,3,1
高中数学复数,2,1
高中数学奇偶性单调性专题,11,1
高中数学奥林匹克竞赛题广东省,8,1
高中数学导数与三角函数的综合,2,1
高中数学市质检,1,1
高中数学常值代换法求值练习题,5,1
高中数学平面向量及其应用北师版,6,1
高中数学必修1第4章,3,1
高中数学必修一思维导图,4,1
高中数学必修一综合检测卷,8,1
高中数学必修一集合之间的基本关系,9,1
高中数学思维导图试题版全套,3,1
高中数学数列公式和二级结论,4,1
高中数学新定义,10,1
高中数学概率,1,1
高中数学概率一轮,3,1
高中数学概率真题,1,1
高中数学牛顿定律的专题,1,1
高中数学知识点总结,4,1
高中数学空白思维导图,3,1
高中数学空间向量,4,1
高中数学空间向量与立体几何,3,1
高中数学竞赛讲义,2,1
高中数学竞赛题北京,16,1
高中数学联赛,24,1
高中数学联赛加试,29,1
高中数学联赛加试2025,1,1
高中数学联赛加试几何题,4,1
高中数学选修一圆锥曲线,3,1
高中数学选修三概率,5,1
高中数学选择性必修公式,4,1
高中数学零诊,2,1
高中数学零诊四川金太阳联考九月,2,1
高中文言文 100篇专项训练,8,1
高中文言文挖空练习,5,1
高中文言文注解挖空练习,3,1
高中文言文课外翻译题,2,1
高中文言文课本注解挖空练习,1,1
高中新课程学习指导英语选择性必修第一册答案,1,1
高中新高考模拟卷,10,1
高中无机化学方程式汇总,4,1
高中易错字词,3,1
高中期末,19,1
高中欧姆定律习题,3,1
高中法律与生活大题,1,1
高中物理9月月考,3,1
高中物理一模,3,1
高中物理一轮,3,1
高中物理一轮复习专题力学,6,1
高中物理专项,2,1
高中物理人教版必修第三册第一章综合检测题,2,1
高中物理创新题,3,1
高中物理力,1,1
高中物理力学实验,4,1
高中物理力的合成分解动态平衡练习题,3,1
高中物理力的计算,1,1
高中物理动态电路专题,2,1
高中物理动量,3,1
高中物理匀变速直线运动习题,3,1
高中物理受力分析,6,1
高中物理平抛运动专题,1,1
高中物理必修1速度时间图像专项练,7,1
高中物理必修3,1,1
高中物理必修一,11,1
高中物理必修一例题汇总,1,1
高中物理必修一动态平衡,4,1
高中物理必修一练习,3,1
高中物理必修三,4,1
高中物理必修三资源与评价电子版,6,1
高中物理必修二,3,1
高中物理机械能专题,11,1
高中物理板块模型试卷,5,1
高中物理水平考试,1,1
高中物理水平考试凉山州,4,1
高中物理牛顿定律的专题,9,1
高中物理牛顿第二定律,5,1
高中物理牛顿第二定律步步高,1,1
高中物理电学专题,4,1
高中物理电磁学专题,3,1
高中物理相互作用——力习题,10,1
高中物理竞赛题,4,1
高中物理第十二章章测试卷,2,1
高中物理第十章章测试卷,2,1
高中物理综合卷,5,1
高中物理联赛复赛试题41,13,1
高中物理联赛预赛试题,2,1
高中物理联赛预赛试题41,15,1
高中物理联赛预赛试题42,2,1
高中物理能量,2,1
高中物理运动学,1,1
高中物理运动学图像高考真题专项训练 题多一点,4,1
高中物理运动学检测卷,3,1
高中物理追及相遇问题ppt,15,1
高中物理选修一,7,1
高中物理选择性必修一,3,1
高中物理选择性必修一期末考试,16,1
高中物理选择性必修三检测卷,2,1
高中物理高一第一章综合测试,5,1
高中生四字成语,2,1
高中生四字成语语文,2,1
高中生数学竞赛,1,1
高中生数学竞赛重庆,5,1
高中生物 知识点 2026高考知识点汇总,4,1
高中生物图文知识情,1,1
高中生物图文知识清单,11,1
高中生物图文知识清单选修一,6,1
高中生物图文知识选修1,3,1
高中生物大题,1,1
高中生物工程综合卷,4,1
高中生物必修一,10,1
高中生物必修一期末卷子,10,1
高中生物思维导图,4,1
高中生物有丝分裂,1,1
高中生物期末试卷,4,1
高中生物期末试卷免费,8,1
高中生物知识点填空,1,1
高中生物神经调节,5,1
高中生物神经调节单元检测,17,1
高中生物被动运输,2,1
高中生物选修三,5,1
高中生物选修三真题,1,1
高中生物选择性必修一,2,1
高中生物选择性必修一知识整理,2,1
高中生物选择性必修一知识点,5,1
高中生物选择性必修二,1,1
高中生物遗传专题,9,1
高中生物遗传专题02,4,1
高中生物遗传专题03,2,1
高中生物遗传专题04,2,1
高中生物遗传专题05,2,1
高中生物遗传专题06,3,1
高中生物遗传专题07,2,1
高中生物遗传综合卷,6,1
高中生物遗传综合试卷,1,1
高中生物长句表达,3,1
高中生物黑体字,1,1
高中电化学,1,1
高中的信息文本阅读,3,1
高中直线方程专项练习。,3,1
高中看图作文语,2,1
高中看图作文语文,11,1
高中知识点大全,7,1
高中短语,1,1
高中研究性课题,6,1
高中神经调节,2,1
高中福建4月英语,1,1
高中立体几何专项,7,1
高中立体几何专题卷子,3,1
高中立体几何专题高三复习,8,1
高中立体几何专题高三复习基础证明,2,1
高中竞赛数学,3,1
高中竞赛福建,5,1
高中竞赛题,2,1
高中等式性质与不等式性质,1,1
高中等式性质与不等式性质复习,1,1
高中统计与概率,2,1
高中考纲词七轮记忆,6,1
高中自主检测,1,1
高中英文词汇,3,1
高中英语 1必修1人教版,1,1
高中英语 1必修1人教版词汇,8,1
高中英语 完型填空 2026 专项练习,9,1
高中英语3500词,16,1
高中英语688高频词,1,1
高中英语688高频词清单,1,1
高中英语一轮复习,4,1
高中英语七选五12满分口诀,16,1
高中英语三大从句语法练习,2,1
高中英语中译英,1,1
高中英语互译,1,1
高中英语人教版必修一单词,6,1
高中英语代词,7,1
高中英语作文短文续写,1,1
高中英语作文练习,5,1
高中英语冠词、零冠词,5,1
高中英语北师大版知识清单,4,1
高中英语北师大版重点背记清单,9,1
高中英语北师大版重点语言背记清单,1,1
高中英语北师大版高一上,4,1
高中英语单词默写,1,1
高中英语单词默写表,4,1
高中英语各板块高频词,1,1
高中英语好句,5,1
高中英语字帖,4,1
高中英语完形填空,3,1
高中英语完形填空专项,1,1
高中英语定语从句练习题,1,1
高中英语必修一到必修三单词,1,1
高中英语必修一单词表,1,1
高中英语必修三第三单元英汉互译挖空,3,1
高中英语必修二,4,1
高中英语必修第1册音频,1,1
高中英语必背3600单词,6,1
高中英语必背短语,1,1
高中英语文章3500词抄写,1,1
高中英语时态练习,7,1
高中英语活动单导学课程向右而行。,1,1
高中英语游戏,1,1
高中英语练字,1,1
高中英语试卷,1,1
高中英语试卷模考,1,1
高中英语语法填空计巧,9,1
高中英语语法计巧,1,1
高中英语语法训练,4,1
高中英语读后续写美句,11,1
高中英语连词,5,1
高中英语选必一单词表,1,1
高中英语选必四教材,5,1
高中英语选必四课本,1,1
高中英语选择性必修三第三单元英汉互译挖空,3,1
高中英语选择性必修二书后单词表默写,1,1
高中英语选择性必修二第三单元英汉互译挖空,1,1
高中英语长难句分析,3,1
高中英语阅读18个题型解题技巧,7,1
高中英语非渭语动词,4,1
高中英语高一下册,2,1
高中英语高频词汇,3,1
高中英语默写练习,1,1
高中英语默写译林,2,1
高中虚拟语气,2,1
高中计算能力专项训练,3,1
高中议论文阅读答题模板,1,1
高中讲练测,11,1
高中词汇默写,4,1
高中语文作文 审题立意2026训练,3,1
高中语文作文模板,9,1
高中语文作文理解题目,8,1
高中语文作文素材,3,1
高中语文作文纸,3,1
高中语文作文讲义,2,1
高中语文全部理解性默写检测清单,2,1
高中语文古诗选择题,3,1
高中语文小说阅读,3,1
高中语文必背古诗文,1,1
高中语文必背成语,3,1
高中语文必背篇目,3,1
高中语文必背课文,3,1
高中语文拾贝摘抄素材,4,1
高中语文文常,1,1
高中语文期末辽宁,1,1
高中语文核心素养提升用书,1,1
高中语文病句,1,1
高中语文病句训练,5,1
高中语文答题技巧,3,1
高中语文答题模板,1,1
高中语文素材,3,1
高中语文联考,1,1
高中语文联考试卷,3,1
高中语文范文,5,1
高中语文议论文写作,9,1
高中语文议论文写作之核心词阐释,1,1
高中语文议论文素材。,1,1
高中语文讲义,1,1
高中语文论语十二章,3,1
高中语文论语十二章翻译,2,1
高中语文选择性必修上册电子课本,1,1
高中语文阅读理解,6,1
高中语文阅读理解答题模板,4,1
高中语文高三云南省,7,1
高中语文默写,1,1
高中运动学,9,1
高中选修一数学湘教版,1,1
高中选修一数学湘教版同步课,3,1
高中错别字练习,6,1
高中阅读理解,2,1
高中高中，全国通用一轮复习化学选择性必修三知识点,1,1
高中高中，全国通用一轮复习化学选择性必修三默一本,1,1
高中高频词汇,15,1
高中默写大全,4,1
高二 上学期 数学 月考,6,1
高二 上学期 期末卷,2,1
高二 上学期 期末卷 历史,2,1
高二 上学期 第二次月考 历史,5,1
高二 开学考,15,1
高二 英语,10,1
高二 英语天津,1,1
高二 英语阅读理解2026专项练习,5,1
高二10月份物理月考试卷,1,1
高二10月月考,12,1
高二10月考考试卷,2,1
高二10月考试卷,6,1
高二11月月考数学,1,1
高二12月质量检测•政治A卷,9,1
高二2026上学期末试卷物理,1,1
高二2026上学期末试卷英语,1,1
高二2026上学期末试卷英语河南,3,1
高二2026上学期末试卷英语河南听力,2,1
高二2027届复习用书,2,1
高二2027届复习用书大数据建模 高考化学,3,1
高二9月月考数学试卷,4,1
高二9月月考英语试卷,1,1
高二上 期中,3,1
高二上10月月考化学,2,1
高二上10月月考数学,4,1
高二上10月月考物理,3,1
高二上10月月考英语,1,1
高二上10月绍兴一中月考英语,6,1
高二上9月月考,6,1
高二上入学测试,17,1
高二上册化学思维导图,4,1
高二上册南阳市数学,3,1
高二上册地理,5,1
高二上册数学期未,2,1
高二上册数学期未宜宾市,18,1
高二上册期中数学l,1,1
高二上册期中数学试卷,47,1
高二上册生物书。,1,1
高二上册第一次月考,8,1
高二上册第一次月考名校联盟,3,1
高二上册第一次月考数学试卷,1,1
高二上册要背的语文古诗文古诗,3,1
高二上化学9月,1,1
高二上化学期中卷,4,1
高二上化学模拟卷,9,1
高二上化学海南第一次月考,11,1
高二上化学湖南,1,1
高二上化学湖南月考,3,1
高二上化学选择性必修一第一单元,1,1
高二上天津和平区物理月考,1,1
高二上学期 化学漳州试卷,7,1
高二上学期 化学漳州试卷广兆,4,1
高二上学期 政治漳州试卷,2,1
高二上学期 数学漳州试卷,2,1
高二上学期 英语漳州试卷,2,1
高二上学期 语文漳州试卷,2,1
高二上学期10学辽宁联考卷,3,1
高二上学期11月物理阶段性检测,3,1
高二上学期临沂市数学期末,1,1
高二上学期临沂市期末生物,4,1
高二上学期内蒙古和辽宁联考卷,1,1
高二上学期化学第一次月考,2,1
高二上学期单元卷,6,1
高二上学期学考,6,1
高二上学期开学册,1,1
高二上学期开学册龙东,3,1
高二上学期开学册龙东2024,1,1
高二上学期开学考化学,9,1
高二上学期开学考试山东省淄博实验中学数学,12,1
高二上学期数学开学考德州,1,1
高二上学期数学月考德州,8,1
高二上学期数学期中试卷,2,1
高二上学期数学期末,6,1
高二上学期期中地理,1,1
高二上学期期中数学,1,1
高二上学期期中生物,3,1
高二上学期期中生物成都七中,3,1
高二上学期期中考试,31,1
高二上学期期中考试试卷物理,1,1
高二上学期期末数学,2,1
高二上学期末考试物理试卷,21,1
高二上学期物理,3,1
高二上学期物理第一次月考,1,1
高二上学期物理第一次月考江西,2,1
高二上学期生物期末真题分类专辑（黑吉辽）,28,1
高二上学期空间向量,3,1
高二上学期第一次数学月考卷2026,3,1
高二上学期第一次数学月考卷2026湖南,2,1
高二上学期第一次月考数学,7,1
高二上学期第一次月考数学西安,6,1
高二上学期第一次月考泰州二中,7,1
高二上学期第一次月考物理,1,1
高二上学期第一次月考物理西安,3,1
高二上学期第一次月考英语西安,10,1
高二上学期第一次月考语文,5,1
高二上学期第二,6,1
高二上学期语文文言文,4,1
高二上学期语文月考,1,1
高二上开学,6,1
高二上开学卷,29,1
高二上开学考数学,9,1
高二上开学考物理齐齐哈尔,1,1
高二上必背古诗文,5,1
高二上政治 期中,5,1
高二上政治选择题,2,1
高二上数学10月月考,12,1
高二上数学一二单元,1,1
高二上数学一二单元北师大版,2,1
高二上数学华师,8,1
高二上数学开学考一二单元,1,1
高二上数学月考卷,8,1
高二上数学月考试卷,5,1
高二上数学物理二级结论,5,1
高二上数学第一次月模拟,1,1
高二上数学第一次月考模拟学科网,1,1
高二上数学第二次月考,2,1
高二上数学雅礼,3,1
高二上期中历史,4,1
高二上期中完形,1,1
高二上期中完形专练题,5,1
高二上期中完形人教版,5,1
高二上期中常州市2021到2022年数学,15,1
高二上期中数学,9,1
高二上期中数学山东烟台,17,1
高二上期中数学山东烟台2023,3,1
高二上期中数学青桐鸣,4,1
高二上期中考卷，英语,6,1
高二上期中考试,2,1
高二上期中考试数学,8,1
高二上期中联考,1,1
高二上期中联考河北,9,1
高二上期中英语,1,1
高二上期中锡东,4,1
高二上期中阅读,1,1
高二上期中阅读人教版,3,1
高二上期开学考数学,1,1
高二上期末,44,1
高二上期末化学山东烟台,1,1
高二上期末数学,4,1
高二上期末试卷,1,1
高二上期末试卷，物理,5,1
高二上期物理第九章，第10章综合测试,3,1
高二上期物理第十一章，第十二章综合测试,2,1
高二上期第一次月考数学,2,1
高二上沈阳英语,2,1
高二上物理培优卷,2,1
高二上物理开学考,14,1
高二上物理开学考试,11,1
高二上物理强基,5,1
高二上物理强基选题,3,1
高二上物理拓展,2,1
高二上物理期中,2,1
高二上物理期中考试,7,1
高二上物理汕尾,5,1
高二上物理汕尾第一次月考,17,1
高二上生物,5,1
高二上生物图文知识,5,1
高二上生物常州中学,1,1
高二上第1次月考,9,1
高二上第一学期数学期中,8,1
高二上第一学期物理期中,1,1
高二上第一次月考考试,15,1
高二上第一次期中考试,26,1
高二上第二次月考数学,4,1
高二上英语开学考,14,1
高二上英语期中,12,1
高二上英语期末考试,4,1
高二上英语重庆,4,1
高二上译林英语单词填空,2,1
高二上语文人教版单元测试卷,1,1
高二上语文人教版单元测试卷无锡,1,1
高二上语文开学考,7,1
高二上语文必背古诗词,3,1
高二上语文期中济南,3,1
高二上语文期中青岛,3,1
高二上语文理解填空,5,1
高二下 期末,26,1
高二下册物理第七章,1,1
高二下册物理第九章,10,1
高二下化学期末,2,1
高二下化学期末湖北武汉,3,1
高二下学期2026宜宾语文试卷,3,1
高二下学期临沂市数学期末,5,1
高二下学期临沂市物理期中,1,1
高二下学期化学期末东营,1,1
高二下学期南充市期末,4,1
高二下学期学考,1,1
高二下学期月考,3,1
高二下学期期末考试数学辽宁,4,1
高二下学期期末考试英语淄博,3,1
高二下学期物理期末,11,1
高二下学期第一次月考泰州二中,2,1
高二下学期语文试卷,1,1
高二下学期语文试卷人教版,1,1
高二下学期郴州市英语期末,1,1
高二下学期阶段检测,1,1
高二下广东日语,13,1
高二下数学期中,2,1
高二下数学期末四川,1,1
高二下数学期末试卷辽宁,2,1
高二下月考物理,5,1
高二下月考物理内蒙古,12,1
高二下月考物理辽宁,3,1
高二下期中数学,3,1
高二下期末2025~20265英语,3,1
高二下期末2025~20265英语模拟卷01,2,1
高二下期末2025~20265英语模拟器,1,1
高二下期末化学,2,1
高二下期末化学试卷,18,1
高二下期末合肥六校联考,4,1
高二下期末复习校本资料杭州卷英语,3,1
高二下期末数学,6,1
高二下期末物理试卷,8,1
高二下期末考试,85,1
高二下期末考试数学,11,1
高二下期末考试沈阳大连,36,1
高二下期末考试试卷,8,1
高二下梅州广东日语,4,1
高二下物理电场电势,10,1
高二下生物期末试卷,1,1
高二人教版化学选择性必修一《化学反应原理》第章末复习试卷5套,1,1
高二人教版第二章 直线与圆的方程,3,1
高二人教版选修一,1,1
高二会考,4,1
高二几何向量,1,1
高二化学9+1,7,1
高二化学七彩阳光,2,1
高二化学前两章,1,1
高二化学北斗联盟,4,1
高二化学学科练习,33,1
高二化学有机,6,1
高二化学模拟卷,1,1
高二化学选择性必修一知识点,1,1
高二化学预习资料组卷网,3,1
高二北师大版数学选择性必修一,2,1
高二北师大版数学选择性必修一卷纸,1,1
高二北师大版数学选择性必修一双曲线和几何,1,1
高二升高三,1,1
高二升高三的,5,1
高二历史,2,1
高二古文,1,1
高二地理湘教版选择性必修知识点总结,4,1
高二地理综合试卷,1,1
高二地理综合试卷浙江,4,1
高二学业合格考试,6,1
高二导学案,2,1
高二年级10月份联考,8,1
高二年级学年联考,21,1
高二年级学年联考期末！内蒙古,1,1
高二年级必修三物理单元检测卷,17,1
高二年级思想政治（二）,1,1
高二年级生物学科题库,1,1
高二开学,8,1
高二开学初摸底考试考试,5,1
高二开学前分班考,1,1
高二开学摸底英语试卷,4,1
高二开学数学,4,1
高二开学物理,11,1
高二开学考上学期,2,1
高二开学考化学,32,1
高二开学考化学试卷,4,1
高二开学考化学，试卷试卷,1,1
高二开学考山东,15,1
高二开学考浙江,1,1
高二开学英语,1,1
高二政治哲学与文化,38,1
高二政治必修四第一课,9,1
高二政治必修四第二课,3,1
高二政治选择题,12,1
高二数学上学期专题分层练,6,1
高二数学上学期第一单元测试卷,3,1
高二数学培优,6,1
高二数学基础题,3,1
高二数学复习,8,1
高二数学复习课件,1,1
高二数学学案,1,1
高二数学导数基础训练,3,1
高二数学开学考数学,1,1
高二数学拔高压轴题,9,1
高二数学数列专项预习,3,1
高二数学月考卷2026,3,1
高二数学期中,8,1
高二数学期中河北,2,1
高二数学期末卷免费,5,1
高二数学期末复习课件,6,1
高二数学期末考试题,1,1
高二数学第一,1,1
高二数学第一单元,1,1
高二数学第一单元卷检测卷北师大版,3,1
高二数学第一次上学期,1,1
高二数学第一次上学期哈三中,5,1
高二数学第一次月考试卷北师大版渭南市下学期,1,1
高二数学选必一教材全解,2,1
高二数学选择性必修一 课本,5,1
高二数学选择性必修一第一单元真题,3,1
高二数学选择题,8,1
高二数学重庆,6,1
高二日语2026,4,1
高二日语2026，7月,10,1
高二暑假作业数学,7,1
高二暑假作业数学数列,1,1
高二暑假校本作业:政治练习册(惠州博罗),3,1
高二暑期,1,1
高二月考,1,1
高二月考化学青岛,2,1
高二月考试卷,4,1
高二期中,5,1
高二期中考试,2,1
高二期末化学,23,1
高二期末外校,1,1
高二期末天一,6,1
高二期末政治试卷,4,1
高二期末数学试卷,39,1
高二期末武汉外国语,3,1
高二期末生物,14,1
高二期末考试卷,12,1
高二期末考试物理,7,1
高二期末考试部分区,1,1
高二期末联考化学辽宁,3,1
高二期末英语试卷,8,1
高二期末试卷徐州政治,1,1
高二期末试卷徐州语文,1,1
高二期末语文,1,1
高二烟台上学期期中,1,1
高二物理一月月考,6,1
高二物理下学期期末模拟卷,1,1
高二物理下学期期末真题重组卷,3,1
高二物理十月月考,6,1
高二物理名校联盟10月份月考卷,2,1
高二物理开学考,17,1
高二物理必修三笔记,1,1
高二物理必修三默写,1,1
高二物理必修三默写公式,3,1
高二物理月考福建,1,1
高二物理汕尾,4,1
高二物理汕尾第一次月考,2,1
高二物理电场,1,1
高二物理电场专项,2,1
高二物理电场专项人教版,5,1
高二物理电场专项人教版天津,4,1
高二物理第一次,4,1
高二物理第一次月考江西,3,1
高二物理第一次阶段练习,4,1
高二物理题,3,1
高二物理题吉林,1,1
高二玉林英语试卷,9,1
高二生物,4,1
高二生物九中,7,1
高二生物期末考试卷,1,1
高二生物河北期末考试卷（豆汁儿）,4,1
高二生物选择性必修 思维导图 黑白留白,2,1
高二直线和圆的方程,19,1
高二直线方程,4,1
高二第一次数学月考卷2026,2,1
高二第一次月考,13,1
高二第一次月考上学期,4,1
高二第一次月考上学期湖南数学,3,1
高二第一次月考化学,1,1
高二第三次月考化学,49,1
高二第三次月考化学全国,5,1
高二等效电路图,2,1
高二老一数学月考,1,1
高二聊城一中数学月考,4,1
高二英语单词填空,1,1
高二英语单词英释中,4,1
高二英语填空,6,1
高二英语续写,1,1
高二英语课件,2,1
高二英语课本,1,1
高二英语选择性一人教版第一单元英汉默写,4,1
高二英语选择性必修一知识点笔记总结,6,1
高二英语金太阳,1,1
高二英语阅读,1,1
高二英语阅读人教版,1,1
高二英语阅读理解专,3,1
高二词汇巩固自测,1,1
高二试卷期末试卷,13,1
高二语文北京,4,1
高二语文必背篇目,5,1
高二语文文言文,1,1
高二语文期末,15,1
高二读后续写专练,19,1
高二辽宁联考卷,2,1
高二选修一生物,1,1
高二选修一生物一遍过,2,1
高二选必一上册语文书电子版,1,1
高二选择性必修上古文,1,1
高二青桐鸣联考2026语文A卷,3,1
高二预习,13,1
高二高三英语单词,9,1
高分作文。,3,1
高分模型,2,1
高分突破,1,1
高分突破 2026八下,1,1
高分突破 英语 9年级上册 重庆人教版,5,1
高分突破初三英语,1,1
高分突破语文大考卷中考,1,1
高分线模型,11,1
高坪中学,6,1
高安市吴有训实验学校,4,1
高安市高一上学期第一次月考,4,1
高密市高二期末,2,1
高州市丽泽中学,1,1
高州市第三中学,2,1
高州市第四中学,2,1
高当学业水平考 2026生物卷,2,1
高效作业,2,1
高效培优讲义,1,1
高数学一上学期阶段检测,4,1
高数学函数试卷,1,1
高斯函数,3,1
高新11中分班考,1,1
高新一中内招物理试卷,12,1
高新七中,2,1
高新区 九年级,5,1
高新区六年级下学期考试,3,1
高新区小升初卷,9,1
高新实验,1,1
高新济南,3,1
高新陆港小升初分班考,3,1
高明一中,3,1
高智商的文案富有诗意的句子,1,1
高月考,10,1
高校培优单元检测卷,3,1
高校培优单元检测卷 北师大版选择性必修一第六章,3,1
高校培优单元检测卷 北师大版选择性必修一第六章 强化卷,1,1
高校培优卷测试卷,3,1
高港许庄,1,1
高碑店2025-2026九年级语文10月份,1,1
高碑店市,10,1
高碑店市东盛实验中学2501,8,1
高等数学,1,1
高等数学 大一上,1,1
高级,1,1
高级中学,7,1
高级搜索,13,1
高考 2026浙江.,1,1
高考 作文素材 10大主题2026归类素材,17,1
高考 作文素材 2026热点素材,8,1
高考 听力10年真题全国卷及音频,3,1
高考 完型填空 100篇专项练习26年,1,1
高考 核心词汇688背诵,2,1
高考 浙江.地理,1,1
高考 浙江.地理高考真题,1,1
高考 真题 分类 10年汇编 数学,2,1
高考 英语,3,1
高考 英语 1 卷,1,1
高考 英语作文 10大主题2026归类素材,1,1
高考 英语听力10年真题及音频原文,2,1
高考 英语完型填空,5,1
高考 英语完形填空技巧,1,1
高考 英语小作文答题技巧,1,1
高考 英语续写答题技巧,3,1
高考 英语词汇 2026 3500词汇 背诵检测,8,1
高考 英语阅读理解2026解题策略,2,1
高考 语文 1 卷2026,3,1
高考 语文 1 卷2026全国一卷,2,1
高考 语文 真题,6,1
高考 语文 真题 全国卷,1,1
高考 语法填空 100篇专项练习26年,88,1
高考 资料,1,1
高考 高频词汇688,4,1
高考120个文言实词复习精品(1‑40),3,1
高考1卷英语答案,2,1
高考2020年数学真题全国一卷,1,1
高考2025二卷英语听力,1,1
高考2026年试卷,1,1
高考25年全国一卷英语试卷,4,1
高考26年全国一卷英语试卷,3,1
高考2卷,1,1
高考2卷英语答案,2,1
高考3500,6,1
高考3500 词汇背诵版检测版,10,1
高考3500词,1,1
高考3500词汇,6,1
高考3500词汇各种题型专练,3,1
高考3500词汇各种题型专练原卷,3,1
高考688核心词汇,1,1
高考688核心词汇清单,2,1
高考688核心词汇螺旋进阶 训练单,2,1
高考688高频词,2,1
高考688高频词PDF,1,1
高考688高频词完整版PDF,1,1
高考688高频词汇完整版PDF,4,1
高考一卷化学,1,1
高考一轮不等式,7,1
高考一轮不等式二级结论,6,1
高考一轮复习函数,4,1
高考一轮复习历史,5,1
高考一轮复习文言实词学案,4,1
高考一轮复习检测卷,6,1
高考一轮复习生物复习讲义,9,1
高考一轮复习讲练测,8,1
高考一轮学情考试卷,1,1
高考一轮平面向量计算,6,1
高考一轮柯西,9,1
高考七选五,28,1
高考三角函数专项,1,1
高考专题数学,2,1
高考二卷 2026,1,1
高考二卷作文,3,1
高考二卷化学,2,1
高考五年真题分类汇编,7,1
高考从句,1,1
高考从句 大综合,3,1
高考从句专练,2,1
高考从句综合练习,6,1
高考作文复习,2,1
高考作文素材,4,1
高考作文范文,5,1
高考修改错别字训练72题,1,1
高考光合作用试题,4,1
高考全国一卷化学,1,1
高考全国一卷数学,1,1
高考全国一卷生物,1,1
高考全国一卷生物 2026,2,1
高考全国二卷,1,1
高考全国二卷物理,1,1
高考全国二卷语文2023,8,1
高考冲刺华学,15,1
高考冲刺练习题,4,1
高考函数分类汇编,5,1
高考函数基础题,2,1
高考分类讨论,9,1
高考前三道大题。,16,1
高考前冲刺,1,1
高考前冲刺英语卷,3,1
高考动量,4,1
高考化学2025河北,3,1
高考化学一轮复习讲练测,1,1
高考化学二卷,3,1
高考化学复习,1,1
高考化学大题,1,1
高考化学工艺流程题,7,1
高考化学平衡大题,8,1
高考化学所有有关物质相对应的名字及作用性质,3,1
高考化学模拟卷,1,1
高考化学江苏卷,1,1
高考化学计算大题,1,1
高考单句语法填空,1,1
高考单词,1,1
高考南昌一模语文,7,1
高考卷子2026,1,1
高考卷物理,5,1
高考卷生物,4,1
高考卷，历史福建卷,3,1
高考历史专项练,3,1
高考历史卷子,3,1
高考历史卷广东,1,1
高考历史河北,9,1
高考历史河南,2,1
高考历史真题,5,1
高考历史真题分项汇编,10,1
高考历史答题模板,6,1
高考历史试卷,1,1
高考听力训练,12,1
高考听力连读归纳,5,1
高考听说问答题翻译,1,1
高考固定搭配,4,1
高考地理一轮复习,1,1
高考地理南美洲复习,9,1
高考地理山东,1,1
高考地理真题,6,1
高考地理真题全国一卷,3,1
高考地理答题模板,2,1
高考地理试卷2026,1,1
高考地理试卷2026湖南,1,1
高考地理陕西,3,1
高考复习讲义语文,3,1
高考大题,3,1
高考天津,1,1
高考安徽,6,1
高考安徽化学,3,1
高考完型填空,6,1
高考完形填空,4,1
高考完形填空练习,3,1
高考广东物理,10,1
高考广东生物,6,1
高考建议,1,1
高考建议物理,1,1
高考必修二,1,1
高考必修二政治,6,1
高考必刷卷,1,1
高考必刷卷42套,4,1
高考必刷题物理2023,5,1
高考必备60篇古诗文,6,1
高考必备688单词。,3,1
高考必练工业流程大题汇总,2,1
高考必考古诗文,3,1
高考必背,4,1
高考必背单词,3,1
高考必背语文,1,1
高考快车道,3,1
高考总复习生物学,3,1
高考总复习讲义语文,4,1
高考成语专项,1,1
高考抢分清单,4,1
高考政治2016山东,3,1
高考政治一轮复习,1,1
高考政治体现类材料题汇总,4,1
高考政治必修三模块大题,1,1
高考政治河北,3,1
高考政治真题,1,1
高考政治答题模板,2,1
高考政治资源,1,1
高考数学2022,2,1
高考数学2024年河南,4,1
高考数学2026全国一卷,1,1
高考数学2026全国一卷0,1,1
高考数学2026新高考卷1卷,5,1
高考数学一轮复习,7,1
高考数学一轮复习函数概念,7,1
高考数学专项,11,1
高考数学全国1卷,2,1
高考数学几何专题,1,1
高考数学函数,4,1
高考数学十年(2016-2025年)真题汇编,10,1
高考数学卷,1,1
高考数学卷江苏省,1,1
高考数学压轴题,6,1
高考数学圆锥曲线大题,4,1
高考数学基础题,1,1
高考数学天津,1,1
高考数学导数大题压轴题,3,1
高考数学导数模块题型整理,8,1
高考数学小题专项,1,1
高考数学指导,1,1
高考数学概率,1,1
高考数学模拟,5,1
高考数学物理,9,1
高考数学真题分类汇编,4,1
高考数学真题汇编,7,1
高考数学立体几何,2,1
高考数学试卷,3,1
高考数学试卷2026,4,1
高考文科2026年真题,1,1
高考文科数学,2,1
高考文言文5年真题,3,1
高考新定义4个小问,17,1
高考新定义训练,29,1
高考新课标二,10,1
高考日语2026,1,1
高考日语考纲260条语法大全,3,1
高考日语语法大全,2,1
高考标杆作文,2,1
高考核心词汇1500,1,1
高考模拟,32,1
高考模拟卷2027,5,1
高考模拟卷一,4,1
高考模拟卷英语,2,1
高考模拟卷英语全国一卷,4,1
高考模拟数学,1,1
高考模拟题,1,1
高考模拟题英语,3,1
高考汇编,7,1
高考浙江,4,1
高考浙江2026,1,1
高考湖北,3,1
高考湖北物理,2,1
高考满分作文,3,1
高考热点100练物理,1,1
高考熟词生义,3,1
高考物理一轮复习必修一必修二综合,1,1
高考物理一轮复习讲练测,1,1
高考物理专项,11,1
高考物理光学,1,1
高考物理动量与动能定理综合题型,6,1
高考物理卷子,3,1
高考物理压轴专题,13,1
高考物理压轴题,1,1
高考物理压轴题专题训练,8,1
高考物理周测卷,1,1
高考物理周测卷浙江专版,6,1
高考物理四川,5,1
高考物理实验总结 讲义,7,1
高考物理电磁学,4,1
高考物理福建省,9,1
高考物理经典题目,1,1
高考物理试卷,2,1
高考生物,8,1
高考生物5年真题,10,1
高考生物一轮复习,1,1
高考生物一轮复习遗传,7,1
高考生物光合作用题,7,1
高考生物必修二,1,1
高考生物真题卷,2,1
高考生物试卷,1,1
高考生物走进细胞真题,2,1
高考生物陕西,2,1
高考真题2026数学,1,1
高考真题2026江苏生物,2,1
高考真题5年,1,1
高考真题专题数学,1,1
高考真题俄语,4,1
高考真题分类,9,1
高考真题分类汇编化学湖北,4,1
高考真题分类汇编安徽,1,1
高考真题分类汇编湖北,1,1
高考真题卷,5,1
高考真题卷 2026,9,1
高考真题山西,14,1
高考真题德语,1,1
高考真题政治,3,1
高考真题日语,5,1
高考真题核心词汇,7,1
高考真题江苏,7,1
高考真题法语,1,1
高考真题生物,8,1
高考真题西班牙语,1,1
高考真题试卷,6,1
高考真题通用,2,1
高考真题阅读a篇,16,1
高考真题阅读a篇英语。,7,1
高考真题陕西省,11,1
高考福建卷化学,1,1
高考离子方程式复习,1,1
高考第一道大题,4,1
高考第一道第二道大题,4,1
高考精练物理电子版,1,1
高考纲3500,1,1
高考综合改革适应性演练考试,1,1
高考英语 2027语法填空专项,12,1
高考英语 高频词汇688,4,1
高考英语1000高频,2,1
高考英语1200词,1,1
高考英语2024,5,1
高考英语2024年卷,3,1
高考英语2024新高考1卷,1,1
高考英语2卷,1,1
高考英语3500词,3,1
高考英语688高频词,6,1
高考英语688高频词完整版PDF,1,1
高考英语一模,16,1
高考英语一轮复习,7,1
高考英语七选五,4,1
高考英语七选五技巧,2,1
高考英语专项,4,1
高考英语专项训练,4,1
高考英语作文技巧,2,1
高考英语作文真题,3,1
高考英语作文短文续写,3,1
高考英语作文素材,6,1
高考英语作文读后续写,12,1
高考英语全国一卷,4,1
高考英语单词,1,1
高考英语听力技巧,4,1
高考英语听力汇编,1,1
高考英语听力满分攻略,4,1
高考英语复习,3,1
高考英语完型,3,1
高考英语完形填空专项练习,5,1
高考英语完形填空练习,4,1
高考英语完形填空高频词汇,3,1
高考英语核心1500词,3,1
高考英语核心词汇1500,1,1
高考英语棋牌题,1,1
高考英语模拟卷,6,1
高考英语短语,1,1
高考英语短语固定搭配,3,1
高考英语词性转换,2,1
高考英语词汇,12,1
高考英语试卷近十年,2,1
高考英语语填技巧,3,1
高考英语语法填空真题,17,1
高考英语语法填空计巧,11,1
高考英语语法词汇专项突破,3,1
高考英语读后续写,2,1
高考英语读后续写合集,1,1
高考英语阅读常用词汇,5,1
高考英语阅读理解技巧,3,1
高考英语阅读理解训练,2,1
高考英语高频词3500,4,1
高考英语高频词汇,1,1
高考英语高频词汇 1000背诵版2026最新,4,1
高考英语高频词汇1200,1,1
高考范文,1,1
高考虽有有关物质相对应的名字及作用性质,2,1
高考议论文写作,3,1
高考议论文写作练习,2,1
高考议论文答题模板,4,1
高考议论文阅读答题模板,1,1
高考词汇,1,1
高考词汇3500,5,1
高考试卷2026,5,1
高考试卷2026数学,2,1
高考试卷2026黑吉辽蒙,6,1
高考语文 2026,1,1
高考语文2024答案,1,1
高考语文2026新高考卷1卷,1,1
高考语文5年真题分类,1,1
高考语文一卷,1,1
高考语文专题,4,1
高考语文二模作文,2,1
高考语文作文素材,1,1
高考语文作文纸,1,1
高考语文全国二卷,2,1
高考语文成语专项,3,1
高考语文文言文虚词,4,1
高考语文真题,1,1
高考语文真题2025,1,1
高考语文背诵篇目,3,1
高考语文背诵篇目全集,4,1
高考语文试卷2026 全国一卷,6,1
高考语文试卷2026 全国二卷,5,1
高考语用题汇编,1,1
高考调研2026届数学高考一轮复习资料全套,4,1
高考调研2027届数学高考一轮复习资料全套,1,1
高考调研题组,1,1
高考调研题组层级快练,1,1
高考辽宁 一轮 2026复习,1,1
高考运用隐圆的五种定义,3,1
高考近10年来的空间向量立体,3,1
高考近三年的数学题,3,1
高考重庆一模,3,1
高考错别字,4,1
高考预测卷,3,1
高考领航,1,1
高考领航 2027 大一轮译林版,2,1
高考领航 英语必修三 Unit5,3,1
高考领航卷,4,1
高考领航复习,4,1
高考领航大一轮复习学案,1,1
高考领航英语选择性必修一答案,5,1
高考题2026,1,1
高考题分类汇编,2,1
高考题分类汇编3年全国,2,1
高考题物理,3,1
高考高分作文,3,1
高考高频800个英语词汇,3,1
高考高频一词多义,5,1
高考高频词,1,1
高考高频词汇1080,3,1
高考高频词汇2000词2027,1,1
高考高频词汇英语,2,1
高职,2,1
高职考浙江数学,1,1
高职高考,3,1
高职高考2025广东3 证书数学,1,1
高职高考语文冲刺模拟试卷,1,1
高联二试数学,2,1
高英语完形填空专项,1,1
高菲璐,1,1
高语文必修下册人教版单元检测卷,1,1
高邮,2,1
高邮中学期初考,2,1
高邮期初,8,1
高里中学,1,1
高青县2025-2026五年级期末数学,2,1
高频1200,1,1
高频1500单词,7,1
高频四字格,1,1
高频短语,9,1
高频词,4,1
高频词8年级上册外研版,1,1
高频词8年级上册外研版天津,1,1
高频话题01 自我介绍（同步写作讲义）英语高一通用版,1,1
魏县一中,3,1
魏晋南北朝选官制创新与转变,3,1
魔力一卷通,2,1
魔方,1,1
鲁人泰斗,1,1
鲁人泰斗九上化学第三单元,7,1
鲁巴,1,1
鲁巴高一上第一次月考（化学）,1,1
鲁教新九年级,1,1
鲁教新九年级英语,3,1
鲁教版,3,1
鲁教版七上全等全等三角形,1,1
鲁教版七上数学第二章轴对称,4,1
鲁教版七年级上册数学,1,1
鲁教版九年级英语课本,10,1
鲁教版五四制九年级Unit6~Unit10知识点讲解视频,3,1
鲁教版五四制九年级反比例函数,3,1
鲁教版五四制六上 Unit2 We are Family Section A 学案,7,1
鲁教版八年级上册,6,1
鲁教版八年级下册期末考试 数学,1,1
鲁教版六下英语试卷,3,1
鲁教版初三上物理,4,1
鲁教版化学九上第2单元习题卷,5,1
鲁教版高一必修一物理,4,1
鲁科版七年级数学上册,10,1
鲁科版五四制英语单元听力测试,9,1
鲁科版化学必修一第1-2章试卷及答案,3,1
鲁科版化学必修一第一和第二章试卷及答案,3,1
鲁能巴蜀 2025~20268下期末数学,2,1
鲁能巴蜀2028,7,1
鲁能巴蜀中学,6,1
鲁能巴蜀高一上第一次月考（化学）,4,1
鲁迅中学,2,1
鲁迅中学2025 2026下学期高一地理期末,2,1
鲁迅中学2025-2026下学期高一地理期末,2,1
鲁迅外国,4,1
鲅鱼圈区八年期末考试数学卷,2,1
鲅鱼圈期末,2,1
鲍徐小学,1,1
鲲之大,2,1
鸟头模型 教用版 小升初数学复习几何模型专练,5,1
鸡兔同笼,4,1
鸡西2024一2025期中质量监测七上数学,19,1
鸡西虎林市2025到2026上学期七年级,1,1
鸡西高一数学,6,1
鸣岗中学,1,1
鸿德学校,2,1
鸿飞,1,1
鸿鹄志 名师测控贵州专版,3,1
鸿鹄志 贵州专版,1,1
鹏达,2,1
鹤乡,1,1
鹤华中学,3,1
鹤壁九年级上册月考,16,1
鹤壁市,4,1
鹤壁市七年级上册月考英语卷子,6,1
鹤壁市七年级上册英语卷子,1,1
鹤壁市外国语中学,2,1
鹤壁市外国语初中九上期中测试数学卷,4,1
鹤壁市福源中学小升初历年试卷,3,1
鹤山市纪元中学,6,1
鹤山期中,1,1
鹤山期中八上,1,1
鹿邑,4,1
鹿邑8年级上学期期中,5,1
鹿邑8年级上学期期中数学,2,1
鹿邑八上历史期期中,2,1
鹿邑八上地理期末,4,1
鹿邑八上道法与法治期末,3,1
鹿邑历史期中试卷,1,1
鹿邑县八上生物期中试卷,7,1
鹿邑县生物期中试卷,1,1
鹿邑期中,3,1
鹿邑生物期中试卷,3,1
鹿鸣路九年级上册数学期末试卷,2,1
鹿鸣路九年级上册期末试卷,1,1
麒麟区笫四中学,18,1
麓山国际入学考,1,1
麓山国际入学考高一,2,1
麓山国际实验学校新高一入学考试卷,1,1
麓山国际新高一入学考试卷,1,1
麓山望城,3,1
麓山梅溪湖实验中学,1,1
麓山滨江分班考,2,1
麦岛中学,9,1
麻丘,7,1
麻城市,4,1
麻涌中学,4,1
麻章区统考卷,17,1
麻阳一中,3,1
麻阳县,1,1
麻阳县一中,3,1
麻雀,5,1
黄冈,1,1
黄冈七年级上学期期中考试,4,1
黄冈中学,15,1
黄冈九月调考高三,1,1
黄冈九月调考高三2026届,6,1
黄冈二中,7,1
黄冈二中高三数学限时练,2,1
黄冈全优达标卷,14,1
黄冈小壮元,4,1
黄冈市2025年高三年级9月调研考试,3,1
黄冈市2025年高三年级9月调研考试数学,12,1
黄冈市九月起点考试,6,1
黄冈市高二下期末考试化学,1,1
黄冈市高二下期末考试物理,1,1
黄冈市黄冈市2025年高三年级9月调研考试数学！,6,1
黄冈新课堂,11,1
黄冈期中,9,1
黄冈高一期末考试数学试卷,6,1
黄南洲民族中学2025-2026学年第二学期期末考试试题，地理高二,9,1
黄南洲民族中学2025年到2026,1,1
黄埔语文高一,1,1
黄夫人,1,1
黄夫人高中物理讲义,5,1
黄姚酿,1,1
黄山实验初级中学,5,1
黄山市屯溪区第四中学,1,1
黄山市高三上开学考,5,1
黄岛物理2025期末,1,1
黄广高中高一下册语文期末考试,2,1
黄桥镇,2,1
黄梅理工职业学校,1,1
黄河涯一中物理,1,1
黄浦二模,10,1
黄浦二模英语,1,1
黄浦区,3,1
黄浦区一模九年级,1,1
黄湾中学,1,1
黄石,3,1
黄石七年级下数学,180,1
黄石七年级数学,1,1
黄石三中,1,1
黄石二中,1,1
黄石二中分班考试,3,1
黄石市第,1,1
黄石市第二中学,3,1
黄石市阳新县九年级月考,6,1
黄石市高三新起点考试数学,2,1
黄石市高三楚天协作体新起点考试数学,1,1
黄石试卷数学,3,1
黄金分割数,3,1
黄金起点2026初高中衔接必刷题数学入门检测卷,2,1
黄陂七中,2,1
黄陂区第七高级中学,5,1
黄陂区高二上数学期中,12,1
黄骅,1,1
黄骅2026二模,1,1
黎曼杯,1,1
黎曼杯高三模拟,3,1
黏性末端,4,1
黑 2026 高考真题黑吉辽,1,1
黑 吉 辽 202 6高考,1,1
黑 吉 辽 202 6高考地理,1,1
黑匣子问题,1,1
黑吉辽九师联盟,1,1
黑吉辽九师联盟高一英语期末,8,1
黑吉辽九师联盟高一英语期末内蒙古乌兰察布,1,1
黑吉辽开学考,14,1
黑吉辽蒙,1,1
黑吉辽蒙2025 2026高一下学期期末,5,1
黑吉辽蒙2025 2026高一下学期末考试,2,1
黑吉辽蒙2025 2026高二下学期期末,1,1
黑吉辽蒙2025-2026,2,1
黑吉辽蒙2025-2026学年高一下学期期末模拟考试,2,1
黑吉辽蒙2025-2026学年高一下学期期末模拟考试试题02,8,1
黑吉辽蒙2025-2026高二下学期期末,7,1
黑吉辽蒙卷,6,1
黑吉辽高考,1,1
黑山三下,11,1
黑布林,1,1
黑布林版汤姆索亚历险记,3,1
黑布林版英语绘本汤姆索亚历险记,1,1
黑布林系列,1,1
黑标单词,2,1
黑河市开学考试,1,1
黑河市第一中学,3,1
黑河市第一中学开学考试,1,1
黑河市高一下学期期末数学,5,1
黑河市高一下学期期末物理,4,1
黑河市高一下学期期末生物,2,1
黑盒问题,1,1
黑龙江2026合格考地理,3,1
黑龙江中考数学,2,1
黑龙江中考数学 2026年真题,5,1
黑龙江中考数学2026,2,1
黑龙江九中,1,1
黑龙江九中高三,1,1
黑龙江九中高三上学期开学考,1,1
黑龙江九年级下学期期末,5,1
黑龙江佳一中2025-2026学年度高一下学期期末考试英语试卷,3,1
黑龙江八年级上学期期中,47,1
黑龙江六上期中语文,5,1
黑龙江六校联盟,1,1
黑龙江十校联盟2024-2025高二上学期开学考生物,3,1
黑龙江十校联盟高二上学期开学考化学,5,1
黑龙江十校联盟高二上学期开学考数学,10,1
黑龙江十校联盟高二上学期开学考物理,6,1
黑龙江十校联盟高二上学期开学考生物,2,1
黑龙江双鸭山市第一中学,5,1
黑龙江合格考,6,1
黑龙江哈尔滨七上英语期中试卷,3,1
黑龙江哈尔滨七年级上期末英语试卷,1,1
黑龙江哈尔滨三中高二上月考,12,1
黑龙江哈尔滨三模,8,1
黑龙江哈尔滨八上物理期末试卷,4,1
黑龙江哈尔滨六年级上学期期中数学,3,1
黑龙江哈尔滨六年级上学期期中语文,4,1
黑龙江哈尔滨六年级上期中数学试卷,2,1
黑龙江哈尔滨六年级上期中语文试卷,6,1
黑龙江哈尔滨六年级上期末数学试卷,5,1
黑龙江哈尔滨六年级上期末英语试卷,2,1
黑龙江哈尔滨市六校2025‑2026学年高一下学期7月期末物理试题,3,1
黑龙江哈尔滨市第三中学校2025-2026学年高一下学期6月月考语文,8,1
黑龙江哈尔滨师范大学附属中学2025‑2026学年高一下学期期末考试数学试题,1,1
黑龙江哈尔滨第九中高三上学期,1,1
黑龙江哈尔滨第九中高三上学期9月开学考,6,1
黑龙江哈尔滨第九中高三上学期9月开学考化学,6,1
黑龙江哈尔滨高一上化学月考试卷,3,1
黑龙江哈尔滨高一上化学期末试卷,4,1
黑龙江哈尔滨高一上数学月考试卷,3,1
黑龙江哈尔滨高一上数学期末试卷,3,1
黑龙江哈尔滨高一上物理期末试卷,6,1
黑龙江哈尔滨高一上生物月考试卷,2,1
黑龙江哈尔滨高一上生物期末试卷,1,1
黑龙江哈尔滨高二上学期第一次月考试卷,10,1
黑龙江哈尔滨高二上数学月考试卷,8,1
黑龙江哈尔滨高考英语模拟试卷,2,1
黑龙江大庆中学2026届高三考前模拟英语试题,1,1
黑龙江大庆各中学试卷,1,1
黑龙江大庆市大庆中学2025‑2026学年高一下学期期末考试高一数学试题,3,1
黑龙江大庆市实验中学2025-2026学年高一下学期6月阶段检测语文 试题,1,1
黑龙江大庆铁人中学,3,1
黑龙江学业考试试题政治,5,1
黑龙江学考,10,1
黑龙江德强,2,1
黑龙江德强开学册,3,1
黑龙江护理专升本,1,1
黑龙江期中,2,1
黑龙江步步高,3,1
黑龙江物理八下期末,9,1
黑龙江的暑假作业,1,1
黑龙江省一轮复习资源与评价英语,4,1
黑龙江省五常市雅晨中学校12。月月考语文试卷,1,1
黑龙江省五常市雅晨中学校12月月考语文试卷,4,1
黑龙江省五常市雅晨中学校高二上学期末考试卷,8,1
黑龙江省五常市雅晨中学校高二上学期第一次月考试卷,3,1
黑龙江省佳木斯市2024到2025学年九年级上学期11月期中物理试题,3,1
黑龙江省佳木斯市20中，上学期，期中考试，九年级数学试题,1,1
黑龙江省佳木斯市二十中，上学期，期中考试，九年级数学试题,5,1
黑龙江省佳木斯市桦南县，2025到2026学年九年级上学期期中物理试卷,11,1
黑龙江省佳木斯市第五中学2024到2025学年上学期九年级期中数学试题,3,1
黑龙江省佳木斯市第八中学2025 2026学年高二下学期7月期末考试数学试题,1,1
黑龙江省佳木斯市，桦川县九年级上学期期中考试数学试卷,5,1
黑龙江省佳木斯市，第20中学2024到2025学年，九年级上学期期中物理试卷,1,1
黑龙江省俄语高考试卷,13,1
黑龙江省农垦总局中考,1,1
黑龙江省农垦总局中考2008,1,1
黑龙江省单招,1,1
黑龙江省南江市第二高级中学高一上9月月考,3,1
黑龙江省双鸭山市中考政治试卷,3,1
黑龙江省双鸭山市初二下学期期末考试英语,1,1
黑龙江省名校协作,1,1
黑龙江省哈尔滨市,5,1
黑龙江省哈尔滨市113中2023年六年级上册英语学科开学测试,1,1
黑龙江省哈尔滨市五常市雅晨中学校高二上学期语文期末考试卷2025-2026,5,1
黑龙江省哈尔滨市五常市雅晨中高二上学期语文期末考试卷2025-2026,1,1
黑龙江省哈尔滨市六校联考高二上学期数学期末考试卷2025-2026,2,1
黑龙江省哈尔滨市六校联考高二上学期语文期末考试卷2025-2026,8,1
黑龙江省哈尔滨市师范大学附属中学高一下学期期末考试数学试卷,4,1
黑龙江省哈尔滨市师范大学附属中学高三年级第一次验收,2,1
黑龙江省哈尔滨市德强中学2024‑2025学年七年级下学期期末数学试题,3,1
黑龙江省哈尔滨市第一一三中学2023年六年级上册开学测试,3,1
黑龙江省哈尔滨市第三中学,10,1
黑龙江省哈尔滨市第三中学学校,1,1
黑龙江省哈尔滨市第三中学高一下学期期末考试数学试卷,4,1
黑龙江省哈尔滨市风华中学2025‑2026学年度下学期期中七年级数学学科测试试卷,1,1
黑龙江省大兴安岭两校联考,7,1
黑龙江省大兴安岭组卷联考,1,1
黑龙江省大庆市第一中学数学,1,1
黑龙江省大庆市第六十九中数学,21,1
黑龙江省大庆市肇源县九年级英语,7,1
黑龙江省大庆铁人中学 2023‑2024学年 高一 10月月考 数学物理,23,1
黑龙江省大庆铁人中学 2023‑2024学年 高一/高二 10月月考 数学,3,1
黑龙江省学业水平合格性考试,1,1
黑龙江省学业水平合格性考试英语,2,1
黑龙江省学业水平测试物理,7,1
黑龙江省学业水平考试英语,5,1
黑龙江省新时代高中教育联合体2025到2026学年高三学年上学期期中联考巩固卷二语文试题,4,1
黑龙江省普通高中学业水平考试,4,1
黑龙江省桦南县,1,1
黑龙江省桦南县第一中学2024-2025,1,1
黑龙江省牡丹江市初中课改联盟第一子联盟2025 2026学年度第二学期八年级期中考试物理学试卷,3,1
黑龙江省牡丹江市第一高级中学2025-2026高一下期末生物卷答案,2,1
黑龙江省牡丹江市高一下期末数学真题,5,1
黑龙江省牡丹江第一高级中学高一下期末考试,6,1
黑龙江省职教高考2026,1,1
黑龙江省道里区,5,1
黑龙江省高一下学期生物期末考试卷,8,1
黑龙江省高三下学期化学考试,3,1
黑龙江省高三二模,1,1
黑龙江省高二上开学考试卷,12,1
黑龙江省高二开学考试卷,3,1
黑龙江省齐齐哈尔市2026年八下数学期末试卷建华区,8,1
黑龙江省齐齐哈尔市2026年八下物理期末,38,1
黑龙江省齐齐哈尔市2026年八下英语期末试卷,29,1
黑龙江省齐齐哈尔市2026年数学期末试卷,5,1
黑龙江省龙东地区2025到2026，学年九年级上学期期中物理试卷,10,1
黑龙江省龙东地区2026年初中学业水平考试,1,1
黑龙江省龙东地区2026年初中学业水平考试英语试题,1,1
黑龙江省龙西北名校联盟2025‑2026学年高一下学期7月期末考试数学试卷,1,1
黑龙江第九中高三,1,1
黑龙江第九中高三上学期,1,1
黑龙江讷河市,11,1
黑龙江讷河市期中,1,1
黑龙江阶段检测,1,1
黑龙江高一上数学必修1单元测试卷,4,1
黑龙江高一上物理月考,1,1
黑龙江高一下学期期末,2,1
黑龙江高一下学期阶段检测,9,1
黑龙江高一下学期阶段检测开学考,4,1
黑龙江高一期末化学,6,1
黑龙江高一期末物理,13,1
黑龙江高一期末语文,8,1
黑龙江高三上学期 8 月月考化学试卷,3,1
黑龙江高二上学期期中,15,1
黑龙江高考,1,1
黑龙江高考化学真题,3,1
黑龙江高考真题,1,1
黑龙江齐齐哈尔市,3,1
黑龙江齐齐哈尔市2025‑2026学年高一下学期7月期末物理试题,1,1
黑龙江齐齐哈尔市2025到2026学年高一上学期期中考试语文试题,3,1
黑龙江齐齐哈尔建华三中,27,1
黑龙江龙东,2,1
黑龙江龙东化学,5,1
黑龙江龙东开学册,6,1
黑龙江龙东生物,1,1
黔东南州2024年小学升学文化水平测试,7,1
黔东南州2024年小学升学文化水平测试语文,7,1
黔东南州2025届高三模拟统测,7,1
黔东南州2026年小学升学文化水平测试,3,1
黔东南州数学,3,1
黔东南高二上学期数学,2,1
黔东南高二上学期期中数学,1,1
黔南州2024~2025学年度第二学期过程性质量监测,19,1
黔江,3,1
黔西南州初一分班考试卷数学人教版,1,1
默写 小纸条,8,1
默写小纸条化学,3,1
默写挖空以及实词,6,1
鼎尖,1,1
鼎尖化学2024-2025,1,1
鼎尖名校大联考,6,1
鼎尖教育化学,2,1
鼎尖教育化学2024-2025,1,1
鼎尖教育化学高一,1,1
鼎尖教育化学高一下学期,1,1
鼎尖高二上期末,18,1
鼎成中考仿真卷,14,1
鼎成中考仿真卷2024版语文,11,1
鼎成中考仿真卷语文,5,1
鼓楼求真,12,1
齐河县,6,1
齐河县六年级数学,2,1
齐河县六年级数学期末,11,1
齐河县第一中学,2,1
齐河县职专,2,1
齐河县职业,3,1
齐河县职业中专,1,1
齐河县高中,2,1
齐河县高级中学,1,1
齐通,5,1
齐鲁名校,4,1
齐鲁名校联盟,6,1
齐齐哈尔,6,1
齐齐哈尔二模数学,1,1
齐齐哈尔实验中学高二上物理期末考试,1,1
齐齐哈尔市九校联谊,1,1
齐齐哈尔市实验中学高一期末考试卷,6,1
齐齐哈尔市高一下七月物理,1,1
齐齐哈尔市高一下学期期末化学,1,1
齐齐哈尔市高一下学期期末数学,4,1
齐齐哈尔市高一下学期期末生物,7,1
齐齐哈尔教连体,4,1
齐齐哈尔期末,5,1
齐齐哈尔甘南,1,1
齐齐哈尔甘南县六下数学期末,2,1
齐齐哈尔高中英语高一必修一月考,5,1
齐齐哈尔高考二模数学,20,1
龙东,2,1
龙东中考2026,2,1
龙东十校联盟开学考试题,6,1
龙东十校联盟高一上学年度期未物理考试,4,1
龙东十校联盟高一上学年度期未考试,3,1
龙东十校联盟高二上学期第一次月考,5,1
龙东十校联盟高二上开学考试题,3,1
龙东十校联盟高二下学期期末,6,1
龙东地区2025下学期期末考试,4,1
龙东地区2026下学期期末考试,2,1
龙东地区八年级上册第1单元,4,1
龙东地区八年级上册第一次月考试卷,23,1
龙东地区高一期末考试,2,1
龙东地区高二下期末联考,6,1
龙东联盟,16,1
龙东联盟2024-2025英语期末高一下,1,1
龙亭学校,2,1
龙区期末,1,1
龙华七上期末,3,1
龙华区八上历史期末,1,1
龙华区八下数学,1,1
龙华区初中,7,1
龙华区期末,3,1
龙南阳明小学,1,1
龙口六年级英语期中上,1,1
龙城创新学校,2,1
龙城初级中学,6,1
龙岗,15,1
龙岗 10月,6,1
龙岗 月考,3,1
龙岗中学,1,1
龙岗八下期末,5,1
龙岗区2025-2026第二学期数学六年级答案,1,1
龙岗区期末化学,1,1
龙岗月考初三数学,4,1
龙岩,13,1
龙岩七年级上册数学月考试卷,1,1
龙岩六年级,9,1
龙岩市,5,1
龙岩市2024～2025学年第二学期期末高一教学质量检查,1,1
龙岩市2025~2026下学期期末考试,1,1
龙岩市2026届高三毕业班三月质量检测,3,1
龙岩市2026高三上期末考,1,1
龙岩市2026高三期末考,1,1
龙岩市一中,1,1
龙岩市新罗区2026年下学期英语期末考试卷,4,1
龙岩市新罗区九年级上册数学期末试卷,1,1
龙岩市新罗区九年级上册数学期末试卷2024一2025,6,1
龙岩市第一中学,1,1
龙岩质检,4,1
龙岩高二上数学期中考试,2,1
龙岩高二下期末,2,1
龙岩高二下期末生物,2,1
龙岩高二数学期中考试,3,1
龙江地区八年级上册道法期中考试卷,4,1
龙泉一中,4,1
龙泉中学,4,1
龙泉实验学校,1,1
龙泉杯物理,1,1
龙津中学,12,1
龙海区2025至20261~3单元期中卷,2,1
龙海区2025至20261~3单元语文八上期中卷,19,1
龙港中学分班考,11,1
龙源学校,2,1
龙西北名校联盟期末考试物理,4,1
龙西北名校联盟期末考试生物,2,1
龙西北联盟,5,1
龙西北联盟开学考,13,1
龙赛中学,1,1
龚州,1,1
龚州中学,3,1
！,8,1
！【衡水金卷·先享题】2026年高考一轮复习40分钟单元检测卷（L版）,2,1
＇雅礼2025 ＿202 6,3,1
（新）三年级上册语文背诵+默写表,6,1
（湖北名校） 2025~2026学年语文综合测试卷2,3,1
（考题猜想）-高一语文上学期期中考点大串讲,16,1
（语文）东北三省三校（哈师大附中东北师大附中辽宁省实验中学）,9,1
（语文）东北三省三校（哈师大附中东北师大附中辽宁）,21,1
）  1. 宜宾南溪区六年级下册期末语文,2,1
，25年红桥高三数学,20,1
，老人送孙子上学横穿操场被打球学生撞倒骨折，将学生和学校告上法庭。法院认为属于“自甘风险”行为，自行承担90%责任,1,1
：   - 要15篇阅读A篇： 新高考I卷英语 阅读理解A篇 历年真题汇编,4,1
：https://www.zxxk.com/soft/53366656.html,1,1
： 2027 导与练 历史 广西 教师用书,1,1
： 衡水体英语作文 图片,3,1
：九年级 上册期末考试卷贵阳市数学,6,1
：广东3+证书2022‑2026真题原卷+解析版,6,1
：甘肃省酒泉市金塔县中学 2025 高一入学测试/开学摸,1,1
