keywords,pv,uv
物理,745,106
高考,357,90
数学,881,89
英语,616,84
中考,403,75
开学考,608,73
期末,1081,70
化学,418,59
期中,639,54
分班考,422,53
月考,594,53
语文,344,53
2026 0 01卷 高考数学,184,51
三角函数,200,46
函数,243,45
高 考 2026高考真题,207,44
圆锥曲线,223,43
免费,93,42
生物,304,42
二次函数,203,39
成都七中,174,39
高 考 2025高考真题,123,39
基本不等式,203,38
立体几何,164,34
第一次月考,291,34
集合,189,32
免费专区,118,30
听力,171,30
竞赛,235,29
长郡中学,185,28
深圳中学,105,27
导数,113,26
历史,173,25
小升初,148,25
巴蜀中学,113,25
不等式,112,24
专题,246,23
哈三中,96,23
日语,159,23
一模,115,22
作文,114,22
地理,89,22
2026 0 0 1卷 全国高考 语文,74,21
开学考 分班考 高一,175,21
重庆八中,210,21
2026 0 0 1卷 全国英语高考,54,20
一元二次方程,112,20
人大附中,72,20
数列,77,20
解三角形,55,20
阅读理解,108,20
分班考 初一,190,19
圆,108,19
镇海中学,100,19
高考真题,103,19
2026 0 0 1卷 全国高考,71,18
上海中学,61,18
分班,105,18
山东省实验中学,46,18
衡水中学,66,18
试卷,197,18
语法填空,126,18
长郡,98,18
雅礼中学,148,18
高 考 2026高考真题全国一卷,75,18
高一数学,142,18
华师一附中,62,17
师大附中,52,17
课件,115,17
课本,62,17
高一,168,17
T8联考,104,16
学考,95,16
空间向量,56,16
高考数学,85,16
1.1 集合,56,15
2026,94,15
2026高考,50,15
分班考 高一,98,15
单词,55,15
大连24中,60,15
开学测,109,15
相似三角形,58,15
读后续写,57,15
高考卷,48,15
1 一元二次方程,52,14
一中,27,14
七年级上册,75,14
东北师大附中,65,14
天一,92,14
天一大联考,41,14
强基,51,14
成都 七中,55,14
政治,82,14
英语阅读理解,54,14
解析几何,54,14
高 考 2026高考真题全国二卷,46,14
高三开学考,107,14
一轮复习,51,13
华中师范大学第一附属中学,66,13
圆周运动,47,13
巴蜀,140,13
开学,244,13
强基计划,103,13
教材,52,13
江南十校,89,13
江西,78,13
济南,55,13
深圳一模,42,13
2.2（1）化学平衡有关计算,32,12
2026 0 01卷 高考,38,12
上好课,110,12
全等三角形,60,12
八省联考,64,12
北京,101,12
华师一附中圆锥曲线专题,83,12
南开中学,64,12
哈师大附中,36,12
因式分解,88,12
大庆实验中学,87,12
学易金卷,131,12
小 升初2025数学试卷,30,12
成都,56,12
暑假作业,62,12
自主招生,255,12
苏州,51,12
英语阅读 100篇专项训练,90,12
高考英语,20,12
2.1.2 基本不等式,46,11
三角恒等变换,41,11
中考2026,46,11
八中,116,11
动量,70,11
南京,54,11
南京师范大学附属中学,48,11
历城二中,67,11
合肥一中,70,11
宾语从句,22,11
必刷 题 2026 电子版,37,11
扬州中学,68,11
有机化学,64,11
泉州五中,61,11
浙江,159,11
深圳,74,11
潍坊,73,11
炎德英才大联考,101,11
物质的量,53,11
苏州中学,38,11
英语听力,45,11
辽宁省实验中学,71,11
重庆一中,44,11
雅礼,96,11
高 考,36,11
2025,57,10
一次函数,59,10
专项,40,10
东北师范大学附属中学,58,10
中 考,36,10
九省联考,59,10
免费试卷,34,10
八中 重庆,60,10
八年级上册,55,10
北师大版,56,10
华东师范大学第二附属中学,63,10
受力分析,55,10
天一中学,68,10
学军中学,46,10
定语从句,29,10
导数专题,40,10
广州,70,10
成都0诊,32,10
数学竞赛,266,10
新高考1卷,36,10
有理数,29,10
椭圆,62,10
江苏,90,10
物理竞赛,118,10
省实验,27,10
组卷网,48,10
语法,48,10
音标,51,10
高一月考,47,10
10月月考,160,9
www zxxk com参考答案,67,9
七年级下册,39,9
上海交通大学附属中学,153,9
元素周期表,32,9
勾股定理,45,9
厦门,44,9
反比例函数,54,9
名校联盟,47,9
完形填空,55,9
小 升初,70,9
小升初分班考,27,9
开学考试,49,9
思维导图,45,9
抽象函数,43,9
排列组合,28,9
文言文,32,9
月考卷,113,9
期末考试,125,9
概率,35,9
氧化还原反应,40,9
石家庄二中,42,9
石门中学,37,9
育才,80,9
衡水二中,53,9
计算题,43,9
辽宁名校联盟,127,9
静电场,49,9
高三数学,41,9
高考试卷,44,9
龙东十校联盟,31,9
2 空间向量及其运算,38,8
2.1 相似三角形判定,17,8
2025 0 1全国1数学真题,24,8
Z20名校联盟,54,8
www zxxk com,45,8
七选五,21,8
三角 函数025一轮专题测,29,8
云南期末,25,8
入学考,101,8
八年级上学期阶段检测,18,8
匀变速直线运动,46,8
华南师范大学附属中学,30,8
单招,40,8
南开中学重庆,42,8
南通,41,8
压轴题,61,8
哈尔滨,23,8
圆锥曲线大题,30,8
复旦大学附属中学,25,8
天津市第一中学,39,8
奥数,36,8
广西期末,65,8
数学期末,27,8
新高考一卷,22,8
杭州一模数学,13,8
武汉,44,8
海南中学,37,8
湖南,45,8
电学,57,8
直线与圆,31,8
知识点,59,8
立体几何与空间向量,33,8
第一单元,28,8
英语1600词背诵版,24,8
英语语法填空,30,8
西南大学附属中学,23,8
计算,25,8
语文答题模板,31,8
重庆市第一中学,40,8
重庆市第八中学校,60,8
镇海,47,8
高 一 0 上学期,48,8
高 一 上学期10月第一次月考,70,8
高一期末,40,8
1 二次函数,18,7
1.2 三角函数计算,15,7
10月,62,7
2.3 因式分解法,20,7
2025 0 0 1卷 全国高考,27,7
2025-2026,31,7
2026 0 0 1卷 高考 化学,27,7
26年 1卷 高考,29,7
PPT,23,7
Z20,26,7
ppt,27,7
《乡土中国》,26,7
七宝中学,36,7
中考卷,27,7
九上 第1章 二次函数,21,7
乡土中国,30,7
二中,19,7
二次 函数 025 二轮 专题中考,21,7
二次根式,34,7
人教版,32,7
免费专区数学,27,7
全国1卷,14,7
全国二卷,33,7
函数 0 1 函数一轮复习专题,21,7
动态平衡,35,7
化学 1轮复习,33,7
化学平衡,33,7
化学竞赛,14,7
北京中考,27,7
厦门一中,69,7
厦门双十中学,32,7
向量,19,7
圆锥曲线 大题,20,7
宪法专项基础选择15道,85,7
导数 023专题一轮复习,25,7
平面向量,31,7
广东实验中学,26,7
广东期末,22,7
必刷题,18,7
无锡,34,7
期末试卷,51,7
极值点偏移,47,7
步步高 2027大一轮复习讲义,35,7
汕头市金山中学,29,7
泉州,41,7
深圳 一模2026,26,7
湖南师大附中,43,7
潮阳实验学校,20,7
状语从句,67,7
百强校,16,7
相似,53,7
福州一中,30,7
空间向量与立体几何,37,7
答题卡,30,7
红岭中学,47,7
组卷,29,7
绵阳中学,15,7
网课讲授,18,7
联考,56,7
育才中学,11,7
贵阳一中,18,7
辽宁,22,7
辽宁中考,30,7
辽宁阶段检测,57,7
重庆,28,7
重庆南开,28,7
重庆第八中学,26,7
金太阳 02026金太阳试卷,33,7
阅读,38,7
陕西,40,7
高 考 2025高考真题全国一卷,14,7
高一分班考,54,7
高一化学,22,7
高一物理必修一,21,7
高三下学期期末,27,7
高二期末,51,7
高考作文,16,7
黑龙江,25,7
1 一元二次方程和它的解,9,6
2025八省联考,42,6
2026 0 0 1卷 全国高考 数学,15,6
2026 0 0 1卷 全国高考 英,23,6
2026 0 02卷 高考数学,13,6
2026北京中考,28,6
2026山东物理高考,15,6
2026政治 高考真题,13,6
2026高考语文,7,6
4.1（1）元素周期表,15,6
5. 带电粒子在电场中的运动,10,6
9月,49,6
9月月考,189,6
T8,17,6
Z20名校联盟2026届高三第一次联考,30,6
z20,11,6
一元二次方程 单元测试卷,35,6
一般现在时,11,6
三年级,19,6
上海,71,6
上海高考,24,6
中国人民大学附属中学,54,6
九上物理,16,6
九师联盟,27,6
九年级上学期阶段检测,25,6
交大附中,32,6
会考,24,6
佳木斯一中,15,6
入学,22,6
入学考试,27,6
八上,36,6
八上数学,21,6
八上数学单元测试卷,7,6
八年级上学期期中,29,6
函数专题,18,6
化学方程式,38,6
十三中,17,6
十字相乘法-分解因式,23,6
单招数学,30,6
南京外国语学校,37,6
南宁三中,49,6
南昌二中,33,6
历史01一轮复习知识点归纳,23,6
历史时间轴及大事年表,26,6
口算,25,6
吉林市第一中学,37,6
哈 三 中,33,6
大连育明高级中学,16,6
天津,22,6
天津一中,24,6
天津中考,24,6
天津高考,14,6
奥林匹克数学竞赛,59,6
好题汇编,155,6
学案,68,6
学考 20 2 5 年 学业水平考试,29,6
导学案,19,6
小 升初2025数学真题卷,27,6
小升初英语,32,6
广东,32,6
广东省实验中学,11,6
开学考 分班考 高一上,87,6
提前招生,45,6
新高考 2卷,9,6
方程,55,6
日语2025高考考日语卷,23,6
有机,22,6
期 中,51,6
期初考试,69,6
机械能守恒定律,28,6
杭州二中,18,6
椭圆大题,32,6
步步高,22,6
江南十校联考,23,6
江淮十校,22,6
沈阳,37,6
河北期末,39,6
淮南二中,43,6
深圳一模数学,21,6
深圳外国语学校,8,6
清华附中,13,6
湖北期末,23,6
湖南师范大学附属中学,21,6
物理高一下期末,27,6
电场,41,6
电子书,15,6
电磁感应,15,6
直线和圆的方程,16,6
知识清单,14,6
离子共存、离子的检验与推断,19,6
立体 几何2026年大题汇编,30,6
第一次 月考,17,6
红楼梦,32,6
耀华中学,23,6
英語,21,6
英语语法,18,6
英语阅读,27,6
衡水,23,6
西安铁一中,22,6
西工大附中,25,6
计算 100专项训练计算专项,21,6
语文阅读 100篇专项训练,18,6
语文阅读理解,18,6
辽南协作体,17,6
遗传,33,6
邗江中学,40,6
重庆 0224八中,21,6
重庆市第八中学,28,6
重庆期末,49,6
金太阳,20,6
金太阳联考,45,6
长沙,60,6
长沙市第一中学,31,6
阅读 100篇专项训练,25,6
集合与常用逻辑用语,12,6
非谓语,29,6
高 一 0 上学期 人教版 必修一,44,6
高 一 0 上学期 人教版 必修一数学,17,6
高一上,88,6
高一上月考,30,6
高一期中,51,6
高一期中考试,17,6
高一第一次月考上学期,73,6
高一语文,36,6
高三,61,6
高三化学,25,6
高三开学考9月,38,6
高三英语,29,6
高中 英语 3500词背记版,28,6
高新一中,22,6
高考1卷,22,6
高考语文,21,6
1 不等式及其基本性质,10,5
1. 匀变速直线运动的研究,24,5
2 运动的描述,29,5
2.1化学反应的方向,8,5
2023 0 1 0卷 全国2卷语文高考真题,8,5
2025 0 1 1卷 数学,12,5
2026 0 01卷 高考数学真题,9,5
2026年普通高等学校招生全国统一考试,23,5
2026高考 1 卷,18,5
2026高考英语,7,5
24 年1卷高考数学,9,5
3. 动量守恒定律,17,5
4. 机械能守恒定律,12,5
IMO,29,5
三角形,23,5
东北育才,16,5
东北育才学校,26,5
中考物理,16,5
中考真题,19,5
中考英语,20,5
九上化学,11,5
九上物理单元测试,10,5
九校联考,11,5
二次函数压轴题,38,5
云南师大附中,40,5
传送带模型,16,5
作文素材,19,5
入学考试 高中 高一分班考试,41,5
全国高中数学联赛,16,5
全国高中数学联赛一试,18,5
全国高考1卷,12,5
八年级,31,5
内江,54,5
几何,11,5
函数奇偶性,16,5
分式,35,5
分班考初升高,72,5
分班考试,9,5
分班考试卷小升初,45,5
初 高 衔接2026,40,5
化学020化学专题工艺流程大题,13,5
化学必修一,16,5
化学有机大题,16,5
化学竞赛 2024年第41届初赛真题,17,5
化学试卷,16,5
北京中考2026,10,5
北京四中,13,5
华中师大一附中,21,5
单元卷,18,5
单词默写,18,5
南京外国语,17,5
南宁二中,22,5
南山中学,6,5
南师附中,9,5
南阳,25,5
厦门双十,65,5
双十中学,16,5
双曲线,20,5
合格考 2025年 普通高中学业水平江苏省,25,5
合肥,53,5
合肥 1中,31,5
合肥 一中,24,5
合肥一中 2025 2026 学年度第二学期期末,14,5
吉林一中,10,5
吉林油田高级中学,27,5
吴淞中学,16,5
和平,8,5
哈尔滨三中,8,5
哈尔滨市第九中学,10,5
哈尔滨师范大学附属中学,17,5
四中,15,5
圆锥曲线专题,25,5
圆锥曲线中常用的二级结论,15,5
地生会考,11,5
基因工程,19,5
基本 不等式12种题型,13,5
外国语,24,5
天壹,28,5
天津 一中,23,5
学军,13,5
安徽,16,5
完型填空 100篇 专项训练英语,21,5
宿迁,32,5
将军饮马,13,5
将军饮马-最值问题,34,5
山 东 2 0 2 6高考真题,21,5
山东,43,5
山东阶段检测,5,5
师说,20,5
带电粒子在电场中的运动,24,5
常州,52,5
广州中考,10,5
广西,44,5
广雅中学,13,5
应用题,21,5
徐州,36,5
徐州一中,18,5
忻州一中,8,5
惠州一中,62,5
慈溪,102,5
成都七中2025 2026学年高一下学期半期考试,16,5
成都外国语学校,14,5
成都市,16,5
成都零诊,21,5
执信中学,10,5
扬州,34,5
抛体运动,12,5
教材帮,13,5
数学导数,17,5
数学高考,8,5
数学高考真题,28,5
文言 文120个实词 整理和文言虚词,26,5
星海实验中学,30,5
曲靖市第一中学,14,5
杨村一中,54,5
杭州,50,5
杭州第二中学,56,5
杭州高级中学,26,5
松江二中,39,5
欧姆定律,20,5
欧姆定律 1 2专题计算练习,17,5
江苏省2025年学业水平合格性考试,27,5
江西师大附中,52,5
沈阳二中,30,5
河北,21,5
河北中考,22,5
河南,26,5
泰安,170,5
泰州,43,5
济宁,18,5
浙南名校联盟,14,5
海安中学,30,5
淮北一中,22,5
湖北,42,5
湖北高三下学期期末,28,5
湖南师大附中高一,11,5
湖南期末,19,5
热力学,22,5
物理 01 新中考 卷 新题 型 结构 学易金卷 2024 年 中考 考前 押题 密卷 2025 零一 二零二四 二零二五,46,5
物理专题复习,34,5
物理书,8,5
物理期末,50,5
生地 会考2026年真题试卷,19,5
生物期末试卷,50,5
生物选修一,17,5
电子版教材,18,5
电离平衡,16,5
电路,15,5
电路图,23,5
盐城,27,5
盐城2025高一五校联考,22,5
盘锦市高级中学,16,5
直线与圆的方程,12,5
石家庄,76,5
福建中考,40,5
等差数列,17,5
简爱,12,5
简谐运动,19,5
红星照耀中国,20,5
联盟,23,5
育明,24,5
自主招生数学,47,5
苏教版,38,5
英语 语法 必备知识大全,31,5
英语单词,24,5
英语四级真题,9,5
英语期末,20,5
英语试卷,19,5
英语阅读理解 100篇专项训练,12,5
莆田一中 高一新生入学考,35,5
葫芦岛,27,5
解方程,28,5
计数原理,28,5
译林版,29,5
语言文字运用,17,5
辽宁省五校联考,21,5
运动的描述,17,5
进才中学,27,5
邢台市第一中学,21,5
郑州,19,5
郸城一高,12,5
重庆中考,13,5
重庆八中高二下期末,18,5
重庆南开中学,13,5
重庆巴蜀,12,5
重庆市第一中学校,13,5
重难点培优,31,5
金 考卷 2026 版,8,5
金山,30,5
金考卷,18,5
铁一中,6,5
镇江,34,5
长沙市一中,19,5
雅思,12,5
青岛,27,5
青桐鸣大联考,27,5
静电场及其应用,34,5
预习,33,5
高 一,17,5
高 一 0 上学期 人教版 必修一数学试卷,26,5
高 一 0 上学期 化学,9,5
高 一 数学,18,5
高 二 0 2024 2025 026 高二下学期期末 数学,8,5
高 考卷 2026年真题,13,5
高一上月考数学,32,5
高一下期末,16,5
高一函数,13,5
高一函数2026专题,27,5
高一开学考,27,5
高一期末数学,20,5
高一期末数学试卷,29,5
高三2026,142,5
高三语文,18,5
高中,36,5
高中 1必修1,10,5
高中化学方程式汇总,28,5
高中英语3500词,16,5
高二上10月月考,61,5
高二上开学考,37,5
高二下学期期末,36,5
高二开学考试,23,5
高考模拟卷 2026届,63,5
黄冈名卷,8,5
1 因式分解,24,4
1.1 勾股定理,10,4
1.1 化学反应与能量变化,5,4
16 运动的快与慢,14,4
2 全等三角形,4,4
2.1 全等三角形的判定,15,4
2.大数的读法与写法,9,4
2003 高考数学试卷,8,4
2022 0 1全国1 数学高考,11,4
2024 2025,4,4
2025 0 1全国1一卷英语卷高考,14,4
2025 2026 01 七年级下册期末试卷,6,4
2025八省联考数学,12,4
2025学年第二学期杭州市高二年级教学质量检测,5,4
2025安徽中考数学,9,4
2025年普通高等学校招生全国统一考试语文,8,4
2025年高考,7,4
2025高考,9,4
2026 0 0 1卷 全国高考 物理,4,4
2026 0 0 1卷 全国高考 英语,7,4
2026 0 0 2卷 全国高考 语文,8,4
2026 全国高考语文1卷,5,4
2026 年 高考0 1卷 英语试卷,17,4
2026 物理 高考,7,4
2026 高考,16,4
2026中考数学,20,4
2026全国二卷英语,8,4
2026地理高考真题,6,4
2026天津高考,5,4
2026学考 7月浙江,32,4
2026山东中考,41,4
2026山东政治高考真题,9,4
2026山东高考,11,4
2026年中考,5,4
2026年山东高考,16,4
2026年普通高中学业水平选择性考试,39,4
2026年深圳市高三年级第一次调研考试,24,4
2026广州中考,10,4
2026广西高考,19,4
2026福建中考数学,15,4
2026辽宁中考,8,4
2026高考历史,23,4
2027 2027高三一轮,18,4
22年1卷 高考卷数学,10,4
BEST合作体,11,4
best,12,4
mst,9,4
一 元二次方程 100道,8,4
一 元二次方程 100道初中数学一元二次方程解方程专项练,33,4
一二六,21,4
一数100讲高考数学,9,4
一本,13,4
一模2026,17,4
一模卷,36,4
一般现在时，一般过去时与现在完成时辨析,4,4
一般过去时,16,4
七上数学,10,4
七上数学单元测试,22,4
七中,10,4
七年级上册数学,11,4
七年级数学,13,4
七校联考 重庆,15,4
三中,4,4
三年级上学期阶段检测,12,4
三明市,18,4
三维设计,13,4
三角函数一轮复习,11,4
三角函数大题,17,4
上南中学,51,4
上海期末,8,4
不等式 025 一轮 专题 复习,18,4
专升本,10,4
东华高级中学,19,4
中山市,23,4
中考卷子,11,4
中考数学,23,4
中考语文,14,4
临沂 2026 高二期末,6,4
九上第一次月考,21,4
九年级上册,24,4
九年级上学期期中,88,4
二元一次方程组,12,4
二次函数练习题,6,4
二次根式 01一轮复习计算题,8,4
二道区,6,4
二面角 常见几何法 专题高一,34,4
云南省2026 2026学年普通高中学业水平考试,17,4
五华区2025 2026七年级数学,12,4
俄语,44,4
保定,28,4
信息技术,12,4
信息技术 2025 学业水平测试,12,4
信阳高中,52,4
免费下载,10,4
入学分班考,25,4
入学考试 高中 高一,49,4
全国1卷英语,7,4
全国高考二卷,4,4
八上数学北师大版,17,4
八上物理,7,4
八上物理期中,10,4
八上科学 第一单元,15,4
八下,32,4
八下数学,25,4
八下数学期末试卷,13,4
八年級 2025 2026年下册期末考试,43,4
养正中学,17,4
内能,15,4
出师表,8,4
函数 0 1 函数一轮复习,8,4
分数乘法,6,4
分段函数,16,4
力学,12,4
动能定理,17,4
化学 1轮复习知识点记背,9,4
化学一轮复习,8,4
化学中考,7,4
化学元素周期表,12,4
化学平衡常数,6,4
化学方程式汇总,27,4
化学方程式的书写与配平,15,4
化学高考,6,4
北京101中学,11,4
十一学校,19,4
半角模型,23,4
单 词背默,13,4
单元测试,18,4
单词表,13,4
南京鼓楼区,17,4
南宁,23,4
南宁市2026届高中毕业班摸底测试,12,4
南渝中学,13,4
历史八上知识点,11,4
历史时间轴,29,4
历史知识点,11,4
历史高考真题,19,4
历城二中 2026 2027学年语文综合测试卷,10,4
合格性考试,16,4
合格考,18,4
吉林省best合作体,9,4
名校,22,4
听力材料,17,4
听力检测,7,4
呼和浩特市第二中学,11,4
哈尔滨三中一模,10,4
哈尔滨市第三中学,22,4
哈尔滨第三中学,38,4
哈尔滨第六中学,11,4
哈师大附中期末,20,4
嘉兴 2025 2026学年 下学期 期末,9,4
四六级真题,6,4
四川 0 2026 高考真题,7,4
四川省眉山市仁寿县物理八上期末统考卷,8,4
四校联考,13,4
四级英语真题,15,4
因 式 分 解100道练习题,18,4
因式分解 100道,10,4
圆 的14种题型归纳,10,4
圆单元测试,22,4
圆周运动 14大考点 14题型,7,4
圆锥,10,4
培优,19,4
基本平面图形,15,4
塘沽一中,16,4
大学4级英语,11,4
大学四级英语真题,5,4
大港一中,14,4
天1大联考,17,4
天星教育,9,4
天津 0 2026 期末考部分区,42,4
天津市第四十七中学,9,4
天津第一中学,15,4
天津阶段检测,8,4
太和中学,48,4
姜堰中学,10,4
字帖,17,4
宁夏,30,4
宁夏育才中学,10,4
宁波,24,4
安徽中考,19,4
安徽六校教育研究会,33,4
安徽六校联考,5,4
安徽六校联考的高三九月份的试卷,16,4
完型填空,20,4
实验,6,4
实验中学七校联考数学试卷,12,4
容斥原理,26,4
宾语从句、状语从句、定语从句,19,4
导数 2025 常考大题归纳综合一轮复习,22,4
将军饮马问题,10,4
小 升 初 2025 人教版,11,4
小 升初分班考,10,4
小升初 100篇专项训练,26,4
小升初分班考试,15,4
尺规作图,14,4
屏东中学,25,4
山 东 2 0 2 6,8,4
山 东 2 0 2 6中考真题,13,4
山东省实验,5,4
山东高一上学期期中,19,4
山东高考,7,4
山东高考物理,6,4
山西,12,4
工艺流程题,29,4
巴中市2026年中考,23,4
巴中零诊,19,4
巴蜀 中学,8,4
市西中学,16,4
常州高级中学,12,4
广东四校联考,11,4
广东广雅中学,9,4
广东高一下学期末茂名,17,4
广州中考2026,5,4
广州市第六中学,11,4
广雅,25,4
庐江中学,14,4
庐江中学筱湘班,12,4
康德,16,4
康德 2026重庆高二下期末,20,4
延安,20,4
延安中学,15,4
弹簧,10,4
徐汇,18,4
德州,72,4
德州市第一中学,11,4
必修一,5,4
必刷 题 2026 电子版数学,12,4
怀化市,26,4
成都 1 诊,21,4
执信中学高一数学月考试卷,11,4
扬子石化杯,13,4
扬子石化杯 2025年第39届中国化学奥林匹克 江苏赛区 复赛试卷,32,4
抽象函数综合,73,4
抽象函数综合问题,38,4
揭阳高一期末统考试卷,22,4
摸底考试,70,4
政治必修二,16,4
政治高考真题,18,4
数 学,46,4
数列 0 一轮复习 专题,16,4
数学 100篇专项训练,9,4
数学中考,13,4
数学强基计划真题汇编,25,4
数学期中卷,33,4
数学期末试卷,29,4
数学竞赛初中,20,4
数学竞赛真题25年合集,11,4
数学试卷,16,4
新初一分班考,9,4
新华中学,10,4
新海高级中学,17,4
新疆,21,4
新高一分班考试,21,4
新高考,17,4
新高考一卷数学,4,4
日照一中2025 2026学年高一上学期第一次质量检测数学学科试题,20,4
暑假作业 01,11,4
暑假预习讲义,15,4
月考10月,23,4
有机合成,6,4
期中试卷,25,4
期末卷,21,4
期末数学,59,4
机械运动,9,4
杭二中,13,4
杭州一模,21,4
树德,5,4
树德中学,21,4
梦游天姥吟留别,24,4
步步高 2027大一轮复习讲义电子档,20,4
武汉04月调研,10,4
武汉中考,9,4
武汉二调,10,4
比热容,9,4
永州四中,8,4
汕头市,31,4
江科附中,17,4
江苏八年级上学期期中,35,4
江苏南通,32,4
江苏省运河中学,7,4
河北 0 2026 中考,15,4
河南中考,9,4
河南物理2026高考真题,10,4
河南省实验中学,13,4
河南省实验中学高一分班考试,6,4
河南高考真题,14,4
河源中学,26,4
泸州,20,4
济南2026中考真题,10,4
浙江 1 2026高考,7,4
浙江中考,9,4
浙江强基联盟,40,4
浙江省2025年7月普通高中学业水平,21,4
浮力,7,4
海南,22,4
海淀,51,4
淄博,29,4
淮北一中分班考试,17,4
深 圳 0 2026 二模,14,4
深圳 02 6 高三 二模,10,4
深圳中学高一,18,4
深圳中考,35,4
清华大学,12,4
清远,21,4
湖南专用,9,4
湖南省2026初中学业水平考试数学试卷,12,4
湖心亭看雪,16,4
湛江一中,13,4
滨海中学,16,4
漳州,13,4
潍坊一中,25,4
炎德英才,43,4
物理专题,8,4
物理中考,5,4
物理八年级上册,11,4
物理受力分析专题,16,4
物理电学,19,4
物质及其变化,27,4
现在完成时,17,4
甘肃,29,4
甘肃阶段检测,14,4
生物 01 一轮复习,10,4
生物必修二,10,4
田家炳中学,8,4
电,20,4
电路图 串并画图练习,28,4
百强高中,19,4
盐城中学,10,4
直线和圆,13,4
相似 025 一轮 专题 习题,42,4
知识点复习,8,4
石室中学,9,4
石门一中,15,4
福州,33,4
福建高考,9,4
离子共存,15,4
离子反应,34,4
立体几何 大题,20,4
立体几何大题,13,4
竞赛 2023 2024学年初中数学竞赛,14,4
第1单元,10,4
第一次月考模拟卷,125,4
第二次月考,14,4
红楼梦导读 高中专用,43,4
统计与概率,9,4
绵阳南山中学,11,4
绵阳高三一诊a卷,11,4
聊城 高二 2026期末考试,21,4
联考卷,41,4
肇庆,43,4
自招 数学,18,4
芜湖市第一中学,19,4
英 语,12,4
英语 2025 高考真题,14,4
英语 单词 3500背诵版高中,21,4
英语2026,19,4
英语3500 词汇背诵word版,12,4
英语3500词,5,4
英语七选五,30,4
英语全国一卷,11,4
英语完形填空,16,4
英语读后续写,26,4
茂名市高一下期末试卷,6,4
茂名期末考试,13,4
莱芜一中,35,4
菏泽2026高二下学期期末,14,4
蛟川书院,6,4
西北师大附中,15,4
西附,19,4
语文作文,8,4
语文高考,10,4
语文高考卷,5,4
贯通班,17,4
贯通班 八年级 数学,18,4
贵阳市2024届高三年级摸底考试试卷,32,4
起点考试高三,14,4
辽宁中考数学,10,4
辽宁期中,37,4
辽宁省名校联盟,48,4
辽宁高一上学期阶段检测,18,4
运动学,12,4
遗传与进化,10,4
遗传题目,12,4
邯郸二模,49,4
邵阳市第二中学,33,4
郑州外国语学校,22,4
部分区,64,4
酸碱盐,13,4
重庆 一中,11,4
重庆八中2026高二期末英语试卷,5,4
重庆巴蜀中学,17,4
重庆第一中学,12,4
重难点,16,4
金山中学,21,4
银川一中,24,4
长郡 20校,27,4
阅渎理解20篇,8,4
阅读理解 100篇专项训练,24,4
雅思2025真题,8,4
集合单元测试卷,14,4
青岛二中,27,4
静电场中的能量,25,4
面积,9,4
音标 0基础 48,6,4
音标 0基础 48 个音标 PPT,11,4
高 一 数学 1 0 上学期 期末,12,4
高 二 0 026 高二上学期 数学,17,4
高 考卷 2025年真题,6,4
高 考卷 2026年真题卷全国I,28,4
高一 上 1 期末 2025 数学考试卷,8,4
高一上10月月考,30,4
高一上学期阶段检测,17,4
高一上数学月考,5,4
高一上期末,44,4
高一单词默写,20,4
高一开学考分班考试,12,4
高一开学考试卷,33,4
高一数学期末考试,69,4
高一期末复习,16,4
高一物理,31,4
高一物理必修一第一章专题,14,4
高一物理期末,18,4
高一物理期末考试,81,4
高一英语入学考试,18,4
高一英语单词必修一,8,4
高三上学期开学考,35,4
高三开学测,23,4
高三物理,9,4
高三物理试卷,8,4
高中 政治025一轮复习全部知识清单 七本书,12,4
高中 英语 3500词按课本顺序,10,4
高中函数一轮复习专题,16,4
高中学业水平合格性考试,75,4
高中物理,7,4
高中英语,13,4
高中英语语法填空,28,4
高二,21,4
高二上,13,4
高二上学期10月月考,33,4
高二上学期期中,11,4
高二上学期第一次月考,42,4
高二英语,17,4
高考 语文 1 卷,13,4
高考二卷,9,4
高考地理,14,4
高考试卷2026,21,4
高考语文2026,7,4
高考题,18,4
高邮,30,4
黄冈中学,19,4
默写,16,4
*4.4 数学归纳法,10,3
1 三角形,16,3
1 不等式,9,3
1 热量 比热容,9,3
1.1 一次函数的图象与直线的方程,20,3
1.1.1 集合的概念,32,3
1.1空间向量及其线性运算,5,3
1.2数列求通项的方法,44,3
10月份月考,8,3
12 《论语》十二章,27,3
120个文言实词,16,3
126,4,3
18.5 相似三角形的判定,17,3
19.1 二次函数,7,3
2 一元二次方程的解法,17,3
2 二次根式的乘法和除法,16,3
2 反比例函数的图象和性质,4,3
2 空间向量及其运算习题人教版,4,3
2.2 实数的运算,9,3
2.2（1）氧化还原反应,15,3
2.2（3）氧化还原反应规律,15,3
2.3 直线与圆的位置关系,14,3
2.3 科学记数法,6,3
2004高考,7,3
2020 0 1 0卷 数学高考 真题 全国 1 卷,15,3
2020年全国一卷英语试卷,11,3
2022 1卷 高考真题,6,3
2023,4,3
2023 0 1 1卷 数学 全国一卷高考,8,3
2023 年 0 1卷 全国 1 卷 数学 高考 真题,11,3
2024全国二卷语文,11,3
2024年中考真题,29,3
2024年高考卷,5,3
2024年高考语文全国二卷,4,3
2024新高考一卷数学,6,3
2024新高考二卷,9,3
2025 0 0 1卷 全国英语高考,10,3
2025 0 1 1卷 数学 高考,4,3
2025 1卷 全国高考 语文,4,3
2025 2026学年福州市高三年级第一次质量检测,14,3
2025 语文 1卷高考卷真题,4,3
2025上海高考数学,7,3
2025届福建省高考语文模拟一 7月,41,3
2025年全国2卷,4,3
2025年普通高等学校招生全国统一考试,4,3
2025年长沙市中考数学试卷中考真题,4,3
2025年高考语文全国二卷,10,3
2025广西高考真题化学,5,3
2025新高考一卷英语,3,3
2025英语高考真题,11,3
2026 0 0 1卷 高考 数学,6,3
2026 0 01卷 高考 数学全国真题,10,3
2026 T8联考,10,3
2026 全国 1卷,15,3
2026 年 0 1卷 1数学试卷,6,3
2026 高考1卷 语文,8,3
2026 高考数学,9,3
2026 高考数学1卷,17,3
2026 高考真题,10,3
2026中考,5,3
2026中考贵州省,9,3
2026全国一卷语文,6,3
2026全国二卷物理真题,5,3
2026全国高考化学2卷,12,3
2026全国高考数学2卷,8,3
2026全国高考语文二卷,9,3
2026北京中考语文,4,3
2026山东高考政治,9,3
2026年中考 2026年中考数学,17,3
2026年中考化学,6,3
2026年中考数学试卷,8,3
2026年全国高考历史一卷,6,3
2026年吉林高考政治题,4,3
2026年山东省中考,8,3
2026年普通高等学校招生全国统一考试 全国I卷,4,3
2026年河北省中考英语试题,5,3
2026年淄博市中考,4,3
2026年英语 高考1卷全国一卷试卷,15,3
2026年辽宁中考数学试卷,4,3
2026年高一期末考试卷,5,3
2026年高二下学期期末河北沧州河间,6,3
2026年高考真题,14,3
2026广东中考,5,3
2026广东高考真题,9,3
2026广西柳州高三三模历史,5,3
2026广西高考卷,12,3
2026新疆中考数学,16,3
2026新高考1卷语文,12,3
2026期末考试,17,3
2026深圳一模数学,3,3
2026漳州市高三数学第一次质检,4,3
2026甘肃高考物理,14,3
2026生物,5,3
2026茂名高二期末,7,3
2026襄阳高二联考,10,3
2026重庆中考数学,10,3
2026高考卷,5,3
2026高考历史四川,5,3
2026高考真题,41,3
25 年 0 1卷 全国 1 卷 数学 高考真题,5,3
25 年 0 1卷 全国 1 卷 英语 高考真题,6,3
25 年 0 1卷 全国 1 卷 语文 高考真题,8,3
26,10,3
26年丹东市地生中考试卷,8,3
3. 动能 动能定理,7,3
3500 词汇背诵word版,8,3
3500词汇,3,3
4.1 一元一次方程的实际应用（上）,17,3
45中,16,3
53,8,3
53 2026版数学,9,3
6.1（1）化学反应速率,5,3
8年级期末考试试卷,19,3
9月月考数学,26,3
A10联盟,9,3
BEST合作体吉林省,13,3
G12名校协作体,6,3
MST圆锥曲线专题册,15,3
T 8 12月联考,7,3
T 8 联考,13,3
T8 联考,7,3
Vt图像物理,4,3
WMO奥林匹克数学竞赛真题,10,3
e卷通家校服务,7,3
。,5,3
《红岩》,5,3
《红星照耀中国》,4,3
《红楼梦》,10,3
一单元测试卷,30,3
一年级数学,32,3
一数,5,3
七上数学期末卷,37,3
七上月考,34,3
七上月考卷,24,3
七下数学期末,15,3
七下生物期末考试,26,3
七年级,18,3
七年级上学期期中,5,3
七年级上学期期末,11,3
七年级下册 期末测试卷,20,3
七年级下册数学,21,3
七校协作体,9,3
三中期中卷子,33,3
三升四 2026年暑假,11,3
三年級数学 2025 2026三年级数学下册期末,13,3
三年级 奥数,6,3
三新联考,50,3
三明,85,3
三角 函数,5,3
三角函数诱导公式,7,3
三角函数题型,16,3
上 好 课暑假作业,8,3
上海中学周周爽,10,3
上海中学高一分班考试,6,3
上海中学高三,14,3
上海光明中学高一分班考试,11,3
上海分班考 高一,14,3
上海高一9月试卷,11,3
上海高一分班考数学,8,3
上海高三下学期期末,12,3
上高二中,11,3
与圆相关的轨迹问题,17,3
专题03,4,3
专题4.4,12,3
东北师大附中高一下期末,5,3
东北育才中学,9,3
东师大附中高二期末考试化学,14,3
东莞,21,3
东莞中学松山湖学校,13,3
东营市胜利第一中学,33,3
东阳中学,6,3
中学学科网,6,3
中山市纪念中学,28,3
中考 卷2026,14,3
中考 真题,4,3
中考英语卷子,10,3
中考试卷2026,9,3
中职对入学分班,5,3
中职数学,3,3
丰城中学,14,3
临川一中,10,3
临沂市2026年高一期末考试,8,3
丹东二中,15,3
乐山中考2026,9,3
乐山期末,11,3
九上2026新教材知识清单道德与法治,6,3
九上历史知识点,9,3
九上数学,16,3
九上数学25章一元二次方程,16,3
九上数学北师大版,22,3
九上数学期中,12,3
九上数学期末,20,3
九上物理人教版内能练习题,11,3
九上物理人教版第13章和14章检测卷,24,3
九上物理期中,43,3
九上物理期中考试,21,3
九上英语2026学年秋,3,3
九年级,3,3
九年级上册化学,23,3
九年级上册数学一元二次方程练习题,13,3
九年级上册数学人教版,8,3
九年级上册期中数学,6,3
九年级上册期中测试卷,10,3
九年级上册英语单词表,8,3
九年级下学期期末,18,3
九校联盟,17,3
书本电子版,16,3
二年级下学期阶段检测,5,3
二次 根式,9,3
二次函数北师大版,5,3
二次函数应用与综合,6,3
于洪区,10,3
云南,6,3
云南师范大学附属中学,22,3
云南阶段检测,21,3
云南高三下学期期末,18,3
五中,11,3
五华区,9,3
五年级上册,6,3
五校协作体,7,3
交通大学附属中学,4,3
人大附中2026,22,3
人教,25,3
人教版九年级上册语文说明文阅读,10,3
从句,4,3
优才计划,6,3
传送带,14,3
佛山,22,3
佛山一中,10,3
作业本,6,3
信阳高中高一上开学考,9,3
儋州市2026年春季学期高一期末学业质量检测,10,3
光学,4,3
光学作图题,14,3
光明区,20,3
免费20245高考真题,7,3
免费的试卷,24,3
入学分班考试雅礼,8,3
全品作业本,11,3
全囯02卷,4,3
全国2卷,36,3
全国一卷,27,3
全国一卷数学,18,3
全国二卷化学真题,9,3
全国二卷数学2026,5,3
全国二卷英语,7,3
全国二卷语文,6,3
全国二轮专题,20,3
全国初中数学联赛,6,3
全国暑假,9,3
全国高考二卷与数学,5,3
全等,14,3
八 上,3,3
八上数学单元卷人教版,15,3
八上数学期中,8,3
八上数学期末,13,3
八上英语,3,3
八年级上册数学期末试卷,66,3
八年级上册物理第一单元单元试卷,12,3
八年级上册英语单词默写单 全册人教,18,3
八年级下学期期末,4,3
八年级数学上册,5,3
六上 2026新教材,4,3
六安一中,6,3
六年級 2025 2026年下学期期末数学,17,3
六年级上册123单元试题,10,3
六校联考,7,3
六盘水市高二下学期期末,11,3
兰山,6,3
兴宁市第一中学,9,3
兵团一中,13,3
兵团二中,13,3
内蒙古期末,4,3
内蒙古高三下学期期末,7,3
凉山州2025 2026年下学期未试卷,12,3
减数分裂和受精作用,16,3
几何模型,15,3
函数 单调性9种常见题型,4,3
函数专题复习,15,3
函数周期性 对称性,29,3
函数综合,11,3
函数零点,12,3
分式函数求值域,10,3
分数,6,3
分班卷,4,3
分班卷真题卷,13,3
分班考 高一上海,9,3
创新班,9,3
初 一 0 上学期 数学,16,3
初 高 衔接2026 数学,9,3
初一下,19,3
初一分班考,10,3
初三化学,9,3
初中英语词性转换专题训练,15,3
初中英语语法,15,3
初中英语语法填空,7,3
初升高,19,3
初升高分班考试卷,37,3
初升高数学,10,3
力,15,3
力旺实验中学九上化学,13,3
功与功率,11,3
动量定理,6,3
匀速直线运动,10,3
包头,17,3
包头市,25,3
化合价,11,3
化学 0 2024 初三,4,3
化学九上期中,8,3
化学九上第1单元,6,3
化学元素周期表电子版,8,3
化学元素周期表背诵 九年级,11,3
化学公式,7,3
化学反应原理,6,3
化学复习题,23,3
化学必修一第一章 单元测试,12,3
化学月考,19,3
化学有机,12,3
化学知识点总结,6,3
化学竞赛初赛,18,3
化学阿伏加德罗常数,21,3
北京二中,8,3
北京八中,3,3
北京八年级下学期期末,4,3
北京卷 2026 高考数学真题,7,3
北京期中,18,3
北京高一分班考,3,3
北京高三上学期期末,7,3
北京高考,3,3
北京高考 物理2026,11,3
北师大版 02023 2024 七下 数学 期末,25,3
北斗星盟,11,3
北海市2026年春季学期期末教学质量检测,10,3
十一中,38,3
华二,15,3
华山中学,21,3
华师1附中,3,3
华师1附中圆锥曲线专题,5,3
华师一附中圆锥曲线,7,3
华罗庚中学月考卷,13,3
华育中学,11,3
单元卷数学必修二,10,3
单元测试卷,9,3
南京一中,5,3
南京中考,7,3
南京市,4,3
南京市第一中学,15,3
南京市鼓楼实验中学八年级第一次月考,4,3
南京师大附中,7,3
南京师范大学附属中学高中,14,3
南京零模,20,3
南充高一期末,16,3
南充高中,7,3
南充高级中学,13,3
南山区,16,3
南山区期末,18,3
南师大附属中学,13,3
南平2026高二期末,8,3
南开,18,3
南开 重庆,21,3
南昌,13,3
南昌一模,12,3
南昌师大附中,22,3
南海区,48,3
南渝南开中学,4,3
南通中考模拟试卷,33,3
南通启秀中学九上物理,8,3
南阳市十三中,14,3
历史竞赛,34,3
历史试卷,6,3
历史选择题,11,3
历城二中 2026 2027学年英语综合测试卷,35,3
历城二中2025 2026综合测试卷1,4,3
历城二中2025 2026语文综合测试卷1,7,3
压强,10,3
原电池,18,3
厦门二中入学考试,8,3
厦门六中,15,3
厦门六中高一入学考,15,3
反比例函数单元测试,9,3
合肥45中,16,3
合肥市第一中学,5,3
吉林一中高一下学期期末,9,3
吉林中考语文作文,10,3
吉林市第七中学,17,3
吉林省实验中学,5,3
吉林省高考物理,10,3
吉林长春,12,3
名师 测控,10,3
名校协作体,7,3
名校课堂,20,3
名词,9,3
名词性从句,28,3
听力 100篇专项训练,9,3
启东中学,8,3
周测卷,11,3
周浦中学,14,3
哈三中2025 2026学年度下学期高二学年期末考试语文试卷,6,3
哈九中,6,3
哈九中2024级高二学年下学期期末考试生物试题,9,3
哈九中高二下期末,4,3
哈尔滨南九中物理2026年7月份期末,5,3
哈尔滨市各区2026年八年级语文期末考试卷,13,3
哈尔滨市第六中学,7,3
唐山nt20高一物理,16,3
四川,9,3
四川 0 2026 中考真题,20,3
四川省2026年6月普通高中学业水平合格性考试,5,3
四川省成都市2026年高中毕业班模底测试,13,3
四川省泸州市,13,3
四川省眉山市仁寿县八年级下册数学期中考试卷,35,3
四川省英语合格考,9,3
四川省蓉城名校联盟2026届高三第二次联合诊断性考试,16,3
四年级数学期末试卷,15,3
四年级第一单元,5,3
四级英语,4,3
圆专题,15,3
圆锥 曲线,4,3
圆锥曲线压轴,7,3
圆锥曲线大题专题,18,3
地理 01 一轮复习,12,3
地理知识点,20,3
地生中考,11,3
基本 不等式12种题型及解析一轮复习,12,3
基本不 等式10类题型专项,16,3
复习讲义,12,3
复数,33,3
复旦附中,5,3
大同一中,6,3
大同中学,3,3
大同二中,15,3
大学,6,3
大庆,24,3
大庆实验,14,3
大庆实验中学高一上学期第一次月考,12,3
大庆铁人,5,3
大港一中数学,9,3
大连,13,3
大连24中高一下期末,5,3
大连育明,22,3
大连高一下期末,7,3
天津一中月考,4,3
天津市第一百中学,8,3
天津市耀华中学,16,3
天津市部分区高一期末数学,14,3
天津数学中考,7,3
天津高考10年真题,16,3
天津高考化学,7,3
天津高考物理,9,3
天津高考英语,3,3
奇偶性,4,3
姜堰,10,3
学业水平考试,8,3
学科网,4,3
学科网上好课,8,3
学考成绩查询,3,3
学而思,9,3
宁夏中考,18,3
宁德,44,3
宁波九校,15,3
宁波二模,16,3
宁波市镇海中学,4,3
安庆,5,3
安徽八年级下学期阶段检测,15,3
安徽六校教育研究会2026届高三年级入学素质测试,3,3
安徽单招 语数英 真题,13,3
安徽江南十校,22,3
安徽阶段检测,10,3
完刑填空,10,3
定 语 从句 100 题 高考,16,3
宝安区,11,3
实数,27,3
实词虚词 2026复习专题高考,7,3
实验中学,6,3
实验班提优训练,7,3
宣城,18,3
宿城第一中学,14,3
对口高考,11,3
对数,7,3
对数的运算,14,3
导数大题,19,3
小 升 初 2025 英语,3,3
小升初分班,11,3
小升初分班考2026,12,3
小升初数学,3,3
小升初试卷,9,3
小数乘法和除法,33,3
小船过河模型、关联速度问题,11,3
小说阅读,17,3
屈原列传,11,3
山东中考,21,3
山东四年级上学期阶段检测,7,3
山东期末,32,3
山东济南期末,10,3
山东济宁期末,12,3
山东生物高考真题,7,3
山东省临沂市,36,3
山东高2月考卷,14,3
山东高一下学期期末,31,3
山东高二下学期期末,9,3
山东高考化学,6,3
山大附中,6,3
山大附中2025 2026学年第二学期期末考试,12,3
山西 0226高考真题,14,3
山西大学附属中学,12,3
岳阳市一中分班考,10,3
岳阳楼记,8,3
嵌套函数,15,3
工程问题 6年级 奥数,6,3
工艺流程,15,3
巩义,8,3
巩义市,6,3
巴中市2026年八年级期末考试,23,3
巴属中学,7,3
巴彦淖尔市2026年期末下,3,3
巴蜀中学英语,3,3
师大,22,3
希望杯,13,3
常熟,5,3
幂函数,5,3
平抛运动,9,3
平面几何,3,3
平顶山,18,3
广 东 省 2 0 2 6届 一模,15,3
广东2025高考,15,3
广东2025高考地理真题,7,3
广东中考,5,3
广东佛山市第一中学2026年高三一模检测语文试题,10,3
广东六校联盟,25,3
广东春季高考,17,3
广东春季高考数学,16,3
广东汕尾,10,3
广东省六校联盟2026届高三年级第5次联考,14,3
广东省茂名市2024 2025学年高二下学期期末教学质量监测,20,3
广东英语高考,3,3
广东阶段检测,6,3
广元2026中考,11,3
广大附中,9,3
广西专用,7,3
广西玉林2026年高二期末,10,3
庐江中学高一筱湘班分班考,3,3
建平县实验中学,12,3
建平县高级中学,19,3
建水实验中学,22,3
开学摸底考,28,3
开学测试,29,3
开学考 分班考,5,3
开学考初三,33,3
开学考试卷,31,3
开学考高二上学期,21,3
张家口,8,3
强 基 2 0 2 6 年,7,3
强基数学,5,3
德州一中,11,3
德州高三开学考,6,3
德州高二期末考试,37,3
德强高级中学,5,3
德阳中学,6,3
必修一英语单词背诵版默写版,15,3
必修三物理,7,3
必修三英语单词,8,3
惠州市,6,3
惠州市第一中学,11,3
成才之路,7,3
成都七中林荫,6,3
成都七中零诊,9,3
成都七中零诊数学,11,3
成都中考,8,3
成都市2023级高中毕业班第一次诊断性检测,12,3
成都市第七中学,5,3
成都石室中学,10,3
成都第七中学,3,3
截面 高一立体几何截面专题,10,3
扬子石化杯 第36届中国化学奥林匹克 初赛 选拔赛暨 2022年江苏赛区复赛试题,10,3
扬子石化杯复赛,5,3
扬州中学高一,5,3
扬州中学高二上数学,9,3
扬州大学附属中学,11,3
投影,5,3
抽象函数 综合2026专题复习,17,3
控江中学,7,3
提纲,7,3
揭东区第一初级中学,11,3
揭阳第一中学,15,3
摸底,5,3
政治必修四第四课,12,3
政治试卷,88,3
效实中学分班考,4,3
教案,14,3
数列专题复习,10,3
数列大题 2026 一轮专题练习,10,3
数学人教版A必修一第一章测试卷人,6,3
数学八下期末,17,3
数学函数 2026 常考题型归纳 高三一轮复习,13,3
数学卷子,3,3
数学圆锥曲线,9,3
数学导数 大题专题,11,3
数学知识点,8,3
数学知识点汇总,13,3
数学立体几何大题专题训练,20,3
数学计算题,21,3
数学试卷2025 2026数学,19,3
数学选修一人教A版,7,3
数学选修三,9,3
数竞,3,3
整式,19,3
文言实词,10,3
文言文 0026一轮复习,7,3
文言文知识清单单篇详解,12,3
新初一分班考试数学试卷,7,3
新定义,11,3
新定义题型,5,3
新疆中考,8,3
新疆高三下学期期末,12,3
新高一,7,3
新高一分班考,7,3
新高一分班考试卷,7,3
新高一开学考,14,3
新高考 英语3500词 完整版,8,3
新高考1卷数学,9,3
新高考2卷,4,3
新高考二卷,7,3
新高考二卷数学,5,3
日照,18,3
日照一中,19,3
日照市实验高中2025级高一上学期第一次阶段性考试,30,3
日语2026高考考日语卷,12,3
时态,10,3
昆山,41,3
昆山中学,14,3
昌平,12,3
春季 高考1月 2026年广东数学 真题,12,3
春季高考,31,3
春考,15,3
晋江一中,7,3
晋江市养正中学,24,3
暑假 2026,11,3
暑假免费,13,3
暑假分层作业,12,3
暑假自学课,7,3
月 考,36,3
月考 第一次,50,3
有机 化学1轮 专题复习,4,3
有机合成大题,15,3
朝阳中学,8,3
朝阳县高级中学,9,3
期中卷,26,3
期中复习,13,3
期初 高三 调研,45,3
期末复习,6,3
期末物理,14,3
机械波,7,3
来宾市第一中学,11,3
杭州二中2025 2026高一英语,7,3
杭州二模,17,3
杭州学军中学,5,3
松江,9,3
板 块模型,8,3
板块问题,10,3
极化恒等式,6,3
枣庄三中,15,3
柯西不等式,22,3
株洲市二中,6,3
桂林市 2025 2026学年度下学期非毕业年级日常考试题库卷,100,3
梅州市高二期末下学期,61,3
梅河口市第五中学,10,3
榆林中学,19,3
榆林中学物理,5,3
模拟卷,30,3
橙子学,6,3
正定县,61,3
武汉 0 9月调,9,3
武汉 3月 调研 2026,5,3
武汉二中,6,3
武钢三中,11,3
每日 1测数学,8,3
毕节梁才,24,3
氧化还原,5,3
氧化还原 反应10配平专练,10,3
永州二中高一入学考试,8,3
永新中学,9,3
求函数解析式,8,3
汇编,10,3
汉中市龙岗中学,8,3
江汉区,24,3
江汉区高三7月新起点,17,3
江苏中考数学,17,3
江苏五年级上学期阶段检测,4,3
江苏化学,33,3
江苏省天一中学,9,3
江苏省泰州中学,16,3
江苏省苏州市,32,3
江苏高考,15,3
江西师范大学附属中学,9,3
江西高考物理,5,3
江都中学,12,3
江门7月高一调研,5,3
沁阳一中,10,3
沈阳120中学,14,3
沈阳市铁路实验,4,3
沙市中学,14,3
沧州,3,3
沭阳如东高级中学,14,3
河北正定中学,10,3
河北阶段检测,9,3
河北高三下学期期末,20,3
河南 0 2026 中考真题,17,3
河南 2026高考真题,10,3
河南省实验中学高一期中,8,3
泉州实验中学,13,3
泉港区,25,3
泗县中学七年级数学期未试卷,38,3
泰安一中,8,3
泰安二中,8,3
泸州市2024级高二下期末统一考试,11,3
洛阳,23,3
洛阳东升第三初级中学2025至2026上期中语文,3,3
济南中考,12,3
济南中考数学,5,3
济南市历下区,11,3
济南版七年级上册生物每日默写 商务星球版七年级上册地理默写小纸条,5,3
济南高二期中,7,3
济宁一中,18,3
济宁市六年级下册数学期末,34,3
济宁高二期中,17,3
浙江 1月 2026高考,6,3
浙江Z20,19,3
浙江中考英语,4,3
浙江名校协作体,7,3
浙江学考,16,3
浙江宁波九校,6,3
海南省高一天一期末考试,7,3
海安,22,3
海拉尔,33,3
海拉尔第二中学,11,3
海淀二模,21,3
淮南二中 高一上数学期中考试,4,3
淮阴中学高三,11,3
深 圳 0 2026 一模,11,3
深一模,9,3
深圳外国语,6,3
深圳实验学校,16,3
深圳高级中学,5,3
深圳高级中学高一,20,3
清华强基,5,3
清远市,10,3
温州中学,5,3
温州中学提前招试卷,20,3
温州十校,8,3
港澳台联考,5,3
港澳台联考2026,13,3
湖丽衢,5,3
湖北11校联考,11,3
湖北新八校联考,13,3
湖北省2026初中学业水平考试,19,3
湖南2026年高考,9,3
湖南天壹,26,3
湖南省永州市,42,3
湖南省长沙市2026年高三年级模拟考试,28,3
湖南长沙,11,3
湖南阶段检测,6,3
湖南雅礼中学,10,3
湛江市寸金培才学校,8,3
湛江市恒盛学校,4,3
湟川中学,8,3
潍坊市2026届高三开学调研监测考试,13,3
濠江华附,5,3
点斜式与斜截式,9,3
点石联考,25,3
烟台,28,3
热机,7,3
牛顿第二定律,16,3
物态变化,8,3
物理2026高考真题,6,3
物理光学现象与应用,4,3
物理初二上册,5,3
物理力学,12,3
物理力学专题训练,7,3
物理大题,9,3
物理实验专题,6,3
物理必修一,16,3
物理抛体运动试卷,19,3
物理欧姆定律单元测试卷,7,3
物理电学专题,10,3
物理电学实验,21,3
物理自主招生,23,3
物理试卷,11,3
物理运动学专题,15,3
物理高 考 2026高考真题,7,3
物质的量、气体摩尔体积,10,3
特殊的平行四边形,13,3
玉田县七下期末,14,3
王朝霞,24,3
现代文阅读理解,7,3
珠海市香洲区,44,3
璧山中学,18,3
瓦房店市高级中学,4,3
甘肃省高三一诊,21,3
生地会考,9,3
生物 遗传大题专练,18,3
生物基因工程大题专题训练,10,3
生物必修一,8,3
生物遗传题专项训练,16,3
田家炳,18,3
电场能,24,3
皖智 安徽第一卷,32,3
盐城9月,27,3
直线,6,3
直线与方程单元测试,27,3
直线方程单元测试,39,3
相似 三角形 025 一模 专题复习,6,3
相似三角形模型,21,3
省实验高一上学期数学,11,3
知识点汇总,11,3
石家庄精英中学,6,3
石门中学高一,7,3
石门中学高一月考,8,3
福建,31,3
福建 0 2026 中考,6,3
福建三明,29,3
福建省泉州市2025 2026学年高三上学期开学考试语文试卷,9,3
福建省高一化学上册第一次月考,4,3
福建高考物理,4,3
离子方程式,21,3
秘籍清单,9,3
立体几何中的动点及截面，交线问题,14,3
立体几何初步,17,3
竞赛卷,29,3
竞赛卷数学,7,3
竞赛题,19,3
第一次月考数学,18,3
第一章,26,3
第三章,6,3
第二章,15,3
等腰三角形,14,3
答案,8,3
精华高三上开学测,12,3
精英中学,4,3
精诚联盟,19,3
繁昌区自主招生考试,10,3
红对勾 2026版大一轮复习,5,3
红岩,11,3
绍兴市 2025学年第二学期高中期末调测,4,3
统计,28,3
绵阳2026高一下期末,23,3
职高,6,3
育才中学 重庆,7,3
胡不归-最值问题,10,3
自招,7,3
自然地理,19,3
苏州 高一 10月月考 物理,7,3
苏州 高三期初调研卷,34,3
苏州一模,7,3
苏教版 八年级上册 全等三角形 几何证明题,9,3
苏教版八年级上册数学,17,3
苏教版数学选择性必修一,10,3
英语 0 2 6 学 年 度 三模,7,3
英语 听力,24,3
英语 听力2025 含听力材料及录音,30,3
英语作文模板,7,3
英语单词表,16,3
英语卷子,3,3
英语完型填空 100篇 专项训练英语2026,6,3
英语期末试卷,11,3
英语高一下册期末考试,9,3
英语高考,23,3
英语高考真题,9,3
茂名,11,3
茂名市2025-2026学年高一年级期末质量抽测历史,6,3
荆州中学,20,3
菏泽一中,14,3
菏泽中考数学,4,3
营口,14,3
葫芦岛市第一高级中学,7,3
虚拟语气,22,3
蚌埠市2025 2026学年度第二学期期末学业水平监测,14,3
衡水二中开学考试,4,3
衡水金卷,27,3
衡阳八中,18,3
衡阳市八中,72,3
被动语态,27,3
襄阳四中,25,3
襄阳市第四中学,6,3
西南大学附属中学校,17,3
西安交大少年班,20,3
西安高新一中,11,3
解 方程100道,9,3
解三角形中三角形的面积、周长、边的最值与范围问题,6,3
解析几何大题,4,3
解题觉醒电子版,4,3
计算 题100 道,13,3
议论文,7,3
讲义,12,3
讲课视频,4,3
词性转换,9,3
词汇,5,3
语文2026,9,3
语文中考,5,3
语文书电子版,6,3
语文作文 2026备考素材作文,14,3
语文期中考试试题,84,3
语文答题模板答题技巧 高中,9,3
语文答题模版,6,3
语文试卷 2026年高三,4,3
语法填空 100篇专项训练,14,3
语法填空专项词汇,7,3
语法填空高三,4,3
课 件,4,3
课本知识预习和巩固练习,23,3
贯通班初升高选拔试题,15,3
贵州2026 中考,13,3
贵州期末,18,3
贵州省2026中考试卷,5,3
贵州省六盘水市钟山区小升初期末测试卷,9,3
贵州高考 2026高考真题,9,3
贵阳市2025届高三年级摸底考试试卷,6,3
赢在微点,20,3
赣州市 202 6年高一下学期期末,10,3
越秀,22,3
路北区2025年至2026年第二学期期末考试卷,12,3
轴对称,26,3
辽中区2026期末,14,3
辽南协作校,22,3
辽宁10名校联盟,14,3
辽宁中考英语,10,3
辽宁名校联盟9月,6,3
辽宁省中考2026年试卷,7,3
辽宁省名校联盟2025年高一10月份联合考试,18,3
辽宁锦州市高二化学下学期期末自编试卷,14,3
辽宁高考,4,3
过去分词,8,3
连云港,8,3
连江一中25届开门考数学,16,3
追及相遇问题,17,3
选修一化学,10,3
选择性必修上册文言文,6,3
遂平县2026八下期末英语,3,3
遂平县2026八下期末语文?；,3,3
道法,10,3
遗传 026 专项 大题,18,3
遵义市2026年高二年级卷库试卷二,14,3
邯郸,12,3
邯郸一模,17,3
邹城市,17,3
郑州一模,22,3
郑州外国语,12,3
郓城一中2025高一上学期化学第一次月考试题,20,3
郴州市2026年下学期期末学业质量抽测试卷,24,3
鄂东南联考高二,14,3
重庆 0224巴蜀,5,3
重庆中考2026,14,3
重庆八中高一上数学,6,3
重庆市九龙坡区高一下期末,16,3
重庆市南开中学,9,3
金 考卷 2026 版 45 套,25,3
金华,11,3
金华东阳,18,3
金版教程,17,3
金版教程 2027高考一轮复习,10,3
金版新学案 2027高考一轮复习,8,3
钦州市 高二下期末,20,3
铜仁市2026 7月份质量监测,12,3
铜梁巴川八下,20,3
铜陵高一入学测试卷,15,3
锐角三角比,16,3
长春中考,7,3
长春十一高,12,3
长春外国语学校,10,3
长沙一中2026高二,7,3
长沙中考真题,8,3
长沙外国语开学考,12,3
长沙市一中2026高一期末,4,3
长沙雅礼中学,16,3
长郡2025年高一下学期期末试卷,10,3
长郡中学 026高一,10,3
长郡中学高一下学期期末考物理试卷试,9,3
长郡开学考,11,3
闵行,28,3
闽侯县第一中学,7,3
阅读题,5,3
阿克苏地区,10,3
阿氏圆-最值问题,10,3
陕晋青宁,15,3
隆回县创新人才,36,3
雄安新区,9,3
集合与不等式,6,3
集合新定义,11,3
集合试卷,17,3
青岛 0 202 6 高三 一模,3,3
青岛中考数学,15,3
青岛中考语文,7,3
青岛开学考,18,3
青岛高一下学期期末,8,3
青桐鸣,21,3
非谓语动词,19,3
韩城市2025 2026学年度第二学期期末检测试题,12,3
音标 0基础,3,3
顺德华侨中学,7,3
高 一 物理,3,3
高 一 物理 1 章综合测试卷人教版,16,3
高 二,8,3
高 考 2026高考真题广东,13,3
高 考 英语2026高考全国1卷真题,5,3
高 考 语文2026高考全国1卷真题,10,3
高 考数学2026新高考卷,19,3
高一 上 1 期末,15,3
高一 分班考,12,3
高一 分班考试卷,22,3
高一 语文 必背古诗词上册,8,3
高一上册数学,11,3
高一上册期中,20,3
高一上化学,23,3
高一上学期,40,3
高一上学期9月月考,7,3
高一上学期月考,17,3
高一上学期期中,5,3
高一上学期英语入学考试,5,3
高一上期中考试,13,3
高一上期末数学,18,3
高一上第一次月考,13,3
高一下学期历史2026年期末考试卷,7,3
高一下学期期末,14,3
高一下学期期末数学试卷,5,3
高一下学期物理,12,3
高一下期末数学,19,3
高一不等式单元测试,10,3
高一入学分班卷,200,3
高一分班考试,14,3
高一分班考试卷,12,3
高一升高二 2026年暑假衔接,13,3
高一开学分班考,22,3
高一必修一物理,4,3
高一数学期末,13,3
高一数学期末试卷,8,3
高一月考10月,28,3
高一期末卷,28,3
高一物理必修一第一章,6,3
高一第一次月考,28,3
高一英语,12,3
高一英语下学期期末,10,3
高一英语应用文范文,38,3
高一预习数学,16,3
高三10月质量检测,11,3
高三10月质量检测A卷,19,3
高三一模试卷数学,10,3
高三一轮,24,3
高三一轮复习,4,3
高三上开学考,12,3
高三地理,21,3
高三数学一轮复习,20,3
高三第一次月考,14,3
高三联考数学,5,3
高中 数学 1 一轮复习基础版,10,3
高中 英语 3500词,14,3
高中 英语 3500词背记版带批注,7,3
高中120个文言实词,5,3
高中120实词 小纸条滚动训练,10,3
高中函数,4,3
高中地理选修一第三章大气的运动练习湘教版,8,3
高中必修二生物章末检测卷,13,3
高中数学函数专题练习,18,3
高中数学数列导数试题卷子,17,3
高中语文试卷,5,3
高二上10月第一次月考,24,3
高二上学期,21,3
高二上学期第一次月考物理,15,3
高二上数学期中,32,3
高二上月考,11,3
高二上月考数学,32,3
高二上期中考试,29,3
高二上物理期中,14,3
高二年级英语试卷含听力,4,3
高二开学考,18,3
高二数学,12,3
高二语文必背篇目,8,3
高级中学,14,3
高考 3500背诵单词,15,3
高考 数学,7,3
高考 语文 1 卷2025全国一卷,4,3
高考3500,13,3
高考3500词,4,3
高考化学,8,3
高考历史真题,10,3
高考地理2026,3,3
高考数学2026,10,3
高考数学试卷,14,3
高考数学试卷山东卷,7,3
高考模拟考,43,3
高考物理2026,14,3
高考物理一轮复习讲练测,7,3
高考真题语文,5,3
高考英语模拟卷,9,3
高考调研,3,3
高考领航,3,3
高职高考,12,3
鸿鹄志 名师测控,4,3
鹤壁高中,17,3
黑吉辽蒙,18,3
黑龙江期末,32,3
齐齐哈尔市实验中学,6,3
齐齐哈尔高三一模,58,3
龙东,20,3
龙东十校联盟高三开学考试卷子,13,3
龙岗区生物,6,3
*数学广角：植树问题,7,2
- `上好课 沪科版2020 选择性必修1 单元复习 第三章`,7,2
1,3,2
1 1~5的认识,6,2
1 一元二次方程计算题,22,2
1 二元一次方程,4,2
1 二次函数图像和性质综合专项练习,8,2
1 全等三角形及其性质,5,2
1 内能及其改变,4,2
1 函数,2,2
1 函数的概念,9,2
1 函数的概念和性质,3,2
1 复数的概念,4,2
1 幂的运算,6,2
1 平方根,4,2
1 物态变化与温度,2,2
1 空间向量及其运算,7,2
1 锐角的正弦和余弦,6,2
1. 深圳中考数学压轴100题（选择/填空,3,2
1.1 空间向量及其运算,4,2
1.1 角的推广,2,2
1.1 集合练习,4,2
1.1.1椭圆定义及其焦点三角形问题,5,2
1.1.3 集合的交与并,5,2
1.1.3空间向量,5,2
1.1倾斜角与斜率,15,2
1.1（1）物质的分类,5,2
1.2 三角形三边关系、内角和定理,5,2
1.2 勾股定理的实际应用,7,2
1.3 机械能及其转化,5,2
1.?2026年1月浙江省高考英语首考真题,3,2
1.?中国人民大学附属中学（人大附中）高一上学期期中数学试卷 含解析,3,2
1.?人教版高中数学必修第二册第六章 平面向量及其应用 单元基础限时训练 45分钟,6,2
1.东、南、西、北方向,2,2
1.分数加减法,5,2
10月份,24,2
10月考,26,2
11中学,16,2
11月联考安徽,23,2
12.1 内能,2,2
120 常见文言实词,3,2
120实词,6,2
14 文言文二则,2,2
15.2第二次鸦片战争,7,2
161小升初分班考英语,6,2
2 二次函数,8,2
2 圆心角与圆周角,10,2
2 圆的周长,7,2
2 电路,4,2
2 解一元二次方程,6,2
2 解决问题,6,2
2.1 一元一次不等式及一元一次不等式组的求解,4,2
2.1 三角形三边关系,5,2
2.1 二次函数y=ax?的图象和性质,2,2
2.1 圆的标准方程,3,2
2.2 三角函数的计算,9,2
2.2 二元一次方程组的实际应用（上）,9,2
2.2.2对数函数的单调性及应用,9,2
2.2平行线的判定练习,4,2
2.2（5）离子反应,8,2
2.3 一元二次不等式,3,2
2005全国卷高考英语真题完整版 可打印,3,2
2008高考一卷,5,2
2009全国二卷,2,2
2010 1卷 全国卷,4,2
2010年全国一卷,6,2
2014年高考卷,2,2
2016四川高考文科数学真题+答案解析,4,2
2017英语高考卷,9,2
2017青浦区高三英语一模,14,2
2018 0 全国统一高考1卷英语,9,2
2018年伊通九上第一次月考卷数学,2,2
2018年北方数学奥林匹克,4,2
2018年安徽中考试卷,34,2
2018年河南数学中考,20,2
2019 0 全国统一高考1卷数学,4,2
2019年江苏高考语文,6,2
2020年天津市和平区8年级上册期中考试试卷,12,2
2020年新疆高考政治卷子,9,2
2020年新高考全国卷D语文,3,2
2020绵阳中考英语试卷,6,2
2021,3,2
2021 0 1 0卷 全国1卷语文,3,2
2021年五华区初一新生分班考英语试卷,5,2
2021年八省联考,6,2
2021年湖北省武汉市东湖高新区小升初英语试卷全部的听力音频,7,2
2021年至2026年湖北历史高考真题,6,2
2021新高考1卷语文作文,6,2
2021湖北省普通高中学业水平物理,8,2
2021高考英语全国乙卷,6,2
2022 0 0 1卷 全国高考英语,8,2
2022 1 0卷 全国1卷语文,2,2
2022 年 全国 1 卷高考 1卷英语解析,3,2
2022中考湖南长沙,17,2
2022年东北三省四城市联考暨沈阳市高三质量监测（二）语文试题,6,2
2022年全国乙卷英语,18,2
2022年英语全国二卷,19,2
2022数学高考二卷,3,2
2022新高考二卷,4,2
2022普通高等学校招生全国统一考试理综卷,21,2
2022英语高考一卷,2,2
2023-2024山东省临沂市四中西校区高一上月考卷（10月份）附答案,27,2
2023-2025新高考语文一二卷真题汇总,2,2
2023-2025陕西省普通高中学业水平合格性考试全套真题,7,2
2023上海高三英语黄浦一模,2,2
2023全国乙卷数学,6,2
2023全国甲卷语文,7,2
2023四省联考,5,2
2023山东省青岛市期初检测化学,22,2
2023年全国乙卷政治,5,2
2023年湖南常德语文中考试题,9,2
2023年高考数学一卷,3,2
2023年高考湖南政治,4,2
2023徐州高三期中,26,2
2023普通高等学校招生全国统一考试理综卷,8,2
2023语文数学英语高考二卷,3,2
2024,5,2
2024 0 0 1卷 全国英语高考,7,2
2024 0 0 1卷 全国高考 语文,8,2
2024 0 0 1卷 高考 数学,4,2
2024 0 1 1卷 数学 真题,2,2
2024 高考 1 1卷 英语,4,2
2024-2025乌鲁木齐兵团二中新高一分班考,3,2
2024-2025唐山市高二上期末地理,4,2
2024-2025喀什地区九年级上期中数学统考,2,2
2024-2025学年七年级下册道德与法治单元检测卷（四）《生活在法治社会》,15,2
2024-2025学年广东省茂名市高一下学期普通高中化学期末教学质量监测试卷 由熊可乐上传 来源：真题集·2025·茂名市高一下学期期末试卷精选,4,2
2024-2025学年新疆生产建设兵团二中八年级上期末数学试卷,4,2
2024-2025巨野实验中学高一上学期第一次月考,2,2
2024-2025武汉市部分学校高三九月调研考试,4,2
2024~2025年山东五四制化学第一学期8年级上学期测试卷。,67,2
2024~2025年度 湖南省长沙市,3,2
2024一2025学年度第二学期学业水平考试  八年级 数学,2,2
2024九省联考,10,2
2024九省联考英语,12,2
2024全国1卷英语,2,2
2024全国二卷数学,9,2
2024全国二卷数学解析,7,2
2024全国甲卷语文,6,2
2024和平区八年级第二学期期末考试物理,2,2
2024天津高考题,2,2
2024届天津市河东区高三下学期一模考试物理试题,9,2
2024届江西省南昌市高三零模英语试卷,10,2
2024届蓉城联盟高三入学考,6,2
2024山东物理高考,2,2
2024年全国甲卷数学,3,2
2024年全国甲卷语文,36,2
2024年到2026年语文高考试卷,3,2
2024年安徽省中考试卷数学,4,2
2024年安徽省化学高考,4,2
2024年安徽高考化学试卷,15,2
2024年政治高考真题,2,2
2024年新课标二卷数学,2,2
2024年普通高中学业水平选择性考试广西卷,4,2
2024年河北高考化学,2,2
2024年玉林高一期末统考物理试卷,7,2
2024年秋季高一入学分班考试模拟卷徐州专用,8,2
2024年高考真题化学试卷,15,2
2024年高考英语全国一卷,5,2
2024年高考英语语法词汇专项集训”,8,2
2024成都金牛区二诊数学试卷,10,2
2024数学高考真题,4,2
2024新课标一卷,12,2
2024无锡一中高一期中,7,2
2024普通高等学校招生全国统一考试,12,2
2024湖南中考真题,8,2
2024级数学中考广东,3,2
2024级高二上学期校日照,9,2
2024至2025学年第一学期福州市高一年期末试卷地理科,3,2
2024英语长宁一模,12,2
2024语文高考一卷,10,2
2024陕西咸阳高中二模化学,7,2
2024青岛一模数学,3,2
2024高考,11,2
2024高考一卷语文,4,2
2024高考卷,6,2
2024高考英语一卷,3,2
2025 0 0 1卷 全国高考 物理,6,2
2025 0 1 0卷 化学高考 真题 全国1卷,6,2
2025 0 1 1卷 数学 真题高考,5,2
2025 2026 安顺物理八年级下期末,8,2
2025 2026 贵阳物理八年级下期末,2,2
2025 2026学年度第二学期期末教学质量检测,127,2
2025 2026学年福建省仙游第一中学高三上学期暑期检测考试语文试题,6,2
2025 全国 01 卷 高考数学真题,5,2
2025 历史 1卷全国1卷真题,2,2
2025 年 0 1卷 全国 1 卷 数学 高考 真题,2,2
2025 年高考语文0 1卷 全国1卷,3,2
2025 数学 1卷全国1卷,6,2
2025 新高二英语暑假提升精品讲义（人教版 2019）》—,4,2
2025 生物四川卷,2,2
2025 第13次修订 高二 一本 语文阅读训练五合一 答案,9,2
2025 高考历史山东卷,6,2
2025 高考数学 1卷高考真题,4,2
2025-2026八年级上册山东济南9月份月考卷,98,2
2025-2026太原期中,13,2
2025-2026学年度第一学期期中调研试题英语听力,3,2
2025-2026学年度第二学期期末适应性练习福清市高二物理,8,2
2025-2026学年深圳市南山区高一下学期期末质量检测生物学,11,2
2025-2026学年湖北省十堰市高一上学期数学期中质量检测,17,2
2025-2026学年陕西省西安高新第一中学第二学期期末考试高一语文 2025-2026学年陕西省西安高新第一中学第二学期期末考试高一英语,34,2
2025-2026学年高一下学期期末考试英语试题卷（二）,5,2
2025-2026学年高一数学单元检测卷第一章预备知识提升通关,10,2
2025-2026学年高一英语必修二，三综合测试卷,2,2
2025-2026年第一学期期初高三质量监测,10,2
2025-2026河西区九年级上册期中测试天津,12,2
2025-2026深圳开学考化学,6,2
2025-2026第一学期镇江市高三期中质量监测,6,2
2025-2026第二学期天津市部分区高二英语期末考试试卷,2,2
2025-2026长郡集团七上数学期末限时检测试卷,27,2
2025-2626学年度下七学期大东区数学学科试卷,2,2
20252026学年度第二学期高一年级期末考试,8,2
2025~2026 学年天津市和平区八年级下册期末物理试卷。,9,2
2025~2026 学年第一学期浙江省名校协作体试题高二英语,2,2
2025~2026学年福州市高三英语第一次质量检测,3,2
2025~2026学年第一学期末考试高二日语,33,2
2025~2026学年重庆市永川区八年级下册期末语文试卷答案,5,2
2025~2026学顶尖名校大联考高二日语,34,2
2025~2026徐州市初一政治地理考试,7,2
2025~2026英语暑假作业二高一年级,58,2
2025—2026四川内江高一下册的期末地理,6,2
2025—2026学年高一下学期期末质量抽测 茂名,10,2
2025—2026安徽省合肥市庐阳区庐阳中学本校九上数学期中考试,3,2
2025—2026镇江期末英语高一下,5,2
2025一2026年甘肃省平凉市八下期末考试英语听力,3,2
2025一2026江苏五年级下册测式卷,18,2
2025上海嘉定高三语文一模,5,2
2025上海奉贤生物二模,3,2
2025全国2卷数学,5,2
2025全国一卷,4,2
2025全国二卷,4,2
2025全国二卷数学真题,8,2
2025内蒙古中考真题13历史,3,2
2025内蒙古包头模拟,3,2
2025到2026山东省德州市高二下期末化学试题,3,2
2025到2026年168中学高一年级上，期中学情检测，英语答案,11,2
2025北京大学强基,5,2
2025南通启秀八年级上物理第二次月考,10,2
2025历史高考卷,7,2
2025唐山市高一上学期期末,8,2
2025嘉兴二模,3,2
2025天津高考数学,5,2
2025学年第二学期期末诊断练习八年级英语试卷上海,94,2
2025学年第二学期高一年级学业质量阶段调研,2,2
2025学年第二学期高二期末检测,8,2
2025安徽高一上学期第一次检测,35,2
2025届云南省,5,2
2025山东省一中高一英语期末,4,2
2025山东青岛模拟生物,6,2
2025山东高考,3,2
2025年10月第一次学情检测,38,2
2025年9年级上册天津益中物理期中试卷,2,2
2025年9年级上册英语期中考试卷庆云山东省庆云县,7,2
2025年全国二卷语文高考真题,5,2
2025年全国高考1卷,4,2
2025年初中毕业班第一次调研测试英语试题卷,11,2
2025年到2026年史地生会考山东,3,2
2025年到2026年江苏省数学高一下多地期末试卷真题,6,2
2025年南通九年级上化学,10,2
2025年四川广元数学中考题,3,2
2025年四川高考化学试卷,3,2
2025年四省联考,6,2
2025年山东化学高考真题,6,2
2025年山东省冬季合格考语文,3,2
2025年广东省普通高中学业水平选择性地理考试,14,2
2025年延边二中高一上学期第一次月考数学,6,2
2025年数学中考淄博市,6,2
2025年新高考全国二卷,2,2
2025年日照高三上学期开学考试,10,2
2025年普通高中学业水平选择性考试江苏卷,3,2
2025年武汉英语中考听力,11,2
2025年江苏合格性测试物理,5,2
2025年江苏生物高考卷,4,2
2025年江西省高考政治,2,2
2025年河北省初中学业水平考试九年级英语试卷,3,2
2025年济南天桥区九上期中物理,6,2
2025年海南省三亚市第一中学“华罗庚杯”八年级数学竞赛试卷,20,2
2025年海山高一上月考数学卷,6,2
2025年温州浙南联盟下学期高一期中物理,3,2
2025年湖南省2025年新高考教学教研联盟高三联考的英语卷子,6,2
2025年滨州市中考数学,8,2
2025年潍坊期中考试卷,5,2
2025年点石联考高三10月联合考试英语,11,2
2025年生物四川卷高三,8,2
2025年秋季学期七年级期中教学质量监测试题语文,8,2
2025年至2026年河南省南阳市邓州市八年级下册期末数学卷,10,2
2025年重庆数学中考题,3,2
2025年长沙市中考数学试卷,4,2
2025年陕青宁政治高考试卷,6,2
2025年高考英语全国一卷,2,2
2025广安市二诊,6,2
2025新高考一卷,2,2
2025新高考一卷数学,2,2
2025新高考二卷英语,3,2
2025无锡市梅村高级中学10月月考数学试卷,3,2
2025无锡期末化学,4,2
2025曲师大附中入学考试真题,43,2
2025江苏化学高考,3,2
2025江苏四市二模物理,5,2
2025江苏生物模拟,3,2
2025江西南昌高考零模,5,2
2025河北区期末,9,2
2025河北高考思想政治,4,2
2025济南八年级数学上册期中考试,5,2
2025济宁高一数学上册期中试卷,4,2
2025浙江高考,5,2
2025海淀二模,10,2
2025深圳中考,5,2
2025物理 1卷高考全国卷真题,3,2
2025物理山东高考,6,2
2025物理高一上学期期末考试卷了潍坊,3,2
2025至2026学年度上学期第一次质量监测七年英语,32,2
2025至2026学年度九年级上册海州区第一次海州区月考试卷,5,2
2025至2026学年度九年级上学期期末质量检测，山东省德州市夏津县数学视频,11,2
2025至2026学年河南省信阳市平桥区九年级上册第一次全区质量调研评估试化学试卷,4,2
2025至2026宿迁市高二下学期期末考试英语试卷,4,2
2025至2026年 揭阳市第二学期高二期末数学,7,2
2025至2026年高一语文必修上综合册。重庆,3,2
2025苏州中考道德与法治,2,2
2025资阳高二七月物理,4,2
2025辽宁兴城物理月考卷,14,2
2025青岛一模,12,2
2025青岛八上期中数学质量检测,7,2
2025青岛市高一选科测试英语,2,2
2025青岛西海岸新区九年级上册数学月考,3,2
2025高一上学期第一次月考数学大连第八中学,7,2
2025高三上学期开学考,4,2
2025高三上学期开学考湖北,9,2
2025高考数学,4,2
2025高考英语,3,2
2025～2026五四制英语八年级考试试卷,3,2
2025～2026深圳福田高二下期末联考物理,11,2
2026 0 0 2卷 全国英语高考,2,2
2026 0 0 2卷 全国高考 数学,10,2
2026 0 0 2卷 全国高考 英,5,2
2026 0 01卷 高考物理真题,8,2
2026 02高考语文真题,4,2
2026 中考,18,2
2026 中考真题,3,2
2026 北京高考,2,2
2026 卷 高考 化学,5,2
2026 学考,2,2
2026 届湖北省武汉市武昌区高三元月期,3,2
2026 山东临沂高一期中数学,5,2
2026 年 0 1卷 1英语试卷,3,2
2026 年 4 月二实初三年级质量检测,3,2
2026 年中考,4,2
2026 年英语八年级下册人教版名校课堂湖北,18,2
2026 年高考语文 全国1卷,6,2
2026 政治 1卷 高考全国卷真题,2,2
2026 新课标Ⅱ卷 语文真题  ? 2026 新课标Ⅱ卷 数学真题  ? 2026 四川选择性考试 物理真题  ? 2026 四川选择性考试 化学真题  ? 2026 四川选择性考试 生物真题,13,2
2026 新高考一卷数学,5,2
2026 新高考全国1卷 数学,3,2
2026 深圳 中考试卷真题,5,2
2026 高考 语文 1卷试卷,3,2
2026 高考2卷 数学,4,2
2026 高考数学 1卷全国1卷,5,2
2026 高考物理真题,5,2
2026 高考英语,3,2
2026-2027,2,2
2026-2027学年高一上物理必修第一册测试卷（1~3章,4,2
2026002卷语文,7,2
20267月佛山统考高二,5,2
2026七下数学期末试卷人教版+答案,24,2
2026七年级下册期末试卷,3,2
2026东莞市期末物理试卷,2,2
2026中考历史,11,2
2026中考数学北京,4,2
2026中考数学深圳,6,2
2026中考物理,34,2
2026中考真题,10,2
2026二卷,3,2
2026云南省普通高校招生选考政治,32,2
2026佛山数学中考,3,2
2026全国一卷,4,2
2026全国一卷数学,2,2
2026全国乙卷理综,4,2
2026全国二卷地理四川卷,7,2
2026全国二卷数学真题,8,2
2026全国卷1英语,2,2
2026全国英语高考1卷,3,2
2026全国高考1卷,4,2
2026全国高考一卷英语,3,2
2026全国高考数学,5,2
2026全国高考语文,9,2
2026八下平江,13,2
2026八下物理期末考试,3,2
2026六年级下册数学期末,3,2
2026初中人教版英语动词短语搭配大全,12,2
2026化学,11,2
2026化学河北,5,2
2026化学高考真题,11,2
2026北京中考数学,5,2
2026北京中考物理,8,2
2026北京大兴高二下期末英语,2,2
2026北京数学中考,2,2
2026北京通州高一下学期期末考试卷,5,2
2026北京高考,9,2
2026北京高考化学,2,2
2026北京高考物理,2,2
2026北京高考真题,4,2
2026北京高考英语,28,2
2026北大强基,20,2
2026南充市高二下期末英语,5,2
2026南宁一模,4,2
2026南通八年级下物理期,16,2
2026历史高考,18,2
2026合肥一模,22,2
2026哈尔滨中考数学卷,5,2
2026商南期末卷初二,2,2
2026嘉兴政治试卷二模高中,11,2
2026四川南充春季数学期末试卷,13,2
2026四川卷,4,2
2026四川高考化学,6,2
2026大连中考数学,3,2
2026天津中考语文,2,2
2026天津南开中学高三,6,2
2026天津各区物理八下期末试卷,2,2
2026天津市南开区八下历史期末,3,2
2026天津市部分地区道德与法治,6,2
2026学期云南省会泽县金钟八年级数学期末考试卷,16,2
2026学考 7月浙江语文,7,2
2026安徽中考数学,9,2
2026安徽中考语文官方参考答案,4,2
2026安徽高考化学,3,2
2026届 武汉市 2026 届高中毕业生五月调研考试,4,2
2026届 镇海中学 英语,7,2
2026届初中毕业班调研考试试卷九年级英语,4,2
2026届宁德市高中毕业班4月适应性练习 物理试题,3,2
2026届广西柳州新高三摸底考试政治,2,2
2026届广西柳州高二6月期末考试政治,4,2
2026届河北省沧州高三下学期一模文综二模试卷,19,2
2026届淮安高三9月第一次摸底考试。,5,2
2026山东二模,2,2
2026山东历史高考,8,2
2026山东潍坊一中高一月考,17,2
2026山东生物,2,2
2026山东生物高考真题,6,2
2026山东高考化学,2,2
2026山东高考历史真题,8,2
2026山东高考物理,6,2
2026山西大同中考真题英语,3,2
2026山西太原一模,7,2
2026年,3,2
2026年 江苏省镇江市高一下期末数学试卷,2,2
2026年4月稽阳联谊学校高三联考地理答案,3,2
2026年4月酒泉市高三年级调研考试语文试题,6,2
2026年6年级地理泰山区,5,2
2026年7月份浙江省普通高中学业水平,5,2
2026年七年级下册历史呼伦贝尔市阿荣旗,2,2
2026年中考安徽数学,2,2
2026年中考英语试卷,12,2
2026年全国2卷数学,4,2
2026年全国2卷语文,4,2
2026年全国一卷英语真题,7,2
2026年全国一卷语文,9,2
2026年全国一卷语文高考试题,3,2
2026年全国二卷英语,4,2
2026年全国高考二卷语文,2,2
2026年八省联考英语卷子,3,2
2026年初中8年级下册静海区期末试卷英语,3,2
2026年初中生物学业水平考试试卷,3,2
2026年历史高考真题,2,2
2026年吉安市青原区,10,2
2026年吉林省中考真题,6,2
2026年哈尔滨市师附学英语高一,8,2
2026年四川省遂宁市八年级下册物理期末卷,18,2
2026年四年级期末试卷,15,2
2026年天津市中考,7,2
2026年天津高考数学真题,3,2
2026年宁乡市初二数学,3,2
2026年宁乡高一物理试卷,5,2
2026年安徽省中考数学试卷,3,2
2026年安徽省普通高中学业水平合格性考试历史试卷,3,2
2026年安徽高考化学试卷,9,2
2026年宿迁中考数学试卷,5,2
2026年宿迁市高一期中期末数学试卷,15,2
2026年山东中考卷,19,2
2026年山东中考数学真题,11,2
2026年山东地理高考真题,4,2
2026年山东烟台一模,8,2
2026年山东省中考英语,11,2
2026年山东省德州市陵城区高一数学第1次月考试卷,4,2
2026年山东省烟台市芝罘区八上物理期中,18,2
2026年山东省高考政治试卷,2,2
2026年山东高考真题,2,2
2026年平谷区八下期末测试卷,3,2
2026年广东一模,3,2
2026年广东中考英语试题,2,2
2026年广东省初中学业水平考试,5,2
2026年广东省第一次普通高中学业水平合格性考试政治仿真模拟卷,11,2
2026年广东茂名高一期末考试试卷,3,2
2026年广州市普通高中毕业班综合测试 一,6,2
2026年德阳市八年级下册期末考试物理试卷,11,2
2026年新疆喀什地区高三一模,12,2
2026年新野春期期终质量评估八年级试卷英语,5,2
2026年新高考一卷,9,2
2026年新高考二卷数学,3,2
2026年春季学期学生综合素养阶段性练习 八年级物理,11,2
2026年普通高中学业水平选择性考试广东卷地理,7,2
2026年江苏卷生物高考,2,2
2026年江西高考物理,3,2
2026年河南中考英语试卷,3,2
2026年浙江中考科学,6,2
2026年浙江省中考数学试卷,12,2
2026年深圳南山区八年级下学期数学考试题,5,2
2026年清远市清城区中专数学,15,2
2026年湖南省永州市一模物理,11,2
2026年灵璧中学高一月考考试试卷,5,2
2026年福建省福州市高考化学适应性试卷（4月份）,14,2
2026年秋季九年级开学学情自测卷01,6,2
2026年秋季九年级开学检测,3,2
2026年西宁市九年级调研测试（一模）英语试卷,14,2
2026年许昌市高二下学期期末考试卷子,2,2
2026年语文高考卷,3,2
2026年辽宁中考,10,2
2026年辽宁大连沙河口区八下英语期末卷答案,5,2
2026年辽宁省高考数学真题卷,2,2
2026年通辽市中考历史试题及答案,5,2
2026年重庆中考数学,4,2
2026年钦州市高二期末,3,2
2026年长沙市中考数学试卷,3,2
2026年陕晋青宁卷,3,2
2026年陕晋青年高考地理真题,2,2
2026年高一中教考联盟数学高二下学期A卷,8,2
2026年高三第一次联合模拟考试化学试卷,22,2
2026年高考,14,2
2026年高考2卷,15,2
2026年高考全国2卷生物,2,2
2026年高考全国二卷英语卷,3,2
2026年高考历史,2,2
2026年高考历史真题,2,2
2026年高考四川物理真题,2,2
2026年高考地理,3,2
2026年高考地理北京卷,7,2
2026年高考数学,2,2
2026年高考江西卷生物真题PDF原卷下载,6,2
2026年高考湖北卷化学高考真题,3,2
2026年高考真题，河北历史,3,2
2026年高考陕晋青宁卷政治试题,2,2
2026年，高一新泰期中上学期英语,5,2
2026广东二模,14,2
2026广东历史高考真题答案,5,2
2026广东政治,2,2
2026广东生物高考真题,2,2
2026广东省中考英语真题,3,2
2026广东高考化学,4,2
2026广东高考政治真题,5,2
2026广州中考数学,5,2
2026广州市高三年级调研测试数学,6,2
2026广西崇左高三1月期末政治,2,2
2026广西崇左高三1月期末数学,7,2
2026广西桂林高三一模政治,4,2
2026广西桂林高三一模数学,4,2
2026广西桂林高三二模历史,3,2
2026广西高三部分学校开学考历史,4,2
2026扬州中考数学,3,2
2026招一中教考联盟高二下学期 化学a卷,4,2
2026政治 高考真题宁夏,6,2
2026数学中考北京,10,2
2026数学中考卷,5,2
2026数学中考成都,3,2
2026数学全国二卷,8,2
2026新一年级全册高频考点思维应用题183道数学思维训练奥数入门,2,2
2026新版语文狼牙山五壮士生字,7,2
2026新疆学业水平生物初中,3,2
2026新疆文综,6,2
2026新疆，高考真题，原卷,4,2
2026新课标Ⅱ卷语文真题原卷,16,2
2026新高考1卷,4,2
2026新高考2卷,6,2
2026新高考一卷数学,5,2
2026无锡中考数学,3,2
2026春期期末质量评估,12,2
2026普通高中化学,6,2
2026普通高等学校招生全国统一考试,7,2
2026普通高等学校招生全国统一考试语文,11,2
2026杭州二模政治试卷高中,5,2
2026杭州二模政治高三,3,2
2026武汉市部分学校高三年级调研考试,4,2
2026江苏扬州高邮期中数学高二,4,2
2026江苏高考,3,2
2026江苏高考历史真题,4,2
2026江苏高考真题,5,2
2026江西南昌市模拟数学,10,2
2026江西生物,2,2
2026江西高考,5,2
2026江西高考卷真题,7,2
2026河北一模,6,2
2026河北中考英语,4,2
2026河北化学高考真题,16,2
2026河北高考 语文,4,2
2026河南历史高考真题,8,2
2026河南物理高考真题,4,2
2026河南郑州高考二模,11,2
2026河池,4,2
2026河池5月月考,2,2
2026河池高三仿真考试历史,2,2
2026泰安中考数学,9,2
2026济南中考,2,2
2026济南初一模拟题,3,2
2026济南英语期末高一,4,2
2026浙江中考数学,6,2
2026浙江中考数学真题,9,2
2026浙江六校联考,6,2
2026浙江数学学考,3,2
2026浙江省6月高考试卷,2,2
2026浙江省中考数学试卷及答案,2,2
2026浙江高考物理真题,3,2
2026海南中考语文,7,2
2026淮安中考数学,8,2
2026深圳一模,4,2
2026深圳高二下联考,3,2
2026湖北中考,5,2
2026湖北高考物理试卷,8,2
2026湖南郴州八年级下学期数学期末测试卷,9,2
2026湖南高考,8,2
2026滨州高一期末,3,2
2026滨州高二,8,2
2026潍坊高二下期末英语,3,2
2026物理学考,3,2
2026物理广东高考,2,2
2026物理高考,2,2
2026甘肃高考历史卷,5,2
2026生物河北高考真题,6,2
2026生物高考真题,13,2
2026百色高三上学期期末历史,4,2
2026百色高三上学期期末数学,9,2
2026石家庄精英中学高三物理,3,2
2026福建中考英语,7,2
2026福建中考语文,5,2
2026秋新版四年级上册英语单元范文,8,2
2026聊城高一下生物期末考试卷,8,2
2026苏州高三上学期化学期初考试,5,2
2026英语浙江首考,10,2
2026茂名八下数学,7,2
2026葫芦岛期末化学,2,2
2026衢州市八年级期末英语考试,3,2
2026西宁联考高一,15,2
2026语文,20,2
2026语文全国2卷,4,2
2026辽宁中考数学,2,2
2026辽宁中考英语,5,2
2026辽宁中考英语卷子,3,2
2026辽宁中考英语真题,4,2
2026辽宁建平高二期末英语,3,2
2026辽宁省中考英语,10,2
2026郴州高一期末考,12,2
2026鄂州市高一期末,3,2
2026重庆中考语文试卷,6,2
2026重庆高考化学,5,2
2026重庆高考物理,10,2
2026陕晋宁青普通高校招生考政治,23,2
2026陕晋宁青生物真题,8,2
2026高一下学期期末生物顶尖联盟,36,2
2026高一数学，第一课,5,2
2026高一物理人教版第一章小测卷,4,2
2026高考二卷,4,2
2026高考全国二卷语文,6,2
2026高考卷语文,2,2
2026高考地理,4,2
2026高考年全国二卷理综试题,4,2
2026高考广东卷政治高考真题,7,2
2026高考政治,3,2
2026高考政治真题,9,2
2026高考数学二卷,3,2
2026高考物理湖南卷,3,2
2026高考物理真题,16,2
2026高考英语二卷,6,2
2026高考英语词汇3500词,5,2
2026高考题,4,2
2026黑吉辽蒙高考生物,8,2
2026黑吉辽蒙高考真题,5,2
2026黑吉辽高考化学试卷,5,2
2026黑龙江高考,14,2
2026，甘肃高考历史卷,3,2
2027中考道法时政热点,24,2
2027优化指导 思想政治 课时跟踪检测 必修4,7,2
2027届,10,2
2027届广东高三数学试卷,3,2
2027年高二下学期期中考试英语试题,2,2
2027年高考英语一轮复习阶段性检测卷,9,2
2027版创新设计高考总复习物理（人教版）的课后答案，,4,2
2056年浏阳市七年级上学期数学期末质量检测卷,4,2
22年全国1卷,10,2
23年化学九年级上学期期中南京联合体,7,2
24 年1卷高考数学答案,3,2
24 年1卷高考英语,2,2
24年中考北京,5,2
24年语文全国高考乙试卷,2,2
24福建高考英语,10,2
25-26,2,2
25-26年茂名高一期末统考物理答案,3,2
25-26苏州期末,3,2
25–26四川成都高二下期末,4,2
25到26期中考试,21,2
25到26沈阳20中学高一上9月份数学月考,6,2
26 06月英语高考卷,2,2
26 个英文单个字母,3,2
26中考,3,2
26佛山数学期中,2,2
26届江苏高考试卷,4,2
26届贵州省毕节市高三一模物理,9,2
26年 2卷 高考,3,2
26年2卷数学,9,2
26年3月G12名校协作体技术试题,2,2
26年中考英语河北省,7,2
26年初中学业水平考试生物朝阳卷,3,2
26年化学高考真题,5,2
26年合肥市八年级下学期物理期末试卷,10,2
26年山东省高二下学期日语期末试题,14,2
26年沈阳市铁西区八下物理期末,4,2
26年辽宁省中考,4,2
26年高考 2 卷英语,6,2
26生物竞赛,4,2
26高考语文2卷真题,4,2
2O26高二上学期数学9月份试卷,34,2
3 上好科学课,4,2
3 凸透镜成像的规律,12,2
3 证明,3,2
3. 电场 电场强度,2,2
3.7 四边形综合,2,2
3500,13,2
3500 词汇背诵版检测版 英译汉,3,2
3500词 2026 40篇搞定3500词,2,2
36865991,5,2
4 一元二次方程根与系数的关系,2,2
4.2（1）原电池工作原理,4,2
45套卷2026年天星,3,2
45套卷2027年天星,3,2
4年级上册英语单词默写单,5,2
5. 共点力的平衡,12,2
5. 机械能守恒定律,13,2
5.2.2 同角三角函数的基本关系,2,2
53天天练,5,2
57881605,5,2
58060742,2,2
58309191,20,2
58463027,9,2
58493612,4,2
58637988,3,2
58895655,15,2
5年级广东,5,2
5年高考三年模拟,2,2
6 国行公祭，为佑世界和平/钟声,2,2
6 方帽子店,5,2
6000英语词汇,7,2
688高考高频核心词汇,6,2
688高频词,7,2
688高频词汇,5,2
69八上物理期中考试,16,2
69八上英语,16,2
7年级上学期第1单元检测卷,15,2
7年级下阅读理解,2,2
7年级数学卷子,2,2
7年级英语单词人教版,2,2
7月联考,21,2
80后物理追梦人,4,2
8上开学考,5,2
8年级上册摸底,7,2
8年级上册数学单元检测卷,8,2
8年级下册数学期中考试试卷 人教版宁夏同心县五中,9,2
8年级下册英浙江省温州市。,9,2
8年级物理,2,2
9+1高一其中语文,4,2
9上数学月考试卷,6,2
9年级上册物理沪粤第十一章功测试卷,5,2
9年级内能,2,2
9年级化学全一册第2单元检测卷,14,2
9月起点考,15,2
9月起点考荆门,4,2
A10,14,2
A10 联盟,8,2
A10 联盟 8月 安徽 开学考,10,2
A10 联盟10月,3,2
A10 联盟宿州市13校2024级高二上学期11月期中考试,23,2
A10安徽高二下期末,3,2
A10联盟宿州十三校2024级高二上学期11月期中质量检测思想政治试题c,6,2
A20联盟,68,2
G12,13,2
IMO数学竞赛,6,2
IPHO,2,2
JP.ZXXK.COM,4,2
MST,10,2
MST圆锥曲线专题,5,2
NT20,13,2
NT20名校联合体,11,2
NT20名校联合体高一年级期末考试,17,2
PPT1 免费初中,3,2
STSE,2,2
Starter Units 1-3 素养练习 【人教版（2024新教材）七年级上册英语】,14,2
T8第一次联考数学考试,3,2
T8联考 数学2026,16,2
T8联考数学,6,2
T8联考湖北12,2,2
Unit 1 What's on your plate(单元自测·基础卷)英语外研版三起五年级上册(新教材),3,2
Vt图像专项训练,15,2
Z20 02026届高三 英语,2,2
Z20名校联盟2026届高三第二次联考,2,2
Z20名校联盟技术,2,2
Z20名校联盟高三上学期第一次,4,2
a new start课件,4,2
e网通,8,2
g12,4,2
https://m.zxxk.com/soft/20333368.html#四年级上英语期末专项练习-单词句子默写-译林版（三起）(2014秋，无答案）,3,2
https://m.zxxk.com/soft/47828935.html,2,2
https://m.zxxk.com/soft/52767857.html#山东省莱州市第一中学2024-2025学年高二下学期6月期末数学试题,2,2
https://mingxiao.zxxk.com/docs/372/list/?push_animated=1&webview_progress_bar=1&show_loading=0&theme=light,2,2
https://sx.zxxk.com/h/papers-sce320201-type3103/city361100,8,2
qinianji1 七年级上册 数学 期末测试,6,2
qinianji1 七年级上册 数学 期末测试张家口,5,2
qinianji1 七年级下册 数学 期末 人教版,11,2
t8,6,2
v t图像,5,2
w w w zxxk com,7,2
w w w zxxk com卷子,7,2
wmo,10,2
www. zxxk. com,2,2
zxxk.com,5,2
? \"2026 中考数学 天津专用 二次函数综合\",4,2
。高考化学126招,4,2
《Unit 2 Inspiring people语法精讲精练(It作形式主语不定式句型和 that 从句句型)-2026-2027学年人教版(新教材)九年级上册英语》,6,2
《平行四边形判定》专题训练北师大,3,2
《红楼梦》讲义,7,2
「2025人大附中新高一分班考数学/语文/英语」，2025最新真题带详细步骤解析，理科物化真题资源完整,6,2
【2026?高一预科?必修第一册?第一单元单元测试卷（人教版）,4,2
【上好课】高二化学选择性必修1 第03讲 化学平衡图像分析 人教版2019 学科网,4,2
【化学】辽宁省辽南协作体2025-2026学年高 二下学期期末考试试卷的答案,4,2
【步步高】2026届高考 化学大一轮复习讲义大单元一第二章第8 讲化学计算的常用方法,8,2
【精准标题】2025–2026学年下学期新乡·安阳天一大联考 高一期末（你要的6科）,4,2
【英语阅读帮】2025-2026学年八年级英语(河南专版),6,2
一 中,3,2
一 元二次100道计算典型例题,6,2
一 元二次方程,4,2
一 轮复习,33,2
一中 2026 重庆,2,2
一中 重庆,4,2
一中月考,8,2
一元一次方程,11,2
一元一次方程和一次函数,10,2
一元二次,4,2
一元二次不等式,5,2
一元二次函数 方程和不等式,4,2
一元二次方程单元测试,5,2
一六一,5,2
一化必刷一百讲,9,2
一帆融媒,3,2
一年级,7,2
一年级上册人教版期中试卷,3,2
一年级上册数学,4,2
一年级上学期阶段检测,6,2
一年级下学期阶段检测,2,2
一年级奥数思维练习题,4,2
一年级开学,16,2
一搬过去时100题英语练习题,5,2
一数2027基础版,4,2
一月考,3,2
一模卷 2026,76,2
一次函数单元卷,11,2
一线三等角模型,3,2
一般将来时,5,2
一般现在时一般过去时一般将来时习题,4,2
一般现在时和现在进行时的专项训练,6,2
一诊,17,2
一轮,5,2
一轮复习函数,2,2
一轮复习物理必修一,2,2
一轮复习物理第一章,5,2
一轮复习超重失重,12,2
一轮数学函数单调性试卷,14,2
一遍过2026人教版,2,2
一遍过2026人教版物理,9,2
一零一中学,5,2
一飞冲天化学单元检测天津,4,2
七上一元一次方程,3,2
七上数学数轴动点问题,13,2
七上数学月考,4,2
七上数学第一章有理数,3,2
七上数学计算,11,2
七上数轴周期,2,2
七上英语,11,2
七下,5,2
七下地理,6,2
七下第1单元，英语,3,2
七下英语单词默写人教版,11,2
七下英语完形填空,17,2
七下语文期末,4,2
七下郴州市地理试卷,6,2
七升八暑假数学计算,7,2
七台河一中,3,2
七年級 第二学期期末数学平凉四中,7,2
七年級下册数学期末调研考临沭,2,2
七年级三明数学期末卷,8,2
七年级上册人教版数学,7,2
七年级上册动点问题,8,2
七年级上册数学5月份月考试卷,2,2
七年级上册数学单元卷,6,2
七年级上册数学期中考试试题,21,2
七年级上册数学期末,12,2
七年级上册期中考试,17,2
七年级上册期末,20,2
七年级上册现代阅读,3,2
七年级上册生物第一章,3,2
七年级上册生物综合,5,2
七年级上册英语单元自测湖南长沙2026 unit3,13,2
七年级上册英语期末考试卷,10,2
七年级上册英语浙江瑞安,2,2
七年级上册英语深圳市福田区,6,2
七年级上册英语第一二单元动副词转换,5,2
七年级上册英语试卷,12,2
七年级上地理地形图的判读,2,2
七年级上学期语文,11,2
七年级下册听力,4,2
七年级下册数学 期末 测试卷,12,2
七年级下册数学定南,4,2
七年级下册数学期末,6,2
七年级下册暑假作业,5,2
七年级下册期末考试,14,2
七年级下册期末语文试卷河南省济源市2026,2,2
七年级下册生物期末试卷,30,2
七年级下册英语,4,2
七年级下册英语作文,2,2
七年级下册英语期末试卷2025 2026,4,2
七年级下学期数学期末,29,2
七年级下学期期末,2,2
七年级分班考,6,2
七年级分班考秦阳学校,2,2
七年级分班考试卷,7,2
七年级数学人教版期末试卷,2,2
七年级期中测试卷鲁教版,11,2
七年级期末,13,2
七年级英语,16,2
七年级计算,6,2
七星关区,16,2
七校联考,11,2
万唯 2026中考黑白卷,4,2
万州区,19,2
万州区期末英语初一上,3,2
万有引力 10大题型,6,2
万有引力 10大题型一轮,4,2
万有引力 10大题型专题训练,5,2
万有引力与宇宙航行,19,2
万维,4,2
万维黑白卷,9,2
三上,6,2
三中期末,2,2
三亚高一物理学业质量监测,2,2
三十中,2,2
三十五中,5,2
三升四 2026年暑假数学人教版,2,2
三升四北师版数学,4,2
三台县,2,2
三年真题生物基因工程,4,2
三年级上册,2,2
三年级下册,11,2
三年级下册应用题北师大,6,2
三年级下册英语外研版。期末测试卷,4,2
三年级乘除法练习,6,2
三年级奥数,5,2
三年级数学第一单元,2,2
三年级英语,3,2
三年级英语Unit1测试卷吉林版,9,2
三新,7,2
三明二中永春一中龙岩一中，三校联考,3,2
三明市七年级数学,2,2
三明市初一下册数学期末考试卷,2,2
三明市沙县区,2,2
三明是数学7年级下册试卷期末考2026年评分标准,10,2
三明高一期末,21,2
三次函数,23,2
三江源民族中学,11,2
三角 函数 025 一轮 专题,17,2
三角函数 2026高考一轮,13,2
三角函数 一轮复习,15,2
三角函数 专题,11,2
三角函数 专题复习 一轮,6,2
三角函数与解三角形重难专题,2,2
三角函数专题复习,6,2
三角函数公式,13,2
三角函数图像与性质,7,2
三角函数应用题,20,2
三角函数概念题练习,2,2
三角函数综合题,2,2
三角形 四心 的向量表示与奔驰定理,8,2
三角形全等,11,2
三角形的证明及其应用,8,2
三角形相似,2,2
三角恒等变换 025一轮专题2026练习题,6,2
三门峡,9,2
上 好课,4,2
上分卷,9,2
上分卷九上语文,7,2
上好课2026高二化学暑假作业人教版,18,2
上海 高考英语 2026,5,2
上海2008年浦东物理竞赛初赛,2,2
上海一模,7,2
上海中学东校,3,2
上海中学高一上月考,7,2
上海中考化学,4,2
上海中考物理2026,2,2
上海九年级上学期阶段检测,22,2
上海交大附中,8,2
上海八年级松江区下英语期末卷,3,2
上海六年级上学期阶段检测,8,2
上海分班考,6,2
上海华东师范大学第二附属中学10月,2,2
上海四大名校,3,2
上海四校,6,2
上海市2026年化学试卷,4,2
上海市上海中学,7,2
上海市嘉一实验高级中学,9,2
上海市市北中学,4,2
上海市格致中学,17,2
上海必修一第三章物理,3,2
上海期中数学,14,2
上海松江区上海师范大学附属外国语中学分班考,8,2
上海物理高三,7,2
上海育才中学分班考,16,2
上海英语分班考,3,2
上海行知中学分班考卷,7,2
上海行知中学英语,3,2
上海高一上学期期中,6,2
上海高一入学模拟物理,3,2
上海高三一模松江英语,2,2
上海高二区统考数学试卷,10,2
上海高二区统考英语试卷,12,2
上海高二区统考语文试卷,14,2
上海高考数学,3,2
不等式一轮复习,22,2
不等式复习,6,2
不等式应用题专题训练,10,2
不等式恒成立问题,2,2
不等式高中,7,2
与朱元思书,7,2
专升本2024年真题,2,2
专项 练习,18,2
专项练习英语,13,2
专项题,29,2
专题01,16,2
专题02 解三角形,15,2
专题03 乘法公式,17,2
专题03化学,2,2
专题03点电荷及电场的叠加问题模型,2,2
专题10 化学与人类社会进步,2,2
专题15中国的自然环境,2,2
专题2离子反应,2,2
专题一，化学反应的热效应期末复习讲义,2,2
专题四 探索世界与把握规律,3,2
世界地理,12,2
丘成桐少年班选拨真题,2,2
丘成桐少年班选拨真题八年级,4,2
东北三省三校联考,9,2
东北育才 2025 2026,6,2
东北育才高一,9,2
东北育才高三上化学,8,2
东华,17,2
东台市八年级上册第1次质量抽测,3,2
东城一中分班考,3,2
东城二模化学,3,2
东城高二下期末语文,2,2
东师附中,3,2
东平,7,2
东平县2025英语,6,2
东昌中学,37,2
东港市七年级下期末试卷,6,2
东莞中学,10,2
东莞五年级英语试卷,3,2
东莞市2025 2026期末,17,2
东莞市2025 2026第二学期期末,22,2
东莞济川中学,3,2
东营区黄河中学，期末，试卷,13,2
东营市实验中学2025-2026学年物理月考题,14,2
东营市第一中学,7,2
东辽一高,2,2
东部新区高一下生物半期。,5,2
中卫中学,13,2
中外历史纲要（上） 中国古代史,6,2
中天,8,2
中学教材全解,15,2
中山市2026初二下物理期末考试,3,2
中山市九年级上数学期中卷,6,2
中山市华辰,3,2
中山市第一中学,13,2
中山市高三,8,2
中山期末,2,2
中山纪念中学,4,2
中山高一物理一段考,5,2
中等题,5,2
中考 1600词汇背诵,69,2
中考 一轮 复习2026,9,2
中考 单词 1600背诵,8,2
中考 单词 1600背诵英语,14,2
中考 古诗文2026复习专题,4,2
中考 真题 2026,6,2
中考2026天津数学,3,2
中考一元二次方程,9,2
中考作文,8,2
中考古诗文吉林专用,8,2
中考古诗文默写吉林,9,2
中考地理知识点,21,2
中考天津,3,2
中考数学2026,2,2
中考数学一模,3,2
中考文言实词归纳,31,2
中考核心词汇,6,2
中考模拟卷,3,2
中考武汉英语,3,2
中考物化 2026年真题新疆,7,2
中考现代文阅读吉林专用,3,2
中考真题 历史材料分析题,9,2
中考真题2025 天津 物理,7,2
中考考纲词汇,8,2
中考英语2026,7,2
中考英语听力,2,2
中考英语语法,12,2
中考英语高频800词（精简版）,2,2
中考试卷语文,4,2
中考语文作文,8,2
中职,13,2
中职英语 1基础模块,12,2
中译英 句子翻译,6,2
中辰优学黄冈名卷,23,2
丰南一中,11,2
丰润区7年级上册2026,7,2
丰顺县四年级上期末试卷,31,2
临夏州高二上学期期末,2,2
临平,3,2
临汾,22,2
临沂2026高一期末,6,2
临沂六中小升初数学分班考试考卷,15,2
临沂市,82,2
临沂市2026年高一下学期期末统考数学试卷,3,2
临沂市七年级数学,3,2
临沂市高二下期末2024级数学,16,2
临沂期末高二,12,2
临泉三中分班考小升初,16,2
临洮小升初,11,2
临海市2025学年第二学期初中教学质量监测试题7年级数学。,55,2
临清市数学八上期中2025-2016,8,2
临西实验,4,2
丹东市,25,2
丹东市2024至2025学年度上期末教学质量检测初三化学化学试卷试卷,6,2
丹东市2024～2025学年度（下）期末教学质量监测 高一语文,3,2
丹东市七年级2024~2025下学期道德与法治期末试题,7,2
丹阳市正则高级中学高一数学学科期末试卷,5,2
主元法,4,2
主谓一致,10,2
丽水,5,2
丽水市高二期末试卷,3,2
丽水龙泉市2024 2025学年七年级下期末科学,3,2
丽江市第一高级中学,4,2
丽江润泽,7,2
举 一 反三,13,2
举一反三,8,2
义乌,5,2
义乌期末考试,20,2
乌鲁木齐兵团二中,4,2
乌鲁木齐市小升初,5,2
乐山八上,5,2
乐清知临中学,3,2
乐陵一中,8,2
九上,13,2
九上 压轴题人教版,21,2
九上化学1 章,2,2
九上化学月考卷,3,2
九上化学期中考试,9,2
九上化学第一单元测试卷,17,2
九上化学课题二,10,2
九上历史新教材同步课,5,2
九上反比例函数,4,2
九上反比例函数单元练习,4,2
九上数学圆专项练习,3,2
九上数学月考卷,14,2
九上数学枣庄滕州期中考试题,21,2
九上期中,27,2
九上物理单元测试人教版,7,2
九上物理效率专题,7,2
九上物理期末考试,8,2
九上物理电路图,6,2
九上特殊的平行四边形章末,3,2
九上科学物理能量转化计算题,7,2
九上第一单元测试卷化学广州番禺,3,2
九上英语人教版,2,2
九上语文,2,2
九上语文2026新教材 电子版,6,2
九下化学金属和金属材料单元测试卷,16,2
九下数学预习,5,2
九下语文必背古诗词,2,2
九中,26,2
九师联盟高三,19,2
九师联盟高三一月,7,2
九年级 上册数学二次函数 人教版,3,2
九年级 数学名校模拟真题 重庆市,8,2
九年级一元二次方程北京人教版,13,2
九年级上,9,2
九年级上册 第4章 认识化学反应,2,2
九年级上册10月月考,66,2
九年级上册化学1 2 3单元练习,6,2
九年级上册历史第一单元试卷,14,2
九年级上册历史题,4,2
九年级上册圆专题,22,2
九年级上册数学,7,2
九年级上册数学人教版一元二次方程,9,2
九年级上册数学期末考试,2,2
九年级上册数学第一次月考,14,2
九年级上册期末苏教版数学江苏省泗洪县,2,2
九年级上册物理期中考试卷,2,2
九年级上册物理第一章试卷,6,2
九年级上册英语2026年新版 人教版新版,3,2
九年级上学期第一次月考数学试卷,4,2
九年级下册语文期末测试卷,8,2
九年级中考语文卷,7,2
九年级化学1-3单元,11,2
九年级开学考,4,2
九年级数学上,19,2
九年级文言文对比阅读,6,2
九年级月考,6,2
九年级物理电路图,14,2
九年级物理第一次月考九上,9,2
九年级物理试卷贵州,12,2
九年级福建省厦门市物理期中,17,2
九年级英语,3,2
九年级英语 2026 人教版,3,2
九年级英语单元重点单词短语句型语法精练仁爱版。 Unit 2,2,2
九年级语文,5,2
九年级郑州外国语中学化学,4,2
九月,6,2
九月份,7,2
九月份试卷,12,2
九月起点考试,9,2
九江,31,2
九江一中,2,2
九江一中2026月考高一,2,2
九江外国语学校数学月考,6,2
九江市一中2025-2026高一上半学期第一次月考试卷,4,2
九江市同文中学2026高一数学试卷期末考试,4,2
九省联考 1月 2024,21,2
九省联考2026,3,2
九调武汉,4,2
乡土中国 02026 复习重要概念,8,2
乡土中国 练习题,13,2
乡土中国必背核心考点语文,9,2
书,2,2
二 项式定理10个题型,4,2
二中期末,3,2
二六年山东中考,3,2
二十三中,2,2
二十中学入学考,2,2
二十九中小升初试卷,2,2
二十二中,2,2
二十四,3,2
二年级,3,2
二年级上册,7,2
二年级湖南,3,2
二年级语文,11,2
二次 函数 025 一轮 专题中考,4,2
二次函数 专题 初三培优,25,2
二次函数与幂函数,6,2
二次函数专项,4,2
二次函数专题,12,2
二次函数全解,9,2
二次函数区间内的最值讨论问题,5,2
二次函数单元卷,3,2
二次函数大题,5,2
二次函数大题专题,7,2
二次函数拔尖,7,2
二次函数试卷,2,2
二次根式的乘除计算,4,2
二次根式计算,6,2
二级结论,5,2
二零二一到二零二二学年湖北省黄冈市八年级下期末道德与法治试卷,14,2
二面角,8,2
二面角专题,7,2
二项式,3,2
二项式定理,8,2
云南20252026学年下学期,3,2
云南2026中考,2,2
云南2026初中学业水平考试测试卷,3,2
云南2026年高中高考英语听力,3,2
云南2026高考,2,2
云南2026高考物理,4,2
云南学业水平考试高中英语,11,2
云南政治试卷 2026,7,2
云南数学,9,2
云南曲靖会泽26年初一下册期末试题,17,2
云南省2025年春季学期期末普通高中学业水平合格性考试数学,27,2
云南省2026政治高考试卷,3,2
云南省小升初入学分班考,6,2
云南省昆明市,15,2
云南省昆明市官渡区,16,2
云南省昆明市西山区2025~2026学年下学期八年级期末数学试题,4,2
云南省昆明市高一英语作文,3,2
云南省普通高中学业水平合格性考试试卷数学2021到2026,28,2
云南省曲靖市麒麟区第十一中学2025-2026学年九年级上 物理第一次月考,3,2
云南镇雄城南,6,2
云南高三第一次统测,3,2
云大附中星耀中学,12,2
云州区一中,6,2
云师大附中,13,2
五5年级下册 数学,7,2
五三,2,2
五三2026数学,3,2
五上数学人教版,7,2
五下口算三十页,3,2
五中月考,15,2
五十七中,24,2
五十五中,8,2
五升六 2026年暑假衔接数学,8,2
五升六 2026年暑假衔接数学同步练习,2,2
五升六语法,2,2
五四制,18,2
五年中考三年模拟2026,7,2
五年级 下册数学期末测试卷,3,2
五年级上册数学,2,2
五年级上册数学小数乘法,17,2
五年级上册期中试卷,8,2
五年级下册,28,2
五年级下册英语,6,2
五年级下册英语试卷,7,2
五年级合肥,6,2
五年级数学上册,7,2
五年级英语仿写专项训练,3,2
五年级英语期末考试参考卷(问卷)(B）海珠区英语,3,2
五年级观察物体专项训练,11,2
五年（2021-2025）高考地理真题分类汇编,6,2
五星红旗,4,2
五校联考,2,2
五校联考期末高一下辽宁,8,2
五都中学,6,2
交变电场,9,2
亳州一中分班考试,11,2
人大附,3,2
人大附中2026初三三模,4,2
人大附中新高一分班考试全套真题,18,2
人教PEP五年级上册英语写作,5,2
人教版2019化学必修第二册化学反应与能量基础卷,3,2
人教版七年级上册单词,2,2
人教版七年级上册数学期中考试题,8,2
人教版三年级上册英语含26个字母1，2单元的基础测试,6,2
人教版九上数学,8,2
人教版五四制解直角三角形第二课时练习题,22,2
人教版五年级下册数学期末试卷,4,2
人教版八年级上册物理课时 同步练习,5,2
人教版化学必修第一册物质及其变化基础单元测试卷免费含解析,4,2
人教版四年级上册数学三位数乘两位数,10,2
人教版四年级上册数学电子书,3,2
人教版四年级上册数学第一单元,7,2
人教版四年级数学运算律,9,2
人教版数学七年级下册,3,2
人教版道法与法治八下单元选择题专项,7,2
人教版高一生物修一第一章检测卷,16,2
人教版高中英语必修第三册基础知识默写本,5,2
人称代词 100题英语,10,2
人通期末,5,2
仁寿一中北,2,2
仁爱版英语七下,27,2
仁爱版英语七年级,2,2
仁爱版英语九年级上册新版第二单元语法归类总结,5,2
今年高考题,2,2
介词和介词短语,5,2
仓山区,17,2
仙游,27,2
仙游一中高三暑假语文,6,2
代数,2,2
仪征月考,2,2
伊宁市语文质量抽测期中卷,5,2
伊宁市语文质量抽测期中卷十九中,3,2
伊川县2025至2026年8年级上册期中语文,4,2
伊春,18,2
伊春一中,2,2
伊犁州八年级上册数学期末,15,2
伏安法测电阻,9,2
优+密卷 八年级上册数学 沪科版,20,2
优佳学案人教版配套试卷,6,2
优化探究,11,2
优化探究 2027 英语 一轮 人教版电子版,7,2
优化探究选择性必修一,8,2
优化设计,5,2
会泽县期末考试高二,2,2
会考 20 25年普通高中学业水平考试,27,2
会考 20 26年普通高中学业水平考试,2,2
会考卷,3,2
会考历史,6,2
会考语文,22,2
位育,4,2
体育单招,27,2
余姚 新初一开学考,23,2
余姚中学,12,2
佛山二年级上册第一单元,3,2
佛山市2026,5,2
佛山市普通高中教学质量检测物理,9,2
佛山市第一中学2026年高三一模检测,6,2
佛山市第一中学2026年高三二模检测6的题目和解析,10,2
佛山市高一语文,3,2
佛山市高二期末供题训练2026年,12,2
作 文,2,2
作业,2,2
作业本八年级上册语文,4,2
作文 素材 026 年 高考,19,2
作文26年热门素材,10,2
作文素材积累,5,2
作文范文,17,2
佳木斯市第一中学,2,2
依安县实验中学,4,2
侨光中学,5,2
俄语 2025高考试卷真题,5,2
俄语高考,6,2
保定泽龙学校2025-2026学年第二学期期末考试英语,26,2
保定高三上,4,2
信丰中学北校区,2,2
信号识别与囊泡运输,9,2
信息2025信息技术合格考,3,2
信息类文本阅读,7,2
信阳化学,7,2
信阳市2025 2026学年高二下学期期末,20,2
信阳市2025 2026高一下期,3,2
信阳羊山三小2026年6年级下学期期末数学试卷,4,2
信高贤岭开学测高一试卷,19,2
修改病句练习题专项训练,4,2
候集高中,5,2
偃师高中,10,2
假日知新,3,2
儋州市2026年春季学期高二期末学业质量监测题,7,2
儒林外史,8,2
元培中学分班考,10,2
元谋一中期末考试卷,18,2
光合呼吸,3,2
光合呼吸高中,5,2
光学复习,7,2
光明,2,2
光明高级中学,3,2
光现象,4,2
光电效应与波粒二象性,15,2
光的反射做图练习题,5,2
光的干涉,5,2
光谷实验,18,2
免费2024,6,2
免费天津高一物理第一章练习题,3,2
免费电子版,4,2
免费试卷数学,6,2
入下英语unit 1,9,2
入学分班考试,3,2
入学分班考试雅礼数学八上,9,2
入学测试,6,2
全反射,2,2
全品七年级英语上册 Unit1 核心素养评价卷,3,2
全品作业本2026版英语八上,5,2
全品学练考,7,2
全品高考复习方案,4,2
全囯1卷,8,2
全囯1卷2025高考,5,2
全囯2卷2026高考,3,2
全国,8,2
全国 1 高考卷,5,2
全国2026新高考2卷语文,2,2
全国2卷化学2023,5,2
全国2卷数学2026,3,2
全国一卷2026,3,2
全国一卷2026 年高考真题数学,3,2
全国中学生物理竞赛实验,9,2
全国中学生物理竞赛预赛,6,2
全国二卷数学,7,2
全国初中数学联赛真题,15,2
全国初中物理竞赛试题精编,2,2
全国单元练习,12,2
全国卷,4,2
全国卷1,4,2
全国卷历史真题主观题,3,2
全国各地2026年高考真题地理试卷,10,2
全国名校联盟2026届高三联合开学摸底考试,2,2
全国名校联盟2026届高三联合开学摸底考试语文试题,14,2
全国数学竞赛,4,2
全国物理竞赛试题,9,2
全国甲卷2026年英语卷,3,2
全国重点高中提前招生考试全真试卷,6,2
全国高中数学联赛江西,3,2
全国高考卷数学2026,2,2
全效学习,3,2
全等 三角形1 全等模型,20,2
全等三角形八大模型，辅助线专题,14,2
全等三角形证明,7,2
八 省 联 考 2 0 2 6 届 高 三 年 级,2,2
八上 0古诗理解性默写,2,2
八上人教版数学期中考试,9,2
八上地理地形,4,2
八上地理湘教版电子书,8,2
八上数学单元卷,7,2
八上数学单元测试卷 人教板全等三角形,8,2
八上数学月考,3,2
八上数学月考合肥,7,2
八上数学第十六章,2,2
八上期中物理,17,2
八上期中试卷数学,24,2
八上物理光现象综合试卷,7,2
八上物理光的世界试卷,11,2
八上物理单元卷,13,2
八上物理期中卷江苏省泗洪县,7,2
八上物理期末,44,2
八上物理第一第二单元,2,2
八上科学 光,17,2
八上英语单词表2026新版,6,2
八上英语期中考试,5,2
八上语文 必背古诗文,6,2
八下 人教版政治背诵核心知识点,3,2
八下 数学,20,2
八下 数学 2026期末测试 卷,13,2
八下 数学期末测试卷,17,2
八下 期末,16,2
八下2026期末数学试卷,2,2
八下数学第六章试卷,6,2
八下数学计算易错题,12,2
八下期末,12,2
八下期末数学,3,2
八下期末英语,9,2
八下期末英语试卷,10,2
八下期末试卷,5,2
八下物理期末试卷,9,2
八下英语完形填空专项训练,7,2
八下英语期末卷人教版,3,2
八下英语阅读理解,6,2
八升九 2025年新九年级数学暑期衔接讲义,2,2
八升九 2025年新九年级物理暑期衔接讲义,9,2
八年级 上册01 古诗文 每课默写,6,2
八年级 下册物理期末测试卷,26,2
八年级 物理 1 2 3 4 5 6章 基础知识点背诵,5,2
八年级上人教版数学第三单元试卷,7,2
八年级上册 物理,4,2
八年级上册共读书目红星照耀中国全部考点学习资料打印,4,2
八年级上册数学,4,2
八年级上册数学全等三角形练习题,11,2
八年级上册数学单元测试卷卷，沪科版,12,2
八年级上册数学沪科版,5,2
八年级上册数学第一次月考试卷,8,2
八年级上册数学莲都区2024考卷,7,2
八年级上册物理,5,2
八年级上册物理学易金卷,5,2
八年级上册第一次月考,15,2
八年级上册第二单元语文测试卷,32,2
八年级上册第十三章,6,2
八年级上册英语,7,2
八年级上册英语月考,6,2
八年级上册译林版英语第二单元测试卷,8,2
八年级上学期物理,4,2
八年级上学期英语阅读理解,14,2
八年级下册,5,2
八年级下册2026年南充市顺庆区物理期末,8,2
八年级下册北师大版期末试卷,6,2
八年级下册历史试卷期末,14,2
八年级下册数学人教版单元检测第三单元四边形,12,2
八年级下册数学期末试卷5套。,17,2
八年级下册数学试卷,8,2
八年级下册期末考试数学,2,2
八年级下册期末试卷数学北师大,24,2
八年级下册物理期末,3,2
八年级下册物理第7章试卷,4,2
八年级下册特殊的四边形专题训练,4,2
八年级下册生物第四单元第六章,10,2
八年级下册肥城市物理期末考试试卷,8,2
八年级下册英语单元自测提升卷,11,2
八年级下册英语完形填空和阅读理解,5,2
八年级下册英语科普仁爱版单元测试,3,2
八年级下册道德与法治选择题,22,2
八年级下学期阶段检测,2,2
八年级下数学期末卷沙河口,4,2
八年级人教版数学巩固试卷,6,2
八年级全一册 第七单元 燃烧及其控制,4,2
八年级全等三角形专项训练,3,2
八年级初中竞赛练卷,33,2
八年级数学三角形专项练习,3,2
八年级数学北师大版,3,2
八年级期中期末试卷,20,2
八年级期末数学,25,2
八年级物理,5,2
八年级物理上册单元试卷,3,2
八年级物理上册期末检测卷,7,2
八年级物理单元测试卷,4,2
八年级物理竞赛,4,2
八年级第1次 揭阳市实验中学,5,2
八年级第1次月考榕实验真理华美,33,2
八年级苏教版上册第一次月考,5,2
八年级苏教版上册第一次月考数学,13,2
八月开学考,11,2
八月摸底考,5,2
八校联考,7,2
八省联考数学,21,2
八省联考英语,5,2
公主岭一中,3,2
公务员考试真题,2,2
六上武昌2020-2021,6,2
六上语文,8,2
六下期末试卷,13,2
六中,8,2
六安,2,2
六年級 2025 2026年下学期期末,14,2
六年级上册数学,3,2
六年级上册英语期末福建,3,2
六年级上册语文书,5,2
六年级上学期期末上海,2,2
六年级上学期阶段检测,3,2
六年级下册道德与法治,4,2
六年级下学期升学模考,2,2
六年级下学期期末,8,2
六年级下学期阶段检测,2,2
六年级数学暑假提升,2,2
六年级有理数加减法,8,2
六校教育研究会,27,2
六校联合体江苏8月,7,2
六盘水,4,2
六盘水市2026年7年级数学质量监测试卷,2,2
六盘水市2026年高二年级数学质量监测试卷,15,2
六盘水市2026高二期末考试,4,2
六盘水市八年级期末,5,2
兰化一中,22,2
兰山区高一上期中考试,12,2
兰州一中,4,2
兰州三十三中,7,2
兰州市2022年物理中考,3,2
兰州市七年级下册期末数学试卷,12,2
兰生,8,2
兰考县七年级,5,2
共点力平衡,15,2
关系代词宾语从句,6,2
关联速度专题,13,2
兴化中学高一开学考,4,2
兴国中学,11,2
兴城,11,2
其中,7,2
冀教版2026版英语课本,2,2
冀教版八下阅读训练,6,2
冀教版英语四年级下册,4,2
内江六中,9,2
内江初一数学,2,2
内江市,24,2
内江市高中2025届第三次模拟考试题英语,2,2
内能热机,4,2
内蒙古,2,2
内蒙古 2026 高三第一次质量检测,11,2
内蒙古2026中考,10,2
内蒙古中考真题,11,2
内蒙古人教版必修二万有引力与行星运动单元卷,7,2
内蒙古包头市2026高一上,10,2
内蒙古呼伦贝尔市海拉尔第二中学试卷,5,2
内蒙古英语,3,2
内蒙古贯通班初升高选拔试题初二,2,2
内蒙古高一下学期阶段检测,3,2
内蒙古高三上学期阶段检测,12,2
写作,3,2
冠词,11,2
冷水滩,13,2
凉山,24,2
凉山州2025到2026学年高一下期末,4,2
凌源市2025 2026学年度第2期期末数学质量检测,8,2
减数分裂图像习题,5,2
几何 02 专题大题,2,2
几何体的面积体积,2,2
几何压轴题,10,2
凤台一中,2,2
函数 0 1 函数一轮复习专题高三,4,2
函数 单调性,7,2
函数一轮复习专题高中,15,2
函数专题 2026届高三一轮复习,8,2
函数专题练习,18,2
函数单元测试卷,9,2
函数单调性奇偶性习题,9,2
函数压轴,31,2
函数周期对称性,5,2
函数图像,2,2
函数奇偶性 单调性 周期性,7,2
函数对称性,12,2
函数性质的综合应用,4,2
函数最值,4,2
函数的奇偶性对称性周期性,4,2
函数的概念,9,2
函数的零点与方程的解,5,2
函数高中,3,2
分压线流的选择,7,2
分层作业,5,2
分层练习,4,2
分式函数高中,4,2
分数 01专题一分数五年级计算题,5,2
分数加减,4,2
分数四则运算,22,2
分数应用题,3,2
分数计算,7,2
分班卷真题卷壶西,2,2
分班测东营六年级,5,2
分班考 初一南京,10,2
分班考 初一数学,12,2
分班考 高一上海物理,4,2
分班考动点问题,10,2
分班考卷,14,2
分班考卷子,2,2
分班考数学,3,2
分班考试卷,19,2
分班考试卷初升高,3,2
分班考高一,8,2
分班考高一新生入学,13,2
分类 汇编 2026,23,2
创作中心,3,2
创新大课堂老子,3,2
创新设计2027版一轮复习,7,2
创新设计2027版一轮复习电子版,10,2
初 中升高中2026年衔接资料,15,2
初一,15,2
初一 数学,12,2
初一上英语,6,2
初一下册期末听力,4,2
初一下甘孜州统考试卷  2021,7,2
初一分班考数学,37,2
初一开学考,8,2
初一数学,7,2
初一期中试卷,3,2
初一期末试卷人教版,25,2
初一武冈数学试卷,5,2
初一第一次月考试卷,7,2
初一英语上期中考试安徽,8,2
初三,48,2
初三 化学,6,2
初三上,11,2
初三化学上册综合测试卷,20,2
初三化学推断专题,5,2
初三北京海淀,3,2
初三物理ppt,5,2
初三英语,5,2
初中 三角形 角平分线,5,2
初中1600单词背诵,3,2
初中1600词,6,2
初中1600词汇 语境学单词,3,2
初中1600词汇表,9,2
初中化学九年级上册质量守恒定律,15,2
初中必刷题物理九年级上册,2,2
初中数学八年级上册,6,2
初中数学竞赛,4,2
初中数学联赛,5,2
初中数学讲义,4,2
初中物理,5,2
初中物理功与机械能,4,2
初中物理浮力培优提升,3,2
初中物理电路图,3,2
初中物理竞赛,12,2
初中物理选拔试卷,6,2
初中电学培优提升,8,2
初中英语,2,2
初中英语语法填空百题中考,4,2
初中语文古诗文阅读,10,2
初中语文名篇名句默写,12,2
初二 023 21 上学期 半期 考 数学,3,2
初二 物理 八年级上册,3,2
初二 英语,7,2
初二上学期数学期末试卷长沙,6,2
初二上数学第一单元测试卷,4,2
初二下学期数学,3,2
初二下学期语文卷期末测试卷,6,2
初二下期末复习数学,15,2
初二数学三角形校本练习,12,2
初二数学下学期期末试卷,27,2
初升高 2025 初升高 暑假衔接,4,2
初升高入学考试试卷,21,2
初升高分班考,5,2
初升高英语考试免费,3,2
初等函数,4,2
初高衔接,14,2
初高衔接英语音标练习,7,2
判断直线和圆的位置关系练习,2,2
前黄中学的月考卷,5,2
副词形容词,6,2
力学复习,15,2
力的动态平衡,7,2
力的合成,3,2
力的合成与分解,6,2
劝学 024文本理解性默写,5,2
功与机械能,5,2
功能关系,13,2
加速度,10,2
动力学中的连接体和临界极值问题,2,2
动力学综合压轴单选,8,2
动态平衡问题,4,2
动点与线段最值问题,8,2
动点六年级上,4,2
动物细胞工程,9,2
动能,12,2
动能 定理7大题型归纳习题,3,2
动量大题,7,2
动量守恒,6,2
动量守恒 15个模型,2,2
励才实验学校,10,2
勤学早,4,2
勤径学升,6,2
勾股定理单元测试,16,2
包九中外国语学校高一年级语文试卷2026年6月,7,2
包头市贯通班数学卷,11,2
包头期末,15,2
包头期末高一下,21,2
化学 1轮复习高中,20,2
化学一模,4,2
化学专题,7,2
化学专题工艺流程,9,2
化学八年级上册期中试卷,6,2
化学南通,3,2
化学反应的方向限度和效应,15,2
化学反应的热效应,5,2
化学反应速率,6,2
化学四月2019选考浙江,3,2
化学基础知识点总结,2,2
化学奥林匹克,6,2
化学实验大题,6,2
化学实验的常用仪器和基本操作,9,2
化学工业流程,11,2
化学工艺流程,4,2
化学工艺流程综合,8,2
化学平衡的移动,13,2
化学式,12,2
化学式的书写,5,2
化学必修一知识点总结,2,2
化学必修二第五章,2,2
化学必修二第五章综合,18,2
化学必背公式,12,2
化学摩尔小测,7,2
化学方程式 默写 汇总,10,2
化学暑假预习讲义01 焓变反应热 答案,4,2
化学月考卷,9,2
化学有机大题综合练,4,2
化学有机物高一专题,7,2
化学期中测试,28,2
化学期中考试九年级上册,8,2
化学氧化还原配平,7,2
化学物质的量,2,2
化学物质的量专题,6,2
化学用语,15,2
化学真题,3,2
化学知识点必修一,9,2
化学离子反应,12,2
化学竞赛复赛高中江苏2025,5,2
化学背诵知识点总结,15,2
化学计算题,3,2
化学选修一人教版,9,2
化学选修二,13,2
化学选择性必修一专题,16,2
化学高三复习试卷广东,7,2
化学高二下期末,9,2
化学高考卷,2,2
北京101月考高三,6,2
北京161,7,2
北京2021高考化学,8,2
北京2026高二期末物理,5,2
北京一零一中2025-2026笫二学期期末考试,18,2
北京东城区四年级下学期期末英语真题,4,2
北京东城高一下化学,2,2
北京中学,6,2
北京中考英语,4,2
北京九年级上学期期中,6,2
北京二中教育集团八年级,15,2
北京二中高一,8,2
北京八下期末英语,5,2
北京初升高分班考,3,2
北京十二中,11,2
北京大学附属中学新高一,6,2
北京市2025年普通高中学业水平等级性考试,9,2
北京市2026年中考英语试卷,7,2
北京市一零一中学高一下期末数学,10,2
北京市东城区高三综合练习（一）,6,2
北京市中考,5,2
北京市大兴区2026数学7年级下册兴海,27,2
北京市大兴区八下期末,6,2
北京市朝阳区2025到2026学年高一下期末化学,5,2
北京市海淀区北京大学附属中学2024~2025学年高一下学期期末考试历史试题,5,2
北京市第十一中学八年级数学,2,2
北京市西城区2025-2026学年第二学期期末考试 高一化学试卷,23,2
北京市西城区第四中学2025至2026年八年级下学期期中物理考试题,3,2
北京市通州区,10,2
北京市通州区潞河中学,4,2
北京师大附中,14,2
北京师范大学附属中学,6,2
北京房山区高二期末,7,2
北京朝阳英语高一期末考试,3,2
北京期末,25,2
北京精华学校高三开学考,4,2
北京育英,12,2
北京英语高考,5,2
北京西城2026八下数学,2,2
北京西城一模2023,8,2
北京西城区26高二期末数学,17,2
北京西城区高二期末数学,25,2
北京阶段检测,7,2
北京高中语文高考,3,2
北师七上整式及运算,12,2
北师大,9,2
北师大七年级上册第一次月考,8,2
北师大九年级数学特殊平四,7,2
北师大八上一次函数专项练习,11,2
北师大八下期末模拟卷数学宁夏,9,2
北师大数学八年级上册第一次月考,7,2
北师大昌平附属学校新高一摸底考,3,2
北师大版四年级数学上册单元试卷,7,2
北师大版必修一期末,16,2
北师大版数学九上二次函数,2,2
北师版八上数学,5,2
北师版八下数学，偏难压轴题,7,2
北方联合出版传媒,4,2
北理工附中 分班考,3,2
北雅,8,2
十二校联考,16,2
十堰一中,9,2
十堰市2025-2026高二期末英语,3,2
十字相乘,5,2
十年高考英语电子版,3,2
十校联盟,9,2
升学考,6,2
升班考,4,2
半角 模型八年级半角模型专题,6,2
华东师大二附中,2,2
华侨,4,2
华兴教育港澳台联考,3,2
华南师范大学附属中学高一上物理去,18,2
华坪女高高二上学期期末数学试卷,8,2
华师一附中长飞班选拔,6,2
华师大三附中分班考/高一入学模底,7,2
华师版初一上计算,16,2
华曜,12,2
华清中学,20,2
华罗庚杯,27,2
华罗庚杯竞赛,5,2
协作校,18,2
卓越计划,8,2
单 词 背 默,3,2
单元,6,2
单元卷 测试卷人教版,4,2
单元检测卷,21,2
单元考,3,2
单县一中,4,2
单词 背诵版和默写版,5,2
单词拼写-根据句意/音标填单词,5,2
单词默写单,5,2
单调性,3,2
南京一中语文复习讲义高中,5,2
南京中考物理,4,2
南京二模,5,2
南京外国语学校2025高二上月考数学,4,2
南京大学,2,2
南京市2026届高三年级学情调研,12,2
南京市2026高三上学情调研,2,2
南京市栖霞区七上分班考,8,2
南京市江宁区,3,2
南京市江宁区八年级上册语文期末试题,4,2
南京市第二十九中学英语月考卷,4,2
南京市金中河西 2024 2025学年七下期中语文卷,2,2
南京玄武区2026九年级上学期期中,17,2
南京玄武区2026八年级,13,2
南京盐城,6,2
南京盐城一模,13,2
南京第二十九中学,27,2
南京第二十九中学化学高一期中,2,2
南京第十三中学校期末英语,6,2
南京育英二外,5,2
南京高三9月学情,9,2
南京高三零模,23,2
南充,10,2
南充高中高一上期中,4,2
南召现代中学,3,2
南头,6,2
南宁2026中考历史,3,2
南宁二中高一,6,2
南宁二模,2,2
南宁二模英语,5,2
南宁小升初,3,2
南宁市武鸣区武鸣中学,3,2
南宁市高一开学考,3,2
南宁高考二模英语,4,2
南山,2,2
南山区2026五下,2,2
南师大高二月考,4,2
南师附中物理卷,9,2
南平市2025至2026学年第一学期高一期末化学质量检测,3,2
南平建瓯八年级上册数学期末试卷,11,2
南康中学,8,2
南康二中,12,2
南开区,6,2
南开区高一上期末真题,3,2
南方凤凰台,10,2
南昌一中,33,2
南昌二中2025 2026高一下期末考试,3,2
南昌二中九上数学期中,3,2
南昌二中高二第一次月考数学,5,2
南昌二模,11,2
南昌县2025-2026九年级期中英语试题,4,2
南昌县试卷,7,2
南昌市2026届高三年级测试,15,2
南昌市统考数学,5,2
南昌新高一分班英语,4,2
南汇中学,9,2
南江中学,3,2
南海华附,3,2
南溪一中高一期末考试宜宾,2,2
南蔡村,4,2
南通2025年高二上学期期中数学,27,2
南通一模,6,2
南通全市八上学情调研卷,10,2
南通初三上期中物理,9,2
南通市2026届高三上学期学业质量监测（一模）化学试卷,3,2
南通市通州区高一上期中,14,2
南通市高三期初考试,10,2
南通田家炳八年级上英语,3,2
南郊中学,11,2
南部中学9年级,9,2
南阳一中2025高一开学测,17,2
南阳市,21,2
南阳市2023年秋期高中一年级期终物理试卷,18,2
南阳市秋季高一上期终质量评估物理,7,2
南阳新野八年级英语,2,2
博山中学2025年七年级上册地理期中考试试卷,4,2
博罗县初中试卷,3,2
博雅培文,6,2
即墨,10,2
历下区期中,13,2
历史八下,20,2
历史地图题专项,4,2
历史期中鸡西龙东地区,4,2
历史选择 题2026专项训练选择题,6,2
历史高一,6,2
历史高考真题全国卷,7,2
历城二中 2026,7,2
历城二中高一,3,2
历城二中高一上月考,26,2
历年语文高考真题,2,2
历年高考真题,7,2
压轴,75,2
压轴题汇编,7,2
压轴题的解题策略,11,2
厘米和米,7,2
厦门2026质检高一数学,5,2
厦门2026高一 下学期数学期末,4,2
厦门一中 2025 2026高三上数学期末,2,2
厦门一中2025 2026,2,2
厦门一中高二上期中考化学,11,2
厦门双十中学高一期末物理试卷,2,2
厦门双十入学考,17,2
厦门双十初二上,10,2
厦门双十初二上第一次月考数学,3,2
厦门双十高二上,11,2
厦门同安实验,3,2
厦门外国语,9,2
厦门外国语学校2024 2025学年第一学期八年级期中考试试卷数学,19,2
厦门市2025 2026第二学期期末,4,2
厦门市第二外国语学校2025-2026学年第二学期 8年级学期综合评价数学试卷,5,2
厦门数学初一,4,2
厦门新高一分班考数学,8,2
厦门海沧实验中学,5,2
厦门第一中学,7,2
厦门自主招生卷,11,2
厦门英语,4,2
厦门质检,14,2
厦门高三数学,4,2
去年8上五莲数学期末考试原题,6,2
去年八上五莲数学期末考试原题,9,2
去年宁阳期中八上物理,3,2
去年老城区八年级上册期中英语试卷,3,2
去年长沙县初一上册期末质量检测卷,7,2
县中联盟,26,2
县中联盟高二期末考试2026,3,2
双十字相乘法,8,2
双对称出周期,19,2
双棒 导轨 模型专题,3,2
反比例 函数,19,2
发酵工程大题,20,2
叠纸游戏,5,2
口算 1 100以内加减法 每日,6,2
古典概型,4,2
古诗 鉴赏 2 026一轮复习 古代诗歌,3,2
句子结构和成分,4,2
句子翻译,3,2
句段作用,52,2
台州,22,2
台州2026高三,8,2
台州市期末考试,2,2
台湾,5,2
台阶平抛模型例题及答案,3,2
合挌性考试 2025,11,2
合生,23,2
合肥 0 202 6一模,20,2
合肥168,3,2
合肥168中学,6,2
合肥168中学自主招生,3,2
合肥45中八年级数学试卷,2,2
合肥8年级下册道德与法治试卷,3,2
合肥一中语文,4,2
合肥一中高一上,4,2
合肥一中高一期末,6,2
合肥一中高一期末数学,7,2
合肥一六八中学,5,2
合肥五十中第一学期8年级数学期中考试。,4,2
合肥八中,2,2
合肥八中2025到2026学年第二学期高一年级期末检测,8,2
合肥六中,9,2
合肥六中高一,14,2
合肥六校联盟2025-2026学年高一下学期期末物理试题 合肥市第十一中学 2026高一物理期末,2,2
合肥四十五中八年级数学试卷,6,2
合肥四十八中九月数学月考,13,2
合肥四十八中嘉陵江路校区,17,2
合肥物理八上期中试卷,22,2
合阳中学高一期末,5,2
吉大附中,12,2
吉大附中高一上学期月考,26,2
吉安县,3,2
吉安市高一下学期期末教学质量检测,10,2
吉林,5,2
吉林2026中考卷子,15,2
吉林一中分班考试卷,3,2
吉林市,2,2
吉林市松花江,3,2
吉林市第五中学,9,2
吉林期末,3,2
吉林毓文中学,6,2
吉林省人教版选择性必修第4册英语单词,3,2
吉林省物理必修一,4,2
吉林省长春市十一高,3,2
吉林省高一期末数学,3,2
吉林通化市梅河口市第五中学,18,2
吉林长春初中中考试卷,14,2
吉林高一下学期期末,3,2
吉林高三下学期期末,3,2
吉水10月月考,6,2
同位角 内错角 同旁内角,5,2
同分异构,26,2
同安,13,2
同安一中,4,2
同构,6,2
同步精导优化与设计方案九年级上册数学青岛,9,2
同步练习册,13,2
名师伴你行,9,2
名师导学,4,2
名师测控,33,2
名校协作体开学考,33,2
名校名卷,2,2
名校学案,6,2
名校课堂九年级上同步,7,2
名校课堂九年级上同步数学河北冀教版,3,2
名校课堂单元卷,3,2
名词单复数练习,4,2
向明中学,13,2
向量 023 专题,6,2
向量乘法,8,2
向量的最值和范围,3,2
含听力,3,2
听力 1,3,2
听力/单项选择,3,2
听力/词汇,4,2
听力真题,2,2
启东中学高二上学期月考数学,3,2
启明高级中学金太阳月考卷,14,2
吴江区高一数学第一次月考,6,2
吴老师工作室,8,2
周口一模,9,2
周口新星,6,2
周口郸城一高,5,2
周周练,7,2
周末小金卷,6,2
周村六年级上册,30,2
周测,13,2
周练,2,2
呼伦贝尔阿荣旗2026-2027六年级下册数学期末试卷,5,2
呼和浩特市2025高一期末英语统考（带听力）,2,2
呼和浩特市第一中学,2,2
呼市第三十九中,6,2
和平一模,3,2
和平区2025至2026学年度第二学期9年级第三次质量调查英语学科试卷 和平区,5,2
和田地区洛浦县多鲁镇第一中学的中考题,5,2
咸水沽第一中学,5,2
咸阳实验,2,2
咸阳小升初分班真题卷,10,2
咸阳市高二2026地理,2,2
咸阳高新一中新高一分班考,14,2
品牌日,4,2
哈 三 中 2 0 2 5 2 0 2 6 学 年 度 三 学 年 期 中 考 试,2,2
哈三中2026年高三第一次模拟考试,11,2
哈三中2026高三第三次模拟,2,2
哈三中期末,2,2
哈六中,2,2
哈利波特英文,4,2
哈四中,4,2
哈密第二中学,10,2
哈尔滨三中一模2026年数学,10,2
哈尔滨三中一模数学,2,2
哈尔滨三中高三,2,2
哈尔滨南岗初一,8,2
哈尔滨市2026年八年级下册各区语文试卷,4,2
哈尔滨市第三中学校2025 2026高一下学期6月份语文,3,2
哈尔滨市第三中学高一下期末考试政治,9,2
哈尔滨市第十九中学,3,2
哈尔滨师大附中高一下期末,2,2
哈尔滨第三中学高一上册期末,5,2
哈尔滨第六中学校2025高二数学,3,2
哈尔滨语文记叙文阅读中考真题,14,2
哈师大附中2025 2026学年度下学期高一英语期末,12,2
哈师大附中2025 2026高一下期末,9,2
哈师大青冈实验中学,13,2
响水中学,11,2
哲学与文化,8,2
唐县2025-2026九年级上册第一次月考 人教版? ?保定唐县初三上册九月月考语文数学英语物理化学试卷,52,2
唐山2026高一期末,6,2
唐山一中2025年高一10月月考数学,14,2
唐山初一数学上学期期中,3,2
唐山市摸底演练,10,2
唐山市路北区七年级数学,4,2
唐山市高三开学摸底考试,14,2
唐山摸底考试数学,5,2
唐山泓延文化传媒八年级上册,5,2
唐河县,21,2
唐诗三百首,5,2
商丘 新初一分班考试卷 语数英 河南小升初均衡编班摸底测试,4,2
喀什地区2025-2026学年七年级数学试卷,3,2
喀什市2025 2026期末考试,2,2
嘉兴,14,2
嘉兴期末高一物理,3,2
嘉善高级中学,10,2
嘉定,6,2
嘉定英语,8,2
嘉祥外国语,11,2
四上语文期末试卷,26,2
四下数学青岛版,6,2
四会市语文,5,2
四六级,3,2
四则运算,12,2
四十七,3,2
四十七中,4,2
四十三,7,2
四十三中学,2,2
四升五 2026年暑假每日一练,8,2
四大名校试卷,10,2
四川 0 2026 高考真题英语,4,2
四川2026政史地,14,2
四川专用,19,2
四川八年级下学期期末,6,2
四川内江,18,2
四川凉山彝族自治州初一,3,2
四川初一初二考试题,8,2
四川初升高衔接分班数学模拟卷,7,2
四川单招普高类,4,2
四川南山中学,3,2
四川卷物理,3,2
四川往年零诊语文试卷,2,2
四川普通高中学业水平考试,4,2
四川物理2026高考真题,6,2
四川省六年级上册数学一单元人教版,4,2
四川省凉山州期末题,10,2
四川省南充市2024~2025学年高一下学期学业质量监测数学试题,3,2
四川省成都高一 下物理期末测试卷,11,2
四川省眉山市仁寿县八年级下册数学期末卷,12,2
四川省绵阳市2025 2026学年高二下学期期末考试A卷,20,2
四川省绵阳市2026高中数学一诊试卷,9,2
四川省雅安市2025-2026学年下学期期末教学质量检测高中二年级数学试题,2,2
四川省高中学业水平合格考数学,3,2
四川绵阳南山中学,2,2
四川英语合格考,2,2
四川阶段检测,3,2
四川高一下数学期末,16,2
四年级,26,2
四年级上册,3,2
四年级上册数学期中,11,2
四年级上学期期末,2,2
四年级下学期期末,9,2
四年级数学小数点,2,2
四年级语文字帖60天一天一练,9,2
四校联考广东,3,2
四级,4,2
四边形几何模型,8,2
回中,2,2
因 式 分 解100道,4,2
因 式 分 解100道练习题北师大,12,2
因式分解100道练习题提高,6,2
因式分解专题,6,2
因式分解教案,6,2
因式分解高三,5,2
因数倍数,3,2
固原五原小升初考试卷,2,2
固原市五原中学七年级入学摸底试题,6,2
固原市第七中学,5,2
固定搭配动词短语搭配,14,2
图形的相似 单元测试,27,2
图木舒克市一中,5,2
图表阅读,4,2
圆周运动单元测试,8,2
圆周运动的临界问题,7,2
圆大题,6,2
圆椎曲线高考真题,10,2
圆综合,3,2
圆锥曲线专题专项练,8,2
圆锥曲线中焦半径、焦点弦公式的应用,11,2
圆锥曲线取值范围与探索性问题,7,2
圆锥曲线定值定点,6,2
地图 2025一轮复习地图,2,2
地球圈层物质交换图,6,2
地球自转的地理意义,4,2
地理    地球的运动   单元测试,2,2
地理2026高考题,8,2
地理一轮复习,10,2
地理八下,15,2
地理模拟,4,2
地理江苏高考模拟,6,2
地理默写,8,2
地理默写小纸条,28,2
地生 20226会考,3,2
均值不等式,12,2
垂直证明题,3,2
垦利区自招题,10,2
培优小状元,10,2
基因 工程2026专题复习,5,2
基因工程大题,14,2
基因工程大题专练,2,2
基因的分离定律和自由组合定律,12,2
基地大联考,5,2
基本 不等式,2,2
基本不等式专题一轮复习,16,2
基本不等式难题,4,2
基本不等式题目,3,2
基本初等函数,10,2
基础,11,2
基础中档,5,2
基础卷,12,2
基础测试,8,2
基础题,9,2
塘沽一中英语高三,9,2
塘沽一中高一上第一次月考,6,2
增城区,10,2
增城区初二,22,2
声现象,5,2
壹学知道,13,2
复合函数,17,2
复旦大学,3,2
复旦附中高一开学入学考试,3,2
复附浦东分校分班考,2,2
外刊,14,2
外接圆 内切圆空间几何体,7,2
外接球,11,2
外接球，内切球问题,15,2
外研版,8,2
外研版 1必修一 单词默写,20,2
外研版1247记忆法,5,2
外研版三年级,5,2
多项式,3,2
大pai键,3,2
大一高等数学,7,2
大兴区初二下期末数学试卷,3,2
大同中学 文山,4,2
大学期末,4,2
大学路实验学校七年级上开学测试,5,2
大庆一中,15,2
大庆中学高一下学期期末,6,2
大庆中学高二上开学,7,2
大庆中考,4,2
大庆四中,4,2
大庆实验中学2025-2026高一上学期其中化学,3,2
大庆实验中学实验二部,2,2
大庆实验中学高一上,7,2
大庆实验中学高二下学期2025-2026英语期末测试卷,8,2
大庆铁人2025-2026期末考试英语,4,2
大庆铁人高二期末,6,2
大桥高级中学高一月考语文,5,2
大港三中第一次月考2025,6,2
大港油田,7,2
大湾区联考,21,2
大湾区联考语文,7,2
大理州,7,2
大连24中学,2,2
大连24中高三一摸,23,2
大连二十四中,17,2
大连二十四中学,15,2
大连化学,7,2
大连市 新高一 入学摸底,2,2
大连市某中学高一上物理月考卷,5,2
大连市第二十四中学开学考,4,2
大连市第十六中学,11,2
大连开发区高一上学期数学月考卷,3,2
大连王府高级中学,7,2
大连甘井子区2024-2025语文六年级下期末卷,4,2
大连高一下期末数学,5,2
大题专练,7,2
大题预测卷04（江苏专用）2026年高考语文终极冲刺讲练测,21,2
天一大联考期末英语,16,2
天一大联考期末英语高一,8,2
天一联考数学,6,2
天利38套,5,2
天星,2,2
天星 2026 版 45 套卷,2,2
天水一中,5,2
天河中学,8,2
天津 四十七中,8,2
天津2025-2026高中期末考试高二,6,2
天津2025九上南开物理期中卷,2,2
天津2025年益中9年级上期中考试物理,4,2
天津一中小卷,6,2
天津一模,11,2
天津中考外研版英语模拟题,3,2
天津中考数学2026,8,2
天津中考英语,4,2
天津九上期中,2,2
天津九年级数学月考,4,2
天津五年级下学期期中,5,2
天津四年级下学期阶段检测,6,2
天津宝坻25-26七年级期末,39,2
天津实验中学,3,2
天津市 部分区,31,2
天津市2025年高一入学分班测试,3,2
天津市七上英语,5,2
天津市南开中学,8,2
天津市南开中学2020~2021学年高一下学期期末历史试题,5,2
天津市历年高考试卷,2,2
天津市和平区小升初数学,9,2
天津市和平区汉阳道中学2025-2026学年八年级上学期期末物理试题,3,2
天津市和平区第一中学九上化学月考卷子,2,2
天津市外国语大学附属外国语学校,6,2
天津市天津中学2020-2021学年高二上学期期中,6,2
天津市武清区杨村一中,9,2
天津市第47中学高三第一次化学,20,2
天津市第一百中学2026年地理青海生三模考试卷,5,2
天津市第二十中学,9,2
天津市紫云选修一期中生物试卷,9,2
天津市西青区2025至2022学年度七年级下册道德与法治期末,7,2
天津市部分区,24,2
天津市部分区 期末考试,13,2
天津市部分区2023~2024学年度第二学期期末考试高一英语,4,2
天津市部分区2025~2026期中考试九年级上册物理,3,2
天津市部分区高一上册生物期中考试,4,2
天津市静海区实验中学,4,2
天津市高二上期末化学,6,2
天津建华中学初一上学期第一次月考语文数学,6,2
天津数学,2,2
天津新高一入学分班考试,3,2
天津期中,13,2
天津期末,3,2
天津蓟州区2025八年级部分区道法上册期中考试卷,12,2
天津西青区,40,2
天津道法高考,5,2
天津部分区九年级上学期期中,4,2
天津部分区高二下学期期末,2,2
天津静海一中化学月考2025,4,2
天津高一上学期阶段检测,13,2
天津高考 2026,5,2
天津高考地理,2,2
天津高考语文,2,2
天津高考语文真题,19,2
天祝一中,18,2
天祝一中开学考,13,2
天长中学,8,2
天门,20,2
天门市,3,2
太原,8,2
太原2025-2026高一上学期期末数学考试,8,2
太原五中,7,2
太原市实验初升高开学分班考试试题,6,2
央美附中,3,2
奉节县七下,15,2
套卷,23,2
奥 数,7,2
奥数初二,12,2
奥林匹克,26,2
奥林匹克数学竞赛高中,12,2
奥林匹克物理竞赛试题,10,2
好词好句分类摘抄,3,2
好词好句摘抄,7,2
如东中学,18,2
如东实验中学,9,2
如皋,7,2
如皋 新初一分班考试 苏教版数学 译林英语,9,2
如皋中考一模试卷,11,2
如皋高二上,6,2
姜堰励才,2,2
姜堰励才7年级英语试卷,3,2
姜堰四中,11,2
姜堰四中八年级英语作业,28,2
姜堰第四中学,3,2
姜广平,4,2
娄底市高二上学期开学摸底卷,14,2
娄江,12,2
婺源中学,7,2
字帖英语,6,2
字形字音 词语运用 成语辨析,6,2
孝感市新高一分班考试卷,3,2
孝感高级中学,2,2
孟津,2,2
孟津区五年级试卷,3,2
学 考2026浙江真题,2,2
学业合格性考试,4,2
学军中学高一下,2,2
学年天津市河北区+2025-2026学年七年级下学期期末道德与法治试卷.zip,10,2
学情自测,6,2
学探诊,3,2
学海风暴,3,2
学海风暴七年级,3,2
学科网 (zxxk.com)：搜索关键词 ?山东省日照市曲阜师范大学附属实验学校 2025-2026学年九年级上学期10月月考化学试题?。这是最权威的来源，通常有完整版及解析 。,2,2
学考2026,10,2
学考卷,7,2
学考广东,3,2
学考真题,6,2
学英语报,2,2
宁夏中考真题,10,2
宁夏六盘山高级中学,12,2
宁夏固原市弘文中学2023~2024学年七年级上学期数学检测数学试卷,3,2
宁夏固原市第七中学2023-2024学年七年级上 学期入学分班考试语文试卷,4,2
宁夏阶段检测,7,2
宁夏高三下学期期末,5,2
宁德 市2 0 2 5 2 0 2 6 高一第二学期物理期末质量检测,11,2
宁德一中,4,2
宁德七年级期末英语试卷,4,2
宁德市2025~2026学年度第二学期期末高一历史 政治,3,2
宁德市英语七年级下册,10,2
宁波市2025 2026学年第二学期期末考试,4,2
宁波市2025学年第一学期高考模拟,20,2
宁波市2025学年第二学期期末九校联考高二化学,3,2
宁波市202学年第二学期期末九校联考高二英语试题,2,2
宁都中学,5,2
宁阳县第三中学,3,2
安丰中学,5,2
安师大附中高一上学期,2,2
安平志臻中学,6,2
安庆一中,3,2
安庆一中高一,2,2
安庆四中数学试卷,2,2
安庆四中试卷,3,2
安庆市望江县七年级下数学期末试卷,3,2
安庆期中考试,6,2
安徽 新高一分班考试 数学,5,2
安徽2026中考试卷,4,2
安徽中考数学,7,2
安徽九年级上学期阶段检测,21,2
安徽地理合格性考试,6,2
安徽宣城中学,13,2
安徽期末,21,2
安徽沪科版八年级数学上册其中考试卷,5,2
安徽滁州市,2,2
安徽皖江名校联盟,25,2
安徽省 025年普通高中学业水平合格性考试,23,2
安徽省2026年中考各科试卷,5,2
安徽省中考试卷,8,2
安徽省六校教育研究会2026年高三入学素质测试,7,2
安徽省合肥市庐阳区庐阳中学2024-2025九年级上册期中数学试卷,8,2
安徽省合肥市第四十八中学9月,2,2
安徽省宿州市泗县,14,2
安徽省怀宁县2024八年级下册物理期末测试卷,4,2
安徽省淮北市五校联考，九年级上册,3,2
安徽省砀山中学 高一开学考试,4,2
安徽省阜阳市颖上县,17,2
安徽芜湖无为四下期末数学,5,2
安徽蚌埠,47,2
安徽阜阳,11,2
安徽顶尖名校联盟2025 2026年高三下学期5月最后一卷英语,4,2
安徽高一上学期期末,10,2
安徽高一下学期期末,11,2
安徽鼎尖名校联考,15,2
安徽鼎尖教育,7,2
安海养正月考,4,2
安远县濂江,12,2
安阳殷都区七年级下册2026年期末试卷,4,2
安阳飞翔,7,2
完全立方公式,2,2
完型,2,2
完形,13,2
完形填空/选词填空,12,2
完形填空高中,9,2
定 语 从句 100 题,3,2
定语从句-关系代词,4,2
宜宾2026中考数学,2,2
宜宾八下语文2026,8,2
宜宾市2025年高二期末考试,10,2
宜宾市叙州区,5,2
宜昌金东方初中,5,2
宜阳一高,2,2
宝坻一中,9,2
宝山中学,2,2
宝山八年级,19,2
宝山华曜,8,2
宝应,20,2
宝鸡八上数学期中考试,2,2
宝鸡数学,11,2
实数 01专题人教版,4,2
实数单元测试卷培优,2,2
实词虚词,5,2
实验中学七下,5,2
实验初中,2,2
实验班,6,2
实验装置,4,2
实验题,4,2
宾语 从句 100 题,8,2
宾阳县,8,2
宿城一中,14,2
宿城第一初级中学,5,2
宿豫区实验初中初一月考数学,4,2
宿迁 1月份 高一期末,2,2
宿迁中考,2,2
宿迁中考 2026,6,2
宿迁沭阳英语期末高中,3,2
对数函数,7,2
对数计算,13,2
对数计算练习,6,2
导 学案,7,2
导 数,9,2
导数及其应用,3,2
导数基础题型专项训练,3,2
导数的单调性,6,2
导数的新课题,5,2
导数练习题,4,2
导数零点问题,5,2
封丘,3,2
射洪中学,6,2
将军 饮马 2026 八年级,3,2
将军饮马模型,6,2
小 升 初 2025 英语福建,4,2
小 升初2025数学人教版,2,2
小 升初分班考试卷,24,2
小升初 英语,7,2
小升初 衔接2026数学,2,2
小升初 衔接数学北师大版,13,2
小升初入学分班考,4,2
小升初数学开学考,18,2
小升初英语单词,3,2
小升初试卷江苏,10,2
小升初，2025年辽宁葫芦岛市语文试卷,5,2
小学 五年级 2025 年 下册 数学,6,2
小学5年级分段计费计算题,4,2
小学一年级期末考试卷,5,2
小学五年级下册数学,2,2
小学五年级期末考试试卷,10,2
小学初中高中英语全套词汇主题分类汇总,6,2
小学数学,21,2
小学竖式计算,11,2
小学英语期末试卷,3,2
小数,4,2
小石潭记练习题,3,2
小船渡河 关联速度专题练习,7,2
小船过河模型,4,2
小蝌蚪找妈妈,5,2
小车速度随时间变化的规律,5,2
小高 考 2024 2025 江苏 学业水平 合格性考试复习,8,2
小高考广东,4,2
屏东,13,2
山 东 2 0 2 5高考真题,4,2
山 东 2 0 2 6中考真题省考数学,4,2
山 东菏泽语文 2 0 2 6中考真题,3,2
山东2026普通高等学校招生全国统一考试（新 高考|卷）数学试题,2,2
山东2026道法中考真题,3,2
山东七年级上学期期中,4,2
山东七年级下学期期末,2,2
山东东营4月高三二模,2,2
山东中考数学,3,2
山东临沂市兰山区7年级下册数学期末考试,6,2
山东八年级下学期期末,8,2
山东历史2026高考,8,2
山东名校考试联盟,32,2
山东名校联盟高三,7,2
山东地理会考,2,2
山东实验中学,6,2
山东德州天衢新区2024至2025学年八下数学期末考试题目,4,2
山东政治高考真题,5,2
山东春考数学真题,11,2
山东期中,16,2
山东泰安六年级下册数学期末模拟卷,3,2
山东泰安市2025-2026学年高一年级第二学期期末考试语文试题（解析版）,4,2
山东济南一模,12,2
山东济南英语,24,2
山东济南高三化学上学期10月月考名校联盟,8,2
山东淄博,3,2
山东潍坊,12,2
山东烟台二模,18,2
山东生物期末考试,11,2
山东省 0 2026初三中考,11,2
山东省2026中考真题泰安英语,3,2
山东省2026二年级下期末考试卷,9,2
山东省东营市实验中学2025一2026学年七年级上学期期中考试数学试卷,6,2
山东省临沂市一中北校区2026年强基班考试题九年级升高一,3,2
山东省临沂市兰山区高一期中考试生物,3,2
山东省临沂市沂水县期末考试,8,2
山东省临沂市莒南县高一下,2,2
山东省临沂市高中2025年物理试卷期中的,11,2
山东省四年级英语期末考试,2,2
山东省实验中学2025 2026,7,2
山东省实验中学高一,6,2
山东省实验中学高二上学期化学,6,2
山东省实验中学高二上学期生物,5,2
山东省德州市2025-2026学年高一下学期期末考试 语文数学英语物理化学生物试题及答案,3,2
山东省德州市庆云县,10,2
山东省德州市第一中学高一期末,5,2
山东省日照市2025级 期末考试高一,5,2
山东省日照市五莲县2023到2024学年六年级上册期末，真题,12,2
山东省机电一体化,2,2
山东省枣庄市市中区十五中东校月考2025-2026,2,2
山东省泰安市,3,2
山东省泰安市中考,5,2
山东省泰安市中考题英语,6,2
山东省泰安市泰山区物理八上,4,2
山东省济南市2026二年级下期末考试卷,10,2
山东省济南市天桥区2024-2025学年八年级上学期期中考试物理试题,5,2
山东省济南市莱芜第一中学,3,2
山东省济南第三中学,3,2
山东省淄博市淄川区第四中学高一上学期期中数学,19,2
山东省淄博市高青县2026八年级数学下学期期末数学试卷,15,2
山东省滨州市2026年英语下学期期末考试答案,15,2
山东省滨州市2026年高二英语下学期期末考试,3,2
山东省滨州市无棣县期中物理试题,6,2
山东省滨州市滨城区2025-2026七年级下册数学,5,2
山东省潍坊市昌乐县高一下学期期末真题,7,2
山东省潍坊市高一下学期期末试卷,5,2
山东省潍坊市高二上学期化学期末考试卷,4,2
山东省烟台市福山区2025—2026高一第二学期期末考试答案英语,7,2
山东省聊城市2025 2026学年度高二下学期期末质量检测,14,2
山东省菏泽市单县 2026 年高二下学期期末考试地理试卷,15,2
山东省菏泽市成武县2026期末考试真题,5,2
山东省菏泽市郓城县,14,2
山东省青岛市2025-2026学年高三上学期期初调研检测,13,2
山东省青岛市四区联考2025到2026学年高一上学期期中考试物理试卷,5,2
山东省青岛市城阳区棘洪滩第十二中学七年级上册第一次语文月考真题,3,2
山东省青岛市胶州市,6,2
山东省高二上学期数学期中,5,2
山东统考2026中考政治,2,2
山东聊城一中高一第一次月考,26,2
山东聊城市2025_2026学年高一下学期7月期末语文试题,3,2
山东聊城阳谷高一下学期期末数学,4,2
山东菏泽曹县一中高一下期末物理试卷,5,2
山东菏泽高3数学2025一2026期中上学期,5,2
山东高三,8,2
山东高三下学期期末,16,2
山东高三潍坊英语,6,2
山东高二合格考物理,3,2
山体效应,4,2
山坡羊 潼关怀古,9,2
山师附中高三上学期期中,2,2
山西2026高考化学,2,2
山西七年级英语期中试卷,3,2
山西八年级下学期阶段检测,5,2
山西大同,8,2
山西大学附属中学2024年，九年级上册英语月考题,22,2
山西大学附属中学2024～2025高二第一学期月考（9月））,6,2
山西大学附属中学2025-2026高二第一学期9月开学考化学,9,2
山西太原202高三年级期中学业诊断英语,5,2
山西山大附中入学分班考,4,2
山西忻州2025~2026高二下学期期末考试,21,2
山西晋城市第一中学2025-2026学年高三下学期3月过程性诊断物理试题答案,5,2
山西省临汾第一中学校,5,2
山西省实验中学,7,2
山西省晋中市介休市,10,2
山西省晋中市平遥县,6,2
山西省语文中考试卷,72,2
山西运城·一模,9,2
山西高一上学期分班考,56,2
岳阳市第一中学 入学考试,3,2
岳阳市高一期中数学,4,2
岳阳楼区物理,3,2
崇明中学,7,2
工业流程,10,2
工程问题,2,2
工艺 流程 2022 2025 2022 2025 年 高 真题 汇编 高三,2,2
巨野县实验中学,12,2
差不变原理,8,2
巴中2026八年级期末试卷,12,2
巴中中学期中,15,2
巴南区,36,2
巴川中学,3,2
巴彦县高级中学,23,2
巴蜀中学2026高一下期末数学,9,2
巴蜀中学高一上,16,2
巴蜀八下期末,4,2
巴蜀张家花园,13,2
市一中,2,2
市一高,6,2
市北,3,2
市南,9,2
市西,4,2
市质检,4,2
师大附中月考,4,2
师大附中月考二,5,2
师范大学附属中学,2,2
希望杯小学三年级,2,2
常州中学,6,2
常州中考,3,2
常州中考2026,3,2
常州八上物理月考,6,2
常州市三年级上学期英语,3,2
常州市外国语学校数学九年级上期末,6,2
常州市武进区2025-2026八下数学期末,6,2
常州高一下化学期末,21,2
常德市2026上学期高二期末,6,2
常德市2026年数学中考试卷,6,2
常熟新初一分班考,3,2
常熟浒浦高一上数学月考,3,2
平凉四中,13,2
平和县广兆中学,31,2
平方根,11,2
平江县2026下学期三年级语文试题,7,2
平潭一中补升高开学考试卷,2,2
平舆月考,28,2
平行四边形,6,2
平行线,7,2
平面向量单元复习,6,2
平面向量的概念,7,2
平面直角坐标系,16,2
幼小衔接 0 10内加减法题目专题练习,8,2
广 东 2 0 2 6 一模,3,2
广 州 2 0 2 6 一模,8,2
广东 道法 八年级,2,2
广东2026高考真题,3,2
广东26高考,5,2
广东一模,11,2
广东七年级上学期期中,3,2
广东专用,2,2
广东东莞期末高二下册,4,2
广东中山七下数学期末考试真题,3,2
广东中考真题2026,10,2
广东中考语文真题,3,2
广东九年级上学期期末,14,2
广东九年级上学期阶段检测,3,2
广东九年级下学期期末,2,2
广东八年级下学期期末,5,2
广东八年级下学期阶段检测,2,2
广东华南师大附中 2024~2025 学年第二学期高一期末检测语文,2,2
广东卷政治2026,2,2
广东四校联考 华附 省实 广雅 深中,5,2
广东四校联考 华附 省实 广雅 深中2026,4,2
广东学业水平合格性考试,12,2
广东学考真题,5,2
广东实验中学高一下期末考试,4,2
广东惠州,14,2
广东揭阳市2025 2026学年下学期高二期中考试英语,9,2
广东春季高考数学练习,3,2
广东春季高考真题,21,2
广东期中,9,2
广东梅州,12,2
广东汕头七年级上册期末历史2026,38,2
广东汕头七年级下册期末英语2026,5,2
广东汕头七年级下册期末试卷英语2026,5,2
广东汕头八年级下册期末试卷英语2026,3,2
广东深圳福田区,14,2
广东清远,3,2
广东物理,2,2
广东物理热学大题,10,2
广东省,15,2
广东省 2026 高中学业水平合格性考试,9,2
广东省2026届高三第二次模拟测试,14,2
广东省2026高考地理试卷,16,2
广东省2026高考生物试卷,21,2
广东省东莞市语文试卷高中,7,2
广东省中山市华侨中学2025-2026年高一上学期第一次月考物理试卷,3,2
广东省中考,3,2
广东省佛山市卷高中数学,8,2
广东省佛山市顺德区第一中学高一,33,2
广东省实验中学2026广州,10,2
广东省实验中学越秀学校高一新生入学综合素质测试,3,2
广东省实验中学金湾学校数学单元测试,2,2
广东省广州市期中七年级龙涛,15,2
广东省惠州市2024-2025期末质量检测地理,2,2
广东省惠州市惠东县期末,6,2
广东省揭阳市惠来县2025-2026学年八年级下学期期末语文试题(含答案),3,2
广东省汕头市2022届普通高考第1次模拟考英语试题,2,2
广东省清远市阳山县,3,2
广东省茂名市,17,2
广东省阳江市阳春市2024-2025学年六年级下学期期末,22,2
广东省阳江阳春市三年级期末考试卷,3,2
广东肇庆中学,7,2
广东英语高考第一次模拟卷,16,2
广东茂名2025至20266年级下册数学试卷,8,2
广东茂名统考语文考卷高二期末考试,5,2
广东阳江数学七上期末考试,3,2
广东高一下学期期末,3,2
广东高一下期末历史试卷,3,2
广东高三下学期期末,43,2
广东高中学业水平合格性考试,8,2
广东高考物理,6,2
广元,8,2
广南县,21,2
广大附初中八年级下期末大联盟考,13,2
广安,18,2
广安岳池 西师大版 五年级下册数学 2024-2025期末统考,3,2
广州 市七上数学,9,2
广州2026高一,18,2
广州三年级上学期期末语文,19,2
广州中学,3,2
广州中学月考,2,2
广州中考2026数学,2,2
广州中考数学真题,7,2
广州协和学校,10,2
广州外国语学校,3,2
广州大学附属中学,78,2
广州小升初数学卷,8,2
广州市七上英语月考,5,2
广州市增城区八下英语期末卷2026,9,2
广州市大同中学,8,2
广州市天河区高二下,3,2
广州市实验外语学校 2025-2026高二下期末英语,7,2
广州市广雅中学,13,2
广州市海珠区2026年高一年级上学期期末物理质量检测,3,2
广州市番禺区祈福新邨学校八年级物理试卷,5,2
广州市番禺区高一下学期数学期末考试试卷,4,2
广州市真光中学,19,2
广州市第二中学,8,2
广州市第五中学,13,2
广州市香江中学,11,2
广州广雅高一下册期末考,11,2
广州开学,10,2
广州开学考,28,2
广州期末,7,2
广州高一,3,2
广州高一下学期期末,2,2
广州高一数学10月份月考,4,2
广州高三九月市调研考,7,2
广西2026中考,5,2
广西2026高一期末考试下学期数学百色,11,2
广西2026高一期末考试下学期物理百色,5,2
广西中考2026,6,2
广西五年级下学期期末,2,2
广西六年级下学期升学模考,3,2
广西化学高考真题,8,2
广西北流2026年春季八年级英语适应性训练,6,2
广西升学模考,7,2
广西南宁小学,18,2
广西壮族卷,10,2
广西柳州市2025-2026八年级上学期期末质量检测卷语文,3,2
广西桂林2025至2026非毕业,5,2
广西桂林市8年级上册数学期末考试卷,4,2
广西梧州高一 期末,19,2
广西玉林2026年高一期末,22,2
广西玉林北流4月模拟,2,2
广西玉林北流4月模拟历史,3,2
广西玉林北流4月模拟地理,2,2
广西玉林市高一下学期期末,5,2
广西钦州市2025—2026学年高二下学期期末教学质量监测生物学,12,2
广西高考,6,2
庆云县小升初,3,2
庆云县第一中学高一开学考,5,2
庆阳二中2025-2026学年度第二学期高一英语期末考试卷,3,2
序言,4,2
庐江县2024/2025高二化学期末,3,2
庐阳中学,25,2
库仑定律,18,2
应元,5,2
府谷中学2026高一物理期末,3,2
廉江市安铺中学,4,2
廊坊小升初分班考,4,2
廊坊市第六中学 7年级下学期 期末试卷,2,2
延安2026,6,2
延庆2026初二数学期末试卷,3,2
延边州高三开学考,24,2
建平中学分班考,2,2
建邺区,33,2
开学分班考 高中,5,2
开学测试新高一,9,2
开学测试新高一上浙江温州,22,2
开学考 分班考七年级上学期,17,2
开学考试初一,19,2
开学考高三,5,2
开封市求实中学七年级分班考试卷,12,2
开封高中,8,2
开门测,3,2
开门考,15,2
张宝明,2,2
张家口一中高二开学考,4,2
张家口与衡水部分学校,8,2
张家口期末数学涿鹿县,2,2
张家港,2,2
张家界,13,2
张店九年级数学期末,6,2
张店区,8,2
张江集团,7,2
弹簧 2026专题复习,11,2
弹簧模型,2,2
弹簧突变,3,2
弹簧连接体,8,2
强基卷,5,2
强基联盟,15,2
强基计划数学,11,2
强基计划真题,14,2
形容词,4,2
彭加木纪念中学,5,2
彭湃,6,2
待定系数法,2,2
徐州市31中小升初分班考试卷,3,2
徐州市你可以加微信，高一分班考试卷,4,2
徐州市新高一分班试卷,4,2
徐州市第一中学,13,2
徐州市高一分班考试卷,2,2
徐州市高一分班试卷,5,2
徐州统考卷2026高一下期末试卷,9,2
微积分,7,2
德宏州2025年高一年级秋季学期期末教学质量统一监测。,10,2
德州八下期末,4,2
德强,9,2
德阳市八上期中,3,2
心理健康,3,2
必修1 中国特色社会主义 第一单元同步练习,3,2
必修一 第一章 描述运动的基本概念,3,2
必修一3.1.1,3,2
必修一函数专项,7,2
必修一地理,11,2
必修一地理试卷期末,16,2
必修一数学,9,2
必修一数学整本试卷,21,2
必修一数学期末,3,2
必修一期末考试卷湖南省,2,2
必修一综合题,9,2
必修一考点,10,2
必修一词汇表,12,2
必修三单词,5,2
必修下册文言文,5,2
必修下册文言文知识梳理,2,2
必修二数学第十章试卷,11,2
必修二概率 复习专题,3,2
必修二立体几何,12,2
必修二综合测试卷呼伦贝尔,3,2
必修四哲学与文化第二课探究世界的本质模拟演练,13,2
必刷题 2025电子版,3,2
必刷题 2026电子版,5,2
必刷题 2026电子版物理,13,2
必背120个文言实词+成语,23,2
志臻,5,2
忠县,27,2
忻州,5,2
怀仁大地学校26第二次月考日语,4,2
怀化市2026年高一下册期末考试试题,6,2
思维导图数学直线,8,2
恒定电流,6,2
情境游戏09 门禁管控局·细胞膜结构探秘 人教版必修1,24,2
情态动词,11,2
情态动词高中专项,2,2
惠安县中考模拟语文,3,2
惠州,33,2
惠州一中自主招生题,5,2
惠州一中高中自主招生题,2,2
惠州中学高二物理,4,2
惠州中考,4,2
惠州光正,8,2
惠州市第一中学高一物理考试,2,2
惠州市高一期末下学期,11,2
感应电动势,9,2
成人高考,4,2
成华区,6,2
成实外教育集团2025级高一入学统一考试 语文数学英语物理化学,7,2
成都 七中0 026高二,6,2
成都 二诊 2026,6,2
成都 零诊,5,2
成都0诊英语,2,2
成都0诊语文,2,2
成都2027届,3,2
成都2027届零诊,18,2
成都七上人教英语短文填空,2,2
成都七中高一上册第一次月考数学,3,2
成都外国语学校2024级高二下物理第一次月考试卷,6,2
成都外国语高二上第一次月考物理10月,5,2
成都市 新 高一 2025年分班考试,6,2
成都市2023级高中毕业班摸底测试,7,2
成都市2026年八年级物理下期期末试卷,2,2
成都市青羊区二诊试卷,9,2
成都市高新八下零诊2026,3,2
成都市龙泉驿区8年级下册数学期末考试,13,2
成都树德,37,2
成都树德中学,3,2
成都石室,7,2
成都锦江初一英语期末,6,2
成都锦江区六下期末考试卷,24,2
我的下载,3,2
截面,5,2
房山区2024年新高三入学测试试卷化学,3,2
手拉手模型,8,2
打点计时器,8,2
扬子石化杯复赛试题,5,2
扬州中学2025到2026 高一上学期10月月考物理卷,12,2
扬州中学树人教育集团2026年春学期期末考试八年级英语,5,2
扬州中学高一上数学10月考卷,3,2
扬州中考,2,2
扬州市期末数学,7,2
扬州市期末考试,2,2
扬州市邗江区第一中学2025~2026,3,2
扬州数学,11,2
扬州树人中学,3,2
扬州苏教版高一下学期期末试卷,9,2
扬州高一试卷英语,8,2
找3套2026年天津高一下学期语文期末试卷可打印,5,2
技术,4,2
投影与视图,11,2
抚顺七校协作体,23,2
抚顺六校协作体,3,2
抛物线,11,2
抢分秘籍,11,2
押题,7,2
抽象函数定义域,9,2
抽象函数求定义域,13,2
拉萨市2026届上学期高三年级12月月考,3,2
拔尖,24,2
拔尖创新人才,10,2
拔尖特训,5,2
拼音,4,2
指对函数,7,2
指对同构,15,2
指数,4,2
排列 组合,3,2
排列 组合 10类高考复习,12,2
排列组合专题,11,2
探究三角形全等的条件,8,2
探究在线九年级上册物理,6,2
提取公因数练习题,9,2
揭东区第一中学,9,2
揭阳,3,2
揭阳2026年高一期未考统考英语,4,2
揭阳一中,6,2
揭阳一中高一,5,2
揭阳市2025 2026学年度高中1年级教学质量测试英语,11,2
揭阳期末,14,2
摇篮杯,11,2
摩擦力,16,2
摩擦力专题,9,2
摸底考,19,2
摸底考试泉州五中,12,2
攀枝花中考,12,2
收心考试卷英语,3,2
放牛记,5,2
政治必修一,9,2
政治必修一思维导图,16,2
政治必修二的试卷,16,2
政治思维导图,14,2
政治知识点,9,2
政治试卷 2026,3,2
政治试卷免费,8,2
政治选择性必修一,4,2
政治选择题,4,2
政治高考,9,2
政治高考真题试卷,4,2
效实中学,10,2
教材 2026人教版电子版图书人教,6,2
教材全解,10,2
教材帮2026数学,4,2
教科书电子版,8,2
教辅,6,2
散文阅读,17,2
数,3,2
数 学2026高考,2,2
数.八上,4,2
数与运算的再认识,3,2
数列 0 一轮复习,4,2
数列 大题,3,2
数列 通项公式,9,2
数列专题,8,2
数列培优,4,2
数列竞赛题,11,2
数列通项,5,2
数字媒体,2,2
数学 0 2024 真题,20,2
数学120分,14,2
数学2024全国一卷,3,2
数学2025高考卷,2,2
数学2025高考真题,5,2
数学2026,5,2
数学2026高考,3,2
数学一 轮 复习 2026 备考专题,14,2
数学一轮复习,11,2
数学七年级下册期末,9,2
数学三角形证明题,11,2
数学中考广东压轴题,4,2
数学九上期中,39,2
数学书电子教材,4,2
数学二次函数压轴题,7,2
数学二次函数培优,17,2
数学人教版,2,2
数学公式大全,8,2
数学函数,11,2
数学函数专练,10,2
数学北京,5,2
数学北师大版,5,2
数学基本不等式,16,2
数学基本不等式一轮复习,5,2
数学复习,10,2
数学学业水平考试,4,2
数学寒假自查卷第13章三角形,7,2
数学幂函数，指数函数习题,3,2
数学平行线比例试题,3,2
数学强基专题高中,26,2
数学必修一,2,2
数学必修一15,3,2
数学必修一检测,3,2
数学必修一第一章测试卷,10,2
数学必修二章末检测,3,2
数学数列专题卷点,4,2
数学整式,17,2
数学整式人教版,13,2
数学有理数计算 100专项训练计算专项,7,2
数学期中,20,2
数学期末考试卷,13,2
数学根号专项练习,12,2
数学概率统计,14,2
数学模考卷,3,2
数学空间向量,4,2
数学空间向量练习题,4,2
数学竞赛 2023高中预赛试题,8,2
数学计算,11,2
数学试卷七年级下册第一单元,5,2
数学课本电子书,4,2
数学距离问题,8,2
数学选修一,5,2
数学选修一空间向量,26,2
数学难题思维训练,4,2
数学集合与逻辑用语,4,2
数学集合的概念练习题,7,2
数学集合章节试卷,30,2
数学集合问题,7,2
数学高一上,3,2
数学高一上期末,10,2
数学高三,10,2
数学高中公式,7,2
数学高二暑假预习习题,2,2
数学高考1卷,3,2
数学高考真题三年,12,2
数学高考真题分类汇编,7,2
数词,4,2
数轴与绝对值,8,2
整式加减,5,2
整式单元测试,3,2
文博,2,2
文学类文本阅读,12,2
文山,3,2
文汇中学,7,2
文言文专项练习,4,2
文言文中考,12,2
文言文实词,3,2
文言文知识清单,4,2
文言文课外练习,3,2
文言文阅读 02026 一轮复习,7,2
新 高一 2025年分班考试,6,2
新 高二 2026年暑假衔接数学,3,2
新东方,4,2
新中高级中学高二上数学期末考试,3,2
新九年级暑假作业,6,2
新乡市物理8年级上,8,2
新乡市第一中学数学物理月考卷高一,4,2
新人教版八上英语单词表,7,2
新余市七年级上册期末,7,2
新力量,6,2
新坐标同步练习,20,2
新外研版九上英语第二单元练习,4,2
新定义题型高中,6,2
新思维英语5A,12,2
新时代,4,2
新未来,2,2
新概念02,4,2
新泰,24,2
新海高级中学高二上生物无锡,3,2
新版人教版九上英语自测题武汉,3,2
新版外研社八年级英语,6,2
新疆伊犁哈萨克自治州七年级上册英语期末测评,17,2
新疆六年级下学期阶段检测,6,2
新疆十三中分班,2,2
新疆喀什地区英语试卷2026,3,2
新疆塔城地区第一高级中学 2024-2025学年高三上学期10月期中英语试题,4,2
新疆新初一分班考试卷,5,2
新疆维吾尔自治区哈密市伊州区中考卷,24,2
新疆阿克苏地区中考2026,12,2
新疆高一 分班考,6,2
新疆高考2026年真题卷子,6,2
新解放,13,2
新课程能力培养,13,2
新课程能力培养数学必修3学习手册,11,2
新课程能力培养生物,11,2
新邵县2026年数学期末考试试卷,2,2
新都一中,19,2
新野县20225-2026期末卷子,6,2
新闻,5,2
新风向英语听力提升版2,13,2
新高一开学考河南驻马店市,12,2
新高中英语词汇表3000,14,2
新高二暑假预习培优讲义,8,2
新高考一卷2026数学,5,2
新高考一卷答题卡,5,2
新高考一卷英语,8,2
新高考一卷英语原题,15,2
新高考单词3500,9,2
新高考同步解密系列,5,2
方程计算练习,24,2
无衣/《诗经·秦风》,6,2
无锡一中,4,2
无锡八上数学,4,2
无锡八上物理,5,2
无锡化学中考,3,2
无锡天一中学,33,2
无锡天一中学高二上,8,2
无锡市2026高二期末考物理,3,2
无锡高二上物理,14,2
无锡高二下期末语文,7,2
日 语,13,2
日照2026高一下学期期末统考英语试题,5,2
日照一中 2025-2026 学年高二上 10 月月考化学原卷,3,2
日照实验高中月考,17,2
日照市2025年高三上学期开学考数学,7,2
日照市2026高一期末数学试卷,3,2
日照市新营中学,4,2
日照市高一期末,11,2
日照市高二下学期期末考试物理,2,2
日照高3上学期开学考试,2,2
日照高三上学期物理一轮复习试卷,6,2
日语 高考 2026,4,2
日语 高考 2026真题,6,2
日语0基础五十音图,7,2
日语高考,5,2
时代精神的精华,5,2
时分秒,4,2
时态语态,9,2
昆中,11,2
昆十中,8,2
昆明,8,2
昆明市2026年市统测数学,6,2
昆明市五华区2026八下英语期末检测试卷,2,2
昌吉州2025-2026学年六年级下册期末英语统考,9,2
昌平高2期末试卷,8,2
昌黎一中,4,2
星火教育,2,2
春,4,2
春季 高考 1月 2026 年 广东 英语 真题,5,2
春考卷,2,2
春考数学山东,6,2
春风文艺出版社童年导读单,3,2
昭通市第一中学,21,2
昭通教研联盟b卷英语答案,2,2
晋中市平遥县2025-2026第二学期八年级期末考试,2,2
晋元高级中学,7,2
晋元高级中学分班考,2,2
晋州市第一中学,11,2
晋江市四年级下册数学期末卷,3,2
晋江市，八年级下册期末卷,12,2
普宁市第二中学,9,2
普通高中学业水平合格,15,2
普通高中学业水平合格物理,2,2
普陀中学,7,2
景德镇市七年级数学,3,2
晶胞,2,2
智能组卷,5,2
暑假,4,2
暑假 2025 8升9 暑假作业,15,2
暑假作业 01幂的有关运算,21,2
暑假作业语文,5,2
暑假培优讲义,13,2
暑假衔接,5,2
暑假预习,8,2
暑期,2,2
暑期免费,7,2
暑期复习讲义,21,2
曲一中,5,2
曲靖一中,3,2
曲靖市第一中学麒麟学校,2,2
曹县2025年7年级下册期末,2,2
曹县小升初6年级,14,2
曹县第二实验小学,15,2
最值 12种模型 专练,4,2
最值几何,6,2
最值问题,7,2
月考卷高一上9月份,6,2
月考模拟试卷语文,8,2
有机化合物,8,2
有机化学基础,3,2
有机化学大题,4,2
有机化学方程式默写,3,2
有机大题 训练,6,2
有理数混合运算100题,2,2
有理数的混合运算,11,2
有理数的运算,6,2
有理数计算 100专项训练计算专项,12,2
望城一中开学考试卷,3,2
望江物理,16,2
朝花夕拾,5,2
朝花夕拾 10篇练习题中考语文,7,2
朝阳区八下期末数学,5,2
朝阳县高级中学高二期末考试,2,2
朝阳市第一高级中学,3,2
朝阳模拟,5,2
期 末,4,2
期中复习讲义,20,2
期中数学,11,2
期中汇编,12,2
期中测试,13,2
期中测试卷,19,2
期中考,7,2
期中考试,16,2
期中考试卷,2,2
期中试卷信阳市,89,2
期未,7,2
期末 考试 2025 2026 高二下,10,2
期末冲刺选择题,6,2
期末卷子2026,16,2
期末考,26,2
期末考试卷,14,2
期末考试试卷,19,2
期末试卷2025 2026,7,2
未来之星青岛,8,2
本溪一中学高一分班考,2,2
本溪市 2026 2027七下期末考试,8,2
本溪市第一中学入学考试试卷,2,2
朱家角,4,2
朱方,9,2
机械制图,8,2
机械振动与机械波,15,2
机械能守恒,24,2
机械能守恒定律 10大考点 10大题型,5,2
机械能守恒定律 能量守恒定律,11,2
机车启动2026专题大题,3,2
权方和不等式,11,2
李娟,7,2
杠杆作图题,10,2
来宾一中,2,2
来宾市,2,2
杨家坪,9,2
杨村八中,5,2
杨柳青一中物理,12,2
杨浦,3,2
杨镇一中,4,2
杭二,4,2
杭二中2025高一期中物理,2,2
杭州2025年第二学期期末学业水平测试。8年级英语试题卷。,8,2
杭州八上,2,2
杭州学军中学月考高一,5,2
杭州市2 026高二下期末,6,2
杭州市2 026高二期末,2,2
杭州市高二年级教学质量检测,3,2
松原,31,2
松原市吉林油田十二中 2025~2026英语八年级上册期中,3,2
松原市实验高级中学,8,2
松原市油田高中,10,2
松柏中学入学考,3,2
松树桥,24,2
松滋市第一中学,3,2
松滋市第一中学2025年招生试卷,4,2
板 块模型 2026复习专题物理,19,2
板块模型 2026复习专题物理,3,2
构造函数,9,2
枣庄,7,2
枣庄市,8,2
枣庄市三中25年物理第一次月考试卷,4,2
枣庄市期末考试,13,2
枣庄市第15中学8年级上册英语,2,2
枣阳,9,2
查分数入口,5,2
查成绩,25,2
柯西不等式 反柯西不等式与权方和不等式 十一大题型,3,2
柳州铁一中学,11,2
柳州高级中学,5,2
柳江中学,6,2
标题：四川宜宾、自贡市2025-2026学年高一年级下学期期末考试数学试题,3,2
树人八中小升初语文自主招生2026,3,2
株洲市荷塘区,17,2
根与系数的关系,3,2
根号专项练习,3,2
格致中学,7,2
桂城中学第一次月考,10,2
桂林,11,2
桂林市 2025 2026学年度上学期期末调研试卷,120,2
桂林市高二期末化学,4,2
桂林高三模拟,8,2
桃源一中,8,2
桐城中学,4,2
桓台物理初四,8,2
桥西区数学八上,6,2
梁山,18,2
梅县区,12,2
梅州市高三上开学,12,2
梅河口市第五中学期末考试,10,2
梅河口市第五中学高一下学期,3,2
梧州市2025 2026学年度高一下学期期末抽样检测,6,2
梧州高级中学,2,2
概率题,4,2
榆林市第一中学,5,2
榆林市第九中学,3,2
模拟试题,2,2
模考,9,2
欧姆定律计算,11,2
正交分解,5,2
正交分解物理专项训练,12,2
正余弦定理,9,2
正余弦定理综合应用,9,2
正定县五年级下册数学期末试卷,8,2
正方形 十字架模型,2,2
正确运用判断,2,2
步步高 2027大一轮复习讲义讲解,6,2
步步高 双练一测 地理湘教版选择性必修一周末练7,3,2
武 汉2026 5月调研,5,2
武安市白沙中学,5,2
武安市第一中学,13,2
武安市第三中学,6,2
武安市第五中学,9,2
武山县职业中等专业学校,2,2
武山县职业中等专业学校初升高衔接教材英语答案,13,2
武昌区2023—2024学年度第一学期期中九年级英语试卷,6,2
武昌区七下数学试卷,3,2
武汉 九调,4,2
武汉5月供题,4,2
武汉9调,3,2
武汉三中,5,2
武汉九调,3,2
武汉五调,3,2
武汉外国语学校,35,2
武汉市2026届高三年级五月供题,10,2
武汉市2026届高中毕业生三月调研考试,4,2
武汉市九月调考,13,2
武汉市十一高,4,2
武汉市第一中学,5,2
武汉市第三中学,4,2
武汉市第六中学,4,2
武汉新高一入学检测,5,2
武汉调考,4,2
每日一练,2,2
比,3,2
比和比例,9,2
毕节市,6,2
毕节高一期末考试2026化学,7,2
毕节高二2026年期末物理卷。,16,2
毛坦厂,2,2
民勤一中,7,2
气压系统,4,2
气旋反气旋,6,2
氧化还原 反应10大题型专项训练,10,2
氧化还原反应练习题,2,2
氧化还原方程式的配平,12,2
水浒传,3,2
水浒传 0 100回试题及答案,2,2
永丰县素养,18,2
永嘉三年级下册统考卷,17,2
永安,7,2
永安中学,2,2
永州市,9,2
永州市2026年高一期末考试,8,2
永州市第二中学高一入学考试,8,2
永州高一入学考试,4,2
永春,21,2
永春县学科素养测试,6,2
汇文中学,13,2
汉川,6,2
汕头市第一中学,11,2
汕头市金园实验中学,10,2
汕头高一期末统考英语,2,2
汕尾,6,2
汕尾市八下数学期末考试卷,3,2
汕尾市高二下学期期末,3,2
汕尾高二数学,8,2
江南 10 十校,9,2
江南十校化学高三,3,2
江南十校开学考,16,2
江南十校高三联考,6,2
江岸区,22,2
江岸区七月高三起点考,8,2
江汉区化学,28,2
江汉区高三起点考,8,2
江津金砖四校,13,2
江淮十校联考,2,2
江苏2025政治高考卷,4,2
江苏2026英语中考,3,2
江苏一模,21,2
江苏七年级上学期阶段检测,8,2
江苏中考化学,15,2
江苏中考真题2026,3,2
江苏九年级下学期期末,6,2
江苏八上历史真题,3,2
江苏六年级上学期阶段检测,7,2
江苏六年级下学期阶段检测,14,2
江苏南通海门区2026初二期末物理卷,5,2
江苏南通英语高一上学期,9,2
江苏合格考,4,2
江苏合格考2025学业水平测试卷真题,11,2
江苏合格考2026学业水平测试卷真题,14,2
江苏合格考语数外试卷,6,2
江苏徐州八年级物理,12,2
江苏徐州市2026届高三模拟,2,2
江苏普通高中学业水平合格考化学,3,2
江苏期中,3,2
江苏生物高考真题,2,2
江苏盐城市五校联盟，2025至2026学年高一下学期4月期中数学试卷,4,2
江苏省2026各市英语期末试卷,22,2
江苏省南京市2025至2026学年第二学期高一语文期末质量检测,6,2
江苏省南市中考试卷24年,12,2
江苏省南通市通州区六年级第二学期期末考试数学试卷2026,13,2
江苏省宿迁市宿豫区2025-2026年八年级上册数学期中试卷,5,2
江苏省射阳中学期末考试,2,2
江苏省常州市2025?2026学年第二学期高二期末质量调研 化学试题（含答案）,4,2
江苏省常州高级,2,2
江苏省徐州市,5,2
江苏省徐州市沛县2025一2026学年度第一学期八年级上册政治试卷,13,2
江苏省徐州市第七中学2025-2026学年高一上学期9月学情调研数学试卷,5,2
江苏省徐州市邳州市运中文和,9,2
江苏省泰州中学数学,4,2
江苏省海州高级中学,3,2
江苏省清江中学,2,2
江苏省溧阳中学,2,2
江苏省盐城中学,7,2
江苏省盐城市高一上学期化学月考10月份,2,2
江苏省盐城市高一上学期数学月考,11,2
江苏省盐城市高一期末试卷,4,2
江苏省苏北七市高三第一次调研,2,2
江苏省苏州市昆山市2026初一下册期末数学试卷,5,2
江苏省苏州高二上语文期中试卷,3,2
江苏省辅仁月考,4,2
江苏省运河中学物理,18,2
江苏省镇江市实验高级中学镇江市毛以镇中学朱房等校2025年至2026学年高一上学期10月月考英语试题,8,2
江苏省高中数学学业水平考试必考考点,13,2
江苏省高二上化学第一次月考试卷,6,2
江苏省高质量英语试卷,8,2
江苏连云港2025~2026学年第二学期高一英语期末考试试题,3,2
江苏高一上学期期中,8,2
江苏高一上学期阶段检测,6,2
江苏高一下学期期末,4,2
江苏高考物理,7,2
江苏高考英语,3,2
江西2026高考,8,2
江西中考,5,2
江西中考数学,6,2
江西中考英语,13,2
江西南昌二中2025-2026高一下期中化学试题,3,2
江西南昌二中高一年级数学期中试卷,13,2
江西宜春期中,18,2
江西师大附中本部,9,2
江西师大附中高一,17,2
江西数学高三,10,2
江西物理高一,2,2
江西省2022年英语全国高考真题卷,7,2
江西省2026初中学业水平考试,18,2
江西省上犹县八年级期末测试卷,9,2
江西省南昌市第二中学 高一上学期10月月考数学试题,25,2
江西省吉安市吉安县第二中学期末考试英语试卷,10,2
江西省吉安市永新县2025-2026五年级下册期末,8,2
江西省赣州市基础学科拔尖创新人才采集测试（物理，九年级）,2,2
江西萍乡,3,2
江西高一下数学期末试卷,8,2
江西高三下学期期末,4,2
江西高三开学考,2,2
江西高考物理2026,3,2
江门,14,2
江门一中,5,2
江门一中期中,9,2
江门一中高一,16,2
江门市,2,2
江门市2026年普通高中高二调研测试 二 数学,4,2
江门市全市统一统考,17,2
江门市第一中学,8,2
江门广雅中学2026年高一上月考,14,2
江门联考,5,2
江门高一数学,2,2
池州一中,2,2
汶上县,5,2
汾阳,8,2
沁园春 长沙课件,4,2
沁园春长沙,7,2
沁阳市七年级数学,7,2
沂源县2025 2026八年级上册数学期中考试试题,7,2
沈巷中学高三上9月月考/期初检测,3,2
沈河区四年级下册数学卷,4,2
沈阳11中,8,2
沈阳134,4,2
沈阳七中,8,2
沈阳七年级期末语文,7,2
沈阳二中 2025 2026学年度下学期,10,2
沈阳二中2026高一下期末数学,13,2
沈阳八年级期末语文,4,2
沈阳四中,2,2
沈阳实验高一上月考,2,2
沈阳市,3,2
沈阳市120中学,4,2
沈阳市和平七上数学月考卷,6,2
沈阳市和平区七下期末,7,2
沈阳市第二中学,7,2
沈阳市重点高中五校联考,7,2
沈阳月考,33,2
沈阳沈河区五年级期末考试题,4,2
沈阳第二十中学,4,2
沈阳郊联体,2,2
沙坪坝区,7,2
沛县高中高一上学期第一单元检测,4,2
沧州市第一中学,4,2
沪教ppt,2,2
沪教二下数学期末,10,2
沪教版,19,2
沪科版,11,2
沪科版 2024 物理八年级上册光的世界 同步练习,2,2
沪科版 2024 物理八年级全一册1 3 长度与时间 同步练习,7,2
沪科版七年级数学,22,2
沪科版物理总结,3,2
沪科版物理竞赛,31,2
沭阳高级中学,8,2
河北2026中考,7,2
河北2026物理高考,3,2
河北专用,6,2
河北中考真题,10,2
河北保定免费专区,2,2
河北初中近三年中考地理生物真题,5,2
河北历史,8,2
河北历年高考真题,4,2
河北文综学考,9,2
河北昌黎第一中学,3,2
河北民族师院附中,12,2
河北省2025历史高考,9,2
河北省2025年九年级上册期中数学试卷,6,2
河北省保定市定州市2025至2026学年度第一学期期中质量监测八年级英语,16,2
河北省初二下册数学,5,2
河北省唐山市丰润区,8,2
河北省唐山市路南区八年级上册历史人教版第一次月考卷,17,2
河北省唐山市路南区八年级上册生物冀少版第一次月考卷,6,2
河北省唐山市路南区物理八年级上册生物冀少版第一次月考卷,27,2
河北省文安一中2024-2025高一下英语期中,5,2
河北省衡水中学2026届高三第一次调研考试 数学,3,2
河北省高考地理卷子,2,2
河北石家庄,3,2
河北衡水中学,7,2
河北衡水中学高一月考卷,13,2
河北衡水中学高一英语综合评价,3,2
河北辛集中学高三上册期末考试,17,2
河北邢台任泽区A卷,28,2
河北高二上学期期中,2,2
河北高考 2026高考真题,7,2
河南 0 2026 高考真题,6,2
河南 高一 入学分班卷 2025,12,2
河南2025-2026学年度第二学期期末测试高二数学,2,2
河南2026,13,2
河南2026高考语文1卷,4,2
河南中考语文,3,2
河南六年级下学期期末,17,2
河南历史2026高考,8,2
河南安阳调研,6,2
河南小屯,24,2
河南师范大学附属中学,10,2
河南新郑8年级,44,2
河南洛阳六年级期末考试卷,9,2
河南洛阳强基,11,2
河南省,7,2
河南省信阳市高级中学,10,2
河南省南阳一高高一月考数学,12,2
河南省南阳市初二物理,3,2
河南省南阳市唐河县2025-2026学年五年级下学期期末语文试题 河南省南阳市唐河县2025-2026学年五年级下学期期末数学试题 河南省南阳市唐河县2025-2026学年五年级下学期期末英语试题,10,2
河南省南阳市唐河县2025一年级上册语文期末试卷,2,2
河南省南阳市宛城区,16,2
河南省南阳市方城县第一高级中学2025高一上学期开学考试数学卷子,5,2
河南省安阳市八年级期末试卷,6,2
河南省安阳市卧龙区第一次月考试卷英语,5,2
河南省安阳市滑县2025至2026学年5年级下学期期末考试数学试题,8,2
河南省实验,13,2
河南省实验中学八年级上,7,2
河南省实验中学八年级上考试,6,2
河南省巩义市第一高级中学,6,2
河南省平顶山市2024-2025学年高一下学期7月 期末数学试题,3,2
河南省平顶山市鲁山县一高附中2026~2027学年七年级下册期末试卷,3,2
河南省开封市2026年初中学业水平考试第二次模拟试卷 英语,3,2
河南省新未来2025-2026学年高一上学期11月期中联考,6,2
河南省洛阳市2025~2026学年高一质量检测地理试卷,2,2
河南省洛阳市高新外国语小学往年分班考真题卷,5,2
河南省漯河市临颍县2025-2026学年四年级 上  册期末 语文卷子,3,2
河南省漯河市舞阳县五年级英语试卷,3,2
河南省许昌市2024-2025学年四年级上册期末语 英语卷子,2,2
河南省郑州市经开外国语学校2025-2026学年九年级上学期第一次月考物理试题,3,2
河南省郸城县2025 2026高一物理期末试卷,3,2
河南省青桐鸣2025-2026学年高一上学期10月联考,4,2
河南省驻马店市平舆县一高高一下学期期末试卷,10,2
河南禹州七年级上册英语其中考试2025-2026,4,2
河南英语高二开学考,4,2
河南郑州外国语学校,12,2
河南郑州外国语学校等校2025-2026学年高一下学期期中考试化学试卷,3,2
河南驻马店市2025-2026学年度高二上学期物理期末试卷,7,2
河南高三下学期期末,6,2
河池2026高中毕业班统一模拟测试历史,2,2
河池市一模化学,6,2
河源市高一下期末,6,2
河源市龙川,4,2
河西,12,2
河西一模,4,2
河西区,3,2
河西区期中,8,2
河西区期末物理考试卷,3,2
河西高一上期中化学,2,2
泉 州 五 中,2,2
泉州七中,3,2
泉州九中,8,2
泉州五中八年级上册,7,2
泉州五中期末,7,2
泉州五中高一上物理期末试卷,3,2
泉州实验初三上化学卷子26,5,2
泉州实验小学,2,2
泉州市,5,2
泉州市2026届毕业班质量检测一,2,2
泉州市第五中学,5,2
泉州第五中学,11,2
泉州高二上,4,2
泉州高二下期末,8,2
泉港二中,13,2
法治专项习题18道,6,2
法语,6,2
泗洪县第一高级中学,6,2
泗阳中学高一第一学期月考,5,2
泗阳县高二期中数学试卷,4,2
泰安2026高二下学期期末,7,2
泰安市2026高二下学期期末考试,4,2
泰安第一高级中学,4,2
泰安高一下期末,8,2
泰安高三一模英语,5,2
泰山联盟,2,2
泰州中学,16,2
泰州二附中,10,2
泰州市姜堰区数学,7,2
泸州2024级高二下期末统考,4,2
泸州市2025-2026英语期末七年级试卷,2,2
泸州市2025级政治高一下期末试卷,2,2
泸州市2025级高一下,8,2
泸州市2026春期八年级生物期末,2,2
泸州高2025级,3,2
泸州高中高三开学考试,19,2
洋泾中学分班考试卷,8,2
洛阳地矿双语学校七年级分班考试卷,5,2
洛阳市偃师区初一期末试卷,6,2
洛阳市期末高一英语试卷,3,2
洛阳洛龙2025至2026上期中语文,2,2
洛阳洛龙2025至2026八上期中语文,2,2
洛阳高一期中考数学,4,2
洞口县第一中学开学考,16,2
洪山区华中师范大学附属第一中学初中部九年级上册期末试卷2026~2025,6,2
测电阻11种题型,8,2
测量，温度,7,2
济南2025 期末,48,2
济南2025中考英语,12,2
济南2025物理市中卷子期末,8,2
济南2025级高一数学期末,6,2
济南26年高三一模,13,2
济南一模,7,2
济南七年级下册数学期末,13,2
济南三中期中考试,10,2
济南中考英语,3,2
济南二模,23,2
济南历下八上期中,11,2
济南历中二中,2,2
济南历城二中,3,2
济南商河一中高二开学考试卷,2,2
济南外国语,5,2
济南外国语初三贯通班,9,2
济南外国语初三贯通班真题,7,2
济南外国语英语,5,2
济南市,2,2
济南市2026届高三针对性训练,8,2
济南市2026年中考数学真题,8,2
济南市2026年期末考试高一下学期化学,3,2
济南市中区八下期末数学试卷,8,2
济南市中考数学2026,2,2
济南市中考语文试卷2026,2,2
济南市高二上学期,2,2
济南期中英语,10,2
济南期末,13,2
济南省实验高一上期中物理,20,2
济南试卷2026初一海川下册,3,2
济南高一下生物月考,4,2
济南高二上学期期中考试卷,9,2
济宁2026高二期末,51,2
济宁202～2026学年第一学期期末质量检测高一数学答案,24,2
济宁市2023至2024学年度第二学期质量检测高二生物,3,2
济宁市2025至2026第一学期 期中质量检测高一英语试题,14,2
济宁市2026下学期高二期末质量,7,2
济宁市2026高二下期末考试试卷,19,2
济宁市第一中学高一上数学,2,2
济宁市育才中学2025年高一英语期中考试试题,14,2
济宁曲阜,14,2
济宁期末,4,2
浙南名校联盟返校,5,2
浙教版 二元一次方程,5,2
浙教版 八年级上册 第一单元,19,2
浙教版数学8上项目化题型,5,2
浙教科学期末测试,4,2
浙江-宁波-鄞州、小升初/开学测试、带答案解析、Word/PDF可打印,16,2
浙江1月,5,2
浙江1月首考英语,4,2
浙江20267月学业水平考试,2,2
浙江G12名校,5,2
浙江中考历史,5,2
浙江九年级上学期历史2026,6,2
浙江二年级下学期阶段检测,2,2
浙江初升高分班考,4,2
浙江卷,4,2
浙江嘉兴高一上月考卷,3,2
浙江地理高考,12,2
浙江学考 20 2 6年 学业水平考试,5,2
浙江新阵地联盟,10,2
浙江期中,6,2
浙江期末,4,2
浙江模拟考,2,2
浙江温州市实验中学九上期中数学,2,2
浙江物理,5,2
浙江省2026年7月学考,12,2
浙江省中考数学试卷2026,5,2
浙江省名校协作G12联盟高三英语练习,5,2
浙江省名校协作体,29,2
浙江省嘉兴市2025高三上学期英语一模,19,2
浙江省宁波市余姚,10,2
浙江省杭二温中七校2026年普通高等学校全国统一考试模拟试卷,3,2
浙江省温州市2024-2025学年高一下学期期末教学质量统一检测 A卷英语试题,7,2
浙江省湖州市2026高二英语,3,2
浙江省衢州市2025 2026学年高二下学期6月期末化学统考 教学质量检测 试题,12,2
浙江省衢州市2025-2026学年高二下学期6月期末地理统考（教学质量检测）试题,3,2
浙江省衢州市2025-2026学年高二化学下学期6月期末考试,3,2
浙江省高二上10月月考化学,6,2
浙江省高考科目考试2025年4月绍兴市,5,2
浙江省高考英语试题,5,2
浙江金华10校 4月高三二模,5,2
浙江镇海中学,5,2
浙江首考,13,2
浙江首考英语,5,2
浙江高三模拟数学,58,2
浙江高考,3,2
浙江高考英语卷,3,2
浦东新区,10,2
海东市2026学年第二学期学业水平统一检测,11,2
海二中,2,2
海南 0224天一联考,6,2
海南2026,3,2
海南5年级,7,2
海南中学第零次月考,6,2
海南中学高一上第一次月考,5,2
海南六年级下学期数学期末,2,2
海南华侨中学,12,2
海南天一,26,2
海南期末,26,2
海南生地会考生物试卷,9,2
海南省2026市模拟考试,4,2
海南省2026年中考,6,2
海南省2026年中考物理试题,5,2
海南省七年级生物期末试卷,3,2
海南省中考地理试卷2025原卷,6,2
海南省高一天一期末考试数学试卷,4,2
海南高一下英语期末考试,12,2
海口,11,2
海口一中,12,2
海口市部分学校2025-2026学年高二下学期期末联考（天一卷）,2,2
海城高中,7,2
海安中学二模数学,2,2
海安市期中考试,20,2
海安高级中学,6,2
海安高级中学数学高一下学期期末试卷,6,2
海州区,4,2
海州区三年级下数学期末试卷,2,2
海州高级中学高一数学2025-2026,4,2
海拉尔二中,2,2
海港区2025—2026八下期末数学试卷,11,2
海门中学,3,2
海门中学分班高一,5,2
海门中学高一,2,2
海门实验,4,2
海阳市2025-2026六年级下册期末考试试卷,11,2
涪江中学20247年级上册第一章华师大版复习卷,6,2
涪陵5中,7,2
淄博 0 202 6高二下学期期末,14,2
淄博九上化学期末,17,2
淄博九上物理期末,24,2
淄博九年级语文上册期中考试试卷,4,2
淄博四中,6,2
淄博实验中学2025高一化学期中,3,2
淄博市2026年高二期末题第二学期淄博统考,6,2
淄博第四中学,9,2
淄博高二下期末英语听力音频,14,2
淄博高二期末英语,3,2
淄川区2025 2026八年级上册物理期中试卷,6,2
淅川县2026年期末试卷，七年级春期,24,2
淮北市一中,14,2
淮北市重点高中选拔分班考试,8,2
淮坊市2026届高三开学调研监测考试英语,2,2
淮安九上期中物理,4,2
淮安九年级上期中化学,10,2
淮安市中考卷,10,2
淮安市高一数学第二学期期末,28,2
淮滨县初一英语期末考试听力,7,2
淮阴中学,4,2
深 圳,2,2
深 圳 2026 一模数学,6,2
深作实验高一,2,2
深圳 中考,7,2
深圳2026中考,6,2
深圳一模数学高三,3,2
深圳七下期中,35,2
深圳中学 02 6 高三 模考,11,2
深圳中学 高一下期末考试数学,8,2
深圳中学2025~2026学年度第二学期期末考试试卷英语高一,12,2
深圳中学八下期末,17,2
深圳中学高三上调研测试英语,4,2
深圳八年级上学期期中数学,2,2
深圳四年级下册数学期末试卷,6,2
深圳四年级下册英语期末试卷,18,2
深圳宝安物理一模,9,2
深圳实验学校高一,7,2
深圳市开学考高一,6,2
深圳高一下期末,10,2
深圳高级中学高中园,6,2
深圳龙华,2,2
深大附中,3,2
清华中学,2,2
清华附中分班考,11,2
清华附中月考,4,2
清单,41,2
清河志臻,3,2
清远市2024-2025学年第二学期高中期末教学质量检测高二地理,13,2
清远高二上期中,5,2
清远高二公题训练,3,2
渝西,2,2
渤海大学附属高级中学,15,2
温州,4,2
温州市2025级高一年级学科水平测验英语,3,2
温江二中  高一入学考,8,2
港澳台联考2026开学,8,2
游标卡尺,5,2
游标卡尺和螺旋测微器,9,2
湖北 0 2026中考试卷,3,2
湖北2025高考物理卷,3,2
湖北七地市,7,2
湖北中考,3,2
湖北化学第一次月考,5,2
湖北华师一附中物理,23,2
湖北卷 2025高考真题,7,2
湖北历史 2026高考真题,9,2
湖北合格考2026语文,5,2
湖北名校2026至2027学年英语综合测试卷1,14,2
湖北孝感高二日语,3,2
湖北武汉市华中师范大学第一附属中学2026高三下五月政治,2,2
湖北武汉高三四调政治2025,5,2
湖北汉川五下数学卷子,4,2
湖北省,12,2
湖北省2026,16,2
湖北省2026高中武汉高一期末,6,2
湖北省仙桃中学高一上月考试卷数学9月,4,2
湖北省仙桃市,3,2
湖北省十堰市,38,2
湖北省十堰市高一上学期数学第一单元测试卷,11,2
湖北省四年级下册计算题,2,2
湖北省孝感市云梦县期中,16,2
湖北省孝感高级中学高一,35,2
湖北省武汉市部分学校2025 2026高三上9月调研考试数学试卷,2,2
湖北省武汉市重点中学5g联合体数学,3,2
湖北省荆州中学,5,2
湖北省荆州市沙市区,13,2
湖北省荆门市京山市2025-2026学年八年级下学期数学期末试题,3,2
湖北省黄冈市英语八年级期末试卷,8,2
湖北省黄冈市高一下期末考试,13,2
湖北省黄石市2025 2026高一下学期期末考试,5,2
湖北蕲春6年纪数学试卷,5,2
湖北襄阳四中2026高二上9月月考,2,2
湖北高三数学,2,2
湖北高三黄冈九月,3,2
湖北黄冈二模,8,2
湖北黄冈浠水县2026年春季期末质量监测数学,7,2
湖北黄石市2025-2026学年高一下学期7月期末考试数学试题,3,2
湖南 02 6 届 九校联盟2026届高三3月,17,2
湖南中考数学,8,2
湖南五年级下学期阶段检测,14,2
湖南八年级下学期期末,2,2
湖南六年级下学期升学模考,16,2
湖南台源,17,2
湖南天壹2026高一期末,6,2
湖南学考 20 2 6 年 学业水平考试真题,19,2
湖南学考英语试卷,19,2
湖南师大附中 九年级 拔尖创新选拔? ?师大附中理实班 初升高 数学物理,4,2
湖南师大附中期末化学高一,6,2
湖南师大附中高二开学,2,2
湖南永州2026高一期末,11,2
湖南湘潭,5,2
湖南湘西土家族苗族自治州高一2026期末考试试卷真题,3,2
湖南湘西自治州2025-2026学年下学期高一年级期末试卷英语试题,2,2
湖南益阳2023期末高中,5,2
湖南省2021年普通高中学业水平选择性考试生物,8,2
湖南省2026年中考,12,2
湖南省中考数学,5,2
湖南省宁乡一中高一上物理期末试卷,6,2
湖南省岳阳市岳阳楼区2024-2025学年高一下学期期末教学质量监测数学试卷,4,2
湖南省怀化市2020年中考试卷,2,2
湖南省株洲市第一中学2026,4,2
湖南省浏阳市第十中学,15,2
湖南省自主招生,4,2
湖南省长沙市长郡中学高一期末考试,2,2
湖南省高二期未长郡,3,2
湖南联考,3,2
湖南郴州市 数学七年级下册,5,2
湖南醴陵七年级历史,13,2
湖南长沙市长郡中学2025?2026学年高一下学期7月期末英语试题,4,2
湖南长沙市长郡中学2026期中考试,7,2
湖南长沙市雅礼教育,11,2
湖南长沙师大附中高三,5,2
湖南高一下学期物理,16,2
湖南高一数学,5,2
湖南高二上学期开学考,4,2
湖南高考政治2026,2,2
湖州,3,2
湖州中学,4,2
湖州吴兴区七下,11,2
湖州市 吴兴区 八年级上册 数学期末考卷,2,2
湖州市2025学年第一学期期末调研测试卷高一地理,5,2
湖州高一开学考试卷,8,2
湖师大附中高二下期期末,20,2
湖本省荆州市高一数学,3,2
湘乡,9,2
湘教地理八年级上册,5,2
湘潭,19,2
湘潭数学中考,5,2
湘西,62,2
湛江,10,2
湛江一中高一,5,2
湛江市恒盛中学,4,2
溶解度 202 6初中专题复习,17,2
溶解度曲线,5,2
滕东，月考,7,2
滕州一中,5,2
滕州初一期末考试英语,5,2
滕州市育才中学,2,2
滕州高一上学期中数学,13,2
满分作文,5,2
满分思维2027,2,2
滨州2026期末考试,3,2
滨州市高一上学期期中,18,2
滨河高中数学,7,2
滨海新区期末,14,2
滨海新区高一下期末,12,2
漳州五中,7,2
漳州市2026届高三毕业班第一次教学质量检测,5,2
漳州市七年级下册英语期末考原卷,5,2
漳州市高一期末,5,2
漳州期末市统考化学,20,2
漳州高三质检,22,2
潍坊七年级分班考,6,2
潍坊三下期末英语试卷,13,2
潍坊二模,5,2
潍坊市2025-2026学年高三上学期期中语文,3,2
潍坊市2026届高三开学调研监测考试英语,11,2
潍坊高一下学期期末物理,3,2
潍坊高一月考卷,5,2
潍坊高一期末下册生物,10,2
潮实数学卷,7,2
潮州市26物理统考卷高二,5,2
潮州市湘桥区数学试卷八年级下册,4,2
潮州高二期末质量监测,4,2
澄海期末,3,2
激素与内分泌系统,8,2
濮阳市第一高级中学,2,2
灌南实验中学东校区,9,2
火柴棒游戏奥数专项专题,5,2
烟台 2026高三 一模历史,2,2
烟台 英语 2026高一期末,5,2
烟台2020,2,2
烟台中考2026,10,2
烟台市20265月高考适应,3,2
烟台市高一数学期中考试,2,2
烟台海阳市六年级第一学期期末考试语文试卷,4,2
烟台芝罘区九上数学,8,2
烟台芝罘区九上物理,7,2
烟台高一上学期期中考试数学,6,2
烟台高三物理期中考试卷,4,2
烟台高二下学期期末考试,7,2
烟台高二期末化学,3,2
焦作,2,2
焦作开学考,12,2
熟词生义,3,2
燕山教育集团2026年,2,2
牛吃草,12,2
牛吃草奥数题,16,2
牛吃草问题,4,2
牛顿第二定律的综合应用,3,2
牛顿运动定律,8,2
牡丹区第二十二初级中学，八年级上册1/4月考,14,2
牡丹江一中,4,2
牡丹江市第一高级中学,4,2
物理 0 2026高三,5,2
物理 必修一,4,2
物理 必修三,4,2
物理 必修二,4,2
物理 直线运动,3,2
物理一模北京海淀九年级,3,2
物理一轮复习,6,2
物理三诊,3,2
物理专项,5,2
物理专题复习质点,10,2
物理九上,2,2
物理八下浮力压强专题,14,2
物理八年级,5,2
物理八年级下册压轴题,11,2
物理初二上册人教版长度和时间的测量,2,2
物理力学专题复习,3,2
物理力学专题复习高中,2,2
物理力学大题,10,2
物理动态平衡问题,7,2
物理动量,4,2
物理动量大题专练,15,2
物理单元卷,12,2
物理卷,9,2
物理卷子北京,13,2
物理压强与浮力,5,2
物理合格 考2025年 普通高中学业水平,9,2
物理合格考,2,2
物理培优 拔尖培优专题,9,2
物理实验题,5,2
物理强基计划,6,2
物理必修1第1单元测试卷,18,2
物理必修一1 2章复习卷,19,2
物理必修一测试卷,7,2
物理必修一第一二单元测试题,5,2
物理必修二实验题教科版,5,2
物理必修二教科版教材,3,2
物理总复习试卷,7,2
物理暑假作业,14,2
物理月考卷高一下期末,3,2
物理期中,5,2
物理期末八下,17,2
物理期末高一,12,2
物理板块模型 一轮复习,9,2
物理板块运动,7,2
物理板块运动专题,10,2
物理模型,7,2
物理模型108个模型总结,13,2
物理沪科版九上 第一第2章习题,4,2
物理湖南卷,5,2
物理电学概念,5,2
物理电磁感应,7,2
物理电磁感应专题训练,11,2
物理电路图,13,2
物理相互作用练习卷,11,2
物理竞赛 2024年第41届初赛真题,4,2
物理竞赛决赛,6,2
物理竞赛培优教材,5,2
物理竞赛讲义,9,2
物理第一章复习课八年级上册,4,2
物理组合场,9,2
物理计算题2026计算专题训练,10,2
物理试卷高三,4,2
物理质检,12,2
物理运动学高考专题,11,2
物理追及相遇问题,5,2
物理高一上学期开学考,21,2
物理高三,2,2
物理高三开学考,12,2
物理高三试卷,10,2
物理高中 一轮复习,11,2
物理高二上,3,2
物理高考,4,2
物理高考真题,11,2
物质的分类及转化,5,2
物质的特性,4,2
特殊句式,7,2
独立主格,17,2
独立主格 with的复合结构与非谓语动词专项练习,3,2
独立事件判断,4,2
玉山县第一中学,4,2
玉溪一中,12,2
玉溪市高一下学期期末市统测,10,2
王府,2,2
王朝霞 202 5 2025八年级下册试卷,11,2
王朝霞七年级英语下册试卷,20,2
王朝霸,9,2
现在进行时,3,2
珠海,14,2
珠海一中,4,2
珠海二中,14,2
理想气体状态方程,3,2
琢名小渔,3,2
琵琶行,13,2
琵琶行并序,3,2
瓜豆,4,2
瓜豆原理,2,2
瓯海第二实验中学,8,2
甘井子区2023-2024四年级数学,3,2
甘南藏族自治州2022年小升初试卷,17,2
甘肃临夏回族自治州2025-2026学年度下学期期末质量监测七年级数学,4,2
甘肃八年级下学期期末,4,2
甘肃兰州中考英语,4,2
甘肃兰州市西北师大数学高三,3,2
甘肃期末,6,2
甘肃省临夏市英语22年中考题,11,2
甘肃陇南武都城关,6,2
生物 1必背知识清单,5,2
生物 1轮复习,5,2
生物2026中考,3,2
生物PCR,13,2
生物一轮复习,7,2
生物光合作用和呼吸作用,5,2
生物光合作用大题 高中,13,2
生物光合速率计算,8,2
生物必修一期中考试试卷,3,2
生物必修一第二章试卷,14,2
生物必修二中档题,5,2
生物江西,4,2
生物竞赛,9,2
生物蛋白质计算练习,5,2
生物试卷7年级下册,10,2
生物课本,4,2
生物近三年高考真题,4,2
生物选修一知识点总结,7,2
生物遗传知识点,4,2
生物配子法遗传规律专项练,5,2
生物高二上学期第一次月考,5,2
田家炳入学,2,2
电功与电热,2,2
电势能与电场强专列图像,4,2
电场强度专题,5,2
电场强度及其叠加和计算,8,2
电子书2024教材 人教版,4,2
电子版 教材 2026人教版,5,2
电子版 教材 2026人教版九年级上册人教版书,4,2
电子课本,4,2
电学笔记,9,2
电容器、电容及平行板电容器的动态分析,4,2
电磁 感应026届高考一轮复习,9,2
电磁大题,67,2
电磁弹射,16,2
电磁感应大题,11,2
电荷,4,2
电解池,4,2
电解质与非电解质,5,2
电路图 串并画图练习 专题,9,2
电路图训练,8,2
电路图转实物图实物图转电路图,5,2
电路的三种状态,20,2
电阻,7,2
电阻变阻器,9,2
番禺中学,8,2
番禺区数学九上期末,4,2
病句,4,2
白山市第二中学,5,2
白银市,17,2
白马湖,3,2
百色2026期末教学质量检测高二,8,2
百色高二下学期期末,7,2
皋城中学，八年级下册期末数学,2,2
皖江名校联盟,6,2
盈亏问题,4,2
益阳,11,2
益阳市中考物理试卷,4,2
盐城2025高一五校联考期末试卷,10,2
盐城中考,3,2
盐城五校联考高二上学期期末,55,2
盐城市高一,4,2
盐城市鹿鸣路,28,2
盐城月考,24,2
盐池中学期末测试题语文,10,2
盘锦市育才学校,11,2
直击高考,8,2
直线 2025一轮专题复习,8,2
直线 与圆20类题型汇总,2,2
直线与圆单元测试卷,8,2
直线与圆重难点培优,14,2
直线对称问题,4,2
直线方程,4,2
直线的交点坐标与距离公式,3,2
直线的方程,4,2
直线运动,6,2
相互作用力,3,2
相似三角形单元测试卷,12,2
相似三角形性质,33,2
相似三角形的判定性质综合,3,2
相似多边形,8,2
相似模型,4,2
省会城市今年高一历史统测试卷＋答案,5,2
省实验 2026,5,2
省实验中学,9,2
省实验高一上第一次月考,15,2
省泰中附中八下英语期中试卷,9,2
看图写话,20,2
真题卷,6,2
真题卷高考真题,2,2
真题语文文言文,6,2
知识清单填空,135,2
知识点复习归纳,14,2
短文填词,11,2
石室联中,4,2
石家庄2026届普通高中学校毕业年级教学质量检测摸底检测英语,29,2
石家庄一中,5,2
石家庄一中五个一联考,6,2
石家庄外国语学校,9,2
石家庄市第一中学,8,2
石家庄市第一中学2025-2026学年度第二学期高一年级英语学科期末考试试题,8,2
石家庄精英英语月考高中,3,2
石湾中学,9,2
石狮市2025至2026学年第二学期期末选六试卷七年级数学,3,2
碳,20,2
磁场,11,2
磁场受力分析,18,2
社会,16,2
禅城区石湾第二小学,6,2
福九联盟,2,2
福九联盟高二,22,2
福宁古五校教学联合体高三,25,2
福宁古五校联考,15,2
福州一中 2024 2025高一下期末考试试卷,9,2
福州一中高一数学,3,2
福州一种中高一上学期期中考试,3,2
福州三中,7,2
福州九上开学考,10,2
福州九校联盟高二上学期期中联考物理试卷,8,2
福州二中,3,2
福州二检,8,2
福州八中,13,2
福州十八中,7,2
福州屏东中学,3,2
福州市,11,2
福州市晋安区,12,2
福州市质检,7,2
福州市高三年级第一次质量检测,2,2
福州市高三第一次质检物理,7,2
福州延安2024-2025学年第二学期期末考初一英语试卷,11,2
福州延安中学2025-2026学年第二学期期末考 初二数学试卷,3,2
福州延安中学七年级数学,5,2
福州延安中学物理,24,2
福州教育学院附属中学,5,2
福州格致中学,5,2
福州格致中学鼓山校区,6,2
福州第三中学,5,2
福州语文中考,5,2
福州高级中学,3,2
福建 2026 中考英语,3,2
福建中考2026英语,4,2
福建中考物理,5,2
福建中考语文,12,2
福建六年级下学期升学模考,17,2
福建南平 2025 八年级上学期期末数学期末试卷,6,2
福建合格性考试,28,2
福建文学类,11,2
福建普通高中学业水平测试,18,2
福建期末,8,2
福建泉州五中2025-2026七年级下学期数学期末考试,3,2
福建省 2 025物理普通高中学业水平合格考,9,2
福建省2025年6月生物学业水平考试,3,2
福建省2025质检,6,2
福建省2026年高考,2,2
福建省仙游一中高三暑假,4,2
福建省厦门双十中学,31,2
福建省厦门市物理九年级期中考卷,35,2
福建省厦门市高一上月考,13,2
福建省厦门第一中学,8,2
福建省厦门第一中学8上数学,2,2
福建省政治必修三知识清单,9,2
福建省晋江市晋江二中高一入学考,4,2
福建省永春第一中学高二上学期化学,29,2
福建省泉州市,7,2
福建省莆田市化学高二期末考试,3,2
福建省莆田市文献中学,6,2
福建省莆田市第五中学,4,2
福建福州市第二学期期末适应性练习,7,2
福建阶段检测,3,2
福建高一下期末,3,2
福建高三质检,9,2
福建高中学业,15,2
福清,11,2
福清九年级第一学期物理期末试卷,7,2
福清元洪中学,7,2
禹州市六下数学,6,2
禹州市六年级期末试卷,4,2
禹州市第三高级中学高一开学分班考试卷子,3,2
离子,9,2
离子共存推断,3,2
离子反应、离子方程式,14,2
离子反应与离子方程式试卷,8,2
离子方程式正误判断,3,2
离子方程式的书写,2,2
秀山,8,2
秀峰,11,2
科创班考试卷,6,2
科技特长生,3,2
秦皇岛,3,2
秦皇岛一中高一上学期月考试卷,12,2
稠州中学,5,2
稽阳联谊,13,2
空间向量与立体几何高二期中 解答题专项,2,2
空间向量单元测试卷,5,2
空间向量及其运算,12,2
立体几何专项训练,21,2
立体几何初步 14考点清单 知识导图 17个考点清单,3,2
立体几何垂直证明,5,2
立体几何截面问题,6,2
立体几何空间向量大题,7,2
立体几何空间向量真题,5,2
立体几何表面积和体积练习,11,2
立德,7,2
竞赛 2025 2026学年初中数学竞赛,3,2
竞赛卷高中数学,9,2
竞赛培优,29,2
竞赛培优专项训练,11,2
笔记,2,2
第 1单元测试卷,2,2
第 一 二单元测试卷,13,2
第01讲 钠及其重要化合物(复习讲义)(全国通用),6,2
第05讲 化学平衡状态和平衡常数,3,2
第07讲二次函数的概念,4,2
第15讲圆,2,2
第1单元测试卷,3,2
第37届化学竞赛初赛试题,17,2
第41届物理竞赛复赛,3,2
第一学期,8,2
第一学期期末,4,2
第一次,4,2
第一次月考化学,10,2
第一次月考数学卷,33,2
第一章集合与逻辑用语章末测试(提升),6,2
第一讲 代数,4,2
第七中学,5,2
第三章 金属及其重要化合物,12,2
第三章相互作用,14,2
第九中学,3,2
第九章 平面直角坐标系,16,2
第二中学,4,2
第二十六章   二次函数全章高频重点题型突破,6,2
第二单元,6,2
第二次模拟,9,2
第二章章末整合,13,2
第八章 立体几何初步 单元测试,8,2
第十一中学 长沙,2,2
第四课只有坚持和发展中国特色社会主义才能实现中华民族伟大复兴,8,2
等和线,2,2
等式性质和不等式性质,14,2
等比数列,4,2
答题卡模板,17,2
答题卡模板英语,4,2
答题技巧,6,2
简 爱,3,2
简爱 分章节阅读训练,3,2
精准学,33,2
精英初中提纲,5,2
系统命名法,3,2
紅岩 2024 2025 知识点汇总,9,2
紅星照耀中国 读书笔记,5,2
繁昌一中自主招生卷,22,2
红安县第一中学,5,2
红对勾 2027版大一轮复习,3,2
红岩 2025名著导读,8,2
红岭中学 新高一分班考试,9,2
红岭中学高一,3,2
红岭分班,8,2
红星照耀中国知识点梳理,6,2
红河州2026年高二下学期期末,29,2
红河州一中,14,2
红色高分作文,6,2
约分通分,14,2
线和角的课件,4,2
线线平行 线面平行 面面平行,8,2
练客中考浙江新中考社会,6,2
练课安徽新中考,2,2
细胞工程,24,2
细解巧练,30,2
细解巧练鲁科版,2,2
织金县2025~2026学年度第一学期期末质量检测 七年级 英语,7,2
绍兴,7,2
绍兴市2026届,8,2
经开第一学校分班,7,2
经济与社会,8,2
经济与社会一轮复习知识点总结,4,2
经纬网,8,2
绝对值,6,2
统考,20,2
统考卷,10,2
统考卷期末高一,3,2
绥化市2026年化学真题,5,2
绵阳,9,2
绵阳一诊,3,2
绵阳中学高一第一次月考英语试卷,7,2
绵阳中考,2,2
绵阳二诊,13,2
绵阳初一期末考试,2,2
绵阳安州区初一期末考试,6,2
绵阳市2025年中考数学,4,2
绵阳市2026七下期末统考数学,25,2
绵阳市2026八下期末物理,4,2
绵阳市高一上期末,3,2
绵阳市高一下册期末考试数学试卷,21,2
绵阳第一中学,2,2
综合填空,8,2
网课,2,2
网课班,5,2
罗定,25,2
罗湖区,10,2
美术,13,2
翁源中学,2,2
翠竹实验学校,15,2
翰林高级中学,6,2
耀华,23,2
耀华中学期末,13,2
老唐说题 MST新思路,6,2
考点同步解读,5,2
考点大串讲,41,2
考研,5,2
聊城一中,15,2
聊城一中高一期末,20,2
聊城三中,5,2
聊城市2025-2026学年第二学期期末教学质量检测 高二数学,3,2
聊城市高一上学期物理第一次月考,8,2
聊城市高一上学期英语期末测试题。2026暂您案例,5,2
聊城高一期末,3,2
职高入学考试,4,2
联合体,25,2
联考试卷,10,2
联赛,5,2
肇东一中,3,2
肇东四中,4,2
肇庆七年级下学期英语,3,2
肇庆中学,7,2
肥城,15,2
肥城市,2,2
育才双语,5,2
育明高中,11,2
胜利一中,9,2
胶体,3,2
脱式计算,6,2
自主招生数学试卷,4,2
自主招生物理,10,2
自主招生题,47,2
自由落体,10,2
自贡中考,18,2
舟山,8,2
芜湖,10,2
芜湖一中,3,2
花都语文,8,2
芸熙百分2025 2026学年八年级英语下册期末必刷卷课标版新教材山西专版,10,2
苍南中学,3,2
苍南县中学提前招试卷,5,2
苏北七市,8,2
苏州 2025  八年级  上,2,2
苏州 高三期初调研卷数学,14,2
苏州一模数学,18,2
苏州中学高一分班考试,5,2
苏州中学高二数学期末,8,2
苏州中考语文,4,2
苏州市相城区蠡口中学,6,2
苏州数学竞赛,12,2
苏州期初生物,2,2
苏州物理,2,2
苏州高一下学期化学期末,4,2
苏教版七年级下册数学期末考试,14,2
苏教版五年级下册 分数计算专项 约分通分 带分数转化,3,2
苏科版,6,2
苏科版中考模拟卷,11,2
苏科版九上简单机械和功单元自测,4,2
苏锡常镇,12,2
苏锡常镇二模,2,2
英德市七年级,5,2
英才,2,2
英语 0 2 6 学 年 度,8,2
英语 3500词,2,2
英语 中考 2026试卷,9,2
英语3500 词汇背诵,11,2
英语3500 词汇背诵word版高中正序,3,2
英语3500词汇,8,2
英语3500阅读理解,3,2
英语A篇阅读专项训练,8,2
英语一模高三,12,2
英语七年级上册第一单元完形填空,4,2
英语七选五好题汇编,17,2
英语专项练习语法填空,13,2
英语专题,7,2
英语中考短文填空真题模拟,16,2
英语书选必4,2,2
英语人教版七上到八下的单词短语,7,2
英语仁爱新版,21,2
英语作文,11,2
英语作文模板高中,6,2
英语作文求助信,3,2
英语作文练字帖,3,2
英语初中单选,2,2
英语单词表汇总,3,2
英语卷子 8年级下学期,16,2
英语卷子中考,6,2
英语合格考真题,4,2
英语听力训练,7,2
英语周报2025 2026,4,2
英语四级,2,2
英语四级2025真题,6,2
英语完形填空专训,4,2
英语必修一 单词表,8,2
英语搭配,13,2
英语时态 100题 分类基础练习,2,2
英语时态练习,4,2
英语期中,14,2
英语模拟,9,2
英语模拟卷高三,4,2
英语浙江省七彩阳光2025-2026高二上期中考试,4,2
英语真题,2,2
英语答题卡,7,2
英语语法填空 100篇 专项训练,15,2
英语语法填空 100篇 基础,8,2
英语读后续写练习,2,2
英语读后续写练习高一,3,2
英语课本,12,2
英语选择性必修一单词表,6,2
英语阅读 100篇 专项训练英语2026,9,2
英语高一期末试卷江西,4,2
英语高三,12,2
英语高中句子翻译,5,2
英语高中语篇填空,3,2
英语高中读后续写,5,2
英语高二,26,2
英语高考卷,2,2
英语高考卷2026,4,2
英语高考真题完形填空,7,2
英语高考语法填空真题,8,2
英语高频短语高考,7,2
英语高频词汇,16,2
英语高频词汇688高考,14,2
英语默写高中,11,2
茂名市田家炳中学,2,2
茂名市田家炳中学2025-2026学年第二学期高二级期中考试日语试卷,6,2
茂名市高一,24,2
茂名市高一上学期,9,2
茂名市高一下期末试卷历史,6,2
茂名市高二期末考试生物试卷,3,2
茂名高一,4,2
茂名高一英语,3,2
茂名高二期末统考,10,2
茌平区,26,2
荆州,6,2
荆州市八县,5,2
荆州高一统考物理,5,2
荆州高一统考语文,8,2
荆门市外语学校八上物理期中试卷,4,2
荆门龙泉中学,3,2
荔湾区,4,2
荣昌中学,15,2
莆田,8,2
莆田一中,6,2
莆田四中,5,2
莆田城厢区八下期末考试,10,2
莆田小升初试卷,6,2
莆田市擢英7年级数学期末考试,4,2
莆田擢英中学,4,2
莆田高一上市质检,21,2
莒南期末,10,2
莘县,15,2
莱芜,8,2
莱芜凤城高中,4,2
莱西,6,2
莱西 生物,2,2
莱西一中,9,2
莲湖区,14,2
莲花中学,8,2
菏泽2024 2025高一期末下,8,2
菏泽一中自主招生试卷,9,2
菏泽化学高二上期末,3,2
菏泽市2024高一物理试卷,10,2
菏泽市牡丹区七年级下册数学期末试卷,4,2
菏泽市高一下学期期末,13,2
菏泽市高二上英语,3,2
菏泽曹县高一期末,14,2
菏泽高三一模,2,2
菏泽高二期中上学期数学,15,2
萍乡市,27,2
营口九师联盟高一下学期期末试卷,2,2
营口九师联盟高二,5,2
营口开发区第一高级中学,3,2
萧县中学,3,2
葫芦岛分班考,6,2
葫芦岛市,11,2
葫芦岛市期末,6,2
葫芦岛期末,4,2
葫芦岛期末考试,5,2
蒙城县八年级上册物理第一次月考,5,2
蔺阳中学,6,2
薛城区2025至2026学年度生物期中试题八年级上册,7,2
藁城区六年级,6,2
虚拟语气练习题,4,2
虹口,7,2
蚌埠二中,4,2
蚌埠市2026届高三第一次,11,2
蚌埠市五河县高级中学高二上学期,2,2
蛟川书院 九年级 2026,13,2
蛟川书院 分班,8,2
蛟川书院七年级,2,2
蛟川书院学科素养大比拼,11,2
蟋蟀的住宅,10,2
行知中学,6,2
衡中学案,17,2
衡水一中,2,2
衡水中学押题卷,2,2
衡水中学清北零班自主招生测试题物理8年级下,13,2
衡水中学高一下,5,2
衡水八中,3,2
衡水市第三中学,3,2
衡水市第二中学,3,2
衡水市第二中学高一入学考,4,2
衡水金卷 先享题,9,2
衡水高中,13,2
衡阳,9,2
衡阳县,5,2
衡阳县五中,6,2
衡阳市八中教育集团2025 2026九年级入学考试,5,2
衡阳市成章实验中学八年级上册月考数学,10,2
衡阳市高一新生入学考试,5,2
衢州丽水湖州2025年4月三地市高三教学质量检测地理,8,2
衢州市英语人教版 八年级上册 期中测试,8,2
衢州市锦溪学校2025学年，九年级上册，数学期中考试试卷,22,2
裂项相消法求和,11,2
襄阳五中,14,2
襄阳四中上学期期中,25,2
襄阳四中五中自招真题,2,2
襄阳市,19,2
襄阳市八下物理期末考试,9,2
襄阳市樊城区历年中考试卷,4,2
襄阳市第五中学,6,2
西北大学附属中学高二物理,10,2
西北工业大学附属中学,6,2
西北师大附中2025 2026高一下学期期末数学,4,2
西北师大附中自主招生英语试券,17,2
西北师范大学附属中学,6,2
西南五省2026年普通高等学校招生全国统一考试适应性测试语文试题,4,2
西南大学银翔实验中学,4,2
西南大学附属中学高一10月月考,5,2
西咸新区分班考,8,2
西大附中,3,2
西宁,9,2
西宁市2025 2026学年第二学期期末八年级测试卷语文,13,2
西宁市2025至2026学年度第二学期末调研测试高一语文,2,2
西安,2,2
西安五大名校,6,2
西安交大附中高一语文,6,2
西安交通大附属高中上学期高一数学,3,2
西安小升初分班考,11,2
西安市,5,2
西安市西咸新区 2025～2026学年度第二学期期末检测 八年级英语（人教版）,3,2
西安市铁一中分班考,8,2
西安市铁一中学2025-2026学年下学期七年级期末数学试题,3,2
西安铁一,18,2
西安高新东区新初一分班考试,11,2
西安高新第二初级中学,7,2
西山区,17,2
西峡小升初,12,2
西成七下期末语文,13,2
西昌市2025 2026年下学期未试卷,4,2
西班牙语,8,2
西秀区2025～2026学年度第二学期期末综合素质发展评估五年级数学,5,2
西藏七年级下学期阶段检测,9,2
西藏中考,4,2
西藏八年级下学期期末,9,2
西藏同步测评英语八年级上册,2,2
西藏高考卷,12,2
西街初级中学,27,2
西附期末,11,2
西附高一下生物期末,6,2
观沧海,10,2
视频,3,2
解 一元二次方程100道计算,3,2
解 三角 形 0 基础 专题大题高三,4,2
解 三角形高考真题汇编,3,2
解一元二次方程,15,2
解一元二次方程专项练习,4,2
解三角形一轮复习,6,2
解三角形一轮复习2027 备考专题数学,5,2
解三角形综合,7,2
解三角形高考真题,5,2
解方程专项练,10,2
计算 100 道,11,2
计算 100 道 7年级数学,9,2
计算 100 道 八下年级数学,3,2
计算专练,10,2
计算专项练习,6,2
计算二次根式,6,2
计算能力专练,9,2
计算题专项训练,5,2
计算题每日一练,15,2
议论文写作,14,2
议论文审题立意,18,2
议论文素材2026人物,6,2
记叙文写作,19,2
许昌市魏都区实验小升初分班考,13,2
词型 转换 2025词性高高频总结,2,2
译林版九上unit2词性转换默写,5,2
译林英语三年级,6,2
译林英语六年级上册最新,7,2
试卷分析,2,2
试卷单元卷,5,2
试卷必修一数学期末,4,2
语文 01 172024 2026九上语文期末真题,22,2
语文 小升初,5,2
语文2026 1 卷高考真题,3,2
语文5年高考真题,5,2
语文书,2,2
语文作文 02025一轮复习专题 ppt,3,2
语文作文 素材,18,2
语文作文素材,4,2
语文入学考,10,2
语文卷子,5,2
语文古诗文阅读,8,2
语文和平区耀华中学,14,2
语文四年级下修改病句,6,2
语文四年级下册试卷,2,2
语文园地一,3,2
语文基础知识真题练,8,2
语文实词虚词,11,2
语文小说阅读理解,4,2
语文期末,5,2
语文答题卡,4,2
语文答题模板答题技巧 高中全,7,2
语文莒南县2025~2026学度九年级第一学期阶段测验,5,2
语文议论文写作,19,2
语文试卷,4,2
语文选必上 背诵篇目,6,2
语文选择题专项,5,2
语文长短句转换专题,2,2
语文阅读,5,2
语文阅读理解答题技巧,18,2
语文非连续性文本阅读,16,2
语文高中一轮复习讲练通答案,14,2
语文高二文言文,3,2
语文高考真题,34,2
语法100题,6,2
语法专练,10,2
语法专项,6,2
语法专项练习,36,2
语法填空高考,10,2
语法每日一练2024-2025学年人教版英语七年级上册,7,2
语法英语,2,2
读后续写“龙头凤尾″每日一练,9,2
课件 教学设计 配套,6,2
课时a计划九上人教数学第一单元试卷2026,2,2
课时作业本,22,2
课时作业本八上,5,2
课本 20024八年级下册数学,5,2
课本 20024电子,3,2
课本 八年级上册英语,4,2
课本知识预习,10,2
课课练,10,2
调兵山市2025到2026学年度上学期随堂练习（3）八年语文,3,2
调研卷,3,2
豫北名校联盟 高一下期末,7,2
质检,5,2
质量与密度,3,2
贯通班 八年级 数学包头,2,2
贵州,4,2
贵州开学,5,2
贵州毕节2025一诊英语,6,2
贵州物理简答题,26,2
贵州省,5,2
贵州省2025年12月普通高中学业水平合格性考试语文,6,2
贵州省2025年高考卷,3,2
贵州省六盘水市2026届高三上学期适应性考试生物试题一,2,2
贵州省六盘水市盘州市高三物理,5,2
贵州省盘州市第二中学高三物理,11,2
贵州省贵阳市2026中考试卷,3,2
贵州省遵义市2025至2026学年高一下学期7月期末数学试题,4,2
贵州省遵义市期末试卷,2,2
贵州铜仁市2025 2026学年高二下学期7月期末试题英语,3,2
贵州高三一模,3,2
贵州黔东南小学三年级,4,2
贵州黔南英语初二英语,4,2
贵阳,165,2
贵阳2023八月摸底考试,2,2
贵阳2026届高三8月摸底英语试卷,14,2
贵阳2026高二期末考,2,2
贵阳市2022摸底考,3,2
贵阳市2025届高三上学期八月摸底考试,24,2
贵阳市2025年高三上学期8月摸底考,6,2
贵阳市2026中考,6,2
贵阳英语初中,18,2
费马点,8,2
费马点模型,17,2
贺州市龙山小学,8,2
资中二中,12,2
资料,7,2
资阳市2,2,2
资阳市2026届初三化学,3,2
赢在微点 2026大1轮复习,6,2
赢在微点 2027大1轮复习,11,2
赢在微点 顶层设计 数学大一轮教师用书 第七章立体几何,6,2
赢在微点轻松课堂，数学选择性必修第一册知能小卷,6,2
赣州 2025 2026 高二下 期末试卷,4,2
赣州中学,8,2
赣州市,8,2
赣榆八年级上册,16,2
赣榆外国语,3,2
赣榆第一中学,2,2
赤峰二中,3,2
赤峰市红旗中学,4,2
赤峰期末联考,4,2
超几何分布,4,2
超重和失重问题,8,2
跟读单词,13,2
跨学科,11,2
跨学科案例分析,12,2
辽南化学,4,2
辽宁2025 2026协作校高一下学期期末卷,16,2
辽宁2026中考,5,2
辽宁七年级上学期期中,12,2
辽宁六年级上学期期末,2,2
辽宁凌源市2025-2026学年高二下学期期末检测生物试题,5,2
辽宁名校联盟高三上学期9月份试题考,17,2
辽宁四年级上学期阶段检测,6,2
辽宁大连市第八中学2025-2026学年高一上学期11月期中考试数学试题,2,2
辽宁抚顺市七校协作体2025 2026学,2,2
辽宁朝阳双塔区三上,7,2
辽宁期末,6,2
辽宁本溪2025-2026下期末数学考试卷,3,2
辽宁本溪2026年高一下学期期末开始语文,9,2
辽宁本溪八年级上册数学北师大期中考试题2022年,2,2
辽宁沈阳市东北育才,16,2
辽宁物理月考,16,2
辽宁省,44,2
辽宁省 0222023名校 联盟2026,8,2
辽宁省2025年9月协作校高三开学考,26,2
辽宁省2026年中考数学试卷,8,2
辽宁省五校联考2025-2026高一期末下,2,2
辽宁省回民中学 开学,16,2
辽宁省实验2025年高一下学期期初试卷,12,2
辽宁省实验中学二八届高一上学期第一次月考英语课试卷,6,2
辽宁省实验中学英语,4,2
辽宁省沈阳市于洪区2025-2026学年八年级下学期期末语文试卷,4,2
辽宁省沈阳市回民中学,12,2
辽宁省沈阳市回民中学 开学,5,2
辽宁省沈阳市铁西区2024至2025五年级上册数学期末,12,2
辽宁省海城市四年级上英语测试卷,18,2
辽宁省营口市育才中学,22,2
辽宁省葫芦岛市2026年期末考试,10,2
辽宁省葫芦岛市2026年期末考试数学,10,2
辽宁省高一上月考,3,2
辽宁辽南协作体精品解析,5,2
辽宁辽南协作体精品解析专辑,2,2
辽宁高三模拟,9,2
辽宁高二下学期期末,17,2
辽宁高考物理一轮复习讲义,4,2
辽宁高考题,8,2
达州市第一中学,2,2
达州高三开学摸底测试（8月底/9月初）,27,2
过去完成时的题,6,2
过去进行时,21,2
运动的合成与分解,2,2
运动的描述 单元测试,12,2
运城市2025~2026高一第二学期期末,3,2
近五年来云南省的高考真题，纯文科类的,8,2
近五年济南中考化学真题,3,2
连云港中考,5,2
连云港市赣榆区,10,2
连云港高级中学,8,2
连江2026年五年级下册语文期末试卷人教版真题,6,2
追击相遇,7,2
追梦之旅大先生活页同步练习英语8年级下册电子版。,6,2
追梦之旅铺路卷,7,2
适合强基计划班的8年级数学综合试卷,6,2
逆等线,13,2
逆等线模型,9,2
选三物理,3,2
选必一地球运动习题湘教版,15,2
选择 题100道2026,4,2
选择型必修一地理第二章,10,2
选择性必修 1数学全品作业本,2,2
选择性必修中册语文书,5,2
透镜及其应用,2,2
通化市第一中学,3,2
通城学典,6,2
通州区,7,2
通用技术,4,2
通项公式大题,8,2
逻辑,11,2
遂宁八下期末,11,2
道德与法冶,15,2
道法津南七下期末,2,2
遗传大题专练,6,2
遵义一模,10,2
遵义四中,15,2
遵义市2026年高一年级卷库试卷二 英语,8,2
遵义市2026年高二年级卷库试卷二思想政治,4,2
邕衡教育,19,2
邕衡教育高三化学,3,2
邢台一中期末联考试卷,6,2
邢台市二中高一第一次月考卷,6,2
邢台市第一中学高一,27,2
邢台市第十二中学,9,2
邢台高二,21,2
邯郸市2025届高三年级第一次调研监测,4,2
邯郸市2026届高三第一次模拟测试,11,2
邯郸市2026联考,3,2
邯郸市育华中学七年级下册数学期末,3,2
邳州市,14,2
邳州市本地的2026~2025的物理试卷其中,7,2
邵阳市一模,15,2
邵阳市第二中学高一上入学检测,25,2
邵阳市第二中学高一数学,8,2
邹城一模物理,4,2
郑州2026高二期末,5,2
郑州一中,2,2
郑州六升七开学模拟考试卷,5,2
郑州四十七初一入学摸底,2,2
郑州外国语中学九年级数学,4,2
郑州外国语高三调研,11,2
郑州外国语高二下期末,18,2
郑州市2025~20268下物理期末卷,22,2
郑州市五十七中分班考,3,2
郑州市名校真题,2,2
郑州市高一名校真题,6,2
郑州金水区2025一2026学年下期八年级期末学情调研数学学科,7,2
郑州高一下期末物理,3,2
郴州七年级全市期末统考2026语文,5,2
郴州市,16,2
郴州市2025年至2026年七年级下册期末政治试题卷答案,2,2
郴州市7年级下册英语试卷,5,2
郴州市二中高一升学考,3,2
郴州期末语文,11,2
郸城光明中学,2,2
都匀一中,9,2
都安高中高三开学考,2,2
都江堰一二诊电子版PDF,12,2
鄂东南省师示范高中教育教学改革联盟学校5月高三模拟考,2,2
鄂尔多斯市第一中学,4,2
配平化学方程式,10,2
配方法解一元二次方程,2,2
酒泉市2025至2026学年高二下期末考试,3,2
酬乐天扬州初逢席上见赠,2,2
酬乐天扬州初逢席上见赠 2026课件,4,2
醉翁亭记,4,2
醴陵,3,2
醴陵一中,5,2
醴陵初一,4,2
重大版小升初英语试卷,5,2
重庆 八中,2,2
重庆 南开,2,2
重庆 巴蜀,6,2
重庆2025二诊,17,2
重庆2026年数学中考真题,15,2
重庆8年级下期末数学酉阳,2,2
重庆8年级期末数学酉阳,4,2
重庆一中2028英语高一第一次月考,8,2
重庆一中三中八中巴蜀模拟人体,13,2
重庆一中初二数学期末,3,2
重庆一中开学考,6,2
重庆一外,5,2
重庆七中,13,2
重庆七中实验中学校,5,2
重庆中考真题,6,2
重庆中考英语阅读理解近几年真题,3,2
重庆九十五中,7,2
重庆九龙坡区2025~2026学年学业测评,11,2
重庆九龙坡区2025九上质量检测,3,2
重庆八中2023届高考适应性月考卷英语,10,2
重庆八中2024 2025下期半期初二物理试卷,2,2
重庆八中2025 2026八下期末,4,2
重庆八中2025高一上第一次月考,10,2
重庆八中2026高一期末,2,2
重庆八中八上物理,4,2
重庆八中八下期末考试卷,64,2
重庆八中初一上模拟,4,2
重庆八中初一模拟,4,2
重庆八中周考,7,2
重庆八中期末,8,2
重庆八中高一上物理,14,2
重庆八中高一上第一次月考数学,18,2
重庆八中高一上英语,6,2
重庆八中高一期末,6,2
重庆八中高一期末语文,11,2
重庆八中高二下期末物理,2,2
重庆八中高二下生物期末,3,2
重庆八中高二下英语,10,2
重庆十一中七年级数学月考,2,2
重庆单招,6,2
重庆南开中学2026年八年级下册半期语文试卷,4,2
重庆南开初一下数学期末,3,2
重庆南开英语高考模拟卷,3,2
重庆外国语学校,6,2
重庆外国语学校202520269年级上册10月数学,3,2
重庆外国语学校3月月考物理,5,2
重庆实验外国语学校,3,2
重庆市2024一2025高一下英语试卷,14,2
重庆市2025年高一下试卷,15,2
重庆市2026年初中学业水平考试,20,2
重庆市七校联盟高2026届第三次联合诊断性考试,19,2
重庆市八中中学高一数学周考试卷百分卷,7,2
重庆市南开中学2025~2026学年度高一上化学期中测试及答案,2,2
重庆市南渝中学,4,2
重庆市大足区城西中学,15,2
重庆市巴蜀中学,12,2
重庆市巴蜀中学2027届高二下学期期末考试,12,2
重庆市巴蜀中学校,4,2
重庆市巴蜀中学校2025-2026学年高二下学期7月生物期末考试,5,2
重庆市第一中,2,2
重庆市第八中学校英才竞赛,2,2
重庆市第八中学高12026年英语,2,2
重庆市铁路中学,5,2
重庆市长寿区川维中学八年级下册人教版数学期末考试,13,2
重庆市长寿区川维中学物理试卷,34,2
重庆市长寿区西北郎教育,16,2
重庆数学,9,2
重庆朝阳中学,4,2
重庆清华中学,6,2
重庆渝中区,3,2
"重庆渝中区数学,高考模拟",5,2
重庆育才,2,2
重庆育才中学,9,2
重庆西南大学附属中学,11,2
重庆铁路中学,13,2
重庆高三历史南开,7,2
重庆高二下九龙坡区数学,2,2
重庆高考 2025高考真题,8,2
重点班资料,14,2
重难点10 导数中的二阶导与洛必达法则（举一反三专项训练）（全国通用）2026年高考数学一轮复习举一反三系列,4,2
重难点培优 复习讲义 全国通用 2026年高考数学一轮复习讲练测,4,2
金 考卷 2025 版 45 套,2,2
金中海湾学校,17,2
金丽衢十二校2023学年高三第一次联考信息技术,7,2
金丽衢十二校2025学年高三第一次联考,13,2
金凤区良田中学,4,2
金华2025 2026学年第二学期期末质量检测 八下英语,4,2
金华2025 2026学年第二学期期末质量检测 高一英语,3,2
金华中考卷,3,2
金华十校,28,2
金华十校2025年11月高三模拟考试,5,2
金华市卓越联盟20232024,10,2
金台区,42,2
金太阳同步单元卷高一下河北,7,2
金榜学案,5,2
金版 2027高考一轮复习,5,2
金版新学案,20,2
金牛区七下数学期末,4,2
金考卷2027,2,2
金考卷45套,17,2
金陵中学,2,2
钟吾初中,38,2
钟吾初中分班考试卷,18,2
钠,6,2
钠及其重要化合物,9,2
钢城区2026数学,5,2
钦州,30,2
钦州一中,4,2
钦州二中开学分班考2025年,4,2
钦州化学,5,2
钦州市第一中学高一期末卷。,3,2
钦州市高二期末数学试卷。,5,2
铁一中初升高分班考,9,2
铁一中期末,3,2
铁一中高一真题全套,6,2
铁一高一分班考,2,2
铁中,2,2
铜仁市2026小升初,3,2
铜陵市模拟考试,9,2
银川二中,2,2
银川北塔中学,5,2
银川外国语,17,2
银川语文,8,2
铺路卷八年级上册物理期中,17,2
销量利润增长率问题一元二次方程,3,2
锋面,8,2
错题本,2,2
锡东高级中学,9,2
锦宏,2,2
锦州,6,2
锦州三下期末卷,10,2
锦州中学月考卷,5,2
锦州市实验学校七年级下学期语文期末,12,2
锦州附中月考卷高一,8,2
锦江区数学,4,2
锦江嘉祥,3,2
镇宁,5,2
镇安中学,4,2
镇江中学,5,2
镇江中考2026,4,2
镇江高二上10月月考,6,2
镇海中学 20026 年最后一卷,8,2
镇海中学 2025 2026 高一下期末 数学,6,2
镇海中学高一数学,4,2
长垣一中,7,2
长春中考2026,2,2
长春二中高一下期末,5,2
长春市150中学期中考试,9,2
长春市2021–2025年中考道法历史合卷（开卷，120分）,7,2
长春市2026届高三下学期第三次模拟考试,4,2
长春市十一高中,8,2
长汀一中化学月考高一上,10,2
长沙 10月 长郡 2025 2026月考卷,7,2
长沙一中,7,2
长沙一中广雅小升初分班考试卷,4,2
长沙县,33,2
长沙县一中,18,2
长沙市,9,2
长沙市一中城南高一分班卷,4,2
长沙市一中高一开学考,2,2
长沙市东雅中学2025年高一上学期入学考试语文试题,8,2
长沙市中考试卷,10,2
长沙市实验中学,2,2
长沙市期八年级下册期末数学试卷,2,2
长沙市长郡2026高一期末,4,2
长沙师大附中,3,2
长沙师大附中九上月考语文,2,2
长沙数学五年级,9,2
长沙期末考试卷高一上学期,7,2
长沙高一上东雅开学考 分班考,7,2
长沙高二上学期 第一次月考,16,2
长河高中,3,2
长郡 02 026 二十校 期末,5,2
长郡 2026高二期末考地理,4,2
长郡2026年高一下学期期末试卷N卷,10,2
长郡中学2024 2025学年高一上学期入学考试数学,21,2
长郡中学入学考试,9,2
长郡入学七年级,6,2
长郡入学考试高一,4,2
长郡双语实验中学 2025年至2026年八年级上册第1次月考试卷,17,2
长郡物理2025卷期中,3,2
长难句,7,2
长雅化学第一次月考,19,2
闪过中考,5,2
闭合电路欧姆定律,10,2
闵行中学分班考,3,2
闵行中学新高一分班考入学检测卷,6,2
闵行期末,7,2
闽侯一中,15,2
闽江学院附属中学,3,2
阅读 100篇专项训练必修一,8,2
阅读专项,17,2
阅读理解 细节题,10,2
阅读理解 细节题高中陕西英语,7,2
阅读训练 100篇专项训练,11,2
阜阳一中,5,2
阜阳一中数学,39,2
阳新县小 升初2025分班考,4,2
阳春市2025 2026学年度第二学期期末教学质量监测,5,2
阳泉,17,2
阳西县第一中学附属实验学校,8,2
阿伏加德罗定律,9,2
阿克苏地区二中,3,2
阿氏圆,16,2
附中,7,2
附属中学,58,2
陇县2025一2026学年度第二学期期末教学质量检测试题(卷) 三年级语文,7,2
限时作业,11,2
限时精练 数学必修第二册 人教A版 提升版,7,2
陕师大附中,11,2
陕晋宁青四省2026届高三1月联考 全套6科,32,2
陕晋青宁 2025 高考真题,9,2
陕晋青宁2026gaokao生物,4,2
陕晋青宁2026高考物理,5,2
陕甘青宁高考政治试卷。,6,2
陕西安康市2025-2026学年高二上学期期末质量检测物理试题,3,2
陕西师大附中 2025-2026学年度第二学期 期末考试七年级数学试题,16,2
陕西政治高考卷,2,2
陕西汉中八年级期末考试,6,2
陕西省2026年高考适应性检测三,12,2
陕西省商洛市洛南县初一上册数学期中考试试卷,6,2
陕西省汉中市城固县八年级下册冀教版试卷,8,2
陕西省渭南市高一期末考试卷,5,2
陕西省西安市,4,2
陕西省高一入学测试,17,2
陕西省高考古诗词积累,9,2
陵水中学,2,2
隆回县期末,5,2
随县八年级试题,28,2
随州市2026八年级期末数学,3,2
隐圆问题,12,2
隐零点,3,2
雅安2025 2026高一下数学期末卷,4,2
雅思2025真题剑桥,5,2
雅思2026真题剑桥英语,6,2
雅礼 中学,11,2
雅礼2026届高三月考试卷答案,5,2
雅礼中学2022新高一分班考,4,2
雅礼中学入学,6,2
雅礼中学高一下期末数学试题,6,2
雅礼中学高二英语月考,5,2
雅礼九年级化学期中上册,2,2
雅礼入学考高一,3,2
雅礼八上英语月考卷,3,2
雅礼教育集团,6,2
雅礼教育集团2025–2026学年八年级下期末物理试卷（含答案解析）,2,2
雅礼集团七下2026年期末试卷,3,2
集合 一轮复习,6,2
集合 测试卷,2,2
集合专项练习卷,5,2
集合专项训练,15,2
集合专题,7,2
集合专题复习,3,2
集合新定义高一,5,2
集合试卷数学,2,2
集合间的基本关系 课时练 子集 参数范围 暑假预习 子集专项训练 空集讨论 筛,4,2
集合题目,4,2
零点问题,5,2
雷州市东里初级中学,9,2
雷州市第二中学高一新生分班考试,18,2
青原区,2,2
青岛2025-2026学年度第二学期期末学业水平测试卷高一生物,7,2
青岛一模,3,2
青岛一模英语,5,2
青岛七下数学期末,5,2
青岛中考,3,2
青岛中考2026,5,2
青岛中考英语,10,2
青岛九中物理,12,2
青岛二中 高二上期末 空间向量 二面角 正方形正三角形,10,2
青岛二中分校,9,2
青岛初三一模英语2026,3,2
青岛各高中期中考试高一上原题,2,2
青岛市2025年高一选年级选科测试数学试题,8,2
青岛市2026年八下期末英语,2,2
青岛市南区英语,5,2
青岛市市北区2024-2025四年级下册数学期末,4,2
青岛版63制四上,11,2
青岛版六年级上册第一单元测试,3,2
青岛版四年级数学上册第一单元试卷,7,2
青岛第五十八中学高二上学期期中数学,2,2
青岛西海岸新区七上英语期中考试,5,2
青岛高三数学,6,2
青浦,3,2
青海中考,9,2
青海省2026年中考,4,2
青海省2026物理模拟题,4,2
青海省中考真题,7,2
青海省海东市2025 2026学年七年级下册数学期末试卷,8,2
青海省海东市乐都区2025至2026语文试卷期末,3,2
青海省蒙古族藏族自治州 联考卷,8,2
青海荆楚高级中学,6,2
青玉案元夕,4,2
青白江区,11,2
青竹湖湘一,10,2
靖江,49,2
静安,4,2
静教院,2,2
静电力,5,2
静电场及其应用 单元检测卷,17,2
静电场及其应用B卷,5,2
非对称韦达,2,2
非常海淀单元测试AB卷,13,2
非谓语作主语、宾语和表语,3,2
非连续性文本阅读,9,2
面试,6,2
韦达定理,4,2
音标 0基础 48 个音标,4,2
音标 0基础 48 个音标 PPT 带拼读练习,2,2
音频,2,2
韶关,41,2
顺义期中,7,2
顺义期末,4,2
顺德拔萃实验学校,3,2
领航高中联考,2,2
题,80,2
飘带函数,2,2
首字母填空,3,2
首师附,6,2
马尔科夫链,7,2
马鞍山中加高一月考卷,8,2
马鞍山二中,3,2
马鞍山市第二中学,2,2
马鞍山市第二中学六校联考,7,2
驻马店2024 2025高二下学期期末,4,2
驻马店2025 2026高一下册期数学题末,3,2
驻马店市2026年期末检测高一数学,3,2
驻马店市驿城区,9,2
驻马店高级中学,4,2
高 1,2,2
高 一  上学期数学四川,4,2
高 一 0 上学期 人教版 必修一数学试卷第一单元检测,6,2
高 一 上学期10月第一次月考数学,22,2
高 一 上学期中考,4,2
高 一 下 202 4 2025年期未卷数学,2,2
高 一 下 202 5 2026年期未卷,3,2
高 一 下学期物理 2025 2026的期末考试题,11,2
高 一 数学 1 0 上学期 期末复习,7,2
高 一 物理 1 0 高一下学期 期末考试卷,4,2
高 一 语 文 1 2月 2025 2026 语文试卷下学期,8,2
高 三,6,2
高 二 0 2024 2025 026 高二上学期期中 数学,11,2
高 二 0 2024 2025 026 高二上学期期中 物理,9,2
高 二 上 1 期末,4,2
高 二 物理期未试题,2,2
高 二 襄阳2025 026 高二下学期期末 地理,13,2
高 二 襄阳2025 026 高二下学期期末 英语,9,2
高 考 1 202 年 2026全国 高考,2,2
高 考 202 6高考真题,3,2
高 考 2025高考真题全国二卷,4,2
高 考 2026高考真题 山东,4,2
高 考 化学2026高考全国1卷真题,2,2
高 考 物理2026高考全国1卷真题,4,2
高 考 语文2026高考全国2卷真题,8,2
高 考卷 2026年真题卷全国II卷,2,2
高3数学试卷,25,2
高一 地理 1 必修1 2知识点汇总贵州,7,2
高一 英语,3,2
高一 语文 必备古诗词,6,2
高一 语文 知识点,6,2
高一2026数学聊城,3,2
高一一元一次不等式,5,2
高一上9月月考辽宁,2,2
高一上册,5,2
高一上册复习,4,2
高一上册第1次月考外国语,4,2
高一上前三单元试卷,11,2
高一上化学期末考试卷,16,2
高一上半学期月考卷邢台一中,10,2
高一上学期9月月考数学,13,2
高一上学期数学期末,6,2
高一上学期期中考试,16,2
高一上学期期末,18,2
高一上学期期末考试物理,9,2
高一上学期期末考试物理试卷,16,2
高一上学期物理鄄城县期中考试试卷,5,2
高一上学期第一章第二章,7,2
高一上数学函数,15,2
高一上数学第一单元北师大版强化卷,7,2
高一上期中,9,2
高一上期中物理,4,2
高一上期末化学试卷,9,2
高一上期末数学浙江,3,2
高一上期末物理必修一期末,64,2
高一上物理期末考试,3,2
高一上第一次月考数学,6,2
高一上辽南协作校2025物理,3,2
高一下 期末,13,2
高一下册期末,22,2
高一下册茂名物理试卷,5,2
高一下化学,23,2
高一下化学试卷,6,2
高一下学期期末考试,79,2
高一下学期期末考试数学,6,2
高一下学期期末考试物理,34,2
高一下学期生物期末卷子。,11,2
高一下学期生物郑州,2,2
高一下学期英语期末题,23,2
高一下数学期末,4,2
高一下期末上饶数学,7,2
高一下期末考试物理海城高中,2,2
高一下泰安语文,2,2
高一下生物期末,10,2
高一下英语期末,11,2
高一下语文期末山东,5,2
高一不等式,2,2
高一不等式单元测试人教,4,2
高一不等式练习,5,2
高一函数 专题,7,2
高一函数单调性,8,2
高一分班考浙江,2,2
高一化学人教版,11,2
高一化学化工流程,3,2
高一化学哈尔滨哈三中九月,6,2
高一化学必修一,2,2
高一化学必修一第一章,7,2
高一化学期末,12,2
高一化学期末考试,5,2
高一化学竞赛考试原卷四,12,2
高一升高二暑假英语完形填空专项训练30篇（含答案解析）,5,2
高一历史,8,2
高一句子英语翻译练习,3,2
高一地理必修一广西桂林上学期,3,2
高一地理必修二三,10,2
高一地理知识清单填空,3,2
高一基本不等式练习,8,2
高一学考2026年湖南真题卷,9,2
高一安徽英语,3,2
高一宿迁2025 2026学年第二学期期末试卷,5,2
高一年级普通高中学科素养水平监测英语,4,2
高一康德卷,6,2
高一开学,14,2
高一开学分班考试卷,2,2
高一开学考分班考试试卷北京房山,3,2
高一开学考河南南阳,10,2
高一开学考试,6,2
高一必修一,2,2
高一必修一化学,5,2
高一必修一必修二化学试卷合起来的。,5,2
高一必修一数学人教a版第一章测试卷,12,2
高一数学三角函数练习题,30,2
高一数学上学期第一次月考,2,2
高一数学上期中联盟,17,2
高一数学函数,6,2
高一数学函数概念,2,2
高一数学卷子广东,3,2
高一数学必修一人教版A集合的概念,2,2
高一数学必修一第二章,5,2
高一数学月考上学期,16,2
高一数学期中考试,2,2
高一数学期末卷子河南,7,2
高一数学期末考试卷,11,2
高一数学第1章,4,2
高一数学第1章人教版B版,8,2
高一数学第一章检测,6,2
高一数学试卷树德,7,2
高一整学期物理复习知识点,11,2
高一文言文 100篇专项训练文言文,14,2
高一新生入学分班考,22,2
高一新生入学考试,34,2
高一月考卷,9,2
高一月考数学,5,2
高一期中测试卷,16,2
高一期中考试卷,25,2
高一期末化学孝感,8,2
高一期末物理,4,2
高一期末物理房山区,2,2
高一期末芜湖市,7,2
高一期末语文试卷,4,2
高一梅州市期末,3,2
高一概率统计,2,2
高一淄博十一中数学月考,5,2
高一物理上学期期中,5,2
高一物理必修一习题,4,2
高一物理必修一第一章专题人教版,10,2
高一物理必修一速度,7,2
高一物理月考,11,2
高一物理期中考试,7,2
高一物理济宁市,8,2
高一物理百校联考,3,2
高一物理第一章,8,2
高一物理自学讲义,10,2
高一物理速度,5,2
高一生物,4,2
高一生物 必修一1第一单元,5,2
高一生物北京卷,16,2
高一生物必修 一1 必背知识,11,2
高一生物必修一,5,2
高一生物必修一期中,3,2
高一生物第一次月考,4,2
高一立体几何,6,2
高一第一次月考数学,9,2
高一第二章,11,2
高一英语上学期月考,4,2
高一英语单词表,3,2
高一英语单词默写表,4,2
高一英语必修一单词表,5,2
高一英语试卷,12,2
高一英语阅读理解20篇,7,2
高一英语阅读理解专项训练,2,2
高一语文暑假假期作业21练,2,2
高一语文月考上学期10月常州,5,2
高一语文试卷,5,2
高一贵阳期末,2,2
高三 化学,14,2
高三 开学 2026 摸底 上,5,2
高三 英语,5,2
高三9月开学考,61,2
高三一模,14,2
高三一模卷,10,2
高三一轮复习 1轮复习数学,14,2
高三一轮复习一元二次,3,2
高三一轮复习导数,3,2
高三三角函数专项练习,5,2
高三上学期,3,2
高三上学期九月份开学考试,44,2
高三上学期第一次月考,14,2
高三上开学考试卷,8,2
高三上期初考试,6,2
高三专项复习中国气候练习,4,2
高三入学考试,9,2
高三化学2026一轮复习,2,2
高三化学学科练习,7,2
高三历史,2,2
高三历史二轮通史,4,2
高三地理模拟题,10,2
高三安徽物理,2,2
高三完形填空真题,3,2
高三年级月考,8,2
高三年级期初调研检测,21,2
高三开学摸底考试,5,2
高三开学摸底考试数学,6,2
高三开学考地理天津一中,15,2
高三开学考数学,23,2
高三政治,15,2
高三政治新余,5,2
高三数学卷子,13,2
高三数学开学考试卷江苏,16,2
高三曲靖物理,2,2
高三月考,4,2
高三模拟,9,2
高三物理一轮复习,3,2
高三第一次月考嘉祥县,6,2
高三英语定语从句,10,2
高三英语期末考试卷,16,2
高三英语模拟卷,4,2
高三英语阅读理解,12,2
高三语文一模,2,2
高三调研考试,18,2
高三零模语文,2,2
高上一期中考试,2,2
高中 1必修1 人教版课本,5,2
高中 1必修1数学,6,2
高中 1必修1数学人教版,18,2
高中 历史025一轮复习全部知识清单,17,2
高中 政治025一轮复习,3,2
高中 政治一轮复习全部知识清单 七本书,4,2
高中 数学 公式大全汇总2026届,7,2
高中 物理1必修1,10,2
高中 物理1必修1重力和弹力习题,11,2
高中 生物 1 必修1,2,2
高中 英语 3500词背记版正序,10,2
高中 英语 3500词背记版高频词,3,2
高中 英语 3500词背记版高频词背记手册,7,2
高中七选五2026专项练习英语,5,2
高中二次函数,5,2
高中入学考试,31,2
高中函数专项练习,19,2
高中函数单元测试卷,14,2
高中函数图像,2,2
高中分班考试,10,2
高中化学一轮复习,6,2
高中化学元素练习,9,2
高中化学实验装置总结,4,2
高中化学常见实验仪器,5,2
高中化学方程式,4,2
高中历史必修上必修下选修一全部选择题360道,7,2
高中历史时间轴,2,2
高中历史选必一,8,2
高中地理,2,2
高中地理一轮复习,5,2
高中学业水平考试,2,2
高中山东省2026化学高考卷,3,2
高中必修一期中考试山东临沂数学,5,2
高中必修一英语词汇,5,2
高中必背单词3500,2,2
高中必背单词3500英语背默合集,2,2
高中必要条件,5,2
高中排列组合,4,2
高中政治七本书所有知识点文件,10,2
高中数列题专项训练,15,2
高中数学一轮复习,4,2
高中数学函数,5,2
高中数学函数基础题,26,2
高中数学知识点总结,6,2
高中数学竞赛,3,2
高中数学联赛,4,2
高中数学试卷,6,2
高中数学集合专项练习,4,2
高中月考,6,2
高中物理一轮力学综合题,14,2
高中物理一轮复习,7,2
高中物理专题力,4,2
高中物理力学,2,2
高中物理动态平衡,10,2
高中物理实验汇总,4,2
高中物理电学实验,6,2
高中物理竞赛,11,2
高中物理第八章,9,2
高中物理运动学专题,2,2
高中物理静电场,13,2
高中生物必修一期末试卷,6,2
高中生物必修一第一章第二章综合测试卷,6,2
高中生物必修二遗传学专题,16,2
高中病句辨析,3,2
高中英语3500词汇,3,2
高中英语人教版必修3单词,5,2
高中英语单词必修二背诵清单,4,2
高中英语单词默写,10,2
高中英语句子成分,9,2
高中英语听力,3,2
高中英语定语从句,12,2
高中英语应用文通用模板,3,2
高中英语必修一,4,2
高中英语必修一英汉互译,6,2
高中英语语法,3,2
高中解三角形,6,2
高中语文72篇必背古诗文,2,2
高中语文琵琶行理解性默写,5,2
高中语文选修上册书,3,2
高中读后续写,2,2
高中课本习题答案,2,2
高中高频词汇,6,2
高二 英语,3,2
高二2024级泸州质量监测,2,2
高二2025年物理期中考试题,2,2
高二上9月考,10,2
高二上化学月考卷子,9,2
高二上学期开学考,3,2
高二上学期数学选必一前两章练习题,2,2
高二上学期期中考试试卷,9,2
高二上学期真题精选,39,2
高二上学期第一次月考政治,10,2
高二上学期英语第一次月考,13,2
高二上学期蓉城联盟期中卷,3,2
高二上学期语文课本,5,2
高二上开学考试,18,2
高二上数学10月月考,56,2
高二上数学期末考试,3,2
高二上期末考试,4,2
高二上第一次月考数学,9,2
高二上语文期末山东,3,2
高二下 期末,34,2
高二下2025 2026年期末东城地理,4,2
高二下化学期末,2,2
高二下学期,17,2
高二下学期地理期末滨州,3,2
高二下学期期末数学,14,2
高二下学期生物期末,9,2
高二下学期英语,2,2
高二下学期英语期末,2,2
高二下数学期末,48,2
高二下数学综合卷,2,2
高二下数学综合卷县中联盟,2,2
高二下期末数学试卷,3,2
高二下气体压强,3,2
高二化学选修一第二章,3,2
高二宜宾东辰,5,2
高二年级2025 2026学年第二学期期末考试试卷茂名,11,2
高二年级普通高中学科素养水平监测（临沂高二下期末语文）,9,2
高二政治期末考试,3,2
高二数学开学考试,12,2
高二数学教材,2,2
高二数学期中,12,2
高二数学第一学期第一章试题,10,2
高二数学选必一空间向量与立体几何,5,2
高二月考,2,2
高二期中,3,2
高二期中数学,21,2
高二江苏苏州英语期末,6,2
高二物理,14,2
高二物理人教版,10,2
高二物理电场,2,2
高二物理电学，复合场,7,2
高二物理试卷,2,2
高二玉林英语期末试卷,27,2
高二生物开学,11,2
高二直线方程单元数学,8,2
高二知识点总结,4,2
高二第一次月考,9,2
高二第一次月考上学期,13,2
高二第一次月考上学期湖南数学,12,2
高二英语听力,5,2
高二英语期末考试20252026下学期 高二,6,2
高二预习,10,2
高分突破,3,2
高坪区白塔中学2025年入学分班考试试卷,5,2
高安中学,6,2
高州市第一中学,6,2
高新,15,2
高新一中高中,2,2
高新区期末,2,2
高新华育小升初开学考,4,2
高考 2026,7,2
高考 3500背诵单词2026,2,2
高考 核心词汇688背诵,5,2
高考 物理10年高考全国卷真题分类汇编,8,2
高考 生物10年真题 分类 汇编,6,2
高考 真题,4,2
高考 英语,5,2
高考 英语词汇 2026 3500词汇 背诵检测,7,2
高考 英语语法填空 100篇专项练习26年,3,2
高考1200核心高频词,3,2
高考1200核心高频词汇完整版打印,9,2
高考1卷2026,5,2
高考2026,4,2
高考2026年数学真题卷,5,2
高考2026年真题,4,2
高考2026辽宁政治卷,3,2
高考一卷,9,2
高考一卷化学,3,2
高考一模,7,2
高考一轮,10,2
高考一轮复习,3,2
高考中立体几何的向量办法,12,2
高考分类,4,2
高考卷2026,5,2
高考卷子,4,2
高考卷数学,2,2
高考历史,8,2
高考历史2026真题,4,2
高考地理2026年真题,5,2
高考地理真题分类汇编,7,2
高考复习文言实词文言虚词,4,2
高考山东俄语,6,2
高考必备60篇古诗文,9,2
高考必背古诗文,9,2
高考总复习创新设计,7,2
高考政治真题试卷,8,2
高考数学1卷,5,2
高考数学二卷2026真题,3,2
高考数学真题分类汇编,3,2
高考数学试卷10年真题,2,2
高考日语,8,2
高考模拟,17,2
高考模拟卷,23,2
高考满分作文,18,2
高考物理,11,2
高考物理一轮复习,2,2
高考物理一轮复习板块传送带,8,2
高考物理基础题,4,2
高考物理大题,2,2
高考物理真题,8,2
高考物理真题力学实验,7,2
高考生物,5,2
高考真题2021,19,2
高考真题2026语文,3,2
高考真题分类,6,2
高考真题卷,7,2
高考真题甘肃卷历史,2,2
高考真题生物,7,2
高考真题英语,2,2
高考英语 高频词 2026,18,2
高考英语2026,2,2
高考英语688高频词,10,2
高考英语一轮复习阶段性检测卷,7,2
高考英语作文句子专练,8,2
高考英语真题,4,2
高考英语语法填空,4,2
高考英语题,3,2
高考英语高频词汇,9,2
高考词汇,4,2
高考试卷2026全国一卷,16,2
高考试卷数学,2,2
高考试卷语文,2,2
高考试题,6,2
高考语文信息类文本题,6,2
高考语文文言文翻译真题,5,2
高考语文文言文翻译真题带答案,2,2
高考语文真题,4,2
高考语文试卷2026,6,2
高考语法填空真题,3,2
高考语言文字运用真题,4,2
高考调研2026届数学高考一轮复习资料全套,6,2
高考领航 2027 大一轮,5,2
高考题分类汇编,4,2
高联一试数学,3,2
鲁教版54制福山区八年级上册物理期中考试,3,2
鲁科版 2019 必修 第二册 高中 化学,9,2
鲁能巴蜀中学,6,2
鲅鱼圈二十九中八上,2,2
鸡兔同笼,9,2
鸡兔同笼 4年级,5,2
鹤壁市外国语,13,2
鹤壁市高中,31,2
鹤岗一中,6,2
鹿山国际外国语五年级小升初真题,6,2
黄埔,2,2
黄岛区,20,2
黄石2026高二期末,11,2
黄石二中高一,8,2
黄石二中高一新生分班卷,9,2
黄石市 高一下 期末统考 / 大冶一中 高一期末,7,2
黎曼杯,3,2
黑 吉 辽 蒙202 6高考真题,3,2
黑吉辽,2,2
黑吉辽蒙2026高考,9,2
黑龙江七年级下册数学人教版综合测试卷,5,2
黑龙江中考真题哈尔滨市,2,2
黑龙江九年级上学期期中,56,2
黑龙江优学计划,3,2
黑龙江佳木斯2025高二上月考,4,2
黑龙江八年级上学期期中,2,2
黑龙江大庆铁人中学,10,2
黑龙江普通高中学业水平合格,12,2
黑龙江省伊春市龙东,9,2
黑龙江省哈尔滨市南岗区2025-2026七年级下学期期末考试数学试题,3,2
黑龙江省哈尔滨市哈师大附中25级第一学期10月月考数学试卷,13,2
黑龙江省大庆市高一上铁人中学开学考,3,2
黑龙江省实验中学,4,2
黑龙江省英语合格性考,3,2
黑龙江高一下学期期末,7,2
黔东南2025~2026，8年级下册英语。,5,2
黔东南2026高二期末,8,2
黔东南州高三期末数学,4,2
黔南州2026期末,8,2
黔江区,11,2
默写 小纸条2026地理,8,2
默写清单,2,2
齐齐哈尔桃李中学,3,2
龙华区2025 2026,8,2
龙城高级中学,8,2
龙岗区统考,5,2
龙岩,2,2
龙岩二中高一分班考试卷,3,2
龙岩初级中学2024到20258上期中物理试卷,4,2
龙岩市1级校联盟2026 2026学年下学期高一期末,10,2
龙川一中,10,2
龙湖区7年级下册数学统考卷,2,2
龙湖区五年级下册语文期末考试,3,2
（分层训练）-【教育机构专用】2020-2021学年高三数学寒假辅导讲义（全国通用）,7,2
，2026高考生物2卷,9,2
，2026高考生物山西,3,2
Unit 2 Digital life 单元核心知识（背诵默写任务单）-英语沪教版五四学制八年级上册,3,1
\"南开+和平+滨海 近两届 一模二模 25题\",1,1
\"实验班提优训练\" 九年级物理全一册 人教版,2,1
#小程序://学科网/Gnm8ZlP5IKEs1qv,1,1
#小程序://学科网/gUrrgAFPuwSSUxx,1,1
'专题,7,1
(重庆名校)2025-2026学年英语综合测试卷,8,1
)三年级上册检测试卷,3,1
- 2027届高三一轮复习 函数/三角/数列 基础母题专项,2,1
- 云南省2024、2025高考二卷化学选择性考试真题 大部分往年真题免费预览、下载打印版。,3,1
- 云南省2024、2025高考化学选择性考试真题 大部分往年真题免费预览、下载打印版。,1,1
#NAME?,1,1
#NAME?,1,1
-/,1,1
-2024/2025/2026 新课标Ⅱ卷 语文 真题 答案,2,1
-ing 作宾补和状语,3,1
-ing 作宾语和表语,1,1
.,1,1
. 2024江苏南通二模：以软锰矿（MnO_2）和硫铁矿（FeS_2）制备 MnSO_4 \cdot H_2O 流程。,3,1
. 上交 新生选拔数学（微积分分级考试，高中部分）  2. 复旦大学 新生拔尖班 数学卷  3. 同济大学 强基计划数学 回忆版（只做高中题，跳过大学内容）  4. 2022?2025强基计划校测数学真题（全国）  5. 上海高校自主招生数学真题（旧自招卷）,2,1
.2024~2025 8年级下册期末考试试卷,23,1
.2026中考数学试卷浙江,8,1
.? 衡水金卷 差异明显的亚洲 地理专题卷,2,1
.高一第1次 月考,1,1
.：徐州市七年级下册,1,1
0-v-0,1,1
01几何与常用逻辑用语,6,1
021到2025年数学高考真题,3,1
021到2025年数学高考真题全国卷,2,1
025全国一卷英语,7,1
025年安徽省普通高中学业水平选择性考试生物学,6,1
025年杭州市第一学期政治高三教学质量检,6,1
026年全国一卷地理,2,1
026年内蒙古自治区中考,6,1
026年内蒙古自治区中考地理,3,1
026年内蒙古自治区地理,1,1
0270,2,1
02文言文知识清单单篇详解,2,1
03年高考数学,1,1
05不等式恒成立问题,1,1
0班,1,1
0诊,1,1
1 1000以内数的认识,1,1
1 11~20各数的认识与大小比较,1,1
1 2 三角函数计算高中,5,1
1 一元二次不等式,5,1
1 一元二次方程和它的,1,1
1 一元二次方程求根范围,2,1
1 一元二次方程的概念,3,1
1 一元二次方程计算题苏科版,3,1
1 一次函数,6,1
1 一次函数平移,1,1
1 一次函数平移取值,2,1
1 二元一次方程和它的解,9,1
1 二元一次方程应用题,3,1
1 倍的认识,5,1
1 全等三角形,1,1
1 函数的概念和表示法,2,1
1 分子动理论,1,1
1 分数乘法,5,1
1 列代数式表示数量关系,3,1
1 功,1,1
1 北京初二物理,1,1
1 北京海淀区初二下学期期末物理,2,1
1 北京海淀区初二期末物理,1,1
1 北京海淀区初二物理,1,1
1 北京的春节,1,1
1 反比例函数,1,1
1 口算乘法,3,1
1 同底数幂的乘法,1,1
1 因式分解课件,1,1
1 图形的相似,11,1
1 圆的基本概念和性质,4,1
1 圆的基本概念和性质PPT,3,1
1 圆的基本概念和性质人教版,1,1
1 声音的产生与传播,2,1
1 导数的概念及意义,5,1
1 小数加减法,1,1
1 平行四边形的性质,1,1
1 平面直角坐标系,4,1
1 投影,1,1
1 指数幂及其运算,3,1
1 数据的收集与整理,11,1
1 整式,2,1
1 文言文,1,1
1 无理数,2,1
1 有理数的加法,4,1
1 机械功,1,1
1 正数与负数,3,1
1 电流与电压、电阻的关系,1,1
1 电磁感应现象,1,1
1 等式,2,1
1 等式与方程,3,1
1 等腰三角形的性质,3,1
1 线段的比,4,1
1 解决问题,1,1
1 认识一元二次方程,2,1
1 锐角的三角函数,3,1
1 除法的初步认识,2,1
1-6乘法计算题,3,1
1. 2025-2026太原市七年级下学期期末质量监测 道法 历史 地理,1,1
1. 2025—2026学年浙江省职教高考研究联合体第一次联合考试数学试卷,1,1
1. 交变电流,1,1
1. 全国初中数学联合竞赛,8,1
1. 全国初中数学联赛,1,1
1. 全国初中数学联赛 历年真题,1,1
1. 全国初中数学联赛 浙江省历年真题,2,1
1. 初中数学竞赛 几何压轴 二试难度,1,1
1. 力 重力,1,1
1. 匀变速直线运动,4,1
1. 匀变速直线运动的三个基本推论,1,1
1. 匀变速直线运动的规律,2,1
1. 匀变速直线运动的规矩,2,1
1. 参考系 时间 质点,1,1
1. 参考系 时间 质点真题及答案,1,1
1. 口算乘法,1,1
1. 可能性,2,1
1. 圆周运动,3,1
1. 天体运动,1,1
1. 广东民办初中 新初一分班选拔数学卷,1,1
1. 时代杯九年级数学竞赛,4,1
1. 机械波的形成和传播,3,1
1. 楞次定律,1,1
1. 江苏省时代杯九年级数学竞赛,3,1
1. 电荷 电荷守恒定律,1,1
1. 简谐运动及其图像,1,1
1. 质点　参考系,3,1
1.1 一次函数,4,1
1.1 一次函数的图象与直线的方程北师大版,4,1
1.1 化学反应与能量转化,2,1
1.1 反比例函数,3,1
1.1 垂径定理,8,1
1.1 幂函数的定义与图像,1,1
1.1 平行四边形、梯形及其性质,7,1
1.1 数列的概念,4,1
1.1 直线的斜率与倾斜角 导学案 苏教版(2019)选择性必修第一册 课标要求 坡度引入,3,1
1.1 空间向量及其运算练习题,5,1
1.1 集合的概念,1,1
1.1.1 集合,1,1
1.1.1 集合的概念人教,5,1
1.1.2空间向量及其运算练习题,3,1
1.1.2空间向量练习题,2,1
1.1.3空间向量及其运算,1,1
1.1.3空间向量练习题,5,1
1.1.4空间向量练习题,1,1
1.11 有理数的混合运算,3,1
1.1有机化合物命名 练习2025,3,1
1.1有机化合物命名 练习2025 必修3,1,1
1.1（1）物质的分类课件,3,1
1.2 声速及其计算,1,1
1.2 导数及其几何意义,4,1
1.2 弧度制及其与角度制的换算,3,1
1.2 数列中的递推,2,1
1.2 数列的函数特性,8,1
1.2 有理数,5,1
1.2 矩形的判定及综合,4,1
1.2 空间向量基本定理,2,1
1.2 立方根,3,1
1.2 等差数列,5,1
1.2 菱形的判定及综合,9,1
1.2 集合的基本关系,3,1
1.2. 3全称量词和存在量词,6,1
1.2.1直线的倾斜角和斜率,2,1
1.2.1空间向量,3,1
1.2.1空间向量练习题,2,1
1.2.2空间向量练习题,1,1
1.2.3 直线的一般式方程,5,1
1.2导数的概念及其几何意义,1,1
1.2幂函数的图象与性质,1,1
1.2细胞的多样性,1,1
1.2细胞的多样性和统一性,1,1
1.2细胞的多样性和统一性（导学案),8,1
1.3 旋转的综合应用,3,1
1.3 机械能,1,1
1.3 物质的变化,1,1
1.3 等差数列前n项和的性质及其最值,2,1
1.3.1氧化还原反应的概念和规律,3,1
1.3.3 物质的量浓度,5,1
1.3.3 物质的量浓度——高一化学鲁科版（2019）必修一同步课时作业,6,1
1.3.3 物质的量浓度试卷,1,1
1.31氧化还原反应的概念和规律,1,1
1.3集合的基本运算第一课时导学案并集与交集,12,1
1.5 绝对值,2,1
1.7 有理数的加减混合运算,4,1
1.?2023-2024 南通全市八上第一次学情调研卷,2,1
1.?2024年普通高中学业水平选择性考试 陕晋宁青卷 历史,1,1
1.?2024年普通高中学业水平选择性考试（陕晋宁青卷）历史,6,1
1.?2024年普通高等学校招生全国统一考试（新课标I卷）英语（湖南用卷）,1,1
1.?2024年真题陕晋宁青卷历史,1,1
1.?2024年真题（陕晋宁青卷）历史,1,1
1.?2026人教版七年级下册英语暑假作业（山西朔州专版）,3,1
1.?2027新高考一轮 闭合电路欧姆定律 培优专项训练（江苏） ?,1,1
1.?A10联盟2026届11月联考化学,1,1
1.?A10联盟2026届高三11月联考,2,1
1.??2023 新高考新课标Ⅱ卷 数学 真题解析,2,1
1.??A10联盟 高一下 生物,2,1
1.??光电效应 波粒二象性 图像题 2026高三 黑吉辽蒙一模二模原题,3,1
1.??广东省北江中学 高一新生入学摸底考试,5,1
1.??新高考I卷 高考真题优秀作文 范文评析? ? 2.??2020-2025新高考一卷 一类文? ? 3.??高三模考高分作文 议论文? ? 4.??高考作文阅卷标杆样卷,1,1
1.??深圳中学2025-2026学年第二学期高一期末考试物理试题（含解析）,1,1
1.?【首选完整合订本】 ?英语周报 高考人教课标 必修第一册 Welcome Unit 合订本,3,1
1.?九年级数学 二次函数压轴专题,9,1
1.?二次函数区间值域（动轴定区间、定轴动区间,1,1
1.?人教版高中数学必修第二册第七章 复数 基础限时训练,6,1
1.?入门单元第1课 判断句 ～は～です ～でした,1,1
1.?八年级上册道德与法治 统编人教版 一课一练 课时练 2026最新,2,1
1.?华南师范大学附属中学（华附本部）,1,1
1.?厦门 九年级中考模拟卷,1,1
1.?山西省2026届高三上适应性测试 历史,5,1
1.?山西省大同市2024-2025学年高一下学期期末教学质量监测生物试卷 人教版必修2 图片版 ? 2.?学易金卷 高一生物下学期期末模拟卷 陕晋青宁专用 人教版必修2 原卷图片 ? 3.?2025-2026学年山西高一下生物期末仿真卷 必修二遗传与进化 含答案图片预览 ? 4.?高一生物下学期期末仿真模拟试卷01 人教版2019必修2 图片版 ? 5.?高一生物下学期期末仿真模拟试卷02 人教版2019必修2 原卷预览 ? 6.?必修二《遗传与进化》期末满分冲刺必刷卷 高一生物 图片 ? 7.?山西省高一生物必修二全册综合检测卷 人教版2019 期末综合试题,6,1
1.?数学：2027高三一轮 函数 回归课本例题变式 安徽新高考,4,1
1.?新高一重点班入学分班卷 无竞赛题,3,1
1.?樊城区2024-2025学年九年级上学期期末道德与法治试题,1,1
1.?江西省2026年普通高中学业水平选择性考试生物学真题 完整版PDF 含答案解析,1,1
1.?浙江省温州中学自主招生试卷,5,1
1.?海南省文昌市2025-2026八年级下学期期末数学统考试题,3,1
1.?荆荆襄宜四地七校2025-2026学年高一下期中联考,1,1
1.?语文 河南省新乡安阳等地2025-2026学年下学期高一期末考试 语文试题（含答案,2,1
1.?重庆市第一中,1,1
1.?重庆市第一中学校,3,1
1.?重庆市第一中学校? ?,5,1
1.?阿城区2025?2026八下期末调研数学试卷（本地，你所在区） ? 2.?南岗区2025?2026八下期末数学试卷（哈尔滨难度最高） ? 3.?道里区2025?2026八下期末数学试卷 ? 4.?道外区2025?2026八下期末数学试卷 ? 5.?香坊区2025?2026八下期末数学试卷 ? 6.?双城区2025?2026八下期末调研数学试卷   哈尔滨名校试卷（4套，期中/校测，题型贴合哈尔滨中考风格）   7.?哈尔滨17中 2025?2026八下期中数学试卷 ? 8.?虹桥中学 2025?2026八下期中数学试卷 ? 9.?德强学校2025?2026八下期末模拟数学试题 ? 10.?萧红中学2025?2026八下期中数学试卷,1,1
1.?高一物理9月月考 人教版必修一1-2章 免费,21,1
1.七下单词适当形式填空100题(单句）,5,1
1.图形的平移,5,1
"1.如图所示为运动会中的四个比赛场景，在下列研究中可将运动员视为质点的是( 甲:踢“香蕉球	乙:体操	内:百米比赛	丁:攀岩	 A.研究甲图运动员如何踢出\""香蕉球\"" B.研究乙图运动员的空中转体姿态 C.研究丙图运动员在百米比赛中的平均速度 D.研究丁图运动员通过某个攀岩支点的动作 2.宋代诗人陈与义的诗句\""飞花两岸照船红，百里榆堤半日风，卧看满天云不动，不知云与我俱东\""艺术性地表达了运动的相对性，下列理解不正确的是() A.\""卧看满天云不动\""是以小船为参考系的 B.\""云与我俱东\""是以地面为参考系的 C.不论选取谁为参考系\""百里榆堤\""总是不动的 D.即使选取不同的参考系\""榆堤\""和\""我\""的运动情况也是不相同的 3.手机给人民生活带来很多便利，某些出行软件极大地方便了某些\""迷途不知返\""的驾车一族，",2,1
1.负数的认识,4,1
10,1,1
10 有理数的混合运算,9,1
10 青山处处埋忠骨,1,1
10.2026年陕西省高考适应性检测（一）,1,1
10.?三湘名校教育联盟2025届高三第二次大联考英语,2,1
10.?广东省华南师范大学附属中学（华附）高一下学期期中数学试卷 含解析,2,1
100道化简求值,7,1
101中初二下数学月度调研,1,1
101初升高分班卷,1,1
104中学,2,1
108中学,1,1
10年分类高考真题分类汇编,14,1
10年汇编,2,1
10月份阶段性测试,1,1
10月月考双十,3,1
10月月考数学试卷,1,1
10月月考高一上,6,1
10月物理,4,1
10月辽宁高一月考,1,1
10校联考,1,1
11 三峡/郦道元,3,1
11.1.1 同底数幂的乘法  同步练习题 2025-2026学年华东师大版数学八年级上册,3,1
11.2026届广州市高三年级调研测试 一月日,3,1
113中学化九年级十月份,11,1
113中学化学,3,1
11中,1,1
11中月考,1,1
11年福建卷,1,1
11年高考数学福建卷,1,1
11月,2,1
11月大连24中期中,1,1
11月辽宁高一期中,3,1
11月辽宁高中期中,26,1
11校,1,1
11章检测卷,2,1
12 醉翁亭记/欧阳修,2,1
12.1 内能单元测试卷,1,1
12.2025-2026学年度上期重庆七校高三阶段联考 月日,3,1
12025—2026学年浙江省职教高考研究联合体第一次联合考试数学试卷,1,1
120中,1,1
120中学,8,1
120中学化学,11,1
120中学月考,1,1
120高中,1,1
120高中第一次月考卷,3,1
122,3,1
126中学 沈阳,12,1
126中学第一单元英语卷8上,8,1
12天攻克雅思听力,1,1
12月,3,1
12月辽宁高一月考,5,1
12月辽宁高中月考,1,1
13.2 人体免疫,2,1
13.3三角形的内角与外角,1,1
13.3三角形的内角与外角同步训练,10,1
13.6 串联、并联电路中电压的特点,7,1
134,4,1
134中,7,1
134中学三模2026年,1,1
134小升初摸底考,3,1
13792639210,1,1
13875452,3,1
14+1,1,1
14.1 电阻,3,1
15.2 电功率,1,1
1500高频词汇,3,1
15年新课标全国一卷,1,1
161,1,1
161中学,3,1
161中学分班,3,1
161分班,2,1
165,1,1
168,2,1
168中学,8,1
168中学合肥,2,1
17.2 电动机转动的原理,1,1
178346084124 32.pdf,2,1
17834608412432,1,1
17834608412432.pdf,3,1
17年 1卷 高考数学,1,1
18 文言文二则,1,1
18.1电功,2,1
18.4 相似多边形,3,1
1824,1,1
18793284280,1,1
18795209518,1,1
18个文言虚词,4,1
18中,5,1
18到22年高考语文古代诗歌阅读19道真题,3,1
18年南平一中自主招生,1,1
18年南平自主招生,1,1
19.1 二次函数基础,2,1
19.2函数 题型专练 原卷版,1,1
19.3函数的表示 题型专练 原卷版,2,1
19.4函数的初步应用 题型专练 原卷版,2,1
1986高考数学,1,1
1988年高考,1,1
1997年内江市中考,1,1
1998年中考数学,1,1
1999年上海高考英语,1,1
19南岗七下数学期末统考,3,1
19年全国二卷物理,3,1
19年浙江数学卷,1,1
1不等式及其基本性质,2,1
1二次函数,1,1
1二次函数区间值域（动轴定区间、定轴动区间,1,1
1人教版数学 二次函数图像和性质综合专项练习,2,1
1元二次方程,7,1
1元二次方程根与系数的关系化简,1,1
1到4章,47,1
1到4章DDCB,2,1
"1单元苏教版,八上,数学",1,1
1月考,1,1
1月辽宁高一 期末,1,1
1月辽宁高一期末,107,1
1月辽宁高中期末,25,1
1有机化合物专题大题训练,1,1
2,1,1
2 20以内的退位减法及应用,3,1
2 3 因式分解法公式法,1,1
2 一元二次方程计算题,1,1
2 乘法公式,1,1
2 二次函数压轴,7,1
2 二次根式的乘法和除法北师大,1,1
2 全等三角形人教版,3,1
2 全等三角形的判定条,1,1
2 全等三角形的判定条件,1,1
2 勾股定理的逆定理,2,1
2 十几减8、7、6,1,1
2 反比例函数的图象与性质,2,1
2 吃水不忘挖井人,1,1
2 图形的平移与旋转,1,1
2 圆周角定理,5,1
2 密度,2,1
2 平行线分线段成比例,1,1
2 平行线分线段成比例定理有逆命题吗,1,1
2 平行线及其判定,7,1
2 整式乘法,5,1
2 整式的乘法,10,1
2 整式的加减,2,1
2 概率的简单应用,3,1
2 相似三角形的判定,4,1
2 空间向量基本定理,2,1
2 花的学校,4,1
2. 交变电流的描述,7,1
2. 优立信杯九年级数学竞赛,3,1
2. 初中综合素质评价 开放简答题,2,1
2. 匀变速直线运动速度与时间的关系,1,1
2. 匀速圆周运动的向心力和向心加速度,2,1
2. 江苏省锡山高级中学（省锡中）,7,1
2. 法拉第电磁感应定律,1,1
2. 混合运算,4,1
2. 混合运算解决问题,3,1
2. 湖南师大附中理实选拔数,3,1
2.1 一元线性回归模型,7,1
2.1 二次函数y=a（x+h)?的图象和性质,3,1
2.1 二次函数y=a（x+h）+b?的图象和性质,3,1
2.1 二次函数y=a（x+h）?+k的图象和性质,5,1
2.1 全等三角形的判定人教版,1,1
2.1 全等三角形重庆,1,1
2.1 分式的乘法与除法,1,1
2.1 分式的乘法与除法练习题,3,1
2.1 反比例函数的图像,1,1
2.1 反比例函数的图象与性质,7,1
2.1 基本不等式的证明,4,1
2.1 实数,1,1
2.1 整式加减,4,1
2.1 电路和电路图,2,1
2.1 相似三角形,4,1
2.1 相似三角形的判定,1,1
2.1 空间中的点、直线与空间向量,1,1
2.1.2 基本不等式练习,1,1
2.1.3 基本不等式的应用,4,1
2.1基本不等式,7,1
2.1氧化还原反应,6,1
2.1直线的倾斜角和斜率,1,1
2.1（2）烯烃的性质,4,1
2.2 一次函数图象,2,1
2.2 一次函数图象的画法,1,1
2.2 一次函数的图象,1,1
2.2 二次函数图像与性质应用,3,1
2.2 充分条件和必要条件,4,1
2.2 反比例函数的应用,3,1
2.2 基因在亲子代间的传递,1,1
2.2 基因自由组合,2,1
2.2 实数的运算苏科版,1,1
2.2 导数与函数的极值,2,1
2.2 音调,2,1
2.2.1 有理数的乘法,5,1
2.2.2对数与指数,2,1
2.2.2对数与指数重难,1,1
2.2.3 相对原子质量 离子,3,1
2.2（1）化学选择性必修一,2,1
2.2（1）化学选择性必修一题目,4,1
2.3,1,1
2.3 二次函数图像和性质综合,1,1
2.3 二次函数图像和性质综合练习,1,1
2.3 函数的最值,1,1
2.3 因式分解法公式法,3,1
2.3 多项式与多项式相乘,2,1
2.3 平行线的性质,5,1
2.3 直线与圆题型总结,1,1
2.3.1 一元二次不等式及其解法,1,1
2.3.1.2,2,1
2.3.1.2有理数的混合运算,3,1
2.3.1.2有理数的混合运算 导学案2026,7,1
2.3三角函数的叠加及其应用,1,1
2.3保护地球家园 导学案,3,1
2.3（1）化学反应平衡,1,1
2.3（1）化学反应速率,1,1
2.3（1）化学反应速率测试题,1,1
2.3（1）化学反映平衡,1,1
2.4 均值不等式,1,1
2.4 均值不等式A版,2,1
2.4 均值不等式及其应用,5,1
2.4 均值不等式及其应用A版,1,1
2.4.4直线中的对称问题,3,1
2.4奇偶性,4,1
2.4积化和差与和差化积公式,3,1
2.6 函数的图象,1,1
2.6 直线与圆、圆与圆的位置关系,3,1
2.6 直线与圆、圆与圆的位置关系知识点,6,1
2.? 衡水金卷 差异明显的亚洲 地理专题卷,4,1
2.?A10联盟2026届4月联考化学,1,1
2.?A10联盟2026届高三4月联考,3,1
2.?Z20名校联盟2026届高三第三次学情诊断（三模）英语,2,1
2.??炎德英才 高一生物 期末,1,1
2.?安徽省芜湖市沈巷中学2024-2025学年高三期初检测 数学,1,1
2.?每日一练.pdf,1,1
2.?浙江重点高中新高一分班考试卷 初中综合+初高衔接,16,1
2.?浙江重点高中新高一分班考试卷 初中综合+初高衔接化学必修一上学期高一,4,1
2.?清华大学附属中学高一第一学期期末数学试卷 含解析,2,1
2.?高一必修二复数单元基础检测卷,9,1
2.乘法运算律,1,1
2.化简含有字母的式子,1,1
2.和差问题,2,1
2.大数的读法与写法青岛版,10,1
2.工程问题,4,1
2.质数与合数,1,1
2.鸡兔同笼问题,3,1
20,1,1
20.1一次函数 题型专练 原卷版,7,1
20.2一次函数的图像和性质 题型专练 原卷版,3,1
20.3用待定系数法确定一次函数 题型专练 原卷版,2,1
20.4一次函数的应用题型专练原卷版,6,1
20.5一次函数与二元一次方程的关系 题型专练 原卷版,4,1
2000-2005全国卷高考英语真题完整版 可打印,1,1
2000年苏州数学中考卷,1,1
2001年河南省许昌市中考,1,1
2002,4,1
2002高考数学,3,1
2003四川高考数学试卷,3,1
2003年数学全国卷,4,1
2003年高考数学真题,3,1
2003高考数学试卷,3,1
2005全国卷高考数学,1,1
2007 数学 高考,5,1
2008,1,1
2008年四川高考,1,1
2008年浦东物理竞赛初赛,2,1
2008年湖北,1,1
2008年湖北高考语文,8,1
2009-2010华坪女高高二上学期期末数学试卷,1,1
2009北京高考数学,2,1
2009天津英语高考真题,1,1
2009山东卷,4,1
2009山东青岛初中学业水平考试,1,1
2009青岛初中学业水平考试,2,1
2009高考,1,1
200~2010练案 数学 九年级 下册 ?BSD,5,1
2010年,1,1
2011云南一统英语,3,1
2011年云南高考,1,1
2011广东英语,1,1
2011高考,1,1
2012,3,1
2012年全国高考新课标一卷,1,1
2012年初中学水平考试地理,2,1
2012年吉林中考数学,2,1
2012年浙江高考数学试卷,1,1
2012年英语全国卷听力,1,1
2012年英语全国卷听力音频,1,1
2012年语文江苏卷,1,1
2012年高考语文,1,1
2013年湖北高考试题,3,1
2013年辽宁高考数学,2,1
2014,1,1
2014全国Ⅱ卷数学,1,1
2014全国Ⅱ卷文数,1,1
2014全国二卷数学,1,1
2014年6月高考真题英语,1,1
2014年哈尔滨中考数学27题,1,1
2014年宁夏中考物理卷,1,1
2014年新课标二,1,1
2014年高考新课标二,3,1
2015,1,1
2015 1卷 全国 数学,2,1
2015-2026年高考卷子数学,1,1
2015T8联考,1,1
2015年,1,1
2015年全国高考一卷语文卷,3,1
2015年包头市中考物理,2,1
2015年北京物理,3,1
2015年宁夏中考卷,1,1
2015年宁夏中考数学卷,1,1
2015年宁夏中考物理卷,2,1
2015年宁夏中考英语卷,2,1
2015年宁夏物理中考卷,2,1
2015年安徽中考试卷,2,1
2015年宣武,1,1
2015年宣武区,1,1
2015年湖北文科高考真题,1,1
2015浙江语文高考,1,1
2015物理,3,1
2015至2016学年高一数学上学期第一次月考零一,4,1
2015至2016，全国新高考一卷,1,1
2016 1 卷全国卷真题,2,1
2016全国1卷,3,1
2016全国2卷,2,1
2016天津高考化学,1,1
2016年 新课标全国Ⅱ卷,5,1
2016年全国一卷高考英语,2,1
2016年全国二卷化学,1,1
2016年宁夏中考数学卷,1,1
2016年宁夏中考物理卷,7,1
2016年宁夏中考英语卷,3,1
2016年宁夏化学中考卷,3,1
2016年安徽中考试卷,23,1
2016年普通高等学校招生全国统一考试 全国I卷,1,1
2016年高考真题,1,1
2016新课标1卷,3,1
2016河南模拟,8,1
2016，大联考,1,1
2016，浙江模拟,4,1
2017-2026年高考数学真题分类汇编,1,1
2017-2026年高考英语真题,3,1
2017上海,5,1
2017上海高考,1,1
2017全国III卷文科数学真题及解析（四川使用）,4,1
2017全国卷,1,1
2017全国生物学联赛,1,1
2017天津高考,2,1
2017山东物理,3,1
2017年 临高县六年级下学期期末考试,5,1
2017年上海黄埔一模,4,1
2017年作文,1,1
2017年全国三卷语文,5,1
2017年全国初中数学联合竞赛试题,6,1
2017年宁夏中考数学卷,1,1
2017年宁夏化学中考卷,2,1
2017年海南省临高县六年级下学期期末考试,1,1
2017年海南省新盈中心学校六年级下学期期末考试,1,1
2017年湖南怀化数学,1,1
2017年湖南怀化数学中考真题,1,1
2017年语文,1,1
2017年高考英语二,1,1
2017年黄埔一模,1,1
2017普陀二模英语,1,1
2017济南天桥区市中考,1,1
2017济南市中考,2,1
2017英语11月全国统一考试,1,1
2017英语高考一卷,1,1
2018,1,1
2018 0 全国统一高考1卷数学,2,1
2018-2022 5年高考英语作文范文,1,1
2018-2022 高考语文 古代诗歌阅读 真题汇编,1,1
2018-2022年高考语文19套卷真题古代诗歌阅读,1,1
2018-2022年高考语文真题分类汇编：古代诗歌阅读,2,1
2018一2019内江高二下期末化学,1,1
2018全国生物学联赛,1,1
2018北京高考文科数学,4,1
2018天津卷物理,1,1
2018天津英语,1,1
2018天津英语一卷,1,1
2018天津英语第一次高考,3,1
2018届湖北第一次联考，理科数学卷,3,1
2018年,2,1
2018年中考历史道法试卷,13,1
2018年伊通八下第一次月考卷数学,2,1
2018年全国三卷,1,1
2018年全国二卷数学,1,1
2018年全国语文,2,1
2018年北京卷语文,1,1
2018年北京文科数学,1,1
2018年北京英语,1,1
2018年宁夏中考数学卷,3,1
2018年宁夏中考物理卷,4,1
2018年广州数学中考,3,1
2018年道法试卷,3,1
2018江苏卷,1,1
2018江苏卷语文,1,1
2018江苏卷高考语文,7,1
2018泰州中考数学,4,1
2018高考物理,2,1
2019,1,1
2019  全国统一高考1卷数学,1,1
2019-2020学年度第二学期中心城区期末调研测试卷语文,5,1
2019中考数学,4,1
2019人教版化学选择性必修二物质结构元素周期律基础全,1,1
2019全国2卷语文,1,1
2019全国中学生生物学联赛,1,1
2019全国生物学联赛,2,1
2019北京高考,3,1
2019年人教版化学化工生产中的重要非金属元素基础卷,1,1
2019年全国一卷英语,1,1
2019年全国一卷英语陕西,2,1
2019年全国二卷数学,2,1
2019年全国高考二卷数学,1,1
2019年听力,1,1
2019年安徽中考试卷,25,1
2019年江苏高考数学,2,1
2019年江苏，数学,1,1
2019年高考听力,1,1
2019数学新课标2卷,1,1
2019江苏数学,3,1
2019浙江省温州市瑞安中学自主招生数学试卷,1,1
2019浙江高考数学,1,1
2019苏州四市统考初二上苏科数学期中考试卷,2,1
201年宁夏中考物理卷,1,1
202 1 2025全国一卷数学,1,1
202 5年江苏宿迁高考语文试卷卷,3,1
2020 1卷 数学高考 真题 全国 1 卷,3,1
2020-20217学年高中英语教材同步备课(选择性必修一),2,1
2020-2021南大奥宇高一开学语文/英语试题》等往届校内考卷，题型风格接近。,4,1
2020-2021学年高中英语同步练习教材同步备课(选择性必修一),2,1
2020-2021学年高中英语教材同步备课(选择性必修一),1,1
20205年高考全国二卷物理真题,8,1
20206年贵州省高考试卷,4,1
20206数学七下,1,1
20206数学七下期末,1,1
20206数学七下期末深圳,1,1
2020全国物理2,1,1
2020全国高考一卷英语,3,1
2020到22029年级上册数学学习型区期中试卷,1,1
2020到22029年级上册数学学西青区期中试卷,1,1
2020年中考试卷,3,1
2020年全国一卷数学试卷,1,1
2020年全国一卷英语试卷新高考一,2,1
2020年全国一卷英语试卷新高考一听力,3,1
2020年全国三卷物理,1,1
2020年全国高考二卷,5,1
2020年到2025年数学试卷高考,1,1
2020年地理全国一卷,8,1
2020年定西八年级下册期末质量检测,12,1
2020年山东中考卷,1,1
2020年山东省高考化学,2,1
2020年普通高等学校招生全国统一考试甲卷文科数学,1,1
2020年江苏省无锡市宜兴市小学五年级期末考试卷,2,1
2020年江门市蓬江区5年级下学期数学期末卷,9,1
2020年海南省中考试卷,2,1
2020年温州三模英语试卷,1,1
2020年物理高考题,2,1
2020年郑州中考一模数学卷,1,1
2020新高考1卷,5,1
2020新高考1卷山东卷,1,1
2020春季上海高考,2,1
2020春季上海高考数学,1,1
2020英语,1,1
2020英语山东卷,1,1
2020英语高考,1,1
2020课标I理全国卷数学,2,1
2020课标全国一卷,6,1
2020长沙中考数学,4,1
2021 0 1 0卷 全国1卷英语,2,1
2021 0 1 0卷 全国2卷语文高考真题,3,1
2021 7年级下册语文期末调研试题,2,1
2021 临沭7年级下册语文期末调研试题,8,1
2021 全国1卷英语,3,1
2021-2022学年江苏省高一上学期必修一集合单元测试一,59,1
2021-2022学年浙江省温州市龙湾区七年级（上）期中语文试卷,5,1
2021-2022学年湖南师大附中梅溪湖中学九上入学物理,2,1
2021-2022学年湖南省长沙市雨花区中雅培粹学校九（上）入学物理试卷,4,1
2021-2022山东省临沂市滨河高一上月考卷（10月份）附答案,1,1
2021-2025 年全国联赛 A/B 卷真题及解析? 。??百科,4,1
2021-2026新高考英语读后续写真题汇编?，,5,1
20210年全国一卷,1,1
20217年级下册语文期末调研试题,1,1
2021~2022学年汉阳区八年级下学期期中,7,1
2021中考哈尔滨数学,2,1
2021全国1卷英语,1,1
2021全国一卷,1,1
2021全国一卷数学,3,1
2021全国一卷高考真题,3,1
2021全国新高考一卷数学,4,1
2021全国新高考一卷英语,2,1
2021八省联考,14,1
2021北京西城高三一模,6,1
2021南平,8,1
2021南通市数学中考二模,1,1
2021历史八省联考,2,1
2021四川中考数学卷图片版,1,1
2021届江西省高三5月联考,3,1
2021届江西省高三5月联考南昌二中,2,1
2021届江西省高三五月,8,1
2021山东卷高考化学,2,1
2021年1月广东省普通高中学业水平合格性考试试题,1,1
2021年6月浙江,1,1
2021年7月黑龙江省普通高中学业水平合格性考试语文,2,1
2021年上海高中英语一摸,1,1
2021年上海高考语文,4,1
2021年临沂市生物中考,5,1
2021年丽水市初中生素养展示活动,10,1
2021年二卷高考真题试卷,3,1
2021年全国新高考一,6,1
2021年全国普通高等学校统一招生考试,14,1
2021年全国高考新课标一卷,1,1
2021年八省联考 辽宁,1,1
2021年八省联考数学,5,1
2021年初中毕业高中招生考试英语试卷,31,1
2021年历史高考卷,1,1
2021年广东中考数学卷,2,1
2021年普通高等学校招生全国统一考试 新高考Ⅰ卷 数学,1,1
2021年普通高等学校招生全国统一考试甲卷文科数学,11,1
2021年本溪市第12中学教育集团新生入学考试数学卷子,2,1
2021年杨浦区高三二模,5,1
2021年武陟模拟九年级英语,7,1
2021年浙江生物学考,1,1
2021年湖北省普通高中学业水平选择性考试化学,7,1
2021年湖北高考语文卷,1,1
2021年考点集训与满分备考八年级物理上册通用版,13,1
2021年高考一轮复习专题测试定心卷,11,1
2021年高考山东卷化学答案,4,1
2021年高考山东卷物理答案,1,1
2021年高考英语,3,1
2021广东中考数学,2,1
2021广东数学,4,1
2021广东汕头数学,2,1
2021广东高考地理,1,1
2021广州中考一模,1,1
2021广州中考一模语文,5,1
2021数学全国一卷,1,1
2021新高考1卷语文,3,1
2021新高考二卷数学,1,1
2021江西省,1,1
2021江西省高三五月,1,1
2021浙江六月化学学科,1,1
2021浙江六月化学选科,1,1
2021浙江高考,1,1
2021湖北化学高考卷,5,1
2021湖北省普通高中学业水平物理高考,1,1
2021湖北省物理,1,1
2021湖南物理,2,1
2021湖南物理高考,5,1
2022  云南高考英语,1,1
2022 1卷 山东高考真题,2,1
2022 1卷 数学高考真题,1,1
2022 1卷 高考湖北真题英语,1,1
2022 1卷 高考真题英语,1,1
2022 全国1 数学高考,2,1
2022 全国乙卷 文科数学 第20题,1,1
2022 年 0 1卷 全国 1 卷 1卷英语解析,2,1
2022 年 0 1卷 全国 1 高考数学,2,1
2022 年 0 2卷 全国  高考数学,1,1
2022 年 全国 1 卷 1卷英语解析,1,1
2022 年浙江,1,1
2022 年浙江生物,3,1
2022 数学高考真题,3,1
2022-2023成都市金牛区七年级期末考试英语,1,1
2022-2023福清高一上期中,7,1
2022-2023英语烟台第二学期期中,1,1
2022-2023金牛区七年级下期期末考试英语,1,1
2022-2023金牛区七年级期末考试英语,8,1
2022-2023青浦一模数学,1,1
20222023九年级上册,1,1
20222卷语文,1,1
20224至2025学年度第二学期8年级上册语文期末试卷，广东省揭阳市惠来县。,5,1
20226年临沂英语中考,1,1
2022~2023学年,2,1
2022~2023学年，共6页,1,1
2022上海,12,1
2022上海中考数学试卷,1,1
2022上海春,4,1
2022上海高考数学,1,1
2022中考 长沙,2,1
2022乙卷数学,3,1
2022二模岳阳市高三语文,4,1
2022二模岳阳高三语文,1,1
2022全国2卷数学,1,1
2022全国一卷语文,2,1
2022全国一卷语文甲,3,1
2022全国乙卷,5,1
2022全国乙卷文数20题 函数零点,3,1
2022全国新高考二卷,1,1
2022全国甲,1,1
2022北京数学,1,1
2022南通高三英语二模,2,1
2022卷语文,1,1
2022大梦杯,1,1
2022山东枣庄二模物理,2,1
2022年1月浙江,2,1
2022年1月浙江省普通高校招生,1,1
2022年1月浙江省首考英语卷,9,1
2022年1月浙江高考英语,4,1
2022年6月高考英语新一卷,8,1
2022年7月葫芦岛市普通高中学业质量监测考试高二物理,2,1
2022年中考英语甘肃临夏试题,1,1
2022年乙卷语文高考,1,1
2022年二卷,2,1
2022年全国乙卷,2,1
2022年全国乙卷数学,3,1
2022年全国二卷英语,5,1
2022年八上开原卷物理,16,1
2022年包头市中考物理一模,4,1
2022年天津高考,1,1
2022年天津高考数学,1,1
2022年天津高考数学真题,2,1
2022年安徽亳州中考试卷语文,6,1
2022年山东化学,1,1
2022年山东省高考语文试卷,1,1
2022年山大附中高一上学期12月月考物理,8,1
2022年山大附中高一上学期12月月考物理月考物理,1,1
2022年广州中考,6,1
2022年新课标初中英语1600词汇,4,1
2022年新高考1卷,7,1
2022年新高考1卷英语,1,1
2022年新高考一卷,1,1
2022年新高考二卷数学,1,1
2022年新高考二卷语文,3,1
2022年新高考辽宁物理真题,3,1
2022年普通高等学校全国统一考试新高考1卷英语,4,1
2022年普通高等学校全国统一考试新高考全国卷二,1,1
2022年普通高等学校招生全国统一考卷全国甲卷。,1,1
2022年普通高等学校招生全国统一考卷全国甲卷生物补课。,3,1
2022年普通高等学校招生全国统一考试 乙卷,1,1
2022年普通高等学校招生全国统一考试 新高考一卷,1,1
2022年普通高等学校招生全国统一考试（全国甲卷·文综地理37题节选,2,1
2022年杨浦区高三二模,4,1
2022年河北省普通高中学业水平选择性考试,5,1
2022年河北省河北省学业水平考试数学物理试卷,7,1
2022年甘肃省天水市中考英语试卷,1,1
2022年甘肃省金昌市中考化学真题试卷,3,1
2022年甲卷,1,1
2022年甲卷画眉鸟,1,1
2022年甲卷语文,4,1
2022年甲卷语文高考,2,1
2022年的语文高考试卷。,3,1
2022年福州市一检数学卷子,2,1
2022年福州市一检数学卷子答案,1,1
2022年英语真题,1,1
2022年语文高考作文,3,1
2022年雅礼16校高三第二次联考,1,1
2022年高考二卷数学,1,1
2022年高考山东化学答案,15,1
2022年高考湖南政治,8,1
2022年高考真题全国2卷 非选择题 生物,3,1
2022年高考真题全国2卷选择题 1 6题 生物,2,1
2022年高考真题全国2卷选择题（1-6题）生物,3,1
2022年高考英语真题全国2卷,2,1
2022年高考语文,1,1
2022年黑龙江高考语文卷,1,1
2022广东省学业水平考试化学,14,1
2022新课标中考1600词汇表,6,1
2022新高考1卷语文,3,1
2022新高考一卷,6,1
2022新高考一卷英语真题,1,1
2022江苏省南通市等苏北高三三模,3,1
2022河北政治,10,1
2022河北高考物理真题,4,1
2022河南中考,1,1
2022浙江,1,1
2022浙江6月高考地理,2,1
2022浙江高考数学,3,1
2022浙江高考物理,2,1
2022湖北卷政治,1,1
2022湖北卷政治高考,1,1
2022湖北荆州中学期末物理,1,1
2022物理,7,1
2022生物湖南高考,4,1
2022福建莆田市高三模拟物理,1,1
2022至2023学年广东省深圳市南山外国语学校高一上开学英语试卷,5,1
2022苏北高三三模,1,1
2022语文高考,1,1
2022雅礼16校高三第二次联考,2,1
2022高三期初调研检测青岛化学,1,1
2022高考政治答案,1,1
2022高考数学,3,1
2022高考物理,1,1
2022高考物理湖南,1,1
2022高考英语,2,1
2022高考英语卷,1,1
2022：全国乙卷（旧课标） 2023-2026：新高考全国Ⅱ卷（新课标Ⅱ卷）,1,1
2022～2023第二学期重点校联考,1,1
2023  -2024七年级数学期中考试卷,1,1
2023 0 1 1卷 数学 全国一卷,1,1
2023 0 1 1卷 语文 全国一卷,5,1
2023 1月浙江,1,1
2023 1月浙江高考物理,1,1
2023 2024学年下学期期末质量检测高二化学,2,1
2023 2024陈仓区英语人教版七年级,1,1
2023 高考英语,2,1
2023-2024 学年度第一学期九年级物理周测卷-A卷（内容：12.2-12.3 内能 热传递 物质的比热容）,1,1
2023-2024下学期烟台市芝罘七年级期末数学考卷,2,1
2023-2024学年度,1,1
2023-2024学年度七下语文,1,1
2023-2024学年度八下语文,2,1
2023-2024学年度（上）六校高三期初考试化学试题,1,1
2023-2024学年高一上学期12月月考日语试题（高2023级高一上第三学月考试日语试卷,1,1
2023-2024学年高一下学期6月联合测评,1,1
2023-2024学年黑龙江省哈尔滨一中长联合体高三（上）期末英语试卷,5,1
2023-2024广西南宁二中柳州高中高二下物理考,1,1
2023-2024新洲区九上10月月考,11,1
2023-2024福州十六中英才,1,1
2023-2024福清高一上期中,3,1
2023-2024苏州期初数学,1,1
2023-2024苏州高三期初数学,1,1
2023-2024高一上江苏扬州期中,15,1
2023-2024高一年级阶段性诊断练习,3,1
2023-2024高一年级阶段性诊断练习英语试题,7,1
2023-2024高二上物理期末考试晋江,1,1
2023-2024高二上物理期末考试泉州,1,1
2023-2025年高考全国卷的英语阅读理解cd篇,5,1
2023-2025新高考语文一二卷真题汇总」,2,1
2023T8,1,1
2023~2024七下册的南充卷。南部一中数学,1,1
2023~2024学年山东省淄博市初二月考试题数学,21,1
2023~2024学年山东省淄博市初二第1次月考试题数学,3,1
2023~2024学年度上六校高三期初考试化学试题,1,1
2023上海高三英语一模,1,1
2023东北历史高考,1,1
2023交通大学附属中学高三上期中考,2,1
2023全国乙卷,2,1
2023全国甲卷数学,2,1
2023全国高考数学,1,1
2023八下数学顺德区期末统考试卷,2,1
2023到2024唐山期末统考,1,1
2023到2024年贵阳市物理期末检测搜索贵阳市普通中学2023至2024学年度第二学期期末检测,1,1
2023到2024数学贵州省遵义市期末试卷,7,1
2023到2024烟台高一上学期期末,1,1
2023北京市东城区高三一模,4,1
2023北京市东城区高三一模英语,5,1
2023南通中考数学,1,1
2023哈三中高一期中生物,3,1
2023大连英语中考题,3,1
2023天津和平区高三一模历史选择,10,1
2023学年第一学期期中杭州地区,8,1
2023学年第一学期浙江省四校联盟联考试题,5,1
2023安徽中考化学真题,2,1
2023安徽蚌埠三模,2,1
2023届 一轮复习物理专题十一,1,1
2023山东高三金科大联考,1,1
2023山东高三金科大联考语文,5,1
2023山东高考,1,1
2023山东高考物理,2,1
2023年1月广东省普通高中学业水平合格性考试试题,3,1
2023年1月浙江选考生物学试题,2,1
2023年6月政治高考真题,12,1
2023年7月高中学业水平考试,2,1
2023年中学生能力训练（三）数学,1,1
2023年全国数学模拟,19,1
2023年全国统一招生高考一卷。,2,1
2023年北京通州物理一模,2,1
2023年天津高考卷英语,1,1
2023年山东1月高考英语听力,1,1
2023年山东省12月份合格考数学,2,1
2023年山西怀仁高三三模物理,3,1
2023年广东省韶关市中考化学一模试卷,3,1
2023年广元市化学中考,1,1
2023年广州一模,5,1
2023年徐汇一模数学,5,1
2023年数学二卷,1,1
2023年数学模拟,5,1
2023年数学高一,15,1
2023年数学高考真题新课标i卷,5,1
2023年新课标二卷语文,1,1
2023年普通高等学校招生全国统一考试语文,3,1
2023年江门市高二下学期数学期末考试,3,1
2023年河北省普通高中学业水平选择性考试,8,1
2023年浙江一月高考真题英语听力,3,1
2023年湖南益阳中考生物真题,5,1
2023年滨州市中考数学,6,1
2023年物理,1,1
2023年物理全国新课标,1,1
2023年物理全国高考新课标,1,1
2023年物理湖南省高考真题,1,1
2023年物理高考,1,1
2023年玉林高一下期末统考化学试卷,2,1
2023年玉林高一下期末统考物理试卷,7,1
2023年番禺区一模,7,1
2023年番禺区一模英语,7,1
2023年福建省普通高中学业水平选择性考试思想政治试题,1,1
2023年福建省高考考地理试卷,1,1
2023年福建省高考考地理试卷卷,1,1
2023年英语新高考一卷,1,1
2023年蒙城县9年级下册期末数学,2,1
2023年语文高考真题新课标1卷,3,1
2023年赤峰地理会考试题,4,1
2023年铁岭初三中学生能力训练（三）数学,10,1
2023年闵行一模数学,8,1
2023年闵行二模数学,1,1
2023年高考化学,1,1
2023年高考化学河北,2,1
2023年高考数学,2,1
2023年高考理综,1,1
2023年高考英语,1,1
2023年高考语文二卷,2,1
2023年高考重庆卷物理真题,2,1
2023年，四川中江期末,12,1
2023年，山东省沂水县期中考试试卷。化学,11,1
2023广东春季高考英语,1,1
2023广州高三8月份调研考试英语,1,1
2023房山区高一上学期数学期中,7,1
2023数学中考河南,1,1
2023数学乙卷,10,1
2023数学高考,1,1
2023新课标高考1卷,1,1
2023新课标高考1卷语文,2,1
2023新高考1卷,4,1
2023新高考1卷语文,1,1
2023新高考一卷英语,1,1
2023杨浦一模数学,8,1
2023武汉二调 作文 善换挡者，行稳致远,3,1
2023泸州化学高二下期末试卷,6,1
2023浦东新区高三数学一模,2,1
2023浦东高三数学一模,1,1
2023海南卷物理,1,1
2023湖南高三联考,2,1
2023湖南高考化学卷,1,1
2023物理甲乙卷高考,2,1
2023福建卷,2,1
2023福建卷高考,2,1
2023秦皇岛二模试卷,1,1
2023级成都一诊,1,1
2023级高三第二次模拟试题数学,2,1
2023至2024学年度第一学期九年级综合练习,6,1
2023至2024莆田市统考高二下学期生物学试卷,11,1
2023至2024莆田市高二下学期生物学试卷,16,1
2023苏北七市高三英语二模,17,1
2023英语听力浙江一月,1,1
2023英语广东广州一模,20,1
2023英语广东广州二模,4,1
2023葫芦岛期中语文,2,1
2023西藏b卷参考人数,1,1
2023语文,2,1
2023语文二卷,3,1
2023语文新课标二卷,1,1
2023辽宁历史高考,1,1
2023辽宁省重点高中协作体高二上期末数学,11,1
2023连云港高一下期末生物,3,1
2023青浦一模数学,9,1
2023高一上学期五校联考10月,1,1
2023高一下期末生物,1,1
2023高考,3,1
2023高考数学真题,2,1
2023高考最后一卷,2,1
2023高考海南卷生物,6,1
2023高考英语,1,1
2023高考语文,2,1
2023，1月浙江,2,1
2023＿2024，学年高一期末（下）测试）,1,1
2023＿2024，学年高一期末（下）测试）政治,13,1
2023～2024学年福州市高三年级第一次质量检测,2,1
2024    2025  2026  年普通高等学校招生全国统一考试,3,1
2024   1月首考,2,1
2024   1月首考英语,1,1
2024   浙江1月首考英语,9,1
2024 - 2025学年度连江县数学九年级第一学期期中测试卷,1,1
2024 -2025黄陂区高一数学下册期末考试,46,1
2024 0 0 1 1卷 全国数学高考,1,1
2024 0模全国英语高考,1,1
2024 10月月考 苏州,2,1
2024 10月月考 苏州 高一,1,1
2024 1卷 全国英语高考,1,1
2024 2025 01 八年级上学期期末,1,1
2024 2025 八年级上学期月考沭阳如东,2,1
2024 2025 八年级上学期沭阳如东,2,1
2024 2025八年级下册期末物理,1,1
2024 2025六年级下数学期末,1,1
2024 2025学年七年级下册数学人教版期末考前冲刺练习卷,5,1
2024 2025学年度上学期学情调研题,24,1
2024 2025学年度高二年级期末质量检测,1,1
2024 2025学年高一语文下学期期末模拟卷02,1,1
2024 2025扬州梅岭10月月考试卷八上英语,1,1
2024 2025江西省九江市八上期末物理试卷,3,1
2024 2025沈阳五校数学高二,1,1
2024 2025滨州高二下学期期末,4,1
2024 2025连云港高二第二学期期末考试,2,1
2024 2025高一滨州英语期末考试,1,1
2024 2025黄陂区高一数学下册期末考试,2,1
2024 年 0 1卷 1英语高考真题,5,1
2024 年1卷高考,3,1
2024 年1卷高考数学,1,1
2024 年数学1卷全国卷真题,1,1
2024 年普通高等学校招生全国统一考试 全国甲卷,1,1
2024 年高考数学1卷全国卷真题,2,1
2024 政治,1,1
2024 政治高考,1,1
2024 数学中考真题,6,1
2024 新高考 1卷 高考 语文,1,1
2024 甘肃省普通高中学业水平选择性考试 物理,2,1
2024 陕晋宁青 历史,1,1
2024 高考数学 1卷高考真题,1,1
2024-2025 八年级下学期化学泰山区期末考试,1,1
2024-2025 大连中山八上期末数学,14,1
2024-2025 大连八上期末数学,2,1
2024-2025 金乡县六年级下册数学期末统考,1,1
2024-2025七下道法,6,1
2024-2025上学期烟台市芝罘七年级期中数学考卷,7,1
2024-2025上海市七宝中学高三数学十月月考,3,1
2024-2025丰城九中期末考试初二年级英语学科A卷,8,1
2024-2025乌鲁木齐兵团二中新高一分班考数学,1,1
2024-2025九上河西其中测试,1,1
2024-2025九上河西其中测试天津,1,1
2024-2025保定高二期末统考,3,1
2024-2025八年级下学期期末质量检测,1,1
2024-2025化学九上月考,1,1
2024-2025北京北师大附中初一下期中语文答案,1,1
2024-2025北师大附中初一下期中语文答案,1,1
2024-2025十堰各县市一中数学期中,17,1
2024-2025十堰各县市一中数学期中何滨,4,1
2024-2025单县一中高一上册第三次段考,1,1
2024-2025单县三模中考,1,1
2024-2025单县三模中考英语,3,1
2024-2025南京市高考三模英语,1,1
2024-2025各县市一中数学期中,1,1
2024-2025唐山市高二上期末物理,2,1
2024-2025唐山市高二期末地理,1,1
2024-2025天津市和平区九年级二模,1,1
2024-2025天津物理,1,1
2024-2025天津物理九年级,1,1
2024-2025学年下学期七年级英语期末练习卷,2,1
2024-2025学年化学期末九年级上学期,2,1
2024-2025学年山西省部分学校九年级（上）期中物理试卷 ⑧由合作机提供 3,2,1
2024-2025学年度上学期期中协作体学情调研,17,1
2024-2025学年度下学期期末考试高二试卷化学,1,1
2024-2025学年度高二上学期物理期末试卷,1,1
2024-2025学年政治期末八年级上学期,1,1
2024-2025学年江西省赣州市七年级（上）第一次月考数学试卷,1,1
2024-2025学年福清市第二学期七年级校内期末质量检测数学试卷,3,1
2024-2025学年第二学期期末阶段性学习质量检测,1,1
2024-2025学年第二学期质量监测卷9年级英语仁爱版,1,1
2024-2025学年第二学期高二期末调研考试,1,1
2024-2025学年辽宁省重点中学协作校高二（下）期末化学试卷,10,1
2024-2025学年高三语文模拟试卷,2,1
2024-2025山东聊城二中高三上,5,1
2024-2025山东聊城高三上,2,1
2024-2025巨野一中高一上学期第一次月考,1,1
2024-2025巨野实验中学月考,3,1
2024-2025巨野实验中学第一次月考,1,1
2024-2025年山东省菏泽市初一数学期中考试卷,5,1
2024-2025年德州市中考英语,2,1
2024-2025年第一学期四上考试数学卷子涿州冀教,1,1
2024-2025年邯郸锦玉上学期七年级入学考试卷,3,1
2024-2025成都市成华区七年级下期末考试英语,3,1
2024-2025江苏省苏州高二上英语期中试卷,5,1
2024-2025江苏省苏州高二上语文期中试卷,1,1
2024-2025沈阳五校协作体高一上期末数学,20,1
2024-2025沈阳市苏家屯区九下 零模英语试题,14,1
2024-2025河北区七年级数学下册期末,4,1
2024-2025河西区九年级上册期中测试天津,1,1
2024-2025泉州高一下期末语文试卷,6,1
2024-2025湖北省十堰市东风高级中学开学考,7,1
2024-2025物理9调试卷,1,1
2024-2025石家庄精英中学高一英语月考卷,4,1
2024-2025石家庄精英英语期末卷,4,1
2024-2025石家庄英语期末卷,1,1
2024-2025苏锡常镇高考一模英语,1,1
2024-2025苏锡常镇高考三模英语,1,1
2024-2025萧红,2,1
2024-2025银川一中高中第二学期化学期末试卷,1,1
2024-2025陕西省汉中市高二下学期,4,1
2024-2025高一上学期物理第一次月考辽东南协作体,18,1
2024-2025高一上数学月考锦州中学,10,1
2024-2025高一下数学,2,1
2024-2025高二上物理期末考试泉州,1,1
2024.7效实中学大讲堂选拔数学试卷,1,1
20240 1全国1一卷英语卷高考,2,1
20240 1全国1一卷英语卷高考安徽,1,1
20241卷 数学 真题,1,1
20241月首考,1,1
20242025南开中学高一上月考英语,10,1
20242025南开中学高一月考英语,1,1
20242025学年第一学期学情调研测试一,3,1
20242025马鞍山市高一上物理统考,2,1
20242025马鞍山市高一语文,6,1
20242025高一下数学滨海新区,1,1
20242025高一物理期末试卷,6,1
20242025高考试卷二卷,3,1
2024z20,1,1
2024~20254川省内江市高一下学期数学,4,1
2024~2025东莞九上期中语文,14,1
2024~2025九年级上册岱岳区去期中考试时间,6,1
2024~2025化学期中高一养正中学,7,1
2024~2025学年山东省淄博市实验数学期中考试试高二,7,1
2024~2025学年山东省淄博市张店区高中生物期中考试试题高二,12,1
2024~2025学年山东菏泽四年级上学期期中数学试卷（人教版）,2,1
2024~2025学年度下学期期末考试高二试题物理,28,1
2024~2025学年度下学期高二年级物理科第二次月考试卷,14,1
2024~2025学年度第二学期大通县期末联考高一英语。,1,1
2024~2025学年福建厦门思明区厦门市定安小学六年级上学期期中数学试卷（学科素养评价）,2,1
2024~2025学年福建厦门海沧区厦门市延奎实验小学孚中央分校五年级上学期期中数学试卷（学科素养评价）,4,1
2024~2025学年贵州贵阳六年级上学期期中数学试卷（龙里县小学第一教育集团）,2,1
2024~2025年天津市红桥区生物8年级上册期中考试,4,1
2024~2025年山东五四制化学第一学期测试卷。,2,1
2024~2025年高一年级第二学期期末质量检测 生物试题,1,1
2024~2025期中数学,9,1
2024~2025贵阳期末考试卷,1,1
2024~2025贵阳期末考试卷 数学,3,1
2024~2025贵阳期末考试卷 数学  高一,1,1
2024~2025贵阳期末考试卷数学,1,1
2024~2025贵阳期末考试卷数学 高一,3,1
2024~2025贵阳统考期末考试卷数学高一,3,1
2024~2025高二上学期开学考语文生物物理化学开学考试题,3,1
2024~2026河北省中考英语试卷,2,1
2024~202雅礼中学物理第2次质量检测高一上,6,1
2024?2025学年天津市滨海新区八年级下学期期末质量检测数学试卷,3,1
2024–2025官渡区八下语文期末,1,1
2024–2025官渡区八下道法期末,3,1
2024—2025如东高一数学,1,1
2024—2025学年 重庆高三月考仿真卷、高一高二语文培优综合卷,1,1
2024—2025学年第二学期学科素养期末综合 一年级数学 北师大版,4,1
2024—2025安徽省合肥市庐阳区庐阳中学本校九上数学期中考试,2,1
2024—2025海港区七下期末生物试卷,4,1
2024一2025学年九年级数学全一册同步精导优化与设计方案（青岛版）,4,1
2024一2025资阳市商一英语,1,1
2024一2025资阳市高一英语,4,1
2024一2025邓州市期末测试卷8年级,1,1
2024七年级上册历史复习,2,1
2024七彩阳光,4,1
2024上海一模,1,1
2024上海一模英语翻译,1,1
2024东北三省四市教研联合体高考模拟,4,1
2024东莞物理三模,8,1
2024东营化学,1,1
2024东营化学期末,1,1
2024中考,3,1
2024中考物理,1,1
2024临沂高2上学期期中数学试卷,2,1
2024临沂高2上学期期末数学试卷,1,1
2024临沂高一下学期期中数学试卷,4,1
2024丹东二中高一上化学月考,2,1
2024丹东二中高一上数学月考,4,1
2024九省联考数学,18,1
2024九省联考语文,2,1
2024二中分班考,1,1
2024人教英语七年级上,17,1
2024全国1卷语文,1,1
2024全国一卷,2,1
2024全国一卷数学,1,1
2024全国一卷数学新高考,1,1
2024全国二卷语文高考,1,1
2024全国新高考一卷,3,1
2024全国甲卷英语听力,1,1
2024全国高考新课标卷政治试题,2,1
2024全国高考语文,1,1
2024到2025学年云南省楚雄州八年级下物理,1,1
2024到2025学年云南省玉溪市八年级下物理,2,1
2024到2025学年八年级第二学期学业水平考试英语试卷第中县,11,1
2024到2025学年南平市九年级上册，期末质量检测语文,1,1
2024到2025学年高一语文下学期期末模拟卷02,3,1
2024到2025学年，辽宁省金太阳高一上第一次月考数学试卷10月份,4,1
2024到2025山东省菏泽市郓城县初一数学期中考试卷,5,1
2024到2025年石家庄二中集团,1,1
2024到2025年，福建省仙游第一中学高二下学期期末检测英语,1,1
2024到2025海港区七下期末数学试卷,5,1
2024到2025海港区七下期末英语试卷,3,1
2024到2025福建省宁德高一下学期生物,2,1
2024到2025第二学期期中质量检测七年级英语枣庄市15中,3,1
2024到2025辽中7下数学卷,4,1
2024到2025高一下学期生物,1,1
2024到2025，八年级上期中证明题,3,1
2024包头二模物理理想气体等容变化p-T图像,3,1
2024化学,1,1
2024化学青岛一模,4,1
2024化学高考,3,1
2024北京丰台语文期末,3,1
2024北京丰台语文期末高中,1,1
2024北京八中校级期中,6,1
2024北京卷数学,1,1
2024北京房山三校联合高三上期中,3,1
2024北京房山三校联合高三上期中英语,3,1
2024南京中考英语,2,1
2024南京市高二上学期期中物理,2,1
2024南开中学一月考物理,5,1
2024南开区八年级下册期末物理,2,1
2024南开区八年级期末物理,2,1
2024南通四模,14,1
"2024南阳市期中质量评估高一英语,",1,1
2024县域教研,3,1
2024和平区九年级期末考试物理,1,1
2024哈尔滨市道里区三模数学,1,1
2024地理高考真题四川,3,1
2024大连二模物理,4,1
2024天津,12,1
2024天津南开区八年级期末,13,1
2024天津卷,1,1
2024天津市部分区一模物理,3,1
2024天津河西区八年级期末,2,1
2024天津高考语文,1,1
2024季然全频道课时一年级上册北师大版数学配套试卷,1,1
2024学年浙南联盟,1,1
2024学年第一学期期中杭州地区重点中学高二年级化学学科试题,1,1
2024学年第二学期温州市高一期末教学质量统一检测语文,2,1
2024学年高一下浙南联盟返校考,1,1
2024学年高一浙南联盟,3,1
2024宁德九上期末数学,4,1
2024安徽化学高考题,1,1
2024官渡区小升初毕业考,11,1
2024届南大奥宇入学考试高一,2,1
2024届江西省南昌市,2,1
2024届江西省南昌市高三零模,1,1
2024届贵州高考物理卷,1,1
2024届重庆市普通高中学业水平高三第三次联合诊断测试化学,4,1
2024山东化学高考真题,6,1
2024山东省实验中学10月高一物理,14,1
2024山东省实验中学12月月考高一上学期物理,1,1
2024山东省实验中学期中高一上学期物理,6,1
2024山东省实验中学期末高一上学期物理,2,1
2024山东省青岛市期初检测化学,9,1
2024山西英语高考卷,1,1
2024年,2,1
2024年 4月毕业班 检测质量数学,1,1
2024年 4月毕业班 检测质量数学九年级,4,1
2024年 4月毕业班 检测质量问题,2,1
2024年 到2025年去年重庆渝北区 六年级期末试题,4,1
2024年 高考 物理,3,1
2024年 高考真题 物理,1,1
2024年-2025年黑龙江省牡丹江市普通高中高一下期末考试物理卷,5,1
2024年10月高一学习质量检测物理,9,1
2024年6月技术选考,4,1
2024年6月政治高考真题,6,1
2024年7月份 黑龙江省普通高中学业水平合格性考试 英语,1,1
2024年7月普通高中学业水平合格考试黑龙江,1,1
2024年9年级下册蒙城县期末,3,1
2024年上海初三一模数学,4,1
2024年下期期中质量监测八年级试题卷,1,1
2024年东北卷,1,1
2024年中考数学山西省,4,1
2024年九省联考,5,1
2024年人教版七年级上册历史复习知识点,2,1
2024年全国一卷数学,3,1
2024年全国乙卷数学,1,1
2024年全国乙卷数学。,3,1
2024年全国乙卷数学高考卷,2,1
2024年全国二卷英语,4,1
2024年全国物理甲卷答案,5,1
2024年全国甲卷英语真题,1,1
2024年全国甲卷英语真题四川,1,1
2024年全国高考理综卷,1,1
2024年全国高考理综卷化学拆分,1,1
2024年全国高考甲卷,1,1
2024年全国高考甲卷英语,9,1
2024年兰州物理中考,1,1
2024年到2025学年度八年级第二学期语文期末试卷,8,1
2024年化学,1,1
2024年化学湖南高考,3,1
2024年四川合格考补考,6,1
2024年四川省资阳市中考化学,1,1
2024年培优小状元培优名卷(A版)6年级数学上册电子版月度综合能力评估一,1,1
2024年大学四级英语试卷,1,1
2024年天津历史高考,1,1
2024年天津高考,2,1
2024年天津高考历史真题,1,1
2024年天津高考英语,3,1
2024年威海中考物理,2,1
2024年宁波市高考一模数学,3,1
2024年安徽亳州中考试卷语文,2,1
2024年安徽省中考试卷语文,1,1
2024年安徽省普通高等学校招生选择性考试化学,1,1
2024年山东中考,1,1
2024年山东化学高考题,3,1
2024年山东卷化学高考题,1,1
2024年山东生物,1,1
2024年山东省临沂市沂水县八年级下册英语,1,1
2024年山东高考生物,1,1
2024年山西省中考物理试题,3,1
2024年广东中考数学试卷,1,1
2024年广东省初中学业水平考试数学定身就,4,1
2024年广东省普通高中学业水平合格性考试,5,1
2024年广东省普通高中学业水平选择性性考试,3,1
2024年广东省普通高中学业水平选择性考试化学高二,7,1
2024年广东省期末考化学高二,21,1
2024年广东省期统考化学高二,6,1
2024年广东省茂名市化州市小学数学升学考试卷,2,1
2024年广东省茂名市小学数学期末考试卷,1,1
2024年广州中考英语一模,1,1
2024年广西q高考物理,3,1
2024年广西普通高中学业水平选择性考试地理,4,1
2024年广西生物高中,5,1
2024年广西生物高中学业水平测试,1,1
2024年政治广东,1,1
2024年数学铜仁甲卷,1,1
2024年数学铜仁甲卷高考,2,1
2024年数学铜仁甲卷高考高中,1,1
2024年数学高中数学联赛二试,1,1
2024年数学高考真题新课标i卷,5,1
2024年数学高联二试,1,1
2024年新版七年级上册英语 Unit1、unit2、  unit3  测试卷,5,1
2024年新版七年级上册英语一到三单元测试卷。,2,1
2024年新课标全国Ⅰ卷英语高考真题,1,1
2024年日语高,1,1
2024年日语高考,2,1
2024年日语高考旧题型,6,1
2024年春季内蒙古普通高中学业水平合格性考试地理试题（扫描版，含答案）.pdf,4,1
2024年昭通市初中学业水平阶段性检测,2,1
2024年普通高中学业水平选择性考试福建卷,3,1
2024年普通高中学业水平选择性考试福建地理试题卷,1,1
2024年普通高中学业水平选择性考试（广西卷）地理试卷,1,1
2024年普通高等学校招生全国统一考试,6,1
2024年普通高等学校招生全国统一考试化学试卷,2,1
2024年普通高等学校招生全国统一考试新高考二卷,3,1
2024年普通高等学校招生全国统一考试新高考二卷语文,1,1
2024年普高等学校招生全国统一考试北京卷,1,1
2024年智乐星中考学考传奇初中生物全册山东专版,3,1
2024年曹县一模,1,1
2024年曹县一模数学,12,1
2024年榆林高二下学期期末试卷,2,1
2024年江南十校高一年级5月份阶段联考,5,1
2024年江西南昌英语高三0模,7,1
2024年江西南昌英语高三模考,1,1
2024年江西英语高三,4,1
2024年江西英语高三临摹,1,1
2024年江西英语高三模考,3,1
2024年河南高考化学,1,1
2024年泉州部分学校高二期末联考。,21,1
2024年泰安市中考英语,1,1
2024年泰安市中考题英语,2,1
2024年浙江省创新协作体7年级数学创新作业。,3,1
2024年湖南中考数学,3,1
2024年湖南物理高考试卷,1,1
2024年湖南省高考试卷,4,1
2024年物理人教版九年级。同步练习册答案。,1,1
2024年物理人教版九年级山东省同步练习册答案。,1,1
2024年物理全国一卷,1,1
2024年物理全国甲卷,1,1
2024年物理湖南省高考,1,1
2024年物理湖南省高考真题,4,1
2024年玉林高一下期末统考化学试卷,3,1
2024年玉林高一下期末统考数学试卷,2,1
2024年玉林高一期末统考化学试卷,1,1
2024年玉林高一期末统考数学试卷,17,1
2024年甘肃语文高考卷子,3,1
2024年福州市高三第1次质量检测,1,1
2024年福建高考地理试卷,1,1
2024年秋季高一入学分班考试模拟卷,1,1
2024年秋季高一入学分班考试模拟卷（徐州专用）,1,1
2024年秋季高一入学分班考试模拟卷（徐州专用）化学,6,1
2024年第一次广东省普通高中学业水平合格性考试试卷类型A地理,2,1
2024年至2025年8年级上册第二章机械运动试卷,1,1
2024年至2025年学年度第二学期期中学业水平质量监测七年级数学试题,19,1
2024年英语1卷 全国新高考1卷真题,4,1
2024年英语全国一卷,2,1
2024年英语高考二卷,4,1
2024年英语高考甲卷,4,1
2024年英语高考真题 新课标1卷,1,1
2024年蒙城县9年级下册期末数学,3,1
2024年西宁市期末调研试卷高二,2,1
2024年语文一卷,1,1
2024年语文高考卷子,3,1
2024年语文高考真题新课标i卷,2,1
2024年语文高考真题新课标一卷,2,1
2024年贵州高考（新高考二卷）,6,1
2024年资阳市中考化学,1,1
2024年重庆一中高2027届高一上期月考,1,1
2024年金山区高三数学一模,3,1
2024年铜陵市第一中学实验班招生考试,1,1
2024年长沙市中南教育集团新高一入学考试数学试卷,1,1
2024年长沙市周?南教育集团新高一入学考试数学试卷,1,1
2024年青岛中考真题,7,1
2024年高考化学,3,1
2024年高考卷历史,1,1
2024年高考卷地理,1,1
2024年高考卷英语,1,1
2024年高考卷语文,1,1
2024年高考广东历史,2,1
2024年高考数学,1,1
2024年高考数学卷,1,1
2024年高考物理,1,1
2024年高考物理辽宁,1,1
2024年高考生物,1,1
2024年高考真题化学试卷安徽省,4,1
2024年高考语文一卷,4,1
2024年高考语文全国各地模拟考作文汇编【原题+审题+立意+例文】第12辑,3,1
2024年黑龙江省学业水平测试物理,3,1
2024广东省普通高中学业水平考试化学,7,1
2024广东省普通高中学业水平考试化学高二下,3,1
2024广东省普通高中学业水平选择性考试化学高二,1,1
2024广东省普通高中学业水平选择性考试化学高二下,2,1
2024广东省高考物理试卷,1,1
2024广东高考,3,1
2024广东高考化学,1,1
2024广东高考政治,2,1
2024广东高考物理,1,1
2024广州英语中考真题,2,1
2024广西数学中考,3,1
2024广西高考真题化学,2,1
2024成都中考数学,6,1
2024扬州模拟,2,1
2024效实中学大讲堂,1,1
2024效实新高一分班考数学,13,1
2024数学新课标二卷高考真题,2,1
2024数学高考,1,1
2024新改版九上历史人教版,2,1
2024新课标 2卷语文真题原卷,1,1
2024新课标 卷语文真题原卷,1,1
2024新课标Ⅱ卷语文真题原卷,2,1
2024新课标一卷语文,1,1
2024新课标一卷语文河南,3,1
2024新课标二卷,4,1
2024新课标卷历史,2,1
2024新课标卷地理,4,1
2024新高考,1,1
2024新高考一卷全科真题PDF 无水印,2,1
2024新高考一卷英语,2,1
2024新高考二卷数学,3,1
2024新高考二卷江苏,1,1
2024春 TY中辅轮7下数学期末试卷,1,1
2024春季黄冈市九年级四月调研,7,1
2024普通高等学校招生全国统一考试数学,23,1
2024普通高等学校招生全国统二考试,4,1
2024枣庄中考,2,1
2024武汉二调,4,1
2024武汉四调,5,1
2024江南十校,2,1
2024江苏历史卷,4,1
2024江苏四市二模物理,4,1
2024江苏政治高考真题,4,1
2024江苏省数学奥林匹克竞赛,1,1
2024江苏省普通高中合格性物理考试试卷卷,1,1
2024江苏省普通高中学业水平合格性考试历史试卷,4,1
2024江苏语文中考卷,2,1
2024江西英语,1,1
2024济南一模,1,1
2024济南市高一期末,2,1
2024济南高一下学期期末物理,6,1
2024浙江1月首考英语,1,1
2024浙江二模,8,1
2024浙江北斗星盟,1,1
2024浙江北斗星盟高二英语,3,1
2024浙江英语,1,1
2024浙江高考英语,2,1
2024温州十校联考,1,1
2024湖北武汉四调,7,1
2024湖北荆州模拟,8,1
2024湖南历史高考,1,1
2024湖南师大,3,1
2024漳州初一下数学,1,1
2024物理乙卷,1,1
2024物理竞赛预赛试题及答案,4,1
2024物理高考二卷,3,1
2024玉林高一上学期期末数学,1,1
2024甲卷,6,1
2024硚口九年级物理10月联考,1,1
2024福州市高三上学期第一次质检,11,1
2024福州市高三上学期第一次质检 数学,1,1
2024福州市高三上学期第一次质量检测 数学,5,1
2024福建高三第一次质量检测,3,1
2024福建高考地理,1,1
2024福建高考物理,1,1
2024级下期期末考试生物,7,1
2024级下期期末考试生物四川,25,1
2024级安徽高一联考,8,1
2024级成都零诊,2,1
2024级数学中考,1,1
2024级泸州英语试卷,1,1
2024级绵阳市期末考试试卷数学,2,1
2024级英语学科暑假自主巩固练习一,1,1
2024级高二7月初期末质量检测,4,1
2024级高二上学期校,1,1
2024级高二上学期校日煦,1,1
2024级高二下学期期末考试,9,1
2024至2025,16,1
2024至2025 长春语文七年级上学期末考试卷子,3,1
2024至20257年级第二学期数学5月阶段性测试,1,1
2024至20258年级第一期物理9月阶段性测试,8,1
2024至2025九年级化学上册,1,1
2024至2025学年第二学期质量监测卷9年级英语仁爱版,1,1
2024至2025学年高一年级生物下学期期末模拟卷,2,1
2024至2025年 其中仁爱英语9年级上册测试卷,2,1
2024至2025年 期中仁爱英语9年级上册测试卷,2,1
2024至2025年 期中仁爱英语九年级上册测试卷,2,1
2024至2025年八年级上广西河池,5,1
2024至2025年学年第二学期五年级能力检测卷梅州,1,1
2024至2025年度高二年级第二学期期末考试英语,3,1
2024至2025英语8年级上册,8,1
2024至2025长沙市麓山国际高一第一次学情检测试卷英语,5,1
2024西城高一上数学,1,1
2024语文新高考一卷,5,1
2024贵州高考地理,1,1
2024贵州高考政治,2,1
2024资阳高二下七月数学,1,1
2024越秀,3,1
2024越秀一模,3,1
2024辽宁物理,1,1
2024辽宁物理高考二卷,5,1
2024辽宁生物一模,1,1
2024部分区一模物理,1,1
2024闵行区语文一模,3,1
2024闵行区语文一模初中,4,1
2024陕西英语高考,1,1
2024青岛一模,5,1
2024青岛二模物理,5,1
2024青岛市高三年级,2,1
2024青岛市高三年级期初,3,1
2024青岛期初检测,2,1
2024高一下化学,2,1
2024高三一模嘉定英语,1,1
2024高中河西区数学期中高一上学期,1,1
2024高二上滨州期中,3,1
2024高二上滨州期末,3,1
2024高二级泸州英语试卷,1,1
2024高考全国一卷,1,1
2024高考卷下载,3,1
2024高考广东卷政治,1,1
2024高考政治,13,1
2024高考政治卷,3,1
2024高考新课标 2卷语文,1,1
2024高考新课标卷,2,1
2024高考新课标卷理综 物理,1,1
2024高考新课标卷理综（物理）,1,1
2024高考物理,2,1
2024高考物理全国一卷,1,1
2024高考真题 物理,2,1
2024高考英语山西卷,2,1
2024高考英语新课标二卷,1,1
2024高考英语第三次模拟考试（江苏专用）,13,1
2024高考语文,1,1
2024龙岩高二上质量监测化学答案解析,2,1
2024－2025学年河南省平顶山市高一下学期期末调 研物理试题,16,1
2024～2025学年金太阳湖南高一化学,4,1
2024～2025年南阳市高二下学期物理,5,1
2024～2025河南省普通高中高一期末考试,1,1
2024～2025河南省郑州普通高中高一期末考试,2,1
2024～2025河南省郑州普通高中高一期末英语考试,3,1
2024～2025高三海口模拟考英语,4,1
2025   2026青岛高三期初检测化学,26,1
2025 - 2026学年度连江县数学九年级第一学期期中测试卷,2,1
2025 0 0 1卷 全国高考数学,2,1
2025 0 0 1卷 全国高考英语,1,1
2025 0 0 1卷 全国高考语文,1,1
2025 0 0 1卷 高考 化学,1,1
2025 0 1全国1数学真题高考,6,1
2025 0全国1一卷英语卷高考,1,1
2025 1卷 全国高考 数学,1,1
2025 1卷 数学 真题高考,1,1
2025 2026,15,1
2025 2026 01 八年级上期中,1,1
2025 2026 01 威海市文登区七年级下册期末试卷,6,1
2025 2026 0北京八年级上期中,1,1
2025 2026 北京市大兴区8年级期末物理试卷,1,1
2025 2026 北京市房山区8年级期末数学,1,1
2025 2026 广东学业水平,1,1
2025 2026 河南郑州高一下化学试卷真题,1,1
2025 2026 贵州省物理八年级下期末,3,1
2025 2026三明市高一下,8,1
2025 2026八下道法,19,1
2025 2026六年级,1,1
2025 2026六年级数学,1,1
2025 2026六年级数学杭州市余杭区,10,1
2025 2026天津二中,2,1
2025 2026天津二中高二化学,3,1
2025 2026天津二中高二第一次月考,1,1
2025 2026学年北京市平谷区八年级下期末物理试卷,1,1
2025 2026学年北京市房山区八年级下期末物理,1,1
2025 2026学年北京市朝阳区八年级下期末物理试卷,1,1
2025 2026学年度上学期随堂练习 二 八年语文,1,1
2025 2026学年度武汉市部分学校高三年级调研考试,7,1
2025 2026学年度第二学期期末检测,4,1
2025 2026学年度第二学期阶段学业能力自测 八年级物理 C,1,1
2025 2026学年度高二年级期末质量检测,5,1
2025 2026学年福州市高三年级第一次质量检测英语,2,1
2025 2026学年福建省仙游第一中学高三上学期暑期检测考试,1,1
2025 2026学年第二学期浙江省县域教研联盟高三年级模拟考试,4,1
2025 2026学年高一英语必修二 三综合测试卷,4,1
2025 2026学年高二化学单元检测卷 人教版2019选择性必修三第一层有机化合物的结构。第一章，有机化合物的结构特点和研究方法提升卷,1,1
2025 2026安徽数学一模试卷,5,1
2025 2026安徽数学中考,6,1
2025 2026年上海市华东师范大学第二附属中学高二下学期期末考试,4,1
2025 2026年上海市华东师范大学第二附属中学高二下学期期末考试生物学,1,1
2025 2026年上海市华东师范大学第二附属中学高二下学期期末考试英语,5,1
2025 2026年上海市复旦大学附属中学高二下学期期末考试英语,2,1
2025 2026年上海市高二下学期期末英语,2,1
2025 2026年上海市高二下学期期末英语   听力含音频,1,1
2025 2026年级上册江苏省镇江市句容市数学期中答案,14,1
2025 2026湛江期末高二,7,1
2025 2026福州市长乐区数学,2,1
2025 2026福州市长乐区数学期中,1,1
2025 2026第二学期,2,1
2025 2026第二学期天津市部分区高二,2,1
2025 2026第二学期天津市部分区高二英语期末考试试卷,1,1
2025 2026连云港高二第二学期期末考试,8,1
2025 2026连云港高二第二学期期末考试英语,3,1
2025 2026高一 第二学期 期末考试数学试卷,6,1
2025 2026高一数学上学期 期末试卷,2,1
2025 2026高一期末,7,1
2025 2026高一滨州数学期末考试,1,1
2025 2026高一滨州语文期末考试,2,1
2025 2026高一物理期末试卷,1,1
2025 2026高二期末考试华安一中,1,1
2025 2卷 全国高考 语文,2,1
2025 7月黑龙江普通高中学业水平,1,1
2025 T8联考,6,1
2025 T8联考湖北物理,1,1
2025 T8联考物理,1,1
2025 —2026烟台高一下学期期末卷,2,1
2025 一卷语文,1,1
2025 全国 二卷高考卷 语文,3,1
2025 全国 高考01 卷语文真题,2,1
2025 全国1卷数学真题,5,1
2025 全国二卷 英语高考真题,5,1
2025 八省联考 数学,4,1
2025 历史 全国1卷真题,3,1
2025 历史山东卷,1,1
2025 学业水平合格性考试,6,1
2025 学业水平合格性考试答题卡,7,1
2025 年 0 2卷 全国 1 卷 数学 高考,1,1
2025 年 0 2卷 全国 1 卷 数学 高考 真题,1,1
2025 年2月新阵地联盟,4,1
2025 年广东中考数学试卷,1,1
2025 年高考英语 1卷全国1卷真题,1,1
2025 新课标一卷语文,4,1
2025 武汉二调,5,1
2025 浙江 01月 英语首考,1,1
2025 辽宁省点石联盟高二第一次月考地理试题,3,1
2025 陕晋青宁 生物 高考,1,1
2025 高一 入学考,9,1
2025 高考英语 1卷全国1卷,2,1
2025- 2026学年七年级数学（人教版）下册期末考前训练题（2）,3,1
2025--2026学年度下学期期末质量测查八年级数学试题,21,1
2025--2026学年度下学期期末质量测查八年级试题,3,1
2025-2025学年自贡市高一年级下学期期末考试数学,3,1
2025-2026  山东聊城 高一下学期期末,3,1
2025-2026 九年级物理 11月月考 B卷,3,1
2025-2026 浙江 八下语文 期末 免费?，,3,1
2025-2026七年级下册数学朝阳区期末试题,1,1
2025-2026东莞市高二期末数学试卷,1,1
2025-2026九上三中化学第一次月考试卷,1,1
2025-2026九上扬州市江都区第三中学化学第一次月考试卷,2,1
2025-2026九上期中化学,1,1
2025-2026九上期中化学太原,4,1
2025-2026九上物理,3,1
2025-2026九年级上册期中考试试卷,8,1
2025-2026人大附中朝阳学校九年级月考英语,8,1
2025-2026八上古田物理期中试题,1,1
2025-2026八下期末考试卷,11,1
2025-2026八下道法,2,1
2025-2026八年级上册,1,1
2025-2026八年级上册山东济南,1,1
2025-2026八年级上册山东济南月考卷,1,1
2025-2026八年级下册历下区英语试卷,1,1
2025-2026八年级下册英语,11,1
2025-2026八年级下册英语单元自测,1,1
2025-2026八年级下册英语单元自测（湖南省卷专用）,3,1
2025-2026八年级下期末南开区天津市,1,1
2025-2026六年级下册数学数代与数人教版,62,1
2025-2026六盘水物理八年级下册期末,3,1
2025-2026南开期中数学,13,1
2025-2026友好协作体,3,1
2025-2026哈三中高一下期末化学答案,2,1
2025-2026四年级期末,1,1
2025-2026大连市育明中学高一下期末化学答案,3,1
2025-2026大连市育明高一下期末化学答案,2,1
2025-2026大连市辽附高一下期末化学答案,2,1
2025-2026天津和平八下道法,2,1
2025-2026天津和平八年级道法,6,1
2025-2026天津市部分区高二英语期末考试试卷,2,1
2025-2026天津市重点校联考,2,1
2025-2026太原第一学期期中考试,20,1
2025-2026学年 天一大联考 高一下学期期末学业质量监测 数学,1,1
2025-2026学年 天一大联考 高一下学期期末学业质量监测 语文,1,1
2025-2026学年 王朝霞 九上数学 冀教版 河北专版,1,1
2025-2026学年 皖豫名校联盟 高一下学期期末 数学,3,1
2025-2026学年七年级下学期期末（天津专用））语文,1,1
2025-2026学年七年级英语下学期期末模拟卷湖南卷人教版,13,1
2025-2026学年下学期期末教学质量检测八年级数学,10,1
2025-2026学年临沂高一学科素养监测英语试题【答题卡】,1,1
2025-2026学年九年级上册试卷完整名称（学科网直接复制搜索）   语文（人教版）   【外省13套】   1.?2025-2026学年江苏省南京市南京师范大学附属中学九年级上学期期中语文试题 2.?2025-2026学年江苏省南京市金陵中学九年级上学期期末语文试题 3.?2025-2026学年浙江省杭州市杭州第二中学九年级上学期期中语文试题 4.?2025-2026学年浙江省杭州市学军中学九年级上学期期末语文试题 5.?2025-2026学年湖北省武汉市华中师范大学第一附属中学九年级上学期期中语文试题 6.?2025-2026学年湖北省武汉市武汉第二中学九年级上学期期末语文试题 7.?2025-2026学年四川省成都市成都第七中学九年级上学期期中语文试题 8.?2025-2026学年四川省成都市石室中学九年级上学期期末语文试题 9.?2025-2026学年湖南省长沙市雅礼中学九年级上学期期中语文试题 10.?2025-2026学年湖南省长沙市长郡中学九年级上学期期末语文试题 11.?2025-2026学年广东省广州市广东实验中学九年级上学期期中语文试题 12.?2025-2026学年广东省广州市华南师范大学附属中学九年级上学期期末语文试题 13.?2025-2026学年上海市复旦大学附属中学九年级上学期综合模拟语文试题   【深圳校准3套】 14. 2025-2026学年广东省深圳市深圳中学九年级上学期期末语文试题 15. 2025-2026学年广东省深圳市宝安中学九年级上学期期末语文试题 16. 2025-2026学年广东省深圳市红岭中学九年级上学期期末语文试题   数学（北师大版）   【外省14套】   1.?2025-2026学年北京市中国人民大学附属中学九年级上学期期中数学试题 2.?2025-2026学年北京市北京第四中学九年级上学期期末数学试题 3.?2025-2026学年上海市上海交通大学附属中学九年级上学期期中数学试题 4.?2025-2026学年上海市建平中学九年级上学期期末数学试题 5.?2025-2026学年广东省广州市执信中学九年级上学期期中数学试题 6.?2025-2026学年广东省广州市广州第二中学九年级上学期期末数学试题 7.?2025-2026学年浙江省杭州市学军中学九年级上学期期中数学试题 8.?2025-2026学年浙江省宁波市镇海中学九年级上学期期末数学试题 9.?2025-2026学年江苏省南京市南京第二十九中学九年级上学期期中数学试题 10.?2025-2026学年江苏省苏州市星海中学九年级上学期期末数学试题 11.?2025-2026学年湖南省长沙市雅礼中学九年级上学期期中数学试题 12.?2025-2026学年重庆市南开中学九年级上学期期末数学试题 13.?2025-2026学年陕西省西安市高新第一中学九年级上学期期中数学试题 14.?2025-2026学年河南省郑州市郑州外国语学校九年级上学期期末数学试题   【深圳校准4套】 15. 2025-2026学年广东省深圳市深圳实验学校九年级上学期期中数学试题 16. 2025-2026学年广东省深圳市深圳高级中学九年级上学期期末数学试题 17. 2025-2026学年广东省深圳市龙岗区九年级上学期统考数学试题 18. 2025-2026学年广东省深圳市福田区九校联考九年级上学期数学试题   英语（沪教牛津版）   【外省11套】   1.?2025-2026学年江苏省南京市南京外国语学校九年级上学期期中英语试题 2.?2025-2026学年浙江省杭州市杭州外国语学校九年级上学期期末英语试题 3.?2025-2026学年广东省广州市广雅中学九年级上学期期中英语试题 4.?2025-2026学年广东省广州市广州第六中学九年级上学期期末英语试题 5.?2025-2026学年上海市建平中学九年级上学期期中英语试题 6.?2025-2026学年上海市进才中学九年级上学期期末英语试题 7.?2025-2026学年湖北省武汉市武汉外国语学校九年级上学期期中英语试题 8.?2025-2026学年四川省成都市成都外国语学校九年级上学期期末英语试题 9.?2025-2026学年天津市耀华中学九年级上学期期中英语试题 10.?2025-2026学年山东省济南市山东大学附属中学九年级上学期期末英语试题 11.?2025-2026学年福建省厦门市双十中学九年级上学期综合模拟英语试题   【深圳校准3套】 12. 2025-2026学年广东省深圳市深圳中学九年级上学期期末英语试题 13. 2025-2026学年广东省深圳市蛇口育才教育集团九年级上学期期末英语试题 14. 2025-2026学年广东省深圳市南山第二外国语学校九年级上学期期末英语试题   物理（人教版）   【外省10套】   1.?2025-2026学年北京市清华大学附属中学九年级上学期期中物理试题 2.?2025-2026学年北京市北京十一学校九年级上学期期末物理试题 3.?2025-2026学年上海市七宝中学九年级上学期期中物理试题 4.?2025-2026学年广东省广州市华南师范大学附属中学九年级上学期期末物理试题 5.?2025-2026学年广东省广州市铁一中学九年级上学期期中物理试题 6.?2025-2026学年浙江省杭州市萧山中学九年级上学期期末物理试题 7.?2025-2026学年江苏省南京市南京第一中学九年级上学期期中物理试题 8.?2025-2026学年江苏省苏州市立达中学九年级上学期期末物理试题 9.?2025-2026学年湖北省武汉市武汉第二中学九年级上学期期中物理试题 10.?2025-2026学年重庆市巴蜀中学九年级上学期期末物理试题   【深圳校准2套】 11. 2025-2026学年广东省深圳市深圳实验学校九年级上学期期末物理试题 12. 2025-2026学年广东省深圳市宝安中学九年级上学期期末物理试题   化学（人教版）   【外省10套】   1.?2025-2026学年北京市北京十一学校九年级上学期期中化学试题 2.?2025-2026学年上海市复兴高级中学九年级上学期期末化学试题 3.?2025-2026学年广东省广州市仲元中学九年级上学期期中化学试题 4.?2025-2026学年广东省广州市广州第二中学九年级上学期期末化学试题 5.?2025-2026学年浙江省杭州市杭州高级中学九年级上学期期中化学试题 6.?2025-2026学年江苏省南京市南京第二十九中学九年级上学期期末化学试题 7.?2025-2026学年四川省成都市成都第七中学九年级上学期期中化学试题 8.?2025-2026学年湖南省长沙市广益实验中学九年级上学期期末化学试题 9.?2025-2026学年山东省济南市稼轩中学九年级上学期期中化学试题 10.?2025-2026学年安徽省合肥市合肥第四十五中学九年级上学期期末化学试题   【深圳校准2套】 11. 2025-2026学年广东省深圳市深圳高级中学九年级上学期期末化学试题 12. 2025-2026学年广东省深圳市南山外国语学校九年级上学期期末化学试题   直接全选复制，粘贴进学科网搜索框即可检索。搜不到的少量试卷可以适当删减年份前缀重试。,1,1
2025-2026学年九年级第一阶段检测数学九月份月考,1,1
2025-2026学年九年级第一阶段检测数学九月份月考荆门市,3,1
2025-2026学年九年级第一阶段质量检测化学,5,1
2025-2026学年九年级第一阶段质量检测化学十月份月考,3,1
2025-2026学年人教版英语8年级下各单元核心知识点背诵默写,2,1
2025-2026学年人教版（2024）八年级英语上册知识梳理,3,1
2025-2026学年佛山市普通高中教学质量检测,1,1
2025-2026学年八年级上学期期中（天津专用））语文,10,1
2025-2026学年八年级下学期期中（天津专用））语文,2,1
2025-2026学年八年级下学期期末模拟卷,1,1
2025-2026学年八年级数学上册期末测试嘉定,1,1
2025-2026学年八年级数学上册期末测试嘉定中科院上海实验,2,1
2025-2026学年南充市高一下学期期末教学质量监测物理试卷,5,1
2025-2026学年合肥市庐阳区45中森林城八年级上学期期中英语试卷,21,1
2025-2026学年吉林省长春市净月高新技术产业开发区七年级下学期数学期末试卷,1,1
2025-2026学年吉林省长春市宽城区七年级下学期数学期末试卷,3,1
2025-2026学年吉林省长春市绿园区七年级下学期数学期末试卷,2,1
2025-2026学年四川省成都市高三下学期诊断性考试英语试卷,1,1
2025-2026学年安徽省阜阳市临泉县临化高级中学高一下学期7月期末教学质量测评数学试题? ?太和县第八中学2025-2026学年高一下期末数学试卷,2,1
2025-2026学年山东省淄博市临淄实验中学七年级上学期月考试卷,3,1
2025-2026学年岷县第一中学、第二中学、第三中学、第四中学高二下学期期末考试（语文）试卷,9,1
2025-2026学年广东省深圳中学九年级上学期期末语文试题,1,1
2025-2026学年广东省阳江市七年级下学期期末监测试卷A卷语文,3,1
2025-2026学年广元市高一下学期期末教学质量监测物理试卷,2,1
2025-2026学年度上学期期末综合能力调查,2,1
2025-2026学年度上学期期末综合能力调查高一物理,7,1
2025-2026学年度上学期期末高一英语试卷,6,1
2025-2026学年度上学期随堂练习,2,1
2025-2026学年度上学期随堂练习七年语文,5,1
2025-2026学年度上沈阳市第二十中学阶段测试高一年级物理试卷,3,1
2025-2026学年度下学期七年级期末质量检测历史试卷,5,1
2025-2026学年度下学期期末泉州高一参考试题地理A卷,3,1
2025-2026学年度下学期期末泉州高一参考试题数学A卷,1,1
2025-2026学年度下学期期末泉州高一参考试题物理A卷,3,1
2025-2026学年度下学期期末考试高一语文,2,1
2025-2026学年度下学期期末考试高二试题英语,2,1
2025-2026学年度下学期期末质量检测历史试卷,8,1
2025-2026学年度下期期末高二英语,2,1
2025-2026学年度武汉市部分学校高三年级调研考试,1,1
2025-2026学年度武汉市部分学校高中九月调研试题,1,1
2025-2026学年度第一学期七年级上册期末适应性练习历史,3,1
2025-2026学年度第一学期七年级上册期末适应性练习生物,4,1
2025-2026学年度第一学期七年级下册期中适应性练习地理,9,1
2025-2026学年度第一学期初三年级英语期中考试试卷,1,1
2025-2026学年度第一学期期中质量检测八年级数学试题,1,1
2025-2026学年度第一学期高二年级,14,1
2025-2026学年度第一学期高二年级第一次阶段性,1,1
2025-2026学年度第一学期高二年级第一次阶段性测试,16,1
2025-2026学年度第二学期七年级下册期中适应性练习地理,5,1
2025-2026学年度第二学期七年级下册期中适应性练习英语2025-2026学年度第二学期七年级下册期中适应性练习英语,3,1
2025-2026学年度第二学期七年级下册期末适应性练习道德与法治,3,1
2025-2026学年度第二学期期末四校联考高二数学(1).pdf,3,1
2025-2026学年度第二学期期末考试,44,1
2025-2026学年度第二学期期末质量检测七年级历史试卷,1,1
2025-2026学年度第二学期综合性学习评估,3,1
2025-2026学年度第二学期质量监测高二级试卷生物,1,1
2025-2026学年度第二学期高一教学质量检测英语,1,1
2025-2026学年度高2025级高一下学期6月阶段检测四川数学,2,1
2025-2026学年度高一下学期期末考试,19,1
2025-2026学年度高一年级下学期期中综合素质评价历史学科,1,1
2025-2026学年度高二上学期物理期末试卷,1,1
2025-2026学年度高二下学期期末考试牡丹江,2,1
2025-2026学年度高二下学期期末考试（化学）试题,1,1
2025-2026学年春季,3,1
2025-2026学年永泰县八年级下学期期末考语文,1,1
2025-2026学年江苏省南通市如皋中学高三（上）月考数学试卷（一）,7,1
2025-2026学年江苏省南通市如皋市九年级上第一次月考化学练习卷,6,1
2025-2026学年江苏省南通市海安实验中学高一上学期10月月考物理,1,1
2025-2026学年江西省吉安市遂川县八年级下学期英语期末检测试卷,7,1
2025-2026学年河南省信阳市平桥区第一,1,1
2025-2026学年海南省部分校高一下学期7月数学期末试卷,1,1
2025-2026学年深圳高级中学高二下学期末物理试卷,1,1
2025-2026学年温州市乐清七年级下册数学期末考试卷,3,1
2025-2026学年福九联盟高一上期中考,3,1
2025-2026学年福九联盟高一上期中考英语,3,1
2025-2026学年福建省福州市高三年级五月质量检测,1,1
2025-2026学年第一学期外国语学校学情调研,6,1
2025-2026学年第二学期浙江省精诚联盟适应性联考高三英语,2,1
2025-2026学年闵行区六年级上学期期中语文统考试卷（解析版）,8,1
2025-2026学年高一下学期期末考试英语模拟卷（二）（人教版全国通用期末仿真卷）,17,1
2025-2026学年高一下学期期末考试语文试卷,3,1
2025-2026学年高一地理暑假作业一,2,1
2025-2026学年高一政治下学期期末模拟卷,6,1
2025-2026学年高一数学上学期第一次月考01,14,1
2025-2026学年高一数学单元检测卷第一章预备知识提升,1,1
2025-2026学年高一数学单元检测卷第一章预备知识提升通关北师大,2,1
2025-2026学年高一期末复习卷（一）辽宁,3,1
2025-2026学年高一第二学期化学暑假作业（1）,5,1
2025-2026学年高三第一学期教学质量评估,17,1
2025-2026学年高中英语作文之衡水体练字 字帖.pdf,1,1
2025-2026学年高二下学期期末模拟卷,1,1
2025-2026学年高二化学下学期,1,1
2025-2026学年高二化学下学期期末模拟ABC,1,1
2025-2026学年高二年级选择性必修一物理单元检测卷,7,1
2025-2026学年高二第二学期7月期末质量检测化学试卷 山西省部分学校,1,1
2025-2026学年高二第二学期期末质量检测 日语试卷,6,1
2025-2026学末海南省澄迈县部分,4,1
2025-2026安徽省合肥市高一上学期学期期末数学,3,1
2025-2026安徽省安庆潜山七年下册数学试卷,1,1
2025-2026安徽蚌埠A层秋季高一上期中质量检测,2,1
2025-2026安徽蚌埠A层高一上期中质量检测,15,1
2025-2026安徽蚌埠二中高一上期中质量检测,17,1
2025-2026山东名校联盟高二英语,1,1
2025-2026山东省济宁市任城区2025-2026学年度第二学期期末六年级道德与法治试题答案,2,1
2025-2026山东省聊城市临清市高一下学期期末地理,1,1
2025-2026山东省聊城市临清市高二上学期期中地理,3,1
2025-2026山东省聊城市临清市高二上学期期中数学,4,1
2025-2026山大附10月月考数学,5,1
2025-2026山大附10月月考数学高一,1,1
2025-2026年河南省邓州市九年级上册期中考试政治,2,1
2025-2026年第一学期四上考试数学卷子涿州冀教,1,1
2025-2026年第二学期四下考试卷子涿州冀教,1,1
2025-2026年跨地区职业学校职教高考一轮联考,1,1
2025-2026广东省深圳市龙岗区9年级上期中物理试卷,2,1
2025-2026广东省深圳龙华区9年级上期中物理试卷,1,1
2025-2026徐州七中物理测试,3,1
2025-2026成都蓉城联盟高一上期期末考试卷物理,1,1
2025-2026数学单元检测卷 第4章 数列·能力提升,7,1
2025-2026数学单元检测卷 第5章 立体几何·能力提升,4,1
2025-2026数学单元检测卷 高二数学沪教版 空间直线与平面·能力提升,6,1
2025-2026数学单元检测卷 高二数学沪教版 空间直线与平面简单几何体·能力提升,7,1
2025-2026数学单元检测卷 高二数学沪教版 立体几何·能力提升,11,1
2025-2026枣强县初一,1,1
2025-2026枣强县新屯中心小学五年级期末,3,1
2025-2026柳州市二年级下册数学期末考试,13,1
2025-2026武汉市高三英语一模,9,1
2025-2026江苏苏州期末数学,3,1
2025-2026江苏苏州高一下期末数学,3,1
2025-2026沈阳二中高一下期末化学答案,7,1
2025-2026沈阳市134中学8上期中,10,1
2025-2026泉州市高二年期末考地理试卷,4,1
2025-2026泰山区期末,37,1
2025-2026海南中学九上期中考试数学试题,9,1
2025-2026淄博,7,1
2025-2026深圳多校联合开学考,7,1
2025-2026滑县六年级上册期末考试卷,1,1
2025-2026滑县六年级下册数学期末考试卷,8,1
2025-2026滑县六年级下册期末考试卷,3,1
2025-2026物理单元检测卷 高二物理沪教版 电·能力提升,3,1
2025-2026物理单元检测卷 高二物理沪教版 静电场·能力提升,5,1
2025-2026物理单元检测卷 高二物理沪科版 静电场·能力提升,3,1
2025-2026石家庄市高二期末检测,1,1
2025-2026福州市高三8月质量检测数学,1,1
2025-2026福州市高三一检数学,1,1
2025-2026福州市高三第一学期质量检测数学,2,1
2025-2026第二学期期末,4,1
2025-2026育明高一下期末化学答案,1,1
2025-2026苏锡常镇四市模拟,1,1
2025-2026通州区高二下历史,5,1
2025-2026重庆市长寿中学,1,1
2025-2026重庆市长寿中学高一下,1,1
2025-2026附中雨花八上物理1月错题重做试题,6,1
2025-2026高一下物理期末考试卷,16,1
2025-2026高一山西朔州期末,13,1
2025-2026高一江苏镇江期中,3,1
2025-2026高一江苏镇江期中考试,8,1
2025-2026高一河北期末,16,1
2025-2026高一浙江丽水期末,5,1
2025-2026高一浙江杭州期末,3,1
2025-2026高一湖南长沙学业考试模拟,13,1
2025-2026高三年级第一次月考数学试卷,3,1
2025-2026高二上物理期末考试泉州,1,1
2025-2026高二下学期期末模拟卷浙江,8,1
2025-2026高二数学期末汕头,1,1
2025-2026龙岗/南山/福田初一语文期末统考卷,1,1
2025-2026龙岩市新罗区九上期末考,12,1
2025-2027,1,1
2025.2026宝安区八年级下册数学期末试卷,2,1
2025.5抚顺实验八年物 理期中试卷+答案,1,1
2025/2026（下学期）七年级期末检测试卷 临泉?； ?,3,1
2025/2026（下）七年级期末检测试卷 临泉?； ?,3,1
20250 01卷 高考,1,1
20251卷英语,1,1
20252026八下生物，河南省信阳市罗山县,3,1
20252026学年北京市丰台区八年级下期末物理试卷,1,1
20252026学年北京市平谷区八年级下期末物理试卷,1,1
20252026学年北京市朝阳区八年级下期末物理试卷,1,1
20252026学年度第二学期高一期末检测卷,2,1
20252026学年度第二学期高一期末检测卷学易金卷,1,1
20252026学年度高一期末检测卷学易金卷,6,1
20252026学年度高二下学期期末考前练,3,1
20252026学年第二学期高一年级综合练习,7,1
20252026年山东省临沂市高三上期中英语,1,1
20252026年山东省济宁市兖州区高三上期中地理试卷,2,1
20252026年山东省淄博七中高三上期中政治试卷,5,1
20252026年山东省聊城市颐中外国语学校高三上期中学,1,1
20252026第二学期期末学业质量监测试卷,12,1
20252026第二学期期末学业质量监测试卷数学,3,1
20252026高一物理期末试卷,2,1
20257上抚顺市新抚区数学卷,3,1
2025T8联考,1,1
2025csp j,1,1
2025~2026 四川省双流中学高二025级高一下学期期末考试,3,1
2025~20268 年级下学期苏州相城区语文,7,1
2025~20268年级上册英语 月考试卷邳州市,4,1
2025~20269年级物理上学期期中考试卷,1,1
2025~20269年级物理上学期期中考试卷河北省,1,1
2025~20269年级物理上学期期中考试卷河北省石家庄市,1,1
2025~2026七年级下册南昌市统考期末试卷,1,1
2025~2026七年级下册南昌市统考期末试卷语,1,1
2025~2026七年级下册南昌市统考期末试卷语文,2,1
2025~2026东莞九上期中语文,7,1
2025~2026东莞八上期末数学,15,1
2025~2026东莞八吓期末数学,1,1
2025~2026九上数学,7,1
2025~2026九上数学第二单元,1,1
2025~2026云南大理州,1,1
2025~2026佛山高一期末统考,4,1
2025~2026南昌市同考七年级下册期末语文试卷,1,1
2025~2026南昌市气象期末统考语文试卷,2,1
2025~2026姜堰地区的英语试卷七下。,1,1
2025~2026学年七年级上册数学单元检测第1章有理数基础通关,12,1
2025~2026学年七年级下学期期末模拟卷贵州专用,2,1
2025~2026学年七年级下学期期末模拟卷贵州专用英语,29,1
2025~2026学年七年级下学期期末模拟卷（贵州专用）,17,1
2025~2026学年三明市初中毕业班第2次教学质量监测英语,3,1
2025~2026学年下学期第一次月考,1,1
2025~2026学年下学期第一次月考英语,1,1
2025~2026学年下学期第一次月考高一英语,12,1
2025~2026学年下期期末考试八年级物理试卷题郑州市,3,1
2025~2026学年八年级上册物理单元检测卷第3章，光的折射 透镜,4,1
2025~2026学年呼叫牛津版9年级英语上册Unit1~8单元单词表,9,1
2025~2026学年四川省成都市青羊区八年级下期末物理试卷,2,1
2025~2026学年外研版八年级下册英语单词复习过关,2,1
2025~2026学年山西省名校联盟高三第一次质量检测卷地理,2,1
2025~2026学年广西南宁市第三中学大学区8年级下,3,1
2025~2026学年度七校协作题期初高三联考化学试题,3,1
2025~2026学年度八年级下学启东期期末学业质量检测试卷英语如皋,1,1
2025~2026学年度八年级下学如东期期末学业质量检测试卷英语如皋,1,1
2025~2026学年度八年级下学期如东期末学业质量检测试卷英语如皋,2,1
2025~2026学年度海口市 语文科八年级检测卷,4,1
2025~2026学年度海口市 语文科八年级第二学期期末检测卷,5,1
2025~2026学年度海口市 语文科八年级第二学期检测卷,1,1
2025~2026学年度第二学期阶段性学业能力自测,1,1
2025~2026学年度高一教学质量检测物理山东省枣庄市,2,1
2025~2026学年扬州中学高一英语阶段检测。,2,1
2025~2026学年江西省南昌市高一上学期第一次月考测试卷,16,1
2025~2026学年福建卷期末测试卷 8年级下学期仁爱科普版,1,1
2025~2026学年第一学期八年级阶段性练习,11,1
2025~2026学年第一学期期末质量检测 八年级数学试题,1,1
2025~2026学年第二学期安康市数学,2,1
2025~2026学年第二学期山西省晋中市高一年级期末考试测试题,3,1
2025~2026学年第二学期福州市九年级质量抽测英语,1,1
2025~2026学年重庆市潼南区八年级下期末语文试卷答案,3,1
2025~2026学年高一上学期生物单元检测卷,1,1
2025~2026学年高一质量检测地理试卷,1,1
2025~2026学年高三第六次联考（月考）试卷,1,1
2025~2026学年高三第六次联考（月考）试卷物理,2,1
2025~2026学年高二年级期末质量抽测英语茂名卷,13,1
2025~2026学度第一学期九年级第一阶段测验,1,1
2025~2026学鼎尖名校大联考高二日语,12,1
2025~2026宁德市英语七下。,1,1
2025~2026宁德市英语八下。,1,1
2025~2026届新高考数学二轮专题：《平面向量数量积的最值与范围问题》培优讲义,3,1
2025~2026年。初三化学。第一学期测试卷。,4,1
2025~2026年。初三化学山东青岛。青岛。第一学期测试卷。,5,1
2025~2026年下6年级下册数学,1,1
2025~2026年仁寿县7年级上册数学期末质量监测,4,1
2025~2026年仁寿县7年级上册语文期末质量监测,2,1
2025~2026年内蒙古高二下学期包头联考政治卷,5,1
2025~2026年初中学业质量检测数学 济南市,2,1
2025~2026年山西省太原市物理期末考试真题,24,1
2025~2026年度学科素养综合评价,3,1
2025~2026年济南历下区八年级第二学期期末考试数学,6,1
2025~2026年济南历城区七年级第二学期期末考试数学,1,1
2025~2026年济南历城区八年级第二学期期末考试数学,1,1
2025~2026年辽宁省营口市鲅鱼圈区6年级下册期末质量检测小升初数学试卷,1,1
2025~2026年高一上册第1次月考数学试卷,8,1
2025~2026年高一第一学期第1次月考数学试卷,10,1
2025~2026广东汕尾数学八下第二学期物理期末考,3,1
2025~2026广东汕尾第二学期物理期末考,1,1
2025~2026广东省汕尾九上第一学期历史,4,1
2025~2026成都七中高三半期考试,1,1
2025~2026成都七中高三半期考试英语,3,1
2025~2026浦城数学九年级第1次质量检测,1,1
2025~2026深圳外国语九年级上册数学期中,9,1
2025~2026深圳实验学校九年级数学期中,3,1
2025~2026深圳育才九年级上册数学期中,4,1
2025~2026漳州市玉兰学校九年级上册化学期中试卷,4,1
2025~2026福州7下数学九校联考,1,1
2025~2026金华10校高一数学期末卷。,1,1
2025~2026，吉林省四平市双辽市上学期8年级期末数学试题,6,1
2025~22026年化学第一次月考安徽蚌埠,4,1
2025?2026学年武汉市东湖高新区六年级下学期学业质量监测数学试卷及参考答案,3,1
2025–2026 高二上期末统考真题,2,1
2025–2026学年（高一下学期·7月期末）阜阳 数理化生试卷说明   核心前提   阜阳市没有全市统一高一期末统考卷，实行县域单独命题、各校自主命题。网上能检索到的真题均为重点中学/县域校考卷（临化高中、临泉田家炳实验中学、太和八中、颍上一中）。 ? 适用教材：人教A版数学、人教版物理/化学/生物   现有可检索真题清单（2025–2026下期末）   1. 数学   1.?临泉临化高级中学 2025-2026高一下期末数学（完整试题+答案） 2.?太和八中 高一下期末数学试卷（解析版）   2. 物理   1.?临泉临化高级中学 7月期末物理试题 2.?临泉田家炳实验中学 高一下期末物理   3. 化学   1.?临泉田家炳实验中学 高一下期末化学（含答案）   4. 生物   ?? 公开网络暂未放出阜阳本地2026年7月高一期末生物完整真题，只有期中、月考卷。   获取方式（搜索关键词，直接复制去学科网/教习网）   1.?数学 ?2025-2026学年安徽省阜阳市临泉县临化高级中学高一下学期7月期末教学质量测评数学试题? ?太和县第八中学2025-2026学年高一下期末数学试卷? 2.?物理 ?阜阳市临泉县临化高级中学2025-2026学年高一下学期7月期末物理试题? 3.?化学 ?安徽阜阳市临泉田家炳实验中学2025-2026学年高一下学期7月期末考试化学试卷? 4.?生物 本地期末真题稀缺，推荐两套安徽省同难度高一下期末生物模拟卷适配阜阳考纲。   方案选择   方案A：你想要【临化高中】一套完整4科（数+物+化），我先放出试卷前几道选择题预览； 方案B：如果你不是临泉学校，告诉我你的学校（阜阳一中/太和中学/颍上一中/阜南/界首），我匹配对应考卷； 方案C：直接给你阜阳考纲适配的4套仿真期末卷（数物化生）带答案，用来刷题。   你选择哪一个？,1,1
2025–2026官渡区八下语文期末,2,1
2025–2026无锡锡山 高二上期末统考真题,3,1
2025—2026 广东学业水平,2,1
2025—2026全国九省联考,1,1
2025—2026全国九省联考英语,1,1
2025—2026北京市中考数学试卷,5,1
2025—2026学年下学期高二年级期末模拟原卷版,5,1
2025—2026学年度上学期随堂练习（二） 八年语文,12,1
2025—2026学年度第一学期期末教学质量评估七年级英语试题（冀教版）,5,1
2025—2026学年度高二开学考试数学试题,1,1
2025—2026学年度高二开学考试数学试题山东,2,1
2025—2026学年第二学期期末考试,24,1
2025—2026广东省佛山市顺德区供题训练,3,1
2025—2026海港区七下期末数学试卷,2,1
2025—2026海港区七下期末试卷,6,1
2025—2026海港区九上期末化学试卷,1,1
2025—2026海港区九上期末数学试卷,1,1
2025—2026海港区九上期末试卷,3,1
2025—2026海港区九下期末化学试卷,2,1
2025—2026海港区八下期末历史试卷,2,1
2025—2026海港区八下期末数学试卷,2,1
2025—2026海港区八下期末物理试卷,5,1
2025—2026海港区八下期末英语试卷,2,1
2025—2026牟平八年级下学期期末考试题,3,1
2025—2026牟平八年级下学期期末考试题数学,4,1
2025——2026学年第二学期初中阶段性质量检测七年级英语试题,1,1
2025——2026济南市历下区物理九年级上册期中试卷,3,1
2025∽2026年七年级下学期数学试卷,1,1
2025一2026,10,1
2025一2026中考历史四川巴中,8,1
2025一2026五年级下册测式卷,1,1
2025一2026内江,46,1
2025一2026内江高二下期末化学,3,1
2025一2026厦门实验数学高一月考,7,1
2025一2026薛城区上高二期未化学,6,1
2025一模,1,1
2025一模数学大庆,2,1
2025一轮复习考试卷内江,3,1
2025七年级英语音频,1,1
2025上好课年高考英语一轮复习25,1,1
2025上海市中考,4,1
2025上海普陀高三英语一模,2,1
2025上海长宁高三语文一模,1,1
2025下学年高二生物,4,1
2025东北三省一区高三联考。物理,1,1
2025东北师大附中数学月考,1,1
2025东北师大附中高一数学,1,1
2025东营二模,3,1
2025中考,4,1
2025中考卷新疆,1,1
2025中考历史真题,1,1
2025中考数学真题临沂莒南,4,1
2025中考英语真题临沂莒南,2,1
2025丰县高二上学期数学月考试卷,1,1
2025丰县高二上学期月考试卷,2,1
2025临沂三模政治,3,1
2025临沂二模生物,9,1
2025临沂高一下学期期中数学试卷,2,1
2025临沂高二学期期末数学试卷,4,1
2025丹东二中高一上数学月考,6,1
2025丹东二中高一下物理期中,8,1
2025丹东二中高一下物理期末,8,1
2025丽水高一数学试卷,4,1
2025丽江市生物中考,1,1
2025乌鲁木齐中考化学,1,1
2025乌鲁木齐实验学校数学期中卷,3,1
2025乌鲁木齐市一中中考化学,1,1
2025九年级上月考物理,1,1
2025九省联考英语,4,1
2025二卷高考英语,4,1
2025云南地理高考卷,5,1
2025云南物理竞赛预赛,1,1
2025云南高考化学,1,1
2025五上期末,1,1
2025人大附中新高一分班考/语文，2025最新真题带详细步骤解析，理科物化真题资源完整,1,1
2025人大附中高一,3,1
2025人教版物理八年级上册半期试卷难度偏难,3,1
2025优+全能大考卷五上北师大数学,11,1
2025保定高二期末统考,1,1
2025入学测试卷高一,1,1
2025入学测试卷高一上,1,1
2025全国 2卷,1,1
2025全国 一模,2,1
2025全国1卷英语,1,1
2025全国2,1,1
2025全国2卷数学新疆,4,1
2025全国2卷物理,2,1
2025全国一卷数学,2,1
2025全国一卷英语,1,1
2025全国一卷英语浙江,4,1
2025全国二卷数学,3,1
2025全国二卷生物高考真题,1,1
2025全国二卷英语,1,1
2025全国卷数学1卷,2,1
2025全国卷语文,1,1
2025全国数学高考1卷,1,1
2025八上物理期中四川,25,1
2025八上硚口语文期末试卷,9,1
2025八年级（上）学科期末摸拟检测,1,1
2025八省联考英语,2,1
2025八省联考语文,1,1
2025兰江中学新生综合素养评价英语试卷,10,1
2025内江市生物中考,3,1
2025内蒙古自治区语文考试中考,2,1
2025初二上册,1,1
2025到2026,32,1
2025到20267年级下册期末语文南昌市中考试卷,4,1
2025到2026七年级上册英语单元测试天津卷专用第二单元培优卷,14,1
2025到2026东莞市期末考试七年级下册数学,1,1
2025到2026初一月考,3,1
2025到2026哈尔滨第三中学,1,1
2025到2026哈尔滨高二下六校联盟,1,1
2025到2026学年七年级下学期数学定期模拟练习试卷,34,1
2025到2026学年下学期七年级武汉市江汉区期末考试,14,1
2025到2026学年下学期六年级武汉市江汉区数学期末考试,27,1
2025到2026学年下学期六年级武汉市江汉区期末考试,5,1
2025到2026学年八年级上册开学考试卷,29,1
2025到2026学年八年级上册开学考试卷作文是my school trip,8,1
2025到2026学年八年级上册开学考试卷，听力第一题是有关于Peter的,5,1
2025到2026学年学年级上册开学考试卷,5,1
2025到2026学年山东省济南市天桥区八年级下期末物理试卷,1,1
2025到2026学年度九年级上册语文期末学情调研测评卷联合体,12,1
2025到2026学年度八年级第二学期数学期末试卷,5,1
2025到2026学年度第一学期期末学情调研卷一,1,1
2025到2026学年度辽宁省沈阳市第二中学期末,2,1
2025到2026学年度高三年级第一学期教学质量调研二化学试卷,7,1
2025到2026学年度高二下学期期末考试化学鞍山我,3,1
2025到2026学年浙江省绍兴市高一下期末英语试卷,3,1
2025到2026学年福建省仙游第一中学高三上学期暑期检测考试,2,1
2025到2026学年第一学期九年级校内期中质量检测化学试卷,1,1
2025到2026学年第二学期期中检测八年级物理试卷,2,1
2025到2026学年第二学期高一年级供题训练,1,1
2025到2026学年陕西省高三上期末数学试卷,3,1
2025到2026学年高二化学下学期期末模拟卷,5,1
2025到2026学年黄冈市高三年级调研考试,2,1
2025到2026学年黄冈市高三年级调研考试化学,1,1
2025到2026学年，辽宁省营口市九师联盟高一上期中数学试卷,1,1
2025到2026年北京市顺义区高二上数学期末试卷全区统考,8,1
2025到2026年山西省孝义市中考语文试题,2,1
2025到2026年普通高等学校招生全国统一考试,3,1
2025到2026年漳州市八年级上册数学期末试卷漳州市玉兰学校,4,1
2025到2026年青海西宁第二学期期末数学调研卷,6,1
2025到2026武汉市高三年级调研考试,4,1
2025到2026武汉市高三年级调研考试语文,2,1
2025到2026济南高一上学期期末,1,1
2025到2026济南高二历史真题,1,1
2025到2026济南高二期末政治真题,1,1
2025到2026烟台高一上学期期末,2,1
2025到2026烟台高二下学期期末历史卷,5,1
2025到2026福州市第一次市质检，高三物理,3,1
2025到2026运城市盐湖区第二学期期末质量监测,8,1
2025到2026青岛高二政治真题,4,1
2025到2026高一上学期青岛一中,1,1
2025到2026高一上学期青岛一中月考,1,1
2025到2026高一下学期茂名市期末统考数学试卷和答案,6,1
2025到2026高一下学期茂名市期末统考英语试卷和答案,3,1
2025到2026黄冈市高三化学,1,1
2025化学高考卷（陕晋青宁卷）,21,1
2025化学高考卷（陕晋青宁卷）第18题,8,1
2025化学高考真题,1,1
2025北,7,1
2025北京中考数学,2,1
2025北京中考英语阅读,2,1
2025北京中考英语阅读C D,1,1
2025北京密云,1,1
2025北京密云高二下期末生物,13,1
2025北京市区高考一模数学,1,1
2025北京市石景山区高考一模数学,1,1
2025北京物理卷,1,1
2025北京理工大附中初二上期中,4,1
2025北京省高考生物试卷真题,2,1
2025北京高考,1,1
2025北京高考化学,1,1
2025北京高考英语,4,1
2025北斗星盟,12,1
2025北方,1,1
2025南京市高二上学期期中物理,1,1
2025南京盐城一模,2,1
2025南京高一期末,10,1
2025南京高三9月英语,3,1
2025南师附中高二上期中数学,8,1
2025南昌一模数学,8,1
2025南昌物理一模,3,1
2025南昌物理一模高三,4,1
2025南昌物理二模高三,13,1
2025南通中考,10,1
2025南通中考化学试卷,1,1
2025南通九年上月考物理,6,1
2025南通九年级上月考物理,5,1
2025南通九年级化学期,2,1
2025南通八一中学九年级上月考物,1,1
2025南通启秀中学分班考数学,1,1
2025南通启秀数学七年级第一次月考,3,1
2025南通启秀数学第一次月考,1,1
2025南通如皋适应性,4,1
2025南通市通州九上数学期中考试,3,1
2025南通市通州区高二上学期化学期末试卷,4,1
2025厦门高三第一次质量检测,2,1
2025合肥168中学,1,1
2025合肥168中学自主招生,3,1
2025吉林市高三一模物理,1,1
2025吉林省高三一模物理,2,1
2025启东高三化学12月,2,1
2025呼和浩特中考,7,1
2025和平区八年级第二学期期末考试物理,2,1
2025咸阳小升初分班数学考试题,2,1
2025咸阳新初一分班数学考试题,4,1
2025哈尔滨中考数学卷,1,1
2025唐山市高二上期末物理,3,1
2025唐山市高二下期末物理,2,1
2025唐山市高二期末,1,1
2025唐山市高二期末物理,1,1
2025唐山高三摸底,5,1
2025四川中考试卷,3,1
2025四川内江一模,1,1
2025四川卷历史高考卷,2,1
2025四川广元中考试卷,2,1
2025四川往年零诊语文试卷,1,1
2025四川政治,1,1
2025四川政治高考,1,1
2025地生会考试卷,3,1
2025大连中考数学,1,1
2025大连市经济开发区高一上数学 阶段检测,6,1
2025大连西岗区物理,3,1
2025天河区中考一模英语试卷答案,6,1
2025天津中考物理,12,1
2025天津初三物理期中,1,1
2025天津初三物理期中和平,1,1
2025天津卷地理,1,1
2025天津卷语文,3,1
2025天津宝坻四中高二月考,1,1
2025天津市南开区五上期末,24,1
2025天津市和平区三模英语,1,1
2025天津市和平区二模英语,1,1
2025天津河北区道法中考一模,3,1
2025天津物理中考,1,1
2025天津物理中考真题,2,1
2025天津耀华中学高一开学测,1,1
2025天津高考地理,4,1
2025天津高考政治,2,1
2025天津高考生物,3,1
2025奉贤一模卷数学,5,1
2025学业水平考试语文浙江省,5,1
2025学年度第二学期期末考试七年级数学学科试卷,6,1
2025学年杭州市第一次高三年级教学质量检测,6,1
2025学年杭州市高二期末,2,1
2025学年第一学期台州十校联盟期中联考高二年级日语学科试题,13,1
2025学年第一学期天域全国名校协作,9,1
2025学年第一学期浙大附中高一年级10月学科测试英语,10,1
2025学年第一学期浙江省9+1高中联盟高三期中信息技术,3,1
2025学年第一学期浙江省七彩阳光新高考研究联盟返校联考日语试卷,2,1
2025学年第一学期温州市第二中学九年级开学考试语文试题,1,1
2025学年第一学期高三年级期终,1,1
2025学年第二学期,1,1
2025学年第二学期八年级数学,7,1
2025学年第二学期八年级语文期末试卷,1,1
2025学年第二学期八年级语文期末试卷上海,3,1
2025学年第二学期学考,7,1
2025学年第二学期广州市白云区八年级上册数学期中考,1,1
2025学年第二学期广州市白云区八年级上册数学期末考,3,1
2025学年第二学期期末五年级龙泉,1,1
2025学年第二学期期末五年级龙泉科,1,1
2025学年第二学期期末诊断练习八年级英语试卷,1,1
2025学年第二学期期末调研参考资料七年级数学学科,3,1
2025学年第二学期杭州市高一年级教学质量检测,1,1
2025学年第二学期杭州市高三,1,1
2025学年第二学期杭州市高三年级教学质量检测,1,1
2025学年第二学期杭州市高二年级教学质量检测化学试题卷。,2,1
2025学年第二学期杭州市高二年级教学质量检测物理试题卷,3,1
2025学年第二学期杭州市高二年级教学质量检测高二英语学科练习,1,1
2025学年第二学期王环六年级毕业卷,9,1
2025学年第二学期舟山市高二期末检测,5,1
2025学年第二学期高一年级学业质量阶段调研语文,1,1
2025学年第二学期高一期末物理,2,1
2025学年第二学期高二期末测试,6,1
2025学年高中语文必修下册同步练测素能提升训练(统编版),1,1
2025学考,10,1
2025学考卷,14,1
2025学考湖南,1,1
2025宁德九上期末数学,3,1
2025安徽中考语文,1,1
2025安徽中考语文官方参考答案,1,1
2025安徽六校联考,2,1
2025安徽化学高考真题,4,1
2025安徽生物,1,1
2025安徽生物高考,1,1
2025安徽省中考数学试卷,3,1
2025安徽省数学试卷,1,1
2025安徽省铜陵市一中实验班选拔考试,1,1
2025安徽省高中学业水平考试语文,1,1
2025安徽第一次检测,2,1
2025安徽高考物理,2,1
2025安徽高考物理真题 word 2024安徽高考物理真题 word 2023新课标卷物理真题 word 2022全国乙卷物理真题 word 2021全国乙卷物理真题 word,6,1
2025宝坻四中高二月考,1,1
2025宝山二模数学,4,1
2025宝山二模数学高三,2,1
2025宿迁中考数学,3,1
2025宿迁高三上学期开学考,2,1
2025宿迁高三开学考,4,1
2025小升初星光实验分班考试卷,1,1
2025届上海奉贤生物二模,1,1
2025届上海市宝山区高三下二模试卷英语,1,1
2025届上海市高三浦东二模,4,1
2025届东北三省名校联盟模拟,2,1
2025届云南省云溪,1,1
2025届云溪,1,1
2025届四川省巴中市高三下学期二模历史试题(解析版),1,1
2025届广东省深圳市高三下学期第二次调研英语试题,7,1
2025届广州市普通高中毕业班最后冲刺题(一)英语试题,3,1
2025届张家界高三考前模拟英语,6,1
2025届期末七年级下册考试卷,3,1
2025届河北省高三上学期大数据应用调研阶段性联合测评英语试题,5,1
2025届海口模拟考英语,1,1
2025届湖北武汉高三二调,4,1
2025届湖南师范大学附属中学高三下学期模拟考试（三）英语试题,1,1
2025届炎德英才大联考长沙市一中版高三4月联考英语试卷,2,1
2025届炎德英才大联考长郡中学版高三12月联考英语试卷,1,1
2025届福建省高考语文模拟一 7月 乙,2,1
2025届长沙市第一中学高三下学期适应性考试（一）英语试题,1,1
2025届长沙市长郡中学高三下学期适应性演练（一）英语试题,2,1
2025届长沙市雅礼中学高三下学期三模英语试题（雅礼三模，阅读词汇量大）,1,1
2025届雅礼中学高三月考卷（十）英语试题,1,1
2025届高三t8联考,2,1
2025届高三化学一轮复习 江苏模拟选择题,2,1
2025届高三化学一轮复习 江苏模拟选择题 有机选择题,4,1
2025届高三海口模拟考英语,1,1
2025届高三英语一轮复习外刊精品阅读,1,1
2025山东九上城阳期中化学卷,2,1
2025山东化学高考真题,3,1
2025山东卷高考物理,3,1
2025山东地理高考卷,1,1
2025山东济南高三期初考试物理,1,1
2025山东滨州滨城区第一学期八年级期中数学,11,1
2025山东潍坊模拟,1,1
2025山东潍坊模拟物理,3,1
2025山东潍坊高三期初物理,1,1
2025山东烟台三模,2,1
2025山东生物高考真题,1,1
2025山东省实验中学期中高一上学期物理,3,1
2025山东省统考中考数学真题,1,1
2025山东省青岛市高一上10月月考物理,5,1
2025山东省青岛市高一上期末物理,6,1
2025山东聊城四校期末联考,1,1
2025山东语文中考,1,1
2025山东青岛城阳一中高一,1,1
2025山东青岛高一上10月月考,1,1
2025山东青岛高一上10月月考物理,1,1
2025山东青岛高一上月考,1,1
2025山东青岛高一月考,1,1
2025山东高三期初考试物理,1,1
2025山东高考地理,1,1
2025山东高考物理,2,1
2025山东高考物理真题,2,1
2025山东高考生物,1,1
2025山东齐鲁,1,1
2025巴蜀中学八上数学期末,5,1
2025巴蜀中学第一次适应性考试,1,1
2025巴蜀中学适应性月考,2,1
2025年 1卷 数学 真题高考,2,1
2025年 高考0 1卷 英语试卷,2,1
2025年11月山东师大附中高二期末检测试题,1,1
2025年11月山东师大附中高二期末检测试题历史,4,1
2025年12月嵊州市高考科目适应性考试英语,6,1
2025年1月,1,1
2025年1月云南省普通高中学业水平合格性考试仿真卷一,1,1
2025年1月云南省普通高中数学学业水平合格性考试仿真卷一,4,1
2025年1月份 黑龙江省普通高中学业水平合格性考试 英语,1,1
2025年1月普通高等学校招生全国统一考试英语,6,1
2025年1月浙江省普通高校招生选考科目模拟卷技术试题,4,1
2025年1月浙江英语,4,1
2025年1月高考综合改革适应性演练考试,2,1
2025年2026年山东省德州市高三上期中政治试卷,3,1
2025年2026年山东省泰安市高三上期中政治试卷,4,1
2025年53物理,1,1
2025年6月 佛山高二下 日语期末/质量检测 答案,7,1
2025年6月浙江历史高考真题,2,1
2025年6月浙江省普通高校招生选考科目考试地理,13,1
2025年6月福建高中合格考地理试卷,3,1
2025年6月福建高中合格考生物试卷,4,1
2025年6月福建高中合格考试卷,8,1
2025年7月份 黑龙江省普通高中学业水平合格性考试 英语,1,1
2025年7月浙江省普通高中学业水平考试地理试题,1,1
2025年7月黑龙江省普通高中学业水平合格性考试语文,1,1
2025年9年级上册期中考试卷庆云山东省庆云县,3,1
2025年9月石家庄市润德新高一第一学期分班考试卷,10,1
2025年9月高二第一学期浙江名校协作体数学试题,2,1
2025年gxyz博雅班入学数学真题卷,1,1
2025年七年级下册英语期末试卷卷,1,1
2025年七年级英语秋季开学分班考测试卷,12,1
2025年万唯中考大小卷,1,1
2025年上学期七年级期末,2,1
2025年上学期第一阶段核心素养过关试卷,22,1
2025年上期义务教育期末学业质量监测,6,1
2025年上海中考数学卷,1,1
2025年上海市普通高中学业水平等级性考试地理,5,1
2025年上海高考英语卷,3,1
2025年东北三省9月份联考,4,1
2025年东北三省三校二模英语,3,1
2025年东北三省三校高三二模英语,8,1
2025年东北三省联考,4,1
2025年东南地区奥林匹克竞赛真题,1,1
2025年东南地区数学奥林匹克竞赛真题,3,1
2025年东南杯数学竞赛题,1,1
2025年东海高级中学强基班录取试卷,1,1
2025年中考数学广东,1,1
2025年中考新课标1600词汇一遍过,7,1
2025年中考试卷,7,1
2025年临沂英语中考,1,1
2025年临沂高三期初调研检测,2,1
2025年九上数学第一单元测试卷,8,1
2025年九月份各地高三联考英语语法填空合集,5,1
2025年九月黄冈,2,1
2025年九月黄冈一模,1,1
2025年九月黄冈一模数学,1,1
2025年九调,1,1
2025年九调黄冈,1,1
2025年云南生物,3,1
2025年全国1卷英语高考真题,1,1
2025年全国2卷英语,2,1
2025年全国2卷语文,1,1
2025年全国一卷英语,2,1
2025年全国一卷英语高考真题,8,1
2025年全国二卷英语听力原文,2,1
2025年全国二卷英语真题,1,1
2025年全国二卷英语答案真题详解,1,1
2025年全国文综卷,1,1
2025年全国新高考二卷,2,1
2025年全国高考数学真题,5,1
2025年八中教育集团沃土计划。,3,1
2025年八年级10月学业水平评估试卷,1,1
2025年八年级上册数学济南市期中真题,4,1
2025年八省联考英语试卷,12,1
2025年公考行测真题,3,1
2025年六月浙江省选考技术试题,1,1
2025年六校联考高二下期末考试,1,1
2025年内蒙古中考,4,1
2025年内蒙古中考数学真题,1,1
2025年内蒙古语文卷,16,1
2025年凉山州中考英语,8,1
2025年分班考真题,1,1
2025年分班考真题沭阳县,3,1
2025年分班考真题沭阳县6升新初一,9,1
2025年分班考试卷,10,1
2025年初中零诊试卷,2,1
2025年到2026年下期末考试八年级数学成都市龙泉驿区,23,1
2025年到2026年九年级上册第一次月考化学,11,1
2025年到2026年史地生会考,1,1
2025年到2026年江苏省高一下多地期末试卷真题,3,1
2025年到2026年湖南省常宁市八年级下册英语期末考试,1,1
2025年到2026年苏教版高一下多地期末试卷真题,1,1
2025年到2026年高一下学期茂名市期末统考化学试卷,1,1
2025年到2026年高一下学期茂名市期末统考英语四,1,1
2025年剑邑杯真题,1,1
2025年包头市初中数学贯通班选拔考试,1,1
2025年包头市初中数学选拔考试,1,1
2025年包头市初中统一数学选拔考试,2,1
2025年包头市贯同班选拔统一考试,1,1
2025年包头市贯通班选拔考试,1,1
2025年北京市第一次普通高中学业水平合格性考试 地理,1,1
2025年北京市第一次普通高中学业水平合格性考试 数学,2,1
2025年北京潞河中学初二上期中数学试卷,1,1
2025年北京语文中考,1,1
2025年北京高考,1,1
2025年单招数学,1,1
2025年南京中考数学,1,1
2025年南京数学中考卷,1,1
2025年南京高三零模数学,1,1
2025年南京鼓楼区期末八年级上册物理,1,1
2025年南江中学第一月月考,1,1
2025年南江中学第一月月考高一,2,1
2025年南通如皋高三开学考试历史试卷,1,1
2025年南通如皋高三期初考试历史试卷,1,1
2025年南通如皋高三期初考试地理试卷,5,1
2025年南通如皋高三期初考试数学试卷,2,1
2025年南通市中考生物地理试卷,3,1
2025年南阳市化学周卷,1,1
2025年南阳市化学周卷九年级上册,3,1
2025年南阳市期中考试，语文试卷高一,4,1
2025年南阳市高一春季物理试卷,1,1
2025年南阳市高二下学期物理,3,1
2025年各省高考生物基因工程的大题汇总,2,1
2025年吉林省英语合格性考试,4,1
2025年名校协作,1,1
2025年哈尔滨南岗区6年级下数学期末考试,2,1
2025年哈尔滨南岗区6年级下英语期末考试,1,1
2025年哈尔滨南岗区7年级上数学期中考试,6,1
2025年哈尔滨南岗区七年级上英语期中考试,4,1
2025年嘉兴,6,1
2025年四川卷化学,4,1
2025年四级英语试卷,2,1
2025年地理高考地理真题,8,1
2025年大同一中高一上学期物理,1,1
2025年大庆实验9月第一次月考数学,2,1
2025年大港十中新初一分班考卷,1,1
2025年天津中考历史,1,1
2025年天津五校联考期中,4,1
2025年天津五校联考期中数学,1,1
2025年天津市部分区一模试卷,1,1
2025年天津益中物理期中试卷,1,1
2025年天津高考数学,1,1
2025年天津高考物理,1,1
2025年宁夏化学,1,1
2025年宁波市高考一模数学,4,1
2025年安康市高二上期中化学试卷,1,1
2025年安康市高二期中化学试卷,1,1
2025年安徽物理高考真题,1,1
2025年安徽省初中学业水平考试语文,3,1
2025年安徽省普通高等学校招生选择性考试化学,8,1
2025年安徽高考真题,28,1
2025年小升初湖南道县数学试卷,2,1
2025年小升初湖南道县数学试卷 期末试卷,3,1
2025年山东化学高考题,3,1
2025年山东枣庄薛城八中彩虹班提前招考试化学试卷二模B卷,3,1
2025年山东济宁初中学业水平考试生物试题,1,1
2025年山东生物高考,1,1
2025年山东省12月份合格考政治,1,1
2025年山东省12月份合格考数学,1,1
2025年山东省6月份合格考历史,2,1
2025年山东省6月份合格考地理,1,1
2025年山东省中考英语,2,1
2025年山东省冬季合格考数学,1,1
2025年山东省日照市高一上学期期末校际联合考试数学试卷,1,1
2025年山东省日照市高二上学期期末校际联合考试数学试卷,4,1
2025年山东省济南市莱芜一中高三上学期开学考试,10,1
2025年山东省菏泽市中考卷子数学,2,1
2025年山东省高三期初调研检测,2,1
2025年山东高考物理真题,4,1
2025年山西高一三重联考,1,1
2025年岳阳市 平江县 中考物理,1,1
2025年师大附中高一年级期中考试,2,1
2025年广东二模物理,3,1
2025年广东六校联考,1,1
2025年广东六校联考物理,1,1
2025年广东春季学业水平考试,2,1
2025年广东江门期末,1,1
2025年广东湛江市廉江市春季学业水平考试,3,1
2025年广东省学业水平合格性考试,4,1
2025年广东省普通高中学业水平选择性考试化学高二,7,1
2025年广东省英语中考,3,1
2025年广东省高考卷,2,1
2025年广东省高考卷地理,3,1
2025年广东高考政治,6,1
2025年广东高考考地理真题,1,1
2025年广元市利州区万达高一数学月考试卷,3,1
2025年广州市高三二模地理综合题，官方模考卷）,5,1
2025年广西历史高考真题,2,1
2025年延边二中高一上学期期中考试数学,16,1
2025年延边二中高一第一次月考数学,3,1
2025年延边二中高一第一次月考英语,1,1
2025年延边第二中学高一上学期期中考试数学,12,1
2025年延边第二中学高一上学期期中考试物理,1,1
2025年徐州市高三摸底考,13,1
2025年德州中考,2,1
2025年德州中考英语卷,2,1
2025年德州市中考英语,4,1
2025年德州市高一上学期其中考试,9,1
2025年怀远二中高1月考试卷数学,1,1
2025年惠来一中高一下学期期末卷,1,1
2025年扬州高一上学期10月,5,1
2025年扬州高一上学期五校联考10月,2,1
2025年抚顺市二中高一语文期中考试卷,3,1
2025年揭阳高一下学期期末卷,9,1
2025年政治高考真题浙江卷,3,1
2025年政治高考试卷,7,1
2025年数学中考真题,16,1
2025年数学奥林匹克数学竞赛,2,1
2025年数学广东中考卷,2,1
2025年数学广东初中学业水平考试,2,1
2025年新田一中 高一开学考试,7,1
2025年新课程问题解决导学方案七年级政治下册人教版单元卷电子版,2,1
2025年新课程问题解级政治下册人教版单元卷电子版,1,1
2025年新高二英语暑假衔接,8,1
2025年新高二英语暑假衔接从句,7,1
2025年新高考一卷英语试题,1,1
2025年新高考一卷高考原卷英语试题,1,1
2025年新高考二卷英语真题,1,1
2025年新高考全国Ⅰ卷 语文,3,1
2025年无锡中考,3,1
2025年春季高考语文,1,1
2025年春季高考语文广东省,4,1
2025年春学期七年级期末考是试卷,1,1
2025年春学期七年级期末考是试卷十九中二十五中,1,1
2025年春期期中阶段性文化素质检测七年级英语试题,3,1
2025年晋城一中高一上学期数学第一次月考,2,1
2025年普通高中学业水平选择性考试江苏卷地理,4,1
2025年普通高等学校招生全国统一考试  卷,1,1
2025年普通高等学校招生全国统一考试全国一卷,2,1
2025年普通高等学校招生全国统一考试全国三二卷英语。,9,1
2025年普通高等学校招生全国统一考试全国二卷英语。,1,1
2025年普通高等学校招生全国统一考试新高考二卷,7,1
2025年普通高等学校招生全国统一考试英语学科听力。,1,1
2025年普通高等学校招生全国统一考试语文试题,1,1
2025年普通高等学校招生选择性考试（黑吉辽蒙共用生物卷）,2,1
2025年期中考试试卷八年级上册地理平邑县,1,1
2025年期中考试试卷八年级上册数学平邑县,3,1
2025年期中考试试卷八年级上册生物平邑县,10,1
2025年杨浦区高三英语一模答案,1,1
2025年松喜中学八上地理期末卷,14,1
2025年松喜中学八上数学期末卷,7,1
2025年松喜中学八上语文期末卷,2,1
2025年松喜中学八上道法期末卷,28,1
2025年柳州市高一下物理期末,3,1
2025年梅州市高一下学期地理,1,1
2025年横山中学期中考试物理。,1,1
2025年江南10校英语,4,1
2025年江苏宿迁中考数学试卷,1,1
2025年江苏省化学竞赛初赛卷,2,1
2025年江苏省化学竞赛卷,1,1
2025年江苏省扬子石化杯化学竞赛卷,4,1
2025年江苏省普通高中合格性考试,1,1
2025年江苏省盐城市地理中考试题,1,1
2025年江苏省第二十一届时代杯数学竞赛九年级试题,1,1
2025年江苏省连云港市新海高一10月份数学月考,8,1
2025年江苏省连云港市新海高一上学期10月份数学月考,5,1
2025年江西历史高考真题,4,1
2025年江西省上高二中高一入学测,5,1
2025年江都中学高一上学期,26,1
2025年江都中学高一上学期10月,12,1
2025年河北中考一模数学,55,1
2025年河北中考试卷化学,7,1
2025年河北省中考英语试卷,5,1
2025年河北省初中英语水平考试,2,1
2025年河北省历史中考真题,8,1
2025年河北省普通高中学业水平选择性考试,13,1
2025年河北高考地理试卷,1,1
2025年河南省信阳市平桥区10月第一次全区统考化学试卷,1,1
2025年河南省信阳市平桥区第一次全区质量调研化学试卷,2,1
2025年河南省新高考政治一卷,1,1
2025年河南省高考政治试卷,1,1
2025年河南省高考物理,1,1
2025年泉州五中高一物理,1,1
2025年泸州高三一诊,1,1
2025年济南历下学情调研,5,1
2025年济南历下第一次月考,2,1
2025年济南市10月联考,7,1
2025年济南市中区第一次学情调研,5,1
2025年济南市历下区10月联考,12,1
2025年济南市历城区10月联考,3,1
2025年济南市平县第一次学情调研，10月,5,1
2025年济南市，第一次学情调研,1,1
2025年济南市，第一次学情调研，10月,30,1
2025年济南长清区第一次学情调研,10,1
2025年浙江卷,1,1
2025年浙江卷 高考卷,2,1
2025年浙江卷，高考卷,1,1
2025年浙江名校协作体,4,1
2025年浙江名校协作体期初考试高三物理,2,1
2025年浙江杭州萧山区杭州市萧山区第二高级中学高三下学期高考模拟物理试卷（七彩阳光新高考研,1,1
2025年浙江省中职高职考试,1,1
2025年浙江省化学奥林匹克复赛试题,2,1
2025年浙江省强基联盟高三上学期一模物理试题,4,1
2025年浙江省职教高考考试,1,1
2025年浙江省高职考试,7,1
2025年海南一模,6,1
2025年海淀物理高二下期末,1,1
2025年深圳生地会考,1,1
2025年温州浙南联盟下学期高一期中,1,1
2025年湖北化学高考卷,1,1
2025年湖北物理高考卷,3,1
2025年湖北省普通高中学业水平选择性考试历史,2,1
2025年湖北省荆州市高二上10月考数学试卷,6,1
2025年湖北省荆州市高二上10月考物理试卷,3,1
2025年湖北省荆州市高二上9月考物理试卷,2,1
2025年湖北省荆州市高二上期中数学试卷,1,1
2025年湖北省高中学业水平合格性考试,15,1
2025年湖北省高中学业水平选择性考试,2,1
2025年湖北高中学业考,1,1
2025年湖南历史高考真题,3,1
2025年湖南常德语文中考试题,3,1
2025年湖南常德语文高考试题,1,1
2025年湖南省初中学业水平考试,1,1
2025年湖南省初中学业水平考试英语卷,1,1
2025年湖南省岳阳市平江县中考物理 卷子,3,1
2025年湖南省岳阳市平江县九年级下册中考物理 卷子,5,1
2025年湖南省普通高中学业水平合格性考试英语试题,1,1
2025年湖南高二下英语期末考试,4,1
2025年湖南高二下语文期末考试,3,1
2025年湖州吴兴小升初考试,5,1
2025年滨海新区大港十中新初一分班考卷,2,1
2025年潍坊期中考试卷数学,9,1
2025年潍坊期末考试卷,4,1
2025年澧县八年级上册地理期末试卷,1,1
2025年澧县八年级上册生物期末试卷,1,1
2025年澧县八年级上册道法期末试卷,1,1
2025年点石联考高三10月联合考试,1,1
2025年烟台中考,7,1
2025年甘南二中高一开学考,1,1
2025年甘肃中考省卷物理,1,1
2025年甘肃白云三模,13,1
2025年甘肃省普通高等学校招生统一考试生物学,2,1
2025年生物四川卷,1,1
2025年生物四川高一合格考,1,1
2025年白云九上数学期末考卷。,1,1
2025年百灵图书期末赢家八上数学济南市北师大版,2,1
2025年福山区高一上数学期中试题,6,1
2025年福山区高一物理期中试题,1,1
2025年福建历史高考真题,4,1
2025年福建奥林匹克数学竞赛东南杯,1,1
2025年福建省各地市物理试卷卷卷,7,1
2025年福建省各地市物理试卷市质检,28,1
2025年福建省普通高中学业水平选择性考试,2,1
2025年福建省普通高中学业水平选择性考试生物,1,1
2025年福建省高考物理卷,2,1
2025年福建高考地理真题,3,1
2025年秋八年级物理期中练习题,5,1
2025年秋季七年级期末质量检测数学试题,1,1
2025年秋季九上数学第一单元测试卷元,10,1
2025年秋季八年级阶段质量,1,1
2025年秋季八年级阶段质量测评,1,1
2025年秋季八年级阶段质量测评物理试题,4,1
2025年秋季学期九年级教学质量监测试题道德与法治,4,1
2025年秋季学期普通高中学业水平考试信息技术,1,1
2025年秋期南阳一中高一月考物理,2,1
2025年秋济南一中高一英语月考,1,1
2025年章丘区高一上半学期数学月考,3,1
2025年章丘四中高一上半学期数学月考,1,1
2025年章丘四中高一入学测试卷,2,1
2025年第一学期四上考试卷子涿州冀教,2,1
2025年第一学期四上考试数学卷子涿州冀教,1,1
2025年第一学期浙南名校联盟十月联考,3,1
2025年第一学期浙江省七彩阳光新高考研究联盟,4,1
2025年第二学期8年级下学业水平检测英语题库。温州卷,7,1
2025年第二学期，杭州市高三年级教学质量检测,1,1
2025年第二次广东省普通高中学业水平合格性物理考试,1,1
2025年绥化中考,3,1
2025年绵阳一模化学,1,1
2025年绵阳一诊化学,9,1
2025年绵阳中学高二第一次月考数学,3,1
2025年绵阳期末,1,1
2025年绵阳高三一模化学,13,1
2025年绵阳高三一诊化学,4,1
2025年绵阳高二学考,1,1
2025年绵阳高二期末化学,1,1
2025年聊城高二上学期期中考试,1,1
2025年至2026年下学期丰泽区期末质量检测,3,1
2025年至2026年商丘梁园区道法七年级期末试卷,7,1
2025年至2026年河南省南阳市邓州市八年级下册期末英语卷,5,1
2025年苏州工业园区一模物理,2,1
2025年英语中考听力,1,1
2025年英语全国二卷答案解析,1,1
2025年英语北京卷,1,1
2025年英语北京卷高考,2,1
2025年英语高考一卷,6,1
2025年英语高考题,1,1
2025年衡阳县一中开学考试试卷,1,1
2025年衡阳县一中高一开学考试试卷,2,1
2025年襄阳四中五中自主招生,5,1
2025年语文中考真题,1,1
2025年语文全国一卷全国二卷,14,1
2025年语文高考真题,1,1
2025年贵州历史高考真题,2,1
2025年贵州省7月份学业水平考试历史历史,6,1
2025年贵州高考卷,1,1
2025年赤峰市地理会考试题,1,1
2025年赤峰市高一年级学年联考试题期末,7,1
2025年超常,12,1
2025年越秀九上数学期末考卷。,5,1
2025年辽宁朝阳学业水平考试地理,1,1
2025年辽宁省中考试卷,2,1
2025年辽宁省丹东市二中化学高一上期末卷,10,1
2025年辽宁省名校联盟9月,7,1
2025年辽宁省数学中考,3,1
2025年辽宁省沈阳市第十一中学月考,1,1
2025年邗江中学高一上学期10月,3,1
2025年郑州市五年级上册期中试卷,5,1
2025年郑州数学小升初暗考试卷子,1,1
2025年重庆中考题,1,1
2025年重庆中考题数学！,1,1
2025年重庆数学中考题解析,2,1
2025年重庆高考历史卷,1,1
2025年金山区高三数学一模,4,1
2025年镇江市高一英语10月联考卷,9,1
2025年长春市中考试卷,1,1
2025年长沙一模,1,1
2025年长沙一模物理,4,1
2025年长沙市长郡开学考试,3,1
2025年长沙市长郡湘府中学开学考试,1,1
2025年陕晋甘宁卷生物,1,1
2025年陕西山西宁夏,4,1
2025年陕西山西宁夏青海,1,1
2025年陕西省普通高中学业水平合格性考试真题,1,1
2025年雅礼中学物理第2次质量检测,8,1
2025年青岛一模化学,41,1
2025年青岛市高三期初调研检测,4,1
2025年高一10月份联合考试,1,1
2025年高一10月份联合考试七校,1,1
2025年高一10月份联合考试七校辽宁.,1,1
2025年高一上学期第一次月考凤城市物理第二中学,2,1
2025年高一上学期第一次月考锦州市渤海大学附属高级中学,1,1
2025年高一上学期第一次月考锦州市渤海大学附属高级中学物理,2,1
2025年高一数学暑假培优练,2,1
2025年高一数学期中检测潍坊市,3,1
2025年高三年级第一次适应性检测山东青岛一模,2,1
2025年高三年纪期初调研检测英语试题,1,1
2025年高考2卷,2,1
2025年高考化学,1,1
2025年高考化学真题河南,25,1
2025年高考原卷英语试题,1,1
2025年高考地理真题,9,1
2025年高考地理高考卷,2,1
2025年高考天津卷,3,1
2025年高考安徽省物理试卷,1,1
2025年高考数学,1,1
2025年高考数学真题,1,1
2025年高考新一卷,1,1
2025年高考综合改革适应性演练 八省联考英语,5,1
2025年高考综合改革适应性演练八省联考,11,1
2025年高考英语一卷,2,1
2025年高考陕晋甘宁卷生物,3,1
2025年高考高考 真题,1,1
2025年高考黑吉辽蒙地理高考卷,4,1
2025年黑龙江省学业水平测试物理,1,1
2025年黑龙江省学考物理,1,1
2025年黑龙江省普通高等学校招生选择性考试地理试题,6,1
2025年黑龙江辽宁吉林三省联考题,2,1
2025年，上海卷语文,4,1
2025年，二年级数学竞赛,3,1
2025年，八年级数学竞赛,1,1
2025年，山东省青岛市第九中学10月份月考题,8,1
2025年，师大附中高一年级期中考试,1,1
2025广东中考数学,2,1
2025广东二调,2,1
2025广东人教版英语starter unit1试卷,1,1
2025广东六校联考,3,1
2025广东省数学合格性考试,6,1
2025广东省普通高中学业水平合格性考试数学,1,1
2025广东省普通高中学业水平数学,1,1
2025广东省第一次普通高中学业水平数学,1,1
2025广东省英语合格性考试,1,1
2025广东高考政治真题,3,1
2025广安二诊,2,1
2025广州中考,3,1
2025广州市普通高中毕业班冲刺训练营,8,1
2025广州市普通高中毕业班冲刺训练题,1,1
2025广西中考道德与法治真题,1,1
2025广西高考真题生物,2,1
2025张家口市高2上学期期中,12,1
2025张家界数学期末,10,1
2025张家界高三考前模拟,1,1
2025张家界高三考前模拟英语,1,1
2025强基,2,1
2025强基10,1,1
2025强基一,1,1
2025德州中考,3,1
2025德州陵城区高一上期中数学,8,1
2025德州高一上期中数学,4,1
2025德州高一上期中英语,3,1
2025成人高考（高起本理科）,3,1
2025成都三诊数学,4,1
2025成都中考语文,2,1
2025房山区高一上学期数学期中,15,1
2025扬州中考,1,1
2025扬州高一期末数学,4,1
2025政治绵阳高三一诊a卷,1,1
2025数学中考苏州市,1,1
2025数学高考,1,1
2025数学高考一卷,1,1
2025数学高考真题,2,1
2025新一卷语文,1,1
2025新初一分班数学考试题,1,1
2025新初一分班考试题,2,1
2025新疆中考化学,1,1
2025新疆物理高考卷,3,1
2025新高考I卷语文真题 PDF原卷版,1,1
2025新高考一卷语文,5,1
2025无锡市梅村空港10月月考数学试卷,1,1
2025日照市高二上学期历史校际联合考试,4,1
2025日照市高二上学期地理校际联合9月开学考试,1,1
2025日照市高二上学期地理校际联合9月考试,5,1
2025日照市高二上学期地理校际联合9考试,1,1
2025日照市高二上学期地理校际联合考试,5,1
2025日照市高二上学期政治校际联合考试,3,1
2025日照市高二上学期数学校际联合期末考试,4,1
2025日照市高二上学期数学校际联合考试,3,1
2025日照市高二上学期英语校际联合9月考试,3,1
2025日照高一期末生物,3,1
2025日照高二上开学考,1,1
2025日照高二上开学考统考,7,1
2025春 西安铁一中辅轮中学七年级下册期末数学试卷,2,1
2025普通高等学校招生全国统一考试数学,5,1
2025普通高等学校招生全国统一考试数学新高考一卷,2,1
2025普通高等学校招生全国统一考试语文,1,1
2025望城区期末考试,1,1
2025杠2026学年下学期丰泽区期末质量检测题库初一英语,1,1
2025杭州高三地理期末,2,1
2025杭州高二下技术试卷,2,1
2025杭州高二技术试卷,3,1
2025槐阴区三模语文,3,1
2025武汉九月调研高三,2,1
2025武汉九调,1,1
2025武汉九调高三,1,1
2025武汉四调,3,1
2025武汉四调二模,1,1
2025武汉市高三2月联考,4,1
2025武汉市高三3月联考,6,1
2025武汉市高三3月调研考试,3,1
2025永州市高二期末,11,1
2025江南十校化学,3,1
2025江南十校化学高三,2,1
2025江苏化学,5,1
2025江苏四市二模,3,1
2025江苏生物模拟高考,3,1
2025江苏省数学奥林匹克,1,1
2025江苏苏北四市一模英语,2,1
2025江苏高三二模物理,10,1
2025江苏高考物理,1,1
2025江西南昌,1,1
2025江西南昌零模,1,1
2025江西宜春市高三二模物理试卷,1,1
2025江西生物,1,1
2025河北保定期末,18,1
2025河北单招,1,1
2025河北省易县高二10月联考,2,1
2025河北省高二10月联考,9,1
2025河北省高考数学卷子,2,1
2025河北考试十类,1,1
2025河北考试十类专业基础,4,1
2025河北衡水开学考试,12,1
2025河南卷历史,1,1
2025河池市宜州区,4,1
2025泉州第一次质检,10,1
2025泉港区入学测试卷高一上,3,1
2025泉港区入学第二中学测试卷高一上,1,1
2025泰安一中高一英语期末,4,1
2025济南二中高二上学期10月月考,6,1
2025济南八年级英语上册期中考试,2,1
2025济南模拟数学高三,3,1
2025济南高三开学考化学,3,1
2025济南高二下学期期末化学,3,1
2025浙江7月历史学考,1,1
2025浙江中考数学,3,1
2025浙江学考,2,1
2025浙江数学中考卷,4,1
2025浙江省北斗星盟高三上学期第一次联考生物,1,1
2025浙江绍兴一模,38,1
2025浙江首考,2,1
2025海南中考卷,1,1
2025海淀高一上数学,1,1
2025海淀高考二模,1,1
2025海港区九上期末化学试卷,1,1
2025海珠区中考一模英语试卷答案,2,1
2025海陵新初一分班考试,4,1
2025淄博四中高一期中数学,2,1
2025深圳一模,4,1
2025深圳二模数学,1,1
2025深圳生物中考真题,2,1
2025深圳英语中考真题,3,1
2025深圳高三语文第一次调研,3,1
2025深圳高考一模,1,1
2025深圳高考二模数学,1,1
2025温州十校联考,1,1
2025湖北武汉九调,3,1
2025湖南,2,1
2025湖南中考数学,1,1
2025湖南永州一模,1,1
2025湖南高考,2,1
2025湖南高考物理,1,1
2025湖南高考真题,1,1
2025湘西州高二期末数学,6,1
2025湛江高二期末数学,5,1
2025漳州一检化学,9,1
2025漳州市第八中学小升初自主招生试卷,5,1
2025潍坊一模,4,1
2025潍坊三模生物,1,1
2025潍坊二模,2,1
2025潍坊高三上期末,8,1
2025烟台一模,8,1
2025物理2卷,1,1
2025物理全国乙卷,1,1
2025物理合格考,2,1
2025物理合格考江苏,1,1
2025物理山东,1,1
2025物理期末考试卷了潍坊,3,1
2025物理高考卷,2,1
2025玉林高三上学期期末化学,9,1
2025甘肃高考历史卷,1,1
2025甘肃高考数学卷,1,1
2025甘肃高考物理真题,3,1
2025生物四川卷,1,1
2025生物重庆卷,1,1
2025生物高考真题山东,7,1
2025界高考政治一轮复习,1,1
2025白云八上期中英语,1,1
2025眉山仁寿期末七下试卷,2,1
2025眉山仁寿期末语文七下试卷,3,1
2025石家庄高三质检一,1,1
2025硚口区八上语文期中试卷,1,1
2025硚口区八下语文期中试卷,1,1
2025福州一检,1,1
2025福州中考,1,1
2025福州市高三上学期第一次质检,5,1
2025福州市高三上学期质检,3,1
2025福州市高三质检,1,1
2025福州物理初二下期末,5,1
2025福州英语初二下期末,3,1
2025福州高三一检,1,1
2025福州高三一模,3,1
2025福州高三一模8月份质检,1,1
2025福州高三上学期8月份第一次质检,4,1
2025福州高三上学期一模,1,1
2025福州高三上学期一模8月份质检,1,1
2025福州高三质检,1,1
2025福建全省统一中考三模统考卷,2,1
2025福建省会考物理,1,1
2025福建高三8月份开门考第一次质检卷,1,1
2025福建高三第一次质量检测,3,1
2025福建高考历史,1,1
2025秋、2026春最新浦北初一期末全套7科,1,1
2025秋外研版（三起）四年级上册Unit1-6全套单词表,1,1
2025秋新版三上语文必背古诗字帖,3,1
2025秋鲁教版英语7上unit 4 Once upon a time单元检测卷,13,1
2025秋鲁教版英语七上 Unit4 Once upon a time zxq5421原创 单元测试卷,14,1
2025第二学期八年级物理长宁,2,1
2025第二学期台洲十校联期中考试日语,4,1
2025级兰江中学新生综合素养数学试题卷,18,1
2025级兰江中学新生综合素养科学试题卷,9,1
2025级兰江中学新生综合素养语文试题卷,19,1
2025级生物学期末考试真题真题卷,1,1
2025级高一年级大数据应用调研,18,1
2025绍兴越城区自主评价A卷,5,1
2025绵阳高三一诊a卷,1,1
2025聊城,5,1
2025至2026,1,1
2025至2026 长春市吉艺附中语文七年级上学期末考试卷子,1,1
2025至2026 长春市朝阳区语文5年级下期末考试卷子,2,1
2025至2026 长春市朝阳区语文七年级上学期末考试卷子,1,1
2025至2026 长春语文七年级上学期末考试卷子,5,1
2025至20261中双语九年级上册数学开学考,1,1
2025至20266年级下册期末统考卷江西,21,1
2025至2026全国高等院校统一招生考试,1,1
2025至2026六级级下册语文,1,1
2025至2026学年7年级下学期期末模拟卷杭州钱塘区英语卷。,13,1
2025至2026学年8年级数学下学期期中模拟试卷,1,1
2025至2026学年9年级英语上学期第一次模拟试卷,1,1
2025至2026学年下学期丰泽区期末质量检测题库初一数学,1,1
2025至2026学年下学期期末质量检测8年级英语人教版,2,1
2025至2026学年大连期末考试数学。,1,1
2025至2026学年学习八年级英语期末质量检测,1,1
2025至2026学年学习八年级英语期末质量检测八年级英语人教版,4,1
2025至2026学年度下沈阳市第十中学高一第三次质量检测数学试卷,5,1
2025至2026学年度九年级上册第一次月考试卷,10,1
2025至2026学年度九年级上册第一次海州区月考试卷,6,1
2025至2026学年度九年级上学期期末质量检测山东省德州市夏津县,8,1
2025至2026学年度山东省嘉祥县下学期数学,2,1
2025至2026学年度第一学期期末考试七年级英语学考试卷,3,1
2025至2026学年度第二学期八年级数学科期末教学质量检测试卷,40,1
2025至2026学年度第二学期期末素养监测5年级语文,3,1
2025至2026学年度第二学期海口市八年级期末检测题数学,7,1
2025至2026学年第一学期期末考试 8年级数学,5,1
2025至2026学年第二学期五年级能力检测卷梅州,12,1
2025至2026学年第二学期八年级英语期末调研试卷,4,1
2025至2026学年第二学期期末教学质量抽测高二思想政治时期山东聊城,4,1
2025至2026学年第二学期期末考试试卷，初二年级英语学科,1,1
2025至2026学年第二学期期末阶段学情反馈练习七年级英语福建长乐,5,1
2025至2026学年重庆市渝中区巴蜀中学八年级下期末数学试卷卷,1,1
2025至2026学年重庆市渝北区巴蜀中学初二下物理试卷,4,1
2025至2026学年高一数学上学期第一次月考01,9,1
2025至2026学年高二数学选择性必修第一册章节检测卷第二章直线与圆的方程基础通关,1,1
2025至2026年 广东省高考,2,1
2025至2026年 广东省高考生物,1,1
2025至2026年 揭阳市数学,2,1
2025至2026年 揭阳市第二学期高二期末化学,4,1
2025至2026年 揭阳市第二学期高二期末物理,4,1
2025至2026年 揭阳市高二期末数学,2,1
2025至2026年武汉市武昌区英语七下期中试卷二,6,1
2025至2026年长沙市一中九上数学第一次月考试卷,4,1
2025至2026年长沙市一中高一下学期英语第一次月考,4,1
2025至2026年长沙市一中高一英语下第一次月考,3,1
2025至2026年长沙市一中高一英语第一次月考,6,1
2025至2026年长沙市师大附中集团九年级上册数学第一次月考试卷,3,1
2025至2026年长沙市长郡集团，九年级上册数学第一次月考,3,1
2025至2026年长沙市雅礼集团九上数学第一次月考,13,1
2025至2026年长沙市青竹湖湘一九上第一次数学考,1,1
2025至2026年长沙市青竹湖湘一第一次九年级数学考,2,1
2025至2026广东省阳江市江城区八下历史期末试卷,2,1
2025至2026济南市钢城区化学9年级上册一模试题,7,1
2025至2026济宁市期末初二,1,1
2025至2026济宁市期末高一,1,1
2025至2026深圳市罗湖区七年级下册,3,1
2025至2026深圳市龙岗区七年级下册,5,1
2025至2026福建厦门九年级语文,19,1
2025至2026福建省仙游第一中学高三上学期暑期检测考试,5,1
2025至2026福建省漳州市高一下学期期末数学试卷,1,1
2025至2026福建福州九年级英语,1,1
2025至2026长沙市一中双语九年级上册数学开学考,2,1
2025至2026高一下学期期末数学试卷,1,1
2025至2026高一下政治期末考试,1,1
2025至202六七年，预期下学期期末考试试卷，8年级英语,1,1
2025花都七下期末英语,5,1
2025花都八上期中英语,5,1
2025花都八下期中英语,1,1
2025苏北,1,1
2025苏北地理,6,1
2025苏州一模,3,1
2025苏科版九上化学期末试题,5,1
2025英语,1,1
2025英语 高考1卷全国一卷,3,1
2025英语八省联考,3,1
2025英语月考试卷,1,1
2025英语高考真题全国一卷,3,1
2025菏泽中考,1,1
2025薛城区上高二期未化学,3,1
2025薛城区上高二期未物理,3,1
2025西部地区3+3+3联考,1,1
2025语文全国二卷,1,1
2025语文全国二卷高考真题,4,1
2025语文扬州,8,1
2025语文新高考,1,1
2025语文新高考二卷,1,1
2025语文新高考二卷高考,1,1
2025语文新高考二卷高考贵州,5,1
2025贵州物理卷,1,1
2025贵州高考政治真题答案,3,1
2025贵百河8月摸底,1,1
2025资阳高二七月,3,1
2025资阳高二七月数学,10,1
2025资阳高二下七月数学,4,1
2025辽东南协作体物理高一上学期第一次月考,1,1
2025辽东南协作体物理高一上学期第一次月考10月,3,1
2025辽宁中考数学,1,1
2025辽宁省点师联盟高二上学期第一次月考数学试题,3,1
2025辽宁省点石联盟 高二上学期第一次月考 历史试题,3,1
2025辽宁省点石联盟高二上学期第一次月考政治试题,4,1
2025辽宁省点石联盟高二上学期第一次月考英语试题,2,1
2025辽宁省点石联盟高二上学期第一次月考语文试题,1,1
2025辽宁省部分名校高一上学期物理第一次月考,4,1
2025遂宁中考英语试卷,9,1
2025遂宁八年级下册英语,1,1
2025邢台一模,4,1
2025邢台一模高三,9,1
2025邹城九年级,3,1
2025邹城九年级上册期中,10,1
2025重庆中考数学,4,1
2025重庆市普通高等学校招生统一考试化学（新高考II卷）真题,1,1
2025重庆高考数学题,5,1
2025金溪一中高一月考数学,13,1
2025长沙一模生物,6,1
2025闵行区六年级语文期中试卷,9,1
2025陕晋宁青八省连考物理,16,1
2025陕晋宁青普通高等学校选择性考试物理,7,1
2025陕晋青宁普通招生考试卷,7,1
2025陕西中考真题,1,1
2025陕西中考语文,1,1
2025陕西新初一分班数学考试题,1,1
2025陕西高考物理,3,1
2025青岛三模生物,2,1
2025青岛中考真题语文试题,7,1
2025青岛城阳一中高一,1,1
2025青岛城阳一中高一上月考物理,3,1
2025青岛市高一选课测试英语,3,1
2025高一上学期化学第一次月考鞍山市第一中学,4,1
2025高一上学期物理第一次月考辽东南协作体,3,1
2025高一上学期第一次月考县重点化学,5,1
2025高一上学期第一次月考数学,3,1
2025高一上学期第一次月考数学大连8中,2,1
2025高一上学期第一次月考数学大连八中,1,1
2025高一上学期第一次月考辽宁省县重点化学,7,1
2025高一上物理第1次月考大连市滨城高中联盟,4,1
2025高一上物理第1次月考抚顺市名校,1,1
2025高一下学期第三次学情调研,2,1
2025高一下学期第三次学情调研英语,4,1
2025高一下辽宁省名校联盟期末考试地理试题,4,1
2025高一月考数学,3,1
2025高一期中考试徐州数学,3,1
2025高一第一次月考数学,3,1
2025高三,2,1
2025高三3月份,1,1
2025高三3月份点石,9,1
2025高三一模嘉定英语,3,1
2025高三一模奉贤英语,2,1
2025高三一模金山英语,7,1
2025高三一模长宁英语,5,1
2025高三一模黄浦英语,2,1
2025高三一轮物理力学专题复习,1,1
2025高三八省联考英语,1,1
2025高三开学六校联考,11,1
2025高三摸底,1,1
2025高三摸底淄博,5,1
2025高二月考,22,1
2025高考 天津卷 语文,1,1
2025高考一卷英语,1,1
2025高考二卷英语答题卡,2,1
2025高考全国一卷数学,2,1
2025高考全国二卷,4,1
2025高考全国二卷英语答题卡,5,1
2025高考化学天津,2,1
2025高考卷,1,1
2025高考历史重庆,2,1
2025高考天津,1,1
2025高考安徽英语,1,1
2025高考山东卷生物,2,1
2025高考成都三诊数学,8,1
2025高考改革适应性演练数学,4,1
2025高考海南卷生物,1,1
2025高考物理全国乙卷,1,1
2025高考生物重庆卷,2,1
2025高考真题英语,4,1
2025高考真题语文,1,1
2025高考综合改革适应性训练演练八省联考英语,1,1
2025高考英语全国二卷,1,1
2025高考英语真题,1,1
2025高考试卷,2,1
2025高考语文全国二卷,1,1
2025高考重庆数学,3,1
2025黄冈高三调研九月,1,1
2025黑吉辽高考历史,1,1
2025黑吉辽高考地理,1,1
2025黑龙江省普通高等学校招生选择性考试地理试题,4,1
2025黑龙江语文,5,1
2025黑龙江高考语文,1,1
2025，丹东期中,2,1
2025－2026学年度第二学期期末抽测 七年级数学试题,8,1
2025－2026学年第二学期期末试卷 七年级数学,4,1
2025－2026学年第二学期质量监测（四）八年级数学 甘肃,9,1
2025－2026山东省郓城县高二,1,1
2025－2026山东省郓城县高二期末语文,2,1
2025～2026  七年级上册英语期末考试,1,1
2025～2026 武汉市部分学校高三九月调研考试,3,1
2025～2026五四制英语八年级淄博市高青县考试试卷,1,1
2025～2026五年级下册数学试卷山亭区,2,1
2025～2026古田八上物理期中试题,1,1
2025～2026学年上学期八年级第一次段考,1,1
2025～2026学年上学期八年级第一次段考语文试卷,3,1
2025～2026学年度上学期第一次独立作业九年级数学荆门市北校,6,1
2025～2026学年度上学期第一次独立作业九年级数学荆门市龙泉北校,2,1
2025～2026学年度上学期高一年级10月份阶段测试数学试题,9,1
2025～2026学年度咸阳新初一入学分班数学考试题,1,1
2025～2026学年度咸阳新初一分班数学考试题,2,1
2025～2026学年度第一学期第一次阶段性作业 七年级数学 B北师大版,1,1
2025～2026学年第二学期期末检测高二地理,2,1
2025～2026学年高二选择性必修一数学单元测试卷第一章,2,1
2025～2026学年高二选择性必修一数学单元测试卷第一章直线与圆,1,1
2025～2026学年高二选择性必修一数学单元测试卷第一章直线与圆基础通关,1,1
2025～2026学年（上）八年级语文第一次阶段性练习检测卷,2,1
2025～2026年上海市高二下学期期末化学,13,1
2025～2026年上海市高二下学期期末数学,6,1
2025～2026年上海市高二下学期期末物理,8,1
2025～2026年上海市高二下学期期末考试化学,2,1
2025～2026年上海市高二下学期期末考试物理,4,1
2025～2026年上海市高二下学期期末考试英语,2,1
2025～2026年天津市东丽区八年级下学期学业水平监测,1,1
2025～2026年天津市东丽区八年级下学期学业水平监测数学,1,1
2025～2026武汉市常青联合体高二上期末物理,4,1
2025～2026甘肃省临夏州统考语文试卷高二,2,1
2025～2026甘肃省临夏州统考语英语试卷高二,4,1
2025～2026高三上河北保定期末物理,1,1
2025～2026高三上河北，保定期末物理,1,1
2026  01卷 高考数学真题,3,1
2026  1卷 全国高考 英语,5,1
2026  一本  语文阅读理解五合一,1,1
2026  一本  语文阅读理解五合一八年级,1,1
2026  二年级上册人教版语文王朝霞单元卷,12,1
2026  高考数学,2,1
2026 0 0 1卷 全国政治高考,1,1
2026 0 0 1卷 全国高考 历史,1,1
2026 0 0 1卷 全国高考 英语广东,1,1
2026 0 0 1卷 全国高考 语文答案,3,1
2026 0 0 1卷 全国高考政治,1,1
2026 0 0 1卷 山东高考 历史,3,1
2026 0 0 1卷 高考 英语,1,1
2026 0 0 1卷 高考广东 化学,3,1
2026 0 0 2卷 全国高考物理,4,1
2026 0 01卷 高考江苏真题,6,1
2026 0 01卷 高考湖南,13,1
2026 0 01卷 高考生物福建卷,1,1
2026 0 01卷 高考生物福建真高考卷,1,1
2026 0 01卷 高考语文,4,1
2026 0 01卷山东 高考物理真题,3,1
2026 0 02卷 高考,1,1
2026 0 02卷 高考数学真题卷,1,1
2026 0 02卷 高考数学试卷,1,1
2026 0 02卷 高考物理,1,1
2026 0 02卷化学,1,1
2026 0 高考生物,4,1
2026 0 高考英语,1,1
2026 02高考语文,1,1
2026 1卷 山东高考数学真题,1,1
2026 1卷 山东高考真题,18,1
2026 1卷 高考 化学,2,1
2026 1卷 高考数学真题,5,1
2026 2027,7,1
2026 2027高一化学必修一同步练习,3,1
2026 2027高一化学必修二综合测试2,1,1
2026 28天预习新高一,1,1
2026 28天预习新高一 摸底测试卷,1,1
2026 28天预习新高一 摸底测试卷?，可下载整套全科试卷完整答案文档。,1,1
2026 2卷 全国高考 语文,2,1
2026 2卷生物,1,1
2026 40篇搞定3500词,4,1
2026 7月浙江学业水平考试学语文,1,1
2026 7月黑龙江普通高中学业,2,1
2026 7月黑龙江普通高中学业水平,4,1
2026 T8联考四月,1,1
2026 T8联考高二,3,1
2026 中考数学,1,1
2026 中考英语,2,1
2026 中考英语真题,3,1
2026 云南 高考数学,3,1
2026 全国 01卷 高考数学真题,1,1
2026 全国 1卷数学真题,2,1
2026 全国 1卷物理真题,1,1
2026 全国 1卷语文真题,3,1
2026 全国 2卷,2,1
2026 全国高考语文1卷江苏,1,1
2026 八省联考英语,3,1
2026 六年级语文上册二单元试卷,2,1
2026 凉山中,1,1
2026 华东师大七上数学 第一章有理数单元测试卷 必刷题同款,1,1
2026 华南师范大学附中 七下数学期末,9,1
2026 华南师范大学附中 八上数学期末,2,1
2026 南通中学七下数学期末,2,1
2026 卷 高考 化学全国一卷,5,1
2026 天河区高一下 化学,3,1
2026 天河区高一下 数学,2,1
2026 天河区高一下 物理,1,1
2026 安徽高考 01 卷数学,1,1
2026 安徽高考物理,4,1
2026 届湖北省武汉市武昌区高三元月期末质量检,1,1
2026 山东中考英语真题,1,1
2026 山东临沂一中北高一期中,1,1
2026 山东临沂一中北高一期中数学,1,1
2026 山东临沂罗庄历史二模,1,1
2026 山东省菏泽市单县高二下学期 7 月 期末地理试题,14,1
2026 山东高二 数学 期末,1,1
2026 山东高考,1,1
2026 山东高考历史,5,1
2026 常德模拟,8,1
2026 年 0 1卷 新高考 1 卷 数学 高考 真题,2,1
2026 年 2卷 英语试卷全国,5,1
2026 年 山东中考,2,1
2026 年 山东省中考,1,1
2026 年1月浙江 1首考英语试卷,1,1
2026 年1月浙江英语试卷,1,1
2026 年哦,1,1
2026 年河南省中考历史,1,1
2026 年津南区联考八下物理,1,1
2026 年津南区联考八下物理期末考试,2,1
2026 年湖南师大附中七年级上册期中考试,16,1
2026 年湖南雅礼集团 7 年级上册数学期中考试,8,1
2026 年湖南雅礼集团七年级上册创新人才数学竞赛试卷,11,1
2026 年湖南雅礼集团七年级上册创新人才数学试卷,3,1
2026 年湖南雅礼集团创新人才数学竞赛试卷,24,1
2026 年高考1卷,5,1
2026 年高考真题,1,1
2026 广东高考1卷,6,1
2026 广州市初中学业水平考试 数学真题,1,1
2026 徐州数学中考真题,2,1
2026 揭阳一中高一入学考试,1,1
2026 揭阳一中高一入学考试数学,7,1
2026 数学 1卷高考卷真题,3,1
2026 数学 1卷高考卷真题全国,1,1
2026 新疆高考数学卷,3,1
2026 新疆高考数学卷真题,3,1
2026 新课标1卷,1,1
2026 新课标1卷文综,1,1
2026 新高考1卷 数学,3,1
2026 新高考Ⅰ卷,2,1
2026 新高考全国2卷 数学,3,1
2026 普通高等学校招生统一考试冲刺预测模拟试卷语文高考 语文,15,1
2026 梁山中,1,1
2026 武汉中考,4,1
2026 江苏 连云港 中考 物理,10,1
2026 河北 高考物理试卷,2,1
2026 浙江  G12联考七下数学,3,1
2026 浙江1月份高考题,2,1
2026 深圳1模,7,1
2026 深圳高三1模,1,1
2026 湖南高考化学真题,1,1
2026 物理 1卷 高考全国卷真题,5,1
2026 物理 2卷 高考全国卷真题,2,1
2026 物理高考卷真题,4,1
2026 生物四川卷,1,1
2026 福建6月普通高中学业水平考试,2,1
2026 福建普通高中学业水平考试,5,1
2026 英语 1卷 高考全国卷真题,3,1
2026 英语 2卷高考卷真题,1,1
2026 语文 1卷高考卷,9,1
2026 贵州铜仁高一下期末考试题,4,1
2026 高三2卷历史,2,1
2026 高二 数学,1,1
2026 高二 数学 期末,1,1
2026 高考 01 卷,1,1
2026 高考 01 卷 高考真题 英语,1,1
2026 高考 01 卷数学,1,1
2026 高考 化学,1,1
2026 高考 天津卷 语文,9,1
2026 高考 广东化学,1,1
2026 高考 物理,1,1
2026 高考 语文 2卷,4,1
2026 高考 语文 2卷试卷解析,1,1
2026 高考2卷 语文,1,1
2026 高考一模分类汇编 上海专用? 或 ?二模分类汇编 上海专用,4,1
2026 高考化学,1,1
2026 高考化学天津,2,1
2026 高考数学天津,1,1
2026 高考数学真题,4,1
2026 高考物理天津,2,1
2026 高考英语一卷,3,1
2026 高考英语试卷,2,1
2026 黄浦区英语中考一模卷,1,1
"2026,年寒假验收卷",4,1
2026-2026,1,1
2026-2027人教英语六上课内提优,4,1
2026-2027学年九年级上册数学单元自测 第一章特殊平行四边形·基础通关,7,1
2026-2027学年九年级上册数学单元自测 第一章特殊平行四边形·基础通关答案,2,1
2026-2027学年人教PEP版英语六年级上册 Unit 1 Amazing landmarks 课内基础提优,3,1
2026-2027学年历史综合测试卷1,3,1
2026-2027学年历史综合测试卷1浙江名校,17,1
2026-2027学年暑假预习检测卷,2,1
2026-2027学年浙江名校政治综合测试卷,15,1
2026-2027学年浙江政治综合测试卷,4,1
2026-2027学年译林版英语九年级上册单词表,2,1
2026-2027学年高中,1,1
2026-2027学年高中英语人教版（2019）选择性必修第一册单词抄写衡水体练习字帖,2,1
2026-2027学年高中，选择性必修二英语默写,5,1
2026-2027学年高二生物单元自测 第1章人体的内环境与稳态·基础通关,1,1
2026-2027数学,1,1
2026-2027语文高三一轮复习周测卷衡水金卷先享题,1,1
2026-2027高 一 上学期数学 人教版 必修一,1,1
2026-2027高一地理暑假巩固训练,1,1
2026001卷地理,9,1
2026001物理,1,1
2026002卷历史,1,1
2026020北京市一模卷子,1,1
20261卷英语,1,1
20262卷数学,6,1
20265全国 2卷,1,1
20266年级下册数学期末测试卷宁波,3,1
20266年级下册英语期末测试卷宁波,3,1
20266年级下册语文期末测试卷宁波,6,1
20267中考真题,2,1
20267月浙江化学学考,1,1
20267月浙江地理学考,1,1
20267月，浙江，地理学考,1,1
20267高考真题,1,1
20269师联盟甘肃,14,1
2026A10联盟高三上开学物理,7,1
2026A10联盟高三上开学考英语,1,1
2026T8,2,1
2026T8 湖北物理,1,1
2026T8联考,10,1
2026~2027学年七年级上册七英语单元自测,6,1
2026~2027学年七年级上册英语单元自测,35,1
2026~2027学年中考试卷数学,8,1
2026—2027衡水金卷·先享题高三一轮复习单元检测卷英语外研社版,5,1
2026一2027江门市蓬江区六年级下册语文江门市,1,1
2026一质检,16,1
2026一轮复习,1,1
2026七下期末数学考,8,1
2026七年级上册英语第一二单元动副词转换,7,1
2026七年级下册期末试卷北京,5,1
2026七月份数学期末高二下学期,1,1
2026七月份数学期末高二下葫芦岛学期,1,1
2026三年级上册数学第一单元试卷,1,1
2026三明九上期末数学,7,1
2026三门峡中考英语听力音频,1,1
2026三门峡市二模,1,1
2026三门峡市湖滨区二模,3,1
2026上期七年级 道德与法治期末质量监测祁东,3,1
2026上海中考,5,1
2026上海中考数学模拟卷,4,1
2026上海中考英语,1,1
2026上海奉贤初三一模跨学科,5,1
2026上海小学生的,4,1
2026上海市中考模拟卷,3,1
2026上海市高考一模听力,2,1
2026上海市高考一模听力汇编,3,1
2026上海晋元分班考高一,1,1
2026上海秋考真题,3,1
2026上海英语高考卷,1,1
2026上海金山区中考一模,1,1
2026上海金山区英语中考一模,1,1
2026上海金山物理二模,1,1
2026上海高三,1,1
2026上海高三竞赛,1,1
2026上海高考一模真题,1,1
2026上海高考数学,1,1
2026世少赛三年级全国总测试试题,1,1
2026东城高一上数学,1,1
2026东营二模,11,1
2026东营高三一模化学,1,1
2026中考南通,1,1
2026中考历史四川巴中,7,1
2026中考地理试卷,1,1
2026中考广州二中化学真题,1,1
2026中考广州化学真题,2,1
2026中考数学二轮备考,2,1
2026中考数学二轮备考  二次函数的建模,1,1
2026中考数学安徽,3,1
2026中考数学济南,6,1
2026中考数学济南高新区,1,1
2026中考数学甘肃省武威市,4,1
2026中考数学真题,16,1
2026中考数学福建,2,1
2026中考数学试卷,4,1
2026中考数学长沙,1,1
2026中考数学黑龙江,2,1
2026中考新疆,4,1
2026中考模拟伴侣提升练习2英语,2,1
2026中考湖北,2,1
2026中考物理试卷,3,1
2026中考真题卷,1,1
2026中考真题卷安微省,3,1
2026中考福建数学,1,1
2026中考试卷安徽,2,1
2026中考试卷安徽数学,2,1
2026中考试卷安徽物理,3,1
2026中考语文,1,1
2026中考语文作文,3,1
2026中考语文卷,2,1
2026中考语文真题,8,1
2026中考语文辽宁,15,1
2026中考郑州一模,1,1
2026中考郑州二模英语,2,1
2026临夏州高二期末考试语文试卷,7,1
2026临床医学全科考研试卷,2,1
2026临床医学考研试卷,3,1
2026临沂中考,2,1
2026临沂中考语文,2,1
2026临沂市一模数学,1,1
2026临沂市一模数学高三,1,1
2026临沂市高一期末数学试卷,2,1
2026临沂市高二期中数学试卷,4,1
2026临沂高一下学期期末,3,1
2026临高县小学六年级学业水平测试卷,27,1
2026乐陵市数学八年级上册期中考题,1,1
2026九上人教英语成都,3,1
2026九台31中八下数学期末卷,1,1
2026九台波泥河中学八下数学期末卷,1,1
2026九年级上册必刷题,1,1
2026九年级语文第一课默写清单,3,1
2026九省,2,1
2026九省联考,15,1
2026二卷文综新疆,2,1
2026二卷生物,1,1
2026云南中考语文,4,1
2026云南模拟预测,1,1
2026云南模拟预测物理,1,1
2026云南模拟预测高中物理,3,1
2026云南浙江中考地理,2,1
2026云南省数学学业水平考试,3,1
2026云南省普通高中学业水平生物春季,7,1
2026云南省普通高中学业水平生物秋季,3,1
2026云南省普通高中学业水平考试语文,3,1
2026云南高考,2,1
2026人教版五年级上英语仿写专项训练,1,1
2026人教版五年级英语仿写专项训练,3,1
2026仁寿七下数学期中试卷,1,1
2026仁寿七下数学试卷,3,1
2026仁爱科普版九上人教英语八个单元重点,2,1
2026佛山一模,12,1
2026佛山二模数学,1,1
2026佛山八年级数学期末,3,1
2026佛山南海区八年级语文期末考试,3,1
2026佛山市统考数学高二,2,1
2026佛山统考高二,1,1
2026佛山调研,9,1
2026俄语高考试卷真题,3,1
2026保定高新区九年级上册英语期中考试,5,1
2026保定高新区九年级上化学期中考试,5,1
2026全,1,1
2026全品练习册英语外研版选择性必修一电子版,2,1
2026全国,1,1
2026全国 2卷生物,1,1
2026全国 一卷 数学真题,1,1
2026全国 一卷 数学真题高考,1,1
2026全国1、2语文高考卷,3,1
2026全国1卷化学,1,1
2026全国1卷英语,2,1
2026全国2卷语文,1,1
2026全国2卷语文真题,1,1
2026全国一卷物理,1,1
2026全国一卷理综真题,1,1
2026全国一卷英语,2,1
2026全国一卷高考,1,1
2026全国一卷高考政治,3,1
2026全国二卷,6,1
2026全国二卷 高考数学,3,1
2026全国二卷 高考物理,2,1
2026全国二卷 高考语文,2,1
2026全国二卷地理四川卷高考,1,1
2026全国二卷数学,1,1
2026全国二卷物理四川卷,4,1
2026全国二卷生物,1,1
2026全国二卷英语听力mp3,1,1
2026全国二卷语文,2,1
2026全国化学高考1卷,1,1
2026全国政治,8,1
2026全国数学1卷,3,1
2026全国数学2卷,1,1
2026全国数学高考1卷,8,1
2026全国新高考2卷数学,1,1
2026全国物理高考1卷,8,1
2026全国生物高考1卷,1,1
2026全国甲卷英语,1,1
2026全国省联考高二,5,1
2026全国竞赛试题,6,1
2026全国统一高考一卷英语,1,1
2026全国英语一卷,3,1
2026全国高中数学联赛一试,4,1
2026全国高考,3,1
2026全国高考二卷,1,1
2026全国高考二卷语文,2,1
2026全国高考数学1卷,4,1
2026全国高考英语预测卷,11,1
2026全市初中九年级第一次质量调查,2,1
2026全省普通高中学业水平等级考试,1,1
2026全省普通高中学业水平等级考试历史,4,1
2026八上硚口语文期末试卷,3,1
2026八下册期末物理试卷,1,1
2026八下册期末物理试卷灵山县,3,1
2026八下四十八中期末卷,1,1
2026八下期末考试,3,1
2026八下石家庄四十八中期末卷,2,1
2026八年级上册册期期中数学天津,11,1
2026八年级上册册期期末英语天津,1,1
2026八年级下学期,20,1
2026八年级英语期末试卷,1,1
2026八年级西城初二下英语,5,1
2026八年级道法试卷,2,1
2026六年级下册数学期末雨花区,2,1
2026六年级语文三单元试卷,3,1
2026六年级语文三单元试卷泰州市,1,1
2026六年级语文三单元试卷泰州市六年级上册,1,1
2026兰州中考,1,1
2026内蒙古中考,3,1
2026内蒙古中考试题答案,2,1
2026内蒙古初中学业水平考试真题,1,1
2026内蒙古自治区包头市第九中学自主招生数学试卷,1,1
2026内蒙古自治区包头市自主招生数学试卷,1,1
2026内蒙古自治区语文考试中考,1,1
2026内蒙古赤峰市红山区初二下学期英语期中试题,2,1
2026内蒙古赤峰市红山区英语试题,6,1
2026内蒙古高考,10,1
2026内蒙古高考.,1,1
2026凉山州高一期末试卷,6,1
2026凉山州高二,4,1
2026凉山零诊英语,1,1
2026初一下东城道法期末,4,1
2026初一数学题,1,1
2026初一数学题山东省聊城市高唐县,1,1
2026初一数学题山东省聊城市高唐县上第一单元,3,1
2026初三年级新疆九年级3月诊断,4,1
2026初中人教版英语动词短语,1,1
2026初中人教版英语动词短语搭配,1,1
2026初中地生会考,2,1
2026初中学业水平考试,2,1
2026初二下物理西城区,1,1
2026初二道法试卷,1,1
2026初升高衔接练习题,2,1
2026到2027学年仁爱科普版九年级上册，全单元单词详解,21,1
2026到2027年英语综合测试卷四川名校,1,1
2026到2027秋学期高一年级十月份学情调研,3,1
2026化学T8第一次八省联考,14,1
2026化学湖南卷,9,1
2026化学甲卷,1,1
2026化学福建高考卷,1,1
2026化学高考卷,1,1
2026化学高考卷湖南,3,1
2026北京,2,1
2026北京6月中考,1,1
2026北京东城高一下期末语文,1,1
2026北京中考真题,1,1
2026北京丰台高一下期末语文,1,1
2026北京化学一模,2,1
2026北京化学二模,3,1
2026北京化学高考真题,1,1
2026北京卷数学,1,1
2026北京四中八下数学期末试卷,1,1
2026北京大兴高二下期末英语答案,1,1
2026北京市东城区广渠门中学高二上月考物理,1,1
2026北京市学业水平物理中考,2,1
2026北京市西城区期末物理试卷八下。,4,1
2026北京师范大学附属中学月考,11,1
2026北京房山一模英语,1,1
2026北京房山高三一模英语,5,1
2026北京房山高三一模英语答案,1,1
2026北京房山高三一模英语解析,1,1
2026北京数学,1,1
2026北京数学高考,1,1
2026北京朝阳二模,2,1
2026北京朝阳二模英语,1,1
2026北京海淀高考一模,1,1
2026北京英语高考题,3,1
2026北京西城区初二下语文期末,2,1
2026北京西城区化学高二下期末,1,1
2026北京西城区语文高二下期末,6,1
2026北京通州期末数学试卷,3,1
2026北京通州期末物理试卷,1,1
2026北京道法中考真题,1,1
2026北京高一下生物,18,1
2026北京高考历史,1,1
2026北京高考政治,1,1
2026北京高考数学,1,1
2026北京高考生物,3,1
2026单招数学题,1,1
2026南京,2,1
2026南京中考,1,1
2026南京中考数学,5,1
2026南京二模英语,1,1
2026南京大学强基,1,1
2026南京市高三九月学情调研,2,1
2026南京高三9月英语,3,1
2026南充市高二下期期末英语,1,1
2026南岗区期末,7,1
2026南开数学期末,3,1
2026南开数学期末八年级,1,1
2026南昌一模数学试卷,2,1
2026南海区数学八年级期末考试,1,1
2026南通一模语文,1,1
2026南通中考真题语文,1,1
2026南通中考英语卷,1,1
2026南阳市高一期末数学卷子,1,1
2026南阳市高一期末物理试卷,2,1
2026南阳市高一期末生物试卷,2,1
2026历史,1,1
2026历史八下中山期末,1,1
2026历史四川,1,1
2026历史高考广东,2,1
2026历史高考真题,2,1
2026厦门初中数学模拟,3,1
2026古诗词,5,1
2026台儿庄五年级期中考试,1,1
2026台儿庄八年级期中末考试,1,1
2026台儿庄八年级期中考试,1,1
2026台儿庄八年级期末考试,3,1
2026各地高考化学卷,3,1
2026合肥一模英语,2,1
2026合肥六中高二下期末,3,1
2026合肥寿春中学期中,3,1
2026合肥寿春中学期中物理,2,1
2026合肥市高三第一次教学质量检测,1,1
2026吉林八下数学期未卷,2,1
2026吉林省中考物理,2,1
2026吉林省语文点石联考,6,1
2026名校课堂,2,1
2026名校课堂华师,1,1
2026哈六俄语,1,1
2026哈尔滨中考,3,1
2026哈尔滨南岗八下数学期末卷,1,1
2026哈尔滨市中考南岗模拟题,3,1
2026哈尔滨市中考模拟题,3,1
2026唐县八年级第二学期期末考试试卷,2,1
2026商南期末卷,1,1
2026嘉兴市一模,1,1
2026嘉兴市一模生物,1,1
2026嘉兴市八年级下册英语期末,1,1
2026四下数学期末试卷,3,1
2026四十三中化学期末考试,1,1
2026四川南充春季历史初二期末试卷,2,1
2026四川南充春季政治初二期末试卷,3,1
2026四川南充春季数学期末试卷答案,8,1
2026四川南充春季数学试卷,1,1
2026四川南充春季物理初二期末试卷,3,1
2026四川南充春季物理期末试卷,2,1
2026四川南充春季英语初二期末试卷,3,1
2026四川南充春季语文初二期末试卷,4,1
2026四川名校联盟联考,4,1
2026四川巴中七年级下册语文期末试卷,2,1
2026四川巴中七年级下册道德期末试卷,1,1
2026四川巴中七年级数学期末试卷,4,1
2026四川广元中考数学,3,1
2026四川广元中考数学答案,1,1
2026四川广元市高二期末卷,1,1
2026四川德阳 中考卷,9,1
2026四川成都外国语学校月考数学,19,1
2026四川省成都市中考试卷,6,1
2026四川眉山高二,1,1
2026四川眉山高二下册期末,5,1
2026四川眉山高二期末,3,1
2026四川罗江中学模拟数学,7,1
2026四川高考,3,1
2026四川高考思想政治,4,1
2026地理二卷高考,2,1
2026地理天利三十八套,3,1
2026地理学考试卷,1,1
2026地理期末考试卷,5,1
2026大兴高一下期末物理,5,1
2026大连中考英语,3,1
2026大连西岗区物理,3,1
2026天星教育金考卷特快专递全国各省市高考试题汇编高中化学全册通用版,1,1
2026天星教育金考卷特快专递全国各省市高考试题汇编高中化学第1期,14,1
2026天津一中,4,1
2026天津一中高三,1,1
2026天津中考数学,1,1
2026天津中考英语,1,1
2026天津南开区高三一模,5,1
2026天津和平二模,4,1
2026天津市南开中学高三物理一月考,1,1
2026天津市南开中学高三生物一月考,8,1
2026天津市南开中学高三语文一月考,1,1
2026天津市南开区五上期末,1,1
2026天津市数学高考,4,1
2026天津数学中考,1,1
2026天津河西数学检测,1,1
2026天津物理等级考,4,1
2026天津高一上期末,8,1
2026天津高三一模,1,1
2026天津高考数学,4,1
2026天津高考数学真题,1,1
2026天津高考英语,3,1
2026天津高考英语一考,4,1
2026天津高考语文试卷,1,1
2026太原师范学院附属中学高三分班考化学,4,1
2026太原师范学院附属中学高三分班考语文,2,1
2026威海中考,7,1
2026威海八年级下册数学,1,1
2026威海模拟,9,1
2026威海环翠区八年级下册数学,1,1
2026孝义期末初二,1,1
2026学业水平考,1,1
2026学年第二学期八年级，英语阿克苏地区英语试卷。,7,1
2026学年第二学期期末检测高二地理,1,1
2026学年高一下学期期末,2,1
2026学期云南省会泽县金钟镇八年级数学期末考试卷,6,1
2026学考卷浙江,1,1
2026学考历史,1,1
2026学考历史浙江,2,1
2026学考地理,1,1
2026学考数学浙江,1,1
2026学考湖南,3,1
2026宁乡数学竞赛,9,1
2026宁夏中考,3,1
2026宁夏中考数学卷,3,1
2026宁夏中考真题卷,3,1
2026安徽中考,5,1
2026安徽会考,3,1
2026安徽六校联考,1,1
2026安徽六校高三素质检测英语,5,1
2026安徽地理高考真题,15,1
2026安徽天一,9,1
2026安徽安庆高一物理人教版第一章小测卷,2,1
2026安徽宣城高一上期末,2,1
2026安徽省A10联盟高三上开学考英语,2,1
2026安徽省中考英语,2,1
2026安徽省六校联考,10,1
2026安徽省县域高中共享联盟7月期末联考,11,1
2026安徽省物理,1,1
2026安徽省皖南八校高三上开学考数学,3,1
2026安徽省高考物理,2,1
2026安徽省，1号卷A10联盟数学高三,6,1
2026安徽语文中考试题,1,1
2026安徽高一物理人教版第一章小测卷,1,1
2026安徽高考物理,2,1
2026安徽高考物理真题,2,1
2026安徽高考物理真题解析,2,1
2026安徽高考物理试卷,10,1
2026宿迁中考真题,3,1
2026宿迁高三开学考,1,1
2026小升初固原市西吉县数学统考卷,3,1
2026小升初数学期末雨花区,1,1
2026小升初数学试卷信阳市,9,1
2026小升初数学试卷广西南宁,7,1
2026小升初浦北,17,1
2026小升初语文,1,1
2026届 武汉市 2026 届高中毕业生五月供题,2,1
2026届 武汉市 2026 届高中毕业生四月调研考试,1,1
2026届 炎德联考高三月考化学,1,1
2026届 镇海中学 高三月考 语文,1,1
2026届 长郡中学 炎德英才 月考 雅礼中学 高三月考,1,1
2026届 长郡中学 炎德英才 月考? ?雅礼中学 高三月考,5,1
2026届11月高三跨市联合调研卷,21,1
2026届T8第一次联考数学,1,1
2026届T8联考数学,1,1
2026届上海市高三一模,5,1
2026届上海市高三一模化学,2,1
2026届上海市高三一模生物学,2,1
2026届上海市高三上学期期末,2,1
2026届上海市高三上学期第一次月考,5,1
2026届上海市高三数学一轮复习,1,1
2026届东城区高三二模政治试卷,3,1
2026届中考数学,14,1
2026届云南省昭通市一中等三校2高三备考实用性联考卷 生物试题,3,1
2026届信阳市部分学校高三年级第二次模拟考试,1,1
2026届华中师范大学第一附属中学高三年级英语5月适应考试,2,1
2026届大理州高中毕业生第一次复习,4,1
2026届安徽高三语文全真模拟试卷,2,1
2026届山东东营市高三一模物理试题,6,1
2026届山东泰安市高三下学期一轮检测 物理试题,1,1
2026届山东淄博市高三一模物理试题,3,1
2026届山东青岛市胶州市高三下学期一 模物理试题,2,1
2026届山东青岛第五十八中学高三一模 调研物理试题,2,1
2026届巴蜀名师联合命制高考最后一卷一,6,1
2026届广东省高三四校联考,12,1
2026届广州市高三年级调研测试,1,1
2026届广西柳州新高三摸底考试数学,4,1
2026届广西柳州高二6月期末考试地理,3,1
2026届成都市高三第一次诊断性检测 物理试题 解析,3,1
2026届成都市高三第二次诊断性检测 物理试题 解析,3,1
2026届新高三学情摸底卷,1,1
2026届朝阳区高三二模政治试卷,4,1
2026届江苏省如皋中学高三上学期一轮复习摸底考试,4,1
2026届江苏省徐州市部分示范性高中高三上学期7月摸底考试英语,3,1
2026届河北省沧州高三下学期一模二模试卷,1,1
2026届河北省石家庄回民中学高三下学期一模文综二模试卷,6,1
2026届河北省石家庄高三下学期一模文综二模试卷,4,1
2026届河南华大新高考联盟高三下学期5月联考语文试卷,3,1
2026届济南高三上学期开学摸底考试 化学试题,1,1
2026届浙江温州市普通高中高三上学期第一次适应性考试英语试题,3,1
2026届浙江省七彩阳光联盟高三暑假返校联考一模英语,2,1
2026届浙江省名校协作体高三上学期,31,1
2026届浙江省名校协作体高三上学期一模,11,1
2026届浙江省名校协作体高三上学期一模英语,2,1
2026届浙江省天域全国名校,3,1
2026届浙江省稽阳联谊高三上学期一模英语试题,3,1
2026届浙江省绍兴市高三上学期11月选考科目诊断性考试一模物理试题,1,1
2026届湖北武汉市高三年级5月份英语卷,4,1
2026届潍坊市高三5月高考模拟考,5,1
2026届炎德联考高三月考化学,3,1
2026届福建省漳州市高中毕业班第三次教学质量检测,1,1
2026届福建省漳州市高中毕业班第二次教学质量检测,1,1
2026届福建福州市高三下学期5月适应性练习物理试题,4,1
2026届秋季高一数学培优讲义,6,1
2026届绍兴高三二模语文试卷,4,1
2026届英语名校联考语法填空,3,1
2026届蓉城联盟高三入学考,5,1
2026届西城区高三一模政治试卷,2,1
2026届贵州新高考高端精品冲刺卷,5,1
2026届长郡中学高三保温卷（一）英语试题,2,1
2026届高三T8联考数学,2,1
2026届高三T8联考数学试卷,6,1
2026届高三上学期英语听力模拟训练二十九套,2,1
2026届高三中国古代历史易错100题,3,1
2026届高三入学考试,4,1
2026届高三入学考试日语试卷,1,1
2026届高三年级9月教学质量诊断检测数学,3,1
2026届高三年级一月联考,7,1
2026届高三数学一轮复习,3,1
2026届高三日语考试,24,1
2026届高三物理培优讲义 动量能量综合 名校真题汇编,3,1
2026届高三生物一轮复习默写小纸条,9,1
2026届高三统编部版中外历史刚要上一轮复习,4,1
2026届高三英语上学期一轮复习专项训练,5,1
2026届高三英语二轮复习,1,1
2026届高考+应用文写作高分句式汇总,8,1
2026届高考全真模拟,14,1
2026届高考数学一轮复习考点精析与题型全解（上海专用）讲义,3,1
2026届高考英语688高频词汇,15,1
2026届高考英语二轮复习·应用文阅读理解专项练习题,2,1
2026届高考语文全真模拟卷,2,1
2026届高考语文易考成语整理,6,1
2026山东东营高二下期末数学,3,1
2026山东中考数学,2,1
2026山东中考真题,1,1
2026山东二模物理,4,1
2026山东化学高考,8,1
2026山东博兴七年级数学期末试卷,4,1
2026山东卷,1,1
2026山东卷政治,3,1
2026山东德州中考,1,1
2026山东德州中考化学试题,1,1
2026山东政治,1,1
2026山东日照二模数学,1,1
2026山东淄博高三二模化学,3,1
2026山东滨州滨城区第一学期七年级期末数学,8,1
2026山东滨州滨城区第二学期七年级期末,2,1
2026山东滨州滨城区第二学期七年级期末数学,4,1
2026山东滨州滨城区第二学期七年级期末生物,5,1
2026山东滨州滨城区第二学期七年级期末生物期末,1,1
2026山东烟台高三诊断性测试英语试题（一模）,1,1
2026山东物理,5,1
2026山东省初中学业水平考试,1,1
2026山东省实验中学高一下期中语文,1,1
2026山东省济南市高一下期末物理,1,1
2026山东省烟台市高考第一次诊断性考试,1,1
2026山东省青岛市即墨区高一年级统考下学期英语卷,3,1
2026山东省高考化学,7,1
2026山东统考,7,1
2026山东聊城高一下学期期末生物,1,1
2026山东聊城高二上学期期中数学,2,1
2026山东聊城高二上学期期末数学,1,1
2026山东金乡初中七年级期末数学试题,1,1
2026山东金乡初中八年级上册期中数学试题,2,1
2026山东高三二模物理,4,1
2026山东高二二模物理,1,1
2026山东高考地理,2,1
2026山东高考政治真题,4,1
2026山东高考数学,3,1
2026山东高考物理化学生物卷,1,1
2026山东高考英语,2,1
2026山东高考试卷,1,1
2026山西大同中考真题,3,1
2026山西太原二模,1,1
2026山西省九省联考,2,1
2026山西省九省联考英语,3,1
2026山西运城数学二模,5,1
2026山西运城数学二模高三,1,1
2026山西高考语文作文,2,1
2026巴中中考数学,5,1
2026巴蜀中学八上数学期末,6,1
2026巴蜀中学月考卷（六）,4,1
2026希望杯四年级,1,1
2026平凉静宁五年级期末下数学,4,1
2026平凉静宁五年级期末下英语,2,1
2026平顶山高一下学期期末考试卷及答案(九科全),1,1
2026年 全国二卷 数学,4,1
2026年 江苏省连云港市赣榆区期末统考,9,1
2026年 江苏省镇江市高一下期末英语试卷,1,1
2026年 湖南省政治高考试卷,2,1
2026年01卷全国高考地理,4,1
2026年01卷全国高考英语英语,2,1
2026年1 月1号浙江高考 英语,1,1
2026年1 月浙江高考 英语,2,1
2026年13市中考真题,1,1
2026年1月,1,1
2026年1月普通高等学校招生全国统一考试全国I卷浙江英语,6,1
2026年1月普通高等学校招生全国统一考试（全国I卷.浙江）英语,2,1
2026年1月济南市高二期末学习质量检测生物试卷,1,1
2026年1月浙江历史高考真题,1,1
2026年1月浙江省普通高校招生选考科目考试,1,1
2026年1月浙江省普通高校招生选考科目考试模拟卷化学试题,4,1
2026年1月浙江省普通高校招生选考科目考试生物学。,3,1
2026年1月浙江省高考历史试卷,2,1
2026年1月浙江高考,2,1
2026年1月浙江高考化学,3,1
2026年1月福建高中合格考试卷,2,1
2026年1黑龙江省牡丹江市普通高中学业水平合格考试考试政治卷,7,1
2026年2卷语文,1,1
2026年2月夏天杯青岛市局,1,1
2026年2月夏天杯青岛市局属公办高中,3,1
2026年2月夏天杯青岛市局属公办高中自主招生,8,1
2026年4月高考模拟考试,13,1
2026年5月湖南省长郡中学高三月考,1,1
2026年5月湖南省长郡中学高三月考（十）,1,1
2026年5月湖南省长郡中学高三月考（十）英语听力,2,1
2026年5月湖南省长郡中学高三英语月考（十）英语听力,1,1
2026年6月丽水期末通用,1,1
2026年6月浙江省宁波九校高二下学期期末考试生物,3,1
2026年6月浙江省普通高校招生选考科目考试历史试题,1,1
2026年6月浙江省普通高校招生选考科目考试历史试题.......................2,3,1
2026年6月浙江省普通高校招生选考预测卷历史。,3,1
2026年6月浙江高考数学,3,1
2026年7年级下册山东省烟台市栖霞市期末考试,1,1
2026年7年级下期末考试卷,1,1
2026年7月15日物理作业,1,1
2026年7月云南省普通血液水平合格性考试数学仿真模拟卷四,10,1
2026年7月广东省深圳市高二期末考试,1,1
2026年7月普通高中学业水平合格考试黑龙江,1,1
2026年7月浙江化学学考,1,1
2026年7月浙江学考卷,2,1
2026年7月浙江省普通高中学业水平考试,11,1
2026年7月浙江省普通高中学业水平考试地理,1,1
2026年7月黑龙江省普通高中学业水平合格性考试语文,1,1
2026年8年级下册人教版英语期末试卷。,3,1
2026年8年级下册武汉市英语期末考试,21,1
2026年8年级下册永春县英语试卷,2,1
2026年8月联考,7,1
2026年9年级武汉市英语五调,2,1
2026年I卷语文,2,1
2026年WMO试题九年级,12,1
2026年cmo数学真题。,1,1
2026年七下期末考题天津英语,1,1
2026年七下期末考题天津英语河北区,1,1
2026年七年级下册数学呼伦贝尔市阿荣旗,1,1
2026年七年级下册期中试卷,1,1
2026年七年级下册英语呼伦贝尔市阿荣旗,2,1
2026年七月份广东省江门市高二数学调研测试,3,1
2026年三明市高一数学期末考试卷,1,1
2026年上头市朝阳实验学校高二期末数学考试,1,1
2026年上学期期末质量监测五年级语文下册,9,1
2026年上学期高一年级期末测试试题,6,1
2026年上学期高一期末考试数学,4,1
2026年上学期高一期末考试物理,3,1
2026年上海中考数学试卷,1,1
2026年上海六年级数学下册期末试卷,5,1
2026年上海卷数学,1,1
2026年上海数学高考真题,1,1
2026年上海英语高考二轮复习,5,1
2026年上海高考数学卷,1,1
2026年上海高考试题,6,1
2026年上海黄埔高三一模数学,2,1
2026年东北三省名校联考高三二模语文,1,1
2026年东莞中考考试试卷,1,1
2026年中山市八年级下册数学期末试卷,2,1
2026年中山纪念中学高二下学期期末考试,2,1
2026年中招学科第二次调研试卷 九年级英语 安阳,1,1
2026年中招考试卷子,4,1
2026年中考作文真题,4,1
2026年中考兴化市物理试卷,4,1
2026年中考内蒙古自治区初中学业水平考试,3,1
2026年中考安徽,1,1
2026年中考数学,2,1
2026年中考数学卷,1,1
2026年中考数学真题卷,1,1
2026年中考数学真题卷新疆,3,1
2026年中考新疆阿克苏录取分数线。,1,1
2026年中考模拟卷热点版武汉专用,3,1
2026年中考物理必记易错易混,5,1
2026年中考物理必记易错易混知识点90点,7,1
2026年中考真题分类,2,1
2026年中考福建生物,6,1
2026年中考英语1600次,1,1
2026年中考英语1600词,7,1
2026年中考英语完形填空375组必考固定搭配,1,1
2026年中考英语真题,1,1
2026年中考英语试卷河南,1,1
2026年中考英语试卷福建,1,1
2026年中考语文,9,1
2026年中考语文一轮复习讲测练,4,1
2026年中考语文试卷,2,1
2026年中考邹城市物理试卷,1,1
2026年中考青岛,3,1
2026年中考题,1,1
2026年中考题内蒙古赤峰市敖汉旗,1,1
2026年中考题历史,1,1
2026年丰台高二下期末,1,1
2026年乐山中考卷子,2,1
2026年乐陵市高三高考试题,8,1
2026年九上语文古诗文默写小测,7,1
2026年九年级上册数学人教版,4,1
2026年九年级上册数学期末考试广州市白云区,4,1
2026年九年级上册新版人教版期中测试卷数学,1,1
2026年九年级下册中考试题,4,1
2026年九年级中考,1,1
2026年九年级英语鲁教版全一册测练考,4,1
2026年于都县数学期末考试卷,2,1
2026年云南省中考试卷,3,1
2026年云南省高中学业水平英语试卷答案,1,1
2026年云南高考语文试卷,5,1
2026年云南高考语文试卷真题,2,1
2026年五下数学曾都区,2,1
2026年五年级下册语文期末试卷人教版真题,1,1
2026年五年级数学卷子南海区,6,1
2026年会考,2,1
2026年保定市高二期末考试,10,1
2026年全国一卷化学,1,1
2026年全国一卷语文高考真题卷,1,1
2026年全国一卷高考真题,2,1
2026年全国一卷高考英语,2,1
2026年全国中小学校第五届暑假强师计划,1,1
2026年全国二卷,1,1
2026年全国二卷数学,3,1
2026年全国二卷物理,1,1
2026年全国二卷理综试题,1,1
2026年全国二卷英语试题,1,1
2026年全国八年级物理竞赛试卷,3,1
2026年全国卷语文,1,1
2026年全国各地语文中考题,2,1
2026年全国普通高中数学试卷,1,1
2026年全国语文卷,1,1
2026年全国高中数学联赛决赛。数学真题。,1,1
2026年全国高考一卷,1,1
2026年全国高考一卷英语,2,1
2026年全国高考一卷语文,2,1
2026年全国高考二卷,1,1
2026年全国高考二卷作文范文,1,1
2026年全国高考二卷化学,1,1
2026年全国高考二卷语文四川,1,1
2026年全国高考卷语文,1,1
2026年全国高考数学一卷,1,1
2026年全国高考数学一卷模拟2,1,1
2026年全国高考英语一卷二次开发,2,1
2026年全国高考语文卷,1,1
2026年全国高考预测卷英语,6,1
2026年全省初中学生水平考试 试题山东统考 语文,1,1
2026年全省普通高中学业水平等级考试历史,4,1
2026年八下期末考试,1,1
2026年八下物理期末,1,1
2026年八年级下册数学期末考试卷广安,2,1
2026年八年级下册期末测试卷,2,1
2026年八年级下册英语期末考试,1,1
2026年八年级数学暑假作业天天练,4,1
2026年八年级物理竞赛试卷,1,1
2026年八年级生地,1,1
2026年八省联考英语卷子内蒙,1,1
2026年公考真题,1,1
2026年六年级潮州湘桥英语试卷,3,1
2026年六年级福建省厦门市思明区松柏小学,1,1
2026年六年级齐河县科学,1,1
2026年六校联考高二,5,1
2026年六校联考高二下期末考试,12,1
2026年六盘水高二,1,1
2026年兰州市中考物理试卷,3,1
2026年内蒙古中考题历史,1,1
2026年内蒙古自治区初中学业水平考试,2,1
2026年内蒙古赤峰市松山区中考数学题,2,1
2026年内蒙古通辽市高一,1,1
2026年凉山州中考,2,1
2026年初三,1,1
2026年初中8年级下册西青区期末试卷英语,1,1
2026年初中地理学业水平考试试卷,3,1
2026年初中毕业学业考试模拟试卷化学试题卷,3,1
2026年初二两江南开期末考试原卷,1,1
2026年初二试题数学,10,1
2026年初二重庆两江南开期末考试原卷,2,1
2026年化学高考题,1,1
2026年北京一零一初一下英语期末,2,1
2026年北京一零一初二上数学期末,1,1
2026年北京中考,3,1
2026年北京中考数学试卷,1,1
2026年北京中考数学试卷及答案解析,1,1
2026年北京中考英语完型填空真题,1,1
2026年北京中考英语试卷及答案解析,2,1
2026年北京中考英语试卷真题,3,1
2026年北京丰台高二下期末,1,1
2026年北京历史高考题,2,1
2026年北京市中考真题,3,1
2026年北京市丰台区高三二模化学,2,1
2026年北京市丰台区高三二模物理,3,1
2026年北京市历史学业水平考试（朝阳卷）,1,1
2026年北京市通州区8年级下册物理试卷,1,1
2026年北京市顺义区高二上数学,4,1
2026年北京市顺义区高二上数学期末试卷全区统考,5,1
2026年北京市顺义区高二下期末数学试卷,6,1
2026年北京海淀区期末八上生物,6,1
2026年北京海淀高三二模语文,1,1
2026年北京英语中考试卷答案,5,1
2026年北京高考地理真题,1,1
2026年北京高考数学,1,1
2026年北京高考数学真题,3,1
2026年北京高考物理,4,1
2026年北京高考物理真题,2,1
2026年北塔中学八年级下册数学,1,1
2026年北塔八年级下册数学,1,1
2026年北流市八年级下期末卷,7,1
2026年北流市八年级期末卷,4,1
2026年南京数学中考卷,10,1
2026年南昌小升初数学期末试卷,30,1
2026年南江中学第一月月考,1,1
2026年南江中学第一月月考高一,2,1
2026年南海区期末数学八年级下册,1,1
2026年南海区期末物理八年级下册,1,1
2026年南海区期末英语八年级下册,3,1
2026年南海区期末语文八年级下册,2,1
2026年博山中考真题,4,1
2026年博山数学中考真题,1,1
2026年历史甘肃卷,1,1
2026年厦门市期末高一下学期数学期末考试,4,1
2026年各省高考真题,2,1
2026年合肥四十二中九年级三模绿色评价英语试卷,13,1
2026年合肥市高中合格性考试,3,1
2026年吉林省中考,5,1
2026年吉林省中考真题长春十一高入学考试,1,1
2026年名师测控九年级上册,1,1
2026年名师测控九年级上册人教版湖北专版电子版,1,1
2026年和平二模英语,1,1
2026年咸宁市六年级下册数学期末试卷,6,1
2026年咸宁市初一上学学期数学期末试卷,2,1
2026年咸宁市小升初六年级数学期末试卷,2,1
2026年咸宁市小升初学期数学期末试卷,1,1
2026年哈尔滨市七十三英语高一,3,1
2026年哈尔滨市师附学英语,1,1
2026年哲理七年级上学期数学期末卷子,2,1
2026年四川南充期末,2,1
2026年四川卷化学,11,1
2026年四川合格考试生物,2,1
2026年四川广安中考数学试卷,3,1
2026年四川成都高三模拟 数学试卷,1,1
2026年四川物理,1,1
2026年四川省成都市高中数学,1,1
2026年四川省成都市高中数学高一,1,1
2026年四川省成都市高中数学高一上,7,1
2026年四川省遂宁市八年级下册数学期末卷,5,1
2026年四川省遂宁市八年级下册英语期末卷,3,1
2026年四川省高考物理试卷,5,1
2026年四川高一合格考试生物,6,1
2026年四川高考历史试题,3,1
2026年地生会考河南卷,2,1
2026年大理州,3,1
2026年大连市高三双基模拟考试化学,3,1
2026年大连市高三双基模拟考试文,1,1
2026年大连市高三双基模拟考试语文,1,1
2026年大连期末考试卷,2,1
2026年天星教育28天预习新高一（含卷子）初中数学全册通用版延边教育出版社,2,1
2026年天津市第一中学高一上物理,1,1
2026年天津市语文中考,2,1
2026年天津市高一上物理,2,1
2026年天津市高考物理,2,1
2026年天津数学中考真题,3,1
2026年天津英语一考,1,1
2026年天津部分区高一物理期末试卷,2,1
2026年天津高考英语,3,1
2026年天津高考英语真题,3,1
2026年天津高考语文,2,1
2026年学业水平考试试卷答案。 和田地区墨玉县高一,1,1
2026年宁乡市长郡初中八年级物理,1,1
2026年宁夏中卫第三中学八年级下册英语期末卷子,5,1
2026年宁夏中考数学试卷,3,1
2026年宁夏中考物理,1,1
2026年宁德中考英语高频词表,4,1
2026年宁波市高考一模,3,1
2026年安微中考,2,1
2026年安徽中考地生,1,1
2026年安徽中考政治试卷真题,3,1
2026年安徽中考数学试卷,3,1
2026年安徽对口升学数学真题。,2,1
2026年安徽省中考物理,1,1
2026年安徽省中考物理试题,1,1
2026年安徽省合肥市高考物理第二次质检试卷,2,1
2026年安徽省数学高考卷,8,1
2026年安徽省普通高中学业水平合格性考试生物试卷,4,1
2026年安徽省高考卷,1,1
2026年安徽高考化学,5,1
2026年安徽高考历史真题,4,1
2026年安徽高考真题,7,1
2026年定西八年级下册期末质量检测,8,1
2026年宜宾中考英语真题,3,1
2026年宿迁中考数学试卷正式试卷,3,1
2026年富锦市第一中学高一暑假作业 语文,4,1
2026年寒假验收卷,7,1
2026年对口升学考大专,1,1
2026年小中考,1,1
2026年山东中考,1,1
2026年山东中考物理,3,1
2026年山东中考英语试卷,1,1
2026年山东化学高考题,1,1
2026年山东合格考地理真题,5,1
2026年山东济宁初中学业水平考试生物试题,1,1
2026年山东烟台高三一模,4,1
2026年山东省中考数学试题,1,1
2026年山东省临沂市沂水县八年级下册英语,1,1
2026年山东省实验中学高三历史模拟试题,1,1
2026年山东省德州市高一数学第1次月考试卷,1,1
2026年山东省数学预赛试题,3,1
2026年山东省泰安市新泰市八年级下册英语期末考试,6,1
2026年山东省泰安市新泰市八年级下册英语期末考试带听力,2,1
2026年山东省泰安市新泰市地理中考真题,2,1
2026年山东省烟台市八年级上册物理期中考试,21,1
2026年山东省烟台市芝罘区八年级上册物理期中考试,20,1
2026年山东省生物中考真题,3,1
2026年山东省聊城市阳谷县中考英语试题,17,1
2026年山东省高一数学第1次月考试卷,1,1
2026年山东省高考,1,1
2026年山东语文中考,3,1
2026年山东语文中考题,5,1
2026年山东高考化学真题,7,1
2026年山东高考生物真题,4,1
2026年山东高考生物试卷,16,1
2026年山西省初中学业水平考试语文试题（含答案解析）,4,1
2026年岳阳市岳阳楼区数学期末考试6年级下册,5,1
2026年岳阳市岳阳楼区语文期末考试6年级下册,6,1
2026年崇阳县六年级下册数学期末试卷,4,1
2026年崇阳县六年级下册期末试卷,25,1
2026年崇阳县小升初六年级数学期末试卷,1,1
2026年巴中市高一下学期期末考试化学试卷,1,1
2026年巴中市高一下学期期末考试历史试卷,2,1
2026年巴中市高一下学期期末考试地理试卷,1,1
2026年巴中市高一下学期期末考试政治试卷,3,1
2026年巴中市高一下学期期末考试数学试卷,2,1
2026年巴中市高一下学期期末考试物理试卷,1,1
2026年巴中市高一下学期期末考试生物试卷,1,1
2026年巴中市高一下学期期末考试英语试卷,5,1
2026年巴中市高一下学期期末考试语文试卷,4,1
2026年平遥县，八年级数学,1,1
2026年平顶山市中考语文试卷,1,1
2026年广东东莞中考英语试题,1,1
2026年广东东莞英语中考,1,1
2026年广东中考英语试卷,1,1
2026年广东八年级,1,1
2026年广东八年级生物,2,1
2026年广东春季高考学考英语真题卷,2,1
2026年广东江门期末,13,1
2026年广东物理高考真题,3,1
2026年广东省中考语文试题,6,1
2026年广东省佛山市高二期末语文考试,1,1
2026年广东省初中学业水平考试龙湖一模,1,1
2026年广东省广州市增城区八年级下册数学期末,3,1
2026年广东省汕头市龙湖区中考一模地理试题,6,1
2026年广东省深圳市六校联考,1,1
2026年广东省深圳市六校联考高二期末考试,1,1
2026年广东省深圳市高三年级第二次调研考试,5,1
2026年广东省深圳市高二期末考试,9,1
2026年广东省湛江市霞山区小升初入学分班考试试卷,1,1
2026年广东省湛江市霞山区小升初试卷,13,1
2026年广东省生物高考原卷,1,1
2026年广东省高考原卷,1,1
2026年广东第一次普通高中学业水平合格性考试数学仿真模拟试卷03,1,1
2026年广东茂名高一合格考试卷,1,1
2026年广东茂名高一学考试卷,1,1
2026年广东茂名高一期末考试试卷地理,3,1
2026年广东高考地理,1,1
2026年广元市中考生物,4,1
2026年广安市高一期末数学,1,1
2026年广州中考化学,1,1
2026年广州中考省卷物理,2,1
2026年广州市白云区期末数学试卷七年级下册,2,1
2026年广州市白云区期末语文试卷七年级下册,4,1
2026年广州市花都区期末数学试卷七年级下册,1,1
2026年广州市花都区期末语文.试卷七年级下册,1,1
2026年广州高三调研考试,1,1
2026年广州高三调研考试数学,1,1
2026年广西中考作文真题,4,1
2026年广西中考英语试卷及答案听力,3,1
2026年广西中考语文试卷,19,1
2026年广西北海市期末教学质量检测,1,1
2026年广西北海市高二期末教学质量检测,2,1
2026年广西地理高考,4,1
2026年广西高考历史,1,1
2026年张家界中考真题试卷,1,1
2026年德阳市中考试卷,3,1
2026年德阳市八年级下册期末考物理试卷,1,1
2026年成都中考,3,1
2026年成都中考数学,1,1
2026年成都零模历史,13,1
2026年揭阳市高二下期末统考政治,8,1
2026年政治湖南,3,1
2026年政治高考1卷全国一卷试卷,3,1
2026年数学一模卷,3,1
2026年数学中考真题卷,1,1
2026年数学中考真题卷山东济宁泗水,6,1
2026年数学中考试卷,2,1
2026年数学期末,5,1
2026年文心出版社暑假作业天天练,2,1
2026年新版人教版。生物课本,1,1
2026年新疆和田地区墨玉县第二学期期末试卷,13,1
2026年新疆和田地区第二学期期末试卷,1,1
2026年新疆地区喀什市真题卷语文。中考。,2,1
2026年新疆高中学业水平考试,5,1
2026年新英语小题狂做八年级首字母填空与阅读表达,6,1
2026年新课标高考地理,3,1
2026年新高一初升高化学衔接课程全国通用,3,1
2026年新高考二卷,1,1
2026年新高考二卷英语,1,1
2026年新高考二卷英语真题,1,1
2026年新高考考前模拟a卷,1,1
2026年新高考辽宁二卷数学,1,1
2026年无锡锡东片区期中物理八年级上册,2,1
2026年无锡高二期末全市统考答案,1,1
2026年旺苍县期末八年级下考试物理,2,1
2026年旺苍县期末八年级考试,1,1
2026年旺苍县期末八年级考试物理,1,1
2026年明德中学英语,1,1
2026年春八年级数学华师大同步讲义,5,1
2026年春季学期高二校内期末学业水平质量检测,5,1
2026年春季高一期末生物试卷,3,1
2026年春季高考语文,3,1
2026年春学期末质量调研七年级数学试卷,1,1
2026年春学期末质量调研七年级数学试卷江苏春城,3,1
2026年春学期末质量调研七年级数学试卷江苏镇江,1,1
2026年春招,2,1
2026年春招广东,1,1
2026年春招英语,1,1
2026年春期高中一年级期终质量评估。,2,1
2026年春节学期云南省高中学业水平英语试卷答案,1,1
2026年晋中市，八年级,3,1
2026年普通 高等学校招生全国统一考试 全国一卷语文,2,1
2026年普通 高等学校招生全国统一考试1卷语文,8,1
2026年普通高中学业水平普通性考试广东卷地理,3,1
2026年普通高中学业水平等级考试山东卷,10,1
2026年普通高中学业水平选择性考试江苏卷,4,1
2026年普通高中学业水平选择考试生物学试卷,2,1
2026年普通高等学校招生全国统一考试 全国2卷,4,1
2026年普通高等学校招生全国统一考试 全国I卷语文,1,1
2026年普通高等学校招生全国统一考试一卷,1,1
2026年普通高等学校招生全国统一考试全国I卷,4,1
2026年普通高等学校招生全国统一考试全国I卷浙江英语,4,1
2026年普通高等学校招生全国统一考试全国I卷英语,7,1
2026年普通高等学校招生全国统一考试全国一卷语文试题,4,1
2026年普通高等学校招生全国统一考试卷1数学,3,1
2026年普通高等学校招生全国统一考试模拟试卷,1,1
2026年普通高等学校招生全国统一考试英语,2,1
2026年普通高等学校招生全国统一考试语文,4,1
2026年普通高等学校招生全国统一考试调研测试（一）数学,1,1
2026年普通高等学校招生全国统一考试预测卷：湖南专版,1,1
2026年普通高等学校招生江苏卷物理,13,1
2026年普通高等学校招生选择性考试,54,1
2026年普通高等学校春季招生考试 上海卷,3,1
2026年曲阜英语二模听力音频,2,1
2026年望城区七下期末考试试卷,3,1
2026年望城区八下期末考试试卷,8,1
2026年杭州高二下期末化学统测,2,1
2026年杭州高二下期末地理统测,3,1
2026年杭州高二下期末数学统测,2,1
2026年杭州高二下期末物理统测,2,1
2026年杭州高二期末物理统测,1,1
2026年松柏小学,1,1
2026年柳州市高一下英语期末,1,1
2026年桓台中考,2,1
2026年桓台中考一模,5,1
2026年梅州市高一,1,1
2026年梅州市高一日语,1,1
2026年横山中学期末考试物理。,2,1
2026年武汉中考模拟卷热点版,1,1
2026年武汉中考模拟卷热点版英语,3,1
2026年武汉中考模拟卷热点版英语武汉专用,1,1
2026年武汉中考语文试卷,7,1
2026年汕头朝阳实验学校高二期末数学考试,3,1
2026年江南十校语文,2,1
2026年江苏五年级数学换算单位训练,1,1
2026年江苏南京高三二模语文,1,1
2026年江苏卷生物,1,1
2026年江苏历史高考真题,2,1
2026年江苏合格性测试物理,1,1
2026年江苏合格考化学,1,1
2026年江苏合格考物理,3,1
2026年江苏宿迁高考语文试卷卷,1,1
2026年江苏省13市中考真题,4,1
2026年江苏省中考语文试卷,1,1
2026年江苏省合格考,3,1
2026年江苏省盐城市地理中考试题,7,1
2026年江苏省盐城市射阳县实验初级中学九年级数学二元一次方程,7,1
2026年江苏省高邮中学期中,1,1
2026年江西省赣州市生地会考,1,1
2026年江西赣州适应性考试语文,2,1
2026年江门市蓬江区6年级下学期英语期末考试,1,1
2026年江门市蓬江区6年级下学期语文期末考试,3,1
2026年江门市高二下学期化学期末,4,1
2026年江门市高二下学期物理期末考,3,1
2026年池区中考,4,1
2026年沈阳初三英语一模,2,1
2026年沈阳市皇姑区七年级上学期英语试卷,3,1
2026年沈阳市皇姑区数学题英语试卷,1,1
2026年沈阳英语一模,2,1
2026年沧州高二联考,4,1
2026年河北中考一模历史,1,1
2026年河北中考一模数学,4,1
2026年河北中考数学试卷,3,1
2026年河北化学卷高考卷,1,1
2026年河北省中考英语试题听力,1,1
2026年河北省新高考物理试卷,3,1
2026年河北省普通高中学业水平选择性模拟考试,7,1
2026年河北省普通高中学业水平选择性考试物理,9,1
2026年河北省高考卷,4,1
2026年河南中考英语,1,1
2026年河南省新高考物理试卷,3,1
2026年河南省郑州市高新区枫杨外 国语学校中考一模数学试,1,1
2026年河南高考物理,2,1
2026年河南高考物理试题,1,1
2026年河源中学高一物理第一单元测试,1,1
2026年河源市期末八下,9,1
2026年泰安中考,3,1
2026年泰安市中考数学试卷,16,1
2026年泰州八下物理期末考试,3,1
2026年洛一高科创班试卷,4,1
2026年洛阳市小学生六年级下英语期末考试题,1,1
2026年济南中考数学,1,1
2026年济南中考数学真题,4,1
2026年济南中考数学试卷,1,1
2026年济南市市中区数学期末考试,3,1
2026年济南市市中区期末,1,1
2026年济南市高一下学期期末数学,2,1
2026年济南市高二期末考试,5,1
2026年济南市，历下区,1,1
2026年济南市，历下区英语,2,1
2026年济宁中考,3,1
2026年浏阳市上学期期末质量检测试卷七年级,4,1
2026年浙江一月卷,1,1
2026年浙江一月卷高考,1,1
2026年浙江中考中考利剑,1,1
2026年浙江中考各科答案,1,1
2026年浙江中考科学中考利剑,1,1
2026年浙江中考语文试卷真题与答案,1,1
2026年浙江嘉兴市高三二模英语,4,1
2026年浙江天域全国名校联考高三二模语文,1,1
2026年浙江生物学考,6,1
2026年浙江省中考,1,1
2026年浙江省中考语文试卷,4,1
2026年浙江省学考地理,4,1
2026年浙江省宁波市强基计划数学测试试卷,3,1
2026年浙江省普通高中学业水平考试历史,1,1
2026年浙江省高考历史试卷,3,1
2026年浙江省高考历史试卷首考卷,1,1
2026年浙江省高考数学试卷,2,1
2026年浙江预赛,1,1
2026年浦东新区.高三英语二模,2,1
2026年浦东新区.高三语文二模,2,1
2026年海南省中招考试真题,2,1
2026年海口中学，高二期末考试数学卷,2,1
2026年海淀物理高二下期末,2,1
2026年淄博中考,2,1
2026年淮安中考数学,3,1
2026年深圳中考语文,3,1
2026年深圳市六校联考高二期末考试,11,1
2026年深圳市高三年级第二次调研考试,2,1
2026年深圳高三第一次调研考试,3,1
2026年清城区中考试题,2,1
2026年清远市清城区数学,1,1
2026年清远数学,1,1
2026年湖北云学联盟月考历史,7,1
2026年湖北云学联盟月考历史，高三上学期12月月考,1,1
2026年湖北省期末考试,4,1
2026年湖北省武汉市中考数学试题,4,1
2026年湖北省武汉市江汉区九年级上册期中物理试卷,4,1
2026年湖北省荆州市高二上期中化学试卷,2,1
2026年湖北省荆州市高二上期中数学试卷,10,1
2026年湖北省荆州市高二上期中物理试卷,5,1
2026年湖北英语中考,3,1
2026年湖北高中学业考,1,1
2026年湖北高二下期末化学,1,1
2026年湖北高二下期末生物,3,1
2026年湖北黄冈市中考模拟,6,1
2026年湖南卷普通高等学校招生学业水平考试,1,1
2026年湖南卷高考物理,1,1
2026年湖南常德语文中考试题,3,1
2026年湖南普通高中学业水平合格性考试,2,1
2026年湖南普通高中学业考试,7,1
2026年湖南省中考,4,1
2026年湖南省中考卷考试语文,1,1
2026年湖南省中考卷语文,1,1
2026年湖南省中考数学试卷,1,1
2026年湖南省中考英语,2,1
2026年湖南省中考英语铃声原声,2,1
2026年湖南省初中学业水平考试数学,1,1
2026年湖南省初中毕业性考试语文,1,1
2026年湖南省普通高中学业水平合格性考试,1,1
2026年湖南省普通高中学业水平合格性考试地理试题,1,1
2026年湖南省永州市一模,3,1
2026年湖南省永州市三模物理,6,1
2026年湖南邵东市上学期期末质量监测七年级道德与法治试卷,4,1
2026年湖南高中学业考试,1,1
2026年湖南高二下语文期末考试,2,1
2026年湖南高考历史,2,1
2026年湖州市德清县,13,1
2026年湖州市德清县八下,15,1
2026年滁州市高三年级第一次教学质量监测,1,1
2026年滕州市初二历史,2,1
2026年滨州五第七年级数学期末卷,4,1
2026年滨海新区数学期末试卷,3,1
2026年潍坊7月高一物理期末试题,3,1
2026年澧县七年级下册道法期末试卷,2,1
2026年物理一模,2,1
2026年物理中考真题卷山东济宁泗水,1,1
2026年物理全国各省高考真题,3,1
2026年物理全国各省高考真题分类汇编合集,3,1
2026年物理河南高考卷,1,1
2026年物理高考陕甘青宁卷,4,1
2026年甘肃省高考政治试卷,3,1
2026年甘肃陇南中考真题,1,1
2026年生地会考,6,1
2026年生地辽宁,1,1
2026年生地辽宁初中,1,1
2026年生物高考真题,3,1
2026年省样题青岛,1,1
2026年石家庄中考卷子,1,1
2026年福州三月高三质检地理试题,6,1
2026年福州市质检,4,1
2026年福州延安中学八下期末考试,7,1
2026年福州质检,2,1
2026年福建省中考英语模拟试卷1,5,1
2026年福建省厦门市思明区松柏小学,1,1
2026年福建省高考化学卷,1,1
2026年福建省高考物理,3,1
2026年福建省高考物理卷,1,1
2026年福建高考化学卷,1,1
2026年秋。8年级上册英语外研社单词表。,3,1
2026年秋外研社8年级上册英语单词表。,3,1
2026年秋季学期普通高中学业水平考试,4,1
2026年秋季学期普通高中学业水平考试信息技术,3,1
2026年第三届泽桂杯九年级竞赛卷,6,1
2026年紫金县期末八下,4,1
2026年红桥区八年级下学期道法,1,1
2026年绥化中考英语,1,1
2026年绥化市哈师大青冈实验中学高中学高一业水平考试,1,1
2026年绥化市高中学业水平考试,4,1
2026年绥化市高中学高一业水平考试,1,1
2026年维克多新高中英语听力进阶,3,1
2026年绵阳市期末考试试卷,4,1
2026年舟山市数学期末卷高二,4,1
2026年舟山市物理期末卷高二,8,1
2026年苏州合格考物理,1,1
2026年英语,1,1
2026年英语 高考1卷全国二卷试卷,1,1
2026年英语中考卷,1,1
2026年英语中考试卷,4,1
2026年英语全国一卷,4,1
2026年英语全国二卷,1,1
2026年英语各地中考题,3,1
2026年英语山西高考真题,4,1
2026年英语课标词汇,1,1
2026年英语课标词汇汇总,4,1
2026年英语陕西 高考1卷全国二卷试卷,1,1
2026年英语高考一卷,3,1
2026年英语高考二轮复习,1,1
2026年茂名市高三年级第二次,2,1
2026年茂名市高三年级第二次地理,1,1
2026年茂名市高二期末质量检测,2,1
2026年茂名期末统考数学答案,4,1
2026年菏泽市一模英语,3,1
2026年菏泽市英语第一次模拟,1,1
2026年菏泽市高考英语第一次模拟,1,1
2026年衡水市一模数学初中,9,1
2026年衡阳市八中集团联考高一,6,1
2026年襄阳四中五中自主招生,1,1
2026年西宁中考,1,1
2026年西宁市期末调研试卷七下,6,1
2026年西宁市期末调研试卷八下,2,1
2026年西宁市期末调研试卷高一,2,1
2026年西宁市期末调研试卷高中,2,1
2026年西宁市期末调研试卷高二,1,1
2026年西宁市虎台中学九年级中考一模英语试卷,5,1
2026年西岗区物理,3,1
2026年西藏中考,3,1
2026年西藏自治区生物 地理中考真题,1,1
2026年许昌市初中学业水平考试生物试卷,3,1
2026年许昌市高二下学期期末考语文试卷子,1,1
2026年语文 高考1卷全国一,7,1
2026年语文中考真题,2,1
2026年语文中考真题卷初初中学业水平山东济宁泗水,1,1
2026年语文中考真题卷山东济宁泗水,1,1
2026年语文北京卷,2,1
2026年语文高考卷答案,1,1
2026年贵州市。高中数学联赛预赛。,6,1
2026年贵州省遵义市中考地理试题,10,1
2026年贵州省，数学中考试卷桐梓县,5,1
2026年贵州省，英语中考试卷桐梓县,3,1
2026年贵州省，语文中考试卷桐梓县,3,1
2026年贵州铜仁期末考试卷,2,1
2026年贵州黔东南州文综试卷,2,1
2026年贵州黔西南三模英语卷,1,1
2026年资阳市中考化学,1,1
2026年赣州市生地会考,11,1
2026年赤峰市地理会考试题,18,1
2026年赤峰高二期末考试,6,1
2026年越秀区高一上学期数学,5,1
2026年辽宁中考全套真题,1,1
2026年辽宁中考数学卷,3,1
2026年辽宁中考英语,3,1
2026年辽宁中考英语总复习,4,1
2026年辽宁中考英语总复习(语法+题型)(中考真题+联考模拟),9,1
2026年辽宁中考试卷,1,1
2026年辽宁小中考,2,1
2026年辽宁省中考试卷,2,1
2026年辽宁省初中学业水平考试,1,1
2026年辽宁省初中学业水平考试化学,1,1
2026年辽宁省初中学业水平考试语文,1,1
2026年辽宁省英语中考题,4,1
2026年辽宁高中学业性水平测试真题,1,1
2026年辽宁高中学业性水平测试试卷,6,1
2026年辽宁高考一模物理,3,1
2026年辽宁高考模拟物理,1,1
2026年邯郸市英语保温试题答案,1,1
2026年郑州一年里月考卷子,1,1
2026年郑州小学一年级里月考卷子,1,1
2026年重庆一中初2027届初二下期末定时作业,7,1
2026年重庆中考卷,2,1
2026年重庆高考地理真题,2,1
2026年重庆高考物理卷,1,1
2026年金榜题名黄金假期暑假作业高一语文全册通用版沈阳出版社,3,1
2026年钦州春季高一期末生物试卷,1,1
2026年长春市中考英语试卷,1,1
2026年长春市中考英语试题,1,1
2026年长春市中考试卷,2,1
2026年长春市中考语文试卷,3,1
2026年长沙中考音乐复习资料,7,1
2026年长沙初中学业水平考试,3,1
2026年长沙县八年级上册期中考试物理,11,1
2026年长沙县八年级上册期末考试语文,1,1
2026年长沙市九年级上册第一次月考,1,1
2026年长沙市九年级上册第一次月考化学,4,1
2026年长沙市九年级上册第一次月考历史,6,1
2026年长沙市九年级上册第一次月考政治,6,1
2026年长沙市九年级上册第一次月考数学,4,1
2026年长沙市九年级上册第一次月考物理,6,1
2026年长沙市九年级上册第一次月考英语,6,1
2026年长沙市九年级上册第一次月考语文,5,1
2026年长沙市信息技术中考复习资料,3,1
2026年长沙市信息技术复习资料,4,1
2026年长沙市八年级上册期中考试物理,10,1
2026年长郡初中八年级物理,1,1
2026年陕晋宁青普通高中学业水平选择性考试历史试题,5,1
2026年陕晋宁青高考历史试题教材出处及试卷分析,1,1
2026年陕西中考道法,1,1
2026年陕西省初中学业水平考试道德与法治,3,1
2026年陕西省宝鸡市天一大联考高二下学期期末考试试卷物理,1,1
2026年陕西省宝鸡市高三上学期开学考数学试卷,1,1
2026年陕西省宝鸡市高三上学期开学考物理试卷,3,1
2026年陕西省山西青海宁夏高考生物学试卷,1,1
2026年陕西英语高考,2,1
2026年陕西高考地理试卷,8,1
2026年陕西高考生物试卷,7,1
2026年青岛一模,12,1
2026年青岛市中考题,4,1
2026年青岛市高三一模,1,1
2026年青岛市高三二模语文,2,1
2026年青岛高三年级部分学生英语,1,1
2026年高一下学期德州市期末考试地理卷子,1,1
2026年高一升高二暑期衔接,1,1
2026年高一年级期末质量检测,1,1
2026年高一期末考试卷答案,3,1
2026年高一的广西数学讲解,1,1
2026年高三一轮物理专项复习,2,1
2026年高三一轮物理专题复习,5,1
2026年高三八省名校联考语文,2,1
2026年高三和平二模英语,2,1
2026年高三成都零诊试卷,2,1
2026年高三成都零诊试卷语文,3,1
2026年高三松江一模数学,1,1
2026年高三湖北武汉三模,1,1
2026年高三湖北武汉三模语文,1,1
2026年高三语文五月份适应性考试,5,1
2026年高三高考试题,4,1
2026年高三黄埔一模数学,10,1
2026年高中生学业水平合格考试,8,1
2026年高中苏州合格考物理,1,1
2026年高二下 崇左期末调研考,1,1
2026年高二下学期安顺市期末考试答案。,3,1
2026年高二下学期生物学暑假作业A卷,7,1
2026年高湖南省高中学业水平合格性考试,1,1
2026年高等学校招生考试英语全国二卷,6,1
2026年高考 全国一卷 数学真题,2,1
2026年高考 全国二卷语文高考真题,2,1
2026年高考 山东卷化学真题,3,1
2026年高考 山东省物理真题,5,1
2026年高考18个文言虚词,1,1
2026年高考一卷,1,1
2026年高考一卷数学,1,1
2026年高考一模,15,1
2026年高考全国2卷英语高考真题,2,1
2026年高考全国2卷语文高考真题,1,1
2026年高考全国2卷高考,5,1
2026年高考全国一卷,3,1
2026年高考全国二卷数学,1,1
2026年高考全国二卷数学高考真题答案,1,1
2026年高考化学卷,1,1
2026年高考化学押题卷（黑吉辽蒙适用).docx,9,1
2026年高考卷,1,1
2026年高考历史一轮复习讲练测（安徽专用,3,1
2026年高考历史真题全国一卷,1,1
2026年高考历史试卷,4,1
2026年高考历史，河北,1,1
2026年高考古今异义词,1,1
2026年高考四川化学真题,2,1
2026年高考地理四川,4,1
2026年高考地理江苏卷,1,1
2026年高考地理真题,34,1
2026年高考地理陕西真题,9,1
2026年高考政治真题,3,1
2026年高考政治真题分类汇编,1,1
2026年高考数学二卷,1,1
2026年高考数学北京卷压轴题中的两个数阵到底是什么样的？,2,1
2026年高考数学卷,1,1
2026年高考数学卷全国一卷,1,1
2026年高考数学新疆,5,1
2026年高考数学真题,1,1
2026年高考数学真题全国卷,1,1
2026年高考数学真题全国卷一卷,5,1
2026年高考新一卷数学,1,1
2026年高考江苏省,1,1
2026年高考江西卷数学真题PDF原卷下载,2,1
2026年高考物理一轮复习单元验收评价,5,1
2026年高考物理一轮复习单元验收评价试题,5,1
2026年高考物理一轮复习单元验收评价试题1,2,1
2026年高考物理江苏卷,7,1
2026年高考真题生物,4,1
2026年高考真题，河北,1,1
2026年高考第一次模拟考试高三数学,2,1
2026年高考第二次模拟考试 河南河北专用,2,1
2026年高考第五次模拟陕甘宁,3,1
2026年高考考前最后一卷,1,1
2026年高考考前最后一卷01高三化学,18,1
2026年高考考前最后一卷英语（全国二卷03）英语试卷听力音频,2,1
2026年高考苏一模英语,1,1
2026年高考苏北一模英语,2,1
2026年高考英语 1卷全国1卷,1,1
2026年高考英语二卷,1,1
2026年高考英语卷,1,1
2026年高考英语浙江卷,5,1
2026年高考英语真题,1,1
2026年高考试卷语文,1,1
2026年高考语文,2,1
2026年高考语文北京卷及答案解析,3,1
2026年高考语文卷,1,1
2026年高考语文文言文古今异义词,3,1
2026年高考语文湖南卷,1,1
2026年高考黑吉辽蒙卷生物高考真题,2,1
2026年黄冈市初二期末考试试卷,9,1
2026年黄冈高二下期末化学,3,1
2026年黄埔区.高三英语二模,2,1
2026年黑吉辽、内蒙古8校,1,1
2026年黑吉辽历史卷,1,1
2026年黑吉辽蒙高考,1,1
2026年黑吉辽高考地理真题,3,1
2026年黑河市中考语文答题卡,5,1
2026年黑河市中考语文试卷,1,1
2026年黑龙江省普通高中学业水平合格考试,1,1
2026年黑龙江省牡丹江市普通高中学业水平合格考试考试政治卷,1,1
2026年黑龙江省高三一模考试,6,1
2026年黑龙江省高考试卷数学,2,1
2026年齐齐哈尔市中考数学试卷,10,1
2026年龙东地区初中水平测试,5,1
2026年，八年级上册政治教材,1,1
2026年，八年级上册政治教材电子版,1,1
2026年，八年级上册政治第一课教材,3,1
2026年，八年级上册政治第一课课件,10,1
2026年，济南市，第一次月考,13,1
2026年，湖南省政治高考试卷,4,1
2026广东一模,4,1
2026广东中考英语,1,1
2026广东中考语文,3,1
2026广东中考语文试卷真题及答案,7,1
2026广东六校高二期末,2,1
2026广东卷化学,2,1
2026广东卷高考化学,8,1
2026广东历史高考真题,3,1
2026广东地,1,1
2026广东地理高考卷,2,1
2026广东广州天河区数学期末考试,3,1
2026广东广州模拟预测,13,1
2026广东政治高考,1,1
2026广东春季高考语文,3,1
2026广东普通高中学业水平合格性考试英语模拟卷02,10,1
2026广东梅州一模化学,4,1
2026广东江门中考英语卷,1,1
2026广东深圳一模,7,1
2026广东省中考数学试卷,1,1
2026广东省中考英语,2,1
2026广东高考,1,1
2026广东高考真题历史,2,1
2026广东高考真题政治,2,1
2026广元七下期末考广中,3,1
2026广元中考,1,1
2026广安中考英语,4,1
2026广安市高二下期期末英语,1,1
2026广安高二期末,1,1
2026广州中考化学,1,1
2026广州中考物理,1,1
2026广州中考语文,2,1
2026广州二模,1,1
2026广州二模英语,1,1
2026广州二模高中英语,1,1
2026广州市海珠区高一下学期语文,1,1
2026广州市高三年级调研测试,1,1
2026广州英语中考真题,2,1
2026广州调研,5,1
2026广州高三8月份,1,1
2026广州高三8月份英语,1,1
2026广州高三8月份调研考试英语,1,1
2026广州高三八月份阶段测试,1,1
2026广州高三广统测,2,1
2026广西中考数学,1,1
2026广西中考数学卷,1,1
2026广西地理试卷,1,1
2026广西崇左高三1月期末,1,1
2026广西崇左高三1月期末地理,6,1
2026广西柳州高三三模地理,4,1
2026广西柳州高三三模数学,5,1
2026广西柳州高三二模,1,1
2026广西柳州高三二模地理,6,1
2026广西桂林高三二模数学,6,1
2026广西物理中考题,1,1
2026广西物理高考真题,1,1
2026广西玉林市高一下期末地理试卷,1,1
2026广西玉林高三部分学校5月适应性检测,1,1
2026广西语文高考答题卡,3,1
2026广西钦州市浦北,1,1
2026广西钦州市浦北县小升初,1,1
2026广西高三3月适应性测试历史,2,1
2026广西高三3月适应性测试数学,2,1
2026广西高三部分学校开学检测,1,1
2026广西高三部分学校开学检测数学,7,1
2026广西高三部分学校开学检测语文,4,1
2026广西高三部分学校开学考地理,3,1
2026广西高中学业水平合格考试,1,1
2026广西高中学业水平合格考试生物,1,1
2026广西高考历史真题,1,1
2026庆云县小升初真题,13,1
2026延庆高一上数学,2,1
2026徐州中考英语试卷,4,1
2026德州一模,10,1
2026德州二模,3,1
2026德州市乐陵八年级下册英语期末考试试卷,2,1
2026德州市天衢新区八年级下册英语期末考试试卷,3,1
2026德州高二期末,1,1
2026德阳中考,2,1
2026怀柔高一上数学,1,1
2026思想政治,2,1
2026惠州高二期末考试卷,8,1
2026慈溪7年级期末考试数学试卷,1,1
2026成都中考语文,4,1
2026成都树德中学高二下学期半期试卷,1,1
2026成都零诊,6,1
2026成都高中零诊,8,1
2026成都高二期末,6,1
2026我的伯父鲁迅先生,1,1
2026房山区高一上学期数学期中,18,1
2026房山区高一下学期数学期末,1,1
2026扬州一模数学,8,1
2026扬州二模,2,1
2026扬州化学中考试卷,1,1
2026扬州市高一上学期10月第一次月考数学,3,1
2026扬州市高一上学期第一次月考数学,3,1
2026抚松县,2,1
2026探索在线,1,1
2026揭阳市期末,3,1
2026揭阳统考数学,8,1
2026政治 高考真题江苏,1,1
2026政治选必2法律与生活期末复习训练卷,9,1
2026政治高考试卷,6,1
2026数学2卷高考,1,1
2026数学—一安徽,1,1
2026数学一模,3,1
2026数学中考,1,1
2026数学中考真题,1,1
2026数学吉林真题高职单招,1,1
2026数学吉林高职单招,1,1
2026数学强基计划,5,1
2026数学新高考一卷,1,1
2026数学期末高一枣庄,4,1
2026数学浙江中考卷,4,1
2026数学深圳一模,1,1
2026数学深圳一模高中,1,1
2026数学真卷,2,1
2026数学高考,2,1
2026数学高考1卷,1,1
2026数学高考2卷,1,1
2026数学高考卷,1,1
2026数学高考试卷,1,1
2026数学齐齐哈尔一模,2,1
2026数学齐齐哈尔一模高中,6,1
2026数学，四川,1,1
2026数学，四川高考,2,1
2026新2卷,2,1
2026新冀教版六上英语unit2测试,1,1
2026新冀教版六上英语第二单元测试,1,1
2026新外研社9年级上册期中卷,8,1
2026新沪科版数学九上第1单元二参数与反比例函数单元测试卷,9,1
2026新泰八下期末化学,2,1
2026新版 北师大版 九年级上册数学 第二章 一元二次方程 电子课本,1,1
2026新版九年级上册语文课本,1,1
2026新疆七年级下册数学卷子,1,1
2026新疆乌鲁木齐七木,1,1
2026新疆乌鲁木齐期末,1,1
2026新疆学业水平生物,3,1
2026新疆高中学业水平考试,6,1
2026新疆高考卷子,1,1
2026新疆，高考真题，原卷地理,2,1
2026新课标 1 1卷语文,4,1
2026新课标2卷理综真题,3,1
2026新课标2卷语文,1,1
2026新课标二卷地理,5,1
2026新课标卷理综物理试题及解析,1,1
2026新高考1卷 高考数学,1,1
2026新高考2卷语文真题,1,1
2026新高考II卷语文,5,1
2026新高考Ⅰ卷数学试题解析,1,1
2026新高考一卷,1,1
2026新高考一卷英语,3,1
2026新高考一卷语文,13,1
2026新高考二卷,1,1
2026新高考二卷数学,1,1
2026新高考二卷语文,1,1
2026新高考二卷语文真题,10,1
2026新高考卷语文,2,1
2026新高考天津卷,2,1
2026无锡中考,1,1
2026无锡高一期末考试,2,1
2026日照高一下学期数学期末,4,1
2026日照高一下学期期末,1,1
2026日照高三一模化学,2,1
2026春季初一年英语学科模拟练习南安卷,1,1
2026春季地理学业水平考试,1,1
2026春季高考,1,1
2026春季高考广东版,6,1
2026普通高中学业水平考试,1,1
2026普通高中学业水平考试山东,1,1
2026普通高中学业水平考试甘肃,2,1
2026普通高等学校招生全国统一考试 数学 新课标Ⅱ卷,3,1
2026普通高等学校招生全国统一考试新高考二卷,1,1
2026普通高等学校招生全国统一考试模拟,10,1
2026普通高等学校招生全国统一考试（新 高考|卷）数学试题,1,1
2026最新中考世界地理时政热点解读,2,1
2026望城区期末考试,1,1
2026朝阳高一上期末,9,1
2026期末数学试卷宝应县,3,1
2026期末数学试卷宝应县八年级,2,1
2026期末物理试卷宝应县八年级,4,1
2026杨浦一模,1,1
2026杭州二模政治,1,1
2026杭州二模政治试卷,1,1
2026杭州政治试卷二模高中,5,1
2026松江二中高一上期末,8,1
2026松江二中高一上期末试卷,7,1
2026松江区初三二模,2,1
2026松江区初三二模语文,1,1
2026松江区初二期末,11,1
2026松江区高一上期末,1,1
2026柳州高三二模数学,4,1
2026柳州高三二模语文,5,1
2026梅州市高一期末考试卷,4,1
2026榆次一中高一,6,1
2026模拟卷英语南通,4,1
2026模拟卷高三英语南通,4,1
2026武汉三调,1,1
2026武汉九调,1,1
2026武汉五月调考数学,1,1
2026武汉五月调考数学高三,4,1
2026武汉市高三年级三月调研考试数学,3,1
2026武汉部分学校高三年级调研,2,1
2026永州期末数学试卷,1,1
2026永州期末高一数学试卷,7,1
2026永州高一期末试卷,9,1
2026永泰县八年级下学期期末考语文,4,1
2026汉阳化学,3,1
2026汕头市金平区,1,1
2026汕头市金平区八年级下,1,1
2026汕尾市高二期末,2,1
2026汕尾数学期末,1,1
2026汕尾数学高二期末,1,1
2026江南十校,3,1
2026江苏中考数学,5,1
2026江苏中考数学试卷,7,1
2026江苏中考真题,1,1
2026江苏南京中考数学,1,1
2026江苏南京鼓楼区月考,2,1
2026江苏宿迁市中考,1,1
2026江苏宿迁市中考真题,1,1
2026江苏宿迁市中考试卷,11,1
2026江苏徐州市高二上数学期中,1,1
2026江苏徐州市高二数学期中,2,1
2026江苏徐州高二,1,1
2026江苏徐州高二数学,4,1
2026江苏徐州高二数学月考,5,1
2026江苏徐州高二第一学期数学月考,7,1
2026江苏扬州高邮期中数学,1,1
2026江苏数学预赛,1,1
2026江苏物理卷,1,1
2026江苏省中考数学,1,1
2026江苏省中考数学试题,3,1
2026江苏省地生中考,3,1
2026江苏省淮安市数学合格考试卷,1,1
2026江苏省生物,26,1
2026江苏苏州中考卷,6,1
2026江苏苏州高三七校,1,1
2026江苏连云港高二,17,1
2026江苏连云港高二第二学期物理,11,1
2026江苏邳州高二数学期中,9,1
2026江苏高一期末试卷,14,1
2026江苏高考历史,1,1
2026江苏高考政治真题,1,1
2026江苏高考物理,2,1
2026江苏高考物理考生回忆,1,1
2026江西,1,1
2026江西中考生,1,1
2026江西二模数学,1,1
2026江西卷,1,1
2026江西吉安一模,1,1
2026江西吉安一模英语,7,1
2026江西吉安二模英语,7,1
2026江西吉安高2下期末,4,1
2026江西吉安高三,1,1
2026江西吉安高三英语,3,1
2026江西师大附中,11,1
2026江西师大附中三模,40,1
2026江西新九校,21,1
2026江西物理高考试卷,1,1
2026江西高三二模数学,1,1
2026沈阳一模,1,1
2026沈阳一模高三,4,1
2026沈阳一模高三物理,8,1
2026沈阳一模高三生物,1,1
2026沈阳市于洪区八下语文期末,2,1
2026沈阳市高三一模试题,1,1
2026沈阳市高三物理一模试题,21,1
2026沈阳第七中学,1,1
2026沈阳第七中学初一下数学,3,1
2026河北中考,1,1
2026河北中考数学,1,1
2026河北中考试卷,5,1
2026河北中考试卷英语,3,1
2026河北中考语文,1,1
2026河北化学高考,1,1
2026河北单招语文试卷,3,1
2026河北数学高考真题,3,1
2026河北样卷,1,1
2026河北涿州高三一模历史,1,1
2026河北物理高考真题,1,1
2026河北省中考数学一模,4,1
2026河北省海港区中考数学一模,2,1
2026河北省石家庄市,1,1
2026河北邯郸弘济学校,18,1
2026河北邯郸，广平四中,5,1
2026河北高物理高考,1,1
2026河北高考,1,1
2026河北高考 历史,5,1
2026河北高考政治,1,1
2026河北高考物理,1,1
2026河北高考物理真题,3,1
2026河南2026中考卷,1,1
2026河南中考,1,1
2026河南中考物理真题,1,1
2026河南卷普通高中学业水平选择性考试,13,1
2026河南期末试卷,1,1
2026河南生物高考真题,4,1
2026河南省中考数学试题 扫描版,5,1
2026河南高考生物,1,1
2026河池10月月考,2,1
2026河池9月月考,2,1
2026河池宜州区10月教学质量检测,1,1
2026河池高三仿真考试地理,1,1
2026河池高三仿真考试政治,3,1
2026河池高三仿真考试数学,2,1
2026泉州模拟数学,6,1
2026泗县七下英语期末,1,1
2026泰安一中高一,4,1
2026泰安一中高一英语,2,1
2026泰安一中高二上月考物理,1,1
2026泰安一模数学,4,1
2026泰安一模物理,3,1
2026泰安一模生物,13,1
2026泰安高一物理期末,1,1
2026泰州,1,1
2026泰州中考,1,1
2026泰州中考数学,3,1
2026泰州六年级语文第三单元卷,1,1
2026泰州市六年级上册语文第三单元卷,1,1
2026泸州一诊数学,1,1
2026泸州中考物理,3,1
2026洛阳市孟津区英语下册六年级期末试卷,6,1
2026洛阳市生物初中学业水平考试,1,1
2026济南一模物理,3,1
2026济南三模,3,1
2026济南三模数学,2,1
2026济南中考数学,2,1
2026济南中考数学原卷,3,1
2026济南中考语文,1,1
2026济南历城自主招生考试题,2,1
2026济南期末地理高二,11,1
2026济南期末数学高二,1,1
2026济南英语期末,3,1
2026济南高二期末,2,1
2026济宁下学期高二数学,3,1
2026济宁下学期高二物理,1,1
2026济宁市中考,6,1
2026济宁市中考生物,3,1
2026浙教版九年级上册第1单元The CHANGING  world,1,1
2026浙教版九年级上册第1单元The CHANGING  world考试卷,1,1
2026浙教版余姚市九年级上册第1单元The CHANGING  world考试卷,2,1
2026浙江,1,1
2026浙江1月高考,12,1
2026浙江6月高考,1,1
2026浙江6月高考英语,1,1
2026浙江一月高考,1,1
2026浙江中考,1,1
2026浙江中考地理,9,1
2026浙江中考语文,1,1
2026浙江六月高考物理真题,4,1
2026浙江地理,1,1
2026浙江地理选考,1,1
2026浙江学考,1,1
2026浙江强基联盟高三联考,5,1
2026浙江强基联盟高三联考答案,3,1
2026浙江杭州二中七下数学期末,3,1
2026浙江杭州二中八上数学期末,2,1
2026浙江省6月普通高校招生考试,1,1
2026浙江省6月高考试卷历史,3,1
2026浙江省中考科学,1,1
2026浙江省普通高中学业水平考试真题,2,1
2026浙江英语试卷,1,1
2026浙江英语试卷高三,1,1
2026浙江镇海中学七下数学期末,1,1
2026浙江镇海中学八上数学期末,1,1
2026浙江高三一模,1,1
2026浙江高三一模物理,2,1
2026浙江高考,1,1
2026浙江高考地理,1,1
2026海南合格考,3,1
2026海南省,4,1
2026海南省高考,1,1
2026海南高二语文期中考试,4,1
2026海城市七年级下册期末考试,1,1
2026海淀一模数学,1,1
2026海珠区高一下学期语文,2,1
2026淄博高二英语期末,5,1
2026淮安中考物理,2,1
2026淮安质检,13,1
2026深圳一模数学高中,3,1
2026深圳中考物化合卷,2,1
2026深圳中考英语,9,1
2026深圳中考英语真题,3,1
2026深圳八年级期末考,12,1
2026深圳市中考,4,1
2026深圳科学高中高二联考,1,1
2026深圳高中数学一模试卷,3,1
2026深圳高二联考,1,1
2026深圳龙岗期末物理,1,1
2026深圳龙岗期末物理高中,1,1
2026清华强基,13,1
2026清华强基计划数学试题,7,1
2026清远市八年级下,1,1
2026清远市八年级下语文,2,1
2026清远市清城区中考英语,7,1
2026温州,2,1
2026温州模拟,14,1
2026湖北中考数学,2,1
2026湖北二模物理,13,1
2026湖北卷huahua,1,1
2026湖北卷化学,1,1
2026湖北卷化学高考,3,1
2026湖北省中考英语试卷,2,1
2026湖北省中考试卷,4,1
2026湖北省初中学业水平考试,3,1
2026湖北省历史中考卷,1,1
2026湖北省学考,1,1
2026湖北省普通高中学业水平选择性,2,1
2026湖北省普通高中学业水平选择性地理,5,1
2026湖北省高中学考,1,1
2026湖北省黄冈市2026高二下期末考试,1,1
2026湖北襄阳英语期末，高一,2,1
2026湖北高考物理,2,1
2026湖北高考试卷政治,3,1
2026湖南中考数学,3,1
2026湖南中考语文,1,1
2026湖南中考语文试卷,3,1
2026湖南学考,1,1
2026湖南政治高考真题,2,1
2026湖南水平考试物理真题卷,1,1
2026湖南省中考物理试题,6,1
2026湖南省中考语文试题,1,1
2026湖南高考数学,6,1
2026湖州高一期末,1,1
2026湖州高一期末数学,1,1
2026湘东高一期末考试卷数学,3,1
2026滕州二模,6,1
2026滕州市高二下学期物理,3,1
2026滨州一模,6,1
2026滨州三模,1,1
2026滨州二模,3,1
2026滨州高一物理期末试卷,3,1
2026滨海塘沽一中语文初三三模,2,1
2026滨海英语一摸,1,1
2026滨海英语一摸天津,1,1
2026漳州市高三第一次质检,1,1
2026潍坊一模,1,1
2026潍坊三模,6,1
2026潍坊二模,4,1
2026潍坊期末英语,1,1
2026潍坊期末英语高二,1,1
2026潍坊高一下期末物理,4,1
2026潍坊高二下期末数学,5,1
2026烟台一模物理,1,1
2026烟台市高考第一次诊断性考试,1,1
2026烟台调研数学,5,1
2026版五年级上册语文一类字组词,4,1
2026版历史初三人教版,1,1
2026版历史初三人教版课本',1,1
2026版历史知识点总结,1,1
2026版历史知识点总结初三,3,1
2026版浙江单考单招·药学类考纲百套卷,1,1
2026牡丹江中考,2,1
2026物理,1,1
2026物理中考湖北,1,1
2026物理全国乙卷,4,1
2026物理北京,1,1
2026物理北京高考,1,1
2026物理南开中学高一下期末数考试答案,2,1
2026玉林,5,1
2026玉林高三上学期期末化学,3,1
2026珠海一中,1,1
2026甘孜州,1,1
2026甘孜州中考数学,2,1
2026甘肃省普通高中合格性考试标准测评卷,2,1
2026甘肃语文中考试题,1,1
2026甘肃高考物理甘肃卷,1,1
2026生地会考卷,1,1
2026生地会考卷新疆,3,1
2026生地会考模拟卷,1,1
2026生地会考试卷,1,1
2026生物三河,1,1
2026生物竞赛,1,1
2026生物联赛,2,1
2026生物高考,1,1
2026生物高考浙江,3,1
2026生物高考浙江1月学考,1,1
2026白省,1,1
2026盐城中考数学试卷,1,1
2026眉山高二,1,1
2026石家庄中考英语试卷,1,1
2026石家庄市新华区 六年级下册 数学 期末学业质量监测 冀教版,5,1
2026社会热点,5,1
2026神算杯,1,1
2026福建中考,3,1
2026福建中考英语听力,3,1
2026福建中考语文范文,1,1
2026福建中考语文试卷,1,1
2026福建协作校期末考高一数学,1,1
2026福建南平联考,2,1
2026福建数学,1,1
2026福建数学中考,2,1
2026福建漳州高一联考语文,4,1
2026福建省4月质检,5,1
2026福建省中考英语真题及答案,2,1
2026福建省中考英语高频词音频,5,1
2026福建省初一下南安市学期地理期末试卷,3,1
2026福建省初中学业水平考试语文试卷,1,1
2026福建福九联盟期末考高一,3,1
2026福建福九联盟期末考高一数学,5,1
2026福建福州8年级数学期末考试,4,1
2026福建福州中考数学,1,1
2026福建高考,1,1
2026福建高考历史,3,1
2026福建高考地理,1,1
2026福建高考物理试卷,1,1
2026秋人教版四年级上册数学（新教材）课堂讲义,12,1
2026秋人教精通版英语,1,1
2026秋新苏教版六年级上册数学同步课程,1,1
2026秋细解巧练九年级上册英语人教版单元检测卷,2,1
2026第一次普通高中学业水平合格性考试,4,1
2026繁昌区数学第二学期期末检测卷八年级下册,3,1
2026红对勾讲与练,5,1
2026红桥一模,5,1
2026红桥化学,2,1
2026红桥化学摸底,1,1
2026绍兴市,4,1
2026绍兴市选考科目诊断性考试生物,6,1
2026绥化中考化学,1,1
2026绥化中考数学,1,1
2026绵阳中考,7,1
2026聊城二模数学,1,1
2026聊城市初二数学,3,1
2026聊城市高一期末考试数学答案,3,1
2026聊城市高一期末考试物理答案,1,1
2026聊城市高一期末考试英语答案,3,1
2026聊城市高二下学期期末考试,3,1
2026联考,2,1
2026肥城市中考,2,1
2026肥城市初中学业水平考试,1,1
2026至2025期末卷,8,1
2026至2027,1,1
2026至2027年西藏拉萨市高二年级期末联考试卷,2,1
2026芦台一中五模,1,1
2026苍溪中学高一下期末数学,7,1
2026苏州中考,2,1
2026苏州中考物理,1,1
2026苏科版八上数学期末试题,15,1
2026苏科版八下数学期末试题,93,1
2026英语,3,1
2026英语五三,4,1
2026英语全国一卷,1,1
2026英语全国二卷,3,1
2026英语北京朝阳期末高二下,2,1
2026英语朝阳期末高二下,1,1
2026英语期末,1,1
2026英语期末南阳宛城区,1,1
2026英语期末南阳宛城区八年级,3,1
2026英语期末宛城区,4,1
2026英语首考,4,1
2026英语高三,3,1
2026英语高三1月,1,1
2026英语高考,3,1
2026英语高考浙江一卷,8,1
2026茂名市高一期末生物试卷,1,1
2026莱阳市初三,5,1
2026菏泽中考数学,3,1
2026菏泽高一下学期7月期末考试,1,1
2026菏泽高一下学期7月期末考试物理,4,1
2026葫芦岛市期末考高一,3,1
2026葫芦岛普通高中高二期末数学,2,1
2026葫芦岛期末生物,1,1
2026葫芦岛期末语文,1,1
2026葫芦岛高二期末生物,1,1
2026蓟州一中三模,2,1
2026蓟州第一中学三模,9,1
2026衢州市八年级期末考试,1,1
2026襄阳市襄州区七年级英语期末考试试卷,3,1
2026襄阳高二联考期末,2,1
2026襄阳高二联考期末语文,1,1
2026西城一模,6,1
2026西城区初二下期末数学,2,1
2026西宁联考,2,1
2026西藏中考卷,3,1
2026西藏中考生物,4,1
2026译林出版社九上英语单词表,2,1
2026语文中考,3,1
2026语文中考卷,1,1
2026语文中考卷青岛,4,1
2026语文全国一卷,1,1
2026语文新高考全国一卷,1,1
2026语文济南高三,8,1
2026语文高考卷,1,1
2026语文高考试卷一卷和二卷,1,1
2026语文高考试卷一卷和二卷真题,1,1
2026贵州中考,2,1
2026贵州中考数学卷,2,1
2026贵州会考历史,1,1
2026贵州政治模拟预测,4,1
2026贵州省高考试卷,1,1
2026贵州高考,5,1
2026贵百河8月摸底,2,1
2026贵百河8月摸底历史,2,1
2026贵百河8月摸底政治,2,1
2026贵百河高三8月摸底,1,1
2026贵阳中考,14,1
2026资阳中考,2,1
2026赣州八下期末卷,1,1
2026赤峰期末历史,1,1
2026赫章县中考数学,1,1
2026赫章县中考数学九年级,6,1
2026赫章县中考数学卷子,1,1
2026赫章县中考语文九年级,2,1
2026越秀区二模数学,2,1
2026辽宁中考地理,3,1
2026辽宁中考真题,1,1
2026辽宁中考题,1,1
2026辽宁化学高考题,1,1
2026辽宁建平高二期末英语答案,4,1
2026辽宁省8年级英语卷,2,1
2026辽宁省中考,4,1
2026辽宁省中考英语试卷,1,1
2026辽宁省化学一模,10,1
2026辽宁省大连市中考英语,1,1
2026辽宁省葫芦岛市期末考,1,1
2026辽宁辽西重点高中联考生物,1,1
2026辽宁高二期末,1,1
2026辽宁高二期末yiwu,1,1
2026辽宁高考物理,1,1
2026达州市高一期末,7,1
2026达州市高一期末数学,1,1
2026连州市物理工体训练高二,2,1
2026通州区高一期中数学,2,1
2026通州区高一期末物理,1,1
2026通州高一上数学,2,1
2026遂宁中考。,1,1
2026遂宁中考英语试卷,9,1
2026遂宁八年级下册英语,7,1
2026道里中考卷,1,1
2026邕衡9月地理,3,1
2026邕衡9月政治,5,1
2026邯郸市高二英语期末,4,1
2026郊联体,6,1
2026郑州高一下期末考试,2,1
2026郴州市模考,2,1
2026重庆一中八上数学期中,3,1
2026重庆一中初2027届初二下期期末定时作业数学试题,1,1
2026重庆两江新区数学期末,2,1
2026重庆九上化学期末,3,1
2026重庆八中七下数学期末,3,1
2026重庆八中八上数学期末,2,1
2026重庆南开七下数学,4,1
2026重庆南开七下数学期中,4,1
2026重庆南开中学高考数学模拟,3,1
2026重庆南开八上数学期中,3,1
2026重庆南开八下数学期末,2,1
2026重庆巴蜀中学高二下数学期末考试试卷,2,1
2026重庆巴蜀八上数学期中,2,1
2026重庆巴蜀八上数学期末,3,1
2026重庆市地理高考卷,3,1
2026重庆高考数学题,1,1
2026金考卷45套,1,1
2026金考卷45套天星,1,1
2026金考卷化学,8,1
2026钦州,11,1
2026铜仁中考,1,1
2026铜仁市期末考试高一下,5,1
2026铜陵4中8年级上册物理期中卷,1,1
2026铜陵4中8年级上册英语期中卷,5,1
2026铜陵4中英语期中卷,1,1
2026长春一模英语,1,1
2026长春地生中考,8,1
2026长沙中考数学,1,1
2026长沙中考真题,1,1
2026长沙市中考数学试卷,5,1
2026长郡中学高二下数学期末,1,1
2026长郡中学高二下物理期末,5,1
2026闵行三模,6,1
2026陕晋宁青普通高校招生选考政治,2,1
2026陕晋青宁卷化学,8,1
2026陕晋青宁卷政治,3,1
2026陕甘宁青化学真题,1,1
2026陕西,1,1
2026陕西一模理综,3,1
2026陕西化学,1,1
2026陕西化学中考试题,1,1
2026陕西咸阳期末,1,1
2026陕西宁历史高考卷,2,1
2026陕西省榆林市神木市四中高二开学考,3,1
2026陕西省高考适应性检测,1,1
2026陕西高考,1,1
2026陕青年高考真题,1,1
2026陕青年，高考真题,1,1
2026青岛七下期末数学,3,1
2026青岛期初检测,40,1
2026青岛高一第一次月考,2,1
2026青岛高一统考,9,1
2026青岛高三一模,1,1
2026青岛高三二模化学,1,1
2026青海省生地会考试卷,3,1
2026青海高考真题,1,1
2026面2月夏天杯,1,1
2026顺德区八年级期末数学解析,1,1
2026首考,1,1
2026高一上册月考陕西省,2,1
2026高一下学期滨海新区期末考试,1,1
2026高一下期末化学试卷,1,1
2026高一下期末数学试卷,5,1
2026高一下期末物理试卷,2,1
2026高一下葫芦岛物理,3,1
2026高一化学期末试卷盐城市,3,1
2026高一升高二暑假作业 语文 统编版 2026高一升高二暑假作业 数学 人教A版 2026高一升高二暑假作业 英语 人教版 2026高一升高二暑假作业 物理 人教版 2026高一升高二暑假作业 化学 人教版 2026高一升高二暑假作业 生物 人教版,1,1
2026高一升高二，衔接试卷，数学,1,1
2026高一数学，第一单元,6,1
2026高一数学，第一单元上册,2,1
2026高三,29,1
2026高三一模,1,1
2026高三一轮物理专题复习,9,1
2026高三一轮物理力学专题复习,8,1
2026高三合肥一模英语,1,1
2026高三地理高考押题卷最后一卷,4,1
2026高三地理高考押题卷最后一卷黑吉辽蒙专用,6,1
2026高三惠一调物理,1,1
2026高三数学,1,1
2026高三数学第一次质检,1,1
2026高三烟台期中化学,1,1
2026高三第一次联合考试语文,2,1
2026高三红桥一模,2,1
2026高三邵阳市模拟,8,1
2026高中天津河西数学检测,1,1
2026高中河西区数学,1,1
2026高中河西区数学期中,5,1
2026高中河西区数学期中高一上学期,3,1
2026高二b生物学暑假作业（人教版新教材）,7,1
2026高二上册数学北师大版理科报,4,1
2026高二上学期9月份语文试卷,24,1
2026高二下德州数学期末,1,1
2026高二下炎德英才化学,10,1
2026高二下菏泽数学期末,1,1
2026高二临沂期末,1,1
2026高二天津河西数学检测,3,1
2026高二山东临沂期末,7,1
2026高二期末英语 深圳,10,1
2026高考 1 卷 高考 数学,1,1
2026高考 1 卷 高考 生物,3,1
2026高考 1 卷 高考 生物河北,1,1
2026高考 卷,2,1
2026高考 语文 真题 1卷,1,1
2026高考1卷英语,4,1
2026高考2卷,1,1
2026高考2卷生物,2,1
2026高考一卷,1,1
2026高考一卷地理,1,1
2026高考一轮复习考点专题精炼选择性必修上教材文言文逐篇过关训练挖空练习 句子翻译 实词虚词 情景默写,1,1
2026高考一轮复习考点专题精炼选择性必修下教材文言文逐篇过关训练挖空练习 句子翻译 实词虚词 情景默写,5,1
2026高考一轮复习考点专题精练,2,1
2026高考二卷数学,1,1
2026高考二卷英语答题卡,2,1
2026高考二卷语文,2,1
2026高考全国一卷数学,5,1
2026高考全国一卷语文,2,1
2026高考全国二卷语文真题,1,1
2026高考全国卷,4,1
2026高考全国甲卷英语,1,1
2026高考前10天终极仿真卷,1,1
2026高考化学,2,1
2026高考化学二轮复习化学讲练测05,3,1
2026高考化学二轮复习化学讲练测题型05,1,1
2026高考化学二轮复习化学讲练测题型05浙江,2,1
2026高考化学二轮复习化学讲练测题型05浙江汪静君,3,1
2026高考化学二轮复习讲练测,1,1
2026高考化学卷,2,1
2026高考化学真题,4,1
2026高考北京卷语文,1,1
2026高考卷历史,2,1
2026高考卷子天津历史,3,1
2026高考历史试卷广东,4,1
2026高考四川卷,11,1
2026高考地理山东卷,6,1
2026高考地理湖北卷,4,1
2026高考地理真题,4,1
2026高考备考文言文重点实词虚词,5,1
2026高考天津历史,1,1
2026高考天津英语,3,1
2026高考广西化学,1,1
2026高考政治黑吉辽,4,1
2026高考数学,4,1
2026高考数学一模,4,1
2026高考数学全国一卷,2,1
2026高考数学真题,2,1
2026高考数学真题二卷,1,1
2026高考数学试卷,1,1
2026高考模拟,7,1
2026高考江苏政治,1,1
2026高考江苏数学,1,1
2026高考湖北化学,1,1
2026高考湖南卷化学,1,1
2026高考满分作文,2,1
2026高考物理,4,1
2026高考物理力学专题复习,4,1
2026高考生物湖南,2,1
2026高考生物真题,15,1
2026高考真题英语一卷,1,1
2026高考福建化学,3,1
2026高考英语1卷,2,1
2026高考英语二卷真题,2,1
2026高考英语北京,1,1
2026高考英语定语从句,9,1
2026高考英语核心词汇派生词,1,1
2026高考英语湖北,3,1
2026高考英语试卷,1,1
2026高考英语试卷全国一卷,3,1
2026高考英语语法填空定语从句,1,1
2026高考英语语法填空重难点突破,2,1
2026高考英语语法填空重难点突破定语从句,7,1
2026高考试卷政治,1,1
2026高考试题解析,2,1
2026高考语文一轮复习文言文挖空,5,1
2026高考语文全国一卷,1,1
2026高考语文全国二卷,1,1
2026高考语文复习病句专题,7,1
2026高考语文复习语用专题,5,1
2026高考语文真题,1,1
2026高考语文试卷,1,1
2026高考语文重庆,1,1
2026高考辽宁政治,2,1
2026高考题俄语全,1,1
2026高考题俄语全国,2,1
2026高考题地理全国I卷,2,1
2026鹿鸣路语文一模,4,1
2026黄山部分重点高中,11,1
2026黑吉辽蒙历史高考真题,2,1
2026黑吉辽蒙高考真题英语,2,1
2026黑龙江中考,4,1
2026黑龙江哈尔滨模拟,4,1
2026黑龙江省普通高中学业水平合格性考试化学试卷,2,1
2026黑龙江省普通高中学业水平合格性考试生物试卷,1,1
2026黑龙江高中历史合格考试,1,1
2026龙岗区初3化学道法评分标准,5,1
2026龙岗区初二期末道法评分标准,1,1
2026，深圳一模,4,1
2026－2027山东省郓城县高二,3,1
2027,10,1
2027 届,3,1
2027.1月浙江高二政治学考模拟题,3,1
2027七下数学试卷,9,1
2027七下数学试卷李达,3,1
2027七下数学试卷湘教版,3,1
2027优化方案,7,1
2027优化方案英语北师大,2,1
2027创新设计高考总复习英语话题版,4,1
2027地理中考,10,1
2027大一轮复习学案,2,1
2027天津英语高考专项,2,1
2027届广东高三,14,1
2027届广东高考英语听说考试,3,1
2027届广东高考英语听说考试一轮复习:模拟测试题(5),9,1
2027届成都零模,1,1
2027届成都零膜,1,1
2027届成都零诊,1,1
2027届新高三学业,3,1
2027届高一上期天一联考（二）物理,9,1
2027届高三7月质量水平测试,2,1
2027届高三年级阶前固本仿真模拟训练（四）日语试题,7,1
2027届高二年级上学期第三次诊断练习英语,3,1
2027届高二年级上学期第三次诊断联系,1,1
2027届高考作文复习,1,1
2027届高考作文复习：第九讲,1,1
2027届高考作文复习：第九讲 议论文,4,1
2027届高考滚动检测卷,2,1
2027届高考滚动检测卷六英语,3,1
2027届高考生物人教版课件,1,1
2027届高考英语一轮复习,2,1
2027届高考英语复习,1,1
2027届高考英语长难句60天打卡计划,9,1
2027届高考英语长难句69天打卡计划,1,1
2027届高考英语阅读训练,4,1
2027年初中学水平考试地理,6,1
2027年哈三中高二下学期期中考试,2,1
2027年哈三中高二下学期期中考试英语试题,1,1
2027年情态动词专项,1,1
2027年情态动词专项高中,4,1
2027年情态动词高中专项,1,1
2027年江苏省南京市盐城市高三第一次模拟考试英语试卷,1,1
2027年济南中考数学,4,1
2027年金榜苑新编步步高大一轮复习讲义（含册子、卷子）高中英语全册人教版,4,1
2027年高一必修第一册英语单元自测,1,1
2027年高一必修第一册英语单元自测Unit1,10,1
2027年高一物理书,2,1
2027年高三一轮物理专题复习,2,1
2027年高考一线调研,4,1
2027年高考一线调研化学答案,2,1
2027年高考一轮复习培优调研检测卷英语,6,1
2027年高考一轮复习调研检测卷英语,1,1
2027年高考一轮复习阶段性检测卷英语,3,1
2027年高考一轮复习阶段性检测卷英语全国一卷,2,1
2027年高考作文范围复习,1,1
2027年高考全国1卷摸底考试,3,1
2027年高考物理一轮复习讲测练,1,1
2027年高考物理一轮复习讲练测,3,1
2027年高考物理一轮复习讲练测 广东专用,6,1
2027年高考物理一轮复习讲练测（广东专用）,6,1
2027年高考物理大一轮复习学案 创新通用版,3,1
2027年高考第一次模拟考试,4,1
2027年高考英语一轮复习讲练测,1,1
2027广东省六校联盟英语,1,1
2027成都七中零诊,2,1
2027成都零诊,6,1
2027政治名校领航,3,1
2027数学导学猫t7二轮复习,1,1
2027数学导学猫t7二轮复习网盘,1,1
2027新高考一轮 闭合电路欧姆定律 培优专项训练（江苏） ?,5,1
2027新高考地理答题模版,2,1
2027新高考物理一轮复习 讲义+分层练习题,14,1
2027浙江高考政治模拟汇编优化20套,11,1
2027版物理必刷题高考上分专项动量,6,1
2027物理创新设计,4,1
2027物理创新设计，大一轮,1,1
2027红对勾高考复习金卷,3,1
2027英语必刷卷,2,1
2027英语高考长难句打卡计划,2,1
2027高三化学,1,1
2027高三化学培优,10,1
2027高三历史一轮复习思维导图 新高考Ⅰ卷 中外历史纲要,1,1
2027高三惠一调,1,1
2027高三惠一调物理,1,1
2027高三惠州一调,1,1
2027高考一轮复习,2,1
2027高考化学一轮复习讲练册,3,1
2027高考英语介词复习,1,1
202一年安徽省化学高考真题,3,1
202一年本溪市第12中学教育集团新生入学考试数学卷子,3,1
202厦门高三第一次质量,1,1
202厦门高三第一次质量检测,1,1
202路高考卷,1,1
202青岛城阳一中高一上月考物理,1,1
2034高考英语,1,1
205~22026年化学第一次月考安徽蚌埠,8,1
205年北京市顺义区高二上数学,4,1
20个5年东南地区奥林匹克竞赛真题,1,1
20中,4,1
20中学,1,1
20二一届全国普通高等学校招生统一考试上海英语模拟试题三嗯,2,1
20二五年河东区期末数学,2,1
20二六届湖南省名校大联考普通高中名校联考,1,1
20二六届湖南省永州市高三上学期一模物理试卷,3,1
20年山东高考化学试卷,3,1
20春季上海高考,1,1
20重庆数学高考,2,1
21中,2,1
21年湖南物理高考,3,1
21年物理福建高考,1,1
21年菏泽市数学高一下期末,7,1
21年贵州高考理综,5,1
21年高考山东卷物理答案,1,1
21春考,2,1
224年全国甲卷,1,1
225÷2026天津市红桥区八年级下册数学期末试卷,7,1
22一次函数分层作业,1,1
22中,8,1
22全国一卷,1,1
22年 1卷 高考数学,1,1
22年1卷高考语文作文,1,1
22年一卷,1,1
22年全国一卷,2,1
22年山东高考卷物理,1,1
22年广东物理高考,2,1
22年数学高考,1,1
22年泰安高三上学期期末数学,4,1
22年浙江高考数学,1,1
22年物理,1,1
22年高考数学,1,1
22年高考海南政治,3,1
22高考真题,1,1
23-24南充高二物理,1,1
23-24自主招生,2,1
2300白词英语,2,1
2300百词英语,3,1
23G302,2,1
23一次函数分层作业,2,1
23全国2卷,2,1
23全国一卷,2,1
23年,1,1
23年中考北京,2,1
23年北京卷,1,1
23年北京通州物理一模,1,1
23年北京高考卷,2,1
23年天津高考,1,1
23年广东高考卷,1,1
23年思想政治,1,1
23年思想政治高考,1,1
23年新课标一卷数学,3,1
23年新高考一卷,1,1
23年新高考一卷英语,1,1
23年杭州市统测,5,1
23年杭州市高二年级教学质量检测,3,1
23年泰安高三上学期期末数学,4,1
23年通州物理一模,1,1
23年陕青宁化学高考试卷,4,1
24 年1卷高考物理,1,1
24* 邹忌讽齐王纳谏,6,1
24* 邹忌讽齐王纳谏/《战国策》,2,1
24* 邹忌讽齐王纳谏题,4,1
24-25沈阳联合体高一下学期期中,3,1
24-25沈阳联合体高一下学期期中化学,1,1
24-25福州一中高二数学,4,1
24-25高一下云南昆明期末,2,1
242526年语文全国高考乙试卷,1,1
24Ⅰ卷,1,1
24中,5,1
24中高三入学考,2,1
24到25学年年南阳市物理期末高一试题,8,1
24到25高一广东肇庆期中,2,1
24学年复旦大学附属中学高一第二学期数学5月阶段测试,1,1
24学年复旦大学附属中学高一第二学期数学5月阶段测试a卷,7,1
24学年复旦附中高一第二学期数学5月阶段测试,1,1
24届中考语文作文,2,1
24届永州一中开卷试卷,1,1
24届永州一中语文开卷试卷。,1,1
24届零陵区语文开卷试卷。,2,1
24年全国甲卷,3,1
24年全国甲卷英语,2,1
24年化学九年级上学南京联合体,1,1
24年化学九年级上学期期中南京联合体,2,1
24年化学九年级上学期期中联合体,8,1
24年广东物理,1,1
24年广东物理高考,9,1
24年日语高考旧题,1,1
24年日语高考旧题型,1,1
24年江苏高考,3,1
24年海南中考语文答案,1,1
24年福建英语一检,9,1
24年贵州高考数学试卷,1,1
24年青岛中考数学,7,1
24年高考,1,1
24年高考全国一二卷,1,1
24年高考英语,3,1
24广东生物合格考真题,3,1
24新高考Ⅰ卷，语文,1,1
24河东区高二模拟,9,1
24海淀二模,5,1
24秋英语标准卷,1,1
24秋英语标准卷七年级上册,4,1
25 年 0 1卷 全国 1 卷 数学高考真题,1,1
25 年 全国 1 卷 数学 高考真题,1,1
25-26大连二十四中期末高二下物理,1,1
25-26大连市化学期末考试,2,1
25-26天津市重点校联考,7,1
25-26山东聊城高二下期末,1,1
25-26年河北高一年级NT20联考英语,1,1
25-26年茂名高一期末统考语文答案,1,1
25-26广州市天河区七年级下册英语期末卷,4,1
25-26江苏期末,1,1
25-26滨州市滨城区数学八上期末,1,1
25-26漳州高一期末生物,1,1
25-26福九期中高一,1,1
25-26福九期末高一,4,1
25-26聊城期末,1,1
25-26辽南协作校高一下期末数学,1,1
25-26辽南协作校高一下期末物理,1,1
25-26辽宁省丹东市期末,1,1
25-26辽宁省丹东市期末高二,3,1
25.7,4,1
25~26 兴城市物理试卷,1,1
25~26 兴城市物理试卷八年级期中,4,1
25~26福州屏东中学第二学期数学期末卷,1,1
25~26马尾区八下数学期末卷,1,1
25佛山统考,1,1
25佛山统考南海华附,6,1
25到26学年第二学期八年级期末学业诊断,8,1
25天津河西高一下物理期中,1,1
25天津高考英语,3,1
25天津高考英语真题,2,1
25天津高考英语真题听力,4,1
25届浙江地理高考,1,1
25年6点月福建语文会考,1,1
25年东三省卷,3,1
25年中考北京,4,1
25年中考历史,1,1
25年中考数学,1,1
25年中考河北英语,7,1
25年中考语文,2,1
25年全国二卷,8,1
25年全国二卷英语,5,1
25年八省,4,1
25年八省联考数学,8,1
25年到26年八市期末考试,1,1
25年化学全国一卷,6,1
25年化学真题,1,1
25年南阳市物理期末高一试题,3,1
25年大连金普新区高一月考数学试卷,4,1
25年天津卷,1,1
25年山东中考语文,1,1
25年山东高考生物试卷,2,1
25年政治一模,6,1
25年政治二模,6,1
25年新高考数学,1,1
25年江苏中考数学,3,1
25年河北保定曲阳县中考数学,1,1
25年河北区新初一分班考公办校,4,1
25年河北区新初一分班考试卷,1,1
25年河南省中招数学,1,1
25年河南省高考物理,4,1
25年济南高三开学考,1,1
25年淮安中考地生,8,1
25年福建省政治卷,2,1
25年福建英语一检,4,1
25年秋季学期七年级期中教学质量监测试题语文,5,1
25年荔湾区中考一模英语,2,1
25年荔湾区初三一模英语试题答案,1,1
25年荔湾区初三一模试题答案,1,1
25年语文一模卷追寻科学的第一推动,6,1
25年语文高考一卷,2,1
25年越秀区初三一模试题答案,3,1
25年高考,1,1
25年高考东三省卷,4,1
25年高考化学,1,1
25年高考安徽化学卷,3,1
25年高考数学全国一卷试卷,1,1
25广州二模,1,1
25广州高三二模,5,1
25数学二模,32,1
25浙江高考,1,1
25湖北模拟,10,1
25湖北武汉模拟预测,3,1
25湖南中考数学,1,1
25福建高考英语,4,1
25秋八年级上册物理压轴题专练,3,1
25英语天津高考第一次,2,1
25西城高一下期末数学北京,2,1
26 01浙江一月历史高考卷,2,1
26 01浙江一月政治高考卷,1,1
26 01浙江一月英语高考卷,3,1
26 01浙江一月英语高考卷听力,1,1
26 06月高考卷,2,1
26 个英文单个字母衡水体,2,1
26 年 0 1卷 全国 1 卷 数学高考真题,3,1
26 浙江六月历史高考卷,1,1
26-07c,1,1
2625全国二卷,1,1
2625全国二卷语文,3,1
2626全国二卷语文,1,1
2626高考历史,5,1
2626高考地理浙江,2,1
26上海高考金山数学二模,3,1
26个字母,3,1
26中考北京,2,1
26中考数学二模分类汇编,1,1
26八年级语文华侨,1,1
26北京朝阳三下期末数学,1,1
26北京海淀英语试卷,6,1
26南海华附数学期中,1,1
26天津河西高一下数学期末,1,1
26届新高考政治,1,1
26届新高考政治真题卷,1,1
26届浙江地理高考,1,1
26届浙江政治高考,1,1
26届福建泉泉州高三上开学考卷子,1,1
26年,1,1
26年 1卷 政治,1,1
26年 1卷 高考数学,15,1
26年 1卷 高考生物,1,1
26年 II卷 高考,1,1
26年2卷满分作文,1,1
26年七年级数学秋季开学分班．学情自测卷,2,1
26年三年级上册语文写字表练字帖,7,1
26年中考云南卷,1,1
26年中考北京政治,1,1
26年中考北京数学,1,1
26年中考天津,1,1
26年中考数学,1,1
26年中考数学二模分类汇编,1,1
26年中考江西,6,1
26年中考生物天津,1,1
26年中考英语,1,1
26年中考英语听力河北省,1,1
26年中考英语河北省听力,2,1
26年临沂高二下册,4,1
26年九师联盟高一英语,2,1
26年保定安国县七下数学期未卷,6,1
26年全国一卷 高考试题,1,1
26年全国一卷语文,3,1
26年全国二卷数学,5,1
26年凉山高二下期末考试语文卷,6,1
26年化学,1,1
26年化学新高考二卷,1,1
26年北京高考卷子,1,1
26年合肥市,1,1
26年合肥市八年级上学期物理期中试卷,12,1
26年四川高考地理,6,1
26年大湾区一模,3,1
26年大湾区一模英语,2,1
26年天津卷,1,1
26年安徽中考,2,1
26年安徽省高考物理试卷,3,1
26年宜宾中考,7,1
26年宜宾中考生物,3,1
26年宜宾高二下期末考试语文卷,2,1
26年宿迁中考数学卷,6,1
26年山东济南二模化学,6,1
26年山东高考物理题,1,1
26年广东高中学考,3,1
26年广东高中生物合格性考试,5,1
26年徐州高一期末考试试卷地理,3,1
26年德州中考英语真题,1,1
26年成都中考,4,1
26年政治高考卷,1,1
26年政治高考卷山东,1,1
26年数学全国一卷,2,1
26年数学济南市中考压轴题,3,1
26年新疆高考物理真题,4,1
26年江苏高考,3,1
26年江西,1,1
26年江西高考,1,1
26年河北中考英语,3,1
26年河南省南阳市高一化学,3,1
26年河南省南阳市高一生物,4,1
26年河南省历史高考,5,1
26年河南省高一生物,2,1
26年济南市中考压轴题,1,1
26年浙江高考历史,1,1
26年湖北中考,1,1
26年湖南高考历史卷,3,1
26年物理,1,1
26年物理期中考试,1,1
26年物理高考卷,1,1
26年盐城市中考试卷。,3,1
26年盐城市高三期中统考,3,1
26年福建语文学业水平合格试测试,2,1
26年自贡高二下期末考试语文卷,2,1
26年英语全国一卷,2,1
26年语文全国一卷,6,1
26年语文高考全国一卷,3,1
26年贵州中考原题,4,1
26年辽宁中考数学卷,1,1
26年选择,1,1
26年重庆数学,1,1
26年重庆数学高考,1,1
26年长春中考数学模拟题,3,1
26年长春中考模拟题,1,1
26年长春市小升初英语试卷,4,1
26年驻马店教研,1,1
26年高考,1,1
26年高考2卷语文,1,1
26年高考一卷数学,1,1
26年高考二卷语法填空,1,1
26年高考卷,6,1
26年高考数学全国一卷试卷,6,1
26年高考物理北京卷真题及答案解析,2,1
26年高考真题,5,1
26年高考真题语文,1,1
26年高考英语全国一卷答案,1,1
26年高考试题,1,1
26年高考语文二卷,1,1
26广东数学中考,1,1
26数学高考,1,1
26春期末数学试卷湖北,3,1
26朝阳三下期末数学,1,1
26河西区高二期末语文,2,1
26泉州市,1,1
26泉州市高二,4,1
26泉州市高二物理,4,1
26洛阳市三模语文,3,1
26浙江生物学考,2,1
26烟台高一期末数学,1,1
26物理高考,2,1
26物理高考甘肃,3,1
26生物广东卷,1,1
26生物选考,1,1
26葫芦岛的期末,6,1
26语文,3,1
26语文高考,3,1
26辽宁化学高考,1,1
26青岛中考英语,1,1
26青岛中考语文,1,1
26高一上物理,2,1
26高一上物理第一次,3,1
26高考,3,1
26高考专版  第39期高三数学A,1,1
26高考数学,3,1
26高考答案,1,1
26高考英语,1,1
26高考语文2卷,1,1
27中,2,1
27小高考,2,1
27年 生物 江苏,1,1
27广东小高考,4,1
27版高考复习高中英语优化方案一轮总复习外研版（电子版可,1,1
288653,1,1
28章圆单元测,5,1
2O26年广东省汕头市初中学业水平考试地理,2,1
2O26年广东省汕头市初中学业水平考试地理真题,1,1
2o25中考烟台道法,3,1
2o25中考烟台道法真题,6,1
2o26中考烟台道法,3,1
2ozl高考套题,2,1
2、画图并标注相应文字解释、拓展相关知识点 二、范围 必修一画图及总结 44:图3-5 48:图3-6 52:图3-8 93:图5-9 103:图5-14 112:图6-2 必修二 18:图2-2?? 和? 22:图2-5? 对比分析 43:图3-2 44:图3-3 45:图3-6 50:图3-8 54:思考讨论(证明DNA复制方式的试验示意图) 55:图3-10 65:图4-4 68:图4-7 选必一 28:图2-7 29:图2-8 48:图3-1 50:图3-2? 和? 52:图3-4 59:图3-9 61:图3-11 72:图4-6?? 和? 73:图4-7 选必二 51:图3-2 55:图3-5? 和? 图3-6? 和? 56:思考讨论赛达伯格湖的能量流动图解 62:图3-10 选必三 17:图1-7 35:图2-1 38:图2-4 40:图2-7 45:图2-12 48:图2-16 53:图2-18 57:图2-20 60:图2-22 61:图2-23 63:图2-25 73-85：总结一张8开纸,2,1
2充分条件和必要条件,1,1
2全等三角形动图,2,1
2化学反应的方向,2,1
2十4,1,1
2概率,1,1
2次函数应用题,23,1
2法拉第电磁感应定律,2,1
3 串联电路和并联电路,4,1
3 二次函数的应用,2,1
3 几何证明举例,5,1
3 凸透镜成像的规律提高,1,1
3 大庆高中,9,1
3 实验,1,1
3 对数的概念与运算,8,1
3 小数除法,3,1
3 有理数大小的比较,1,1
3 桂花雨,4,1
3 比热容,2,1
3 空间向量及其运算的坐标表示,2,1
3 角的平分线,11,1
3. 动量,1,1
3. 动量守恒定律题型,3,1
3. 匀变速直线运动位移与时间的关系,3,1
3. 湖北圆创联盟2025届3月联合测评物理,8,1
3. 牛顿第二定律,3,1
3. 电场磁场,2,1
3. 解方程,5,1
3.1 三角形全等的判定,7,1
3.1 三角形全等的判定大题,1,1
3.1 分式方程,6,1
3.1 速度及相关计算,1,1
3.1探究: 光的反射定律 同步练习,1,1
3.1硫,1,1
3.1重力与弹力,1,1
3.1重力与弹力 第2课时 探究弹簧弹力与形变量的关系 人教版物理必修第一册,3,1
3.1重力与弹力举一反三,1,1
3.1重力与弹力举一反三讲义,3,1
3.2 函数的基本性质,5,1
3.2 双曲线,7,1
3.2 圆锥曲线,1,1
3.2 正弦型函数的性质与图像,3,1
3.2 氧气的制取,3,1
3.2.2 函数的奇偶性,1,1
3.2.2 奇偶性基础练,1,1
3.2.2 奇偶性基础练人教A版必修第一册,5,1
3.22奇偶性基础练,1,1
3.2带电粒子在磁场中运动的多解问题、动态圆,4,1
3.2幂函数的图象与性质,1,1
3.2（3）醛类与酮,1,1
3.3 古典概型,6,1
3.3 平面向量加、减运算的坐标表示,1,1
3.3二项式定理的应用,3,1
3.3立方根练习,4,1
3.4实数的运算课件,1,1
3.5 圆锥曲线压轴,2,1
3.5 圆锥曲线的应用,1,1
3.5 圆锥曲线解答题,1,1
3.?2026七年级数学暑假作业学生版合集（文心出版社 专项卷+综合卷+预习卷）,1,1
3.?七年级数学暑假作业（学生版）.zip,1,1
3.?华东师范大学第二附属中学（华师大二附中）高一上学期期中数学试卷 含解析,2,1
3.?南京七校高一联考生物,2,1
3.?天津市耀华中学 高三化学一轮复习导学案,4,1
3.?广东实验中学,2,1
3.?广东实验中学高一月考,1,1
3.?广东实验中学（省实本部）,1,1
3.?皖南八校2026上下学期联考化学,1,1
3.?皖南八校2026届高三上第二次联考,1,1
3.?西安市碑林区铁五小学2025-2026学年第二学期四年级数学期末试卷（北师大版）,1,1
3.保护地球家园 导学案,3,1
3.小数点移动引起小数大小的变化,7,1
3036年全国一卷,1,1
3082220,4,1
30之内加减法,1,1
31中,1,1
31中开学考,1,1
32届物理竞赛复赛,3,1
33117217,4,1
34省份空白图,1,1
3500 词,2,1
3500带词组,1,1
3500词,4,1
3500词 2026新课标,4,1
3500词汇分类,3,1
3540701,4,1
358931,3,1
3600词高考英语,2,1
36中开学考,1,1
37中,1,1
37中月考,14,1
37届全国中学生物理竞赛预赛试卷,3,1
38中,1,1
38套,1,1
38届国初,13,1
38届国初化学,1,1
39届中国化学奥林匹克初赛,1,1
39届全国中学生物理竞赛预赛试卷,2,1
39扬子石化杯江苏省赛选拔赛,5,1
3二项式定理的应用,1,1
3年级人教版课后单词,2,1
3年级数学人教版加减乘除混合运算应用题,18,1
3年高考2年模拟,1,1
3年高考2年模拟化学选修一,6,1
3月,8,1
3月份月考。,7,1
3月名校协作体,4,1
3月辽宁高一下学期开学考,11,1
4 10的认识与加减法,2,1
4 4 数学归纳法,1,1
4 一元二次方程,6,1
4 位似多边形,1,1
4 孙权劝学/《资治通鉴》,3,1
4 平方根,1,1
4 机械能及其转化,2,1
4 欧姆定律在串、并联电路中的应用,3,1
4 焦耳定律,1,1
4 线段垂直平分线与角平分线,2,1
4. 洛伦兹力,3,1
4. 洛伦兹力的应用,2,1
4. 自由落体运动,2,1
4. 自由落体运动题目,1,1
4.1 光合作用,2,1
4.1 化学式,3,1
4.1 正弦函数、余弦函数的图象,1,1
4.1 正弦函数、余弦函数的性质,3,1
4.1（2）元素周期律,1,1
4.2 尺规作图,1,1
4.2带电粒子在复合场中的运动,2,1
4.3.2.直线与平面所成的角,4,1
4.3一元二次不等式的应用,12,1
4.4 矩形的判定及综合,5,1
4.4化学键,3,1
4.?2026宣城高三二模,2,1
4.?广州市执信中学,2,1
4.?广州市执信中学（本部）,1,1
4.?浙江省杭州高级中学（杭高）高一第一学期期末数学试卷 含解析,2,1
4.?皖南八校2026届高三下第二次联考,1,1
400字议论文,4,1
40106618,1,1
40分钟练习,3,1
40届杨子,2,1
40届江苏复赛试卷,1,1
40物理竞赛,3,1
41届物理竞赛,1,1
42中,1,1
42届中学生物理竞赛初赛,1,1
42届全国中学生数学竞赛预赛试卷,1,1
42届全国中学生物理竞赛预赛试卷,1,1
42篇短文速记3500单词,11,1
43中八下期中,5,1
43分练,2,1
45套卷,5,1
47332650,1,1
47425821,1,1
47939022,1,1
47中,1,1
48 个音标 PPT,1,1
48841149,1,1
48个英语国际音标,4,1
48中25年一26年9月上学期数学素养训试卷,1,1
48中小升初,3,1
48中小升初石家庄,1,1
48八下期中,18,1
48八下期末,1,1
49中,1,1
4区联考,4,1
4升5数学奥数,2,1
4升5数学奥数思维题训练,1,1
4升5数学思维题训练,4,1
4星学霸黑白题,5,1
4月辽宁月考,16,1
4月辽宁高一月考,12,1
4月辽宁高一期中,1,1
4月辽宁高中月考,3,1
4机械能守恒定律,1,1
5 秋天的怀念/史铁生,2,1
5+2PPT,3,1
5. 南外理科实验班选拔 九年级数学,14,1
5. 带电粒子在复合中的运动,4,1
5. 带电粒子在电场中的运动 人教版导学案,1,1
5. 带电粒子在电场中的运动 导学案,1,1
5. 弹性碰撞和非弹性碰撞,1,1
5. 金陵中学竞赛选拔九年级数学,1,1
5.1 数量积的定义及计算,13,1
5.2 导数的运算,5,1
5.2.1 任意角三角函数的定义,1,1
5.3诱导,3,1
5.?广州市第二中学,2,1
5.?江苏省南京外国语学校（南外）高一上学期期中数学试卷 含解析,3,1
5.行程问题,4,1
50道选择题,1,1
51312561,1,1
5242606,1,1
53709672,12,1
53a版,2,1
53化学选修三,1,1
53试卷化学选修三,4,1
53试卷化学选修三有机化学性质,10,1
53金卷化学,19,1
53高中人教B不等式章节检测,4,1
53高中人教B函数章节检测,6,1
53高中人教B集合章节检测,13,1
53高中人教必修一章节监测卷,3,1
53高中人教集合章节检测,4,1
53高中人教集合章节监测卷,1,1
54213990,3,1
54605695,3,1
54691057,4,1
54制鲁教版九年级英语全一册讲解视频,10,1
55456851,1,1
55中,1,1
55中一月考,3,1
56028166,5,1
56241812,7,1
56中,2,1
57170699,3,1
57481346,1,1
58,7,1
58116378,1,1
58121631,4,1
58211878,1,1
58215409,4,1
58243646,1,1
58303067,4,1
58557376,5,1
58566613,4,1
58575835,5,1
58582649,1,1
58585842,4,1
58633554,3,1
58687194,8,1
58698831,4,1
58812802,5,1
58914422,2,1
58中高一上学期月考,1,1
58中高一月考,2,1
59005645,4,1
59中,1,1
5A新高考,1,1
5套优先下载（学科网可直接复制搜索）   1.?语文：2025-2026学年广东省深圳中学九年级上学期期末语文试题,2,1
5带电粒子在电场中的运动,1,1
5年中考 3年模拟,1,1
5年中考三年模拟沪科版七上数学第二章测试卷,1,1
5年級下册英语期末调研考临沭,2,1
5年级2026年期末卷,8,1
5年级上册数学2026年真题,7,1
5年级上册数学第1单元,1,1
5年级下册,1,1
5年级下册外研,1,1
5年级下册数学期末试卷人教版,1,1
5年级下册数学期末试卷人教版2026,9,1
5年级广东数学,1,1
5年级广东数学惠州,1,1
5年级期末考试全州县桂林市5年级下册期末考试语文2026年,11,1
5年高考3年模拟,2,1
5年高考真题分类,6,1
5年高考英语真题核心动词短语汇总PDF,3,1
5月辽宁高一下学期期中,1,1
5月辽宁高一期中,1,1
5月辽宁高期中,4,1
6 国行公祭，为佑世界和平/钟声朗读,3,1
6. 光的衍射与偏振,2,1
6. 牛顿运动定律,1,1
6. 牛顿运动定律的应用,1,1
6.1反比例,1,1
6.1反比例课件,1,1
6.3 解三角形应用举例,1,1
6.?四川省成都市第七中学（成都七中）高一下学期期末数学试卷 含解析,2,1
6.?广州市铁一中学,2,1
6.?广州市铁一中学（越秀本部）,1,1
64,1,1
64事件,3,1
668高考高频词,1,1
66978491,1,1
66届|MO,2,1
688核心词汇及其配套练习,4,1
688英语高频词汇,1,1
688词汇,2,1
688词汇默写,7,1
688高频词汇高考,1,1
688高频词降序,4,1
6A培优课前测,1,1
6A培优课前测英语,1,1
6年级上册人教版数学 期中测试卷,20,1
6年级上册数学第二单元检测,2,1
6年级上册数学第二单元检测北京卷,1,1
6年级上册新教材网课,3,1
6年级上学期数学第三单元,1,1
6年级下册数学。,13,1
6年级数学,4,1
6年级英语上册跟读,1,1
6月,1,1
6月月考,1,1
6月辽宁高一下学期月考,4,1
6月辽宁高中月考,1,1
7 呼风唤雨的世纪,1,1
7 培养德智体美劳全面发展的社会主义建设者和接班人/习近平,2,1
7 藤野先生,6,1
7 藤野先生/鲁迅,3,1
7*听听，秋的声音,1,1
7.?湖南省湖南师范大学附属中学（师大附中）高一下学期期末数学试卷 含解析,2,1
76中,1,1
79中,1,1
7上有理数的计算题目,1,1
7上生物初一上册人教版第三章课堂小测,2,1
7上语文试卷,1,1
7下科学知识清单,2,1
7下英语听力专项测试,1,1
7下英语第1单元Animal friend单元核心知识默写版,1,1
7下英语第1单元单元核心知识默写版,6,1
7中,1,1
7中重庆,1,1
7年級上册地理语期中调研考临沭,5,1
7年級上册语文语期中调研考临沭,3,1
7年級下册英语期末调研考临沭,2,1
7年級下册语文语期中调研考临沭,4,1
7年级上册代数式的值整体思想,2,1
7年级上册数学,1,1
7年级上册数学教材人教版,2,1
7年级上册数学教材有理数PPT,5,1
7年级上册数学期中卷子。宝坻第十一中学,3,1
7年级上册整体思想,1,1
7年级上册有理数混合运算,2,1
7年级上册泰山区数学期中试卷,5,1
7年级上册英语泰山区,11,1
7年级上册英语的岱岳区,16,1
7年级下册历史免费,1,1
7年级下册地理试卷。,1,1
7年级下册地理试卷海南省海口市。。,1,1
7年级下册地理试卷湖南教育出版社。。,1,1
7年级下册数学一次函数卷,1,1
7年级下册数学期末试卷,10,1
7年级下册期末物理试卷,1,1
7年级下册期末物理试卷庆云县,1,1
7年级下册生物试卷苏教版,3,1
7年级下册英语课课帮外研社2026年版,1,1
7年级下册英语调研考试临沭,1,1
7年级下册语文调研考试,1,1
7年级下册语文调研考试临沭,2,1
7年级基础知识题,6,1
7年级暑假预习,1,1
7年级期末试卷人教版,4,1
7年级浙江省创新协作体，创新素养,5,1
7年级浙江省创新协作体，创新素养数学,9,1
7年级浙江省创新素养。,11,1
7年级物理培优竞赛,1,1
7年级英语听说竞赛试题1,1,1
7年级语文上分卷,1,1
7月辽宁期末,2,1
7月辽宁高一下学期开学考,1,1
7月辽宁高一下学期期末,43,1
7月辽宁高中期末,5,1
7月高一期末巩固训练,17,1
8,1,1
8 数学广角——优化,2,1
8.1 压强,5,1
8.1 直线和圆专项训练-2027届高考数学一轮复习,5,1
8.?湖北省华中师范大学第一附属中学（华师一附中）高一下学期期中数学试卷 含解析,2,1
80中学,7,1
817956,1,1
83中学沈阳,1,1
887,1,1
8上人教版地理这个单元试卷,2,1
8上北师大数学期中试卷,4,1
8上历史期末考试试卷,7,1
8上奥数,1,1
8上第1次月考,1,1
8上课时作业本数学2026,1,1
8下华东师范版数学课本,3,1
8下数子-,1,1
8下英语,1,1
8下英语厦门,1,1
8下英语培优试卷,27,1
8升9物理暑假衔接答案,4,1
8年級上册地理期末调研考临沭,1,1
8年级,1,1
8年级上册,1,1
8年级上册佛山市物理试卷,12,1
8年级上册佛山市物理试卷顺德,8,1
8年级上册学练优,3,1
8年级上册数学全等三角形,3,1
8年级上册数学公式,8,1
8年级上册数学北师大版第1单元试卷,4,1
8年级上册数学单元检测卷人教版,16,1
8年级上册数学第1单元。,7,1
8年级上册期中物理。,4,1
8年级上册济南版生物,5,1
8年级上册英语默写单人教版,8,1
8年级下册庐江县期末考试卷,1,1
8年级下册数学,1,1
8年级下册数学英,1,1
8年级下册数学英剧,1,1
8年级下册数学英浙江省温州市。,7,1
8年级下册期末,1,1
8年级下册消息二则,1,1
8年级下册物理的重点知识点内容合集资料,1,1
8年级下册语文，数学，英语嗯，物理化学，政治，历史等科目的重点内容考点。的合集资料,1,1
8年级下数学期末考试,4,1
8年级下数学第三次月考,1,1
8年级期末考试,3,1
8年级物理培优卷。,1,1
8年级物理试卷,1,1
8年级物理试卷天津,3,1
8年级综合试题,1,1
8年级英语卷,4,1
8年级英语期中质量检测试题,1,1
8年级长沙竞赛题。,3,1
8年级长沙竞赛题。一中,1,1
8年纪函数题型,3,1
8年纪重庆7中期中物理,4,1
8月,2,1
8月份,4,1
8月开学摸底考试,17,1
8月开学考,1,1
8省联考,7,1
9 10章测试,1,1
9+1,2,1
9+12025学年第二学期高一年级学业质量阶段调研语文,1,1
9+1联盟高一语文期中联考,5,1
9.?山东省山东省实验中学高一下学期期末数学试卷 含解析,4,1
978-7-5539-7714-0,5,1
9787575810586,1,1
98,1,1
99乘法表,3,1
9?1联盟,1,1
9上数学书,4,1
9上数期中,9,1
9上数期末,5,1
9上物理月考试卷,2,1
9上英语人教版单词音频,4,1
9上英语培优试卷,2,1
9上英语培优试卷2026年,4,1
9上英语月考试卷,2,1
9上语文阅读理解模板,2,1
9到10月考,1,1
9年上物理第15章电流和电路单元卷辽宁专版。,1,1
9年级上册1元二次方程。,6,1
9年级上册二次函数网课,1,1
9年级上册人教版英语。知识梳理,3,1
9年级上册化学第1单元人教版,2,1
9年级上册化学鲁教版,1,1
9年级上册化学鲁教版讲义,2,1
9年级上册历史课件,5,1
9年级上册庐江县期中考试卷,4,1
9年级上册庐江县期末考试卷,1,1
9年级上册数学书 教学课程,1,1
9年级上册数学教科书,5,1
9年级上册数学月考卷,3,1
9年级上册物理第十一章功测试卷,5,1
9年级上册物理第十一章测试卷,1,1
9年级上册物理试卷,12,1
9年级上册第一单元英语,2,1
9年级上册第一次月考数学,8,1
9年级上册第一课历史课件,5,1
9年级上册英语8单元语法,1,1
9年级上学期化学试卷,1,1
9年级上学期物理试卷,2,1
9年级仁爱版英语单词表,4,1
9年级物理热传递内能。,3,1
9月开学考,14,1
9月必修一化学,22,1
9月月考高二上化学,3,1
9月浙江高一上,2,1
9月考,2,1
9月阶段性练习,7,1
9校联考,9,1
A,2,1
A day to remember。,2,1
A 课件,1,1
A10 1号 10月安徽5月,1,1
A10 1号 7月安徽历史,6,1
A10 联盟 1号 安徽 高三上学期开学考,1,1
A10 联盟 1号 安徽 高三上学期开学考期末,1,1
A10 联盟 1号 安徽 高三开学考期末,2,1
A10 联盟 1号 安徽 高二下 期末,1,1
A10 联盟开年考,1,1
A10 联盟苏州市13校2024级高二上学期11月期中考试,1,1
A10安徽高三8月数学2025~2026,1,1
A10安徽高三8月数学一检2025~2026,2,1
A10联盟&宿州十三校2024级高二上学期11月期中质量检测地理B,1,1
A10联盟2025届8月开学摸底卷,1,1
A10联盟2026届高三上学期9月学情,3,1
A10联盟安徽高三8月数学调研2025~2026,2,1
A10联盟语文,5,1
A10联盟质检,11,1
A10联盟高一下册期末,1,1
A10联盟高二上10月月考数学,1,1
A10联盟高二开学考,1,1
A9,12,1
A9协作体,2,1
A9协作体2024,1,1
A9协作体2024高一,3,1
A9号高中联盟,6,1
A9联盟,1,1
AI搭子,1,1
ATP专题,4,1
ATP大题专题,2,1
Amc10真题,1,1
A佳教育,1,1
A佳教育2025年,1,1
A协作体,5,1
A名校课堂,9,1
A篇阅读理解,5,1
A课件,1,1
A阅读理解,1,1
BabyTV,1,1
Back to school 课内知识预习,5,1
B卷拔高卷,1,1
C10联盟,1,1
C20教育联盟,13,1
CACA,4,1
CMO,1,1
Cg.163.com,3,1
Clubs in our school,6,1
DSE英语,3,1
F =kv,5,1
FCE单词,2,1
Family!学业质量测评卷(1)-【步步为赢·全程无忧大单元整体设计与评价】七年级上册英语（仁爱科普版2024）,2,1
Fiddle,1,1
Fiddle联盟2026,1,1
G12 2026浙江名校协作体,4,1
G12名校协作体高一,1,1
G12名校协作体高一浙江,3,1
G12名校协作体高二开学考上学期,2,1
Great people,5,1
Great people单词,5,1
Gretchen,1,1
HKDSE,5,1
HN2026,1,1
Happy holiday。,3,1
Hsk,2,1
Hsk3,1,1
"I don’t want to go. Besides, it’s too far. I don't want to go out. It's raining, besides, I'm tired. 把这段文字复制到：学科网、二一教育、原创力文档、百度PPT搜索，就能搜到同源PPT。",3,1
"If your resolution is to learn a new language, you may be wondering: What’s the best way to go about this?  1  There are many different ways to approach it. If you want to start learning a language fast, though, there is plenty of advice we can offer.  Is grammar important?  Yes, grammar is important. But after all, when you’re learning your first language as a baby, your par",2,1
"In one case, a young man's dog died in an animal hospital. The man was very sad because he had kept the dog since high school",1,1
J2026-2027学年高一化学必修二综合测试卷1,1,1
JI,2,1
JINGDIAM,1,1
KET 2025年剑桥真题卷,9,1
K值的计算,1,1
K博士,2,1
K的几何意义+函数值比较基础练习题,3,1
Let talk teens,1,1
MHK高考题,3,1
MST2026版一轮复习数学,7,1
MST2026版二轮复习数学,3,1
MST2027版一轮复习数学,3,1
MST2027版高三一轮复习数学,4,1
Make it happen语法grammar，动词不定式和动名词做宾语。8年级英语练习。,1,1
Make it help语法grammar，动词不定式和动名词做宾语。8年级英语练习。,4,1
Mst,3,1
N20,1,1
New shaping English,2,1
Once upon a time。,2,1
Other another the other,1,1
Other another the other专题,2,1
PCR的拓展,3,1
PET,8,1
PF,1,1
PPT1 免费,1,1
PPT上海新高一物理知识点总结,2,1
PPT高中数学选择性必修一第一章,1,1
PPT高中数学选择性必修一第一章A版,8,1
Rain or shine。,2,1
Really re二零二四到二零二五学年山东省淄博市十堰高二生物期中考试试,1,1
S,3,1
SSP外刊阅读上海,1,1
SSP高中,2,1
STG2随堂小练,5,1
Starter Units 1-3 素养练习 2026-2027学年人教版七年级英语上册,1,1
StarterUnits 1－3 素养练习 2026-2027学年人教版七年级英语上册,6,1
T 8 12月联考2026,1,1
T 8 联考2026,12,1
T82023,1,1
T8一模数学,3,1
T8八省八校联考,1,1
T8第一次联考,2,1
T8第一次联考 2026数学高三,1,1
T8第一次联考 数学2026,9,1
T8第二次联考,3,1
T8联考 2026,1,1
T8联考 2026届,1,1
T8联考 2026届英语,1,1
T8联考12月,1,1
T8联考2025届高三第一次联考英语（新高考I卷）,1,1
T8联考英语,1,1
T8联考高一,2,1
T8高三英语联考,4,1
T9,1,1
TOP20名校,8,1
"The Sanya Nanfan (南繁) Seed Breeding Base, located in south China's Hainan Province...”",5,1
They are having a great time,2,1
They are having great time,1,1
Thomas Smith was ill in hospital,3,1
U1核心语法，时间状语从句，知识全梳理,6,1
U1核心语法，时间状语从句，知识全梳理暑假,5,1
U2至U3单元,1,1
U4单词,1,1
UNIT 7 Writing Workshop&Viewing Workshop&Reading Club-【金版教程】2024-2025学年高中英语必修第三册创新导学案word（北师大版2019）,12,1
"Understanding id	 eas(Reading)(分层作业)英语外研版2025八年级上册",5,1
Unit 1 A Changing World,1,1
Unit 1 A New Start(单元测试·提升卷)英语外研版2019必修第一册,6,1
Unit 1 Growing,2,1
Unit 1 Growing Up,1,1
Unit 1 Growing 语法词汇（综合训练）-2026-2027学年北师大版（三起）英语六年级上册,4,1
Unit 1 Happy Holiday 单元练习 木牍中考 课时A计划 2025 2026学年新教材八年级 上册,5,1
Unit 1 Happy Holiday 单元练习-【木牍中考?课时A计划】2025-2026学年新教材八年级英语，上册,5,1
Unit 1 Happy Holiday 单元练习-【木牍中考?课时A计划】2025-2026学年新教材八年级，上册,4,1
Unit 1 Trying new things,1,1
Unit 1 Trying new things阅读理解,4,1
Unit 1 Water（单元同步写作讲义）英语新教材沪教版五四学制八年级上册,9,1
Unit 1 单词短语重点句默写过关 仁爱科普版九年级上册；,11,1
Unit 1 单词短语重点句默写过关(表格式)2026-2027学年仁爱科普版英语九年级上册,3,1
Unit 2,4,1
Unit 2Home sweet home单元练习-【木牍中考?课时A计划】2025-2026学年新教材八年级英语，上册,6,1
Unit 2Home sweet home单元练习-【木牍中考?课时A计划】2025-2026学年新教材八年级，上册,12,1
Unit 2知识点默写(背诵版+默写版),2,1
Unit 2知识点默写(背诵版+默写版)2026-2027学年译林版八年级英语上册,2,1
Unit 2译林,1,1
Unit 3 Make it happen!,10,1
Unit 3 Make it happen!动词不定式和动名词做宾语,8,1
Unit 3 Make it happen！动词不定式和动名词作宾语（核心语法精练）英语外研版新教材八年级上册,4,1
Unit 3，Going up单词填写,3,1
Unit 3，Going up知识清单,2,1
Unit 3，Going up，成长之路,3,1
Unit 4 Fun in the Sun!,6,1
Unit 4 Fun in the Sun!A卷.提升卷,2,1
Unit 4 Once upon a time 词汇专项过关,12,1
"Unit 5 Have some juice, please!",2,1
Unit 5 Here and Now,1,1
Unit 6 Beautiful landscapes 拔尖特训测评（2026译林七下,1,1
Unit 6 We like our school,1,1
Unit 6 We like our school知识点清单,2,1
Unit 7 let clean up 知识点清单,2,1
Unit 8 my dad is a doctor 知识点清单,1,1
Unit one单词梳理2024~2025学年人教版（2024）七年级英语上册,6,1
Unit two,4,1
Unit1 What's on your plate 第一单元拔尖测评 外研版三起五年级上册,2,1
Unit1People of achievement,1,1
Unit1People of achievement重难词汇精炼,1,1
Unit1the changing world单元自测新教材人教版,6,1
Unit4 The Wonders of Nature Section A 知识清单默写手册,5,1
Unit4单词知识点,2,1
Unit4单词知识点英语,4,1
Unit4单词知识点英语译木林,3,1
Unitlesson two北师大版金版教程创新导学案,1,1
Units 4~6 重点单词短语句型&写作通用表达 沪教版七上,1,1
Unit七lesson two北师大版金版教程创新导学案,5,1
Unit三family tears暑假单元自测卷2026到2027学年七年级上册新教材外研版的试卷的答案,5,1
Vt图像专项,1,1
Vt图像专项链,1,1
W 精品解析：辽宁省大连市2025-2026学年高三 上学期双基模拟考试化学试题（原卷版）.d...,1,1
WMO,1,1
WMO（世奥赛）五年级下册历年真题集,4,1
WMO（世奥赛）五年级下册数学历年真题集,1,1
WYCPX,3,1
Welcome to school（快乐优+】2025-2026学年新教材三年级上册英语,1,1
Welcome to school（无听力音频）-【快乐优+】2025-2026学年新教材三年级上册英语,3,1
Welcome to school（无听力音频）-【快乐优+】2025-2026学年新教材三年级上册英语作业本,1,1
Welcome to school（无听快乐优+】2025-2026学年新教材三年级上册英语,1,1
Welcome unit unit two英语完形填空和阅读理解,4,1
Wmo,2,1
Write the，COMPARATIVES,1,1
Write the，COMPARATIVES是什么意思？,3,1
Xtv t图像专项练习,7,1
X的平方减2x-8的绝对值等于M,6,1
YK,4,1
YMO青少年数学思维研学交流活动,1,1
YMO青少年数学思维研学交流活动5年级,2,1
YMO青少年数学思维研学交流活动5年级下册,2,1
YONEX,1,1
Z0名校2025高三,1,1
Z20 02026届高三第一次联考英语,5,1
Z20 2026届高三第三次学情诊断地理,1,1
Z20 名校联盟,2,1
Z20+,1,1
Z20名校2025高三,2,1
Z20名校联盟2026届高三第一次联考数学,5,1
Z20名校联盟2026届高三第一次联考物理,14,1
Z20名校联盟2026届高三第三次学情诊断,5,1
Z20名校联盟2026届高三第三次学情诊断政治,1,1
Z20名校联盟技术2023—2024学年高三上学期,1,1
Z20名校联盟浙江省名校新高考研究联盟2026届高三第一次联考英语,4,1
Z20名校联盟英语,4,1
Z20名校联盟高三上学期第一次物理,4,1
Z20名校联盟（浙江省名校新高考研究联盟）2026届高三第一次联考化学试题,4,1
Z20第一次联考,1,1
Z20高一上期中物理。,1,1
Z20，高一上期中物理。,2,1
Z2零名校联盟 浙江省名校新高考研究联盟 2026届高三第一次联考地理试卷,6,1
Z2零名校联盟2026届高三一模地理,6,1
Zhuzhou Jianning Experimental Middle School,1,1
[58455370]中学浙江省杭州学军中学2025-2026学年上学期高一期末模,1,1
[文件]高二政治暑假作业(解析).rar,4,1
a an the 冠词练习题,2,1
a new start,2,1
a new start题目简单,1,1
a10开学考,1,1
a10联盟2025级高一,1,1
a10联盟2025级高一7月初期末质量检测,1,1
a10联盟2025级高一语文,7,1
a10高三上学期,10,1
abcc4字词语,1,1
alevel,1,1
atp,5,1
best 合作体历史高二下,1,1
best长春,2,1
c-si,1,1
cg.163.com,2,1
cmo,4,1
daidian带电粒子在电场中的运动,1,1
danger keep safe。,3,1
done,3,1
e,2,1
et二次函数,7,1
et二次函数解析,8,1
e卷通阅卷,4,1
f x 杯,6,1
f(x)杯,1,1
"f,",1,1
family traditions,7,1
g4,2,1
g4联考化学,4,1
gaonghenengliang,1,1
gvc,1,1
hello,1,1
hello  and  now,3,1
http://xkw.com/UZBYBYf62,1,1
http://xkw.com/n7mzr6If,5,1
https://b23.tv/CZCoaip,1,1
https://b23.tv/p8jG0SN,3,1
https://browser.qq.com/**,1,1
https://c.xkw.com,1,1
https://c.xkw.com/doc-detail/40430057?tag=%E5%8D%95%E5%85%83%E5%8D%B7,4,1
https://c.xkw.com/doc-detail/49014970?tag=%E8%AF%95%E9%A2%98%E6%B1%87%E7%BC%96,2,1
https://c.xkw.com/doc-detail/49845685,1,1
https://c.xkw.com/doc-detail/52596824?tag=%E8%A7%A3%E6%9E%90,1,1
https://c.xkw.com/doc-detail/54154192?tag=%E8%A7%A3%E6%9E%90,1,1
https://c.xkw.com/doc-detail/58123469?tag=%E8%AE%B2%E4%B9%89,1,1
https://c.xkw.com/doc-detail/58321446?tag=%E5%8E%9F%E5%8D%B7,1,1
https://c.xkw.com/doc-detail/58321446?tag=%E8%A7%A3%E6%9E%90,1,1
https://c.xkw.com/doc-detail/58773117?tag=%E5%8E%9F%E5%8D%B7,1,1
https://c.xkw.com/doc-detail/58914631?tag=%E5%8E%9F%E5%8D%B7,2,1
https://c.xkw.com/doc-detail/58929886?tag=%E5%8E%9F%E5%8D%B7,2,1
https://files.zxxk.com/app?mkey=1785319473-147584841-14339520,1,1
https://m.zxxk.com/docpack/2788701.html,4,1
https://m.zxxk.com/docpack/3042650.html,2,1
https://m.zxxk.com/docpack/3563735.html,1,1
https://m.zxxk.com/docpack/3680646.html,1,1
https://m.zxxk.com/docpack/3684150.html,1,1
https://m.zxxk.com/soft-view/56887682.html?id=56887682,4,1
https://m.zxxk.com/soft/52432184.html,4,1
https://m.zxxk.com/soft/54491334.html,4,1
https://m.zxxk.com/soft/55004077.html,6,1
https://m.zxxk.com/soft/57997257.html,3,1
https://m.zxxk.com/soft/58072499.html?webview_progress_bar=1&show_loading=0&push_animated=1&theme=light,1,1
https://m.zxxk.com/soft/58463027.html?show_loading=0&push_animated=1&webview_progress_bar=1&theme=light,1,1
https://m.zxxk.com/soft/58478874.html?use_xbridge3=true&loader_name=forest&need_sec_link=1&sec_link_scene=im&theme=light,2,1
https://m.zxxk.com/soft/58865617.html,6,1
https://m.zxxk.com/soft/58887039.html,2,1
https://m.zxxk.com/soft/58930366.html,1,1
https://m.zxxk.com/soft/58968517.html#3.2.2奇偶性（基础练）- 2026-2027学年高一上学期数学人教A版必修第一册,10,1
https://pan.baidu.com/s/1bAzUKHkabtRQkTqNOnV3zA#list/path=%2Fsharelink1469408669-519704381991950%62F九门状元习题%2F数学%2F,3,1
https://pgeqd.calmawakening.life/lessons/68890,1,1
https://static.leleketang.com/kaka_pdf_qr.php?page=pages/paper/preview&ids=83230-answer,5,1
https://tivbq5.z.yangcongshuxue.com/school/activityH5/bench-share?id=7895c93f-4a16-4fb5-9efd-0342628df0c6,9,1
https://www.shijuan1.com,4,1
https://www.zxxk.com/,1,1
https://www.zxxk.com/activity/yyc/52?source=share,3,1
https://www.zxxk.com/soft/,2,1
https://www.zxxk.com/soft/53215322.html,6,1
https://www.zxxk.com/soft/53459255.html,4,1
https://www.zxxk.com/soft/53724613.html,4,1
https://www.zxxk.com/soft/54074979.html,1,1
https://www.zxxk.com/soft/54580665.html,3,1
https://www.zxxk.com/soft/58052818.html,2,1
https://www.zxxk.com/soft/58386175.html?spm=a1.b9.c14.d72&use-olympus-account=1&use-olympus-account=1&enterprise_mode=0&enterprise_mode=0&lark_tenant_id=0&lark_tenant_id=0,2,1
https://www.zxxk.com/soft/58575835.html?use_xbridge3=true&loader_name=forest&need_sec_link=1&sec_link_scene=im&theme=light,3,1
https://www.zxxk.com/soft/58621769.html,1,1
https://xysp.hljea.org.cn/login,1,1
h生物高二下期末吉林.,1,1
i can,5,1
it家族,1,1
j12,2,1
j12高中数学,1,1
ji?h,1,1
jui上化学,1,1
k,1,1
ksp,1,1
ksp计算,1,1
lMO,1,1
labor,2,1
lie和lay的区别,1,1
lmo,1,1
loi,1,1
miawfei,1,1
mio,1,1
mxxa2026032600020631203,1,1
n,1,1
playing and having fun,2,1
ppt乱讲大赛,1,1
ppt历史一轮复习,1,1
ppt句子成分,6,1
ppt语法,2,1
ppy,1,1
qinianji1 七年级上册 数学,5,1
qinianji1 七年级上册 数学 期末 人教版,3,1
qinianji1 七年级下册 数学 期末测试卷,2,1
s,1,1
s6,3,1
same or diffi,1,1
sarsh高三暑假班,1,1
sat,1,1
scratch,3,1
seattle,1,1
seattle咋读,1,1
sh,1,1
sharing,2,1
shu,1,1
shuyixue2026高三数学,1,1
sin图像,1,1
soft/58413320,3,1
starter1-3,1,1
starterUnit1-Unit3,6,1
t.pep.com.cn/xjc2024,7,1
t8联考,3,1
take词组,2,1
there be,14,1
there be句型,5,1
think,1,1
tiel,1,1
tiqianzhaosheng,1,1
tongjiyugailv,1,1
t?8,11,1
unit 3my school,2,1
unit 3my school2026,5,1
unit 3现在完成时的被动语态练习题,1,1
unit1提升卷,1,1
unit2,1,1
unit4 hands-on fun,4,1
unit5综合检测一,2,1
vt图像,1,1
we had long dreamed of going to the caribbean,6,1
word26年合肥市八年级上学期物理期中试卷,3,1
www zxxk com参考答案英语,5,1
www.baidu.com,1,1
www.zjzs.net,1,1
www.zxx.com,4,1
www.zxxk.com,6,1
www.zxxk.com参考答案,2,1
www.zxxk.com高一升高二,3,1
w的取值范围,2,1
x,1,1
x-t、v-t图像的理解和应用,3,1
xiang2026-2027学年北师大版八年级数学上册第三章位置与坐标单元练习,1,1
xiezuo1,1,1
youji1 有机大题 训练,1,1
youji1有机化合物专题大题训练,1,1
yx9999.cc,3,1
z20 2026届高三第一次联考,1,1
z20 2026届高三第一次联考生物,3,1
z20技术,7,1
z20物理,1,1
z20第二次联考,2,1
z20英语,1,1
zhao昭通一中教研联盟2026年春季学期高二年级期末考试生物学B卷,7,1
zuowen1初二素材开头与结尾,2,1
zxxk,1,1
zxxk com,10,1
zxxk com soft 49224213 html,5,1
zxxk.com/soft/49224213.html。,3,1
zxxk/58493612,1,1
· 广东惠州·七年级期末：惠城区2025-2026第一学期期末教学质量检测。。,6,1
φ山2026语文高考卷,1,1
‘,1,1
“2025-2026学年高一上学期期末模拟英语练习卷（天津专用）”，有配套听力音频与原文,1,1
“九九”乘法口诀表,1,1
“初三物理 电路故障 基础” 或 “识别短路断路 专项练习”,5,1
“必修二 竖直面内圆周运动 绳模型 基础题”,5,1
“扬子石化杯”第39届中国化学奥林匹克（初赛）选拔赛暨江苏赛区复赛试题,8,1
“沪科版 九年级 物理 上分卷”,8,1
“识别电路短路断路 专项练习”,1,1
“诺贝尔杯”竞赛科学试卷,1,1
ⅠMO,3,1
② 刷希望数学七年级历年试卷适应规范答题,3,1
③ ?天一大联考 高一下期末学业质量监测,1,1
●       《2025-2026学年苏科版九年级上册“圆”单元真题分类汇编》,5,1
。2026,1,1
。2026哈三中高一下学期期末历史期末卷,1,1
。2026哈三中高一下学期期末英语期末卷听力答案,1,1
。2026哈三中高一下学期期末语文期末卷,2,1
。6盘山高级中学,1,1
。利用基本不等式求最值。,2,1
。平面向量..专题提升培优,7,1
。扬州市第一中学2025至2026学年第二学期高一期中考试历史试题,2,1
。树立,2,1
。沈阳虹桥2025~2026学年度下生物学科综合模拟。,5,1
。沈阳虹桥2025~2026学年度下科综合模拟。,6,1
。河北省,4,1
。湖南九校联考,2,1
。语文,1,1
。运动和力的关系。,1,1
。高二上学期高中数学联考,3,1
。高二上学期高中数学联考浙江,4,1
。高二高中数学联考,4,1
。高考二五年物理卷。,3,1
《2026-2027学年初中英语上册单元语法词汇知识点练习（多版本）》,4,1
《STG2—随堂小练*16》,1,1
"《STG2—随堂小练*16》的完整题目内容提取： 姓名： 得分：  正四棱锥的所有棱长均为2，则该棱锥的高为____。 圆锥的母线长为20，母线与轴的夹角为60°，则圆锥的高为____。 正六棱锥高为1，侧棱长为2，则底面边长为____。 在三棱锥的四个侧面中，直角三角形最多可以有____个。 已知棱锥的高为16，底面积为256，平行于底面的截面面积为121，则截得的棱台的高为____。 用一个平行于圆锥底面的平面截这个圆锥，截得的圆台上、下底面的面积之比为1:16，截去的圆锥的母线长是3cm，则圆台的母线长为____。 在三棱锥P—ABC中，PA=PB=PC=BC，且∠BAC=90°，则PA与底面ABC所成的角为____。 用一个平面去截几何体，如果截面是三角形，那么这个几何体可能是下面哪几种：____（填序号）。 ①棱柱；②棱锥；③棱台；④圆柱；⑤圆锥；⑥圆台。 一个棱锥被平行于底面的平面所截，截面面积恰好是棱锥底面面积的一半，则所截得小棱锥与原棱锥的高之比是____。 下列命题中，错误的命题个数是____。 ①过圆锥顶点的截面是等腰三角形；②平行于母线的平面截圆锥，截面是等腰三角形；③以直角三角形一边为旋转轴，旋转所得的几何体是圆锥；④以等腰梯形的腰为旋转轴，旋转所得的几何体是圆台。 如图，能推断这个几何体可能是三棱台的是（ ） A. A?B?=2, AB=3, B?C?=3, BC=4 B. A?B?=1, AB=2, B?C?=1.5, BC=3, A?C?=2, AC=3 C. A?B?=1, AB=2, B?C?=1.5, BC=3, A?C?=2, AC=4 D. A?B?=AB, B?C?=BC, A?C?=AC （第11题图 为标注了顶点A、B、C、A?、B?、C?的三棱台示意图）",2,1
《STG2—随堂小练*》,2,1
《Unit 1 Teenagers today综合素质评价》,1,1
《Unit 6 Beautiful landscapes 拔尖特训测评（2026译林七下）》,6,1
《【上好课】2026年高考历史一轮复习讲练测（安徽专用）,7,1
《一遍过 2026-2027 物理必修第一册 RJ》配套章末试卷原题的几种靠谱方法（按难易排序）  方法1：书本自带官方渠道（最准确，正版专属）  你这本书封底/封面右下角有官方二维码  1. 打开微信扫码，进入天星教育一遍过官方小程序  2. 找到：电子错题本 / 配套资源 / 试卷下载  3. 选择对应书籍：2026-2027 高中物理必修第一册RJ  4. 里面包含：全书附赠卷（第一章运动的描述章末过关检测卷）、答案册电子版、课本习题  另外你的书分为三册：  ? ①练习册 ②讲解册 ③答案&试卷册 ? 直接翻这本第3本册子，后半部分就是整本书所有章末检测试卷（纸质原版），第一章试卷就在最前面。  方法2：天星教育官网资源下载  1. 浏览器打开：天星教育官网  2. 导航栏：【资源中心】→【一遍过专区】  3. 筛选年份：2026-2027，科目物理必修第一册人教版，即可下载整套附赠试卷PDF。  方法3：正规教辅资料平台查找  1. 学科网、教习网 搜索关键词完整精准一点： 一遍过 2026-2027 高中物理必修第一册RJ 第一章远动的描述章末测试卷,1,1
《三峡》八年级上册 阅读理解 真题 带答案,1,1
《专题01 期末复习计算专练5大题型75题（举一反三期末专项训练）》,2,1
《专题：连接体模型问题 能力提升综合检测训练（B卷）》— 2025-2026 学年高一上学期物理人教版必修第一册,1,1
《优化设计》一轮高三总复习英语 弼盛 济南出版社    2026版,2,1
《全效学习》,1,1
《创新大课堂 2025-2026学年高中语文选择性必修上册同步辅导与测试》,3,1
《初中化学方程式分类汇总》,1,1
《华罗庚金杯少年数学邀请赛试题和解答汇编》五年级下册。,19,1
《唐诗三百首》,12,1
《回应》作文,6,1
《墨池化学 · 高中化学课时作业》（或《同步练习》）必修二,7,1
《实验班提优大考卷》,1,1
《小学奥数举一反三 达标测试卷》,1,1
《小学奥数举一反三 达标测试卷》数学5年级下册。,4,1
《平行四边形判定》专题训练,1,1
《必刷题 初升高衔接版（数学、化学、物理）》,1,1
《快乐假期》,3,1
《快乐假期》高一历史暑假作业（统编版）,5,1
《惊蛰无声》观影感悟,2,1
《旅游服务类45分钟专项训练·旅游文化分册》（2027单招版）,3,1
《星火英语·巅峰训练五合一必刷题（高二版）》,3,1
《朝花夕拾》 精读、略读、浏览,3,1
《梦溪笔谈》中记载的“苦泉水制铜”是古代湿法冶铜的重要技术，主要包含两个步骤： 熬水得胆矾 “挹其水熬之，则成胆矾”，即把苦泉水（含硫酸铜溶液）加热蒸发结晶，得到蓝色的硫酸铜晶体（CuSO?·5H?O）。,1,1
《水浒传》,2,1
《清华附中高中数学精练,1,1
《湖南省长沙市雅礼中学2026届高三下学期 高三模拟卷(二)》,15,1
《状元桥.优质课堂》高中数学必修一,3,1
《状元桥.优质课堂》高中数学必修一  第十五课时答案,4,1
《确定匀质薄板的重心位置》课题，,1,1
《童年》 消除与经典的隔膜,2,1
《第四章 三角形 暑假复习巩固 2025--2026学年北师大版七年级数学下册》,2,1
《红星照耀中国》11章,1,1
《红星照耀中国》怎样读红色经典作品,8,1
《红星照耀中国》选择题,3,1
《陕西省商洛市2025-2026学年高二下学期7月期末考试化学试题》,2,1
《陕西省商洛市2025-2026学年高二下学期7月期末考试数学试题》,2,1
《高一物理下学期期末考试模拟测试卷03,3,1
《高一物理下学期期末考试模拟测试卷03【高效培优，测试范围：?《人教版2019必修第二册全册》+选择性必修第一册第1~2章】》  学科网链接：?https://www.zxxk.com/soft/58279195.html,3,1
《高分突破》,1,1
《高分突破》英语,1,1
《高考物理48个经典模型【原卷+解析】基础版》,2,1
「2024-2025 大连八上期末数学,2,1
「2025年1月福建高中学考语文试题,1,1
「鄞州小升初统考卷」，历年毕业卷最全,14,1
「高考领航2027大一轮复习学案化学教师用书」,5,1
【】暑假自学课,1,1
【上好课】2026年新高一化学暑假培优系列（人教版）,1,1
【上好课】2026新八年级物理暑假自学讲义,1,1
【上好课】2027年高考化学一轮复习讲练测（全国通用）,2,1
【上好课】2027年高考数学一轮复习举一反三系列,1,1
【上好课】2027年高考物理一轮复习讲练测（广东专用）,3,1
【上好课】高二化学选择性必修1 第12讲 化学平衡图像分析 人教版2019 学科网,5,1
【上好课】高二化学选择性必修1 第13讲 化学平衡图像分析 人教版2019 学科网,7,1
【中考真题（平湖正式中考使用）】,17,1
【培优小状元】2025-2026学年二年级数学上学期期末复习测评卷（苏教版）,1,1
【好题汇编】2025年高考语文一模试题分类汇编（江苏专用）,4,1
【好题汇编】2026年中考英语一模分类汇编（辽宁专用）,1,1
【快乐假期】2025-2026学年高一历史暑假作业,14,1
【教育机构专用】2020-2021学年高三数学寒假辅导讲义（全国通用）,1,1
【新课程能力培养】2025-2026学年高中生物选择性必修1,5,1
【暑假作业】高一化学暑假作业：氮及其化合物,1,1
【暑假作业】高一化学暑假作业：氮及其化合物         化学陈老师     2026年7月18日 09:16 江西   听全文  星标         在小说阅读器读本章    去阅读        在小说阅读器中沉浸阅读,1,1
【暑假自学课】,1,1
【暑假自学课】2025年新八年级数学暑假提升精品讲义（沪科版2024）,2,1
【步步高】2027届高考地理大一轮复习讲义 中图版 答案,10,1
【浙江湖州市2025-2026学年高二下学期期末考试历史试题】,1,1
【热点?重点?难点】专练（上海专用）,4,1
【试卷】辽宁朝阳市北票市高级中学 2025-2026学年高二下学期期末考试化学试..,3,1
【载望】2026年地理会考真题分类+预测常考图片速答,1,1
【高考领航】2027大一轮复习学案 地理 湘教版,3,1
【高考领航】2027年高考地理大一轮复习学案 湘教版 教师用书Word,2,1
一 1~6的表内乘法,3,1
一 元一次方程,3,1
一 元一次方程 100道,1,1
一 元一次方程 100道初中数学,3,1
一 元二次不等式,1,1
一 元二次不等式100道计算,4,1
一 元二次函数应用题,1,1
一 元二次方程 100道初中数学专项练,4,1
一 元二次方程人教版试卷,6,1
一 元二次方程计算100题,2,1
一 元二次方程计算题,1,1
一 模,7,1
一 次函数,9,1
一 次函数八年级专项复习,4,1
一 次函数八年级专项复习人教版,1,1
一 次函数的图象和性质,4,1
一 般现在时,1,1
一 般现在时和现在进行时辨析,2,1
一 轮 2016 高三 一轮复习,1,1
一 轮 2027 高三 一轮复习化学,3,1
一 轮 2027 高三 一轮复习数学,9,1
一 轮 复习,1,1
一 轮 复习 2026,8,1
一 轮 复习 2027,10,1
一 轮 集合,1,1
一 轮 集合数学,2,1
一 轮复习数学,1,1
一 轮复习数学2026,1,1
一 轮复习数学广东,2,1
一O一,1,1
一。。。。。,1,1
一七一,2,1
一上语文背诵闯关打卡,2,1
一个湖的边界,1,1
一中八下期末数学,1,1
一中八下期末英语试卷,1,1
一中八下英语期末,3,1
一中双语小升初试卷,2,1
一中太湖新城,1,1
一中实验班选拔考试,1,1
一中寄宿,1,1
一中广雅新高一入学考试卷,1,1
一中数学,1,1
一中期末,1,1
一中牡丹江市,1,1
一中物理期末,1,1
一中衡阳,5,1
一中高一入学分班考试,8,1
一中高三暑期,7,1
一中高二下生物,1,1
一中高二下生物入学,2,1
一中高二下生物月考,13,1
一中高二下生物期中,3,1
一二〇,2,1
一二单元,4,1
一元一次不等式,1,1
一元一次不等式试卷,5,1
一元一次函数大题,3,1
一元三次方程,1,1
一元二次不等式与其他常见不等式的解法,1,1
一元二次不等式的解法,1,1
一元二次函数、方程,8,1
一元二次函数方程和不等式测试卷,11,1
一元二次应用,3,1
一元二次方程 二次函数测试卷,2,1
一元二次方程 单元测试卷北师大版,3,1
一元二次方程 基础题,3,1
一元二次方程100道计算,3,1
一元二次方程三个二次之间的关系,5,1
一元二次方程两点式,3,1
一元二次方程公式法求解,2,1
一元二次方程函数,1,1
一元二次方程函数和不等式一轮复习,5,1
一元二次方程函数和不等式复习,1,1
一元二次方程单元测试苏教版,7,1
一元二次方程四种解法综合练习,1,1
一元二次方程解法练习,4,1
一元二次方程计算题,2,1
一元二次方程课件,2,1
一元二次方程青岛版数学,3,1
一元二次方程青岛版数学，单元卷,7,1
一元二次方程，函数和不等式,1,1
一六一中学,3,1
一六一中学开学,1,1
一六一分班考,1,1
一六一高一上学期,5,1
一六八开学考,2,1
一六六中学七年级,1,1
一六六中学七年级下学期期末,1,1
一到九年级古诗词练习,4,1
一到六年级数学,8,1
一到四,1,1
一到四章,6,1
一化学高二上学期第一章测试,8,1
一单元,4,1
一卷,1,1
一卷范文,1,1
一卷通,1,1
一周数学,2,1
一图四式,1,1
一地高考地理,1,1
一外卷子,1,1
一定物质的量浓度的溶液,2,1
一对一,1,1
一对一讲义,1,1
一小,1,1
一平方厘米田字格,1,1
一年级 下册数学 1年级期末考试卷人教版,7,1
一年级 移多补少专项训练,4,1
一年级 移多补少问题,2,1
一年级 解决问题专项训练,3,1
一年级上册人教版期末卷,1,1
一年级上册写字表练字帖,5,1
一年级上册期中试卷,1,1
一年级上册语文课本,1,1
一年级上学期期中,6,1
一年级下册,10,1
一年级下册人教版数学书,4,1
一年级下学期期末,4,1
一年级升二年级口算,1,1
一年级南门小学上册数学第1单元。,1,1
一年级口算,4,1
一年级大同安区同中心小学期末考试,9,1
一年级奥数思维练习题数学,2,1
一年级字词,4,1
一年级必备学会的字,4,1
一年级排队问题,7,1
一年级排队问题专项,1,1
一年级数学上,12,1
一年级数学上册单元复习系列,4,1
一年级数学上册综合计算每日一练（第5天））,4,1
一年级数学元角分,3,1
一年级数学北师大,3,1
一年级数学奥数思维训练,46,1
一年级数学每日一练,2,1
一年级数学苏教版期末考试,2,1
一年级数学钱,1,1
一年级期中语文试卷,1,1
一年级期中语文试卷上学期,5,1
一年级期末,1,1
一年级看拼音写话,4,1
一年级真题试卷,2,1
一年级语文,4,1
一年级语文卷子,3,1
一年级语文期末卷,1,1
一年级课外书五星红旗,3,1
一年级随堂上册,2,1
一年级随堂上册北师,3,1
一战成名,3,1
一战成名真题与拓展2025,4,1
一数120分拔高圆锥曲线,1,1
一数必刷100讲,1,1
一月2026浙江高考,1,1
一本 同步训练,5,1
一本 同步训练.,2,1
一本 高考真题分类,2,1
一本初三,1,1
一本名著,2,1
一本名著考点,1,1
一本数学计算,3,1
一本数学计算七年级,1,1
一本满分作文,1,1
一本英语8年级上册,2,1
一本英语阅读理解120篇高考,1,1
一本阅读训练5合一八上,1,1
一本预习五年级,1,1
一本预备新初二,2,1
一本预备新初二2026,4,1
一本预备新初二上册语文答案,3,1
一束120分拔高圆锥曲线,1,1
一检,4,1
一检物理福建,3,1
一模 2026,34,1
一模23,6,1
一模23题,5,1
一模24题,1,1
一模内江二中,3,1
一模分类 汇编 2024,1,1
一模分类 汇编 2025,3,1
一模复习三角函数,4,1
一模数学昆山,3,1
一模数学昆山2026,1,1
一模江苏,2,1
一模淄博,1,1
一模湖南,19,1
一模物理,1,1
一模真题集,23,1
一模英语中考,5,1
一模虹口,9,1
一模试卷,3,1
一模语文北京,5,1
一次函数与2元一次方程,13,1
一次函数与直角三角形存在性问题,13,1
一次函数与线段最值问题,1,1
一次函数与行程问题,1,1
一次函数专项练习复习,2,1
一次函数专项训练,7,1
一次函数专题,1,1
一次函数专题复习,14,1
一次函数二次函数图像与性质,3,1
一次函数人教版,2,1
一次函数函数式与三角形面积问题,8,1
一次函数卷,3,1
一次函数图像与性质,1,1
一次函数图像与性质人教版,4,1
一次函数待定系数法,7,1
一次函数待定系数法沪科版,5,1
一次函数微专题六,1,1
一次函数微专题六一次函数与线段角度问题,1,1
一次函数新定义题型,1,1
一次函数的图像,1,1
一次函数的图像与性质,3,1
一次函数的图像和性质,1,1
一次函数的应用讲解,3,1
一次函数试卷,2,1
一次函数试卷超难,3,1
一次方程于方程组,7,1
一步名校,1,1
一步名校期末卷汇编,1,1
一点老师九年级数学专项,9,1
一百中学,9,1
一的妙用,1,1
一盆海,3,1
一篇语文阅读理解，记叙文，主观题要求包含对表现手法表达方式和主旨情感分析的考察,7,1
一线三垂直模型,1,1
一线调研,1,1
一统,3,1
一统英语云南,1,1
一统英语云南2011,2,1
一至五年级修改病句,3,1
一般将来时练习题,9,1
一般现在,3,1
一般现在时一般过去时一般将来时,2,1
一般现在时题目,5,1
一般现在时，一般过去,1,1
一般现在时，一般过去时,1,1
一般现在时，一般过去时时态,4,1
一般疑问句,2,1
一般疑问句和特殊疑问句,6,1
一般过去式,2,1
一般过去时态练习,4,1
一苏州九校联考,1,1
一英,1,1
一词多义,4,1
一试,4,1
一试专题,1,1
一课一练,7,1
一轮复习专题,1,1
一轮复习二次函数，幂函数，指数函数专题练,3,1
一轮复习信息类文本阅读,22,1
一轮复习光,5,1
一轮复习内环境,2,1
一轮复习化学,7,1
一轮复习化学ppt,3,1
一轮复习古诗文默写,2,1
一轮复习古诗文默写高考,6,1
一轮复习手册,1,1
一轮复习数学,1,1
一轮复习数学函数,2,1
一轮复习数学函数导数,1,1
一轮复习新高考二卷,1,1
一轮复习月考,1,1
一轮复习月考数学,5,1
一轮复习滚动周周测,3,1
一轮复习物理,1,1
一轮复习物理动力学习题,1,1
一轮复习物理必修一运动的描述,2,1
一轮复习知识点总结,4,1
一轮复习语文名句默写,12,1
一轮复习语法填空100题,2,1
一轮复习近代史资料,1,1
一轮复习题目,4,1
一轮复习高考古代史历史练习题,1,1
一轮复习高考政治提纲,10,1
一轮复习高考近代史历史提纲,3,1
一轮考点通关卷,32,1
一遍过,1,1
一遍过2026人教版数学,4,1
一遍过。八年级上册人教版,2,1
一遍过化学,3,1
一遍过，八年级上册英语第2单元检测卷,2,1
一零一,1,1
一零一 开学考,2,1
一零一 高一 月考,1,1
一零一中学圆明园,1,1
一飞冲天,6,1
一飞冲天化学,1,1
一飞冲天化学单元检测,3,1
一飞冲天化学单元检测天津第二单元,1,1
一飞冲天化学单元检测空气和氧气,2,1
一飞冲天化学单元检测第二单元,1,1
一飞冲天历史七下小复习,1,1
一飞冲天历史七下电子版小复习,5,1
一飞冲天历史七下电子版小复习试卷,1,1
一飞冲天英语必修二第三单元试卷,1,1
一高,6,1
丁一杯,2,1
丁一杯全国总测试,4,1
丁丁和冬冬都想买一套《四大名著》，丁丁还差35元，冬冬还差29元。如果两个人的钱合起来买这套书，还多28元。这套书一共是多少元？ 思,1,1
丁蜀高级中学,2,1
七,1,1
七 025 2026 年 七年级下 学期 期末数学试卷,3,1
七 025 2026 年 七年级下 学期 期末数学试卷罗山县,3,1
七上,1,1
七上 U4,6,1
七上1 3单元练习,1,1
七上一元一次方程北师大,21,1
七上一次函数练习题,1,1
七上二元一次方程组的应用,9,1
七上五四制数学,1,1
七上人教u3词汇分类循环训练单,9,1
七上人教优山会分类循环训练单,1,1
七上兰山区数学卷,4,1
七上典中典,1,1
七上冀教版英语作文,1,1
七上分班卷,2,1
七上力学,1,1
七上加减大全,3,1
七上单词,7,1
七上单词外研版,6,1
七上单词默写,1,1
七上历史,3,1
七上历史月考卷,1,1
七上历史第一课练习,8,1
七上必读书目西游记题目,2,1
七上数学 第一章 学情评估 有理数,2,1
七上数学1 3单元练习,9,1
七上数学1 单元练习,2,1
七上数学2单元测试,5,1
七上数学4单元测试卷北师版,1,1
七上数学一元一次方程,1,1
七上数学书,4,1
七上数学人教课本,1,1
七上数学四单元测试卷北师版,4,1
七上数学数轴动点问题专题,2,1
七上数学数轴动点问题专题人教版,2,1
七上数学整第4单元,6,1
七上数学月考卷,1,1
七上数学有理数选择填空压轴题,3,1
七上数学期末,2,1
七上数学期末试卷,1,1
七上数学第4单元测试卷北师版,1,1
七上数学第一章试卷,7,1
七上数学第三单元测试卷,1,1
七上数学讲义北师大版,4,1
七上数轴,9,1
七上文园数学,1,1
七上时态,1,1
七上期中,2,1
七上期中试卷,1,1
七上期末,2,1
七上沂水区数学卷,6,1
七上海淀AB,2,1
七上湘教版数学期中练习,1,1
七上生物,2,1
七上生物北师大版,3,1
七上真题汇编,2,1
七上第一单元,3,1
七上第一单元数学人教,2,1
七上第九章单元检测卷,3,1
七上英语单词表,2,1
七上英语子联盟,3,1
七上英语完形填空,1,1
七上英语期末卷山西2025交城县,2,1
七上英语期末题随州市,8,1
七上英语背诵,1,1
七上英语语法每日一练,8,1
七上英语语法每日一练 第2单元名词所有格,3,1
七上计算 100专项训练计算专项,2,1
七上计算练习,5,1
七上计较吧,1,1
七上词汇分类循环训练,5,1
七上词语默写,1,1
七上译林英语默写,1,1
七上语文,9,1
七上语文三字表,1,1
七上语文期末卷山西,1,1
七上语文期末卷山西2025,1,1
七上语文期末卷山西2025交城县,1,1
七上语文第一单元,1,1
七上语文第一单元古诗考练,1,1
七上语文第一单元提分卷,3,1
七上语文第一章单元,6,1
七上语文调兵山,5,1
七上语文阅读,4,1
七上调兵山,5,1
七上道法试卷,1,1
七上金平历史,4,1
七上默写手册,3,1
七上默写手册英语电子版,1,1
七下 期末测试卷,1,1
七下全等三角形几何,7,1
七下华师数学,1,1
七下单项式与单项式相乘,1,1
七下历史期中试卷,7,1
七下历史知识点总结,6,1
七下历史第一单元 繁荣与开放的时代 单元测试卷,11,1
七下历史第一单元检测卷,1,1
七下历史第二单元 繁荣与开放的时代 单元测试卷,1,1
七下历史第二单元 辽宋夏金元时期 民族关系发展和社会变化 单元测试卷,3,1
七下地理思维导图,6,1
七下地理期末,6,1
七下地理湖南,1,1
七下外研版英语,1,1
七下外研版英语海南,3,1
七下外研版英语海南unit6,1,1
七下外研版英语海南单元卷,4,1
七下多项式与多项式相乘,2,1
七下数学,2,1
七下数学 2026人教版,1,1
七下数学 2026人教版第一单元,1,1
七下数学 2026期末测试卷,8,1
七下数学 第一单元,4,1
七下数学北师大版第一次月考,4,1
七下数学期末试卷,1,1
七下数学期末试卷武汉市武昌区,5,1
七下数学第六章二元一次方程组提升卷,9,1
七下数学青岛版二元一次方程,4,1
七下数学青岛版代入消元法和加减消元法,1,1
七下数学青岛版第九章,1,1
七下时态,3,1
七下期中,33,1
七下期末包头,4,1
七下期末巴蜀,2,1
七下期末汇总版必背清单,8,1
七下期末考试,5,1
七下期末试题,24,1
七下期末阜平,3,1
七下沈阳数学,15,1
七下沈阳数学期末,3,1
七下生物期末考试人教版,1,1
七下知识点,4,1
七下第1单元,3,1
七下第七章,4,1
七下第七章数学,2,1
七下英语期末卷山西2025交城县,1,1
七下英语期末测试卷。,10,1
七下英语期末试卷,18,1
七下英语期末题随州市,3,1
七下英语短语默写,2,1
七下英语试卷新疆,3,1
七下英语语法复习,2,1
七下计算题,10,1
七下语文暑假作业,3,1
七下语文期末龙门实验,1,1
七下语法,1,1
七下语法英语,5,1
七下道德与法治,11,1
七下道法,4,1
七下道法填空,1,1
七下郴州市英语试卷,4,1
七下重庆南川2026,5,1
七中林荫,1,1
七中生物,1,1
七八九海港区,4,1
七八年级人教版数学基础综合测试题,1,1
七八年级人教版数学基础综合题,6,1
七八年级人教版数学基础题,2,1
七八年级总复习,8,1
七八年级数学竞赛试卷,6,1
七八年级数学综合试卷,1,1
七八年级物理竞赛试卷,9,1
七八年级综测卷数学,1,1
七八年级英语竞赛试卷,12,1
七八年级英语综合试卷,4,1
七八年级语文综合试卷,1,1
七十二中八年级期中数学,1,1
七十五,4,1
七十五中,1,1
七升八暑假计算,1,1
七升八暑假语文每日读写任务打卡单,5,1
七升八英语试卷,4,1
七夕2024至2025期中质量监测七年级上册数学,1,1
七大洲地形图,1,1
七宝中学2025学年第一学期高一开学练习,5,1
七宝中学分班考,7,1
七宝中学高二英语,2,1
七年奥数,4,1
七年級,1,1
七年級 数学2025 2026年下册期末复习,2,1
七年級 数学平凉四中,1,1
七年級上册历史期末调研考临沭,3,1
七年級上册地理期末调研考临沭,7,1
七年級上册生物期末调研考临沭,3,1
七年級上册英语期末调研考临沭,3,1
七年級上册语文期末调研考临沭,2,1
七年級下册地理期末调研考临沭,10,1
七年級下册数学2026年期末试卷,4,1
七年級下册数学期末调研考试,1,1
七年級下册英语期末调研考临沭,2,1
七年級英语2025年七年级下学期期末考试云南省,1,1
七年级 全册期末质量检测,4,1
七年级 单词背诵及默写单 全册新人教版,21,1
七年级 期中测试卷,3,1
七年级 期末数学检测卷,6,1
七年级 期末测试卷,2,1
七年级starter1-3,1,1
七年级上册1.1,3,1
七年级上册1.2,1,1
七年级上册人教版数学有理数,1,1
七年级上册人教版数学第一单元,6,1
七年级上册人教版数学第一单元有理数,1,1
七年级上册冀教版英语 第3单元单词表前两课听写,4,1
七年级上册分式,3,1
七年级上册分班题,8,1
七年级上册初中数学有理数计算 100专项训练计算专项,10,1
七年级上册北师大版数学试卷,2,1
七年级上册北师大版有理数计算题100道,5,1
七年级上册北师大版真题试卷,7,1
七年级上册北师大版第一单元数学试卷,1,1
七年级上册图形的运动,13,1
七年级上册地理常考填空60道,6,1
七年级上册地理期中,4,1
七年级上册地理第一单元试卷,1,1
七年级上册地理第一单元试卷人教版,3,1
七年级上册安徽省淮南二中英语试卷,4,1
七年级上册广东榕城区数学试卷,3,1
七年级上册必背内容,1,1
七年级上册教材,1,1
七年级上册数学5月份月考模拟试卷,5,1
七年级上册数学一到三单元测试。,1,1
七年级上册数学人教版,5,1
七年级上册数学有理数的运算练习题青岛版,21,1
七年级上册数学有理数练习题青岛版,1,1
七年级上册数学期末考试,16,1
七年级上册数学期末考试试卷,6,1
七年级上册数学期末计算专题,9,1
七年级上册数学期末试卷,1,1
七年级上册数学期末试卷 武汉市武昌区,2,1
七年级上册数学第1.2章节,17,1
七年级上册数学第1单元测试卷。,3,1
七年级上册数学第一次月考青岛版,7,1
七年级上册数学第一章功夫的图形世界和第二章有理数及其运算,1,1
七年级上册数学第一章的图形世界,1,1
七年级上册数学综合卷,1,1
七年级上册数学综合卷期末,4,1
七年级上册数学试卷A,2,1
七年级上册数学试卷难,7,1
七年级上册文言文,1,1
七年级上册新定义,3,1
七年级上册方程b卷,1,1
七年级上册有理数计算,3,1
七年级上册有理数高难度计算,4,1
七年级上册期中考试英语,3,1
七年级上册期末计算,1,1
七年级上册期末试卷,1,1
七年级上册济宁市第十五中期末数学试卷,1,1
七年级上册生物人教版制作细胞模型,1,1
七年级上册生物北师大版细胞的基本结构和功能,2,1
七年级上册生物学,1,1
七年级上册生物期中,5,1
七年级上册生物期末卷,5,1
七年级上册的书,3,1
七年级上册第1单元单词,2,1
七年级上册第一次语文月考真题,1,1
七年级上册英语U2至U3单元测,5,1
七年级上册英语unit4,1,1
七年级上册英语unit4培优卷,3,1
七年级上册英语书,1,1
七年级上册英语书人教版,1,1
七年级上册英语人教版完形填空基础初学者,1,1
七年级上册英语动副词转换,1,1
七年级上册英语单元自测湖南长沙,1,1
七年级上册英语单元自测湖南长沙2026,1,1
七年级上册英语单词朗读,10,1
七年级上册英语培优卷,3,1
七年级上册英语完形填空基础,3,1
七年级上册英语完形填空基础初学者,4,1
七年级上册英语期中茂名市,7,1
七年级上册英语浙江,2,1
七年级上册英语浙江温州,1,1
七年级上册英语福州月考卷,54,1
七年级上册英语第三次月考试卷,2,1
七年级上册英语苏教版练习题,1,1
七年级上册英语表,2,1
七年级上册英语译林阅读理解题,7,1
七年级上册语文,7,1
七年级上册语文 背诵,7,1
七年级上册语文人教版,1,1
七年级上册语文古诗词默写,9,1
七年级上册语文必背内容,8,1
七年级上册语文成都市金堂县,4,1
七年级上册语文期中,1,1
七年级上册语文深圳市福田区,8,1
七年级上册道德与法治第一单元试卷,17,1
七年级上册重点复习,2,1
七年级上册鲁教版，54制历史课本,3,1
七年级上历史,1,1
七年级上历史月考新罗区,3,1
七年级上历史知识点,3,1
七年级上地理月考新罗区,1,1
七年级上学期,2,1
七年级上学期期中临沂,1,1
七年级上学期期中临沂数学,4,1
七年级上学期期中临沂英语,2,1
七年级上学期第一次月考,2,1
七年级上数学新罗区,5,1
七年级上海珠区 期末,1,1
七年级上海珠区 期末 数学,2,1
七年级上生物课件,1,1
七年级上语文病句 句子 成语专项,1,1
七年级上语文积累,1,1
七年级上语文课外,2,1
七年级上语文课外常识,1,1
七年级上语文阅读积累,1,1
七年级下,3,1
七年级下册 数学,3,1
七年级下册一二单元期末试卷,4,1
七年级下册三明数学期末卷,7,1
七年级下册不等式,2,1
七年级下册人教版生物期末试卷,2,1
七年级下册优学扩展,2,1
七年级下册单元测试,2,1
七年级下册商务星球版地理期末试卷,1,1
七年级下册地理期末试卷,2,1
七年级下册地理试卷,2,1
七年级下册娄底数学期末考试卷 2026,8,1
七年级下册娄星区数学期末考试卷 2026,2,1
七年级下册平方根卷子,6,1
七年级下册数学5月份月考试卷,1,1
七年级下册数学人教测试卷,1,1
七年级下册数学人教版二元一次方程组,2,1
七年级下册数学免费,8,1
七年级下册数学冀,2,1
七年级下册数学冀教版,3,1
七年级下册数学北师大版,2,1
七年级下册数学单元自测,3,1
七年级下册数学实数,14,1
七年级下册数学实数的运算,1,1
七年级下册数学期中试卷,5,1
七年级下册数学沪科版,1,1
七年级下册数学莲都区2025考卷,1,1
七年级下册数学计算题专项练习,3,1
七年级下册数学试卷专项练习,1,1
七年级下册数学阶段检测,1,1
七年级下册星地理期末商务星球版,1,1
七年级下册星球版地理期末试卷,7,1
七年级下册期中英语淮北,3,1
七年级下册期末数学安徽淮北,2,1
七年级下册期末考试数学,1,1
七年级下册期末考试试卷数学,1,1
七年级下册期末英语试卷卷,3,1
七年级下册期末语文试卷,1,1
七年级下册王朝霞河南专版,4,1
七年级下册王朝霞河南专版三门峡,11,1
七年级下册生物综合,6,1
七年级下册知识总结,5,1
七年级下册综合测验卷人教版,3,1
七年级下册综合测验卷人教版数学,1,1
七年级下册英语人教版,3,1
七年级下册英语作文，专项练习,3,1
七年级下册英语作文，专项练习，人教版新版,2,1
七年级下册英语期中考试卷,1,1
七年级下册英语期末,4,1
七年级下册英语期末 陕西铁一中,3,1
七年级下册英语期末试卷,1,1
七年级下册英语期末试卷 2026,5,1
七年级下册英语期末试卷 2026镇平,2,1
七年级下册英语期末试卷长沙县,5,1
七年级下册英语期末试卷长沙市一中,1,1
七年级下册英语第四单元what is a friend试卷,4,1
七年级下册英语课时练听力音频,1,1
七年级下册英语资料,1,1
七年级下册计算题,2,1
七年级下册计算题数学,1,1
七年级下册语文期末试卷,1,1
七年级下册语篇填空,2,1
七年级下册金平区期末数学卷,1,1
七年级下册镇平,1,1
七年级下学期数学华东师大版期末考试卷,1,1
七年级下学期期末历史,1,1
七年级下学期期末烟台英语,1,1
七年级下学期末试卷,2,1
七年级下学期生物期末,7,1
七年级下海珠区 期末 数学,1,1
七年级下英语,3,1
七年级下英语单词,2,1
七年级下计算,5,1
七年级下计算专题,1,1
七年级下计算题,4,1
七年级下阅读理解,5,1
七年级下阅读理解20题,1,1
七年级人教版上册第2章有理数测试卷,11,1
七年级俄语课课过关,4,1
七年级入学摸底,2,1
七年级入学试卷,1,1
七年级入学试卷分班,1,1
七年级八年级人教版数学基础综合测试题,2,1
七年级八年级人教版数学基础综合题,1,1
七年级冀教版英语重点短语汇总,2,1
七年级分班开学考,6,1
七年级初一上入学分班考,11,1
七年级初一入学分班考,1,1
七年级励才,1,1
七年级北大附中数学期末卷,2,1
七年级北师大版数学卷子,9,1
七年级南京数学,2,1
七年级历史,1,1
七年级地理 经纬网 专题讲解,3,1
七年级地理上册 核心知识清单”。,5,1
七年级开学考试,1,1
七年级开学考试安庆市,1,1
七年级拔尖选拔卷,4,1
七年级数人教版学題,1,1
七年级数学 一元一次方程单元测,2,1
七年级数学PPT,1,1
七年级数学上册第一单元,6,1
七年级数学上册第一章测试题,2,1
七年级数学上学期期末,4,1
七年级数学冀教版,5,1
七年级数学北师大版,3,1
七年级数学北师大版七年级下学期期末试题,6,1
七年级数学总复习,6,1
七年级数学期末测试卷下学期滨州无棣,5,1
七年级数学題,4,1
七年级数学预习,1,1
七年级新生分班考,4,1
七年级日语,1,1
七年级日语课本,2,1
七年级有理数加减法专项训练100题,1,1
七年级有理数单元测试,3,1
七年级期中临沂,1,1
七年级期中考试,2,1
七年级期末数学,6,1
七年级沪科版数学上册第一月考,4,1
七年级生物知识点,1,1
七年级科学知识点,4,1
七年级第二学期江苏英语基础卷,7,1
七年级第二学期江苏英语基础模拟卷,2,1
七年级答题卡,2,1
七年级苏州数学,1,1
七年级英语下册,4,1
七年级英语下册一二单元期末试卷,4,1
七年级英语下学期期末模拟练习卷,8,1
七年级英语单词默写,1,1
七年级英语天津,3,1
七年级英语期末考试卷,1,1
七年级英语沪,4,1
七年级英语竞赛试卷,2,1
七年级英语第一单元测试,7,1
七年级英语重点短语汇总,1,1
七年级角度计算类比探究,3,1
七年级计算100题 计算专项,7,1
七年级语文上分卷第2单元c卷,3,1
七年级语文上分卷第2单元人教版,5,1
七年级语文背诵内容整理,6,1
七年级语文背诵清单,1,1
七年级道法时事点评题,9,1
七年级阶段,16,1
七彩,2,1
七彩联盟,1,1
七彩课堂,9,1
七彩阳光,6,1
七彩阳光化学高三,1,1
七彩阳光返校考,4,1
七彩阳光返校考数学,2,1
七彩阳光高一下期中卷,1,1
七彩阳光高一下期中卷，物理,3,1
七彩阳光高三上开学考试,7,1
七彩阳光高三开学考试,1,1
七彩阳光，高二上期中物理,2,1
七校,1,1
七校联考 重庆期末,8,1
七校联考 重庆语文,2,1
七校联考物理安康市,3,1
七营镇中心小学,1,1
七选 五,4,1
七选 五题目,2,1
七选五中考,3,1
七选五中考南通,3,1
七选五南通,3,1
丅八,2,1
万元2026年数学二整试卷,1,1
万唯,1,1
万唯七年级上册大小卷,1,1
万唯七年级上册大小卷数学,12,1
万唯中考试题研究陕西专版,1,1
万唯大小卷,1,1
万唯情景卷,6,1
万唯试题研究,1,1
万州=中文德中学七下数学期末,2,1
万州中学七下数学期末,1,1
万州中学高一上第一次月考,1,1
万州中学高一上第一次月考数学,4,1
万州二中七下数学期末,3,1
万州区九年级上册道德与法治期中考试,3,1
万州期末,3,1
万有引力,1,1
万有引力与宇宙航行专题,12,1
万有引力定律及其应用,2,1
万江二中,1,1
万源市2025年教室教学质量调查问卷五年级数学,8,1
万源第四中学,2,1
万用表,1,1
万用表习题,8,1
万能K法求最值,2,1
万能答题模板,4,1
三 模,8,1
三上混合运算练习题,10,1
三上第一单元模拟卷英语,1,1
三上语文园地三,1,1
三上语文园地三课件,5,1
三上语文标点符号,5,1
三上语文标点符号课件,4,1
三下口算,2,1
三下期末数学 溧阳,1,1
三下英语期末,4,1
三下英语期末试卷,5,1
三下计算,3,1
三下计算青岛,1,1
三下面积专题,1,1
三中2023至2024高二开学自测,2,1
三中25年月考试卷,1,1
三中分班,1,1
三中初升高自主招生,1,1
三中初升高自主招生数学物理,1,1
三中月考,1,1
三亚丰和学校,4,1
三亚九年级初中统考,1,1
三亚九年级语文初中统考,5,1
三亚高一物理,1,1
三亚高一，物理,1,1
三亚，高一物理,1,1
三仓中学,2,1
三仓中学高一,4,1
三位数乘两位数,5,1
三位数乘两位数50道计算题,6,1
三位数除于两位数的除法,2,1
三元区七年级数学,3,1
三力平衡,1,1
三动点模型,3,1
三升四,1,1
三升四 2026年暑假数学 整体试卷,1,1
三升四 2026年暑假数学英语人教版,3,1
三升四 数学英语人教版试卷,1,1
三升四 数学英语安徽试卷,2,1
三升四英语阅读理解练习,6,1
三升四语文字贴可打印PDF版本,15,1
三升四语文暑假衔接试题,1,1
三升四阅读理解,3,1
三升四阅读理解每日一练暑假,3,1
三升四阅读理解每日一练暑假语文,5,1
三升四阅读理解语文,3,1
三升?四暑假作业,1,1
三原北城中学高一入学模拟考,6,1
三原县南郊中学,3,1
三台县2026,8,1
三台县潼川中学,6,1
三呈五,3,1
三国演义,1,1
三国鼎立,2,1
三国鼎立 说课课件--2026-2027学年统编版七年级历史上册,4,1
三地市,4,1
三垂线定理,4,1
三字经全文带拼音,5,1
三峡,3,1
三峡 八年级上册 阅读理解 真题 带答案,2,1
三峡 理解性默写,11,1
三峡 默写,7,1
三峰联盟高一下英语试卷,4,1
三帆初三上期末数学,1,1
三年中考5年模拟 2026年初三数学,5,1
三年内容总结题,1,1
三年真题,1,1
三年真题生物基因工程2023,2,1
三年级2025至2026期下册期末试卷听力题,2,1
三年级上下册综合口算题卡可打印,8,1
三年级上册单词表,3,1
三年级上册第一单元,1,1
三年级上册英语joinin,6,1
三年级上册英语人教pepunit1到unit6,1,1
三年级上册英语人教版pep,1,1
三年级上册英语含26个字母12单元的基础测试,1,1
三年级上册英语含26个字母1，2单元的基础测试,1,1
三年级上册语文看图写话,1,1
三年级上册语文第一次月考卷,5,1
三年级上学期期中,1,1
三年级上语文作文提升,6,1
三年级下册北师大版数学全州县2026年,3,1
三年级下册口算,2,1
三年级下册奥数竞赛,2,1
三年级下册应用题,1,1
三年级下册数学人教版,2,1
三年级下册数学人教版应用题,1,1
三年级下册数学人教版期末,1,1
三年级下册数学期末,2,1
三年级下册暑假每日一练,6,1
三年级下册期末英语,1,1
三年级下册桂林市全州县数学2026年真题卷,17,1
三年级下册英语期中卷,1,1
三年级下册英语期末考考试,3,1
三年级下册英语期末试卷,1,1
三年级下册英语期末试题,1,1
三年级下册英语试卷,1,1
三年级下册英语试卷单元,1,1
三年级下册英语试卷单元精通,1,1
三年级下册计算题,4,1
三年级下册语文期末试卷,6,1
三年级下学期阶段检测,7,1
三年级下应用题汇总,2,1
三年级人教版小数乘法试卷,1,1
三年级单词,1,1
三年级单词表,4,1
三年级单词表英语,1,1
三年级可打印数学题,4,1
三年级外研,2,1
三年级好词好句,2,1
三年级对划线部分提问,2,1
三年级小练,3,1
三年级小练语文,1,1
三年级应用题,10,1
三年级应用题汇总,1,1
三年级数学上册第一到第3单元练习题,2,1
三年级数学口算题,1,1
三年级数学算题,2,1
三年级数学试卷免费,17,1
三年级数学青岛版课本讲解,3,1
三年级期末,65,1
三年级期末考试卷,33,1
三年级植树问题,2,1
三年级第一单元测试卷,2,1
三年级第一单元测试卷人教版,1,1
三年级第一课`课文,4,1
三年级英语单词,3,1
三年级英语湘鲁版期末考试卷,2,1
三年级英语译林版,3,1
三年级计算,3,1
三年级语文上册必背内容,1,1
三年级语文上册必背内容人教版,3,1
三年级语文预习,1,1
三年级音标,2,1
三年高考，两年模拟2027届英语教材词句默写,9,1
三年（2023-2025）中考真题分类汇编专题05动词的时态和语态三年中考加一年模拟带答案版,8,1
三新学校,8,1
三新学校八年级英语,3,1
三新学校八年级英语下册,1,1
三新联考2026高三,12,1
三新联考2026高二江西,1,1
三明将乐,2,1
三明尤溪,5,1
三明市2024 2025学年第二学期期末教学质量检测七年级英语,11,1
三明市2024-2025,1,1
三明市2024-2025学年第二学期期末教学质量检测七年级英语,2,1
三明市七年级数学下,1,1
三明市八年级物理,2,1
三明市初一下册。数学期末考试卷,2,1
三明市宁化县第一阶段测试,17,1
三明市数学,11,1
三明市沙县区八年级物理,1,1
三明市英语,5,1
三明市高二上学期期中考试五县联合,13,1
三明市高二期末物理,3,1
三明永安,5,1
三晋卓越联盟高一上学期物理期中,2,1
三晋名校联盟高一上学期数学10月月考,1,1
三晋联盟 高一上学期物理12月月考,1,1
三晋联盟高一上学期数学10月月考,5,1
三校生,4,1
三校生高考,1,1
三桐,1,1
三棱柱体积,1,1
三模英语,1,1
三次函数 8个考点24个结论 36个典型题培优,2,1
三次方程,1,1
三河,8,1
三河中考考试,2,1
三河九上期中考试,1,1
三点共线四点共面,1,1
三点分层作业,13,1
三维设计 2026人教版高中物理,1,1
三维设计202,1,1
三维设计2026,5,1
三维设计2026一轮复习,1,1
三维设计2026总复习数学A版,1,1
三维设计20270思想政治,4,1
三维设计2027英语,8,1
三维设计语文2027,1,1
三视图,20,1
三视图体积,1,1
三角函数 专题复习 二轮,1,1
三角函数 知识点分类归纳总结,2,1
三角函数 解三角形 动点,4,1
三角函数025一轮专题测,1,1
三角函数一轮专题测,13,1
三角函数与解三角形 025一轮专题大题,3,1
三角函数专项,5,1
三角函数专项训练,11,1
三角函数专项高三,4,1
三角函数专项高三辽宁,1,1
三角函数专题,2,1
三角函数专题复习试题,5,1
三角函数专题练,9,1
三角函数专题练（鲁教版）,1,1
三角函数中的w的取值问题,3,1
三角函数中的w的奇偶,3,1
三角函数任意角计算知识点,1,1
三角函数值,3,1
三角函数公式大全,4,1
三角函数初中,1,1
三角函数单元卷,1,1
三角函数单元测试卷,24,1
三角函数单元测试卷人教B版,4,1
三角函数卡根,1,1
三角函数压轴,1,1
三角函数压轴初中,1,1
三角函数参数,16,1
三角函数及解三角形,5,1
三角函数图像与性质 复习 一轮复习,1,1
三角函数图像求解析式,3,1
三角函数培优,1,1
三角函数复习题,1,1
三角函数大题 2026 一轮专题练习,2,1
三角函数定义,9,1
三角函数强基,1,1
三角函数性质,2,1
三角函数恒等变换,10,1
三角函数拔高,1,1
三角函数拔高高三,4,1
三角函数期末总复习,7,1
三角函数检测,1,1
三角函数检测高三,4,1
三角函数概念及公式应用,2,1
三角函数求参数w范围,3,1
三角函数的图像与性质,5,1
三角函数的图像和性质,3,1
三角函数的图像和性质A版,3,1
三角函数的定义及诱导公式,2,1
三角函数的实际应用,1,1
三角函数的计算,2,1
三角函数的零点问题,5,1
三角函数突破,3,1
三角函数综合大题,6,1
三角函数综合应用,3,1
三角函数解三角形,1,1
三角函数计算,1,1
三角函数计算高中,3,1
三角函数讲义,1,1
三角函数诱导公式练习题,2,1
三角函数高中.,4,1
三角函数高考大题,10,1
三角初步,4,1
三角和向量,8,1
三角大题,2,1
三角大题汇编,1,1
三角形 角平分线,3,1
三角形中位线的题,6,1
三角形余弦定理正弦定理,2,1
三角形全等题,3,1
三角形四心向量,5,1
三角形形状,1,1
三角形暑假训练,5,1
三角形的概念,4,1
三角形的证明,9,1
三角形相似单元测试卷,1,1
三角形相似的证明与计算(多模型),1,1
三角形证明题,3,1
三角恒等,3,1
三角恒等变换一轮复习,1,1
三角恒等变换专题训练,24,1
三角恒等变换培优,4,1
三角恒等变换试卷,3,1
三角恒等试卷,1,1
三角换元,2,1
三角最值,1,1
三角洲行动,2,1
三诊,11,1
三边关系最值问题专项,1,1
三迪中学,1,1
三门中学,2,1
三门峡2025-2026八上期末英语,1,1
三门峡八下数学,1,1
三门峡八下英语,15,1
三门峡市2026学年七年级下学期期末试题,1,1
三门峡市2026学年八年级上学期期末试题,5,1
三门峡市2026学年八年级下学期期末试题,12,1
三门峡期末统考,18,1
三阳中学,3,1
上,10,1
上 1 好 课,1,1
上 1好 课,1,1
上 好 课,4,1
上东烟台高考,11,1
上中,1,1
上中东,1,1
上交,1,1
上交 新生选拔数学,1,1
上元中学,2,1
上外云间分班考,1,1
上外云间分班考高一上,1,1
上外云间语文分班考卷,1,1
上外云间语文分班考卷高一,3,1
上外云间语文分班考卷高一上,4,1
上外附中,1,1
上好每一堂课,1,1
上好课  第一节酸及其性质,2,1
上好课 安徽 历史,7,1
上好课 暑假作业,1,1
上好课 高二化学选择性必修二苏教版共价键和共价晶体,6,1
上好课 高考数学一轮复习举一反三系列 集合,7,1
上好课2025～2026学年,1,1
上好课2026高二化学暑假作业,3,1
上好课2027年高考化学一轮复习讲精练测全国通用,3,1
上好课举一反三,10,1
上好课五上数学青岛版,1,1
上好课八年级物理上册 同步培优备课系列 新教材苏科版,3,1
上好课初中同步备课系列,1,1
上好课山东烟台五四制,2,1
上好课山东烟台招远五四制,4,1
上好课暑假培优讲义,5,1
上好课甲午中，日战争与列强瓜分中国热潮,1,1
上好课第一讲,1,1
上好课高一英语衔接,2,1
上好课鲁教版五四制,1,1
上好课，洋务运动与边疆危机,3,1
上好课，物理八年级上册第一章,2,1
上学期,1,1
上学期期末,8,1
上学期第一次月考 9月a卷高一五,1,1
上学期第一次月考 9月a卷高一物理,84,1
上实初中英语中译英,4,1
上实数学四年级,5,1
上小学前要知道的99件事,1,1
上师嘉高,2,1
上师大附中,1,1
上师附外,1,1
上杭一中2025-2026高一入学卷,4,1
上杭一中2025高一入学卷,4,1
上杭县2024到2025学年第二学期期末教学质量检查七年级英语试题,2,1
上海 化学 共价键,4,1
上海 数学专题,2,1
上海 英语,2,1
上海 高一 分班考,4,1
上海 高三一模 英语,1,1
上海2008年浦东物理竞赛,1,1
上海2023年静安区高三一模英语,1,1
上海2024年长宁区高三一模英语,1,1
上海2024年静安区高三一模英语,2,1
上海2024年黄浦区高三一模英语,4,1
上海2026嘉定八年级下数学,12,1
上海2026嘉定区八年级下化学,1,1
上海2026嘉定区八年级下物理,2,1
上海2026嘉定区八年级下语文,1,1
上海2026年中考,5,1
上海25数学,1,1
上海25数学中考,1,1
上海9年级物理教材,8,1
上海一模数学18题,5,1
上海一模英语翻译,1,1
上海一轮,1,1
上海七下期末英语,6,1
上海七年级上学期期中,11,1
上海七年级下 存志,6,1
上海七年级下 数学 期末,3,1
上海七年级下学期期末,1,1
上海专用 重难点培优12,1,1
上海专用 重难点培优12高山数学,1,1
上海中学11月,4,1
上海中学24-25学年高二上期中测试英语,9,1
上海中学5月练习卷,1,1
上海中学数学,2,1
上海中学月考卷,3,1
上海中学高一上月考政治,3,1
上海中学高一分班考试数学,3,1
上海中学高三英语,4,1
上海中考,3,1
上海中考专题,2,1
上海中考历史,2,1
上海中考数学18题,4,1
上海中考数学专题,12,1
上海中考数学试卷,1,1
上海中考英语真题,1,1
上海九年级数学,1,1
上海九年级数学一模卷,1,1
上海九年级数学单元卷,1,1
上海九年级英语,11,1
上海五年级上数学第一课,3,1
上海交大附中嘉定,1,1
上海交大附中摸底考,1,1
上海交通大学强基校测数学,1,1
上海交通大学附属中学高一上学期摸底,4,1
上海交通大学附属中学高一上学期期初,1,1
上海光明,1,1
上海入学考 高一,1,1
上海八上期末物理,2,1
上海八下化学期末试卷,2,1
上海八年级上学期期中,4,1
上海八年级第二学期松江区下英语期末卷,2,1
上海六年级下学期数学期末试卷,3,1
上海六年级下学期期末,10,1
上海六年级数学下册期末试卷,1,1
上海六年级数学期末试卷,2,1
上海初中一模24题二次函数,3,1
上海初中分班考,5,1
上海初中数学专题,3,1
上海初中物理课件,2,1
上海初中生数学联赛,6,1
上海升学真题,1,1
上海华东师范大学开学考,2,1
上海华东师范大学第二附属中学,1,1
上海华东师范大学第二附属中学1开学考,1,1
上海华东师范大学第二附属中学宝山分校新高一分班考试卷,1,1
上海华二宝山分校新高一分班考试卷,1,1
上海单元练习,5,1
上海南洋模范高二开学化学考,2,1
上海卷2025,1,1
上海向明中学高二上英语期末,3,1
上海嘉定区疁城实验,1,1
上海四年级上册数学,1,1
上海四年级上册数学期末,1,1
上海四年级上册数学预习,3,1
上海四年级上册英语,2,1
上海四年级上英语,1,1
上海圆锥曲线压轴,2,1
上海复旦附中高一上期末试题及答案,3,1
上海复旦附中高一开学入学考试,4,1
上海大同,1,1
上海大同杯,1,1
上海存志,1,1
上海学生英语报,1,1
上海小升初综合卷,2,1
上海小升初语文综合卷,4,1
上海小学四年级下数学计算,3,1
上海小学沪教版四年级下数学计算,3,1
上海市七年级上册英语单词表,3,1
上海市上师嘉高,1,1
上海市上海中学 2025-2026 高一数学周测?、?上海中学 周周爽 数学,1,1
上海市上海中学 2025-2026 高三数学周测?、?上海中学 周周爽 数学,2,1
上海市上海中学 2025-2026 高二数学周测?、?上海中学 周周爽 数学,3,1
上海市东远,1,1
上海市中考化学真卷,3,1
上海市八年级下期末数学,3,1
上海市八年级下期末数学压轴题,1,1
上海市化学区统考八年级,3,1
上海市北中学,3,1
上海市北中学分班考,3,1
上海市北分班考,1,1
上海市向明中学,2,1
上海市嘉定一中,1,1
上海市嘉定区,1,1
上海市嘉定区东远,1,1
上海市嘉定区中科院上海实验学校2024至2025学年8年级上学期期中考试数学试卷,2,1
上海市嘉定区第一中学,2,1
上海市大同中学2023-2024年高一期末考试,1,1
上海市大同中学高一分班考,3,1
上海市宝山中学,2,1
上海市宝山中学分班考,2,1
上海市宝山区宝山下二模试卷英语,1,1
上海市宝山区高三下二模试卷英语,1,1
上海市实验学校,2,1
上海市市北,2,1
上海市市北中学分班考,1,1
上海市市北中学摸底考,2,1
上海市市西中学,1,1
上海市建平中学,2,1
上海市控江中学,6,1
上海市摸底考,1,1
上海市杨浦区2025学年第二学期八年级英语期末考试,1,1
上海市松江二中,2,1
上海市第六十中学,2,1
上海市进才中学北校,10,1
上海市金山中学新高一分班测试2026,1,1
上海市长征中学,4,1
上海市闵行中学,2,1
上海市闵行中学2025-2026学年高二年级第一学期期中英语考试卷,2,1
上海市高一分班考,12,1
上海市高一物理合格考,2,1
上海市高一物理第一学期期末试题及答案,24,1
上海市高一物理联考,1,1
上海市高考一模听力,1,1
上海延安中学,1,1
上海延安中学初中,2,1
上海延安中学初中六年级,1,1
上海建平中学分班考,2,1
上海建平中学开学考,2,1
上海徐汇/浦东 初三二模 语文,4,1
上海思想政治,15,1
上海敏学杯,3,1
上海教育出版社七上英语单词,1,1
上海数学18题,2,1
上海数学一模卷,1,1
上海数学一模卷高中,4,1
上海新教材化学全一册课本,3,1
上海新高一分班考试卷,1,1
上海新高一英语分班考,2,1
上海春季高考,2,1
上海春考卷,1,1
上海晋元高级中学分班考,1,1
上海期中,2,1
上海杨浦区城市中学七上期中测试卷,1,1
上海杨浦区存志中学七上数学月考,1,1
上海杨浦区存志中学七上期中测试卷,6,1
上海杨浦区物理,1,1
上海杨浦高级中学,4,1
上海杨溥高级中学,1,1
上海杨高分班考,3,1
上海松江区上海师范大学附属外国语中学分班考 高一,1,1
上海松江区分班考 高一,1,1
上海江苏英语卷,8,1
上海江苏英语卷高三,7,1
上海浦东新区,3,1
上海浦东新区进才实验中学7年级期中数学2026年,2,1
上海浦东新区进才实验中学7年级期末数学2026年,1,1
上海浦东洋泾高二期中数学,2,1
上海浦东高二期中数学,7,1
上海物理,1,1
上海物理必修一期中测试卷,10,1
上海物理自招,2,1
上海物理走向成功,1,1
上海物理高二上,3,1
上海真题,3,1
上海翻译,5,1
上海考纲单词乱序,2,1
上海育才中学,2,1
上海英语,6,1
上海英语卷高三,3,1
上海英语考纲g打头,1,1
上海英语高考模卷,1,1
上海虹口中学高三数学,4,1
上海虹口中学高二下数学,1,1
上海跨学科9年级物理,2,1
上海长宁一模,1,1
上海长宁区初三英语第一学期期末质量抽查,1,1
上海长宁英语一模,3,1
上海闵行七年级期末2027年语文,1,1
上海阶段检测,20,1
上海附二数学竞赛,5,1
上海静教院,2,1
上海香山中学,28,1
上海高一9月,3,1
上海高一上学期期中语文,6,1
上海高一上期末物理,4,1
上海高一下,3,1
上海高一分班考物理,1,1
上海高一分班考语文,1,1
上海高一化学期末,4,1
上海高一月考,3,1
上海高一期末数学,13,1
上海高三一模,6,1
上海高三二摸,7,1
上海高三数学,3,1
上海高中分班考,5,1
上海高中分班考化学,1,1
上海高中分班考试,9,1
上海高中分班考试数学,10,1
上海高中分班考试物理,3,1
上海高中各个学校真题卷,1,1
上海高中数学空间向量及其运算,2,1
上海高中英语,2,1
上海高二上化学期中考试,22,1
上海高二上川沙中学数学,1,1
上海高二上数学,1,1
上海高二上期中,1,1
上海高二上期中物理,4,1
上海高二数学,3,1
上海高考模拟题英语,1,1
上海高考真题,1,1
上海高考英语,1,1
上海高考英语卷,3,1
上海高考词汇,2,1
上海高考语文试卷,2,1
上海魔卷翻译,3,1
上海黄浦区高二上数学期末,8,1
上海黄浦区高二上英语,1,1
上海黄浦区高二上英语期末,8,1
上海黄浦格致中学高二上数学期末,3,1
上海（春秋考）高考英语,3,1
上犹中学,2,1
上蔡一高,1,1
上虞,3,1
上进,17,1
上进联考,2,1
上进联考｜广东省2025~2026学年新高三秋季入学摸底考试（2026届高三入学考试）日语试卷,7,1
上饶中考英语,2,1
上饶小升初,3,1
上饶小升初语文,1,1
上饶市 2025 2026 学年下学期期末教学质量检测 高二,1,1
上饶市2026高一下学期期末考试,3,1
上饶市期末教学质量检测 高二,8,1
上饶市玉山县小升初,1,1
上高二中高三,2,1
下关一中,12,1
下册,1,1
下册期末数学,16,1
下定义,1,1
下定义 2025PPT 高三语文专项训练,1,1
下载券,1,1
下载量38,1,1
不变量,1,1
不可数名词,9,1
不可能的英语偏读,1,1
不同函数的增长差异,1,1
不同函数的增长差异ppt,5,1
不定式作定语和状语,2,1
不白痴,2,1
不等式 025 一轮 专题 复习七年级,4,1
不等式j,1,1
不等式xin?zhi,1,1
不等式一轮专题,10,1
不等式专项练习,4,1
不等式专题,8,1
不等式中一的妙用,1,1
不等式初高中衔接,1,1
不等式初高中衔接数学,1,1
不等式单元测试,6,1
不等式单元测试卷,2,1
不等式及其基本性质,3,1
不等式含参问题,1,1
不等式和成立问题,6,1
不等式基本不等式的专项训练难度,2,1
不等式应用题,9,1
不等式恒成立问题6种常见解法,7,1
不等式提高,1,1
不等式最值,1,1
不等式柯西,3,1
不等式比较,1,1
不等式求最值问题,40,1
不等式练习,1,1
不等式练习高一,3,1
不等式组应用题,20,1
不等式题型,4,1
不等式高考真题汇编,3,1
不等式，真题,3,1
不行，虽然只上了部分，但还是做的出来,1,1
不规则动词变化表,6,1
不规则动词表过去分词变化,3,1
不限期末,2,1
与氧气有关的实验,2,1
与量有关的离子方程式书写,3,1
与量有关的离子方程式书写专题,2,1
与龙达河南岸相比，纳西族先民选择在北岸修建古寨蜂巢建筑群，主要考虑的是,10,1
专升本2026年真题,1,1
专升本英语,1,1
专升本英语周测,1,1
专家发现,3,1
专家发现一头野牛,2,1
专属红包什么发,1,1
专案必修一不等式,7,1
专线2025至20268上期中地理,1,1
专辑,3,1
专项2.6圆的方程九大题型,5,1
专项函数,3,1
专项化学式的相关计算,6,1
专项基本不等式,3,1
专项复习,16,1
专项学习,2,1
专项提升,5,1
专项画图,1,1
专项英语,1,1
专项计算,4,1
专项训练选择题,1,1
专项训练选择题，填空题，高一数学下,1,1
专题 01 地球与地图,7,1
专题 02,1,1
专题 02 完形填空（黑吉辽蒙专用）,5,1
专题 04,11,1
专题 04 生物苏教版,2,1
专题 暑假复习讲义,7,1
专题01 有理数专项训练 七年级上册 题型三 数轴上的点与有理数的对应 题型四 有理数的混合运算,6,1
专题01 有理数原卷 七年级上册 题型三 数轴上的点与有理数的对应 题型四 有理数的混合运算,3,1
专题01 有理数的混合运算九大题型 200题 举一反三专项训练,7,1
专题01分式,3,1
专题01匀变速直线运动及其规律,3,1
专题01化学方程式汇总,6,1
专题01化学方程式汇总2026,1,1
专题01圆的基本概念同步讲义(知识梳理+题型精析)苏科版九年级,1,1
专题01地理一轮复习,1,1
专题01遗传的基本规律,2,1
专题01集合及其运算,1,1
专题01集合及其运算（考点清单及知识导图+11个考点清单）,2,1
专题01集合及其运算（考点清单及知识导图）,2,1
专题01非谓语动词综合练习100题,3,1
专题01高考英语课标词汇强化集训,1,1
专题02 Units 4~6 重点单词短语句型&写作通用表达 沪教版七上,5,1
专题02 文言文加点词语及相关内容解说考点专训（02）,1,1
专题02向量的数量积与三角恒等变换,11,1
专题02基因的表达,2,1
专题02完形填空,1,1
专题02物理一轮复习知识清单,1,1
专题02相互作用,4,1
专题02相互作用（知识清单）,4,1
专题02离子反应,5,1
专题02高考物理一轮复习知识清单,1,1
专题03 球的切接问题,1,1
专题03三角函数与解三角形,3,1
专题03勾股定理的应用,2,1
专题03物理知识清单,1,1
专题03物理知识清单一轮复习高考,2,1
专题03磁场安培力与洛伦兹力,5,1
专题04 探索世界与把握规律,2,1
专题04 探索世界与把握规律｜必修4《哲学与文化》第一单元复习练习】,5,1
专题04有机化合物,2,1
专题04生活在法治社会七年级下册道德与法治,8,1
专题04生活在法治社会（期末真题汇编全国通用）（原卷版）七年级下册道德与法治,11,1
专题05,2,1
专题05 一元一次不等式（计算题专项训练）数学人教版新教材七年级下册,2,1
专题05 高一数学下学期湘教版必修二,6,1
专题051元一次不等式50题计算题专项训练,8,1
专题05全等三角形模型之对角互补模型,3,1
专题05全等三角形模型之对角互补模型苏科版,3,1
专题05平面直角,4,1
专题05平面直角坐标系相关压轴问题,3,1
专题05红星照耀中国,7,1
专题07欧姆定律计算,5,1
专题08解三角形综合应用,12,1
专题09岩石圈的物质循环.内里作用与地表形态,5,1
专题1 化学反应与能量变化,1,1
专题1.1 集合 举一反三复习讲义,1,1
专题1.1 集合(举一反三复习讲义)(全国通用)【上好课】2027年高考数学一轮复习举一反三系列,2,1
专题1.1 集合（举一反三复习讲义）,5,1
专题1.1 集合（举一反三复习讲义）全国通用,1,1
专题10 匀变速,1,1
专题10 溶液离子平衡,1,1
专题10外力作用与地表形态,1,1
专题10散文阅读（重庆专用）,7,1
专题10期末综合题,2,1
专题10水溶液中的离子与平衡,2,1
专题11 函数定义域和值域的求法（十一类重难点题型）（压轴题专项训练）数学苏教版2019高一必修第一册 2025-11-26 |,1,1
专题11二次根式的加减,3,1
专题11数定义域和值域的求法,2,1
专题11数定义域和值域的求法十一类重难点题型,1,1
专题11数定义域和值域的求法高一,5,1
专题11集合的基本运算,1,1
专题12数列不等式放缩技巧,3,1
专题12立体几何,5,1
专题12立体几何与空间向量,11,1
专题13.2 三角形的边（举一反三））,1,1
专题13平面,1,1
专题15.4坐标表示轴对称,3,1
专题16_辩证思维与创新思维-3年（2021-2023）高考政治真题和1年模拟分项汇编（山东专用）（原卷版）,1,1
专题18 电学实验（3年汇编）（全国通用）2024-2026年高考物理真题分类汇编,1,1
专题18动能和势能,9,1
专题19系统的动量守恒定律,1,1
专题19系统的动量守恒定律物理,2,1
专题1地理一轮复习,1,1
专题1，化学反应的热效应期末复习讲义,4,1
专题20  立体几何解答题综合,3,1
专题21同角三角函数的基本关系及诱导公式新高考专用,8,1
专题2全等三角形,3,1
专题2全等三角形青岛版,3,1
专题2有机推断与有机合成综合题,1,1
专题2统一,3,1
专题3-10,1,1
专题3-10圆锥曲线大题基本功训练,1,1
专题4.1,3,1
专题4.2,3,1
专题4.3,3,1
专题4有机化合物,1,1
专题5化学与,1,1
专题5化学与可持续发展,2,1
专题5孟德尔定律,3,1
专题7,4,1
专题7 溶液离子平衡,5,1
专题一化学方程式汇总,3,1
专题一孟德尔遗传定律,2,1
专题一现代文阅读,3,1
专题一轮,18,1
专题一，化学反应的热效应,4,1
专题五2025界高考政治一轮复习,2,1
专题动量守恒定律,11,1
专题匀变速,1,1
专题卷数学,3,1
专题卷数学数列,7,1
专题卷数学空间向量,2,1
专题历史,2,1
专题压轴,1,1
专题四平面向量的综合应用,5,1
专题导数,1,1
专题导数上海,3,1
专题抛体运动的规律,7,1
专题数学,3,1
专题数学高中,5,1
专题数学高中天津,5,1
专题数学高中高三,11,1
专题暑假组自学课新八年级,5,1
专题暑假自学课,6,1
专题有生命活动的物质基础 糖类 油脂 蛋白质  知识清单,6,1
专题氧硅及其化合物,2,1
专题水平和竖直面内,2,1
专题水平和竖直面内圆周,1,1
专题物理,5,1
专题物理动量守恒定律,12,1
专题系统的动量守恒定律,8,1
专题练,4,1
专题练习,2,1
专题练习卷,1,1
专题：连接体模型问题 能力提升综合检测训练（B卷）-2025-2026学年高一上学期物理人教,7,1
世外,20,1
世外中学,1,1
世界上没有任何两个国家的,1,1
世界史专题,7,1
世界地形河流图,1,1
世界地理专题练习,1,1
世界地理中国地理专题训练,3,1
世界地理时政热点解读,2,1
世界地理综合练习,26,1
世界青少年奥林匹克数学竞赛,2,1
世界青少年奥林匹克数学竞赛5年级。,72,1
丘北县,5,1
丙村中学,6,1
东三省,4,1
东侨中学,1,1
东光一中,3,1
东北 2025 2026 师大附中,1,1
东北 2025 2026 师大附中期末高一,2,1
东北 2025 2026 师大附中高一月考,1,1
东北 师大附中,1,1
东北 师大附中高一月考,2,1
东北三省 2026高三第一次模拟考试,1,1
东北三省一区2025-2026学年高三第二次模拟考试试卷01+答案,6,1
东北三省三校,6,1
东北三省三校高一数学,1,1
东北三省精准教学联盟2025-2026 学年高三上学期10月联考化学试卷（原卷版….,3,1
东北三省高考化学,1,1
东北中山,2,1
东北师大,1,1
东北师大附中2025-2025数学,2,1
东北师大附中2025-2026,6,1
东北师大附中初一数学上,1,1
东北师大附中化学高一下,9,1
东北师大附中数学月考,1,1
东北师大附中月考,2,1
东北师大附中高一,1,1
东北师大附中高一下期末生物,1,1
东北师大附中高一下期末考试生物,3,1
东北师大附中高一数学上,1,1
东北师大附中高二上生物,1,1
东北师大附中高二下期末,1,1
东北师大附中高二期末英语,2,1
东北师大附属中学自主招生信息,1,1
东北师大附属中学自主招生试卷,1,1
东北师范大学,3,1
东北师范大学附属中学高一上月考,4,1
东北师范大学附属实验学校经开202520265学年度第二学期七年级数学学科,4,1
东北师范大学附属实验学校经开20252026学年度第二学期七年级数学学科,4,1
东北育才 2025 2026生物,4,1
东北育才 周练,9,1
东北育才2025入学考试,2,1
东北育才学校 大连市第24中学等五大名校联考高二期末,1,1
东北育才学校等五校联考2025至2026学年英语,1,1
东北育才学校高三下第六次,5,1
东北育才学校高二第一次月考,4,1
东北育才少儿高三上化学,1,1
东北育才少儿高三上数学,1,1
东北育才开学考数学,2,1
东北育才高一上25-26 9月份月考数学,3,1
东北育才高一上数学,1,1
东北育才高一上月考,1,1
东北育才高一上物理,5,1
东北育才高一上第一次月考,9,1
东北育才高一化学第一次月考卷,2,1
东北育才高一期末,2,1
东北育才高三,1,1
东北育才高三上数学,4,1
东北育才高三上数学圆锥曲线,2,1
东北育才高三上物理,3,1
东北育才高三上物理第一次模拟,18,1
东北育才高三上物理第二次模拟,5,1
东北育才高中2024-2025高一上第一次月考数学,6,1
东北育才高中2024-2025高一上第一次月考物理,5,1
东北育才高中20252026学年度下学期高二年级生物科期中考试试卷,1,1
东北育才高中24-25学年度上学期高一年级物理科第一次月考试卷,1,1
东北育才高二下期末化学,1,1
东华中学,1,1
东华初中分班考试卷,2,1
东华自招,3,1
东南互保2013重庆高考历史,1,1
东南数学竞赛,4,1
东南赛,1,1
东台,2,1
东台2024-2025第五联盟八上数学月考试卷,3,1
东台中学高二第一学期月考试卷,1,1
东台八上第五联盟历史月考试卷,1,1
东台八上第五联盟地理月考试卷,2,1
东台八上第五联盟物理月考试卷,3,1
东台八上第五联盟生物月考试卷,2,1
东台市八年级上册10月份月考,1,1
东台市实验中学,1,1
东台时堰中学,3,1
东城,4,1
东城 2026二模数学,4,1
东城 2026高三二模数学,2,1
东城 八年级 期末 数学,1,1
东城 八年级下 期末 数学,1,1
东城一模英语,2,1
东城区,2,1
东城区期中,1,1
东城区高三综合练习英语,11,1
东城区高三综合练习（一）,1,1
东城去高三综合练习,1,1
东城高二下期末英语,2,1
东外初二数学月考,1,1
东宁市第一中学,1,1
东川区,3,1
东师大附中高二期中考试语文,1,1
东师大附中高二期末考数学,6,1
东师大附中高二期末考生物,8,1
东平三年级,3,1
东平六年级下册2026年数学期末,2,1
东平县,4,1
东平县高级中学高1月考所有试卷,3,1
东平县高级中学高1月考试卷我,3,1
东平县高级中学高一数学月考试卷,1,1
东平高级中学高一上学期期中考试,11,1
东方二中,2,1
东方市西大实验学校春季期末考试试卷数学,1,1
东方红,4,1
东方西南,1,1
东方西南高一,2,1
东昌府区孟达外国语学校,6,1
东明一中2025-2026学年高三上学期1月月考,1,1
东明县第一中学2025-2026学年高三学期1月月考,1,1
东明县第三实验小学四年级期末成绩,3,1
东林,1,1
东林中学,5,1
东沙小学,1,1
东洲国际学校2025=2026七年级上学期10月,1,1
东海县七年级下册2025至2026年期末数学试卷,1,1
东海县培仁学校,2,1
东海县高级中学,1,1
东港区日照市新营中学,21,1
东港市2025 2026五年级下册期末学业质量监测,2,1
东港市七年级上学期期末考试,5,1
东港市七年级数学下期末试卷,3,1
东港市七年级英语下期末试卷,5,1
东港市三年级下学期数学,1,1
东港市六年级下学期数学真卷,5,1
东港市六年级下学期真卷,1,1
东港市六年级下学期语文真卷,6,1
东湖新技术开发区,9,1
东湖高新区,12,1
东湖高新区语文试卷,1,1
东瓯中学,1,1
东省泰安市东平县高级中学月考试卷,3,1
东联现代高级中学,9,1
东莞11中,7,1
东莞2026高一下期末考生物试卷,1,1
东莞2026高一下期末考试卷,1,1
东莞一中,4,1
东莞东华中学,1,1
东莞中学初中,2,1
东莞中学松山湖学校北,1,1
东莞中学高二下学期化学期中考试,2,1
东莞中考数学,4,1
东莞九上期中数学,5,1
东莞光明,3,1
东莞八上期中数学,12,1
东莞八年级上册9月考道德语法治,1,1
东莞八年级上册月考道德语法治,1,1
东莞八年级下册数学试卷,1,1
东莞外国语,2,1
东莞市2024 2025高一上期末数学,1,1
东莞市2024 2025高一下物理,1,1
东莞市2024 2025高一下物理统考,4,1
东莞市2026年,1,1
东莞市2026年七年级下册期末考试数学,1,1
东莞市光明中学初一入学分班考试卷语文,2,1
东莞市八年级下册期末试卷真题及答案,3,1
东莞市初一下期末,10,1
东莞市初一期末,1,1
东莞市初中2025 2026期末,1,1
东莞市小升初分班考,4,1
东莞市期中考,2,1
东莞市期末考,29,1
东莞市统考初中,1,1
东莞市语文,4,1
东莞市长安实验中学八上,4,1
东莞市长安实验中学阅盟学院数学导学案八年级上册,1,1
东莞市高一下学期,1,1
东莞期末,3,1
东莞期末/期中一考八年级,4,1
东莞模考,1,1
东莞模考化学,1,1
东莞自招,1,1
东莞高一下学期期末,3,1
东莞高一期末数学,3,1
东莞高二上月考,3,1
东营,2,1
东营 人教版五年级语文2025期末,1,1
东营 青岛版五年级数学 2025期末,22,1
东营 青岛版五年级语文2025期末,7,1
东营五四制小升初分班考,1,1
东营五四制小升初分班考试真题,2,1
东营五年级期末考试,1,1
东营利津,2,1
东营区黄河中学,16,1
东营区黄河中学历史开学考,7,1
东营实验中学2025-2026学年物理月考题,2,1
东营小升初,1,1
东营小升初数学,2,1
东营市2024年地理中考题,1,1
东营市东凯中学2025-2026学年物理月考题,2,1
东营市中考,4,1
东营市实验中学2024～2025学年六年级上册期中考试数学试卷,1,1
东营市实验中学2025~2026学年六年级上册期中考试数学试卷,5,1
东营市实验中学八年级,1,1
东营市实验中学八年级期末英语试卷,5,1
东营市实验中学周测数学七年级上册,1,1
东营市期末,2,1
东营市河口区仙河镇七年级第一学期第一次月考历史,13,1
东营市河口区仙河镇七年级第一学期第一次月考生物,2,1
东营市高一数学,6,1
东营胜利一中,1,1
东营胜利中学,3,1
东营胜利二中,1,1
东营英语中考,11,1
东西湖2024八年级上册英语期中试卷,8,1
东西湖七上期中数学,1,1
东西湖八年级下册数学期末试卷,1,1
东西湖区英语三年级,1,1
东辰,3,1
东辰初三化学开学考2025年,3,1
东辰初三开学考2025年,1,1
东辰初三开学考历年卷子,2,1
东部新区2021至2022学年度下期高二下期中考试地理,5,1
东部新区202242023学年七年级上期末语文,1,1
东部新区养马中学开学考试,12,1
东部新区高一下历史,3,1
东部新区高一下生物半期,16,1
东部新区高二下半期数学,5,1
东部新区高二下半期语文,7,1
东部新区高二下半期道德与法治,5,1
东阳,8,1
东阳四下期末,3,1
东阳市8年级上册期中卷。,4,1
东阳市8年级上册期中卷八校联考,2,1
东阳期末七下,2,1
东阿县实验中学,2,1
东陆高级中学,3,1
东雅开学测,1,1
丝绸之路,1,1
两位数的除法,1,1
两切点距离,1,1
两圆公切线距离,1,1
两圆切点距离,1,1
两次鸦片战争,5,1
两江新区,25,1
两江新区2025 2026五年级下册期末考试,1,1
两江育才,13,1
两江西附高2026届强化训练1,2,1
两江西附高2026届强化训练1 数学试卷,2,1
两江西附高三强化训练1 数学试卷,1,1
两点式方程,1,1
两点最值,15,1
两种电荷,16,1
两线距离,11,1
两节合并刷题：走近细胞 课时练习,5,1
两页试卷,1,1
严德英才,4,1
个旧市八下,3,1
中 重庆,2,1
中专,1,1
中专数学,1,1
中专资料,1,1
中专资料江西省,1,1
中位线,5,1
中光高级,4,1
中光高级高二,8,1
中关村中学,5,1
中加双语学校,5,1
中华中学,1,1
中华中学化学月测,4,1
中华中学期末考试试卷,1,1
中华中学英语期末考试高一下学期,2,1
中华中学高三,1,1
中华中学高三化学,8,1
中华人民共和国的成立和巩固,6,1
中华文明的起源与早期国家,4,1
中卫一中,4,1
中原农民出版社,3,1
中原名校联盟,10,1
中和反应,14,1
中国 地理 2025 一轮复习,1,1
中国人民大学,1,1
中国人民大学海口附属学校.,2,1
中国人民大学附属中学。,2,1
中国人民大学附属高中上学期高一数学,1,1
中国人民站起来了,2,1
中国人民站起来了课件,4,1
中国化学奥林匹克 初赛 试题,16,1
中国地势图,1,1
中国地图,1,1
中国地图A4纸打印版本,2,1
中国地图空白版,4,1
中国地理,12,1
中国地理世界地理,6,1
中国地理世界地理等高线经纬线,3,1
中国地理，世界地理等高线还有经纬线,8,1
中国奥林匹克数学竞赛2025,1,1
中国奥林匹克数学竞赛三年级全国总测试,3,1
中国奥林匹克数学联赛,1,1
中国奥林匹克数学联赛三年级,1,1
中国奥林匹克数学联赛三年级试卷,2,1
中国文化概况,1,1
中国日报 二十一世纪学生英语报,1,1
中国特色社会主义 知识清单（框架式）-2027届高考政治一轮复习统编版必修一,5,1
中国特色社会主义复习,5,1
中国特色社会主义知识清单,2,1
中国特色社会主义知识清单全国通用,3,1
中国的世界文化遗产单元语文测试卷,2,1
中国的土地资源,2,1
中国的气候,2,1
中国的经济发展,11,1
中国的经济发展课,1,1
中国的经济发展课件,12,1
中国的自然环境,2,1
中国第一重型机械集团公司第五子弟学校,3,1
中国美术学院附属中学,10,1
中国行政区划,2,1
中国行政区划默写,2,1
中国计量大学,3,1
中国近代史,1,1
中国近代史时间梳理,9,1
中国近代史时间点梳理,5,1
中国近代史考点清单,5,1
中国近代史考试清单,1,1
中国近代至当代政治制度的演变,8,1
中外历史纲要下,11,1
中外历史纲要下 单元测试,1,1
中央民族大学附属中学,3,1
中央民族大学附属中学呼和浩特分校,2,1
中央美术学院附属中学,4,1
中学 重庆,1,1
中学历史,1,1
中学生标准学术能力诊断性测试,4,1
中学生物理竞赛,1,1
中学生物理竞赛决赛理论,5,1
中学生能力训练,9,1
中学生能力训练英语,3,1
中学生能力训练语文冲刺练习（一）铁岭,7,1
中学生能力训练（三）道德与法治,17,1
中学阿氏圆专题,4,1
中学阿氏圆专题学习,1,1
中宁,4,1
中宁一中,4,1
中宁中学,20,1
中小学数学的历史文化,1,1
中小衔接英语,2,1
中山2026语文高考卷,4,1
中山七上英语,1,1
中山七上英语期中,10,1
中山七上英语期末,2,1
中山七下期末,2,1
中山七下英语期末,2,1
中山三鑫 新初一分班开学卷,1,1
中山三鑫 新初一分班摸底卷 语数英,1,1
中山六下英语期末,3,1
中山初中形成性自主评价,1,1
中山大学附属中学 八年级 期中,1,1
中山实,1,1
中山实验,8,1
中山实验2024,4,1
中山实验韶关始兴,3,1
中山市2025~2026 八年级上册物理期末测试卷,3,1
中山市2025到2026,1,1
中山市2025到2026高二,11,1
中山市2026中考英语,4,1
中山市七年级上学期数学期中,3,1
中山市七年级上学期期中数学,1,1
中山市七年级上学期期中语文,2,1
中山市七年级上学期期末英语测试卷,2,1
中山市九年级英语,1,1
中山市九年级英语期末卷,3,1
中山市八年级上学期数学期中,13,1
中山市八年级上学期英语期中,4,1
中山市华辰中学七年级,1,1
中山市华辰实验中学20252026,1,1
中山市华附 七年级新生入学选拔卷,3,1
中山市卓雅外国语学校,2,1
中山市形成性自主评价,3,1
中山市期末,5,1
中山市桂山中学2027届高二年级10月段考,1,1
中山市纪中,2,1
中山市纪中三鑫双语学校 七年级开学分班考试 数学,2,1
中山市纪中高一上数学,2,1
中山市纪中高一上物理,2,1
中山市纪念中学开学考,4,1
中山市纪雅,3,1
中山市高一上学期英语试卷,9,1
中山市高一上学期英语试卷月考,1,1
中山市高二期末考试下学期,7,1
中山形成性自主评价,2,1
中山期末八年级上学期语文,1,1
中山期末八年级上学期道法,1,1
中山第一中学,1,1
中山纪中高一上数学,6,1
中山纪中高二上数学,1,1
中山纪念中学高一上,2,1
中山纪雅 七年级新生入学分班卷,2,1
中山高一一中物理一段考,1,1
中山高一上数学,4,1
中山高一上物理w,1,1
中扬镇小学,1,1
中招,7,1
中文试卷,2,1
中江,1,1
中江初三英语,3,1
中点公式,1,1
中点公式平面直角坐标系,3,1
中点模型专项练习题,6,1
中点模型专项练习题（E为线段中点模型）,1,1
中科大强基,1,1
中科大强基计划,8,1
中线长和角平分线,4,1
中考 2025,2,1
中考 2026,1,1
中考 2026中考真题,4,1
中考 2026中考真题英语,2,1
中考 作文,1,1
中考 化学 1 核心 知识点 2026,1,1
中考 化学 核心 知识点 2026,2,1
中考 单词,4,1
中考 单词 1600,8,1
中考 单词 1600 背诵版和默写版,2,1
中考 单词 1600 背诵版和默写版人教版,2,1
中考 安徽,1,1
中考 安徽 英语,1,1
中考 数学,2,1
中考 数学计算题2026计算专题训练,3,1
中考 真题 2026山东德州,3,1
中考 真题吉林语文,3,1
中考 计算题2025计算专题训练,1,1
中考 试卷2026,3,1
中考 语文,9,1
中考 语法填空 2026专项练习,24,1
中考 阅读理解,1,1
中考.,2,1
中考18篇课外文言文,14,1
中考2025德州,10,1
中考2025泰安,6,1
中考2026北京,1,1
中考2026天津物理,2,1
中考2026天津物理带解析,1,1
中考2026安徽,2,1
中考2026山东,5,1
中考2026年数学,1,1
中考2026年数学河南真题,2,1
中考2026年河南,1,1
中考2026年河南洛阳,1,1
中考688,1,1
中考688英语,1,1
中考一模,10,1
中考一轮复习,1,1
中考一轮复习文言文,3,1
中考上海,8,1
中考专区,1,1
中考专项练习,3,1
中考中的根分布问题,1,1
中考作文真题,1,1
中考作文范文,5,1
中考几何专题,3,1
中考几何压轴题,13,1
中考几何最值专项,3,1
中考几何最值专项 加权,1,1
中考几何最值专项 加权逆等线,1,1
中考化学,1,1
中考化学方程式,3,1
中考单词,6,1
中考单词归纳,3,1
中考卷子2026,7,1
中考卷子2026真题,3,1
中考卷陕西,6,1
中考历史,7,1
中考原题,4,1
中考古诗43首,3,1
中考古诗文默写,10,1
中考各地压轴题汇编,1,1
中考各地压轴题汇编。数学,7,1
中考哈尔滨市2026,1,1
中考回答问题专项训练,4,1
中考地理资料,9,1
中考复习专题,8,1
中考完形填空专练外研版,2,1
中考山东,4,1
中考常考词汇,14,1
中考广东2026,6,1
中考广西,3,1
中考广西回答问题专项训练,3,1
中考广西回答问题专项训练外研版,6,1
中考广西阅读理解回答问题专项训练,7,1
中考必会词汇,1,1
中考必会词汇471,8,1
中考必背单词,4,1
中考快递 同步测 八年级上册数学 RJ,7,1
中考快递 同步测 练习册八年级上册数学 RJ,1,1
中考总复习,3,1
中考总复习练习,2,1
中考成绩,1,1
中考成绩查询入口,1,1
中考成都物理,1,1
中考数学 2026年真题,1,1
中考数学 2026年真题新疆,1,1
中考数学二轮复习举一反三,3,1
中考数学卷。浙江省,2,1
中考数学卷。浙江省2026年。,1,1
中考数学卷子,1,1
中考数学卷子山东省,2,1
中考数学常见几何模型全归纳,20,1
中考数学思维导图,2,1
中考数学期末,5,1
中考数学肥城市,7,1
中考数学计算,3,1
中考数学计算专练沪科版,4,1
中考数学计算沪科版,1,1
中考数学计算题沪科版,1,1
中考数学试卷,15,1
中考数学试卷卷子,7,1
中考文言文复习,1,1
中考文言文实词,4,1
中考查卷,6,1
中考模拟,1,1
中考模拟 卷2026,1,1
中考模拟 卷2026南通,5,1
中考模拟培优,1,1
中考模考深圳,3,1
中考模考深圳语文,5,1
中考模考金卷,13,1
中考武汉,2,1
中考江西,7,1
中考湖南,4,1
中考满分作文,1,1
中考物理2024,1,1
中考物理一轮复习,2,1
中考物理杠杆专题,7,1
中考物理杠杆复习,3,1
中考物理浮力压轴题,4,1
中考物理试卷2026,2,1
中考物理试卷贵州,13,1
中考物理题,1,1
中考现代文阅读吉林,1,1
中考生物,1,1
中考生物复习,3,1
中考生物学,1,1
中考生物学压轴题,7,1
中考生物真题,6,1
中考电学总复习,7,1
中考相似三角形核心模型,7,1
中考真题2025,1,1
中考真题2026江苏宿迁,5,1
中考真题分类汇编,2,1
中考真题汇编 学科网,1,1
中考真题汇编 海南,2,1
中考真题汇编 海南出版社,1,1
中考真题江西三角形,4,1
中考真题江西分类,1,1
中考真题试卷,5,1
中考福州语文,2,1
中考第 13 题专练,1,1
中考第一轮复习,1,1
中考考前预测,2,1
中考考卷,2,1
中考考纲词汇1600词转,1,1
中考英语 连词,11,1
中考英语1600考纲词,6,1
中考英语1600词汇,6,1
中考英语一轮复习,2,1
中考英语单词,3,1
中考英语卷,1,1
中考英语完形填空375组必考固定搭配,2,1
中考英语满分作文范文,1,1
中考英语满分作文范文2026,3,1
中考英语真题,3,1
中考英语真题陕西,11,1
中考英语范文,3,1
中考英语衡水体,2,1
中考英语试卷,2,1
中考英语辽宁,1,1
中考英语阅读理解,1,1
中考英语阅读理解广西,3,1
中考英语高频800词,2,1
中考菏泽2026,3,1
中考计算,4,1
中考议论文 2026专项复习,5,1
中考议论文写作,4,1
中考词汇,6,1
中考试卷,1,1
中考试卷河北,5,1
中考试题2026,9,1
中考语文2026,7,1
中考语文2026年真题,5,1
中考语文作文素材,2,1
中考语文作文范文,17,1
中考语文写景抒情散文的主旨,6,1
中考语文写景抒情散文的主旨旨。,4,1
中考语文卷,1,1
中考语文标题的作用,3,1
中考语文沂水,1,1
中考语文真题,13,1
中考语文议论文阅读理解专题,2,1
中考语文阅读题答题模板,4,1
中考语法填空专项训练,5,1
中考资料,6,1
中考选填压轴题卷,1,1
中考道法真题,1,1
中考道法答题模板,6,1
中考阿氏圆,8,1
中考阿氏圆一轮复习,1,1
中考零模,1,1
中考音乐,1,1
中考音乐知识,1,1
中考题2025,3,1
中考高频核心词汇,7,1
中考高频词汇,2,1
中考高频词汇辨析,16,1
中考！,1,1
中职 1b期中数学高一,3,1
中职三角计算,2,1
中职入学分班,1,1
中职同步精析与测评,6,1
中职基础模块,1,1
中职汽修,4,1
中职英语,1,1
中职高考数学,2,1
中芯,1,1
中英语必备高频688,2,1
中译英,8,1
中雅培粹,1,1
中高职一体化升学考卷,3,1
丰南一中2025年期末考试卷,5,1
丰南一中2026年期末考试,18,1
丰县中学,8,1
丰台,8,1
丰台二中,1,1
丰台二中九年级,12,1
丰台区2022-2023英语高三,6,1
丰台区2024-2025,2,1
丰台区2024到2025学年度第二学期末练习高一英语,1,1
丰台期中,2,1
丰台期末,4,1
丰台高三期中,1,1
丰和,10,1
丰泰外国语学校,9,1
丰泽,3,1
丰都,9,1
串、并联电路中电压,4,1
串场三可,1,1
串并联电路,1,1
串并联电路连接,7,1
串联、并联电路中电压,2,1
串联并联中电流的规律,7,1
串联并联电路,10,1
串联电路和并联电路,2,1
临夏州2026年五年级下册英语统考试卷,1,1
临夏州高二上学期第一次月考,3,1
临夏高三上册数学,4,1
临夏高三上册第一次月考数学,4,1
临安区青山初级中学,4,1
临川,1,1
临川一中 2025 2026 学年下学期期末考试,1,1
临川一中2024高一分班考试,3,1
临川一中高一学年下学期,6,1
临川一中高一学年下学期期末考试,1,1
临川一中高新区,1,1
临川二中,4,1
临床医学,1,1
临朐县新初一分班考,8,1
临汾一模24年英语高考,1,1
临汾二模24年英语高考,1,1
临沂,2,1
临沂 2025 高二期末,1,1
临沂 2026 高二月考,17,1
临沂 中考2026,3,1
临沂2022年高一下册期末数学,1,1
临沂2025高三,7,1
临沂2026年高二上册期中数学,1,1
临沂2026年高二上册期末数学,2,1
临沂一中,1,1
临沂一中九年级,2,1
临沂一中九年级1月强基招生考试,1,1
临沂一中英语,1,1
临沂一中高一生物必修一期中,7,1
临沂中考英语,8,1
临沂二模政治,3,1
临沂二模政治，高中,2,1
临沂二部政治,1,1
临沂八上物理期中,4,1
临沂六中八上月考卷临沂,4,1
临沂六中八上英语月考卷临沂,8,1
临沂六中八上英语月考卷临沂九月,4,1
临沂兰山区,3,1
临沂兰山区高一下学期期末考试,1,1
临沂兰山区高二上学期期中考试,1,1
临沂初一下期末,4,1
临沂初三物理期中考试,3,1
临沂市2024级期末试题,1,1
临沂市2025年高一下学期期末考试,1,1
临沂市2026年下学期七年级语文期末试题,1,1
临沂市2026年高一下学期期末统考化学试卷,1,1
临沂市2026高一下学期期中考试,5,1
临沂市2026高一下学期期末考试,4,1
临沂市七年级下册语文期末试卷,15,1
临沂市临港实验中学,2,1
临沂市兰山,1,1
临沂市兰山区八年级上册数学期中,3,1
临沂市期末考试高二2026年英语听力音频,2,1
临沂市河东,2,1
临沂市河东区2024-2025七年级分班全套试题、2025河东新生学业水平监测卷,1,1
临沂市罗庄区2025一2026七年级道法下学期期末,2,1
临沂市重点中学2026届高三模拟考试,13,1
临沂市高二下学期化学期末,1,1
临沂市高二下期末2024级语文,1,1
临沂期末高三,3,1
临沂沂州实验学校,2,1
临沂河东七下语文期末,1,1
临沂河东八上物理期中,2,1
临沂河东八上英语期中,4,1
临沂河东分班卷真题卷,1,1
临沂第一中学,2,1
临沂衡大高级中学,4,1
临沂高一上学期期末数学,1,1
临沂高一下学期期末,3,1
临沂高一下学期期末数学,5,1
临沂高一期末,2,1
临沂高一期末数学,2,1
临沂高二下学期期末数学,1,1
临沐,4,1
临沧市第一中学,2,1
临沭,21,1
临沭7年级下册历史期末调研试题,3,1
临沭7年级下册地理期末调研试题,6,1
临沭7年级下册道法期末调研试题,14,1
临沭8年级下册地理期末调研试题,3,1
临沭8年级下册地生会考,5,1
临沭七年级上册道法期末调研试题,2,1
临沭县,7,1
临沭县第五初级中学,2,1
临泉,1,1
临泉三中分班考,3,1
临泉小升初试卷,4,1
临淄区2025~2026八年级上册物理期中试卷,6,1
临清,5,1
临渭区,1,1
临渭区高一下学期统考,1,1
临渭区高二上期中,8,1
临渭示范,7,1
临澧县,8,1
临界问题,15,1
临西翰林,2,1
临颍县2024 2025学年八年级下册期末质量检测,1,1
临颍县202452025学年八年级下册期末质量检测,1,1
临颖县九年级中招考试,3,1
临高县2026七年级期末,1,1
临高县2026六年级期末,6,1
丹东2025~2026高二上学期数学月考试题,1,1
丹东2025~2026高二上学期第1次月考试题,1,1
丹东24-25下学期期末生物,3,1
丹东东港二中,1,1
丹东二中第一次月考语文高中必修一,1,1
丹东市2024 2025学年度下期末教学质量检测高一生物,9,1
丹东市2024八上期末物理试卷,1,1
丹东市2024八下期末道德与法治试卷,2,1
丹东市2024学年度（下）期末教学质量监测 高一语文,12,1
丹东市2024至2025  7年级上学期历史期末试卷,13,1
丹东市2024至2025  九年级上学期语文试卷,14,1
丹东市2026年初中学业水平考试模拟测历史,2,1
丹东市24-25高一下英语期末,1,1
丹东市数学几何证明题,2,1
丹东市期末,19,1
丹东市第二中学,4,1
丹东市高二下期末,3,1
丹东期中,29,1
丹东高三,4,1
丹徒区二模,17,1
丹阳市,11,1
丹阳市中考,2,1
丹阳市正则高级中学高一语文学科期末试卷,3,1
丹阳市珥陵高级中学高一数学学科期末试卷,1,1
丹阳市高一语文学科期末试卷,4,1
丹阳高级中学,2,1
为明中学,2,1
为民,3,1
主 谓 宾 表 定 状,5,1
主 谓 宾 表 定 状 补练习英语语法讲,1,1
主持,2,1
主科,1,1
主语,3,1
主语从句,5,1
主语从句练习,1,1
主谓一致练习,3,1
主谓一致练习题,6,1
主谓宾,1,1
丽水中学,2,1
丽水中学分班考,2,1
丽水市2024学年第二学期普通高中教学质量检测语文,4,1
丽水市2024学年第二学期高一下。期末,1,1
丽水市2024年下期普通高中教学质量检测语文,5,1
丽水市2025-2026学年高二下学期期末检测生物学试卷,3,1
丽水期末,3,1
丽水湖州衢州2025年11月三地高三教学英语,4,1
丽江市古城区祥和中心校,2,1
丽江市祥和初中,3,1
丽江市祥和初中开学考,4,1
丽江市祥和学校,1,1
丽江文林实验学校,1,1
丽江新初一入学开学考,1,1
丽江新初一开学考,2,1
丽江模拟,2,1
丽江润泽高一,2,1
举 一 反三四年级,2,1
举一反三  拔尖卷 人教,5,1
举一反三  拔尖卷 八年级上学期期末 人教,1,1
举一反三2024,3,1
义乌中学2025年高一期中考试,11,1
义乌市2025年五年级下册语文试卷,18,1
义乌市义亭中学开学分班考试卷,2,1
义乌市期末教学质量测试八年级下册,11,1
义乌期末,11,1
义乌期末考试八年级下册,6,1
义乌期末考试八年级下册历史,9,1
义亭中学开学分班考试卷,2,1
义务教育科数六年级上册期末抽测试卷数学,7,1
义务教育英语课程标准2022年版全文pdpf,1,1
义务教育英语课程标准2022版 三级词汇表1600词,11,1
之江学盟,4,1
乌兰察布市2024年统考试卷四年级语文,1,1
乌兰察布市第五中学,2,1
乌兰浩特一中,10,1
乌市一中高一文科,6,1
乌市新初一分班考试卷,1,1
乌有先生历险记,1,1
乌有先生历险记 勾连教材 一个课件讲透 文言文所有知识点,2,1
乌鲁木齐,3,1
乌鲁木齐11小20二六年六年级下册数学期末考试卷,2,1
乌鲁木齐一中,7,1
乌鲁木齐一中分班考试,1,1
乌鲁木齐一中高一,5,1
乌鲁木齐一中高中分班考试,2,1
乌鲁木齐一模,8,1
乌鲁木齐中考,6,1
乌鲁木齐九年级上期中数学,8,1
乌鲁木齐九年级上物理,8,1
乌鲁木齐九年级上第一次物理,1,1
乌鲁木齐九年级物理,1,1
乌鲁木齐兵二中2025-2026八年级上册数学期末考试卷,24,1
乌鲁木齐兵团二中2025-2026八年级上册数学期末考试卷,3,1
乌鲁木齐兵团二中九年级上学期,2,1
乌鲁木齐分班卷,2,1
乌鲁木齐分班考,1,1
乌鲁木齐分班考试,1,1
乌鲁木齐实验学校,3,1
乌鲁木齐市2025-2026八上数学期末考试卷,15,1
乌鲁木齐市2025-2026兵团二中八上数学期末考试卷,27,1
乌鲁木齐市一中卷子,1,1
乌鲁木齐市一中高一期中,11,1
乌鲁木齐市八一中学,7,1
乌鲁木齐市兵团二中,3,1
乌鲁木齐市兵团二中数学,6,1
乌鲁木齐市兵团二中数学八上,11,1
乌鲁木齐市第一中学,2,1
乌鲁木齐市第一中学分班,1,1
乌鲁木齐市高考二模化学,3,1
乌鲁木齐新农大附属中学高一开学测试试卷,4,1
乌鲁木齐新高一开学考试卷,1,1
乌鲁木齐第一中学,4,1
乌鲁木齐第一中学开学分班考试真题卷,1,1
乌鲁木齐第十三中学,2,1
乌鲁木齐重点初一分班考,2,1
乌鲁木齐高中分班考试,1,1
乐山中考,1,1
乐山八,1,1
乐山嘉祥2026年八下物理期末测试卷,1,1
乐山嘉祥外国语2026年八下物理期末测试卷,12,1
乐山市中考,4,1
乐山市高二上化学期末考试,1,1
乐山物理,15,1
乐山语文,3,1
乐平七年级数学期末测试卷,10,1
乐平八年级数学试卷,27,1
乐平市七年级上册数学,16,1
乐平市数学八年级试卷,1,1
乐平市浯口镇2025至2026年度九年级上学期期中考试,1,1
乐平市浯口镇2025至2026年度九年级上学期期中考试物理,4,1
乐平市浯口镇2025至2026年度九年级上学期期末考试物理,1,1
乐清,6,1
乐清之林自主招生,1,1
乐清之林自主招生数学,5,1
乐清科学期末,2,1
乐陵市中考英语,6,1
乐陵市实验中学,5,1
乐陵市开元中学,2,1
乘方,2,1
乘法公式,1,1
乘法公式与因式分解,7,1
乘法分配律,1,1
乘法口诀,1,1
乘法运算律,5,1
乙醛醛酮,5,1
九 上物理 电路图专项训练,5,1
九 年级化学1 11单元知识点填空默写,4,1
九上 期中 济南,1,1
九上 第1章 一元二次方程+二次函数,2,1
九上 第1章 一元二次方程单元卷,2,1
九上 第1章 二次函数.,1,1
九上 第1章 二次函数人教版,2,1
九上 第1章 二次函数人教版压轴题,1,1
九上 第1章 二次函数单元检测,2,1
九上1化学,1,1
九上一元二次方程章节训练,1,1
九上一次月考,2,1
九上乐平市化学期中,5,1
九上二次函数…根分布问题,6,1
九上二次函数习题,6,1
九上二次函数基础知识练习,4,1
九上二次函数，专题,2,1
九上五星学霸物理电子版,7,1
九上人教版历史书,1,1
九上人教英语,1,1
九上人教英语成都,2,1
九上作业,3,1
九上关于酸的有关知识,3,1
九上冀教版,1,1
九上冀教版课程,1,1
九上几何,1,1
九上化学1-3单元,1,1
九上化学1-3单元第一次月考组卷,8,1
九上化学人教版期中测试卷,4,1
九上化学人教版第二单元单元测试卷,2,1
九上化学单元测试卷,2,1
九上化学周周测,1,1
九上化学周测,1,1
九上化学成都期末,4,1
九上化学教科书,1,1
九上化学方程式,1,1
九上化学方程式汇总,1,1
九上化学月考,4,1
九上化学月考卷辽宁省大连市,3,1
九上化学期中,8,1
九上化学期中真题沂水,3,1
九上化学期中试卷,3,1
九上化学期末卷,3,1
九上化学期末考试,11,1
九上化学江苏省连云港市赣榆县,2,1
九上化学沈阳,1,1
九上化学沈阳名校,3,1
九上化学沪教版电子书,1,1
九上化学沪教版自学讲义,15,1
九上化学沪科版教材帮,3,1
九上化学沭阳,2,1
九上化学知识点,3,1
九上化学知识点总结,2,1
九上化学科普版试卷,2,1
九上化学第2单元周周测,3,1
九上化学第3单元,2,1
九上化学第4单元水资源讲义,11,1
九上化学第一单元,7,1
九上化学第一次月考,3,1
九上化学第一次月考人教版,14,1
九上化学第一课,1,1
九上化学第四五六单元,4,1
九上化学第四五六单元练习,6,1
九上化学粤教版视频讲解,4,1
九上化学课件,4,1
九上化学课时作业本答案护教版,1,1
九上化学课题二冀教版,1,1
九上化学课题二答案,3,1
九上化学阿图什图市,1,1
九上化学雅礼,3,1
九上化学雅礼长沙,2,1
九上化学预习,2,1
九上化学预习学案,5,1
九上化学高锰酸钾分解制氧气,10,1
九上华东数学月考真题,1,1
九上单元自测题,1,1
九上历史,5,1
九上历史新教材,2,1
九上历史期中,2,1
九上历史期末试题东部新区,2,1
九上历史第一单元,3,1
九上反比例函数单元练习人教版,3,1
九上古诗词,2,1
九上名校课堂历史山西专版,10,1
九上圆,3,1
九上圆压轴,1,1
九上岳阳楼记,6,1
九上岳阳楼记练习题,1,1
九上广州人教版数学一元二次方程考卷,1,1
九上广州人教版数学笫一次月考卷,20,1
九上政治期末遂宁,3,1
九上政治知识点,4,1
九上教材电子版,2,1
九上教科版物理内能单元测试卷,15,1
九上数学21:1到21:2周测，小卷,1,1
九上数学21:1小卷,1,1
九上数学25章一元二次方程单元练习,18,1
九上数学25章一元二次方程单元练习2025~2026,20,1
九上数学bs,1,1
九上数学专题,15,1
九上数学二次函数,3,1
九上数学二次函数  人教版,2,1
九上数学二次函数 压轴题 八大题型  人教版,1,1
九上数学二次函数 图像与性质  人教版,16,1
九上数学二次函数八大题型  人教版,6,1
九上数学人教江西,1,1
九上数学人教江西 赣州期末,2,1
九上数学人教江西厚德路，赣州期末,3,1
九上数学人教江西，赣州于都期末,6,1
九上数学人教江西，赣州期末,2,1
九上数学人教版反比例函数,7,1
九上数学优十学案,1,1
九上数学优十学案冀教版,1,1
九上数学函数,1,1
九上数学北师大版期末,1,1
九上数学单元测试人教版,1,1
九上数学压轴,2,1
九上数学圆,3,1
九上数学圆压轴,5,1
九上数学圆弦长度专项练习,3,1
九上数学月考,1,1
九上数学期中江夏,1,1
九上数学期中试卷,2,1
九上数学期末考试,1,1
九上数学期末考试随州市曾都区,1,1
九上数学期末试卷张家界永定区,5,1
九上数学期末遂宁,24,1
九上数学枣庄市中区期中考试,11,1
九上数学枣庄市中区期中考试题,39,1
九上数学枣庄期中考试题,9,1
九上数学枣庄薛城区2017-2018期中考试,3,1
九上数学枣庄薛城区2022-2023期中考试,24,1
九上数学枣庄薛城区期中考试,27,1
九上数学枣庄薛城期中考试题,56,1
九上数学知识清单北师大 特殊的平行四边,1,1
九上数学知识清单北师大一元二次,2,1
九上数学知识清单北师大反比例,1,1
九上数学知识清单北师大相似,6,1
九上期中化学,1,1
九上期中历史试卷,9,1
九上期中实现,1,1
九上期中数学新野,4,1
九上期中物理,2,1
九上期中考试,1,1
九上期中试卷道法,14,1
九上期中语文新野,2,1
九上期末,1,1
九上期末尉氏县,1,1
九上期末未实现,1,1
九上期末苏州英语,1,1
九上沈阳数学月考卷,1,1
九上沪教版化学一遍过,1,1
九上沪科版数学,13,1
九上济南期中考试,5,1
九上济南高新区期中数学答案,1,1
九上溶液单元测试卷化学上海沪教版,1,1
九上物理 功,6,1
九上物理 功第一课时,3,1
九上物理书,4,1
九上物理人教版,3,1
九上物理人教版期末试卷,16,1
九上物理人教版电路分析,1,1
九上物理人教版电路电流专题,3,1
九上物理人教版第13章检测卷,8,1
九上物理内能单元测试卷儿,2,1
九上物理前三单元喀什试卷,14,1
九上物理单元测试简单机械,13,1
九上物理名师讲解,3,1
九上物理天津期中,4,1
九上物理效率专题卷,3,1
九上物理教科版,1,1
九上物理暑假培优一套（学练测一体）,4,1
九上物理期中雅礼,2,1
九上物理期末卷尉氏,3,1
九上物理期末考试松原,8,1
九上物理期末试卷张家界永定区,2,1
九上物理期末题武汉,3,1
九上物理沪粤版,13,1
九上物理沭阳,4,1
九上物理热学,1,1
九上物理电压的测试卷,5,1
九上物理电学,7,1
九上物理电学计算题,2,1
九上物理电磁期末试卷,2,1
九上物理电路分析,1,1
九上物理第13章,1,1
九上物理第13章天津,10,1
九上物理第13章天津专项,1,1
九上物理第1单元测试卷,2,1
九上物理第一次月考人教版,3,1
九上物理第一次月考人教版13；14章,3,1
九上物理第一章,3,1
九上电压实验题,4,1
九上电学练习题,5,1
九上福州化学期中考,14,1
九上福州物理期中考,1,1
九上第1单元,2,1
九上第1单元化学！,2,1
九上第一单元测试卷,1,1
九上第一单元测试卷化学,1,1
九上第一次月考天津,4,1
九上第一次月考数学,1,1
九上第二单元科学,3,1
九上简单电路,1,1
九上简单电路，连电路图,2,1
九上苏教数学圆的相关概念,1,1
九上苏科学版物理,1,1
九上苏科版物理11章12章综合试卷,4,1
九上苏科版物理包含11章12章的综合试卷,1,1
九上英语,9,1
九上英语 单词默写表译林版2026秋,12,1
九上英语 单词默写译林版,4,1
九上英语2026学年秋单词,1,1
九上英语2026学年秋单词表,1,1
九上英语2026学年秋译林,1,1
九上英语人教版答案,3,1
九上英语单元词性,1,1
九上英语宾从状从练习,1,1
九上英语宾从练习,1,1
九上英语成都期末,2,1
九上英语教材书,2,1
九上英语教材书，人教版,5,1
九上英语最新单词表,8,1
九上英语期中,4,1
九上英语期末遂宁,5,1
九上英语模拟卷,1,1
九上英语英语译林版,1,1
九上英语词形转换,8,1
九上英语课本人教版单词,1,1
九上语文2026新教材书 电子版,2,1
九上语文书,1,1
九上语文古诗,4,1
九上语文必备古诗文和文言文默写版,4,1
九上语文必备古诗词文言文,6,1
九上语文教科书电子版,1,1
九上语文新版教材,2,1
九上语文期中水平测试卷,2,1
九上语文期中遂宁,2,1
九上语文期末遂宁,12,1
九上语文第二单元,1,1
九上语文第二单元想和做,1,1
九上道法,2,1
九上道法全书分析,1,1
九上道法百年大党风华正茂,1,1
九上道法百年大党风华正茂讲解,1,1
九上道法百年大党风华正茂课件,1,1
九上道法第一单元坚持党的全面领导,4,1
九上道法第一课百年大党风华正茂课件,10,1
九上道法课件,1,1
九上配方法解方程,2,1
九上高新区期中数学答案,1,1
九下 第5章 二次函数,3,1
九下 第5章 二次函数单元测试,20,1
九下中考物理期末考试嗯湖北,2,1
九下中考物理期末考试嗯湖北随州,1,1
九下人教版第1单元化学试卷。,1,1
九下化学,1,1
九下化学酸碱盐,1,1
九下单词默写表人教版,1,1
九下历史,1,1
九下数学,1,1
九下数学期末试卷张家界永定区,1,1
九下相似三角形,5,1
九下英语,5,1
九下语文新教材第二课,3,1
九下语文新教材第二课啊，我们雏菊在黑暗里,4,1
九五联考,5,1
九五高中协作体 2026届高考最后一卷,3,1
九十八,1,1
九地市语文试卷,2,1
九师联盟1月,10,1
九师联盟2025年高一下期中考试英语,1,1
九师联盟联考数学,2,1
九师联盟高三第七次质量检测,7,1
九师联盟高二7月,1,1
九年一贯制,2,1
九年化学默写表,3,1
九年级 01古诗文古诗词复习默写,6,1
九年级 数学,2,1
九年级 数学名校模拟真题,1,1
九年级 英语,2,1
九年级.选词填空专练外研版,9,1
九年级25年河北保定曲阳县中考数学,16,1
九年级一元二次方程,2,1
九年级一元二次方程人教版,3,1
九年级一元二次方程人教版北京,9,1
九年级一模,8,1
九年级上10月学前,1,1
九年级上10月学情调查,14,1
九年级上the changing world单词默写人教版,4,1
九年级上册 数学,1,1
九年级上册 第3章 物质构成的奥秘,4,1
九年级上册 第3章 物质构成的奥秘人教版,7,1
九年级上册2024至2025学年度九年级第一次质量测评,1,1
九年级上册2024至2025学年度九年级第一次质量测评，化学安徽,2,1
九年级上册2024至2025学年度九年级第一次质量测评，化学安徽，淮北二中,1,1
九年级上册。一遍过。电子版,3,1
九年级上册一元二次方纯计算题,1,1
九年级上册一元二次方计算题,2,1
九年级上册东海中学物理,51,1
九年级上册二次函数单元测试卷,13,1
九年级上册二次函数试卷,8,1
九年级上册人教版化学,1,1
九年级上册人教版数学,3,1
九年级上册人教版数学书,1,1
九年级上册人教版最新版本历史,1,1
九年级上册人教版物理电路图专项训练,3,1
九年级上册人教版物理第一章,1,1
九年级上册人教版电路图专项训练,1,1
九年级上册冀教版，2026新课本,6,1
九年级上册化学人教版必背提纲,5,1
九年级上册化学元素第习题,1,1
九年级上册化学元素第习题山东省,4,1
九年级上册化学单元卷,5,1
九年级上册化学期中,8,1
九年级上册化学期中考,4,1
九年级上册化学物质的变化与性质,5,1
九年级上册化学空气和氧气,3,1
九年级上册化学第一次月考,1,1
九年级上册化学练习,1,1
九年级上册北师大版数学书,3,1
九年级上册十四篇古诗和译文,2,1
九年级上册华东师范大学数学《初中必刷题》,5,1
九年级上册华东师范大学数学课本,2,1
九年级上册历史,1,1
九年级上册历史2026年新版,3,1
九年级上册历史课本,3,1
九年级上册夺冠物理课课练sk素养评价卷,5,1
九年级上册完形填空专练。外研版,1,1
九年级上册完形填空专练外研版,8,1
九年级上册政治知识点,4,1
九年级上册数学21:1到21:2周测,1,1
九年级上册数学一元二次方程测试答案,2,1
九年级上册数学二次函数试卷,5,1
九年级上册数学人教版第25章,1,1
九年级上册数学北师大版,2,1
九年级上册数学北师大版课本,2,1
九年级上册数学反比例函数,8,1
九年级上册数学反比例函数过关检测,3,1
九年级上册数学反比例函数，过关检测,1,1
九年级上册数学圆的培优资料,14,1
九年级上册数学圆课件,2,1
九年级上册数学开学考,2,1
九年级上册数学月考卷,4,1
九年级上册数学期中模拟卷,14,1
九年级上册数学期中考试新野,2,1
九年级上册数学期末考试新野,1,1
九年级上册数学第一次月考卷,1,1
九年级上册数学第一章检测卷,18,1
九年级上册数学邳州市,7,1
九年级上册文言文练习,1,1
九年级上册新版历史第五课古代希腊课堂备课笔记系列,13,1
九年级上册月考,4,1
九年级上册月考九月,1,1
九年级上册月考九月临沂,11,1
九年级上册期中,4,1
九年级上册机械与功单元测试卷,3,1
九年级上册物理,4,1
九年级上册物理11章,3,1
九年级上册物理13 14章,6,1
九年级上册物理13~15章,3,1
九年级上册物理改变世界的热机,3,1
九年级上册物理改变世界的热机思维导图,1,1
九年级上册物理期末考考试,5,1
九年级上册物理电压练习题,9,1
九年级上册物理电学,2,1
九年级上册物理电流和电路,11,1
九年级上册物理知识点,4,1
九年级上册物理第15章,6,1
九年级上册物理第一次月考试卷 20242025,1,1
九年级上册物理第一章,2,1
九年级上册物理第一章月考,2,1
九年级上册物理第十三章试卷,1,1
九年级上册物理第十三章试卷新疆卷,10,1
九年级上册物理，第四章,10,1
九年级上册第一单元化学试卷人教版,1,1
九年级上册第一单元数学试卷北师大版,1,1
九年级上册第一月考,1,1
九年级上册第一次月考数学,5,1
九年级上册第三单元语文,1,1
九年级上册第六单元语文,7,1
九年级上册第六单元语文知识清单,2,1
九年级上册英语,17,1
九年级上册英语2026年新版 人教版新版课本,2,1
九年级上册英语东湖高新区,4,1
九年级上册英语书电子版,4,1
九年级上册英语二单元基础卷,1,1
九年级上册英语二单元基础卷人教版,1,1
九年级上册英语人教版单词,1,1
九年级上册英语人教版名校课堂背记本,1,1
九年级上册英语人教版第一单元单选题训练,8,1
九年级上册英语单词表最新版,7,1
九年级上册英语听力,1,1
九年级上册英语真题圈山西,2,1
九年级上册英语第一二单元测试试卷,1,1
九年级上册英语第一二单元测试试卷人教新版,3,1
九年级上册英语第一二单元测试试卷人教新版安徽,3,1
九年级上册英语第一单元,5,1
九年级上册英语译林版,5,1
九年级上册英语译林版单词表,6,1
九年级上册译林版英语单词,1,1
九年级上册语文,30,1
九年级上册语文书电子书,5,1
九年级上册语文暑期预习,3,1
九年级上册语文暑期预习湖心亭看雪,6,1
九年级上册语文暑期预习第3讲,3,1
九年级上册语文期中水平测试卷,31,1
九年级上册语文期末试卷,25,1
九年级上册语文第一单元综合卷,1,1
九年级上册语文试卷,1,1
九年级上册语文课本,13,1
九年级上册道德与法治,4,1
九年级上册道德与法治第一单元检测卷,6,1
九年级上册道德与法治资料,1,1
九年级上册道法新教材,4,1
九年级上单词默写人教版,2,1
九年级上外研版英语,1,1
九年级上外研版英语课,9,1
九年级上外研版英语课 语法,8,1
九年级上外研版英语课yufa,1,1
九年级上学期化学,2,1
九年级上学期期末,1,1
九年级上学期第一次月考,3,1
九年级上期中 上海,16,1
九年级上期中山东省烟台市,3,1
九年级上期初,9,1
九年级上物理北师大版,3,1
九年级上物理卷子,1,1
九年级上物理电路,2,1
九年级上第1章到第3章南通化学试卷,1,1
九年级下册化学人教版必刷题电子版,14,1
九年级下册数学,1,1
九年级下册数学名校课堂,1,1
九年级下册新版期中测试卷数学,5,1
九年级下册相似三角形的模型,5,1
九年级下册相似三角形的模型，安徽专用,1,1
九年级下册第一二单元化学试卷,3,1
九年级下册第一单元化学试人教版卷,2,1
九年级下册第一单元化学试卷,1,1
九年级下册，单词表,2,1
九年级下古诗文言文,1,1
九年级下学期期末宝安,14,1
九年级下学期超银第一次月考数学,2,1
九年级丰泽,1,1
九年级人教版上册试卷第二单元,1,1
九年级人教版语文书,1,1
九年级化学1 11单元测试卷,2,1
九年级化学1 3单元,2,1
九年级化学1-11单元测试卷,10,1
九年级化学上册人教版,1,1
九年级化学上册人教版氧气,1,1
九年级化学上册沪教版1.1练习,3,1
九年级化学各单元默写,1,1
九年级化学期中,1,1
九年级化学第一次月考九上,1,1
九年级化学讲解,2,1
九年级化学，讲解,3,1
九年级历史人教版背记资料,9,1
九年级圆练习题,5,1
九年级增城,5,1
九年级增城英语,2,1
九年级外研版英语单词表,4,1
九年级外研版英语课,7,1
九年级完形填空专练外研版,2,1
九年级必备过去式过去分词,7,1
九年级数学 一元二次方程 三角函数 几何证明 难题,11,1
九年级数学三角形相似单元测试,1,1
九年级数学三角形相似单元测试卷,3,1
九年级数学上册北师版,11,1
九年级数学书上册,1,1
九年级数学二次函数的单元测试题,2,1
九年级数学几何题型分类,1,1
九年级数学单元测试卷,1,1
九年级数学圆,2,1
九年级数学特殊平行四边形最值问题,4,1
九年级数学竞赛试卷吉林,2,1
九年级文言文,2,1
九年级新,1,1
九年级旋转课时练,2,1
九年级时态天津,3,1
九年级月考化学,3,1
九年级月考天津,4,1
九年级月考天津英语,1,1
九年级月考检测,1,1
九年级月考检测学易金卷,4,1
九年级海洋化学资源试题,3,1
九年级物理一模,2,1
九年级物理人教版,1,1
九年级物理人教版分子热运动,1,1
九年级物理公式基础练习题,1,1
九年级物理十五单元,5,1
九年级物理并联电路图练习,3,1
九年级物理杠杆练习题,5,1
九年级物理沪科版第十三章预习,2,1
九年级物理热学测验,4,1
九年级物理电压测试卷,4,1
九年级物理电学公式,1,1
九年级物理电学公式大全,4,1
九年级物理电学综合卷,3,1
九年级物理电路,4,1
九年级物理第一次月考,1,1
九年级物理第一次月考九上重庆,5,1
九年级物理试卷,1,1
九年级物理课件,1,1
九年级画电路图的题,1,1
九年级相似三角形,4,1
九年级第一学期 电学测试,2,1
九年级第一次月考卷依安三中,3,1
九年级第一次月考检测学易金卷,2,1
九年级第一次月考检测学易金卷人教版,18,1
九年级第一次月考检测学易金卷人教版安徽/专用,3,1
九年级统一测试,36,1
九年级自主招生数学,16,1
九年级苏教版数学,3,1
九年级苏教版数学江苏省泗洪县,1,1
九年级英语 2026 人教版人教版ppt,2,1
九年级英语 2026 人教语法,5,1
九年级英语一模,1,1
九年级英语人教版最新版,1,1
九年级英语人教版最新版课本,2,1
九年级英语单元重点单词短语句型语法精练,7,1
九年级英语单元重点单词短语句型语法精练仁爱版,1,1
九年级英语单词表,1,1
九年级英语外研,1,1
九年级英语外研版,1,1
九年级英语时态,3,1
九年级英语竞赛,5,1
九年级英语阅读理解,7,1
九年级英语阅读理解 100篇专项训练,13,1
九年级英语预习,4,1
九年级解三角形,1,1
九年级语文中考试卷武汉市2026,2,1
九年级语文同步教材最新版,6,1
九年级语文学情自测卷,10,1
九年级语文阅读,2,1
九年级课本,1,1
九年级超银月考数学,1,1
九年级道德与法治 2026 2027新教材 知识点,2,1
九年级郑州外国语中学数学,3,1
九年级郑州外国语中学数学期中,1,1
九年级郑州外国语中学物理,6,1
九年级郑州外国语中学物理期中,2,1
九年级鲁教版化学元素,3,1
九年级鲁教版化学物质组成的表示,5,1
九年级黄金分割点练习题,1,1
九年级黄金分割点练习题数学,1,1
九月份开学名校联盟考试数学,2,1
九月份开学考试,6,1
九月调考,8,1
九校,7,1
九校 联考宁波,1,1
九校 联考宁波2025,1,1
九校 联考宁波2026,6,1
九校联考宁波,15,1
九江一中2016-2017期末考高一,2,1
九江六校协作体,2,1
九江外国语学校,1,1
九江市,2,1
九江市2023 2024八上期末试卷,1,1
九江市2023 2024八上期末试卷地理,1,1
九江市2024 2025七下期末试卷,1,1
九江市2024 2025八上期末试卷,1,1
九江市2025-2026学年度下学期期末考试,3,1
九江市2025一2026学年庋五年级下册期末语文测评卷,3,1
九江市一中,1,1
九江市一模,24,1
九江市期末考试,17,1
九江市第一中学,2,1
九江市第一中学培优班数学期末考试,1,1
九江市高一期末考试,2,1
九省联考2026江西,1,1
九联盟,1,1
九门状元,1,1
九门状元高一数学卷子,4,1
九高,1,1
九龙坡区数学期末考试,3,1
九龙坡区数学期末考试八上,1,1
九龙高级中学,2,1
九，上物理，电路图专项训练,6,1
习近平,3,1
乡土中国 02026 复习资料,7,1
乡土中国 导读,1,1
乡土中国 导读学案,3,1
乡土中国整本书阅读知识点梳理，背诵讲义,15,1
乡土中国真题,6,1
乡土中国知识,4,1
乡土中国课件,2,1
乡村医生全科执业助理考试试题,1,1
书九上语,5,1
书本,3,1
乳山市第一中学,2,1
乾县第一中学,3,1
二 元一次方程组100道计算,5,1
二 模,1,1
二 轮 复习 2026,3,1
二 项式定理,1,1
二0255年至2026年高三下学期河南省高三是应试考试,4,1
二6-10联盟语文,1,1
二?零?二?三?青?海?高?考?,1,1
二?零?二?三?青?海?高?考?语文真提题卷,4,1
二一教育,1,1
二一教育网,5,1
二一教育网衡水二中,1,1
二一教育网衡水二中数学,1,1
二一教育网衡水二中数学限时精练,3,1
二三年到二四年长沙市华谊中学入学考试,5,1
二三年江西物理卷,1,1
二三年海南生地会考生物试卷,9,1
二下数学,2,1
二下数学期末,1,1
二下英语pep期末,6,1
二下语文期末试卷富阳区,5,1
二中分班,1,1
二中哈密,1,1
二中集团,4,1
二五年2026年山东省济钢高级中学高三上期中数学试卷,3,1
二五年广东化学卷,6,1
二五年广东高考化学卷,3,1
二五年河北卷,3,1
二五年高考河北卷地理,4,1
二五年，二六年高三上期中数学试卷辽山东省聊城市颐中外国语学校,1,1
二元 一次方程组应用题大题专题,6,1
二元一次方程,1,1
二元一次方程组和一元一次不等式组大题,36,1
二元一次方程组和一元一次不等式组应用题,23,1
二元一次方程组的应用,2,1
二元二次,1,1
二元思辨作文,4,1
二元思辨作文中考,1,1
二六年下册数学濮阳真题,1,1
二六年下册生物濮阳真题,2,1
二六年全国高考生物试卷二卷,1,1
二六年北京房山高31模英语,1,1
二六年后的高一期末地理,8,1
二六年后的高二期末地理,6,1
二六年巨野县的高二期末地理,13,1
二六年广东高考地理试卷,1,1
二六年德州中考数学,7,1
二六年期末语文,9,1
二六年浙江中考,4,1
二六年高考,2,1
二六年高考A卷,2,1
二六年高考卷,1,1
二六年高考数学,3,1
二六年高考生物真题分类,1,1
二六年高考试卷,1,1
二六年高考语文真题全国一卷,2,1
二函,1,1
二函初中,4,1
二分法,3,1
二初,1,1
二力平衡,1,1
二十七中,1,1
二十中,5,1
二十中和平湾,1,1
二十中学,1,1
二十九中小升初,2,1
二十五中分班考,11,1
二十以内加减法,2,1
二十八,2,1
二十六中,1,1
二十四中,7,1
二十高一下学期数学期末,1,1
二升三,5,1
二升三应用题,14,1
二升三数学,7,1
二升三数学暑假每日一练 西师版,3,1
二升三数学练习题,1,1
二升三暑假阅读理解语文,4,1
二升三暑假阅读语文,3,1
二升三语文暑假每日一练,1,1
二升三语文阅读理解,1,1
二单元练习题,1,1
二南,1,1
二南开期末考试卷八年级下册英语,7,1
二南期中,4,1
二四年九省联考语文,5,1
二实验,1,1
二小,1,1
二年级 下册数学 1年级期末考试卷人教版,2,1
二年级1000以内列式计算题,3,1
二年级上册作文每日一练,1,1
二年级上册北师版数学每日一练小纸条”,5,1
二年级上册数学思维题,6,1
二年级上册第一单元,1,1
二年级上册第一单元人教版,5,1
二年级上册试卷浙江拔尖,1,1
二年级上册语文生字,3,1
二年级上学期阶段检测,5,1
二年级上试卷浙江拔尖,1,1
二年级下册期末,2,1
二年级下册语文看图写话,1,1
二年级下语文小作文,1,1
二年级口算,2,1
二年级奥数,3,1
二年级奥数20讲,2,1
二年级应用题,5,1
二年级数学上册,8,1
二年级数学上册期中,4,1
二年级数学下册期末,2,1
二年级数学下学期期末考试试卷粤教粤版,2,1
二年级数学奥数思维训练,11,1
二年级数学苏教版期末考试,4,1
二年级期末卷,1,1
二年级期末卷深圳,1,1
二年级期末卷深圳南山,2,1
二年级混合运算,8,1
二年级科学下学期期末考试试卷粤教粤版,7,1
二年级计算题,1,1
二年级计算题下册,4,1
二年级阅读理解,2,1
二检,1,1
二检福州,18,1
二检福建,1,1
二模,16,1
二模汇编,3,1
二模物理,1,1
二次 函数,4,1
二次 函数 025 一轮 专题中考试卷,1,1
二次 函数 025 一轮 专题试卷,1,1
二次 函数 025 一轮专题,1,1
二次 函数 025 二轮 专题,5,1
二次 函数 一模专题,3,1
二次 函数应用题初中,2,1
二次2函数专题,1,1
二次函数 专题,3,1
二次函数 压轴大题 八大题型,1,1
二次函数 压轴题 八大题型,5,1
二次函数 实际应用,1,1
二次函数ax2+bx+c图像和性质综合练习,1,1
二次函数y=a(x-h)?+k的图像与性质,4,1
二次函数y=a(x_),1,1
二次函数…根分布问题,6,1
二次函数一轮复习专题高三,4,1
二次函数上海专业,1,1
二次函数上海专用,2,1
二次函数与参数计算,3,1
二次函数与铅垂法,5,1
二次函数专项练习题,3,1
二次函数专题高中,6,1
二次函数中的线段，周长，面积，最值问题,3,1
二次函数习题,5,1
二次函数人教版,2,1
二次函数利润,1,1
二次函数动轴动区间,3,1
二次函数北京课改版,2,1
二次函数北京课改版九上,4,1
二次函数区间值域（动轴定区间、定轴动区间,2,1
二次函数单元测试,4,1
二次函数单元测试卷,1,1
二次函数单元测试题,1,1
二次函数卷,8,1
二次函数压轴题。广东,2,1
二次函数压轴题专项,2,1
二次函数压轴题之定点、定值问题点拨与精练,3,1
二次函数压轴题人教版,7,1
二次函数压轴题人教版新教材,4,1
二次函数图像与性质,1,1
二次函数图像和性质,3,1
二次函数图像和性质综合专项练习,1,1
二次函数图像和性质综合练习,3,1
二次函数图象与系数关系,1,1
二次函数基础专项练习题,2,1
二次函数基础卷,2,1
二次函数基础卷人教版,1,1
二次函数基础卷人教版数学,2,1
二次函数基础考点梳理,2,1
二次函数基础题,13,1
二次函数基础题型过关,2,1
二次函数定值问题,4,1
二次函数应用与综合上海,5,1
二次函数应用题,1,1
二次函数建模,4,1
二次函数最值问题,2,1
二次函数根分布问题,6,1
二次函数的专项训练,4,1
二次函数的图像与性质,3,1
二次函数的增减性,4,1
二次函数的应用题，视频,3,1
二次函数的系数关系分析,3,1
二次函数的顶点及其应用,1,1
二次函数的顶点及其应用题型,7,1
二次函数章末卷,1,1
二次函数综合,5,1
二次函数综合几何变换,3,1
二次函数综合变换,1,1
二次函数联练习题,2,1
二次函数苏科版,1,1
二次函数范围,1,1
二次函数讲义,1,1
二次函数配套练习,2,1
二次函数重难点,2,1
二次函数铅垂法,1,1
二次函数题优题,4,1
二次函数高三一轮,1,1
二次函数高中,7,1
二次根式基础练习题,3,1
二次根式混合运算,6,1
二次根式青岛版,4,1
二次见永中一中语文开卷试卷。,1,1
二次项,8,1
二氧化碳与氨的反应,9,1
二氧化碳制取,5,1
二氧化碳是酸性氧化物吗,1,1
二级英语,1,1
二耀华月考卷子,4,1
二职高,1,1
二调,8,1
二轮复习,1,1
二附中,1,1
二零二 2024~2025九年级上册得乐去期中考试时间,1,1
二零二六山东省实验中学高一上学期中物理考试,4,1
二零二四到二零二五学年山东省淄博市十堰高二生物期中考试试,1,1
二面角坐标法,1,1
二面角的几何求法专题,1,1
二面角视频,1,1
二项式定理10个题型,2,1
二项式定理的应用,5,1
于洪区2025 2026学年度下学期期末学业水平测试七年级历史试卷,1,1
于洪区历史,3,1
云南 分班,1,1
云南202 6高考真题化学,2,1
云南20252026学年下学期高一,5,1
云南20252026学年下学期高一语文,4,1
云南2025年春季学业水平合格性考试,17,1
云南2025年高中高考英语听力,5,1
云南2026年春季学业水平合格性考试,1,1
云南2026春季地理学业水平考试,1,1
云南2026期末普洱,5,1
云南2026高考化学,1,1
云南undefined,2,1
云南七下,2,1
云南专用,1,1
云南中考生物多样学试题,11,1
云南中考生物学试题,3,1
云南中考语文,3,1
云南九年级下学期期末,6,1
云南二年级下学期期末,4,1
云南八年级下学期阶段检测,10,1
云南六年级下学期期末,3,1
云南初中生物学试题,3,1
云南初二,1,1
云南历史,1,1
云南历史2026高考,1,1
云南学业水平考试高中,5,1
云南师大附中2026届高3月考十,13,1
云南师范大学实验中学,1,1
云南师范大学附中月考数学2024,2,1
云南政治试卷 2026高中,6,1
云南昆明市2025~2026学年高一下学期期末质量检测数学试题,5,1
云南昆明市高一下数学期末考试,1,1
云南普洱,1,1
云南楚雄2025 2026学年下学期期末教育质量监测高一试卷,1,1
云南楚雄2025 2026学年下学期期末教育质量监测高二试卷,1,1
云南物理初三讲义电学,11,1
云南物理初三讲义电学PPT,1,1
云南玉溪市2025~2026学年高一下学期期末考试数学试卷,3,1
云南生物高考,4,1
云南省2024-2025学年义务教育阶段学业水平监测九年级上册年级数学,3,1
云南省2024-2025学年义务教育阶段学业水平监测八年级数学,1,1
云南省2025-2026学年义务教育阶段学业水平监测八年级数学,1,1
云南省2025学年普通高中学业水平考试,2,1
云南省2025学年普通高中学业水平考试思想政治试,2,1
云南省2025年春季学期期末普通高中学业水平合格性考试,1,1
云南省2025至2026学年下学期期末质量检测8年级英语人教版,1,1
云南省2026 226学年普通高中学业水平考试,1,1
云南省2026学年普通高中学业水平考试,2,1
云南省2026年7月普通高中学业水平合格性考试,1,1
云南省三校生高考,8,1
云南省临沧市,1,1
云南省临沧市第一中学,3,1
云南省丽江市09?10学年高一上期末统考,3,1
云南省保山市数学,18,1
云南省八年级物理上册昆明期末检测卷,3,1
云南省八年级物理上册期末检测卷,1,1
云南省墨江第二中学,8,1
云南省大理州八年级物理上册期末检测卷,1,1
云南省学考数学,2,1
云南省富源县胜境中学开学考试试卷高一上,8,1
云南省师范大学附属中学,2,1
云南省师范大学附属中学适应性月考,4,1
云南省师范大学附属中学高一上开学月考月考,3,1
云南省数学,11,1
云南省昆明市初中阅读题答题格式,1,1
云南省昆明市呈贡区2025-2026学年八年级下学期6月期末数学试题,2,1
云南省昆明市昆一中西山学校,1,1
云南省昆明市昆一中西山学校开学考考试试卷,1,1
云南省昆明市昆一中西山学校期中考试试卷,2,1
云南省昆明市盘龙区2025-2026学年八年级下学期期末数学试卷,2,1
云南省昆明市西山区2025~2026,1,1
云南省昭通市2026八年级上期末考试,8,1
云南省昭通市2026年七年级下期末考试,1,1
云南省昭通市五年级下册数学试卷,6,1
云南省昭通市昭阳区普通高中学业水平合格性考试试卷数学2021到2026,4,1
云南省普洱市,4,1
云南省普洱市思茅区市统测,1,1
云南省普通高中合格性考试成绩,2,1
云南省普通高中学业水平合格性考试考试,3,1
云南省普通高中学业水平合格性考试试卷2021到2026,1,1
云南省曲靖一中开学考试高一上,12,1
云南省曲靖市,13,1
云南省曲靖市2024~2025学年高一下学期期末教学质量检测卷数学试题,1,1
云南省曲靖市富源县胜境中学开学考试卷高一上,11,1
云南省曲靖市曲靖一中分校麒麟学校开学考试高一上,5,1
云南省曲靖市麒麟区中考真题,2,1
云南省曲靖市麒麟区第七中学第1次月考物理试卷,5,1
云南省曲靖市麟麟区2024一2025秋季学期末考试六年级上册,1,1
云南省曲靖市麟麟区2025一2026春季学期末考试五年级下册,1,1
云南省曲靖市麟麟区2025一2026春季学期末考试小升初,2,1
云南省红河州文山州统考,6,1
云南省职教高考,3,1
云南省西南名,1,1
云南省西双版纳傣族自治州2024至2025学年上学期质量监测期中九年级数学,1,1
云南省西双版纳橄榄坝勐罕镇中心小学,5,1
云南省高一分班考,4,1
云南省高一英语作文,1,1
云南省高三五月,3,1
云南省高中学考数学,21,1
云南省高中学考数学专项,5,1
云南省高考真题卷,4,1
云南高一上学期期中,3,1
云南高一下学期期末,7,1
云南高三模考,1,1
云南高中学业水平听力,6,1
云南高考,1,1
云南高考化学,3,1
云南高考政治卷,3,1
云南高考数学,3,1
云南高考物理,1,1
云南高考英语,1,1
云南高考英语卷,2,1
云南，红河州,5,1
云大附中,9,1
云大附中 三模,1,1
云大附中121大街,1,1
云大附中分班考,1,1
云大附中呈贡,2,1
云大附中星耀中学高一入学考物理试卷,8,1
云大附中本部,4,1
云学联盟,1,1
云学联盟2025-2026学年下学期教学质量检测,4,1
云师大附中 026 高三高考适应性月考,11,1
云师大附中月考十,3,1
云师大附中月考数学2024,4,1
云师大附中高一考题,1,1
云梦县2026八下数学期末试卷,6,1
云浮2026年期末高二,1,1
云浮市2025数学,3,1
云浮市2025数学高一,1,1
云浮市2025数学高一上,2,1
互助县第一中学,3,1
五 三位数加减,1,1
五 年级上册数学,1,1
五5年级下册 数学期末,1,1
五5年级下册 英语,12,1
五三九上英语,1,1
五三历史,1,1
五三天天练,4,1
五三天天练，第一章机械运动,9,1
五三生物必修二疑难破,3,1
五三第11章,6,1
五三金卷,2,1
五上小数乘小数,26,1
五上数学人教版第一单元,1,1
五上数学冀教涿州,2,1
五上数学期末试卷富阳区,2,1
五上数学观察物体专项训练,5,1
五上河北阶段检测,1,1
五上英语江苏新版译林秋版,5,1
五上西施坂,6,1
五上译林版,3,1
五上译林版知识点及练习及答案,2,1
五上语文字帖部编版,1,1
五下兴化数学2026,3,1
五下分数计算,5,1
五下分数计算练习,5,1
五下宁波,2,1
五下数学人教版培优讲义,34,1
五下数学期末,2,1
五下数学知识点,2,1
五下英语卷,1,1
五中七年级上期中考试,5,1
五中分班考,1,1
五中期中考试,14,1
五中高中语文月考测试卷,1,1
五九,1,1
五六年级应用题数学,1,1
五初,1,1
五区,2,1
五十七,1,1
五十中8年级下册道德与法治试卷,1,1
五十五,7,1
五十八中高二上期中考试,10,1
五十四中,1,1
五升六 2026年暑假衔接数学ppt,1,1
五华中英文高级中学,2,1
五华区2025 2026七年级英语,3,1
五华区2025-2026,2,1
五华区2025—2026八年级期末物理试卷,3,1
五华区2025年初一新生均衡分班测试卷语文,1,1
五华区八年级上开学考试卷,1,1
五华区八年级开学考试卷,1,1
五华县萃文中学,3,1
五原小升初考试卷,1,1
五县,3,1
五县联考,2,1
五四制6年级上测有理数,4,1
五四制七上,1,1
五四制七上青岛版,6,1
五四制三年级上册计算题,1,1
五四制九年级下册圆,5,1
五四制八年级上册因式分解,14,1
五四制八年级上册期中考试,20,1
五四制初二上数学课本,1,1
五四制数学三年级上册口算,6,1
五四制数学青岛版课课练,5,1
五四制鲁教版五年级英语上册课本,8,1
五套英语试卷,1,1
五家渠高级中学,5,1
五市十校,1,1
五市十校教研教改共同体·2024届高三12月大联考语文试卷,3,1
五常雅臣,1,1
五年 2016 2025 高考数学真题分类汇编 全国通用,1,1
五年 高考2021 2025 分类汇编,1,1
五年中考三年模拟,1,1
五年級 2026年下册期末数学,3,1
五年級数学 2025年下册期末,1,1
五年级,1,1
五年级 下册语文期末测试卷,9,1
五年级 苏教版,5,1
五年级上,27,1
五年级上人教版英语,1,1
五年级上册一单元,3,1
五年级上册人教版,11,1
五年级上册冀教版英语,1,1
五年级上册冀教版英语课本,8,1
五年级上册口算题,12,1
五年级上册应用题,10,1
五年级上册数学小数除法,11,1
五年级上册数学期末,1,1
五年级上册数学第三单元文登版,4,1
五年级上册数学综合练习题,1,1
五年级上册英语人教版,1,1
五年级上册语文,14,1
五年级上册语文第一单元试卷新版,4,1
五年级上册阅读理解专项练习,1,1
五年级上册黄冈名卷,4,1
五年级上外研版英语第三单元,1,1
五年级上学期期中,1,1
五年级上学期英语期末考试试卷,13,1
五年级上英语句子仿写,3,1
五年级下册 湘教版,1,1
五年级下册人教版数学第五单元旋转画图题,4,1
五年级下册冀教版,7,1
五年级下册数学单项选择题,4,1
五年级下册数学期末复习课件西师大版,3,1
五年级下册数学期末试卷人教版,5,1
五年级下册数学试卷人教版,4,1
五年级下册期末考试卷数学,4,1
五年级下册期末考试卷数学免费,2,1
五年级下册期末试卷,1,1
五年级下册期末试卷人教版,1,1
五年级下册桂林市全州县2026年语文真题卷,5,1
五年级下册沛县期末试卷,1,1
五年级下册英语期末,1,1
五年级下册选择题,3,1
五年级下学期期末,8,1
五年级下学期阶段检测,8,1
五年级下次,8,1
五年级人教版,1,1
五年级人教版小数乘法试卷,4,1
五年级几何模型讲解视频,1,1
五年级分数加减法,3,1
五年级勐罕镇中心小学期末试卷,6,1
五年级奥数,2,1
五年级小数乘小数除法计算练习,1,1
五年级小数乘除法计算,1,1
五年级小数乘除法计算练习,3,1
五年级数学上册多边形的面积,4,1
五年级数学上册新北师大版,5,1
五年级数学上期末真题分类汇编北京专用,9,1
五年级数学下册,2,1
五年级第一单元,2,1
五年级英语,1,1
五年级英语句子仿写,1,1
五年级英语天津单词表,2,1
五年级英语天津反差感,1,1
五年级英语期末考试参考卷(问卷)(B）,1,1
五年级英语试卷,7,1
五年级英语音频下载,3,1
五年级解方程,6,1
五年级语文,1,1
五年级语文上册,1,1
五年级语文上册阅读理解专项练习,1,1
五年级语文作文,9,1
五年级语文安徽,1,1
五年级语文安徽固镇,3,1
五年级阅读理解专项练习,1,1
五年高考三年模拟,4,1
五年高考三年模拟2026人教版数学,4,1
五年高考三年模拟2027地理,1,1
五年高考真题,1,1
五所,1,1
五月,4,1
五校联盟,2,1
五校联考数学,1,1
五校联考期末,2,1
五汛中学,5,1
五河一中数学,1,1
五河县7年级期末考试,11,1
五石之瓠,2,1
五线谱,1,1
五莲县2024年九年级上册数学第一次月考试卷,3,1
五莲县实验学校2024年九年级上册数学第一次月考试卷,1,1
五莲县实验学校初中部2024年九年级上册数学第一次月考试卷,1,1
五莲县第二中学2024年九年级上册数学第一次月考试卷,1,1
五调,1,1
五选五,6,1
五都中学开学考,20,1
五都镇中学,3,1
井冈山市七年级下册期末考试,3,1
井冈山市七年级下册期末考试数学,2,1
井冈山市四年级上册2025一2026年美术音乐期中考试卷,4,1
井冈山经贸万里中学,5,1
井都中学,2,1
亚太实验,10,1
亚桥高中高一上必考文言文,7,1
亚桥高中高一上月考卷,5,1
亚桥高中高一上月考数学,4,1
亚迪,1,1
交互式动画,4,1
交叉相乘,6,1
交变电流,2,1
交变电流 2025一轮专题复习,2,1
交变电流专题复习,1,1
交大,1,1
交大创新港,3,1
交大附中摸底考,1,1
交流异步电动机,1,1
交附,1,1
京口区第一外国语中学语文七上.单元测,8,1
京台2025至二0267年级数学学科阶段性大练习,5,1
京师励耘,1,1
亮亮最难的中考题,2,1
亳州一中,2,1
亳州一中入学,6,1
亳州一中入学考,1,1
亳州一中分班,2,1
亳州一中高一入学考,1,1
亳州二中,9,1
人体与动作,4,1
人体内环境与稳态,2,1
人体的内环境与稳态,1,1
人体的内环境与稳态单元检测,12,1
人体的生命活动需要能量思维导图,1,1
人分,3,1
人大附中2025-2026,1,1
人大附中2025-2026初中,3,1
人大附中2026高三数学热身考,1,1
人大附中2026高二期末数学,1,1
人大附中一模,2,1
人大附中分班考,5,1
人大附中初一上英语,3,1
人大附中初三,1,1
人大附中初三英语,1,1
人大附中数学,4,1
人大附中数学考试,8,1
人大附中新高一分班考试,1,1
人大附中期末,1,1
人大附中机械能动量,1,1
人大附中深圳学校,2,1
人大附中第一次月考,1,1
人大附中语文考试,1,1
人大附中高一,2,1
人大附中高一分班考,4,1
人大附中高三开学考,1,1
人大附分班考,7,1
人大附属高中上学期高一数学,1,1
人大附物理8下,2,1
人才,6,1
人教 019a 版 必修1 高中数学 教材 全套 习题 答案 电子版,2,1
人教 A  必修一数学课后习题答案,2,1
人教019A版 必修1,1,1
人教A数学第一单元,5,1
人教A版,3,1
人教A版 必修1教材答案,2,1
人教A版 必修1教材答案数学,2,1
人教A版 必修一 数学第一章  同步练习,2,1
人教A版必修一全套专题讲义」,1,1
人教A版必修一数学全套专题讲义,6,1
人教A版必修二立体几何专项训练题,15,1
人教A版高二选择性必修一数学必刷题,2,1
人教B版 高一数学必修第一册 同步课件 导学案,9,1
人教B版必修第四册 11.1.5 旋转体 基础练习,6,1
人教B版数学书必修一课后题,2,1
人教PEP3年级上册Unitl同步练习,1,1
人教PEP英语3年级上册Unitl同步练习,6,1
人教七上英语,2,1
人教必修一生物课本,4,1
人教必修一生物课本答案,2,1
人教板,23,1
人教版 + 八年级上册 + 章节/知识点 + 变式/举一反三,2,1
人教版 02026七下数学期末考试试题,2,1
人教版 八年级上册 生物 知识点 总结 完整版,17,1
人教版 电子课本,1,1
人教版(2019) 高二化学 选择性必修2 物质结构与性质 单元测试卷,15,1
人教版2019化学必修第二册有机化合物基础卷,1,1
人教版2019化学选择性必修三听的衍生物基础卷,1,1
人教版2019化学选择性必修三有机合成单元测试基础卷,1,1
人教版2019化学选择性必修三有机合成基础卷,1,1
人教版2019化学选择性必修二原子结构与性质基础卷,1,1
人教版2019选择性必修3《第一章 有机化合物的结构特点与研究方法（单,5,1
人教版2026九年级上册语文书电子版,1,1
人教版2026八年级上册英语单词表 完整文件,1,1
人教版7年级上册数学期末试卷,1,1
人教版8年级上册一本物理的配套单元卷,4,1
人教版8年级上数学全等三角形专题,10,1
人教版8年级上语文非连续性文本 说明文 记叙文 议论文专题,21,1
人教版9上数学第1单元,1,1
人教版9年级上册英第8单元语法,1,1
人教版一年级语文第一册,1,1
人教版七上数学,6,1
人教版七上英语完形填空,2,1
人教版七年级,1,1
人教版七年级 人称代词 训练,3,1
人教版七年级上册历史课本,11,1
人教版七年级上册数学一元一次方程的实际应用问题,2,1
人教版七年级上册数学第1单元测试卷。,2,1
人教版七年级上册英语单元试卷江西专版,1,1
人教版七年级上册英语听力试卷江西专版,1,1
人教版七年级上册英语第一单元试卷,1,1
人教版七年级上册英语第一单元试卷江西专版,5,1
人教版七年级下册甘肃省数学卷子,5,1
人教版七年级数学上册数学第六章几何课件,3,1
人教版七年级数学上册数学第六章几图形初步何课件,1,1
人教版三年级上册真题圈,7,1
人教版三年级下册口算,1,1
人教版三年级下册计算题,2,1
人教版三年级下册语文看拼音写词语,8,1
人教版中考英语话题素材,3,1
人教版中考英语话题素材 初,1,1
人教版九上下化学书后习题答案,3,1
人教版九上化学期末模拟卷,5,1
人教版九上化学电子书,3,1
人教版九上化学第一单元试卷,1,1
人教版九上数学第一次月考,1,1
人教版九上道德与法治课本,1,1
人教版九下化学,1,1
人教版九下化学浴解,14,1
人教版九年级上册历史,3,1
人教版九年级上册数学单元测试卷,2,1
人教版九年级上册数学同步练习题,2,1
人教版九年级上册数学第一章测试卷,5,1
人教版九年级上册期中试卷,1,1
人教版九年级上册语文单元测试卷,1,1
人教版九年级上册语文试卷,7,1
人教版九年级化学,1,1
人教版九年级物理第十三章,5,1
人教版九年级物理第十三章提升卷,4,1
人教版二次函数,1,1
人教版五年级,3,1
人教版优佳学案试卷,1,1
人教版优佳学案试卷 英语,1,1
人教版八上,4,1
人教版八上物理,1,1
人教版八上英语前3单元综合试卷五年中考三年模拟带答案,2,1
人教版八年级上册,1,1
人教版八年级上册 Unit3 SectionA besides单词课件,4,1
人教版八年级上册 第十二章 全等三角形 同步练习 含答案,12,1
人教版八年级上册历史教材课后习题答案,3,1
人教版八年级上册历史教材课后题答案,3,1
人教版八年级上册安徽省宣城市,23,1
人教版八年级上册数学单元测试卷,2,1
人教版八年级上册数学期中压轴卷轴对称,9,1
人教版八年级上册数学第一单元测试卷,2,1
人教版八年级上册数学第十三章单元测试卷,5,1
人教版八年级上册物理 同步课时分层练,3,1
人教版八年级上册物理第一节同步,2,1
人教版八年级上册物理第四单元光现象单元测试卷,16,1
人教版八年级上册物理第四章单元测试卷,1,1
人教版八年级上册英语,1,1
人教版八年级上册英语unit 3   Same are different,3,1
人教版八年级上册英语单词,1,1
人教版八年级上册英语单词表,4,1
人教版八年级上册英语教材要点回归、知识综合运用,4,1
人教版八年级上册英语第一次月考,4,1
人教版八年级上数学分式,1,1
人教版八年级上数学整式,9,1
人教版八年级上数学计算,4,1
人教版八年级下册典例精讲,1,1
人教版八年级下册数学 各章章末检测卷（全套6份）,1,1
人教版八年级下册英语阅读理解,4,1
人教版八年级数学期中压轴卷,33,1
人教版八年级物理上册安徽省宣城市,1,1
人教版八年级英语同步示范课,5,1
人教版八年级英语思维导图,4,1
人教版八年级词汇音频,4,1
人教版六年级,1,1
人教版六年级上册数学电子课本完整版PDF,11,1
人教版六年级古诗,6,1
人教版分层作业,1,1
人教版初中7 9年级英语单词汇总,1,1
人教版初中化学ppt,1,1
人教版初中英语单词汇总,7,1
人教版初中英语单词表 七年级到九年级 词汇汇总,4,1
人教版初二数学,11,1
人教版化学九年级上册,1,1
人教版化学导学案,3,1
人教版化学必修第二册化工生产中的重要非金属元素单元测试基础卷有解析,7,1
人教版单词详解,11,1
人教版古诗文八下,2,1
人教版四年级上册数学,2,1
人教版四年级上册数学 三位数乘两位数专项测试卷,7,1
人教版四年级上册数学两位数乘两位数,4,1
人教版四年级上册数学梯形,4,1
人教版四年级上册数学第二单元,7,1
人教版四年级上册数学角的,6,1
人教版四年级上册数学角的度量,2,1
人教版四年级上册数学角的量度,4,1
人教版四年级上册英语,1,1
人教版四年级下册数学期中,2,1
人教版四年级数学上册,1,1
人教版四年级语文上册期末,1,1
人教版四年级语文迎江区上册期末,2,1
人教版小升初英语,2,1
人教版小学数学方程专项训练,2,1
人教版府谷,3,1
人教版必修1生物知识点默写卷 含答案,11,1
人教版必修一 生物第一章第一节同步练习,7,1
人教版必修一welcome unit one和unit two英语完形填空和阅读理解专项基础题,2,1
人教版必修一化学方程式,4,1
人教版必修一所有化学方程式,1,1
人教版必修一物理压轴题,6,1
人教版必修一物理课本,2,1
人教版必修一第四章提升卷,11,1
"人教版必修一英语专题Welcome unit, unit one, unit two语篇综合练",7,1
人教版必修一英语单词背诵版默写版,3,1
人教版必修一英语单词背诵版默写表,2,1
人教版必修一重点词汇短语,6,1
人教版必修一高中单词检测案,1,1
人教版必修三高一物理十一章第三节练习,1,1
人教版必修三高一物理十一章第三节练习题,1,1
人教版必修三高一物理十一章第三节读数练习,4,1
人教版必修二,7,1
人教版必修二万有引力与行星运动单元卷,3,1
人教版必修二圆周运动单元卷,2,1
人教版必修二抛体运动,2,1
人教版必修二抛体运动单元卷,5,1
人教版数学 二次函数图像和性质综合练习,1,1
人教版数学9上月考试卷,5,1
人教版数学9上期末卷,1,1
人教版数学9上期末卷基础,2,1
人教版数学9上期末卷基础版,7,1
人教版数学A班,1,1
人教版数学七上12单元测试,1,1
人教版数学七上一二单元测试,1,1
人教版数学七年级上册,1,1
人教版数学七年级上册整式加法,6,1
人教版数学七年级上册第一单元测试卷,4,1
人教版数学八年级上册第一单元三角形单元卷南昌,2,1
人教版数学八年级下册,1,1
人教版数学八年级下册第三单元单元检测,3,1
人教版数学六年级上册第一单元,1,1
人教版数学初一到初二各章试卷,1,1
人教版数学初一到初二各章试卷海南省,1,1
人教版数学初一各章试卷海南省,6,1
人教版数学口算三年级下册,1,1
人教版数学口算天天练，三年级下册,3,1
人教版数学四年级下册期末试卷,4,1
人教版新教材,1,1
人教版新课标八上英语Unit 1至3单元综合试卷53同卷,6,1
人教版有机,1,1
人教版有机yilun,1,1
人教版牛顿的运动和力的关系专项训练加知识点总结题型梳,1,1
人教版物理必修一,1,1
人教版物理必修一教师用书,3,1
人教版物理选择性必修第二册 电磁学微专题讲 义,5,1
人教版物理选择性必修第二册 电磁学微专题讲 义旋转圆,1,1
人教版生物必修一教材习题答案,3,1
人教版生物必修二知识点,3,1
人教版电流与电路导学案,2,1
人教版第六章化学反应与能量 知识点填空,1,1
人教版红对勾一轮,5,1
人教版英语8年级上册词汇音频,21,1
人教版英语9年级上册,1,1
人教版英语9年级上册单词表,1,1
人教版英语9年级下册单词,4,1
人教版英语七年级下册,11,1
人教版英语中考题,3,1
人教版英语四上单元卷,2,1
人教版英语四年级,1,1
人教版英语小学四上,5,1
人教版英语必修一单词习题,3,1
人教版英语选修一,2,1
人教版语文高二上册,6,1
人教版选择性必修1,1,1
人教版选择性必修第4册英语单词,2,1
人教版高一上学期物理基础题训练及答案,1,1
人教版高一上学期物理相互作用一力练习题及答案,2,1
人教版高一上物理运动的描述真题卷,3,1
人教版高一上物理运动的描述试卷,1,1
人教版高一下学期数学选填压轴专练,10,1
人教版高一化学必修上册,1,1
人教版高一必修一英语完形填空,4,1
人教版高一必修一英语完形填空点卷,15,1
人教版高一必修一英语阅读理解,7,1
人教版高一数学必修一第二章,1,1
人教版高中数学一元函数的导数及其应用测试,4,1
人教版高中物理 同步培优讲义 必修第三册 模 型方法,12,1
人教版高中物理原子核,2,1
人教版高中物理必修第三册活动单导学课程,5,1
人教版高中物理电路,1,1
人教版高中物理电路专题,2,1
人教版高中物理电路及其应用,5,1
人教版高中物理第十一章电路及其应用,1,1
人教版高中物理运动的描述试卷,2,1
人教版高中物理选必三,1,1
人教版高中物理选必三测试,1,1
人教版高中物理选必三第四章第五章,5,1
人教版高中英语必修一单元提升卷,5,1
人教版高中英语必修三第4单元课文中英汉对照,10,1
人教版高中英语必修第一册衡水体单词字帖,5,1
人教版高中英语必修第三册基础知识默写本答案,4,1
人教版高中语文必背,1,1
人教版高中语文必背古诗文,3,1
人教版（2012）数学七年级上册,7,1
人教版（2012）数学书七年级上册,1,1
人教高一英语welcome unit,21,1
人文素养,8,1
人机对话,1,1
人民教育电子音像出版社出品的高中语文配套MP3,1,1
人物素材积累,2,1
人皆有不忍人之心,5,1
人称代词,8,1
人称代词 100题,1,1
人船模型,1,1
人附深,1,1
什邡中学,1,1
什邡市 实验小学,5,1
什邡市外国语小学,5,1
仁和中学,3,1
仁寿 初二升初三 4+1选拔 数学,4,1
仁寿县北一中分班考试,1,1
仁寿县北一中高一入学考试,7,1
仁寿县强基卷初中,5,1
仁寿县高中入学考试,8,1
仁爱,1,1
仁爱 七上,2,1
仁爱2025-2026八上期中英语,1,1
仁爱七上单词,1,1
仁爱七下,8,1
仁爱普济版,1,1
仁爱版,3,1
仁爱版 八年级上册 单元单词表 默写版 docx,5,1
仁爱版三年级上册英语第一单元测试卷,1,1
仁爱版八上单词表,2,1
仁爱版八年级上册,2,1
仁爱版八年级上册 单元单词表 默写版 docx,4,1
仁爱版英语九上第3单元单元重点单词短语句型语法精炼。,1,1
仁爱版英语九年级上册新版第一单元语法归类总结,5,1
仁爱版英语九年级上册新版第三单元词语归类总结,1,1
仁爱版英语八年级上册,5,1
仁爱版，新版。第3单元9年级上册。,1,1
仁爱科普版八下语法填空练习,5,1
仁爱英语八年级上册试卷,5,1
仁皇山五中,1,1
今五年浙江英语续写,1,1
今五年浙江英语续写汇总,3,1
今年2026年广州市天河区8年级上册数学试卷期末考试,1,1
今年2026年广州市天河区9年级上册数学试卷期末考试,2,1
今年2026年广州市天河区9年级下册数学试卷一模,1,1
今年2026年广州市天河区9年级下册数学试卷期末考试,1,1
今年2026年广州市天河区七年级下册数学试卷期末考试,2,1
今年中考试卷湖北黄冈黄梅县,2,1
今年吉安长田高一语文期末考试试卷,3,1
今年聊城市高一期末考试各科答案,11,1
今年聊城市高一期末考试数学答案,1,1
今年高考数学卷子二卷,1,1
今日打卡,1,1
今日离港,1,1
介休,12,1
介休市,2,1
介休市八年级上学期,8,1
介休市八年级上学期期中,10,1
介休市八年级英语,2,1
介休市四年级,3,1
介词,2,1
从中华文明起源到统一多民族封建国家的建立和巩固,1,1
从句省略结构专项,3,1
从句练习,3,1
从句综合练习,1,1
仓山,6,1
仓山区2025 2026八年级仓山区统考数学,5,1
仓山区期末英语试卷,8,1
他上地理试卷,1,1
付费卷,2,1
付费约,1,1
仙桃,4,1
仙桃一中,1,1
仙桃一中高一物理试卷,1,1
仙桃七月,2,1
仙桃市,1,1
仙桃市高一,3,1
仙游一中,11,1
仙霞高级中学,1,1
代几,1,1
代数应用题,2,1
代数式,9,1
代数式单元测试,2,1
代数式及其运算,1,1
代数式思维导图,5,1
代数式的专项,4,1
代数式练习,1,1
代数强基,4,1
代词,3,1
以文润心 提升文化育人功能,1,1
以文润心 提升文化育人功能阅读理解,1,1
以润物细无声为主题的作文,4,1
仪征,2,1
仪征中学,3,1
仲元,2,1
仲元中学,3,1
仲元中学高二下,1,1
仲元中学高二下期末,2,1
价类二维图2026专题复习,3,1
价类二维图2026专题复习化学,1,1
价类二维图高考化学,3,1
任务 型 阅读 10 初三复习,1,1
任务 型 阅读 10 初三复习英语,1,1
任务型阅读,1,1
任务型阅读、补全对话与情景运用,1,1
任务型阅读、补全对话与情景运用初三,1,1
伊宁市语文质量抽测期中卷七中学,3,1
伊宁市语文质量抽测期中卷二十二中初一,2,1
伊宁市语文质量抽测期中卷伊宁市二十三中,5,1
伊宁市语文质量抽测期中卷十六中,6,1
伊川 实验高中,2,1
伊川2023-2024八上期中历史,1,1
伊川2023-2024八上期中政治,1,1
伊川2023-2024八上期末政治,1,1
伊川2024-2025八上期中历史,1,1
伊川2024-2025八上期末历史,1,1
伊川2024-2025八上期末政治,1,1
伊川2024-2055八上期中历史,1,1
伊川2025-2026八上期中数学,2,1
伊川2025-2026八上期中物理,3,1
伊川2025-2026八上期中生物,2,1
伊川2025-2026八上期中英语,2,1
伊川县2023-2024五下期末数学,1,1
伊川县2023-2024八上期中数学,2,1
伊川县2023-2024八上期中英语,1,1
伊川县2023-2024八上期末英语,1,1
伊川县2024-2025五下期末数学,1,1
伊川县2024-2025五下期末英语,1,1
伊川县2024-2025八上期中数学,2,1
伊川县2024-2025八上期中英语,1,1
伊川县2024-2025八上期末数学,2,1
伊川县2024-2025八上期末英语,2,1
伊川县2024-2025六下期末品德,1,1
伊川县2024-2025六下期末数学,1,1
伊川县2024-2025六下期末英语,1,1
伊川县2024-2025六下期末语文,1,1
伊川县2025-2026五下期末语文,1,1
伊川县2025-2026八上期中历史,2,1
伊川县2025-2026八上期中地理,1,1
伊川县2025-2026八上期中生物,2,1
伊川县2025-2026六下期末,1,1
伊川县2025-2026六下期末数学,1,1
伊川县2025-2026六下期末英语,1,1
伊川县2025-2026六下期末语文,1,1
伊川县20252026年8年级上册期中历史,1,1
伊川县2025至20268上期中地理,2,1
伊川县2025至20268上期中生物,1,1
伊川县双语学校五年级下期末考试试卷,3,1
伊川县第一初级中学,1,1
伊川新初一分班试卷,5,1
伊春市第一中学,2,1
伊犁州,3,1
伊犁州伊宁市期末高二,4,1
伊犁州新源县八年级上册数学期末,3,1
伊犁州期末高二,5,1
伊犁州期间哦,1,1
伍家岗,4,1
优+全能大考卷五上北师大数学,3,1
优+学案,9,1
优+学案课时通 九年级上册数学（冀教版JJ），,6,1
优+密卷 八年级上册数学沪科版 第11章 平面直角坐标系素养提升检测卷,4,1
优+密卷 八年级上册数学沪科版 第11章 平面直角坐标系素养练习检测卷,2,1
优佳好卷,1,1
优佳好小升初,28,1
优佳学案,1,1
优佳学案配套试卷,1,1
优全能,1,1
优化探究 2026高考总复习 梁永华 晨光出版社,8,1
优化探究 2027 一轮复习 对应学科（语文/数学等）+版本（人教版/广东专版）,1,1
优化探究 2027 化学 人教版电子版,1,1
优化探究 一轮高三总复习英语 弼盛 济南出版社    2026版,2,1
优化探究2027高考总复习历史通史版,3,1
优化探究】2025-2026 物理必修第三册 人教版,2,1
优化探究物理,1,1
优化探究物理必修三,4,1
优化探究物理必修第三册,6,1
优化方案 2026电子版,1,1
优化方案 2026电子版英语,1,1
优化方案·速效作业 英语必修第三册,3,1
优化训练,5,1
优化设计 2026电子版,4,1
优化设计第二章,5,1
优化设计第二章试卷,2,1
优化设计第二章试卷数学人教版,1,1
优化设计课后评价,3,1
优干线,1,1
优干线七年级上册语文,3,1
优点英语,1,1
优点英语 听力,1,1
优秀作文,4,1
优秀作文 范文2026备考,4,1
优秀作文 范文2026备考__不等于____,1,1
优美语句,2,1
会宁一中,1,1
会昌中学,3,1
会泽县期末考试,1,1
会泽县期末考试高一,5,1
会泽县期末考试高一下学期数学试卷,2,1
会泽县茚旺高级中学,2,1
会考 20 24年普通高中学业水平考试,7,1
会考 2023年普通高中学业水平考试,1,1
会考化学,2,1
会考四川省,1,1
会考地理,128,1
会考政治,2,1
会考生物,1,1
会考真题,1,1
会考试卷,1,1
会考阿克苏地区地理和生物。,2,1
传统文化音乐,1,1
传送带 板块模型,1,1
传送带哈三中,1,1
传送带模型一轮复习,4,1
传送带模型习题,3,1
伴性遗传和人类遗传病,1,1
伽师县第一中学,10,1
位似,8,1
位似三角形测试题,3,1
位似多边形,3,1
位移卷子,1,1
位置与坐标练习题,1,1
体液调节与神经调节的关系,4,1
体积,1,1
体积奥数,3,1
体积容积单位的专项,2,1
体积小学,3,1
体积小学奥数,2,1
体考基础题,1,1
体育,2,1
体育与健康知识,1,1
体育课代表奔跑跳跃田径场,3,1
何清何涛,1,1
余姚,5,1
余姚七上入学考试,1,1
余姚七上分班考试,5,1
余姚入学考试,1,1
余姚八年级,6,1
余姚兰江中学,3,1
余姚冬营,1,1
余姚小升初,2,1
余姚市2025至2026学年第二学期小学期末学业质量评价卷英语,1,1
余姚市2025至2026学年第二学期小学期末学业质量评价卷语文,5,1
余姚市兰江中学新初一分班考试卷,1,1
余姚市初中入学考试卷,1,1
余姚市子陵中学新初一分班考试卷,1,1
余姚市子陵中学新生分班考试卷,10,1
余姚新7年级入学考试,8,1
余姚科学期末,1,1
佛山 022026一模,5,1
佛山 期末,3,1
佛山一中一模,5,1
佛山一模,1,1
佛山中考三模,2,1
佛山二上第一单元,1,1
佛山二年级第一单元,1,1
佛山二模,1,1
佛山二模语文,1,1
佛山五年级 下 数学 期末,1,1
佛山八年级数学期末,1,1
佛山八年级语文期末考试,1,1
佛山化学,4,1
佛山南海区四年级上册数学,1,1
佛山南海区桂城,12,1
佛山市,52,1
佛山市 南海区 2026 八下数学期末卷答案,1,1
佛山市 南海区 2026 八下期末卷答案,3,1
佛山市026普通高中教学质量检测二,4,1
佛山市2022 2023高一下学期统考卷,5,1
佛山市2025-2026高二,1,1
佛山市7年级下册道法,1,1
佛山市七年级下学期英语期末,4,1
佛山市华英学校分班考试,11,1
佛山市南海区2025?2026高一上 初高中衔接素养测试,4,1
佛山市南海区高三摸底考试,11,1
佛山市第一中学,1,1
佛山市顺德区2023_2024学年第二学期期末数学卷,1,1
佛山市顺德区2023_2024学年第二学期期末数学教学质量检测,3,1
佛山市高一5月,1,1
佛山市高一期末考试,10,1
佛山市高二期末供题训练2026年7月英语,2,1
佛山期中,6,1
佛山期末/期中一考八年级,3,1
佛山统考,1,1
佛山质量检测2,4,1
佛山超盈实验中学,1,1
佛山高一上10月月考,1,1
佛山高一上月考,1,1
佛山高一单元卷,1,1
佛山高一单元卷上学期,1,1
佛山高一单元卷上学期化学,2,1
佛山高一月考,2,1
佛山高中,2,1
佛山高二下,2,1
佛山高考生物,5,1
作业02函数及有关性质（1）专练-2026届高三数学一轮复习,5,1
作业04 文言文阅读,5,1
作业04 文言文阅读高一,1,1
作业06定语从句重难点突破,3,1
作业08对数与对数函数,2,1
作业与对数函数,3,1
作业对数与对数函数,2,1
作业贵州数学高二第一单元,1,1
作图题,1,1
作图题英语,1,1
作文 素材,2,1
作文 素材 026 年 人物汇总,1,1
作文 素材 本溪高中,2,1
作文 范文,1,1
作文 藏在日常里的温暖,3,1
作文 题目2026模拟,10,1
作文升格,2,1
作文审题立意,1,1
作文审题立意高中作文,2,1
作文我青春里有什么,1,1
作文是少年强则国强给朋友写一封信的卷子,2,1
作文汇编,3,1
作文真题汇编,11,1
作文稿纸,3,1
作文竟然还有一条路,2,1
作文素材开头结尾,5,1
作文素材积累2026,3,1
作文素材积累语文,5,1
作文素材高中,3,1
作文范文语文,5,1
作文题合集,1,1
作文题目,1,1
作文高一,1,1
作文高一语文,1,1
作用题学案,1,1
你025高一上学期第一次月考县重点化学,3,1
你025高一上学期第一次月考辽东南协作体,1,1
你025高一上学期第一次月考辽东南协作体化学,3,1
你也炫2024年下期期中质量监测试卷,1,1
你妈,1,1
你帮我搜一下2026年6月浙江省普通高校招生选考预测卷历史。,1,1
你是人还是男人,3,1
佩佩教育,4,1
佳一中,1,1
佳县龙岗中学,2,1
佳木斯,6,1
佳木斯一中开学考,1,1
佳木斯一中政治,1,1
佳木斯一中政治期末,3,1
佳木斯一中高一入学,1,1
佳木斯一中高一数学,1,1
佳木斯一中高一期末数学,2,1
佳木斯二中,2,1
佳木斯市第三中学,12,1
佳木斯第,1,1
佳木斯第一中学高一下期末,1,1
佳木斯第十中学,1,1
佳木斯第十二,4,1
例析与指导,1,1
供题,7,1
依安县,5,1
侵犯他人肖像权,7,1
俄语 2026高考试卷真题,3,1
俄语前置词专项练习,5,1
保定一中,1,1
保定一模,5,1
保定二模 2026数学,2,1
保定市2025-2026学年高三第一学期期末调研考试,1,1
保定市高新区,4,1
保定摸底,2,1
保定期末,2,1
保定期末高二下学期,1,1
保定泽龙,3,1
保定第一,1,1
保定第一中学,1,1
保定莲池区,6,1
保定高一,21,1
保定高一期末六校联考,4,1
保定高三,2,1
保山会通用技术考2026平7月份卷,3,1
保山市,3,1
保山市2025 2026,1,1
保山市2025～2026,1,1
保山市2025～2026期末,3,1
保山市第1中学,1,1
保护地球家园 导学案,3,1
保护地球家园 导学案 科教版,1,1
保靖县,9,1
俞进春,1,1
信仰高中,1,1
信宜中学,3,1
信宜中学高二,2,1
信息人教版会考,1,1
信息人教版会考上海,1,1
信息分子ABCDE,2,1
信息合格考回忆版,5,1
信息合格考回忆版2026,3,1
信息技术会考,4,1
信息科技,3,1
信息科技人教版会考上海,1,1
信息科技人教版会考上海初中,27,1
信息类文本阅读基础题,4,1
信阳2025-2026八上期中英语,1,1
信阳2025-2026八上期末英语,1,1
信阳一模化学,1,1
信阳一高,4,1
信阳四高,4,1
信阳小升初分班考英语,1,1
信阳小升初狮河中学2026,1,1
信阳市八年级上册物理期中考试卷,1,1
信阳市初二数学,3,1
信阳市商城县初二数学,2,1
信阳市固始县高二下期末质量检测,1,1
信阳市浉河中学七年级下册数学期末考试,1,1
信阳市浉河中学七年级下册数学真卷,1,1
信阳市浉河中学七年级第二次月考数学真卷,1,1
信阳市高一上期期中考试,5,1
信阳市高一下学期期中考试,3,1
信阳市高一下学期期末考试,1,1
信阳市高一下期末物理,10,1
信阳市高二下期末质量检测,2,1
信阳平桥2025-2026八上期中英语,1,1
信阳浉河中学七年级,1,1
信阳羊七年级,1,1
信阳羊山七年级,1,1
信阳高三化学,6,1
信阳高中英语,6,1
信阳高二下期末,11,1
信阳高级中学,2,1
信阳高级中学高一上开学考,2,1
信高贤岭开学测试卷,1,1
俩位数除俩位数,3,1
修改 病句,1,1
修改病句专项训练,5,1
修改病句练习,6,1
修辞手法,7,1
倍半角关系专题,2,1
倍的认识,2,1
倍角,1,1
倍角模型,2,1
倍长中线,8,1
倍长中线模型,1,1
倒角,1,1
借代,5,1
值域,10,1
倾斜角与斜率,10,1
假期作业,10,1
假期作业八 中国古代史创新大课堂暑假作业,7,1
假模拟试卷（三) 湖北黄冈市 2025-2026 学年下学期高一年级期末考试英语试题,1,1
做功热传递练习题。,4,1
做题技巧,7,1
健康讲座,1,1
催化剂,2,1
催化剂描述,1,1
儋州一中开学考,1,1
儋州市2026年高二期末学业质量监测题,7,1
儋州市第一中学,2,1
儋州市第三中学,2,1
儋州市第二中学,2,1
儋州市高二下学期期末,5,1
儋州高二数学,1,1
元宝山,2,1
元月,4,1
元杂剧,3,1
元杂剧的知识点,1,1
元洪,1,1
元洪中学,1,1
元素周期 表,1,1
元素周期 表 初中背诵,4,1
元素周期 表表格,2,1
元素周期表专题,10,1
元素周期表彩色,3,1
元素周期表默写版,6,1
元调,2,1
充分 必要 充分必要条件一轮复习,3,1
充分必要条件,13,1
充分条件 必要条件的含参问题,2,1
充分条件和必要条件,1,1
充放气问题,2,1
兆麟中学,1,1
光,1,1
光 全反射,5,1
光 学20224复习专题二轮复习,5,1
光合作业呼吸作用综合练习',1,1
光合作用,6,1
光合作用与细胞呼吸综合,1,1
光合作用和呼吸作用,6,1
光合呼吸大题,5,1
光合呼吸综合,3,1
光合速率计算题,2,1
光和眼睛,1,1
光山二高,3,1
光明高中,2,1
光明高级中学高一数学,3,1
光正,1,1
光电效应 波粒二象性,1,1
光电效应 波粒二象性 三 黑吉辽蒙一模二模原题,1,1
光电效应 波粒二象性 图像题 2026高三 黑吉辽蒙一模二模原题,3,1
光电效用,1,1
光电科学与工程,1,1
光的世界单元测,7,1
光的反射做图训练营,1,1
光的直线传播,2,1
光谷东湖高新区语文试卷,1,1
光谷东湖高新区语文试卷八下,1,1
光谷十一小,6,1
光谷十一小六年级上英语书课件,1,1
光谷实验中学,43,1
光谷实验英语,1,1
光谷实验英语九年级,2,1
克州第二中学,1,1
克州第二中学高中,1,1
克拉玛依市小升初考试,2,1
克拉玛依市第五中学,1,1
克拉玛依第一中学,4,1
免费 20245 中考 模拟题,1,1
免费 试卷,1,1
免费2026,26,1
免费26,3,1
免费PPT,1,1
免费下载2026年中考试卷,3,1
免费下载试卷,7,1
免费专区试卷,10,1
免费专区试卷遗传,3,1
免费初中数学,5,1
免费字帖,2,1
免费师生分享,1,1
免费打印版试卷数学四川省,1,1
免费编程,3,1
免费编程C++,2,1
免费编程，Cigarette,1,1
免费试卷10月,3,1
免费试卷下载,4,1
免费试卷数学四川省,3,1
免费课后练习,2,1
免费预习,5,1
免费高一物理第一章练习题,3,1
兖州区,22,1
兖州区2025到2026年度听力试题,3,1
兖州实验高级中学,5,1
入团志愿书PDF,1,1
入学分班考安徽,3,1
入学分班考安徽英语,4,1
入学分班选拔考试,18,1
入学测,13,1
入学测试四川眉山洪雅中学高一,1,1
入学测试四川眉山洪雅县中学,1,1
入学测试四川眉山洪雅县中学高一,5,1
入学测试四川眉山高一,1,1
入学测试四川高一,1,1
入学考 高一,9,1
入学考双十,1,1
入学考英语高一长沙,3,1
入学考试 高中,1,1
入学考试 高中 高一上,10,1
入学考试 高中 高一麓山,1,1
入学考语文高一长沙,1,1
入学高一分班考 湖南怀化,1,1
入门测,2,1
全一卷化学,1,1
全反力,1,1
全反射题,4,1
全品七年级下册期末学业质量评测,4,1
全品七年级英语上册 Unit1 核心素养评价卷2026冀教版,1,1
全品七年级英语上册 Unit1 核心素养评价卷冀教,2,1
全品作业本九年级上册数学,1,1
全品作业本英语八下,2,1
全品基础小练习,3,1
全品学练考八年级英语,1,1
全品学考练 高中英语 选择性必修第二册 BS,4,1
全品小练习,3,1
全品智能作业,1,1
全品智能作业 高中英语 选择性必修第二册 WY（外研版2019）,2,1
全品智能作业电子版,2,1
全品模拟卷,1,1
全品背记本,1,1
全品高考复习方案政治,6,1
全品高考复习方案数学,1,1
全囯01卷 2026 高考语文真题,3,1
全囯02卷 2026 高考英语真题,5,1
全囯02卷高考题,1,1
全囯1卷 2026 高考,16,1
全囯1卷2024高考,1,1
全囯1卷2026,1,1
全囯1卷2026高考,2,1
全囯2卷,3,1
全囯一卷2026高考数学,4,1
全囯二卷,3,1
全囯卷导数,2,1
全国 1 高考卷英语,2,1
全国 一卷,1,1
全国 一卷 数学2026,1,1
全国 一卷 数学2026真题,1,1
全国 一卷高考 数学2026真题,1,1
全国100名校单元测试示范卷,1,1
全国100名校单元测试示范卷2026,2,1
全国1卷2022,4,1
全国1卷物理,1,1
全国1卷语文2025,1,1
全国2026年普通高等学校招生全国统一考试语文,5,1
全国2026新高考1卷语文,1,1
全国2卷化学2023河北,1,1
全国2卷高考物理,4,1
全国G20,1,1
全国G8,1,1
全国T4,1,1
全国T8联考,38,1
全国一加2020年高考地图,3,1
全国一卷 语文2026,3,1
全国一卷2025,1,1
全国一卷2025语文,1,1
全国一卷2026物理,1,1
全国一卷2026物理广东,2,1
全国一卷化学,1,1
全国一卷化学2026年,3,1
全国一卷政治,1,1
全国一卷数学2025年高考真题答案,1,1
全国一卷绝对值,1,1
全国一卷自测卷,4,1
全国一卷英语,2,1
全国一卷英语2 026高考,3,1
全国一卷语文,1,1
全国一卷语文2025年高考真题答案,1,1
全国一卷语文2026,2,1
全国一卷语文作文,4,1
全国一卷高考一轮复习培优调研检测卷英语,5,1
全国一轮复习,59,1
全国一轮复习数学知识清单,7,1
全国一轮复习数学知识清单专题,20,1
全国一轮复习数学知识清单专题03,3,1
全国一轮复习数学知识清单专题23,1,1
全国一轮复习物理知识清单,26,1
全国一轮复习物理知识清单专题23,2,1
全国一轮复习重难点培优,5,1
全国一轮复习高中物理 力学,2,1
全国一轮复习高考数学知识清单专题,5,1
全国三轮冲刺,9,1
全国中学生初赛物理,1,1
全国中学生数学奥林匹克竞赛,4,1
全国中学生数学奥林匹克联赛,1,1
全国中学生物理初赛,1,1
全国中学生物理竞赛,1,1
全国中学生物理竞赛预赛江苏,1,1
全国中学生生物学联赛,10,1
全国中学生生物竞赛,2,1
全国乙卷,3,1
全国乙卷2026年英语卷,1,1
全国乙卷真题重组卷,1,1
全国九省联考,3,1
全国二,1,1
全国二卷2026,1,1
全国二卷2026 英语,1,1
全国二卷古诗词默写,1,1
全国二卷地理,2,1
全国二卷地理2026,4,1
全国二卷高考卷数学,3,1
全国二卷高考数学,1,1
全国二轮专项,3,1
全国二轮复习专题,2,1
全国二轮复习专题大题,3,1
全国初中数学二试,20,1
全国初中数学竞赛,12,1
全国初中数学联赛 二试,7,1
全国初中数学联赛二试,1,1
全国初中数学联赛（2016–2018 真题套卷,1,1
全国卷1英语,1,1
全国卷2,5,1
全国卷二2026英语,2,1
全国卷二2026语文,3,1
全国卷湖北,5,1
全国名校联盟2026届,2,1
全国名校联盟2026届高三联合开学摸底考试语文,3,1
全国奥林匹克数学竞赛2025,2,1
全国奥林匹克数学竞赛2026,2,1
全国奥林匹克数学竞赛2026广东初赛,4,1
全国奥林匹克物理预赛,4,1
全国数学,1,1
全国数学竞赛一试,1,1
全国数学竞赛四年级,3,1
全国数学联赛,4,1
全国新授课,3,1
全国新高考2卷语文,2,1
全国新高考二卷语文2025,1,1
全国比较权威的数学化学物理竞赛原题初中,8,1
全国港澳台华侨联考真题,1,1
全国物理决赛试题,1,1
全国生物决赛,1,1
全国生物联赛,18,1
全国生物联赛河南,1,1
全国生物联赛河南赛区,1,1
全国甲卷,1,1
全国甲卷数学,1,1
全国甲卷物理,2,1
全国甲理2021年,4,1
全国百强校,9,1
全国竞赛,2,1
全国第42届高中物理复赛题,1,1
全国联赛一卷,3,1
全国英语2025高考二卷,1,1
全国语文一二卷,1,1
全国语文一二卷2026,1,1
全国语文一二卷2026真题,1,1
全国语文一二卷2026真题青海,1,1
全国语文高考一卷,3,1
全国课标卷,1,1
全国通用,5,1
全国通用一轮复习物理力的练习题,3,1
全国通用一轮复习物理力的练习题高中,4,1
全国通用一轮复习物理力的练习题高中静力学,2,1
全国通用一轮复习高中化学有机部分,8,1
全国通用一轮复习高中生物,1,1
全国通用一轮复习高中生物光合作用,3,1
全国通用专项训练一轮复习讲练测,31,1
全国重点高中提前招生同步强化 全真试卷(四) 二次函数的应用,5,1
全国重点高中提前招生教材,6,1
全国重点高中提前招生考试试卷,2,1
全国重点高中自主招生。,1,1
全国重点高中自主招生数学,2,1
全国高2027一轮复习,4,1
全国高2027一轮复习地理等高线,16,1
全国高2027一轮复习地理等高线地形,14,1
全国高三一轮复习数学三角函数,14,1
全国高三一轮复习数学立体几何,15,1
全国高中数学联赛一试预赛,6,1
全国高中数学联赛真题汇编,2,1
全国高中数学联赛预赛,8,1
全国高中生数学,1,1
全国高考1卷英语,1,1
全国高考2卷语文试题,1,1
全国高考一卷,12,1
全国高考一卷数学,3,1
全国高考一卷语文,1,1
全国高考乙卷政治,1,1
全国高考二卷与数学2026,3,1
全国高考二卷英语,3,1
全国高考卷数学2025,2,1
全国高考卷数学2026新疆,1,1
全国高考就,1,1
全国高考政治,3,1
全国高考政治题,1,1
全国高考数学卷,1,1
全国高考语文,3,1
全国高考题2026,1,1
全州,3,1
全州高中,1,1
全托,1,1
全效学习七年级下册数学浙教版,1,1
全效学习必修一,1,1
全效学习必修一化学,1,1
全效学习数学,4,1
全效学习英语高考,1,1
全概率,3,1
全概率公式,3,1
全球发展倡议,3,1
全球奥林匹克数学竞赛,1,1
全球奥林匹克数学竞赛lmo,3,1
全称：2026届高考语文复习《基础小题天天练》,10,1
全称：重庆两江新区西南大学附属中学校 高2026届强化训练1,3,1
全等 100道全等三角形专题,4,1
全等三角形专项,3,1
全等三角形专题,4,1
全等三角形专题练习大题,1,1
全等三角形举一反三单元自测,3,1
全等三角形九大模型,1,1
全等三角形九大模型人教版,6,1
全等三角形倍长中线,1,1
全等三角形动图,1,1
全等三角形北师大,1,1
全等三角形华师大,7,1
全等三角形小题,1,1
全等三角形手拉手,3,1
全等三角形概念与性质 课后巩固作业卷,4,1
全等三角形模型,7,1
全等三角形模型 八大题型,2,1
全等三角形的概念及其性质 暑假预习卷（基础版）,10,1
全等三角形证明30题,1,1
全等三角形证明题,9,1
全等三角形证明题培优,6,1
全等三角形试卷,4,1
全等三角形配套练习,5,1
全频道八上,1,1
全频道课课练八上,4,1
八,4,1
八0 八省联考T8,2,1
八一期末,1,1
八上 0 古诗文言文,2,1
八上 0 古诗文言文 江苏,2,1
八上 0 古诗文言文资料,4,1
八上 期末测试卷,1,1
八上 语文 专项,13,1
八上三角形几何拔高题,3,1
八上二次根式的运算 1元二次方程,3,1
八上二次根式的运算二元一次方程的解法,2,1
八上人教版,1,1
八上人教版英语阅读理解及完形填空,5,1
八上人教版道法课本,4,1
八上仁爱英语作文,2,1
八上全等三角形做辅助线,2,1
八上全等三角形辅助线,11,1
八上八下英语外研版全册语法,15,1
八上册数学期末试卷长沙,10,1
八上几何压轴,13,1
八上分式,4,1
八上北师大数学一次函数应用,2,1
八上北师大数学计算,3,1
八上华东师大版数学,5,1
八上华东师大版数学数的开方,2,1
八上单词,6,1
八上历史,1,1
八上历史书,3,1
八上历史新版全册单元思维导图,1,1
八上历史期中复习提纲,3,1
八上历史期末考试卷福建,2,1
八上历史真题,1,1
八上历史知识点,2,1
八上历史第5课，甲午中日战争与列强瓜分中国狂潮,2,1
八上历史讲解视频,3,1
八上名师测控数学北师大版,3,1
八上名师测控物理北师大版,1,1
八上名师测控甘肃英语,3,1
八上名师测控英语默写书册,1,1
八上地理月考卷,4,1
八上地理期末考试卷福建,1,1
八上地理试卷,2,1
八上地理试卷，地形山脉,1,1
八上外研英语分层练习,3,1
八上山东乐陵开元英语收心考试题,6,1
八上山东乐陵开元英语月考考试题,1,1
八上平方根表和立方拫表,1,1
八上必备古诗文,6,1
八上政治知识点统编版,9,1
八上政治知识点背诵统编版,2,1
八上政治课时练,2,1
八上教材,2,1
八上数学1章练习,3,1
八上数学一飞冲天答案,10,1
八上数学三角形单元检测人教版,1,1
八上数学人教版,3,1
八上数学人教版前三章知识点,5,1
八上数学人教版前三章知识点整理,1,1
八上数学几何压轴题,3,1
八上数学北师大,1,1
八上数学北师大版第一单元测试卷,2,1
八上数学华师大,3,1
八上数学华师大三角形,6,1
八上数学单元测试卷 人教板,3,1
八上数学压轴题,6,1
八上数学天衢新区,6,1
八上数学德州期末,4,1
八上数学新课程能力培养,1,1
八上数学暑假提升作业,1,1
八上数学期中卷,2,1
八上数学期中卷绵阳,1,1
八上数学期中考试试卷市中区,1,1
八上数学期中考试试卷枣庄市市中区,3,1
八上数学期末试卷,4,1
八上数学期末遂宁,8,1
八上数学福建期中考,1,1
八上数学福建期末考,5,1
八上数学福建第三次月考,2,1
八上数学竞赛,1,1
八上数学第1章练习北师大版,3,1
八上数学第一单元,5,1
八上数学第一单元测试卷,7,1
八上数学第一次月考辽宁鞍山,1,1
八上数学第二单元测试卷,1,1
八上数学第二单元测试卷北师大版,1,1
八上数学第二单元测试卷北师大版福建专用,1,1
八上数学考试卷福建,5,1
八上数学考试宜兴第一次月考,28,1
八上数学考试无锡第一次月考,10,1
八上数学计算,1,1
八上数学辽宁,1,1
八上数学部分区期中,1,1
八上数学预习,2,1
八上新版本译林第三单元,4,1
八上新版本译林第三单元ppt,1,1
八上新版本译林英语第三单元ppt,1,1
八上月考,5,1
八上期中子联盟,3,1
八上期中子联盟数学,13,1
八上期中宝应,1,1
八上期中数学,28,1
八上期中试卷,13,1
八上期中试题。,8,1
八上期末,1,1
八上期末地理,2,1
八上期末汇总版必背清单,4,1
八上期末试卷,1,1
八上椒江数学期末卷,1,1
八上永城市,2,1
八上沪科版一次函数试卷,7,1
八上物理1 1习题,1,1
八上物理1.2测量单位同步练习,3,1
八上物理1单元卷,3,1
八上物理光现象试卷,7,1
八上物理单元测试,1,1
八上物理压轴,1,1
八上物理平面镜成像练习题,4,1
八上物理必背知识点,1,1
八上物理月考,1,1
八上物理期中卷江苏省宿迁市泗洪县,8,1
八上物理期中天津河西区,5,1
八上物理期中福清,1,1
八上物理期中考试卷福建,3,1
八上物理期中考试试卷市中,1,1
八上物理期中考试试卷市中区,4,1
八上物理期中考试试卷滕州,5,1
八上物理期中考试试卷薛城,6,1
八上物理期中黑龙江牡丹江,21,1
八上物理期末考试卷福建,3,1
八上物理期末试卷,10,1
八上物理期末题,1,1
八上物理期末题武汉,6,1
八上物理机械运动,4,1
八上物理沪教版,1,1
八上物理沪教版必刷题,1,1
八上物理沪科版大小卷,2,1
八上物理沪粤,1,1
八上物理知识点汇总,1,1
八上物理知识点讲义,2,1
八上物理第一单元人教,4,1
八上物理第一单元测验题,1,1
八上物理第一次月考,1,1
八上物理第一次月考山东聊城,2,1
八上物理第一次月考辽宁鞍山,5,1
八上物理第四章,4,1
八上物理考试卷福建,1,1
八上物理苏科版,1,1
八上物理苏科版卷子,1,1
八上物理透镜,1,1
八上生物,7,1
八上生物期中,16,1
八上生物第1章,7,1
八上生物第五单元第六章,2,1
八上生物练习,3,1
八上生物练习第一课,2,1
八上福建,1,1
八上福建数学,5,1
八上科学 第一,1,1
八上科学力,2,1
八上科学单元卷,2,1
八上第一单元单元检测,2,1
八上第一次月考,1,1
八上第十五中学数学,3,1
八上英语 单词背诵默写2026,2,1
八上英语53试卷第一次月考前3单元综合,3,1
八上英语人教版单词,4,1
八上英语人教版单词默写,5,1
八上英语人教版语法练习,1,1
八上英语仁爱,8,1
八上英语单词表2026新版译林出版社,11,1
八上英语期中,5,1
八上英语期中考试卷,1,1
八上英语期中考试卷福建,3,1
八上英语期末考试卷福建,3,1
八上英语沪教,4,1
八上英语沪教知识梳理,1,1
八上英语沪教预习,1,1
八上英语沪教预习全部,1,1
八上英语电子版书,1,1
八上英语福田区期末试卷,1,1
八上英语第二单元卷,2,1
八上英语试卷,5,1
八上英语语法,3,1
八上英语课本电子版,7,1
八上英语阅读理解,3,1
八上英语鲁教新,19,1
八上英语鲁教版,2,1
八上英语，53试卷,3,1
八上计算,1,1
八上计算北师大,3,1
八上译林出版社英语默写清单,1,1
八上试卷语文,6,1
八上语文,2,1
八上语文三峡课文预习,1,1
八上语文书电子版,1,1
八上语文作文,3,1
八上语文古,1,1
八上语文古诗文,2,1
八上语文古诗文山东,1,1
八上语文名著,2,1
八上语文名著天津,1,1
八上语文月考试卷,1,1
八上语文期中水平测试卷,5,1
八上语文期中考试卷福建,2,1
八上语文期末考试卷福建,2,1
八上语文期末试卷,8,1
八上语文期末辽宁,4,1
八上语文第一单元,11,1
八上语文第一次月考卷,9,1
八上语文阅读理解,3,1
八上课外课外阅读理解语文,6,1
八上课外阅读理解,1,1
八上辽宁第一次月考鞍山,2,1
八上辽宁第一次月考鞍山物理,2,1
八上运动的描述,3,1
八上道德与法治课时练,2,1
八上道法一课一练,3,1
八上道法知识点,5,1
八上道法课本,7,1
八上重庆二外周测卷,1,1
八上阅读理解,3,1
八上阅读语文,2,1
八上预习英语,5,1
八上题纲,4,1
八下 政治背诵核心知识点,1,1
八下 数学2025 2026期末测试 卷,12,1
八下 数学2025 26期末测试,3,1
八下 数学2025 26期末测试湖南,2,1
八下 数学2025 26期末测试湖南邵阳,4,1
八下 期末数学2026期末试卷,16,1
八下 期末测试卷,1,1
八下 物理,1,1
八下 物理 2025 26期末测试 卷,5,1
八下 物理 2025 26期末测试 卷河北,9,1
八下 英语 2026期末测试 卷,9,1
八下2026一2027期末数学试卷山东省泰安市新弄巿,4,1
八下2026期末数学试卷山东省泰安市新弄巿,3,1
八下五单元英语默写小条,1,1
八下人教版,1,1
八下人教版历史,3,1
八下人教版历史开卷考,5,1
八下人教版历史思维导图,3,1
八下全品作业本数学,5,1
八下几何压轴,1,1
八下几何大题,5,1
八下北京英语期末试卷,7,1
八下北师大版数学,11,1
八下单词默写外研,2,1
八下单词默写版,3,1
八下历史 期末测试卷天津,19,1
八下历史第二单元考试,16,1
八下听力校本作业,1,1
八下地理月考卷,3,1
八下政治期末饶平县,3,1
八下数学人教版培优讲义,1,1
八下数学压轴,9,1
八下数学期中饶平县,3,1
八下数学期末,2,1
八下数学期末房山,1,1
八下数学期末考试兰州,3,1
八下数学期末试卷张家界永定区,3,1
八下数学期末试卷聊城,1,1
八下数学期末遂宁,1,1
八下数学枣庄滕州期末考试题,1,1
八下数学竞赛,9,1
八下数学第一章试卷,1,1
八下数学第二十章一次函数基础通关,3,1
八下数学课时作业本人教版,1,1
八下数学课时作业本人教版期末测试卷,4,1
八下数学陕西,9,1
八下无棣县期末考试试卷数学,3,1
八下春季 阶段性测试,10,1
八下期末数学试卷,2,1
八下期末数学重庆,1,1
八下期末数学重庆一中,2,1
八下期末考试化学,3,1
八下期末考试卷2023-2024佛山市顺德区,4,1
八下期末考试数学,6,1
八下期末考试物理,15,1
八下期末试卷天津,1,1
八下期末试卷天津部分区,1,1
八下期末试卷天津部分区2026数学,1,1
八下期末试卷天津部分区数学,4,1
八下期末语文试卷,4,1
八下物理,11,1
八下物理 东湖高新区,4,1
八下物理2024河北期末卷,2,1
八下物理2024河西天津期末卷,1,1
八下物理2025河北期末卷,3,1
八下物理厦门,3,1
八下物理摩擦力专项练习,1,1
八下物理教材,4,1
八下物理期中 东湖新技术开发区,3,1
八下物理期中 东湖高新区,2,1
八下物理期末,1,1
八下物理期末试卷饶平县,2,1
八下物理期末青岛,3,1
八下物理期末青岛李沧区,1,1
八下物理期末题,1,1
八下物理期末题武汉,5,1
八下物理期末题随州,5,1
八下物理槐荫区,1,1
八下物理槐荫区期末,1,1
八下物理沪科版单元测试卷,7,1
八下物理沪科版单元测试卷杠杠,1,1
八下物理沪科版测试卷杠杠,1,1
八下物理计算题,6,1
八下物理选择题,2,1
八下生物,1,1
八下第二单元语文,2,1
八下英语人教  单词,4,1
八下英语人教版单词表电子版,2,1
八下英语作文,1,1
八下英语填写词语的适当形式,1,1
八下英语完形填空,10,1
八下英语完形填空带答案,4,1
八下英语情景对话题,1,1
八下英语期末卷人教版简单,3,1
八下英语期末考试,1,1
八下英语期末考试遂宁,4,1
八下英语汉译英,2,1
八下英语陕西,1,1
八下英语默写小条,1,1
八下西宁政治期末试卷,1,1
八下计算复习专题期末,2,1
八下计算复习专题期末济南,1,1
八下语文 江汉区期末,1,1
八下语文期末水平测试卷,1,1
八下语文西湖区,5,1
八下长兴一中英语培优试劵,4,1
八中 重庆2026,1,1
八中 重庆入学,2,1
八中 重庆开学考,3,1
八中初二上数学,5,1
八中小升初择校题,1,1
八中期末,1,1
八中物理,1,1
八中真题卷,1,1
八中第一次,2,1
八中衡阳,5,1
八中重庆,2,1
八中高一上物理卷子,1,1
八中高二上生物,1,1
八中高二下生物,2,1
八中高二下生物月考,1,1
八中高二下生物期中,4,1
八二一高一开学分班考,1,1
八仙作文,2,1
八区联考地理高一广州,1,1
八区联考语文高二广州期末考上,5,1
八区联考高二下,7,1
八区联考高二下广州,6,1
八十一,3,1
八十中,1,1
八十九,1,1
八升九 2025年新九年级物理暑假每日一练,1,1
八升九暑假提优卷,1,1
八县,13,1
八大基础时态单选练习,3,1
八大定理,1,1
八奈见,1,1
八年上科学第一单元测试,3,1
八年极一次函数,1,1
八年极一次函数范围问题,4,1
八年汉译英,2,1
八年汉译英1600词,1,1
八年級,11,1
八年級 2026年上册 期末考试,1,1
八年級 2026年上册 期末考试数学,3,1
八年級 2026年上册 期末考试语文,2,1
八年級 2026年下册 期末考试,1,1
八年級 2026年下册期末考试数学,1,1
八年級 2026年下册期末考试数学广东中山,19,1
八年級 第二学期期末数学平凉四中,3,1
八年級下冊期末考,2,1
八年级 上册 英语单词表,3,1
八年级 上册期末语文卷子,7,1
八年级 下册数学期末测试卷,2,1
八年级 物理基础知识点背诵,1,1
八年级一元二次方程计算题专项练习,4,1
八年级一次函数单元专题复习,3,1
八年级上一次函数单元卷,1,1
八年级上下册全册,2,1
八年级上册 物理人教版,4,1
八年级上册 英语单词单词表 人教版,7,1
八年级上册10月自主作业,1,1
八年级上册2025年中雅培粹第一次月考英语,5,1
八年级上册2026年,7,1
八年级上册。道德与法治课堂笔记,1,1
八年级上册人教版一遍过,1,1
八年级上册人教版政治课本,1,1
八年级上册人教版数学第1单元试卷,5,1
八年级上册人教版物理第一单元测试题,13,1
八年级上册作文范文,2,1
八年级上册函数试卷,12,1
八年级上册北师大。,1,1
八年级上册北师大版数学第二章实数混合运算练习题,8,1
八年级上册北师大版物理第一章测试卷,5,1
八年级上册华师大版数学单元金卷。,4,1
八年级上册单词变形,1,1
八年级上册南京期末联合体2024～2025学数学,5,1
八年级上册古诗默写,4,1
八年级上册吉林省长春市数学期中,4,1
八年级上册名校联盟10月自主作业,6,1
八年级上册名校联盟数学10月自主作业,1,1
八年级上册唐山市人教版物理月考卷,9,1
八年级上册地理1.1中国的疆域,7,1
八年级上册地理1.1中国的疆域习题,1,1
八年级上册学期数学华东师大版期中考试卷,7,1
八年级上册安徽数学答题卡,5,1
八年级上册安徽省宣城市第六中学期中试卷数学,8,1
八年级上册张家口市桥西区,35,1
八年级上册手绘拆解几何,3,1
八年级上册数学13 1章三角形的概念,2,1
八年级上册数学14章全等三角形难题,15,1
八年级上册数学PPT,1,1
八年级上册数学一次函数单元卷,2,1
八年级上册数学三角形练习题,1,1
八年级上册数学三角形练习题人教版,1,1
八年级上册数学人教版,2,1
八年级上册数学人教版第2单元测试卷,7,1
八年级上册数学人教版第一次月考,14,1
八年级上册数学人苏科版勾股定理,6,1
八年级上册数学全品,7,1
八年级上册数学全等三角形,2,1
八年级上册数学几何手绘图,2,1
八年级上册数学分式定义提高人教版,2,1
八年级上册数学分式提高人教版,6,1
八年级上册数学分式的约分提高人教版,1,1
八年级上册数学北师大版第一单元试卷,5,1
八年级上册数学北师大版第一章练习题,1,1
八年级上册数学卷子,24,1
八年级上册数学张家口市桥西区,10,1
八年级上册数学整式的除法提高人教版,2,1
八年级上册数学新教材全等三角形,2,1
八年级上册数学期中考试,16,1
八年级上册数学期末,1,1
八年级上册数学期末卷,7,1
八年级上册数学期末考试,2,1
八年级上册数学期末试卷人教版,16,1
八年级上册数学武陟县,3,1
八年级上册数学测试卷,4,1
八年级上册数学笔记,1,1
八年级上册数学第2单元函数的名校课堂试卷,1,1
八年级上册数学第2单元函数的回忆一加1试卷,1,1
八年级上册数学第2单元函数的活页一加1试卷,2,1
八年级上册数学第一单元三角形,1,1
八年级上册数学第二单元,2,1
八年级上册数学第十三章测试卷,2,1
八年级上册数学等边三角形提高人教版,3,1
八年级上册数学练习卷,1,1
八年级上册数学试卷,1,1
八年级上册数学试卷第1单元,1,1
八年级上册数学轴对称垂直平分线平分人教版,13,1
八年级上册数学重难点提高可打印含答案,5,1
八年级上册数学青岛版分式与比的那个数学试卷,4,1
八年级上册数学，三角形,3,1
八年级上册方程组计算,5,1
八年级上册期中数学安徽淮北,1,1
八年级上册期中试卷,20,1
八年级上册期末卷北师大版,6,1
八年级上册期末数学安徽淮北,3,1
八年级上册沪科版,3,1
八年级上册沪科版数学,11,1
八年级上册物理2024至2025山东省曲阜市,16,1
八年级上册物理分层作业配套练习（同步课时分层练）,3,1
八年级上册物理分层作业配套练习（同步课时分层练）给我找出封面,1,1
八年级上册物理北师大版,2,1
八年级上册物理华兴学校沪科技粤教版自测,1,1
八年级上册物理华星学校沪科技粤教版自测,1,1
八年级上册物理南开区,5,1
八年级上册物理基础知识点背诵,1,1
八年级上册物理学易金卷河南,1,1
八年级上册物理期末题泰安泰山,1,1
八年级上册物理期末题泰安肥城,1,1
八年级上册物理河西区,1,1
八年级上册物理第一章练习题 人教版,1,1
八年级上册物理第三章练习题 人教版,1,1
八年级上册物理第二章,1,1
八年级上册物理第二章声音,1,1
八年级上册物理第二章声音笔记,1,1
八年级上册物理第四章练习题 人教版,8,1
八年级上册物理讲解视频第1课。,7,1
八年级上册生物,1,1
八年级上册生物人的免疫防线,1,1
八年级上册生物人苏科版的免疫防线,3,1
八年级上册生物人苏科版的血液,3,1
八年级上册生物北师大版,2,1
八年级上册生物知识点,1,1
八年级上册生物第四单元第六章,2,1
八年级上册社会单元卷,3,1
八年级上册社会浙江单元就是,2,1
八年级上册福州月考卷,66,1
八年级上册第13章三角形，试卷,9,1
八年级上册第1单元物理试卷,1,1
八年级上册第1单元物理试卷 武汉市武昌区,1,1
八年级上册第3单元第4单元单词变形题,7,1
八年级上册第一单元英语,5,1
八年级上册第一单元语文测试卷,1,1
八年级上册第一次月考北京市,8,1
八年级上册第一次月考英语,1,1
八年级上册第二单元英语测试卷,1,1
八年级上册英语2024至2025山东省曲阜市,2,1
八年级上册英语一到二单元试卷,1,1
八年级上册英语人民出版社,2,1
八年级上册英语人民出版社课程,1,1
八年级上册英语内蒙古,3,1
八年级上册英语单词,3,1
八年级上册英语单词默写,2,1
八年级上册英语单词默写人教,1,1
八年级上册英语单词默写人教版,10,1
八年级上册英语单词默写单,1,1
八年级上册英语外研版循环练,3,1
八年级上册英语教材要点回归、知识综合运用,1,1
八年级上册英语期中试卷,2,1
八年级上册英语第1单元单词,3,1
八年级上册英语第2次限时作业,1,1
八年级上册英语第2次限时作业辽宁葫芦岛,5,1
八年级上册英语第2次限时作业辽宁葫芦岛期中,10,1
八年级上册英语第一二单元测试题,4,1
八年级上册英语课本,1,1
八年级上册英语超越训练,1,1
八年级上册语文书电子版,4,1
八年级上册语文第1单元重点,1,1
八年级上册课外语文文言文练习题,1,1
八年级上册课本,1,1
八年级上册道德与法治第二单元复习思维导图,5,1
八年级上册道法第二单元思维导图,1,1
八年级上册部编本语文电子课本,3,1
八年级上册需要背诵的课文,1,1
八年级上册青岛数学,1,1
八年级上册青岛版数学,1,1
八年级上几何压轴,2,1
八年级上压轴,2,1
八年级上压轴题数学,1,1
八年级上唐河县试卷。,5,1
八年级上唐河县试卷单元金卷。,1,1
八年级上学期,1,1
八年级上学期人教版语数英各科资料,5,1
八年级上学期人教版语数英精细资料文档,2,1
八年级上学期历史期末复习知识清单,4,1
八年级上学期开学考2026年河间市英华学校,4,1
八年级上学期开学考2026年衡水安平,1,1
八年级上学期期末,1,1
八年级上学期物理知识大纲,1,1
八年级上学期物理知识大纲蚌埠,2,1
八年级上学期物理陕西,1,1
八年级上数学全等三角形,2,1
八年级上数学应用题,2,1
八年级上数学证明题专项练习,2,1
八年级上数学试题,3,1
八年级上数学试题 满分150,1,1
八年级上期中长郡物理,1,1
八年级上期末长郡物理,1,1
八年级上期末长郡物理长沙,10,1
八年级上浙江省数学期末试卷,6,1
八年级上物理期中考试,16,1
八年级上物理期末,1,1
八年级上物理期末市南,4,1
八年级上证明题，数学,2,1
八年级上语文阅读理解,5,1
八年级下册2025到2026历史期中考试试卷山东省兰陵县临沂市,7,1
八年级下册2025到2026历史期中考试试卷山东省兰陵县临沂市答案,5,1
八年级下册2025到2026历史期末考试试卷山东省兰陵县临沂市,3,1
八年级下册2025到2026历史期末考试试卷山东省兰陵县临沂市答案,8,1
八年级下册2025到2026政治期中考试试卷山东省兰陵县临沂市答案答案,3,1
八年级下册2025到2026政治期中考试试卷山东省兰陵县临沂市答案答案答案,4,1
八年级下册2025到2026政治期末考试试卷山东省兰陵县临沂市,6,1
八年级下册2025到2026政治期末考试试卷山东省兰陵县临沂市答案答案答案,11,1
八年级下册2025到2026政治期末考试试卷山东省兰陵县临沂市答案答案答案一,3,1
八年级下册2025到2026语文期末考试试卷山东省兰陵县临沂市答案答案,1,1
八年级下册2026年金平区汕头市,1,1
八年级下册2026年金平区汕头市历史卷,7,1
八年级下册一次函数,1,1
八年级下册一次函数讲解,1,1
八年级下册二次根式,2,1
八年级下册人教版历史思维 导图,15,1
八年级下册人教版数学期末测评卷,7,1
八年级下册人教版数学第五单元一次函数的单元测试题,1,1
八年级下册人教版数学课堂笔记电子版,1,1
八年级下册华师版期末数学试卷,3,1
八年级下册历史真题试卷.   免费,5,1
八年级下册历史真题试卷.   免费 海量,6,1
八年级下册压轴题易错题,1,1
八年级下册压轴题易错题，北师大版,1,1
八年级下册压轴题易错题，苏教版,2,1
八年级下册地理期末试卷重庆市,2,1
八年级下册地理结业考,10,1
八年级下册基础卷,2,1
八年级下册完型专练,4,1
八年级下册完型填空专练,2,1
八年级下册完形填空专练,2,1
八年级下册山东聊城临清语文期末试卷2026,1,1
八年级下册拱墅区期末,2,1
八年级下册推测控陕西英语成都读手册第八单元,3,1
八年级下册政治期末答案,6,1
八年级下册数学 每日作业 4计算1几何1函数 复习拔高,1,1
八年级下册数学 每日作业 4计算1几何1函数 拔高,6,1
八年级下册数学典例精讲,3,1
八年级下册数学北师大版教材,3,1
八年级下册数学基础卷,1,1
八年级下册数学期末试卷5套新疆,9,1
八年级下册数学绩优,1,1
八年级下册数学能力培养与测试上的课前预习,7,1
八年级下册数学苏科版宿迁市沭阳县常考题型专题,1,1
八年级下册数学试卷 达州万源,3,1
八年级下册暑假作业数学,12,1
八年级下册期末数学2025费县,1,1
八年级下册期末数学基础卷,2,1
八年级下册期末考试,1,1
八年级下册期末考试房山区,5,1
八年级下册期末试卷辛蕊,1,1
八年级下册海珠区语文,2,1
八年级下册物理,2,1
八年级下册物理周周练,2,1
八年级下册物理期末卷,9,1
八年级下册物理期末题泰安泰山,3,1
八年级下册物理第7章,1,1
八年级下册生物,1,1
八年级下册生物人体的生命活动需要能量,4,1
八年级下册生物人体的生命活动需要能量思维导图,5,1
八年级下册英语书电子版,7,1
八年级下册英语优佳学案人教版配套试卷,18,1
八年级下册英语单元总结,1,1
八年级下册英语单元自测,1,1
八年级下册英语单词默写,2,1
八年级下册英语名师测控,4,1
八年级下册英语名师测控陕西,4,1
八年级下册英语听力强化训练,9,1
八年级下册英语周报听力强化训练,1,1
八年级下册英语期末,1,1
八年级下册英语期末题泰安岱岳,3,1
八年级下册英语期末题泰安新泰,2,1
八年级下册英语期末题泰安泰山,2,1
八年级下册英语期末题泰安肥城,2,1
八年级下册英语语法知识点总结,3,1
八年级下册英语阅读理解专项练习,3,1
八年级下册计算专项练习,9,1
八年级下册语文,4,1
八年级下册语文优佳学案,2,1
八年级下册语文优佳学案试卷,11,1
八年级下册语文期末试卷,1,1
八年级下册语文期末试卷重庆市,16,1
八年级下册语文标点,1,1
八年级下册道德与法治,6,1
八年级下册道德与法治坚持宪法至上宪法专项基础选择15道,9,1
八年级下册道德与法治期末测试卷,11,1
八年级下册道德与法治期末考试试卷,10,1
八年级下册，2025至2026年，五华区试卷,3,1
八年级下学期undefined,2,1
八年级下学期期中测试,3,1
八年级下学期期中测试湖南长沙,7,1
八年级下学期期末检测英语试题2024-2025,1,1
八年级下学期第二次月考,1,1
八年级下数学期末试卷,3,1
八年级下数学试题 满分150,1,1
八年级下期数学期末考,5,1
八年级人教版HNXB湖南2025-2026,1,1
八年级仁爱版上册月考,1,1
八年级俄语定向不定向,3,1
八年级俄语第9课,1,1
八年级全一册人教版五四制,1,1
八年级全一册人教版五四制 专项,6,1
八年级全册,2,1
八年级全册物理上册试卷,1,1
八年级全册物理上册试卷湖南,5,1
八年级全册物理试题,4,1
八年级全册物理试题湖南,12,1
八年级全册英语全单词默写人教版,1,1
八年级全册英语单词默写人教版,3,1
八年级八字模型飞镖模型角度计算专项训练,8,1
八年级八字模型飞镖模型角度计算专项训练无解析版,4,1
八年级八字模型飞镖模型角度计算专项训练无解析版大题,6,1
八年级八字模型飞镖模型角度计算几何证明大题专项训练无动点无解析版大题,6,1
八年级八字模型飞镖模型角度计算几何证明大题专项训练无解析版大题,1,1
八年级北师大版期末试卷,3,1
八年级听力,1,1
八年级听力英语,8,1
八年级听力英语云南,1,1
八年级地理生物会考题,2,1
八年级增城26,7,1
八年级奥赛题,1,1
八年级安徽答题卡,1,1
八年级完全平方公式训练题,2,1
八年级平行四边形,2,1
八年级开学考试卷,1,1
八年级摩擦力浮力综合题,1,1
八年级摩擦力综合题,1,1
八年级数学,5,1
八年级数学一元二次方程计算,1,1
八年级数学一元二次方程计算专练,5,1
八年级数学一元二次方程计算转变,1,1
八年级数学上册全等三角形一章测试卷,2,1
八年级数学上册试卷,1,1
八年级数学上学期,2,1
八年级数学上学期去年期末考试题,1,1
八年级数学下册几何压轴题,6,1
八年级数学下学期期末考试卷,4,1
八年级数学人教版全等三角形,9,1
八年级数学人教版六分题,1,1
八年级数学人教版多边形,8,1
八年级数学人教版综合,4,1
八年级数学函数,4,1
八年级数学华东师范大学出版第十章测试卷,3,1
八年级数学同步练习,3,1
八年级数学因式分解计算专项练习,11,1
八年级数学期末,5,1
八年级数学期末试卷,1,1
八年级数学期末质量测试,2,1
八年级数学期末重庆,18,1
八年级数学竞赛,4,1
八年级数学第一单元测试,4,1
八年级数学解三角形,2,1
八年级数学试卷,62,1
八年级数学试题,1,1
八年级数学，全等三角形，专项练习,3,1
八年级日语,4,1
八年级暑假数学,1,1
八年级期末,8,1
八年级期末北师大版,2,1
八年级期末北师大版统考,3,1
八年级期末物理,2,1
八年级期末素养评估数学,3,1
八年级期末考试,18,1
八年级期末英语,1,1
八年级期末质量测试卷,30,1
八年级期末青龙,1,1
八年级机械运动何声现象,3,1
八年级板桥,9,1
八年级江淮名卷,2,1
八年级沪教版英语课,1,1
八年级沪科版数学免费试卷,1,1
八年级沪粤版上册物理,4,1
八年级物态变化与温度单元测试卷,4,1
八年级物态变化和光现象,3,1
八年级物理下册期末检测卷,2,1
八年级物理全册测试卷,3,1
八年级物理基础知识点背诵,2,1
八年级物理摩擦力浮力综合题,2,1
八年级物理教科版,1,1
八年级物理教科版第一单元,1,1
八年级物理期末黄冈,1,1
八年级物理测试卷,1,1
八年级物理竞赛卷,1,1
八年级物理竞赛试卷,2,1
八年级物理竞赛试题,1,1
八年级物理第一节,2,1
八年级生物2026,3,1
八年级生物会考题甘肃省,4,1
八年级生物地理结业考试卷2026,13,1
八年级竞赛,6,1
八年级第1次 揭阳市真理,11,1
八年级第1次月考,27,1
八年级第1次月考 揭东第一中学,11,1
八年级第1次月考岐山,5,1
八年级综测卷数学,6,1
八年级英语上册单词表,3,1
八年级英语云南,3,1
八年级英语云南听力,16,1
八年级英语冀教上册,11,1
八年级英语单词,1,1
八年级英语单词背诵及默写单 上册 人教版,9,1
八年级英语单词读音,4,1
八年级英语单项选择题专项训练,12,1
八年级英语单项选择题专项训练冀教版新教材,1,1
八年级英语听力测试,4,1
八年级英语听力练习,4,1
八年级英语完形填空专项练习,10,1
八年级英语暑假生活作业,4,1
八年级英语竞赛试卷,2,1
八年级英语语法,1,1
八年级英语选择题练习,5,1
八年级英语阅读,1,1
八年级英语阅读理解,1,1
八年级衔接,1,1
八年级解三角形,4,1
八年级译林上册知识点默写,1,1
八年级语文 古诗文默写专项练习,8,1
八年级语文名著,2,1
八年级语文竞赛试卷,1,1
八年级语文阅读理解,14,1
八年级语法填空,1,1
八年级语法填空 2026专项练习,4,1
八年级贯通考试,4,1
八年级辅助线,1,1
八年级运动与能量物理试卷,13,1
八年级选词填空外研版,1,1
八年级选词填空外研版英语,8,1
八年苏科版数学第一单元测试卷,2,1
八月,21,1
八月摸底考物理,2,1
八校,1,1
八校联考高二,1,1
八省T8第联考,1,1
八省联考T8,1,1
八省联考T8第二次联考,1,1
八省联考河南化学,1,1
八省联考河南生物,5,1
八省联考生物,4,1
八省联考英语河南,1,1
八省联考英语试卷,1,1
公主岭市八下期末,13,1
公主岭高中,10,1
公切线,1,1
公切线 导线 微专题,3,1
公务员,2,1
公安一中,1,1
公安县2024∽2025年七年级下学期期中试卷,2,1
公安县2025∽2026七年级答题卡,8,1
公安县2025∽2026下学期七年级答题卡,5,1
公安县2025∽2026年七年级下学期学学情监测答题卡,4,1
公安县2025∽2026年七年级下学期期中试卷,8,1
公安县2025∽2026年七年级下学期期末考试答题卡,7,1
公安县七年级答题卡,5,1
公安县七年级试卷,4,1
公安县八年级下册期末数学,1,1
公安县八年级下册期末语文,2,1
公安县向群中学2025∽2026年七年级下学期学学情监测答题卡,2,1
公安县向群中学2025∽2026年七年级下学期学学情监测试卷答题卡,17,1
公安县向群中学2025∽2026年七年级下学期期中试卷,5,1
公安县向群中学2025∽2026年七年级下学期期中试卷答题卡,24,1
公式推导,1,1
公立学校赣榆区去年期中8年级上册期中试娄,8,1
公考,1,1
公考题,1,1
六4事件,1,1
六三制,2,1
六上,1,1
六上 2026新教材数学课本,1,1
六上 2026苏教版拔尖特训江苏专供,2,1
六上分数乘法计算,17,1
六上数学26人教版新教材,12,1
六上数学人教版电子书,1,1
六上期中英语,1,1
六上期中英语徐州市,11,1
六上期末卷,1,1
六上期末卷数学,1,1
六上期末卷数学温州,1,1
六上武昌,1,1
六上英语,1,1
六上英语 2026新教材,4,1
六上英语healthy life,1,1
六上英语healthy life人教版,1,1
六上英语单词,4,1
六上语文古诗词,8,1
六上语文古诗词练习,3,1
六上语文第一单元,3,1
六上道法电子板,1,1
六上青龙期末,4,1
六下 数学期末测试卷,11,1
六下期末,1,1
六下期末复习,1,1
六下期末汕尾语文,1,1
六下期末汕尾语文2026,3,1
六下期末考试卷,9,1
六下语文期末试卷,9,1
六下课堂讲义,5,1
六下道法,2,1
六下道法汕尾,1,1
六中期中,8,1
六中试卷,1,1
六十九中八上物理期中考试,1,1
六十九中六上小升初英语试卷,4,1
六十六中,3,1
六四,1,1
六四事,1,1
六四事件,1,1
六国论理解性默写,1,1
六安一中2025年高三上学期开学考,6,1
六安一中考试卷,7,1
六安一中高一上学期数学试卷,4,1
六安一中高一数学试卷,4,1
六安一中高三五月,12,1
六安九中,2,1
六安市第一中学,3,1
六安市第一中学东校区,2,1
六安市第九中学,4,1
六安汇文中学八年级试卷,1,1
六安第一中学,1,1
六安第九中学,4,1
六年级 数学,1,1
六年级 数学黄冈,1,1
六年级一二三单元数学,6,1
六年级上册,1,1
六年级上册人教pep第一单元试卷,2,1
六年级上册人教pep英语第一单元试卷,1,1
六年级上册人教版数学,5,1
六年级上册人教版数学期中测试卷,23,1
六年级上册冀教版思维导图数学,1,1
六年级上册分数乘法,8,1
六年级上册同步作文,2,1
六年级上册外研版英语阶段练习,2,1
六年级上册必刷题,2,1
六年级上册数学期中测试卷,7,1
六年级上册数学期末测试卷桂城街道,49,1
六年级上册数学第三单元观察物体试卷,2,1
六年级上册数学苏教版,7,1
六年级上册整式的加减,4,1
六年级上册整式的加减五四制视频,3,1
六年级上册期中数学,1,1
六年级上册期末,6,1
六年级上册第一单元触摸山川湖海,2,1
六年级上册第一单元触摸自然,1,1
六年级上册英语Unit1,1,1
六年级上册英语人教版新版,3,1
六年级上册英语单词一年级起点在意3外研版,1,1
六年级上册英语期末,1,1
六年级上册英语课件,1,1
六年级上册语文生词表,5,1
六年级上册青岛版数学期中,1,1
六年级上册青岛版数学期中青州,1,1
六年级上册鲁教版五四制数学期末卷,16,1
六年级上学期期中,2,1
六年级上学期期末,1,1
六年级上学期期末上海数学,1,1
六年级下,16,1
六年级下册 语文 期末测试卷,2,1
六年级下册安阳市殷都区2025~2026年教学质量检测,6,1
六年级下册数学5月份月考试卷,2,1
六年级下册数学卷子苏教版,2,1
六年级下册数学期末模拟卷,3,1
六年级下册数学期末试卷,1,1
六年级下册期末考试,1,1
六年级下册期末考试，语数英,5,1
六年级下册渭滨区期末考试卷子,8,1
六年级下册知识点汇总,1,1
六年级下册知识点汇总数学北师,3,1
六年级下册苏教版卷子,1,1
六年级下册语文期末测试卷菏泽,22,1
六年级下册青岛版数学期末卷,1,1
六年级下学期升学真题,7,1
六年级南京数学,1,1
六年级口算题,3,1
六年级口算题卡,3,1
六年级句式转换题目专练英语,7,1
六年级唐诗300首该怎么学,1,1
六年级奥数,1,1
六年级小学期期末复习,1,1
六年级开学考试,6,1
六年级总复习数学,2,1
六年级数学上册第二单元,3,1
六年级数学上册经典题型,2,1
六年级数学上册经典题型系列,4,1
六年级数学上比,3,1
六年级数学上比导学案,1,1
六年级数学下册,1,1
六年级数学圆,1,1
六年级数学圆苏教版,4,1
六年级数学比导学案,1,1
六年级数学练习题,1,1
六年级数学苏教版,3,1
六年级新教材英语,2,1
六年级新教材英语（PEP）,1,1
六年级方程,1,1
六年级有理数加减法计算题专项,1,1
六年级期末,3,1
六年级期末考试,1,1
六年级松江,7,1
六年级毕业考试卷数学,7,1
六年级毕业考试卷数学西峡,4,1
六年级沪教,1,1
六年级沪教英语,3,1
六年级沪教英语Unit 1,5,1
六年级第一单元触摸自然,2,1
六年级英语沪科版基础题,9,1
六年级衔接,1,1
六年级语文上,6,1
六年级语文专项练习,4,1
六年级语文期末试卷,2,1
六年级语文阅读理解,11,1
六年级阅读,1,1
六年级阅读分析标题含义,4,1
六年级阅读理解,1,1
六年级阅读理解文中词语的,1,1
六年级阅读理解文中词语的意思,5,1
六年高考三年模拟,4,1
六月练习卷高一数学,6,1
六校协作,2,1
六校联合体江苏,4,1
六校联盟,1,1
六校联考保定,1,1
六校联考入学考,13,1
六盘山,5,1
六盘山高级中学,6,1
六盘水历史,3,1
六盘水市,2,1
六盘水市2023 2024高一下学期期末考试卷,2,1
六盘水市2026高二年级统考,2,1
六盘水市八年级,1,1
六盘水市初二期末,1,1
六盘水市市八年级期末,1,1
六盘水市第三中学,2,1
六盘水市第三高级中学,3,1
六盘水市钟山区六年级下册期末考试,4,1
六盘水市钟山区六年级下册期末考试，语数英,3,1
六盘水市钟山区六年级期末考试,1,1
六级英语,1,1
六边形数,1,1
六选五,3,1
六选五 100篇 专项训练,4,1
六选五江苏,5,1
六选五转向,13,1
兰大附中,1,1
兰山2025初中九年级数学,1,1
兰山2026初中八年级数学,1,1
兰州2026年中考,3,1
兰州八年级上册英语试卷期中,4,1
兰州八年级上期中,3,1
兰州市三十三中,1,1
兰州市安宁区交大附中,6,1
兰州市小升初,3,1
兰州市小升初6年级,3,1
兰州市第五十八中学,4,1
兰州新区高级中学,3,1
兰州科中,5,1
兰州高二上生物,1,1
兰溪一中,1,1
兰生复旦,5,1
兰考一高五县高一期末考试物理试卷,1,1
兰考县五县联考,1,1
兰考县五县联考高一上期中,5,1
兰考县五县联考高一上第一次月考,1,1
兰西一中,1,1
兰陵九年级上册期末数学,4,1
兰陵县,33,1
兰陵县七年级下册数学试卷,1,1
兰陵县六年级下册数学试卷,19,1
共乐,11,1
共价键,6,1
共价键题,11,1
共读图书导读单,2,1
共面共线知识点,6,1
共面共线知识点化学,3,1
关于“比”的题型,3,1
关于“比”的题型六年级上册,4,1
关于劳动的演讲稿,8,1
关于在全区青少年中开展“中华魂”（战旗美如画、薪火代代传）主题读书活动的通知,2,1
关于比的题型,14,1
关联速度,17,1
关联速度问题,14,1
兴义八中,7,1
兴化,7,1
兴化 三年级,8,1
兴化中学,6,1
兴化六上古诗,5,1
兴化市第一中学,4,1
兴化高一开学考,1,1
兴华实验,3,1
兴国三中,2,1
兴宁一中高二期末,1,1
兴宁一中高二期末梅州市,17,1
兴宁市第一中学高一开学考试卷,1,1
兴宾区校级月考,6,1
兴文县,8,1
兴源,1,1
兵团二中2025 2026八年级上册数学期末考试卷,1,1
兵团二中2025-2026八年级上册数学期末考试卷,8,1
典中点,6,1
典中点 2026 数学湘教版,5,1
典中点 2026 电子版数学,5,1
典中点 七年级上册数学,1,1
典中点8年级上册英语第3单元试卷。,1,1
典型例题系列,4,1
养正中学八下期末语文卷,1,1
养正中学初二期末语文卷,1,1
养正中学高中物理练习,2,1
兼爱,3,1
兼爱墨子,4,1
兼爱墨子课件,3,1
冀州滏运中学,3,1
冀教版2026版英语八年级上册,1,1
冀教版2026版英语八年级下,2,1
冀教版9年级上册,5,1
冀教版9年级上册单词,4,1
冀教版七上第二单元试卷,3,1
冀教版七下英语课本单词默写空白版,3,1
冀教版七下英语课本短语默写空白版,1,1
冀教版七年级上册中文,1,1
冀教版七年级上册单词,3,1
冀教版七年级上册英语衡水体字帖,3,1
冀教版九上数学名校课堂【河北专版】分章节文档,4,1
冀教版五上第二单元小数乘整数，40分钟完整课堂教学，包含课本购物例题精讲+随堂练习题。,1,1
冀教版数学八年级下册期末综合评价,3,1
冀教版数学八年级下册期末综合评价（一））,3,1
冀教版英语九年级,6,1
冀教版英语八下单词,1,1
内丘三中,3,1
内倾性深覆合,1,1
内切圆外接圆,1,1
内力,1,1
内力人教版,1,1
内力作用与地表形态,1,1
内地西藏班物理,2,1
内江 中考,3,1
内江0模2027届,5,1
内江2025~2026学年度第二学期高一期末检测题地理,1,1
内江2025~2026学年度第二学期高一期末检测题英语,9,1
内江2026中考数学,1,1
内江2027届零模,4,1
内江中考,4,1
内江中考语文,3,1
内江六中初二数学期末卷,1,1
内江六中高三一模,1,1
内江初一英语,3,1
内江天立,6,1
内江市 2022 2023学年度第二学期高一期末检测化学,1,1
内江市 20252023学年度第二学期高一期末检测化学,1,1
内江市 20252026学年度第二学期高一期末检测化学,3,1
内江市 20252026学年度第二学期高一期末检测物理,1,1
内江市2025 2026学年度第二学期高一期末检测题,1,1
内江市2025 2026高二下学期期末考试语文,1,1
内江市2025 高一下物理,1,1
内江市一模,2,1
内江市一模数学,2,1
内江市东兴区,1,1
内江市二模数学,1,1
内江市威远县 八年级上册 英语期末,1,1
内江市高一下期期末考试语文,5,1
内江市高中2026届零模生物,1,1
内江市高中2027届零模生物,2,1
内江期末,6,1
内江期末物理九年级上册,8,1
内江英语,8,1
内江高一下期末地理,1,1
内江高一下期末数学,1,1
内江高二下期末考试,1,1
内环境与稳态,4,1
内能与热机,3,1
内能与热机单元测试卷,10,1
内能思维导图,3,1
内蒙古2025生物高考,1,1
内蒙古2026九年级,8,1
内蒙古2026生物高考,1,1
内蒙古2026给～,3,1
内蒙古2026职业高中,1,1
内蒙古2026贯通,1,1
内蒙古2026高一上,1,1
内蒙古七下,9,1
内蒙古中考,2,1
内蒙古中考名著阅读,7,1
内蒙古中考数学,1,1
内蒙古五年级下学期阶段检测,2,1
内蒙古人教版必修二圆周运动单元卷,1,1
内蒙古八年级下学期阶段检测,1,1
内蒙古八年级贯通考试,1,1
内蒙古包九中外国语学校,1,1
内蒙古包头2025生物,2,1
内蒙古包头市2025年高一第二学期期末考试数学卷,1,1
内蒙古包头市2026年高二第二学期期末考试数学卷,3,1
内蒙古包头市2026期末卷,4,1
内蒙古包头市新高一9月份分班卷青山区,19,1
内蒙古包头市昆都仑区,6,1
内蒙古包头市第四中学,2,1
内蒙古包头市第四中学2025-2026,5,1
内蒙古包头市第四中学2025-2026语文,1,1
内蒙古包头市第四中学2025-2026高一下学期期末,1,1
内蒙古包头市第四中学2025-2026高一下学期期末模拟测试语文试题,3,1
内蒙古包头市第四中学2025-2026高一下学期期末语文,2,1
内蒙古呼和浩特二中物理期末考试卷,1,1
内蒙古呼和浩特二中物理高一期中考试卷,1,1
内蒙古呼和浩特市高一上学期期中数学,2,1
内蒙古呼和浩特市高一上学期期末数学,2,1
内蒙古呼和浩特物理高一期中考试卷,1,1
内蒙古地理,1,1
内蒙古地理中考,3,1
内蒙古小升初真题,7,1
内蒙古小升初真题英语,3,1
内蒙古师大附中2015~2016学年第二学期期末试题,1,1
内蒙古师大附中2025~2026学年第二学期期末试题,14,1
内蒙古师范大学附属中学,1,1
内蒙古师范大学附属中学2025~2026学年第二学期期末试题,11,1
内蒙古扎兰屯市第一中学贯通班,1,1
内蒙古数学二模,3,1
内蒙古数学二模呼伦贝尔,1,1
内蒙古统考,1,1
内蒙古自治区9年级上册包头市第九中学外国语学校,3,1
内蒙古自治区9年级上册包头市第九中学外国语学校英语,2,1
内蒙古自治区考试答题卡,1,1
内蒙古自治区赤峰市松山区物理,8,1
内蒙古自治区赤峰市翁牛特旗8年级下学期考试数学卷子,5,1
内蒙古英语包头,2,1
内蒙古贯通班初升高选拔试题,4,1
内蒙古贯通考试,1,1
内蒙古赤峰初中贯通班考试,2,1
内蒙古赤峰市中职院校2026年旅游类高考卷,1,1
内蒙古赤峰市巴林左旗2019-2020八上数学卷子,9,1
内蒙古赤峰市敖汉旗,6,1
内蒙古赤峰市松山区8年级,6,1
内蒙古赤峰市翁牛特旗八下数学试卷,1,1
内蒙古赤峰市翁牛特旗八下物理试卷,7,1
内蒙古达拉特旗期末考试,3,1
内蒙古达旗6下期末考试,1,1
内蒙古达旗期末考试,2,1
内蒙古通辽市,2,1
内蒙古通辽市初二期末,9,1
内蒙古通辽市奈曼旗,11,1
内蒙古通辽市高二下下学期,2,1
内蒙古鄂尔多斯达拉特旗6下期末考试,7,1
内蒙古高一下学期期末,6,1
内蒙古高考物理,5,1
内蒙生物中考,5,1
内黄县,9,1
内黄号,1,1
写作模板,3,1
写作高中,1,1
写作高中语文,1,1
写景抒怀类文言文,3,1
写景状物散文阅读,2,1
写电子式,1,1
军考真题,4,1
农业大学,1,1
农安十中期末,1,1
农安实验中学,3,1
冠词高中,12,1
冠途金科 2025至2026年高一上学期11月月考物理,18,1
冮西省新高三秋季入学摸底考,9,1
冲刺15天,2,1
冲刺新高考2026届选择考压轴训练,8,1
冲本卷,1,1
冲程,1,1
冷水滩七下地理期末,1,1
冷水滩李达中学八年级上册,8,1
凉山八上数学期中,9,1
凉山州20232024数学下学期期末检测试卷,1,1
凉山州20232024数学高一下学期期末检测试卷,1,1
凉山州2025 2026高一化学期末,1,1
凉山州2025 2026高一物理期末,1,1
凉山州2025 2026高一英语期末,2,1
凉山州七年级下册数学期末试卷,6,1
凉山州七年级下册语文期末试卷,2,1
凉山州初一分班考试,1,1
凉山州新初一分班,1,1
凌海一高中,8,1
凌源,1,1
凌源市七下,2,1
凌源高一期末,1,1
减数分裂,4,1
减数分裂图像,1,1
减肥食谱,1,1
凑十法,1,1
凝胶电泳图,1,1
几何 02 专题大题初中,1,1
几何体,1,1
几何体难题,12,1
几何八上模型专题,3,1
几何八下,3,1
几何压轴 二试难度,5,1
几何基础,2,1
几何大题,1,1
几何旋转,3,1
几何最值专项,1,1
几何最值模型,2,1
几何最值问题,3,1
几何求解选择,7,1
几何法做立体几何大题,1,1
几何法求距离及线线角，线面角，二面角,13,1
几何综合压轴题 26年中考数学二模分类汇编,1,1
几何证明大题,7,1
几何证明题,11,1
几何题,3,1
凤冈一中,2,1
凤冈县一中,6,1
凤冈县一中开学考,2,1
凤冈县一中开学考高一上册,2,1
凤凰县七年级上册,2,1
凤凰县七年级上册道法,1,1
凤城一中,1,1
凤城一中高级中学,1,1
凤山湖实验小学,5,1
凤翔西街中学,3,1
凤翔西街中学2026高二期末,2,1
凤翔西街中学2026高二期末考试,1,1
凸透镜,3,1
凸透镜 成像2025专题练习,1,1
凸透镜和凹透镜,3,1
凸透镜成像的规律,2,1
出一些四年级下册江门考的科学试卷加答案,1,1
出几道关于三角形两个动点和角平分线的几何题,6,1
出几道关于两个动点和角平分线的几何题,1,1
出师表文言实词,1,1
出师表题,6,1
函数 0 1 八年级期末,3,1
函数 0 1 函数一轮复习专题高一,2,1
函数 0 1 函数一轮复习高考,1,1
函数 一轮复习2026,2,1
函数 一轮复习2026 常考基础题型步步高,3,1
函数 综合2026专题复习,1,1
函数2026,2,1
函数一轮,4,1
函数一轮复习专题,3,1
函数一轮复习综合高中,1,1
函数一轮复习综合高中基础,1,1
函数一轮复习高考,4,1
函数不等式恒成立与能成立,2,1
函数与一次函数沪科版,4,1
函数与三角函数总复习,1,1
函数与基本初等函数,1,1
函数与基本初等函数专题,2,1
函数与导函数图象间的关系,1,1
函数与导数,2,1
函数与导数的单调性,2,1
函数专,1,1
函数专项,9,1
函数专项练习,11,1
函数专题基础?拔高题型,2,1
函数习题,1,1
函数单元卷,3,1
函数单元测试,1,1
函数单调性,2,1
函数单调性与最值,2,1
函数压轴题,30,1
函数压轴高中,4,1
函数及其性质,4,1
函数周期性 对称性二轮,3,1
函数周期性 对称性较难,1,1
函数图像变换,12,1
函数图象变换,1,1
函数培优提升,3,1
函数基础,4,1
函数大题,12,1
函数奇偶性周期性对称性,1,1
函数奇偶性的应用（求值，求解析式，求参数）,1,1
函数定义域 解析式 值域,3,1
函数对称变换,4,1
函数对称性与周期性,3,1
函数导数,1,1
函数常考模型,4,1
函数式化简,5,1
函数性质,1,1
函数性质一轮复习,4,1
函数性质与概念,2,1
函数性质专题,2,1
函数性质练习,1,1
函数提优,5,1
函数新定义,2,1
函数求定义域和解析式专项训练,2,1
函数求解析式，求在0到m上的取值范围大题,2,1
函数沪科版,2,1
函数测试,1,1
函数测试卷,2,1
函数的单元测试卷,2,1
函数的周期性,6,1
函数的基本性质,1,1
函数的奇偶性与单调性综合,4,1
函数的对称性,2,1
函数的对称轴周期,1,1
函数的对称轴周期专项练习,2,1
函数的应用,6,1
函数的性质,4,1
函数的性质 2024高三一轮数学专题复习,8,1
函数的性质 2025高三一轮化学专题复习,4,1
函数的性质 2025高三一轮数学专题复习,5,1
函数的性质 2026高三一轮化学专题复习,4,1
函数的性质 2026高三一轮数学专题复习,2,1
函数的性质单调性奇偶性,3,1
函数的性质及应用,1,1
函数的性质的运用,4,1
函数的最值与导数相结合求参数,4,1
函数的极值讨论思想,7,1
函数的概念一轮复习,5,1
函数的概念一轮复习2027,2,1
函数的概念与性质,2,1
函数的概念与性质 单元试卷,10,1
函数的概念与性质A卷,3,1
函数的概念与性质测试卷,14,1
函数的概念和性质,4,1
函数绝对值,16,1
函数综合高,1,1
函数自变量取值范围,2,1
函数计算练习题,4,1
函数试卷,4,1
函数赋值法专项50题,1,1
函数重难专题,4,1
函数阶段性测试,1,1
函数零点问题,4,1
函数零点问题高考真题汇编,4,1
函数高一,1,1
函数高考真题汇编,3,1
分压电路和限流电路,4,1
分子与细胞模块检测卷,1,1
分子动理论,6,1
分子动理论九年级,6,1
分子动理论九年级分层,5,1
分式 含参,1,1
分式 方程100道 乘除混合运算习题,12,1
分式不等式,1,1
分式乘除法,2,1
分式值 正整数,2,1
分式值域,1,1
分式函数,1,1
分式初二数学试卷,2,1
分式加减法计算,1,1
分式化简 100道,3,1
分式方程,2,1
分式方程一次函数综合题,7,1
分式方程含参问题,1,1
分式方程计算练习,4,1
分式的乘除法运算,1,1
分式的意义,1,1
分式计算 100道混合专项练习,2,1
分式计算100道,4,1
分式计算化简,6,1
分式重难沪教版七上,3,1
分成,6,1
分数 加减法乘除 混合 运算 计算 专练,2,1
分数乘法计算,5,1
分数乘法计算题,4,1
分数乘除法应用题,2,1
分数乘除法混合运算及实际应用,4,1
分数习题,12,1
分数则运算和简便计算六年级上册,9,1
分数加法计算,4,1
分数口算,1,1
分数混合四则运算,1,1
分数的乘除法,4,1
分数的乘除计算,3,1
分数的初步认识人教版,3,1
分数的混合运算,4,1
分数的计算,3,1
分数的除法,1,1
分数计算 100道,2,1
分数计算练习,4,1
分数运算计算题,6,1
分数除法,3,1
分数除法练习题,3,1
分数除法练习题人教版,9,1
分数除法计算题,2,1
分析句子成分,4,1
分段函数10种常考题型总结一轮复习,3,1
分段函数考题,1,1
分段函数高中,1,1
分段计费,2,1
分泌蛋白的合成和运输思维导图,5,1
分班初一,6,1
分班卷真题卷郑州,2,1
分班卷郴州市树德中学,4,1
分班测,1,1
分班测东营,1,1
分班测高一,7,1
分班考 2024杭州初一,1,1
分班考 2024陕西初一,4,1
分班考 2024陕西安康初中初一,2,1
分班考 2024陕西安康汉滨初中初一,7,1
分班考 七年级开学 昆明,3,1
分班考 东直门,1,1
分班考 初一山西,4,1
分班考 初一山西忻州,3,1
分班考 初一开学 昆明,6,1
分班考 初一数学广东惠州市惠城区,1,1
分班考 初一数学广东惠州市惠城区仲恺高新区,3,1
分班考 初一树人，撷秀,3,1
分班考 初升高,1,1
分班考 初升高一 南京,1,1
分班考 新高一,8,1
分班考 桂中,4,1
分班考 高一 南京,1,1
分班考 高一 昆明,1,1
分班考 高一化学,2,1
分班考 高一化学北师大,1,1
分班考 高一化学北师大二附中,3,1
分班考 高一北京,9,1
分班考 高一开学 昆明,1,1
分班考 高一西安铁一中,2,1
分班考 高一阳江市,4,1
分班考 高一集合,1,1
分班考.,1,1
分班考上海,3,1
分班考上海理工大学,3,1
分班考上海理工大学附属中学,2,1
分班考上海罗店,7,1
分班考初一语文,4,1
分班考华东政法,1,1
分班考卷子陕西,2,1
分班考卷子高一,1,1
分班考卷河南省洛阳市真题,3,1
分班考卷燕子矶,8,1
分班考安徽,1,1
分班考小学六年潮州,1,1
分班考新高一,1,1
分班考泰州,1,1
分班考浙江宁波余姚市肖东中学试卷2025 2026,1,1
分班考潮州,1,1
分班考绝对值问题,2,1
分班考试 高中 高一,1,1
分班考试卷初一,2,1
分班考试卷小升初2025,2,1
分班考试卷小升初人教版,1,1
分班考试卷小升初英语人教版,1,1
分班考试必考计算题,13,1
分班考试浙江省宁波市余姚市,5,1
分班考试题初中,5,1
分班考长沙市一中,2,1
分班考高一北京顺义北师大,1,1
分离参数题,6,1
分离定律,7,1
分离常数,6,1
分离常数法,2,1
分离提纯,3,1
分离整系数,1,1
分类,2,1
分类 汇编,5,1
分类汇编,1,1
分解因式法2026专题练习计算,4,1
分解质因数,1,1
切点,1,1
切点弦,4,1
切点距离,1,1
切瓜高中立体几何,1,1
切线,8,1
切线定理,1,1
刘勖雯,1,1
刘晓燕,2,1
刘晓燕英语,2,1
刘秋龙,1,1
刚一下期末九师联盟。,1,1
创新人才,4,1
创新大课堂,4,1
创新大课堂 2025 2026学年高中语文选择性必修上册同步辅导与测试,1,1
创新思维、联想思维,2,1
创新教程2026初升高衔教程数学,2,1
创新港,1,1
创新班选拔考试,41,1
创新联考2027届,1,1
创新联考2027届高考全国,1,1
创新设计2027一轮化学ppt,4,1
创新设计2027一轮化学总复习,1,1
创新设计2027版一轮复习化学,2,1
创新设计2027高考总复习英语话题版 教师用书答案,1,1
创新设计生物高考总复习2027版广东专用,3,1
创新设计高考总复习2026版,1,1
创新设计高考总复习历史,1,1
创新选拔,23,1
创新金典 2027,5,1
创新金典 华鼎盛兴 2027,3,1
创智协作体,9,1
初 一 0 下学期 数学,1,1
初 中升高中2026年数学衔接教材,6,1
初 中升高中2026年衔接资料地球,1,1
初 高 衔接,1,1
初 高 衔接2026 数学专题训练,2,1
初 高 衔接2026数学,5,1
初 高中2026年数学衔接,5,1
初20二八届八年级上物理试卷,1,1
初一.,2,1
初一上,1,1
初一上册初中数学,2,1
初一上册北师大版第三章试卷,1,1
初一上册数学北师大版第三章试卷,4,1
初一上册数学试卷S,1,1
初一上册数学试卷S竞赛,6,1
初一上册沪教版英语金卷王,1,1
初一上册沪教版英语金卷王期中,3,1
初一上册英语人教版版第三单元试卷,1,1
初一上册英语人教版版第三章试卷,2,1
初一上册英语阅读理解,7,1
初一上册语文期中试卷,1,1
初一上册语文期中试卷遵义,2,1
初一上学期分班考试,2,1
初一上学期数学人教版章节练习题,1,1
初一上学期数学人教版练习题,5,1
初一上学期期中英语烟台,1,1
初一上学期期中英语烟台九年级,1,1
初一上学期期中英语烟台六年级,3,1
初一上有理数,1,1
初一上期数学期末考试卷,4,1
初一上第一次月考英语安徽,1,1
初一上英语试卷 人教版,1,1
初一上预备单元英语,3,1
初一下册数学人教版,1,1
初一下册期末,1,1
初一下册期末检测卷英语,1,1
初一下册期末检测卷英语长沙县,5,1
初一下册英语期中试卷遵义,3,1
初一下册英语短文填空人教版,3,1
初一下册英语选词填空,2,1
初一下册英语选词填空人教版,2,1
初一下册语文期末,1,1
初一下册语文期末广东,1,1
初一下学期数学,8,1
初一下学期英语人教版单词全篇,1,1
初一下学期英语知识点,4,1
初一下期末,2,1
初一下海淀区语文期末试卷,2,1
初一下语法练习,7,1
初一人大附中,1,1
初一入学考试,2,1
初一分班考南京,3,1
初一分班考数学新疆,2,1
初一分班考试卷数学,3,1
初一分班考试卷数学人教版,3,1
初一分班考语文,1,1
初一分班考遵义数学,1,1
初一初二,2,1
初一地理,1,1
初一培优,3,1
初一培优数学,3,1
初一培优数学A,3,1
初一培优数学A上册,3,1
初一培优数学A上册含答题卡,2,1
初一培优数学B,2,1
初一大题,1,1
初一大题专练,2,1
初一开学考英语安徽,1,1
初一数学2025年至2026年下学期丰泽区期末质量检测,2,1
初一数学上第二章,4,1
初一数学培优,1,1
初一数学大题,1,1
初一数学期末试卷,1,1
初一数学期末试卷北师太,1,1
初一数学第一单元,8,1
初一数学试卷A,3,1
初一数学题,1,1
初一文言文,1,1
初一新生入学分班考试测试卷,5,1
初一期末,1,1
初一期末试卷,1,1
初一第一学期第一次月考试卷,12,1
初一第一次月考英语安徽,1,1
初一英语北京,1,1
初一英语单词,5,1
初一英语卷,3,1
初一计算题,7,1
初一计篁题50,3,1
初一语法专项练习,5,1
初一长郡,8,1
初三 023 21 上学期 半期 考 化学,3,1
初三 023 21 上学期 半期 考 数学,1,1
初三 化学人教版知识点,3,1
初三 物理,1,1
初三2026年一模,1,1
初三2026年北京一模,1,1
初三2026年北京西城一模,1,1
初三2026年北京西城语文一模,1,1
初三一模,4,1
初三一模物理,1,1
初三一轮,3,1
初三一轮吉林,4,1
初三上册化学人教版暑假自学课,5,1
初三上册化学人教版暑假自学课大卫化学,3,1
初三上册数学,1,1
初三上册数学期中,1,1
初三上册数学期中临沂,4,1
初三上册数学期中山东,1,1
初三上册第一单元我数学遵义,1,1
初三上数学丰台其中,1,1
初三上数学丰台期中,1,1
初三上数学丰台期末,5,1
初三上数学北京东城期末,8,1
初三上数学北京大兴期末,5,1
初三上数学北京怀柔期末,1,1
初三上数学北京昌平期末,3,1
初三上数学北京朝阳期末,4,1
初三上数学北京燕山地区期末,3,1
初三上数学北京西城期末,4,1
初三上数学北京通州期末,6,1
初三上数学北京顺义期末,7,1
初三上数学密云期末,9,1
初三上数学平谷期末,5,1
初三上数学延庆期末,5,1
初三上数学怀柔期末,3,1
初三上数学房山期末,5,1
初三上数学改掉期末,1,1
初三上数学海淀期末,8,1
初三上数学燕山地区期末,1,1
初三上数学石景山期末,6,1
初三上数学门头沟期末,3,1
初三上物理密云期末,4,1
初三上物理平谷期末,5,1
初三上物理延庆期末,3,1
初三上物理怀柔期末,1,1
初三上物理房山期末,3,1
初三二检 2024福州,2,1
初三人教版物理书,5,1
初三函数专题,8,1
初三化学1 1讲义,3,1
初三化学2026课,3,1
初三化学上下册综合测试卷,24,1
初三化学上册期末考试试卷  人教版,1,1
初三化学化学式,3,1
初三化学化学式默写,2,1
初三化学实验,1,1
初三化学式,3,1
初三化学式化合价,2,1
初三化学讲义,2,1
初三化学预习,4,1
初三历史,2,1
初三历史常考,3,1
初三历史常考知识点,1,1
初三圆的专题,3,1
初三寒假作业,16,1
初三广东英语,1,1
初三数学第一单元试卷,1,1
初三期中考试上册遵义,2,1
初三期中考试上册遵义数学,2,1
初三模拟,2,1
初三比较简单几何的数学压轴题。,1,1
初三比较简单的数学压轴题。,3,1
初三物理开学考长郡梅溪湖,1,1
初三电学基础,6,1
初三竞赛数学题,2,1
初三第1单元测试卷,13,1
初三英语全一册词汇，短语，句型，人教版,5,1
初三英语跟读视频,1,1
初三英语阅读理解20篇,4,1
初三语文漳州,9,1
初三语文阅读训练记叙文,2,1
初三课件物理,1,1
初三课件物理ppt,1,1
初三零模清华附中,2,1
初中,6,1
初中 01 一轮复习 古诗词,3,1
初中 01 一轮复习 古诗词内容背诵整理,4,1
初中 化学 方程式 2025必背方程式,9,1
初中 单词1600词,1,1
初中 单词1600词汇表,1,1
初中 单词1600词汇表和测试,2,1
初中 数学 1轮 复习 代数知识点整理,1,1
初中 数学 1轮 复习 知识点汇总,1,1
初中 文言文 150个常考的文言文实词,9,1
初中 物理,2,1
初中 英语单词1600背默2024人教版,5,1
初中 英语时态,1,1
初中 词汇 1600 背诵版和默写,3,1
初中1600词汇表乱序,1,1
初中1600词汇表默写,3,1
初中2300百词,1,1
初中3500词 中考词汇英语,8,1
初中8年级听力专项训练,3,1
初中七上英语单词表,2,1
初中七年级下册奥林匹克数学,7,1
初中七年级奥林匹克数学竞赛,11,1
初中七年级数学期中试卷,1,1
初中三年总结卷,1,1
初中三年英语完形填空,3,1
初中上分卷,5,1
初中世界历史,4,1
初中中考英语作文素材,4,1
初中中考英语作文素材 人教版新版教材2026,4,1
初中二次函数单元测试题,3,1
初中人教版语文古诗词,5,1
初中作文,2,1
初中倍长中线模型,2,1
初中倍长中线模型北师大,1,1
初中入学分班考,2,1
初中全册语文比背课文和古诗文,5,1
初中全国人才选拔赛。,3,1
初中八大时态和12个语法体系,1,1
初中八年级上册,1,1
初中写作素材积累,3,1
初中写作素材积累语文,2,1
初中几何48个模型及题型,1,1
初中分班考,1,1
初中分班考试,4,1
初中初一计算,7,1
初中化学,3,1
初中化学九上期中,8,1
初中化学化学式默写,1,1
初中化学化学式默写填空、化学方程式默写空白卷,1,1
初中化学式,1,1
初中化学式默写,2,1
初中化学方程式分类汇总广东专用,1,1
初中化学沪教版,1,1
初中化学第一单元,1,1
初中化学计算,2,1
初中化学配平,3,1
初中半角模型归类,3,1
初中历史默写专项,6,1
初中同步练习册,4,1
初中听力,5,1
初中四星学霸,1,1
初中地理,8,1
初中地理课件视频,3,1
初中奥数 因式分解,1,1
初中学业水平考试,1,1
初中学业水平考试例析与指导,6,1
初中学业水平考试解析与检测,2,1
初中学霸作业本,1,1
初中学霸冲A卷,3,1
初中平面几何竞赛,2,1
初中必刷题,8,1
初中必刷题教材,1,1
初中必刷题数学七年级上册HK,1,1
初中必备化学知识点,3,1
初中必背古诗和文言文,2,1
初中必背古诗文言文,1,1
初中必背古诗文言文理解性默写,2,1
初中截长补短模型北师大版,4,1
初中摩擦力,1,1
初中政治答题模板,9,1
初中数学,1,1
初中数学 命题 大全,2,1
初中数学一次函数人教版,3,1
初中数学九上,2,1
初中数学九上相似三角形,7,1
初中数学九年级,3,1
初中数学二次函数取值范围分类讨论压轴题,2,1
初中数学二次函数有关对称轴的取值范围问题，压轴大题,16,1
初中数学例题修桥选址,1,1
初中数学公式,2,1
初中数学几何,7,1
初中数学几何专项测试重庆,4,1
初中数学几何动点,12,1
初中数学几何汇总专项复习,3,1
初中数学函数,1,1
初中数学函数专项练,3,1
初中数学因式分解专项练习五四制,1,1
初中数学圆,4,1
初中数学圆压轴,1,1
初中数学圆填空,1,1
初中数学圆填空压轴,1,1
初中数学基础知识点,1,1
初中数学基础题目,2,1
初中数学奥数,2,1
初中数学奥数题,1,1
初中数学奥林匹克小丛书 小蓝本,3,1
初中数学定义大全,3,1
初中数学定理,1,1
初中数学定理 大全,2,1
初中数学将军饮马,2,1
初中数学平行线的证明题,13,1
初中数学平面几何竞赛,3,1
初中数学拔高题,2,1
初中数学有理数计算 100专项训练计算专项,1,1
初中数学概念总结,1,1
初中数学竞赛 50题真题专项训练 全国竞赛专用,5,1
初中数学联赛二试,1,1
初中数学计算1000题,1,1
初中数学计算题,1,1
初中数学计算题1000道,5,1
初中数学计算题专项,1,1
初中数学计算题专项人教版,3,1
初中数学，二次函数取值范围压轴题,6,1
初中数论综合竞赛大题,2,1
初中文学常识,2,1
初中文言文,1,1
初中新生分班考卷,2,1
初中新生分班考卷广东潮安县,2,1
初中新生分班考卷潮安县,1,1
初中时态综合练习,3,1
初中易错字词,3,1
初中易错字词清单,1,1
初中易错字词语文,2,1
初中有理数的比大小。,2,1
初中有理数计算 100专项训练计算专项,1,1
初中概率,2,1
初中毕业年级教学质量检测,6,1
初中济南市2026中考试卷,1,1
初中热学,11,1
初中热学北京,2,1
初中物理 每天一题,1,1
初中物理 每天一题 北京,2,1
初中物理.专项,1,1
初中物理专项,3,1
初中物理专项天津,2,1
初中物理力学专项,1,1
初中物理力学专项重庆,1,1
初中物理力学培优提升,2,1
初中物理力学计算题,1,1
初中物理卷,3,1
初中物理卷力学,3,1
初中物理声音应用专项,7,1
初中物理声音应用的题,2,1
初中物理声音的传播应用专项,2,1
初中物理复习,1,1
初中物理强基计划,2,1
初中物理机械,7,1
初中物理模型,11,1
初中物理测量,4,1
初中物理物态变化,2,1
初中物理电学培优提升,1,1
初中物理电热计算压轴题,12,1
初中物理竞赛题,1,1
初中物理竞赛题北京,3,1
初中物理竞赛题目,8,1
初中物理自主招生压轴,3,1
初中物理隧道的题,5,1
初中生,1,1
初中生物学试题,2,1
初中生物资料,11,1
初中生联赛,1,1
初中综合素质评价,2,1
初中自主招生考试英语试题,2,1
初中英语1600词,4,1
初中英语3500词,3,1
初中英语3500词汇大全,8,1
初中英语仁爱版阅读理解 100篇专项训练,3,1
初中英语八个时态,4,1
初中英语八大时态和12个语法体系,1,1
初中英语单词3500个词汇,1,1
初中英语单词汇,1,1
初中英语单词汇总,3,1
初中英语单词汇总外研版,4,1
初中英语单词量自测,3,1
初中英语单词量自测福建,1,1
初中英语听力,1,1
初中英语听力训练20篇,11,1
初中英语完形填空,1,1
初中英语带听力单元检测试卷,5,1
初中英语必背单词短语,4,1
初中英语教材配套朗读音频八年级上册（译林版2024）,5,1
初中英语时态 2026一轮复习,3,1
初中英语有听力,1,1
初中英语短语练习题,2,1
初中英语答题卡,3,1
初中英语答题卡江西省,4,1
初中英语词汇,1,1
初中英语语法 2026,1,1
初中英语语法填空专项训练,1,1
初中英语语法填空专项训练人教版,3,1
初中英语语法汇总,3,1
初中英语课文精解,2,1
初中英语课文精解-基础写作入门必备,1,1
初中英语阅读理解 100篇专项训练,6,1
初中莱芜市2026中考试卷,1,1
初中衔接高中的课程,4,1
初中衔接高中英语阅读理解,3,1
初中计算1000题,1,1
初中试卷第11章,8,1
初中试卷第11章八上,7,1
初中语文作文,3,1
初中语文作文范文,3,1
初中语文古诗文阅读含答案,5,1
初中语文基础卷,3,1
初中语文所有古诗词,2,1
初中语文散文阅读理解中考真题,1,1
初中语文易错字词清单,2,1
初中语文易错词语清单,1,1
初中语文病句 2026专题训练,5,1
初中语文阅读题答题格式,14,1
初中语法 2025 初中汇总中考,6,1
初中语法专项训练,3,1
初中语法填空,2,1
初中重庆实验外国语学校2025~2026学年度上期历史第1次月考,4,1
初中重庆数学中考,15,1
初中阅读题答题格式,1,1
初二,54,1
初二 数学 八年级下册期末,5,1
初二 数学 八年级下册期末揭阳,3,1
初二 数学计算题2026计算专题训练,5,1
初二 湖南 期末,5,1
初二 物理 八年级上册第一单元测试,1,1
初二 英语 2025 2026八年级下册期末,2,1
初二三数学第一单元试卷,1,1
初二上,17,1
初二上册初中数学遵义期中,5,1
初二上册期末,1,1
初二上册期末遵义数学,6,1
初二上册物理试卷,5,1
初二上册第一次月考物理题,10,1
初二上册英语作文2026年期中押题,6,1
初二上学期数学书电子版,3,1
初二上数学期末南岸区,2,1
初二上月考,11,1
初二上沪教,1,1
初二下1期末复习数学,1,1
初二下册2026数学期末考试,15,1
初二下学期举行番茄数学压轴题真题,1,1
初二下学期数学2026,5,1
初二下学期数学2026六十一,2,1
初二下学期期末烟台英语,3,1
初二下学期矩形翻折数学压轴题真题,1,1
初二下期末,1,1
初二下期末物理试卷,5,1
初二下沪教版物理,1,1
初二下物理,6,1
初二二次函数,1,1
初二作文,8,1
初二全等三角形,5,1
初二全等三角形练习,6,1
初二几何,27,1
初二北师大版计算题,1,1
初二历史试卷,2,1
初二压轴题,15,1
初二地理卷子,2,1
初二开学考,9,1
初二数学,7,1
初二数学 强基班自主招生试卷 华师版,46,1
初二数学上,2,1
初二数学上二外,1,1
初二数学上二外重庆,1,1
初二数学上重庆,5,1
初二数学平方,13,1
初二数学期末南岸区,3,1
初二数学解三角形,1,1
初二数学轴对称图形,4,1
初二期末2026数学试卷,13,1
初二物理,2,1
初二物理上,2,1
初二物理上册期中考试,2,1
初二物理保定市,2,1
初二物理保定市博野县,2,1
初二物理公式,5,1
初二物理卷第三章物态变化,5,1
初二物理压轴题,1,1
初二物理知识点,4,1
初二物理知识点苏科版,1,1
初二现在完成时,2,1
初二现在完成时天津市,1,1
初二现在完成时天津市新外研版,1,1
初二科学初中必刷题力学浙江,1,1
初二英语,1,1
初二英语书,1,1
初二英语北京,2,1
初二英语期中试卷,4,1
初二英语网课,1,1
初二英语网课朱建邦,1,1
初二语文知识点讲解,1,1
初二语文考点,1,1
初二轴对称,8,1
初升 高数学 衔接2026,1,1
初升 高数学 衔接2027,2,1
初升高 分班考,2,1
初升高入学分班测试卷2026,6,1
初升高入学分班测试卷怀化麻阳,2,1
初升高入学考试,3,1
初升高入学考试试卷岳阳,10,1
初升高分班卷,2,1
初升高分班考试卷真题,1,1
初升高分班考语文,15,1
初升高四套真题英语,1,1
初升高开学考试,1,1
初升高文言120实词,1,1
初升高物理,4,1
初升高物理衔接,1,1
初升高英语考试,3,1
初升高英语衔接练习,9,1
初升高衔接摸底测试,1,1
初升高衔接教材数学,4,1
初升高衔接检测卷,1,1
初升高衔接检测卷英语,2,1
初升高语文,8,1
初生高,1,1
初稿衔接,1,1
初等函数比大小,2,1
初等函数知识点,4,1
初识酸和碱,9,1
初高一衔接卷,1,1
初高一衔接卷英语,4,1
初高中精品英语馆,1,1
初高中英语资料大全,5,1
初高中衔接,1,1
初高中衔接专题专项训练语文,1,1
初高中衔接卷,1,1
初高中衔接听力,1,1
初高中衔接直通车,13,1
初高中衔接直通车道德与法治,4,1
初高中衔接英语综合测试卷模拟04,2,1
初高数学衔接一本通,1,1
初高衔接 高一生物必修一基础练习题,4,1
初高衔接因式分解,3,1
初高衔接数学计算,3,1
初高衔接生物,5,1
初高衔接英语完型阅读图片,5,1
初高衔接语文,5,1
初高衔接语法,3,1
初高衔接课,2,1
初高衔接课件,3,1
判卷,1,1
判断三角形形状,1,1
判断东西半球,2,1
判断半球,1,1
判断宾语和宾补,1,1
判断显隐性,2,1
判断电流表的测量对象练习,11,1
利川,10,1
利津县合作交流部,13,1
利津县合作交流部选拔测试,6,1
利用动量定理巧解流体模型题目,3,1
利用导数研究函数的恒成立和存在问题,3,1
利用导数研究函数的恒成立问题,4,1
到角公式,1,1
到角公式夹角公式,4,1
刷基础,1,1
刷题诀,1,1
前10天终极仿真卷,2,1
前年八上化学宁阳县期中,3,1
前年八上物理宁阳县期中,4,1
前年宁阳期中八上物理,4,1
前黄中学,1,1
前黄中学2028,1,1
前黄国际,5,1
前黄实验,1,1
前黄实验小学,4,1
前黄强基,2,1
剑桥join in2024四年级上册课本音频,2,1
剑桥join in2024四年级上册音频,6,1
剑桥大学,3,1
剑桥雅思官方真题集11Test,7,1
剑邑杯,1,1
剑阁县,6,1
剩法口决,2,1
副本长郡2024-2025学年八年级下学期期末考试英语试卷,1,1
副本长郡2024-2025学年八年级下学期期末考试英语试卷.docx,1,1
副词,1,1
力 学,1,1
力与运动单元测,7,1
力专题复习,3,1
力人教版,5,1
力和压强,1,1
力和压强练习题,1,1
力和运动的关系专题复习,6,1
力学与运动高中物理大题,5,1
力学专题复习,2,1
力学卷子,2,1
力学卷子高中,3,1
力学压轴,1,1
力学压轴专题初中物理,3,1
力学复习专题,1,1
力学大综合,1,1
力学大题,1,1
力学实验,8,1
力学竞赛,5,1
力学综合题,5,1
力学计算专题初中物理,3,1
力方向分析,2,1
力旺,2,1
力旺实验中学,7,1
力的分解和合成 一轮复习,2,1
力的动态分析,1,1
力的合成与分解练习题,1,1
力的平衡一轮复习,2,1
力矩平衡,1,1
劝 学,6,1
劝 学翻译,3,1
劝学,3,1
劝学 理解性默写,1,1
劝学知识点,1,1
劝学高一语文翻译,1,1
功,4,1
功与机械能2026专题复习,1,1
功功率压轴专题,2,1
功功率电功电功率压轴专题,1,1
功和功率压轴专题,2,1
功和功率压轴专题中考复习,1,1
功率,2,1
功的分析和计算,1,1
功能关系与能量守恒的理解应用,7,1
加减乘除应用,6,1
加强卷4,5,1
加成,1,1
加成反应,3,1
加拿大区域地理,1,1
加权逆等线,7,1
加法模型和乘法模型,1,1
加法运算律,1,1
加速度一轮复习,3,1
加速度不同的连接体问题,3,1
加速度测量,1,1
加速度的理解和计算,2,1
加速度运动,3,1
动力学2026专题复习,3,1
动力学中的热点问题与模型,2,1
动名词doing用法九年级上册人教版,3,1
动图,1,1
动态几何加一次函数求函数解析式的例题,9,1
动态几何加一次函数求函数解析式问题,7,1
动态分析,1,1
动态平衡 2026专题,4,1
动态平衡 2026专题高中物理,2,1
动态平衡题,2,1
动态平衡题型归纳,1,1
动态电路,3,1
动态电路分析,1,1
动态电路分析与计算,3,1
动态电路分析，人教版高中,1,1
动滑轮+正交分解物理专项训练,4,1
动点,5,1
动点 1 七上数学动点问题,2,1
动点七下,1,1
动点专题,4,1
动点函数,2,1
动点问题高一,3,1
动物细胞工程大题,1,1
动能专题,3,1
动能和动能定理,5,1
动能定理单元测试卷,7,1
动能定理及其应用,1,1
动能定理解决多过程,5,1
动能定理课件,2,1
动角 初一压轴题,1,1
动词,2,1
动词-ing 形式,3,1
动词不定式,11,1
动词不定式 2026,6,1
动词不定式题目,1,1
动词不定式，分词语法填空,11,1
动词加副词性短语,1,1
动词和动词短语,3,1
动词时态的练习,2,1
动轴定区间 定轴动区间求最值,2,1
动量 动量定理,10,1
动量与冲量,5,1
动量与冲量的理解和计算,3,1
动量与能量的综合应用,1,1
动量专项,4,1
动量专题复习,4,1
动量习题,3,1
动量压轴,4,1
动量及动量守恒定律,2,1
动量及动量守恒定律专题,4,1
动量基础,5,1
动量多物体碰撞,4,1
动量多物体碰撞专题,1,1
动量守恒  培优,3,1
动量守恒 15个 培优,1,1
动量守恒 15个模型 培优,1,1
动量守恒 15个模型专题,3,1
动量守恒定律,1,1
动量守恒定律 15个模型专题练习,14,1
动量守恒定律及其应用,3,1
动量守恒定律实验,3,1
动量守恒定律实验试卷,2,1
动量守恒定律物理人教版专项练习,8,1
动量守恒定律试卷,1,1
动量守恒试卷,5,1
动量定理巧解流体问题,2,1
动量模型,3,1
动量练习题,10,1
励才7年级英语,1,1
勉县,6,1
勐罕镇中心小学期末试卷,2,1
勐腊县,15,1
勤学早 中考在线,2,1
勤建学校,14,1
勤思优才,2,1
勻变速直线运动,2,1
勾股定理专项训练,29,1
勾股定理专题上好课,17,1
勾股定理单元测试卷培优,1,1
勾股定理应用,1,1
勾股定理综合应用,27,1
匀变速2026 一轮复习题物理,2,1
匀变速的直线运动的研究,2,1
匀变速直线运动 12种题型,1,1
匀变速直线运动 12种题型高一物理习题,1,1
匀变速直线运动 卷,1,1
匀变速直线运动 基础卷,1,1
匀变速直线运动检测,5,1
匀变速直线运动测试,6,1
匀变速直线运动的两个推论,15,1
匀变速直线运动的推论,1,1
匀变速直线运动的研究单元测试卷,5,1
匀变速直线运动练习题,18,1
匀变速直线运动规律的应用,2,1
匀变速直线运动速度与时间的关系,6,1
匀强电场,1,1
匀速直线运动的比例式及解题方法,3,1
包三中,1,1
包含答题卡的试卷,5,1
包头七下,37,1
包头东河2026初一下期末各科试卷,2,1
包头八上,5,1
包头初二贯通班数学考试试卷,8,1
包头包头市第一中学数学卷,3,1
包头市2025 2026高一下学期期末,2,1
包头市2025年中考,2,1
包头市2026期末,1,1
包头市七年级下册生物,1,1
包头市七年级下册生物第一章,4,1
包头市东河区,3,1
包头市中考,5,1
包头市八上月考数学真题卷,4,1
包头市八上期中期未英语,8,1
包头市八上语文期中卷,5,1
包头市八年级数学统考,8,1
包头市初一年级,1,1
包头市初一年级毕业调研考试数学,8,1
包头市初二年级2026物理期末,9,1
包头市历代数学卷,1,1
包头市历代贯通班直通班数学卷,1,1
包头市物理八年级第二学期期末试卷,16,1
包头市第一中学,1,1
包头市第九中学,1,1
包头市第九十三中学,2,1
包头市第九十五中学,2,1
包头市贯通班,1,1
包头市青山区,4,1
包头市青山区八年级第二学期物理考试期末,1,1
包头市青山区第四中学试卷,40,1
包头市高一下学期期末考试,10,1
包头市高二上学期数学月考卷10月,4,1
包头钢三小学,1,1
包头钢四小学,7,1
包头高一下学期数学,1,1
包头高一期末物理,1,1
包河区,4,1
包钢一中,1,1
化合价 2025 书写练习,6,1
化学 1轮复习专题,1,1
化学 2024深圳市模考,2,1
化学 一轮复习2026讲义,1,1
化学 公式,1,1
化学 合格考,1,1
化学 实验 2025二轮复习实验专题,6,1
化学 必修一,5,1
化学 必修一 1必背知识点清单总结,5,1
化学 必修二 1必背化学方程式默写,6,1
化学 必修二 必背知识点清单总结,2,1
化学 知识点 2026新高考知识点汇总,8,1
化学 离子,2,1
化学 离子 图象,1,1
化学 竞赛,4,1
化学 竞赛 广东,1,1
化学 第一课,3,1
化学 选择性必修二测试,5,1
化学 金考卷,1,1
化学 金考卷 一轮复习,2,1
化学 高一 研究物质性的方法,3,1
化学020化学专题工艺流程大题一卷,2,1
化学1-3单元,3,1
化学11月考,3,1
化学2.1,1,1
化学2.1碳酸,4,1
化学2025年福建高考卷,2,1
化学2026,5,1
化学2026中考,2,1
化学2026河北卷,1,1
化学2026河北卷真题,3,1
化学2026课,1,1
化学2026高三,36,1
化学2026高考,13,1
化学K值的计算,3,1
化学一本,1,1
化学一课一练,2,1
化学一课一练九年级,1,1
化学一课一练九年级惠州,3,1
化学一轮,7,1
化学一轮专题,11,1
化学一轮专题人教,1,1
化学一轮复习专题,1,1
化学一轮复习必修一刷题,1,1
化学一轮复习离子共存题,3,1
化学与CSTSE 传统文化,1,1
化学与STSE,4,1
化学与生活,1,1
化学与生活高考,1,1
化学专项练习,2,1
化学专题一轮复习,2,1
化学专题复习,1,1
化学专题复习高中必修1,9,1
化学专题工艺流程大题,4,1
化学专题工艺流程大题高考,3,1
化学中考总复习,8,1
化学中考模拟,3,1
化学乙卷,1,1
化学九上,2,1
化学九上人教版,1,1
化学九上人教版第一节,4,1
化学九上人教版第一节人教版,4,1
化学九上其中,3,1
化学九上期末,2,1
化学九上知识点总结公式,5,1
化学九上第1单元沪教版,7,1
化学九上第二单元练习卷,6,1
化学九上试题,6,1
化学九年级上册第三单元物质构成的奥秘单元测试卷,6,1
化学九年级上册第二单元空气和氧气B卷拔高卷,16,1
化学九年级上第一次阶段测试,1,1
化学九年级上第一次阶段测试上海,1,1
化学九年级上第一次阶段测试上海普陀,1,1
化学九年级单元测试,1,1
化学九校联考,6,1
化学九省联考,3,1
化学九省联考江苏,3,1
化学人教八年级,4,1
化学人教版,1,1
化学人教版必修一第一章,3,1
化学人教版选修一,1,1
化学仪器及名称大全,4,1
化学价,2,1
化学价与化学式,6,1
化学会考,11,1
化学元素周期表 背诵,1,1
化学元素周期表默写,3,1
化学全国高考二卷,3,1
化学八下期末,10,1
化学八中,1,1
化学公式中考,1,1
化学分班考,1,1
化学创新考试,19,1
化学初三东城,2,1
化学初中知识点,3,1
化学初赛,9,1
化学刷题,2,1
化学刷题高一,3,1
化学化学平衡,2,1
化学化学平衡试卷,4,1
化学半期,2,1
化学单元卷,5,1
化学单元检测空气和氧气,2,1
化学单元检测空气和氧气一飞冲天,1,1
化学单元测试,1,1
化学南通高三,1,1
化学卷一模,3,1
化学卷子,2,1
化学卷子北京高二,4,1
化学厦门,1,1
化学反应与能量,4,1
化学反应与能量 必修二,18,1
化学反应原理综合,5,1
化学反应原理计算,5,1
化学反应平衡图像,4,1
化学反应热,1,1
化学反应热专题,3,1
化学反应热课件,3,1
化学反应的定量关系,9,1
化学反应的方向,1,1
化学反应的热效应 单元复习知识点,1,1
化学反应的焓变,1,1
化学反应速率与化学平衡,3,1
化学反应速率与平衡图像分析,8,1
化学反应速率与平衡图像分析03,1,1
化学同步讲义,6,1
化学同步讲义上好课,1,1
化学四月2019选考,1,1
化学图象,1,1
化学复习讲义全国通用,1,1
化学复赛竞赛模拟,4,1
化学大题压轴,1,1
化学大题压轴山东,4,1
化学天津高考卷,1,1
化学失重法,3,1
化学奥林匹克竞赛,2,1
化学孝高高二上学期月考周考,2,1
化学学习资料中心,1,1
化学学案,2,1
化学安徽高一10月联考,28,1
化学实验,7,1
化学实验与探究,3,1
化学实验与科学探究,3,1
化学实验器材使用注意事,3,1
化学实验基础与探究,3,1
化学实验基础题,6,1
化学实验大题山东,1,1
化学实验视频,1,1
化学实验除杂,1,1
化学实验除杂高考,21,1
化学实验题,15,1
化学小实验图像汇总,3,1
化学山东高考,3,1
化学山东高考2025,2,1
化学工业流程大题专题,3,1
化学工艺流程 江苏 2027,2,1
化学工艺流程综合高考,3,1
化学市质检,1,1
化学市质检福州,1,1
化学市质检福州卷,1,1
化学平衡专题,9,1
化学平衡图像,3,1
化学平衡常数 分压平衡常数,3,1
化学平衡常数与转化率练习题,3,1
化学平衡常数和平衡移动,1,1
化学平衡的相关计算,4,1
化学平衡计算,2,1
化学平衡速率,3,1
化学广东佛山南海区,4,1
化学开学,5,1
化学式书写,2,1
化学式的书写大全,2,1
化学必修1第1单元测试卷,8,1
化学必修1第1单元测试卷 人教,9,1
化学必修一必修二复习卷,4,1
化学必修一必修二知识点,6,1
化学必修一方程式,1,1
化学必修一期末卷,1,1
化学必修一物质及其变化,15,1
化学必修一物质的量,4,1
化学必修一物质的量检测题,1,1
化学必修一知识点,3,1
化学必修一知识点元素周期表,6,1
化学必修一知识点总结电子式,2,1
化学必修一知识点电子式,2,1
化学必修一第一章,8,1
化学必修一第一章 单元测试鲁教版,2,1
化学必修一第一章知识点,1,1
化学必修一综合,1,1
化学必修一课本,1,1
化学必修一课本电子版,3,1
化学必修一题型,4,1
化学必修二,1,1
化学必修二优化设计,1,1
化学必修二优化设计能力提升,7,1
化学必修二期末试卷江西,2,1
化学必修二期末试卷江西抚州,3,1
化学必修二第6章综合,1,1
化学必修二，期末试卷,4,1
化学必备知识点高考,5,1
化学必背知识点清单,10,1
化学成都,1,1
化学扬子石化杯,3,1
化学摩尔,2,1
化学教材,1,1
化学新高二暑假自学课提升精品人教版,12,1
化学方程式作业,1,1
化学方程式少量多量问题练习题,1,1
化学方程式的相关计算,4,1
化学方程式配平,10,1
化学方程式默写,1,1
化学无机复习,1,1
化学无机方程式复习,5,1
化学日照市期中,3,1
化学早背晚默,4,1
化学暑假作业,4,1
化学暑假预习讲义,1,1
化学暑假预习讲义01,1,1
化学暑假预习讲义01 焓变反应热,3,1
化学有机100题,5,1
化学有机2026高三专题,2,1
化学有机2026高三专题烃醇酸,1,1
化学有机专练,7,1
化学有机卷子,2,1
化学有机合成,4,1
化学有机命名,2,1
化学有机基础知识,6,1
化学有机小题,2,1
化学有机推断大题,3,1
化学有机物合成,1,1
化学有机知识清单,12,1
化学有机综合卷,3,1
化学有机试卷,2,1
化学有机选择,4,1
化学有机选择真题,1,1
化学期中,1,1
化学期中测试天津市部分区,5,1
化学期中考试,2,1
化学期末,19,1
化学期末考试,4,1
化学期末考试试卷,13,1
化学模拟卷,3,1
化学模拟卷江苏,2,1
化学氧化还原反应离子方程式试卷,2,1
化学氯,3,1
化学氯专题,1,1
化学氯练习,1,1
化学江苏高一期末,3,1
化学江西,2,1
化学泰州中学,4,1
化学流程题,5,1
化学流程题高中,1,1
化学浓度图象,1,1
化学湖北高考,1,1
化学滕州,11,1
化学滕州第一次月考,3,1
化学焓变,4,1
化学燃料与有机化合物,18,1
化学物质的分类课后练习,2,1
化学物质结构大题,4,1
化学理高二下期末吉林.,5,1
化学生物大分子,11,1
化学电离平衡,2,1
化学盐酸,1,1
化学知识,3,1
化学知识点,1,1
化学知识点必修一第1单元,9,1
化学离子反应高一必修一,3,1
化学离子反应高一必修一基础,3,1
化学离子方程式复习,1,1
化学离子方程式少量多量问题练习题,2,1
化学离子浓度,1,1
化学离子浓度平衡,5,1
化学竞赛 决赛,1,1
化学竞赛 初赛真题,15,1
化学竞赛初中,1,1
化学竞赛初赛真题,3,1
化学竞赛初赛试题,4,1
化学竞赛复赛,7,1
化学竞赛复赛高中江苏,3,1
化学竞赛模拟,1,1
化学竞赛江苏25复赛,3,1
化学第8讲钠及其化合物新高一暑假讲义,2,1
化学第一单元,9,1
化学第一次,2,1
化学第一章必修一,4,1
化学第五章,1,1
化学等效平衡原理,4,1
化学答题卡,19,1
化学练习册必修二,2,1
化学练习册必修二沪科版,3,1
化学考点,1,1
化学背诵,3,1
化学能与电能的转化,3,1
化学能与电能的转化，选择性必修一人教版,5,1
化学自主招生,8,1
化学苏教版必修一知识点填空,1,1
化学苏教版必修一研究物质的基本方法,1,1
化学表格实验,2,1
化学装置原理,3,1
化学装置原理初中,2,1
化学讲义,1,1
化学讲义高一上,13,1
化学试卷九上月考,1,1
化学试卷九上月考第一次,2,1
化学试卷九年级 上册第一单元和第二单元,1,1
化学试卷九年级 第一单元和第二单元,1,1
化学选修一,1,1
化学选修一人教版沉淀溶解平衡应用,6,1
化学选修一人教版知识点,4,1
化学选修一知识点,3,1
化学选修一第一单元化学反应的热效应,5,1
化学选修一第一单元化学反应的热效应苏教版,12,1
化学选修三,1,1
化学选修三第二章,3,1
化学选修二知识点,3,1
化学选必一苏教版,1,1
化学选必三知识点,2,1
化学选必二,2,1
化学选必二教材,1,1
化学选择性必修1第三章点电解质,1,1
化学选择性必修1第三章点电解质综合题,3,1
化学选择性必修2?3,4,1
化学选择性必修3期末,1,1
化学选择性必修一,12,1
化学选择性必修一100题,1,1
化学选择性必修一专题三,1,1
化学选择性必修一专题三PPT,1,1
化学选择性必修一反应原理,3,1
化学选择性必修一周周练,1,1
化学选择性必修一第1单元练习,3,1
化学选择性必修三,2,1
化学选择性必修三烯烃,8,1
化学选择性必修三零失误,2,1
化学选择性必修二,4,1
化学选择性必修二物质结构与性质综合复习卷,2,1
化学选择题,6,1
化学选择题100练,1,1
化学选择题专练,7,1
化学速率,8,1
化学重难点手册,1,1
化学重难点手册选必一,1,1
化学重难点手册选必一酸碱中和滴定,4,1
化学金属非金属,1,1
化学键,1,1
化学阶段练习,1,1
化学限定条件的离子方程式书写,3,1
化学随堂练必修一,6,1
化学预习,1,1
化学题,3,1
化学题型,2,1
化学题型高中,8,1
化学首考,1,1
化学高一,2,1
化学高一1下期期末,3,1
化学高一一本,1,1
化学高一上 期末,2,1
化学高一上册一单元,3,1
化学高一上册第一单元,2,1
化学高一上月考天津一中,1,1
化学高一下期末,2,1
化学高一卷子,2,1
化学高一期末,1,1
化学高一研究物质性的基本程序,6,1
化学高一研究物质性的方法,9,1
化学高一研究物质性质的方法,10,1
化学高三2026模拟卷,13,1
化学高三复习试卷,1,1
化学高三实验装置,5,1
化学高中全国二,3,1
化学高中合格性考试,1,1
化学高中同步复习资料,2,1
化学高中方程式,1,1
化学高中选择性必修1123单元总测试卷,10,1
化学高二上期末考试试卷,12,1
化学高二人教版2019选择性必修3,1,1
化学高二选择性必修1单元测试题。,1,1
化学高考2021,1,1
化学高考云南卷,1,1
化学高考卷真题,2,1
化学默写,1,1
化学默写小纸条,2,1
化州市新安镇第一中学,13,1
化工流程,2,1
化工流程专题,3,1
化工流程综合,1,1
化竞,3,1
化简,1,1
北171初一期中考试卷,1,1
北中1+3,8,1
北京 中考 2026 语文,1,1
北京 数学 中考,3,1
北京 高考 10年 真题 分类 汇总,7,1
北京101中学2025,1,1
北京101中学2025生物,1,1
北京101中学生物,1,1
北京101月考,2,1
北京11,1,1
北京161分班考,4,1
北京2025-2626,1,1
北京2025中考物理,3,1
北京2025年普通高中学业水平等级测试,6,1
北京2025高二下期末考试,1,1
北京2026中考数学,3,1
北京2026年中考英语真题,2,1
北京2026年高考物理,2,1
北京2026高一下学期朝阳化学,8,1
北京2026高考英语,1,1
北京25化学,1,1
北京25高考化学,1,1
北京26初三二模几综汇编,2,1
北京26年英语高三一模,4,1
北京8年级下册数学,5,1
北京一五九中学,16,1
北京一六一中学,1,1
北京一年级上学期阶段检测,2,1
北京一年级下学期阶段检测,1,1
北京一零一中,9,1
北京一零一中学,3,1
北京一零一中学.,2,1
北京一零一中期末考试,4,1
北京七年级下学期期末,16,1
北京七年级下学期期末英语,5,1
北京三十一中,1,1
北京三年级下学期期末,3,1
北京三年级期末数学,13,1
北京专升本,1,1
北京专用分班考模拟卷,2,1
北京东城2023届高三上学期数学期末,2,1
北京东城2024高二下期末考试,2,1
北京东城2024高二下期末考试英语,2,1
北京东城25-26期末高二下化学,3,1
北京东城区四年级下学期期末数学真题,2,1
北京东城区四年级下学期英语真题,1,1
北京中学高中部,1,1
北京中学，高中部,1,1
北京中考 数学2026,2,1
北京中考 物理2026,2,1
北京中考2026数学,1,1
北京中考一模数学,3,1
北京中考数学题,1,1
北京中考真题,5,1
北京中考英语阅读,1,1
北京中考英语阅读C D,1,1
北京中考语文,2,1
北京中考语文2026,3,1
北京中考语文真题,3,1
北京丰台2025高二下期末考试英语,1,1
北京丰台2026高一下化学期末,1,1
北京丰台2026高一下地理,3,1
北京丰台2026高一下地理期末,2,1
北京丰台2026高一下物理期末,1,1
北京丰台高三期中,1,1
北京九年级上学期期末,1,1
北京二中教育集团,7,1
北京二中教育集团七年级,1,1
北京二中高二下期末,1,1
北京二十中,6,1
北京二十中启承,2,1
北京二十二中,19,1
北京二年级上学期期末,4,1
北京二年级下学期阶段检测,12,1
北京二模物理,1,1
北京五十四中,4,1
北京五年级上学期期末试卷,20,1
北京交大附中 2025~2026 学年高二学期 6 月检测高二化学,3,1
北京交大附中2025-2026学年第二学期6月检测高二化学,1,1
北京交通大学附属中学,9,1
北京人大附中2026高三数学热身考,4,1
北京人大附中2026高二期末数学,4,1
北京人大附中初一上英语,11,1
北京人大附中初一上英语期中,2,1
北京人大附中期末,1,1
北京人大附中高一下期末,3,1
北京人大附属高中上学期高一数学,2,1
北京人民大学附中高一下期末,2,1
北京人民大学附属中学高一下期末,12,1
北京人民大学附属中学高一下英语,3,1
北京体育大学,3,1
北京八上一六一中学,5,1
北京八上期中数学,2,1
北京八中2026高三数学,2,1
北京八中乌兰察布分校的期末卷,1,1
北京八中兰州分校,3,1
北京八中兰州学校,1,1
北京八中分班考,1,1
北京八中暑期,1,1
北京八中期中,5,1
北京八中高一下政治月考,1,1
北京八中高一下期末,1,1
北京八中高一分班考,3,1
北京八中高一开学检测,2,1
北京八年级上学期期中,1,1
北京八年级下学期期末丰台区,2,1
北京八年级下期末英语,3,1
北京六年级上学期阶段检测,1,1
北京六年级下学期阶段检测,1,1
北京分班考,6,1
北京分班考2027,29,1
北京初一人大附中,2,1
北京初二数学竞赛模拟题,8,1
北京初二竞赛类的试卷,1,1
北京初二竞赛类的试卷数学,4,1
北京北大附属中学新高一,3,1
北京十一,2,1
北京十一学校,4,1
北京十三中分班考,2,1
北京十二中八下数学,3,1
北京十二中八下物理,7,1
北京十五中,4,1
北京十五中分班考高一,1,1
北京十五中高三,1,1
北京十五中高三开学考,4,1
北京十四中高二上期中化学,4,1
北京十四中高二上期中数学,5,1
北京卷,1,1
北京卷 2026高考英语,1,1
北京卷 2026高考语文,1,1
北京卷英语,1,1
北京各区初三期中真题,3,1
北京四中2026高三数学,2,1
北京四中高一英语 上,1,1
北京回民学校开学考 分班考 高一上,2,1
北京外国语大学附属外国语学校,2,1
北京大兴初二下,1,1
北京大兴高三期末英语,3,1
北京大兴高二下期末英语,1,1
北京大学强基,1,1
北京大学强基考试真题,1,1
北京大学强基计划,2,1
北京大学附属中学,7,1
北京大学附属中学开学考,1,1
北京大学附属中学高一,3,1
北京大学附属中学高一下化学,9,1
北京工业大学附属高中数学,1,1
北京工业大学附属高中数学高一期末考试,9,1
北京市,3,1
北京市101中学2025~2026年八下期末物理,1,1
北京市101中学七年级上册期中考试数学,1,1
北京市2025~2026年八下期末物理,1,1
北京市2025一2026学年七年级上学期期中考试101数学试卷,1,1
北京市2025一2026学年七年级上学期期中考试数学试卷,4,1
北京市2025年普通高中学业水平等级性考试 化学,1,1
北京市2025年普通高中学业水平等级性考试 地理,1,1
北京市2026中考,3,1
北京市2026年七年级下学期期末数学试卷答案,2,1
北京市2026年中考,1,1
北京市2026年中考化学试卷,2,1
北京市2026年中考数学,2,1
北京市2026年中考语文试卷,1,1
北京市2026年化学试卷,1,1
北京市2026年高考英语试卷,2,1
北京市一零一,2,1
北京市一零一中学,8,1
北京市一零一中学2025~2026年八下期末物理,6,1
北京市一零一中学高一下期末化学,2,1
北京市一零一中学高一下期末物理,9,1
北京市东城区,9,1
北京市东城区2025~2026学年高二下学期期末统一检测英语试题,1,1
北京市东城区2025~2026学年高二期末统一检测英语试题,1,1
北京市东城区2025到2026学年度八年级下册数学数学考试,2,1
北京市东城区2026年中考二模数学试题,1,1
北京市东城区2026年中考二模，数学试题,2,1
北京市东城区四年级下学期期末语文真题,2,1
北京市中国人民大学附属中学,3,1
北京市丰台区2025到2026学年度八年级下册数学期末考试,13,1
北京市交通大学附属中学,6,1
北京市人民大学附属中学,4,1
北京市八下期末物理,2,1
北京市八十中,2,1
北京市八年级上册数学,2,1
北京市准高二分班考试卷,1,1
北京市北京师范大学附属中学24-25年高一下学期期末地理,1,1
北京市各区期中九上二次函数专题,1,1
北京市各区期中真题九上二次函数专题数学,1,1
北京市大兴区2024到2025学年高二上学期期中考试数学题,4,1
北京市大兴区2026数学,1,1
北京市大兴区2026数学7年级下册,4,1
北京市大峪中学,3,1
北京市怀柔区2024到2025学年度八年级下册数学期末考试,1,1
北京市怀柔区2025到2026学年度八年级下册数学期末考试,7,1
北京市房山区,4,1
北京市房山区2025到2026学年度八年级下册数学期末考试,5,1
北京市房山区2026高一下期末,4,1
北京市房山区八年级下册数学期末考试,3,1
北京市房山区初二下册数学期末试卷,2,1
北京市房山区数学8年级上册,17,1
北京市房山区英语8年级上册,4,1
北京市房山区高一上月考数学,4,1
北京市房山区高一上期中数学,2,1
北京市房山区高一英语期末,1,1
北京市数学八年级下册期末,2,1
北京市昌平区2023八年级上学期数学期中,3,1
北京市昌平区2025到2026学年度八年级下册数学期末考试,2,1
北京市朝阳区2025~2026年八下期末物理,2,1
北京市朝阳区七年级下册卷子,16,1
北京市朝阳区九年级综合练习一,2,1
北京市朝阳区高一地理,1,1
北京市朝阳区高二上学期期末考试化学卷子,2,1
北京市期中,11,1
北京市海淀101初二下数学月度调研,2,1
北京市海淀区,1,1
北京市海淀区2025-2026学年第二学期期末练习,2,1
北京市海淀区2025~2026年八下期末物理,2,1
北京市海淀区2025到2026学年度八年级下册数学数学考试,1,1
北京市海淀区2025至2026年学年第二学期期末练习,5,1
北京市海淀区2026年初一下册数学七卷区卷,2,1
北京市海淀区2026年初一下册清华大学附属中学永丰学校数学卷子,3,1
北京市海淀区七年级上册数学期末试卷,1,1
北京市海淀区八下期末,1,1
北京市海淀区八下期末数学,4,1
北京市海淀区北京大学附中高一下学期期末,2,1
北京市第一七一中学,4,1
北京市第一中学,2,1
北京市第二中学,1,1
北京市第十一中学,1,1
北京市第十一中学数学,1,1
北京市第十二中学,3,1
北京市第十二中学2019~2020学年高一下学期期末考试历史试题,9,1
北京市第四中学,1,1
北京市第四中学.,2,1
北京市第四中学高一分班考,1,1
北京市西城区,2,1
北京市西城区2023到2024学年度九年级上册物理期末考试,1,1
北京市西城区2025~2026年八下期末物理,3,1
北京市西城区期末,15,1
北京市西城区第43中学,1,1
北京市西城区第八中学2023到2024学年度九年级上册期中数学考试,4,1
北京市西城区第八中学2024到2025学年度九年级上册期中数学考试,5,1
北京市西城区第八中学九年级期中数学考试2025到2026年,1,1
北京市西城区第八中学九年级期中考试2025到2026年,1,1
北京市西城区高二上期中数学,1,1
北京市通州区高一,1,1
北京市通州区高一下物理期末,1,1
北京市门头沟区2023到2024学年度数学期末考试八年级下册,2,1
北京市门头沟区大峪中学高三上开学测,3,1
北京市门头沟区大峪中学高三上开学测地理,7,1
北京市门头沟区大峪中学高三上开学测政治,20,1
北京市门头沟区大峪中学高三上开学测数学,2,1
北京市陈经纶中学2025-2026学年高一下学期阶段检测物理试卷,3,1
北京市高一下半学期期末生物题,1,1
北京市高一下期末通州物理,4,1
北京师大附中2025 2026学年 上 高一期末考试,1,1
北京师大附中2025 2026学年 下 高二期末考试,1,1
北京师大附中2025 2026学年 下 高二期末考试英语,3,1
北京师大附中2025 2026学年 下 高二期末考试英语试卷,2,1
北京师大附中2025 2026学年 下 高二考试英语试卷,3,1
北京师大附中期末2026学年 下 高二考试英语试卷,9,1
北京师范大学万宁实验学校,1,1
北京师范大学庆阳中学,1,1
北京师范大学庆阳实验中学,1,1
北京师范大学海口附属学校,2,1
北京师范大学附属实验中学。,4,1
北京平谷高一上期中物理,5,1
北京延庆 七年级第二学期综合检测（一）数学,6,1
北京开学,1,1
北京开学考 分班考 高一上,1,1
北京房山高一下期末化学,2,1
北京房山高一下英语,1,1
北京政治哲学,1,1
北京数学代综,1,1
北京数学期中,2,1
北京数学期末,1,1
北京新高一分班考化学,3,1
北京新高一分班考试卷,2,1
北京昌平2024高一下期末数学,1,1
北京昌平2025 2026高二下语文第一组,5,1
北京昌平2025高一下期末数学,4,1
北京景山学校2023-2024学年度第一学期高三数学开学考试试卷,1,1
北京朝阳,12,1
北京朝阳2024高二下期末考试,4,1
北京朝阳2025高二下期末考试,4,1
北京朝阳25-26期末高二下化学,6,1
北京朝阳七年级,2,1
北京朝阳八年级期末试卷,3,1
北京朝阳区人教版六年级数学上学期阶段检测,1,1
北京朝阳区六年级上学期阶段检测,1,1
北京朝阳区数学七下期末卷数学,3,1
北京朝阳高三一模,1,1
北京期末物理卷子,2,1
北京汇文,8,1
北京汇文中学旗下期中测试卷,2,1
北京海淀2023届高三上学期数学期末,1,1
北京海淀2024高二下期末考试,8,1
北京海淀区8上,1,1
北京海淀区九上期末,1,1
北京海淀区九上期末2025~2026,1,1
北京海淀区初一下英语期末,1,1
北京海淀开学考,1,1
北京海淀精华培训,11,1
北京海淀高三分班考,15,1
北京海淀高三开学考,1,1
北京清华大学,2,1
北京清华附中,8,1
北京版,2,1
北京物理,16,1
北京物理8年级下册期末试卷,2,1
北京物理中考真题,1,1
北京物理人教初三,4,1
北京物理人教初三教案,1,1
北京理工大学附中分班考,6,1
北京理工大学附属中学数学,3,1
北京理工大学附属中学数学八下期末,1,1
北京生物学联赛,1,1
北京真题 汇编10年真题重组,1,1
北京真题数学,2,1
北京真题数学含答题卡,2,1
北京第一六六中学期中数学,9,1
北京第一实验中学,1,1
北京第二中学,3,1
北京第十二中学,2,1
北京第四中学,4,1
北京统计,5,1
北京股权有限公司,1,1
北京英语,1,1
北京英语中考,3,1
北京英语合格考,4,1
北京英语模考中考,1,1
北京英语高二,1,1
北京英语高考题,1,1
北京西城2023届高三上学期数学期末,1,1
北京西城2024高二下期末考试英语,3,1
北京西城2025高二下期末考试英语,7,1
北京西城初二,1,1
北京西城区26高二期末,1,1
北京西城区七年级英语阅读每日一练,2,1
北京西城区八年级下学期期末,7,1
北京西城区初一下学期英语期中考试,3,1
北京西城铁二分班考,1,1
北京语文,2,1
北京语文单选,1,1
北京语文单选初一下,8,1
北京语文高二,21,1
北京语文高考,2,1
北京路中学,2,1
北京路期中数学,1,1
北京通州25-26期末高二下化学,1,1
北京通州第一实验中学,2,1
北京通州高一,1,1
北京道法初二,14,1
北京集合,4,1
北京顺义2024高一下期末数学,1,1
北京顺义2025高一下期末数学,3,1
北京顺义一中高一开学考,1,1
北京顺义分班考,14,1
北京顺义区7年级上册历史期末卷,37,1
北京题,1,1
北京高一上学期期末考试数学,5,1
北京高一上学期期末考试物理,1,1
北京高一上学期阶段检测,2,1
北京高一下学期期中考试数学,3,1
北京高一下学期期末,4,1
北京高一下学期期末考试数学,6,1
北京高一下学期期末考试物理,2,1
北京高一下期末,1,1
北京高一下期末英语,5,1
北京高一下英语,5,1
北京高一下英语期末,7,1
北京高一化学同步练习,3,1
北京高一数学人教A版导学案学生版,5,1
北京高一语文,17,1
北京高三上学期期末数学,8,1
北京高三上学期期末数学2025,6,1
北京高三上学期期末数学东城,2,1
北京高三上学期期末数学东城2025,1,1
北京高三上学期期末数学西城,2,1
北京高三上学期期末数学西城2025,2,1
北京高三下学期期末,2,1
北京高三英语,2,1
北京高中英语,1,1
北京高二下学期期末,3,1
北京高二下学期英语期末考试,3,1
北京高二下期末,2,1
北京高考 数学2026,1,1
北京高考10年真题,4,1
北京高考化学卷,2,1
北京高考政治题,1,1
北京高考数学2026,1,1
北京高考真题2026,5,1
北京高考英语真题,4,1
北亭实验学校,1,1
北仑区2025年第二学期七年级英语期末试题,3,1
北兴初中,2,1
北北幸月考,1,1
北塔中学中考语文二模,2,1
北大卓越,1,1
北大强基计划真题历年汇总,5,1
北大附中,2,1
北大附中 分班考 高中,1,1
北大附中分班考,1,1
北大附中新高一分班考,1,1
北大附中预科部,2,1
北大附属海口中学分班考,8,1
北安一中,5,1
北安乐中心小学,4,1
北安市第一中学,3,1
北师大  2 章 七下 数学,3,1
北师大 1 2 章 七下 数学,2,1
北师大。,2,1
北师大七下生物,4,1
北师大专项练习,3,1
北师大专项练习解方程,1,1
北师大九年级上第一章第二章综合测试,6,1
北师大二附中,2,1
北师大八上 一次函数概念 自变量取值范围 基础小题,1,1
北师大八上期中,11,1
北师大八下,1,1
北师大八下期末模拟卷,3,1
北师大八下期末模拟卷数学,2,1
北师大八下期末模拟卷数学 宁夏,1,1
北师大八下期末模拟卷物理 宁夏,3,1
北师大八下物理75分 宁夏,3,1
北师大八年级上册第一次月考,1,1
北师大南山,4,1
北师大南山附属,4,1
北师大南山附属学校,11,1
北师大实验中学,1,1
北师大数学七年级上册第一次月考,2,1
北师大数学七年级期末复习,1,1
北师大数学七年级期末考,21,1
北师大数学九年级上第一章第二章综合测试,2,1
北师大数学四年级下册思维导图,2,1
北师大数学诏安下册,17,1
北师大新课标,1,1
北师大期末,44,1
北师大版 七年级下册 单元测试,4,1
北师大版 七年级下册 第一章,1,1
北师大版unit6金版教程,1,1
北师大版unit6金版教程创新导学案,3,1
北师大版unit7Topic Talk金版教程创新导学案,4,1
北师大版unit7金版教程创新导学案,4,1
北师大版一年级上册一课一练,4,1
北师大版一年级上册单元测试卷,1,1
北师大版一年级上册数学卷,1,1
北师大版一年级数学微课,1,1
北师大版七上月考卷,7,1
北师大版七年级上册数学,3,1
北师大版七年级上册数学第一单元测试卷,4,1
北师大版七年级上册数学第二单元测试卷,3,1
北师大版七年级下册2.2平行线的判定练习,7,1
北师大版七年级下册数学期末测试卷,16,1
北师大版七年级下期末数学试卷,11,1
北师大版七年级角度计算类比探究,1,1
北师大版三年级下册数学,2,1
北师大版三年级下册数学期末考试,10,1
北师大版九年级上册数学,3,1
北师大版九年级上册数学第一章试卷,4,1
北师大版九年级上册数学课本答案,6,1
北师大版九年级数学上册电子版,4,1
北师大版九年级数学上册电子版教材,2,1
北师大版九年级物理,1,1
北师大版二次根式的乘除,3,1
北师大版二次根式的乘除计算,6,1
北师大版八上数学第二章卷子,8,1
北师大版八上数学第四单元测试卷,1,1
北师大版八下物理 宁夏,8,1
北师大版八下物理75分 宁夏,2,1
北师大版八年级上册数学计算题,11,1
北师大版八年级上册数学重难点提高可打印含答案,4,1
北师大版八年级数学,3,1
北师大版八年级数学上册计算题专项,7,1
北师大版六年级下册数学期末考试试卷,1,1
北师大版六年级下册数学期末考试试卷（一）,1,1
北师大版反比例函数,1,1
北师大版小学数学1-6年级总复习 四大板块专项,10,1
北师大版必修3Unit7ARTlesson two北师大版金版教程创新导学案,1,1
北师大版必修3Unit7lesson two北师大版金版教程创新导学案,7,1
北师大版必修第一册单词默写任务单2026,4,1
北师大版数学,8,1
北师大版数学一年级上册第2单元五以内数加减的卷子,1,1
北师大版数学一年级上册第一课卷子,3,1
北师大版数学一年级上册第二课卷子,1,1
北师大版数学七年级上册第四单元,3,1
北师大版数学九上,3,1
北师大版数学五下,5,1
北师大版数学选择性必修一课本,1,1
北师大版月考,12,1
北师大版相似,4,1
北师大版英语必修一道选修三单词表,1,1
北师大版高中英语必修一单词默写本,4,1
北师大版高中英语必选修一二三四单词默写本高考英汉互译汇练习本,3,1
北师大物理,2,1
北师大物理八年级下学期 宁夏中卫,5,1
北师大物理八年级下学期 宁夏中卫75分,8,1
北师大第一单元试卷,3,1
北师大练习,1,1
北师大英语必修1第1单元,6,1
北师大附中,6,1
北师大附中高一期末,4,1
北师版,4,1
北师版五年级上数学检测卷,6,1
北师版八下数学,2,1
北斗星中学,2,1
北斗联盟,3,1
北斗联盟数学高一下,1,1
北方希望之星,2,1
北方联合,1,1
北海八年级上册,11,1
北海北师大附中,2,1
北海南康中学,4,1
北海市2026年7月期末教学质量检测高一答案,3,1
北海市2026春季学期期末教学质量检测高一地理,8,1
北湖实验五年级下册,1,1
北湖实验期末,3,1
北滘实验高中,2,1
北理工 分班考,1,1
北省部分省级示范高中2025到2026学年高二上学期期中英语,5,1
北碚卷,9,1
北票市尹湛纳希高级中学,3,1
北航实验初升高,3,1
北航实验学校,1,1
北蔡中学,3,1
北辛中学,13,1
北辛中学八年级数学,1,1
北辰,1,1
北辰区八年级,2,1
北辰区八年级华辰学校,5,1
北辰双语,2,1
北郊初级中学,2,1
北重三中,1,1
北镇中学,3,1
北雅中学,1,1
区2025年初一新生均衡分班测试卷语文,11,1
区九年级数学模拟考,1,1
区九年级英语模拟考,1,1
区内推优,1,1
区卷子英语七年级,1,1
区域地理,2,1
区域地理 世界地理,3,1
区域地理世界地理,2,1
区域地理认知基础,2,1
区统考,11,1
区间的概念及应用,1,1
区间高一,3,1
医学考试题,1,1
医院词汇考,1,1
医院词汇考察,1,1
十一中九上第一次物理卷子,1,1
十一中学,3,1
十一中集团月考卷,2,1
十一初,3,1
十一学校0 5 3试卷,1,1
十一学校2026高三数学,3,1
十一学校语文,6,1
十一高,1,1
十一高中,2,1
十七中,3,1
十七中学,1,1
十三,1,1
十三不靠,8,1
十三章内能,10,1
十二中,39,1
十二中分班考,15,1
十二中高一分班考,4,1
十二校英语高三,1,1
十五从军征,2,1
十五章,5,1
十以内加减法计算,8,1
十八中 重庆,8,1
十四,2,1
十四中分班考,3,1
十堰各县市一中数学期中何滨,8,1
十堰市2025-2026高二期末英语答案,1,1
十堰市一中,1,1
十堰市第一中学,6,1
十堰高级职业学校综合高中高一分班考试试卷,1,1
十字相乘法 分解因式高一练习题,10,1
十字相乘法-分解二次三项式,1,1
十字相乘法-分解二次三项式高一,1,1
十字相乘法-分解因式初升高,4,1
十字相乘法练习题,2,1
十字相乘解含参不等式,1,1
十字相乘解含参不等式高一,3,1
十年高考数学真题分类,1,1
十年高考真题分类,3,1
十月份月考,5,1
千阳中学高一期末试卷,2,1
升初二衔接,13,1
升学分班考,1,1
升学考试,1,1
华,1,1
华万,4,1
华业,1,1
华东,2,1
华东师大版数学八年级上册教学视频,1,1
华东师范,2,1
华东师范大学第三附属中学分班考,2,1
华东师范大学附属第二中学,9,1
华东师范根号,1,1
华东师范版数学八年级下册期末试卷,2,1
华东版九年级数学第二十章图形相似的单元测试卷,5,1
华中师大一附中2024-2025数学,2,1
华中师大一附中数学,1,1
华中师大一附中检测,8,1
华中师大一附中高一下期末压轴50题,2,1
华中师大附中,1,1
华中师大附中高一下数学期末试卷,2,1
华中师范大学一附中,1,1
华中师范大学第一附属中学高三年级5月适应考试,15,1
华中师范大学第一附属中学高三年级英语5月适应考试,4,1
华中师范大学附属中学高一下英语考试,1,1
华中师范大学附属息县高级中学,4,1
华中师范大学附属息县高级中学 高一开学考试卷,9,1
华中师范大学龙岗附属中学,2,1
华中科技大学附属中学,6,1
华中第一师范高三,10,1
华为,3,1
华二分班考,4,1
华二宝山分班考,1,1
华二松江,2,1
华二松江分班考,1,1
华二紫竹,1,1
华二高三一轮复习卷,4,1
华伦,2,1
华伦中学,7,1
华侨生,1,1
华侨生联考,1,1
华侨联考,1,1
华侨联考真题,1,1
华兴教育港澳台联考数学,3,1
华兵,2,1
华冲,1,1
华北地区,1,1
华北油田第一中学,1,1
华北油田第三中学,5,1
华北油田第分局高一联考,3,1
华南师大附中,4,1
华南师大附中 2024~2025 学年第二学期高一期末检测语文,1,1
华南师大附中检测,5,1
华南师范大学,2,1
华南师范大学附属中学2026届高三,1,1
华南师范大学附属中学2026届高三综合,10,1
华南师范大学附属中学。,4,1
华南师范大学附属中学高一下期末考试,4,1
华南师范大学附属中学高一下期末考试生物,1,1
华士高中,1,1
华夏轮轮清名师版,1,1
华外实验,5,1
华大新高考联盟,2,1
华大新高考联盟2026届高三9月教学质量测评化学试卷,1,1
华大新高考联盟2026届高三9月教学质量测评数学试卷,2,1
华大新高考联盟2026届高三9月教学质量测评物理试卷,1,1
华大新高考联盟2026届高三9月教学质量测评生物试卷,3,1
华大新高考联盟2026届高三9月教学质量测评英语试卷,5,1
华大新高考联盟2026届高三9月教学质量测评试卷,1,1
华大新高考联盟2026届高三9月教学质量测评语文试卷,1,1
华大联盟2026届高三英语临门一练,5,1
华女,5,1
华实二，三年级上册,1,1
华实高中,2,1
华实高中分班考,5,1
华容一中,3,1
华山,1,1
华师,1,1
华师1附中圆锥曲线,1,1
华师1附中圆锥曲线小题,4,1
华师一数学,2,1
华师一附,4,1
华师一附中初中部机械运动,1,1
华师一附中模拟考,6,1
华师一附中自主招生丘班真题2025,1,1
华师一附中英语,19,1
华师一附中语文高二期中,4,1
华师一附中高一下数学期末考试,1,1
华师一附中高一下英语考试,1,1
华师临港,1,1
华师临港 分班考试,2,1
华师八上期中,9,1
华师圆锥曲线专题,4,1
华师大二附中,2,1
华师大初一年上学期数学第1单元测试卷,3,1
华师大版七上数学第一单元测试卷,3,1
华师大版八年级上册语文书,2,1
华师大版数学七年级上册单元测试卷,6,1
华师大版第一单元,3,1
华师大附中,1,1
华师附中,1,1
华师附中初二语文上册,1,1
华师附中圆锥曲线专题,1,1
华师附中高三生物,1,1
华政,1,1
华政松高,1,1
华文,1,1
华文学校,2,1
华斯达,1,1
华曜浦东,49,1
华杯赛小高组,4,1
华杯赛数学,5,1
华杯赛数学初二,1,1
华版,1,1
华理,1,1
华益,4,1
华益中学入学考试,1,1
华科附中2028届高一上数学周测8,1,1
华科附中2028届高一上数学周测训练4,2,1
华科附中高一数学周测八,2,1
华罗庚金杯决赛,6,1
华美实验中学,12,1
华育,4,1
华育九上新教材英语,3,1
华蓥二中,2,1
华蓥市,1,1
华辰学校,2,1
华附,1,1
华附 省实 广雅 深中,4,1
华附 省实 广雅 深中2026届四校联考数学,1,1
华附 省实 广雅 深中高三四校联考,1,1
华附 省实 广雅 深中高三四校联考2026,1,1
华附 省实 广雅 深中高三四校联考2026英语,1,1
华附、省实、广雅、深中2026届高三四校联考,12,1
华附、省实、广雅、深中2026届高三四校联考物理,5,1
华附、省实、广雅、深中高三生物,3,1
华附省实二中深中四校联考,3,1
华附龙岗,1,1
华附龙高,3,1
协作体,17,1
协作校答案,3,1
协作校高一下期末,8,1
协作校高二第二次考试,1,1
卓刀泉中学,2,1
卓育云期末复习卷,1,1
卓越联盟高一上学期物理期中,1,1
卓越计划2027届新,1,1
卓越计划届新,1,1
卓雅,2,1
单 词 1到5单元 单词默写,3,1
单 词表背默版本,1,1
单 词表背默版本含音标,1,1
单买,1,1
单位 换算的专题练习,4,1
单元体提升练,1,1
单元侧试,7,1
单元侧试卷,4,1
单元卷子,2,1
单元卷数学必修一,1,1
单元卷高三数学,3,1
单元提升卷,17,1
单元检测卷数学王力中学,6,1
单元检测卷高一数学,7,1
单元测,1,1
单元测试定心卷人教版八年级上册地理从世界看中国五大连改变,9,1
单元达标检测卷七,2,1
单元达标检测卷七-【勤径学升】2024-2025学年高中语文必修下册同步练测素能提升训练(统编版),1,1
单元速记·巧练第二单元 空气和氧气（B卷·拔高卷）,20,1
单元速记·（B卷·拔高卷）,1,1
单元速记巧练九年级化学上册人教版,3,1
单元速记巧练化学九年级上册第二单元空气和氧气B卷拔高卷,7,1
单元速记巧练第2单元空气和氧气,8,1
单元速记巧练第二单元空气和氧气,20,1
单元速记巧练第二单元空气和氧气B卷,17,1
单元速记巧练第二单元空气和氧气单元卷B卷,8,1
单元速记巧练第二单元空气和氧气单元卷B卷拔高卷,6,1
单元重点易错题整理,1,1
单元金卷数学,1,1
单元集训卷03，函数,19,1
单元默写,5,1
单元默写七上,1,1
单元默写七上英语,1,1
单县,10,1
单县二中,2,1
单县初二期末英语,1,1
单县启智学校,2,1
单县高二上英语,1,1
单双棒,4,1
单招 数学,6,1
单招2026数学吉林真题,1,1
单招数学试卷,1,1
单招数学辽宁,1,1
单招数学集合类型的题四川普高,8,1
单招泰州,1,1
单招考试数学安徽,1,1
单棒,1,1
单词 背诵版和默写版英汉互译,1,1
单词 音频,1,1
单词 默写,11,1
单词 默写 北师大,1,1
单词 默写表,2,1
单词 默写表1到8单元,5,1
单词 默写表1到8单元汉译英,1,1
单词 默写表八年级上册仁爱版,2,1
单词3500,5,1
单词3500汇总背默,3,1
单词七年级上册,3,1
单词九上第二单元,1,1
单词九上第二单元英语,2,1
单词互译,1,1
单词八上第二单元英语,2,1
单词变形 词性转换,1,1
单词听力,2,1
单词录音,5,1
单词录音鲁教版英语九年级,5,1
单词怎么读,1,1
单词拼写,2,1
单词拼写-根据汉语及首字母提示填单词,6,1
单词教学,5,1
单词短语句型语法,8,1
单词短语句型语法1~8,1,1
单词背诵与自测,1,1
单词背默必修一,3,1
单词默写卷,2,1
单词默写高一上学期,3,1
单调性12个题型,1,1
单调性高三,2,1
单项选择专项,3,1
单项选择专项高一,1,1
单项选择专项高一英语,4,1
南九教研工作室,1,1
南京 0 202 6 二模,3,1
南京 0 2026高三 0模,1,1
南京 02026高三 一模,3,1
南京 一模2025高三,8,1
南京 九年级化学期中,4,1
南京 二模2025高三,2,1
南京 八上 单元测试,2,1
南京 八上 英语,1,1
南京 八上 英语 Unit3,2,1
南京 八上 英语 金中,2,1
南京 ，盐城2026高三 一模化学,2,1
南京0模,4,1
南京12月,1,1
南京12月七校联合,1,1
南京12月七校联合学情调研,7,1
南京12月，七校联考,3,1
南京2023届高三第二次模拟考试,3,1
南京2023届高三第二次模拟考试英语,1,1
南京2023高三第二次模拟考试英语,1,1
南京2025中考数学真题卷,7,1
南京2025二模,6,1
南京2026化学期末,2,1
南京2026物理期末,4,1
南京29中,2,1
南京一中语文复习讲义,1,1
南京一中高一数学期末试卷2026,1,1
南京一中高一英语期末考试试卷2026,1,1
南京一中高三暑期,6,1
南京一模,1,1
南京七年级上册数学期末,2,1
南京七年级下册数学期末,1,1
南京东南附中,2,1
南京东外初二数学月考,3,1
南京东山外国语学校,2,1
南京中华中学期末考试数学2026,2,1
南京中华中学期末考试英语2026,1,1
南京中华中学期末考试英语2026高一,1,1
南京中考数学,4,1
南京中考数学尺规作图,7,1
南京九上月考数学,13,1
南京九上期中数学,6,1
南京九上期末数学,14,1
南京九年级上册联合体期中英语测试试卷,1,1
南京二十九中,2,1
南京二十九中期末试卷2026,3,1
南京二十九中期末试卷2026数学,1,1
南京二十九中期末试卷2026数学高一,1,1
南京二十九中期末试卷2026英语高一,1,1
南京二模数学,1,1
南京五下,9,1
南京五校,5,1
南京五校联考,3,1
南京五联合体,1,1
南京五联考,1,1
南京八上期中数学,57,1
南京八下数学,57,1
南京初一分班考名校试卷,1,1
南京十三中,2,1
南京外国语2023-2024,1,1
南京外国语学校。,2,1
南京外国语学校高一期末考试,3,1
南京外国语学校高一物理10月份,3,1
南京市0,1,1
南京市2024 ～2025七年级下册联合体期末数学,1,1
南京市2024 ～2025八年级上册联合体期末数学,3,1
南京市2025 2026高三10月,1,1
南京市2025-2026高三10月,1,1
南京市2025-2026高三10月七校,1,1
南京市2025届高三年级学情调研,2,1
南京市2026届高三年级学情调研历史,2,1
南京市2026届高中毕业班摸底测试,5,1
南京市2026高三上学情调研物理,2,1
南京市中考文化考试答题卡,2,1
南京市中考文化考试答题卡样例,12,1
南京市中考英语三模,16,1
南京市九上数学期中,1,1
南京市九上数学期末,1,1
南京市九上期中,2,1
南京市二模,1,1
南京市六年级下册期末质量调研卷,1,1
南京市六年级下册期末质量调研卷 苏教版,7,1
南京市初一期末试卷,2,1
南京市初中语文三模,6,1
南京市南师附中,5,1
南京市小升初数学调研卷,8,1
南京市小升初调研卷,2,1
南京市建邺区九上期中,18,1
南京市栖霞区六下期末,3,1
南京市江北新区协作体中考前模拟数学,3,1
南京市田家炳入学,1,1
南京市盐城市第一学期,3,1
南京市盐城市第一学期调研测试,1,1
南京市第一中学分班考试,2,1
南京市第二十九中学物理高一期末,4,1
南京市联合体九上数学期末,1,1
南京市联合体二模卷,3,1
南京市联合体二模卷数学,1,1
南京市语文三模,4,1
南京市语文中考玄武二模,1,1
南京市语文二模,1,1
南京市金陵中学2025-2026第一学期期中考试,1,1
南京市雨花台初中分班考试,6,1
南京市雨花台初中新初一分班试卷,1,1
南京市雨花台区力行小学四年级上册,1,1
南京市雨花台区四年级上册,4,1
南京市高一下化学期末,2,1
南京市高一下午化学期末,1,1
南京市高一下数学期末,3,1
南京市高一下物理期末,3,1
南京市高三年级语文二模,2,1
南京市鼓楼区九上数学期末,1,1
南京市鼓楼区九上期中,5,1
南京市鼓楼区或者主城区各学校物理试卷九年级上,1,1
南京市鼓楼实验中学,2,1
南京市，盐城市年度高三第一学期调研测试,2,1
南京师范大学,2,1
南京师范大学附属中学树人学校,1,1
南京师范大学附属中学树人学校——全国初中百强第一。,2,1
南京师范大学附属中学树人学校。,2,1
南京师范大学附属中学高一下学期物理期中试卷,15,1
南京师范大学附属中学高二上期中数学,2,1
南京明道学校,4,1
南京月考,2,1
南京民办大厂,2,1
南京民办育英外国语学校,10,1
南京江,1,1
南京江北新区小升初分班考试卷,1,1
南京玄武,9,1
南京玄武2026初三一模数学,1,1
南京玄武区,3,1
南京玄武区2026,1,1
南京玄武区8年级期末考试,6,1
南京玄武区九上期末统考卷,7,1
南京田家炳中学,4,1
南京盐城二模,1,1
南京盐城期初,3,1
南京盐城期末,2,1
南京秦淮区2021九上期中数学,13,1
南京秦淮区九上期中数学,3,1
南京第二十九中学化学,1,1
南京第二十九中学化学高一,2,1
南京联合体,1,1
南京育英第二外国语学校,11,1
南京航空航天大学苏州附属中学2024-2025高一月考,5,1
南京航空航天大学苏州附属中学2024-2025高一月考英语,2,1
南京译林版新高一单词表,8,1
南京金陵中学,2,1
南京雨花台中学,1,1
南京零模高三,1,1
南京零模高三数学,2,1
南京零模高三数学2025,3,1
南京高一上学期英语试卷,5,1
南京高一下学期化学期末试卷,3,1
南京高一数学下册期末,1,1
南京高一英语期末套卷,3,1
南京高三12月七校联考。物理,1,1
南京高三9月学期,1,1
南京高二下期末数学,1,1
南京高二期末,5,1
南京高二英语,1,1
南京鼓楼分班考试,2,1
南京鼓楼区2024-2025,2,1
南京鼓楼区2024-2025八年级,4,1
南京鼓楼区2024-2025八年级下学期,12,1
南京鼓楼区8年级期末考试,16,1
南京鼓楼区九上期末,1,1
南仓,6,1
南充2026期末测试卷,12,1
南充一中,1,1
南充中考2025化学,2,1
南充中考数学,8,1
南充市,2,1
南充市 2 026期末试卷高一,1,1
南充市 2 026期末试卷高一上学期试卷地理,6,1
南充市 2 026期末试卷高一试卷地理,3,1
南充市2024年初中学业水平考试,3,1
南充市2024年初中学业水平考试语文,3,1
南充市2025初三物理期中试卷,1,1
南充市2026初三数学期末试卷,1,1
南充市2026初三物理期末试卷,1,1
南充市2026年期末试卷数学试卷,1,1
南充市中考地理,1,1
南充市九年级上学期期末质量检测历史2023-2024,7,1
南充市九年级上期历史期末质量监测2024-2025,1,1
南充市九年级上期末质量检测化学质量检测2023-2024,7,1
南充市启睿实验学校,1,1
南充市嘉陵区南充高中测试卷,3,1
南充市蓬安县2025～2026初三物理期中试卷,1,1
南充市高二下地理期末考试题,1,1
南充市，2026，高一期末考,3,1
南充开学考,1,1
南充开学考高一上,1,1
南充第一中学,2,1
南充道鑫双语学校,4,1
南充高一物理月考,2,1
南充高中入学考试题,1,1
南充高中八年级上册入学考试,2,1
南充高二,2,1
南充高级中学高一第一次月考英语试卷,1,1
南关区20232024学年度下学期七年级期中数学调研题,9,1
南县第一中学,5,1
南召县,9,1
南头中学,1,1
南头中学开学考,7,1
南宁 三中,1,1
南宁14中,1,1
南宁2026年高二期末,2,1
南宁37中八上英语12月月考,1,1
南宁三中七下英语,1,1
南宁三中升学考,1,1
南宁三中小升初,1,1
南宁三中开学,1,1
南宁三中高一开学,2,1
南宁三中高二下期末,3,1
南宁九中,5,1
南宁九年级英语开学考试卷,1,1
南宁二三中,1,1
南宁二中高一月考,4,1
南宁二中高一期中测试卷,1,1
南宁二中高一期末,1,1
南宁二中高一英语期末,1,1
南宁二中高二,1,1
南宁分班考试题,3,1
南宁初一月考,4,1
南宁十四中开学考试卷,2,1
南宁天桃,1,1
南宁市2024届普通高中毕业班第一次适应性测试试题思想政治,4,1
南宁市2026年春季学期期末教学质量检测,1,1
南宁市2026年春季学期期末教学质量检测高二,2,1
南宁市东方外语外语高级中学,5,1
南宁市二三中2026年春季学期英语考试,1,1
南宁市武鸣区武鸣,2,1
南宁市第三中学,8,1
南宁市银海三雅,4,1
南宁沛鸿入学测试,6,1
南宁沛鸿分班考,1,1
南宁高一上期末,3,1
南宁高一下期末,3,1
南宁高一下期末物理,1,1
南宁高中第一次适应性,1,1
南宁高中适应性,1,1
南宁高考二模英语2026,2,1
南安一中,1,1
南安南星中学,1,1
南安市,12,1
南安市初三,15,1
南安市第一中学,1,1
南宫市,1,1
南宫市初中,1,1
南宫市初中7年级上学期第一次考什么重点,4,1
南宫市第二小学,1,1
南宫是升学模拟考,1,1
南宫是升学模拟考升初中,3,1
南山区一模,6,1
南山区区统考一模,4,1
南山外国语小升初,3,1
南山外国语深大附中,1,1
南山实验麒麟中学,3,1
南岗区,6,1
南岗四模,2,1
南岸区七下期末数学,1,1
南岸区九年级上册道德与法治,2,1
南川,1,1
南川中学,3,1
南师大,1,1
南师大附中,1,1
南师大附中数学模拟试卷,1,1
南师大附中高 一 下学期 物理期中考试卷,1,1
南师大附属中学长郡,8,1
南师附中高一期中考试英语2026,1,1
南师附中高一期末考试数学试卷2026,1,1
南师附中高中期末考试数学试卷2026,1,1
南平,8,1
南平2026八年级下册期末英语,1,1
南平一中高一下期末考,1,1
南平一中高二上期中考,2,1
南平七下,4,1
南平三中初二物理期中考试,2,1
南平二中,1,1
南平八下英语期末,1,1
南平剑津中学,2,1
南平剑津中学数学期中考试试卷八上,3,1
南平剑津中学英语期中考试试卷八上,1,1
南平四中,3,1
南平市,96,1
南平市2023 2024学年第一学期高一期末质量检测历史试卷,2,1
南平市2024~2025学年第二学期高二期末质量检测政治试题,4,1
南平市2025至2026学年第一学期高中一年级化学质量检测,1,1
南平市政和县九年级,8,1
南平市政和县九年级数学期中,13,1
南平市政和县英语期 末试卷,10,1
南平市政和县英语期中试卷,4,1
南平市数学期中试卷,1,1
南平市数学期末试卷,10,1
南平市期末考历史,3,1
南平市高一期末,4,1
南平市高一期末历史,2,1
南平市高一期末语文,2,1
南平市高二,9,1
南平市高二物理,3,1
南平市高二生物,4,1
南平延平区数学期中考试试卷八上,23,1
南平建八下英语期末,1,1
南平建瓯八年级期末试卷,1,1
南平数学期中考试试卷八上,2,1
南平统考八下英语期末,8,1
南平自主招生,3,1
南康一中,3,1
南康四中,2,1
南开 重庆开学考,3,1
南开20205到2026年期末试卷,1,1
南开2026年英语,1,1
南开2026年英语重庆,1,1
南开2026年英语重庆高一,2,1
南开26高一上数学,7,1
南开26高一数学,4,1
南开中学26高一上化学第一次,1,1
南开中学一月考,3,1
南开中学分班考,4,1
南开中学升班考,2,1
南开中学期中化学九年级上,3,1
南开中学重庆9月,3,1
南开中学重庆其中,1,1
南开中学重庆期中,18,1
南开中学重庆期末,4,1
南开中学高一期末,2,1
南开中学高二下期末,2,1
南开九年级一模,1,1
南开二模,1,1
南开化学一模,8,1
南开化学二模,3,1
南开区一模,5,1
南开区高一上期末数学真题,2,1
南开区高一期末物理试卷,4,1
南开区高三一模,8,1
南开区高二上学期期中物理,9,1
南开区高二上学期期末生物,3,1
南开大学附属中学,2,1
南开数学高三期末,1,1
南开月考,1,1
南开期中,1,1
南开滨海,1,1
南开物理期末测试,2,1
南开翔宇,2,1
南开翔宇学校九上第1次月考,9,1
南开英语七下期末,1,1
南开英语二,1,1
南开高一下期末英语,3,1
南开高三开学考,2,1
南开高二下期末数学,1,1
南开高二重庆,1,1
南开鹏飞高二上数学,1,1
南方中学,2,1
南方凤凰台 2027江苏 5A新考案 化学一轮,4,1
南方凤凰台 2027高考一轮复习,7,1
南方凤凰台 2027高考一轮复习导学案,2,1
南方凤凰台 2027高考一轮复习数学,3,1
南方凤凰台一轮复习物理,1,1
南方凤凰台历史一轮复习资料,1,1
南方凤凰台议论复习物理,1,1
南方新课堂金牌学案 七年级下册数学 人教版,1,1
南方科技大学模拟题,1,1
南方科技大学附属中学,9,1
南昌一模数学,3,1
南昌一模数学高考,1,1
南昌一模物理,4,1
南昌中学,3,1
南昌二中2024 2025高一下期末考试,4,1
南昌二中2025 2026高二第一次月考,1,1
南昌二中2025 2026高二第一次月考数学,4,1
南昌二中2025九上数学期中,5,1
南昌二中教育集团八下期末数学,8,1
南昌二中教育集团八下期末物理,1,1
南昌二中高一物理,3,1
南昌二中高一物理期中,3,1
南昌八年级上册数学单元卷2025,1,1
南昌八年级上册数学期中,7,1
南昌八年级上册语文期中,7,1
南昌十中高二第一次月考试卷,2,1
南昌历史,1,1
南昌历史八年级下册,1,1
南昌县三年级下学期阶段性练习,3,1
南昌县三年级下学期阶段性练习英语,1,1
南昌外国语保送考试全科真题试卷,2,1
南昌外国语学校,1,1
南昌市,2,1
南昌市2025届,7,1
南昌市2025届高三信息卷,2,1
南昌市2026届高三年级三月测试,3,1
南昌市2026届高三年级测试数学,1,1
南昌市2026年高二下期末,1,1
南昌市8年级下册期末真题卷,2,1
南昌市外国语学校,5,1
南昌市心远中学,1,1
南昌市经开区2026初二英语期末试卷,1,1
南昌市高三年级测试,2,1
南昌师大附中7年级上期末试卷,5,1
南昌师大附中初三,8,1
南昌应用技术师范学院,1,1
南昌江科附中高一4月英语月考卷子,1,1
南昌航空大学开学模拟考试,6,1
南昌莲塘一中高一下学期期末,8,1
南模初,3,1
南汇四中,6,1
南江中学高一开学测试,1,1
南江县,4,1
南江县南江中学,1,1
南沙,9,1
南沙区,11,1
南洋模范,2,1
南洋模范中学,2,1
南海一中,3,1
南海中学,57,1
南海中学2025 2026九年级期中数学试卷,2,1
南海中学2025~2026九年级期中数学试卷,9,1
南海中学高一数学,7,1
南海五年级 下 数学 期末,8,1
南海区 2 0 2 6 一模,2,1
南海区 五年级 下 数学 期末,7,1
南海区 五年级 下 语文 期末,3,1
南海区12月高一上学期统考2025化学,1,1
南海区12月高二上学期统考2025化学,10,1
南海区2021至2022小升初考试六年级英语卷子,19,1
南海区2024到2025学年度第一学期中小学期末监测四年级数学试题,9,1
南海区2025至2026六年级小升初数学卷,9,1
南海区三水区2023至20247月五年级英语卷子,4,1
南海区三水区2023至2024六年级小升初英语卷子,4,1
南海区五年级上册期末试卷,8,1
南海区六年级上册期末试卷,5,1
南海区桂城街道六年级上册数学单元卷,29,1
南海区桂城街道六年级上册数学期末测试卷,54,1
南渝,1,1
南溪一中,2,1
南通 2026 中考,1,1
南通 2026 中考卷,3,1
南通 田家炳七上英语,3,1
南通 田家炳七上英语 期中,5,1
南通 田家炳七上英语 期中集中作业,9,1
南通2025年高二上学期期中物理,1,1
南通5月,2,1
南通5月第三次,1,1
南通一模数学,1,1
南通一调,5,1
南通七年级上第一次月考英语,18,1
南通七年级上第一次月考英语启秀,4,1
南通三年级,18,1
南通中学,4,1
南通中学高三上暑假数学检测,7,1
南通中学高三数学检测,1,1
南通二年级上册数学,1,1
南通八年级上第一次月考英语,6,1
南通八年级上英语,2,1
南通八年级下册期末试卷,4,1
南通如东实验中学月考,3,1
南通如东第1章直线方程,1,1
南通如皋高一上第一学期英语第一个月考,2,1
南通如皋高三暑期考试试卷,4,1
南通小学二年级上册,3,1
南通小题,4,1
南通崇川区四年级数学,3,1
南通市2025届高三练习卷,7,1
南通市2026届高三上学期学业质量监测 一模 化学试卷,3,1
南通市2026届高三第一次调研测试,1,1
南通市2026届高三第二次调研测试,13,1
南通市2026届高三第二次调研测试英语,1,1
南通市二模,1,1
南通市崇川区,2,1
南通市崇川区分班考试,1,1
南通市崇川区分班考试小升初,2,1
南通市崇川区初级中学第一次,1,1
南通市田家炳中学,1,1
南通市田家炳初级中学,10,1
南通市高一数学月考试卷,7,1
南通市高三期初考试物理,2,1
南通市高三期初考试语文,3,1
南通期末,6,1
南通海南中学中学七上月考卷,4,1
南通海安市九年级上册物理期末模拟考试,6,1
南通海门滑轮组专项题,1,1
南通调研,7,1
南通通州区2026数学,3,1
南通通州区四年级数学试卷2026,1,1
南通部分学校联考,9,1
南通高一化学期末,3,1
南通高一数学,4,1
南通高一期末,5,1
南通高三,5,1
南通高二期末,3,1
南郑区,13,1
南部中学,4,1
南阳 026 高二下 学期 期末,5,1
南阳2023-2024高一下学期期中生物.卷子,1,1
南阳2024高一下学期期中生物.卷子,1,1
南阳2025 2026八上期中数学,1,1
南阳2025-2026八上期中数学,1,1
南阳2025-2026八上期中英语,1,1
南阳2025-2026八上期末数学,4,1
南阳2025-2026八上期末英语,3,1
南阳2025高一下学期期中生物 卷子,4,1
南阳2025高一下学期期中生物.卷子,2,1
南阳2025高一下学期期中生物答案,8,1
南阳2025高一下学期期中考试卷子,1,1
南阳2026高一下期中,2,1
南阳2026高一下期末,1,1
南阳一中2025春期高三开学考,5,1
南阳一中2025高一月考,3,1
南阳一中周考,3,1
南阳一中附中初中,1,1
南阳一二中,1,1
南阳一高,5,1
南阳二职专,1,1
南阳八年级上期中物理,1,1
南阳八年级物理,4,1
南阳六校联考2025届,1,1
南阳十三中,1,1
南阳十二中,1,1
南阳卧龙2025-2026八上期末英语,1,1
南阳实验中学,3,1
南阳市2025-2026七下期末英语,4,1
南阳市2025-2026学校高一上学期期中考试物理,2,1
南阳市2025-2026学校高一上学期期末考试数学,5,1
南阳市2025-2026学校高一上学期期末考试物理,5,1
南阳市2025年高二上学期月考试数学,5,1
南阳市2026高一年级下学期期末考试,7,1
南阳市2026高二下学期期末生物,1,1
南阳市三中,4,1
南阳市九年级上册第一次月考试卷,1,1
南阳市九年级上册第一次月考试卷数学,3,1
南阳市二十一,9,1
南阳市二十一学校2025-2026八上期末数学,1,1
南阳市二十二中,2,1
南阳市八年级2026数学期末卷,11,1
南阳市八年级2026物理期末卷,1,1
南阳市八年级2026英语期末卷,20,1
南阳市八年级上册物理期中考试卷,3,1
南阳市十二中,2,1
南阳市十二中小升初真题卷,1,1
南阳市宛城区,4,1
南阳市宛城区期末质量评估检测,1,1
南阳市实验学校,2,1
南阳市小升初,1,1
南阳市新野县2025-2026学校高一上学期期中考试数学,6,1
南阳市新野县2025-2026学校高一下学期期中考试数学,2,1
南阳市期中考试数学,3,1
南阳市淅川县2022九年级上数学期中试卷,1,1
南阳市淅川县2022九年级上物理期中试卷,3,1
南阳市淅川县2025九年级上化学月考试卷,2,1
南阳市淅川县2025九年级上数学段考试卷,1,1
南阳市秋季高一上期终质量评估数学,10,1
南阳市秋季高一上期终质量评估生物,5,1
南阳市秋季高一上期终质量评估英语,5,1
南阳市秋季高中物理,1,1
南阳市第一中学,2,1
南阳市第二完全学校,2,1
南阳市第五完全学校,2,1
南阳市第十二中,1,1
南阳市第十二中学校,1,1
南阳市西峡县2025-2026八上期末数学,1,1
南阳市高一下学期物理期中,1,1
南阳市高三二模,1,1
南阳市高三二模数学,1,1
南阳市高三物理上学期期中考试试卷,11,1
南阳市高二期末,2,1
南阳新未来高一上,5,1
南阳新未来高一下,3,1
南阳新未来高一下期中,1,1
南阳新未来高一下期中数学,1,1
南阳新野,1,1
南阳第一中学周考,1,1
南阳联考2025届,1,1
南阳高一下期末语文期末,8,1
南阳高三上学期联考2025届,13,1
南阳高三上联考,3,1
南阳高中,2,1
南阳高二下期末,1,1
南阳高二下期末历史,3,1
南阳高二下期末地理,2,1
南阳高二下期末政治,2,1
南阳高二下期末数学,4,1
南阳高新技术开发区2025-2026八上期中英语,2,1
南阳高新技术开发区八上期中英语,1,1
南阳高新技术开发区八上英语,1,1
南陵,9,1
南陵县,7,1
南陵县八下数学期末,1,1
南陵县八下英语期末,1,1
南雅中学,1,1
南雅中学初一年级数学试卷,2,1
南雅新初一9月测评,1,1
南高,1,1
博山一中2025年七年级上册地理期中考试试卷,1,1
博山中学2025年七年级上册数学期中考试试卷,1,1
博山中学2025年六年级上册地理期中考试试卷,1,1
博山区2025~2026八年级上册物理期中试卷,6,1
博山区第一中学2025年七年级上册地理期中考试试卷,1,1
博师高级,2,1
博文高级中学暑假作业,3,1
博罗县七年级试卷,3,1
博罗县三乡中学,3,1
博野,11,1
卢氏县高一上期数学期末卷,4,1
卤代烃,2,1
卫星的变轨和对接，追及问题,3,1
即墨五中,14,1
即墨区九年级上册数学期中,1,1
即墨区六三制八年级上册数学第一次月考试卷,11,1
即墨区实验高中,8,1
即墨区高一上物理期中,1,1
即墨区高一化学期中,2,1
即墨区高一数学期中,5,1
即墨区高一数学期末,4,1
即墨区高一物理期中,2,1
即墨四中,1,1
即墨第一中学,2,1
卵子形成过程减数分裂时期图,4,1
卷,2,1
卷子,1,1
卷子数学,1,1
卷组,1,1
厄尔尼诺,4,1
历下区,2,1
历下区一模中考,1,1
历史 0 一轮复习巧汇宝典,1,1
历史 0 一轮复习高中,1,1
历史 一轮复习,3,1
历史 单元测试卷,1,1
历史 思维导图,3,1
历史0,1,1
历史一模,10,1
历史一轮复习知识,3,1
历史七下期末,1,1
历史专项训练选择题,1,1
历史专题2统一,2,1
历史中考,1,1
历史中考复习,5,1
历史九上期中,2,1
历史九上第一单元,2,1
历史九上背诵内容,3,1
历史九上背诵内容人教版,3,1
历史八上,4,1
历史八上知识点总结青海省,1,1
历史八上知识点福州,2,1
历史八上知识点青海省,1,1
历史八下复习,7,1
历史八下复习专项,3,1
历史八下湖北省武汉市,1,1
历史八下湖北省武汉市洪山区,5,1
历史八下知识填空,3,1
历史刚要上第一单元,4,1
历史单元卷,1,1
历史单选专项,10,1
历史合格 考2025年 普通高中学业水平,4,1
历史和人民的选择,1,1
历史四大名校猜想,5,1
历史复习,1,1
历史大事年表高中,4,1
历史大题 答题技巧,1,1
历史大题怎么想九年级,1,1
历史学业水平测试,1,1
历史导与练,4,1
历史导入课,1,1
历史导学课,1,1
历史小论文,1,1
历史山东2022年高考,1,1
历史广东六校一联,1,1
历史开学考潍坊,3,1
历史必修上下思维导图,3,1
历史思维导图,1,1
历史总复习手册,3,1
历史提纲,1,1
历史新高考,1,1
历史时间轴及大事年表总结,4,1
历史期中考,1,1
历史材料分析题20题,6,1
历史核心内容考纲,3,1
历史济南一模,4,1
历史真题,14,1
历史笔记,1,1
历史第一中学,1,1
历史第一单元,1,1
历史第一课,4,1
历史第一课作业,1,1
历史纲要上,15,1
历史纲要上单元汇总,1,1
历史纲要上第17,1,1
历史纲要上第17课,1,1
历史纲要上课本,1,1
历史纲要第一单元,1,1
历史视频,1,1
历史论文题,5,1
历史论述题,4,1
历史课件,1,1
历史近代史时间知识点梳理,4,1
历史近代史时间知识点梳理一轮复习,5,1
历史选择 题2025专项训练选择题,1,1
历史选择专项训练选择题,2,1
历史选择题2026专项训练选择题,1,1
历史阶段特征,1,1
历史高 考 2026高考真题,4,1
历史高一期末,9,1
历史高一湖南,1,1
历史高中必刷题,1,1
历史高中选择题,5,1
历史高中选择题阅读理解,1,1
历史高二下学期期末葫芦岛,1,1
历史高二下学期期末葫芦岛2026,2,1
历史高考选择题训练,8,1
历史，2026年高考题,3,1
历城二中 2025高一历史,1,1
历城二中 2026 2027,1,1
历城二中 2026 2027学年数学综合测试卷,1,1
历城二中 2026 2027综合测试卷,2,1
历城二中2024 2025高一英语,2,1
历城二中历史高一下,2,1
历城二中唐冶,10,1
历城二中自招,5,1
历城二中高一。,4,1
历城二中高一语文必修一。,1,1
历城二中高三,1,1
历城二中高三上,1,1
历城二中高三历史模拟试题,1,1
历城第二中学高一上月考,5,1
历城第二中高一上月考,1,1
历届高考英语卷子,1,1
历届高考英语卷子黑龙江,1,1
历年,5,1
历年中考真题,1,1
历年中考真题徐州,19,1
历年全国高中数学联赛,1,1
历年全国高中数学联赛真题,5,1
历年全国高中数学联赛试题,5,1
历年真题核心词汇1824,2,1
历年真题核心词汇1824”,1,1
历年达旗小升初考试,5,1
历年达旗小升初考试卷,5,1
历年高考数学解三角形题,3,1
历次近代战争中民族英雄,3,1
压力压强 20226中考专题复习,6,1
压强公式题,1,1
压强公式题天津物理专项,3,1
压强平衡常数,2,1
压强浮力压轴专题,14,1
压轴 题,6,1
压轴18题中考,2,1
压轴18题中考上海,17,1
压轴专题初中物理,1,1
压轴培优题特训,2,1
压轴大题,5,1
压轴题专练,9,1
压轴题汇编物理,1,1
压轴题长沙,5,1
原华数杯九年级竞赛真题,12,1
原因状语从句,1,1
原型填空,2,1
原子吸收光谱,6,1
原子物理 一轮复习专题,2,1
原子物理专题,10,1
原电池 20224 高一 专项训练,3,1
原电池ji,1,1
原电池测试卷,5,1
原电池电解池,6,1
原神,3,1
原阳县第一高级中学,4,1
厦外石分,6,1
厦外石分月考,23,1
厦大附中,3,1
厦门  英语 中考,2,1
厦门 02 026 5月质检,3,1
厦门 02 026 6月质检高一,2,1
厦门 一中,2,1
厦门1月一检,1,1
厦门2026物理,5,1
厦门2026英语,3,1
厦门2026英语八下,35,1
厦门2026高一 下学期期末,2,1
厦门2026高一下学期期末数学,1,1
厦门2026高一数学,1,1
厦门2026高一数学期末,1,1
厦门2026高二下期末年级质量检测数学试卷,1,1
厦门2026高二期末,3,1
厦门2324高二上数学质检,2,1
厦门8下语文,3,1
厦门一中 高一上 月考,1,1
厦门一中 高一上学期入学考试,1,1
厦门一中2025 2026上,1,1
厦门一中七年级上册 数学,2,1
厦门一中入学老师,21,1
厦门一中八年级,1,1
厦门一中八年级上册,3,1
厦门一中初三,5,1
厦门一中期末,4,1
厦门一中物理,1,1
厦门一中物理初中,1,1
厦门一中物理高一期末,6,1
厦门一中高一,7,1
厦门一中高一上学期入学考试,10,1
厦门一中高一上学期第一次月考,1,1
厦门一中高一上期末,4,1
厦门一中高一期中考,1,1
厦门一中高三上地理,2,1
厦门一中高三上期中考地理,1,1
厦门一检,1,1
厦门三年级下册数学人教版期末,1,1
厦门三检,1,1
厦门九年级数学,8,1
厦门二中,1,1
厦门二检,2,1
厦门二检语文,1,1
厦门二模,2,1
厦门五中,1,1
厦门八上数学单元卷,3,1
厦门六中高一,1,1
厦门六中高一入学考试,4,1
厦门初一,1,1
厦门初一期末,5,1
厦门初一期末上学期,7,1
厦门初三1月一检,3,1
厦门初中试质检卷,5,1
厦门双十中学 2025 2026高三上数学期末,8,1
厦门双十中学 2025 2026高三上期末,1,1
厦门双十中学入学考,2,1
厦门双十中学思明分校,4,1
厦门双十中学数学八上第1次月考,1,1
厦门双十中学物理期末,1,1
厦门双十中学速写8上第1次月考,1,1
厦门双十中学高一下期末,5,1
厦门双十中学高一期末,4,1
厦门双十中学高二上,2,1
厦门双十八年级上册,4,1
厦门双十八年级数学期中考试卷,6,1
厦门双十八年级期中考试卷,1,1
厦门双十初二20242025数学期末考卷,5,1
厦门双十初二上第一次月考物理,1,1
厦门双十化学,4,1
厦门双十高一下期中,1,1
厦门双十高二上英语,23,1
厦门双十高二期中,1,1
厦门同安实验中学,1,1
厦门同安实验中学八下,12,1
厦门外国语学校,13,1
厦门外国语学校 2025-2026 学年高一下学期 5 月期中语文试题,1,1
厦门外国语学校2024-2025学年第一学期八年级期中考试试卷数学,6,1
厦门外国语学校2025-2026高一下学期期末考化学,5,1
厦门外国语学校期末考试,1,1
厦门外国语学校石狮分校,4,1
厦门外国语开学分班考,9,1
厦门外国语开学考,1,1
厦门外国语石狮分享,2,1
厦门外国语集美校区开学考,6,1
厦门外国语高一开学试卷,1,1
厦门外国语高一开学试卷英语,1,1
厦门外国语高一试卷英语,8,1
厦门市,1,1
厦门市20232024学年第二学期高二年级质量检测,1,1
厦门市2024至2025学年下学期高二年级期期末质量检测地理,3,1
厦门市2024至2025学年下学期高二年级期期末质量检测数学,2,1
厦门市2024至2025学期高三年级期期末质量检测地理,3,1
厦门市2025 2026第二学期期末英语,1,1
厦门市2025-2026学年高一下学期地理,1,1
厦门市2025至2026学年下学期高二年级期期末质量检测地理,2,1
厦门市2025至2026学年高一下学期期末质量检测期末质量检测质量检测物理,4,1
厦门市2026届高中毕业班模拟测试,8,1
厦门市2026届高中毕业班适应性练习英语,4,1
厦门市2026届高中毕业班适应性练习英语听力答案,1,1
厦门市2026第二次质量检测化学,1,1
厦门市一检卷,3,1
厦门市东山中学,4,1
厦门市九溪高级中学2024~2025高一年第1次月考,1,1
厦门市双十,1,1
厦门市双十7年级数学上学期期末考试,1,1
厦门市双十7年级数学期末考试,1,1
厦门市双十中学,1,1
厦门市双十翔安入学考试,2,1
厦门市外国语,10,1
厦门市外国语学校瑞景分校,16,1
厦门市拔尖创新,1,1
厦门市拔尖创新 四年级,5,1
厦门市质检2026化学,1,1
厦门市质检卷,2,1
厦门市集美区,9,1
厦门市集美区杏东中学,2,1
厦门市音乐学校,9,1
厦门市高一下学期期末考试市统考,1,1
厦门市高一下学期期末考试市统考生物,1,1
厦门市高三下市质检,2,1
厦门新高一分班考化学,1,1
厦门新高一分班考物理,2,1
厦门新高一分班考英语,1,1
厦门海沧华附实验中学,28,1
厦门湖里八年级期末,1,1
厦门湖里八年级期末数学,6,1
厦门第一中学第二学期期中考试,1,1
厦门第一中学第二学期期中考试初二物理,1,1
厦门第一中学高一新生入学考试,9,1
厦门第六中学,1,1
厦门英才,3,1
厦门集美高一,1,1
厦门高一入学分班考试卷,3,1
厦门高一入学考,4,1
厦门高一分班考试卷,3,1
厦门高三一模,4,1
厦门高三一模数学,8,1
厦门高三语文,3,1
厦门高三质检,1,1
厦门高二期末,3,1
去年8上5年数学期末考试原题,1,1
去年八上五莲数学期中考试原题,3,1
去年八上化学宁阳县期中,3,1
去年八上物理宁阳县期中,13,1
去年长沙县初一上册数学期末试卷卷,4,1
去年长沙县初一上册期末质量检测卷英语,2,1
去年长沙县初一上册期末质量检测卷英语雅礼,4,1
去括号,1,1
县中联盟安徽高一,2,1
县中联盟物理,3,1
参照物相关练习题,1,1
双十中学七年级,6,1
双十中学分班考,2,1
双十中学分班考厦门,1,1
双十分班考,2,1
双十第一次月考,2,1
双十第一次月考数学,1,1
双十第一次月考数学八年级,1,1
双变量问题,5,1
双城兆麟中学,2,1
双城兆麟中学 高一 10月,3,1
双城区2024-2025 八年级英语期末考试,10,1
双城区20254-2025 八年级英语期末考试,4,1
双城区期末考试2024到2025年度期末考试八八年级英语,1,1
双外角等分模型,4,1
双峰一中,7,1
双庆中学,6,1
双星,5,1
双星系统,3,1
双曲线填空题,1,1
双曲线离心率问题,1,1
双棒 导轨,1,1
双棒 模型 电磁感应,3,1
双棒 电磁感应,5,1
双棒模型,3,1
双气缸问题,1,1
双气缸问题物理,1,1
双气缸问题物理热学,9,1
双流区,1,1
双流区七下数学期末,3,1
双流区七下英文期末,11,1
双流区七年级下册期末试题,5,1
双测卷,1,1
双练一测,5,1
双菱,13,1
双菱中学,14,1
双重二次根式化简,3,1
双重根号化简,1,1
双鸭山一中,3,1
反应热 2026复习专题一轮复习,1,1
反应热练习,4,1
反比例,1,1
反比例函数K值的几何意义,2,1
反比例函数专题复习,4,1
反比例函数单元检测卷,1,1
反比例函数单元测试卷,4,1
反比例函数单元测试浙教版,1,1
反比例函数压轴,1,1
反比例函数压轴题,8,1
反比例函数和一次函数,1,1
反比例函数和一次函数的综合,2,1
反比例函数复习,1,1
反比例函数暑假预习,5,1
反比例函数检测卷,1,1
反比例函数的应用,1,1
反比例函数题型分类暑假预习,1,1
反演变换,8,1
发酵工程及其应用,4,1
发音,3,1
受力 分析 100图 高一物理,3,1
受力分析 共点力平衡,5,1
受力分析作图,2,1
受力分析和共点力的平衡问题,4,1
受力分析题型归纳,1,1
受迫振动,15,1
受迫振动、共振,9,1
变力做功,1,1
变压器 电能的输送,3,1
变阻器,3,1
叙州中学,1,1
叙永一中,3,1
叙永三中,5,1
叙永三中卷子,3,1
叙永二中,1,1
口算 三年级,2,1
口算六年级,4,1
口算天天练,1,1
口算天天练30天专项训练,6,1
口算天天练三年级,1,1
口算竖式计算日打卡,16,1
口算练习题,4,1
口算训练六年级,1,1
口算题,1,1
口算题100道,9,1
口算题卡,3,1
古代史思维导图,1,1
古典哲理中学七年级上册数学卷子,1,1
古典概型jiaoshijia,1,1
古巷,2,1
古文,5,1
古浪一中,1,1
古田一中,4,1
古诗,3,1
古诗 0026三轮复习默写专项,2,1
古诗 词202 6届一轮复习古诗词专题练习,2,1
古诗 鉴赏 高考题,1,1
古诗三首,1,1
古诗中对比阅读答题模版,2,1
古诗五首,1,1
古诗对比阅读,2,1
古诗对比阅读答题模版,1,1
古诗文背诵,1,1
古诗文默写小测 2026-2027学年统编版语文九年级上册,7,1
古诗背诵,2,1
古诗背诵汇总复习,6,1
古诗词,5,1
古诗词理解性默写,12,1
古诗词背诵汇总,5,1
古诗词训练,8,1
古诗鉴赏,1,1
古诗默写,2,1
句型转换,10,1
句子,1,1
句子之间的关系,5,1
句子仿写,1,1
句子成分基本类型,10,1
句子改写,1,1
句子结构,5,1
句子结构分析,1,1
句子结构分析课程,1,1
句容市崇明中学,2,1
句容市崇明中学期末,1,1
可供电,1,1
可数名词复数及变化规则,2,1
台儿庄八年级上册地理试卷,3,1
台儿庄区八年级上册历史期末考试卷,1,1
台儿庄古城学校,7,1
台商一中,10,1
台山一中,1,1
台山市广附中学,5,1
台山市深井中学,1,1
台山第一中学,3,1
台州2025高二下,2,1
台州2026高三高三第一次教学质量评估,4,1
台州一中,1,1
台州临海市2024~2025学年第二学期期末试卷七年级下册,2,1
台州十校联盟期末联考高二学科日语,3,1
台州市2024学年第二学期高一年级期末语文,7,1
台州市2025学年第二学期高一年级期末质量评估试题,1,1
台州市2025学年第二学期高二年级期末政治,3,1
台州市2025学年第二学期高二年级期末质量评估试题,3,1
台州市2025年11月第一次质量评估试题信息技术,2,1
台州市2026届高三第二次教学质量评估地理,1,1
台州市温岭初一新生分班模拟考,7,1
台州市高二下期末考英语,2,1
台州市高二下期末考语文,1,1
台州期末,1,1
台州语文期末试卷八上,5,1
台州高二上期末,1,1
台州高二期末,1,1
台湾中考,1,1
台湾中考物理,5,1
台湾九年级上学期期末,2,1
台湾历史,6,1
台湾期末,1,1
台湾省,10,1
台湾阶段检测,2,1
台湾高二下学期阶段检测,4,1
台湾高考,9,1
台阶平抛模型,2,1
叶县高级中学,18,1
叶城县,3,1
叶城县依力克其乡中学,3,1
叶绿体,8,1
叶集,9,1
各地中考生物真题汇总,5,1
各校分班考试卷,2,1
各题型,1,1
各题现,1,1
合一,1,1
合川中学七校联考数学试卷,2,1
合川区2026八年级期末检测,6,1
合成法英语,3,1
合挌性考试,1,1
合格,1,1
合格 考2025年 普通高中学业水平,15,1
合格 考2026年 普通高中学业水平,13,1
合格性考,1,1
合格考 2025年 普通高中学业水平江苏省物理,4,1
合格考四川,1,1
合格考四川英语,1,1
合格考江苏,3,1
合格考物理江苏,1,1
合格考真题,2,1
合格考语数英,1,1
合江中学,2,1
合江中学高一下数学,1,1
合江县2026三年级下册数学试卷,1,1
合江县利城高级中学,2,1
合浦县石湾中学,1,1
合肥  202 6一模,1,1
合肥 一中 2024 2025 高一上 期中,8,1
合肥 一中 2024 2025 高一下 期末,1,1
合肥 二模 2026,6,1
合肥 高三 一模,2,1
合肥10中入学分班考,1,1
合肥10中分班考,2,1
合肥168中学入学分班考试,3,1
合肥168中学化学高一上,1,1
合肥168中学高二上学期期中考数学试卷,1,1
合肥45中9年级数学试卷,1,1
合肥48中,6,1
合肥50中2025年八年级数学期中考试卷,2,1
合肥50中八年级上册数学期中试卷,7,1
合肥50中第一学期八年级期中考试卷,15,1
合肥6中,1,1
合肥一中 2025 2026 学年度第二学期期末生物高二,4,1
合肥一中 2026 2027学年高一英语必修二必修三综合测试卷,5,1
合肥一中 2026~2027学年高一英语必修二必修三综合测试卷,5,1
合肥一中2025-2026学年度第二学期期末数学,1,1
合肥一中2025-2026学年度第二学期期末高二数学,4,1
合肥一中2025~2026学年度第二学期期末教学质量监测高二化学试卷,1,1
合肥一中2025到2026年度第二学期期末教学质量监测高二化学试题,1,1
合肥一中2026届高三12月份教学质量测评物理试卷,3,1
合肥一中化学必修一期末,1,1
合肥一中数学竞赛,1,1
合肥一中物理第一章,1,1
合肥一中瑶海校区高二物理素质拓展,3,1
合肥一中自主招生试卷,2,1
合肥一中英语必修二必修三,1,1
合肥一中语文知识点,1,1
合肥一中高一,1,1
合肥一中高一上学期月考,21,1
合肥一中高一上学期期中,2,1
合肥一中高一上学期期中物理,1,1
合肥一中高一下学期,4,1
合肥一中高一下期中考试,1,1
合肥一中高一下期中考试物理,11,1
合肥一中高一下物理期末,1,1
合肥一中高一第一学期期中试卷,3,1
合肥一中高一第一次,3,1
合肥一中高一语文,3,1
合肥一中高一语文期末,3,1
合肥一中高二下期末生物,13,1
合肥一中高二物理期末,3,1
合肥一中，高一考试卷,4,1
合肥一六八中2025到2026学年第二学期高一年级化学期末检测,1,1
合肥一六八中2025到2026学年第二学期高一年级期末检测,2,1
合肥一六八中学高二上学期期中考数学试卷,3,1
合肥一六八小学,5,1
合肥一摸,4,1
合肥三十中,1,1
合肥三十中英语,4,1
合肥三十中英语7年级,6,1
合肥三十八中北,4,1
合肥九中2025高一上学期第1次月考数学,5,1
合肥九年级上数学期末考试卷,12,1
合肥五中,3,1
合肥五十中8年级下册道德与法治试卷,1,1
合肥五十中八年级上册数学期中考试卷,4,1
合肥五十中第一学期8年级期中考试。,1,1
合肥八中2026届高三下学期考前模拟预测语文题,2,1
合肥八中2026届高三下学期考前模拟预测语文题。,1,1
合肥八中英语期末试卷高一,8,1
合肥八中高一,1,1
合肥八中高一期中,1,1
合肥八中高一期末,8,1
合肥八年级上册数学期中考试卷,1,1
合肥八年级上册数学期中考试试卷,2,1
合肥八年级上册英语单元检测卷,1,1
合肥八年级上学期英语单元检测卷,15,1
合肥六中2024 2025学年下学期高一期末,2,1
合肥六中2025 2026学年下学期高一期末,1,1
合肥六中绿色评价3,7,1
合肥六中绿色评价三,2,1
合肥六中菱湖校区2025 2026高一第一次学科素养运用,1,1
合肥六中高一一段考,5,1
合肥六中高一下学期期末,1,1
合肥六中高一第一次调研,1,1
合肥六中高二下期末,1,1
合肥六校春季学期期末考试高一数学,5,1
合肥化学,11,1
合肥四中,5,1
合肥四十五中,5,1
合肥四十五中2025年九年级数学开学考试卷,3,1
合肥四十五中八年级数学试卷月考,5,1
合肥四十五中八年级期中数学试卷,3,1
合肥四十八中,4,1
合肥大地学校,6,1
合肥工业大学附属中学开学考试,4,1
合肥工业大学附属中高一学开学考试,2,1
合肥市2026小升初英语试卷,1,1
合肥市2026年高三第二次教学质量检测,2,1
合肥市2026年高三第二次教学质量检测英语听力,7,1
合肥市2026高一期中六校联盟,1,1
合肥市2026高一期中六校联盟数学,2,1
合肥市三十八,31,1
合肥市五十中学西校,27,1
合肥市八中2026高一上学期期中数学,1,1
合肥市八中2026高一期中数学,1,1
合肥市六校联考2025~2026学年高一下学期7月期末语文试卷,5,1
合肥市包河区2025~2026数学七下期末,3,1
合肥市包河区2025到2026年八上数学期末试卷,4,1
合肥市庐阳中学,2,1
合肥市第九中学,1,1
合肥市第四十二中,1,1
合肥市第四十二中学,1,1
合肥市高三第一次教学质量检测,1,1
合肥市高三第一次教学质量检测统考,3,1
合肥数学,8,1
合肥数学一段,1,1
合肥物理,4,1
合肥科大附中,4,1
合肥第45中学,2,1
合肥第一中学,2,1
合肥第五十五中学东校,1,1
合肥第八中学,1,1
合肥英语,5,1
合肥高一第一次月考,1,1
合肥高三第一次教学质量检测,1,1
合肥高中入学分班考,3,1
合阳,7,1
吉他讲义,1,1
吉化一中,1,1
吉化一中高一下期末,1,1
吉大,2,1
吉大慧谷,14,1
吉大慧谷分班考,1,1
吉安,3,1
吉安一中,3,1
吉安市,1,1
吉安市2026年上半年初二期末考试数学,4,1
吉安市2026年高二下学期期末教育质量检测。,3,1
吉安市省重点中学高二7月份阶段性检测数学试卷,8,1
吉安市高一下学期期末,2,1
吉安市高二下学期期末教学质量检测,2,1
吉安市高二下学期期末教学质量检测2026,3,1
吉安期末,1,1
吉安长田高一语文期末考试试卷,1,1
吉安青原区,1,1
吉林2026年高中合格性考试化学,1,1
吉林best合作体高一下数学,2,1
吉林best合作体高一下数学2026,1,1
吉林一中高一下学期期末测试高一数学,1,1
吉林一中高二下学期期末,11,1
吉林七年级上学期阶段检测,1,1
吉林专用,4,1
吉林东北师大附中中学,4,1
吉林中考,2,1
吉林中考古诗文默写,1,1
吉林中考文言文,7,1
吉林中考文言文阅读,7,1
吉林中考现代文阅读,1,1
吉林九年级上学期期中,1,1
吉林二十九中,3,1
吉林北师大,1,1
吉林单招考试数学卷,2,1
吉林地区普通中学20252026,1,1
吉林地区普通中学20252026第二次调研测试,2,1
吉林地区普通高中友好学校联合体2024-2025学年高一下学期期中英语试题,1,1
吉林地生,1,1
吉林大学附属中学,2,1
吉林大学高一第一次月考,1,1
吉林市7中,1,1
吉林市7中数学试卷,7,1
吉林市7中数学试卷期中,1,1
吉林市一中,4,1
吉林市一中地理高一,11,1
吉林市初中七年级数学期中试卷,1,1
吉林市普通中学2025~2026学年度高中毕业年级第1次调研测试,7,1
吉林市毓文,1,1
吉林市田家炳中学,2,1
吉林市第十二中学,3,1
吉林市船营区三上期末考试卷,5,1
吉林市道法模拟题,3,1
吉林市高一,20,1
吉林市龙潭区古川学校,4,1
吉林文言文阅读 02026 一轮复习,1,1
吉林期中,2,1
吉林松花江中学,4,1
吉林松花江中学八年级数学期末质量检测试题,4,1
吉林百强高中,9,1
吉林省,7,1
吉林省2026单招,1,1
吉林省2026年英语,3,1
吉林省2026年英语中考,2,1
吉林省BEST合作体,2,1
吉林省best高一下,2,1
吉林省内六校联盟联考,1,1
吉林省农安县实验中学2025-2026学年高二上学期10月月考英语试题,2,1
吉林省吉林市吉化九中2024至2025名校调研系列卷e七下地理期中,4,1
吉林省吉林市第五中学,6,1
吉林省四平市双辽市数学测试,3,1
吉林省学业水平测试2026高中地理卷子,4,1
吉林省实验中学 新高一分班考试?、?初升高衔接 数学函数 含参问题?、?长春重点高中入学摸底?。,21,1
吉林省延边州2024 2025学年七年级上学期质量检测道德与法治与历史合卷试题,3,1
吉林省普通高中 G8 教考联盟 2024-2025 学年下学期期末考试 高二年级英语试卷。,7,1
吉林省松原市宁江区第一中学期末历史测试卷2026,8,1
吉林省梅河口市第五中学,2,1
吉林省通化市梅河口市,6,1
吉林省长春市中考生物2026,2,1
吉林省长春市八年级上册，数学月考第一次,1,1
吉林省长春市八年级上册，数学期中考第一次,2,1
吉林省长春市六年级上册英语月考卷,1,1
吉林省长春市初中语文学业测试,1,1
吉林省长春市十一高高一,1,1
吉林省长春市十一高高一上,1,1
吉林省长春市榆树市实验高中2025 2026学年度上学期期中测试数学,1,1
吉林省长春市榆树市实验高中2025 2026学年度高一上学期期中测试数学,3,1
吉林省长春市榆树市实验高中高一数学测试,14,1
吉林省长春市长春高新第一实验学校,5,1
吉林省长春市高三质量检测,1,1
吉林省高一期末,2,1
吉林省高二上学期期中中考考试题,2,1
吉林省高二上学期期中考考试题通化市,1,1
吉林省高考,3,1
吉林省高考物理2024,2,1
吉林省高考物理2025,12,1
吉林省高考物理2025年真题,2,1
吉林磐石,1,1
吉林辽源五中高一试卷,1,1
吉林长春中考卷子,3,1
吉林长春吉大附中,2,1
吉林长春市第二中学,4,1
吉林长春市第二学校,1,1
吉林阶段检测,1,1
吉林高一下学期英语,3,1
吉林高三上学期开学考,3,1
吉林高三开学考,1,1
吉林高三开学高,1,1
吉林高二上学期阶段检测,2,1
吉林高二下学期阶段检测,2,1
吉林高二期中统考,1,1
吉林高二期中统考上学期,1,1
吉林高二期中统考上学期数学,5,1
吉林高二期中统考上学期物理,2,1
吉林高考,3,1
吉林高考二模,2,1
吉林高考二模数学,1,1
吉林高考地理,10,1
吉水,2,1
吉水二中,1,1
吉首,23,1
吉首一中,6,1
同位角,1,1
同分异构体,3,1
同分异构体专题,8,1
同分异构体的书写,6,1
同和中学,4,1
同安区2025-2026学年第二学期义务教育学校语文七年级期末质量检测,15,1
同安数学,1,1
同底数幂的混合运算题,2,1
同底数幂的混合运算题专题,2,1
同底数幂的混合运算题专题8年级,6,1
同构习题,1,1
同构函数,3,1
同步 100 分背默,7,1
同步100分,7,1
同步·实践·评价——课程基础训练 人教版 数学+四年级下册,1,1
同步专题类型题,1,1
同步教材,1,1
同步新版4年级数学重点电子版,1,1
同步新版54，威海4年级数学重点电子版,5,1
同步示范课,2,1
同步精品课堂,14,1
同步练习,1,1
同步练习册物理,2,1
同步练习册物理20249年级,1,1
同步练习册物理配套试卷,1,1
同步训练,35,1
同步课,1,1
同步课件讲义,2,1
同步课后练习,1,1
同步课堂,3,1
同泽女,1,1
同类题,1,1
同行学案,7,1
同行学案八上英语期中,1,1
同行学案八上英语试卷,1,1
同行学案学练测,7,1
名人事迹积累,2,1
名人素材,1,1
名协,1,1
名句名篇默写题在线做,1,1
名师 测控数学,4,1
名师 测控数学8年级上册,1,1
名师 测控数学8年级上册安徽专版,1,1
名师优课,4,1
名师学案,1,1
名师学案九上 物理,6,1
名师学案堂堂清数学,3,1
名师学案堂堂清湖北专版,1,1
名师学案数学湖北专版,1,1
名师学案数学湖北专版九年级,3,1
名师导学 高三历史一轮总复习 选择性考试,4,1
名师导学高三历史,9,1
名师导学高三历史作业,1,1
名师指津,1,1
名师测控 2025 2026 八年级下册,6,1
名师测控 2026年化学九年级上卷子 答案,5,1
名师测控七年级上册数学,1,1
名师测控九年级上册,4,1
名师测控九年级上册 化学,2,1
名师测控九年级物理,2,1
名师真题,2,1
名师课堂,1,1
名师课堂九上华师,3,1
名师课堂九上期中测评,4,1
名校作业八上,8,1
名校作业八下物理,1,1
名校化学物质与结构讲义,2,1
名校协作,7,1
名校南京,2,1
名校压轴题,1,1
名校大考卷七下历史,1,1
名校学典 核心考点,1,1
名校模拟卷,5,1
名校真卷,1,1
名校联盟 2026 辽宁,6,1
名校联盟9月,3,1
名校联盟信息卷,1,1
名校联盟山东期中,6,1
名校联盟月考高三上,2,1
名校联盟月考高三上10月份,1,1
名校联盟高一下期末数学,1,1
名校联考,1,1
名校联考联合体,2,1
名校试卷,4,1
名校课堂 026八上 数学,1,1
名校课堂九上华师版。,3,1
名校课堂九年级上册,9,1
名校课堂九年级上同步数学,7,1
名校课堂九年级上同步数学河北,1,1
名校课堂九年级物理,4,1
名校课堂人教版,8,1
名校课堂安徽专版数学八年级上周测卷我只要里面的试卷,6,1
名校课堂安徽专版数学八年级上第12章函数一次函数试卷,7,1
名校课堂安徽专版数学八年级上第12章函数一次函数试卷周测,4,1
名校课堂河南,1,1
名校调研,1,1
名校调研第一次,1,1
名校调研系列卷九年级物理二模,2,1
名校领航2027高考大一轮复习,2,1
名校高一语文期末考试试卷,7,1
名次,1,1
名篇佳句默写 选必上,1,1
名篇佳句默写 选必下,1,1
名篇佳句默写 选择性必修下,1,1
名篇佳句默写必修上,1,1
名著,4,1
名著 乡土中国 导读学案,2,1
名著导读,5,1
名著阅读,1,1
名著题,9,1
名词 2026届英语一轮复习,1,1
名词从句,3,1
名词变复数,2,1
名词性从句定语从句习题高三复合习题,9,1
名词性从句定语从句习题高二复合习题,15,1
名词的数,1,1
向心力单元测试,3,1
向心力单元测试人教版,1,1
向量 0 一轮复习 基础高考题,1,1
向量一,1,1
向量一轮,7,1
向量与三角函数综合,4,1
向量专题,2,1
向量加减法练习,1,1
向量单元卷,2,1
向量单元测试卷,5,1
向量培优,1,1
向量数量积,7,1
向量求角和周长，面积取值范围,3,1
向量求角和周长，面积取值范围大题,5,1
向量的数量积,2,1
向量的数量积专题,4,1
向量综合,1,1
向量蛋元测试卷,1,1
吕梁市2024 2025学年高一第二学期期末调研测试,1,1
吕梁市文水高一下学期期末,2,1
吕梁市高一下学期期末,4,1
含参不等式,1,1
含参数的函数,3,1
含山西卷: 2022：全国乙卷（旧课标） 2023-2026：新高考全国Ⅱ卷（新课标Ⅱ卷）,2,1
含有弹簧连接体问题,1,1
含氮物质的间的转化,1,1
含电表分析,3,1
听写,4,1
听写 打卡默写,1,1
听写 自定义,1,1
听力 1 2024真题,1,1
听力上海英语九年级,2,1
听力分级特训,1,1
听力检测英语八年级,40,1
听力真题高考,1,1
听力练习,1,1
听力练习 包含音频和文本,1,1
听力英语专项训练,5,1
听力英语专项训练八年级鲁教版,4,1
听力英语专项训练初三,2,1
听力训练,1,1
听力训练重庆第八中学二五至26年七下英语,2,1
听力训练重庆第八中学二五至26年七下英语期中,1,1
听力长郡,2,1
听力高一,1,1
听力高三,1,1
听力高二,5,1
听觉与回声,2,1
听说,3,1
启东,1,1
启东中学中考总复习物理专项分层训练,6,1
启东中学中考总复习物理专项训练,1,1
启东中学中考总复习物理苏科版,1,1
启东中学八下中考总复习物理专项分层训练,1,1
启东中学高一下学期物理期中试卷,10,1
启东中学高二上学期月考,1,1
启东名校高三第二学期期初调研测试化学,2,1
启东市第一中学2024到2025年度第一学期第一次素质检测高一英语试卷听力音频,1,1
启东市第一中学2024到2025年度第一学期第一次素质检测高三英语试卷,1,1
启东百姓中学,1,1
启东英语,1,1
启声,1,1
启秀,1,1
启秀中学,4,1
启臻,1,1
启航英语听力高三,2,1
启航英语听力高三2026,5,1
吴兴区仁皇五中,3,1
吴县,1,1
吴县中学,1,1
吴小兵1979,1,1
吴忠中学,4,1
吴忠中学高一期中考试,2,1
吴忠中学高一期末考试,5,1
吴忠市第三中学,5,1
吴江,1,1
吴江中学,2,1
吴江区,14,1
吴淞中学分班考,4,1
吴老师工作室举一反三,5,1
吸收光谱,1,1
呈贡区,2,1
呈贡区2025 2026七年级数学,2,1
周南中学2026年入学竞赛考试,8,1
周南中学高二期末,2,1
周南实验,4,1
周南实验开学考,1,1
周南实验高一上开学考,3,1
周南实验高一开学考,3,1
周南梅溪湖中学2024-2025-1初二年级第一次月考,2,1
周南梅溪湖中学2024-2025-1初二年级第一次月考英语,2,1
周口市淮阳,2,1
周口市淮阳五年级,5,1
周口市淮阳实验,11,1
周口市淮阳小学,1,1
周口市高一下学期,2,1
周周练英语外研版,3,1
周期函数和对称性专题,4,1
周期对称,2,1
周期性问题,7,1
周林八年级上册数学期中,4,1
周浦中学高一上,1,1
周浦中学高一上化学,1,1
周浦中学高一上数学,7,1
周浦中学高三数学,8,1
周考卷,11,1
周至中学,1,1
周长,1,1
周长和面积,33,1
呼伦贝尔八年级贯通考试,1,1
呼伦贝尔阿荣旗2026-2027六年级下册语文期末试卷,2,1
呼吸作用,15,1
呼吸作用一轮复习,1,1
呼吸作用与光合作用一轮复习习题,2,1
呼吸作用原理的应用,2,1
呼吸光合,5,1
呼和浩特中考数学2025,1,1
呼和浩特二中高一下期末,2,1
呼和浩特土左二中2025年分班考试卷,3,1
呼和浩特察素齐2025年分班考试卷,7,1
呼和浩特市2026年初中英语,1,1
呼和浩特市2026年初二年级英语,1,1
呼和浩特市2026年英语,1,1
呼和浩特市2026高一下学期期末考试,3,1
呼和浩特市第三十九中,7,1
呼和浩特市第九中学,1,1
呼和浩特市第十六中学,3,1
呼和浩特第一次,4,1
呼和浩特第二中学语文期末,6,1
呼和浩特铁路,2,1
呼和浩特铁路第二,3,1
呼图壁 高一上期末,1,1
呼图壁 高一上期末数学,2,1
呼市二中,4,1
呼风唤雨的世纪,3,1
命名带官能团习题,4,1
命题充分条件必要条件,5,1
咋打印,4,1
和县,2,1
和差化积,10,1
和平一模 数学,1,1
和平区,15,1
和平区2025至2026学年度第二学期九年级第三次质量调查英语学科试卷,9,1
和平区2026,3,1
和平区三模,1,1
和平区会考模拟,8,1
和平区八年级下册物理期末,1,1
和平区期末,13,1
和平区高一化学必修一,11,1
和平精英,1,1
和田地区,2,1
和田地区洛浦县期末,2,1
和田市,10,1
和阳中学初一,5,1
咯现在,1,1
咸宁市,9,1
咸宁市崇阳县六年级试卷,16,1
咸宁第一高级中学,2,1
咸宁迈点,1,1
咸宁高一期末,3,1
咸安区咸宁实验外国语学校2024到2025数学二次函数,16,1
咸阳北师大版三年级下册数学期末考试,12,1
咸阳市,4,1
咸阳市2026年高考模拟检测数学试题一,4,1
咸阳市实验中学高二暑假作业,2,1
咸阳市高一期末,1,1
咸阳市高二2026,2,1
咸阳新初一入学分班考试数学试题,7,1
咸阳新初一分班考试数学试卷,4,1
咸阳统考,3,1
咸阳黄冈分班考,1,1
哈113中,12,1
哈113中 2025~2026上学期期中数学卷,3,1
哈113中 数学卷,6,1
哈113中学2025-2026化学,3,1
哈113中学化学,5,1
哈3中,1,1
哈9中,1,1
哈三,1,1
哈三中2024 2025高二开学考语文试题,3,1
哈三中2024-2025高一上10月月考数学试卷,16,1
哈三中2024～2025高二开学考语文试题,1,1
哈三中2025 2026学年度上学期高一学年度上学期英语月考,1,1
哈三中2025 2026学年度下学期高二学年期末考试生物试卷,2,1
哈三中2025~2026年度下学期高二学年6月月考化学试题,1,1
哈三中2025~2026年度下学期高二学年期末考试化学试题,1,1
哈三中2025~2026高二下学期英语期末试卷,1,1
哈三中2026年高三学年第二次摸底考试数学,1,1
哈三中2026期末语文,2,1
哈三中2026期末语文高二,1,1
哈三中数学,2,1
哈三中模拟题,2,1
哈三中生物四模2026试卷,5,1
哈三中英语期末,3,1
哈三中英语高三一模,4,1
哈三中英语高二,5,1
哈三中语文高一下期中,2,1
哈三中高一上第一次月考,9,1
哈三中高一上第一次月考英语卷,3,1
哈三中高一下学期期末,4,1
哈三中高一下期中,1,1
哈三中高一下期末,3,1
哈三中高一数学期末考试答案2026,2,1
哈三中高三年级第一次调研考试,6,1
哈三中高二10月份月考卷,11,1
哈三中高二上化学月考,1,1
哈三中高二上化学期中考试,1,1
哈三中高二上学期数学月考,1,1
哈三中高二上数学,3,1
哈三中高二上数学月考,1,1
哈三中高二上数学期中考试,1,1
哈三中高二上月考,3,1
哈三中高二上月考数学,4,1
哈三中高二上月考数学期中,2,1
哈三中高二上物理期中考试,1,1
哈三中高二上生物月考,2,1
哈三中高二下,1,1
哈三中高二下学期期末,2,1
哈三中高二下期末化学,1,1
哈三中高二下英语期末考试,1,1
哈三中高二期末,2,1
哈三高一数学上册第1次月考,4,1
哈九中2024级高二学年6月份阶段测试,2,1
哈九中2025 2026高一下学期6月份语文,1,1
哈九中2025-202610月月考数学,11,1
哈九中高二数学,3,1
哈九高二下期末,1,1
哈六中2024级高一下数学期末,1,1
哈六中2025高二数学,4,1
哈六中高一期末数学,1,1
哈六中高一物理,1,1
哈十七中2025-2026期中物理,5,1
哈四中2,2,1
哈四中2026届,1,1
哈四中2026届高一下学期期末物理,7,1
哈四中2026届高一下学期期末考试物理,4,1
哈四中2026届高一下期末考试物理,2,1
哈密,1,1
哈尔滨2026中考,3,1
哈尔滨2026年中考題,15,1
哈尔滨24中,1,1
哈尔滨24中期末数学,1,1
哈尔滨25年中考,2,1
哈尔滨47中,6,1
哈尔滨59中,2,1
哈尔滨8下各区期末试卷,25,1
哈尔滨七年级上语文期中,3,1
哈尔滨三中一模高考数学,2,1
哈尔滨中考,6,1
哈尔滨中考数学2026,2,1
哈尔滨中考真题,3,1
哈尔滨中考语文课外阅读,1,1
哈尔滨九中,1,1
哈尔滨九中2023-2024学年下学期期末考试,1,1
哈尔滨九中期末考试,1,1
哈尔滨九中高一六月月考,1,1
哈尔滨二十四中期末数学,4,1
哈尔滨八上数学期中,5,1
哈尔滨八上物理第一次月考,2,1
哈尔滨六校20252026高一下期末物理,2,1
哈尔滨六校高一物理,3,1
哈尔滨化学,1,1
哈尔滨单元测试卷,4,1
哈尔滨南岗中考一模,1,1
哈尔滨南岗中考一模语文卷,2,1
哈尔滨南岗区8下英语期末试卷,2,1
哈尔滨南岗语文,1,1
哈尔滨双城八上化学9月份月考,2,1
哈尔滨双城八上数学9月份月考,3,1
哈尔滨双城八上物理9月份月考,4,1
哈尔滨双城八上物理第一次月考,1,1
哈尔滨双城区五年级下册语文,1,1
哈尔滨各区8下英语期末试卷,3,1
哈尔滨各区中考模拟,5,1
哈尔滨哈师大附中2023 2024年度高二上学期月考数学,4,1
哈尔滨四中,2,1
哈尔滨四十七中,8,1
哈尔滨四十七中2024-2025,3,1
哈尔滨四十四中学生物选择性必修一学案答案,18,1
哈尔滨四年级下,20,1
哈尔滨小升初开学测,4,1
哈尔滨市,1,1
哈尔滨市三年级上英语期末试题,3,1
哈尔滨市中考模拟题,1,1
哈尔滨市九中,3,1
哈尔滨市农垦高中,2,1
哈尔滨市南岗区2018~2019七下数学期末,7,1
哈尔滨市名校开学考,3,1
哈尔滨市师范大学附中2025-2026数学,3,1
哈尔滨市第七十三中学高二期末,4,1
哈尔滨市第三中学高一上学期月考，英语,2,1
哈尔滨市第三中学高一下学期期末考试化学,7,1
哈尔滨市第三中学高一下期末数学,2,1
哈尔滨市第三中学高二下学期期末考试,1,1
哈尔滨市第三十七中,2,1
哈尔滨市第九中学2024到2025学年度上学期期末考试高二英语学科,1,1
哈尔滨市第九中学校2025 2026高一下学期6月份语文,2,1
哈尔滨市第六中学2025高二上数学,2,1
哈尔滨市第六中学校2023-2024学年度下学期期末测试,1,1
哈尔滨市第六中学校2024级高三模拟卷,5,1
哈尔滨市第六中学校2024级高三模拟卷12,3,1
哈尔滨市第六中学校2025高二上数学,1,1
哈尔滨市第六中学校高三模拟卷,4,1
哈尔滨市第六中学高二期末,3,1
哈尔滨市道里区2026八下期末语文测试卷含答案,1,1
哈尔滨市道里区七年级上语文期中,17,1
哈尔滨市香坊区三年级下学期期末数学真题,2,1
哈尔滨市香坊区三年级下学期期末英语真题,2,1
哈尔滨市香坊区三年级下学期期末语文真题,4,1
哈尔滨市高一上期末考试数学,5,1
哈尔滨市高一下学期期末化学,1,1
哈尔滨市高一下学期期末数学,4,1
哈尔滨市高一下学期期末生物,3,1
哈尔滨市高考真题,1,1
哈尔滨师大附中2026年高三第一次联合模拟考试化学试卷,2,1
哈尔滨师范大学附属中学2025-2026学年度下学期高二期末考试数学试题,6,1
哈尔滨师范大学附属中学20252026学年度下学期高二期末考试语文试题,3,1
哈尔滨师范大学附属中学二零二五二零二六学年度下学期高二期末考试语文试题,3,1
哈尔滨师范大学附属中学高二下期末地理,1,1
哈尔滨师范大学附属中学高二下生物,4,1
哈尔滨师附高二下学期期末英语,5,1
哈尔滨平房区8下英语期末试卷,1,1
哈尔滨开学测,1,1
哈尔滨德强高级中学2024~2025学年下学期期末测试卷一卷高一年级化学试题,3,1
哈尔滨松北区8下英语期末试卷,3,1
哈尔滨物理月考,14,1
哈尔滨第三中学2025-2026高二下学期期末语文,1,1
哈尔滨第三中学2026-2026高二下学期期末语文,3,1
哈尔滨第三中学高一英语第1次月考,5,1
哈尔滨第三中学高三一模数学,1,1
哈尔滨第三中心,1,1
哈尔滨第三高级中学,1,1
哈尔滨第九中学2023-2024学年下学期期末考试,2,1
哈尔滨第九中学2023-2024学年高一下学期期末考试,1,1
哈尔滨第九中学2023-2024学年高一下学期语文期末考试,1,1
哈尔滨第九中学2024级高二下学期期末考试生物学科,2,1
哈尔滨第九中学期末考试,2,1
哈尔滨第九中学期末考试上学期,4,1
哈尔滨第九中学高二下期末,10,1
哈尔滨第九高二下期末,1,1
哈尔滨第六中学校2025高二上,1,1
哈尔滨第四,1,1
哈尔滨第四中学校,5,1
哈尔滨英语七年级开学了,2,1
哈尔滨语文,1,1
哈尔滨语文课外阅读,1,1
哈尔滨道里区8下英语期末试卷,2,1
哈尔滨高考物理二模,5,1
哈师大,5,1
哈师大附中 高一下 期末数学,6,1
哈师大附中2024 2025学年下学期高一期末考试物理,7,1
哈师大附中2025 2026学年度上课学期高一英语期末,1,1
哈师大附中2025 2026高二下期末,2,1
哈师大附中2025-2026十月月考数学,1,1
哈师大附中2025-2026期末数学高二,3,1
哈师大附中2025-2026期末高二,1,1
哈师大附中2025级2025到2026学年度第一学期是10月月考英语试卷,1,1
哈师大附中2025至2026学年度上学期高二期末考试英语试卷,3,1
哈师大附中25级第一学期10月月考数学试卷,1,1
哈师大附中数,1,1
哈师大附中期中,4,1
哈师大附中高一下期末数学,1,1
哈师大附中高二4月阶段性考试,2,1
哈师大附中高二上学期,1,1
哈师大附中高二上学期化学,1,1
哈师大青冈实验中学高二上学期期中,3,1
哈森高一数学上册第1次月考,1,1
哔哩哔哩官网,3,1
哲学,7,1
哲学 02026年一轮复习 原理方法论,4,1
哲学 与文化 024一轮复习 知识点背诵,1,1
哲学与文化发展观 矛盾观 联系观大题,1,1
哲学与文化发展观 矛盾观 联系观选择,4,1
哲学原理 方法论必背知识整理最新版,1,1
哲学政治高考真题主观题,2,1
哲学矛盾题,3,1
唐冶中学,2,1
唐南中学,7,1
唐山,3,1
唐山 0 2026第一次模拟试卷,2,1
唐山2025 2026高一下数学期末试卷,1,1
唐山2025 2026高一下生物期末试卷,2,1
唐山2025 2026高一下语文期末试卷,4,1
唐山2025年高一上学期物理期中试卷,3,1
唐山2025年高一物理期中试卷,5,1
唐山2026-2027高一第二学期期末数学,1,1
唐山2026初一下册,2,1
唐山2026高一下期末数学,1,1
唐山2026高一第二学期期末数学,1,1
唐山2026高二期末,8,1
唐山一中,1,1
唐山一中英语试卷,1,1
唐山一中英语试卷月考,4,1
唐山一中高一上月考,1,1
唐山一中高二月考,1,1
唐山一中高二月考物理,1,1
唐山一模,4,1
唐山东方教育集团月考,1,1
唐山东方教育集团第一次月考,1,1
唐山二中2025-2026学年度第一学期高一月考化学试卷答案,1,1
唐山二模,10,1
唐山八上10月月考,1,1
唐山八上月考,4,1
唐山初一,2,1
唐山初一数学,1,1
唐山实验学校,3,1
唐山市20212022高一上学期期末数学,3,1
唐山市2022~2023高一上学期数学期末,1,1
唐山市2024 2025学年度高一年级第二学期期末考试,3,1
唐山市2024-2025学年高一下学期期末英语,2,1
唐山市2025-2026学年度高一年级第二学期期末考试,1,1
唐山市2026届高三期末考试,1,1
唐山市2026届高三期末考试英语,6,1
唐山市25 26高一下学期期末卷英语,4,1
唐山市25 26高一下学期期末卷语文,1,1
唐山市丰南区2025-2026七年级上数学期末,3,1
唐山市丰南区2025-2026七年级下数学期末,4,1
唐山市丰南区第一中学第一次月考,1,1
唐山市丰南区第一中学第一次月考高一上,1,1
唐山市丰南区第一中学第一次月考高一上物理,2,1
唐山市人教版物理月考卷,4,1
唐山市开学考试,1,1
唐山市摸底考试高三,6,1
唐山市玉田县七年级2025_2026年下册期末真题卷,1,1
唐山市玉田县七年级2026年下册期末真题卷,3,1
唐山市玉田数学期末试卷,2,1
唐山市第一中学,4,1
唐山市路北区2024-20257年级下学期期末,2,1
唐山市路北区七年级数学月考,1,1
唐山市路北区八年级上学期,1,1
唐山市路北区八年级上学期数学,1,1
唐山市路北区八年级数学,4,1
唐山市路北区八年级数学期末,1,1
唐山市路北区八年级期末数学,7,1
唐山市路北区数学期末,1,1
唐山市路南区七上道德与法治试卷,16,1
唐山市路南区初一试卷,5,1
唐山市高一上学期期末数学,1,1
唐山市高一下学期英语期末卷,6,1
唐山市高一期末,3,1
唐山市高三上开学考试,3,1
唐山市高三上开学考试政治联考题,4,1
唐山市高二上期中,3,1
唐山市高二上期中数学,6,1
唐山市高二上期中数学考试,11,1
唐山市高二上期中考试,3,1
唐山摸底考试,4,1
唐山摸底考试化学,6,1
唐山期末,1,1
唐山泓延文化八年级上册,10,1
唐山第一中学,1,1
唐山第一学期高三,1,1
唐山路北初一数学上学期期中,2,1
唐河县2022年8年级上册期中卷。,5,1
唐河县2022年8年级上册物理试卷期中卷。,1,1
唐河县2024年春期期中文化素质检测七年级英语,3,1
唐河县2025一年级上册语文期末试卷,3,1
唐河县2025年8年级上册期末物理试卷。,3,1
唐河县2025年八上物理期末卷,8,1
唐河县2025年春期期中阶段性文化素质检测七年级英语试题,7,1
唐河县八年级上册物理期末考试卷,1,1
唐河县八年级上册生物期中考试卷,1,1
唐河县八年级英语,1,1
唐洋中学,2,1
唐莲,1,1
唐诗三百首名著导读,5,1
唐诗三百首知识点,4,1
唐诗三百首阅读题,3,1
商丘 新初一分班考试卷 语数英,4,1
商丘 新初一分班考试卷 语文,5,1
商丘市二高高三上学期开学考试试卷,2,1
商丘市回高高三上学期开学考试试卷,2,1
商丘市实验中学,2,1
商丘市第一高级中学高三第一次考试试卷,1,1
商丘市高级中学高三开学考试卷卷,2,1
商务星球版,1,1
商务星球版七年级下册,6,1
商务星球版七年级下册期末,10,1
商外,1,1
商师联盟,6,1
商河区语文二模,1,1
商河实验中学,4,1
商洛中学入学测试,2,1
商洛市,21,1
商洛市高一下期中,1,1
喀什,12,1
喀什七年级上册数学期中考试,5,1
喀什二中初中,1,1
喀什二中高二,1,1
喀什地区2026年普通高考4月适应性检测,4,1
喀什地区喀什市2025年高一下学期期末考试试卷物理,1,1
喀什地区喀什市2026年高一下学期期末考试试卷英语,4,1
喀什地区喀什市七年级上册数学第一章检测卷,1,1
喀什市2025 2026七下期末考试,22,1
喀什市2025 2026学年第二学期高二期末质量检测试卷英语,12,1
喀什市月考,3,1
喀什市月考八年级九月,3,1
喀什市期中八年级九月,8,1
喀什市第二十六中学,1,1
喀什期末试卷,1,1
喀左二高中,3,1
嗯三年级上册必背,7,1
嗯初三化学讲解鲁教版讲解课,2,1
嗯嗯妈妈好,1,1
嗯河南省商丘市悦翔中心小学五年级下册期末考试试卷,3,1
嘉兴 2024 2025学年 第二学期 期末测试,7,1
嘉兴2025-2026第二学期高一期末检测英语,4,1
嘉兴一中新高一分班考试卷,1,1
嘉兴一模,1,1
嘉兴一模数学,1,1
嘉兴三校高一数学月考卷,1,1
嘉兴二模,2,1
嘉兴基测2026物理,1,1
嘉兴小升初,2,1
嘉兴小升初分班考,1,1
嘉兴市2024~2025学年第二学期期末测试语文,1,1
嘉兴市2024~2025年第二学期期末测试语文,2,1
嘉兴市2024到2025学年度第二学期期末测试语文,6,1
嘉兴市2024到2025学年第二学期期末测试卷,27,1
嘉兴市2025-2026学年高二下学期期末检测生物试卷,1,1
嘉兴市高一期末,2,1
嘉兴市高三历史,6,1
嘉兴市高二期末物理,1,1
嘉兴期末英语高二下,5,1
嘉兴高三,1,1
嘉兴高三上基础测试,4,1
嘉兴高三上教学测试,3,1
嘉定二中,3,1
嘉定英语二模,2,1
嘉汇中学,3,1
嘉祥一中,4,1
嘉祥一中第一次10月,6,1
嘉祥一中第一次月考,6,1
嘉祥七年级下册数学试卷,18,1
嘉祥县2024 2025八年级下学期期末试卷,1,1
嘉祥县2025 2026八年级下学期期末试卷,12,1
嘉祥县六下语文期末,6,1
嘉祥外国语2026年八下物理期末测试卷,2,1
嘉荣外国语 下学期 期末考答题卡 2026,1,1
嘉陵一中,3,1
嘻嘻嘻,1,1
四上平行四边形和梯形,5,1
四上必背古诗,3,1
四上期中语文卷,2,1
四上期末语文卷长沙,5,1
四上英语1单元课件,9,1
四上语文,1,1
四上语文1-8单元基础知识专项训练选择题,4,1
四上语文电子课本,1,1
四上道法,1,1
四上青岛版数学,3,1
四下口算,4,1
四下复习,2,1
四下奥数,23,1
四下平移旋转,5,1
四下数学青岛版山东滨州,1,1
四下期末四会数学,1,1
四下期末数学,1,1
四下竖式专项练习,6,1
四下英语期末,1,1
四下语文期末,2,1
四中分班卷,1,1
四中分班考,1,1
四五六年级下册北师大版,1,1
四六级 考研 英语模拟题 专项训练题库 词汇考察方式 创新趋势 干扰项模式,4,1
四则混合运算 专项练习,1,1
四则混合运算200题 专项练习,3,1
四区联考期中,2,1
四十中,1,1
四十九中,9,1
四十二,3,1
四十二中学,2,1
四十八,1,1
四十八中,2,1
四升五口算共30页,5,1
四升五语文阅读理解,5,1
四合庄,4,1
四大名校,2,1
四大名校周考卷,3,1
四大名校试卷答案,8,1
四川 0 2025高考真题英语,1,1
四川2 026年 高考 真题,6,1
四川2023化学高考,3,1
四川2026,1,1
四川CGMO省选拔赛,1,1
四川一高2026年期末考试数学卷子,3,1
四川七年级下学期期末,9,1
四川三年级上学期期末,7,1
四川乐山市市中区新初一分班考试卷,3,1
四川乐山市新初一分班考试卷,4,1
四川九年级上学期期末,1,1
四川九年级下学期期末,2,1
四川五年级上学期阶段检测,8,1
四川人教版行程问题六年级上册练习,1,1
四川八上物理期末复习题,1,1
四川八年级上学期期末,2,1
四川八年级下学期期末龙泉驿,1,1
四川内江六中初二数学期末卷,3,1
四川内江六中高三,1,1
四川内江高中,2,1
四川凉山州,9,1
四川初一,1,1
四川初一英语绵阳,2,1
四川初三,1,1
四川初升高自主招生数学物理,1,1
四川化学高考卷,2,1
四川单招,1,1
四川单招2026年语数外合卷,1,1
四川南充,5,1
四川合格考数学,1,1
四川合格考生物,5,1
四川合格考英语,2,1
四川学业水平合格性考试,2,1
四川宜宾2026年期末考试,5,1
四川宜宾叙州区九年级上册化学,2,1
四川巴中,6,1
四川巴中2026中考,8,1
四川巴中零诊,2,1
四川巴中高一英语,1,1
四川巴蜀中学,4,1
四川师范大学附属中学,3,1
四川师范大学附属中学高中部,2,1
四川师范大学附属中学高中部分班考,6,1
四川广元人教版行程问题六年级上册练习,1,1
四川广安市武胜县龙女湖初中小升初分班考试真题卷语文,2,1
四川往年零诊试卷,1,1
四川德阳五中高中语文月考测试卷,3,1
四川成都,1,1
四川成都0诊试卷,2,1
四川成都一模,1,1
四川成都一诊,18,1
四川成都一诊2026历史,11,1
四川成都七中,2,1
四川成都三诊,1,1
四川成都中考数学,3,1
四川成都市,1,1
四川成都市第七中学,8,1
四川成都市锦江区2025－2026学年下学期八年级期末考试数学试题,1,1
四川成都树德中学,1,1
四川成都树德中学数学,3,1
四川成都武侯区西川实验学校八年级上半期测试,1,1
四川成都泡桐树小学,1,1
四川成都石室,1,1
四川成都高三,5,1
四川政治高考卷,4,1
四川数学人教版七年级下试题,2,1
四川数学人教版高一下试题,3,1
四川数学竞赛试卷,1,1
四川数学高一上,2,1
四川数学高一上南江中学,2,1
四川数学高一上月卡,1,1
四川期末复习,5,1
四川物理,1,1
四川物理学业水平合格性考试真题,3,1
四川物理高一上,14,1
四川物理高一上期中,1,1
四川物理高考,1,1
四川生,1,1
四川生物,1,1
四川生物高考卷,2,1
四川省,1,1
四川省 02026七下数学期末考试试题,5,1
四川省2008年高考试卷,3,1
四川省2024年6月普通高中学业水平合格性考试地理试题,1,1
四川省2024年6月普通高中学业水平合格性考试生物学,1,1
四川省2025年1月英语合格考模拟,3,1
四川省2025年9月普通高中学业水平合格性考试,2,1
四川省2025年合格考,1,1
四川省2025年合格考英语试卷,4,1
四川省2025年普通高中学业水平合格性考试,2,1
四川省2026年6月普通高中学业水平合格性考试地理试题,2,1
四川省2026年物理合格考试题,1,1
四川省2026数学一诊试卷,1,1
四川省2026高中数学一诊试卷,1,1
四川省9月份地理合格考补考卷,1,1
四川省七年级下册数学试卷专项练习,1,1
四川省万源市,5,1
四川省万源市城南中学,12,1
四川省仁寿中学,1,1
四川省六年级上册三单元,1,1
四川省六年级上册数学一单元,2,1
四川省内江市2024-2025学年高一下学期期末考试物理试卷,2,1
四川省内江市八下数学,1,1
四川省内江市绵阳中学高二期末,1,1
四川省内江市资中县六年级上册一单元,12,1
四川省凉山州2025-2026学年度下期期末高二英语,1,1
四川省南充市,5,1
四川省南充市2014~2015学年高一下学期学业质量监测数学试题,1,1
四川省南部县2026数学,3,1
四川省双流中学,5,1
四川省合格考考试英语,1,1
四川省合江县马街中学（马街名校）2023-2024学,1,1
四川省合江县马街中学（马街名校）2023-2024学年高一上学期12月月考日语试,4,1
四川省合江县马街中学（马街名校）高2023级高一上第三学期月考试题日语,3,1
四川省大英中学,2,1
四川省学业水平考试英语,2,1
四川省巴中市2026年中考,5,1
四川省师范大学附属中学,2,1
四川省师范大学附属中学自主招生真题,13,1
四川省广元市,7,1
四川省广元市中考物理,1,1
四川省广元市利州区万达实验学校2025入学分班考卷,5,1
四川省广元市利州区万达实验学校七年级上册入学,4,1
四川省广元市利州区川师万达学校，七年级入学分班卷,1,1
四川省广元市利州区高二下2026年期末考试试卷,4,1
四川省广安市,1,1
四川省广安市假期,1,1
四川省广安市广安区2025-2026学年七年级下学期期末考试数学试题 标签： 精品解析文字版答案,3,1
四川省广安市广安区2025-2026学年七年级下学期期末考试英语试题,3,1
四川省广安市广安区2025-2026学年七年级下学期期末考试道法试题,1,1
四川省广安市开学,3,1
四川省广安市邻水县高一下期末英语,1,1
四川省德阳市2025级高一下学期期末考试数学,2,1
四川省德阳市中江县,10,1
四川省成都七中育才学校2026年七年级下册期中试卷数学,1,1
四川省成都七中育才学校2026年七年级下册期末试卷数学,2,1
四川省成都市2024-2025学年高一下学期期末适应性考试英语试题,2,1
四川省成都市2026年高三第二次模拟考试,3,1
四川省成都市2026年高中毕业班模底测试英语,5,1
四川省成都市2027届高二下学期期末考试,1,1
四川省成都市七中,3,1
四川省成都市七年级下册期中考试,1,1
四川省成都市七年级下册期中考试数学,3,1
四川省成都市八年级上册数学期中考试卷,2,1
四川省成都市八年级下册数学期中考试卷,1,1
四川省成都市定时训练,2,1
四川省成都市树德中学高2022级高三上学期12月阶段性测试,2,1
四川省成都市武侯区,2,1
四川省成都市零诊,1,1
四川省成都市零诊石室中学,1,1
四川省成都市零诊第七中学,1,1
四川省数学中考,1,1
四川省数学六年级上册三单元,1,1
四川省旺苍中学,3,1
四川省普通高中学业水平合格性考试,7,1
四川省普通高中学业水平合格考试生物模拟试卷,2,1
四川省泸定中学高一,1,1
四川省泸定中学高一期末,2,1
四川省泸州市2026年高一下学期期末历史试题,5,1
四川省泸州市古蔺县,18,1
四川省泸州市古蔺县七年级,6,1
四川省泸州市古蔺县七年级月老,1,1
四川省泸州市古蔺县七年级月考,1,1
四川省泸州市古蔺县七年级英语,1,1
四川省泸州市古蔺县麻嘶六年级下学期期末,1,1
四川省泸州市期末考2026高一数学试卷,3,1
四川省泸州市期末考2026高一物理试卷,3,1
四川省泸州市期末考2026高二数学试卷,5,1
四川省渠县琅琊中学2024到2025学年七年级上学期9月月考数学测试题,12,1
四川省生物高考,4,1
四川省眉山市仁寿县2023.2024期末数学卷子,2,1
四川省眉山市仁寿县强基卷数学,2,1
四川省眉山市仁寿县强基卷数学八年级,1,1
四川省绵阳中学高二下期末,2,1
四川省绵阳中学高二期末,7,1
四川省绵阳市2026高中数学三诊试卷,1,1
四川省绵阳市2026高中数学二诊试卷,4,1
四川省英语,1,1
四川省蜀光中学试卷,5,1
四川省资阳市,3,1
四川省资阳市安岳县二六届数学中考真题,5,1
四川省资阳市安岳县数学中考真题,7,1
四川省资阳市高考,3,1
四川省达州中学,4,1
四川省达州市,1,1
四川省达州市2026年中考数学,2,1
四川省达州市中考真题,1,1
四川省遂宁市2025-2026学年高一下学期期末质量监测英语,1,1
四川省雅安市2024-2025学年下学期期末教学质量检测高中二年级数学试题,4,1
四川省雅安市2025到20266年级上册语文,3,1
四川省雅安市雅安中学2023年入学分班考试卷,1,1
四川省雅安市雅安中学初中部2023年入学分班考试卷,3,1
四川省高一开学考,2,1
四川省高中合格考试试卷地理,1,1
四川眉山市2025 2026学年高一下学期5月期末试题英语,2,1
四川眉山市2025 2026学年高一下学期5月试题物理,3,1
四川眉山市2025 2026学年高一下学期7月期末试题英语,1,1
四川绵阳,1,1
四川绵阳2026数学一诊,1,1
四川绵阳2026高中数学一诊,1,1
四川绵阳富乐七年级上册语文期末测试卷,4,1
四川绵阳富乐初中,2,1
四川绵阳市初一上册期末语文测试卷,5,1
四川英语高考,1,1
四川英语高考卷,2,1
四川资阳安岳中学,5,1
四川资阳安岳初一,1,1
四川资阳安岳李家初一,1,1
四川资阳安岳李家高屋初一,17,1
四川达州2025年高一上期末物理,8,1
四川达州高一期末物理,3,1
四川雅安八上数学一单元卷,4,1
四川零诊数学高三,5,1
四川零诊数学高三南充市,3,1
四川高 考 2026高考真题,1,1
四川高一,3,1
四川高一上学期期末,1,1
四川高一上学期阶段检测,7,1
四川高一下学期期末,3,1
四川高一下学期阶段检测,7,1
四川高一数学集合,1,1
四川高一英语,1,1
四川高中信息技术合格考,1,1
四川高中合格册,3,1
四川高考化学,3,1
四川高考地理26,3,1
四川高考真意2025化学,2,1
四川高考真题,6,1
四川高考英语试卷,1,1
四平,11,1
四平市第一高级中学,2,1
四年。计,4,1
四年级 第一单元测试卷,1,1
四年级上册单词表,2,1
四年级上册外研版三年级起点英语课本,4,1
四年级上册数学乘法的运算试题100道,4,1
四年级上册数学电子书,1,1
四年级上册数学计算练习青岛版,3,1
四年级上册期未考试,9,1
四年级上册期未考试数学,5,1
四年级上册第一单元测试卷,1,1
四年级上册英语北师大版第三单元,5,1
四年级上册英语单元范文,2,1
四年级上册语文必背,3,1
四年级上册语文期中测试卷,1,1
四年级上册语文第4单元测试卷,11,1
四年级上册语文第三单元测试卷,5,1
四年级上学期阶段检测,2,1
四年级上数学,2,1
四年级上沪教英语,3,1
四年级上沪教英语知识清单,3,1
四年级上脱式计算,1,1
四年级上计算,3,1
四年级下册 数学期末测试卷,1,1
四年级下册数学周末,2,1
四年级下册数学期末试卷,7,1
四年级下册数学计算题简便算法,5,1
四年级下册肇源期末试题,11,1
四年级下册英语,1,1
四年级下册英语期末试题,9,1
四年级下册英语武汉,1,1
四年级下册英语武汉黄陂.,8,1
四年级下册题目,6,1
四年级下册，昌平区，2025至2026，期末真题考试试卷,2,1
四年级下四则运算计算,1,1
四年级下学期期中,3,1
四年级下学期期末考卷语文,2,1
四年级下学期阶段检测,3,1
四年级下英语苏州,1,1
四年级五年级,1,1
四年级人教版数学上册,1,1
四年级人教版数学上册1至3单元,1,1
四年级人教版数学上册1至3单元测试,1,1
四年级作文,2,1
四年级升五年级,1,1
四年级单元英语范文,2,1
四年级听力,9,1
四年级应用题专项训练,1,1
四年级应用题专项训练一日一练,1,1
四年级数学,4,1
四年级数学 基础达标卷 人教版、小学数学计算能力测试 四年级,5,1
四年级数学 基础达标卷 人教版、小学数学计算能力测试 四年级 「基础」「达标」「计算专项」,18,1
四年级数学下册基础卷,2,1
四年级数学下册江苏昆山,6,1
四年级数学下册章节测试卷,1,1
四年级数学应用题专项训练一日一练,3,1
四年级数学应用题专项训练一日一练人教版,1,1
四年级数学期中,1,1
四年级数学试卷,1,1
四年级数学，四则运算达标卷,4,1
四年级期末考,2,1
四年级期末考试卷,8,1
四年级第一单元人教数学,1,1
四年级第一单元英语,1,1
四年级第一单元英语人教版,2,1
四年级脱式计算专项练习,1,1
四年级英语,4,1
四年级英语单词规范书写纸,1,1
四年级英语期末,2,1
四年级语文上册,1,1
四年级语文可打印数学,2,1
四心,2,1
四心问题,7,1
四校,2,1
四校联考 高二下期末,2,1
四清导航,4,1
四清导航卷子,1,1
四省联考(山西陕西青海宁夏,7,1
四省联考(山西陕西青海宁夏高三数学,1,1
四章 三角函数、三角恒等变换及解三角形（培优综合训练）（全国通用）2027年高考数,8,1
四章 神奇的透镜（单元复习课件）-【上好课】八年级物理全一册同步高效课堂（沪科版2024）,4,1
四级词汇,2,1
四级词汇英语,1,1
四级词汇默写,2,1
四级高频词,1,1
四边形,1,1
四边形。初中数学中考题汇编,4,1
四边形上海,3,1
四边形压轴题,2,1
四高入学考试试卷,1,1
四高高一入学考试试卷,4,1
四高高三入学考试试卷,4,1
回中月考卷,3,1
回声,3,1
回声测距,2,1
回声测距问题,16,1
回民中学,1,1
回民中学 开学,2,1
回民中学，开学,2,1
回答问题 100篇 中考专项训练英语,12,1
因 式 分 解,3,1
因 式 分 解100道练习题数学,1,1
因 式 分 解100道计算题,1,1
因式分解 初高中衔接数学,7,1
因式分解与一元一次不等式,4,1
因式分解与一元一次方程,1,1
因式分解专项训练,7,1
因式分解八年级数学专项练习,16,1
因式分解北师大版,8,1
因式分解方法,12,1
因式分解法,1,1
因式分解练习题,1,1
因式分解（初高衔接第1讲）：初升高衔接 因式分解,1,1
因式分解：初升高衔接 十字相乘法,1,1
因数与倍数,4,1
因数倍数人教版,1,1
园专练,1,1
园周边运动复习专题,4,1
园周运动复习专题,2,1
固原一中,3,1
固原一中高三开学考,13,1
固原七中,4,1
固原六中,4,1
固原回中,1,1
固原市七年级下册数学统考卷,1,1
固原市入学考试,5,1
固原市第七中学 入学考试,3,1
固原市第七中学。入学考试,1,1
固原市第七中学七年级语文,2,1
固始县九年级数学上学期,1,1
固始县实验中学九年级数学,2,1
固始县实验艺术小学,2,1
固始编班测,4,1
固安七中,19,1
固定搭配,5,1
固定搭配短语,2,1
固定搭配英语,1,1
固定搭配高考,8,1
固镇,1,1
固镇毛钽实验中学,2,1
国光中学,4,1
国华纪念学校,2,1
国家复兴科技发展有关阅读,2,1
国开,1,1
国开中学,2,1
国美附中,2,1
国考,3,1
国防班,4,1
国防理论知识,1,1
国际中文教师考试,1,1
国际奥林匹克数学竞赛,6,1
国际数学竞赛,1,1
国际新闻英语阅读拔尖训练,1,1
国际新闻英语阅读拔尖训练宁波地区新9年级,1,1
国际新闻，英语阅读拔尖训练，宁波地区新9年级,1,1
国际物理奥林匹克竞赛,2,1
国际物理竞赛,1,1
图为某摄影师在我国青岛市某高中用连续曝光技术拍摄的星轨图片完成下面小题一若恒星a在某时间那转动了70度则该段时间持续时长最接近多少小时,5,1
图像周期单调,1,1
图像周期单调基础题,5,1
图形的相似,1,1
图形的运动,2,1
图形综合问题小升初,1,1
图形面积综合问题小升初,2,1
图文代换,1,1
图文记单词,5,1
图木舒克,1,1
图木舒克市,9,1
图表题,1,1
图表题语文,2,1
圆 数学 讲义3.4,1,1
圆 数学 讲义3.7,1,1
圆 数学 讲义3.8,2,1
圆 椭圆,1,1
圆 的14种题型归纳 一轮复习,6,1
圆3.7,3,1
圆3.8,1,1
圆、弧专练,2,1
圆与扇形,3,1
圆与方程,10,1
圆与直线,4,1
圆与直线关系,7,1
圆与直线的方程,3,1
圆专项练习,1,1
圆专题练（鲁教版）,18,1
圆中最值,4,1
圆切点距离,1,1
圆创,4,1
圆创联盟,1,1
圆创联盟八月,7,1
圆创联盟八月考试,1,1
圆创联盟高三数学试卷,3,1
圆初三,13,1
圆初三江苏,3,1
圆单元测试初三,5,1
圆双空,1,1
圆周传动,7,1
圆周角,5,1
圆周角与圆心角,1,1
圆周运动 14大考点 14题型 期末复习,4,1
圆周运动专项,6,1
圆周运动临界,5,1
圆周运动动力学,1,1
圆周运动的追及问题,4,1
圆周运动题目,2,1
圆和直线,3,1
圆型竖直模型,3,1
圆基础练习题,1,1
圆幂定理,2,1
圆椎,2,1
圆椎曲线,3,1
圆椎曲线高考,1,1
圆测试卷,1,1
圆润字体,1,1
圆的切线定理,2,1
圆的割线,1,1
圆的单元,1,1
圆的参数方程,3,1
圆的双空,1,1
圆的双空问题,2,1
圆的四心,3,1
圆的定义和方程,4,1
圆的标准方程,9,1
圆的知识点总结,1,1
圆的练习题,3,1
圆的面积计算,5,1
圆稚,1,1
圆练习题,3,1
圆绳竖直,7,1
圆综合大题,5,1
圆综合大题高中,1,1
圆角定理,6,1
圆过定点,10,1
圆锥 曲线025 一 轮 复习中档大题,1,1
圆锥 曲线025 一 轮 复习基础大题,5,1
圆锥 曲线一 轮 专题,11,1
圆锥 曲线一 轮 复习基础,7,1
圆锥摆模型专题,1,1
圆锥曲线 专项练习,6,1
圆锥曲线 二级结论大全,2,1
圆锥曲线与其他知识的交汇问题,1,1
圆锥曲线与立体几何,1,1
圆锥曲线专项,3,1
圆锥曲线专项训练,13,1
圆锥曲线专题预习,2,1
圆锥曲线中四点共圆,7,1
圆锥曲线中四点共圆/圆过定点问题,5,1
圆锥曲线中方程齐次化,5,1
圆锥曲线南通,4,1
圆锥曲线压轴题,4,1
圆锥曲线培优,1,1
圆锥曲线复习,1,1
圆锥曲线大题专项练,16,1
圆锥曲线大题习题,2,1
圆锥曲线大题基本功训练,1,1
圆锥曲线大题定点与定值问题范围与最值问题,1,1
圆锥曲线定点,2,1
圆锥曲线定点 定值 定线问题专题,5,1
圆锥曲线新高三,4,1
圆锥曲线琨哥,1,1
圆锥曲线直线的参数方程,1,1
圆锥曲线直线的参数方程练习题,3,1
圆锥曲线真题,1,1
圆锥曲线真题汇编,1,1
圆锥曲线离心率,1,1
圆锥曲线突破,3,1
圆锥曲线精选100题,1,1
圆锥曲线精选压轴,6,1
圆锥曲线练习,2,1
圆锥曲线练习题,7,1
圆锥曲线赵显礼,1,1
圆锥曲线轨迹方程,5,1
圆锥曲线轨迹问题,2,1
圆锥曲线非对称韦达定理,11,1
圆锥曲线高三,5,1
圆锥曲线高考历年真题附加答案,12,1
圆高考,2,1
土壤分层结构示意图,2,1
土默特右旗,6,1
圣菲,2,1
在△ABC中，AD是BC边上的高，AE平分∠BAC，已知∠B=28°，∠C=72°，求∠DAE的度数。,3,1
在三角形ABC中角a的度数是角b的度数的3倍角c比角b大15度求角a角b角c的度数,2,1
在下练,2,1
在我国一些地区有端午节吃绿豆糕和粽子的习俗，下列叙述正确的是绿豆糕中含有人体必需的钾和锌等微量元素,2,1
在线教学,2,1
地 理,11,1
地 理024届初中试卷中考试卷,1,1
地球,6,1
地球上的水,2,1
地球与地图 2026 一轮复习 专题练习,3,1
地球基础,1,1
地球基础知识,1,1
地球的圈层结构,1,1
地球的自转和公转卷子,7,1
地球的运动,1,1
地球的运动 2025高考一轮复习地理,3,1
地球运动习题,1,1
地球运动试卷,11,1
地理 0 地球运动,1,1
地理 0 地球运动  单元测试,1,1
地理2026年辽宁省高考真题,3,1
地理一模题山东,15,1
地理七年级月考,22,1
地理上海,1,1
地理中国地图,2,1
地理中考,1,1
地理中考2025,1,1
地理中考复习,5,1
地理书,1,1
地理信息技术及其应用,4,1
地理八年级上册,3,1
地理华伦,1,1
地理合格考,5,1
地理大题,1,1
地理大题大题模板2026,8,1
地理天气,1,1
地理学业,7,1
地理学业2026,2,1
地理岩风化,8,1
地理广东,1,1
地理必修一复习资料,2,1
地理必修一思维导图,6,1
地理必修一知识清单,1,1
地理必修一知识点总结,3,1
地理必修一知识点总结 第一节 地球的宇宙环境 1.天体系统 （1）运动中的天体相互____、相互____形成天体系统 （2）从低到高：、、____、可观测宇宙 太阳系八大行星 类地行星 巨行星 远日行星填空,3,1
地理必修一第2章,3,1
地理必修一第一章,3,1
地理必修二,1,1
地理必修二人口分布测试卷,4,1
地理必修二人口分布的测试卷,6,1
地理总复习质料,3,1
地理总复习资料,3,1
地理时区计算,3,1
地理时区计算高考,4,1
地理期末,14,1
地理核心概念手册,4,1
地理欧洲专题,3,1
地理江苏高考魔模拟,1,1
地理浙江专用,1,1
地理湘教版,2,1
地理湘教版七上第二章预习,2,1
地理澄海期末,5,1
地理澄海期末初中,5,1
地理生物中考,1,1
地理的自转和公转,1,1
地理的自转和公转卷子,2,1
地理的自转和公转测试卷,1,1
地理真题卷,3,1
地理知识点浙江专用,2,1
地理答题模板,2,1
地理粤教版七下期末试卷,5,1
地理经纬网,10,1
地理综合卷,3,1
地理美洲图像,1,1
地理西亚地区课件,3,1
地理试卷,1,1
地理选修一,3,1
地理选修一知识清单,27,1
地理选必2综合卷,3,1
地理选择性必修1,2,1
地理重庆复习,3,1
地理重庆复习资料,5,1
地理长春市,3,1
地理长春市高三,3,1
地理非选择题,5,1
地理高一,2,1
地理高一暑假作业,4,1
地理高一暑假作业分层练,2,1
地理高三一轮复习鲁教版,3,1
地理高中大气变化的效应,5,1
地理高中大气运动,4,1
地理高二上学期期末葫芦岛,1,1
地理高二下学期期末葫芦岛,2,1
地理高考帮,3,1
地生,2,1
地生 20226,1,1
地生2026会考,1,1
地生会考2025真题,5,1
地生会考2025真题山东,1,1
地生会考2026江西,1,1
地生会考阿克苏地区。,6,1
地矿双语学校,2,1
地貌专题,5,1
地质作用人教版,4,1
场强叠加,3,1
均值不等式10类题型专项,6,1
均值不等式15 类题型总结,4,1
均值不等式及其应用,4,1
坎迪定理,1,1
坏境描写,3,1
坦克世界闪击战,1,1
坪山区,2,1
坪山区七年级,1,1
坪山区七年级上册,1,1
坪山区七年级上册期末,2,1
坪山区八下期末,7,1
坪山区八下期末深高东初中部,1,1
坪山区期末数学,6,1
坪山外国语,2,1
垂径定理试卷,4,1
垂直,6,1
垂直 八种模型证明,4,1
垂直平分线,1,1
垂直平分线的特点，性质,1,1
垫江一中,5,1
城关,1,1
城厢,1,1
城固,25,1
城固二中,4,1
城固县2025-2026数学试卷,1,1
城固县2025-2026科学试卷,4,1
城固县八年级,6,1
城固县六年级下册数学试卷,2,1
城固县第二中学,2,1
城基,4,1
城市热岛效应,7,1
城门中学,3,1
城阳,1,1
城阳三中月考,15,1
城阳三中期中,5,1
城阳二十中七上数学,3,1
城阳区,1,1
培优 拔尖培优专题,1,1
培优 拔尖培优专题人教版,1,1
培优专题,3,1
培优专题人教,1,1
培优数学精炼,1,1
培优班,26,1
培优综合卷,6,1
培优课堂六年级上册数学第二单元,4,1
培优课堂随堂练习册 六年级上册数学 第二单元 分数乘法 单元测试卷,1,1
培元中学,2,1
培才学校小升初创新拔尖人才选拔考试语文,1,1
培明,11,1
培英中学,1,1
基因,5,1
基因与染色体的关系,1,1
基因分离定律,8,1
基因和染色体的关系,10,1
基因的分离定律和自由组合定律山东真题,2,1
基因的表达,3,1
基因突变及其他变异,8,1
基因表达与性状的关系,4,1
基因频率及基因型频率的计算专题,4,1
基数词序数词,1,1
基本 不等式 培优,7,1
基本 不等式拔高,2,1
基本不等式10类题型专项,2,1
基本不等式2.2,11,1
基本不等式B,1,1
基本不等式一轮复习,7,1
基本不等式专题,5,1
基本不等式习题,2,1
基本不等式习题人教a版,3,1
基本不等式人教,3,1
基本不等式压轴题,1,1
基本不等式各类题型,3,1
基本不等式同步练2.2高一上学期,1,1
基本不等式培优专练,2,1
基本不等式多选,1,1
基本不等式多选数学,1,1
基本不等式最值,3,1
基本不等式求最值模板专项习题,13,1
基本不等式练习题,2,1
基本不等式题,2,1
基本函数,1,1
基本功,3,1
基本时态,5,1
基础 100题基础,1,1
基础 100题基础鲁科版,2,1
基础1000题,1,1
基础中考力学物理,1,1
基础中考物理,1,1
基础写作技巧,2,1
基础分自主小练,9,1
基础力学物理,2,1
基础力学物理辽宁,5,1
基础卷原卷加完整版解析安徽新高考适配,1,1
基础学科拔尖创新人才采集测试（物理，九年级）,2,1
基础小题天天练 语境之中背成语 病句修改我最行,3,1
基础期末,1,1
基础模块上册语文,1,1
基础知识,1,1
基础知识数学,1,1
基础知识综合练,3,1
基础题2000,4,1
塘沽一中2026届高三毕业班,2,1
塘沽一中英语,1,1
塘沽一中高三,2,1
塘沽第一中学月考,5,1
塞尔维亚共和国,1,1
填空,1,1
填空版 知识讲义,1,1
填空版 知识讲义 生物,3,1
填空版 知识讲义 生物 高中,1,1
填空题,1,1
填词,2,1
墙新学校,3,1
增中,3,1
增城,8,1
增城26,3,1
增城中学,2,1
增城区七上开学测试卷,1,1
增城区初二2026,3,1
增城区高三区统考,14,1
增根无解计算题,15,1
增根无解问题,7,1
墨多多,1,1
墨语书坊,3,1
壮语从句100题,1,1
壮语从句100题英语,2,1
壮语从句100题英语天津,2,1
壮语从句100题英语天津高考,2,1
声初中物理,7,1
声声物理,1,1
声学单元测,2,1
声学综合题,8,1
声物理,1,1
声的世界单元测,12,1
声试卷单元检测,3,1
声音,3,1
声音测试,3,1
声音的特性,2,1
声音的特性课堂,1,1
备战高考,4,1
备战高考 高考化学126招,1,1
备战高考2027英语一轮复习语法填空专项通关练习,14,1
备期中,1,1
备期末,5,1
备课资源,5,1
复习,4,1
复习知识点,5,1
复习背诵默写,4,1
复习讲练测,3,1
复习课件,4,1
复合函数零点问题,2,1
复合判断的演绎推理方法,2,1
复数 023 专题 一一 轮 复习,2,1
复数单元卷,1,1
复数单元检测卷,7,1
复数练习题,10,1
复旦大学强基,4,1
复旦大学强基数学回忆试题,6,1
复旦大学强基计划,1,1
复旦大学数学,1,1
复旦大学数学强基计划,1,1
复旦大学附属中学B卷,2,1
复杂电路,3,1
复附浦东分校英语分班考,2,1
夏季高考物理真题,1,1
夏津一中,13,1
夏津一中月考题,2,1
夏津中考,7,1
夏津县,51,1
夏津县物理2模,1,1
夏津县物理一模,3,1
夏津县物理二模,6,1
外切球,3,1
外力作用与地表形态,1,1
外力作用与地表形态一轮复习,1,1
外力作用与地表形态思维导图,4,1
外国小说,2,1
外国语大学附属外国语学校,1,1
外国语学校,1,1
外国语学校大庆,6,1
外国语期末,3,1
外接圆,6,1
外接球 2025一轮专题,3,1
外接球截面,2,1
外接球，内切球问题免费,1,1
外研unit1提升卷,4,1
外研版 1必修一 必修三 单词表 默写,4,1
外研版 2024 七年级英语上册单词表,1,1
外研版 2025七年级英语上册单词表,1,1
外研版 必修一 单词默写,4,1
外研版 必修二 单词默写,1,1
外研版2024七年级下网课,1,1
外研版7下听力,1,1
外研版7下听力试卷,3,1
外研版七下英语期末,3,1
外研版七年级上册 Unit2 More than fun 单元质量评价,1,1
外研版七年级上册英语默写,4,1
外研版七年级下u6,2,1
外研版三上,1,1
外研版三年级期末测试卷,1,1
外研版中考真题广东,16,1
外研版中考真题湖北,3,1
外研版中考真题福建,6,1
外研版九年级英语上课文,2,1
外研版八年级下册 Unit1 Career talks 被动语态分层练习,5,1
外研版八年级下册 Unit1 Career talks 被动语态基础巩固拓展层分层练习题,2,1
外研版八年级下册 Unit1 Career talks 被动语态基础巩固拓展成分层练习,3,1
外研版八年级下册 Unit1 Career talks 被动语态基础巩固拓展成分层练习题,4,1
外研版六年级上册what's your opinion试题,2,1
外研版初中英语八年级下册Module 4（第四模块）单元综合测试卷,3,1
外研版四年级上册期中英语,1,1
外研版必修一,1,1
外研版必修一单词汉译英,9,1
外研版英语6年级上,1,1
外研版英语单词复习,2,1
外研版选修一单词。,3,1
外研版高中英语 选择性必修第一册 单词表 免费,2,1
外研社,1,1
外研社42篇短文被3500英语,19,1
外研社八年级英语,2,1
外研社必修一英语阅读专项,6,1
外研社必修一英语阅读专项其中,3,1
外研社必修一英语阅读天津专项,2,1
外研社版英语必修一课本,3,1
外研社英语必修一第一单元测试卷,4,1
外研社英语试卷,1,1
外研社英语试卷高三,4,1
外研英语分层练习,1,1
外研英语必修一电子版,1,1
外研英语词汇默写纸,5,1
外研选择性必修一单词表,5,1
外研选择性必修一单词默写,10,1
外语,1,1
多三角形问题,5,1
多倍体,3,1
多样的文化主题,2,1
多样的文化主题阅读,2,1
多用电表的使用,8,1
多种多样的运动,4,1
多维,1,1
多边形面积和应用题,4,1
多过程运动拆解,1,1
夜泊水村,1,1
大,1,1
大一,1,1
大一轮复习学案,4,1
大一轮学案,1,1
大专计划电气自动化,1,1
大东区2025-2026年地理7年级下册期末试卷,3,1
大东英才小升初,7,1
大丰南阳 026 高二下 学期 期末,1,1
大五线八年级下学期期末试卷,1,1
大余中学分班考,9,1
大先生,1,1
大兴,1,1
大兴一中,1,1
大兴一模,1,1
大兴二模,7,1
大兴区,2,1
大兴区2025语文高二上期中,1,1
大兴区2025语文高二上期末,2,1
大兴区2026地理高一下期末,1,1
大兴区2026年七年级下学期期末数学试卷答案,2,1
大兴区八下数学期末,4,1
大兴区数学期末,1,1
大兴区期中,3,1
大兴区期末,1,1
大兴区期末考试试卷,1,1
大兴区期末考试试卷七下生物,1,1
大兴安岭实验中学东校区2025物理月考卷,2,1
大兴物理初三,4,1
大兴精华,4,1
大兴统考,4,1
大兴高一下期末物理,1,1
大冶一中入学考试卷,1,1
大冶一中全套入学卷,1,1
大冶市实验高中,2,1
大冶市尹家湖,1,1
大化县,1,1
大卫与超级神探,5,1
大卫化学,5,1
大卫科波菲尔,1,1
大同一中八下物理期末,3,1
大同一中分班考,1,1
大同一中高一上学期物理,3,1
大同一中高一上学期物理12月月考,1,1
大同一中高一上学期物理自主命题,3,1
大同三中,4,1
大同市实验中学,4,1
大同市第一中学高一上学期物理12月月考,5,1
大和文明海洋文明介绍,1,1
大孙中学,1,1
大学4级英语真题,1,1
大学之道,9,1
大学历史,1,1
大学四级,3,1
大学开学模拟考试,3,1
大学法考,1,1
大学生英语竞赛,1,1
大学英语六级,2,1
大学英语四级卷子,2,1
大学路实验学校,1,1
大学路实验学校七年级上开学测试数学,2,1
大家育才,3,1
大小卷,2,1
大庆2025-2026高二下学期期末政治,5,1
大庆2026生地会考真题卷,4,1
大庆2026试题,10,1
大庆69中,8,1
大庆69中六年级,2,1
大庆69中六年级上英语期中,7,1
大庆69中新教材八年级上下英语期中,1,1
大庆一中芵语八,7,1
大庆一中英语2025-2026,1,1
大庆一模,1,1
大庆中学,4,1
大庆中学高二期末,2,1
大庆中考2026,4,1
大庆外国语学校2025 2026,2,1
大庆外国语学校2025-2026,5,1
大庆实验20252026期末物理,4,1
大庆实验2026高二下4月月考,1,1
大庆实验2026高二下期末,1,1
大庆实验中学2024 2025学年度高一下学期期末,4,1
大庆实验中学2024级高二下学期期末考试英语,3,1
大庆实验中学2025-2026上学期其中化学,1,1
大庆实验中学2025级高一下,3,1
大庆实验中学2025级高一下学期期末数学学科试题,5,1
大庆实验中学实验二部2025高一下,3,1
大庆实验中学数学期末卷高一下,4,1
大庆实验中学期中,1,1
大庆实验中学物理期末卷高一下,1,1
大庆实验中学高一上学期,5,1
大庆实验中学高一下期末,4,1
大庆实验中学高二上月考,1,1
大庆实验中学高二下期末,4,1
大庆实验中学高二下期末数学,1,1
大庆实验高二上月考,3,1
大庆实验高二下期末英语,3,1
大庆市2026中考一模数学,14,1
大庆市2026中考二模数学,7,1
大庆市2026中考数学,17,1
大庆市六十九中学地理六年级下册期中考试,1,1
大庆市六十九中学数学六年级下册期中考试,2,1
大庆市外国语,2,1
大庆市第二十三中学高一下学期期末考试数学,3,1
大庆市第四,1,1
大庆市第四中学,4,1
大庆市萨尔图区大庆实验中学6月阶段检测,3,1
大庆市铁人中学,14,1
大庆市高三一轮复习,2,1
大庆市高考一模化学2025,1,1
大庆市高考一模语文2025,5,1
大庆景园中学2025-2026英语初二,5,1
大庆模拟,4,1
大庆第36中学八年级英语2025-2026,5,1
大庆铁人中学,1,1
大庆铁人中学2024级高二下学期期末考试数学,10,1
大庆铁人中学2024级高二下学期期末考试生物学科,4,1
大庆铁人中学2024级高二年级下学期期末考试生物学科2026.07,1,1
大庆铁人中学高一上期中,3,1
大庆铁人中学高一下学期期末,4,1
大庆铁人中学高二数学期中,3,1
大庆铁人中学高二数学期末,3,1
大庆铁人高一上化学,3,1
大庆高一上不等式,1,1
大庆高一上期中考试,3,1
大庆高一期中考试,1,1
大庆高二政治,2,1
大悟县七下,3,1
大悟县八上,8,1
大悟县八上期末,2,1
大悟县八年级下学期期中试卷,8,1
大悟县八年级下学期期末试卷,6,1
大桥,1,1
大梦,8,1
大梦杯,9,1
大气专题,1,1
大气的受热过程,2,1
大沥镇数学期中八年级上册,2,1
大沥镇期中供题训练八年级,3,1
大沥镇期中供题训练八年级上册,1,1
大河文明海洋文明介绍,1,1
大河文明海洋文明介绍九年级上册历史,5,1
大渡口初一下期期末英语卷,11,1
大港三中,6,1
大港三中高一上第一次月考2025,1,1
大港中学,2,1
大湾区高三语文一模,1,1
大理,1,1
大理一中,2,1
大理州统测高二,3,1
大理市,2,1
大田二中,3,1
大田县八上数学试卷2025-2026,12,1
大竹英语,9,1
大联盟,4,1
大良一模,2,1
大足,2,1
大足区城南高中高一期中数学,1,1
大连2026高二期末,12,1
大连24中五月,15,1
大连24中八年级上数学卷,7,1
大连24中学。,5,1
大连24中学高一上月考题。第一次月考。,7,1
大连24中月考题,4,1
大连24中高一下学期期末考试数学,2,1
大连24中高一下期末数学卷,1,1
大连24中高一期末,4,1
大连24中高一第一次月考生物,4,1
大连24中高三上化学,1,1
大连24中高三下学期生物,3,1
大连24中高三二摸,3,1
大连24高一下期末,1,1
大连3中,3,1
大连8中高三上化学,1,1
大连8中高三上化学9月,1,1
大连一中化学,1,1
大连一中高二化学月考,1,1
大连七上真题期中,1,1
大连七年级,3,1
大连中考数学压轴题23题,5,1
大连二十三,2,1
大连二十三中,1,1
大连二十三物理,1,1
大连二十三物理高一下,2,1
大连二十三物理高二上,3,1
大连二十四中学高一下期末考试政治,2,1
大连二十四中学高二下期末考试政治,3,1
大连二十四中学高二下期末考试数学,1,1
大连二十四中期末,6,1
大连五中,1,1
大连八中,1,1
大连八中2024-2025学年度期末,2,1
大连八年级下语文期末2026,6,1
大连市,7,1
大连市 新高一,1,1
大连市 新高一  入学摸底测试,1,1
大连市 新高一  摸底测试,1,1
大连市 新高一分班 数学,1,1
大连市 新高一开学摸底 数学,1,1
大连市 高一  分班考试,1,1
大连市 高一  摸底,1,1
大连市 高一  摸底测试,1,1
大连市 高一上学期  入学摸底测试,3,1
大连市103,2,1
大连市103中学,7,1
大连市2025-2026学年度第二学期期末考试 高一生物学高一生物,7,1
大连市2026一模数学卷,1,1
大连市2026年，高一下期末考试语文,1,1
大连市2模,4,1
大连市6年级上学期,3,1
大连市二十四中学高一上物理月考卷,1,1
大连市二模,3,1
大连市五校联考,6,1
大连市八十中,1,1
大连市双基,4,1
大连市嘉汇中学,1,1
大连市市开发区一中,1,1
大连市开发区一中,1,1
大连市格致中学,1,1
大连市汇文中学,2,1
大连市滨城高中联盟,1,1
大连市甘井子区,6,1
大连市第24中学,2,1
大连市第34中学,1,1
大连市第七十九中学,1,1
大连市第七十六中学,4,1
大连市第三十七中学,1,1
大连市第三十九中学,2,1
大连市第三十四中学,2,1
大连市第九中学,3,1
大连市第二中学高一数学,3,1
大连市第二十三中学,2,1
大连市第二十四中学,4,1
大连市第二十四中学数学期末考试,2,1
大连市第二十四中学期中考试语文,3,1
大连市第二十四中学期中考试语文高一上学期,1,1
大连市第八十中学,2,1
大连市第十六中学数学,2,1
大连市经济开发区第一中学,6,1
大连市联考c卷,2,1
大连市西岗区三十七中,4,1
大连市高-历史期末,1,1
大连市高一历史期末,4,1
大连市高三物理,3,1
大连市高三物理开学考,1,1
大连开发区开八,1,1
大连开发区第八高级中学,3,1
大连开发区高一上学期物理月考卷,10,1
大连数学期末f卷,2,1
大连期末,1,1
大连期末f卷,4,1
大连期末高二,2,1
大连沙河口区2026年八下英语期末卷,4,1
大连王府,2,1
大连王府高一上月考,1,1
大连甘井子,2,1
大连甘井子区2023-2024语文五年级下期末卷,5,1
大连甘井子区2024-2025英语七年级下期末卷,3,1
大连甘井子区2025-2026七下数学期末卷,3,1
大连甘井子区2025-2026七年级上地理期末卷,4,1
大连甘井子区七上,23,1
大连甘井子区七上真题期中,2,1
大连甘井子区七上真题期中语文,1,1
大连甘井子区九年数学,6,1
大连第二十三中,1,1
大连第八中学,1,1
大连育明数学,14,1
大连育明高一下期末,1,1
大连育明高中,1,1
大连育明高级中学2025 2026期末考试高二,3,1
大连育明高级中学物理,1,1
大连育明高级中学高一下期末物理,3,1
大连育明高级中学高一下物理,2,1
大连育明高级中学高二期中物理,6,1
大连试卷,1,1
大连试卷四上,9,1
大连语文,9,1
大连语文7年级,1,1
大连语文7年级上学期,1,1
大连金二,1,1
大连金州117中学,5,1
大连金州一一七中学,3,1
大连金州高级中学,2,1
大连铁路高一下期末语文,2,1
大连高一上,1,1
大连高一下期末语文,1,1
大连高一月考,1,1
大连高一期末数学F卷,25,1
大连高二下期末,4,1
大连高二期末数学,3,1
大通一中,2,1
大通二中,4,1
大通二中物理期末高二,1,1
大阅读,1,1
大题04 哲学与文化(新高考通用),3,1
大题经典01动力学与能量综合问题 2026届高考物理题型突破限时精练,1,1
大鹏新区,2,1
大鹏新区2025 2026年期末考试卷,1,1
大鹏新区高三,3,1
大鹏新区高三2025 2026年期末考试卷,2,1
天,1,1
天 一 大联考 1 2026安徽,1,1
天 一 大联考 1 2026安徽东方,3,1
天 一 大联考 1 2026安徽东方西南,2,1
天 一大联考,1,1
天 一联考,1,1
天 壹,1,1
天一   高三五月（二）数学,4,1
天一中学 高二上期末 数学 选择性必修一,2,1
天一中学高 一 下学期 物理期中考试卷,4,1
天一中学高 一 物理 高一下学期 期末考试卷,6,1
天一中学高 一 物理 高一下学期 期正中考试卷,5,1
天一中学高一上学期期末,7,1
天一中学高一下学期期末,4,1
天一大联考   高三五月（二）数学,2,1
天一大联考2025 2026高三上学期开学考试,1,1
天一大联考6月数学,5,1
天一大联考湖南,3,1
天一小高考,3,1
天一第1次月考,9,1
天一联考,1,1
天一联考 2026,1,1
天一联考 2026高一期末,8,1
天一联考数学八下,1,1
天一联考海南,6,1
天一高二数学,2,1
天体 10大题型,5,1
天体 2025一轮复习,1,1
天体 2025一轮复习天津,1,1
天体 一轮复习天津,2,1
天体必修二,1,1
天体物理,6,1
天体的追击相遇问题,1,1
天体运动专题,6,1
天利38套 2027,1,1
天利38套化学,2,1
天利38套新疆,1,1
天利38套新疆2026届,1,1
天利38套新疆2026届初三,3,1
天利38套新疆2026届初三化学,1,1
天利38套第一章综合检测卷培优B卷,1,1
天利38套考前模拟,1,1
天利三十八套,1,1
天壹湖南,3,1
天壹联考数学,4,1
天壹试题 2025-2026学年2026届高三入学考试 日语,11,1
天天向上联盟,1,1
天天练,4,1
天府前沿,3,1
天星 2026 版 金考卷45套,2,1
天星单元双测卷,3,1
天星押题卷,1,1
天星教育2025,4,1
天星教育单元双测七年级上册,2,1
天星教育基础双练,2,1
天星教育英语郑州外国语中学2025年九年级学情诊断,1,1
天星教育郑州外国语中学2025年九年级学情诊断,4,1
天星新高一,1,1
天星金考卷五年高考题分类训练生物,1,1
天桃实验学校,1,1
天桥20268下期末考试,7,1
天水一中开学考,2,1
天水九中,1,1
天水九中开学考,1,1
天水市第一中学新高一开学跟班考,1,1
天水市逸夫实验中学,1,1
天河,5,1
天河区,2,1
天河区2026高二下期末,1,1
天河区七上期中,1,1
天河区期末,5,1
天河区高一下期末考试,3,1
天河区高一期末,4,1
天河区高三统考,2,1
天津 2026高考真题,5,1
天津 人教版2019物理必修第三册 全册课时分层作业 一课一练 高二上,9,1
天津20026数学期末,2,1
天津2024,17,1
天津2024 2026八年级下册数学期末试卷,1,1
天津2024物理,20,1
天津2025-2026高中期末考试,1,1
天津2025九上南开物理卷,2,1
天津2025九上和平物理期中卷,1,1
天津2025九上河东物理期中卷,1,1
天津2025九上河北物理期中卷,1,1
天津2025九上河西物理期中卷,1,1
天津2025九上红桥物理期中卷,2,1
天津2025年中考历史卷,7,1
天津2025年益中9年级上册月考考试物理,1,1
天津2025年益中9年级期中考试,1,1
天津2025年益中9年级期中考试物理,1,1
天津2025政治高考,1,1
天津2026-2027高中期末考试,1,1
天津2026中考模考,2,1
天津2026高考数学,1,1
天津2026高考真题,1,1
天津26年中考数学,1,1
天津41中月考,6,1
天津54,2,1
天津gaiaoka,1,1
天津一中2025-2026-1高三年级物理学科第二次月考试卷,2,1
天津一中2025-2026-1高三年级第三次月考生物试卷,1,1
天津一中2025-2026-1高三年级第三次月考英语学科试卷,1,1
天津一中2025-2026高一年级英语学科期末质量调查试卷,5,1
天津一中九年级数学月考,1,1
天津一中八年级数学期中,1,1
天津一中创新型人才选拔,1,1
天津一中数学,1,1
天津一中滨海学校,2,1
天津一中高一下期末,5,1
天津一中高一下期末数学2026,1,1
天津一中高一开学考试卷,1,1
天津一年级上学期阶段检测,1,1
天津一轮复习,5,1
天津一飞冲天七上英语周练三,5,1
天津七下期末,5,1
天津七下英语单项选择,3,1
天津七下英语单项选择练习,2,1
天津七下英语期末,6,1
天津七中,3,1
天津七中高一英语,3,1
天津七中高一英语月考,6,1
天津七年级英语首字母填空,1,1
天津三中高中分班考,3,1
天津三年级上学期阶段检测,6,1
天津三年级下学期期末,15,1
天津三年级下学期阶段检测,9,1
天津三校联考数学,2,1
天津三校联考数学高三,2,1
天津专用,3,1
天津专用九上化学1-3单元第一次月考组卷,11,1
天津专用高三复习,2,1
天津专用高三复习数学,4,1
天津中学,1,1
天津中学2025-2026高三化学,6,1
天津中考 2026,1,1
天津中考2026,1,1
天津中考化学,4,1
天津中考历史,2,1
天津中考历史2025,2,1
天津中考历史卷模拟,1,1
天津中考数学,1,1
天津中考数学24题,1,1
天津中考物理,2,1
天津九上化学期中,3,1
天津九上数学,1,1
天津九上数学一月考,2,1
天津九上数学二次函数,4,1
天津九上数学和平,10,1
天津九上数学和平一月考,2,1
天津九上数学期中,6,1
天津九上期中数学,5,1
天津九上物理期中,7,1
天津九年级上学期数学期中,4,1
天津九年级上学期期中,2,1
天津九年级上学期期末,1,1
天津九年级下学期期中,2,1
天津九年级二次函数,3,1
天津九年级化学校内题库,3,1
天津九年级物理电学基础真题汇编,8,1
天津二中高三年级第三次模拟考试化学,1,1
天津二十五高一,4,1
天津二年级数学上学期阶段检测,3,1
天津二模,1,1
天津五区县2025-2026高中期末考试高二,1,1
天津五区县重点校2025高一英语,2,1
天津五十四,1,1
天津五校联考2025高一英语,3,1
天津人教版四年级英语上册练习题,3,1
天津八上道法知识点,22,1
天津八下期末,2,1
天津八年级上册月考,3,1
天津八年级上册语文期末,1,1
天津八年级上第一次月考道法,4,1
天津八年级英语阅读,1,1
天津六年级上学期期中,2,1
天津六年级下学期阶段检测,1,1
天津函数与导数大题专练,36,1
天津初一数学讲义,1,1
天津初一有理数,1,1
天津初三物理第一单元检测,4,1
天津化学9上期中,1,1
天津化学一模,4,1
天津十二校联考,11,1
天津南开中学,1,1
天津南开九上物理期中,1,1
天津南开八下期末历史,3,1
天津南开区,10,1
天津南开区2025语文七上期中考试,5,1
天津南开区中考二模语文,1,1
天津南开区中考二模语文 2026年,1,1
天津卷 2026高考真题,1,1
天津卷 2026高考真题语文,2,1
天津卷作文,1,1
天津各区县高三模拟卷英语,4,1
天津和平2025 2026八下,1,1
天津和平二模高三下,4,1
天津和平八下期末历史,5,1
天津和平益中,1,1
天津四十一中月考,4,1
天津四十三中,4,1
天津四十三中学,3,1
天津四十二中高一,1,1
天津四年级上学期期中,4,1
天津四年级上学期阶段检测,2,1
天津四校联考,10,1
天津地理,2,1
天津外国语大学附属外国语学校,2,1
天津外国语大学附属外国语学校 七年级上 数学 期末试卷,4,1
天津大学附属中学,1,1
天津大港一中,3,1
天津大港第一中学,5,1
天津学业水平合格性考试化学,25,1
天津安置考,1,1
天津安置考试卷,1,1
天津宝坻八下期末历史,2,1
天津小卷轮换对称式,1,1
天津市,7,1
天津市12校期末考试,3,1
天津市2014年6月高考真题英语,1,1
天津市2019年数学中考,11,1
天津市2024-2025下学期期末高二英语部分区,3,1
天津市2024年12校联考,4,1
天津市2024年初中八年级地理,1,1
天津市2024年物理高三下学期模拟试卷,8,1
天津市2024部分区物理模拟考试,2,1
天津市2025 2026学年七年级下数学期末综合练习卷,3,1
天津市2025 2026学年七年级下数学期末试卷,51,1
天津市2025 2026学年高二下学期期末考,2,1
天津市2025--2026年六年级上册数学期末考试津南区,1,1
天津市2025--2026年六年级下册数学期末考试津南区,3,1
天津市2025-2026下学期期末高二物理部分区,1,1
天津市2025-2026下学期期末高二物理部分区杨村三中,5,1
天津市2025-2026下学期期末高二物理部分区武清区,3,1
天津市2026学业水平考试,4,1
天津市2026年中考真题数学,2,1
天津市2026年数学中考,1,1
天津市2026年高一部分区期末联考,135,1
天津市2026英语一考卷子,1,1
天津市2026英语高考卷子,6,1
天津市2026高考,1,1
天津市七下历史期末2023-2024,2,1
天津市七下历史期末2024-2025,1,1
天津市七下政治期末2024-2025,1,1
天津市七下政治期末2025-2026,3,1
天津市七年级数学上册期中试卷,2,1
天津市东丽区2025.2026,5,1
天津市东丽区2025至2022学年度七年级下册期末历史,1,1
天津市中考,3,1
天津市中考三模,8,1
天津市中考题,1,1
天津市九年级上册数学第一次月考,5,1
天津市九年级上册物理第一次月考,3,1
天津市九年级上物理卷子,1,1
天津市二十一中学,1,1
天津市二十中学,5,1
天津市二十中学入学考,4,1
天津市五区县2015-2016学年度第一学期期末考试七年级历史,2,1
天津市五区县重点联校考试高一下学期期末试卷化学,5,1
天津市五校期中高三,2,1
天津市八年级上册数学期中考试,3,1
天津市八年级上册数学期末考试,1,1
天津市北辰区2024一2025学年度第二学期八年级道法期末检测试卷,2,1
天津市北辰区2025一2026学年度第二学期八年级道法期末检测试卷,4,1
天津市北辰区2025一2026学年度第二学期八年级道法期末试卷,1,1
天津市北辰区高一调研卷,2,1
天津市区卷子英语七年级,1,1
天津市华耀中学,1,1
天津市卓越中学2025年高一入学分班测试,2,1
天津市南开中学2024~2025学年高一下学期期末质量检测历史试题,3,1
天津市南开中学高三语文,13,1
天津市南开区2024-2025高三一模语文,5,1
天津市南开区2025-2026学年度七年级下历史期末,3,1
天津市南开区九中2025-2026,1,1
天津市南开区八下期末,1,1
天津市南开区八下期末历史,1,1
天津市双港中学,1,1
天津市双港中学2025-2026学期高三,2,1
天津市和平区2025至2022学年度七年级下册期末历史,2,1
天津市和平区2026,1,1
天津市和平区七年级英语下册试题,4,1
天津市和平区南开中学九上化学月考卷子,2,1
天津市和平区南开学校九上化学月考卷子,1,1
天津市和平区耀华中学高三模拟检测语文试题,14,1
天津市和平区耀华九上化学月考卷子,4,1
天津市和平区高三5月质检语文,2,1
天津市和平区高二期末数学,2,1
天津市四十七中高二下学期地理期末,1,1
天津市外国语大学附属外国语学校物理月考,6,1
天津市大港三中,1,1
天津市宝坻区2025~2026六年级期末考试滨海新区,3,1
天津市宝坻区部分区2025~2026六年级期末考试,7,1
天津市实验中学,2,1
天津市实验中学九上化学月考卷子,2,1
天津市数学,3,1
天津市新华中学,2,1
天津市新华中学九上化学月考卷子,2,1
天津市期末考试,4,1
天津市武清区2024-2025高三上学期数学第一次月考测试,1,1
天津市武清区2024-2025高二下学期政治期末测试,1,1
天津市武清区2025-2026七下数学卷子,5,1
天津市武清区2025至2020年度七年级下册历史,3,1
天津市武清区2025至2026年度七年级下册历史,10,1
天津市武清区初一月考,5,1
天津市武清区区2025至2022学年度七年级下册期末历史,3,1
天津市武清区天河城实验中学,3,1
天津市武清区杨村一中高二上化学,3,1
天津市武清区杨村第一中学2025~2026学年高一下学期第1次阶段性检测,2,1
天津市武清区杨村第一中学2025~2026学年高一下学期第1次阶段性检测历史试卷,1,1
天津市河东区2024至2025学年第二学期高二期末质量监测物理试卷,6,1
天津市河东区2026年高二期末,3,1
天津市河东区2026年高二期末45中物理,1,1
天津市河东区高一期中,2,1
天津市河东区高一期末数学,1,1
天津市河北区2025至2022学年度七年级下册期末历史,2,1
天津市河北区2026八下物理期末,7,1
天津市河西区,4,1
天津市河西区2022-2023高三上学期物理期中试卷,7,1
天津市河西区2023-2024高三上学期物理期中试卷,13,1
天津市河西区2024-2025高三上学期化学期中试卷,1,1
天津市河西区2024-2025高三上学期物理期中试卷,1,1
天津市河西区2025-2026八上物理期中,2,1
天津市河西区2025-2026高三上学期化学期中试卷,3,1
天津市河西区2025-2026高三上学期历史期中试卷,4,1
天津市河西区2025-2026高三上学期数学期中试卷,3,1
天津市河西区2025-2026高三上学期语文期中试卷,2,1
天津市河西区2025一2026学年度第二学期八年级道法期末试卷,1,1
天津市河西区2025至2022学年度七年级下册期末历史,2,1
天津市河西区2026年七年级下册数学试卷,3,1
天津市河西区八上数学第一次月考,2,1
天津市河西区八上物理第一次月考,4,1
天津市河西区卓越新高一入学测试,3,1
天津市河西区友谊路,2,1
天津市津南区2026七年级下册历史,1,1
天津市津南区物理期末卷答案,1,1
天津市滨海新区中考卷子,1,1
天津市滨海新区九年级期末,1,1
天津市滨海新区八校联考,2,1
天津市滨海新区六年级数学题,12,1
天津市滨海新区历史,7,1
天津市滨海新区大港三中高一上第一次月考2025,3,1
天津市滨海新区大港三中高一上第一次月考2025数学,2,1
天津市滨海新区大港第一中学2025-2026学年高二上学期形成性检测(1)物理试卷,1,1
天津市滨海新区期中,1,1
天津市滨海新区期末,6,1
天津市滨海新区高一第二学期语文期末考试卷子,5,1
天津市滨海新区高三物理模考,4,1
天津市滨海新区高二下,8,1
天津市物理期末卷答案,2,1
天津市益中九上化学月考卷子,1,1
天津市益中学校九上化学月考卷子,6,1
天津市第100中学,1,1
天津市第一中,1,1
天津市第一中学2025至2026学年度高三年级英语学科三月考,2,1
天津市第一中学九年级化学第一次月考,3,1
天津市第四十三中学,13,1
天津市红桥区第二学期阶段性质量检测一高三语文,1,1
天津市耀华中学2025-2026第二学期,1,1
天津市耀华中学2026,1,1
天津市耀华中学高三二模语文试题,2,1
天津市蓟州区,1,1
天津市蓟州区2022至2023九年级第一学年度化学期末测试，下学期,12,1
天津市蓟州区2022至2023八年级第二学年度物理期末测试，下学期,1,1
天津市蓟州区2025至2026期末考试数学试卷,15,1
天津市西青区2025~2026第一学年度中期学业考试,6,1
天津市西青区2025~2026第一学期，中期学业考试,3,1
天津市西青区2025~2026高一,3,1
天津市西青区2025~2026高一上学期,1,1
天津市西青区2025~2026高一第一学期，中期学业考试,3,1
天津市西青区2025一2026学年度第二学期八年级道法期末试卷,13,1
天津市西青区2025至2022学年度七年级下册期末历史,2,1
天津市西青区区2025至2026年度七年级下册历史,2,1
天津市西青区高一第一学期中期,1,1
天津市西青区高一第上学期中期,17,1
天津市西青区高中杨柳青,1,1
天津市部分区 八上语文试卷,3,1
天津市部分区2018至2019学年天津市部分区高一下期末化学试卷,2,1
天津市部分区2022~2023期中考试九年级上册物理,4,1
天津市部分区2023-2024学年度七下期中道法,1,1
天津市部分区2023-2024学年度八上期中物理,3,1
天津市部分区2023年高三质量调查试卷（一）英语,6,1
天津市部分区2024 2025学年度七下期中语文,1,1
天津市部分区2024 2025学年度七下期中道法,2,1
天津市部分区2024-2025学年度八上期中历史,3,1
天津市部分区2024-2025学年度第二学期期中考试九年级上册数学,11,1
天津市部分区2024~2025学年度高二年级第一学期期中考试地理,4,1
天津市部分区2024~2025学年度高二年级第一学期期中考试数学,2,1
天津市部分区2024~2025高三上数学期中,4,1
天津市部分区2025-2026学年度第二学期期末练习英语高二,2,1
天津市部分区2025-2026学年度第二学期期末考试八年级下册数学,1,1
天津市部分区2025-2026学年度第二学期高二期末语文重点校联考,2,1
天津市部分区2025-2026高三一模,1,1
天津市部分区2025-2026高三一模语文,1,1
天津市部分区2025-2026高三二模语文,1,1
天津市部分区2025~2026学年度高三年级第一学期期中考试地理,2,1
天津市部分区2025~2026学年度高三年级第一学期期中考试数学,3,1
天津市部分区2025~2026学年度高二年级第一学期期中考试高二年级政治,1,1
天津市部分区2025~2026第二学期期中八年级历史,23,1
天津市部分区2025~2026第二学期期末七年级语文,1,1
天津市部分区2025~2026第二学期期末八年级历史,6,1
天津市部分区2025至2026六年级下册数学期末考试卷,3,1
天津市部分区2025高三质量调查试卷英语,2,1
天津市部分区2026七年级下册,3,1
天津市部分区2026七年级下册历史,3,1
天津市部分区2026七年级下册数学,1,1
天津市部分区2026届高三质量调查试卷,1,1
天津市部分区9上化学期其中试卷,7,1
天津市部分区化学九年级上册,8,1
天津市部分区期中高三,5,1
天津市部分区生物高二第一学期数学期中考试,3,1
天津市部分区高一下期末化学,1,1
天津市部分区高一下期末语文,2,1
天津市部分区高三上学期期末化学,3,1
天津市部分区高三上学期期末数学,2,1
天津市部分区高二上数学,1,1
天津市部分区高二下学期期末化学,1,1
天津市部分区高二第一学期数学期中考试,5,1
天津市重点校期中高三,5,1
天津市重点校联考,1,1
天津市重点校联考2025-2026数学,2,1
天津市重点校联考2025-2026数学干二,1,1
天津市静海区中旺镇中学,1,1
天津市静海区中旺镇大庄子中学,6,1
天津市静海区大邱庄中学,3,1
天津市静海区子牙新城学校,2,1
天津市静海区模范中学,2,1
天津市静海区第一中学,1,1
天津市静海区第一中学2025-2026学年高二下学期期末联考历史试题,1,1
天津市静海区第一中学2025-2026学年高二下学期期末联考数学试题,5,1
天津市静海区第二中学,2,1
天津市静海区第五中学,2,1
天津市高一,5,1
天津市高一英语期末,3,1
天津市高二上化学第一次月考,1,1
天津市高二上学期物理月考,9,1
天津市高二上学期物理第一次月考,2,1
天津市高二上学期百中咸一中联考期中数学,2,1
天津市高二上期末数学,4,1
天津市高二上期末数学河西,2,1
天津市高二上期末物理,8,1
天津市高二上期末物理和平区,7,1
天津市高二下学期期末生物,7,1
天津市高二百中咸一中联考期中数学,3,1
天津市高考化学三年模拟题汇编,3,1
天津市高考英语模拟卷,7,1
天津市高考语文2018,4,1
天津市高考语文真题,2,1
天津师范大学,1,1
天津建华中学初一上学期开学测,2,1
天津建华中学初一上学期第一次月考数学,4,1
天津建华中学初一下学期期末卷子,1,1
天津建华中学新初一开学测,1,1
天津建华数学,1,1
天津数列,3,1
天津数学2026中考,1,1
天津数学2026部分区二模,1,1
天津数学2026部分区初中二模,2,1
天津数学专项,5,1
天津数学高二练习题,3,1
天津新高一上学期暑假衔接班,1,1
天津新高一暑假衔接班,1,1
天津新高一语文上学期暑假衔接班,1,1
天津普通高中学业水平合格性考试化学,14,1
天津期中考部分区九上,6,1
天津杨村一中,2,1
天津武清杨村一中高一上学期月考数学,1,1
天津武清杨村一中高一上学期月考物理,5,1
天津武清杨村一中高一月考物理,3,1
天津汇文中学七上英语期末考试,1,1
天津汇文初二上期中物理卷子,3,1
天津河东八下期末历史,2,1
天津河东高三下,1,1
天津河北区学业水平合格性考试化学,28,1
天津河北区高二下学期英语期末,1,1
天津河西九上数学期末,3,1
天津河西九上物理月考,3,1
天津河西九上物理期末,3,1
天津河西八下期中数学,1,1
天津河西期中七下,1,1
天津河西高三下,1,1
天津津衡高级中学,2,1
天津海河中学高一地理,7,1
天津滨海八下期末历史,2,1
天津滨海新区,2,1
天津滨海新区    2026-2026学年   高一下学期    期末考试,12,1
天津滨海新区2026英语高二下期末,2,1
天津滨海新区2026语文高二下期末,1,1
天津滨海新区道法高考,1,1
天津滨海新区高二英语,1,1
天津滨海高新区第一学校高一下期末,1,1
天津物理中考,1,1
天津物理中考第24题电学实验专题,8,1
天津物理九上热学,2,1
天津物理九上第1单元,1,1
天津物理高考,1,1
天津特殊教育,2,1
天津生物23真题,3,1
天津百中,8,1
天津益中,1,1
天津真题卷第三单元学情调研,6,1
天津立体几何小题,2,1
天津第七中学高一英语月考,3,1
天津第五十五中学八下物理,1,1
天津紫云高一下学期期末卷,2,1
天津红桥一模高三下历史,2,1
天津红桥二模高三下历史,1,1
天津红桥区一模,5,1
天津红桥区八下期末数学,1,1
天津耀华中学2024-2025年第二学期期末,7,1
天津耀华中学高一开学测,1,1
天津耀华红桥高一,2,1
天津聋校,1,1
天津英语3500词汇手册,3,1
天津英语中考一模完形填空汇总,1,1
天津英语新课标1600个单词词汇,3,1
天津西青,3,1
天津西青八下期末历史,2,1
天津部分区2026数学高二下期末,1,1
天津部分区九年级上学期期化学中,1,1
天津部分区物理,5,1
天津部分区高二上学期期中物理,9,1
天津部分区高二下学期期末生物,10,1
天津部分区高二期中数学,1,1
天津重难点,3,1
天津静海三校联考,1,1
天津静海中考2026,4,1
天津静海区第一中学月考,2,1
天津静海区第一中学月考高三,3,1
天津静海四校联考,1,1
天津静海四校联考高三上,3,1
天津高 考 2025高考真题,1,1
天津高一上物理月考,3,1
天津高一上物理第一次月考,8,1
天津高一上英语,4,1
天津高三下学期期末,4,1
天津高三英语,9,1
天津高中会考地理真题,1,1
天津高中会考真题,1,1
天津高中化学一模,2,1
天津高中数学公式,9,1
天津高中物理等级性考试,1,1
天津高二上学期期中,9,1
天津高考10年英语,1,1
天津高考2026,4,1
天津高考化学真题,8,1
天津高考地理真题，,1,1
天津高考数学,2,1
天津高考数学专项,1,1
天津高考物理一轮复习,3,1
天津高考物理一轮复习讲义,1,1
天津高考物理真题,1,1
天津高考物理真题2026,3,1
天津高考英语一考,1,1
天津高考英语真题,6,1
天津高考英语真题2023,9,1
天王星,1,1
天瞿一模,1,1
天立,2,1
天长,4,1
天长市工业学校,1,1
天门华斯达学校,4,1
天门市2026期末5年级下,1,1
太仓,1,1
太仓三下期末,1,1
太原一模,2,1
太原五中高一第一学期期中考试,1,1
太原卓育云期末复习卷,2,1
太原国科实验学校,4,1
太原国科实验学校8年级,1,1
太原圆锥曲线,3,1
太原小升初,1,1
太原小升初分班考,4,1
太原小升初分班考英语,3,1
太原市,12,1
太原市2025 2026学年高三第一学期期中学业诊断,2,1
太原市四年级,7,1
太原市外国语学校2025年保送考试题,4,1
太原市外国语学校2025年高二年级学年度测试,11,1
太原市师院附化学,1,1
太原市师院附化学高一下,1,1
太原市徐沟中学,1,1
太原市进山航天班考试题,1,1
太原市高一期中化学,2,1
太原市高二第一学期期末数学,4,1
太原师范学院附属中学,2,1
太原进山中学航天班评估题,2,1
太原高一分班考试,1,1
太和一中,4,1
太平村中学,20,1
太康县工业小学,1,1
太行,1,1
太行外国语,4,1
太阳视运动,5,1
太阳高度角,3,1
夯实基础,10,1
失重法,1,1
头营中学,2,1
头营九年制,1,1
夹河高中分班试卷,1,1
夺冠金卷三年级语文下,4,1
夺冠金卷语文三年级下,3,1
奇偶,3,1
奇偶函数基础练习,2,1
奇偶性 单调性综合,3,1
奇偶性 对称性 周期性专题,12,1
奇偶性试卷,5,1
奇偶性试卷版,2,1
奇偶数列,4,1
奇变偶不变,1,1
奇点物理,9,1
奇点物理微专题必修三,11,1
奉化区期末考试，高一下，物理,9,1
奉贤中学,2,1
奉贤区2025学年第二学期八年级数学,1,1
奉贤高三语文一模,7,1
奥数 1 2年级人教版,6,1
奥数 3年级下册数学思维拓展,6,1
奥数 一年级人教版,12,1
奥数初二人教,1,1
奥数选拔,1,1
奥数题三年级,1,1
奥数题二年级,3,1
奥术,1,1
奥林匹克2025化学竞赛,1,1
奥林匹克化学竞赛,2,1
奥林匹克数学竞赛试题,9,1
奥林匹克数学竞赛高中广东赛区,1,1
奥林匹克生物竞赛,3,1
奥林匹克竞赛数学,5,1
奥林匹克竞赛试卷,15,1
奥林匹克竞赛试卷决赛,16,1
奥林匹克还二次函数竞赛,1,1
奥班自主招生数学,2,1
奥赛初,3,1
奥赛选拔,1,1
奥赛题,7,1
好卷三年级下册期中试卷,1,1
好好学习,2,1
好方法,3,1
好题,15,1
好题汇报,1,1
好题汇编 备战2025 2026学年八年级数学下学期期末真题分类汇编 上海专,1,1
好题汇编2025-2026化学高一,2,1
好题汇编三年2023-2025,5,1
好题汇编化学,6,1
好题汇编河北,8,1
好题真,3,1
如东,16,1
如东2025~2026学年度第二学期试卷,1,1
如东初二暑假作业,6,1
如东县,4,1
如东实验中学月考,1,1
如东实验学校,9,1
如皋九年级第一次月考化学,4,1
如皋市九年级上册数学期中模拟卷,8,1
如皋市第一初级中学,1,1
如皋高二,1,1
妖神记免费收看全集,2,1
姚江小学西校区,1,1
姜堰入学检测,1,1
姜堰分班考试,1,1
姜堰励才中学,1,1
姜堰区励才实验学校,2,1
姜堰数学,1,1
姜萍,1,1
威宁县,7,1
威宁县2025年至2026年第二学期质量监测,6,1
威宁彝族回族苗族自治县,3,1
威宁彝族回族苗族自治县第六中学,1,1
威海 五上,2,1
威海2024 2025八年级下学期,1,1
威海一年级上册数学,2,1
威海七年级下册数学期末考试,3,1
威海乳山七上期末数学2025_2026,3,1
威海乳山七下期末数学2025_2026,1,1
威海地区五四制六年级历史下册期末英语试卷,5,1
威海市九年级上册化学期中,1,1
威海市九年级上册物理期中,8,1
威海市化学期末统考题,2,1
威海市文登区二中,2,1
威海市文登区实验中学,6,1
威海市文登区第二中学,2,1
威海市环翠区八年级下学期2025至2026学年度数学试题,3,1
威海市高一下地理期末,2,1
威海市高一下政治期末,4,1
威海市高一下数学期末,1,1
威海市高一下英语期末,1,1
威海市高一下语文期末,2,1
威海火炬高技术产业开发区第一中学,3,1
威海环翠 五下,9,1
威海环翠区 五上,4,1
威海环翠区 四下,1,1
威海高区,1,1
威海高区一小3年级试卷,5,1
威远中学,1,1
威远中学校,10,1
威远中学校高三第一次月考,1,1
威远中学校高三第二次月考,1,1
娄底市新高二开学摸底卷,1,1
娄底市涟源市,105,1
娄底市第三中学,5,1
娄底期中,1,1
婆罗摩笈多模型,6,1
婆罗摩羯多,18,1
婚姻关系,9,1
婚姻生活,5,1
婺源县,5,1
嫩江市第一中学校,3,1
子华,5,1
子路曾皙冉有公西华侍坐,4,1
子集的概念专题练习,1,1
子集练习题,3,1
字体,1,1
字帖七年级上册,2,1
字形字音,1,1
字水中学,1,1
字词,2,1
字音,4,1
字音字形,14,1
存志,1,1
孙子兵法,1,1
孝南,1,1
孝感,1,1
孝感一中2025学年度高一上学期第一次月考,2,1
孝感中学,3,1
孝感市一中,1,1
孝感市一中新高一分班考试卷,2,1
孝感市奥美高级中学,3,1
孝感市孝南区,10,1
孝感市应城市一中新高一分班数学考试卷,3,1
孝感市应城市一中新高一考试分班考试卷,3,1
孝感市应城市新高一月考数学,3,1
孝感市新高一分班考试卷语文,4,1
孝感高中,1,1
孝感高级中学分班考试,7,1
孝昌县高一入学考试分班试题,3,1
孝高高二上学期数学月考周考,7,1
孟子,1,1
孟建平八下科学,4,1
孟德尔定律,2,1
孟德尔的豌豆杂交实验 一,4,1
孟德尔遗传定律,10,1
季延,1,1
季延中学高中物理试卷,5,1
季廷,1,1
学 易 金卷2025 2026,15,1
学 易金卷,6,1
学 考,1,1
学 考2026,1,1
学 考2026学年,2,1
学 考2026浙江真题7月,1,1
学202 6学业水平合格考试浙江,4,1
学业,1,1
学业 水平 高中合格性考试,1,1
学业 水平2025 高中合格性考试,1,1
学业水平,1,1
学业水平合格性考试江苏,13,1
学业水平合格考试生物,5,1
学业水平监测试卷七年级历史,6,1
学习探究,5,1
学习目标与检测语文,1,1
学习笔记,6,1
学习计划表,4,1
学优中考专项能力评价四川巴中卷子,2,1
学伴,1,1
学典,1,1
学典课时精练,1,1
学军中学提前招试卷,4,1
学军中学数学,2,1
学军中学高三数学,1,1
学军提前招试卷,4,1
学军期中数学,1,1
学军自主招生数学,1,1
学前考高三,2,1
学升勤径同步练测9上化学,3,1
学升同步练册,1,1
学升同步练册七年级上册北师大版,2,1
学升同步练册七年级上册北师大版练习册,1,1
学升同步练册卷子,1,1
学升同步练测七年级上册北师大版数学,1,1
学好课,1,1
学情自测素养过关,1,1
学情自测素养过关b卷,1,1
学情自测素养过关b卷试题,6,1
学易优试卷,3,1
学易精品,7,1
学易金卷 第1?2章月考提高卷,8,1
学易金卷2025年中考英语第1次模拟考试试,2,1
学易金卷·2026年中考考前预测卷（青海英语专用）,10,1
学易金卷单元测试卷,6,1
学易金卷安徽高考,3,1
学易金卷月考,1,1
学林2022~2023学年度第一学期期中调研试卷 八年级物理,5,1
学校,1,1
学案三,3,1
学案解析几何,3,1
学海金卷,3,1
学海金卷五数北,7,1
学海金考卷,6,1
学海金考卷五年级数学国标BS,4,1
学海金考卷国标BS,4,1
学海风暴 2026,2,1
学海风暴 2026江西,2,1
学海风暴七年级下册,1,1
学海风暴江西八上物理光现象,6,1
学海风暴答案,1,1
学生原创作文,1,1
学知义,1,1
学科,12,1
学科 网,1,1
学科竞赛,9,1
学科网 组卷网高一英语,1,1
学科网 组卷网高一英语外研,1,1
学科网《2026上海沪教版小升初无忧衔接》专辑，内含本套整除+分数全套讲义、练习、测试卷，完全贴合上海新教材断层补漏需求 。,4,1
学科网《【上好课】2027年高考数学一轮复习讲练测（全国通用）》,4,1
学科网上好课暑假作业,11,1
学科网创作者中心,1,1
学科网化学一轮复习,2,1
学科网化学九上课题二,1,1
学科网物理试卷第三章,1,1
学科网物理试卷第三章八上,4,1
学科网精选,1,1
学科网资料,2,1
学科网（免费专区） 网址：https://www.zxxk.com/ 搜索关键词：四年级数学 基础达标卷 人教版、小学数学计算能力测试 四年级 操作：搜索后勾选「免费」标签，优先下载标题带「基础」「达标」「计算专项」的试卷,1,1
学科营,1,1
学练优2026,10,1
学练优八下听力校本作业,1,1
学练优数学,1,1
学练优英语外研版七下2026,6,1
学练优计划 八年级下册数学 陕西专版 RJ,3,1
学练优试卷七年级上册,1,1
学考2025年学业水平考试,7,1
学考2026湖南,4,1
学考地理,5,1
学考复习,1,1
学考成绩,5,1
学考技术,2,1
学考数学,4,1
学考真题 2025,1,1
学考试卷,4,1
学考语文,2,1
学考题,1,1
学英语试卷,1,1
学过石油的语文老师,1,1
学院附中,2,1
学院附中抚顺,1,1
学霸,1,1
学霸作业本,1,1
学霸必刷题,1,1
学霸必背,6,1
学霸提优大试卷,1,1
学霸课堂小学数学口算题卡六年级上,2,1
学霸题中题数学,1,1
宁乡一中数学高一,4,1
宁乡高一上入学考,2,1
宁乡高一入学考,1,1
宁化翠城实验中学,1,1
宁城县第四中学,2,1
宁城县职业中学,1,1
宁城高级中学,1,1
宁夏2025高考,2,1
宁夏h高考真题,1,1
宁夏一年级上学期阶段检测,1,1
宁夏一年级下学期阶段检测,1,1
宁夏七营镇中心小学,5,1
宁夏三年级上学期阶段检测,3,1
宁夏中考 1600词汇背诵,2,1
宁夏中考卷2016年物理2,1,1
宁夏中考数学,3,1
宁夏中考数学真题,3,1
宁夏中考模拟,9,1
宁夏中考物理卷,2,1
宁夏中考英语真题,2,1
宁夏二十六中,3,1
宁夏二十六中初二数学期末试卷,4,1
宁夏二十六中初二数学期末试卷2026,1,1
宁夏二年级下学期阶段检测,3,1
宁夏八 省 联 考 2 0 2 6 届 高 三 年 级,1,1
宁夏初中毕业水平检测,3,1
宁夏同心县四中中考模考卷,2,1
宁夏同心县四中模考卷,3,1
宁夏吴忠二模,7,1
宁夏回族自治区固原市隆德县,5,1
宁夏固原七中入学考试,2,1
宁夏固原市第七中学,2,1
宁夏固原市第七中学2023-2024学年七年级上 学期入学分班考试数学试卷,2,1
宁夏小升初,4,1
宁夏师范大学附属中学,2,1
宁夏师范学院附属中学,1,1
宁夏物理高考卷,5,1
宁夏育才高一下册,5,1
宁夏英语高考模拟题,5,1
宁夏银川十七中,2,1
宁夏银川市第二中学2025-2026学年高一第一学期期末考试物理试卷,2,1
宁夏银川市金凤区良田中学,4,1
宁夏高考,6,1
宁夏高考真题,3,1
宁强县天津高级中学,7,1
宁强赵文浩,1,1
宁德  2 0 2 6 初二第二学期期末质量检测,15,1
宁德  2 0 2 6 高二第二学期期末质量检测,1,1
宁德 2 0 2 6 高二第二学期期末质量检测,3,1
宁德 市2 0 2 5 2 0 2 6 高一第二学期化学期末质量检测,1,1
宁德2025质检,1,1
宁德23-24高一数学,1,1
宁德25-26高一数学,2,1
宁德七年级下册历史试卷,3,1
宁德八年级期末英语试卷,4,1
宁德宁德期末,1,1
宁德市,18,1
宁德市2022-2023学年高二下7月期末考试化学试题,7,1
宁德市2023到2024学年第二学期期末高二数学,7,1
宁德市2025 2026学年第二学期高二年级期末考试,5,1
宁德市2025 2026学年第二学期高二年级期末考试数字,3,1
宁德市2025~2026学年第二学期高一年级期末考试历史试题,3,1
宁德市2025~2026学年第二学期高一年级期末考试数学试题,1,1
宁德市2025到2026学年第二学期期末高二语文,6,1
宁德市七年级上册英语,1,1
宁德市东侨中学,1,1
宁德市东侨经济开发区中学,1,1
宁德市培文学校初中部2025期中达标检测7年级英语试卷。,2,1
宁德市福宁古五校2024-2025高二上学期期末物理质量检测数学试卷,1,1
宁德市高级中学,2,1
宁德市高考英语试卷,9,1
宁德福安高三数学,1,1
宁德语文期末,2,1
宁德语文期末高一,1,1
宁德高一数学,9,1
宁德高三一检化学,5,1
宁德高三数学,3,1
宁德高二上册数学,1,1
宁江区实验,2,1
宁江区实验高级中学,5,1
宁波 分班考,1,1
宁波 初一分班考试,36,1
宁波2024学年第二学期期末考试地理,1,1
宁波2025余姚市年第一学期六年级语文期末考模拟,1,1
宁波一模2026,1,1
宁波中学,3,1
宁波九校联考,8,1
宁波二中,1,1
宁波二中分班考,3,1
宁波二中新高1分班考试卷,8,1
宁波二中新高1分班考试卷历史,2,1
宁波二中新高1分班考试卷语文,3,1
宁波二中新高一分班考试政治,4,1
宁波二中试卷,2,1
宁波五下期末数学,4,1
宁波八上期中,1,1
宁波八上期中英语,3,1
宁波八上语文背诵,1,1
宁波初中物理强基计划,3,1
宁波初中语文,1,1
宁波化学,2,1
宁波十校联考,1,1
宁波卷高二历史,7,1
宁波地理,2,1
宁波市2024年第二学期九校联考英语,5,1
宁波市2024年第二学期高一九校联考英语,5,1
宁波市2025-2026学年第二学期选考模拟考试,1,1
宁波市2025-2026学年第二学期选考模拟考试技术,1,1
宁波市2025学年第一学期高考模拟考试数学,4,1
宁波市2025学年第二学期期末考试物理试卷,2,1
宁波市2025学年英语期末考试,2,1
宁波市2025第二学期高二思想政治,16,1
宁波市七下期末数学,8,1
宁波市七下期末科学,4,1
宁波市七下期末英语,4,1
宁波市十校历史2026届高三下学期三月模拟,3,1
宁波市历史与社会七下期末试卷,2,1
宁波市政治2026届高三上学期高考与选考,2,1
宁波市英语七下期末试卷,2,1
宁波市语文七下期末试卷,1,1
宁波市语文期末试卷,1,1
宁波市镇海中学英语模拟,1,1
宁波市镇海中学英语模拟13,1,1
宁波市镇海中学英语模拟试题,3,1
宁波市镇海中学英语模拟试题18,1,1
宁波市镇海中学英语模拟试题2,3,1
宁波市高三英语模拟考试英语听力部分,1,1
宁波当地浙教版2026新教材九年级上册英语第1单元,2,1
宁波当地浙教版2026新教材九年级上册英语第1单元考试卷,5,1
宁波惠贞初一分班考试卷,4,1
宁波慈溪,5,1
宁波慈溪高一期末,3,1
宁波新闻英语阅读题,1,1
宁波新高一分班考,4,1
宁波期末,1,1
宁波期末2025,2,1
宁波江北惠贞初一分班考试卷,1,1
宁波竞赛高中数学,1,1
宁波统考,4,1
宁波返校考,1,1
宁波镇海中学2025学年第二学期期末高二数学,3,1
宁波镇海高三,14,1
宁波高中数学竞赛,2,1
宁波高二下生物期末考卷,10,1
宁波高二期末,1,1
宁海,1,1
宁海县,8,1
宁远县2024年下期期中质量监测八年级,6,1
宁远县9年级,1,1
宁阳一中,3,1
宁阳县,2,1
宁阳县伏山镇中心小学,27,1
宁阳县伏山镇二十四中,11,1
宇宙航行,18,1
安之若素,4,1
安乡县金海中学2026年高一期末考试数学试卷,1,1
安化二中,2,1
安吉,1,1
安宁中学,5,1
安定区八下2026年第二学期物理测试卷,2,1
安岳中学,2,1
安岳中学新高一分班数学,4,1
安岳县七年级下册数学期末,3,1
安师大,1,1
安师大芜湖,4,1
安庆一中自主招生试卷,4,1
安庆三模,4,1
安庆外国语,1,1
安庆外国语数学,1,1
安庆外国语数学试卷,1,1
安庆外国语试卷,1,1
安庆市,2,1
安庆市七年级分班考试,1,1
安庆市第四中学,8,1
安庆市第四中学七年级分班考试试卷,2,1
安康中学高新分校,1,1
安康市,8,1
安康市2025 2026高一第二学期期末联考,8,1
安康市2026高一第二学期期末联考数学试卷,2,1
安康市2026高二第二学期期末联考数学试卷,2,1
安康市2026高二第二学期期末联考试卷,2,1
安弘英语,1,1
安微省六安市九中,1,1
安徽 0 2025 中考 试卷 数学,1,1
安徽 0 2026 中考 试卷 数学,1,1
安徽 A 10联盟,1,1
安徽 新高一分班考试 数学免费,1,1
安徽 高一入学测试,1,1
安徽 高中入学测试,2,1
安徽 高考2025年真题,2,1
安徽 高考2026年真题,2,1
安徽1号数高三数学,1,1
安徽2026年历史试卷,1,1
安徽2026高考语文试卷,1,1
安徽一年级下学期阶段检测,2,1
安徽七年级下学期期末,7,1
安徽三十中八年级上册其中,1,1
安徽三市期末,4,1
安徽中考 2026,5,1
安徽中考专项强化,4,1
安徽中考卷,1,1
安徽中考卷数学2026,1,1
安徽中考真题,31,1
安徽中考考真题,1,1
安徽中考英语,1,1
安徽中考英语真题,3,1
安徽九师联盟,1,1
安徽九年级自主招生选拔考试,1,1
安徽二年级上学期阶段检测,1,1
安徽五年级上学期期中,11,1
安徽五年级上学期阶段检测,1,1
安徽人教版九上数学第一次月考,8,1
安徽会考,1,1
安徽会考高二,1,1
安徽信息2025信息技术合格考,4,1
安徽八年级上学期期末,1,1
安徽八年级上学期阶段检测,1,1
安徽六校,1,1
安徽六校 开学考,2,1
安徽六校联考入学,12,1
安徽六校联考名校的高三九月份的试卷,2,1
安徽六校联考开学考,1,1
安徽化学中考,4,1
安徽化学高考真题,3,1
安徽十校联考物理,1,1
安徽单元练习,10,1
安徽单元练习外研版,1,1
安徽单招,4,1
安徽单招考,1,1
安徽卷,1,1
安徽合肥,5,1
安徽合肥2026 年高三,1,1
安徽合肥2026 年高三第一次教学质量监测,3,1
安徽合肥一模,3,1
安徽合肥七中高二,7,1
安徽合肥三十中八年级上册数学期中,4,1
安徽合肥四十八中,4,1
安徽合肥第六中学高一下学期期末,6,1
安徽合肥高一,1,1
安徽合肥高一上学期第一次月考,3,1
安徽合肥高一第一学期,1,1
安徽合肥高一第一学期第一次月考,3,1
安徽天1大联考,1,1
安徽天一大联考高二七月三至四日期末考试,3,1
安徽天一大联考高二期末考试,4,1
安徽天翼大联考高一下学期第三次月考数学试卷,1,1
安徽太和中学,2,1
安徽太和中学 2025 2026 学年高二下学期 5 月期中语文试题,1,1
安徽学业水平检测,1,1
安徽学业水平检测信息技术试卷,10,1
安徽安庆2025 2026 学年高二下期末调研英语试题,4,1
安徽安庆期中,8,1
安徽宣城市,1,1
安徽宣城市初三,3,1
安徽宿城一中20252026八年级上册沪科版物理期中试卷,2,1
安徽宿州,3,1
安徽小学毕业考,2,1
安徽小学毕业考数学,1,1
安徽小学毕业考数学人教版,1,1
安徽师范大学附属中学,2,1
安徽师范大学附属中学2026届高三考前适应性检测英语试题,1,1
安徽广德s,4,1
安徽建筑大学,1,1
安徽数学七年级上册第一单元测试卷,4,1
安徽数学竞赛试卷（初中卷）,5,1
安徽新高考物理专项,1,1
安徽无为县四下期末数学,5,1
安徽望江物理,2,1
安徽望江物理期中,20,1
安徽期中,2,1
安徽期末考试,3,1
安徽林泉,1,1
安徽歙县中学2025-2026学年第二学期期中质量检测 高二语文试题,2,1
安徽江南十校联考,12,1
安徽江南十校高二下学期五月联考,7,1
安徽江淮协作区,1,1
安徽沪科版八年级上册其中考试卷,3,1
安徽泗县2025—2026八年级上册沪科版物理期中试卷,1,1
安徽淮北市2024年新高一实验选拔考试试卷,1,1
安徽淮南第二中学2025 2026 学年高二下期末调研英语试题,1,1
安徽滁州二中,14,1
安徽滁州二中9月,2,1
安徽滁州八年级上皖智试卷,8,1
安徽滁州市定远县育才学校,4,1
安徽滁州高一上9月,4,1
安徽物理2026高考,1,1
安徽省 023年普通高中学业水平合格性考试,1,1
安徽省 023年普通高中学业水平合格性考试英语,7,1
安徽省 026年普通高中学业水平合格性考试,10,1
安徽省 2026 年中考,1,1
安徽省 wangong,1,1
安徽省 皖东县中联盟,9,1
安徽省 皖东名校,13,1
安徽省023会考真题卷,3,1
安徽省023会考真题卷英语,2,1
安徽省2024,1,1
安徽省2024期末,2,1
安徽省2025 2026年八年级上册北师大版数学期中试卷,1,1
安徽省2025 高一上册北师大版数学10月月考试卷,1,1
安徽省2025到2026学年高一上学期期中考试语文试题,4,1
安徽省2026届高三5月联考语文,1,1
安徽省2026年中考数学试卷,2,1
安徽省A10联盟,5,1
安徽省A10联盟2024~2025学年2月高一下学期下学期开学考物理试题,1,1
安徽省A10联盟2024~2025学年高一下学期下学期开学考物理试题,3,1
安徽省A10联盟2025-2026学年高三上学期8月底学情调研英语,2,1
安徽省A10联盟2026届高三上学期八月开学摸底考试历史试卷,1,1
安徽省C20教育联盟九年级学业水平检测,2,1
安徽省“皖东县中联盟”,6,1
安徽省七年级上册淮南二中英语试卷,2,1
安徽省九师联盟2026届,1,1
安徽省九师联盟2026届高三上学期1月第五次质量检测（1月联考）语文试题,4,1
安徽省八上人教语文第一次月考,7,1
安徽省八年级,1,1
安徽省八年级上学期,8,1
安徽省八年级下册数学沪科版，期末测试卷,5,1
安徽省六安市对口升学计算机,1,1
安徽省六安市舒城县第二中学九年级开学测试,8,1
安徽省六安市霍邱县霍邱一中,1,1
安徽省六校教育研究会2021~2022学年第二学期高二期末联考,2,1
安徽省合肥一中2026高二下期末化学试卷,1,1
安徽省合肥一中暨省十联考2026年高三教学质量测评,2,1
安徽省合肥一中高一2025年9月物理教学质量检测试卷,1,1
安徽省合肥市10月的第一中学数学高一上学期期中考试试卷,5,1
安徽省合肥市八中高一下期末数学,6,1
安徽省合肥市八年级数学试卷,5,1
安徽省合肥市第一中学数学高一上学期期中考试试卷,4,1
安徽省合肥市第一中学物理高一上学期期中考试试卷,8,1
安徽省合肥市第一中学物理高一期中考试试卷,1,1
安徽省合肥市第七中学2025-2026学年高三上学期第三次质量检测英语试题,7,1
安徽省合肥市第七中学2025-2026学年高三上学期第三次质量检测英语试题音频,2,1
安徽省合肥市第四十五中学2025-2026学年八年级上学期期中考试英语试卷,3,1
安徽省合肥市第四十八中学,6,1
安徽省合肥市高一上学期学期期末数学,11,1
安徽省合肥第一中学,1,1
安徽省培优联盟高二上学期联考,4,1
安徽省天一大联考2025-2026学年高三上学期8月秋季检测英语,1,1
安徽省太和县高级中学,1,1
安徽省太和县高级中学2024-2025学年高一下学期7月期末英语试题,3,1
安徽省安庆市石化一中高中入学考,3,1
安徽省安庆市第一中学2023-2024学年高一下学期期末考试物理试卷,1,1
安徽省安徽六校联考2025-2026学年高三上学期1月月考英语试题,2,1
安徽省宣城市广德中学夏令营考试,2,1
安徽省宣城市高二物理期末,5,1
安徽省宿州市2025中考试卷,13,1
安徽省宿州市埇桥区第三中学2025 高一上册北师大版数学10月月考试卷,6,1
安徽省宿州市灵璧县八上人教语文第一次月考,11,1
安徽省宿州市灵璧县八上北师数学第一次月考,1,1
安徽省宿州市砀山县,6,1
安徽省宿州市第一中学,1,1
安徽省宿州市萧县,16,1
安徽省庐巢联盟2024-2025学年高一下学期期末历史试卷,1,1
安徽省庐巢联盟2025-2026学年高二上学期第一次月考历史试卷,5,1
安徽省庐巢联盟2025-2026学年高二上学期第一次月考地理试题,6,1
安徽省庐巢联盟2025-2026学年高二上学期第一次月考政治试卷,3,1
安徽省庐巢联盟2025-2026学年高二上学期第一次月考语文试卷,6,1
安徽省怀宁县2024~2025八年级下册物理期末测试卷,5,1
安徽省怀宁县八年级下册物理期末测试卷,3,1
安徽省期末,1,1
安徽省江南十校2026届英语,1,1
安徽省江南十校2026届高三5月学业质量检测语文试题”,1,1
安徽省江南十校2026英语,8,1
安徽省江淮十校2026年高三第一次联考,4,1
安徽省淮南二中英语试卷,1,1
安徽省淮南市九上数学第一次月考,7,1
安徽省淮南市九上第一次月考,1,1
安徽省淮南市寿县一中入学考试,3,1
安徽省滁州市,1,1
安徽省滁州市二模,1,1
安徽省濉溪中学,4,1
安徽省灵璧中学,2,1
安徽省皖智7年级阶段评估(八)真题卷,1,1
安徽省砀山中学 高一入学摸底测试,1,1
安徽省自主招生试卷,2,1
安徽省舒城县八年级上数学试卷,11,1
安徽省芜湖八下数学竞赛,1,1
安徽省芜湖八年级下学期期末试卷,1,1
安徽省芜湖市南陵县,11,1
安徽省芜湖市弋江区期中,2,1
安徽省蚌埠市2025到2026学年高一上学期期中考试语文试题,1,1
安徽省蚌埠市A层高一上联考2024年数学,3,1
安徽省蚌埠市A层高一上联考2025年数学,2,1
安徽省蚌埠市A层高二上联考2024年数学,1,1
安徽省蚌埠市A层高二上联考2025年数学,1,1
安徽省蚌埠市五河县中考,2,1
安徽省蚌埠市五河县八年级下学期阶段检测,1,1
安徽省蚌埠市高二下期末2025~20265历史,4,1
安徽省蚌埠市高二下期末2025~20265英语,3,1
安徽省铜官区五年级上数学,2,1
安徽省铜官区五年级上英语,1,1
安徽省铜官区四年级下数学,1,1
安徽省铜陵市2025一中实验班选拔考试,1,1
安徽省铜陵市一中实验班选拔考试,1,1
安徽省阜阳市2026年高三教学质量监测,2,1
安徽省阜阳市临泉县一中2020~2021学年高二上学期期末政治试题,8,1
安徽省阜阳第一中学2025级10月月考数学试卷答案,4,1
安徽省阜阳第一中学2025级9月教学质量检测,1,1
安徽省阜阳第一中学2025级9月教学质量检测物理,1,1
安徽省阜阳第一中学高一2025级9月教学质量检测物理,1,1
安徽省霍邱县乔官镇第三中学，九年级上册第一次月考试卷,10,1
安徽省霍邱县第三中学九年级上册8月月考试卷,2,1
安徽省马鞍山市二中郑浦港分班考试试卷。,4,1
安徽省高一上,2,1
安徽省高一上六校入学,1,1
安徽省高一上六校开学考试,1,1
安徽省高一上六校联考开学考试,1,1
安徽省高一下天一联考,1,1
安徽省高一下智学大联考,16,1
安徽省高一六校联考开学考试,2,1
安徽省高一物理下学期期末试卷,2,1
安徽省高三8月开学考,2,1
安徽省高三8月晥江名校联盟开学考,11,1
安徽省高二期末县中联盟,12,1
安徽省高考地理,1,1
安徽省黄山市2024一2025度七年级期末水平质量洲试卷,4,1
安徽省黄山市2024一2025度七年级第二学期英语期末水平质量洲试卷,5,1
安徽省黄山市2025一2026度七年级期末排名,13,1
安徽第一卷,1,1
安徽第一卷2023—2024学年七年级上册英语人教版单元达标卷（一）Starters~Unit2,2,1
安徽第一卷全程达标卷,1,1
安徽第一卷最后一卷,6,1
安徽芜湖三年级下册期中试卷,1,1
安徽芜湖三年级下册英语期中卷,8,1
安徽芜湖三年级下册英语期中试卷,34,1
安徽芜湖市第一中学2025至2026学年第二学期高二期末质量检测,7,1
安徽芜湖市鸠江区2025 2026学年五年级下册期末质量监测数学试卷,3,1
安徽芜湖师大附小六年级,1,1
安徽芜湖高一六校联考,1,1
安徽英语初升高试卷,91,1
安徽英语新高一开学考试卷,16,1
安徽英语高一开学考试卷,83,1
安徽蒙城一中南校开学考试,2,1
安徽蚌埠 高二6月日语,3,1
安徽蚌埠市2025-2026学年高三上学期开学考试语文试卷,2,1
安徽蚌埠高三调研,1,1
安徽补考,1,1
安徽补考高中,1,1
安徽试卷,43,1
安徽诗词地理专项诗文大全,1,1
安徽铜陵,12,1
安徽顶尖名校联盟2025 2026年高三下学期5月最后一卷语文,1,1
安徽高一上学期期中,1,1
安徽高三A10联盟数学试卷,13,1
安徽高三T10数学试卷,3,1
安徽高三上学期开学考,1,1
安徽高三下学期期末,2,1
安徽高三开学考,2,1
安徽高三英语,5,1
安徽高中,1,1
安徽高中学业水平考试,1,1
安徽高二上期末数学,2,1
安徽高二下生物期末2025-2026,1,1
安徽高二年级英语试卷含听力,1,1
安徽高考,3,1
安徽高考一轮复习。,1,1
安徽高考政治,1,1
安徽高考政治试卷,4,1
安徽高考数学模拟,3,1
安徽高考物理,1,1
安徽高考物理2026,3,1
安徽高考物理一轮复习,5,1
安徽高考真题,2,1
安徽黄山,20,1
安徽鼎尖名校高三上学期,3,1
安徽鼎尖名校高三上学期第六届逐梦星辰,4,1
安徽鼎尖高中联考,11,1
安新,1,1
安新县,1,1
安海养正,1,1
安涛,1,1
安涛 博兴县锦秋街道清河学校 反比例函数,1,1
安溪一中,6,1
安溪二检卷,4,1
安溪二检卷初二,14,1
安溪月考,1,1
安福县,2,1
安达市高中,9,1
安阳,11,1
安阳一中,5,1
安阳七下数学期末考试,1,1
安阳七下期末考试,2,1
安阳五中,1,1
安阳五中月考,2,1
安阳光华,1,1
安阳八中,1,1
安阳市七年级入学学情调研测试试卷语数英三科,5,1
安阳市七年级学情调研测试试卷语数英三科,2,1
安阳月考,9,1
安鹤新联盟,7,1
宋景田,1,1
宋诏桥分班考,2,1
完全倒装,1,1
完全平方,5,1
完全平方公式,2,1
完全平方公式应用,5,1
完全平方差公式,1,1
完全解读,5,1
完型填空 高三,1,1
完型填空专练,3,1
完型填空高三,1,1
完形 孟,1,1
完形填空 100篇专项训练,1,1
完形填空 孟庆宇,1,1
完形填空375,1,1
完形填空专项,7,1
完形填空专项练习,2,1
完形填空福建,2,1
完形填空高中专题02,1,1
完形填空高中专题02黑吉辽,1,1
完形阅读高级句式,3,1
完成句子,5,1
宏帆八中小升初语文自主招生2026,2,1
宏扬学校,2,1
官渡区2025 2026七年级数学,1,1
官渡区2025～2026学年上学期七年级期末考试,2,1
官渡区二年级2025 2026语文,4,1
官渡区八年级下册数学2024-2025期末考试,2,1
官能团,3,1
定 语 从句 100 题 和 答案,3,1
定 语 从句 100 题练习题,1,1
定 语 从句 练习题,3,1
定义新运算,2,1
定值,1,1
定兴县,1,1
定兴县2026年八年级下册教学试卷,2,1
定冠词,3,1
定南中学,2,1
定南县,5,1
定州,1,1
定州中学,5,1
定州中学高二,1,1
定州市,27,1
定州市2025至2026学年度第二学期期末质量监测七年级英语,3,1
定州市2026七年级上,7,1
定州市2026六年级下英语,1,1
定州市一模,3,1
定州市期末考试,5,1
定州期中,3,1
定心卷2025万唯中考,4,1
定比分点,3,1
定比点差法,2,1
定理 大全,2,1
定西市安定区五年级下册北师大版第二学期期末考试卷,5,1
定语从句 宾语从句,4,1
定语从句that和which练习,9,1
定语从句专项,2,1
定语从句名词性从句,4,1
定语从句和名词性从句混合练习,10,1
定语从句用法总结,1,1
定语从句练习题,2,1
定语从句高中思维导图,2,1
定语从句高考真题,1,1
定边中学,1,1
宛城五上期中试卷数学,9,1
宛山湖,6,1
宛水一小,3,1
宜兴,3,1
宜兴2025期末八上数学,9,1
宜兴中学,1,1
宜兴八上学易金卷,1,1
宜兴八上数学第一次月考,2,1
宜兴八上期中试卷数学,2,1
宜兴八上物理月考,1,1
宜兴八上物理第一次月考,7,1
宜兴八下期中试卷数学,1,1
宜兴八下期末试卷数学,2,1
宜兴外国语,2,1
宜兴实验中学,1,1
宜兴市官林中学,1,1
宜兴市官林中学高二上月考,1,1
宜兴市官林中高二上,2,1
宜兴市第二高级中学,8,1
宜宾,5,1
宜宾 零模,2,1
宜宾 零诊,1,1
宜宾三中,1,1
宜宾三中初升高自主招生数学物理,4,1
宜宾中考,2,1
宜宾中考2026,1,1
宜宾市,11,1
宜宾市2025年南溪一中高二期末考试,1,1
宜宾市2026年中考物理,2,1
宜宾市2026年中考语文,1,1
宜宾市2026高一数学期末,2,1
宜宾市2026高一物理,1,1
宜宾市中考2026,3,1
宜宾市八下期末,5,1
宜宾市第三中学,8,1
宜宾市高一下数学期末试卷,3,1
宜宾市高一下期期末考试物理,1,1
宜宾市高一下期期末考试语文,5,1
宜昌一中贯通班试卷,1,1
宜昌一中高一试卷,4,1
宜昌五峰,8,1
宜昌协作体,28,1
宜昌金东方高中,3,1
宜春,6,1
宜春一中,5,1
宜春期末物理,4,1
宜荆荆恩,8,1
宜阳2025-2026八上期中英语,1,1
宝坻区第四中学,20,1
宝坻四中,6,1
宝安中学,7,1
宝安中学高一期末考,4,1
宝安八下期末语文,1,1
宝安区 2025 2026 学年第二学期期末教学质量监测,2,1
宝安区2024-2025,4,1
宝山中学分班,1,1
宝山九年级,8,1
宝山九年级月考,12,1
宝山九年级杨泰,3,1
宝山分班考,1,1
宝山分班考新高一,1,1
宝山区一模,8,1
宝山实验学校,1,1
宝山新高一,4,1
宝山新高一摸底,3,1
宝山高考一模,2,1
宝应一年级上册,3,1
宝应一年级上册期末,6,1
宝应县,1,1
宝应县数学,9,1
宝鸡中学开学试卷,5,1
宝鸡中学高一期末试卷,9,1
宝鸡中学高二期末考试卷,3,1
宝鸡南山中学高一期末试卷,1,1
宝鸡市斗鸡中学,3,1
宝鸡市渭滨区2026年期末考试试卷,1,1
宝鸡市渭滨区2026年高一下学期期末考试试卷,1,1
宝鸡石油中学,2,1
宝鸡石油中学开学试卷,1,1
宝鸡第一高中,11,1
实数 01专题,2,1
实数PPT,2,1
实数北师大版,2,1
实数北师大版全章检测,5,1
实数平方根算数平方根,2,1
实数平方根算数平方根习题,1,1
实数的计算专练,4,1
实数计算 100专项训练计算专项,2,1
实数试卷,4,1
实新学校,2,1
实物图和电路图,1,1
实物图和电路图互画,14,1
实用美术基础,1,1
实词120个文言文,2,1
实际问题与一元二次方程,2,1
实验入学考试,1,1
实验学校初中物理选拔题,1,1
实验学校龙门县,3,1
实验室制氧气,3,1
实验小学,5,1
实验水平试卷,4,1
实验班提优大考卷 5年级数学下册人教版,2,1
实验班提优大考卷。5年级数学下册人教版。,3,1
实验班提优训练 九年级上册物理,4,1
实验班提优训练九年级全一册物理,4,1
实验班提优训练电子版,1,1
实验班考试,1,1
实验班语文,1,1
实验题专题,4,1
实验题的解题技巧解析,1,1
实验高中,2,1
实验高中初中物理选拔卷,9,1
宣化区,2,1
宣化区2025 2026四年级下学期数学期末试题,1,1
宣化区2025---2026学年度第二学期期末考试七年级道法试卷,1,1
宣化区2025---2026学年度，下学期期末考试七年级道法试卷,1,1
宣化历史八下期未,3,1
宣化历史八下期未答案,1,1
宣化启臻,2,1
宣化四中,1,1
宣城中学,2,1
宣城市2023 2024年高二下期末考试物理,1,1
宣城市2024 2025学年度第二学期期末调研测试,1,1
宣城市2026学年度第二学期期末调研测试高二,15,1
宣城市八中,1,1
宣城市年高二下期末考试物理,2,1
宣城市第十二中学,12,1
宣城市高一数学第一学期期末卷,3,1
宣威六中高一,4,1
宣武,1,1
宣武区,2,1
宪法专项基础,1,1
宪法专项基础选择,5,1
宪法专项基础选择1,1,1
宪法专题15道选择,5,1
家庭生活小帮手,1,1
容城,1,1
容斥原理高中,1,1
宾县一中,5,1
宾县一中高三上,1,1
宾县第一中学,2,1
宾语,2,1
宾语 2026专项练习,5,1
宾语从句100题,1,1
宾语从句专练,1,1
宿城区,1,1
宿州,10,1
宿州一模,11,1
宿州七年级,2,1
宿州二中,6,1
宿州二中高一月考卷,2,1
宿州二中高二期末考水平检测2026,1,1
宿州十三校,3,1
宿州市,4,1
宿州市13校联考,7,1
宿州市埇桥区第十一中学,4,1
宿州市萧县,10,1
宿州英华,1,1
宿松,4,1
宿松中学,3,1
宿松县城关初中,2,1
宿豫区实验初中,1,1
宿迁2025 2026学年第二学期期末试卷,1,1
宿迁2026,1,1
宿迁2026中考卷,2,1
宿迁中学,1,1
宿迁五年级,13,1
宿迁八上英语,1,1
宿迁八上英语10月考,4,1
宿迁八上英语月考,1,1
宿迁八年级上册数学期中,3,1
宿迁宿豫区九年级一模试卷,9,1
宿迁宿豫区九年级上册期中,3,1
宿迁市2026年中考试卷,7,1
宿迁市中扬镇小学,2,1
宿迁市钟吾初一数学上月考,2,1
宿迁市高级中学,2,1
宿迁数学,1,1
宿迁数学八年级,1,1
宿迁数学八年级上册,1,1
宿迁沭阳英语期末,4,1
宿迁清北班选拔,7,1
宿迁青华中学,6,1
宿迁青华中学日语试卷,6,1
宿迁高一期末,4,1
宿迁高二下物理期末试卷,1,1
宿迁高级中学,1,1
密云,6,1
密云区2026年七年级下学期期末数学试卷答案,3,1
密云区2026年七年级下学期期末语文试卷答案,1,1
密度概念练习题,5,1
富乐,2,1
富宁,1,1
富宁县,4,1
富源九中,1,1
富源县2025~2026年度学科素养综合评价,2,1
富顺,3,1
富顺二中,3,1
寒假自查卷第13章三角形,1,1
察素齐小升初分判卷,2,1
察素齐小升初分班卷,3,1
寨河中学,5,1
对口升学,4,1
对口单招,3,1
对口高考2025,4,1
对啊湖北,1,1
对指幂,1,1
对指幂函数,1,1
对指幂函数比大小,2,1
对数 100 道 运算,2,1
对数专题,5,1
对数人教版,7,1
对数指数的运算,9,1
对数的运算练习,1,1
对数计算练习高一,6,1
对数运算练习题,3,1
对概率进一步认识专题练（鲁教版）,23,1
对点名师金卷,2,1
对甲基苯甲酸,1,1
对衬周期函数,1,1
对角互补,12,1
对，就是学科网（橙子学）这款APP ? ??但是有两点重要提醒：   ?探究在线 七年级上册数学 HD 华东师大版? HD代表华东师大版,2,1
寻甸,22,1
导 学案沪科版,1,1
导函数与抽象函数,1,1
导数 023专题,2,1
导数 专题一轮复习,13,1
导数 大题2025常考题大题汇总,2,1
导数 大题汇总,2,1
导数5 一轮 专题 复习,1,1
导数上海,1,1
导数不等式,1,1
导数与抽象函数,1,1
导数专题复习,2,1
导数专题训练,1,1
导数中以直代曲的问题,4,1
导数中档题,3,1
导数中等,1,1
导数免费,3,1
导数切线专题,5,1
导数单元测试,7,1
导数单调性,4,1
导数单调性讨论,3,1
导数单调性讨论大题,7,1
导数压轴题,1,1
导数及qiuuingyong,1,1
导数及其应用苏教版,1,1
导数及其应用苏教版一轮复习,2,1
导数双变量问题,5,1
导数培优,6,1
导数基础练习题,14,1
导数多选,1,1
导数大题练习,3,1
导数常考经典压轴小题归类,3,1
导数恒成立,3,1
导数放缩,4,1
导数最值单调性单调区间,6,1
导数的基础习题,4,1
导数的大题,3,1
导数的极值,1,1
导数的极值最值,4,1
导数竞赛,2,1
导数竞赛题,1,1
导数选填压轴,1,1
导数选择,2,1
导数难题,1,1
导数题库,4,1
寿光,4,1
寿光一中,4,1
寿光市,3,1
寿光教研室有2024-2025学年度第二学期六年体育试卷,26,1
寿县一中,1,1
寿阳一中,3,1
寿阳县第一中学,1,1
寿雁一小,1,1
封神,3,1
封神演义,3,1
射影定理,1,1
射影定理九年级,1,1
射洪中学9年级上册,11,1
射洪中学九年级上试卷,23,1
射洪中学自招考试,8,1
将军饮马50种题型,1,1
将进酒/李白,2,1
尉氏县2023年到2024年数学六下期末考试卷,6,1
尉氏县2024年英语六下期末考试卷,3,1
小 升 初 2025 人,2,1
小 升 初 2025 人教版 英语,1,1
小 升 初 2025 人教版南阳,1,1
小 升 初 2025 人教版南阳十二中,1,1
小 升 初 2025 人教版南阳市十二中,2,1
小 升 初 2025 人教版数学专题,1,1
小 升 初 2025 人教版湖北省,1,1
小 升 初 2025 英语包含英语听力,8,1
小 升 初 2025 英语网课,3,1
小 升 初2026数学,3,1
小 升初2025分班考,1,1
小 升初2025数学试卷人教版,2,1
小 升初2025数学试卷分班考,7,1
小 升初2025数学试卷宁波,3,1
小 升初2026数学人教版,1,1
小 升初分班考临沂市,1,1
小 升初分班考语文,7,1
小 贺 老师HF生物,1,1
小 贺老师H_F,1,1
小中考,5,1
小作文,1,1
小儿朗,1,1
小初衔接数学,3,1
小升初 数学,3,1
小升初 衔接数学,3,1
小升初29中进校分班考,3,1
小升初八中真题卷,1,1
小升初分班云南,1,1
小升初分班卷真题卷郑州四十七,3,1
小升初分班考南通如东,1,1
小升初分班考试卷,10,1
小升初分班考试真题卷语文,3,1
小升初分班考试英语,4,1
小升初分班考语文,2,1
小升初分班题,2,1
小升初去年的青苗班考试,1,1
小升初去年的青苗班考试日照市东港区,3,1
小升初古诗考点,3,1
小升初各科试题,1,1
小升初图形,4,1
小升初基础词汇,4,1
小升初山东,1,1
小升初开学分班考试试卷,4,1
小升初开学考,2,1
小升初成都,5,1
小升初摸底,7,1
小升初数学分班测试卷,2,1
小升初数学分班考试试卷,3,1
小升初数学卷,2,1
小升初数学模拟卷,2,1
小升初数学试卷,6,1
小升初文言文2026复习专题,1,1
小升初昆山,1,1
小升初毕业考试卷,19,1
小升初毕业考试数学,1,1
小升初毕业考试数学苏州,6,1
小升初江苏省,4,1
小升初浙江宁波余姚市肖东中学试卷2025 2026,4,1
小升初浙江宁波余姚市试卷2025 2026,4,1
小升初真题五四制,1,1
小升初真题分类汇编,1,1
小升初真题卷,1,1
小升初石家庄,1,1
小升初科学分班考,5,1
小升初考前最后一课英语冲刺·2026,7,1
小升初考试卷,5,1
小升初考试语数英,5,1
小升初英语人教PEP版,2,1
小升初英语基础词汇整理,2,1
小升初英语安徽,5,1
小升初英语测试卷,1,1
小升初英语试卷,1,1
小升初英语语法,12,1
小升初衔接,2,1
小升初解方程,1,1
小升初计算600题,2,1
小升初计算专项练习,9,1
小升初计算题数学,5,1
小升初试卷人教版,5,1
小升初试卷数学,1,1
小升初试卷江苏数学,2,1
小升初试卷江苏英语,5,1
小升初试卷江苏英语免费,1,1
小升初试卷湖北嘉鱼,1,1
小升初语文,4,1
小升初语文基础知识,5,1
小升初重庆八中真题卷,1,1
小卷,2,1
小古文,1,1
小古文观止,3,1
小四门期末考试套卷,11,1
小学,1,1
小学 1 2 3 年级 奥数,1,1
小学 五年级 2025 年 下册 数计算,10,1
小学 奥数6年级竞赛,5,1
小学 英语,2,1
小学 英语单词800背诵表带音标,1,1
小学5年级,1,1
小学一年级下册语文期末试题,7,1
小学一年级奥数综合,3,1
小学三年级,10,1
小学三年级口算,4,1
小学三年级奥数,5,1
小学三年级语文,1,1
小学二年级下册数学奥数题,13,1
小学二年级语文课本,2,1
小学二年级课本,2,1
小学五年级英语,1,1
小学五年级英语人教版,1,1
小学五年级语文,1,1
小学五年级部编教材,2,1
小学六年級 2025 2026年下学期期末数学复习,1,1
小学六年级上册英语知识点,1,1
小学六年级圆的知识点总结,2,1
小学六年级语文,2,1
小学初中英语全套词汇主题分类汇总,3,1
小学初中衔接题,3,1
小学十分秒,3,1
小学升学真题,4,1
小学古诗词,5,1
小学四年级,4,1
小学四年级下册数学期末考试题,10,1
小学四年级数学,5,1
小学四年级英语,1,1
小学四年级语文,1,1
小学基础摸底,11,1
小学必备英语词汇,7,1
小学摸底,12,1
小学数学5年级奥林匹克竞赛全真试题。,1,1
小学数学体积专项测试,5,1
小学数学方程专项训练,1,1
小学数学百分比题,1,1
小学数学苏教版公式大全,1,1
小学数学重要算理算法,12,1
小学期末六年级英语水平测试卷2025~2026学年度下学期听力,4,1
小学毕业考,1,1
小学百分比应用题,1,1
小学百分比题,1,1
小学简便计算,8,1
小学英语 词汇表汇总,2,1
小学英语全套词汇主题分类汇总,2,1
小学英语单词汇总,1,1
小学英语听力天天练,6,1
小学英语四年级,3,1
小学英语期末试卷六年级,3,1
小学英语词汇 1600,5,1
小学英语词汇主题分类汇总,1,1
小学英语音标,4,1
小学解方程,1,1
小学计算题,4,1
小学语文三年级上基础,6,1
小学语文书课文,1,1
小学语文阅读理解,1,1
小学语文阅读理解专项练习,2,1
小学语文阅读理解专项训练,1,1
小学语法归纳,4,1
小屯,2,1
小屯一中,3,1
小屯镇小屯一中,1,1
小数 100 乘除法混合计算题,3,1
小数乘法和除法 二 苏教版,1,1
小数乘除法,5,1
小数乘除法五年级上册,4,1
小数乘除法计算,4,1
小数的除法,3,1
小数简便计算,6,1
小数简便计算五年级,6,1
小数除法,1,1
小数除法人教版,16,1
小数除法整除,8,1
小数除法无限小数,2,1
小明同学,1,1
小测,1,1
小牛试刀,4,1
小猴子戴眼镜,5,1
小球,1,1
小石潭记,1,1
小石潭记练习,9,1
小考卷,2,1
小船渡河,1,1
小船过河专题,4,1
小螃蟹,4,1
小说,7,1
小说 长明灯,3,1
小说文本特征,4,1
小贺老师,10,1
小雄县二升三年级期末试卷,1,1
小题狂做高中物理选择性必修一,9,1
小高 考 2024 2025 江苏 学业水平 合格性考试,32,1
小高考试卷,6,1
小鲤鱼跳龙门导读单,3,1
少羽,1,1
少量多量问题练习题,2,1
少量过量问题练习题,1,1
尖子生压轴题,3,1
尖子生题库,3,1
尖子生默写本,1,1
尖峰岭职工子弟学校,7,1
尚德实验,11,1
尚德实验八年级,5,1
尚贤小升初试卷,2,1
尤溪,42,1
尤溪一中,8,1
尧承鑫,1,1
就上数学,1,1
就是高一的专项训练卷，数学,2,1
尺规作图专题,1,1
尺规作图专题训练,1,1
尺规作图中考真题,4,1
尺规作图小学,5,1
屈原列传作业,3,1
屈原列传基础训练,1,1
屈原列传素养分层作业,8,1
屈原列传素养进阶分层作业,4,1
屏东高一开门考,9,1
山,1,1
山 东 2 0 2 6中考,4,1
山 东 2 0 2 6模拟,3,1
山 东 中考2 0 2 6,5,1
山 东 中考2 0 2 6真题,9,1
山 东冠县数学九上期末,1,1
山 山东省实验中学2025~2026年高一下学期6月阶段 检测,2,1
山东 2025高考真题,3,1
山东 5 月供题,1,1
山东 高考真题2026年,2,1
山东2023历史,1,1
山东2024生物,1,1
山东2024生物高考,1,1
山东2025-2026八年级试题上学期物理期末,1,1
山东2025普通语文新课标一卷,4,1
山东2025普通高等学校招生全国统一考试语文,1,1
山东2026 高考,12,1
山东2026高考真题,2,1
山东8年级上册数学期中考试,1,1
山东一卷,1,1
山东一年级上学期期末,6,1
山东一年级下上学期期末,2,1
山东一年级下学期期末,2,1
山东七上道法试卷,1,1
山东七下英语期末,6,1
山东七年级上学期期中庆云,2,1
山东七年级上学期期中潍坊,2,1
山东七年级上学期期末,3,1
山东专用,1,1
山东东营垦利一小小升初,2,1
山东东营垦利五下期末25 一26,1,1
山东中考数学真题,1,1
山东中考语文,1,1
山东中职春考,3,1
山东临沂,12,1
山东临沂23届高三上学期期末考试英语,3,1
山东临沂兰山8年级英语,4,1
山东临沂兰山8年级英语上,2,1
山东临沂市兰山区7年级下册数学期中考试,1,1
山东临沂市兰山区8年级上册数学期中考试,3,1
山东临沂期末高二生物,8,1
山东临沂河东区英语8年级期中,5,1
山东临沂河东区英语七年级期中,1,1
山东临沂莒南,4,1
山东临沂高三上学期期末考试英语,1,1
山东临沂高二月考,1,1
山东临沂高二月考地理,1,1
山东临沂高二月考地理临沂一中,4,1
山东九年级上学期期中,6,1
山东二模,1,1
山东人教版八上第一单元数学题,8,1
山东体育单招,3,1
山东八年级上学期期中,1,1
山东八年级上学期阶段检测,31,1
山东八年级下学期阶段检测,2,1
山东八年级化学,2,1
山东六年级上学期期中,1,1
山东六年级下学期期末,4,1
山东六年级下学期阶段检测,1,1
山东冠县数学九上期末,2,1
山东初一期末卷语文,4,1
山东化学高考,1,1
山东卷 2026高考真题,1,1
山东卷2023历史,2,1
山东卷2026一模试题,1,1
山东卷2026一聊城模试题,2,1
山东卷生物解析,1,1
山东卷生物解析高考,3,1
山东历史,1,1
山东历史2026,1,1
山东历史必修一,13,1
山东历史高考,1,1
山东历史高考模拟,4,1
山东各高中期中考试高一原题,1,1
山东各高中高三期中,1,1
山东各高中高三练习题,1,1
山东合格考,4,1
山东合格考政治,1,1
山东名校联盟,1,1
山东名校联盟高三上学期,3,1
山东名校联盟高三上学期10月,8,1
山东名校联盟高三下学期开学,3,1
山东四年级下学期阶段检测,6,1
山东国开,1,1
山东地理,4,1
山东地理2026地理会考,7,1
山东地理一轮复习鲁教版,1,1
山东地理一轮鲁教版,3,1
山东地理高三一轮复习鲁教版,4,1
山东夏季高考物理真题,2,1
山东大学,1,1
山东奎文第一中学分班考,7,1
山东威海文登区,7,1
山东威海高一下学期期末物理,3,1
山东威海高一下学期期末语文,4,1
山东威海高二上学期期末数学,1,1
山东威海高二上学期期末物理,2,1
山东实验中学 高一下学期期末考试,5,1
山东师大附中高三打靶卷英语,1,1
山东师范大学附属中学,2,1
山东师范大学附属中学高三上学期期中,3,1
山东德州2026高二下期末,1,1
山东德州一模,6,1
山东德州乐陵,7,1
山东德州乐陵五年级,11,1
山东德州二模,7,1
山东德州市夏津县 25~26学年第2学期第2次练兵就练习英语试题,3,1
山东德州市夏津第一中学2025-2026,1,1
山东德州市夏津第一中学2025-2026高一英语,3,1
山东德州市陵城区第一中学,10,1
山东德州新初一入学考试,2,1
山东政治,2,1
山东政治真题,1,1
山东数学奥赛,1,1
山东新高一英语期中考试真题,1,1
山东新高一语文期中考试真题,2,1
山东新高考2024年3月联合测评,3,1
山东日照八年级上册数学第一单元三角形试卷,1,1
山东日照八年级上册数学第一单元试卷,1,1
山东日照八年级上册第一单元试卷,1,1
山东日照模拟,1,1
山东日照生物,1,1
山东日照高3上学期开学考试,15,1
山东日照高三,1,1
山东日照高三数学,2,1
山东春季高考,5,1
山东春考数学,1,1
山东春考物流服务与管理的试卷,1,1
山东春考英语,1,1
山东春考高考题,1,1
山东期末2026,1,1
山东期末2026高三,4,1
山东期末2026高三数学,4,1
山东泰安市2025-2026学年高一年级第二学期期末考试数学试题（解析版）,1,1
山东泰安高一下学期期中,11,1
山东济南,2,1
山东济南2025,3,1
山东济南2025二模,4,1
山东济南2025二模化学,4,1
山东济南2026届开学考,4,1
山东济南七年级上历史期中测试卷,3,1
山东济南三模,12,1
山东济南八上期中物理,4,1
山东济南八年级上学期阶段检测,1,1
山东济南八年级物理上期中测试卷,1,1
山东济南市2025-2026学年高一下学期7月期末学情检测数学试题,12,1
山东济南育英中学八年级上学期阶段检测,8,1
山东济南高一期末下学期,4,1
山东济南高一期末下学期24-25,7,1
山东济南高一英语上学期月考,6,1
山东济南高一英语上学期月考含听力,5,1
山东济南高三化学上学期10月月考,5,1
山东济南高三开学考,2,1
山东济南高三物理上学期10月月考名校联盟,2,1
山东济南高三语文,16,1
山东济南高二英语上学期月考含听力,2,1
山东济宁2025-2026中考英语真题含听力,1,1
山东济宁中考真题英语含听力,1,1
山东济宁中考英语真题含听力,2,1
山东济宁五四制七年级上册期中试卷数学,3,1
山东济宁五四制六年级下册期末试卷历史,1,1
山东济宁任城期末,10,1
山东济宁市2025-2026学年高二下学期7月期末英语试题,3,1
山东济宁曲阜,11,1
山东济宁曲阜期中,3,1
山东济宁期中,1,1
山东济宁梁山县2026高一上册月考语文,4,1
山东济宁泗水中考真题,1,1
山东济宁泗水中考真题英语,2,1
山东济宁泗水中考真题英语含听力,1,1
山东淄博2026期中,10,1
山东淄博九年级上册期中物理真题,1,1
山东淄博八年级下册期末数学真题,1,1
山东淄博周村第三中学,2,1
山东淄博四中高一上学期期中数学,1,1
山东淄博实验中学,1,1
山东淄博实验中学 2025~2026 学年高一下学期 7 月期末,1,1
山东淄博实验中学2024~2025高一上学期期中,6,1
山东淄博实验中学2025 2026学年第二学期高一教学质量检测,9,1
山东淄博实验中学2025-2026学年度第二学期高一教学质量检测英,11,1
山东淄博实验中学2025-2026学年度第二学期高一教学质量检测英语,4,1
山东淄博实验中学2025-2026学年第二学期高一教学质量检测,16,1
山东淄博实验中学2025到2029学年度第二学期高一教学质量检测英语,9,1
山东淄博实验中学2026期中,1,1
山东淄博实验中学2026期中高一上,2,1
山东淄博市四中高一上学期期中数学,1,1
山东淄博第三中学,1,1
山东淄博高三语文,6,1
山东滨州,2,1
山东滨州期中,1,1
山东滨州期末,2,1
山东潍坊 0 2026高三 三模,1,1
山东潍坊一模,2,1
山东潍坊市2025-2026学年高一上学期学业质量监测数学试题,6,1
山东潍坊昌邑2025-2026高三上学期期中数学,1,1
山东潍坊昌邑2025-2026高二下学期期末数学,9,1
山东潍坊期末,4,1
山东潍坊期末物理,4,1
山东潍坊期末高一下,7,1
山东潍坊期末高一下物理7月末,1,1
山东潍坊英语,1,1
山东潍坊高一下学期期末,3,1
山东烟台,2,1
山东烟台2025 2026高二期末答案,4,1
山东烟台2026高三一模英语,1,1
山东烟台2026高三二模,2,1
山东烟台八年级物理上期中测试卷,1,1
山东烟台初一,4,1
山东烟台市2025年到2026年第二学期自主训练数学试卷,3,1
山东烟台高一上数学,12,1
山东烟台高一期末语文试卷,3,1
山东物理压强,10,1
山东物理高一期末,1,1
山东物理高考,1,1
山东生物遗传,3,1
山东百强校,1,1
山东省,9,1
山东省 0 2026初三中考历史,1,1
山东省 0 2026初三中考英语,7,1
山东省 潍坊2026初三中考英语,2,1
山东省20226年合格考,9,1
山东省2025~2026学年下学期高一教学质量检测物理试题,1,1
山东省2025年数学中考,4,1
山东省2025－2026下学期初三期末化学试题,2,1
山东省2026中考原题,1,1
山东省2026中考真题,1,1
山东省2026中考真题泰安英语答案,1,1
山东省2026四年级下期末考试卷,5,1
山东省2026年初中学业水平考试,2,1
山东省2026年初中学业水平考试小中考,13,1
山东省2026年合格考试,1,1
山东省2026年普通高中学业水平4月调研,1,1
山东省2026年普通高中学业水平合格考模拟试题物理,2,1
山东省2026年普通高等学校招生考试政治,1,1
山东省26年中考,3,1
山东省专题零四探索世界与把握规律政治高一,1,1
山东省东营市东营区四年级下册学期期末,4,1
山东省东营市实验中学2024～2025学年六年级上册期中考试数学试卷,1,1
山东省东营市实验中学2025~2026学年六年级上册期中考试数学试卷,1,1
山东省东营市实验中学2025一2026学年七年级上学期期中考试历史试卷,2,1
山东省东营市实验中学2025一2026学年七年级上学期期中考试地理试卷,2,1
山东省东营市实验中学2025一2026学年七年级上学期期中考试生物试卷,3,1
山东省东营市实验中学2025一2026学年七年级上学期期中考试英语试卷,2,1
山东省东营市实验中学2025一2026学年七年级上学期期中考试语文试卷,2,1
山东省东营市实验中学2025一2026学年八年级上学期期中考试英语试卷,4,1
山东省东营市胜利一中2025一2026学年七年级上学期期中考试数学试卷,6,1
山东省东营市胜利中学2025一2026学年七年级上学期期中考试数学试卷,1,1
山东省东营市英华园,1,1
山东省中考英语,2,1
山东省中考试卷,4,1
山东省临忻一中2027届高考,4,1
山东省临沂市2026届高三二模卷,1,1
山东省临沂市一中北校区2026年强基考试题,1,1
山东省临沂市八年级上学期期末2024-2025数学,7,1
山东省临沂市兰山区,6,1
山东省临沂市兰山区2025初三三模,2,1
山东省临沂市兰山区期中数学,4,1
山东省临沂市兰陵县,13,1
山东省临沂市沂南县,1,1
山东省临沂市沂水县,10,1
山东省临沂市沂水县高二下期末考试,2,1
山东省临沂市河东区,7,1
山东省临沂市第一中学高一月考,5,1
山东省临沂市罗庄七年级下学期期末2024-2025数学,1,1
山东省临沂市罗庄八年级上学期期末2024-2025数学,10,1
山东省临沂市莒南县,1,1
山东省临沂市郯城县,8,1
山东省临沂市高一地理上学期期末,1,1
山东省临沂市高一地理下学期期末,4,1
山东省临沂第一中学2027届高考适应性,1,1
山东省乐陵市七年级下册数学期末考试卷,4,1
山东省初中自主招生化学试题,5,1
山东省初中自主招生考试英语试题,6,1
山东省化学模拟题,3,1
山东省北镇中学高二,8,1
山东省卓越计划,5,1
山东省卓越计划2027届新高三选拔考试数学试题,4,1
山东省合格考真题2026,5,1
山东省合格考真题思想政治,1,1
山东省名校考试联盟高三上学期9月开学摸底考试,5,1
山东省名校联盟2024-2025学年高一下学期期中考试英语听力,1,1
山东省名校联盟高二,4,1
山东省四年级滨州市博兴县英语期末考试,1,1
山东省威海市,2,1
山东省威海市九年级,3,1
山东省威海市文登区第二中学,4,1
山东省威海市第二中学期中考试,3,1
山东省威海市高技术产业开发区第一中学,3,1
山东省实验中学 0 2026考前模拟预测,3,1
山东省实验中学 2025 高一 入学考,1,1
山东省实验中学2025 2026开学考试,1,1
山东省实验中学2025-2026,1,1
山东省实验中学2026届高考考前模拟测试英语,1,1
山东省实验中学2026高一上必修一历史期中考试,4,1
山东省实验中学2027届高三暑假学习质量检测,5,1
山东省实验中学6月高一,1,1
山东省实验中学8月开学测,4,1
山东省实验中学8月高三开学测,3,1
山东省实验中学一诊,4,1
山东省实验中学入学考试,2,1
山东省实验中学开学考,6,1
山东省实验中学科学营,4,1
山东省实验中学第一中学2025-2026学年高一上学期第一次阶段测试数学试题,2,1
山东省实验中学自主招生。,3,1
山东省实验中学营,7,1
山东省实验中学高三,2,1
山东省实验中学高三1月联考,4,1
山东省实验中学高三上,3,1
山东省实验中学高三上学期8月开学测,11,1
山东省实验中学高二,1,1
山东省实验中学高二上10月月考,2,1
山东省实验中学高二上10月第一次测试,2,1
山东省实验中学高二上学期数学,1,1
山东省实验中学高二上学期物理,1,1
山东省实验中学高二上学期物理期中,1,1
山东省实验中学高二上月考,4,1
山东省实验中学高二上期中数学,8,1
山东省实验中学高二上第一次测试,6,1
山东省实验中学高二开学测,2,1
山东省实验高一上学期数学,11,1
山东省实验高三,1,1
山东省实验高二上学期,3,1
山东省实验高二上数学,7,1
山东省平度,2,1
山东省庆云县八下英语期中试卷答案,12,1
山东省德州一中,1,1
山东省德州市,1,1
山东省德州市2025-2026高一下学期期末,1,1
山东省德州市2026年英语期中考试,1,1
山东省德州市2026年英语期末考试,2,1
山东省德州市2026年高二期末,1,1
山东省德州市夏津县2025至2026学年第二学期期末学习成果阶段展示七年级英语试题,4,1
山东省德州市庆云县英语必修一单词,8,1
山东省德州市禹城市,14,1
山东省德州市第一中学2025 2026高一下学期期末数学,1,1
山东省德州市第一中学2025-2026高一下学期期末,1,1
山东省德州市第一中学2025-2026高一下学期期末数学,2,1
山东省德州市第一中学2025-2026高一期末数学,2,1
山东省德州市第一中学高二10月月考物理试题,1,1
山东省德州高二上月考,1,1
山东省押题卷2026数学,2,1
山东省数学学业水平合格考试,8,1
山东省日照实验高级中学,3,1
山东省日照市2024到2025高三上学9月教育联合考试英语试题,7,1
山东省日照市2024到202高三上学期期中考试教育联合考试英语试题,4,1
山东省日照市2025-2026七年级下册英语期中考试,3,1
山东省日照市2025-2026七年级下册英语试卷,1,1
山东省日照市2025-2026年七年级下册数学期末考试,2,1
山东省日照市2025-2026年七年级下册英语下末考试,8,1
山东省日照市2025-2026年七年级下册英语期末考试,2,1
山东省日照市2025-2026年七年级下册语文期末考试,1,1
山东省日照市2025-2026年八年级上册数学月考10月考试,16,1
山东省日照市2025-2026年八年级上册数学期末考试,1,1
山东省日照市2025到2026高三上学9月教育联合考试英语试题,2,1
山东省日照市2025到2026高三上学期开学考试地,8,1
山东省日照市2025到2026高二下学期期末校际联合考试英,9,1
山东省日照市2025年期末语文高一下期末,1,1
山东省日照市莒县2025-2026期末考试题,1,1
山东省普通高等学校招生全国统一考试新课标一卷,2,1
山东省枣庄市 2025~2026 期末物理,3,1
山东省枣庄市20252026 学年下学期高一教学质量检测物理试卷,1,1
山东省枣庄市2025~2026学年下学期高一教学质量检测物理试题,2,1
山东省枣庄市9年级上学期期中试卷,6,1
山东省枣庄市市中区十五中东校2025-2026,2,1
山东省枣庄市滕州市2025-2026学年六年级下学期学业成果展评 语文 / 数学 / 英语,1,1
山东省枣庄市薛城区2024年高一上册期中考试数学试题,2,1
山东省枣庄市薛城区2025年高一上册期中考试数学试题,2,1
山东省枣庄市薛城区2025年高一上册期中考试试题,1,1
山东省枣庄市薛城区2025年高一上册期末语文试题,2,1
山东省枣庄市高二数学第一学期第一次月考,7,1
山东省模拟题,1,1
山东省泰安市一模试卷2026,1,1
山东省泰安市一模试卷2026英语,2,1
山东省泰安市东平县月考六年级明湖中学,2,1
山东省泰安市中考物理,1,1
山东省泰安市中考英语,4,1
山东省泰安市初三下化学,12,1
山东省泰安市初三下物理,3,1
山东省泰安市初三下物理单元检测题,4,1
山东省泰安市初三下物理月考,6,1
山东省泰安市化学,2,1
山东省泰安市宁阳县第四中学7年级上册。,5,1
山东省泰安市新泰市2025 2026六年级上学期期中检测,13,1
山东省泰安市新泰市2025至202六七年级上学期期中检测,3,1
山东省泰安市泰山区20242025历史七下,3,1
山东省泰安市泰山区政治期末七年级下册,1,1
山东省泰安市泰山区英语期末七年级下册,1,1
山东省泰山中学,2,1
山东省济五上数学期中2025,1,1
山东省济南市,5,1
山东省济南市2026届高三开学摸底,4,1
山东省济南市2026届高三第二次模拟考试英语,1,1
山东省济南市2026数学历下区期末卷九年级,3,1
山东省济南市2026高一期末考试,10,1
山东省济南市一年级小学生必背字认识背诵,2,1
山东省济南市天桥区2024-2025学年八年级上学期期中考试物理试题答案,7,1
山东省济南市实验中学高二上期中化学,3,1
山东省济南市省实验,3,1
山东省济南市莱芜区六上历史,5,1
山东省济南市莱芜区六上生物,5,1
山东省济南市莱芜区六上道德与法治,2,1
山东省济南市莱钢高级中学,12,1
山东省济南市高二秋季期末考试,2,1
山东省济南第三中学高二上学期月考,1,1
山东省济宁2025-2026五上期中数学,25,1
山东省济宁2025-2026四下期末数学,4,1
山东省济宁2025-2026四下期末科学,2,1
山东省济宁2025-2026四下期末英语,2,1
山东省济宁2025-2026四下期末语文,2,1
山东省济宁2025-2026四下期末道法,2,1
山东省济宁市,7,1
山东省济宁市2025年英语中考试题,2,1
山东省济宁市三年级数学试卷,3,1
山东省济宁市任城区三年级数学期末,3,1
山东省济宁市任城区三年级数学期末青岛版,1,1
山东省济宁市任城区青岛版三年级,1,1
山东省济宁市任城区青岛版三年级上册数学,2,1
山东省济宁市任城区青岛版三年级数学,3,1
山东省济宁市任城区青岛版四年级上册数学,9,1
山东省济宁市任城区青岛版四年级数学,7,1
山东省济宁市任城区青岛版四年级数学练习题,3,1
山东省济宁市八年级上册数学第一次月考,9,1
山东省济宁市泗水县2026八上期中考试,5,1
山东省济宁市邹城市2022-2023五上数学期中,4,1
山东省济宁市邹城市2025-2026五上期中数学,6,1
山东省济宁市邹城市五上数学期中,3,1
山东省济宁市高一下学期期末考试,2,1
山东省淄博市2025~2026年 高二上学期质量检测英语试题,4,1
山东省淄博市2025~2026年 高二质量检测英语试题,1,1
山东省淄博市博山中考,1,1
山东省淄博市博山区中考,1,1
山东省淄博市博山区小中考,4,1
山东省淄博市博山（五四制区中考,8,1
山东省淄博市张店2023-2024,2,1
山东省淄博市张店区青岛版五四制四年级上册期中考试数学卷子,6,1
山东省淄博市淄博实验中学高二上学期期中考试试卷2025,3,1
山东省淄博市淄川区七年级上册数学试卷期中,3,1
山东省淄博市淄川区七年级上册道德与法治试卷期中,2,1
山东省淄博市第四中学高一上学期期中数学,1,1
山东省淄博市高青县2026初三数学下学期期末数学试卷,1,1
山东省滨州市,5,1
山东省滨州市2026年十物高二下学期期末考试答案,19,1
山东省滨州市八年级,4,1
山东省滨州市博兴县八年级,1,1
山东省滨州市博兴县八年级上学期,3,1
山东省滨州市博兴县八年级上学期数学,3,1
山东省滨州市博兴县八年级上学期数学期中,2,1
山东省滨州市博兴县八年级上学期英语期中,1,1
山东省潍坊市2025-2026学年九年级上学期11月期中数学试题,3,1
山东省潍坊市临朐县三年级下册英语试卷,1,1
山东省潍坊市临朐县八下英语,3,1
山东省潍坊市临朐县高一下学期期末数学试卷,1,1
山东省潍坊市奎文县,7,1
山东省潍坊市安丘数学,1,1
山东省潍坊市寿光第一中学高一数学单元测,1,1
山东省潍坊市寿光第一中学高一生物月考,1,1
山东省潍坊市广文中学8下英语期末试卷,5,1
山东省潍坊市高一上学期期中考试数学,3,1
山东省潍坊市高一上学期期末考试历史,1,1
山东省潍坊市高一下学期期末数学试卷,1,1
山东省潍坊市高密市八下英语期末,1,1
山东省潍坊市高考模拟考试,2,1
山东省潍坊市高考模拟考试数学三月,1,1
山东省烟台南部（五四制）2024-2025学年九年级上学期期中考试物理试题,6,1
山东省烟台南部（五四制）2025-2026学年九年级上学期期中考试物理试题,1,1
山东省烟台市2024-2025高一下学期期末考试政治,1,1
山东省烟台市2025届高三三模数学试卷,5,1
山东省烟台市2026高一下学期期末考试语文,1,1
山东省烟台市某校2025-2026学年高三适应性测试英语试题,4,1
山东省烟台市海阳市2024~2025八年级下册数学期末,2,1
山东省烟台市海阳市2024~2025八年级下册物理期末,1,1
山东省烟台市海阳市2025~2026八年级下册数学期末,2,1
山东省烟台市牟平区2025～2026九年级上册期中物理,8,1
山东省烟台市芝罘区（五四制）2025-2026学年九年级上学期期中语文试题,10,1
山东省烟台市莱山区2025～2026九年级上册期中物理,1,1
山东省烟台市莱阳市九年级上朝中,6,1
山东省烟台市高一上学期化学期中考试题,11,1
山东省烟台市高二上学期化学期中,1,1
山东省烟台市高二下学期期中考试,5,1
山东省烟台市高二下学期期末,1,1
山东省生物模拟,17,1
山东省省实验中学,5,1
山东省聊城市2025 2026学年度高二下学期期末质量检测英语,11,1
山东省聊城市2026高二期末英语卷子,2,1
山东省聊城市2026高二期末英语卷子答案,1,1
山东省聊城市第一中学2025 2026,8,1
山东省荷泽市牡丹区,1,1
山东省莱西市2026高二下学期7月期末物理,1,1
山东省菏泽一中高一2025年月考试卷,1,1
山东省菏泽一中高一上学期2025年月考试卷,11,1
山东省菏泽市 2026 年中考英语真题,3,1
山东省菏泽市2025 2026高一上学期期中,1,1
山东省菏泽市一中系列25一26上学期高一上学期期中化学试题,2,1
山东省菏泽市七年级单元测试,3,1
山东省菏泽市七年级期中考试,3,1
山东省菏泽市九年级上册月考,18,1
山东省菏泽市八年级下册数学期末试卷,1,1
山东省菏泽市定陶区北关小学六年级下,3,1
山东省菏泽市定陶区北关小学四年级上,1,1
山东省菏泽市巨野县2025 2026年七年级下册道德与法治期中测试卷,3,1
山东省菏泽市巨野县2026中考试卷,3,1
山东省菏泽市巨野县七年级下学期期中数学2024-2025,8,1
山东省菏泽市成武县,1,1
山东省菏泽市成武县2026七年级期末考试真题,4,1
山东省菏泽市曹县,1,1
山东省菏泽市曹县2025-2026学年七年级下学期期末英语试题,4,1
山东省菏泽市曹县2025-2026学年下学期素质教育质量检测 八年级数学》,4,1
山东省菏泽市曹县2025-2026高一上学期期中考试英语试题,1,1
山东省菏泽市曹县2025-2026高一下学期期末英语试题,1,1
山东省菏泽市曹县初二,2,1
山东省菏泽市曹县初二数学,3,1
山东省菏泽市牡丹区2025年八下期末,5,1
山东省菏泽市牡丹区吴店中学,1,1
山东省菏泽市郓城县2025—2026学年度高二下学期期末语文试题答案,2,1
山东省菏泽市高二下学期期末物理2025年到2026年考试试题答案解解析,10,1
山东省菏泽市鲁西新区中考,2,1
山东省菏泽市鲁西新区，,1,1
山东省菏泽第一中学2025 2026学年高一上学期第一次阶月考数学试题,2,1
山东省菏泽第一中学2025-2026学年高一上学期第一次阶月考数学试题,6,1
山东省菏泽第一中学2025-2026学年高一上学期第一次阶段测试数学试题,2,1
山东省邹城市七年级上册数学单元卷,3,1
山东省邹城市六年级下册,1,1
山东省郓城县实验中学第一中学2025-2026学年高一上学期第一次阶段测试数学试题,2,1
山东省郓城第一中学2024-2025学年高一上学期第一次阶段测试数学试题,3,1
山东省郓城第一中学2025-2026学年高一上学期第一次阶段测试数学试题,19,1
山东省郓城第一中学2025-2026学年高一上学期第一次阶段测试物理试题,1,1
山东省鄄城一中,2,1
山东省鄄城一中第一次阶段性测试,1,1
山东省青岛二中高二上期中月考,1,1
山东省青岛二中高二上期中考,1,1
山东省青岛二中高二上第一次月考,5,1
山东省青岛市,1,1
山东省青岛市 2024 2025高二下期末考试,1,1
山东省青岛市2021-2022学年高三上学期,1,1
山东省青岛市2026届高三第一次适应性检测,1,1
山东省青岛市2026年高三年级初调研检测,3,1
山东省青岛市2026年高三年级期初调研检测政治,2,1
山东省青岛市2026高考,1,1
山东省青岛市北区市奎文县,6,1
山东省青岛市即墨区 六年级下册2025到2026期末质量检测,5,1
山东省青岛市即墨区2025高一选科英语测试,3,1
山东省青岛市城阳区2025-2026高一下期末数学试题,10,1
山东省青岛市城阳区2025-2026高一下期末生物试题,1,1
山东省青岛市城阳区2025-2026高一下期末语文试题,1,1
山东省青岛市城阳区城阳街道2025  2026学年度第二学期期末考试八年级数学试卷,6,1
山东省青岛市莱西市2024至2025学年度七年级上册期末考试试题,12,1
山东省青岛市莱西市2024至2025学年度六年级下册期末考试试题,1,1
山东省青岛市青岛二中高二上期中考,3,1
山东省青岛市高三上学期期初调研检测,7,1
山东省青岛市高三考试,14,1
山东省青岛市黄岛区2025 2026高三期末考试,6,1
山东省青岛第一中学,1,1
山东省青岛第一中学2025-2026数学,1,1
山东省青岛第一中学2025-2026数学高一第一学期月考,7,1
山东省青岛第二中学,2,1
山东省青岛莱西市2026高二下学期7月期末物理,2,1
山东省青岛高三期初模拟原卷,55,1
山东省预赛,8,1
山东省高一10月第一次阶段性测试,2,1
山东省高一下2026年期未卷,1,1
山东省高一下学期期末考试,1,1
山东省高一第一次阶段性测试,4,1
山东省高三,2,1
山东省高中物理竞赛预赛试卷,1,1
山东省高二上学期,1,1
山东省高二上学期10月月考,2,1
山东省高二上学期10月月考省实验,6,1
山东省高二上学期数学,4,1
山东省高二下学期日语期末试题，二五年二四年,1,1
山东省高考历史,1,1
山东省龙口第一中学,5,1
山东第一医科大学,1,1
山东统考2026中考化学真题,19,1
山东统考历史中考,1,1
山东统考历史中考2026,5,1
山东聊城,1,1
山东聊城五年级下册期末盈余试题,10,1
山东聊城六年级数学,3,1
山东聊城市2025_2026学年高一下学期7月期末地理试题,9,1
山东聊城新一中2025-2026第一次月考,2,1
山东聊城茌平七年级,12,1
山东聊城莘县,5,1
山东聊城高二上,4,1
山东聊城高二下期末,14,1
山东职高英语,1,1
山东胶州二模,1,1
山东英语,1,1
山东英语中考,1,1
山东英语试卷含听力,1,1
山东英语高频词汇,1,1
山东莱西市2025-2026八年级试题上学期物理期末,5,1
山东菏泽,1,1
山东菏泽一模,1,1
山东菏泽初二,1,1
山东菏泽初二上册,5,1
山东菏泽新高一上化学期中考试真题,1,1
山东菏泽新高一上数学期中考试真题,1,1
山东菏泽新高一上英语期中考试真题,1,1
山东菏泽新高一化学期中考试真题,1,1
山东菏泽新高一物理期中考试真题,1,1
山东菏泽曹县一中高一下期末化学试卷,4,1
山东菏泽曹县一中高一下期末数学试卷,1,1
山东菏泽曹县小升初2025-2026数学试题,5,1
山东菏泽曹县小升初真题,5,1
山东菏泽高2数学2025一2026期末下学期,1,1
山东菏泽高3化学2025一2026期中上学期,1,1
山东菏泽高3数学2025一2026期末下学期,1,1
山东菏泽高3物理2025一2026期中上学期,2,1
山东菏泽高一数学必修二7.1测试题,1,1
山东菏泽高三一模,3,1
山东菏泽高三一模英语,5,1
山东语文,5,1
山东语文2026一模,2,1
山东语文2026一模高中,1,1
山东语文2026模拟,3,1
山东语文2026模拟高考,1,1
山东近五年英语高考真题,6,1
山东金乡2026初中数学七年级下册期末试题,1,1
山东青岛,3,1
山东青岛2025二模化学,19,1
山东青岛二模,8,1
山东青岛市2025 2026年高一期末考,2,1
山东青岛市2025-2026年高一期末考,2,1
山东青岛李沧区2025－2026八年级下学期期末考试试题,5,1
山东青岛胶南,1,1
山东青岛西海岸新区,10,1
山东青岛高一月考,7,1
山东青岛高三政治试卷,1,1
山东高 一 0 上学期 人教版 必修一数学试卷一单元检测,1,1
山东高一上学期政治期末考试题,3,1
山东高一上学期期末数学,13,1
山东高一上学期阶段检测,3,1
山东高一上数学,3,1
山东高一期末语文试卷,1,1
山东高一物理期末,3,1
山东高一物理期末上学期,1,1
山东高一物理期末下学期,3,1
山东高一非谓语,3,1
山东高三一模历史试题,8,1
山东高三地理质检卷,2,1
山东高三开学考英语,1,1
山东高三政治试卷,1,1
山东高三数学,1,1
山东高三模拟,2,1
山东高三第一次月考,1,1
山东高三英语,3,1
山东高中历史2模试卷,8,1
山东高中历史一模试卷,7,1
山东高中历史论文题,2,1
山东高中地理一模试卷,2,1
山东高二上学期期中,3,1
山东高二上学期阶段检测,4,1
山东高二上月考数学,21,1
山东高二上期中,1,1
山东高二上期末数学,1,1
山东高二上第二次月考数学,1,1
山东高二下学期期末济南,2,1
山东高二合格考,2,1
山东高二期末,19,1
山东高考化学2026,5,1
山东高考历史,1,1
山东高考历史2026,1,1
山东高考政治真题,1,1
山东高考物理真题2026年,1,1
山东高考英语,2,1
山东高考试卷2026,1,1
山东高考质量测评联盟,2,1
山东鼎鑫书业有限公司,1,1
山东齐鲁名校高三第六次联考,7,1
山丹一中高一月考,1,1
山丹一中高一第一学期月考,5,1
山体效应大题,1,1
山体效应的综合题,6,1
山大附中 2025~2026 学年第二学期 5 月模块诊断，高二年级数学试题,1,1
山大附中 高一分班考,1,1
山大附中2025 2026学年第二学期5月模块诊断高二年级数学试题,3,1
山大附中2025—2026高二第一学期九月开学考,1,1
山大附中入学分班考,7,1
山大附中，高二下学期月考题,3,1
山大附物理高二期末,2,1
山大附高二期末,1,1
山宜小学,5,1
山师附中,3,1
山海关第一中学,3,1
山西 0226中考真题数学,4,1
山西 省适应真题数学,8,1
山西2026高三,4,1
山西2026高考全国二卷历史,3,1
山西2026高考真题,3,1
山西七下英语期末卷,1,1
山西七下英语期末卷2026,2,1
山西七年级上册英语期中试卷,15,1
山西七年级下学期阶段检测,1,1
山西七年级英语期中考试,1,1
山西专用,3,1
山西中考,1,1
山西中考数学,1,1
山西中考英语,1,1
山西九年级,4,1
山西九年级数学预习,2,1
山西五年级上册数学综合练习题,3,1
山西初二英语,2,1
山西吕梁孝义2023 2024年第二学期人年级上册物理期末,3,1
山西四年级下学期阶段检测,2,1
山西圆锥曲线专题,3,1
山西大同一中,6,1
山西大同二中七年级上册英语期中试卷,2,1
山西大同云冈区口泉中学,3,1
山西大同市七年级数学期末试卷,1,1
山西大学附中2025-2026学年第一学期高二（9月）开学考试,10,1
山西大学附属中学2024～2025高二第一学期开学考化学（9月））,3,1
山西大学附属中学2024～2025高二第一学期开学考（9月））,1,1
山西大学附属中学2025-2026高二第一学期九月开学考,1,1
山西大学附属中学五月,3,1
山西大学附属中学校 2025~2026 学年高二下学期 5 月阶段检测语文试题,3,1
山西大学附属中学校高一上学期物理期中,9,1
山西大学附属中学高二期末,8,1
山西太原2026高三模拟,2,1
山西太原八下试卷,10,1
山西太原八试卷,3,1
山西太原小 升初2025数学试卷,1,1
山西太原新希望七年级上册英语期中试卷,12,1
山西太原高三历史,4,1
山西太原高三英语,3,1
山西小 升初2025数学试卷,1,1
山西山大附,4,1
山西山大附中 高一上学期分班考,9,1
山西山大附中 高一分班考,1,1
山西山大附中高一2025-2026化学期末,1,1
山西山大附中高一上学期入学分班考,6,1
山西师范大学附属榆次学校,7,1
山西平遥一中2025年高一月考,1,1
山西平遥中学校2025年高一月考,2,1
山西平遥县2025年高一月考,1,1
山西怀仁市2021届高三上期末英语,5,1
山西晋泽,3,1
山西期末,5,1
山西柳林县五年级上册数学综合练习题,2,1
山西概率专题,22,1
山西概率大题,19,1
山西概率知识点,2,1
山西物理期末,2,1
山西省2026中考,3,1
山西省三晋联盟 高一上学期物理12月月考,3,1
山西省临汾市,5,1
山西省临汾市高一,1,1
山西省八上数学期未卷子,4,1
山西省八下数学期未卷子,1,1
山西省太原市18中分班考试题,3,1
山西省太原市18中高中分班考试题,1,1
山西省太原市2025~2026学年第一学期高三年级期中学业诊断英语试题,3,1
山西省太原市一上语文背诵闯关打卡,3,1
山西省实验中学高一入学分班考,6,1
山西省左权县思源实验学校,1,1
山西省平遥中学高一上物理月考,1,1
山西省忻州市2025至2026学年第二学期高一年级期末考试试卷。,1,1
山西省忻州市2025至2026学年第二学期高一年级期末考试试卷英语听力。,4,1
山西省晋中市2026年高一语文课本,1,1
山西省晋城市第一中学校,10,1
山西省朔州市应县,7,1
山西省物理高考卷,7,1
山西省第1次月考,2,1
山西省高一上第1次月考数学,2,1
山西省高一第1次月考数学,2,1
山西职教高考,1,1
山西阶段检测,13,1
山西高一上学期期末,1,1
山西高一下学期期末,8,1
山西高中入学分班考,1,1
山西高考真题,1,1
山西高考真题化学,7,1
山阳县,9,1
岐山,6,1
岑溪中学,2,1
岑豆豆,1,1
岗山一中,3,1
岚华,1,1
岚华英语,12,1
岚山区第一中学,3,1
岩峰中学,1,1
岩石圈的组成及物质循环,2,1
岫岩重点高中,8,1
岳池中学,2,1
岳阳,9,1
岳阳七下期末十九中,2,1
岳阳七下期末数学,2,1
岳阳县二中,21,1
岳阳市 第十五中学分班考试,2,1
岳阳市2025到2026学年第二学期小学期末学业质量评估卷六年级数学学科答案,9,1
岳阳市一中入学考,1,1
岳阳市一中高一入学考,2,1
岳阳市一中高一月考,3,1
岳阳市一中高一期中,1,1
岳阳市华容县2026年三年级,1,1
岳阳市第一中学分班考试,1,1
岳阳市第十八中学八上入学考,2,1
岳阳市高一上学期期中数学,1,1
岳阳市高三模拟卷化学,2,1
岳阳市高三模拟卷数学,2,1
岳阳市高三模拟卷物理,3,1
岳阳市高三模拟卷生物,2,1
岳阳楼区物理期中,2,1
岳阳楼记 025理解性默写,2,1
岳阳楼记 对比阅读,1,1
岳阳楼记2026,1,1
岳阳楼记注释,1,1
岳阳楼记题,3,1
岳阳楼记默写单,3,1
岳阳模拟,10,1
岳阳答案,1,1
岳麓区2026年八下数学试卷,8,1
峄城东方国际,19,1
峨眉二中,2,1
崂山2024年初一下数学,1,1
崂山2024年初二上数学,1,1
崂山一模模 2026,3,1
崂山区数学期末,2,1
崇文阁,4,1
崇明 八上 期中 整理,1,1
崇明 八上 期中 真题,1,1
崇明 八上 期中 真题 数学,1,1
崇礼,5,1
嵌套函数零点问题,1,1
嵩县一高分班考,1,1
嵩县一高分班考高一,2,1
嵩县七下考试分数,2,1
川云贵藏2024    2025  2026  年普通高等学校招生全国统一考试,1,1
川大附中,3,1
州统考,2,1
巢湖七中,3,1
巢湖市高一英语试卷,1,1
工业上用化学法除锅炉水垢，先向锅炉中注入饱和\boldsymbol{Na_2CO_3}溶液浸泡，将水垢中的\boldsymbol{CaSO_4}转化为\boldsymbol{CaCO_3}，已知：\boldsymbol{K_{sp}(CaCO_3)=1×10^{-10}}，\boldsymbol{K_{sp}(CaSO_4)=9×10^{-6}}，下列说法错误的是,2,1
工大附中,1,1
工大附中高一期中,1,1
工程问题 6年级,4,1
工艺 2025一轮复习思路,1,1
工艺流程图题,1,1
工艺流程大题,5,1
工艺流程大题训练,5,1
工附,3,1
巨野县2026中考试卷,1,1
巨野县四年级上册期末考试,4,1
巨野县学练优8年级上册,2,1
巨野县第一中学,1,1
巨野县第二中学,2,1
巫山中学,3,1
差不变原理六年级上册,7,1
已为你找到“小说篱下2022年东北三省四城市联考暨沈阳市高三质量监测（二）语文”的相关资源： <slot type=\"aladdin\" id=\"1\"></slot>,3,1
已知∠1=∠2，∠B=∠C，求证AB∥CD，即可下载带图原题。,1,1
已知函数零点，求参数范围,2,1
已知条件推导二次函数系数比值范围,1,1
巴中,1,1
巴中2025年中考数学,1,1
巴中2026中考,3,1
巴中市,8,1
巴中市2025年中考卷,1,1
巴中市2025年中考卷语文,1,1
巴中市2025年八年级期末考试,2,1
巴中市2026年中考卷,1,1
巴中市2026年中考语文,1,1
巴中市普通高中2022级“二诊”考试历史试题,4,1
巴中市高一下学期期末英语,3,1
巴中恩阳高一起数学,2,1
巴中恩阳高一起数学月考,1,1
巴中恩阳高一起数学月考9月,4,1
巴中恩阳高一起数学期中,5,1
巴中期末2026语文,2,1
巴中期末2026语文七下,5,1
巴南区2025-2026半期,3,1
巴南区2025-2026期末,1,1
巴南育才,11,1
巴属,1,1
巴川,2,1
巴川系,1,1
巴州,2,1
巴州二中,3,1
巴彦县兴隆中学,3,1
巴彦县第三高级中学,4,1
巴彦淖尔市2026年期末下高二,1,1
巴彦淖尔市中考语文,8,1
巴林云旗2023-2024数学八年级上册期末卷子，,14,1
巴林左旗,2,1
巴蜀七上期中卷,2,1
巴蜀三模,1,1
巴蜀中学 重庆,2,1
巴蜀中学2026,22,1
巴蜀中学2026届高考适应性月考卷,1,1
巴蜀中学2026高一下期末生物,1,1
巴蜀中学九上月考,5,1
巴蜀中学九年级数学月考卷,1,1
巴蜀中学八上,1,1
巴蜀中学八上全等,1,1
巴蜀中学八上全等三角形网络画板,1,1
巴蜀中学八年级下册期末数学试卷,1,1
巴蜀中学初中,1,1
巴蜀中学数学,6,1
巴蜀中学数学八上期末,7,1
巴蜀中学晨读手册,2,1
巴蜀中学暑假,2,1
巴蜀中学暑假作业,5,1
巴蜀中学高三上,24,1
巴蜀中学高三卫冕卷,1,1
巴蜀中学高二上生物,3,1
巴蜀中学高二上生物开学考试,2,1
巴蜀中学高二下期末,1,1
巴蜀九上化学,2,1
巴蜀九上数学,3,1
巴蜀九上物理,2,1
巴蜀九上英语,1,1
巴蜀九年级上化学期中,1,1
巴蜀九年级化学,1,1
巴蜀八上开学考,2,1
巴蜀八上数学,4,1
巴蜀八上期末数学,1,1
巴蜀八上英语期末,3,1
巴蜀八下开学考,7,1
巴蜀八下期末重庆,5,1
巴蜀初三上,19,1
巴蜀化学,5,1
巴蜀周测,2,1
巴蜀开学考,2,1
巴蜀智库,1,1
巴蜀签约试题,1,1
巴蜀高一期末考英语,1,1
巴蜀高一英语,2,1
巴蜀高二上入学生物,1,1
巴蜀高二上生物,8,1
巴蜀高二下生物,1,1
巴西的自然环境,2,1
市一检,6,1
市一模,1,1
市一模鞍山,1,1
市一模鞍山一中高三,1,1
市一模鞍山高三,2,1
市中,4,1
市中区,6,1
市中区八上数学,1,1
市中区八上数学期中,10,1
市中区八上物,1,1
市中区八上物理期中,9,1
市中区物理期末卷子,2,1
市五所,4,1
市北中学,4,1
市北初级中学北校2025-2026,1,1
市南区,6,1
市合肥高三第一次教学质量检测,1,1
市教育局,1,1
市直属,1,1
市统测,9,1
市西分班考,3,1
帅大附中,1,1
师专附中,2,1
师大 期末,1,1
师大二附,1,1
师大附中026高一,1,1
师大附中2024-2025高二下期末考卷生物试题,1,1
师大附中2025至2026学年度上学期高二期末考试英语试卷,1,1
师大附中7年级上期末试卷,1,1
师大附中七年级期末试卷,1,1
师大附中九上月考,1,1
师大附中八下期末,1,1
师大附中八下期末福州,1,1
师大附中卷子,4,1
师大附中吉林,3,1
师大附中开学,8,1
师大附中月考三,4,1
师大附中月考十,1,1
师大附中期末,1,1
师大附中期末化学,1,1
师大附中长春,1,1
师大附中高一下期末,1,1
师大附中高一期末物理,2,1
师大附中高三,1,1
师大附中高二期末英语,1,1
师范高中,1,1
师说 复习,1,1
师说 课件,5,1
师说2027一轮复习高中全程复习构想单词标带音标,7,1
师说试吧,9,1
希望杯2026,1,1
希望杯七年级,2,1
希望杯四年级,1,1
希望杯（IHC）五年级真题+培训题,2,1
希望杯（IHC）五年级真题+培训题数学,1,1
希沃白板,3,1
带电体在电场中的运动题型,2,1
带电小球、滑块在匀强电场与重力场复合场 计算题专项训练 PDF,3,1
带电物体在匀强电场中的运动,10,1
带电物体在匀强电场中的运动题目,1,1
带电物体在影响电脑中的运动,1,1
带电粒子圆周运动,4,1
带电粒子在匀强磁场中的运动 旋转圆 缩放圆 平移圆 微专题讲义,7,1
带电粒子在电场中的偏转,4,1
带电粒子在电场中的相遇问题,4,1
带电粒子在电场中的运动 导学案,1,1
带电粒子在电场中的运动轨迹,1,1
帮我找到川沙中学2022学年第一学期高二数学期中考试卷,1,1
帮我找厦门第一中学2022年高一化学入学考试,1,1
帮我找厦门第一中学2023年高一化学入学考试,2,1
帮我找厦门第一中学2024年高一化学入学考试,1,1
帮我找厦门第一中学2025年高一入学考试,13,1
帮我整理2025年，厦门第一中学高一新生入学考试,1,1
帮我来一个气象,1,1
帮课堂,5,1
常军利,1,1
常宁,15,1
常宁合江,7,1
常宁市八年级下册期末考试,12,1
常宁市培元中学,9,1
常州  二模  2024,6,1
常州2025-2026,1,1
常州2025-2026七年级上数学,5,1
常州2026中考,2,1
常州2026数学,2,1
常州2026高二上数学月考,2,1
常州中职联考试卷,1,1
常州八上物理,3,1
常州八上语文月考,4,1
常州八上语文期中,1,1
常州八上语文期中末,1,1
常州八上语文期末,3,1
常州八下数学期末,1,1
常州北郊高一下化学期末,2,1
常州市2024一2025学年第二学期高二期末质量调研,1,1
常州市2024一2025学年第二学期高二期末质量调研英语听力,1,1
常州市2024一2025学年第二学期高二期末质量调研英语听力音频,7,1
常州市一中,1,1
常州市三年级上学期语文,3,1
常州市三年级英语,1,1
常州市中考语文试卷,4,1
常州市北郊高级中学,2,1
常州市外国语,4,1
常州市外国语学校数学九年级下,3,1
常州市清潭中学,3,1
常州市金坛中学,1,1
常州市金坛市金沙高级中学,1,1
常州市金坛市高三,4,1
常州市高考语文试卷,1,1
常州教科院附属高级中学,1,1
常州溧阳六年级下册期末数学2026,2,1
常州溧阳六年级下册期末英语2026,1,1
常州高一上期中数学试卷,4,1
常州高一期中,1,1
常州高一期中数学试卷,1,1
常州高三期末,9,1
常州高二上月考物理,4,1
常州高级中学2025-2026高一下学期6月期末质量检查数学,2,1
常州高级中学生物,1,1
常平中学,5,1
常德,12,1
常德一中卷子,1,1
常德市2026上学期高三起点考,1,1
常德市2026高三起点考,1,1
常德市武陵区七年级下册期末卷,1,1
常德市武陵区七年级下册期末历史,1,1
常德市鼎城区江南中学,2,1
常德桃源,1,1
常德桃源物理期中考试,1,1
常德桃源高一上,2,1
常德石门高一上,1,1
常德芷兰实验七下期末生物,1,1
常清中学,1,1
常熟市中高一上数学月考,1,1
常熟市高一数学开学考,4,1
常熟期末试卷,1,1
常熟期末试卷六年级,7,1
常熟浒浦高一数学月考,2,1
常熟高一数学月考,4,1
常见仪器读数,2,1
常见物质化学式,1,1
常见物质的化学式默写,1,1
常见的碱中和反应,7,1
幂的运算,2,1
幂的运算基础题,2,1
平冈中学,5,1
平凉一中,1,1
平凉市崆峒区2022－2023年六年级学业质量监测试卷,3,1
平凉市第四中学,4,1
平凉市静宁八年级上期末,7,1
平凉静宁,12,1
平凉静宁五年级下数学,4,1
平凉静宁五年级期末下数学,5,1
平凉静宁五年级期末下英语,1,1
平凡的世界,1,1
平凡的世界，好书推荐,1,1
平分线分线段成比例,3,1
平利县中学,2,1
平利县经开实验初级中学,4,1
平南县,12,1
平口单峰,1,1
平均不等式,4,1
平均数与方差,2,1
平山县,19,1
平庄,1,1
平度一中,4,1
平度九中,8,1
平度华侨中学,1,1
平度实验高级中学,1,1
平度市第九中学,2,1
平度开发区高中,1,1
平度高二期末考试答案2026,2,1
平形四边形证明题专练,6,1
平形线,1,1
平房区,25,1
平抛压轴题,1,1
平抛压轴题物理,2,1
平抛压轴题物理高考,5,1
平抛运动10大题型专题训练,3,1
平抛运动临界,3,1
平方公式,2,1
平方差,5,1
平方差完全平方十字相乘,5,1
平方根 01专题华东师大,6,1
平方根和立方根,4,1
平方根立方根,1,1
平方根立方根习题,3,1
平果市7年级下册,1,1
平果市八年级下册,1,1
平桥区四年级试卷,3,1
平江2026八下期末,1,1
平江县,8,1
平江县2026中考,1,1
平江县2026九年级,7,1
平江县2026九年级中考,1,1
平江县2026八下期末,1,1
平江县2026初三中考,1,1
平江县2026年,3,1
平江县2026年上学期教学质量监测,1,1
平江县2026年上学期教学质量监测高一生物,2,1
平江县颐华初中,6,1
平湖市东湖中学初一分班考,7,1
平湖市城关中学七年级新生分班考试,7,1
平潭一中,4,1
平潭一中英语,7,1
平潭一中英语月考,3,1
平移,1,1
平移与旋转压轴题,2,1
平罗中学,1,1
平舆县高一上学期数学期中试卷,5,1
平舆县高一上学期期中试卷,1,1
平行,1,1
平行四边形 专题复习,4,1
平行四边形 对角线 专题,1,1
平行四边形 对角线 面积 专题 八下,1,1
平行四边形八年级专题,11,1
平行四边形判定,6,1
平行四边形判定习题,5,1
平行四边形压轴题专项训练,1,1
平行四边形对角线模型专项,1,1
平行四边形对角线模型专项八下,1,1
平行四边形性质与判定定理的选择与填空题,3,1
平行四边形证明,5,1
平行板电容器,5,1
平行板电容器的动态分析,2,1
平行线相交线,5,1
平衡,1,1
平谷区2026年七年级下学期期末数学试卷答案,2,1
平遥,1,1
平遥一中,2,1
平遥县2025~2026期末考试,10,1
平邑县,14,1
平阴,5,1
平阴区物理八下期末试卷,1,1
平阴区语文二模,2,1
平面 向量单元测试,20,1
平面1向量,5,1
平面几何八大模型,3,1
平面几何竞赛,2,1
平面向量 0 一轮复习专题人教版,1,1
平面向量一轮复习,1,1
平面向量一轮复习2027 备考专题数学,3,1
平面向量专题提升,1,1
平面向量单元测试,2,1
平面向量及其应用,2,1
平面向量四心,3,1
平面向量培优,1,1
平面向量基本定理,5,1
平面向量拔高题,3,1
平面向量求模长,1,1
平面向量综合,1,1
平面向量讲义,4,1
平面图形的认识,1,1
平面直角坐标系公式,2,1
平面直角坐标系单元卷,4,1
平面直角坐标系教案沪科版,4,1
平面解析几何,7,1
平面解析几何初步难题,4,1
平面镜成像作图,7,1
平面镜成像作图练习题,1,1
平面镜成像实验,1,1
平面镜成像练习题,2,1
平顶山一中期末,7,1
平顶山市2026年中招学科第二次模拟考试,2,1
平顶山市一中,8,1
平顶山市一中周练,4,1
平顶山期末,10,1
年北师大版八年级数学上册第三章位置与坐标单元练习,1,1
年月日,3,1
年级上册的书,1,1
年级下册北师版数学每日一练小纸条”,4,1
年级数学二次根式专项练习,7,1
年级期末数学试卷,2,1
年龄问题,2,1
并列句,13,1
并联串联,2,1
并联电路,2,1
幸福中学九年级期中数学,1,1
幻和,1,1
幻方,6,1
幻方幻和,1,1
幼儿园10以内加减法练习,2,1
幼升小,2,1
幼升小 21天好习惯养成 挑战书 打卡表 任务清单 教师建议 学科网,1,1
幼升小数学,1,1
幼升小衔接,1,1
幼升小衔接试卷,1,1
幼升小语文,3,1
幼小衔接试题,12,1
幼小衔接语文每日一练,1,1
幽默橙,3,1
广 东 0226初三中考,1,1
广 东 省 普通高等学校招生全国统一考试模拟,1,1
广 州,18,1
广 州 2 0 2 6 一模数学,1,1
广 州 2026一模数学,1,1
广 西 2 0 2 6中考,1,1
广 西 2 0 2 6届 第一次模拟考试,1,1
广东 2026 英语,2,1
广东 一模 2026,4,1
广东 电白一模 2026,1,1
广东 电白一高三一模 2026,2,1
广东 电白一高三模 2026,1,1
广东 茂名一模 2026,3,1
广东 道法,2,1
广东2025,1,1
广东2025数学春季高考,7,1
广东2026中考,7,1
广东2026中考真题,3,1
广东2026南海,1,1
广东2026届江门,5,1
广东2026届高三一模,3,1
广东2026届高考,1,1
广东2026数学高考,1,1
广东2026春考,3,1
广东2026高考化学各地市模拟卷汇总,1,1
广东3+证书历年真题,1,1
广东CGMO,2,1
广东一模 2026 英语,2,1
广东一模数学试卷,7,1
广东一轮物理复习,2,1
广东七年级上学期阶段检测,1,1
广东七年级下学期期中,1,1
广东七年级语文,7,1
广东三年级上学期阶段检测,3,1
广东专用数学,2,1
广东东莞九年级上册电阻电压单元卷,1,1
广东中山市,8,1
广东中考1200核心词,1,1
广东中考1200核心词24天分天背诵默写表,3,1
广东中考2026,3,1
广东中考一模完形填空汇总,1,1
广东中考一模英语完形填空汇总,3,1
广东中考九年级二次函数压轴题,2,1
广东中考地理,2,1
广东中考数学,3,1
广东中考数学真题,1,1
广东中考真题,3,1
广东中考真题2025,4,1
广东中考英语,1,1
广东中考语文,1,1
广东二年级下学期期末,1,1
广东二年级下学期期末英语,1,1
广东二模2026,3,1
广东二模物理,5,1
广东云浮新兴县,1,1
广东佛山市南海区2025 2026学年第二学期期末八年级,14,1
广东佛山市第一中学2026年高三一模检测数学试题,1,1
广东佛山石门中学高一上学期化学月考,1,1
广东佛山高一上学期化学月考,1,1
广东八年级上学期阶段检测,30,1
广东八年级上期末考试,4,1
广东八年级上期末考试广州,12,1
广东六校联考化学,5,1
广东六校联考物理,1,1
广东初三开学考,1,1
广东初三开学考九上,2,1
广东化学高二选择性必修1单元测试题。,1,1
广东北江中学,3,1
广东升学模考,4,1
广东华侨,7,1
广东华南,1,1
广东南海七年级,1,1
广东南海七年级数学,44,1
广东南海华附,1,1
广东卷地理,4,1
广东卷政治,1,1
广东合格考,1,1
广东名校2026期末,1,1
广东名校2026期末历史,1,1
广东名校高二2026期末历史,2,1
广东四校联考 华附 省实 广雅 深中2025,2,1
广东学业水平合格性考试春考英语,1,1
广东学业水平考近5年真题,3,1
广东学考2026,3,1
广东实验中学高一上期末物理真题,2,1
广东实验中学高一上物理真题,15,1
广东广州,1,1
广东广州五年级,2,1
广东广州六年级,1,1
广东广州增城,2,1
广东广州市2026届高三下学期综合测试（一）语文试题,3,1
广东广州市第一中学2026初三毕业班适应性训练英语,1,1
广东广州市第二中学,4,1
广东广雅,2,1
广东应用文,2,1
广东必背语文,10,1
广东惠州高一下学期试卷,7,1
广东揭东第二中学开学考,2,1
广东揭阳,5,1
广东揭阳2026高二,1,1
广东揭阳2026高二数学,1,1
广东揭阳2026高二英语,4,1
广东揭阳市2025 2026学年下学期高二期末考试英语,1,1
广东揭阳市2025 2026学年下学期高初期中考试语文,1,1
广东揭阳市2025 2026学年八年级下学期期中考试语文,11,1
广东数学中考,1,1
广东日语,5,1
广东日语听力,31,1
广东春季高考语文,1,1
广东春考真题,7,1
广东期末2026高三,9,1
广东期末高二下册,1,1
广东梅州东中试卷,3,1
广东梅州中考,1,1
广东梅州兴宁,4,1
广东梅州市兴宁市永和中学,9,1
广东梅州期末,2,1
广东梅州高二下学期期末英语2026,4,1
广东汕头七年级上册期末试卷历史2026,12,1
广东汕头七年级上册期末试卷英语2026,6,1
广东汕头华侨中学,2,1
广东汕头市,1,1
广东汕头潮阳初中九年级月考英语,1,1
广东汕头金中海湾,1,1
广东汕尾市七下期末试卷,6,1
广东江门,5,1
广东江门2026八下数学,1,1
广东江门台山,1,1
广东河源高一联考,10,1
广东深圳,33,1
广东深圳市宝安区,2,1
广东深圳市高级中学2025-2026学年高二下学期7月期末物理试题,3,1
广东深圳市龙华区中小学2025 2026,1,1
广东深圳市龙华区日语,4,1
广东深圳市龙华区高三日语期末,8,1
广东深圳高一期末,1,1
广东清远市2025-2026学年第二学期高一年级供题训练地理试卷,5,1
广东清远市清城区,4,1
广东湛江三年级数学试卷,6,1
广东澄海八下期末,41,1
广东澄海期末八年级下,8,1
广东物理2025学业水平合格性考试,8,1
广东物理学考,2,1
广东物理学考高二,1,1
广东珠海金湾一年级上册单元测试卷,1,1
广东珠海金湾七年级上册单元测试卷,2,1
广东珠海金湾小升初分班考试试卷,3,1
广东珠海香洲六年级下册摸底考试,6,1
广东珠海香洲小升初测试卷,1,1
广东珠海香洲小升摸底考试,1,1
广东珠海香洲摸底考试,1,1
广东生物中考,3,1
广东省 2026 普通高中学业水平选择性考试生物,1,1
广东省 深圳市光明区2025～2026年 九年级上册 化学 期末试卷,2,1
广东省2023 2024学年第二学期期末测试卷七年级地理,2,1
广东省2024统考物理,1,1
广东省2025年广州市普通高中毕业班第3次模考,2,1
广东省2025年数学春季高考,1,1
广东省2025高考物理试卷,1,1
广东省2025高考生物试卷,1,1
广东省2026五年级数学期末佛山南海区,3,1
广东省2026初中学业水平考试,11,1
广东省2026年中山市小升初分班考试试卷,2,1
广东省2026年中山市小升初考试试卷,1,1
广东省2026年中考历史试卷,3,1
广东省2026年中考生物试卷,11,1
广东省2026年初中学业水平考试,1,1
广东省2026年初中学业水平考试陆丰,2,1
广东省2026年地理中考试卷,1,1
广东省2026年高考历史试卷,3,1
广东省2026年高考模拟卷,2,1
广东省2026高考化学试卷,1,1
广东省2026高考物理试卷,3,1
广东省东莞市万江中学高一数学第1次月考,1,1
广东省中山市七年级下册2024~2025中山,4,1
广东省中山市二中高一分班考试,1,1
广东省中山市二模,3,1
广东省中山市光正实验学校2024-2026,1,1
广东省中山市光正实验学校2024-2026上学期七年级开学考试,8,1
广东省中山市光正实验学校七年级开学考试,9,1
广东省中山市光正实验学校初三分班考试卷,3,1
广东省中山市华侨中学2026,1,1
广东省中山市华侨中学2026年高一上学期第一次物理月考试卷,1,1
广东省中山市第二中学高一分班考试卷,3,1
广东省中山市纪念中学2028,1,1
广东省中山市纪念中学2028届高一物理第一次月考,4,1
广东省中山市高三二模,3,1
广东省中考2023-2024,1,1
广东省中考2024统考物理,2,1
广东省中考3023-2024,1,1
广东省中考地理真题2025,4,1
广东省中考真题,1,1
广东省中考真题2027,2,1
广东省中考英语,1,1
广东省中考英语真题,5,1
广东省中考语文,2,1
广东省云浮市新兴县2026英语期末考,3,1
广东省人教版七上英语完形填空,3,1
广东省佛山市,16,1
广东省佛山市2025～2026佛一模,1,1
广东省佛山市2026年期末考试试卷,8,1
广东省佛山市南海区2024 2025 学年下学期期末考八年级数学试卷,2,1
广东省佛山市南海区2024~2025 学年下学期期末考八年级数学试卷,6,1
广东省佛山市南海区八上语文第一次月考卷,2,1
广东省佛山市南海区八上语文第一次月考卷十月,5,1
广东省佛山市卷数学,1,1
广东省佛山市江门八上语文第一次月考卷十月,1,1
广东省佛山市禅城区2024到2025九年级上学期数学期末试卷,1,1
广东省佛山市禅城区2026数学中考,1,1
广东省佛山市禅城区2026数学九年级中考卷,3,1
广东省佛山市顺德区第一中学,1,1
广东省佛山市高中第一单元数学,4,1
广东省六校联盟,5,1
广东省六校联盟英语,2,1
广东省化州市那务中学2024-2025学年高三上学期第二次教学质量检测化学试卷,2,1
广东省华侨中学分班,1,1
广东省卷,1,1
广东省卷七上英语,1,1
广东省卷七上英语完型填空,1,1
广东省卷数学,1,1
广东省名校联盟高三语文,3,1
广东省大湾区2024~2025学年高一上学期1月期末数学试卷,3,1
广东省大湾区2025日语,2,1
广东省大湾区区日语,4,1
广东省大湾区高一上学期期末考试化学,5,1
广东省学业水平合格性考试 高中地理,1,1
广东省学业水平合格性考试 高中政治,9,1
广东省学业水平合格性考试 高中物理,7,1
广东省学考题,1,1
广东省实验,1,1
广东省实验中学高一上期中考卷,1,1
广东省实验学校,1,1
广东省广州市 2026 年高三,5,1
广东省广州市实验,1,1
广东省广州市广大附中三校联考,3,1
广东省广州市广州名校连盟,3,1
广东省广州市广雅中学2024 2025学年高一下学期英语试题,2,1
广东省广州市广雅中学2024-2025学年高一下学期英语试题,4,1
广东省广州市期中七年级,14,1
广东省广州市白云区高一上学期物理期末卷子,2,1
广东省广州市白云区高一下地理,3,1
广东省广州市白云区高一下学期物理期末卷子,1,1
广东省广州市白云区高一下数学,1,1
广东省广州市越秀区8年级下学期数学期末2025~2026。,5,1
广东省广州市越秀区语文期末,1,1
广东省惠州市2021-2022学年高一下学期期末质量检测英语试题,3,1
广东省惠州市2024-202510月,2,1
广东省惠州市2025高一下学期期末质量检测,1,1
广东省惠州市2025高一下学期期末质量检测地理,1,1
广东省惠州市五校联盟，2025至2026学年，八上物理，第一次月考卷,6,1
广东省惠州市实验中学2026届高三上学期12月阶段性检测化学试题,2,1
广东省惠州市惠东县,11,1
广东省惠州市惠城区2025高一下学期期末质量检测,1,1
广东省惠州市惠州一中教育集团联考2024-2025学年八年级下学期期末物理试题,4,1
广东省惠州市第一中学2024-202510月,4,1
广东省惠州市第一中学2024-202510月高2,1,1
广东省惠州市高一下期末试卷,9,1
广东省揭阳市惠来一中，揭阳一中榕江新城学校2025-2026学年度高一上学期10月月考数学试题,12,1
广东省揭阳市惠来县2024至2025学年度第二学期生物模拟一,9,1
广东省揭阳市惠来县2025-2026学年八年级下学期期末英语试题(含答案),3,1
广东省揭阳市惠来县2025至2026学年度第一学期8年级上册语文期中试卷。,4,1
广东省揭阳市惠来县，2024至2025学年度第二学期生物模拟一,4,1
广东省揭阳市普宁市第二学期第一次阶段。,1,1
广东省揭阳市榕城区东山中学高一第一学期期中语文考试试卷,5,1
广东省揭阳市榕城区初三一模2024生物,1,1
广东省揭阳市榕城区高一期中语文考试试卷,1,1
广东省揭阳市榕城区高一第一学期期中语文考试试卷,6,1
广东省数学二模2026,1,1
广东省春季高考资料,1,1
广东省春季高考资料2027年,2,1
广东省普通高中学业水平合格性考试,4,1
广东省普通高中学业水平（合格性）考试政治模拟卷,1,1
广东省梅州东山,2,1
广东省梅州市,5,1
广东省梅州市兴宁市北师大版一年级上册数学期末试卷,1,1
广东省梅州市兴宁市北师大版一年级下册数学期末试卷,9,1
广东省梅州市虎山中学,10,1
广东省梅州市虎山中学高一,1,1
广东省梅州市高一,1,1
广东省梅州市高一上学期,10,1
广东省汕头八上期中物理,1,1
广东省汕头市一,1,1
广东省汕头市八年级中考地理考卷,5,1
广东省汕头市八年级地理学业水平考试,4,1
广东省汕头市八年级生物学业水平考试,9,1
广东省汕头市八年级相册地理会考卷,2,1
广东省汕头市初二数学试卷,8,1
广东省汕头市地理会考卷,2,1
广东省汕头市潮南区两英镇2025-2026学年八年级上学期期末试题,3,1
广东省汕头市潮阳区六年级期末考试卷,15,1
广东省汕头市潮阳区华隆发,7,1
广东省汕头市潮阳区棉城中学数学考试,11,1
广东省汕头市澄海区2025-2026学年度第二学期质量监测高二级试卷生物,3,1
广东省汕头市第一,2,1
广东省汕头市金山中学2024~2025学年高一下学期期末考试物理试卷,3,1
广东省汕头市金平区2025至20267下期末政治,1,1
广东省汕头市金平区初一入学考试,1,1
广东省汕头市金平区初一分班考,1,1
广东省汕头市高二下物理,7,1
广东省汕头林百欣八上期中物理,2,1
广东省汕尾市2025至2026学年度第二学期期末考试试卷,1,1
广东省汕尾市2025至2026年的第二学期三年级数学期末量检测,1,1
广东省汕尾市2025至2026年的第二学期二年级数学期末量检测,1,1
广东省汕尾市2025至2026年的第二学期五年级数学期末量检测,1,1
广东省汕尾市七年级下册英语统考卷,1,1
广东省汕尾市七年级下册语文统考卷,6,1
广东省汕尾市八年级上册物理统考卷,4,1
广东省汕尾市陆丰市,3,1
广东省汕尾市陆丰市2023至2024 9年级下册中考英语试卷,3,1
广东省汕尾市陆丰市九年级下册期末试卷,3,1
广东省汕尾市高三上学期期末数学,61,1
广东省江门台山市深井中学物理8年级2025-2026,7,1
广东省江门台山深井中学物理2025-2026,1,1
广东省江门台山深井中学物理8年级2025-2026,1,1
广东省河源市龙川县九年级英语中考模拟试卷,1,1
广东省河源市龙川县初中英语中考模拟试卷,6,1
广东省河源市龙川县英语中考模拟试卷,2,1
广东省深圳南山区,8,1
广东省深圳市2023～2024年九年级上册历史期末试卷,1,1
广东省深圳市2024～2025年九年级上册历史期末试卷,6,1
广东省深圳市2025至2026年七年级上册数学第一单元试题,2,1
广东省深圳市2025至2026年七年级数学第一单元试题,3,1
广东省深圳市2025～2026年九年级上册化学期中试卷,1,1
广东省深圳市2025～2026年九年级上册化学期末试卷,1,1
广东省深圳市2025～2026年九年级上册历史期末试卷,4,1
广东省深圳市2025～2026年九年级上册政治期末试卷,3,1
广东省深圳市2025～2026年九年级上册数学期中试卷,14,1
广东省深圳市2025～2026年九年级上册物理期末试卷,2,1
广东省深圳市2025～2026年九年级上册语文期中试卷,8,1
广东省深圳市2026年六年级下册英语考试,3,1
广东省深圳市2026高三数学,2,1
广东省深圳市2026高三数学第一次,1,1
广东省深圳市光明区八下期末英语考,1,1
广东省深圳市八年级上册试卷,5,1
广东省深圳市八年级上册试卷历史,1,1
广东省深圳市八年级上册试卷历史期末,1,1
广东省深圳市八年级下册试卷,1,1
广东省深圳市南山区,18,1
广东省深圳市南山区2025～2026年九年级上册化学期末试卷,4,1
广东省深圳市南山区九上数学期中试卷,10,1
广东省深圳市坪山区两校联考,3,1
广东省深圳市坪山区八年级上册试卷历史期末,4,1
广东省深圳市宝安区,14,1
广东省深圳市生地会考,1,1
广东省深圳市福景外国语学院2024-2025学年八年级下学期5月月考英语试卷,1,1
广东省深圳市红岭教育集团2025~2026学年上学期九年级期中数学试卷,11,1
广东省深圳市统考高一期末,12,1
广东省深圳市高三语文二模,1,1
广东省深圳市高级中学,3,1
广东省深圳市龙华区,4,1
广东省深圳市龙岗区2023～2024年九年级上册历史期末试卷,1,1
广东省深圳市龙岗区2024～2025年九年级上册历史期末试卷,1,1
广东省清远市阳山县八年级,1,1
广东省清远市阳山县八年级下,1,1
广东省清远市阳山县第二中学,1,1
广东省清远市高一统考,2,1
广东省清远市，高一统考,1,1
广东省湛江市第二中学中学数学考试,1,1
广东省湛江市赤坎区第一中学,2,1
广东省湛江市雷州市,1,1
广东省第2次普通高中学业水平合格性考试,2,1
广东省第二次普通高中学业水平合格性考试地理,1,1
广东省肇庆市,5,1
广东省肇庆市四会市2026年八年级下学期物理试卷,5,1
广东省肇庆市四会市2026年初二物理试卷,1,1
广东省肇庆市封开县2017 2018 02 七年级下期末,1,1
广东省肇庆市封开县2025  2026  02七年级下册数学,2,1
广东省肇庆市封开县2025 2026 02 八年级下期末,4,1
广东省肇庆市封开县九年级上册数学,3,1
广东省自主招生英语,5,1
广东省英语中考真题,2,1
广东省茂名市2024~2026高二下学期数学期末考试试卷,3,1
广东省茂名市2024~2026高二下学期物理期末考试试卷,1,1
广东省茂名市2025 2026学年高二下学期期末教学质量监测,4,1
广东省茂名市2025至2026年。8年级下册期末英语质检测试,1,1
广东省茂名市2026年1月高中语文期末试卷,1,1
广东省茂名市2026年2月高中数学期末试卷,1,1
广东省茂名市2026年71月高中语文期末试卷,1,1
广东省茂名市2026年7月高中化学期末试卷,4,1
广东省茂名市2026年7月高中数学期末试卷,3,1
广东省茂名市2026年7月高中生物期末试卷,6,1
广东省茂名市2026年7月高中英语期末试卷,4,1
广东省茂名市2026年7月高中语文期末试卷,1,1
广东省茂名市高二下学期期末统考生物,2,1
广东省茂名市高州市2025~2026六年级下册期末语文,5,1
广东省遂溪县第一中学,17,1
广东省阳江市,1,1
广东省阳江市2025至2026学年度第二学期期末质量检测题高一数学,1,1
广东省阳江市江城区2024一 2025第一学期末历史七下,1,1
广东省阳江市江城区2025一 2026第一学期末语文七上,1,1
广东省阳江市江城区2025一 2026第一学期末语文七下,1,1
广东省阳江市江城区2025一 2026第二学期末历史七下,7,1
广东省阳江市江城区2025一 2026第二学期末地理七下,5,1
广东省阳江市江城区2025一 2026第二学期末数学七下,2,1
广东省阳江市江城区2025一 2026第二学期末生物七下,5,1
广东省阳江市江城区2025一 2026第二学期末语文七上,2,1
广东省阳江市江城区2025一 2026第二学期末语文七下,2,1
广东省阳江市江城区2025一 2026第二学期末道法七下,4,1
广东省阳江市江城区2026一 2027第二学期末历史七下,1,1
广东省陆丰市2025至2026第二学期期末7年级数学,7,1
广东省陆丰市202。五至2026第二学期期末。测试卷,1,1
广东省韶关市,5,1
广东省顺德区物理八上期末考试试卷,3,1
广东省高一分班考试卷,9,1
广东省高一数学,2,1
广东省高一数学上学期,3,1
广东省高一英语,5,1
广东省高二上学期生物还没玩几天 还是第一章节复习,1,1
广东省龙川一中高一试卷,1,1
广东省龙川一中高一试卷物理,4,1
广东真题,3,1
广东真题中考,1,1
广东第二次合格考试2026年,2,1
广东肇庆,16,1
广东肇庆数学八下综合卷,7,1
广东英德三年级数学,3,1
广东英语专项练习,2,1
广东英语专项练习初中,1,1
广东英语高中应用文,3,1
广东英语高中应用文负责,3,1
广东英语高考C篇真题,1,1
广东英语高考模拟卷,1,1
广东茂名市2025-2026日语,1,1
广东茂名市2025-2026高二期中日语,1,1
广东茂名市2025~2026学年高二年级期末质量抽测,3,1
广东茂名市2025~2026学年高二年级期末质量抽测英语,6,1
广东茂名期中日语,5,1
广东茂名高一下期末英语试卷,2,1
广东衡水金卷,6,1
广东语文中考,7,1
广东近5年中考英语真题,3,1
广东金太阳26~05c8月开始联考,2,1
广东金平八年级下物理,1,1
广东高一上学期化学月考,1,1
广东高一上学期期中,1,1
广东高一上学期阶段检测,4,1
广东高一上期中数学,1,1
广东高一上英语,1,1
广东高一下期末物理试卷,2,1
广东高一下期末英语试卷,7,1
广东高三生物,2,1
广东高中学业水平合格性考试数学,4,1
广东高二 期末考试卷 下学期,11,1
广东高二上学期数学,2,1
广东高二上学期期中,1,1
广东高二联考卷,4,1
广东高考化学,1,1
广东高考地理,2,1
广东高考物理真题,3,1
广东高考物理计算,2,1
广东高考物理计算大题,3,1
广东高考物理计算题,2,1
广东高考生物,1,1
广东高考计算大题,1,1
广东高考语文步步高大一轮42练,3,1
广东，高二上，空间向量数学,3,1
广中直升班考试,1,1
广信二中高二上,2,1
广信区第七中学,2,1
广元2026年数学毕业二整试卷,6,1
广元八二一高一开学分班考,2,1
广元天立,2,1
广元市,1,1
广元市2026年八年级期末历史,3,1
广元市2026年八年级生地会考,8,1
广元市2026年八年级统考历史,1,1
广元市五年级义务教育阶段五年级英语试题,3,1
广元语文升学考试题,1,1
广元语文小升初升学考试题,4,1
广元高一上开学分班考,1,1
广元高一开学分班考,1,1
广元高一期末下,7,1
广元高中2026二诊数学,12,1
广全,2,1
广大附中2023学年高二10月物理段考,1,1
广大附中九上,2,1
广大附中九上期中,4,1
广大附中高二年级第一次月考物理试题,3,1
广安 2 026期末高一物理,1,1
广安 2 026期末高一英语,3,1
广安 2 026期末高一英语答案,4,1
广安中考数学2026,1,1
广安加德学校高一英语月考,2,1
广安友谊中学,5,1
广安培文中学,2,1
广安岳池 西师大版 五年级下册数学 2025-2026期末统考,2,1
广安市2026年春高二期末质量评价卷子，数学,3,1
广安开学考,7,1
广安期末考试,4,1
广安武胜,21,1
广安统考,11,1
广安高一下期末卷,2,1
广安高二期中,14,1
广州 2026一模数学,12,1
广州 一模 2026,4,1
广州 中考 数学,3,1
广州 二模 2026,1,1
广州 八上数学 真题,9,1
广州 高一下 数学,4,1
广州2025年中考,2,1
广州2026,1,1
广州26届高三12月调研,4,1
广州一模,1,1
广州一模语文,5,1
广州七上英语月考期中期末试卷,9,1
广州七上英语期中试卷,6,1
广州七上英语第一次月考试卷,3,1
广州七上语文开学分班试卷,3,1
广州七年级下期末考试卷数学,1,1
广州中学高一数学月考试卷,2,1
广州中考2026试卷,2,1
广州中考一模 白云区,1,1
广州中考数学,1,1
广州中考真题,4,1
广州中考真题2026,1,1
广州中考考,1,1
广州中考语文,3,1
广州中考语文 试卷 2026,1,1
广州九上月考卷,11,1
广州九上月考卷黄广,5,1
广州九年级历史上册,1,1
广州九年级历史上册期末考试试卷,1,1
广州二中,7,1
广州二模,6,1
广州二模2025,1,1
广州五中,1,1
广州八区联考高一下学期,2,1
广州八年级上册语文,4,1
广州八年级上册语文天河区期末,2,1
广州八年级上册语文越秀区,7,1
广州六中,2,1
广州六十五中,4,1
广州华南师范大学附属中学,47,1
广州华师附中初二语文上册,1,1
广州华附中初二语文上册,1,1
广州南沙九上数学,1,1
广州四校联考高二,11,1
广州增中,1,1
广州增城2025年三年级下册数学，期末,8,1
广州增城区七上期中试卷,1,1
广州增城区七上试卷,13,1
广州外国语学校2026高一期末考数学,1,1
广州大学附属中学2023学年高二10月物理段考,1,1
广州天河中学分班测,1,1
广州小升初数学试卷,1,1
广州市,3,1
广州市2026届高考数学零模,2,1
广州市2026年高一年级期末质量检测,1,1
广州市lin,1,1
广州市一模,4,1
广州市七上英语期中期末试卷,1,1
广州市七上语文开学分班测试卷,5,1
广州市七十五中,2,1
广州市七年级花都区期末,8,1
广州市中考,1,1
广州市中考数学,2,1
广州市九上数学,1,1
广州市从化区七年级,6,1
广州市八十六中,2,1
广州市八年级上册数学,8,1
广州市八年级上册花都区期末,6,1
广州市华南师范大学附属中学,2,1
广州市各区四年级下学期语文真题,12,1
广州市各区四年级语文真题,2,1
广州市增城区七上期末试卷,7,1
广州市增城区八下,1,1
广州市天河区五年级数学下册期末考试检测,3,1
广州市天河区八下期末英语,1,1
广州市天河区高一上语文期末考试,1,1
广州市天河区高一下学期期末化学,5,1
广州市天河区高二下数学期末,3,1
广州市广外,1,1
广州市广大附中八年级物理试卷,4,1
广州市广州中学,2,1
广州市广州中学 9月,1,1
广州市广州中学周测,1,1
广州市海珠区2026年高一年级上学期期末质量检测,1,1
广州市海珠区2026年高一年级期末质量检测,1,1
广州市海珠区8年级上2024-2025英语期末试卷答案卷,1,1
广州市白云区八上物理期中试卷,4,1
广州市白云区八上物理期末试卷,3,1
广州市白云区六年级语文,8,1
广州市白云区广州白云中学高二下期末地理,1,1
广州市白云区广州空港实验中学高二下期末地理,6,1
广州市真光中学高中,1,1
广州市禺山高级中学,3,1
广州市第117中学,8,1
广州市第七中学,1,1
广州市第三中学,4,1
广州市第六中学 高三月考,2,1
广州市英语高考一模2020,2,1
广州市荔湾区2026年7年级下期末考试卷,1,1
广州市荔湾区8年级上2024-2025英语期末试卷答案卷,6,1
广州市荔湾区高一物理期末,1,1
广州市西关外国语学校,5,1
广州市越秀区2025 2026学年四年级第二学期数学期末调研参考资料,3,1
广州市越秀区2025 2026学年第一学期八年级数学期末调研参考资料,2,1
广州市越秀区2025-2026学年七年级数学期末调研参考资料,1,1
广州市越秀区2025-2026学年第一学期八年级数学期末调研参考资料,1,1
广州市越秀区2025-2026学年第二学期八年级数学期末调研参考资料,2,1
广州市零模,6,1
广州市高一下学期历史2026年期末考试卷,3,1
广州市高一下学期地理2026年期末考试卷,1,1
广州市高一下期末八区,4,1
广州市高中期末八区,1,1
广州市高二上学期数学期中考,4,1
广州市高二上学期数学期末考,5,1
广州市高二下数学期中考,1,1
广州市黄埔区20222023七年级下册期末考试,1,1
广州市黄埔区20222023七年级下册道德与法治期末,1,1
广州市黄埔区2022七年级下册期末考试,14,1
广州市黄埔区2023八年级上册道德与法治期末,2,1
广州市黄埔区2026年八年级下学期期末卷,2,1
广州市黄埔区七年级下册开学统考2022,3,1
广州市黄埔区九年级上册期中考试,3,1
广州市黄埔区八年级道德与法治期末,1,1
广州广东实验中学,18,1
广州广东广雅中学,52,1
广州广铁一中,2,1
广州开学二中应元,3,1
广州开学应元,3,1
广州执信中学,8,1
广州数学10月份数学月考,1,1
广州数学高一下学期,4,1
广州月考,1,1
广州海珠,7,1
广州海珠中考数学,1,1
广州海珠八下政治,5,1
广州海珠区八下数学期末卷,2,1
广州海珠区八下物理期末卷,1,1
广州番禺西片小学,6,1
广州白云区,1,1
广州第47中学月考,3,1
广州第二中学,1,1
广州第六中学,1,1
广州自招卷七升八,2,1
广州语文,2,1
广州越秀八下政治,7,1
广州越秀区,2,1
广州铁一三模,1,1
广州高一上,3,1
广州高一上数学,1,1
广州高一下学期联考,19,1
广州高一下期末化学,3,1
广州高一下期末物理,2,1
广州高一下期末生物,3,1
广州高一联考,7,1
广州高三八月市调研考,4,1
广州高三数学,4,1
广州高三语文,27,1
广州高三零模卷,1,1
广州高二上化学,4,1
广州高二上学期数学月考,4,1
广州高二上学期数学月考.,1,1
广州高二上物理月考,5,1
广州高二下期末,2,1
广州高考历史,2,1
广州高职高考3+ 证书数学,3,1
广德中学周考,1,1
广汉中学,2,1
广渠门中学2026年高二期末物理,1,1
广益数学,12,1
广西2025物理,1,1
广西2025物理真题,1,1
广西2025物理真题高考,3,1
广西2025高考历史,3,1
广西2025高考地理,1,1
广西2026高一期末考试下学期化学,2,1
广西2026高一期末考试下学期化学百色,2,1
广西2026高一期末考试下学期物理,1,1
广西2026高考历史,1,1
广西2026高考地理,1,1
广西专用英语,1,1
广西中考,2,1
广西中考2026化学,6,1
广西中考真题,1,1
广西中考试卷,1,1
广西二六年中考考题,1,1
广西人教版八年级上册英语月考,1,1
广西人教版八年级上册英语第一次月考,2,1
广西会考,5,1
广西八年级上学期期中,1,1
广西八年级上学期期末,5,1
广西八年级下学期期末,12,1
广西六年级下学期阶段检测,2,1
广西初中学业水平考试,2,1
广西化学,1,1
广西北海,2,1
广西北海2025高一物理期末试卷,2,1
广西北海2026,4,1
广西北海高一上学期,1,1
广西南宁三美学校阶段考试,10,1
广西南宁初中三美学校八上数学开学考,12,1
广西南宁天桃九年级化学,1,1
广西南宁天桃八年级,1,1
广西南宁市,12,1
广西南宁市大学附属中学新高一开学考,1,1
广西南康中学,1,1
广西合格性考试,2,1
广西回答问题专项训练,5,1
广西地生中考,3,1
广西壮族自治区2024年,1,1
广西壮族自治区2024年普通高中学业水平选择性考试,7,1
广西壮族自治区北海市合浦县2025—2026学年度第二学期期中教学质量监测 八年级数学卷,3,1
广西壮族自治区南宁市青秀区,15,1
广西壮族自治区玉林市2024-2025学年九年 级上学期11月期中数学试题,8,1
广西壮族自治区玉林市2025年春一期高一英语期末热身人士,2,1
广西壮族自治区玉林市五校联考2025一2026,6,1
广西大学附属中学,4,1
广西大学附属中学开学考,1,1
广西大学附属中学新高一开学考,2,1
广西大学附属中学高一开学考,1,1
广西学业水平合格性考试,4,1
广西学业水平合格性考试2026,2,1
广西学考真题,1,1
广西接班人,3,1
广西数学北师大版,4,1
广西数学湘教,4,1
广西来宾一中,1,1
广西柳州市铁一,7,1
广西柳州柳铁一中高二3月考试英语,5,1
广西桂林,5,1
广西桂林2026高二期中,1,1
广西桂林化学高3期末桂林市2025,1,1
广西桂林化学高二下期末桂林市2025,1,1
广西桂林市,1,1
广西桂林市8年级上册物理期末考试卷,2,1
广西桂林市8年级上册英语期末考试卷,2,1
广西桂林市中考,7,1
广西桂林市兴安,1,1
广西桂林高中,6,1
广西桂林高二下期末,1,1
广西桂林高二下期末生物,1,1
广西河池市,1,1
广西河池市2026届高三三模数学,4,1
广西河池市三模,7,1
广西玉林北流4月模拟政治,4,1
广西玉林北流4月模拟数学,5,1
广西玉林北流5月诊断地理,3,1
广西玉林北流5月诊断政治,4,1
广西玉林市2026年八年级期末,2,1
广西玉林日语,12,1
广西玉林日语高考,3,1
广西玉林玉州区镇忠逸夫,13,1
广西玉林高一英语期末试卷2026,4,1
广西玉林高中,7,1
广西玉林高二下学期期末,1,1
广西百色期末,1,1
广西罗城高二上册,10,1
广西英语,20,1
广西英语全州,6,1
广西英语回答问题中考专项训练,7,1
广西英语高中,3,1
广西英语高中高二,5,1
广西语文,25,1
广西语文全州,2,1
广西贺州市第五高级中学,6,1
广西贺州市高二开学考,2,1
广西贺州第五高级中学,1,1
广西钦州灵山三中,2,1
广西钦州灵山三中高一上册,2,1
广西钦州灵山中学高一上册,1,1
广西钦州灵山二中高一上册,1,1
广西钦州灵山天山高一上册,2,1
广西钦州灵山新洲高一上册,3,1
广西钦州灵山高一上册,1,1
广西钦州高一上册,1,1
广西钦州高二期末数学,2,1
广西防城港市防城区2025分班考,1,1
广西防城港市防城区2025分班考真题卷,5,1
广西防城港市防城区分班考,1,1
广西高一月考,15,1
广西高一物理,2,1
广西高三下学期期末,7,1
广西高中联考,1,1
广西高中英语必修二教材,1,1
广西高考物理,1,1
广西高考真题汇编,12,1
广铁一三模,1,1
广附九上,1,1
广雅密考,1,1
广雅高一下册期末考,1,1
广雅高一分班考,1,1
广雅高二,1,1
广饶一中,1,1
庄河市第二高级中学,7,1
庄河高中,2,1
庄浪县2025 2026学年第一学期九年级期末学业质量监测 数学,2,1
庄浪县2026年八年级质量监测试卷,4,1
庆云云天,6,1
庆云县2025一2026阶段性测试六下语文,2,1
庆云县2025一2026阶段性测试六下语文期末,1,1
庆云县物理七年级下册2026期末,7,1
庆云县物理八年级下册2026期末,1,1
庆云县高一开学考,1,1
庆威工作室,15,1
庆安,5,1
庆阳市2024~2025年度小升初语文试卷及答案,2,1
序数词,2,1
庐江,1,1
庐江中学筱湘班分班考,1,1
庐江中学自主招生,3,1
庐江县,1,1
庐江县学年度第一学期期中教学质量抽测高二历史试题安徽省合肥市庐江县,2,1
庐江实验初中,4,1
库尔勒华山中学,4,1
库车二中,2,1
库车市第十一中学,3,1
库车市第十三小学,4,1
应元上学期,1,1
应元上学期开学,1,1
应城,8,1
应用文阅读理解专项练习题,1,1
应用题 100题,2,1
应用题 100题一年级下,3,1
应用题专项,5,1
庖丁解牛教案,1,1
府谷县第一中学,3,1
康一中,1,1
康乐县第一中学,5,1
康定中学,6,1
康平县四年级上册语文期末综合试卷,2,1
康德 2026重庆高二下期末化学,1,1
康德 2026重庆高二下期末生物,1,1
康德2026高一下册,3,1
康德2026高一下册物理,4,1
康德二诊,2,1
康德卷,5,1
廉实,1,1
廊坊 七年级下学期 期末,1,1
廊坊一中化学月考高一上,7,1
廊坊一模,3,1
廊坊六中,1,1
廊坊六中 7年级下学期 期末试卷,2,1
廊坊六中 7年级下学期 试卷,2,1
廊坊市2024-2025学年度第二学期期末七年级英语作业质量检测,1,1
廊坊市2024-2025学年度第二学期期末七年级英语作业质量检测王朝霞,2,1
廊坊市学业水平考试,1,1
廊坊市学业水平考试高中,2,1
廊坊市安次区,3,1
廊坊市小升初分班考,3,1
廊坊市广阳区2025-2026科学,1,1
廊坊市广阳区四下2025-2026科学,1,1
廊坊市广阳区四年级下2025-2026数学,3,1
廊坊市广阳区四年级下2025-2026英语,2,1
廊坊市广阳区四年级下2025-2026语文,4,1
廊坊市第四中学,9,1
廊坊广阳区 七年级上 期末,5,1
廊坊广阳区 七年级下学期 期末,3,1
延安市新区培文,11,1
延安市新区高级中学,3,1
延庆区,3,1
延庆区2026年七年级下学期期末数学试卷答案,5,1
延庆区2026年中考数学,1,1
延庆区2026年初三数学,2,1
延边一中,1,1
延边二中,3,1
延边州,2,1
延边州0模,1,1
延边州2025-2026高三9摸底开学考试物理,1,1
延边州2025-2026高三9月开学考试,10,1
延边州2025-2026高三9月开学考试物理,1,1
延边州2025-2026高三9月开学考试物理化学生物,4,1
延边州2025-2026高三9月摸底开学考试物理,1,1
延边州2025-2026高三物理,4,1
延边州高三9月开学考试,6,1
延边州高三开学考试,3,1
建三江,1,1
建三江一中,2,1
建兰中学,3,1
建功中学新生学情调查,1,1
建华,1,1
建华区数学八上,6,1
建华区物理八上,1,1
建华新初一开学测,1,1
建宁,1,1
建安区,10,1
建平,3,1
建平中学,5,1
建平中学化学化学,15,1
建平中学英语,4,1
建平中学高中英语,2,1
建平中学高二英语,3,1
建平张江,2,1
建平筠溪,1,1
建模破模,3,1
建湖县期中考试八年级,4,1
建湖县期中考试八年级历史,10,1
建湖县汇文初级中学,3,1
建瓯一中,1,1
建瓯八年级数学上册期末试卷,2,1
建瓯语文八下,4,1
建议 信2025 高中英语应用文写,4,1
建邺,12,1
建阳八下英语期末,4,1
开入学考,1,1
开原,74,1
开原市高级中学,2,1
开发区一中,2,1
开发区十中,1,1
开发区十中2025-2026学年度第二学期期末考试高一地理（B））,1,1
开发区第八高级中学,4,1
开场白,3,1
开学册,11,1
开学分班,6,1
开学分班考,3,1
开学分班考 高一,1,1
开学分班考上学期,8,1
开学摸题考试免费,13,1
开学测一六五,2,1
开学测七年级,3,1
开学测东直门,3,1
开学测试新高一浙江,1,1
开学测试新高一浙江温州,1,1
开学第二次月考,7,1
开学考 一中,2,1
开学考 分班考 七年级上学期,1,1
开学考 分班考 初升高,3,1
开学考 分班考 高一 云南,1,1
开学考 分班考 高一 昆明,1,1
开学考 分班考 高一长沙,7,1
开学考 分班考 高一长沙一中,1,1
开学考 分班考新高一,1,1
开学考 新高一长沙,1,1
开学考 长沙市一中,3,1
开学考 高一,1,1
开学考 高一长沙,1,1
开学考2025 2026,20,1
开学考上学期,9,1
开学考湖南高一,1,1
开学考湖南高一南雅,1,1
开学考物理,4,1
开学考物理高一,2,1
开学考福州,1,1
开学考试卷高一上学期,4,1
开学考高一上学期,1,1
开学考高三上,4,1
开学考高三辽宁省数学,3,1
开学考，高一下高二初,3,1
开学考，高二上数学河南省,21,1
开学考，高二初,2,1
开学考，高二初数学河南省,4,1
开学高一分班考试题,3,1
开封一高,2,1
开封五县联考高一上期中,1,1
开封市新初一分班考试,1,1
开封金明中学,1,1
开封金明小学,2,1
开州区2026七下语文期末,1,1
开州区九年级上册数学期中考试卷,15,1
开州区八年级下册英语期末,2,1
开州区六年级下册数学期末考试,1,1
开平市小学生数学核心素养展示活动：,1,1
开路先锋初中英语满分组合训练山西专版,4,1
弋阳一中期末卷2026高二,2,1
弓长岭高级中学,2,1
引物的设计和选择,6,1
弘文中学,2,1
弘毅中学,51,1
弘毅新华中学入学,4,1
张北县八年级上学期第一次月考数学,22,1
张北成龙,3,1
张家口2026,15,1
张家口九中,1,1
张家口地区,2,1
张家口市,2,1
张家口市2025,1,1
张家口市2026期末,2,1
张家口市2026期末巩固训练,2,1
张家口市六年级下期末英语试卷,3,1
张家口市桥西区,20,1
张家口市桥西区七年级下册,5,1
张家口市桥西区六年级,13,1
张家口市第一中学,2,1
张家口期末,1,1
张家口期末数学期末,1,1
张家口期末英语涿鹿县,1,1
张家口阳原县锦城学校,3,1
张家口高一物理月考卷,2,1
张家口高二,2,1
张家口高二期末,1,1
张家港市外国语学校,7,1
张家港市第二中学,5,1
张家港是暨阳高级中学,18,1
张家界市,4,1
张家窝中学九年级上册月考,1,1
张家窝中学九年级上册月考物理,7,1
张店,2,1
张店九年级物理期末,3,1
张槎初一语文第三单元试卷,1,1
张槎初一语文第五单元试卷,8,1
张槎初一语文第六单元试卷,3,1
张槎初一语文第四单元试卷,3,1
张江,2,1
张江 八,1,1
张江 八 期中,1,1
张江八上 期中 数学,1,1
张江集团 八 期中,2,1
张江集团 八上 期中 数学,1,1
张江集团 八上 期中 真题 数学,1,1
张窝中学,1,1
张荣哲,1,1
张西宁,1,1
张集,1,1
弱电解质的电离平衡,2,1
弹射,1,1
弹性碰撞与非弹性碰撞,8,1
弹性碰撞与非弹性碰撞大题,1,1
弹簧两次受力问题,1,1
弹簧串并联,1,1
弹簧串并联高一物理,2,1
弹簧振子模型,2,1
弹簧模型高一物理,3,1
弹簧细线动量,3,1
弹簧质量块,3,1
弹簧连接体问题,7,1
弹簧＋滑轮,1,1
强基中科大,2,1
强基卷初中,13,1
强基物理,2,1
强基考试,5,1
强基联盟2026年高三5月,3,1
强基联盟2026年高三5月语文,1,1
强基计划一试,19,1
强基计划北大,2,1
强基计划南京大学,1,1
强基计划大学,1,1
强基计划文科,5,1
强基计划武,1,1
强基计划武汉大学,1,1
强酸制弱酸,4,1
强酸制弱酸化学,2,1
归 去来兮辞 并序,3,1
归因分析,4,1
归园田居,2,1
归园田居其一,3,1
归园田居其一理解性默写,2,1
当代学生报 核心突破十,1,1
当代学生报 核心突破十二高三,1,1
当代学生报 核心突破十二高三语文,1,1
当城中学高一上月考,2,1
当城中学高三开学考,2,1
彝族,1,1
形容词副词比较级,5,1
形容词和副词,2,1
形容词比较级,5,1
形容词比较级最高级,3,1
彭阳县第一中学,9,1
彰武县高级中学,2,1
彰武育才,4,1
征文纸空白,1,1
待定系数法求一次函数解析式,9,1
徐州 025年高一下学期期末,1,1
徐州2025高二化学期中,1,1
徐州26中七年级分班考,7,1
徐州26中七年级分班考语文,1,1
徐州26中分班考,3,1
徐州9月月考,3,1
徐州一中2025高二上学期数学月考,1,1
徐州一中高二上数学,2,1
徐州七上月考一数学试卷,4,1
徐州七上月考一数学试卷第一次月考,1,1
徐州七中,4,1
徐州七中九月学情调研物理,12,1
徐州七年级上册政治期末,1,1
徐州七年级上册数学期末,3,1
徐州七年级上册道德与法治期末,1,1
徐州七年级下册数学期末,3,1
徐州中考,2,1
徐州中考数学,9,1
徐州中考英语,4,1
徐州丰县数学,12,1
徐州九月月考,1,1
徐州八上道德与法治期中试卷,1,1
徐州八上道德与法治期末试卷,9,1
徐州八下期末数学试卷,5,1
徐州八年级下学期,2,1
徐州八年级下学期英语,15,1
徐州初一数学,1,1
徐州初三中考数学,1,1
徐州地理中考,6,1
徐州小升初七年级分班考试卷,5,1
徐州小升初分班考试卷,2,1
徐州市 2026中考,1,1
徐州市2026年初中学业水平考试,5,1
徐州市2026年地生中考,6,1
徐州市2026年地生会考,1,1
徐州市31中分班考试卷,2,1
徐州市31中小升初分班考试卷英语真题,4,1
徐州市31中小升初分班考试卷语文真题,1,1
徐州市七年级下册历史,1,1
徐州市中考数学试卷,3,1
徐州市八年级下册期末考试数学,1,1
徐州市八年级下册期末考试语文,4,1
徐州市初二历史考试,4,1
徐州市初二政治考试,4,1
徐州市初二物理期末考试,4,1
徐州市初二物理考试,4,1
徐州市历届新高一入校分班考试卷,1,1
徐州市开学,1,1
徐州市新高一分班考试,2,1
徐州市新高一分班考试卷,1,1
徐州市沛县八上期末,2,1
徐州市第一中学开学,1,1
徐州市西苑中学分班考试卷,1,1
徐州市铜山区高二上学期数学期中2024-2025考试试卷,1,1
徐州市高一分班考试,4,1
徐州市高一第一学期化学期中试卷,2,1
徐州市高二上学期数学期中2024-2025考试试卷,1,1
徐州市高二上学期数学期中考试试卷,2,1
徐州市高二下期末考试,4,1
徐州期末,7,1
徐州树人初级中学小升初摸底考,1,1
徐州树人初级中学招生摸底考,1,1
徐州树人小升初新生分班考试,6,1
徐州沛县,11,1
徐州沛县2025高二化学期中,1,1
徐州沛县物理高一上9月,26,1
徐州物理高一上,1,1
徐州物理高一上9月,19,1
徐州物理高一上9月月考,1,1
徐州生物中考,1,1
徐州统考卷2026高一下,4,1
徐州铜山区八年级上册历史,1,1
徐州铜山区八年级上册地理,4,1
徐州铜山区八年级上册物理,1,1
徐州铜山区八年级下册物理,5,1
徐州高一,2,1
徐州高一上学期,2,1
徐州高一期中地理试卷,1,1
徐州高二下数学期末试卷2026,1,1
徐水一中,1,1
徐汇区初三英文第一学期期末质量,3,1
循环小数,4,1
循环小数的运用,2,1
微点特训,2,1
微点特训数学,1,1
微积分初步 大学,1,1
微积分初步 高中数学,2,1
微难光合呼吸综合,1,1
微难点光合作用与细胞呼吸综合,1,1
微难点光合呼吸综合,1,1
徳州,8,1
德与才,1,1
德化三中,1,1
德化实验小学,2,1
德城区六校联考2025~2026年八年级上学期期中考试,1,1
德城区小升初真题,3,1
德城区第九中学八年级第二学期2025~2026物理期中试卷,1,1
德城区第九中学八年级第二学期2025~2026物理期末试卷,2,1
德城区重点初中小升初分班,2,1
德州 2025 七年级下学期 期末 数学,11,1
德州 2025 七年级下学期 期末 物理,1,1
德州 2026高一下学期期末,2,1
德州2025 2026高二期末下学期,1,1
德州一中开学考,5,1
德州七中,1,1
德州中考,1,1
德州乐陵,7,1
德州九中第一次月考,1,1
德州二模,1,1
德州十中寄宿班考试,2,1
德州实验中学,1,1
德州市2025 2026学年高2下数学试题期末,2,1
德州市2025 2026学年高2下试题期末,3,1
德州市2025 2026学年高一下数学试题期末,1,1
德州市2025年高一上学期期中考试数学,4,1
德州市2026高二下期末考试,17,1
德州市。德城区2026年六小学六年级学业水平检测,2,1
德州市七年级下册语文期末考试卷,13,1
德州市三年级下册英语,2,1
德州市三年级下册语文,5,1
德州市初中学业水平考试,1,1
德州市徳城区,5,1
德州市德城区,10,1
德州市德城区2025年小学六年级学业水平检测,3,1
德州市德城区七年级第二学期,1,1
德州市第一中学物理月考,5,1
德州市第十中学,4,1
德州市高一下学期期中数学试题2024 2025学年,3,1
德州市高一期末,5,1
德州数学月考10月,1,1
德州期中,1,1
德州期末高一下学期,2,1
德州重点初中小升初分班,2,1
德州高一上学期期中,1,1
德州高一上学期期中语文,2,1
德州高一上学期期中语文2023-2024,1,1
德州高一上学期期末语文2023-2024,1,1
德州高一下期末,2,1
德州高一下期末数学,5,1
德州高一下期末物理,2,1
德州高一期末下学期,3,1
德州高一期末下学期语文,1,1
德州高三一练数学2026,1,1
德州高三期中,2,1
德州高二上期中,7,1
德州高二上期末,6,1
德州高二下期中,3,1
德州高二数学试题,1,1
德州高二期末,1,1
德州高二期末地理,3,1
德强英语七下期末考试卷,1,1
德强高中高一下册物理期末,7,1
德强高级中学2025-2026学年度上学期12月月考考试高一年级 英语试题,1,1
德旺杯,3,1
德昌,1,1
德润分班考试,1,1
德清县高级中学,1,1
德琳学校0,5,1
德胜中学,16,1
德语,3,1
德语高考,3,1
德阳,14,1
德阳一诊,2,1
德阳一诊高考,1,1
德阳七年级下册,2,1
德阳七年级下册英语,3,1
德阳中考,5,1
德阳中考2026,1,1
德阳八下,17,1
德阳初三英语,8,1
德阳初二上册英语,3,1
德阳初二下册英语,2,1
德阳初二英语,7,1
德阳天立八年级下册数学,1,1
德阳市2025年春期七年级下册期末考试,1,1
德阳市2026年中考,2,1
德阳市一中八上期中,3,1
德阳市中江县八上期中,1,1
德阳市期末考试高一下物理2024,1,1
德阳市期末考试高一下物理2025,4,1
徽县一中,3,1
心理测试,6,1
必d,1,1
必修,5,1
必修 一1 2,1,1
必修1 中国特色社会主义 第一单元三四五课同步练习,3,1
必修1不等式专题训练,3,1
必修1光合作用和呼吸作用,2,1
必修2,4,1
必修2知识清单,7,1
必修2知识清单全国通用,2,1
必修2词汇,5,1
必修3物理公式,5,1
必修4《哲学与文化》,2,1
必修一 不等式,2,1
必修一 第一章 运动的描述,1,1
必修一3.13.1,1,1
必修一不等式,1,1
必修一不等式人教A版,4,1
必修一不等式人教A版单元卷,1,1
必修一人教版物理单元卷,12,1
必修一人教版英语单词默写表,3,1
必修一人教版英语第1单元默写单词,6,1
必修一人教版英语默写单词,1,1
必修一光合作业呼吸作用综合练习',1,1
必修一六个单元单词,1,1
必修一函数专题,1,1
必修一函数定义域值域专项,1,1
必修一函数的性质专题,4,1
必修一前三章生物,2,1
必修一前三章生物卷子,3,1
必修一化学,6,1
必修一化学必备知识点归纳总结,1,1
必修一化学方程式,1,1
必修一化学期末试卷,1,1
必修一化学期末试卷教辅,6,1
必修一化学物质及其变化,1,1
必修一化学物质及其变化单元检测卷,4,1
必修一化学物质及其变化检测卷,3,1
必修一化学第三章单元测试卷,2,1
必修一化学第四章单元测试卷,2,1
必修一单词字帖,1,1
必修一单词表,2,1
必修一单词表默写,5,1
必修一单词默写,3,1
必修一地理第1章第1节,1,1
必修一地理第1章第1节练习题,1,1
必修一地理第二章,1,1
必修一基础计算50题,4,1
必修一外研社英语,1,1
必修一必修二生物思维导图,3,1
必修一政治知识点,3,1
必修一教材,1,1
必修一数学人教A版第一章单元测试卷,11,1
必修一数学压轴题,1,1
必修一数学基础,4,1
必修一数学天津第一次月考,4,1
必修一数学第一章单元检测卷,5,1
必修一数学第五章三角函数单元测试卷,2,1
必修一数学第五章单元测试卷,10,1
必修一数学第六章单元测试卷,4,1
必修一数学第四章单元测试卷,4,1
必修一数学综合卷,3,1
必修一数学课后习题答案,1,1
必修一数学集合,1,1
必修一期末,3,1
必修一期末生物,2,1
必修一期末考试卷,3,1
必修一核心词汇,1,1
必修一核心词汇讲义,5,1
必修一物理,5,1
必修一物理。摩擦力专题训练,1,1
必修一物理第一章单元检测,1,1
必修一物理第三章单元测试卷,4,1
必修一物理第五章单元测试卷,3,1
必修一物理第四章单元测试卷,3,1
必修一物理运动描述检测卷,3,1
必修一生物,7,1
必修一生物一轮复习,9,1
必修一生物书,3,1
必修一生物半期,4,1
必修一生物教材,3,1
必修一生物第三章单元测试卷,3,1
必修一生物第五章单元测试卷,2,1
必修一生物第四章单元测试卷,3,1
必修一的练习册,3,1
必修一的练习册高中物理,1,1
必修一知识点挖空填空,1,1
必修一第一二单元测试题,1,1
必修一第一章 单元测试,7,1
必修一第二章导学案,1,1
必修一第五章生物知识点,7,1
必修一第物理二章导学案,1,1
必修一苏教版化学专题三第2单元试题卷,1,1
必修一英语,3,1
必修一英语单词,1,1
必修一英语单词背诵版默写版译林版,1,1
必修一英语单词译林版,2,1
必修一英语单词默写,1,1
必修一英语短语,2,1
必修一英语课文朗读,1,1
必修一语文文言文,1,1
必修一课本物理,2,1
必修一重点词汇短语,1,1
必修一高中数学复习,3,1
必修三,1,1
必修三 第一章 静电场,3,1
必修三 静电场中能量,1,1
必修三单词 背默写清,1,1
必修三单词表,4,1
必修三单词默写,4,1
必修三政治试卷,1,1
必修三政治试卷江西,1,1
必修三物理9 10章资料习题知识点复习,2,1
必修三物理多选题难题,1,1
必修三物理电学实验,6,1
必修三物理电能,1,1
必修三物理第12章,3,1
必修三物理第一章,1,1
必修三电学实验,2,1
必修三英语单词unit3,13,1
必修三英语单词unit3短语,2,1
必修上册劝学文言实词,4,1
必修下,1,1
必修下数学,8,1
必修二,5,1
必修二 第六章 生活中的圆周运动 竖直面 绳模型,9,1
必修二 第六章 生活中的圆周运动 竖直面 绳模型基础题,1,1
必修二unit 3,1,1
必修二unit 3现在完成时的被动语态,7,1
必修二unit 3现在完成时的被动语态练习题,1,1
必修二主观题,1,1
必修二主观题经济,1,1
必修二人口分布测试卷,5,1
必修二化学人教版一单元,1,1
必修二化学思维导图,1,1
必修二化学陇南,5,1
必修二大题专练,8,1
必修二数学卷子,18,1
必修二数学复习,2,1
必修二数学期中测试卷,3,1
必修二数学期中测试卷人教版,2,1
必修二数学期中测试卷人教版山东,4,1
必修二数学第一章,8,1
必修二数学第一章向量,3,1
必修二有机物,2,1
必修二有机物，高一化学，单元卷,6,1
必修二概率,3,1
必修二物理 测试卷,7,1
必修二物理功能关系,4,1
必修二物理平抛运动,3,1
必修二物理第一二单元测试卷,2,1
必修二物理第一二单元测试卷高一下,1,1
必修二物理配套 小配套,1,1
必修二物理配套 小配套电子版,1,1
必修二生物,2,1
必修二生物同步练,2,1
必修二生物期末试卷,9,1
必修二生物第四章,3,1
必修二生物第四章习题,2,1
必修二生物第四章综合习题,1,1
必修二第五章,1,1
必修二综合测试卷,2,1
必修二讲义,2,1
必修二课文音标导学案,3,1
必修历史下 单元测试卷,1,1
必修历史下 单元测试卷湖北,1,1
必修四,12,1
必修四哲学与文化,1,1
必修四哲学与文化第二课课时练习,4,1
必修四哲学框框练习,3,1
必修四政治必备清单,6,1
必修方程式总结化学,1,1
必刷 题 2026,8,1
必刷考题,9,1
必刷题 2025电子版数学,3,1
必刷题 2025电子版数学初二,1,1
必刷题 2026 电子版,2,1
必刷题 2026电子版河南数学,2,1
必刷题 2026电子版河南数学练习册,1,1
必刷题2026电子版,3,1
必刷题2027,1,1
必刷题八年级,1,1
必刷题历史九上2026电子版,6,1
必刷题地理必修一,4,1
必刷题电子版,1,1
必刷题英语选择性必修一人教版,5,1
必刷题高考真题周周练2027英语,1,1
必备2026必背古诗,1,1
必备知识点,3,1
必背120个文言实词,1,1
必背3500词英语,4,1
必背公式,2,1
必背单词,1,1
必背古诗词,1,1
必背教材古代诗歌复习,2,1
志臻开学考试,3,1
志鸿优化训练,1,1
忠县中学,2,1
快乐假期,4,1
快乐假期讲练测高一化学,3,1
快乐假期轻松学,5,1
快乐假期高一生物,2,1
快乐学习报测评版,3,1
快乐对每个人都很重要，日常我们如何,2,1
快乐暑假八年级,7,1
快乐读小说,7,1
忻州一中高一上学期物理第三次月考,2,1
忻州代县八年级下册期末试卷,1,1
忻州代县六年级下册期末试卷,25,1
忻州八下物理期末测试卷,3,1
忻州八下英语期末测试卷,1,1
忻州八年级下册期末试卷,4,1
忻州小升初分班考,5,1
忻州第一中学高一期末专试数学,6,1
忻州附属中学七上月考,7,1
忻州附属中学分班考,1,1
怀中,1,1
怀仁一中,1,1
怀仁七中,1,1
怀仁七中学校,2,1
怀仁八上,3,1
怀仁市20252026学年下学期八年级期末试卷,6,1
怀仁市下学期八年级期末试卷,2,1
怀仁市八年级下册数学期末试卷,2,1
怀仁市八年级下册期末试卷,31,1
怀化 2025 2026 期末,9,1
怀化一模,6,1
怀化市2026届高三开学调研监测考试,1,1
怀化市2026年初二数学,1,1
怀化市期末考试,17,1
怀化市第三中学,3,1
怀化市高三二模,6,1
怀化高二日语,1,1
怀宁,1,1
怀宁中学2025~2026第二学期高一物理知识回顾诊断,1,1
怀宁县,2,1
怀宁县九上开学考,2,1
怀宁县八年级上册物理期末,1,1
怀宁县八年级下册物理期末,8,1
怀宁县八年级下册物理期末测试卷,1,1
怀宁县怀宁高中,4,1
怀宁怀中,7,1
怀安县,1,1
怀文中学,3,1
怀来县,13,1
怀柔区2026年七年级下学期期末数学试卷答案,2,1
怀集县初一期末,3,1
怎么搜同类型题,2,1
怎么点开听写？,3,1
思沁,1,1
思源实验学校,1,1
思维 导图,1,1
思维导图 100张,3,1
思维导图数学,2,1
思维导图集 四五六年级下册北师大版,5,1
思维能力,2,1
思维能力手册数学浙教版,1,1
思维能力手册数学浙教版L7,3,1
思维能力手册数学浙教版七年级,1,1
思考乐,2,1
思路教练学升七年级数学上册,1,1
思辩作文,4,1
怡海中学高一入学考,1,1
总复习,1,1
总复习手册,2,1
总复习物理笔记,1,1
总复习知识点,7,1
恒基,4,1
恒基九年级全一册细节巧练英语听读训练,1,1
恒定电流实验,1,1
恒定电流实验专题,4,1
恒成立问题,4,1
恒盛学校,1,1
恒离,3,1
恒立,2,1
恩平,7,1
恩平市第一中学,9,1
恩平黄冈实验中学,1,1
恩施免费,16,1
恩施州2026春季八年级下册语文期末试卷,11,1
恩施市第一中学,1,1
恩施市第一中学新高一开学考,4,1
恩施新高一开学考,1,1
恩施高一第一次月考,1,1
恩施高一第一次月考上学期,1,1
息县七上期末数学卷,1,1
恵泽中学,1,1
悟理,9,1
您是3 2026年至2025学年度九年级上册期末考试数学,1,1
情境阅读题型,2,1
情景导学英语必修第二册外研版,3,1
惠东县四年级下册,9,1
惠东期末,1,1
惠城区四年级数学期末,6,1
惠安一中高一上册数学月考卷,4,1
惠安一中高一数学月考卷,1,1
惠安县2024 2025学年度数学八年级上册期末,19,1
惠安县2024 2025学年度数学高一上学期末,10,1
惠安县2026八下期末数学,1,1
惠安模拟,1,1
惠安第一中学,10,1
惠安第一中学七年级上册,31,1
惠安第一中学初中,8,1
惠州20252026高一上期末,9,1
惠州9年级化学月考,1,1
惠州一中9年级化学,6,1
惠州一中9年级化学月考,3,1
惠州一中九年级物理,8,1
惠州一中化学月考,1,1
惠州一中教育集团2024-2025学年第二学期期末质量监测 初二年级数学科试题,3,1
惠州一中教育集团数学八上14,1,1
惠州一中教育集团数学八上1、2单元,3,1
惠州一中教育集团数学期中七下,1,1
惠州一中钱学森招生,1,1
惠州一中高一英语月考,13,1
惠州七上英语期中,7,1
惠州中学,3,1
惠州中学六校联考,3,1
惠州中学高二,1,1
惠州六下英语期末,15,1
惠州化学月考,2,1
惠州市五年级,16,1
惠州市四年级下册,55,1
惠州市大亚湾西区八小,5,1
惠州市惠城区联考,8,1
惠州市惠阳区,7,1
惠州市惠阳区语文,1,1
惠州市惠阳区语文期中,2,1
惠州市数学,1,1
惠州市数学五年级,6,1
惠州市数学五年级下册期末,18,1
惠州市第一中学2024-202510月高2,1,1
惠州市第一次调研考试,2,1
惠州市联,1,1
惠州市高一期末,1,1
惠州市高一期末上学期,2,1
惠州惠城区期末,3,1
惠州期末,2,1
惠州高一下期末,23,1
惠来一中高一,2,1
惠来一中高一第一学期,1,1
惠来一中高一第一次阶段性测试,2,1
惠来县第一中学,1,1
惠民一中,2,1
惠民期中,1,1
惠阳,3,1
惠阳七年级数学第一次月考,4,1
惠阳七年级第一次月考,3,1
惠阳第一次月考,1,1
想与做,1,1
想你做,1,1
想和做,4,1
意大利斜体,4,1
感动中国人物素材,1,1
感动中国人物语文作文 素材,4,1
感叹句,5,1
感生电动势与动生电动势,3,1
愠的拼音,2,1
慈利一中月考卷,1,1
慈吉实验初中,1,1
慈溪夏令营,5,1
慈溪实验初中,2,1
慈溪市2025学年第二学期高二年级期末测试,1,1
慕联,6,1
成d都实验外国语学校,10,1
成人高考试卷高起专,1,1
成关中学,1,1
成华区期末,2,1
成外高一入学,2,1
成套PDF章节导图,8,1
成实外集团开学考 分班考 高一,3,1
成州中学,2,1
成成中学高一分班考试题,2,1
成才之路学案,1,1
成才之路学案物理,14,1
成才之路学案第六章圆周运动专题2,3,1
成才之路学案第六章圆周运动专题啊,1,1
成才之路第六章圆周运动专题2,1,1
成材之路学案,18,1
成章分班考,7,1
成章实验中学,6,1
成绩对比表格,3,1
成考,1,1
成语,1,1
成语的理解与运用,5,1
成语积累,6,1
成语辨析,1,1
成语辨析题目,3,1
成语题目,3,1
成都 0诊,1,1
成都 1 诊英语,4,1
成都 2诊英语,1,1
成都 七中 027高三0模,1,1
成都 七中0 026高一,4,1
成都 七中0 026高一化学,3,1
成都 七中0 026高三 零诊英语,2,1
成都 七中初一,2,1
成都 三诊 2026英语,1,1
成都 二诊,16,1
成都 二诊 2025,7,1
成都 二诊 2026数学,1,1
成都 二诊 2026英语,4,1
成都 定时,3,1
成都 零模,2,1
成都2023级高中毕业班第一次诊断性检测,3,1
成都2025 2026高一下期期末生物试题,8,1
成都2025一诊,14,1
成都2025二诊,5,1
成都2025高一下定时练习,1,1
成都2026中考,4,1
成都2026合格考历史,1,1
成都7中,1,1
成都7中数学,1,1
成都七,1,1
成都七上英语,2,1
成都七中 初二,2,1
成都七中 高三,1,1
成都七中.,29,1
成都七中0 026高二,1,1
成都七中2026学年高一下学期期末考试,1,1
成都七中。么高一数学。,2,1
成都七中一诊,12,1
成都七中八下英语期末,2,1
成都七中分班考,1,1
成都七中周考,1,1
成都七中数学,2,1
成都七中林荫 初二,5,1
成都七中林荫 高三,1,1
成都七中林荫八下英语卷子期末,4,1
成都七中林荫校区,5,1
成都七中模拟零诊,4,1
成都七中物理,1,1
成都七中物理高2028届半期,1,1
成都七中生物,2,1
成都七中育才,1,1
成都七中语文,1,1
成都七中语文林荫,1,1
成都七中零诊数学试卷,2,1
成都七中零诊英语,1,1
成都七中高2026届高三二诊适应性模拟考试 物理试卷 答案,15,1
成都七中高一,1,1
成都七中高一上入学分班考试卷,4,1
成都七中高一上册第一次月考,5,1
成都七中高一上学期,1,1
成都七中高一下期语文综合练习,2,1
成都七中高一期末试卷,3,1
成都七中高一语文,2,1
成都七中高三上期末考试2026.2,1,1
成都七中高三零诊模拟,1,1
成都七中高二,2,1
成都七中高二上第一次月考化学试卷,4,1
成都七中高二下期末,13,1
成都七中高新,1,1
成都三年级下数学期末,3,1
成都三年级下数学期末简单,3,1
成都三年级下数学期末考试,1,1
成都三年级数学期末,1,1
成都三诊,1,1
成都东部新区202142022学年度下期高一下生物试题,9,1
成都东部新区九上期末数学模拟morning,9,1
成都中和中学,2,1
成都中学高一下册期末考试试卷,2,1
成都中考数学,1,1
成都中考物理,5,1
成都中考英语,1,1
成都九上数学北师大版期末,1,1
成都九上期末考试,1,1
成都九上期末考试数学,26,1
成都九上物理月考,1,1
成都九中分班考,1,1
成都九中宁夏树德高一上月考,3,1
成都二中,2,1
成都八上数学期末考试,1,1
成都八中,4,1
成都八年级月考,8,1
成都列五,1,1
成都初一语文期末,4,1
成都初三数学,5,1
成都化学九年级,3,1
成都化学九年级上期末,7,1
成都嘉祥,2,1
成都嘉祥九年级,19,1
成都四中期中考物理,1,1
成都四中零诊英语,1,1
成都外国语学校2025-2026学年度下期英语零诊模拟考试,2,1
成都外国语学校数学高一上第一次月考试卷,4,1
成都外国语学校高一期中考试化学卷,9,1
成都外国语高二上第一次月考10月,3,1
成都外国语高二第一次月考10月,1,1
成都天府实外高级中学,2,1
成都小升初,3,1
成都巴蜀,1,1
成都巴蜀中学,2,1
成都市 0诊,1,1
成都市2020年高三摸底考试数学,2,1
成都市2022级毕业班摸底考试,1,1
成都市2022级高中毕业班摸底测试历史,1,1
成都市2023级毕业班摸底考试,2,1
成都市2023级高三第三次模拟试题数学,2,1
成都市2023级高中毕业班第一次诊断性检测英语,2,1
成都市2025 2026高二下学期期末考试语文,4,1
成都市2025-2026高二下数学,3,1
成都市2025级高一下学习定时练习,2,1
成都市2026年高一下期末考试试卷,1,1
成都市七中,7,1
成都市七中高一上物理半期,3,1
成都市七中高一下册期末考试试卷,2,1
成都市八年级上册物理,1,1
成都市八年级上册物理期末,4,1
成都市八年级上册物理期末石室联中,6,1
成都市八年级上册物理期末青羊区,1,1
成都市初三月考卷,17,1
成都市初二英语期末试卷,3,1
成都市双流区2024一2025年七下语文期末试卷,1,1
成都市双流区2025一2026年七下语文期末试卷,4,1
成都市双流区2025一2026年七下道法期末试卷,1,1
成都市圣菲,1,1
成都市实验外国语学校2025新高一分班考试+对应科目,2,1
成都市成实外教育集团2025级高一入学摸底测试,2,1
成都市教科院,2,1
成都市新 高一 2025年分班考试,1,1
成都市期中,14,1
成都市树德中学（九中）高2026届高三三模物理试题 完整解析,6,1
成都市树德实验中学,8,1
成都市绵实外国语学校,2,1
成都市英语,1,1
成都市调研考试高一,1,1
成都市郫都区绵实外国语学校,3,1
成都市金牛区2022-2023七年级下期期末考试英语,1,1
成都市金牛区二诊试卷,2,1
成都市青白江区2025-2026学年度下期期末测试八年级数学,1,1
成都市青羊区,6,1
成都市高一2026到2027学年统考英语,3,1
成都市高一2026到2027学年英语,1,1
成都市高一下期末统考,5,1
成都市高一期末,1,1
成都市高三数学,3,1
成都市高二下期化学零诊考试试卷的答案,20,1
成都市龙泉驿小升初英语,10,1
成都数学,5,1
成都期末7下,4,1
成都期末物理2026,1,1
成都期末物理2026高二,1,1
成都期末考试,1,1
成都物理,9,1
成都石室中学周练,1,1
成都石室高一上期期末考试卷物理,1,1
成都英才,2,1
成都英语,2,1
成都英语零诊,12,1
成都蓉城联盟高一上期期末考试卷物理,1,1
成都重点高中插班生考试,1,1
成都金牛区2025级生物学期末考试真题真题卷,2,1
成都金牛区分班考,1,1
成都金牛区新初一分班考,1,1
成都锦江初一语文期末,4,1
成都锦江区初二下册物理期末,1,1
成都锦江区四下期末考试卷数学,5,1
成都零诊化学,1,1
成都零诊数学,1,1
成都零诊物理,3,1
成都零诊物理2026,9,1
成都零诊英语,3,1
成都青羊区,1,1
成都青羊区青羊实验中学,4,1
成都领着呢,1,1
成都高一,6,1
成都高一上学期开学考,1,1
成都高一上月考数学,4,1
成都高一上期末考试,13,1
成都高一下学期数学期末2026,1,1
成都高一分班考,2,1
成都高一开学考,1,1
成都高中插班生考试,2,1
成都高二,13,1
成都高二 0诊 语文,1,1
成都高二下零诊,1,1
成都高新,8,1
成都龙泉驿,9,1
我与社会,2,1
我和悟空的一天,1,1
我心目中的红色人物作者600字,5,1
我打印数学题,1,1
我爱你中国,2,1
我的下载记录,3,1
我的伯父鲁迅先生,2,1
我的伯父鲁迅先生训练,1,1
我的成长故事作文,2,1
我的青春恋爱物语,1,1
我要搜索长郡中学的高一年级的数学学科的试卷有吗,3,1
或“识别短路断路 专项练习”,1,1
战争,4,1
截面专题,1,1
截面问题,8,1
房山,1,1
房山八下语文,5,1
房山区2024至2025学年度第学期期末考试试卷t七年级历史,3,1
房山区2025 2026学年度第二学期数学期末考试试卷,1,1
房山区2025年8年级上学期语文期中试卷,2,1
房山区2025年8年级上学期语文期末试卷,2,1
房山区2025年七年级下学期期末语文试卷答案,1,1
房山月,9,1
房山高一下期末历史,2,1
房山高二英语,1,1
扆山中学初二夏令营练习二,4,1
扇形弧长,2,1
手拉手模型专项练习,5,1
手拉手模型八下,4,1
扎兰屯九上,1,1
打印数学基训,1,1
打印数学基训73页到最后一页,1,1
打印版,3,1
打点计时器 测加速度和瞬时速度专题,4,1
托物言志类作文,1,1
执信,7,1
执信中学高一,3,1
扬大附中,8,1
扬大附中东部分校语文高二上学期期中,2,1
扬大附中东部分校语文高二上学期第一次月考,1,1
扬子石化杯 2025年第39届中国化学奥林匹克,1,1
扬子石化杯 2025年第40届中国化学奥林匹克 江苏赛区 初赛试卷,1,1
扬子石化杯 36中国化学奥林匹克 复赛 选拔赛暨 2022年江苏赛区复赛试题,8,1
扬子石化杯 39中国化学奥林匹克 复赛 选拔赛暨 2022年江苏赛区复赛试题,3,1
扬子石化杯 40中国化学奥林匹克 复赛 选拔赛暨 2022年江苏赛区复赛试题,1,1
扬子石化杯 中国化学奥林匹克 复赛 选拔赛暨 2022年江苏赛区复赛试题,1,1
扬子石化杯 江苏赛区 复赛试卷,1,1
扬子石化杯 江苏赛区复赛试题,2,1
扬子石化杯初赛,5,1
扬子石化杯复赛39届,1,1
扬子石化杯江苏省赛选拔赛,3,1
扬子石化杯第39届复赛,5,1
扬子石化杯第39届答案复赛,3,1
扬州 八年级上 月考 英语,3,1
扬州2022,4,1
扬州2022中考,1,1
扬州七上英语第一次月考,7,1
扬州中学2025-2026第一学期9月考试试题,8,1
扬州中学2025—2026学年第一学期9月月考,7,1
扬州中学一模数学,2,1
扬州中学四校联考,2,1
扬州中学树人教育集团2025学年秋学期期中考试八年级英语,4,1
扬州中学树人教育集团2025学年秋学期期末考试八年级英语,1,1
扬州中学生物,3,1
扬州中学生物高一期末,1,1
扬州中学高一10月物理,7,1
扬州中学高一上学期数学月考,11,1
扬州中学高一上物理10月考卷,3,1
扬州中学高一上语文10月考卷,1,1
扬州中学高三10月,1,1
扬州中学高三一模数学,4,1
扬州中学高三上化学,10,1
扬州中学高三化学,3,1
扬州中学高三化学9月,1,1
扬州中学高三物理,3,1
扬州中学高三生物,12,1
扬州中学高二上化学,1,1
扬州京华梅岭三模英语,2,1
扬州八校,1,1
扬州历史2026七年级,6,1
扬州大学附属中学高一10月,6,1
扬州大学附属中学高一分班考,1,1
扬州市,1,1
扬州市中考数学,1,1
扬州市仪征市八年级生物期中考试2025年,10,1
扬州市宝应县实验初级中学,3,1
扬州市扬大附中2025~2026,1,1
扬州市扬大附中2025~2026月考卷,1,1
扬州市扬大附中25∽26高二上语文期中试卷,2,1
扬州市扬大附中25∽26高二语文期中试卷,9,1
扬州市期末,2,1
扬州市树人中学,6,1
扬州市树人八上数学第一次月考试卷,3,1
扬州市树人八上英语期中试卷,2,1
扬州市树人八上语文第一次月考试卷,3,1
扬州市树人学校,77,1
扬州市梅岭中学期末第二学期物理,1,1
扬州市梅岭中学期末英语,2,1
扬州市梅岭八上英语期中试卷,3,1
扬州市梅岭学校,4,1
扬州市江都区第三中学2025-2026八年级数学第一次月考,2,1
扬州市淮海路附中2025~2026,1,1
扬州市第一中学,2,1
扬州市第一中学2025-2026学年度第二学期高一数学期中考试试题,4,1
扬州市统考期末考试,28,1
扬州市蒋黄中学,2,1
扬州市附中2025~2026,1,1
扬州市高二上学期十月月考试卷,5,1
扬州市高二上学期月考试卷,2,1
扬州弘扬中学职教高考试卷,4,1
扬州扬大附中高一语文第二次月考试卷,1,1
扬州数学八校联考,2,1
扬州数学大桥,1,1
扬州数学期末,1,1
扬州数学联考,1,1
扬州新华,6,1
扬州新华开学考,1,1
扬州树人,1,1
扬州树人 七年级下 期末 英语,1,1
扬州树人 八年级上 月考 英语,2,1
扬州树人九上月考,2,1
扬州江都区高一上英语月考试卷,2,1
扬州联考,1,1
扬州邗江中学高一上学期数学周练,1,1
扬州邗江中学高一上学期数学月考,4,1
扬州邗江中学高一上学期数月考,1,1
扬州邗江中学高一上数学10月考卷,1,1
扬州邗江中学高一上数学10月考卷英语,10,1
扬州高一上英语月考试卷,1,1
扬州高一下期中,5,1
扬州高一下期末,1,1
扬州高一地理下期末考试卷,1,1
扬州高一政治下期末考试卷,5,1
扬州高一数学下期末,4,1
扬州高一英语月考试卷,4,1
扬州高三物理,8,1
扬州高三物理月考,7,1
扬州高中英语月考试卷,1,1
扬州高二上10月月考,4,1
扬州高二化学期末,7,1
扬州高二数学期末,3,1
批改作业,1,1
批量下载,4,1
承德一模,5,1
承德二模,13,1
承德县,1,1
承德双桥区2023——2024学年七年级第二学期期末测试,2,1
承德双桥区2023——2024学年七年级第二学期期末测试英语,1,1
承德市,5,1
承德市2025~2026学年高二下学期7月期末考试。,2,1
承德市联考卷子,18,1
承德市高一数学期末,3,1
把握暑假夯实基础,1,1
投影与视图专题,1,1
抖音,1,1
抚州一中,3,1
抚州市2026,1,1
抚州市七下政史期末试卷,11,1
抚州市南城一中期末,1,1
抚州市期末,2,1
抚州市期末考试,1,1
抚顺,12,1
抚顺一中,2,1
抚顺一中高一上数学月考,1,1
抚顺学院附中,24,1
抚顺期末,3,1
抛体运动复习,1,1
抛体运动的规律,8,1
抛体运动章末测试,3,1
抛体运动练,1,1
抛体运动练习,5,1
抛物线的平移,2,1
抢分清单,8,1
抢分清单 中考,23,1
报任安书,1,1
报单词,1,1
抱歉抱件，刚才提到的那套山东省济南市2025届高三下学期5月 “2025年济南市高三5月高考针对性训练 语文试卷 三模 PDF” 或 “2025济南高三三模语文试题及答案”,1,1
抽像函数 拔高高三,1,1
抽屉原理,4,1
抽屉原理奥数,1,1
抽象函数 拔高高三,4,1
抽象函数9类模型函数,3,1
抽象函数初步,1,1
抽象函数初步B卷,3,1
抽象函数及其性质综合,8,1
抽象函数定义域基础,1,1
抽象函数数学,14,1
抽象函数构造,7,1
抽象函数模型,5,1
抽象函数模型函数,3,1
抽象函数练习,4,1
抽象函数练习题,4,1
抽象函数赋值法,1,1
抽象函数问题,1,1
抽象或新定义函数或复合函数专项训练,8,1
拆里托利实验,3,1
拉萨中学,11,1
拉萨中学高三第一次月考,2,1
拉萨那曲第四,2,1
拍照,1,1
拍错题,5,1
拐点 模型,6,1
拓展班,5,1
拔创,1,1
拔尖创新人才选拔,4,1
拔尖创新人才选拔考试,2,1
拔尖创新知识竞赛,5,1
拔尖特训 2024 2025学年新教材三年级下册英语 人教PEP版2024,3,1
拔尖特训外研三上,1,1
拔尖特训浙江专用,2,1
拔尖特训浙江专用二年级上,3,1
拔尖练习,2,1
拔尖评测,1,1
拔山中学,3,1
拔高,9,1
招生考试,5,1
招远,2,1
招远二,2,1
招远化学,11,1
招远化学期末,12,1
招远期,17,1
拜占庭,1,1
拱墅区八年级上册科学考试卷,3,1
拱墅区八年级上册科学考试卷答案,3,1
拱墅区八年级下册科学考试卷,3,1
拼音 1 年级,2,1
拼音复习,7,1
拾光树文化,2,1
拾光树文化传媒,3,1
拿满基础分,9,1
拿满基础分自主小练,8,1
拿满基础分自主小练 PDF,4,1
指对幂函数知识点,2,1
指对幂测试,6,1
指对运算,3,1
指数 对数的运算,2,1
指数函数,18,1
指数函数 对数函数,2,1
指数函数 对数函数讲义,3,1
指数函数与对数函数,2,1
指数函数与对数函数单元测试卷,11,1
指数函数和对数函数,12,1
指数函数对数函数,1,1
指数对数,1,1
指数对数专题,23,1
指数对数函数,1,1
指数对数幂比大小问题,6,1
指数，对数，幂函数基础题,7,1
挑战满分,2,1
挑战满分浙江,4,1
换元法,1,1
换元法求函数解析式,1,1
掌政中学,2,1
排列 组合常见题型18,1,1
排列组合数学a版,1,1
排列组合练习题,3,1
排列组合练习题高中,1,1
排序不等式,2,1
排序题,4,1
排水法,2,1
排队问题,9,1
探照灯模型,5,1
探究在线九年级上册数学,8,1
探究在线九年级上册数学华东师大,2,1
探究在线八年级上册数学,19,1
探究燃烧的条件化学,2,1
探究电路,3,1
探索勾股定理一点一点二,4,1
控制变量法探究燃烧,1,1
控制变量法探究燃烧的条件,1,1
控制变量法探究燃烧的条件化学,1,1
控江中学分班考题目,7,1
推理题,6,1
提优大试卷 期末趋势创新能力A卷,2,1
提供的线索，这篇张伟的《雪和酒》同样出自 重庆市巴蜀中学校2026届高三二模语文试,1,1
提出公因式,1,1
提分教练 同步精导优化与设计方案 九年级上册 数学 青岛版 北京教育出版社,8,1
提前批,2,1
提前招,14,1
提前招生数学永州四中,4,1
提前招生数学试卷初中,2,1
提前招生昆山,2,1
提前招生物理试卷初中,1,1
提前招生科学试卷,22,1
提前招生英语单项选择专项,5,1
提升创力,1,1
提升创新思维能力,2,1
提升创新能力,3,1
提取公因式,7,1
提招,10,1
提招昆山,1,1
提纲化学,4,1
提高凸透镜,5,1
提高国语水平,2,1
揭东第一实验中学 七年级上册数学月考/期中试卷 北师大,7,1
揭阳2026年三年级期末考试试题,3,1
揭阳2026年高一期未考统考,1,1
揭阳2026年高一期未考统考英语答案,1,1
揭阳。2026高一期末全市统考,2,1
揭阳一中开学摸底考试,6,1
揭阳一中期中考试,7,1
揭阳一中榕江新城学校,2,1
揭阳一中高一上学期,1,1
揭阳一中高一摸底考试,4,1
揭阳一中高一数学,2,1
揭阳七上生物北师大,3,1
揭阳会考卷,2,1
揭阳全市统考,4,1
揭阳市,13,1
揭阳市 2025 2026 学年度高中一年级教学质量测试语文,4,1
揭阳市2025 2026学年度高中二年级教学质量测试物理,1,1
揭阳市2025 2026学年度高中二年级教学质量测试英语,1,1
揭阳市2026年五年级,1,1
揭阳市2026年五年级揭西县棉湖镇,3,1
揭阳市揭西县棉湖镇2026年五年级下册期末考数学试卷。,7,1
揭阳市揭西县棉湖镇四乡小学2026年五年级下册期末考数学试卷。,5,1
揭阳市期末,7,1
揭阳市榕城区九年级2模地理,3,1
揭阳市统考 高一,3,1
揭阳市统考 高一物理,1,1
揭阳市高一下学期期末试卷,14,1
揭阳市高一第二学期2026年期末考试,4,1
揭阳市高二下学期化学,1,1
揭阳揭东二中,3,1
揭阳普宁2026年三年级期末考试试题,22,1
揭阳期末高二,1,1
揭阳物理,6,1
揭阳生物北师大,1,1
揭阳第一中学榕江新城一中高一上册第一次月考,4,1
揭阳统考,8,1
揭阳统考试卷,1,1
揭阳统考试卷高二,3,1
揭阳统考试卷高二第二学期地理,3,1
揭阳统考试卷高二第二学期地理答案,1,1
揭阳高一期末,1,1
揭阳高一期末统考试卷物理,4,1
揭阳高三期末统考,2,1
揭阳高二下期末,2,1
揭阳高二数学,1,1
搜索关键词：?新高考I卷英语真题 空白卷 word,9,1
搜索关键词：天津市河西区2025-2026八年级下学期期末，,2,1
搜索精简词：?包头市 高一下期末语文,2,1
搜索精简词：?南阳六校联考 高一下期末,1,1
搜索精简词：?南阳六校联考 高一下期末语文,3,1
搜索精简词：?豫北名校联盟 高一下期末语文,1,1
搜索资源     学科? 【上好课】2026年高一物理暑假作业（人教版,1,1
搜索：?扬子石化杯 第39届 江苏赛区复赛 2025-07-27,1,1
搜索：?扬子石化杯 第40届 江苏赛区复赛 2025-07-27,3,1
搭建起高三双基模拟,2,1
摩尔质量,4,1
摩擦,1,1
摩擦力 10大考点,1,1
摩擦力 10大考点习题,6,1
摩擦力 10大考点习题专题,2,1
摩擦力受力分析,1,1
摩擦力和滑轮杠杆以及浮力的综合题,4,1
摩擦力突变专题,6,1
摩擦角,1,1
摩擦角和摩擦自锁 全反力,4,1
摸底卷,6,1
摸底测,1,1
摸底淄博,1,1
摸底考蚌埠,1,1
摸底考试泉州五中分才交,1,1
播州区南初,10,1
播州区南初20232024分班考试卷,1,1
撷秀,1,1
擢英,2,1
擢英中学,1,1
擢英九年级,5,1
擢英九年级下学期,3,1
擢英八,1,1
擢英八上,18,1
攀枝花,2,1
攀枝花七中,1,1
攀枝花初三英语,2,1
攀枝花初二上册英语,5,1
攀枝花初二英语,3,1
攀枝花第七,1,1
攀枝花英语初三,3,1
攀枝花高一上册英语,9,1
攸县一中创新班数学,2,1
改病句,13,1
放大与缩小,3,1
政和县,1,1
政和县九年级数学,1,1
政和县九年级数学期中,2,1
政必修4,2,1
政治 0 一轮复习,3,1
政治 0 一轮复习巧汇宝典知识点,2,1
政治 01 主观题答题模板,4,1
政治 必修一1必背知识点,1,1
政治 必修一1高考必背核心知识点,4,1
政治 必修一1高考必背知识点,4,1
政治2025 2026八上期末历史,1,1
政治24至26年甘肃卷高考真题和全国二卷高考真题,1,1
政治25年,2,1
政治一模,3,1
政治七上选择题30道,10,1
政治九校联考一模,1,1
政治九校联考一模天津,4,1
政治人教版必修四提纲,5,1
政治传导题,3,1
政治全册思维导图,9,1
政治卷子,4,1
政治合格 考2025年 普通高中学业水平,5,1
政治合格考,1,1
政治山东高考卷,3,1
政治当代国际政治,15,1
政治必修4,5,1
政治必修一同步练,5,1
政治必修一山东高考题,3,1
政治必修一选择题,4,1
政治必修三,5,1
政治必修三大题,3,1
政治必修三政治与法治大题,2,1
政治必修二主观题,8,1
政治必修二单元卷,4,1
政治必修二期末的试卷,4,1
政治必修四,5,1
政治必修四选择题,5,1
政治必须二,1,1
政治易错,5,1
政治期末高一,1,1
政治期末高一湛江,3,1
政治经济类大题,1,1
政治联考,1,1
政治试卷 2026高考,1,1
政治试卷四模,1,1
政治选二,12,1
政治选修三,2,1
政治选修三第2单元,6,1
政治选择性必修一ppt,1,1
政治选择性必修一知识框架,10,1
政治选择性必修一综合试卷,1,1
政治选择性必修一背诵,2,1
政治选择题 2026专项训练,2,1
政治选择题专项训练,4,1
政治逻辑与思维,1,1
政治阶段滚动练,1,1
政治青岛一模,2,1
政治青岛三模,1,1
政治青岛二模,1,1
政治青岛期末,2,1
政治高一期末,12,1
政治高中选修三,4,1
政治高考复习,2,1
政治高考真题2025,4,1
政治高考真题主观题,1,1
政治高考真题主观题哲学,1,1
政治高考真题主观题必修四,2,1
政治高考选择题综合,1,1
政治．．,1,1
政治．．高三,4,1
敏学杯,1,1
教会我……的人,1,1
教学设计,2,1
教学质量检测,26,1
教学质量监测,5,1
教师版,1,1
教材 20016人教版电子版,2,1
教材 2024人教版电子版,1,1
教材习题答案,1,1
教材书,5,1
教材同步,3,1
教材回归,1,1
教材版本 + 八年级上册 + 章节/知识点 + 变式/举一反三,4,1
教材版本?单元?词汇拓展,10,1
教材版本，学科期末试卷,32,1
教材衔接13数学,1,1
教材课后答案,1,1
教版七上12单元测试,1,1
教研培优,1,1
教研联盟昭通高二期末试卷英语,1,1
教科书,5,1
教科版,7,1
教科版二六新版广东六年级上学期语法,1,1
教科版二六新版广东六年级上学期阳光学业评价,1,1
教科版广州五年级英语,2,1
教科版广州五年级英语全册单词默写表,4,1
教科版物理八下期末试卷,4,1
教科版物理必修三,3,1
教科版物理必修三课本,2,1
教科版英语三年级课件,1,1
教科版英语三年级课件上,1,1
教科院,1,1
教科院附中,1,1
教科院附属高中,1,1
教科院附属高级中学,1,1
教考衔接，120个文言诗词课内例句以及常见成语整理,3,1
教育出版社八年级上册物理,4,1
教育原理专升本,1,1
教育学,1,1
教育局教材英语选必二,3,1
教资,3,1
教资笔试真题,1,1
散文阅读女织,4,1
敦化实验,4,1
敬业与乐业,3,1
敬业初级,6,1
数 学2026,9,1
数 学期末考试真题,16,1
数与代数基础,1,1
数与式,5,1
数与式 01专题一轮复习,2,1
数与式中的计算与化简求值问题,5,1
数列  专题,3,1
数列 0 一轮复习 专题基础2026,2,1
数列 0 一轮复习 专题练习,16,1
数列 一轮复习,5,1
数列 一轮复习 基础高考题专项训练,16,1
数列 单元测试卷,3,1
数列 大题常考题型归,8,1
数列 奇偶分类典型例题,3,1
数列 奇偶求和分类典型例题,1,1
数列 ， 专题,1,1
数列一轮,1,1
数列一轮复习北师大,1,1
数列不等式,4,1
数列不等式放缩技巧,6,1
数列专项练习～,8,1
数列专题卷,1,1
数列创新题,1,1
数列单元卷,3,1
数列压轴题,1,1
数列压轴题竞赛,3,1
数列大题,4,1
数列大题训练,4,1
数列拓展,1,1
数列放缩,3,1
数列放缩  专题,4,1
数列新定义,1,1
数列求合,1,1
数列求和,5,1
数列求和方法,1,1
数列求和问题,1,1
数列求通项,4,1
数列求通项名校,19,1
数列的基本知识与概念,1,1
数列真题,1,1
数列真题汇编,1,1
数列知识清单,2,1
数列知识点,1,1
数列竞赛,2,1
数列计算,1,1
数列重难专题,5,1
数列难题,3,1
数列（错位/裂项）,7,1
数字传媒,2,1
数字媒体43,4,1
数学  全等三角形性质习题同步练习,2,1
数学  全等三角形性质习题同步练习基础,3,1
数学  轴对称习题,6,1
数学  轴对称习题同步练习,2,1
数学 0 2024 真题中考,1,1
数学 01 0205 高一,4,1
数学 上海 新教材 二次根式,1,1
数学 上海 新教材 二次根式 压轴,1,1
数学 上海 新教材 二次根式 拓展,1,1
数学 上海 新教材 二次根式 提高,1,1
数学 全国一卷高考,2,1
数学 公式 2026新高考公式汇总,5,1
数学 必修一,6,1
数学 有理数和有理数的运算,3,1
数学12校二模,2,1
数学2023普通高等学校 新课标一卷,1,1
数学2023高考真题,1,1
数学2023高考真题陕西,4,1
数学2024全国二卷,3,1
数学2024普通高度高等学校全国甲卷解析,6,1
数学2024普通高等学校 新课标一卷,3,1
数学2024高考真题陕西,1,1
数学2026朝阳一模,1,1
数学2026高二,1,1
数学2026高二期末试题,1,1
数学2026高二期末试题广西,7,1
数学5年级思维题,3,1
数学6年级上册活页练习,1,1
数学7年级上册期中试卷,3,1
数学9上21章前四小节,4,1
数学一 轮复习,2,1
数学一 轮复习7月,5,1
数学一元一次方程,6,1
数学一元一次方程知识清单,5,1
数学一元二次函数高一,3,1
数学一天一道压轴题,3,1
数学一模,2,1
数学一模24题专项,3,1
数学一段,1,1
数学一诊,4,1
数学一诊成都七中,2,1
数学一轮复习第一次月考,3,1
数学一轮复习资料2.1-2.6,5,1
数学一轮选择题合集,2,1
数学七上5.3实际问题与一元一次方程,11,1
数学七上5.3实际问题与一元一次方程书本上三大题型,1,1
数学七下期中,4,1
数学七下期末法库,2,1
数学七下期末试卷,6,1
数学七八年级综合试卷,1,1
数学七年级上册几何图形的初步知识清单,4,1
数学七年级上册平行线比例试题泰安,1,1
数学七年级上册第一单元测试卷,1,1
数学七年级上册第四单元,1,1
数学七年级下册,6,1
数学七年级下册人教版相交于平行线,2,1
数学七年级下册人教版相交于平行线知识清单,4,1
数学七年级下册单元测试,2,1
数学七年级下册单元测试因式分解,6,1
数学七年级下册单元测试第十一章,1,1
数学七年级下册单元测试第十一章2026曹县,1,1
数学七年级下册因式分解,1,1
数学七年级下册平面图形,1,1
数学七年级平行线比例试题泰安,1,1
数学七年级相交于平行线知识清单,5,1
数学七年级计算,3,1
数学七年级计算沪科,2,1
数学三角函数专题练习,2,1
数学三角函数数列裂项,5,1
数学三角函数知识点,7,1
数学不等式大题,4,1
数学专项,1,1
数学专项分数,1,1
数学专项分数乘法,2,1
数学专项分数除法,1,1
数学专项分数除法带结论,1,1
数学专项训练,1,1
数学两线距离问题,3,1
数学中考2018,3,1
数学中考一轮复习讲义,2,1
数学中考及一模，二模,2,1
数学九上,3,1
数学九上2023到2024联合体期末试卷,1,1
数学九上一元二次方程应用,2,1
数学九上人教版,1,1
数学九上期中沈阳,2,1
数学九上期末沈阳,1,1
数学九上沪科版第一单元合肥卷,2,1
数学九上特殊的平行四边形,4,1
数学九年级,1,1
数学九年级上册新版本教材,4,1
数学九年级课程,1,1
数学九江市2025-2026学年度下学期期末考试,3,1
数学书,1,1
数学书 9年级上册,1,1
数学书人教版选修第1册,2,1
数学书湘教版电子教材,4,1
数学书课本答案,2,1
数学书选修第1册,5,1
数学二次函数图像,4,1
数学二次函数图像培优,2,1
数学二级结论,2,1
数学二轮教材衔接13数学,4,1
数学二阶,1,1
数学二阶理论,1,1
数学云南高一,22,1
数学五年级,2,1
数学五年级下册选择题,4,1
数学五年级下册选择题专项练习,2,1
数学五年级唐山,1,1
数学五年级奥数,1,1
数学人教A版必修一三角函数,5,1
数学人教B版课后题答案,5,1
数学人教B版课后题答案大全,5,1
数学人教版A必修一第一章测试卷,2,1
数学人教版九上数学,1,1
数学人教版九上数学一单元,2,1
数学人教版高一下期末,9,1
数学人教版高一下试题,2,1
数学代数,6,1
数学入学考试,17,1
数学全品,1,1
数学全国一卷,3,1
数学全国二卷,4,1
数学八上,4,1
数学八上日照,1,1
数学八上期中沈阳,6,1
数学八上期中考试,2,1
数学八下,11,1
数学八下期中,7,1
数学八下期中沈阳,2,1
数学八下期末天津,3,1
数学八下期末无答案,15,1
数学八下期末无答案四川省,7,1
数学八下期末沈阳,2,1
数学八年级上册二元一次，方程,3,1
数学八年级上册二元一次，方程，专项练习,2,1
数学八年级上册北师大版,2,1
数学八年级上册北师大版，根号的运算，专项练习,17,1
数学八年级上册南京市,24,1
数学八年级上册沪科版，第1单元试卷,13,1
数学八年级下册华东师版教材帮,5,1
数学八年级下册华东师版教材帮电子版,3,1
数学八年级下册华东师版教材帮练习帮电子版,1,1
数学八年级下册芝罘区2020-2021期中试卷,1,1
数学八年级下册芝罘区2025-2026期中试卷,1,1
数学八年级人教版下册期末考试卷濮阳市2025-2026,2,1
数学八年级期末,1,1
数学公式,1,1
数学六年级上册三单元,1,1
数学六年级下册平行线比例试题泰安,2,1
数学六年级下册试卷,2,1
数学几何专项,1,1
数学函数专练高中高一,5,1
数学函数单调性奇偶性专项训练,6,1
数学函数压轴题,1,1
数学函数压轴题高考,3,1
数学函数压轴题高考北京,2,1
数学函数的对称型与奇偶性,21,1
数学函数的对称型与奇偶性学科网原创,8,1
数学创作题,1,1
数学创新提,4,1
数学创新设计,1,1
数学初一一二单元,1,1
数学初三第一章,5,1
数学初中,6,1
数学初等函数,3,1
数学初等函数知识点,1,1
数学初高中衔接,5,1
数学前三道大题,1,1
数学动图,2,1
数学动态几何加一次函数求函数解析式的例题,3,1
数学勾股定理的逆定理及其应用,4,1
数学勾股定理课程,1,1
数学北师大版8年级上册名校课堂电子版,1,1
数学北师大版8年级上册名校课堂电子版2026,3,1
数学北师大版高一,1,1
数学北师大版高一上,1,1
数学北师大版高一上单元卷,2,1
数学十二校二模,8,1
数学单元测试,3,1
数学南昌初二下册期末卷,3,1
数学压轴小题高考,2,1
数学压轴题,4,1
数学压轴高考,6,1
数学向量,1,1
数学四年级,5,1
数学四年级上册北师大版人口普查测试卷,4,1
数学四年级上册北师大版大豆产量测试卷,1,1
数学四年级上册期中,10,1
数学四年级青岛版笔记,6,1
数学图像的平移与对称,9,1
数学圆,1,1
数学圆锥曲线大题专练,8,1
数学圆锥曲线讲义,3,1
数学培优,9,1
数学基本不等式大题,1,1
数学基础模块上册,2,1
数学基础训练,1,1
数学基础题,1,1
数学基础题高中,1,1
数学复习一轮专题,2,1
数学大小比较,4,1
数学大题,12,1
数学大题专练,4,1
数学天天练一年级上册,5,1
数学天津高三,16,1
数学奥林匹克东南杯,1,1
数学奥林匹克竞赛,5,1
数学学案,1,1
数学学科南关2015至2016学年度下学期七年级期中质量调研题,3,1
数学学考,6,1
数学对称型与奇偶性,1,1
数学导数专题,5,1
数学导数小题,3,1
数学射影定理,1,1
数学小升初石家庄,1,1
数学小升初石家庄分班考,1,1
数学小升初试卷,1,1
数学平行线比例试题泰安,2,1
数学平面向量专题,4,1
数学应用题,1,1
数学底层逻辑考察,5,1
数学强基,12,1
数学德州高中,2,1
数学必修2,3,1
数学必修一上册第1单元,2,1
数学必修一平江县期末试卷,5,1
数学必修一平面向量,3,1
数学必修一所有练习题,1,1
数学必修一第一二章章末检测卷,3,1
数学必修一第一章章末检测卷,2,1
数学必修一第三章复习,1,1
数学必修一第三章复习讲义,3,1
数学必修一第二章测试卷,3,1
数学必修一第二章测试卷湘教版,2,1
数学必修一综合试卷,13,1
数学必修一试卷,4,1
数学必修三课本,1,1
数学必修二,7,1
数学必修二平面向量,1,1
数学必修二知识点,2,1
数学必修二第一单元测试基础,4,1
数学必修二第十章,2,1
数学必修二课程,2,1
数学必刷题高考合订本,2,1
数学思维能力竞赛,1,1
数学惠一调,1,1
数学惠一调2026,2,1
数学所有公式,2,1
数学找规律题,8,1
数学拨高,7,1
数学排列组合专题,1,1
数学教材,5,1
数学教材人教版A版答案,8,1
数学教材电子版,2,1
数学教材电子版湘教版,5,1
数学教材答案,5,1
数学数列,3,1
数学数列专题卷,3,1
数学数列知识点,3,1
数学数列裂项,3,1
数学整式的加减,9,1
数学整式的加减期末知识必备清单,3,1
数学新未来,9,1
数学新高考二卷,1,1
数学方程专项训练,1,1
数学暑假作业,7,1
数学最新最难,4,1
数学月考,5,1
数学月考试卷,1,1
数学月考高高一,1,1
数学月考高高一上胶南一中,9,1
数学月考高高一胶南一中,4,1
数学有理数,1,1
数学期末7年级下册,8,1
数学期末卷七年级下册,1,1
数学期末考试卷五下,8,1
数学极值点偏移,15,1
数学椭圆,4,1
数学模块3,5,1
数学模型大全,4,1
数学模拟卷02,1,1
数学模考冀教版,1,1
数学永州市2026年高考第一次模拟考试,3,1
数学求w的范围,1,1
数学沪科版九上第一单元,1,1
数学浓度,2,1
数学浙教版八年级上册,3,1
数学浙教版八年级上册，视频,2,1
数学湖南,1,1
数学烟台期末,2,1
数学直线与圆,4,1
数学真题,1,1
数学真题卷期末,2,1
数学知识总结,1,1
数学短型探索压轴题,2,1
数学短型探索压轴题讲解,2,1
数学神龙反比例函数的面积模型,1,1
数学空间平行关系,1,1
数学立体几何,1,1
数学立体几何 单元提升练,4,1
数学立体几何交线截面,1,1
数学立体几何大题训练,3,1
数学竞赛 八年级,1,1
数学竞赛不等式,4,1
数学第一单元测试卷,1,1
数学第一单元测试卷人教版,1,1
数学第一单元测试卷人教版七年级,1,1
数学第一单元测试卷人教版七年级上册,1,1
数学练习,4,1
数学练习册,1,1
数学考试最后动态几何加一次函数求函数解析式的例题,3,1
数学联赛,1,1
数学自主招生试卷,68,1
数学花园探秘（原迎春杯）五年级真题,8,1
数学苏教版八年级上册,1,1
数学衔接资料,1,1
数学西师版六年级上册,3,1
数学视频,1,1
数学解三角形,3,1
数学解三角形大题专题练,5,1
数学解三角形大题专题练高考题,6,1
数学解析几何定点,1,1
数学计算 100专项训练计算专项,10,1
数学计算八下,1,1
数学计算题高一,10,1
数学试卷13题15题,1,1
数学试卷三角形,1,1
数学试题,7,1
数学课本,1,1
数学贵阳初二,2,1
数学趣题,1,1
数学选修一人教版电子书,2,1
数学选修一期末卷,4,1
数学选修一空间向量专题测试卷,4,1
数学选修一空间向量第一次月考,19,1
数学选修一综合卷,5,1
数学选修一解析几何,1,1
数学选修一课本,1,1
数学选修一课本河北,1,1
数学选修一课本电子版,1,1
数学选修三复习卷,4,1
数学选择题专练,10,1
数学镇江,1,1
数学集合单元测试卷,1,1
数学集合的定义,2,1
数学集合知识点,1,1
数学题,7,1
数学题组专练,2,1
数学题高二,2,1
数学题高二立体几何,7,1
数学高一,10,1
数学高一上期中,6,1
数学高一上期末卷,2,1
数学高一下学期期末试卷,15,1
数学高一下期末,8,1
数学高一举一反三讲义,2,1
数学高一函数新定义,3,1
数学高一因式分解,1,1
数学高一年级学年联考,6,1
数学高一必修1上期末,2,1
数学高一必修二章测卷,2,1
数学高一期末卷河南,1,1
数学高一讲义,3,1
数学高一讲义专题2.3二次函数,3,1
数学高一讲义二次函数,3,1
数学高一试卷,3,1
数学高三上学期开学考,7,1
数学高三开学考,1,1
数学高三开学考济南,7,1
数学高中圆锥曲线预习讲义,3,1
数学高中必刷题,1,1
数学高二,1,1
数学高二上,1,1
数学高二上学期第一次月考,4,1
数学高二下期末,2,1
数学高二下期末五校联考,3,1
数学高二暑假预习习题立体向量,3,1
数学高考2018,2,1
数学高考主元法,1,1
数学高考公式,5,1
数学高考函数主元法练习题,1,1
数学高考真题三年全国二卷,4,1
数学高考真题全国,1,1
数学高考近年来新颖的题,2,1
数学高联一试模拟卷,1,1
数学鲁教版八年级上册第二章二次函数同行学案测试题,2,1
数学，九上，北京,1,1
数学，九上，北京，二次函数反比例函数,3,1
数学，九上，北京，相似形,13,1
数学：2026-2027学年北师大版八年级数学上册第三章位置与坐标单元练习,4,1
数对,1,1
数形结合,6,1
数据的分析 八下 人教版,1,1
数智竞赛,2,1
数理报 2025 2026学年七年级下册数学,4,1
数理模拟,1,1
数的开方,5,1
数的性质和意义,1,1
数空间向量,1,1
数组,1,1
数英语试卷,1,1
数论,5,1
数论 奥数,1,1
数词的应用,2,1
数词英语,6,1
数轴动点基础题,1,1
数轴动点问题,1,1
数轴周期,1,1
数轴的动点问题,5,1
数高一函数新定义,1,1
数高一函数新定义问题,1,1
整个初中英语八个时态,13,1
整体法和隔离法的应用,7,1
整体配平法,3,1
整式乘法 100道 基础题,2,1
整式乘除 100道混合计算题初中数学,5,1
整式化简求值专项训练,10,1
整式及其加减,5,1
整式沪教,4,1
整式添括号,3,1
整式的乘法,12,1
整式的乘法人教版,8,1
整式的乘法知识卡片,4,1
整式的乘法知识点,3,1
整式的乘除,3,1
整式的加减法,3,1
整式的计算,1,1
整式的除法,14,1
整式章节检测,6,1
整式跟分式,3,1
整式跟分式知识汇总,2,1
整式运算,2,1
整式（举一反三）,1,1
整数乘除与因式分解,3,1
整数四则运算,1,1
整本,2,1
整本书,2,1
整本书阅读,3,1
整本书阅读红楼梦,1,1
文园中学数学,6,1
文坛,2,1
文学类文本阅读真题汇编,2,1
文学类文本阅读真题汇编山东,2,1
文学类文本阅读（小说）,1,1
文学类文本阅读（小说）5年,1,1
文学类文本阅读（小说）5年汇编,1,1
文学类文本阅读（小说）5年汇编高考,3,1
文山学院,1,1
文山州,46,1
文山州2026高一数学检测,3,1
文山州2027高一数学检测,8,1
文山州统测,10,1
文山红河26届,2,1
文德,1,1
文德学校,7,1
文心,5,1
文昌高级中学,4,1
文明的产生和古代亚非文化单元测试卷,9,1
文曲星,1,1
文本特征,4,1
文档编号：zxxk.com/soft/49224213.html。,1,1
文正,1,1
文澜中学,2,1
文澜中学2025学年第二学期期中考试初一英语试卷,5,1
文登区四年级,1,1
文言 文100个实词虚词翻译文段,3,1
文言 文120个实词 整理和文言虚词总结,1,1
文言 文120个实词 整理和文言虚词总结，爱，安，被……,4,1
文言 文翻译文段,2,1
文言 文限时练,4,1
文言实词 120个背诵,4,1
文言文 实词120个18个虚词,4,1
文言文 阅读,1,1
文言文120个常用实词及语境练习.,4,1
文言文专题,8,1
文言文专题训练,3,1
文言文六年级,2,1
文言文加点词语及相关内容解说考点训练,2,1
文言文句式,3,1
文言文四大特殊句式专项练习题（判断、被动、倒装、省略）高一基础版,2,1
文言文四大特殊句式专项训练（判断句、被动句、倒装句、省略句） 高一基础版 筛选标签：高一、全国通用、专项练习，搜出来就是纯句式练习题，不带其他阅读、诗歌杂题，刷题效率最高。,15,1
文言文填空,2,1
文言文字词,9,1
文言文实词120个,3,1
文言文实词第二组，察，朝,3,1
文言文实词虚词必背,2,1
文言文挖空练习,1,1
文言文挖空练习 高中,3,1
文言文断句,5,1
文言文断句技巧,2,1
文言文汇编高31模北京,1,1
文言文真题,2,1
文言文真题汇编,8,1
文言文知识梳理,5,1
文言文练习题,6,1
文言文翻译,9,1
文言文训练,1,1
文言文课本,2,1
文言文选择,3,1
文言文阅读,1,1
文言文阅读高考命题透析,3,1
文言虚词,27,1
文通中学分班考,1,1
斗门一中,3,1
斜抛,4,1
斜抛专题,1,1
斜率,1,1
斜率角,1,1
斜率齐次化,3,1
斜率齐次化怎么写,1,1
断句 202 6高考二轮复习,1,1
新 高一 2025年分班考试北京市,1,1
新 高一 2026年暑假衔接数学,6,1
新8上u1-u6单词默写,1,1
新一卷语文,1,1
新一卷语文高考,1,1
新世界中英文,10,1
新世纪2026小升初语文摸拟考试,4,1
新东方七升八英语入学测试卷 满分50 无作文,1,1
新东方雅思,1,1
新中分班考,1,1
新九上名著阅读,1,1
新九年级数学新教材人教版暑假预习讲义,26,1
新九年级数学新教材暑假预习讲义,9,1
新九年级物理新教材沪科版,17,1
新乡,14,1
新乡2025-2026八上期中英语,2,1
新乡2025-2026八上期末英语,1,1
新乡市2025-2026学年年度高一下学期素养评价三,3,1
新乡市一中新高一开学考试卷,1,1
新乡市二十一中,4,1
新乡市太行中学,2,1
新乡市物理8年级上月考,3,1
新乡市第一中学,2,1
新乡市第一中学高一月考卷,1,1
新乡市第十中学八年级上册期末英语,1,1
新乡市红旗一中,1,1
新乡市红旗区第一中学,1,1
新二卷数学,1,1
新人教版九年级上册英语单词背诵带音标,4,1
新人教版八上英语单词表背诵版,5,1
新人教版八上英语知识点巩固＆,1,1
新人教版八上英语知识点巩固＆综合,1,1
新人教版高中英语所有单词按顺序排序,11,1
新仁爱版八下期末卷,2,1
新仁爱版英语,1,1
新会一中,10,1
新会第一中学,2,1
新余一中,1,1
新余一中高一下,11,1
新余中考,2,1
新余市高一期末数学,5,1
新八年级人教版数学巩固试卷,12,1
新八年级人教版物理巩固试卷,20,1
新八年级人教版英语巩固试卷,2,1
新八年级物理新教材人教版期中考试,4,1
新八校,19,1
新八校4月,1,1
新初1分班考,4,1
新初一,1,1
新初一入学分班考试数学试卷,2,1
新初一分班卷真题卷郑州,1,1
新初一分班卷真题卷郑州四十七,2,1
新初一分班考试,1,1
新初一分班考试数学试卷郑州,2,1
新初一分班考试语文郑州的,2,1
新初一开学考,3,1
新初一摸底考试,3,1
新初一简单卷,1,1
新初三英语,4,1
新初三英语单项选择,3,1
新初三英语期中,11,1
新初三阶段练习,4,1
新初三阶段联系,1,1
新力量联盟,2,1
新力量联盟高三,1,1
新化,7,1
新化二中9月模拟,1,1
新化县,19,1
新化期中,8,1
新华,3,1
新华爱心高级中学,2,1
新城一中高一数学,2,1
新城中学,2,1
新城区赛罕区数学八下,15,1
新塘中学,1,1
新宁县思源实验学校,7,1
新安2025-2026八上期末数学,1,1
新定义函数专题,1,1
新川中学,2,1
新巴川,1,1
新市第九中学2024到2025学年度上学期期末考试高二英语学科,1,1
新建一小,2,1
新建一小六年级数学,3,1
新建路,4,1
新思维英语,3,1
新思维高中数学精品,1,1
新教材七年级上册第一单元完形填空,1,1
新教材人教版七年级上册第一单元完形填空,1,1
新教材人教版七年级上册英语第一单元完形填空,3,1
新教材人教版七年级上册英语第一单元完形填空试卷,1,1
新昌五年级下册期末数学,6,1
新未来高一,4,1
新概念,6,1
新概念 01,2,1
新概念 01 1 03新概念第一册,1,1
新概念 01 1 03新概念第一册 47免费,3,1
新概念2,1,1
新概念2单词表,3,1
新概念一,1,1
新概念二,1,1
新概念完美演练,1,1
新概念测试卷,1,1
新概念第二册,1,1
新概念英语一六十七到72测试卷,1,1
新概念英语一六十七到72课试卷答案,2,1
新概念英语一同步测试卷,1,1
新概念英语二,1,1
新概念英语测试卷,2,1
新概念英语第一册Lesson3SORRY，SIRLESSON4IS，THIS，YOUR一课一练,2,1
新概念试卷,2,1
新概念试卷一课一练,1,1
新民,38,1
新民学校2026届高三适应性考试(一) 地理试卷,1,1
新民市,9,1
新民市八上，数学,3,1
新沂一中,3,1
新沂市海门高中,2,1
新沂市第一中学,5,1
新沂市高级中学,2,1
新泰一中,1,1
新泰一中东校高一下质检二,4,1
新泰一中北校,2,1
新泰一中高二期中,3,1
新泰七年级上册数学期中,2,1
新泰八年级上物理,3,1
新泰市2026年数学期末考试试题,3,1
新泰市九上数学期中2025,1,1
新泰市九上数学期末,4,1
新泰市九上数学期末2025,5,1
新泰市新泰一中,7,1
新津区八年级英语期末试卷,1,1
新津区成外学校,5,1
新洲,1,1
新洲一中,5,1
新洲区八年级下册期末数学试卷2023,5,1
新海高中数学高一月考,7,1
新海高中高一月考,3,1
新海高级中学数学高一上10月考,1,1
新海高级中学高二上物理,3,1
新海高级中学高二上生物,6,1
新海高级中学高二上英语,2,1
新海高级中学高二上语文,4,1
新版9年级上册鲁教版数学课本电子版,1,1
新版九上化学化学变化与物理变化练习,1,1
新版九上化学我们周围的氧气练习题,6,1
新版九上化学我们身边的氧气,1,1
新版九年级外研版英语单词,1,1
新版仁爱九上单词表,11,1
新版听力训练(综合训练)01(全国通用)2026年高考英语二轮复习高效培优系列,3,1
新版外研社八年级英语知识点,1,1
新版本7年级下册英语电子版,1,1
新版科普版八上英语单词可打印默写文档,1,1
新版译林九上英语单元测试卷,17,1
新生假期衔接材料,2,1
新生分班,2,1
新生素养,1,1
新疆2020中考数学真题卷子,2,1
新疆2026中考,15,1
新疆2026中考伊犁,5,1
新疆2026高一期末考,1,1
新疆一年级下学期升学模考,2,1
新疆七年级上学期阶段检测,2,1
新疆七年级下学期期末,2,1
新疆七年级下学期阶段检测,2,1
新疆中考2026,1,1
新疆中考2026英语真题,2,1
新疆中考物理,2,1
新疆中考真题,2,1
新疆乌鲁木齐七年级英语期末考试卷,1,1
新疆乌鲁木齐天山区七年级英语期末考试卷,2,1
新疆乌鲁木齐天山区初二期末数学,11,1
新疆乌鲁木齐天山区初二期末语文,3,1
新疆乌鲁木齐市师大附中,1,1
新疆乌鲁木齐市师大附中直升班考试,1,1
新疆乌鲁木齐市第十三中学物理三模,1,1
新疆九年级上学期期中,10,1
新疆九年级上学期阶段检测,2,1
新疆九年级下学期期末,2,1
新疆人教版七年级下数学期末试卷,9,1
新疆伊犁州2026高一期末考,3,1
新疆伊犁州伊宁市期末高二,2,1
新疆克孜勒苏高一下学期期末卷,2,1
新疆八上期末,26,1
新疆八年级上学期期中,13,1
新疆八年级下学期期末,6,1
新疆六年级下学期升学模考,1,1
新疆六年级下学期升学真题,1,1
新疆兵团二中 分班考,1,1
新疆兵团第一中学分班考试,9,1
新疆农业大学,2,1
新疆分班真题卷,2,1
新疆初一分班,1,1
新疆十三中分班真题卷,2,1
新疆升学真题,1,1
新疆南疆中考2026,3,1
新疆吐鲁番中考,1,1
新疆吐鲁番中考化学,6,1
新疆吐鲁番市2024年至2025年七年级上册数学期末综合测试卷,3,1
新疆吐鲁番市2025年至2026年8年级下册历史期末综合测试卷,1,1
新疆吐鲁番市2025年至2026年七年级上册数学期末综合测试卷,6,1
新疆和田地区八年级下册数学2025－2026学年期末试卷,1,1
新疆和田期末考试,1,1
新疆喀什地区2026高考试卷,4,1
新疆喀什第二中学2025~2026高一数学月考,2,1
新疆地区中考语文真题卷。,1,1
新疆巴州,3,1
新疆师大附中2025 2026 初二年级期末考试数学,1,1
新疆师大附中直升班考试,1,1
新疆师范大学附属中学,2,1
新疆师范大学附属中学高一入学考试,3,1
新疆师范大学附属中学高一入学诊断,3,1
新疆师范大学附属中学高一开学考试,2,1
新疆建设兵团一中 物理第1次月考,1,1
新疆新课标模拟卷,16,1
新疆昌吉回族自治州第二中学2025至2026学年七年级下学期道德与法治期末试卷,2,1
新疆昌吉奇台一中,6,1
新疆期末,3,1
新疆百校联盟,1,1
新疆百校联盟分班真题卷,2,1
新疆维吾尔自治区,16,1
新疆维吾尔自治区 阿克苏地区 2024~2025学年 期末练习试题,4,1
新疆维吾尔自治区阿克苏市2025至2026学年数学期末测试试卷,8,1
新疆英语试卷,1,1
新疆重点高中自主招生数学考试真题卷,1,1
新疆金太阳联考英语,1,1
新疆阶段检测,1,1
新疆阿克苏高一语文第二学期期末模拟卷,8,1
新疆高一上学期阶段检测,1,1
新疆高一下册政治单元卷,1,1
新疆高一下册物理,1,1
新疆高一下学期期末,2,1
新疆高三上学期期末,4,1
新疆高中学业水平测试7月,5,1
新疆高中数学学考卷子,1,1
新疆高二上学期阶段检测,1,1
新疆高考,1,1
新疆高考2025年数学试卷,10,1
新疆高考2026年真题卷子数学,7,1
新疆高考2026年真题卷子生物,7,1
新疆高考2026年真题卷子语文,2,1
新疆高考2026年真题卷生物,1,1
新疆高考题,3,1
新秀,3,1
新罗区龙岩初级中学2024到2025八年级上册物理试卷,3,1
新考案一轮复习金太阳,1,1
新英,1,1
新营中学,4,1
新营中学英语,2,1
新观察,5,1
新观察天津版,1,1
新课堂同步训练,5,1
新课标 1 1卷 高考 2026,1,1
新课标1卷,3,1
新课标1卷物理,1,1
新课标1卷英语,1,1
新课标2卷,2,1
新课标2卷2026高考,2,1
新课标3000词Excel,15,1
新课标3500词,2,1
新课标3500词 音标+词性+释义,3,1
新课标二卷化学,6,1
新课标二卷答题卡,7,1
新课标同步单元练习,11,1
新课标外研版英语真题试卷,10,1
新课标外研版英语试卷中考,1,1
新课标高考英语3500词带音标完整版,10,1
新课程同步练习册高中地理必修二,5,1
新课程同步练习册高中地理必修二 重难点探究部分的方法突破内容一个抄两遍 （注:5个章节的都要,1,1
新课程能力培养 2025 2026学年高中生物选择性必修1,3,1
新课程能力培养生物必修2夹卷,5,1
新课程能力培养生物选修一,2,1
新课程能力培养高中生物,1,1
新课程自主评价,2,1
新起点作业本九上数学,2,1
新起点日语第一册,1,1
新邵县联考,3,1
新郑市八年级上英语期末卷,2,1
新郑市八年级数学,7,1
新都一中 高一上 月考 政治,6,1
新都一中历史资料,5,1
新都中学,4,1
新野县期中试卷,17,1
新镇中学下小升初,1,1
新闻周刊,4,1
新闻周刊2026,1,1
新闻英语阅读拔尖训练,2,1
新青岛版数学四年级上册期中检测卷,11,1
新题型日语初级听力,2,1
新风向,1,1
新飞六中,9,1
新高1分班入学卷,2,1
新高一 分班考,2,1
新高一上学期入学分班考试卷,1,1
新高一入学分班卷内蒙古包头市,2,1
新高一入学分班考试卷,1,1
新高一入学考试卷,1,1
新高一分班考化学,1,1
新高一分班考物理,2,1
新高一化学暑假提升培优讲义,5,1
新高一地理作业,5,1
新高一地理课本,1,1
新高一学习资料,2,1
新高一开学分班考,1,1
新高一开学分班考 上海,2,1
新高一开学模拟,1,1
新高一开学模拟考试含听力全国通用,3,1
新高一开学第一课,2,1
新高一开学考信高,1,1
新高一开学考河南,6,1
新高一开学考河南驻马店市地高,4,1
新高一开学考河南驻马店市地高免费,1,1
新高一开学考福建,4,1
新高一开学考试卷,1,1
新高一教材数学,3,1
新高一暑假衔接班,1,1
新高一物理加速度,4,1
新高一英语,1,1
新高一英语阅读题,4,1
新高一语文必备文,2,1
新高一语文期中考试真题,1,1
新高一预习卷,1,1
新高三开学考,5,1
新高三暑假组合练,2,1
新高三暑假组合练英语,2,1
新高二开学摸底卷,1,1
新高二数学沪教版,3,1
新高二暑假自学课提升精品,3,1
新高二暑假自学课提升精品人教版,4,1
新高二暑假预习讲义,2,1
新高二暑假预习讲义免费,3,1
新高二英语暑假精品课程（外研版2019）,10,1
新高考 1卷,1,1
新高考 2卷2023,2,1
新高考 2卷2024,4,1
新高考 3500词 完整版,1,1
新高考 导数 单调性 极值最值 基础大题,1,1
新高考1卷英语,1,1
新高考2026卷，数学,1,1
新高考2卷数学,2,1
新高考60篇古诗文挖空默写必修下册,3,1
新高考60篇古诗文默写大全必修下册,1,1
新高考8省,3,1
新高考一卷2023数学,2,1
新高考一卷2024语文,2,1
新高考一卷河南,3,1
新高考一卷语文,1,1
新高考一卷语文答题卡,1,1
新高考一卷语文答题卡2026,12,1
新高考一卷近5年真题高频词汇总,12,1
新高考一段语文,1,1
新高考一轮复习,8,1
新高考二卷2025数学,1,1
新高考作文范围,2,1
新高考全国一卷,4,1
新高考全国一卷历史,2,1
新高考全国一卷历史6月,1,1
新高考全国一卷数学,1,1
新高考全国一卷数学高考真题,2,1
新高考单词,1,1
新高考古诗文60篇,2,1
新高考基地,7,1
新高考安徽顶尖高中联考,5,1
新高考教学教育联盟,9,1
新高考新定义创新题型,22,1
新高考方案 数学,3,1
新高考方案 数学答案,2,1
新高考物理一轮基础模型汇总 受力 斜面 恒定电流 公式二级结论,2,1
新高考语文一卷,2,1
新高考语文必背60篇诗文突破,1,1
新高考语文必背古诗文60篇,3,1
新高考课标英语3500单词,4,1
新高考课标英语3500词汇,2,1
方城,4,1
方城一高百题无错,1,1
方城五高,3,1
方程七年级,3,1
方程与不等式应用题,2,1
方程和不等式一轮复习,4,1
方程和不等式复习,5,1
方程和不等式必修一数学,3,1
方程和不等式数学,1,1
方程式,1,1
方程式总结化学,2,1
方程式汇总,2,1
方程式默写,1,1
旅顺中学,8,1
旋转,1,1
旋转与手拉手,1,1
旋转体,4,1
旋转全等几何综合,1,1
旋转单元测试,1,1
旋转单元测试初三,4,1
旋转图形,1,1
旋转圆,3,1
旋转圆 放缩圆 平移圆 磁聚焦专题,5,1
旋转对称,1,1
旋转题目,1,1
旋转题目课时练,1,1
无为,2,1
无为中学高一期中卷数学上,1,1
无为中学高一期中数学,1,1
无为县四下期末数学,1,1
无为市2025 2026,7,1
无为市无中自主招生,6,1
无为第三中学,2,1
无机,1,1
无机化合物,1,1
无机化学大题,10,1
无机非金属材料,5,1
无棣一中,1,1
无棣县六年级下册小学数学试题2025至2026,1,1
无棣县六年级下册小学科学试题2025至2026,1,1
无棣县六年级下册小学英语试题2025至2026,1,1
无棣县六年级下册小学语文试题2025至2026,2,1
无棣县六年级下册小学道法试题2025至2026,1,1
无棣县高一,5,1
无源单棒,4,1
无答案卷,12,1
无锡 10 月数学,3,1
无锡一中太湖新城,1,1
无锡一中高二上期末物理试题,2,1
无锡一中高二上物理,1,1
无锡七上数学期中,13,1
无锡七上数学期末,4,1
无锡中考,4,1
无锡中考数学,1,1
无锡中考真题,2,1
无锡中考英语卷,1,1
无锡中考语文,5,1
无锡九上化学期末,3,1
无锡八上期中试卷学易金卷,1,1
无锡八上物理天一实验,1,1
无锡八上物理天一实验期末实验,1,1
无锡八上语文期末,4,1
无锡八下期末试卷数学,2,1
无锡初二上生物,7,1
无锡天一,2,1
无锡天一中学八上12月月考,1,1
无锡天一中学高一,1,1
无锡宜兴,3,1
无锡小升初分班,13,1
无锡市,12,1
无锡市2026届高三教学质量调研测试物理,8,1
无锡市一中,1,1
无锡市中考,2,1
无锡市市北,3,1
无锡市惠山区,6,1
无锡市江南中学,1,1
无锡市江南中学2025至2026学年度第一期中考试,1,1
无锡市第一中学,2,1
无锡市第一学期期末考试,1,1
无锡市高二化学期末,1,1
无锡新,1,1
无锡期末,2,1
无锡期末考试,5,1
无锡生物,1,1
无锡第一中学,2,1
无锡英语八上期中,3,1
无锡英语期末,1,1
无锡英语期末八上,3,1
无锡锡山高级中学高三上期初物理试卷,8,1
无锡高一上九月份,1,1
无锡高三期中,9,1
无锡高三期中统考,13,1
无锡高三期末统考,3,1
无锡高二下期末,1,1
无锡高二下期末数学,3,1
无锡高二物理,1,1
无限小数除法,5,1
无题,2,1
日,1,1
日坛,6,1
日常作文所用的短语,3,1
日本,2,1
日照2025高二上期中数学,2,1
日照2025高二上期中物理,3,1
日照2025高二上期末数学,3,1
日照2025高二期中数学,3,1
日照一中 2025-2026 学年高二上 开学,1,1
日照一中 2025-2026 学年高二上 第一次化学原卷,5,1
日照一中 2025-2026 学年高二上 第一次英语原卷,2,1
日照一中开学考试卷,5,1
日照一中高一,2,1
日照一中高一物理,1,1
日照一中高二上学期10月,1,1
日照一中高二上学期第一次月考,1,1
日照三模,1,1
日照九年级上学期开学考,12,1
日照九年级开学考,1,1
日照二模,4,1
日照初二化学,2,1
日照北京路中学七年级,1,1
日照北京路中学七年级开学考,1,1
日照实验高一上期中数学,1,1
日照实验高一上期中物理,7,1
日照实验高一上期中英语,2,1
日照实验高一上期末化学,3,1
日照实验高一上期末物理,8,1
日照实验高中期末政治,3,1
日照岚山,1,1
日照岚山化学九上,2,1
日照岚山化学八上,5,1
日照岚山数学八上,2,1
日照岚山物理八上,4,1
日照岚山英语八上,5,1
日照市,3,1
日照市2024年高三上学期开学考物理,3,1
日照市2024年高二上学期校际联合考试,4,1
日照市2025年高三上学期开学考,1,1
日照市2025年高三上学期开学考物理,1,1
日照市2025年高三上学期校际联合考试,1,1
日照市2025年高二下学期期末化学,1,1
日照市2025级高一数学数学,2,1
日照市2025高一上期末统考数学,7,1
日照市2025高二上学期校际联合考试,1,1
日照市2026年高三上学期开学考化学,1,1
日照市2026年高三上学期开学考数学,3,1
日照市2026年高三上学期开学考物理,6,1
日照市2026期末数学试卷,1,1
日照市东港区新营中学初一上册数学绝对值测试卷,3,1
日照市东港区新营中学初一数学绝对值测试卷,3,1
日照市俄语 2026,1,1
日照市初一生物人教版上册第三和四章课堂测试,1,1
日照市实验高中英语,2,1
日照市实验高中高一上学期期中数学,4,1
日照市实验高中高一上学期第二次月考数学,1,1
日照市实验高中高一数学月考卷,4,1
日照市实验高中高一物理月考卷,1,1
日照市实验高中高一第一次月考英语,1,1
日照市期末,9,1
日照市生物人教版上册第三和四章课堂测试,1,1
日照市第三中学,1,1
日照市高一下期末考试,1,1
日照开学考试,1,1
日照新营中学,4,1
日照新营中学八年级月考,1,1
日照新营中学数学八上,2,1
日照新营中学物理八上,2,1
日照新营中学物理八下,2,1
日照新营中学英语八上,2,1
日照月考八上,20,1
日照期中,7,1
日照港中学2025年到2026年10月份数学试卷九年级,1,1
日照高一期末校际联考,9,1
日照高三期中,1,1
日照高三期中化学,3,1
日照高三期中数学,2,1
日照高三期中物理,2,1
日照高三期中生物,3,1
日照高二上学期10月,3,1
日照高二上期末数学,4,1
日照高二下学期开学考试,1,1
日照高二下期中b政治,3,1
日照高二下期中政治,1,1
日照高二下期末,2,1
日照高二下期末政治,4,1
日语 高考 2026广东,1,1
日语0基础,1,1
日语作文,3,1
日语八年级,2,1
日语八年级全册,1,1
日语八年级第一单元,1,1
日语助词,4,1
日语助词专项训练,1,1
日语单招,2,1
日语单词,3,1
日语学科考试,2,1
日语广东,5,1
日语必修一,2,1
日语思维导图,2,1
日语期末,2,1
日语标准日本语,3,1
日语笔记,1,1
日语试题三。,1,1
日语选修二动词的自谦与尊他,1,1
日语高考真题,2,1
旧版译林版四年级默写,1,1
旧版译林版英语四年级默写,1,1
早培,5,1
时,1,1
时习之八升九数学北师大版暑假衔接,10,1
时事点评,8,1
时事点评道德与法治,4,1
时代杯,1,1
时代精神的精华探究世界的本质,1,1
时分秒人教版,7,1
时区 地方时计算,6,1
时态 高中,6,1
时态 高中练习,1,1
时态中考,3,1
时态卷,3,1
时态练习,1,1
时态综合,9,1
时态语态易混辨析,1,1
时态辨析,6,1
时文阅读 课件,2,1
时间,1,1
时间 原因 方式  让步 条件状语从句,1,1
时间 原因 方式  让步 目的 条件状语从句,2,1
时间单位,1,1
时间单位北师二下,2,1
时间数学,1,1
时间状语从句,10,1
昆一中,1,1
昆一中学贯,5,1
昆一中学贯高一,1,1
昆一中学贯高一分班考,1,1
昆一中西山学校,5,1
昆三中,2,1
昆三中入学考卷,2,1
昆三中分班考卷,8,1
昆三中滇池校区,3,1
昆三经开开学考,1,1
昆八中,1,1
昆区三中,1,1
昆区三中物理,3,1
昆区物理,2,1
昆十中26届开学考三校联考,3,1
昆十中26届开学考高三三校联考,4,1
昆十中高二,1,1
昆山7年级语文,1,1
昆山7年级语文上学期,4,1
昆山中学生物,1,1
昆山中学高二月考物理,2,1
昆山中学高二月考生物,8,1
昆山中学高二生物,1,1
昆山八年级上期中,4,1
昆山八年级上期末,6,1
昆山六年级数学下册,6,1
昆山六年级语文,2,1
昆山六年级语文下册,7,1
昆山初二上学期开学考,11,1
昆山小升初,1,1
昆山小升初数学,6,1
昆山小学数学毕业毕业练习题,1,1
昆山小学数学毕业练习题,6,1
昆山数学上册5年级,3,1
昆山月考,7,1
昆山期中,1,1
昆山期末考八年级上册,7,1
昆山期末考试物理试卷八年级上册,1,1
昆山期末考试试卷八年级上册,10,1
昆山秀峰,2,1
昆山高二月考,1,1
昆山高二月考化学,5,1
昆山高二月考物理,3,1
昆山高二月考生物,1,1
昆明 开学考,1,1
昆明 昆三中经开学校,1,1
昆明 昆三经开开学考,1,1
昆明 高一开学考,1,1
昆明9月,11,1
昆明一中晋宁学校,1,1
昆明五华区,1,1
昆明信息技术考试,1,1
昆明初中信息技术考试,8,1
昆明市2026摸底,6,1
昆明市五华区2023初一 均衡分班测试卷英语,10,1
昆明市五华区2025至2026期末试卷,2,1
昆明市五华区2025至2026期末试卷，七年级数学,1,1
昆明市五华区云铜中学,2,1
昆明市官渡区第一中学 教育集团高一年级 2025 2026学年上学期 期中考化学试卷,1,1
昆明市新初一新生分班考试卷,2,1
昆明市物理,4,1
昆明市物理2025-2026,4,1
昆明市第一中学,2,1
昆明市第一中学2025届第五次联考,1,1
昆明市第一中学2025届第五次联考英语试卷,9,1
昆明市第三中学2027,1,1
昆明市第三中学八上数学期中,5,1
昆明市第三中学八上数学期中2027,1,1
昆明市第三中学初2027,1,1
昆明市第八中学,2,1
昆明市统测高三,1,1
昆明市统测高二英语,2,1
昆明师大实验,1,1
昆明润城学校,1,1
昆明高一,1,1
昆明高一上集合,1,1
昆明高一市统测期末试卷,5,1
昆明高一数学,3,1
昆明高一数学期末考试,7,1
昌乐,2,1
昌南中学,2,1
昌吉市九中,1,1
昌平二中,5,1
昌平区2026年七年级下学期期末数学试卷答案,10,1
昌平区2026年高三年级第一次统一练习,1,1
昌江中学,4,1
昌邑七年级,1,1
昌黎一中高一下数学,1,1
明光中学,4,1
明天出版社,2,1
明天出版社 暑假作业必刷题,1,1
明德,4,1
明德入学考英语高一长沙,1,1
明德初一入学考试长沙,5,1
明德华兴,2,1
明德教育集团期末,7,1
明德高一分班考试,4,1
明暗线交织,1,1
明水小学,1,1
明溪,13,1
明珠,3,1
明线和暗线题,1,1
明诗选,1,1
明辨就直线运动的两个退路,5,1
易县,1,1
易县九年级上册期末,1,1
易县九年级上册期末数学,4,1
易县惠东初级中学,1,1
易混易错,1,1
易混易错题,3,1
易网通,1,1
易金卷八上期中数学,1,1
易金卷八上期中英语试卷仁爱,1,1
易错易混,1,1
易错易混数学,1,1
易错易混数学四年级下册,3,1
易错易混数学四年级下册西师版,9,1
易错题,6,1
昔阳,3,1
星体运动,1,1
星城中考,4,1
星海入学,1,1
星海初中入学,1,1
星海小学,1,1
星港,3,1
星澜中学,2,1
星火教育2026新高一化学出门测,4,1
星火英语短文填空,3,1
星火英语短文填空内容照片,1,1
星球,1,1
星球杯,1,1
星耀,1,1
星际航行,2,1
映射代数,1,1
春季 高考 广东数学,6,1
春季高考 古诗文 原文重点字加粗 逐句翻译Word,8,1
春季高考 广东数学2027,1,1
春季高考数学山东,7,1
春季高考英语,9,1
春季高考试卷吉林,1,1
春招,3,1
春招试卷吉林,4,1
春晖中学,1,1
春期江苏武校第一次联考,1,1
春江花月夜理解性默写,1,1
春考 1月 2026 年 广东,4,1
春考数学,4,1
春考英语,3,1
春考语文,4,1
春考语文2026,1,1
春谷中学九上月考,24,1
春雨提优大考卷,1,1
春雨提优大考卷八上沪科,1,1
昭通一中B卷,5,1
昭通一中B卷高二,5,1
昭通一中教研联盟,4,1
昭通一中教研联盟高一英语,1,1
昭通市昭阳区高中会考,1,1
昭通市昭阳区高中会考近五年的试卷,11,1
昭通市昭阳区高中数学会考近五年的试卷,1,1
是遵化市2025-2026六年级下册数学官方统考真题,2,1
是遵化市2025-2026六年级下册语文官方统考真题,4,1
显微镜观察,1,1
显微镜观察，高中生物,1,1
晋中2026,9,1
晋中2月,4,1
晋中市2025年1月高一年级期末调研测试试卷物理,1,1
晋中市2026年2月高一年级调研测试,9,1
晋中市2026年2月高一年级调研测试物理,1,1
晋中市八年级生物地理会考,5,1
晋五年语文高考作文范文,2,1
晋作家具,1,1
晋城一中2025至2026年高一上学期第一次月考,2,1
晋城一中2025至2026年高一上学期第一次调研,3,1
晋城一中高一上学期物理期中考试,1,1
晋城一中高一上学期物理第三次调研,1,1
晋城一中高一上学期物理第二次调研,11,1
晋城一中高一化学期末自测,1,1
晋城市高一上学期数学10月月考,3,1
晋城市高一上学期数学11月月考,2,1
晋城市高一上学期物理12月月考,8,1
晋文源,1,1
晋文源 七年级历史 /八年级历史,13,1
晋文源出品七年级第二学期,1,1
晋文源出品九年级第一学期,2,1
晋文源出品八年级第一学期,4,1
晋江,1,1
晋江一中高中物理练习,1,1
晋江侨声中学,2,1
晋江侨声中学侨光中学25高一联考数学,4,1
晋江季廷中学,1,1
晋江实验小学,1,1
晋江市伟冠双语学校,1,1
晋江市伟冠双语学校高中物理试卷,2,1
晋江市养正中学入学考试卷,6,1
晋江市养正中学物理竞赛选拔考试卷,2,1
晋江市南侨,2,1
晋江市拔萃双语学校,1,1
晋江市第一中学,10,1
晋江期中,13,1
晋江高中物理练习,8,1
晋泽,1,1
晓天中学2024～2025学年度第二学期期末质量检测,7,1
晚清时期历史习题,2,1
晨读手册-【鸿鹄志·名师测控】2024-2025学年八年级下册英语（人教版 陕西专版）,5,1
晨读晚练,4,1
普宁2026八下历史期末考试卷,2,1
普宁八年级期末,15,1
普宁市,2,1
普宁市。,27,1
普宁市华侨,2,1
普宁市期末,5,1
普宁市期末考,7,1
普宁市潮实,2,1
普宁市潮阳实验中学,1,1
普宁桥中开学,3,1
普师,2,1
普洱市,5,1
普版八上英语单词,4,1
普通生物学,1,1
普通高中2025-2026学年度下学期高二化学,3,1
普通高中2026届高三摸底诊断测试,1,1
普通高中学业水平,1,1
普通高中学业水平合格物理知识点,5,1
普通高中学业水平合格考试地理广西,2,1
普通高中学业水平考试安徽,1,1
普通高中学校招生全国统一考试模拟金卷,1,1
普通高中新课程同步练习册,1,1
普通高中生物学业水平选择性考试,11,1
普通高中语文学业水平选择性考试,1,1
普通高等学校招生全国统一考试,7,1
普通高等学校招生全国统一考试新课标一卷,1,1
普陀,1,1
普陀中学实验班,1,1
普陀中学重点班考试,1,1
普陀八下英语期末,4,1
普高,5,1
景台镇满族九年一贯制学校,12,1
景台镇满足九年,3,1
景山,8,1
景德镇,7,1
景德镇一中20班考试卷英语,6,1
景德镇市2024至2025学年度上学期期中质量检测试卷九年级英语,10,1
景德镇市一中,1,1
景德镇市七年级上学期数学,2,1
景德镇高三一检,4,1
景泰县第二中学,1,1
晴隆民中,3,1
晶胞坐标,1,1
智慧路中学,4,1
智能组卷入口,23,1
晾衣杆模型,4,1
晾衣杆模型动态平衡,3,1
暑假 作业,3,1
暑假 自学课,9,1
暑假 衔接,1,1
暑假01代词,3,1
暑假专题练习函数的概念与性质,5,1
暑假作业 05,3,1
暑假作业 圆周运动 皮带传动甲乙 齿轮传动丙 同轴传动丁,2,1
暑假作业01,3,1
暑假作业01硫及其化合物巩固培优,2,1
暑假作业02，平面向量基本定理坐标表示,1,1
暑假作业05解三角形,4,1
暑假作业18 统计,3,1
暑假作业2 平面向量基本定理,1,1
暑假作业2 平面向量基本定理及坐标表示、向量的应用,4,1
暑假作业一硫及其化合物,3,1
暑假作业代词(人称、物主、反身代词）巩固培优,2,1
暑假作业代词(人称、物主、反身代词）巩固培优原卷版,1,1
暑假作业八年级,1,1
暑假作业天天练,7,1
暑假作业数学,13,1
暑假作业数学冀教版八下,5,1
暑假作业物理,4,1
暑假作业答案,2,1
暑假八年级,2,1
暑假分层作业生物,1,1
暑假分层作业答案,3,1
暑假单元自测,5,1
暑假复习讲义,5,1
暑假实践活动导学,1,1
暑假实践活动导学语文,1,1
暑假实践活动导学语文山东,1,1
暑假开学试卷,6,1
暑假必刷900题,1,1
暑假新高一衔接,7,1
暑假检测,4,1
暑假现代文阅读,2,1
暑假背默,1,1
暑假背默永遇乐京口北固亭怀古,3,1
暑假自学自测,1,1
暑假自学课新八年级北师大版,11,1
暑假衔接2026物理,5,1
暑假衔接专题片01听力,1,1
暑假计算专项训练（细分类）复习巩固五年级数学下册（人教版）,3,1
暑假训练,1,1
暑假超车,2,1
暑假闯关复习作业01 圆周运动,4,1
暑假预习专题函数的概念与性质,1,1
暑假预习九年级化学上海,4,1
暑假预习九年级历史,2,1
暑假预习九年级物理上海,6,1
暑假预习每日一练（综合练习）-2026-2027学年人教版二年级上册数学,6,1
暑假预习讲义01 焓变反应热 答案,5,1
暑假预习讲义数学,1,1
暑假预习讲义数学上海,1,1
暑假预习讲义数学上海九年级,6,1
暑假预习讲义新高二,1,1
暑假预习讲义新高二人教版,3,1
暑假高中生物必修一分子与细胞必备知识填空测试,4,1
暑假高中生物必修一分子与细胞必备知识填空测试第一部分,3,1
暑期专题02,3,1
暑期专题02三角函数与平面向量,7,1
暑期复习,1,1
暑期复习讲义人教版,7,1
暑期巩固提升,1,1
暑期衔接,1,1
暑期限定,1,1
暨华中学,1,1
暨华中学高二化学,3,1
暮江吟,2,1
曙光七年级科学培优,2,1
曙光科学培优,4,1
曰语,1,1
曲师大附中,3,1
曲线,4,1
曲线运动,2,1
曲线运动 2027专题复习,2,1
曲线运动中牛顿第二定律,1,1
曲阜2026年七年级期末数学,1,1
曲阜2026年八年级期末数学,3,1
曲阜一中,2,1
曲阜一中科技部高一语文暑假作业,1,1
曲阜英语九年级人教版同步练习册,1,1
曲靖,11,1
曲靖2025—2026学年秋季学期期末考试,4,1
曲靖一中卓立学校初三上学期第一次月考月考,9,1
曲靖一中高一下期末,3,1
曲靖一中麒麟学校,12,1
曲靖二中,1,1
曲靖市,6,1
曲靖市2024 2025学年秋季学期期末考试,1,1
曲靖市2024-2025学年春节学期期末考试  七年级英语试卷,1,1
曲靖市七年级上册英语试卷期末,1,1
曲靖市卓立中学,15,1
曲靖市民族中学,2,1
曲靖市第一中学高一,4,1
曲靖市第一中学高一上学期,3,1
曲靖市金开区二中学,3,1
曲靖麒麟十一中九上第一次物理卷子,2,1
曹具第一实验小学小升初试卷,10,1
曹刿 论战,8,1
曹刿论战,2,1
曹刿论战邹忌讽齐王纳谏，出师表,2,1
曹刿论战邹忌讽齐王纳谏，陈涉世家出师表,2,1
曹刿论战邹忌讽齐王纳谏，陈涉世家出师表诗词曲五首课外诗词诵读文言文梳理,3,1
曹刿论战，出师表,3,1
曹县一中,6,1
曹县一中高一下期末物理试卷,1,1
曹县一中高三开学检测,1,1
曹县一中高三摸底考,3,1
曹县三中,1,1
曹县博宇中学,9,1
曹县博宇中学中考数学,2,1
曹县小升初,6,1
曹县小学 英语,1,1
曹县小学 英语背诵资料,3,1
曹县菏泽市第一实验小学小升初试卷,2,1
曹杨分班考真题,1,1
曹禺中学教育集团,4,1
曹禺小学,6,1
最值,12,1
最值模型,1,1
最值模型 逆等线,1,1
最值模型之胡不归梯子滑行,6,1
最短距离问题,2,1
最短路径问题,2,1
月土考,5,1
月夜忆舍弟,4,1
月夜忆舍弟题,3,1
月浦,3,1
月相,2,1
月考 高一数学,2,1
月考10,2,1
月考七上,4,1
月考二中,2,1
月考单项选择题,1,1
月考卷八上数学,1,1
月考卷八上物理,2,1
月考卷初三化学上9月份,9,1
月考卷子,5,1
月考天津,2,1
月考天津新初三,3,1
月考天津英语,9,1
月考学易金卷,13,1
月考开学,1,1
月考数学试卷,56,1
月考江苏,1,1
月考江苏初二上,2,1
月考江苏初二上数学,1,1
月考英语,16,1
月考试卷10月,1,1
月考试卷八上数学,17,1
月考试题,10,1
月考阜昌中学,3,1
月考高一,4,1
月考高一深圳中学,1,1
有丝分裂,4,1
有丝分裂与减数分裂,4,1
有丝分裂和减数分裂,3,1
有丝分裂和减数分裂 2026一轮专题,6,1
有丝分裂和减数分裂专题试卷,4,1
有关“藏”的作文,3,1
有关中国地理，世界地理等高线还有经纬线的试卷,3,1
有关山体效应的大题,1,1
有关物质的量的计算,2,1
有关节日的英语作又,1,1
有关节日的英语作文,4,1
有几,1,1
有几大题,3,1
有机 大题 2026 复习专题,1,1
有机 选择题 2026 复习专题,7,1
有机专练,1,1
有机专题,7,1
有机化合物专题大题训练,5,1
有机化合物人教版,4,1
有机化合物命名,5,1
有机化合物命名 练习2025,1,1
有机化合物确定,1,1
有机化学一轮复习,1,1
有机化学专项练习,1,1
有机化学专题复习,3,1
有机化学反应类型,2,1
有机化学基础 必背知识点清单,2,1
有机化学基础 讲义,1,1
有机化学基础实验,3,1
有机化学大题2026高考训练,8,1
有机化学大题辽宁,4,1
有机化学实验整理,1,1
有机化学推断,1,1
有机化学概念,1,1
有机化学烷烃烯烃,6,1
有机化学羧酸,2,1
有机化学选修,3,1
有机化学选修一轮,3,1
有机化学醇,9,1
有机合成 10年真题 有机合成,5,1
有机合成与推断,3,1
有机合成与推断2025,2,1
有机合成推断题,8,1
有机合成路线的设计,1,1
有机合成选择题,12,1
有机基础,1,1
有机基础高中,8,1
有机大题,4,1
有机实验专题,3,1
有机小题,2,1
有机推断与有机合成综合题,10,1
有机推断专题,1,1
有机推断高二,7,1
有机物分子式确定计算,3,1
有机物化学方程式总结,1,1
有机物反应相关题目,5,1
有机物命名,3,1
有机物命名 2025专题一轮复习高三,2,1
有机物燃烧,3,1
有机物的物理性质及命名,1,1
有机答题,1,1
有机试卷,1,1
有机试卷化学,2,1
有机选择题,1,1
有氧呼吸和无氧呼吸的过程,3,1
有理数 1000道混合运算计算题,3,1
有理数 1000道混合运算计算题七年级,4,1
有理数人教版,7,1
有理数减法计算题,3,1
有理数加减法,4,1
有理数加减法计算,5,1
有理数加减法计算100题,12,1
有理数加减混运算。,1,1
有理数单元测试,6,1
有理数及其运算,7,1
有理数基本概念习题,1,1
有理数复习,1,1
有理数思维导图,13,1
有理数测试,5,1
有理数混合运算,1,1
有理数的100混合运算练习,1,1
有理数的100混合运算计算题,7,1
有理数的乘法,1,1
有理数的加减,12,1
有理数的加减法,1,1
有理数的加减苏教,1,1
有理数的概念判断,1,1
有理数的比大小。,1,1
有理数的混合运算九大题型,4,1
有理数的简便运算,4,1
有理数的运算，,6,1
有理数的除法,2,1
有理数知识表格,1,1
有理数计算,1,1
有理数计算题,4,1
有理数计算题专练,1,1
有理数计算题人教版,2,1
有理数试卷,3,1
有理数运算学案,2,1
有理数预习,1,1
有限制条件同分异构体的判断和书写,10,1
朔山中学,2,1
望城一中,6,1
望城一中2024-2025开学考试卷,2,1
望城一中开学考,1,1
望城六中,5,1
望城区2025年上学期七年级期末,9,1
望城区2025年下学期七年级期末,4,1
望城区2026期末,18,1
望城区高二下学期期末数学,1,1
望城区高二期末考试,13,1
望奎县第一中学2025 2026年高一期末考试,7,1
望江,1,1
望海潮,1,1
朝华夕拾,2,1
朝华夕拾 10篇练习题,1,1
朝花夕拾 上海,3,1
朝阳2026高二下期末考试,1,1
朝阳一中,2,1
朝阳一高中,1,1
朝阳二高四月质量检测,4,1
朝阳区2026八年级下册物理期末考试试卷,5,1
朝阳区九上期末语文,2,1
朝阳区英语高一下,15,1
朝阳区英语高二下期末,1,1
朝阳区语文高一下,14,1
朝阳县,6,1
朝阳实验学校七上期末,5,1
朝阳实验学校七上期末卷,1,1
朝阳市,1,1
朝阳市初升高摸底,1,1
朝阳市开学考试,1,1
朝阳市新高一,1,1
朝阳市第二高级中学,5,1
朝阳市育英高级中学考试卷,2,1
朝阳市高一,1,1
朝阳市高一开学考试,1,1
朝阳生物,4,1
朝阳高三一模,2,1
期,1,1
期 未,1,1
期 末测试卷,3,1
期中2025-2026学年八年级上学期期中（天津专用））数学,1,1
期中2025-2026学年八年级上学期期中（天津专用））语文,24,1
期中临沂,1,1
期中二十二中,1,1
期中化学,9,1
期中卷八上物理,2,1
期中历史试卷,2,1
期中新区实验,2,1
期中汇编上海专用,1,1
期中物理,2,1
期中考试试卷,8,1
期中考试龙西高中名校联名,1,1
期中英语,21,1
期中高一,2,1
期中高二数学上学期,7,1
期初,6,1
期初 高三 调研  9月,3,1
期初考试名校联盟,4,1
期望递推专题,4,1
期末 2024 2025七下期末测试卷,8,1
期末 八下,3,1
期末 试卷,10,1
期末2026年3下数学湖北,2,1
期末2026年7下数学湖北,3,1
期末7年级下册卷子,33,1
期末专项提升,6,1
期末九上,11,1
期末二次函数,2,1
期末八下,4,1
期末卷子,1,1
期末卷子数学,1,1
期末卷无锡,3,1
期末卷无锡七上,4,1
期末卷江苏,1,1
期末基础复习卷 2025-2026学年人教版英语八年级下册,3,1
期末复习04,2,1
期末复习04文言文,3,1
期末复习3步.练真题,1,1
期末复习之阅读理解20篇,1,1
期末复习之阅读理解20篇期末热点话题,1,1
期末复习第3步。练真题,1,1
期末复习第3步。练真题石家庄2026春期末新教材素养卷二,2,1
期末复习讲义,3,1
期末复习讲义人教B版,2,1
期末学情评估,2,1
期末必备清单,46,1
期末成绩 查询,2,1
期末提优卷,1,1
期末政治丰台一模,12,1
期末政治试卷,21,1
期末数学七年级下册,2,1
期末数学卷,1,1
期末标准卷,6,1
期末核心知识必备清单,2,1
期末检测,1,1
期末检测嘉兴,2,1
期末模拟,6,1
期末模拟 2026,1,1
期末模拟ABC,1,1
期末泉州高一下,1,1
期末深圳高三生物深圳,1,1
期末物理丰台一模,22,1
期末物理八上,5,1
期末物理八下,1,1
期末物理卷子,1,1
期末生物试卷,5,1
期末生物选修一试卷,4,1
期末皮山县高中,1,1
期末皮山县高中数学,4,1
期末真题,1,1
期末答题卡,1,1
期末罗山五年级英语,1,1
期末考试 高二下,7,1
期末考试卷2023-2024佛山市顺德区,3,1
期末考试卷生物高三，河南商丘，九师联盟,1,1
期末考试考点,6,1
期末考试考点思维导图,2,1
期末考试龙西高中名校联名,2,1
期末联考,12,1
期末英语,43,1
期末试卷2026,1,1
期末试卷2826,1,1
期末试卷五年级下语文人教版,6,1
期末试卷五年级下语文人教版九江,4,1
期末试卷数学,6,1
期末试卷高一下,13,1
期末赣州,4,1
期末趋势创新能力A卷,11,1
期末趋势创新能力A卷（试题）-2025-2026学年三年级下册数学北师大版,22,1
木兰诗,1,1
未知与坐标练习题,1,1
本溪一中学,4,1
本溪一中学2026年期末考试,2,1
本溪九年上月考数学,3,1
本溪县第一中学初一英语入学考试,1,1
本溪市 2026 2027七上下期末考试,1,1
本溪市2025 2026七上期末考试,1,1
本溪市2025 2026学年八年级期末考试试卷,13,1
本溪市2025-2026学年下学期期末考试七年级地理试卷,3,1
本溪市2025年实验中学，初一入学考试卷，语文,2,1
本溪市实验小学期末考试卷纸,2,1
本溪市第一中学期末考试,1,1
本溪市第一中学期末考试高一,3,1
本溪市第二高级中学,3,1
本溪市高级中学,3,1
本溪高三期末,1,1
本溪高中,14,1
本溪高级中学,3,1
本科分数线,1,1
朱家角 分班考,1,1
朱家角 开学考,1,1
朱家角高一分班考,1,1
朱建邦,1,1
朱昊鲲立体几何,1,1
朱河,2,1
朱河高中,1,1
机构联考,1,1
机械制造基础,2,1
机械振动,1,1
机械振动与机械波试卷,2,1
机械振动习题,1,1
机械效率,3,1
机械效率 2024专题计算培优,2,1
机械效率暑期预习学案,2,1
机械效率计算专题,5,1
机械波习题,5,1
机械波机械振动,2,1
机械波试卷,4,1
机械能,2,1
机械能及其守恒定律专项训练卷,8,1
机械能守恒专题,3,1
机械能守恒单元,2,1
机械能守恒定律 单元测试,4,1
机械能守恒定律单元复习,1,1
机械能守恒定律实验,2,1
机械能守恒定律章末测试,5,1
机械能守恒实验,4,1
机械运动 20225复习专题,1,1
机械运动人教版,1,1
机械运动单元测试卷,3,1
机械运动知识点总结,11,1
机电一体化,1,1
机车启动2026专题,4,1
机车启动问题,1,1
杂化相关,2,1
杂化轨道理论,1,1
杉树,1,1
李宗伟天体物理学,1,1
李政化学,1,1
李沧区2022-2023八下期末物理,1,1
李沧区2026八上期末数学,1,1
李沧区2026八下期末物理,1,1
李沧区2026期末七年级数学,2,1
李静,1,1
李静老师,2,1
材料阅读分子含参分母含参,10,1
杜蒙七上数学期中,3,1
杞人忧天 课件,3,1
杠杆作图,2,1
条件推导二次函数系数比值范围,4,1
条件状语从句,2,1
来,1,1
来宾,12,1
来宾市2026年春季学期高二期末考试,4,1
来宾市一,1,1
来宾市第一,1,1
杨实验,1,1
杨家坪中学,4,1
杨家坪中学高一上第一次月考,4,1
杨村一中月考,1,1
杨村一中高一10月考,2,1
杨村一中高三,2,1
杨村一中高三月考,5,1
杨柳青一中高一上学期月考,5,1
杨柳青一中高一上学期月考物理,10,1
杨柳青一中高二上,8,1
杨柳青一中高二下,1,1
杨浦八下期末英语,2,1
杨浦高三物理二模,9,1
杨辉三角,3,1
杭十四中英语期末卷,2,1
杭州 0 2026 高三 一模,9,1
杭州 二模 2025数学,3,1
杭州 二模 2026数学,1,1
杭州2025 2026高二下学期期末物理,3,1
杭州一模2025,7,1
杭州七上真题卷,1,1
杭州中考,2,1
杭州二中2025 2026高一必修二必修三综合测,11,1
杭州二中2025-2026高一英语,8,1
杭州二中2025学年第一学期高一年级期末考试物理试卷,12,1
杭州二中2025学年第二学期高三开学考地理,4,1
杭州二中2025高三地理,1,1
杭州二中2025高三开学考地理,8,1
杭州二中期末统测,2,1
杭州二中物理高一期末,1,1
杭州二中物理高一期末2025,7,1
杭州二模化学,2,1
杭州五地高三语文,2,1
杭州亚运,1,1
杭州养正中学,2,1
杭州化学,1,1
杭州十三中九上期中数学,3,1
杭州十四中凤起,1,1
杭州地区周边,9,1
杭州外国语学校,11,1
杭州学军中学2015~2016学年高二上学期期中试题,4,1
杭州学军中学2025-2026学年上学期高一期末模,10,1
杭州学军中学上学期高一期末模,5,1
杭州学军中学月考,1,1
杭州市2023学年期末考,12,1
杭州市2025 2026学年第二学期，高三2模政治试卷,3,1
杭州市2025学年8年级下册语文西湖区,1,1
杭州市2025学年8年级下册语文西湖区期末卷考卷,7,1
杭州市2026年中考语文,3,1
杭州市周边重贞点中学高二上开学考,6,1
杭州市外国语学校,2,1
杭州市星澜小学,7,1
杭州市期末测试卷,6,1
杭州市第二中学2025 2026高一英语,5,1
杭州市萧山区三年级上期末,3,1
杭州市语文古诗专题训练,1,1
杭州市高三年级教学质量检测第一学期,1,1
杭州市高三年级测试,1,1
杭州市高二年级教学质量检测英语,1,1
杭州市高二年级教学质量检测语文.,1,1
杭州拱墅,11,1
杭州提前招试卷,1,1
杭州教学质量,3,1
杭州期末,1,1
杭州期末考,1,1
杭州滨江区七上真题卷,1,1
杭州第七中学,2,1
杭州萧山区三年级语文上册期末考试试卷,3,1
杭州萧山区三年级语文下册期末考试试卷,7,1
杭州萧山区四年级语文上册期末考试试卷,5,1
杭州西湖公益中学,15,1
杭州西湖区八年级上,1,1
杭州观城,1,1
杭州观城实验学校,19,1
杭州观成实验学校,14,1
杭州高三一模数学,3,1
杭州高二,10,1
杭州高二期末,2,1
杭高贡院,2,1
松北31中,6,1
松原七年级下册期末考试卷数学,5,1
松原市,7,1
松原市宁江区第一中学,8,1
松山区,7,1
松山区2025-2026八下期末,12,1
松山区七年级数学,1,1
松柏中学入学考试,6,1
松柏中学分班考,8,1
松树桥中学,6,1
松江一中,4,1
松江一中入学考,1,1
松江二中分班考,1,1
松江二中自招,4,1
松江区,2,1
松江区2026年初三四月二模卷,3,1
松江区2026年四月二模卷,3,1
松江区一模,5,1
松滋市第一中学分班考,3,1
松阳一中入学,6,1
松雷,5,1
松雷六上小升初英语试卷,6,1
松雷小升初英语试卷,1,1
板-块模型,3,1
板块,1,1
板块传送带,8,1
板块传送带模型物理,3,1
板块学案,3,1
板块模型,2,1
板块模型一轮复习,1,1
板块模型专题,1,1
板块相对运动连接体,11,1
板块运动,1,1
板块运动专题,2,1
极化恒等式 奔驰定理 等和线 四心问题,3,1
极化恒等式 等和线 四心问题,3,1
极坐标,1,1
极点极线,5,1
极端民族主义一战历史论述题,7,1
构造函数不等式,1,1
构造函数解不等式,1,1
析教材,2,1
析教材数学,3,1
林伟华中学,5,1
林兰英,1,1
林州一中,1,1
林州十一中入学考,7,1
林州市,7,1
果洛西宁民族中学,1,1
枞阳县第二中学2025~20268上物理期中试题,9,1
枣庄2026年高二下学期化学期末考试,2,1
枣庄2026年高二下学期英语期末考试,3,1
枣庄一中,3,1
枣庄三中自主招生,33,1
枣庄三中自主招生数学试卷,10,1
枣庄八中高一月考,13,1
枣庄四十一中,3,1
枣庄市8年级上册英语单元检测,1,1
枣庄市第15中学,1,1
枣庄市第一中学,2,1
枣庄市第三中学,3,1
枣庄市第四十中,1,1
枣庄市高一下学期期末考试化学,4,1
枣庄市高一下学期期末考试数学,1,1
枣庄市高一下学期期末考试物理,1,1
枣庄市高一下学期期末考试英语,2,1
枣庄英语高二期末,4,1
某同学获了四场静电场的电场图，其中正确的是,4,1
柘荣县第三中学,7,1
查分,3,1
查分入口,5,1
查单词,1,1
查成绩入口2026期末,6,1
查成绩入口2026期末广东,4,1
查理九世,1,1
柯桥,6,1
柯桥 八年级下册数学期末卷,4,1
柯桥 八年级下册英语期末卷,1,1
柯桥区七年级下册数学,3,1
柯桥区小学期末学业评价考试,106,1
柯西不等式 反柯西不等式与权方和不等式求最值,5,1
柳州十五中,1,1
柳州十五中八上期中,1,1
柳州十五中滨江西,1,1
柳州市,1,1
柳州市 2026 届高三上学期 12 月联考,1,1
柳州市 高二下期末,2,1
柳州市0模试卷地理,2,1
柳州市0模试卷物理,1,1
柳州市2026年7月高二期末质量检测英语。,2,1
柳州市一中,1,1
柳州市九中,1,1
柳州市柳江中学,1,1
柳州市柳江区里高中心小学,1,1
柳州市第一中学,2,1
柳州市第三,1,1
柳州市第三中学,1,1
柳州市第九中,1,1
柳州市第九中学,1,1
柳州市第十五中学,2,1
柳州第一中学化,2,1
柳州高中高二三月测试,1,1
柳州高级中学数学,2,1
柳江实验高中,8,1
柳河,1,1
柳河一中,2,1
柳铁一中高一,1,1
柳铁一中高二3月考试英语,1,1
标准学术能力测试,4,1
标日 第十一单元 思维导图,3,1
标日思维导图,2,1
标日日语上册卷,2,1
标日日语上册滚动卷,2,1
标点符号的用法,1,1
标题：单元达标检测卷七-【勤径学升】2024-2025学年高中语文必修下册同步练测素能提升训练(统编版),8,1
标题：天津市第一中学2025-2026学年高三上学期第一次月考地理试题（含解析）,7,1
树人,1,1
树人2023年9月数学试卷,1,1
树人2023年9月数扬州市学试卷,17,1
树人七年级上期末,1,1
树人七年级上期末数学,3,1
树人中学,7,1
树人八中小升初语文自主招生,1,1
树人学校,3,1
树德七中高二上第一次月考化学试卷,1,1
树德七高二上第一次月考化学试卷,1,1
树德高二上第一次月考化学试卷,1,1
栖霞区,1,1
栖霞市2025~2026年第二学期期末质量检测,6,1
校实中学,1,1
校测,1,1
株洲,2,1
株洲中考英语,9,1
株洲二中自主招生考试,4,1
株洲二中自主招生考试英语,4,1
株洲二中自主招生考试语文,1,1
株洲二中自主招生试卷,6,1
株洲二中英语,1,1
株洲市二中开学考试,1,1
株洲市二中自主招生,4,1
株洲市二中高一上学期开学考试,4,1
株洲市二中高一上学期开学考试B,2,1
株洲市二中高一语文,1,1
株洲市二虫,1,1
株洲市建宁实验中学,2,1
株洲自主招生试卷,7,1
核心素养,3,1
核心素养新教学,2,1
核心素养新教学 黄冈,1,1
核心考点,1,1
核酸序列的阅读及引物限制酶的选择练习题,2,1
根号,3,1
根号三分之一等于多少,3,1
根号化简,1,1
根式练习,2,1
根式计算,22,1
根式计算专项,2,1
根据实物图画电路图习题专项链,3,1
根据并集与交集运算求参数范围,5,1
根据自己对和的理解，搜集古代关于和的历史故事，将这些故事讲给大家听搜集班级社区发生的和为贵的事例，整理成文字之后，讲给大家听，思考和的历史传承及其在当下的积极意义，整理成文字创作以“和”为题的宣传标语 ，设想情境为社区、马路边、商场、学校等公共场所，分别设计一条举一些身边发生的未能以和为贵的例子，说说 若是自己是当事人，如何借助和而不同 和为贵的精神 更好地处理这件事,3,1
根据集合包含关系求参数范围,3,1
根据集合的混合运算求参数,2,1
根的分布,3,1
根的分布问题练习题,2,1
格致,1,1
格致中学高一9月月考数学、延安中学高一月考卷,4,1
格致中学高一分班考,1,1
栽培,1,1
桂华,3,1
桂华中学分班考,1,1
桂园中学,5,1
桂城街道六年级上册第5单元,5,1
桂城街道六年级上册第5单元数学卷,2,1
桂城街道数学六年级上册期末测试卷,9,1
桂林 北师大版 六升七分班,2,1
桂林 北师大版 分班卷,4,1
桂林2025 2026年度非毕业年级期末日常考试题库卷,13,1
桂林入学考,12,1
桂林八年级上学期期中,1,1
桂林十八中学,1,1
桂林十四中八年级上学期期中,1,1
桂林十四中分班考,11,1
桂林国龙外国语学校,3,1
桂林小升初分班考卷子,4,1
桂林市,8,1
桂林市 2024 2025 七年级下学期期末生物试卷,8,1
桂林市 2024 2025 七年级期末生物试卷,8,1
桂林市 2024 2025 学年度下学期期末调研试卷,37,1
桂林市 2024 2025 期末生物试卷,2,1
桂林市 2024 2025 期末试卷,4,1
桂林市 2025 2026学年度上学期期末考试卷,4,1
桂林市 2025 2026学年度下学期非毕业年级日常考试题库卷 高一物理,8,1
桂林市2018～2019学年度上学期期末质量抽测 高一地理,2,1
桂林市2024年到2025年下册期末英语,1,1
桂林市2025 2026学年度下学期非毕业年级日常考试题库卷,47,1
桂林市2025~2026学年度非毕业年级日常考试试卷高一物理,7,1
桂林市2025~2026年学年度下学期非毕业年级日常考试题,2,1
桂林市2025年高三期末数学,1,1
桂林市十八中,2,1
桂林市开学考,1,1
桂林市期末考范围,3,1
桂林市桂电中学高一开学考试卷,2,1
桂林市桂电中学高一必修一语文,2,1
桂林市桂电中学高一必修一语文月考试卷,2,1
桂林市第十四中学 2025 2026学年度上学期期中调研试卷,6,1
桂林市重点高中高一必修一语文月考试卷,1,1
桂林市高一必修一语文月考试卷,2,1
桂林市高二开学考,6,1
桂林市高二开学考秋季,7,1
桂林首附分班考试,1,1
桂林首附分班考试七年级,1,1
桂林首附分班考试七年级分班考,1,1
桂电中学,5,1
桂花雨,3,1
桂花雨课件,4,1
桂阳,1,1
桂阳一中,2,1
桂阳县,1,1
桃源县,9,1
桃源县2026年三年级下册英语,1,1
桃花涧休息时许宋濂翻译注释,5,1
桐乡语文高一月考卷,6,1
桐乡高一月考卷,3,1
桐庐县新教材科学第一单元,1,1
桐柏一中,2,1
桐梓,7,1
桐梓二中,1,1
桑植一中,1,1
桑植县,1,1
桑植县入学,1,1
桑植县第一中学,2,1
桓台县期中考试 9年级,14,1
桓台物理,1,1
桥城中学七上,1,1
桥江镇中学,2,1
桥西区数学八下,6,1
桦南一中,1,1
桦南县第一中学,1,1
桦晨中学,2,1
桦甸四中高三上学期开学考,1,1
桦甸四中高三开学考,1,1
桦甸第四中学高三上学期开学考,2,1
梁侠,2,1
梁平区数学,1,1
梁平区数学初二,1,1
梁甫行曹植,2,1
梁銶琚中学,3,1
梅中初三化学期中试卷,1,1
梅中初三化学期中试卷扬州,1,1
梅县,15,1
梅县东山中学,2,1
梅县华业,1,1
梅园中学,2,1
梅岭,7,1
梅州兴宁期末,8,1
梅州兴宁高三,2,1
梅州市期末,1,1
梅州市期末考,4,1
梅州市联考数学,4,1
梅州市联考高一物理2018,3,1
梅州市联考高一物理2023,2,1
梅州市质检,11,1
梅州市高三一模,1,1
梅州市高三开学联考,1,1
梅州市高中期末考试试卷,5,1
梅州数学初一,1,1
梅州期末,4,1
梅州期末考试卷,7,1
梅州梅江区数学初一,3,1
梅州高三,4,1
梅村空港,1,1
梅苑七下数学试卷,3,1
梅苑双语,2,1
梅苑双语九年级上册数学第一次月考试卷,7,1
梅陇,4,1
梅陇中学,2,1
梓潼东辰,3,1
梧州八年级下期中,5,1
梧州八年级下期末,1,1
梧州市2025-2026学年度高一下学期期末抽样检测英语,1,1
梨树一中,1,1
梨树县,3,1
检查作业,3,1
棉貌公路,1,1
棱柱体积,1,1
棱锥体积公式,2,1
植物生产与环境,2,1
植物生产与环境四川版,9,1
椭圆 01 专题,5,1
椭圆专项训练,3,1
椭圆专题,1,1
椭圆中点弦点差法数学,1,1
椭圆及其标准方程,4,1
椭圆双曲线定义,1,1
椭圆双曲线第一二三定义,1,1
椭圆定值问题,1,1
椭圆得大题,3,1
椭圆点差法,1,1
椭圆点差法数学,1,1
椭圆的大题,3,1
椭圆离心率,3,1
椭圆轨迹问题,3,1
椭圆面积问题,2,1
楚州中学,1,1
楚才,1,1
楚雄一中,4,1
楚雄州八年级期末试卷,17,1
概率 0 1轮复习专题2026,4,1
概率10.1,2,1
概率与数列,1,1
概率与组合,6,1
概率与统计重难专题,6,1
概率专题,1,1
概率专题数学,2,1
概率大题,1,1
概率期望递推专题,5,1
概率统计复习,3,1
概率选填压轴,1,1
榆林市,2,1
榆林市横山区职业技术教育中心期末历史试卷2025-2826,1,1
榆林市靖边中学,6,1
榆次一中,9,1
榆次一中李金虎,2,1
榆次一中物理,4,1
榆次一中物理期末,4,1
榆次一中物理期末2月调研,1,1
榆次二中高一年级期末考试,2,1
榕城中学开学考,3,1
榕城区高一上册期末考,4,1
榕江新城一中高一上册第一次月考,1,1
槐荫区,5,1
模,2,1
模块五文言文阅读,7,1
模块测评,2,1
模型构建,1,1
模型汇总,2,1
模拟,2,1
模拟 生物,1,1
模拟卷 2026高三,2,1
模拟考,2,1
模拟考试,14,1
模拟试卷,3,1
模板,1,1
模考化学,7,1
模考卷,1,1
模考英语,5,1
横山中学高一期末考试,7,1
横峰县,11,1
横峰县2016~2017,12,1
横峰县2016~2017初一下册期末考试数学试卷,1,1
横州,1,1
横州七年级下学期期末,1,1
横店小升初分班考,9,1
横店镇第二初级中学,8,1
橄榄坝中心小学,1,1
橄榄坝勐罕镇中心小学,1,1
橘子zhen好吃,1,1
橘子园主人和一个老水手,2,1
次要人物作用,5,1
欧姆定律 1 2专题计算练习高一,1,1
欧姆定律专项,4,1
欧姆定律专项练习题,5,1
欧姆定律专项训练,2,1
欧姆定律专题计算练习,1,1
欧姆定律方程计算,3,1
欧姆定律测试卷,2,1
欧姆定律计算题,1,1
欧姆定律难题,2,1
欧姆定理,1,1
欧姆表 的原理及应用,3,1
欧拉优学优练,4,1
欧拉函数,1,1
欧萌数化,3,1
欲望宁德期末,1,1
歙县六下数学期末,3,1
正中半月考,1,1
正余弦定理 025一轮专题,11,1
正余弦定理综合,2,1
正余弦定理综合应用单元练习,4,1
正切恒等式,1,1
正叉分解,2,1
正叉分解专练,1,1
正安县陕西省商洛市考试原题数学语文一,3,1
正定中学2026至2027学年高一英语,1,1
正定中学2026至2027学年高一英语必修二必修三综合测试卷,4,1
正定县2025 2026上学期九年级数学期中试卷,2,1
正定县2025 2026第一学期九年级数学期中试卷,4,1
正定县2025—2026学年度七年级第一学期期中质量检测,28,1
正定县五年级下册科学期末试卷,9,1
正定四中,3,1
正定四中成绩单,1,1
正弦 余弦定理,3,1
正弦定理,2,1
正态分布,3,1
正数,3,1
正方形中的十字架模型,4,1
正方形中的半角模型,10,1
正方形半角模型,8,1
正衡,1,1
正负数,2,1
正达,1,1
正镶白旗第一小学,1,1
正阳县2025 2026高一下期,2,1
正阳县二高,18,1
正阳县二高入学测试,15,1
正阳县第二次模拟考试,1,1
步步为营7年级上册英语第2单元(1),1,1
步步为赢,1,1
步步为赢 全程无忧大单元整体设计与评价无忧小卷 七年级上册英语 仁爱科普版,2,1
步步为赢7年级上册英语第2单元(1),4,1
步步为赢五年级下册,1,1
步步为赢五年级下册太原市,3,1
步步为赢五年级下册太原市数学,1,1
步步高 2027大一轮复习生物,1,1
步步高 2027大一轮复习练透电子档,1,1
步步高 2027大一轮复习讲义讲解第一章集合,3,1
步步高 双练一测 地理湘教版 周末练7,1,1
步步高 选修1英语,2,1
步步高 高中化学必修第一册 学案,1,1
步步高 高中化学必修第一册 学案。人教版,1,1
步步高2027 数学大一轮 教师用书,5,1
步步高2027二轮试卷,3,1
步步高【步步高】高二英语选择性必修第二册 学习笔记,3,1
步步高一轮复习2027,4,1
步步高化学一轮讲义,1,1
步步高化学大一轮复习,3,1
步步高双练一测,4,1
步步高大一轮复习72练 语文 对点练案,4,1
步步高学习笔记生物,3,1
步步高必修一,2,1
步步高教材文言点线面,4,1
步步高物理一轮复习,4,1
步步高生物,5,1
步步高生物 2027大一轮复习练透电子档,2,1
步步高英语选修二资料,9,1
步步高语文,2,1
步步高选择性必修一生物,1,1
步步高金榜茂化学选修三,1,1
武冈,27,1
武冈一中七年级期中英语,1,1
武冈七年级期中,1,1
武冈七年级期中英语,10,1
武刚三中十一中学,1,1
武城县2025至2026学年度第一学期期末质量监测六年级语文试题,21,1
武大附中月考英语,1,1
武夷山一中,1,1
武夷山一中2026学年高一下学期期末语文,5,1
武夷山一中期中,2,1
武夷山市第二中学,2,1
武威,1,1
武威6中新高一开学考试卷,14,1
武威一中,1,1
武威第一中学,4,1
武威第六中学,4,1
武宁县协和中学,1,1
武宁县第一中学,4,1
武宁县第一中学初中,1,1
武宁民族小学,3,1
武安一中高一上学期期中试卷,1,1
武安市,6,1
武安市2026,1,1
武安市2026九年级,4,1
武安市北安乐中心小学,3,1
武安市第十,1,1
武山,4,1
武山四中,1,1
武平,6,1
武昌,3,1
武昌区,1,1
武昌区2024 2025学年度高二年级期末质量检测,1,1
武昌区2024-2025学年度第一学期期末九年级语文试卷,6,1
武昌区2025 2026学年度高二年级期末供题,4,1
武昌区2025到2026高二下学期期末化学,4,1
武昌区八年级下册期末试卷数学,5,1
武昌实验,2,1
武昌实验中学,5,1
武汉 5月 调研 2026,2,1
武汉 9月调,5,1
武汉 9调数学,2,1
武汉 二调 高三,2,1
武汉 四调 2025,8,1
武汉 四调 2026,4,1
武汉 四调 2026高三,1,1
武汉 高二 下学期 化学 期末,2,1
武汉2022-2023八下英语期末,3,1
武汉2024高三九调,1,1
武汉2026 5月调研,2,1
武汉4月调研,1,1
武汉4月调研高三,1,1
武汉7月调考,1,1
武汉7月调考高三,1,1
武汉7月调考高三江汉区,4,1
武汉97月调考,1,1
武汉9月调研,9,1
武汉三月调研,1,1
武汉三月调研考试,4,1
武汉三调,10,1
武汉三调英语2026,1,1
武汉三调英语2026年高三模拟卷,8,1
武汉三调英语2026年高考模拟卷,2,1
武汉中学,2,1
武汉中学2024-2025高三八月考试英语,1,1
武汉中学2025-2026高三上学期末,3,1
武汉中考2026,3,1
武汉中考2026物理,4,1
武汉中考2026语文,1,1
武汉中考2026道法历史,1,1
武汉中考数学,5,1
武汉九年级元调数学,1,1
武汉九年级英语听力,3,1
武汉九月调研考试,3,1
武汉九调英语,1,1
武汉二中2025-2026年度上学期高一数学,4,1
武汉二中2025-2026年度上学期高一数学9月月考,1,1
武汉二月调研,1,1
武汉二调语文,2,1
武汉五调英语,1,1
武汉作文资料,7,1
武汉八年级上册数学三角形试卷,8,1
武汉八年级上册数学试卷,1,1
武汉八年级下册数学期末,3,1
武汉十一中2025?2026学年高一上学期10月数学试卷(PDF版含答案),1,1
武汉十一初级中学,1,1
武汉四调,1,1
武汉四调数学,4,1
武汉四调数学2026,1,1
武汉四调数学2026高三,1,1
武汉外国语,2,1
武汉市,7,1
武汉市 2026 届高三年级五月供题,1,1
武汉市2023到2024高一上册物理期中全市考试,2,1
武汉市2023高一上册物理期中全市考试,1,1
武汉市2023高一上册物理期中考试,2,1
武汉市2025到2021年高一上学期十一中第一次月考,5,1
武汉市2025～2026九调化学,1,1
武汉市2026届高三三年级四月宫体数学,3,1
武汉市2026届高三年级5月,4,1
武汉市9月调考,6,1
武汉市七年级洪山区上册英语期中考试,13,1
武汉市七年级洪山区上册语文期中考试,5,1
武汉市中考试卷,1,1
武汉市九月调考高三上学期,1,1
武汉市九调化学,1,1
武汉市八上期中,26,1
武汉市十一高高一第一次月考,5,1
武汉市常青一中,2,1
武汉市新高一录取分班模拟卷,8,1
武汉市武昌区高二下学期期末考试,3,1
武汉市武钢三中,1,1
武汉市武钢三中高二年级10月英语月考2025～2026答案,4,1
武汉市硚口区七年级上册期末数学真题（人教版）,3,1
武汉市硚口区七年级上册期末真题（人教版）,1,1
武汉市第19高级中学,3,1
武汉市第三寄宿中学,3,1
武汉市第二中学,1,1
武汉市第十一中学,4,1
武汉市第十一中学2027届高二10月月考英语答案,1,1
武汉市部分重点高中九月调考高三上学期,3,1
武汉市部分重点高中九月起点考试,6,1
武汉市高一下学期期末考试试卷,1,1
武汉市高三2025～2026九月调考化学,4,1
武汉市高三上学期9月调研考试,14,1
武汉市高中开学考,1,1
武汉市高二下学期期末考试,5,1
武汉新起点考试2026届,1,1
武汉新起点考试2026届九月,3,1
武汉期末考试数学,1,1
武汉期末考试数学四下,6,1
武汉模拟三调英语2026,4,1
武汉武钢三中十一中学,1,1
武汉物理,5,1
武汉物理1模,1,1
武汉物理九调,6,1
武汉理工大学开学考试,1,1
武汉调研,2,1
武汉青山区8年级下,1,1
武汉青山区9年级上,2,1
武汉青山区9年级下,1,1
武汉青山区十一初级中学,4,1
武汉高一上期中数学,4,1
武汉高一化学期中考试,5,1
武汉高一地理期末,2,1
武汉高一数学10月月考,1,1
武汉高一数学9月月考,2,1
武汉高一数学上学期期中,3,1
武汉高一数学期中考试,1,1
武汉高三三月,5,1
武汉高三九月调研考试,1,1
武汉高三五调政治2026,5,1
武汉高二上数学,1,1
武汉高二上期末数学,6,1
武清一模英语题,1,1
武清英华国际学校,4,1
武清高三一模英语题,3,1
武珞路中学九上期中数学,2,1
武胜中学,3,1
武调,1,1
武都实验中学,5,1
武钢,2,1
武钢三中 高一上,1,1
武钢三中初级中学,1,1
武钢三中初级中学(西校区),3,1
武鸣高中,9,1
残疾人五校联考,7,1
残疾人单招五校联考,1,1
段店,1,1
段考高一上册,1,1
殷都区,2,1
殷都区一高,3,1
母题,1,1
母题 数学,1,1
母题 高中数学,4,1
每日 一练,4,1
每日一练数学,5,1
每日阅读理解,1,1
毓英中学期中考,2,1
比大小,2,1
比热容与风,1,1
比热容相关习题有易到难,6,1
比的应用,2,1
比的应用题,1,1
比较,1,1
比较大小问题,13,1
比较指数对数幂比大小问题,5,1
比较简单的数学压轴题。,1,1
比较级,1,1
比金钱更宝贵的东西,1,1
毕节2026年高二下期末联考试题,1,1
毕节一中,1,1
毕节五年级下册,1,1
毕节四中,2,1
毕节小升初,1,1
毕节市2026届高三年级第三次适应性考试,3,1
毕节市一中,2,1
毕节市五年级下数学期末,1,1
毕节市期末联考,1,1
毕节市第一中学,7,1
毕节民族中学,1,1
毕节高一期末考试2026,1,1
毛坦厂中学,3,1
毛旦厂,7,1
民族中学,1,1
民族大学附属中学黎安实验小学今年的小考试卷,9,1
气体,5,1
气体实验定律的综合应用,2,1
气体的实验室制取,7,1
气候地形,1,1
气压带和风带,12,1
气压带和风带上好课,1,1
气压带和风带的形成,4,1
气压带和风带的形成上好课,3,1
气压带风带,1,1
气压带风带练习题,4,1
气压带风带课时作业,1,1
气缸活塞气体综合,1,1
氧化区原,3,1
氧化还原 10大题型专项训练,9,1
氧化还原 10大题型专项训练配平,2,1
氧化还原 反应10大题型专项训练苏教版,3,1
氧化还原反应一轮复习,1,1
氧化还原反应方程式书写,14,1
氧化还原反应方程式的配平,3,1
氧化还原反应方程式的配平练习题,2,1
氧化还原反应方程式的配平题目,3,1
氧化还原反应的基本概念及配平新高一暑假讲义,5,1
氧化还原反应练习,3,1
氧化还原反应规律及方程式书写,3,1
氧化还原反应计算,9,1
氧化还原反应配平,1,1
氧化还原反应配平训练,1,1
氧化还原培优,1,1
氧化还原方程式,4,1
氧化还原滴定,3,1
氧化还原滴定实验,4,1
氧化还原的价变规律,6,1
氧化还原计算,1,1
氧化还原配平,7,1
氧化还原配平练习,10,1
氯代物习题,1,1
氯及其化合物,8,1
氯及其化合物预习,1,1
氯气专题练习,1,1
氯气专题练习复习,1,1
氯气复习,4,1
氯气练习复习,1,1
氯的工艺流程,1,1
氯的工页流程,3,1
水中溶液离子平衡,3,1
水体运动,3,1
水循环习题,3,1
水浒传 0 100回填空,1,1
水浒传 青岛阅读题,1,1
水浒传中考,4,1
水浒传人物事例,1,1
水浒传名著导读,1,1
水浒传名著导读上海,2,1
水浒传知识梳理,8,1
水浒传知识点,1,1
水浒传知识点习题,10,1
水溶液中的离子反应与平衡,1,1
水溶液中的离子反应与平衡高考真题,4,1
水溶液中的离子平衡 pH计算重难点训练,2,1
水溶液中的离子平衡 pH计算重难点训练电离平衡 水解平衡 pH综合计算,11,1
水的电离,6,1
水的电离和溶液的ph,4,1
水的组成,1,1
水磨沟,4,1
水调歌头明月几时有,3,1
水调歌头明月几时有原文,2,1
水调歌头题,2,1
永不枯竭的球溪河,1,1
永修一中,4,1
永修县外国语七年级下册英语,2,1
永兴县第一中学,1,1
永兴县第一中学入学,5,1
永兴县第一中学入学高一,7,1
永兴县第一中学高一入学数学,6,1
永兴县第一中学高一入学物理,2,1
永兴高一衔接班分班考,1,1
永嘉上塘三年级下册统考,2,1
永嘉瓯海三年级下册统考,2,1
永城市七年级,1,1
永城市八年级,9,1
永宁县第二中学,2,1
永定,1,1
永川七上数学期末,3,1
永川中学,1,1
永川中学高一上数学,4,1
永川区2025 2026六年级下册数学期末测试卷,3,1
永川区2025 2026六年级下册语文期末测试卷,4,1
永州,1,1
永州2026八年级,4,1
永州二中入学,1,1
永州二中入学考试,2,1
永州二中高一入学考试语文,27,1
永州五年级,1,1
永州八,21,1
永州八中,5,1
永州四中入学测试,42,1
永州四中入学考试,1,1
永州四中冬令营,9,1
永州四中开学考试卷,9,1
永州四中贯通班,2,1
永州四中贯通班英语,1,1
永州四中高一上,1,1
永州市2025年下期高二期末考试数学,1,1
永州市2026八年级,8,1
永州市2026届,1,1
永州市2026届二模,8,1
永州市2026年高三一模,3,1
永州市2026年高三二模,3,1
永州市2026年高考第一次模拟考试,6,1
永州市2026年高考第二次模拟考试,3,1
永州市第一中学,1,1
永州市第二中学,5,1
永州零陵一中,1,1
永州高三第一次模拟考试,1,1
永年一中,3,1
永强中学分班考,3,1
永志班,1,1
永新县2025-2026五年级下册期末,1,1
永昌县第一高级中学2025-2026-2期末考试新沃土班语文,3,1
永春一中,2,1
永春一中新高一分班考试卷,6,1
永春第一中学,7,1
永春高一,2,1
永泰县第三中学,2,1
永泰县第二中学,2,1
永洲市2026高三第一次模拟考试,1,1
永洲市2026高三第二次模拟考试,23,1
求一个量的几分之几,2,1
求三角函数,2,1
求三角函数高中.,7,1
求值域的方法,2,1
求函数值域,3,1
求函数最值,1,1
求函数的值域/最值,4,1
求函数的导数,1,1
求函数的解析式,2,1
求外接圆的半径,1,1
求导,4,1
求导练习,4,1
求比值,3,1
求精中学,8,1
求精高一英语上学期试卷,1,1
求绝对值的值,3,1
求解析式，求在0到m上的取值范围,3,1
求解析式，求在0到m上的取值范围大题,3,1
求通项公式,1,1
汇文初二上期中物理卷子,1,1
汇文学校,2,1
汇知,4,1
汇知开学,1,1
汇练,5,1
汉三中2025年高一10月月考卷,5,1
汉中,1,1
汉中英语,1,1
汉中衡水,2,1
汉台,18,1
汉川三下英语期末试卷,1,1
汉川五下英语期末试卷,1,1
汉川四下英语期末,2,1
汉川市年级下册物理期中考试,3,1
汉川市高一物理期末,9,1
汉川期末四年级上2026,5,1
汉川期末四年级上2026数学,4,1
汉川期末四年级下2026,1,1
汉开的港澳台模拟数学试卷,9,1
汉水丑生,2,1
汉水丑生高中生物基础知识点必修二,4,1
汉沽二中,2,1
汉沽八中,1,1
汉译英,1,1
汉阳,2,1
汉阳一中分班考试卷,4,1
汉阳区九上,5,1
汉阳区八下期中,1,1
汉阳区八下期末,7,1
汉阳道,3,1
汕头,13,1
汕头九上英语期中,1,1
汕头八下英语期末,3,1
汕头八下英语期末澄海,7,1
汕头华侨中学,3,1
汕头市东厦中学,3,1
汕头市化学高二,1,1
汕头市华斯达,1,1
汕头市潮阳区,1,1
汕头市潮阳区初中,1,1
汕头市潮阳区初二物理,7,1
汕头市潮阳区图南学校,2,1
汕头市潮阳区金浦中学,1,1
汕头市潮阳第一中学,1,1
汕头市蓝天学校,3,1
汕头市金中南滨学校,3,1
汕头市金园实验中学分班考,3,1
汕头市金园实验中学月考,1,1
汕头市金山中学八年级物理,1,1
汕头市金山中学高三物理,1,1
汕头市金平区2023 2024七年级下册期末统考卷,1,1
汕头市金平区中考,3,1
汕头市金平区初一入学考试,4,1
汕头市金平区高二期末,2,1
汕头市高一下学期,4,1
汕头市高一下学期期末,2,1
汕头市高一期末,7,1
汕头林百欣中学,6,1
汕头潮实,1,1
汕头澄海期末生物,1,1
汕头澄海期末生物初中,20,1
汕头濠江区,1,1
汕头生物高三,2,1
汕头聿怀中学,2,1
汕头语文期中,5,1
汕头语文陈店期末,6,1
汕头金中圆锥曲线压轴,2,1
汕头金山中学,4,1
汕头金山中学圆锥曲线压轴,4,1
汕头高一上英语期中,10,1
汕头高一上英语期末,7,1
汕头高一下英语期末,1,1
汕头高中物理,1,1
汕尾2022八下物理统考,3,1
汕尾会考,1,1
汕尾华大实验学校,1,1
汕尾学考,1,1
汕尾市,9,1
汕尾市2025-2026年期末考试,4,1
汕尾市2025至2026学年度第一学期初中一年级第一次月考,4,1
汕尾市2025至2026学年度第一学期初中一年级第一阶段,8,1
汕尾市2025至2026学年度第二学期六年级下册期末,10,1
汕尾市2025至2026学年度第二学期六年级下册期末道德与法治,3,1
汕尾市2026八下期末考试,1,1
汕尾市八下物理期末考试卷,2,1
汕尾市八下物理期末考试卷答案,7,1
汕尾市华大实验学校,1,1
汕尾市小考六年级语文,4,1
汕尾市小考语文,1,1
汕尾市高二试卷期末,1,1
汕尾林伟华中学第一阶段,1,1
汕尾领航高中联盟,2,1
汕尾领航高中联盟高一地理,2,1
汕尾领航高中联盟高一数学,2,1
汕尾领航高中联盟高一生物,3,1
汝州市,4,1
汝州市五中,1,1
江准十校,2,1
江准十校2025届高三第一次联考,4,1
江北新区旭东初一分班考试2024年,16,1
江北新区旭东初一分班考试2025年,1,1
江华,5,1
江华瑶族自治县,7,1
江南,1,1
江南  十校,1,1
江南10校,1,1
江南南京大学附属中学2025-2026学年高一下学期英语期末试题,3,1
江南归处是心安。,1,1
江城子 乙卯正月二十日夜记梦,1,1
江城子 密州出猎,1,1
江城子·乙卯正月二十日夜记梦/苏轼,7,1
江城子课件,6,1
江声中学,6,1
江夏区八年级下册数学期末试卷,3,1
江大附中,1,1
江姐中学,4,1
江山,1,1
江岸,1,1
江岸区2023—2024学年度第一学 期中九年级英语试卷,30,1
江岸区2023—2024学年度第一学期期中九年级英语试卷,6,1
江岸区九上期中化学,8,1
江岸区数学四下,1,1
江岸区高三起点考,1,1
江机中学,3,1
江杭州市2025-2026学年第二学期高二年级期末教学质量检测英语试题(含答案),1,1
江汉区2023—2024学年度第一学期期中九年级英语试卷,3,1
江汉区2025~2026八上物理期中考试,2,1
江汉区2025~2026物理期中考试,4,1
江汉区7月新起点,1,1
江汉区七月,2,1
江汉区七月高三起点考,4,1
江汉区高三,2,1
江津区期末考试,5,1
江津期末考试,3,1
江津金砖四校2023,1,1
江淮十校2026届高三,3,1
江淮十校2026届高三8月第一次联考,11,1
江淮十校2026年高三第一次联考,1,1
江淮四月,1,1
江苏 八年级 数学竞赛,2,1
江苏168优化重组卷,16,1
江苏168优化重组卷的其中一套拼卷,1,1
江苏2020年合格考,2,1
江苏2022化学高考真题,2,1
江苏2023高考化学,1,1
江苏2026,2,1
江苏2026初一期末镇江,3,1
江苏2026历史,1,1
江苏2026历史普通高中学业水平考试,1,1
江苏2026物理,8,1
江苏2026高一期末,3,1
江苏G20,33,1
江苏G4天一 海门四校期末联考2026,3,1
江苏G4天一 海门四校期末联考2026英语,1,1
江苏G4数学模拟试卷,1,1
江苏G4生物模拟试卷,3,1
江苏G4联考,1,1
江苏G4联考高三化学试卷,6,1
江苏一年级上学期阶段检测,5,1
江苏一模2026,16,1
江苏七上数学期中,1,1
江苏七年级上学期期中,10,1
江苏七年级译林上册英语第二单元测试,3,1
江苏专用,1,1
江苏专用高三,10,1
江苏专用高中,3,1
江苏东台中学,2,1
江苏东台市第一中学25-26高一下学期期末考试英语试题,3,1
江苏中天,2,1
江苏中考13市 真题,4,1
江苏中考13市物理大试卷,3,1
江苏中考数学0,1,1
江苏中考模考,1,1
江苏中考真题,2,1
江苏中考英语,6,1
江苏中考英语真题,15,1
江苏中考语文真题,21,1
江苏中考语文阅读理解,7,1
江苏中考语文阅读理解专项训练,3,1
江苏中职,2,1
江苏九上语文必背知识默写版,3,1
江苏九年级上学期阶段检测,2,1
江苏九年级下学期,5,1
江苏九校联考,5,1
江苏二年级上学期阶段检测,12,1
江苏二模2026,14,1
江苏二模物理,1,1
江苏五六年级下学期英语,1,1
江苏五年级下学期英语,35,1
江苏五年级下学期英语阅读,8,1
江苏五校第一次联考,2,1
江苏会考,1,1
江苏会考卷,2,1
江苏信息技术合格考,3,1
江苏八上历史期末试卷,1,1
江苏八上期中试卷学易金卷,1,1
江苏八上期末试卷,1,1
江苏八上期末试卷学易金卷,2,1
江苏八上试卷学易金卷,2,1
江苏八年级下学期期末,4,1
江苏八年级下学期阶段检测,10,1
江苏六年级下学期升学模考,3,1
江苏六年级下学期英语,2,1
江苏兴化五年级下学期数学期末考试2026,3,1
江苏兴化六年级上学期数学期中考试2026,5,1
江苏兴化六年级下学期数学期中考试2026,3,1
江苏初二物理知识点,3,1
江苏化学2026高考,8,1
江苏化学有机大题,6,1
江苏化学有机大题综合练,1,1
江苏化学竞赛复赛,3,1
江苏化学竞赛选拔赛,2,1
江苏化学高考,1,1
江苏升学模考,1,1
江苏南j京师范大学附属中学高 一 下学期 物理期中考试卷,2,1
江苏南京七校,3,1
江苏南京二模,10,1
江苏南京八上联合体数学期中试卷,5,1
江苏南京八上联合体物理期中试卷,1,1
江苏南京大学附属中学高一下期末,3,1
江苏南京市第二十九中学,47,1
江苏南京市金陵中学,34,1
江苏南京零模,6,1
江苏南京零模带听力,9,1
江苏南京高一上数学试卷,4,1
江苏南京高一上物理试卷,2,1
江苏南京高三,8,1
江苏南京鼓楼区一模,1,1
江苏南师大附中数学模拟试卷,2,1
江苏南师大附中高 一 下学期 物理期中考试卷,2,1
江苏南通 7A 期中集中作业,6,1
江苏南通 月考,1,1
江苏南通 月考启秀,1,1
江苏南通 月考启秀 语文,2,1
江苏南通中考试卷数学,3,1
江苏南通中考试卷数学2026,3,1
江苏南通小升初语文,1,1
江苏南通市2026届高考英语冲刺模拟卷,1,1
江苏南通数学,4,1
江苏南通模拟,9,1
江苏南通海安,1,1
江苏南通海安中考试卷,3,1
江苏南通海安中考试卷数学,2,1
江苏南通海门,19,1
江苏南通英语高一卷,1,1
江苏南通语文,1,1
江苏合格性考试 历史,3,1
江苏合格考2024学业水平测试卷真题,1,1
江苏合格考2026学业水平测试卷真题化学,4,1
江苏合格考数学,8,1
江苏合格考语数英真题,2,1
江苏名校联考数学,1,1
江苏四上期中数学2025,1,1
江苏四市二模物理,2,1
江苏四年级上学期阶段检测,1,1
江苏四年级下学期英语,37,1
江苏地理,1,1
江苏地理合格考2026年,4,1
江苏地理试卷高一下,1,1
江苏天一中学,1,1
江苏太仓期末,1,1
江苏宿迁期末卷高一下学期,1,1
江苏小升初开学分班考试试卷,1,1
江苏小高考,1,1
江苏小高考语数英,1,1
江苏工业园区星海中学九年级上10月,5,1
江苏工业园区星海中学九年级上期末,4,1
江苏常州,9,1
江苏常州高一下学期期末考试,3,1
江苏常州高级中学2025高一月考,2,1
江苏徐州2025~2026学年第二学期高一英语试题期末质量抽测,4,1
江苏徐州八年级数学,6,1
江苏徐州市,4,1
江苏徐州检测,3,1
江苏徐州沛县七年级数学月考,7,1
江苏徐州沛县七年级数学期中,4,1
江苏徐州沛县八年级数学期中,1,1
江苏徐州高二期末地理讲解,9,1
江苏扬州 2025 2026 学年高二下期末调研英语试题,1,1
江苏扬州八年级上物理期中试卷。,4,1
江苏扬州八年级上物理期末试卷。,5,1
江苏扬州市文昌集团2025到2026九上期中化学试卷,1,1
江苏招生考试2026招生计划专刊,1,1
江苏数学合格考,1,1
江苏数学模拟卷,12,1
江苏数学竞赛试卷（初中卷）,6,1
江苏新海高一下期末生物,8,1
江苏新海高级中学,4,1
江苏昆山语文四年级,14,1
江苏普通高中学业水平测试,1,1
江苏普通高中学业水平测试历史,6,1
江苏期末,1,1
江苏模拟选择题 有机选择题,5,1
江苏淮安初一语文上册基础知识训练,3,1
江苏淮安初一语文上册基础训练,4,1
江苏淮安初一语文基码训练,1,1
江苏溧阳,1,1
江苏物理压强,2,1
江苏物理图像专练,3,1
江苏物理模拟卷,13,1
江苏物理运动图像专练,2,1
江苏物理高考,3,1
江苏盐城,1,1
江苏盐城市东台市,1,1
江苏盐城市东台市初中,3,1
江苏盐城市五校联盟,1,1
江苏盐城高级中学,1,1
江苏省,8,1
江苏省 昆山 太仓 常熟 张家港 四市期中,12,1
江苏省2023普通高中学业水平合格性考试,1,1
江苏省2024年中职职教高考文化统考,3,1
江苏省2024年普通高中学业水平合格性考试历史,1,1
江苏省2024年普通高中学业水平合格性考试地理,1,1
江苏省2024年普通高中学业水平合格性考试政治,1,1
江苏省2024年跨地区职业学校职教高考二轮联考数学试卷,1,1
江苏省2025-2026年跨地区职业学校职教高考一轮联考,4,1
江苏省2025年普通高中学业水平选择性考试模拟卷三,1,1
江苏省2026中考数学,2,1
江苏省2026届高三上学期质量检测化学试卷,3,1
江苏省2026年普通高中学业水平合格性考,1,1
江苏省2026年普通高中学业水平合格性考政治,4,1
江苏省2026英语期末试卷,2,1
江苏省2026高考化学,3,1
江苏省2026高考政治原卷,5,1
江苏省29中,3,1
江苏省G4联考试卷,4,1
江苏省G4高三4月联考,6,1
江苏省g4联考化学,2,1
江苏省一中,1,1
江苏省一中月考,1,1
江苏省个大市2022-2023学年八年级下学期期末试题汇编,4,1
江苏省丹徒,1,1
江苏省二十九中,5,1
江苏省京口区7年级上册数学期末试卷,2,1
江苏省全国统一考试2025物理试卷高中,3,1
江苏省初二上次数学试卷,1,1
江苏省前黄实验小学,8,1
江苏省单招,1,1
江苏省单招数学专项训练,4,1
江苏省南京29中2026高三上模拟,2,1
江苏省南京市2024至2025学年第一学期高一期中质量监测物理试题,3,1
江苏省南京市2024至2025学年第一学期高一期末质量监测物理试题,1,1
江苏省南京市2024至2025学年第二学期高一期末质量监测物理试题,5,1
江苏省南京市2025至2026学年第二学期高一期末化学试题,2,1
江苏省南京市2025至2026学年第二学期高一期末物理试题。,5,1
江苏省南京市2025至2026学年高一期末数学质量监测。,2,1
江苏省南京市地理八上期中,5,1
江苏省南京市栖霞区,1,1
江苏省南京市生物八年级上学期期中,16,1
江苏省南京市盐城市高三第1次模拟考试,2,1
江苏省南京市联合体,14,1
江苏省南京市高一期中十校联考,1,1
江苏省南通中学,3,1
江苏省南通中学高一下,7,1
江苏省南通中学高三上,6,1
江苏省南通市,1,1
江苏省南通市2025届高三上学期学情调研,17,1
江苏省南通市2026届高三第二次调研测试,10,1
江苏省南通市如东中学,5,1
江苏省南通市如皋,6,1
江苏省南通市如皋高三上学期第1次数学月考,6,1
江苏省南通市崇川初级中学2025-2026学年上学期七年级第一次月考数学试卷,5,1
江苏省南通市海门中学2025到2026学年高一十月上学期学情调研英语试卷,2,1
江苏省南通市海门区中南中学2025-2026学年八年级上学期11月期中试题,6,1
江苏省南通市通州区高级中学月考试卷,1,1
江苏省合格性考试英语,1,1
江苏省城北高级中学,2,1
江苏省天一中学高一上英语,5,1
江苏省如皋中学,5,1
江苏省如皋中学20252026学年高三年级下学期限时规范综合练习英语,5,1
江苏省如皋中学高三上期初数学,3,1
江苏省实验小学,4,1
江苏省实验小学二年级上学期期中,7,1
江苏省实验小学期中,3,1
江苏省宿迁 期末试卷,3,1
江苏省宿迁市2025-2026学年高一上学期,5,1
江苏省宿迁市宿豫区2024-2025年七年级下册地理生物期中试卷,1,1
江苏省宿迁市宿豫区数学八年级上册2024-2025学年度第一学期期中试卷,3,1
江苏省宿迁市宿豫区数学八年级上册期中试卷,6,1
江苏省宿迁市宿豫区物理八年级上册2024-2025学年度第一学期期中试卷,5,1
江苏省宿迁市宿豫区英语八年级上册2024-2025学年度第一学期期中试卷,2,1
江苏省宿迁市宿豫区英语八年级上册试卷,2,1
江苏省宿迁市宿豫区英语第一次月考八年级上册试卷,7,1
江苏省宿迁市宿豫区英语高考试卷,3,1
江苏省宿迁市宿豫区语文八年级上册期中试卷,4,1
江苏省宿迁市高一上期末,1,1
江苏省射阳中学,13,1
江苏省小高考,3,1
江苏省师范大学附属实验学校,1,1
江苏省常州市2025?2026学年第二学期高二期末质量调研 生物试题（含答案）,1,1
江苏省常州市2025?2026学年第二学期高二期末质量调研 英语试题（含答案）,1,1
江苏省常州市2026中考,6,1
江苏省常州市8年级上册道德与法治期中试卷,3,1
江苏省常州市教科院附属高级中学物理,4,1
江苏省常州市教科院附属高级中学物理月考,4,1
江苏省常州市教科院高级中学物理月考,4,1
江苏省常州市，八年级下册历史期末试卷,12,1
江苏省常州质检,1,1
江苏省常州高级中学,1,1
江苏省建湖高级中学,5,1
江苏省建湖高级中学高一化学月考,1,1
江苏省建湖高级中学高一必修一化学月考,1,1
江苏省建湖高级中学高一数学月考,1,1
江苏省徐州市2025一2026学年度第二学期六年级下册数学期末调研试卷,8,1
江苏省徐州市撷秀初级中学,1,1
江苏省徐州市沛县,34,1
江苏省徐州市沛县2024一2025学年度第一学期八年级上册物理期中考试试卷,12,1
江苏省徐州市沛县2025一2026学年度第一学期八年级上册期中英语试卷,8,1
江苏省徐州市睢宁县,3,1
江苏省徐州市第七中学2025-2026学年高一上学期9月学情调研物理试卷,1,1
江苏省徐州市第七中学2025-2026学年高一上学期9月学情调研试卷,2,1
江苏省徐州市邳州市八年级上学期第一次月考,1,1
江苏省徐州市邳州市八年级上学期第一次月考检测,1,1
江苏省徐州市邳州市八年级上学期第一次月考检测一到2单元,5,1
江苏省徐州市邳州市，八年级上学期第一次月考检测,9,1
江苏省徐州市邳州市，八年级上学期第一次月高检测,1,1
江苏省徐州西苑中学2024-2025学年小升初数学分班考试试卷,6,1
江苏省扬州中学,2,1
江苏省扬州中学2025年高三物理9月份月考,6,1
江苏省扬州中学高10月数学月考卷,1,1
江苏省扬州中学高一上学期10月数学月考卷,6,1
江苏省扬州中学高三物理9月份,4,1
江苏省扬州中学高三生物9月,4,1
江苏省扬州中学高二上数学,4,1
江苏省扬州市仪征市江都区月考卷,3,1
江苏省扬州市仪征市江都区月考卷八年级上册,4,1
江苏省扬州市高一下学期期末试卷生物,2,1
江苏省扬州市高一下学期期末试卷英语,3,1
江苏省扬州市高邮市八年级英语期中调研试卷上册,5,1
江苏省提招考试,1,1
江苏省数学奥林匹克,1,1
江苏省数学竞赛2026,1,1
江苏省无锡市一中,1,1
江苏省普通高中学业水平合格性考试,1,1
江苏省普通高中学业水平合格性考试试卷,40,1
江苏省普通高中学业水平考试,3,1
江苏省曲塘高级中学,2,1
江苏省木渎高级中学2025-2026学年第二学期,37,1
江苏省木渎高级中学2025-2026学年第二学期阶段性测试物理,9,1
江苏省梁丰高级中学,5,1
江苏省沛县张寨中学八上月考第1次月考试卷数学,5,1
江苏省泗阳中学2025高一分班考试,1,1
江苏省泗阳中学2025高一月考,14,1
江苏省泰州中学附属初级中学数学9年级上册,2,1
江苏省泰州中学高一下期末,2,1
江苏省泰州中学高二上数学期末,5,1
江苏省泰州市姜堰区2025-2026学年八年级下学期6月期末历史试题,5,1
江苏省泰州市姜堰区2025-2026学年八年级下学期期中道德与法治试题,3,1
江苏省泰州市姜堰区三年级下册期末考试数学试卷,7,1
江苏省泰州市泰州中学期中,2,1
江苏省泰州市靖江市高一下物理试卷,1,1
江苏省泰州新化市合格考,9,1
江苏省泰州联考,9,1
江苏省海头高级中学,1,1
江苏省海安中学高三上期初数学,1,1
江苏省海安高级中学,2,1
江苏省海安高级中学9月开学考,3,1
江苏省海州高级中学2025-2026学年高一上学期,1,1
江苏省海州高级中学2025-2026学年高一上学期期末数学,1,1
江苏省海门区海门基地班试卷,1,1
江苏省淮安市七校联考,4,1
江苏省淮安市八校联考,1,1
江苏省淮安市清江中学高一第一次月考试卷,9,1
江苏省淮安市盱眙县,8,1
江苏省淮安市高17校联盟,1,1
江苏省淮阴中学,2,1
江苏省清江中学分班考,1,1
江苏省清河中学,1,1
江苏省清浦中学,1,1
江苏省滨海中学,7,1
江苏省百校联考,7,1
江苏省百校联考2022到2023高三第一次考试英语,1,1
江苏省盐城中学高一期下月考试卷,2,1
江苏省盐城市2025-2026学年度第二学期高一年级期终考试语文试题,2,1
江苏省盐城市2026中考,1,1
江苏省盐城市2026语文期末试卷,11,1
江苏省盐城市康居路教育集团八年级上册 数学中试卷,1,1
江苏省盐城市康居路教育集团八年级上册 物理期中试卷,4,1
江苏省盐城市康居路教育集团八年级上册数学期中试卷,3,1
江苏省盐城市康居路教育集团南校区  八年级上册数学期中试卷,4,1
江苏省盐城市滨海县滨淮初级中学2025年九年级上册一次月考,2,1
江苏省盐城市盐都区康居路教育集团八年级上册数学期中试卷,3,1
江苏省盐城市联考化学高一必修一期中试卷,15,1
江苏省盐城市高一上学期化学月考,1,1
江苏省盐城市高一上学期月考,4,1
江苏省盐城市高一下学期物理期末考试,1,1
江苏省盐城市高二上学期物理第一次月考,1,1
江苏省盐城高级中学高一数学月考,1,1
江苏省省太中高1月考数学试卷,1,1
江苏省省太中高一上学期月考数学试卷,1,1
江苏省苏北七市高三第二次调研,7,1
江苏省苏州市2024-2025学年高一下学期期中考试化学试题,1,1
江苏省苏州市2026初一下册期末数学试卷,2,1
江苏省苏州市2026初二下册期末数学试卷,3,1
江苏省苏州市姑苏区,9,1
江苏省苏州市姑苏区八下数学期末卷解析,2,1
江苏省苏州市张家港市,5,1
江苏省苏州高二上英语期中试卷,2,1
江苏省苏锡常镇四市,9,1
江苏省赣榆高级中学少年班2025年数学入学试卷。,6,1
江苏省辅仁,1,1
江苏省运河中学创新班招生考试,3,1
江苏省运河中学娄,1,1
江苏省运河中学物理高一上,7,1
江苏省连云港市2024 2025学年高一上学期期末,1,1
江苏省连云港市2025届一模化学试卷,2,1
江苏省连云港市东海县2025至2026期中英语时间,5,1
江苏省连云港市东海县2025至2026期末,23,1
江苏省连云港市东海县高三期中,13,1
江苏省连云港市新海高中第一个月月考试卷,2,1
江苏省连云港市新海高中高一上学期第一个月月考试卷,5,1
江苏省连云港市新海高中高一第一个月月考试卷,1,1
江苏省连云港市第一高级中学,12,1
江苏省连云港市赣榆区25~26年物理期中试题,16,1
江苏省连云港市赣榆第一高级中学,1,1
江苏省通州高级中学2025 2026学年高二上学期开学考试政治试卷,1,1
江苏省鉴湖高级中学高一数学月考,1,1
江苏省锡山高级中学,1,1
江苏省锡山高级中学2025到2026学年高一下学期6月期末考试数学试题,2,1
江苏省锡山高级中学（省锡中）,9,1
江苏省镇江市丹徒区八年级下册期末考数学试卷,1,1
江苏省镇江市高一下学期数学试卷,2,1
江苏省镇江市高一下期末物理,3,1
江苏省镇江市高二上学期第一学期开学考试,1,1
江苏省镇江市高二上学期第一学期联,1,1
江苏省镇江市高二上学期第一学期联考,2,1
江苏省镇江市高二联考,1,1
江苏省阜宁县2025年小高考物化生试卷,3,1
江苏省靖江高级中学,5,1
江苏省高一下物理期末试卷,1,1
江苏省高一月考数学,2,1
江苏省高一月考数学10月,1,1
江苏省高三4月联考 数学,2,1
江苏省高三一轮复习零点问题,4,1
江苏省高三下学期数学一模,16,1
江苏省高三南京市 盐城市数学,1,1
江苏省高三联考下学,7,1
江苏省高中数学学业,1,1
江苏省高中高一下学期期中物理试卷,20,1
江苏省高中高一下学期期末物理试卷,1,1
江苏省高二上,2,1
江苏省高二上化学,1,1
江苏省高二上数学,1,1
江苏省高二上数学周测1,1,1
江苏省高二上数学月考,9,1
江苏省高二上物理,1,1
江苏省高二上物理9月,2,1
江苏省高二上物理周测,3,1
江苏省高二上物理月考,3,1
江苏省高二上电路,1,1
江苏省高二下化学第一次月考试卷,6,1
江苏省高考,2,1
江苏省高考2026高考真题,2,1
江苏省高考历史,3,1
江苏省高考政治,6,1
江苏省高考英语试题,1,1
江苏省高邮市,5,1
江苏省黄桥初级中学,4,1
江苏职教高考,3,1
江苏联合体期中,2,1
江苏苏州市部分区市2025－2026学年七年级上学期期末数学试卷,5,1
江苏苏锡,1,1
江苏苏锡常镇四市,1,1
江苏英语三年级下学期,8,1
江苏英语模拟卷,38,1
江苏译林英语五年级,1,1
江苏译林英语五年级下学期,2,1
江苏语文一模,3,1
江苏语文一模高考,4,1
江苏语文阅读理解专项训练,3,1
江苏赣榆高级中学,1,1
江苏连云港,1,1
江苏连云港新海初中,2,1
江苏连云港灌南,3,1
江苏选择性必修1化学,3,1
江苏选择性必修一,4,1
江苏选择性必修一化学,7,1
江苏选择性必修一水溶液离子浓度大小比较,1,1
江苏选择性必修一水溶液离子浓度大小比较专项习题,7,1
江苏选择性必修一水溶液离子浓度大小比较苏教版,4,1
江苏选择性必修二水溶液离子浓度大小比较专项习题,3,1
江苏金陵,3,1
江苏镇江中学2025高二上期中数学,5,1
江苏镇江句容,1,1
江苏镇江第一单元测试,1,1
江苏阶段检测,1,1
江苏高 考 2026高考生物真题,1,1
江苏高一上数学,1,1
江苏高一上物理,3,1
江苏高一上物理10月,7,1
江苏高一下学期5月份物理月考试卷,1,1
江苏高一下学期期末物理试卷,1,1
江苏高一下学期物理月考试卷,1,1
江苏高三,1,1
江苏高三上8月9月暑假数学检测,8,1
江苏高三上8月9月暑假物理检测,4,1
江苏高三上9月期初数学,4,1
江苏高三上学期期末,1,1
江苏高三上暑假数学检测,2,1
江苏高三二模物理,4,1
江苏高三物理试卷,1,1
江苏高三生物,4,1
江苏高中不恰当表述,4,1
江苏高中会考,1,1
江苏高中会考卷,1,1
江苏高中数学高一上10月考,4,1
江苏高中数学高一上月考,2,1
江苏高中数学高一月考,1,1
江苏高中病句辨析,4,1
江苏高中英语词汇表 译林版,2,1
江苏高中英语高频词,1,1
江苏高中英语高频词练习,1,1
江苏高二上学期期末,5,1
江苏高二上学期阶段检测,7,1
江苏高二上数学月考,1,1
江苏高二上数学期中,3,1
江苏高二上数学第一次月考,1,1
江苏高二上数学第一章～第二章,1,1
江苏高二上期末数学,2,1
江苏高二下学期期末,6,1
江苏高二下期末物理试卷,3,1
江苏高二会考卷,2,1
江苏高二会考卷模拟,12,1
江苏高二会考卷模拟盐城,3,1
江苏高二物理,3,1
江苏高二物理月考,15,1
江苏高考一卷,7,1
江苏高考化学,1,1
江苏高考化学2026,4,1
江苏高考化学一轮复习水溶液,4,1
江苏高考化学真题,1,1
江苏高考历史,3,1
江苏高考历史真题,1,1
江苏高考历史高考复习精品课件,4,1
江苏高考政治2026,3,1
江苏高考数学模拟,2,1
江苏高考物理真题,1,1
江苏高考真题,2,1
江苏高考真题经常出现高频词,1,1
江苏高考英语真题经常出现高频词,4,1
江苏高考英语高频词,3,1
江西 0 2026,1,1
江西 0 2026 高三 金太阳,2,1
江西 中考2026,1,1
江西 日语,1,1
江西 高考2026年真题,4,1
江西2026十校协作体5月联考,10,1
江西2026年5月联考,1,1
江西2026高考 物理卷,3,1
江西一模,12,1
江西三新协同体,7,1
江西三新开学,1,1
江西三新联考,15,1
江西三新联考数学,2,1
江西三新联考高三4月学科阶段训练,2,1
江西上犹,2,1
江西上饶2021届高三一模英语,3,1
江西上饶2025高二月考,1,1
江西上饶市2025 2026学年高一下学期期末考试数学试卷,1,1
江西上饶市2025 2026学年高二下学期期末考试数学试卷,1,1
江西上饶市2025高二月考,15,1
江西上饶玉山高一上册第一次月考,14,1
江西中考政治,5,1
江西中考模考,1,1
江西中考英语2026,3,1
江西丰城中学,2,1
江西九师联盟,1,1
江西九江2026高一暑假作业,1,1
江西九江第一中学期末。,2,1
江西协作体2026高三联考五月,2,1
江西南昌,1,1
江西南昌二中2025-2026高一下期末化学试题,2,1
江西南昌五年级下册期末试卷,1,1
江西南昌五年级期末试卷,2,1
江西南昌少春中学2025-2026学年高一下学期期末考试语文试卷,1,1
江西吉安市永丰县第三中学,3,1
江西吉安白鹭洲,1,1
江西吉安高二上第一次月考数学,2,1
江西吉安高二期中三新协同数学,3,1
江西四年级下学期期末,1,1
江西宜春,7,1
江西师大附中2026-2026,12,1
江西师大附中一上学期月考,1,1
江西师大附中高一年级数学期中试卷,1,1
江西师大附中高三上学期开学考,12,1
江西师大附中高三语文模拟试题,1,1
江西师大附中高二年级数学期末试卷,2,1
江西师范大学附属中学月考,12,1
江西师范大学附属中学高一数学第一次月考,10,1
江西师范大学附属中学高二下学期物理期末,2,1
江西抚州数学八上月考,8,1
江西抚州数学八上第二章,1,1
江西新余市第一中学 第四中学2025 2026学年高一下学期第三次段考,4,1
江西景德镇昌江一中,12,1
江西期末,1,1
江西物理,1,1
江西物理2026高考,5,1
江西省,2,1
江西省1月创智体联考化学,3,1
江西省2024-2025年新建二中第一次月考试卷数学,11,1
江西省2025一2026上学期12月学情检测日语,3,1
江西省2025年高考卷,4,1
江西省2026,1,1
江西省2026初二物理期末试卷,4,1
江西省2026初二物理试卷,1,1
江西省2026年数学中考试卷。,2,1
江西省9月开学联考数学,3,1
江西省一轮复习,1,1
江西省三中,1,1
江西省三新教研协同共同体高一下学期联考,1,1
江西省三新联考高一数学试卷,1,1
江西省上犹县九年级中考,1,1
江西省上进联考2024高一数学试卷,1,1
江西省上进联考2026数学联考,2,1
江西省上进联考高一2026数学联考,6,1
江西省上饶中学2024-2025学年高三上学期期末考试 物理,3,1
江西省上高二中高一第一次月考,2,1
江西省乐平三中,1,1
江西省乐平中学,5,1
江西省乐平市第三中学,3,1
江西省九江市中考试卷2026,1,1
江西省九江市修水县七年级（上）期末数学试卷,1,1
江西省九江市庐山市蓼南乡中考试卷2026,3,1
江西省九江市柴桑区试卷,2,1
江西省二年级上册作文每日一练,1,1
江西省十校联考,5,1
江西省南昌二中集团校初中部2024-2025学年七年级上学期1月期末数学试题,3,1
江西省南昌市 2026 届高三第一次模拟测试,9,1
江西省南昌市2025年高三模拟测试,22,1
江西省南昌市20二六届高三下学期三月一模,1,1
江西省南昌市中考,1,1
江西省南昌市南昌中学高一上学期期中,9,1
江西省南昌市南昌县七年级下册数学期末试卷2025到2026年,2,1
江西省南昌市新建区第二中学2023 2024学年高一上学期 新星计划,1,1
江西省南昌市江西科技学院附属中学高一年级数学期中试卷,1,1
江西省南昌市第二中学 高一上学期10月,3,1
江西省南昌市第二中学 高一上学期10月月考物理试题,7,1
江西省南昌市第二中学高一年级数学期中试卷,17,1
江西省吉安市2025 2026期末,1,1
江西省吉安市2025年高三开学考,6,1
江西省吉安市一轮复习资料,3,1
江西省吉安市吉州区2025～2026学年上学期八年级第一次段考语文试卷,3,1
江西省吉安市遂川县2026年物理八年级上册期中考试,14,1
江西省吉安市阳明中学2025年高三开学考,1,1
江西省安福中学,2,1
江西省安福中学开学考试,3,1
江西省宜春,5,1
江西省宜春市丰城中学2024-2025学年高一下学期期末考试英语试题（原卷版）.docx,1,1
江西省开学高一分班考试题,7,1
江西省抚州市2025-2026地理八上期末包答案,2,1
江西省抚州市2025-2026物理八上期末包答案,7,1
江西省抚州市2025-2026英语八上期末包答案,2,1
江西省抚州市2025-2026语文七上期末包答案,1,1
江西省抚州市2025-2026语文八上期末包答案,9,1
江西省抚州市2025-2026语文八下期末包答案,4,1
江西省数学试卷,3,1
江西省景德镇,5,1
江西省景德镇一中,1,1
江西省景德镇市高二,1,1
江西省永新中学,1,1
江西省瑞金市,3,1
江西省生地会考2026,8,1
江西省生物试卷,1,1
江西省百校联考,5,1
江西省百校联考语文试卷,10,1
江西省联考,1,1
江西省萍乡市高三,2,1
江西省萍乡市高三上,5,1
江西省赣州市中考,1,1
江西省赣州市于都县重点高中提前招生,1,1
江西省赣州市南康区数学九上期末,5,1
江西省赣州市南康区第二中学。,1,1
江西省赣州市瑞金市思源实验学校2024—2025学年上学期八年级英语第二次月考试题,2,1
江西省赣州市第三中学（赣三中）2025-2026学年第一学期第一次检测练习高一数学,2,1
江西省赣州市赣县第三中学2026届高考考前自测地理,1,1
江西省赣抚吉十二校2025届高三第一次7月联考英语,2,1
江西省赣抚吉高中联盟2025?2026学年高三上学期12月联考英语,7,1
江西省赣抚吉高中联盟2025学年高三上学期12月联考英语,1,1
江西省鄱阳中学高一入学考试试卷,4,1
江西省重点中学,4,1
江西省重点中学协作体高三第一次联考,3,1
江西省高一下数学期末考试试卷,6,1
江西省高一下物理期末考试试卷,11,1
江西省高三上进联考语文,19,1
江西省高二,2,1
江西省高二上数学第一次周测,4,1
江西省高二上数学第一次月考,5,1
江西省高二上进联考语文,18,1
江西省高安中学开学考试卷,2,1
江西科技学院,2,1
江西英语,1,1
江西英语高考,1,1
江西语文八年级下册试卷,2,1
江西赣州大余中学,17,1
江西赣州大余县期末考试卷,1,1
江西赣州高二下期末,1,1
江西赣抚吉,3,1
江西金太阳历史,4,1
江西阶段检测,11,1
江西高一,1,1
江西高一英语试卷,3,1
江西高三上学期开学考,15,1
江西高三数学,1,1
江西高二上,1,1
江西高二上第一次月考,8,1
江西高二期中三新联盟数学,1,1
江西高考化学2026,1,1
江都区第二中学,2,1
江门2025-2026统考物理,1,1
江门7月高二调研,2,1
江门一中 第一学期,1,1
江门市2024年普通高中高二调研测试一英语,1,1
江门市2025年普通高中高二调研测试一英语,1,1
江门市2026年普通高中高二调研测试一,1,1
江门市2026年普通高中高二调研测试二化学,4,1
江门市2026年普通高中高二调研测试二生物,1,1
江门市一中,1,1
江门市一中 第一学期,2,1
江门市五年级数学,4,1
江门市五年级数学上册,4,1
江门市五年级语文,4,1
江门市五年级语文上册,7,1
江门市台山市2025-2026统考物理,2,1
江门市台山市2025-2026统考物理八年级,1,1
江门市台山市深井中学2025-2026统考物理八年级,19,1
江门市培英,2,1
江门市数学,2,1
江门市棠下,4,1
江门广雅,5,1
江门广雅2025年高一上学期中考卷期,19,1
江门广雅中学高一上期中考卷,5,1
江门广雅中学高一下期中考卷,8,1
江门期末七年级下学期道法,1,1
江门调研,5,1
江门高一,1,1
江门高一下,4,1
江门高一下期末,3,1
江门高二数学,1,1
江阳区期末卷,4,1
江阴,2,1
江阴一中 2025-2026高一上9月月考数学 人教A版,3,1
江阴九上期中考试,1,1
江阴六年级下册期末考试,3,1
江阴初二下,1,1
江阴市2026年五年级统考,2,1
江阴市南菁月考,5,1
江阴市市中,2,1
江阴文林九上数学,4,1
江陵中学,4,1
池州一中钱学森,2,1
池州一中高一,3,1
汤溪中学,4,1
汤阴实验中学七校联考数学试卷,2,1
汪力老师历史,2,1
汪清,1,1
汪清高中,7,1
汶上县七年级下册期末,1,1
汽化,1,1
汽化专项练,1,1
汽开六中,12,1
汽开区,2,1
汽开区数学,1,1
汽开区第三中学,1,1
汽车理论,4,1
沁县中学,7,1
沁园春·长沙 课文朗读 MP3 统编版高一必修上册,2,1
沁园春长沙ppt,6,1
沁园春长沙课件,10,1
沁园春雪,3,1
沁阳市第一中学政治高一上册,2,1
沁阳市第一中学政治高一上学期,7,1
沂南2025初中九年级数学期中,2,1
沂南一中,4,1
沂南二中,1,1
沂水,10,1
沂水八年级上册数学期中试卷,6,1
沂水八年级上册物理期中试卷,9,1
沂水八年级上册英语期中试卷,9,1
沂水八年级上册语文期中试卷,7,1
沂水六年级上册数学期中试卷,11,1
沂水六年级上册语文期中试卷,6,1
沂源县2025~2026八年级上册数学期中考试试题,3,1
沃土计划,27,1
沅澧共同体2025高一下期末英语,4,1
沅澧共同体2026高一下期末全科真题,1,1
沈北期末,1,1
沈北雨田期末语文,13,1
沈太中高一月考数学试卷,1,1
沈河,5,1
沈河区八下期末数学,1,1
沈河区四年级下册英语卷,1,1
沈河区四年级下册语文卷,1,1
沈河期末,1,1
沈航,1,1
沈阳 126中学,8,1
沈阳 43,4,1
沈阳 七中,5,1
沈阳 二中 数学 高一上 月考 2025,4,1
沈阳 四十三,6,1
沈阳 期末,1,1
沈阳 物理,1,1
沈阳 虹桥 物理,1,1
沈阳 高一 上 数学,1,1
沈阳 高一 上月考 数学,2,1
沈阳 高一上 10月 月考 数学,3,1
沈阳 高一上月考 数学,1,1
沈阳11,2,1
沈阳120,1,1
沈阳120中学2026年高一下学期期末,8,1
沈阳126中学,1,1
沈阳126中学月考,1,1
沈阳126月考,1,1
沈阳2025~2026高二上学期第1次月考试题,2,1
沈阳20中学,4,1
沈阳20中学物理,4,1
沈阳20中学高一上,1,1
沈阳20中高二下学期期末,7,1
沈阳31中,1,1
沈阳31中学化学开学考试,5,1
沈阳36中学,1,1
沈阳36中学开学考试,1,1
沈阳36中开学考,2,1
沈阳43中八年级上期中考试英语,7,1
沈阳7中英语7上期末,2,1
沈阳七中英语七年级上期中,1,1
沈阳三十一中学 高一 上月考 数学,1,1
沈阳下和平数学,1,1
沈阳下数学和平,1,1
沈阳下数学期末卷2026答案,2,1
沈阳东北育才,6,1
沈阳东北育才第一次月考,4,1
沈阳中考,4,1
沈阳九上化学月考,26,1
沈阳九年级数学上月考,4,1
沈阳二中 2025 2026 2025 2026 学年度 下学期 模拟考,6,1
沈阳二中 数学 高一 月考 2026,1,1
沈阳二中 数学 高一上 月考 2026,1,1
沈阳二中2025~2026学年度下学期期末考试,2,1
沈阳二中2025年十月数学,7,1
沈阳二中2026高二下期末物理,1,1
沈阳二中28届2025~2026学年度下学期期末考试,12,1
沈阳二中28届2025~2026学年度下学期阶段能力测试,1,1
沈阳二中分班考试2024,1,1
沈阳二中数学,8,1
沈阳二中语文6月,1,1
沈阳二中语文6月高二,3,1
沈阳二中高二下学期期末,3,1
沈阳二中高二下学期期末数学,3,1
沈阳二十七中,1,1
沈阳二十中学10月物理,1,1
沈阳二十高一下学期数学期末,1,1
沈阳八上生物期中卷,1,1
沈阳八上语文月考卷,5,1
沈阳八下数学期末,7,1
沈阳初一分班考,1,1
沈阳初三数学模拟考试,4,1
沈阳南昌,3,1
沈阳南昌中学,8,1
沈阳实验中学2025 2026高二,1,1
沈阳实验高一上第一次物理月考,2,1
沈阳市11中学,2,1
沈阳市124中,4,1
沈阳市134中学九年级英语三模,2,1
沈阳市134中学五维融创课堂之反思五九年级英语,16,1
沈阳市2024年郊联体物理卷高一下学期,5,1
沈阳市2025 2026郊联体高二下学期期末试卷,5,1
沈阳市2025-2026郊联体高二下学期期末试卷,3,1
沈阳市20中学,1,1
沈阳市83,1,1
沈阳市七上第一单元数学月考,3,1
沈阳市七中202510月月考八上语文卷,7,1
沈阳市七中物理九上月考,1,1
沈阳市东北育才高一第1次月考物理卷,1,1
沈阳市九年级化学上学期第一次月考,5,1
沈阳市二十中和平湾,2,1
沈阳市于洪区2025-2026学年四年级下学期期末英语,1,1
沈阳市五校协作体期末,1,1
沈阳市南昌物理九上月考,1,1
沈阳市南昌长白岛中学,4,1
沈阳市同泽高级中学 高一上学期 开学考试,3,1
沈阳市和平区七下期末听力,4,1
沈阳市和平区八下期末语文考试真题,3,1
沈阳市回民中学2028届下学期期末考试,2,1
沈阳市回民中学高二期末考试,1,1
沈阳市回民中学高二期末考试生物,2,1
沈阳市外国语数学高中,3,1
沈阳市开学考,5,1
沈阳市期中,1,1
沈阳市法库县七下地理,4,1
沈阳市法库县七下数学,3,1
沈阳市法库县七下英语,2,1
沈阳市法库县八上五里,4,1
沈阳市法库县八上历史,2,1
沈阳市法库县八上数学,3,1
沈阳市法库县八上生物,15,1
沈阳市法库县八上英语,7,1
沈阳市法库县八上道德与法治,5,1
沈阳市法库县八下期末试卷,2,1
沈阳市法库县八下生物,4,1
沈阳市皇姑区2025 2026学年初下学期期末英语,6,1
沈阳市皇姑区2025 2026学年四年级下学期期末英语,1,1
沈阳市皇姑区2025-2026学年四年级下学期期末英语,2,1
沈阳市皇姑区2025-2026学年四年级下学期期末语文,1,1
沈阳市皇姑区初下学期期末,5,1
沈阳市第11中学,4,1
沈阳市第43中学,6,1
沈阳市第83中学分班考试试卷,4,1
沈阳市第83中学高中分班考试试卷,1,1
沈阳市第83中学高中高1分班考试试卷,1,1
沈阳市第七中学,5,1
沈阳市第七中学2024八年级上学期期中考试卷,11,1
沈阳市第二中学 数学 高一上 月考 2025,1,1
沈阳市第二中学2024,2,1
沈阳市第二中学分班,1,1
沈阳市第二中学新高一摸底考试,1,1
沈阳市第二十中学阶段测试高一年级物理试卷,1,1
沈阳市第四十三中学,7,1
沈阳市虹桥中学2025~2026学年度九年级上册数学月考,10,1
沈阳市虹桥中学2025~2026学年度九年级上册物理,2,1
沈阳市郊联体,19,1
沈阳市郊联体2023-2024高一上期末数学,1,1
沈阳市郊联体高一下学期期末考试题,1,1
沈阳市重点高中五校联合体,7,1
沈阳市铁路实验本真班,1,1
沈阳市高一下期末联合体数学卷,9,1
沈阳数学,4,1
沈阳文艺二,1,1
沈阳期末,2,1
沈阳沈北新区八上物理期中卷,2,1
沈阳沈北期末,4,1
沈阳沈河区一年级期末考试题,5,1
沈阳皇姑,16,1
沈阳第120中学,7,1
沈阳第七中学,3,1
沈阳第二高级中学,1,1
沈阳航空航天大学,2,1
沈阳郊联体2026高一下学期期末考试卷纸,10,1
沈阳郊联体生物高一下,1,1
沈阳郊联体生物高二,2,1
沈阳郊联体高二上,8,1
沈阳郊联体高二下期末英语,5,1
沈阳郊联体高二下期末语文,8,1
沈阳铁西七下数学期末卷2026答案,7,1
沈阳铁路实验中学,2,1
沈阳铁路实验中学本真班分班考试,7,1
沈阳雨田中学,2,1
沈阳高一下期末,3,1
沈阳高一开学分班考,1,1
沙县七年级上册,7,1
沙县三中,1,1
沙坪坝区七中,10,1
沙市五中,1,1
沙市区,10,1
沛县,6,1
沛县高中第一单元检测,1,1
沛县高中高一上学期第一次月考,1,1
沛县高中高一上学期第一次月考英语试卷,1,1
沛县高中高一第一学期第一次月考,1,1
沣东,1,1
沣东新城第二初级,1,1
沣东新城第二初级中学,1,1
沣东第二,1,1
沣东第二初级,3,1
沧州三模,20,1
沧州东光,2,1
沧州市第一中学2025-2026高一上学期期中考试卷,1,1
沧州市第一中学高一上学期期中考试卷,1,1
沧州市第八中学,3,1
沧州市第十七中学,5,1
沧州市第十四中学,6,1
沧州市青县第二学年质量评估,14,1
沧州高三三模,2,1
沧江往届分班考题型,1,1
沪教6年级默写,15,1
沪教二下语文期末,2,1
沪教版(深圳用),9,1
沪教版(深圳用)书,3,1
沪教版(深圳用)课本,1,1
沪教版8年级上册第2单元单词,2,1
沪教版Units 4~6 重点单词短语句型&写作通用表达 沪教版七上,1,1
沪教版七上英语32页,1,1
沪教版七上英语阅读理解,1,1
沪教版七上英语预习阅读理解,2,1
沪教版三下数学,5,1
沪教版九年级数学相似三角形形,3,1
沪教版八上1元二次方程二次根式的运算,13,1
沪教版八上计算,1,1
沪教版八上计算打卡,1,1
沪教版八年级上册英语第四单元知识点,5,1
沪教版六年级数学期末试卷,1,1
沪教版化学,7,1
沪教版化学九年级上册第3单元,7,1
沪教版化学知识点,11,1
沪教版化学知识点九年级上册第三单元,4,1
沪教版第一单元七上英语阅读理解,1,1
沪教版英语九上,1,1
沪教版英语九上电子书,1,1
沪教牛津八上Unit 7单词,2,1
沪教牛津八上Unit6单词（书后词汇版）,1,1
沪教牛津版7a音频,1,1
沪教英语语法,5,1
沪科,4,1
沪科版9年级内能及其改变视频,4,1
沪科版七年级换元法,2,1
沪科版九年级全一册物理 临沂 分层卷 明天出版社,7,1
沪科版九年级物理上册 同步培优学案（原卷+解析,1,1
沪科版九年级物理上册 贵州省同步培优学案（原卷+解析,1,1
沪科版二次函数单元卷,8,1
沪科版二次函数试卷,2,1
沪科版全等三角形试卷,6,1
沪科版八上第一单元,1,1
沪科版八年级上册数学第11章,7,1
沪科版八年级上册数学第一单元测试卷,2,1
沪科版初三数学,2,1
沪科版初三数学课,3,1
沪科版新九上数学二次函数与反比例函数单元测试卷,1,1
沪科版物理同步练习,1,1
沪科版物理同步练习初二上,5,1
沪科版质量与密度,1,1
沪粤版,1,1
沪阅版上海科学技术暑假作业答案,1,1
沫河口,3,1
沭阳,2,1
沭阳县外国语实验中学期末八下,2,1
沭阳县外国语实验学校暑假作业,2,1
沭阳县如东实验,14,1
沭阳县高级中学,1,1
沭阳第二实验,2,1
河东三片,4,1
河东分班卷真题卷,1,1
河东区,1,1
河东区2024-2025学年度高三一模,7,1
河东区2024-2025学年度高三一模英语,5,1
河东区2024至2025学年度第二学期期末七年级数学,1,1
河东区2024至2025学年第二学期高二期末质量监测物理试卷,1,1
河东区2025～2026学年度第二学期九年级质量检测,2,1
河东区实验中学月考,2,1
河东区月考,1,1
河东区期中,4,1
河东区高一期末物理试卷,1,1
河东区高三模拟一,1,1
河东区高中学业水平等级,5,1
河东区高二上英语,1,1
河东高一期中考化学四十五,1,1
河北 0 2026 中考生物,11,1
河北202 6高考真题化学,2,1
河北2021高三全国卷3英语,22,1
河北2026中考唐山,1,1
河北2026中考唐山路北,7,1
河北2026年7月高二下期末,1,1
河北2026物理,4,1
河北2026高一金太阳期末邢台,3,1
河北2026高考,1,1
河北2026高考化学真题,4,1
河北2026高考历史,2,1
河北9+1联盟,3,1
河北NT20 1月,2,1
河北NT20 2025 2026高一下七月期末答案,2,1
河北tn20,1,1
河北一战成名新中考英语2026,15,1
河北七年级上册第一次月考数学,15,1
河北七年级下学期期末盐山,7,1
河北三年级下学期期末,2,1
河北中考真题2025数学,1,1
河北中考真题2026,1,1
河北中考真题2026数学,3,1
河北中考试卷25年化学,1,1
河北中考试卷二五年化学,1,1
河北临泰,1,1
河北九年级上学期期中,6,1
河北九年级上学期阶段检测,5,1
河北五年级上学期阶段检测,2,1
河北五年级北师版上学期阶段检测,1,1
河北优盛文化传播公司,1,1
河北保定,2,1
河北保定市定州市2025至2026学年度第一学期期中质量监测7年级地理,8,1
河北保定市定州市2025至2026学年度第一学期期中质量监测7年级英语,4,1
河北保定市定州市2025至2026学年度第一学期期中质量监测7年级语文,3,1
河北保定市定州市2025至2026学年度第一学期期中质量监测8年级物理,1,1
河北保定市定州市2025至2026学年度第一学期期末质量监测8年级语文,3,1
河北保定易县五下期末,7,1
河北保定易县五下期末语文,2,1
河北保定高二期中,1,1
河北保定高二期末考试下学期,3,1
河北六年级下学期升学模考,4,1
河北冀州中学,2,1
河北初二,1,1
河北初二黄骅,1,1
河北力和压强练习题,2,1
河北化学高一期中上试卷,10,1
河北区2023~2024学年度高三年级,6,1
河北区2024-2025中考一模,1,1
河北区2024-2025数学中考一模,6,1
河北区博文,1,1
河北区高一期末物理试卷,1,1
河北区高二上英语,1,1
河北十七中,6,1
河北单招,4,1
河北单招2026年数学,6,1
河北单招2026试卷真题,2,1
河北单招2027数学试题适合中职生,3,1
河北卷政治2026,1,1
河北唐山,1,1
河北唐山三年级下册数学期末试卷,3,1
河北唐山三年级下学期期末英语试卷试卷,13,1
河北唐山八上第一次月考,4,1
河北唐山市2025-2026学年第二学期质量调研高一数学试题,8,1
河北唐山市2026届高三第一次模拟演练数学试题,2,1
河北唐山期末,1,1
河北圆的方程习题,1,1
河北宁晋县宁晋六中,5,1
河北安丰中学,2,1
河北对口高考数学真题,1,1
河北对口高考电子电工类,5,1
河北廊坊,1,1
河北廊坊三河,12,1
河北廊坊三河八,1,1
河北廊坊三河八中,1,1
河北张家口市张北,3,1
河北思博七下,1,1
河北承德,23,1
河北承德八下数学期末,4,1
河北承德市2025 2026学年高二下学期7月期末,2,1
河北承德市部分高中2025-2026学年高二下学期7月期末英语试题 (1),1,1
河北承德琢名小鱼7月联考,1,1
河北承德琢名小鱼7月联考物理,2,1
河北无极中学,3,1
河北易县,1,1
河北易县第三中学,1,1
河北曲阳县保定市,11,1
河北曲阳县保定市期中,2,1
河北期中,1,1
河北机械类单招,3,1
河北枣强中学高一期末,1,1
河北枣强中学高一期末语文,3,1
河北枣强中学高二期末,3,1
河北枣强试卷,15,1
河北正定中学半月考,2,1
河北沧州一模,4,1
河北沧州市沧县中学,1,1
河北沧州市沧县中学英语试卷,2,1
河北沧州数学第一次月考,1,1
河北沧州期中,1,1
河北沧州期中高一2026,1,1
河北沧州河间,2,1
河北沧州盐山数学第一次月考,1,1
河北燕郊,4,1
河北物理压力,1,1
河北献县实验学校2026初二物理期中考试卷,4,1
河北省,1,1
河北省2025到2026数学中考,1,1
河北省2025语文,1,1
河北省2026数学中考,2,1
河北省TN20,7,1
河北省tn20,1,1
河北省三河市2025-2026年数学第二学期期末考试卷,2,1
河北省三河市2025-2026年英语第二学期期末考试卷,1,1
河北省三河市五年级2025-2026年英语第二学期期末考试卷,5,1
河北省中考数学真题,2,1
河北省中考试卷，2026,2,1
河北省临城中学,4,1
河北省临漳市,2,1
河北省五年级数学,3,1
河北省五年级数学上学期期中,3,1
河北省保定市2024-2025学年第二学期高二期末调研考试,1,1
河北省保定市2026届高三摸底考试,3,1
河北省保定市唐县六年级下册数学期末考,1,1
河北省保定市定州市2024至2025学年度第一学期期中质量检测八年级物,4,1
河北省保定市定州市2025至2026学年度第一学期期中质量监测八年级数学,2,1
河北省保定市定州市2025至2026学年度第一学期期末质量检测per,4,1
河北省保定市定州市2025至2026学年度第一学期期末质量检测八年级语文,2,1
河北省保定市定州市2025至2026学年度第一学期期末质量监测八年级语文,4,1
河北省保定市定州市2025至2026学年度，第二学期期末质量监测六年级科学,6,1
河北省保定市期末测评,24,1
河北省保定市高中2024-2025学年第二学期高二期末调研考试,1,1
河北省保定市高中2024-2025学年第二学期高二期末调研考试英语,1,1
河北省冀教版数学八年级,1,1
河北省唐县八下数学期末卷子2025-2026,3,1
河北省唐山市七年级下册数学计算题专项练习,3,1
河北省唐山市丰南区第一实验小学 2025~2026学年度 六年级下册期末质量测评,10,1
河北省唐山市开平区期中化学试卷,1,1
河北省唐山市路南区八年级上册历史人教版第一次月考卷10月考,7,1
河北省唐山市路南区物理八年级上册教科版第一次月考卷,1,1
河北省唐山市遵化,2,1
河北省唐山市高一数学下期末卷子,3,1
河北省唐山市高三,1,1
河北省唐山市高三上学期摸底考试,1,1
河北省四十八中,2,1
河北省定州市英语第一单元测试卷,1,1
河北省廊坊市固安一中,4,1
河北省张家口万全区第一初级中学九年级模拟卷,1,1
河北省张家口市宣化区2023-2024学年六年级下学期6月期末试题,13,1
河北省张家口市物理8年级下册重点知识点内容合集资料新版,3,1
河北省承德市,3,1
河北省承德市兴隆县第二中学七年级,12,1
河北省承德市兴隆县第二小学 六年级,1,1
河北省承德市承德县期中统考,1,1
河北省承德市承德县期中统考，七年级上,9,1
河北省承德市第一中学2024-2025学年第一学期高一年级数学一元二次函数方程不等式单元测试卷,38,1
河北省新高一上学期入学分班考试卷,3,1
河北省期中,8,1
河北省正定县,11,1
河北省武安市2024-2025年上学期9月月考,3,1
河北省沧州市七校联盟2024-2025学年高一数学上学期期中试题,1,1
河北省沧州市黄骅市六年级下册,3,1
河北省泊头市第一中学物理,1,1
河北省泊头市第一中学物理高一,3,1
河北省海兴县中学,1,1
河北省石家庄二中2026届高三教学质量检测,3,1
河北省石家庄市2025到2026年,7,1
河北省石家庄市宁晋县,4,1
河北省石家庄市河北辛集中学2024-2025学年高一下学期6月月考物理试题,1,1
河北省石家庄市藁城区,11,1
河北省秦皇岛市海港区七年级第一学期数学卷子,5,1
河北省衡水2026高三第一次调研,2,1
河北省衡水中学暑假作业,1,1
河北省衡水中学高二上期中考试化学卷子,3,1
河北省衡水中学高考一模卷,2,1
河北省衡水市第二中学2025-2026学年上学期一调考试高一物理试卷,13,1
河北省衡水市饶阳县,3,1
河北省邢台市信都区2025-2026八年级上册第一次学业测评,1,1
河北省邢台市冀教版,1,1
河北省邢台市南和区2025学年第一学期月考试卷物理,3,1
河北省邢台市南和区冀教版,1,1
河北省邢台市第二中学,5,1
河北省邯郸市2024-2025年上学期9月月考,3,1
河北省高考数学卷子,3,1
河北省高考真题答案,3,1
河北省高考真题英语,1,1
河北石家庄2024联考英语高三,3,1
河北石家庄2024高三一模英语真题,3,1
河北石家庄十七中,2,1
河北石家庄高考模考,7,1
河北第一次月考,1,1
河北第一次月考数学,1,1
河北肃宁第一中学英语,1,1
河北英语中考真题2026,3,1
河北衡中学案,1,1
河北衡中学案 2026_2027化学,2,1
河北衡水七下,1,1
河北衡水中学2025-2026学年度高三年级下学期,4,1
河北衡水中学6月阶段检测,3,1
河北衡水中学高一下,3,1
河北衡水中学高二上学期期末考试,1,1
河北衡水中学高二上学期第1次月考数学卷子,2,1
河北衡水中学高二期末考试,1,1
河北衡水小升初分班考试试卷,11,1
河北邢台南宫第二小学,4,1
河北邯郸,1,1
河北邯郸大名县期末七年级下,3,1
河北邯郸大名县期末七年级下地理,1,1
河北邯郸高一期末卷,2,1
河北邯郸高二开学模底卷,10,1
河北限时精练 数学必修第二册 人教A版 提升版,1,1
河北雄安新区7月,1,1
河北雄安新区7月英语,2,1
河北雄安新区期末英语试卷,1,1
河北高一上学期期中,2,1
河北高一上学期阶段检测,2,1
河北高一下学期英语,1,1
河北高一第一次月考,1,1
河北高三上学期开学考数学,5,1
河北高三化学,12,1
河北高二下学期期末,1,1
河北高考 2026高考真题真题重组,1,1
河北高考政治试卷,1,1
河北高考物理,3,1
河北高考真题历史卷,1,1
河南 洛阳 伊川,7,1
河南 洛阳 伊川 实验,1,1
河南 洛阳 伊川 实验高中,2,1
河南2025-2026学年度第二学期期末测试数学,1,1
河南2025第一次月考,8,1
河南2025高一下学期数学期末,5,1
河南7年级数学下册单元试卷,3,1
河南7年级英语下册单元试卷,2,1
河南七年级下学期期末,3,1
河南三门峡24-25语文期末,1,1
河南专用,3,1
河南中考2023,7,1
河南中考化学答题卡,3,1
河南中考物理,1,1
河南中考物理真题,1,1
河南中考答题卡,6,1
河南中考英语,3,1
河南中考题,1,1
河南中考题2026,1,1
河南中职数学,2,1
河南九上物理期中,2,1
河南九年级上学期期中,4,1
河南信阳,1,1
河南信阳24-25语文期末,2,1
河南信阳小升初分班考英语,3,1
河南信阳小升初语文分班考试真题,2,1
河南信阳数学七下,1,1
河南信阳高三上学期期末考试,2,1
河南信阳高三上学期期末考试生物,1,1
河南信阳高级中学2025至2026学年高一上学期十月阶段测试二英语,1,1
河南信阳高级中学2025至2026学年高一上学期十月阶段测试二语文,7,1
河南信阳高级中学2025至2026学年高一下学期5月阶段测试二语文,1,1
河南八年级数学上册单元试卷,2,1
河南八年级数学上册试卷,3,1
河南六年级下学期期末信阳市潢川,1,1
河南六年级下学期期末潢川县,4,1
河南初三一模,2,1
河南初中英语1600词,2,1
河南南阳,1,1
河南南阳一中,9,1
河南南阳南阳市第四完全学校分班考初高中衔接，数学,9,1
河南南阳市新野,3,1
河南南阳高三上期中历史,3,1
河南南阳高三上期中政治,2,1
河南南阳高三上期中数学,4,1
河南卷2026真题,1,1
河南名校大联考 高二年级6月学业质量检测日语试题,1,1
河南名校联盟,8,1
河南名校联考20206年高二6月质量检测日语,1,1
河南名校联考2026高二六月检测,1,1
河南名校联考2026高二六月检测日语,1,1
河南商丘，丧尸联盟，10月份月考,3,1
河南安阳市林州市,4,1
河南安阳市滑县英语,2,1
河南安阳高一阶段检测,7,1
河南实验中学2025至2026学年下期第一次月考高一生物,1,1
河南小升初分班考,1,1
河南小升初分班考英语,2,1
河南小升初分班考语文,1,1
河南小升初分班考语文真题,1,1
河南小升初均衡编班摸底测试,4,1
河南平顶山,1,1
河南平顶山 七年级上册 数学 北师大版 单元基础卷,2,1
河南开封 2025 2026学年 高一年级7月期末联合测评,2,1
河南开封 2025 2026学年 高一青桐鸣年级7月期末联合测评,1,1
河南开封市尉氏县第三高级中学,1,1
河南政治2026,1,1
河南政治2026中考,3,1
河南新乡二模数学,1,1
河南新乡二模数学2024,1,1
河南新野六年级上册数学期中考试,1,1
河南新野六年级上册期中试卷,3,1
河南期中,3,1
河南期末,3,1
河南模拟,2,1
河南洛阳中考真题,10,1
河南洛阳孟津六年级期末考试卷,2,1
河南洛阳市第二实验小学,1,1
河南洛阳数学,2,1
河南洛阳数学期中,13,1
河南洛阳期中,1,1
河南洛阳期中高中,1,1
河南洛阳高二下学期语文期末试卷,5,1
河南濮阳高一数学上学期各知识点测试,3,1
河南濮阳高一数学各知识点测试,3,1
河南物理高考,3,1
河南省024年普通高中学业水平考试,1,1
河南省12县1区2025届初中毕业班第2次模拟考试化学试题,1,1
河南省2017年艺考音乐试题,11,1
河南省2017年音乐试题,1,1
河南省2017年高考艺考音乐试题,1,1
河南省2024英语期末考试,1,1
河南省2025高考综合改革适应性演练卷,3,1
河南省2026,3,1
河南省2026年初中八年级考试试卷英语,10,1
河南省2026年初中八年级考试试卷英语免费,1,1
河南省2026年初中学业水平检测,7,1
河南省2026年初中学业水平考试试卷英语,1,1
河南省2026年普通高中学业水平选择性考试思想政治,10,1
河南省2026年普通高中学生学业水平合格性考试政治试题,1,1
河南省2026年普通高中学生学业水平合格性考试数学试题,1,1
河南省2026年高一期末英语试卷,3,1
河南省2026年高三第一次联合模拟考试化学试卷,11,1
河南省top20名校大联考,7,1
河南省中原名校联盟高二下学期6月质量检测,4,1
河南省中招,2,1
河南省信阳市,3,1
河南省信阳市平桥区第一次全区统考化学,15,1
河南省信阳市浉河中学2026年期末考试的物理试卷,1,1
河南省信阳高级中学国际部高考班2025-2026学年高二下期05月测试生物试题,14,1
河南省信阳高级中学新校 贤岭校区 2025 2026高一下5月测试 二,18,1
河南省信阳高级中学新校 贤岭校区 2025 2026高一下5月测试 二 语文,1,1
河南省信阳高级中学新校 贤岭校区 老校区北湖校区2025-2026学年高一下学期5月测试二物理试题,2,1
河南省信阳高级中学新校（贤岭校区）2024-2025子学年高一下学期期末测试英语试题,5,1
河南省信阳高级中学高一,1,1
河南省信阳高级中学高一上,3,1
河南省八市重点高中学5月质量检测英语,10,1
河南省兰考,2,1
河南省兰考联考,1,1
河南省内乡县,16,1
河南省南阳一高高一上学期月考数学,1,1
河南省南阳一高高一上学期联考数学,6,1
河南省南阳一高高一月考,1,1
河南省南阳市,79,1
河南省南阳市2025-2026学年七年级下学期6月期末数学试题,1,1
河南省南阳市2026年春季期末考试质量评估地理高二文,1,1
河南省南阳市2026年春季期末考试质量评估语文高二文,1,1
河南省南阳市三年级期期末下册,6,1
河南省南阳市六年级毕业考试卷数学,8,1
河南省南阳市六校2025-2026学年高一上学期10月第一次联考物理试题,3,1
河南省南阳市卧龙区2026高一,7,1
河南省南阳市新野县春期期终质量评估八年级试卷,7,1
河南省南阳市方城县七年级下册数学,7,1
河南省南阳市方城县九年级上册期中考试试卷,2,1
河南省南阳市方城县九年级上册期末考试试卷,1,1
河南省南阳市方城县第一高级中学2025高一上学期开学考试物理卷子,10,1
河南省南阳市方城县第一高级中学2025高一开学考试数学卷子,2,1
河南省南阳市淅川县七年级历史试卷,1,1
河南省南阳市淅川县七年级地理试卷,1,1
河南省南阳市淅川县七年级生物试卷,1,1
河南省南阳市淅川县七年级语文试卷,1,1
河南省南阳市淅川县，七年级数学试卷,2,1
河南省南阳市物理,1,1
河南省南阳市社旗县2024至2025学年八年级上册期中试卷,3,1
河南省南阳市第一中学校2025-2026学年高一上学期开学考,1,1
河南省南阳市西峡六年级毕业考试卷数学,8,1
河南省南阳市西峡县九上化学月考,1,1
河南省南阳市西峡县九上化学期中考试,2,1
河南省南阳市西峡县九上数学,1,1
河南省南阳市西峡县九上数学月考,7,1
河南省南阳市西峡县九上数学期中考试,1,1
河南省南阳市邓州市十校联考2025-2026学年高一上学期12月月考物理试题,2,1
河南省南阳市郸水镇六年级毕业考试卷数学,1,1
河南省南阳市镇平六年级毕业考试卷数学,4,1
河南省南阳市镇平县2025-2026上学期七年级期中考试历史试题11月,6,1
河南省南阳市镇平县2025-2026上学期七年级期中考试生地理试题11月,2,1
河南省南阳市镇平县2025-2026上学期七年级期中考试英语试题11月,3,1
河南省南阳市镇平县2025-2026上学期七年级期中考试道德与法治试题11月,2,1
河南省南阳市镇平县2025-2026上学期七年级第二次月考考试数学试题12月,2,1
河南省南阳市镇平县2025-2026上学期七年级第二次月考考试语文试题12月,2,1
河南省南阳市镇平县2025-2026上学期七年级第二次月考考试道德与法治试题12月,2,1
河南省南阳市镇平县2025-2026上学期九年级期中考试数化学试题11月,1,1
河南省南阳市镇平县2025-2026上学期九年级期中考试数学试题11月,2,1
河南省南阳市镇平县2025-2026上学期九年级期中考试物理试题11月,4,1
河南省南阳市镇平县2025-2026上学期九年级期中考试英语试题11月,6,1
河南省南阳市镇平县2025-2026上学期九年级期中考试道德与法治试题11月,5,1
河南省南阳市镇平县2025-2026上学期八年级期中考试历史试题11月,7,1
河南省南阳市镇平县2025-2026上学期八年级期中考试地理试题11月,2,1
河南省南阳市镇平县2025-2026上学期八年级期中考试数学试题11月,1,1
河南省南阳市镇平县2025-2026上学期八年级期中考试生物试题11月,5,1
河南省南阳市镇平县2025-2026上学期八年级期中考试英物理试题11月,3,1
河南省南阳市镇平县2025-2026上学期八年级期中考试英语试题11月,2,1
河南省南阳市镇平县2025-2026上学期八年级期中考试道德与法治试题11月,2,1
河南省南阳市镇平县2026高一,4,1
河南省名校联考卷,2,1
河南省名校联考卷初三,1,1
河南省周口市2025 2026高一物理期末试卷,1,1
河南省周口市淮阳区翰林高级中学,1,1
河南省周口市青桐鸣2025 2026高一物理期末试卷,5,1
河南省唐河县2026年春期期终阶段性文化素质监测八年级,2,1
河南省商丘市商丘联盟2025年到2026年高二下学期期末,2,1
河南省商丘睢县八年级下册数学高八难题,9,1
河南省商丘睢县英语专项训练,2,1
河南省商丘睢县英语专项训练 八下九上,2,1
河南省商丘睢县英语专项训练 初中,1,1
河南省外国语2025-2026八上期末语文,1,1
河南省多校2025—2026学年高二上学期第三次月考语文试卷,3,1
河南省天立教育2025~2026学年度高三秋期10月调研考试物理试题,2,1
河南省安阳市殷都区2025-2026学年八年级下学期期末教学质量检测数学试卷,5,1
河南省安阳市殷都区八年级上册期末地理,3,1
河南省安阳市殷都区八年级上册期末物理,1,1
河南省实验2025-2026八上期末语文,1,1
河南省实验中学2025  2026学年高一下学期月考一数学试题,1,1
河南省实验中学2025  2026学年高一下学期月考一语文,2,1
河南省实验中学2025-高二下学期期末2026,3,1
河南省实验中学2025至2026八上期中语文,1,1
河南省实验中学2025至2026学年下期第一次月考高一生物,11,1
河南省实验中学历史一模,1,1
河南省实验中学高一,6,1
河南省实验中学高一第二次月考,2,1
河南省实验高一下期末化学,3,1
河南省巩义市,1,1
河南省巩义市第一高级中学高一,1,1
河南省平顶山市郏县数学期末试卷,13,1
河南省平顶山市鲁山县2026学年七年级期末试卷标准评分答案,1,1
河南省平顶山市鲁山县2026至2027学年七年级期末试卷标准评分答案,2,1
河南省平顶山汝州市八年级生物一调,1,1
河南省平顶山汝州市八年级生物中招,1,1
河南省平顶山汝州市生地会考,1,1
河南省平顶山汝州市生物一调,1,1
河南省平顶山汝州市生物中招,1,1
河南省平顶山青桐鸣2024-2025学年高二下学期大联考考试 化学试题,2,1
河南省平顶山青桐鸣2025-2026学年高二下学期大联考考试 化学试题,9,1
河南省开封联考,1,1
河南省新乡市第一中学高一数学月考卷,1,1
河南省新未来2025~2026学年高三年级12月质量检测日语日语,9,1
河南省李庄乡,1,1
河南省李庄乡杨小学,8,1
河南省林州市,8,1
河南省桐柏县五年级英语下册期末卷,4,1
河南省洛阳,6,1
河南省漯河市临颍县,24,1
河南省漯河市临颍县2025 2026学年四年级上册期末语文卷子,1,1
河南省漯河市临颍县2025-2026学年四年级 上 册期末 英语卷子,3,1
河南省漯河市临颍县二高,1,1
河南省漯河市临颍县，高一期中考试,4,1
河南省漯河市召陵区裴王小学,3,1
河南省漯河市召陵区青年一中九年级上册真题卷,28,1
河南省漯河市召陵区青年中学,11,1
河南省漯河市舞阳县三年级英语试卷,2,1
河南省漯河市舞阳县英语试卷,1,1
河南省濮阳市2025 2026高二年级6月学业质量检测物理,3,1
河南省濮阳市2025-2026高二年级6月学业质量检测物理,3,1
河南省濮阳市2025一2026学年高一下学期期末考,7,1
河南省濮阳市2025一2026学年高二下学期期末考,3,1
河南省濮阳市人教版期末2025 2026,1,1
河南省濮阳市华龙区2025~2026学年5年级下册。英语,2,1
河南省濮阳市高一数学试卷。,1,1
河南省省名校联考卷初三,1,1
河南省省实验八上数学月考卷子2025到2026,4,1
河南省省实验八上数学期中卷子2025到2026,2,1
河南省省实验八上数学期末卷子2025到2026,6,1
河南省许昌市2023-2024学年四年级上册期末语数学卷子,1,1
河南省许昌市2024-2025学年四年级上册期末语数学卷子,1,1
河南省许昌市2025-2026学年四年级上册期末语数学卷子,2,1
河南省许昌市2025-2026学年四年级上册期末语文卷子,4,1
河南省郑州中学,6,1
河南省郑州市2026届高三高中毕业年级第二次质量预测,3,1
河南省郑州市八年级下册数学,1,1
河南省郑州市八校联盟2025至2026学年高一上学期11月期中学业水平测试数学试卷,1,1
河南省郑州市外国语学校,1,1
河南省郑州市外国语学校2025-2026学年高一上学期开学考,2,1
河南省郑州市第一中学2025-2026学年高一下学期期中考试数学试题,3,1
河南省郸城一高,3,1
河南省郸城县小升初试卷,1,1
河南省驻马店市正阳县七年级2025-2026学年度第二学期期末学业水平测试,4,1
河南省高一2024英语期末考试,3,1
河南省高一上第一次月考,6,1
河南省高一上语文,4,1
河南省高一天一大联考,1,1
河南省高一天一大联考语文,7,1
河南省高一新生分班选拔卷考试,3,1
河南省高一物理期中考试上学期,2,1
河南省高二上开学历史试卷开学考,3,1
河南省高二上开学自然地理开学考,2,1
河南省高二上开学英语试卷开学考,2,1
河南省高考,3,1
河南省高考联考卷化学,3,1
河南省鲁山县八升九物理温故知新预习篇加复习篇内部资料请勿外传答案,3,1
河南省鹤壁市2025～2026学年高一上学期1月期末考试生物试卷,3,1
河南省鹤壁市毛坦高级中学,1,1
河南省鼎城卷子。9年级上册。,1,1
河南禹州七年级上册其中考试2025-2026,1,1
河南英语,2,1
河南英语一模,1,1
河南襄城县,10,1
河南语文高考原卷,1,1
河南郑州,2,1
河南郑州8年级,3,1
河南郑州二模,1,1
河南郑州高一下数学期末,11,1
河南郑州高一下期末,1,1
河南部分重点高中联考,8,1
河南郸城一高,3,1
河南镇平县七下期末二零一九年生物,1,1
河南镇平县七下期末二零二六年,1,1
河南镇平县七下期末二零二六年生物,3,1
河南镇平县七下期末二零二零年生物,1,1
河南阶段检测,1,1
河南青铜鸣高二下期末物理,6,1
河南驻马店九上物理期中,2,1
河南驻马店市2025-2026学年度高二上学期数学期末试卷,2,1
河南驻马店市确山县任店镇2026年,17,1
河南高一上英语,1,1
河南高一下学期期末,2,1
河南高一化学期末考试,1,1
河南高一物上学期理期中考试,7,1
河南高一驻马店.下英语,2,1
河南高一驻马店上英语,7,1
河南高三,1,1
河南高三上开学考,1,1
河南高三上期中数学,1,1
河南高三开学考,1,1
河南高二上学期阶段检测,9,1
河南高二下期末,1,1
河南高二下期末物理,3,1
河南高二下期末物理青铜鸣,2,1
河南高二六月日语,8,1
河大附中英语八上期中,3,1
河池2026高中毕业班统一模拟测试地理,1,1
河池2026高中毕业班统一模拟测试政治,2,1
河池2026高中毕业班统一模拟测试英语,2,1
河池市2026年春季学期高二期末学业水平质量检测数学,5,1
河洛云熙必刷卷八年级下册物理,18,1
河洛云熙必刷卷八年级下册物理试卷八,1,1
河流地貌的发育暑假作业分层练,2,1
河源,1,1
河源中学物理竞赛,17,1
河源中考,3,1
河源市2025 2026学年第二学期初中非毕业班期末考试市级供题8年级语文,10,1
河源市小升初分班考真题,8,1
河源市小升初真题,6,1
河源市市统考,1,1
河源市市统考数学,8,1
河源市田家炳实验中学,3,1
河源田家炳,1,1
河源田家炳中学,1,1
河溪中学,1,1
河西三模,6,1
河西八上数学,4,1
河西区九上,13,1
河西区九上数学期中24-25,6,1
河西区卓越新高一入学测试,1,1
河西区卓越新高一入学考试,1,1
河西区期中一到四章,3,1
河西区期末,1,1
河西区第二学期高三年级总复习,4,1
河西区高一上期中化学,3,1
河西区高二上英语,3,1
河西第二学期高三年级总复习,1,1
河西第二学期高三总复习,6,1
河间第十四中学,2,1
河间第四中学,1,1
油田三高,1,1
油田第三高级中学,3,1
油田高中,1,1
油田高中月考,2,1
油膜法估算分子大小。,1,1
沼涛中学,17,1
泉 州 七中,1,1
泉州 02 026 5月质检,1,1
泉州2025物理,2,1
泉州2025物理上学期,1,1
泉州2026初中毕业班模拟考试,5,1
泉州7中2025-2026高一上化学期中,1,1
泉州一中,52,1
泉州一中分校泉港一中德化一中四校联盟,3,1
泉州一中四校联盟高一化学期中,1,1
泉州一中高一化学期中,5,1
泉州一中高中物理练习,1,1
泉州一检,9,1
泉州七上unit1,1,1
泉州七中2024 2025学年第二学期七年级七年级英语期末考试,2,1
泉州七中2025-2026学年度上学期高一期中考化学试卷,1,1
泉州中远学校,5,1
泉州中远学校初中物理试卷,1,1
泉州中远学校高一上物理期末考试,3,1
泉州中远学校高中物理练习,2,1
泉州中远学校高中物理试卷,34,1
泉州五中2024至2025学年上学期初二年期中考试物理卷,9,1
泉州五中2025~2026学年上初二物理期末考试卷,3,1
泉州五中八年级上册期末考试卷,1,1
泉州五中八年级上册物理,2,1
泉州五中八年级上册阶段测试,1,1
泉州五中高一下期中语文,1,1
泉州五中高三上地理,2,1
泉州五中高中物理试卷,14,1
泉州八上数学,1,1
泉州八上期末数学,3,1
泉州六中,2,1
泉州初一上册10月考试英语,4,1
泉州初一上册期中英语,1,1
泉州初一下册期末考试,2,1
泉州初一下册期末考试英语,1,1
泉州培元中,2,1
泉州培元中学,4,1
泉州多校高一上物理月考期中考期末考,8,1
泉州季延中学高中物理练习,15,1
泉州学校高一上物理月考期中考期末考,3,1
泉州学校高中物理练习,2,1
泉州实验中学小升初,7,1
泉州实验中学物理,2,1
泉州实验小学五年级,1,1
泉州实验小学五年级第一单元,2,1
泉州市2024届高中毕业班质量检测一化学,1,1
泉州市2025 2026年高一下学期语文期末考试试卷,5,1
泉州市2025届毕业班质量检测一,1,1
泉州市2025届毕业班质量检测一化学,1,1
泉州市2025届高中毕业班质量检测一化学,2,1
泉州市2025至2026学年下学期高二年级期期末质量检测地理,5,1
泉州市2026期末试卷,2,1
泉州市20二二届高中毕业班质量检测,7,1
泉州市培元中学,1,1
泉州市培元中学初一下,2,1
泉州市期末考,3,1
泉州市第七中学,2,1
泉州市第五?中学,1,1
泉州市第五中学初一下,23,1
泉州市高三第一次质检 一检,7,1
泉州晋江一中,6,1
泉州晋江一中初一下,1,1
泉州晋江高一上学期期中考和月考物理试卷,12,1
泉州期末,4,1
泉州期末统考,1,1
泉州期末高一上,3,1
泉州期末高二上,2,1
泉州第七中学,10,1
泉州统考期末高一上,1,1
泉州质检,1,1
泉州高一上学期期中考和月考物理试卷,4,1
泉州高一上学期期中考和月考试卷,1,1
泉州高一上物理月考期中考期末考,24,1
泉州高一上物理月考期中考练习,6,1
泉州高一下物理期末考试,1,1
泉州高一期末,3,1
泉州高一物理月考期中考练习,5,1
泉州高中物理练习,3,1
泉州高二,1,1
泉州高二下期末数学,6,1
泉港,8,1
泉港一中,1,1
泉港二中开学考,2,1
泉港二中高一开学考试卷,5,1
泉港区第一中学,3,1
泉港区第二中学,2,1
泊头市第一中学,1,1
泌阳,22,1
泌阳县八上第一次月考,1,1
泌阳县八上第一次期中,10,1
泓延文化八年级上册,2,1
法向量,1,1
法学,1,1
法学大一,3,1
法库县2025~2026期末试卷1年级下册B,4,1
法库县2025~2026期末试卷6年级下册B,1,1
法语高考,9,1
泗县,16,1
泗水一中高一上学期数学第,7,1
泗洪一模,3,1
泗洪中学,4,1
泗洪八上数学期中考试,2,1
泗洪八上物理期中考试,3,1
泗洪暑假作业,4,1
泗阳,8,1
泗阳中学,2,1
泗阳县2026年350名数学考试试卷,2,1
泗阳县致远中学开学分班考,4,1
泗阳县致远中学高二上学期月考,12,1
泗阳致远中学,1,1
泗阳高一上学期期末,1,1
波的叠加,4,1
波的叠加和干涉,2,1
波的多解问题,2,1
泥南初级学校,1,1
泥南小学校,1,1
泥城中学,3,1
泥沟初级中学,1,1
泥溪中学,3,1
注册安全工程师,1,1
泰兴市第一高级中学,2,1
泰兴市西城初中教育集团初二物理双休日作业2,7,1
泰勒公式 麦克劳林公式比大小,1,1
泰和县2026年上半年初一期末考试,3,1
泰和县2026年上半年初一期末考试数学,3,1
泰和县2026年上半年初二期末考试数学,3,1
泰安2026年中考,40,1
泰安2026年会考,6,1
泰安2026年高考试题,1,1
泰安2026高二上期末化学,2,1
泰安2026高二上期末数学,3,1
泰安2026高二上期末物理,2,1
泰安2026高二上期末生物,1,1
泰安一中高三,1,1
泰安一模,3,1
泰安七年级上册数学期中,1,1
泰安七年级下册数学期末考试,1,1
泰安三年级上月考,4,1
泰安三年级上期中,4,1
泰安中考语文,2,1
泰安九年级上化学期中,19,1
泰安九年级上物理期中,15,1
泰安二模,2,1
泰安初四化学,1,1
泰安初四化学期中,1,1
泰安博文中学八年级物理上册期中试题,1,1
泰安实验,1,1
泰安实验中学,1,1
泰安市,1,1
泰安市2023年英语学业水平考试,5,1
泰安市七下期末数学,3,1
泰安市三上学期期末,2,1
泰安市中考数学,4,1
泰安市九年级上册数学月考试题,1,1
泰安市九年级上册数学期中,1,1
泰安市九年级数学上册期中,7,1
泰安市八年级下数学期末试卷,15,1
泰安市八年级下物理期末试卷,8,1
泰安市八年级下英语期末试卷,7,1
泰安市八年级下语文期末试卷,8,1
泰安市六年级英语单元测试卷,1,1
泰安市六年级英语期中,4,1
泰安市岱岳区，七年级上册，英语期中考试试题,4,1
泰安市岱岳区，开元中学顺丰的七年级上册英语期中考试试题,2,1
泰安市泰山区 五年级上学期期末英语鲁教版五四制,4,1
泰安市泰山区 五年级下学期期末英语鲁教版五四制,8,1
泰安市泰山区 六年级上学期期末数学 鲁教版五四制,2,1
泰安市泰山区 六年级下学期数学计算题 鲁教版五四制,1,1
泰安市泰山区 六年级下学期期末数学 鲁教版五四制,3,1
泰安市高三上学期期中生物,1,1
泰安市高三上学期期中考试,2,1
泰安市高三上学期期末生物,1,1
泰安市高二上学期期中,2,1
泰安市高二上学期期中地理,2,1
泰安市高二上学期期末,2,1
泰安市高二下学期期中,1,1
泰安市高二下学期期末,3,1
泰安市高二下学期期末物理,1,1
泰安市高二期中,7,1
泰安数学期末,2,1
泰安新一中,2,1
泰安期末,1,1
泰安期末高二,4,1
泰安期末高二数学,1,1
泰安第一中学高一上物理期末,3,1
泰安第一中学高一下学期期末物理,1,1
泰安第一中学高一期末,3,1
泰安语文三年级上月考,3,1
泰安高一下学期期末物理2025,1,1
泰安高一下学期物理,3,1
泰安高一下学期物理2025,4,1
泰安高一数学期末,1,1
泰安高一期末,4,1
泰安高一物理期末,2,1
泰安高三二模,2,1
泰安高二上期末数学,3,1
泰安高二上期末统考,4,1
泰安高二期末,8,1
泰安高新区第一中学,1,1
泰山一模化学,4,1
泰山区九上月考,1,1
泰山区九上英语月考,1,1
泰州2025中考一模,1,1
泰州中考,1,1
泰州二附中九上期末试卷,5,1
泰州二附中分班,4,1
泰州八年级上学期月考,1,1
泰州六年级期末考试,3,1
泰州六年级期末考试英语,1,1
泰州农牧职业技术学校单招卷,4,1
泰州分班考 初一,1,1
泰州小升初,1,1
泰州市姜堰区,9,1
泰州市姜堰区七八年级上册期中物理,1,1
泰州市姜堰区七八年级上册期中语文,5,1
泰州市姜堰区八年级上册期中数学,6,1
泰州市姜堰区八年级上册期中英语,2,1
泰州市姜堰区八年级上册期中语文,4,1
泰州市姜堰区八年级上册语文期中测试卷,5,1
泰州市姜堰区第一次月考,3,1
泰州市姜堰四中,4,1
泰州市海陵区七年级下期末,15,1
泰州期末联考,1,1
泰州海陵区五校联考九上期中试卷,3,1
泰州海陵区联考九上期中试卷,3,1
泰州省附属中学英语,3,1
泰州统考,8,1
泰州高一下数学期末,2,1
泰州高一下数学期末2026,2,1
泰州高一期末考试,1,1
泰州高一期末考试数学,2,1
泰州高一期末考试数学第二学期,4,1
泰州高一期末考试数学，第二学期,3,1
泰州高一期末考试，数学,3,1
泰达一中,7,1
泸县二中,3,1
泸县半期,1,1
泸定中学,1,1
泸定中学高一,1,1
泸州2023,3,1
泸州2026,7,1
泸州2026小升初纳溪区,3,1
泸州2026期末卷,7,1
泸州2026泸州市化学,2,1
泸州一诊,1,1
泸州一诊考试,5,1
泸州中考,4,1
泸州历史中考题,2,1
泸州天府小升初真题卷,5,1
泸州市2024级高一下英语试卷统考,2,1
泸州市2024级高二下期末数学,1,1
泸州市2024级高二下期末英语考试,3,1
泸州市2025 2026 高二期末考试数学,3,1
泸州市2025 2026年高一下学期期末考试试卷,1,1
泸州市2025-2026英语七年级试卷,2,1
泸州市2025级历史高一下期末试卷,2,1
泸州市2025级高一下英语试卷,1,1
泸州市2025级高一下英语试卷统考,4,1
泸州市2026年高一下期末考试,4,1
泸州市2026春期八年级历史期末,1,1
泸州市2026高二下册历史,1,1
泸州市2026高二下册数学,1,1
泸州市一诊,1,1
泸州市三年级下册数学试卷,1,1
泸州市中考数学,3,1
泸州市初一,1,1
泸州市合江县初二下册历史期末,3,1
泸州市梓潼路中学初一英语期末考试,1,1
泸州市江阳区初一英语期末考试,7,1
泸州市第一次教学质量诊断性考试,38,1
泸州市高2025级,1,1
泸州市高2025级高一下册历史,2,1
泸州市高2025级高一下册地理,1,1
泸州市高2025级高一下语文,1,1
泸州市高三第一次教,13,1
泸州市高三第一次教学质量诊断性考试,6,1
泸州市高二下册期末卷,1,1
泸州市高二下册期末语文,1,1
泸州市高二下期末化学,1,1
泸州第一次教学质量诊断考试,8,1
泸州高2025级高一下期期末模拟试题一,1,1
泸州高2025级高一下期期末模拟试题一数学,1,1
泸州高一上10月,1,1
泸州高中高一上10月,1,1
泸州高中高一上第一次月考,1,1
泸州高中高一第一次月考,2,1
泸州高二上地理,4,1
泸州高二上物理,1,1
泺口实验学校,2,1
洋泾,9,1
洋泾中学,4,1
洋浦,2,1
洛伦兹力,2,1
洛宁2025-2026八上期中英语,1,1
洛阳2024 2025八上期末生物,1,1
洛阳2024 2025第二学期期中考试,4,1
洛阳2024-2025八上期末历史,1,1
洛阳2025 2026八上期中历史,1,1
洛阳2025 2026八上期中地理,2,1
洛阳2025 2026八上期中政治,1,1
洛阳2025 2026八上期末历史,1,1
洛阳2025 2026八上期末地理,2,1
洛阳2025 2026八上期末政治,2,1
洛阳2025 2026八上期末生物,2,1
洛阳2025-2026八上期中历史,1,1
洛阳2025-2026八上期中生物,1,1
洛阳2025-2026八上期中英语,1,1
洛阳2025-2026八上期末历史,1,1
洛阳2025-2026八上期末政治,3,1
洛阳2025-2026八上语文期中,2,1
洛阳2025-2026八上语文期末,1,1
洛阳2025-2026八上语文第二外语期末,2,1
洛阳2025— 2026八上期中物理,1,1
洛阳2025— 2026八上期中生物,1,1
洛阳2025— 2026八上期末物理,2,1
洛阳2025— 2026八上期末生物,2,1
洛阳2026高三模拟,2,1
洛阳一中,1,1
洛阳伊滨2025 2026八上期末地理,1,1
洛阳名校,7,1
洛阳地矿双语学校七年级分班考试卷数学,3,1
洛阳宜阳,3,1
洛阳市2 25到2 26学年下学期期末考试试卷高二,5,1
洛阳市2023-2024五下期末外研版英语,1,1
洛阳市2023-2024五下期末苏教版数学,2,1
洛阳市2025到2026学年高一下学期期中考试日语高中起点,1,1
洛阳市2025至2026八上期末语文,1,1
洛阳市2025至2026期末语文,1,1
洛阳市2026年中招第一次模拟考试英语试卷听力答案,12,1
洛阳市伊川县,6,1
洛阳市地矿双语小升初分班考试卷,6,1
洛阳市洛龙区七年级分班考试卷,1,1
洛阳市涧西区小升初分班考试卷,9,1
洛阳市涧西区小升初分班考试卷2025年,1,1
洛阳市瀍河英语分班真题卷,2,1
洛阳市瀍河英语升初一真题卷,1,1
洛阳市第二外国语学校,2,1
洛阳洛2025-2026八上期中历史,1,1
洛阳洛龙2025-2026八上期中政治,1,1
洛阳洛龙八上期中历史,1,1
洛阳第二外语中学期末,1,1
洛阳高一生物,1,1
洞山中学,3,1
洞山中学培优,3,1
津南区,1,1
洪山区,4,1
洪山区光谷,2,1
洪山区光谷实验中学,12,1
洪江市黔阳一中分班考试卷,5,1
洪泽区期末试卷,83,1
洪泽外国语初三上学期化学期中,1,1
洪湖德昌,5,1
洪湖德昌七年级,1,1
活杆与死杆,1,1
活页,5,1
活页1+1,8,1
活页1+1八年级上册数学沪科版第2单元,3,1
活页好题,3,1
活页好题九年级英语上册,5,1
活页检测,3,1
流体,4,1
流体冲量模型,5,1
流体问题,2,1
流程,2,1
测体积,2,1
测体积数学,1,1
测大气压,6,1
测大气压强,1,1
测大气压拆里托利实验,1,1
测电阻,1,1
测速,1,1
测速度,1,1
测量纸带的平均速度和瞬时速度,2,1
济北,1,1
济北中学,2,1
济南 0 2026高一期中,3,1
济南 中考,2,1
济南 中考 押题,1,1
济南 历城,3,1
济南 期中,1,1
济南2025-2026高一下英语,4,1
济南2025物理,1,1
济南2025物理历下区卷子期末,16,1
济南2025物理历城区卷子期末,9,1
济南2025物理市中卷子,1,1
济南2025级高一数学数学,2,1
济南2025级高一数学物理,2,1
济南2025英语期中,11,1
济南2026历城区八年级数学期末,1,1
济南2026历城区八年级物理期末,2,1
济南2026槐荫区八年级上数学,1,1
济南2026槐荫区八年级下数学,3,1
济南2026英语中考真题,2,1
济南2027高三暑假学习质量检测,1,1
济南9上,4,1
济南9上期中,26,1
济南一中,2,1
济南七下期末历下,1,1
济南七年级数学期中,3,1
济南三中期中考试物理高一上,9,1
济南中考2026,1,1
济南中考地理,4,1
济南中考数学真题,2,1
济南中考试卷数学,3,1
济南二模政治,13,1
济南人教新版英语上册短文填空第一单元,3,1
济南八上英语期中,3,1
济南八年级化学,2,1
济南八年级数学期中卷,1,1
济南初二,39,1
济南初二地理,4,1
济南初二地生会考,8,1
济南初二生物,2,1
济南化学九上市中区期中,3,1
济南化学九上高新区期中,1,1
济南历下八上期中英语,3,1
济南历下八上期中语文,1,1
济南历下区,3,1
济南商河县物理期末卷,3,1
济南地生会考,1,1
济南外国语保送考试,3,1
济南外国语西语,4,1
济南天桥区物理,1,1
济南实验中学七年级数学期中,1,1
济南山师附中高一上期中物理,4,1
济南市2025 2026学年高中三年级摸底考试,2,1
济南市2025 2026高一下学期期末,4,1
济南市2025-2026学年高中三年级摸底考试,1,1
济南市2025年中考历史,3,1
济南市2025年开学考,2,1
济南市2025年开学考高二,1,1
济南市2026届高三第一次模拟考试,1,1
济南市2026年8年级上册数学期中,17,1
济南市2026年8年级上册物理,1,1
济南市2026年中考英语试题,2,1
济南市2026年期末考试高一下学期语文,2,1
济南市七年级下册期末试题 数学,12,1
济南市七年级下学期期中语文考试卷,1,1
济南市七年级下学期期末英语考试卷,5,1
济南市中,8,1
济南市八年级上册期末试题 物理,2,1
济南市八年级上册试题 物理 阶段性,1,1
济南市八年级槐荫期末,2,1
济南市八年级槐荫期末数学,1,1
济南市初一上数学,7,1
济南市初一中语文,1,1
济南市化学高中必修一课本,1,1
济南市历下区2025历史模拟,1,1
济南市历下区2026学年八年级上学期物理,2,1
济南市历下区2026年8年级上册物理,2,1
济南市历下区八下数学期末,2,1
济南市历城,3,1
济南市历城二中,1,1
济南市历城二中高一,1,1
济南市历城区八下数学期末,2,1
济南市历城第二中学自主招生,1,1
济南市天桥区八下期末数学试卷,1,1
济南市天桥区八年级上册试题 物理 阶段性,5,1
济南市天桥物理期末卷子八下,6,1
济南市市中区,6,1
济南市市中区 八年级上学期期中数学试卷 北师大版,1,1
济南市市中区八下数学期末,2,1
济南市市中区物理期末卷子,2,1
济南市市中区物理期末卷子8下,1,1
济南市市中区物理期末卷子八下,5,1
济南市槐荫区八年级期末数学,1,1
济南市槐荫区化学九上期中,5,1
济南市稼轩学校,4,1
济南市章丘区期末数学七下2025-2026,7,1
济南市章丘区物理期末,14,1
济南市统考,14,1
济南市莱芜凤城高中,1,1
济南市钢城区七上数学期中试卷,1,1
济南市钢城区七上语文期中试卷,5,1
济南市高一上数学,2,1
济南市高三9月开学考试,1,1
济南市高三一模,2,1
济南市高三二模,7,1
济南市高三摸底,1,1
济南市高三期中,1,1
济南市高中三年级摸底考试,7,1
济南市高二上学期期末考试数学,3,1
济南市高二上期末考试数学,5,1
济南市高二上期末考试生物,2,1
济南市高二期末考试,1,1
济南市高二统考,3,1
济南市高新区物理期末卷子八下,1,1
济南市高新物理期末卷子八下,1,1
济南平阴区物理八下期末试卷,7,1
济南平阴县物理期末卷,11,1
济南德润高中分班考试,1,1
济南是市钢城区七上数学期末试卷,4,1
济南槐荫,1,1
济南槐荫八下英语期末2026,1,1
济南槐荫区数学,2,1
济南槐荫物理,2,1
济南模拟,12,1
济南济阳高一月考,4,1
济南生物,8,1
济南的冬天,2,1
济南省实验,1,1
济南真题,1,1
济南章丘四中第一学期数学月考,1,1
济南章丘四中第一学期语文月考,3,1
济南英语,2,1
济南英语九年上册第一单元讲解视频,1,1
济南莱芜区物理八下期末试卷,1,1
济南试卷2026初一海川下册英语,2,1
济南语文期末 八下,1,1
济南长清物理八下,1,1
济南高一上期中物理,2,1
济南高一下学期期末考试化学,1,1
济南高一下学期期末考试物理,1,1
济南高一下期末,1,1
济南高一下期末数学,4,1
济南高一月考,1,1
济南高一期末,1,1
济南高一期末英语,3,1
济南高一期末英语答案,1,1
济南高三三模,1,1
济南高三上开学考,4,1
济南高三期中,6,1
济南高二上学期,2,1
济南高二上学期开学考,1,1
济南高二上第二次月考数学,1,1
济南高二九月份开学考,3,1
济南高二期末生物,1,1
济南高二期末英语,5,1
济南高二英语期末,1,1
济宁 0 2025高一期末,1,1
济宁2025中考数学,1,1
济宁2025政治中考,1,1
济宁2026中考语文,1,1
济宁七年级下册数学,2,1
济宁七年级下册生物,1,1
济宁九年级化学期中,8,1
济宁五年级下册数学期末,16,1
济宁任城区九年级化学期中,2,1
济宁化学期中,1,1
济宁各县区化学一模,7,1
济宁学院附属中学九年级上学期月考化学,4,1
济宁学院附属中学九年级模考,1,1
济宁学院附属中学九年级模考英语,1,1
济宁学院附属中学九年级模考英语一模,1,1
济宁市,1,1
济宁市 2 0 2 6中考真题,1,1
济宁市2013至2014学年度第二学期质量检测生物,1,1
济宁市2023至2024学年度第二学期质量检测生物,3,1
济宁市2025 2026学年度第二学期质量检测 高一数学试题,5,1
济宁市2025年高一上学期期中考试英语,2,1
济宁市2025年高一上学期期中考试英语答案,15,1
济宁市2026下学期高一期末质量,1,1
济宁市2026高一期末,1,1
济宁市24-25物理高一上月考,6,1
济宁市七年级下册语文期末考试卷,4,1
济宁市中考,1,1
济宁市五年级下册数学期末,12,1
济宁市任城区六年级期末,3,1
济宁市六年级期末,1,1
济宁市初一期末,1,1
济宁市学院附属小学五年级下册数学期末,2,1
济宁市微山县六年级下册数学期末,3,1
济宁市育才中学,2,1
济宁市英语期末,1,1
济宁市金乡县2025年数学。王杰中学月考,4,1
济宁市霍家街小学,1,1
济宁市高一下学期期末,1,1
济宁市高一数学,14,1
济宁市高二期中,2,1
济宁市高考第二次模拟英语,4,1
济宁微山,2,1
济宁曲阜期中,5,1
济宁期末考试历史试,4,1
济宁期末高二下,2,1
济宁期末高二下化学,5,1
济宁泗水高一下英语期末,1,1
济宁育才,2,1
济宁育才2023-2024,1,1
济宁育才2023-2024高一英语专题训练,8,1
济宁育才新生假期衔接材料,1,1
济宁育才高一模拟,4,1
济宁附属,1,1
济宁附属中学八年级物理期末测试题,4,1
济宁附属中学期九年级,5,1
济宁附属中学期八年级,1,1
济宁高一期末,20,1
济宁高二,4,1
济宁高二上学期数学考试,1,1
济宁高二上数学,4,1
济宁高二上期末数学,3,1
济宁高二上第二次月考数学,1,1
济宁高二下期末,7,1
济宁高二数学,1,1
济宁高二期末,4,1
济宁高二期末生物,1,1
济宁高新九年级化学期中,4,1
济源一中,1,1
济源市七年级下册期末考试语文,1,1
济源市八年级下册期末考试语文,2,1
济阳竞业园,2,1
浏阳一中分班考试,1,1
浏阳七年级下学期数学期末试卷,1,1
浏阳七年级数学期末试卷,7,1
浏阳二中雅礼班选拔考试,12,1
浏阳八年级上册数学期中,5,1
浏阳市八年级下册期末数学,7,1
浏阳市科创考试,4,1
浏阳市自主招生考试,2,1
浏阳数学,4,1
浏阳期末,8,1
浏阳物理,15,1
浏阳雅礼二中,3,1
浏阳高一期末,4,1
浐灞,12,1
浐灞二中,10,1
浐灞二中分班,1,1
浐灞第二中学,1,1
浐灞第二中学分班,3,1
浐灞第二分班,1,1
浑南二模,6,1
浓度,2,1
浓度问题,5,1
浓度问题 奥数,4,1
浙北五校联考高二试卷,14,1
浙北五校高二全年考试练习卷,6,1
浙北五校高二语数外全年考试练习卷,36,1
浙南名校,4,1
浙南名校高二期末地理,6,1
浙工大附属高级中学初升高分班考卷,2,1
浙师大秀洲学校,3,1
浙师大秀洲实验学校,5,1
浙教版 二元一次方程 计算题,2,1
浙教版 八年级上科学,1,1
浙教版 四年级下四则运算计算,1,1
浙教版七年级上册数学,1,1
浙教版七年级上册数学培优,1,1
浙教版七年级上册科学,3,1
浙教版中考,1,1
浙教版中考嘉兴市,1,1
浙教版九上 第1章 二次函数单元检测,2,1
浙教版九上数学,1,1
浙教版九上数学相似三角形,5,1
浙教版九上数学相似三角形单元卷,1,1
浙教版九年级下册科学,1,1
浙教版信息技术必修一单元测试,1,1
浙教版八上数学,3,1
浙教版八上数学嘉兴,7,1
浙教版八上科学力及其作用效果课时练,6,1
浙教版八年级下册精彩练习,1,1
浙教版数学七下计算,1,1
浙教版数学九上,4,1
浙教版科学,2,1
浙教版科学九上,6,1
浙教科学知识梳理,7,1
浙教科学知识检测,6,1
浙江 0 025 一月 首考,1,1
浙江 026届 高三,1,1
浙江 1 2026高考化学,1,1
浙江 1月 2025高考,1,1
浙江 2026 1 月 高考 英语试卷,4,1
浙江 6 2026高考,1,1
浙江 日语,2,1
浙江 物理,3,1
浙江1月化学选考,2,1
浙江2023、2024高二英语卷,7,1
浙江2024 2025高二英语卷,4,1
浙江2025年镇江中学数学上期中考卷,1,1
浙江2025年镇江中学数学高一上期中考卷,6,1
浙江2025高考真题,8,1
浙江20267月学业水平考试技术,1,1
浙江20267月学考技术,1,1
浙江2026化学一月高考,5,1
浙江2026化学一月高考全部解析,2,1
浙江2026化学首考,1,1
浙江2026化学高考,1,1
浙江2026高一上期末数学试卷,4,1
浙江2026高二期末考试,1,1
浙江2026高考,9,1
浙江22高考数学,1,1
浙江23年高二期中镇海中学,2,1
浙江26中考,3,1
浙江6月,1,1
浙江6月联考卷,1,1
浙江7月学考,4,1
浙江G12名校高一,2,1
浙江Z20名校联考,1,1
浙江一卷,4,1
浙江七上,2,1
浙江七上期中,1,1
浙江七年级下学期期末,8,1
浙江七年级数学,4,1
浙江七年级数学专项,4,1
浙江七年级数学有理数,8,1
浙江七校联考高三,1,1
浙江三上数学课件,8,1
浙江三上课件,1,1
浙江中学历史,1,1
浙江中考2026,1,1
浙江中考数学,1,1
浙江中考数学2026,6,1
浙江中考数学试卷,3,1
浙江中考真题2026,4,1
浙江中考社会,3,1
浙江中考科学,1,1
浙江中考科学2026,1,1
浙江中考英语真题2026,1,1
浙江中考语文,2,1
浙江中考语文2026真题,4,1
浙江之江学盟,1,1
浙江之江学盟2027届高三上学期第一次学情调研语文试题,8,1
浙江之江学盟语文,8,1
浙江九上关于碱的有关知识,7,1
浙江九上关于酸的有关知识,5,1
浙江九年级上学期,1,1
浙江九年级上学期科学2026,11,1
浙江九年级下学期期中,2,1
浙江九年级下学期期末,1,1
浙江二年级下学期期末,1,1
浙江二模,2,1
浙江五年级上学期阶段检测,1,1
浙江五年级下学期阶段检测,2,1
浙江五校联考,3,1
浙江八年级上学期期中,1,1
浙江八年级上学期阶段检测,5,1
浙江六月高考物理真题,3,1
浙江化学,3,1
浙江化学必修一综合卷,1,1
浙江化学高一必修一综合卷,5,1
浙江化学高考卷,1,1
浙江北斗星盟高二英语,1,1
浙江卓越联盟高一数学,1,1
浙江卓越计划2027届新,1,1
浙江卓越计划高三,2,1
浙江卷名校联盟高考,2,1
浙江卷数学,3,1
浙江历史中考,1,1
浙江历史高考,3,1
浙江台州八年级上册数学,6,1
浙江台州八校联盟2023?2024高二上期中联考英语,5,1
浙江台州市2025-2026学年第一学期高二年级期末质量评估英语试题,1,1
浙江台州市2026届高三第二次教学质量评估数学试题（解析版）,2,1
浙江名校2026 2027学年历史综合测试卷1,1,1
浙江名校2026 2027学年数学综合测试卷1,1,1
浙江名校2026 2027学年英语综合测试卷1,4,1
浙江名校2026 2027学年语文综合测试卷1,10,1
浙江名校2026-2027学年历史综合测试卷1,27,1
浙江名校2026-2027学年数学综合测试卷1,8,1
浙江名校协作体高三,6,1
浙江名校联盟2026年高三一轮复习学情联合调研,1,1
浙江名校联盟2026年高三一轮复习学情联合调研英语,3,1
浙江名校联盟2026年高三二模,3,1
浙江名校联盟2026年高三二模英语,1,1
浙江名校自主招生数学。,4,1
浙江听力,3,1
浙江嘉兴学考,3,1
浙江四年级上册数学,1,1
浙江四边形压轴练习,1,1
浙江大学强基,1,1
浙江大学强基计划,2,1
浙江学军中学,5,1
浙江学军中学高二下数学2026,3,1
浙江学考 20 2 5 年 学业水平考试,1,1
浙江学考2025年学业水平考试,2,1
浙江学考，7月,1,1
浙江宁波八年级上册数学,9,1
浙江宁波十校,1,1
浙江宁波十校2026届下学期高三3月联考,3,1
浙江宁波市2025-2026学年高二下学期6月,2,1
浙江宁波市2026高二期末考试,2,1
浙江宁波镇海中学,1,1
浙江宁波镇海中学2025数学期中考试卷,1,1
浙江巍山初一分班考,1,1
浙江强基2025强基联盟,2,1
浙江强基2025强基联盟六月模拟,1,1
浙江强基联盟2025年10月高三联考,5,1
浙江强基联盟2025年11月高一联考英语试题,4,1
浙江强基联盟2025年5月联考,8,1
浙江强基联盟2025高一必修一12月数学,6,1
浙江强基联盟2026年3月高三联考数学试题,1,1
浙江强基联盟2026年3月高二联考语文学试题,5,1
浙江强基联盟2026年3月高二联考语文试题,4,1
浙江强基联盟2026年5月高三联考,3,1
浙江强基联盟政治,8,1
浙江强基联盟英语,1,1
浙江技术学考,4,1
浙江技术学考真题,1,1
浙江数学2026学考,4,1
浙江数学2026最新浙教版二次函数1.12次函数1.22次函数的图像1.3二次函数的性质同步练习,1,1
浙江数学五年级下,1,1
浙江数学五年级下专项,5,1
浙江数学五年级下讲稿,10,1
浙江数学高三,1,1
浙江数学高二上期中卷,1,1
浙江数学高二上期中卷乐清,5,1
浙江数学高二上期中卷月清,1,1
浙江新教材英语六年级上册,13,1
浙江新高一,3,1
浙江春晖中学,4,1
浙江杭州余杭区2026年高二6月期末日语,8,1
浙江杭州市2025-2026学年第二学期高一6月教学质量检测数学试题,7,1
浙江杭州市s9联盟,1,1
浙江杭州市s9联盟2026年,5,1
浙江杭州市西湖区学军西溪、学军海创园、学军紫金港2025-2026学年高一上学期期末考物理试题,1,1
浙江杭州高一化学,1,1
浙江温州,3,1
浙江温州2025高一期末数学,6,1
浙江温州市2025 2026学年第二学期高一期末质量评价题库数学 A类,2,1
浙江温州市普通高中20二六届高三第二次适应性考试物理试卷我,1,1
浙江温州市环大罗山,4,1
浙江温州新力量,24,1
浙江温州新力量联盟2026届高三检测,1,1
浙江温州新力量高三,1,1
浙江温州高三一模,2,1
浙江湖州市2025学年第二学期教学高一物理,1,1
浙江物理一模,4,1
浙江物理高三南太湖,5,1
浙江物理高三浙江模拟题,25,1
浙江生物学考,4,1
浙江甬真,1,1
浙江省,1,1
浙江省 2025年 中考数学,1,1
浙江省2025年初中学业水平考试数学卷,1,1
浙江省2026五月,1,1
浙江省2026年7月普通高中学业水平,18,1
浙江省2026年7月普通高中学业水平考试数学试题,4,1
浙江省2026年初中学业水平考试数学卷,1,1
浙江省2026年语文,1,1
浙江省2026年语文中考,1,1
浙江省2026数学中考,1,1
浙江省9+1联盟高一生物,5,1
浙江省A9联盟,2,1
浙江省G12名校协作体高二开学考上学期,20,1
浙江省Z20,5,1
浙江省七彩阳光2025-2026高二上期中考试,3,1
浙江省七彩阳光新高考研究联盟,1,1
浙江省七彩阳光新高考研究联盟英语,1,1
浙江省七校联盟2026届高三上学期一模化学试题,2,1
浙江省中考,1,1
浙江省丽水市2024-2025学年高一下学期期末英语试题,1,1
浙江省义乌市,8,1
浙江省义乌市2025-2026学年第二学期八年级历史期末考试试卷,1,1
浙江省五校联盟物理,4,1
浙江省余姚科学强基,1,1
浙江省八上数学月考,3,1
浙江省八年级7月科学强基,1,1
浙江省八年级科学强基,1,1
浙江省八年级英语期末,2,1
浙江省六校联盟,5,1
浙江省共同体名校联盟八年级上册10月自主作业,1,1
浙江省共同体名校联盟八年级上册数学10月自主作业,11,1
浙江省共同体名校联盟八年级上册社会10月自主作业,1,1
浙江省共同体名校联盟八年级上册英语10月自主作业,8,1
浙江省创新教育初中协作体7年级创新素养水平考察。,5,1
浙江省创新教育初中协作体7年级数学创新素养水平考察。,15,1
浙江省卓越计划,1,1
浙江省卓越计划2027,1,1
浙江省卓越计划2027届新高三,1,1
浙江省县域联盟,1,1
浙江省台州市玉环市玉城中学分班考,1,1
浙江省台州市玉环市玉泉中学分班考,1,1
浙江省各县城初升高分班考试卷,19,1
浙江省名校协作体试题,2,1
浙江省名校新高考研究联盟,15,1
浙江省名校新高考研究联盟2026届高三第一次联考,2,1
浙江省嘉兴市,3,1
浙江省嘉兴市2024高三上学期英语一模,1,1
浙江省嘉兴市2025,1,1
浙江省嘉兴市2025届高三上学期英语一模,3,1
浙江省嘉兴市2025高三上学期一模,5,1
浙江省嘉兴市2026期末考试数学高二,1,1
浙江省嘉善县嘉兴市 高一下册学试历史试卷,4,1
浙江省嘉善县嘉兴市 高一下册期末考试历史试卷,1,1
浙江省嘉善市科学卷,1,1
浙江省嘉善市科学卷八上,1,1
浙江省嘉善市科学卷八上期末考,1,1
浙江省四校联盟,2,1
浙江省学考2025,5,1
浙江省学考2026,10,1
浙江省宁波九年级科学培优,2,1
浙江省宁波市北仑,3,1
浙江省宁波市北仑区数学八年级上册期中2025,3,1
浙江省宁波市奉化区2023-2024学年高一下学期期末考试英语试题,3,1
浙江省宁波市开学考,2,1
浙江省宁波市慈溪市,1,1
浙江省宁波市提前招生九年级科学,3,1
浙江省宁波市鄞州中学,3,1
浙江省宁波市镇海中学,1,1
浙江省宁波市镇海中学九年级科学,6,1
浙江省宁波市镇海中学科学,1,1
浙江省宁波科学培优,1,1
浙江省宁波科学强基,2,1
浙江省开学考,10,1
浙江省强基联盟,3,1
浙江省强基联盟高一10月,2,1
浙江省强基联盟高二(上)联考数学试卷(11月份),1,1
浙江省强基联盟高二上数学,1,1
浙江省新阵地,2,1
浙江省新阵地教育联盟2026届第一次联合,5,1
浙江省新阵地教育联盟2026届第一次联考,9,1
浙江省新阵地教育联盟高三英语,3,1
浙江省杭州学军中学2024到2025学年高一上学期期末考试英语试题,3,1
浙江省杭州学军中学2025-2026学年上学期高一期末模,11,1
浙江省杭州学军中学上学期高一期末模,4,1
浙江省杭州学军中学名校协作体高三4月份联考,2,1
浙江省杭州学军中学高三4月份联考,2,1
浙江省杭州市2026届高三第一学期教学质量检测,1,1
浙江省杭州市2026届高三第一学期教学质量检测英语试卷,5,1
浙江省杭州市西湖区,1,1
浙江省杭州市西湖区绿城,2,1
浙江省杭州市钱塘区八年级下册2025数学期末,1,1
浙江省杭州市钱塘区八年级下册2025语文期末,2,1
浙江省浙江六校联盟20252026学年高一上学期10月月考英语试题,3,1
浙江省海宁中学,1,1
浙江省温州市2025年科学中考试卷,2,1
浙江省湖州丽水衢州三地市高三期末,2,1
浙江省湖州丽水衢州三地市高三期末数学,1,1
浙江省湖州市2025 2026学年第二学期教学质量监测高二化学试卷,1,1
浙江省湖州市吴兴区2025至2026六年级下册语文,1,1
浙江省科学强基,1,1
浙江省筑暨市2025年12月高三诊断英语,1,1
浙江省绍兴市2024-2025学年高二下学期期末调测 化学试卷,2,1
浙江省绍兴市2025-2026学年高二下学期期末调测 化学试卷,2,1
浙江省绍兴市诸暨市2026年提招试卷,12,1
浙江省舟山市2025-2026学年高二下学期6月期末考试技术,3,1
浙江省舟山市嘉兴市2015~2016学年高一下学期生物期末考试试卷,3,1
浙江省舟山市嘉兴市学年高一下学期生物期末考试试卷,15,1
浙江省英语,1,1
浙江省衢州市2025 2026学年高二下学期6月期末地理统考 教学质量检测 试题,1,1
浙江省选考科目考试绍兴市,1,1
浙江省金华市2026年中考考前对标适应性试卷,1,1
浙江省金华市卓越联盟2025~2026学年高一上学期12月月考英语试题。,1,1
浙江省金砖联盟,17,1
浙江省镇海中学2026年5月高三高考模拟测试,11,1
浙江省高一生物,2,1
浙江省高二上10月月考,1,1
浙江省高二上英语期末卷,3,1
浙江省高考科目考试2025年4月绍兴市适应性试卷,3,1
浙江真题分类,4,1
浙江社会中考卷,1,1
浙江社会中考材料分析,1,1
浙江社会中考材料题,8,1
浙江科学,1,1
浙江科学中考,3,1
浙江绍兴,6,1
浙江绍兴2026年四月适应性考试 二模英语,3,1
浙江绍兴八年级上册数学,1,1
浙江绍兴市2025-2026学年高二下学期期末调测语文试题 标签： 普通,4,1
浙江绍兴市八年级上册数学,2,1
浙江联盟,1,1
浙江英语,1,1
浙江英语卷,1,1
浙江英语四级高频词,1,1
浙江英语真卷,1,1
浙江英语真卷高二,1,1
浙江英语高一期末卷,4,1
浙江语文2026学考,1,1
浙江赛区初一,1,1
浙江赛区初一联赛一试+二试真题,3,1
浙江赛区数学初一联赛一试+二试真题,4,1
浙江金华,1,1
浙江金华10校2026年4月高三二模模拟考试语文试题卷,1,1
浙江金华八年级上册数学,3,1
浙江金华十校,3,1
浙江金华卓越联盟高一下物理月考2028,1,1
浙江金华高一下六月,2,1
浙江镇海中学生物,1,1
浙江镇海中学英语,2,1
浙江镇海中学高一下期末物理试卷,4,1
浙江镇海中学高一下期末语文试卷,4,1
浙江镇海中学高二,1,1
浙江长兴华盛高级中学,4,1
浙江阶段检测,2,1
浙江预赛,1,1
浙江首考英语2023年,4,1
浙江首考英语真题,1,1
浙江高一下期末物理试卷,4,1
浙江高一数学第二学期期末考试试卷,2,1
浙江高一期末,33,1
浙江高一英语期末上,4,1
浙江高三9月份考试,5,1
浙江高三七校联考,2,1
浙江高三上学期阶段检测,1,1
浙江高三上学期高考模考,4,1
浙江高三下学期期末,2,1
浙江高三数学,4,1
浙江高三数学压轴题精选,4,1
浙江高三模拟,5,1
浙江高中 1月 2026高考,18,1
浙江高中名校专区,71,1
浙江高中地理选修一练透步步高,1,1
浙江高中学业水平考试,2,1
浙江高中数学,1,1
浙江高二上学期G12开学考,3,1
浙江高二上学期阶段检测,2,1
浙江高二上数学,1,1
浙江高二上期中物理,3,1
浙江高二上期末数学,4,1
浙江高二上第二次月考数学,1,1
浙江高二下学期政治期末考试,1,1
浙江高二下期末,1,1
浙江高考一模名校联盟,4,1
浙江高考一模试题,8,1
浙江高考卷,2,1
浙江高考技术,2,1
浙江高考数学,1,1
浙江高考模拟,1,1
浙江高考物理,2,1
浙江高考真题分类,2,1
浚县一中,1,1
浣溪沙,1,1
浦东,1,1
浦东一模,9,1
浦东二模,11,1
浦东二模语文,13,1
浦东外国语,1,1
浦东外国语学校,3,1
浦东建平高三上期中,3,1
浦东教育学院,2,1
浦东新区高一下期末物理上海,1,1
浦北县,1,1
浦口区,1,1
浮 力拔高计算大题类型练,1,1
浮力与简单机械综合题,1,1
浮力专题6大题型,4,1
浮力单元,2,1
浮力压强 2026专题复习,19,1
浮力压轴,4,1
浮力压轴专题,4,1
浮力拔高计算大题类型练,1,1
浮力相,1,1
浮力秤,8,1
浮力练习题,1,1
海东,16,1
海亮高级中学提前招生数学考试,1,1
海亮高级中学提前招生考试,1,1
海南 高考 物理,8,1
海南2025年高考数学,3,1
海南2025年高考生物,5,1
海南2026中考卷,2,1
海南2026初中地理会考真题,1,1
海南2026高一天一,3,1
海南中学中学七上月考卷,1,1
海南中学分班考,1,1
海南中学总复习,4,1
海南中学自主招生,6,1
海南中学高一,11,1
海南中考,1,1
海南中考2026历史,2,1
海南中考数学2026,8,1
海南中考题语文,4,1
海南九上期中考试数学试题,2,1
海南九年级下学期期末,2,1
海南八上月考试卷,1,1
海南八上语文月考试卷,1,1
海南八年级上学期期中,9,1
海南六年级下学期期末,5,1
海南农垦实验中学,2,1
海南初一下数学期末考试,1,1
海南初中物理八年级月考真题,5,1
海南初中物理真题,1,1
海南化学高考卷,4,1
海南升学真题,1,1
海南华侨中学2025 2026,1,1
海南华侨中学2025 2026八年级数学,1,1
海南历史中考,9,1
海南历史九年级,5,1
海南合格考,1,1
海南天一联考,5,1
海南天一联考化学,1,1
海南天一联考物理临高,5,1
海南政治中考,4,1
海南数学初一测试卷,3,1
海南数学期末试卷,2,1
海南数学高三试卷,2,1
海南海南中学,9,1
海南物理,1,1
海南物理真题?,3,1
海南省2023-2024学年高一年级学业水平诊断二生物,1,1
海南省2024-2025年高二年级学业水平诊断（三）物理,1,1
海南省2025-2026年高二年级学业水平诊断（三）物理,6,1
海南省2025-2026年高二年级学业水平诊断（三）语文,5,1
海南省2025~2026学年高一年级学业水平诊断（二）英语,3,1
海南省七年级地理期末试卷免费,2,1
海南省七年级生物期末试卷免费,1,1
海南省三亚市八上语文月考试卷,2,1
海南省中考数学试卷2026,1,1
海南省中考真题,2,1
海南省八上月考试卷,6,1
海南省农垦中学高二上第一次月考,29,1
海南省初中学业水平考试,1,1
海南省天一期末考试数学试卷,1,1
海南省定安中学高一开学,3,1
海南省文昌中学,3,1
海南省文昌市八年级上册数学,4,1
海南省海南中学,3,1
海南省海南中学能力测试,9,1
海南省海口市2024～2025学年高三上学期10月摸底考试英语题,2,1
海南省海口市2025年分班考试卷,13,1
海南省海口市2026八上龙华区月考,1,1
海南省海口市2026八上龙华区月考9月,1,1
海南省海口市2026市模拟考试,1,1
海南省海口市2026市模拟考试高中,1,1
海南省海口市2026市模拟考试高中政治,1,1
海南省海口市高三政治,2,1
海南省海口市高中市模考试政治,1,1
海南省海口市龙华区9月八上,1,1
海南省自主招生数学,1,1
海南省英语七下单元试卷,1,1
海南省英语七下第一单元试卷,5,1
海南省高一天一期末考试数学试卷东方,1,1
海南省高一物理学业质量监测,1,1
海南省高三天一试卷,2,1
海南自主招生,1,1
海南语文高三试卷,10,1
海南高一上学期阶段检测,1,1
海南高一下数学期末考试,3,1
海南高一下英语期中考试,1,1
海南高一物理,1,1
海南高一物理，月考,1,1
海南高三物理卷子,6,1
海南高三语文,3,1
海南高中信息合格考,4,1
海南高中信息技术合格考,3,1
海南高中数学竞赛题,2,1
海南高二下学期期末,1,1
海南高考 2025高考真题,1,1
海南高考 2025高考真题生物,4,1
海南高考2026地理真题,2,1
海南高考化学,5,1
海南高考化学真题,1,1
海南高考地理,3,1
海南高考地理2025,3,1
海南高考模考,2,1
海南高考物理,2,1
海南高考生物,2,1
海南高考真题,6,1
海原一中,8,1
海原县七营镇,2,1
海口2025中考,1,1
海口七年级下英语,1,1
海口中学,3,1
海口侨中高二上数学试卷,2,1
海口侨中高二上生物试卷,3,1
海口华侨中学高二上生物试卷,2,1
海口小升初分班考,2,1
海口市,1,1
海口市2023~2024学年第二学期高一期末考试物理,7,1
海口市2025届高三摸底考化学,6,1
海口市2025届高三摸底考英语,10,1
海口市2026届高三摸底考英语,9,1
海口市2026届高中摸底考试,1,1
海口市2026届高中摸底考试9月市摸底,1,1
海口市2026届高中摸底考试9月统考,2,1
海口市2026年七年级第二学期期末试卷,2,1
海口市2026年初中学业水平,1,1
海口市2026年初中学业水平模拟考试二英语,1,1
海口市25-26高一第二学期语文期末试题,4,1
海口市七年级第二学期期末,3,1
海口市七年级第二学期期末试卷,3,1
海口市八年级下学期,5,1
海口市实验中学,5,1
海口市小升初模拟,1,1
海口市海南中学,1,1
海口市灵山中学,1,1
海口市琼山中学,2,1
海口市第一中学,4,1
海口市第一中学高一年级数学试,5,1
海口琼山华侨中学,8,1
海口高中物理,1,1
海口高二,13,1
海口高二第一学期,1,1
海口高二第一学期期中,18,1
海口高二第一学期期中实验,3,1
海城同泽中学,4,1
海城市2024~2025七年级数学第1次月考,5,1
海城市开发区实验学校,1,1
海城市第九中学2024~20257年级数学第1次月考,2,1
海城高中考试题,1,1
海宁中学,2,1
海宁市高级中学,2,1
海安2025-2026期末卷,1,1
海安中学数学,2,1
海安中学高三化学,3,1
海安九年级2025-2026期末卷,1,1
海安实验七月,3,1
海安实验七月周考,1,1
海安市2026高三上学期期初考试卷,5,1
海安市2026高三期初考试卷,12,1
海安高级中学数学期末试卷,1,1
海安高级中学高一下期中物理试卷,6,1
海尔滨三中,4,1
海峡两岸青少年数学文化交流 全国总决赛 九年级,4,1
海峡杯,3,1
海峡杯数学,12,1
海峡杯数学四年级,4,1
海州高级中学高一数学,1,1
海报,3,1
海拉尔第二中学 2026年贯通考试,1,1
海森堡,1,1
海水中的重要元素,8,1
海河博爱,1,1
海洋化学资源单元小结,1,1
海淀 2026一模数学,1,1
海淀 2026二模数学,2,1
海淀101初二下数学月度调研,1,1
海淀八下期末,5,1
海淀八下期末数学,7,1
海淀初一下英语期末,1,1
海淀区,2,1
海淀区2025到2026初二数学期末考试,9,1
海淀区中国人民大学附属中学七年级下，数学试卷,1,1
海淀区九上期末语文,1,1
海淀区初一下期末,5,1
海淀区初三期中,4,1
海淀区初二上生物期末,5,1
海淀区物理,8,1
海淀区高一期末,1,1
海淀区高二年级练习思想政治,1,1
海淀期中,6,1
海淀期末高三语文,3,1
海淀期末高三语文2024-2025,3,1
海淀期末高三语文2025,1,1
海淀模拟,7,1
海淀高一下期末英语,1,1
海淀高二下期末,1,1
海淀高二期末,3,1
海港区,1,1
海港区2025—2026八下期末英语试卷,1,1
海港区2025—2026八下期末语文试卷,6,1
海港区2025到2026,2,1
海港区2025到2026八下,2,1
海珠,1,1
海珠 八年级 期中,1,1
海珠八年级 期末 语文,3,1
海珠区,32,1
海珠区 七年级 期末 数学,1,1
海门,3,1
海门8年级物理期中,1,1
海门中学分班,4,1
海门包场数学高一,1,1
海门区一模,11,1
海门区二,1,1
海门区二模,3,1
海门数学高一10月,1,1
海门第一中学,1,1
海陵中学模考,1,1
海陵中学模考数学,2,1
浸水测体积数学,1,1
浸水测物,1,1
浸水测物数学,1,1
涉lie,1,1
涟水一年级上册数学第1单元测试卷。,2,1
涟水中学,3,1
涟水中学分班考卷,1,1
涟源一中创新班数学试卷,11,1
润德九上期末数学,1,1
涪江中学,1,1
涪江中学20247年级上册第一章,1,1
涪陵5中初中,1,1
涪陵区,2,1
涪陵实验中学,3,1
液体压强,5,1
涿州,1,1
涿州市2024-2025学年度第二学期期末七年级英语作业质量检测,1,1
涿州第一学期四上期末考试数学卷子涿州冀教,3,1
涿鹿县,50,1
淄博2025-2026高一下英语,1,1
淄博2026中考物理,1,1
淄博一模,1,1
淄博一模2025,1,1
淄博七上期中数学,5,1
淄博上期末语文,4,1
淄博中考,2,1
淄博中考2026,3,1
淄博中考数学,1,1
淄博九年级上册数学期末,17,1
淄博九年级上学期期中化学,7,1
淄博会考,1,1
淄博八年级下期末考试,3,1
淄博八年级下期末考试数学,2,1
淄博十一中数学次月考,3,1
淄博四中23年期中考试题,14,1
淄博四中高一,1,1
淄博四中高一上学期,1,1
淄博四中高一上学期期中,1,1
淄博四中高一上学期期中数学,1,1
淄博大学城实验中学,12,1
淄博实验中学,3,1
淄博小中考,1,1
淄博市2026年高一期末题第二学期淄博统考,6,1
淄博市中考,3,1
淄博市九年级数学上册期中,17,1
淄博市六年级下册数学,2,1
淄博市淄川区六年级上学期期中考试,6,1
淄博市淄川区六年级上学期生物期中考试,2,1
淄博市淄川区六年级期中考试,3,1
淄博市淄川区六年级第一学期期中考试,1,1
淄博市淄川区初一期中考试,1,1
淄博市第四中学,5,1
淄博市高一下学期化学期末,3,1
淄博市高一下学期物理期末,4,1
淄博市高一下学期生物期末,2,1
淄博张店2023,2,1
淄博张店2023-2024,4,1
淄博新高一分班考试数学,21,1
淄博期末数学下,9,1
淄博高一期末,11,1
淄博高二下期末英语含听力音频,5,1
淄博高二期末,1,1
淄川中学,18,1
淄川区2025~2026八年级上册物理期中试卷,2,1
淅川一高,3,1
淅川县2024九年级上册期中化学试卷,4,1
淅川县四英上册科普版期中质量评估,12,1
淅川数学六下,4,1
淅川第一高级中学高二,1,1
淅川语文六下,3,1
淅川邓州语文六下,1,1
淖毛湖镇中学,2,1
淮北一中实验班,3,1
淮北一中高二下学期数学,9,1
淮北中学,2,1
淮北天一中学入学考试试卷,5,1
淮北实验高中实验班选拔考试试卷,5,1
淮北市一中班补习,1,1
淮北市一中班补习部语文,1,1
淮北市一中班补习部语文一轮复习训练题一,1,1
淮北市八年级上册数学第一次月考,2,1
淮北市十二中2024年高一开学分班考是试卷,2,1
淮北市天一,2,1
淮北市濉溪县七年级数学期末试卷,1,1
淮北市第二中学,3,1
淮北沃土试卷,1,1
淮南2025年高二上学期物理期中考试,1,1
淮南一中,9,1
淮南一中老师,4,1
淮南市实验中学七校联考数学试卷,3,1
淮南第二中学,3,1
淮坊市2026届高三开学调研监测考试,1,1
淮坊市高三开学调研监测考试英语,2,1
淮安中考数学,1,1
淮安中考数学真卷,4,1
淮安九年级物理期末,3,1
淮安分班考,1,1
淮安分班考试,1,1
淮安初三数学,13,1
淮安初三第一次月考卷,2,1
淮安外国语 物理,3,1
淮安市2025 2026高一期末调研测试,2,1
淮安市徐杨中学,3,1
淮安市清江中学,8,1
淮安市高一数学第二学期期中,1,1
淮安市高一调研测试,4,1
淮安高一上学期数学统测,6,1
淮安高一上学期物理统测,3,1
淮安高一下数学期末,3,1
淮滨县,1,1
淮滨县初一英语期末,1,1
淮阳中学月考,3,1
淮阳中学第一高级中学月考,1,1
淮阳小学,1,1
淮阳第一中学,1,1
淮阳第一高级中学,3,1
淮阴,2,1
淮阴中学高一上化学期中,4,1
淮阴中学高一上化学期中答案,1,1
淮阴中学高一上数学期中,5,1
淮阴中学高二数学,2,1
淮阴中学高二数学期中,5,1
淮阴盐城扬州丹阳,2,1
深 圳  2026 一模,3,1
深 圳 02026 一模,1,1
深 圳 2026 一模,7,1
深 圳 2026 二模,2,1
深中,5,1
深中光明,3,1
深中光明9月开学摸底,1,1
深中光明9月开学考,3,1
深二实,3,1
深二模,1,1
深圳 0 2026 高三 二模数学,3,1
深圳 一模,2,1
深圳 二模 2026,1,1
深圳 二模2026,3,1
深圳 英语 2026,1,1
深圳 英语 2026中考,2,1
深圳 英语 2026八年级,1,1
深圳2024-2025五下数学期末,1,1
深圳2025 2026年期末考试卷,1,1
深圳2026中考模拟,1,1
深圳2026高一下期末,6,1
深圳2026高一保安,1,1
深圳2026高一宝安,1,1
深圳2026高一调研,1,1
深圳26年高三二模,3,1
深圳9上数学卷,1,1
深圳9年级化学,2,1
深圳9年级历史,25,1
深圳9年级物理,5,1
深圳一模2025,2,1
深圳一模数学试卷,4,1
深圳一模英语,3,1
深圳一模，T8第一次联考，哈尔滨三中一模,1,1
深圳七上期末,2,1
深圳七上期末百合,1,1
深圳七下,50,1
深圳七下数学期末,7,1
深圳七下期末,113,1
深圳七下英语,3,1
深圳中学 02 6 高三 二模,1,1
深圳中学 026二轮,3,1
深圳中学 高一下期中考试数学,4,1
深圳中学 高二 期末,4,1
深圳中学2025 2026学年高一下期末数学学,4,1
深圳中学2025~20226学年度第二学期期末考试试题高一英语,4,1
深圳中学2025~2026学年度第二学期期末考试试卷,2,1
深圳中学2025—2026学年度高一第二学期期末物理试卷,2,1
深圳中学2026高一下期末数学,2,1
深圳中学。,7,1
深圳中学七下期末数学,1,1
深圳中学分班考,3,1
深圳中学生物理竞赛预赛,2,1
深圳中学高一上学期物理期末题,39,1
深圳中学高一上数学,1,1
深圳中学高一下期末语文试题,2,1
深圳中学高一月考,2,1
深圳中学高一语文,7,1
深圳中学高三,2,1
深圳中学高三二模,3,1
深圳中学高三化学,2,1
深圳中学高三复习检测三,2,1
深圳中学高三物理,3,1
深圳中学高三生物,3,1
深圳中学高三调研测试,2,1
深圳中学高中,1,1
深圳中考2023年水桶里晃动的,3,1
深圳中考2026,3,1
深圳中考化学,1,1
深圳中考数学,3,1
深圳中考数学选择压轴,2,1
深圳中考真题2025,5,1
深圳中考真题2025年,1,1
深圳中考真题2025年物理,1,1
深圳中考真题2025物理,1,1
深圳中考真题2026,1,1
深圳中考英语,1,1
深圳中考英语真题,1,1
深圳中考试卷,1,1
深圳九上化学期末,17,1
深圳九上化学第二次月考,3,1
深圳九上数学,7,1
深圳九上数学期末,8,1
深圳九上物理期中,15,1
深圳九上物理期末,7,1
深圳九下化学期末,2,1
深圳九下物理期末,1,1
深圳九年级三模数学,2,1
深圳九年级上学期几何,1,1
深圳九年级上学期数学几何,1,1
深圳九年级数学三角形相似,3,1
深圳九年级数学几何,1,1
深圳九年级数学几何题型分类,1,1
深圳九年级数学图形,1,1
深圳二模,5,1
深圳二模数学,6,1
深圳二模数学2026高三,1,1
深圳五下数学,16,1
深圳五年级上册第一单元试卷,4,1
深圳光明,1,1
深圳八上,41,1
深圳八上期中,11,1
深圳八上期末,8,1
深圳八上物理,3,1
深圳八下,1,1
深圳八下数学期末,1,1
深圳八下语文期末,1,1
深圳八年级数学,5,1
深圳八年级期末,1,1
深圳初三三模,1,1
深圳初三英语一模,2,1
深圳初三英语二模,2,1
深圳北师大版反比例函数做题,8,1
深圳北师大版反比例函数全套课程,1,1
深圳北师版八下数学，偏难压轴题,2,1
深圳华侨实验,3,1
深圳华侨实验期中,1,1
深圳南山区六年级下册数学期末卷子,3,1
深圳四下数学期末,10,1
深圳外国语八下期中,5,1
深圳外国语八下期中英语,7,1
深圳外国语学校小升初,2,1
深圳外国语小学,1,1
深圳外国语高中园新高一分班考真题卷,2,1
深圳多校期末,6,1
深圳大学,1,1
深圳大学付山,1,1
深圳大学外国语附属中学,8,1
深圳大学附属中学,3,1
深圳大鹏新区,3,1
深圳大鹏新区高三,4,1
深圳宝安中学八上卷子,4,1
深圳宝安区,9,1
深圳宝安高三上学期教学质量监测,15,1
深圳实验中学高一,1,1
深圳实验中学高二,7,1
深圳实验光明高中部开学考试卷,2,1
深圳实验光明高中部高一开学考试卷,4,1
深圳实验学校高中园入学,1,1
深圳实验学校高中园高一入学,1,1
深圳实验学校高中部高一,1,1
深圳实验高一,5,1
深圳实验高中园,3,1
深圳小升初试题,1,1
深圳小升初试题数学,3,1
深圳市,8,1
深圳市2023年中考语文,3,1
深圳市2025 2026学年第二学期期末调研考试,2,1
深圳市2026八学期数学期末测试,2,1
深圳市2026八年级数学期末测试,4,1
深圳市2026年深圳中考,3,1
深圳市2026高一期末,3,1
深圳市中学2025~2026学年7年级下学期,1,1
深圳市中学2025~2026学年7年级下学期百合外国语,1,1
深圳市中学2025~2026学年7年级下学期百外,1,1
深圳市中考,12,1
深圳市中考2023年语文,1,1
深圳市九年级,2,1
深圳市九年级上册英语单元测试卷,1,1
深圳市九年级数学第一单元,1,1
深圳市光明区2026一年级下册期末考试卷,1,1
深圳市八年级下册语文期末2026,12,1
深圳市初中学业水平测试2023年,1,1
深圳市初中学业水平测试2023年水桶里晃动的,1,1
深圳市南山区七年级上下册期末考试道法,1,1
深圳市南山区七年级上册期末考试道法,1,1
深圳市南山区八年级下册语文期末2026,1,1
深圳市学业水平测试2023年语文,1,1
深圳市宝安区2025~2026八年级下数学期末,2,1
深圳市宝安区七下,4,1
深圳市宝安区九年级上,2,1
深圳市宝安区八年级上册期中物理,18,1
深圳市宝安区八年级下册英语期末2026,1,1
深圳市开学考,2,1
深圳市开学考三高,1,1
深圳市开学考第三高级中学,5,1
深圳市新安中学,11,1
深圳市深中英语八年级下册期中,1,1
深圳市生地会考,4,1
深圳市盐田区九年级上,1,1
深圳市福田区初三一模语文9上,5,1
深圳市福田区深圳高级中学南校区,4,1
深圳市立人高级,3,1
深圳市罗湖区2024 2025学年物理期末试题,3,1
深圳市罗湖区2024-2025学年八年级下册物理期末试题,4,1
深圳市罗湖区2024-2025学年物理期末试题,1,1
深圳市罗湖区初三一模语文,2,1
深圳市罗湖区初三一模语文9上,2,1
深圳市高一上,11,1
深圳市高一年级调研考试,1,1
深圳市高一英语开学考,2,1
深圳市高级中学,1,1
深圳市高级中学高中园,4,1
深圳市龙华区,7,1
深圳市龙华区2025至20268下数学期末考试,2,1
深圳市龙华区2025至20268下英语期末考试,4,1
深圳市龙华区九年级上,1,1
深圳市龙华区实验,1,1
深圳市龙华区实验学校五上北师大第2单元检测,9,1
深圳市龙华区教育科学研究院附属实验学校,2,1
深圳市龙华区观湖实验,2,1
深圳市龙岗区八年级上册期中物理,9,1
深圳市龙岗区八年级上册期中英语,4,1
深圳市龙岗区八年级上册期末物理,1,1
深圳数学八下,15,1
深圳数学四年级期末,5,1
深圳物理九上第一单元试卷,1,1
深圳物理学业水平合格性考试,3,1
深圳生地,1,1
深圳生地会考,1,1
深圳生地会考真题,1,1
深圳生物,1,1
深圳生物会考,1,1
深圳真题,1,1
深圳福田,9,1
深圳福田五年级上册第一单元试卷,2,1
深圳福田有理数代数式,4,1
深圳第二实践,3,1
深圳第二实验学校,8,1
深圳英语,1,1
深圳英语中考,3,1
深圳英语中考满分作文,2,1
深圳英语中考满分作文范文,1,1
深圳英语四年级期末,17,1
深圳高一上化学期末考试卷,2,1
深圳高一月考,2,1
深圳高三一模,3,1
深圳高三化学,3,1
深圳高三数学,1,1
深圳高三生物深圳,3,1
深圳高三语文深圳,4,1
深圳高中,1,1
深圳高中一模,1,1
深圳高中高一开学考试卷,2,1
深圳高二下学期期末,7,1
深圳高二期末,1,1
深圳高二英语上学期,1,1
深圳高级,1,1
深圳高级高一,3,1
深圳高级高一下期末,1,1
深圳龙华1年级数学,2,1
深圳龙华8年级,1,1
深圳龙华8年级英语,1,1
深圳龙华8年级英语期末考试,5,1
深圳龙华五年级上册第一单元试卷,3,1
深圳龙岗九上数学试卷,5,1
深圳龙岗九上期中数学试卷,2,1
深圳龙岗八下语文期末,4,1
深圳龙岗区高二下英语,1,1
深外开学考,1,1
深外理工分班考真题卷,2,1
深外理工开学考真题卷,2,1
深外理工新高一分班考真题卷,1,1
深大外国语,3,1
深大附中高一,1,1
深大附中高一语文,1,1
深实验,1,1
深实验高一,1,1
深高级,1,1
深高级理慧,16,1
深高级理慧入学检测,2,1
深高级高一下期末,1,1
深高级高中园,1,1
淳安,6,1
混合运算,2,1
混合运算与简便运算,1,1
混合运算和数量关系三,4,1
清北班,7,1
清北班期末,1,1
清北班模拟,1,1
清北班高一上数学期末,4,1
清华,1,1
清华大学自主招生,4,1
清华大学附属中学,1,1
清华大学附属中学。,4,1
清华强 基 2 0 2 6 年,2,1
清华强基计划,7,1
清华强基计划数学试题,4,1
清华强基计划物理试题,6,1
清华附中2026,3,1
清华附中分班考真题,4,1
清华附中创新班,2,1
清华附中志新学校高中分班考,2,1
清华附中期中英语试卷,2,1
清单02,6,1
清原高中,4,1
清实学校,1,1
清河开明,1,1
清河开明初三第一次月考卷,4,1
清河高中,1,1
清潭实验小学,6,1
清苑区,4,1
清远2026高一语文,1,1
清远市2021－2022期末物理,8,1
清远市2022物理,1,1
清远市2025 2026学年第二学期高二期末教学质量监测,6,1
清远市2025 2026第二学期高二期末教学质量监测,4,1
清远市2026高一期末试卷,15,1
清远市七年级下册数学,2,1
清远市八年级数学解题方法,1,1
清远市期末,11,1
清远市第一中学,4,1
清远市美林湖学校,1,1
清远期末,7,1
清远高二上期末,2,1
清远高二下期末,4,1
清镇初二期末,2,1
清镇市博雅实验学校,2,1
渔场的形成,2,1
渔家傲,5,1
渔家傲 秋思,3,1
渔家傲秋思,2,1
渝中区区内推优,2,1
渝中区巴蜀,1,1
渝高,1,1
渝高中学,10,1
渤大附中,5,1
渤海大学,1,1
渤海大学附属高级中学期末,3,1
温中提前招,12,1
温县,1,1
温宿县第二中学,2,1
温岭,8,1
温州一模,2,1
温州中学 创新班,1,1
温州中学 创新班/提前招生九年级数学卷,8,1
温州中学 创新班九年级数学卷,2,1
温州中学2025级高一年级学科水平测验英语,2,1
温州中学2026-2027高一英语,3,1
温州中学提前招生数学考试2020,1,1
温州中学提前招生英语,1,1
温州中学高一,3,1
温州中学高一上期中。,4,1
温州中学高一上期中地理。,6,1
温州中学高一数学必修二,1,1
温州九年级上册开学考,9,1
温州二模英语,3,1
温州分班考,1,1
温州分班考高中,1,1
温州初中,1,1
温州初升高衔接摸底测试,2,1
温州化学,1,1
温州十二中,2,1
温州十二中八上数学,5,1
温州十校 2026高二下期末,2,1
温州十校联合体,3,1
温州十校联合体期末,11,1
温州十校联考,1,1
温州十校高二期末,4,1
温州卷高二历史,3,1
温州大学电气考研,1,1
温州市中学提前招生英语,1,1
温州市十校联盟2025学年高二下学期六月期末政治,5,1
温州市啸秋中学,2,1
温州市啸秋中学分班考,1,1
温州市啸秋中学新高一分班考,2,1
温州市普通高中2025届高三第一次适应性考试,4,1
温州市普通高中2026届高三第一次适应性考试,1,1
温州市普通高中2026届高三第二次,1,1
温州市普通高中高三第二次适应性考试思想政治,2,1
温州市高一数学期中考,3,1
温州市高一数学期中考数学,1,1
温州市高一数学期末考,1,1
温州市高一数学期末考数学,2,1
温州开学考,3,1
温州新 高一 2025年分班考试,1,1
温州新力量联盟高三上学期,2,1
温州新高一分班考试模拟卷,1,1
温州科学期末四下,2,1
温州第一私立八年级上册第1次月考,7,1
温州第二中学九年级开学考,16,1
温州育英小学,4,1
温州育英小学选拔试题,1,1
温州英语高中,1,1
温州高一开学考模拟卷,4,1
温州高一期末英语,1,1
温州高三,1,1
温州高中开学。,1,1
温州高二期末化学,1,1
温州龙港六年级上册,1,1
温州龙港六年级上册期中试卷,3,1
温度与物态变化,3,1
温故知新8升九物理复习加预习篇,2,1
温数图形,5,1
温江区实验中学小升初分班考,2,1
温老师高中数学铺子,3,1
渭南尧柏,1,1
渭南期中考试卷数学八上,5,1
渭南校联期末测试,1,1
渭南校联期末测试2025—2026学年下学期高一化学试题,3,1
渭南高级中学,3,1
渭城街道六年级上册第5单元,9,1
港大港中学,2,1
港底小学,13,1
港澳,14,1
港澳台,1,1
港澳台全国联考,2,1
港澳台联考数学,9,1
游仙慈济,6,1
游标卡尺 和螺旋测微器读数,1,1
游标卡尺读数,1,1
湖 北 省 2 025年普通高中学业水平合格性考试,4,1
湖中2025分班卷,5,1
湖丽衢三地,3,1
湖丽衢高三二模,1,1
湖北  中外历史纲要下 单元测试,3,1
湖北 0 2024学业水平测试学考,1,1
湖北 高一 中外历史纲要下 单元测试,3,1
湖北 高考2026年真题,3,1
湖北11校联考英语,2,1
湖北11校联考英语2026年12月,1,1
湖北11校联考英语2026年12月高三,1,1
湖北2026中考数学,3,1
湖北2026地理学考,7,1
湖北2026年历史高考,2,1
湖北一年级上学期阶段检测,2,1
湖北七市联考,1,1
湖北七市联考语文,8,1
湖北七年级上学期期末,1,1
湖北七年级上学期期末英语,1,1
湖北三年级上册英语joinin,1,1
湖北专版名师学案堂堂清数学,2,1
湖北专用,2,1
湖北专用九年级卷,2,1
湖北专用九年级英语卷,2,1
湖北中考数学,5,1
湖北中考物理,1,1
湖北中考物理题,2,1
湖北中部,6,1
湖北九年级上学期期末数学,1,1
湖北九年级下学期期末,1,1
湖北九月起点考试,1,1
湖北二年级下学期升学真题,4,1
湖北云学,4,1
湖北云梦县,1,1
湖北五年级上学期阶段检测,5,1
湖北八市高三3月联考,2,1
湖北八年级下学期期末,17,1
湖北八年级下数学期末试卷,2,1
湖北六年级下学期期末,1,1
湖北十一校联考,2,1
湖北十校高二下学期2026年6月核心素养测评英语,1,1
湖北升学模考,1,1
湖北华中师大附中高一下,3,1
湖北华师一附中,5,1
湖北卷,1,1
湖北卷 2024高考真题,3,1
湖北卷化学,1,1
湖北历史,1,1
湖北历史高考真题,1,1
湖北名校联盟,1,1
湖北嘉鱼小升初试卷,2,1
湖北四地七校联考,10,1
湖北四年级下学期期中,1,1
湖北圆创联考高三,6,1
湖北地区高二语文测试卷（麻城一中2025?2026高二上语文周测卷）,4,1
湖北地生中考,3,1
湖北孝感孝高开学分班考试卷,6,1
湖北孝感日语,1,1
湖北学校,1,1
湖北学考,2,1
湖北宜昌,6,1
湖北宜昌五峰,8,1
湖北宜昌五峰县数学,10,1
湖北宜昌新高一分班考模拟卷,28,1
湖北恩施市2024-2025学年七年级下学期期末数学试题,2,1
湖北恩施市2025-2026学年八年级下学期期末数学试题,4,1
湖北恩施市2025-2026学年八年级下学期期末物理试题,3,1
湖北恩施市2025-2026学年八年级下学期期末英语试题,1,1
湖北恩施市2025-2026学年八年级下学期期末道法试题,4,1
湖北恩施市2026年七年级上册,3,1
湖北恩施市2026年七年级上册期中,2,1
湖北恩施市2026年七年级上册期中英语,3,1
湖北恩施市2026年小升初,1,1
湖北恩施市建始县2025-2026学年八年级下学期期中数学试题,3,1
湖北技能高考真题,7,1
湖北政治 2026高考真题,4,1
湖北数学人教版九上数学21章,1,1
湖北数学人教版九上数学一单元,3,1
湖北数学试卷,6,1
湖北新八校2026,3,1
湖北新高一入学分班考试模拟卷（含答案）,7,1
湖北新高一新生入学考试,9,1
湖北期末卷子,5,1
湖北枝江初一上数学第一单元试卷,13,1
湖北枝江初一上语文试卷,8,1
湖北模拟,1,1
湖北模拟高考,1,1
湖北武昌县英语,1,1
湖北武汉,1,1
湖北武汉一模,2,1
湖北武汉三年级上册英语joinin,6,1
湖北武汉化学第一次月考,2,1
湖北武汉学练优三年级上册英语,3,1
湖北武汉学练优三年级上册英语unit1,4,1
湖北武汉学练优三年级上册英语第一单元,1,1
湖北武汉市2026高三第三次三模,2,1
湖北武汉市2026高三第三次三模语文,4,1
湖北武汉市武昌区2026届高三年级四月供题英语试卷,1,1
湖北武汉市重点中学5G联合体,5,1
湖北武汉模,1,1
湖北武汉重点中学5G联合体,6,1
湖北武汉高三五调政治2025,2,1
湖北武汉高三四调,1,1
湖北武穴,7,1
湖北汉川五下语文卷子,2,1
湖北沙市中学,5,1
湖北沙市第七中学,4,1
湖北物理,1,1
湖北物理云学联盟高三试卷,17,1
湖北物理新八校高三试卷,23,1
湖北物理高三试卷,11,1
湖北省 2026 届 T8 第一次联考,1,1
湖北省2021化学高考,1,1
湖北省2022到2023地理高二期末,3,1
湖北省2022到2023，地理,3,1
湖北省2024-2025物理9调试卷,1,1
湖北省2024年化学高考卷,2,1
湖北省2024年春季高二年级期末教学质量监测语文试题,3,1
湖北省2025中考,5,1
湖北省2025年普通高中学业水平合格性考,25,1
湖北省2025物理9调试卷,1,1
湖北省2025高中物理9调试卷,1,1
湖北省2025高考地理试卷,1,1
湖北省2026化学,12,1
湖北省2026届高三上学期元月调考化学,3,1
湖北省2026高中学业水平考试,1,1
湖北省2026高中高一期末,4,1
湖北省2026高考地理试卷,3,1
湖北省2027中考,2,1
湖北省2027初中学业水平考试,2,1
湖北省5G联合体,2,1
湖北省七市州教科研协作体2023?2024学年高二下学期期末考试语文试题,7,1
湖北省七年级上册英语,5,1
湖北省中考试卷,2,1
湖北省中考语文真题卷,7,1
湖北省仙桃中学高一上月考试卷数学10月,1,1
湖北省仙桃中学，高1上月考试卷数学9月,1,1
湖北省仙桃市2025年中考数学卷,1,1
湖北省仙桃市2026年中考数学卷,1,1
湖北省仙桃市高一上月考试卷数学10月,1,1
湖北省十堰市实验中学,1,1
湖北省十堰市实验中学分班考,1,1
湖北省十堰市小升初,1,1
湖北省十堰市高一数学第一单元测试卷,2,1
湖北省华中师大一附中,3,1
湖北省名校联创,5,1
湖北省名校联盟,8,1
湖北省咸宁市2024?2025学年高二下学期期末考试语文试题,3,1
湖北省咸宁市咸安区第五初级中学,2,1
湖北省咸宁市崇阳县2026年春季期末质量检测七年级试题,3,1
湖北省咸宁市赤壁市七年级下数学期末,1,1
湖北省咸宁市赤壁市八上期中,2,1
湖北省咸宁市赤壁市八上期中数学,33,1
湖北省咸宁市赤壁市八上期中物理,35,1
湖北省咸宁市赤壁市必修一人教版数学第一章试卷,28,1
湖北省四年级下册英语,7,1
湖北省孝感市,1,1
湖北省孝感市云梦县,8,1
湖北省孝感市云梦县高一期中,2,1
湖北省孝感高中,1,1
湖北省孝感高中高一,3,1
湖北省孝感高级中学,2,1
湖北省宜昌市五峰县期末考试试卷,6,1
湖北省宜都市第二中学,2,1
湖北省实验数学高一第一章测试,1,1
湖北省崇阳县2026年六年级下学期期末数学,14,1
湖北省技能高考建筑类,1,1
湖北省新八校协作体,3,1
湖北省新八校联考,3,1
湖北省普通高中学业水平合格性考试,2,1
湖北省智学联盟2024–2025学年高一下学期末英语试题,1,1
湖北省智学联盟2025–2026学年高二上学期10月月考语文试题,9,1
湖北省枣阳市第一实验小学小三年,1,1
湖北省武昌实验中学2025~2026学年高一上学期。12月月考英语。,1,1
湖北省武汉中学2024-2025高三八月开学考试英语,2,1
湖北省武汉市 青山区八下期末数学,10,1
湖北省武汉市2024到2025年第一学期武汉市部分学校高一年级期中调研考试物理试卷,7,1
湖北省武汉市2025 2026高一下学期六月期末考试,2,1
湖北省武汉市东湖新技术开发区2025~2026学年九年级上学期期中物理试卷,1,1
湖北省武汉市光谷实验中学20242025学联9年级上学期 10月月考数学测试题,3,1
湖北省武汉市光谷实验中学2024~2025年九年级上学期十月月考数学测试题,5,1
湖北省武汉市江岸区2025～2026  七年级上册英语期末考试,1,1
湖北省武汉市江岸区高一期末考试,5,1
湖北省武汉市第六中学2025级高一年级第一次月考数学试卷,12,1
湖北省武汉市部分学校2022-2023学年高三上学期九月调研试题,1,1
湖北省武汉市部分学校2022-2023学年高三上学期九月调研试题数学,1,1
湖北省武汉市部分学校2023~2024学年高三上学期9月联考,7,1
湖北省武汉市高中毕业生3月调研考试,1,1
湖北省沙市中学,2,1
湖北省沙市中学语文,2,1
湖北省沙市中学，高1上月考试卷数学9月,1,1
湖北省省直辖县级行政单位仙桃市等三地2024到2025年八年级上册期末试卷数学模拟卷,1,1
湖北省联考,1,1
湖北省荆州市地生,1,1
湖北省荆州市沙市中学2027届高三7月22日数学试卷,7,1
湖北省荆州市洪湖,2,1
湖北省荆州市洪湖市,1,1
湖北省荆州市洪湖市一,1,1
湖北省荆门市高一上学期物理期末考试试卷,7,1
湖北省荆门市高一物理期末考试试卷,4,1
湖北省襄阳市七中2024至2025入学数学测试,4,1
湖北省襄阳市中考试卷,4,1
湖北省襄阳市保康县第一中学,3,1
湖北省襄阳市八上数学期末试卷,9,1
湖北省襄阳市八上数学试卷,2,1
湖北省襄阳市华侨城实验中学2024-2025学年上学期八年级入学考试数学试卷,2,1
湖北省计算题四年级,2,1
湖北省起点考试,11,1
湖北省部分名校高三9月,5,1
湖北省部分名校高立9月,1,1
湖北省部分名校高立9闫,1,1
湖北省部分省级示范高中2025至2026学年高二上学期期中英语,2,1
湖北省鄂州市梁子湖区高一期中物理试卷,9,1
湖北省鄂州市高一上册物理期末试卷,14,1
湖北省重点高中新高一入学分班考,4,1
湖北省随州市小升初开学考,2,1
湖北省随州市小升初数学开学考,1,1
湖北省随州市曾都区实中 七年级上册 入学考试,7,1
湖北省随州市曾都区实中 七年级上册 数学期末,5,1
湖北省随州市曾都区实验中学  七年级上册分班考考试,7,1
湖北省随州市曾都区实验中学  七年级上册分班考试,9,1
湖北省随州市高一年级期末,2,1
湖北省高一10月月考卷,5,1
湖北省高一上九月月考,30,1
湖北省高一下数学月考试卷,1,1
湖北省高一下数学月考试卷四中,2,1
湖北省高三,4,1
湖北省高三9调,1,1
湖北省高三9调武汉,1,1
湖北省高中学业合格性考试卷数学,4,1
湖北省高中学业合格性考试地理,3,1
湖北省黄冈八年级,1,1
湖北省黄冈市,1,1
湖北省黄石市黄石港区八年级数学期末考试,8,1
湖北英语,1,1
湖北英语七下,1,1
湖北英语高一下,1,1
湖北荆州九月起点考试,2,1
湖北荆州化学第一次月考,3,1
湖北荆门钟祥2026年八年级下数学期末考试卷,4,1
湖北蕲春小升初数学试卷,1,1
湖北蕲春数学试卷,1,1
湖北襄阳四中2026高二9月月考,2,1
湖北襄阳市2025-2026学年下学期期末质量检测高二地理题,1,1
湖北襄阳市襄州区2025至2026学年度入年级下学期末数学试卷,1,1
湖北襄阳市部分学校2025到2026学年高一下学期7月期末测试数学试题。,2,1
湖北襄阳高一,4,1
湖北通城8年级期末考试,1,1
湖北部分省级示范高中,7,1
湖北随州市2025 2026学年高二下学期期末考试,2,1
湖北高一上学期期中,1,1
湖北高三,1,1
湖北高三上数学,16,1
湖北高三试卷,12,1
湖北高三黄冈九月调研,1,1
湖北高三黄冈九调,1,1
湖北高中化学试卷,8,1
湖北高二上学期9月月考数学,4,1
湖北高二上期末,1,1
湖北高二上期末数学,7,1
湖北高考真题英语,12,1
湖北高考真题英语卷,6,1
湖北高考题,6,1
湖北黄冈2025-2026学年下学期高二年级期末考试英语试题,4,1
湖北黄冈中学2026高三下学期5月考前学情自测政治,1,1
湖北黄石新高一新生入学考试,2,1
湖南 0 2025中考题,1,1
湖南 026届 高三,1,1
湖南 026届 高考,1,1
湖南2023高考卷,1,1
湖南2023高考卷历史,1,1
湖南2024中考数学,1,1
湖南2025中考数学,2,1
湖南2025中考数学。,1,1
湖南2026中考数学,2,1
湖南2026中考试卷,2,1
湖南2026初中学业水平考试模拟试卷,3,1
湖南2026天壹数学期末卷,5,1
湖南2026年七月天壹数学期末卷,7,1
湖南一年级上学期阶段检测,1,1
湖南一轮,7,1
湖南三年级上学期阶段检测,1,1
湖南中考,5,1
湖南中考一模卷,19,1
湖南中考真题,1,1
湖南中考试卷,21,1
湖南中考语文2026,6,1
湖南中职,1,1
湖南中职对入学分班,4,1
湖南中职对口入学预科,1,1
湖南九校联盟,28,1
湖南九校联盟联考,2,1
湖南九校联考,3,1
湖南五年级上学期期中,5,1
湖南五年级下学期期末,7,1
湖南八年级下期末考试,21,1
湖南分班考 高一,1,1
湖南勇永州市道县小升初 分班测试数英语,1,1
湖南化学高考真题2024,6,1
湖南化学高考真题2026,1,1
湖南单招,3,1
湖南单招，职业技能,1,1
湖南历史类高考真题,1,1
湖南名校联合体,2,1
湖南名校联盟2027,3,1
湖南地理,1,1
湖南地理高一,2,1
湖南地理高一永州,5,1
湖南地理高考卷,3,1
湖南基础满分,1,1
湖南多所学校,2,1
湖南多校联考,1,1
湖南多校联考物理,3,1
湖南多校联考物理高二,1,1
湖南天壹高三联考,1,1
湖南天壹高二,3,1
湖南娄底,6,1
湖南娄底第三中学,21,1
湖南娄底高一下册化学期末卷,3,1
湖南学考 20 2 6 年 高一学业水平考试真题,2,1
湖南学考英语试卷2025,1,1
湖南学考英语试卷2026,1,1
湖南宁乡一中物理期末试卷,1,1
湖南小考,8,1
湖南岳阳一中七上英语综合试卷,1,1
湖南岳阳七上英语综合试卷,18,1
湖南岳阳七下生物,33,1
湖南岳阳市一中,1,1
湖南岳阳楼七上英语综合试卷,7,1
湖南岳阳语文七下,8,1
湖南岳阳高一上册英语试卷,3,1
湖南师大教育集团七年级上册期中试卷,5,1
湖南师大附中 2 0 26届高三 月考卷 三,1,1
湖南师大附中 2025 高一入学分班考试,5,1
湖南师大附中 九年级 自主招生? ?师大附中 理实班选拔,1,1
湖南师大附中026高一,1,1
湖南师大附中2026年高一下学期期末,11,1
湖南师大附中2026年高一期末,15,1
湖南师大附中2026高二下学期期末考试,2,1
湖南师大附中2026高二下学期期末考语文试,2,1
湖南师大附中数学高二,1,1
湖南师大附中数学高二期末试卷,1,1
湖南师大附中附属中学,2,1
湖南师大附中高一英语,2,1
湖南师大附中高二,9,1
湖南师大附中高二上,3,1
湖南师大附中高二暑假作业检测,4,1
湖南师范大学附中高一年级阶段检测语文,3,1
湖南师范大学附属中学12月,8,1
湖南师范大学附属中学2025-2026学年高三全学期月考模拟试题,2,1
湖南师范大学附属中学2025至2026学年下学期6月阶段检测英语,1,1
湖南师范大学附属中学理实班,2,1
湖南师范大学附属中学高一,2,1
湖南师范大学附属中学高一下学期期末高考物理试卷,1,1
湖南师范大学附属中学高一入学分班考,2,1
湖南师范大学附属中学高一年级阶段检测语文,1,1
湖南师范大学附属中学高三英语,9,1
湖南师范大学附属中学高二上12月月考数学,4,1
湖南师范大学附属中学高二期末考试,2,1
湖南师范大学附属中学高二期末考试化学,2,1
湖南常德高一期中,1,1
湖南开学,8,1
湖南开学长沙市一中,4,1
湖南拓展学程英语单词,3,1
湖南政治,1,1
湖南政治中考,4,1
湖南数学几何,1,1
湖南数学基础满分,1,1
湖南数学基础满分综合卷,1,1
湖南新高考教学教研联盟,2,1
湖南新高考教学教研联盟 长郡二十校联盟 2026届高三12月联考英语,1,1
湖南新高考教学教研联盟 长郡二十校联盟 2026届高三13月联考数学,1,1
湖南新高考教学教研联盟（长郡二十校联盟）2026届高三12月联考英语,2,1
湖南明德天心初二第一次月考,1,1
湖南板块,3,1
湖南永州市2025~2026 学年六年级数学小升初模拟卷,5,1
湖南永州零陵一中,1,1
湖南湘潭2026高三,6,1
湖南湘潭高中,1,1
湖南湘西自治州2025-2026学年下学期高一期末考试 化学试卷,1,1
湖南湘西自治州202期末考试 语文试卷,5,1
湖南炎德英才,4,1
湖南物理,8,1
湖南物理长沙长郡中学,6,1
湖南物理高考试卷,1,1
湖南益阳,2,1
湖南省2023年地理真题,2,1
湖南省2024年地理真题,2,1
湖南省2024年普通高中学业水平选择性考试地理,2,1
湖南省20252026湖南师大附中高一上学期期末考试,1,1
湖南省2026 普通高中学业水平选择性考试生物,1,1
湖南省2026年7月高二期末考试,3,1
湖南省2026年中考语文试题,8,1
湖南省2026年普通高中学业水平考试历史,3,1
湖南省2026年普通高中学业水平选择性考试化学,8,1
湖南省2026年普通高中学业水平选择性考试化学。,6,1
湖南省2026年雅礼化学期末考试试卷,3,1
湖南省2026年雅礼化学期末考试试卷九年级上册,2,1
湖南省2026湖南师大附中高一上学期期末考试,2,1
湖南省2026高考试卷,1,1
湖南省三月名校联盟,3,1
湖南省中考真题卷,1,1
湖南省中考真题卷语文,5,1
湖南省中考真题卷语文试题卷,1,1
湖南省十三市州七年级下册,1,1
湖南省合格性考试试题,1,1
湖南省地质中学入学分班考试试卷高一,2,1
湖南省天壹10月,3,1
湖南省天壹名校联盟,1,1
湖南省天壹名校联盟高二,4,1
湖南省天壹名校联盟高二上学期,41,1
湖南省天壹名校联盟高二上学期10月,8,1
湖南省天壹大联考,9,1
湖南省天壹第一次月考,7,1
湖南省天壹联盟高二,3,1
湖南省天壹高二,1,1
湖南省天壹高二上学期第一次月考,12,1
湖南省对口升学,6,1
湖南省岳阳市2025-2026期中,5,1
湖南省岳阳市2025-2026期中质量检测,18,1
湖南省岳阳市化学卷,3,1
湖南省岳阳市岳阳县2025-2026期末质量检测,4,1
湖南省岳阳市岳阳楼区2025-2026期末质量检测,100,1
湖南省岳阳市岳阳楼区高一下学期期末教学质量监测化学试卷,5,1
湖南省岳阳市岳阳楼区高一下学期期末教学质量监测数学试卷,4,1
湖南省岳阳市平江县2025-2026八年级下册期末试卷,1,1
湖南省岳阳市平江县八年级上册期末试卷,1,1
湖南省岳阳市平江县长寿镇八年级上册期末试卷,1,1
湖南省岳阳市平江县长寿镇八年级上册物理期末试卷,2,1
湖南省师范大学附属中学,2,1
湖南省常德市第一中学 2019 第一次学业水平检测 物理,6,1
湖南省平江县长寿镇八年级上册物理期末试卷,2,1
湖南省怀化市第三中学入学考试试卷,1,1
湖南省新高考教学教研联盟2026届高三上学期12月联考英语听力音频,9,1
湖南省月考,2,1
湖南省株洲市,3,1
湖南省株洲市攸县7年级下册期末,5,1
湖南省株洲市生物毕业会考,4,1
湖南省桃江县第一中学,1,1
湖南省桃江县第一中学自主招生,1,1
湖南省永州市2026年三年级下册数学期末考试试卷,1,1
湖南省永州市四中,2,1
湖南省永州市新田县,6,1
湖南省永州市第四中学,1,1
湖南省永州市第四中学入学考,6,1
湖南省浏阳市一中分班考试,1,1
湖南省浏阳市一中初升高考试,1,1
湖南省浏阳市第一中学2025入学考试,2,1
湖南省浏阳市第一中学2025高一上入学考试,1,1
湖南省浏阳市第一中学入学考试,1,1
湖南省浏阳市第一中学初升高考试,2,1
湖南省浏阳市第二中学2018-2019学年高一雅礼班选拔考试试题,5,1
湖南省浏阳市高一下物理,2,1
湖南省浏阳市高一下物理2024,2,1
湖南省炎德英才高一升高二，衔接试卷，数学,5,1
湖南省生地会考,1,1
湖南省统考试卷,2,1
湖南省耒阳市二中高一开学考试卷,1,1
湖南省职教高考 2025,2,1
湖南省自主招生数学,30,1
湖南省衡阳市初升高,1,1
湖南省衡阳市第一中学新高一入学,1,1
湖南省衡阳市第一中学新高一入学学情调查,5,1
湖南省衡阳市第八中学高一下学期期末考试,2,1
湖南省衡阳市第八中学高一月考,6,1
湖南省衡阳市衡山县,2,1
湖南省衡阳市高一上学期开学考,7,1
湖南省衡阳市高一分班考,2,1
湖南省衡阳市高一开学考,2,1
湖南省邵阳市新宁县一中初的创新选拔考试试卷,10,1
湖南省邵阳市隆回县七年级下册期中2026年数学,1,1
湖南省邵阳市隆回县七年级下册期末2026年数学,8,1
湖南省邵阳市隆回县八年级2026年,3,1
湖南省邵阳市隆回县八年级上册期中2025年数字,1,1
湖南省邵阳市隆回县八年级上册期中2025年数学,10,1
湖南省邵阳市隆回县高一上学期物理期末考试,3,1
湖南省郴州市,15,1
湖南省郴州市2023年七年级上册数学期末,4,1
湖南省郴州市2026年质量监测卷,11,1
湖南省郴州市2026年高一下学期期末数学,6,1
湖南省郴州市2026高一下学期语文期末卷,3,1
湖南省郴州市2026高一语文期末卷,1,1
湖南省郴州市一模试卷,2,1
湖南省郴州市八年级上册物理期中考试卷,6,1
湖南省郴州市八年级上册英语期中试卷,3,1
湖南省郴州市统考,5,1
湖南省郴州市统考七年级下册政治,2,1
湖南省郴州市统考七年级下册数学,9,1
湖南省郴州市统考七年级下册美术,7,1
湖南省郴州市统考七年级下册英语,8,1
湖南省醴陵市第一中学,1,1
湖南省醴陵市第三中学,1,1
湖南省醴陵市第二中学,1,1
湖南省醴陵市第五中学,1,1
湖南省醴陵市第八中学,1,1
湖南省醴陵市第四中学,13,1
湖南省金太阳高一下学期,1,1
湖南省长沙市2021-2022学年湖南师大附中梅溪湖中学九上入学物理,3,1
湖南省长沙市20252026湖南师大附中高一上学期期末考试,1,1
湖南省长沙市2026届高三一模,1,1
湖南省长沙市2026年三年级下册数学期末考试试卷,2,1
湖南省长沙市2026年高三一模,4,1
湖南省长沙市一中分班考,2,1
湖南省长沙市东雅中学2025-2026学年九年级上学期入学考试语文试题,4,1
湖南省长沙市区高一上学期第一次月考,9,1
湖南省长沙市周南中学高一入学测试竞赛,8,1
湖南省长沙市周南中学高一入学测试竞赛试卷,1,1
湖南省长沙市周南中学高一数学竞赛试卷,1,1
湖南省长沙市天心区长郡中学2024-2025学年高一下学期期末英语试题,2,1
湖南省长沙市师大附中高一入学分班考,4,1
湖南省长沙市师大附中高一期末考试,1,1
湖南省长沙市师大附中高一期末考试化学,2,1
湖南省长沙市望城区一中2024-2025开学考试卷,1,1
湖南省长沙市望城区第一中中学2024-2025开学考试卷,1,1
湖南省长沙市浏阳一中分班考试,5,1
湖南省长沙市浏阳市多校联考2025-2026年下学期七月期末试卷,2,1
湖南省长沙市浏阳市多校联考2025年-2026年7月份七年级下学期期末试卷,6,1
湖南省长沙市浏阳市多校联考2025年-2026年下学期期末质量监测七年级试卷,6,1
湖南省长沙市湖南师大附中高二上,1,1
湖南省长沙市湖南师范大学附属中学2025届高三下学期模拟考试（二）地理试卷,1,1
湖南省长沙市第一中学2025~2026学年高二下学期期末考试试卷,3,1
湖南省长沙市第一中学2025?2026学年高一下学期期末考试英语试卷,1,1
湖南省长沙市长沙县2025年中考,1,1
湖南省长沙市长郡中学入学考试,1,1
湖南省长沙市长郡中学入学考试高一,1,1
湖南省长沙市长郡中学入学考试高一分班考,2,1
湖南省长沙市长郡中学高一期末考试物理,1,1
湖南省长沙市长郡班马湖入学考试语文,1,1
湖南省长沙市长郡班马湖高一开学考试分班考,1,1
湖南省长沙市长郡自贸临空高级中学分班考,3,1
湖南省长沙市雅礼中学2026年上学期期中考试试卷,8,1
湖南省长沙市高一下学期历史期末卷,16,1
湖南省长沙市高一下学期政治期末卷,9,1
湖南省长沙市高一下学期数学期末卷,12,1
湖南省长沙市高一开期末卷2026,2,1
湖南省长沙市高三年级模拟考试,9,1
湖南省长沙市高三模拟考试,6,1
湖南省高一开期末卷2026,2,1
湖南省高三入学考试试题,1,1
湖南省高三数学,1,1
湖南省高中英语教材译林版第三册单词默写版第四单元,3,1
湖南省高二期未,19,1
湖南省高考地理,1,1
湖南省高考语文,1,1
湖南衡阳,1,1
湖南衡阳中考,1,1
湖南衡阳市 揭阳市第二中学高二下学期5月期中日语试题,1,1
湖南衡阳市一中高一期末数学卷,30,1
湖南衡阳船山,2,1
湖南衡阳英语历年中考真题,2,1
湖南衡阳英语历年真题,1,1
湖南邵阳五年级上学期数学苏教版期末,6,1
湖南邵阳天一联考四月,1,1
湖南邵阳天一联考四月2026年4月24号,5,1
湖南邵阳隆回,3,1
湖南邵阳隆回高一,2,1
湖南郴州八年级,2,1
湖南郴州市,1,1
湖南长庆一中高三开学考试,1,1
湖南长沙2026,2,1
湖南长沙2026高三年级模拟考试,4,1
湖南长沙市2025-2026学年八年级下学期期末考试数学试卷,3,1
湖南长沙市雅礼中学2025?2026学年高一下学期7月期末英语试题,3,1
湖南长沙市雅礼中学2025—2026学年高二下学期7月期末物理试题,8,1
湖南长沙师大附中,1,1
湖南长沙师大附中高一英语,2,1
湖南长沙开学考,17,1
湖南长沙浏阳高一上学期语文期中试卷,4,1
湖南长沙第一中学,2,1
湖南长沙长郡中学,9,1
湖南长郡,1,1
湖南长郡20校联考,2,1
湖南长郡一中高三开学考试数学,4,1
湖南长郡二十校,7,1
湖南长郡双语,1,1
湖南隆回苏河中学,1,1
湖南雅礼,19,1
湖南雅礼高一下册化学期末卷,1,1
湖南青竹湖湘一数学期末,1,1
湖南青竹湖湘一数学期末七上,1,1
湖南高一上册开学考试试卷,5,1
湖南高一上册英语考试试卷,2,1
湖南高一上洞口三中,2,1
湖南高一学考历史试卷,1,1
湖南高一试卷,3,1
湖南高三,5,1
湖南高三物理,14,1
湖南高三联考,2,1
湖南高中分班考,6,1
湖南高二上学期开学摸底卷,20,1
湖南高二上数学,3,1
湖南高考物理,1,1
湖南高考真题,6,1
湖州 衢州 丽水2026年4月三地市高三,2,1
湖州丽水衢州2026生物,4,1
湖州五中,4,1
湖州初中三创试卷,1,1
湖州吴兴区小升初分班考,2,1
湖州市2025 2026学年第二学期期末高二,1,1
湖州市2025学年第一学期期末调研测试卷地理,4,1
湖州市仁皇山五中,1,1
湖州市吴兴区分班考卷,4,1
湖州市吴兴区初一分班考卷,1,1
湖州市，丽水市，衢州市,3,1
湖州师范大学,1,1
湖州衡州,7,1
湖州高一开学分班考试卷,7,1
湖州高三一模,2,1
湖心亭看雪题,5,1
湖本省荆州市,1,1
湖本省荆州市高一,1,1
湖泊,8,1
湖湘名校联考,4,1
湖湘教育三新探索协作体,1,1
湖滨中学,1,1
湖滨高级中学,2,1
湖衢丽高三,1,1
湖衢丽高三4月,3,1
湘东九校联,6,1
湘东九校联考,1,1
湘东高一期末,3,1
湘乡市第一中学,3,1
湘少版英语四上2026新,5,1
湘岳假期暑假作业,2,1
湘教地理八年级上册知识点,6,1
湘教版,6,1
湘教版(2019)选择性必修第一册 教材习题解析,1,1
湘教版八上地理课本,3,1
湘教版地理,1,1
湘教版地理必修二,1,1
湘教版地理必修二课件,2,1
湘教版必修一数学,2,1
湘潭 英语,2,1
湘潭 英语 四年级上,4,1
湘潭中职英语书,1,1
湘潭中职英语课程,1,1
湘潭县江声中学,1,1
湘潭高新区长裙小升初入学分班考试,1,1
湘西州2024九年级物知识竞赛试题,6,1
湘西州民族中学,4,1
湘豫名校,1,1
湘豫联考,1,1
湘豫联考2025年9月,3,1
湘钢二中,3,1
湘阴县第一中学物理,1,1
湘阴县第一中学物理高一,2,1
湛一中,1,1
湛江2025 2026期末考试试卷,4,1
湛江一中培才学校,1,1
湛江一中高一2025期末试卷,1,1
湛江一中高一上数学期中,1,1
湛江一中高一数学期中,1,1
湛江二中,3,1
湛江五年级下册数学期末卷,1,1
湛江四年级下册数学期末卷,6,1
湛江培才学校七年级下册 生物期末试卷,4,1
湛江市,1,1
湛江市2024 2025学年第二学期期末调研考试,3,1
湛江市2025 2026学年度第二学期期末调研测试高二,4,1
湛江市2026 2027学年第二学期期末调研考试,4,1
湛江市2026普通高考测试1,1,1
湛江市一中培才学校,3,1
湛江市博雅学校,4,1
湛江市寸金培泽学校,1,1
湛江市广东省海宁学校分班考试卷真题,1,1
湛江市广东省海宁学校分班考试卷真题小升初,7,1
湛江期末高一数学,5,1
湛江湛江麻章区,6,1
湛江湛江麻章区数学,13,1
湛江自主招生,2,1
湛江高一数学,9,1
湛江高一期末数学,2,1
湛江高二历史,4,1
湛江高二地理,9,1
湛江高二政治,3,1
湛江高二数学,4,1
湛江高二日语,4,1
湛江高二期末数学,2,1
湟中一中,3,1
湟中区第一中学,3,1
源课堂,2,1
溧阳九上化学月考卷,2,1
溧阳九上数学月考卷,1,1
溧阳燕山中学九上化学月考卷,1,1
溧阳燕山中学九上数学月考卷,1,1
溱州中学,1,1
溶液,11,1
溶液pH计算,19,1
溶液离子平衡,3,1
溶解度,3,1
溶解度及其应用,4,1
滁州七年级下册英语试卷,5,1
滁州九校,1,1
滁州五中,1,1
滁州八上全等三角形,9,1
滁州八下数学全等试卷专练,2,1
滁州八年级全等三角形,7,1
滁州八年级全等三角形试,4,1
滁州市,1,1
滁州市小学期末试卷,2,1
滁州市第二中学,2,1
滁州市高二期末考试,8,1
滁州市高二期末考试物理,2,1
滁州期末,1,1
滁州高三二模,4,1
滑,1,1
滑动变阻器,1,1
滑动变阻器0,1,1
滑动变阻器电路题,5,1
滑动摩擦力基础计算,3,1
滑县,4,1
滑县8年级下册期末英语试卷,8,1
滑县一中,2,1
滑县八年级上册英语期末试卷,5,1
滑县高平镇2025 2026八年级数学上册期中,1,1
滑县高平镇2025 2026八年级数学上册期末,3,1
滑块,3,1
滑板,1,1
滑板滑块,4,1
滑板问题,3,1
滑轮,3,1
滑轮组,3,1
滕东,2,1
滕东中学,8,1
滕东中学 月考,2,1
滕南中学,2,1
滕州2026年高二下学期英语期末考试,1,1
滕州一中高一第1次月考,3,1
滕州北辛中学,7,1
滕州善国中学,2,1
滕州尚贤小升初试卷,2,1
滕州市,11,1
滕州市七年级下册期末语文试卷,1,1
滕州市二中新校,1,1
滕州市八年级上册期中英语试卷,6,1
滕州市八年级上册期中语文试卷,1,1
滕州市滕南中学荆河街道,2,1
滕州市第一中学,3,1
滕州滕南小升初试卷,1,1
滕州育才小升初试卷,1,1
滕州高一下学期期末考试答案,17,1
滕王阁序,2,1
滕王阁序 2原文 注音版 及翻译,5,1
满分之路,2,1
满分之路遗传,3,1
满分作文 2026范文集锦,4,1
满分作文高中,1,1
满分思维2027语文,1,1
满分思维语文,1,1
滦州市下学期六年级小升初试卷 2023年,12,1
滦州物理期中,4,1
滨城区北镇中学高一月考物理,3,1
滨城区第六中学,2,1
滨城联盟2025高一上月考,1,1
滨城高中联盟2025 2026学年度,1,1
滨城高中联盟2025 2026学年度上学期高一期中考试,1,1
滨州2025-2026高一下英语,1,1
滨州2026期末考试物理,4,1
滨州2026高二期末地理,1,1
滨州2026高二期末数学,1,1
滨州2026高二期末英语,2,1
滨州2026高二期末语文,1,1
滨州一摸英语,6,1
滨州一模,1,1
滨州六中,4,1
滨州北海中学七年级下册数学期末测试卷,4,1
滨州北海中学七年级数学下册测试题,2,1
滨州北镇,7,1
滨州市2026高一期末化学,4,1
滨州市2026高三一模拟化学,2,1
滨州市博兴县2025—2026学年高一下学期学业合格考试生物试卷,1,1
滨州市博兴县2025—2026学年高一下学期期末考试化学试题,5,1
滨州市滨城区2025-2026学年度第一学期期中质量检测八年级数学试题,3,1
滨州市英语期末,5,1
滨州市高一上学期期中无棣,2,1
滨州市高一期末2026,5,1
滨州市高一期末日语2026,1,1
滨州期末,10,1
滨海新区,1,1
滨海新区24-25八上数学期末,6,1
滨海新区八年级上物理,5,1
滨海新区八年级上语文期末,1,1
滨海新区期中,1,1
滨海新区高一上学期,3,1
滨海新区高一期末,3,1
滨海新区高一期末语文,3,1
滨海新区高一第一学期,2,1
滨海新区高二下期末数学,1,1
滨湖中学2025年七年级下册模拟题,1,1
滩上,2,1
滴定实验,5,1
滴水教育,1,1
漫画 作文2025高考审题立意,1,1
漫画类作文,7,1
漯河三中,5,1
漯河市2026年地生会考,4,1
漯河市实验中学,5,1
漯河高中,5,1
漳州 三中,5,1
漳州2024-2025学年下学期期末高中教学质量检测,12,1
漳州2026高一下期末,2,1
漳州一中2026届高三适应性练习卷,1,1
漳州一检,1,1
漳州一质检,2,1
漳州二检,7,1
漳州化学期末统考考,10,1
漳州化学期末考,7,1
漳州化学期末考统考,3,1
漳州小升初,1,1
漳州市2025-2026高一下期末考生物试题,1,1
漳州市2025-2026高一期末考,1,1
漳州市2025-2026高一期末考生物试题,3,1
漳州市2025届高三教学质量检测,4,1
漳州市2025届高三毕业班第四次教学质量检测,4,1
漳州市2026,2,1
漳州市2026届高三教学质量检测,3,1
漳州市九年级上册历史期中,7,1
漳州市第一中学,1,1
漳州市统考高二上数学,4,1
漳州市高三一质检化学,3,1
漳州市高三一质检化学2025届,6,1
漳州市高三一质检化学2026届,2,1
漳州市高三一质检物理,1,1
漳州市高二期末考数学,3,1
漳州市龙海区九年级上册数学期中,1,1
漳州市龙海区九年级物理上册期中,8,1
漳州数学,1,1
漳州数学高一,1,1
漳州期末市化学,2,1
漳州期末考化学,11,1
漳州第一中学高三英语,2,1
漳州芗城,4,1
漳州高一英语上,2,1
漳州高三市统考,1,1
漳州高三毕业班第一次质量检测,3,1
漳州高三毕业班第一次质量检测物理,4,1
漳州高三毕业班质量检测,2,1
漳州高三质检9月考,1,1
漳州高三质检第一中学,1,1
漳平一中高三开学考,9,1
漳浦八上数学第四单元测试卷,1,1
漳浦北师大版八年级数学上册第三章位置与坐标单元练习,1,1
潍坊 0 202 5高一下学期期末,4,1
潍坊2026届高三开学调研,1,1
潍坊2026届高三开学调研英语,7,1
潍坊一模生物2026,4,1
潍坊一模英语,3,1
潍坊七下英语期末,5,1
潍坊七年级下册数学,3,1
潍坊七年级下册期末数学,5,1
潍坊三模,2,1
潍坊九年级上册数学期中,4,1
潍坊二模英语,4,1
潍坊六年级上册语文卷,5,1
潍坊历史,2,1
潍坊国开中学,2,1
潍坊安丘,1,1
潍坊市2023年九年级英语学业水平考试,1,1
潍坊市2026年高一期末考试,1,1
潍坊市中考英语卷,3,1
潍坊市化学,2,1
潍坊市坊子区2024-2025七下历史期末,1,1
潍坊市坊子区七下数学期末,3,1
潍坊市高一上期中考试数学,3,1
潍坊市高三上开学考物理,1,1
潍坊市高三开学考,1,1
潍坊市高三开学考2025,1,1
潍坊市高三开学考2025物理,1,1
潍坊市高三开学考物理,1,1
潍坊市高三期中数学,4,1
潍坊市高二上学期期中物理,2,1
潍坊市高二上学期期末物理,1,1
潍坊开学考2025,3,1
潍坊政治,1,1
潍坊政治一模,4,1
潍坊昌邑七年级上学期期中,5,1
潍坊昌邑七年级期中,6,1
潍坊期末英语,1,1
潍坊英语期末高二,6,1
潍坊高1上学期,10,1
潍坊高1下学期,2,1
潍坊高一化学,1,1
潍坊高一数学,5,1
潍坊高一数学2025-2026下学期期末试卷,1,1
潍坊高三开学考,2,1
潍坊高三开学考一模,1,1
潍坊高二上学期,5,1
潍坊高二下学期期末考试,1,1
潍坊高二下学期期末考试化学,3,1
潍坊高二下学期期末考试数学,6,1
潍坊高二期末,1,1
潍坊高二期末数学,5,1
潍坊高二期末英语,1,1
潍坊高新区,2,1
潍坊高新区山东,2,1
潜山市,4,1
潜山市期中,9,1
潜江市,9,1
潜江月考,4,1
潞河分班考,2,1
潢川一中,2,1
潮南区2025 2026学年度第一学期期末普通高中教学质检高一语文试题,1,1
潮南期末八年级,3,1
潮安区七年级下册期末2025 2026,1,1
潮实高级中学,2,1
潮州市2025至2026学年度第二学期期末七年级教学质量检测卷,1,1
潮州市2025至2026学年度第二学期期末高二级教学质量检测卷,1,1
潮州市湘桥区历史试卷八年级下册2026,2,1
潮州市湘桥区数学试卷八年级下册2026,1,1
潮州市湘桥区物理试卷八年级下册2026,2,1
潮州市湘桥区统考英语试卷八年级下册,3,1
潮州市湘桥区语文试卷八年级下册2026,2,1
潮州市湘桥区道法试卷八年级下册2026,2,1
潮州市金山中学高一期末卷,10,1
潮州市高一上学期期末英语,3,1
潮州市高一期末英语,1,1
潮州市高级中学高一期末卷,5,1
潮州金山中学,2,1
潮师,1,1
潮阳,3,1
潮阳一中,2,1
潮阳区2024-2025学年度第一学期高二级教学质量监测试卷,3,1
潮阳区期末,7,1
潮阳图南学校,2,1
潮阳实验,2,1
潮阳实验学校高一下学期中试卷,1,1
潮阳实验学校高一下学期末试卷,2,1
潮阳金培学校,3,1
澄海 八下物理,4,1
澄海一模初中,4,1
澄海中学,1,1
澄海初三开学考,1,1
澄海区,5,1
澄海区2025 2026七上期末,2,1
澄海区2026年八年级,2,1
澄海区2026年八年级生物,3,1
澄海区高一期末,9,1
澄海期末八年级,49,1
澄海期末八年级下,10,1
澄海期末八年级下专项题地理,4,1
澄海汕头期末八年级,3,1
澄海汕头期末八年级下,48,1
澄海汕头期末八年级下广东珠海区,2,1
澧县,5,1
澧县二中,2,1
澧县八年级数学,13,1
澧县数学,5,1
濉溪中学,8,1
濉溪县口子实验高二,2,1
濉溪县物理夯基卷,5,1
濮阳2025-2026八上期中英语,3,1
濮阳2025-2026八上期末英语,1,1
濮阳人教版7年级上册数学期末试卷,5,1
濮阳八年级上册期末英语,1,1
濮阳市二模卷,3,1
濮阳市油田第一中学,2,1
濮阳市第一高级中学高一上学期数学,3,1
濮阳市第一高级中学高一上学期数学集合体型,2,1
濯田中学,14,1
灌云县实验中学,1,1
灌南2025年高二上学期物理期中考试,4,1
灌南实验中学,5,1
灞桥区七年级入学摸底,1,1
火箭班,4,1
灯塔市第一高级中学,3,1
灵宝初一新生分班考试卷,1,1
灵宝市2025-2026学年八上年级期末答题卡,5,1
灵宝市2025-2026学年八上年级期末试题,1,1
灵宝市市2023 2024学年年级期中试题,6,1
灵宝市市2025  2026学年年级期中试题,7,1
灵山中学,1,1
灵川中学,5,1
灵石,1,1
灵石一中,1,1
炎徳英才大联考2026届高三,10,1
炎德英才2026高二下学期期末考试,3,1
炎德英才大联考 2026年7月 高二期末 X卷 数学 英语,2,1
炎德英才大联考长沙市一中2025届高三第四次月考英语,1,1
炎德英才大联考雅礼中学2025届高三模拟卷（二）英语,2,1
炎德英才高一,3,1
炎德英才高一上期物理卷子,2,1
炎德英才高一升高二数学,1,1
炎德英才高一升高二，衔接试卷，2025数学,1,1
炎德英才高一升高二，衔接试卷，数学,6,1
炎德英才高二开学摸底考,2,1
炎德英才高二期末试卷,3,1
炳辉中学2025-2026学年高一上学期秋季学情检测,9,1
炳辉中学2025~2026年高一上学期秋季学情检测数学,1,1
点中点8年级上册英语第3单元试卷。,1,1
点拔训练,1,1
点电荷,1,1
点电荷电场中带电粒子的轨,13,1
点电荷电场中带电粒子的轨迹,9,1
点电荷电场中带电粒子的轨迹免费,6,1
点石成金,6,1
点石成金系列,1,1
点石联盟,11,1
点石联考3月,7,1
点石联考9月,5,1
点石联考高一12月份,1,1
点石联考高一下期末,1,1
点石联考高一下期末数学,1,1
点石联考高二下期末试卷,1,1
点线面,10,1
点读,1,1
点金训练,4,1
烂题汇编,1,1
烈面,3,1
烈面中学,4,1
烟台 0 2026高一期末,1,1
烟台 023 2026高三 一模,1,1
烟台 2026高三 一模,1,1
烟台 二模 2026,2,1
烟台 八下化学 2026期末模拟,9,1
烟台2025,1,1
烟台2025期中,1,1
烟台2028,1,1
烟台一中,1,1
烟台一中高一上学期期中数学,1,1
烟台一中高一上月考物理,2,1
烟台一模英语,3,1
烟台七上月考,1,1
烟台二模,1,1
烟台二模 2026,3,1
烟台六年级,10,1
烟台六年级月考,2,1
烟台历史,1,1
烟台市,10,1
烟台市2026高三一模拟化学,3,1
烟台市九年级上册数学期中,17,1
烟台市二零二五到二零二六学年度第二学期期末自主练习英语试题,7,1
烟台市福山区2024年至2025年六下期中英文,20,1
烟台市芝罘区,1,1
烟台市芝罘区九年级数学期末卷上学期2025-2026,3,1
烟台市芝罘区九年级数学期末卷下学期2025-2026,9,1
烟台市芝罘区九年级物理期中卷上学期2023-2024,1,1
烟台市芝罘区九年级物理期中卷上学期2024-2025,6,1
烟台市芝罘区九年级物理期中卷上学期2025-2026,6,1
烟台市芝罘区九年级物理期末卷上学期2022-2023,11,1
烟台市芝罘区九年级物理期末卷上学期2023-2024,3,1
烟台市芝罘区九年级物理期末卷上学期2024-2025,4,1
烟台市芝罘区九年级物理期末卷上学期2025-2026,2,1
烟台市芝罘区八年级下册化学期末卷2024-2025,1,1
烟台市芝罘区八年级下册语文期中卷2024-2025,1,1
烟台市芝罘区八年级下册语文期末卷2024-2025,2,1
烟台市芝罘区八年级化学卷下学期2021-2022,1,1
烟台市芝罘区八年级化学卷下学期2024-2025,1,1
烟台市芝罘区八年级化学期中卷下学期2019-2020,4,1
烟台市芝罘区八年级化学期中卷下学期2020-2021,5,1
烟台市芝罘区八年级化学期末卷下学期2020-2021,2,1
烟台市芝罘区八年级化学期末卷下学期2021-2022,5,1
烟台市芝罘区八年级语文期中卷下学期2023-2024,3,1
烟台市芝罘区八年级语文期末卷下学期2023-2024,8,1
烟台市芝罘区八年级语文期末卷下学期2024-2025,1,1
烟台市芝罘区八年级语文期末卷下学期2025-2026,2,1
烟台市高一物理期中考试,2,1
烟台市高中试题,6,1
烟台开发区七年级上册期中考试数学,8,1
烟台期末高一下学期数学,1,1
烟台福山区高一物理期中考真题卷,4,1
烟台芝罘区7年级下册数学期末,2,1
烟台芝罘区七上英语期中,1,1
烟台芝罘区七上语文,7,1
烟台芝罘区九下数学,2,1
烟台芝罘区九年级上册期中物理2022-2023,1,1
烟台芝罘区九年级上册期中物理2023-2024,7,1
烟台芝罘区九年级上册期末物理2024-2025,5,1
烟台莱州市2026年五年级下学期期末考试语文试卷,5,1
烟台莱州市2026年五年级期末考试语文试卷,6,1
烟台青华,1,1
烟台高一上,2,1
烟台高一上学期期中考试,1,1
烟台高一上月考,4,1
烟台高一上期中数学,8,1
烟台高一上期中数学2026,3,1
烟台高一上期中物理,2,1
烟台高一数学期中考试,2,1
烟台高一期中,3,1
烟台高一期中数学,2,1
烟台高一期末,1,1
烟台高三化学期中考试试卷,1,1
烟台高二上学期数学期中,2,1
烟台高二上学期期中考试英语,8,1
烟台高二上学期物理期中,1,1
烟台高二期末,2,1
烟台高二期末n化学,1,1
烟台：2021-2025 烟台高三一模 语文,2,1
热则耶.伊卜拉伊木,1,1
热则耶.伊卜拉伊木八年级上册语文试卷,3,1
热力学图像专题,3,1
热力学大题,6,1
热力学定律,1,1
热力学定律章节复习,13,1
热力学第一定律和气体实验定律的综合应用,5,1
热化学方程式,3,1
热学,4,1
热学专项,1,1
热学充放气问题,2,1
热学计算题,3,1
热岛效应,3,1
热现象测试卷,2,1
热能,3,1
热量和热容比,1,1
热门资源,3,1
烯烃,3,1
烯烃习题,7,1
烯烃和炔烃化合物的命名,4,1
烷 烯 炔烃,2,1
烹饪专业,1,1
焦作一中高一期末英语试卷,3,1
焦作市,3,1
焦作市2026年九年级第二次模拟测试英语试卷,3,1
焦作市八年级下册数学期末真题,8,1
焦作市高二年级下学期期末考试,1,1
焦作武陟九上数学,1,1
焦作武陟九上月考,4,1
焦作武陟八上月考,1,1
焦点三角形练习题,5,1
焦耳定侓试卷,1,1
熟悉而陌生的力,1,1
熟悉而陌生的力单元测,12,1
熟词僻义,3,1
熟词生义高考,3,1
燕子矶高一月考,2,1
燕山教育集团2026年九年级统一测试,5,1
燕山路小学,1,1
燕歌行并序/高适,2,1
爬山虎的脚,3,1
爱,1,1
爱学习,2,1
爱学习数学,1,1
爱尖子能力测试第五届,6,1
牙克石市今夜第一中学,1,1
牙克石市林业第一中学,2,1
牛二专题,1,1
牛屯一中,2,1
牛山一中高一分班考,10,1
牛山中学,1,1
牛山北京顺义分班考,2,1
牛栏山一中高一下英语,4,1
牛津6年级默写,2,1
牛津译林版九年级上册,2,1
牛津译林版九年级上册单元,8,1
牛頓第二定律,1,1
牛頓第二定律10题型,1,1
牛頓第二定律专题,4,1
牛顿定律2027高考专题一轮复习物理,4,1
牛顿定理应用,1,1
牛顿定理应用斜面,4,1
牛顿的运动和力的关系专项训练加知识点总结题型梳,1,1
牛顿第一定律单元测,2,1
牛顿第三定律说课稿,2,1
牛顿第二定律一轮复习,2,1
牛顿第二定律专题,4,1
牛顿第二定律的实验,2,1
牛顿第二定律题型,12,1
牛顿运动定律试卷,1,1
牛首一中,7,1
牟平一中,3,1
牟平育英,1,1
牡一中,1,1
牡一中2026届高三英语学科练习卷一,1,1
牡丹江,1,1
牡丹江2025 九上数学月考卷,7,1
牡丹江2025-2026期末考试英语,9,1
牡丹江2025-2026高二下学期期末政治,3,1
牡丹江2025-2026高二下学期期末语文,1,1
牡丹江一中2026届高三英语学科练热身卷一,1,1
牡丹江八年级下册英语期末,3,1
牡丹江八年级期末,1,1
牡丹江市初中课改联盟第三子联盟2024~2025学年度第二学期七年级期末考试生物试卷,1,1
牡丹江市初中课改联盟第三子联盟2024~2025学年度第二学期八年级期末考试物理试卷,2,1
牡丹江市初中课改联盟第四子联盟2025-2026学年度第二学期七年级期末考试语文试卷答案,3,1
牡丹江市第二高级中学,4,1
牡丹江江印初中课改联盟第二子联盟七年级期末,4,1
牡丹江江印初中课改联盟第二子联盟八年级第一学期期中期末,10,1
牡丹江第二高级中学,8,1
牡丹江第二高级中学20252026高一下期末化学,3,1
牡丹江第四子联盟七年级下历史期末,4,1
牡丹江第四子联盟八年级上历史期末,165,1
物,1,1
物 理,4,1
物 理2026高考,1,1
物主代词练习,1,1
物体受力的初步分析,6,1
物块d与凹槽c最后一次碰撞后瞬间c的速度大小,4,1
物态变化 20225专题习题,6,1
物态变化专题,4,1
物态变化单元卷,3,1
物态变化安徽,1,1
物构,3,1
物理 2025高考真题,3,1
物理 一轮复习,1,1
物理 云南 高考,2,1
物理 八下,18,1
物理 八年级下,2,1
物理 公式2026汇总中考,3,1
物理 力学,13,1
物理 必修一 1 2 3 4章复习知识点,5,1
物理 必修二  期末卷,2,1
物理 必修二  期末卷高三复习,9,1
物理 必修二 1 期末卷,4,1
物理 普通高中学业水平,5,1
物理 牛顿第二定律链接体,1,1
物理 高一上海,5,1
物理 高一上海9月月考,1,1
物理14章,1,1
物理2024 2025初二,1,1
物理2024 2025初二期末,1,1
物理2025-2026学年度九上12.4,1,1
物理2026,1,1
物理2026天津高三,1,1
物理2026天津高三一模,3,1
物理2026高二期末试题广西,2,1
物理2026高考真题广东答案,1,1
物理2月调研,1,1
物理41中石家庄桥西,8,1
物理41中石家庄桥西八上,1,1
物理8年级下册期末试卷,5,1
物理8年级复习啊,4,1
物理HUN高一素质评价答案+命题报告+PPT7.8-9,2,1
物理。圆盘摩擦力分析，极点问题。,5,1
物理一 二单元试卷,1,1
物理一 轮 复习 2026 备考专题,6,1
物理一模北京海淀,1,1
物理一轮 运动学,7,1
物理一轮复习习题,4,1
物理一轮复习力学,3,1
物理一轮复习运动学,5,1
物理一轮复习运动学单元卷,4,1
物理一，二单元试卷,3,1
物理一，二试卷,1,1
物理专项训练,6,1
物理专题动力学,19,1
物理专题卷,3,1
物理专题电学实验,12,1
物理专题练习,4,1
物理中考多选题专练,1,1
物理中考第 13 题专练,2,1
物理九 十章,1,1
物理九上功,2,1
物理九上功和机械能,3,1
物理九上月考,95,1
物理九上期中试卷,2,1
物理九上液化,2,1
物理九上热学,1,1
物理九上物态变化,1,1
物理九上第1单元,1,1
物理九上第1单元测试,4,1
物理九上第一次月考,7,1
物理九年级上册探究电流,2,1
物理九年级上册第1单元试卷,1,1
物理九年级上电路图画图,1,1
物理二模北京海淀九年级,2,1
物理二轮复习2026专题,3,1
物理五星学霸,1,1
物理人教初三,3,1
物理人教初二压力,3,1
物理人教版一二章必修一,3,1
物理人教版必修一第一章,2,1
物理人教版必修二,1,1
物理人教版必修二教材,1,1
物理人教版必修第一册第一到二章,9,1
物理全国二2026,1,1
物理全国课标卷,1,1
物理全国重点高中提前招生考试全真试卷,2,1
物理全套一轮复习资料,1,1
物理全部高考真题,1,1
物理八上,5,1
物理八上压轴挑战,5,1
物理八上期末,22,1
物理八上第三章测试题,12,1
物理八上第三章测试题《光的世界》,2,1
物理八上第三章测试题《光的世界》学科网（北京）般份有县公司,5,1
物理八下知识点总结公式,2,1
物理八下知识讲义,2,1
物理八年级上册2026年,2,1
物理八年级上册2026年月考,4,1
物理八年级上册2026年考,1,1
物理八年级上册光学光学和凸透镜试卷,29,1
物理八年级上册思维导图,1,1
物理八年级上册总复习,1,1
物理八年级上册期中试卷,10,1
物理八年级上册期末南京市鼓楼区,3,1
物理八年级上册第一章,3,1
物理八年级上册运动,2,1
物理八年级下册,3,1
物理公式,5,1
物理冲量 动量,6,1
物理冲量试卷,2,1
物理初一,3,1
物理初三,1,1
物理初三上,1,1
物理初三上北京,3,1
物理初中奥赛,1,1
物理初中竞赛,5,1
物理初中纯竞赛,1,1
物理初二上册单元卷,3,1
物理初二上册长度和时间的测量,1,1
物理初升高拔尖入学试题,12,1
物理初赛,1,1
物理刹车陷阱,1,1
物理前三课知识,3,1
物理力学受力分析,1,1
物理力知识卡,1,1
物理加速度运动,1,1
物理加速运动,1,1
物理动能,2,1
物理动能 定理7大题型归纳习题,1,1
物理动量压轴,3,1
物理动量守恒定律练习题,3,1
物理动量定理弹簧模型,4,1
物理动量建议,1,1
物理动量练习,7,1
物理匀加速直线运动,6,1
物理匀变速直线运动规律及应用,8,1
物理北师大八年级上册,4,1
物理卷压轴题,4,1
物理卷子,1,1
物理压力,3,1
物理压强,3,1
物理压强浮力中考综合题具,1,1
物理压强浮力中考综合题目,4,1
物理压强浮力综合题目,6,1
物理压强试卷,1,1
物理压轴,1,1
物理压轴题训练重庆,4,1
物理压轴高中,5,1
物理参照物,1,1
物理合格考江苏,4,1
物理合格考考试,7,1
物理基础卷,1,1
物理基础题,7,1
物理声学单元测,2,1
物理声试卷单元检测,1,1
物理复习卷,9,1
物理多选题,1,1
物理大题卷,2,1
物理大题集训,2,1
物理大题高中,1,1
物理奥赛试卷,1,1
物理奥赛试卷江苏,1,1
物理孝高高二上学期月考周考,5,1
物理学业性水平测试,2,1
物理学史,1,1
物理学奥赛,1,1
物理学易金卷,18,1
物理学科暑假作业,1,1
物理学考,1,1
物理学考浙江,62,1
物理定义知识点题专项训练,1,1
物理实验汇总,2,1
物理实验的英语作文,3,1
物理小纸条,3,1
物理平抛运动,1,1
物理平抛运动角度计算题,3,1
物理开学考,7,1
物理必修1第2单元测试卷,4,1
物理必修一1～3章,3,1
物理必修一期中,7,1
物理必修一期末,6,1
物理必修一第1.2单元,1,1
物理必修一第1单元,2,1
物理必修一练习题,2,1
物理必修一综合检测题,18,1
物理必修一课本电子版,1,1
物理必修一运动学练习,14,1
物理必修一运动学题目,4,1
物理必修一追击问题,2,1
物理必修一追及问题,4,1
物理必修三 9 10章测试,1,1
物理必修三微专题习题,2,1
物理必修三微专题习题人教版,12,1
物理必修三期末卷,1,1
物理必修三电场,1,1
物理必修三第一章章末检测,1,1
物理必修三第九章专题,1,1
物理必修三第十章章末综合检测,1,1
物理必修三第十章静电场中的能量,3,1
物理必修二专题练习,1,1
物理必修二专题练习教科版,2,1
物理必修二专题练习教科版动量实验题,3,1
物理必修二专题练习教科版守恒,2,1
物理必修二专题练习教科版第八章,1,1
物理必修二专题练习教科版第四章,2,1
物理必修二动手环,1,1
物理必修二单元检测卷,2,1
物理必修二复习,1,1
物理必修二复习单元卷,4,1
物理必修二复习单元卷教科版,2,1
物理必修二守恒,7,1
物理必修二实验题,1,1
物理必修二实验题四川,1,1
物理必修二巷,5,1
物理必修二知识点,1,1
物理必修二第一单元测试,1,1
物理必修二第一单元测试基础,7,1
物理必刷题28页,2,1
物理必刷题高考上分专项动量,5,1
物理总结,2,1
物理抛体运动,5,1
物理抛体运动试卷基础,5,1
物理探究弹簧弹力与形变量的关系,3,1
物理提纲,1,1
物理故障分析，高中,3,1
物理教科版八年级期中考试卷,1,1
物理教辅书,1,1
物理整体法受力分析,2,1
物理斜抛,3,1
物理斜抛专题,1,1
物理新高一竞赛,3,1
物理月,6,1
物理月考,2,1
物理月考卷高一下第一次,1,1
物理期末2月调研,6,1
物理期末卷答案,1,1
物理期末压轴,2,1
物理期末沈阳,3,1
物理期末考试,44,1
物理期末高一长乐,4,1
物理期末高二,5,1
物理机械波,5,1
物理机械波图像,2,1
物理杠杆,3,1
物理杠杆专题,20,1
物理杠杆教学视频,5,1
物理板块,1,1
物理板块模型,1,1
物理板块运动专题训练,5,1
物理板块问题,1,1
物理概念练习题,6,1
物理模型初中,12,1
物理模型基础汇总,3,1
物理模型模型总结专项训练,1,1
物理欧姆定律,1,1
物理欧姆定律讲义,4,1
物理步步高精准备考,4,1
物理步步高精准讲练,1,1
物理水业水平考试,11,1
物理永州市2026年高考第一次模拟考试,8,1
物理永州市2026年高考第二次模拟考试,9,1
物理沈阳市第43中学,1,1
物理沪科版,4,1
物理沪科版九上第十四章习题,6,1
物理波的图像,3,1
物理波的振动,2,1
物理测难题,1,1
物理浮力,5,1
物理浮力与简单机械综合题,3,1
物理浮力练习题,2,1
物理浮力综合题目,11,1
物理浮力计算题,9,1
物理浮力计算题沪粤版,11,1
物理浮力计算题沪粤版高难,8,1
物理滑动摩擦力基础计算,12,1
物理烟台高一期中,5,1
物理牛二,1,1
物理牛二律,2,1
物理理想变压器,4,1
物理电势差题,2,1
物理电势能课时练,1,1
物理电场,3,1
物理电学复习题,1,1
物理电学计算题,6,1
物理电磁感应大题,4,1
物理电能的输送,8,1
物理电荷专题,3,1
物理电路实验,1,1
物理电路故障,10,1
物理电路电表分析,1,1
物理直线运动高考练习,1,1
物理相互作用,4,1
物理相似三角形,2,1
物理知识卡,11,1
物理知识卡概念,4,1
物理福建专版学习金卷,5,1
物理福建高考试卷,1,1
物理秘籍,3,1
物理秘籍清单,7,1
物理竞赛 初赛,2,1
物理竞赛 初赛吉林省,4,1
物理竞赛38,1,1
物理竞赛38届,8,1
物理竞赛初赛,1,1
物理竞赛培优,1,1
物理竞赛复赛,2,1
物理竞赛江西,1,1
物理竞赛预赛,4,1
物理竞赛题,1,1
物理第13章专项,1,1
物理第13章专项人教版,2,1
物理第1章机械运动单元卷,3,1
物理第一次月考,4,1
物理第一次月考九上,2,1
物理第一章,1,1
物理第一章测试必修一,3,1
物理第一题,1,1
物理第一题专项训练,3,1
物理第九章单元卷,8,1
物理第五章。抛体运动知识清单,3,1
物理第八章,1,1
物理第十三章同步习题,2,1
物理第十二章,8,1
物理第十章,1,1
物理第十章单元卷,1,1
物理第十章章末综合检测,4,1
物理第十章静电场,6,1
物理等效重力场,8,1
物理答题卡,6,1
物理简谐运动压轴题,2,1
物理简谐运动知识点,6,1
物理综合卷,7,1
物理肥城,3,1
物理衡水金卷,1,1
物理衡水金卷先享题,2,1
物理计算题专题,4,1
物理试卷期中考试,18,1
物理试卷贵州省,1,1
物理试卷贵州省免费,7,1
物理课本,1,1
物理课本电子版,4,1
物理质点,5,1
物理质点专项练习,1,1
物理运动,1,1
物理运动专题,2,1
物理运动图像问题,8,1
物理运动学,1,1
物理运动学专题匀加速,1,1
物理运动学专题变速,4,1
物理运动学专题练习,1,1
物理运动学专题高三,2,1
物理运动的描述,1,1
物理运动的描述练习人教版,1,1
物理运动的描述高一练习人教版,9,1
物理追及相遇,10,1
物理追及问题,7,1
物理选三第五章卷子,3,1
物理选修一复习单元卷教科版,10,1
物理选修三点金训练,3,1
物理选必一,3,1
物理选必一第十一章,3,1
物理选择专项练,1,1
物理选择性必修一动量定理,2,1
物理选择综合,1,1
物理速度基础计算,6,1
物理金版,1,1
物理金考卷45,3,1
物理长度与时间的测量和运动描述,2,1
物理长群,6,1
物理静电场,9,1
物理预赛,4,1
物理高一,3,1
物理高一1下期期末联考卷,47,1
物理高一上,6,1
物理高一上学期,2,1
物理高一上学期期末,11,1
物理高一下期末试卷,6,1
物理高一大题,3,1
物理高一必修一单元测试,3,1
物理高一必修一第一二单元测试题,19,1
物理高一必修一第一张速度练习题练习题,1,1
物理高一期末,3,1
物理高一期末卷,1,1
物理高一期末卷子,22,1
物理高一期末卷子4月19,1,1
物理高一期末卷河南,3,1
物理高一电学专题,2,1
物理高一运动学测试题,3,1
物理高三一轮复习,8,1
物理高三一轮复习周测卷 衡水金卷先想题,1,1
物理高三上学期开学考,5,1
物理高三宁德,5,1
物理高三浙江模拟题,13,1
物理高中二级公式,10,1
物理高中公式,1,1
物理高中变速物体追匀速物体,6,1
物理高中竞赛,1,1
物理高中竞赛二级公式,3,1
物理高中预习,6,1
物理高二上册前两章专题,7,1
物理高二上学期开学测试,7,1
物理高二上学期第一次月考,7,1
物理高二上滨城,1,1
物理高二上滨城辽宁,3,1
物理高二上第一章,4,1
物理高二上雅礼,3,1
物理高二暑假预习,6,1
物理高考卷,6,1
物理高考压轴题,6,1
物理高考基础卷,5,1
物理高考山东,7,1
物理高考真题汇编,2,1
物理高考试卷安徽。,2,1
物理龙海,6,1
物理，整理高中阶段所有的公式及知识点,3,1
物理，整理高中阶段所有的知识点,2,1
物质交换,1,1
物质分子式计算,2,1
物质及其变化第一章能力检测,1,1
物质及其变化第一章自主能力检测,1,1
物质构成的奥秘,14,1
物质的分类,1,1
物质的分类与转化,4,1
物质的分类及转化（题型突破）,1,1
物质的分类高一,2,1
物质的分类高一人教版习题,1,1
物质的及其变化,1,1
物质的变化与性质,1,1
物质的变化和性质九年级课题一专项练习题天津版,4,1
物质的特性测试,2,1
物质的量 摩尔质量,3,1
物质的量.,2,1
物质的量专项训练,2,1
物质的量及浓度计算,1,1
物质的量浓度计算,1,1
物质的量苏教版,6,1
物质的量计算,1,1
物质的量高一训练,3,1
物质的量鲁科,5,1
物质结构,4,1
物质结构与性质综合,5,1
特殊三角函数值,1,1
特殊三角函数值的混合运算,1,1
特殊不等式,1,1
特殊变形单词,10,1
特殊学校,1,1
特殊教育,1,1
特殊的平行四边形 18大题型,1,1
特殊的平行四边形菱形专练,1,1
特训,5,1
状元桥 优质课堂 高中数学必修一,3,1
状语从句100题,1,1
状语从句100题英语高考,6,1
状语从句100题英语高考天津,3,1
状语从句九年级,7,1
状语从句九年级天津,3,1
状语从句的引导词,3,1
状语从句高三,1,1
状语从句高三天津,1,1
狂人必刷题,5,1
独立主格 结构高考专项练习,1,1
独立主格 高考专项练习,2,1
独立主格结构,3,1
猫可不可以喝牛奶？,1,1
献县第一中学,1,1
献县第三中学,1,1
獵,1,1
玄武二模英语2025,2,1
玄武区九年级化学期中,1,1
玄武区四校联考,3,1
玉山县第二中学,5,1
玉岩中学,2,1
玉林,12,1
玉林2026高二下学期数学期末卷,3,1
玉林市2023年数学六年级下册,9,1
玉林市一中,1,1
玉林市第一高级中学,1,1
玉林高一下期末统考化学试卷,1,1
玉林高一下期末统考数学试卷,3,1
玉林高一期末数学,2,1
玉林高一期末物理,3,1
玉林高中,3,1
玉泉,1,1
玉溪一中开学考准高一,1,1
玉溪市民中,1,1
玉溪师院附中,2,1
玉田县2025-2026年六年级第二学期期末试卷数学,3,1
玉田县七上月考,42,1
玉田县七上期中,59,1
玉田县七上期末,2,1
玉田县七上第一次月考,3,1
玉田县七上第二次月考,4,1
玉田县五上期末,2,1
玉田县五下期末,5,1
玉田县八下物理期末卷,1,1
玉田县六上期中,4,1
玉田县六上期末,3,1
玉田县六下期末,3,1
玉田县高一期末,8,1
玉田县高二期末,9,1
玉田第一中学,1,1
玉祁,5,1
玉祁高中月考卷,7,1
玉融,4,1
王朝 霞,26,1
王朝霞2025,4,1
王朝霞2025八年级下册数学试卷,1,1
王朝霞2025济源,3,1
王朝霞2025济源八年级下册数学试卷,2,1
王朝霞七年级英语下册试卷5,3,1
王朝霞二年级上册数学冀教版创维新课堂,1,1
王朝霞八上物理邯郸,5,1
王朝霞八下数学,4,1
王朝霞八下数学2026济源市,5,1
王朝霞八年级下册语文试卷,1,1
王朝霞八年级英语,6,1
王朝霞各地期末试卷精选江西专版初中,79,1
王朝霞四年级下册数学,2,1
王朝霞四年级下册语文河南,1,1
王朝霞河南专版新课标,1,1
王朝霞活页卷,6,1
王朝霞试卷七上,92,1
王朝霸八年级上册语文各地期末试卷精选河南专版,94,1
王朝霸八年级上册语文各地期末试卷精选湖北专版,18,1
王朝霸八年级下册语文各地期末试卷精选河南专版,24,1
王朝霸口算,5,1
王朝霸口算 北师大,4,1
王稳庄中学,2,1
王者荣耀,5,1
王进,4,1
玩偶之家 2025 PPT,7,1
环际大联考,5,1
现代中学高一入学分班考,1,1
现代文阅读,4,1
现代文阅读七下,3,1
现在分词非谓语,7,1
现在完成时 100道,1,1
现在完成时 时态,3,1
现在完成时和过去完成时,1,1
现在完成时讲义,1,1
现在完成时讲义高中,2,1
珊瑚中学,5,1
珠海一中创美,1,1
珠海一中高二,3,1
珠海七上开学考,1,1
珠海七上开学考英语,1,1
珠海七上英语高分突破,3,1
珠海七年级上学期语文期末,1,1
珠海九年级英语上册开学考,2,1
珠海二中英才班,1,1
珠海八中,2,1
珠海北师大附中,1,1
珠海北师大高级中学,1,1
珠海市七年级上学期历史期末,3,1
珠海市七年级上学期地理期末,3,1
珠海市七年级上学期生物期末,2,1
珠海市七年级上学期道法期末,1,1
珠海市七年级下学期英语期末,2,1
珠海市八年级上学期数学期中,10,1
珠海市八年级上学期英语期中,2,1
珠海市文园中学八年级上册数学,6,1
珠海市第一中学,2,1
珠海市香洲区七上,1,1
珠海市香洲区九上数字,18,1
珠海市香洲区九上数字期中,1,1
珠海市香洲区九年级上学期化学,5,1
珠海市香洲区八上数字期中,2,1
珠海市香洲区紫荆中学,1,1
珠海市高一数学期末考试,3,1
珠海斗门,7,1
珠海期末/期中一考八年级,3,1
珠海香洲八下,1,1
珺琟,1,1
球,3,1
球溪高级中学,7,1
球的切 接问题,4,1
球的接切问题高一数学下学期湘教版必修二,19,1
理化试卷,1,1
理工大附中,2,1
理想树初中上分卷,1,1
理想树初中必刷题,1,1
理综,4,1
理综中考,8,1
理解型默写 2026二轮总复习60篇压轴,2,1
琥珀小学,12,1
琨哥,1,1
琵琶行测试,1,1
琼中,5,1
琼中八年级下册数学期末试卷,1,1
琼山中学,2,1
瑞安,17,1
瑞安中学,2,1
瑞安市 2025 学年第一学期七年级上册数学期末试卷,17,1
瑞安市 2025 学年第二学期小学六年级下册数学期末试卷,4,1
瑞安高一开学考,1,1
瑞昌一中,4,1
瑞景外国语,1,1
瑞泉,9,1
璧中,13,1
瓦房店市第二初级中学,1,1
瓯海区实验中学,2,1
瓯海牛山中学,1,1
甘井子八上英语,11,1
甘井子区2023-2024四年级上册数学,2,1
甘井子区2024-2025四年级下册数学,1,1
甘井子区化学,1,1
甘井子去四上,4,1
甘南,1,1
甘南二中,5,1
甘孜州2026年学科质量监测测试题八年级,3,1
甘孜州2026数学统考试试8年级下册测试,3,1
甘孜州2026物理统考试试8年级下册测试,1,1
甘泉街小学三年级,1,1
甘肃2026年物理中考,1,1
甘肃2026高考化学,11,1
甘肃七年级上学期期中,1,1
甘肃中考,1,1
甘肃临夏回族自治州2025-2026学年度下学期期末质量监测七年级地理语,1,1
甘肃临夏回族自治州2025-2026学年度下学期期末质量监测七年级英语,5,1
甘肃临夏州2026年五年级下册数学统考试卷,8,1
甘肃九年级下学期期末,2,1
甘肃产前筛查,1,1
甘肃定西漳县,2,1
甘肃庄浪高一新生入学监测考试,3,1
甘肃省2021年中考英语试题,17,1
甘肃省一诊,1,1
甘肃省临夏州2026年五年级下册英语统考试卷,4,1
甘肃省临夏州2026年英语五年级下册统考试卷,2,1
甘肃省临夏州2026年英语统考试卷,2,1
甘肃省临夏市英语22年中考题。,1,1
甘肃省临洮中学高二年级期末考试卷（一）,3,1
甘肃省凉州区第十五中期末考试,1,1
甘肃省天水市秦州区,28,1
甘肃省定西市,7,1
甘肃省平凉市,2,1
甘肃省平凉市庄浪县2025至～2026学年第二学期期末考试卷 八年级数学,1,1
甘肃省景泰县第二中学,1,1
甘肃省武威一中,2,1
甘肃省武威市七年级下册人教版数学期末卷,7,1
甘肃省武威市七年级下册人教版英语期末卷,6,1
甘肃省泾川一中,16,1
甘肃省甘泉街小学三年级,9,1
甘肃省白银市靖远县2025~2026学年7年级期中考试试卷。数学,2,1
甘肃省近两年的高考真题（化学）,3,1
甘肃省陇南市康县第二中学,3,1
甘肃省高一上数学联考期中考试试卷真题,3,1
甘肃省高考,2,1
甘肃省高考物理模拟试题,2,1
甘肃英语,10,1
甘肃酒泉中学开学测试,1,1
甘肃酒泉市2025-2026学年高一下学期7月期末语文试题,5,1
甘肃高一下学期数学期末考,2,1
甘肃高一化学必修一期末卷,5,1
甘肃高一新生入学监测考试,4,1
甘肃高三下学期期末,3,1
甘肃高二下学期期末,2,1
甘肃高考地理卷子,4,1
甘肃高考物理卷2026,1,1
甘肃高考试卷,5,1
甘谷一中,5,1
甘谷县九师联盟,3,1
生地会考识图题,11,1
生地合卷深圳,4,1
生字词,2,1
生态系统的能量流动,1,1
生态系统的能量流动计算,3,1
生态系统的能量流动计算题,1,1
生活中的运动现象,12,1
生活数学,2,1
生物 0 一轮复习,19,1
生物 0 一轮复习 必修1知识点,3,1
生物 01 一轮复习生物技术与工程,8,1
生物 1必背知识清单高三,1,1
生物 一轮复习遗传,1,1
生物 会考 20 25年初中学业水平考真题,1,1
生物 必修二,9,1
生物 必修二1 1必背知识清单人教版,8,1
生物 必修二1 必背知识清单人教版,3,1
生物 必修二专题,7,1
生物 必修二必背知识清单,6,1
生物 易错必背知识清单高三,6,1
生物 选择性必修三必背知识清单,6,1
生物 选择性必修三背诵,5,1
生物 选择性必修三背诵版,3,1
生物 黑体字 江苏,2,1
生物'高考2024陕甘宁卷,1,1
生物2026天津,2,1
生物2026天津高三,3,1
生物2026高考真题,9,1
生物一月考百中,3,1
生物一轮复习必背知识点,3,1
生物一轮复习，必修一,6,1
生物七年级上册贵阳市期末考试卷南明区,1,1
生物七年级月考,14,1
生物书,1,1
生物人教版上册第三和四章课堂测试,1,1
生物人教版上册第三章课堂测试,2,1
生物人教版上册第三章课堂测试日照市,2,1
生物人教讲义高一上,1,1
生物会考,1,1
生物会考卷人教版,1,1
生物伴性遗传大题,1,1
生物光合作用和呼吸作用大题,2,1
生物光合作用和呼吸作用高考一轮复习,2,1
生物光合速率计算题,1,1
生物八上第四单元,1,1
生物八上第四单元人教,1,1
生物初赛,9,1
生物半信遗传,1,1
生物单元卷,1,1
生物卷,1,1
生物卷子,1,1
生物合格 考2025年 普通高中学业水平,9,1
生物合格性考试真题,2,1
生物呼吸光合大题专题训练,2,1
生物地理合卷深圳,2,1
生物地理合卷深圳初中,1,1
生物地理合卷深圳初中龙岗区,3,1
生物基因工程,8,1
生物基因工程无缝克隆,4,1
生物基因工程高考吉林,3,1
生物填空,1,1
生物学业水平测试,3,1
生物学人教版必修一知识清单,2,1
生物学人教版必修一知识清单组成细胞分子填空,2,1
生物学人教版必修一知识清单走近细胞填空,10,1
生物学压轴题,5,1
生物学地理合卷深圳初中龙岗区,1,1
生物学地理合卷深圳初中龙岗区七年级期末,4,1
生物学必修一,3,1
生物学必修一上,2,1
生物学必修一上基础知识,1,1
生物学必修一上基础知识清单,1,1
生物学考,1,1
生物学考答案,1,1
生物学联赛,55,1
生物学联赛北京赛区,2,1
生物学联赛赛区,3,1
生物安徽,1,1
生物安徽2025,1,1
生物安徽2025高考,2,1
生物实验探究,3,1
生物实验探究高中,12,1
生物实验组设计高中,4,1
生物实验组高中,1,1
生物实验高中,3,1
生物导学案,6,1
生物工程,1,1
生物必修一3.1,4,1
生物必修一复习,1,1
生物必修一大综合,5,1
生物必修一思维导图 分单元,7,1
生物必修一期末测试,7,1
生物必修一知识清单,1,1
生物必修一第二章专项试题,3,1
生物必修一课件,4,1
生物必修一课本答案。,1,1
生物必修三,5,1
生物必修二人教版试卷,9,1
生物必修二概,1,1
生物必修二知识点,2,1
生物必修二第一章练习,7,1
生物必修二计算题,2,1
生物必修二预习学程,1,1
生物思维导图，A3纸，主题：细胞代谢和增殖，结合整本书,3,1
生物所有知识点,6,1
生物技术,1,1
生物挖空,8,1
生物月考卷,4,1
生物有丝分裂与减数分裂,1,1
生物有丝分裂图像,3,1
生物期末试卷高三,2,1
生物模拟卷,11,1
生物测试卷初一人教版,1,1
生物测试卷初一人教版日照市,3,1
生物湖南师大附中高一,10,1
生物湛江期末高一,1,1
生物知识清单,8,1
生物知识点,2,1
生物知识点高一,3,1
生物稀释涂布平板法,5,1
生物第2章,1,1
生物第2章 第3节第4节,3,1
生物细胞增殖,3,1
生物结业考试,10,1
生物联赛,9,1
生物蛋白质计算,4,1
生物西藏2026,1,1
生物计算,3,1
生物试卷,5,1
生物读数,1,1
生物课件选修1,1,1
生物课件选修1 人教版,2,1
生物过关默写细胞的多样性和统一性,1,1
生物选修一二单元综合题,2,1
生物选修一生物,1,1
生物选修三,1,1
生物选修三第一章,5,1
生物选择性必修一,6,1
生物选择性必修一1必背 知识点 清单,1,1
生物选择性必修一单元卷,1,1
生物选择性必修一期中测试,7,1
生物选择性必修一第一章,4,1
生物选择性必修一资料,7,1
生物选择性必修三,15,1
生物遗传,7,1
生物遗传专题,12,1
生物遗传规律专项练,1,1
生物遗传进化,2,1
生物遗传题,2,1
生物遗传题专项训练大题,3,1
生物遗传题型归纳,1,1
生物长春市,2,1
生物长春市高三,2,1
生物雅礼中学,1,1
生物零诊,3,1
生物高一,5,1
生物高一1下期期末,1,1
生物高一上,3,1
生物高一上学期 提升卷,3,1
生物高一上学期，提升卷,8,1
生物高一上月考天津一中,2,1
生物高一上月考天津一中第一次,4,1
生物高一下期中,5,1
生物高一下期末,3,1
生物高一提升,1,1
生物高一提升卷,1,1
生物高一知识点,3,1
生物高三,1,1
生物高三虹口二模,3,1
生物高中知识点,2,1
生物高二下,23,1
生物高二期末考试,4,1
生物高考一轮复习,1,1
生物高考一轮复习呼吸作用,3,1
生物高考卷,3,1
生物高考真题,5,1
生物默写小纸条,1,1
用1表示整体,1,1
用估算解决实际问题（乘法）,2,1
用几何法解决平行垂直问题,1,1
田字格,1,1
田字格A4纸空白模板,2,1
田家炳初级中学,1,1
田家炳实验中学开学考试卷。,5,1
田家炳开学,1,1
田忌赛马,1,1
由幂函数单调性和奇倘性求参,1,1
由幂函数单调性和奇偶性求参,3,1
由递推式求通项公式,1,1
电 学 电路分析,1,1
电力学,2,1
电功率,9,1
电动势,6,1
电动势大题,4,1
电动机电源的效率和功率,2,1
电势,4,1
电势与场强图像题,1,1
电势分析,2,1
电势和电势能测试题,1,1
电势差,1,1
电势能,2,1
电势能功能关系,2,1
电化学 025年全国各省份高考真题分类汇编,1,1
电化学 真题,2,1
电化学专题,5,1
电化学专题复习,3,1
电化学原理的综合应用,1,1
电化学复习,2,1
电压与电压表,3,1
电压和电阻,3,1
电压计算,3,1
电场与磁场,8,1
电场专练,3,1
电场中的图像问题,1,1
电场力做功,3,1
电场力的特性和理解,2,1
电场力相关概念,1,1
电场叠加,4,1
电场强度,4,1
电场强度图象问题,1,1
电场线、等势面,1,1
电场线、等势面与运动轨迹的综合问题,7,1
电场能练习题,12,1
电场试卷,3,1
电子,1,1
电子 教材 2024人教版,2,1
电子 教材 2024人教版PDF版,1,1
电子书2024教材,2,1
电子书，八年级上册数学，人教版,5,1
电子式,1,1
电子技术,1,1
电子技术基础与技能,5,1
电子技术基础与技能资料,2,1
电子教材,1,1
电子版 教材 2026人教版九年级上册,1,1
电子版 教材 2026人教版八年级上册人教版书,1,1
电子版一轮复习英语课时作业,2,1
电子版书,2,1
电子版化学课本,6,1
电子版物理配套,3,1
电子版课本,2,1
电子版高三一轮2027复习英语课时作业,6,1
电子版高三一轮复习英语课时作业,3,1
电子课本五年级上册语文,3,1
电学9上,1,1
电学9上练习题,1,1
电学分析短路,1,1
电学初三,3,1
电学动图,4,1
电学大题,1,1
电学实验,6,1
电学实验专题必修三,2,1
电学实验专题必修二,1,1
电学实验压轴,1,1
电学实验压轴题,1,1
电学提升,2,1
电学改装问题,1,1
电学选择,4,1
电容,14,1
电容器,6,1
电容器 电容,2,1
电工基础,4,1
电极反应的书写,2,1
电流与电路,3,1
电流做功,1,1
电流和电路,2,1
电流必修三习题,2,1
电流电压,1,1
电流电压专项,2,1
电流电路多选题,5,1
电流电路多选题单元卷,4,1
电流的测,2,1
电流表和电压表复习,2,1
电海中学,2,1
电源和电流,3,1
电磁,1,1
电磁单双杆,1,1
电磁场,1,1
电磁弹射十二校联考,1,1
电磁感应 计算题专题训练,1,1
电磁感应与圆周运动,2,1
电磁感应与电磁波初步,10,1
电磁感应专项,10,1
电磁感应中的动量问题,7,1
电磁感应中的动量问题专题训练,2,1
电磁感应中的动量问题大题,5,1
电磁感应中的动量问题练习,7,1
电磁感应中的单双杆,6,1
电磁感应压轴题练习,1,1
电磁感应现象,8,1
电磁感应章节复习,2,1
电磁感应综合问题,26,1
电磁波和超声波,1,1
电磁综合,1,1
电磁计算题,1,1
电磁题,1,1
电磁题练习,2,1
电能,1,1
电能 能量守恒定律,8,1
电能与电功,6,1
电能必修三,2,1
电表,2,1
电解池电极反应,2,1
电解池练习,3,1
电解质,1,1
电解质 非电解质的判断,1,1
电解质与非电解质分类练习,1,1
电解质溶液中微粒间的比较,4,1
电解质题,3,1
电负性,2,1
电路 15 16 17 专题训练,1,1
电路与电流,5,1
电路作图专项,2,1
电路作图专项训练,19,1
电路作图练习题,7,1
电路及其应用,12,1
电路图 串并画图练习九上,1,1
电路图 串并画图练习九上人教,1,1
电路图 串连并连画图 专题,20,1
电路图 串连并连画图练习 专题,7,1
电路图与实物图互画,4,1
电路图专项,2,1
电路图专题,1,1
电路图沪科版,6,1
电路图绘画专项练习,11,1
电路图转化题,1,1
电路基础,3,1
电路实验,1,1
电路故障,9,1
电路桥测电阻,2,1
电路电表分析,2,1
电路连接方式,3,1
电路题,1,1
电阻中考,1,1
电阻计算,4,1
电，专项,1,1
画一次函数的图象,1,1
画图形的高,1,1
界首,3,1
畜牧养殖卷,2,1
番禺中学物理高一,6,1
番禺区,1,1
番禺区七下数学期末,12,1
番禺区七下英语期末,1,1
番禺区七下语文期末,3,1
番禺区广铁一中,3,1
番禺区高一下学期期末考,1,1
番禺区高一下学期期末考 数学,3,1
番禺区高二上学期教学质量检测数学,1,1
番禺区高二上学期教学质量检测英语,2,1
番禺区高二上学期教学质量检测语文,5,1
番禺期末,2,1
疁城实验,6,1
疑问代词,3,1
疑问句,2,1
疑问词-特殊疑问句,1,1
疯牛特辑8年级下学期考试数学卷子,1,1
病句修改练习题,8,1
病句辨析,2,1
病句辨析与修改,13,1
病句辨析与修改模考练习,3,1
病句高考,8,1
登北固楼 陈浮,1,1
登岳阳楼/杜甫,4,1
登岳阳楼/杜甫理解记默与,1,1
登泰山记,1,1
登泰山记高考情景默写 答案直接填在空上,3,1
登科学校,2,1
登高 杜甫,4,1
白云中学,5,1
白云区,6,1
白云区四上数学,6,1
白云区期末,8,1
白云区期末2026,8,1
白云区期末考试卷,1,1
白云区期末考试卷五年级,5,1
白云区第五中学,5,1
白云区高一期末考试,1,1
白云小学,1,1
白云渡小学,1,1
白山二中,3,1
白描手法写作,2,1
白沙中心学校,4,1
白色脂肪组织,1,1
白银十中,2,1
白银市2025年初中学业水平考试英语试卷,5,1
白银期末生物卷,1,1
百事联盟,1,1
百事联盟日语,7,1
百以内加减乘除,8,1
百分比课程,4,1
百分率问题,2,1
百合外国语八下,1,1
百姓,8,1
百家湖,5,1
百师联盟,27,1
百师联盟高二,1,1
百师联盟高二河南,3,1
百度网页。,1,1
百校联盟,1,1
百汇大课堂,1,1
百灵鸟英语听力,3,1
百色市高二期末,2,1
百色高一上数学期末考,6,1
的数名词,1,1
的有角与五角是一对相对性状,1,1
的试卷,1,1
皋城中学,5,1
皖北协作区,4,1
皖北协作区联考,1,1
皖北电子信息中学,2,1
皖南八校2025-2026学年高一第一学期期中考试,2,1
皖南八校2025届高三8月摸底大联考 皖南八校2024届高三开学摸底联考,3,1
皖智,1,1
皖江2026五月最后一卷,1,1
皖豫名校联盟,7,1
皖豫名校联盟 语文,1,1
皖豫名校联盟。语文,2,1
盂县二中,3,1
益中,1,1
益阳市一模,4,1
益阳市入学考,8,1
益阳市赫山区八下物理期末检测卷,3,1
盐城2026中考数学试卷,4,1
盐城中学高一月考,2,1
盐城中考卷,4,1
盐城中考卷2026,2,1
盐城五校联考高二上学期月考,97,1
盐城五校联考高二上学期期中,18,1
盐城四年级英语试卷,3,1
盐城工业,1,1
盐城市2026年高一年级期末,4,1
盐城市初级中学,1,1
盐城市北蒋实验学校,2,1
盐城市北蒋实验学校9年级数学导学活动单,5,1
盐城市南京市2025-2026年学度第一学期期末,3,1
盐城市射阳县初级中学,4,1
盐城市射阳县初级中学初三,3,1
盐城市高一统测,1,1
盐城市鹿鸣路初级中学,11,1
盐城开学考,1,1
盐城景山本部七年级,3,1
盐城暑假,1,1
盐城期中,4,1
盐城期中生物,1,1
盐城物理期末,1,1
盐城近三年高一上学期第一次月考试卷,1,1
盐城连校高一上学期化学期中考试,15,1
盐城连校高一上学期物理期中考试,1,1
盐城高一下英语,1,1
盐城高三,3,1
盐城高三9月,1,1
盐城高三九月,2,1
盐城高二期末市统考,1,1
盐池中学期末测试题,2,1
盐田高级中学,5,1
盐田高级中学高一下,1,1
盐类的水解,1,1
盖州三年级下科学,3,1
盖州三年级下语文,1,1
盖州三年级下道法,2,1
盖斯定律专项练习题。,5,1
盘州市2024至2025学年度第二学期期末5年级下试卷语文,18,1
盘州市八年级期末,2,1
盘锦中北,1,1
盘锦市兴隆台区,5,1
盘锦市兴隆台区辽河中学2025-2026学年度第二学期九年级第二次模拟考试英语试卷,3,1
盘锦市兴隆台辽河中学七年级上册数学期末卷,6,1
盘锦市辽东湾,1,1
盘锦新兴逸夫中学,2,1
盘锦辽河中学,2,1
盘锦高一,19,1
盘龙区,14,1
盘龙区2025 2026七年级数学,2,1
盘龙区小升初开学考,4,1
盘龙区小升初开学考试卷,4,1
盘龙区开学考,1,1
目牍中考2026 9上数学第一单元试卷,2,1
目牍中考2026，9上数学第一单元试卷,3,1
盱眙中学小升初试卷,2,1
直击双1流  名校名卷,1,1
直击双1流 名校名卷清北卷,4,1
直接开平方法和因式分解法二,2,1
直接开平方法解一元二次方程,1,1
直线 与圆难题,3,1
直线与圆专题,1,1
直线与圆单元检测卷,3,1
直线与圆检测卷,1,1
直线与圆的方程 单元测试卷,9,1
直线与圆的方程单元测试卷,3,1
直线与圆练习,1,1
直线与平面的夹角,3,1
直线与平面的夹角笔记,1,1
直线及方程,4,1
直线和圆单元卷高中数学,16,1
直线和圆压轴题,1,1
直线和圆的方程 测试卷,13,1
直线和圆的方程测试卷,12,1
直线和圆的方程重点题型,1,1
直线和圆的方程，测试卷,2,1
直线数学人教,13,1
直线方程专题,5,1
直线方程和圆,10,1
直线方程重要题型,1,1
直线的倾斜角与斜率,3,1
直线的参数方程,1,1
直线的方程上海,5,1
直线运动2027一轮,1,1
直线运动一轮复习,3,1
直线运动和相互作用,1,1
直角三角形,1,1
直角三角形 2025专题复习,1,1
直角三角形斜边上的中线,3,1
直通车,3,1
相互作用,1,1
相互作用 力,4,1
相互作用 力2027一轮复习,7,1
相互作用一轮复习,6,1
相互作用一轮复习专题,2,1
相互作用力平衡力,1,1
相交线,1,1
相交线与平行线,7,1
相似 三角形,1,1
相似 三角形 025 专题压轴,2,1
相似三角形与二次函数组合卷,5,1
相似三角形专题复习,9,1
相似三角形专题练习,3,1
相似三角形中的几何模型,2,1
相似三角形北,1,1
相似三角形北大师,1,1
相似三角形北师大,4,1
相似三角形单元卷,1,1
相似三角形单元测试卷湘教版,1,1
相似三角形卷,2,1
相似三角形压轴,5,1
相似三角形压轴小题,1,1
相似三角形四川专题复习,1,1
相似三角形的似位,1,1
相似三角形的位似,1,1
相似三角形的判定,4,1
相似三角形的应用,2,1
相似三角形的模型,1,1
相似三角形练习,1,1
相似三角形视频,2,1
相似中档,1,1
相似几何证明,9,1
相似单元,2,1
相似压轴题,8,1
相似图形,3,1
相似多边形北师大,4,1
相似帮课堂,1,1
相似综合,9,1
相在古文中的区别,3,1
相对原子质量,2,1
相对原子质量和相对分子质量的计算,1,1
相知何必曾相逢,1,1
省二南湖周测4,12,1
省二高新周测4,6,1
省前中国际分校2028届高一下学期期末试卷生物试卷,5,1
省吾,1,1
省吾中学分班考,2,1
省实,1,1
省实26年高二联考,1,1
省实验 2026.6,3,1
省实验 2026广东,7,1
省实验 2026第一章测试,1,1
省实验语文,4,1
省实验高一物理上期中考试卷,1,1
省实验高三,1,1
省实验高二下期中物理试卷,1,1
省泰中月考,1,1
省泰州,2,1
省重点,8,1
省重点高中,2,1
省锡中2026无锡,2,1
眉县,17,1
眉山东坡区零诊,11,1
眉山市2025年八年级下册物理期末试卷,4,1
眉山市2026中考,1,1
眉山市东坡区2024年数学中考试卷。,5,1
眉山市仁寿县2024年八下物理期末考试题,3,1
眉山市仁寿县2026年物理中考题,10,1
眉山市仁寿县物理中考题,1,1
眉山市八年级下册物理期末考试题,4,1
眉山市强基卷,3,1
眉山市强基卷初中,3,1
眉山市彭山一中高一期末,1,1
眉山市彭山区,1,1
眉山市清华附中初阶入学考试,4,1
眉山市高二数学期末考,1,1
眉山市高二数学期末考上,6,1
眉山数学,24,1
眉山零诊,1,1
看书,1,1
看书问题,3,1
看图写话一年级下册,7,1
看图写话训练,1,1
看拼音写词语,2,1
真光11月初一,2,1
真光12月初一数学,3,1
真光初一上期中英语,2,1
真光初一下期中英语,1,1
真光高一物理期末,2,1
真相是一只鸟,2,1
真题分类,4,1
真题圈,1,1
真题圈五上数学三单元,3,1
真题圈八上英语,1,1
真题圈八下英语,1,1
真题圈八下英语专项复习五,4,1
真题汇编,2,1
真题演练 四则运算,2,1
真题的逻辑,1,1
真题的逻辑，北师大版数学7年下,2,1
真题试卷含答题卡,2,1
睢县高级中学,1,1
睢宁县,6,1
睢宁县数学创培试卷,26,1
睢宁县数学素养大赛,12,1
睢宁县期中七年级上册试卷真题,8,1
矛盾论实践论,1,1
矢量三角形,1,1
知临中学,1,1
知识,2,1
知识 点,1,1
知识 点选择性,7,1
知识复习,6,1
知识总结,3,1
知识清单生物,5,1
知识点互联网思路导航，例题精讲，点题精练,8,1
知识点八上,1,1
知识点八上英语译林,2,1
知识点复习化学,1,1
知识点复习化学高一,1,1
知识点归纳总结,5,1
短型探索压轴题,1,1
短文填空专项练习,3,1
短文填词 2026仁爱版英语七下,4,1
短歌行,3,1
短短几个月开源ai工具,2,1
短语,8,1
短语搭配词汇,3,1
短语类型,1,1
石光中学,5,1
石嘴山市三中月考,6,1
石嘴山市第一中学2023一2024学年高二年级上学期期末测试，英语,11,1
石嘴山市第三中学,1,1
石嘴山市第三中学2025年到2026年高一下学期期末数学测试,1,1
石室,2,1
石室中学数学考试,1,1
石室天府,1,1
石室联合中学2025新初一分班考,9,1
石室联合中学2025新初一分班语文,1,1
石室零诊,2,1
石家庄 43 中,3,1
石家庄2026高一下期末数学,21,1
石家庄40中七年级分班考,3,1
石家庄一中高一2025第一次月考,1,1
石家庄一模,4,1
石家庄七年级分班考试卷,2,1
石家庄三模,2,1
石家庄二中教育集团,1,1
石家庄二中数学竞赛,1,1
石家庄二中数学高中,2,1
石家庄二中新高一分班考试卷,1,1
石家庄二中高一上数学竞赛,1,1
石家庄二中高一下学期期末,4,1
石家庄二中高一下学期期末英语,1,1
石家庄二中高一第一次月考物理,9,1
石家庄二十三中 新初一 分班,2,1
石家庄二模,4,1
石家庄八上期末,7,1
石家庄八年级第一学期第一单元数学测试,1,1
石家庄八年级第一学期第一单元数学阶段性测试,6,1
石家庄分班考,1,1
石家庄分班考小升初,1,1
石家庄化学期中试卷,1,1
石家庄化学高一期中试卷,1,1
石家庄四十三中,1,1
石家庄四十二中,3,1
石家庄外国语7下,6,1
石家庄实验中学,3,1
石家庄小升初,1,1
石家庄小升初七年级分班考,1,1
石家庄小升初分班考,2,1
石家庄小升初分班考数学,1,1
石家庄小升初真题试卷,2,1
石家庄市20206届普通高中学校毕业年级教学质量摸底检测,1,1
石家庄市20206届普通高中学校毕业年级教学质量摸底检测 英语试卷,6,1
石家庄市2023-2024学年度第二学期期末教学质量检测,1,1
石家庄市2026 届普通高中学校毕业年级教学质量摸底检测,1,1
石家庄市2026春期末新教材素养卷,2,1
石家庄市2026春期末新教材素养卷一八年级英语,5,1
石家庄市中2026年高一上学期期中考试数学卷,3,1
石家庄市初二二模,2,1
石家庄市新华区 六年级下册 数学 期末学业质量监测 冀教版,1,1
石家庄市桥西区十七中,3,1
石家庄市润德新高一分班考试卷,1,1
石家庄市润德新高一第一学期分班考试卷,3,1
石家庄市第17中学2025至2026学年第二学期初一年级期末英语试卷,1,1
石家庄市第17中学2025至2026学年第二学期初一年级期末语文试卷,2,1
石家庄市第一中学 2024~2025 学年高二下学期期末化学试卷,4,1
石家庄市第一中学2024至2025年第一学期高一第二学期期末语文试卷,1,1
石家庄市第八十一中学,1,1
石家庄市精英中学2025-2026学年第二学期第一次调研考试,2,1
石家庄市裕华区,15,1
石家庄市辛集市高一期末,2,1
石家庄市辛集市高中期末,1,1
石家庄市高一下学期期末,2,1
石家庄摸底考试,50,1
石家庄新华区,5,1
石家庄期中,9,1
石家庄期末,7,1
石家庄润德九上期末数学,1,1
石家庄第81中学,8,1
石家庄第八十一中学,1,1
石家庄精英中学数学竞赛,1,1
石家庄精英英语月考,1,1
石家庄英文2026中考,6,1
石家庄藁城第八中学,5,1
石家庄高一,92,1
石家庄高一上学期英语,2,1
石家庄高一第一次月考,2,1
石家庄高三,28,1
石家庄高柱区,1,1
石屏县第一中学,1,1
石景山,9,1
石景山一模,3,1
石景山二模,2,1
石景山初三上数学期末,2,1
石柱民族中学,1,1
石柱第一初级中学,10,1
石河子一中,2,1
石湾第二小学,1,1
石狮一中,1,1
石狮二中,1,1
石狮市七年级下册,2,1
石狮市第一中学,4,1
石狮第七中学,2,1
石狮第三中学,4,1
石狮第九中学,1,1
石狮第二中学,2,1
石狮第五中学,2,1
石狮第八中学,6,1
石狮第四中学,1,1
石羊,3,1
石羊七月,1,1
石羊中学,4,1
石莱中学,3,1
石门一中物理,1,1
石门一中物理期中卷,1,1
石门一中高一,3,1
石门中学高一英语,1,1
石门中学高三,2,1
石门中学高三生物,2,1
石首,4,1
砀中 高一入学摸底测试,1,1
砀山一中七校联考,4,1
砚山县,3,1
硕放中学,3,1
硚口区,3,1
硚口区高三7月新起点,9,1
硫 及其化合物10大题型专项练高一,13,1
硫及其化合物,5,1
硫酸四氨合铜 滴加硫酸 pH突变 碱式硫酸铜 Va:Vb=21:19,3,1
确山县任店镇,7,1
确山县小升初,1,1
碑林区,6,1
碑林区高一期中统考,5,1
碰撞问题、类碰撞问题,9,1
碱基配对计算,2,1
碳酸钠和碳酸氢钠对比,1,1
磁 场 2025复习,6,1
磁单元卷,12,1
磁场专题,3,1
磁场中的螺旋运动,3,1
磁场中的螺旋运动物理,1,1
磁场叠加问题,5,1
磁场叠加，安培力,6,1
磁场和磁感线,8,1
磁场必修三,2,1
磁学大题,4,1
磁灶中学,16,1
示性函数,1,1
示范区,1,1
礼嘉中学,4,1
礼泉一中,3,1
社会中考大题,8,1
社区网格员考试题,1,1
社工,4,1
社旗2026,2,1
社旗2026数学,1,1
社旗2026数学六年级,3,1
社旗七年级期末数学,2,1
社旗六年级期末数学,4,1
社旗六年级英语,1,1
社旗县中考试卷英语,5,1
社旗县中考试卷英语，九年级,1,1
社旗县六年级,3,1
社旗县六年级下册数学期末,3,1
社旗小升初英语,1,1
祁东,14,1
祁东一中,3,1
祁东二中期末,4,1
祁阳一中提前招生数学试卷,2,1
祁阳一中数学物理试卷沃土计划,3,1
祁阳一中数学试卷提前招生,6,1
祁阳一中数学试卷沃土计划,1,1
祈福新邨学校八年级物理试卷,1,1
祖卷网,1,1
神州智达,3,1
神木中学数学,4,1
神经系统试卷2026新版八上人教,9,1
神经调节【,2,1
神经调节习题,7,1
神经调节的基本方式,1,1
祥和六年级分班考,5,1
禀赋班数学,24,1
禀赋班数学相似,1,1
禀赋班相似三角形,34,1
福一中高一上学期物化生数四科的试卷,8,1
福三期中,1,1
福九期中,2,1
福九联盟 2023 2024 学年高一下学期期末联试卷,1,1
福九联盟 2025高二上学期期末,2,1
福九联盟 2025高二下学期期末,1,1
福九联盟(高中)2025-2026学年第二学期期末联考 高中一年化学科试卷,3,1
福九联盟24 25高一下学期期末,2,1
福九联盟25 26高一下学期期末,1,1
福九联盟25 26高三,1,1
福九联盟25 26高三上学期期中,1,1
福九联盟25 26高二下学期期末,1,1
福宁古五校2023-2024高二上学期期末质量检测数学试卷,4,1
福宁古五校2024-2025高二上学期期末物理质量检测数学试卷,1,1
福宁古五校2024-2025高二上学期期末质量检测数学试卷,2,1
福宁古五校2025-2026高二上学期期末物理质量检测数学试卷,1,1
福宁古五校2025-2026高二上学期期末质量检测数学试卷,2,1
福宁古五校联考物理,4,1
福州 8月质检,1,1
福州 一检,1,1
福州2025-2026八年级语文期末,2,1
福州2025期末数学九年级上册期中物理,1,1
福州2025期末数学九年级上册期末数学,1,1
福州2026年五年级下册英语期末试卷人教版真题,1,1
福州一中 2025 2026高三上数学期末,9,1
福州一中 2025 2026高三上物理期末,3,1
福州一中 2025 2026高三下物理,4,1
福州一中 2025 2026高三下物理期末,4,1
福州一中2024～2025学年度第二学期期中考试初一数学卷,6,1
福州一中2025至2026学年第二学期第四学段模块考试,10,1
福州一中八年级,1,1
福州一中八年级上册,2,1
福州一中八年级上册数学,1,1
福州一中数学,1,1
福州一中自主招生考试试卷,3,1
福州一中高二数学,1,1
福州一检,1,1
福州一模,1,1
福州一模第一次质量检测,1,1
福州一种中高一数学,1,1
福州七上期中,14,1
福州七上第三次月考卷,4,1
福州七中,2,1
福州三中高一第一次月考,1,1
福州三中高一第一次月考数学,1,1
福州三中高二下学期语文期末试卷,6,1
福州三字高二下学期语文期末试卷,1,1
福州三年级下册数学人教版期末,1,1
福州中考,5,1
福州九上反比例函数,2,1
福州九上开学考十九中,3,1
福州九上开学考十九中数学,1,1
福州九上数学开门考,6,1
福州九校联盟2023-2024学年高一下学期期中联考物理试卷,1,1
福州二中、,1,1
福州二中、四中、屏东、十八中 高一上学期期中联考,1,1
福州二中高三,2,1
福州八下期末考,1,1
福州八下英语期末杨桥中学,1,1
福州八中高一下期末英语试卷,1,1
福州八县协作校2024 2025高二下,3,1
福州八年级上册数学练习卷,1,1
福州初中自主招生,2,1
福州十一中,2,1
福州十八中2025-2026,1,1
福州十八中2025-2026学年第二学期期末考试,1,1
福州十六中九上开门考,1,1
福州华伦中学,2,1
福州华侨中学开门考,3,1
福州四中,3,1
福州外国语,1,1
福州外国语高一开门考,2,1
福州外国语高一月考,2,1
福州实验小学,1,1
福州屏东中学2024 2025学年第二学期七年级英语期末模拟练习,7,1
福州市2025-2026高三语文第一次质量检测考试,1,1
福州市2025至2026学年高一下学期期末质量检测期末质量检测质量检测物理,3,1
福州市8月质检,1,1
福州市七上数学期末试卷,4,1
福州市七年级上册数学期末统考,5,1
福州市八上末地理,1,1
福州市八上末物理,1,1
福州市八年级下册数学试卷,2,1
福州市十六中学七上数学期末试卷,10,1
福州市十六中学七上数学试卷,2,1
福州市华威中学七上数学期末,4,1
福州市台江区四年级下册期末数学试卷,1,1
福州市台江区四年级下册期末试一下,1,1
福州市质检卷,6,1
福州市质检物理,1,1
福州市闽侯县八上期中物理,7,1
福州市闽侯县八上期末地理,3,1
福州市马尾区九年级学初,2,1
福州市马尾区九年级开学适应性,1,1
福州市马尾区九年级物理第一单元,2,1
福州市马尾区化学期中,4,1
福州市高三年级第1次质量检测,3,1
福州市高三年级第一次质量检测英语,1,1
福州市高三英语第一次质量检测,2,1
福州市高三英语质量检测,2,1
福州市高三语文3月质量检测,1,1
福州市高三质检物理,1,1
福州市鼓楼区九年级物理第一单元,3,1
福州师大附中,10,1
福州延安中学,2,1
福州延安中学2024 2025学年第二学期期末考初一英语试卷,5,1
福州延安中学2024-2025学年第二学期期末考初一英语试卷,1,1
福州开学考,1,1
福州开门测九年级数学,1,1
福州开门测六年级数学,1,1
福州开门测数学,1,1
福州开门考数学,1,1
福州开门考数学十二中,1,1
福州数学,7,1
福州日升中学高一上学期期中考和月考物理试卷,1,1
福州日升中学高一上学期物理试卷,11,1
福州格致,3,1
福州格致中学开门考,3,1
福州格致中学高一月考卷,1,1
福州省实验小学,1,1
福州福九联盟 高一 期中 期末,12,1
福州福九联盟 高一 期末,1,1
福州第一中学,9,1
福州语文一模,1,1
福州运动学,1,1
福州铜盘中学,1,1
福州闽侯六上数学期末,8,1
福州闽教版六年级数学,3,1
福州阳光实验高中,2,1
福州高一上,1,1
福州高一上学期,3,1
福州高一上学期期中考和月考物理试卷,18,1
福州高一下物理期末考试,2,1
福州高一英语书,2,1
福州高三一检,4,1
福州高三一模8月份质检,1,1
福州高三一模质检,1,1
福州高三质检,2,1
福州鼓楼六上期末数学卷,13,1
福建  2026 中考,7,1
福建2026一检数学,3,1
福建2026中考化学,1,1
福建2026中考数学,1,1
福建2026中考英语听力答案,1,1
福建2026高考,2,1
福建2026高考历史,29,1
福建2027新高一上册拔高,42,1
福建8年级上物理期中考,1,1
福建七地市联考,18,1
福建七年级物理期中考,1,1
福建专用,5,1
福建中考2026,3,1
福建中考2026解读,4,1
福建中考模考,1,1
福建中考语文训练,4,1
福建中职语文2025 高考试卷,2,1
福建九上开学考,3,1
福建九上期中,18,1
福建九地市语文试卷,3,1
福建九年级上学期undefined,3,1
福建九年级上学期阶段检测,2,1
福建九年级下学期期末,1,1
福建二检,1,1
福建五年级下学期升学模考,1,1
福建人教版高一上学期英语考试,5,1
福建会考,1,1
福建会考日语,3,1
福建八下物理期末试卷,6,1
福建八年级上学期期中,1,1
福建八年级上学期阶段检测,1,1
福建六地市2026届高三第一次j质检英语,1,1
福建六年级下学期中考模考,1,1
福建初一数学,3,1
福建初一数学数轴,1,1
福建初一数学数轴。华东师。,2,1
福建初一数学数轴。华东师大吧。,1,1
福建初三数学质检,1,1
福建初中数学,5,1
福建初中语文高频词语,2,1
福建升学模考,33,1
福建厦门,3,1
福建厦门八下数学,1,1
福建厦门八下数学期末,4,1
福建厦门市拔尖创新区赛和市赛模拟,1,1
福建厦门第一中学,8,1
福建厦门高三一模,1,1
福建厦门高二市统考,1,1
福建四年级上学期阶段检测,3,1
福建学考,14,1
福建宁德七年级下学期期末  数学,1,1
福建宁德七年级下学期期末  语文,1,1
福建宁德八年级上学期期中 数学,1,1
福建宁德八年级上学期期末中 语文,1,1
福建实验。,3,1
福建师大附中2024-2025高二下期末考卷生物试题,1,1
福建师范大学附属中学,1,1
福建招生模考,4,1
福建政治会考提纲,1,1
福建政治初中三模厦门,1,1
福建数学,1,1
福建数学合格性考试,21,1
福建数学期末,4,1
福建数学期末泉州,3,1
福建期末卷龙岩,29,1
福建泉州2025届高三一检英语听力,7,1
福建泉州南安,2,1
福建泉州安溪高一下学期考试数学,3,1
福建泉州安溪高一下学期考试语文,2,1
福建泉州市第五中学初一下,14,1
福建漳州市2025至2026期末数学试卷,3,1
福建漳州市2025至2026期末英语试卷,1,1
福建漳州市2025至2026高一下学期期末数学试卷,5,1
福建物理必修一期中考,1,1
福建物理高考,1,1
福建生物,5,1
福建百强校九上期中,4,1
福建百强校九下期中,7,1
福建省,1,1
福建省 2 025普通高中学业水平合格考英语,2,1
福建省 2 025物理6月普通高中学业水平合格考,10,1
福建省 2026 年。地理中考,1,1
福建省20242025联考,2,1
福建省2024年6月学业水平考试数学,1,1
福建省2024年6月学业水平考试通用,1,1
福建省2025 年高考,3,1
福建省2025年生物学考,1,1
福建省2025联考,1,1
福建省2026 4月数学省一检高三,1,1
福建省2026 4月数学省二检高三,7,1
福建省2026 4月数学省自检高三,2,1
福建省20264月数学福建省自检高三,1,1
福建省2026福建省自检高三,6,1
福建省2026福建省自检高三4月,1,1
福建省8,1,1
福建省七年级下册期末考试,3,1
福建省三明市2025 2026学年七年级下学期期末,4,1
福建省仙游一中,1,1
福建省仙游一中高三,1,1
福建省仙游一中高三暑假语文,3,1
福建省仙游一中高三暑假语文2025-2026,2,1
福建省初一下南安市学期地理期末试卷,1,1
福建省初一下学期地理期末试卷,7,1
福建省南平市2024 2025学年高一下学期期末考试英语试题,2,1
福建省南平市地理高二上期中测试,4,1
福建省南平市数学高二上学期期中测试,1,1
福建省南平市数学高二上期中测试,6,1
福建省南平市浦城县2025~2026学年九年级上学期第1次质量检测数学试题,1,1
福建省厦门双十中学2025-2026学年高一上学期10月月考数学试卷,3,1
福建省厦门市2026年二模,1,1
福建省厦门市初一上学期数学期末考试,9,1
福建省厦门市同安第一中学2025~2026学年高二上学期第1次月考物理试卷,1,1
福建省厦门第一中学8上,1,1
福建省厦门第一中学初一上数学,1,1
福建省厦门第六中学,25,1
福建省厦门第十中学2025-2026学年高一上学期月考质量检测物理试题,2,1
福建省双十中学,12,1
福建省名校联盟,18,1
福建省学考,1,1
福建省宁德市中考英语高频词,10,1
福建省宁德市化学期末,1,1
福建省宁德市福鼎市第四中学2025-2026学年高三上学期12月月考英语试题,3,1
福建省宁德市英语高频词,5,1
福建省安溪县第一中学,3,1
福建省安溪县第一中学数学期末试题,4,1
福建省安溪县金火完中学,4,1
福建省安溪县金火完全中学,4,1
福建省安溪县金火完全中学数学期末试题,1,1
福建省师范大学附属中学,7,1
福建省政治必修三,3,1
福建省数学中考,1,1
福建省永春第一中学高二上学期数学,7,1
福建省永春第一中学高二上学期生物,7,1
福建省沙县三中,5,1
福建省泉州市 2024到2025 学年高一上期末检测卷,1,1
福建省泉州市 2025-2026学年高三上学期开学考试语文试卷,1,1
福建省泉州市2025-2026学年度下学期期末高二数学试题,2,1
福建省泉州市2025-2026学年度下学期期末高二英语试题,3,1
福建省泉州市南安市,2,1
福建省泉州市外国语,4,1
福建省泉州市高三上学期开学考试,1,1
福建省省质检,1,1
福建省福州屏东中学,4,1
福建省福州市 化学期末,1,1
福建省福州市2026届高三第一次质量检测,5,1
福建省福州市九年级上册化学期中考,1,1
福建省福州市届高三上学期第一次质量检测,27,1
福建省福州市教育学院附中,2,1
福建省福州市福建师大平潭附中,5,1
福建省福州市闽侯县,1,1
福建省福州市闽侯县2024-2025学年七年级下学期数学期末检测卷,1,1
福建省福州市闽侯县2024-2025学年七年级期末练习生物,1,1
福建省福州市闽侯县2024-2025学年七年级第一学期期末练习生物,2,1
福建省福州市闽侯县七年英语,4,1
福建省福州市闽侯县初一英语,1,1
福建省福州市高一下学期期末考试,4,1
福建省福州第一中学,2,1
福建省福州第一中学同步单元练习卷?：,1,1
福建省福建师范大学附属中学2023-2024学年高三上学期开学 考化学试题,2,1
福建省联盟,1,1
福建省联盟高三上联考,6,1
福建省联盟高三联考,1,1
福建省莆田市2023 2024学年下学期期末质量检测高二化学,7,1
福建省莆田市8年级上册,2,1
福建省莆田市8年级上册五中,1,1
福建省莆田市五中,2,1
福建省莆田市八上五中,1,1
福建省莆田市八上南门,3,1
福建省莆田市化学高二期末考试2023,1,1
福建省莆田市擢英中学,2,1
福建省连城县第一中学2025?2026学年高一上学期入学考试试题,8,1
福建省部分地市2023届高中毕业班第一次质量检测,3,1
福建省部分地市2023届高中毕业班第一次质量检测地理试题,2,1
福建省高三上联考,1,1
福建省高三上联考生物,4,1
福建省龙岩市数学,5,1
福建省龙岩市新罗八上英语半期考试卷。,9,1
福建省龙岩市新罗区2024到2025学年七年级下册期末考,7,1
福建省龙岩市新罗区。,3,1
福建省龙岩市新罗区八上,2,1
福建省龙岩市新罗区八上第一次月考,2,1
福建省龙岩市新罗区月考2024到2025学年七年级下册期末考,1,1
福建省龙岩市第一中学2023~2024学年九年级上学期期中考试物理试题,3,1
福建省龙岩市第一中学锦山学校2023~2024学年九年级上学期期中考试物理试题,9,1
福建福州,1,1
福建福州2023,1,1
福建福州初中,1,1
福建福州化学高三第一次质检,4,1
福建福州市八县联考,16,1
福建福州市长乐区2025-2026学年度第二学期期末阶段反馈练习八年级物理试题,1,1
福建福州福清英语中考听力。,3,1
福建福州英语中考听力。,10,1
福建福州马尾物理竞赛,8,1
福建福鼎八年级上学期期中 数学,3,1
福建福鼎八年级上学期期中 语文,3,1
福建福鼎市八年级上学期期末中 语文,2,1
福建舰是我国完全自主设计建造的,1,1
福建英语中考,2,1
福建英语合格性考试,1,1
福建莆田八上物理单元检测,2,1
福建莆田市拱辰中心小学,4,1
福建莆田第二中学,11,1
福建语文会考卷,1,1
福建语文合格性考试,19,1
福建语文学考卷,2,1
福建语文高中模拟高考,14,1
福建语文高中模拟高考金卷,20,1
福建高一上学期第一次月考试卷,6,1
福建高一上学期英语考试,4,1
福建高一下册化学期末试卷,11,1
福建高一下学期期末考生物,2,1
福建高一下学期期末考试,1,1
福建高一下期末物理,14,1
福建高一入学分班考,3,1
福建高一数学上册第一章,1,1
福建高一语文课本,1,1
福建高三一检,1,1
福建高三上学期阶段检测,9,1
福建高三下学期期末,4,1
福建高三数学,2,1
福建高三英语24年8月质检,5,1
福建高三质检化学,2,1
福建高中古诗文,1,1
福建高二上期中物理,10,1
福建高二上期末物理,1,1
福建高二语文上必背,1,1
福建高二语文必背,4,1
福建高考化学,6,1
福建高考政治,3,1
福建高考数学,6,1
福建高考真题,2,1
福建龙岩,11,1
福建龙岩2025联考物理,6,1
福景外国语学校,3,1
福景外国语学校2024-2025,3,1
福清2025期末数学九年级上册期中物理,4,1
福清元洪中学高一期中,4,1
福清八上数学期中,4,1
福清四年级,1,1
福清奥数竞赛卷,1,1
福清市,42,1
福清市2025 2026七年级上学期数学期中试卷,9,1
福清市2025 2026六年级毕业,6,1
福清市2025 2026六年级毕业质量监测,20,1
福清市2025-2026高二下学期期末,1,1
福清市2025-2026高二下学期期末英语,1,1
福清市七年级上册期中数学,1,1
福清市八上数学,6,1
福清市小学2020-2021学年度第一学期六年级期末质量检测,7,1
福清市生物,1,1
福清思维,1,1
福清思维竞赛,1,1
福清数学,1,1
福清数学思维,2,1
福清物理九上期末考试卷,1,1
福清玉融中学分班,1,1
福清玉融中学分班小升初,5,1
福清高一期末,1,1
福鼎市,4,1
禹城市综合高中,9,1
禹州市五下数学,2,1
禹州市八年级,2,1
禹州市八年级下册,18,1
禹州市八年级分段表,3,1
禹州市惠旺初级中学,1,1
禹州市第一高级中学高一开学分班考试卷子,3,1
禹州市第三高级中学,9,1
禹州市第三高级中学。开学考,1,1
禹州市第三高级中学开学考,1,1
禹州市第二高级中学,1,1
离子 共存 2025专题复习,1,1
离子 方程式2024专题复习练习题,2,1
离子共存 2025专题复习,4,1
离子反应、离子方程式知识点,4,1
离子反应习题,3,1
离子反应卷子,1,1
离子反应方程式的书写,3,1
离子反应高考复习,1,1
离子推断专题,11,1
离子方程式专练,4,1
离子方程式书写,2,1
离子方程式判断,2,1
离子方程式的言论,4,1
离骚 理解性默写,2,1
秀全外国语学校,9,1
秀外,1,1
秀峰中学,8,1
秋季 入学摸底考,8,1
秋季高一入学分班考试模拟卷（北京专用）化学,3,1
秋季高二开学学情检测卷,10,1
秋学期高一年级十月份学情调研,1,1
种子萌发,2,1
种树,3,1
科创考试,3,1
科利华九年级英语,1,1
科利华初三英语,1,1
科学,2,1
科学2025八年级（上）学科期末摸拟检测,1,1
科学3年级下册,1,1
科学创新能力实践活动四级组2025,4,1
科学城一中,3,1
科学强基,5,1
科学类人文类统计题,1,1
科学记数法,1,1
科幻小说阅读,7,1
科普版,3,1
科普版七上第一单元,8,1
科普版七上英语单词可打印默写文档,2,1
科普版七下英语单词可打印默写文档,2,1
科普版八上英语单词可打印默写文档,12,1
科特,1,1
科目一知识点,3,1
秦安一中,1,1
秦汉时期的科技与文化,1,1
秦淮区2025-2026八下期末,6,1
秦淮区数学高一下学期期末试卷,17,1
秦皇岛一中,1,1
秦皇岛安丰高级中学,1,1
秦皇岛市化学,3,1
秦皇岛市第七中学2025-2026八上期中,7,1
秦皇岛海港区,7,1
秦皇岛海港区九下期末,2,1
秦皇岛海港区八上期中,2,1
秦都区,9,1
积余,8,1
积分,1,1
积木,1,1
程稼先,1,1
程稼夫,2,1
程集中学,2,1
稠州中学2026暑假作业,1,1
稠州中学暑假作业,1,1
稳派,1,1
稼轩,10,1
空气中氧气含量的测定,6,1
空间中平行和垂直的证明,4,1
空间中平行和垂直的证明讲义,2,1
空间中的角和距离,2,1
空间中距离,5,1
空间几何体的截面交线问题,2,1
空间受力分析,1,1
空间受力分析，物理,1,1
空间向量与立体几何 12大基础题,5,1
空间向量与立体几何单位基础卷人教A版选必一,2,1
空间向量与立体几何单元测试卷,1,1
空间向量与立体几何第一章单元测试计划,2,1
空间向量与立体几何练习,5,1
空间向量专项练习,2,1
空间向量专题,1,1
空间向量及其线性运算单元卷,3,1
空间向量及其运算A版,9,1
空间向量及其运算空间向量及其定理空间向量及其运算的坐标表示,1,1
空间向量培优专项,1,1
空间向量大题专练,3,1
空间向量检测,3,1
空间向量的应用,2,1
空间向量综合,1,1
空间向量自学,1,1
空间向量运算及定理,1,1
空间向量重点题型,6,1
空间向量重点题型总结,2,1
空间向量题,1,1
空间向量高考题,17,1
空间平行关系,1,1
空间建系,4,1
空间点直线平面之间的位置关系,11,1
空间直角坐标系,1,1
空间角,1,1
空集合概念,1,1
空集合概念练习题,1,1
空集概念,1,1
突破课堂,2,1
立人,1,1
立人高级,1,1
立体,1,1
立体 几何,4,1
立体 几何 2025 年 大题 汇编,1,1
立体几何  空间几何体的结构特征,1,1
立体几何  结构特征,1,1
立体几何 专题大题,7,1
立体几何与直线与圆单元测试卷,2,1
立体几何与空间向量大题,2,1
立体几何专项练习,1,1
立体几何专题,4,1
立体几何专题复习,13,1
立体几何专题拓展,10,1
立体几何公式,1,1
立体几何初步专题三,1,1
立体几何初步专题训练,12,1
立体几何初步单元测试,5,1
立体几何动态及最值问题,3,1
立体几何动态问题,5,1
立体几何动点轨迹,5,1
立体几何动点问题,3,1
立体几何图形初步,3,1
立体几何平行证明,4,1
立体几何找找交线截面,2,1
立体几何拔高题,1,1
立体几何空间向量直线与圆试卷,8,1
立体几何空间向量直线与圆试卷北师大版,8,1
立体几何综合大题,6,1
立体几何表面积和体积联系,1,1
立体几何证明 大题,2,1
立体几何距离,1,1
立体几何重难专题,9,1
立体几何难点,5,1
立体几何题30道,5,1
立体几何高三专项,5,1
立体几何高考真题,1,1
立体几何，专题,1,1
立体平行垂直证明模板,4,1
立信中学中考一模,1,1
立信中学中考一模语文,1,1
立新湖外国语学校,5,1
立方和与立方差,1,1
立方和与立方差公式,3,1
立方差公式初升高,1,1
立方根,3,1
立达,4,1
竖直弹簧问题,1,1
竞赛 202 5 年 初三 专题 化学,2,1
竞赛 202 5 年 初三 专题 数学,4,1
竞赛 几何压轴 二试难度,1,1
竞赛一试,8,1
竞赛初中数学竞赛,1,1
竞赛初中数学竞赛东联,3,1
竞赛初中联赛二世,5,1
竞赛初试,3,1
竞赛初赛,2,1
竞赛化学高中,6,1
竞赛化学高中分子结构,1,1
竞赛思想方法,2,1
竞赛数学,1,1
竞赛数学试卷初中,2,1
竞赛数学高中,25,1
竞赛物理,6,1
竞赛选拔数学卷,3,1
竞赛题初中数学,1,1
竞赛高一,18,1
竞赛高中,1,1
竞赛高中数学,9,1
竞赛高中物理,2,1
章丘,5,1
章丘8下数学期末试卷,1,1
章丘四中,3,1
章丘四中。,1,1
章丘四中第一学期语文月考,1,1
章丘四中，2025年，入学测试卷,2,1
章节测试,4,1
童年 名著,1,1
童年 导读单,1,1
端点效应,7,1
竹园,2,1
竹山中学,2,1
竹溪县第二高级中学,1,1
笔袋app每周必刷题,2,1
笔记历史第二课,9,1
笫一章,1,1
第-讲,4,1
第01练孟德尔的豌豆杂交实验一（一）,5,1
第01讲,1,1
第01讲 物质的分类及转化,3,1
第01讲 物质的分类及转化 题型01 钠的性质及其应用,1,1
第01讲 物质的变化和性质-【暑假自学课】2024年新九年级化学暑假提升精品讲义（人教版2024）,1,1
第02讲匀变速直线运动的规律,4,1
第02讲空间向量的数量及运算,5,1
第03讲运动学图像 追击相遇问题,1,1
第06讲 化学平衡的影响因素,1,1
第06讲 指数与指数函数,1,1
第07讲 化学移动的相关图像,2,1
第08讲 化学反应的方向,2,1
第09讲 化学反应的调控,4,1
第09讲 原子结构与,1,1
第09讲 原子结构与元素周期表,4,1
第10讲 电离平衡,4,1
第11.4节串联电路和并联电路,3,1
第11讲,1,1
第11讲直线,1,1
第12章 函数与一次函数,27,1
第12讲物质的量浓度配制一定物质的量浓度的溶液,1,1
第12讲直线,3,1
第13章学业质量评价八年级上册,8,1
第13章数学三角形题,7,1
第13讲1元二次不等式,2,1
第13讲直线,2,1
第14讲力的合成与分解,1,1
第14讲直线,3,1
第15讲指数函数与对数函数,8,1
第15课 两次鸦片战争,2,1
第15课 早期殖民掠夺,3,1
第17讲,1,1
第17讲 开普勒定律及万有引力定律,3,1
第17讲 投影,5,1
第17讲投影,2,1
第18讲 天体运行规律与人造卫星 复习讲义,7,1
第18讲 遗传综合实验分析 专项训练 2026高考生物一轮复习讲练测,5,1
第1单The Challenge wall,8,1
第1单元二年级上册语文,3,1
第1单元单词人教版,7,1
第1单元检测卷,1,1
第1次月考,1,1
第1次月考新版八上人教,4,1
第1次阶段测试,1,1
第1章,6,1
第1章 集合与常用逻辑用语 章末测试(基础)(解析版),5,1
第1章 集合与常用逻辑用语 章末测试(基础)),1,1
第1章 集合与常用逻辑用语 章末测试),3,1
第1章人体的内环境与稳态 基础通关,2,1
第1章人体的内环境与稳态·基础通关,1,1
第1章直线方程,6,1
第1章直线方程 专项练习,2,1
"第1练不等式,集合与简易逻辑",1,1
第1讲 Unit 1核心语法：时间状语从句（暑假预习讲义）新八年级英语新教材沪教版五四制,7,1
第1讲高三一轮复习数学3,6,1
第1讲高三一轮复习数学三,17,1
第1讲高三一轮复习数学弧,5,1
第1讲高三一轮复习数学立体几何,5,1
第2.4节,1,1
第27届wmo初中七年级奥林匹克数学竞赛复赛试卷,6,1
第28讲免疫调节,5,1
第2单元拔尖特训语文,1,1
第2单元空气和氧气B卷拔高卷,4,1
第2单元第3单元,1,1
第2次调研考试,1,1
第2章 声现象（暑假单元自测）新八年级物理新教材人教版,1,1
第2章函数单元测试,1,1
第2讲（解析版）【暑假辅导班】2021年新高二英语暑假精品课程（外研版2019）,1,1
第34届WMO试题九年级,1,1
第35届WMO试题九年级,1,1
第35届物理竞赛决赛,5,1
第36届物理竞赛决赛,6,1
第37届中国化学竞赛初赛试题,1,1
第39届化学竞赛初赛试题,8,1
第3单元，单元重点单词，短语，句型，语法，精炼。,1,1
第3章 （暑假单元自测）新八年级物理新教材人教版,9,1
第40届扬子石化杯复赛试卷,3,1
第41届物理竞赛决赛,3,1
第42届全国中学生物理竞赛预赛试题答案详解。,3,1
第42届物理竞赛复赛实验,4,1
第6课 戊戌变法,1,1
第8讲钠及其化合物新高一暑假讲义,2,1
第一,1,1
第一、2章,3,1
第一二六中学2025-2026,1,1
第一二六中学2025-2026学年九年,3,1
第一二单元月考卷,7,1
第一二章2026-2027年浙教版，七年级上册,2,1
第一单元万物有灵,2,1
第一单元中国开始沦为半殖民地半封建社会素养清单,6,1
第一单元化学反应的热效应苏教版,2,1
第一单元历史,1,1
第一单元历史选择题,3,1
第一单元古诗考练,4,1
第一单元字音字形,12,1
第一单元月考卷,1,1
第一单元柯桥,4,1
第一单元核心素养能力,2,1
第一单元模拟卷英语,1,1
第一单元测试,2,1
第一单元测试卷数学高一,4,1
第一单元英语精通版测试卷,1,1
第一单元触摸自然,3,1
第一单元试卷,2,1
第一单元高一\数学,5,1
第一学月,13,1
第一学期四上期末考试数学卷子涿州冀教,1,1
第一学期四上考试数学卷子涿州冀教,1,1
第一学期月考试卷,3,1
第一月考,4,1
第一期中,1,1
第一次月考9月高一物理,6,1
第一次月考9月高一物理A卷,126,1
第一次月考。,1,1
第一次月考化学卷,1,1
第一次月考化学长沙四大名校,1,1
第一次月考化学长沙四大名校高一,1,1
第一次月考化学长沙四大名校高一上,2,1
第一次月考化学长沙四大名校高一上师大附中,3,1
第一次月考单项选择题,1,1
第一次月考历史,28,1
第一次月考安徽蚌埠,3,1
第一次月考数学卷学弈,1,1
第一次月考数学卷学易金卷,6,1
第一次月考数学卷学易金卷沪科版,1,1
第一次月考物理,4,1
第一次月考英语,3,1
第一次月考辽宁,1,1
第一次月考辽宁九年级,3,1
第一次调研,1,1
第一章 发酵工程,21,1
第一章 机械运动 单元测试-【上好课】2024-2025学年八年级物理上册同步精品课堂（人教版2024）,2,1
第一章 特殊平行四边形（单元测试·基础卷）数学北师大版九年级上册,3,1
第一章 运动的描述 单元测试,10,1
第一章 运动的描述单元测试卷,19,1
第一章 集合与逻辑用语 章末测试(提升),1,1
第一章 集合与逻辑用语 章末测试(提升2021~2022),5,1
第一章 预备知识：集合、常用逻辑用语、不等式（单元测试·提升卷）数学北师大版2019必修第一册,3,1
第一章举一反三综合训练,4,1
第一章勾股定理，单元测试题。,4,1
第一章发酵工程（背诵版）,15,1
第一章检测物理高一,8,1
第一章物理卷,5,1
第一章物理高一,4,1
第一章物质及其变化（单元自测·基 础通关卷）化学人教版必修第一册,4,1
第一章空间向量与立体几何,5,1
第一章运动的描述B卷,1,1
第一章集合举一反三综合训练,17,1
第一节声音的产生与传播,2,1
第一节空间向量及其运算,1,1
第一节酸及其性质,2,1
第一节：细胞是生命活动的基本单位 同步练习,4,1
第一讲（解析版）【暑假辅导班】2021年新高二英语暑假精品课程（外研版2019）,12,1
第一讲（解析版）【暑假辅导班】新高二英语暑假精品课程（外研版2019）,11,1
第一课,1,1
第一课中国古代政治制度的形成与发展,1,1
第一辑,7,1
第一阶段考,1,1
第七中学2025-2026八上期中,1,1
第七章,2,1
第七章复数高一下,4,1
第七章高一下,4,1
第七讲,3,1
第七讲氧化还原反应的基本概念及配平新高一暑假讲义,12,1
第三,1,1
第三中学,10,1
第三十一中学,10,1
第三十六届全国中学生物理竞赛预赛试卷浙江,4,1
第三单元 全面依法治国 素能测评,15,1
第三单元 全面依法治国 素能测评 天津津味法治文化,18,1
第三章 光的世界单元测试卷 （考试时间:60分钟 试卷满分:100分）沪科版八年级物理,7,1
第三章 函数（单元测试提升卷）数学人教B版2019必修,1,1
第三章 基因工程,4,1
第三章 金属及其重要化合物钠,4,1
第三章 金属及其重要化合物鲁科版钠,12,1
第三章函数的单元测试卷,4,1
第三章函数的奇偶性对称性周期性,1,1
第三章函数的概念与性质,12,1
第三章函数的概念与性质全章综合测试卷,2,1
第三章函数的概念与性质提升卷,6,1
第三章小数除法,25,1
第三章相互作用力,10,1
第三章金属及其化合物,17,1
第三节碳酸钠和碳酸氢钠,2,1
第三高级中学,1,1
第九章二次根式,1,1
第九章培优题,1,1
第九章物理,6,1
第九章物理单元,18,1
第二,1,1
第二中学分校,2,1
第二单元 空气和氧气 测试卷 学生版,2,1
第二单元B卷拔高卷,1,1
第二单元复习,3,1
第二单元空气和氧气 测试卷,2,1
第二学期期末,6,1
第二完全学校初中部七年级分班考试,2,1
第二完全学校初中部小升初分班考试卷,2,1
第二完全学校小升初分班考试卷,2,1
第二实践,1,1
第二新华,4,1
第二次t8联考,2,1
第二次月考卷,1,1
第二次调研考试,6,1
第二章 发酵工程,1,1
第二章 有理数及其运算,5,1
第二章 直线和圆的方程单元测试-2026-2027学年高二上学期数学人教A版选择性必修第一册,3,1
第二章 细胞工程,12,1
第二章2.1函数的概念,2,1
第二章不等式单元测试卷,21,1
第二章匀变速直线运动的研究 单元测试,1,1
第二章匀变速直线运动的研究 单元测试-广东省东莞市2022-2023学年高一上学期物理人教版,2,1
第二章匀变速直线运动的研究 单元测试-广东省东莞市2022-2023学年高一上学物理人教版,2,1
第二章地理,2,1
第二章声现象单元检测,2,1
第二章直线匀,2,1
第二章第三节分子结构与物质的性质,6,1
第二节内能,3,1
第二节水的电离和溶液的ph,21,1
第五中学,1,1
第五章 三角函数,2,1
第五章。抛体运动知识清单,6,1
第五章抛体运动,1,1
第五章抛体运动知识清单,19,1
第五章抛体运动知识清单思维导图,1,1
第五章抛体运动（知识清单）,4,1
第五章透镜,1,1
第五讲,2,1
第八中学合肥,3,1
第八十中学,1,1
第八章,7,1
第六中学,1,1
第六单元,3,1
第六章 平面向量及其应用,1,1
第六章几何图形初步单元测试卷,8,1
第六章化学反应与能量 知识点填空,1,1
第六章圆周运动,3,1
第六章圆周运动学案,2,1
第六，ha,1,1
第十一中学,1,1
第十一单元 在北京的工作情况（41-44课）思维导图”,1,1
第十三届 数学创新应用科普活动 高一年级,10,1
第十二届 数学创新应用科普活动 高一年级,1,1
第十五中学,5,1
第十五讲圆,1,1
第十五课早期殖民掠夺,1,1
第十八中学,1,1
第十四届中国北方数学奥林匹克,1,1
第十章,4,1
第十章综合复习,4,1
第四中学,8,1
第四单元,2,1
第四章 三角形 暑假复习巩固 2025--2026学年北师大版七年级数学下册,3,1
第四章 生物技术安全与伦理问题,16,1
第四讲氧化还原的基本概念去,4,1
第字音字形,1,1
第讲直线,1,1
第零三讲化学反应速率与平衡图像分析,3,1
等和线定理,3,1
等和线定理专题,1,1
等差与等比数列,1,1
等差与等比数列的综合小题,1,1
等差数列 4年级,2,1
等差数列与等比数列,7,1
等差数列前n项和,2,1
等差数列及其前n项和,3,1
等差数列基础练习,5,1
等差数列练习,3,1
等差等比,5,1
等差等比数列,3,1
等差等比数列专题复习,6,1
等效平衡 化学,1,1
等效平衡 高二专项,1,1
等效平衡 高二化学,2,1
等效平衡习题,3,1
等比基础,4,1
等比数列及其前n项和,3,1
等温变化,5,1
等温变化等压变化等容变化,3,1
等积变形,3,1
等腰三角形 1 等腰三角形的专项练习,1,1
等腰三角形的专项练习,4,1
等边三角形,3,1
等边三角形和等腰三角形,1,1
等边三角形的专项练习,4,1
等高线,3,1
等高线地形图 2026一轮复习地理,3,1
等高线地形图的认识与应用。试卷,5,1
等高线经纬线,3,1
答司马谏议书默写,2,1
答案 2026湖北物理八年级,1,1
答案 2026湖北语文八年级,2,1
答案山东省潍坊市高二下学期学业质量评价,22,1
答谢中书书,1,1
答题卡数学,5,1
答题卡语文,11,1
答题卡语文小学,1,1
答题技巧语文六年级,2,1
答题格式,2,1
答题模板,1,1
答题模版,3,1
筛选,1,1
筛选【免费资料】，高考英语3500词正序/乱序PDF、Word打印版。,6,1
筠溪,1,1
筱湘,1,1
签约试题,7,1
简 爱 1 10章 情节梳理,1,1
简便计算 100道,1,1
简便计算 100道6年级,3,1
简便计算 100道小升初,1,1
简便计算 4年级下册,14,1
简便计算 小升初,3,1
简便运算,10,1
简单受力分析,3,1
简单句 5种基本句型,3,1
简单机械,1,1
简单机械与功单元测试卷,5,1
简单机械功的计算初三,4,1
简单机械单元,2,1
简单物理卷子,3,1
简单电路,5,1
简单电路的连接问题,3,1
简单的静电现象同步练,5,1
简单的静电现象同步练分层作业,1,1
简单的静电现象同步练分层作业十一章,1,1
简爱 中考真题,1,1
简爱 名著导读,1,1
简爱中考,1,1
简爱中考真题,3,1
简爱习题,1,1
简爱任务单,4,1
简爱名著导读,2,1
简爱名著阅读专项,3,1
简爱名著阅读专项语文,21,1
简爱导读,1,1
简爱知识点梳理,6,1
简爱练习题,3,1
简答型阅读理解中考英语专项训练,7,1
简答题,1,1
简谐,5,1
粤教版物理必修3真题,3,1
精华,3,1
精华入学,1,1
精华定位,3,1
精品,11,1
精品解析宁夏师范大学附属中学2025到2026学年第二学期期末考试高一数学卷,3,1
精品解析：山东省聊城第三中学2025-2026学年高一上学期第一次月考,4,1
精品解析：河北沧州市2025—2026学年度冀教版（三起）（2012）第二学期期末教学质量评估五年级英语（原卷版）,1,1
精品解析：福建福州市长乐区2025-2026学年度第二学期期末阶段反馈练习八年级物理试题,1,1
精品解析：福建莆田市2025-2026学年下学期期末质量调研试卷高二物理（解析版,1,1
精品资源,5,1
精彩三年,1,1
精彩三年生物选修一,1,1
精彩三年高考尖峰,3,1
精彩练习,12,1
精忠,2,1
精析巧练,1,1
精炼测评9年级上册数学华师版本,3,1
精炼测评数学9年级上册华师版本,1,1
精简搜索：?商师联盟 高一下期末语文,1,1
精简搜索：?许昌 高一下期末语文,1,1
精英初中数学期中考试,3,1
精英未来,1,1
精英未来高级中学,2,1
精英课堂三点分层作业,5,1
精诚,1,1
精诚联盟数学,5,1
精诚联盟生物,3,1
精通版小学英语单词,1,1
糖水浓度,3,1
系动词,1,1
系动词 初中,9,1
系统动能定理,2,1
紅岩 知识点汇总,2,1
紅星照耀中国,5,1
紅星照耀中国 2023年 2025年中考真题,4,1
紅星照耀中国 2026年知识点,2,1
紅星照耀中国1 5章知识点梳理,2,1
紅星照耀中国分章节练习,4,1
紅星照耀中国分章节练习题,4,1
素养,1,1
素养提升卷（一）-2027届高三英语一轮复习专项,5,1
素养提升练,4,1
素养测评（四）物理,4,1
紫东实验,1,1
紫云中学,3,1
紫竹,1,1
紫竹园中学,3,1
紫金,2,1
紫金中学,2,1
紫金县紫金中学,4,1
累加法 累乘法求通项公式,6,1
組卷网,8,1
綦江中学,5,1
綦江区七年级下册期末试卷,6,1
繁昌区,1,1
繁昌区第一中学自主招生考试,2,1
繁昌区第一中学自主招生考试2024,3,1
红卷,11,1
红安一中高三五月,1,1
红安一中高三五月模拟,1,1
红安县,11,1
红安实验中学教联体,3,1
红对勾 2026版大一轮复习英语,1,1
红对勾 2027版大一轮复习物理,2,1
红对勾 2027版大一轮复习英语,7,1
红对勾英语,1,1
红对勾讲与练 大一轮复习全新方案 高三地理 XJ 练习手册,9,1
红对勾讲与练 高三地理,7,1
红对勾讲与练高三语文基础版,1,1
红岩分章节考点,3,1
红岭,3,1
红岭中学 新高一,7,1
红岭中学2025~2026九年级期中数学试卷 深圳市,3,1
红岭中学高二,5,1
红岭入学,1,1
红岭开学,3,1
红岭数学高二,3,1
红岭高一英语期中下侧,1,1
红岭高一英语期中下车,1,1
红岭高一英语期末,3,1
红旗高中期末大连,2,1
红旗高中期末大连搞一下,1,1
红旗高中期末大连高一下,3,1
红星照耀中国专项练习,6,1
红星照耀中国手抄报,1,1
红星照耀中国试卷,19,1
红星照耀中国青少年版,1,1
红星照耀中国青少年版批注,1,1
红桥区英语,4,1
红桥区高一期末物理试卷,5,1
红桥期中,4,1
红楼梦 知识点梳理,4,1
红楼梦中,1,1
红楼梦中的宴会,4,1
红楼梦整本书阅读  逐回梗概 高中专用,6,1
红楼梦整本书阅读检测,1,1
红楼梦读后感,1,1
红河州,2,1
"红河州,文山州2026届高中毕业生第一次复习统一检测化学",4,1
红河州一中实验中学,6,1
红色电影的课件,3,1
纯全效学习七年级下册数学浙教版,1,1
纯欲,2,1
纯激素,1,1
纯计算,7,1
纲要上历史第15课,2,1
纳雍,9,1
线和角的课件人教版,1,1
线性代数,1,1
线性代数 大学,1,1
线速度角速度,8,1
线面平行 面面平行,2,1
练习,1,1
练习16物质的跨膜运输,1,1
练习册,7,1
练习册七年级下,1,1
练习册八上,9,1
练习卷,2,1
练习标点符号,1,1
练习标点符号二年级上册,2,1
练习标点符号二年级上册语文,1,1
练字帖,1,1
练客中考,1,1
练客中考安徽新中考英语课标词汇,1,1
练客中考英语课标词汇,1,1
练客中考英语课标词汇记背2026,4,1
练客安徽新中考,1,1
练客安徽新中考2026,12,1
练时态,5,1
练案 数学 九年级 下册 ?BSD,1,1
练词汇,4,1
练语法,9,1
练语法填空,13,1
组 卷 网,1,1
组券网,1,1
组卷网e卷通,1,1
组卷网小升初,2,1
组卷网小升初数学试卷,10,1
组合卷,1,1
组合数,7,1
组成细胞的分子,9,1
细胞,10,1
细胞中的糖类和脂质,4,1
细胞分裂专题卷,13,1
细胞分裂图像专题卷,2,1
细胞呼吸,3,1
细胞呼吸和光合作用,6,1
细胞呼吸方式判断,1,1
细胞学说,4,1
细胞工程学案,2,1
细胞是生命活动的基本单位,3,1
细胞的增殖,7,1
细解巧练语文8年级上册,4,1
细解巧练鲁科版英语,5,1
织金,48,1
织金县2025 2026学年度第一学期期末质量检测 七年级 英语,5,1
织金县2026,3,1
织金县2026年英语试卷,1,1
织金县2026年英语试卷八年级下册,3,1
织金育才,5,1
绍兴2026期末高二,2,1
绍兴一中高一期中考英语,1,1
绍兴二模,1,1
绍兴元培中学初一分班考,12,1
绍兴国杰七下期末,2,1
绍兴市 技术,4,1
绍兴市2024学年第二学期高二期末考试化学,6,1
绍兴市2025学年第二学期高中期末调测高二语文语文,5,1
绍兴市2025学年第二学期高二期末考试化学,2,1
绍兴市2025学年第二学期高二期末考试语文,3,1
绍兴市2025学年第二学期高二期末调测高二化学,4,1
绍兴市2026届高三上学期11月选考科目诊断性测试 Z,7,1
绍兴市九年级分类评价,1,1
绍兴市九年级分类评价数学试卷,1,1
绍兴市九年级分类评价科学试卷,1,1
绍兴市九年级创新班提前批分类评价,2,1
绍兴市越城区绍一初七年级新生初中起点,11,1
经典力学,5,1
经开一中,1,1
经开四小,1,1
经开第一学校,2,1
经济,5,1
经济 与社会026 主观题,2,1
经济 与社会026 主观题答题话术,5,1
经济与社会主观题大招花术,5,1
经济主观题,1,1
经济主观题政治,1,1
经济大题,4,1
经济重心南移,2,1
经济重心南移题,5,1
经济重心南移高中题,4,1
经纬网的判读及应用,1,1
经论学典学霸黑白题,15,1
结晶,1,1
结构化学,8,1
给儿子的信,1,1
给我2023年河北中考数学卷子,4,1
给我出立体几何线面，线线，面面平行的基础和中档题各20道,3,1
给我找2022~2025高考卷,1,1
绝对值不等式和根式不等式的题目,6,1
绝对值专练,2,1
绝对值专题,6,1
绝对值化简,3,1
绝对值化简求值,1,1
统编版 学案53 文言文教材训练,4,1
统编版选择性必修上册文言文知识清单,4,1
统编版选择性必修上册文言文知识清单（六篇）,3,1
统编版选择性必修上册文言文知识清单（知识清单）（全国通用）高考语文一轮复习讲练测,5,1
统编版选择性必修中册文言文知识清单,1,1
统编版选择性必修中册文言文知识清单（4篇）,1,1
统编版高中语文选择性必修上册电子课本,10,1
统考卷期末高一安徽亳州三中数学,1,1
统考卷期末高一安徽亳州谯城区,1,1
统考卷期末高一安徽亳州谯城区数学,4,1
统计与概率必修二期末,6,1
统计图题,1,1
统计概率,17,1
统计概率大题,2,1
绥化一中,3,1
绥化一中高一英语,1,1
绥化市2026年荚语真题,13,1
绥化市九中九上期中试卷,14,1
绥化市六中九上期中历史试卷,11,1
绥化市第一中学,2,1
绥化语文期末考试题,2,1
绥化高一英语,1,1
绥棱一中,1,1
绥滨,4,1
绥滨县第一中学,4,1
继电器,1,1
继电学校,3,1
续写,1,1
维克多英语词汇检测,3,1
维坊,1,1
绵中,1,1
绵竹初三英语,1,1
绵阳2025一诊,1,1
绵阳2026中考,1,1
绵阳2026中考真题,1,1
绵阳2026节数学模拟3,1,1
绵阳8年级,1,1
绵阳一诊 2026,1,1
绵阳一诊科学,10,1
绵阳一诊英语,21,1
绵阳三江实验,5,1
绵阳三诊,3,1
绵阳三诊科学,21,1
绵阳三诊英语,13,1
绵阳东辰,2,1
绵阳东辰中学,1,1
绵阳中学分班考,1,1
绵阳中学高二上数学,1,1
绵阳中考真题,1,1
绵阳二诊历史与社会,10,1
绵阳二诊科学,10,1
绵阳二诊英语,27,1
绵阳八上期中卷,2,1
绵阳八上期中卷数学,1,1
绵阳八年级,2,1
绵阳八年级上册英语超越训练配套卷,4,1
绵阳初三,1,1
绵阳初升高,1,1
绵阳市2025年中考,4,1
绵阳市2025年中考语文,5,1
绵阳市2026高一下期末,15,1
绵阳市三台县,1,1
绵阳市三台县七一小学,1,1
绵阳市三台县七一小学六年级,9,1
绵阳市三台县小学,1,1
绵阳市名办历史基础卷,1,1
绵阳市四年级上册数学,9,1
绵阳市安州中学高一下册期末考试数学试卷,8,1
绵阳市期末,2,1
绵阳市期末考试卷,3,1
绵阳市民办历史基础卷,1,1
绵阳市高一下册语文考试试卷,2,1
绵阳市高一下学期末数学考试试卷,3,1
绵阳市高一下学期英语期末卷,2,1
绵阳市高一下学期语文期末卷,1,1
绵阳市高一期末数学考试试卷,1,1
绵阳市高一期末统考,3,1
绵阳市高二下期末考试,7,1
绵阳月考,1,1
绵阳期末考试,25,1
绵阳的有角与五角是一对相对性状,1,1
绵阳英才,2,1
绵阳选拔,1,1
绵阳高一上册英语,4,1
绵阳高三一诊,5,1
绵阳高二上期末考试物理,2,1
绵阳高二上期末考试生物,5,1
绵阳高二下,3,1
绵阳高二下期末考试化学,4,1
绵阳高二下期末考试生物,2,1
绵阳高考一诊,4,1
综合,1,1
综合与实践活动《确定匀质薄板的重心位置》课题，,2,1
综合卷1,4,1
综合填空。英语,2,1
综合实践我爱我家,1,1
综合模拟试卷,1,1
综合模拟试卷长沙,1,1
综合模拟试卷长沙七年级,6,1
综合测试二,2,1
综合素养,1,1
综合素质,5,1
综合素质评价九上外研听力,19,1
综合练,1,1
综合练习,7,1
绿野仙踪,9,1
缙云,1,1
缙云中学,1,1
缩句练习,8,1
罗东,5,1
罗塘中学期中,2,1
罗塘高级中学期中,1,1
罗山县,4,1
罗山高级中学高一上开学考,2,1
罗山高级高一上,3,1
罗平县第五中学,2,1
罗庄七下期末,2,1
罗庄八下数学,1,1
罗庄八下英语,3,1
罗店中学分班考,1,1
罗湖七上期末地理,16,1
罗阳,6,1
罗阳 2025 学年第一学期七年级上册数学期末试卷,1,1
羁旅诗训练,1,1
美哉嵇康之死,3,1
美国纽约大学,4,1
美国阿拉斯加,3,1
美国阿拉斯加英才分校,1,1
美林湖学校,1,1
群落,6,1
群落思维导图,1,1
翁源,18,1
翁牛特旗2025-2026学年七年级下学期7月期末试题,2,1
翔宇,3,1
翔宇教育,1,1
翔实验中学高二暑假作业数学,1,1
翰林,4,1
翰林工作室25浙教版8上科学针对性训练单元检测4,1,1
翻折,5,1
翻折圆,2,1
翻折问题,4,1
翻折问题初中,25,1
翻译,10,1
耀华中学2024-2025年第二学期期末,1,1
耀华中学分班考,16,1
耀华中学期中,2,1
耀华中学红桥学校,6,1
耀华月考,2,1
耀华期中,3,1
耀祥中学,3,1
老子四章,3,1
老子导学案,1,1
老师讲课,3,1
老怀文,2,1
老河口一中,6,1
老河口高级中学,2,1
考公真题,1,1
考出好成绩七上生物,4,1
考出好成绩七上生物冀少版答案,2,1
考前信息卷,1,1
考前押题九年级英语外研版的完形填空,8,1
考卷,2,1
考向14导数的概念及应用,8,1
考点,1,1
考点剖析及分层精练  高一数学,1,1
考点剖析及分层精练动能定理,3,1
考点剖析及分层精练化学氯,2,1
考研2026英语二,5,1
考纲g大头,1,1
考纲百套卷,1,1
考纲词汇,2,1
考试,2,1
考试卷,1,1
考试卷生物高三，河南商丘，10月份九师联盟,1,1
考试这样考,3,1
耒阳一中,2,1
耒阳一中必修一,2,1
聊城,2,1
聊城2024期末,6,1
聊城2025期末,5,1
聊城2026数学聊城一模,3,1
聊城一中第一次月考,1,1
聊城一中高一,1,1
聊城一中高一第一次月考,3,1
聊城一中高二第一次月考,9,1
聊城东宛中学,1,1
聊城东昌东校,5,1
聊城中考英语2026,1,1
聊城二模化学,3,1
聊城八上第一单元数学题,1,1
聊城化学期末,2,1
聊城化学高三,10,1
聊城化学高三月考,4,1
聊城市2025-2026学年第二学期期末教学质量检测 高二英语,1,1
聊城市2025高一下地理,2,1
聊城市2026高二下期末考试试卷答案,1,1
聊城市冠县2025~2026六年级下册数学试卷,2,1
聊城市冠县2025~2026六年级下册语文试卷,3,1
聊城市茌平区第二中学期末考试试卷,2,1
聊城市高一下学期数学期末测试题。2026暂您案例,14,1
聊城市高一物理上学期第一次月考,3,1
聊城市高二期末考试,2,1
聊城数学,2,1
聊城数学期末,2,1
聊城数学高三月考,6,1
聊城数学高三月考临清第一中学,3,1
聊城第三中学,2,1
聊城高一上学期第一次月考,6,1
聊城高一下册期末政治试卷,4,1
聊城高一下册期末物理试卷,2,1
聊城高一下册期末语文试卷,2,1
聊城高一下学期期末,4,1
聊城高三二模化学,2,1
聊城高二,17,1
聊城高二期末,1,1
聊城高二期末化学,4,1
聊城高二第一次月考,4,1
聋校,4,1
职业,1,1
职业高中,1,1
职业高中数学,4,1
职教高考,9,1
职教高考 2025,3,1
职教高考2026,1,1
职教高考医学技术,1,1
职教高考数学,4,1
职教高考英语,3,1
职教高考试卷,1,1
职校对口升学,1,1
职校试卷,1,1
职校高考,1,1
职高数学,1,1
职高数学各单元同步卷,1,1
职高数学基础模块上册,1,1
联,3,1
联合体九上物理,3,1
联合体九年级上册期中英语测试试卷,2,1
联合体期中,1,1
联培,1,1
联培部,1,1
联考安康市期末,8,1
联考物理安康市,2,1
联考英语,9,1
联考题湖南,5,1
联赛卷,5,1
聚聚聚聚,5,1
肃宁县一中,1,1
肇东市,2,1
肇庆七年级升学考,1,1
肇庆中学暑假作业,2,1
肇庆初一升学考,1,1
肇庆市怀集县2026三年级期末试卷,1,1
肇庆市统考,9,1
肇庆市高一政治,1,1
肇庆市高三一模,1,1
肇庆市高三上学期一模,4,1
肇庆市高三上学期一模数学,7,1
肇庆第一中学,7,1
肇庆第一中暑假,2,1
肇庆高三数学,7,1
肇庆高二上期中物理,7,1
肇庆高二日语,3,1
肇庆高二日语下期末,4,1
肇源一中,4,1
肇源县第四中学,5,1
肖东一小,1,1
肥东联考,1,1
肥城2025~2026年下6年级下册数学,1,1
肥城七年级下册英语期末试卷,1,1
肥城市2026 七下数学,5,1
肥城市中考,3,1
肥城高一期中,5,1
育华,8,1
育才 2025 2026,2,1
育才中学2024学年九年级上第三次数学月考试卷,1,1
育才中学2024学年九年级上第三次月考试卷,1,1
育才中学开学考,2,1
育才中学教,1,1
育才中学资阳,7,1
育才八下数学暑假作业,6,1
育才分班考,1,1
育才分班考上海,3,1
育才初一,6,1
育才期中,1,1
育才江苏省宿迁市泗洪县,4,1
育明高一上,1,1
育明高一上期中,1,1
育明高二下期末化学,1,1
育甲,1,1
育英中学,4,1
肺鱼思维,2,1
背记资料,2,1
背诵,6,1
背诵篇目,1,1
背诵篇目 高二,1,1
胚胎工程,2,1
胜券在握,1,1
胡不归 最值问题,4,1
胡不归模型,2,1
胶南一中高一数学,9,1
胶州,4,1
胶州一中月考,4,1
胶州七年级下册期中英语,1,1
胶州二模,1,1
胶州八年级上册册期中英语,4,1
胶州实验中学,5,1
胶州实验高中,2,1
胶州数学期末,3,1
胶州月考,1,1
胶州期末,18,1
胶州瑞华月考试卷10月,7,1
胶州高一上学期,4,1
能力与培养,1,1
能力培养,1,1
能力培养地理,1,1
能力测试,2,1
能力进阶 思维扩展,2,1
能量,2,1
能量流动分层作业,1,1
脚,1,1
脱式 三年级,3,1
腾云高中,2,1
腾远语文选择题,1,1
自主 招生,18,1
自主学习与测评,2,1
自主招生 202 5,45,1
自主招生 数学,7,1
自主招生株洲,4,1
自主招生科学,7,1
自主招生考试,28,1
自主招生试卷,6,1
自主招生试卷真题,1,1
自主招生试卷真题初中,1,1
自信必修中册语文书,1,1
自己之歌,3,1
自招题,5,1
自杀,2,1
自湖北地区,1,1
自然地理压轴,2,1
自然拼读发音规则表完整版,7,1
自然拼读法,1,1
自然拼读资料,2,1
自然界的水,4,1
自然界的水专项,5,1
自然界的水压轴专项,3,1
自由组合专题,3,1
自由组合定律,3,1
自由落体公式,4,1
自由落体练习,1,1
自由落体练习题,4,1
自由落体练习题江苏,1,1
自由落体练习题苏教版,1,1
自由落体运动和竖直上抛运动,5,1
自由落体运动教学设计,1,1
自编试卷,8,1
自贡,9,1
自贡2026小学期末,10,1
自贡一中化学,1,1
自贡二十二中,1,1
自贡四下科学,4,1
自贡四年级下册语文期末自贡,2,1
自贡四年级下册语文期末自贡2026,1,1
自贡四年级下科学,1,1
自贡市2025 2026学年高一年级下学期期末试卷,1,1
自贡市2026地理中考,4,1
自贡市2026年中考数学,3,1
自贡市2026年初中学业水平考试暨高中阶段学校招生考试,5,1
自贡市2026物理,5,1
自贡市2026生物中考,3,1
自贡零诊,3,1
自贡零诊数学,2,1
至一华伦高级中学高一数学九月月考数学,3,1
致死问题遗传,13,1
臻德实验学校高一下学期物理,2,1
舒兰,8,1
舒兰一中,3,1
舒城中学,4,1
舞蹈试卷,4,1
舞阳县九年级上册数学新版数学期中考试卷,25,1
舟山市七校联盟,7,1
舟曲县初级中学,6,1
船山,13,1
船山实验中学,2,1
良山,1,1
芙蓉中学,4,1
芙语作文例句,3,1
芜湖一中2025至2020学年第二学期期末教学质量检测,1,1
芜湖八上物理期中试卷二十九中,12,1
芜湖市一中,1,1
芜湖市第一中学入学考试,2,1
芜湖市第十二中学,1,1
芜湖戈江,7,1
芜湖沈巷中学2025届高三开学摸底 英语（含听力）,1,1
芜湖高一2025 2026第二学期期末,2,1
芜湖高二期末,1,1
芜湖高二期末英语,7,1
芝罘中学,7,1
芝罘区,2,1
芝罘区25-26,5,1
芝罘区五年级,8,1
芝罘区六上数学,4,1
芮城中学,2,1
芮城中学高二上学期数学月考,1,1
花园中学,1,1
花城中学,1,1
花都七年级下册英语模拟卷,9,1
花都八上物理期中,1,1
花都区七年级下册期末,2,1
花都区七年级下册英语期末试卷,1,1
花都区八下物理期末,2,1
花都广雅,2,1
芷江一中,6,1
芸熙百分,1,1
芸熙百分2025 2026学年八年级英语下册期末必刷卷课标版新教材河南专版,1,1
芸熙百分2025~2026学年八年级英语下册期末必刷卷课标版新教材河南专版,6,1
苍南一中,1,1
苍南县初中分班,1,1
苍南县初中返校,1,1
苍南县第一中学,1,1
苍南金乡,1,1
苍南金乡二小,4,1
苏北 七市2026高三一模,2,1
苏北七市2024高三英语二模,5,1
苏北七市2026高三,2,1
苏北三模,8,1
苏北八市 南通第三次,4,1
苏大附中,1,1
苏大附中10月阶段诊断高二年级物理,1,1
苏大附中2025-2026学年10月阶段诊断高二年级物理,14,1
苏大附中高二年级物理,1,1
苏家屯区八下期末物理,3,1
苏尼特右旗八年级下册数学期末考试,5,1
苏州 026中考卷,1,1
苏州 2025  八年级  上  数学,1,1
苏州 2025  八年级  上  数学  星湖,1,1
苏州 2025  初二,1,1
苏州 一模,2,1
苏州 模拟,16,1
苏州 高一 10月月考,1,1
苏州2025,1,1
苏州2026化学期末,2,1
苏州2026物理期末,3,1
苏州一模卷,1,1
苏州一模数学园区,6,1
苏州一模数学姑苏区,3,1
苏州一模数学新区,3,1
苏州一模数学昆山,2,1
苏州七年级上册数学期末,7,1
苏州上学期,1,1
苏州中学2025 2026高一下期中数学,12,1
苏州中学匡班,1,1
苏州中学月考,1,1
苏州中学月考七上,2,1
苏州中学考,1,1
苏州中学高一10月,14,1
苏州中学高一下学期3月份物理月考试卷,3,1
苏州中学高一下学期5月份物理月考试卷,4,1
苏州中学高二上数学期末,8,1
苏州中学，八下物理,2,1
苏州中考,1,1
苏州中考数学,1,1
苏州中考物理,2,1
苏州九上数学,6,1
苏州九上数学月考,3,1
苏州九上第一次月考,14,1
苏州九校联考英语,1,1
苏州八上数学,1,1
苏州八年级上期中,16,1
苏州八年级上期末,3,1
苏州八校联考,1,1
苏州化学中考,1,1
苏州四市统考初二上苏科物理期中试卷,7,1
苏州四年级下册英语,4,1
苏州园区期末,2,1
苏州外国语学校,6,1
苏州实验中学科技城校区2025-2026高一上,2,1
苏州实验中学，八下物理,4,1
苏州尹山湖中学,19,1
苏州工业园区,10,1
苏州工业园区青剑湖学校初一分班考试卷,8,1
苏州市2025 2026学年高二期末英语试卷,6,1
苏州市2025高二下学期,19,1
苏州市初一下阳光指标调研卷,6,1
苏州市吴中区英语一模,1,1
苏州市常熟市高一数学开学考,2,1
苏州市昆山2023～2024学年第二学期三年级英语期末考试试卷,2,1
苏州市昆山2025～2026学年第二学期三年级英语期末考试试卷,1,1
苏州市昆山2025～2026学年第二学期三年级语文期末考试试卷,3,1
苏州市昆山2025～2026学年第二学期五年级英语期末考试试卷,3,1
苏州市星海中学英语二模,2,1
苏州市相城区,1,1
苏州市高一上阳光指标调研卷,1,1
苏州市高二上期中数学,6,1
苏州市高二上期末数学,6,1
苏州市高二下期中数学,5,1
苏州开学考高二化学,3,1
苏州数学,2,1
苏州新区实验期中,9,1
苏州昆山小升初,1,1
苏州星海高中,3,1
苏州期中,4,1
苏州期初物理,2,1
苏州江陵实验,3,1
苏州立达一模,4,1
苏州素养,1,1
苏州职业大学,1,1
苏州西安交通大学附属,27,1
苏州零模,2,1
苏州高一上学期第一次月考数学,5,1
苏州高一下期末语文,1,1
苏州高一月考,1,1
苏州高一期末数学,2,1
苏州高一第一次月考数学,1,1
苏州高三期,1,1
苏州高三期初数学,6,1
苏州高二上化学期中考试,2,1
苏州高二上化学期中考试昆山,1,1
苏州高二上期中数学,1,1
苏州高二上期中物理,3,1
苏州高二上期中语文,1,1
苏州高二上期末物理,6,1
苏州高二下英语,3,1
苏州高二化学期中考试,1,1
苏州高新区,3,1
苏州高新区2024-2025学年八年级,1,1
苏州高新区2024-2025学年八年级下学期期末,3,1
苏州高新区2025-2026数学,7,1
苏州高新区第一中学,2,1
苏幕遮 2025燎沉香周邦彦 课件,1,1
苏幕遮 燎沉香周邦彦 课件,1,1
苏幕遮周邦彦,2,1
苏教,1,1
苏教七上数学期中,1,1
苏教六年级上,1,1
苏教六年级上数学,1,1
苏教小升初,2,1
苏教版2019化学必修第一册 学业水平合格考 知识点,3,1
苏教版2026年六年级数学上册单元检测卷,3,1
苏教版6年级,13,1
苏教版七年级上册英语u1,1,1
苏教版七年级上册英语苏教版练习题,1,1
苏教版九年级英语听力,10,1
苏教版八年级上册第一次月考,7,1
苏教版八年级上册第一次月考数学,18,1
苏教版初中数学计算题,1,1
苏教版化学选择性必修一,3,1
苏教版化学选择性必修三测试卷,3,1
苏教版四年级下册数学,14,1
苏教版小学六年级数学上册期中考试,4,1
苏教版数学选择性必修一电子课本,1,1
苏教版数学高二上期中,4,1
苏教版译林中考语法专练,4,1
苏教版译林版七年级上册英语u1,4,1
苏教版译林版七年级上册英语百词竞赛,8,1
苏教版高一下学期期末试卷,2,1
苏教版高中化学必修1第一单元测试卷,2,1
苏河中学,1,1
苏科版七年级上册 有理数混合运算 简便计算专项练习,2,1
苏科版七年级上册数学第二单元试卷,5,1
苏科版七年级上册数学课本,9,1
苏科版九上滑轮,2,1
苏科版九年级上册圆的基础题,1,1
苏科版九年级下册二次函数单元练习,5,1
苏科版二次函数，讲义,3,1
苏科版二次函数，讲义，预习,1,1
苏科版八下数学期末试题,13,1
苏科版八年级上册一次函数,3,1
苏科版八年级下册尺规作图,2,1
苏科版八年级下册英语,5,1
苏科版化学单元,9,1
苏科版物理课时作业本,5,1
苏西常德四市高三下学期一,4,1
苏轼,5,1
苏酬,1,1
苏锡常镇一模,4,1
苏锡常镇一模数学,5,1
苏锡常镇高三四校联考化学试卷,2,1
苏锡常镇高三数学,2,1
苏锡常镇高三英语模拟卷,33,1
苏高中期末,2,1
苏高中高一下学期英语,19,1
英华实验学校,1,1
英吉沙县 七年级 下册期末考试,1,1
英吉沙县实验中学 高一下学期末政治,2,1
英德市七年级第一学期,5,1
英才班,1,1
英才班考试试题,3,1
英文,1,1
英文字帖练习,13,1
英文字母练习,1,1
英标,1,1
英标48发音PPT带读音,5,1
英语 0 2 6 学 年 度 三模中考,1,1
英语 0 2 6 学 年 度 三模江苏,1,1
英语 0 2 6 学 年 度 三模苏州,1,1
英语 0 2 6 学 年 度 中考 河南商丘,2,1
英语 七选五专项训练,1,1
英语 中考 2025试卷,4,1
英语 中考 2026,6,1
英语 凉山州2025-2026学年度下期末考试 高一,1,1
英语 单词 1500背诵版初中,3,1
英语 单词 3500,2,1
英语 单词 3500背诵版高中 带音标,3,1
英语 单词 3500高考,4,1
英语 听力音频,1,1
英语 周老师,1,1
英语 山东 期末 高二,15,1
英语 时文阅读2026,1,1
英语 期末试卷,6,1
英语 衡水体范文字帖,3,1
英语 试卷,1,1
英语 语法填空2026专项练习,4,1
英语 课本,2,1
英语 高考1卷全国一卷试卷,1,1
英语 高考2卷全国一2026,3,1
英语0基础学习,1,1
英语100句3500词,1,1
英语1500,1,1
英语1600词背诵版山东,1,1
英语16种时态,4,1
英语1基础模块 第三版,1,1
英语2025-2026学年度武汉市部分学校高中九月调研试题,1,1
英语2025高考考卷,6,1
英语2026人教版习题资源,4,1
英语2026全国一卷,1,1
英语2026届一轮复习课本词汇顺序版,8,1
英语2026庐江期末考试,1,1
英语2026考纲词汇,3,1
英语26个字母,2,1
英语3500,5,1
英语3500 词汇背诵word版按字母排序,1,1
英语3500 词背诵word版按字母排序,2,1
英语3500 默写词汇背诵word版,1,1
英语3500完形填空,2,1
英语3500词背诵版,4,1
英语38套,1,1
英语4个前元音,1,1
英语6加1,1,1
英语6加一,1,1
英语6年级试卷简单,2,1
英语6年级阅读理解,3,1
英语6级,1,1
英语6选5专项练习题,30,1
英语A篇,4,1
英语CD篇阅读,14,1
英语C篇,4,1
英语C篇阅读专项训练,1,1
英语D篇阅读,2,1
英语ing分词,13,1
英语ssp,1,1
英语todo不定式,2,1
英语一模,3,1
英语一模卷上海,2,1
英语七上,3,1
英语七上外研版月考试卷,3,1
英语七上外研版月考试卷武城县,2,1
英语七上知识点,2,1
英语七下期末,5,1
英语七下试卷,6,1
英语七年级上册,1,1
英语七年级上册看图写话,12,1
英语七年级下册河南卷子,3,1
英语七年级下册河南卷子免费,12,1
英语七年级下册语法练习精选100道,7,1
英语七年级下册贵阳市期末考试卷南明区,2,1
英语七选五2026届专项练习,6,1
英语七选五2026届专项练习高三,1,1
英语七选五专题练,1,1
英语万能高分句型巨,4,1
英语三千五乱序,1,1
英语三年级上册,2,1
英语三年级上册第二单元,5,1
英语上教版7B练习设计,3,1
英语不定代词,1,1
英语专八,2,1
英语专项,11,1
英语专项练习语法填空题,7,1
英语专项训练,4,1
英语中考,2,1
英语中考一模完形填空汇总,2,1
英语中考二模考试卷,5,1
英语中考作文,1,1
英语中考作文范文,4,1
英语中考卷汇总,2,1
英语中考听力,1,1
英语中考模拟真题福州,1,1
英语中考模考金卷,5,1
英语中考湖南省娄底市新化县中考九年级,3,1
英语中考真题福州,1,1
英语中考真题福州模拟,3,1
英语中考试卷,1,1
英语中考阅读真题,5,1
英语九上人教版新版,1,1
英语九上单词表,1,1
英语九上月考,37,1
英语九年级人教版同步练习册,1,1
英语九年级人教版练习册,1,1
英语书,1,1
英语书面表达,2,1
英语人教版七上的单词默写版,9,1
英语人教版九年级上册第一单单词默写表,1,1
英语人教版八下单词默写版,6,1
英语人教版八年级的单词默写版,4,1
英语仁爱新版酒上,1,1
英语仿写专项训练,1,1
英语优秀作文,2,1
英语优秀作文高中,2,1
英语优秀范文,1,1
英语优质题汇编,1,1
英语作文 100篇范文,2,1
英语作文求职信,1,1
英语作文求职信高中,5,1
英语作文范文高中,8,1
英语作文读后续写专练,2,1
英语作文高分表达,2,1
英语信息摘录题,5,1
英语倒装,4,1
英语入学考试,8,1
英语八上,1,1
英语八上全效学习,1,1
英语八上冀教版期中试卷,4,1
英语八下,3,1
英语八下人教版书,3,1
英语八年级上册,1,1
英语八年级上册月考试卷,5,1
英语八年级上册第一单元试卷,3,1
英语八年级下册,1,1
英语八年级下册霍邱县,8,1
英语六年级上册,1,1
英语六年级上册人教版第一单元连词成句训练题,6,1
英语六年级上册第一单元,1,1
英语六级,1,1
英语冠词,1,1
英语分层练习,1,1
英语分层练习七下,1,1
英语初一基础训练卷,2,1
英语初三短语,17,1
英语初中,1,1
英语初中2026北京,1,1
英语初中2026北京中考,4,1
英语初二翼教版,7,1
英语初步,7,1
英语助动词,5,1
英语单词人教版,3,1
英语单词初中,1,1
英语单词复习,1,1
英语单词短语,3,1
英语单词表选修一,1,1
英语单词译林版,1,1
英语单词默写,2,1
英语单词默写表,1,1
英语单词默写表译林,4,1
英语卷,1,1
英语卷泉州,1,1
英语句子提升,6,1
英语合格考,1,1
英语合格考北京,1,1
英语合格考真题四川省,1,1
英语同步词汇，高一,3,1
英语听力专项训练,3,1
英语听力新风向,1,1
英语听力测试60,1,1
英语听力练习,11,1
英语听力训练高考,2,1
英语听力高中高三,3,1
英语听力高中高三训,6,1
英语听力高中，高三,2,1
英语周报 高考人教课标 必修第一册 Welcome Unit 合订本,2,1
英语四级模拟题,2,1
英语四级真题电子版,1,1
英语四级笔试卷,2,1
英语四级考试,1,1
英语回答问题中考专项训练,18,1
英语图表阅读,5,1
英语基础选择题,1,1
英语填空题,32,1
英语复数变形,6,1
英语外研版,3,1
英语外研版必修三阅读理解,4,1
英语大作文,1,1
英语天津,1,1
英语天津高三,10,1
英语好词好句,5,1
英语字帖,5,1
英语字帖 衡水体,4,1
英语字帖 衡水体3500词,8,1
英语字帖人教版,1,1
英语字帖人教版必修一衡水体,1,1
英语字帖人教版必修一衡水体广州,1,1
英语字母,3,1
英语学业水平考试,3,1
英语学易金卷,14,1
英语完全倒装,1,1
英语完型填空,1,1
英语完型填空人教,4,1
英语完型填空人教七年级,4,1
英语完型填空人教八年级,2,1
英语完型填空人教八年级下,3,1
英语完型填空人教八年级下期末,2,1
英语完型常考单词,3,1
英语完形,5,1
英语完形 100篇 专项训练英语2026,1,1
英语完形填空题专项训练,3,1
英语定语从句专项练习,6,1
英语小作文,8,1
英语小作文节日,2,1
英语小作文高分句子,2,1
英语小升初试卷,2,1
英语小升初试卷简单,1,1
英语市二,1,1
英语广西,5,1
英语应用文,1,1
英语应用文写作,6,1
英语应用文好词好句,2,1
英语应用文高考,2,1
英语徐汇,4,1
英语必修一 单词表北师大版,9,1
英语必修一单词,1,1
英语必修一单词人教版,9,1
英语必修一核心词汇,2,1
英语必修一音频,1,1
英语必修三单词,1,1
英语必修三步步高,2,1
英语必修三第二单元单词,3,1
英语必修三第二单元单词音频,1,1
英语必修二单词表,2,1
英语必修第二册3单元课件,3,1
英语情景剧,1,1
英语惠州,1,1
英语惠州小学,3,1
英语想考120怎么办,1,1
英语成都三诊,6,1
英语成都中考,1,1
英语新九上,1,1
英语时态练习中考,2,1
英语时态练习题,2,1
英语时态练习题中考,1,1
英语时文,1,1
英语时文  阅读理解八年级,1,1
英语时文阅读答案,3,1
英语易混词,2,1
英语暑假作业,24,1
英语暑假作业陕西,1,1
英语暑假作业陕西礼泉,6,1
英语月考,2,1
英语朗读,1,1
英语期末三年级上册,9,1
英语期末考试卷五年级下册英语拍PEP,5,1
英语期末高二联考,3,1
英语松江区2026年初三四月二模卷,2,1
英语核心词汇,3,1
英语核心语法谓语,5,1
英语模拟卷,1,1
英语比较级与最高级,1,1
英语沪教版第三单元单词,3,1
英语河蚌,1,1
英语泰安东平县中考,1,1
英语济宁,1,1
英语浙江2月份卷,3,1
英语满分作文,2,1
英语玉岩高一下月考一,1,1
英语电子,1,1
英语真题 2021至2025全国,1,1
英语知识清单,2,1
英语短文填空,4,1
英语短文填空下册,2,1
英语短文填空固定搭配,1,1
英语短文填空固定搭配高考,1,1
英语短文填空高中,4,1
英语短文填空高考,1,1
英语短文阅读,1,1
英语短文阅读初一,3,1
英语短语,3,1
英语短语固定搭配,2,1
英语短语大全,8,1
英语竞赛,7,1
英语竞赛卷,8,1
英语笔记,1,1
英语第1单元人教版,2,1
英语第1单元人教版上册,3,1
英语第三单元八上,3,1
英语纯英文,1,1
英语纯英文单词表,1,1
英语练习册外研版,4,1
英语练习题,9,1
英语续写 100个必背句,2,1
英语网课,1,1
英语翻译,2,1
英语考纲,2,1
英语背诵,2,1
英语自主招生试卷,2,1
英语苏州,9,1
英语衡水体,1,1
英语词性转换,2,1
英语词汇,1,1
英语词汇 2026 3500词汇,11,1
英语词汇 2026 3500词汇高中,1,1
英语词汇 2026高中,2,1
英语词汇 高中人教版,2,1
英语词汇分类循环训练单,1,1
英语词汇初中,1,1
英语词汇考,2,1
英语词汇高中,3,1
英语译林版,1,1
英语译林版八年级上册单词表默写,1,1
英语译林版单词表高中,1,1
英语译林版比较级和最高级,3,1
英语试卷8年级,5,1
英语试题,1,1
英语试题高一阜阳,4,1
英语试题高二,1,1
英语语去,1,1
英语语态时态,1,1
英语语态时态PPT,6,1
英语语法专题,1,1
英语语法动词专项训练,7,1
英语语法填空高一,1,1
英语语法填空高一译林,11,1
英语语法填空高三,1,1
英语语法填空高考,4,1
英语语法每日一练,1,1
英语语篇填空,4,1
英语读后续写优秀范文,1,1
英语读后续写句式,1,1
英语读后续写答题卡,3,1
英语读后续写素材,7,1
英语课外阅读练习11答案,3,1
英语课文,6,1
英语课文seationA3a,2,1
英语课本听力答案,4,1
英语课本高中,4,1
英语资料,6,1
英语达州高一期末考,3,1
英语选修一同步导学案,4,1
英语选修一汉译英,4,1
英语选修一汉译英译林版,6,1
英语选修一答案课本,5,1
英语选必四单词音频,1,1
英语选必四音频,2,1
英语选择性必修1，2，3单词表,1,1
英语选择性必修1，2，3单词表译林版,1,1
英语选择性必修1，2，3单词表译林版单词表,1,1
英语选择性必修1，2，3单词表译林版单词表教材电子版,1,1
英语选择性必修一派生词,2,1
英语选词填空,11,1
英语长郡中学,36,1
英语阅完形填空,3,1
英语阅读 100篇专项训练CD,2,1
英语阅读CD,1,1
英语阅读专项,2,1
英语阅读专项训练CD,2,1
英语阅读八年上,2,1
英语阅读帮,8,1
英语阅读帮2026七年级下册河南专版,3,1
英语阅读帮河南专版,3,1
英语阅读文章,2,1
英语阅读春考,2,1
英语阅读理解 10 大核心解题技巧,1,1
英语阅读理解 100篇专项训练高中,10,1
英语阅读理解100篇专项训练,6,1
英语阅读理解九年级,3,1
英语阅读理解六年级,11,1
英语阅读理解六年级北京版,2,1
英语阅读理解猜词题解题技巧,3,1
英语阅读重难,1,1
英语阅读难度中等,1,1
英语阅读题100篇专项训练,6,1
英语阅读高一,4,1
英语音标,2,1
英语音标 0基础,4,1
英语音标 0基础 48 发音,9,1
英语首字母,2,1
英语首考,1,1
英语高一,11,1
英语高一下学期,1,1
英语高一广东,2,1
英语高一开学考,2,1
英语高一暑假作业50页,3,1
英语高一期中,5,1
英语高一期末,7,1
英语高一英语云南,2,1
英语高一英语初高中衔接,3,1
英语高一英语听力,4,1
英语高三二模,1,1
英语高中7选5,7,1
英语高中句子翻译练习深圳,3,1
英语高中选择性必修第一册课文,1,1
英语高中选择性必修第一册课文人教版,6,1
英语高二下学期期末淮安统测,1,1
英语高二开学考,1,1
英语高二淮安统测,2,1
英语高分句型,1,1
英语高考优秀作文,2,1
英语高考定语从句思维导图,2,1
英语高考真题全国统一,4,1
英语高考真题语法填空,1,1
英语高考高频词汇688,2,1
英语高频短语,2,1
英语高频词阅读,3,1
英语高频词阅读问,1,1
英语默写,14,1
英语默写全册书默写条,2,1
英语默写单子,1,1
英语默写清单,3,1
英雄山中学,4,1
茂名2025 2026数学期末下学期,2,1
茂名2025 2026数学期末高二下学期,2,1
茂名一中,6,1
茂名中考预测数学卷,8,1
茂名市,1,1
茂名市 2026年至2025学年度九年级上册期末考试数学,7,1
茂名市2025 2026学年高一年级期末质量抽测,2,1
茂名市2025 2026学年高二年级期末质量抽测,1,1
茂名市2025-2026学年高一年级期末质量抽测英语,3,1
茂名市2025-2026学年高一年级期末质量抽测语文,4,1
茂名市2026下高一期末,28,1
茂名市2026年期末,1,1
茂名市2026年高二期末,3,1
茂名市化州市2026-2027期末数学试卷六年级,4,1
茂名市四年级,11,1
茂名市田家炳中学 2025 2026年第二学期高一年级6月月考日语,7,1
茂名市田家炳中学 2025 2026年第二学期高二年级6月月考日语,5,1
茂名市直属,1,1
茂名市直属八年级上册,3,1
茂名市直属八年级上册月考,5,1
茂名市第一中学,2,1
茂名市质量监测,8,1
茂名市高一上学期化州市第一中学,2,1
茂名市高一下册期末,3,1
茂名市高一下期末抽测生物,2,1
茂名市高一下期末抽测英语,3,1
茂名市高一下期末抽测语文,2,1
茂名市高一下期末考试物理,1,1
茂名市高一期末,2,1
茂名市高一期末考试,1,1
茂名市高二期末考试化学试卷,5,1
茂名市高二期末考试语文试卷,3,1
茂名期末,2,1
茂名期末考试七年级下册,1,1
茂名高一期末数学,6,1
茂名高一期末考试,6,1
茂名高二年级期末质量抽测,13,1
茂名高二期末,11,1
范文10篇,1,1
茌平区期末考试,2,1
茌平区期末考试数学,8,1
茌平区第er次,1,1
茌平区第二次,11,1
茶叶加工过程缺陷,1,1
荆,5,1
荆州七年级上册数学月考,1,1
荆州七年级上册数学月考10月,1,1
荆州七年级上册期中数学,1,1
荆州七年级上册期中英语,18,1
荆州七年级上册英语月考,4,1
荆州七年级上册英语月考10月,12,1
荆州市2024-2025,1,1
荆州市公安县八年级下册期中数学,1,1
荆州市公安县八年级下册期末语文,1,1
荆州市高二期末统考,2,1
荆州开发区文华初级中学,11,1
荆州沙市七年级上册期中数学,3,1
荆州高一统考,3,1
荆州高一统考数学,4,1
荆州高一统考生物,3,1
荆州高一统考英语,1,1
荆州高二年级质量检测,8,1
荆门外语学校,2,1
荆门外语学校2025年至2026年学年度九年级数学独立作业一,3,1
荆门市一中高一月考卷,2,1
荆门市地理2025-2026,1,1
荆门市地理2025-2026高二,1,1
荆门市外语学校月考数学,1,1
荆门市外语学校月考数学月考,3,1
荆门市高二期末考试地理2025-2026,3,1
荆门高二期末考试,3,1
荆门高二期末考试地理,1,1
荆门高二期末考试地理2025-2026,3,1
荔城中学,5,1
荔广实验,1,1
荔湾,1,1
荔湾一模,2,1
荔湾八上物理,15,1
荔湾区统考,1,1
荔湾区统考物理期末,3,1
荔湾区统考物理期末高一,1,1
荣怀,3,1
荣怀初中,1,1
荣怀小学,4,1
荣成第三中学,1,1
荣成第三中学高一,3,1
荣昌区数学,1,1
荥阳市,2,1
荥阳市高级中学,2,1
荥阳高中2025-2026学年高一下期期末考试试题,1,1
荷山中学,2,1
莆田一中 高一2025 - 2026第一学段考试,4,1
莆田三中,6,1
莆田中山中学,6,1
莆田九上期中,12,1
莆田九中,2,1
莆田二中,2,1
莆田二中 高一新生入学考,14,1
莆田二中第一次月考,2,1
莆田二十五中,1,1
莆田八中2025至2026学年下学期高一期中语文试卷,3,1
莆田励志初中 小升初入学测,21,1
莆田四中地理,3,1
莆田四中地理考试,1,1
莆田四中高一上,15,1
莆田四中高三地理考试,6,1
莆田四中高二地理考试,1,1
莆田小升初,5,1
莆田市2023 2024学年下学期期末质量检测高二化学,1,1
莆田市2023 2024学年下学期期末质量检测高二语文,6,1
莆田市2023-2024学年下学期期末质量检测高二语文,1,1
莆田市2024 2025学年下学期期末质量调研试卷,4,1
莆田市2025-2026学年上学期高三生物,3,1
莆田市2025化学高二市统考卷,3,1
莆田市2026市质检,18,1
莆田市七上第一章,2,1
莆田市中山中学7年级数学期末考试,4,1
莆田市二十五中,9,1
莆田市擢英7年级期末考试,1,1
莆田市擢英中学八上物理期中考试卷,1,1
莆田市擢英中学八上物理期中考试卷2025-2026学年,3,1
莆田市擢英中学八上物理期中考试卷邱可欣老师的课程吗？,1,1
莆田市月考,12,1
莆田市直,2,1
莆田市统考高一下数学,7,1
莆田市高中期末考试卷,11,1
莆田市高中考试卷,1,1
莆田市高二考试卷,3,1
莆田新高一开学分班考,1,1
莆田新高一金石开学分班考,1,1
莆田第一中学,2,1
莆田第十六中,8,1
莆田高二下期末质检,11,1
莎车县2023-2024化学,17,1
莎车县2023-2024学年第二学期,12,1
莎车县2026高二化学第一学期期中试卷,1,1
莎车县2026高二化学第一学期试卷,1,1
莎车县2026高二期末试卷,1,1
莎车县2026高二期末试卷化学,1,1
莎车县2026高二期末试卷数学,1,1
莎车县七年级上册数学期中考试,1,1
莒南,11,1
莒南县2025~2026学度第一学期九年级第一阶段测验,1,1
莘光,10,1
莘县聊城数学月考,5,1
莘松中学六下期末试卷,10,1
莫旗,3,1
莫里达瓦达尔族自治旗尼尔基第三中学,1,1
莱山区六上数学,4,1
莱州一中,5,1
莱州一中数学,1,1
莱州市2023年八上数学期中考试卷子,4,1
莱芜七年级下册期末考试卷,22,1
莱芜中考,3,1
莱芜凤城试卷,1,1
莱芜区六年级上册经典与阅读,1,1
莱芜区六年级上数学第一单元,1,1
莱芜区六年级数学,1,1
莱芜四中,4,1
莱芜市2026中考试卷,1,1
莱芜期末,4,1
莱西九年级数学,1,1
莱西二中,1,1
莱西四年级,3,1
莱西四年级上册期中,7,1
莱西市2024 2025五年级下册数学,3,1
莱西市2024 2025五年级数学,3,1
莱西市第一中学,4,1
莱西数学四年级期中,5,1
莱钢高中,1,1
莲北一中,5,1
莲塘一中,4,1
莲塘一中高一,2,1
莲塘一中高一数学,4,1
莲塘一中高一第一次月考,2,1
莲塘二中,3,1
莲山区,1,1
莲池区数学期末7年级试卷统考,1,1
获得一种发光材料,1,1
菁准考,1,1
菏泽20242025期中高二下化学,3,1
菏泽20242025期末高二下化学,4,1
菏泽20242025期末高二下数学,5,1
菏泽20242025期末高二下语文,2,1
菏泽2025,3,1
菏泽2025高三,1,1
菏泽2025高三期中,8,1
菏泽2026期末语文,4,1
菏泽2026高一化学下学期期末试题,1,1
菏泽2026高一化物理下学期期末试题,1,1
菏泽2026高一期末,1,1
菏泽一中一轮复习学案,2,1
菏泽一中高一数学上学期月考试卷,1,1
菏泽八年级上,3,1
菏泽八年级上册期中考卷,2,1
菏泽化学高一上期末,1,1
菏泽市 02 2025 学 年 高三上学期 期末,4,1
菏泽市 02 2025 学 年 高二下学期 期末,7,1
菏泽市 2025 2026 学 年 高一下学期 期末,2,1
菏泽市2026年期末生物试题,5,1
菏泽市2026年高二期末化学试题,3,1
菏泽市2026年高二期末生物试题,3,1
菏泽市2026高三一模拟化学,1,1
菏泽市2026高二,4,1
菏泽市八年级上册物理试卷,2,1
菏泽市八年级上册英语试卷,3,1
菏泽市八年级上册运动与能量物理试卷,3,1
菏泽市八年级下册政治期末卷,14,1
菏泽市单县高二上英语,1,1
菏泽市牡丹区七年级下册期末试卷,1,1
菏泽市牡丹区第20二中初级中学,6,1
菏泽市物理期末试卷,1,1
菏泽市英语期中试卷高二,3,1
菏泽市英语期末,8,1
菏泽市高一上册期末考试,15,1
菏泽市高一下学期期中物理,1,1
菏泽市高一下学期期末汇编英语,5,1
菏泽市高二上学期期中考试数学B,3,1
菏泽市高二上学期期末考试数学B,4,1
菏泽市高二下学期期中考试数学B,7,1
菏泽市高二下学期期末英语,5,1
菏泽期末考试,1,1
菏泽期末考试数学,3,1
菏泽高一上化学期中,1,1
菏泽高一化学,1,1
菏泽高一化学期末,1,1
菏泽高一化学期末2026,1,1
菏泽高二上学期期中,58,1
菏泽高二上学期英语,1,1
菏泽高二上学期英语统考,1,1
菏泽高二上期中生物,3,1
菏泽高二上期中统考,9,1
菏泽高二上期末数学,4,1
菏泽高二数学,1,1
菏泽高二期中,20,1
菏泽高二期中上学期,1,1
菏泽高二期中化学,1,1
菏泽高二期中化学上学期,5,1
菏泽高二期末,13,1
菏泽高二试题,2,1
菱形性质与判定复习,18,1
菱形的性质,6,1
萍乡市2024~2025五年级下册期末试卷,16,1
营口九师联盟,1,1
营口十七中,7,1
营口地区五校联盟联盟试卷,6,1
营口市2025-2026学年度下学期七年级期末质量检测历史试卷,1,1
营口市数学第一学情调研,4,1
营口市第一中学,11,1
营口市第一学情教研,3,1
营口市第十七中学,2,1
营口市部分校,9,1
萧县2025 2026学年度第一学期期末教学质量检测九年级数学试卷,1,1
萧县城东初级中学2025~2026学年第一学期九年级第1次月考,3,1
萧县城东初级中学2025~2026学年第一学期九年级第1次错题整理,2,1
萧县实验中学,32,1
萧县鹏程中学,5,1
萧山区,10,1
葫芦岛一模,6,1
葫芦岛一高中,1,1
葫芦岛一高中26年高一下期末,2,1
葫芦岛市2024至2025下学期七年期末历史试卷,46,1
葫芦岛市普通高中2022~2023学年下学期期末教学质量监测高二物理,4,1
葫芦岛市普通高中2023~2024学年下学期期末教学质量监测高二物理,4,1
葫芦岛市普通高中2024 2025学年下学期期末考试,2,1
葫芦岛市普通高中24-25高一下英语期末,1,1
葫芦岛市期末英语,5,1
葫芦岛普通高中期末考试,6,1
葫芦岛期末考试2023-2024,1,1
葫芦岛期末考试2026,1,1
葫芦岛期末考试2526,1,1
葫芦岛期末英语高二,4,1
葫芦岛第六初级中学,1,1
葫芦岛第六初级中学分班考,5,1
葫芦岛英语,1,1
葫芦岛高二下期末,1,1
葫芦高一期末考试,2,1
蒙城一中,1,1
蒙城一中南校,1,1
蒙城一中南校开学考试,1,1
蒙城八中物理高一期末试卷,5,1
蒙日圆,5,1
蒙日圆专项训练,2,1
蒙日圆问题,3,1
蒙阴县七年级上数学,4,1
蒙阴县中考数学,8,1
蒙阴县六年级。2022~2023数学,1,1
蒙阴县实验中学,4,1
蒙阴月考,17,1
蒲城县2025~2026学年下学期期末检测,10,1
蒲城县2025~2026学年第一学期期末质量检测 八年级数学试题,4,1
蒸湘成章,6,1
蒸馏,1,1
蓉城名校联盟,13,1
蓉城名校联盟2诊,3,1
蓉城名校联盟一诊,1,1
蓉城联盟,3,1
蓉城联盟高三入学考试,6,1
蓝天教育试卷,3,1
蓝天明途,2,1
蓝山二中,7,1
蓝海,1,1
蓝田,12,1
蓝田县,3,1
蓟州一中高三月考数学,3,1
蓟州区,4,1
蓟州区2026中考作文题目,1,1
蓟州区中考作文,4,1
蓬莱区2025-2026学年度第二学期期末质量检测小学三年级英语试题,8,1
蔡甸七年级下册期末试卷,3,1
蕨溪中学,1,1
蕨溪初级学校,1,1
蕴华,1,1
薄弱专题专项训练（用来暑假补短板，你数学卡在函数、三角、向量）,3,1
薛城七年级上册月考,6,1
薛城七年级上册期中,1,1
薛城七年级上册期中考试卷,3,1
薛城区，2025至2026学年度，生物期中试题,3,1
薛金星,1,1
藁城区第九中学分班考试,3,1
藁城区第九中学小升初分班考试,3,1
藏与露,1,1
藏与露语文,1,1
藏与露语文作文,1,1
藏羚样,1,1
藏羚羊的跪拜,1,1
藏锋守拙,1,1
虎林,5,1
虎林市七年级下学期期末考试,4,1
虎林逸夫中学,3,1
虚实结合,1,1
虚拟语态,27,1
虚拟语气习题,1,1
虚词,3,1
虚词 18个虚词专题练习文言文2026,3,1
虞城县第一高级中学,2,1
虹口八下期末英语,1,1
虹口实验,3,1
虹桥中学,8,1
虹桥月考,19,1
虽然只上了部分，但还是做的出来,1,1
蚌埠,9,1
蚌埠 2024 2025学年 上学期 期末,5,1
蚌埠 语文,4,1
蚌埠20232024学年第二学期高一下期末,2,1
蚌埠2025三中,2,1
蚌埠2025年高一,1,1
蚌埠2026三中,2,1
蚌埠2026年中考卷,2,1
蚌埠8月28日统考,1,1
蚌埠G5,14,1
蚌埠a层联考高一第一次月考物理试卷上学期,5,1
蚌埠a层高中联考,3,1
蚌埠二中2025-2026高一上期中质量检测,19,1
蚌埠二中2025-2026高一期中质量检测,1,1
蚌埠二中2025年素养营八升九考试卷数学,4,1
蚌埠二中高三数学,2,1
蚌埠市,1,1
蚌埠市2025 2026学年度第一学期期末学业水平监测,1,1
蚌埠市A层高中高二一月考数学,1,1
蚌埠市a层联考,1,1
蚌埠市a层联考，高中,1,1
蚌埠市五河一中数学,1,1
蚌埠市五河一中高二上学期数学,1,1
蚌埠市五河一中高二数学,1,1
蚌埠市五河县期末考试。,33,1
蚌埠市五河县第一中学高二上学期,1,1
蚌埠市五河县第一中学高级中学高二上学期,1,1
蚌埠市五河县高级中学,1,1
蚌埠市五河县高级中学高二shanhxueq,1,1
蚌埠市高一下A层高中联考,1,1
蚌埠市高三开学摸底考,1,1
蚌埠开学摸底,3,1
蚌埠高一上学期第一次月考,2,1
蚌埠高一上学期第一次月考化学,1,1
蚌埠高一上学期第一次月考数学,4,1
蚌埠高一上学期第一次月考数学24-25,1,1
蚌埠高一化学期末考试试卷,1,1
蚌埠高二上化学期中,3,1
蛊真人,1,1
蛋仔派对,1,1
蛋白质是生命活动的主要承担者,3,1
蛋白质是生命活动的主要承担者练习题,12,1
蛋白质的相关计算,3,1
蛟川书语文,4,1
蛟川书院 九年级,1,1
蛟川书院2023分班语文,1,1
蛟川书院七年级分班考,9,1
蛟川书院提前招生,4,1
蛟川书院月考,2,1
蜀山,2,1
蜀西湖畔,8,1
螺旋侧微器读数游标卡尺读数,1,1
血,2,1
行唐,4,1
行楷字帖 可打印,1,1
行知中学分班考,1,1
行知中学十月月考,9,1
行程问题,5,1
行程问题 6年级,1,1
行程问题 6年级真题,3,1
行程问题 小升初考试真题,8,1
行程问题七年级,1,1
行程问题六年级上册,2,1
行程问题六年级上册练习,1,1
行程问题综合应用,4,1
行路难 2026课件,3,1
行路难题,2,1
衔接,4,1
衔接点16时态语态非谓语综合,1,1
衔接点高中题型英语,2,1
衔接课,1,1
衔接资料,2,1
衡中学案 2026,1,1
衡中学案 2026_2027化学,4,1
衡中学案 2026化学,1,1
衡中学案 2026年,1,1
衡中学案 2026年化学一轮复习,1,1
衡中学案二轮,6,1
衡中学案二轮复习,1,1
衡中学案二轮复习英语,1,1
衡中学案化学2027,1,1
衡中学案英语,2,1
衡中学案英语二,1,1
衡中学案高中,2,1
衡南县一中开学考,5,1
衡南县四科联赛,1,1
衡南县文昌杯,1,1
衡南县文昌杯 第六届,1,1
衡大,3,1
衡山县实验中学2026开学考的卷子,1,1
衡山县实验中学2026开学考的卷子，6年级入学考试,3,1
衡山县实验中学2026开学考的卷子，入学考试,4,1
衡山县实验中学2026开学考的数学卷子，6年级入学考试,3,1
衡水 金卷,1,1
衡水 零诊,1,1
衡水 高二下学期期末,1,1
衡水中学地理高三,4,1
衡水中学实验班选拔物理多选题汇编教师原创,2,1
衡水中学清北零班自主招生测试题,1,1
衡水中学清北零班自主招生测试题物理,2,1
衡水中学清北零班自主招生测试题物理8年级,1,1
衡水中学清北零班自主招生测试题物理初中,2,1
衡水中学高一,1,1
衡水中学高一语文。,8,1
衡水中学高三上学期,1,1
衡水中学高三上学期英语,7,1
衡水二中2026年高二 下学期期末考试,4,1
衡水二中地理高三,1,1
衡水二中数学,1,1
衡水二中数学限时练,8,1
衡水二中数学限时练高二,1,1
衡水二中高二一调,9,1
衡水体,1,1
衡水体3500词字帖,1,1
衡水体字帖,4,1
衡水初中七年级,1,1
衡水卓远,1,1
衡水市枣强县期末数学真题卷,4,1
衡水市第一中学,1,1
衡水市第二中学开学,1,1
衡水市重点中学2025-2026学年高三上学期期末检测,4,1
衡水廊坊,1,1
衡水志臻,1,1
衡水泰华,2,1
衡水泰华中学,1,1
衡水滨湖新区志臻中学,2,1
衡水联考,9,1
衡水金卷 先享题高一同步周测卷生物,4,1
衡水金卷 先享题高三一轮,1,1
衡水金卷 先享题高三一轮化学,4,1
衡水金卷2026,2,1
衡水金卷先享题2026调研卷地理(1一6套),3,1
衡水金卷北师大版,3,1
衡水金卷练习册(1一6)高二全科资料,2,1
衡水金卷调研卷英语课件ZiP,2,1
衡水阳光中学,2,1
衡阳八中语,1,1
衡阳八中语文,1,1
衡阳八中高二,1,1
衡阳县2026五科联赛,3,1
衡阳县2026八下英语期末,1,1
衡阳县一中高一期末,3,1
衡阳县统考高一期末,1,1
衡阳市一中,11,1
衡阳市一中沃土计划真题,1,1
衡阳市八中教育集团,1,1
衡阳市八中教育集团2025 2026九年级,4,1
衡阳市八中教育集团2025 2026九年级开学考,1,1
衡阳市八中教育集团九年级物理,5,1
衡阳市八中沃土计划真题,10,1
衡阳市八中高一,1,1
衡阳市八中高一上学期期中数学,2,1
衡阳市八中高一期中,1,1
衡阳市八中高一期中数学,1,1
衡阳市八中，学科联赛,3,1
衡阳市成章实验中学2025年九年级入学考试试卷真题,2,1
衡阳市成章实验中学九年级月考数学,11,1
衡阳市沃土计划,4,1
衡阳市第八中学,3,1
衡阳市自主招生,1,1
衡阳市衡阳县英语期末2026,1,1
衡阳市衡阳县英语期末2026八下,1,1
衢州2025高二下学期期末物理,4,1
衢州市2025年6月高一年级教学质量检测语文,5,1
衢州市柯城区城南初中,1,1
衢州市柯城区城南小学,5,1
衢州高二市统测,3,1
补充条件问题并列式解答,7,1
补写句子,2,1
表挌実验化学,5,1
表格实验,6,1
袁州区四下数学,8,1
袁州区四下英语,2,1
被动 语态100题 初三,3,1
被动时态,1,1
被动语态练习题,9,1
裂项相消法,3,1
裕华区,6,1
襄城区2026一年级下册语文试卷,2,1
襄州区八年级上数学期末考试卷,4,1
襄阳,2,1
襄阳 2 0 2 6高一期末物理,3,1
襄阳3月统一调研,1,1
襄阳一中,4,1
襄阳一模英语,4,1
襄阳四中分班考,1,1
襄阳四中班考,3,1
襄阳四中高三9月联考,2,1
襄阳宜城5年级数学下期末考试卷子,5,1
襄阳宜城市2024到2025六年级下学期英语期末考试题,1,1
襄阳宜城市2025到2026六年级下学期英语期末考试题,5,1
襄阳市九年级上册期末试卷,19,1
襄阳市二模。,2,1
襄阳市八下数学期末考试,3,1
襄阳市八年级上数学期末考试卷,5,1
襄阳市八年级下册数学期末考试卷,4,1
襄阳市初中学业水平试卷,10,1
襄阳市樊城区七下地理试题,1,1
襄阳市樊城区七下生物试题,3,1
襄阳市第三中学,1,1
襄阳市第五中学附属中学九上数学第一次月考,4,1
襄阳市襄州区八上期中试卷,9,1
襄阳市襄州区八年级上册数学试卷,33,1
襄阳市襄州区八年级数学下册期末试卷,4,1
襄阳市高三9月联考,1,1
襄阳市高新区八年级上册数学期末试卷,7,1
襄阳月考,4,1
襄阳高 二 2025 2026 高二下学期期末 数学,9,1
襄阳高一下学期期末,4,1
襄阳高一期末统考,9,1
西亭,4,1
西充县晋城中学,3,1
西光,5,1
西关外国语学校,18,1
西北全真模拟,1,1
西北四省联考。,1,1
西北大学附属中学高二化学,4,1
西北师大附中2025 2026高一下学期物理,1,1
西北师大附中高一上学期数学期中考试试卷真题,5,1
西北师大附中高二期中数学,1,1
西华县第一高级中学附属初级中学,1,1
西南五省2026年普通高等学校招生全国统一考试适应性测试语文试题答案,1,1
西南位育,1,1
西南名校联盟,3,1
西南大学9月,1,1
西南大学东方,2,1
西南大学东方实验,4,1
西南大学临高实验中学,5,1
西南大学附中，初二下册数学期末,1,1
西南大学附属中学八上英语期末,1,1
西南大学附属中学适应性测试二,1,1
西南大学附属中学高二上10月数学,12,1
西南模范,13,1
西南附属中学,4,1
西南高中名校,5,1
西城一模,1,1
西城九上期末语文,1,1
西城二模,3,1
西城二模化学,3,1
西城八中,4,1
西城区,2,1
西城区2026八年级下册物理期末考试试卷,1,1
西城实验中学,1,1
西城高一下期末,8,1
西城高二上期中,1,1
西城高二上期中数学,1,1
西大附中 重庆,3,1
西大附中英语开学考,2,1
西大附中高二物理,2,1
西奥赛,1,1
西宁中考,3,1
西宁中考数学,1,1
西宁八年级数学,1,1
西宁八年级英语,2,1
西宁市2 25至2 26第二学期期末调研测试卷七年级数学,1,1
西宁市2 25至2 26第二学期期末调研测试卷八年级数学,2,1
西宁市2 25至2 26第二学期期末调研测试卷高二数学,3,1
西宁市2 25至2 26第二学期期末调研测试卷高二物理,7,1
西宁市2023-2024高一下期末考试,2,1
西宁市2025~2026的地理期末测试卷七年级下册,2,1
西宁市2025至2026学年第二学期学末调研测试卷,3,1
西宁市2026学年调研卷,5,1
西宁市2026年中考数学,3,1
西宁市高一,10,1
西安 零诊,1,1
西安一模,4,1
西安七年级分班考试卷,2,1
西安中学,16,1
西安中学 2025 2026 学年度第二学期期末考试 高二化学试题,2,1
西安中学2026语文,1,1
西安中学高二期末数学,2,1
西安中考卷,4,1
西安五大名校铁一中高一真题全套,6,1
西安交大,1,1
西安交大强基,1,1
西安交大附属高中上学期高一数学,1,1
西安交通大学附属中学,1,1
西安交通大学附属中学分班考,8,1
西安交通大学附属中学高中,3,1
西安八下数学期末试卷,1,1
西安南开高级中学,2,1
西安小升初分班考西安区,2,1
西安小升初分班考西安市高新十一初级中学,3,1
西安市一中,9,1
西安市临潼区华清中学高二,1,1
西安市六中,1,1
西安市初一分班考英语,1,1
西安市往年八十二中新初一的分班卷子,2,1
西安市浐灞第二中学,2,1
西安市碑林区铁五小学2025-2026学年第二学期四年级数学期末试卷（北师大版）,4,1
西安市第三中学,2,1
西安市第六十三中学,1,1
西安市远东一中初中入学分班考,1,1
西安市远东第一中学,1,1
西安市铁一中,2,1
西安市铁一中学,2,1
西安市铁一中学(不要滨河),1,1
西安市铁一中学2025-2026学年下学期七年级期末语文试题,2,1
西安市铁一中学七年级下册语文期末考试卷子,4,1
西安市铁一中学期中期末考试,7,1
西安市铁一中学期中期末考试2020-2026,4,1
西安市铁一中学高一第二次月考数学,1,1
西安市铁一高一分班考,4,1
西安市长安区分班测试题,1,1
西安市长安区分班考试卷小升初,1,1
西安市长安区第一中学,2,1
西安市长安区第三中学,2,1
西安市长安区第二中学,2,1
西安市长安区第二初级中学分班测试题,1,1
西安市长安区第五中学,1,1
西安市阳光中学,11,1
西安市雁塔区九十九中入学考试卷子,1,1
西安市高新三中七年级下册期末试卷,1,1
西安市高新第3初级中学七年级下册期末考试数学试卷,5,1
西安市高新第一中学,8,1
西安师大附中高二期末卷,2,1
西安数学期末试卷,11,1
西安灞桥东城一中分班考,1,1
西安灞桥区分班考,3,1
西安灞桥区小升初分班考,1,1
西安物理一模,3,1
西安经开四小,5,1
西安美院附中,1,1
西安航天中学,1,1
西安西北大学附中,3,1
西安西北工业大学,1,1
西安西咸新区六年级下册数学试卷,1,1
西安西咸新区六年级下册语文试卷,4,1
西安铁一中2024春七年级下册期末数学试卷,5,1
西安铁一中2024春七年级下册期末数学试卷（辅轮轮考期末卷）,6,1
西安铁一中2024试卷,1,1
西安铁一中七年级,1,1
西安铁一中不要滨河,1,1
西安铁一中中学,1,1
西安铁一中八年级期末,1,1
西安铁一中八年级期末数学,3,1
西安铁一中期末,1,1
西安铁一中联考,2,1
西安铁一中辅轮中学七年级下册期末数学试卷,2,1
西安铁一中高一,19,1
西安铁一中高一2020-2026,1,1
西安铁一中高一2020-2026期中期末试卷,4,1
西安铁一中高一2020-2026期中期末试卷不要滨河,1,1
西安铁一中高一上学期,2,1
西安铁一中高一语文,2,1
西安铁一中高三零诊,1,1
西安铁一中高二下期末,3,1
西安雁南,9,1
西安雁塔区高新一中,3,1
西安雁塔区高新一中7年级,1,1
西安雁塔区高新一中7年级期末数学,2,1
西安高新一中7年级期末,1,1
西安高新一中7年级期末数学,2,1
西安高新一中数学,2,1
西安高新一中零诊,1,1
西安高新第二初级中学七年级期中考试,3,1
西山区2025 2026七年级数学,2,1
西峡七下,5,1
西峡县2024年秋数学五年级上册期中真题卷,2,1
西峡县2025年秋数学五年级上册期中真题卷,8,1
西峡县2025年秋语文五年级上册期中,4,1
西峡数学六下,5,1
西峡语文六下,5,1
西川中学,1,1
西工大,1,1
西工大附中2025高一,7,1
西工大附中2026,2,1
西工大附中2026高中,3,1
西工大附中26届,1,1
西工大附中26届 【1～14次适应性训练+高三大练习】,1,1
西工大附中中考模考,3,1
西工大附中八年级,1,1
西工大附中新高一 分班考,5,1
西工大附中适应性考试15,3,1
西工大附中高三,1,1
西工大附中高三适应性考试15,2,1
西师大 综合应用等式的性质解方程,3,1
西师大版二升三数学暑假每日一练,5,1
西昌市,1,1
西昌市七年级下册语文试卷,1,1
西昌市初一上期英语,2,1
西梅,5,1
西海岸新区,8,1
西海岸新区英语五年级下学期,1,1
西游記1 100常考练习,3,1
西游记,4,1
西湖区公益中学,12,1
西溪,2,1
西溪中学,17,1
西班牙语高考,1,1
西秀区2025～2026学年度第二学期期末综合素质发展评估,5,1
西藏,45,1
西藏2024地理中考,3,1
西藏2026年物理中考,4,1
西藏2026物理中考真题,3,1
西藏2026生物中考,3,1
西藏七年级下学期阶段检测免费,3,1
西藏中考2026,1,1
西藏初中学业,1,1
西藏期末,1,1
西藏高一下学期期末,1,1
西藏高一下学期阶段检测,3,1
西语高考,2,1
西部联盟,1,1
西部联盟试卷,1,1
西附七年级入学分班考,1,1
西附高一下数学期末,3,1
西青区期中试卷,3,1
见医知二,1,1
观城武林小学,17,1
观察法的应用,4,1
观察物体,7,1
视图专题,1,1
视频中2026年数学试卷,9,1
视频教学,5,1
视频课,3,1
角平分线,1,1
角平分线 2026专题培优,7,1
角度推导,2,1
角度计算类比探究,1,1
解 三角 形 0 基础 专题大题高一,1,1
解 方程,4,1
解 方程100道一元一次,8,1
解 方程100道五年级,4,1
解 方程100道五年级上,1,1
解一元不等式难题,2,1
解一元二次方程专项,5,1
解三角形专题,1,1
解三角形专题培优,10,1
解三角形压轴,1,1
解三角形大题,5,1
解三角形必刷,2,1
解三角形综合应用,13,1
解三角形综合应用复习讲义,1,1
解三角形高考,10,1
解三角形高考真题汇编,2,1
解不等式,1,1
解不等式恒成立的策略,3,1
解不等式数学,1,1
解不等式难题,7,1
解不等式高中,2,1
解二次函数解析式专项练习,3,1
解决问题,3,1
解决问题的策略,5,1
解密12有机化学基础,7,1
解放战争,5,1
解放路,6,1
解方程专项练专项练习北师大,3,1
解方程专项练北师大,5,1
解方程专项练（60道）,5,1
解方程二次与分式,1,1
解方程冀教版数学,2,1
解方程北师大,10,1
解方程高一,1,1
解方程（一）,3,1
解析几个,1,1
解析几何 上海,10,1
解析几何一轮复习,6,1
解析几何上海,3,1
解析几何上海大题,1,1
解析几何专题,2,1
解析几何北京,2,1
解析几何基础,2,1
解析几何导学,1,1
解析几何高三上期中,9,1
解析初步,1,1
解答题05 中考相似三角形核心模型9大考向（专项训练）（上海专用）,4,1
解读高考,1,1
解透教材,4,1
解题大招,1,1
解题大招04基本不等式链,1,1
解题大招05,3,1
解题大招21,1,1
解题觉醒,1,1
言情小说,1,1
詹姆斯,1,1
論語十二章2 理解性默写,4,1
计划乡中心扳,5,1
计数原理在古典概率中的应用,1,1
计算 八下年级数学,2,1
计算 八下年级数学  北师大版,10,1
计算 简便运算,4,1
计算 简便运算人教版,24,1
计算 题100 道八年期末考试,12,1
计算二年级,3,1
计算八下,2,1
计算初一下,1,1
计算初一下苏科版,6,1
计算初中,3,1
计算初中初二,2,1
计算天天练,5,1
计算小卡片,1,1
计算数学,2,1
计算数学北师大版,8,1
计算数学北师大版整式混合,3,1
计算机网络基础,1,1
计算能手,4,1
计算训练,8,1
计算题专练,30,1
计算题专项,1,1
计算题专项训练30题,4,1
计算题专项训练30题华师大版,2,1
计算题八上,1,1
计算题八上数学分式,3,1
计算题四年级,1,1
计算题有理数专项训练,4,1
认识官能团,9,1
认识平面图形一年级单元卷,2,1
认识比例尺及相关计算,5,1
认识特殊平行四边形,4,1
讨论零点个数,1,1
讨论零点的个数,2,1
训练达人三年级上册语文,1,1
训练达人三年级上册语文第二单元,7,1
议论文-阅读单选,1,1
议论文作文,6,1
议论文写作练习,4,1
议论文写作题,3,1
议论文写作题高考训练,7,1
议论文答题模板,1,1
议论文素材,2,1
议论文素材积累,1,1
议论文素材积累高中语文,1,1
议论文词汇替换,2,1
议论文阅读理解,6,1
议论文题,1,1
记叙性文本阅读，十篇,9,1
记叙文,1,1
记叙文-阅读单选,1,1
记叙文-阅读单选高一,1,1
记叙文写作通用模板,5,1
记叙文阅读,8,1
记叙文阅读 一轮,8,1
记叙文阅读六上,2,1
记叙文阅读十篇,11,1
记叙文阅读理解,2,1
记叙文阅读理解题,3,1
记承天寺夜游,3,1
讲义相互作用力高中物理,3,1
许昌分班,1,1
许昌实验高中,1,1
许昌建安区期末试卷,1,1
许昌建安区期末试卷小学六年级升学,6,1
许昌高中,19,1
许昌高中2025高一,7,1
许昌高中开学考,1,1
论语 十二章,7,1
论语12章情境默写,2,1
论语12章理解性默写,8,1
论语十二则,3,1
论语十二章课件,3,1
论语十二章高中,1,1
论语：十二章间接默写题,5,1
设元求边长,1,1
设元求边长初二,1,1
设而不求,1,1
证明50题,1,1
证明三角形全等,5,1
证明题,1,1
证明题七下,1,1
词句赏析（炼字、炼句）,3,1
词型 转换 2026词性高高频总结,2,1
词形转换,1,1
词性,6,1
词性变化,2,1
词根词缀3500词思维导图,1,1
词汇 变形 背诵 默,2,1
词汇 背诵,1,1
词汇 背诵版和默写版,5,1
词汇688,1,1
词汇g,1,1
词汇高一,8,1
词类活用练习,1,1
词类活用练习初中,1,1
词语+句子,2,1
词语解析,3,1
词语选择,2,1
诏安,14,1
译林 Unit3,2,1
译林 Unit4,1,1
译林 Unit5,1,1
译林 Unit6,2,1
译林 选择性必修一单词默写,4,1
译林9上Unit1 完形 Cui Can,1,1
译林9上Unit1 完形 Cui Can pet lawyer,2,1
译林九上第四单元短语,2,1
译林出版社英语默写清单,2,1
译林单元重点易错题整理,3,1
译林四上阅读理解,2,1
译林必修一,2,1
译林必修一单词,12,1
译林版九上unit2Teeneeage problems词性转换默写,8,1
译林版六年级,4,1
译林版单词默写,4,1
译林版同步词汇一本通,8,1
译林版同步课,4,1
译林版小学英语,1,1
译林版小学英语单词,6,1
译林版小学英语教材,1,1
译林版必修一单词表,5,1
译林版必修一单词默写,4,1
译林版必修一英语音频,3,1
译林版必修二Unit1单词默写,2,1
译林版必修二Unit1默写,4,1
译林版英语单词默写,13,1
译林版英语同步教材三年级上册单词表,4,1
译林版英语同步教材二升三,1,1
译林版英语必修一,4,1
译林版英语必修二单词默写中译英,1,1
译林版课程,2,1
译林版选必一单词,4,1
译林版高中英语选择性必修三work book答案,6,1
译林英语三年级语法,1,1
译林英语六年级上册最新第四单元,1,1
试卷2石家庄2026春期末新教材素养卷八年级英语,3,1
试卷分析高考,3,1
试卷单元卷暑假,4,1
试卷标题：2026年中招学科第二次调研试卷 九年级英语（安阳二模）,2,1
试卷濮阳,3,1
试题,5,1
试题优化,1,1
试题优化龙江期末,3,1
试题库2,1,1
试题汇编,5,1
试题研究,3,1
诗化小说,6,1
诗歌 鉴赏 2 025一轮复习 古代诗歌,5,1
诗歌三首,2,1
诗歌鉴赏,1,1
诚信素材,5,1
诚信综合性学习,4,1
语发填空,6,1
语境提示填空,3,1
语文 01 172024 2026六年级上语文期末真题,1,1
语文 小升初衔接,1,1
语文 理解性默写2026汇总所有篇目,6,1
语文 背诵篇目 高二,3,1
语文 阅读2026答题技巧,1,1
语文 阅读理解2026答题技巧,2,1
语文120个文言文实词汇总,8,1
语文120实词,3,1
语文2022新高考一卷,2,1
语文2023高考,1,1
语文2025 1 卷高考真题,5,1
语文2025学考,1,1
语文2026 高考真题,5,1
语文2026全国1卷,1,1
语文2026北京合格考,1,1
语文2026学考,1,1
语文24年高考全国一二卷,6,1
语文七上随堂,18,1
语文七下期末,9,1
语文七年级上册贵阳市期末考试卷南明区,1,1
语文七年级下册贵阳市期末考试卷南明区,5,1
语文三年级人教版笔记,4,1
语文专项训练,5,1
语文专项默写,2,1
语文中考专题练习,1,1
语文中考阅读,5,1
语文中考阅读理解,1,1
语文丽水市2024学年第二学期高一下。期末,1,1
语文九上134月考沈阳,3,1
语文九上南昌中学月考沈阳,1,1
语文九上南昌月考沈阳,2,1
语文九年级上册,6,1
语文九年级上册古诗默写,3,1
语文书教材,1,1
语文五年级上册分类卷,3,1
语文五年级上册单元卷,2,1
语文人教版课堂笔记,4,1
语文优化学案单元检测,1,1
语文作文 02025一轮复习专题,4,1
语文作文练习,1,1
语文作文范文,2,1
语文作文题合集,3,1
语文作文题目合集,3,1
语文作文高级范文,3,1
语文信息文本阅读练习,5,1
语文做题技巧,3,1
语文全国二轮复习,1,1
语文全国二轮复习阅读,3,1
语文全国高考一卷,1,1
语文八下阅读题,2,1
语文八年级下册烟台市芝罘区2025-2026期中试卷,10,1
语文八年级下册芝罘区2025-2026期中试卷,1,1
语文八省联考,2,1
语文六年级上册长沙市雨花区2025期末质量检测,2,1
语文关于人类命运共同体的信息类文本阅读,2,1
语文内地,6,1
语文冲刺练习（一）,1,1
语文冲刺练习（一）铁岭,10,1
语文初一上,1,1
语文初三上,2,1
语文初中一模,19,1
语文初升高衔接,3,1
语文初升高衔接讲解,1,1
语文初升高衔接讲解视频,2,1
语文初高中衔接,1,1
语文单选,1,1
语文古诗文鉴赏,2,1
语文古诗文鉴赏高中,6,1
语文古诗文阅读专项,1,1
语文同步过关精练,1,1
语文名著资料,3,1
语文四年级人教版笔记,5,1
语文基础知识,1,1
语文基础知识手册,2,1
语文基础知识高中,2,1
语文字帖,4,1
语文字帖高一,1,1
语文学业水平考试,1,1
语文学考模拟卷,4,1
语文实文实事,8,1
语文小学六年级上册阅读专项,1,1
语文小学六年级上册阅读理解,4,1
语文小说,1,1
语文小说阅读理解初中,3,1
语文开学考,1,1
语文必修一,2,1
语文必修上册古文词,3,1
语文必修下优化学案单元检测,4,1
语文必修文言,3,1
语文必背古诗高中,3,1
语文必背实词虚词,2,1
语文必读名著,1,1
语文拼音,1,1
语文拼音区分区分,6,1
语文文言文实词虚词高中,3,1
语文文言文答题模版,1,1
语文新课标1卷,4,1
语文新高考一卷,3,1
语文春季高考,2,1
语文春季高考资料,1,1
语文普通高中学校招生全国统一考试模拟金卷（二）,4,1
语文暑假作业,1,1
语文期末三年级,1,1
语文期末三年级绵阳,2,1
语文期末考试试卷,31,1
语文期末考试试卷B,19,1
语文期末考试试题,12,1
语文期末试卷八上,1,1
语文模拟卷,1,1
语文每日阅读理解,2,1
语文沈阳二中,1,1
语文济宁,1,1
语文济宁高一,2,1
语文生词,4,1
语文电子课本,6,1
语文病句 2026专题训练,1,1
语文真题中考模考,8,1
语文真题中考模考 河南商丘睢县,2,1
语文真题高中模考,1,1
语文真题高考,1,1
语文知识,1,1
语文知识点,1,1
语文知识点初,1,1
语文知识点初中,3,1
语文知识点答题方法,7,1
语文第3册高中,5,1
语文答题模板答题技巧,1,1
语文答题模版高考,1,1
语文统编版一年级上册新教材,1,1
语文统编版选择性必修一新教材必背课文,1,1
语文耀华中学,8,1
语文背书,1,1
语文背诵汇总,2,1
语文背诵闯关打卡,1,1
语文自主招生阅读题专练,5,1
语文议论文,5,1
语文议论文写作开头结尾,2,1
语文记叙文答题模板文档,4,1
语文记叙文阅读题,6,1
语文论证思路,1,1
语文论语十二章题目,1,1
语文词类活用练习初中,7,1
语文试卷七下期末,11,1
语文试卷七下期末汾阳,3,1
语文试卷高三,1,1
语文试题一,24,1
语文语法,1,1
语文语法 词性 短语 句子成分习题,1,1
语文语言应用,17,1
语文语言文字运用高中专题练习,22,1
语文课件,2,1
语文课外阅读,1,1
语文课本电子版,1,1
语文轩,1,1
语文选修一古诗专项练习,4,1
语文选修一课本,4,1
语文选修上册古文词,4,1
语文选修上册和中册必背篇目,5,1
语文选修下册 必背古诗文理解性默写,1,1
语文选必上课本,1,1
语文选择性必修一人教版,5,1
语文选择题专项高考,3,1
语文通知修改病句,1,1
语文铁西二模,3,1
语文阅渎理解20篇,4,1
语文阅读作用题学案,3,1
语文阅读理解 100篇专项训练,1,1
语文阅读理解 100篇专项训练中考,3,1
语文阅读理解专项训练,19,1
语文阅读理解常用词句,5,1
语文阅读理解答题模板,7,1
语文阅读理解答题模板文档,2,1
语文阅读理解题型,4,1
语文阅读题习题,13,1
语文阅读高考,5,1
语文题,1,1
语文高 考1 2025年全国高考卷解析,3,1
语文高一,3,1
语文高一下期末,3,1
语文高一阅读,7,1
语文高一阅读理解,2,1
语文高三考试,1,1
语文高中北京高考,1,1
语文高中北京高考2025,2,1
语文高中文言文实词,1,1
语文高二,4,1
语文高二扬州期末2024-2025,3,1
语文高二文言文课,3,1
语文高二阅读,7,1
语文高二阅读免费,1,1
语文高考2025一卷,1,1
语文高考202新5一卷,1,1
语文高考一卷,1,1
语文高考二卷,1,1
语文高考复习,1,1
语文高考文学常识,10,1
语文高考模考题,6,1
语文高考真题贵洲,7,1
语文高考题型答题模板,5,1
语文齐桓晋文之事复习课件,1,1
语文（七）2025.6上海,3,1
语法 填空1 0个空,3,1
语法专项练习名词,6,1
语法专项练习名词物主代词,1,1
语法专项练习名词题目,1,1
语法专项练习填空动名词,3,1
语法专项练习题目名词,7,1
语法专题,2,1
语法单选题,4,1
语法填空 专练 2026届高考英语一轮复习专项,9,1
语法填空 真题 高考 五年,3,1
语法填空100题,1,1
语法填空专列,7,1
语法填空专练,7,1
语法填空专练九上英语人教版,1,1
语法填空专练九上英语人教版期末,3,1
语法填空专项,12,1
语法填空专题复习,13,1
语法填空人教版,8,1
语法填空必刷,11,1
语法填空无提示词,6,1
语法填空模拟题,6,1
语法填空汇北京编,1,1
语法填空汇编,1,1
语法填空练习,2,1
语法填空高中,1,1
语法大全,5,1
语法每日一练,3,1
语法每日一练2024-2025学年,1,1
语法知识点,2,1
语法知识点之修改病句,2,1
语法知识点汇总,1,1
语法训练,2,1
语用专题,1,1
语用小卷,3,1
语用提能小纸条训练,1,1
语用提能小纸条训练成语+补写句子,1,1
语用题,2,1
语用题仿写,1,1
语篇填空专项训练,2,1
语篇填词,1,1
语言基础运用,11,1
语言文字应用,1,1
语言文字应用用,1,1
语言文字运用错字,4,1
语言文字运用高考真题汇编,5,1
语言文学运用,32,1
诱导公式,6,1
说明文阅读,3,1
请解析云南德宏州芒市第一中学2025到2026学年高一下学期期末考试数学试题。,1,1
诸城繁华中学,1,1
诸暨中学,2,1
诸暨市8年级下册科学期末考试,4,1
诸暨市七年级,1,1
诸暨数学九年级上,3,1
诸暨荣怀,1,1
诸暨荣怀学校,2,1
诺贝尔杯,5,1
读 后 续写10句5定法课件,1,1
读单词,3,1
读后续写专项训练,4,1
读后续写优秀范文,1,1
读后续写双字帖,1,1
读后续写常用短语,5,1
读后续写技巧,2,1
读后续写教学,2,1
读后续写素材积累,3,1
读后续写练习,11,1
读后续写预习,1,1
读者,2,1
课件 学案,11,1
课件PPT,3,1
课件哦八年级教科版物理,1,1
课件哦八年级教科版物理光的折射,8,1
课件学案,1,1
课件数学,4,1
课件数学九上,1,1
课件数学九上3 2,1,1
课件数学九上青岛版,6,1
课件选择必修一化学,1,1
课内文言文古诗文归纳总结,1,1
课后单词,7,1
课后评价,2,1
课后题答案,1,1
课堂,1,1
课堂思维碰撞,11,1
课堂本练习本,3,1
课堂点睛九年级上册人教版,4,1
课堂笔记,5,1
课外文言文,1,1
课外文言文初中,6,1
课外文言文阅读,2,1
课文,1,1
课文 翻译,1,1
课文听力,1,1
课文听力英语,3,1
课时a计划,4,1
课时作业,1,1
课时作业本七上沪科版第,3,1
课时作业本七上沪科版第1单元综合测试三折叠,1,1
课时作业本八上数学,7,1
课时作业本八上数学勾股定理,1,1
课时作业本苏教版,2,1
课时卷,2,1
课时提优作业本,3,1
课时提优计划作业本,26,1
课时提优计划作业本 数学八年级上册（SK苏科版）,1,1
课时提优计划作业本，连云港专版,2,1
课时练,1,1
课时练习卷,6,1
课时练八上生物冀少版,1,1
课时练八年级下册数学小册子,5,1
课本 20024九年级上册英语,3,1
课本2026人教版英语,1,1
课本单词,8,1
课本单词表 电子版,9,1
课本基础有机实验,2,1
课本教师用书,3,1
课本数学,4,1
课本讲解,2,1
课本高一地理,1,1
课本高一数学,2,1
课本高中英语,4,1
课标外古诗,3,1
课标词汇,1,1
课程,2,1
课计划,3,1
课课帮,2,1
课课帮 7年级下册英语 外研版 大连专用,3,1
课课帮7上数学,1,1
课课练物理,2,1
课题2金属的化学性质,4,1
调兵山,15,1
调兵山七上,16,1
调兵山七上语文期末卷,1,1
调兵山二高高三期末考试物理卷,6,1
调兵山二高高二期末考试物理卷,9,1
调兵山市2025 2026学年度上学期随堂练习 二 八年语文,4,1
调兵山期末七上语文,2,1
调和点列,3,1
谋篇布局,3,1
谋篇布局作文,1,1
谏逐客书翻译练习,2,1
谓语,5,1
谓语动词 非谓语动词混合练习,4,1
谓语动词的时态,5,1
谨慎,1,1
谨慎 VS奈保尔,1,1
豆包，帮我出示一下 2025~2026 学年第一学期浙江省名校协作体试题高二英语,1,1
豫教联盟高一,2,1
豫西北教研联盟2025 2026第四次质量检测,7,1
豫西北教研联盟2025 2026第四次质量检测数学试题,1,1
豫西北教研联盟洛平许记2025至2026学年高三年级第四次质量监测,2,1
豫西北教研联盟洛平许记高三年级第四次质量监测,1,1
贝伦区2025年第二学期七年级英语期末试题,1,1
财大附中开学考,5,1
败犬,1,1
货、,1,1
质子守恒,2,1
质子顺浓度运输专题,1,1
质检 2026 福建,5,1
质检卷,1,1
质点 参考系 同步练习,6,1
质点参考系,1,1
质点参考系 经典例题,4,1
质量,10,1
质量和密度,2,1
质量检测小白卷,3,1
质量监测,2,1
质量调研,43,1
贯通,1,1
贯通内蒙古,1,1
贯通班 八年级 数学内蒙古,1,1
贯通班招生选拔试题,12,1
贯通班数学内蒙古,5,1
贯通班物理是全包头饰,1,1
贯通班物理期末考试,6,1
贵 百 河,2,1
贵 阳 市 2 0 2 5 届 高三 年 级 8月摸 底 考 试 试 卷,3,1
贵 阳 市 2 0 2 6 届 三 年 级 摸 底 考 试 试 卷,2,1
贵州 0 2025高三四月适应性,4,1
贵州2020年语文,2,1
贵州2020年轻语文,1,1
贵州一模化学,4,1
贵州中考,9,1
贵州中考英语,3,1
贵州中考英语原卷 2026,1,1
贵州中考语文,1,1
贵州二年级下学期期末,1,1
贵州人教版八年级下册物理生物真题,2,1
贵州仁爱科普版八下语法填空练习,1,1
贵州八下物理期末试卷,15,1
贵州八年级,1,1
贵州八年级下学期阶段检测,21,1
贵州六年级下学期升学模考,1,1
贵州六盘水市2020年七年级下学期素养监测试题卷,3,1
贵州兴义8中,1,1
贵州医科大学,2,1
贵州合格性考试,4,1
贵州四年级下学期阶段检测,23,1
贵州师大附中高一化学试题,10,1
贵州师范大学附属中学,2,1
贵州数学,1,1
贵州数学高考卷,1,1
贵州物理,5,1
贵州省2024年普通高中学业水平选择性考试,2,1
贵州省2024年高考真题政治,4,1
贵州省2025 中考试卷,1,1
贵州省2025年普通高中学业水平选择性考试,1,1
贵州省2026 年高考化学,1,1
贵州省2026年7月普通高中学业水平合格性考试历史试卷,2,1
贵州省2026年七月普通高中学业水平合格性考试生物试卷,5,1
贵州省2026年高考物理试卷,1,1
贵州省七年级上册数学期中考试试题,1,1
贵州省中考数学,3,1
贵州省中考英语试卷,1,1
贵州省仁怀市六年级下册期末,1,1
贵州省六盘水。初二下学期真题卷,1,1
贵州省六盘水市一中,6,1
贵州省六盘水市初二数学下学期,1,1
贵州省六盘水市钟山区小升初期末测试卷。2026六年级下册,11,1
贵州省六盘水市高三物理,3,1
贵州省安顺市,12,1
贵州省安顺市镇宁,1,1
贵州省市一中,1,1
贵州省师范大学附属中学,1,1
贵州省惠水县2026,14,1
贵州省惠水县2026上学期,5,1
贵州省惠水县2026上学期人教版,6,1
贵州省贵阳市2025-2026学年高三8月月考,5,1
贵州省贵阳市2026届高三上学期摸底考试8月月考,6,1
贵州省贵阳市八年级上册历史期中检测卷,1,1
贵州省贵阳市八年级上册语文期中检测卷,2,1
贵州省遵义市2024 2025七上数学期末试卷,6,1
贵州省遵义市2024—2025七上期末模拟试卷,1,1
贵州省遵义市2025至2026第二学期数学卷,1,1
贵州省遵义市24年七年级下英语期末真题,3,1
贵州省遵义市十一中,1,1
贵州省遵义市十一中2024 2025七上数学期末模拟试卷,23,1
贵州省遵义市十一中2024—2025七上期中试卷,9,1
贵州省遵义市播州区七年级下英语期末真题,2,1
贵州省遵义市汇川区周林,5,1
贵州省铜仁市2026年1月份期末质量监测高一物理,13,1
贵州省铜仁市2026年6年级下册数学期末监测监测,8,1
贵州省铜仁市2026年6年级下册期末。7月质量检测,2,1
贵州省铜仁市2026年6年级下册期末监测监测,2,1
贵州省铜仁市2026年7月份期末质量监测八年级英语,3,1
贵州省铜仁市2026年7月质量检测,1,1
贵州省铜仁市民族中学,12,1
贵州省镇宁,2,1
贵州省高考试卷,4,1
贵州省黔南小学四年级,2,1
贵州贵阳,1,1
贵州贵阳一摸,1,1
贵州贵阳九年级,7,1
贵州贵阳九年级正比函数,2,1
贵州贵阳，九年级,1,1
贵州遵义市开学考,3,1
贵州铜仁,2,1
贵州铜仁市2025 2026学年高一下学期7月期末试题英语,1,1
贵州铜仁市2025-2026学年高二下学期7月期末英语试题,1,1
贵州铜仁市2025至2026学年八年级下册期末7月质量监测物理试题,4,1
贵州铜仁玉屏，2026年普通高中高一政治期末考试卷及答案,5,1
贵州阶段检测,2,1
贵州高一下学期期末,12,1
贵州高一期末数学,7,1
贵州高三一模化学,2,1
贵州高三上学期期末,6,1
贵州高三开学考9月,1,1
贵州高中学业水平合格性考试生物,5,1
贵州高考,10,1
贵州高考卷2025,1,1
贵州高考物理,1,1
贵州高考语文,2,1
贵州黔东南小学三年级语文,3,1
贵州黔南一模,2,1
贵州黔南初二英语,2,1
贵师大附中2019-2020高一化学,3,1
贵港,9,1
贵港市平南,3,1
贵港期末,8,1
贵港桂平,9,1
贵港高中,3,1
贵溪一中,1,1
贵百河,4,1
贵阳2026届高三8月摸底考,49,1
贵阳8月摸底考数学,1,1
贵阳8月摸底考物理,1,1
贵阳一中2026~2027高一英语综合测试卷2,4,1
贵阳一中入学考试,3,1
贵阳一模,1,1
贵阳八下地生会考,1,1
贵阳八下生地会考,1,1
贵阳八年级上,7,1
贵阳八月摸底2025,6,1
贵阳市2019-2020年高一上学期末生物,2,1
贵阳市2019-2020年高二上学期末化学,3,1
贵阳市2022八月入门考,1,1
贵阳市2022摸底考考,1,1
贵阳市2024届高三年级摸底考试试卷数学,15,1
贵阳市2024届高三年级考试试卷,1,1
贵阳市2024年高三上学期8月摸底考,10,1
贵阳市2025届高三年级摸底考试试卷数学,3,1
贵阳市2025年高三一模地理,1,1
贵阳市2025年高三年级摸底考试试卷,1,1
贵阳市2025～2026七下地理,1,1
贵阳市2026届高三年级摸底考试试卷数学,2,1
贵阳市2026年省适应检测三,15,1
贵阳市2026年省适应考试二,8,1
贵阳市2026年高三上学期8月摸底考,3,1
贵阳市2026年高三年级适应性考试 2,1,1
贵阳市2026年高三年级适应性考试 一,1,1
贵阳市2026年高三年级适应性考试2,1,1
贵阳市2026年高三年级适应性考试二,4,1
贵阳市2026年高三适应性考试二,2,1
贵阳市24届摸底考,8,1
贵阳市24摸底考,11,1
贵阳市七年级下册数学期末考试卷,3,1
贵阳市二摸,1,1
贵阳市八上数学,3,1
贵阳市八年级月考,6,1
贵阳市八年级期中考试,17,1
贵阳市分班考,1,1
贵阳市化学摸底考试,1,1
贵阳市普通中学2025 2026学年度第二学期期末监测试卷,9,1
贵阳市白云区第五中学,2,1
贵阳市第二次试验适应性考试,3,1
贵阳李端棻,13,1
贵阳第二实验中学,1,1
贵龙中学,6,1
费县东蒙镇初一上学期数学期中,1,1
费县八上期中物理,4,1
费县初一上学期数学期中,15,1
贺州,4,1
贺州市期末考试,8,1
贺州市高一下,1,1
贺州市高一下期末英语,2,1
贺阳,4,1
贾村中心小学,1,1
资中一中,2,1
资料包,9,1
资源编号:23751673衡水真题密卷:衡水金卷先享题2026年调研卷语文(五),1,1
资阳中学,10,1
资阳初升高数学摸底,1,1
资阳市,24,1
资阳市 2024 2025 学年度高中一年级第二学期期末质量监测,4,1
资阳市2026届中考化学,2,1
资阳市2026年中考,3,1
资阳市一诊考试2023级,2,1
资阳市中考,2,1
资阳市安岳县数学中考,5,1
资阳市马鞍学校,4,1
资阳市鸿鹄,1,1
资阳期末高二2026,2,1
资阳高一期末,20,1
赋值法专项50题,4,1
赢在微点 2026,8,1
赢在微点 2027大1轮复习答案,3,1
赢在微点 数学大一轮教师用书,2,1
赢在微点 顶层设计英语,2,1
赢在微点2025英语全解,4,1
赢在微点2025英语全解人教版,1,1
赢在微点一轮复习数学,1,1
赢在微点数学必修第2册人教A版试卷解析,1,1
赢在微点英语,2,1
赢在微点语文,1,1
赢在微点选择性必修一数学第一章试卷,3,1
赢在微点，一轮复习数学,2,1
赣县,2,1
赣州 2026 高二下 期末试卷,4,1
赣州2026期末高二数学,4,1
赣州2026英语,1,1
赣州2026英语高二,4,1
赣州一中,1,1
赣州中学高一上学期第一次化学月考,1,1
赣州市 202 6年高一下学期期末地理答案,1,1
赣州市 基础学科拔尖创新人才样本数据采集 九年级数学,6,1
赣州市2026年高二期末试卷,14,1
赣州市2026年高二期末试卷第二学期,1,1
赣州市会昌县,5,1
赣州市章贡区,3,1
赣州市高一期末,1,1
赣州第18中学,1,1
赣州高三一模,2,1
赣榆,3,1
赣榆一中,5,1
赣榆七年级下册期中考试试卷,1,1
赣榆八年级上册物理一二章,4,1
赣榆区去年期中8年级上册期中试卷试卷,32,1
赣榆高中数学高一月考,3,1
赣榆高级中学,5,1
赣榆高级中学 10 月考,1,1
赣榆高级中学 高一  10 月考,7,1
赣榆高级中学开发区校区,3,1
赣榆高级中学月考,1,1
赣榆高级中学经济开发区校区,4,1
赣科期末高二,1,1
赤 壁 赋,2,1
赤 壁 赋原文,1,1
赤壁 赋2025 理解性默写,2,1
赤壁市,30,1
赤壁赋,3,1
赤壁赋原文,3,1
赤峰,19,1
赤峰2026年期末考试高二化学,1,1
赤峰2026年期末考试高二物理,1,1
赤峰二中第一次月考,3,1
赤峰二中第一次月考化学,16,1
赤峰四中贯通班考试试卷2026,1,1
赤峰市2026初二地生会考真题,3,1
赤峰市2026年中职学校旅游类高考卷,11,1
赤峰市八年级数学上册2024年数学期末卷子,2,1
赤峰市巴林左旗2021-2022数学八上期中数学卷子,5,1
赤峰市联考,4,1
赤峰市高二期末试卷,1,1
赤峰市高二期末试卷数学,3,1
赤峰联考化学,3,1
赤峰联考化学期末,1,1
赤峰高二下期末英语,7,1
赤峰高二下联考,5,1
赫章县中等职业技术学校,1,1
走向成功,1,1
走美杯上海,5,1
走进化学世界2026第一单元测试卷2026年新版,1,1
走进细胞,1,1
赵礼显,1,1
赵礼显数列,1,1
赵礼显高一数学讲义,1,1
赵礼显高二数列,1,1
起九年级上册语文暑期预习,1,1
超几何分布 二项分布,2,1
超几何分布 二项分布 正态分布基础题,5,1
超分子,2,1
超盈,1,1
超盈中学,1,1
超银月考数学,1,1
超难二次函数,2,1
越狱课代表奔跑跳跃田径场,1,1
越秀 期末,2,1
越秀 期末 英语,2,1
越秀区期末,2,1
越秀区英语六下第二学期第1单元测验卷,2,1
越秀区高一下期末数学,1,1
越秀区高一期末,6,1
趣味阅读竞赛,3,1
跟练,4,1
跟读,4,1
跨学科上海,4,1
跨学科上海松江,1,1
路北,1,1
路北区九年级上册10月月考化学试卷,3,1
路北月考,2,1
路南区九年级上册10月月考英语试卷,28,1
路程与位移计算,2,1
跳跳熊五年级下数学,2,1
跳跳熊人教版五年级下数学,3,1
踩着时代节拍的春节，就像一位使者,1,1
转送带摩擦,1,1
转送带模型,2,1
轮换对称式,1,1
轮轮清,3,1
轴对称专题,1,1
轴对称图形,2,1
轴对称图形八上讲义,3,1
轻松练,1,1
轻诺必寡信的意思,1,1
较难,8,1
辅仁,4,1
辅仁 高二  数学,7,1
辅助原本动态分析,1,1
辅助圆,1,1
辅助线,2,1
辅助线15种方法,1,1
辅助线专题,5,1
辉耀,2,1
辉耀寄宿制小学,1,1
辽2025年高一10月份联合考试,1,1
辽东湾实验高级中学,3,1
辽东湾实验高级中学2025-2026学年度高二期末考试卷,2,1
辽中区2025-2026学年度第二学期期末教学质量监测七年级地理试卷（A卷）,2,1
辽南,1,1
辽南协作体高一下学期期末,1,1
辽南协作体高一下学期期末生物,1,1
辽南协作体高一下期末,3,1
辽南协作校2024,2,1
辽南协作校期中,3,1
辽南协作校高一下期中,2,1
辽南协作校高一下期中数学,2,1
辽南协作校高二上期末语文,6,1
辽南协作校高高一期中2024,1,1
辽南协作题高二下期末2025,3,1
辽南英语,3,1
辽南高三,1,1
辽吉黑蒙2026高考,1,1
辽吉黑蒙高考化学,3,1
辽吉黑蒙高考化学2024,1,1
辽吉黑蒙高考化学2025年,1,1
辽宁 名校联盟,1,1
辽宁10名校联盟高三上学期开学数学试题考,3,1
辽宁10名校联盟高三上学期开学考,3,1
辽宁2023-2024学年度（上）六校高三期初考试化学试题,6,1
辽宁2025 2026高一下学期期末卷,2,1
辽宁2025~2026学年高三第六次联考（月考）试卷物理,1,1
辽宁2025英语月考试卷,2,1
辽宁2026五校联考,1,1
辽宁2026五校联考英语,4,1
辽宁2026五校联考英语答题卡,1,1
辽宁2026高考真题,1,1
辽宁26年英语中考,1,1
辽宁一年级上学期阶段检测,2,1
辽宁七上数学月考卷,1,1
辽宁七下地理期末试卷,2,1
辽宁七年级上学期阶段检测,4,1
辽宁专用一本英语7上rj1版,1,1
辽宁东北育才学校6月阶段测试,3,1
辽宁中考2025地理,2,1
辽宁中考卷,1,1
辽宁中考卷2026,1,1
辽宁中考卷2026英语,2,1
辽宁中考真题,2,1
辽宁中考试卷,1,1
辽宁中考试卷2025,1,1
辽宁中考试卷2026,1,1
辽宁九师联盟2025年高一下期中考试英语,4,1
辽宁九年级上学期期中,3,1
辽宁九年级上学期阶段检测,1,1
辽宁五中分班考,1,1
辽宁五校联考,8,1
辽宁五校联考2025 2026学年高一下学期期末考试,1,1
辽宁五校联考数学,3,1
辽宁五校联考高一下,2,1
辽宁五校联考高二下期末,10,1
辽宁八年级上学期期末,9,1
辽宁八年级下学期期末,1,1
辽宁六年级上学期升学真题,9,1
辽宁凌源市2025-2026学年高二下学期期末检测数学试题,1,1
辽宁十中,3,1
辽宁升学模考,2,1
辽宁协作校2026高一期末七月,6,1
辽宁卷,1,1
辽宁卷高考,5,1
辽宁名校一轮卷,3,1
辽宁名校联盟10月,5,1
辽宁名校联盟2026,3,1
辽宁名校联盟高三上学期开学数学试题考,9,1
辽宁名校联盟高二下期末,1,1
辽宁名校联盟高考模拟卷,1,1
辽宁名校联盟高考模拟卷信息卷,2,1
辽宁四年级上学期期中,14,1
辽宁大连,5,1
辽宁大连中考,4,1
辽宁大连化学A,3,1
辽宁大连市2025-2026学年度第二学期期末考试高一英语试题,1,1
辽宁大连市普兰店区第九中学2025-2026学年高三下学期考前模拟语文题,4,1
辽宁大连市第八中学,1,1
辽宁大连滨城联盟2025高一上10月月考,2,1
辽宁大连生物B,2,1
辽宁大连生物高一下,1,1
辽宁大连生物高一下期末,1,1
辽宁大连英语,2,1
辽宁大连高一下期末生物,1,1
辽宁实验中学,4,1
辽宁实验中学高二月考数学,1,1
辽宁建昌县,4,1
辽宁抚顺,1,1
辽宁抚顺七年级,1,1
辽宁抚顺七年级上,2,1
辽宁抚顺七年级上顺城,3,1
辽宁抚顺市七校协作体2025 2026学年高一下学期期末考试物理试卷,1,1
辽宁数学,1,1
辽宁数学高考,4,1
辽宁朝阳县高级中学 高二下期末物理,2,1
辽宁朝阳小学,3,1
辽宁朝阳市部分重点高中联考2025 2026学年高二下学期7月期末考试,2,1
辽宁期中考试,48,1
辽宁沈阳,1,1
辽宁沈阳五中分班考,1,1
辽宁沈阳人教版,3,1
辽宁沈阳市2025~2026学年度下学期郊联体高一年级数学期末测试试卷,1,1
辽宁沈阳市2025一2026郊联体期末,2,1
辽宁沈阳市二中高二上生物月考,6,1
辽宁沈阳市十一中高二上生物月考,1,1
辽宁沈阳市学年度下学期郊联体高一年级数学期末测试试卷,3,1
辽宁沈阳市沈河区七年级池理测试题,6,1
辽宁沈阳市皇姑区实验中学2026届高三下校内考前预测英语科试题,3,1
辽宁沈阳市第2中学高二上生物月考,1,1
辽宁沈阳市第二中学2025 2026学年高一年级下学期期末数学试卷,1,1
辽宁沈阳市第二中学分班考,1,1
辽宁沈阳市第二十中学,8,1
辽宁沈阳市第十一中学,2,1
辽宁沈阳市第十一中学高二上生物月考,1,1
辽宁沈阳市第十一中学高二沈阳月考数学,3,1
辽宁沈阳市第十一中学高二沈阳月考物理,2,1
辽宁沈阳市第十一中高二上月考数学,1,1
辽宁沈阳市第十一中高二上生物月考,3,1
辽宁沈阳法库郊联体,2,1
辽宁沈阳第二十中学,4,1
辽宁沈阳铁西区8下数学期末试卷及答案,4,1
辽宁盘锦市兴隆台区2025-2026学年度第二学期期末教学质量监测七年级地理试卷,1,1
辽宁省 月考 辽南,1,1
辽宁省12中高1上开学考试,3,1
辽宁省2025年9月高三开学考卷纸,2,1
辽宁省2025年高三上开学考数学9月名校联盟,7,1
辽宁省2025年高三上开学考数学名校联盟,1,1
辽宁省2025年高三上开学考物理9月名校联盟,2,1
辽宁省2025年高三上辽宁省开学考,3,1
辽宁省2025年高三上辽宁省开学考数学,1,1
辽宁省2025年高中水平模拟考试数学,3,1
辽宁省2026中招考试试卷,4,1
辽宁省2026年中考英语试卷,6,1
辽宁省2026年期中数学高二下20中学,1,1
辽宁省2026年营口一模语文试卷,1,1
辽宁省2026高二英语7月期末考试,2,1
辽宁省8年级英语卷,17,1
辽宁省七下期末,1,1
辽宁省七年级上学期期中,2,1
辽宁省七校,1,1
辽宁省七校协作体,9,1
辽宁省东北育才、省实验中学高三,1,1
辽宁省东北育才五校联考,1,1
辽宁省东北育才学校,8,1
辽宁省东北育才学校2025-2026学年高一上学期期中化学试卷,2,1
辽宁省中考,2,1
辽宁省中考数学,2,1
辽宁省中考数学2026,9,1
辽宁省中考英语试卷,1,1
辽宁省丹东市东港市2025-2026一年级下学期7月末数学期末试卷统考,3,1
辽宁省丹东市东港市2025-2026五年级下学期7月末语文期末试卷,3,1
辽宁省丹东市凤城市凤城三中上学期期末测试宽甸,16,1
辽宁省丹东市高三上学期期一轮测试数学考试试卷,3,1
辽宁省五校联考高一下期末,2,1
辽宁省五校联考高三,3,1
辽宁省八上期中,3,1
辽宁省八年级上册物理月考试卷,1,1
辽宁省八年级上大连数学月考试卷,24,1
辽宁省八年级上大连数学期末试卷,21,1
辽宁省八年级上大连物理月考试卷,9,1
辽宁省八年级上大连物理期中试卷,7,1
辽宁省八年级上大连物理期末试卷,8,1
辽宁省八年级上沈阳物理月考试卷,7,1
辽宁省八年级上沈阳物理期中试卷,6,1
辽宁省八年级上沈阳物理期末试卷,7,1
辽宁省初三物理,1,1
辽宁省协作校数学高一下期末考试,2,1
辽宁省协作高一数学,1,1
辽宁省协作高一物理,1,1
辽宁省县域高中高三上学期试卷,1,1
辽宁省县域高中高二下学期期末试卷,1,1
辽宁省名校期末,3,1
辽宁省名校联盟 2025年9月,9,1
辽宁省名校联盟2025-2026九月份,5,1
辽宁省名校联盟2025-2026学年高三上学期,1,1
辽宁省名校联盟2025-2026学年高三上学期9月,4,1
辽宁省名校联盟2025年高二6月份联合考试物理,8,1
辽宁省名校联盟2026 7月英语,4,1
辽宁省名校联盟2026 英语,2,1
辽宁省名校联盟高一第一次月考,2,1
辽宁省名校联盟高三二模,3,1
辽宁省名校联盟高三二模英语,1,1
辽宁省大连中考物理,1,1
辽宁省大连市,1,1
辽宁省大连市2025-2026学年高三 上学期双基模拟考试化学试题（原卷版）.d...,2,1
辽宁省大连市。2025至2026学年度第一学期宣传调查9年级化学月考卷。,1,1
辽宁省大连市九上期中数学试卷,7,1
辽宁省大连市九年级上册化学月考,1,1
辽宁省大连市二十四,1,1
辽宁省大连市八,1,1
辽宁省大连市庄河市九年级数学试卷,1,1
辽宁省大连市恒远小学2025-2026六年级下册,1,1
辽宁省大连市数学一模,2,1
辽宁省大连市沙河口区2025-2026七年级下册期末考试试卷,2,1
辽宁省大连市瓦房店市2024到2025学年八上数学1月期末试卷,9,1
辽宁省大连市瓦房店市2025到2026学年八上数学1月期末试卷,3,1
辽宁省大连市甘井子区2025-2026七年级下册期末考试试卷,17,1
辽宁省大连市甘井子区2025-2026八年级上册10月月考试卷,12,1
辽宁省大连市甘井子区2025-2026八年级上册月考考试试卷,4,1
辽宁省大连市甘井子区2025-2026八年级上册月考试卷,4,1
辽宁省大连市甘井子区2025-2026八年级上册期末考试试卷,1,1
辽宁省大连市甘井子区2025-2026六年级下册,4,1
辽宁省大连市育明中学十月数学,6,1
辽宁省大连市金二小学2025-2026六年级下册,1,1
辽宁省大连市高一上学期数学,7,1
辽宁省大连市高一上学期数学10月,2,1
辽宁省大连育明,1,1
辽宁省安徽省2025到2026学年高一上学期期中考试语文试题,2,1
辽宁省实验2025-2026,2,1
辽宁省实验2025-2026 数学10月份,8,1
辽宁省实验2026高二,1,1
辽宁省实验中学2025-2026化学,1,1
辽宁省实验中学28届高一下学期期初试卷,3,1
辽宁省实验中学东戴河高二物理,3,1
辽宁省实验中学东戴河高二生物,1,1
辽宁省实验中学期末考试,13,1
辽宁省实验中学永志班,1,1
辽宁省实验中学英语期末高一,3,1
辽宁省实验中学高一上期中数学,1,1
辽宁省实验中学高一第二学期期末考试,2,1
辽宁省实验中学高一第二学期期末考试语文,5,1
辽宁省实验中学高三上化学,1,1
辽宁省实验中学高三上数学,1,1
辽宁省实验中学高三上数学9月,1,1
辽宁省实验中学高二下学期数学,4,1
辽宁省实验中学高二下学期物理,1,1
辽宁省实验中学高二下学期物理期中,1,1
辽宁省实验学校,1,1
辽宁省实验高一上学期数学月考,1,1
辽宁省实验高一上学期物理月考,3,1
辽宁省实验高一物理,1,1
辽宁省实验高二下期中物理试卷,1,1
辽宁省开原市第一次月考九年数学,1,1
辽宁省抚顺市12中高1上开学考试,1,1
辽宁省抚顺市12中高1开学考试,1,1
辽宁省抚顺市顺城区18～19数学卷五年级,6,1
辽宁省数学竞赛,2,1
辽宁省普通高中2024~2025学年下学期期末考试高二物理,14,1
辽宁省普通高中24-25高一英语期末,4,1
辽宁省普高24-25高一下4月联考数学考试,3,1
辽宁省朝阳市凌源市 2024~2025 学年高一下学期期末考试物理,1,1
辽宁省朝阳市建平县,10,1
辽宁省朝阳市朝阳县第一初级中学七年级语文期末试卷,3,1
辽宁省朝阳市朝阳县第一初级中学语文期末试卷,3,1
辽宁省朝阳市朝阳县高级中学高一期末考试2026,3,1
辽宁省期末,1,1
辽宁省沈阳市 2026 年高三年级质量监测一,3,1
辽宁省沈阳市中考题,6,1
辽宁省沈阳市九上期中语文试卷,7,1
辽宁省沈阳市二年级,6,1
辽宁省沈阳市回民中学  分班,27,1
辽宁省沈阳市回民中学开学,3,1
辽宁省沈阳市法库县东湖一中初一,1,1
辽宁省沈阳市法库县东湖一中初一开学考,1,1
辽宁省沈阳市法库县东湖一中初一月考卷,3,1
辽宁省沈阳市第一二0,3,1
辽宁省沈阳市第三十一中学,17,1
辽宁省沈阳市第三十一中学化学开学考试,4,1
辽宁省沈阳市第二中学2024 2025学年高一上学期,18,1
辽宁省沈阳市第二十中学2023-2024学年高一上学期10月化学,6,1
辽宁省沈阳市英语中考题,1,1
辽宁省沈阳市英语高考题,1,1
辽宁省沈阳市辽中区七年级下册,1,1
辽宁省沈阳市辽中区八年级上册,7,1
辽宁省沈阳市郊联体高一,5,1
辽宁省沈阳市铁西区2024至2025七年级上册数学期末,5,1
辽宁省沈阳市铁西区2024至2025六年级下册数学期末,5,1
辽宁省沈阳市铁西区2025至2026七年级上册数学期末,3,1
辽宁省沈阳市铁西区2025至2026五年级上册语文期末,3,1
辽宁省沈阳市铁西区2025至2026五年级下册语文期末,1,1
辽宁省沈阳市铁西区2025至2026六年级上册数学期末,9,1
辽宁省沈阳市铁西区2025至2026六年级上册语文期末,4,1
辽宁省沈阳市铁西区2025至2026六年级下册数学期末,2,1
辽宁省沈阳市铁西区2025至2026六年级下册语文期末,5,1
辽宁省海城市第二实验学校 2024~2025学年七年级上学期第1次月考数学,2,1
辽宁省物理,2,1
辽宁省营口市第一中学,15,1
辽宁省营口市第九中学,4,1
辽宁省葫芦岛市,7,1
辽宁省葫芦岛市 2024-2025学年高二下学期期末考试化学试卷,6,1
辽宁省葫芦岛市20252026第二学年度高一英语期末,9,1
辽宁省葫芦岛市语文小升初试卷,3,1
辽宁省辽南协作体2025 2026学年高一下学期期末考试,8,1
辽宁省辽阳市,3,1
辽宁省辽阳市2024-2025,4,1
辽宁省郊联体高二下学期,9,1
辽宁省重点中学协作校2024-2025学年高一下学期期末考试生物试题,1,1
辽宁省重点中学协作高一物理,4,1
辽宁省重点协作校24-25高一英语期中考试,1,1
辽宁省重点高中沈阳市郊联体,2,1
辽宁省铁岭市,1,1
辽宁省铁岭市七上语文,12,1
辽宁省锦州市2023-2024物理,1,1
辽宁省锦州市2023-2024物理高一下,1,1
辽宁省锦州市2025-2026学年高二化学下学期期末自编卷,7,1
辽宁省锦州市八上历年期末考试卷,6,1
辽宁省锦州市某校2025至2026学年高一上学期第一次月考数学试题题,1,1
辽宁省阜新市第四中学,1,1
辽宁省阜新市细河区26中七上数学期末卷,14,1
辽宁省鞍山市三模数学,2,1
辽宁省鞍山市海城市第九中学二零二五至二零二六学年度十月,3,1
辽宁省鞍山市，普通高中2025到2026学年高一上学期期中考试语文试题,3,1
辽宁省高一下学期数学期末,21,1
辽宁省高一下学期数学期末联考,2,1
辽宁省高一第一次月考,2,1
辽宁省高三上开学考,5,1
辽宁省高三上开学考数学,2,1
辽宁省高二上学期开学测试,1,1
辽宁省高二上学期开学测试数学,9,1
辽宁省高二下学期期末,1,1
辽宁省高二下数学期末考试卷,11,1
辽宁省高二下生物期末考试卷,6,1
辽宁省高二五校联考成绩,4,1
辽宁省高二开学测试,1,1
辽宁省高考物理真题,3,1
辽宁省高考真题,1,1
辽宁省高考真题数学,3,1
辽宁真题圈五上数学三单元,1,1
辽宁至臻,2,1
辽宁英语,1,1
辽宁英语答题卡,2,1
辽宁营口,2,1
辽宁葫芦岛高二期末考试,10,1
辽宁辽南协作体2025 2026学年高二下学期期末考试数学试题,1,1
辽宁辽阳八年级上册数学北师大期中考试题2022年,1,1
辽宁金太阳高一第一次月考,1,1
辽宁金太阳高一第一次月考数学,1,1
辽宁锦州,1,1
辽宁锦州市2025-2026学年高二化学下学期期末自编试卷,3,1
辽宁锦州市2026高二化学下学期期末自编试卷,12,1
辽宁锦州高一上学期,12,1
辽宁阜新期中,1,1
辽宁鞍山20252026高一上,1,1
辽宁鞍山20252026高一上英语,2,1
辽宁鞍山期中,1,1
辽宁鞍山海城期中,10,1
辽宁高一上数学,1,1
辽宁高一上期中月考数学,6,1
辽宁高一上第一次月考化学,6,1
辽宁高一上第一次月考数学,5,1
辽宁高一上第一次月考物理,2,1
辽宁高一上第一次月考英语,1,1
辽宁高一下学期期末,1,1
辽宁高一下学期英语,1,1
辽宁高一下数学,10,1
辽宁高一下联考数学卷,6,1
辽宁高一物理10月考,6,1
辽宁高三上11月,7,1
辽宁高三上化学9月,1,1
辽宁高三上学期模考试卷,6,1
辽宁高三上学期阶段检测,5,1
辽宁高三下三月,17,1
辽宁高三下学期期末,4,1
辽宁高三开学考试生物试卷,4,1
辽宁高中,1,1
辽宁高中专项训练,8,1
辽宁高中物理10月考,3,1
辽宁高中物理月考,1,1
辽宁高二上第一次月考,7,1
辽宁高二下期末葫芦岛,6,1
辽宁高二大连月考数学,1,1
辽宁高二大连期中考试,1,1
辽宁高二月考,3,1
辽宁高二沈阳月考数学,1,1
辽宁高二沈阳月考数学十一,1,1
辽宁高二沈阳月考数学十一中,1,1
辽宁高二第一次月考,3,1
辽宁高考 2026高考真题,2,1
辽宁高考真题,2,1
辽宁高考英语,2,1
辽宁高考英语答题卡,15,1
辽师附中,3,1
辽师附中6月份模块考试,5,1
辽师附中6月模块考试,2,1
辽油一高月考卷,7,1
辽海备考语文,2,1
辽源五中,2,1
辽源第五中学,2,1
辽西,1,1
辽西重点高中2025-2026学年度下学期高三考前模拟考试,3,1
辽西重点高中高三,9,1
辽西重点高中高三期末考试,2,1
辽阳市化学高中期末市考,10,1
辽阳市语文期末,6,1
辽阳市高二下学期期末考试,5,1
辽阳市高二下学期期末考试物理答案,1,1
辽阳市高二下学期期末考试答案,2,1
辽阳期末,21,1
辽阳高一下期末,1,1
达川区期末考试,6,1
达州,2,1
达州中考,4,1
达州中考数学,3,1
达州市20,2,1
达州市2024年普通高中,1,1
达州市2024年普通高中高一,4,1
达州市2024高中,11,1
达州市2025?2026学年高一上学期期末教学质量监测,1,1
达州市2025?2026学年高一下学期期末教学质量监测,3,1
达州市2025年高三9月开学考,3,1
达州市2026中考,1,1
达州市2026年春季学期高中一年级教学质量监测 选用卷,2,1
达州市中考,3,1
达州市小升初试卷,9,1
达州期末,1,1
达拉特旗第一中学,8,1
达旗小升初考试,1,1
达旗期末考试,1,1
迁安,16,1
迁安一中,2,1
迁安小升初,1,1
迁安市,31,1
迁安市高二上期中考试,10,1
迁安高一三中,16,1
迁安高一上学期,7,1
迁安高一上学期10月,5,1
迁安高一下学期物理第二次月考,1,1
迁安高一期中,9,1
迁安高二上学期数学第一次月考,5,1
迁安高二上学期物理第一次月考,4,1
迅行,6,1
过关练,7,1
过关练导数,4,1
过关默写,1,1
过关默写生物必修一,3,1
过去分词作定语和宾语补足语,6,1
过去分词作宾补,1,1
过去完成时,1,1
过去式 100题练习题,3,1
过去式 不规则变化表默写,1,1
过去式不规则变化,2,1
过去式过去分词,1,1
过去进行时高考,1,1
过秦论理解性默写,2,1
过零丁洋题,2,1
运中文和,5,1
运动,1,1
运动专题,1,1
运动和力的关系,1,1
运动图像问题,1,1
运动学 12种题型高一物理专题,2,1
运动学 12种题型高三物理专题,1,1
运动学 2024高三一轮数学专题复习,1,1
运动学 2024高三一轮物理专题复习,1,1
运动学 2025 一轮复习题,1,1
运动学专题,17,1
运动学图像追及相遇问题,5,1
运动学图像题,1,1
运动学图像题高一物理,8,1
运动学模型,1,1
运动学测试,1,1
运动学测试题,8,1
运动学重难题型,11,1
运动学题型,2,1
运动描述,1,1
运动的合成与分解巩固培优,1,1
运动的描述 2027一轮复习知识点,4,1
运动的描述人教版,2,1
运动的描述人教版八上,4,1
运动的描述单元测试卷,23,1
运动综合,1,1
运城市,3,1
运城市2023-2024期末调研测试高一物理试题,2,1
运城市2024-2025第二学期期末调研测试,2,1
运城市2025 2026学年第二学期期末调研测试,2,1
运城市2025~2026高一第一学期,1,1
运城市高三三模数学,4,1
运河中学,1,1
近10年作文题合集,6,1
近10年新高考／全国卷文言真题，要真题文档和答案文档,2,1
近5年高考真题核心动词短语汇总PDF,1,1
近三年云南地理高考真题卷,3,1
近三年英语全国二卷真题,5,1
近三年高考分类真题 汇编,1,1
近五年物理高考真题天津卷,3,1
近五年高考真题汇编,6,1
近代史时间知识点梳理，一轮复习。,5,1
近作文题合集,1,1
返校卷英语高二上,1,1
返校卷高二,1,1
返校卷高二上,2,1
还有答题卡的北师大版四年级数学下册试卷,1,1
这。z,1,1
这张卷子出自吉林省普通高中 G8 教考联盟 2024-2025 学年下学期期末考试 高二年级英语试卷。,1,1
这是苏教译林版英语一年级上册 Unit 7 I can dance 的 Story time 页面，主角是,7,1
进5年政治真题必修一,2,1
进入新时代,2,1
进华,1,1
进才中学分班考,4,1
进才中学数学高二,3,1
进才分班考,7,1
进才分班考数学,1,1
进盛中学,1,1
进盛中学重庆,1,1
进贤一中,2,1
进贤二中,4,1
远东一中,1,1
远东一中九上,1,1
连云港一年级上期末考试,2,1
连云港九年级数学,12,1
连云港八上数学期中,12,1
连云港华杰,2,1
连云港市,1,1
连云港市2025-2026学年度第二学期期末,6,1
连云港市2025-2026学年度第二学期末八年级,5,1
连云港市2026期中考试试卷数学高二,2,1
连云港市2026期中考试试卷数学高二上,2,1
连云港市2026期末考试试卷,2,1
连云港市新海高中高一上学期10月语文,3,1
连云港市新海高级中学,16,1
连云港板浦实验中学,5,1
连云港高一下期末化学,1,1
连云港高一下期末历史,5,1
连云港高一下期末地理,3,1
连云港高一下期末政治,3,1
连云港高一下期末数学,13,1
连云港高一下期末生物,8,1
连云港高一下期末语历史,1,1
连云港高一下期末语文,3,1
连云港高中数学高一上10月考,2,1
连城,1,1
连城第一中学,2,1
连山区,4,1
连平中学,2,1
连平南山实验学校,5,1
连接体专练,2,1
连接体问题,2,1
连江2026年五年级下册数学期末试卷人教版真题,3,1
连江2026年五年级下册英语期末试卷人教版真题,1,1
连江一中,4,1
连江一中开学考,13,1
连江五年级下册2026英语期末,2,1
连江县,10,1
连江县八下期末2026,3,1
连江古榕杯数学,1,1
连江小学生古榕杯,1,1
连江小学生古榕杯数学,1,1
连江小学生古榕杯数学思维竞赛,1,1
连续三个数相乘乘积最漠北的零有13个最大的数是谁,1,1
连锁互换专题,6,1
连锁互换习题专题,3,1
连锁互换定律，习题,1,1
迪庆州民族中学期末试卷,1,1
追击及相遇问题,2,1
追击及相遇问题难题,2,1
追及相遇问题复习,4,1
追梦之旅 2025 2026 期末,1,1
追梦之旅 2025 2026铺路卷,4,1
追梦之旅 2025 2026铺路卷仁爱科普版新教材,1,1
追梦之旅 2025 2026铺路卷仁爱科普版新教材洛阳,1,1
追梦之旅 人教版 八年级上册 物理 期中,7,1
追梦之旅 八年级 物理 期中,12,1
追梦之旅 铺路卷 期中,9,1
追梦之旅 铺路卷 期中 八年级,1,1
追梦之旅 铺路卷 期中 八年级物理,2,1
追梦之旅?大先生 活页同步练习,15,1
追梦之旅大先生活页同步练习英语8年级下册。,6,1
追梦之旅英语八年级下册,1,1
追梦之旅英语八年级下册ZCR,3,1
追梦之旅铺路卷九年级,1,1
追梦之旅铺路卷期中,3,1
追梦之路铺路卷,1,1
追梦之路铺路卷英语,6,1
追梦之路铺路卷英语八年级下学期,6,1
适合强基计划班的8年级英语综合试卷,2,1
适应性考试,1,1
适配强基计划班的8年级综合试卷,4,1
逆等线 2026专题,3,1
逆等线 2026专题中考数学培优,1,1
逆等线及加权逆等线,2,1
逆等线段模型最值问题,1,1
选2单词加默写,1,1
选B1直线,1,1
选三,1,1
选三物理第一单元,1,1
选修1,1,1
选修1 第一单元 各具特色的国家,1,1
选修1数学,1,1
选修2 政治非选择题,8,1
选修3概念,3,1
选修一,2,1
选修一乱序汉译英,1,1
选修一乱序汉译英译林版,5,1
选修一优化设计课后训练小册子,1,1
选修一化学第一章,1,1
选修一地理期末,4,1
选修一地理知识点,5,1
选修一数学练习题,5,1
选修一数学课本答案,1,1
选修一物理,1,1
选修一物理练习题动量,17,1
选修一生物第一章,6,1
选修一生物试卷,7,1
选修一综合卷,1,1
选修一苏教版化学专题一,12,1
选修一苏教版化学专题一练习,3,1
选修一英语书教材外研社版,1,1
选修一英语单词,1,1
选修一英语单词默写,2,1
选修一阶段检测,1,1
选修一阶段检测化学,1,1
选修一阶段检测化学靖宇中学,1,1
选修一阶段检测数学,3,1
选修三1单元英语单词,1,1
选修三unit4单词词性变化,4,1
选修三化学,1,1
选修三英语单词,4,1
选修二物理,2,1
选必1,10,1
选必2,8,1
选必一数学,2,1
选必一数学人教B,9,1
选必一第一单元单元卷,6,1
选必一英语,1,1
选必一高中历史教材电子版,2,1
选必三,5,1
选必三 逻辑与思维 必背知识点整理,7,1
选必三知识点总结,10,1
选必四unit5,1,1
选拔试卷,1,1
选择,6,1
选择 题100道,2,1
选择型必修一1 2 34章总复习,1,1
选择型必修一地理第三章,1,1
选择性,1,1
选择性 必修1,1,1
选择性必修,1,1
选择性必修 1,1,1
选择性必修 1全品作业本,2,1
选择性必修1 稳态与调节,1,1
选择性必修1数学,2,1
选择性必修1第2单元。英语译林版单词表默写,7,1
选择性必修一化学,2,1
选择性必修一单词,1,1
选择性必修一地理,3,1
选择性必修一数学12章,3,1
选择性必修一数学12章人教版,3,1
选择性必修一数学立体几何和直线方程,4,1
选择性必修一生物第一课时练习题,5,1
选择性必修一苏教数学,1,1
选择性必修一英语人教版必刷题,1,1
选择性必修一论语12章理解性默写,3,1
选择性必修一语文默写古诗词,7,1
选择性必修一语文默写古诗词期末,14,1
选择性必修中册文言文,3,1
选择性必修中册语文,2,1
选择性必修四英语单词过关,1,1
选择性必修四英语听力,7,1
选择第二题专项训练,3,1
选择题,13,1
选择题专练,4,1
选词填空,3,1
选词填空英语,3,1
选词填空英语初三,3,1
逍遥游,5,1
透镜,1,1
逐层分类,3,1
逐差法,2,1
逐差法求加速度专练,7,1
通化,1,1
通化一中,1,1
通化市一中,1,1
通城8年级下学期数学期末,3,1
通城8年级期末,2,1
通城学典苏教版七年级上册数学期中卷,5,1
通州,11,1
通州区五甲初中,4,1
通州区北兴初中,2,1
通州区高一,1,1
通州区高一下期末英语,4,1
通州区高一下期末语文,2,1
通州高三期中化学,6,1
通州高三期中物理,2,1
通州高三期末化学,1,1
通州高三期末数学,14,1
通州高级中学,2,1
通州高级中学高二上数学,3,1
通州高级中学高二上物理,1,1
通用一轮复习导学案,2,1
通用技术 2025 学业水平测试,4,1
通用技术合格考,5,1
通许,3,1
通许一高高一,2,1
通许小学二年级,2,1
通路,3,1
通辽二中,1,1
通辽市2025-2026学年高二下学期期末考试,2,1
通辽市统考高中,2,1
通辽市高一下期末,2,1
通辽期末,3,1
通辽生物统考,6,1
通辽联考,1,1
通项公式,6,1
速度与位移的关系,4,1
速度加速度测量实验,4,1
速方差公式,3,1
速方差公式推导,1,1
速率方程和阿伦尼乌斯公式,9,1
造句,7,1
逻辑与思维,4,1
逻辑用语,2,1
遂宁 一诊,1,1
遂宁 零诊,10,1
遂宁2025下学年高二生物,5,1
遂宁2025年中考,6,1
遂宁东辰初三化学开学考历年,1,1
遂宁东辰初三开学考历年卷子,1,1
遂宁中学八下期末英语考试,4,1
遂宁八年级下册物理期末考试,1,1
遂宁市七年级下册期末数学,5,1
遂宁市八上期末数学,1,1
遂宁期末,7,1
遂宁高一数学,1,1
遂宁高一数学上学期,5,1
遂宁高级实验,2,1
遂平县2026八下期末数学,1,1
道县,1,1
道县2025年下期七年级期末考试数学,3,1
道县一中,5,1
道县一中分班,1,1
道县一中分班考,1,1
道县一中高一分班,1,1
道县九年级,4,1
道县第二中学,6,1
道周,4,1
道外期末,2,1
道德与法冶知识点,2,1
道德与法治,10,1
道德试卷7年级下册,9,1
道法七上期末,2,1
道法七下期末,2,1
道法九上开学考,10,1
道法八下思维导图,1,1
道法南开七下期末,2,1
道法思维导图,8,1
道法期末,3,1
道里二模,2,1
遗传专项,1,1
遗传专题,6,1
遗传变异,2,1
遗传基因专项,2,1
遗传基因专项高三生物,2,1
遗传大题,3,1
遗传大题生物,4,1
遗传大题生物高一下,1,1
遗传学 026 专项 大题,2,1
遗传致死,1,1
遗传规律专项练,2,1
遗传问题中的致死问题,2,1
遗传难题,6,1
遗传题,3,1
遗传题型归纳,3,1
遵义八年级上册数学期中,2,1
遵义南北,1,1
遵义小升初,3,1
遵义市,6,1
遵义市2025 2026七下卷库卷一,3,1
遵义市2026期末考试卷,3,1
遵义市南北中学,1,1
遵义市地生中考,8,1
遵义市第二十二中学,2,1
遵义市第四中学,2,1
遵义市试题库2,1,1
遵义市高中分班考试,6,1
遵义市高二学期期末考试,1,1
遵义市高二学期期末考试数学,7,1
遵义市高二学期期末考试物理,2,1
遵化2025-2026高一期中,2,1
遵化2025-2026高一期中第一学期,19,1
邓州市2025 2026第一学期七年级期末 语文试卷,1,1
邓州市2025九上数学期中试卷,5,1
邓州市七年级期末,2,1
邓州市期末卷子数学,1,1
邓州数学六下,9,1
邓州语文六下,4,1
邕衡教育高三,2,1
邗江中学高一,1,1
邗江中学高一10月生物,2,1
邢台,39,1
邢台一中,16,1
邢台一中高一下学期期末联考试卷,5,1
邢台一中高一第一次月考,1,1
邢台一种高一上数学,2,1
邢台一种高一下数学,4,1
邢台卓越联盟,1,1
邢台威县一中,3,1
邢台市南宫市第二小学,1,1
邢台市期末测试,4,1
邢台精英,2,1
邢台高一,6,1
邢台高一上期中,9,1
邢台高一上第三次月考,6,1
邢台高一第一次月考,4,1
邦你学高一,1,1
邯山区实验小学,1,1
邯郸 2 0 2 6届 一模,1,1
邯郸一中,8,1
邯郸一中 高二上学期月考 全套试题,4,1
邯郸一中2025-2026高一第一次月考 物理数学 真题含答案,2,1
邯郸一中开学考,3,1
邯郸世骅,5,1
邯郸保温卷,4,1
邯郸北京师范大学,1,1
邯郸市,2,1
邯郸市2026届高三第一次,1,1
邯郸市2026高二期末统考,6,1
邯郸市一中,1,1
邯郸市一中入学真题,6,1
邯郸市一摸,2,1
邯郸市二十七中七年级下册数学,2,1
邯郸市初中水平测试卷,3,1
邯郸市大名县中考卷,3,1
邯郸市期中卷子,1,1
邯郸市永年区,5,1
邯郸市永年区物理,3,1
邯郸市永年区物理八年级上,3,1
邯郸市涉县期未2025七年级数学,2,1
邯郸市涉县期末统考八年级数学试卷,16,1
邯郸市第一中学,2,1
邯郸市第二中学,1,1
邯郸市第二十五中学九上第一次模拟考数学,21,1
邯郸市第二十五中学八年级上册历史期中考试试卷,27,1
邯郸市第二十五中学八年级上册数学期中考试试卷,14,1
邯郸市第二十五中学八年级上册英语期中考试试卷,16,1
邯郸市第二十五中学物理八年级上册2024年期中考试试卷,19,1
邯郸市第二十五中学物理八年级上册期中考试试卷,10,1
邯郸市第五中学,1,1
邯郸市育华中学七年级下册英语期末,2,1
邯郸市育华中学九年级物理第一次月考,8,1
邯郸市育华中学八年级上册英语期中考试试卷,10,1
邯郸市育华中学数学2025第一次月考,6,1
邯郸市高三上学期期末考试,4,1
邯郸弘文,3,1
邯郸恒一博雅班 清北班 月考卷 物化生,1,1
邯郸武安,22,1
邯郸武安免费,2,1
邯郸高一期末神州智达,2,1
邯郸高一联考,4,1
邳州市实验小学,7,1
邳州市第四中学,4,1
邳州市运河中学北校高中部,12,1
邳州高一上学期阶段检测,9,1
邳州高一上学期阶段检测第一次,5,1
邵东一中,3,1
邵东一中初升高衔接预习,1,1
邵东一中第一次月考,34,1
邵东一中高一第一次月考,1,1
邵阳,12,1
邵阳一模,2,1
邵阳市一模2026,8,1
邵阳市一模英语,2,1
邵阳市一模语文,5,1
邵阳市创新人才选拔题免费,15,1
邵阳市新邵县一中高二下学期英语入学考试卷,1,1
邵阳市新邵县一中高二化学期末考试卷,8,1
邵阳拔尖创新联考,4,1
邵阳邵东七年级,5,1
邹城一中,5,1
邹城一中数学,1,1
邹城六年级小升初,1,1
邹城六年级小升初2026,1,1
邹城升班考,1,1
邹城小升初,1,1
邹城市2024~2025年初中数学七年级上册期中考试,4,1
邹城市2024~2025年初中数学七年级上册期末考试,1,1
邹城市一中高三上学期数学月考,1,1
邹城市一中高三上学期月考,2,1
邹城市中考三模,3,1
邹城市八年级上册期末数学,8,1
邹城市八年级上册第一次月考,2,1
邹城市孟庄八年级上册期末数学,16,1
邹城市期中,3,1
邹城市第十一中学2024~2025年初中数学七年级上册期中考试,4,1
邹城市香城中学,1,1
邹城市高二上月考,3,1
邹城市高二下学期期中,1,1
邹城高二下期末,2,1
邹平二中,3,1
邹平市黄山,7,1
邻水九中七下数学期中地理2026,2,1
郊联体,4,1
郊联体2023 2024年度高二下学期期末考试,1,1
郊联体2025 2026学年高一下学期期末,1,1
郊联体20252026,2,1
郊联体期末沈阳,7,1
郏县,6,1
郏县七年级上册第一单元,25,1
郑外,1,1
郑州2025 2026八上期中历史,2,1
郑州2025 2026八上期中地理,2,1
郑州2025 2026八上期末历史,1,1
郑州2025 2026八上期末地理,2,1
郑州2025 2026八上期末政治,1,1
郑州2025 2026八上期末语文,1,1
郑州2025-2026八上期中语文,3,1
郑州2025-2026八上期末语文,3,1
郑州2025至2026八上期末政治,1,1
郑州2026共同体,8,1
郑州2026高一下期中生物,1,1
郑州82中,8,1
郑州一中初升高竞赛数学,7,1
郑州一中高一上学期第一次月考试,1,1
郑州中学,2,1
郑州中学 2025~2026 学年高二下学期 5 月期中考试数学试题,1,1
郑州二模,12,1
郑州二模数学,1,1
郑州五年级英语卷子,3,1
郑州会考,1,1
郑州八上期中历史,3,1
郑州八下期末数学试卷,10,1
郑州八年级上册期中历史,1,1
郑州共同体高二下期末,26,1
郑州初一入学摸底,1,1
郑州十一中 高一下 静电场单元测试卷,1,1
郑州十一初中,14,1
郑州四中,1,1
郑州四中开元校区,2,1
郑州四十七初一入学,2,1
郑州外国语中学,20,1
郑州外国语中学2025-20268上期末语文,1,1
郑州外国语中学2025-2026七下期末语文,1,1
郑州外国语中学2025至20268上期末历史,2,1
郑州外国语中学外总,19,1
郑州外国语八年级下册,6,1
郑州外国语学校2025-2026学年高一下期期中考试物理,4,1
郑州外国语学校2025-2026学年高二下学期期末测试,2,1
郑州外国语学校2025至20268上期末政治,1,1
郑州外国语学校2025至2026八上期末政治,1,1
郑州外国语学校高一下期末,10,1
郑州外国语学校高一月考,2,1
郑州外国语高一上册数学期中考试卷,2,1
郑州外国语高一下期末化学,2,1
郑州实验外国语中学八上周测试卷,1,1
郑州实验外国语中学八上周测试卷数学,2,1
郑州实验外国语中学八上测试卷,3,1
郑州市五十七中,2,1
郑州市五十七中七年级,1,1
郑州市五十七中新七年级分班考,14,1
郑州市八年级上册物理期中考试卷,1,1
郑州市八年级物理,1,1
郑州市外国语中学,12,1
郑州市生物地理,8,1
郑州市第57中心初一分班考真题2025年,1,1
郑州市第一中学2025至2026学年下学期期中考试二八届高一语文试题,4,1
郑州市高二期末数学,1,1
郑州枫杨外国语,1,1
郑州省实验2025至20268上期末历史,2,1
郑州第四初级中学八年级上册期中历史,2,1
郑州航空港2025至20268上期末历史,1,1
郑州郑东新区2025至2026八上期末政治,1,1
郑州高一上,1,1
郑州高一分班考,5,1
郑州高三26二测,1,1
郑州高三26二测数学,2,1
郑州高二26二测,1,1
郑州高新技术产业开发区八上期中历史,1,1
郑州高新技术开发区八上期中历史,1,1
郑州龙湖一中初升高竞赛数学,8,1
郑集高中,1,1
郓城一中,4,1
郓城一中2025高一上学期数学,1,1
郧西县第一中学,2,1
郧西县第一中学，高二上学期,2,1
郧阳中学,5,1
郧阳区第一中学,3,1
部分区二模,1,1
部分区天津初二数学下,1,1
部分区期中,5,1
部分区物理,1,1
部分区语文八上期中试卷,1,1
部编版八上必背古诗文,2,1
部编版八下历史 宁夏中卫,2,1
部编版八下历史期末 宁夏中卫,30,1
部编版八下及时 宁夏中卫,1,1
部编版八下英语 宁夏中卫,1,1
部编版八下道德与法治 宁夏中卫,3,1
部编版历史八下期末模拟卷 宁夏,3,1
部编版历史八下期末模拟卷 宁夏中卫,6,1
部编版政史八下期末模拟卷 宁夏,2,1
部编版教材文言文120个常用实词十常用成语,3,1
部编版教材文言文120个常用实词十常用成语 语境练习 20天,3,1
部编版英语八下期末模拟卷 宁夏,1,1
部编版英语八下期末模拟卷 宁夏中卫,2,1
部编版语文八下期末模拟卷 宁夏,6,1
部编版选修下册语文,3,1
部编版高中语文选必修课文内容+主题汇总,4,1
郭庄中学,1,1
郴州,20,1
郴州2025小升初分班考,1,1
郴州七年级全市期末统考2026,5,1
郴州八年级全市期末2026,2,1
郴州市 202 6 年上学期期末教学质量监测试卷,4,1
郴州市2023年七年级下册数学,16,1
郴州市2023年高一下学期末数学,1,1
郴州市2023年高二上学期末数学,5,1
郴州市2024年上学期期末七年级上册质量监测试卷,14,1
郴州市2026,11,1
郴州市2026年学业水平考试,1,1
郴州市2026高一下学期期末英语,5,1
郴州市2026高一下学期期末语文,1,1
郴州市永兴县树德中学小升初分班考试真题,4,1
郴州市第十九中学2025小升初分班考,3,1
郴州市高中一年级,4,1
郴州期末,4,1
郴州期末数学,4,1
郴州期末生物,6,1
郴州期末试卷,3,1
郴州高一英语期末考试试卷,6,1
郴州高三生物模拟,1,1
郴州高二,4,1
郴州高二期末2024数学,1,1
郴州高二期末2024数学上学期,1,1
郴州高二期末2024数学上学期期,2,1
郴州高二期末数学,4,1
郴州高二期末数学2024,1,1
郴州高二期末物理,1,1
郸城一高高一上周练卷,5,1
郸城一高高一下数学期末,2,1
郸城县,4,1
郸城县三年级上册数学期中考试试卷,2,1
郸城县求真中学,4,1
都匀,14,1
都匀市八年级期末考试,1,1
都匀市八年级期末考试数学下,1,1
都匀期末考试数学试卷,1,1
都匀期末考试数学试卷八年级,2,1
都安,3,1
都安高中,1,1
都昌一中,1,1
都昌一中化学,3,1
都江堰初三一诊电子版PDF,8,1
鄂尔多斯,3,1
鄂尔多斯一中,8,1
鄂尔多斯八年级贯通考试,1,1
鄂尔多斯市第二中学,2,1
鄂尔多斯期末,1,1
鄂尔多斯达拉特旗第五中学,1,1
鄂州,2,1
鄂州市华宜高级中学,1,1
鄂州市华宜高级中学第一次月考数学试卷,1,1
鄂州市华森中学,8,1
鄄城2022年小升初数学,1,1
鄄城2022年小升初试题,3,1
鄄城一中,6,1
鄄城县三年级 英语,1,1
鄄城县三年级上册 英语,3,1
鄄城县三年级英语,1,1
鄄城县五上期末数学试卷,5,1
鄄城县第一中学,2,1
鄞州,1,1
鄞州中学,2,1
鄞州中学 大讲堂选拔卷,6,1
鄠邑区第一中学,3,1
鄱阳中学,5,1
酉阳县,7,1
配合物与超分子,5,1
配方法求二次三项式最值,7,1
配方法求最值,1,1
配方法解一元二次方程练习题,3,1
酒泉期末,2,1
酒精,1,1
酒钢三中,3,1
酬乐天扬州初逢席上见赠题,2,1
酶,1,1
酸 碱 盐 202 6初中专题,1,1
酸 碱 盐 202 6初中专题复习,1,1
酸碱平衡,1,1
醇,1,1
醇酚,8,1
醉翁亭记重点词语,3,1
醛类与酮,5,1
醴陵四中,1,1
重力与弹力,6,1
重力举一反三讲义,2,1
重大版,4,1
重大版英语试卷,1,1
重庆 八中初中数学,4,1
重庆 市 巴南区,1,1
重庆 市 数学,2,1
重庆 零诊,2,1
重庆110,3,1
重庆11中,1,1
重庆11中月考,1,1
重庆2025中考物理,1,1
重庆2025化学高考,1,1
重庆2025年语文中考,1,1
重庆2026初中数学中考试卷,2,1
重庆2026化学高考真题,1,1
重庆2026届第一次南开月考,1,1
重庆2026届第一次数学南开月考,1,1
重庆2026年中考试卷,3,1
重庆2026年数学中考,2,1
重庆2026年高考物理卷,1,1
重庆2026高新区适应性考试,1,1
重庆2026高考思想政治,1,1
重庆2028届能力测试,3,1
重庆2028届能力测试语文,1,1
重庆24秋标准卷七年级上册,1,1
重庆24秋标准卷七年级上册英语,4,1
重庆24秋标准卷七年级上册英语6单元,1,1
重庆37中,4,1
重庆37中初一,3,1
重庆7中,1,1
重庆7中期中物理,1,1
重庆7中期末试卷数学,1,1
重庆7中期物理,1,1
重庆8中,1,1
重庆8年级下期末数学,2,1
重庆8年级期末,1,1
重庆8年级期末数学,1,1
重庆一中 20 26初二下期末,1,1
重庆一中 20 26初二下期末政治,1,1
重庆一中 20 26高二下期末,1,1
重庆一中 2026初二下期末物理测试卷,2,1
重庆一中2028英语,1,1
重庆一中8年级上册语文期中测试卷,4,1
重庆一中8年级上册语文期末测试卷,1,1
重庆一中八下,1,1
重庆一中八下物理期末,1,1
重庆一中八下英语期末,1,1
重庆一中初2026届九年级上期开学测试,1,1
重庆一中初2026届九年级上期开学测试英语试题,5,1
重庆一中初三暑假作业,1,1
重庆一中历史八下期末,1,1
重庆一中寄宿学校,2,1
重庆一中开始测试,1,1
重庆一中数学,1,1
重庆一中数学高一上,2,1
重庆一中数学高一上入学考试,3,1
重庆一中物理,12,1
重庆一中高2028届英语高一上期月考,5,1
重庆一中高一上化学,1,1
重庆一中高一上期中数学,1,1
重庆一中高二上生物,4,1
重庆一中高二生物,2,1
重庆一外卷子,1,1
重庆一年级上学期期中,3,1
重庆一模,26,1
重庆七年级上册英语八中真题试卷,10,1
重庆七年级下数学,5,1
重庆七校联盟高2026届第三次联合诊断性考试,2,1
重庆七校联考高二地理,1,1
重庆万州,4,1
重庆三年级,1,1
重庆三模,3,1
重庆三诊,1,1
重庆两江新区三年级,1,1
重庆两江新区三年级数学,5,1
重庆两江新区八年级下学期数学期末考试试卷,1,1
重庆中考化学,7,1
重庆中考数学,3,1
重庆中考数学卷2026,1,1
重庆中考数学真题,1,1
重庆中考数学试卷。,8,1
重庆中考物理2026年,2,1
重庆中考第九题汇总,2,1
重庆中考英语听力真题,2,1
重庆中考英语真题,4,1
重庆中考语文,3,1
重庆九十五中七年级,1,1
重庆九龙坡区,1,1
重庆九龙坡区2026九上质量检测,3,1
重庆九龙坡区七年级下册历史,2,1
重庆九龙坡区七年级下册地理,4,1
重庆九龙坡区七年级下册生物,3,1
重庆九龙坡区杨家坪中学,2,1
重庆九龙坡区质量检测,9,1
重庆九龙坡区高二下期末,1,1
重庆九龙坡区高二下期末数学,1,1
重庆九龙坡区，七年级下册,1,1
重庆二外,1,1
重庆二外小升初,3,1
重庆八上英语,1,1
重庆八上英语开学考,2,1
重庆八上英语期末,1,1
重庆八下暑假英语,2,1
重庆八下期末英语,1,1
重庆八下英语,3,1
重庆八下英语期末,1,1
重庆八中2024 2025九年级上学期期中物理试卷,1,1
重庆八中2025 2026,2,1
重庆八中2025 2026七年级下册英语,5,1
重庆八中2025 2026高2数学期末考试,5,1
重庆八中2025~2026初二上半期数学,1,1
重庆八中2025~2026初二上期中数学,2,1
重庆八中2026届九下5月25日数学练习,2,1
重庆八中2026届九下定时八,4,1
重庆八中2026届定时八,3,1
重庆八中2026届第一次模拟,1,1
重庆八中2026高一上数学,3,1
重庆八中2026高二期末物理试卷,3,1
重庆八中2026高二期末生物试卷,3,1
重庆八中2026高二语文期末,1,1
重庆八中2027英语周考,1,1
重庆八中2028届能力测试,1,1
重庆八中2028届高一上学期数学周测,10,1
重庆八中2028届高一数学周测,9,1
重庆八中8年级上册语文期中测试卷,3,1
重庆八中九年级上册语文期中测试卷,1,1
重庆八中入学,2,1
重庆八中八上物理周测,1,1
重庆八中八上英语,4,1
重庆八中八上英语期末,1,1
重庆八中八上语文,7,1
重庆八中八下期末,2,1
重庆八中内签,1,1
重庆八中初2026届初三下半学期数学试卷,2,1
重庆八中初2026届初三下半期数学试卷,1,1
重庆八中初一下语文,3,1
重庆八中初二上半期物理,4,1
重庆八中化学卷,1,1
重庆八中挹,1,1
重庆八中数学初一上期中试卷,4,1
重庆八中数学高一上,2,1
重庆八中树人,1,1
重庆八中物理期末,2,1
重庆八中能力测试,4,1
重庆八中能力测试语文,15,1
重庆八中自主招生,2,1
重庆八中自主招生初升高,2,1
重庆八中英语周考,1,1
重庆八中英语试卷,1,1
重庆八中英语试卷高二,1,1
重庆八中英语试卷高二2024-2025期末,2,1
重庆八中试卷,27,1
重庆八中高2027级高二下生物练习题十二,1,1
重庆八中高一,1,1
重庆八中高一上,1,1
重庆八中高一上化学,2,1
重庆八中高一上期中,1,1
重庆八中高一上期中数学,3,1
重庆八中高一上物理卷子,2,1
重庆八中高一下生物期末,9,1
重庆八中高一期中,2,1
重庆八中高一期中数学试卷,2,1
重庆八中高一期末考试生物,1,1
重庆八中高一物理,1,1
重庆八中高三下五院模拟英语试题,1,1
重庆八中高三化学,10,1
重庆八中高三第一次周考,2,1
重庆八中高三英语周考,1,1
重庆八中高二,1,1
重庆八中高二上生物,6,1
重庆八中高二下期末地理,2,1
重庆八中高二下期末数学,1,1
重庆八中高二下期末生物,1,1
重庆八九年级中化学卷,4,1
重庆八年级上学期期中,1,1
重庆八年级上学期阶段检测,2,1
重庆八年级下期末数学,8,1
重庆八年级下期末物理,7,1
重庆八年级南岸区数学,3,1
重庆八年级数学期末,3,1
重庆函数,3,1
重庆初 一 0 下学期 数学,7,1
重庆初一,1,1
重庆初三数学,3,1
重庆初二上英语开学考,3,1
重庆初二上语文知识点讲解,1,1
重庆初二北师大版数学计算题,1,1
重庆初二语文,8,1
重庆初二语文知识点讲解,1,1
重庆初升高英语开学考,2,1
重庆十一中数学月考,1,1
重庆十八中九年级上册第一次月考物理,1,1
重庆升学模考,1,1
重庆单招通用,1,1
重庆南开20205到2026年期末试卷,4,1
重庆南开2025-2026,8,1
重庆南开8年级上册语文期中测试卷,3,1
重庆南开中学202572026学年度下学期期末考试初二零二七届物理试题,1,1
重庆南开中学2025~2026高二下期末学业水平检测,4,1
重庆南开中学2025~2026高二物理试卷下期末学业水平检测,1,1
重庆南开中学2026七月,1,1
重庆南开中学八上英语期末,6,1
重庆南开中学周测,2,1
重庆南开中学质检数学试卷,21,1
重庆南开中学高三7月月考化学,2,1
重庆南开中学高三数学试题,11,1
重庆南开中学高二下期末,1,1
重庆南开中学高二下期末数学,13,1
重庆南开九年级第一次模拟,13,1
重庆南开人教版初一下英语期末,2,1
重庆南开月考,3,1
重庆南开期中,1,1
重庆南开第一次参考,1,1
重庆南开第一次质量检测卷,4,1
重庆南开英语七下期末,1,1
重庆南开英语二,1,1
重庆南开高三月考,5,1
重庆南开高中入学考试,1,1
重庆南开高二上生物,25,1
重庆南开高二生物,5,1
重庆南渝中学,2,1
重庆南渝中学2025 2026七年级上册数学半期试题,2,1
重庆南渝中学物理,5,1
重庆历史,4,1
重庆历史八下期末,1,1
重庆历年中考语文卷,1,1
重庆名校联盟,1,1
重庆四川外国语大学附属外国语学校中学初一上期中数学,1,1
重庆外国语学校中学初一上期中数学,3,1
重庆外国语学校地理,1,1
重庆外国语学校高一期末,4,1
重庆外国语期末,1,1
重庆外语校八上英语期末,4,1
重庆宏八2028届能力测试,4,1
重庆宏八能力,1,1
重庆宏八能力测试,2,1
重庆宏八能力测试语文,5,1
重庆实验外国语学校2025~2026学年度上期历史第1次月考,1,1
重庆实验外国语学校初三第二次诊断测试,2,1
重庆小升初分班考数学,3,1
重庆小升初数学,17,1
重庆巴蜀2026届高三12月高考适应性,1,1
重庆巴蜀2026届高三12月高考适应性月考卷英语,1,1
重庆巴蜀2026届高三12月高考适应性月考卷英语五,1,1
重庆巴蜀中学初一上期中,1,1
重庆巴蜀中学初一上期中数学,19,1
重庆巴蜀中学初中,17,1
重庆巴蜀中学校,2,1
重庆巴蜀中学高一下期末,1,1
重庆巴蜀八上英语期末,3,1
重庆巴蜀试卷,9,1
重庆巴蜀选拔,3,1
重庆巴蜀高一下英语,4,1
重庆巴蜀高二期末,2,1
重庆市,5,1
重庆市18中小升初分班考试卷,1,1
重庆市2024-2025学年度八年级下册期末考试,3,1
重庆市2024一2025高一下生物康德卷,6,1
重庆市2025-2026学年高一下学期7月 期末物理试题,5,1
重庆市2026学业质量调研抽测,3,1
重庆市2026年九年级下册重庆第八中学4月第三次模拟考试,2,1
重庆市2026年全国高考英语二卷,1,1
重庆市2026年初中学业水平考试生物学试题,16,1
重庆市2027年全国高考英语二卷,1,1
重庆市8上英语半期,1,1
重庆市8年级上册语文期末试卷,8,1
重庆市一中,1,1
重庆市一中物理月考试题,11,1
重庆市一直,1,1
重庆市七年级下册数学期末,6,1
重庆市七校联盟2028届高一下数学,1,1
重庆市七校联盟2028届高一下物理,15,1
重庆市万州期末七年级下册数学,3,1
重庆市两江新区2026年适应性考试,4,1
重庆市两江新区2026年适应性考试数学答案解析,1,1
重庆市两江新区数学,11,1
重庆市九龙坡区,1,1
重庆市二南开中学高2028届物理月考,1,1
重庆市二南开中学高2028届物理月考高一,31,1
重庆市二测,5,1
重庆市云阳中学,8,1
重庆市八中,3,1
重庆市八中中学九年级开学开学卷子英语考试20二五届,2,1
重庆市八年级上册第1单元,19,1
重庆市八年级下册人教版数学期末考试卷,5,1
重庆市八蜀中学高三上数学,11,1
重庆市凤鸣山,1,1
重庆市北碚区2026年期末考试物理,1,1
重庆市北碚区2026年期末考试高一物理,1,1
重庆市十一中联考高一,2,1
重庆市南岸区2024至2025,10,1
重庆市南川区2026年春季期期末八年级学业质量监测测试题物理,1,1
重庆市南开中学2024 高一上化学期中测试及答案,9,1
重庆市南开中学2024-2025学年度高一上化学期中测试及答案,11,1
重庆市南开中学2024-高一上化学期中测试及答案,8,1
重庆市南开中学2025-2026学年高三上学期第四次质量检测语文试题,1,1
重庆市南开中学校,1,1
重庆市南开中学校2027届高二下学期6月水平检测,4,1
重庆市南开中学高2025届高一年级上月考,3,1
重庆市南开中学高2025届高一年级上月考化学,3,1
重庆市南开中学高一下期末考试卷,2,1
重庆市南开中学高二上生物,1,1
重庆市南开中学高二生物,1,1
重庆市南渝8上英语半期,1,1
重庆市南渝中学8上英语半期,8,1
重庆市合川区2025-2026学年七年级下册期末考试试卷,1,1
重庆市合川区九年级上册数学2026,9,1
重庆市合川区合川中学2025-2026学年七年级下册期末考试试卷,1,1
重庆市垫江区七年级下册数学期末,4,1
重庆市大足田家炳中学,5,1
重庆市奉节县2026年九年级下册第八中学4月第三次模拟考试,1,1
重庆市奉节县2026年九年级第八中学4月期中试卷,1,1
重庆市奉节县2026年九年级第八中学4月第三次模拟考试,5,1
重庆市实验中学,2,1
重庆市巴南区,2,1
重庆市巴蜀,4,1
重庆市巴蜀中学2025-2026学年高三下学期五月阶段检测英语试题,1,1
重庆市巴蜀中学2027届高二期末考试,1,1
重庆市巴蜀中学教育集团初2027届初一下期末,4,1
重庆市巴蜀中学校2026届高三二模语文试,1,1
重庆市巴蜀中学校高三英语,4,1
重庆市巴蜀学校,9,1
重庆市巴蜀小升初奥数题,4,1
重庆市巴蜀高二上10月月考数学,5,1
重庆市开州区九年级上册物理期中考试卷,2,1
重庆市数学,5,1
重庆市普通高中2026年学业水平考试合格性高一化学,3,1
重庆市永川中学校2026届高三春期第三次调研检,9,1
重庆市江津区 四年级下册数学 西师大版 2023~2023 期末真题卷,3,1
重庆市江津区高三开学考试,3,1
重庆市沙坪坝区,1,1
重庆市沙坪坝区2023 2024年学年度下期末调研抽测八年级英语试题,2,1
重庆市沙坪坝区2025 2026,15,1
重庆市沙坪坝区第一实验小学,3,1
重庆市涪陵区八年级下期数学期末模拟试题,2,1
重庆市清华中学,3,1
重庆市渝北区2024至2025下学期期末考试英语,3,1
重庆市渝高中学,4,1
重庆市潼南区八年级上册数学期中考试试卷,4,1
重庆市第一中学2025~2026学期，9年级上学期语文试题,3,1
重庆市第一中学2025至2026高三上学期10月月考试卷英语,3,1
重庆市第一中学开学考,1,1
重庆市第一中学校2023-2024学年下学期八年级入学测试数学试题,4,1
重庆市第一中学高二上10月月考数学,1,1
重庆市第三中学高二上10月月考数学,1,1
重庆市第八中学 高一上 10月,1,1
重庆市第八中学2025至2026学年度高二期末考试,2,1
重庆市第八中学小升初择校题,4,1
重庆市第八中学校2024 2025九年级上学期期中物理试卷,2,1
重庆市第八中学校2025-2026学年高三上学期入学考试,1,1
重庆市第八中学校2025-2026学年高三上学期入学考试化学,3,1
重庆市第八中学校2025~2026学年高三下学期5月阶段测物理试题,1,1
重庆市第八中学校2025至2026学年度下学期期末考试八年级物理试题,4,1
重庆市第八中学高一下期末数学,5,1
重庆市第八中学高一下期末考试卷,2,1
重庆市第八中学高二上10月月考数学,12,1
重庆市育才中学.,4,1
重庆市育才中学校,1,1
重庆市育才中学校高二026届高三一诊复习四,1,1
重庆市育才中学高三物理,3,1
重庆市育才中学高二上数学期中考试,4,1
重庆市部分地区,5,1
重庆市酉阳县第一中学,1,1
重庆市长寿区,7,1
重庆市长寿区2026年六年级下册期末质量监测语文,3,1
重庆市长寿区川维中学期末数学试卷,4,1
重庆市长寿区川维中学期末物理试卷,6,1
重庆市长寿区川维中学西北狼教育联盟物理试卷,3,1
重庆市长寿区长中期末历史试卷,3,1
重庆市长寿区长中期末地理试卷,3,1
重庆市长寿区长中期末政治试卷,2,1
重庆市长寿区长中期末生物试卷,3,1
重庆市长寿区长中期末英语试卷,5,1
重庆市长寿区长中期末语文试卷,7,1
重庆市高一数学,5,1
重庆市高一数学渝北,2,1
重庆市高三,11,1
重庆市高三一模,3,1
重庆市高三第二次,1,1
重庆市高三第二次联合诊断考试,1,1
重庆康德2026高一下册物理,1,1
重庆康德卷,3,1
重庆数学八下,1,1
重庆暑假英语,1,1
重庆期中,1,1
重庆梁平五年级下册,9,1
重庆梁平区期末,1,1
重庆梁平区期末七年级下册数学,4,1
重庆永川,1,1
重庆江北区三年级数学,3,1
重庆江津历年中考语文卷,2,1
重庆江津语文中考卷,2,1
重庆沙坪坝区,13,1
重庆渝中七下语文期末,1,1
重庆渝北区三年级数学,2,1
重庆渝区巴蜀中学八年级下期末数学,1,1
重庆第一中学八上英语期末,3,1
重庆第一实验中学,2,1
重庆第一次月考,1,1
重庆第一次月考数学,2,1
重庆第二十九中学 高二上 数学月考,5,1
重庆第二十九中学 高二上 物理月考,3,1
重庆第八八中,1,1
重庆第十八中学,8,1
重庆育区巴蜀中学八年级下期末,1,1
重庆育区巴蜀中学八年级下期末数学,2,1
重庆育才中学中学八上英语,1,1
重庆育才中学中学八上英语期末,1,1
重庆育才中学教共体初2026届初三下第二次自主作业,1,1
重庆英语阅读理解近几年真题,1,1
重庆英语高考模拟卷,1,1
重庆英语高考模拟卷南开,1,1
重庆蕴华,1,1
重庆西南大学附属中学初中部七年级入学分班考,6,1
重庆西大附中,1,1
重庆西附 20 26初三下半期,6,1
重庆西附七年级入学分班考,3,1
重庆西附数学初一上期中试卷,2,1
重庆西附高二下,3,1
重庆试卷,3,1
重庆语文中考卷,1,1
重庆通用,1,1
重庆遗传与进化,4,1
重庆高一上册开学考,15,1
重庆高一上化学,1,1
重庆高一上化学10月月考,2,1
重庆高一上学期期中,1,1
重庆高一上学期阶段检测,2,1
重庆高一上数学,29,1
重庆高一上数学第一次周考,4,1
重庆高一上物理,4,1
重庆高一上物理期末考试,3,1
重庆高一上语文,3,1
重庆高一下期末,1,1
重庆高一下期末数学,1,1
重庆高一复旦期末数学,3,1
重庆高一数学第一次周考,3,1
重庆高一物理,1,1
重庆高一英语开学考,1,1
重庆高三,2,1
重庆高三2025届学业质量调研抽测（第三次）,2,1
重庆高三上开学,1,1
重庆高三下学期期末,6,1
重庆高三地理,1,1
重庆高三地理南开,1,1
重庆高三开学,1,1
重庆高三语文,1,1
重庆高中,1,1
重庆高二下,16,1
重庆高二下九龙坡区,3,1
重庆高二下九龙坡区九龙坡区,1,1
重庆高二物理10月月考,4,1
重庆高二生物开学考,1,1
重庆高二生物开学考入学,1,1
重庆高新区,1,1
重庆高考物理,7,1
重庆高考语文,4,1
重庆龙珠联盟,1,1
重点中学教育强区考前信息卷,1,1
重点招生考试,4,1
重点校联考,9,1
重点笔记,1,1
重点高中新高一分班考试卷 初中综合+初高衔接,8,1
重点高中自主招生考试真题卷,1,1
重结晶,1,1
重难13电路,2,1
重难专题,17,1
重难模块,3,1
重难模块一匀变速直线运动的常见模型,6,1
重难点03,12,1
重难点04,7,1
重难点05,1,1
重难点05导数常考经典压轴小题归类,2,1
重难点12 平面向量中的隐圆问题 讲义-2026届上海市高三数学一轮复习,5,1
重难点13电路,1,1
重难点14解三角形的图形类问题和重要模型,2,1
重难点专训,6,1
重难点培优02 离心率问题类型归纳及求解策略,6,1
重难点培优05不等式恒成立问题,6,1
重难点培优函数,6,1
重难点培优数学,3,1
重难点手册,2,1
重难点手册高一,4,1
重难点手册高一集合,2,1
重难突破卷,5,1
野徐小学小学,2,1
量点终极学案,3,1
金,5,1
金 华 1 0 校,6,1
金 太阳,1,1
金 考卷,2,1
金 考卷 2026 版 45 套高三,1,1
金 考卷 2026 版河北,1,1
金 考卷 2026 版英语,2,1
金 考卷 2026 版英语6,1,1
金 考卷 2027 版 45 套,5,1
金中中学,1,1
金中河西,4,1
金丽衢十二校2023学年高三第一次联考,3,1
金丽衢十二校2023学年高三第一次联考技术,4,1
金乡,1,1
金二,1,1
金华一中,3,1
金华一中分班考试,4,1
金华一中分班考试新高一,2,1
金华七上期中测试,3,1
金华东阳九年级期中,1,1
金华东阳九年级期中调研,1,1
金华东阳九年级期中调研科学,3,1
金华东阳小升初,2,1
金华东阳期中调研,2,1
金华中考,1,1
金华五中,1,1
金华化学,2,1
金华十校2024,3,1
金华十校2024到2025年第二学期期末高一语文,3,1
金华十校2025年11月高三甚至模拟考试,2,1
金华十校2026年4月高三模拟考试地理,2,1
金华十校4月高三模拟试题思想政治,5,1
金华十校高三,7,1
金华十校高二期末,5,1
金华十校高二期末地理,1,1
金华十校高二期末思想政治,2,1
金华十校高二期末毕,2,1
金华十校高二期末联考物理卷,2,1
金华小升初数学分班,2,1
金华市卓越联盟,1,1
金华市开发区,7,1
金华期末高一物理,1,1
金华英语中考真题卷,7,1
金华金东七上期中测试,4,1
金华金东七上英语期中测试,3,1
金卷先享题学情测评同步限时练历史必修中外历史纲要（下）,5,1
金卷先享题学情测评同步限时练数学必修第二册（RJA）,4,1
金台区期末,1,1
金台区第一次月考,7,1
金坪中学,6,1
金城江区,1,1
金堂县七年级上册语文期末,3,1
金太,1,1
金太阳 02026金太阳试卷数学,1,1
金太阳同步单元卷高一下,1,1
金太阳同步单元卷高二上河北,1,1
金太阳导学案,9,1
金太阳新考案广东省一轮复习语文,1,1
金太阳新考案江苏省一轮复习,1,1
金太阳新考案江苏省一轮复习化学,3,1
金太阳月考卷高二上河北,14,1
金太阳毕节,7,1
金太阳联考2026高二下学期数学,3,1
金太阳联考题,3,1
金太阳联考题湖南,3,1
金太阳试卷,1,1
金太阳试卷湛江,5,1
金太阳语卷模拟联考。,1,1
金太阳高一第一次月考,1,1
金太阳黑吉辽蒙,3,1
金太阳黑吉辽蒙9月联考,11,1
金太阳黑吉辽蒙联考,2,1
金学易卷月考,13,1
金属与酸反应图像分析及计算,3,1
金属的化学性质,3,1
金属的腐蚀与防护,6,1
金属非金属,3,1
金山中学高三生物,1,1
金山海湾,2,1
金州先进小学,1,1
金州高级中学,3,1
金平区2025 2026七上期末,13,1
金平区七下期末统考,8,1
金平期末八年级,3,1
金明中学新初一分班考试,1,1
金易学卷,7,1
金易学卷辽宁八下,7,1
金星,1,1
金普新区2025-2026学年度第二学期期末质量检测七年级地理,1,1
金月考,1,1
金桥双语实验,1,1
金榜考卷,1,1
金水区,8,1
金沙县,8,1
金浦中学,1,1
金溪一中,9,1
金溪县第一中学,3,1
金点子期末真题汇编宁波专版,1,1
金版,1,1
金版教程 2027高考一轮复习历史,6,1
金版教程 2027高考一轮复习物理,1,1
金版新学案 2027,5,1
金版新学案化学,2,1
金版新学案化学课时跟踪检测二量子力学,1,1
金版新学案化学选修二,4,1
金版新学案化学高二,1,1
金牌夺冠,1,1
金牌题库,1,1
金牌题库 快乐假期·复习计划（七年级数学）,1,1
金牌题库 快乐假期复习计划,1,1
金牌题库·快乐假期复习计划,15,1
金牛区2022-2023七年级下期期末考试英语,3,1
金牛区2025年六下数学,1,1
金牛区七年级下期期末考试英语,1,1
金石,1,1
金箔金,3,1
金考卷 2026 版 45 套,1,1
金考卷Z20名校联盟浙江省名校新高考研究联盟2026届高3第1次联考英语,1,1
金考卷一轮复习单元滚动双测卷。政治答案,1,1
金考卷单元双测卷 高中数学必修第二册 人教A版RJA,1,1
金考卷必修三,1,1
金考卷必修三物理,1,1
金考卷活页题选 七年级上册数学 有理数A卷 人教版,3,1
金试卷,6,1
金试卷上海,1,1
金钟小学一年级,1,1
金阶梯八上答案,1,1
金陵中学竞赛选拔九年级数学,2,1
金陵河西初二,5,1
钟公庙中学等五校九年级上竞赛数学试卷,7,1
钟吾分班考,1,1
钟吾初中入学调查,8,1
钟吾初中入学调查语文,7,1
钟村中学,5,1
钟表,1,1
钠及其化合物,3,1
钠及其重要化合物提升,8,1
钠预习,1,1
钢城区2026数学七下期末,1,1
钦州二中,1,1
钦州市2026年春季学期期末考试试卷,6,1
钦州市小升初,2,1
钦州市第三中学高一期末卷。,1,1
钦州市第二中学入学考试,5,1
钦州市第十三中学高一期末卷。,1,1
钦州市统考试卷高一下2026,3,1
钦州市高二期末语文试卷。,1,1
钦州高二期末数学,5,1
钱塘甬真,4,1
钱塘甬真重高,2,1
钱塘甬真重高八年级,4,1
钱塘联盟,2,1
钱学森,1,1
钱学森班,1,1
铁一,4,1
铁一中 2025~2026 年高三上学期七六,8,1
铁一中学,2,1
铁一中学月考,2,1
铁一中高一第一学期第一次月考,1,1
铁一中高一第一次月考,4,1
铁一高一月考,6,1
铁东,1,1
铁二分班考,1,1
铁五小学,8,1
铁人,3,1
铁人中学,6,1
铁人中学高一上,4,1
铁人暑假作业,1,1
铁及其化合物一轮复习,4,1
铁及其重要化合物,7,1
铁岭,10,1
铁岭一高第一次月考,2,1
铁岭七上语文,32,1
铁岭县高,3,1
铁岭四高第一次月考,2,1
铁岭市,1,1
铁岭市第三中学,4,1
铁岭市语文,12,1
铁岭开原,12,1
铁岭开原七上语文,43,1
铁岭开原七上语文期末卷,15,1
铁岭莲花,2,1
铁岭莲花语文,9,1
铁岭语文七上期末,38,1
铁英,8,1
铁路中学,1,1
铅锤法,3,1
铅锤法求面积,4,1
铜中,1,1
铜仁市,7,1
铜仁市2026 7月质量检测试卷高二,3,1
铜仁市2026 7月质量检测试卷高二数学,3,1
铜仁市2026小升初数学,31,1
铜仁高一下数学化学试卷,2,1
铜仁高一下数学物理试卷,2,1
铜仁高一下期末历史试卷,1,1
铜仁高一下期末物理试卷,2,1
铜仁高一下期末生物试卷,3,1
铜仁高二,1,1
铜山区高一下化学,15,1
铜川阳光,3,1
铜梁一中,2,1
铜梁中学,2,1
铜梁区六年级下册数学期末考试,5,1
铜梁区六年级下册语文期末考试,9,1
铜盘,1,1
铜盘中学,2,1
铜陵,8,1
铜陵一中实验班选拔考试试题,7,1
铜陵市,1,1
铜陵市一中分班卷子,11,1
铜陵市分班考,1,1
铜陵市期末考试,4,1
铜陵市高中分班考试真题,4,1
铜陵高一铜陵中学入学测试卷,3,1
铜陵高中入学测试卷,1,1
铜陵高中分班考试,1,1
铝及其化合物,1,1
铝及其化合物高三,2,1
铝及其重要化合物,1,1
铝镁铜,1,1
铝镁铜金属材料,4,1
银川,1,1
银川1中,1,1
银川一中第一次月考,1,1
银川一中第一次月考高三,1,1
银川一中高三上期末化学,3,1
银川一中高三期末化学,1,1
银川唐侠八下期未,1,1
银川唐徕中学期末,7,1
银川市唐徕中学,3,1
银川市湖畔中学,3,1
银川市第二十六中学,5,1
银川市第二十六中学模考,2,1
银川高一下数学卷,11,1
铺路卷八年级上册期中,1,1
铺路卷八年级上册期中物理,2,1
铺路卷大先生八年级上册物理期中,8,1
铺路卷期中,2,1
销售利润问题,3,1
销售利润问题分式方程一次函数,2,1
销售利润问题应用题,1,1
销售利润问题应用题小升初,1,1
锋与天气,1,1
锐角三角函数,6,1
锐角的三角函数,2,1
错位相减,2,1
错位相减法求和,3,1
错位相消法,2,1
错字,9,1
锡山区,1,1
锡山高级中学,9,1
锡山高级中学中学,2,1
锡林郭勒盟,4,1
锡林郭勒盟2026中考试卷,7,1
锡林郭勒盟八年级下册,9,1
锡林郭勒盟八年级下册数学,13,1
锡西分班考,3,1
锦州4中8↑月考数学,3,1
锦州三下数学期末卷,1,1
锦州中学,3,1
锦州中学月考卷数学,1,1
锦州中学月考卷高一,2,1
锦州中学物理第一次月考,5,1
锦州八中,1,1
锦州十二中学,1,1
锦州四上数学期末卷,7,1
锦州四下数学期末卷,9,1
锦州四下期末卷,1,1
锦州四下英语期末卷,2,1
锦州四下语文期末卷,1,1
锦州四中期末,2,1
锦州市2026高二下化学期中,6,1
锦州市第八中学2025-2026学年度第二学期七年级期末测试道德与法治试卷,1,1
锦州市第八中学2025~2026学年度第二学期八年级期末测试历史试卷,11,1
锦州渤大附中月考卷高一,1,1
锦州物理第一次月考,2,1
锦州第八中学,15,1
锦州育明,1,1
锦州铁中月考卷高一上,3,1
锦州铁路高中,1,1
锦州附中月考卷高一上学期,12,1
锦州高一上学期数学,15,1
锦州高一上学期英语,6,1
锦州高一上学期语文,10,1
锦江,3,1
锦江区,1,1
锦江区初二下册物理期末,1,1
锦江区数学9年级,5,1
锦江嘉祥九年级,3,1
锦玉中学,7,1
锦绣育才教育集团,12,1
镇安县五年级 下册语文期末测试卷,2,1
镇平一高,6,1
镇忠逸夫,1,1
镇江 京口 九上 数学,1,1
镇江 京口 九上 数学10月,1,1
镇江 京口 八下6月数学,1,1
镇江2026中考,2,1
镇江2026年七下期末数学,2,1
镇江一中高一英语,14,1
镇江一中高一英语9月月考,3,1
镇江七下期末数学,1,1
镇江中考2025,1,1
镇江二年级100以内加减法,1,1
镇江八下期中数学,4,1
镇江句容,1,1
镇江实验学校小升初考试,1,1
镇江小升初分班考,1,1
镇江小升初考试,4,1
镇江市2025到2026学年第一学期高三0模拟化学,3,1
镇江市第一中学高级中学高一数学学科期末试卷,3,1
镇江市高等职业技术学校,1,1
镇江第一中学,4,1
镇江高一下数学期末2026,1,1
镇江高一级第一学期十月校际联考英语试卷,8,1
镇江高三期初考试,4,1
镇海中学提前招生,1,1
镇海中学数学,13,1
镇海中学甬江校区,1,1
镇海中学高一英语考试,2,1
镇海模拟,1,1
镇海模拟语文,3,1
镇海自主招生中学,1,1
镇雄县第一中学,1,1
镇雄县第一中学英语,12,1
镜花缘考题,5,1
长2026长沙初二下数学期末考试,9,1
长26郡中学N10,1,1
长丰县景洪学校,4,1
长丰景洪,4,1
长丰锦弘学校,3,1
长乐区九上期中考试,1,1
长兴华盛高级中学开学考试卷,2,1
长垣,8,1
长城,1,1
长大附中,5,1
长大附中开学考,1,1
长宁,20,1
长宁中学,3,1
长宁区初三英语第一学期期末质量抽查,1,1
长宁嘉定区一模,2,1
长安区,2,1
长安区分班考试卷小升初,2,1
长安区期中,1,1
长安区第二初级中学分班测试题,2,1
长寿中学初升高衔接,1,1
长寿小升初分班卷,2,1
长岛中学,3,1
长师中学,1,1
长度与时间的测量和运动描述,2,1
长方体正方体熔铸问题,1,1
长方体正方体等体积,1,1
长方体正方体等体积应用题,1,1
长方形和正方形,1,1
长方形面积,6,1
长春,1,1
长春108,1,1
长春108中学,2,1
长春11高,1,1
长春2025-2026期末英语五下,12,1
长春2025年,1,1
长春25年中考语文真题,8,1
长春东北师大附中九年级上册数学单元卷,7,1
长春东北师大附中九年级上册数学第一周试卷,2,1
长春东北师范大学附属中学,15,1
长春中考真题,1,1
长春二中高一下期末物理,2,1
长春二中高一英语月考,1,1
长春二道区2025-2026期末英语五下,1,1
长春体育与健康知识,3,1
长春净月高新技术产业开发区,2,1
长春力旺实验,1,1
长春化学 九上,1,1
长春化学高一月考,8,1
长春北湖十一高,3,1
长春北湖高中,1,1
长春十一高中北湖学校,1,1
长春外国语,1,1
长春外国语学校2025-2026学年第二学期第三学程考试高一年级数学试卷,2,1
长春小升初,6,1
长春市二中化学,1,1
长春市二中高二上化学,1,1
长春市分班考试,2,1
长春市初中学业水平考试 地理,1,1
长春市十一高中第一学,2,1
长春市去年期末考试卷,8,1
长春市市模,1,1
长春市师大明珠,4,1
长春市师大明珠开学考,1,1
长春市朝鲜族中学,2,1
长春市朝鲜族中学生物,3,1
长春市期末考试题,7,1
长春市第一次市模,9,1
长春市第一次模拟,3,1
长春市第二中学化学,4,1
长春市第二中学物理,2,1
长春市第二中学生物,3,1
长春市第二中学英语,1,1
长春市第二中学语文,4,1
长春市第二中学高一下期末,1,1
长春市第二中学高一下物理,1,1
长春市第二中学高二,2,1
长春市第二中学高二上,6,1
长春市第二中学高二上期末,4,1
长春市第二实验中学,2,1
长春市第八中学,14,1
长春市第八中学物理试题,6,1
长春市绿园区期末考试2024一2025英语五下,10,1
长春市绿园区期末考试2025一2026英语五下,11,1
长春市试模,13,1
长春市近三年中考语文真题,2,1
长春市高二上化学,1,1
长春新初一,1,1
长春新初一分班考,8,1
长春新区吉大慧谷模拟卷数学,7,1
长春朝阳区2025-2026期末英语五下,1,1
长木板小滑块,3,1
长汀,6,1
长汀县第一中学,3,1
长江杯九年级数学竞赛,1,1
长江集团 八上 期中 真题 数学,1,1
长沙 025中考真题卷,8,1
长沙 10月 长郡 2025 2026月八上数学考卷,2,1
长沙一中七上英语第一次月考款,1,1
长沙一中七上英语第二次月考,3,1
长沙一中期末考试高一下,4,1
长沙七年级第一单元上册历史,1,1
长沙七年级第一单元上册历史泉塘,1,1
长沙中考历史,3,1
长沙中考物理,1,1
长沙中考物理真题,1,1
长沙中雅培,1,1
长沙九年级上册1~5单元测试卷,1,1
长沙九年级上册数学 圆综合压轴真题汇编,1,1
长沙九年级上册数学压轴题,2,1
长沙九年级上数学月考卷,6,1
长沙九年级上数学期中,1,1
长沙九年级上数学期中考试卷,2,1
长沙九年级化学上册1~5单元测试卷,1,1
长沙九年级数学月考卷,1,1
长沙二模,1,1
长沙五年级下期末数学,4,1
长沙八上历史期末,3,1
长沙八上地理,1,1
长沙八上地理期中,2,1
长沙八上地理期末,1,1
长沙八上地理期末金海,3,1
长沙八上地理期末长郡,4,1
长沙八上地理期末雅礼,4,1
长沙八上数学月考,6,1
长沙八上物理月考,4,1
长沙八上生物期末,2,1
长沙八上生物期末金海,2,1
长沙八上生物期末青竹湖湘一,3,1
长沙八上语文第一次月考,5,1
长沙八上道法期末,4,1
长沙八上道法期末雅礼,1,1
长沙初一历史,1,1
长沙南雅新初一9月测评,6,1
长沙县一中中学,3,1
长沙县一中拔尖创新选拔数学,4,1
长沙县七年级下册期末考试试卷卷,6,1
长沙县七年级下册英语期末检测质量卷,3,1
长沙县五年级下册期末数学试卷,6,1
长沙县初一上册雅礼期末英语检测卷,3,1
长沙县县一中,4,1
长沙县四年级下册期末数学试卷,6,1
长沙县实验,3,1
长沙四大名校九年级数学试卷,7,1
长沙四大名校联考,10,1
长沙外国语高一开学考,1,1
长沙大学附属中学高一开学分班考试卷,1,1
长沙小升初分班考试卷,1,1
长沙市 第一中学,2,1
长沙市2022新高考,1,1
长沙市2026年高三年级模拟考试,2,1
长沙市一中2024-2025学年高三上学期第四次月考英语,2,1
长沙市一中2025高一第一学期入学分班考试,8,1
长沙市一中2026高一,2,1
长沙市一中中学,2,1
长沙市一中卷子,5,1
长沙市一中双语小升初试卷,1,1
长沙市一中教育集团,2,1
长沙市一中第一中学高二期末考试,4,1
长沙市一中集团联考,7,1
长沙市一中高一上学期开学考,1,1
长沙市一中高一下学期期末2026,1,1
长沙市一中高一下学期期末2026数学,6,1
长沙市一中高一分班卷,2,1
长沙市一中高一第一学期入学考试,1,1
长沙市一中高一第一学期开学考,4,1
长沙市一中高三期末,8,1
长沙市一中高二,1,1
长沙市一中高二期末考试,1,1
长沙市一中高二测试1,2,1
长沙市一中高二第一学期第二次阶段性检测2026,3,1
长沙市一中高级中学,2,1
长沙市三峰中学,2,1
长沙市中考真题2026,2,1
长沙市八上数学月考,3,1
长沙市初二英语,29,1
长沙市南雅中学初一选拔考数学真题,12,1
长沙市南雅中学小升初QB选拔考数学真题,4,1
长沙市周南梅溪湖,1,1
长沙市周南集团2025年，高一上学期第一次月考生物卷,2,1
长沙市周南集团，2025年第一次生物月考生物卷,1,1
长沙市四大九年级物理月考试卷,3,1
长沙市实验,1,1
长沙市实验中学入学考试卷,1,1
长沙市师范附中高二语文,3,1
长沙市师范附中高二语文二,5,1
长沙市拔创考试,1,1
长沙市明达中学,7,1
长沙市明达中学插班生考试,3,1
长沙市望城区六年级下册数学期末,7,1
长沙市望城区六年级下学期期末试卷,1,1
长沙市望城金海高级中学,6,1
长沙市炎德英才联考高一上期中数学,13,1
长沙市炎德英才联考高一上期末数学,2,1
长沙市田家炳中学,2,1
长沙市示范,1,1
长沙市稻田中学新高一分班考,17,1
长沙市第一中,1,1
长沙市第一中学2025-2026学年高一上学期入学考试,1,1
长沙市第一中学2025-2026学年高一上学期入学考试英语,1,1
长沙市第一中学2026高一期末,2,1
长沙市第一中学高二期末考试,6,1
长沙市第十一中学,5,1
长沙市第十一中学城南路校区入学考,1,1
长沙市芙蓉区一中马王堆,6,1
长沙市长郡中学,2,1
长沙市长郡中学高一上期中数学,1,1
长沙市长郡中学高一上第一次月考数学,1,1
长沙市长郡中学高一下学期期末英语试卷,1,1
长沙市附中数学九上第一次月考,7,1
长沙市雅礼集团初一选拔考数学真题,9,1
长沙市雅礼高二语文二,4,1
长沙市雷锋学校2024-2025学年高一下学期化学试题,12,1
长沙市青竹湖湘一九年级上册数学第一次月考,1,1
长沙市青竹湖相依，九年级上册数学第一次月考,2,1
长沙师大附中七年级上册期末试卷,5,1
长沙师大附中七年级期末试卷,5,1
长沙师大附中星城八上,1,1
长沙师大附中星城八上期中,5,1
长沙师大附中集团七下语文期末,1,1
长沙开学,2,1
长沙开学考 分班考,1,1
长沙新高一入学分班考,13,1
长沙新高一入学考试卷,2,1
长沙明德,2,1
长沙望城区五上语文,2,1
长沙期末考试卷高一,1,1
长沙模拟,15,1
长沙电子工业,1,1
长沙自主招生,6,1
长沙过覃谊宅,1,1
长沙过覃谊宅题,1,1
长沙过贾谊宅题,2,1
长沙长郡,4,1
长沙雅礼中学高一开学考,1,1
长沙雅礼书院中学新高一,2,1
长沙青竹湖湘一外国语高二语文二,2,1
长沙高一上入学分班考试,6,1
长沙高一上开学考 分班考,2,1
长沙高一入学分班考试,2,1
长沙高一入学分班考试雅礼,5,1
长沙高一入学考英语,1,1
长沙高一分班语文试卷,1,1
长沙高一开学卷,7,1
长沙高一数学,6,1
长沙高三数学,5,1
长河,1,1
长治潞州区七年级入学摸底考试,3,1
长治潞州区七年级入学测试,5,1
长泰一中八上数学第一次月考,3,1
长泰区七下期中语文,2,1
长泰区八上数学第一次月考,2,1
长葛市,5,1
长郡 02 026 物理,1,1
长郡 2026高二数学期末,2,1
长郡 2026高二期末,1,1
长郡 2026高二期末考,8,1
长郡 2026高二期末考数学,3,1
长郡 20校数学,1,1
长郡2024-2025学年八年级下学期期末考试英语试卷,6,1
长郡2024高三期末,8,1
长郡2026高三上暑假检测卷,3,1
长郡一模,3,1
长郡七上数学期中卷,5,1
长郡中学2025 10月,3,1
长郡中学2025 11月,7,1
长郡中学2025 12月,6,1
长郡中学2025 12月月考,9,1
长郡中学2025-2026学年高一上学期入学考试数学,2,1
长郡中学2025-2026学年高一上学期入学考试物理,1,1
长郡中学2025年高二暑假作业检测试卷,1,1
长郡中学2025年高二暑假作业检测试卷英语,2,1
长郡中学2026物理必修三,2,1
长郡中学2026高一下期末考试,9,1
长郡中学卷子,3,1
长郡中学理实班招生数学真题免费,2,1
长郡中学高一,4,1
长郡中学高一上学期入学考试,8,1
长郡中学高一上学期入学考试2023~2024,3,1
长郡中学高一上学期开学考,2,1
长郡中学高一上期中化学,9,1
长郡中学高一上期末数学,3,1
长郡中学高一下学期期末,1,1
长郡中学高一下期末语文试题,3,1
长郡中学高一期末生物,2,1
长郡中学高一高二试卷,1,1
长郡中学高二上入学考,2,1
长郡中心,1,1
长郡九年级化学期中上册,4,1
长郡二十校,8,1
长郡二模,5,1
长郡入学,1,1
长郡入学分班考试,1,1
长郡入学初中,1,1
长郡入学考,1,1
长郡入学考试高一上,18,1
长郡初三期末历史,3,1
长郡初二期末,1,1
长郡初二期末英语,1,1
长郡初二物理,4,1
长郡初二英语,4,1
长郡初升高拔创,1,1
长郡双语,1,1
长郡双语八下期末数学,3,1
长郡外国语实验中学,21,1
长郡尖子班,1,1
长郡市小学六年级英语,6,1
长郡数学,2,1
长郡斑马湖中学 高一 月考试题,6,1
长郡斑马湖中学 高一历史 月考,1,1
长郡新初一,1,1
长郡新初一入学,4,1
长郡月考,1,1
长郡梅溪湖智谷,2,1
长郡梅溪湖智谷学校,2,1
长郡湘府中学,3,1
长郡物理,1,1
长郡物理2025卷,3,1
长郡英语,6,1
长郡集团,1,1
长郡集团2026年七年级数学,3,1
长郡集团竞赛选拔考试,2,1
长郡雨外七年级,7,1
长郡雨外七年级第一次月考,3,1
长郡雨外左家塘七上数学期中卷,1,1
长郡高一上学期,4,1
长郡高一入学分班考试,1,1
长郡高一入学考试试卷,7,1
长郡高一期中试卷,1,1
长郡高三月考,1,1
长郡高三月考五,1,1
长郡高二,1,1
长郡高二下期末,2,1
长郡高二期中,3,1
长铁一中开学考,10,1
长难句翻译,1,1
长难句翻译英语,1,1
长难句翻译英语高考,5,1
门头沟,1,1
门头沟一模,3,1
门头沟一模数学,1,1
门头沟一模数学高三.,1,1
门头沟区2026年七年级下学期期末数学试卷答案,1,1
门头沟高三英语综合练习,3,1
门捷列夫好忙,1,1
闪过高考词汇,1,1
闪过高考词汇电子版默写英文,1,1
闫芳,1,1
闭合电路欧姆定律及其应用,3,1
闵行三模,1,1
闵行中学2025年高二英语期中考试卷所有,2,1
闵行区,9,1
闵行区三模,2,1
闵行区物理三模卷,3,1
闽侯一中开学考试,1,1
闽侯三中高一开门考,2,1
闽侯县七上期中,6,1
闽侯县七上第三单元,5,1
闽侯县第一中学开学,1,1
闽侯县第一中学新高一,1,1
闽教版,28,1
闽教版五年级阅读题,5,1
闽教版六年级数学,1,1
闽教版英语五年级阅读题,11,1
闽教版英语六年级上册,2,1
阅渎理解,1,1
阅盟学堂,1,1
阅盟学院,2,1
阅盟学院数学导学案,2,1
阅盟学院数学导学案八年级上册,1,1
阅读/写作,1,1
阅读与国家复兴科技发展有关,4,1
阅读与表达,1,1
阅读专项训练,1,1
阅读专项训练小学,1,1
阅读六上,1,1
阅读六上语文,1,1
阅读外研版,1,1
阅读完型高频障碍词,2,1
阅读理解 细节题讲义,1,1
阅读理解 细节题高中,5,1
阅读理解 细节题高中英语,16,1
阅读理解 细节题高中陕西,1,1
阅读理解/书面表达,6,1
阅读理解50篇,7,1
阅读理解A,10,1
阅读理解专项词汇,1,1
阅读理解北京,2,1
阅读理解基础,5,1
阅读理解完形填空,8,1
阅读理解完形填空译林版,6,1
阅读理解语文小学六年级,1,1
阅读理解语法填空,4,1
阅读真题100篇(5.3),2,1
阅读真题100篇(5.3)语文,1,1
阅读练习,1,1
阅读英语,2,1
阅读语文小学,1,1
阅读语文小学六年级,1,1
阅读课,1,1
阅读题答题格式,1,1
阅读高中,1,1
阅读高中语文,10,1
阜南实验中学2024至2025学年高二下学期第二次质量检测,7,1
阜宁,2,1
阜宁中考,1,1
阜宁月考?,2,1
阜实验中学2024至2025学年高二下学期第二次质量检测,1,1
阜新实验中学,4,1
阜新市细河区,9,1
阜昌中学,12,1
阜阳一中2025 2026学年高一年级下学期期末考试历史试卷,1,1
阜阳一中20二六届高35月适应性考试一,6,1
阜阳一中高一上学期学期期末数学,1,1
阜阳一初,5,1
阜阳市,1,1
阜阳市实验中学,1,1
阜阳市实验中学八年级下册期末检测,2,1
阜阳市第十九中学,2,1
阜阳市第十五中学八上数学试卷,2,1
阜阳市红旗中学,2,1
阜阳成效中学,2,1
防溺水,1,1
防溺水主题班会,1,1
阳光计划分班考试,2,1
阳新一中新高一分班考,3,1
阳新七年级下册数学,6,1
阳春市2026七年级下册试卷B卷,3,1
阳江一中新高一分班考试,1,1
阳江市2026七年级下册试卷,8,1
阳江市第一中学,7,1
阳江市，八年级下册数学,2,1
阳泉二中,1,1
阳泉市2025 2026学年度第二学期期末教学质量监测试题,8,1
阳泉高二上学期月考,2,1
阳谷实验中学分班考试卷,3,1
阳谷物理第四届创新大赛,3,1
阳谷狮子楼学校,6,1
阶段集训（第一单元一第三单元）九年级上册,2,1
阶段集训（第一单元一第三单元）化学九年级上册,2,1
阿什图市九上化学,1,1
阿伏伽德罗 2026专题二轮复习,6,1
阿伏伽德罗常数,5,1
阿伦尼乌斯公式,2,1
阿克苏,13,1
阿克苏2025——2026学年第二学期期末考试高一年级物理试题卷,3,1
阿克苏20中学,1,1
阿克苏中考,4,1
阿克苏二十中学,4,1
阿克苏高一分班考,2,1
阿坝州2024 2025学年度中小学学科核心素养调研,1,1
阿城,13,1
阿市九上化学,3,1
阿弥陀佛,6,1
阿房宫赋 理解性默写,5,1
阿文物理,1,1
阿氏圆高中,7,1
阿氏圆高中向量,6,1
阿波罗尼斯圆、向量隐圆问题,5,1
阿洛老师,2,1
阿洛老师拿下一类,1,1
阿瓦提县第四中学,5,1
附中八上,1,1
附中八下期末数学,2,1
陆丰市中考,1,1
陇东地区2025年中考试卷英语,3,1
陇南市 高一下 期末统考,4,1
陇南市数学期末,20,1
陇南市统考答题卡,2,1
陇南市英语期末,19,1
陇南高一下联考期末,2,1
陇县2025一2026学年度第二学期期末教学质量检测试题(卷) 三年级数学,2,1
陇县2025一2026学年度第二学期期末教学质量检测试题(卷) 三年级语文和文,3,1
陈仓区陈仓高中,3,1
陈大勇,4,1
陈老师,2,1
陌生方程式书写,7,1
陌生氧化还原反应方程式的书写,11,1
陌生电极反应的书写,1,1
陌生电极反应的数学,1,1
陌生的电极反应,2,1
限定条件下同分异构体的书写,7,1
限时训练,1,1
陕晋宁青2026届高三12月联合质量检测,1,1
陕晋青宁 20256高考真题,2,1
陕晋青宁 2026高考真题,4,1
陕晋青宁2026生物,1,1
陕晋青宁卷,1,1
陕晋青宁生物,3,1
陕甘宁2026年普通高中学业水平选择性考试,6,1
陕甘宁青2026届高三12月联合质量检测,3,1
陕甘青柠高考政治试卷,1,1
陕西14,1,1
陕西202 6高考真题化学,1,1
陕西2024化学,1,1
陕西2024化学高考真题,1,1
陕西2025年高考化学,1,1
陕西2026历史,1,1
陕西2026历史高考,1,1
陕西三年级下学期阶段检测,18,1
陕西三模,1,1
陕西专用,7,1
陕西中考2026,1,1
陕西中考英语1600考纲词汇 人教版,4,1
陕西中考英语高频800词,3,1
陕西中考语文,1,1
陕西临渭区物理高一期末考试卷子,1,1
陕西九师联盟,3,1
陕西八下物理北师大版期末真题,5,1
陕西北师大版三年级下册数学,3,1
陕西北师大版三年级下册数学期末考试,1,1
陕西卷,2,1
陕西卷2026地理中考真题,2,1
陕西卷政治2026,1,1
陕西历史合格考真题,13,1
陕西咸阳启迪中学,1,1
陕西咸阳彩虹中学,1,1
陕西安康市2024-2025学年高二下学期期末质量检测物理试题,7,1
陕西师大附中 2025 2026学年度第二学期 期中考试高一年级政治,1,1
陕西师大附中 2025 2026学年度第二学期 期末考试七年级数学试题,3,1
陕西师大附中5月,8,1
陕西师范大学附属中学,23,1
陕西师范大学附属中学八上开学,4,1
陕西延安中学,1,1
陕西延安二模,4,1
陕西期中,2,1
陕西期末,2,1
陕西榆林,12,1
陕西榆林期末,3,1
陕西汉中八年级期末物理考试,2,1
陕西渭南,10,1
陕西生物,3,1
陕西省,8,1
陕西省2025年中考数学,3,1
陕西省2025年数学,1,1
陕西省2025年高中数学,4,1
陕西省2025高中学业水平考试真题,3,1
陕西省2026安康旬阳,11,1
陕西省2026年高考物理,3,1
陕西省2026年高考省适应检测3,1,1
陕西省2026年高考省适应检测三,9,1
陕西省2028年 高考语文古诗词,1,1
陕西省咸阳市三原县,7,1
陕西省咸阳市永寿县,2,1
陕西省咸阳市泾阳县高二上月考数学试卷,4,1
陕西省咸阳市泾阳县高二上月考考试试卷,5,1
陕西省商洛市2025 2026学年高二下学期7月期末考试数学试题,1,1
陕西省商洛市2025 2026学年高二下学期7月期末考试英语试题,2,1
陕西省商洛市洛南中学,2,1
陕西省商洛市洛南县,1,1
陕西省商洛市洛南县初一数学期中考试试卷,3,1
陕西省安康市,1,1
陕西省安康市2024高二下学期期末数学考试试题,5,1
陕西省安康市2026高一期末考试,9,1
陕西省安康市高三数学考试,15,1
陕西省延安市八上英语第一单元测试,7,1
陕西省延安市宝塔区,2,1
陕西省延安市宝塔区培植,8,1
陕西省榆林市,34,1
陕西省汉中期末七年级下册数学,2,1
陕西省渭南市大荔县县高一期末考试试卷,6,1
陕西省渭南市大荔县县高一第二学期期末考试试卷,3,1
陕西省渭南市大荔县第二学期期末考试卷,10,1
陕西省渭南市蒲城县高一期末考试卷,5,1
陕西省渭南市蒲城县高一期末考试试卷,12,1
陕西省碑林区西北工业大学附属中学,2,1
陕西省蓝田县,7,1
陕西省西安中学,3,1
陕西省西安中学高二,6,1
陕西省西安中学高二数学,32,1
陕西省西安中学高二英语,3,1
陕西省西安市2025年一2026年数学题,1,1
陕西省西安市周至县化学真题,3,1
陕西省西安市周至县高考化学试卷,4,1
陕西省西安市数学,1,1
陕西省西安市数学高一,3,1
陕西省西安市爱知中学,4,1
陕西省西安市西安三中数学高一,8,1
陕西省西安市雁塔区2025-2026学年度第一学期期末学业水平检测六年级数学.,1,1
陕西省西安市雁塔区崇是中学,10,1
陕西省西安市雁塔区阳光中学,11,1
陕西省西安市雁塔区阳光中学分班,2,1
陕西省西安市雁塔区高新一中七年级下学期期末数学试卷,10,1
陕西省西安市雁塔区高新中7年级下学期期末数学试卷,34,1
陕西省西安市高新区2025-2026学年,1,1
陕西省西安市高新区分班考真卷,1,1
陕西省西安市高新区第四学校分班考真卷,4,1
陕西省西安市高新区第四学校分班考证券,1,1
陕西省西安市高新区高新一中教育联合体2025-2026学年七年级下学期期末考试数学试题,1,1
陕西省韩城市2024-2025物理高二第一次学期第一次月考试卷,6,1
陕西省韩城市2025-2026物理高二第一次学期第一次月考试卷,8,1
陕西省高一入学测试商洛市,3,1
陕西省高考,3,1
陕西英语,1,1
陕西英语中考,1,1
陕西英语试卷三年级,1,1
陕西英语试卷三年级陕西勉县,1,1
陕西英语阅读理解基础 100篇专项训练高中,2,1
陕西西安五大名校高一上学期分班考试卷,7,1
陕西西安市阎良区西飞第一中学2025-2026学年高一下学期期末考试化学试题,1,1
陕西西安市高新区四校分班考数学真卷,1,1
陕西西安市高新区四校分班考真卷,1,1
陕西西安系四校分班考真卷,2,1
陕西西安西北工业大学附中,1,1
陕西西安西工大附中高一上学期学期第一次月考,1,1
陕西西安西工大附中高一第一学期第一次月考,2,1
陕西西安西工大附中高一第一次月考,1,1
陕西西安西工大高一上学期分班考物理,2,1
陕西西安铁一新高一分班考试2025,2,1
陕西西安高一上学期入学分班考,4,1
陕西西安高二期末,1,1
陕西遗传,1,1
陕西高一上学期阶段检测,8,1
陕西高一开学分班考卷,2,1
陕西高三上学期期中,1,1
陕西高新一中2025-2026七下期末数学,1,1
陕西高考化学26,1,1
陕西高考生物遗传,5,1
陕西高考真题,2,1
陕西高考研,1,1
陕西高考遗传,1,1
陕青甘豫,2,1
陕青甘豫高三2026年5月天一大联考,1,1
陕青甘豫高三2026年5月天一大联考数学,1,1
院校代号,1,1
除法100道计算题,3,1
陵水县语文试卷,4,1
隆回,7,1
隆回一中,4,1
隆回楚才,2,1
隆尧一中,3,1
隆昌初中分班考试,3,1
隆昌市第二中学,2,1
隋唐时期：繁荣与开放的时代,7,1
隋唐时期：繁荣与开放的时代中考题,21,1
随县七年级试题,8,1
随堂,1,1
随堂1+1,4,1
随堂1+1导练,3,1
随堂导练1+1英语2026年,2,1
随堂笔记,5,1
随堂练习,1,1
随堂练习(四),1,1
随堂练习语文,14,1
随州五年级上册2023到2024,1,1
随州五年级上册英语期末2023到2024,5,1
随州五年级上册英语期末2024到2025,2,1
随州市,1,1
随州市2026初三期末,1,1
随州市2026初三期末数学,3,1
随州市中职期末质量监测,3,1
随州市中职高一期末质量监测,1,1
随州市八上物理期中,3,1
随州市曾都区2025年至2026年上学期8年级上册语文期中检测卷八角楼中学的,2,1
随州市曾都区二年级期末,5,1
随州市期末质量监测,3,1
随州曾都区,4,1
随州曾都区五年级英语上册期末2022到2023,3,1
随机事件及概率,1,1
随着文明的发展，,1,1
随着文明的发展，古人很早就意识到了健康和安全饮用水的重要性,2,1
隐圆,1,1
隐形圆 初中专题,3,1
难度系数0 4,1,1
难度系数0.4,7,1
难题,4,1
雁塔,7,1
雄县,1,1
雄县（霸州市）2021～2022,3,1
雄县（霸州市）2021～2022数学.,1,1
雄县（霸州市）2021～2022数学.六年级下册,1,1
雄安新区容城县初一下学期数学期末考试卷,1,1
雅光学校,2,1
雅典中学,1,1
雅安2025 2026高一下语文期末卷,1,1
雅安市2025 2026学年六年级下册数学,3,1
雅安市高2022级第一次诊断性考试英语录音,2,1
雅思 单词,1,1
雅思2025真题英语,1,1
雅思真题英语,3,1
雅思词汇默写纸,3,1
雅理2025届自招卷,1,1
雅礼8,7,1
雅礼中学 026高一,3,1
雅礼中学 2025 2026 学年高二下学期期末各科试卷含答案,1,1
雅礼中学2024-2025高一下学期期末生物试卷,2,1
雅礼中学2025-2026高一下学期期末化学试卷,1,1
雅礼中学2025年高一上学期入学考试语文试题,1,1
雅礼中学2026届3月月考物理,7,1
雅礼中学2026届3月物理,3,1
雅礼中学入学考试,1,1
雅礼中学卷子,9,1
雅礼中学必修一二物理卷子,1,1
雅礼中学物理第2次质量检测,1,1
雅礼中学物理第2次质量检测高一上,2,1
雅礼中学高一,3,1
雅礼中学高一上期物理卷子,2,1
雅礼中学高一上英语期中,1,1
雅礼中学高一下,4,1
雅礼中学高一下期末化学试题,1,1
雅礼中学高一下期末物理试题,4,1
雅礼中学高一下期末生物试题,2,1
雅礼中学高一物理卷子,2,1
雅礼中学高二上期末物理试题,6,1
雅礼九年级化学期中,1,1
雅礼书院新高一,6,1
雅礼书院新高一分班考试试卷,30,1
雅礼入学考,1,1
雅礼入学考英语,1,1
雅礼入学考试,1,1
雅礼入学考试高一,10,1
雅礼入学考高一入学,1,1
雅礼八下期末,4,1
雅礼八下期末语文,2,1
雅礼分班考,1,1
雅礼初三期末历史,1,1
雅礼开学,1,1
雅礼开学上,1,1
雅礼开学上学期,5,1
雅礼开学上学期高三,3,1
雅礼开学考,4,1
雅礼教育集团2023数学期中,9,1
雅礼教育集团统一联考卷,1,1
雅礼教育集团统一联考卷开学考,1,1
雅礼新苗杯决赛九年级试题（湖南）,1,1
雅礼新苗杯决赛试题（湖南）,7,1
雅礼模拟2,2,1
雅礼洋湖实验中学,2,1
雅礼系小升初数学,1,1
雅礼语文初三中考模拟,1,1
雅礼集团,2,1
雅礼高一下学期化学期末考试,7,1
雅礼高一下学期数学,1,1
雅礼高一开学考,2,1
雅礼高二下地理期末试卷,1,1
雅礼高二下期末,3,1
雅里,1,1
集合 复习,1,1
集合 逻辑 不等式 测试 数学 单元 一轮,6,1
集合+简易逻辑,4,1
集合一轮复习,4,1
集合不等式,7,1
集合与常用逻辑用语-【初高中衔接直通车】2026年初升高数学衔接直通车,1,1
集合与常用逻辑用语、不等式,1,1
集合与常用逻辑用语七大考点,1,1
集合与常用逻辑用语知识点,3,1
集合与逻辑用于测验试卷,1,1
集合与逻辑用语,22,1
集合与逻辑用语测验卷,2,1
集合专项,1,1
集合专项练习,1,1
集合专项练习卷湘教版,5,1
集合专项训练 人教,1,1
集合专题人教版,3,1
集合交并补,3,1
集合交并补 含参问题,7,1
集合全章练习,1,1
集合初高衔接,2,1
集合单元测试,1,1
集合卷子,2,1
集合参数范围,11,1
集合和一元二次次不等式专项练习,4,1
集合基础题,3,1
集合复习,3,1
集合检测卷,1,1
集合的四类重难点题型,5,1
集合的概念,3,1
集合的概念及各种元素的性质,2,1
集合的运算以及讲解,3,1
集合的运算以及讲解选择题,2,1
集合的运算刷题,3,1
集合的运算及应用,3,1
集合章末提优,1,1
集合章节测试,4,1
集合练习题,3,1
集合综合训练,2,1
集合试卷数学高一,10,1
集合试题,3,1
集合运算选择题,1,1
集合运算选择题刷题,20,1
集合题型,3,1
集宁一中,2,1
集宁一中霸王河校区,8,1
集宁五中,1,1
雍阳中学,2,1
雍阳月考,1,1
雍阳月考九年级上数学,1,1
雨花区,6,1
雨花区四年级语文,1,1
雨花区高一年级,13,1
雨花台中学,1,1
雨花台区,6,1
雨花金海,4,1
雨花金海小升初数学真题,1,1
雪花飞舞周建申,7,1
零一几何与常用逻辑用语,1,1
零失误,1,1
零模 2026,11,1
零点,3,1
零点个数，恒成立问题,2,1
零点密切函数,1,1
零点范围与个数,5,1
零点，恒成立,5,1
零班,1,1
零诊,1,1
零诊 成都,6,1
零诊2026年,1,1
零诊2026年成都,4,1
零陵一中,1,1
零陵七下地理期末,1,1
零陵八上物理期中,1,1
雷州,7,1
雷州市第一中学,2,1
雷达,1,1
震川,2,1
霍山中学,4,1
霍邱一中入学,1,1
霍邱一中开学考,1,1
霍邱一中数学,4,1
霞浦县期末卷,2,1
霸州一中,1,1
青 桐 鸣1高一6月联考2026,4,1
青 桐 鸣1高一7月联考2026,1,1
青于蓝 核按钮 大一轮语文,11,1
青冈二中,3,1
青冈实验中学,2,1
青剑湖,28,1
青剑湖初中,21,1
青县,12,1
青口,6,1
青台山中学,3,1
青大,1,1
青大附,1,1
青大附中,1,1
青岛 0 202 5 高三 一模,2,1
青岛 0 2026高二期末下,11,1
青岛 0202 6 高三 一模,1,1
青岛 58中,1,1
青岛 58中数学,1,1
青岛2022高三期初政治,4,1
青岛2024年高三年纪期初调研检测数学试题,1,1
青岛2025年高三年纪期初调研检测数学试题,1,1
青岛2025年高三年纪期初调研检测英语试题,2,1
青岛2025年高三年纪期初调研检测试题,1,1
青岛2025期初调研化学高三,1,1
青岛2025期初调研生物高三,1,1
青岛2025期初调研英语,1,1
青岛2025期初调研英语高三,2,1
青岛2025期初调研语文高三,1,1
青岛2026年高一期末,4,1
青岛2026高三一模,2,1
青岛58中,3,1
青岛一模2026,1,1
青岛一模物理,3,1
青岛七下数学期末数学,1,1
青岛七年级上期末英语,1,1
青岛七年级期末英语,3,1
青岛三角函数真题练习,1,1
青岛中考数学真题,3,1
青岛中考数学真题2025,3,1
青岛中考数学真题2026,1,1
青岛中考数学答题卡,6,1
青岛中考模拟英语,14,1
青岛中考语法填空,2,1
青岛九下三角函数,1,1
青岛九下数学,1,1
青岛二中2025—2026学年第二学期期末考试物理,3,1
青岛二中物理2025,1,1
青岛二中物理2025高一上期末,4,1
青岛二中高一,1,1
青岛二中高一上,1,1
青岛二中高一上学期期末数学,1,1
青岛二中高一上语文,1,1
青岛二中高一下,1,1
青岛二中高一期中英语,1,1
青岛二中高二上学期数学期中,9,1
青岛二中高二上第一次月考,6,1
青岛二中高二第一次月考,2,1
青岛二模,6,1
青岛五十八中,3,1
青岛八上英语期中考试,1,1
青岛八下,1,1
青岛八下期末,1,1
青岛八年级化学,4,1
青岛八年级物理,3,1
青岛八年级英语期末,6,1
青岛六中20252026学年度第二学期期末检测,3,1
青岛六十七中,3,1
青岛十七中高一新生,1,1
青岛即墨期中检测卷,1,1
青岛即墨期末检测卷,4,1
青岛即墨高一上学期期中考试题化学,2,1
青岛即墨高一上学期期中考试题物理,6,1
青岛历史,3,1
青岛历史期初,3,1
青岛各高中期中考试高一原题,1,1
青岛各高中高一上期中,1,1
青岛各高中高一上期中考试,2,1
青岛各高中高三期中,1,1
青岛国科高级中学,2,1
青岛地生,1,1
青岛城阳七年级上期末英语,5,1
青岛城阳区,11,1
青岛实验高级中学,3,1
青岛将军饮马-最值问题,1,1
青岛市2022期初政治答案,1,1
青岛市2022高考政治答案,1,1
青岛市2024年高一年级选科测试化学,2,1
青岛市2025-2026四年级下册数学期末,4,1
青岛市2025~2026学年高二上学期2月期末考试数学试题,18,1
青岛市2025高一选科测试英语,4,1
青岛市2025－2026下学期初三期末化学试题,5,1
青岛市2025－2026第二学期八年级期末化学试题,5,1
青岛市2025－2026第二学期初三化学试题,1,1
青岛市2025－2026第二学期初三期末化学试题,25,1
青岛市2026届高三第一次适应性检测英语,13,1
青岛市2026年中考数学试卷,7,1
青岛市2026年高二期末,2,1
青岛市北,1,1
青岛市北九上期末,4,1
青岛市北八上期中英语,2,1
青岛市北八上期末,1,1
青岛市北八年级上册历史期中,1,1
青岛市北八年级上册数学期中,6,1
青岛市北八年级上册物理期末,4,1
青岛市北八年级上册语文期中,3,1
青岛市北区七年级上册英语期中,4,1
青岛市北区未来之星数学测试题,1,1
青岛市北区未来之星数学测试题四年级,1,1
青岛市南区,1,1
青岛市南区七年级上册英语期中,3,1
青岛市南区英语期中,1,1
青岛市城阳区2024 ~2025七年级上册数学期中,2,1
青岛市城阳区2024 ~2025七年级数学期中,3,1
青岛市城阳区2024 ~2025学年度第二学期期末学业水平检测六下语文,1,1
青岛市城阳区2026年中考数学试卷,2,1
青岛市城阳区2026年高一下期末历史试卷,2,1
青岛市城阳区七下期末卷城阳五中,7,1
青岛市实验初级中学区2026年七年级下册数学期末考试卷,2,1
青岛市崂山区2026年七年级下册数学期末考试卷,1,1
青岛市李沧区2025-2026四年级下册数学期末,5,1
青岛市李沧区2026年七年级下册数学期末考试卷,5,1
青岛市第五十八中学,2,1
青岛市莱西市2024~2025学年高一下学期7月期末考试数学试题,3,1
青岛市莱西市2025~2026学年高二上学期11月期中考试数学试题,28,1
青岛市莱西市2025~2026学年高二上学期11月期中考试生物试题,4,1
青岛市莱西市2025~2026学年高二上学期2月期末考试数学试题,6,1
青岛市西海岸新区胶南一中,2,1
青岛市西海岸新区高一数学,9,1
青岛市西海岸新区高一物理,1,1
青岛市西海岸新区高一语文,7,1
青岛市高一下生物期末,1,1
青岛市高三期初,13,1
青岛市高三期初调研检测,3,1
青岛市黄岛区2026年七年级下册数学期末考试卷,6,1
青岛市黄岛区2026年高一期末,1,1
青岛市黄岛区2026年高二期末,1,1
青岛市黄岛区高一数学,16,1
青岛市黄岛区高一物理,2,1
青岛市黄岛区高一语文,1,1
青岛政治期初,2,1
青岛新高一开学考,2,1
青岛期中,1,1
青岛期初考试,4,1
青岛期末,5,1
青岛李沧区七年级上册英语期中,4,1
青岛版七年级上册数学期中考试真题,3,1
青岛版七年级下册数学期末检测 聊城市东昌府区,11,1
青岛版七年级数学期中考试真题,1,1
青岛版三下数学期末卷,6,1
青岛版五四制五年级上册数学第三单元测试,1,1
青岛版五四制五年级上册数学第二单元测试,5,1
青岛版五四制五年级上册数学第二单元测试卷,1,1
青岛版五四制四年级上册数学,1,1
青岛版五四制四年级上册数学期中考试,7,1
青岛版五四制新教材四年级上册数学期中考试,2,1
青岛版五四期末,2,1
青岛版五年级上册数学图片,1,1
青岛版五年级上册数学课件内容完整版,1,1
青岛版六三科学四上,1,1
青岛版四上数学,5,1
青岛版教材帮,1,1
青岛版数学期中试卷儿,7,1
青岛版数学期中试卷新教材,2,1
青岛第二中学 数学,1,1
青岛第五十八中 数学,1,1
青岛英语期初,12,1
青岛西海岸新区2024-2025高一期末考试题,1,1
青岛西海岸新区2025-2026高一下期末考试题,2,1
青岛西海岸新区2025-2026高一期末考试题,3,1
青岛西海岸高一上,2,1
青岛西海新区,1,1
青岛西海新区期末,2,1
青岛高 一,2,1
青岛高一上,3,1
青岛高一上期中考试数学,2,1
青岛高一下期中考试数学,2,1
青岛高一期中考试,6,1
青岛高一期中考试数学,6,1
青岛高三一模,6,1
青岛高三上学期期末考试2026,6,1
青岛高三上开学测,7,1
青岛高三期初英语,9,1
青岛高二上学期数学期中,1,1
青岛高二上第二次月考数学,1,1
青岛高二下学期期末,11,1
青岛高二期末,2,1
青岛高二期末语文,1,1
青岛高考一模,1,1
青州,7,1
青春追梦,1,1
青春追梦作文,1,1
青木关,3,1
青桐鸣10月,2,1
青桐鸣高一10月,1,1
青桐鸣高一下学期期末,7,1
青浦高级,1,1
青海2025高考生物,3,1
青海2026中考,6,1
青海2026中考试卷,1,1
青海七年级下学期期末,1,1
青海中考2026,3,1
青海九年级上学期阶段检测,3,1
青海师大附属,1,1
青海师大附属实验,1,1
青海师大附属实验中学,3,1
青海师大附属高中,1,1
青海师范附属,1,1
青海师范附属中学,1,1
青海期中,1,1
青海期末,6,1
青海本地高考真题二五年,9,1
青海海东市2025 2026学年高一下学期期末考试,8,1
青海省2023-2024,1,1
青海省2023-2024高一下期末考试,1,1
青海省2025初中生地会考,1,1
青海省2026物理,1,1
青海省海东市生物试卷2025到2026,5,1
青海省西宁市,1,1
青海省西宁市2024 2025学年高一下学期期末语文试题,3,1
青海省西宁市高一下学期数学期末,2,1
青海省高中学业水平合格性测试,20,1
青海西宁,4,1
青海高三下学期期末,1,1
青海高考真题化学,3,1
青田期中试卷,1,1
青田期中试卷七年级上册,18,1
青白江区听力,3,1
青竹湖湘一外国语,3,1
青竹湖湘一外国语高二语文二,1,1
青羊区,1,1
青藤,1,1
青铜鸣大联考,2,1
青铜鸣大联考高一数学,2,1
青铜鸣必修一,34,1
青铜鸣高一,9,1
青阳中学,3,1
青阳中学分班卷,2,1
青龙,12,1
青龙一中,6,1
靖宇中学,5,1
靖安,2,1
靖安中学,1,1
靖江九年级一模,2,1
靖江初三上学期物理,1,1
靖江外国语学校,6,1
靖江市城北实验七年级,12,1
靖江期末,1,1
靖江统考,2,1
静与动,4,1
静力学,1,1
静力学分析,2,1
静女理解性默写,4,1
静宁县文惠小学,3,1
静宁县文惠小学2026毕业生花名册,3,1
静安 八上 期中 数学,2,1
静安一模,8,1
静安七年级统考,3,1
静安八下期末英语,2,1
静安区七年级上数学,2,1
静安区七年级上语文,2,1
静安区七年级统考卷,2,1
静安区七年级语文统考卷,1,1
静安区数学七年级统考,2,1
静安区语文七年级统考,4,1
静态平衡,1,1
静海一中,2,1
静海一中2025年高二上学期第一次月考化学试卷,1,1
静海六中,4,1
静申场测试卷,1,1
静电力与力学,4,1
静电力单元,1,1
静电场单元卷,6,1
静电场单元卷教科版,1,1
静电场的性质,4,1
静电场能量单元检测卷,3,1
静电场问题,1,1
静电场问题的研究专题测试卷,2,1
静电场预习,1,1
静电屏蔽专题,4,1
静电屏蔽外屏蔽，内屏蔽,2,1
静电平衡和静电屏蔽,4,1
非对称韦达定理,3,1
非弹性碰撞不共速,3,1
非正数,1,1
非渭语动词,3,1
非谓语写作寻芳,1,1
非谓语动词不定式,1,1
非谓语动词习题,4,1
非谓语动词习题天津,2,1
非谓语动词习题天津英语,3,1
非谓语动词训练,3,1
非谓语固搭,3,1
非谓语高考,1,1
非连续文本阅读,1,1
非限制性定语从句,8,1
面积人教版,13,1
面积计算问题,7,1
面积问题,4,1
面积问题奥数,2,1
面面垂直的性质定理,2,1
面面平行,3,1
鞍山,2,1
鞍山2025-2026学年度第二学期期末质量检测七年级道德与法治试卷,2,1
鞍山2026届高三一模,3,1
鞍山一中高三,1,1
鞍山一中高三一模,1,1
鞍山一中高三上一模,1,1
鞍山一中高三上数学,1,1
鞍山三中开学考试,1,1
鞍山华高高一月考,4,1
鞍山小升初英语,6,1
鞍山市24中高一下期末,6,1
鞍山市华育外国语,7,1
鞍山市立山区小升初考试,4,1
鞍山市立山小升初语文,4,1
鞍山市第一中学,1,1
鞍山市第十三中学开学考,1,1
鞍山期末,1,1
鞍山期末数学,1,1
鞍山高新区九上月考,2,1
韦达定理综合应用,1,1
韩城市2025 2026学年度第二学期期末检测试题初一升初二地理,1,1
韩城市2025 2026学年度第二学期期末检测试题高一生物学,6,1
韩束计算练习题,7,1
韩语,2,1
韩附,9,1
音乐,1,1
音乐传统,1,1
音乐传统文化,2,1
音乐聆听晨景教学设计,1,1
音乐课件,3,1
音乐鉴赏,4,1
音德尔第一中学,2,1
音标  48 发音,1,1
音标  PPT,1,1
音标 0基础 48 个音标 PPT 带读音,1,1
音标 0基础 48 发音,1,1
音标初中,3,1
音标导学案,4,1
音标教案,1,1
音色、音调、响度,10,1
韶关市期末,2,1
韶关市浈江区九年级期中,7,1
韶关物理,1,1
顶尖人才选拔初中数学。,6,1
顶尖课课练八年级物理沪科版,1,1
项,1,1
项城市第一高级中学月考,3,1
项脊轩志,4,1
顺义,3,1
顺义一中,2,1
顺义七年级下册期末,1,1
顺义初一上试卷,3,1
顺义区,4,1
顺义区2026年七年级下学期期末数学试卷答案,2,1
顺义区七年级上册期中试卷,2,1
顺义去区中考二模英语,1,1
顺义牛山一中期末,2,1
顺义高一,6,1
顺义高一第一学期,2,1
顺安中学,3,1
顺庆6上,6,1
顺德,6,1
顺德025三模语文,3,1
顺德一中,3,1
顺德九年级化学1单己测试卷,4,1
顺德元培,2,1
顺德八上历史,6,1
顺德八上历史期中,3,1
顺德六年级上册语文,3,1
顺德区,3,1
顺德文德,3,1
顺昌县第一中学2025-2026学年高一下学期期末适应练习试卷（6月阶段检测）,2,1
顾路中学,2,1
预习六上,5,1
预习卷,1,1
预习数学卷,2,1
预习选择性必修一苏教数学,1,1
预习高二,13,1
预科班,3,1
预赛,1,1
领航计划,6,1
领跑,2,1
颍州区15中七年级下册期末,1,1
颐华,1,1
颐华初中,1,1
颖上县,1,1
题号猜押,9,1
题型01 化学工艺流程（期末真题汇编，四川专用）高一化学下学期,10,1
题型01化学工艺流程,1,1
题型05化学实验基础,1,1
题型05化学实验基础浙江,3,1
题型05化学实验基础浙江化学,2,1
题型专练沪教版,1,1
题库,1,1
题库组卷,3,1
题春晚古诗,1,1
题目,1,1
题目：点M、N在AB上，MP∥CQ，∠ANM=∠QCB， (1) 判断MN与BC的位置关系并说明理由； (2) 若ND平分∠MDC，∠***=90°，∠MCD:∠DCB=2:3，求∠ADC度数，判断AB与CD是否垂直。我找这种同类型的题并且找到图片,4,1
题集,6,1
风化侵蚀搬运,4,1
风华中学,1,1
风华中学语文,2,1
风华八上物理期中考试,4,1
风华八下物理期末,2,1
风洞 八年级 下 填空题,4,1
飞鱼模型,1,1
饮酒,3,1
馄饨不混沌,4,1
首字母填空 中考,1,1
首师大附中,1,1
首师大附中永定,5,1
首考英语浙江,1,1
首都医科大学,2,1
首都师范大学滨州附属中学,5,1
首都师范大学滨州附属中学七年级,2,1
首都师范大学附属顺义实验小学,1,1
首页,4,1
香城中学,1,1
香山中学,2,1
香河县2024至2025学年度第二学期5年级数学期末质量监测,1,1
香洲区2025到2026五年级期末真题,1,1
香洲区五下科学,3,1
香洲区八年级,8,1
香洲区四下科学,1,1
香港期末,3,1
香港阶段检测,4,1
香雪,1,1
马说,3,1
马鞍山,1,1
马鞍山七中,3,1
马鞍山二中雏鹰班选拔考试真题卷,3,1
马鞍山和县,1,1
马鞍山市2023 2024学年第二学期期末教学质量检测 高一生物试题,6,1
马鞍山市2023 2024学年第二学期期末教学质量检测 高一英语试题,3,1
马鞍山市成功学校,1,1
马鞍山期中物理试卷2025-2026,1,1
马鞍山期末,3,1
马鞍山期末物理试卷2025-2026,1,1
马鞍山红星中学新高一卓越班选拔考试,2,1
马鞍山红星中学新高一实验班分班考试,1,1
驻马店,2,1
驻马店2025 2026高一下册期末,3,1
驻马店20252026年高一下学期期末试卷,7,1
驻马店20252026年高二下学期期末试卷,1,1
驻马店2026期末高二,1,1
驻马店2026期末高二语文,9,1
驻马店三高,1,1
驻马店俄语高二下学期期末,3,1
驻马店市2026年期末检测高一,2,1
驻马店市2026年期末检测高一物理,5,1
驻马店市地高高一期中数学卷子,4,1
驻马店市汝南县,23,1
驻马店期中,5,1
驻马店期末,1,1
驻马店第三高级中学,1,1
驻马店遂平8下册考试试卷,1,1
驻马店高一新生素养测试,2,1
高 1 必修1,2,1
高 1 必修1单元 试卷,1,1
高 1 必修1数学,6,1
高 1 语文电子书,1,1
高 一  上学期数学,3,1
高 一  上学期数学 人教版 必修一,3,1
高 一  上学期课本,1,1
高 一  下学期 化学 期末,20,1
高 一  下学期 生物 期末,6,1
高 一 0 上学期 人教版 必修一数学前2单元,1,1
高 一 0 上学期 人教版 必修一数学前2单元天津,1,1
高 一 0 上学期 人教版 必修一数学试卷一单元检测,1,1
高 一 0 上学期 化学 期末,1,1
高 一 0 上学期 数学试卷,1,1
高 一 0 上学期数学,3,1
高 一 0上学期 人教版 必修一,1,1
高 一 上学期 人教版 必修一数学试卷第一单元检测,2,1
高 一 上学期 人教版 必修一数学试卷第一章检测,1,1
高 一 上学期 数学试卷,1,1
高 一 上学期人教版必修一,3,1
高 一 上学期数学 人教版 必修一,1,1
高 一 上学期数学单元卷,2,1
高 一 下 202 5 2026年期未卷数学,8,1
高 一 下 202 6年期未卷,2,1
高 一 下 202 6年期未卷物理,1,1
高 一 下 学期202 5 2026年期未真题试卷,2,1
高 一 化学,2,1
高 一 化学1 0 上学期期末考试卷试卷,2,1
高 一 数学 1 0 下学期 期末,4,1
高 一 数学集合,1,1
高 一 物理 1 2 3 4 5 章综合测试卷,3,1
高 一 物理10月份月考常州,5,1
高 一 物理常州??考^_^,1,1
高 一 英语1 0 上学期 月考试卷,1,1
高 一 英语1 0 上学期 期末试卷,5,1
高 一 预习,1,1
高 一上,5,1
高 一上学期 人教版 必修一,7,1
高 一物理期末下,26,1
高 一物理期末下南通,8,1
高 一物理期末测试卷 下学期,4,1
高 三 0 2024 2025 高三 3数学月试题,3,1
高 三 数学,2,1
高 三 数学 01月 一模高考数学卷,4,1
高 三 英语 1 0 月 大联考试卷 2026,9,1
高 二 0 026 高二上学期 数学10月考,4,1
高 二 0 026 高二上学期 数学空间向量,7,1
高 二 0 2024 2025 026 高二上学期期中 化学,7,1
高 二 0 2024 2025 026 高二上学期期中 生物,9,1
高 二 0 2024 2025 026 高二下 学期 期末,2,1
高 二 0 2024 2025 026 高二下 学期 期末试题数学，仅含数列，导数，和选修三,1,1
高 二 0 2024 2025 026 高二下学期期中 数学,4,1
高 二 2025 2026 高二下学期期末 数学,1,1
高 二 下 2025 2026年期末卷数学,1,1
高 二 下 2025 2026年期末卷数学浙江镇海中学,16,1
高 二 物理202 5 2026年期未试题,1,1
高 二 襄阳2025 026 高二下学期期末 数学,11,1
高 二数学,16,1
高 二物理,1,1
高 考 2022高考真题全国甲卷,1,1
高 考 2023高考真题,4,1
高 考 2025高考,1,1
高 考 2025高考真题全国二卷地理,1,1
高 考 2025高考真题四数学,1,1
高 考 2026哈尔滨,1,1
高 考 2026高考,1,1
高 考 2026高考生物真题,1,1
高 考 2026高考生物真题黑龙江,5,1
高 考 2026高考真题.,1,1
高 考 2026高考真题全国一卷历史,1,1
高 考 2026高考真题全国一卷数学,3,1
高 考 2026高考真题全国一卷英语,5,1
高 考 2026高考真题历史,1,1
高 考 2026高考真题山东,7,1
高 考 2026高考真题物理,1,1
高 考 2026高考真题物理江苏卷,1,1
高 考 2026高考真题黑吉辽内,1,1
高 考 2026高考真题黑龙江,1,1
高 考 历史2026高考全国1卷真题,1,1
高 考 政治2026高考全国1卷真题,1,1
高 考 数学2025高考真题,2,1
高 考 数学真题1卷 2020至2025全国,3,1
高 考 生物2026高考全国1卷真题,1,1
高 考 英语2026高考全国1卷,1,1
高 考 英语2026高考全国2卷,3,1
高 考2026新高考卷,2,1
高 考2026新高考卷英语,1,1
高 考数学2026新高考卷1卷,1,1
高 考数学试卷20 2 6 年全国一卷真题,1,1
高 考湖南 2026高考真题,1,1
高 考试卷2026年全国二卷真题,4,1
高-,1,1
高-历史期末,1,1
高1上学期铁-,1,1
高1铁一卷,1,1
高1阅读练习,5,1
高1阅读练习语文,1,1
高2022级高二下泸州市期末统考卷,8,1
高2022级高二下泸州市期末统考卷听力,9,1
高2025届高一下学月考试化学试卷,66,1
高2026届南开,10,1
高2026届学业质量调研抽测,1,1
高2027级9月1日四川省统考文科考试范围,3,1
高2027重庆一中英语高一上期末,1,1
高2上,1,1
高2上第一月考,3,1
高2政治合格考四川,16,1
高2数学广安期末考,13,1
高2物理合格考,4,1
高2物理合格考四川,17,1
高2物理广安期末考,6,1
高3一诊语文试题,15,1
高一  10 月考,30,1
高一  分班考,2,1
高一 上 1 期末广东中山,1,1
高一 上 期末模拟,9,1
高一 上学期期中测试卷,12,1
高一 下地理期末测试,8,1
高一 下学期 昆明 化学,1,1
高一 下学期 昆明 英语,1,1
高一 下学期数学期末测试卷,11,1
高一 下学期期末测试卷,1,1
高一 下数学期末测试卷,10,1
高一 下物理期末测试卷,2,1
高一 下英语语法填空 100篇练习26年补弱,4,1
高一 分班考 数学,1,1
高一 地理 1 必修1 2知识点汇总,4,1
高一 地理 教科书,2,1
高一 完形填空2026专项练习,26,1
高一 开学考,1,1
高一 数学下学期期末测试卷,1,1
高一 数学下学期期末测试卷基础,2,1
高一 暑假,1,1
高一 月考,20,1
高一 期末 数学,5,1
高一 期末数学 试卷 下学期,1,1
高一 期末数学 试卷 安徽,2,1
高一 期末物理 上学期试卷 安徽,11,1
高一 期末物理 试卷 安徽,2,1
高一 期末物理试卷 下学期,4,1
高一 生物期末测试卷,5,1
高一 生物期末测试卷必修一必修二,5,1
高一 生物黑龙江,2,1
高一 英语七选五2025专项练习20篇,1,1
高一 英语听力100篇专项训练带音频,2,1
高一 英语海南中学,18,1
高一 英语阅读理解2026专项练习,5,1
高一 语文,7,1
高一 语法填空 100篇练习26年,5,1
高一 语法填空 100篇练习26年外研版,2,1
高一10月月考,3,1
高一10月第一次月考,4,1
高一10月第一次月考数学,3,1
高一10月第一次月考物理,6,1
高一10月考,3,1
高一19班期末化学试卷景德镇,5,1
高一9月月考,1,1
高一welcome unit,10,1
高一z20物理,5,1
高一一遍过,3,1
高一三明期末英语,2,1
高一三角函数,5,1
高一三角函数专项练习,1,1
高一三角函数专项练习沈阳,2,1
高一三角函数单元卷,4,1
高一三角函数单元卷人教版,1,1
高一三角函数基础题,19,1
高一上9月,10,1
高一上9月月考,1,1
高一上9月月考辽宁东北育才,1,1
高一上9月月考辽宁八十三,1,1
高一上9月月考辽宁八十三中,1,1
高一上9月月考辽宁化学,1,1
高一上9月月考辽宁英语,1,1
高一上一次月考,2,1
高一上不等式单元检测,5,1
高一上入学考化学,7,1
高一上入学考化学化学,4,1
高一上入学考化学安徽,2,1
高一上册位移计算,3,1
高一上册入学分班考试卷,1,1
高一上册历史第一课,2,1
高一上册必修一历史考点知识清单,1,1
高一上册数学书,2,1
高一上册数学书，复印,1,1
高一上册数学卷子,1,1
高一上册数学期末试卷,5,1
高一上册数学第一次月考,20,1
高一上册数学讲义,3,1
高一上册数学讲义一元二次函数、方程与不等式人教版,4,1
高一上册数学讲义一元二次函数人教版,9,1
高一上册数学讲义不等式人教版,2,1
高一上册数学讲义人教版,5,1
高一上册数学讲义指数函数人教版,3,1
高一上册数学讲义集合人教版,3,1
高一上册数学讲义集合题型,2,1
高一上册数学讲义题型,7,1
高一上册月考,6,1
高一上册期中山东,25,1
高一上册期末,18,1
高一上册期末政治,2,1
高一上册期末数学江西,4,1
高一上册物理 第1单元卷,1,1
高一上册物理人民教育出版社。 第1单元卷,1,1
高一上册物理人民教育出版社第1单元卷,2,1
高一上册物理运动学滑板问题,2,1
高一上册生物必背,4,1
高一上册生物成才之路,1,1
高一上册第1次月考,1,1
高一上册第1次月考外国语郑州,23,1
高一上册第一次月考,25,1
高一上册英语书,1,1
高一上册贵阳,3,1
高一上函数大题专练,2,1
高一上化学必修1第2章单元卷,7,1
高一上化学期中期末,6,1
高一上化学期中考试,5,1
高一上化学第3章铁金属材料第1节,8,1
高一上北师大英语月考,1,1
高一上半学期月考卷邢台,1,1
高一上半期英语,1,1
高一上周考,2,1
高一上奇偶,1,1
高一上奇偶性,1,1
高一上学期9月,1,1
高一上学期临沂市金太阳联考物理,12,1
高一上学期五校联考10月,11,1
高一上学期交大附中开学考化学卷,1,1
高一上学期分班考试,7,1
高一上学期化学,3,1
高一上学期化学天津试卷期中,5,1
高一上学期化州市第一中学,9,1
高一上学期开学考分班考试,7,1
高一上学期开学考试,3,1
高一上学期必背古诗,1,1
高一上学期政治期末考试题,1,1
高一上学期数学,7,1
高一上学期数学人教A版,1,1
高一上学期数学人教A版本,1,1
高一上学期数学入学考试,1,1
高一上学期数学函数周期性,1,1
高一上学期数学函数周期性拔高练,2,1
高一上学期数学周练,8,1
高一上学期数学基本不等式专练,1,1
高一上学期数学基本不等式专练人教a版,6,1
高一上学期月考/单元测试题,10,1
高一上学期月考数学试卷,8,1
高一上学期月考生物试卷,5,1
高一上学期期中学情检测英语试题,21,1
高一上学期期中数学卷合肥市,18,1
高一上学期期中物理,4,1
高一上学期期中考试数学试卷,2,1
高一上学期期中试卷北师大版,12,1
高一上学期期末化学,1,1
高一上学期期末化学山东,1,1
高一上学期期末复习真题精选 常考140题28类题型专练,2,1
高一上学期期末数学,2,1
高一上学期期末数学德州,2,1
高一上学期期末物理,8,1
高一上学期期末考试,2,1
高一上学期物理,1,1
高一上学期物理受力分析难题,4,1
高一上学期物理天津试卷期中,1,1
高一上学期物理山东省,2,1
高一上学期物理必修一课件,2,1
高一上学期物理月考,9,1
高一上学期物理期中考试试卷,3,1
高一上学期物理期末专项复习,10,1
高一上学期物理期末复习,2,1
高一上学期物理期末试卷,7,1
高一上学期物理枣庄八中,1,1
高一上学期物理第一次月考,6,1
高一上学期生物,5,1
高一上学期第一次十月份化学考试,2,1
高一上学期第一次月考,3,1
高一上学期第一次月考化学,4,1
高一上学期第一次月考安徽省合肥市肥东县,1,1
高一上学期第一次月考数学,1,1
高一上学期第一次月考数学卷合肥市,19,1
高一上学期第一次考试化学辽宁,4,1
高一上学期第一次考试十月份化学辽宁,3,1
高一上学期考试十月份化学辽宁,2,1
高一上学期英语考试,1,1
高一上学期英语译林版英语阅读,4,1
高一上学期英语试卷,1,1
高一上学期英语试卷广东省,4,1
高一上学期英语试卷广东省虎山中学,2,1
高一上学期语文试题人教版，广东,1,1
高一上学期集合,4,1
高一上学期集合河南,4,1
高一上宁德市期末考物理,3,1
高一上安徽化学期末考试卷,1,1
高一上开学考,10,1
高一上开学考化学,9,1
高一上开学考试卷,5,1
高一上政治,4,1
高一上数学,17,1
高一上数学专题,1,1
高一上数学专题培优讲义,3,1
高一上数学例题,1,1
高一上数学对数函数,7,1
高一上数学抽象函数,7,1
高一上数学教材例题,3,1
高一上数学月考锦州中学,9,1
高一上数学期中模拟一,5,1
高一上数学期中模拟一洛阳,7,1
高一上数学期末试卷,7,1
高一上数学竞赛,1,1
高一上数学第2章测试卷,1,1
高一上数学第2章测试卷苏教版,8,1
高一上数学第一章,2,1
高一上数学计算题专业,3,1
高一上数学试卷期中,4,1
高一上数学试卷第一章,4,1
高一上月考卷,4,1
高一上月考数学10,3,1
高一上月考物理,3,1
高一上月考黑龙江哈尔滨工大附中,1,1
高一上期中数学山东,3,1
高一上期中模拟一,1,1
高一上期中考试数学洛阳,1,1
高一上期中考试黑龙江哈尔滨,1,1
高一上期中考试黑龙江哈尔滨工大附中,1,1
高一上期单元卷,1,1
高一上期末数学考试,8,1
高一上期末测试卷,26,1
高一上期末物理必修一期末广附,2,1
高一上期末考试物理徐州市,4,1
高一上期末试卷,1,1
高一上杨浦月考,1,1
高一上杨浦月考英语,1,1
高一上物理必修一讲义人教版匀变速直线运动的研究,4,1
高一上物理必修一讲义人教版实验,2,1
高一上物理必修一讲义人教版运动的描述，匀变速直线运动的研究,5,1
高一上物理期中考试,7,1
高一上物理期末,1,1
高一上物理期末试卷,55,1
高一上物理第一章,2,1
高一上生物期末辽宁,7,1
高一上生物第一次月考,4,1
高一上生物第一次月考大连24中,5,1
高一上第一单元数学测试卷,1,1
高一上第一次月考生物,2,1
高一上第二次月考卷数学,4,1
高一上英语,1,1
高一上英语德州期中,2,1
高一上英语所有单词,4,1
高一上英语期中,1,1
高一上英语期末,1,1
高一上英语考试第一单元,4,1
高一上计算题,3,1
高一上语文作文,2,1
高一上语文开学,3,1
高一上质点练习题,3,1
高一上邢台月考卷,4,1
高一上邢台第一次月考卷,2,1
高一下,1,1
高一下 期末艺文,2,1
高一下册化学期末考试试卷,4,1
高一下册必修二地理,1,1
高一下册必修二地理知识点,9,1
高一下册数学期末考试试卷,2,1
高一下册期末化学,5,1
高一下册期末政治,16,1
高一下册期末政治必修一到必修三,4,1
高一下册期末数学江西,5,1
高一下册武冈市联考,14,1
高一下册英语期末考试试卷,4,1
高一下册茂名数学试卷,4,1
高一下册语文期末考试试卷,2,1
高一下化学期末考试试卷南通,5,1
高一下化学期末考试试卷无锡,2,1
高一下化学阶段,6,1
高一下南京市物理4月考,1,1
高一下南京市物理四校联考,1,1
高一下历史,3,1
高一下合肥期末英语卷,1,1
高一下外研版英语作文,5,1
高一下学期,1,1
高一下学期临沂市生物期末,5,1
高一下学期化学,4,1
高一下学期化学试卷扬州市期末考试,33,1
高一下学期厦门生物卷,3,1
高一下学期厦门生物卷，期末,1,1
高一下学期地理期末,3,1
高一下学期大连期末,4,1
高一下学期必修二生物试题,3,1
高一下学期必修二生物试题福建,20,1
高一下学期数学,1,1
高一下学期数学期末,12,1
高一下学期数学立体几何基础题,9,1
高一下学期数学试卷扬州市期末考试,1,1
高一下学期数学选填压轴专练,4,1
高一下学期期中,1,1
高一下学期期中历史南开区,10,1
高一下学期期末化学,3,1
高一下学期期末化学四川内江检测卷,1,1
高一下学期期末化学辽宁,10,1
高一下学期期末化学青岛,4,1
高一下学期期末数学,19,1
高一下学期期末数学德州,1,1
高一下学期期末数学试卷简单,1,1
高一下学期期末物理卷子,5,1
高一下学期期末物理试卷,1,1
高一下学期期末生物卷子,6,1
高一下学期期末生物四川内江检测卷,2,1
高一下学期期末考,4,1
高一下学期期末考卷,6,1
高一下学期期末考英语,8,1
高一下学期期末考试。,7,1
高一下学期期末考试卷,2,1
高一下学期期末考试卷物理,12,1
高一下学期期末考试物理试卷,1,1
高一下学期期末考试生物试卷,17,1
高一下学期期末考试黑龙江省,5,1
高一下学期期末重庆八中,2,1
高一下学期期末长郡中学,4,1
高一下学期期末长郡中学物理,1,1
高一下学期桐城中学,6,1
高一下学期物理月考试卷,1,1
高一下学期物理期末临沂市,5,1
高一下学期物理试卷扬州市期末考试,10,1
高一下学期生物,1,1
高一下学期立体几何基础题,1,1
高一下学期英语期末试卷含听力,15,1
高一下学期阶段检测,1,1
高一下开学考数学,13,1
高一下政治期末重庆,1,1
高一下数学,5,1
高一下数学几何,3,1
高一下数学截面专题训练,4,1
高一下数学期末卷,3,1
高一下数学期末深圳,3,1
高一下数学题纲,1,1
高一下暑假分层作业生物,3,1
高一下期中山东烟台,1,1
高一下期中山东烟台语文,1,1
高一下期化学期末考试卷,3,1
高一下期未卷物理,1,1
高一下期末 数学试卷,2,1
高一下期末化学试卷,2,1
高一下期末化学试卷江苏,7,1
高一下期末协作校,13,1
高一下期末卷,1,1
高一下期末卷数学,7,1
高一下期末吉林省,4,1
高一下期末名校联考,1,1
高一下期末大连15中,1,1
高一下期末数学试卷江苏,18,1
高一下期末数学辽宁,10,1
高一下期末物理试卷江苏,12,1
高一下期末物理试题,12,1
高一下期末物理辽宁,23,1
高一下期末物理黑龙江,4,1
高一下期末生物丰台,3,1
高一下期末生物试卷江苏,6,1
高一下期末考试卷,1,1
高一下期末考试数学南通,17,1
高一下期末考试数学盐城,6,1
高一下期末考试数学苏州,3,1
高一下期末考试物理,9,1
高一下期末考试物理海安,13,1
高一下期末英语,1,1
高一下期末语文试题,7,1
高一下期末重庆数学,3,1
高一下期末龙东十一校联盟数学试卷,1,1
高一下期物理期末考试卷,39,1
高一下河北省邯郸一中张家口一中联考,1,1
高一下泰安,1,1
高一下淄博一中,1,1
高一下物数学期末卷,2,1
高一下物理,1,1
高一下物理期末,8,1
高一下物理期末北京通州2026,1,1
高一下物理第一次月考测试卷,7,1
高一下生物期末北京通州2026,1,1
高一下生物期末卷南通 无锡,3,1
高一下生物第一章测试卷,1,1
高一下生物第一章测试卷人教版,1,1
高一下立体几何压轴大题,2,1
高一下绍兴统考,1,1
高一下英语期末北京通州2026,1,1
高一下英语期末试卷北京,1,1
高一下英语期末试卷北京二中,1,1
高一下语文学易金卷,10,1
高一下语文期末北京通州2025,3,1
高一下语文期末试卷,7,1
高一下贵州贵阳物理期末考,4,1
高一下贵州贵阳语文期末考,1,1
高一下邢台,7,1
高一下邢台一中,3,1
高一下邢台一中数学,1,1
高一下邢台一中试题2026,3,1
高一不等式人教,1,1
高一不等式拔高题,2,1
高一不等式最值,8,1
高一不等式练习计算,2,1
高一专项十,2,1
高一专项训练，数学,3,1
高一交大附中开学考化学卷,1,1
高一人教A预习课数学集合1.3,3,1
高一人教B版数学必修二,2,1
高一人教B版第一章到第四章试卷,1,1
高一人教版物理第一单元试卷,5,1
高一人教版资料,3,1
高一人教版资料上,2,1
高一人教重力与弹力,7,1
高一会考生物,2,1
高一佛山期末考试2025-2026,3,1
高一信息技术,4,1
高一假期学习,3,1
高一元素周期表,5,1
高一入学,11,1
高一入学分班卷天津,6,1
高一入学分班卷深圳,14,1
高一入学分班卷深圳实验,1,1
高一入学分班卷深圳实验数学,1,1
高一入学分班卷深圳数学,3,1
高一入学分班考 湖南怀化,2,1
高一入学分班考试,5,1
高一入学分班考试雅礼,1,1
高一入学测数学,4,1
高一入学测试,1,1
高一入学测试四川眉山洪雅县中学,3,1
高一入学考,1,1
高一入学考一中,18,1
高一入学考试,2,1
高一入学考试 分班考试,10,1
高一入学考试卷,1,1
高一全国单元练习专题,1,1
高一公式,1,1
高一其中函数压轴专练,2,1
高一几何大题,11,1
高一函数 抽象函数专题,13,1
高一函数 零点压轴,2,1
高一函数 零点压轴问题,5,1
高一函数专项训练,2,1
高一函数单元检测卷,6,1
高一函数奇偶性,2,1
高一分段函数应用专题,1,1
高一分班,2,1
高一分班 东阳中学,1,1
高一分班卷,1,1
高一分班月考,36,1
高一分班测试卷,8,1
高一分班考 湖南怀化,1,1
高一分班考161,2,1
高一分班考安徽,5,1
高一分班考数学,5,1
高一分班考浙江校实中学,1,1
高一分班考语文,6,1
高一初高衔接数学,3,1
高一化学 必修一 1必背知识点清单总结人教版,1,1
高一化学 必修一 第三章 铁 金属材料 章末测试,1,1
高一化学(一),2,1
高一化学1.3,1,1
高一化学1.3.1氧化还原反应的概念和规律,1,1
高一化学1.3.1氧化还原反应的概念和规律课后习题,1,1
高一化学1.3课后习题,1,1
高一化学NA基础选择题,2,1
高一化学上册第一次月考,1,1
高一化学上学期第一次月考,1,1
高一化学下学期期末,7,1
高一化学化学工艺流程,4,1
高一化学哈尔滨,1,1
高一化学哈尔滨哈三中,1,1
高一化学工艺流程题,1,1
高一化学年度过关检测,6,1
高一化学必修一期末卷,4,1
高一化学必修一知,3,1
高一化学必修一知识点,2,1
高一化学必修一第4单元,1,1
高一化学必修一第4单元人教版,4,1
高一化学必修一第4单元人教版单元综合测试,3,1
高一化学必修一苏教版,6,1
高一化学必修一鲁科版,1,1
高一化学提升卷,3,1
高一化学方程式,1,1
高一化学方程式 2025必背方程式默写,8,1
高一化学月考上学期10月常州,6,1
高一化学月考上学期10月常州奔武高,1,1
高一化学有机,4,1
高一化学期中考试,10,1
高一化学期末考,4,1
高一化学期末考试试卷南通,3,1
高一化学氧化还原反应配平,3,1
高一化学江苏,1,1
高一化学湖南,3,1
高一化学物质的量,1,1
高一化学物质的量练习,1,1
高一化学知识点,1,1
高一化学知识点填空,7,1
高一化学离子反应,1,1
高一化学离子反应练习题,1,1
高一化学竞赛考试原卷,3,1
高一化学第一章,14,1
高一化学自学讲义,7,1
高一化学自学讲义人教版,3,1
高一化学计算,8,1
高一化学鲁科版必修二第一章试卷,2,1
高一升高二,1,1
高一升高二 2026年暑假综合检测卷,1,1
高一升高二衔接,6,1
高一升高二预习资料,5,1
高一单词,1,1
高一单词默写表,2,1
高一卷,1,1
高一历史上册思维导图,7,1
高一历史济北,3,1
高一历史第15课,1,1
高一历史第一单元,4,1
高一历史纲要第一单元,2,1
高一县中联盟,7,1
高一县中联盟六月份,1,1
高一友好联合体,1,1
高一古诗词必背清单,6,1
高一古诗词背诵,2,1
高一句子翻译练习,2,1
高一句子英语翻译练习英译汉,1,1
高一合格性考试 历史广东,1,1
高一因式分解,2,1
高一因式分解包含立方公式,1,1
高一因式分解练习题,2,1
高一地理,2,1
高一地理单元自测卷湘教版2019必修二,2,1
高一地理必修一,3,1
高一地理必修一广西,1,1
高一地理必修一广西桂林,1,1
高一地理必修二,2,1
高一地理期末试题xys,4,1
高一地理选修一,2,1
高一基本不等式,7,1
高一基本函数,2,1
高一复习,5,1
高一复习讲义,37,1
高一复习资料,3,1
高一复旦期末数学,1,1
高一外研版英语UNIT1,5,1
高一外研版英语默写,1,1
高一外研英语,3,1
高一天一,2,1
高一天利38套第一章综合检测卷培优B卷,5,1
高一好题汇编化学,4,1
高一好题汇编化学必修二,2,1
高一完形填空,1,1
高一完形填空 100篇练习26年外研版,5,1
高一年级下学期期末学业质量检测,4,1
高一年级普通高中学科素养水平监测政治,1,1
高一年级普通高中学科素养水平监测数学,1,1
高一年级普通高中学科素养水平监测生物,1,1
高一年级英语学科题库,1,1
高一开学分班考试,12,1
高一开学分班考雅礼,3,1
高一开学测,4,1
高一开期末卷2026,1,1
高一开门考试卷,4,1
高一徐州9月月考,7,1
高一徐州一中月考数学试卷,15,1
"高一必修一,必修二基础专项卷",3,1
高一必修一下册语文电子课本,2,1
高一必修一人教版政治知识点,2,1
高一必修一全章生物知识清单,1,1
高一必修一化学复习课,1,1
高一必修一化学钠,2,1
高一必修一地理水循环习题,10,1
高一必修一政治,1,1
高一必修一数学人教a版第二章测试卷,11,1
高一必修一数学前三章,17,1
高一必修一数学北师版期中,1,1
高一必修一数学湘教版第六章统计学初步卷子电子版,1,1
高一必修一步步高物理,5,1
高一必修一物理人教版第四章的专项训练加知识点总结题型梳,3,1
高一必修一物理人教版第四章的运动和力的关系专项训练加知识点总结题型梳,2,1
高一必修一物理学考10月份常州,9,1
高一必修一物理教材帮人教版,1,1
高一必修一物理第一章专项训练,2,1
高一必修一物理第二章检测卷基础,2,1
高一必修一物理第二章检测卷基础人教版,1,1
高一必修一物理第二章检测卷基础版,1,1
高一必修一物理第二章检测卷基础版 人教版,1,1
高一必修一物理试题人教版,1,1
高一必修一物理试题人教版 广东,10,1
高一必修一物理试题人教版，广东,4,1
高一必修一生物知识清单,2,1
高一必修一第3单元单词训练根据汉语写英语,13,1
高一必修一第一章,2,1
高一必修一英语北师大版,4,1
高一必修一英语外研版，朗读音频,1,1
高一必修一英语阅读,2,1
高一必修一语文,4,1
高一必修一语文书,1,1
高一必修一语文试题人教版，广东,1,1
高一必修二数学,12,1
高一必修二物理期末考试,3,1
高一必修二生物期末试卷,1,1
高一必修二生物每一章思维导图,10,1
高一必修二生物第一章综合试卷,1,1
高一必刷题,1,1
高一必背文言词汇,2,1
高一快乐假期讲练测,1,1
高一快乐假期讲练测地理,1,1
高一指对同构,3,1
高一推论的应用物理,1,1
高一摩擦受力分综合练习,4,1
高一政治,1,1
高一政治必修一,6,1
高一政治必修一第一课,3,1
高一政治期末,1,1
高一政治期末重庆,1,1
高一教材电子版,5,1
高一数学 月考,8,1
高一数学 集合与常用逻辑用语、不等式综合测试卷（人教A版必修第一册）,6,1
高一数学..,1,1
高一数学ppt,1,1
高一数学上,6,1
高一数学上册第三单元测试卷,3,1
高一数学上学期,19,1
高一数学上期中,11,1
高一数学上期中山东实验,1,1
高一数学上期中山东实验中学,8,1
高一数学上期中联盟山东,12,1
高一数学上期单元卷,5,1
高一数学上真题,3,1
高一数学下学期单元,1,1
高一数学下学期单元测试,4,1
高一数学下学期单元测试 广州,5,1
高一数学下学期期末,3,1
高一数学下学期期末真题重组卷广东专用测试范围人教a版必修第二,3,1
高一数学下学期湘教版必修二,5,1
高一数学下第七章,15,1
高一数学下第七章基础测试卷,13,1
高一数学下第七章测试卷,21,1
高一数学下第六章,1,1
高一数学不等式拔高题,3,1
高一数学不等式练习题,1,1
高一数学九江市2025-2026学年度下学期期末考试,3,1
高一数学云南,1,1
高一数学人教B版必修第一册 期末综合检测卷,1,1
高一数学人教B版第一章到第四章试卷,10,1
高一数学作业..,1,1
高一数学八大定理,5,1
高一数学八大定理的应用,1,1
高一数学函数专题,2,1
高一数学函数培优提升,1,1
高一数学函数概念知识点,4,1
高一数学北师大版第一单元试卷,4,1
高一数学卷子,2,1
高一数学各知识点测试,1,1
高一数学周练试卷,5,1
高一数学基本不等式17种题型,17,1
高一数学基础知识选择题自测,12,1
高一数学基础题,3,1
高一数学对勾函数讲解,5,1
高一数学对数,1,1
高一数学尖子生,5,1
高一数学开学考,4,1
高一数学必修一,1,1
高一数学必修一压轴题,9,1
高一数学必修一复习,1,1
高一数学必修一复习简单逻辑,4,1
高一数学必修一复习简单逻辑（思维图形式）,4,1
高一数学必修一数学重构,1,1
高一数学必修一第一次月考,8,1
高一数学必修一集合,3,1
高一数学拔高,2,1
高一数学教材,3,1
高一数学暑假作业,8,1
高一数学暑假作业综合,1,1
高一数学暑假作业综合海南,4,1
高一数学最值,2,1
高一数学最值不等式,6,1
高一数学月考,4,1
高一数学月考上学期10月常州,8,1
高一数学期中禹城市,4,1
高一数学期初试卷,1,1
高一数学期末 试卷 下学期,5,1
高一数学期末卷子,3,1
高一数学期末潮实,4,1
高一数学期末考试试卷,5,1
高一数学真题,1,1
高一数学知识点总结,4,1
高一数学立体几何大题,3,1
高一数学立体几何证明题,5,1
高一数学竞赛,1,1
高一数学竞赛题,1,1
高一数学第一学期期末卷,1,1
高一数学第一次周考,1,1
高一数学第一次月考,5,1
高一数学第一章检测卷,7,1
高一数学第一章测试卷,1,1
高一数学第三单元,1,1
高一数学第三章,1,1
高一数学第二章,1,1
高一数学第二章检测,2,1
高一数学线面定理的应用,3,1
高一数学苏教版不等式,2,1
高一数学苏教版不等式练习,4,1
高一数学解三角形专项训练,9,1
高一数学计算题专练,8,1
高一数学试卷,2,1
高一数学试卷七中林荫,2,1
高一数学试卷期中,1,1
高一数学课本,5,1
高一数学课本人教版电子版,6,1
高一数学资料,3,1
高一数学集合与常用逻辑用语,4,1
高一数学集合专题练习,2,1
高一数学集合加基本不等式试卷,1,1
高一数学集合单元测试卷,2,1
高一数学集合试卷,3,1
高一数学，期末考试,3,1
高一整学期物理复习资料,6,1
高一新海高级中学月考数学,2,1
高一新生入学监测考试,1,1
高一新生数学考试集合加基本不等式,4,1
高一暑假作业,7,1
高一暑假作业总和,2,1
高一暑假语文作业,1,1
高一月考9月,8,1
高一月考化学,5,1
高一月考地理,3,1
高一月考英语,4,1
高一月考试卷,2,1
高一月考试卷长郡,3,1
高一月考试卷长郡化学,1,1
高一月考试卷长郡数学,3,1
高一期中卷,9,1
高一期中数学,1,1
高一期中测试卷。,1,1
高一期中测试卷北仑中学。,2,1
高一期中测试卷柴桥中学。,3,1
高一期中测试卷柴桥中学。金兰,4,1
高一期中物理,2,1
高一期中考试卷长郡化学,2,1
高一期中考试数学安康市联考,3,1
高一期中考试物理安康市联考,2,1
高一期初试卷,1,1
高一期未化学卷,7,1
高一期未生物卷,6,1
高一期末 广东省,2,1
高一期末下学期数学,12,1
高一期末五校联考试卷,4,1
高一期末卷泰安,4,1
高一期末数学卷,1,1
高一期末数学卷子,4,1
高一期末数学卷纸F卷,1,1
高一期末数学辽宁五省,3,1
高一期末物理山西,3,1
高一期末考试,2,1
高一期末考试历史,7,1
高一期末考试物理,1,1
高一期末英语孝感,4,1
高一期末试卷,1,1
高一期末试卷广东,4,1
高一期末试卷济宁,3,1
高一期末语文,2,1
高一期末郫都区英语,2,1
高一期末金州高中,1,1
高一期末，广东省,4,1
高一杭州,5,1
高一氧化还原反应,1,1
高一氧化还原反应专题,4,1
高一求最值问题,4,1
高一泰安二中月考,1,1
高一泸州期末物理,2,1
高一泸州期末英语音频,1,1
高一济宁化学期末,6,1
高一浙江期末诸暨,2,1
高一淄博十一中数学第一次月考,4,1
高一淮安数学,1,1
高一湖北,6,1
高一湖北武汉化学第一次月考,1,1
高一湖北物理,4,1
高一湖北石首化学第一次月考,1,1
高一漳州期末考试答案化学,1,1
高一漳州期末考试答案物理,2,1
高一物上学期理期中考试,1,1
高一物理 V t图像练习题简单,2,1
高一物理5（3）练习,1,1
高一物理vt图像,4,1
高一物理x-t图像,2,1
高一物理xtvt图像专项练习,7,1
高一物理上学期必修一习题,3,1
高一物理专题复习,3,1
高一物理人教版必修二第五章试卷,4,1
高一物理公式汇总,7,1
高一物理力,11,1
高一物理力学试卷,1,1
高一物理匀变速直线运动第一单元测试卷,3,1
高一物理十一章第三节读数练习,1,1
高一物理受力分析例题,2,1
高一物理图像题,4,1
高一物理圆周运动,5,1
高一物理张家口桥西区,1,1
高一物理张家口桥西区期中试卷,17,1
高一物理必修一期末卷纸.育才.,2,1
高一物理必修一每日一练,3,1
高一物理必修一第一二单元测试题,1,1
高一物理必修一第一册第二章,2,1
高一物理必修一第一单元长春,4,1
高一物理必修一第一章长郡,6,1
高一物理必修一第三章,15,1
高一物理必修一第三章试卷,2,1
高一物理必修一第二章,2,1
高一物理必修二复习卷子,13,1
高一物理教案,1,1
高一物理月考卷基础,1,1
高一物理期末卷江苏省,1,1
高一物理期末试卷,1,1
高一物理期末试卷南通 无锡,3,1
高一物理机车启动,3,1
高一物理牛二,1,1
高一物理牛顿第二定律,2,1
高一物理牛顿第二定律大题专题,1,1
高一物理独立作业,4,1
高一物理竞赛,2,1
高一物理第4章,4,1
高一物理第一单元,6,1
高一物理第一单元测试卷,4,1
高一物理第一学期，第1单元,3,1
高一物理第一次月考,4,1
高一物理第九章,6,1
高一物理第四章,8,1
高一物理简单受力分析,2,1
高一物理自学,1,1
高一物理试卷,10,1
高一物理高效培优,3,1
高一物理，适合做的高考题,3,1
高一物质的量,1,1
高一物质转化,4,1
高一生升高二试卷,1,1
高一生升高二，数学试卷,4,1
高一生物 必修一1第一单元测试,5,1
高一生物上学期月考,1,1
高一生物上学期期中考试,2,1
高一生物上学期第一次月考,2,1
高一生物合格性考试,1,1
高一生物学业水平测试,11,1
高一生物必修一课本,4,1
高一生物必修二第一章练习,5,1
高一生物暑假作业,13,1
高一生物期末卷江苏省,1,1
高一生物期末考试,12,1
高一生物知识点,1,1
高一生物知识点汇总贵州遵义,1,1
高一生物知识点贵州遵义,3,1
高一生物贵州遵义,1,1
高一知识点总结,4,1
高一科创班考试卷,3,1
高一立体几何公式,4,1
高一立体几何大题,5,1
高一竞赛班暑假,3,1
高一竞赛题,7,1
高一第1单元,1,1
高一第1课时课时卷,8,1
高一第一二单元,1,1
高一第一单元,4,1
高一第一单元测试,13,1
高一第一学期数学,1,1
高一第一学期数学试卷,12,1
高一第一学期第一次月考卷陕西西安,18,1
高一第一次月考化学,1,1
高一第一次月考物理,4,1
高一第一章物理,1,1
高一第一章物理上册必修一,1,1
高一第三单元测试卷,4,1
高一第二学期期末物理试卷,3,1
高一第二学期期末物理试卷天河区,1,1
高一第二学期烟台,7,1
高一第二章人,8,1
高一简单受力分析,1,1
高一级暑假作业生物学,4,1
高一级暑假作业生物学试题,24,1
高一级第一学期十月校际联考,1,1
高一级第一学期十月校际联考英语试卷,1,1
高一聊城化学期末,4,1
高一联考,2,1
高一联考物理,1,1
高一英语Unit1外研,1,1
高一英语一单元单词,3,1
高一英语上册短语和重点语句,3,1
高一英语上外研,1,1
高一英语上外研社,1,1
高一英语上海,1,1
高一英语书,3,1
高一英语人教版必修一单词词性转换,10,1
高一英语作文,1,1
高一英语作文模版,6,1
高一英语入学考试安徽,8,1
高一英语单元速记巧练,5,1
高一英语单词必修一人教版视频,1,1
高一英语单词表 译林,1,1
高一英语单词词汇,3,1
高一英语单词词汇表,1,1
高一英语单选专题,3,1
高一英语名词从句,1,1
高一英语听力,5,1
高一英语听力2025年,14,1
高一英语听力模拟试题,1,1
高一英语听力模拟试题第一节5题+第二节15题,5,1
高一英语周报,4,1
高一英语外研,1,1
高一英语外研Unit1,1,1
高一英语定语从句,4,1
高一英语必修一,1,1
高一英语必修一Unit 1 A New Start单元测试（天津专用）,3,1
高一英语必修一a篇训练,1,1
高一英语必修一a篇训练人教版,1,1
高一英语必修一北师大版听力,4,1
高一英语必修一单词词性转换,1,1
高一英语必修一单词转换,1,1
高一英语必修一课本,1,1
高一英语必修一阅读理解,11,1
高一英语月考,8,1
高一英语期末考试,5,1
高一英语期末试卷,7,1
高一英语石家庄市2023-2024学年度第二学期期教学质量检测,3,1
高一英语第1次月考,7,1
高一英语考试,3,1
高一英语考试。不含听力,6,1
高一英语考试不含听力,1,1
高一英语考试不含听力浙江杭州,2,1
高一英语考试不含听力浙江镇海中学,2,1
高一英语考试第一单元,1,1
高一英语自学讲义人教版,7,1
高一英语词汇背诵默写,1,1
高一英语词汇背诵默写汇总,1,1
高一英语译林版,1,1
高一英语译林版英语阅读,1,1
高一英语语法专项,6,1
高一英语语法单选专项训练,6,1
高一英语语法单项选择专项训练,6,1
高一英语课件,4,1
高一英语选择专项,1,1
高一英语阅读理解专项训练四十二篇,4,1
高一英语非谓语习题,4,1
高一英语非谓语动词,5,1
高一英语题,4,1
高一英语题暑假预习,9,1
高一菏泽化学期末,5,1
高一衔接,1,1
高一衔接2026数学,3,1
高一解三角形。,3,1
高一解三角形难题专项,3,1
高一译林版必修一,1,1
高一译林版必修一单词,3,1
高一试卷,4,1
高一语文人教版,1,1
高一语文人教版必修第一册 期末综合检测卷,2,1
高一语文作文,1,1
高一语文半期考,1,1
高一语文单元测试,8,1
高一语文带答题卡,3,1
高一语文开学,1,1
高一语文必修一思维导图,1,1
高一语文必修一试卷,4,1
高一语文必修上册理解性默写,1,1
高一语文必修下册课时练,5,1
高一语文必备60篇古诗文篇目原文及翻译,5,1
高一语文必背,2,1
高一语文必背古诗文,4,1
高一语文文言文,3,1
高一语文暑假作业,3,1
高一语文测试,4,1
高一语文病句讲义,4,1
高一语文第1次月考,9,1
高一语文第三单元测试,2,1
高一语文第三单元试卷,3,1
高一语文第二学期期末模拟卷,5,1
高一语文课本上,2,1
高一语文阅读理解训练,3,1
高一语法填空 100篇练习外研版,3,1
高一课本,2,1
高一运动学,9,1
高一连云港高级中学月考数学,1,1
高一郫都区,1,1
高一郫都区英语,3,1
高一集合,3,1
高一集合体型,2,1
高一集合体型数学,3,1
高一集合单元测试卷,3,1
高一集合同步练习,5,1
高一青岛市2024年化学合格考,5,1
高一非谓语动词不定式,1,1
高一预习化学,5,1
高一预习化学鲁科版,1,1
高一预习数学人教版,1,1
高一预习数学人教版全称量词,1,1
高一预习数学卷,2,1
高一预习物理,1,1
高一高二学期 数学,1,1
高一，南昌中学，月考，物理,2,1
高三 一模 2026,1,1
高三 一轮复习,2,1
高三 一轮复习第13讲1元二次不等式,3,1
高三 地理 1轮复习 模拟,9,1
高三 开学 摸底,8,1
高三 物理 2026 一轮,5,1
高三 福州市 第一次 质检,4,1
高三 英语辽宁,7,1
高三 语文,9,1
高三10月质量检测B卷,1,1
高三10月质量检测B卷喀什,12,1
高三10月质量检测B卷新疆,1,1
高三10月质量检测生物A,2,1
高三12月,1,1
高三12月t8联考,1,1
高三1月期末考试,2,1
高三2026年5月天一大联考数学,1,1
高三2026高考,4,1
高三2027,1,1
高三2027湖北,1,1
高三25年第二次调研,40,1
高三3月份,1,1
高三3月份生物,1,1
高三5月第二次模拟考试数学试卷,3,1
高三9月调考化学,2,1
高三O诊,5,1
高三一,2,1
高三一检物理福建,3,1
高三一模英语,8,1
高三一轮9月考,10,1
高三一轮复习40分钟周测卷,6,1
高三一轮复习函数周期,1,1
高三一轮复习历史纲要上人教版知识点总结,2,1
高三一轮复习周测卷 衡水金卷,5,1
高三一轮复习地理,13,1
高三一轮复习地理鲁教版,1,1
高三一轮复习复数,6,1
高三一轮复习平面向量,6,1
高三一轮复习数学三角,1,1
高三一轮复习数学三角函数,17,1
高三一轮复习数学向量,18,1
高三一轮复习物理运动学,8,1
高三一轮复习生物进化专题,1,1
高三一轮复习立体几何,3,1
高三一轮复习英语语法填空,2,1
高三一轮数学函数复习题,4,1
高三一轮语文,1,1
高三三角函数,2,1
高三三角函数与解三角形,12,1
高三上,1,1
高三上 开学 摸底,6,1
高三上10月月考,2,1
高三上23年东城数学期末,1,1
高三上23年朝阳数学期末,6,1
高三上9月期初数学,2,1
高三上一模福州市,2,1
高三上册第一次月考数学,3,1
高三上厦门市数学10月考科技,5,1
高三上厦门市科技中学数学10月考,1,1
高三上学期10月,4,1
高三上学期10月份考试,1,1
高三上学期10月济钢,2,1
高三上学期10月考试,14,1
高三上学期2月期末英语试卷,3,1
高三上学期9月份开学考试英语黑龙江,3,1
高三上学期undefined,2,1
高三上学期九月份开学9月考试2025,23,1
高三上学期九月份开学考试2025,8,1
高三上学期化学10月月考,9,1
高三上学期化学3月月考,1,1
高三上学期化学9月月考,1,1
高三上学期化学9月月考试,1,1
高三上学期化学开学考试,1,1
高三上学期化学第一次月考,4,1
高三上学期开学考天一2026安徽,3,1
高三上学期开学考德州,3,1
高三上学期开学考德州数学,6,1
高三上学期开学考德州英语,2,1
高三上学期开学考物理,1,1
高三上学期开学考物理安徽,1,1
高三上学期开学考试化学,2,1
高三上学期月考德州数学,6,1
高三上学期期中,1,1
高三上学期期中考试化学菏泽,8,1
高三上学期期初生物清单,1,1
高三上学期期初生物青岛,2,1
高三上学期第一次月考咸阳实验,2,1
高三上学期第一次月考四川,1,1
高三上学期第一次月考实验中学,1,1
高三上学期重庆化学开学考,1,1
高三上学期重庆数学,1,1
高三上学期重庆数学名校,14,1
高三上学期重庆数学名校模考,3,1
高三上学期重庆物理名校模考,5,1
高三上学期重庆物理开学考,8,1
高三上学期阶段检测,1,1
高三上开学考天一,1,1
高三上开学考试,3,1
高三上开学考试卷沈阳,1,1
高三上数学,1,1
高三上数学一检,6,1
高三上数学东北育才,2,1
高三上数学大连24,1,1
高三上数学大连8中,1,1
高三上数学大连育明,1,1
高三上数学开学,4,1
高三上数学期末,17,1
高三上数学辽宁省实验中学,1,1
高三上数学鞍山一中,2,1
高三上暑假数学检测,1,1
高三上期中,3,1
高三上期中生物试卷,2,1
高三上期末化学试卷,3,1
高三上期末物理试卷,2,1
高三上期末生物试卷,5,1
高三上期末西城试卷,1,1
高三上福州质检数学,1,1
高三上福建省质检数学2026,3,1
高三上第一次月考,7,1
高三上英语试卷,1,1
高三上质检数学2026,2,1
高三下入学考,9,1
高三下册 I 直击高考总复习2027英语答案,3,1
高三不等式,1,1
高三专题复习,1,1
高三九月,7,1
高三九月份考试,6,1
高三九月分,1,1
高三二零二六十月月考重庆一中,2,1
高三五月大练兵,5,1
高三五月（二）数学,1,1
高三人教英语,2,1
高三八月开学考,17,1
高三力学,2,1
高三力学讲义,4,1
高三化学2026一轮复习实验,3,1
高三化学与生活,7,1
高三化学专题复习,5,1
高三化学专题实验,9,1
高三化学工业流程题,3,1
高三化学提纲,1,1
高三化学摸底,2,1
高三化学有机人教版,5,1
高三化学模考,7,1
高三化学江苏临门一脚,9,1
高三化学江苏考前热身,1,1
高三化学物质的组成,2,1
高三化学用语,5,1
高三化学考,7,1
高三化学考化学,6,1
高三化学试卷,4,1
高三单词默写,2,1
高三单词默写英语,8,1
高三单词默写英语空白表,1,1
高三历史辅导资料一 高考历史材料题 术语转化汇总,6,1
高三古诗词积累,2,1
高三吉林省内六校联盟联考,1,1
高三听力专练英语,3,1
高三听力英语,2,1
高三和平一模 数学,1,1
高三地理一轮复习,3,1
高三地理摸底考,5,1
高三地理精诚联盟5月考试,7,1
高三地理金城联盟5月考试,1,1
高三复习 2025 一轮复习,6,1
高三复习 2026 一轮复习,6,1
高三夏梦迪,1,1
高三天津滨海,1,1
高三天津滨海新期末,1,1
高三安徽物理开学考,1,1
高三安徽蚌埠市开学考试数学2026,4,1
高三安徽蚌埠市调研考试数学2026,1,1
高三完形填空,4,1
高三年级调研测试日语,25,1
高三开学,4,1
高三开学摸底考试数学青岛,1,1
高三开学考9月安徽,3,1
高三开学考。,2,1
高三开学考天一2026,1,1
高三开学考天一2026安徽,1,1
高三开学考数学 第一学期,23,1
高三开学考物理重庆,6,1
高三开学考试,12,1
高三开学考试试卷,1,1
高三开学考重庆sx,1,1
高三开学考重庆化学,8,1
高三开学考重庆数学,9,1
高三开学考重庆生物,8,1
高三必备3500词乱序,1,1
高三必背3500词乱序,1,1
高三总复习,1,1
高三总复习核心考点,3,1
高三扬州中学数学自主,2,1
高三摸底,6,1
高三摸底考试,5,1
高三政治经济与社会,3,1
高三政治经济类大题,4,1
高三数学一模,4,1
高三数学一轮复习专题,5,1
高三数学一轮复习讲义,14,1
高三数学三模,5,1
高三数学专项复习,7,1
高三数学专题,1,1
高三数学专题导数,1,1
高三数学二轮18天专项突破集训,3,1
高三数学公式,3,1
高三数学卷,2,1
高三数学四省联考,1,1
高三数学复习,3,1
高三数学学业水平摸底测试,4,1
高三数学学案,8,1
高三数学导学案,2,1
高三数学摸底,15,1
高三数学模拟卷,14,1
高三数学模拟题,37,1
高三数学江苏临门一脚,5,1
高三数学真题,1,1
高三数学知识点江苏。整理一轮复习,1,1
高三数学第1次检测卷,1,1
高三数学联考,7,1
高三数学计算,1,1
高三数学辽宁,1,1
高三数学高考真题,2,1
高三新起点老师,11,1
高三暑期,1,1
高三曲靖,1,1
高三期初学情调研镇江市,16,1
高三期初数学,1,1
高三期初镇江,4,1
高三期初镇江物理,5,1
高三期末,10,1
高三杭州一模 2026,6,1
高三杭州二模数学,3,1
高三检验,2,1
高三模拟卷天津数学,1,1
高三模拟完形填空,5,1
高三模拟语文,2,1
高三模考卷,3,1
高三江南十校化学第一次联考,4,1
高三泉州英语卷,4,1
高三浙c联盟数学考试,8,1
高三浙江,3,1
高三深圳一模,5,1
高三湖南英语模拟,4,1
高三物理一模,2,1
高三物理一轮复习试卷,3,1
高三物理入门摸底卷（基础版）,3,1
高三物理力学专题复习,3,1
高三物理力学讲义,1,1
高三物理压轴题,4,1
高三物理复习一轮,2,1
高三物理江苏临门一脚,9,1
高三理科数学卷,32,1
高三生物 浙江,1,1
高三生物9月月考卷,1,1
高三生物一轮 有丝分裂和减数分裂对比基础专题卷 含孟德尔遗传题,1,1
高三生物一轮复习 必修一 课时通关基础卷 人教版新高考 含答案解析 无真题,8,1
高三生物一轮复习染色体变异专题训练,5,1
高三生物一轮复习进化专题,2,1
高三生物期末考试卷,3,1
高三生物综合卷,8,1
高三福州质检数学,3,1
高三福建省质检数学2026,2,1
高三第一次摸底考试,3,1
高三第一轮复习数学,1,1
高三第一轮复习数学新疆,2,1
高三统练,3,1
高三联,3,1
高三联盟,5,1
高三联考卷,1,1
高三联考卷八省联考,3,1
高三联考数学浙江,2,1
高三英语24年8月质检,3,1
高三英语优秀范文,4,1
高三英语八省联考试卷,9,1
高三英语名校联考试卷,17,1
高三英语听力,1,1
高三英语复习,6,1
高三英语复习一轮,7,1
高三英语定语从句天津,2,1
高三英语开学考,1,1
高三英语摸底,25,1
高三英语暑假练习五,1,1
高三英语期末考试卷黑吉辽,4,1
高三英语长难句,1,1
高三英语长难句山西,4,1
高三英语阅读,2,1
高三英语阅读春考,1,1
高三英语阅读理解一轮复习,2,1
高三英语阅读理解，Abcd片都要有,3,1
高三英语阅读理解，Abcd都要有,1,1
高三译林版英语词汇,4,1
高三试卷，语文,3,1
高三语文古诗文默写,14,1
高三语文学易金卷,3,1
高三语文摸底考,5,1
高三语文理解性默写拔高吉林高考60天,2,1
高三语文病句课件,2,1
高三语文试卷2026,1,1
高三语文试卷2026湖北武汉,3,1
高三语文预测,6,1
高三语法填空,1,1
高三调研,2,1
高三调研考试数学,1,1
高三调研考试数学2026,3,1
高三质检卷,2,1
高三质检卷福建,12,1
高三质检卷福建化学,4,1
高三质检卷福建英语,5,1
高三起初,2,1
高三起点考,2,1
高三返校考,2,1
高三零诊,1,1
高三零诊化学成都,8,1
高三预测,1,1
高三黄冈九调,1,1
高中 1必修1 2人教版,1,1
高中 1必修1化学第一章,10,1
高中 1必修1数学人教版第一次月考,6,1
高中 1必修1数学广州卷,3,1
高中 1必修1数学第二章,10,1
高中 1必修1阅读完形专项,1,1
高中 1必修1阅读完形专项英语,2,1
高中 1必修1阅读完形专项英语外研社,1,1
高中 1必修1阅读完形专项英语外研社月考,1,1
高中 一元二次方程求根范围,4,1
高中 化学 公式大全,1,1
高中 化学 公式大全汇总2026届,1,1
高中 化学1必修1,4,1
高中 化学必背化学方程式,2,1
高中 地理 01 一轮复习 专题训练,3,1
高中 地理 知识默写,4,1
高中 地理 知识默写岩石圈,2,1
高中 地理025一轮复习,2,1
高中 开学考,2,1
高中 政治025一轮复习必修二,1,1
高中 政治025一轮复习必修二湖北,4,1
高中 政治025一轮复习必修四,1,1
高中 数学,1,1
高中 数学 1 一轮复习,2,1
高中 数学 1 一轮复习基础版函数,1,1
高中 数学 1 一轮复习基础版函数定义域,2,1
高中 数学 不等式与一元二次方程,3,1
高中 数学 复习直线,2,1
高中 数学 复习直线题,4,1
高中 数理化二级结论,2,1
高中 物理 公式大全汇总2026届,3,1
高中 物理 牛顿第二定律,2,1
高中 物理 牛顿第二定律链接体,1,1
高中 生物,1,1
高中 生物 1 必修1 必备 知识点,6,1
高中 生物 1 必修1 必备 知识点背诵,6,1
高中 生物 1 必修1试卷,1,1
高中 生物天津,3,1
高中 病句 2026练习,1,1
高中 英语,1,1
高中 英语 单词按课本顺序,1,1
高中 英语 高频词背记版,4,1
高中 英语语法填空2026专项练习,3,1
高中 语文1必修1 基础知识,4,1
高中 语文1必修1 理解性默写,1,1
高中 语文1必修1 理解性默写琵琶行,1,1
高中 语法填空2026专项练习,4,1
高中10月考,1,1
高中120个文言诗词,9,1
高中3500 词汇,4,1
高中3500 词汇背诵word版,4,1
高中3500 词汇背诵word版带音标,3,1
高中3500单词,2,1
高中3500词,1,1
高中3600百词汇总,4,1
高中3600词汇,6,1
高中4000词,1,1
高中7选5,6,1
高中7选5记叙文,5,1
高中一元二次方程,4,1
高中一年级教学质量测试,9,1
高中一年级教学质量测试入学,1,1
高中一课一练,2,1
高中一轮复习2027化学专题,22,1
高中一轮复习2027化学专题离子共存,4,1
高中一轮复习2027化学专题离子方程式,1,1
高中一轮复习2027数学,2,1
高中一轮复习2027数学专题,20,1
高中一轮复习专题三点共线，四点共面,6,1
高中一轮复习数学题100道基础。,3,1
高中一轮复习生物,7,1
高中一轮复习贵州,3,1
高中一轮物理力学专题复习,3,1
高中一轮物理力学专题复习安徽,2,1
高中三年级化学期初调研检测3,20,1
高中三年英语单词,2,1
高中三模化学广东,2,1
高中三模数学广东,5,1
高中三模物理广东,7,1
高中三角函数,1,1
高中三角函数一轮复习,9,1
高中三角函数专项练习,5,1
高中专练,1,1
高中中外历史纲要（上）第二单元练习题,1,1
高中中外历史纲要（上）第六课练习题,3,1
高中乱序英语单词,2,1
高中人教版公式大全,5,1
高中人教版历史纲要上,1,1
高中人教版语文必读名著,1,1
高中会考语文,2,1
高中作文,3,1
高中作文题目,7,1
高中光学复习,1,1
高中入学测试,1,1
高中全国二,1,1
高中全程学习导与练,9,1
高中函数单调性与奇偶性大题,1,1
高中函数周期性,3,1
高中函数基础题,1,1
高中函数奇偶性,2,1
高中函数测试,1,1
高中分班考试卷,1,1
高中力学突变,1,1
高中力方向分析,1,1
高中动量,6,1
高中化学,12,1
高中化学 方程式 202 5必考化学方程式大全总结,4,1
高中化学 方程式化学方程式大全总结,2,1
高中化学 知识点 2026高考知识点每日背诵,2,1
高中化学 第一次月考,1,1
高中化学 第一章物质的组成 性质和转化,1,1
高中化学一轮复习必背知识点,4,1
高中化学上学期 第一次月考,8,1
高中化学二级结论,1,1
高中化学元素性质总结,6,1
高中化学化合物,4,1
高中化学基础,2,1
高中化学学考,3,1
高中化学实验,3,1
高中化学实验大题,1,1
高中化学实验装置,4,1
高中化学工业制取,6,1
高中化学工艺流程试卷,5,1
高中化学常见实验仪器的图片名字和用途,1,1
高中化学常见实验仪器讲义,2,1
高中化学式,1,1
高中化学必修一,1,1
高中化学必修一必背知识点,2,1
高中化学必修一氮,1,1
高中化学必修一氮元素,1,1
高中化学必修一知识点总结,4,1
高中化学必修二必背知识点,1,1
高中化学必修二方程式,1,1
高中化学必修二方程式大全,1,1
高中化学有机,5,1
高中化学有机ppt,1,1
高中化学有机选择,2,1
高中化学氧化还原,4,1
高中化学氧化还原反应专题练习,2,1
高中化学物质的分类,1,1
高中化学知识清单,1,1
高中化学知识点,2,1
高中化学知识点总结完整版,8,1
高中化学离子方程式,8,1
高中化学竞赛,6,1
高中化学竞赛2025年真题,1,1
高中化学考试,1,1
高中化学计算题,4,1
高中化学选修一,2,1
高中化学选修一盐类的水解,6,1
高中化学默写,1,1
高中化工流程,2,1
高中化工流程专题,2,1
高中十月月考,5,1
高中协作校,5,1
高中单词,5,1
高中单词3500,1,1
高中单词3500汇总,4,1
高中单词默写训练,2,1
高中单词默写训练译林版20232024,2,1
高中历史大事年表,4,1
高中历史大题答题方法与技巧,1,1
高中历史必修一第二单元练习题,8,1
高中历史总复习手册,2,1
高中历史知识清单,2,1
高中历史知识点归纳,5,1
高中历史纲要上第15课课时练,1,1
高中受力分析专题,1,1
高中口算题,2,1
高中古诗文,1,1
高中古诗文必背,1,1
高中古诗文背诵,6,1
高中名校联盟,1,1
高中听力,1,1
高中哈尔滨,3,1
高中地理地球上的水及其运动专题,12,1
高中地理地貌,4,1
高中地理天利三十八套,1,1
高中地理知识点,5,1
高中地理知识点默写,12,1
高中地理综合试卷,3,1
高中地理自然灾害知识点,4,1
高中地理选修一期中练习上学期湘教版,3,1
高中地理选修一期中练习上学期湘教版山西,7,1
高中地理选修一期中练习湘教版,7,1
高中地理选修一第一章地球的运动练习湘教版,11,1
高中地理选修一第一章练习湘教版,2,1
高中地理选修一第二章岩石圈与地表形态练习湘教版,8,1
高中地理选择性必修一,1,1
高中地理选择性必修一学习视频,6,1
高中地理选择性必修一期中练习上学期湘教版山西,19,1
高中地理选择性必修一期中练习上学期湘教版山西范围选择性必修一第一到三章,9,1
高中地理默写,2,1
高中基础题,2,1
高中外研版选择性必修一二单词表,6,1
高中字帖,1,1
高中学业信息试卷,1,1
高中学业信息试卷安徽,1,1
高中学业水平合格性考,2,1
高中学业水平合格性考试数学,4,1
高中学考卷,4,1
高中实词,3,1
高中实验中学,8,1
高中平面向量,5,1
高中广西专用英语,1,1
高中开学考,1,1
高中必修一人教版英语第1单元默写,10,1
高中必修一人教版词汇表,2,1
高中必修一函数题型,3,1
高中必修一匀变速,3,1
高中必修一化学期末试卷教辅,1,1
高中必修一思想政治专题训练选择题,4,1
高中必修一数学1.2集合间的基本关系,10,1
高中必修一数学人教版函数题,1,1
高中必修一数学函数题,1,1
高中必修一数学第一二章卷子,6,1
高中必修一最后一章,1,1
高中必修一期中考试,1,1
高中必修一期中考试 山东临沂数学,7,1
高中必修一期中考试 山东临沂物理,3,1
高中必修一期中考试山东,1,1
高中必修一期中考试山东临沂,1,1
高中必修一英语词汇人教版,3,1
高中必修一语文第一次月考,9,1
高中必修一，二英语单词,1,1
高中必修三物理,4,1
高中必修三英语精准讲练答案,6,1
高中必修二数学直线与圆的位置知识点,3,1
高中必修二数学知识点,1,1
高中必修二英语unit 1 课时练习,2,1
高中必修二英语同步练习,1,1
高中必刷卷,1,1
高中必刷题,1,1
高中必刷题 2026电子版,5,1
高中必备古诗文72篇原文,5,1
高中必备古诗文背诵汇总,1,1
高中必备英语3500,1,1
高中必备英语3500单词汉译英英译汉,2,1
高中必背145个化学方程式,5,1
高中必背3500词乱序,4,1
高中必背化学式,4,1
高中必背化学方程式,1,1
高中必背单词3500英语,1,1
高中必背古诗词,11,1
高中必背英语单词,4,1
高中思想政治学考复习专项提升,1,1
高中总复习手册 生物学 一轮 2025修订 山东专用,5,1
高中总复习手册化学,4,1
高中总复习手册英语济南出版社山东,7,1
高中所以函数图像,1,1
高中所有函数图像,1,1
高中所有函数图像总结,1,1
高中提前招生试卷,3,1
高中摩擦力分析,1,1
高中摩擦力方向分析,5,1
高中政治一轮复习,1,1
高中政治七本书思维导图,2,1
高中政治哲学主观题,9,1
高中政治必修1-4综合测试卷,9,1
高中政治必修一,2,1
高中政治必修一 书本,1,1
高中政治必修一一轮复习,4,1
高中政治必修一第二课只有社会主义才能救中国第一框近代中国的探索复兴之路练习,1,1
高中政治必修一第二课只有社会主义才能救中国练习题,1,1
高中政治必修一高考真题,5,1
高中政治必修三大题模板,6,1
高中政治必修三思维导图,3,1
高中政治必修四哲学与文化前三个单元练习题,1,1
高中政治必修四哲学与文化前三个单元综合练习题,8,1
高中政治必修四哲学与文化期中练习题,13,1
高中政治必修四哲学与文化期中练习题上学期 学易金卷,4,1
高中政治必修四课时练习第二课,5,1
高中政治必修四课本,4,1
高中政治必须4思维导图,1,1
高中政治教学课件,4,1
高中政治易错点,9,1
高中政治背诵清单,1,1
高中政治逻辑专题卷,6,1
高中数列基础题专项训练,2,1
高中数学,4,1
高中数学 集合 交并补运算 基础小题 高考,4,1
高中数学A版 必修一必修二综合检测卷,1,1
高中数学A版 辛集市第一中学真题,5,1
高中数学A版 辛集市育才中学真题,2,1
高中数学A版 选择性必修一第一章真题,1,1
高中数学一模,4,1
高中数学一轮函数专题,1,1
高中数学一轮复习专题,2,1
高中数学一遍过电子版,2,1
高中数学三模,1,1
高中数学三角函数,5,1
高中数学三角函数W的取值范围,9,1
高中数学三角函数根,1,1
高中数学专练,1,1
高中数学专题训练,8,1
高中数学人教A版必修第一册第二章综合检测卷,1,1
高中数学人教b版 书后习题答案 必修一,4,1
高中数学人教b版 书后习题答案 必修一，必修三，必修四 选必二,2,1
高中数学人教版必修三教材,1,1
高中数学人教版必修第一册第一章综合检测卷培优B卷,1,1
高中数学公式大全,3,1
高中数学几何,2,1
高中数学几何大题,13,1
高中数学函数专题,4,1
高中数学函数专题卷,2,1
高中数学函数图像,2,1
高中数学函数奇偶性,2,1
高中数学函数概念及其性质,9,1
高中数学函数解析式,2,1
高中数学单元测试第二章直线和圆的方程适合出适适中版02,1,1
高中数学卷,11,1
高中数学各项大题分类,4,1
高中数学向量模块,4,1
高中数学周期性与对称性,1,1
高中数学四心,1,1
高中数学四心苏教版,3,1
高中数学基本不等式,6,1
高中数学学考卷子,1,1
高中数学导数压轴题,4,1
高中数学导数同构问题,3,1
高中数学导数复习,2,1
高中数学平行向量,4,1
高中数学必修一B版 课后题答案,3,1
高中数学必修一函数,9,1
高中数学必修一第1单元单元检测,4,1
高中数学必修一第一二章章末检测卷,1,1
高中数学必修一第一章第二章综合检测,5,1
高中数学必修一第二章测试题,7,1
高中数学必修一集合,3,1
高中数学必修二整本综合测试卷,4,1
高中数学必修二综合卷,6,1
高中数学必修二综合测试卷,1,1
高中数学必背结论,2,1
高中数学抽象函数专题,4,1
高中数学教材,3,1
高中数学数列压轴题,3,1
高中数学数列试题,3,1
高中数学直线方程,5,1
高中数学真题,1,1
高中数学知识总结,1,1
高中数学知识点,2,1
高中数学空间向量与立体几何,1,1
高中数学空间向量与立体几何学霸必备讲义,2,1
高中数学空间向量与立体几何讲义,1,1
高中数学立体几何,1,1
高中数学竞赛 2026年,2,1
高中数学竞赛 2026年初赛真题,1,1
高中数学竞赛 2026年浙江,1,1
高中数学第三章,2,1
高中数学联赛一二试,3,1
高中数学联赛一试数学,5,1
高中数学联赛湖北赛区一二试,1,1
高中数学联赛试题,2,1
高中数学视频网课,2,1
高中数学解三角形基础训练,2,1
高中数学解析几何压轴题,1,1
高中数学解析几何小题压轴题,3,1
高中数学计算题,3,1
高中数学计算题试卷,2,1
高中数学试卷高三,1,1
高中数学试卷高三湖南,3,1
高中数学试卷高三湖南怀化简单,2,1
高中数学试卷高三湖南简单,2,1
高中数学课后习题（人教A版）,9,1
高中数学课本例题和课后习题汇编,1,1
高中数学课本答案,3,1
高中数学选修一,9,1
高中数学选修一人教版,1,1
高中数学选修一人教版教案,2,1
高中数学选修一北师大课件,1,1
高中数学选必一同步基础练,3,1
高中数学选必一同步基础练2.3.1,1,1
高中数学选必一同步基础练两直线的交点坐标,4,1
高中数学集合,2,1
高中数学集合检测卷,2,1
高中数学集合试卷,4,1
高中数学题型大归纳高分必备大通关,1,1
高中文言文,1,1
高中文言文 100篇专项训练,3,1
高中文言文四大特殊句式专项练习（判断、被动、省略、倒装）,15,1
高中新课标3500词 音标+词性+释义,1,1
高中新课标人教版课文单词录音,1,1
高中时态语态讲义,4,1
高中暑假作业,2,1
高中暑假作业安徽,1,1
高中暑假作业安徽教育出版社,1,1
高中有机化学,3,1
高中有机化学专项练习题,7,1
高中概率压轴大题,8,1
高中海南数学期末试卷,3,1
高中海南数学期末试卷高二期末,4,1
高中湖南物理答题卡,1,1
高中物理2级结论,4,1
高中物理一轮复习专题,1,1
高中物理一轮复习专题滑轮,11,1
高中物理一轮复习课件,1,1
高中物理万用表,1,1
高中物理专题机械能守恒定律及其应用,1,1
高中物理二级公式,4,1
高中物理传送带,2,1
高中物理传送带板块,1,1
高中物理光热,4,1
高中物理全套一轮复习资料,5,1
高中物理公式,5,1
高中物理公式大全,2,1
高中物理初赛,1,1
高中物理力学专项训练题（打印专用版） 高中物理力学专项训练题（打印专用） （适合高一期末、高三一轮复习） 一、单项选择题（共 10 题） 1. 下列关于弹力、摩擦力说法正确的是（） A. 接触的物体之间一定存在弹力 B. 有弹力一定有摩擦力 C. 滑动摩擦力方向一定与物体运动方向相反 D. 静摩擦力可以充当动力 2. 物体受三个共点力作用，能使物体平衡的是（） A. 3N、4N、8N B. 5N、7N、9N C. 1N、5N、7N D. 2N、4N、7N 3. 质量为 m 的物体静止在倾角为 θ 的斜面上，斜面对物体的支持力大小为（） A. $$mg$$ B. $$mg\sin\theta$$ C. $$mg\cos\theta$$ D. $$mg\tan\theta$$ 4. 关于牛顿第一定律，下列说法正确的是（） A. 牛顿第一定律是实验定律 B. 速度越大惯性越大 C. 力是维持物体运动的原因 D. 力是改变物体运动状态的原因 5. 质量相同的 A、B 两物体，A 置于光滑水平面，B 置于粗糙水平面，用相同水平恒力 F 拉动相同位移，则（） A. A 加速度更大 B. B 加速度更大 C. 两物体加速度相等 D. 无法比较 6. 轻绳悬挂小球，小车向右加速运动，小球偏离竖直方向 θ 角，重力加速度为 g，则小车加速度大小为（） A. $$g\sin\theta$$ B. $$g\cos\theta$$ C. $$g\tan\theta$$ D. $$\dfrac{g}{\tan\theta}$$ 7. 不计空气阻力，关于平抛运动说法正确的是（） A. 速度大小保持不变 B. 加速度恒定不变 C. 水平方向匀减速直线运动 D. 竖直方向匀速运动 8. 匀速圆周运动中，保持不变的物理量是（） A. 线速度 B. 角速度 C. 向心加速度 D. 向心力 9. 行星绕太阳做匀速圆周运动，若轨道半径变大，则（） A. 线速度变大 B. 角速度变大 C. 周期变大 D. 向心加速度变大 10. 关于超重和失重，下列说法正确的是（） A. 物体向上运动一定超重 B. 物体向下运动一定失重 C. 加速度向上，物体处于超重状态 D. 失重就是物体重力变小  --- 二、计算题（共 6 道大题） （$$g=10\mathrm{m/s^2}，\sin37^\circ=0.6，\cos37^\circ=0.8$$） 1. 共点力平衡 质量$$m=10\mathrm{kg}$$的物体，在倾角$$\theta=37^\circ$$的粗糙斜面上匀速下滑。 求： （1）物体受到的滑动摩擦力大小； （2）物体与斜面间的动摩擦因数$$\mu$$。 2. 牛顿第二定律单体问题 质量$$m=2\mathrm{kg}$$的物块置于水平地面，动摩擦因数$$\mu=0.2$$，施加水平拉力$$F=10\mathrm{N}$$。 求： （1）物块的加速度大小； （2）物块由静止开始运动，4s 末的速度大小。 3. 连接体模型 光滑水平面上，$$m_1=3\mathrm{kg}$$、$$m_2=2\mathrm{kg}$$两物体紧靠在一起，用水平外力$$F=15\mathrm{N}$$推动$$m_1$$。 求： （1）整体的加速度大小； （2）$$m_1$$对$$m_2$$的弹力大小。 4. 板块模型 质量$$M=4\mathrm{kg}$$的木板静止在光滑水平面上，木板上放置质量$$m=1\mathrm{kg}$$的物块，物块与木板间动摩擦因数$$\mu=0.2$$，用$$F=5\mathrm{N}$$的水平拉力拉动物块。 求： （1）判断物块与木板是否发生相对滑动； （2）物块和木板各自的加速度大小。 5. 平抛运动 小球以初速度$$v_0=10\mathrm{m/s}$$水平抛出，抛出点距地面高度$$h=5\mathrm{m}$$。 求： （1）小球在空中的运动时间； （2）小球的水平位移大小； （3）小球落地瞬间的竖直分速度。 6. 天体运动 已知地球质量为$$M$$，万有引力常量为$$G$$，近地卫星轨道半径近似等于地球半径$$R$$。 求： （1）地球第一宇宙速度的表达式； （2）近地卫星运行周期的表达式。  --- （此处空白，用于答题）  --- 参考答案（单独分页） 一、选择题答案 1.D  2.B  3.C  4.D  5.A 6.C  7.B  8.B  9.C  10.C 二、计算题详细解答 1. 斜面平衡问题 匀速下滑受力平衡： 沿斜面：$$mg\sin\theta=f$$ $$f=10\times10\times0.6=\boldsymbol{60\mathrm{N}}$$ 垂直斜面：$$N=mg\cos\theta=80\mathrm{N}$$ 由$$f=\mu N$$，得：$$\mu=\dfrac{f}{N}=\dfrac{60}{80}=\boldsymbol{0.75}$$ 2. 单体牛顿定律 滑动摩擦力：$$f=\mu mg=0.2\times2\times10=4\mathrm{N}$$ 由牛顿第二定律：$$F-f=ma$$ $$a=\dfrac{10-4}{2}=\boldsymbol{3\mathrm{m/s^2}}$$ 4s 末速度：$$v=at=3\times4=\boldsymbol{12\mathrm{m/s}}$$ 3. 连接体问题 整体受力：$$F=(m_1+m_2)a$$ $$a=\dfrac{15}{3+2}=\boldsymbol{3\mathrm{m/s^2}}$$ 对$$m_2$$受力分析：$$N=m_2a=2\times3=\boldsymbol{6\mathrm{N}}$$ 4. 板块模型 木板最大加速度：$$a_M=\dfrac{\mu mg}{M}=\dfrac{2}{4}=0.5\mathrm{m/s^2}$$ 若共速加速度：$$a_{\text{共}}=\dfrac{F}{M+m}=1\mathrm{m/s^2}$$ $$a_{\text{共}}>a_M$$，两者相对滑动 物块加速度：$$F-\mu mg=ma_m \Rightarrow a_m=\boldsymbol{3\mathrm{m/s^2}}$$ 木板加速度：$$a_M=\boldsymbol{0.5\mathrm{m/s^2}}$$ 5. 平抛运动 竖直方向：$$h=\dfrac{1}{2}gt^2$$ $$t=\sqrt{\dfrac{2h}{g}}=\boldsymbol{1\mathrm{s}}$$ 水平位移：$$x=v_0t=\boldsymbol{10\mathrm{m}}$$ 竖直分速度：$$v_y=gt=\boldsymbol{10\mathrm{m/s}}$$ 6. 天体运动 万有引力提供向心力： （1）$$G\dfrac{Mm}{R^2}=m\dfrac{v^2}{R}$$，得第一宇宙速度：$$\boldsymbol{v=\sqrt{\dfrac{GM}{R}}}$$ （2）$$G\dfrac{Mm}{R^2}=m\dfrac{4\pi^2}{T^2}R$$，得周期：$$\boldsymbol{T=2\pi R\sqrt{\dfrac{R}{GM}}}$$,1,1
高中物理力学专题,1,1
高中物理力学专题卷,41,1
高中物理力学专题复习,3,1
高中物理力学百题练,1,1
高中物理力学难题,6,1
高中物理加速度,7,1
高中物理加速度练习,4,1
高中物理动量,7,1
高中物理动量大题专练,5,1
高中物理动量守恒定律综合题,1,1
高中物理匀速直线运动,3,1
高中物理受力分析,2,1
高中物理受力分析强化练习,7,1
高中物理基础题,4,1
高中物理奥林匹克竞赛,2,1
高中物理安培力,1,1
高中物理安培力试卷,3,1
高中物理常见仪器读数,1,1
高中物理必修3,1,1
高中物理必修一,1,1
高中物理必修一公式默写表,3,1
高中物理必修一教师用书,3,1
高中物理必修一第一,3,1
高中物理必修一第一二章检测题,1,1
高中物理必修一第一册第三章相互作用力,5,1
高中物理必修一第一单元,4,1
高中物理必修一第一章检测题,1,1
高中物理必修一课件,5,1
高中物理必修一运动学检测,2,1
高中物理必修三书十三章,7,1
高中物理必修三小题,5,1
高中物理必修二,3,1
高中物理必备80个知识点,1,1
高中物理所有实验,5,1
高中物理所有实验内容,12,1
高中物理教材,4,1
高中物理教辅书,3,1
高中物理板块模型,1,1
高中物理模型108个模型总结,5,1
高中物理模型模型,6,1
高中物理模型模型总结,11,1
高中物理波的衍射和干涉,1,1
高中物理波的衍射和干涉练习题,11,1
高中物理洛伦兹力,5,1
高中物理洛伦兹力试卷,8,1
高中物理电学实验习题专题强化,4,1
高中物理电学小题,2,1
高中物理电磁学,1,1
高中物理电磁学复习讲义,1,1
高中物理电磁感应专题,4,1
高中物理电磁波,3,1
高中物理竞赛力学,3,1
高中物理竞赛模型模型总结,4,1
高中物理竞赛题,2,1
高中物理第十章章末综合检测,1,1
高中物理答题卡,3,1
高中物理答题卡通用,4,1
高中物理结论,4,1
高中物理综合卷,1,1
高中物理联赛,2,1
高中物理能量,1,1
高中物理课件,3,1
高中物理运动专题,1,1
高中物理运动学综合,2,1
高中物理运动的描述试卷,4,1
高中物理选修一必刷题第四章,1,1
高中物理选修一第三章,1,1
高中物理选修运动和力的关系。,5,1
高中物理选择性必修一图像,4,1
高中物理选择性必修一电势图像,7,1
高中物理选择性必修三,1,1
高中物理选择性必修四,1,1
高中物理长木板小滑块,3,1
高中物理静电场习题,3,1
高中物理高一,4,1
高中生物,5,1
高中生物书,3,1
高中生物体液调节复习讲义,1,1
高中生物体液调节，免疫调节,2,1
高中生物光合作用,2,1
高中生物变异,1,1
高中生物基因,1,1
高中生物必修一专题练习,3,1
高中生物必修一大全,4,1
高中生物必修一思维导图,2,1
高中生物必修一知识点大全,1,1
高中生物必修一练习,1,1
高中生物必修一蛋白质,1,1
高中生物必修一课本习题,4,1
高中生物必修二 一轮复习遗传,2,1
高中生物必修二 一轮复习遗传人教版,3,1
高中生物生态,1,1
